step,loss,loss_tau_ref,gap,gap_ratio,ff,fp,tp,cross_batch,hf_rows_consumed,synth_rows_consumed,mixup_applied,r2_random,r2_naive,u_temporal,u_batch,auc,top1,top3,cpc_aux,sigreg_e,sigreg_h,u_temporal_e,u_batch_e,u_batchtime,u_batchtime_e
100200,21.053529739379883,34.03925323486328,-0.07763281464576721,1.1561842156226845,0.42530789971351624,0.5029407143592834,0.8576188683509827,0.4191688597202301,6412800,0,1,-3.2266292572021484,-3.0432071685791016,0.021181123331189156,0.02118469402194023,0.49627894163131714,0.004070556256920099,0.010854816995561123,,0.02415257692337036,0.9182177186012268,0.015647346153855324,0.015648439526557922,0.021175511181354523,0.015648463740944862
100400,19.588130950927734,34.444210052490234,-0.08165526390075684,1.1258002508203269,0.2692580819129944,0.3509133458137512,0.8113837242126465,0.2649232745170593,6425600,0,0,-2.837313413619995,-2.8790786266326904,0.023591341450810432,0.023588715121150017,0.5019757151603699,0.0029850746504962444,0.009769335389137268,,0.0067694480530917645,0.5889787077903748,0.015695923939347267,0.015696169808506966,0.023597706109285355,0.01569605991244316
100600,20.20136833190918,34.88265609741211,-0.030865997076034546,1.0442171175397428,0.27107861638069153,0.3019446134567261,0.9253833293914795,0.26661577820777893,6438400,0,0,-8.93072509765625,-8.784170150756836,0.018241550773382187,0.018242426216602325,0.5022881627082825,0.0054274084977805614,0.01329715084284544,,0.00702633336186409,0.48103588819503784,0.015749912708997726,0.01575148105621338,0.01824203133583069,0.015751056373119354
100800,17.873628616333008,35.0831298828125,-0.052466973662376404,1.065462158882747,0.14604748785495758,0.19851446151733398,0.8375399708747864,0.14405417442321777,6451200,0,1,-4.363071441650391,-4.263663291931152,0.022192854434251785,0.022195901721715927,0.4987952709197998,0.002442333847284317,0.011397558264434338,,0.004081456456333399,0.4020649194717407,0.015850912779569626,0.015849720686674118,0.02219098061323166,0.01585051789879799
101000,16.919824600219727,34.82654571533203,-0.0442550340667367,1.0441946419733363,-0.045621536672115326,-0.0013665026053786278,0.8377012610435486,-0.0453721322119236,6464000,0,1,-5.521295070648193,-5.451963901519775,0.0222273338586092,0.022259915247559547,0.49762967228889465,0.003256445284932852,0.008412483148276806,,0.018716365098953247,0.21555852890014648,0.01567603461444378,0.015677105635404587,0.022256886586546898,0.015676885843276978
101200,18.841716766357422,33.73944091796875,-0.10918810963630676,1.1556322754869413,0.18923434615135193,0.2984224557876587,0.7337435483932495,0.18659096956253052,6476800,0,0,-2.109049081802368,-2.0494866371154785,0.028601279482245445,0.02859809622168541,0.5005972385406494,0.005970149300992489,0.012483039870858192,,0.024544071406126022,0.5247455835342407,0.015705788508057594,0.015706460922956467,0.028575118631124496,0.015707161277532578
101400,19.377870559692383,34.67399215698242,-0.041600316762924194,1.0562407182921307,0.21871644258499146,0.26031675934791565,0.8561814427375793,0.21619726717472076,6489600,0,1,-4.804183483123779,-4.43992805480957,0.02124829776585102,0.02125013992190361,0.4962759017944336,0.003256445284932852,0.010040706023573875,,0.049150776118040085,0.28975778818130493,0.015641389414668083,0.0156412236392498,0.021243991330266,0.015641367062926292
101600,17.961103439331055,32.42851257324219,-0.10746642015874386,1.1182166356856698,-0.01652984879910946,0.0909365713596344,0.5751654505729675,-0.017179245129227638,6502400,0,0,-1.463388204574585,-1.3941431045532227,0.04588260129094124,0.04577072709798813,0.5028576850891113,0.003799186088144779,0.0127544105052948,,0.019855879247188568,0.1696656346321106,0.015651142224669456,0.01565176248550415,0.04588460549712181,0.015651773661375046
101800,21.139453887939453,33.455413818359375,-0.12871098518371582,1.2841379059886922,0.4183012843132019,0.5470122694969177,0.7876359820365906,0.41251593828201294,6515200,0,0,-1.8282158374786377,-1.7443554401397705,0.024886155501008034,0.024871312081813812,0.49766770005226135,0.004341926891356707,0.010854816995561123,,0.011983485892415047,0.8257147073745728,0.015698639675974846,0.015700174495577812,0.02484872192144394,0.0157000795006752
102000,22.7127628326416,36.247154235839844,-0.041485995054244995,1.032631495322868,-0.3128342628479004,-0.2713482677936554,0.7852166295051575,-0.30854883790016174,6528000,0,1,-5.331284523010254,-5.125883102416992,0.025180285796523094,0.02517586201429367,0.5007904767990112,0.003256445284932852,0.010312076658010483,,0.02327914535999298,0.12812350690364838,0.015678824856877327,0.015679189935326576,0.025167519226670265,0.015679338946938515
102200,20.179773330688477,33.975669860839844,-0.061422526836395264,1.1180060924640756,0.41807445883750916,0.4794969856739044,0.8313948512077332,0.4112734794616699,6540800,0,0,-2.4950573444366455,-2.456169843673706,0.02251362055540085,0.022510437294840813,0.5023776292800903,0.0035278156865388155,0.00949796475470066,,0.030771587044000626,0.523637056350708,0.015647614374756813,0.01564793288707733,0.02250373177230358,0.015647873282432556
102400,19.199249267578125,35.053096771240234,-0.061862677335739136,1.0906608850325443,0.25578486919403076,0.3176475465297699,0.8211449980735779,0.25257408618927,6553600,0,0,-3.193166732788086,-3.1663780212402344,0.0230796467512846,0.023072417825460434,0.4981755018234253,0.0021709634456783533,0.011940298601984978,,0.0059696221724152565,0.4855961203575134,0.015779193490743637,0.015780188143253326,0.023067671805620193,0.015779126435518265
102600,17.712390899658203,32.09087371826172,-0.11065927147865295,1.138065490426352,0.08784231543540955,0.1985015869140625,0.6283408999443054,0.08665087074041367,6566400,0,0,-1.4599018096923828,-1.4567842483520508,0.03896594047546387,0.03887159004807472,0.49941205978393555,0.004070556256920099,0.01112618762999773,,0.00855191145092249,0.16352175176143646,0.015753045678138733,0.015752429142594337,0.03895677626132965,0.015753062441945076
102800,18.307228088378906,32.754371643066406,-0.12049809098243713,1.1852272639293755,0.2289600372314453,0.34945812821388245,0.48650309443473816,0.22454982995986938,6579200,0,1,-0.507773756980896,-0.503239631652832,0.060616761445999146,0.06069637089967728,0.49899473786354065,0.0027137042488902807,0.009226595051586628,,0.0078033884055912495,0.14619304239749908,0.01568061113357544,0.01568146049976349,0.060289572924375534,0.015681620687246323
103000,21.073427200317383,34.15861129760742,-0.053066372871398926,1.1389343868326731,0.5649808645248413,0.6180472373962402,0.8694384694099426,0.5561454892158508,6592000,0,0,-2.3635716438293457,-2.3379499912261963,0.020604796707630157,0.020606424659490585,0.5069240927696228,0.004341926891356707,0.010854816995561123,,0.007579730823636055,0.7107787728309631,0.01581800915300846,0.01582091860473156,0.02059888280928135,0.01582038775086403
103200,20.18246078491211,33.8288688659668,-0.08054053783416748,1.1465178579367319,0.36976170539855957,0.45030224323272705,0.8107218742370605,0.36417248845100403,6604800,0,1,-2.382061243057251,-2.338731288909912,0.023586276918649673,0.023586496710777283,0.4964064061641693,0.0027137042488902807,0.00895522441715002,,0.023810315877199173,0.5537264347076416,0.01566063053905964,0.015661051496863365,0.023561742156744003,0.015660835430026054
103400,16.648334503173828,37.08116912841797,-0.07598885893821716,1.0607267249624377,-0.32731369137763977,-0.2513248324394226,0.7146154046058655,-0.3214666545391083,6617600,0,1,-3.476956844329834,-3.6661477088928223,0.031114399433135986,0.032350555062294006,0.49439066648483276,0.004613297525793314,0.011668928898870945,,0.005498682614415884,0.1273842304944992,0.01639673300087452,0.01639726012945175,0.032308146357536316,0.01640245132148266
103600,21.46388816833496,35.0385856628418,-0.034469977021217346,1.0479632047544685,0.24685458838939667,0.281324565410614,0.9394027590751648,0.2433737963438034,6630400,0,1,-11.673752784729004,-11.449378967285156,0.017694460228085518,0.017696043476462364,0.496746689081192,0.004341926891356707,0.010854816995561123,,0.014262683689594269,0.6814452409744263,0.015833038836717606,0.015834573656320572,0.017693834379315376,0.015835033729672432
103800,18.228851318359375,33.97998046875,-0.06176000460982323,1.0701116555150936,0.05735928937792778,0.11911929398775101,0.706082820892334,0.05469052493572235,6643200,0,1,-2.178879499435425,-2.2201225757598877,0.03076598048210144,0.030751876533031464,0.5019263625144958,0.003799186088144779,0.011397558264434338,,0.007765426300466061,0.14556759595870972,0.025562142953276634,0.02554791234433651,0.030800314620137215,0.02571992389857769
104000,19.500032424926758,34.55356216430664,-0.06323209404945374,1.0818834106434614,0.16454684734344482,0.22777894139289856,0.7538571953773499,0.16105692088603973,6656000,0,0,-2.3394088745117188,-2.4189000129699707,0.026935145258903503,0.0271560400724411,0.5009796023368835,0.004341926891356707,0.012211669236421585,,0.011573259718716145,0.2901725769042969,0.015852220356464386,0.015852337703108788,0.027075357735157013,0.015852030366659164
104200,20.200889587402344,34.17283630371094,-0.11570762097835541,1.1699349367531842,0.2033987194299698,0.3191063404083252,0.752479076385498,0.20022746920585632,6668800,0,0,-2.2050938606262207,-2.2243661880493164,0.027257325127720833,0.027255890890955925,0.5007226467132568,0.006784260738641024,0.014654003083705902,,0.019372859969735146,0.6311028599739075,0.015648694708943367,0.015648849308490753,0.027218537405133247,0.01564875617623329
104400,19.266199111938477,34.6046142578125,-0.07254853844642639,1.095633042854992,0.1688377410173416,0.241386279463768,0.8471648097038269,0.16635386645793915,6681600,0,0,-4.595788478851318,-4.447085857391357,0.021692505106329918,0.02169559895992279,0.497684121131897,0.003799186088144779,0.010583446361124516,,0.012939821928739548,0.6853547096252441,0.01564989611506462,0.015650350600481033,0.021691985428333282,0.015650436282157898
104600,18.25334930419922,33.91481399536133,-0.06305673718452454,1.073867506215956,0.0832967758178711,0.14635351300239563,0.7386614680290222,0.08216573297977448,6694400,0,0,-2.6177978515625,-2.514224052429199,0.028332272544503212,0.02835080213844776,0.49586161971092224,0.003799186088144779,0.010312076658010483,,0.009883416816592216,0.1910630315542221,0.01565900444984436,0.015659116208553314,0.028338421136140823,0.015659203752875328
104800,19.808313369750977,35.10953903198242,-0.051893532276153564,1.0863836823821655,0.34737342596054077,0.39926695823669434,0.8573226928710938,0.34283366799354553,6707200,0,1,-3.642683982849121,-3.581630229949951,0.02118920162320137,0.021188179031014442,0.49960222840309143,0.003256445284932852,0.010583446361124516,,0.012016935274004936,0.7432825565338135,0.01564757339656353,0.015647731721401215,0.021185841411352158,0.01564769074320793
105000,21.13764762878418,34.1563720703125,-0.08135649375617504,1.082391738583659,-0.06879158318042755,0.01256491057574749,0.8379488587379456,-0.06664564460515976,6720000,0,0,-5.741572856903076,-5.613326549530029,0.022151023149490356,0.022149331867694855,0.49876344203948975,0.003256445284932852,0.007869742810726166,,0.019044142216444016,0.5467246174812317,0.015691952779889107,0.01569482497870922,0.022138353437185287,0.015695001929998398
105200,21.499603271484375,34.48197555541992,-0.06212836503982544,1.1289589317280684,0.45610302686691284,0.5182313919067383,0.8983539342880249,0.44939693808555603,6732800,0,0,-4.376725673675537,-4.365625858306885,0.01932368241250515,0.019320309162139893,0.5004841685295105,0.004341926891356707,0.01329715084284544,,0.008690537884831429,1.1805009841918945,0.01567021757364273,0.015670295804739,0.019318243488669395,0.01567038521170616
105400,20.647369384765625,34.03851318359375,-0.07674092054367065,1.1065166877445776,0.2027999460697174,0.27954086661338806,0.8463855981826782,0.19990253448486328,6745600,0,0,-4.300801753997803,-4.20182991027832,0.02173675037920475,0.021733714267611504,0.4988405406475067,0.0035278156865388155,0.00895522441715002,,0.01884528063237667,0.7490346431732178,0.015792327001690865,0.01579320803284645,0.021726418286561966,0.01579321175813675
105600,17.966594696044922,35.767845153808594,-0.03215113282203674,1.0403605483910334,0.1712508499622345,0.20340198278427124,0.8134660720825195,0.16874241828918457,6758400,0,0,-3.3425703048706055,-3.460604667663574,0.023736365139484406,0.023890523239970207,0.5018872618675232,0.0035278156865388155,0.010854816995561123,,0.016633864492177963,0.16430217027664185,0.01563861034810543,0.015638481825590134,0.023901278153061867,0.015638545155525208
105800,21.743467330932617,34.2024040222168,-0.07755988836288452,1.2174824073838848,0.5658140778541565,0.643373966217041,0.870759904384613,0.5576515197753906,6771200,0,1,-2.5310792922973633,-2.369030237197876,0.020539674907922745,0.0205419659614563,0.4979729652404785,0.005698779132217169,0.00949796475470066,,0.0076560513116419315,1.1715871095657349,0.01601298712193966,0.01600949466228485,0.02053385227918625,0.016011934727430344
106000,20.00625228881836,34.73925018310547,-0.04859474301338196,1.0441474564993352,-0.14933183789253235,-0.10073709487915039,0.8219906687736511,-0.14785200357437134,6784000,0,0,-5.481098651885986,-5.4673542976379395,0.02311747707426548,0.02322264015674591,0.5034404397010803,0.004884667694568634,0.010312076658010483,,0.026278335601091385,0.21284911036491394,0.01730937696993351,0.01736298017203808,0.02320452220737934,0.017351221293210983
106200,19.62643051147461,34.19512176513672,-0.06803613901138306,1.0884646370313822,0.1628866195678711,0.23092275857925415,0.8276787996292114,0.1587955504655838,6796800,0,0,-4.249885559082031,-4.22429084777832,0.022409452125430107,0.022296741604804993,0.5049710273742676,0.005156038329005241,0.011397558264434338,,0.004346019588410854,0.47068458795547485,0.01602337881922722,0.016024457290768623,0.022397760301828384,0.01602422632277012
106400,20.87605094909668,31.8914852142334,-0.14234492182731628,1.1571508502609777,-0.04813016951084137,0.09421475231647491,0.5777217149734497,-0.04749858006834984,6809600,0,1,-1.5646469593048096,-1.4856865406036377,0.04461788013577461,0.0446210652589798,0.5024608373641968,0.0029850746504962444,0.010040706023573875,,0.01315395999699831,0.16474132239818573,0.015655403956770897,0.01565542444586754,0.04449141398072243,0.015655430033802986
106600,19.050004959106445,34.4791259765625,-0.1123831644654274,1.1067830270620953,-0.16482724249362946,-0.05244407802820206,0.5312927961349487,-0.16515348851680756,6822400,0,0,-1.4568753242492676,-1.492734432220459,0.052197396755218506,0.05220172926783562,0.5058704614639282,0.005156038329005241,0.012483039870858192,,0.011071810498833656,0.14730983972549438,0.01877833902835846,0.01879263110458851,0.05180329084396362,0.01872246339917183
106800,20.15104103088379,34.32152557373047,-0.052932143211364746,1.0792372239195673,0.2790466845035553,0.33197882771492004,0.8544023036956787,0.27496880292892456,6835200,0,1,-4.020334720611572,-3.961700916290283,0.021317103877663612,0.02131413295865059,0.4992280900478363,0.003256445284932852,0.013025781139731407,,0.03178417682647705,0.4725102186203003,0.015645993873476982,0.015645921230316162,0.02131078951060772,0.015646101906895638
107000,16.18540382385254,39.832542419433594,-0.02899247407913208,1.0239319540822331,-0.240446999669075,-0.21145452558994293,0.8061386942863464,-0.23702582716941833,6848000,0,1,-5.373030662536621,-5.41608190536499,0.024107543751597404,0.02418123185634613,0.5006825923919678,0.003799186088144779,0.007869742810726166,,0.046514056622982025,0.08281835913658142,0.015630608424544334,0.01563064381480217,0.024167805910110474,0.015630697831511497
107200,20.960981369018555,34.410423278808594,-0.060338094830513,1.075453514413872,0.1399894803762436,0.2003275752067566,0.8423032164573669,0.13772772252559662,6860800,0,1,-4.539359092712402,-4.490324974060059,0.02196451462805271,0.021967831999063492,0.4955214262008667,0.0035278156865388155,0.00949796475470066,,0.03530145063996315,0.30745190382003784,0.01569170132279396,0.015692822635173798,0.021957753226161003,0.015692496672272682
107400,19.943422317504883,34.70041275024414,-0.03756418824195862,1.06028872888786,0.33936432003974915,0.37692850828170776,0.8855586647987366,0.3343450725078583,6873600,0,0,-4.895555019378662,-4.7861409187316895,0.01987599954009056,0.019873905926942825,0.5015264749526978,0.004613297525793314,0.011397558264434338,,0.028292976319789886,0.37720003724098206,0.015631437301635742,0.01563146710395813,0.01986779272556305,0.015631455928087234
107600,21.393264770507812,33.397735595703125,-0.14424651861190796,1.4993332402091126,0.5668752193450928,0.7111217379570007,0.7769196629524231,0.5584414601325989,6886400,0,0,-0.9573726654052734,-0.9446066617965698,0.025569327175617218,0.025576898828148842,0.49719586968421936,0.003799186088144779,0.010312076658010483,,0.009689775295555592,1.112210750579834,0.015673238784074783,0.01567344181239605,0.02555190958082676,0.015673309564590454
107800,20.7235164642334,34.17512130737305,-0.1060742437839508,1.137890806199347,0.12466312944889069,0.2307373732328415,0.7616864442825317,0.1229996532201767,6899200,0,1,-2.6722798347473145,-2.677915096282959,0.026708759367465973,0.026698950678110123,0.4973418414592743,0.0029850746504962444,0.010312076658010483,,0.006800499279052019,0.31744900345802307,0.01564456708729267,0.01564481481909752,0.026683872565627098,0.015644852072000504
108000,18.949058532714844,32.70436096191406,-0.18278157711029053,1.243342278902379,0.06608887016773224,0.24887044727802277,0.6185309886932373,0.06531974673271179,6912000,0,0,-1.5932738780975342,-1.4516472816467285,0.039554815739393234,0.03956463187932968,0.5034517645835876,0.003256445284932852,0.011668928898870945,,0.0070578958839178085,0.3553174138069153,0.01571725681424141,0.015716684982180595,0.03950575739145279,0.015718020498752594
108200,17.00408363342285,35.379425048828125,-0.05225100368261337,1.0506314986253205,-0.08423712104558945,-0.031986117362976074,0.8357639908790588,-0.08332002907991409,6924800,0,0,-5.614007949829102,-5.613245010375977,0.02233123406767845,0.022327281534671783,0.4983152747154236,0.003799186088144779,0.009769335389137268,,0.032944682985544205,0.20692576467990875,0.015627626329660416,0.015627635642886162,0.022319933399558067,0.01562764309346676
108400,18.355287551879883,34.96205139160156,-0.04899665713310242,1.0723285121510915,0.2735850512981415,0.3225817084312439,0.8298482298851013,0.26964837312698364,6937600,0,1,-3.2810440063476562,-3.27608060836792,0.02258513867855072,0.02259891852736473,0.49883851408958435,0.0054274084977805614,0.012211669236421585,,0.03274431824684143,0.2669726014137268,0.015632133930921555,0.015632115304470062,0.022585321217775345,0.015632174909114838
108600,21.351974487304688,33.41990280151367,-0.13944631814956665,1.405819498241956,0.5169370770454407,0.6563833951950073,0.7812771797180176,0.5095303058624268,6950400,0,0,-1.226672887802124,-1.212212324142456,0.025262195616960526,0.025260955095291138,0.49945423007011414,0.0035278156865388155,0.011397558264434338,,0.003237403929233551,0.8627521395683289,0.015681440010666847,0.0156816728413105,0.025226106867194176,0.015681590884923935
108800,18.256784439086914,32.06591796875,-0.14596020802855492,1.1840252201037897,0.060886505991220474,0.2068467140197754,0.4775336682796478,0.06108162924647331,6963200,0,0,-0.8539876937866211,-0.7989667654037476,0.06339222192764282,0.06296436488628387,0.4955984652042389,0.0029850746504962444,0.010854816995561123,,0.006664401851594448,0.11242418736219406,0.015650779008865356,0.015650909394025803,0.06300289183855057,0.015650790184736252
109000,20.062902450561523,34.66119384765625,-0.05112716555595398,1.0809166945422526,0.3170234262943268,0.36815059185028076,0.8652889728546143,0.3117263913154602,6976000,0,1,-4.416426181793213,-4.081095218658447,0.020862137898802757,0.02086755633354187,0.49958884716033936,0.005156038329005241,0.011668928898870945,,0.03279460221529007,0.38091057538986206,0.015639949589967728,0.01563994213938713,0.020866630598902702,0.0156400203704834
109200,17.50792121887207,34.349510192871094,-0.056131636723876,1.0584214389737785,-0.01693708263337612,0.03919455409049988,0.7351040244102478,-0.01616024784743786,6988800,0,0,-2.9886488914489746,-2.8452608585357666,0.028478985652327538,0.0284674521535635,0.5004081130027771,0.0021709634456783533,0.012483039870858192,,0.023039450868964195,0.12948478758335114,0.0156907569617033,0.015690986067056656,0.028468068689107895,0.015691347420215607
109400,18.512027740478516,35.28916931152344,-0.04864443838596344,1.0666022136069906,0.2209828644990921,0.26962730288505554,0.8378145098686218,0.21743331849575043,7001600,0,1,-3.941812515258789,-3.812394142150879,0.022237172350287437,0.0222301185131073,0.49663975834846497,0.0035278156865388155,0.00895522441715002,,0.04048529639840126,0.3577495813369751,0.015668073669075966,0.015668459236621857,0.022234337404370308,0.01566854864358902
109600,20.823123931884766,34.574623107910156,-0.08628340065479279,1.1230092768384439,0.21227844059467316,0.29856184124946594,0.8491650223731995,0.208565816283226,7014400,0,1,-4.385207176208496,-4.23329496383667,0.0216220710426569,0.021614674478769302,0.49817031621932983,0.004613297525793314,0.013568521477282047,,0.015367838554084301,0.6992678642272949,0.015660380944609642,0.015660107135772705,0.021607570350170135,0.015660859644412994
109800,21.415882110595703,34.303863525390625,-0.0830325186252594,1.175811781982736,0.44468674063682556,0.527719259262085,0.8668309450149536,0.4363749325275421,7027200,0,0,-3.262829303741455,-3.1861066818237305,0.02073199674487114,0.020741185173392296,0.5034435391426086,0.0018995930440723896,0.009769335389137268,,0.0072183203883469105,0.9387304186820984,0.015719028189778328,0.015719451010227203,0.02072977088391781,0.015719961374998093
110000,18.129072189331055,34.52785873413086,-0.04256543517112732,1.0474413425086233,0.060212165117263794,0.10277760028839111,0.857471227645874,0.05992801487445831,7040000,0,0,-5.648588180541992,-5.602184295654297,0.02118811570107937,0.021199937909841537,0.49963924288749695,0.0035278156865388155,0.01112618762999773,,0.004302070941776037,0.26276129484176636,0.01610676944255829,0.01611221209168434,0.021199574694037437,0.016109226271510124
110200,20.198469161987305,34.53260803222656,-0.04705250263214111,1.08063828675537,0.369446724653244,0.41649922728538513,0.8781302571296692,0.36378443241119385,7052800,0,0,-4.209773540496826,-4.179427146911621,0.02024311013519764,0.020226765424013138,0.49249929189682007,0.003256445284932852,0.010854816995561123,,0.02248549461364746,0.5205783843994141,0.015636026859283447,0.015636641532182693,0.02024470642209053,0.015636621043086052
110400,20.683761596679688,34.590492248535156,-0.06423112750053406,1.1108948401284693,0.3565613329410553,0.42079246044158936,0.8835440278053284,0.35176435112953186,7065600,0,0,-4.642693042755127,-4.5315399169921875,0.019953928887844086,0.019951991736888885,0.49703145027160645,0.004341926891356707,0.01329715084284544,,0.015552097000181675,0.8692445755004883,0.015697283670306206,0.01569889299571514,0.019945641979575157,0.01569846086204052
110600,21.29216957092285,34.411800384521484,-0.06180736422538757,1.1031847750450494,0.33919569849967957,0.40100306272506714,0.8966307640075684,0.33427131175994873,7078400,0,1,-5.500614643096924,-5.404833793640137,0.019403349608182907,0.01940733939409256,0.5007421970367432,0.003799186088144779,0.00949796475470066,,0.01867666281759739,0.8610751628875732,0.015667984262108803,0.015668535605072975,0.019403232261538506,0.015668485313653946
110800,20.167116165161133,35.14773178100586,-0.06450013816356659,1.0572883023458137,-0.1903868466615677,-0.1258867084980011,0.7917591333389282,-0.18728789687156677,7091200,0,1,-4.864116668701172,-4.736110687255859,0.024624090641736984,0.024637889117002487,0.5002025365829468,0.003799186088144779,0.011940298601984978,,0.012676969170570374,0.2847505807876587,0.0156763456761837,0.015675248578190804,0.024614494293928146,0.01567673124372959
111000,20.854393005371094,34.557071685791016,-0.03741571307182312,1.0501257692815522,0.21614760160446167,0.2535633146762848,0.9048428535461426,0.2128397524356842,7104000,0,0,-7.421548843383789,-7.254795074462891,0.019046323373913765,0.019046157598495483,0.4979216158390045,0.0035278156865388155,0.011397558264434338,,0.08213691413402557,0.556110680103302,0.015626786276698112,0.01562679186463356,0.019044196233153343,0.01562679000198841
111200,21.34278678894043,34.156166076660156,-0.06819933652877808,1.1332214882705314,0.41987621784210205,0.4880755543708801,0.8745426535606384,0.413893461227417,7116800,0,0,-3.7118144035339355,-3.629429817199707,0.020376387983560562,0.02037440985441208,0.4990605115890503,0.0021709634456783533,0.011397558264434338,,0.01448369026184082,0.7635987997055054,0.015635551884770393,0.01563568040728569,0.020373525097966194,0.0156356543302536
111400,20.565427780151367,34.358192443847656,-0.04625503718852997,1.060451439066994,0.18858473002910614,0.2348397672176361,0.8829251527786255,0.1855192631483078,7129600,0,0,-6.034955024719238,-5.940244197845459,0.020014747977256775,0.02001846209168434,0.5007010698318481,0.0035278156865388155,0.011940298601984978,,0.057599470019340515,0.48175549507141113,0.015627309679985046,0.01562732271850109,0.020013194531202316,0.015627330169081688
111600,17.3029727935791,40.966312408447266,-0.025567367672920227,1.0205602750657579,-0.26909974217414856,-0.24353237450122833,0.7658410668373108,-0.2597537934780121,7142400,0,0,-4.000154495239258,-4.468843460083008,0.02655657008290291,0.027333032339811325,0.49655240774154663,0.004070556256920099,0.00949796475470066,,0.018572762608528137,0.1123548150062561,0.01563420332968235,0.015634220093488693,0.02725485898554325,0.015634261071681976
111800,18.23213005065918,34.342063903808594,-0.05449866130948067,1.0616330822749789,0.06125769391655922,0.11575635522603989,0.8054252862930298,0.0604209266602993,7155200,0,1,-3.8634872436523438,-3.8314104080200195,0.023951375856995583,0.02394081838428974,0.5005890130996704,0.002442333847284317,0.010312076658010483,,0.006806526333093643,0.22211459279060364,0.01565183512866497,0.015651188790798187,0.02394571155309677,0.015651818364858627
112000,20.326316833496094,34.10456085205078,-0.07110387086868286,1.0982177422528665,0.20495492219924927,0.27605879306793213,0.8363841772079468,0.20111413300037384,7168000,0,0,-3.852904796600342,-3.863943099975586,0.022304797545075417,0.02229689061641693,0.49848800897598267,0.003799186088144779,0.009769335389137268,,0.017011160030961037,0.48242178559303284,0.015644749626517296,0.015644729137420654,0.02229580655694008,0.01564480923116207
112200,20.111358642578125,35.25354766845703,-0.05394253879785538,1.0496568339727834,-0.14024898409843445,-0.08630644530057907,0.8493745923042297,-0.13748162984848022,7180800,0,1,-6.709927082061768,-6.588201522827148,0.021617630496621132,0.021612852811813354,0.49638381600379944,0.004341926891356707,0.010583446361124516,,0.018890727311372757,0.3244462311267853,0.015634451061487198,0.0156344436109066,0.021615054458379745,0.015634523704648018
112400,20.118017196655273,33.99254608154297,-0.04521912336349487,1.0782497735875465,0.37689903378486633,0.4221181571483612,0.8506954908370972,0.37089356780052185,7193600,0,0,-3.190047264099121,-3.1797304153442383,0.021530715748667717,0.021530237048864365,0.5028011202812195,0.004613297525793314,0.0127544105052948,,0.05196785181760788,0.32222604751586914,0.01562817394733429,0.015628207474946976,0.02152877114713192,0.01562819443643093
112600,20.064329147338867,34.226768493652344,-0.07211023569107056,1.1154603371687806,0.3033442497253418,0.37545448541641235,0.8363965153694153,0.29908129572868347,7206400,0,1,-3.3487191200256348,-3.2656211853027344,0.022207705304026604,0.02220466360449791,0.49946242570877075,0.0035278156865388155,0.010040706023573875,,0.043489549309015274,0.6087208986282349,0.015628783032298088,0.015628870576620102,0.022194094955921173,0.015628907829523087
112800,20.698314666748047,34.36655044555664,-0.04694822430610657,1.0901482387421784,0.4322626292705536,0.47921085357666016,0.8817290663719177,0.42622503638267517,7219200,0,0,-3.8115944862365723,-3.8083558082580566,0.020053140819072723,0.020052947103977203,0.49818679690361023,0.0027137042488902807,0.00949796475470066,,0.037377309054136276,0.6755697727203369,0.015629587695002556,0.015629608184099197,0.02004813775420189,0.015629611909389496
113000,19.480548858642578,34.485496520996094,-0.03151451051235199,1.0429917123626173,0.23544861376285553,0.2669631242752075,0.8663797974586487,0.23147515952587128,7232000,0,1,-4.884810924530029,-4.7302045822143555,0.020746897906064987,0.020742975175380707,0.49892276525497437,0.0029850746504962444,0.011397558264434338,,0.0763554722070694,0.2115182727575302,0.015626871958374977,0.01562689244747162,0.020743202418088913,0.01562691107392311
113200,19.55792808532715,35.223670959472656,-0.04705683887004852,1.063885452458879,0.21636171638965607,0.2634185552597046,0.8634696006774902,0.21329712867736816,7244800,0,0,-4.9990363121032715,-4.7462158203125,0.020907685160636902,0.020901545882225037,0.5004040002822876,0.0035278156865388155,0.01112618762999773,,0.015762455761432648,0.4525507390499115,0.015653839334845543,0.015654252842068672,0.02089894562959671,0.015654083341360092
113400,20.995637893676758,34.70658493041992,-0.06564675271511078,1.0830789470438633,0.14418010413646698,0.20982685685157776,0.8967382907867432,0.14179357886314392,7257600,0,1,-7.390546798706055,-7.298822402954102,0.019420921802520752,0.019417785108089447,0.5004728436470032,0.0035278156865388155,0.010854816995561123,,0.024477437138557434,0.9679627418518066,0.01563054323196411,0.015630584210157394,0.019418912008404732,0.015630612149834633
113600,20.77849006652832,33.93946075439453,-0.05960642546415329,1.0554026929350317,-0.13548238575458527,-0.07587596029043198,0.8255938291549683,-0.13355635106563568,7270400,0,0,-5.648131847381592,-5.522679328918457,0.022821670398116112,0.022820118814706802,0.5017536282539368,0.004070556256920099,0.014111262746155262,,0.04364432394504547,0.3510216474533081,0.015629496425390244,0.01562950760126114,0.022812189534306526,0.015629496425390244
113800,20.433055877685547,34.526634216308594,-0.05948290228843689,1.0864148809644936,0.2521761357784271,0.311659038066864,0.8942782282829285,0.24879887700080872,7283200,0,0,-6.0533881187438965,-6.080959320068359,0.0195399671792984,0.019542254507541656,0.498399555683136,0.004341926891356707,0.010854816995561123,,0.005557275377213955,0.9825749397277832,0.015659306198358536,0.015659185126423836,0.01954023353755474,0.01565924473106861
114000,18.873620986938477,36.237098693847656,-0.039330288767814636,1.0431732765827006,0.049682825803756714,0.08901311457157135,0.8375377655029297,0.047617148607969284,7296000,0,1,-4.918428897857666,-4.867630481719971,0.02232624776661396,0.022431358695030212,0.4984859228134155,0.002442333847284317,0.00949796475470066,,0.047267649322748184,0.2830301523208618,0.015627635642886162,0.01562758907675743,0.02242874726653099,0.015627631917595863
114200,19.907026290893555,34.7637825012207,-0.03581443428993225,1.0435989085298285,0.14273302257061005,0.1785474568605423,0.8891645073890686,0.1400528848171234,7308800,0,1,-6.835651397705078,-6.7582688331604,0.01980758272111416,0.019796056672930717,0.5075881481170654,0.004613297525793314,0.010854816995561123,,0.10594958066940308,0.4028473496437073,0.015630340203642845,0.015630222856998444,0.019812900573015213,0.015630370005965233
114400,20.7096004486084,34.39215087890625,-0.08932960778474808,1.1070213057216327,0.07598044723272324,0.1653100550174713,0.859764039516449,0.07501193881034851,7321600,0,0,-5.845114707946777,-5.60304594039917,0.021081358194351196,0.02108009159564972,0.49791643023490906,0.004070556256920099,0.011668928898870945,,0.006056974641978741,0.8119256496429443,0.01564774289727211,0.015647925436496735,0.0210750512778759,0.0156478900462389
114600,16.421157836914062,37.172119140625,-0.034364260733127594,1.0312744199341664,-0.13316196203231812,-0.09879770129919052,0.7485698461532593,-0.13101910054683685,7334400,0,0,-3.5782694816589355,-3.520242691040039,0.027411343529820442,0.027473343536257744,0.49711260199546814,0.004341926891356707,0.012211669236421585,,0.02241421490907669,0.11678558588027954,0.01563108339905739,0.01563107967376709,0.02745763212442398,0.015631098300218582
114800,20.86823081970215,34.27594757080078,-0.05298110842704773,1.0971960479953295,0.40192359685897827,0.454904705286026,0.8687976002693176,0.3955599069595337,7347200,0,1,-3.566495895385742,-3.564138412475586,0.02066684141755104,0.0206657275557518,0.5000812411308289,0.0027137042488902807,0.00895522441715002,,0.010087817907333374,0.6946803331375122,0.015675146132707596,0.015674946829676628,0.020663456991314888,0.015675222501158714
115000,19.736858367919922,36.77806854248047,-0.0854355376213789,1.0905498496107304,-0.028954913839697838,0.05648062378168106,0.7946555614471436,-0.0286403801292181,7360000,0,1,-4.01921272277832,-4.040661334991455,0.02455240860581398,0.024622419849038124,0.49496734142303467,0.004070556256920099,0.012483039870858192,,0.009269910864531994,0.5151598453521729,0.01564135029911995,0.015641313046216965,0.02462334930896759,0.015641385689377785
115200,20.96514320373535,33.80989456176758,-0.06595081090927124,1.1655580544944915,0.5356945991516113,0.6016454100608826,0.8560847640037537,0.5281583070755005,7372800,0,0,-2.2507927417755127,-2.234694480895996,0.021242205053567886,0.02123657613992691,0.49801820516586304,0.0035278156865388155,0.010040706023573875,,0.025328148156404495,0.6768120527267456,0.015642892569303513,0.015642933547496796,0.02123476006090641,0.015642909333109856
115400,19.76712989807129,34.39295196533203,-0.05740433186292648,1.0697800567769773,0.11994899064302444,0.17735332250595093,0.8576828837394714,0.11771494150161743,7385600,0,0,-5.320619106292725,-5.198924541473389,0.021187564358115196,0.021187033504247665,0.4998818039894104,0.0035278156865388155,0.012211669236421585,,0.009485699236392975,0.4228263795375824,0.015655456110835075,0.015655923634767532,0.02118360437452793,0.015655864030122757
115600,19.81999969482422,35.85630416870117,-0.04065730795264244,1.045240528471386,0.0606505386531353,0.10130784660577774,0.8807107210159302,0.057396773248910904,7398400,0,0,-6.981052398681641,-7.099004745483398,0.02019396424293518,0.020328709855675697,0.5028823614120483,0.003799186088144779,0.013839892111718655,,0.06399163603782654,0.43772318959236145,0.015628518536686897,0.015628540888428688,0.02029341831803322,0.01562856137752533
115800,18.83186912536621,33.4119758605957,-0.06124013662338257,1.0787164028597624,0.16077542304992676,0.22201555967330933,0.7371264696121216,0.1581496149301529,7411200,0,1,-2.2484161853790283,-2.1991426944732666,0.028317077085375786,0.028335463255643845,0.5022789239883423,0.0027137042488902807,0.010312076658010483,,0.013776926323771477,0.17717015743255615,0.015648165717720985,0.01564793288707733,0.02830321341753006,0.015648219734430313
116000,21.25874137878418,34.32374572753906,-0.06298097968101501,1.095533326685045,0.27776238322257996,0.34074336290359497,0.8565734624862671,0.2727246880531311,7424000,0,0,-4.119985580444336,-4.046831130981445,0.02124929428100586,0.021245747804641724,0.5008480548858643,0.004070556256920099,0.011668928898870945,,0.030133716762065887,0.5086997747421265,0.015640266239643097,0.015640778467059135,0.021242313086986542,0.015640830621123314
116200,21.88064193725586,34.63341522216797,-0.052853427827358246,1.0516673246835775,-0.07580997049808502,-0.022956542670726776,0.8103201985359192,-0.07458355277776718,7436800,0,1,-4.6648736000061035,-4.683517932891846,0.023608043789863586,0.023593861609697342,0.49965670704841614,0.005156038329005241,0.01329715084284544,,0.0650450736284256,0.18397530913352966,0.015632247552275658,0.015632232651114464,0.023588625714182854,0.015632277354598045
116400,18.50704002380371,35.45042037963867,-0.028458312153816223,1.0317310132924817,0.07468056678771973,0.10313887894153595,0.879391074180603,0.07293908298015594,7449600,0,0,-6.756415367126465,-6.691804885864258,0.020185787230730057,0.02019457519054413,0.5014041662216187,0.004884667694568634,0.012211669236421585,,0.06507459282875061,0.17404407262802124,0.01563302055001259,0.0156329907476902,0.020182857289910316,0.0156329907476902
116600,19.583742141723633,33.966941833496094,-0.06590836495161057,1.0813411276989733,0.12382053583860397,0.18972890079021454,0.8197179436683655,0.122557133436203,7462400,0,0,-4.046416282653809,-3.872035503387451,0.023041656240820885,0.023040125146508217,0.49533531069755554,0.004341926891356707,0.01112618762999773,,0.03867387771606445,0.31613779067993164,0.015630647540092468,0.01563071832060814,0.023020831868052483,0.01563071832060814
116800,21.09630012512207,34.65902328491211,-0.04214377701282501,1.0546517138533877,0.1867225468158722,0.2288663238286972,0.9103685021400452,0.18395718932151794,7475200,0,0,-8.096306800842285,-8.089673042297363,0.018832366913557053,0.018829617649316788,0.49964025616645813,0.003799186088144779,0.010854816995561123,,0.034054823219776154,0.6198819875717163,0.015640471130609512,0.01564093679189682,0.018831858411431313,0.015640856698155403
117000,21.291515350341797,34.89510726928711,-0.04995252192020416,1.041007894821346,-0.2680721580982208,-0.21811963617801666,0.8473886847496033,-0.2641476094722748,7488000,0,1,-7.3419647216796875,-7.320262908935547,0.021761314943432808,0.021766379475593567,0.49519553780555725,0.003256445284932852,0.008412483148276806,,0.07381074130535126,0.23780468106269836,0.015726448968052864,0.015725087374448776,0.02176080085337162,0.015726769343018532
117200,20.10361099243164,34.755863189697266,-0.052232056856155396,1.0711481212710114,0.21363672614097595,0.26586878299713135,0.8736519813537598,0.20988649129867554,7500800,0,0,-5.331794738769531,-5.238544940948486,0.020424185320734978,0.020419979467988014,0.5035473704338074,0.002442333847284317,0.010040706023573875,,0.07625482976436615,0.6034128665924072,0.01562817580997944,0.015628255903720856,0.02041942998766899,0.01562824472784996
117400,19.579797744750977,34.7528190612793,-0.05721902847290039,1.0650909775521795,0.06371860951185226,0.12093763798475266,0.8306369185447693,0.06261400878429413,7513600,0,0,-4.7040696144104,-4.542562961578369,0.02248336188495159,0.022486938163638115,0.5008079409599304,0.003799186088144779,0.010854816995561123,,0.04996740072965622,0.31326812505722046,0.0156287532299757,0.015628792345523834,0.02247779443860054,0.015628788620233536
117600,21.166988372802734,34.22208023071289,-0.06978985667228699,1.118763290292678,0.34257185459136963,0.4123617112636566,0.8698548078536987,0.3378470242023468,7526400,0,1,-4.167923450469971,-4.054920196533203,0.020579859614372253,0.02057122439146042,0.4964958429336548,0.0027137042488902807,0.010583446361124516,,0.03769616037607193,0.6838979721069336,0.015629760921001434,0.015629759058356285,0.020572565495967865,0.01562976837158203
117800,16.663698196411133,38.62565612792969,-0.024939008057117462,1.0234240939702215,-0.08961233496665955,-0.06467332690954208,0.8601371645927429,-0.08842836320400238,7539200,0,0,-6.971729755401611,-6.806992530822754,0.021015755832195282,0.02100442722439766,0.49930623173713684,0.0035278156865388155,0.011397558264434338,,0.09189693629741669,0.13219550251960754,0.0156279057264328,0.015627935528755188,0.02100699208676815,0.01562792994081974
118000,19.411239624023438,34.79730987548828,-0.05676638334989548,1.0676813092702417,0.10450304299592972,0.1612694263458252,0.8458071947097778,0.10342691838741302,7552000,0,1,-5.326167583465576,-4.815950393676758,0.021718380972743034,0.021720901131629944,0.5020918250083923,0.005156038329005241,0.013025781139731407,,0.01891564577817917,0.4616282284259796,0.01564532145857811,0.015645325183868408,0.02171434834599495,0.01564549095928669
118200,20.673492431640625,34.034812927246094,-0.12464754283428192,1.1594517916883138,0.09362688660621643,0.21827442944049835,0.7891342043876648,0.09167598932981491,7564800,0,0,-3.314591407775879,-3.3037867546081543,0.024884197860956192,0.024887776002287865,0.5006178021430969,0.004613297525793314,0.013025781139731407,,0.06266818940639496,0.6173257827758789,0.015628265216946602,0.01562827080488205,0.02486834116280079,0.015628287568688393
118400,21.317874908447266,33.679439544677734,-0.11530175805091858,1.1904001982701267,0.27912241220474243,0.394424170255661,0.7615212202072144,0.27456992864608765,7577600,0,0,-2.0643060207366943,-2.027639865875244,0.02667379193007946,0.026702936738729477,0.5027835965156555,0.003256445284932852,0.01112618762999773,,0.021146012470126152,0.5981266498565674,0.015682091936469078,0.015682775527238846,0.02665531076490879,0.015682727098464966
118600,20.660919189453125,33.970741271972656,-0.11723661422729492,1.2340509600335803,0.38186129927635193,0.49909791350364685,0.8076390624046326,0.3761788606643677,7590400,0,1,-2.2166833877563477,-2.2215912342071533,0.023740218952298164,0.023727726191282272,0.49906978011131287,0.0029850746504962444,0.00895522441715002,,0.006883288733661175,0.8700096011161804,0.015667734667658806,0.015667377039790154,0.023710831999778748,0.015667714178562164
118800,19.5487003326416,35.3059196472168,-0.028759747743606567,1.032146912198569,0.0766054093837738,0.10536515712738037,0.9145785570144653,0.07574354112148285,7603200,0,0,-9.77377700805664,-9.830731391906738,0.01867559552192688,0.018675144761800766,0.495197594165802,0.0029850746504962444,0.009226595051586628,,0.1389569342136383,0.23619142174720764,0.015625813975930214,0.015625840052962303,0.01867636851966381,0.015625836327672005
119000,20.26231575012207,34.12787628173828,-0.08670319616794586,1.1058690320026878,0.09433025121688843,0.1810334473848343,0.774361789226532,0.09338905662298203,7616000,0,0,-3.161668300628662,-3.0241332054138184,0.025769781321287155,0.025787515565752983,0.4960487186908722,0.004341926891356707,0.01112618762999773,,0.031998176127672195,0.2844861149787903,0.015797097235918045,0.015796370804309845,0.025760402902960777,0.015798022970557213
119200,17.683237075805664,34.827938079833984,-0.08214107155799866,1.077706134515803,-0.13921426236629486,-0.057073190808296204,0.6924610137939453,-0.13753411173820496,7628800,0,0,-2.816768169403076,-2.7102396488189697,0.032163072377443314,0.03201664239168167,0.49483782052993774,0.0029850746504962444,0.008683853782713413,,0.018403366208076477,0.14493486285209656,0.015631426125764847,0.01563146710395813,0.03217023238539696,0.015631454065442085
119400,19.779224395751953,33.74703598022461,-0.12253829836845398,1.2124577107826253,0.30069610476493835,0.42323440313339233,0.747084379196167,0.2967457175254822,7641600,0,0,-1.7862920761108398,-1.770195484161377,0.027409706264734268,0.02741202525794506,0.4974435865879059,0.004341926891356707,0.012483039870858192,,0.005870524328202009,0.6027623414993286,0.015665384009480476,0.01566576026380062,0.027358807623386383,0.015665724873542786
119600,21.221511840820312,34.629150390625,-0.06338991224765778,1.0796177449879203,0.14043189585208893,0.2038218080997467,0.8090692758560181,0.1387111246585846,7654400,0,0,-3.658702850341797,-3.516697883605957,0.023488037288188934,0.02349347248673439,0.4964742660522461,0.004884667694568634,0.011397558264434338,,0.05167647451162338,0.20739585161209106,0.015626590698957443,0.015626605600118637,0.023456959053874016,0.01562660187482834
119800,20.229106903076172,35.07252883911133,-0.03718109428882599,1.0446262036933436,0.12965159118175507,0.16683268547058105,0.8985603451728821,0.12775586545467377,7667200,0,0,-7.758289337158203,-7.7030839920043945,0.019293297082185745,0.019296826794743538,0.49907180666923523,0.003799186088144779,0.00949796475470066,,0.09071920812129974,0.35709148645401,0.01562621258199215,0.0156262144446373,0.0192906241863966,0.01562621258199215
120000,20.479957580566406,34.738643646240234,-0.03879639506340027,1.0613770140031837,0.32910385727882385,0.3679002523422241,0.9056010842323303,0.3239327669143677,7680000,0,0,-6.261255264282227,-6.122140884399414,0.01902090199291706,0.019018910825252533,0.4988240897655487,0.003256445284932852,0.01112618762999773,,0.047855354845523834,0.5164060592651367,0.015626389533281326,0.015626395121216774,0.019014490768313408,0.015626393258571625
120200,21.66288948059082,34.43016052246094,-0.05879312753677368,1.108846566381525,0.4010600447654724,0.4598531723022461,0.8936525583267212,0.3947191536426544,7692800,0,0,-5.0257568359375,-4.640677452087402,0.019532591104507446,0.019530318677425385,0.49966081976890564,0.0021709634456783533,0.00949796475470066,,0.0595722571015358,0.8410163521766663,0.01562616601586342,0.015626195818185806,0.019528811797499657,0.01562619023025036
120400,21.07386016845703,33.76446533203125,-0.07905679941177368,1.176874069441268,0.47397661209106445,0.5530334115028381,0.8466991186141968,0.46694841980934143,7705600,0,0,-2.5032424926757812,-2.4349093437194824,0.021732158958911896,0.021727949380874634,0.4998777210712433,0.003799186088144779,0.012211669236421585,,0.017490167170763016,0.7796844244003296,0.01562674529850483,0.015626752749085426,0.021723467856645584,0.015626750886440277
120600,18.53533363342285,35.8919792175293,-0.041127368807792664,1.0459658529699452,0.06413520872592926,0.10526257753372192,0.8284168243408203,0.062028300017118454,7718400,0,0,-4.237982273101807,-4.4679460525512695,0.022909417748451233,0.0230301134288311,0.4930626153945923,0.0054274084977805614,0.012211669236421585,,0.005560128018260002,0.21319347620010376,0.01563470996916294,0.01563473790884018,0.023105550557374954,0.01563473977148533
120800,16.238489151000977,35.84278869628906,-0.0416104681789875,1.0426972496795435,-0.016157271340489388,0.025453196838498116,0.7470002174377441,-0.016125451773405075,7731200,0,0,-3.1616406440734863,-3.022688865661621,0.027628926560282707,0.027592742815613747,0.4964146316051483,0.003256445284932852,0.008683853782713413,,0.003882619086652994,0.08361303061246872,0.015642819926142693,0.01564304530620575,0.027608882635831833,0.015642967075109482
121000,20.463693618774414,34.06268310546875,-0.07601699233055115,1.1363622342388502,0.36651933193206787,0.442536324262619,0.8179133534431458,0.3610454201698303,7744000,0,1,-2.4861900806427,-2.484973907470703,0.023262925446033478,0.023250263184309006,0.4998612403869629,0.004884667694568634,0.011668928898870945,,0.003781556151807308,0.5647450685501099,0.015635471791028976,0.015635309740900993,0.023249490186572075,0.015635451301932335
121200,18.63075065612793,34.831825256347656,-0.05814451724290848,1.0665722118855347,0.06845026463270187,0.12659478187561035,0.8675129413604736,0.06658890843391418,7756800,0,1,-6.1594977378845215,-6.044149398803711,0.020725203678011894,0.02072649821639061,0.5070577263832092,0.004613297525793314,0.010312076658010483,,0.0032281894236803055,0.4522556662559509,0.015641888603568077,0.01564192585647106,0.020724909380078316,0.015642039477825165
121400,19.72460174560547,35.64653396606445,-0.028258755803108215,1.037627834104612,0.22073453664779663,0.24899329245090485,0.904874861240387,0.21729020774364471,7769600,0,0,-7.215570449829102,-7.224977493286133,0.01910523511469364,0.01910746656358242,0.5035330057144165,0.003256445284932852,0.012483039870858192,,0.05905564874410629,0.331462562084198,0.015626272186636925,0.01562628336250782,0.019115041941404343,0.01562628336250782
121600,20.13837242126465,34.68381881713867,-0.08019132167100906,1.0770781015632012,-0.12058178335428238,-0.040390461683273315,0.7939841747283936,-0.12072564661502838,7782400,0,0,-4.671487808227539,-4.449111461639404,0.02472946047782898,0.02472871169447899,0.5036101341247559,0.0035278156865388155,0.009769335389137268,,0.034229785203933716,0.3442854881286621,0.015628064051270485,0.015628095716238022,0.024753285571932793,0.015628093853592873
121800,18.414026260375977,32.976593017578125,-0.05209051072597504,1.0681764434014027,0.1838551014661789,0.23594561219215393,0.7049344778060913,0.18156766891479492,7795200,0,1,-1.6841456890106201,-1.771610975265503,0.032352741807699203,0.032116591930389404,0.48266521096229553,0.0027137042488902807,0.00949796475470066,,0.026349958032369614,0.06139207258820534,0.015628986060619354,0.015628958120942116,0.032812394201755524,0.015628982335329056
122000,20.388565063476562,34.439666748046875,-0.03653581440448761,1.0503301800810578,0.23754160106182098,0.2740774154663086,0.8984187245368958,0.2341212034225464,7808000,0,1,-6.786779403686523,-6.519077777862549,0.01932922750711441,0.019325032830238342,0.4992249608039856,0.004613297525793314,0.0127544105052948,,0.08993782848119736,0.31561577320098877,0.015625683590769768,0.015625670552253723,0.01932607963681221,0.015625683590769768
122200,18.13822364807129,35.82593536376953,-0.05055692046880722,1.045234707531586,-0.16821464896202087,-0.11765772849321365,0.8426997065544128,-0.16591307520866394,7820800,0,0,-6.611945629119873,-6.435218811035156,0.021994315087795258,0.021993229165673256,0.4923512935638428,0.002442333847284317,0.00895522441715002,,0.004268791526556015,0.2625797390937805,0.015642255544662476,0.015642430633306503,0.022019263356924057,0.01564233936369419
122400,17.997161865234375,34.92168426513672,-0.0633208341896534,1.0641627059752792,-0.05019994452595711,0.013120889663696289,0.7546159029006958,-0.05140158161520958,7833600,0,1,-3.137773036956787,-3.3000168800354004,0.029376408085227013,0.02767902798950672,0.4851939082145691,0.003799186088144779,0.009226595051586628,,0.01424823235720396,0.1294519007205963,0.015631284564733505,0.015631267800927162,0.029610920697450638,0.015631353482604027
122600,18.54608917236328,34.75278091430664,-0.02818255126476288,1.0348687154283225,0.16356997191905975,0.19175252318382263,0.8986656665802002,0.16131983697414398,7846400,0,0,-7.263810157775879,-7.272306442260742,0.019327517598867416,0.019319038838148117,0.4973069131374359,0.004884667694568634,0.01329715084284544,,0.06235133484005928,0.20952428877353668,0.015626559033989906,0.015626564621925354,0.019327353686094284,0.015626560896635056
122800,20.517030715942383,34.77414321899414,-0.06155022978782654,1.1044073214233625,0.3489295244216919,0.41047975420951843,0.8836196064949036,0.3433205783367157,7859200,0,0,-4.705931186676025,-4.601938724517822,0.019982287660241127,0.01998382993042469,0.5056031942367554,0.004613297525793314,0.010854816995561123,,0.0037115891464054585,0.8541569113731384,0.015634460374712944,0.015634402632713318,0.019982153549790382,0.015634402632713318
123000,21.435754776000977,34.173919677734375,-0.07062619924545288,1.1767225102029493,0.5297291874885559,0.6003553867340088,0.8730683922767639,0.5217471122741699,7872000,0,0,-2.774625778198242,-2.7131757736206055,0.02044968493282795,0.020451068878173828,0.49892276525497437,0.003799186088144779,0.010312076658010483,,0.0069652339443564415,0.9992175102233887,0.015635265037417412,0.015635263174772263,0.020444069057703018,0.015635259449481964
123200,19.708465576171875,34.969608306884766,-0.0348605215549469,1.033993193413177,-0.06037528067827225,-0.025514759123325348,0.8253574967384338,-0.06039803847670555,7884800,0,1,-5.156094551086426,-5.094600200653076,0.022924846038222313,0.02302626334130764,0.5076179504394531,0.003256445284932852,0.010583446361124516,,0.0733172670006752,0.14657993614673615,0.015626125037670135,0.015626132488250732,0.02300793118774891,0.01562613621354103
123400,19.6501522064209,34.77618408203125,-0.03762507438659668,1.044217515468616,0.11146609485149384,0.14909116923809052,0.8904646039009094,0.10935062170028687,7897600,0,0,-7.180170059204102,-7.1279144287109375,0.01966494880616665,0.019664857536554337,0.5038084983825684,0.0029850746504962444,0.010040706023573875,,0.11299345642328262,0.3570901155471802,0.01562541536986828,0.01562541350722313,0.019663754850625992,0.01562541536986828
123600,20.189571380615234,35.19801330566406,-0.05230114865116775,1.0550092437840017,-0.0030713293235749006,0.04922981932759285,0.8714165687561035,-0.0026114832144230604,7910400,0,0,-6.845981597900391,-6.817496299743652,0.020547211170196533,0.020556429401040077,0.49893614649772644,0.0035278156865388155,0.008683853782713413,,0.008489036932587624,0.39713650941848755,0.01563277095556259,0.01563287153840065,0.020551344379782677,0.015632903203368187
123800,18.39199447631836,34.16811752319336,-0.0492386668920517,1.0696044737272707,0.2433546930551529,0.2925933599472046,0.8297091126441956,0.24065473675727844,7923200,0,0,-3.521859645843506,-3.450453281402588,0.02265395037829876,0.02268289029598236,0.4999023973941803,0.004884667694568634,0.010040706023573875,,0.010440824553370476,0.25692886114120483,0.015631508082151413,0.015631485730409622,0.02268211916089058,0.01563149318099022
124000,21.00633430480957,34.52334213256836,-0.07518979907035828,1.1562141112315607,0.44348493218421936,0.5186747312545776,0.8676645159721375,0.4365925192832947,7936000,0,0,-3.299896717071533,-3.2144975662231445,0.020685950294137,0.020687181502580643,0.49961045384407043,0.0027137042488902807,0.01112618762999773,,0.014188654720783234,1.0823280811309814,0.015629377216100693,0.015629373490810394,0.020681943744421005,0.015629373490810394
124200,21.008258819580078,32.78327560424805,-0.11063600331544876,1.1349166656157519,0.06933184713125229,0.17996785044670105,0.5345157384872437,0.0022956752218306065,7948800,0,1,-0.29695773124694824,-1.0295405387878418,0.05348264425992966,0.055093422532081604,0.6197175979614258,0.004613297525793314,0.01791044883430004,,0.010569406673312187,0.09946100413799286,0.017125602811574936,0.01712704822421074,0.0558466911315918,0.017131062224507332
124400,20.250741958618164,34.656272888183594,-0.04797735810279846,1.0720499003203783,0.28613194823265076,0.3341093063354492,0.8842359781265259,0.28251487016677856,7961600,0,0,-5.386514663696289,-5.174790859222412,0.019939756020903587,0.019939929246902466,0.4925393760204315,0.0018995930440723896,0.00949796475470066,,0.06511466205120087,0.6215840578079224,0.01562739536166191,0.015627391636371613,0.019937098026275635,0.01562739722430706
124600,20.317964553833008,35.353572845458984,-0.04794493317604065,1.0721286054831396,0.28734052181243896,0.3352854549884796,0.8850505948066711,0.28286075592041016,7974400,0,1,-5.205305099487305,-5.20942497253418,0.019912516698241234,0.019916938617825508,0.5040777921676636,0.0029850746504962444,0.010312076658010483,,0.11266817152500153,0.6390113234519958,0.015626294538378716,0.015626288950443268,0.01991196721792221,0.015626298263669014
124800,18.722484588623047,37.07955551147461,-0.0508660227060318,1.0471160047633865,-0.13045719265937805,-0.07959116995334625,0.8416686058044434,-0.1285756528377533,7987200,0,1,-6.176270008087158,-6.151175022125244,0.021985873579978943,0.021975412964820862,0.49958372116088867,0.0035278156865388155,0.011397558264434338,,0.006917374208569527,0.340524286031723,0.0156428012996912,0.015642698854207993,0.021980110555887222,0.015642859041690826
125000,18.74030303955078,36.29436111450195,-0.03463277593255043,1.0375875598928022,0.04397791251540184,0.07861068844795227,0.8759984970092773,0.04292178526520729,8000000,0,0,-6.695553779602051,-6.727650165557861,0.020325375720858574,0.02031804248690605,0.501220166683197,0.0021709634456783533,0.008412483148276806,,0.038973018527030945,0.2670491933822632,0.015631254762411118,0.015631290152668953,0.020319649949669838,0.015631288290023804
125200,19.52952003479004,34.885887145996094,-0.05601192079484463,1.0583004188552334,-0.016758376732468605,0.03925354406237602,0.8782387971878052,-0.01669440045952797,8012800,0,0,-7.366550445556641,-7.362979888916016,0.02023143880069256,0.020230751484632492,0.503673791885376,0.004613297525793314,0.010583446361124516,,0.006393909454345703,0.5509546399116516,0.015653423964977264,0.015653643757104874,0.020228957757353783,0.015653712674975395
125400,19.26225471496582,34.583290100097656,-0.054917290806770325,1.0775035037524072,0.23650453984737396,0.2914218306541443,0.8505837321281433,0.23268035054206848,8025600,0,0,-4.122547149658203,-4.116441249847412,0.021504750475287437,0.021501872688531876,0.5020014047622681,0.004341926891356707,0.01112618762999773,,0.04896156117320061,0.48153626918792725,0.015627533197402954,0.015627510845661163,0.021498069167137146,0.01562751643359661
125600,19.963571548461914,34.46348571777344,-0.05587993562221527,1.0692039498915464,0.1366526335477829,0.19253256916999817,0.8787906169891357,0.13514219224452972,8038400,0,0,-6.24599552154541,-6.136880397796631,0.020208710804581642,0.020213713869452477,0.4973839819431305,0.0018995930440723896,0.008683853782713413,,0.07227801531553268,0.5147694945335388,0.015631690621376038,0.01563170924782753,0.020206764340400696,0.015631748363375664
125800,18.08194923400879,35.31215286254883,-0.019533710554242134,1.020369547232612,0.021499929949641228,0.04103364050388336,0.911785364151001,0.01990223117172718,8051200,0,1,-9.097699165344238,-10.176728248596191,0.01917826198041439,0.019308993592858315,0.4960394501686096,0.0021709634456783533,0.008412483148276806,,0.10802143067121506,0.1418853998184204,0.01562577858567238,0.01562577299773693,0.019406858831644058,0.01562577858567238
126000,20.712209701538086,34.31309127807617,-0.0800789687782526,1.0886611515306397,0.016718586906790733,0.09679755568504333,0.8444919586181641,0.01644441857933998,8064000,0,0,-5.33638334274292,-5.33098840713501,0.021827971562743187,0.021829184144735336,0.49825459718704224,0.004341926891356707,0.010312076658010483,,0.024749428033828735,0.5462532043457031,0.015633895993232727,0.01563395746052265,0.021820353344082832,0.01563393324613571
126200,20.22658920288086,34.41035842895508,-0.07516553532332182,1.0824462806388422,0.01314342487603426,0.08830896019935608,0.7997739315032959,0.012156580574810505,8076800,0,0,-3.8922576904296875,-3.9387617111206055,0.024315280839800835,0.024331165477633476,0.5033654570579529,0.0035278156865388155,0.011397558264434338,,0.0021328574512153864,0.3568896949291229,0.01567227393388748,0.015673045068979263,0.024326281622052193,0.015672864392399788
126400,21.293840408325195,34.053829193115234,-0.07668790221214294,1.1123345498308663,0.240637868642807,0.31732577085494995,0.8551271557807922,0.23710952699184418,8089600,0,0,-4.230348110198975,-4.249091625213623,0.021315179765224457,0.02131357230246067,0.49907386302948,0.003256445284932852,0.011668928898870945,,0.0014390484429895878,0.7359335422515869,0.015664897859096527,0.015665024518966675,0.021306827664375305,0.015665048733353615
126600,19.608537673950195,34.04632568359375,-0.05768856406211853,1.0772011480463557,0.1950613558292389,0.2527499198913574,0.8199886679649353,0.19143618643283844,8102400,0,1,-3.5286335945129395,-3.479018211364746,0.023186763748526573,0.02319788746535778,0.4990265965461731,0.003256445284932852,0.010040706023573875,,0.012810886837542057,0.3541020154953003,0.015642080456018448,0.015641838312149048,0.023192090913653374,0.015642058104276657
126800,24.760501861572266,35.32805633544922,-0.05857051908969879,1.0753078085667027,0.16368119418621063,0.22225171327590942,0.8336409330368042,0.10975092649459839,8115200,0,1,-0.7664157152175903,-4.151224613189697,0.022005027160048485,0.023308221250772476,0.5386939644813538,0.004613297525793314,0.00895522441715002,,0.043000806123018265,0.334489107131958,0.015704084187746048,0.015705350786447525,0.023264359682798386,0.01570259779691696
127000,20.204092025756836,34.455726623535156,-0.05902666598558426,1.072264309581573,0.12415703386068344,0.1831836998462677,0.7690683603286743,0.1219550222158432,8128000,0,1,-2.9769208431243896,-2.797943353652954,0.026207247748970985,0.026191471144557,0.5032256245613098,0.004341926891356707,0.012483039870858192,,0.05545148253440857,0.2524886429309845,0.01562933810055256,0.015629295259714127,0.026197083294391632,0.01562933251261711
127200,21.436492919921875,33.93621063232422,-0.07969817519187927,1.1781242668983551,0.4728716313838959,0.5525698065757751,0.8583930730819702,0.4658207595348358,8140800,0,0,-2.8383898735046387,-2.7290689945220947,0.021134156733751297,0.021136514842510223,0.5004656910896301,0.003256445284932852,0.010040706023573875,,0.005719350650906563,0.9344639778137207,0.015644658356904984,0.015644896775484085,0.021130550652742386,0.015644952654838562
127400,20.001724243164062,34.06092071533203,-0.042962491512298584,1.065075798723314,0.2968459725379944,0.33980846405029297,0.8156900405883789,0.292214959859848,8153600,0,0,-2.819460391998291,-2.8223555088043213,0.02337220311164856,0.023373261094093323,0.5006970167160034,0.004341926891356707,0.011397558264434338,,0.0641312450170517,0.22517341375350952,0.015628570690751076,0.015628580003976822,0.0233610812574625,0.01562858186662197
127600,19.26210594177246,34.97943115234375,-0.043487146496772766,1.0591586981219898,0.2214198261499405,0.26490697264671326,0.8300606608390808,0.21844582259655,8166400,0,0,-3.6622848510742188,-3.5991077423095703,0.02244250662624836,0.022417781874537468,0.49552446603775024,0.005156038329005241,0.01112618762999773,,0.048660293221473694,0.2363860160112381,0.015626996755599976,0.015627000480890274,0.022410757839679718,0.01562701351940632
127800,20.345741271972656,35.505531311035156,-0.05789661407470703,1.0868719708428194,0.27564430236816406,0.3335409164428711,0.8233031630516052,0.2709104120731354,8179200,0,0,-3.106203556060791,-3.105626106262207,0.022943979129195213,0.022983677685260773,0.4995867908000946,0.003799186088144779,0.011397558264434338,,0.01159420795738697,0.4295889139175415,0.015631577000021935,0.015631601214408875,0.02297280542552471,0.01563158817589283
128000,20.708070755004883,35.18328857421875,-0.04701218754053116,1.0530191869245618,0.06628640741109848,0.11329859495162964,0.8951035737991333,0.06509619951248169,8192000,0,1,-8.090983390808105,-7.912041664123535,0.01947803795337677,0.019475623965263367,0.501878023147583,0.0029850746504962444,0.011668928898870945,,0.033936113119125366,0.4358813464641571,0.015629494562745094,0.015629468485713005,0.01947442814707756,0.01562950387597084
128200,20.90518569946289,34.26665115356445,-0.07146638631820679,1.1033516022098495,0.23704567551612854,0.3085120618343353,0.841978132724762,0.23424717783927917,8204800,0,1,-4.147129058837891,-3.8339147567749023,0.02196737937629223,0.02196829952299595,0.49418920278549194,0.004341926891356707,0.011668928898870945,,0.022056028246879578,0.4564027786254883,0.01562715694308281,0.015627149492502213,0.021957851946353912,0.015627160668373108
128400,20.168134689331055,34.496734619140625,-0.06433816440403461,1.070823697582762,0.02723476104438305,0.09157292544841766,0.8127036094665527,0.0274208914488554,8217600,0,0,-4.3238139152526855,-4.2013397216796875,0.023503895848989487,0.02350599877536297,0.49712496995925903,0.0027137042488902807,0.00895522441715002,,0.031500425189733505,0.3120836019515991,0.01562800630927086,0.015627991408109665,0.023494385182857513,0.015627996996045113
128600,19.42816734313965,34.85904312133789,-0.05301457643508911,1.0543690189377417,-0.02810254879295826,0.024912027642130852,0.8582735061645508,-0.028190499171614647,8230400,0,0,-6.5089311599731445,-6.266290187835693,0.021126212552189827,0.02112003229558468,0.5002148747444153,0.003256445284932852,0.00895522441715002,,0.021941987797617912,0.381969153881073,0.015637584030628204,0.015637658536434174,0.021132200956344604,0.015637604519724846
128800,21.189199447631836,34.08141326904297,-0.04339823126792908,1.0783374821485643,0.4026111364364624,0.4460093677043915,0.840877890586853,0.39670372009277344,8243200,0,1,-2.828382730484009,-2.759559392929077,0.022023318335413933,0.022022727876901627,0.5013887286186218,0.0035278156865388155,0.011940298601984978,,0.028526920825242996,0.34813034534454346,0.01562737300992012,0.01562732830643654,0.02201364003121853,0.015627367421984673
129000,19.735933303833008,34.73429489135742,-0.02883046865463257,1.036516869890584,0.1816585808992386,0.21048904955387115,0.8924949169158936,0.17885977029800415,8256000,0,1,-6.913290023803711,-6.624454975128174,0.019602060317993164,0.019590206444263458,0.4979955852031708,0.0035278156865388155,0.010583446361124516,,0.03550585359334946,0.23609165847301483,0.01562737114727497,0.015627359971404076,0.019599609076976776,0.015627391636371613
129200,17.719093322753906,35.32121658325195,-0.042497020214796066,1.0466106068199867,0.04575728252530098,0.08825430274009705,0.8449957370758057,0.044315043836832047,8268800,0,0,-4.88939905166626,-5.203944683074951,0.02348257414996624,0.022153135389089584,0.47664675116539,0.004070556256920099,0.008141112513840199,,0.09177637845277786,0.1257404386997223,0.015626240521669388,0.015626251697540283,0.023731635883450508,0.015626244246959686
129400,20.655183792114258,34.36883544921875,-0.04166632890701294,1.0787856742151596,0.4294770061969757,0.47114333510398865,0.8767186999320984,0.42310038208961487,8281600,0,0,-3.668551445007324,-3.6376562118530273,0.02026132121682167,0.020261619240045547,0.5006414651870728,0.004341926891356707,0.011397558264434338,,0.04655606299638748,0.4610687494277954,0.015632443130016327,0.015632763504981995,0.020255906507372856,0.015632886439561844
129600,19.59674072265625,33.667396545410156,-0.0969946626573801,1.1044917293802299,-0.025246718898415565,0.07174794375896454,0.7619874477386475,-0.02561018615961075,8294400,0,0,-3.2967920303344727,-3.315732955932617,0.026674600318074226,0.026676712557673454,0.5024855732917786,0.005156038329005241,0.013025781139731407,,0.017975397408008575,0.3502007722854614,0.015629611909389496,0.015629630535840988,0.026650801301002502,0.01562964916229248
129800,20.4526309967041,34.026580810546875,-0.0669015645980835,1.1151520166109479,0.3521136939525604,0.4190152585506439,0.8487957715988159,0.34642094373703003,8307200,0,0,-3.3886818885803223,-3.296499252319336,0.021589403972029686,0.02159339189529419,0.5008819699287415,0.003256445284932852,0.010583446361124516,,0.06701114028692245,0.5546092987060547,0.015626639127731323,0.01562664285302162,0.021583806723356247,0.01562664285302162
130000,20.870864868164062,34.77765655517578,-0.04214334487915039,1.0603035733369177,0.2590034604072571,0.30114680528640747,0.9217493534088135,0.25488021969795227,8320000,0,0,-8.504984855651855,-8.481712341308594,0.01837616227567196,0.018372338265180588,0.5005479454994202,0.003256445284932852,0.010854816995561123,,0.03823935613036156,0.812399685382843,0.015625815838575363,0.01562581956386566,0.018371380865573883,0.01562582328915596
130200,19.558378219604492,34.51918411254883,-0.04403834044933319,1.0587277868813987,0.20608936250209808,0.2501277029514313,0.888945460319519,0.20302057266235352,8332800,0,1,-6.237524032592773,-6.161863803863525,0.01970663294196129,0.01970641314983368,0.49949637055397034,0.004884667694568634,0.011668928898870945,,0.031797535717487335,0.4309244751930237,0.015626614913344383,0.01562660187482834,0.01970219612121582,0.015626609325408936
130400,17.161136627197266,38.067710876464844,-0.04135051369667053,1.032299566617942,-0.3215693533420563,-0.28021883964538574,0.7846633791923523,-0.32070478796958923,8345600,0,0,-4.927028179168701,-5.155752182006836,0.025715257972478867,0.025699321180582047,0.5119403004646301,0.0018995930440723896,0.00949796475470066,,0.012194540351629257,0.17141495645046234,0.02614695578813553,0.026368549093604088,0.025671202689409256,0.026327895000576973
130600,19.697561264038086,35.179927825927734,-0.02891424298286438,1.039098137230774,0.23155581951141357,0.26047006249427795,0.9169259667396545,0.228175088763237,8358400,0,0,-8.28160285949707,-8.261174201965332,0.01856415532529354,0.018566586077213287,0.5001028180122375,0.003256445284932852,0.011397558264434338,,0.052591048181056976,0.44962042570114136,0.01562865637242794,0.015628676861524582,0.018568139523267746,0.015628693625330925
130800,21.058252334594727,35.760398864746094,-0.05577118694782257,1.0483953190794364,-0.20817989110946655,-0.15240870416164398,0.7230072021484375,-0.20377571880817413,8371200,0,0,-3.60683536529541,-3.369185447692871,0.029346350580453873,0.029333267360925674,0.49715474247932434,0.003799186088144779,0.011668928898870945,,0.013474272564053535,0.12513846158981323,0.01562962308526039,0.015629563480615616,0.02929544262588024,0.015629641711711884
131000,19.694625854492188,33.59435272216797,-0.17628824710845947,1.2636656920292153,0.1551065742969513,0.33139482140541077,0.7626885771751404,0.1517639011144638,8384000,0,0,-2.5946896076202393,-2.563880205154419,0.026689806953072548,0.026686416938900948,0.5018482208251953,0.004341926891356707,0.010583446361124516,,0.012489771470427513,0.9003350734710693,0.016374463215470314,0.016391795128583908,0.0266743004322052,0.016391929239034653
131200,18.36069679260254,33.746971130371094,-0.11008906364440918,1.1602410832784047,0.20288947224617004,0.3129785358905792,0.6655108332633972,0.199258953332901,8396800,0,0,-1.3699681758880615,-1.3851842880249023,0.03477850183844566,0.03481138497591019,0.5012221932411194,0.0027137042488902807,0.011397558264434338,,0.0035096043720841408,0.3649076223373413,0.015660228207707405,0.01566096767783165,0.034745603799819946,0.015660960227251053
131400,19.794666290283203,34.822242736816406,-0.056187648326158524,1.0581209081646301,-0.02292492240667343,0.03326272591948509,0.7020161747932434,-0.0221643578261137,8409600,0,0,-2.270721912384033,-2.4520764350891113,0.030661266297101974,0.031127380207180977,0.49553677439689636,0.0027137042488902807,0.00949796475470066,,0.07450689375400543,0.08668871223926544,0.015629252418875694,0.015629258006811142,0.031046491116285324,0.015629252418875694
131600,19.8268985748291,33.123592376708984,-0.09506164491176605,1.1373752652388205,0.21295319497585297,0.308014839887619,0.7293143272399902,0.20952023565769196,8422400,0,1,-1.9680778980255127,-1.9124119281768799,0.02894820272922516,0.02895207516849041,0.5025749802589417,0.0027137042488902807,0.010583446361124516,,0.04786146059632301,0.35374724864959717,0.015630507841706276,0.015630647540092468,0.028911419212818146,0.015630627050995827
131800,20.321985244750977,34.553375244140625,-0.047331303358078,1.0690754705976426,0.2674572467803955,0.3147885501384735,0.8762681484222412,0.26336777210235596,8435200,0,0,-5.152652263641357,-4.930673599243164,0.02031577192246914,0.020288683474063873,0.5017392635345459,0.003256445284932852,0.010854816995561123,,0.060606278479099274,0.44046247005462646,0.015626640990376472,0.015626654028892517,0.020310889929533005,0.015626654028892517
132000,20.006298065185547,34.356101989746094,-0.07122865319252014,1.1174452601767815,0.32228749990463257,0.3935161530971527,0.8294807076454163,0.31691932678222656,8448000,0,0,-3.04150390625,-2.9894351959228516,0.022579167038202286,0.022556519135832787,0.5003443956375122,0.005970149300992489,0.012483039870858192,,0.028501566499471664,0.5017744302749634,0.01562739536166191,0.015627421438694,0.022553930059075356,0.015627421438694
132200,18.658296585083008,33.279239654541016,-0.15255878865718842,1.224433181673201,0.1676897257566452,0.3202485144138336,0.6762531995773315,0.16598889231681824,8460800,0,1,-1.5948894023895264,-1.5745213031768799,0.03365892916917801,0.033661141991615295,0.4953702986240387,0.003799186088144779,0.014111262746155262,,0.015506334602832794,0.4695856273174286,0.015630347654223442,0.015630405396223068,0.033610839396715164,0.01563044637441635
132400,20.629056930541992,34.408294677734375,-0.05394753813743591,1.0875092594736688,0.3295744061470032,0.3835219442844391,0.8707745671272278,0.3246299624443054,8473600,0,0,-4.27849817276001,-4.195187091827393,0.020589105784893036,0.020586948841810226,0.5008634924888611,0.0027137042488902807,0.008683853782713413,,0.011841872707009315,0.38300666213035583,0.01563616842031479,0.015636278316378593,0.02058345079421997,0.01563621498644352
132600,19.701330184936523,34.19621276855469,-0.06923799216747284,1.0861953196614238,0.12749342620372772,0.19673141837120056,0.8469693064689636,0.12630580365657806,8486400,0,0,-4.709572792053223,-4.710080623626709,0.021735789254307747,0.021721679717302322,0.4933987557888031,0.004884667694568634,0.011668928898870945,,0.017819803208112717,0.406183123588562,0.01563342846930027,0.01563357375562191,0.021733636036515236,0.015633542090654373
132800,20.606782913208008,34.18889236450195,-0.10752683877944946,1.1992682529176655,0.35286468267440796,0.4603915214538574,0.8294957876205444,0.34673789143562317,8499200,0,0,-2.7935407161712646,-2.8025941848754883,0.022677231580018997,0.022682614624500275,0.5031115412712097,0.0035278156865388155,0.009769335389137268,,0.0049626389518380165,0.9554431438446045,0.015717487782239914,0.015719138085842133,0.022669095546007156,0.015719208866357803
133000,19.173200607299805,33.51117706298828,-0.04507266730070114,1.0518838360764196,0.08620461076498032,0.13127727806568146,0.7978342175483704,0.08450789749622345,8512000,0,0,-3.386105537414551,-3.528008460998535,0.02500450797379017,0.025209393352270126,0.4949149489402771,0.002442333847284317,0.010312076658010483,,0.004859147593379021,0.11249853670597076,0.015669509768486023,0.01567019149661064,0.025465160608291626,0.015669915825128555
133200,20.11530113220215,34.352561950683594,-0.08098326623439789,1.115210124746391,0.21609877049922943,0.2970820367336273,0.847574770450592,0.2129155546426773,8524800,0,0,-4.298468112945557,-4.149848461151123,0.021693436428904533,0.021687697619199753,0.5015799403190613,0.0029850746504962444,0.011397558264434338,,0.00913173146545887,0.7431434392929077,0.01564226858317852,0.015642404556274414,0.021684080362319946,0.015642382204532623
133400,19.192480087280273,35.554466247558594,-0.05642424523830414,1.0749168929846207,0.19041791558265686,0.246842160820961,0.854464054107666,0.1872485876083374,8537600,0,0,-4.569167613983154,-4.56900691986084,0.021362589672207832,0.021367106586694717,0.49906155467033386,0.003799186088144779,0.013025781139731407,,0.004573079291731119,0.4781602621078491,0.01566515676677227,0.015665162354707718,0.021362878382205963,0.01566503942012787
133600,19.35312843322754,33.883201599121094,-0.06767399609088898,1.0865018043855172,0.1499839872121811,0.21765798330307007,0.7982825636863708,0.14757628738880157,8550400,0,0,-3.2984485626220703,-3.220513343811035,0.024396443739533424,0.024395573884248734,0.5050132274627686,0.001628222642466426,0.011668928898870945,,0.03530750423669815,0.27051088213920593,0.015632733702659607,0.015632692724466324,0.02438312955200672,0.015632765367627144
133800,20.525915145874023,34.30546188354492,-0.0469038188457489,1.082249000206742,0.38283005356788635,0.42973387241363525,0.8768258690834045,0.3768329620361328,8563200,0,1,-4.12583065032959,-4.0266876220703125,0.020312931388616562,0.020257867872714996,0.5055549144744873,0.005156038329005241,0.01329715084284544,,0.010559379123151302,0.5020319819450378,0.01565820537507534,0.015657778829336166,0.020309871062636375,0.015658248215913773
134000,20.382312774658203,34.387969970703125,-0.05543917417526245,1.083064719912041,0.2771393954753876,0.33257856965065,0.8700017333030701,0.2732086479663849,8576000,0,0,-4.642805576324463,-4.571609973907471,0.020615940913558006,0.02063545398414135,0.4970087707042694,0.0021709634456783533,0.010312076658010483,,0.03230790048837662,0.5258456468582153,0.01563440077006817,0.015634477138519287,0.02063385210931301,0.01563449203968048
134200,19.199176788330078,34.75469207763672,-0.039072224870324135,1.0418678936421577,0.027701346203684807,0.06677357107400894,0.8685575723648071,0.026188170537352562,8588800,0,0,-6.579349040985107,-6.4078049659729,0.020737361162900925,0.020744450390338898,0.5082758069038391,0.003256445284932852,0.010583446361124516,,0.010575713589787483,0.2637608051300049,0.015688737854361534,0.01568876951932907,0.020743124186992645,0.015689250081777573
134400,20.63463592529297,33.93616485595703,-0.08807142078876495,1.1074765205444952,0.09248057007789612,0.18055199086666107,0.8167356848716736,0.09035158157348633,8601600,0,0,-3.946730136871338,-3.9614343643188477,0.02335246652364731,0.023346414789557457,0.5050060153007507,0.005698779132217169,0.012483039870858192,,0.01164143718779087,0.4097599387168884,0.015641795471310616,0.015642106533050537,0.023336350917816162,0.015642032027244568
134600,20.277908325195312,32.460994720458984,-0.1839253380894661,1.25434852205476,0.09295137971639633,0.2768767178058624,0.6287747621536255,0.09131061285734177,8614400,0,0,-1.4527525901794434,-1.4457170963287354,0.03841536119580269,0.038455113768577576,0.5014781951904297,0.004341926891356707,0.00949796475470066,,0.031480174511671066,0.34360286593437195,0.015646912157535553,0.015646815299987793,0.03838533163070679,0.015646930783987045
134800,20.239173889160156,33.95992660522461,-0.05745387077331543,1.0928573338037615,0.32381340861320496,0.3812672793865204,0.7359368801116943,0.31884127855300903,8627200,0,1,-1.584580898284912,-1.5707476139068604,0.02710053324699402,0.02711409144103527,0.49755874276161194,0.0054274084977805614,0.015196744352579117,,0.032652437686920166,0.19601766765117645,0.01564643532037735,0.01564636081457138,0.027058983221650124,0.015646496787667274
135000,18.58237075805664,34.802833557128906,-0.10734887793660164,1.1281309420574894,0.05484507605433464,0.16219395399093628,0.7769535779953003,0.054037805646657944,8640000,0,0,-3.243187427520752,-3.2425036430358887,0.02573111094534397,0.025716079398989677,0.500872790813446,0.004070556256920099,0.011397558264434338,,0.030179642140865326,0.5050908923149109,0.016061654314398766,0.016080781817436218,0.025711320340633392,0.01608145795762539
135200,19.951513290405273,34.523033142089844,-0.06730660796165466,1.1057149751432764,0.29601341485977173,0.3633200228214264,0.8523522019386292,0.29202190041542053,8652800,0,1,-3.9453492164611816,-3.7806320190429688,0.021393321454524994,0.0213864017277956,0.49849721789360046,0.0029850746504962444,0.01112618762999773,,0.0422709621489048,0.5518457889556885,0.01566135324537754,0.015661152079701424,0.02138282172381878,0.015661809593439102
135400,18.68655014038086,34.545265197753906,-0.04791674017906189,1.0658440583933821,0.22435259819030762,0.2722693383693695,0.8549030423164368,0.22066256403923035,8665600,0,0,-4.435604572296143,-4.3557024002075195,0.0213299747556448,0.021335870027542114,0.5024628639221191,0.004341926891356707,0.011668928898870945,,0.008977081626653671,0.30138278007507324,0.015711210668087006,0.01571117341518402,0.021326599642634392,0.015711158514022827
135600,19.713850021362305,34.331024169921875,-0.06697434186935425,1.1004833047690632,0.26650357246398926,0.3334779143333435,0.8333731293678284,0.26081931591033936,8678400,0,0,-3.5914926528930664,-3.5110135078430176,0.022357981652021408,0.02242336980998516,0.50160151720047,0.004070556256920099,0.011940298601984978,,0.013541379012167454,0.41972699761390686,0.015663640573620796,0.015663882717490196,0.022347114980220795,0.01566378027200699
135800,18.98337745666504,34.861106872558594,-0.06232091784477234,1.085524687112908,0.20898985862731934,0.2713107764720917,0.8557072877883911,0.20594698190689087,8691200,0,1,-4.540321350097656,-4.497037410736084,0.021341664716601372,0.021245919167995453,0.49525415897369385,0.004070556256920099,0.01112618762999773,,0.03315424919128418,0.40328073501586914,0.015634287148714066,0.01563429832458496,0.0213359072804451,0.015634406358003616
136000,19.067413330078125,34.80164337158203,-0.053989484906196594,1.0741031007772865,0.2174379676580429,0.2714274525642395,0.8261250853538513,0.21278493106365204,8704000,0,0,-3.4691853523254395,-3.52510404586792,0.022879809141159058,0.022900093346834183,0.502259373664856,0.004613297525793314,0.010583446361124516,,0.016220305114984512,0.3168240189552307,0.01563921943306923,0.01563943549990654,0.022875070571899414,0.015639398247003555
136200,21.69828987121582,34.84027862548828,-0.0442982017993927,1.0595707136237256,0.21207797527313232,0.256376177072525,0.8049692511558533,0.20966699719429016,8716800,0,0,-3.137763023376465,-3.0461063385009766,0.024116355925798416,0.023906800895929337,0.49521714448928833,0.0035278156865388155,0.010040706023573875,,0.044568583369255066,0.14211519062519073,0.015634024515748024,0.015634093433618546,0.02411247044801712,0.01563413441181183
136400,20.63711166381836,34.68523025512695,-0.04914826154708862,1.074809558250625,0.2938733696937561,0.3430216312408447,0.9196105003356934,0.2890563905239105,8729600,0,0,-7.947956085205078,-7.794990539550781,0.01846269704401493,0.018461517989635468,0.5053585767745972,0.005970149300992489,0.011397558264434338,,0.006602606736123562,0.9070988893508911,0.015766652300953865,0.01576695218682289,0.018463529646396637,0.015767082571983337
136600,20.968130111694336,35.200984954833984,-0.028514817357063293,1.031523486825988,0.06692733615636826,0.09544215351343155,0.9013141393661499,0.06621582061052322,8742400,0,0,-8.647905349731445,-8.478508949279785,0.019253382459282875,0.01922636665403843,0.5015614628791809,0.0027137042488902807,0.013568521477282047,,0.05640623718500137,0.24262845516204834,0.015631074085831642,0.01563105545938015,0.01925409957766533,0.01563105173408985
136800,20.805387496948242,34.410301208496094,-0.07026326656341553,1.1650123742972966,0.5039306879043579,0.5741939544677734,0.8678600192070007,0.49652963876724243,8755200,0,0,-2.8929853439331055,-2.759702205657959,0.02069343999028206,0.020688138902187347,0.49527984857559204,0.0035278156865388155,0.010583446361124516,,0.0133685152977705,0.9745924472808838,0.01565096527338028,0.015651140362024307,0.020688390359282494,0.015651196241378784
137000,19.54720115661621,33.702606201171875,-0.08212964236736298,1.1199108257345873,0.2329476922750473,0.3150773346424103,0.7988554239273071,0.22900988161563873,8768000,0,0,-2.8266396522521973,-2.8167576789855957,0.024372519925236702,0.0243608970195055,0.4994315803050995,0.0027137042488902807,0.011397558264434338,,0.009037941694259644,0.5227982401847839,0.016273722052574158,0.01627308875322342,0.024362383410334587,0.01627040095627308
137200,20.158605575561523,34.36247253417969,-0.0487692654132843,1.0801505596739327,0.3427600562572479,0.3915293216705322,0.857578456401825,0.3380075693130493,8780800,0,1,-3.727477550506592,-3.6210813522338867,0.02125372737646103,0.02119164541363716,0.4951009750366211,0.0035278156865388155,0.01329715084284544,,0.080305315554142,0.4434061646461487,0.015629304572939873,0.015629395842552185,0.021248266100883484,0.015629414469003677
137400,19.65662956237793,34.32707977294922,-0.07254135981202126,1.081247163102499,0.03461072966456413,0.10715208947658539,0.7830826640129089,0.03411492705345154,8793600,0,0,-3.571810722351074,-3.4585485458374023,0.025317154824733734,0.025322914123535156,0.4986144006252289,0.004884667694568634,0.01329715084284544,,0.01212236750870943,0.3252459764480591,0.01565806195139885,0.015658212825655937,0.02529234066605568,0.015658246353268623
137600,21.04766845703125,33.80792236328125,-0.10126456618309021,1.2350980868345072,0.46800217032432556,0.5692667365074158,0.8191982507705688,0.46133682131767273,8806400,0,0,-2.0681352615356445,-1.9476430416107178,0.023072516545653343,0.023067733272910118,0.4959541857242584,0.0018995930440723896,0.008141112513840199,,0.009547163732349873,0.9713125228881836,0.015667317435145378,0.015667567029595375,0.023052819073200226,0.015667395666241646
137800,18.057710647583008,35.59895324707031,-0.07162109389901161,1.0805443551081504,0.03916582837700844,0.11078692227602005,0.7973092198371887,0.03816734999418259,8819200,0,0,-3.914328098297119,-3.7478432655334473,0.02462131157517433,0.024640033021569252,0.49486660957336426,0.003256445284932852,0.01112618762999773,,0.018410369753837585,0.3492739796638489,0.015639469027519226,0.015639668330550194,0.02469758503139019,0.015639707446098328
138000,19.750354766845703,34.50636672973633,-0.04973714053630829,1.0707175496401666,0.24694181978702545,0.29667896032333374,0.8671562671661377,0.24296681582927704,8832000,0,0,-4.922980785369873,-4.677692413330078,0.020784936845302582,0.020809337496757507,0.49844789505004883,0.003256445284932852,0.010040706023573875,,0.006831451319158077,0.5168576836585999,0.01577063836157322,0.01577162928879261,0.020816519856452942,0.01577259786427021
138200,20.244060516357422,34.36693572998047,-0.044606611132621765,1.0542328406582628,0.13289155066013336,0.17749816179275513,0.813424289226532,0.130808487534523,8844800,0,0,-3.6682639122009277,-3.6551284790039062,0.023495642468333244,0.023478012531995773,0.5022727251052856,0.0035278156865388155,0.013025781139731407,,0.055981140583753586,0.19139212369918823,0.01563282683491707,0.01563282124698162,0.023478548973798752,0.015632817521691322
138400,20.32396697998047,33.251583099365234,-0.0819128155708313,1.1754927296509463,0.4513281583786011,0.5332409739494324,0.7935221791267395,0.4447578489780426,8857600,0,1,-1.7452902793884277,-1.6606683731079102,0.02466675080358982,0.024660715833306313,0.5006209015846252,0.003799186088144779,0.01112618762999773,,0.014809569343924522,0.4321712255477905,0.01563478633761406,0.015634853392839432,0.02465556189417839,0.015634873881936073
138600,19.8839168548584,34.19936752319336,-0.0347234308719635,1.0501671743987302,0.2731221616268158,0.3078455924987793,0.8759356141090393,0.26927000284194946,8870400,0,1,-4.898146629333496,-4.868261337280273,0.02032468095421791,0.020303700119256973,0.49790099263191223,0.002442333847284317,0.010040706023573875,,0.0542047843337059,0.22495152056217194,0.0156308114528656,0.01563074253499508,0.02031746320426464,0.0156308151781559
138800,21.346851348876953,33.66914367675781,-0.11955881118774414,1.2499595314747927,0.40212851762771606,0.5216873288154602,0.8158981800079346,0.3962586224079132,8883200,0,0,-2.258423089981079,-2.252938985824585,0.023292310535907745,0.023292895406484604,0.49897825717926025,0.0035278156865388155,0.012211669236421585,,0.00982472114264965,0.8625466227531433,0.0156458280980587,0.015645857900381088,0.02328227087855339,0.01564590074121952
139000,17.96013641357422,33.60550308227539,-0.10926584154367447,1.1350325085407382,0.0815524086356163,0.19081825017929077,0.6115442514419556,0.07983913272619247,8896000,0,0,-1.3636643886566162,-1.3676667213439941,0.04092828556895256,0.04096131771802902,0.50279700756073,0.0029850746504962444,0.010312076658010483,,0.006320984568446875,0.20012372732162476,0.015672026202082634,0.01567208766937256,0.04087076708674431,0.015672054141759872
139200,19.214954376220703,34.883888244628906,-0.08497264981269836,1.1298848391771381,0.26081204414367676,0.3457846939563751,0.7207004427909851,0.2571249008178711,8908800,0,0,-1.7080440521240234,-1.7087287902832031,0.0294741652905941,0.029589015990495682,0.48910102248191833,0.0029850746504962444,0.00895522441715002,,0.028497297316789627,0.33309951424598694,0.01663733646273613,0.01665649563074112,0.029697952792048454,0.016652671620249748
139400,19.770519256591797,34.88533401489258,-0.05782541260123253,1.0583435503076015,-0.04894460737705231,0.008880805224180222,0.8016712069511414,-0.04897154122591019,8921600,0,0,-4.221107482910156,-4.406720161437988,0.025031989440321922,0.024598252028226852,0.5171313285827637,0.0018995930440723896,0.010583446361124516,,0.015171656385064125,0.1861172318458557,0.015668673440814018,0.015668563544750214,0.025290731340646744,0.015668688341975212
139600,18.79844856262207,34.59469223022461,-0.07752235233783722,1.0745915019156054,-0.11681436747312546,-0.03929201513528824,0.7618632316589355,-0.11549963802099228,8934400,0,0,-3.710146427154541,-3.6992874145507812,0.026447754353284836,0.026402832940220833,0.500106930732727,0.004884667694568634,0.0127544105052948,,0.03248635306954384,0.24983491003513336,0.015630992129445076,0.01563097909092903,0.026415644213557243,0.01563100703060627
139800,21.543283462524414,34.02378845214844,-0.07260150834918022,1.0808215756802904,0.029104840010404587,0.10170634835958481,0.8298181295394897,0.02813982404768467,8947200,0,0,-5.537940502166748,-5.4447102546691895,0.02193269692361355,0.021705158054828644,0.5021566152572632,0.005156038329005241,0.010040706023573875,,0.0037836090195924044,0.4623521566390991,0.01578252762556076,0.015788864344358444,0.021926045417785645,0.015788758173584938
140000,16.920555114746094,36.50123596191406,-0.08123938890639693,1.0811102045497605,-0.08283209055662155,-0.001592701650224626,0.7338133454322815,-0.08269627392292023,8960000,0,1,-3.1444826126098633,-3.0789899826049805,0.02855679765343666,0.028519723564386368,0.5048096776008606,0.005970149300992489,0.012211669236421585,,0.013592598959803581,0.2212809920310974,0.01567026600241661,0.01567179709672928,0.028493501245975494,0.015672000125050545
140200,20.25794792175293,34.16778564453125,-0.07202713191509247,1.0870620095088004,0.10066446661949158,0.17269159853458405,0.7795159220695496,0.09928403049707413,8972800,0,1,-3.2078261375427246,-3.1323680877685547,0.025628523901104927,0.02547074668109417,0.499224990606308,0.0029850746504962444,0.008141112513840199,,0.006182156037539244,0.22279176115989685,0.01565324328839779,0.015652664005756378,0.025602130219340324,0.01565316505730152
140400,19.404802322387695,34.88353729248047,-0.04250181466341019,1.0504099195957604,0.11437415331602097,0.15687596797943115,0.8594746589660645,0.11289235949516296,8985600,0,0,-5.3195271492004395,-5.317961692810059,0.02110857516527176,0.02110213041305542,0.49902862310409546,0.003799186088144779,0.008141112513840199,,0.04383866488933563,0.27922162413597107,0.01563226617872715,0.01563229411840439,0.021099330857396126,0.015632284805178642
140600,20.79079246520996,34.033206939697266,-0.08507448434829712,1.1759306657312052,0.4313572645187378,0.5164317488670349,0.8204754590988159,0.4252985119819641,8998400,0,0,-2.225449562072754,-2.172250986099243,0.023099752143025398,0.023094788193702698,0.49606001377105713,0.004884667694568634,0.013568521477282047,,0.01937304250895977,0.8283783197402954,0.01563430204987526,0.015634380280971527,0.023085787892341614,0.015634384006261826
140800,18.053722381591797,38.13405990600586,-0.028916984796524048,1.025602820420501,-0.1583622694015503,-0.12944528460502625,0.8488523364067078,-0.15597377717494965,9011200,0,0,-6.701467990875244,-6.6834211349487305,0.021616708487272263,0.02162192016839981,0.49901220202445984,0.003256445284932852,0.015196744352579117,,0.015571572817862034,0.11897796392440796,0.015639016404747963,0.015639061108231544,0.021607834845781326,0.015639057382941246
141000,20.070261001586914,35.482276916503906,-0.04877248406410217,1.0721965379094325,0.2756759524345398,0.32444843649864197,0.8638465404510498,0.2712472677230835,9024000,0,0,-4.4680986404418945,-4.334283828735352,0.020938877016305923,0.02096286416053772,0.5000976920127869,0.004613297525793314,0.011668928898870945,,0.029141269624233246,0.5628647208213806,0.015636177733540535,0.015636581927537918,0.02095690369606018,0.015636563301086426
141200,19.00274658203125,34.38872528076172,-0.06822964549064636,1.0857318136647534,0.13592056930065155,0.2041502147912979,0.7957127690315247,0.13447929918766022,9036800,0,0,-3.3559932708740234,-3.238128185272217,0.02450265735387802,0.024508044123649597,0.4974137842655182,0.0029850746504962444,0.010312076658010483,,0.03181026503443718,0.24269840121269226,0.015628555789589882,0.015628598630428314,0.024486621841788292,0.015628589317202568
141400,19.46832847595215,34.51881408691406,-0.0549929253757,1.0621811117652886,0.060607876628637314,0.11560080200433731,0.8469787836074829,0.05997253209352493,9049600,0,0,-5.169356346130371,-5.150298118591309,0.021675987169146538,0.02169119194149971,0.4943598508834839,0.0035278156865388155,0.011668928898870945,,0.007139111869037151,0.37024009227752686,0.0156701672822237,0.01566973887383938,0.021691586822271347,0.01567017287015915
141600,20.522016525268555,32.55282974243164,-0.08249325305223465,1.1010605239709272,0.10123101621866226,0.1837242692708969,0.6574692726135254,0.10116228461265564,9062400,0,0,-1.6514582633972168,-1.6266820430755615,0.03548873960971832,0.03548114001750946,0.49524691700935364,0.002442333847284317,0.010312076658010483,,0.007378868758678436,0.12445002049207687,0.01563555747270584,0.015635725110769272,0.03543734923005104,0.015635700896382332
141800,20.603515625,34.82138442993164,-0.02709922194480896,1.038789903829685,0.2742854356765747,0.30138465762138367,0.9321113228797913,0.2705543339252472,9075200,0,0,-10.116777420043945,-9.702171325683594,0.017961962148547173,0.017961613833904266,0.49718454480171204,0.004341926891356707,0.009769335389137268,,0.015464073047041893,0.4980534315109253,0.015630660578608513,0.015630671754479408,0.01796017773449421,0.01563066989183426
142000,19.466224670410156,34.927520751953125,-0.06700150668621063,1.0878711595214694,0.17050136625766754,0.23750287294387817,0.8238176107406616,0.16826780140399933,9088000,0,0,-3.7065043449401855,-3.7154860496520996,0.022877974435687065,0.022882819175720215,0.49698925018310547,0.0035278156865388155,0.010040706023573875,,0.029304713010787964,0.36766618490219116,0.015636516734957695,0.015637077391147614,0.022865308448672295,0.015637053176760674
142200,20.90546989440918,34.527591705322266,-0.06207570433616638,1.1037714722424894,0.33972805738449097,0.40180376172065735,0.8913279175758362,0.33459219336509705,9100800,0,0,-5.193836688995361,-5.081780910491943,0.019641732797026634,0.01963791623711586,0.49879634380340576,0.004884667694568634,0.010040706023573875,,0.0030720075592398643,0.7945067286491394,0.015664082020521164,0.01566478982567787,0.019636977463960648,0.01566481590270996
142400,19.657373428344727,34.73150634765625,-0.055246733129024506,1.064684877203265,0.09066285938024521,0.14590959250926971,0.8055016398429871,0.0891362801194191,9113600,0,0,-3.8116297721862793,-3.69083309173584,0.023718368262052536,0.0236971452832222,0.499485045671463,0.005156038329005241,0.0127544105052948,,0.011421013623476028,0.21894583106040955,0.015636611729860306,0.015636684373021126,0.023682674393057823,0.015636641532182693
142600,20.323915481567383,34.4488410949707,-0.07669292390346527,1.1127733311643915,0.2432444840669632,0.31993740797042847,0.8728242516517639,0.23914922773838043,9126400,0,0,-5.036791801452637,-4.958383083343506,0.02047022245824337,0.020468350499868393,0.502154529094696,0.0054274084977805614,0.013839892111718655,,0.008840309455990791,0.7685559988021851,0.015632351860404015,0.015632353723049164,0.020461611449718475,0.015632394701242447
142800,20.578691482543945,33.710514068603516,-0.07017633318901062,1.1125366288260796,0.3062370717525482,0.37641340494155884,0.8310277462005615,0.3013615906238556,9139200,0,0,-3.2498412132263184,-3.114070415496826,0.022538213059306145,0.022543609142303467,0.501943826675415,0.0029850746504962444,0.010583446361124516,,0.012119553051888943,0.507267415523529,0.015628693625330925,0.015628715977072716,0.022532029077410698,0.015628715977072716
143000,20.301837921142578,34.722190856933594,-0.04800546169281006,1.075610430885708,0.3170892596244812,0.36509472131729126,0.908005952835083,0.3122215270996094,9152000,0,1,-6.6445231437683105,-6.43271541595459,0.018938519060611725,0.01893657259643078,0.49994349479675293,0.005698779132217169,0.011397558264434338,,0.008723708800971508,0.6940985918045044,0.016158834099769592,0.01616845093667507,0.018936047330498695,0.016170859336853027
143200,19.89352798461914,34.14144515991211,-0.04699122905731201,1.0718416495161012,0.29891425371170044,0.34590548276901245,0.8646723628044128,0.2937071621417999,9164800,0,1,-4.170198440551758,-4.188223838806152,0.02085421234369278,0.02085180953145027,0.5025019645690918,0.005156038329005241,0.014111262746155262,,0.06158659607172012,0.3823857605457306,0.01562662422657013,0.015626635402441025,0.0208536796271801,0.01562664657831192
143400,19.543601989746094,34.43509292602539,-0.07532188296318054,1.1046327048166682,0.20480871200561523,0.2801305949687958,0.8425222039222717,0.2016887068748474,9177600,0,1,-4.185128688812256,-4.062412261962891,0.021899951621890068,0.021892061457037926,0.49994248151779175,0.0054274084977805614,0.011397558264434338,,0.029712047427892685,0.5986877083778381,0.015628281980752945,0.01562831923365593,0.021891465410590172,0.01562832109630108
143600,19.666851043701172,35.21551513671875,-0.02261561155319214,1.0371772191978552,0.3690653145313263,0.39168092608451843,0.9228515625,0.3624565005302429,9190400,0,0,-7.174028396606445,-7.195880889892578,0.018397320061922073,0.018435604870319366,0.5190596580505371,0.0027137042488902807,0.010312076658010483,,0.050101350992918015,0.38198283314704895,0.015629034489393234,0.015629034489393234,0.01849321648478508,0.015629060566425323
143800,19.05636215209961,35.34346008300781,-0.042411014437675476,1.0589221152508463,0.23780806362628937,0.28021907806396484,0.8939324021339417,0.2342505156993866,9203200,0,0,-6.189115524291992,-6.191781520843506,0.019539030268788338,0.019549738615751266,0.4992403984069824,0.003799186088144779,0.011397558264434338,,0.0024144467897713184,0.5724663734436035,0.015660922974348068,0.015662163496017456,0.01954520307481289,0.01566220633685589
144000,20.853626251220703,35.77665710449219,-0.02490648254752159,1.024093539272439,-0.05864761397242546,-0.03374113142490387,0.9106771349906921,-0.0572914257645607,9216000,0,0,-11.181024551391602,-10.915120124816895,0.01881270855665207,0.018810434266924858,0.49937403202056885,0.0018995930440723896,0.008141112513840199,,0.03453687205910683,0.2078879177570343,0.01562916859984398,0.01562921516597271,0.018813474103808403,0.015629230067133904
144200,20.06235122680664,34.077762603759766,-0.06106938421726227,1.087947385952331,0.24454517662525177,0.30561456084251404,0.8512033224105835,0.24098175764083862,9228800,0,0,-4.08580207824707,-4.081973552703857,0.021504072472453117,0.021506721153855324,0.49884775280952454,0.004613297525793314,0.010312076658010483,,0.0349392294883728,0.5062977075576782,0.015627989545464516,0.015628015622496605,0.02149973437190056,0.01562800072133541
144400,20.339162826538086,34.241329193115234,-0.04708987474441528,1.065191700626995,0.23058083653450012,0.2776707112789154,0.8578991293907166,0.2271486073732376,9241600,0,0,-4.502416610717773,-4.420299053192139,0.02114821784198284,0.021144159138202667,0.49765121936798096,0.004070556256920099,0.012211669236421585,,0.04768332093954086,0.3344265818595886,0.015627427026629448,0.01562744751572609,0.021139414981007576,0.01562744751572609
144600,20.71738624572754,34.56256103515625,-0.05060163140296936,1.0899756506905047,0.38700586557388306,0.4376074969768524,0.8926870822906494,0.38103756308555603,9254400,0,0,-4.73576545715332,-4.7195844650268555,0.019583402201533318,0.019579900428652763,0.5019900798797607,0.003256445284932852,0.010854816995561123,,0.040092334151268005,0.5742846727371216,0.015626393258571625,0.015626395121216774,0.01957845501601696,0.015626396983861923
144800,19.473220825195312,34.39723587036133,-0.05798761546611786,1.0816270756315338,0.2316155582666397,0.28960317373275757,0.8633121252059937,0.22794540226459503,9267200,0,1,-4.765268802642822,-4.627727031707764,0.02094692923128605,0.020950736477971077,0.5011481642723083,0.004341926891356707,0.00949796475470066,,0.010375993326306343,0.5021940469741821,0.015702731907367706,0.015702255070209503,0.020943934097886086,0.015703145414590836
145000,20.73309326171875,34.62983322143555,-0.07531633973121643,1.116611727613655,0.27881088852882385,0.3541272282600403,0.8572185039520264,0.27454113960266113,9280000,0,1,-4.154000759124756,-4.060408592224121,0.02120325341820717,0.021212663501501083,0.501399040222168,0.004613297525793314,0.0127544105052948,,0.006109488196671009,0.841721773147583,0.015640301629900932,0.015640202909708023,0.021198555827140808,0.015640411525964737
145200,21.10883903503418,34.58708953857422,-0.06746229529380798,1.106833397809576,0.30106574296951294,0.3685280382633209,0.8967308402061462,0.29655641317367554,9292800,0,0,-5.911114692687988,-5.77764892578125,0.019403375685214996,0.019399791955947876,0.4992291033267975,0.0027137042488902807,0.012211669236421585,,0.006311324425041676,1.097314476966858,0.01564178802073002,0.01564200595021248,0.019400110468268394,0.01564195193350315
145400,18.754451751708984,36.755680084228516,-0.05763940513134003,1.0677699121503443,0.09184443950653076,0.1494838446378708,0.8220756649971008,0.09020241349935532,9305600,0,0,-4.267373561859131,-4.11182165145874,0.02305022068321705,0.023038268089294434,0.5014915466308594,0.004070556256920099,0.00949796475470066,,0.06519311666488647,0.4332920014858246,0.015626218169927597,0.01562626287341118,0.02302856557071209,0.01562625728547573
145600,21.601930618286133,33.85749053955078,-0.07396471500396729,1.2187886176926663,0.5879705548286438,0.6619352698326111,0.8593403100967407,0.579646110534668,9318400,0,0,-1.9789390563964844,-1.9325697422027588,0.02106989361345768,0.021069763228297234,0.4970848262310028,0.004884667694568634,0.0127544105052948,,0.005486554466187954,0.753119707107544,0.015651293098926544,0.015651699155569077,0.021061137318611145,0.015651632100343704
145800,21.141437530517578,33.86967849731445,-0.06481049954891205,1.0904384524286637,0.2185640186071396,0.28337451815605164,0.8529729843139648,0.2159261852502823,9331200,0,0,-4.569607734680176,-4.32510232925415,0.021406037732958794,0.02140800654888153,0.49483782052993774,0.0029850746504962444,0.012483039870858192,,0.07472160458564758,0.5084814429283142,0.015625817701220512,0.01562582701444626,0.021402470767498016,0.015625828877091408
146000,16.731691360473633,35.36883544921875,-0.06156054884195328,1.0557510028564225,-0.16576577723026276,-0.10420522838830948,0.7688950896263123,-0.16351483762264252,9344000,0,0,-4.109173774719238,-4.051023960113525,0.026305710896849632,0.026318108662962914,0.5011184215545654,0.0027137042488902807,0.0127544105052948,,0.01146969385445118,0.21316714584827423,0.0156299639493227,0.015629993751645088,0.02629666030406952,0.01563001237809658
146200,18.93672752380371,34.733909606933594,-0.07986237108707428,1.1115555060074591,0.20423956215381622,0.2841019332408905,0.8140493631362915,0.2012033611536026,9356800,0,0,-3.5512781143188477,-3.286987781524658,0.02345072291791439,0.023460160940885544,0.5003495216369629,0.0029850746504962444,0.010854816995561123,,0.023532528430223465,0.6380877494812012,0.015627145767211914,0.015627168118953705,0.02344593033194542,0.01562715880572796
146400,19.313716888427734,34.8297119140625,-0.049910739064216614,1.0672831952162072,0.2082882970571518,0.2581990361213684,0.8335890769958496,0.2051786333322525,9369600,0,0,-3.8464059829711914,-3.7657155990600586,0.022406894713640213,0.022405650466680527,0.4990440607070923,0.003256445284932852,0.010583446361124516,,0.023599814623594284,0.317790687084198,0.01563434675335884,0.01563452184200287,0.02239522896707058,0.01563447341322899
146600,20.494037628173828,34.27056884765625,-0.06329406797885895,1.0882744906418826,0.2196916788816452,0.28298574686050415,0.8575786352157593,0.21568772196769714,9382400,0,0,-4.572621822357178,-4.487170219421387,0.021198835223913193,0.021189792081713676,0.5048816204071045,0.004070556256920099,0.013568521477282047,,0.040144890546798706,0.5776135325431824,0.015629205852746964,0.015629203990101814,0.02118513360619545,0.01562919281423092
146800,19.797183990478516,34.9078369140625,-0.02446189522743225,1.0345648109207293,0.2678271532058716,0.29228904843330383,0.890744686126709,0.26355913281440735,9395200,0,0,-5.71849250793457,-5.714788913726807,0.019648954272270203,0.019649460911750793,0.5005356073379517,0.003256445284932852,0.010854816995561123,,0.09885339438915253,0.1989065408706665,0.015626102685928345,0.015626100823283195,0.019652413204312325,0.015626100823283195
147000,20.250429153442383,34.262054443359375,-0.05075135827064514,1.0692229798929616,0.21609097719192505,0.2668423354625702,0.865441083908081,0.21238967776298523,9408000,0,0,-4.819666862487793,-4.8313822746276855,0.02084485813975334,0.0208389014005661,0.5011070966720581,0.0029850746504962444,0.011668928898870945,,0.08707914501428604,0.39034152030944824,0.015625817701220512,0.01562582328915596,0.020840846002101898,0.01562582328915596
147200,21.047409057617188,34.124839782714844,-0.05675555765628815,1.076471505898793,0.2010652869939804,0.25782084465026855,0.8738199472427368,0.1991845816373825,9420800,0,0,-5.474781036376953,-5.341323375701904,0.020390816032886505,0.020390957593917847,0.49174070358276367,0.0029850746504962444,0.012211669236421585,,0.04616396129131317,0.5445948243141174,0.01562640629708767,0.015626423060894012,0.020386096090078354,0.015626419335603714
147400,20.87981414794922,33.69597625732422,-0.08724161982536316,1.1769586672505357,0.41975274682044983,0.506994366645813,0.8357287049293518,0.41343364119529724,9433600,0,0,-2.6369829177856445,-2.5373306274414062,0.022299015894532204,0.022294407710433006,0.5003114938735962,0.0029850746504962444,0.009226595051586628,,0.03629472479224205,0.6638636589050293,0.015630220994353294,0.015630211681127548,0.02228827215731144,0.015630267560482025
147600,19.360939025878906,34.46416091918945,-0.05660994350910187,1.0753717316738427,0.19231346249580383,0.2489234060049057,0.8438917994499207,0.18815504014492035,9446400,0,1,-4.2946624755859375,-4.187039375305176,0.022029215469956398,0.022054843604564667,0.5064841508865356,0.004884667694568634,0.011668928898870945,,0.005313053261488676,0.4299619197845459,0.015696434304118156,0.01569635048508644,0.022066300734877586,0.015697699040174484
147800,20.40302085876465,33.73461151123047,-0.06150558590888977,1.104964867182723,0.3525308668613434,0.41403645277023315,0.8156010508537292,0.34627974033355713,9459200,0,0,-2.509859800338745,-2.5177230834960938,0.023357482627034187,0.023363443091511726,0.5060781240463257,0.004884667694568634,0.010040706023573875,,0.06303860247135162,0.3687382936477661,0.01562674529850483,0.015626784414052963,0.0233470406383276,0.015626786276698112
148000,18.88375473022461,34.59508514404297,-0.058512717485427856,1.09143727024381,0.3015653192996979,0.36007803678512573,0.8462890386581421,0.297321081161499,9472000,0,1,-3.850220203399658,-3.5513834953308105,0.021727582439780235,0.021726634353399277,0.5007884502410889,0.002442333847284317,0.010312076658010483,,0.039989713579416275,0.48384416103363037,0.015626942738890648,0.015626944601535797,0.021720627322793007,0.01562696322798729
148200,20.239242553710938,34.471458435058594,-0.061288684606552124,1.0827126786501304,0.19772836565971375,0.25901705026626587,0.8531185984611511,0.19418010115623474,9484800,0,0,-4.614292144775391,-4.470834255218506,0.021416911855340004,0.021416986361145973,0.5031681060791016,0.004613297525793314,0.013839892111718655,,0.06492900848388672,0.47761857509613037,0.01562671735882759,0.01562674716114998,0.021413356065750122,0.01562674529850483
148400,21.489540100097656,34.33881759643555,-0.046963147819042206,1.0544774906198493,0.09097167104482651,0.1379348188638687,0.8434168696403503,0.08942276239395142,9497600,0,0,-4.9055376052856445,-4.813020706176758,0.021902291104197502,0.02191002108156681,0.4997090995311737,0.004613297525793314,0.010854816995561123,,0.034532345831394196,0.28319674730300903,0.01562781073153019,0.01562783122062683,0.021902699023485184,0.015627840533852577
148600,18.88158416748047,37.844940185546875,-0.04077625274658203,1.0374783690643268,-0.12877057492733002,-0.08799432218074799,0.8293235898017883,-0.1273675113916397,9510400,0,0,-5.8858819007873535,-5.624689102172852,0.022621814161539078,0.022622000426054,0.5016416311264038,0.004341926891356707,0.011940298601984978,,0.07440510392189026,0.23098048567771912,0.015628071501851082,0.015628069639205933,0.022612757980823517,0.01562810130417347
148800,18.403745651245117,36.108314514160156,-0.03232252970337868,1.0326319173416663,-0.02284139394760132,0.009481135755777359,0.8453401923179626,-0.02123224548995495,9523200,0,1,-5.585519790649414,-5.650576114654541,0.021810047328472137,0.02180047146975994,0.49684327840805054,0.003799186088144779,0.010312076658010483,,0.031201398000121117,0.11074084043502808,0.015629660338163376,0.015629682689905167,0.02187659591436386,0.015629727393388748
149000,18.39957046508789,35.778053283691406,-0.03326660394668579,1.0370655373204902,0.0692257285118103,0.1024923324584961,0.8563501238822937,0.06785494834184647,9536000,0,0,-5.461657524108887,-5.493122100830078,0.021259866654872894,0.02125782147049904,0.49917563796043396,0.0027137042488902807,0.012211669236421585,,0.05230478569865227,0.19278240203857422,0.01562812738120556,0.015628157183527946,0.021254561841487885,0.015628159046173096
149200,20.246841430664062,35.383060455322266,-0.02768614888191223,1.0347453347865396,0.17548316717147827,0.2031693160533905,0.893457293510437,0.17241868376731873,9548800,0,0,-6.827340126037598,-6.781341552734375,0.01952008716762066,0.019538231194019318,0.5059876441955566,0.0035278156865388155,0.010312076658010483,,0.09289056062698364,0.2571268677711487,0.01562606729567051,0.015626084059476852,0.01952681876718998,0.015626082196831703
149400,18.44723892211914,34.931640625,-0.04667149484157562,1.0565788839529808,0.12843604385852814,0.17510753870010376,0.8957156538963318,0.126029834151268,9561600,0,0,-7.436731338500977,-7.367812156677246,0.01947200298309326,0.01947047933936119,0.5050348043441772,0.003799186088144779,0.007869742810726166,,0.012105345726013184,0.4956236481666565,0.01566186547279358,0.015662070363759995,0.019471274688839912,0.015662167221307755
149600,18.70025634765625,35.695186614990234,-0.03303194046020508,1.0419531615235402,0.17961522936820984,0.21264716982841492,0.9008919596672058,0.17669343948364258,9574400,0,0,-7.3675336837768555,-7.288421630859375,0.01925032213330269,0.019249645993113518,0.5031454563140869,0.007327001541852951,0.012483039870858192,,0.07425649464130402,0.42112118005752563,0.015625836327672005,0.01562584564089775,0.01924978755414486,0.01562584564089775
149800,20.463054656982422,33.698951721191406,-0.042627185583114624,1.0677165639135964,0.32787859439849854,0.37050577998161316,0.8238098621368408,0.3232142925262451,9587200,0,0,-2.8230292797088623,-2.8191723823547363,0.022930782288312912,0.022936202585697174,0.4999229311943054,0.004070556256920099,0.009226595051586628,,0.090831458568573,0.2166055142879486,0.015625568106770515,0.01562557741999626,0.02292393147945404,0.01562557741999626
150000,19.957935333251953,34.52414321899414,-0.061768800020217896,1.090587123962825,0.2563594579696655,0.3181282579898834,0.8461607098579407,0.2528555691242218,9600000,0,0,-3.8655214309692383,-3.8446736335754395,0.021710379049181938,0.02170383185148239,0.4975690245628357,0.004884667694568634,0.011940298601984978,,0.03101441264152527,0.5610592365264893,0.015626443549990654,0.015626471489667892,0.021698931232094765,0.015626464039087296
150200,21.136699676513672,34.66240692138672,-0.029970914125442505,1.050947457029578,0.38175803422927856,0.41172894835472107,0.9279752969741821,0.3761223256587982,9612800,0,1,-7.589181900024414,-7.593873023986816,0.01813359372317791,0.018132612109184265,0.4991067945957184,0.0035278156865388155,0.010583446361124516,,0.10215675085783005,0.6848546266555786,0.015625810250639915,0.01562581956386566,0.018134132027626038,0.01562582142651081
150400,20.22881507873535,34.513790130615234,-0.07839889108436182,1.0850350913932263,-0.00035816460149362683,0.0780407264828682,0.7879848480224609,-0.0005736512830480933,9625600,0,1,-3.71879243850708,-3.7270870208740234,0.0250677652657032,0.025077249854803085,0.49782904982566833,0.0054274084977805614,0.011668928898870945,,0.01700969599187374,0.3268258273601532,0.015645544975996017,0.01564555987715721,0.025065114721655846,0.01564551703631878
150600,17.736282348632812,32.88371658325195,-0.08680619299411774,1.100046031240001,0.045531272888183594,0.13233746588230133,0.6421423554420471,0.045311011373996735,9638400,0,0,-1.7234218120574951,-1.6704375743865967,0.036716386675834656,0.03668612241744995,0.49511533975601196,0.0035278156865388155,0.00895522441715002,,0.0057428572326898575,0.14781638979911804,0.015646817162632942,0.01564694195985794,0.03662336617708206,0.015646981075406075
150800,19.95515251159668,34.128501892089844,-0.06149005889892578,1.0869965377025446,0.23169952630996704,0.2931895852088928,0.8302232623100281,0.22808952629566193,9651200,0,0,-3.5352187156677246,-3.5320653915405273,0.022551584988832474,0.02256116271018982,0.5016745328903198,0.004884667694568634,0.0127544105052948,,0.028401728719472885,0.4248063266277313,0.01562834531068802,0.015628373250365257,0.022546397522091866,0.015628373250365257
151000,18.68305206298828,35.429656982421875,-0.0352615537121892,1.0360180622903394,-0.014257964678108692,0.021003589034080505,0.8614721298217773,-0.014632822014391422,9664000,0,0,-6.480635643005371,-6.340510368347168,0.020915625616908073,0.02091243863105774,0.501609742641449,0.004070556256920099,0.010583446361124516,,0.02472543530166149,0.2431403398513794,0.015628723427653313,0.015628868713974953,0.020904136821627617,0.01562887243926525
151200,20.08942222595215,34.83739471435547,-0.047106146812438965,1.07577694112792,0.3312516212463379,0.37835776805877686,0.8837477564811707,0.32628974318504333,9676800,0,0,-5.054708957672119,-4.760859966278076,0.019948212429881096,0.01994846761226654,0.49897417426109314,0.003799186088144779,0.012483039870858192,,0.01776745915412903,0.618391752243042,0.015628846362233162,0.015628859400749207,0.019944749772548676,0.01562885008752346
151400,18.59600067138672,36.40528869628906,-0.0379483625292778,1.0427148706197678,0.0736405998468399,0.1115889623761177,0.8288885951042175,0.07300277054309845,9689600,0,0,-4.544103622436523,-4.423277378082275,0.022627323865890503,0.022643212229013443,0.4989463984966278,0.0018995930440723896,0.010854816995561123,,0.10072856396436691,0.18090960383415222,0.0156256053596735,0.015625614672899246,0.022632872685790062,0.015625616535544395
151600,18.79462432861328,34.40121841430664,-0.049632370471954346,1.0744951028921377,0.28411751985549927,0.3337498903274536,0.7933633923530579,0.279507040977478,9702400,0,1,-2.5129194259643555,-2.471351385116577,0.02464596927165985,0.024640744552016258,0.5031084418296814,0.005156038329005241,0.012211669236421585,,0.06649318337440491,0.23660536110401154,0.01562548615038395,0.01562548615038395,0.024613304063677788,0.0156254880130291
151800,21.07314682006836,34.3004150390625,-0.06524941325187683,1.1215307181868523,0.39785411953926086,0.4631035327911377,0.8679041266441345,0.39180153608322144,9715200,0,1,-3.7777833938598633,-3.569499969482422,0.02066764421761036,0.02066291682422161,0.5016292929649353,0.004070556256920099,0.012483039870858192,,0.010800525546073914,0.8143327236175537,0.015630261972546577,0.01563025265932083,0.020657991990447044,0.01563030108809471
152000,19.898582458496094,34.699432373046875,-0.046794623136520386,1.085144042432579,0.4036117494106293,0.45040637254714966,0.8741260766983032,0.39782387018203735,9728000,0,0,-3.8041763305664062,-3.7444515228271484,0.02041805163025856,0.020414957776665688,0.4980994462966919,0.005156038329005241,0.012211669236421585,,0.023418869823217392,0.5891261100769043,0.01562834344804287,0.015628352761268616,0.020410528406500816,0.015628347173333168
152200,19.041364669799805,33.95378875732422,-0.06056290864944458,1.0808370455423757,0.19023963809013367,0.25080254673957825,0.7805453538894653,0.18748518824577332,9740800,0,0,-2.772007942199707,-2.7000420093536377,0.024968452751636505,0.024939024820923805,0.4980572760105133,0.004613297525793314,0.00949796475470066,,0.00828905962407589,0.27855706214904785,0.01564488559961319,0.015644926577806473,0.02490883506834507,0.01564495638012886
152400,19.074642181396484,34.521087646484375,-0.10203194618225098,1.1431376381493665,0.18514403700828552,0.2871759831905365,0.8060517907142639,0.18277686834335327,9753600,0,1,-3.423647403717041,-3.2062087059020996,0.023873798549175262,0.02388088032603264,0.4987737238407135,0.004341926891356707,0.010040706023573875,,0.0050673093646764755,0.8079652786254883,0.01568128727376461,0.01568053476512432,0.023864323273301125,0.015681680291891098
152600,20.04172706604004,34.46360778808594,-0.05019339919090271,1.0737071647736496,0.2688226103782654,0.3190160095691681,0.8070399165153503,0.2636306583881378,9766400,0,0,-2.8181493282318115,-2.819795608520508,0.023732654750347137,0.02372921258211136,0.5014997720718384,0.003256445284932852,0.011397558264434338,,0.032644275575876236,0.31182044744491577,0.01563260704278946,0.015632661059498787,0.023772206157445908,0.015632672235369682
152800,20.936420440673828,33.89479064941406,-0.10340014100074768,1.1844901394029224,0.33613553643226624,0.4395356774330139,0.8240603804588318,0.3311291038990021,9779200,0,0,-2.8524997234344482,-2.7825846672058105,0.02284531481564045,0.02284828945994377,0.49805623292922974,0.004613297525793314,0.010312076658010483,,0.008610939607024193,0.871947169303894,0.015639929100871086,0.015639962628483772,0.022830232977867126,0.015640022233128548
153000,18.138671875,37.81264877319336,-0.051987798884510994,1.051448529191474,-0.06246953085064888,-0.010481731966137886,0.7743208408355713,-0.06163015589118004,9792000,0,1,-3.7942886352539062,-3.7163572311401367,0.025895150378346443,0.02585180662572384,0.495332270860672,0.002442333847284317,0.010854816995561123,,0.07809025049209595,0.2334183305501938,0.01562783494591713,0.015627827495336533,0.025901418179273605,0.01562786102294922
153200,19.591716766357422,33.57298278808594,-0.09030159562826157,1.1024549040598604,0.028319455683231354,0.11862105131149292,0.7318199872970581,0.02857690490782261,9804800,0,0,-2.630049705505371,-2.6286158561706543,0.028934048488736153,0.02890460006892681,0.49660277366638184,0.002442333847284317,0.009769335389137268,,0.0103044044226408,0.3148425817489624,0.016234202310442924,0.0162284467369318,0.028898660093545914,0.01621014066040516
153400,19.040254592895508,34.19206237792969,-0.08204209804534912,1.1159047121829633,0.21011698246002197,0.2921590805053711,0.7958267331123352,0.2070206254720688,9817600,0,1,-3.0157904624938965,-2.875149726867676,0.024501819163560867,0.02449958398938179,0.5015851259231567,0.0035278156865388155,0.009226595051586628,,0.03215992450714111,0.5289371609687805,0.015662340447306633,0.015661802142858505,0.02448357082903385,0.015662329271435738
153600,19.774702072143555,33.29085922241211,-0.12145969271659851,1.164481828146718,0.14010193943977356,0.26156163215637207,0.7717224359512329,0.13749372959136963,9830400,0,0,-2.9099199771881104,-2.7704315185546875,0.026057209819555283,0.026050647720694542,0.5010516047477722,0.003256445284932852,0.009769335389137268,,0.04688837006688118,0.6898472905158997,0.015626363456249237,0.015626370906829834,0.02603049762547016,0.015626374632120132
153800,21.71306037902832,33.897605895996094,-0.10584044456481934,1.2665900794767249,0.49714386463165283,0.6029843091964722,0.833354651927948,0.48955127596855164,9843200,0,0,-2.0312294960021973,-2.026505947113037,0.022369446232914925,0.022370420396327972,0.5015244483947754,0.003256445284932852,0.010854816995561123,,0.024383723735809326,1.1944797039031982,0.015626704320311546,0.015626713633537292,0.02235795557498932,0.015626709908246994
154000,19.693138122558594,34.778770446777344,-0.03042587637901306,1.039678990247832,0.20277345180511475,0.2331993281841278,0.8812581300735474,0.20000861585140228,9856000,0,0,-5.712289333343506,-5.7368340492248535,0.020069919526576996,0.020072920247912407,0.49856916069984436,0.003799186088144779,0.011940298601984978,,0.11292561143636703,0.2862672805786133,0.0156254842877388,0.01562548615038395,0.020065410062670708,0.01562548615038395
154200,20.323596954345703,34.870201110839844,-0.041426703333854675,1.0534801394242992,0.18395483493804932,0.225381538271904,0.8404119610786438,0.18121197819709778,9868800,0,0,-4.2323689460754395,-4.121494770050049,0.02201412431895733,0.02201765775680542,0.49985405802726746,0.003799186088144779,0.011397558264434338,,0.09726639091968536,0.25615978240966797,0.015625497326254845,0.015625499188899994,0.022005397826433182,0.015625499188899994
154400,21.386363983154297,34.1107292175293,-0.13468164205551147,1.2621778866442244,0.3516150712966919,0.48629671335220337,0.8385979533195496,0.34667205810546875,9881600,0,1,-3.040454387664795,-3.0273046493530273,0.02206098474562168,0.022069450467824936,0.4993976652622223,0.004070556256920099,0.0127544105052948,,0.02107183076441288,1.246218204498291,0.015627318993210793,0.015627268701791763,0.022048329934477806,0.015627309679985046
154600,19.67274284362793,34.131446838378906,-0.05624499171972275,1.067428877844561,0.1096169725060463,0.16586196422576904,0.8183461427688599,0.1084698960185051,9894400,0,0,-3.937385082244873,-3.9130544662475586,0.0231988113373518,0.023199647665023804,0.496165931224823,0.003799186088144779,0.010583446361124516,,0.06545303761959076,0.3259980082511902,0.01562688499689102,0.015626925975084305,0.023183178156614304,0.01562691293656826
154800,20.332767486572266,32.90025329589844,-0.1496315747499466,1.203017526831433,0.11333070695400238,0.262962281703949,0.6082859635353088,0.11141102015972137,9907200,0,0,-1.2625608444213867,-1.268174648284912,0.04067130759358406,0.04071208834648132,0.4977406859397888,0.004070556256920099,0.009226595051586628,,0.005068069323897362,0.3450669050216675,0.015712693333625793,0.015712911263108253,0.0405556820333004,0.0157132800668478
155000,19.034320831298828,32.64371871948242,-0.1973754893988371,1.238386437168606,-0.025339914485812187,0.1720355749130249,0.45266759395599365,-0.02454189397394657,9920000,0,1,-0.9099299907684326,-0.8752323389053345,0.06995727866888046,0.07005296647548676,0.49684739112854004,0.0013568521244451404,0.007055631373077631,,0.009683479554951191,0.21299901604652405,0.015667106956243515,0.01566716842353344,0.06975320726633072,0.015667209401726723
155200,19.867719650268555,31.85806655883789,-0.17877840995788574,1.3831862776723451,0.354664146900177,0.5334425568580627,0.621839165687561,0.349305659532547,9932800,0,0,-0.741118311882019,-0.7088594436645508,0.03910880163311958,0.03914046660065651,0.49915918707847595,0.005156038329005241,0.016282225027680397,,0.03041277639567852,0.4145848751068115,0.015629952773451805,0.015630017966032028,0.03901929408311844,0.015630003064870834
155400,19.87233543395996,33.141910552978516,-0.14353251457214355,1.2305401707398613,0.23387527465820312,0.3774077892303467,0.7353438138961792,0.23034128546714783,9945600,0,1,-2.0353145599365234,-1.8978486061096191,0.028619403019547462,0.02862647920846939,0.501236617565155,0.0029850746504962444,0.009769335389137268,,0.008241752162575722,0.5470885038375854,0.015663903206586838,0.01566495932638645,0.02859480306506157,0.015665236860513687
155600,20.583566665649414,33.35429382324219,-0.0892379879951477,1.2051762018546872,0.4758285880088806,0.5650665760040283,0.7772666215896606,0.46747368574142456,9958400,0,1,-1.3423793315887451,-1.357290267944336,0.025676578283309937,0.02573540434241295,0.5000360012054443,0.003256445284932852,0.009226595051586628,,0.007258971221745014,0.554124116897583,0.015658820047974586,0.015658538788557053,0.025726554915308952,0.015658777207136154
155800,19.71516227722168,34.53777313232422,-0.12240254133939743,1.1567188380694942,0.09656473249197006,0.2189672738313675,0.8113251328468323,0.0957309752702713,9971200,0,0,-3.8717479705810547,-3.796915054321289,0.023557469248771667,0.023559771478176117,0.4941563010215759,0.004884667694568634,0.012483039870858192,,0.016303502023220062,0.7693612575531006,0.015635376796126366,0.015635300427675247,0.023544589057564735,0.015635330229997635
156000,18.571632385253906,34.11780548095703,-0.08119288086891174,1.1028280806786352,0.1292087882757187,0.21040166914463043,0.7935088872909546,0.12621697783470154,9984000,0,0,-3.3295907974243164,-3.2252049446105957,0.024704299867153168,0.02471320331096649,0.505584716796875,0.004613297525793314,0.010312076658010483,,0.004247077740728855,0.3794780373573303,0.01573217660188675,0.015732720494270325,0.02468823455274105,0.015732143074274063
156200,20.5694580078125,34.261505126953125,-0.0662970244884491,1.129982280925482,0.4236563444137573,0.4899533689022064,0.8586753606796265,0.4170856773853302,9996800,0,0,-3.270860195159912,-3.0879759788513184,0.02110391855239868,0.02110351249575615,0.5008912682533264,0.0054274084977805614,0.011668928898870945,,0.03240393102169037,0.6482887268066406,0.015629401430487633,0.015629388391971588,0.021092254668474197,0.01562940701842308
156400,18.764266967773438,38.17686462402344,-0.04028692841529846,1.0316773188424,-0.31207790970802307,-0.2717909812927246,0.8527613878250122,-0.3068847060203552,10009600,0,1,-8.371295928955078,-7.925525665283203,0.021413210779428482,0.02141721174120903,0.500058650970459,0.0035278156865388155,0.014382632449269295,,0.0666162520647049,0.2673652768135071,0.01562686078250408,0.015626851469278336,0.021415503695607185,0.015626873821020126
156600,21.323383331298828,34.53390884399414,-0.06748609989881516,1.0811815533212237,0.10121544450521469,0.16870154440402985,0.8511036038398743,0.09975309669971466,10022400,0,0,-5.153579235076904,-5.042253017425537,0.021510589867830276,0.021502181887626648,0.49697691202163696,0.003799186088144779,0.012211669236421585,,0.04782894253730774,0.5001001954078674,0.015631094574928284,0.015631193295121193,0.021499574184417725,0.015631163492798805
156800,17.329896926879883,34.983848571777344,-0.06343929469585419,1.0704854334501535,0.03652659058570862,0.0999658852815628,0.7813249230384827,0.03552253544330597,10035200,0,1,-3.5595011711120605,-3.410991668701172,0.025411324575543404,0.025402436032891273,0.5034199357032776,0.004341926891356707,0.011668928898870945,,0.05281112715601921,0.263877809047699,0.015629224479198456,0.01562918722629547,0.02538721263408661,0.0156292412430048
157000,19.35504913330078,32.657958984375,-0.14200684428215027,1.2776742018517095,0.34657782316207886,0.4885846674442291,0.641776442527771,0.3425776958465576,10048000,0,1,-0.8279893398284912,-0.8255465030670166,0.036842528730630875,0.03682311251759529,0.49701395630836487,0.003799186088144779,0.01112618762999773,,0.03028620034456253,0.4440569281578064,0.01562786102294922,0.015627902001142502,0.03675171360373497,0.015627902001142502
157200,21.472671508789062,33.46919250488281,-0.1538625955581665,1.3172905740564198,0.3612109422683716,0.5150735378265381,0.7944954633712769,0.3557157516479492,10060800,0,1,-2.123673439025879,-2.1129586696624756,0.024578547105193138,0.024588119238615036,0.503746747970581,0.0054274084977805614,0.010040706023573875,,0.007236671168357134,1.019026279449463,0.01565982960164547,0.0156601183116436,0.024568799883127213,0.015660060569643974
157400,23.105905532836914,34.66441345214844,-0.1044762022793293,1.098861336131487,-0.1612715721130371,-0.05679536983370781,0.6348394751548767,-0.15891940891742706,10073600,0,0,-2.243616819381714,-2.1825485229492188,0.037879060953855515,0.03785407543182373,0.49622243642807007,0.004341926891356707,0.0127544105052948,,0.008134972304105759,0.17178349196910858,0.015657875686883926,0.015657979995012283,0.0378064289689064,0.01565808802843094
157600,20.739831924438477,33.94840621948242,-0.09457408636808395,1.1192961695362238,0.11265874654054642,0.20723283290863037,0.8295078277587891,0.11071115732192993,10086400,0,0,-4.323114395141602,-4.210927963256836,0.02257639542222023,0.02257068082690239,0.5023436546325684,0.0029850746504962444,0.01112618762999773,,0.00936823058873415,0.6933922171592712,0.015654342249035835,0.015654468908905983,0.022568803280591965,0.01565449871122837
157800,21.31177520751953,34.57962417602539,-0.05202338099479675,1.0655776115690294,0.15466652810573578,0.20668990910053253,0.862710177898407,0.1524256020784378,10099200,0,0,-5.3081207275390625,-5.175734996795654,0.020893022418022156,0.020889418199658394,0.49856093525886536,0.004341926891356707,0.013025781139731407,,0.016648195683956146,0.2953375577926636,0.015638329088687897,0.01563839241862297,0.020894480869174004,0.01563834398984909
158000,19.832897186279297,34.157596588134766,-0.1109561175107956,1.1621525609783292,0.20477397739887238,0.31573009490966797,0.8252586722373962,0.20238173007965088,10112000,0,0,-3.6682796478271484,-3.5580010414123535,0.022802049294114113,0.022801872342824936,0.496620237827301,0.002442333847284317,0.012211669236421585,,0.010816818103194237,0.7661158442497253,0.015649713575839996,0.015650266781449318,0.022789787501096725,0.015650132670998573
158200,19.969173431396484,33.137577056884766,-0.06375396251678467,1.1255138095653272,0.42830222845077515,0.4920561909675598,0.6700149178504944,0.42056509852409363,10124800,0,0,-0.7555296421051025,-0.7376407384872437,0.03307116776704788,0.03311818465590477,0.5030056834220886,0.004884667694568634,0.011668928898870945,,0.006792453583329916,0.11526120454072952,0.016348332166671753,0.016356507316231728,0.032987479120492935,0.016352608799934387
158400,21.358631134033203,33.314796447753906,-0.12302970886230469,1.3945911411526801,0.5651799440383911,0.6882096529006958,0.7968964576721191,0.5567885041236877,10137600,0,1,-1.159475564956665,-1.1433489322662354,0.024416040629148483,0.0244162455201149,0.5047644376754761,0.003799186088144779,0.012211669236421585,,0.013161864131689072,0.8455724716186523,0.015681251883506775,0.01568298414349556,0.02439510077238083,0.015683896839618683
158600,20.491350173950195,34.65686798095703,-0.049971845000982285,1.0520896131395874,-0.009315598756074905,0.04065624624490738,0.8642473816871643,-0.008628579787909985,10150400,0,0,-6.60543966293335,-6.449353218078613,0.02089010924100876,0.02086642198264599,0.4954155385494232,0.003256445284932852,0.012483039870858192,,0.005743062123656273,0.22634783387184143,0.01582217775285244,0.015822704881429672,0.020882438868284225,0.015822768211364746
158800,20.47675323486328,34.6107177734375,-0.04901754856109619,1.085970321883001,0.38081419467926025,0.42983174324035645,0.8944578766822815,0.3751481771469116,10163200,0,0,-4.912384986877441,-4.876753330230713,0.019508104771375656,0.019513942301273346,0.5000853538513184,0.002442333847284317,0.010583446361124516,,0.0128393042832613,0.7006843090057373,0.015672804787755013,0.015672974288463593,0.01950785517692566,0.015673000365495682
159000,20.817230224609375,34.48241424560547,-0.04351375997066498,1.0589077508050557,0.21780993044376373,0.2613236904144287,0.8633875846862793,0.2142236977815628,10176000,0,0,-4.831745624542236,-4.732934474945068,0.020912526175379753,0.020914021879434586,0.5000678896903992,0.004070556256920099,0.0127544105052948,,0.04596959426999092,0.31731095910072327,0.015638738870620728,0.015638845041394234,0.02091197296977043,0.01563883014023304
159200,19.00851821899414,34.144874572753906,-0.08101657032966614,1.1159815652426783,0.22045370936393738,0.3014702796936035,0.7877727746963501,0.21649792790412903,10188800,0,0,-2.7273006439208984,-2.677574872970581,0.02502448484301567,0.025017619132995605,0.5017351508140564,0.004341926891356707,0.012483039870858192,,0.004853088408708572,0.36318540573120117,0.01587989367544651,0.015879668295383453,0.025008734315633774,0.01587950438261032
159400,20.869516372680664,34.00395584106445,-0.09350353479385376,1.2136440100431394,0.4688360095024109,0.5623395442962646,0.8424530625343323,0.4618813693523407,10201600,0,1,-2.446836233139038,-2.3766112327575684,0.021911054849624634,0.021904367953538895,0.49974510073661804,0.004070556256920099,0.011940298601984978,,0.028523273766040802,0.9001286029815674,0.015635009855031967,0.015634940937161446,0.021900832653045654,0.015635032206773758
159600,20.99875831604004,34.390811920166016,-0.06060546636581421,1.0964530701099933,0.3110530376434326,0.3716585040092468,0.8896694779396057,0.3066202700138092,10214400,0,0,-5.264251708984375,-5.259581089019775,0.019705861806869507,0.01970255747437477,0.49680012464523315,0.0029850746504962444,0.01112618762999773,,0.027951370924711227,0.790019154548645,0.015630649402737617,0.015630612149834633,0.019698528572916985,0.01563062146306038
159800,20.46849822998047,33.81623077392578,-0.06905904412269592,1.1055856620860756,0.27688392996788025,0.34594297409057617,0.8257814645767212,0.27307072281837463,10227200,0,0,-3.18820858001709,-3.1591720581054688,0.022764889523386955,0.022762533277273178,0.4963385760784149,0.005156038329005241,0.0127544105052948,,0.021797645837068558,0.3979591727256775,0.015635153278708458,0.015635112300515175,0.022757261991500854,0.01563512720167637
160000,20.994461059570312,34.206024169921875,-0.0762474536895752,1.108281152458444,0.21959072351455688,0.2958381772041321,0.8419221639633179,0.21723221242427826,10240000,0,0,-3.9765357971191406,-3.9381117820739746,0.022027626633644104,0.021933812648057938,0.4928796589374542,0.0021709634456783533,0.010583446361124516,,0.025293853133916855,0.3903207778930664,0.015634002164006233,0.01563408598303795,0.022026363760232925,0.01563410274684429
160200,20.19096565246582,35.180145263671875,-0.032094672322273254,1.0299571557998202,-0.10344712436199188,-0.07135245203971863,0.8946660757064819,-0.102128766477108,10252800,0,0,-9.566855430603027,-9.532939910888672,0.019579263404011726,0.01953110098838806,0.4983440339565277,0.0035278156865388155,0.01329715084284544,,0.009785155765712261,0.19900286197662354,0.0156497061252594,0.015649713575839996,0.01958615332841873,0.01564977876842022
160400,18.804500579833984,35.32179260253906,-0.07655581645667553,1.083766583089064,0.00952584482729435,0.08608166128396988,0.8038386106491089,0.006898294202983379,10265600,0,0,-3.812140941619873,-4.063002586364746,0.02441697008907795,0.024785621091723442,0.5018451809883118,0.0029850746504962444,0.011397558264434338,,0.0059505002573132515,0.28511887788772583,0.01565568521618843,0.01565573364496231,0.024824019521474838,0.01565568707883358
160600,19.56411361694336,34.80792236328125,-0.03432545065879822,1.0392113546250425,0.09027886390686035,0.12460431456565857,0.8665646910667419,0.08610302954912186,10278400,0,0,-5.885801792144775,-5.9085612297058105,0.021151114255189896,0.020916767418384552,0.4865322709083557,0.003256445284932852,0.009226595051586628,,0.039245009422302246,0.1684383749961853,0.015630751848220825,0.01563081331551075,0.021218977868556976,0.01563081704080105
160800,21.00705909729004,34.287296295166016,-0.09181144833564758,1.1717837809504903,0.3737291991710663,0.46554064750671387,0.8554031252861023,0.3678629994392395,10291200,0,0,-3.4498672485351562,-3.340157985687256,0.021273551508784294,0.02126365900039673,0.5012232661247253,0.003256445284932852,0.008683853782713413,,0.006242174655199051,1.0459773540496826,0.016607025638222694,0.01661239005625248,0.02126379869878292,0.01661672629415989
161000,19.96627426147461,34.43153381347656,-0.04764971137046814,1.0741205784381236,0.30948278307914734,0.3571324944496155,0.8679382801055908,0.30443188548088074,10304000,0,0,-4.422358512878418,-4.234165191650391,0.020693032070994377,0.020691033452749252,0.49896493554115295,0.003256445284932852,0.013839892111718655,,0.036419548094272614,0.5141897201538086,0.015636667609214783,0.015637021511793137,0.020685462281107903,0.015636984258890152
161200,19.94212532043457,33.70659637451172,-0.052160561084747314,1.0718251345578882,0.22162345051765442,0.27378401160240173,0.8150051832199097,0.21818123757839203,10316800,0,0,-3.3013548851013184,-3.2163257598876953,0.02346125803887844,0.02335033379495144,0.49753713607788086,0.0029850746504962444,0.009769335389137268,,0.05474618822336197,0.2215978503227234,0.015629347413778305,0.015629326924681664,0.023446224629878998,0.0156293585896492
161400,20.463027954101562,33.333518981933594,-0.10935705900192261,1.2595972586113389,0.46938633918762207,0.5787433981895447,0.7577862739562988,0.462690532207489,10329600,0,0,-1.1975719928741455,-1.1948833465576172,0.0268938560038805,0.026907440274953842,0.495425820350647,0.004613297525793314,0.009226595051586628,,0.013273511081933975,0.6689779758453369,0.01563800871372223,0.015638036653399467,0.026873791590332985,0.01563810184597969
161600,19.16749382019043,34.90373992919922,-0.054964570328593254,1.0590305369306348,0.013914467766880989,0.06887903809547424,0.8246942162513733,0.014092222787439823,10342400,0,0,-4.641837120056152,-4.632114887237549,0.022854583337903023,0.02284792810678482,0.5003967881202698,0.003799186088144779,0.009769335389137268,,0.018834609538316727,0.225068598985672,0.015639450401067734,0.015639524906873703,0.022846413776278496,0.015639513731002808
161800,19.834312438964844,34.701602935791016,-0.04425685852766037,1.0432797785762913,-0.0668327584862709,-0.022575899958610535,0.8144329786300659,-0.06599012017250061,10355200,0,0,-4.797675609588623,-4.7579474449157715,0.02342856116592884,0.02347210980951786,0.4975895583629608,0.004070556256920099,0.010040706023573875,,0.009034842252731323,0.1714019626379013,0.01565968431532383,0.015660028904676437,0.023461636155843735,0.015659907832741737
162000,17.64756202697754,34.89631652832031,-0.05243152379989624,1.0696193897188617,0.19445179402828217,0.2468833178281784,0.8322697877883911,0.19188261032104492,10368000,0,0,-3.8085150718688965,-3.8095955848693848,0.02249884605407715,0.022491393610835075,0.49953746795654297,0.004613297525793314,0.013025781139731407,,0.0462370440363884,0.3372749090194702,0.01562824286520481,0.01562824472784996,0.02249041199684143,0.01562824472784996
162200,20.638200759887695,35.07894515991211,-0.04034315049648285,1.0517609877696548,0.1802445501089096,0.22058770060539246,0.8351696133613586,0.1769018918275833,10380800,0,0,-4.032196044921875,-3.9807372093200684,0.022367039695382118,0.022371405735611916,0.4998438060283661,0.0013568521244451404,0.007869742810726166,,0.0065389168448746204,0.23027725517749786,0.01564457081258297,0.015644729137420654,0.02237718738615513,0.015644634142518044
162400,21.37126350402832,33.5899543762207,-0.14658980071544647,1.241443858312849,0.24627195298671722,0.3928617537021637,0.8049659132957458,0.24313445389270782,10393600,0,1,-2.9574811458587646,-2.871352434158325,0.023917220532894135,0.023914173245429993,0.49619466066360474,0.0018995930440723896,0.009769335389137268,,0.003902978263795376,0.8129552602767944,0.015641286969184875,0.015641633421182632,0.02389534004032612,0.01564164087176323
162600,19.047243118286133,34.02699661254883,-0.17994709312915802,1.25794831799569,0.12244381010532379,0.3023909032344818,0.6609808802604675,0.12053372710943222,10406400,0,0,-1.5964105129241943,-1.5907647609710693,0.03514085337519646,0.035136252641677856,0.49534767866134644,0.003799186088144779,0.012211669236421585,,0.01575254276394844,0.5592902898788452,0.015631234273314476,0.01563122496008873,0.035086050629615784,0.015631232410669327
162800,19.693979263305664,33.31725311279297,-0.1126047670841217,1.189686866154401,0.29376021027565,0.40636497735977173,0.7285536527633667,0.2891087234020233,10419200,0,0,-1.6549959182739258,-1.6057672500610352,0.02912590280175209,0.029121454805135727,0.4998016655445099,0.004070556256920099,0.012483039870858192,,0.019712813198566437,0.4823550879955292,0.01565445028245449,0.01565484330058098,0.029087325558066368,0.015654830262064934
163000,21.474905014038086,33.68893814086914,-0.09519857168197632,1.2762031348977212,0.5601327419281006,0.6553313136100769,0.8281986713409424,0.5507623553276062,10432000,0,1,-1.6311073303222656,-1.5639755725860596,0.022690149024128914,0.02272050455212593,0.5052424073219299,0.004884667694568634,0.01112618762999773,,0.01180938258767128,0.9638457298278809,0.015653803944587708,0.015653401613235474,0.022707713767886162,0.015653731301426888
163200,20.79021453857422,34.24958038330078,-0.03946335893124342,1.0415669747273923,0.011144504882395267,0.05060786381363869,0.8407930731773376,0.010851582512259483,10444800,0,0,-5.414283752441406,-5.222016334533691,0.022050032392144203,0.022036202251911163,0.5005838871002197,0.002442333847284317,0.009769335389137268,,0.020192690193653107,0.14984500408172607,0.015636853873729706,0.015637140721082687,0.022048136219382286,0.015637142583727837
163400,16.519798278808594,38.405845642089844,-0.03568562865257263,1.031408371187824,-0.1718677133321762,-0.13618208467960358,0.8443784117698669,-0.1694498062133789,10457600,0,1,-6.573277473449707,-6.537716865539551,0.02184625342488289,0.021844755858182907,0.503714919090271,0.0035278156865388155,0.01112618762999773,,0.02581060118973255,0.1559603363275528,0.015632396563887596,0.015632599592208862,0.02183912880718708,0.015632620081305504
163600,20.666818618774414,34.27043914794922,-0.07894307374954224,1.1410316491570387,0.36130261421203613,0.44024568796157837,0.8598188161849976,0.3562544286251068,10470400,0,0,-3.6037368774414062,-3.5772628784179688,0.021039534360170364,0.0210417527705431,0.4982885420322418,0.0027137042488902807,0.011668928898870945,,0.033454932272434235,0.7668351531028748,0.015631621703505516,0.015631649643182755,0.021034792065620422,0.015631673857569695
163800,19.78805160522461,35.14084243774414,-0.049470752477645874,1.0799929315513659,0.33209019899368286,0.38156095147132874,0.9035072326660156,0.32718774676322937,10483200,0,0,-5.937684535980225,-5.931663990020752,0.019119272008538246,0.01911729946732521,0.5,0.0029850746504962444,0.012483039870858192,,0.016220606863498688,0.7902263402938843,0.015636177733540535,0.0156362596899271,0.019113164395093918,0.015636255964636803
164000,19.510631561279297,33.529510498046875,-0.11085429787635803,1.2225388644744704,0.39101114869117737,0.5018654465675354,0.7502992153167725,0.3850853443145752,10496000,0,0,-1.5191452503204346,-1.4406793117523193,0.027496853843331337,0.02750973217189312,0.4993226230144501,0.003256445284932852,0.010040706023573875,,0.012814803048968315,0.5934066772460938,0.015635397285223007,0.015635449439287186,0.027508879080414772,0.01563543826341629
164200,20.747636795043945,33.83851623535156,-0.10645589232444763,1.1767734093438138,0.29132744669914246,0.3977833390235901,0.8136868476867676,0.28758880496025085,10508800,0,1,-2.7907097339630127,-2.810107946395874,0.02344704419374466,0.023448854684829712,0.4985383450984955,0.004070556256920099,0.011668928898870945,,0.018630757927894592,0.7068991661071777,0.015636643394827843,0.01563696376979351,0.023430056869983673,0.015636973083019257
164400,21.23450469970703,34.844703674316406,-0.04225042462348938,1.0623763748472148,0.2804029881954193,0.3226534128189087,0.8949746489524841,0.2761073112487793,10521600,0,1,-5.8622565269470215,-5.863837718963623,0.01948397420346737,0.01948469877243042,0.49907386302948,0.0035278156865388155,0.013025781139731407,,0.05477738752961159,0.533249020576477,0.015628604218363762,0.015628600493073463,0.019483022391796112,0.015628617256879807
164600,19.91181182861328,34.18077850341797,-0.03848172724246979,1.0510290177947759,0.20740367472171783,0.24588540196418762,0.8410061001777649,0.20460502803325653,10534400,0,1,-4.079619407653809,-4.001163482666016,0.021991679444909096,0.02198171615600586,0.5029347538948059,0.003799186088144779,0.013025781139731407,,0.016851874068379402,0.2232251763343811,0.015662893652915955,0.015662118792533875,0.02197817713022232,0.015662843361496925
164800,19.817232131958008,34.76358413696289,-0.051893264055252075,1.0761961178269,0.2670580744743347,0.3189513385295868,0.8832951784133911,0.2627969980239868,10547200,0,0,-5.300607204437256,-5.288683891296387,0.020002273842692375,0.019998418167233467,0.5007175207138062,0.0021709634456783533,0.008683853782713413,,0.030884062871336937,0.5656942129135132,0.015628252178430557,0.015628255903720856,0.019997727125883102,0.015628254041075706
165000,22.078792572021484,34.294734954833984,-0.06751777976751328,1.0602447238999022,-0.18824297189712524,-0.12072519212961197,0.8641647100448608,-0.18555322289466858,10560000,0,0,-7.761147499084473,-7.770625114440918,0.02085801027715206,0.020863164216279984,0.50018709897995,0.005156038329005241,0.01329715084284544,,0.03141269087791443,0.4396243691444397,0.01562906615436077,0.015629079192876816,0.020852651447057724,0.015629077330231667
165200,19.51293182373047,34.235939025878906,-0.03224644064903259,1.0496121465439874,0.3177828788757324,0.350029319524765,0.8691499829292297,0.3128907084465027,10572800,0,1,-4.279043197631836,-4.225270748138428,0.020668378099799156,0.020666589960455894,0.49939048290252686,0.003799186088144779,0.011397558264434338,,0.019496850669384003,0.2029823660850525,0.01563948020339012,0.01563941314816475,0.020664561539888382,0.015639521181583405
165400,19.59998893737793,35.113136291503906,-0.025225937366485596,1.032061443404332,0.1879742592573166,0.21320019662380219,0.9313294887542725,0.18543604016304016,10585600,0,0,-11.172466278076172,-10.874576568603516,0.018044795840978622,0.018050778657197952,0.4915659725666046,0.0035278156865388155,0.011668928898870945,,0.021556582301855087,0.4067225754261017,0.015631232410669327,0.015631230548024178,0.01805628091096878,0.015631219372153282
165600,16.72504425048828,33.87571716308594,-0.07370676659047604,1.0751975111918028,-0.053882379084825516,0.01982438750565052,0.7212784886360168,-0.05258278548717499,10598400,0,1,-2.915288209915161,-2.787355661392212,0.02962050773203373,0.0295921191573143,0.500277578830719,0.004884667694568634,0.013025781139731407,,0.03755004703998566,0.17111174762248993,0.015628596767783165,0.01562858559191227,0.029562044888734818,0.01562860608100891
165800,18.087121963500977,36.633079528808594,-0.030935756862163544,1.0348141473156334,0.08046695590019226,0.1114027127623558,0.8324795961380005,0.07943706959486008,10611200,0,0,-4.573454856872559,-4.498297214508057,0.022474829107522964,0.02249450981616974,0.4960024654865265,0.003799186088144779,0.010854816995561123,,0.045371077954769135,0.18134599924087524,0.01562720537185669,0.01562720723450184,0.022497311234474182,0.01562720350921154
166000,21.144651412963867,34.189598083496094,-0.053511977195739746,1.0803543502777933,0.28053805232048035,0.3340500295162201,0.8642343282699585,0.2761596441268921,10624000,0,0,-4.270740509033203,-4.310481071472168,0.02087210863828659,0.020875122398138046,0.5006322264671326,0.003256445284932852,0.010312076658010483,,0.05081963539123535,0.4851972460746765,0.015626579523086548,0.015626581385731697,0.020865172147750854,0.015626585111021996
166200,20.129531860351562,38.72637939453125,-0.019164666533470154,1.0169274567782052,-0.15132921934127808,-0.13216455280780792,0.8861002922058105,-0.1492106169462204,10636800,0,1,-9.418705940246582,-9.139261245727539,0.019848648458719254,0.019848071038722992,0.5019530653953552,0.0035278156865388155,0.010040706023573875,,0.06655508279800415,0.14840374886989594,0.01562822423875332,0.015628185123205185,0.01984586752951145,0.015628227964043617
166400,18.437957763671875,35.074928283691406,-0.041941121220588684,1.0473743880527755,0.07274673134088516,0.11468785256147385,0.8653149604797363,0.07138840109109879,10649600,0,0,-5.883206367492676,-5.896764755249023,0.020845932886004448,0.02085958421230316,0.49717944860458374,0.004070556256920099,0.012483039870858192,,0.021981650963425636,0.27437934279441833,0.015632523223757744,0.015632525086402893,0.020857278257608414,0.01563253253698349
166600,18.514249801635742,35.379356384277344,-0.052071548998355865,1.0583241453111478,0.055132701992988586,0.10720425099134445,0.8541780114173889,0.0539417564868927,10662400,0,0,-5.616302967071533,-5.492179870605469,0.021435627713799477,0.021337199956178665,0.4890444576740265,0.0035278156865388155,0.00895522441715002,,0.07649125158786774,0.3554045855998993,0.01562555693089962,0.01562555693089962,0.02143082767724991,0.01562556065618992
166800,18.600900650024414,34.80448532104492,-0.03835459053516388,1.0496093575783312,0.18851323425769806,0.22686782479286194,0.8678116798400879,0.18517045676708221,10675200,0,0,-5.211135387420654,-5.147686958312988,0.02074112556874752,0.02075410820543766,0.5015408992767334,0.0035278156865388155,0.012483039870858192,,0.09296183288097382,0.25732648372650146,0.015625309199094772,0.01562531292438507,0.020754748955368996,0.01562531292438507
167000,20.829833984375,34.530235290527344,-0.04602348804473877,1.0590341078463896,0.17436808347702026,0.22039157152175903,0.8847017884254456,0.17153552174568176,10688000,0,1,-6.439558982849121,-6.173221111297607,0.019968893378973007,0.019992556422948837,0.4981333613395691,0.0029850746504962444,0.009769335389137268,,0.05708345025777817,0.4737168550491333,0.0156257227063179,0.015625713393092155,0.01999087817966938,0.01562572456896305
167200,20.400665283203125,34.50428771972656,-0.039123713970184326,1.0733814686098235,0.4277210533618927,0.466844767332077,0.8945461511611938,0.4211080074310303,10700800,0,0,-4.257718086242676,-4.432122230529785,0.019657190889120102,0.01977461948990822,0.4880906045436859,0.0021709634456783533,0.008412483148276806,,0.07514013350009918,0.41329240798950195,0.015625346451997757,0.015625346451997757,0.019795453175902367,0.015625350177288055
167400,20.109651565551758,34.337310791015625,-0.0647411197423935,1.0924362569611705,0.2348722368478775,0.299613356590271,0.8663705587387085,0.23231542110443115,10713600,0,0,-4.82181453704834,-4.735677242279053,0.020768018439412117,0.020765308290719986,0.49059972167015076,0.0027137042488902807,0.01112618762999773,,0.07629106938838959,0.7003504633903503,0.015628667548298836,0.015628628432750702,0.020762596279382706,0.015628697350621223
167600,17.291399002075195,35.192054748535156,-0.0741782896220684,1.0852443362541127,0.055637333542108536,0.12981562316417694,0.6312917470932007,0.054700449109077454,10726400,0,0,-1.566457748413086,-1.5640521049499512,0.03823249787092209,0.03822809457778931,0.4986976981163025,0.003256445284932852,0.010583446361124516,,0.0072658490389585495,0.18085581064224243,0.015637053176760674,0.015637580305337906,0.038185521960258484,0.01563756912946701
167800,20.8410701751709,35.008544921875,-0.022613734006881714,1.0346347079035763,0.3244650959968567,0.3470788300037384,0.9401842951774597,0.3194712698459625,10739200,0,1,-10.355670928955078,-10.310315132141113,0.017664236947894096,0.017662174999713898,0.5024063587188721,0.004341926891356707,0.012211669236421585,,0.10390689224004745,0.5303173661231995,0.01562565378844738,0.01562565006315708,0.017662497237324715,0.01562565751373768
168000,18.231000900268555,36.04684829711914,-0.04845236986875534,1.0571717533744052,0.10405971854925156,0.1525120884180069,0.8650597929954529,0.10134758800268173,10752000,0,0,-5.768507480621338,-5.653481960296631,0.021013718098402023,0.0210120752453804,0.49725648760795593,0.003256445284932852,0.00949796475470066,,0.021306844428181648,0.4440661668777466,0.01562945544719696,0.01562950201332569,0.021030087023973465,0.015629488974809647
168200,20.266582489013672,34.885597229003906,-0.05255219340324402,1.0792945347374707,0.28470107913017273,0.33725327253341675,0.873773992061615,0.27654513716697693,10764800,0,0,-4.500314235687256,-4.691221714019775,0.020622339099645615,0.02077580615878105,0.5032235980033875,0.003256445284932852,0.013839892111718655,,0.004866668023169041,0.6393393874168396,0.015771925449371338,0.015771886333823204,0.020780188962817192,0.01577192172408104
168400,20.356021881103516,33.54047775268555,-0.08422917127609253,1.1609936110373276,0.3925875127315521,0.47681668400764465,0.7882190942764282,0.3862614929676056,10777600,0,0,-1.926206111907959,-1.8732266426086426,0.024959011003375053,0.024956075474619865,0.5034805536270142,0.0029850746504962444,0.00949796475470066,,0.03760090842843056,0.5477132797241211,0.01563005894422531,0.01563006080687046,0.024934884160757065,0.015630075708031654
168600,18.708694458007812,33.97866439819336,-0.1064482182264328,1.1637939367881267,0.24366070330142975,0.35010892152786255,0.7856128215789795,0.24016986787319183,10790400,0,1,-2.6113176345825195,-2.5322811603546143,0.025105034932494164,0.025107843801379204,0.4971517026424408,0.0035278156865388155,0.008683853782713413,,0.02123500406742096,0.5828688740730286,0.015650073066353798,0.015650544315576553,0.025093983858823776,0.015650508925318718
168800,21.138444900512695,34.05851745605469,-0.07721260190010071,1.1744322892407932,0.48013654351234436,0.5573491454124451,0.8507389426231384,0.47317349910736084,10803200,0,0,-2.549445867538452,-2.4905354976654053,0.02149016223847866,0.021491464227437973,0.4979349374771118,0.004613297525793314,0.00949796475470066,,0.005537661723792553,0.8452721238136292,0.015664054080843925,0.015663886442780495,0.02148338221013546,0.01566421240568161
169000,18.687280654907227,33.73775100708008,-0.06679910980165005,1.0658025257642194,-0.08194418251514435,-0.0151450727134943,0.7934485673904419,-0.07925233989953995,10816000,0,0,-4.339285850524902,-4.246789932250977,0.024618512019515038,0.02460118755698204,0.49442461133003235,0.003256445284932852,0.010040706023573875,,0.024468090385198593,0.21267816424369812,0.015629589557647705,0.015629619359970093,0.024592645466327667,0.01562962494790554
169200,20.395814895629883,34.937252044677734,-0.0512506365776062,1.0825885598665317,0.3281956613063812,0.3794462978839874,0.891228199005127,0.3227614462375641,10828800,0,0,-5.186205863952637,-5.1842145919799805,0.01965913362801075,0.019657425582408905,0.5032132863998413,0.0035278156865388155,0.012211669236421585,,0.020161714404821396,0.7487729787826538,0.015630001202225685,0.01563006266951561,0.019652869552373886,0.015630068257451057
169400,20.48958396911621,34.11579132080078,-0.049585938453674316,1.0851408095169428,0.3680148720741272,0.4176008105278015,0.8489596843719482,0.36148935556411743,10841600,0,1,-3.209470748901367,-3.1939120292663574,0.021670255810022354,0.021669328212738037,0.5060051083564758,0.004070556256920099,0.0127544105052948,,0.0458214096724987,0.44048619270324707,0.01562626287341118,0.015626266598701477,0.021693075075745583,0.015626275911927223
169600,16.76784896850586,34.77195739746094,-0.03398285061120987,1.0376115944321658,0.06249654293060303,0.0964793935418129,0.8509036898612976,0.06250875443220139,10854400,0,0,-5.2076592445373535,-5.305751800537109,0.02183639444410801,0.02165345847606659,0.49402886629104614,0.003256445284932852,0.010583446361124516,,0.09730947017669678,0.12368986010551453,0.015625668689608574,0.015625672414898872,0.02190859615802765,0.015625670552253723
169800,20.672401428222656,34.22083282470703,-0.04547521471977234,1.0728390088420516,0.3301997780799866,0.3756749927997589,0.8698583841323853,0.32532885670661926,10867200,0,0,-4.236415386199951,-4.157363414764404,0.020605815574526787,0.020604142919182777,0.4986935257911682,0.0035278156865388155,0.010312076658010483,,0.05981145054101944,0.3738841414451599,0.015625454485416412,0.01562546193599701,0.020596593618392944,0.01562546007335186
170000,16.900907516479492,35.69896697998047,-0.08272042870521545,1.0729142931177507,-0.21720895171165466,-0.1344885230064392,0.6915459036827087,-0.21391600370407104,10880000,0,1,-3.0134897232055664,-2.9865243434906006,0.03271200507879257,0.03124493546783924,0.490841269493103,0.004613297525793314,0.008412483148276806,,0.02986225113272667,0.13189169764518738,0.01562775857746601,0.01562778651714325,0.03265511617064476,0.015627799555659294
170200,17.73443603515625,34.13288879394531,-0.08856581151485443,1.1224013995013125,0.18786557018756866,0.2764313817024231,0.6989638209342957,0.18512409925460815,10892800,0,0,-1.7365245819091797,-1.7007901668548584,0.03161050006747246,0.03161368891596794,0.49748677015304565,0.0018995930440723896,0.009769335389137268,,0.03383703529834747,0.216261625289917,0.015627123415470123,0.01562717743217945,0.03157985210418701,0.01562718115746975
170400,21.36676597595215,34.15873336791992,-0.07341217994689941,1.1431697758998225,0.4138247072696686,0.487236887216568,0.874961793422699,0.40724697709083557,10905600,0,0,-3.826803684234619,-3.696044445037842,0.02036544680595398,0.02036295458674431,0.5031372308731079,0.003799186088144779,0.010583446361124516,,0.006060400977730751,1.0258352756500244,0.01564202271401882,0.015642091631889343,0.020364074036478996,0.015642093494534492
170600,20.310121536254883,35.1956787109375,-0.051368728280067444,1.0699464001484595,0.21422995626926422,0.26559868454933167,0.8748555183410645,0.21047380566596985,10918400,0,0,-5.512745380401611,-5.308095455169678,0.020484160631895065,0.020537812262773514,0.49645575881004333,0.0027137042488902807,0.010583446361124516,,0.03800284489989281,0.42315807938575745,0.015627393499016762,0.015627384185791016,0.020527133718132973,0.015627391636371613
170800,21.442934036254883,34.71367645263672,-0.04961138963699341,1.079673300995269,0.3277033567428589,0.3773147463798523,0.9217673540115356,0.32288292050361633,10931200,0,0,-8.009936332702637,-7.607612609863281,0.018378829583525658,0.01837771385908127,0.4969923496246338,0.004341926891356707,0.014654003083705902,,0.016531333327293396,1.054890513420105,0.015631141141057014,0.015631137415766716,0.018377812579274178,0.01563115231692791
171000,20.760169982910156,35.250370025634766,-0.07363918423652649,1.0686945992211296,-0.14561842381954193,-0.07197923958301544,0.766200065612793,-0.14342625439167023,10944000,0,1,-3.918990135192871,-3.9084506034851074,0.02664489485323429,0.02642691880464554,0.49135833978652954,0.003799186088144779,0.010040706023573875,,0.043524596840143204,0.18924014270305634,0.015628278255462646,0.015628263354301453,0.026634788140654564,0.01562827080488205
171200,20.59822654724121,33.09904479980469,-0.10291993618011475,1.1631092194904895,0.2660922110080719,0.36901214718818665,0.7742862105369568,0.26132822036743164,10956800,0,1,-2.2418906688690186,-2.254638671875,0.02593258209526539,0.02592567726969719,0.5032009482383728,0.003256445284932852,0.011397558264434338,,0.04327595233917236,0.3883912265300751,0.015628190711140633,0.01562826707959175,0.025926271453499794,0.015628289431333542
171400,21.56539535522461,33.79236602783203,-0.09525495767593384,1.2158080508266296,0.4633576273918152,0.558612585067749,0.8457971811294556,0.45581427216529846,10969600,0,0,-2.4692912101745605,-2.4880776405334473,0.021775444969534874,0.021773017942905426,0.5056874752044678,0.0054274084977805614,0.011940298601984978,,0.021563079208135605,0.8852294683456421,0.015631230548024178,0.01563127338886261,0.02176574058830738,0.015631286427378654
171600,20.231033325195312,35.692962646484375,-0.043584853410720825,1.050297897069399,0.08988083899021149,0.1334656924009323,0.8183725476264954,0.0798957496881485,10982400,0,0,-3.6211915016174316,-4.429558753967285,0.02400003932416439,0.024607906118035316,0.5098485350608826,0.0027137042488902807,0.011940298601984978,,0.02408948726952076,0.21582123637199402,0.015641171485185623,0.015641722828149796,0.024347789585590363,0.015641702339053154
171800,20.486312866210938,34.1766242980957,-0.12120118737220764,1.1252851076315606,-0.08860417455434799,0.03259701281785965,0.7642439603805542,-0.08623906224966049,10995200,0,0,-3.6251182556152344,-3.6250720024108887,0.026439497247338295,0.026426371186971664,0.4941481053829193,0.004613297525793314,0.013839892111718655,,0.012407626025378704,0.4565022587776184,0.015633704140782356,0.0156337209045887,0.026412134990096092,0.01563374698162079
172000,19.82858657836914,33.742454528808594,-0.06933566927909851,1.1295171052759767,0.3953244686126709,0.4646601378917694,0.7775905728340149,0.38966360688209534,11008000,0,1,-1.8901548385620117,-1.7240839004516602,0.02560153231024742,0.025587700307369232,0.4979451894760132,0.0027137042488902807,0.011668928898870945,,0.06147712841629982,0.2530028223991394,0.01562829688191414,0.01562846638262272,0.025570599362254143,0.015628471970558167
172200,17.652183532714844,32.7846794128418,-0.2000933662056923,1.2655569386221914,0.04642089456319809,0.24651426076889038,0.6594772934913635,0.04532353952527046,11020800,0,0,-1.8844571113586426,-1.8021376132965088,0.03538725525140762,0.035379450768232346,0.5022491216659546,0.003799186088144779,0.010583446361124516,,0.026628896594047546,0.5174540877342224,0.015630457550287247,0.015630502253770828,0.035319264978170395,0.01563049666583538
172400,20.114070892333984,32.62419128417969,-0.09342449903488159,1.1556706016770462,0.3064332902431488,0.3998577892780304,0.6971957683563232,0.3018905222415924,11033600,0,0,-1.2799043655395508,-1.2928380966186523,0.03164016455411911,0.03162150830030441,0.49728837609291077,0.0029850746504962444,0.012483039870858192,,0.01375714410096407,0.2584611773490906,0.015644649043679237,0.01564466580748558,0.03160446882247925,0.015644686296582222
172600,20.061147689819336,33.545814514160156,-0.10801184177398682,1.246199449571473,0.4532713294029236,0.5612831711769104,0.7438312768936157,0.44627702236175537,11046400,0,0,-1.2361586093902588,-1.1353256702423096,0.027889350429177284,0.02785910665988922,0.4993431866168976,0.004613297525793314,0.01112618762999773,,0.0053162770345807076,0.6061553955078125,0.015660783275961876,0.01566174253821373,0.02784694731235504,0.015661567449569702
172800,20.32476234436035,34.22954177856445,-0.059247732162475586,1.0859351417966756,0.2513051927089691,0.3105529248714447,0.841195821762085,0.24720549583435059,11059200,0,0,-3.801853656768799,-3.7207226753234863,0.02199268341064453,0.02199103683233261,0.4996156096458435,0.0035278156865388155,0.011940298601984978,,0.006025770679116249,0.3959144055843353,0.015673914924263954,0.015674207359552383,0.0219865869730711,0.015674177557229996
173000,20.660017013549805,35.148399353027344,-0.1003224179148674,1.092683913927596,-0.18273697793483734,-0.08241456001996994,0.5901060700416565,-0.17912884056568146,11072000,0,0,-1.9303696155548096,-1.8973956108093262,0.04213079810142517,0.04187391325831413,0.49385306239128113,0.0027137042488902807,0.008141112513840199,,0.004781424067914486,0.09207373857498169,0.015650400891900063,0.015650540590286255,0.04188334941864014,0.01565057970583439
173200,20.42279815673828,34.02381896972656,-0.08185634016990662,1.1854442517367993,0.4767369329929352,0.5585932731628418,0.8232343196868896,0.46994832158088684,11084800,0,0,-2.0470736026763916,-1.9670329093933105,0.022864053025841713,0.022852353751659393,0.4973253607749939,0.0027137042488902807,0.010312076658010483,,0.007310421206057072,0.6507362127304077,0.015641549602150917,0.015641681849956512,0.022843407467007637,0.015641650184988976
173400,20.15545082092285,33.63774490356445,-0.08279159665107727,1.1443116825853106,0.3435085117816925,0.4263001084327698,0.7907373905181885,0.33863723278045654,11097600,0,1,-2.208300828933716,-2.141239643096924,0.024734463542699814,0.024737192317843437,0.4996289312839508,0.004341926891356707,0.01112618762999773,,0.04940435290336609,0.40307745337486267,0.01564493030309677,0.01564481481909752,0.024720417335629463,0.0156449805945158
173600,21.65850067138672,33.68965148925781,-0.1166292130947113,1.1925640024614799,0.277706116437912,0.3943353295326233,0.8090513348579407,0.2741146683692932,11110400,0,1,-2.853797674179077,-2.788893938064575,0.02368779107928276,0.023685786873102188,0.4959592819213867,0.003799186088144779,0.010040706023573875,,0.02169809862971306,0.6350669264793396,0.015631137415766716,0.015631042420864105,0.023666394874453545,0.015631163492798805
173800,18.404664993286133,32.92487335205078,-0.0886978767812252,1.0851690306566129,-0.1301313191652298,-0.04143344238400459,0.6560370326042175,-0.12864434719085693,11123200,0,1,-2.285917043685913,-2.289458751678467,0.035654060542583466,0.035640157759189606,0.5005088448524475,0.003256445284932852,0.011397558264434338,,0.0072481450624763966,0.11226830631494522,0.015647899359464645,0.01564781554043293,0.035597313195466995,0.01564803719520569
174000,19.56647491455078,35.614288330078125,-0.07815519720315933,1.089905049661555,0.05253659933805466,0.130691796541214,0.780173122882843,0.05115674063563347,11136000,0,0,-3.3894128799438477,-3.317194938659668,0.025468925014138222,0.025503400713205338,0.49926817417144775,0.004341926891356707,0.011940298601984978,,0.011940269730985165,0.3387454152107239,0.015657158568501472,0.01565711759030819,0.025490805506706238,0.01565726101398468
174200,18.889318466186523,33.59980392456055,-0.07855121791362762,1.106929491542999,0.1868411749601364,0.26539239287376404,0.6655232906341553,0.184408038854599,11148800,0,0,-1.4272282123565674,-1.433605432510376,0.03467371687293053,0.03465845808386803,0.49993836879730225,0.004884667694568634,0.0127544105052948,,0.023316068574786186,0.15325309336185455,0.01564539410173893,0.015645768493413925,0.03461620584130287,0.015645712614059448
174400,20.077451705932617,33.78179931640625,-0.07814344763755798,1.1035161251951593,0.16696500778198242,0.2451084554195404,0.8199213743209839,0.16445371508598328,11161600,0,0,-3.6360950469970703,-3.6340432167053223,0.02312048152089119,0.02312389947474003,0.5015860795974731,0.005156038329005241,0.010040706023573875,,0.04295080155134201,0.35679537057876587,0.015636809170246124,0.015636760741472244,0.023105818778276443,0.015636838972568512
174600,21.5927734375,34.09679412841797,-0.08143126964569092,1.1433767475677619,0.35061562061309814,0.43204689025878906,0.8693668246269226,0.3455199897289276,11174400,0,1,-4.08831262588501,-3.982086658477783,0.020586784929037094,0.02058820053935051,0.49662232398986816,0.002442333847284317,0.010312076658010483,,0.005478736013174057,0.868499219417572,0.015652213245630264,0.0156523697078228,0.020580831915140152,0.015652328729629517
174800,21.191646575927734,35.726165771484375,-0.054897841066122055,1.052524710636387,-0.10007905960083008,-0.04518121853470802,0.7607378959655762,-0.09960822761058807,11187200,0,0,-3.7124977111816406,-3.605921745300293,0.026701346039772034,0.026695290580391884,0.498736709356308,0.003256445284932852,0.009226595051586628,,0.04310847073793411,0.10863478481769562,0.01563303917646408,0.01563309319317341,0.026673534885048866,0.015633076429367065
175000,21.3801326751709,33.0737419128418,-0.15997153520584106,1.6124148849193682,0.5788141489028931,0.7387856841087341,0.7647505402565002,0.5699787139892578,11200000,0,0,-0.8653662204742432,-0.7919164896011353,0.02644345909357071,0.026442427188158035,0.5000144243240356,0.004613297525793314,0.013025781139731407,,0.0060509550385177135,0.9722385406494141,0.015653537586331367,0.0156537014991045,0.026424536481499672,0.01565365307033062
175200,19.103452682495117,34.28935241699219,-0.07778105139732361,1.1406938469666095,0.3693799078464508,0.4471609592437744,0.7780606150627136,0.3634706139564514,11212800,0,0,-1.9793412685394287,-1.8431291580200195,0.025777338072657585,0.02572358027100563,0.500563383102417,0.003256445284932852,0.011940298601984978,,0.0073927417397499084,0.34264636039733887,0.01563982293009758,0.015639934688806534,0.025756914168596268,0.015639958903193474
175400,20.378820419311523,32.50897979736328,-0.16480901837348938,1.464944723594431,0.4807208478450775,0.6455298662185669,0.7056892514228821,0.47459879517555237,11225600,0,1,-0.8028466701507568,-0.7657737731933594,0.030821358785033226,0.030799470841884613,0.4983481764793396,0.0021709634456783533,0.010040706023573875,,0.007804861292243004,0.5870094299316406,0.015642940998077393,0.015642888844013214,0.030757833272218704,0.015642985701560974
175600,20.363548278808594,34.0827751159668,-0.07541781663894653,1.092809128309307,0.11197012662887573,0.18738794326782227,0.8023375868797302,0.1102837547659874,11238400,0,0,-3.5888538360595703,-3.5048394203186035,0.0240307729691267,0.024019775912165642,0.5023704171180725,0.003799186088144779,0.011397558264434338,,0.01634892448782921,0.3112841546535492,0.015632906928658485,0.0156329907476902,0.024007024243474007,0.015633001923561096
175800,19.210201263427734,33.808685302734375,-0.06503621442243457,1.0646754630855786,-0.07061408460140228,-0.005577870178967714,0.776980996131897,-0.0686703696846962,11251200,0,0,-3.974440097808838,-3.824795722961426,0.02571885474026203,0.02571694180369377,0.49756795167922974,0.004070556256920099,0.010040706023573875,,0.015329779125750065,0.12040631473064423,0.01563967950642109,0.015639960765838623,0.02570471726357937,0.015639999881386757
176000,18.286170959472656,31.972938537597656,-0.0845833271741867,1.1075602244793383,0.1290355771780014,0.2136189043521881,0.6289195418357849,0.1255151480436325,11264000,0,1,-1.2827394008636475,-1.3501651287078857,0.03955455496907234,0.03948317468166351,0.4937985837459564,0.0027137042488902807,0.01112618762999773,,0.012119553051888943,0.07987166941165924,0.015645481646060944,0.015645287930965424,0.04005660116672516,0.01564544439315796
176200,19.570510864257812,33.827396392822266,-0.04669998586177826,1.0534072338496816,0.07888689637184143,0.1255868822336197,0.7577665448188782,0.07786501944065094,11276800,0,0,-2.8995022773742676,-2.821049213409424,0.026335032656788826,0.026330120861530304,0.5005859732627869,0.0027137042488902807,0.010583446361124516,,0.037207651883363724,0.08458403497934341,0.015643633902072906,0.015643930062651634,0.026294054463505745,0.015643922612071037
176400,20.749778747558594,33.6966552734375,-0.0777980387210846,1.1535394061903965,0.41550442576408386,0.49330246448516846,0.8371800184249878,0.40912124514579773,11289600,0,1,-2.711416244506836,-2.596614122390747,0.0222056545317173,0.02220468781888485,0.500700056552887,0.004070556256920099,0.01112618762999773,,0.04043014347553253,0.5257649421691895,0.0156395323574543,0.015639638528227806,0.0221999678760767,0.015639642253518105
176600,20.37360954284668,32.641292572021484,-0.23194018006324768,1.4260644232239466,0.22368162870407104,0.4556218087673187,0.6740767359733582,0.22100037336349487,11302400,0,0,-1.5050580501556396,-1.3840382099151611,0.03356979414820671,0.03357542306184769,0.49866682291030884,0.004070556256920099,0.011397558264434338,,0.004426558502018452,0.5788257718086243,0.015686683356761932,0.015688154846429825,0.033504288643598557,0.015688251703977585
176800,21.02097511291504,33.48847961425781,-0.11954760551452637,1.3621760001040115,0.5503708720207214,0.6699184775352478,0.8083517551422119,0.5422325134277344,11315200,0,0,-1.3896732330322266,-1.3495674133300781,0.023761656135320663,0.023750949651002884,0.497749924659729,0.0054274084977805614,0.0127544105052948,,0.004337299149483442,0.8793818950653076,0.01567855104804039,0.015678152441978455,0.02374337427318096,0.01567850075662136
177000,20.65812110900879,33.97011184692383,-0.071486696600914,1.0934388468050151,0.16344931721687317,0.23493601381778717,0.8381310701370239,0.16060467064380646,11328000,0,0,-4.197420120239258,-4.17917537689209,0.02217421866953373,0.022171614691615105,0.5036810040473938,0.0035278156865388155,0.009769335389137268,,0.04598110541701317,0.3936977982521057,0.015668559819459915,0.015669208019971848,0.022163981571793556,0.015669334679841995
177200,18.98151397705078,33.007572174072266,-0.1268904209136963,1.2664748362811775,0.39692795276641846,0.5238183736801147,0.7069215774536133,0.39197999238967896,11340800,0,0,-1.0727019309997559,-1.0602476596832275,0.030735068023204803,0.030745167285203934,0.49723491072654724,0.004341926891356707,0.010312076658010483,,0.00466333469375968,0.43547266721725464,0.015669498592615128,0.015669627115130424,0.030713753774762154,0.01566966623067856
177400,19.32381248474121,33.658809661865234,-0.11500172317028046,1.1609180603098037,0.17033813893795013,0.2853398621082306,0.7707695364952087,0.16765326261520386,11353600,0,1,-2.7654149532318115,-2.624905824661255,0.02605304680764675,0.02605459652841091,0.5003721714019775,0.003256445284932852,0.007869742810726166,,0.01175412442535162,0.5651857256889343,0.01563788764178753,0.015638189390301704,0.02603134512901306,0.015638157725334167
177600,20.592260360717773,35.41886901855469,-0.043653324246406555,1.058612303777005,0.2115657776594162,0.25521910190582275,0.8448145985603333,0.20813186466693878,11366400,0,0,-4.091429233551025,-4.10086727142334,0.021902617067098618,0.021835986524820328,0.5022624731063843,0.004884667694568634,0.0127544105052948,,0.033386312425136566,0.2986707389354706,0.015630807727575302,0.015630830079317093,0.021895380690693855,0.015630804002285004
177800,19.23768424987793,34.33372497558594,-0.06046342849731445,1.078606722332816,0.17034754157066345,0.2308109700679779,0.818660318851471,0.16785404086112976,11379200,0,0,-3.715332508087158,-3.581660747528076,0.023212827742099762,0.023218829184770584,0.498078852891922,0.0029850746504962444,0.010583446361124516,,0.008339881896972656,0.30421721935272217,0.01564193330705166,0.015642113983631134,0.02320990525186062,0.015642080456018448
178000,20.63848114013672,34.460182189941406,-0.08550658822059631,1.1413967567490848,0.3097653388977051,0.3952719271183014,0.8437231183052063,0.30457279086112976,11392000,0,0,-3.4655370712280273,-3.457606315612793,0.021862447261810303,0.021876942366361618,0.5031619071960449,0.004613297525793314,0.011668928898870945,,0.006699320860207081,0.7023633122444153,0.015650443732738495,0.015652982518076897,0.021852722391486168,0.015652881935238838
178200,20.578081130981445,34.84196853637695,-0.029357667081058025,1.029652553902118,-0.01941293105483055,0.009944736026227474,0.8975657820701599,-0.018574101850390434,11404800,0,0,-9.36425495147705,-8.981705665588379,0.019364798441529274,0.019363366067409515,0.49671998620033264,0.003799186088144779,0.011940298601984978,,0.01842379942536354,0.17030875384807587,0.015648936852812767,0.0156489759683609,0.019358821213245392,0.015648946166038513
178400,19.575634002685547,33.972747802734375,-0.0968497097492218,1.1566948595587019,0.28507187962532043,0.38192158937454224,0.7267947793006897,0.28102365136146545,11417600,0,0,-1.6622443199157715,-1.6199860572814941,0.02917945571243763,0.029183682054281235,0.4968412220478058,0.003256445284932852,0.009226595051586628,,0.010579193942248821,0.30462712049484253,0.01563803106546402,0.01563822291791439,0.029143020510673523,0.015638209879398346
178600,21.116559982299805,34.731483459472656,-0.09226858615875244,1.1294236225596792,0.19481220841407776,0.2870807945728302,0.7602958679199219,0.19169777631759644,11430400,0,0,-2.298387050628662,-2.3641774654388428,0.02727588824927807,0.02731720730662346,0.4967651665210724,0.0035278156865388155,0.010583446361124516,,0.012356633320450783,0.22640547156333923,0.015643279999494553,0.015643440186977386,0.02731858752667904,0.01564345508813858
178800,15.544654846191406,34.78514099121094,-0.05775520205497742,1.0507211978678777,-0.19643497467041016,-0.13867977261543274,0.7825711965560913,-0.1912814825773239,11443200,0,0,-4.404094696044922,-4.513246059417725,0.025539381429553032,0.025673847645521164,0.49608469009399414,0.002442333847284317,0.008412483148276806,,0.03757612779736519,0.10855669528245926,0.015628764405846596,0.015628807246685028,0.025647355243563652,0.015628810971975327
179000,19.999309539794922,33.34282684326172,-0.09346596896648407,1.1213630221374695,0.1363985538482666,0.22986452281475067,0.7613716125488281,0.13452397286891937,11456000,0,0,-2.677401065826416,-2.6221320629119873,0.026797987520694733,0.026814332231879234,0.4991150200366974,0.003799186088144779,0.010040706023573875,,0.0052438233979046345,0.2839982807636261,0.015744660049676895,0.0157508235424757,0.02679375931620598,0.015750279650092125
179200,17.699031829833984,33.59365463256836,-0.10368424654006958,1.1448990967072545,0.18075403571128845,0.28443828225135803,0.7390214204788208,0.17803511023521423,11468800,0,0,-2.208829164505005,-2.1422574520111084,0.028330517932772636,0.028315115720033646,0.5000699162483215,0.0029850746504962444,0.00949796475470066,,0.011897226795554161,0.3230777382850647,0.01564851775765419,0.01564859040081501,0.028309034183621407,0.015648672357201576
179400,20.2791805267334,34.1474723815918,-0.06361269950866699,1.0921538489634608,0.24609926342964172,0.3097119629383087,0.8477306962013245,0.243171826004982,11481600,0,1,-4.131906032562256,-3.9593286514282227,0.021661363542079926,0.02165534719824791,0.4935683608055115,0.0035278156865388155,0.011397558264434338,,0.05081721767783165,0.36516067385673523,0.01562814600765705,0.015628144145011902,0.02165401726961136,0.015628138557076454
179600,20.89175033569336,33.89945602416992,-0.07912972569465637,1.143216763044286,0.36835306882858276,0.44748279452323914,0.8334584832191467,0.36214232444763184,11494400,0,0,-2.801434278488159,-2.801596164703369,0.02237793616950512,0.02238275110721588,0.5004739165306091,0.003799186088144779,0.01492537371814251,,0.008168026804924011,0.563515305519104,0.0156809464097023,0.015681564807891846,0.022371016442775726,0.015681395307183266
179800,18.999073028564453,35.210845947265625,-0.05978154391050339,1.0698680001084626,0.08458291739225388,0.14436446130275726,0.800644040107727,0.08311726897954941,11507200,0,0,-3.6718077659606934,-3.6028833389282227,0.024198709055781364,0.024214107543230057,0.5031979084014893,0.004070556256920099,0.01112618762999773,,0.003924413584172726,0.2395356297492981,0.015682650730013847,0.01568484492599964,0.024185054004192352,0.015684595331549644
180000,18.821928024291992,34.954673767089844,-0.050489529967308044,1.0592047509248625,0.09671522676944733,0.14720475673675537,0.8124753832817078,0.09584395587444305,11520000,0,0,-4.0925188064575195,-3.825683116912842,0.02342832088470459,0.02342521771788597,0.4975474178791046,0.0035278156865388155,0.010312076658010483,,0.030501442030072212,0.1529291570186615,0.015632282942533493,0.015632249414920807,0.023408964276313782,0.015632271766662598
180200,20.15416717529297,34.31110382080078,-0.04803827404975891,1.0697659984587309,0.2633988857269287,0.3114371597766876,0.8667434453964233,0.2596006691455841,11532800,0,0,-4.618073463439941,-4.535844802856445,0.02076171152293682,0.020759303122758865,0.4961124658584595,0.004070556256920099,0.012211669236421585,,0.05433282628655434,0.2576301693916321,0.015628429129719734,0.01562846451997757,0.020759498700499535,0.015628471970558167
180400,19.8149356842041,33.45659637451172,-0.0707939863204956,1.0874378819146593,0.11955709755420685,0.19035108387470245,0.796185314655304,0.11792317777872086,11545600,0,0,-3.345503330230713,-3.3298892974853516,0.024495085701346397,0.024492383003234863,0.4958873391151428,0.005156038329005241,0.012483039870858192,,0.011077839881181717,0.17938555777072906,0.01635984145104885,0.016367070376873016,0.024481352418661118,0.016368107870221138
180600,23.847305297851562,37.13551330566406,-0.03618593513965607,1.0295378880259902,-0.2612544000148773,-0.22506846487522125,0.8367245197296143,-0.2574847340583801,11558400,0,0,-6.887710094451904,-6.738038539886475,0.022262800484895706,0.022222861647605896,0.49687206745147705,0.004613297525793314,0.011940298601984978,,0.06979666650295258,0.09447051584720612,0.01562703214585781,0.015627024695277214,0.022259019315242767,0.01562703400850296
180800,19.758718490600586,35.08793640136719,-0.02422747015953064,1.0276592211279774,0.09984511137008667,0.12407258152961731,0.8485981822013855,0.09890872985124588,11571200,0,0,-4.6070756912231445,-5.022247314453125,0.021940575912594795,0.022323178127408028,0.4979863464832306,0.0027137042488902807,0.00949796475470066,,0.011880033649504185,0.12722977995872498,0.015638845041394234,0.015638811513781548,0.022279230877757072,0.015638913959264755
181000,17.709871292114258,36.697181701660156,-0.06837920616817428,1.0683822639568314,-0.06833449006080627,4.471610736800358e-05,0.66600501537323,-0.06741355359554291,11584000,0,0,-2.2537689208984375,-2.201796054840088,0.03463924303650856,0.03466247767210007,0.4994850754737854,0.003799186088144779,0.01329715084284544,,0.06433631479740143,0.10516373813152313,0.01562747359275818,0.015627481043338776,0.03462057560682297,0.015627490356564522
181200,21.53229522705078,34.06182861328125,-0.10114976763725281,1.2517399533520275,0.49704763293266296,0.5981974005699158,0.8552582263946533,0.4905381500720978,11596800,0,0,-2.5543012619018555,-2.4799206256866455,0.021247409284114838,0.02124301716685295,0.49688440561294556,0.0027137042488902807,0.00949796475470066,,0.013123692944645882,1.1245838403701782,0.015638364478945732,0.01563853584229946,0.021235212683677673,0.015638556331396103
181400,20.522457122802734,33.09629440307617,-0.09432971477508545,1.2508742052733375,0.5296662449836731,0.6239959597587585,0.7672926187515259,0.5218690633773804,11609600,0,0,-1.0951025485992432,-1.0246310234069824,0.026251669973134995,0.026235124096274376,0.4985218942165375,0.004341926891356707,0.013568521477282047,,0.008890348486602306,0.5348806381225586,0.015803610906004906,0.015804175287485123,0.026212861761450768,0.0158061645925045
181600,21.203060150146484,34.32627487182617,-0.05682286620140076,1.1047786453374588,0.4008637070655823,0.45768657326698303,0.8816223740577698,0.3952634632587433,11622400,0,0,-4.082216739654541,-4.068435192108154,0.020059436559677124,0.020067263394594193,0.4959561824798584,0.004341926891356707,0.012483039870858192,,0.04780391603708267,0.6514006853103638,0.01564512960612774,0.015645233914256096,0.02006211318075657,0.015645243227481842
181800,18.655902862548828,35.46971893310547,-0.023953169584274292,1.0296344591755906,0.16775910556316376,0.19171227514743805,0.896809995174408,0.1645926982164383,11635200,0,0,-7.1588134765625,-7.072737693786621,0.019428040832281113,0.01942700520157814,0.5021597146987915,0.0029850746504962444,0.011940298601984978,,0.07681804895401001,0.16677911579608917,0.01563105918467045,0.015631113201379776,0.019426319748163223,0.015631096437573433
182000,18.582271575927734,33.39170455932617,-0.15897752344608307,1.2342897955085617,0.1624716967344284,0.3214492201805115,0.7018101215362549,0.1594807207584381,11648000,0,0,-1.892432451248169,-1.8110060691833496,0.03136119246482849,0.03132623806595802,0.5006126761436462,0.002442333847284317,0.010854816995561123,,0.019281301647424698,0.6054162979125977,0.01563974842429161,0.015640050172805786,0.03131483867764473,0.015640022233128548
182200,18.652286529541016,37.475341796875,-0.046893104910850525,1.039895141953974,-0.22230200469493866,-0.17540889978408813,0.7717368006706238,-0.21929626166820526,11660800,0,1,-4.305896759033203,-4.373629093170166,0.02594113163650036,0.025942180305719376,0.5030540227890015,0.004070556256920099,0.010854816995561123,,0.055555425584316254,0.12591302394866943,0.01563815400004387,0.015638120472431183,0.02591400407254696,0.01563822105526924
182400,17.60479164123535,34.389915466308594,-0.0666289534419775,1.0737473370168902,0.029894987121224403,0.0965239405632019,0.7898675203323364,0.029344327747821808,11673600,0,0,-3.5960097312927246,-3.6207900047302246,0.024954311549663544,0.024947639554739,0.4984191060066223,0.004341926891356707,0.011940298601984978,,0.0719967782497406,0.24331766366958618,0.015628783032298088,0.015628796070814133,0.024944327771663666,0.015628807246685028
182600,19.58274269104004,34.26836395263672,-0.07349306344985962,1.0928609102272198,0.13507528603076935,0.20856834948062897,0.815602719783783,0.1229003444314003,11686400,0,1,-3.431718349456787,-3.7295217514038086,0.023903217166662216,0.02458580955862999,0.5250925421714783,0.0029850746504962444,0.011940298601984978,,0.005123793613165617,0.3235182762145996,0.015908969566226006,0.01591670513153076,0.02452152408659458,0.015917468816041946
182800,17.662553787231445,34.665977478027344,-0.062173688784241676,1.0645171639813564,-0.025850405916571617,0.03632328286767006,0.7996275424957275,-0.026097195222973824,11699200,0,1,-4.203774452209473,-4.130652904510498,0.02428366430103779,0.02427598647773266,0.5037354826927185,0.004070556256920099,0.012483039870858192,,0.0049673388712108135,0.19175100326538086,0.01578989066183567,0.01578895002603531,0.024269724264740944,0.015790607780218124
183000,20.331789016723633,34.54277801513672,-0.07162116467952728,1.0947726361982189,0.17266318202018738,0.24428434669971466,0.834263026714325,0.17018918693065643,11712000,0,0,-4.072490692138672,-4.00032377243042,0.02237519808113575,0.02236216329038143,0.499485045671463,0.0054274084977805614,0.0127544105052948,,0.013679743744432926,0.36845147609710693,0.015644773840904236,0.015644745901226997,0.0223569106310606,0.01564478874206543
183200,20.079164505004883,33.75059509277344,-0.08494958281517029,1.1440434902505776,0.3253008723258972,0.4102504551410675,0.8240434527397156,0.3197001516819,11724800,0,0,-2.9652509689331055,-2.838749647140503,0.022923801094293594,0.022924575954675674,0.5015562772750854,0.0027137042488902807,0.012211669236421585,,0.00975857488811016,0.4455565810203552,0.01566103659570217,0.015661228448152542,0.022912906482815742,0.015661098062992096
183400,20.083702087402344,35.502418518066406,-0.07408726215362549,1.1009308621101679,0.19187301397323608,0.2659602761268616,0.7723865509033203,0.18918564915657043,11737600,0,0,-2.7073442935943604,-2.563197374343872,0.02562849409878254,0.025606490671634674,0.49995070695877075,0.0035278156865388155,0.013025781139731407,,0.031854815781116486,0.21603557467460632,0.015646208077669144,0.015646498650312424,0.025590650737285614,0.015646452084183693
183600,18.362438201904297,34.227867126464844,-0.06424294412136078,1.0741672760725585,0.06956717371940613,0.1338101178407669,0.7876858115196228,0.06861872225999832,11750400,0,1,-3.3873934745788574,-3.38822078704834,0.025029078125953674,0.025033079087734222,0.501593291759491,0.004884667694568634,0.012483039870858192,,0.005545414052903652,0.19555014371871948,0.017029808834195137,0.017079390585422516,0.025022603571414948,0.017086489126086235
183800,20.07889175415039,33.9033317565918,-0.07319897413253784,1.1573136517109122,0.4614951014518738,0.5346940755844116,0.8124867081642151,0.4540102481842041,11763200,0,0,-1.9236297607421875,-1.8754570484161377,0.023525075986981392,0.023529861122369766,0.5000360012054443,0.004613297525793314,0.011397558264434338,,0.012677496299147606,0.523037850856781,0.01564604975283146,0.015646371990442276,0.023519806563854218,0.015646422281861305
184000,24.614856719970703,32.89889144897461,-0.07464534789323807,1.0899094430640028,0.09512653201818466,0.16977187991142273,0.6787841320037842,0.09276454895734787,11776000,0,1,-1.8548173904418945,-1.8231472969055176,0.0330163836479187,0.033011652529239655,0.5020527839660645,0.004613297525793314,0.011940298601984978,,0.02490159682929516,0.0664939433336258,0.01565978117287159,0.015659376978874207,0.03296690061688423,0.015659859403967857
184200,20.552602767944336,33.93829345703125,-0.10137560963630676,1.2006337987753768,0.3933475613594055,0.4947231709957123,0.8359424471855164,0.3872329294681549,11788800,0,0,-2.778061866760254,-2.7031052112579346,0.022252732887864113,0.022249143570661545,0.5024423599243164,0.0027137042488902807,0.013025781139731407,,0.006990465335547924,0.7813665270805359,0.015667522326111794,0.015667255967855453,0.022239871323108673,0.015667464584112167
184400,18.982650756835938,36.11653137207031,-0.0326244980096817,1.039860186317382,0.14890220761299133,0.18152670562267303,0.8946540951728821,0.1462886482477188,11801600,0,0,-7.171098709106445,-7.087429046630859,0.01952206902205944,0.019531026482582092,0.5000442266464233,0.003799186088144779,0.009769335389137268,,0.013210393488407135,0.33019745349884033,0.01567627675831318,0.015676794573664665,0.019529681652784348,0.015676772221922874
184600,21.784076690673828,34.37977600097656,-0.0689210370182991,1.0647378491957489,-0.1335383802652359,-0.0646173432469368,0.8584455847740173,-0.13164615631103516,11814400,0,1,-7.294243812561035,-7.020718574523926,0.021129874512553215,0.02112370729446411,0.4982351064682007,0.0054274084977805614,0.013839892111718655,,0.005830047186464071,0.48216015100479126,0.01573897898197174,0.015739260241389275,0.021122608333826065,0.015739908441901207
184800,20.997119903564453,34.840248107910156,-0.04297661781311035,1.053666637099061,0.15621639788150787,0.19919301569461823,0.918646514415741,0.15397854149341583,11827200,0,1,-9.704499244689941,-9.38215446472168,0.01850959286093712,0.018512068316340446,0.4975022077560425,0.0035278156865388155,0.010854816995561123,,0.006683310493826866,0.5440566539764404,0.015983399003744125,0.015981607139110565,0.01850968971848488,0.015984926372766495
185000,21.217796325683594,33.96977233886719,-0.10371065139770508,1.2050490972677361,0.3905048668384552,0.4942155182361603,0.8252739310264587,0.38477495312690735,11840000,0,0,-2.574216842651367,-2.4986555576324463,0.022793933749198914,0.02279549278318882,0.49734389781951904,0.004070556256920099,0.014111262746155262,,0.013823000714182854,0.8439514636993408,0.015708260238170624,0.01570822298526764,0.022778915241360664,0.015708234161138535
185200,20.007770538330078,34.11033248901367,-0.07422066107392311,1.085486244629203,0.05756175145506859,0.1317824125289917,0.8186925053596497,0.05613202229142189,11852800,0,1,-4.358974456787109,-4.204621315002441,0.023199206218123436,0.023200638592243195,0.5034189224243164,0.0035278156865388155,0.012483039870858192,,0.005102899391204119,0.3475993275642395,0.015829604119062424,0.015826143324375153,0.023194538429379463,0.015828868374228477
185400,20.667470932006836,34.32936096191406,-0.057024940848350525,1.0767332405554275,0.19981680810451508,0.2568417489528656,0.8661901950836182,0.19703739881515503,11865600,0,0,-5.011062145233154,-4.988061904907227,0.02075895294547081,0.020753435790538788,0.4962131679058075,0.004341926891356707,0.01112618762999773,,0.011918870732188225,0.42167720198631287,0.01569671370089054,0.015697041526436806,0.020751293748617172,0.015697048977017403
185600,21.145965576171875,33.817481994628906,-0.08679214119911194,1.121263845772208,0.19747811555862427,0.2842702567577362,0.8347092866897583,0.19498950242996216,11878400,0,0,-4.062837600708008,-3.863859176635742,0.02228499762713909,0.02227938175201416,0.49979647994041443,0.004070556256920099,0.010312076658010483,,0.011952579021453857,0.5421907305717468,0.01567438431084156,0.01567474566400051,0.022269049659371376,0.015674611553549767
185800,18.341567993164062,33.218650817871094,-0.15746131539344788,1.2054965626793248,0.07629075646400452,0.2337520718574524,0.7003353834152222,0.0760694369673729,11891200,0,1,-2.1636722087860107,-2.085598945617676,0.03139113634824753,0.03135836124420166,0.49865755438804626,0.003256445284932852,0.012211669236421585,,0.006455456838011742,0.4697672724723816,0.015738358721137047,0.015737995505332947,0.031323935836553574,0.01573871448636055
186000,15.871353149414062,37.2224235534668,-0.06652599573135376,1.055828204027063,-0.25814583897590637,-0.1916198432445526,0.7455000877380371,-0.25420665740966797,11904000,0,0,-3.94993257522583,-3.957672595977783,0.02775212749838829,0.027771228924393654,0.49725446105003357,0.004341926891356707,0.012483039870858192,,0.009112106636166573,0.204681396484375,0.01573946885764599,0.01574184000492096,0.02773434855043888,0.015741130337119102
186200,20.483205795288086,32.818538665771484,-0.1291271448135376,1.2105472776843855,0.2575799822807312,0.3867071270942688,0.698242723941803,0.25346580147743225,11916800,0,0,-1.491875410079956,-1.4633409976959229,0.03128251060843468,0.03126535937190056,0.5000339150428772,0.0029850746504962444,0.014654003083705902,,0.006490155588835478,0.286204993724823,0.01585000567138195,0.015850882977247238,0.03120112605392933,0.015850510448217392
186400,21.429800033569336,34.27521514892578,-0.10946521162986755,1.174041549528788,0.26157456636428833,0.3710397779941559,0.8430582880973816,0.2574866712093353,11929600,0,1,-3.765730857849121,-3.7128028869628906,0.02192840352654457,0.02193911001086235,0.5002744793891907,0.004613297525793314,0.015196744352579117,,0.014486990869045258,0.8651340007781982,0.01570006273686886,0.01570110023021698,0.021921444684267044,0.01570095494389534
186600,20.90437126159668,34.31897735595703,-0.0700969398021698,1.0906343488854615,0.15649937093257904,0.22659631073474884,0.8285098075866699,0.1518194079399109,11942400,0,0,-4.086042881011963,-4.126290798187256,0.022478656843304634,0.022577133029699326,0.4990101456642151,0.004341926891356707,0.011397558264434338,,0.01401396095752716,0.42968422174453735,0.016163837164640427,0.016164163127541542,0.022448450326919556,0.016165396198630333
186800,19.275781631469727,36.647361755371094,-0.07846173830330372,1.085790423300147,0.0069637056440114975,0.08542544394731522,0.8684605360031128,0.0066643813624978065,11955200,0,0,-6.875482559204102,-6.564422607421875,0.020670073106884956,0.020674439147114754,0.5002919435501099,0.003256445284932852,0.01112618762999773,,0.007131474558264017,0.6079800128936768,0.01572658307850361,0.015726938843727112,0.020665090531110764,0.015726719051599503
187000,21.291898727416992,33.63444900512695,-0.11374559998512268,1.2251691835649645,0.3810982406139374,0.49484384059906006,0.8220242857933044,0.3762070834636688,11968000,0,0,-2.615731716156006,-2.483548402786255,0.022961925715208054,0.02296096831560135,0.4958791136741638,0.004341926891356707,0.011940298601984978,,0.007175028789788485,0.820723295211792,0.015688810497522354,0.015688784420490265,0.022946763783693314,0.015688711777329445
187200,19.40252685546875,32.805809020996094,-0.17045307531952858,1.1988027192958628,-0.027851182967424393,0.1426018923521042,0.5856477618217468,-0.02784854546189308,11980800,0,1,-1.4924423694610596,-1.4830620288848877,0.04405204579234123,0.04400986060500145,0.5022861361503601,0.007055631373077631,0.014654003083705902,,0.006752493791282177,0.20393767952919006,0.015679242089390755,0.015679745003581047,0.04393242672085762,0.015679582953453064
187400,19.50054359436035,33.39128875732422,-0.11991439759731293,1.1617141405221083,0.1385648101568222,0.25847920775413513,0.7637988924980164,0.13536041975021362,11993600,0,0,-2.701753854751587,-2.651695728302002,0.02656627632677555,0.02656923420727253,0.504091203212738,0.004613297525793314,0.013025781139731407,,0.004685630090534687,0.45036739110946655,0.015875153243541718,0.01587964966893196,0.026555897668004036,0.01588011160492897
187600,20.344928741455078,33.22453308105469,-0.15739184152334929,1.188885933419741,0.009344195015728474,0.16673603653907776,0.6592698097229004,0.00738042825832963,12006400,0,0,-1.9907774925231934,-1.911677598953247,0.03492007404565811,0.03489990159869194,0.5066352486610413,0.0027137042488902807,0.012211669236421585,,0.0038076364435255527,0.3158186674118042,0.015750112012028694,0.015751641243696213,0.034808069467544556,0.015751155093312263
187800,20.040504455566406,34.052616119384766,-0.0845571756362915,1.1545897457454104,0.3684649169445038,0.4530220925807953,0.8093240261077881,0.3629719018936157,12019200,0,1,-2.3076319694519043,-2.3183679580688477,0.02368946745991707,0.02369496412575245,0.5005170702934265,0.003256445284932852,0.013025781139731407,,0.014920420944690704,0.4796484708786011,0.015709830448031425,0.015709297731518745,0.023673562332987785,0.015709852799773216
188000,19.81036949157715,33.94379425048828,-0.08624407649040222,1.1249156760017742,0.2233375608921051,0.3095816373825073,0.7950719594955444,0.2198888659477234,12032000,0,0,-2.955852508544922,-2.801191568374634,0.024540048092603683,0.024535881355404854,0.4981703460216522,0.0035278156865388155,0.010854816995561123,,0.008882873691618443,0.4771973490715027,0.015707699581980705,0.015707816928625107,0.02451666258275509,0.01570792868733406
188200,19.648487091064453,32.48417282104492,-0.18929904699325562,1.281085972810631,0.13724491000175476,0.3265439569950104,0.5779861211776733,0.13530470430850983,12044800,0,0,-1.08754563331604,-1.0471148490905762,0.04482998698949814,0.044779274612665176,0.49442461133003235,0.0029850746504962444,0.010583446361124516,,0.005090405698865652,0.35711297392845154,0.015754887834191322,0.015755675733089447,0.044680338352918625,0.015755118802189827
188400,17.788259506225586,32.92914962768555,-0.10031842533499002,1.1133082928903133,0.014323382638394833,0.11464180797338486,0.6250127553939819,0.013746879994869232,12057600,0,0,-1.6803734302520752,-1.631213665008545,0.03901706263422966,0.03904830664396286,0.5034250617027283,0.003256445284932852,0.010583446361124516,,0.008554583415389061,0.15050369501113892,0.015790805220603943,0.01579030230641365,0.03897842392325401,0.015791110694408417
188600,18.500381469726562,36.15141296386719,-0.0578228491358459,1.0616010047855158,0.0035098460502922535,0.06133269518613815,0.7605028748512268,0.0017094082431867719,12070400,0,0,-3.31301212310791,-3.17923641204834,0.026850948110222816,0.02677752822637558,0.5000401139259338,0.001628222642466426,0.009226595051586628,,0.01831473968923092,0.14279422163963318,0.01570805162191391,0.015708934515714645,0.02683408558368683,0.01570841111242771
188800,19.655738830566406,34.23866271972656,-0.08472156524658203,1.1197001550662171,0.20749685168266296,0.292218416929245,0.7549193501472473,0.2044324427843094,12083200,0,1,-2.2461166381835938,-2.2371222972869873,0.027165589854121208,0.02716042660176754,0.4999959170818329,0.0027137042488902807,0.01112618762999773,,0.008484000340104103,0.33825796842575073,0.015876099467277527,0.015875818207859993,0.027140773832798004,0.015879705548286438
189000,17.8609676361084,35.850772857666016,-0.03575309365987778,1.0402677102187716,0.07636196166276932,0.1121150553226471,0.8496069312095642,0.07563848048448563,12096000,0,0,-5.27299165725708,-5.146402359008789,0.021565334871411324,0.021570485085248947,0.497766375541687,0.003256445284932852,0.011940298601984978,,0.009402823634445667,0.2159903645515442,0.01576259173452854,0.015766562893986702,0.021565930917859077,0.015765929594635963
189200,18.89768409729004,35.20710754394531,-0.029914570972323418,1.0291555988624688,-0.05594635009765625,-0.026031779125332832,0.8894311785697937,-0.055516619235277176,12108800,0,0,-8.869333267211914,-8.559972763061523,0.019771987572312355,0.01975848339498043,0.5028175115585327,0.0035278156865388155,0.010583446361124516,,0.004454182460904121,0.24505165219306946,0.016088958829641342,0.016086354851722717,0.019771765917539597,0.016085641458630562
189400,20.496370315551758,33.95613479614258,-0.07870717346668243,1.0983737591553944,0.12120981514453888,0.1999169886112213,0.7980231046676636,0.11885397136211395,12121600,0,0,-3.5009560585021973,-3.359581470489502,0.02437419258058071,0.02437509596347809,0.5013856887817383,0.004070556256920099,0.010854816995561123,,0.012067317962646484,0.38231605291366577,0.015753256157040596,0.01575302518904209,0.02435586415231228,0.015753258019685745
189600,20.247865676879883,35.334503173828125,-0.016242489218711853,1.0211307866614152,0.21509283781051636,0.2313353270292282,0.9465216994285583,0.21169963479042053,12134400,0,0,-14.06447696685791,-13.70413589477539,0.01744716800749302,0.01744808442890644,0.49918076395988464,0.003799186088144779,0.014654003083705902,,0.01695420779287815,0.3019449710845947,0.015741806477308273,0.01574256643652916,0.017447996884584427,0.015742549672722816
189800,19.514041900634766,35.18682861328125,-0.02919211983680725,1.04494219580909,0.3212597370147705,0.35045185685157776,0.9048274159431458,0.31667011976242065,12147200,0,0,-6.368196487426758,-6.159848213195801,0.01912681944668293,0.019110117107629776,0.5013219714164734,0.0029850746504962444,0.010312076658010483,,0.00927801989018917,0.3654443025588989,0.015821322798728943,0.015821857377886772,0.01913333125412464,0.015821702778339386
190000,16.435976028442383,37.89885711669922,-0.05575825273990631,1.04873460319459,-0.19987863302230835,-0.14412038028240204,0.7434865832328796,-0.19685398042201996,12160000,0,0,-3.697002410888672,-3.6843976974487305,0.028053289279341698,0.028078652918338776,0.5008686184883118,0.0035278156865388155,0.013025781139731407,,0.008908053860068321,0.15307435393333435,0.015742134302854538,0.01574263721704483,0.028052153065800667,0.015742389485239983
190200,19.195249557495117,34.288291931152344,-0.06343702971935272,1.0896068304136934,0.22861437499523163,0.29205140471458435,0.8177310824394226,0.22533388435840607,12172800,0,1,-3.4481639862060547,-3.237886428833008,0.023215631023049355,0.023222271353006363,0.5001079440116882,0.003799186088144779,0.010312076658010483,,0.009587054140865803,0.33732274174690247,0.015706481412053108,0.01570620946586132,0.0232101920992136,0.015707096084952354
190400,21.58587646484375,34.92438507080078,-0.07619398832321167,1.1301911421712005,0.3385589122772217,0.41475290060043335,0.8958635330200195,0.3332534730434418,12185600,0,0,-5.518259525299072,-5.369778633117676,0.019422898069024086,0.01941872574388981,0.5006003379821777,0.003799186088144779,0.010312076658010483,,0.008256519213318825,1.2297334671020508,0.01568474993109703,0.01568543165922165,0.019415196031332016,0.015685316175222397
190600,20.719179153442383,34.09796142578125,-0.09821534156799316,1.1823011210084013,0.3630312979221344,0.46124663949012756,0.8363135457038879,0.35752907395362854,12198400,0,0,-3.0248007774353027,-2.897994041442871,0.022235462442040443,0.022225847467780113,0.50040602684021,0.0054274084977805614,0.01329715084284544,,0.011482947506010532,0.9431308507919312,0.01566469483077526,0.015664972364902496,0.022227730602025986,0.015664774924516678
190800,19.558815002441406,33.64134979248047,-0.06271632015705109,1.0780390411681144,0.13363054394721985,0.19634686410427094,0.759002149105072,0.13146454095840454,12211200,0,0,-2.620903491973877,-2.6052026748657227,0.026789512485265732,0.026755616068840027,0.5023046135902405,0.003799186088144779,0.013025781139731407,,0.01400967501103878,0.20307165384292603,0.01566861756145954,0.015668902546167374,0.026741139590740204,0.015669113025069237
191000,20.14559555053711,33.397884368896484,-0.1667315512895584,1.241830364973676,0.14381180703639984,0.31054335832595825,0.7077129483222961,0.14257392287254333,12224000,0,0,-1.9492177963256836,-1.9335997104644775,0.030672872439026833,0.030659900978207588,0.4979534447193146,0.0035278156865388155,0.009769335389137268,,0.007433574181050062,0.5567917227745056,0.015836475417017937,0.01584218069911003,0.03062637336552143,0.015840932726860046
191200,20.191600799560547,32.97898864746094,-0.13993507623672485,1.3847829749684335,0.4963921904563904,0.6363272666931152,0.6985519528388977,0.48937922716140747,12236800,0,0,-0.709890604019165,-0.6719967126846313,0.03130507841706276,0.031295374035835266,0.4984581470489502,0.0027137042488902807,0.011397558264434338,,0.004510890692472458,0.7063883543014526,0.015895403921604156,0.01589677669107914,0.031235214322805405,0.015897560864686966
191400,20.353530883789062,35.20695877075195,-0.0591425895690918,1.0972167158221564,0.3324991762638092,0.391641765832901,0.8455825448036194,0.327876478433609,12249600,0,1,-3.4600768089294434,-3.3321452140808105,0.021770508959889412,0.02176736108958721,0.49971529841423035,0.004613297525793314,0.01112618762999773,,0.010600078850984573,0.699394941329956,0.01583387516438961,0.015829965472221375,0.02175859361886978,0.015832675620913506
191600,21.31842803955078,34.594200134277344,-0.039702266454696655,1.0614121304477924,0.31380873918533325,0.3535110056400299,0.9146662354469299,0.30901578068733215,12262400,0,0,-7.28734016418457,-7.057980537414551,0.018667049705982208,0.018667064607143402,0.4979781210422516,0.003799186088144779,0.009769335389137268,,0.009434773586690426,0.767837405204773,0.015786729753017426,0.01578700914978981,0.018664775416254997,0.01578718051314354
191800,20.971256256103516,33.2462272644043,-0.09369176626205444,1.2076343607790123,0.45507383346557617,0.5487655997276306,0.792290985584259,0.4483058452606201,12275200,0,0,-1.669471025466919,-1.6273136138916016,0.024696405977010727,0.024711348116397858,0.49669837951660156,0.004884667694568634,0.011940298601984978,,0.008006869815289974,0.5493841171264648,0.015760058537125587,0.01576041616499424,0.024683911353349686,0.0157601498067379
192000,20.84845542907715,34.374122619628906,-0.044463783502578735,1.0707770970477795,0.32731345295906067,0.3717772364616394,0.8921478986740112,0.322092205286026,12288000,0,1,-5.33951473236084,-5.247501850128174,0.019618792459368706,0.019618503749370575,0.5002570152282715,0.003256445284932852,0.01112618762999773,,0.004991534166038036,0.6144376397132874,0.015921998769044876,0.015918444842100143,0.01961640454828739,0.015921976417303085
192200,20.12945556640625,34.49396896362305,-0.03321582078933716,1.044719798984837,0.22402992844581604,0.2572457492351532,0.8827612400054932,0.2187587469816208,12300800,0,0,-5.428098201751709,-5.642998218536377,0.020224960520863533,0.02034507878124714,0.4991355538368225,0.004341926891356707,0.011668928898870945,,0.008846360258758068,0.2653370201587677,0.01576678454875946,0.015767432749271393,0.020385120064020157,0.015767397359013557
192400,19.02423858642578,34.73983383178711,-0.03608623147010803,1.043977693229791,0.14335614442825317,0.1794423758983612,0.8813911080360413,0.14077381789684296,12313600,0,0,-6.385476589202881,-6.232089042663574,0.020083118230104446,0.020072922110557556,0.5006969571113586,0.005156038329005241,0.0127544105052948,,0.012404790148139,0.29918962717056274,0.01573348045349121,0.01573522947728634,0.020085468888282776,0.015735115855932236
192600,19.762723922729492,34.93748474121094,-0.06220234930515289,1.0790813322445447,0.1512359231710434,0.2134382724761963,0.8422865271568298,0.14914914965629578,12326400,0,0,-4.40413236618042,-4.390683650970459,0.021993713453412056,0.02196819894015789,0.4996546506881714,0.004884667694568634,0.010854816995561123,,0.0039763986133039,0.4589196741580963,0.015949483960866928,0.01595185324549675,0.0219870675355196,0.015950379893183708
192800,18.078983306884766,36.245365142822266,-0.06813178956508636,1.0830426679128933,0.11142504215240479,0.17955683171749115,0.8206543922424316,0.10972819477319717,12339200,0,0,-4.0683088302612305,-3.9614758491516113,0.023014018312096596,0.023013975471258163,0.4971218407154083,0.0035278156865388155,0.011668928898870945,,0.009969175793230534,0.549266517162323,0.015693873167037964,0.01569424569606781,0.0230037122964859,0.01569424383342266
193000,17.515750885009766,35.772159576416016,-0.0388789102435112,1.0360882701619278,-0.11620708554983139,-0.07732817530632019,0.7825403809547424,-0.11438852548599243,12352000,0,1,-4.223691463470459,-4.145133018493652,0.025351019576191902,0.025366274639964104,0.49648040533065796,0.003799186088144779,0.011397558264434338,,0.007741437293589115,0.11424252390861511,0.015771420672535896,0.01577373407781124,0.025345420464873314,0.015772713348269463
193200,21.63003158569336,34.0959587097168,-0.06648588180541992,1.1846208236177371,0.5733928680419922,0.6398787498474121,0.8726990222930908,0.5646520853042603,12364800,0,0,-2.4062728881835938,-2.359945774078369,0.020462283864617348,0.020464129745960236,0.4996412694454193,0.004613297525793314,0.014382632449269295,,0.0031244950369000435,0.8300284147262573,0.01586007885634899,0.01586146652698517,0.020458128303289413,0.01586085557937622
193400,20.541921615600586,36.22328186035156,-0.08791609108448029,1.1188578946901893,0.17240993678569794,0.2603260278701782,0.8236569166183472,0.16517145931720734,12377600,0,0,-3.6759519577026367,-3.778230667114258,0.023038767278194427,0.022777508944272995,0.49480390548706055,0.004341926891356707,0.013839892111718655,,0.011359155178070068,0.6997309923171997,0.015741055831313133,0.01574174501001835,0.023047510534524918,0.015741202980279922
193600,20.938711166381836,34.9062614440918,-0.036944061517715454,1.0645995160600517,0.3911621570587158,0.4281062185764313,0.9112786650657654,0.3845672607421875,12390400,0,0,-6.093325138092041,-5.910874366760254,0.018840163946151733,0.018839647993445396,0.4958205223083496,0.0021709634456783533,0.010312076658010483,,0.015351459383964539,0.5523403882980347,0.01570827141404152,0.015710093080997467,0.018831418827176094,0.015709631145000458
193800,19.516897201538086,34.8891487121582,-0.05469347536563873,1.068165445223095,0.142942875623703,0.19763635098934174,0.8685106635093689,0.14099718630313873,12403200,0,1,-5.729858875274658,-5.527860164642334,0.020681429654359818,0.020676452666521072,0.4985958933830261,0.0029850746504962444,0.010854816995561123,,0.0060966662131249905,0.46186524629592896,0.015747621655464172,0.01574653759598732,0.020677680149674416,0.015747208148241043
194000,18.989301681518555,34.30618667602539,-0.041807278990745544,1.053798505996218,0.18108417093753815,0.2228914499282837,0.865859866142273,0.1784084141254425,12416000,0,0,-5.315031051635742,-5.114978790283203,0.020788168534636497,0.02079024538397789,0.5011101961135864,0.004613297525793314,0.010854816995561123,,0.00830539595335722,0.27285462617874146,0.015708018094301224,0.01570710726082325,0.0207900982350111,0.015707766637206078
194200,19.593807220458984,35.24549865722656,-0.06187216937541962,1.0810717327592108,0.1749497503042221,0.23682191967964172,0.8535979986190796,0.17240652441978455,12428800,0,0,-4.678591251373291,-4.643348693847656,0.021434104070067406,0.02144385129213333,0.49898138642311096,0.004070556256920099,0.010854816995561123,,0.012653481215238571,0.5244788527488708,0.015716537833213806,0.015716303139925003,0.021438851952552795,0.01571626588702202
194400,20.965866088867188,34.616851806640625,-0.055479973554611206,1.103796838655266,0.4100145995616913,0.4654945731163025,0.8984941840171814,0.4038189649581909,12441600,0,1,-5.0924530029296875,-4.819517612457275,0.01933497190475464,0.01933230459690094,0.5021216869354248,0.003256445284932852,0.010040706023573875,,0.010808045044541359,0.9126388430595398,0.015761688351631165,0.015762154012918472,0.019331231713294983,0.01576255075633526
194600,19.59758949279785,35.645111083984375,-0.058552950620651245,1.0721462820379823,0.129860520362854,0.18841347098350525,0.8416714668273926,0.12735994160175323,12454400,0,0,-4.671955585479736,-4.509059429168701,0.021955793723464012,0.021955734118819237,0.49980470538139343,0.004070556256920099,0.010312076658010483,,0.007549089379608631,0.5056357383728027,0.015864446759223938,0.015866339206695557,0.02194252982735634,0.015865078195929527
194800,19.26667594909668,34.303802490234375,-0.039312124252319336,1.0574429771882625,0.27632007002830505,0.3156321942806244,0.8413324356079102,0.2727908790111542,12467200,0,1,-3.6300759315490723,-3.5749168395996094,0.022064799442887306,0.02204652689397335,0.4964855909347534,0.001628222642466426,0.008683853782713413,,0.004498082213103771,0.1594213843345642,0.015783600509166718,0.015783600509166718,0.022056788206100464,0.01578454114496708
195000,20.961626052856445,34.043365478515625,-0.07804051041603088,1.1464411419971376,0.3890456557273865,0.46708616614341736,0.8558872938156128,0.3831196129322052,12480000,0,0,-3.3399930000305176,-3.249505043029785,0.021273257210850716,0.02126900851726532,0.5015377998352051,0.0029850746504962444,0.010583446361124516,,0.0032780347391963005,0.7559342384338379,0.01588253118097782,0.015884820371866226,0.021263394504785538,0.015885407105088234
195200,21.542451858520508,34.20810317993164,-0.07016457431018353,1.0763035575277848,0.010290170088410378,0.0804547443985939,0.7978581190109253,0.009696493856608868,12492800,0,0,-3.9628376960754395,-3.904998779296875,0.024371646344661713,0.024368848651647568,0.49909135699272156,0.004070556256920099,0.010854816995561123,,0.007530529517680407,0.23595954477787018,0.015803484246134758,0.01580575853586197,0.024366024881601334,0.015805505216121674
195400,21.274948120117188,33.209102630615234,-0.1403050422668457,1.3183943560507125,0.4190306067466736,0.5593356490135193,0.7729485034942627,0.411909282207489,12505600,0,0,-1.6838767528533936,-1.563586711883545,0.025931254029273987,0.02593681588768959,0.5037046670913696,0.0027137042488902807,0.008141112513840199,,0.004498304799199104,0.7771192789077759,0.015949402004480362,0.01595274917781353,0.025908300653100014,0.015951428562402725
195600,17.708173751831055,32.85429382324219,-0.1276504248380661,1.1620972572000607,0.08485676348209381,0.2125071883201599,0.648716151714325,0.08302303403615952,12518400,0,0,-1.6414666175842285,-1.612929344177246,0.03670429810881615,0.03602059185504913,0.5029841065406799,0.003799186088144779,0.01329715084284544,,0.008788060396909714,0.2027651071548462,0.015799755230545998,0.015800166875123978,0.03661368787288666,0.015799375250935555
195800,20.301061630249023,33.703617095947266,-0.14520368725061417,1.1879079887734842,0.08205807954072952,0.2272617667913437,0.8088386058807373,0.0820583626627922,12531200,0,0,-3.8346872329711914,-3.810469150543213,0.02372444048523903,0.02371569536626339,0.4883742928504944,0.0027137042488902807,0.008683853782713413,,0.006190478336066008,0.7143147587776184,0.016032766550779343,0.01603294163942337,0.023709449917078018,0.01603296771645546
196000,20.42754364013672,33.405738830566406,-0.05939534306526184,1.105338670906619,0.37675338983535767,0.4361487329006195,0.814426064491272,0.3707868754863739,12544000,0,1,-2.404304027557373,-2.3659214973449707,0.02354463003575802,0.023520246148109436,0.49822068214416504,0.004070556256920099,0.01329715084284544,,0.010426798835396767,0.253341406583786,0.01572742499411106,0.015726055949926376,0.023532502353191376,0.015727218240499496
196200,20.901302337646484,33.909423828125,-0.07525667548179626,1.1673444532480342,0.47503212094306946,0.5502887964248657,0.8214036822319031,0.46790173649787903,12556800,0,0,-2.0137746334075928,-1.9450640678405762,0.022997766733169556,0.023002618923783302,0.49878811836242676,0.003799186088144779,0.013839892111718655,,0.008645941503345966,0.4836651682853699,0.0169414971023798,0.016959335654973984,0.022982530295848846,0.0169589314609766
196400,18.82799530029297,34.87553405761719,-0.0585576593875885,1.0825538650515225,0.23211565613746643,0.29067331552505493,0.8408157825469971,0.22795294225215912,12569600,0,1,-3.7681593894958496,-3.8278822898864746,0.022143477573990822,0.022152256220579147,0.50260990858078,0.0029850746504962444,0.00949796475470066,,0.006416742689907551,0.2866102457046509,0.018019871786236763,0.018039822578430176,0.02214672975242138,0.018064936622977257
196600,19.572904586791992,34.81262969970703,-0.061268582940101624,1.0773174401456995,0.14630240201950073,0.20757098495960236,0.8175919651985168,0.14401347935199738,12582400,0,0,-3.7782249450683594,-3.6861605644226074,0.023220723494887352,0.023231271654367447,0.50160151720047,0.003799186088144779,0.011397558264434338,,0.009235166944563389,0.3053761124610901,0.015789370983839035,0.015788454562425613,0.02321045659482479,0.015789926052093506
196800,21.223684310913086,37.3311767578125,-0.056820884346961975,1.0494081526078873,-0.20685142278671265,-0.15003053843975067,0.8595823645591736,-0.2038537710905075,12595200,0,0,-7.732410430908203,-7.629739761352539,0.02146056853234768,0.02122339978814125,0.4908546507358551,0.0027137042488902807,0.007869742810726166,,0.00728650065138936,0.2590225338935852,0.01612567901611328,0.016127074137330055,0.02147958241403103,0.016124336048960686
197000,18.291149139404297,34.87946701049805,-0.08309653401374817,1.1064133737679605,0.13601915538311005,0.21911568939685822,0.7500672936439514,0.1345783919095993,12608000,0,1,-2.5445446968078613,-2.4659512042999268,0.027176519855856895,0.027181172743439674,0.49972453713417053,0.004070556256920099,0.010040706023573875,,0.007382591255009174,0.2989048957824707,0.01600920595228672,0.01600928232073784,0.027141429483890533,0.016008928418159485
197200,19.065481185913086,34.395259857177734,-0.05761986970901489,1.0681395914247325,0.09676499664783478,0.15438486635684967,0.862362265586853,0.09565668553113937,12620800,0,0,-5.61412239074707,-5.572978496551514,0.020933328196406364,0.020929696038365364,0.49938738346099854,0.004884667694568634,0.010040706023573875,,0.007362554781138897,0.42240577936172485,0.015978023409843445,0.01597723364830017,0.02092541940510273,0.01597837172448635
197400,16.883153915405273,42.502769470214844,-0.04278835654258728,1.0316234310902592,-0.39584699273109436,-0.3530586361885071,0.7397094368934631,-0.38883668184280396,12633600,0,0,-4.638173580169678,-4.409043788909912,0.02643933705985546,0.02645130455493927,0.4993205666542053,0.003256445284932852,0.010854816995561123,,0.004842235706746578,0.1611359715461731,0.016439341008663177,0.016448888927698135,0.02639535628259182,0.01644403114914894
197600,19.75172996520996,33.18216323852539,-0.09587611258029938,1.114529506553346,0.06699365377426147,0.16286976635456085,0.5861079096794128,0.06528570502996445,12646400,0,0,-1.306297779083252,-1.2564911842346191,0.04375181719660759,0.0437849760055542,0.5002179145812988,0.0054274084977805614,0.01329715084284544,,0.004289603792130947,0.11451904475688934,0.01608421839773655,0.01609465852379799,0.04368466138839722,0.016094326972961426
197800,17.20503044128418,34.084571838378906,-0.09446547739207745,1.1020799885525612,-0.019871903583407402,0.07459357380867004,0.7411813139915466,-0.019076941534876823,12659200,0,0,-3.0045571327209473,-2.944660186767578,0.028240447863936424,0.02822444587945938,0.49726471304893494,0.004070556256920099,0.011940298601984978,,0.011267513036727905,0.2406129240989685,0.015855789184570312,0.01585664413869381,0.028216611593961716,0.01585664041340351
198000,18.57763671875,33.27488327026367,-0.14708822965621948,1.1991761779017949,0.11442872881889343,0.2615169584751129,0.6851264238357544,0.11231657862663269,12672000,0,0,-1.8185176849365234,-1.8155126571655273,0.03279142454266548,0.032765232026576996,0.5021432042121887,0.0035278156865388155,0.011397558264434338,,0.005884457379579544,0.38779115676879883,0.015904201194643974,0.01590522564947605,0.03273195028305054,0.015905369073152542
198200,20.364395141601562,33.12718963623047,-0.11660370230674744,1.2717416081116089,0.45429858565330505,0.5709022879600525,0.7767139077186584,0.4479917883872986,12684800,0,1,-1.5162384510040283,-1.4464185237884521,0.025690149515867233,0.025681674480438232,0.4988364279270172,0.002442333847284317,0.007327001541852951,,0.007707666605710983,0.711930513381958,0.01590624824166298,0.015905076637864113,0.025660894811153412,0.015909023582935333
198400,20.57838249206543,34.28721618652344,-0.05445431172847748,1.0768877864129571,0.23731471598148346,0.29176902770996094,0.8454492092132568,0.23340129852294922,12697600,0,0,-4.094578742980957,-3.9365720748901367,0.021820293739438057,0.021799562498927116,0.4940812885761261,0.0021709634456783533,0.008141112513840199,,0.009780241176486015,0.33539479970932007,0.015764525160193443,0.01576438546180725,0.021835211664438248,0.01576477661728859
198600,20.404409408569336,33.457305908203125,-0.12107542157173157,1.1975422513080325,0.26601558923721313,0.3870910108089447,0.7680625319480896,0.26247769594192505,12710400,0,0,-2.2365312576293945,-2.167799472808838,0.02620205096900463,0.02621503919363022,0.5008624792098999,0.0029850746504962444,0.010583446361124516,,0.005901415832340717,0.5743201971054077,0.01595887541770935,0.015962455421686172,0.026196179911494255,0.015961844474077225
198800,20.56172752380371,34.136314392089844,-0.06440985202789307,1.1224458369477162,0.4095628559589386,0.47397270798683167,0.8485708236694336,0.4032091498374939,12723200,0,0,-3.036201000213623,-2.90429425239563,0.02162346802651882,0.021627014502882957,0.5034692883491516,0.002442333847284317,0.008412483148276806,,0.0072458889335393906,0.5942486524581909,0.015669196844100952,0.015669286251068115,0.021619094535708427,0.015669113025069237
199000,20.762887954711914,34.41223907470703,-0.05442573130130768,1.0702040790436889,0.17032399773597717,0.22474972903728485,0.8761590123176575,0.16811329126358032,12736000,0,0,-6.042548656463623,-5.710368633270264,0.02030114270746708,0.020302478224039078,0.4947926104068756,0.004613297525793314,0.015196744352579117,,0.004575508646667004,0.4805759787559509,0.015664171427488327,0.015664124861359596,0.020301546901464462,0.015664124861359596
199200,19.726484298706055,36.310882568359375,-0.07228825241327286,1.079471736135978,0.018102169036865234,0.09039042145013809,0.7943737506866455,0.01683436706662178,12748800,0,1,-3.66953706741333,-3.7856016159057617,0.024876799434423447,0.02511058747768402,0.5031886100769043,0.0029850746504962444,0.00895522441715002,,0.008207046426832676,0.3917911946773529,0.015694541856646538,0.01569567248225212,0.025079408660531044,0.01569558121263981
199400,18.967384338378906,34.3000373840332,-0.10087881982326508,1.1551668299503988,0.24898983538150787,0.34986865520477295,0.8074082732200623,0.24548929929733276,12761600,0,1,-2.9699630737304688,-2.9032769203186035,0.023856965824961662,0.023855067789554596,0.5009652376174927,0.004070556256920099,0.012211669236421585,,0.0054461718536913395,0.7232725024223328,0.015704507008194923,0.015704616904258728,0.023843178525567055,0.015705138444900513
199600,20.143054962158203,34.65967559814453,-0.051374226808547974,1.067151943595317,0.18358124792575836,0.23495547473430634,0.8190655708312988,0.18073122203350067,12774400,0,0,-3.6352319717407227,-3.531188488006592,0.02318265102803707,0.02323068305850029,0.4954196512699127,0.0029850746504962444,0.010854816995561123,,0.015831775963306427,0.19046716392040253,0.015638871118426323,0.01563887856900692,0.023235345259308815,0.015638863667845726
199800,20.035551071166992,35.13717269897461,-0.07913829758763313,1.0910131096082483,0.05133534595370293,0.13047364354133606,0.8020508289337158,0.04752998426556587,12787200,0,0,-3.9420437812805176,-3.819042205810547,0.024408236145973206,0.024461187422275543,0.4967682659626007,0.0054274084977805614,0.01329715084284544,,0.009584472514688969,0.3303929567337036,0.0156693197786808,0.015669498592615128,0.024550950154662132,0.015669673681259155
200000,20.583744049072266,33.106361389160156,-0.1782410442829132,1.3373285974339848,0.29336899518966675,0.47161003947257996,0.7513068318367004,0.28916099667549133,12800000,0,1,-1.849912405014038,-1.8445208072662354,0.027395429089665413,0.02740935981273651,0.4970797300338745,0.0021709634456783533,0.010854816995561123,,0.0037619355134665966,0.8227683305740356,0.0158123467117548,0.015812240540981293,0.02737298049032688,0.015813689678907394
