step,loss,loss_tau_ref,gap,gap_ratio,ff,fp,tp,cross_batch,hf_rows_consumed,synth_rows_consumed,mixup_applied,r2_random,r2_naive,u_temporal,u_batch,auc,top1,top3,cpc_aux,sigreg_e,sigreg_h,u_temporal_e,u_batch_e,u_batchtime,u_batchtime_e
1,26.896045684814453,29.827938079833984,-0.4076400399208069,2.5644621357553175,0.3317975401878357,0.7394375801086426,0.44799208641052246,0.14624519646167755,64,0,1,0.1694621443748474,-0.22496557235717773,0.10530371963977814,0.14576907455921173,0.7720170021057129,0.06648575514554977,0.14762552082538605,5.838426113128662,0.057214654982089996,0.2779731750488281,0.04427076876163483,0.04711572080850601,0.15668244659900665,0.0475224107503891
2,26.699264526367188,28.420368194580078,-0.421034038066864,2.8907326309602164,0.35628294944763184,0.7773169875144958,0.43369215726852417,0.16836212575435638,128,0,0,0.1868113875389099,-0.14380884170532227,0.10775785893201828,0.16812807321548462,0.7886600494384766,0.06838534772396088,0.13948440551757812,5.297407150268555,0.05402052402496338,0.2801646590232849,0.05061500146985054,0.04854987561702728,0.18048150837421417,0.04912514239549637
3,25.420923233032227,29.08585548400879,-0.38362351059913635,2.8388367286532543,0.4077535569667816,0.791377067565918,0.48029205203056335,0.17395885288715363,192,0,0,0.214177668094635,-0.14900362491607666,0.09417960792779922,0.14022937417030334,0.8226636052131653,0.07978290319442749,0.1620081514120102,4.886566162109375,0.05733087658882141,0.29090046882629395,0.04152781143784523,0.04409235343337059,0.15136770904064178,0.04446762055158615
4,25.131025314331055,28.471912384033203,-0.437122642993927,3.089297313374327,0.35365742444992065,0.7907800674438477,0.40971946716308594,0.1372341364622116,256,0,1,0.24374347925186157,-0.10067605972290039,0.11710232496261597,0.16593219339847565,0.8044489026069641,0.05020352825522423,0.12591588497161865,4.81188440322876,0.0567607656121254,0.2686046361923218,0.04991929978132248,0.04813608527183533,0.18519753217697144,0.04910270869731903
5,24.687116622924805,29.631118774414062,-0.38962897658348083,2.8203920495114905,0.39633527398109436,0.7859642505645752,0.4763830304145813,0.12885689735412598,320,0,0,0.25812041759490967,-0.15998053550720215,0.10694662481546402,0.15929552912712097,0.8421395421028137,0.10366350412368774,0.2135685235261917,4.703553199768066,0.059379611164331436,0.2768527865409851,0.05049793794751167,0.054630097001791,0.17112715542316437,0.05500069260597229
6,24.520814895629883,28.141910552978516,-0.44094911217689514,2.944703855760824,0.3323073089122772,0.7732564210891724,0.3989016115665436,0.07376231253147125,384,0,1,0.23134487867355347,-0.11618220806121826,0.12414627522230148,0.20418083667755127,0.8365097045898438,0.07137042284011841,0.16987788677215576,4.580137252807617,0.05030186474323273,0.2551475167274475,0.055511027574539185,0.05571787804365158,0.2274560183286667,0.05704254284501076
7,24.288877487182617,28.270442962646484,-0.43653926253318787,2.885892742832158,0.3319845497608185,0.7685238122940063,0.40435105562210083,0.07881242781877518,448,0,0,0.24434739351272583,-0.12589764595031738,0.12360360473394394,0.2042386382818222,0.8235753178596497,0.09470827877521515,0.18073271214962006,4.499571323394775,0.0522422231733799,0.262442946434021,0.05760940536856651,0.055756933987140656,0.22142420709133148,0.05605803802609444
8,24.164213180541992,28.28912353515625,-0.4411281943321228,2.831552613220068,0.3180224895477295,0.7591506838798523,0.3940977454185486,0.05825832858681679,512,0,1,0.24194908142089844,-0.12999916076660156,0.12095484137535095,0.21901200711727142,0.8332162499427795,0.09715061634778976,0.19158752262592316,4.472727298736572,0.047045573592185974,0.25617527961730957,0.056157659739255905,0.06022662669420242,0.23888421058654785,0.06060768663883209
9,23.85504913330078,28.16266632080078,-0.43002697825431824,2.789902655905733,0.3297214210033417,0.7597483992576599,0.4155714809894562,0.06188968941569328,576,0,0,0.2178390622138977,-0.15152156352996826,0.11777050048112869,0.21422049403190613,0.8483152985572815,0.12157395482063293,0.22089552879333496,4.413689613342285,0.04569284990429878,0.2669859528541565,0.07201886177062988,0.07110107690095901,0.23161950707435608,0.07130572199821472
10,23.677875518798828,28.902877807617188,-0.40069934725761414,2.492354110410708,0.3307991325855255,0.7314984798431396,0.4503708481788635,0.04386017844080925,640,0,0,0.22150003910064697,-0.22554194927215576,0.11801524460315704,0.21446804702281952,0.8561501502990723,0.1473541408777237,0.26105836033821106,4.298853397369385,0.05150590091943741,0.2741609215736389,0.06568752229213715,0.07079082727432251,0.22381725907325745,0.07060083746910095
11,23.268911361694336,28.565937042236328,-0.4261675477027893,2.65893492178656,0.31694018840789795,0.7431077361106873,0.421683669090271,0.014349637553095818,704,0,0,0.23956817388534546,-0.1884770393371582,0.11951377987861633,0.19990965723991394,0.8618899583816528,0.11831750720739365,0.20434193313121796,4.011234760284424,0.049828752875328064,0.27054473757743835,0.050656508654356,0.05004994571208954,0.21863560378551483,0.05032401904463768
12,23.221912384033203,28.532756805419922,-0.4420129060745239,2.7043053109222686,0.2986363172531128,0.7406492233276367,0.4053727388381958,0.013515738770365715,768,0,0,0.20206952095031738,-0.18462669849395752,0.11548005044460297,0.20541581511497498,0.8492579460144043,0.08466757088899612,0.18480326235294342,3.9328384399414062,0.050558146089315414,0.27538150548934937,0.05227874591946602,0.052229031920433044,0.22654207050800323,0.05255293473601341
13,23.148176193237305,29.401512145996094,-0.4039080739021301,2.539995854833732,0.33381325006484985,0.73772132396698,0.4626716673374176,0.010771602392196655,832,0,1,0.2565857172012329,-0.24864637851715088,0.11053193360567093,0.16885137557983398,0.8696343898773193,0.08521031588315964,0.18507462739944458,3.9079573154449463,0.048723477870225906,0.27950480580329895,0.05080656334757805,0.046426575630903244,0.19012826681137085,0.04749475046992302
14,23.221954345703125,30.04553985595703,-0.4038768410682678,2.460819719030718,0.31965041160583496,0.7235272526741028,0.45995768904685974,0.018716733902692795,896,0,0,0.1521565318107605,-0.2666311264038086,0.11182963848114014,0.17419686913490295,0.8664281964302063,0.11044776439666748,0.21465401351451874,3.873004674911499,0.05440317466855049,0.3091335892677307,0.04855934530496597,0.05353810638189316,0.1892646998167038,0.053693853318691254
15,22.871578216552734,29.0964412689209,-0.3887758255004883,2.4569084015673,0.34437429904937744,0.7331501245498657,0.4752221405506134,0.018441494554281235,960,0,0,0.23248493671417236,-0.2595294713973999,0.10735499113798141,0.1608780175447464,0.8796606063842773,0.09905020892620087,0.20624153316020966,3.68438458442688,0.050773244351148605,0.3064713478088379,0.044075511395931244,0.04132282733917236,0.1814417541027069,0.041839417070150375
16,23.03311538696289,29.173809051513672,-0.40923112630844116,2.5387264608161186,0.32481443881988525,0.7340455651283264,0.46444204449653625,0.011921211145818233,1024,0,1,0.22356992959976196,-0.27029216289520264,0.11143619567155838,0.16247767210006714,0.857854425907135,0.08873812854290009,0.19484396278858185,3.712881326675415,0.05332300066947937,0.3003500998020172,0.04590407386422157,0.04430248215794563,0.1855110377073288,0.044762227684259415
17,23.0053653717041,29.956966400146484,-0.41315874457359314,2.530967305190574,0.316973477602005,0.7301322221755981,0.45131349563598633,0.009528434835374355,1088,0,0,0.17238283157348633,-0.2511281967163086,0.11511552333831787,0.19175055623054504,0.8700465559959412,0.12971507012844086,0.23392130434513092,3.7342944145202637,0.056672386825084686,0.30512720346450806,0.051888201385736465,0.054699961096048355,0.2047392725944519,0.05475598946213722
18,23.002254486083984,28.3941650390625,-0.47297582030296326,2.8544560645010515,0.27197590470314026,0.7449517250061035,0.3747155964374542,0.017006661742925644,1152,0,1,0.0998997688293457,-0.16776049137115479,0.1326574832201004,0.21288645267486572,0.8242455720901489,0.10339213162660599,0.19104477763175964,3.672729969024658,0.04817470908164978,0.29265284538269043,0.05854109674692154,0.05811933055520058,0.23770743608474731,0.05896614119410515
19,22.925687789916992,30.027828216552734,-0.4193769693374634,2.705567595083994,0.3347359895706177,0.754112958908081,0.44113314151763916,0.030458824709057808,1216,0,0,0.20475924015045166,-0.19403183460235596,0.11753425002098083,0.17763230204582214,0.8628501296043396,0.10610584169626236,0.21275441348552704,3.5887458324432373,0.054313018918037415,0.29521292448043823,0.045902229845523834,0.05070500820875168,0.19489797949790955,0.05089335888624191
20,22.642650604248047,28.195892333984375,-0.4295136034488678,2.8554489910315346,0.3389987051486969,0.7685123085975647,0.4163229167461395,0.02566550299525261,1280,0,1,0.23805415630340576,-0.13520359992980957,0.12220651656389236,0.18145838379859924,0.8673349022865295,0.08819539099931717,0.1842605173587799,3.5126075744628906,0.04735329747200012,0.28385692834854126,0.05066606029868126,0.04697268083691597,0.20916101336479187,0.0476088672876358
21,22.623382568359375,28.86069107055664,-0.4127174913883209,2.795091287355875,0.35736802220344543,0.7700855135917664,0.44451141357421875,0.028549091890454292,1344,0,0,0.2857136130332947,-0.16042804718017578,0.10383183509111404,0.19761353731155396,0.8894104361534119,0.13975577056407928,0.25915876030921936,3.5997583866119385,0.04923155531287193,0.2868891954421997,0.04806313291192055,0.05504092201590538,0.21054494380950928,0.05501669645309448
22,22.4938907623291,29.204450607299805,-0.38709720969200134,2.6140080968641426,0.37306681275367737,0.7601640224456787,0.47509050369262695,0.03404572606086731,1408,0,0,0.27166175842285156,-0.19803094863891602,0.09706340730190277,0.1667371392250061,0.8872466683387756,0.13351425528526306,0.252645879983902,3.487581253051758,0.061967115849256516,0.297193318605423,0.03800475224852562,0.04746150225400925,0.18565717339515686,0.04776227846741676
23,22.294578552246094,28.35726547241211,-0.3955950438976288,2.7246838288336046,0.3750324547290802,0.770627498626709,0.45381802320480347,0.02173655480146408,1472,0,0,0.29358720779418945,-0.1485656499862671,0.11516072601079941,0.15356086194515228,0.8835914134979248,0.12483039498329163,0.22930800914764404,3.3562512397766113,0.05039450526237488,0.2920529842376709,0.04014065861701965,0.038065601140260696,0.17669537663459778,0.0383015014231205
24,22.316326141357422,27.847515106201172,-0.40106484293937683,2.8916923273285557,0.38692137598991394,0.7879862189292908,0.44316643476486206,0.021293453872203827,1536,0,0,0.3218578100204468,-0.10270869731903076,0.11556358635425568,0.21047592163085938,0.9014731049537659,0.1677069216966629,0.3099050223827362,3.4152698516845703,0.043759364634752274,0.2744458317756653,0.05423156917095184,0.05317047983407974,0.23103858530521393,0.05311311036348343
25,22.55043601989746,27.925107955932617,-0.45038488507270813,3.054539672941145,0.33040061593055725,0.7807855010032654,0.37384411692619324,0.026397021487355232,1600,0,1,0.23058104515075684,-0.07073760032653809,0.13114158809185028,0.19724655151367188,0.8543306589126587,0.09470827877521515,0.1951153427362442,3.3279941082000732,0.042227476835250854,0.2923758029937744,0.05014744773507118,0.0522841177880764,0.22928529977798462,0.05300794541835785
26,22.129323959350586,27.650379180908203,-0.4564250409603119,3.10090417267624,0.3263232409954071,0.782748281955719,0.3504393994808197,0.0192069411277771,1664,0,0,0.2523690462112427,-0.03829085826873779,0.13713204860687256,0.20029589533805847,0.8599852323532104,0.08683853596448898,0.1894165575504303,3.2429697513580322,0.04426804184913635,0.28010761737823486,0.052795521914958954,0.04799336940050125,0.2252129763364792,0.04850048944354057
27,22.191650390625,27.979726791381836,-0.4190419316291809,3.0005602991752873,0.37149578332901,0.7905377149581909,0.4130581021308899,0.03353215754032135,1728,0,0,0.3283692002296448,-0.07202303409576416,0.11463933438062668,0.19678103923797607,0.8864129781723022,0.1402985155582428,0.2597014904022217,3.2505552768707275,0.04644108563661575,0.2860206663608551,0.04779212176799774,0.052086133509874344,0.21933405101299286,0.052179522812366486
28,22.212230682373047,27.55052947998047,-0.46785426139831543,3.193390062962959,0.3188438415527344,0.7866981029510498,0.33232730627059937,0.023307111114263535,1792,0,0,0.22117167711257935,-0.02102792263031006,0.13957488536834717,0.21340852975845337,0.8506507873535156,0.10176391154527664,0.1875169724225998,3.214016914367676,0.044501516968011856,0.28521400690078735,0.053564392030239105,0.05223100632429123,0.2394227832555771,0.052738916128873825
29,22.159286499023438,27.47000503540039,-0.4544495642185211,3.108151739175757,0.3299826681613922,0.7844322323799133,0.34865230321884155,0.020866701379418373,1856,0,0,0.267452597618103,-0.029216289520263672,0.13948354125022888,0.21360573172569275,0.8713653683662415,0.09932157397270203,0.20000000298023224,3.214324474334717,0.04291637986898422,0.2658975124359131,0.057469431310892105,0.05593498796224594,0.23794810473918915,0.05639486387372017
30,21.967531204223633,27.428211212158203,-0.4683045446872711,3.1858235293463046,0.3174491822719574,0.7857537269592285,0.30529019236564636,0.014949331991374493,1920,0,1,0.2500677704811096,0.016320109367370605,0.14956346154212952,0.20450851321220398,0.851350724697113,0.07109905034303665,0.16526459157466888,3.0729498863220215,0.042095161974430084,0.27283406257629395,0.052499622106552124,0.04968845099210739,0.23691877722740173,0.05069178342819214
31,21.868410110473633,27.83690643310547,-0.46394890546798706,3.0046855494851767,0.30461883544921875,0.7685677409172058,0.3062697649002075,0.006070077419281006,1984,0,0,0.24602240324020386,-0.0032056570053100586,0.1486620008945465,0.19595062732696533,0.8464136719703674,0.08385346084833145,0.16309362649917603,2.982473134994507,0.04196922481060028,0.2657012939453125,0.04674634337425232,0.0458625853061676,0.2200649231672287,0.046425215899944305
32,22.052536010742188,28.44243049621582,-0.42636701464653015,2.8342173746818182,0.3411812484264374,0.7675482630729675,0.3616331219673157,0.02078099176287651,2048,0,0,0.30249130725860596,-0.03299272060394287,0.14506416022777557,0.21257099509239197,0.8762324452400208,0.10149253904819489,0.21763908863067627,3.0745022296905518,0.047217629849910736,0.25806957483291626,0.0463872030377388,0.052746325731277466,0.23422211408615112,0.05303230881690979
33,21.868133544921875,28.409404754638672,-0.38898766040802,2.505431533064394,0.3526228666305542,0.7416105270385742,0.4052930474281311,0.0053232344798743725,2112,0,0,0.3120526671409607,-0.09048593044281006,0.1251981258392334,0.18076352775096893,0.8977201581001282,0.11614654213190079,0.24396201968193054,3.068984031677246,0.05081779509782791,0.2590383291244507,0.03946512192487717,0.043170273303985596,0.20260755717754364,0.04337082430720329
34,21.904441833496094,27.963478088378906,-0.4353029727935791,2.7917246986487187,0.3217450976371765,0.7570480704307556,0.3358493447303772,0.008856040425598621,2176,0,0,0.26843327283859253,-0.021645188331604004,0.13609711825847626,0.25566565990448,0.8865075707435608,0.1370420604944229,0.2594301402568817,3.120025634765625,0.04338248819112778,0.2516504228115082,0.06030603498220444,0.0661821961402893,0.2769777476787567,0.06618911772966385
35,21.876375198364258,28.314533233642578,-0.4424949884414673,2.7476990312106855,0.304317831993103,0.7468128204345703,0.3133258819580078,0.002788010286167264,2240,0,0,0.24391216039657593,-0.014196157455444336,0.14647701382637024,0.22176684439182281,0.8692447543144226,0.07489823549985886,0.1709633767604828,2.9908463954925537,0.045507900416851044,0.25584322214126587,0.04785998910665512,0.05535849183797836,0.2453477680683136,0.05564083531498909
36,21.570354461669922,27.794715881347656,-0.3807156980037689,2.45443376506271,0.3575221598148346,0.7382378578186035,0.3933597505092621,0.0010559307411313057,2304,0,1,0.30735087394714355,-0.06215333938598633,0.13223257660865784,0.15231525897979736,0.8951647877693176,0.07516960799694061,0.18208955228328705,2.9564220905303955,0.046946488320827484,0.26205718517303467,0.037519462406635284,0.035274770110845566,0.18224088847637177,0.035702768713235855
37,21.524873733520508,27.752071380615234,-0.41519543528556824,2.580770907450394,0.3221507966518402,0.7373462319374084,0.3302781581878662,-0.0005257211159914732,2368,0,0,0.23617297410964966,-0.013420701026916504,0.13398973643779755,0.21263498067855835,0.8847776055335999,0.09932157397270203,0.1945725977420807,2.913208246231079,0.046792276203632355,0.24818024039268494,0.042508695274591446,0.047585468739271164,0.23553162813186646,0.04789210110902786
38,21.259784698486328,27.23033905029297,-0.40755459666252136,2.5518307165110024,0.32981714606285095,0.7373717427253723,0.3324272930622101,-0.003315518144518137,2432,0,0,0.277515172958374,-0.005332350730895996,0.14612391591072083,0.19773539900779724,0.8902224898338318,0.07896879315376282,0.1785617470741272,2.823286294937134,0.03903454914689064,0.248651921749115,0.04238800331950188,0.041667550802230835,0.22214019298553467,0.04206601902842522
39,21.714149475097656,28.374164581298828,-0.4278358519077301,2.6604373135219137,0.3144995868206024,0.7423354387283325,0.2912229597568512,-0.002951044589281082,2496,0,0,0.25906527042388916,0.03179800510406494,0.1515374481678009,0.22552990913391113,0.8661630749702454,0.11207598447799683,0.20488467812538147,2.795652389526367,0.03838924318552017,0.26121366024017334,0.04730340465903282,0.04773780703544617,0.2497599571943283,0.04799824208021164
40,21.17388343811035,27.060691833496094,-0.38526618480682373,2.4988734727648474,0.35769665241241455,0.7429628372192383,0.3476860821247101,-0.003166869981214404,2560,0,0,0.32721197605133057,0.013785183429718018,0.13567164540290833,0.2222239375114441,0.9014689922332764,0.12700136005878448,0.24396201968193054,2.7597696781158447,0.03728552162647247,0.26035720109939575,0.05196043848991394,0.05024605616927147,0.24548174440860748,0.05063675343990326
41,21.36476707458496,27.016082763671875,-0.41328907012939453,2.553214156751463,0.32062458992004395,0.7339136600494385,0.29707223176956177,0.0021285656839609146,2624,0,0,0.2783085107803345,0.03272449970245361,0.15121054649353027,0.24310976266860962,0.882756769657135,0.11180461943149567,0.2257802039384842,2.7470414638519287,0.041921377182006836,0.2567269206047058,0.049468688666820526,0.04859529435634613,0.2648261785507202,0.048923395574092865
42,21.635963439941406,28.0634708404541,-0.4073450267314911,2.505710432585896,0.3221215307712555,0.7294665575027466,0.3061371147632599,0.0057989745400846004,2688,0,1,0.2572047710418701,0.022008836269378662,0.1308480203151703,0.20050042867660522,0.8762489557266235,0.07164179533720016,0.17611941695213318,2.8123228549957275,0.0437617264688015,0.2563452124595642,0.04050769284367561,0.04231059178709984,0.229569673538208,0.042960505932569504
43,21.092798233032227,27.112546920776367,-0.3622831702232361,2.273377168218905,0.35321104526519775,0.7154942154884338,0.34956368803977966,0.002417803043499589,2752,0,0,0.3230929970741272,0.003796398639678955,0.13826806843280792,0.21708780527114868,0.9028936624526978,0.16282226145267487,0.27327001094818115,2.7354776859283447,0.04646389186382294,0.24877023696899414,0.04251686856150627,0.04310460388660431,0.24200595915317535,0.04369976744055748
44,21.20816421508789,27.150623321533203,-0.37721627950668335,2.2928523596463237,0.33101314306259155,0.7082294225692749,0.3195023834705353,0.0005542185972444713,2816,0,0,0.27726078033447266,0.01541060209274292,0.1542331427335739,0.20861876010894775,0.8939487338066101,0.10284939408302307,0.20325645804405212,2.712524175643921,0.044326119124889374,0.2520025670528412,0.04533566161990166,0.04056914895772934,0.23820212483406067,0.040943313390016556
45,21.40943717956543,27.340688705444336,-0.4249952435493469,2.4453298343865173,0.28095752000808716,0.7059527635574341,0.22359947860240936,0.006396895740181208,2880,0,0,0.23106801509857178,0.07243835926055908,0.15628089010715485,0.23466145992279053,0.8460980653762817,0.0656716451048851,0.15440978109836578,2.6212029457092285,0.04465395584702492,0.26000088453292847,0.04174879193305969,0.04351102560758591,0.26412832736968994,0.043947093188762665
46,21.293664932250977,26.528018951416016,-0.40169239044189453,2.4233547197275653,0.3160923719406128,0.7177847623825073,0.28358376026153564,0.0057918536476790905,2944,0,0,0.2817539572715759,0.04462927579879761,0.15784335136413574,0.26900237798690796,0.8952942490577698,0.10881954431533813,0.21926730871200562,2.785940408706665,0.04028361290693283,0.24978305399417877,0.06060788035392761,0.05580945685505867,0.29258283972740173,0.05623692274093628
47,21.08620262145996,26.668058395385742,-0.3989199697971344,2.3253782450175784,0.30009427666664124,0.6990142464637756,0.23758916556835175,0.0005028462037444115,3008,0,0,0.24776005744934082,0.07988709211349487,0.15681645274162292,0.24676109850406647,0.8712471127510071,0.09769335389137268,0.20135685801506042,2.560189962387085,0.039736032485961914,0.25762492418289185,0.05171868950128555,0.05034392327070236,0.27356693148612976,0.05103133246302605
48,21.116382598876953,26.957008361816406,-0.376252681016922,2.209640469332965,0.3127022683620453,0.6889549493789673,0.2669963240623474,0.006691149435937405,3072,0,1,0.26880794763565063,0.06068509817123413,0.16362152993679047,0.23647774755954742,0.8809013366699219,0.09253731369972229,0.19782903790473938,2.616680145263672,0.039092499762773514,0.2518962621688843,0.04478263109922409,0.04554006829857826,0.2698433995246887,0.04620891809463501
49,21.080589294433594,26.694000244140625,-0.3836548626422882,2.2363713458660914,0.3060379922389984,0.6896928548812866,0.2511731684207916,-0.004216218367218971,3136,0,1,0.23454362154006958,0.07207918167114258,0.1495402604341507,0.2592823803424835,0.8871665000915527,0.10719131678342819,0.2073270082473755,2.670927047729492,0.03772113472223282,0.24727806448936462,0.04961934685707092,0.05208894610404968,0.2908152639865875,0.0525006465613842
50,21.184328079223633,26.529823303222656,-0.4093153476715088,2.3102354548809103,0.278286337852478,0.6876016855239868,0.1889987289905548,-0.002909306436777115,3200,0,0,0.22175121307373047,0.10885882377624512,0.14843326807022095,0.2752033770084381,0.8630556464195251,0.1147896945476532,0.2097693383693695,2.643167495727539,0.03579776734113693,0.2498163878917694,0.058412469923496246,0.06362403929233551,0.29690200090408325,0.06374707818031311
51,20.651865005493164,26.504287719726562,-0.33735689520835876,1.9997441426597646,0.3251998722553253,0.6625567674636841,0.2671962082386017,0.0002510431513655931,3264,0,1,0.28001630306243896,0.0778435468673706,0.1610112488269806,0.23075231909751892,0.8988272547721863,0.11044776439666748,0.21953867375850677,2.473508596420288,0.04155033454298973,0.24748745560646057,0.041980862617492676,0.04174695163965225,0.2603025734424591,0.04200084134936333
52,20.708049774169922,26.290523529052734,-0.3472422957420349,2.02268071749304,0.3132164478302002,0.6604587435722351,0.2336672693490982,0.0008315016166307032,3328,0,0,0.2529803514480591,0.10304874181747437,0.16692931950092316,0.251914381980896,0.8905124068260193,0.11071913689374924,0.2257802039384842,2.4272642135620117,0.0374356210231781,0.24374550580978394,0.04790661856532097,0.046655118465423584,0.27679210901260376,0.047046810388565063
53,20.805261611938477,26.53305435180664,-0.36105114221572876,2.0573224337588676,0.2974720001220703,0.6585231423377991,0.22188431024551392,0.005505453795194626,3392,0,0,0.2595135569572449,0.09616869688034058,0.1715136468410492,0.2518981695175171,0.8791641592979431,0.09226594865322113,0.19402985274791718,2.4443204402923584,0.03970050811767578,0.2420714646577835,0.04406094551086426,0.04537493735551834,0.2806644141674042,0.045662835240364075
54,21.756132125854492,29.587493896484375,-0.3194674551486969,1.9711516857800742,0.35157522559165955,0.6710426807403564,0.3224377930164337,0.026083234697580338,3456,0,0,0.27132511138916016,0.04135483503341675,0.14855138957500458,0.23218128085136414,0.9054624438285828,0.12727272510528564,0.23962008953094482,2.7936818599700928,0.04926515370607376,0.24152329564094543,0.0453026220202446,0.062272809445858,0.2442326843738556,0.062181953340768814
55,20.72151756286621,26.40956687927246,-0.3368212878704071,1.9702058972697545,0.31601396203041077,0.6528352499008179,0.22870567440986633,0.009470850229263306,3520,0,1,0.2751878499984741,0.11151123046875,0.17122146487236023,0.23354411125183105,0.8905031085014343,0.08249661326408386,0.20054274797439575,2.4164795875549316,0.03834500163793564,0.2446892261505127,0.04516702517867088,0.0435316264629364,0.27609166502952576,0.04445359855890274
56,20.80280303955078,25.99599838256836,-0.33569231629371643,1.9775252669891539,0.32089731097221375,0.6565896272659302,0.2135666012763977,0.022048229351639748,3584,0,0,0.2551290988922119,0.13489890098571777,0.17289140820503235,0.2588069438934326,0.8876969218254089,0.09362279623746872,0.20868386328220367,2.3964903354644775,0.037791360169649124,0.2536180019378662,0.05368666723370552,0.050288066267967224,0.287924200296402,0.050702668726444244
57,20.886348724365234,26.693405151367188,-0.30806419253349304,1.8391331687254557,0.3248138725757599,0.6328780651092529,0.23589323461055756,0.021187396720051765,3648,0,1,0.24022400379180908,0.11505252122879028,0.1786348968744278,0.23344209790229797,0.8939415216445923,0.09932157397270203,0.20000000298023224,2.414968967437744,0.03803591430187225,0.2517760396003723,0.04507674649357796,0.04464253410696983,0.2707982659339905,0.045424364507198334
58,21.426542282104492,28.446651458740234,-0.2856903374195099,1.8044775490624896,0.3591843545436859,0.6448746919631958,0.3226071000099182,0.010280187241733074,3712,0,0,0.29750722646713257,0.052069902420043945,0.15334251523017883,0.23024141788482666,0.9152215123176575,0.11804613471031189,0.23880597949028015,2.570570945739746,0.04310443252325058,0.23787707090377808,0.040478989481925964,0.044742096215486526,0.2561506927013397,0.045081328600645065
59,20.983701705932617,26.866497039794922,-0.3021462857723236,1.8510520937196386,0.3428269326686859,0.6449732184410095,0.278180330991745,0.010789482854306698,3776,0,0,0.2862623929977417,0.08885324001312256,0.14701978862285614,0.24506041407585144,0.9124564528465271,0.13622795045375824,0.2607869803905487,2.505040407180786,0.04129604995250702,0.24165497720241547,0.040694449096918106,0.04698571190237999,0.2729354500770569,0.04713565111160278
60,20.77629852294922,26.239763259887695,-0.29573214054107666,1.8320818859638603,0.34885555505752563,0.6445876955986023,0.27644073963165283,0.011107530444860458,3840,0,0,0.3258647322654724,0.09832531213760376,0.16780966520309448,0.24942456185817719,0.9131368398666382,0.14002713561058044,0.25997287034988403,2.4414756298065186,0.038230665028095245,0.24991711974143982,0.05665314942598343,0.0511816143989563,0.282911479473114,0.05159609392285347
61,20.44091796875,26.095741271972656,-0.28224360942840576,1.7382674204321158,0.33545100688934326,0.617694616317749,0.22904497385025024,0.0210570078343153,3904,0,0,0.30015015602111816,0.13674861192703247,0.1787545531988144,0.23096120357513428,0.9058119058609009,0.09986431896686554,0.2135685235261917,2.2062668800354004,0.035323720425367355,0.2541311979293823,0.04365245997905731,0.0421769842505455,0.2587091326713562,0.04264151304960251
62,20.828401565551758,27.20442008972168,-0.30361253023147583,1.8306760788058736,0.33088696002960205,0.6344994902610779,0.22536379098892212,0.010574321262538433,3968,0,0,0.27023881673812866,0.13513398170471191,0.16112171113491058,0.2673190236091614,0.9074535369873047,0.11533243209123611,0.24694709479808807,2.4349074363708496,0.038926031440496445,0.2447536587715149,0.05238167196512222,0.05982492119073868,0.29154694080352783,0.06013592332601547
63,20.85943603515625,26.541536331176758,-0.2661609649658203,1.7277687732396536,0.36811715364456177,0.6342781186103821,0.28165966272354126,0.014176767319440842,4032,0,1,0.3151487112045288,0.11948871612548828,0.1632579118013382,0.2341214418411255,0.9209398031234741,0.12293080240488052,0.2735413908958435,2.487936496734619,0.0378023236989975,0.24657484889030457,0.05572955682873726,0.049615468829870224,0.26906120777130127,0.050362806767225266
64,21.39194107055664,28.863306045532227,-0.2563529908657074,1.6804849588549966,0.366925984621048,0.6232789754867554,0.35336437821388245,0.013761399313807487,4096,0,0,0.30337023735046387,0.020209133625030518,0.1442173570394516,0.22524742782115936,0.9211916327476501,0.13812755048274994,0.27706921100616455,2.7735066413879395,0.04799891263246536,0.2232269048690796,0.047563329339027405,0.06607568264007568,0.2349037081003189,0.06557834893465042
65,20.347251892089844,25.841960906982422,-0.27686265110969543,1.723335648949478,0.34037914872169495,0.6172417998313904,0.20553772151470184,0.011089968495070934,4160,0,0,0.2999769449234009,0.16864824295043945,0.1648610532283783,0.24888402223587036,0.9115651249885559,0.14382633566856384,0.2632293105125427,2.261444568634033,0.03814087435603142,0.2453852891921997,0.044582922011613846,0.047963958233594894,0.2761683762073517,0.04819268733263016
66,20.421001434326172,26.292255401611328,-0.2561302185058594,1.6446015814606123,0.3465232253074646,0.602653443813324,0.23687106370925903,0.024296754971146584,4224,0,1,0.29975610971450806,0.14203870296478271,0.18182207643985748,0.21240533888339996,0.9077474474906921,0.1039348766207695,0.22415196895599365,2.1792707443237305,0.03983038291335106,0.2539771795272827,0.04171795770525932,0.039601944386959076,0.2468780130147934,0.0402020700275898
67,20.404701232910156,25.837116241455078,-0.27200284600257874,1.6874406758699,0.33232250809669495,0.6043253540992737,0.19127890467643738,0.021082241088151932,4288,0,0,0.2831663489341736,0.17311352491378784,0.1842132955789566,0.2524736523628235,0.9024948477745056,0.11723202466964722,0.22930800914764404,2.1761152744293213,0.03741420805454254,0.25019246339797974,0.05054537206888199,0.04887842386960983,0.28042247891426086,0.04926905781030655
68,20.3270263671875,25.904640197753906,-0.2543322443962097,1.6272667375032857,0.34020668268203735,0.5945389270782471,0.20955775678157806,0.014878331683576107,4352,0,1,0.2742046117782593,0.16326946020126343,0.17137566208839417,0.23051989078521729,0.9111108779907227,0.11126187443733215,0.2480325698852539,2.1490650177001953,0.03455303609371185,0.2418304681777954,0.04588800296187401,0.04708890616893768,0.2694600224494934,0.04793446883559227
69,20.292593002319336,26.07940673828125,-0.24198853969573975,1.5952867890975804,0.35150396823883057,0.5934925079345703,0.24918778240680695,0.012642190791666508,4416,0,0,0.3348744511604309,0.13398653268814087,0.17240449786186218,0.21910354495048523,0.9207002520561218,0.11560380458831787,0.24721845984458923,2.2066586017608643,0.03687895089387894,0.24802184104919434,0.04281988367438316,0.04067448899149895,0.24631132185459137,0.04111206531524658
70,20.56768035888672,26.294471740722656,-0.2578654885292053,1.638151668415109,0.3380526900291443,0.5959181785583496,0.18078315258026123,0.010874652303755283,4480,0,0,0.30012863874435425,0.19060713052749634,0.15235263109207153,0.25647830963134766,0.9112300872802734,0.19375848770141602,0.3194029927253723,2.335428476333618,0.03536802530288696,0.2503056228160858,0.05179334804415703,0.05517701059579849,0.2782767713069916,0.05567409470677376
71,20.958675384521484,27.463001251220703,-0.25358501076698303,1.6167709876366023,0.3352656066417694,0.5888506174087524,0.21637438237667084,0.010298230685293674,4544,0,0,0.31144243478775024,0.14948701858520508,0.1645103096961975,0.27511489391326904,0.9185981750488281,0.14274084568023682,0.27191317081451416,2.4287660121917725,0.038102418184280396,0.2300950437784195,0.05346464738249779,0.0627312883734703,0.2983379065990448,0.06277408450841904
72,20.57688331604004,26.16452407836914,-0.24295878410339355,1.566412778266675,0.32809823751449585,0.5710570216178894,0.19620554149150848,0.008256751112639904,4608,0,1,0.2664617896080017,0.1617124080657959,0.1693107783794403,0.21687760949134827,0.9110985398292542,0.09932157397270203,0.23419268429279327,2.3405418395996094,0.03632119297981262,0.22900786995887756,0.04325467720627785,0.04838345944881439,0.26259028911590576,0.049342866986989975
73,20.300317764282227,25.525264739990234,-0.24565184116363525,1.594361278028015,0.34104424715042114,0.5866960883140564,0.21281950175762177,0.008815387263894081,4672,0,0,0.27951931953430176,0.1609397530555725,0.18521475791931152,0.25439655780792236,0.9241499900817871,0.14328359067440033,0.2947082817554474,2.2028250694274902,0.03543299436569214,0.22882744669914246,0.055593766272068024,0.04898873716592789,0.28183168172836304,0.04938971623778343
74,20.126598358154297,25.783634185791016,-0.22000768780708313,1.487632093132016,0.3288167417049408,0.5488244295120239,0.20908480882644653,0.0017869137227535248,4736,0,0,0.30536335706710815,0.14948511123657227,0.18587663769721985,0.2615606188774109,0.9218032360076904,0.13677069544792175,0.2748982608318329,2.1547553539276123,0.036751680076122284,0.22694483399391174,0.04828828200697899,0.053490255028009415,0.28756630420684814,0.05372864007949829
75,20.15534019470215,25.310733795166016,-0.2278190553188324,1.5323739929983806,0.34425047039985657,0.572069525718689,0.20084147155284882,0.006166963838040829,4800,0,1,0.3112143278121948,0.1782379150390625,0.17974914610385895,0.2452739179134369,0.9249722957611084,0.13487111032009125,0.28738129138946533,2.152247905731201,0.035463105887174606,0.2331591546535492,0.051617395132780075,0.053226396441459656,0.28244584798812866,0.054250285029411316
76,20.224613189697266,26.351245880126953,-0.21777135133743286,1.4938343642282832,0.341248095035553,0.5590194463729858,0.20979933440685272,0.0002877558581531048,4864,0,0,0.3173214793205261,0.1646459698677063,0.17016644775867462,0.22869428992271423,0.9256877303123474,0.15278154611587524,0.2890095114707947,2.107266426086426,0.03502648323774338,0.23182973265647888,0.047148697078228,0.04768115282058716,0.2562587261199951,0.04810042679309845
77,20.280441284179688,26.671716690063477,-0.21678850054740906,1.4748128187055838,0.3266347348690033,0.5434232354164124,0.17707671225070953,0.008633014746010303,4928,0,0,0.3132477402687073,0.1807936429977417,0.16650302708148956,0.2514652609825134,0.9209634065628052,0.13758480548858643,0.27272728085517883,2.2140605449676514,0.036827944219112396,0.22769296169281006,0.043967749923467636,0.052260782569646835,0.2713266909122467,0.052403517067432404
78,19.770126342773438,25.24266815185547,-0.21111243963241577,1.4612849895705917,0.3312259316444397,0.5423383712768555,0.1826845407485962,0.0014527507591992617,4992,0,1,0.2940250039100647,0.1787669062614441,0.19150254130363464,0.2399696707725525,0.9259354472160339,0.14382633566856384,0.28738129138946533,1.9687156677246094,0.03516142815351486,0.23844295740127563,0.050975650548934937,0.04962300509214401,0.27219831943511963,0.05045563727617264
79,20.017902374267578,26.483379364013672,-0.2067474126815796,1.4504136073332585,0.3342357873916626,0.5409832000732422,0.21974922716617584,0.0036075750831514597,5056,0,0,0.3247324824333191,0.143781840801239,0.17434105277061462,0.2329728752374649,0.9264227151870728,0.13487111032009125,0.26865673065185547,2.1074371337890625,0.0426672101020813,0.2248537242412567,0.0451488122344017,0.04983300343155861,0.258790522813797,0.05004030093550682
80,19.688858032226562,25.195632934570312,-0.19093909859657288,1.397538012380984,0.3287568986415863,0.5196959972381592,0.1793423742055893,0.0018913164967671037,5120,0,0,0.28603029251098633,0.18115168809890747,0.18799741566181183,0.22989198565483093,0.9282102584838867,0.13867029547691345,0.2938941717147827,1.9268356561660767,0.034685395658016205,0.23237574100494385,0.047287486493587494,0.04517505690455437,0.25413715839385986,0.045725267380476
81,19.72393226623535,25.360153198242188,-0.19252169132232666,1.3978929025154516,0.32362526655197144,0.5161469578742981,0.17229034006595612,-0.0023404904641211033,5184,0,0,0.3094269037246704,0.18120241165161133,0.1903795301914215,0.23526638746261597,0.926373302936554,0.15033921599388123,0.29606515169143677,1.9296451807022095,0.03634163737297058,0.23103663325309753,0.045886944979429245,0.04591716080904007,0.2616220712661743,0.04641786217689514
82,19.69985580444336,25.569141387939453,-0.185044527053833,1.383495899989945,0.3324352502822876,0.5174797773361206,0.1963750123977661,0.0033619331661611795,5248,0,0,0.2907680869102478,0.16749411821365356,0.17705507576465607,0.21483832597732544,0.9329386949539185,0.158208966255188,0.3014925420284271,1.9198493957519531,0.03908834978938103,0.23205125331878662,0.041113220155239105,0.041270218789577484,0.23962298035621643,0.04181518405675888
83,19.61886215209961,25.3226318359375,-0.18689554929733276,1.3942793049660462,0.33908629417419434,0.5259818434715271,0.2068672478199005,0.000498382723890245,5312,0,0,0.28513842821121216,0.16451716423034668,0.18086431920528412,0.23098139464855194,0.9379826188087463,0.17313434183597565,0.33704206347465515,1.8712164163589478,0.035747237503528595,0.23032723367214203,0.04524149000644684,0.04455981403589249,0.2546255588531494,0.04500367119908333
84,19.684852600097656,25.458742141723633,-0.18221601843833923,1.3910423887133982,0.3518088757991791,0.5340248942375183,0.24216881394386292,-0.0021346465218812227,5376,0,0,0.31470316648483276,0.14331084489822388,0.1715480089187622,0.2378057986497879,0.9491263031959534,0.2154681235551834,0.38751697540283203,1.929275631904602,0.03821922093629837,0.22996173799037933,0.0466243177652359,0.04613997042179108,0.2605821490287781,0.04662502929568291
85,19.533050537109375,25.260711669921875,-0.1930651068687439,1.4083564757966058,0.33414918184280396,0.5272142887115479,0.19654101133346558,-0.0069001587107777596,5440,0,0,0.3152045011520386,0.16988515853881836,0.18440218269824982,0.23692195117473602,0.937265157699585,0.1568521112203598,0.32808685302734375,1.85249662399292,0.03546685725450516,0.23452116549015045,0.0480576828122139,0.046812236309051514,0.2605625092983246,0.04721318930387497
86,19.50827407836914,25.490787506103516,-0.17135420441627502,1.3542143906201485,0.3448873460292816,0.5162415504455566,0.2462046891450882,-0.004410529974848032,5504,0,0,0.31901705265045166,0.12967008352279663,0.1719949096441269,0.20461958646774292,0.9471198320388794,0.1734057068824768,0.3430122137069702,1.816920280456543,0.0379297211766243,0.23250234127044678,0.040329959243535995,0.03864201903343201,0.22889284789562225,0.03917664662003517
87,19.55952262878418,25.164236068725586,-0.1865941882133484,1.3713241878928044,0.3108956217765808,0.4974898099899292,0.16979700326919556,0.0005581403966061771,5568,0,0,0.27016061544418335,0.16884392499923706,0.20295411348342896,0.23815876245498657,0.9270271062850952,0.1389416605234146,0.28656718134880066,1.769380807876587,0.0342576839029789,0.2392684817314148,0.04810180142521858,0.04725182056427002,0.26455625891685486,0.04770594835281372
88,19.698993682861328,25.113861083984375,-0.1863422691822052,1.370425451318739,0.3106084167957306,0.4969506859779358,0.16535840928554535,-0.007337632123380899,5632,0,0,0.26772838830947876,0.17258590459823608,0.18993012607097626,0.27106568217277527,0.9341053366661072,0.17313434183597565,0.3161465525627136,1.9397186040878296,0.037436991930007935,0.22773373126983643,0.05450088903307915,0.05850696563720703,0.293660432100296,0.05901127681136131
89,20.53195571899414,28.37934684753418,-0.18713125586509705,1.3786909059416355,0.3187157213687897,0.5058469772338867,0.20460568368434906,-0.0015091696986928582,5696,0,0,0.2650819420814514,0.14220964908599854,0.15857955813407898,0.23314327001571655,0.9283541440963745,0.11696065217256546,0.24911805987358093,2.152569532394409,0.040292493999004364,0.22717341780662537,0.039214618504047394,0.0534503348171711,0.24749335646629333,0.05345179885625839
90,19.50940704345703,25.25653648376465,-0.17885234951972961,1.343559376234759,0.30056121945381165,0.47941356897354126,0.11928922683000565,-0.008841744624078274,5760,0,0,0.24635517597198486,0.20411616563796997,0.19029349088668823,0.2392711341381073,0.9277949929237366,0.1204884722828865,0.2594301402568817,1.7323626279830933,0.03353023901581764,0.2438833862543106,0.047460027039051056,0.048204924911260605,0.2616831660270691,0.04856112599372864
91,19.606292724609375,25.918834686279297,-0.16979452967643738,1.3324777108954373,0.3195109963417053,0.4893055260181427,0.20098498463630676,-0.008688580244779587,5824,0,0,0.2738189697265625,0.14641273021697998,0.17146439850330353,0.20775341987609863,0.9310082197189331,0.14274084568023682,0.2952510416507721,1.752541422843933,0.03848433494567871,0.24365219473838806,0.04055875539779663,0.04021620377898216,0.22898897528648376,0.04060417786240578
92,19.64456558227539,25.91201400756836,-0.16741704940795898,1.3352406505510874,0.33318930864334106,0.5006063580513,0.2301991879940033,-0.003576454473659396,5888,0,1,0.3078489303588867,0.13097423315048218,0.16839778423309326,0.20376509428024292,0.9382972121238708,0.15413840115070343,0.30881956219673157,1.768311619758606,0.034068480134010315,0.24392975866794586,0.039875566959381104,0.04077623039484024,0.2274312525987625,0.041308917105197906
93,19.712430953979492,26.153278350830078,-0.1703478991985321,1.3369734714895047,0.3241289258003235,0.4944768249988556,0.17597217857837677,0.00019461930787656456,5952,0,1,0.28776848316192627,0.17882972955703735,0.1744561493396759,0.21858525276184082,0.9350253939628601,0.144097700715065,0.30583447217941284,1.8470947742462158,0.03699115663766861,0.2543095350265503,0.045128997415304184,0.04487456753849983,0.25139614939689636,0.045962315052747726
94,19.63189125061035,25.815196990966797,-0.1544080376625061,1.3049647026498294,0.3392775058746338,0.4936855435371399,0.194884791970253,-0.003911736886948347,6016,0,1,0.2915295362472534,0.17727446556091309,0.18293966352939606,0.2274276316165924,0.9432188272476196,0.15658073127269745,0.355766624212265,1.7558021545410156,0.033216897398233414,0.25543487071990967,0.04717692360281944,0.04870134964585304,0.2620171904563904,0.049942102283239365
95,20.105100631713867,26.605377197265625,-0.16442742943763733,1.2937130218189334,0.275749146938324,0.4401765763759613,0.03865789622068405,-0.007675817236304283,6080,0,1,0.20407366752624512,0.24598658084869385,0.1709260195493698,0.22644218802452087,0.9036059379577637,0.11343283951282501,0.22550882399082184,1.9372515678405762,0.03181380778551102,0.25919651985168457,0.04689435660839081,0.05408887937664986,0.24817124009132385,0.05424578860402107
96,19.430091857910156,25.424816131591797,-0.15795955061912537,1.294802158720546,0.3062250018119812,0.46418455243110657,0.13235777616500854,-0.0069170729257166386,6144,0,0,0.2560763359069824,0.19945746660232544,0.17568662762641907,0.2267545759677887,0.9281147122383118,0.15956580638885498,0.29687926173210144,1.636716604232788,0.0331675186753273,0.25650349259376526,0.04289521276950836,0.04476587846875191,0.24863579869270325,0.04514666646718979
97,19.51658821105957,25.80954933166504,-0.14260992407798767,1.2809982459612186,0.3498782813549042,0.49248820543289185,0.24991768598556519,-0.010480224154889584,6208,0,0,0.2985522150993347,0.13134104013442993,0.16128534078598022,0.22063565254211426,0.9514329433441162,0.21058344841003418,0.38995930552482605,1.7530838251113892,0.035557202994823456,0.24858590960502625,0.04334878921508789,0.04536928981542587,0.2378779500722885,0.045751091092824936
98,19.2830810546875,25.546051025390625,-0.15778008103370667,1.3058770192298137,0.32639142870903015,0.4841715097427368,0.18606708943843842,-0.008657999336719513,6272,0,0,0.29845869541168213,0.16962873935699463,0.17731335759162903,0.21879690885543823,0.9408937692642212,0.1644504815340042,0.3253731429576874,1.5807830095291138,0.03529568016529083,0.2506422698497772,0.04461676999926567,0.04283420741558075,0.24212177097797394,0.04335279017686844
99,19.780263900756836,26.87908935546875,-0.14841055870056152,1.2690074489487126,0.2998926043510437,0.4483031630516052,0.1180596649646759,-0.0057715545408427715,6336,0,0,0.24423599243164062,0.20380860567092896,0.1872154176235199,0.24485567212104797,0.9314461350440979,0.12835821509361267,0.2754409909248352,1.77569580078125,0.03419489786028862,0.24838829040527344,0.046106137335300446,0.052170898765325546,0.26595616340637207,0.05248038470745087
100,19.595197677612305,25.99639892578125,-0.13210532069206238,1.2375129038283421,0.3116919696331024,0.4437972903251648,0.15134146809577942,-0.01218232698738575,6400,0,1,0.2671489119529724,0.18560457229614258,0.1634099781513214,0.19844001531600952,0.9356071949005127,0.12021709978580475,0.256173700094223,1.7661646604537964,0.03460615128278732,0.2528654932975769,0.03591091185808182,0.03886592388153076,0.22397291660308838,0.039306774735450745
101,19.949596405029297,27.17086410522461,-0.12550190091133118,1.2314984619708016,0.3323696553707123,0.45787155628204346,0.2328980714082718,-0.008384865708649158,6464,0,0,0.2752048373222351,0.12784039974212646,0.15329015254974365,0.22452622652053833,0.9527548551559448,0.18398915231227875,0.35685211420059204,1.9389913082122803,0.038186900317668915,0.2341092824935913,0.03961857035756111,0.04733201861381531,0.23923374712467194,0.047449517995119095
102,19.425642013549805,25.50556182861328,-0.13780605792999268,1.23540530379298,0.27679482102394104,0.4146008789539337,0.02199591137468815,-0.005964731797575951,6528,0,0,0.22638440132141113,0.2580018639564514,0.18915939331054688,0.23251602053642273,0.9131306409835815,0.10909091681241989,0.2366350144147873,1.6365211009979248,0.030442383140325546,0.25998905301094055,0.044252436608076096,0.04705232381820679,0.2523602545261383,0.04733147844672203
103,19.602792739868164,25.582090377807617,-0.13285839557647705,1.229983631807286,0.2894552946090698,0.4223136901855469,0.05860055983066559,-0.007407214026898146,6592,0,1,0.240605890750885,0.24276655912399292,0.18543359637260437,0.2210274487733841,0.924552857875824,0.10963365435600281,0.25590232014656067,1.7601271867752075,0.030083108693361282,0.2529117166996002,0.04692443460226059,0.04779350012540817,0.2539088726043701,0.04864497855305672
104,19.623348236083984,26.25082778930664,-0.1181313693523407,1.2054552029731527,0.30689477920532227,0.42502614855766296,0.17857500910758972,-0.003646609140560031,6656,0,0,0.2629268765449524,0.15189015865325928,0.17391768097877502,0.21825304627418518,0.9380925893783569,0.13758480548858643,0.28928089141845703,1.750758409500122,0.03685599938035011,0.24830380082130432,0.044382598251104355,0.04663735628128052,0.23809456825256348,0.047156475484371185
105,19.176403045654297,25.457056045532227,-0.11588883399963379,1.2022222173685084,0.31103450059890747,0.42692333459854126,0.12846939265727997,-0.0074746981263160706,6720,0,0,0.2724689841270447,0.2069982886314392,0.18686607480049133,0.22310729324817657,0.9398688673973083,0.1511533260345459,0.3107191324234009,1.4824531078338623,0.033378250896930695,0.2556978762149811,0.042590800672769547,0.04347702115774155,0.24309873580932617,0.04394879937171936
106,19.80340003967285,26.892404556274414,-0.11096805334091187,1.1923154099367568,0.3120212256908417,0.42298927903175354,0.1837688833475113,0.0037413460668176413,6784,0,0,0.23736530542373657,0.15503305196762085,0.17244602739810944,0.21487855911254883,0.9390372633934021,0.13568522036075592,0.29497966170310974,1.8246508836746216,0.03962123766541481,0.2553548514842987,0.04134753346443176,0.04952375590801239,0.23008407652378082,0.04980947822332382
107,19.531068801879883,26.549274444580078,-0.10279765725135803,1.1824426149319867,0.33375033736228943,0.43654799461364746,0.2067968249320984,-0.00397171825170517,6848,0,1,0.23210906982421875,0.15575647354125977,0.16611070930957794,0.1741768717765808,0.9431849718093872,0.14871099591255188,0.31587517261505127,1.6126388311386108,0.035492509603500366,0.24881941080093384,0.03386915102601051,0.032509736716747284,0.19624294340610504,0.03311958909034729
108,19.22600555419922,25.277931213378906,-0.11087390780448914,1.1867631441898776,0.2954655587673187,0.40633946657180786,0.052229639142751694,-0.0025274527724832296,6912,0,1,0.2602936029434204,0.2541142702102661,0.20083016157150269,0.2215828001499176,0.9275821447372437,0.1294436901807785,0.2724559009075165,1.4795658588409424,0.03260662406682968,0.2598956525325775,0.04318585991859436,0.0432262159883976,0.2491358369588852,0.04390951246023178
109,19.589027404785156,26.235979080200195,-0.11291596293449402,1.1945471380911379,0.306679904460907,0.419595867395401,0.12796100974082947,-0.008070501498878002,6976,0,0,0.23763245344161987,0.20249390602111816,0.1897580474615097,0.25459933280944824,0.9421128630638123,0.17204885184764862,0.34219810366630554,1.711500644683838,0.034718528389930725,0.24157804250717163,0.04895622283220291,0.05306987091898918,0.27377814054489136,0.05324782431125641
110,19.663625717163086,26.520774841308594,-0.10725483298301697,1.186466564875909,0.31754910945892334,0.4248039424419403,0.18529778718948364,-0.009766001254320145,7040,0,0,0.28732001781463623,0.15991812944412231,0.16264690458774567,0.22838446497917175,0.9465020298957825,0.18127544224262238,0.34274086356163025,1.804063320159912,0.03569676727056503,0.22920812666416168,0.037966448813676834,0.04452833533287048,0.24470877647399902,0.044820718467235565
111,19.273597717285156,25.48656463623047,-0.10223302245140076,1.1770228178375735,0.32025372982025146,0.4224867522716522,0.16285750269889832,-0.007539944723248482,7104,0,0,0.26285845041275024,0.18621736764907837,0.18739838898181915,0.21606484055519104,0.9462903141975403,0.1823609322309494,0.36119404435157776,1.5246102809906006,0.03570520877838135,0.2478693425655365,0.03948178142309189,0.03774897754192352,0.23632720112800598,0.03815208375453949
112,19.22345542907715,25.047758102416992,-0.09522756934165955,1.1597831818030893,0.30879250168800354,0.4040200710296631,0.0803319588303566,-0.007443258538842201,7168,0,0,0.2696685791015625,0.24626433849334717,0.1886349767446518,0.24557843804359436,0.9442611932754517,0.18507462739944458,0.3476255238056183,1.5033354759216309,0.030153201892971992,0.2528470456600189,0.04797444865107536,0.048292964696884155,0.2644326090812683,0.04877576231956482
113,19.16529655456543,25.244853973388672,-0.09100395441055298,1.1493809755293605,0.2997889220714569,0.3907928764820099,0.051136232912540436,-0.008207228034734726,7232,0,1,0.24924075603485107,0.26042306423187256,0.19086386263370514,0.22007735073566437,0.9349533915519714,0.14843963086605072,0.3047489821910858,1.4567110538482666,0.0327489897608757,0.2567932605743408,0.04131682589650154,0.04218906909227371,0.24260824918746948,0.042785219848155975
114,19.30051040649414,25.663776397705078,-0.07476380467414856,1.1244283091531295,0.32437771558761597,0.3991415202617645,0.15015633404254913,-0.003513910574838519,7296,0,1,0.25840824842453003,0.20233190059661865,0.1844734102487564,0.1949949413537979,0.946302592754364,0.16282226145267487,0.32862958312034607,1.4422862529754639,0.03431892395019531,0.2570568323135376,0.036951836198568344,0.03586211055517197,0.2176576852798462,0.03632470965385437
115,19.30225372314453,25.956680297851562,-0.06926804780960083,1.111877019369971,0.311587393283844,0.3808554410934448,0.09960038214921951,-0.0069194091483950615,7360,0,1,0.251248836517334,0.23351925611495972,0.19104646146297455,0.2194749414920807,0.9469224810600281,0.17611941695213318,0.353324294090271,1.4547491073608398,0.0316166877746582,0.25452083349227905,0.04036349430680275,0.04026132449507713,0.2419431060552597,0.040881529450416565
116,19.872438430786133,26.407817840576172,-0.07238289713859558,1.1174225061604384,0.31118589639663696,0.38356879353523254,0.14342133700847626,-0.00647725909948349,7424,0,0,0.2643444538116455,0.19385600090026855,0.18061275780200958,0.23201175034046173,0.94736647605896,0.17232021689414978,0.351967453956604,1.7924532890319824,0.0346602126955986,0.23922991752624512,0.04192689061164856,0.044780511409044266,0.25303855538368225,0.04520728811621666
117,19.137027740478516,25.20803451538086,-0.05317750573158264,1.083972430117018,0.31354910135269165,0.3667266070842743,0.08271364867687225,-0.008274191990494728,7488,0,0,0.260315477848053,0.24979132413864136,0.1962515115737915,0.23046690225601196,0.9502025842666626,0.19620081782341003,0.37964722514152527,1.41336190700531,0.032063793390989304,0.2466985285282135,0.042609844356775284,0.041399188339710236,0.2502398192882538,0.04194877669215202
118,19.083518981933594,25.08348846435547,-0.0543922483921051,1.0860267931528347,0.31333673000335693,0.36772897839546204,0.04633539542555809,-0.0032683084718883038,7552,0,1,0.25824272632598877,0.2780153155326843,0.20475448668003082,0.2081121802330017,0.9459921717643738,0.16037993133068085,0.321302592754364,1.4372824430465698,0.030971834436058998,0.25940942764282227,0.040435295552015305,0.03963875398039818,0.24621857702732086,0.040550597012043
119,19.271800994873047,25.010894775390625,-0.07195177674293518,1.1174810264303734,0.31559377908706665,0.38754555583000183,0.06383144855499268,-0.002680074656382203,7616,0,0,0.2718530297279358,0.26755446195602417,0.18103733658790588,0.24780482053756714,0.9443218111991882,0.20542742311954498,0.37394845485687256,1.5460398197174072,0.03184221684932709,0.24460631608963013,0.045720502734184265,0.05008050799369812,0.26684287190437317,0.050457365810871124
120,19.3560733795166,25.235456466674805,-0.06776079535484314,1.1102883681818077,0.31784263253211975,0.3856034278869629,0.10342162847518921,0.00136583112180233,7680,0,1,0.27869701385498047,0.23636162281036377,0.1856565624475479,0.2188735455274582,0.947945237159729,0.18833108246326447,0.36119404435157776,1.6018949747085571,0.03591587394475937,0.2510277032852173,0.041989170014858246,0.04361565783619881,0.2511308789253235,0.044501446187496185
121,18.964542388916016,24.9947509765625,-0.06725633144378662,1.1097147268724383,0.3197326958179474,0.386989027261734,0.08471547812223434,-0.005414221435785294,7744,0,0,0.2398453950881958,0.25520187616348267,0.19404509663581848,0.22329777479171753,0.9473007917404175,0.18914519250392914,0.35739484429359436,1.3713366985321045,0.03125800937414169,0.24854835867881775,0.04035422205924988,0.041852761059999466,0.24324050545692444,0.042253267019987106
122,19.285602569580078,25.135061264038086,-0.06952616572380066,1.1092120585385858,0.2938576340675354,0.36338379979133606,-0.00491313124075532,-0.0036982919555157423,7808,0,0,0.26356661319732666,0.29500508308410645,0.18445459008216858,0.22182296216487885,0.9335266947746277,0.16662144660949707,0.3245590329170227,1.5094044208526611,0.030071251094341278,0.2599731385707855,0.043927956372499466,0.04701050743460655,0.24094881117343903,0.0474071130156517
123,18.9697322845459,25.046714782714844,-0.04390302300453186,1.068761165618451,0.3176112473011017,0.36151427030563354,0.07275784760713577,-0.0028529788833111525,7872,0,0,0.27508288621902466,0.2624661922454834,0.19774940609931946,0.21541184186935425,0.9526212215423584,0.18507462739944458,0.3565807342529297,1.3035122156143188,0.03147170692682266,0.24802166223526,0.040119051933288574,0.04004509747028351,0.23833537101745605,0.04058407247066498
124,19.269289016723633,25.779552459716797,-0.06413808465003967,1.1062973981224218,0.33247852325439453,0.3966166079044342,0.12263844162225723,-0.0031444085761904716,7936,0,0,0.2811890244483948,0.2382117509841919,0.18177072703838348,0.224922314286232,0.9558221697807312,0.23962008953094482,0.41981005668640137,1.4349370002746582,0.029541756957769394,0.2482130080461502,0.04328753426671028,0.04348231479525566,0.24523261189460754,0.04392065107822418
125,19.262054443359375,25.886425018310547,-0.044259846210479736,1.06968383095578,0.3205878436565399,0.36484768986701965,0.10733924806118011,-0.00193130096886307,8000,0,0,0.28691959381103516,0.23792707920074463,0.18380987644195557,0.2268100082874298,0.9554027915000916,0.18588875234127045,0.3655359745025635,1.5033522844314575,0.04073468595743179,0.24254345893859863,0.03852064907550812,0.04364387318491936,0.2467879354953766,0.04394223168492317
126,19.190324783325195,25.130615234375,-0.05191799998283386,1.081055193990202,0.30755549669265747,0.35947349667549133,0.05574802681803703,-0.0033473612274974585,8064,0,1,0.25649702548980713,0.26520800590515137,0.18786250054836273,0.22119483351707458,0.9479637145996094,0.17584803700447083,0.3614654242992401,1.5088436603546143,0.032740816473960876,0.24401044845581055,0.043323419988155365,0.042756177484989166,0.2497009038925171,0.043453559279441833
127,19.32257080078125,25.361652374267578,-0.04090830683708191,1.0633099413564775,0.31293240189552307,0.353840708732605,0.045434534549713135,-0.0025781511794775724,8128,0,1,0.2770804166793823,0.27938681840896606,0.18210086226463318,0.22131404280662537,0.952740490436554,0.21329715847969055,0.39185890555381775,1.5424357652664185,0.031725212931632996,0.24258160591125488,0.042692746967077255,0.0436907559633255,0.25052347779273987,0.04431716725230217
128,18.854230880737305,24.560134887695312,-0.030120372772216797,1.0463256893904587,0.31969237327575684,0.34981274604797363,0.07154231518507004,-0.0026568667963147163,8192,0,0,0.255753755569458,0.2660662531852722,0.20218196511268616,0.23594316840171814,0.958323061466217,0.221981018781662,0.415739506483078,1.2970941066741943,0.03434759005904198,0.24314473569393158,0.04514673724770546,0.04393577203154564,0.2554561495780945,0.04449282959103584
129,18.975561141967773,24.88837432861328,-0.02689516544342041,1.0399713236451569,0.3002433180809021,0.3271384835243225,0.00802107434719801,-0.003580342745408416,8256,0,0,0.262420117855072,0.2927126884460449,0.1984442174434662,0.2231021225452423,0.9441152215003967,0.18697422742843628,0.3565807342529297,1.3326618671417236,0.03064330294728279,0.24530144035816193,0.04275873303413391,0.04379894211888313,0.24416738748550415,0.044188812375068665
130,18.99612045288086,24.87666893005371,-0.012045145034790039,1.017734974101904,0.3087801933288574,0.32082533836364746,0.01819133199751377,-0.003694473998621106,8320,0,0,0.2734845280647278,0.2946934700012207,0.19310547411441803,0.23480744659900665,0.955975353717804,0.20895522832870483,0.4010854959487915,1.3279086351394653,0.02981879934668541,0.24368837475776672,0.04434962198138237,0.04467926174402237,0.25252464413642883,0.04505729302763939
131,18.88709259033203,24.510311126708984,-0.025725960731506348,1.0388370236574171,0.311865895986557,0.33759185671806335,0.024707479402422905,-0.0042725903913378716,8384,0,0,0.273669958114624,0.2927294373512268,0.19695857167243958,0.2412538081407547,0.9540253281593323,0.2168249785900116,0.4010854959487915,1.32375967502594,0.029300542548298836,0.2340962439775467,0.04587770625948906,0.048121094703674316,0.2626935839653015,0.04849715530872345
132,19.335311889648438,25.643314361572266,-0.03005734086036682,1.0471276183496396,0.33215653896331787,0.3622138798236847,0.1381581425666809,0.0015455593820661306,8448,0,1,0.294588565826416,0.22391104698181152,0.17752540111541748,0.2396557331085205,0.9611570835113525,0.2371777594089508,0.4374491274356842,1.6041388511657715,0.03528925031423569,0.2194122076034546,0.042626310139894485,0.04909275099635124,0.25935491919517517,0.04940149188041687
133,18.91858673095703,24.68434715270996,-0.034141987562179565,1.0525379640979993,0.31600436568260193,0.3501463532447815,0.05390847474336624,-0.004233937710523605,8512,0,0,0.25869548320770264,0.2757643461227417,0.1957099288702011,0.231808602809906,0.9541116952896118,0.20434193313121796,0.38236093521118164,1.353498935699463,0.032275013625621796,0.23763582110404968,0.04724099487066269,0.04483739659190178,0.2531379461288452,0.04544045031070709
134,18.912799835205078,24.805570602416992,-0.03097546100616455,1.0472903196129175,0.3140181601047516,0.34499362111091614,0.02252107299864292,-0.0025078612379729748,8576,0,1,0.25408458709716797,0.29717308282852173,0.19378799200057983,0.22522474825382233,0.9537899494171143,0.20379918813705444,0.3997286558151245,1.3382612466812134,0.031725071370601654,0.24105319380760193,0.043669674545526505,0.044560372829437256,0.25154778361320496,0.04534643515944481
135,19.12879753112793,25.3583984375,-0.030353456735610962,1.0476430268933987,0.3325447738170624,0.36289823055267334,0.10977143049240112,0.0031953020952641964,8640,0,1,0.29482847452163696,0.24825608730316162,0.19408954679965973,0.19538888335227966,0.959378719329834,0.21601086854934692,0.4056988060474396,1.3931801319122314,0.03165391832590103,0.2355007529258728,0.03825311362743378,0.03666592016816139,0.22934186458587646,0.03768717497587204
136,18.93341064453125,24.833282470703125,-0.020374923944473267,1.029479201732388,0.28846240043640137,0.30883732438087463,-0.031508974730968475,-0.002760296920314431,8704,0,0,0.25703758001327515,0.30951929092407227,0.20384666323661804,0.22988027334213257,0.9422742128372192,0.1823609322309494,0.34084126353263855,1.2535107135772705,0.02938557043671608,0.2412504106760025,0.04526711255311966,0.045987945050001144,0.2511962950229645,0.04641256108880043
137,18.911684036254883,24.702678680419922,-0.024047881364822388,1.0358756498605435,0.3056400418281555,0.3296879231929779,0.023238159716129303,-0.0027852256316691637,8768,0,1,0.2579079866409302,0.2879562973976135,0.21905314922332764,0.2277652472257614,0.9561469554901123,0.20678426325321198,0.40407058596611023,1.294119119644165,0.030891645699739456,0.23598915338516235,0.044639233499765396,0.04478810727596283,0.26045870780944824,0.04548315703868866
138,18.907995223999023,24.84463882446289,-0.028385579586029053,1.0439406109607896,0.32561567425727844,0.3540012538433075,0.0793515294790268,-0.0033592204563319683,8832,0,1,0.27666807174682617,0.2668812870979309,0.1841159462928772,0.22664710879325867,0.9610881805419922,0.2442333847284317,0.4515604078769684,1.3469781875610352,0.03240183740854263,0.2356555461883545,0.03997122123837471,0.04097690433263779,0.25168219208717346,0.04157710075378418
139,18.820375442504883,24.97504425048828,-0.008802205324172974,1.0128454520581154,0.30595874786376953,0.3147609531879425,0.009098431095480919,-0.003832118585705757,8896,0,0,0.2660810947418213,0.29820704460144043,0.19730006158351898,0.21696576476097107,0.9557543396949768,0.20162822306156158,0.3929443955421448,1.235273838043213,0.029317785054445267,0.24173589050769806,0.037903912365436554,0.038888119161129,0.24119272828102112,0.0394214391708374
140,18.7518253326416,24.772764205932617,-0.01631307601928711,1.024330436933178,0.3132067322731018,0.3295198082923889,0.05784884840250015,-0.00697607547044754,8960,0,0,0.27387523651123047,0.26866215467453003,0.1892920732498169,0.2172469198703766,0.9601312279701233,0.22225238382816315,0.41736772656440735,1.221388578414917,0.033408913761377335,0.23976856470108032,0.03827664256095886,0.03896778076887131,0.23938687145709991,0.0393754243850708
141,18.73590850830078,24.79424476623535,-0.007737010717391968,1.0112693910176689,0.3057120740413666,0.31344908475875854,0.04282057285308838,-0.006030586082488298,9024,0,0,0.2702289819717407,0.2727315425872803,0.20168457925319672,0.2162165492773056,0.958771288394928,0.21573948860168457,0.41302579641342163,1.121026873588562,0.03337136656045914,0.2361544668674469,0.03853297606110573,0.03839827701449394,0.23994752764701843,0.038918521255254745
142,19.099220275878906,25.31716537475586,-0.020433038473129272,1.0299179992011034,0.296598881483078,0.3170319199562073,0.047672122716903687,-0.008092626929283142,9088,0,0,0.26799094676971436,0.25978749990463257,0.20075732469558716,0.24927175045013428,0.9551160335540771,0.2135685235261917,0.3991858959197998,1.3690298795700073,0.03143526613712311,0.2299945056438446,0.04558124765753746,0.049542587250471115,0.2683980464935303,0.05000566691160202
143,18.981929779052734,25.214458465576172,-0.018698424100875854,1.0272485581496995,0.29508456587791443,0.3137829899787903,0.06116218492388725,-0.010061036795377731,9152,0,0,0.2541434168815613,0.248154878616333,0.1951892077922821,0.2410610020160675,0.9554470181465149,0.21601086854934692,0.4075983762741089,1.3330626487731934,0.03435550257563591,0.2241247594356537,0.04296654462814331,0.04726685211062431,0.2586918771266937,0.04760150611400604
144,19.092344284057617,25.235654830932617,-0.02938559651374817,1.043654519836232,0.29747456312179565,0.3268601596355438,0.06512784957885742,-0.0031818782445043325,9216,0,1,0.24284124374389648,0.24698889255523682,0.18276627361774445,0.21296779811382294,0.9516878724098206,0.1899593025445938,0.35875171422958374,1.3499637842178345,0.03383451700210571,0.23382568359375,0.037168074399232864,0.039792828261852264,0.2414037585258484,0.04042394086718559
145,18.955577850341797,25.043933868408203,-0.019959986209869385,1.0289764981133689,0.29120638966560364,0.311166375875473,0.031165625900030136,-0.007500524632632732,9280,0,0,0.22521132230758667,0.26699531078338623,0.18911437690258026,0.2292877435684204,0.9521052241325378,0.1875169724225998,0.37584805488586426,1.3005797863006592,0.03108205646276474,0.23432442545890808,0.041628360748291016,0.043425820767879486,0.24956552684307098,0.04390096664428711
146,19.623498916625977,27.59124183654785,-0.017889708280563354,1.0264327079545947,0.30530834197998047,0.3231980502605438,0.1038147434592247,-0.0059065488167107105,9344,0,0,0.2801653742790222,0.22363215684890747,0.17698197066783905,0.23081661760807037,0.9591485857963562,0.19240163266658783,0.37910449504852295,1.5035783052444458,0.03594166412949562,0.2288859635591507,0.03850032761693001,0.04917384311556816,0.2485625147819519,0.04946107044816017
147,18.87642478942871,24.858476638793945,-0.01824241876602173,1.026619379970064,0.2964516580104828,0.3146940767765045,0.04977388679981232,-0.006858455948531628,9408,0,0,0.24801355600357056,0.2583622932434082,0.19023942947387695,0.2336500883102417,0.9517269730567932,0.21329715847969055,0.39321574568748474,1.2472456693649292,0.03152507543563843,0.23276716470718384,0.04209607467055321,0.043010957539081573,0.25265005230903625,0.04348304495215416
148,19.07830810546875,25.345918655395508,-0.00731968879699707,1.010511454630085,0.29632675647735596,0.303646445274353,0.042883146554231644,-0.005736817140132189,9472,0,0,0.25279074907302856,0.2641787528991699,0.19588123261928558,0.2463584840297699,0.9560452699661255,0.21275441348552704,0.3978290557861328,1.277265191078186,0.03457547724246979,0.23289084434509277,0.04136050492525101,0.047918371856212616,0.26367589831352234,0.04816432669758797
149,18.68489646911621,24.908145904541016,0.0008769333362579346,0.9987473529983091,0.3008127212524414,0.29993578791618347,0.015409478917717934,-0.006553951185196638,9536,0,0,0.25129371881484985,0.2878901958465576,0.20006920397281647,0.22280199825763702,0.9554799199104309,0.20895522832870483,0.4016282260417938,1.1058393716812134,0.030861109495162964,0.23711174726486206,0.04046034812927246,0.04077887535095215,0.24064874649047852,0.041256748139858246
150,19.172935485839844,25.37899398803711,-0.01381605863571167,1.019636435998091,0.28259095549583435,0.296407014131546,-0.03560834378004074,-0.00737767806276679,9600,0,0,0.2550830841064453,0.3063228130340576,0.1891007125377655,0.24400943517684937,0.9428611993789673,0.20624153316020966,0.3723202347755432,1.3543438911437988,0.030615486204624176,0.23276081681251526,0.043570395559072495,0.04873954504728317,0.2617720663547516,0.049066219478845596
151,18.830846786499023,25.11957550048828,0.005777150392532349,0.9918581461232794,0.29621511697769165,0.2904379665851593,0.01976199448108673,-0.004854937084019184,9664,0,0,0.24789398908615112,0.2805274724960327,0.20120222866535187,0.21558867394924164,0.9537581205368042,0.20054274797439575,0.3877883553504944,1.1380064487457275,0.03364888206124306,0.2373753786087036,0.041110843420028687,0.04002870246767998,0.23928959667682648,0.04049353301525116
152,19.295448303222656,25.670434951782227,-0.003488689661026001,1.0048318271460595,0.2744884490966797,0.2779771387577057,0.0009034047834575176,-0.015031673014163971,9728,0,0,0.22399437427520752,0.2730637192726135,0.1806630641222,0.2573934495449066,0.9528596997261047,0.1983717828989029,0.3750339448451996,1.428788661956787,0.03156065195798874,0.22685816884040833,0.04414461553096771,0.05405240133404732,0.2745102643966675,0.05418679863214493
153,19.176366806030273,25.223426818847656,-0.011861860752105713,1.0171472482646844,0.2963734567165375,0.3082353174686432,0.09116736054420471,-0.005628049839287996,9792,0,1,0.24058914184570312,0.22508126497268677,0.17447294294834137,0.21966204047203064,0.9550430178642273,0.20379918813705444,0.4100407063961029,1.3961498737335205,0.03287648409605026,0.23484987020492554,0.03647219017148018,0.03873045742511749,0.242557093501091,0.039306432008743286
154,19.070894241333008,25.32235336303711,-0.007400929927825928,1.0105638363757738,0.2920079529285431,0.299408882856369,0.06647058576345444,-0.01324195135384798,9856,0,0,0.2512381076812744,0.2405179738998413,0.18890979886054993,0.2527657747268677,0.9585132002830505,0.2371777594089508,0.4252374768257141,1.3446999788284302,0.032181479036808014,0.22741208970546722,0.04328521713614464,0.05035603418946266,0.2718890309333801,0.05084386095404625
155,18.981430053710938,25.626325607299805,-0.0012942850589752197,1.0018290457724717,0.2910771369934082,0.2923714220523834,0.06984829157590866,-0.015248116105794907,9920,0,0,0.2367609143257141,0.23685574531555176,0.19530965387821198,0.23983335494995117,0.9572632908821106,0.21709634363651276,0.39430123567581177,1.2360230684280396,0.034535232931375504,0.2297365367412567,0.0401465930044651,0.046688586473464966,0.25693634152412415,0.046974290162324905
156,18.72361183166504,25.116474151611328,-0.0010414719581604004,1.001469257615399,0.29011622071266174,0.29115769267082214,0.01904337853193283,-0.010362924076616764,9984,0,0,0.2583141326904297,0.27523863315582275,0.20032642781734467,0.2379050999879837,0.954810619354248,0.23934872448444366,0.4105834662914276,1.0714266300201416,0.03004094772040844,0.23123671114444733,0.04240488260984421,0.046328723430633545,0.26011011004447937,0.046775419265031815
157,19.27328872680664,25.904979705810547,-0.01419028639793396,1.0200946723946374,0.2796381413936615,0.29382842779159546,0.044530075043439865,-0.013345688581466675,10048,0,0,0.23325234651565552,0.245386004447937,0.1733066290616989,0.2471993863582611,0.9509149193763733,0.20325645804405212,0.3774762749671936,1.4613573551177979,0.032974082976579666,0.2264859527349472,0.038744837045669556,0.04775965213775635,0.2622895836830139,0.048053789883852005
158,18.76554298400879,25.298133850097656,0.0027348995208740234,0.9961083585180228,0.29997244477272034,0.2972375452518463,0.08377633988857269,-0.011541737243533134,10112,0,1,0.23527246713638306,0.2344750165939331,0.19334161281585693,0.2006213366985321,0.957277774810791,0.21139755845069885,0.38860246539115906,1.1053366661071777,0.033698320388793945,0.23963557183742523,0.036872975528240204,0.03641202673316002,0.22352147102355957,0.03703713044524193
159,18.787128448486328,24.81857681274414,0.006946146488189697,0.9905905247681704,0.2687385082244873,0.2617923617362976,-0.011938781477510929,-0.012205876410007477,10176,0,1,0.18568283319473267,0.2765974998474121,0.21137985587120056,0.22417882084846497,0.9482454061508179,0.18100407719612122,0.36255088448524475,1.108232021331787,0.030724070966243744,0.23602600395679474,0.04267990589141846,0.043021440505981445,0.2497740089893341,0.04386449605226517
160,18.873233795166016,25.634124755859375,0.007135450839996338,0.9900890862927038,0.2871765196323395,0.28004106879234314,0.057471826672554016,-0.01297744456678629,10240,0,0,0.23319578170776367,0.242811918258667,0.19220146536827087,0.2355915755033493,0.9562940001487732,0.22089552879333496,0.4151967465877533,1.2117385864257812,0.03433849662542343,0.23622632026672363,0.03914429992437363,0.044642508029937744,0.2526114583015442,0.045096755027770996
161,18.913843154907227,25.390174865722656,0.008475244045257568,0.9883100379105131,0.283473402261734,0.27499815821647644,0.05115649476647377,-0.013264991343021393,10304,0,0,0.20721405744552612,0.24348241090774536,0.19463378190994263,0.24085736274719238,0.9563762545585632,0.20515604317188263,0.39240163564682007,1.2456194162368774,0.034054383635520935,0.22850340604782104,0.038901183754205704,0.04536370933055878,0.2584410011768341,0.04586537554860115
162,19.079626083374023,25.00301742553711,-0.00386124849319458,1.0053594348175214,0.2756806015968323,0.27954185009002686,0.025549471378326416,-0.010696631856262684,10368,0,1,0.20660966634750366,0.2554766535758972,0.1889522820711136,0.2300761193037033,0.9497718811035156,0.20108549296855927,0.37910449504852295,1.3781859874725342,0.029670637100934982,0.22923511266708374,0.03929225355386734,0.0445370078086853,0.2565416693687439,0.04532206058502197
163,18.569074630737305,24.600692749023438,0.012185335159301758,0.9832682630576128,0.28390857577323914,0.2717232406139374,0.020571120083332062,-0.010431979782879353,10432,0,0,0.2220563292503357,0.26786619424819946,0.21561436355113983,0.23499318957328796,0.958013653755188,0.23500679433345795,0.4203527867794037,1.0102962255477905,0.031230559572577477,0.23618760704994202,0.045142512768507004,0.04472026973962784,0.2568798065185547,0.04537610709667206
164,18.850994110107422,24.52353286743164,0.003215193748474121,0.9956472728823494,0.2645532786846161,0.26133808493614197,-0.015859849750995636,-0.012515410780906677,10496,0,0,0.18557482957839966,0.2754489779472351,0.20648400485515594,0.2555520534515381,0.9502734541893005,0.20379918813705444,0.3891451954841614,1.1851139068603516,0.02770659700036049,0.23422834277153015,0.0522049218416214,0.05241997539997101,0.2722974419593811,0.0529341883957386
165,18.778034210205078,24.85866928100586,0.003739297389984131,0.994830321911038,0.28042590618133545,0.2766866087913513,0.0558178648352623,-0.01163067389279604,10560,0,1,0.20552879571914673,0.2357470989227295,0.21059870719909668,0.21592971682548523,0.9556936621665955,0.21953867375850677,0.41546812653541565,1.1738429069519043,0.03340175375342369,0.22977504134178162,0.043984051793813705,0.04220195487141609,0.25057393312454224,0.0433042049407959
166,18.845714569091797,24.83399200439453,0.0014634430408477783,0.9980011860592731,0.2693077325820923,0.2678442895412445,0.00573197053745389,-0.014087440446019173,10624,0,1,0.17973262071609497,0.2646031379699707,0.19677290320396423,0.2451348602771759,0.9527497291564941,0.21818183362483978,0.4035278260707855,1.2029950618743896,0.029772531241178513,0.2279215157032013,0.04277193173766136,0.04587221145629883,0.26577940583229065,0.04629359394311905
167,18.6951904296875,24.639671325683594,0.00019443035125732422,0.9997354213471823,0.2653265595436096,0.2651321291923523,-0.0030933814123272896,-0.015302919782698154,10688,0,1,0.17868590354919434,0.2669077515602112,0.20108355581760406,0.24292859435081482,0.9514236450195312,0.2116689383983612,0.39945727586746216,1.1119943857192993,0.03145379573106766,0.23637168109416962,0.04301394894719124,0.04658813402056694,0.26358315348625183,0.04704819619655609
168,18.563232421875,24.952768325805664,-0.01266595721244812,1.0176028877750307,0.2677954435348511,0.2804614007472992,0.03446148708462715,-0.016286518424749374,10752,0,1,0.17849087715148926,0.24062395095825195,0.2100849747657776,0.223702073097229,0.9506096243858337,0.2116689383983612,0.38751697540283203,1.0113186836242676,0.03408491611480713,0.23651541769504547,0.042661700397729874,0.04286815971136093,0.247781440615654,0.04356914386153221
169,18.585216522216797,24.801013946533203,0.0045438408851623535,0.9938657432786243,0.26381173729896545,0.2592678964138031,0.030476924031972885,-0.01709291711449623,10816,0,0,0.2008419632911682,0.23990726470947266,0.21194304525852203,0.23626920580863953,0.9509642720222473,0.21573948860168457,0.40786975622177124,1.0005289316177368,0.030693359673023224,0.23490256071090698,0.04346036911010742,0.044287435710430145,0.25613147020339966,0.04483519494533539
170,18.89195442199707,25.339780807495117,0.0013264119625091553,0.9982036106993071,0.26294973492622375,0.2616233229637146,0.050704941153526306,-0.01980816386640072,10880,0,0,0.19654303789138794,0.2229207158088684,0.1964971274137497,0.24580654501914978,0.9559362530708313,0.2200814187526703,0.4048846960067749,1.235669732093811,0.03133881837129593,0.2326560616493225,0.04214928299188614,0.050309114158153534,0.26219189167022705,0.05072048306465149
171,18.936283111572266,25.23074722290039,0.0037881135940551758,0.9948731236450531,0.26491451263427734,0.26112639904022217,0.07653193920850754,-0.01908775046467781,10944,0,0,0.19107085466384888,0.20361930131912231,0.19250306487083435,0.2390921413898468,0.9592903852462769,0.22415196895599365,0.42306649684906006,1.2284561395645142,0.031940966844558716,0.22820527851581573,0.04201429337263107,0.04728750139474869,0.2567006051540375,0.04785536602139473
172,18.64292335510254,24.614990234375,0.010772883892059326,0.9857036377933236,0.257232666015625,0.24645978212356567,-0.012543916702270508,-0.01595156639814377,11008,0,1,0.18989837169647217,0.26517969369888306,0.2213960886001587,0.23216602206230164,0.9523447155952454,0.21519675850868225,0.3910447955131531,1.0509690046310425,0.031921304762363434,0.23348590731620789,0.049419086426496506,0.049140941351652145,0.2658252418041229,0.05025813728570938
173,18.755586624145508,24.804546356201172,-0.0072786808013916016,1.009800776166319,0.2500576078891754,0.257336288690567,0.008191180415451527,-0.016712093725800514,11072,0,0,0.17775577306747437,0.24310988187789917,0.207681342959404,0.24956999719142914,0.9464361667633057,0.20135685801506042,0.39185890555381775,1.0853166580200195,0.029644358903169632,0.2314857840538025,0.044055238366127014,0.04738393425941467,0.26739242672920227,0.04777828976511955
174,18.891817092895508,25.29994773864746,-0.0003094673156738281,1.000411999885494,0.24855606257915497,0.2488655298948288,-0.01386378612369299,-0.01824985444545746,11136,0,0,0.16220855712890625,0.2585054039955139,0.19510914385318756,0.24591611325740814,0.9437112808227539,0.21031208336353302,0.3978290557861328,1.1258870363235474,0.028862258419394493,0.2315341979265213,0.04500523582100868,0.04936802759766579,0.2617966830730438,0.0496600903570652
175,19.712371826171875,27.34848403930664,0.009993582963943481,0.9863329945067709,0.2787739336490631,0.26878035068511963,0.10956872254610062,-0.007178992964327335,11200,0,0,0.17783445119857788,0.18971747159957886,0.17493288218975067,0.21928420662879944,0.9555096626281738,0.22550882399082184,0.39620083570480347,1.4998972415924072,0.04088249057531357,0.24000012874603271,0.04041854664683342,0.05638973414897919,0.2295447140932083,0.056187473237514496
176,18.73113250732422,24.979938507080078,0.019828587770462036,0.9737237960980447,0.26520711183547974,0.2453785240650177,0.024223947897553444,-0.01392622571438551,11264,0,0,0.20814353227615356,0.24627935886383057,0.20157136023044586,0.23444153368473053,0.952538013458252,0.23636364936828613,0.4200814366340637,1.0291849374771118,0.02899491786956787,0.23152662813663483,0.04282940924167633,0.0444805771112442,0.25051480531692505,0.045144423842430115
177,19.05054473876953,25.021629333496094,0.022981703281402588,0.9702817096135049,0.24966321885585785,0.22668151557445526,-0.05470944568514824,-0.008842958137392998,11328,0,0,0.16672956943511963,0.2878040671348572,0.1999807059764862,0.24107491970062256,0.9453127384185791,0.20488467812538147,0.38616013526916504,1.1717978715896606,0.028036314994096756,0.2367081344127655,0.048331111669540405,0.05174297094345093,0.25862178206443787,0.05197659507393837
178,18.972068786621094,25.244953155517578,0.028757140040397644,0.9620278618981116,0.271435022354126,0.24267788231372833,0.05173640325665474,-0.015352442860603333,11392,0,0,0.18994176387786865,0.2313336730003357,0.19213323295116425,0.23532769083976746,0.9594651460647583,0.2461329847574234,0.45047491788864136,1.1181920766830444,0.03221093863248825,0.2382754385471344,0.042917732149362564,0.04743519052863121,0.25032392144203186,0.047718774527311325
179,18.945606231689453,25.476980209350586,0.03237135708332062,0.9572645184287488,0.27488937973976135,0.24251802265644073,0.062170326709747314,-0.01814183034002781,11456,0,0,0.20216351747512817,0.22577321529388428,0.19686004519462585,0.22773292660713196,0.9595843553543091,0.23962008953094482,0.443962037563324,1.053451418876648,0.03456948697566986,0.23633283376693726,0.04027440771460533,0.04439346492290497,0.24417342245578766,0.04497262462973595
180,19.92388153076172,26.140878677368164,0.04681846499443054,0.941567256384832,0.24558165669441223,0.1987631916999817,0.05412923917174339,-0.016794439405202866,11520,0,0,0.11789649724960327,0.2017737627029419,0.17816095054149628,0.21368490159511566,0.9380484819412231,0.19755767285823822,0.36200815439224243,1.4965230226516724,0.04629957303404808,0.2464318424463272,0.04191894456744194,0.06105147302150726,0.22496359050273895,0.06068292260169983
181,18.623464584350586,24.653173446655273,0.03264129161834717,0.9569134082085767,0.2750670611858368,0.24242576956748962,0.010075561702251434,-0.012035767547786236,11584,0,0,0.21140486001968384,0.26731443405151367,0.21377605199813843,0.23591189086437225,0.9563382267951965,0.2347354292869568,0.42198100686073303,0.9139179587364197,0.030872656032443047,0.23191191256046295,0.04377073049545288,0.04462500661611557,0.2517806887626648,0.04512668773531914
182,18.80625343322754,24.799381256103516,0.04093568027019501,0.9461096855016152,0.2813245952129364,0.2403889149427414,0.016276363283395767,-0.012138916179537773,11648,0,0,0.20176082849502563,0.2689341902732849,0.19370195269584656,0.23373574018478394,0.9600828886032104,0.2436906397342682,0.4436906576156616,1.0594062805175781,0.033271268010139465,0.23055392503738403,0.039846014231443405,0.043066270649433136,0.2534705400466919,0.043649185448884964
183,19.134103775024414,25.10129737854004,0.03239664435386658,0.9572852535337231,0.27395495772361755,0.24155831336975098,0.00196756049990654,-0.010965927504003048,11712,0,1,0.20341157913208008,0.27183443307876587,0.19690293073654175,0.24619662761688232,0.9597786664962769,0.2672998607158661,0.4635007083415985,1.199146032333374,0.02921992912888527,0.22768975794315338,0.04556235298514366,0.0515744686126709,0.2730952799320221,0.052466075867414474
184,18.712570190429688,24.610271453857422,0.042526647448539734,0.9449335218409823,0.27024832367897034,0.2277216762304306,-0.039211783558130264,-0.01370932161808014,11776,0,0,0.1820722222328186,0.2968518137931824,0.2109619826078415,0.24433249235153198,0.9582419395446777,0.23554953932762146,0.4293080270290375,0.9906706809997559,0.03178128972649574,0.2291625440120697,0.04450817406177521,0.047324031591415405,0.2617799937725067,0.047682344913482666
185,18.635509490966797,24.541358947753906,0.046796828508377075,0.9394282954976441,0.27421119809150696,0.22741436958312988,-0.01771979220211506,-0.010135162621736526,11840,0,0,0.20062214136123657,0.2858965992927551,0.2157801240682602,0.24424776434898376,0.9575778841972351,0.24016283452510834,0.43962010741233826,0.943455159664154,0.029781430959701538,0.22905270755290985,0.04458995908498764,0.04721512272953987,0.2610606849193573,0.04777747765183449
186,18.801939010620117,24.460159301757812,0.05218443274497986,0.9333031073863169,0.2697726786136627,0.21758824586868286,-0.03979701176285744,-0.009031509049236774,11904,0,0,0.187360942363739,0.29689860343933105,0.2046390026807785,0.24689796566963196,0.9573547840118408,0.23962008953094482,0.4360922873020172,1.0329338312149048,0.027627477422356606,0.21951162815093994,0.0428292416036129,0.046554140746593475,0.2650654911994934,0.04698050022125244
187,18.636627197265625,24.619125366210938,0.05588671565055847,0.9281715871586181,0.2778280973434448,0.22194138169288635,-0.038215991109609604,-0.007502671796828508,11968,0,1,0.2122008204460144,0.303491473197937,0.2168666124343872,0.2306249439716339,0.9613276720046997,0.2504749000072479,0.4567164480686188,0.9090191721916199,0.02829757146537304,0.22677087783813477,0.04565095528960228,0.04573264345526695,0.2527819275856018,0.046310294419527054
188,18.76786231994629,24.469690322875977,0.05828537046909332,0.9241006329635016,0.29035577178001404,0.23207040131092072,-0.022398145869374275,-0.00376206636428833,12032,0,1,0.21301132440567017,0.3047933578491211,0.20957539975643158,0.23348568379878998,0.9674088954925537,0.26757124066352844,0.4757123589515686,1.04469633102417,0.026132598519325256,0.22503194212913513,0.046114079654216766,0.047409914433956146,0.2632845938205719,0.04842676967382431
189,18.5179386138916,24.45720863342285,0.05914750695228577,0.9238025921986788,0.282907098531723,0.22375959157943726,-0.033184971660375595,-0.011283724568784237,12096,0,0,0.23658180236816406,0.3050119876861572,0.20733791589736938,0.2387356013059616,0.9650806188583374,0.25997287034988403,0.46512892842292786,0.8791653513908386,0.03019789420068264,0.22799581289291382,0.04330725595355034,0.045216336846351624,0.25462374091148376,0.04576471447944641
190,18.52113914489746,24.454185485839844,0.06281961500644684,0.9196714820807274,0.28078582882881165,0.2179662138223648,-0.043644849210977554,-0.01158072892576456,12160,0,0,0.2310352325439453,0.3098715543746948,0.20984503626823425,0.24698787927627563,0.9639323949813843,0.2691994607448578,0.4732700288295746,0.8951830267906189,0.029820039868354797,0.22445327043533325,0.045612677931785583,0.04772622883319855,0.26223304867744446,0.04821322113275528
191,18.69124412536621,25.18579864501953,0.05411715805530548,0.9286334169913354,0.29581886529922485,0.24170170724391937,0.03433920815587044,-0.008308296091854572,12224,0,0,0.20547348260879517,0.2703070044517517,0.2041398137807846,0.24273255467414856,0.9670285582542419,0.2800542712211609,0.48548170924186707,0.9598353505134583,0.03169367462396622,0.22531406581401825,0.04132906347513199,0.04778534919023514,0.2574150860309601,0.04812595993280411
192,18.542171478271484,24.433176040649414,0.05671270191669464,0.9268091923235214,0.28185170888900757,0.22513900697231293,-0.03895452618598938,-0.009379828348755836,12288,0,0,0.22131741046905518,0.30826061964035034,0.2176351547241211,0.2502034902572632,0.9649593234062195,0.2651289105415344,0.48303937911987305,0.8964319825172424,0.029203105717897415,0.2231094241142273,0.050321441143751144,0.051875580102205276,0.26859816908836365,0.05230331793427467
193,18.601661682128906,24.438858032226562,0.06941194832324982,0.9113501598812018,0.28642183542251587,0.21700988709926605,-0.015185043215751648,-0.015371874906122684,12352,0,0,0.23199260234832764,0.2965593934059143,0.2050400674343109,0.2594369053840637,0.9686207175254822,0.291994571685791,0.5096336603164673,0.9833972454071045,0.02893916144967079,0.2160673439502716,0.04566540941596031,0.05035356432199478,0.27503636479377747,0.05074526369571686
194,18.45576286315918,24.388015747070312,0.06953743100166321,0.9118595294244483,0.2805987000465393,0.2110612690448761,-0.02809685282409191,-0.011941594071686268,12416,0,0,0.21325135231018066,0.2997284531593323,0.21629002690315247,0.24596992135047913,0.9664580225944519,0.2762551009654999,0.4911804795265198,0.8524399399757385,0.030933134257793427,0.22190351784229279,0.04524478316307068,0.04692816361784935,0.26427873969078064,0.04734242707490921
195,18.417783737182617,24.45261573791504,0.0678761750459671,0.9148039298770047,0.2711707055568695,0.2032945305109024,-0.04458721727132797,-0.016457563266158104,12480,0,1,0.17300570011138916,0.30131328105926514,0.2194654643535614,0.23695403337478638,0.9623967409133911,0.2523745000362396,0.4521031379699707,0.8476524353027344,0.02869815193116665,0.2257753312587738,0.04599548876285553,0.04571102559566498,0.2562776207923889,0.046431053429841995
196,18.572315216064453,24.451189041137695,0.07507115602493286,0.9062895316682656,0.27397435903549194,0.19890320301055908,-0.04697434604167938,-0.012907053343951702,12544,0,1,0.2087688446044922,0.30524611473083496,0.21593265235424042,0.23866042494773865,0.9623720645904541,0.25345999002456665,0.447761207818985,0.952811598777771,0.02881600521504879,0.21855628490447998,0.04637317359447479,0.047579504549503326,0.2605566084384918,0.04848933219909668
197,18.674081802368164,24.602270126342773,0.08377856016159058,0.8983273101365662,0.25977596640586853,0.17599740624427795,-0.08629921078681946,-0.017989611253142357,12608,0,0,0.19731253385543823,0.31807827949523926,0.19920702278614044,0.24102428555488586,0.9623422622680664,0.24640434980392456,0.4393487274646759,1.0394810438156128,0.026688657701015472,0.22205306589603424,0.044788211584091187,0.050049129873514175,0.2555684745311737,0.05031517520546913
198,18.72661018371582,24.956735610961914,0.07273270189762115,0.9089293395784692,0.2740923762321472,0.20135967433452606,-0.011225243099033833,-0.01817064918577671,12672,0,1,0.21164345741271973,0.28132182359695435,0.20264774560928345,0.23083199560642242,0.9648391008377075,0.27706921100616455,0.4930800795555115,1.0578832626342773,0.030463360249996185,0.2193288505077362,0.042477309703826904,0.04448515176773071,0.2580907344818115,0.04555320739746094
199,18.700029373168945,24.757892608642578,0.08069901168346405,0.9001593120389406,0.2724212110042572,0.19172219932079315,-0.011982857249677181,-0.018638556823134422,12736,0,0,0.18549859523773193,0.2806602716445923,0.19650356471538544,0.2528906464576721,0.9674026370048523,0.28086838126182556,0.4928086996078491,1.0335273742675781,0.03461383655667305,0.2173311412334442,0.04298383370041847,0.05068318545818329,0.2711675763130188,0.05119894817471504
200,18.915550231933594,24.936321258544922,0.08061175048351288,0.9027180421106908,0.25197145342826843,0.17135970294475555,-0.04224525764584541,-0.02376912347972393,12800,0,0,0.16288304328918457,0.28183209896087646,0.19935065507888794,0.2591439187526703,0.9595257639884949,0.25400272011756897,0.45237451791763306,1.1456371545791626,0.03196173906326294,0.21923217177391052,0.05090196803212166,0.05889085680246353,0.27543532848358154,0.059205811470746994
201,18.53601837158203,24.742584228515625,0.08413341641426086,0.8978307784233062,0.26066216826438904,0.17652875185012817,-0.026812255382537842,-0.01888125203549862,12864,0,1,0.16653335094451904,0.2794071435928345,0.21797528862953186,0.2200634777545929,0.9635336399078369,0.2531886100769043,0.4578019082546234,0.9052896499633789,0.029451001435518265,0.2279028296470642,0.0423707589507103,0.042033515870571136,0.2467028945684433,0.043139733374118805
202,18.60561752319336,24.704408645629883,0.07294534146785736,0.91135553778019,0.2500474452972412,0.17710210382938385,-0.0494764968752861,-0.023730657994747162,12928,0,1,0.1464558243751526,0.28464657068252563,0.22096753120422363,0.21602123975753784,0.9598156213760376,0.24070556461811066,0.43392130732536316,1.0106889009475708,0.026935264468193054,0.23037871718406677,0.04476688802242279,0.04405662417411804,0.2533855140209198,0.045581430196762085
203,18.39219856262207,24.444746017456055,0.0802522748708725,0.9040218365848873,0.244100883603096,0.1638486087322235,-0.04506570100784302,-0.03228677436709404,12992,0,0,0.17638367414474487,0.2758670449256897,0.2219782918691635,0.24692797660827637,0.9602617621421814,0.24667571485042572,0.4469470977783203,0.8535193800926208,0.027670560404658318,0.22322404384613037,0.04789068177342415,0.04906780645251274,0.2633841037750244,0.049554359167814255
204,18.772777557373047,24.987060546875,0.06599487364292145,0.9188301659924967,0.2529480755329132,0.18695320188999176,0.02221316285431385,-0.026123609393835068,13056,0,1,0.17332637310028076,0.23454022407531738,0.21983370184898376,0.23562264442443848,0.9609021544456482,0.2455902397632599,0.44748982787132263,1.0319297313690186,0.029686622321605682,0.22166351974010468,0.042589884251356125,0.043727725744247437,0.26475632190704346,0.04470802843570709
205,18.590055465698242,24.855316162109375,0.06944930553436279,0.9147295373916803,0.25499019026756287,0.18554088473320007,0.027540840208530426,-0.03013831377029419,13120,0,1,0.16044902801513672,0.23308974504470825,0.2148796170949936,0.22317864000797272,0.9647218585014343,0.2654002904891968,0.48168250918388367,0.9751850962638855,0.029357602819800377,0.2216060906648636,0.041638582944869995,0.04107891023159027,0.2535621225833893,0.04241608455777168
206,18.3626651763916,24.530168533325195,0.0727151483297348,0.9121409306837434,0.24508120119571686,0.17236605286598206,0.003234714502468705,-0.03532048314809799,13184,0,0,0.15902912616729736,0.24193716049194336,0.21658369898796082,0.24354398250579834,0.9647465348243713,0.2583446502685547,0.46078699827194214,0.8221157193183899,0.027134448289871216,0.22694829106330872,0.04576052725315094,0.04652520269155502,0.2597748041152954,0.04711916297674179
207,18.8704776763916,24.954023361206055,0.07011570036411285,0.9171651199083338,0.2236642986536026,0.15354859828948975,-0.07673514634370804,-0.03380763158202171,13248,0,1,0.13118737936019897,0.2782108187675476,0.2031986117362976,0.22877635061740875,0.9527250528335571,0.21194030344486237,0.39050203561782837,1.1381804943084717,0.02654859982430935,0.23433233797550201,0.047768484801054,0.05203227698802948,0.2538400888442993,0.052849072962999344
208,18.77391242980957,24.973350524902344,0.06902116537094116,0.9176047476585227,0.23133739829063416,0.162316232919693,-0.02868414856493473,-0.030858729034662247,13312,0,1,0.09755891561508179,0.2523620128631592,0.19261541962623596,0.22071793675422668,0.9586880207061768,0.22686567902565002,0.41926732659339905,1.0513026714324951,0.02848063036799431,0.23690198361873627,0.045081865042448044,0.04822296276688576,0.24659080803394318,0.0492674894630909
209,19.14269256591797,27.04153823852539,0.0611189603805542,0.9242048625467216,0.25474849343299866,0.19362953305244446,0.04983948543667793,-0.030521055683493614,13376,0,0,0.1457793116569519,0.21518373489379883,0.1903853565454483,0.2338743507862091,0.962444007396698,0.26051560044288635,0.4637720584869385,1.0132287740707397,0.031022809445858,0.23443622887134552,0.042466774582862854,0.04891560599207878,0.24707099795341492,0.04940108209848404
210,18.682697296142578,24.850296020507812,0.07635016739368439,0.9091405660907004,0.23603932559490204,0.15968915820121765,-0.03662731871008873,-0.02606019750237465,13440,0,1,0.08090049028396606,0.2623337507247925,0.20329846441745758,0.2336846888065338,0.9562107920646667,0.23934872448444366,0.4341926872730255,0.9802708029747009,0.027719687670469284,0.23889046907424927,0.05004904791712761,0.05278961360454559,0.2500472962856293,0.0531897209584713
211,18.811410903930664,25.277498245239258,0.07844556868076324,0.9057295062131329,0.24631278216838837,0.16786721348762512,0.03934672474861145,-0.029213523492217064,13504,0,1,0.11955475807189941,0.21490508317947388,0.1921026110649109,0.217368483543396,0.9611488580703735,0.25807327032089233,0.4388059973716736,0.9985299110412598,0.030309055000543594,0.2392476350069046,0.04228251799941063,0.046250633895397186,0.23763272166252136,0.0469459630548954
212,18.827543258666992,24.915929794311523,0.08376558125019073,0.901419913668006,0.23404446244239807,0.15027888119220734,0.030545484274625778,-0.03632790967822075,13568,0,0,0.08803564310073853,0.2090892195701599,0.19065651297569275,0.23114030063152313,0.9607561826705933,0.2542741000652313,0.45563095808029175,0.9866210222244263,0.032648906111717224,0.24292586743831635,0.0449335090816021,0.05374997854232788,0.2428930550813675,0.05400853231549263
213,18.844051361083984,25.026020050048828,0.08636441826820374,0.8991858883085807,0.22969448566436768,0.14333006739616394,0.009390003979206085,-0.041912052780389786,13632,0,0,0.06716114282608032,0.22186356782913208,0.18820443749427795,0.23567044734954834,0.9598382711410522,0.24694709479808807,0.4417910575866699,1.057059645652771,0.029144998639822006,0.23788128793239594,0.04407939687371254,0.05314827710390091,0.2479448765516281,0.053308773785829544
214,19.004150390625,25.2850399017334,0.09599760174751282,0.8911299877483656,0.2142341136932373,0.11823651194572449,-0.042977288365364075,-0.041112616658210754,13696,0,0,0.09139704704284668,0.24621373414993286,0.18549247086048126,0.22264637053012848,0.9521988034248352,0.2027137130498886,0.38371777534484863,1.1241275072097778,0.030339503660798073,0.2446627914905548,0.04447614401578903,0.050580479204654694,0.23580965399742126,0.05091940984129906
215,19.211143493652344,25.397052764892578,0.08933231234550476,0.8970363880022992,0.2217217981815338,0.13238948583602905,-0.02786918170750141,-0.0359780415892601,13760,0,0,0.10013914108276367,0.24236273765563965,0.1734319031238556,0.23149457573890686,0.9539677500724792,0.21058344841003418,0.4000000059604645,1.1984193325042725,0.031869903206825256,0.24099427461624146,0.04377107322216034,0.055953122675418854,0.24093301594257355,0.05601885914802551
216,19.062053680419922,25.244243621826172,0.08457010984420776,0.9001807558257048,0.23733758926391602,0.15276747941970825,0.04889737069606781,-0.03601527959108353,13824,0,0,0.07829684019088745,0.19778132438659668,0.1764863133430481,0.2305828034877777,0.9618282914161682,0.24966078996658325,0.452645868062973,1.190786361694336,0.03355734795331955,0.23625600337982178,0.040781985968351364,0.05341910943388939,0.24148951470851898,0.053600870072841644
217,19.047517776489258,25.505020141601562,0.07925669848918915,0.9061786896703752,0.23449447751045227,0.15523777902126312,0.04192155599594116,-0.0341910794377327,13888,0,0,0.08595561981201172,0.20053154230117798,0.17242667078971863,0.2199130356311798,0.9616350531578064,0.25535959005355835,0.4597015082836151,1.1499296426773071,0.028005804866552353,0.2365919053554535,0.04544661566615105,0.052453555166721344,0.2327330857515335,0.05261334031820297
218,18.747961044311523,24.862438201904297,0.0929020345211029,0.8924873256515631,0.22879894077777863,0.13589690625667572,0.006485637743026018,-0.03491293638944626,13952,0,0,0.10132455825805664,0.22322434186935425,0.18890032172203064,0.22500650584697723,0.9579212069511414,0.23202171921730042,0.42442336678504944,0.9364997744560242,0.02750926837325096,0.2456778883934021,0.046422772109508514,0.05426662415266037,0.2350875437259674,0.05428772047162056
219,19.140583038330078,25.49167251586914,0.08006635308265686,0.9046383820058106,0.24045860767364502,0.16039225459098816,0.09956060349941254,-0.03032482974231243,14016,0,0,0.07554996013641357,0.1556364893913269,0.1745300590991974,0.2102184295654297,0.9604940414428711,0.24124830961227417,0.4521031379699707,1.1153285503387451,0.029842399060726166,0.2407054901123047,0.03996830806136131,0.047742798924446106,0.22202710807323456,0.04847593605518341
220,18.692319869995117,25.012983322143555,0.09910392761230469,0.8852590727986992,0.23538485169410706,0.13628092408180237,0.019692126661539078,-0.030748553574085236,14080,0,0,0.08387947082519531,0.2197248339653015,0.18981815874576569,0.21047163009643555,0.9593284130096436,0.2168249785900116,0.415739506483078,0.875098466873169,0.02930944785475731,0.24797891080379486,0.044651202857494354,0.04640721529722214,0.22329480946063995,0.046849388629198074
221,18.93792152404785,25.22829246520996,0.09824134409427643,0.8864261930506911,0.23324133455753326,0.13499999046325684,0.002790888538584113,-0.027460966259241104,14144,0,0,0.050581932067871094,0.23065000772476196,0.18634089827537537,0.22161148488521576,0.9555991888046265,0.21411126852035522,0.40407058596611023,1.02825129032135,0.03132463991641998,0.2425883412361145,0.04334825277328491,0.05142774432897568,0.23072780668735504,0.05173507332801819
222,18.934518814086914,25.074241638183594,0.10812331736087799,0.875751212867102,0.2379070371389389,0.1297837197780609,-0.008870115503668785,-0.02637341618537903,14208,0,1,0.06063532829284668,0.24412673711776733,0.1889885514974594,0.20881615579128265,0.9596008062362671,0.23419268429279327,0.4227951169013977,1.0207496881484985,0.028331153094768524,0.23605391383171082,0.04629440978169441,0.048810988664627075,0.22997674345970154,0.049554724246263504
223,18.681108474731445,24.93263816833496,0.10736311972141266,0.8760587405526622,0.24112115800380707,0.1337580382823944,-0.009183854795992374,-0.029224570840597153,14272,0,0,0.06650424003601074,0.2474789023399353,0.20945331454277039,0.2225293666124344,0.9565705060958862,0.21709634363651276,0.41356852650642395,0.8048689365386963,0.027678735554218292,0.23122644424438477,0.04666341468691826,0.047389768064022064,0.2355954796075821,0.048143669962882996
224,18.761926651000977,24.946285247802734,0.09590010344982147,0.8887444972949986,0.23391933739185333,0.13801923394203186,-0.012749060988426208,-0.03443758934736252,14336,0,0,0.11425119638442993,0.2430141568183899,0.1989273726940155,0.23708108067512512,0.9573661088943481,0.23419268429279327,0.42170965671539307,0.9390693306922913,0.030133971944451332,0.233862966299057,0.04800284653902054,0.05527551472187042,0.24576102197170258,0.05545901879668236
225,18.797826766967773,24.94456672668457,0.08987702429294586,0.8946601209666187,0.23666715621948242,0.14679013192653656,0.005567604210227728,-0.03174372389912605,14400,0,0,0.09341973066329956,0.23196953535079956,0.1934165060520172,0.23311224579811096,0.9578554630279541,0.2257802039384842,0.4246947169303894,0.978999137878418,0.0330330953001976,0.21815799176692963,0.04472292959690094,0.05553160607814789,0.24707728624343872,0.055849067866802216
226,18.98987579345703,25.091716766357422,0.09244784712791443,0.8896578681962811,0.254618763923645,0.1621709167957306,0.03297433257102966,-0.019515058025717735,14464,0,1,0.12382704019546509,0.22858822345733643,0.1866038590669632,0.20854732394218445,0.9631235003471375,0.23772050440311432,0.44151967763900757,1.0573837757110596,0.0266781747341156,0.22542527318000793,0.04380679503083229,0.04747448489069939,0.2324100136756897,0.04846201092004776
227,18.791290283203125,24.758087158203125,0.08869889378547668,0.8955307085887829,0.23965615034103394,0.15095725655555725,-0.015284028835594654,-0.026502642780542374,14528,0,1,0.13986587524414062,0.25069934129714966,0.19513103365898132,0.23266106843948364,0.9566085338592529,0.24070556461811066,0.43202173709869385,0.9447703957557678,0.02723228558897972,0.22915783524513245,0.051449939608573914,0.055419109761714935,0.2450471818447113,0.05573401227593422
228,18.821788787841797,25.335905075073242,0.07597610354423523,0.9079870829252278,0.25026482343673706,0.17428871989250183,0.012723562307655811,-0.017833098769187927,14592,0,0,0.12167936563491821,0.24014556407928467,0.19123435020446777,0.23465144634246826,0.958625316619873,0.21763908863067627,0.40597015619277954,0.9694504737854004,0.029406683519482613,0.23378220200538635,0.04619118571281433,0.05398712679743767,0.2447788417339325,0.05400904640555382
229,18.883007049560547,25.220781326293945,0.06673070788383484,0.9181220491437158,0.25172853469848633,0.1849978268146515,0.030923567712306976,-0.012524872086942196,14656,0,1,0.13428795337677002,0.22745847702026367,0.1977737694978714,0.20912916958332062,0.9552938938140869,0.20895522832870483,0.40027138590812683,0.9931492209434509,0.027343353256583214,0.2337067723274231,0.04409843683242798,0.04625803232192993,0.23424211144447327,0.04725085198879242
230,18.90435791015625,25.06882667541504,0.09764334559440613,0.8858736018948712,0.24207139015197754,0.1444280445575714,-0.024799007922410965,-0.01833309233188629,14720,0,0,0.13394665718078613,0.26017194986343384,0.18527215719223022,0.22654831409454346,0.9546585083007812,0.21601086854934692,0.4035278260707855,0.9993069767951965,0.02584800310432911,0.23001445829868317,0.04502473026514053,0.05048857629299164,0.23689405620098114,0.050572145730257034
231,18.896957397460938,25.271236419677734,0.07920482754707336,0.9009616177931489,0.2794661223888397,0.20026129484176636,0.07102014869451523,-0.01567740924656391,14784,0,0,0.1716519594192505,0.22396361827850342,0.18251653015613556,0.2265937179327011,0.9675537943840027,0.27191317081451416,0.4838534891605377,1.006234049797058,0.027292057871818542,0.22075219452381134,0.0432954803109169,0.046771153807640076,0.23938331007957458,0.04730875417590141
232,18.855941772460938,24.86307716369629,0.10512794554233551,0.8784350983612763,0.24033930897712708,0.13521136343479156,-0.056138090789318085,-0.020736563950777054,14848,0,0,0.10006970167160034,0.28015655279159546,0.1887546181678772,0.23146557807922363,0.9580948948860168,0.22985075414180756,0.41981005668640137,1.0042074918746948,0.029247533529996872,0.21140533685684204,0.045262690633535385,0.05477509647607803,0.24453645944595337,0.0548248253762722
233,18.665414810180664,24.85449981689453,0.10177353024482727,0.8813287711755259,0.2441643923521042,0.14239086210727692,-0.01867336966097355,-0.026419922709465027,14912,0,1,0.11593055725097656,0.25718700885772705,0.20378559827804565,0.22874069213867188,0.9596604108810425,0.23364993929862976,0.43012213706970215,0.8689125180244446,0.02656840905547142,0.21508683264255524,0.04753056541085243,0.04960986599326134,0.24069686233997345,0.05019504204392433
234,18.72682762145996,25.04106903076172,0.0982566773891449,0.8851150094077754,0.2429954558610916,0.14473877847194672,-0.019392970949411392,-0.02624352090060711,14976,0,1,0.12196344137191772,0.25677305459976196,0.19963671267032623,0.23518715798854828,0.9601753950119019,0.23690637946128845,0.4436906576156616,0.8704176545143127,0.029947888106107712,0.2129787653684616,0.04693448171019554,0.0523076131939888,0.24684831500053406,0.0527363196015358
235,18.786272048950195,25.08734130859375,0.0908207893371582,0.8916253960818582,0.2527942955493927,0.1619735062122345,0.009534929879009724,-0.0230314489454031,15040,0,0,0.1373506784439087,0.245114266872406,0.18997299671173096,0.23124149441719055,0.9626896381378174,0.2504749000072479,0.46594303846359253,1.0028743743896484,0.028408830985426903,0.20990797877311707,0.04055553674697876,0.04841320216655731,0.24463707208633423,0.048660315573215485
236,18.60831642150879,24.73973846435547,0.1076280027627945,0.875467707763248,0.24337022006511688,0.1357422173023224,-0.044658999890089035,-0.021378692239522934,15104,0,0,0.13761132955551147,0.2752782106399536,0.19683879613876343,0.23173296451568604,0.9600027203559875,0.23310719430446625,0.4260515868663788,0.8783344626426697,0.02788494899868965,0.21818774938583374,0.04567071422934532,0.049145691096782684,0.24286231398582458,0.049667391926050186
237,18.571802139282227,24.712278366088867,0.10117653012275696,0.8816038245888632,0.2466174215078354,0.14544089138507843,-0.0150999054312706,-0.02183397486805916,15168,0,0,0.13861429691314697,0.25716954469680786,0.2045564502477646,0.23097580671310425,0.9609308838844299,0.23826323449611664,0.43446406722068787,0.8578972816467285,0.02688530460000038,0.21490827202796936,0.046241629868745804,0.04958394542336464,0.24416111409664154,0.04994569346308708
238,18.775461196899414,25.088600158691406,0.10180358588695526,0.8825694183358128,0.23487791419029236,0.1330743283033371,-0.054845090955495834,-0.024503538385033607,15232,0,0,0.11357003450393677,0.27374011278152466,0.18632131814956665,0.23515120148658752,0.9594435691833496,0.2314789742231369,0.43337857723236084,1.067101240158081,0.028128650039434433,0.21095046401023865,0.04606742784380913,0.05414748191833496,0.2450038641691208,0.054248277097940445
239,18.67767906188965,25.422718048095703,0.10028783977031708,0.8835167116717633,0.23932451009750366,0.13903667032718658,-0.033403825014829636,-0.022491078823804855,15296,0,0,0.1075168251991272,0.26316380500793457,0.2001403570175171,0.2266606241464615,0.9577083587646484,0.22903664410114288,0.42252376675605774,0.8859698176383972,0.027594197541475296,0.2128135859966278,0.04528088495135307,0.04998791590332985,0.2414366751909256,0.05046379938721657
240,18.766538619995117,25.489477157592773,0.08752799034118652,0.8964100486716717,0.24258126318454742,0.1550532728433609,-0.0032524813432246447,-0.024270573630928993,15360,0,0,0.11827683448791504,0.24426662921905518,0.18522071838378906,0.23278048634529114,0.9606204628944397,0.22306649386882782,0.4143826365470886,1.0536953210830688,0.03260987997055054,0.20968428254127502,0.04231078922748566,0.055016759783029556,0.24668635427951813,0.055211544036865234
241,18.656694412231445,24.93255043029785,0.10432389378547668,0.8797982460922091,0.23641730844974518,0.1320934146642685,-0.03469282016158104,-0.022338535636663437,15424,0,0,0.10024362802505493,0.2615967392921448,0.1927582323551178,0.2242976427078247,0.9567174911499023,0.2423337996006012,0.4401628375053406,0.9073299765586853,0.025981539860367775,0.21691736578941345,0.045886993408203125,0.050939466804265976,0.23524059355258942,0.05127275735139847
242,18.79047393798828,24.8692684173584,0.10647159814834595,0.8783310883781934,0.2313787192106247,0.12490712106227875,-0.039464209228754044,-0.03094540163874626,15488,0,0,0.1338590383529663,0.2600729465484619,0.18263477087020874,0.2345781922340393,0.9596789479255676,0.22360923886299133,0.4336499571800232,1.0460485219955444,0.0288957841694355,0.21188241243362427,0.04681843891739845,0.05319356545805931,0.24369484186172485,0.05347110331058502
243,18.77822494506836,25.26326560974121,0.10232344269752502,0.8804896838788967,0.24613423645496368,0.14381079375743866,0.028411464765667915,-0.03234515339136124,15552,0,1,0.11852020025253296,0.2234945297241211,0.18782635033130646,0.21809881925582886,0.964801013469696,0.25915876030921936,0.478426069021225,0.9447323679924011,0.02879268303513527,0.21447286009788513,0.04265451058745384,0.046624958515167236,0.2342107594013214,0.04722197726368904
244,18.507213592529297,24.726991653442383,0.10993969440460205,0.874582237737519,0.23335178196430206,0.12341208755970001,-0.03405586630105972,-0.03739776089787483,15616,0,0,0.11545133590698242,0.2579485774040222,0.20323437452316284,0.23218753933906555,0.9641329050064087,0.2569878101348877,0.4618724584579468,0.8147021532058716,0.028024034574627876,0.20893272757530212,0.04707783833146095,0.05009089410305023,0.24417196214199066,0.050378598272800446
245,18.818729400634766,24.897605895996094,0.11234428733587265,0.8718261641030431,0.2358449101448059,0.12350062280893326,0.0030765230767428875,-0.038450319319963455,15680,0,0,0.10019934177398682,0.23291391134262085,0.1842125952243805,0.23755259811878204,0.967523992061615,0.2632293105125427,0.47598373889923096,1.0989811420440674,0.02903135120868683,0.20786380767822266,0.04524555802345276,0.057550858706235886,0.24980571866035461,0.05755447596311569
246,18.734466552734375,24.752336502075195,0.12847945094108582,0.8572116905733014,0.2286897450685501,0.1002102941274643,-0.04697481542825699,-0.03800007700920105,15744,0,0,0.08573776483535767,0.2629234194755554,0.18754112720489502,0.2350347340106964,0.9631070494651794,0.24151968955993652,0.4458616077899933,1.0049000978469849,0.027282094582915306,0.2107553482055664,0.046804361045360565,0.05692218616604805,0.24564017355442047,0.05683577060699463
247,18.571134567260742,24.858219146728516,0.11159086227416992,0.8718155376821686,0.24104180932044983,0.1294509470462799,0.014611857943236828,-0.03483669087290764,15808,0,0,0.11134982109069824,0.228986918926239,0.20300501585006714,0.2226012498140335,0.9673656821250916,0.2651289105415344,0.4700135886669159,0.8536409139633179,0.02882067859172821,0.2102910429239273,0.04655560106039047,0.0490734800696373,0.23525790870189667,0.04961887001991272
248,19.065256118774414,25.894123077392578,0.11166809499263763,0.8714486005500495,0.24300314486026764,0.13133504986763,0.01095565315335989,-0.03565308451652527,15872,0,0,0.0995444655418396,0.23425132036209106,0.17671135067939758,0.23655182123184204,0.9651392698287964,0.24070556461811066,0.44667571783065796,1.1417876482009888,0.030564727261662483,0.2125091552734375,0.04579756036400795,0.05547407269477844,0.24403192102909088,0.05549567937850952
249,18.80967903137207,24.87481117248535,0.13327981531620026,0.8515737172949868,0.235326886177063,0.10204707086086273,-0.022601403295993805,-0.03542861342430115,15936,0,1,0.08323830366134644,0.2513517141342163,0.1951753944158554,0.21627864241600037,0.9647660851478577,0.2583446502685547,0.4559023380279541,1.031031608581543,0.026944385841488838,0.21986079216003418,0.04769646003842354,0.05280124768614769,0.23754951357841492,0.053916797041893005
250,19.178119659423828,25.26091957092285,0.11930008977651596,0.8656054607660699,0.23161454498767853,0.11231445521116257,-0.013960784301161766,-0.036595284938812256,16000,0,1,0.09471184015274048,0.24147987365722656,0.17713825404644012,0.22896012663841248,0.9666205048561096,0.2583446502685547,0.4719131886959076,1.3120898008346558,0.02768540568649769,0.20799928903579712,0.042287930846214294,0.05402218550443649,0.2546548843383789,0.05459883064031601
251,19.164058685302734,25.753385543823242,0.12322895973920822,0.8601035442004882,0.2423706203699112,0.11914166063070297,0.021973760798573494,-0.037130024284124374,16064,0,0,0.13458174467086792,0.22433769702911377,0.18624664843082428,0.2451353669166565,0.9674592614173889,0.2678426206111908,0.4873812794685364,1.1511852741241455,0.03752049803733826,0.19201163947582245,0.04125940427184105,0.05433857440948486,0.2569495141506195,0.05464908853173256
252,18.736927032470703,24.70570182800293,0.14577901363372803,0.8403728896232336,0.23253180086612701,0.08675278723239899,-0.04214685037732124,-0.0447552353143692,16128,0,0,0.1107863187789917,0.2631377577781677,0.19191470742225647,0.23674306273460388,0.9668712615966797,0.2735413908958435,0.47598373889923096,0.9932757019996643,0.025952398777008057,0.20065748691558838,0.04573708400130272,0.051970645785331726,0.24935519695281982,0.05236362665891647
253,18.587560653686523,24.606870651245117,0.14151771366596222,0.845101931945074,0.22789938747882843,0.08638167381286621,-0.05480065569281578,-0.041422802954912186,16192,0,0,0.10311836004257202,0.2673340439796448,0.21478275954723358,0.23269900679588318,0.9642767906188965,0.25400272011756897,0.45563095808029175,0.789587140083313,0.02732258103787899,0.20148518681526184,0.04810740053653717,0.05086543783545494,0.24669888615608215,0.05113412067294121
254,18.71469497680664,24.715002059936523,0.1366850882768631,0.847640565730248,0.2395625114440918,0.1028774231672287,-0.034632954746484756,-0.03655974566936493,16256,0,0,0.13307183980941772,0.2646145224571228,0.2012144923210144,0.24104584753513336,0.9687656760215759,0.2754409909248352,0.4873812794685364,0.9327805042266846,0.02678484469652176,0.20785322785377502,0.04778263717889786,0.051471047103405,0.25432926416397095,0.051876891404390335
255,18.861310958862305,24.80371856689453,0.12169429659843445,0.860211264881414,0.25113561749458313,0.12944132089614868,0.014826200902462006,-0.030884208157658577,16320,0,0,0.15386724472045898,0.23923355340957642,0.19714297354221344,0.24624799191951752,0.9682311415672302,0.27327001094818115,0.5058344602584839,0.9406280517578125,0.029509296640753746,0.19320686161518097,0.04677726328372955,0.054649386554956436,0.25965210795402527,0.055085618048906326
256,18.6074275970459,24.65926742553711,0.13603170216083527,0.8482016771834072,0.23989728093147278,0.10386557877063751,-0.020526140928268433,-0.026566239073872566,16384,0,0,0.12151271104812622,0.25463157892227173,0.2098006010055542,0.22598913311958313,0.9648380279541016,0.2740841209888458,0.4705563187599182,0.8415235280990601,0.027672380208969116,0.2077876776456833,0.05108160898089409,0.05433083698153496,0.23997293412685394,0.054585788398981094
257,18.948348999023438,24.984041213989258,0.13043390959501266,0.8516799587299112,0.25102537870407104,0.12059146910905838,0.004415670409798622,-0.02736005187034607,16448,0,0,0.14957791566848755,0.24726653099060059,0.18169887363910675,0.24182501435279846,0.9694513082504272,0.2621438503265381,0.4827679991722107,1.1743143796920776,0.028858229517936707,0.19872117042541504,0.043924424797296524,0.057766079902648926,0.25378087162971497,0.058031387627124786
258,18.762514114379883,24.60525894165039,0.13266902416944504,0.848439366030515,0.2573162317276001,0.12464720755815506,0.024039382115006447,-0.03028617613017559,16512,0,1,0.14168012142181396,0.23860901594161987,0.20948317646980286,0.2337699681520462,0.9723727107048035,0.3150610625743866,0.5402985215187073,0.974845826625824,0.029584871605038643,0.19690106809139252,0.049487609416246414,0.05303088203072548,0.2602825462818146,0.05410723760724068
259,18.64877700805664,24.559795379638672,0.14651017636060715,0.8398857083906168,0.23147520422935486,0.08496502786874771,-0.059218425303697586,-0.0355851948261261,16576,0,1,0.10947471857070923,0.2737696170806885,0.23303954303264618,0.23154079914093018,0.9620030522346497,0.252645879983902,0.46214383840560913,0.8353286385536194,0.027484862133860588,0.20106178522109985,0.050464123487472534,0.05105322599411011,0.25602832436561584,0.05211282894015312
260,18.683992385864258,24.33588409423828,0.14903909713029861,0.8371913694229618,0.23361405730247498,0.08457496017217636,-0.05878026783466339,-0.04299354553222656,16640,0,0,0.13745784759521484,0.2757974863052368,0.209853857755661,0.25028160214424133,0.9667387008666992,0.27055633068084717,0.4814111292362213,0.8779461979866028,0.028001591563224792,0.19892725348472595,0.050102345645427704,0.053977981209754944,0.2656939625740051,0.05412307009100914
261,18.498075485229492,24.263904571533203,0.14243899285793304,0.8409449345332854,0.24690641462802887,0.10446742177009583,-0.010423491708934307,-0.041731804609298706,16704,0,0,0.1418171525001526,0.2543547749519348,0.22915183007717133,0.25659582018852234,0.9697072505950928,0.2767978310585022,0.5069199800491333,0.7595393061637878,0.027424205094575882,0.19199149310588837,0.04965582862496376,0.052675627171993256,0.27003830671310425,0.053334351629018784
262,18.717206954956055,24.43495750427246,0.1534115970134735,0.8319479877151501,0.24052995443344116,0.08711835741996765,-0.04640551283955574,-0.04019322991371155,16768,0,0,0.11261618137359619,0.273939311504364,0.20222243666648865,0.24571090936660767,0.9696117043495178,0.2868385314941406,0.5147897005081177,0.9930608868598938,0.02611563913524151,0.19429241120815277,0.04832856357097626,0.054247040301561356,0.2621687054634094,0.05455412343144417
263,18.702930450439453,24.413776397705078,0.13723871111869812,0.8484965120390041,0.2313934862613678,0.09415477514266968,-0.04756136238574982,-0.043271537870168686,16832,0,1,0.0997079610824585,0.2658997178077698,0.2070724070072174,0.24994948506355286,0.9664806127548218,0.2664857506752014,0.481953889131546,0.9313230514526367,0.027572941035032272,0.19435960054397583,0.05101422965526581,0.05805762857198715,0.2670198082923889,0.05865425243973732
264,18.836795806884766,25.053598403930664,0.1285480186343193,0.8560722831268822,0.2354051172733307,0.10685709863901138,-0.0023337879683822393,-0.03936862573027611,16896,0,0,0.09775322675704956,0.2364102005958557,0.19527143239974976,0.24558332562446594,0.9684110879898071,0.28086838126182556,0.48955225944519043,1.003077745437622,0.02982872724533081,0.20241953432559967,0.044330306351184845,0.056117668747901917,0.25540366768836975,0.05588819459080696
265,18.618661880493164,24.6959228515625,0.13636408001184464,0.8490936052950455,0.23273053765296936,0.09636645764112473,0.0025955091696232557,-0.047294262796640396,16960,0,0,0.11725515127182007,0.23026221990585327,0.21022547781467438,0.24364569783210754,0.9681581854820251,0.2843962013721466,0.511533260345459,0.8405618071556091,0.03029613569378853,0.19834305346012115,0.04947862774133682,0.05346091091632843,0.2580580413341522,0.05373598262667656
266,18.715808868408203,24.678529739379883,0.13774733245372772,0.8480991830871399,0.23092316091060638,0.09317582845687866,0.01632753573358059,-0.0479777567088604,17024,0,0,0.10294032096862793,0.21754032373428345,0.20316101610660553,0.2395833134651184,0.9681746959686279,0.2781547009944916,0.5017639398574829,0.9193040132522583,0.03220066428184509,0.19785982370376587,0.046913694590330124,0.055152684450149536,0.25313812494277954,0.05558303743600845
267,18.8626651763916,24.923961639404297,0.1486629694700241,0.841823393968315,0.20880863070487976,0.06014566123485565,-0.044152647256851196,-0.05253031849861145,17088,0,1,0.06937450170516968,0.241682231426239,0.20085498690605164,0.22946800291538239,0.9625334143638611,0.2474898397922516,0.44423338770866394,1.0115584135055542,0.02671736106276512,0.21394163370132446,0.049221813678741455,0.05475666746497154,0.24995453655719757,0.055329374969005585
268,18.57419204711914,24.53019905090332,0.14398738741874695,0.8432196955481577,0.22558511793613434,0.08159773051738739,-0.000214548475923948,-0.05005749315023422,17152,0,0,0.0928000807762146,0.22512173652648926,0.21436992287635803,0.2461448609828949,0.965402364730835,0.26187247037887573,0.48873814940452576,0.8029760122299194,0.028679469600319862,0.19566500186920166,0.049805790185928345,0.05495757609605789,0.2556765377521515,0.05529513955116272
269,18.802562713623047,24.59918212890625,0.13768132776021957,0.8479009261509695,0.23247313499450684,0.09479180723428726,0.022335873916745186,-0.04259767755866051,17216,0,0,0.10500490665435791,0.21425127983093262,0.20010815560817719,0.24682945013046265,0.9675116539001465,0.291994571685791,0.5014925599098206,0.9887336492538452,0.031587760895490646,0.20590199530124664,0.04938532039523125,0.0608883872628212,0.2617718577384949,0.06113450601696968
270,18.767087936401367,24.666736602783203,0.13524112850427628,0.850681693834854,0.22951743006706238,0.0942763015627861,0.032201822847127914,-0.04573890566825867,17280,0,0,0.07726967334747314,0.20323055982589722,0.1918579488992691,0.2390614151954651,0.9688170552253723,0.2767978310585022,0.5120760202407837,0.970797061920166,0.03390300273895264,0.2007046341896057,0.04820253700017929,0.05523822456598282,0.250346302986145,0.05555766820907593
271,18.508270263671875,24.52834701538086,0.14316092431545258,0.8452521585548923,0.21803703904151917,0.07487611472606659,-0.010751915164291859,-0.052415378391742706,17344,0,0,0.08086884021759033,0.22559255361557007,0.21392878890037537,0.24062317609786987,0.964706540107727,0.2556309401988983,0.47082769870758057,0.7844561338424683,0.029974108561873436,0.1929023265838623,0.05296698585152626,0.05576310306787491,0.2525816857814789,0.05612018331885338
272,18.6248836517334,24.68112564086914,0.14324671775102615,0.8459491451750573,0.21338029205799103,0.07013357430696487,-0.02520059235394001,-0.053425997495651245,17408,0,0,0.07720410823822021,0.23218315839767456,0.19781546294689178,0.234430730342865,0.9648256897926331,0.25345999002456665,0.46594303846359253,0.9078919887542725,0.03062402456998825,0.20104746520519257,0.04990645870566368,0.055714018642902374,0.24953223764896393,0.05602120980620384
273,18.72229766845703,24.59673500061035,0.14189469814300537,0.8470997369330973,0.21387341618537903,0.07197871804237366,-0.013431623578071594,-0.05552024766802788,17472,0,0,0.07231497764587402,0.22357159852981567,0.1951209008693695,0.24521054327487946,0.9649089574813843,0.2721845507621765,0.4838534891605377,0.9453840851783752,0.026773270219564438,0.19578775763511658,0.052598901093006134,0.06269402801990509,0.26004642248153687,0.06272917985916138
274,19.01776123046875,26.061954498291016,0.13067841529846191,0.855336094804669,0.22735415399074554,0.09667573869228363,0.06484721601009369,-0.05122186616063118,17536,0,0,0.041700899600982666,0.1729406714439392,0.19355528056621552,0.22513775527477264,0.967994749546051,0.2640434205532074,0.48303937911987305,0.9844652414321899,0.031047899276018143,0.19888103008270264,0.04779728874564171,0.053498774766922,0.23870378732681274,0.05388854444026947
275,18.53896141052246,24.730798721313477,0.13796349614858627,0.8501034643779584,0.21757200360298157,0.0796085074543953,0.012499101459980011,-0.0502173975110054,17600,0,0,0.05708545446395874,0.20699328184127808,0.1928125023841858,0.22724264860153198,0.9651937484741211,0.2632293105125427,0.4694708585739136,0.8230732679367065,0.029379816725850105,0.20576700568199158,0.050150733441114426,0.054990362375974655,0.2385968267917633,0.055297017097473145
276,18.671342849731445,24.92508316040039,0.15192358940839767,0.8397830722199513,0.20368677377700806,0.05176318436861038,-0.024795034900307655,-0.05288103222846985,17664,0,0,0.013430893421173096,0.22220653295516968,0.19381041824817657,0.21752658486366272,0.9634791016578674,0.24694709479808807,0.446404367685318,0.9292119145393372,0.030663320794701576,0.2064690887928009,0.04999174177646637,0.05292957276105881,0.2284754067659378,0.052874960005283356
277,19.07136344909668,25.257068634033203,0.13148118555545807,0.8564473463954753,0.2155720591545105,0.08409087359905243,0.07244599610567093,-0.051455724984407425,17728,0,0,0.04540199041366577,0.15296250581741333,0.17661930620670319,0.22169727087020874,0.9636005163192749,0.256445050239563,0.45753055810928345,1.0582705736160278,0.038370609283447266,0.19522875547409058,0.044499028474092484,0.059442438185214996,0.23389290273189545,0.05954650789499283
278,18.549610137939453,24.89560890197754,0.13784052431583405,0.8525775247971935,0.20283706486225128,0.06499654054641724,0.024250930175185204,-0.05809817463159561,17792,0,0,0.03125244379043579,0.18178457021713257,0.19914203882217407,0.21601560711860657,0.9628952741622925,0.2404341995716095,0.4483039379119873,0.8208227157592773,0.030832096934318542,0.20319144427776337,0.04933903366327286,0.052640050649642944,0.22999708354473114,0.053107138723134995
279,18.996858596801758,25.17064094543457,0.1326417550444603,0.8562644146840879,0.20982396602630615,0.07718221098184586,0.04723169282078743,-0.050342220813035965,17856,0,0,0.049976229667663574,0.16973000764846802,0.17483602464199066,0.22122490406036377,0.9621572494506836,0.24314790964126587,0.44748982787132263,1.1080516576766968,0.0337815135717392,0.20006871223449707,0.04365948587656021,0.05724872276186943,0.2321581095457077,0.057365309447050095
280,19.04585075378418,25.653627395629883,0.1359977126121521,0.8516374030727526,0.21934004127979279,0.08334232866764069,0.0474732331931591,-0.03901122137904167,17920,0,1,0.026411473751068115,0.17953401803970337,0.17295494675636292,0.2030697464942932,0.9630772471427917,0.2257802039384842,0.4407055675983429,1.1959543228149414,0.02846302092075348,0.20622694492340088,0.04579197242856026,0.0540911965072155,0.2187386453151703,0.054875072091817856
281,18.950366973876953,24.9882869720459,0.14854894950985909,0.8430039052713626,0.20235376060009003,0.05380481109023094,0.026216711848974228,-0.056170545518398285,17984,0,1,-0.03234398365020752,0.1800854206085205,0.18421126902103424,0.2169542759656906,0.961641252040863,0.2499321699142456,0.43962010741233826,1.145098090171814,0.029261920601129532,0.20599234104156494,0.04908916354179382,0.058814533054828644,0.23580379784107208,0.059606365859508514
282,18.73506736755371,24.881582260131836,0.1579568237066269,0.8351826682799438,0.19958174228668213,0.04162491858005524,0.03768817335367203,-0.07709450274705887,18048,0,0,0.04499894380569458,0.16679900884628296,0.19876036047935486,0.22329458594322205,0.9662452936172485,0.256445050239563,0.4694708585739136,0.9214990139007568,0.03367060422897339,0.1840226948261261,0.04699362441897392,0.050412483513355255,0.23639243841171265,0.05079903453588486
283,18.765602111816406,25.078195571899414,0.14425798878073692,0.8477839835931998,0.19653913378715515,0.05228114500641823,0.026172427460551262,-0.06797055900096893,18112,0,0,0.021194756031036377,0.17419874668121338,0.18583911657333374,0.2280426174402237,0.962273359298706,0.24667571485042572,0.45373135805130005,1.0112192630767822,0.033303506672382355,0.1958412230014801,0.04786736145615578,0.05916908383369446,0.23820218443870544,0.05884822458028793
284,18.84025001525879,25.26289939880371,0.14503437653183937,0.8453383457980539,0.20728172361850739,0.062247347086668015,0.04318448528647423,-0.04192348197102547,18176,0,1,-0.03623843193054199,0.17033004760742188,0.18890222907066345,0.18467813730239868,0.9564429521560669,0.22225238382816315,0.41166895627975464,0.9775211215019226,0.030741434544324875,0.21642832458019257,0.052288156002759933,0.05295243859291077,0.2064611315727234,0.054533738642930984
285,18.721054077148438,25.211071014404297,0.13771092146635056,0.8540238303248057,0.19433145225048065,0.056620530784130096,0.03662027046084404,-0.055490486323833466,18240,0,0,-0.0428386926651001,0.1626722812652588,0.18115276098251343,0.20412378013134003,0.9560103416442871,0.20569878816604614,0.3921302855014801,0.9685676693916321,0.03068622201681137,0.20366565883159637,0.0506742037832737,0.056136708706617355,0.21530099213123322,0.05636705830693245
286,18.792110443115234,25.254167556762695,0.13994361460208893,0.8530461613358212,0.18764719367027283,0.0477035790681839,0.06536258012056351,-0.07867642492055893,18304,0,0,0.015707790851593018,0.1289992332458496,0.20107032358646393,0.2166673243045807,0.9591546654701233,0.23066486418247223,0.4355495274066925,0.9191233515739441,0.032794877886772156,0.19182775914669037,0.04961612820625305,0.05290444195270538,0.23169870674610138,0.053668685257434845
287,18.96051597595215,25.15111541748047,0.1472015380859375,0.8432891093180094,0.20788240432739258,0.06068086624145508,0.06934654712677002,-0.06578678637742996,18368,0,0,-0.007671236991882324,0.14789295196533203,0.19577661156654358,0.22164717316627502,0.9625303745269775,0.256173700094223,0.47218453884124756,1.0449804067611694,0.033622950315475464,0.18486355245113373,0.04596869647502899,0.053418681025505066,0.23772090673446655,0.05401843786239624
288,18.72173500061035,25.04431915283203,0.15186826884746552,0.8396425064238066,0.20480763912200928,0.05293937027454376,0.0015511182136833668,-0.05090467259287834,18432,0,0,0.04447615146636963,0.20260465145111084,0.20118063688278198,0.21801604330539703,0.956649661064148,0.22469471395015717,0.42388060688972473,0.9466371536254883,0.031060168519616127,0.19258669018745422,0.04987219348549843,0.05669163167476654,0.2330414354801178,0.056921593844890594
289,18.838659286499023,24.747467041015625,0.15119628980755806,0.8401416473002453,0.20538215339183807,0.054185863584280014,-0.014882170595228672,-0.05119532719254494,18496,0,0,0.020889699459075928,0.21644288301467896,0.1992628276348114,0.23557798564434052,0.9558601975440979,0.22523745894432068,0.42198100686073303,0.9511874914169312,0.030504729598760605,0.18866395950317383,0.05227828398346901,0.05986957624554634,0.24918515980243683,0.059746529906988144
290,18.865108489990234,24.77837371826172,0.15876954793930054,0.8342279579583499,0.20101125538349152,0.04224170744419098,-0.03240054473280907,-0.059359095990657806,18560,0,1,0.04057890176773071,0.2256283164024353,0.21767914295196533,0.22449293732643127,0.9609442949295044,0.23636364936828613,0.43256446719169617,1.0085456371307373,0.02918330579996109,0.1805887371301651,0.04849949851632118,0.05081016197800636,0.2548547089099884,0.0519164577126503
291,18.626760482788086,24.755823135375977,0.1509021483361721,0.8397819508680392,0.20904728770256042,0.05814513936638832,-0.012265809811651707,-0.06447982043027878,18624,0,0,0.055506348609924316,0.21795654296875,0.2283383160829544,0.24130934476852417,0.9604889154434204,0.24179105460643768,0.4529172480106354,0.7837773561477661,0.03059271350502968,0.17157666385173798,0.048110198229551315,0.04986920952796936,0.2587805986404419,0.05056034401059151
292,18.747358322143555,24.906391143798828,0.15028899908065796,0.8371609732208526,0.22735914587974548,0.07707014679908752,0.021075623109936714,-0.045520272105932236,18688,0,1,0.07858902215957642,0.20970505475997925,0.2164730578660965,0.2237902283668518,0.9631655812263489,0.26865673065185547,0.47598373889923096,0.9530221223831177,0.02795998752117157,0.18067306280136108,0.04617123678326607,0.04901708662509918,0.25088775157928467,0.050108909606933594
293,18.714767456054688,24.918991088867188,0.14433617889881134,0.8441059680733423,0.218475341796875,0.07413916289806366,0.017949804663658142,-0.047973763197660446,18752,0,0,0.08207505941390991,0.20339643955230713,0.2160414159297943,0.24305826425552368,0.9579838514328003,0.24179105460643768,0.4393487274646759,0.8673139214515686,0.027787376195192337,0.18632721900939941,0.0499117374420166,0.05597813427448273,0.2588757276535034,0.05640339478850365
294,18.913307189941406,25.814926147460938,0.15371649339795113,0.83817509079674,0.20382259786128998,0.05010610446333885,-0.007465284783393145,-0.06051688268780708,18816,0,0,0.06406533718109131,0.20883244276046753,0.19696633517742157,0.23607251048088074,0.957154393196106,0.22605156898498535,0.42686569690704346,1.059840202331543,0.029512876644730568,0.1848393678665161,0.04768954962491989,0.0531613714993,0.24872417747974396,0.053321123123168945
295,18.556428909301758,24.591127395629883,0.16622178070247173,0.8284462267107241,0.19730237126350403,0.031080590561032295,-0.03170658275485039,-0.06492026895284653,18880,0,0,0.046320974826812744,0.22115397453308105,0.2166135311126709,0.24589647352695465,0.9582850337028503,0.21763908863067627,0.43636366724967957,0.8830564618110657,0.02962498739361763,0.18344613909721375,0.04912145435810089,0.05443814769387245,0.26077011227607727,0.054842811077833176
296,18.78081512451172,24.95427703857422,0.15820720791816711,0.8329826087031756,0.21095730364322662,0.05275009572505951,0.04433036223053932,-0.06621070951223373,18944,0,1,0.04142487049102783,0.17321336269378662,0.2169944941997528,0.22431044280529022,0.964778482913971,0.25671643018722534,0.4597015082836151,1.0055480003356934,0.03285219520330429,0.1788346767425537,0.04727129265666008,0.04967678710818291,0.24865755438804626,0.05055345222353935
297,18.38944435119629,24.824472427368164,0.15956111997365952,0.8348279806467068,0.19353115558624268,0.03397003561258316,0.010031347163021564,-0.06079205125570297,19008,0,0,-0.018359780311584473,0.18372780084609985,0.20614266395568848,0.222356379032135,0.9535576701164246,0.22089552879333496,0.41791045665740967,0.8620871901512146,0.03194175660610199,0.1869596689939499,0.052128732204437256,0.055838003754615784,0.23545686900615692,0.05616958066821098
298,18.600311279296875,25.25483512878418,0.15778211876749992,0.8380901741570468,0.1832759827375412,0.025493863970041275,0.04000438004732132,-0.06686363369226456,19072,0,0,-0.018640518188476562,0.14714980125427246,0.18540257215499878,0.20009922981262207,0.9539462327957153,0.21791045367717743,0.4067842662334442,0.9695110321044922,0.033497996628284454,0.19859953224658966,0.04863645136356354,0.05314205586910248,0.21592508256435394,0.05353809893131256
299,18.739788055419922,25.664453506469727,0.15060508251190186,0.845647136153619,0.17488569021224976,0.0242806077003479,0.08107991516590118,-0.08920542150735855,19136,0,0,-0.034310340881347656,0.09996062517166138,0.18924923241138458,0.209982231259346,0.9552178382873535,0.21926730871200562,0.4246947169303894,0.9958022236824036,0.03246226906776428,0.19128607213497162,0.04674985632300377,0.05285459756851196,0.22325128316879272,0.0532151497900486
300,18.806177139282227,25.80738067626953,0.16487820446491241,0.8303483164972995,0.19301514327526093,0.02813693881034851,0.06611057370901108,-0.08425875753164291,19200,0,0,-0.00385892391204834,0.13391244411468506,0.19627989828586578,0.21507832407951355,0.9646468162536621,0.23690637946128845,0.452645868062973,0.9613007307052612,0.03408625349402428,0.19885724782943726,0.04858012497425079,0.05602668970823288,0.22857213020324707,0.05616677924990654
301,18.9737548828125,25.55206871032715,0.15464979596436024,0.8438811055468171,0.16405992209911346,0.009410126134753227,0.03255562111735344,-0.08174064755439758,19264,0,1,-0.08895242214202881,0.13431555032730103,0.1636572629213333,0.19851996004581451,0.9469029307365417,0.20705564320087433,0.38534602522850037,1.162092685699463,0.03058857098221779,0.2055438905954361,0.04772241786122322,0.06049646437168121,0.2128210961818695,0.06070737913250923
302,19.06894874572754,25.661069869995117,0.15831044502556324,0.8399862370381469,0.1689552664756775,0.01064482145011425,0.0821085050702095,-0.07919862866401672,19328,0,0,-0.09799587726593018,0.09250307083129883,0.16931357979774475,0.19180256128311157,0.9451780319213867,0.2059701532125473,0.3883310854434967,1.0459100008010864,0.035627346485853195,0.2097042053937912,0.04885160177946091,0.06354175508022308,0.20065419375896454,0.06354120373725891
303,18.936098098754883,25.1828556060791,0.17762997327372432,0.8214585151647453,0.18273529410362244,0.005105320829898119,0.037943754345178604,-0.07331492006778717,19392,0,1,-0.03459954261779785,0.14867615699768066,0.18154162168502808,0.19326919317245483,0.9576364159584045,0.23364993929862976,0.42876526713371277,0.9479186534881592,0.03049936145544052,0.21128205955028534,0.05470889061689377,0.059928860515356064,0.21104665100574493,0.06127433106303215
304,18.674406051635742,24.87132453918457,0.19067811826243997,0.808587903053667,0.19451266527175903,0.003834547009319067,0.04844905436038971,-0.0796135812997818,19456,0,0,0.0012191534042358398,0.15212386846542358,0.1877487748861313,0.20720918476581573,0.9642398357391357,0.27055633068084717,0.4800542891025543,0.8201475739479065,0.030122367665171623,0.20149904489517212,0.05117131769657135,0.054591476917266846,0.21637891232967377,0.05484824255108833
305,19.00293731689453,24.914194107055664,0.20504600321874022,0.79391619739186,0.2100818157196045,0.005035812500864267,0.05215223506093025,-0.06666249781847,19520,0,1,0.014396846294403076,0.16512912511825562,0.18389639258384705,0.19643789529800415,0.9665073752403259,0.2887381315231323,0.5017639398574829,1.0270607471466064,0.029811091721057892,0.2048148810863495,0.050313372164964676,0.056180477142333984,0.21522048115730286,0.05739262327551842
306,18.880863189697266,24.955339431762695,0.21659350313711911,0.78373548791758,0.21507225930690765,-0.0015212438302114606,0.04090912640094757,-0.0648486390709877,19584,0,0,0.01552891731262207,0.180414617061615,0.17630520462989807,0.19320034980773926,0.9707331657409668,0.2876526713371277,0.5109905004501343,0.9697917103767395,0.0296783484518528,0.222924143075943,0.050620730966329575,0.05512544885277748,0.2056153267621994,0.055452123284339905
307,18.97691535949707,25.341848373413086,0.19867957010865211,0.7978143038140217,0.21602068841457367,0.017341118305921555,0.08037468045949936,-0.07005040347576141,19648,0,0,0.012890458106994629,0.14606541395187378,0.17743445932865143,0.19463583827018738,0.9706180691719055,0.30122119188308716,0.5302578210830688,0.8542231321334839,0.03343876078724861,0.20913292467594147,0.05006067827343941,0.05525102838873863,0.2050216794013977,0.05566509813070297
308,18.76644515991211,25.022905349731445,0.1918138638138771,0.8046942675552076,0.2096928507089615,0.01787898689508438,0.09334132075309753,-0.07233047485351562,19712,0,0,0.0019010305404663086,0.1270117163658142,0.18242201209068298,0.19084331393241882,0.9697515368461609,0.28792402148246765,0.511533260345459,0.80553138256073,0.031060680747032166,0.2074822187423706,0.05265999585390091,0.055381931364536285,0.2025933563709259,0.055735278874635696
309,18.840232849121094,24.846878051757812,0.1950570959597826,0.801734653265311,0.21123869717121124,0.016181601211428642,0.08482982963323593,-0.07076545059680939,19776,0,0,-0.06854093074798584,0.13691437244415283,0.1787440925836563,0.19596454501152039,0.9716757535934448,0.2824966311454773,0.5185889005661011,0.8174564838409424,0.0321003794670105,0.2060098648071289,0.050813041627407074,0.05564342439174652,0.20703129470348358,0.05618266016244888
310,19.4307804107666,25.84960174560547,0.17927705869078636,0.8126164269551345,0.22253866493701935,0.043261606246232986,0.11629504710435867,-0.06044728681445122,19840,0,1,-0.017128944396972656,0.11934113502502441,0.1571793556213379,0.18471159040927887,0.9730562567710876,0.289552241563797,0.5194029808044434,1.2159045934677124,0.034405991435050964,0.20186230540275574,0.04582025110721588,0.05592823773622513,0.20141762495040894,0.05690658465027809
311,19.010133743286133,25.223541259765625,0.1935439296066761,0.8003227946263388,0.2242598831653595,0.030715953558683395,0.11431144922971725,-0.0588434636592865,19904,0,0,0.02276933193206787,0.1235358715057373,0.16719849407672882,0.19237273931503296,0.9721989631652832,0.29742199182510376,0.5245590209960938,1.0138435363769531,0.03449009731411934,0.2114250212907791,0.04574419558048248,0.05440416559576988,0.2028789520263672,0.05460468307137489
312,18.941518783569336,24.895124435424805,0.21410971693694592,0.7814867975253338,0.23426175117492676,0.020152034237980843,0.021450363099575043,-0.04418982192873955,19968,0,0,0.03788882493972778,0.2165970802307129,0.17499704658985138,0.21211159229278564,0.9706097841262817,0.2773405909538269,0.5080054402351379,1.0276803970336914,0.03184337168931961,0.2026740312576294,0.048521943390369415,0.05941818654537201,0.21915632486343384,0.059504613280296326
313,18.841129302978516,24.48700523376465,0.22066571284085512,0.7779420163260178,0.22693556547164917,0.006269852630794048,-0.012995587661862373,-0.05243905633687973,20032,0,0,0.05516630411148071,0.2361273169517517,0.20501470565795898,0.2243732511997223,0.970423698425293,0.29633650183677673,0.5175034403800964,0.8495314121246338,0.028824426233768463,0.19343870878219604,0.050990160554647446,0.05434746295213699,0.23654255270957947,0.05442769080400467
314,18.889524459838867,24.45720672607422,0.22357785841450095,0.7750274696271902,0.22977715730667114,0.006199298892170191,-0.039299238473176956,-0.049233924597501755,20096,0,1,0.07232671976089478,0.2582961320877075,0.22136779129505157,0.22538134455680847,0.969865620136261,0.29633650183677673,0.5139756202697754,0.9063541889190674,0.032442305237054825,0.18005630373954773,0.05152465030550957,0.05349137634038925,0.2529717981815338,0.054772403091192245
315,18.828432083129883,24.351839065551758,0.20169175416231155,0.7897852693574815,0.24223589897155762,0.04054414480924606,0.005229221656918526,-0.04731060191988945,20160,0,1,0.06919926404953003,0.23758774995803833,0.2045097053050995,0.24480591714382172,0.9700804352760315,0.30881956219673157,0.5308005809783936,0.8598922491073608,0.03049079328775406,0.17863059043884277,0.04934048280119896,0.057284802198410034,0.2592999339103699,0.05770774930715561
316,18.771129608154297,24.648012161254883,0.17912113666534424,0.8064028664564866,0.25389495491981506,0.07477381825447083,0.03676467761397362,-0.025561053305864334,20224,0,1,0.1305088996887207,0.22466939687728882,0.20959191024303436,0.23002320528030396,0.9664477705955505,0.2670285105705261,0.5028494000434875,0.8233031034469604,0.03130198270082474,0.18716585636138916,0.04983760789036751,0.05516834557056427,0.246725395321846,0.055856261402368546
317,18.803014755249023,24.691884994506836,0.1876191683113575,0.8029885310873677,0.23529304563999176,0.04767387732863426,-0.031169384717941284,-0.021591030061244965,20288,0,1,0.08074051141738892,0.25788307189941406,0.2148839682340622,0.22407718002796173,0.9595349431037903,0.2423337996006012,0.44857531785964966,0.8433114290237427,0.029011739417910576,0.18735040724277496,0.05275409296154976,0.05519067123532295,0.24767960608005524,0.05602949112653732
318,18.796010971069336,24.73065948486328,0.1889418512582779,0.7994124595126625,0.24699974060058594,0.058057889342308044,-0.044783733785152435,-0.037119001150131226,20352,0,0,0.14282172918319702,0.2788804769515991,0.1962859332561493,0.2602054476737976,0.9689188599586487,0.28222525119781494,0.5055631399154663,0.9719207286834717,0.03040800802409649,0.1753678023815155,0.04577375948429108,0.05842648074030876,0.27058345079421997,0.05822259560227394
319,18.73556900024414,24.798171997070312,0.18481790274381638,0.8031590893784865,0.24589772522449493,0.06107982248067856,-0.014226945117115974,-0.03544450178742409,20416,0,0,0.13303130865097046,0.2561737298965454,0.2165665328502655,0.24775919318199158,0.9677542448043823,0.2762551009654999,0.49145185947418213,0.8096571564674377,0.028617430478334427,0.16551300883293152,0.04800914600491524,0.05443736910820007,0.26413580775260925,0.05482935532927513
320,18.411882400512695,24.28064727783203,0.1931108571588993,0.7977681078691685,0.2382127195596695,0.04510186240077019,-0.0610777847468853,-0.03653408959507942,20480,0,0,0.11455804109573364,0.2814671993255615,0.23157688975334167,0.2538178563117981,0.9636867642402649,0.26485753059387207,0.46784260869026184,0.6691362857818604,0.027994252741336823,0.16768375039100647,0.051103390753269196,0.05360348895192146,0.26891663670539856,0.05420149117708206
321,18.692411422729492,24.532270431518555,0.19170794636011124,0.7958737090416403,0.2525445222854614,0.06083657592535019,-0.013679553754627705,-0.03663574531674385,20544,0,1,0.12213218212127686,0.2622091770172119,0.22400860488414764,0.24047867953777313,0.9691994786262512,0.2900950014591217,0.5120760202407837,0.8646390438079834,0.03234744444489479,0.16644158959388733,0.04693121835589409,0.05168832093477249,0.26937562227249146,0.05279945209622383
322,18.643123626708984,24.452564239501953,0.17926853895187378,0.8068341472877689,0.25121352076530457,0.07194498181343079,0.006036657374352217,-0.042270876467227936,20608,0,0,0.13337868452072144,0.24609053134918213,0.21577595174312592,0.2615290880203247,0.9710085988044739,0.29308006167411804,0.5264586210250854,0.8175855278968811,0.03256722167134285,0.16176483035087585,0.04566075652837753,0.05752667039632797,0.27710580825805664,0.057707563042640686
323,18.437131881713867,24.588638305664062,0.19237865507602692,0.7985824731029484,0.23725494742393494,0.04487629234790802,-0.02666473016142845,-0.03950977697968483,20672,0,0,0.09719938039779663,0.25640976428985596,0.2169271558523178,0.23967862129211426,0.9646704792976379,0.27381277084350586,0.48113977909088135,0.6998503804206848,0.03250984847545624,0.17430716753005981,0.04861636459827423,0.0520249605178833,0.2527429163455963,0.05229112133383751
324,18.947317123413086,25.438323974609375,0.19904803670942783,0.7949328506610542,0.22839994728565216,0.029351910576224327,-0.08766558021306992,-0.03353385254740715,20736,0,1,0.1183093786239624,0.2900446653366089,0.18603892624378204,0.20582935214042664,0.95968097448349,0.24640434980392456,0.4350067973136902,1.1587506532669067,0.02703145146369934,0.18315401673316956,0.04713365063071251,0.05075264349579811,0.22707056999206543,0.05130043253302574
325,18.5258846282959,24.65052604675293,0.19693606719374657,0.7959699853864992,0.2317052036523819,0.03476913645863533,-0.03340214863419533,-0.04657989740371704,20800,0,1,0.10285133123397827,0.2559013366699219,0.23000071942806244,0.23001903295516968,0.965938925743103,0.2670285105705261,0.48168250918388367,0.791577935218811,0.030443929135799408,0.16748115420341492,0.048577576875686646,0.04997823387384415,0.25522109866142273,0.05089687183499336
326,18.539777755737305,24.357349395751953,0.20603958144783974,0.787205750689212,0.2377822995185852,0.03174271807074547,-0.052961256355047226,-0.042125266045331955,20864,0,0,0.13912147283554077,0.2756730318069458,0.2255532443523407,0.2515232563018799,0.9672752618789673,0.28792402148246765,0.5090909004211426,0.7222467064857483,0.03162851557135582,0.16326498985290527,0.05095735192298889,0.055769700556993484,0.2674609422683716,0.05593882128596306
327,18.57456398010254,24.579240798950195,0.19237254932522774,0.8015194072291932,0.22314655780792236,0.030774008482694626,-0.022522998973727226,-0.05408567935228348,20928,0,0,0.11404883861541748,0.239335834980011,0.23155616223812103,0.2523968517780304,0.9647969603538513,0.2689281105995178,0.4890095293521881,0.6999261379241943,0.02981177158653736,0.16880059242248535,0.0518246628344059,0.0552746020257473,0.2682171165943146,0.055652640759944916
328,18.93209457397461,24.861127853393555,0.1980540044605732,0.7948891940698097,0.23245882987976074,0.034404825419187546,-0.05592542141675949,-0.052468132227659225,20992,0,0,0.09504967927932739,0.2724863290786743,0.19682656228542328,0.2576925754547119,0.9692190289497375,0.289552241563797,0.511533260345459,1.033390760421753,0.030578626319766045,0.1654435098171234,0.045884765684604645,0.05709249898791313,0.2708696126937866,0.05731838569045067
329,18.616031646728516,24.51714324951172,0.20259029790759087,0.7908226927189376,0.23408037424087524,0.03149007633328438,-0.03354201465845108,-0.043711647391319275,21056,0,0,0.11623996496200562,0.25850552320480347,0.21513330936431885,0.24752166867256165,0.9681509733200073,0.28222525119781494,0.49769335985183716,0.7553108930587769,0.030844058841466904,0.17318180203437805,0.05031434819102287,0.05646016448736191,0.26366016268730164,0.05690782889723778
330,19.19940757751465,25.195104598999023,0.19904955476522446,0.7885231864172823,0.2578137218952179,0.05876416712999344,-0.02182598039507866,-0.030422234907746315,21120,0,0,0.09994244575500488,0.27286988496780396,0.1923980414867401,0.2541152238845825,0.9706663489341736,0.2797829210758209,0.5004070997238159,1.078840732574463,0.03641177713871002,0.17655062675476074,0.044010717421770096,0.05869496613740921,0.26669055223464966,0.058419372886419296
331,18.943981170654297,24.71449089050293,0.22323310934007168,0.7712008973077797,0.24756009876728058,0.0243269894272089,-0.049357835203409195,-0.041246186941862106,21184,0,1,0.09461075067520142,0.28243082761764526,0.20893938839435577,0.22409740090370178,0.9731529355049133,0.31777477264404297,0.5462687015533447,0.9610963463783264,0.031241029500961304,0.1748310774564743,0.04507873207330704,0.0509965717792511,0.25519105792045593,0.052316758781671524
332,18.692611694335938,24.598125457763672,0.20615104213356972,0.7870039213341563,0.23828795552253723,0.032136913388967514,-0.05974839627742767,-0.045140620321035385,21248,0,0,0.12414425611495972,0.28090333938598633,0.21396136283874512,0.24920228123664856,0.9696353077888489,0.289552241563797,0.510176420211792,0.8057317733764648,0.0291508249938488,0.1756696105003357,0.04891370236873627,0.05424789711833,0.2612505853176117,0.054386869072914124
333,18.636022567749023,24.341262817382812,0.20661719143390656,0.7861738226089553,0.24033142626285553,0.033714234828948975,-0.04267400503158569,-0.04749666899442673,21312,0,0,0.15072977542877197,0.2708350419998169,0.2227504402399063,0.25744521617889404,0.9691347479820251,0.28602442145347595,0.5099050402641296,0.744519829750061,0.03101351484656334,0.17251338064670563,0.05018942803144455,0.05531315505504608,0.2690808176994324,0.05568559467792511
334,18.436845779418945,24.207019805908203,0.21452164091169834,0.7791865791126532,0.24301528930664062,0.028493648394942284,-0.05358244851231575,-0.04106323793530464,21376,0,0,0.11579877138137817,0.28088992834091187,0.23101648688316345,0.24634917080402374,0.9710816144943237,0.32103121280670166,0.5386703014373779,0.6439648866653442,0.03094923123717308,0.1792539358139038,0.0526273138821125,0.055338092148303986,0.2609070837497711,0.055592041462659836
335,18.59299659729004,24.37056541442871,0.21534795686602592,0.7760432507557825,0.25378748774528503,0.03843953087925911,-0.043235477060079575,-0.038246847689151764,21440,0,0,0.1443079710006714,0.2842610478401184,0.21990177035331726,0.247593492269516,0.9738600850105286,0.31886026263237,0.5530529618263245,0.7576454281806946,0.03055638261139393,0.17417776584625244,0.05084604024887085,0.05569421872496605,0.26180920004844666,0.05614493787288666
336,18.73758888244629,24.290348052978516,0.21811234764754772,0.7774845940121767,0.2379000037908554,0.019787656143307686,-0.0647178664803505,-0.05061275139451027,21504,0,1,0.13054627180099487,0.28344184160232544,0.22610574960708618,0.24095314741134644,0.9717457294464111,0.31478971242904663,0.5438263416290283,0.8836061358451843,0.030830740928649902,0.18150106072425842,0.05116454139351845,0.05525386333465576,0.2726554870605469,0.05698925256729126
337,19.00910186767578,25.10881805419922,0.203524898737669,0.7862541125357312,0.251343309879303,0.04781841114163399,-0.01367053110152483,-0.05813581869006157,21568,0,0,0.13975459337234497,0.2608218193054199,0.22775709629058838,0.27733874320983887,0.9693464636802673,0.26241520047187805,0.4890095293521881,0.8370113372802734,0.03685764595866203,0.16417673230171204,0.048702992498874664,0.058765508234500885,0.28890880942344666,0.05880122259259224
338,18.711938858032227,24.432498931884766,0.2180635631084442,0.7738367295074242,0.25387710332870483,0.03581354022026062,-0.030189992859959602,-0.035113926976919174,21632,0,0,0.09672564268112183,0.27476394176483154,0.20223210752010345,0.24178919196128845,0.971270740032196,0.28412485122680664,0.5077340602874756,0.8638704419136047,0.03261568024754524,0.18802621960639954,0.05268799513578415,0.06058482080698013,0.25205492973327637,0.061024680733680725
339,18.663410186767578,24.778444290161133,0.1971496380865574,0.791325785054824,0.2523772418498993,0.055227603763341904,0.0463346429169178,-0.0328492745757103,21696,0,1,0.10118979215621948,0.21455955505371094,0.21479389071464539,0.20538648962974548,0.971230685710907,0.2938941717147827,0.5156038403511047,0.8358799815177917,0.03280888497829437,0.19236843287944794,0.05043645203113556,0.05108977109193802,0.23153705894947052,0.05280236154794693
340,18.438398361206055,24.50235939025879,0.2093488797545433,0.7866439825629031,0.22813034057617188,0.01878146082162857,-0.008749330416321754,-0.05746062844991684,21760,0,0,0.05365276336669922,0.23388463258743286,0.2229285091161728,0.23170658946037292,0.9698163270950317,0.2716417908668518,0.5020353198051453,0.6654240489006042,0.03236420452594757,0.1844344139099121,0.05083303526043892,0.052105192095041275,0.2475092113018036,0.052842944860458374
341,18.439252853393555,24.37010383605957,0.2212755149230361,0.7771763021212916,0.2282235324382782,0.0069480175152421,-0.03272566944360733,-0.06298906356096268,21824,0,0,0.07582247257232666,0.25132226943969727,0.2277551293373108,0.23729917407035828,0.9720293879508972,0.29036635160446167,0.513704240322113,0.6461325883865356,0.03341987729072571,0.17616860568523407,0.05224547162652016,0.053543973714113235,0.25403809547424316,0.05416407063603401
342,18.63983154296875,24.57672119140625,0.22543889470398426,0.7715398072534363,0.23866350948810577,0.013224614784121513,-0.030875351279973984,-0.04314862936735153,21888,0,1,0.05654841661453247,0.2605133652687073,0.217147558927536,0.21304906904697418,0.9720283150672913,0.31153324246406555,0.5335142612457275,0.8310871720314026,0.03338530287146568,0.1808452159166336,0.05347093194723129,0.05390764772891998,0.24132537841796875,0.05555829778313637
343,18.886320114135742,25.011051177978516,0.20343529805541039,0.7886145523503434,0.2410450279712677,0.037609729915857315,0.022998575121164322,-0.03951350972056389,21952,0,1,0.10095465183258057,0.22156840562820435,0.20180511474609375,0.21247577667236328,0.9680379629135132,0.3052917420864105,0.5215739607810974,0.9216110110282898,0.032320622354745865,0.18477779626846313,0.05028555169701576,0.05403117835521698,0.2359313815832138,0.055196262896060944
344,18.6127872467041,24.620752334594727,0.20064197666943073,0.7955851736908145,0.21909880638122559,0.018456829711794853,-4.429626278579235e-05,-0.06273376196622849,22016,0,0,0.09127295017242432,0.21786731481552124,0.20863384008407593,0.23474305868148804,0.9692560434341431,0.290637731552124,0.5109905004501343,0.7693088054656982,0.031863436102867126,0.18440838158130646,0.05144696310162544,0.056975848972797394,0.24866987764835358,0.057530105113983154
345,19.640949249267578,25.440340042114258,0.19905760462279432,0.8009098530858557,0.19922105967998505,0.00016345505719073117,-0.0332876555621624,-0.06550881266593933,22080,0,0,0.04840654134750366,0.22355341911315918,0.18957354128360748,0.2318897545337677,0.958121657371521,0.24640434980392456,0.45373135805130005,1.113303542137146,0.03555276244878769,0.19160285592079163,0.04699261859059334,0.06153487786650658,0.24423272907733917,0.06146075204014778
346,19.2132625579834,24.67922592163086,0.21854176372289658,0.777043606688806,0.23834218084812164,0.019800417125225067,0.007632511202245951,-0.046375442296266556,22144,0,0,0.10875844955444336,0.23117142915725708,0.19234022498130798,0.23556309938430786,0.9701862335205078,0.30447763204574585,0.5264586210250854,0.9695965647697449,0.03964889422059059,0.1869509518146515,0.045588474720716476,0.057770468294620514,0.2493610382080078,0.057950716465711594
347,18.654722213745117,24.287128448486328,0.2364131286740303,0.7593424717236534,0.25404980778694153,0.017636679112911224,-0.03545389324426651,-0.0353144034743309,22208,0,0,0.10033011436462402,0.2785634994506836,0.21739722788333893,0.23327593505382538,0.9759353995323181,0.3308005630970001,0.5690637826919556,0.748102068901062,0.03158026188611984,0.18792131543159485,0.05363566428422928,0.056989166885614395,0.25162529945373535,0.05738123506307602
348,18.71101188659668,24.17024803161621,0.24176479876041412,0.7528695214317122,0.26347672939300537,0.021711930632591248,-0.050583112984895706,-0.030775688588619232,22272,0,0,0.13673579692840576,0.29797011613845825,0.21816304326057434,0.245502769947052,0.9756856560707092,0.34843963384628296,0.579918622970581,0.7793012857437134,0.03116985782980919,0.179144024848938,0.05260315164923668,0.057687461376190186,0.26072174310684204,0.05815722793340683
349,18.961715698242188,24.2540283203125,0.23213058523833752,0.7608643420530806,0.26142388582229614,0.029293300583958626,-0.062328822910785675,-0.03430661931633949,22336,0,0,0.1631184220314026,0.3039531707763672,0.21317709982395172,0.2682132124900818,0.9752878546714783,0.3392130434513092,0.5731343626976013,0.8275738954544067,0.03337275981903076,0.1689557433128357,0.048807159066200256,0.05795390158891678,0.2856259346008301,0.05833255499601364
350,18.800338745117188,24.08057975769043,0.2322470024228096,0.7599816967522176,0.2646249532699585,0.032377950847148895,-0.04120879992842674,-0.04536603391170502,22400,0,0,0.16602939367294312,0.29294025897979736,0.22205252945423126,0.2690950632095337,0.9790675640106201,0.3614654242992401,0.5959294438362122,0.7190252542495728,0.03147564455866814,0.1698879599571228,0.046638209372758865,0.05373918265104294,0.2837430536746979,0.0541362501680851
351,18.575849533081055,23.87044334411621,0.2515139989554882,0.7436559199178813,0.2703561782836914,0.0188421793282032,-0.08853890001773834,-0.034341856837272644,22464,0,0,0.14997100830078125,0.3290584087371826,0.22997184097766876,0.25931400060653687,0.9797829389572144,0.3590230941772461,0.6000000238418579,0.612983763217926,0.03104643151164055,0.17720487713813782,0.05250028520822525,0.0572427436709404,0.2749217748641968,0.057863183319568634
352,18.763166427612305,24.614459991455078,0.23777912184596062,0.7517972311527219,0.27977561950683594,0.04199649766087532,-0.0632190853357315,-0.025603625923395157,22528,0,0,0.12372058629989624,0.32202595472335815,0.21268945932388306,0.2575734257698059,0.9802464842796326,0.37096336483955383,0.6143826842308044,0.7593271732330322,0.029606442898511887,0.17532500624656677,0.04979415982961655,0.05511016026139259,0.27171945571899414,0.055467210710048676
353,18.571014404296875,23.997093200683594,0.2479068487882614,0.7439745343969065,0.279617041349411,0.0317101925611496,-0.07169177383184433,-0.016177497804164886,22592,0,0,0.13746947050094604,0.3272029161453247,0.21656358242034912,0.25140607357025146,0.9778802990913391,0.35033923387527466,0.5972863435745239,0.7209881544113159,0.027879290282726288,0.17647190392017365,0.04958994314074516,0.05469854548573494,0.2655262351036072,0.05514223501086235
354,18.545488357543945,24.01150894165039,0.2562967333942652,0.7381183243678233,0.27762293815612793,0.021326204761862755,-0.11815433204174042,-0.00997755117714405,22656,0,1,0.17979282140731812,0.3534167408943176,0.22924624383449554,0.24174897372722626,0.9770486950874329,0.3416553735733032,0.5831750631332397,0.6925395727157593,0.027628406882286072,0.17816686630249023,0.05319121107459068,0.05487081781029701,0.26382145285606384,0.05572397634387016
355,18.700876235961914,23.959165573120117,0.24270223081111908,0.7431820042063196,0.2976663112640381,0.054964080452919006,-0.048788540065288544,-0.010473662056028843,22720,0,1,0.21151775121688843,0.3295077085494995,0.22350262105464935,0.25341370701789856,0.9803946018218994,0.37720489501953125,0.6249660849571228,0.8348115086555481,0.029489872977137566,0.18038323521614075,0.04885055124759674,0.05414269119501114,0.27747756242752075,0.055366549640893936
356,18.594879150390625,23.969818115234375,0.25253877975046635,0.7399573281809024,0.28139516711235046,0.028856387361884117,-0.10200129449367523,-0.02426878735423088,22784,0,0,0.15494918823242188,0.3472834825515747,0.21172752976417542,0.2641567289829254,0.9791189432144165,0.35929444432258606,0.5978290438652039,0.8018779754638672,0.026830991730093956,0.1752963364124298,0.04836384952068329,0.05746322125196457,0.2773423492908478,0.05782073363661766
357,18.660539627075195,24.027297973632812,0.2507257889956236,0.7425258054612067,0.2769358158111572,0.026210026815533638,-0.09434878826141357,-0.03096572309732437,22848,0,1,0.19895505905151367,0.3385297656059265,0.22093895077705383,0.24677520990371704,0.9812363982200623,0.3820895552635193,0.6249660849571228,0.9033697843551636,0.02845490351319313,0.1698532998561859,0.04809742048382759,0.05243121087551117,0.2749197483062744,0.05361316725611687
358,18.69908332824707,24.2174015045166,0.2637075548991561,0.7392383379875322,0.25241029262542725,-0.011297262273728848,-0.14307603240013123,-0.04552536830306053,22912,0,1,0.15660667419433594,0.34507298469543457,0.2190164029598236,0.23609310388565063,0.9766107797622681,0.36499321460723877,0.583989143371582,0.8786166906356812,0.02630949579179287,0.1714072823524475,0.05097338184714317,0.055863067507743835,0.27347904443740845,0.05785858631134033
359,18.54604148864746,24.466691970825195,0.24226412363350391,0.7524318525236298,0.2636886239051819,0.02142450027167797,-0.06365202367305756,-0.04446585476398468,22976,0,1,0.14925098419189453,0.3068420886993408,0.23218470811843872,0.25679075717926025,0.9798097014427185,0.34979647397994995,0.6032564640045166,0.7207580208778381,0.027126062661409378,0.17321564257144928,0.04840027168393135,0.05277694761753082,0.2784571945667267,0.05361291766166687
360,18.381153106689453,24.1186466217041,0.24119663913734257,0.7594926886802323,0.23833049833774567,-0.0028661407995969057,-0.09557025879621506,-0.0479620099067688,23040,0,1,0.09239929914474487,0.3042184114456177,0.2346898913383484,0.2479434311389923,0.974510669708252,0.3424694836139679,0.5579376220703125,0.694728672504425,0.027641408145427704,0.18197353184223175,0.05306382477283478,0.05697643756866455,0.27066168189048767,0.05807027593255043
361,18.56135368347168,24.618144989013672,0.23162614204920828,0.7679794518341473,0.2333260178565979,0.001699875807389617,-0.04863361641764641,-0.04730067774653435,23104,0,1,0.09796112775802612,0.2682603597640991,0.2110939621925354,0.23219096660614014,0.9703898429870605,0.29416555166244507,0.5215739607810974,0.8668614029884338,0.029251480475068092,0.18555064499378204,0.04715921729803085,0.0527125746011734,0.25618776679039,0.05354410782456398
362,18.51481819152832,24.757783889770508,0.21646351227536798,0.7851657833224336,0.20887954533100128,-0.0075839669443666935,-0.06538597494363785,-0.061624325811862946,23168,0,0,0.057739436626434326,0.25680965185165405,0.1972474455833435,0.22923026978969574,0.9666698575019836,0.2762551009654999,0.4860244393348694,0.85637366771698,0.02823912352323532,0.18919549882411957,0.047592341899871826,0.05409202352166176,0.24349437654018402,0.05428867042064667
363,18.579288482666016,24.9287109375,0.22434919141232967,0.7801224755213775,0.20401211082935333,-0.02033708058297634,-0.03357976675033569,-0.07188823819160461,23232,0,1,0.07492202520370483,0.22870099544525146,0.20833733677864075,0.21560518443584442,0.9683586359024048,0.2805970311164856,0.5109905004501343,0.8473101854324341,0.029788054525852203,0.19111433625221252,0.04496101662516594,0.047105640172958374,0.24071431159973145,0.04844991862773895
364,18.410905838012695,24.66182518005371,0.23593217507004738,0.7718588241393401,0.20178227126598358,-0.0341499038040638,-0.057465482503175735,-0.07568667829036713,23296,0,1,0.07659471035003662,0.24464213848114014,0.20909303426742554,0.21661140024662018,0.9715586304664612,0.287109911441803,0.5261872410774231,0.7110952138900757,0.027357015758752823,0.19813528656959534,0.050223808735609055,0.05253651738166809,0.23859350383281708,0.05420318618416786
365,18.47991180419922,24.518043518066406,0.23827939480543137,0.7714286373854241,0.19580674171447754,-0.04247265309095383,-0.06594084203243256,-0.07772884517908096,23360,0,1,0.052855491638183594,0.2445949912071228,0.19754910469055176,0.22373265027999878,0.9716922044754028,0.32238808274269104,0.5424695014953613,0.7716533541679382,0.027353424578905106,0.1977037489414215,0.051272183656692505,0.05591484159231186,0.2357524037361145,0.05644703283905983
366,18.559377670288086,24.764629364013672,0.2413953822106123,0.765849010818437,0.21045640110969543,-0.030938981100916862,-0.028971437364816666,-0.0732298418879509,23424,0,0,0.0614696741104126,0.23195862770080566,0.19996556639671326,0.21881675720214844,0.9730347394943237,0.31478971242904663,0.5495251417160034,0.7269784212112427,0.030024563893675804,0.20634809136390686,0.046902209520339966,0.05148012191057205,0.23129816353321075,0.052080634981393814
367,18.827842712402344,25.147926330566406,0.23656471818685532,0.7716067937226642,0.20078645646572113,-0.035778261721134186,-0.02640177123248577,-0.07742577791213989,23488,0,0,0.005317270755767822,0.22060441970825195,0.18462833762168884,0.22468356788158417,0.9705214500427246,0.30447763204574585,0.539484441280365,0.8792043924331665,0.028816767036914825,0.20487184822559357,0.048707541078329086,0.060311898589134216,0.23371374607086182,0.06026337668299675
368,18.74707794189453,24.64888572692871,0.24449017271399498,0.7663728345107946,0.1979929804801941,-0.04649719223380089,-0.02105037122964859,-0.08469761162996292,23552,0,1,0.019788682460784912,0.21308964490890503,0.19083087146282196,0.21345017850399017,0.9723552465438843,0.32238808274269104,0.5606513023376465,0.8728723526000977,0.029431311413645744,0.1964421570301056,0.05056276544928551,0.0579141229391098,0.23182658851146698,0.05908150598406792
369,18.622886657714844,24.6275634765625,0.24582647532224655,0.7634918311413211,0.2064269632101059,-0.039399512112140656,-0.023069163784384727,-0.07925545424222946,23616,0,1,0.009525179862976074,0.22370797395706177,0.2048659473657608,0.2158338725566864,0.9753248691558838,0.3270013630390167,0.5628222823143005,0.6933227777481079,0.02898252196609974,0.20511624217033386,0.05093234404921532,0.054916899651288986,0.23022449016571045,0.05574679374694824
370,18.880367279052734,24.840492248535156,0.2440861240029335,0.7631224234001404,0.21365459263324738,-0.030431531369686127,0.008271642960608006,-0.07042175531387329,23680,0,1,-0.0329970121383667,0.20545518398284912,0.18481577932834625,0.19426441192626953,0.9754687547683716,0.3373134434223175,0.5644505023956299,0.9246066212654114,0.027854477986693382,0.21258904039859772,0.04974076896905899,0.05628669261932373,0.21563763916492462,0.05779252573847771
371,18.74686622619629,24.76411247253418,0.23788443952798843,0.7685388438959166,0.2101334184408188,-0.027751021087169647,-0.008243108168244362,-0.06934389472007751,23744,0,1,0.02387338876724243,0.21564120054244995,0.18883869051933289,0.20314395427703857,0.9739977717399597,0.3386702835559845,0.5696065425872803,0.7617301940917969,0.027601094916462898,0.21032720804214478,0.051726263016462326,0.055119626224040985,0.21664366126060486,0.055998340249061584
372,18.61867904663086,24.55613899230957,0.24457438476383686,0.7603040554166972,0.22422176599502563,-0.020352618768811226,0.008743960410356522,-0.07073238492012024,23808,0,0,0.06480830907821655,0.21669363975524902,0.19919967651367188,0.2171645313501358,0.9774619340896606,0.3400271534919739,0.57639080286026,0.7513262033462524,0.02889825962483883,0.20287148654460907,0.046369943767786026,0.05005023628473282,0.23006518185138702,0.050590433180332184
373,18.67453956604004,24.374176025390625,0.26520420238375664,0.7470657897695596,0.21669359505176544,-0.048510607331991196,-0.05659737065434456,-0.071473129093647,23872,0,1,0.036018550395965576,0.2580844759941101,0.20219172537326813,0.2276010811328888,0.9759076833724976,0.33242878317832947,0.5687924027442932,0.7934958934783936,0.026992805302143097,0.20637980103492737,0.0486777201294899,0.05541719123721123,0.2396048754453659,0.05587463825941086
374,18.760866165161133,24.194480895996094,0.2487123142927885,0.7573376165283973,0.22378084063529968,-0.024931473657488823,-0.013508816249668598,-0.0669504702091217,23936,0,1,0.06905341148376465,0.23361599445343018,0.20126214623451233,0.2359890341758728,0.9736472964286804,0.36309364438056946,0.5731343626976013,0.8247002959251404,0.027845527976751328,0.1942940354347229,0.05029473826289177,0.05912770703434944,0.24747334420681,0.05961242690682411
375,18.57929039001465,24.547271728515625,0.23061430756933987,0.7701541434059869,0.2272709757089615,-0.0033433318603783846,0.030132433399558067,-0.06947332620620728,24000,0,0,0.04771625995635986,0.20243746042251587,0.20255710184574127,0.22351542115211487,0.9751192927360535,0.3373134434223175,0.5739484429359436,0.7113311290740967,0.02941690757870674,0.19020584225654602,0.048836756497621536,0.05193107947707176,0.2344992607831955,0.05249016731977463
376,19.018260955810547,24.67601203918457,0.2310823667794466,0.7736833606747539,0.21002458035945892,-0.02105778641998768,0.01253071054816246,-0.06817857176065445,24064,0,0,0.05012023448944092,0.198464035987854,0.186491921544075,0.22403401136398315,0.9621634483337402,0.2938941717147827,0.5229308009147644,1.006157398223877,0.03217596933245659,0.1960621029138565,0.048663001507520676,0.06282567977905273,0.23220036923885345,0.06285549700260162
377,18.85354232788086,24.914169311523438,0.22531064320355654,0.776216172273671,0.2184879183769226,-0.00682272482663393,0.04217178001999855,-0.06485830247402191,24128,0,0,0.03714114427566528,0.1827450394630432,0.18737690150737762,0.2180369794368744,0.9695150256156921,0.29742199182510376,0.5324288010597229,0.8936535120010376,0.03231808543205261,0.19255048036575317,0.04290967062115669,0.051705244928598404,0.2286708950996399,0.05190384015440941
378,18.711828231811523,24.494495391845703,0.23112094029784203,0.7718721227911322,0.21800082921981812,-0.01312011107802391,0.0007500909268856049,-0.06305912882089615,24192,0,0,0.031606316566467285,0.21678906679153442,0.20049889385700226,0.2332654893398285,0.9700331687927246,0.3085481822490692,0.5440977215766907,0.8565976619720459,0.02897626906633377,0.19095070660114288,0.04899369925260544,0.06076446548104286,0.24510380625724792,0.06103607639670372
379,18.77412223815918,24.52679443359375,0.25715178810060024,0.7492440736032543,0.23164546489715576,-0.02550632320344448,-0.07737766951322556,-0.05442837253212929,24256,0,1,0.08016151189804077,0.28573793172836304,0.22596390545368195,0.22957541048526764,0.9729072451591492,0.32483041286468506,0.5487110018730164,0.8256272077560425,0.026296459138393402,0.17705458402633667,0.05220954865217209,0.05500468611717224,0.2554886043071747,0.05626735836267471
380,18.800508499145508,24.25520133972168,0.25115141831338406,0.7431046331639661,0.27351051568984985,0.022359097376465797,-0.002454556990414858,-0.03767431154847145,24320,0,1,0.1335890293121338,0.2746657729148865,0.22190742194652557,0.23240020871162415,0.9803256988525391,0.3576662242412567,0.5964722037315369,0.8717820048332214,0.02918989025056362,0.1660141944885254,0.04353475570678711,0.044463444501161575,0.2597031593322754,0.04530639573931694
381,18.66193962097168,24.341751098632812,0.24559367820620537,0.7588059389303153,0.22735269367694855,-0.01824098452925682,-0.06289031356573105,-0.06119338423013687,24384,0,0,0.09730792045593262,0.2723383903503418,0.2174864113330841,0.2513914704322815,0.9724621772766113,0.3232021927833557,0.5373134613037109,0.7605260610580444,0.025155561044812202,0.17337249219417572,0.05002135410904884,0.0553329735994339,0.26427310705184937,0.05565856024622917
382,18.596996307373047,24.385976791381836,0.2292155111208558,0.7743017039486612,0.21363180875778198,-0.015583702363073826,-0.05407198518514633,-0.06713797897100449,24448,0,0,0.025605618953704834,0.2532618045806885,0.22678197920322418,0.24671965837478638,0.9674160480499268,0.28846678137779236,0.5009498000144958,0.6464148759841919,0.027743177488446236,0.17449161410331726,0.05264100059866905,0.05529371649026871,0.25840631127357483,0.05575838312506676
383,18.725563049316406,24.342376708984375,0.22129205334931612,0.7754066371109672,0.23599110543727875,0.014699052087962627,0.018009589985013008,-0.05909226834774017,24512,0,0,0.11184436082839966,0.22125506401062012,0.21299950778484344,0.24877934157848358,0.9713622331619263,0.3042062520980835,0.5389416813850403,0.8168325424194336,0.0308215469121933,0.1702750325202942,0.04849840700626373,0.05577539652585983,0.2638433277606964,0.05606267601251602
384,18.723712921142578,24.556385040283203,0.22418612707406282,0.7723501005933426,0.23940147459506989,0.015215347521007061,-0.009045019745826721,-0.042794518172740936,24576,0,0,0.08480435609817505,0.2455993890762329,0.19616319239139557,0.22637876868247986,0.9701020121574402,0.320217102766037,0.5427408814430237,0.9004479050636292,0.0275401771068573,0.17761090397834778,0.048604801297187805,0.05557958036661148,0.23846983909606934,0.05590985342860222
385,18.670045852661133,24.19019317626953,0.2390454262495041,0.7573810517631157,0.25377437472343445,0.014728948473930359,-0.023334242403507233,-0.03991446644067764,24640,0,1,0.10458111763000488,0.26981860399246216,0.21514992415905,0.23431116342544556,0.9749650955200195,0.3457259237766266,0.5774762630462646,0.8834354281425476,0.0275573693215847,0.1721765547990799,0.051221687346696854,0.05676241219043732,0.26165473461151123,0.058133602142333984
386,18.409440994262695,23.83060073852539,0.2607103302143514,0.7375844131097518,0.26720863580703735,0.006498305592685938,-0.05921279266476631,-0.039196278899908066,24704,0,0,0.15381556749343872,0.30731314420700073,0.2420627772808075,0.252871572971344,0.9790788292884827,0.3633649945259094,0.6100407242774963,0.604683518409729,0.026819825172424316,0.16455046832561493,0.05320679023861885,0.05528143420815468,0.2687857151031494,0.055819910019636154
387,18.43531036376953,23.686330795288086,0.2597575996769592,0.7405305837801279,0.2586469352245331,-0.0011106644524261355,-0.07912404835224152,-0.047504667192697525,24768,0,0,0.12710785865783691,0.3124435544013977,0.2388792634010315,0.267640084028244,0.976504921913147,0.35875171422958374,0.5785617828369141,0.654026985168457,0.0278634000569582,0.1586998701095581,0.04996873438358307,0.053919386118650436,0.28002801537513733,0.05413033440709114
388,18.736507415771484,24.08197021484375,0.2410290320403874,0.7573606649212856,0.2476656436920166,0.0066366116516292095,-0.040139101445674896,-0.05214328691363335,24832,0,0,0.11325347423553467,0.2759081721305847,0.21855086088180542,0.27269667387008667,0.9739916920661926,0.3397557735443115,0.5734057426452637,0.8501590490341187,0.027979746460914612,0.16219446063041687,0.04890281707048416,0.06036749482154846,0.2877854108810425,0.060511112213134766
389,18.50242805480957,24.09991455078125,0.23499183915555477,0.7606681655566966,0.2531256377696991,0.018133798614144325,-0.0177605003118515,-0.04892364889383316,24896,0,0,0.14135956764221191,0.2654231786727905,0.23014219105243683,0.2575862407684326,0.9750555753707886,0.33052918314933777,0.5668928027153015,0.6842949390411377,0.030424941331148148,0.16164489090442657,0.048278145492076874,0.05203235149383545,0.2739332914352417,0.05263528227806091
390,18.741943359375,24.48594093322754,0.22306237928569317,0.7702270018605277,0.2522678077220917,0.029205428436398506,0.004965806845575571,-0.040140461176633835,24960,0,1,0.10551470518112183,0.24779516458511353,0.21825353801250458,0.2368270307779312,0.9719841480255127,0.3270013630390167,0.5568521022796631,0.878086268901825,0.02872524969279766,0.17256665229797363,0.04592958465218544,0.0512230321764946,0.2611810863018036,0.05216289311647415
391,18.404539108276367,24.123220443725586,0.234945299976971,0.7652766545646582,0.23399969935417175,-0.0009456006227992475,-0.0543825663626194,-0.04957290366292,25024,0,0,0.11011892557144165,0.27288687229156494,0.22612835466861725,0.25267571210861206,0.9714382886886597,0.3240163028240204,0.5378562211990356,0.6701889634132385,0.027341492474079132,0.17304575443267822,0.05236656591296196,0.0567375123500824,0.26826101541519165,0.0571858249604702
392,18.394046783447266,24.07253074645996,0.2440892760641873,0.7568074930265982,0.24040178954601288,-0.00368748651817441,-0.06927040964365005,-0.04451252892613411,25088,0,0,0.11669641733169556,0.2887257933616638,0.23687534034252167,0.25307342410087585,0.9723891615867615,0.32374492287635803,0.547082781791687,0.6407890319824219,0.027445882558822632,0.1743566393852234,0.054762717336416245,0.05671511963009834,0.27006062865257263,0.057332638651132584
393,18.641786575317383,24.127914428710938,0.24761719536036253,0.7487458692503829,0.26209232211112976,0.014475126750767231,-0.05084129050374031,-0.03131505474448204,25152,0,1,0.13898825645446777,0.2974160313606262,0.2255517840385437,0.24388138949871063,0.9757863879203796,0.3576662242412567,0.5891451835632324,0.802534818649292,0.026570241898298264,0.1665683388710022,0.04992275685071945,0.05388721823692322,0.2736021876335144,0.055015336722135544
394,18.537994384765625,24.200759887695312,0.237718403339386,0.7628665498733649,0.23525163531303406,-0.0024667680263519287,-0.06447792053222656,-0.05611063912510872,25216,0,0,0.14431768655776978,0.2810330390930176,0.2223520427942276,0.2651199698448181,0.973766565322876,0.32673001289367676,0.5782904028892517,0.7630707621574402,0.029434477910399437,0.16694840788841248,0.04777229204773903,0.05690500885248184,0.2837604880332947,0.057261873036623
395,18.4239444732666,24.214937210083008,0.23889909870922565,0.7642613980910956,0.22549231350421906,-0.0134067852050066,-0.08756845444440842,-0.05775875598192215,25280,0,1,0.09343522787094116,0.2873791456222534,0.2374749481678009,0.2543022036552429,0.9702757596969604,0.3061058521270752,0.5370420813560486,0.6511949300765991,0.027233518660068512,0.16737878322601318,0.051859963685274124,0.05514276400208473,0.27462831139564514,0.055708594620227814
396,18.42249870300293,24.184364318847656,0.23508750647306442,0.7632661636723075,0.24204185605049133,0.00695434957742691,-0.02704019285738468,-0.04818829149007797,25344,0,0,0.0927586555480957,0.2614322900772095,0.21895183622837067,0.257999449968338,0.9716161489486694,0.31723204255104065,0.5489823818206787,0.7353070378303528,0.03088667243719101,0.1713290959596634,0.04866747930645943,0.05587058141827583,0.27288874983787537,0.056254591792821884
397,18.26746940612793,24.246047973632812,0.23663289682008326,0.7637597870720675,0.23497067391872406,-0.0016622229013592005,-0.04020293429493904,-0.049910709261894226,25408,0,1,0.11390942335128784,0.2639198303222656,0.23412571847438812,0.2542036175727844,0.9703692197799683,0.30067843198776245,0.5367707014083862,0.6355496644973755,0.03018283285200596,0.18111839890480042,0.05098569393157959,0.053922273218631744,0.26616370677948,0.054370246827602386
398,18.266603469848633,24.281455993652344,0.2361601646989584,0.766726196039308,0.22378689050674438,-0.012373274192214012,-0.058414433151483536,-0.055782563984394073,25472,0,0,0.08188730478286743,0.26601099967956543,0.22455058991909027,0.24960079789161682,0.9703353047370911,0.2944369316101074,0.5161465406417847,0.6471317410469055,0.030496841296553612,0.17703090608119965,0.05288941040635109,0.05651811510324478,0.26290950179100037,0.056747905910015106
399,18.263427734375,24.268171310424805,0.23370667546987534,0.7710943880600156,0.2127326875925064,-0.020973987877368927,-0.04551616683602333,-0.06955352425575256,25536,0,1,0.09175688028335571,0.24632960557937622,0.24098113179206848,0.25565505027770996,0.9669936299324036,0.3042062520980835,0.5118046402931213,0.6210848093032837,0.028907012194395065,0.17881640791893005,0.052591919898986816,0.05727244168519974,0.27575889229774475,0.05772406607866287
400,18.265302658081055,24.174297332763672,0.2480805180966854,0.7560510093851094,0.2311444878578186,-0.016936030238866806,-0.045100633054971695,-0.06045203283429146,25600,0,0,0.09519451856613159,0.26343244314193726,0.23159213364124298,0.2527335584163666,0.9730284810066223,0.32564452290534973,0.543554961681366,0.662898063659668,0.03079766035079956,0.17626893520355225,0.052614565938711166,0.05670548602938652,0.2681015133857727,0.05709412693977356
401,18.71184730529785,24.916587829589844,0.23220330342883244,0.7675986236310175,0.23305559158325195,0.0008522881544195116,0.008056998252868652,-0.050775256007909775,25664,0,1,0.08210986852645874,0.22584974765777588,0.1976730227470398,0.2224900722503662,0.9692323803901672,0.29172322154045105,0.5033921599388123,0.9851396083831787,0.03102617710828781,0.18595993518829346,0.04903814569115639,0.057202279567718506,0.24713502824306488,0.05844014137983322
402,18.39475440979004,24.77199935913086,0.22476942092180252,0.7801140771107425,0.2025601863861084,-0.022209234535694122,0.001821937970817089,-0.07503630965948105,25728,0,0,0.012268006801605225,0.2005823254585266,0.21123965084552765,0.2290189564228058,0.9660756587982178,0.28466758131980896,0.5118046402931213,0.7239869832992554,0.03263861685991287,0.1924304962158203,0.05032666400074959,0.054441168904304504,0.24522259831428528,0.054872967302799225
403,18.882282257080078,25.06694793701172,0.22771140187978745,0.7812136463798587,0.1869179606437683,-0.040793441236019135,-0.004787291865795851,-0.08539620786905289,25792,0,1,0.015469908714294434,0.18968945741653442,0.18251609802246094,0.23459337651729584,0.9609072804450989,0.27001357078552246,0.4656716585159302,1.0354251861572266,0.03095012716948986,0.19384358823299408,0.04757813736796379,0.0644085556268692,0.24778598546981812,0.064217209815979
404,18.654375076293945,24.9219913482666,0.24822146818041801,0.7621704681833328,0.20452657341957092,-0.04369489476084709,-0.03660215809941292,-0.07490264624357224,25856,0,0,0.032277822494506836,0.23190850019454956,0.19445106387138367,0.23535475134849548,0.9660869240760803,0.27951154112815857,0.4960651397705078,0.896299421787262,0.028719715774059296,0.18751800060272217,0.04567139595746994,0.05706954374909401,0.24849465489387512,0.05729186534881592
405,18.434890747070312,24.40121078491211,0.2578558549284935,0.748162365233283,0.2339586317539215,-0.02389722317457199,-0.02270030602812767,-0.05614636093378067,25920,0,1,0.08340388536453247,0.25047963857650757,0.22968460619449615,0.23966047167778015,0.9716418385505676,0.29742199182510376,0.5392130613327026,0.6181652545928955,0.03065669909119606,0.18771159648895264,0.050421714782714844,0.05236153304576874,0.25362130999565125,0.052802637219429016
406,18.45653533935547,24.188251495361328,0.2610786082223058,0.7427585168912435,0.24616217613220215,-0.014916432090103626,-0.025013679638504982,-0.04684465378522873,25984,0,0,0.0753546953201294,0.2635672092437744,0.2168349176645279,0.23193110525608063,0.9729534983634949,0.31668928265571594,0.5478969216346741,0.6740849614143372,0.03268181160092354,0.18403175473213196,0.04977334290742874,0.05609378591179848,0.24607516825199127,0.05660729110240936
407,18.869020462036133,24.505346298217773,0.24434101395308971,0.753319565632924,0.2538246214389801,0.009483607485890388,3.886996637447737e-05,-0.04104171320796013,26048,0,1,0.06643187999725342,0.2530192732810974,0.20884542167186737,0.23239530622959137,0.9741931557655334,0.3310719132423401,0.5706920027732849,0.9565610289573669,0.02979866787791252,0.1826934665441513,0.050229646265506744,0.055700913071632385,0.261660635471344,0.05728672444820404
408,18.45716667175293,24.111724853515625,0.2572912033647299,0.7487496827339144,0.23324790596961975,-0.02404329739511013,-0.03746432811021805,-0.06106892228126526,26112,0,0,0.09738457202911377,0.2602514624595642,0.22404251992702484,0.2504108250141144,0.9730614423751831,0.31886026263237,0.5582090020179749,0.6476379036903381,0.029330313205718994,0.18328121304512024,0.05095246806740761,0.05692252889275551,0.2670747935771942,0.05716373026371002
409,18.64272689819336,24.29041862487793,0.2566559724509716,0.7504912551457747,0.22801077365875244,-0.028645198792219162,-0.0407818965613842,-0.06641887128353119,26176,0,1,0.06846058368682861,0.2573482394218445,0.217808797955513,0.23241844773292542,0.9746587872505188,0.34084126353263855,0.5655359625816345,0.7874814867973328,0.028805242851376534,0.18481853604316711,0.050715748220682144,0.05368861183524132,0.2582777440547943,0.05498570203781128
410,18.516178131103516,24.440196990966797,0.25138229224830866,0.7523672362849899,0.23624080419540405,-0.015141488052904606,-0.00017212567036040127,-0.05629471316933632,26240,0,0,0.07906347513198853,0.23516464233398438,0.21854954957962036,0.22970658540725708,0.9731611013412476,0.33052918314933777,0.5736770629882812,0.6611162424087524,0.032867588102817535,0.18594828248023987,0.05067875236272812,0.05370302498340607,0.2443610578775406,0.05430692434310913
411,18.78813934326172,24.41738510131836,0.24210149433929473,0.7575237333240541,0.24364709854125977,0.001545604201965034,0.023349320515990257,-0.046640291810035706,26304,0,0,0.07229727506637573,0.22463172674179077,0.1957729309797287,0.2245045006275177,0.9727869629859924,0.34219810366630554,0.5620081424713135,0.8247045874595642,0.0326702818274498,0.18313801288604736,0.05124140530824661,0.06288426369428635,0.23917214572429657,0.06313356757164001
412,19.135866165161133,24.87421989440918,0.24807480908930302,0.7540643201262041,0.23937688767910004,-0.00869792141020298,0.011837335303425789,-0.04597202688455582,26368,0,0,0.08208250999450684,0.22941219806671143,0.1822592318058014,0.22072094678878784,0.9721506237983704,0.2995929419994354,0.5354138612747192,1.0813807249069214,0.03519246727228165,0.1918632686138153,0.043716102838516235,0.059286005795001984,0.23319844901561737,0.05893569439649582
413,18.63345718383789,24.342878341674805,0.2472005970776081,0.7592808873009705,0.22027508914470673,-0.026925507932901382,-0.05583398789167404,-0.0519043430685997,26432,0,1,0.06332379579544067,0.26040148735046387,0.2141379714012146,0.23821549117565155,0.9669894576072693,0.28738129138946533,0.5050203800201416,0.7480354309082031,0.028992243111133575,0.18382775783538818,0.05188191682100296,0.05845465883612633,0.2557625472545624,0.0588199608027935
414,18.49369239807129,23.96986198425293,0.25488793291151524,0.7501602396352582,0.23468229174613953,-0.02020564116537571,-0.06871616095304489,-0.052092671394348145,26496,0,0,0.08542883396148682,0.28289806842803955,0.23264670372009277,0.25930508971214294,0.9702675342559814,0.3074626922607422,0.5356852412223816,0.6983606815338135,0.027050402015447617,0.1712179034948349,0.054021697491407394,0.05945422872900963,0.27781692147254944,0.059698548167943954
415,18.417844772338867,23.895286560058594,0.26750937942415476,0.73617593507075,0.2535405457019806,-0.013968833722174168,-0.0636327788233757,-0.04375297576189041,26560,0,0,0.1409245729446411,0.29725855588912964,0.2351081222295761,0.2563997209072113,0.9742177724838257,0.3321574032306671,0.5677069425582886,0.690945029258728,0.028625287115573883,0.15950189530849457,0.052501171827316284,0.05581986904144287,0.274690181016922,0.05617069453001022
416,18.5460262298584,24.31374168395996,0.22828560136258602,0.7696420217716173,0.237281933426857,0.008996332064270973,-0.009159225970506668,-0.052712466567754745,26624,0,0,0.07691782712936401,0.24302077293395996,0.22124241292476654,0.25803518295288086,0.9688068628311157,0.3093622922897339,0.5400271415710449,0.7495931386947632,0.031807929277420044,0.16476577520370483,0.05043379217386246,0.06169835478067398,0.27572256326675415,0.06180524826049805
417,18.50570297241211,24.59758186340332,0.21849840320646763,0.7778930225411187,0.23474541306495667,0.016247009858489037,-0.010292096063494682,-0.05353528633713722,26688,0,0,0.12221342325210571,0.24140584468841553,0.22299042344093323,0.25614267587661743,0.9680893421173096,0.29308006167411804,0.5147897005081177,0.7328569293022156,0.03096192143857479,0.16334332525730133,0.05106737092137337,0.06077423691749573,0.27294036746025085,0.060829054564237595
418,18.274961471557617,24.284311294555664,0.23435730213532224,0.7654699489898837,0.2350938767194748,0.0007365745841525495,-0.027481121942400932,-0.05499784275889397,26752,0,1,0.10463142395019531,0.25432366132736206,0.23404698073863983,0.24343565106391907,0.9705368876457214,0.3014925420284271,0.5272727608680725,0.6778393983840942,0.0282971803098917,0.16529738903045654,0.053395841270685196,0.05588987097144127,0.26479479670524597,0.056569505482912064
419,18.476280212402344,24.737815856933594,0.23504469636827707,0.763674799982113,0.24046309292316437,0.005418396554887295,0.030939675867557526,-0.05783534422516823,26816,0,1,0.09992188215255737,0.21486258506774902,0.2187047153711319,0.22709102928638458,0.9711998105049133,0.3150610625743866,0.5413839817047119,0.7707160711288452,0.03153673931956291,0.16783484816551208,0.0480976440012455,0.052251365035772324,0.2509731650352478,0.05329103395342827
420,18.394775390625,24.52883529663086,0.2477420549839735,0.7571154428719047,0.22774285078048706,-0.019999204203486443,-0.002269748831167817,-0.0707448199391365,26880,0,0,0.0793730616569519,0.22816383838653564,0.22040215134620667,0.24150487780570984,0.9727561473846436,0.319945752620697,0.539484441280365,0.7427213191986084,0.030118996277451515,0.16695955395698547,0.04678409546613693,0.052138280123472214,0.26341384649276733,0.05271795392036438
421,18.525217056274414,24.371095657348633,0.2689250074326992,0.7438098321531714,0.2192164659500122,-0.049708541482686996,-0.057955607771873474,-0.07146039605140686,26944,0,1,0.08819407224655151,0.26056110858917236,0.23364362120628357,0.22888855636119843,0.9711505174636841,0.3354138433933258,0.5565807819366455,0.7405766248703003,0.029127992689609528,0.1699681133031845,0.050554338842630386,0.052611805498600006,0.2621022164821625,0.0538092777132988
422,18.619094848632812,24.57477569580078,0.2633719779551029,0.7451522492349697,0.22992366552352905,-0.03344831243157387,-0.03202177211642265,-0.06339259445667267,27008,0,1,0.06258726119995117,0.2532167434692383,0.19748960435390472,0.22717143595218658,0.9739238023757935,0.3329715132713318,0.5565807819366455,0.9368813037872314,0.028273630887269974,0.18763785064220428,0.04704166203737259,0.052545465528964996,0.24562792479991913,0.053352490067481995
423,18.640588760375977,24.559675216674805,0.25083607994019985,0.7563208812230083,0.22146564722061157,-0.02937043271958828,-0.005499154329299927,-0.06296215951442719,27072,0,1,0.04145938158035278,0.22457724809646606,0.19701634347438812,0.21533572673797607,0.9700762629508972,0.31533244252204895,0.5411126613616943,0.8630145788192749,0.025784041732549667,0.18366588652133942,0.05212050676345825,0.05808716639876366,0.2356157898902893,0.0584583580493927
424,19.048702239990234,25.65439224243164,0.22324551548808813,0.7749595661589149,0.2312214970588684,0.007975981570780277,0.08435855060815811,-0.061058174818754196,27136,0,0,0.04002559185028076,0.15827804803848267,0.18983601033687592,0.2057790607213974,0.9681921601295471,0.3145183324813843,0.5297150611877441,0.9285830855369568,0.03475767374038696,0.1927891969680786,0.04345836862921715,0.056745678186416626,0.21964247524738312,0.05685337260365486
425,18.532405853271484,24.252939224243164,0.2648233361542225,0.7438754852475657,0.23086008429527283,-0.03396325185894966,-0.005003695841878653,-0.0740036591887474,27200,0,1,0.09255748987197876,0.2338464856147766,0.23056507110595703,0.23498736321926117,0.9748479127883911,0.3354138433933258,0.5758480429649353,0.5936151742935181,0.02687632292509079,0.173215851187706,0.04893094301223755,0.051782406866550446,0.25104716420173645,0.05238240957260132
426,18.691389083862305,24.113094329833984,0.27527169696986675,0.7321202715853776,0.24767734110355377,-0.02759435586631298,-0.028579959645867348,-0.060302734375,27264,0,0,0.11255902051925659,0.26782500743865967,0.2164219170808792,0.24629175662994385,0.9766303300857544,0.36200815439224243,0.5956581234931946,0.6977587342262268,0.028049051761627197,0.17111477255821228,0.04890921711921692,0.0588664636015892,0.2627241909503937,0.059233758598566055
427,18.88206672668457,24.107627868652344,0.2851977925747633,0.7173132875275118,0.2763148844242096,-0.008882908150553703,-0.04229969158768654,-0.03935626149177551,27328,0,0,0.13577908277511597,0.3048710227012634,0.20821815729141235,0.25373077392578125,0.9811038970947266,0.3869742453098297,0.6303935050964355,0.8353531360626221,0.029680103063583374,0.16934767365455627,0.049789123237133026,0.06063593178987503,0.2693498432636261,0.06055465340614319
428,18.5626277923584,23.70828628540039,0.3010252248495817,0.7049178887226609,0.28088468313217163,-0.020140541717410088,-0.07288219779729843,-0.03931855037808418,27392,0,0,0.17577773332595825,0.32935404777526855,0.22807396948337555,0.2562071681022644,0.9826405644416809,0.4062415361404419,0.6450474858283997,0.6398478746414185,0.024643562734127045,0.16781778633594513,0.05036640539765358,0.055569373071193695,0.27075210213661194,0.05586729198694229
429,18.920446395874023,24.199451446533203,0.28922131657600403,0.7171785633882652,0.2665926218032837,-0.022628694772720337,-0.07705920189619064,-0.043655529618263245,27456,0,1,0.15588444471359253,0.31850892305374146,0.21077699959278107,0.24095499515533447,0.9784867167472839,0.3674355745315552,0.6103121042251587,0.8236372470855713,0.025277338922023773,0.17374533414840698,0.04779234901070595,0.05338679999113083,0.2608434855937958,0.053790587931871414
430,18.786176681518555,24.124366760253906,0.26997407618910074,0.7327214150735437,0.2598891258239746,-0.010084950365126133,-0.056694574654102325,-0.04769235849380493,27520,0,0,0.13010799884796143,0.29900628328323364,0.2170334905385971,0.26055198907852173,0.9764360785484314,0.36879241466522217,0.6005427837371826,0.7452747821807861,0.02694551646709442,0.17343288660049438,0.04741913825273514,0.05817057564854622,0.2749594748020172,0.05832776054739952
431,18.487136840820312,23.85453987121582,0.2687304373830557,0.726473994554356,0.2862628400325775,0.017532402649521828,-0.048586368560791016,-0.028702514246106148,27584,0,0,0.17236799001693726,0.31885427236557007,0.23197999596595764,0.2599068284034729,0.9794303178787231,0.38371777534484863,0.6236092448234558,0.6120163798332214,0.028662817552685738,0.17032243311405182,0.04943601414561272,0.056558556854724884,0.27459362149238586,0.05675826966762543
432,18.802722930908203,24.135318756103516,0.265437051653862,0.72758506641632,0.2910519540309906,0.0256149023771286,-0.057675112038850784,-0.011206074617803097,27648,0,1,0.1748623251914978,0.3292925953865051,0.22594431042671204,0.22827111184597015,0.9780982136726379,0.3723202347755432,0.5945726037025452,0.7988067865371704,0.027371812611818314,0.1705477237701416,0.05024063214659691,0.05503355711698532,0.26030871272087097,0.05658230930566788
433,18.59272575378418,23.951141357421875,0.26734205335378647,0.7237192825268933,0.29969561100006104,0.03235355764627457,-0.04473462700843811,-0.023647932335734367,27712,0,0,0.21378093957901,0.3292606472969055,0.21901287138462067,0.26022404432296753,0.9807173013687134,0.3934871256351471,0.6331071853637695,0.7892416715621948,0.027536757290363312,0.16802114248275757,0.0445413812994957,0.05367696285247803,0.2749357223510742,0.05397232249379158
434,18.63897705078125,23.76789093017578,0.2760659847408533,0.7188055920092095,0.2943039834499359,0.018237998709082603,-0.06743285059928894,-0.03366966173052788,27776,0,1,0.20048987865447998,0.33840858936309814,0.2362814098596573,0.26088929176330566,0.9805795550346375,0.3967435657978058,0.6374491453170776,0.7097452282905579,0.024562116712331772,0.1568138599395752,0.047954414039850235,0.05144261196255684,0.2846255302429199,0.052282217890024185
435,18.4490966796875,23.592952728271484,0.2902008560486138,0.7087595214462531,0.2937704920768738,0.0035696360282599926,-0.08557124435901642,-0.037101972848176956,27840,0,1,0.21381354331970215,0.34896934032440186,0.23637588322162628,0.2709692716598511,0.9826261401176453,0.39240163564682007,0.6428765654563904,0.6110110282897949,0.02751906029880047,0.15798400342464447,0.04690779373049736,0.050770774483680725,0.2871851325035095,0.05110938102006912
436,18.3333797454834,23.5756893157959,0.28119428269565105,0.7212145741408206,0.2725537419319153,-0.008640540763735771,-0.10594739764928818,-0.04568042978644371,27904,0,0,0.19686156511306763,0.341802179813385,0.23961681127548218,0.2753516435623169,0.979763388633728,0.3820895552635193,0.6322931051254272,0.5775965452194214,0.02477634698152542,0.15935255587100983,0.049427229911088943,0.054460085928440094,0.28866052627563477,0.05463216453790665
437,18.288414001464844,23.820037841796875,0.2767909665853949,0.7231586447660378,0.2769729793071747,0.00018201272177975625,-0.08075767010450363,-0.03901677206158638,27968,0,0,0.16215366125106812,0.3304229974746704,0.23148678243160248,0.2606774866580963,0.9802475571632385,0.38046133518218994,0.6198100447654724,0.6390143632888794,0.02672600746154785,0.16703036427497864,0.045777831226587296,0.04977666959166527,0.2750020921230316,0.05033020302653313
438,18.600187301635742,24.38567352294922,0.2585388384759426,0.7409998693112959,0.26031988859176636,0.0017810501158237457,-0.05358218401670456,-0.0389665924012661,28032,0,0,0.12116634845733643,0.29722362756729126,0.19501645863056183,0.2545759081840515,0.9784353375434875,0.3527815639972687,0.5994572639465332,0.8818988800048828,0.025759991258382797,0.17369522154331207,0.047330591827631,0.06031718850135803,0.26820486783981323,0.060349564999341965
439,18.34870719909668,24.24222183227539,0.2579774484038353,0.745806244805981,0.2430923730134964,-0.014885075390338898,-0.08866291493177414,-0.04889366030693054,28096,0,0,0.12673795223236084,0.30405908823013306,0.21947349607944489,0.2550511360168457,0.9741160273551941,0.3411126434803009,0.5601085424423218,0.7228452563285828,0.02581965923309326,0.17490172386169434,0.04859747737646103,0.05803285166621208,0.26756253838539124,0.05819613113999367
440,18.18878173828125,24.10633659362793,0.2558963382616639,0.7471912563870294,0.24368317425251007,-0.012213164009153843,-0.08462373912334442,-0.060218941420316696,28160,0,0,0.12249010801315308,0.3020845055580139,0.22660940885543823,0.25829949975013733,0.9757144451141357,0.353324294090271,0.5769335627555847,0.5825234651565552,0.025999892503023148,0.16755861043930054,0.0476720817387104,0.05393700301647186,0.272300660610199,0.054534219205379486
441,18.659687042236328,24.677818298339844,0.2621541218832135,0.7404380042070688,0.25216758251190186,-0.009986539371311665,-0.06361068040132523,-0.058590129017829895,28224,0,0,0.13817685842514038,0.2962754964828491,0.183460533618927,0.2578500509262085,0.97648024559021,0.34464043378829956,0.5864315032958984,1.0325208902359009,0.02589314617216587,0.17317451536655426,0.042231250554323196,0.05749538540840149,0.2684536278247833,0.05742695555090904
442,18.408023834228516,24.48345184326172,0.25704156048595905,0.7456360496535087,0.24651487171649933,-0.010526688769459724,-0.041711919009685516,-0.060396600514650345,28288,0,0,0.12007337808609009,0.2760693430900574,0.19271215796470642,0.2505134344100952,0.9762572646141052,0.34654003381729126,0.5905020833015442,0.8156707286834717,0.027760956436395645,0.18504348397254944,0.04510392248630524,0.0566851869225502,0.2600155174732208,0.05698583647608757
443,18.266645431518555,24.295705795288086,0.2564350049942732,0.7466380726526112,0.2443058043718338,-0.012129200622439384,-0.01970730908215046,-0.05935445427894592,28352,0,0,0.09761559963226318,0.257920503616333,0.1980789303779602,0.23466399312019348,0.9787262082099915,0.36879241466522217,0.6127544045448303,0.7028654217720032,0.026842163875699043,0.19308018684387207,0.0482918806374073,0.058287255465984344,0.24660852551460266,0.058390095829963684
444,18.454387664794922,24.81431007385254,0.2482185810804367,0.7595299841774265,0.21599599719047546,-0.03222258388996124,-0.032170746475458145,-0.06205902248620987,28416,0,1,0.0176888108253479,0.23956727981567383,0.19938503205776215,0.20800262689590454,0.9721660614013672,0.33324289321899414,0.5516960620880127,0.7187084555625916,0.0263476874679327,0.21804922819137573,0.052084166556596756,0.05543329566717148,0.22300204634666443,0.05643077567219734
445,18.330795288085938,24.666213989257812,0.2540617175400257,0.7570994088030657,0.20811235904693604,-0.045949358493089676,-0.014178053475916386,-0.07844152301549911,28480,0,0,0.007947087287902832,0.21825027465820312,0.19800950586795807,0.21784545481204987,0.9748777151107788,0.3354138433933258,0.5731343626976013,0.6795318722724915,0.025219714269042015,0.2142721265554428,0.0506085567176342,0.05672462284564972,0.22739197313785553,0.057008422911167145
446,18.36956024169922,24.707063674926758,0.25750029645860195,0.7482779582603096,0.23454539477825165,-0.022954901680350304,0.013582085259258747,-0.07452663034200668,28544,0,1,0.08140701055526733,0.22301709651947021,0.2152792513370514,0.2103748619556427,0.9783448576927185,0.3641791045665741,0.6046133041381836,0.6599825024604797,0.027270860970020294,0.20051339268684387,0.045143160969018936,0.0458192341029644,0.23504459857940674,0.04715525731444359
447,18.300880432128906,24.393571853637695,0.27016178146004677,0.7347031914944793,0.25182393193244934,-0.018337849527597427,-0.004172282759100199,-0.06276320666074753,28608,0,0,0.07724499702453613,0.25426268577575684,0.20571918785572052,0.22732004523277283,0.9810503721237183,0.38236093521118164,0.6298507452011108,0.5641142725944519,0.03165147826075554,0.20372310280799866,0.04703777655959129,0.05242541804909706,0.23847627639770508,0.0528581403195858
448,18.739107131958008,25.048921585083008,0.26256375201046467,0.7435700825584912,0.23864363133907318,-0.023920120671391487,-0.007541300728917122,-0.06263932585716248,28672,0,0,0.07284218072891235,0.2436581254005432,0.17514094710350037,0.2224821150302887,0.9791857600212097,0.3546811640262604,0.5989145636558533,0.8776043653488159,0.029602915048599243,0.21164563298225403,0.0452125109732151,0.05702919512987137,0.2314446121454239,0.057003892958164215
449,18.4849910736084,24.764738082885742,0.2723824977874756,0.7409736091591258,0.22081977128982544,-0.051562726497650146,-0.0002473199856467545,-0.0765211433172226,28736,0,1,0.04877972602844238,0.21998697519302368,0.1965027004480362,0.2004334032535553,0.9786049723625183,0.3655359745025635,0.6078697443008423,0.6921672224998474,0.028851347044110298,0.21942976117134094,0.05000098794698715,0.05352883040904999,0.21807676553726196,0.054514139890670776
450,18.581748962402344,25.141681671142578,0.2570224292576313,0.7522247585425341,0.21970155835151672,-0.03732087090611458,0.010157208889722824,-0.0800873339176178,28800,0,0,0.06468099355697632,0.21119213104248047,0.18896102905273438,0.2209254503250122,0.9745302796363831,0.33188602328300476,0.5690637826919556,0.7244988083839417,0.028734508901834488,0.20983049273490906,0.04482419416308403,0.05352501943707466,0.22904911637306213,0.05387493222951889
451,18.30401611328125,24.526023864746094,0.2916666939854622,0.7270084356597929,0.22325751185417175,-0.06840918213129044,-0.041177403181791306,-0.06778202950954437,28864,0,0,0.03634846210479736,0.25326716899871826,0.1948785036802292,0.20827877521514893,0.977026104927063,0.34409770369529724,0.583989143371582,0.6231900453567505,0.028803829103708267,0.21635466814041138,0.05378556624054909,0.057156845927238464,0.2151777446269989,0.05741702392697334
452,18.29671287536621,24.34848403930664,0.2847448103129864,0.7222809458054988,0.25944674015045166,-0.025298070162534714,0.0006975475698709488,-0.05282530561089516,28928,0,0,0.06953006982803345,0.2580934762954712,0.19553503394126892,0.21589939296245575,0.9807008504867554,0.3704206347465515,0.6176391243934631,0.6331578493118286,0.02798417955636978,0.2022147923707962,0.050424762070178986,0.05758274346590042,0.2261338084936142,0.05796176567673683
453,18.504331588745117,24.850963592529297,0.2722173258662224,0.7386168913735376,0.23076775670051575,-0.041449569165706635,0.024316027760505676,-0.058711305260658264,28992,0,1,0.03231370449066162,0.21070033311843872,0.1936691850423813,0.18731741607189178,0.9733070731163025,0.33704206347465515,0.5620081424713135,0.8088496327400208,0.028716973960399628,0.20990291237831116,0.05231405794620514,0.05437834560871124,0.21017241477966309,0.05643105506896973
454,18.417987823486328,24.880783081054688,0.2741161733865738,0.7434583330520931,0.2056107074022293,-0.06850546598434448,0.0049432991072535515,-0.07505013048648834,29056,0,1,0.0032791495323181152,0.20055001974105835,0.18992018699645996,0.18771421909332275,0.9711422920227051,0.3264586329460144,0.5560380220413208,0.8386751413345337,0.03020038828253746,0.211943581700325,0.0503741018474102,0.054497916251420975,0.2109413743019104,0.056063923984766006
455,18.44002342224121,25.05701446533203,0.25835729017853737,0.7564772220718899,0.197440966963768,-0.06091632321476936,0.003925615455955267,-0.0893709659576416,29120,0,0,0.03740525245666504,0.19341915845870972,0.1903706192970276,0.21669107675552368,0.9683946371078491,0.3033921420574188,0.5202171206474304,0.7802509665489197,0.030194872990250587,0.202961266040802,0.05000542849302292,0.06302086263895035,0.22803907096385956,0.06311368942260742
456,18.119760513305664,24.620038986206055,0.27827180176973343,0.7423606758038779,0.19818900525569916,-0.08008279651403427,-0.01580086350440979,-0.09119168668985367,29184,0,0,0.033906400203704834,0.20940285921096802,0.2113766074180603,0.20956803858280182,0.9687873125076294,0.30203530192375183,0.5297150611877441,0.6395332217216492,0.02975798211991787,0.19887813925743103,0.05162607133388519,0.05330467224121094,0.22425679862499237,0.05376872792840004
457,18.231353759765625,24.57401466369629,0.27231213077902794,0.7418894029353111,0.21729101240634918,-0.05502111837267876,0.002958974102512002,-0.07851885259151459,29248,0,0,0.03839457035064697,0.21439027786254883,0.20153480768203735,0.20985189080238342,0.970596432685852,0.31967437267303467,0.539484441280365,0.7026799321174622,0.030075546354055405,0.19234275817871094,0.05205448344349861,0.05685935169458389,0.22539253532886505,0.057337671518325806
458,18.279621124267578,24.863502502441406,0.25640278309583664,0.7561109174679103,0.20509380102157593,-0.05130898207426071,0.01119180303066969,-0.08414603769779205,29312,0,0,0.017622292041778564,0.19495970010757446,0.20023570954799652,0.21446599066257477,0.9694082140922546,0.2868385314941406,0.5063772201538086,0.7238588333129883,0.031221352517604828,0.19626778364181519,0.04837220534682274,0.05624273046851158,0.22798356413841248,0.056756507605314255
459,18.599647521972656,25.202754974365234,0.24227669090032578,0.7692917137760079,0.19213369488716125,-0.05014299601316452,0.0005822295788675547,-0.08310001343488693,29376,0,0,0.023488521575927734,0.19021624326705933,0.18897826969623566,0.21743705868721008,0.9614356160163879,0.2531886100769043,0.45373135805130005,0.8045057654380798,0.0313933789730072,0.1957177221775055,0.05023021623492241,0.062438495457172394,0.22964465618133545,0.0622364804148674
460,18.41023063659668,25.0499324798584,0.2533738985657692,0.763766481537382,0.18081696331501007,-0.07255693525075912,0.01557321846485138,-0.0907355397939682,29440,0,0,-0.03900444507598877,0.1668108105659485,0.1855001300573349,0.19275136291980743,0.9597118496894836,0.258887380361557,0.46132972836494446,0.8020513653755188,0.02888040617108345,0.21000880002975464,0.05244692414999008,0.05753087252378464,0.2052972912788391,0.057854391634464264
461,18.343400955200195,24.815183639526367,0.2668488249182701,0.7516900124904992,0.19218876957893372,-0.0746600553393364,0.008565448224544525,-0.09397970139980316,29504,0,1,-0.023984551429748535,0.18384242057800293,0.18522381782531738,0.20033250749111176,0.968011200428009,0.289552241563797,0.5093622803688049,0.8473795652389526,0.028873106464743614,0.2062036693096161,0.05298297852277756,0.057697929441928864,0.21539489924907684,0.05826861411333084
462,18.442888259887695,25.110904693603516,0.25044601410627365,0.7618784973700216,0.19868877530097961,-0.05175723880529404,0.06719140708446503,-0.09009432792663574,29568,0,1,-0.04950439929962158,0.13945013284683228,0.19255486130714417,0.17913278937339783,0.9690597057342529,0.291994571685791,0.5131614804267883,0.7967622876167297,0.029732119292020798,0.20358183979988098,0.04824472591280937,0.04913796856999397,0.20009064674377441,0.05044608190655708
463,18.415573120117188,24.923181533813477,0.25685687363147736,0.7599368727159975,0.18690133094787598,-0.06995554268360138,0.033743344247341156,-0.10113698244094849,29632,0,1,-0.11550426483154297,0.15680676698684692,0.19527260959148407,0.19383683800697327,0.9692509174346924,0.289552241563797,0.5096336603164673,0.7576821446418762,0.028905056416988373,0.19678384065628052,0.04889402166008949,0.05244419351220131,0.2139115035533905,0.05335137993097305
464,18.71983528137207,25.3814697265625,0.2497757226228714,0.7676123773791994,0.17495203018188477,-0.07482369244098663,0.05298108980059624,-0.10108866542577744,29696,0,1,-0.02599358558654785,0.12692493200302124,0.17439278960227966,0.1772204488515854,0.9643569588661194,0.30067843198776245,0.5112618803977966,0.9024031758308411,0.02783619798719883,0.22171834111213684,0.04954134672880173,0.05434262007474899,0.19667914509773254,0.05575006082653999
465,18.759191513061523,25.496267318725586,0.2423020526766777,0.7767949616266243,0.1567438840866089,-0.08555816859006882,0.04414607957005501,-0.11151967197656631,29760,0,0,-0.10149085521697998,0.11525577306747437,0.17327718436717987,0.18233564496040344,0.9609608054161072,0.2594301402568817,0.47164180874824524,0.8939908742904663,0.026570510119199753,0.216635599732399,0.050230637192726135,0.05660076439380646,0.1932593733072281,0.0568283312022686
466,18.827573776245117,25.239883422851562,0.25702692568302155,0.7557039359363862,0.20491449534893036,-0.052112430334091187,0.07201304286718369,-0.07934460788965225,29824,0,1,-0.016531944274902344,0.14167582988739014,0.1755085587501526,0.17038530111312866,0.9709603786468506,0.30257803201675415,0.5335142612457275,0.8662188053131104,0.027293376624584198,0.22321850061416626,0.04563476890325546,0.047253161668777466,0.18990328907966614,0.04857196658849716
467,18.81947135925293,24.849510192871094,0.25936059281229973,0.7518879563682237,0.21402402222156525,-0.04533657059073448,0.01169436052441597,-0.07349112629890442,29888,0,1,0.018502414226531982,0.20326566696166992,0.18073660135269165,0.20245741307735443,0.9679742455482483,0.28738129138946533,0.49579378962516785,0.7613926529884338,0.02863990142941475,0.21151362359523773,0.048410434275865555,0.0560147687792778,0.2141025960445404,0.05648765712976456
468,18.731277465820312,24.922359466552734,0.26343439519405365,0.7520882220575253,0.2008209228515625,-0.06261347234249115,0.02006593346595764,-0.07545720040798187,29952,0,0,-0.03536713123321533,0.18269580602645874,0.17072929441928864,0.17876560986042023,0.9700536727905273,0.3014925420284271,0.5196743607521057,0.7942435145378113,0.025583837181329727,0.23180006444454193,0.05106943100690842,0.055714160203933716,0.1873234659433365,0.055897306650877
469,18.888288497924805,24.91009521484375,0.2722175568342209,0.7443973105669168,0.2072148472070694,-0.06500270962715149,0.012656091712415218,-0.07494526356458664,30016,0,1,-0.012508034706115723,0.19466793537139893,0.17816486954689026,0.17575019598007202,0.9720777273178101,0.34274086356163025,0.547082781791687,0.8829581141471863,0.024966279044747353,0.23208536207675934,0.051144469529390335,0.054154857993125916,0.19526834785938263,0.05564083531498909
470,18.728736877441406,25.051090240478516,0.2516660690307617,0.7577605581335682,0.212751567363739,-0.038914501667022705,0.04701754450798035,-0.07619557529687881,30080,0,0,0.006768167018890381,0.17235755920410156,0.19024968147277832,0.19266436994075775,0.972773551940918,0.32564452290534973,0.5595658421516418,0.668505847454071,0.026863303035497665,0.2153514325618744,0.049153879284858704,0.05305342748761177,0.20430617034435272,0.05379259213805199
471,18.643098831176758,24.386281967163086,0.27900271490216255,0.7332416081440918,0.23310229182243347,-0.04590042307972908,-0.011866106651723385,-0.06946432590484619,30144,0,0,0.05414694547653198,0.24076932668685913,0.20097951591014862,0.21478405594825745,0.9775379300117493,0.3563093841075897,0.5921303033828735,0.648062527179718,0.023518795147538185,0.19999320805072784,0.04851394146680832,0.05286560580134392,0.22596505284309387,0.05337239056825638
472,18.699565887451172,24.531070709228516,0.276253055781126,0.7302648727113957,0.25208887457847595,-0.02416418120265007,0.0031841727904975414,-0.05255509540438652,30208,0,0,0.0653277039527893,0.24833893775939941,0.19304098188877106,0.20731724798679352,0.9804767370223999,0.388873815536499,0.6195386648178101,0.7273300290107727,0.025059137493371964,0.20121148228645325,0.04780890792608261,0.05620143935084343,0.21976043283939362,0.056688953191041946
473,18.831594467163086,24.577457427978516,0.2812239364720881,0.720632098996484,0.2745802402496338,-0.0066436962224543095,0.020777298137545586,-0.038080841302871704,30272,0,1,0.07945805788040161,0.2583404779434204,0.1977224200963974,0.1996317207813263,0.9824216365814209,0.3934871256351471,0.6472184658050537,0.8422263860702515,0.026376113295555115,0.195525124669075,0.04191521182656288,0.044991619884967804,0.22403928637504578,0.046233177185058594
474,18.716999053955078,24.76390838623047,0.26482122112065554,0.7388834259318893,0.25063350796699524,-0.014187713153660297,0.002192825311794877,-0.04808596894145012,30336,0,0,0.07273668050765991,0.24739032983779907,0.18393367528915405,0.21498578786849976,0.9779779314994812,0.3641791045665741,0.609769344329834,0.8360903263092041,0.027036018669605255,0.20297136902809143,0.04525473341345787,0.05666668713092804,0.22516101598739624,0.056887753307819366
475,18.32496452331543,24.0902156829834,0.2881831005215645,0.7212113209826163,0.2544858157634735,-0.03369728475809097,-0.04312751069664955,-0.05192839354276657,30400,0,0,0.12260019779205322,0.2847254276275635,0.2208302915096283,0.23005364835262299,0.9790253639221191,0.3858887553215027,0.6268656849861145,0.5498706698417664,0.026121003553271294,0.19251613318920135,0.04920099303126335,0.05067084729671478,0.24063201248645782,0.05108293145895004
476,18.276304244995117,24.290266036987305,0.2833329178392887,0.7263820979268129,0.24782714247703552,-0.03550577536225319,-0.03632032871246338,-0.048626743257045746,30464,0,0,0.08291572332382202,0.27361851930618286,0.20760011672973633,0.21733850240707397,0.9772409796714783,0.36065131425857544,0.6032564640045166,0.5890994668006897,0.023575495928525925,0.20584961771965027,0.05025426670908928,0.052882060408592224,0.22768248617649078,0.053289152681827545
477,18.21412467956543,24.295522689819336,0.28120533376932144,0.7252855787113387,0.25757747888565063,-0.023627854883670807,-0.027786731719970703,-0.041576579213142395,30528,0,0,0.0652276873588562,0.2772204279899597,0.20936325192451477,0.22308096289634705,0.9790171384811401,0.3679783046245575,0.614654004573822,0.611366868019104,0.02383073791861534,0.1930653601884842,0.048081111162900925,0.05187667906284332,0.23375765979290009,0.05246596038341522
478,18.335350036621094,24.495216369628906,0.2805232536047697,0.7263479428100234,0.2554140090942383,-0.025109244510531425,-0.024984171614050865,-0.042469486594200134,30592,0,0,0.1170690655708313,0.2728419899940491,0.19297653436660767,0.22190070152282715,0.9772645235061646,0.35169607400894165,0.5850746631622314,0.7601414322853088,0.024827130138874054,0.19693487882614136,0.0455070398747921,0.0524846687912941,0.23188143968582153,0.05273831635713577
479,18.344345092773438,24.47437286376953,0.284059539437294,0.7254271558722567,0.249508798122406,-0.034550741314888,-0.04398219287395477,-0.04305437579751015,30656,0,1,0.09348571300506592,0.2804493308067322,0.2097710222005844,0.21225117146968842,0.9757246971130371,0.3660787045955658,0.5934871435165405,0.7657221555709839,0.02544528990983963,0.20016910135746002,0.049843933433294296,0.05231817811727524,0.23246189951896667,0.05341128632426262
480,18.215251922607422,24.482513427734375,0.28623148426413536,0.7238926549810191,0.24956408143043518,-0.03666740283370018,-0.034731425344944,-0.057320188730955124,30720,0,1,0.09990209341049194,0.2740136981010437,0.21755975484848022,0.23138836026191711,0.9787447452545166,0.36770692467689514,0.6203528046607971,0.7180081605911255,0.025687960907816887,0.18009372055530548,0.04523177072405815,0.04755604267120361,0.247466579079628,0.0484059676527977
481,18.267887115478516,24.434417724609375,0.27538906037807465,0.7367610262251499,0.22923295199871063,-0.046156108379364014,-0.04127788543701172,-0.06665382534265518,30784,0,0,0.10485070943832397,0.25908172130584717,0.2097153514623642,0.24565497040748596,0.9759477972984314,0.3514246940612793,0.574219822883606,0.7837005257606506,0.025548037141561508,0.18415795266628265,0.046640705317258835,0.053581565618515015,0.2549508810043335,0.05386010929942131
482,18.126506805419922,24.851253509521484,0.26324550062417984,0.7511925618883117,0.2052164375782013,-0.058029063045978546,-0.02224574238061905,-0.07076075673103333,30848,0,1,0.043765246868133545,0.22142398357391357,0.20140324532985687,0.20502811670303345,0.9687194228172302,0.30909091234207153,0.5283582210540771,0.7606363296508789,0.02259838953614235,0.2018549144268036,0.05312409996986389,0.05571793019771576,0.22599129378795624,0.057084888219833374
483,18.173629760742188,25.267780303955078,0.25344350934028625,0.7597508358141777,0.1985240876674652,-0.054919421672821045,0.008752417750656605,-0.06741040199995041,30912,0,1,-0.001244187355041504,0.1905684471130371,0.19587402045726776,0.19324326515197754,0.9649645090103149,0.28086838126182556,0.5044776201248169,0.8504375219345093,0.02472292259335518,0.21502912044525146,0.04958328604698181,0.052843838930130005,0.2113334834575653,0.054224200546741486
484,18.127458572387695,24.570693969726562,0.28646419942379,0.7294585072679428,0.22760924696922302,-0.058854952454566956,-0.017026683315634727,-0.06509049236774445,30976,0,1,0.03211402893066406,0.23983508348464966,0.20666033029556274,0.2101040482521057,0.9760619401931763,0.34925374388694763,0.5837178230285645,0.7573288083076477,0.0249418243765831,0.20577195286750793,0.0503956601023674,0.05352519080042839,0.2306760847568512,0.054922547191381454
485,18.169387817382812,24.832521438598633,0.2715292423963547,0.7487956070184741,0.19061963260173798,-0.0809096097946167,-0.015066694468259811,-0.09388970583677292,31040,0,0,0.01287996768951416,0.20189189910888672,0.19430392980575562,0.22299730777740479,0.9701112508773804,0.32862958312034607,0.5544098019599915,0.830845057964325,0.027347207069396973,0.19961172342300415,0.04688817635178566,0.05689553916454315,0.23233243823051453,0.05704711005091667
486,18.014171600341797,24.96727752685547,0.27333129197359085,0.7481344230784877,0.18810442090034485,-0.085226871073246,-0.011748048476874828,-0.09460216015577316,31104,0,1,-0.005235791206359863,0.19672375917434692,0.20489168167114258,0.21120651066303253,0.9687759876251221,0.29823610186576843,0.5294436812400818,0.7285702228546143,0.024485819041728973,0.19940832257270813,0.04814055934548378,0.05149566009640694,0.22796744108200073,0.052297912538051605
487,18.162370681762695,25.352224349975586,0.2528833597898483,0.7652833225585353,0.1754850149154663,-0.07739834487438202,0.0249603483825922,-0.10277403891086578,31168,0,1,-0.0232391357421875,0.1535327434539795,0.18946488201618195,0.20942458510398865,0.9657920002937317,0.28928089141845703,0.5058344602584839,0.7602380514144897,0.02779562398791313,0.20504042506217957,0.04485118016600609,0.05232854187488556,0.21598467230796814,0.052511803805828094
488,18.377710342407227,25.099763870239258,0.2742096483707428,0.7442580990144126,0.20199720561504364,-0.07221244275569916,0.025624314323067665,-0.08427263051271439,31232,0,0,-0.025474905967712402,0.18068301677703857,0.16532136499881744,0.19747065007686615,0.9697381258010864,0.3009498119354248,0.5275441408157349,0.9344313740730286,0.028037404641509056,0.22037900984287262,0.044952936470508575,0.0558391734957695,0.2038666158914566,0.05562964081764221
489,18.095260620117188,25.149595260620117,0.26661498099565506,0.7547486430835295,0.17950588464736938,-0.08710909634828568,0.020045967772603035,-0.10151918232440948,31296,0,1,-0.04010570049285889,0.1620437502861023,0.18918991088867188,0.19638413190841675,0.9660171270370483,0.29552239179611206,0.5196743607521057,0.7522015571594238,0.025400515645742416,0.21290874481201172,0.050496656447649,0.05350969731807709,0.2114560902118683,0.0543631985783577
490,18.227872848510742,25.24672508239746,0.2658982053399086,0.7561121448928514,0.17565037310123444,-0.09024783223867416,0.017997417598962784,-0.10795307904481888,31360,0,0,-0.02706742286682129,0.15986627340316772,0.18574082851409912,0.20573857426643372,0.9687246084213257,0.3093622922897339,0.5302578210830688,0.7572119235992432,0.027557477355003357,0.20764213800430298,0.04905169457197189,0.05508088320493698,0.21542984247207642,0.05526332929730415
491,18.08403778076172,24.885433197021484,0.2731844186782837,0.7505829156790189,0.17789289355278015,-0.09529152512550354,0.01645931601524353,-0.1134873777627945,31424,0,0,-0.0029619932174682617,0.16346293687820435,0.19575071334838867,0.21029651165008545,0.971887469291687,0.32374492287635803,0.5459973216056824,0.6375594735145569,0.025742217898368835,0.20940667390823364,0.048844173550605774,0.05206136405467987,0.22102081775665283,0.05240631848573685
492,18.503278732299805,25.01177215576172,0.2697759419679642,0.7482387104413586,0.19822144508361816,-0.07155449688434601,0.027417918667197227,-0.091702900826931,31488,0,0,-0.025062084197998047,0.17469781637191772,0.1829347312450409,0.20775872468948364,0.9704288840293884,0.3245590329170227,0.5554952621459961,0.8164082169532776,0.02780357003211975,0.20631714165210724,0.04647081345319748,0.05767124146223068,0.2190791219472885,0.057736631482839584
493,18.214317321777344,24.946619033813477,0.28177424520254135,0.739276801558012,0.20103326439857483,-0.08074098080396652,0.022070059552788734,-0.08854281902313232,31552,0,0,0.002057194709777832,0.18245452642440796,0.17907173931598663,0.19407345354557037,0.9721383452415466,0.32428765296936035,0.542198121547699,0.7515724301338196,0.026204872876405716,0.2121424376964569,0.048228826373815536,0.052046820521354675,0.20472531020641327,0.05261440947651863
494,18.405235290527344,25.246814727783203,0.2618277966976166,0.7545046376442459,0.19529931247234344,-0.06652848422527313,0.05859905481338501,-0.09297407418489456,31616,0,1,0.005203187465667725,0.14424824714660645,0.17863425612449646,0.18957847356796265,0.9685273170471191,0.2966078817844391,0.5267300009727478,0.8724645376205444,0.026800256222486496,0.21389462053775787,0.04594975709915161,0.051955364644527435,0.20294278860092163,0.05269036069512367
495,18.20966339111328,24.94316864013672,0.26777369529008865,0.7524322462454559,0.18615587055683136,-0.0816178247332573,0.03556295484304428,-0.0992111787199974,31680,0,0,-0.062108635902404785,0.15523487329483032,0.18985776603221893,0.1960243433713913,0.9671621322631836,0.2925373315811157,0.516417920589447,0.6738969087600708,0.027449700981378555,0.21185310184955597,0.05038835480809212,0.05410027876496315,0.20829541981220245,0.05439252778887749
496,18.49216079711914,24.788562774658203,0.27429528161883354,0.7392927003199317,0.22217559814453125,-0.05211968347430229,0.0713268294930458,-0.08248373121023178,31744,0,0,0.004255354404449463,0.16184675693511963,0.18336006999015808,0.19699566066265106,0.9762541055679321,0.35875171422958374,0.5913161635398865,0.7073146104812622,0.029051851481199265,0.20684990286827087,0.04729099199175835,0.0534592904150486,0.2088523954153061,0.054020512849092484
497,18.433252334594727,25.085840225219727,0.2763306498527527,0.7428678631626295,0.20166665315628052,-0.07466399669647217,0.056924786418676376,-0.09321979433298111,31808,0,0,-0.03164052963256836,0.15197420120239258,0.16814039647579193,0.19054602086544037,0.9725443720817566,0.32374492287635803,0.544911801815033,0.8750082850456238,0.026315094903111458,0.21006736159324646,0.05123693868517876,0.059239473193883896,0.20125997066497803,0.059460967779159546
498,18.30563735961914,24.99608039855957,0.2673421576619148,0.7527175135354763,0.18622168898582458,-0.08112046867609024,0.052670154720544815,-0.10654031485319138,31872,0,0,-0.06643140316009521,0.13956230878829956,0.18481296300888062,0.19278638064861298,0.9705563187599182,0.3093622922897339,0.5261872410774231,0.650397002696991,0.027921952307224274,0.20744958519935608,0.050115618854761124,0.05411689355969429,0.20364275574684143,0.05456933006644249
499,18.4184627532959,25.056167602539062,0.2631674259901047,0.7541865295820458,0.19256936013698578,-0.0705980658531189,0.06599350273609161,-0.09871979057788849,31936,0,0,-0.047292470932006836,0.13397783041000366,0.18010711669921875,0.18968082964420319,0.970482349395752,0.3207598626613617,0.548439621925354,0.6924816370010376,0.028448307886719704,0.20875321328639984,0.048414912074804306,0.05491740256547928,0.1996854990720749,0.055306416004896164
500,18.241655349731445,24.980194091796875,0.2757587730884552,0.7422097532719735,0.2060566544532776,-0.06970211863517761,0.052062053233385086,-0.08760741353034973,32000,0,0,-0.03641772270202637,0.16124993562698364,0.1815655529499054,0.18212424218654633,0.9713365435600281,0.33134329319000244,0.540841281414032,0.5989329218864441,0.026983607560396194,0.22049115598201752,0.05027042701840401,0.05312388390302658,0.1919282078742981,0.053583621978759766
600,17.633363723754883,24.808786392211914,0.3294239044189453,0.7116544747020811,0.1869615614414215,-0.1424623429775238,0.060194045305252075,-0.12342943251132965,38400,0,1,-0.05843687057495117,0.13280755281448364,0.20372046530246735,0.19388554990291595,0.9644310474395752,0.2909091114997864,0.511533260345459,0.6081250905990601,0.02868874929845333,0.19626563787460327,0.050103213638067245,0.052142538130283356,0.2147931307554245,0.052824173122644424
800,17.192970275878906,25.871105194091797,0.3754623010754585,0.7011604785114033,0.11906120926141739,-0.25640109181404114,0.07164023071527481,-0.17062021791934967,51200,0,0,-0.16726839542388916,0.049795448780059814,0.1546383798122406,0.15964359045028687,0.9541518092155457,0.2569878101348877,0.4637720584869385,0.6926434636116028,0.028375724330544472,0.2379668951034546,0.04838341102004051,0.0523262582719326,0.17130981385707855,0.05257386714220047
1000,18.061588287353516,26.193519592285156,0.39826056361198425,0.6713035445388272,0.18662424385547638,-0.21163631975650787,0.13403846323490143,-0.10703767836093903,64000,0,1,-0.17145001888275146,0.052843332290649414,0.14200472831726074,0.13022588193416595,0.9512078166007996,0.2651289105415344,0.4483039379119873,0.8669312596321106,0.020471759140491486,0.26079416275024414,0.04182886704802513,0.04249552637338638,0.14429426193237305,0.043161291629076004
1200,16.65861701965332,25.3350887298584,0.41836924850940704,0.6712296420542623,0.14584197103977203,-0.272527277469635,-0.020923854783177376,-0.14617687463760376,76800,0,0,-0.06760406494140625,0.16150349378585815,0.19216349720954895,0.1911858320236206,0.9565324783325195,0.2507462799549103,0.4510176479816437,0.5667482018470764,0.021036339923739433,0.1963353157043457,0.05527335777878761,0.05811312422156334,0.20465689897537231,0.058348800987005234
1400,17.51058578491211,25.04001808166504,0.45546719431877136,0.6240947020226723,0.24381309747695923,-0.21165409684181213,-0.0020548191387206316,-0.07924330979585648,89600,0,1,0.10765069723129272,0.2417030930519104,0.16932165622711182,0.1618468463420868,0.9727314114570618,0.3308005630970001,0.5557666420936584,0.645248532295227,0.016738560050725937,0.1954440176486969,0.04017722234129906,0.04017816483974457,0.1768370270729065,0.04074946418404579
1600,17.826799392700195,24.602283477783203,0.48056137561798096,0.5951028350699129,0.29368871450424194,-0.186872661113739,0.011952012777328491,-0.055812038481235504,102400,0,1,0.21258962154388428,0.2827937602996826,0.15873296558856964,0.15587331354618073,0.9817473292350769,0.43473541736602783,0.667028546333313,0.7128846049308777,0.015015026554465294,0.15311521291732788,0.04387158155441284,0.04396306723356247,0.16719283163547516,0.04457128793001175
1800,18.63560676574707,26.83077049255371,0.3812343031167984,0.6759138791983036,0.2048978954553604,-0.176336407661438,0.16049695014953613,-0.07575520873069763,115200,0,1,-0.060977816581726074,0.04666328430175781,0.11923094838857651,0.11781787872314453,0.9431263208389282,0.20054274797439575,0.3731343448162079,0.8087821006774902,0.019540056586265564,0.18676568567752838,0.04411722719669342,0.04527651518583298,0.12520496547222137,0.045256536453962326
2000,16.00091552734375,25.775146484375,0.42955371737480164,0.6623993420673092,0.15718144178390503,-0.2723722755908966,0.08078641444444656,-0.15458549559116364,128000,0,0,-0.03950023651123047,0.08104419708251953,0.16367699205875397,0.1533738523721695,0.964963436126709,0.2925373315811157,0.5074626803398132,0.39484986662864685,0.01611294038593769,0.12644803524017334,0.04321359470486641,0.043439723551273346,0.16491802036762238,0.04351682960987091
2200,17.82840919494629,26.014049530029297,0.4400709420442581,0.6331011966420144,0.24063682556152344,-0.19943411648273468,0.07538604736328125,-0.0707101970911026,140800,0,0,0.1018064022064209,0.17163002490997314,0.1258516162633896,0.1363375186920166,0.9502703547477722,0.2678426206111908,0.4545454680919647,0.5602628588676453,0.015076416544616222,0.14253860712051392,0.04314527288079262,0.04652954638004303,0.13932925462722778,0.046497710049152374
2400,16.786684036254883,27.48053741455078,0.3762508034706116,0.7022396972793062,0.11264783143997192,-0.26360297203063965,0.1078866496682167,-0.1600904017686844,153600,0,0,-0.17314398288726807,-0.009585380554199219,0.1299746185541153,0.1257568895816803,0.9087507128715515,0.1237449198961258,0.2518317699432373,0.4762860834598541,0.01638399064540863,0.1618722677230835,0.04719582945108414,0.04789605736732483,0.13348303735256195,0.04805765673518181
2600,16.161808013916016,27.078214645385742,0.42525987327098846,0.671242004909153,0.13172517716884613,-0.29353469610214233,0.06346938014030457,-0.148498997092247,166400,0,0,-0.02822554111480713,0.06638193130493164,0.14800529181957245,0.15350043773651123,0.924595057964325,0.06350068002939224,0.15142470598220825,0.3320114314556122,0.01205098070204258,0.1354065090417862,0.04987054690718651,0.05182734876871109,0.15806211531162262,0.05176687240600586
2800,18.0837345123291,25.982675552368164,0.3764086216688156,0.6687060195716185,0.24023155868053436,-0.13617706298828125,0.03536674752831459,-0.053557924926280975,179200,0,1,0.14980876445770264,0.20812183618545532,0.12868422269821167,0.12536033987998962,0.9577022194862366,0.3052917420864105,0.4814111292362213,0.6646470427513123,0.013305884785950184,0.12093967199325562,0.05105482414364815,0.05124567449092865,0.13237427175045013,0.05211067944765091
3000,17.43808364868164,27.732168197631836,0.36569489538669586,0.7030643777022402,0.1341319978237152,-0.23156289756298065,0.0791141539812088,-0.12287244200706482,192000,0,1,-0.030524492263793945,0.045106470584869385,0.11656877398490906,0.11358075588941574,0.90109783411026,0.12781547009944916,0.25020354986190796,0.7890720963478088,0.014155203476548195,0.12806007266044617,0.04570390656590462,0.046545594930648804,0.12144257873296738,0.047223787754774094
3200,17.148096084594727,27.73386573791504,0.34721989184617996,0.719158939234487,0.1108626052737236,-0.23635728657245636,0.13643354177474976,-0.1467738151550293,204800,0,0,-0.08985328674316406,-0.04539287090301514,0.11667071282863617,0.1202266737818718,0.899530291557312,0.14165537059307098,0.26567164063453674,0.7724839448928833,0.01673106662929058,0.13744215667247772,0.048609618097543716,0.04986090213060379,0.12449898570775986,0.04951118677854538
3400,16.595937728881836,26.455238342285156,0.3815719336271286,0.6955048771452268,0.12844206392765045,-0.25312986969947815,0.10297874361276627,-0.1538192331790924,217600,0,0,-0.05626869201660156,0.016025960445404053,0.13925142586231232,0.14750617742538452,0.9298796057701111,0.21194030344486237,0.38018998503685,0.5738518834114075,0.015134280547499657,0.13098329305648804,0.05160515755414963,0.05389660596847534,0.15227365493774414,0.05396329611539841
3600,16.674121856689453,26.17853355407715,0.38872408866882324,0.6696893905503992,0.21187999844551086,-0.17684409022331238,0.05135595053434372,-0.08254729211330414,230400,0,0,0.14774549007415771,0.16282910108566284,0.12594103813171387,0.13151930272579193,0.9363585710525513,0.19050204753875732,0.34219810366630554,0.32279205322265625,0.01882873848080635,0.09085673093795776,0.047117844223976135,0.04914766177535057,0.133381187915802,0.04910093545913696
3800,16.81422996520996,27.64163589477539,0.33257436752319336,0.7325977710330626,0.08885112404823303,-0.24372324347496033,0.09677151590585709,-0.15268000960350037,243200,0,0,-0.09235227108001709,-0.019536852836608887,0.10995087772607803,0.11105315387248993,0.9179207682609558,0.14436906576156616,0.2838534712791443,0.5681464076042175,0.020566826686263084,0.14284300804138184,0.04613294079899788,0.047173820436000824,0.11483797430992126,0.047139815986156464
4000,16.75343894958496,26.363176345825195,0.3799905478954315,0.6851452793554529,0.17311473190784454,-0.20687581598758698,0.004889173433184624,-0.11052746325731277,256000,0,0,0.11714363098144531,0.16652190685272217,0.10973239690065384,0.10936656594276428,0.9525153636932373,0.258887380361557,0.4515604078769684,0.2971254885196686,0.02307526208460331,0.0998830571770668,0.044618505984544754,0.0447210855782032,0.11044573783874512,0.04468721151351929
4200,17.869897842407227,26.91176986694336,0.3654378354549408,0.6800893397486131,0.22312568128108978,-0.142312154173851,0.0704609751701355,-0.05578119680285454,268800,0,0,0.09381306171417236,0.15710866451263428,0.09427346289157867,0.0962846502661705,0.967288613319397,0.3647218644618988,0.5869742631912231,0.4155087172985077,0.022549184039235115,0.11800669878721237,0.0436883345246315,0.04428084194660187,0.09764155000448227,0.04418732598423958
4400,17.41900634765625,27.921926498413086,0.3126005530357361,0.7342050202604951,0.13650402426719666,-0.17609652876853943,0.16612014174461365,-0.1156952902674675,281600,0,0,-0.01863706111907959,-0.044736385345458984,0.0936501994729042,0.09939853847026825,0.9106009602546692,0.17449118196964264,0.3232021927833557,0.5162653923034668,0.025079431012272835,0.11179748177528381,0.043173063546419144,0.04533839970827103,0.10005459934473038,0.04512609541416168
4600,16.83486557006836,27.229873657226562,0.3426184207201004,0.7151592430449542,0.13977643847465515,-0.20284198224544525,0.10386090725660324,-0.12273893505334854,294400,0,1,0.01230323314666748,0.03337812423706055,0.09907601028680801,0.09895883500576019,0.9460569620132446,0.19023066759109497,0.37584805488586426,0.39720985293388367,0.024915549904108047,0.1079607903957367,0.04500364884734154,0.04506397247314453,0.10040070861577988,0.04504786804318428
4800,16.8632755279541,27.968996047973633,0.32727308571338654,0.7396197764736684,0.07036854326725006,-0.2569045424461365,0.12240855395793915,-0.1615225076675415,307200,0,1,-0.1522672176361084,-0.07779419422149658,0.10076484084129333,0.09689532220363617,0.9137813448905945,0.14246948063373566,0.27842605113983154,0.5861175060272217,0.029198473319411278,0.12662066519260406,0.04198084771633148,0.041769228875637054,0.10232078284025192,0.042123112827539444
5000,17.7894344329834,27.209550857543945,0.3294299840927124,0.7183837325187656,0.15964676439762115,-0.16978321969509125,0.14146104454994202,-0.09695370495319366,320000,0,0,0.024293124675750732,0.013728976249694824,0.08691538125276566,0.0937574952840805,0.9494994282722473,0.23772050440311432,0.42767980694770813,0.7294365167617798,0.031141335144639015,0.10405566543340683,0.04010177403688431,0.04283209890127182,0.09462229907512665,0.04272419959306717
5200,17.241130828857422,28.317493438720703,0.26573383063077927,0.7709046993446995,0.10580680519342422,-0.15992702543735504,0.07999220490455627,-0.11282067745923996,332800,0,0,-0.01626121997833252,0.021754086017608643,0.0919647291302681,0.09393417090177536,0.9188408255577087,0.16227951645851135,0.3099050223827362,0.4850951135158539,0.030123399570584297,0.09878939390182495,0.04614192247390747,0.04666654020547867,0.09458275139331818,0.046675000339746475
5400,17.234201431274414,27.760499954223633,0.2813355475664139,0.7623435384879145,0.09754468500614166,-0.18379086256027222,0.13819998502731323,-0.1267314851284027,345600,0,0,-0.13716614246368408,-0.060633301734924316,0.09996698796749115,0.09889991581439972,0.9383629560470581,0.17503392696380615,0.3476255238056183,0.7787972688674927,0.026779035106301308,0.13425451517105103,0.04750913009047508,0.048172395676374435,0.10238208621740341,0.048163507133722305
5600,17.388782501220703,28.342132568359375,0.26235876977443695,0.7693576928526425,0.12484513223171234,-0.1375136375427246,0.14360354840755463,-0.09932944178581238,358400,0,1,-0.06659746170043945,-0.03323996067047119,0.093610480427742,0.093358114361763,0.9241478443145752,0.16417911648750305,0.3156038224697113,0.7058038711547852,0.0336361899971962,0.10560055077075958,0.04765985906124115,0.047698453068733215,0.09627699106931686,0.048066042363643646
5800,17.20195770263672,28.434343338012695,0.26144038140773773,0.7710531597946513,0.11951424181461334,-0.1419261395931244,0.13447119295597076,-0.10820353776216507,371200,0,0,0.00903087854385376,-0.024640798568725586,0.08875099569559097,0.09130260348320007,0.9032986164093018,0.15061059594154358,0.2800542712211609,0.5213392972946167,0.034406740218400955,0.10442847013473511,0.04604484885931015,0.046890292316675186,0.09306200593709946,0.04717932641506195
6000,15.5886869430542,30.36167335510254,0.25760606676340103,0.8056025066628704,-0.06754510849714279,-0.3251511752605438,0.20632532238960266,-0.2687379717826843,384000,0,0,-0.4064326286315918,-0.3701843023300171,0.0926583781838417,0.08991516381502151,0.8908073306083679,0.09335143119096756,0.20895522832870483,0.3430706560611725,0.03188818693161011,0.13734343647956848,0.045577939599752426,0.04567974805831909,0.09362909197807312,0.04576379805803299
6200,16.629283905029297,28.6699161529541,0.25879281759262085,0.7777694888639587,0.09426857531070709,-0.16452424228191376,0.12107716500759125,-0.12428753823041916,396800,0,0,-0.0352860689163208,-0.04405701160430908,0.08957523107528687,0.08967967331409454,0.8821040391921997,0.11397558450698853,0.23066486418247223,0.444860577583313,0.02949622832238674,0.08766144514083862,0.04399266839027405,0.044055551290512085,0.09119552373886108,0.044158533215522766
6400,16.85388946533203,28.543663024902344,0.29729878157377243,0.7564416710805246,0.07665162533521652,-0.2206471562385559,0.27796632051467896,-0.15289923548698425,409600,0,0,-0.12540364265441895,-0.28996431827545166,0.07953867316246033,0.0802900418639183,0.9373946785926819,0.19267301261425018,0.36065131425857544,0.6378853917121887,0.03757470101118088,0.1058998554944992,0.03913862630724907,0.040069036185741425,0.08140099048614502,0.03987132012844086
6600,16.688823699951172,28.855501174926758,0.255874939262867,0.7835314759771106,0.07383269816637039,-0.18204224109649658,0.1374794840812683,-0.14825798571109772,422400,0,0,-0.09582340717315674,-0.08216416835784912,0.09381707012653351,0.09299299120903015,0.9268791079521179,0.1766621470451355,0.3381275534629822,0.3775499761104584,0.02505519613623619,0.08618052303791046,0.04525773227214813,0.04526996240019798,0.09526724368333817,0.04543500021100044
6800,16.17560577392578,29.085845947265625,0.2600037567317486,0.7904468282158618,0.01925061270594597,-0.2407531440258026,0.2613673806190491,-0.19144053757190704,435200,0,0,-0.21079611778259277,-0.35014772415161133,0.08137324452400208,0.08664213120937347,0.8830301761627197,0.0911804661154747,0.19592945277690887,0.4563494324684143,0.029343415051698685,0.10072402656078339,0.04196164757013321,0.0436050184071064,0.08815307915210724,0.043451011180877686
7000,16.435317993164062,29.928171157836914,0.21660653315484524,0.8236740652051663,-0.011837447062134743,-0.22844398021697998,0.22177429497241974,-0.2038116157054901,448000,0,0,-0.30482256412506104,-0.3233095407485962,0.08471471071243286,0.08666308224201202,0.85865718126297,0.05128901079297066,0.11071913689374924,0.5481356382369995,0.027609586715698242,0.1047617569565773,0.043783027678728104,0.04468762129545212,0.08945100754499435,0.04469805210828781
7200,17.955469131469727,27.845563888549805,0.26101400703191757,0.7676265072921267,0.1377619355916977,-0.12325207144021988,0.09310095012187958,-0.09001688659191132,460800,0,0,0.01916581392288208,0.042886197566986084,0.08974529057741165,0.09081945568323135,0.9407302737236023,0.2059701532125473,0.38290366530418396,0.44328197836875916,0.02165682055056095,0.07845616340637207,0.04561888799071312,0.046136274933815,0.09280209243297577,0.04631799831986427
7400,17.942617416381836,26.240650177001953,0.33644716441631317,0.688182456884073,0.2574598789215088,-0.07898728549480438,0.10485165566205978,-0.033658962696790695,473600,0,0,0.19476836919784546,0.16588479280471802,0.09580652415752411,0.09581785649061203,0.9851476550102234,0.4968792498111725,0.7150610685348511,0.22813895344734192,0.02324904128909111,0.05945334956049919,0.04766814410686493,0.047631822526454926,0.09753880649805069,0.04786776751279831
7600,18.188615798950195,28.444278717041016,0.22804861515760422,0.7986835324501591,0.09526192396879196,-0.13278669118881226,0.10650403052568436,-0.12190072238445282,486400,0,0,-0.054012179374694824,-0.022507786750793457,0.08967262506484985,0.08924674242734909,0.9176298975944519,0.1753052920103073,0.32103121280670166,0.3786787688732147,0.025645878165960312,0.07627423852682114,0.04645312577486038,0.04660451412200928,0.09122595191001892,0.046765536069869995
7800,17.979032516479492,28.399322509765625,0.21633552759885788,0.800437900262947,0.13228435814380646,-0.08405116945505142,0.09290765970945358,-0.07165443897247314,499200,0,0,0.027801454067230225,0.038488924503326416,0.08215612918138504,0.08203908801078796,0.9108508229255676,0.15766622126102448,0.30637720227241516,0.4723246991634369,0.029659021645784378,0.07160559296607971,0.045777905732393265,0.045761533081531525,0.08280773460865021,0.04587581008672714
8000,17.065898895263672,29.90304183959961,0.21087554143741727,0.8249392385172126,0.006290689576417208,-0.20458485186100006,0.25021618604660034,-0.17403070628643036,512000,0,0,-0.38902175426483154,-0.36522889137268066,0.07868040353059769,0.07872599363327026,0.8454751968383789,0.07354138791561127,0.14898236095905304,0.6670625805854797,0.025062285363674164,0.12576842308044434,0.04310712218284607,0.04378153383731842,0.08317379653453827,0.043963853269815445
8200,17.550376892089844,28.47127342224121,0.2598712146282196,0.7771024230893236,0.09399396181106567,-0.16587725281715393,0.10155761241912842,-0.11576618999242783,524800,0,1,-0.030262112617492676,-0.018443942070007324,0.07772974669933319,0.07581750303506851,0.8995087146759033,0.160651296377182,0.28982362151145935,0.483589231967926,0.02598748728632927,0.07497522234916687,0.04155754670500755,0.04100119322538376,0.07810213416814804,0.04143838956952095
8400,18.230154037475586,27.904104232788086,0.2622465267777443,0.7622038508197257,0.1594257801771164,-0.1028207466006279,0.099171482026577,-0.06658685952425003,537600,0,0,0.10012173652648926,0.06244462728500366,0.07641604542732239,0.07817825675010681,0.9302876591682434,0.25400272011756897,0.41791045665740967,0.36269527673721313,0.02825753763318062,0.06542329490184784,0.04245059937238693,0.043031372129917145,0.07900559157133102,0.043168481439352036
8600,18.159469604492188,28.45284652709961,0.24403143674135208,0.7862362876751393,0.10243713110685349,-0.1415943056344986,0.11128385365009308,-0.10073277354240417,550400,0,0,-0.036051154136657715,-0.02065587043762207,0.08643950521945953,0.08506897836923599,0.9004492163658142,0.14274084568023682,0.2729986608028412,0.41563332080841064,0.021959353238344193,0.07190702110528946,0.04345797747373581,0.043309543281793594,0.08709716796875,0.04342342168092728
8800,17.77720069885254,27.670944213867188,0.2612195536494255,0.7568049829116013,0.1871039867401123,-0.0741155669093132,0.05688457563519478,-0.05274127051234245,563200,0,0,0.10418951511383057,0.13337427377700806,0.08167492598295212,0.08056053519248962,0.9464208483695984,0.2830393612384796,0.4591587781906128,0.3101230561733246,0.02616032212972641,0.059706009924411774,0.04458841681480408,0.04457173869013786,0.081694096326828,0.04462941363453865
9000,18.41104507446289,27.80064582824707,0.25893429294228554,0.7522129926712744,0.21394692361354828,-0.04498736932873726,0.06933211535215378,-0.03472496196627617,576000,0,1,0.138685405254364,0.15104073286056519,0.07199449092149734,0.07115937769412994,0.9671127796173096,0.36879241466522217,0.57639080286026,0.43383485078811646,0.026625454425811768,0.06007479876279831,0.04146919772028923,0.04122229665517807,0.0728602185845375,0.041636206209659576
9200,18.47818374633789,28.756946563720703,0.22542724758386612,0.7956677970704517,0.12218828499317169,-0.10323896259069443,0.14150470495224,-0.09040696173906326,588800,0,0,-0.03136944770812988,-0.031505584716796875,0.07668862491846085,0.07692284882068634,0.9174016714096069,0.2059701532125473,0.35495251417160034,0.36798760294914246,0.029604215174913406,0.08420124650001526,0.041797004640102386,0.04236026853322983,0.07832984626293182,0.042314618825912476
9400,17.87835121154785,29.220829010009766,0.2249470353126526,0.8035295453576741,0.08000625669956207,-0.14494077861309052,0.08824779838323593,-0.10829497873783112,601600,0,1,-0.05432426929473877,-0.021111369132995605,0.08076993376016617,0.07905563712120056,0.8701832294464111,0.10040705651044846,0.2097693383693695,0.6194150447845459,0.024531643837690353,0.06437532603740692,0.04318627715110779,0.04288060963153839,0.08137892186641693,0.043221715837717056
9600,19.349863052368164,28.917686462402344,0.2227933704853058,0.7938260517930443,0.14218463003635406,-0.08060874044895172,0.26344630122184753,-0.07091346383094788,614400,0,0,-0.07767486572265625,-0.18146729469299316,0.07379122078418732,0.0743384063243866,0.9248325228691101,0.20325645804405212,0.3622795343399048,0.6189210414886475,0.0309007465839386,0.08864287286996841,0.037115976214408875,0.038185518234968185,0.07553582638502121,0.038157522678375244
9800,17.70828628540039,29.073261260986328,0.2535710409283638,0.7803274181552076,0.09925747662782669,-0.1543135643005371,0.22333435714244843,-0.10487466305494308,627200,0,0,-0.05665946006774902,-0.1847449541091919,0.0804574266076088,0.08155432343482971,0.8776829838752747,0.07218453288078308,0.1370420604944229,0.447146475315094,0.026466339826583862,0.07166522741317749,0.040788501501083374,0.04210003465414047,0.0840805396437645,0.041958555579185486
10000,18.145891189575195,28.449209213256836,0.24441376328468323,0.7826513065372512,0.11989003419876099,-0.12452372908592224,0.05038120225071907,-0.08674031496047974,640000,0,1,0.029675602912902832,0.0684247612953186,0.07533370703458786,0.07586341351270676,0.9318974018096924,0.19674356281757355,0.35603800415992737,0.48971301317214966,0.023207688704133034,0.0559726357460022,0.04369788616895676,0.04425811767578125,0.07776964455842972,0.04483434185385704
10200,19.04561424255371,28.40778923034668,0.22247563302516937,0.7867832612211295,0.17905083298683167,-0.04342480003833771,0.1257186383008957,-0.02468385174870491,652800,0,0,0.04613000154495239,0.05312126874923706,0.0791289284825325,0.07990274578332901,0.9698368310928345,0.3297150731086731,0.553324282169342,0.43904396891593933,0.026155240833759308,0.08585502207279205,0.046977948397397995,0.047594841569662094,0.08116848021745682,0.04761028662323952
10400,17.860965728759766,28.734018325805664,0.23102982342243195,0.7901418597074997,0.1301441341638565,-0.10088568925857544,0.11062978208065033,-0.07729368656873703,665600,0,1,0.013990342617034912,0.013595283031463623,0.07713723927736282,0.07598964869976044,0.9392120838165283,0.20678426325321198,0.38344642519950867,0.4326806366443634,0.02829304151237011,0.06549433618783951,0.04741275683045387,0.04722385108470917,0.07808564603328705,0.04787980765104294
10600,17.939830780029297,29.871810913085938,0.2094547152519226,0.8172662332897862,0.06322586536407471,-0.1462288498878479,0.12199334055185318,-0.1267983317375183,678400,0,0,-0.04456937313079834,-0.07893657684326172,0.07762203365564346,0.07820786535739899,0.8766591548919678,0.11153324693441391,0.2154681235551834,0.3961121737957001,0.025046294555068016,0.06264016777276993,0.0458991639316082,0.046518296003341675,0.07937173545360565,0.046689581125974655
10800,18.769832611083984,28.409290313720703,0.2548031434416771,0.7732170743580659,0.13124790787696838,-0.12355523556470871,0.06733837723731995,-0.09742021560668945,691200,0,1,0.004444777965545654,0.05948156118392944,0.07396291941404343,0.0741499662399292,0.9597889184951782,0.26431480050086975,0.4610583484172821,0.5362990498542786,0.02608077973127365,0.0685601606965065,0.04516640678048134,0.04545370489358902,0.07613265514373779,0.046015575528144836
11000,18.7589054107666,27.858341217041016,0.26505789905786514,0.7473552850088468,0.215924933552742,-0.04913296550512314,0.04613502323627472,-0.01668255217373371,704000,0,1,0.19497615098953247,0.17453569173812866,0.06244102120399475,0.06161365285515785,0.9734169840812683,0.418181836605072,0.6339213252067566,0.4556610584259033,0.030218500643968582,0.05047591030597687,0.04252751171588898,0.04223386570811272,0.06288415938615799,0.042741190642118454
11200,19.285478591918945,29.023738861083984,0.20092705637216568,0.8084827266735218,0.15179423987865448,-0.0491328164935112,0.22321563959121704,-0.05050011724233627,716800,0,0,-0.023121237754821777,-0.10636246204376221,0.07374440133571625,0.07289260625839233,0.9406172037124634,0.2474898397922516,0.41872456669807434,0.44957098364830017,0.02603120729327202,0.08976323902606964,0.042166568338871,0.042736928910017014,0.07514048367738724,0.04277584329247475
11400,19.667354583740234,29.04932975769043,0.21514102071523666,0.8003175474823211,0.13772526383399963,-0.07741575688123703,0.2131352722644806,-0.06820465624332428,729600,0,0,0.014065444469451904,-0.10860633850097656,0.06421446055173874,0.06459752470254898,0.9451276659965515,0.23826323449611664,0.4016282260417938,0.5196673274040222,0.03203749656677246,0.07130774110555649,0.040042273700237274,0.04025506228208542,0.06520234048366547,0.0402231365442276
11600,17.67884063720703,28.601552963256836,0.23804199695587158,0.7856489652814246,0.12751786410808563,-0.11052413284778595,0.042579878121614456,-0.07908288389444351,742400,0,0,0.06119978427886963,0.08450216054916382,0.07279135286808014,0.07199756801128387,0.9117501974105835,0.1625508815050125,0.316417932510376,0.31717395782470703,0.026566511020064354,0.05259474366903305,0.04441677778959274,0.04420331493020058,0.07278135418891907,0.044360920786857605
11800,18.012948989868164,28.67202377319336,0.22092323005199432,0.7981064702951761,0.1266671121120453,-0.09425611793994904,0.13225194811820984,-0.07374881953001022,755200,0,0,0.003541409969329834,-0.012704849243164062,0.07244116812944412,0.07379438728094101,0.9398729801177979,0.2073270082473755,0.36879241466522217,0.4020337164402008,0.025906145572662354,0.06626379489898682,0.043398503214120865,0.04434697702527046,0.07487283647060394,0.04440789297223091
12000,18.437700271606445,29.151451110839844,0.210810586810112,0.805689380018177,0.1258951723575592,-0.0849154144525528,0.07889916747808456,-0.06953614950180054,768000,0,1,0.052656471729278564,0.04627031087875366,0.07203725725412369,0.06980092078447342,0.9012962579727173,0.17367707192897797,0.2976933717727661,0.5876492857933044,0.030959058552980423,0.05557771772146225,0.04677841067314148,0.0457795076072216,0.07223833352327347,0.046814221888780594
12200,19.222856521606445,28.95672035217285,0.21652600914239883,0.7974560568573238,0.14749374985694885,-0.06903225928544998,0.14921621978282928,-0.049546390771865845,780800,0,0,0.09222006797790527,-0.011635184288024902,0.06792953610420227,0.07058072835206985,0.9443948268890381,0.2607869803905487,0.4355495274066925,0.6394624710083008,0.028735008090734482,0.05913128703832626,0.04317221790552139,0.045165903866291046,0.07093925774097443,0.04518178105354309
12400,18.827852249145508,28.6407413482666,0.2369319051504135,0.7838511416674092,0.14078035950660706,-0.09615154564380646,0.07560305297374725,-0.07419296354055405,793600,0,0,0.09874391555786133,0.06626182794570923,0.06698038429021835,0.06758437305688858,0.9687657356262207,0.37530529499053955,0.5959294438362122,0.24535764753818512,0.028079655021429062,0.05067931488156319,0.04596196115016937,0.04618298262357712,0.06801123172044754,0.04626516252756119
12600,18.70794105529785,29.01675796508789,0.21404562518000603,0.7943613851277311,0.17316317558288574,-0.040882449597120285,0.07413747161626816,-0.02477337419986725,806400,0,0,0.10585242509841919,0.10203450918197632,0.06115003675222397,0.0610947422683239,0.9153397083282471,0.24287652969360352,0.3926730155944824,0.2529876232147217,0.03128655627369881,0.05319640785455704,0.04291731119155884,0.042974863201379776,0.06127342954277992,0.042933959513902664
12800,19.171995162963867,28.88672637939453,0.2144925892353058,0.794460065339644,0.17093582451343536,-0.04355676472187042,0.15240372717380524,-0.029675045982003212,819200,0,0,0.14554578065872192,0.017163634300231934,0.06012986972928047,0.06248749792575836,0.955681324005127,0.3112618923187256,0.5033921599388123,0.4124353528022766,0.02715112455189228,0.04515555500984192,0.04098328948020935,0.04312288016080856,0.06269475817680359,0.04306997358798981
13000,18.767902374267578,28.515235900878906,0.2486601024866104,0.7617320258484238,0.20504480600357056,-0.043615296483039856,0.022019339725375175,-0.011303385719656944,832000,0,1,0.1616452932357788,0.18307065963745117,0.06321075558662415,0.06239771097898483,0.9824205636978149,0.4846675992012024,0.703120768070221,0.24937108159065247,0.02575293928384781,0.0427083820104599,0.044212229549884796,0.04379674047231674,0.06316263973712921,0.04412052035331726
13200,18.65161895751953,29.124723434448242,0.21429942548274994,0.7979394231245179,0.15372923016548157,-0.06057019531726837,0.02331918478012085,-0.028939587995409966,844800,0,0,0.13465499877929688,0.12908226251602173,0.06003899127244949,0.06014559045433998,0.942621648311615,0.2819538712501526,0.4572591781616211,0.21460793912410736,0.024058232083916664,0.03698733076453209,0.044576771557331085,0.04480808973312378,0.06047486513853073,0.04488173872232437
13400,18.958168029785156,29.061677932739258,0.23710202425718307,0.7774796501841633,0.17157240211963654,-0.06552962213754654,0.019738655537366867,-0.03469126299023628,857600,0,1,0.11379212141036987,0.14726179838180542,0.05719824135303497,0.058115847408771515,0.9811326265335083,0.4545454680919647,0.6805970668792725,0.47462964057922363,0.025172285735607147,0.04247228428721428,0.043367624282836914,0.04387768357992172,0.058891817927360535,0.04416711628437042
13600,18.917469024658203,28.750818252563477,0.23854061216115952,0.7772822826348009,0.167495995759964,-0.07104461640119553,0.04513729736208916,-0.03933628275990486,870400,0,0,0.08643996715545654,0.1216740608215332,0.06526882946491241,0.06657528877258301,0.9679495692253113,0.37774762511253357,0.5856173634529114,0.23222145438194275,0.02929450199007988,0.05518285185098648,0.045404739677906036,0.04618837684392929,0.06730403751134872,0.04645366221666336
13800,18.093976974487305,29.44097328186035,0.21312369406223297,0.8081984616465491,0.10195589065551758,-0.1111678034067154,0.13496485352516174,-0.08152510225772858,883200,0,0,-0.0197523832321167,-0.04739964008331299,0.06692299991846085,0.06813705712556839,0.8983255624771118,0.13758480548858643,0.27055633068084717,0.3873521387577057,0.023241855204105377,0.05686479061841965,0.0416044257581234,0.04216659814119339,0.06892067939043045,0.04220014065504074
14000,18.747772216796875,28.029155731201172,0.25858437828719616,0.7472564572988292,0.23547464609146118,-0.023109732195734978,0.05259156972169876,-0.0017939876997843385,896000,0,0,0.1856999397277832,0.19019371271133423,0.06107967719435692,0.0606209859251976,0.9926020503044128,0.6621438264846802,0.8488467335700989,0.1607809066772461,0.025206714868545532,0.0385255329310894,0.04417528584599495,0.043994128704071045,0.06117657944560051,0.044184599071741104
14200,19.35238265991211,29.08409881591797,0.21374524384737015,0.7977498861354402,0.1569090336561203,-0.05683621019124985,0.05560966581106186,-0.0334717333316803,908800,0,0,0.09335988759994507,0.1016620397567749,0.050138622522354126,0.050548575818538666,0.980430543422699,0.4529172480106354,0.6675712466239929,0.24701611697673798,0.02881082147359848,0.049490444362163544,0.03673722594976425,0.03699149936437607,0.050615280866622925,0.036932192742824554
14400,19.585124969482422,29.32463264465332,0.1875271461904049,0.8220318711742561,0.13381518423557281,-0.05371196195483208,0.07920020818710327,-0.04513552412390709,921600,0,0,0.059435904026031494,0.05313938856124878,0.05279616266489029,0.0531720370054245,0.9790099263191223,0.48629581928253174,0.6849389672279358,0.23390813171863556,0.027326680719852448,0.044036999344825745,0.038917746394872665,0.03922053426504135,0.05331612005829811,0.039167679846286774
14600,18.581905364990234,29.428516387939453,0.2055462747812271,0.8093824612971751,0.1272285282611847,-0.07831774652004242,0.04525125399231911,-0.04575961083173752,934400,0,0,0.06748694181442261,0.07946205139160156,0.05673399567604065,0.0573958158493042,0.9536656737327576,0.2691994607448578,0.46512892842292786,0.2786671221256256,0.021388046443462372,0.03723964840173721,0.04070121422410011,0.041154712438583374,0.057613153010606766,0.041187915951013565
14800,19.23549461364746,29.171907424926758,0.20832955092191696,0.812080269033746,0.0997203066945076,-0.10860924422740936,0.11008675396442413,-0.08010873943567276,947200,0,1,-0.06299889087677002,-0.020091772079467773,0.06287881731987,0.0617869570851326,0.9653149843215942,0.3438263237476349,0.5495251417160034,0.3788428008556366,0.019555671140551567,0.05411506071686745,0.040204696357250214,0.03992348909378052,0.06298954784870148,0.04021811857819557
15000,17.283611297607422,29.66004180908203,0.23206117749214172,0.7972498327053819,0.08749404549598694,-0.14456713199615479,0.08005055040121078,-0.09678036719560623,960000,0,1,0.019401133060455322,-0.00011622905731201172,0.06327196210622787,0.06426434218883514,0.8735825419425964,0.13975577056407928,0.26675713062286377,0.2971141040325165,0.017441116273403168,0.034150153398513794,0.040690187364816666,0.04104355350136757,0.06455377489328384,0.04105478897690773
15200,18.47034454345703,29.284513473510742,0.21292220056056976,0.7965567191466781,0.1663297563791275,-0.04659244418144226,0.11319588869810104,-0.02634478732943535,972800,0,0,0.09841686487197876,0.054331064224243164,0.06298226863145828,0.06311231106519699,0.9209449291229248,0.20379918813705444,0.34952512383461,0.4052502512931824,0.01777532696723938,0.0375857800245285,0.041750770062208176,0.041946880519390106,0.06386369466781616,0.042189761996269226
15400,19.10116195678711,29.443317413330078,0.20730319246649742,0.8198193420995491,0.05677352473139763,-0.1505296677350998,0.16248798370361328,-0.10885316133499146,985600,0,0,-0.12193119525909424,-0.14036500453948975,0.07418166846036911,0.07407994568347931,0.8994851112365723,0.14762552082538605,0.2786974310874939,0.5208892226219177,0.020204022526741028,0.06768710166215897,0.041435375809669495,0.04141494631767273,0.07546042650938034,0.041609883308410645
15600,18.76156234741211,29.637226104736328,0.20827032625675201,0.8140492224215651,0.08824098855257034,-0.12002933770418167,0.13739733397960663,-0.09835223853588104,998400,0,0,-0.0982125997543335,-0.06562936305999756,0.06842053681612015,0.0678296610713005,0.9373279213905334,0.19755767285823822,0.3755766749382019,0.2643965482711792,0.024334102869033813,0.06858815252780914,0.03941204026341438,0.039389412850141525,0.06892333924770355,0.039464253932237625
15800,17.77043342590332,29.879093170166016,0.21063828468322754,0.8129360073613964,0.08461567759513855,-0.126022607088089,0.09565369039773941,-0.08534631133079529,1011200,0,0,-0.05388832092285156,-0.025902152061462402,0.0686945989727974,0.06864753365516663,0.8707619905471802,0.10881954431533813,0.21926730871200562,0.4462795555591583,0.02031056582927704,0.05849650129675865,0.038922231644392014,0.03914646804332733,0.06967084109783173,0.03919573873281479
16000,16.904951095581055,30.355224609375,0.21047298423945904,0.8292057040852726,-0.02184559591114521,-0.23231858015060425,0.15756362676620483,-0.19189845025539398,1024000,0,0,-0.2418452501296997,-0.22911572456359863,0.06936152279376984,0.06832100450992584,0.90256267786026,0.11913161724805832,0.24206241965293884,0.3138209581375122,0.01851794496178627,0.05621591955423355,0.03860945999622345,0.03853243961930275,0.06941473484039307,0.03857584670186043
16200,18.07917022705078,29.505224227905273,0.19817908853292465,0.8281243520128738,0.045141465961933136,-0.15303762257099152,0.26115307211875916,-0.12652602791786194,1036800,0,1,-0.2782341241836548,-0.3230721950531006,0.06978899985551834,0.0704488754272461,0.9018102288246155,0.10746268928050995,0.21845319867134094,0.6302745938301086,0.017139170318841934,0.08424129337072372,0.037425510585308075,0.0376155823469162,0.07256367057561874,0.03762514516711235
16400,18.568723678588867,28.948225021362305,0.22016097605228424,0.7951888296296616,0.14521484076976776,-0.07494613528251648,0.10254289954900742,-0.04744579270482063,1049600,0,1,0.037587642669677734,0.038890838623046875,0.06541304290294647,0.0651930570602417,0.9579315185546875,0.2976933717727661,0.4930800795555115,0.3020227551460266,0.023615330457687378,0.06290625035762787,0.03854314610362053,0.03857344016432762,0.0657242089509964,0.03859366104006767
16600,19.360137939453125,28.727407455444336,0.24221894517540932,0.7640078685297099,0.21583326160907745,-0.026385683566331863,0.05030662193894386,0.0037479388993233442,1062400,0,1,0.1729223132133484,0.16991323232650757,0.05464698001742363,0.05613435432314873,0.9850273728370667,0.5535956621170044,0.7525101900100708,0.31785205006599426,0.02214331552386284,0.03764021769165993,0.03911563754081726,0.04008413106203079,0.05641186237335205,0.04012569785118103
16800,17.955490112304688,28.93679428100586,0.2317209467291832,0.7882868191147075,0.13721683621406555,-0.09450411051511765,0.08720152080059052,-0.056411489844322205,1075200,0,0,0.046190619468688965,0.04707992076873779,0.06160371005535126,0.06226951256394386,0.9346974492073059,0.21953867375850677,0.38860246539115906,0.32455986738204956,0.023451661691069603,0.0515669509768486,0.03825767710804939,0.03868626430630684,0.0627758726477623,0.03867202624678612
17000,18.778104782104492,29.167762756347656,0.2135969176888466,0.8097087428262001,0.09112329035997391,-0.12247362732887268,0.15604159235954285,-0.096641905605793,1088000,0,0,-0.07568085193634033,-0.09091591835021973,0.059802502393722534,0.05969564616680145,0.9325295090675354,0.21139755845069885,0.3763907849788666,0.357043981552124,0.02398514561355114,0.060493163764476776,0.03469075635075569,0.03475164622068405,0.06045682728290558,0.03477846831083298
17200,18.21691131591797,28.492717742919922,0.25283033400774,0.7661420149919269,0.17170268297195435,-0.08112765103578568,0.03506112098693848,-0.041954297572374344,1100800,0,0,0.1364765167236328,0.13625621795654297,0.05591575428843498,0.055644385516643524,0.948660671710968,0.28276798129081726,0.44803258776664734,0.19128930568695068,0.019835438579320908,0.03206948563456535,0.03612534701824188,0.03613314405083656,0.055887773633003235,0.03612592816352844
17400,17.713043212890625,29.414390563964844,0.2100585773587227,0.8082956886361745,0.11431599408388138,-0.09574258327484131,0.06344857811927795,-0.06986629962921143,1113600,0,0,0.039584338665008545,0.04810374975204468,0.05735434964299202,0.05664374679327011,0.8877596259117126,0.1294436901807785,0.23962008953094482,0.27855733036994934,0.020568780601024628,0.037067435681819916,0.03700067847967148,0.03668208420276642,0.05718811973929405,0.036880504339933395
17600,19.259126663208008,29.56817054748535,0.20372530817985535,0.8153930685392176,0.10016269236803055,-0.1035626158118248,0.14260084927082062,-0.07764139771461487,1126400,0,0,-0.014199137687683105,-0.059061527252197266,0.05979019030928612,0.060436636209487915,0.9086685180664062,0.17584803700447083,0.3150610625743866,0.3686094284057617,0.01901838555932045,0.04756525903940201,0.0358097217977047,0.036125265061855316,0.06082448363304138,0.03614167869091034
17800,18.34300422668457,29.75218963623047,0.22172074019908905,0.8055384545655644,0.08154292404651642,-0.14017781615257263,0.11254222691059113,-0.09757991135120392,1139200,0,0,-0.022261381149291992,-0.04364490509033203,0.05632008984684944,0.05612217262387276,0.9351538419723511,0.19782903790473938,0.36010855436325073,0.2393423467874527,0.023186443373560905,0.05607389658689499,0.03553885221481323,0.03553987294435501,0.056407630443573,0.03544512763619423
18000,19.098711013793945,29.670108795166016,0.22647207975387573,0.8067645166524922,0.05447159707546234,-0.1720004826784134,0.10500707477331161,-0.1285610944032669,1152000,0,1,-0.07876789569854736,-0.06773936748504639,0.06552949547767639,0.06453771889209747,0.9003084301948547,0.1511533260345459,0.29118046164512634,0.42600709199905396,0.01727789267897606,0.04539789259433746,0.0371151864528656,0.036949194967746735,0.06569685786962509,0.03711726516485214
18200,18.3597412109375,28.828596115112305,0.2203419804573059,0.7903441685311373,0.16937202215194702,-0.05096995830535889,0.057779960334300995,-0.034422677010297775,1164800,0,0,0.10354524850845337,0.11503148078918457,0.05550655722618103,0.0551447793841362,0.9533634185791016,0.32293081283569336,0.48873814940452576,0.2216845154762268,0.026229703798890114,0.040788475424051285,0.037529151886701584,0.03741704672574997,0.055447131395339966,0.037457969039678574
18400,18.36663818359375,28.846420288085938,0.23254455626010895,0.7890466361167443,0.13019400835037231,-0.10235054790973663,0.06934981793165207,-0.058777276426553726,1177600,0,0,0.07724767923355103,0.06088721752166748,0.05812959000468254,0.05821147561073303,0.9404938817024231,0.22876527905464172,0.3997286558151245,0.28568536043167114,0.020190181210637093,0.03368068486452103,0.03781292960047722,0.037946462631225586,0.058332037180662155,0.03784200921654701
18600,18.760107040405273,29.23141098022461,0.2216619923710823,0.7894613279204695,0.1688293218612671,-0.052832670509815216,0.06245707347989082,-0.0196630097925663,1190400,0,0,0.09540987014770508,0.10829907655715942,0.06016809493303299,0.06083844602108002,0.9336201548576355,0.24477612972259521,0.41601085662841797,0.2704976201057434,0.0232639629393816,0.05000586807727814,0.038968250155448914,0.03935506194829941,0.061096541583538055,0.039371609687805176
18800,18.39571762084961,29.741249084472656,0.19557452946901321,0.8178028273273149,0.12215211242437363,-0.07342241704463959,0.03933024778962135,-0.047053366899490356,1203200,0,0,0.051456332206726074,0.0792236328125,0.0601135715842247,0.05995576083660126,0.8876125812530518,0.13487111032009125,0.25753054022789,0.30622392892837524,0.021935731172561646,0.038577087223529816,0.04159270599484444,0.04150436818599701,0.06046045944094658,0.041695158928632736
19000,18.448562622070312,29.855709075927734,0.18916849419474602,0.8331893880455119,0.05513695999979973,-0.1340315341949463,0.1803717017173767,-0.11172619462013245,1216000,0,0,-0.06445229053497314,-0.1635226011276245,0.06409784406423569,0.06612750887870789,0.9013240337371826,0.14843963086605072,0.2838534712791443,0.37349697947502136,0.01989329606294632,0.05190647393465042,0.04014652222394943,0.04185717552900314,0.06645259261131287,0.04166388139128685
19200,17.53550910949707,29.306732177734375,0.2084863856434822,0.8196571524161119,0.052430637180805206,-0.156055748462677,0.15115125477313995,-0.11799835413694382,1228800,0,0,-0.13069963455200195,-0.13153076171875,0.07191605865955353,0.07021648436784744,0.8925158381462097,0.11804613471031189,0.23989145457744598,0.3370532691478729,0.021387571468949318,0.06362667679786682,0.041382767260074615,0.04115575551986694,0.07186711579561234,0.04123810678720474
19400,18.0755672454834,28.810449600219727,0.24276385083794594,0.7706216056572257,0.184408500790596,-0.05835535004734993,0.07254460453987122,-0.029774950817227364,1241600,0,0,0.13822132349014282,0.11516952514648438,0.06220204010605812,0.06246504932641983,0.9406706094741821,0.255088210105896,0.4271370470523834,0.18070749938488007,0.01940104179084301,0.03455284610390663,0.04265327379107475,0.04277210682630539,0.06264253705739975,0.04278011620044708
19600,18.04355239868164,29.177978515625,0.2340732365846634,0.7884137865451311,0.12779493629932404,-0.10627830028533936,0.1114528551697731,-0.0764121264219284,1254400,0,0,0.007036328315734863,0.011323034763336182,0.06455590575933456,0.0653548538684845,0.9519942402839661,0.2721845507621765,0.446404367685318,0.20487947762012482,0.021654754877090454,0.04458793252706528,0.04256168007850647,0.04300887882709503,0.06574638187885284,0.04305499792098999
19800,19.055402755737305,29.282936096191406,0.1981169730424881,0.8181931244361441,0.10840585827827454,-0.08971111476421356,0.12168074399232864,-0.07386785745620728,1267200,0,0,-0.015529155731201172,-0.022655963897705078,0.06913072615861893,0.06937617808580399,0.9395286440849304,0.20895522832870483,0.37530529499053955,0.3055747151374817,0.02329554781317711,0.05459626019001007,0.043950580060482025,0.044114336371421814,0.06983152776956558,0.04412247985601425
20000,18.649749755859375,28.976621627807617,0.23104535043239594,0.7864429718442059,0.14915470778942108,-0.08189064264297485,0.0811491385102272,-0.044651806354522705,1280000,0,0,0.06402099132537842,0.06969672441482544,0.06267506629228592,0.06256022304296494,0.9691151976585388,0.35603800415992737,0.5660787224769592,0.1648499220609665,0.019398853182792664,0.036880552768707275,0.044739045202732086,0.04461893439292908,0.06281908601522446,0.044719479978084564
20200,18.084653854370117,29.470664978027344,0.2075742557644844,0.8075841772886129,0.12879469990730286,-0.07877955585718155,0.08238083124160767,-0.0516338013112545,1292800,0,1,0.06377816200256348,0.0456690788269043,0.07176760584115982,0.07015711069107056,0.8589448928833008,0.11804613471031189,0.2200814187526703,0.5079910755157471,0.01719408668577671,0.03804834932088852,0.044322602450847626,0.04369998723268509,0.07189232110977173,0.044272154569625854
20400,19.048620223999023,28.858081817626953,0.22720935195684433,0.7748451994080173,0.21808429062366486,-0.009125061333179474,0.02471288852393627,0.013291964307427406,1305600,0,1,0.18229418992996216,0.19439077377319336,0.057168301194906235,0.05694203823804855,0.9859935641288757,0.583989143371582,0.768792450428009,0.24145962297916412,0.020708583295345306,0.03145739063620567,0.04504872485995293,0.04501553624868393,0.05734402686357498,0.04517820477485657
20600,19.137020111083984,30.604381561279297,0.160225972533226,0.8525886174627927,0.07329516857862473,-0.08693080395460129,0.18802152574062347,-0.0808488205075264,1318400,0,0,-0.01725161075592041,-0.15010809898376465,0.05963745340704918,0.0621194951236248,0.9126023054122925,0.1766621470451355,0.321302592754364,0.35038626194000244,0.016919340938329697,0.03963453322649002,0.043029360473155975,0.044547196477651596,0.062276843935251236,0.04442790150642395
20800,18.85548973083496,29.188257217407227,0.19461915642023087,0.813360053295116,0.15186727046966553,-0.04275188595056534,0.0692022517323494,-0.027985388413071632,1331200,0,0,0.09630054235458374,0.08423739671707153,0.059141214936971664,0.0587029829621315,0.9642983675003052,0.34708279371261597,0.548439621925354,0.21114952862262726,0.015461444854736328,0.028746841475367546,0.04405813664197922,0.0437748059630394,0.059002865105867386,0.043896716088056564
21000,18.275543212890625,29.455474853515625,0.20793762058019638,0.8113277707452031,0.10582724958658218,-0.1021103709936142,0.08948390185832977,-0.07411541789770126,1344000,0,0,-0.0045778751373291016,0.011243641376495361,0.06812238693237305,0.06783956289291382,0.9113369584083557,0.1677069216966629,0.3074626922607422,0.20719227194786072,0.018459279090166092,0.03855045139789581,0.045799802988767624,0.045688241720199585,0.06836327910423279,0.045814912766218185
21200,18.217748641967773,29.913543701171875,0.20749880373477936,0.8124497752102576,0.10113487392663956,-0.1063639298081398,0.053861353546381,-0.061235010623931885,1356800,0,0,0.03016030788421631,0.04433941841125488,0.06475389748811722,0.06656971573829651,0.8429115414619446,0.08059702068567276,0.17747625708580017,0.49976423382759094,0.018312156200408936,0.032994188368320465,0.04345748573541641,0.044433049857616425,0.06683217734098434,0.04452339932322502
21400,18.102487564086914,29.650850296020508,0.2127629816532135,0.8078993243357466,0.10520320385694504,-0.10755977779626846,0.11433395743370056,-0.07394624501466751,1369600,0,0,0.047444820404052734,-0.01779329776763916,0.06403329223394394,0.06522881984710693,0.9163686633110046,0.18073271214962006,0.3259158730506897,0.28614091873168945,0.017301134765148163,0.03798586130142212,0.043235115706920624,0.04409576207399368,0.06570157408714294,0.044165436178445816
21600,17.95912742614746,29.74394989013672,0.19850632920861244,0.828345007492161,0.04208013787865639,-0.15642619132995605,0.16027608513832092,-0.13255803287029266,1382400,0,0,-0.1299731731414795,-0.15547382831573486,0.07235415279865265,0.07149619609117508,0.8956118822097778,0.1261872500181198,0.25345999002456665,0.2620324194431305,0.017089664936065674,0.05453934893012047,0.04568031430244446,0.04562003165483475,0.07262708246707916,0.04569287598133087
21800,17.974781036376953,29.222400665283203,0.2361961007118225,0.7891100472658144,0.11619916558265686,-0.11999693512916565,0.11891808360815048,-0.07348517328500748,1395200,0,0,0.011810481548309326,-0.014391183853149414,0.06975320726633072,0.07187741994857788,0.9146519899368286,0.12211669236421585,0.22686567902565002,0.3134562075138092,0.01943366974592209,0.04060668498277664,0.04526272788643837,0.04651518538594246,0.07259146124124527,0.046515632420778275
22000,19.016082763671875,28.80820083618164,0.2227587029337883,0.7983156652645891,0.11826685816049576,-0.10449184477329254,0.12220390886068344,-0.07894255965948105,1408000,0,0,0.013370871543884277,-0.01161801815032959,0.07391849905252457,0.07406582683324814,0.9574771523475647,0.2998643219470978,0.49009498953819275,0.3021699786186218,0.01826120913028717,0.05085358768701553,0.04651601240038872,0.04653116688132286,0.07466158270835876,0.04653710499405861
22200,18.965656280517578,28.687545776367188,0.24644773080945015,0.7631555453251417,0.20590096712112427,-0.04054676368832588,0.04313818737864494,-0.006885778624564409,1420800,0,1,0.15714502334594727,0.16671627759933472,0.0627988651394844,0.06245908513665199,0.9518410563468933,0.3641791045665741,0.5356852412223816,0.4820925295352936,0.019458280876278877,0.03268800675868988,0.044992540031671524,0.04501378908753395,0.06377942115068436,0.04559211805462837
22400,18.528038024902344,29.05173110961914,0.22077354043722153,0.7957006921248424,0.14013580977916718,-0.08063773065805435,0.07049337774515152,-0.056523647159338,1433600,0,1,0.09536629915237427,0.06991690397262573,0.05893143638968468,0.05932909995317459,0.9710867404937744,0.38534602522850037,0.602171003818512,0.3287848234176636,0.02191852778196335,0.03492273390293121,0.044353585690259933,0.04479927569627762,0.06032009795308113,0.04527920484542847
22600,18.014474868774414,28.817424774169922,0.23087695986032486,0.789786812214889,0.1325778365135193,-0.09829912334680557,0.10000038146972656,-0.059543754905462265,1446400,0,0,0.058760881423950195,0.02940845489501953,0.07171949744224548,0.0713137686252594,0.9596552848815918,0.2792401611804962,0.48249661922454834,0.17367663979530334,0.018429409712553024,0.043098218739032745,0.04611218348145485,0.046127982437610626,0.0718999058008194,0.046190280467271805
22800,17.842714309692383,29.42822265625,0.21069474518299103,0.8028412393064667,0.142039492726326,-0.06865525245666504,0.16260042786598206,-0.06133366376161575,1459200,0,0,0.10976749658584595,-0.03007185459136963,0.0668540894985199,0.06803923100233078,0.8955995440483093,0.16227951645851135,0.3014925420284271,0.3786323070526123,0.016659876331686974,0.032782360911369324,0.042295776307582855,0.04321574419736862,0.06803654879331589,0.04311223700642586
23000,17.10854148864746,30.46586036682129,0.19623719807714224,0.8370383232359441,-0.007955112494528294,-0.20419231057167053,0.22343620657920837,-0.1643785536289215,1472000,0,0,-0.27211785316467285,-0.32701575756073,0.07564672082662582,0.07507041096687317,0.8467230200767517,0.07191316783428192,0.15033921599388123,0.441598117351532,0.018363792449235916,0.07881999015808105,0.043386805802583694,0.04407191276550293,0.07769990712404251,0.044142745435237885
23200,18.666046142578125,30.375389099121094,0.18265065550804138,0.8392107490499578,0.04668755829334259,-0.1359630972146988,0.280910849571228,-0.1241554543375969,1484800,0,0,-0.1910099983215332,-0.35009002685546875,0.07232622057199478,0.07649600505828857,0.8872416019439697,0.10990502685308456,0.22469471395015717,0.6418942213058472,0.02088739722967148,0.07430953532457352,0.04170957952737808,0.045207154005765915,0.07850618660449982,0.04513869807124138
23400,16.901342391967773,29.690290451049805,0.21069586649537086,0.8173764569491646,0.0569789744913578,-0.15371689200401306,0.15245135128498077,-0.1151914894580841,1497600,0,0,-0.1240609884262085,-0.12643516063690186,0.07572529464960098,0.07447819411754608,0.8761729001998901,0.09335143119096756,0.2008141130208969,0.311493456363678,0.016701966524124146,0.0533473901450634,0.04458776116371155,0.044348716735839844,0.07619229704141617,0.04450308531522751
23600,17.281484603881836,29.95970916748047,0.20257983729243279,0.8271021065447555,0.03090658411383629,-0.1716732531785965,0.16857241094112396,-0.13998833298683167,1510400,0,0,-0.16025710105895996,-0.1870049238204956,0.07564596831798553,0.0740036740899086,0.8798990845680237,0.11967436224222183,0.22469471395015717,0.2968210279941559,0.018453724682331085,0.05806489288806915,0.04286179319024086,0.04270161688327789,0.07621254026889801,0.04303300008177757
23800,18.056682586669922,28.69198989868164,0.2352718785405159,0.7830957358217766,0.15059113502502441,-0.08468074351549149,0.16355697810649872,-0.05138443410396576,1523200,0,0,0.0742802619934082,-0.02529609203338623,0.07356596738100052,0.07439053803682327,0.9262674450874329,0.20895522832870483,0.37394845485687256,0.3215409815311432,0.014338748529553413,0.03461284190416336,0.04342416673898697,0.044028960168361664,0.07517103105783463,0.04414527118206024
24000,18.816253662109375,29.393535614013672,0.21220257133245468,0.802643892423973,0.13697579503059387,-0.07522677630186081,0.2155144363641739,-0.058407433331012726,1536000,0,0,-0.002570033073425293,-0.10853147506713867,0.0687641128897667,0.07100068032741547,0.9213797450065613,0.18453189730644226,0.3291723430156708,0.3430171608924866,0.016572585329413414,0.0512920618057251,0.041425805538892746,0.04262257367372513,0.07149715721607208,0.042690034955739975
24200,17.729894638061523,29.873252868652344,0.203633151948452,0.8242446101336791,0.0450163260102272,-0.1586168259382248,0.15409784018993378,-0.12513743340969086,1548800,0,0,-0.11608970165252686,-0.14212286472320557,0.0733514204621315,0.07459154725074768,0.8633578419685364,0.08439620584249496,0.18344640731811523,0.5686639547348022,0.016303695738315582,0.04916062206029892,0.043248191475868225,0.04409228265285492,0.07568448036909103,0.04417876526713371
24400,18.150293350219727,28.57834815979004,0.25435671210289,0.7683650426635159,0.15626376867294312,-0.0980929434299469,0.08603780716657639,-0.05747314915060997,1561600,0,0,0.07770717144012451,0.0715990662574768,0.06968853622674942,0.06941214948892593,0.9552321434020996,0.29036635160446167,0.4814111292362213,0.18763381242752075,0.016622718423604965,0.036663830280303955,0.04513167962431908,0.04513978958129883,0.07010845839977264,0.04523741826415062
24600,17.171493530273438,29.717435836791992,0.1993478573858738,0.8261355277534014,0.05277745798230171,-0.14657039940357208,0.202643483877182,-0.12856167554855347,1574400,0,0,-0.09216535091400146,-0.20702290534973145,0.07393563538789749,0.07618479430675507,0.8642500638961792,0.09633650630712509,0.18398915231227875,0.5057679414749146,0.015900027006864548,0.056490130722522736,0.04413300007581711,0.045524962246418,0.07728081941604614,0.04554370790719986
24800,18.104162216186523,29.159133911132812,0.22939656674861908,0.7993042096041191,0.08639019727706909,-0.14300636947155,0.12910209596157074,-0.09896566718816757,1587200,0,1,-0.085837721824646,-0.06002187728881836,0.07382494956254959,0.07413871586322784,0.932073175907135,0.19538670778274536,0.3685210347175598,0.3295500874519348,0.016445470973849297,0.05161796510219574,0.042822450399398804,0.043359942734241486,0.07529210299253464,0.043315496295690536
25000,19.17586326599121,29.201303482055664,0.22520947456359863,0.8024814548386937,0.08501540124416351,-0.14019407331943512,0.12061556428670883,-0.11241881549358368,1600000,0,0,-0.04426145553588867,-0.05287516117095947,0.07224171608686447,0.07210426032543182,0.9468319416046143,0.23744912445545197,0.4374491274356842,0.20745103061199188,0.016416281461715698,0.05371328815817833,0.044553402811288834,0.044682085514068604,0.07297015935182571,0.04472756385803223
25200,18.658405303955078,29.350910186767578,0.2174375355243683,0.8002715745265804,0.1287715882062912,-0.08866594731807709,0.08305641263723373,-0.05428211763501167,1612800,0,1,0.051710426807403564,0.042529940605163574,0.0672040656208992,0.06828363984823227,0.9113945364952087,0.17042063176631927,0.3066485822200775,0.38439318537712097,0.01617622748017311,0.040411002933979034,0.04204254597425461,0.042800843715667725,0.06903886049985886,0.042890433222055435
25400,18.95277976989746,28.976221084594727,0.22677097842097282,0.7855083528700372,0.1695224493741989,-0.05724852904677391,0.15857206284999847,-0.02051977999508381,1625600,0,0,0.09538394212722778,0.005611538887023926,0.06797616183757782,0.07108068466186523,0.9262613654136658,0.24070556461811066,0.39891454577445984,0.4522366225719452,0.01507471688091755,0.03545893728733063,0.042372751981019974,0.04420130327343941,0.0717959925532341,0.0443914420902729
25600,17.921894073486328,29.426712036132812,0.19905287772417068,0.8237736895982155,0.06952302902936935,-0.12952984869480133,0.11684364080429077,-0.10524223744869232,1638400,0,0,-0.07239067554473877,-0.06196022033691406,0.07033776491880417,0.07014992833137512,0.9328019618988037,0.17693352699279785,0.3435549736022949,0.41342267394065857,0.01761690527200699,0.05434013903141022,0.04339586943387985,0.043461717665195465,0.07067197561264038,0.043419141322374344
25800,17.804718017578125,29.935470581054688,0.19400611519813538,0.8299387272716562,0.05320484936237335,-0.14080126583576202,0.13569261133670807,-0.11347042769193649,1651200,0,0,-0.11130964756011963,-0.10673701763153076,0.06403113156557083,0.06382278352975845,0.8469337821006775,0.07137042284011841,0.158208966255188,0.36899533867836,0.016924792900681496,0.04457564279437065,0.03883097693324089,0.038797490298748016,0.06442964822053909,0.03886549174785614
26000,17.632482528686523,29.62407875061035,0.20861557126045227,0.8173004751508255,0.06676492094993591,-0.14185065031051636,0.14414635300636292,-0.11320321261882782,1664000,0,1,-0.06468212604522705,-0.10179722309112549,0.06721342355012894,0.06579554080963135,0.8694924712181091,0.0854816883802414,0.18208955228328705,0.4047415256500244,0.018613988533616066,0.05133984610438347,0.0384519062936306,0.03819593787193298,0.06772101670503616,0.038594577461481094
26200,17.878082275390625,29.329914093017578,0.20566678792238235,0.8153282978083143,0.09197808802127838,-0.11368869990110397,0.18380333483219147,-0.09284987300634384,1676800,0,0,-0.02694249153137207,-0.1251460313796997,0.06816753000020981,0.06942331790924072,0.8924407362937927,0.15061059594154358,0.2683853507041931,0.40601861476898193,0.018223365768790245,0.048477210104465485,0.039909470826387405,0.040609925985336304,0.07042976468801498,0.040741950273513794
26400,18.248546600341797,30.044797897338867,0.2114248275756836,0.8198840380866107,0.03759866952896118,-0.1738261580467224,0.20597289502620697,-0.12740950286388397,1689600,0,0,-0.1573883295059204,-0.22960948944091797,0.0701984092593193,0.07133633643388748,0.8652029633522034,0.07896879315376282,0.160651296377182,0.4630105793476105,0.01760280132293701,0.05932574346661568,0.04008469730615616,0.04098580777645111,0.07245376706123352,0.04110269248485565
26600,18.093017578125,29.15926742553711,0.21818962320685387,0.7932541657702624,0.1628376543521881,-0.055351968854665756,0.1844339221715927,-0.030858827754855156,1702400,0,0,0.07524162530899048,-0.03376615047454834,0.06415946036577225,0.06699646264314651,0.9054726958274841,0.1785617470741272,0.31668928265571594,0.5160441994667053,0.02056266739964485,0.045246873050928116,0.03773976489901543,0.039689499884843826,0.06712621450424194,0.039551228284835815
26800,19.046754837036133,30.09589385986328,0.21061888337135315,0.8088610294994303,0.10870396345853806,-0.1019149199128151,0.23826991021633148,-0.06823013722896576,1715200,0,0,-0.03394913673400879,-0.18232202529907227,0.06199656426906586,0.06733916699886322,0.8576569557189941,0.06675712764263153,0.14002713561058044,0.5872896909713745,0.021542400121688843,0.048747822642326355,0.03572838380932808,0.039137352257966995,0.06783806532621384,0.03898659348487854
27000,18.18702507019043,29.499710083007812,0.21569475531578064,0.8117751627705854,0.06975270807743073,-0.14594204723834991,0.1620771586894989,-0.11530175060033798,1728000,0,0,-0.052457451820373535,-0.11933755874633789,0.07019828259944916,0.07365866750478745,0.892312228679657,0.09389416873455048,0.18208955228328705,0.37676650285720825,0.016287369653582573,0.04840809851884842,0.040237147361040115,0.042262040078639984,0.07405263930559158,0.04205820709466934
27200,18.95585060119629,28.936267852783203,0.2188274022191763,0.7862430437622423,0.19510678946971893,-0.02372061274945736,0.129706010222435,-0.005653468891978264,1740800,0,1,0.09992063045501709,0.06957179307937622,0.06643255054950714,0.06645996123552322,0.9542977809906006,0.3419267535209656,0.5383989214897156,0.2956973612308502,0.01964728906750679,0.04564504697918892,0.04003935679793358,0.04011180251836777,0.0675167441368103,0.0403817780315876
27400,18.95340347290039,29.134944915771484,0.23774123936891556,0.7909732355695128,0.10036899894475937,-0.1373722404241562,0.12373431026935577,-0.09596974402666092,1753600,0,0,-0.0714484453201294,-0.033315300941467285,0.06921067833900452,0.06960946321487427,0.9553749561309814,0.3161465525627136,0.5213025808334351,0.2679712474346161,0.019687488675117493,0.05474439635872841,0.0417330227792263,0.04190871864557266,0.07011140137910843,0.04183002933859825
27600,18.699262619018555,30.032176971435547,0.21294746547937393,0.818426658233787,0.040157102048397064,-0.17279036343097687,0.11404304206371307,-0.1413082331418991,1766400,0,0,-0.13296914100646973,-0.09050917625427246,0.06484920531511307,0.06477352976799011,0.9156172275543213,0.16662144660949707,0.3142469525337219,0.23637515306472778,0.019650109112262726,0.04968520253896713,0.04022124409675598,0.040187545120716095,0.06537097692489624,0.04025500640273094
27800,18.513164520263672,28.975475311279297,0.21810886077582836,0.7880289987295187,0.18915273249149323,-0.028956128284335136,0.1058909147977829,-0.014270681887865067,1779200,0,0,0.1497863531112671,0.08925354480743408,0.0544622540473938,0.056541431695222855,0.9500483274459839,0.32238808274269104,0.5175034403800964,0.3519142270088196,0.018177982419729233,0.031179968267679214,0.03827398642897606,0.03971877694129944,0.05656386911869049,0.03957444429397583
28000,17.911386489868164,29.09333610534668,0.20076242834329605,0.815962668868477,0.10988359898328781,-0.09087882936000824,0.12695905566215515,-0.07390790432691574,1792000,0,0,-0.02320706844329834,-0.030331134796142578,0.06896024197340012,0.06843006610870361,0.9266025424003601,0.17367707192897797,0.3240163028240204,0.2928972840309143,0.016557782888412476,0.050315942615270615,0.041739605367183685,0.0417679101228714,0.06905432045459747,0.04169534891843796
28200,18.230487823486328,28.882606506347656,0.21881646662950516,0.799666367193317,0.12655620276927948,-0.09226026386022568,0.09147955477237701,-0.05784622207283974,1804800,0,0,0.023829281330108643,0.0326191782951355,0.06853420287370682,0.06811168789863586,0.9519890546798706,0.29687926173210144,0.4738127589225769,0.29352566599845886,0.016013335436582565,0.03603186458349228,0.04187708720564842,0.04165640473365784,0.0685974508523941,0.041744258254766464
28400,19.0629825592041,29.267650604248047,0.23034829273819923,0.7806528702850852,0.1801941692829132,-0.050154123455286026,0.15971297025680542,-0.0364135317504406,1817600,0,0,0.14337050914764404,0.018148064613342285,0.056677985936403275,0.05752409249544144,0.9761338829994202,0.43066486716270447,0.6331071853637695,0.29325538873672485,0.020714042708277702,0.039201896637678146,0.038583867251873016,0.039312638342380524,0.05747474357485771,0.03915475681424141
28600,18.586153030395508,29.725481033325195,0.21198617666959763,0.8066850390020602,0.1154017448425293,-0.09658443182706833,0.05403739959001541,-0.06468246132135391,1830400,0,0,0.05290251970291138,0.059042394161224365,0.06350938975811005,0.06430920958518982,0.9206520318984985,0.18887381255626678,0.3400271534919739,0.2914683222770691,0.01913924515247345,0.037167035043239594,0.0436105914413929,0.04398159682750702,0.0647004246711731,0.04409250617027283
28800,17.943740844726562,29.65017318725586,0.19240736961364746,0.8254220152010495,0.09027888625860214,-0.10212848335504532,0.10496405512094498,-0.08113051950931549,1843200,0,0,-0.036644816398620605,-0.02336108684539795,0.06506475806236267,0.06490455567836761,0.9197906255722046,0.18968793749809265,0.3411126434803009,0.27434614300727844,0.018784325569868088,0.04559691995382309,0.042988862842321396,0.04289495572447777,0.06564236432313919,0.04310663044452667
29000,18.624765396118164,29.26243782043457,0.21433202922344208,0.8071630124614629,0.10286460816860199,-0.11146742105484009,0.1505272090435028,-0.08153823018074036,1856000,0,0,-0.04192495346069336,-0.06404411792755127,0.06960814446210861,0.07199206948280334,0.9472894072532654,0.2512890100479126,0.44613298773765564,0.3297084867954254,0.01512899249792099,0.04988657683134079,0.04249090328812599,0.04338397458195686,0.07225038856267929,0.04341470077633858
29200,18.8903865814209,29.093521118164062,0.21624410152435303,0.7888860634126103,0.19194364547729492,-0.024300456047058105,0.1530500203371048,-0.021597452461719513,1868800,0,0,0.1649063229560852,0.039989590644836426,0.05842483416199684,0.06035475805401802,0.9439764618873596,0.2868385314941406,0.4776119589805603,0.4334058165550232,0.0207555890083313,0.03352038934826851,0.04116302356123924,0.04245933145284653,0.06064007803797722,0.04246010258793831
29400,18.679719924926758,29.99962615966797,0.1682855412364006,0.840015683870937,0.11639779806137085,-0.051887743175029755,0.21014079451560974,-0.037091150879859924,1881600,0,0,-0.11326706409454346,-0.13384389877319336,0.07729427516460419,0.07560668140649796,0.8969717621803284,0.15576662123203278,0.28141114115715027,0.43242549896240234,0.016544027253985405,0.07409046590328217,0.046092838048934937,0.04608415812253952,0.07773922383785248,0.046190015971660614
29600,17.614269256591797,29.21898651123047,0.2040448859333992,0.8171673611782794,0.08802486211061478,-0.11602002382278442,0.18355299532413483,-0.09854461252689362,1894400,0,1,-0.12800979614257812,-0.13322770595550537,0.07724246382713318,0.07597434520721436,0.9365538358688354,0.1899593025445938,0.34925374388694763,0.4681377112865448,0.01664574444293976,0.0648501068353653,0.04590209200978279,0.0457492433488369,0.07839177548885345,0.04611947014927864
29800,17.468917846679688,28.74085807800293,0.23526601493358612,0.7842471173193123,0.14482396841049194,-0.09044204652309418,0.0869726836681366,-0.06477247923612595,1907200,0,0,0.04783332347869873,0.05792427062988281,0.07291130721569061,0.07275210320949554,0.9508584141731262,0.23582090437412262,0.41112619638442993,0.21555624902248383,0.02004041150212288,0.04773973673582077,0.04616280272603035,0.046253934502601624,0.0734483078122139,0.0464240238070488
30000,17.47281837463379,30.522029876708984,0.1879145111888647,0.8377771603761227,0.029541796073317528,-0.15837271511554718,0.1940312385559082,-0.12801823019981384,1920000,0,0,-0.11782586574554443,-0.22402620315551758,0.0718802958726883,0.0721730887889862,0.825320839881897,0.05183175206184387,0.10366350412368774,0.5254784822463989,0.01733490824699402,0.05043599009513855,0.043125834316015244,0.04387728497385979,0.07325703650712967,0.0439012311398983
30200,17.881099700927734,28.97426986694336,0.25246091187000275,0.7655983487920212,0.17541682720184326,-0.07704408466815948,0.11407861113548279,-0.04610468074679375,1932800,0,0,0.13990461826324463,0.06522339582443237,0.06281786412000656,0.0643235519528389,0.958827793598175,0.31886026263237,0.5202171206474304,0.3466961085796356,0.019206736236810684,0.033755771815776825,0.04241781681776047,0.04345232993364334,0.06469834595918655,0.043645553290843964
30400,18.04454803466797,28.637147903442383,0.23463940620422363,0.7797341010884753,0.1693841516971588,-0.06525525450706482,0.09237108379602432,-0.0444994680583477,1945600,0,1,0.10623711347579956,0.07907897233963013,0.06772147864103317,0.0656929612159729,0.9514195919036865,0.31207600235939026,0.4968792498111725,0.3765231668949127,0.018269816413521767,0.033511094748973846,0.04540710896253586,0.04439123347401619,0.06750833988189697,0.04521181806921959
30600,18.979106903076172,29.285505294799805,0.24175895750522614,0.7891589559869486,0.09511809051036835,-0.1466408669948578,0.10748736560344696,-0.10214708000421524,1958400,0,0,-0.049227118492126465,-0.023957133293151855,0.07121040672063828,0.07100273668766022,0.9427922964096069,0.25156038999557495,0.4303935170173645,0.2729344666004181,0.020414380356669426,0.05887044221162796,0.043884847313165665,0.04411003366112709,0.07221487164497375,0.04421306401491165
30800,19.844120025634766,29.69551658630371,0.20190494135022163,0.8245091191433872,0.051389653235673904,-0.15051528811454773,0.1504589021205902,-0.12005960196256638,1971200,0,1,-0.17700469493865967,-0.13185834884643555,0.0721878632903099,0.07049538195133209,0.9408136010169983,0.20624153316020966,0.37856176495552063,0.4903734028339386,0.020098943263292313,0.06620128452777863,0.04443202540278435,0.04439868405461311,0.0729307308793068,0.044716499745845795
31000,17.88930320739746,28.919574737548828,0.24265313893556595,0.7825300877026324,0.12685216963291168,-0.11580096930265427,0.05482449755072594,-0.06824992597103119,1984000,0,0,0.07123899459838867,0.06947863101959229,0.06436272710561752,0.06380899250507355,0.9197102785110474,0.2257802039384842,0.39131617546081543,0.22554168105125427,0.018504304811358452,0.034016482532024384,0.04251767322421074,0.042262256145477295,0.06430613249540329,0.04243217036128044
31200,17.85391616821289,30.04581069946289,0.19580770283937454,0.8174159814977613,0.12338250130414963,-0.07242520153522491,0.19320803880691528,-0.06464206427335739,1996800,0,0,-0.035242557525634766,-0.09602236747741699,0.06760605424642563,0.07202635705471039,0.8919535279273987,0.14626866579055786,0.27082768082618713,0.5143730044364929,0.02014213427901268,0.04671929404139519,0.04367437958717346,0.046858400106430054,0.0723123773932457,0.04660884290933609
31400,17.982133865356445,28.672264099121094,0.22476118057966232,0.7931158728006958,0.1383502334356308,-0.08641094714403152,0.1137557178735733,-0.0677919089794159,2009600,0,0,0.02907782793045044,0.018489181995391846,0.07114340364933014,0.07132193446159363,0.9401341080665588,0.24776120483875275,0.4189959466457367,0.22716404497623444,0.018052922561764717,0.04590380936861038,0.044360607862472534,0.04451926052570343,0.07193619757890701,0.04448837414383888
31600,19.394954681396484,28.660852432250977,0.22607985232025385,0.7709913779941974,0.23886875808238983,0.012788905762135983,0.056125130504369736,0.026241740211844444,2022400,0,0,0.17814767360687256,0.1899842619895935,0.06271932274103165,0.06253808736801147,0.9936804175376892,0.7210312485694885,0.8819538950920105,0.23532956838607788,0.019410546869039536,0.039984140545129776,0.04451431334018707,0.04443129152059555,0.0629807785153389,0.04456344246864319
31800,19.057546615600586,29.510112762451172,0.21498778462409973,0.8004100951508678,0.13784019649028778,-0.07714758813381195,0.1039310097694397,-0.05825352296233177,2035200,0,0,0.08487850427627563,0.03178828954696655,0.06091850623488426,0.06256812810897827,0.9614479541778564,0.31913161277770996,0.49959295988082886,0.271093487739563,0.02015784941613674,0.03545995056629181,0.043385881930589676,0.044525712728500366,0.06268438696861267,0.04445848986506462
32000,18.486610412597656,28.928810119628906,0.23201831430196762,0.7785995415816803,0.18406061828136444,-0.04795769602060318,0.04150588810443878,-0.024446794763207436,2048000,0,0,0.1347593069076538,0.14470535516738892,0.05397694185376167,0.05419896915555,0.9427388310432434,0.2838534712791443,0.44748982787132263,0.2011307179927826,0.02057197131216526,0.027825195342302322,0.03909473866224289,0.03927595540881157,0.054378949105739594,0.039325542747974396
32200,18.686708450317383,28.576190948486328,0.25523071363568306,0.7528220545488132,0.2226518839597702,-0.03257882967591286,0.03608835116028786,-0.0023526796139776707,2060800,0,0,0.21937894821166992,0.1902693510055542,0.06144415959715843,0.061907339841127396,0.9602565765380859,0.46784260869026184,0.6382632255554199,0.23251008987426758,0.02377762645483017,0.031091153621673584,0.04511551931500435,0.04531463235616684,0.0620405413210392,0.04529755190014839
32400,18.794326782226562,29.21371078491211,0.2177388072013855,0.8017242046072345,0.11957749724388123,-0.09816130995750427,0.11733368039131165,-0.07472337037324905,2073600,0,0,0.0014615654945373535,-0.007116436958312988,0.0703492984175682,0.07060343772172928,0.9404886960983276,0.22903664410114288,0.4081411361694336,0.3550144135951996,0.017530839890241623,0.04906659945845604,0.043949514627456665,0.043946243822574615,0.07186032831668854,0.044312067329883575
32600,18.84857177734375,29.191404342651367,0.21336867287755013,0.7982978417399704,0.15552836656570435,-0.05784030631184578,0.14851000905036926,-0.039706312119960785,2086400,0,0,0.062470853328704834,0.0020827054977416992,0.06630944460630417,0.06801912933588028,0.9739258289337158,0.4062415361404419,0.6198100447654724,0.3669966757297516,0.020019378513097763,0.047800660133361816,0.04345429688692093,0.04485136270523071,0.06831546127796173,0.044892579317092896
32800,18.665191650390625,28.739013671875,0.24892931431531906,0.7628439815168837,0.19928564131259918,-0.04964367300271988,0.0378742478787899,-0.02020518109202385,2099200,0,0,0.15183699131011963,0.16369235515594482,0.058269571512937546,0.058614302426576614,0.9731816649436951,0.44613298773765564,0.6442334055900574,0.207704097032547,0.020786050707101822,0.03293788805603981,0.04328860715031624,0.043444886803627014,0.05889369174838066,0.043537866324186325
33000,17.19736099243164,30.626663208007812,0.192374799400568,0.8325258968554035,0.043690938502550125,-0.14868386089801788,0.11188134551048279,-0.11900601536035538,2112000,0,0,-0.10714221000671387,-0.08364725112915039,0.07324898988008499,0.07278676331043243,0.8263311982154846,0.0694708302617073,0.14952510595321655,0.2944495975971222,0.01754254847764969,0.04171057045459747,0.04585176333785057,0.04593251645565033,0.0737219750881195,0.04600061848759651
33200,18.806835174560547,29.017004013061523,0.21512355655431747,0.7997469576334846,0.14086493849754333,-0.07425861805677414,0.05547517165541649,-0.05910322070121765,2124800,0,0,0.056964755058288574,0.08531737327575684,0.06544072926044464,0.06529314070940018,0.9647639989852905,0.35495251417160034,0.5538670420646667,0.24030157923698425,0.021051369607448578,0.04133852198719978,0.045631859451532364,0.04569832608103752,0.06591203063726425,0.04584909602999687
33400,19.03963279724121,29.30362319946289,0.204842247068882,0.8073793227310482,0.14139334857463837,-0.06344889849424362,0.08771323412656784,-0.0382133424282074,2137600,0,0,0.005056500434875488,0.05296790599822998,0.06733623892068863,0.06720736622810364,0.962850034236908,0.3194029927253723,0.5297150611877441,0.24459755420684814,0.020069953054189682,0.05166593939065933,0.043500471860170364,0.04353059455752373,0.06781765073537827,0.04374151676893234
33600,18.54996109008789,29.117427825927734,0.21096523851156235,0.8094678570013328,0.10372298955917358,-0.10724224895238876,0.12916125357151031,-0.08855999261140823,2150400,0,1,-0.039734721183776855,-0.04684019088745117,0.07128141820430756,0.07007357478141785,0.9337208867073059,0.18833108246326447,0.35115334391593933,0.4957595467567444,0.017330501228570938,0.055656496435403824,0.044487252831459045,0.044457923620939255,0.07217347621917725,0.04469903185963631
33800,19.23944664001465,30.39466667175293,0.1679077185690403,0.848817827360074,0.057275984436273575,-0.11063173413276672,0.23011092841625214,-0.096584253013134,2163200,0,0,-0.23330843448638916,-0.24489974975585938,0.0687558576464653,0.0691278725862503,0.9165916442871094,0.15440978109836578,0.2979647219181061,0.46949926018714905,0.01784813031554222,0.08065050095319748,0.0414532795548439,0.04246699810028076,0.07101982086896896,0.04233934357762337
34000,18.83877182006836,28.209678649902344,0.25999099016189575,0.7428162386154467,0.2490757256746292,-0.01091526448726654,0.015256361104547977,8.79077342688106e-05,2176000,0,0,0.2384001612663269,0.23447561264038086,0.05913257598876953,0.0596858412027359,0.9955593943595886,0.7237449288368225,0.8903663754463196,0.13329365849494934,0.021176926791667938,0.02723144367337227,0.04427182301878929,0.044696200639009476,0.05987785756587982,0.044744472950696945
34200,19.83957290649414,29.715530395507812,0.1924286698922515,0.8099973140228071,0.17966051399707794,-0.01276815589517355,0.013765535317361355,-0.00034623718238435686,2188800,0,1,0.1450134515762329,0.16374826431274414,0.05086180195212364,0.050357431173324585,0.9981662034988403,0.8651289343833923,0.9582089781761169,0.31958040595054626,0.01849185675382614,0.025313664227724075,0.04389352351427078,0.04357708990573883,0.05115945264697075,0.04413203150033951
34400,19.266799926757812,32.231529235839844,0.12907944433391094,0.8878384054823023,-0.02175516076385975,-0.1508346050977707,0.21277683973312378,-0.14636708796024323,2201600,0,0,-0.19726693630218506,-0.31346356868743896,0.06411806493997574,0.06577476114034653,0.8150960803031921,0.06051560491323471,0.12265943735837936,0.4554128348827362,0.006768074352294207,0.029091965407133102,0.04290352389216423,0.044321924448013306,0.06615154445171356,0.044277794659137726
34600,19.021015167236328,30.116497039794922,0.1614985652267933,0.8410483850041853,0.1454751342535019,-0.016023430973291397,0.07452663779258728,-0.0022318335250020027,2214400,0,0,0.06548720598220825,0.07119297981262207,0.05344623327255249,0.05340234935283661,0.9205522537231445,0.20379918813705444,0.351967453956604,0.22573404014110565,0.011064471676945686,0.021525070071220398,0.03908316045999527,0.03909032419323921,0.053742922842502594,0.039273299276828766
34800,18.430593490600586,30.57110595703125,0.18962610512971878,0.8314686154212082,0.0644581988453865,-0.12516790628433228,0.18404141068458557,-0.08968282490968704,2227200,0,0,-0.0676109790802002,-0.1600102186203003,0.058582618832588196,0.06039612740278244,0.8703815937042236,0.09525102376937866,0.19565808773040771,0.46169981360435486,0.010178393684327602,0.03175751492381096,0.03732743114233017,0.03864330053329468,0.060723770409822464,0.038585055619478226
35000,19.281221389770508,29.95298194885254,0.1781141720712185,0.8405970509418952,0.06073100492358208,-0.11738316714763641,0.10780837386846542,-0.09076137095689774,2240000,0,0,-0.08099496364593506,-0.06239950656890869,0.06148412078619003,0.061157651245594025,0.9072520136833191,0.15332429111003876,0.29308006167411804,0.2632497549057007,0.010567767545580864,0.03417009115219116,0.03970697522163391,0.03973526135087013,0.06159209460020065,0.039677415043115616
35200,17.805044174194336,29.65064811706543,0.20345453917980194,0.8163879093691856,0.09538731724023819,-0.10806722193956375,0.10091928392648697,-0.07544700801372528,2252800,0,0,0.027813315391540527,-0.013396859169006348,0.06075907498598099,0.06089957803487778,0.8816507458686829,0.14626866579055786,0.27001357078552246,0.231784388422966,0.012631509453058243,0.028259318321943283,0.04083078354597092,0.04088520258665085,0.06134485825896263,0.0410190112888813
35400,18.580537796020508,29.713966369628906,0.1696900725364685,0.8381465502599543,0.12127205729484558,-0.048418015241622925,0.14458855986595154,-0.045486100018024445,2265600,0,0,-0.015465617179870605,-0.03517031669616699,0.06624669581651688,0.06541773676872253,0.901789665222168,0.15658073127269745,0.3033921420574188,0.34585699439048767,0.014889974147081375,0.040671251714229584,0.041417788714170456,0.041144393384456635,0.06643740087747574,0.041359513998031616
35600,18.35594367980957,28.857236862182617,0.22148615308105946,0.7815350303811234,0.20765700936317444,-0.013829143717885017,0.05319954827427864,-0.0067962403409183025,2278400,0,0,0.173447847366333,0.15903490781784058,0.0618455708026886,0.0616341233253479,0.9471907019615173,0.28032565116882324,0.44721847772598267,0.14713849127292633,0.012936525046825409,0.020440056920051575,0.04450182244181633,0.04438938945531845,0.061982981860637665,0.04453662037849426
35800,18.289997100830078,29.905061721801758,0.1942485310137272,0.8166301526651103,0.1349220722913742,-0.05932645872235298,0.11455818265676498,-0.04199400171637535,2291200,0,0,0.05948829650878906,0.017126381397247314,0.058250993490219116,0.05999109894037247,0.8886508345603943,0.15088196098804474,0.2797829210758209,0.3999813199043274,0.016508923843503,0.03145680949091911,0.039121001958847046,0.040278058499097824,0.06047305837273598,0.040427226573228836
36000,19.417776107788086,29.50174903869629,0.19953418523073196,0.8207157919175104,0.0865851566195488,-0.11294902861118317,0.14268240332603455,-0.09971708804368973,2304000,0,0,-0.027091145515441895,-0.07463288307189941,0.06756363809108734,0.06757201254367828,0.9309116005897522,0.1964721977710724,0.3674355745315552,0.2841915488243103,0.015261988155543804,0.04495849832892418,0.04277375712990761,0.04285748302936554,0.0681714415550232,0.04283217340707779
36200,18.236146926879883,29.036991119384766,0.2087283357977867,0.8050818435487488,0.13787716627120972,-0.070851169526577,0.08106452226638794,-0.0589752160012722,2316800,0,1,0.03882402181625366,0.05596661567687988,0.06388623267412186,0.06278406828641891,0.9349328279495239,0.25020354986190796,0.4189959466457367,0.261855810880661,0.015575908124446869,0.03171989321708679,0.04263370856642723,0.04201821610331535,0.06367015838623047,0.04242968186736107
36400,18.307601928710938,29.152589797973633,0.21127132326364517,0.8015855574576914,0.1464732140302658,-0.06479810923337936,0.09194241464138031,-0.051890239119529724,2329600,0,0,0.06664669513702393,0.05272597074508667,0.060397274792194366,0.06000344455242157,0.952553391456604,0.2154681235551834,0.4037992060184479,0.24318568408489227,0.014332021586596966,0.030064783990383148,0.0419943630695343,0.041750166565179825,0.06052660569548607,0.04196200147271156
36600,19.1318359375,29.72014808654785,0.21300454437732697,0.8048582344104458,0.12146709859371185,-0.09153744578361511,0.07555735856294632,-0.05198052525520325,2342400,0,0,0.05835461616516113,0.045194804668426514,0.06387747824192047,0.06404241174459457,0.9252467751502991,0.207869753241539,0.36255088448524475,0.27207183837890625,0.0147763192653656,0.030712945386767387,0.04318678006529808,0.04326964542269707,0.06422530859708786,0.043225180357694626
36800,19.55727195739746,29.34404945373535,0.19988666335120797,0.798797616603194,0.20642594993114471,0.006539286579936743,0.06457674503326416,0.0019544109236449003,2355200,0,1,0.16750049591064453,0.14545154571533203,0.04980961233377457,0.04910605400800705,0.9983523488044739,0.8689281344413757,0.9587517380714417,0.25748372077941895,0.019169896841049194,0.02512047439813614,0.041921261698007584,0.04143352061510086,0.04988086223602295,0.04195762425661087
37000,19.758777618408203,30.033296585083008,0.16926108859479427,0.8325395506354766,0.15850846469402313,-0.010752623900771141,0.0252199899405241,0.0002492521016392857,2368000,0,0,0.1573619842529297,0.13221770524978638,0.048085104674100876,0.048056941479444504,0.9982597231864929,0.8702849745750427,0.9565807580947876,0.08921970427036285,0.008775732479989529,0.011756601743400097,0.04032275080680847,0.04030504822731018,0.04808323457837105,0.0403016097843647
37200,20.127059936523438,30.367353439331055,0.16084789484739304,0.841241452447696,0.14768736064434052,-0.01316053420305252,0.017102086916565895,0.0010177962249144912,2380800,0,1,0.08633434772491455,0.12779325246810913,0.04808761179447174,0.04782574623823166,0.995929479598999,0.8464043736457825,0.9329715371131897,0.3427288830280304,0.004450871143490076,0.005924874451011419,0.04031842201948166,0.040145374834537506,0.04858199134469032,0.04061953350901604
37400,20.05177879333496,31.30173110961914,0.13511709868907928,0.8791735700880053,0.016842737793922424,-0.11827436089515686,0.18201009929180145,-0.10517416894435883,2393600,0,0,-0.2153693437576294,-0.22229933738708496,0.05519416928291321,0.05440100282430649,0.8525524139404297,0.08982361108064651,0.18887381255626678,0.2807510793209076,0.0073638190515339375,0.03204571455717087,0.0352247916162014,0.035069018602371216,0.055135227739810944,0.03522851690649986
37600,18.68506622314453,30.53597068786621,0.17556170374155045,0.8375294084372537,0.0949864313006401,-0.08057527244091034,0.12931007146835327,-0.05293862521648407,2406400,0,0,-0.05122661590576172,-0.045204997062683105,0.05293501913547516,0.053739212453365326,0.8691707253456116,0.0911804661154747,0.1856173723936081,0.2792416512966156,0.009144947864115238,0.023565325886011124,0.035635996609926224,0.03578207641839981,0.053868915885686874,0.035751745104789734
37800,18.819307327270508,29.631607055664062,0.19199546612799168,0.8105687265175554,0.17845919728279114,-0.013536268845200539,0.16105753183364868,0.0075678215362131596,2419200,0,0,0.05809694528579712,0.01302415132522583,0.05393989756703377,0.05487319454550743,0.9718607664108276,0.33758482336997986,0.5682497024536133,0.25092047452926636,0.01066072192043066,0.035189591348171234,0.03545431047677994,0.036011748015880585,0.055152565240859985,0.0358835868537426
38000,17.511157989501953,30.57297706604004,0.18188321450725198,0.8451547943074141,0.007270066533237696,-0.17461314797401428,0.17057089507579803,-0.1387294977903366,2432000,0,1,-0.19879496097564697,-0.20921766757965088,0.06060243025422096,0.06041015312075615,0.8335636258125305,0.07001356780529022,0.15142470598220825,0.3046552240848541,0.009508950635790825,0.035832714289426804,0.03648007661104202,0.036443233489990234,0.06099506840109825,0.036450207233428955
38200,17.909570693969727,29.32774543762207,0.21051820367574692,0.805703416685401,0.12702924013137817,-0.08348896354436874,0.14630597829818726,-0.058850742876529694,2444800,0,1,0.012690424919128418,-0.034157514572143555,0.06015213951468468,0.05993380397558212,0.9336623549461365,0.2366350144147873,0.41221168637275696,0.2791655659675598,0.011808514595031738,0.03427506238222122,0.03734887018799782,0.037213824689388275,0.06055295467376709,0.037380196154117584
38400,17.409788131713867,29.42812728881836,0.23402703553438187,0.7882976486851951,0.12857386469841003,-0.10545317083597183,0.054258331656455994,-0.06609600782394409,2457600,0,1,0.07054483890533447,0.07081812620162964,0.053147997707128525,0.05307361111044884,0.8959962725639343,0.15522389113903046,0.289552241563797,0.16591519117355347,0.009921280667185783,0.021721353754401207,0.035839661955833435,0.03586401790380478,0.0531463548541069,0.03580840677022934
38600,17.567779541015625,29.47775650024414,0.20724348723888397,0.813072040247774,0.09856243431568146,-0.10868105292320251,0.11759521812200546,-0.08578450232744217,2470400,0,1,-0.05966818332672119,-0.03233444690704346,0.06039545312523842,0.06001290678977966,0.926481306552887,0.1970149278640747,0.36200815439224243,0.3791070878505707,0.0130165945738554,0.03832002729177475,0.038353584706783295,0.03839334100484848,0.06076076626777649,0.03845690190792084
38800,18.9304256439209,29.925609588623047,0.2126447781920433,0.8065102827605338,0.11364695429801941,-0.0989978238940239,0.18699415028095245,-0.07332631200551987,2483200,0,1,-0.08829176425933838,-0.10247302055358887,0.07043500244617462,0.06900376081466675,0.9176494479179382,0.1989145278930664,0.3462686836719513,0.26536503434181213,0.01219768077135086,0.05177302286028862,0.03931349888443947,0.03908903896808624,0.07066955417394638,0.039268046617507935
39000,18.988361358642578,28.023548126220703,0.2832594495266676,0.7225769663105609,0.26222148537635803,-0.021037964150309563,0.06155988201498985,-2.3275497369468212e-05,2496000,0,0,0.2237154245376587,0.2112007737159729,0.058369968086481094,0.05947137624025345,0.9967271685600281,0.770149290561676,0.9180461764335632,0.26449763774871826,0.013726461678743362,0.026737641543149948,0.04149249196052551,0.04209589213132858,0.05987561494112015,0.042289331555366516
39200,19.10158348083496,28.969423294067383,0.22315402328968048,0.7880617727021801,0.17023390531539917,-0.05292011797428131,0.09573443979024887,-0.03307269513607025,2508800,0,1,0.13399511575698853,0.07818251848220825,0.06387797743082047,0.06348136067390442,0.9702315330505371,0.3812754452228546,0.6024423837661743,0.3219006657600403,0.016733845695853233,0.03345998749136925,0.04493100568652153,0.04487397521734238,0.06448577344417572,0.045313313603401184
39400,18.158689498901367,29.569561004638672,0.20320752263069153,0.8159375780014821,0.09919334948062897,-0.10401417315006256,0.14015282690525055,-0.0884467214345932,2521600,0,0,-0.033601999282836914,-0.05577397346496582,0.06702866405248642,0.06863557547330856,0.9371377825737,0.20841249823570251,0.385074645280838,0.3432956635951996,0.01725175231695175,0.04292932152748108,0.043896134942770004,0.04454237222671509,0.06895378977060318,0.04466183856129646
39600,18.25553321838379,28.835205078125,0.2424362115561962,0.765386664832977,0.20909251272678375,-0.03334369882941246,0.034520622342824936,-0.011635713279247284,2534400,0,0,0.17773503065109253,0.17592096328735352,0.056555453687906265,0.05661799758672714,0.9458000063896179,0.28819540143013,0.4800542891025543,0.13948330283164978,0.01654857024550438,0.025462664663791656,0.041804783046245575,0.04190491884946823,0.05679488927125931,0.04194728285074234
39800,18.01487922668457,29.115209579467773,0.21051034703850746,0.8015846252051549,0.14955250918865204,-0.06095783784985542,0.09408862143754959,-0.04984743148088455,2547200,0,0,0.08734023571014404,0.05430728197097778,0.054547060281038284,0.05467519164085388,0.9604817032814026,0.31777477264404297,0.514246940612793,0.1587895005941391,0.016511760652065277,0.03635933995246887,0.038310639560222626,0.038460277020931244,0.054688673466444016,0.0383523628115654
40000,18.48914909362793,29.093040466308594,0.24999576807022095,0.7638922834993448,0.1911749392747879,-0.058820828795433044,0.06454700976610184,-0.016122685745358467,2560000,0,1,0.14850682020187378,0.12850075960159302,0.05824447050690651,0.05772099643945694,0.895435094833374,0.2664857506752014,0.4165536165237427,0.29275426268577576,0.015886817127466202,0.027203015983104706,0.038772840052843094,0.03853074833750725,0.058343157172203064,0.03879841789603233
