step,loss,loss_tau_ref,gap,gap_ratio,ff,fp,tp,cross_batch,hf_rows_consumed,synth_rows_consumed,mixup_applied,r2_random,r2_naive,u_temporal,u_batch,auc,top1,top3,cpc_aux,sigreg_e,sigreg_h,u_temporal_e,u_batch_e,u_batchtime,u_batchtime_e,ema_tau,cos_err_d0,cos_err_d1,cos_err_d2,cos_err_d3
100001,6.604055404663086,15.859560012817383,0.5718045830726624,0.2011327700987999,0.8560353517532349,0.2842307686805725,0.22589698433876038,0.033909108489751816,6400064,0,0,0.8502261936664581,0.8101991266012192,0.31106990575790405,0.47366541624069214,1.0,1.0,1.0,0.125627338886261,0.0025368942879140377,0.003977811895310879,0.09047940373420715,0.09356873482465744,0.5385591387748718,0.09435416758060455,1.0,0.14396464824676514,0.19823169708251953,0.26760536432266235,0.33260273933410645
100201,7.16605806350708,16.743053436279297,0.5533316731452942,0.2007149458448196,0.8610484004020691,0.3077167272567749,0.24601426720619202,0.03738105669617653,6412864,0,1,0.8571715503931046,0.8120997846126556,0.3029058575630188,0.4399380087852478,1.0,1.0,1.0,0.6058289408683777,0.0027877320535480976,0.004169509746134281,0.0901033878326416,0.09095130860805511,0.5358052253723145,0.09409031271934509,1.0,0.1389516443014145,0.1950388252735138,0.2614758014678955,0.32603907585144043
100401,6.734783172607422,16.207088470458984,0.5540577471256256,0.2003805861411952,0.8611559271812439,0.3070981800556183,0.2454923838376999,0.02866833657026291,6425664,0,0,0.8573313802480698,0.8122204542160034,0.2912776470184326,0.47111523151397705,1.0,1.0,1.0,0.27676424384117126,0.0024798859376460314,0.004140298813581467,0.08714954555034637,0.09358599781990051,0.544611394405365,0.09472104907035828,1.0,0.1388440579175949,0.19301339983940125,0.2598002254962921,0.3241066336631775
100601,6.614044666290283,15.878799438476562,0.5858263373374939,0.2010640356864651,0.8525681495666504,0.2667418122291565,0.20422446727752686,0.02791788801550865,6438464,0,0,0.8505587726831436,0.8105193674564362,0.3236451745033264,0.47669756412506104,1.0,1.0,1.0,0.16168838739395142,0.0026327415835112333,0.0033949092030525208,0.09223920106887817,0.09402897953987122,0.5406970381736755,0.09423045068979263,1.0,0.14743183553218842,0.2027319222688675,0.273802250623703,0.340070903301239
100801,7.312647819519043,16.434406280517578,0.5156482458114624,0.22302198979625745,0.8519895076751709,0.3363412618637085,0.28414884209632874,0.025627367198467255,6451264,0,0,0.8431708216667175,0.7896307706832886,0.27435502409935,0.47929561138153076,0.9999568462371826,0.992401659488678,0.998643159866333,0.5138158798217773,0.0025551877915859222,0.003960931673645973,0.08451564610004425,0.09508179128170013,0.5513474345207214,0.09527216106653214,1.0,0.1480105072259903,0.2009509801864624,0.26867806911468506,0.3301204741001129
101001,7.092240810394287,16.345571517944336,0.559475302696228,0.20027172111795877,0.8598935604095459,0.30041825771331787,0.24622611701488495,0.03501129522919655,6464064,0,0,0.8524963706731796,0.8099721819162369,0.29037827253341675,0.47404900193214417,0.9999969601631165,0.9991859197616577,1.0,0.42183640599250793,0.0026588018517941236,0.004157622344791889,0.08574293553829193,0.0958770364522934,0.5448655486106873,0.09633050113916397,1.0,0.1401064395904541,0.19271881878376007,0.26088857650756836,0.3258345127105713
101201,6.803938388824463,16.027320861816406,0.5403726100921631,0.20710208317499626,0.8588566184043884,0.31848400831222534,0.26472586393356323,0.02706289105117321,6476864,0,0,0.8499265760183334,0.8040448129177094,0.2863479554653168,0.4824180603027344,0.9999959468841553,0.9989145398139954,1.0,0.23637282848358154,0.002389810048043728,0.0036465947050601244,0.08461960405111313,0.09596432000398636,0.5448570251464844,0.09622205793857574,1.0,0.14114335179328918,0.19655370712280273,0.2622830867767334,0.32599395513534546
101401,6.581926345825195,16.002592086791992,0.5506570935249329,0.20632867132867133,0.8568471074104309,0.30619001388549805,0.24858219921588898,0.024072682484984398,6489664,0,0,0.851961299777031,0.8050195127725601,0.2841389775276184,0.47689056396484375,1.0,1.0,1.0,0.20157235860824585,0.002432784764096141,0.003642928320914507,0.08887019008398056,0.09386639297008514,0.5464905500411987,0.09448389708995819,1.0,0.14315290749073029,0.1950283795595169,0.26346179842948914,0.32693734765052795
101601,6.599732398986816,15.903036117553711,0.5642541646957397,0.19562826059138305,0.8627698421478271,0.2985156774520874,0.23754140734672546,0.02571147307753563,6502464,0,0,0.8572717308998108,0.816045269370079,0.29811522364616394,0.48689159750938416,1.0,1.0,1.0,0.1498100757598877,0.002712975023314357,0.0037593080196529627,0.0903516560792923,0.09427610039710999,0.5401440262794495,0.09441027045249939,1.0,0.13723014295101166,0.19333186745643616,0.2610108256340027,0.3249417245388031
101801,7.471840858459473,16.341373443603516,0.5682271420955658,0.21233111877092095,0.8468235731124878,0.278596431016922,0.22255954146385193,0.03534640371799469,6515264,0,0,0.8348999917507172,0.7991853952407837,0.3068806231021881,0.46646592020988464,0.9999825358390808,0.9962008595466614,1.0,0.5154217481613159,0.002453419379889965,0.0037263119593262672,0.08769416809082031,0.09679634124040604,0.5358509421348572,0.09674306958913803,1.0,0.1531764268875122,0.20728252828121185,0.2771751284599304,0.3424583673477173
102001,6.885587215423584,16.32821273803711,0.5294433236122131,0.20913417470145712,0.8599956035614014,0.33055227994918823,0.26827213168144226,0.03340400010347366,6528064,0,0,0.8551810681819916,0.8051052242517471,0.3042035400867462,0.4720350503921509,0.9999959468841553,0.9989145398139954,1.0,0.27040374279022217,0.002546123694628477,0.003545044455677271,0.09012896567583084,0.09344092011451721,0.538248598575592,0.09486470371484756,1.0,0.14000441133975983,0.19788239896297455,0.26571401953697205,0.3316711187362671
102201,7.585102081298828,17.192760467529297,0.5514626801013947,0.1975898490178919,0.8642048239707947,0.3127421438694,0.2575182616710663,0.032362066209316254,6540864,0,1,0.8571528345346451,0.8131351321935654,0.291695773601532,0.4151241183280945,1.0,1.0,1.0,1.0110070705413818,0.0026116487570106983,0.003824272658675909,0.09011077880859375,0.0910564512014389,0.546349048614502,0.0947539210319519,1.0,0.13579513132572174,0.189835786819458,0.25488099455833435,0.31779956817626953
102401,6.767735481262207,16.153614044189453,0.5713436901569366,0.198385381806696,0.8586025834083557,0.28725889325141907,0.22849328815937042,0.03420812264084816,6553664,0,0,0.8528658151626587,0.812455490231514,0.3078334331512451,0.46972930431365967,1.0,1.0,1.0,0.2561056315898895,0.002455371432006359,0.004005140159279108,0.08949191123247147,0.09382300078868866,0.5427781939506531,0.09427027404308319,1.0,0.1413974165916443,0.19687406718730927,0.2666007876396179,0.3328740894794464
102601,6.771561622619629,16.154552459716797,0.5627233982086182,0.19917326194916576,0.860045313835144,0.2973219156265259,0.24326267838478088,0.030360808596014977,6566464,0,1,0.852481797337532,0.8112906366586685,0.2946168780326843,0.4656042456626892,1.0,1.0,1.0,0.2916243076324463,0.002556815044954419,0.0037289923056960106,0.0893726646900177,0.0925581306219101,0.5468897223472595,0.0938960388302803,1.0,0.13995473086833954,0.1955365538597107,0.26245272159576416,0.32666319608688354
102801,6.821110725402832,16.132488250732422,0.5623669922351837,0.19773257762507834,0.861395001411438,0.2990280091762543,0.24143826961517334,0.02899540774524212,6579264,0,0,0.8532665371894836,0.8134207129478455,0.2996538281440735,0.48138123750686646,1.0,1.0,1.0,0.24563652276992798,0.00266736070625484,0.0036682591307908297,0.09000404179096222,0.09298035502433777,0.5486322045326233,0.0943574532866478,1.0,0.1386050134897232,0.1944771409034729,0.26139959692955017,0.3268738389015198
103001,6.895533084869385,16.337799072265625,0.5641404390335083,0.19519811283613428,0.8631723523139954,0.29903191328048706,0.2325223982334137,0.02787826769053936,6592064,0,1,0.8584173619747162,0.8181204050779343,0.280574232339859,0.45712023973464966,1.0,1.0,1.0,0.3638134300708771,0.0024695731699466705,0.0038919514045119286,0.09194077551364899,0.09316598623991013,0.5421006679534912,0.09494704753160477,1.0,0.13682769238948822,0.19137324392795563,0.25561243295669556,0.3187774121761322
103201,7.154496669769287,16.534305572509766,0.5997746288776398,0.19126620739917327,0.8581528067588806,0.25837817788124084,0.2009274661540985,0.035345714539289474,6604864,0,1,0.8509738594293594,0.818909153342247,0.3113003671169281,0.4409751892089844,1.0,1.0,1.0,0.4785323739051819,0.002549901371821761,0.004118375945836306,0.09326047450304031,0.09234865009784698,0.5310205221176147,0.0945209339261055,1.0,0.14184708893299103,0.19620287418365479,0.26629847288131714,0.3317158818244934
103401,6.91943883895874,16.41975975036621,0.5459766387939453,0.20642788726107852,0.8579778671264648,0.31200122833251953,0.2497280389070511,0.035658854991197586,6617664,0,1,0.855322077870369,0.806508868932724,0.31536877155303955,0.44475847482681274,1.0,1.0,1.0,0.39529526233673096,0.0023475447669625282,0.0037563275545835495,0.09219714254140854,0.09174001216888428,0.5425828695297241,0.09428290277719498,1.0,0.14202208817005157,0.1989050805568695,0.26732805371284485,0.3321031630039215
103601,6.7031426429748535,15.84539794921875,0.569906085729599,0.19865156519588117,0.8587222099304199,0.2888161242008209,0.225319042801857,0.0324576310813427,6630464,0,0,0.8532637804746628,0.8132890313863754,0.31543394923210144,0.4834851026535034,1.0,1.0,1.0,0.1537257730960846,0.0026243412867188454,0.003783256048336625,0.09263454377651215,0.09376312792301178,0.5469496846199036,0.09436590224504471,1.0,0.14127780497074127,0.1977982223033905,0.2660790979862213,0.33228766918182373
103801,6.923401355743408,16.221782684326172,0.5412168502807617,0.2101549164596901,0.8559978604316711,0.3147810101509094,0.25503647327423096,0.027320461347699165,6643264,0,0,0.8529995232820511,0.8026342689990997,0.29051294922828674,0.4963992238044739,0.9999815821647644,0.9962008595466614,0.9997286796569824,0.2879078984260559,0.002502506598830223,0.003591223619878292,0.08569162338972092,0.09643034636974335,0.5546590685844421,0.0965871512889862,1.0,0.14400216937065125,0.19856110215187073,0.26548030972480774,0.32806462049484253
104001,6.649046421051025,16.01474380493164,0.5464644432067871,0.20333890007847433,0.8605210185050964,0.3140565752983093,0.25310829281806946,0.033778950572013855,6656064,0,0,0.8533506691455841,0.8098661452531815,0.313751220703125,0.46522241830825806,1.0,1.0,1.0,0.18495754897594452,0.002451718784868717,0.003906948491930962,0.09246377646923065,0.09312056750059128,0.5440711975097656,0.09474672377109528,1.0,0.13947898149490356,0.19444675743579865,0.2630419135093689,0.3274191617965698
104201,6.668826580047607,16.002931594848633,0.5562641620635986,0.204223330280994,0.8572437167167664,0.3009795546531677,0.23720969259738922,0.03173407167196274,6668864,0,0,0.8479780405759811,0.8096155822277069,0.30367666482925415,0.48290741443634033,1.0,1.0,1.0,0.1866738647222519,0.002616154495626688,0.003705172333866358,0.09212762862443924,0.0935659259557724,0.5411511659622192,0.09444423764944077,1.0,0.14275626838207245,0.19966232776641846,0.26806747913360596,0.332271933555603
104401,6.801456928253174,16.16466522216797,0.5482306480407715,0.2025756077599417,0.860728919506073,0.3124982714653015,0.25698307156562805,0.03455720469355583,6681664,0,1,0.8529943376779556,0.8086906224489212,0.2822610139846802,0.4736446142196655,1.0,1.0,1.0,0.1920536905527115,0.002614111639559269,0.0038840491324663162,0.08742129057645798,0.09361626952886581,0.5488830804824829,0.09420832991600037,1.0,0.1392710655927658,0.19338294863700867,0.25917428731918335,0.32083913683891296
104601,7.778554916381836,17.4422607421875,0.5684225857257843,0.19894120330573986,0.8588334918022156,0.2904109060764313,0.2378598153591156,0.03294875845313072,6694464,0,0,0.8395044803619385,0.8110623806715012,0.2777663767337799,0.47514665126800537,1.0,1.0,1.0,0.7853938937187195,0.0025778801646083593,0.0038881544023752213,0.08448061347007751,0.09622222185134888,0.5368189811706543,0.096588633954525,1.0,0.14116652309894562,0.19657662510871887,0.2667143642902374,0.3332984745502472
104801,6.607943534851074,16.112409591674805,0.5453720390796661,0.20187373112389717,0.8620565533638,0.3166845142841339,0.25941789150238037,0.03279240429401398,6707264,0,0,0.8584467023611069,0.8098836690187454,0.30183136463165283,0.47563838958740234,1.0,1.0,1.0,0.22277331352233887,0.0024030397180467844,0.003835784737020731,0.09017075598239899,0.09368419647216797,0.5389609932899475,0.09422159940004349,1.0,0.13794344663619995,0.19146046042442322,0.25873658061027527,0.32221972942352295
105001,6.682643890380859,16.16756248474121,0.549235612154007,0.20216678734197216,0.8608265519142151,0.31159093976020813,0.2521683871746063,0.024636365473270416,6720064,0,0,0.8499523252248764,0.8104713559150696,0.2851816415786743,0.49021458625793457,0.9999969601631165,0.9991859197616577,1.0,0.22832807898521423,0.002424148377031088,0.0035544722341001034,0.08884439617395401,0.0933661162853241,0.5489494204521179,0.09468037635087967,1.0,0.13917340338230133,0.19094273447990417,0.2571321427822113,0.3192988932132721
105201,6.904820919036865,16.58643913269043,0.5379329323768616,0.2007291638898884,0.8649033308029175,0.3269703984260559,0.2641292214393616,0.02800052799284458,6732864,0,1,0.8570921719074249,0.8116513639688492,0.28896382451057434,0.4544718265533447,1.0,1.0,1.0,0.4662235975265503,0.0025360467843711376,0.0037222139071673155,0.08947863429784775,0.092500701546669,0.5534905195236206,0.0947522222995758,1.0,0.13509666919708252,0.18766550719738007,0.2536958158016205,0.3173964321613312
105401,6.491303443908691,15.870067596435547,0.5685573518276215,0.19379279046700731,0.8633325099945068,0.2947751581668854,0.23372995853424072,0.025539467111229897,6745664,0,0,0.8561815768480301,0.81740902364254,0.299567312002182,0.47691023349761963,1.0,1.0,1.0,0.13062022626399994,0.002566802781075239,0.003733069635927677,0.0910111591219902,0.09431695938110352,0.5422903299331665,0.09499720484018326,1.0,0.13666750490665436,0.18987353146076202,0.2555454671382904,0.3190959692001343
105601,6.751138210296631,16.0517520904541,0.5442681014537811,0.20191255809725706,0.8623026013374329,0.31803449988365173,0.2617698609828949,0.03001546300947666,6758464,0,0,0.8520889729261398,0.8100223392248154,0.2778167128562927,0.4924854040145874,1.0,1.0,1.0,0.20600858330726624,0.0025829323567450047,0.003723901929333806,0.08755411207675934,0.09486427903175354,0.5472792387008667,0.09520929306745529,1.0,0.13769735395908356,0.19137097895145416,0.25721651315689087,0.31979864835739136
105801,6.706296443939209,16.227876663208008,0.5912010371685028,0.19321188857959337,0.8584175109863281,0.2672164738178253,0.20539884269237518,0.030683791264891624,6771264,0,0,0.8536136448383331,0.8181845247745514,0.31259432435035706,0.46433791518211365,1.0,1.0,1.0,0.24878859519958496,0.00250343419611454,0.003831575158983469,0.09124229103326797,0.09331551194190979,0.5346013903617859,0.09399716556072235,1.0,0.14158250391483307,0.19496721029281616,0.2636204659938812,0.32847046852111816
106001,6.8573760986328125,16.469161987304688,0.559637576341629,0.19653232909435578,0.8631097674369812,0.3034721910953522,0.24355776607990265,0.02632027678191662,6784064,0,1,0.8559805154800415,0.8153459131717682,0.28286540508270264,0.44877904653549194,1.0,1.0,1.0,0.392421692609787,0.0026557850651443005,0.003924719989299774,0.09188373386859894,0.09133751690387726,0.5482141375541687,0.09442122280597687,1.0,0.1368902325630188,0.1912527233362198,0.2571900486946106,0.3202334940433502
106201,6.758784294128418,16.260122299194336,0.5536466836929321,0.19725200772340248,0.863957405090332,0.3103107213973999,0.24891111254692078,0.0302268099039793,6796864,0,0,0.8561200797557831,0.8147001266479492,0.2756735384464264,0.4756677746772766,1.0,1.0,1.0,0.2850537598133087,0.002508229576051235,0.003929363563656807,0.08839160203933716,0.09421514719724655,0.5427422523498535,0.09428372234106064,1.0,0.13604260981082916,0.18865905702114105,0.2543412446975708,0.3171423673629761
106401,7.110737323760986,16.130949020385742,0.5327602326869965,0.20815808855171175,0.8599488735198975,0.327188640832901,0.27271485328674316,0.03091685101389885,6809664,0,0,0.8526198863983154,0.8034804463386536,0.285456120967865,0.4808155298233032,1.0,1.0,1.0,0.3089445233345032,0.002702040132135153,0.0038960303645581007,0.08885527402162552,0.09491358697414398,0.5473476052284241,0.09528018534183502,1.0,0.14005111157894135,0.19598174095153809,0.2624916434288025,0.3256168067455292
106601,7.617883205413818,16.907127380371094,0.5049480497837067,0.21822563177903073,0.859048068523407,0.3541000187397003,0.30838510394096375,0.028268149122595787,6822464,0,0,0.8565724343061447,0.7929105907678604,0.2806794345378876,0.47269338369369507,0.9999774694442749,0.9962008595466614,0.9994572997093201,0.6231280565261841,0.0025718240067362785,0.00373321701772511,0.08430850505828857,0.09566538780927658,0.537280797958374,0.09613688290119171,1.0,0.14095187187194824,0.1952986866235733,0.2631121575832367,0.327563613653183
106801,7.192290782928467,16.600637435913086,0.5492866635322571,0.20755060458065025,0.8561362028121948,0.30684953927993774,0.2572374939918518,0.03040780872106552,6835264,0,0,0.847786545753479,0.8029878288507462,0.27499157190322876,0.48518961668014526,0.9999897480010986,0.9978290796279907,1.0,0.4567078948020935,0.0023913634940981865,0.003929569385945797,0.08386535197496414,0.09662924706935883,0.545623242855072,0.0963534414768219,1.0,0.14386381208896637,0.19679786264896393,0.26389679312705994,0.32715871930122375
107001,7.133546829223633,16.37564468383789,0.5539511740207672,0.2093396900308152,0.8533327579498291,0.2993815839290619,0.2446804940700531,0.03580746054649353,6848064,0,0,0.8504844605922699,0.8020684719085693,0.3020489513874054,0.4738488793373108,0.9999887943267822,0.998643159866333,0.9994572997093201,0.4304790198802948,0.002500233706086874,0.0038967477157711983,0.08800138533115387,0.09484852850437164,0.5485785603523254,0.09548649191856384,1.0,0.1466672122478485,0.20131884515285492,0.2707172930240631,0.33417001366615295
107201,6.7425432205200195,16.114612579345703,0.5524380803108215,0.20097787475392567,0.8610453605651855,0.308607280254364,0.24671271443367004,0.02573634497821331,6860864,0,0,0.849880188703537,0.8117125779390335,0.3047634959220886,0.4784542918205261,1.0,1.0,1.0,0.27330997586250305,0.0023859040811657906,0.003608566476032138,0.09180022031068802,0.09353803098201752,0.5469695925712585,0.09431321918964386,1.0,0.13895466923713684,0.19534136354923248,0.26344412565231323,0.3291005790233612
107401,6.928558349609375,16.108673095703125,0.5662434995174408,0.19925141725280474,0.8591008186340332,0.2928573191165924,0.23602791130542755,0.0333411879837513,6873664,0,0,0.8528203964233398,0.8112350255250931,0.30923712253570557,0.4693009853363037,1.0,1.0,1.0,0.2591390907764435,0.0025306069292128086,0.0037744224537163973,0.08843456953763962,0.09483591467142105,0.5422537326812744,0.0953245609998703,1.0,0.1408991813659668,0.19500106573104858,0.26367828249931335,0.32865169644355774
107601,6.771726608276367,16.048349380493164,0.5674353241920471,0.19512595580000167,0.8624364137649536,0.2950010895729065,0.2368265837430954,0.0353904627263546,6886464,0,0,0.8533447682857513,0.8162607550621033,0.320331335067749,0.4668881893157959,1.0,1.0,1.0,0.2178427278995514,0.0025373289827257395,0.003748720046132803,0.0909142792224884,0.09418506920337677,0.538101315498352,0.09464485943317413,1.0,0.1375635713338852,0.19395935535430908,0.26265189051628113,0.3296062648296356
107801,6.651690483093262,16.011516571044922,0.569957971572876,0.193111374383588,0.8635928630828857,0.29363489151000977,0.23947085440158844,0.03219488263130188,6899264,0,1,0.8576337695121765,0.816882774233818,0.2812827229499817,0.4674696624279022,1.0,1.0,1.0,0.194565087556839,0.0024411482736468315,0.0037521235644817352,0.08917920291423798,0.09341856092214584,0.5387974381446838,0.09480144828557968,1.0,0.13640710711479187,0.19109132885932922,0.2572629451751709,0.3209960162639618
108001,7.002493858337402,16.260297775268555,0.5651173293590546,0.20169901425850892,0.8572172522544861,0.2920999228954315,0.2408120483160019,0.030458595603704453,6912064,0,0,0.8489861786365509,0.808048278093338,0.30090877413749695,0.46861690282821655,1.0,1.0,1.0,0.33614420890808105,0.0025711185298860073,0.0036937049590051174,0.08420274406671524,0.0927024781703949,0.5343528985977173,0.09364961087703705,1.0,0.1427827775478363,0.19694404304027557,0.26723697781562805,0.3324832320213318
108201,6.769392967224121,16.13848114013672,0.58463254570961,0.1904260860166658,0.8624840974807739,0.27785155177116394,0.22272713482379913,0.029112733900547028,6924864,0,0,0.856726348400116,0.8197536319494247,0.3113892376422882,0.4776613116264343,1.0,1.0,1.0,0.23402857780456543,0.002403543796390295,0.0037040705792605877,0.09115203469991684,0.09435629844665527,0.5381774306297302,0.09464103728532791,1.0,0.13751593232154846,0.193669393658638,0.26225313544273376,0.32752126455307007
108401,7.10998010635376,16.607999801635742,0.557958573102951,0.20104714043792063,0.8595962524414062,0.3016376793384552,0.2519638240337372,0.03563379496335983,6937664,0,1,0.852216050028801,0.8085171431303024,0.31024909019470215,0.443739652633667,1.0,1.0,1.0,0.5616829991340637,0.0025845756754279137,0.0036788880825042725,0.09012611955404282,0.09193871915340424,0.5403004288673401,0.09481382369995117,1.0,0.14040368795394897,0.1945713609457016,0.2631240487098694,0.32867565751075745
108601,6.6009650230407715,15.908734321594238,0.5614819824695587,0.1954362696295465,0.8636106252670288,0.3021286427974701,0.24251270294189453,0.03047509863972664,6950464,0,0,0.8604311943054199,0.8155946433544159,0.3092939853668213,0.47871994972229004,1.0,1.0,1.0,0.16012653708457947,0.002474019769579172,0.003741104621440172,0.0911380723118782,0.09435603022575378,0.5437383651733398,0.09509216994047165,1.0,0.1363893449306488,0.19286476075649261,0.2599523067474365,0.32683202624320984
108801,6.856403827667236,16.330156326293945,0.530851423740387,0.2105386976321592,0.8584290742874146,0.3275776505470276,0.26454007625579834,0.026982001960277557,6963264,0,0,0.8546822369098663,0.8039956390857697,0.2899242043495178,0.4675409197807312,1.0,1.0,1.0,0.3191038966178894,0.00264846533536911,0.0038431165739893913,0.09053774923086166,0.09308403730392456,0.5473083257675171,0.09410684555768967,1.0,0.14157086610794067,0.19457146525382996,0.2616065740585327,0.3237747550010681
109001,6.657303810119629,16.07485008239746,0.5459482371807098,0.2065601454951489,0.8578705787658691,0.3119223415851593,0.2526005506515503,0.0326697863638401,6976064,0,0,0.8520092666149139,0.8061188012361526,0.2913716435432434,0.48037582635879517,1.0,1.0,1.0,0.24831175804138184,0.0024842023849487305,0.0036944530438631773,0.09002132713794708,0.09250389039516449,0.5481060743331909,0.09421661496162415,1.0,0.14212940633296967,0.19556915760040283,0.2631389796733856,0.32523080706596375
109201,7.048521041870117,16.31289291381836,0.5549265742301941,0.20053200414446978,0.8608067631721497,0.30588018894195557,0.24928544461727142,0.03301354497671127,6988864,0,1,0.8568617105484009,0.8105882257223129,0.30864736437797546,0.4550158381462097,1.0,1.0,1.0,0.34065133333206177,0.00244770385324955,0.0038503343239426613,0.09238433837890625,0.09252536296844482,0.5486006736755371,0.09451373666524887,1.0,0.13919326663017273,0.19530469179153442,0.26268044114112854,0.32702431082725525
109401,6.4853515625,15.999589920043945,0.5553388297557831,0.19524331823517616,0.865268349647522,0.3099295198917389,0.2530156970024109,0.029416445642709732,7001664,0,0,0.857472226023674,0.816730186343193,0.29599305987358093,0.4799274802207947,1.0,1.0,1.0,0.19011801481246948,0.0025606947019696236,0.003666209988296032,0.08975715190172195,0.09385311603546143,0.5388326048851013,0.09455887228250504,1.0,0.13473162055015564,0.1890178918838501,0.255943238735199,0.320736289024353
109601,6.70204496383667,16.155527114868164,0.5201787650585175,0.20291538660330166,0.867577075958252,0.3473983108997345,0.2882683575153351,0.030077587813138962,7014464,0,0,0.862347736954689,0.8105038106441498,0.2875736653804779,0.47144243121147156,1.0,1.0,1.0,0.23136532306671143,0.0025490717962384224,0.004055669531226158,0.09255730360746384,0.09231330454349518,0.5428731441497803,0.09319654852151871,1.0,0.13242286443710327,0.18936432898044586,0.2543110251426697,0.31671932339668274
109801,6.9171624183654785,16.396467208862305,0.5449730455875397,0.20168258949411647,0.8623209595680237,0.317347913980484,0.2693982720375061,0.030646873638033867,7027264,0,0,0.8564328551292419,0.8081766068935394,0.28897809982299805,0.474117636680603,0.9999979734420776,0.9994572997093201,1.0,0.3986273407936096,0.0023192258086055517,0.0037456336431205273,0.08444388955831528,0.095735564827919,0.5376526117324829,0.09633062779903412,1.0,0.13767899572849274,0.18999682366847992,0.2567017674446106,0.3202263116836548
110001,7.449387073516846,16.943693161010742,0.6013939678668976,0.18832793229097178,0.8604617714881897,0.2590678036212921,0.20122718811035156,0.0323459655046463,7040064,0,1,0.8566844761371613,0.8209054321050644,0.3189198672771454,0.4147740602493286,1.0,1.0,1.0,0.7836428880691528,0.0025743800215423107,0.003713721176609397,0.09255968779325485,0.09051741659641266,0.5346903800964355,0.09446036070585251,1.0,0.13953816890716553,0.19815893471240997,0.267673522233963,0.3343440890312195
110201,6.5163068771362305,16.067758560180664,0.5706619322299957,0.19434187427807542,0.8623442053794861,0.29168227314949036,0.23356971144676208,0.02803986892104149,7052864,0,0,0.8529044538736343,0.8161950558423996,0.3188949227333069,0.4713747799396515,1.0,1.0,1.0,0.21500228345394135,0.0023832255974411964,0.0036275035236030817,0.09157019853591919,0.09315530210733414,0.542012631893158,0.09482767432928085,1.0,0.1376558393239975,0.19297342002391815,0.2594835162162781,0.32365870475769043
110401,7.78028678894043,16.86458396911621,0.5282125473022461,0.21668523760100653,0.8538826704025269,0.32567012310028076,0.27872785925865173,0.03196531906723976,7065664,0,0,0.8446703255176544,0.7937862575054169,0.27976322174072266,0.4659130871295929,0.9999599456787109,0.993215799331665,0.9989145398139954,0.6877546310424805,0.002380597172304988,0.0036860592663288116,0.08182954043149948,0.09546762704849243,0.5433366298675537,0.095842145383358,1.0,0.14611731469631195,0.20027655363082886,0.2677055299282074,0.332176148891449
110601,6.860171318054199,15.971308708190918,0.5879620015621185,0.20127574953230332,0.8518356084823608,0.2638736069202423,0.20539435744285583,0.032594285905361176,7078464,0,0,0.8453325778245926,0.8094810396432877,0.3187994956970215,0.4725777506828308,1.0,1.0,1.0,0.19675764441490173,0.0024704807437956333,0.0036303657107055187,0.08987385034561157,0.09446510672569275,0.5373727083206177,0.09507198631763458,1.0,0.14816437661647797,0.2016826719045639,0.27285251021385193,0.3385806679725647
110801,6.684967517852783,16.094274520874023,0.5699295997619629,0.1960409069510724,0.861025869846344,0.2910962700843811,0.23058262467384338,0.02672562375664711,7091264,0,0,0.8515100032091141,0.8151021301746368,0.30647632479667664,0.47550511360168457,1.0,1.0,1.0,0.19017237424850464,0.0025289622135460377,0.003618230577558279,0.09240144491195679,0.09405834972858429,0.5471982955932617,0.09463945031166077,1.0,0.13897408545017242,0.19291812181472778,0.26097434759140015,0.325601190328598
111001,6.611228942871094,15.956700325012207,0.5620580017566681,0.19991636672339086,0.8595589399337769,0.29750093817710876,0.23452699184417725,0.036661289632320404,7104064,0,0,0.8540568798780441,0.8128191828727722,0.29717543721199036,0.47615647315979004,1.0,1.0,1.0,0.17980720102787018,0.002503083785995841,0.0038858891930431128,0.09193805605173111,0.09379309415817261,0.5361849665641785,0.09455814212560654,1.0,0.14044111967086792,0.19553841650485992,0.26289990544319153,0.3275427222251892
111201,7.730852127075195,16.877338409423828,0.5123879313468933,0.2236897346385679,0.8523581027984619,0.3399701714515686,0.2908286452293396,0.035357724875211716,7116864,0,0,0.8442864120006561,0.788926512002945,0.2695438265800476,0.45187908411026,0.999954879283905,0.9905020594596863,0.9997286796569824,0.7100509405136108,0.002494972199201584,0.0037356428802013397,0.08261633664369583,0.09564618766307831,0.5403544902801514,0.09575603902339935,1.0,0.14764189720153809,0.20190706849098206,0.26874950528144836,0.33164891600608826
111401,6.666196346282959,16.11614990234375,0.5737529695034027,0.1974249921824626,0.8588628172874451,0.28510984778404236,0.2301710546016693,0.027426205575466156,7129664,0,0,0.8558521866798401,0.8129407912492752,0.3235490322113037,0.4701637625694275,1.0,1.0,1.0,0.22673463821411133,0.002568112686276436,0.0034529047552496195,0.09112772345542908,0.09439697116613388,0.5369426012039185,0.09528106451034546,1.0,0.14113719761371613,0.19875513017177582,0.2679291367530823,0.33425256609916687
111601,7.12946891784668,16.556110382080078,0.5779134929180145,0.19356213228984198,0.8612885475158691,0.2833750545978546,0.2238989621400833,0.027575066313147545,7142464,0,1,0.8538206368684769,0.8171762228012085,0.28034234046936035,0.4454105496406555,1.0,1.0,1.0,0.49039649963378906,0.002410761546343565,0.003767282934859395,0.08931398391723633,0.09189671277999878,0.5367075204849243,0.09471485763788223,1.0,0.13871143758296967,0.19200481474399567,0.25918829441070557,0.3240079879760742
111801,6.753091812133789,16.30717658996582,0.563942164182663,0.1984604636636783,0.8603684306144714,0.29642626643180847,0.24040664732456207,0.028929919004440308,7155264,0,0,0.8522603213787079,0.8124884516000748,0.2993795871734619,0.47296178340911865,1.0,1.0,1.0,0.2762118875980377,0.002500306349247694,0.003844865597784519,0.08930487930774689,0.09336581826210022,0.5449963212013245,0.09433608502149582,1.0,0.1396314948797226,0.1969534009695053,0.2651750445365906,0.3305453956127167
112001,7.031069755554199,16.661977767944336,0.5765044391155243,0.18741097470840534,0.8670382499694824,0.29053381085395813,0.231261745095253,0.03308294340968132,7168064,0,1,0.8624605983495712,0.823358803987503,0.2907162010669708,0.44801777601242065,1.0,1.0,1.0,0.49621331691741943,0.002608282258734107,0.0037417029961943626,0.08835405111312866,0.09256602823734283,0.5396900773048401,0.09466909617185593,1.0,0.13296173512935638,0.18732145428657532,0.2528243958950043,0.3170815706253052
112201,6.420383930206299,15.816176414489746,0.5495138466358185,0.20076994480176727,0.8619598150253296,0.3124459683895111,0.25339019298553467,0.029285123571753502,7180864,0,0,0.8614128082990646,0.8111883103847504,0.2971934974193573,0.4886431097984314,1.0,1.0,1.0,0.11069394648075104,0.0023589981719851494,0.0038497531786561012,0.09143496304750443,0.09401147067546844,0.5525761842727661,0.09450282901525497,1.0,0.13804017007350922,0.19184066355228424,0.2590416371822357,0.3215300142765045
112401,6.70332670211792,15.96186637878418,0.5651936531066895,0.19612255143738475,0.8621093034744263,0.2969156503677368,0.23922576010227203,0.03227333351969719,7193664,0,0,0.8570888787508011,0.8151627779006958,0.317674458026886,0.4819943904876709,1.0,1.0,1.0,0.17357392609119415,0.0026231249794363976,0.003613066393882036,0.09334593266248703,0.09380857646465302,0.5382290482521057,0.09453423321247101,1.0,0.1378907412290573,0.19522537291049957,0.26426413655281067,0.3312303125858307
112601,6.684121131896973,15.989996910095215,0.5457320213317871,0.20700376089855535,0.857542097568512,0.31181007623672485,0.25785088539123535,0.03144832327961922,7206464,0,0,0.8502313047647476,0.804613396525383,0.2986844480037689,0.4772835373878479,1.0,1.0,1.0,0.20476683974266052,0.00253879651427269,0.003431769320741296,0.08794509619474411,0.09282466769218445,0.5442201495170593,0.09370879828929901,1.0,0.14245787262916565,0.19661644101142883,0.26665520668029785,0.33093446493148804
112801,6.916019439697266,16.20250701904297,0.5318456292152405,0.21374740508302809,0.855414628982544,0.32356899976730347,0.27306902408599854,0.030761823058128357,7219264,0,0,0.8466293960809708,0.7966065108776093,0.2817317545413971,0.4899768829345703,1.0,1.0,1.0,0.33162441849708557,0.002543181413784623,0.00373853906057775,0.08640865981578827,0.09503760188817978,0.5477977991104126,0.09490294754505157,1.0,0.14458529651165009,0.1981653869152069,0.26889580488204956,0.3329620659351349
113001,6.887844562530518,16.446691513061523,0.5580915808677673,0.1987282135085575,0.8615843653678894,0.30349278450012207,0.2403452843427658,0.03499044477939606,7232064,0,0,0.8586458116769791,0.8137364387512207,0.29878517985343933,0.46058833599090576,1.0,1.0,1.0,0.3779422640800476,0.002425400074571371,0.003788362257182598,0.0880429819226265,0.0935138463973999,0.5397419929504395,0.09459836035966873,1.0,0.1384156197309494,0.1914871782064438,0.2588781416416168,0.3218805491924286
113201,6.926319599151611,16.468700408935547,0.5513304471969604,0.20116068374252538,0.8611660599708557,0.30983561277389526,0.25673404335975647,0.031660161912441254,7244864,0,0,0.8557506650686264,0.8098427504301071,0.2951313555240631,0.4736970067024231,1.0,1.0,1.0,0.3906075060367584,0.0024571255780756474,0.0035069789737462997,0.09096958488225937,0.09285755455493927,0.5462133288383484,0.0945490300655365,1.0,0.1388338953256607,0.1944233924150467,0.26171714067459106,0.3254302144050598
113401,6.597314834594727,16.0306396484375,0.5604905486106873,0.19533633350684262,0.8639379739761353,0.303447425365448,0.24474261701107025,0.028006084263324738,7257664,0,0,0.8550738245248795,0.8156266510486603,0.2892535626888275,0.4775457978248596,1.0,1.0,1.0,0.2315673679113388,0.0025483015924692154,0.0038780714385211468,0.09184116125106812,0.09385425597429276,0.5519622564315796,0.0947771891951561,1.0,0.13606208562850952,0.18996144831180573,0.2548770308494568,0.31764453649520874
113601,7.344890117645264,16.811716079711914,0.5647695064544678,0.19853559766119228,0.8600975275039673,0.2953280210494995,0.23520664870738983,0.03840838372707367,7270464,0,1,0.8520925790071487,0.813408374786377,0.3135620057582855,0.4266805648803711,1.0,1.0,1.0,0.6505621671676636,0.0025168282445520163,0.0038392446003854275,0.09059455990791321,0.09085124731063843,0.5386691689491272,0.09420982003211975,1.0,0.1399025022983551,0.1963186115026474,0.26416015625,0.32914987206459045
113801,6.506386756896973,15.937973976135254,0.5436146855354309,0.19747380888271765,0.8662353157997131,0.3226206302642822,0.2634214162826538,0.023801492527127266,7283264,0,0,0.8603864759206772,0.8147750943899155,0.30325576663017273,0.47698113322257996,1.0,1.0,1.0,0.1371237337589264,0.0026676072739064693,0.0034470309037715197,0.09154326468706131,0.09343552589416504,0.5434571504592896,0.0940040871500969,1.0,0.13376465439796448,0.1913340836763382,0.25741496682167053,0.321688175201416
114001,6.4741950035095215,15.754472732543945,0.5718143284320831,0.192888796419062,0.8633440136909485,0.29152968525886536,0.23819278180599213,0.026249194517731667,7296064,0,0,0.8605022877454758,0.8159958571195602,0.31271907687187195,0.48450082540512085,1.0,1.0,1.0,0.10378769785165787,0.0025227628648281097,0.0037623224779963493,0.09296075254678726,0.09456847608089447,0.5433496236801147,0.09456883370876312,1.0,0.1366559863090515,0.19408991932868958,0.26277559995651245,0.32888510823249817
114201,6.7283854484558105,16.085813522338867,0.5818982124328613,0.19453979204268051,0.8594563007354736,0.2775580883026123,0.22010615468025208,0.03070192225277424,7308864,0,0,0.8539151251316071,0.8163707256317139,0.295375257730484,0.4717039167881012,1.0,1.0,1.0,0.20727115869522095,0.002380291698500514,0.0038994764909148216,0.09056442975997925,0.09332716464996338,0.5374951362609863,0.09396393597126007,1.0,0.14054366946220398,0.1952747404575348,0.26403453946113586,0.32940971851348877
114401,6.95762825012207,16.425251007080078,0.5721503794193268,0.19647435625114917,0.8601004481315613,0.2879500687122345,0.2330174446105957,0.03501061350107193,7321664,0,0,0.8537939786911011,0.8144952207803726,0.2977454960346222,0.4532303214073181,1.0,1.0,1.0,0.37894076108932495,0.0025929061230272055,0.0038761571049690247,0.08727238327264786,0.09223917126655579,0.529811680316925,0.09351867437362671,1.0,0.13989955186843872,0.19512701034545898,0.2635346055030823,0.32862210273742676
114601,6.674474716186523,16.03823471069336,0.558131217956543,0.2032100705104554,0.8576564788818359,0.29952526092529297,0.24078330397605896,0.029216773808002472,7334464,0,0,0.8524928838014603,0.807845264673233,0.3014051020145416,0.4776981472969055,1.0,1.0,1.0,0.2196923941373825,0.002467750571668148,0.0037145004607737064,0.09138060361146927,0.09348232299089432,0.5455827713012695,0.09481459856033325,1.0,0.14234350621700287,0.19844205677509308,0.2664116621017456,0.33001598715782166
114801,7.307059288024902,16.842304229736328,0.5492192804813385,0.2014843353497484,0.8614190220832825,0.31219974160194397,0.25389745831489563,0.03525448963046074,7347264,0,1,0.8506608158349991,0.8102247267961502,0.28416791558265686,0.4208361804485321,1.0,1.0,1.0,0.6783910393714905,0.0022894861176609993,0.0038533497136086226,0.08870234340429306,0.09069918096065521,0.5423557162284851,0.09480666369199753,1.0,0.13858094811439514,0.19194422662258148,0.2590978443622589,0.3212459683418274
115001,7.330297946929932,16.4183292388916,0.5603578984737396,0.21108626874906145,0.8500674366950989,0.28970953822135925,0.24469639360904694,0.034055016934871674,7360064,0,0,0.8432563543319702,0.7976592183113098,0.3119208812713623,0.48241108655929565,0.9999774694442749,0.995929479598999,0.9994572997093201,0.4520644247531891,0.002478276379406452,0.0036753069143742323,0.0872410461306572,0.09638446569442749,0.5456574559211731,0.09700372070074081,1.0,0.14993256330490112,0.20628921687602997,0.2758808732032776,0.3420352637767792
115201,6.641268730163574,15.992934226989746,0.5518374443054199,0.19937044752706082,0.8625830411911011,0.31074559688568115,0.25644800066947937,0.027601158246397972,7372864,0,0,0.8514705449342728,0.810916468501091,0.29419413208961487,0.4918183386325836,1.0,1.0,1.0,0.19217434525489807,0.002504505682736635,0.003668125718832016,0.0894642248749733,0.0943978950381279,0.5471280217170715,0.09519190341234207,1.0,0.13741692900657654,0.19382570683956146,0.26204630732536316,0.32788944244384766
115401,6.946526527404785,16.57217025756836,0.5264692604541779,0.2046288487499297,0.8645527958869934,0.33808353543281555,0.28340545296669006,0.03404826670885086,7385664,0,1,0.8579467087984085,0.8075203597545624,0.2997015416622162,0.4393931031227112,1.0,1.0,1.0,0.4384860098361969,0.0024287421256303787,0.004049618262797594,0.09132907539606094,0.09151042252779007,0.5460823774337769,0.09415731579065323,1.0,0.1354471743106842,0.19092592597007751,0.2580415904521942,0.32163694500923157
115601,7.150472640991211,16.833194732666016,0.5311771333217621,0.20245269994015938,0.8651638031005859,0.33398666977882385,0.2819765508174896,0.033728692680597305,7398464,0,1,0.8607606887817383,0.8076625913381577,0.30102846026420593,0.43395641446113586,1.0,1.0,1.0,0.685845136642456,0.002721184166148305,0.0038053509779274464,0.08996013551950455,0.09039798378944397,0.5424531102180481,0.0933019295334816,1.0,0.13483618199825287,0.1926155537366867,0.2599078416824341,0.3249058723449707
115801,6.538992404937744,15.805638313293457,0.5769506692886353,0.1945593041522322,0.860633909702301,0.28368324041366577,0.22270719707012177,0.03736705705523491,7411264,0,0,0.8518158942461014,0.8161358833312988,0.30769744515419006,0.4804471731185913,1.0,1.0,1.0,0.11557729542255402,0.0026893785689026117,0.004202013369649649,0.09157312661409378,0.09316801279783249,0.5452742576599121,0.09374067187309265,1.0,0.1393660604953766,0.1964784562587738,0.2649571895599365,0.330068439245224
116001,6.683795928955078,16.05951499938965,0.5669709146022797,0.1976836285116284,0.8603034019470215,0.2933324873447418,0.23671552538871765,0.031976450234651566,7424064,0,0,0.8539168834686279,0.8133088797330856,0.3068474233150482,0.476462721824646,1.0,1.0,1.0,0.2158004492521286,0.002485217060893774,0.003949417732656002,0.09324335306882858,0.09328890591859818,0.5435035824775696,0.09418288618326187,1.0,0.13969655334949493,0.19534920156002045,0.2638936936855316,0.3273007869720459
116201,6.663422107696533,15.939567565917969,0.5699454545974731,0.19741244125546506,0.8598105311393738,0.28986507654190063,0.23102980852127075,0.030940743163228035,7436864,0,0,0.852979987859726,0.8127917945384979,0.32329481840133667,0.4809543192386627,1.0,1.0,1.0,0.16293802857398987,0.002536721993237734,0.0033728857524693012,0.09174022078514099,0.09354083240032196,0.5421758890151978,0.09449157863855362,1.0,0.14018942415714264,0.19833989441394806,0.26801374554634094,0.3341783881187439
116401,6.730823516845703,16.147083282470703,0.5509400963783264,0.2026404911599609,0.8599843978881836,0.3090443015098572,0.2570672631263733,0.028326617553830147,7449664,0,0,0.8518327176570892,0.8079824447631836,0.3020673990249634,0.47831296920776367,1.0,1.0,1.0,0.22997435927391052,0.0025743364822119474,0.0038190102204680443,0.08987962454557419,0.09387266635894775,0.5465314388275146,0.09465068578720093,1.0,0.1400155872106552,0.19543936848640442,0.2640802562236786,0.32885539531707764
116601,7.077326774597168,16.494333267211914,0.5665228068828583,0.20527804533029725,0.8536661863327026,0.28714337944984436,0.23011653125286102,0.039466727524995804,7462464,0,1,0.8408311456441879,0.8061639815568924,0.3279041051864624,0.44058746099472046,1.0,1.0,1.0,0.415426641702652,0.0024193651042878628,0.003817622782662511,0.09179198741912842,0.0920851081609726,0.5348483324050903,0.09462578594684601,1.0,0.14633387327194214,0.20386473834514618,0.27448898553848267,0.3417927026748657
116801,6.725744247436523,16.118515014648438,0.5333364009857178,0.20636356653626686,0.8613203763961792,0.3279839754104614,0.26819589734077454,0.030317040160298347,7475264,0,0,0.8580834418535233,0.8071807473897934,0.2933741807937622,0.4736141562461853,1.0,1.0,1.0,0.24992942810058594,0.002419319236651063,0.0038485126569867134,0.08984242379665375,0.09289101511240005,0.5469328761100769,0.09448284655809402,1.0,0.138679638504982,0.19560863077640533,0.26240405440330505,0.3248925805091858
117001,6.847926616668701,16.11574363708496,0.525968998670578,0.2099089093262501,0.8602622151374817,0.3342932164669037,0.2802121043205261,0.028719421476125717,7488064,0,0,0.8508201092481613,0.801323652267456,0.2807341516017914,0.48406344652175903,1.0,1.0,1.0,0.29032057523727417,0.0025014099664986134,0.0038821306079626083,0.08724518865346909,0.09406152367591858,0.5576118230819702,0.09494411200284958,1.0,0.13973774015903473,0.19203440845012665,0.25998517870903015,0.3226674795150757
117201,6.712683200836182,16.048851013183594,0.5712640583515167,0.19741422425785657,0.8594846129417419,0.2882205545902252,0.23007245361804962,0.0258493535220623,7500864,0,0,0.856366366147995,0.8134271651506424,0.29669827222824097,0.48279938101768494,0.9999989867210388,0.9997286796569824,1.0,0.2198767513036728,0.0023969695903360844,0.0033411241602152586,0.0893969014286995,0.09322509169578552,0.5442704558372498,0.09464523196220398,1.0,0.14051538705825806,0.19392812252044678,0.2635912299156189,0.32789263129234314
117401,6.685030937194824,16.196474075317383,0.5291256904602051,0.2034935808027839,0.8648175597190857,0.3356918692588806,0.27830371260643005,0.025758137926459312,7513664,0,0,0.8580001592636108,0.8092259466648102,0.28669556975364685,0.47711533308029175,1.0,1.0,1.0,0.27368131279945374,0.0025554869789630175,0.003644817043095827,0.08940509706735611,0.09265576303005219,0.5500105023384094,0.0939740315079689,1.0,0.13518241047859192,0.19034996628761292,0.2559819519519806,0.3198484480381012
117601,7.114040374755859,16.486360549926758,0.5642280578613281,0.20083747568618976,0.8582038879394531,0.293975830078125,0.23312748968601227,0.03248850628733635,7526464,0,1,0.850772500038147,0.8111705332994461,0.30922749638557434,0.4379817843437195,1.0,1.0,1.0,0.41770249605178833,0.0024554047267884016,0.0038206642493605614,0.092515729367733,0.09240958094596863,0.5458816289901733,0.09453364461660385,1.0,0.1417960822582245,0.19598732888698578,0.2638041079044342,0.32779112458229065
117801,6.777397632598877,16.092601776123047,0.5650630295276642,0.19499759331891575,0.8631234765052795,0.29806044697761536,0.24091260135173798,0.035914741456508636,7539264,0,1,0.8571843951940536,0.8156889081001282,0.32339510321617126,0.44100892543792725,1.0,1.0,1.0,0.18482720851898193,0.002323361812159419,0.003631761996075511,0.09150353074073792,0.08994665741920471,0.5305082201957703,0.09281393140554428,1.0,0.13687650859355927,0.19571295380592346,0.2647131383419037,0.3332657217979431
118001,6.663576126098633,16.274736404418945,0.5676150619983673,0.19974863049502095,0.858319103717804,0.29070404171943665,0.23688864707946777,0.024864226579666138,7552064,0,0,0.8531081229448318,0.8101967871189117,0.3242192268371582,0.4738137722015381,1.0,1.0,1.0,0.27318304777145386,0.0026114461943507195,0.0034658913500607014,0.08973178267478943,0.09337854385375977,0.5419002175331116,0.0940156802535057,1.0,0.14168085157871246,0.19994142651557922,0.2691749036312103,0.3347265422344208
118201,6.814084529876709,15.899868965148926,0.5934984683990479,0.1920597476047819,0.8589163422584534,0.2654178738594055,0.20862603187561035,0.027277564629912376,7564864,0,0,0.8541264683008194,0.8177809119224548,0.3120049238204956,0.47965195775032043,1.0,1.0,1.0,0.1714152991771698,0.002450361615046859,0.003551002126187086,0.08934285491704941,0.09398780763149261,0.5374167561531067,0.09470414370298386,1.0,0.14108365774154663,0.19437022507190704,0.26391327381134033,0.32864460349082947
118401,6.598051071166992,16.101276397705078,0.5537868440151215,0.19591437852590643,0.8650705814361572,0.31128373742103577,0.2533687949180603,0.0262638907879591,7577664,0,0,0.8585935533046722,0.8160757720470428,0.29171979427337646,0.47979652881622314,1.0,1.0,1.0,0.21897657215595245,0.002605990506708622,0.003739111591130495,0.09222985804080963,0.09393000602722168,0.5494067668914795,0.0946553647518158,1.0,0.13492941856384277,0.19112050533294678,0.25852635502815247,0.3231220245361328
118601,7.008003234863281,16.346113204956055,0.5666658282279968,0.19874850003565023,0.8594399094581604,0.2927740812301636,0.23946577310562134,0.03189314156770706,7590464,0,1,0.8536421060562134,0.8115804493427277,0.3136434257030487,0.4489850401878357,1.0,1.0,1.0,0.3227149248123169,0.002584843896329403,0.0038805825170129538,0.09032565355300903,0.09214359521865845,0.530519425868988,0.09391096234321594,1.0,0.1405601054430008,0.19655591249465942,0.26638054847717285,0.3316746950149536
118801,6.669289588928223,15.987412452697754,0.5704940855503082,0.19520960948719587,0.8616212010383606,0.29112711548805237,0.23486614227294922,0.0258412454277277,7603264,0,0,0.8568163514137268,0.8155871033668518,0.29921236634254456,0.47919130325317383,1.0,1.0,1.0,0.1921059489250183,0.0024802531115710735,0.003498205915093422,0.08763106912374496,0.09418130666017532,0.5376266837120056,0.0943278893828392,1.0,0.1383787840604782,0.19477343559265137,0.26250141859054565,0.3285224437713623
119001,7.831574440002441,17.106698989868164,0.5082607865333557,0.21868075885228402,0.8577446341514587,0.349483847618103,0.2979574203491211,0.03485438972711563,7616064,0,0,0.8520545810461044,0.7941941618919373,0.27067214250564575,0.4524255692958832,0.9999651312828064,0.9929444193840027,0.9997286796569824,0.7145777344703674,0.002364902291446924,0.0040444424375891685,0.08054964244365692,0.09448952227830887,0.5358210206031799,0.09433481842279434,1.0,0.14225544035434723,0.19754764437675476,0.26408296823501587,0.3259594440460205
119201,6.72348165512085,16.1585750579834,0.5733503103256226,0.19739035649096714,0.8589926958084106,0.2856423854827881,0.22676745057106018,0.030715009197592735,7628864,0,0,0.852147102355957,0.8137806951999664,0.3057954013347626,0.4699614644050598,1.0,1.0,1.0,0.24472269415855408,0.0026140182744711637,0.0036548601929098368,0.09081830829381943,0.09341530501842499,0.5440545082092285,0.09427002817392349,1.0,0.14100725948810577,0.19798341393470764,0.26511433720588684,0.3290846347808838
119401,6.670670032501221,16.097116470336914,0.5400595963001251,0.19906709096347078,0.8657714128494263,0.32571181654930115,0.27165934443473816,0.03673085942864418,7641664,0,0,0.8590940684080124,0.8119992911815643,0.3130342662334442,0.4629138112068176,1.0,1.0,1.0,0.20885446667671204,0.0026040328666567802,0.003936656750738621,0.09196558594703674,0.09172717481851578,0.5381858348846436,0.0936841368675232,1.0,0.13422857224941254,0.1907905787229538,0.25852444767951965,0.32458779215812683
119601,6.605135917663574,16.05750274658203,0.5849571824073792,0.18980150537153276,0.8629647493362427,0.2780075669288635,0.22447381913661957,0.029486142098903656,7654464,0,0,0.8574936836957932,0.8192001432180405,0.30165529251098633,0.4743383526802063,1.0,1.0,1.0,0.21526019275188446,0.0026919159572571516,0.003600533353164792,0.09124353528022766,0.09299591183662415,0.5419763922691345,0.09434737265110016,1.0,0.13703526556491852,0.19407913088798523,0.26047283411026,0.32526496052742004
119801,6.611593246459961,15.815160751342773,0.57442507147789,0.1947151995158224,0.8611059188842773,0.28668084740638733,0.23380476236343384,0.02716379053890705,7667264,0,0,0.8558420389890671,0.8146245330572128,0.31341424584388733,0.48176196217536926,1.0,1.0,1.0,0.11339132487773895,0.0025086798705160618,0.0035021966323256493,0.0929480716586113,0.09435322135686874,0.5457614064216614,0.09506720304489136,1.0,0.13889409601688385,0.19317485392093658,0.26256224513053894,0.32757335901260376
120001,6.6703715324401855,15.856916427612305,0.5893003940582275,0.19484784448284828,0.8573885560035706,0.268088161945343,0.20843391120433807,0.028258392587304115,7680064,0,0,0.8521338850259781,0.8162695616483688,0.30016210675239563,0.47564584016799927,1.0,1.0,1.0,0.14387056231498718,0.0024978406727313995,0.003707272233441472,0.08988290280103683,0.09314452111721039,0.5379354357719421,0.09401014447212219,1.0,0.14261148869991302,0.19675342738628387,0.2650545537471771,0.3292205333709717
120201,6.966763496398926,16.123577117919922,0.5733871459960938,0.196710768145996,0.8595880270004272,0.2862008810043335,0.2321173995733261,0.027706453576683998,7692864,0,0,0.8560634404420853,0.8132463842630386,0.29876598715782166,0.47393086552619934,1.0,1.0,1.0,0.23888960480690002,0.0027390429750084877,0.003643421921879053,0.08913212269544601,0.09423889964818954,0.5404291152954102,0.09455607831478119,1.0,0.14041197299957275,0.1946011185646057,0.2629392445087433,0.32688990235328674
120401,7.177417755126953,16.761762619018555,0.5752970278263092,0.19705741920447903,0.8588111400604248,0.2835141122341156,0.22201697528362274,0.0333222970366478,7705664,0,1,0.8523275256156921,0.8144069015979767,0.3165181279182434,0.43034297227859497,1.0,1.0,1.0,0.6471249461174011,0.00251816981472075,0.0037246968131512403,0.09226584434509277,0.09086613357067108,0.5435951352119446,0.09437887370586395,1.0,0.1411888152360916,0.19588829576969147,0.26551148295402527,0.3300045430660248
120601,6.872631072998047,16.613365173339844,0.5354592800140381,0.19953601952296407,0.8665231466293335,0.3310638666152954,0.2761613428592682,0.027227403596043587,7718464,0,1,0.8610439449548721,0.8118775486946106,0.28155407309532166,0.4622887670993805,1.0,1.0,1.0,0.5259080529212952,0.0025078561156988144,0.0036165504716336727,0.08943293243646622,0.092888742685318,0.5454472303390503,0.09408831596374512,1.0,0.13347680866718292,0.18710552155971527,0.2520502805709839,0.3142037093639374
120801,7.291468620300293,16.950618743896484,0.5481995642185211,0.19917688321172364,0.8636544346809387,0.3154548704624176,0.263670414686203,0.026949502527713776,7731264,0,1,0.8552217185497284,0.8102462291717529,0.292000949382782,0.4201417565345764,1.0,1.0,1.0,0.7849252223968506,0.0024556778371334076,0.003666837001219392,0.08942363411188126,0.09092658758163452,0.544836163520813,0.09470082074403763,1.0,0.13634562492370605,0.18926668167114258,0.25428709387779236,0.31520503759384155
121001,6.699038982391357,15.983502388000488,0.5316556990146637,0.2094079602067219,0.8591777682304382,0.32752206921577454,0.2721080183982849,0.02941317856311798,7744064,0,0,0.8491558879613876,0.802461788058281,0.29017210006713867,0.4857430160045624,0.9999989867210388,0.9997286796569824,1.0,0.19001352787017822,0.002764282748103142,0.0037734336219727993,0.08948816359043121,0.09494295716285706,0.5495201349258423,0.09576031565666199,1.0,0.14082227647304535,0.1935257762670517,0.26140013337135315,0.32452744245529175
121201,7.021008014678955,16.376567840576172,0.5369507372379303,0.20761742171676645,0.85930997133255,0.32235923409461975,0.2741997539997101,0.027721215039491653,7756864,0,0,0.8582064509391785,0.8020987659692764,0.29456669092178345,0.476775586605072,0.9999979734420776,0.9994572997093201,1.0,0.3868144452571869,0.002661946229636669,0.0037566018290817738,0.08588802069425583,0.09681300818920135,0.5451188087463379,0.0970938429236412,1.0,0.14069001376628876,0.1955108791589737,0.2663230001926422,0.3320702612400055
121401,7.394964218139648,16.9102725982666,0.5607988834381104,0.19952015334673898,0.8602204918861389,0.29942160844802856,0.2466689646244049,0.03986020013689995,7769664,0,1,0.8575193732976913,0.8114197254180908,0.31763195991516113,0.41488075256347656,1.0,1.0,1.0,0.706721305847168,0.002665281295776367,0.003569179680198431,0.09013385325670242,0.09021075069904327,0.5339077115058899,0.0939994603395462,1.0,0.13977953791618347,0.19620470702648163,0.26596537232398987,0.3318759799003601
121601,6.645314693450928,16.101530075073242,0.5542691349983215,0.2038451863808974,0.8580865263938904,0.30381739139556885,0.25101548433303833,0.02863909862935543,7782464,0,0,0.8533319383859634,0.8071042150259018,0.3053477704524994,0.48034435510635376,1.0,1.0,1.0,0.24228522181510925,0.002380856778472662,0.003594971029087901,0.09043753147125244,0.093049056828022,0.5493854284286499,0.09445659071207047,1.0,0.14191338419914246,0.1983865201473236,0.2662360966205597,0.32971540093421936
121801,6.975801944732666,16.493738174438477,0.5812526941299438,0.19400246978129765,0.8600932955741882,0.2788406014442444,0.22272929549217224,0.03738526999950409,7795264,0,1,0.8507425487041473,0.815243273973465,0.30833855271339417,0.4357517957687378,1.0,1.0,1.0,0.44713297486305237,0.00245014950633049,0.0037154648452997208,0.09010149538516998,0.09331519901752472,0.5424536466598511,0.0960020124912262,1.0,0.13990668952465057,0.19545455276966095,0.26443639397621155,0.32964858412742615
122001,6.886387825012207,16.358238220214844,0.5620686709880829,0.20343847032641846,0.8564500212669373,0.29438135027885437,0.23217147588729858,0.028148099780082703,7808064,0,0,0.8535577207803726,0.808688297867775,0.32421258091926575,0.45686596632003784,1.0,1.0,1.0,0.3468146324157715,0.002638025674968958,0.003380309324711561,0.09302224218845367,0.09362827241420746,0.5456665754318237,0.09466066211462021,1.0,0.14354994893074036,0.199349507689476,0.26861461997032166,0.3337530195713043
122201,6.563970565795898,15.767579078674316,0.5474841594696045,0.19982228455813975,0.8632809519767761,0.31579679250717163,0.2552216947078705,0.03229271247982979,7820864,0,0,0.8565602004528046,0.8120332062244415,0.2911096513271332,0.4884341359138489,1.0,1.0,1.0,0.10475818812847137,0.0025395704433321953,0.004005595110356808,0.09016415476799011,0.09429475665092468,0.5477573871612549,0.0946967601776123,1.0,0.13671904802322388,0.19151562452316284,0.25874948501586914,0.32137003540992737
122401,6.663224220275879,16.017906188964844,0.5630252063274384,0.19698176023025193,0.8618889451026917,0.2988637387752533,0.242185577750206,0.030428988859057426,7833664,0,0,0.8566539883613586,0.8144280463457108,0.2940004765987396,0.48041635751724243,1.0,1.0,1.0,0.18635106086730957,0.002564546652138233,0.003845449537038803,0.08943010866641998,0.09397311508655548,0.5440490245819092,0.09466033428907394,1.0,0.13811108469963074,0.19155360758304596,0.2585919201374054,0.32208824157714844
122601,6.666658401489258,16.018808364868164,0.5580235719680786,0.19922489206694735,0.8611692786216736,0.30314570665359497,0.2424834966659546,0.023288048803806305,7846464,0,0,0.8541402220726013,0.8126228749752045,0.28649842739105225,0.4943082630634308,1.0,1.0,1.0,0.18537455797195435,0.0025057056918740273,0.003497084602713585,0.0899709016084671,0.0941121056675911,0.5525367856025696,0.09448164701461792,1.0,0.13883064687252045,0.19269974529743195,0.25926849246025085,0.3213505446910858
122801,7.084223747253418,16.355012893676758,0.5599933564662933,0.20286544499030745,0.8574854135513306,0.29749205708503723,0.24344642460346222,0.03452584892511368,7859264,0,0,0.8510840982198715,0.8085694909095764,0.29263344407081604,0.46508118510246277,0.9999887943267822,0.9981004595756531,0.9997286796569824,0.3496754467487335,0.002548293676227331,0.003358679125085473,0.08649760484695435,0.09437432885169983,0.5285614132881165,0.0949704647064209,1.0,0.14251454174518585,0.19734279811382294,0.2651030421257019,0.3291425108909607
123001,6.507297515869141,15.892792701721191,0.5549995601177216,0.19407730813344373,0.8663484454154968,0.31134888529777527,0.25652575492858887,0.031271856278181076,7872064,0,0,0.8581867814064026,0.816619262099266,0.2959303855895996,0.48384612798690796,1.0,1.0,1.0,0.13988694548606873,0.0025248858146369457,0.003957989625632763,0.0923016220331192,0.09248124063014984,0.5478358268737793,0.09396994858980179,1.0,0.1336515247821808,0.188393235206604,0.255370169878006,0.3189345598220825
123201,7.140464782714844,16.717153549194336,0.5770387351512909,0.19460802450841228,0.8605692982673645,0.2835305631160736,0.2321414351463318,0.031837932765483856,7884864,0,1,0.8529067486524582,0.813793957233429,0.3071307837963104,0.4256300926208496,1.0,1.0,1.0,0.5830371379852295,0.0025754135567694902,0.003926131874322891,0.090870201587677,0.09151171147823334,0.5441988706588745,0.09440493583679199,1.0,0.1394306719303131,0.19554632902145386,0.2634933888912201,0.3291183114051819
123401,6.7092413902282715,15.774213790893555,0.5578662753105164,0.20347342000273866,0.8574925661087036,0.29962629079818726,0.2491730898618698,0.02966497652232647,7897664,0,0,0.8517976403236389,0.8067346513271332,0.29993945360183716,0.48318928480148315,1.0,1.0,1.0,0.10130570828914642,0.0026985297445207834,0.0037167901173233986,0.0885360911488533,0.0935361385345459,0.5418185591697693,0.09445313364267349,1.0,0.1425074189901352,0.19735872745513916,0.2664113938808441,0.3303368091583252
123601,6.7344536781311035,16.168094635009766,0.54876708984375,0.2013525364830061,0.8616465330123901,0.31287944316864014,0.24994085729122162,0.03033572807908058,7910464,0,1,0.8565784990787506,0.811940461397171,0.29633626341819763,0.47437769174575806,1.0,1.0,1.0,0.27137354016304016,0.0025220438838005066,0.0036156829446554184,0.09138747304677963,0.09291759133338928,0.5469465851783752,0.09401405602693558,1.0,0.13835346698760986,0.1929340958595276,0.2595140337944031,0.32277020812034607
123801,6.848836421966553,16.125606536865234,0.5636541247367859,0.207620696159135,0.852310299873352,0.28865617513656616,0.23183947801589966,0.029895685613155365,7923264,0,0,0.846685990691185,0.8040760457515717,0.30543169379234314,0.4774731993675232,1.0,1.0,1.0,0.25904929637908936,0.002452576532959938,0.003575299633666873,0.08831586688756943,0.09284606575965881,0.543643593788147,0.09410346299409866,1.0,0.14768968522548676,0.1987859457731247,0.2706563472747803,0.3344939351081848
124001,6.747980117797852,15.87823486328125,0.5388298332691193,0.21363702848949231,0.8536121249198914,0.3147822916507721,0.26207593083381653,0.02746286243200302,7936064,0,0,0.8495837450027466,0.797718733549118,0.2878210246562958,0.4955058693885803,1.0,1.0,1.0,0.20577770471572876,0.0025783940218389034,0.0034901597537100315,0.08689655363559723,0.09562258422374725,0.5582785606384277,0.09555426239967346,1.0,0.14638783037662506,0.19658653438091278,0.2643987834453583,0.3256778419017792
124201,6.5253987312316895,15.746644973754883,0.5523786246776581,0.19673883286209634,0.8647086024284363,0.3123299777507782,0.25740641355514526,0.03140860050916672,7948864,0,0,0.8562274426221848,0.8138432502746582,0.28907719254493713,0.495393306016922,1.0,1.0,1.0,0.10828739404678345,0.0024567311629652977,0.0036712330766022205,0.0894123837351799,0.09308087825775146,0.5502395033836365,0.09348125755786896,1.0,0.13529141247272491,0.19113118946552277,0.2565339207649231,0.31882938742637634
124401,6.499055862426758,15.703145027160645,0.5691584646701813,0.1960159112979115,0.8612359166145325,0.2920774519443512,0.23193326592445374,0.02996237762272358,7961664,0,0,0.8561790585517883,0.8153921365737915,0.2995329797267914,0.4900112748146057,0.9999989867210388,0.9997286796569824,1.0,0.12659209966659546,0.0023206695914268494,0.003469283925369382,0.09030614048242569,0.09547406435012817,0.5467860698699951,0.09584199637174606,1.0,0.13876411318778992,0.19359490275382996,0.2607230246067047,0.3245372772216797
124601,6.815958499908447,16.213420867919922,0.5582407712936401,0.1989060119731387,0.8613927364349365,0.3031519651412964,0.24361005425453186,0.03163463994860649,7974464,0,0,0.8585283607244492,0.8128015398979187,0.3160160183906555,0.4639761447906494,1.0,1.0,1.0,0.2744207978248596,0.0024699242785573006,0.003562898375093937,0.09198908507823944,0.09329235553741455,0.545535147190094,0.09455794095993042,1.0,0.13860726356506348,0.1941957324743271,0.262408971786499,0.3277113437652588
124801,6.622145652770996,16.08838653564453,0.5396605134010315,0.2031759428511583,0.8623961806297302,0.32273566722869873,0.26170527935028076,0.02745821699500084,7987264,0,1,0.8585781455039978,0.8096820265054703,0.2964458167552948,0.48513734340667725,0.9999989867210388,0.9997286796569824,1.0,0.2374173104763031,0.00242904806509614,0.003633270040154457,0.09131354838609695,0.09355339407920837,0.5498914122581482,0.0943777784705162,1.0,0.13760384917259216,0.19381490349769592,0.2616223990917206,0.3257281184196472
125001,7.037236213684082,16.572818756103516,0.550693690776825,0.19775748070112006,0.8642507791519165,0.31355708837509155,0.25705352425575256,0.029497472569346428,8000064,0,1,0.857538178563118,0.8137006461620331,0.29300549626350403,0.4280596375465393,1.0,1.0,1.0,0.5026901364326477,0.0024043871089816093,0.003889260580763221,0.09202967584133148,0.09181075543165207,0.5478724837303162,0.09502558410167694,1.0,0.13574916124343872,0.18991023302078247,0.25776407122612,0.32267290353775024
125201,7.171583652496338,16.67350196838379,0.5481024384498596,0.20447964352067968,0.8591163754463196,0.31101393699645996,0.25800520181655884,0.039986751973629,8012864,0,1,0.8516934812068939,0.8069668561220169,0.3073541820049286,0.42965972423553467,1.0,1.0,1.0,0.5500524044036865,0.0024828105233609676,0.003830558154731989,0.08845112472772598,0.09185874462127686,0.5369570851325989,0.09440107643604279,1.0,0.14088362455368042,0.19875718653202057,0.26679110527038574,0.3321855068206787
125401,6.841632843017578,16.26766014099121,0.6059243679046631,0.1890063742032246,0.8587861061096191,0.25286173820495605,0.19177262485027313,0.03995352238416672,8025664,0,1,0.8481947481632233,0.8212232440710068,0.30719971656799316,0.4525984525680542,1.0,1.0,1.0,0.2360244244337082,0.0025509055703878403,0.003738111350685358,0.08881419152021408,0.09371181577444077,0.515667736530304,0.09371455013751984,1.0,0.14121387898921967,0.19369550049304962,0.26150861382484436,0.32594579458236694
125601,7.560288429260254,17.00598907470703,0.551132470369339,0.20093414068368692,0.8614115118980408,0.3102790415287018,0.25578194856643677,0.03394012525677681,8038464,0,1,0.8540156483650208,0.8104018419981003,0.2908433973789215,0.42408066987991333,1.0,1.0,1.0,0.859360933303833,0.002507604658603668,0.0037527093663811684,0.08899182826280594,0.09112183749675751,0.5467328429222107,0.09561626613140106,1.0,0.13858845829963684,0.19495229423046112,0.26148107647895813,0.32410433888435364
125801,6.5388970375061035,15.861798286437988,0.5396793484687805,0.20189358089808773,0.8634796142578125,0.323800265789032,0.2678489685058594,0.030698083341121674,8051264,0,0,0.8547164350748062,0.8094527423381805,0.30424144864082336,0.47348326444625854,1.0,1.0,1.0,0.11535748094320297,0.002470238832756877,0.004162308759987354,0.09150653332471848,0.09287373721599579,0.5445040464401245,0.09380638599395752,1.0,0.1365203559398651,0.19391976296901703,0.262390673160553,0.3260398507118225
126001,7.441535472869873,16.794858932495117,0.5534251630306244,0.1997194041853208,0.8618862628936768,0.30846109986305237,0.25011324882507324,0.03291187062859535,8064064,0,1,0.857491672039032,0.8120404630899429,0.29241910576820374,0.4296039938926697,1.0,1.0,1.0,0.721732497215271,0.0025422247126698494,0.0037837401032447815,0.09205988049507141,0.0919298380613327,0.5449538230895996,0.09540712088346481,1.0,0.13811372220516205,0.19467760622501373,0.2609091103076935,0.3243961036205292
126201,6.727363586425781,16.16855239868164,0.5550499856472015,0.19718431526275482,0.8636708855628967,0.3086208999156952,0.25494036078453064,0.029136667028069496,8076864,0,0,0.858793243765831,0.813163161277771,0.2992299497127533,0.47539734840393066,1.0,1.0,1.0,0.2566419839859009,0.002522100694477558,0.0038894866593182087,0.09121876209974289,0.09368579089641571,0.5430485010147095,0.09446125477552414,1.0,0.1363290548324585,0.19123049080371857,0.25944963097572327,0.3241792917251587
126401,6.529534339904785,15.887331008911133,0.5743237733840942,0.19452401446881057,0.8612996935844421,0.2869759202003479,0.22920455038547516,0.030972400680184364,8089664,0,0,0.8588424772024155,0.816018745303154,0.3039250671863556,0.4805847704410553,1.0,1.0,1.0,0.12123112380504608,0.002553198952227831,0.003927621059119701,0.09019666165113449,0.09401121735572815,0.5455414652824402,0.09469808638095856,1.0,0.13870027661323547,0.19544771313667297,0.2642551362514496,0.33019426465034485
126601,6.793446063995361,16.26125144958496,0.5481334924697876,0.1997214213913945,0.8632051348686218,0.31507164239883423,0.2555522918701172,0.03486378490924835,8102464,0,0,0.8623097389936447,0.8113538324832916,0.2947843670845032,0.46659213304519653,1.0,1.0,1.0,0.2748866081237793,0.0024898035917431116,0.004113461822271347,0.08921068161725998,0.09261088818311691,0.5401256084442139,0.09404189884662628,1.0,0.13679486513137817,0.1889234334230423,0.25574541091918945,0.31745249032974243
126801,6.790635108947754,16.12356185913086,0.5639584958553314,0.19596206402958002,0.862550675868988,0.2985921800136566,0.2452193796634674,0.027769358828663826,8115264,0,0,0.8461982756853104,0.8137203603982925,0.29385843873023987,0.4766780734062195,1.0,1.0,1.0,0.26398077607154846,0.0025512371212244034,0.0035372672136873007,0.08909197151660919,0.09301529824733734,0.5499337315559387,0.09394461661577225,1.0,0.13744935393333435,0.19192425906658173,0.259744256734848,0.32336002588272095
127001,6.58928108215332,15.991013526916504,0.5475764274597168,0.19940140780017365,0.8636176586151123,0.3160412311553955,0.2591205835342407,0.03551982715725899,8128064,0,1,0.8592821955680847,0.8120800703763962,0.3036896884441376,0.4692295491695404,1.0,1.0,1.0,0.16692566871643066,0.0025223297998309135,0.003981521353125572,0.0913052037358284,0.09278879314661026,0.5417173504829407,0.09390979260206223,1.0,0.1363823413848877,0.1921399086713791,0.26059168577194214,0.32580870389938354
127201,6.529181003570557,15.91726016998291,0.5680572092533112,0.1983598051536304,0.8594385385513306,0.2913813292980194,0.2307528555393219,0.02638591267168522,8140864,0,0,0.8576885610818863,0.8135470896959305,0.2983034551143646,0.4859502911567688,1.0,1.0,1.0,0.17440861463546753,0.002589257201179862,0.0038340301252901554,0.09057945758104324,0.09427350759506226,0.5537682771682739,0.0945037305355072,1.0,0.14056141674518585,0.19479024410247803,0.2625064551830292,0.32474657893180847
127401,6.711341381072998,16.02446174621582,0.5435429215431213,0.20166257246560784,0.8626993298530579,0.3191564083099365,0.2639743983745575,0.0295961182564497,8153664,0,0,0.8588432669639587,0.8098262846469879,0.3060315251350403,0.48136162757873535,1.0,1.0,1.0,0.1848662793636322,0.002547735581174493,0.003557957708835602,0.09128493070602417,0.09340520203113556,0.5453864336013794,0.09440262615680695,1.0,0.13730065524578094,0.19389000535011292,0.2610478699207306,0.32569751143455505
127601,6.638187408447266,16.016630172729492,0.5604559183120728,0.2031751000618875,0.8570944666862488,0.296638548374176,0.2395840883255005,0.03438914194703102,8166464,0,0,0.8486078530550003,0.8078141510486603,0.3151017725467682,0.47332286834716797,1.0,1.0,1.0,0.20223557949066162,0.002472487511113286,0.0036492077633738518,0.08982120454311371,0.09311895072460175,0.53548663854599,0.0938616544008255,1.0,0.14290545880794525,0.19770577549934387,0.26811760663986206,0.3345223665237427
127801,7.1733503341674805,16.736812591552734,0.5729238092899323,0.19869306676306958,0.8579370975494385,0.2850132882595062,0.2238033413887024,0.03830325976014137,8179264,0,1,0.8514852523803711,0.8125302940607071,0.3204009234905243,0.42688849568367004,1.0,1.0,1.0,0.6277081966400146,0.0026177410036325455,0.003820574376732111,0.09242040663957596,0.09051592648029327,0.5410074591636658,0.09441190212965012,1.0,0.14206288754940033,0.1993633508682251,0.26902690529823303,0.335540771484375
128001,6.640294551849365,15.985589981079102,0.5648252665996552,0.1961382944444131,0.8621854186058044,0.2973601520061493,0.2367246299982071,0.03074832819402218,8192064,0,0,0.8542622774839401,0.8151135146617889,0.31079182028770447,0.4704744219779968,1.0,1.0,1.0,0.1724587380886078,0.0025270027108490467,0.003738124156370759,0.09150475263595581,0.093648761510849,0.5418152213096619,0.09461938589811325,1.0,0.13781461119651794,0.19468042254447937,0.2614632844924927,0.3262117803096771
128201,6.820627212524414,16.339693069458008,0.5584186315536499,0.2002752388023544,0.8601551055908203,0.3017364740371704,0.2498571276664734,0.033949561417102814,8204864,0,0,0.8572148531675339,0.8100360929965973,0.30279818177223206,0.46729040145874023,1.0,1.0,1.0,0.34186702966690063,0.002395401243120432,0.0037734024226665497,0.08841125667095184,0.0929177775979042,0.5481522083282471,0.09394090622663498,1.0,0.1398448944091797,0.1940806359052658,0.2631620168685913,0.32672035694122314
128401,6.547568321228027,15.758700370788574,0.5602053105831146,0.20131482815563537,0.8587958812713623,0.2985905706882477,0.2376382052898407,0.033028922975063324,8217664,0,0,0.8557339459657669,0.8113556653261185,0.30342018604278564,0.4866565763950348,1.0,1.0,1.0,0.10339996963739395,0.0024780251551419497,0.0037023553159087896,0.09055420756340027,0.09283772110939026,0.5455332398414612,0.09394904971122742,1.0,0.14120405912399292,0.19613561034202576,0.264807790517807,0.3288746178150177
128601,6.754137992858887,16.097415924072266,0.5546255707740784,0.20195267483553106,0.859647274017334,0.3050217032432556,0.24891307950019836,0.0268059354275465,8230464,0,0,0.8537078350782394,0.8095351457595825,0.294977068901062,0.48654913902282715,1.0,1.0,1.0,0.24159350991249084,0.0024590916000306606,0.003677313681691885,0.0907343253493309,0.09330007433891296,0.5515680313110352,0.09456029534339905,1.0,0.14035271108150482,0.1960560530424118,0.26254090666770935,0.3263600766658783
128801,6.643857955932617,16.052841186523438,0.5620017349720001,0.19720007565821304,0.8619496822357178,0.29994794726371765,0.23646797239780426,0.03393997997045517,8243264,0,0,0.8599083572626114,0.8155864030122757,0.3104921281337738,0.48078668117523193,1.0,1.0,1.0,0.21348661184310913,0.0025593400932848454,0.0038263846654444933,0.09115083515644073,0.09348523616790771,0.5459301471710205,0.09416282176971436,1.0,0.13805028796195984,0.19401127099990845,0.26105809211730957,0.32580360770225525
129001,6.549152374267578,15.800230979919434,0.5598814785480499,0.2000030575022055,0.8600269556045532,0.3001454770565033,0.24285788834095,0.03080570325255394,8256064,0,0,0.8510845899581909,0.8117665648460388,0.2986249625682831,0.48746487498283386,1.0,1.0,1.0,0.10214360058307648,0.0025268294848501682,0.0037405313923954964,0.09189720451831818,0.09422439336776733,0.5417801737785339,0.09456294029951096,1.0,0.13997305929660797,0.1955263316631317,0.26468145847320557,0.3285399377346039
129201,6.680201053619385,15.988197326660156,0.5491732656955719,0.19742526393938772,0.8649089336395264,0.31573566794395447,0.25346052646636963,0.029061365872621536,8268864,0,0,0.8596720695495605,0.8156395703554153,0.29096516966819763,0.4780345559120178,1.0,1.0,1.0,0.19320888817310333,0.002509764861315489,0.004006261005997658,0.09099818021059036,0.09266272932291031,0.548271894454956,0.09401186555624008,1.0,0.13509106636047363,0.1914043426513672,0.2570755183696747,0.320591002702713
129401,7.510403156280518,17.287208557128906,0.5328106582164764,0.21614240353470243,0.8530817627906799,0.3202711045742035,0.26718488335609436,0.03269699215888977,8281664,0,0,0.8490483611822128,0.7959457784891129,0.29360756278038025,0.4510978162288666,0.9999630451202393,0.9934871196746826,0.9994572997093201,0.49827420711517334,0.0025743639562278986,0.004215590190142393,0.08454926311969757,0.09420217573642731,0.521467387676239,0.09431052953004837,1.0,0.14691822230815887,0.20495864748954773,0.2716468572616577,0.3353895843029022
129601,6.674032688140869,16.121416091918945,0.5366147458553314,0.20225067369263222,0.8639538884162903,0.32733914256095886,0.2709822654724121,0.02924499474465847,8294464,0,0,0.8576608151197433,0.8088911771774292,0.28854063153266907,0.4804549813270569,1.0,1.0,1.0,0.2509552240371704,0.0025128035340458155,0.003956904169172049,0.09147341549396515,0.09313508123159409,0.5471491813659668,0.09429013729095459,1.0,0.13604606688022614,0.19286538660526276,0.2594395577907562,0.3222404420375824
129801,6.70780086517334,16.0101261138916,0.5895677208900452,0.1957691002404569,0.8564850687980652,0.26691734790802,0.2102912813425064,0.03405171260237694,8307264,0,1,0.8530971556901932,0.8145848959684372,0.31166982650756836,0.45908236503601074,1.0,1.0,1.0,0.1610340178012848,0.002428736537694931,0.0036100116558372974,0.08960790187120438,0.09223265945911407,0.5322702527046204,0.09336633235216141,1.0,0.14351488649845123,0.1975889652967453,0.2660990059375763,0.3296199440956116
130001,7.643299102783203,17.129505157470703,0.5119703412055969,0.20389420422944327,0.8688769936561584,0.3569066524505615,0.3036724925041199,0.02902788482606411,8320064,0,1,0.8675782978534698,0.8078474402427673,0.28328561782836914,0.4117305278778076,1.0,1.0,1.0,0.9693079590797424,0.0026656603440642357,0.0039121005684137344,0.08969607204198837,0.08798670768737793,0.5338181257247925,0.09237267822027206,1.0,0.13112300634384155,0.18533846735954285,0.25199243426322937,0.31426334381103516
130201,6.8216233253479,16.304630279541016,0.5787153542041779,0.19174417538423386,0.862710177898407,0.2839948236942291,0.22232523560523987,0.0350944921374321,8332864,0,0,0.8548863530158997,0.8194310218095779,0.3093368113040924,0.45889437198638916,0.9999989867210388,0.9997286796569824,1.0,0.2920549213886261,0.0026400925125926733,0.0037060678005218506,0.09232664853334427,0.09351246058940887,0.5429578423500061,0.09466195851564407,1.0,0.13728979229927063,0.19296039640903473,0.26072075963020325,0.32569727301597595
130401,7.180206775665283,16.61735725402832,0.5745870471000671,0.20068504151350908,0.8557376861572266,0.2811506390571594,0.22048799693584442,0.0340404286980629,8345664,0,1,0.8491708189249039,0.8111542761325836,0.3138362169265747,0.42787280678749084,1.0,1.0,1.0,0.5257365703582764,0.0026453486643731594,0.0035234265960752964,0.09192794561386108,0.09046466648578644,0.5390036702156067,0.09388887137174606,1.0,0.14426229894161224,0.2018248289823532,0.27072399854660034,0.33599427342414856
130601,6.719814777374268,16.13216209411621,0.5597095489501953,0.1965752001809731,0.8630549907684326,0.3033454418182373,0.24788211286067963,0.03247449919581413,8358464,0,0,0.8507721871137619,0.8142701685428619,0.29896730184555054,0.47058355808258057,1.0,1.0,1.0,0.2363390475511551,0.002682681428268552,0.0039206575602293015,0.08967485278844833,0.09351617097854614,0.5366722941398621,0.0942414253950119,1.0,0.136944979429245,0.19363854825496674,0.2597087323665619,0.32320502400398254
130801,7.291849136352539,16.27080726623535,0.5874941945075989,0.1908665810947881,0.8614159226417542,0.2739217281341553,0.2222341150045395,0.03453870490193367,8371264,0,0,0.8543255776166916,0.8171394169330597,0.3278801143169403,0.44817087054252625,1.0,1.0,1.0,0.3083178400993347,0.0025390139780938625,0.0036434244830161333,0.09002121537923813,0.0929650068283081,0.5308366417884827,0.09452209621667862,1.0,0.13858406245708466,0.19669891893863678,0.26879361271858215,0.3379276990890503
131001,7.1359100341796875,16.7247371673584,0.5650153458118439,0.1938868076410376,0.8641021847724915,0.2990868389606476,0.2432742416858673,0.03172311559319496,8384064,0,1,0.8592296838760376,0.8164610713720322,0.28967365622520447,0.4230470657348633,1.0,1.0,1.0,0.5627719759941101,0.0026703584007918835,0.0037105861119925976,0.08895754814147949,0.09028938412666321,0.5389564037322998,0.09368419647216797,1.0,0.13589778542518616,0.19033639132976532,0.2556317448616028,0.318368136882782
131201,6.7351226806640625,15.811973571777344,0.585023045539856,0.1962927327768966,0.8571174144744873,0.27209436893463135,0.2185652107000351,0.0323195643723011,8396864,0,0,0.8517381250858307,0.8134030848741531,0.32062995433807373,0.4808173179626465,1.0,1.0,1.0,0.15647658705711365,0.002539508044719696,0.003637856338173151,0.09102524071931839,0.0949464812874794,0.545434296131134,0.09568201005458832,1.0,0.14288261532783508,0.19915106892585754,0.2698148190975189,0.33592236042022705
131401,6.945813179016113,16.16383171081543,0.5967532396316528,0.19249910392906538,0.8577407598495483,0.2609875202178955,0.21404246985912323,0.03041568025946617,8409664,0,0,0.8527180254459381,0.8146687895059586,0.31397631764411926,0.4652034640312195,1.0,1.0,1.0,0.2888610064983368,0.0025829432997852564,0.0037103435024619102,0.08774548768997192,0.09330142289400101,0.5405202507972717,0.09375569969415665,1.0,0.14225919544696808,0.19807083904743195,0.26884305477142334,0.33551865816116333
131601,6.756601333618164,16.04531478881836,0.563650906085968,0.19484610876622643,0.8635972738265991,0.2999463677406311,0.2437552958726883,0.02974747121334076,8422464,0,0,0.8564746677875519,0.8158890455961227,0.2955981492996216,0.48010364174842834,1.0,1.0,1.0,0.21946990489959717,0.0025378933642059565,0.0036106836050748825,0.08723904192447662,0.09408606588840485,0.5469018816947937,0.09479659795761108,1.0,0.13640277087688446,0.19114600121974945,0.25800997018814087,0.32249993085861206
131801,6.733528137207031,16.1826114654541,0.5668533742427826,0.20127246678565555,0.857157826423645,0.2903044521808624,0.2321193665266037,0.027624880895018578,8435264,0,1,0.8523564636707306,0.8105845898389816,0.31067171692848206,0.463869571685791,1.0,1.0,1.0,0.27774351835250854,0.00251347990706563,0.0035694644320756197,0.09165038913488388,0.09291186183691025,0.5420612096786499,0.09416274726390839,1.0,0.1428421586751938,0.19869595766067505,0.2682066261768341,0.3321840167045593
132001,6.648158550262451,16.16828155517578,0.5581487715244293,0.19906149867264822,0.8612803220748901,0.3031315505504608,0.24783547222614288,0.02854252979159355,8448064,0,0,0.8525352329015732,0.8113576322793961,0.32244592905044556,0.46949946880340576,1.0,1.0,1.0,0.24286803603172302,0.0024303148966282606,0.0035070867743343115,0.09148554503917694,0.09351834654808044,0.5401989221572876,0.0947653204202652,1.0,0.1387196183204651,0.19734704494476318,0.2656036913394928,0.33180004358291626
132201,6.707317352294922,16.141117095947266,0.5410742163658142,0.20283071474699937,0.8623297810554504,0.32125556468963623,0.2615160644054413,0.026428233832120895,8460864,0,1,0.8563371896743774,0.8092556446790695,0.2886040508747101,0.46484774351119995,1.0,1.0,1.0,0.2443704903125763,0.002728166524320841,0.003586644772440195,0.09130839258432388,0.09260237962007523,0.549125075340271,0.09446471184492111,1.0,0.13767017424106598,0.1895393431186676,0.256889283657074,0.3188747763633728
132401,6.561631679534912,15.856081008911133,0.5511737763881683,0.2010649487775112,0.8612881898880005,0.31011441349983215,0.25213566422462463,0.02828904427587986,8473664,0,0,0.8566107600927353,0.8109602183103561,0.30498385429382324,0.4808390438556671,1.0,1.0,1.0,0.14122502505779266,0.002365184249356389,0.003505792235955596,0.09174315631389618,0.09453222155570984,0.5458177924156189,0.09485237300395966,1.0,0.1387118101119995,0.19506306946277618,0.2630417048931122,0.3277372419834137
132601,6.558064937591553,16.073230743408203,0.5463588535785675,0.19701447376956402,0.8659495115280151,0.31959065794944763,0.266658753156662,0.025555802509188652,8486464,0,0,0.8596468716859818,0.8132467865943909,0.29004669189453125,0.48427528142929077,1.0,1.0,1.0,0.19311487674713135,0.0024536154232919216,0.0037347725592553616,0.08917904645204544,0.09364117681980133,0.5521935224533081,0.09468788653612137,1.0,0.13405050337314606,0.18912170827388763,0.2566732168197632,0.31897595524787903
132801,6.931268215179443,16.26770782470703,0.5471502244472504,0.2052857998016863,0.8586634397506714,0.311513215303421,0.2555111050605774,0.0379917174577713,8499264,0,0,0.8532743155956268,0.8066113144159317,0.30336397886276245,0.47710931301116943,0.9999989867210388,0.9997286796569824,1.0,0.3689778745174408,0.002487685764208436,0.004203729331493378,0.08754980564117432,0.09660423547029495,0.5453510880470276,0.09715250879526138,1.0,0.14133650064468384,0.19688735902309418,0.2651497721672058,0.3300042450428009
133001,6.847008228302002,16.164350509643555,0.543396919965744,0.19883149474369485,0.8651414513587952,0.32174453139305115,0.2654018998146057,0.03287613019347191,8512064,0,0,0.8615035563707352,0.8127823323011398,0.2968733608722687,0.46163392066955566,1.0,1.0,1.0,0.24681270122528076,0.002651999006047845,0.0037993700243532658,0.09031400084495544,0.0929088443517685,0.5401738286018372,0.09418884664773941,1.0,0.13485850393772125,0.18900495767593384,0.25556275248527527,0.3189554214477539
133201,6.667640209197998,16.03764533996582,0.5699079036712646,0.19762102628487013,0.8596351742744446,0.28972727060317993,0.23354201018810272,0.036542631685733795,8524864,0,1,0.8485287576913834,0.813257098197937,0.33103546500205994,0.45966365933418274,1.0,1.0,1.0,0.17111614346504211,0.002629974391311407,0.0036487532779574394,0.09209262579679489,0.09228265285491943,0.5373956561088562,0.09382780641317368,1.0,0.1403648406267166,0.19913963973522186,0.26964709162712097,0.3377682566642761
133401,6.763000965118408,16.186172485351562,0.5891710519790649,0.19083006502240132,0.8610532283782959,0.27188217639923096,0.2174609899520874,0.028470896184444427,8537664,0,0,0.8541305959224701,0.818877637386322,0.30521276593208313,0.4690616726875305,1.0,1.0,1.0,0.27214598655700684,0.002394955139607191,0.003552147652953863,0.08980894833803177,0.09286283701658249,0.5392447710037231,0.09429943561553955,1.0,0.13894668221473694,0.1949751377105713,0.2639707326889038,0.3300398588180542
133601,6.610026836395264,15.944389343261719,0.5486984550952911,0.19901426792128118,0.8636694550514221,0.314970999956131,0.2585688829421997,0.03283184766769409,8550464,0,0,0.8546207696199417,0.81208236515522,0.31066787242889404,0.47327929735183716,1.0,1.0,1.0,0.14539292454719543,0.0026322295889258385,0.003691811580210924,0.09093877673149109,0.09271034598350525,0.5394458770751953,0.09400583803653717,1.0,0.1363304704427719,0.19400908052921295,0.261616975069046,0.32708433270454407
133801,7.212245464324951,16.50400733947754,0.5379661619663239,0.2198764976715552,0.848375141620636,0.31040897965431213,0.26395297050476074,0.04058317095041275,8563264,0,0,0.8412326276302338,0.7898331731557846,0.28712189197540283,0.4810819923877716,0.9999846816062927,0.997286319732666,0.9994572997093201,0.3451994061470032,0.0023999582044780254,0.004036218859255314,0.08305095881223679,0.09645827859640121,0.5453237891197205,0.09647023677825928,1.0,0.151624858379364,0.20484471321105957,0.2743285298347473,0.33754709362983704
134001,6.688232421875,16.30539894104004,0.5435068011283875,0.19980190151379396,0.8642914891242981,0.32078468799591064,0.2665856182575226,0.028589298948645592,8576064,0,1,0.8588235527276993,0.8106490224599838,0.2918793261051178,0.46204328536987305,1.0,1.0,1.0,0.3090694546699524,0.0023498577065765858,0.003925967495888472,0.0912175104022026,0.09205590188503265,0.5494627952575684,0.09429745376110077,1.0,0.13570855557918549,0.18954992294311523,0.2567165493965149,0.3195912539958954
134201,6.708112716674805,15.848729133605957,0.5515449941158295,0.19712491192758133,0.8645825982093811,0.31303760409355164,0.25502440333366394,0.035972461104393005,8588864,0,0,0.8523184061050415,0.8137732148170471,0.29327163100242615,0.4772454500198364,1.0,1.0,1.0,0.13326914608478546,0.0026096096262335777,0.004052148200571537,0.0904635563492775,0.09450674057006836,0.5452973246574402,0.09597524255514145,1.0,0.1354173868894577,0.19103547930717468,0.2577700614929199,0.3211888372898102
134401,6.877368450164795,16.15980339050293,0.5648131966590881,0.1935316870110846,0.8644593358039856,0.29964613914489746,0.24311116337776184,0.03635966405272484,8601664,0,0,0.8584742993116379,0.8168695718050003,0.28642380237579346,0.4796578288078308,1.0,1.0,1.0,0.25210368633270264,0.0026027425192296505,0.004029314033687115,0.08919645845890045,0.09375873953104019,0.546184241771698,0.09494822472333908,1.0,0.1355406790971756,0.1886410266160965,0.2550159692764282,0.3183116316795349
134601,6.964209079742432,16.104907989501953,0.5682389736175537,0.2012863910842032,0.8567962646484375,0.2885572910308838,0.2343965321779251,0.02798471599817276,8614464,0,0,0.8515566885471344,0.8092533499002457,0.3034440279006958,0.48402824997901917,0.9999989867210388,0.9997286796569824,1.0,0.3232252895832062,0.002663465216755867,0.003436309052631259,0.08776286244392395,0.09693402796983719,0.5439004898071289,0.09722625464200974,1.0,0.1432037502527237,0.19866803288459778,0.26577290892601013,0.33180177211761475
134801,6.737599849700928,16.160419464111328,0.5681725442409515,0.19974335146086966,0.8581846356391907,0.29001209139823914,0.2252601534128189,0.03288235887885094,8627264,0,0,0.8529137074947357,0.8137783110141754,0.31320497393608093,0.4694536328315735,1.0,1.0,1.0,0.2760455310344696,0.0023346510715782642,0.0036152834072709084,0.09248741716146469,0.09290750324726105,0.5443674325942993,0.09438054263591766,1.0,0.1418153941631317,0.19619163870811462,0.26603785157203674,0.33198633790016174
135001,6.628840446472168,16.033363342285156,0.5351521968841553,0.20396945842061637,0.8628762364387512,0.32772403955459595,0.27358412742614746,0.032639410346746445,8640064,0,1,0.8609522432088852,0.8077071905136108,0.2921792268753052,0.47544753551483154,1.0,1.0,1.0,0.19981317222118378,0.0023504106793552637,0.003728222567588091,0.09115663170814514,0.0919588953256607,0.5439819693565369,0.09330511093139648,1.0,0.1371236890554428,0.19405633211135864,0.2622765898704529,0.3259223401546478
135201,7.105452060699463,16.652576446533203,0.577788382768631,0.19228547208716473,0.8624510169029236,0.2846626341342926,0.22675448656082153,0.038187336176633835,8652864,0,1,0.8537990748882294,0.8188914805650711,0.3063223958015442,0.42834028601646423,1.0,1.0,1.0,0.5103533267974854,0.0025048977695405483,0.003961128648370504,0.09133116900920868,0.09097504615783691,0.5320760011672974,0.09376577287912369,1.0,0.1375490128993988,0.19439801573753357,0.26274919509887695,0.328391432762146
135401,6.682802677154541,16.05213165283203,0.5642854571342468,0.19706815016191132,0.8615041971206665,0.2972187399864197,0.24047163128852844,0.03426793962717056,8665664,0,0,0.8554400056600571,0.8142765462398529,0.30932310223579407,0.46923327445983887,1.0,1.0,1.0,0.2029314488172531,0.002521832473576069,0.003687988966703415,0.09045545011758804,0.09377524256706238,0.5364776253700256,0.09482321888208389,1.0,0.13849583268165588,0.19556130468845367,0.26524269580841064,0.3309422731399536
135601,6.512558937072754,15.766963958740234,0.5688744485378265,0.19517004858892514,0.8620488047599792,0.2931743562221527,0.23419785499572754,0.026639634743332863,8678464,0,0,0.8558004051446915,0.8155602216720581,0.30201131105422974,0.4785284996032715,1.0,1.0,1.0,0.11154670268297195,0.0024820417165756226,0.0036666463129222393,0.09098486602306366,0.09397649019956589,0.5467371344566345,0.0945669487118721,1.0,0.13795119524002075,0.19299615919589996,0.2606765329837799,0.3242224156856537
135801,7.064474105834961,16.652616500854492,0.5366908311843872,0.20212091280029199,0.8640440106391907,0.32735317945480347,0.2679137587547302,0.04021243378520012,8691264,0,1,0.8578193038702011,0.8102351278066635,0.29856550693511963,0.4276945888996124,1.0,1.0,1.0,0.4897082448005676,0.002691972069442272,0.004244968295097351,0.09120475500822067,0.08815258741378784,0.5418651103973389,0.09236704558134079,1.0,0.13595592975616455,0.1908504217863083,0.2576148509979248,0.3203273117542267
136001,6.613152980804443,15.95356559753418,0.569273978471756,0.19799729249012604,0.8594584465026855,0.29018446803092957,0.2293863594532013,0.032926302403211594,8704064,0,0,0.8504304885864258,0.8132664710283279,0.31398141384124756,0.47103220224380493,1.0,1.0,1.0,0.1519027054309845,0.002603295259177685,0.003624709090217948,0.09110217541456223,0.09381608664989471,0.5426034331321716,0.09479288756847382,1.0,0.14054152369499207,0.19464921951293945,0.2640669047832489,0.32889893651008606
136201,7.322381019592285,17.035568237304688,0.5231187641620636,0.19937528937942228,0.869730532169342,0.34661176800727844,0.29495877027511597,0.036336954683065414,8716864,0,1,0.8677078038454056,0.8105169385671616,0.2854672372341156,0.4062843918800354,1.0,1.0,1.0,0.8386117219924927,0.00260979775339365,0.004111563321202993,0.09011514484882355,0.08839260041713715,0.5340808629989624,0.09240833669900894,1.0,0.13026948273181915,0.18769949674606323,0.25364747643470764,0.31681522727012634
136401,7.184215545654297,16.402612686157227,0.5609464645385742,0.2003777913987203,0.8594321012496948,0.2984856367111206,0.24518276751041412,0.032489825040102005,8729664,0,1,0.8458919376134872,0.8102861791849136,0.28862112760543823,0.4450671970844269,1.0,1.0,1.0,0.4089530110359192,0.0024043815210461617,0.003412064630538225,0.08856399357318878,0.0924769937992096,0.5454640984535217,0.0946902185678482,1.0,0.14056789875030518,0.19377002120018005,0.2606208026409149,0.3235395550727844
136601,7.276520252227783,17.344722747802734,0.5074434578418732,0.22110921754238058,0.8559484481811523,0.3485049903392792,0.3025550842285156,0.02525041438639164,8742464,0,0,0.8501698821783066,0.7891436666250229,0.2683309018611908,0.4749279320240021,0.9999373555183411,0.989687979221344,0.9991859197616577,0.43839454650878906,0.0024549358058720827,0.0037578167393803596,0.08370862156152725,0.09569656103849411,0.5382710099220276,0.0953589528799057,1.0,0.1440514773130417,0.19951878488063812,0.265342652797699,0.32656681537628174
136801,6.678390979766846,16.1163272857666,0.5500555336475372,0.19812304810023235,0.8640955090522766,0.3140399754047394,0.26372063159942627,0.03131033852696419,8755264,0,0,0.8534618616104126,0.8115521222352982,0.27515900135040283,0.49311965703964233,0.9999989867210388,0.9997286796569824,1.0,0.1788305789232254,0.0025993972085416317,0.0040451521053910255,0.08595860004425049,0.0944807231426239,0.5445201396942139,0.09503146260976791,1.0,0.1359044760465622,0.1890300214290619,0.2555136978626251,0.3180266320705414
137001,7.259212017059326,16.762815475463867,0.5555430352687836,0.19926374604113903,0.8617527484893799,0.3062097132205963,0.24378256499767303,0.033214397728443146,8768064,0,1,0.8552351593971252,0.8135813325643539,0.2947675585746765,0.4392164349555969,1.0,1.0,1.0,0.7009814977645874,0.0025542029179632664,0.004121984820812941,0.09109929203987122,0.09209959208965302,0.5450916290283203,0.09436023980379105,1.0,0.13824719190597534,0.19274578988552094,0.25981444120407104,0.3232463300228119
137201,6.767669200897217,16.37394905090332,0.5633439719676971,0.19984721370740338,0.8592984676361084,0.29595449566841125,0.23993748426437378,0.028707033023238182,8780864,0,0,0.8548537939786911,0.8112991154193878,0.298689067363739,0.46608826518058777,1.0,1.0,1.0,0.3342650830745697,0.0024981696624308825,0.003574404865503311,0.08978419005870819,0.09364164620637894,0.5447134375572205,0.094671830534935,1.0,0.14070148766040802,0.19519683718681335,0.26318061351776123,0.3273828327655792
137401,6.6538286209106445,16.118284225463867,0.5882459580898285,0.19123133024966155,0.8609107136726379,0.27266475558280945,0.21245945990085602,0.032572537660598755,8793664,0,0,0.85286745429039,0.8197727203369141,0.3009609282016754,0.47412681579589844,0.9999989867210388,0.9997286796569824,1.0,0.23800933361053467,0.002407617401331663,0.0038801757618784904,0.08973755687475204,0.09395521879196167,0.5432059168815613,0.09440628439188004,1.0,0.13908927142620087,0.19528058171272278,0.2624301016330719,0.32717815041542053
137601,7.151313781738281,16.445781707763672,0.5271438956260681,0.21482953584512515,0.8557687997817993,0.3286249041557312,0.2806369662284851,0.03659852221608162,8806464,0,0,0.848828598856926,0.7963917702436447,0.282936155796051,0.4769056439399719,0.9999907612800598,0.9975576996803284,1.0,0.3994402587413788,0.0026499847881495953,0.004116848111152649,0.08558367937803268,0.09711331129074097,0.5558714270591736,0.09671059995889664,1.0,0.1442311555147171,0.19908645749092102,0.26501893997192383,0.3269863426685333
137801,6.745171070098877,16.08001708984375,0.5646376609802246,0.19899283138998689,0.8597280383110046,0.29509037733078003,0.23827998340129852,0.034897442907094955,8819264,0,0,0.8563422709703445,0.8113489747047424,0.3139931261539459,0.4669090509414673,1.0,1.0,1.0,0.22736692428588867,0.002516713459044695,0.0037587303668260574,0.0920213907957077,0.09369704872369766,0.5446322560310364,0.09452885389328003,1.0,0.14027191698551178,0.19758670032024384,0.2670673429965973,0.3314567506313324
138001,6.777370452880859,16.262786865234375,0.5344800651073456,0.21423804814674985,0.8542739748954773,0.3197939097881317,0.2631690204143524,0.03426316753029823,8832064,0,0,0.8510909229516983,0.7984296828508377,0.286329060792923,0.4676528871059418,1.0,1.0,1.0,0.2682458162307739,0.0027176979929208755,0.003937830682843924,0.08726611733436584,0.09404661506414413,0.5406944155693054,0.09430503845214844,1.0,0.1457260102033615,0.19527986645698547,0.26550915837287903,0.3272171914577484
138201,6.959108829498291,16.505306243896484,0.5511631965637207,0.2023503576231742,0.8601791262626648,0.3090159296989441,0.25204312801361084,0.030332917347550392,8844864,0,1,0.8485890924930573,0.8094430267810822,0.30373290181159973,0.4530341625213623,1.0,1.0,1.0,0.4524111747741699,0.0026063304394483566,0.003602022770792246,0.09230409562587738,0.09173840284347534,0.5429073572158813,0.09411955624818802,1.0,0.13982084393501282,0.19659088551998138,0.264555424451828,0.32948294281959534
138401,6.640626430511475,16.129735946655273,0.5627835392951965,0.19521337334959965,0.8634881973266602,0.3007046580314636,0.24402354657649994,0.026052325963974,8857664,0,0,0.8561013489961624,0.8148410618305206,0.29890668392181396,0.48134535551071167,1.0,1.0,1.0,0.2572099268436432,0.0025970619171857834,0.0036445599980652332,0.09028217196464539,0.09361256659030914,0.5436060428619385,0.09473718702793121,1.0,0.13651175796985626,0.19118446111679077,0.25914204120635986,0.32319149374961853
138601,8.09575080871582,17.565616607666016,0.4945221543312073,0.22825024519762407,0.8537417054176331,0.3592195510864258,0.31327685713768005,0.04002539813518524,8870464,0,0,0.8442975729703903,0.7840216308832169,0.2763330340385437,0.4423711895942688,0.9999229311943054,0.9886024594306946,0.9978290796279907,0.8245639801025391,0.002525140531361103,0.004244016483426094,0.07981806993484497,0.0943528562784195,0.5155873894691467,0.09377434104681015,1.0,0.14625827968120575,0.19910947978496552,0.26793283224105835,0.33025673031806946
138801,6.650918006896973,15.899375915527344,0.5556414723396301,0.1997734980532816,0.8612862229347229,0.3056447505950928,0.2471172958612442,0.03378487750887871,8883264,0,0,0.8550084680318832,0.8124959617853165,0.305031955242157,0.468891978263855,1.0,1.0,1.0,0.13279813528060913,0.00248914398252964,0.00394390569999814,0.09214939177036285,0.09325341880321503,0.5484769344329834,0.09426402300596237,1.0,0.1387137770652771,0.19454896450042725,0.261261910200119,0.32480934262275696
139001,6.630890846252441,15.979822158813477,0.5766525566577911,0.19603557441748232,0.8593912720680237,0.28273871541023254,0.22013339400291443,0.026421597227454185,8896064,0,0,0.8554238379001617,0.8152020871639252,0.3072037696838379,0.48070329427719116,1.0,1.0,1.0,0.18076352775096893,0.0025188694708049297,0.003671430516988039,0.0916169285774231,0.09350849688053131,0.5412808656692505,0.09454689174890518,1.0,0.14060865342617035,0.19537250697612762,0.2636415660381317,0.328541100025177
139201,6.66590690612793,16.075950622558594,0.5889236032962799,0.18970540675822944,0.8621217608451843,0.2731981575489044,0.21965202689170837,0.03195108100771904,8908864,0,1,0.8534197509288788,0.8192728757858276,0.30284950137138367,0.4610018730163574,1.0,1.0,1.0,0.1813472956418991,0.0024411636404693127,0.0034635933116078377,0.08706993609666824,0.09346982091665268,0.5325117707252502,0.09429486095905304,1.0,0.1378781944513321,0.19238795340061188,0.260713130235672,0.3265329897403717
139401,6.575546741485596,15.79724407196045,0.5556007325649261,0.19727111568140748,0.8634607791900635,0.30786004662513733,0.2496776580810547,0.031194860115647316,8921664,0,1,0.8602776974439621,0.8136725425720215,0.3046444356441498,0.4754439890384674,1.0,1.0,1.0,0.12028034776449203,0.002652700524777174,0.003629836020991206,0.0923478826880455,0.09211567044258118,0.5492172241210938,0.0940430536866188,1.0,0.13653922080993652,0.193746879696846,0.26107358932495117,0.3250109553337097
139601,6.827401638031006,16.26866340637207,0.5612249374389648,0.1951367955752745,0.8639326095581055,0.3027076721191406,0.24104957282543182,0.03612127527594566,8934464,0,0,0.854200467467308,0.8169787526130676,0.28950223326683044,0.46567705273628235,1.0,1.0,1.0,0.25157880783081055,0.0026192953810095787,0.004312237724661827,0.09188210964202881,0.09374764561653137,0.5387356877326965,0.09467266499996185,1.0,0.13606736063957214,0.1913616806268692,0.2578175365924835,0.321863055229187
139801,7.048158645629883,16.321964263916016,0.5436571538448334,0.21110993050741786,0.8545153141021729,0.3108581602573395,0.2615475356578827,0.03035285510122776,8947264,0,0,0.8475018441677094,0.7993458211421967,0.28997766971588135,0.4926535487174988,0.9999959468841553,0.9989145398139954,1.0,0.3328423500061035,0.0025117334444075823,0.003545466810464859,0.08443944156169891,0.0975804477930069,0.5486100316047668,0.09736946225166321,1.0,0.14548467099666595,0.1995541900396347,0.26674166321754456,0.32996031641960144
140001,6.523055076599121,15.767772674560547,0.5735922753810883,0.19908421292018397,0.8574217557907104,0.2838294804096222,0.22660399973392487,0.035221390426158905,8960064,0,0,0.8479693233966827,0.8123797029256821,0.3073868155479431,0.48175132274627686,1.0,1.0,1.0,0.12407166510820389,0.0024656401947140694,0.003925790078938007,0.09012559056282043,0.09423813223838806,0.5443236231803894,0.09463497996330261,1.0,0.14257822930812836,0.1983364224433899,0.26859036087989807,0.3347475528717041
140201,6.7262492179870605,16.197269439697266,0.5626868009567261,0.2008550901107117,0.858575701713562,0.29588890075683594,0.24445630609989166,0.02903817407786846,8972864,0,0,0.8445356488227844,0.8083920180797577,0.29006707668304443,0.47580331563949585,1.0,1.0,1.0,0.30839070677757263,0.0025372086092829704,0.0034863518085330725,0.0856148824095726,0.09479264914989471,0.5472363829612732,0.09561590850353241,1.0,0.1414242833852768,0.19640058279037476,0.2646934986114502,0.32911166548728943
140401,7.290663719177246,16.95235824584961,0.5604144930839539,0.19716074725177138,0.8623737692832947,0.3019592761993408,0.24815627932548523,0.0336170420050621,8985664,0,1,0.857567235827446,0.8129716068506241,0.3056566119194031,0.4200848937034607,0.9999989867210388,0.9997286796569824,1.0,0.7801021337509155,0.002508324570953846,0.003890462452545762,0.09042651951313019,0.09043824672698975,0.5415681004524231,0.09399200230836868,1.0,0.13762615621089935,0.19140058755874634,0.25869953632354736,0.3225974440574646
140601,6.835700988769531,16.33407974243164,0.5411174893379211,0.20458188492937046,0.8608243465423584,0.31970685720443726,0.26584896445274353,0.031981419771909714,8998464,0,1,0.8508865833282471,0.8058269321918488,0.3013020157814026,0.45189955830574036,1.0,1.0,1.0,0.358499139547348,0.002534863306209445,0.0037375595420598984,0.0907372534275055,0.09142601490020752,0.5444815158843994,0.09397195279598236,1.0,0.139175683259964,0.19433188438415527,0.2622731029987335,0.3254450559616089
140801,6.604148864746094,15.968899726867676,0.5697270333766937,0.19500373319247521,0.8619883060455322,0.2922612726688385,0.23242470622062683,0.03270279988646507,9011264,0,0,0.8543123155832291,0.8160998225212097,0.31180283427238464,0.47421133518218994,1.0,1.0,1.0,0.17719897627830505,0.0025241170078516006,0.003923899028450251,0.09250961989164352,0.09405137598514557,0.5490744113922119,0.09459678828716278,1.0,0.13801169395446777,0.19303491711616516,0.260616660118103,0.3239980638027191
141001,7.246700286865234,16.77747344970703,0.5416043996810913,0.2036079747759039,0.8615317940711975,0.3199273943901062,0.2642075717449188,0.03671041131019592,9024064,0,1,0.8552643209695816,0.8073766976594925,0.3040043115615845,0.42982998490333557,1.0,1.0,1.0,0.6561833620071411,0.0023468215949833393,0.004097356926649809,0.09026433527469635,0.09069880098104477,0.5404412150382996,0.09367815405130386,1.0,0.13846811652183533,0.19714640080928802,0.2654775083065033,0.32943540811538696
141201,6.618031978607178,16.022348403930664,0.5475914776325226,0.196633200849078,0.8659707307815552,0.3183792531490326,0.2637239396572113,0.03527778014540672,9036864,0,0,0.8572315722703934,0.8146435767412186,0.2839156687259674,0.4727364182472229,1.0,1.0,1.0,0.17244766652584076,0.00268939440138638,0.004241879563778639,0.08956536650657654,0.09316453337669373,0.5461944341659546,0.09476210176944733,1.0,0.13402923941612244,0.19029805064201355,0.2566626965999603,0.3190818428993225
141401,7.058344841003418,16.323286056518555,0.5433718860149384,0.21668687259080388,0.8496877551078796,0.3063158690929413,0.2555293142795563,0.030639227479696274,9049664,0,0,0.8437962532043457,0.7947168499231339,0.289949893951416,0.485210120677948,0.9999887943267822,0.9978290796279907,0.9997286796569824,0.3161828815937042,0.0025759555865079165,0.003697238862514496,0.08448196202516556,0.09519220888614655,0.5438090562820435,0.09500616043806076,1.0,0.15031225979328156,0.20333634316921234,0.2745257616043091,0.33889105916023254
141601,6.717101097106934,15.780619621276855,0.5514498651027679,0.2022692634996975,0.860176682472229,0.30872681736946106,0.2519162893295288,0.031957078725099564,9062464,0,0,0.8554781377315521,0.808936670422554,0.30023425817489624,0.4840703308582306,1.0,1.0,1.0,0.11224308609962463,0.0027130753733217716,0.003896329551935196,0.0920342355966568,0.0923953652381897,0.5419973134994507,0.0936838760972023,1.0,0.1398233026266098,0.1974555402994156,0.26474910974502563,0.3290439546108246
141801,6.522119998931885,15.960737228393555,0.5290251672267914,0.20458207502931094,0.863934338092804,0.3349091708660126,0.2793981730937958,0.030826829373836517,9075264,0,0,0.8571414053440094,0.8078711330890656,0.30932730436325073,0.48028838634490967,1.0,1.0,1.0,0.15771475434303284,0.0026640556752681732,0.003902013646438718,0.09325011819601059,0.0926581472158432,0.5443863272666931,0.09409012645483017,1.0,0.13606558740139008,0.19456376135349274,0.2625228762626648,0.3278298079967499
142001,6.857176780700684,16.199674606323242,0.5252472460269928,0.20975296828465545,0.8605851531028748,0.33533790707588196,0.28301045298576355,0.02589387074112892,9088064,0,0,0.8593468070030212,0.8015854805707932,0.283851683139801,0.4849957525730133,0.9999948740005493,0.998643159866333,1.0,0.30999255180358887,0.0024957875721156597,0.0034811452496796846,0.08745749294757843,0.09697803109884262,0.5529069900512695,0.09721186757087708,1.0,0.13941481709480286,0.19517512619495392,0.2621457278728485,0.3267706334590912
142201,7.381043910980225,16.717758178710938,0.5720308125019073,0.2055165080286871,0.852027416229248,0.2799966037273407,0.21872755885124207,0.0333179347217083,9100864,0,1,0.8493140786886215,0.8066279143095016,0.31525808572769165,0.4242953658103943,1.0,1.0,1.0,0.6221134662628174,0.0025256923399865627,0.003712290432304144,0.0918092206120491,0.0903109461069107,0.5422495007514954,0.0940445140004158,1.0,0.14797256886959076,0.201722651720047,0.2721368968486786,0.33651959896087646
142401,6.54476261138916,15.987906455993652,0.5509536564350128,0.19914259837286813,0.862998902797699,0.31204524636268616,0.252399742603302,0.028824174776673317,9113664,0,0,0.8571138679981232,0.8135168552398682,0.2881467938423157,0.48336687684059143,1.0,1.0,1.0,0.17307670414447784,0.0025315559469163418,0.0037985271774232388,0.090659499168396,0.09349165856838226,0.5437403917312622,0.09411858767271042,1.0,0.13700109720230103,0.19147145748138428,0.2575203478336334,0.320618599653244
142601,7.400177955627441,16.89317512512207,0.5516495108604431,0.20229427138055345,0.8601043820381165,0.30845487117767334,0.2450462430715561,0.039956383407115936,9126464,0,1,0.8478943705558777,0.8108752518892288,0.3022826910018921,0.4126630425453186,1.0,1.0,1.0,0.7413816452026367,0.002469073049724102,0.0038791773840785027,0.09295260161161423,0.09011155366897583,0.5453233122825623,0.09429247677326202,1.0,0.13989558815956116,0.19675569236278534,0.26363563537597656,0.32655420899391174
142801,6.574863433837891,16.00040054321289,0.5485872030258179,0.19851489847510187,0.8641238212585449,0.31553661823272705,0.2601027190685272,0.026136381551623344,9139264,0,0,0.8568401038646698,0.8126111924648285,0.27451539039611816,0.4894976019859314,1.0,1.0,1.0,0.2090255171060562,0.002562570385634899,0.0039040108676999807,0.08992228657007217,0.09418272972106934,0.556385338306427,0.09484603255987167,1.0,0.1358761340379715,0.1885620504617691,0.2545251250267029,0.3149423897266388
143001,6.738152503967285,15.762158393859863,0.584915429353714,0.1950628428282318,0.8582556843757629,0.27334025502204895,0.2203970104455948,0.03287869691848755,9152064,0,0,0.8512772619724274,0.8139709830284119,0.32097476720809937,0.4843888282775879,1.0,1.0,1.0,0.10846591740846634,0.002567138522863388,0.0038941306993365288,0.09185609966516495,0.09494207799434662,0.540838897228241,0.09525365382432938,1.0,0.14174425601959229,0.19739368557929993,0.26769623160362244,0.3338248133659363
143201,6.629591941833496,16.061922073364258,0.561141163110733,0.19857389636582995,0.8609628677368164,0.2998217046260834,0.2440207153558731,0.029832862317562103,9164864,0,0,0.8591266870498657,0.8129651993513107,0.31696414947509766,0.4730035960674286,1.0,1.0,1.0,0.21981772780418396,0.0025427164509892464,0.003573537105694413,0.09230513870716095,0.09308014810085297,0.5386868119239807,0.09486600011587143,1.0,0.13903717696666718,0.19645753502845764,0.2657870054244995,0.33239924907684326
143401,6.680222988128662,16.17156219482422,0.5683582723140717,0.19672807694755523,0.8608042597770691,0.29244598746299744,0.23335589468479156,0.030559150502085686,9177664,0,0,0.8514116853475571,0.8146781772375107,0.30018842220306396,0.47624897956848145,1.0,1.0,1.0,0.2435762733221054,0.002533901948481798,0.0037268984597176313,0.0868007019162178,0.09407006204128265,0.5384194850921631,0.09423020482063293,1.0,0.1391957402229309,0.19421178102493286,0.2601565718650818,0.3247619867324829
143601,6.589339733123779,15.985803604125977,0.5394085049629211,0.20278707344514915,0.8627906441688538,0.3233821392059326,0.2631864547729492,0.03485025838017464,9190464,0,0,0.853566363453865,0.8105147778987885,0.28481325507164,0.48529326915740967,1.0,1.0,1.0,0.17818649113178253,0.0026527815498411655,0.0037770429626107216,0.09014476835727692,0.09352345764636993,0.5451083183288574,0.09423494338989258,1.0,0.13720934092998505,0.19195467233657837,0.25910747051239014,0.322311669588089
143801,7.202239513397217,16.77869415283203,0.5335283875465393,0.20441092229223615,0.8629204034805298,0.3293920159339905,0.2674398124217987,0.03435298055410385,9203264,0,1,0.8560191988945007,0.808717280626297,0.29206550121307373,0.43058907985687256,1.0,1.0,1.0,0.6938072443008423,0.002726773265749216,0.0037260802928358316,0.0898963138461113,0.09057904779911041,0.545386016368866,0.09386739134788513,1.0,0.13707950711250305,0.19297538697719574,0.26017171144485474,0.3241384029388428
144001,6.589346885681152,15.929977416992188,0.5837249159812927,0.19827030087461608,0.8556429743766785,0.27191805839538574,0.21530455350875854,0.028826218098402023,9216064,0,0,0.8507373332977295,0.8119821846485138,0.31028953194618225,0.48848798871040344,1.0,1.0,1.0,0.19321799278259277,0.0024713175371289253,0.0035237050615251064,0.09054151922464371,0.09472954273223877,0.5459054708480835,0.0952984020113945,1.0,0.14435698091983795,0.19951805472373962,0.26942673325538635,0.3341599702835083
144201,6.517388343811035,15.914379119873047,0.5602705180644989,0.19628717862863795,0.8631676435470581,0.3028971254825592,0.24495519697666168,0.030571989715099335,9228864,0,0,0.8557939529418945,0.8148958384990692,0.30766358971595764,0.48256057500839233,1.0,1.0,1.0,0.1616562455892563,0.00252363970503211,0.0036831735633313656,0.09365744888782501,0.09414304792881012,0.5443962812423706,0.09472880512475967,1.0,0.1368323713541031,0.19408708810806274,0.2604060173034668,0.3246797025203705
144401,6.594925403594971,15.986681938171387,0.5600725710391998,0.19877782061573854,0.8610497713088989,0.3009772002696991,0.24810893833637238,0.03328058496117592,9241664,0,0,0.8557020127773285,0.8114907592535019,0.299760103225708,0.47391921281814575,1.0,1.0,1.0,0.1545661985874176,0.002419878263026476,0.004046743735671043,0.09116054326295853,0.09373654425144196,0.5464498400688171,0.09474935382604599,1.0,0.1389501690864563,0.19229361414909363,0.2611905038356781,0.3246958255767822
144601,6.960779190063477,16.321205139160156,0.5535207092761993,0.2029701336621514,0.8590414524078369,0.3055207431316376,0.2460024207830429,0.02733251079916954,9254464,0,0,0.8537757396697998,0.809158518910408,0.28949782252311707,0.47593823075294495,1.0,1.0,1.0,0.3348686099052429,0.0025668127927929163,0.003564611542969942,0.0874003916978836,0.09451494365930557,0.5458441972732544,0.09523814916610718,1.0,0.14095859229564667,0.19416320323944092,0.26338133215904236,0.32660576701164246
144801,6.758212089538574,16.32607078552246,0.5409466326236725,0.20627414505541405,0.8594183325767517,0.3184716999530792,0.26759687066078186,0.029884815216064453,9267264,0,0,0.8562953472137451,0.8039345443248749,0.2995060980319977,0.4610556364059448,1.0,1.0,1.0,0.3395352363586426,0.002635733224451542,0.003685359377413988,0.08938632905483246,0.09327559173107147,0.5387493968009949,0.09447477012872696,1.0,0.14058168232440948,0.19695398211479187,0.2669377028942108,0.3308189809322357
145001,6.500636577606201,15.99664306640625,0.5405998826026917,0.20205544321181587,0.8631093502044678,0.3225094676017761,0.26530027389526367,0.026057809591293335,9280064,0,0,0.8595500141382217,0.8095242828130722,0.2863774001598358,0.4891897737979889,1.0,1.0,1.0,0.16898450255393982,0.002560730092227459,0.0037225091364234686,0.08956149220466614,0.09378960728645325,0.5556597113609314,0.09432706981897354,1.0,0.13689064979553223,0.19130031764507294,0.25742897391319275,0.31965893507003784
145201,6.592350482940674,16.12793731689453,0.5513674914836884,0.19899624406563798,0.8630217909812927,0.31165429949760437,0.2552603483200073,0.03039870597422123,9292864,0,0,0.8612145334482193,0.8121958374977112,0.3128364384174347,0.4767441749572754,1.0,1.0,1.0,0.22671695053577423,0.00264342431910336,0.00362306903116405,0.0919954776763916,0.09252822399139404,0.5443572998046875,0.09404730796813965,1.0,0.13697823882102966,0.193904310464859,0.2617620825767517,0.3265756666660309
145401,6.834110736846924,15.714889526367188,0.5843937695026398,0.19505384855084043,0.858390212059021,0.2739964425563812,0.2216663807630539,0.03341585025191307,9305664,0,0,0.850874051451683,0.8140995353460312,0.33119916915893555,0.47833991050720215,1.0,1.0,1.0,0.09166306257247925,0.0024047920014709234,0.0035171557683497667,0.09121235460042953,0.09378143399953842,0.5407162308692932,0.09444760531187057,1.0,0.14160971343517303,0.1984063684940338,0.2686008810997009,0.3354644775390625
145601,6.430240154266357,15.799043655395508,0.5712679326534271,0.19352195443593678,0.8629189133644104,0.2916509807109833,0.23012708127498627,0.022312428802251816,9318464,0,0,0.8572330623865128,0.8176790475845337,0.2943683862686157,0.48774969577789307,1.0,1.0,1.0,0.11858567595481873,0.002631728071719408,0.003575025126338005,0.09126618504524231,0.09411405026912689,0.546752393245697,0.09465090185403824,1.0,0.1370810866355896,0.19169379770755768,0.259176641702652,0.3236568868160248
145801,6.763340473175049,16.31568717956543,0.5495065748691559,0.19777699453130856,0.8645267486572266,0.3150201737880707,0.261007696390152,0.03203102946281433,9331264,0,0,0.8583115339279175,0.8123078793287277,0.2784091830253601,0.4676533639431,1.0,1.0,1.0,0.3075478971004486,0.0025069457478821278,0.004221544601023197,0.08759082853794098,0.09422336518764496,0.5482598543167114,0.09476140886545181,1.0,0.13547323644161224,0.18817640841007233,0.25427332520484924,0.31542280316352844
146001,7.1986260414123535,16.911550521850586,0.5904047191143036,0.19472860440306627,0.8572298884391785,0.2668251693248749,0.21229974925518036,0.03055371157824993,9344064,0,0,0.8460391461849213,0.8139623552560806,0.3146216571331024,0.47834569215774536,1.0,1.0,1.0,0.4487317204475403,0.0024397349916398525,0.0035353207495063543,0.08837112039327621,0.09395734965801239,0.5340607762336731,0.09466636925935745,1.0,0.14277006685733795,0.19936473667621613,0.2711946666240692,0.3383864760398865
146201,6.67901611328125,16.174524307250977,0.5268985629081726,0.20908930431299477,0.8607063293457031,0.3338077664375305,0.27555570006370544,0.021604880690574646,9356864,0,0,0.8566339761018753,0.8039575219154358,0.26524481177330017,0.486669659614563,1.0,1.0,1.0,0.25519615411758423,0.002565480535849929,0.003935418091714382,0.08797314018011093,0.09402007609605789,0.5519922375679016,0.09432196617126465,1.0,0.1392936408519745,0.19319672882556915,0.25842419266700745,0.319280207157135
146401,6.5775146484375,16.022504806518555,0.5792506039142609,0.19374763218323482,0.8608023524284363,0.2815517485141754,0.22533933818340302,0.026202203705906868,9369664,0,0,0.8540088981389999,0.8162430971860886,0.30318647623062134,0.48066413402557373,1.0,1.0,1.0,0.18629960715770721,0.0024869958870112896,0.003601041855290532,0.08946609497070312,0.09487719088792801,0.5384871959686279,0.09503506124019623,1.0,0.1391976773738861,0.1929117739200592,0.260565847158432,0.3254344165325165
146601,6.896581649780273,16.2318172454834,0.5633665919303894,0.20010976386382343,0.8590617179870605,0.29569512605667114,0.24044348299503326,0.03159229829907417,9382464,0,0,0.8488401770591736,0.8107336610555649,0.30607083439826965,0.4686830937862396,1.0,1.0,1.0,0.3113878071308136,0.0026858928613364697,0.00378437340259552,0.09029996395111084,0.09404018521308899,0.5427441596984863,0.09511123597621918,1.0,0.14093825221061707,0.19543835520744324,0.26379111409187317,0.32889819145202637
146801,6.681872844696045,16.092628479003906,0.5390347242355347,0.20195392627374292,0.8635916113853455,0.3245568871498108,0.26652392745018005,0.03208582103252411,9395264,0,0,0.8581560999155045,0.8102813959121704,0.2923157513141632,0.4749282896518707,1.0,1.0,1.0,0.22425898909568787,0.0025123858358711004,0.003803938627243042,0.0868687704205513,0.09533187747001648,0.5461794137954712,0.09579627215862274,1.0,0.13640837371349335,0.18923567235469818,0.2577097415924072,0.3212638199329376
147001,6.6657538414001465,16.138320922851562,0.5527450442314148,0.1991174639200009,0.862575113773346,0.30983006954193115,0.25530099868774414,0.027553146705031395,9408064,0,0,0.8528310656547546,0.8120167255401611,0.30296090245246887,0.46731606125831604,1.0,1.0,1.0,0.23110345005989075,0.0025311755016446114,0.0038990043103694916,0.09078092873096466,0.09323767572641373,0.5381836295127869,0.09414737671613693,1.0,0.13742485642433167,0.1949843168258667,0.26171785593032837,0.32697802782058716
147201,7.134505748748779,16.768774032592773,0.5429044663906097,0.20068573011178864,0.8636916875839233,0.3207872211933136,0.2641977369785309,0.03218314051628113,9420864,0,1,0.8591688126325607,0.810748741030693,0.2936249375343323,0.4349542260169983,1.0,1.0,1.0,0.6184391975402832,0.002614028286188841,0.00399049511179328,0.09190822392702103,0.09083873778581619,0.5435785055160522,0.09413451701402664,1.0,0.13630829751491547,0.19355517625808716,0.2606436610221863,0.3242133855819702
147401,6.902396202087402,16.177406311035156,0.5595466196537018,0.20189596196598839,0.858451783657074,0.2989051640033722,0.24285604059696198,0.031110916286706924,9433664,0,0,0.850870817899704,0.8088638335466385,0.2785640060901642,0.4745914340019226,1.0,1.0,1.0,0.28405576944351196,0.002722686855122447,0.00384880555793643,0.08499133586883545,0.09296505153179169,0.5384647250175476,0.09372454136610031,1.0,0.14154817163944244,0.19280646741390228,0.2601339817047119,0.321542888879776
147601,6.512648582458496,16.13054656982422,0.5424332022666931,0.20229223593237122,0.8624433279037476,0.32001012563705444,0.25974902510643005,0.03136339783668518,9446464,0,0,0.8582497835159302,0.8100647628307343,0.30952194333076477,0.47350141406059265,1.0,1.0,1.0,0.22978298366069794,0.0025508846156299114,0.003523298306390643,0.09140627831220627,0.09207526594400406,0.5480237007141113,0.09368998557329178,1.0,0.13755670189857483,0.1929074078798294,0.2619995176792145,0.3262617290019989
147801,6.817762851715088,16.00209617614746,0.5666321218013763,0.20181556655820052,0.8567308783531189,0.29009875655174255,0.2308303564786911,0.03314005210995674,9459264,0,0,0.8466942459344864,0.8098531365394592,0.3071458637714386,0.4783172011375427,1.0,1.0,1.0,0.21233251690864563,0.0024402986746281385,0.0036664241924881935,0.09223400801420212,0.0934176817536354,0.545139729976654,0.09425769001245499,1.0,0.14326916635036469,0.1974722445011139,0.2664456069469452,0.3295542895793915
148001,6.587076187133789,15.739989280700684,0.5764663219451904,0.19823901902888064,0.8574661016464233,0.2809997797012329,0.22902046144008636,0.027704013511538506,9472064,0,0,0.85496786236763,0.8119025677442551,0.2887565791606903,0.49055951833724976,1.0,1.0,1.0,0.12193289399147034,0.002555697225034237,0.0035302976612001657,0.0887458398938179,0.09400244057178497,0.5427204370498657,0.09439045190811157,1.0,0.14253386855125427,0.1975766271352768,0.2658679485321045,0.32879456877708435
148201,6.7739667892456055,16.114238739013672,0.5512153506278992,0.19741351104831648,0.8644166588783264,0.31320130825042725,0.26009413599967957,0.0397198311984539,9484864,0,1,0.8602572679519653,0.8121074438095093,0.3116356432437897,0.4412038326263428,1.0,1.0,1.0,0.22473768889904022,0.002544952556490898,0.004134668968617916,0.09199568629264832,0.09154371172189713,0.5367352366447449,0.0937924012541771,1.0,0.1355833262205124,0.19525820016860962,0.26296767592430115,0.32846468687057495
148401,7.104213714599609,16.84005355834961,0.5398545563220978,0.19869663829715517,0.866133987903595,0.3262794315814972,0.27514567971229553,0.03284772112965584,9497664,0,1,0.8618352115154266,0.8115138858556747,0.3020686209201813,0.42889314889907837,1.0,1.0,1.0,0.681300699710846,0.0025340288411825895,0.003974517807364464,0.09024102240800858,0.09035350382328033,0.546555757522583,0.09395920485258102,1.0,0.13386601209640503,0.18989229202270508,0.255744993686676,0.3186275064945221
148601,7.1269211769104,16.646881103515625,0.5251528024673462,0.21046314866751684,0.8600124716758728,0.3348596692085266,0.29155364632606506,0.03330225497484207,9510464,0,0,0.8509718477725983,0.7993755638599396,0.27257105708122253,0.4850406050682068,0.9999836087226868,0.9967436194419861,0.9997286796569824,0.42524051666259766,0.0024326019920408726,0.004183412529528141,0.08434325456619263,0.0956474170088768,0.5489332675933838,0.09614469110965729,1.0,0.13998748362064362,0.1967809498310089,0.26156851649284363,0.3237465023994446
148801,6.641303539276123,15.813701629638672,0.5597117841243744,0.20251119992380448,0.8578689694404602,0.2981571853160858,0.24291369318962097,0.025350140407681465,9523264,0,0,0.854663535952568,0.8084489554166794,0.30207332968711853,0.48649412393569946,1.0,1.0,1.0,0.14010214805603027,0.0024035745300352573,0.0037082491908222437,0.0896482765674591,0.09369821846485138,0.5459312796592712,0.09449264407157898,1.0,0.1421310305595398,0.19559425115585327,0.2646125257015228,0.32854610681533813
149001,6.591655254364014,15.818181037902832,0.5445355176925659,0.2044375916755229,0.8600693941116333,0.3155338764190674,0.2605390250682831,0.03476805239915848,9536064,0,0,0.8531555533409119,0.8074044734239578,0.3070101737976074,0.47562676668167114,1.0,1.0,1.0,0.10512381047010422,0.0024631046690046787,0.003767087124288082,0.09099390357732773,0.09326700121164322,0.5441288948059082,0.0940742939710617,1.0,0.1399306207895279,0.1961810141801834,0.2647743821144104,0.32843759655952454
149201,6.70239782333374,16.32398796081543,0.539027214050293,0.20084389073074896,0.8645316958427429,0.32550448179244995,0.2698032557964325,0.03686745464801788,9548864,0,1,0.8560586422681808,0.8107212632894516,0.2974991202354431,0.4487195312976837,1.0,1.0,1.0,0.3346092700958252,0.0025824515614658594,0.003872273024171591,0.09134416282176971,0.09138983488082886,0.5409054160118103,0.09434221684932709,1.0,0.1354682445526123,0.19069723784923553,0.25616690516471863,0.31816864013671875
149401,7.239385604858398,16.674924850463867,0.5270235538482666,0.21164632312576506,0.8585119843482971,0.3314884305000305,0.2811617851257324,0.03669239580631256,9561664,0,0,0.8519727438688278,0.7998737096786499,0.27806466817855835,0.4830397963523865,0.9999948740005493,0.998643159866333,1.0,0.45721641182899475,0.00246162386611104,0.003891369327902794,0.08598627895116806,0.09691645205020905,0.5526509881019592,0.09708968549966812,1.0,0.1414880007505417,0.19609317183494568,0.2623039484024048,0.3241422176361084
149601,6.525238037109375,16.016489028930664,0.5423931777477264,0.20104284971192943,0.8635167479515076,0.32112357020378113,0.26634764671325684,0.030497713014483452,9574464,0,0,0.8590147346258163,0.8104974776506424,0.3052671551704407,0.47111430764198303,1.0,1.0,1.0,0.19989848136901855,0.0025239214301109314,0.0034969092812389135,0.08982846140861511,0.09251773357391357,0.542225182056427,0.09367170184850693,1.0,0.13648325204849243,0.19281966984272003,0.2617190480232239,0.3268848657608032
149801,6.500528335571289,16.041202545166016,0.5545706450939178,0.19696662187941189,0.8639758825302124,0.30940523743629456,0.24773603677749634,0.02680579014122486,9587264,0,0,0.8581777662038803,0.8146130293607712,0.28581032156944275,0.4879721999168396,1.0,1.0,1.0,0.22848695516586304,0.002579114167019725,0.003762692678719759,0.09128093719482422,0.0936952531337738,0.5590629577636719,0.09478366374969482,1.0,0.1360240876674652,0.19035618007183075,0.25662145018577576,0.31917619705200195
150001,7.4229350090026855,16.991641998291016,0.5656901597976685,0.19611960477776055,0.861990749835968,0.29630059003829956,0.23520779609680176,0.030938224866986275,9600064,0,1,0.8581876456737518,0.8153421133756638,0.2995847463607788,0.4306958317756653,1.0,1.0,1.0,0.8220499157905579,0.0025169947184622288,0.0035460535436868668,0.08992625027894974,0.09054861217737198,0.538621187210083,0.09359502047300339,1.0,0.13800914585590363,0.19425494968891144,0.2610599398612976,0.32534611225128174
150201,6.844300746917725,16.35877227783203,0.5380190908908844,0.20039532605142163,0.86516273021698,0.3271436393260956,0.27231302857398987,0.034188635647296906,9612864,0,0,0.8607601225376129,0.8107400238513947,0.29098036885261536,0.468232661485672,0.9999989867210388,0.9997286796569824,1.0,0.29364147782325745,0.0024809562601149082,0.004149591084569693,0.09079054743051529,0.09293584525585175,0.5415082573890686,0.09436049312353134,1.0,0.13483725488185883,0.18995434045791626,0.2568236291408539,0.3190271854400635
150401,6.815692901611328,16.105039596557617,0.5461151003837585,0.19714058986999208,0.8659024834632874,0.3197873830795288,0.25809425115585327,0.035737648606300354,9625664,0,0,0.8582296669483185,0.8154790252447128,0.3021610677242279,0.4663253426551819,1.0,1.0,1.0,0.2182161808013916,0.0024550165981054306,0.0035974879283457994,0.09145341068506241,0.09328842908143997,0.5378575325012207,0.09405799955129623,1.0,0.13409751653671265,0.18997755646705627,0.25814881920814514,0.3229168653488159
150601,6.560527801513672,15.947181701660156,0.5615713596343994,0.19620111855763994,0.8629247546195984,0.301353394985199,0.24570535123348236,0.025813588872551918,9638464,0,0,0.8543319553136826,0.8151722401380539,0.30874085426330566,0.48592567443847656,1.0,1.0,1.0,0.17874911427497864,0.0026793102733790874,0.0035286624915897846,0.08985676616430283,0.09404004365205765,0.5442744493484497,0.09476340562105179,1.0,0.1370752453804016,0.19316311180591583,0.2599633038043976,0.32410702109336853
150801,6.702088356018066,15.986494064331055,0.5512286722660065,0.1995378947869981,0.8625906109809875,0.3113619387149811,0.2543831169605255,0.030445383861660957,9651264,0,0,0.8520924150943756,0.8123538494110107,0.29124003648757935,0.48326802253723145,1.0,1.0,1.0,0.19792497158050537,0.0023666834458708763,0.0035934518091380596,0.08883155882358551,0.09408804774284363,0.5486947894096375,0.0950787141919136,1.0,0.13740938901901245,0.19205531477928162,0.2578847408294678,0.3215063214302063
151001,7.2886810302734375,16.557403564453125,0.550025999546051,0.20314095914906874,0.8597834706306458,0.3097574710845947,0.2637704312801361,0.03245226666331291,9664064,0,0,0.8553815931081772,0.8065718412399292,0.2829798758029938,0.4594850540161133,0.9999989867210388,0.9997286796569824,1.0,0.5220478773117065,0.002527216449379921,0.0038522088434547186,0.08400510251522064,0.09470342099666595,0.5420717597007751,0.09616106003522873,1.0,0.14021654427051544,0.194376140832901,0.2630011737346649,0.32710081338882446
151201,6.659379959106445,16.03517723083496,0.5622235834598541,0.19864425634235006,0.8606330752372742,0.29840949177742004,0.24455039203166962,0.027661330997943878,9676864,0,0,0.8549539744853973,0.8117333501577377,0.30196326971054077,0.475694477558136,1.0,1.0,1.0,0.18292446434497833,0.0023398208431899548,0.003542962484061718,0.09055780619382858,0.0936318188905716,0.5540022850036621,0.09486746788024902,1.0,0.13936692476272583,0.19483663141727448,0.26247525215148926,0.3272004723548889
151401,6.635608196258545,16.14867401123047,0.54389688372612,0.20180551410931571,0.8624879121780396,0.31859102845191956,0.2583203911781311,0.02957097627222538,9689664,0,0,0.8571753650903702,0.8105634897947311,0.29322466254234314,0.48455291986465454,1.0,1.0,1.0,0.26148030161857605,0.002698000520467758,0.0037253571208566427,0.09172555804252625,0.09301252663135529,0.5527718663215637,0.0940151959657669,1.0,0.13751210272312164,0.1938428431749344,0.2604236900806427,0.32224807143211365
151601,6.647066116333008,15.97848129272461,0.5491464734077454,0.19735601341638717,0.8649745583534241,0.3158280849456787,0.2592278718948364,0.025252914056181908,9702464,0,0,0.8549370020627975,0.8146350085735321,0.3018835783004761,0.475728839635849,1.0,1.0,1.0,0.1792161613702774,0.002703221281990409,0.003707912052050233,0.09083283692598343,0.09275743365287781,0.5411268472671509,0.09365248680114746,1.0,0.13502541184425354,0.19530874490737915,0.2624582350254059,0.32829779386520386
151801,6.714239120483398,16.037338256835938,0.5399165451526642,0.20350389659641835,0.8620519042015076,0.3221353590488434,0.26595619320869446,0.030658289790153503,9715264,0,0,0.8571909517049789,0.8090510219335556,0.31044551730155945,0.4785671830177307,1.0,1.0,1.0,0.19950927793979645,0.0024914108216762543,0.0033979853615164757,0.0910332202911377,0.09285728633403778,0.5415061116218567,0.0941912904381752,1.0,0.13794805109500885,0.19375848770141602,0.2617623805999756,0.32703009247779846
152001,6.730181694030762,16.108095169067383,0.5701630711555481,0.20228348383268227,0.8554190993309021,0.285256028175354,0.22355975210666656,0.030945029109716415,9728064,0,0,0.8454277217388153,0.8101039379835129,0.31644365191459656,0.47856390476226807,1.0,1.0,1.0,0.25422632694244385,0.0026432983577251434,0.003625309094786644,0.0912957489490509,0.09314631670713425,0.5407842993736267,0.09369559586048126,1.0,0.1445809304714203,0.20004305243492126,0.27150267362594604,0.33589738607406616
152201,7.4255757331848145,16.99382209777832,0.5687816739082336,0.19710400976273668,0.8603690266609192,0.29158735275268555,0.23735158145427704,0.039737503975629807,9740864,0,1,0.8451323956251144,0.8135468065738678,0.29936009645462036,0.4189566969871521,1.0,1.0,1.0,0.8391460180282593,0.002447080798447132,0.0037823941092938185,0.08896315842866898,0.09092239290475845,0.538931667804718,0.09414485096931458,1.0,0.13963095843791962,0.19400690495967865,0.263358473777771,0.32754695415496826
152401,6.511224746704102,15.995013236999512,0.5368229448795319,0.2039229253304722,0.8624875545501709,0.32566460967063904,0.2604231834411621,0.02682391367852688,9753664,0,0,0.848809614777565,0.8098373413085938,0.2765728235244751,0.4797220826148987,1.0,1.0,1.0,0.18649624288082123,0.0025531663559377193,0.00377703458070755,0.08859597146511078,0.09318126738071442,0.5493667721748352,0.09432707726955414,1.0,0.13751240074634552,0.19056369364261627,0.25597861409187317,0.3161955177783966
152601,6.768572807312012,16.31338882446289,0.5538831651210785,0.1984886235340689,0.8628347516059875,0.30895158648490906,0.25086069107055664,0.03608867526054382,9766464,0,0,0.8570149540901184,0.8133460879325867,0.3004828691482544,0.45924288034439087,1.0,1.0,1.0,0.3175661265850067,0.0026982948184013367,0.003960641101002693,0.0903317853808403,0.09337659180164337,0.533890426158905,0.09413017332553864,1.0,0.13716521859169006,0.19474144279956818,0.26309847831726074,0.327790766954422
152801,6.937689781188965,16.017982482910156,0.5704423785209656,0.2024798333233613,0.8551722168922424,0.28472983837127686,0.2254694551229477,0.031683146953582764,9779264,0,0,0.8505963832139969,0.8091266006231308,0.3041040003299713,0.48557257652282715,1.0,1.0,1.0,0.2061401605606079,0.0025401038583368063,0.0036333915777504444,0.09026054292917252,0.0935305804014206,0.5429367423057556,0.09443950653076172,1.0,0.14482779800891876,0.1950252205133438,0.26394137740135193,0.32658371329307556
153001,6.775878429412842,16.1318416595459,0.580164909362793,0.1930790285066616,0.8611788749694824,0.28101396560668945,0.2282875031232834,0.032912835478782654,9792064,0,0,0.8569839596748352,0.8165783286094666,0.2960146367549896,0.4849849045276642,1.0,1.0,1.0,0.2565181255340576,0.0027529820799827576,0.003923148848116398,0.0862608477473259,0.09407427161931992,0.5411939024925232,0.09384902566671371,1.0,0.13882112503051758,0.193748340010643,0.2619975507259369,0.3269027769565582
153201,7.530835151672363,16.933923721313477,0.5615467131137848,0.20363376904924915,0.8564104437828064,0.2948637306690216,0.23910681903362274,0.0438067801296711,9804864,0,1,0.8505832254886627,0.8069388568401337,0.3306303024291992,0.419350802898407,1.0,1.0,1.0,0.7992249727249146,0.002604793757200241,0.003897654125466943,0.09262516349554062,0.0898810625076294,0.5401222109794617,0.09389106929302216,1.0,0.1435895562171936,0.202642560005188,0.27171629667282104,0.3366622030735016
153401,6.879965782165527,16.4779052734375,0.5490025579929352,0.19837866955656686,0.8641373515129089,0.31513479351997375,0.2572389543056488,0.0330502986907959,9817664,0,1,0.8541900664567947,0.8136363923549652,0.2864116430282593,0.4496617913246155,1.0,1.0,1.0,0.3883422613143921,0.0025944511871784925,0.0037109567783772945,0.0880456492304802,0.09185336530208588,0.5431833267211914,0.09410901367664337,1.0,0.1358625739812851,0.1908142864704132,0.25768640637397766,0.32024484872817993
153601,7.138129711151123,16.4659423828125,0.5519450902938843,0.20739836686489194,0.8555737137794495,0.3036286234855652,0.2571776807308197,0.03026646561920643,9830464,0,0,0.8515633046627045,0.8023295253515244,0.2775152027606964,0.4785671830177307,0.9999938607215881,0.998643159866333,1.0,0.34570884704589844,0.0025322248693555593,0.0036520054563879967,0.08247347176074982,0.09771782159805298,0.5448052287101746,0.09751717746257782,1.0,0.14442624151706696,0.19523927569389343,0.26225513219833374,0.3233451843261719
153801,7.070054054260254,16.73139190673828,0.5391471087932587,0.20481951912586466,0.861128568649292,0.3219814598560333,0.265002578496933,0.03323731571435928,9843264,0,1,0.8546245396137238,0.8077412992715836,0.299808144569397,0.44334203004837036,1.0,1.0,1.0,0.6093141436576843,0.0026456222403794527,0.003679521381855011,0.09175202995538712,0.09240849316120148,0.5422859787940979,0.09464927762746811,1.0,0.138871431350708,0.19209057092666626,0.2590287923812866,0.32132387161254883
154001,6.7163801193237305,16.0982608795166,0.5757327973842621,0.20299511554462155,0.8533623218536377,0.2776295244693756,0.2225528061389923,0.03170415759086609,9856064,0,0,0.841063842177391,0.8075651675462723,0.319417268037796,0.4666968584060669,1.0,1.0,1.0,0.2362678349018097,0.002554414328187704,0.0034563145600259304,0.09053153544664383,0.0935513898730278,0.5367724299430847,0.09437475353479385,1.0,0.14663764834403992,0.2031298279762268,0.2741771638393402,0.3389407992362976
154201,6.899906158447266,16.295879364013672,0.5461966693401337,0.20310408752614587,0.8607913851737976,0.31459471583366394,0.25710657238960266,0.0338461697101593,9868864,0,1,0.856511801481247,0.8078314960002899,0.28987085819244385,0.46112316846847534,1.0,1.0,1.0,0.3234204053878784,0.00242087384685874,0.004169232212007046,0.09136209636926651,0.09215107560157776,0.5437268614768982,0.09426464140415192,1.0,0.1392086297273636,0.19430860877037048,0.2606378495693207,0.32227104902267456
154401,6.631686210632324,16.000097274780273,0.5903162658214569,0.19088802692621895,0.8607308864593506,0.2704146206378937,0.21796804666519165,0.03239704668521881,9881664,0,0,0.8522446602582932,0.8180171251296997,0.3060941696166992,0.4829556941986084,1.0,1.0,1.0,0.18600043654441833,0.002420597244054079,0.0036826180294156075,0.09002450108528137,0.0936572402715683,0.5352824330329895,0.0941779688000679,1.0,0.1392691284418106,0.19378909468650818,0.2623254656791687,0.32665279507637024
154601,6.8905463218688965,16.192455291748047,0.5517812073230743,0.20316078422967446,0.8593187928199768,0.30753758549690247,0.251086562871933,0.031788989901542664,9894464,0,0,0.8506184816360474,0.8085792362689972,0.304830402135849,0.4701502025127411,1.0,1.0,1.0,0.3067440390586853,0.002492673695087433,0.0034682806581258774,0.09061260521411896,0.09322263300418854,0.5465509295463562,0.09408698230981827,1.0,0.1406812220811844,0.19606299698352814,0.2633170485496521,0.32759159803390503
154801,6.7797064781188965,16.00250244140625,0.5344960689544678,0.2085186735663234,0.8591850399971008,0.32468897104263306,0.26675137877464294,0.030654586851596832,9907264,0,0,0.8563746362924576,0.8036608546972275,0.29689016938209534,0.48487144708633423,1.0,1.0,1.0,0.2156178057193756,0.002529184566810727,0.0037214867770671844,0.08900120854377747,0.09449565410614014,0.5423380732536316,0.09466197341680527,1.0,0.14081494510173798,0.19396881759166718,0.2636190950870514,0.32661154866218567
155001,6.760141849517822,16.18233871459961,0.550818681716919,0.20147283144950695,0.8610253930091858,0.31020671129226685,0.2572411000728607,0.0379231832921505,9920064,0,0,0.8493642061948776,0.809434786438942,0.3054165840148926,0.4727678596973419,1.0,1.0,1.0,0.2591487169265747,0.0024824440479278564,0.004156977869570255,0.09230246394872665,0.09312433004379272,0.5404849648475647,0.09429553896188736,1.0,0.13897457718849182,0.19786399602890015,0.26447001099586487,0.3285734951496124
155201,7.281723976135254,16.611417770385742,0.509656697511673,0.22256629880355272,0.8540937900543213,0.3444370925426483,0.2965218126773834,0.028456833213567734,9932864,0,0,0.8480075597763062,0.7888341844081879,0.2818904519081116,0.47615566849708557,0.9999938607215881,0.9983718395233154,1.0,0.4798828959465027,0.002697762567549944,0.003616520669311285,0.08580007404088974,0.09650702029466629,0.5522478818893433,0.0971606895327568,1.0,0.14590619504451752,0.19913697242736816,0.26859790086746216,0.3316117227077484
155401,7.178067684173584,16.593549728393555,0.5408313572406769,0.21336481731233922,0.8533063530921936,0.3124749958515167,0.2644885182380676,0.031933970749378204,9945664,0,0,0.8470284640789032,0.7972805052995682,0.27761203050613403,0.46586543321609497,0.9999938607215881,0.998643159866333,1.0,0.4745017886161804,0.002641952596604824,0.003828260116279125,0.08219079673290253,0.09613488614559174,0.545713484287262,0.09702909737825394,1.0,0.1466936618089676,0.19901470839977264,0.2663085162639618,0.3293190598487854
155601,6.910644054412842,16.43373680114746,0.58806511759758,0.19202641964501674,0.8602379560470581,0.27217283844947815,0.21548235416412354,0.03578910604119301,9958464,0,1,0.8541882634162903,0.8184675425291061,0.3076246380805969,0.45418620109558105,1.0,1.0,1.0,0.4152948260307312,0.002425145823508501,0.003600136609748006,0.0916786715388298,0.0935535877943039,0.5357477068901062,0.09467282146215439,1.0,0.1397620588541031,0.1939537078142166,0.26437467336654663,0.33078449964523315
155801,6.509939670562744,15.863728523254395,0.5483857095241547,0.2008810525241047,0.8621478080749512,0.3137620985507965,0.2574225962162018,0.026139607653021812,9971264,0,0,0.8543930202722549,0.8099672049283981,0.29820671677589417,0.48343873023986816,1.0,1.0,1.0,0.15434393286705017,0.002566554816439748,0.003913882188498974,0.09122927486896515,0.09425695240497589,0.5529718399047852,0.09481547772884369,1.0,0.13785217702388763,0.193012535572052,0.2614007294178009,0.32448622584342957
156001,7.039035320281982,16.316661834716797,0.5383685827255249,0.20784496352464696,0.8587433099746704,0.3203747272491455,0.26422759890556335,0.03383985534310341,9984064,0,0,0.848609670996666,0.8047262728214264,0.2850244641304016,0.4817110300064087,0.9999979734420776,0.9994572997093201,1.0,0.37039831280708313,0.0025567500852048397,0.004241168033331633,0.08620233833789825,0.0953383594751358,0.5506912469863892,0.09628520160913467,1.0,0.1412566602230072,0.1954755187034607,0.26221415400505066,0.3247745931148529
156201,6.726809978485107,16.20077133178711,0.5572006106376648,0.2014399797034361,0.8594439029693604,0.30224329233169556,0.24236129224300385,0.03257904574275017,9996864,0,0,0.8515116423368454,0.8108339011669159,0.3128178119659424,0.46964702010154724,1.0,1.0,1.0,0.2730383276939392,0.0024723485112190247,0.003608032362535596,0.09202955663204193,0.09302681684494019,0.5422511696815491,0.09476584196090698,1.0,0.14055609703063965,0.1984120011329651,0.26803264021873474,0.33291304111480713
156401,6.820887088775635,16.20465660095215,0.5685479044914246,0.19593251216935212,0.8614581227302551,0.29291021823883057,0.23786325752735138,0.03204509988427162,10009664,0,0,0.8563806414604187,0.8144146353006363,0.29188331961631775,0.4740718603134155,1.0,1.0,1.0,0.2691109776496887,0.0026822765357792377,0.0036715392488986254,0.08980380743741989,0.09494942426681519,0.5435130596160889,0.09512633085250854,1.0,0.1385418176651001,0.19251056015491486,0.25881287455558777,0.3216354250907898
156601,6.717247009277344,16.289718627929688,0.5784385800361633,0.19359614265867614,0.8611322641372681,0.28269368410110474,0.23419427871704102,0.029743855819106102,10022464,0,0,0.8555966913700104,0.8147681206464767,0.29769742488861084,0.4672711193561554,1.0,1.0,1.0,0.28357863426208496,0.002595426281914115,0.003637086134403944,0.08994520455598831,0.0943843275308609,0.5446796417236328,0.09484012424945831,1.0,0.13886775076389313,0.1917952001094818,0.2599298655986786,0.32374295592308044
156801,6.592604160308838,15.931944847106934,0.5686596930027008,0.19863680860357866,0.8590442538261414,0.29038456082344055,0.23251499235630035,0.03105139173567295,10035264,0,0,0.8533842414617538,0.8118416219949722,0.3010960519313812,0.4758017659187317,1.0,1.0,1.0,0.15734970569610596,0.002555300947278738,0.003607348073273897,0.0894007459282875,0.09355530142784119,0.542356550693512,0.09419631212949753,1.0,0.14095573127269745,0.1952953040599823,0.26311662793159485,0.3269258439540863
157001,6.5651445388793945,15.889801979064941,0.5455473065376282,0.19969912531242745,0.8638695478439331,0.31832224130630493,0.26449012756347656,0.028628237545490265,10048064,0,1,0.8554506897926331,0.8115050792694092,0.28292930126190186,0.4730340242385864,1.0,1.0,1.0,0.12273681908845901,0.002617152640596032,0.003940394148230553,0.08992231637239456,0.09201426804065704,0.5451796650886536,0.09341960400342941,1.0,0.13613049685955048,0.1902577430009842,0.25649717450141907,0.3192140758037567
157201,6.660118103027344,15.912673950195312,0.5559344589710236,0.2034801740313323,0.8579801321029663,0.30204567313194275,0.2506328821182251,0.02926717884838581,10060864,0,0,0.847935825586319,0.8067918568849564,0.2976907789707184,0.47596922516822815,1.0,1.0,1.0,0.15777763724327087,0.0026131789200007915,0.0035499483346939087,0.08930204808712006,0.09345696121454239,0.5418038964271545,0.09410499036312103,1.0,0.1420198529958725,0.19639232754707336,0.2642214596271515,0.3268427848815918
157401,6.772342681884766,15.959145545959473,0.572342187166214,0.19998846094164133,0.8569247722625732,0.28458258509635925,0.22825488448143005,0.03182809054851532,10073664,0,0,0.8525676876306534,0.8109245449304581,0.3078085482120514,0.47848019003868103,1.0,1.0,1.0,0.21740058064460754,0.0025672479532659054,0.0037703276611864567,0.08794539421796799,0.09416121244430542,0.5452067852020264,0.09423632174730301,1.0,0.14307521283626556,0.1984003186225891,0.2706136107444763,0.3347316384315491
157601,7.088010311126709,16.659757614135742,0.5619877874851227,0.19362213702151412,0.8650591969490051,0.30307140946388245,0.250443696975708,0.03266080096364021,10086464,0,1,0.8580847531557083,0.8158528804779053,0.31773534417152405,0.4402958154678345,1.0,1.0,1.0,0.5600811243057251,0.0025152587331831455,0.0037787738256156445,0.09119945019483566,0.0919344425201416,0.5413510203361511,0.09424594044685364,1.0,0.1349407583475113,0.1918882131576538,0.26073265075683594,0.3275280296802521
157801,6.754913330078125,15.985952377319336,0.5500360131263733,0.20125262471002575,0.861412763595581,0.31137675046920776,0.25558236241340637,0.030390536412596703,10099264,0,0,0.850332573056221,0.8096799254417419,0.2946751117706299,0.48426228761672974,1.0,1.0,1.0,0.17229583859443665,0.0025206883437931538,0.003792297327890992,0.09030947834253311,0.09354865550994873,0.5466317534446716,0.09416817128658295,1.0,0.13858714699745178,0.1936371922492981,0.26123282313346863,0.32539102435112
158001,6.569576263427734,16.05933952331543,0.5198310613632202,0.20719954017250075,0.8641414046287537,0.34431034326553345,0.2875627279281616,0.030217107385396957,10112064,0,0,0.8585837483406067,0.805511862039566,0.27883192896842957,0.475250780582428,1.0,1.0,1.0,0.1929503232240677,0.0026573394425213337,0.0039023305289447308,0.08640167862176895,0.09285357594490051,0.5496272444725037,0.09370803087949753,1.0,0.13585858047008514,0.19103918969631195,0.2573823630809784,0.31892892718315125
158201,6.832711696624756,15.848573684692383,0.5607362389564514,0.20314397358335096,0.8570504784584045,0.2963142395019531,0.23986943066120148,0.02983989380300045,10124864,0,0,0.8518412262201309,0.8083909451961517,0.3052419126033783,0.49483373761177063,0.9999989867210388,0.9997286796569824,1.0,0.15993164479732513,0.002548506483435631,0.0036467108875513077,0.09026620537042618,0.09441344439983368,0.5473474264144897,0.09442627429962158,1.0,0.14294947683811188,0.19916923344135284,0.2669301927089691,0.33082321286201477
158401,6.974161148071289,16.537761688232422,0.5875152349472046,0.18708506318173346,0.8647886514663696,0.27727341651916504,0.21718516945838928,0.034798763692379,10137664,0,1,0.8619987964630127,0.8235611766576767,0.2956896424293518,0.4330615997314453,1.0,1.0,1.0,0.4333185851573944,0.002575027523562312,0.003775934688746929,0.08964522927999496,0.09254354238510132,0.5356414914131165,0.09479805082082748,1.0,0.1352113038301468,0.1890130639076233,0.2560555636882782,0.31936606764793396
158601,6.852961540222168,16.202728271484375,0.5968927443027496,0.19392361334005023,0.8564012050628662,0.2595084607601166,0.20112669467926025,0.03150688484311104,10150464,0,0,0.8399512618780136,0.8159270882606506,0.317971795797348,0.47556382417678833,1.0,1.0,1.0,0.2623990476131439,0.002450495259836316,0.0038782095070928335,0.09258712828159332,0.09413288533687592,0.5383331775665283,0.09424854069948196,1.0,0.1435987800359726,0.1973908394575119,0.267416387796402,0.33228322863578796
158801,7.102412223815918,16.34671974182129,0.5969541370868683,0.18618182899652902,0.8634313941001892,0.2664772570133209,0.20629191398620605,0.03626840189099312,10163264,0,1,0.8614022731781006,0.8235176503658295,0.30561766028404236,0.4424660801887512,1.0,1.0,1.0,0.3105860948562622,0.0026841056533157825,0.003961267881095409,0.09342898428440094,0.09281505644321442,0.5310602784156799,0.09479082375764847,1.0,0.1365685909986496,0.193231463432312,0.2604362964630127,0.32613301277160645
159001,7.031559944152832,16.68275260925293,0.5473701655864716,0.20110427517440874,0.8622117042541504,0.31484153866767883,0.2622872591018677,0.026060447096824646,10176064,0,1,0.8561316579580307,0.8084380775690079,0.2640230059623718,0.45455461740493774,1.0,1.0,1.0,0.5586085915565491,0.0027156085707247257,0.0038104262202978134,0.0882621705532074,0.09219536185264587,0.5507680773735046,0.09401431679725647,1.0,0.13778825104236603,0.18979649245738983,0.2556849718093872,0.3164200484752655
159201,7.007044792175293,16.5869197845459,0.5607822239398956,0.19719807555150282,0.8622509837150574,0.30146875977516174,0.2473614662885666,0.037117261439561844,10188864,0,1,0.8520848900079727,0.8129717409610748,0.3024141490459442,0.4501745104789734,1.0,1.0,1.0,0.4677651822566986,0.0025540515780448914,0.003938118927180767,0.08890847861766815,0.09191668778657913,0.5437765717506409,0.09370467811822891,1.0,0.13774897158145905,0.19254642724990845,0.26010218262672424,0.3245070278644562
159401,6.592292308807373,16.219932556152344,0.543295294046402,0.202064245813357,0.8624193072319031,0.3191240131855011,0.26205137372016907,0.028439102694392204,10201664,0,0,0.8503789901733398,0.8088924586772919,0.2891719937324524,0.4691844582557678,1.0,1.0,1.0,0.28457409143447876,0.0026313222479075193,0.003994273953139782,0.09203256666660309,0.09352065622806549,0.5567200183868408,0.09455215930938721,1.0,0.13758070766925812,0.1912994086742401,0.2573837339878082,0.31939491629600525
159601,6.705646991729736,16.257360458374023,0.5653131306171417,0.19710188604493517,0.8612223863601685,0.29590925574302673,0.23531854152679443,0.025468330830335617,10214464,0,0,0.8590391725301743,0.8147259056568146,0.29230254888534546,0.47812938690185547,1.0,1.0,1.0,0.2905654311180115,0.0024816086515784264,0.0036320583894848824,0.09158449620008469,0.09403922408819199,0.5501412749290466,0.0947774201631546,1.0,0.13877759873867035,0.19311387836933136,0.2591732442378998,0.32151761651039124
159801,6.629909038543701,16.11493682861328,0.5445370078086853,0.19911383517663903,0.8646188974380493,0.320081889629364,0.26495420932769775,0.03166252374649048,10227264,0,0,0.8542708456516266,0.8114365637302399,0.29552510380744934,0.46498167514801025,1.0,1.0,1.0,0.23061400651931763,0.0026237857528030872,0.0038425647653639317,0.0885704830288887,0.0923507958650589,0.5430800914764404,0.09403044730424881,1.0,0.1353810578584671,0.19317926466464996,0.2598559856414795,0.32395821809768677
160001,7.698346138000488,17.245691299438477,0.5551218390464783,0.19391247803434203,0.866459846496582,0.31133800745010376,0.25528353452682495,0.03508048132061958,10240064,0,1,0.8573012501001358,0.8166239261627197,0.30980587005615234,0.406607985496521,1.0,1.0,1.0,1.1398952007293701,0.002445624675601721,0.0038405335508286953,0.0915876105427742,0.09024012088775635,0.5497933030128479,0.09457708895206451,1.0,0.13354012370109558,0.19092558324337006,0.25724443793296814,0.32142341136932373
160201,6.934886932373047,16.42781639099121,0.585900068283081,0.1931104646724404,0.8597782850265503,0.27387821674346924,0.2235947996377945,0.03629005700349808,10252864,0,1,0.8531162142753601,0.8154224753379822,0.3151194453239441,0.43026965856552124,1.0,1.0,1.0,0.344693660736084,0.0024247970432043076,0.003622115124017,0.0932878777384758,0.09054706990718842,0.5445478558540344,0.09474281966686249,1.0,0.14022168517112732,0.19575881958007812,0.2624368965625763,0.32712623476982117
160401,6.687607288360596,16.13218879699707,0.5544214844703674,0.19867860544484922,0.8625374436378479,0.30811595916748047,0.2448010891675949,0.03649353235960007,10265664,0,0,0.8574845939874649,0.814780056476593,0.3037637174129486,0.46484997868537903,1.0,1.0,1.0,0.25694000720977783,0.002736370312049985,0.003774807322770357,0.09263359010219574,0.09232647716999054,0.5463761687278748,0.09403186291456223,1.0,0.13746261596679688,0.19416993856430054,0.26037347316741943,0.3240100145339966
160601,7.232701301574707,16.800870895385742,0.5732106566429138,0.18496452936596952,0.8699153065681458,0.29670464992523193,0.23801679909229279,0.029047567397356033,10278464,0,1,0.8633151799440384,0.8249917924404144,0.28406572341918945,0.4300858974456787,1.0,1.0,1.0,0.6463902592658997,0.0025188401341438293,0.0036713688168674707,0.08874855935573578,0.09191197156906128,0.5418153405189514,0.09494411200284958,1.0,0.13008466362953186,0.18500079214572906,0.24995681643486023,0.3132087290287018
160801,6.731393337249756,16.071908950805664,0.5730579495429993,0.19684225897248986,0.8595518469810486,0.2864938974380493,0.228788360953331,0.028944525867700577,10291264,0,1,0.8581841439008713,0.8142150640487671,0.30199134349823,0.48302188515663147,1.0,1.0,1.0,0.2593693733215332,0.002804257906973362,0.003660893067717552,0.09060916304588318,0.09363068640232086,0.5507574677467346,0.09447872638702393,1.0,0.14044812321662903,0.1962055265903473,0.2645900249481201,0.3279153108596802
161001,7.007925510406494,16.662981033325195,0.5434485077857971,0.20182877538703747,0.8625814318656921,0.319132924079895,0.2608013451099396,0.03334757313132286,10304064,0,1,0.8539141267538071,0.8097609430551529,0.307907372713089,0.43232694268226624,1.0,1.0,1.0,0.5343179702758789,0.0022620069794356823,0.003803941886872053,0.09029684215784073,0.08973995596170425,0.5441130995750427,0.0933995321393013,1.0,0.13741853833198547,0.19427300989627838,0.2617845833301544,0.32625436782836914
161201,6.629855155944824,16.0832576751709,0.5539242029190063,0.19712377096292819,0.8639994263648987,0.31007522344589233,0.24989576637744904,0.028631119057536125,10316864,0,0,0.8612740486860275,0.8148194253444672,0.3037864863872528,0.47547852993011475,1.0,1.0,1.0,0.18228952586650848,0.0028047547675669193,0.003665023483335972,0.09026789665222168,0.09358184784650803,0.5432798266410828,0.09441903233528137,1.0,0.13600055873394012,0.19160033762454987,0.2587304711341858,0.32348400354385376
161401,6.580354690551758,16.029857635498047,0.5538117289543152,0.20073161888204677,0.8609133958816528,0.30710166692733765,0.2520315945148468,0.026951469480991364,10329664,0,0,0.8514077812433243,0.810616746544838,0.278767466545105,0.4803299903869629,1.0,1.0,1.0,0.18552447855472565,0.002293420024216175,0.003923666197806597,0.09005969762802124,0.0944736897945404,0.5462232232093811,0.09467216581106186,1.0,0.13908660411834717,0.1934046596288681,0.25982120633125305,0.32214120030403137
161601,6.56650447845459,16.036632537841797,0.5545294880867004,0.19841339726638307,0.862739622592926,0.3082101345062256,0.2537505328655243,0.027589019387960434,10342464,0,0,0.8602378666400909,0.8125932961702347,0.30141010880470276,0.4833681881427765,1.0,1.0,1.0,0.17589354515075684,0.002516253152862191,0.003629585960879922,0.09021233022212982,0.09318351000547409,0.5442700386047363,0.09389578551054001,1.0,0.13726039230823517,0.1935574859380722,0.26115408539772034,0.3254897892475128
161801,6.565537929534912,15.899860382080078,0.5639156401157379,0.1975863049144808,0.8611414432525635,0.29722580313682556,0.24274888634681702,0.027566008269786835,10355264,0,0,0.858750969171524,0.8130317181348801,0.2925518751144409,0.4937093257904053,1.0,1.0,1.0,0.18520614504814148,0.002501371782273054,0.0037754811346530914,0.08937644958496094,0.09394218027591705,0.5542150139808655,0.09467017650604248,1.0,0.13885849714279175,0.19236072897911072,0.26060912013053894,0.32362231612205505
162001,6.841348171234131,16.362314224243164,0.5793456733226776,0.19433778165217985,0.8602531552314758,0.2809074819087982,0.22479063272476196,0.03006264939904213,10368064,0,0,0.8527204692363739,0.8151651322841644,0.3008885383605957,0.4657818078994751,1.0,1.0,1.0,0.3380158841609955,0.002531060017645359,0.0034462136682122946,0.08951614052057266,0.09351266920566559,0.5368410348892212,0.09369083493947983,1.0,0.1397467702627182,0.19261601567268372,0.26127633452415466,0.3255676031112671
162201,6.755970478057861,15.947774887084961,0.5508210957050323,0.19880453285518926,0.8633220791816711,0.3125009834766388,0.25661489367485046,0.03579838573932648,10380864,0,0,0.859808474779129,0.8125458508729935,0.2913637161254883,0.4758278727531433,1.0,1.0,1.0,0.1287253350019455,0.002772869309410453,0.003921034280210733,0.08854497969150543,0.09367348253726959,0.5398277640342712,0.09429929405450821,1.0,0.13667789101600647,0.1925794929265976,0.2583130896091461,0.32101526856422424
162401,6.554978370666504,16.017478942871094,0.5563489496707916,0.1992378679192684,0.861574649810791,0.3052257001399994,0.2516482174396515,0.031998831778764725,10393664,0,0,0.8577527105808258,0.8111425936222076,0.29963430762290955,0.4759645164012909,1.0,1.0,1.0,0.2065727710723877,0.0025216350331902504,0.0034620678052306175,0.09017635136842728,0.09402935206890106,0.5414454340934753,0.09407179802656174,1.0,0.13842539489269257,0.19337287545204163,0.2608662247657776,0.32549911737442017
162601,7.103211879730225,16.74359893798828,0.5594527125358582,0.2004270438987157,0.8597633242607117,0.3003106117248535,0.24025610089302063,0.032831061631441116,10406464,0,1,0.8549602329730988,0.8117557466030121,0.30728229880332947,0.4395076036453247,1.0,1.0,1.0,0.6014530658721924,0.0027413431089371443,0.0036817609798163176,0.09123571217060089,0.09175291657447815,0.5442712306976318,0.09391920268535614,1.0,0.1402367204427719,0.19551952183246613,0.26302871108055115,0.3279113173484802
162801,6.762342929840088,16.346538543701172,0.5801670551300049,0.19045363545700345,0.8635100722312927,0.28334301710128784,0.2237076610326767,0.04252135381102562,10419264,0,0,0.8553260564804077,0.8200321644544601,0.29604941606521606,0.46203675866127014,0.9999989867210388,0.9997286796569824,1.0,0.3184676766395569,0.0026232812087982893,0.004164864309132099,0.09102603793144226,0.09294763207435608,0.5397430658340454,0.09464845806360245,1.0,0.13648992776870728,0.19160997867584229,0.258235901594162,0.32341381907463074
163001,6.92717170715332,16.681304931640625,0.5574337244033813,0.19215015688059375,0.867412269115448,0.30997854471206665,0.2601107358932495,0.03606767579913139,10432064,0,1,0.8620734512805939,0.8166134357452393,0.29687798023223877,0.4496459662914276,1.0,1.0,1.0,0.53990638256073,0.0024275602772831917,0.004053120967000723,0.08997411280870438,0.09259507060050964,0.5357367396354675,0.09423362463712692,1.0,0.13258767127990723,0.18883821368217468,0.25504636764526367,0.31829047203063965
163201,6.8415727615356445,16.518888473510742,0.5351337194442749,0.20490898884036524,0.8620865941047668,0.32695287466049194,0.2679932415485382,0.024394523352384567,10444864,0,1,0.8568083345890045,0.8076601624488831,0.28429433703422546,0.4610460102558136,1.0,1.0,1.0,0.44474077224731445,0.002677879761904478,0.0035519718658179045,0.09016933292150497,0.09121497720479965,0.5542508959770203,0.09337262064218521,1.0,0.13791336119174957,0.19311843812465668,0.25914859771728516,0.3217644691467285
163401,6.59224796295166,16.024112701416016,0.5458145141601562,0.19944034903700275,0.8640233278274536,0.31820881366729736,0.25594860315322876,0.028554024174809456,10457664,0,1,0.8598292469978333,0.8128900527954102,0.28560373187065125,0.47208207845687866,1.0,1.0,1.0,0.1685270369052887,0.002589465817436576,0.003979750908911228,0.09248992055654526,0.09284339100122452,0.5529907941818237,0.0944020077586174,1.0,0.1359766721725464,0.1907479465007782,0.25604045391082764,0.317203164100647
163601,6.561290264129639,15.813058853149414,0.5597959458827972,0.20253086739741968,0.857830286026001,0.29803434014320374,0.23681378364562988,0.028720185160636902,10470464,0,0,0.8518921881914139,0.8098562508821487,0.3039516806602478,0.49334460496902466,1.0,1.0,1.0,0.1323617547750473,0.002323562279343605,0.003467710455879569,0.08974237740039825,0.09495672583580017,0.5520118474960327,0.09536472707986832,1.0,0.14216972887516022,0.19658824801445007,0.26505789160728455,0.3283286392688751
163801,6.932247161865234,16.233007431030273,0.5500225126743317,0.20529881085215768,0.85791015625,0.30788764357566833,0.2536146938800812,0.03317021206021309,10483264,0,0,0.8520297110080719,0.8055924773216248,0.30333587527275085,0.4734463095664978,1.0,1.0,1.0,0.25336354970932007,0.0024736188352108,0.0035463387612253428,0.08931673318147659,0.09316018223762512,0.5415772199630737,0.09374932199716568,1.0,0.1420898735523224,0.19812586903572083,0.26656317710876465,0.33033883571624756
164001,6.729336261749268,16.113475799560547,0.5910835266113281,0.19373527747196392,0.8579700589179993,0.26688653230667114,0.2110748291015625,0.03114955872297287,10496064,0,0,0.8493726998567581,0.8157849311828613,0.3169526159763336,0.4768652021884918,1.0,1.0,1.0,0.24060311913490295,0.002696653362363577,0.003792352043092251,0.09178080409765244,0.09393516182899475,0.5427845120429993,0.09452551603317261,1.0,0.14202991127967834,0.1974964141845703,0.2671812176704407,0.33293241262435913
164201,6.582865238189697,15.87655258178711,0.5541532635688782,0.19924818214507958,0.8621120452880859,0.30795878171920776,0.25316861271858215,0.03134701028466225,10508864,0,0,0.8570082634687424,0.8105502426624298,0.3003171384334564,0.4862261414527893,1.0,1.0,1.0,0.13892248272895813,0.002691256580874324,0.003679318819195032,0.08989917486906052,0.09362947940826416,0.552632749080658,0.09446193277835846,1.0,0.13788793981075287,0.1921943873167038,0.2580210864543915,0.321284681558609
164401,7.232678413391113,16.722177505493164,0.5637582242488861,0.19450129207504735,0.8638710379600525,0.3001128137111664,0.24315211176872253,0.03175082802772522,10521664,0,1,0.8605317771434784,0.8166953176259995,0.2912658452987671,0.4244820177555084,1.0,1.0,1.0,0.5775010585784912,0.0025401092134416103,0.0037338496185839176,0.09049559384584427,0.09061093628406525,0.5372722148895264,0.09410201013088226,1.0,0.1361289769411087,0.19470588862895966,0.259988933801651,0.32371458411216736
164601,6.722830772399902,16.257104873657227,0.5427578985691071,0.20282797509813127,0.861903727054596,0.3191458284854889,0.26734310388565063,0.030280061066150665,10534464,0,0,0.8566045314073563,0.807633712887764,0.29206737875938416,0.4698870778083801,1.0,1.0,1.0,0.31093406677246094,0.002493462758138776,0.0037274069618433714,0.09035328775644302,0.09281837195158005,0.5505729913711548,0.09420206397771835,1.0,0.13809628784656525,0.1925167739391327,0.2598712146282196,0.3215365409851074
164801,6.778982162475586,16.3183536529541,0.5441759824752808,0.2064216359708272,0.8584516644477844,0.31427568197250366,0.25325602293014526,0.02859305404126644,10547264,0,0,0.8545902967453003,0.8065741658210754,0.2994101643562317,0.4791187047958374,1.0,1.0,1.0,0.3263816833496094,0.0026218523271381855,0.003752630203962326,0.09001435339450836,0.09381004422903061,0.5466181635856628,0.09459669142961502,1.0,0.14154832065105438,0.19673216342926025,0.2666943073272705,0.3310454189777374
165001,6.769316673278809,16.162439346313477,0.5393729209899902,0.2035385471836363,0.8621613383293152,0.32278841733932495,0.26837775111198425,0.02985428273677826,10560064,0,0,0.8541813641786575,0.8077372312545776,0.2987365126609802,0.4834365248680115,1.0,1.0,1.0,0.2507884204387665,0.0026522791013121605,0.0035880710929632187,0.09092848747968674,0.09328484535217285,0.5521599054336548,0.09401343017816544,1.0,0.13783866167068481,0.19364875555038452,0.26119381189346313,0.3248825669288635
165201,7.490397930145264,16.517118453979492,0.5734254121780396,0.20093109289624295,0.855808436870575,0.2823830246925354,0.2269754707813263,0.0341259241104126,10572864,0,1,0.8460548520088196,0.8088868707418442,0.31716325879096985,0.43872126936912537,1.0,1.0,1.0,0.48855775594711304,0.002378805773332715,0.00357472593896091,0.0907248854637146,0.09160389751195908,0.5406411290168762,0.09394245594739914,1.0,0.14419156312942505,0.19830305874347687,0.26912403106689453,0.33319568634033203
165401,6.790602684020996,16.25594139099121,0.555192768573761,0.2048673145413094,0.8569536209106445,0.30176085233688354,0.24591656029224396,0.032037097960710526,10585664,0,0,0.850848987698555,0.806463897228241,0.3133618235588074,0.4651174545288086,1.0,1.0,1.0,0.276167631149292,0.002703422214835882,0.0035455648321658373,0.08800192922353745,0.09376607835292816,0.5357276201248169,0.09494446218013763,1.0,0.14304636418819427,0.19925221800804138,0.2691420316696167,0.33517399430274963
165601,7.771952152252197,17.823110580444336,0.5460497438907623,0.20024557814639962,0.8632779717445374,0.317228227853775,0.2626835107803345,0.024575039744377136,10598464,0,0,0.8571290075778961,0.8111156225204468,0.28034549951553345,0.47312551736831665,0.9999989867210388,0.9997286796569824,1.0,0.6758918166160583,0.0025599917862564325,0.0034429004881531,0.08439952880144119,0.09454628825187683,0.5284618139266968,0.09504745155572891,1.0,0.13672198355197906,0.19123762845993042,0.25937896966934204,0.32454341650009155
165801,6.923970699310303,16.516462326049805,0.5660955607891083,0.19383501357450048,0.8638874888420105,0.2977919280529022,0.24546152353286743,0.034949276596307755,10611264,0,1,0.8533989936113358,0.8158990293741226,0.30947378277778625,0.4637673795223236,1.0,1.0,1.0,0.4666151702404022,0.0026618081610649824,0.003777402685955167,0.09004669636487961,0.09311404079198837,0.5459534525871277,0.09496806561946869,1.0,0.13611240684986115,0.19559307396411896,0.2640833556652069,0.32888665795326233
166001,7.165506362915039,16.745176315307617,0.5722155570983887,0.19442586951040072,0.8618953824043274,0.2896798253059387,0.22856995463371277,0.037804897874593735,10624064,0,1,0.846139132976532,0.8169535249471664,0.3132883906364441,0.42867612838745117,1.0,1.0,1.0,0.6268066167831421,0.00252548442222178,0.003883698722347617,0.09213410317897797,0.09073983132839203,0.5445533990859985,0.09407109022140503,1.0,0.13810455799102783,0.19553422927856445,0.2621437907218933,0.32703009247779846
166201,7.053187370300293,16.497339248657227,0.5458712577819824,0.20047457144740363,0.8631271719932556,0.3172559142112732,0.26056185364723206,0.0337454229593277,10636864,0,1,0.8563196659088135,0.8113882541656494,0.2906176745891571,0.4581238627433777,1.0,1.0,1.0,0.45712757110595703,0.0027816586662083864,0.003836120245978236,0.08784788101911545,0.0907200425863266,0.5481253862380981,0.09354903548955917,1.0,0.13687284290790558,0.1909516453742981,0.2581470310688019,0.3213476240634918
166401,6.564441204071045,16.02529525756836,0.5371252000331879,0.19980213197183885,0.8658847212791443,0.3287595212459564,0.2704620063304901,0.03113960474729538,10649664,0,0,0.8621406406164169,0.8134392350912094,0.2929849624633789,0.4811902642250061,1.0,1.0,1.0,0.2127659022808075,0.0024745683185756207,0.0037483801133930683,0.09109196066856384,0.09285078942775726,0.5473887920379639,0.09428020566701889,1.0,0.13411524891853333,0.18963514268398285,0.2554394006729126,0.3189823031425476
166601,6.779103755950928,15.80576229095459,0.5938441455364227,0.19214834359846145,0.8587535619735718,0.26490941643714905,0.2066236138343811,0.03169844672083855,10662464,0,0,0.8478032052516937,0.8182370960712433,0.30524060130119324,0.4820556044578552,0.9999989867210388,0.9997286796569824,1.0,0.12118744850158691,0.0023574235383421183,0.003835330717265606,0.09002681076526642,0.09328936040401459,0.5400466918945312,0.09412918984889984,1.0,0.14124642312526703,0.1968829333782196,0.26598218083381653,0.3309342563152313
166801,6.542448043823242,16.1503849029541,0.5421752333641052,0.2040328331312101,0.8610224723815918,0.3188472390174866,0.26415371894836426,0.02952830120921135,10675264,0,0,0.8521890640258789,0.8075536638498306,0.30110418796539307,0.4733812212944031,0.9999969601631165,0.9991859197616577,1.0,0.2052215039730072,0.002453520894050598,0.003470319788902998,0.09030146896839142,0.0926399976015091,0.5463259816169739,0.09395536035299301,1.0,0.13897748291492462,0.19572801887989044,0.2624356150627136,0.32643041014671326
167001,6.821306228637695,16.343122482299805,0.5549643337726593,0.19956602121768613,0.8616350293159485,0.3066706955432892,0.24552159011363983,0.030541377142071724,10688064,0,0,0.8555330634117126,0.8136176466941833,0.29442232847213745,0.46042266488075256,1.0,1.0,1.0,0.3324939012527466,0.0025541679933667183,0.003681146539747715,0.09129196405410767,0.09325408935546875,0.5400058627128601,0.09416244179010391,1.0,0.1383650004863739,0.19360458850860596,0.25903430581092834,0.3210374712944031
167201,6.535832405090332,15.870593070983887,0.5597994923591614,0.20198790203933337,0.8583070039749146,0.2985075116157532,0.24091285467147827,0.02564421482384205,10700864,0,0,0.851525068283081,0.8094859272241592,0.29486915469169617,0.48476508259773254,1.0,1.0,1.0,0.1605176478624344,0.0024772360920906067,0.003535749390721321,0.08853637427091599,0.09298600256443024,0.5481175184249878,0.0933624729514122,1.0,0.14169301092624664,0.19612635672092438,0.2630448043346405,0.3249490559101105
167401,6.5752787590026855,16.01386260986328,0.5578131675720215,0.1974381968242621,0.8627724051475525,0.304959237575531,0.2483818531036377,0.027767647057771683,10713664,0,0,0.8540555536746979,0.8131473213434219,0.29815393686294556,0.4795883893966675,1.0,1.0,1.0,0.20147985219955444,0.0025400188751518726,0.0035845558159053326,0.08908520638942719,0.09377336502075195,0.5460440516471863,0.09410776197910309,1.0,0.13722753524780273,0.19240252673625946,0.2590065598487854,0.32258862257003784
167601,6.707089424133301,16.029170989990234,0.5728906393051147,0.19411236031553972,0.8620091080665588,0.2891184687614441,0.23482586443424225,0.029916126281023026,10726464,0,0,0.8575109243392944,0.8157560080289841,0.29887762665748596,0.4836229085922241,1.0,1.0,1.0,0.21592357754707336,0.002392181195318699,0.003596031107008457,0.0910172238945961,0.0933038592338562,0.5467166900634766,0.0938728079199791,1.0,0.13799087703227997,0.1925434023141861,0.2601998746395111,0.32531774044036865
167801,7.051061630249023,16.47414779663086,0.5233091115951538,0.21313821773588593,0.858250617980957,0.3349415063858032,0.28532281517982483,0.02899717353284359,10739264,0,0,0.845128521323204,0.7980425655841827,0.2864779531955719,0.48179933428764343,0.9999877214431763,0.9978290796279907,0.9997286796569824,0.35939323902130127,0.002315996214747429,0.003596905618906021,0.08759286254644394,0.09672830998897552,0.5550063252449036,0.09774042665958405,1.0,0.141749307513237,0.19760432839393616,0.2639855444431305,0.3246386647224426
168001,6.764200210571289,15.87524700164795,0.5822289288043976,0.19609060191068978,0.8579819798469543,0.27575305104255676,0.21699127554893494,0.03520574793219566,10752064,0,0,0.8556781560182571,0.8148555308580399,0.30982035398483276,0.4783000349998474,1.0,1.0,1.0,0.14094960689544678,0.0024796805810183287,0.003530477872118354,0.09026800841093063,0.0939406007528305,0.5390589833259583,0.09454115480184555,1.0,0.14201800525188446,0.19739483296871185,0.26565080881118774,0.32940876483917236
168201,6.841978073120117,16.152685165405273,0.5830748975276947,0.19462214693830404,0.8590980768203735,0.27602317929267883,0.21649709343910217,0.03433427959680557,10764864,0,0,0.8466041088104248,0.8162706643342972,0.30804672837257385,0.4696422219276428,1.0,1.0,1.0,0.24580180644989014,0.0025229104794561863,0.004015515558421612,0.09107298403978348,0.09290795028209686,0.5414925217628479,0.09380487352609634,1.0,0.14090193808078766,0.1948179453611374,0.26466453075408936,0.3294828534126282
168401,6.650125980377197,16.252763748168945,0.5490344762802124,0.20242723086972453,0.8606528043746948,0.3116183280944824,0.2562410831451416,0.028778856620192528,10777664,0,0,0.8571030497550964,0.8089881241321564,0.28443607687950134,0.4709859788417816,1.0,1.0,1.0,0.2663688361644745,0.002654802519828081,0.0037848122883588076,0.09143954515457153,0.09349730610847473,0.5439397096633911,0.09452098608016968,1.0,0.1393471658229828,0.19276098906993866,0.2590066194534302,0.320622056722641
168601,6.564992427825928,15.952800750732422,0.5681586861610413,0.19163310174633696,0.8653111457824707,0.29715245962142944,0.2364460527896881,0.027146706357598305,10790464,0,0,0.8583793938159943,0.8197498023509979,0.29652562737464905,0.48669111728668213,1.0,1.0,1.0,0.17975172400474548,0.002475889166817069,0.0037260926328599453,0.09015756100416183,0.09415563941001892,0.5494160056114197,0.094603031873703,1.0,0.1346888393163681,0.19155597686767578,0.2582746148109436,0.322253555059433
168801,6.663624286651611,16.391185760498047,0.5460070967674255,0.19863097285049466,0.8646641969680786,0.3186571002006531,0.2640957832336426,0.02684398554265499,10803264,0,0,0.8561603128910065,0.8118084073066711,0.2943882644176483,0.4710862338542938,1.0,1.0,1.0,0.34413328766822815,0.0026145698502659798,0.0034067356027662754,0.08898165822029114,0.09259858727455139,0.5481082797050476,0.09407307952642441,1.0,0.13533581793308258,0.19076231122016907,0.2561566233634949,0.32015886902809143
169001,7.7180328369140625,16.98626136779785,0.6056076884269714,0.1844658097910872,0.8630174994468689,0.25740981101989746,0.19893117249011993,0.03644343093037605,10816064,0,1,0.861846461892128,0.8251071125268936,0.31105878949165344,0.4109593331813812,1.0,1.0,1.0,0.8409638404846191,0.002528885845094919,0.003706057323142886,0.09158141911029816,0.09060271829366684,0.5328627228736877,0.09424480050802231,1.0,0.1369825005531311,0.19236303865909576,0.25817954540252686,0.3232996165752411
169201,7.041905879974365,16.618505477905273,0.5581143200397491,0.20494421786671257,0.856132984161377,0.2980186641216278,0.24783332645893097,0.028599556535482407,10828864,0,0,0.8464621156454086,0.80555260181427,0.29009562730789185,0.47668105363845825,0.9999948740005493,0.9991859197616577,0.9997286796569824,0.4264566898345947,0.0023745615035295486,0.003888562321662903,0.0873766839504242,0.09609077870845795,0.5501711368560791,0.09662726521492004,1.0,0.14386701583862305,0.1960594654083252,0.26412373781204224,0.3261439800262451
169401,6.754538536071777,16.318607330322266,0.5690124034881592,0.18822485890897087,0.8680641055107117,0.2990517020225525,0.24671240150928497,0.03537905216217041,10841664,0,0,0.8615637719631195,0.8207812905311584,0.28675130009651184,0.47113990783691406,1.0,1.0,1.0,0.3204103708267212,0.0024078176356852055,0.0042502195574343204,0.08848027139902115,0.09253770112991333,0.5461753010749817,0.09449513256549835,1.0,0.13193587958812714,0.18642769753932953,0.2519932985305786,0.3156702220439911
169601,6.544044494628906,15.845983505249023,0.5460764467716217,0.21048204830078757,0.8544183969497681,0.30834195017814636,0.253067284822464,0.030463531613349915,10854464,0,0,0.850386843085289,0.8011856377124786,0.295492947101593,0.48803144693374634,1.0,1.0,1.0,0.1554386019706726,0.002489319536834955,0.0035036117769777775,0.08840420097112656,0.09341873973608017,0.5434356331825256,0.09389126300811768,1.0,0.1455816626548767,0.20115868747234344,0.2710144519805908,0.3345474898815155
169801,6.468503952026367,15.830587387084961,0.5442889332771301,0.19944844706208684,0.8643965125083923,0.3201075792312622,0.26644203066825867,0.025248020887374878,10867264,0,0,0.8590493500232697,0.8110945075750351,0.28559499979019165,0.48230576515197754,1.0,1.0,1.0,0.13905692100524902,0.0025478750467300415,0.0035869718994945288,0.0887211263179779,0.0934038758277893,0.5514511466026306,0.09421033412218094,1.0,0.13560345768928528,0.18830089271068573,0.25392264127731323,0.3148406744003296
170001,7.142212390899658,16.826595306396484,0.5307297706604004,0.20409892048567285,0.8639009594917297,0.33317118883132935,0.27551692724227905,0.029766838997602463,10880064,0,1,0.8556082397699356,0.8086581826210022,0.2860667109489441,0.4316561222076416,1.0,1.0,1.0,0.6655399799346924,0.0026867499109357595,0.003975366707891226,0.09180739521980286,0.08992055058479309,0.5570468306541443,0.0941607877612114,1.0,0.1360989809036255,0.1920957863330841,0.2575904428958893,0.31903502345085144
170201,7.286545276641846,16.793598175048828,0.5614899694919586,0.19861569044379787,0.8608399033546448,0.29934993386268616,0.24305149912834167,0.031117089092731476,10892864,0,1,0.8548736721277237,0.8126110136508942,0.297538697719574,0.44191551208496094,0.9999979734420776,0.9997286796569824,1.0,0.7017130851745605,0.0024245320819318295,0.0035965321585536003,0.09178850054740906,0.09168373048305511,0.5477474927902222,0.09394807368516922,1.0,0.1391601264476776,0.19486455619335175,0.2627003490924835,0.32595980167388916
170401,6.878406047821045,16.290477752685547,0.5442878901958466,0.2038853983380052,0.8606075644493103,0.31631967425346375,0.2642269432544708,0.03379488363862038,10905664,0,0,0.8533011823892593,0.8067604750394821,0.27152174711227417,0.47717320919036865,1.0,1.0,1.0,0.3601606488227844,0.0024460514541715384,0.0040119728073477745,0.08727013319730759,0.09458228945732117,0.543133556842804,0.09524497389793396,1.0,0.13939246535301208,0.1928640753030777,0.2594241797924042,0.3207484185695648
170601,6.734133720397949,16.000062942504883,0.5281584560871124,0.2019955271007022,0.8663094639778137,0.3381510078907013,0.27978190779685974,0.02569781057536602,10918464,0,0,0.8617304414510727,0.8112033009529114,0.28441038727760315,0.4793180525302887,1.0,1.0,1.0,0.18742488324642181,0.0024763415567576885,0.0038556954823434353,0.08965970575809479,0.09126238524913788,0.5430245995521545,0.0930287167429924,1.0,0.13369052112102509,0.1907547265291214,0.2580990195274353,0.3214894235134125
170801,7.129148483276367,16.56768035888672,0.5734716057777405,0.19666100116694377,0.8596115708351135,0.28613996505737305,0.225552499294281,0.031720250844955444,10931264,0,1,0.856524869799614,0.8144597411155701,0.2936241924762726,0.4374024271965027,1.0,1.0,1.0,0.5052782297134399,0.0025476552546024323,0.0037817908450961113,0.08948551118373871,0.09229804575443268,0.5449795126914978,0.09477527439594269,1.0,0.1403883844614029,0.19319984316825867,0.25883039832115173,0.3206375539302826
171001,6.642714023590088,15.963515281677246,0.580538809299469,0.19765676968669746,0.8569846153259277,0.27644580602645874,0.21930259466171265,0.03462979570031166,10944064,0,0,0.8473182767629623,0.8128949850797653,0.30885958671569824,0.4781968593597412,1.0,1.0,1.0,0.17758551239967346,0.002406176645308733,0.003763387445360422,0.09028146415948868,0.09365233778953552,0.5446881055831909,0.0940406545996666,1.0,0.14301541447639465,0.19576822221279144,0.26530155539512634,0.32801368832588196
171201,6.665950775146484,16.18741226196289,0.5401843190193176,0.19805126255667882,0.8665947318077087,0.3264104127883911,0.26569876074790955,0.02720782905817032,10956864,0,0,0.8610598891973495,0.8147265911102295,0.28393250703811646,0.48446518182754517,1.0,1.0,1.0,0.24866840243339539,0.002519619418308139,0.0039521618746221066,0.09242303669452667,0.09373501688241959,0.5537014603614807,0.0947163999080658,1.0,0.13340523838996887,0.18977998197078705,0.25470152497291565,0.31699657440185547
171401,6.652514934539795,15.845256805419922,0.5909442901611328,0.19252303566185558,0.8591038584709167,0.26815956830978394,0.208849236369133,0.03007558546960354,10969664,0,0,0.8531920462846756,0.8172310292720795,0.2969624400138855,0.4705890417098999,1.0,1.0,1.0,0.15441828966140747,0.002412503119558096,0.003535535652190447,0.08867145329713821,0.09416258335113525,0.5370341539382935,0.09454777091741562,1.0,0.14089615643024445,0.19251401722431183,0.2604067325592041,0.3226287364959717
171601,6.817353248596191,16.46780014038086,0.5206318497657776,0.20290112044153316,0.8674734234809875,0.34684157371520996,0.29254525899887085,0.028985049575567245,10982464,0,1,0.8636358827352524,0.8087399005889893,0.27928856015205383,0.45823758840560913,1.0,1.0,1.0,0.4027813673019409,0.0025328309275209904,0.003689203877002001,0.088514044880867,0.09027624875307083,0.5448909997940063,0.0926104336977005,1.0,0.13252654671669006,0.18845848739147186,0.2548999786376953,0.3167935907840729
171801,6.675521373748779,16.054847717285156,0.5489948689937592,0.1983574545005288,0.8641573786735535,0.3151625096797943,0.258029967546463,0.031673699617385864,10995264,0,0,0.8552702963352203,0.813029021024704,0.307094007730484,0.47007742524147034,1.0,1.0,1.0,0.19546794891357422,0.0025863833725452423,0.003976857289671898,0.09216450899839401,0.09211709350347519,0.5402185320854187,0.09368464350700378,1.0,0.13584257662296295,0.192908376455307,0.2609698176383972,0.32489967346191406
172001,6.6923017501831055,15.957100868225098,0.5445638298988342,0.2040569441708663,0.8603894710540771,0.3158256411552429,0.251987487077713,0.026537712663412094,11008064,0,0,0.8561065793037415,0.8094175904989243,0.29807910323143005,0.48611336946487427,1.0,1.0,1.0,0.19457849860191345,0.0029633494559675455,0.003427887335419655,0.08942928910255432,0.09373331069946289,0.5489494800567627,0.09445493668317795,1.0,0.13961049914360046,0.19245868921279907,0.26118823885917664,0.323529452085495
172201,7.023847579956055,16.393268585205078,0.5611256957054138,0.19888872200477647,0.8606915473937988,0.299565851688385,0.23599424958229065,0.026645362377166748,11020864,0,1,0.8542419672012329,0.8138543218374252,0.3020990490913391,0.45427602529525757,1.0,1.0,1.0,0.3959565758705139,0.0024076681584119797,0.0037128780968487263,0.09160151332616806,0.09226460754871368,0.5460587739944458,0.09446379542350769,1.0,0.13930845260620117,0.194208025932312,0.2610926032066345,0.3275766372680664
172401,6.864902019500732,16.449495315551758,0.5646568834781647,0.19126331331660973,0.8664606809616089,0.3018037974834442,0.2448280155658722,0.03243245184421539,11033664,0,0,0.8607992678880692,0.8192839324474335,0.29628831148147583,0.4711548388004303,1.0,1.0,1.0,0.30625486373901367,0.002482492011040449,0.0038316615391522646,0.09023185074329376,0.09377790242433548,0.5406820178031921,0.09505501389503479,1.0,0.13353930413722992,0.18812774121761322,0.2557860016822815,0.3196219503879547
172601,7.134346961975098,16.670825958251953,0.5579856932163239,0.1969659869425057,0.8631387948989868,0.30515310168266296,0.24405430257320404,0.029171736910939217,11046464,0,1,0.8542540520429611,0.8154825121164322,0.3088667392730713,0.4384888708591461,0.9999989867210388,0.9997286796569824,1.0,0.494331955909729,0.002460392890498042,0.0035414209123700857,0.09103583544492722,0.09176304191350937,0.5410345196723938,0.09423371404409409,1.0,0.1368611752986908,0.19441814720630646,0.2626042366027832,0.32689976692199707
172801,7.078337669372559,16.56377601623535,0.5913456082344055,0.19382270561694326,0.8578275442123413,0.2664819359779358,0.20726586878299713,0.040457263588905334,11059264,0,1,0.8515317291021347,0.8169380277395248,0.325570285320282,0.43544504046440125,1.0,1.0,1.0,0.446129709482193,0.002588809933513403,0.0039732931181788445,0.09406297653913498,0.09194986522197723,0.5349273085594177,0.09495861828327179,1.0,0.1421724408864975,0.1995265781879425,0.26925724744796753,0.335631787776947
