step,loss,loss_tau_ref,gap,gap_ratio,ff,fp,tp,cross_batch,hf_rows_consumed,synth_rows_consumed,mixup_applied,r2_random,r2_naive,u_temporal,u_batch,auc,top1,top3,cpc_aux,sigreg_e,sigreg_h,u_temporal_e,u_batch_e,u_batchtime,u_batchtime_e,ema_tau,cos_err_d0,cos_err_d1,cos_err_d2,cos_err_d3
40001,14.866209983825684,22.511518478393555,0.0815577507019043,0.8014928166359834,0.670702338218689,0.5891445875167847,0.4286874234676361,0.046924952417612076,2560064,0,0,0.6397484540939331,0.42225760221481323,0.08832167088985443,0.1656743586063385,0.9473870992660522,0.1696065217256546,0.33894166350364685,,0.0006294207996688783,0.001218222314491868,0.08020446449518204,0.12787902355194092,0.16341765224933624,0.12717507779598236,0.9,0.32929760217666626,0.4021512567996979,0.42850586771965027,0.43973422050476074
40201,14.689455032348633,20.498455047607422,0.28276070952415466,0.5173302251052331,0.6969342827796936,0.41417357325553894,0.2769114375114441,0.00895611196756363,2572864,0,1,0.6825004518032074,0.580830991268158,0.08903094381093979,0.1493460237979889,0.9678817391395569,0.28738129138946533,0.49389418959617615,,0.00029000273207202554,0.0004777763970196247,0.0794064924120903,0.11140668392181396,0.1492706537246704,0.11144751310348511,0.9,0.303065687417984,0.38231995701789856,0.41106706857681274,0.42568156123161316
40401,15.247528076171875,20.1505069732666,0.3092469871044159,0.5516130937737973,0.6195591688156128,0.3103121817111969,0.17645038664340973,0.017842885106801987,2585664,0,1,0.6109578609466553,0.5377151668071747,0.10089714825153351,0.13612206280231476,0.954212486743927,0.23120760917663574,0.41031208634376526,,0.00030714014428667724,0.0005508387694135308,0.08520964533090591,0.10047505050897598,0.1399250328540802,0.10259583592414856,0.9,0.3804408609867096,0.4548760950565338,0.47626379132270813,0.4894837737083435
40601,14.832757949829102,21.421436309814453,0.2814689874649048,0.5431199108195534,0.6654014587402344,0.3839324712753296,0.25572583079338074,0.03825567290186882,2598464,0,0,0.6488297879695892,0.5498399138450623,0.09012237936258316,0.16059206426143646,0.9582480788230896,0.2594301402568817,0.4458616077899933,,0.00029516941867768764,0.0008406303822994232,0.08099497109651566,0.1177150309085846,0.15876233577728271,0.11724230647087097,0.9,0.33459851145744324,0.4028152823448181,0.42163822054862976,0.4317905604839325
40801,14.635003089904785,22.36764907836914,0.2669009864330292,0.5381722302911759,0.6889777779579163,0.4220767915248871,0.29853910207748413,0.024050600826740265,2611264,0,0,0.690320611000061,0.5564689934253693,0.08596815168857574,0.16014447808265686,0.9598875641822815,0.25291723012924194,0.44667571783065796,,0.0005252395058050752,0.0008842438110150397,0.07624590396881104,0.12396931648254395,0.1562218964099884,0.1217980831861496,0.9,0.31102219223976135,0.37965425848960876,0.3951675295829773,0.4064937233924866
41001,15.10319995880127,21.432109832763672,0.17601561546325684,0.671304607219818,0.6405179500579834,0.46450233459472656,0.3212500214576721,0.017347000539302826,2624064,0,0,0.6296274960041046,0.46997666358947754,0.09610966593027115,0.16339677572250366,0.9587352871894836,0.22795116901397705,0.4105834662914276,,0.00043554563308134675,0.0007330040680244565,0.08397773653268814,0.12024541944265366,0.16344647109508514,0.11969589442014694,0.9,0.3594820499420166,0.4377361536026001,0.4599820077419281,0.47300732135772705
41201,15.00275993347168,20.53566551208496,0.3510211110115051,0.49308770476507235,0.6585519909858704,0.30753087997436523,0.17208757996559143,0.03629457950592041,2636864,0,1,0.6483325362205505,0.5868441462516785,0.09426692873239517,0.13907481729984283,0.9535267949104309,0.2597014904022217,0.43663501739501953,,0.00041161314584314823,0.0009674050961621106,0.08303292840719223,0.10391619801521301,0.13914181292057037,0.10474560409784317,0.9,0.3414479196071625,0.4229270815849304,0.4472504258155823,0.46231579780578613
41401,14.922079086303711,22.091062545776367,0.08035367727279663,0.80679071840561,0.6644643545150757,0.584110677242279,0.43389496207237244,0.021654020994901657,2649664,0,0,0.6468259990215302,0.4057408571243286,0.08828161656856537,0.1677044928073883,0.9623834490776062,0.22659431397914886,0.39240163564682007,,0.0006093025440350175,0.0009830717463046312,0.07712506502866745,0.1260889619588852,0.16690942645072937,0.12578809261322021,0.9,0.33553561568260193,0.4150887429714203,0.4378756284713745,0.44685912132263184
41601,15.318887710571289,20.133285522460938,0.1961664855480194,0.6581265677356593,0.6223679184913635,0.4262014329433441,0.2751891613006592,0.02729186788201332,2662464,0,0,0.6022132039070129,0.47810715436935425,0.0968090295791626,0.15015456080436707,0.9507997632026672,0.20651289820671082,0.37856176495552063,,0.0003331033221911639,0.0007832092815078795,0.0884484127163887,0.1120784729719162,0.15034380555152893,0.11235296726226807,0.9,0.3776320517063141,0.45929038524627686,0.48874685168266296,0.5054624080657959
41801,14.886025428771973,20.696990966796875,0.3203074634075165,0.5103251365444277,0.6661847233772278,0.3458772599697113,0.20608538389205933,0.0246854480355978,2675264,0,0,0.6427159309387207,0.5795151591300964,0.09263758361339569,0.15002495050430298,0.9611468315124512,0.25535959005355835,0.4746268689632416,,0.0003865162725560367,0.0007441127672791481,0.0810714140534401,0.11292456090450287,0.1484374850988388,0.11242607980966568,0.9,0.33381524682044983,0.4085812270641327,0.4304901957511902,0.4430197477340698
42001,15.22894287109375,20.455717086791992,0.22293409705162048,0.6245218887980643,0.6292001605033875,0.40626606345176697,0.24292634427547455,0.10004937648773193,2688064,0,1,0.6027486026287079,0.5089559853076935,0.09799938648939133,0.14274543523788452,0.9392768144607544,0.21601086854934692,0.3647218644618988,,0.00031991800642572343,0.0021676328033208847,0.08918057382106781,0.10340273380279541,0.15157568454742432,0.10854621976613998,0.9,0.3707997798919678,0.4545000195503235,0.4710560441017151,0.47571390867233276
42201,15.127435684204102,20.108800888061523,0.1666003167629242,0.6783505122607535,0.648644208908081,0.48204389214515686,0.33630073070526123,0.02218437008559704,2700864,0,0,0.6124144494533539,0.469535231590271,0.0938287079334259,0.1552015095949173,0.9595915675163269,0.252645879983902,0.44151967763900757,,0.00030394684290513396,0.0006853770464658737,0.08826170116662979,0.11518654972314835,0.15503057837486267,0.11571681499481201,0.9,0.35135582089424133,0.4345285892486572,0.46813562512397766,0.48212411999702454
42401,15.293705940246582,20.209564208984375,0.07507890462875366,0.8341928978645152,0.6222701668739319,0.5471912622451782,0.3497856557369232,0.013002557680010796,2713664,0,1,0.6209521293640137,0.4186992645263672,0.09694691747426987,0.15803784132003784,0.9524866342544556,0.18317504227161407,0.3405698835849762,,0.00031802631565369666,0.0006165225058794022,0.09081027656793594,0.11543251574039459,0.15956616401672363,0.11621398478746414,0.9,0.37772974371910095,0.46609243750572205,0.48568785190582275,0.4954413175582886
42601,14.751307487487793,21.228160858154297,0.26941820979118347,0.542573791311327,0.6804309487342834,0.4110127389431,0.284858763217926,0.04340866953134537,2726464,0,0,0.6728969514369965,0.5527158677577972,0.08749499171972275,0.1665244996547699,0.964962363243103,0.2602442502975464,0.47869744896888733,,0.00028654554625973105,0.0010599334491416812,0.08074849843978882,0.12016372382640839,0.1644425094127655,0.11958163976669312,0.9,0.31956905126571655,0.38718315958976746,0.4132538139820099,0.42942723631858826
42801,15.595010757446289,20.59149169921875,0.21723613142967224,0.6541207345917985,0.5891668796539307,0.3719307482242584,0.20365706086158752,0.1523180454969406,2739264,0,1,0.5493731200695038,0.48289763927459717,0.10702303797006607,0.131033793091774,0.9084937572479248,0.13107192516326904,0.24341927468776703,,0.0005160646396689117,0.0031005623750388622,0.09450043737888336,0.09864012897014618,0.13885091245174408,0.10310722887516022,0.9,0.41083312034606934,0.4991050064563751,0.5100409388542175,0.5139046907424927
43001,15.461702346801758,20.324214935302734,0.16466081142425537,0.6970861254359825,0.6210712790489197,0.4564104676246643,0.29637661576271057,0.05565757676959038,2752064,0,1,0.5847690999507904,0.460279643535614,0.10188295692205429,0.14090517163276672,0.9457702040672302,0.17584803700447083,0.33432838320732117,,0.00037634247564710677,0.0011964549776166677,0.08787616342306137,0.1028398796916008,0.14977778494358063,0.10756917297840118,0.9,0.37892863154411316,0.4806675314903259,0.5132550001144409,0.5254384875297546
43201,15.692463874816895,20.003555297851562,0.17564478516578674,0.7072964601345788,0.575567364692688,0.39992257952690125,0.23633219301700592,0.028311841189861298,2764864,0,0,0.5698115527629852,0.4432309865951538,0.10874618589878082,0.14866572618484497,0.9413223266601562,0.1530529260635376,0.3145183324813843,,0.00028613422182388604,0.0007077843765728176,0.09400538355112076,0.10955974459648132,0.14988110959529877,0.11011422425508499,0.9,0.4244326055049896,0.5104979276657104,0.536408543586731,0.5485715866088867
43401,14.942459106445312,21.46300506591797,0.12738603353500366,0.7313400395777535,0.6532326340675354,0.5258466005325317,0.35190871357917786,0.013006588444113731,2777664,0,0,0.6423591673374176,0.4640219211578369,0.090536929666996,0.16498854756355286,0.9601035118103027,0.2154681235551834,0.385074645280838,,0.0003520878963172436,0.0006620868807658553,0.08466794341802597,0.12362007051706314,0.1638375222682953,0.1226242333650589,0.9,0.3467674255371094,0.42018142342567444,0.4387780427932739,0.444595068693161
43601,15.279797554016113,20.480926513671875,0.2044115662574768,0.6506414037352449,0.6193062663078308,0.414894700050354,0.24655964970588684,0.04388786107301712,2790464,0,1,0.595391184091568,0.49415749311447144,0.09224975109100342,0.14591510593891144,0.9421323537826538,0.2225237488746643,0.3666214644908905,,0.00032528169685974717,0.0012202431680634618,0.08868380635976791,0.11063956469297409,0.1485973447561264,0.11248371750116348,0.9,0.3806937336921692,0.46316462755203247,0.47788870334625244,0.4860970675945282
43801,15.288097381591797,19.986013412475586,0.09214341640472412,0.8045934339824218,0.6205962300300598,0.5284528136253357,0.35090652108192444,0.04842325672507286,2803264,0,0,0.6093143820762634,0.4149237871170044,0.09933091700077057,0.1575193703174591,0.9549998641014099,0.19294437766075134,0.3820895552635193,,0.0003003664605785161,0.0011880062520503998,0.0891295000910759,0.11095735430717468,0.1589764803647995,0.11179523169994354,0.9,0.3794037401676178,0.45924434065818787,0.4817386269569397,0.49137529730796814
44001,14.950550079345703,20.292512893676758,0.12545126676559448,0.7247073109703468,0.6697498559951782,0.5442985892295837,0.39589330554008484,0.03898932412266731,2816064,0,0,0.6498032510280609,0.4517139196395874,0.09356905519962311,0.15281879901885986,0.9613842368125916,0.21981005370616913,0.42442336678504944,,0.00028051668778061867,0.0008848890429362655,0.08248723298311234,0.1091037392616272,0.15463154017925262,0.10999523848295212,0.9,0.33025017380714417,0.4073178470134735,0.4447191059589386,0.46513351798057556
44201,15.37313175201416,20.152347564697266,0.11200612783432007,0.7741537787021893,0.6160663366317749,0.5040602087974548,0.32553407549858093,0.08310277760028839,2828864,0,0,0.5959005653858185,0.4297756552696228,0.0983036532998085,0.1551092267036438,0.939167857170105,0.1964721977710724,0.3500678539276123,,0.0005685416981577873,0.0016793988179415464,0.08856724947690964,0.11228293925523758,0.15662522614002228,0.11335831880569458,0.9,0.3839336633682251,0.463928759098053,0.49118220806121826,0.5060269832611084
44401,15.40740966796875,20.404462814331055,0.22293025255203247,0.6224047036403886,0.6325355768203735,0.40960532426834106,0.23739011585712433,0.06116393208503723,2841664,0,1,0.6109706163406372,0.517387181520462,0.09943253546953201,0.13453169167041779,0.9436074495315552,0.18833108246326447,0.33242878317832947,,0.0005321288481354713,0.0012413838412612677,0.08590241521596909,0.09847137331962585,0.1434643566608429,0.10349064320325851,0.9,0.3674643933773041,0.47245633602142334,0.505541205406189,0.5225289463996887
44601,15.969768524169922,20.02571678161621,0.17238670587539673,0.720746286079871,0.5550745725631714,0.38268786668777466,0.21401244401931763,0.05291375517845154,2854464,0,1,0.5153871774673462,0.43335431814193726,0.11507570743560791,0.13803203403949738,0.9383650422096252,0.14192673563957214,0.29416555166244507,,0.0004576490609906614,0.0010156192583963275,0.09534177929162979,0.09892110526561737,0.14336425065994263,0.10151726752519608,0.9,0.4449254274368286,0.5488532781600952,0.5745602250099182,0.5849793553352356
44801,15.602642059326172,20.255115509033203,0.20845067501068115,0.6647200508649808,0.5867294073104858,0.3782787322998047,0.19149039685726166,0.062436725944280624,2867264,0,0,0.5683468282222748,0.4886544942855835,0.11011252552270889,0.14482194185256958,0.9429865479469299,0.20298507809638977,0.3704206347465515,,0.00038789171958342195,0.0013888957910239697,0.09268859773874283,0.10228674113750458,0.1456810086965561,0.10261973738670349,0.9,0.413270503282547,0.5004326701164246,0.518996000289917,0.5286145210266113
45001,15.29202651977539,21.425416946411133,0.1582586169242859,0.6988856517168289,0.6326821446418762,0.47442352771759033,0.33221355080604553,0.03154100850224495,2880064,0,0,0.621338963508606,0.44880014657974243,0.09689433127641678,0.1538524627685547,0.9567822217941284,0.20678426325321198,0.3761194050312042,,0.0003720517852343619,0.0007690443890169263,0.08121857792139053,0.11074639856815338,0.15447868406772614,0.11095421016216278,0.9,0.3673178553581238,0.45532771944999695,0.49045035243034363,0.5083637833595276
45201,15.283324241638184,20.086395263671875,0.20288008451461792,0.6530522670749872,0.6181231737136841,0.41524308919906616,0.2419213503599167,0.023686019703745842,2892864,0,0,0.6143381595611572,0.4962160587310791,0.10175488144159317,0.14786574244499207,0.9503546357154846,0.22143827378749847,0.39511534571647644,,0.00034079357283189893,0.0006403783336281776,0.08974404633045197,0.10777737945318222,0.14964617788791656,0.10855807363986969,0.9,0.3818768262863159,0.4632784128189087,0.4809455871582031,0.48938143253326416
45401,14.460487365722656,21.587066650390625,0.37044355273246765,0.4312140199490217,0.7191554307937622,0.34871187806129456,0.23816049098968506,0.013269465416669846,2905664,0,0,0.7136324346065521,0.6316562294960022,0.08248532563447952,0.15713894367218018,0.9698676466941833,0.3066485822200775,0.5210312008857727,,0.0004561684327200055,0.000659969518892467,0.07277309149503708,0.11365143209695816,0.15315735340118408,0.11220555007457733,0.9,0.2808445394039154,0.3514622747898102,0.3799913823604584,0.3952794671058655
45601,15.276667594909668,21.794635772705078,0.15300637483596802,0.709016492860137,0.6271814703941345,0.4741750955581665,0.3175157606601715,0.04619048908352852,2918464,0,0,0.6186365485191345,0.45278680324554443,0.09890997409820557,0.1537012755870819,0.9437914490699768,0.1473541408777237,0.28928089141845703,,0.0005555602838285267,0.0012181936763226986,0.08603069931268692,0.11159464716911316,0.15311025083065033,0.11117050796747208,0.9,0.37281858921051025,0.4568308889865875,0.48273998498916626,0.49384796619415283
45801,14.928760528564453,20.685707092285156,0.29672971367836,0.5251405952165028,0.6718506217002869,0.3751209080219269,0.22645655274391174,0.05197839066386223,2931264,0,1,0.6586455702781677,0.5754708051681519,0.09251932799816132,0.13919582962989807,0.9537128806114197,0.23202171921730042,0.4401628375053406,,0.0004931196453981102,0.001215631142258644,0.07782686501741409,0.10092044621706009,0.14062780141830444,0.10163295269012451,0.9,0.32814937829971313,0.4059990346431732,0.43933531641960144,0.45447635650634766
46001,15.113415718078613,21.53069496154785,0.17168912291526794,0.6751998987869944,0.643089771270752,0.471400648355484,0.3135862350463867,0.026612982153892517,2944064,0,0,0.6233682632446289,0.4788779020309448,0.09738073498010635,0.15105827152729034,0.9511472582817078,0.20000000298023224,0.37014925479888916,,0.0005106526659801602,0.0007677123649045825,0.08689533919095993,0.11593389511108398,0.15204977989196777,0.11631110310554504,0.9,0.35691025853157043,0.43466657400131226,0.46232202649116516,0.47669678926467896
46201,15.418885231018066,20.57040786743164,0.12289276719093323,0.7637699515457652,0.6026678085327148,0.4797750413417816,0.3099174499511719,0.018294142559170723,2956864,0,0,0.5912167131900787,0.42439860105514526,0.0978407934308052,0.14785000681877136,0.9369331002235413,0.17177748680114746,0.30881956219673157,,0.00030704657547175884,0.000693216803483665,0.08774583786725998,0.10857957601547241,0.14843584597110748,0.10908380895853043,0.9,0.39733216166496277,0.47381913661956787,0.5002931356430054,0.5127081274986267
46401,14.765385627746582,20.711938858032227,0.21018671989440918,0.5997949463606781,0.6849891543388367,0.4748024344444275,0.33017823100090027,0.025859985500574112,2969664,0,0,0.6823306977748871,0.5293408036231995,0.08876688033342361,0.1636909544467926,0.969897449016571,0.27896881103515625,0.4751696288585663,,0.00030671231797896326,0.0007214582874439657,0.07913334667682648,0.11882641166448593,0.1626288741827011,0.11850140243768692,0.9,0.31501081585884094,0.3857596218585968,0.4188043773174286,0.4345555305480957
46601,14.879133224487305,21.319622039794922,0.19155779480934143,0.6312382815151191,0.672095537185669,0.4805377423763275,0.3303868770599365,0.0554315522313118,2982464,0,0,0.6577736139297485,0.5092978775501251,0.08593960851430893,0.1563052237033844,0.9473727345466614,0.21004071831703186,0.38018998503685,,0.0003637701738625765,0.001296858536079526,0.07936868071556091,0.12054400891065598,0.15590570867061615,0.12058913707733154,0.9,0.32790446281433105,0.395548015832901,0.42984527349472046,0.4490774869918823
46801,14.610544204711914,21.44301986694336,0.2207440435886383,0.5826581971580752,0.6918153762817383,0.4710713326931,0.31424397230148315,0.03651333972811699,2995264,0,0,0.6912373006343842,0.5505067110061646,0.08342908322811127,0.1623557209968567,0.9604940414428711,0.20949797332286835,0.38371777534484863,,0.000354528718162328,0.0011403542011976242,0.08233761787414551,0.11826463788747787,0.16076752543449402,0.11748842895030975,0.9,0.30818459391593933,0.37832215428352356,0.3918512165546417,0.39928770065307617
47001,15.371726989746094,20.200572967529297,0.07473653554916382,0.8350060319789628,0.6217712759971619,0.547034740447998,0.36146804690361023,0.04809565842151642,3008064,0,1,0.6055787205696106,0.4064258337020874,0.09901408106088638,0.14079317450523376,0.9470530152320862,0.18127544224262238,0.33188602328300476,,0.00038183765718713403,0.0011116688838228583,0.08653062582015991,0.10413855314254761,0.14865735173225403,0.10804367810487747,0.9,0.37822872400283813,0.46449989080429077,0.4969108998775482,0.5153968334197998
47201,15.142829895019531,20.84893035888672,0.1721780002117157,0.6718952897243075,0.6474125981330872,0.47523459792137146,0.30040568113327026,0.016975775361061096,3020864,0,0,0.6538517475128174,0.4948500394821167,0.09243922680616379,0.15244513750076294,0.9534538388252258,0.23636364936828613,0.39755767583847046,,0.0004267122130841017,0.0006576292216777802,0.0810982882976532,0.11197401583194733,0.15272963047027588,0.11217599362134933,0.9,0.35258740186691284,0.444367378950119,0.47053515911102295,0.48168420791625977
47401,15.302545547485352,20.200374603271484,0.16832739114761353,0.6895002597516829,0.6262097358703613,0.4578823447227478,0.285579115152359,0.030919527634978294,3033664,0,1,0.6204752027988434,0.4742453694343567,0.09950162470340729,0.13990825414657593,0.9563844203948975,0.20678426325321198,0.3910447955131531,,0.0003672570164781064,0.000782586052082479,0.0858849510550499,0.09995914995670319,0.14997117221355438,0.1052292138338089,0.9,0.3737902045249939,0.4668866991996765,0.48738574981689453,0.4969184398651123
47601,15.449479103088379,20.748672485351562,0.11217164993286133,0.7824565913782007,0.5965428352355957,0.4843711853027344,0.3143197298049927,0.012878824025392532,3046464,0,0,0.5944805443286896,0.409831166267395,0.09838344901800156,0.15814128518104553,0.9502426385879517,0.14626866579055786,0.2998643219470978,,0.0003092390252277255,0.0005599482683464885,0.0861528068780899,0.11376294493675232,0.15811516344547272,0.11403607577085495,0.9,0.4034572243690491,0.4864383339881897,0.5032665133476257,0.5090309381484985
47801,15.067994117736816,20.388517379760742,0.12650656700134277,0.7367809970888045,0.6458932161331177,0.5193866491317749,0.35212793946266174,0.04076530039310455,3059264,0,1,0.6370158493518829,0.4507378339767456,0.09180433303117752,0.14391644299030304,0.9555836915969849,0.19050204753875732,0.3500678539276123,,0.0007427575765177608,0.0012290478916838765,0.08506739139556885,0.10573755204677582,0.15171492099761963,0.10954292863607407,0.9,0.35410675406455994,0.43428662419319153,0.45375511050224304,0.46176832914352417
48001,15.308324813842773,20.39078712463379,0.09095364809036255,0.8000704886448426,0.636025071144104,0.5450714230537415,0.37263116240501404,0.04723351448774338,3072064,0,1,0.6240988075733185,0.41820788383483887,0.09888278692960739,0.14487025141716003,0.9437893629074097,0.15902307629585266,0.3104477822780609,,0.00043448590440675616,0.000987836392596364,0.08574600517749786,0.10496538877487183,0.15158694982528687,0.10871830582618713,0.9,0.3639748990535736,0.45469409227371216,0.494564950466156,0.5083200931549072
48201,15.158047676086426,20.553770065307617,0.11550593376159668,0.7564165605787273,0.6413114070892334,0.5258054733276367,0.3630066215991974,0.01631947234272957,3084864,0,0,0.6454964578151703,0.43641239404678345,0.09442729502916336,0.15626485645771027,0.9570227861404419,0.21329715847969055,0.3907734155654907,,0.0003931187966372818,0.0006880687433294952,0.08777943253517151,0.11178628355264664,0.1571972370147705,0.11223824322223663,0.9,0.3586885929107666,0.445181667804718,0.4703272879123688,0.48071303963661194
48401,14.293662071228027,20.860530853271484,0.29808858036994934,0.4837040325694809,0.7207286953926086,0.4226401150226593,0.2984640300273895,0.04680401086807251,3097664,0,0,0.7068785130977631,0.602160781621933,0.07720496505498886,0.15469884872436523,0.9731580018997192,0.30691996216773987,0.5251017808914185,,0.0007738081039860845,0.0014435206539928913,0.07190726697444916,0.11374969780445099,0.15364240109920502,0.11286787688732147,0.9,0.27927127480506897,0.3302525579929352,0.34596702456474304,0.3553776144981384
48601,15.9089937210083,20.48858070373535,0.13553676009178162,0.7636987160825311,0.5619606971740723,0.42642393708229065,0.2588360607624054,0.08074061572551727,3110464,0,0,0.5372077822685242,0.40826135873794556,0.10468205064535141,0.131917804479599,0.8997215032577515,0.10257802158594131,0.20434193313121796,,0.00039099864079616964,0.001760857063345611,0.08745543658733368,0.10124146938323975,0.13301794230937958,0.10201207548379898,0.9,0.4380393326282501,0.5361326932907104,0.5668739676475525,0.5772542357444763
48801,15.324319839477539,20.296388626098633,0.21135103702545166,0.6412573811018499,0.6222071051597595,0.41085606813430786,0.2312660813331604,0.032051265239715576,3123264,0,0,0.6100074350833893,0.5080088973045349,0.10057216882705688,0.13595137000083923,0.9478301405906677,0.19023066759109497,0.34138399362564087,,0.00040225114207714796,0.0009505694033578038,0.08642532676458359,0.10035838186740875,0.13649694621562958,0.10074779391288757,0.9,0.3777928948402405,0.46555665135383606,0.4904538691043854,0.5004698038101196
49001,14.744235038757324,20.58556365966797,0.30465593934059143,0.5120908440974633,0.6802447438240051,0.3755888044834137,0.22956876456737518,0.021185124292969704,3136064,0,0,0.6658187508583069,0.5843995213508606,0.08813098818063736,0.1417066901922226,0.9647424221038818,0.2499321699142456,0.4572591781616211,,0.000370753463357687,0.0008909616153687239,0.07542982697486877,0.10247193276882172,0.14161713421344757,0.1022859737277031,0.9,0.31975528597831726,0.39034396409988403,0.411329060792923,0.4242272675037384
49201,14.919901847839355,22.102556228637695,0.10270267724990845,0.764170614686703,0.6672070026397705,0.5645043253898621,0.4027358889579773,0.034682679921388626,3148864,0,0,0.6364958882331848,0.4410867691040039,0.08975904434919357,0.14734303951263428,0.9498016834259033,0.16336500644683838,0.32673001289367676,,0.0007348202634602785,0.0012669360730797052,0.07909847050905228,0.11130034923553467,0.14671441912651062,0.11140279471874237,0.9,0.3327929973602295,0.4153178632259369,0.436414510011673,0.44494757056236267
49401,14.910470008850098,20.488903045654297,0.18073898553848267,0.6500007387123597,0.6643407940864563,0.48360180854797363,0.33505335450172424,0.016688557341694832,3161664,0,1,0.6547978222370148,0.49398940801620483,0.08815376460552216,0.14272822439670563,0.9597220420837402,0.238534614443779,0.4222523868083954,,0.0004067016707267612,0.0007561888778582215,0.08088057488203049,0.11011584848165512,0.14716622233390808,0.11317472904920578,0.9,0.3356592357158661,0.40914812684059143,0.43691712617874146,0.4474591016769409
49601,15.482772827148438,20.2054443359375,0.17761051654815674,0.6850812526321963,0.6136221289634705,0.4360116124153137,0.26714345812797546,0.05875151604413986,3174464,0,1,0.5882236957550049,0.4720489978790283,0.10392150282859802,0.1367715299129486,0.9492558240890503,0.20461329817771912,0.3799186050891876,,0.00036478060064837337,0.0011602978920564055,0.08464182168245316,0.09673115611076355,0.1413758397102356,0.09888605028390884,0.9,0.38637784123420715,0.4842096269130707,0.5127301216125488,0.5236291885375977
49801,15.22767162322998,20.103099822998047,0.26430344581604004,0.5854890177318144,0.6266763210296631,0.36237287521362305,0.22556696832180023,0.04248592630028725,3187264,0,0,0.6042386293411255,0.5172339379787445,0.09933508187532425,0.1439093053340912,0.9519592523574829,0.21601086854934692,0.39430123567581177,,0.00033609126694500446,0.000997686991468072,0.08510209619998932,0.10432381927967072,0.14420071244239807,0.10437969863414764,0.9,0.3733236789703369,0.44913914799690247,0.4733860194683075,0.4832285940647125
50001,15.322332382202148,20.2829647064209,0.13245654106140137,0.7400407231148715,0.6229285001754761,0.4904719591140747,0.32926860451698303,0.05658615753054619,3200064,0,1,0.5807042419910431,0.4355374574661255,0.09992963075637817,0.14548569917678833,0.9501296281814575,0.19185888767242432,0.35359567403793335,,0.00042495044181123376,0.0013828533701598644,0.08267371356487274,0.10022871196269989,0.15301531553268433,0.10392367094755173,0.9,0.3770715296268463,0.4681307375431061,0.4881139397621155,0.49700117111206055
50201,15.493965148925781,20.105846405029297,0.1350877285003662,0.7438990311334307,0.6076093316078186,0.4725216031074524,0.2930052876472473,0.014220725744962692,3212864,0,0,0.6003545522689819,0.44400423765182495,0.09953294694423676,0.1443459540605545,0.9477807283401489,0.17611941695213318,0.3283582329750061,,0.0003675399348139763,0.0005004805861972272,0.08686340600252151,0.10328247398138046,0.1469908505678177,0.10480669885873795,0.9,0.39239072799682617,0.48572635650634766,0.5155079364776611,0.5289298295974731
50401,15.295029640197754,20.23066520690918,0.23246291279792786,0.6177087848952997,0.6243848204612732,0.39192190766334534,0.23853814601898193,0.03940904885530472,3225664,0,0,0.6113006174564362,0.5062389969825745,0.09934176504611969,0.14399531483650208,0.9545187950134277,0.21628223359584808,0.3883310854434967,,0.0004478097544051707,0.0007973887259140611,0.08771071583032608,0.10098089277744293,0.14490292966365814,0.10137049853801727,0.9,0.3756151795387268,0.46266427636146545,0.48491817712783813,0.4916830360889435
50601,15.242155075073242,20.180212020874023,0.18130111694335938,0.6737255305786312,0.6256305575370789,0.4443294405937195,0.30525046586990356,0.019405899569392204,3238464,0,0,0.6242542266845703,0.4598162770271301,0.09587258845567703,0.14803728461265564,0.9532214999198914,0.21221168339252472,0.3953867256641388,,0.0004086216213181615,0.0006337324157357216,0.08288979530334473,0.10817515850067139,0.14766925573349,0.10831855982542038,0.9,0.37436944246292114,0.4551275372505188,0.47893649339675903,0.48686355352401733
50801,15.374391555786133,20.334882736206055,0.1347106397151947,0.7370972979377138,0.6223133206367493,0.48760268092155457,0.30258750915527344,0.07087180763483047,3251264,0,0,0.5909624993801117,0.4574536085128784,0.10315971076488495,0.13686060905456543,0.9396735429763794,0.14708277583122253,0.30447763204574585,,0.0004747668863274157,0.0015903082676231861,0.08744227886199951,0.09814579784870148,0.1395718902349472,0.09950251132249832,0.9,0.37768658995628357,0.468047559261322,0.49616238474845886,0.5066623687744141
51001,15.01045036315918,21.472227096557617,0.20790395140647888,0.6191901737611233,0.6619517803192139,0.454047828912735,0.3311794102191925,0.038943540304899216,3264064,0,0,0.6424445807933807,0.49321311712265015,0.09417643398046494,0.15111815929412842,0.957202672958374,0.22035278379917145,0.4048846960067749,,0.00046700157690793276,0.001024617813527584,0.08192035555839539,0.10829679667949677,0.15282416343688965,0.10915321856737137,0.9,0.33804821968078613,0.41595232486724854,0.4519153833389282,0.46785929799079895
51201,15.229348182678223,21.504344940185547,0.2105141580104828,0.6384602136118366,0.628243088722229,0.4177289307117462,0.2656481862068176,0.04273492097854614,3276864,0,0,0.6174213290214539,0.4931398630142212,0.09929058700799942,0.1483399122953415,0.951880156993866,0.1837177872657776,0.3647218644618988,,0.00038169114850461483,0.0009406094322912395,0.0816391333937645,0.10488714277744293,0.1478850245475769,0.10456011444330215,0.9,0.371756911277771,0.45044004917144775,0.47598516941070557,0.4870915412902832
51401,15.019164085388184,20.319591522216797,0.2751331031322479,0.5605448672711915,0.6490553021430969,0.373922199010849,0.2240445464849472,0.05023089796304703,3289664,0,0,0.6123800575733185,0.5475690066814423,0.09175446629524231,0.14403150975704193,0.9524105191230774,0.2282225340604782,0.39647218585014343,,0.0003542905324138701,0.0010743174934759736,0.08417317271232605,0.10371340811252594,0.14522448182106018,0.10445874184370041,0.9,0.3509446382522583,0.4249221384525299,0.44487783312797546,0.4539976418018341
51601,15.059154510498047,21.22943878173828,0.14681044220924377,0.7096047513103519,0.64125657081604,0.49444612860679626,0.35063132643699646,0.03145884349942207,3302464,0,0,0.6325682699680328,0.4463536739349365,0.0913240909576416,0.1567973643541336,0.9564738273620605,0.1856173723936081,0.3595658242702484,,0.0005410361336544156,0.0007166974246501923,0.08264809846878052,0.11612778156995773,0.15729908645153046,0.11615386605262756,0.9,0.35874342918395996,0.43134012818336487,0.4517739713191986,0.459770143032074
51801,15.47484302520752,20.301982879638672,0.1980704367160797,0.6637808213135166,0.6089593768119812,0.4108889400959015,0.2530513107776642,0.030324392020702362,3315264,0,1,0.6060011386871338,0.4751039147377014,0.10067242383956909,0.1360035091638565,0.9456704258918762,0.16689281165599823,0.32483041286468506,,0.00037245795829221606,0.0007457687170244753,0.08367155492305756,0.09660454094409943,0.14194351434707642,0.10015612840652466,0.9,0.3910406231880188,0.4855175316333771,0.5117806196212769,0.5203704833984375
52001,14.715392112731934,20.596538543701172,0.1672205924987793,0.6580814999341877,0.6781549453735352,0.5109343528747559,0.3720911145210266,0.0671943724155426,3328064,0,0,0.6548934578895569,0.4860638380050659,0.08243495225906372,0.15188977122306824,0.9571122527122498,0.2168249785900116,0.41981005668640137,,0.000403282669140026,0.0014901201939210296,0.07779041677713394,0.11658650636672974,0.1504417508840561,0.11626261472702026,0.9,0.32184502482414246,0.3842070400714874,0.4003340005874634,0.4082775115966797
52201,15.478857040405273,20.365875244140625,0.3117980659008026,0.562679345677247,0.5988245010375977,0.28702643513679504,0.1572800725698471,0.019575925543904305,3340864,0,1,0.5864961743354797,0.5219727456569672,0.1037602499127388,0.12779197096824646,0.9467558860778809,0.24667571485042572,0.3883310854434967,,0.000343684630934149,0.0004883536021225154,0.08061488717794418,0.09021663665771484,0.1344083845615387,0.09334029257297516,0.9,0.40117549896240234,0.48865756392478943,0.5061617493629456,0.5165517330169678
52401,15.359769821166992,20.195070266723633,0.1942494511604309,0.6606040604437439,0.6219106912612915,0.4276612401008606,0.2881699204444885,0.027588147670030594,3353664,0,0,0.6020881533622742,0.4678112864494324,0.09558537602424622,0.14241942763328552,0.9552393555641174,0.23392130434513092,0.41166895627975464,,0.00039807643042877316,0.000772288185544312,0.08059696853160858,0.09942229092121124,0.14266811311244965,0.09979792684316635,0.9,0.3780892491340637,0.4644681513309479,0.49617668986320496,0.5132312178611755
52601,15.506668090820312,20.30340576171875,0.23219722509384155,0.6372465916177416,0.5921006202697754,0.35990339517593384,0.21797528862953186,0.008844706229865551,3366464,0,0,0.594643235206604,0.4773094058036804,0.09646395593881607,0.13994431495666504,0.9460302591323853,0.19592945277690887,0.3685210347175598,,0.00028371374355629086,0.00045145329204387963,0.07735443115234375,0.09972284734249115,0.13949206471443176,0.10004182904958725,0.9,0.4078993499279022,0.49025020003318787,0.5112420916557312,0.5225931406021118
52801,14.9729585647583,20.4075870513916,0.24246707558631897,0.5858649070272928,0.6569888591766357,0.4145217835903168,0.2621268033981323,0.030140364542603493,3379264,0,0,0.6514796614646912,0.5347863733768463,0.09437265992164612,0.14504976570606232,0.9561058878898621,0.2097693383693695,0.3774762749671936,,0.00026259521837346256,0.0007632408523932099,0.080632284283638,0.10089504718780518,0.1450190544128418,0.10139860957860947,0.9,0.34301114082336426,0.41958513855934143,0.44518014788627625,0.45389193296432495
53001,15.120916366577148,20.283952713012695,0.14121979475021362,0.7166368785212961,0.6428493857383728,0.5016295909881592,0.3463476896286011,0.00332860229536891,3392064,0,1,0.6452355682849884,0.45229822397232056,0.09542983025312424,0.14679941534996033,0.9568295478820801,0.19565808773040771,0.36119404435157776,,0.00026516843354329467,0.00040944654028862715,0.08460148423910141,0.10511243343353271,0.15006200969219208,0.10727294534444809,0.9,0.3571505844593048,0.4408329129219055,0.4654383063316345,0.47629567980766296
53201,15.182394981384277,20.479768753051758,0.13802692294120789,0.7250261872612266,0.6360630393028259,0.49803611636161804,0.3226650655269623,0.058014195412397385,3404864,0,0,0.6209038496017456,0.4621347188949585,0.094062939286232,0.13590998947620392,0.9438644051551819,0.17774763703346252,0.34518319368362427,,0.00042386542190797627,0.0014102633576840162,0.08132567256689072,0.10147999227046967,0.13616083562374115,0.102259062230587,0.9,0.3639369606971741,0.4451200067996979,0.46639135479927063,0.47577980160713196
53401,15.05361557006836,21.219894409179688,0.22753223776817322,0.6068423317102637,0.6488019824028015,0.4212697446346283,0.26558658480644226,0.05360375717282295,3417664,0,0,0.6241025626659393,0.5215771198272705,0.09396631270647049,0.1415766179561615,0.9446713328361511,0.17394845187664032,0.3462686836719513,,0.0004005912924185395,0.0012535585556179285,0.0780373364686966,0.09955082833766937,0.14207823574543,0.10009825229644775,0.9,0.3511979877948761,0.4322882294654846,0.4514232575893402,0.45982012152671814
53601,15.555342674255371,20.743677139282227,0.1425916850566864,0.7344540957656972,0.60561603307724,0.4630243480205536,0.29555219411849976,0.03583810478448868,3430464,0,0,0.6004476845264435,0.4381920099258423,0.09904754906892776,0.14348621666431427,0.944070041179657,0.17964722216129303,0.34029853343963623,,0.000563105451874435,0.001017289119772613,0.08077259361743927,0.10344131290912628,0.14432565867900848,0.10368662327528,0.9,0.3943839371204376,0.4922439157962799,0.5226921439170837,0.5337522625923157
53801,15.07041072845459,21.41676902770996,0.17910730838775635,0.6663528488488097,0.6422907710075378,0.4631834626197815,0.3150510787963867,0.0036402633413672447,3443264,0,0,0.6383742392063141,0.4774519205093384,0.09017690271139145,0.16183248162269592,0.9598978757858276,0.2040705680847168,0.3915875256061554,,0.00033223372884094715,0.00042782077798619866,0.07337415218353271,0.11398877948522568,0.15877126157283783,0.11284742504358292,0.9,0.35770922899246216,0.43551144003868103,0.4548044502735138,0.46614986658096313
54001,15.292434692382812,20.253509521484375,0.25801748037338257,0.5954170163342056,0.6202806234359741,0.36226314306259155,0.22682736814022064,0.02909810096025467,3456064,0,0,0.6130767464637756,0.5082976520061493,0.09717489778995514,0.13633091747760773,0.9447689056396484,0.1951153427362442,0.3576662242412567,,0.00040214875480160117,0.00079078454291448,0.08053863048553467,0.09515582770109177,0.1370079666376114,0.09584017843008041,0.9,0.3797193467617035,0.45959919691085815,0.4854239225387573,0.49637559056282043
54201,15.122447967529297,21.49907684326172,0.22626343369483948,0.6112511913275807,0.6442335247993469,0.41797009110450745,0.2659224569797516,0.006218511611223221,3468864,0,0,0.640028327703476,0.5146406590938568,0.09127625077962875,0.14137467741966248,0.9501429200172424,0.18263229727745056,0.35549527406692505,,0.0003924539196304977,0.0005689396639354527,0.07768761366605759,0.10481218248605728,0.14013931155204773,0.10462404787540436,0.9,0.3557664453983307,0.4399961829185486,0.4670746624469757,0.47739824652671814
54401,15.143929481506348,20.41904067993164,0.23128357529640198,0.6097186853567054,0.6386762261390686,0.4073926508426666,0.2504998743534088,0.02893378958106041,3481664,0,1,0.6230693757534027,0.5173423886299133,0.09548579901456833,0.13315756618976593,0.9512283802032471,0.2111261934041977,0.37394845485687256,,0.0002954479423351586,0.0007066366961225867,0.08157916367053986,0.0961243063211441,0.13798730075359344,0.09867148846387863,0.9,0.3613237142562866,0.4389263391494751,0.4636387825012207,0.478147953748703
54601,15.88144588470459,20.415660858154297,0.17567074298858643,0.7123222808490403,0.5650195479393005,0.3893488049507141,0.2491169571876526,0.04903487116098404,3494464,0,1,0.5496694147586823,0.41835951805114746,0.10372291505336761,0.12385305017232895,0.9191223978996277,0.1497964709997177,0.2781547009944916,,0.00031480914913117886,0.0009950250387191772,0.08251199871301651,0.09001331776380539,0.1332835704088211,0.09474613517522812,0.9,0.4349803924560547,0.5325127840042114,0.5644447803497314,0.5741204023361206
54801,15.57406234741211,20.19553565979004,0.157234787940979,0.7192763909533758,0.5971294641494751,0.4398946762084961,0.2729910910129547,0.02636299841105938,3507264,0,0,0.5936335921287537,0.4451293349266052,0.10278753936290741,0.13550341129302979,0.9351846575737,0.14382633566856384,0.28412485122680664,,0.00029472651658579707,0.00066072290064767,0.08853650093078613,0.09978567063808441,0.13677406311035156,0.10022012144327164,0.9,0.4028705954551697,0.5029256939888,0.5224770903587341,0.5288641452789307
55001,15.758800506591797,20.283308029174805,0.250567227602005,0.6316512450548667,0.5703226923942566,0.3197554647922516,0.1875835806131363,0.03254488855600357,3520064,0,0,0.5542654693126678,0.46971529722213745,0.1013108417391777,0.13154608011245728,0.9291805624961853,0.16309362649917603,0.30257803201675415,,0.0003342938143759966,0.0008331589633598924,0.08364412188529968,0.09477278590202332,0.13144546747207642,0.09469066560268402,0.9,0.4296773076057434,0.5224521160125732,0.5434479713439941,0.5540247559547424
55201,15.404513359069824,20.202117919921875,0.19144031405448914,0.6721548496441162,0.6075051426887512,0.4160648286342621,0.24118731915950775,0.01833035610616207,3532864,0,0,0.5956656038761139,0.48195183277130127,0.09907055646181107,0.1359511911869049,0.9448646306991577,0.17204885184764862,0.3378561735153198,,0.00036849663592875004,0.0005866170395165682,0.08452841639518738,0.09651865065097809,0.13733668625354767,0.097783163189888,0.9,0.39249488711357117,0.47967594861984253,0.4982397258281708,0.507775068283081
55401,14.79137897491455,22.868478775024414,0.2575998902320862,0.5615848363732273,0.6700292229652405,0.4124293327331543,0.3006119430065155,0.02082173526287079,3545664,0,0,0.6637767851352692,0.5266763269901276,0.08386559039354324,0.14324228465557098,0.9487624168395996,0.18670286238193512,0.34328359365463257,,0.00048595573753118515,0.0008300114423036575,0.07026536762714386,0.10797649621963501,0.13959071040153503,0.10616865754127502,0.9,0.3299707770347595,0.3973906338214874,0.4157540202140808,0.42187583446502686
55601,15.047863006591797,20.470401763916016,0.329061895608902,0.5130143309339724,0.6533502340316772,0.32428833842277527,0.18800993263721466,0.031483620405197144,3558464,0,0,0.6356219947338104,0.5728798806667328,0.097313791513443,0.13015371561050415,0.9496854543685913,0.24341927468776703,0.4241519868373871,,0.00037194218020886183,0.0007765911286696792,0.08073191344738007,0.09343086183071136,0.12998667359352112,0.09346923232078552,0.9,0.3466496765613556,0.4300136864185333,0.4544852077960968,0.4661523401737213
55801,15.127054214477539,20.261398315429688,0.11463665962219238,0.7578677276780527,0.641190230846405,0.5265535712242126,0.3490036725997925,0.032324254512786865,3571264,0,1,0.6230409741401672,0.4475746750831604,0.09444978833198547,0.14399361610412598,0.9526808857917786,0.2116689383983612,0.35685211420059204,,0.00034429796505719423,0.0007771898526698351,0.08660876750946045,0.10243266075849533,0.149847611784935,0.10597974807024002,0.9,0.35880976915359497,0.4417771100997925,0.4633581042289734,0.47141438722610474
56001,15.608718872070312,20.050952911376953,0.13636630773544312,0.7495083718302014,0.5919716358184814,0.45560532808303833,0.28151848912239075,0.030295727774500847,3584064,0,0,0.5708317458629608,0.430983304977417,0.10136565566062927,0.1425655484199524,0.9463560581207275,0.15956580638885498,0.3272727429866791,,0.0003756131627596915,0.0007659405237063766,0.08378790318965912,0.09759701043367386,0.14361679553985596,0.09805835038423538,0.9,0.40802833437919617,0.5019308924674988,0.5291613936424255,0.5404053926467896
56201,15.036835670471191,20.349571228027344,0.18195438385009766,0.6548594604177295,0.6547651290893555,0.4728107452392578,0.31218984723091125,0.014085293747484684,3596864,0,0,0.6463918089866638,0.49697381258010864,0.09222512692213058,0.13845954835414886,0.9561377763748169,0.21465401351451874,0.388873815536499,,0.0002985171740874648,0.0004910259740427136,0.0792001336812973,0.09868663549423218,0.1391332447528839,0.0989718809723854,0.9,0.34523478150367737,0.4248295724391937,0.4554493725299835,0.46876412630081177
56401,15.425524711608887,20.55982780456543,0.269572377204895,0.5863522058309062,0.6178769469261169,0.3483045697212219,0.20171192288398743,0.08878979831933975,3609664,0,1,0.6046726703643799,0.5200389921665192,0.103977270424366,0.12500464916229248,0.921710729598999,0.21221168339252472,0.3435549736022949,,0.00027442086138762534,0.0016313946107402444,0.08200138807296753,0.08944015204906464,0.12863773107528687,0.09084183722734451,0.9,0.38212305307388306,0.47591647505760193,0.5025906562805176,0.5120584964752197
56601,15.221540451049805,21.06432342529297,0.18531492352485657,0.667397043386399,0.6281493306159973,0.44283440709114075,0.2928237020969391,0.018623512238264084,3622464,0,0,0.6225624978542328,0.47342902421951294,0.0942295715212822,0.14565426111221313,0.9472441673278809,0.21438263356685638,0.3883310854434967,,0.0002903568674810231,0.0006116600707173347,0.08047278970479965,0.11170078814029694,0.14532797038555145,0.11166962236166,0.9,0.3718506097793579,0.45560315251350403,0.4736897051334381,0.48164102435112
56801,14.986631393432617,20.40050506591797,0.19121858477592468,0.6434768248553496,0.6548759341239929,0.46365734934806824,0.30179664492607117,0.04584771394729614,3635264,0,0,0.6349043250083923,0.5047871768474579,0.09283553063869476,0.140947163105011,0.9497811198234558,0.22170963883399963,0.354409784078598,,0.0004744806792587042,0.0010714889504015446,0.07991085946559906,0.10004086047410965,0.14299243688583374,0.10097063332796097,0.9,0.3451240360736847,0.4218723475933075,0.4434824585914612,0.4542534649372101
57001,15.010537147521973,20.499221801757812,0.3961297273635864,0.4696310606502547,0.6492350697517395,0.2531053423881531,0.14363335072994232,0.027073156088590622,3648064,0,1,0.6510491669178009,0.5890259742736816,0.09333909302949905,0.12344175577163696,0.9516364932060242,0.2781547009944916,0.45183175802230835,,0.00036423455458134413,0.0007221877458505332,0.07646185159683228,0.08770538866519928,0.12799431383609772,0.09004782885313034,0.9,0.3507649004459381,0.42070239782333374,0.4457979202270508,0.45899713039398193
57201,14.79623031616211,20.47843360900879,0.27379611134529114,0.5346547271374675,0.6854241490364075,0.41162803769111633,0.28343111276626587,0.029094146564602852,3660864,0,0,0.6802836358547211,0.5606212019920349,0.08927977085113525,0.146012544631958,0.9671807289123535,0.2830393612384796,0.4903663694858551,,0.0003308904415462166,0.0007983819814398885,0.07683158665895462,0.10130475461483002,0.14530567824840546,0.10128459334373474,0.9,0.31457585096359253,0.3916914165019989,0.42231640219688416,0.4398610293865204
57401,15.390507698059082,20.322587966918945,0.30423101782798767,0.5518942252015857,0.6253042221069336,0.3210732042789459,0.17110221087932587,0.03129476681351662,3673664,0,1,0.609056681394577,0.5472714304924011,0.0995568335056305,0.1321870982646942,0.9518471956253052,0.21818183362483978,0.41302579641342163,,0.0004605882859323174,0.0007676647510379553,0.08193246275186539,0.09336889535188675,0.13340575993061066,0.0943647101521492,0.9,0.374695748090744,0.4699467420578003,0.5042699575424194,0.51840740442276
57601,15.217639923095703,20.407114028930664,0.22945287823677063,0.6211689176851568,0.6237663626670837,0.3943134844303131,0.23382806777954102,0.045113127678632736,3686464,0,0,0.6139104962348938,0.5089210271835327,0.09346091002225876,0.14556968212127686,0.9438675045967102,0.20244234800338745,0.36689281463623047,,0.00031452838447876275,0.000950110494159162,0.07862573117017746,0.10398383438587189,0.145450621843338,0.10340463370084763,0.9,0.37623363733291626,0.4524611532688141,0.47146472334861755,0.47997796535491943
57801,14.30715274810791,21.194189071655273,0.1990310549736023,0.5782091477889304,0.7271596193313599,0.5281285643577576,0.4007667601108551,0.1772681623697281,3699264,0,1,0.6578376889228821,0.543972373008728,0.07162320613861084,0.12693148851394653,0.9416975378990173,0.23554953932762146,0.40705564618110657,,0.0005409023724496365,0.0038494430482387543,0.06950641423463821,0.11449891328811646,0.12808780372142792,0.11488844454288483,0.9,0.272840291261673,0.3184834420681,0.3344338536262512,0.34303393959999084
58001,15.186328887939453,20.26237678527832,0.1849927306175232,0.6634408129914674,0.6353338956832886,0.4503411650657654,0.3075207471847534,0.03018646314740181,3712064,0,0,0.6216736137866974,0.47281140089035034,0.09220055490732193,0.13946008682250977,0.9470920562744141,0.18398915231227875,0.3617367744445801,,0.000344653963111341,0.000842114444822073,0.0797550231218338,0.10178904235363007,0.13985170423984528,0.10218919813632965,0.9,0.3646661043167114,0.44958019256591797,0.4720994830131531,0.4789715111255646
58201,15.683746337890625,20.104900360107422,0.19936048984527588,0.6771225481176807,0.5819110870361328,0.38255059719085693,0.23013420403003693,0.026457590982317924,3724864,0,0,0.5577934384346008,0.45545220375061035,0.10504735261201859,0.1348244845867157,0.9388327598571777,0.16743555665016174,0.3123473525047302,,0.00024100088921841234,0.0005761236534453928,0.08687130361795425,0.09471293538808823,0.13671638071537018,0.09546782076358795,0.9,0.4180888831615448,0.510897696018219,0.5371967554092407,0.5479145050048828
58401,15.609262466430664,21.43459129333496,0.14828157424926758,0.7356274542976724,0.5874004364013672,0.4391188621520996,0.29338952898979187,0.030360355973243713,3737664,0,0,0.5841521322727203,0.414539635181427,0.09919912368059158,0.14486932754516602,0.9328399896621704,0.15332429111003876,0.29308006167411804,,0.00025466844090260565,0.0006480435840785503,0.08361222594976425,0.10620155930519104,0.14522047340869904,0.10664200037717819,0.9,0.4125995635986328,0.5010746717453003,0.5263573527336121,0.5373222231864929
58601,15.35521411895752,20.198505401611328,0.21555235981941223,0.6363372027396021,0.6228264570236206,0.4072740972042084,0.26714590191841125,0.016547784209251404,3750464,0,1,0.5978530645370483,0.48420047760009766,0.09789858013391495,0.1325492411851883,0.9498428106307983,0.22849389910697937,0.38561737537384033,,0.0002947686880361289,0.00048657681327313185,0.08122710138559341,0.0946931391954422,0.13968342542648315,0.09856792539358139,0.9,0.3771734833717346,0.4650477468967438,0.4965387284755707,0.5130854249000549
58801,14.701093673706055,21.031169891357422,0.22895848751068115,0.5780698324267801,0.6863130331039429,0.4573545455932617,0.3160141408443451,0.006741982884705067,3763264,0,0,0.6809910833835602,0.5408811867237091,0.08527352660894394,0.13404682278633118,0.9586592316627502,0.22795116901397705,0.40461331605911255,,0.0003093781997449696,0.00044890400022268295,0.07546480745077133,0.10986905544996262,0.13339459896087646,0.10938720405101776,0.9,0.3136870265007019,0.38339096307754517,0.4088878929615021,0.4200954735279083
59001,15.386385917663574,20.232112884521484,0.11583933234214783,0.7699415147428861,0.6123180985450745,0.49647876620292664,0.307796835899353,0.06407009810209274,3776064,0,0,0.5975070297718048,0.4386218786239624,0.10039696097373962,0.1401696354150772,0.9412267208099365,0.17557667195796967,0.3137042224407196,,0.0003438232815824449,0.00136957922950387,0.086869016289711,0.09864611178636551,0.141958549618721,0.09966153651475906,0.9,0.38768190145492554,0.4702955484390259,0.49524882435798645,0.5044068098068237
59201,14.751677513122559,20.69511604309082,0.3330293595790863,0.4891068064543487,0.681172251701355,0.3481428921222687,0.22054941952228546,0.027456099167466164,3788864,0,1,0.6575406193733215,0.5901858508586884,0.08853772282600403,0.1320239007472992,0.959804356098175,0.2710990607738495,0.48358210921287537,,0.0003329535247758031,0.000624273088760674,0.07462987303733826,0.10023241490125656,0.13424678146839142,0.10161380469799042,0.9,0.3188277781009674,0.390062540769577,0.41349896788597107,0.4237097501754761
59401,15.400001525878906,20.758495330810547,0.11653053760528564,0.7690437833924134,0.6119737029075623,0.4954431653022766,0.3431624174118042,0.028913123533129692,3801664,0,0,0.6057595908641815,0.40653079748153687,0.09491288661956787,0.13562005758285522,0.9257205724716187,0.1658073365688324,0.29552239179611206,,0.0002792042796500027,0.000618377816863358,0.07801607996225357,0.10521671175956726,0.13598060607910156,0.1058097630739212,0.9,0.38802629709243774,0.47760123014450073,0.5003398656845093,0.5104942321777344
59601,15.299506187438965,21.47602081298828,0.2547738254070282,0.5949210702248904,0.6258252263069153,0.3710514008998871,0.2558334171772003,0.014741198159754276,3814464,0,0,0.6165148317813873,0.49617964029312134,0.09298412501811981,0.14326325058937073,0.9442611932754517,0.18778833746910095,0.3628222644329071,,0.0002891276963055134,0.00045120480353944004,0.07712406665086746,0.10506714880466461,0.14249427616596222,0.10490603744983673,0.9,0.37417474389076233,0.46319499611854553,0.48895856738090515,0.4995653033256531
59801,15.091145515441895,21.44057846069336,0.15800034999847412,0.6916443700273144,0.6456038355827332,0.48760348558425903,0.3194895386695862,0.029150784015655518,3827264,0,0,0.6362319588661194,0.4786502718925476,0.09315453469753265,0.14722728729248047,0.9496670365333557,0.20379918813705444,0.36635008454322815,,0.00033561023883521557,0.0006940624443814158,0.07926570624113083,0.1056751012802124,0.1474193036556244,0.10549416393041611,0.9,0.35439616441726685,0.43986934423446655,0.45880207419395447,0.46505287289619446
60001,15.057485580444336,21.05109214782715,0.24195122718811035,0.5976963068303168,0.6405368447303772,0.39858561754226685,0.27687355875968933,0.02630995400249958,3840064,0,0,0.6200786828994751,0.5020931363105774,0.09128809720277786,0.14618408679962158,0.9510001540184021,0.2187245637178421,0.3891451954841614,,0.00048560238792560995,0.0006786956801079214,0.07541413605213165,0.10878511518239975,0.14562371373176575,0.10779275000095367,0.9,0.3594631552696228,0.4335440993309021,0.45130422711372375,0.45861199498176575
60201,14.992692947387695,20.2896728515625,0.3041691184043884,0.5307685637775371,0.6559407711029053,0.35177165269851685,0.2147483378648758,0.009575488977134228,3852864,0,0,0.6447941660881042,0.5615913271903992,0.09175136685371399,0.13559338450431824,0.9620122909545898,0.26377207040786743,0.45617368817329407,,0.00021812898921780288,0.0004564558621495962,0.07928261160850525,0.09542945772409439,0.13563896715641022,0.09513364732265472,0.9,0.34405919909477234,0.42481371760368347,0.44555920362472534,0.4549030661582947
60401,15.293585777282715,20.37869644165039,0.22701802849769592,0.6175870687290045,0.6333717107772827,0.4063536822795868,0.2428152859210968,0.0809759646654129,3865664,0,0,0.6124773025512695,0.5151707231998444,0.10031033307313919,0.13912126421928406,0.9468659162521362,0.20189960300922394,0.3617367744445801,,0.00047995196655392647,0.0016155269695445895,0.0843355655670166,0.09594626724720001,0.14129029214382172,0.09741931408643723,0.9,0.3666283190250397,0.4556528627872467,0.48426553606987,0.4954761266708374
60601,15.751148223876953,20.647552490234375,0.2023521363735199,0.6731018448016716,0.5833454728126526,0.3809933364391327,0.21660225093364716,0.10138069838285446,3878464,0,1,0.5555184185504913,0.4667927026748657,0.10790643095970154,0.13075193762779236,0.9105948209762573,0.16689281165599823,0.28846678137779236,,0.000562913017347455,0.0017202424351125956,0.08725930750370026,0.09498947858810425,0.13416917622089386,0.096753790974617,0.9,0.4166545271873474,0.5190808773040771,0.5418172478675842,0.5504090189933777
60801,15.024949073791504,21.555442810058594,0.32588857412338257,0.5139013469659592,0.6554720401763916,0.32958346605300903,0.21794211864471436,0.03073723055422306,3891264,0,0,0.640736311674118,0.5591640472412109,0.08862664550542831,0.13928380608558655,0.9495744705200195,0.24450476467609406,0.39131617546081543,,0.00043824652675539255,0.0007405912037938833,0.07189392298460007,0.10350480675697327,0.13763432204723358,0.10229448974132538,0.9,0.3445279002189636,0.4277128577232361,0.45005103945732117,0.4617854952812195
61001,14.963781356811523,21.0380916595459,0.43027977645397186,0.44695258875991095,0.6522637009620667,0.2219839245080948,0.11511725932359695,0.028050117194652557,3904064,0,1,0.6363136470317841,0.6062142252922058,0.0851268395781517,0.12378785759210587,0.944085419178009,0.2523745000362396,0.41166895627975464,,0.00034202152164652944,0.000613714219070971,0.07136819511651993,0.09482502937316895,0.12866704165935516,0.09797448664903641,0.9,0.34773629903793335,0.42464321851730347,0.43975821137428284,0.4438605010509491
61201,15.242667198181152,20.134565353393555,0.14533311128616333,0.7200916816448328,0.6261162757873535,0.4807831645011902,0.31469637155532837,0.018695976585149765,3916864,0,0,0.6225895881652832,0.4524344205856323,0.09581278264522552,0.14432889223098755,0.956773042678833,0.18860244750976562,0.37096336483955383,,0.0003741532564163208,0.0006131145637482405,0.08396800607442856,0.10473717749118805,0.1457287222146988,0.10539942979812622,0.9,0.3738836646080017,0.4548287093639374,0.47587108612060547,0.48520514369010925
61401,15.392876625061035,20.41565704345703,0.19961673021316528,0.6609349472456716,0.6108897924423218,0.4112730622291565,0.248148113489151,0.04322877526283264,3929664,0,0,0.5952922701835632,0.4812085032463074,0.09919664263725281,0.13003700971603394,0.9290644526481628,0.1511533260345459,0.28846678137779236,,0.0003367065219208598,0.0009057035204023123,0.08275778591632843,0.09958415478467941,0.1310575306415558,0.09971863031387329,0.9,0.38911017775535583,0.4734192192554474,0.4958922863006592,0.5073347091674805
61601,15.460444450378418,20.455020904541016,0.2179735004901886,0.644522635021921,0.6047881841659546,0.386814683675766,0.22827847301959991,0.025190193206071854,3942464,0,0,0.5932129621505737,0.48638737201690674,0.09120503813028336,0.1292625516653061,0.9353624582290649,0.16987788677215576,0.3123473525047302,,0.0005498344544321299,0.0007939885254018009,0.0797356441617012,0.10313728451728821,0.1292741745710373,0.10327090322971344,0.9,0.39521172642707825,0.480945348739624,0.5046931505203247,0.5171704292297363
61801,15.267681121826172,20.319976806640625,0.26986750960350037,0.5804849607679762,0.6265830397605896,0.35671553015708923,0.2188093215227127,0.03383965045213699,3955264,0,0,0.6065942645072937,0.5215538740158081,0.09594741463661194,0.1325070858001709,0.9474200010299683,0.22089552879333496,0.38426053524017334,,0.0003351715859025717,0.0008141737198457122,0.08267498016357422,0.09793461859226227,0.13360321521759033,0.0984085276722908,0.9,0.37341687083244324,0.4574839472770691,0.4811566472053528,0.49172651767730713
62001,15.047765731811523,22.33184242248535,0.18936121463775635,0.6477945209913958,0.6517170667648315,0.4623558521270752,0.3140227198600769,0.01700075902044773,3968064,0,0,0.6510339379310608,0.49071067571640015,0.08778229355812073,0.14928212761878967,0.9537478685379028,0.19375848770141602,0.36010855436325073,,0.00043772748904302716,0.0006215537432581186,0.0757189467549324,0.11138049513101578,0.14877277612686157,0.11076468229293823,0.9,0.34828293323516846,0.43060022592544556,0.4530755281448364,0.46415624022483826
62201,15.646068572998047,20.121822357177734,0.16693726181983948,0.7087144760322828,0.5938320159912109,0.42689475417137146,0.27064046263694763,0.018487876281142235,3980864,0,0,0.5911305844783783,0.4419593811035156,0.10365036875009537,0.1350746750831604,0.9452901482582092,0.17693352699279785,0.34979647397994995,,0.00030572700779885054,0.0005274597788229585,0.0848211720585823,0.09633692353963852,0.1369924396276474,0.09778473526239395,0.9,0.40616801381111145,0.5047951936721802,0.5351400375366211,0.5493500828742981
62401,15.023736953735352,20.519222259521484,0.2930203974246979,0.5361220925989121,0.6613447070121765,0.36832430958747864,0.24398349225521088,0.016293762251734734,3993664,0,0,0.6411270499229431,0.5514587163925171,0.09412433952093124,0.13657405972480774,0.9572252631187439,0.22659431397914886,0.4252374768257141,,0.00041854436858557165,0.000542618683539331,0.08159088343381882,0.0989757776260376,0.13637635111808777,0.09894230216741562,0.9,0.3386552929878235,0.42375463247299194,0.45588362216949463,0.4697701930999756
62601,15.325892448425293,20.304065704345703,0.25148889422416687,0.5972872691721783,0.6270018219947815,0.3755129277706146,0.23852978646755219,0.03567710518836975,4006464,0,0,0.6092045307159424,0.5090930461883545,0.09949307888746262,0.13692541420459747,0.9507617354393005,0.21953867375850677,0.4037992060184479,,0.0003914041444659233,0.0007442921050824225,0.08316802233457565,0.0984572321176529,0.13697907328605652,0.09855877608060837,0.9,0.3729981780052185,0.46301278471946716,0.4928867220878601,0.5065946578979492
62801,15.072708129882812,21.38858413696289,0.22635892033576965,0.6153484250689467,0.6378811001777649,0.41152217984199524,0.2736411392688751,0.02218659780919552,4019264,0,0,0.6261719465255737,0.5007019340991974,0.09254557639360428,0.14560523629188538,0.9500823020935059,0.1856173723936081,0.3571234941482544,,0.0003046771162189543,0.0005805216496810317,0.08068069070577621,0.10747069120407104,0.14554132521152496,0.10728352516889572,0.9,0.3621188700199127,0.43298429250717163,0.4540365934371948,0.4626822769641876
63001,15.086503982543945,20.311195373535156,0.27248769998550415,0.5667365839632114,0.6435684561729431,0.37108075618743896,0.24415144324302673,0.03311595320701599,4032064,0,0,0.6216326951980591,0.5280426740646362,0.09400730580091476,0.13678967952728271,0.9475772380828857,0.24830394983291626,0.4176391065120697,,0.00026394761516712606,0.0006327957380563021,0.08222352713346481,0.09833082556724548,0.13716842234134674,0.09867171198129654,0.9,0.3564315736293793,0.4347115457057953,0.45864641666412354,0.4673343002796173
63201,15.37089729309082,20.325035095214844,0.2188534140586853,0.6337338626730044,0.6213277578353882,0.4024743437767029,0.2655735909938812,0.08665936440229416,4044864,0,1,0.5882996916770935,0.4833723306655884,0.09813197702169418,0.13210345804691315,0.933293342590332,0.21736770868301392,0.35223883390426636,,0.0002662022307049483,0.0015747202560305595,0.08247460424900055,0.09455136954784393,0.13716673851013184,0.09719493240118027,0.9,0.37867215275764465,0.46116212010383606,0.4940205216407776,0.5106253623962402
63401,14.982375144958496,21.59829330444336,0.2872799336910248,0.5465680838522465,0.6537119746208191,0.3664320409297943,0.22083184123039246,0.04378597065806389,4057664,0,0,0.6453938484191895,0.555255800485611,0.08590377867221832,0.14424797892570496,0.9587198495864868,0.21275441348552704,0.4067842662334442,,0.00041323277400806546,0.001272950554266572,0.07560364156961441,0.1061602458357811,0.14226968586444855,0.10533596575260162,0.9,0.3462879955768585,0.42035025358200073,0.440032422542572,0.4498888850212097
63601,14.988786697387695,20.885427474975586,0.4096313714981079,0.4525286144002447,0.6614071130752563,0.25177574157714844,0.11307121813297272,0.014836132526397705,4070464,0,1,0.6575969755649567,0.6178213953971863,0.09032277762889862,0.11975720524787903,0.9592955112457275,0.3017639219760895,0.46458616852760315,,0.00040193379390984774,0.0005814636824652553,0.07444629073143005,0.08839542418718338,0.1253557950258255,0.09125293046236038,0.9,0.33859285712242126,0.4199239909648895,0.4489797353744507,0.46094730496406555
63801,15.211543083190918,21.524364471435547,0.20529034733772278,0.6348258040773185,0.6431193351745605,0.43782898783683777,0.3005824685096741,0.03238118067383766,4083264,0,0,0.6336901783943176,0.4887872338294983,0.09594164043664932,0.13764607906341553,0.9349339008331299,0.17394845187664032,0.3329715132713318,,0.0003993052232544869,0.0006869377684779465,0.07974366843700409,0.10617855191230774,0.13798777759075165,0.10607468336820602,0.9,0.35688069462776184,0.44813987612724304,0.4807962477207184,0.49377715587615967
64001,14.945704460144043,21.468368530273438,0.23306655883789062,0.5880700909389617,0.6672747731208801,0.4342082142829895,0.2930932641029358,0.02357012964785099,4096064,0,0,0.6566846668720245,0.5279743671417236,0.08850091695785522,0.14849358797073364,0.9640486240386963,0.26241520047187805,0.4496608078479767,,0.0003204683889634907,0.0007385191274806857,0.07678619027137756,0.11077927052974701,0.14770075678825378,0.11038646847009659,0.9,0.3327251970767975,0.41202524304389954,0.44104164838790894,0.4590166509151459
64201,15.060334205627441,20.45942497253418,0.22189772129058838,0.6118393792809924,0.6502330303192139,0.4283353090286255,0.2950573265552521,0.012392356060445309,4108864,0,0,0.6333373486995697,0.5028057098388672,0.08810228109359741,0.14456546306610107,0.9520003199577332,0.2225237488746643,0.4048846960067749,,0.0002187123172916472,0.0004797233850695193,0.07827439904212952,0.10743846744298935,0.14341294765472412,0.10700401663780212,0.9,0.34976691007614136,0.43501779437065125,0.45475146174430847,0.4625595211982727
64401,15.196614265441895,20.5430850982666,0.2530353367328644,0.5818269200412871,0.6479381918907166,0.3949028551578522,0.2687200605869293,0.07317648828029633,4121664,0,1,0.6129674017429352,0.5183981657028198,0.09649533778429031,0.12993931770324707,0.9413522481918335,0.2328358292579651,0.38805970549583435,,0.0006043140310794115,0.0014485325664281845,0.08335208892822266,0.09466106444597244,0.13424991071224213,0.09694591909646988,0.9,0.35206174850463867,0.4406154751777649,0.47541892528533936,0.48777198791503906
64601,14.758712768554688,20.54898452758789,0.34014981985092163,0.4935925797945927,0.6684578061103821,0.32830798625946045,0.21397866308689117,0.03605571389198303,4134464,0,0,0.6333020329475403,0.5775046348571777,0.0873732939362526,0.1333361268043518,0.9613184928894043,0.26241520047187805,0.4637720584869385,,0.00041662604780867696,0.0008589904755353928,0.07894863933324814,0.09874865412712097,0.13449089229106903,0.0995221734046936,0.9,0.33154210448265076,0.3923364579677582,0.40707412362098694,0.4151883125305176
64801,14.95933723449707,20.941364288330078,0.2898651659488678,0.5255710859189365,0.6788881421089172,0.38902297616004944,0.26865682005882263,0.13247562944889069,4147264,0,0,0.6457547843456268,0.5605862736701965,0.08998788148164749,0.13568639755249023,0.9281444549560547,0.21383990347385406,0.36879241466522217,,0.0008749811677262187,0.002183983102440834,0.0795229822397232,0.10407546907663345,0.13753512501716614,0.10457754880189896,0.9,0.3211118280887604,0.408498078584671,0.4403727054595947,0.45529791712760925
65001,14.705914497375488,20.7642765045166,0.36694222688674927,0.4584306505709014,0.6893886923789978,0.32244646549224854,0.20750874280929565,0.019415991380810738,4160064,0,1,0.6823605597019196,0.606893002986908,0.0838489755988121,0.13873042166233063,0.9639222025871277,0.3066485822200775,0.4873812794685364,,0.00030399946263059974,0.0006214496097527444,0.07344281673431396,0.10081186890602112,0.14040616154670715,0.1017705649137497,0.9,0.3106112778186798,0.3870764374732971,0.4108494520187378,0.4195149838924408
65201,14.736373901367188,20.35805892944336,0.26044538617134094,0.5478293124531,0.6844562888145447,0.42401090264320374,0.28786131739616394,0.025486387312412262,4172864,0,0,0.6796128749847412,0.5563602447509766,0.08796055614948273,0.1436806172132492,0.9617183208465576,0.28086838126182556,0.4662143886089325,,0.00033911620266735554,0.0007096038898453116,0.08413862437009811,0.10336660593748093,0.1427491009235382,0.103367380797863,0.9,0.31554368138313293,0.39029791951179504,0.41341862082481384,0.42223313450813293
65401,14.847389221191406,20.72415542602539,0.21794316172599792,0.5955311052593474,0.679105281829834,0.46116212010383606,0.3283945918083191,0.020267687737941742,4185664,0,1,0.6778850555419922,0.5201716125011444,0.08449611067771912,0.1323002576828003,0.9581236839294434,0.23202171921730042,0.417096346616745,,0.0003571224515326321,0.0007150493911467493,0.07695012539625168,0.10532309114933014,0.1376565843820572,0.10941318422555923,0.9,0.320894718170166,0.4025091826915741,0.4297444522380829,0.4416365921497345
65601,14.972480773925781,21.511770248413086,0.2709096670150757,0.5568157263911847,0.6596297025680542,0.3887200355529785,0.2602091133594513,0.00863948930054903,4198464,0,0,0.6343943178653717,0.5395665466785431,0.09061428904533386,0.14524686336517334,0.9605979323387146,0.20434193313121796,0.4054274260997772,,0.0002522977301850915,0.00042296553147025406,0.07792111486196518,0.10650143772363663,0.14500963687896729,0.10665211826562881,0.9,0.340370237827301,0.4223726987838745,0.44446948170661926,0.4573925733566284
65801,15.284440994262695,20.33712387084961,0.18709704279899597,0.6686341563392637,0.6224732398986816,0.43537619709968567,0.2714700400829315,0.036331404000520706,4211264,0,1,0.6084874272346497,0.48080456256866455,0.0970500260591507,0.12599357962608337,0.9481693506240845,0.2002713829278946,0.34464043378829956,,0.00033413415076211095,0.0006898539722897112,0.0849403366446495,0.09810072183609009,0.13512994349002838,0.10322915017604828,0.9,0.3775266706943512,0.46226754784584045,0.4829058051109314,0.48869994282722473
66001,15.13477897644043,20.24228858947754,0.30284932255744934,0.5398613951776976,0.6446795463562012,0.34183022379875183,0.21784961223602295,0.03303598240017891,4224064,0,0,0.620439887046814,0.5449402630329132,0.09138916432857513,0.13940545916557312,0.9519305229187012,0.24070556461811066,0.41031208634376526,,0.000378986238501966,0.0007504945970140398,0.08310184627771378,0.10137338936328888,0.1393209546804428,0.10128622502088547,0.9,0.35532045364379883,0.439667671918869,0.46652132272720337,0.4787513315677643
66201,15.320140838623047,20.35874366760254,0.3331277072429657,0.5252756219956021,0.6313990354537964,0.2982713282108307,0.16750948131084442,0.055813174694776535,4236864,0,0,0.6225751638412476,0.5565991699695587,0.09739977866411209,0.13284394145011902,0.9384061694145203,0.2282225340604782,0.3978290557861328,,0.0004761821764986962,0.0010331289377063513,0.08220642805099487,0.09596621990203857,0.13284970819950104,0.09603794664144516,0.9,0.36860084533691406,0.46306121349334717,0.4906321167945862,0.5046150088310242
66401,15.462037086486816,20.573816299438477,0.2619398534297943,0.5921015046532047,0.6197706460952759,0.35783079266548157,0.2278692126274109,0.039524342864751816,4249664,0,1,0.6160275042057037,0.5048224925994873,0.09952250123023987,0.12406949698925018,0.9423811435699463,0.21383990347385406,0.3690637946128845,,0.0003833372611552477,0.000742302043363452,0.08230923861265182,0.09047292172908783,0.13289828598499298,0.0950343981385231,0.9,0.38022932410240173,0.48628321290016174,0.5122025609016418,0.5257095098495483
66601,15.784052848815918,20.25204849243164,0.14664149284362793,0.7377734195968919,0.5874247550964355,0.4407832622528076,0.28023457527160645,0.02399327978491783,4262464,0,1,0.5543740391731262,0.42511236667633057,0.1003752276301384,0.1288301944732666,0.9349081516265869,0.1497964709997177,0.30122119188308716,,0.0003191293217241764,0.0006489160005003214,0.08615832775831223,0.09401470422744751,0.13583946228027344,0.09833467751741409,0.9,0.41257524490356445,0.5208333134651184,0.5596153736114502,0.5712040662765503
66801,14.389633178710938,21.049053192138672,0.2848065197467804,0.49272417903269855,0.7233633995056152,0.43855687975883484,0.3224124014377594,0.026420317590236664,4275264,0,1,0.7099533677101135,0.5918701887130737,0.0799981877207756,0.12675438821315765,0.9607582688331604,0.2664857506752014,0.44748982787132263,,0.0003560917975846678,0.0007250074995681643,0.07239748537540436,0.10685960948467255,0.12623873353004456,0.10665354877710342,0.9,0.27663663029670715,0.33778977394104004,0.3672308325767517,0.38142505288124084
67001,15.21033000946045,20.34073257446289,0.19026058912277222,0.6615500122039689,0.6281078457832336,0.4378472566604614,0.2748258709907532,0.03412964195013046,4288064,0,1,0.6068114936351776,0.48677492141723633,0.09614978730678558,0.13295185565948486,0.9440022110939026,0.17829036712646484,0.3297150731086731,,0.00033247185638174415,0.0007162428228184581,0.08744753152132034,0.10213208198547363,0.13535365462303162,0.1036483645439148,0.9,0.37189215421676636,0.4521094262599945,0.4738902449607849,0.480659157037735
67201,15.11754322052002,20.367708206176758,0.18320271372795105,0.6652967305838893,0.6358441114425659,0.45264139771461487,0.30153974890708923,0.021831735968589783,4300864,0,0,0.6247683167457581,0.4779869318008423,0.0922466516494751,0.1452319622039795,0.9589686393737793,0.2238806039094925,0.4000000059604645,,0.0003013406530953944,0.0006595016457140446,0.08372735232114792,0.10638146847486496,0.14530012011528015,0.10674747079610825,0.9,0.3641558289527893,0.4432596266269684,0.45836392045021057,0.4659644365310669
67401,15.284018516540527,20.18256378173828,0.2236749529838562,0.6223971679005248,0.6313198804855347,0.40764492750167847,0.2647450566291809,0.02645612508058548,4313664,0,0,0.634305477142334,0.4977899193763733,0.10091578960418701,0.1460082232952118,0.957819402217865,0.23799186944961548,0.4075983762741089,,0.00023769961262587458,0.0005963329458609223,0.08775600045919418,0.10421023517847061,0.14721597731113434,0.10456957668066025,0.9,0.36868005990982056,0.4660899341106415,0.4867486357688904,0.4941974878311157
67601,14.98705005645752,21.227554321289062,0.21363794803619385,0.6120885302882098,0.6628990173339844,0.4492610692977905,0.30610427260398865,0.01342440489679575,4326464,0,0,0.6585103869438171,0.5136989653110504,0.09268389642238617,0.14249035716056824,0.9525595903396606,0.23934872448444366,0.40651291608810425,,0.00033694005105644464,0.00047802383778616786,0.0793144479393959,0.11049746721982956,0.14295458793640137,0.11049266904592514,0.9,0.3371009826660156,0.4183242619037628,0.45003899931907654,0.4654466509819031
67801,15.391949653625488,20.041494369506836,0.18600994348526,0.6680164178594805,0.6257113218307495,0.4397013783454895,0.2894526720046997,0.0171064306050539,4339264,0,0,0.6168306469917297,0.4726704955101013,0.09915188699960709,0.13999058306217194,0.9530375599861145,0.23799186944961548,0.42496609687805176,,0.0002455082430969924,0.00040483399061486125,0.08772242814302444,0.09967388212680817,0.14132459461688995,0.10092982649803162,0.9,0.3742886483669281,0.4744132161140442,0.5069822072982788,0.516909658908844
68001,15.01478385925293,21.231962203979492,0.18797922134399414,0.6522932527911472,0.64735347032547,0.45937424898147583,0.29309529066085815,0.02771827019751072,4352064,0,0,0.6271228194236755,0.5002741813659668,0.09326530247926712,0.15740010142326355,0.9626229405403137,0.22279512882232666,0.41601085662841797,,0.0003100947942584753,0.000715102069079876,0.08803194761276245,0.11281035840511322,0.15699878334999084,0.11289631575345993,0.9,0.35264649987220764,0.4301638603210449,0.4461631774902344,0.45281660556793213
68201,15.61698055267334,20.157711029052734,0.23867571353912354,0.628476370621243,0.5962516665458679,0.3575759530067444,0.21470744907855988,0.02140214294195175,4364864,0,1,0.5917948484420776,0.485165536403656,0.10330675542354584,0.1324767768383026,0.9457064270973206,0.17639078199863434,0.35169607400894165,,0.00034805183531716466,0.0005753461737185717,0.08693406730890274,0.0956667810678482,0.13640324771404266,0.09817256778478622,0.9,0.4037483334541321,0.5043966174125671,0.5313913822174072,0.5415013432502747
68401,15.1718168258667,20.383316040039062,0.23128557205200195,0.6064081480421323,0.6436576247215271,0.41237205266952515,0.26275840401649475,0.042498279362916946,4377664,0,1,0.6140435039997101,0.5154058039188385,0.09031999856233597,0.13001582026481628,0.9477632641792297,0.2200814187526703,0.3750339448451996,,0.0005677362787537277,0.001010609557852149,0.08523443341255188,0.1011212170124054,0.1356927752494812,0.10445896536111832,0.9,0.3563423454761505,0.44859275221824646,0.46708983182907104,0.47584018111228943
68601,16.210241317749023,20.519254684448242,0.14789071679115295,0.7561993924328396,0.541285514831543,0.39339479804039,0.21776750683784485,0.12245787680149078,4390464,0,1,0.48051828145980835,0.41079747676849365,0.11247510462999344,0.12234251201152802,0.8975135684013367,0.09090909361839294,0.18887381255626678,,0.00039276666939258575,0.0021480382420122623,0.09474725276231766,0.09412913769483566,0.13116247951984406,0.09844142198562622,0.9,0.45871448516845703,0.5770576596260071,0.6053551435470581,0.6114319562911987
68801,15.360851287841797,20.374637603759766,0.3083592653274536,0.5544145636752537,0.6163275241851807,0.30796825885772705,0.18812644481658936,0.018647579476237297,4403264,0,0,0.6082963347434998,0.5272811949253082,0.09750623255968094,0.13465043902397156,0.9524012207984924,0.2518317699432373,0.44287654757499695,,0.00030791311291977763,0.0006098622689023614,0.08544174581766129,0.10024628788232803,0.13509288430213928,0.10029897838830948,0.9,0.3836723864078522,0.46797436475753784,0.49523934721946716,0.5079666376113892
69001,15.273120880126953,20.39015007019043,0.29802826046943665,0.5514353445122429,0.6336240172386169,0.3355957567691803,0.20217974483966827,0.014741267077624798,4416064,0,0,0.6168735921382904,0.5401723086833954,0.09830531477928162,0.1321738213300705,0.9576302766799927,0.25535959005355835,0.4426051676273346,,0.0003474400145933032,0.0005080251139588654,0.08705438673496246,0.09879719465970993,0.133453831076622,0.09991811960935593,0.9,0.36637595295906067,0.46192312240600586,0.48668310046195984,0.497199684381485
69201,15.226419448852539,20.451513290405273,0.12448644638061523,0.7475185679756307,0.6314345598220825,0.5069481134414673,0.33880841732025146,0.030398782342672348,4428864,0,0,0.6150471270084381,0.44001221656799316,0.08983781188726425,0.13497383892536163,0.939105212688446,0.17042063176631927,0.3297150731086731,,0.00031516177114099264,0.0007785441121086478,0.08808151632547379,0.1101134791970253,0.13601920008659363,0.11143646389245987,0.9,0.36856546998023987,0.45472291111946106,0.4757367968559265,0.48611122369766235
69401,15.19493293762207,20.836284637451172,0.27030497789382935,0.5733058653724923,0.6368184685707092,0.3665134906768799,0.2178952693939209,0.04099300503730774,4441664,0,1,0.6090642809867859,0.5348694026470184,0.09649505466222763,0.13975726068019867,0.9461802840232849,0.20515604317188263,0.3552238941192627,,0.0002848018193617463,0.0009325687424279749,0.08567606657743454,0.10849665105342865,0.14029909670352936,0.10878001153469086,0.9,0.36318153142929077,0.4513343274593353,0.47260650992393494,0.48016223311424255
69601,15.196377754211426,20.726736068725586,0.2020329236984253,0.6481939835675438,0.6277592778205872,0.42572635412216187,0.2643739879131317,0.10271839052438736,4454464,0,1,0.5979833602905273,0.4920167326927185,0.0909915640950203,0.12979400157928467,0.9242218732833862,0.17204885184764862,0.3104477822780609,,0.0004548067518044263,0.0018431205535307527,0.08871904015541077,0.10216274857521057,0.1368633508682251,0.1061839684844017,0.9,0.37224072217941284,0.4488241672515869,0.46326518058776855,0.46969369053840637
69801,14.640206336975098,20.560007095336914,0.3658321797847748,0.4612111747113137,0.6868422627449036,0.3210100829601288,0.19982069730758667,0.037913817912340164,4467264,0,0,0.6815266609191895,0.6082121133804321,0.08100123703479767,0.13794119656085968,0.9700207710266113,0.3245590329170227,0.539484441280365,,0.0005518399993889034,0.0010585898999124765,0.07875991612672806,0.10896247625350952,0.13748544454574585,0.10888940095901489,0.9,0.3131577670574188,0.37442997097969055,0.3928239941596985,0.40551498532295227
70001,15.808076858520508,20.167612075805664,0.12898722290992737,0.7650702079219686,0.5799413919448853,0.4509541690349579,0.28748664259910583,0.04305775463581085,4480064,0,1,0.5604131519794464,0.40799784660339355,0.10752331465482712,0.12831410765647888,0.9401114583015442,0.16119404137134552,0.30312076210975647,,0.00041370250983163714,0.0007451871642842889,0.09583086520433426,0.09840242564678192,0.1391802430152893,0.10451275110244751,0.9,0.42005857825279236,0.524791955947876,0.5560486912727356,0.5678970217704773
70201,15.365769386291504,20.513071060180664,0.18116915225982666,0.6788682776462818,0.617010772228241,0.4358416199684143,0.27498671412467957,0.0475035198032856,4492864,0,0,0.6089984178543091,0.4709826707839966,0.09871792793273926,0.1418931931257248,0.947920560836792,0.17503392696380615,0.3500678539276123,,0.00042190522071905434,0.0011392079759389162,0.09115966409444809,0.10572707653045654,0.14221405982971191,0.1062987744808197,0.9,0.38298919796943665,0.47223734855651855,0.49430474638938904,0.5011236667633057
70401,15.736174583435059,19.9254150390625,0.1846429407596588,0.6959555131226032,0.5773537158966064,0.39271077513694763,0.24374662339687347,0.026589354500174522,4505664,0,1,0.5677846372127533,0.4393572211265564,0.10888500511646271,0.1399829089641571,0.9528258442878723,0.20244234800338745,0.37340572476387024,,0.00037464190972968936,0.0006159347831271589,0.09765353053808212,0.10498486459255219,0.14237099885940552,0.106585793197155,0.9,0.42264628410339355,0.5243857502937317,0.5440215468406677,0.5526936054229736
70601,14.63765811920166,22.49435806274414,0.2972249984741211,0.5022144066302626,0.7001305818557739,0.40290558338165283,0.29332393407821655,0.0431169793009758,4518464,0,1,0.6848090887069702,0.575381875038147,0.08447340875864029,0.1465764343738556,0.9625694751739502,0.22469471395015717,0.4184532165527344,,0.00042244093492627144,0.0009881799342110753,0.07927453517913818,0.12170808017253876,0.1458285003900528,0.12106899172067642,0.9,0.2998694181442261,0.373016893863678,0.400511771440506,0.4107198715209961
70801,15.26039981842041,20.3142032623291,0.1592561900615692,0.6970133845924694,0.6336349844932556,0.4743787944316864,0.311709463596344,0.05155249685049057,4531264,0,0,0.6095573008060455,0.4670472741127014,0.09859246760606766,0.1469326615333557,0.9491077661514282,0.19213026762008667,0.3603799343109131,,0.0005363653181120753,0.0010916742030531168,0.09577354043722153,0.1130216121673584,0.1485644280910492,0.11449902504682541,0.9,0.3663650155067444,0.4540352523326874,0.48287540674209595,0.49482491612434387
71001,15.249310493469238,20.046600341796875,0.16845625638961792,0.6861371494924403,0.6317369341850281,0.46328067779541016,0.29794079065322876,0.025914868339896202,4544064,0,0,0.6148053705692291,0.4751811623573303,0.094935342669487,0.1528875231742859,0.9628932476043701,0.25780192017555237,0.4564450681209564,,0.0003385856980457902,0.0006984291831031442,0.09227704256772995,0.11138780415058136,0.15375328063964844,0.11224369704723358,0.9,0.36826300621032715,0.4562355577945709,0.4812505841255188,0.49062779545783997
71201,15.269965171813965,20.313499450683594,0.25918203592300415,0.5860065384330496,0.6331285834312439,0.37394654750823975,0.24198323488235474,0.04904906079173088,4556864,0,0,0.6003937125205994,0.5149468183517456,0.09894566982984543,0.13996073603630066,0.9489998817443848,0.2721845507621765,0.44667571783065796,,0.00038060342194512486,0.000968666048720479,0.09005002677440643,0.10803727805614471,0.1419406235218048,0.10905714333057404,0.9,0.3668713867664337,0.45664897561073303,0.4841316044330597,0.49631446599960327
71401,15.201674461364746,20.899797439575195,0.2259727418422699,0.6153600864081777,0.638481080532074,0.4125083386898041,0.2585126459598541,0.005169333890080452,4569664,0,0,0.6249494850635529,0.5118387341499329,0.10006770491600037,0.14497238397598267,0.9591988921165466,0.24884667992591858,0.42957937717437744,,0.00030402891570702195,0.00029703343170695007,0.09028708934783936,0.11279717087745667,0.1461155116558075,0.11322027444839478,0.9,0.36151888966560364,0.4503827393054962,0.47888869047164917,0.4904841482639313
71601,15.653748512268066,20.106225967407227,0.18206748366355896,0.6952335289408048,0.5846675038337708,0.4026000201702118,0.24126002192497253,0.036276355385780334,4582464,0,0,0.5437488555908203,0.45163750648498535,0.1057237759232521,0.13816127181053162,0.9444462060928345,0.17964722216129303,0.3340570032596588,,0.00033799646189436316,0.0008103277650661767,0.09965503960847855,0.10703232884407043,0.13950642943382263,0.10829321295022964,0.9,0.4153324365615845,0.5109797716140747,0.5301625728607178,0.536928653717041
71801,15.547727584838867,21.330324172973633,0.19599860906600952,0.6683591391344891,0.6050020456314087,0.40900343656539917,0.2684342861175537,0.07982608675956726,4595264,0,1,0.5904936194419861,0.4577118158340454,0.10346405953168869,0.1428280919790268,0.9249599575996399,0.1677069216966629,0.3123473525047302,,0.0006270430749282241,0.0014211346860975027,0.09361434727907181,0.11479780077934265,0.14512373507022858,0.11577844619750977,0.9,0.3949980139732361,0.4913942515850067,0.5185419321060181,0.5265803933143616
72001,15.056925773620605,20.102073669433594,0.198293536901474,0.6403603689501929,0.64692622423172,0.44863268733024597,0.28445225954055786,0.006952687632292509,4608064,0,0,0.630012035369873,0.5056839287281036,0.09044484049081802,0.14950600266456604,0.9638645648956299,0.2436906397342682,0.4331071972846985,,0.0002686937805265188,0.0003784485161304474,0.09280584752559662,0.11521627008914948,0.14851178228855133,0.11501727253198624,0.9,0.35307377576828003,0.4298553466796875,0.45582908391952515,0.46975263953208923
72201,15.015321731567383,21.202869415283203,0.16180568933486938,0.684669689737581,0.6486749053001404,0.486869215965271,0.3328354060649872,0.022039519622921944,4620864,0,0,0.6396886110305786,0.4712070822715759,0.09087132662534714,0.15594196319580078,0.9589747190475464,0.23202171921730042,0.4075983762741089,,0.00031959847547113895,0.0005731058190576732,0.08638133853673935,0.12378721684217453,0.1553502082824707,0.12341149151325226,0.9,0.35132506489753723,0.42524147033691406,0.44635239243507385,0.45955005288124084
72401,15.264409065246582,20.36602210998535,0.1364600658416748,0.7326946893061179,0.6259574294090271,0.4894973635673523,0.3313694894313812,0.03899150341749191,4633664,0,1,0.6110541224479675,0.43890637159347534,0.10016462206840515,0.13896110653877258,0.9551098346710205,0.19674356281757355,0.3690637946128845,,0.00036173482658341527,0.0008820053189992905,0.095492884516716,0.10598012059926987,0.14877228438854218,0.11239766329526901,0.9,0.3740425705909729,0.45957639813423157,0.4816853404045105,0.489463746547699
72601,15.435129165649414,20.29201889038086,0.24689564108848572,0.6063727242858226,0.6196635961532593,0.37276795506477356,0.24464619159698486,0.05390971899032593,4646464,0,0,0.6074139177799225,0.4950581192970276,0.10256211459636688,0.13364830613136292,0.9400908946990967,0.20135685801506042,0.3633649945259094,,0.0005137091502547264,0.0009708147845230997,0.09423183649778366,0.10410337150096893,0.13605977594852448,0.10578382015228271,0.9,0.38033634424209595,0.47597622871398926,0.5059015154838562,0.5183213949203491
72801,15.609049797058105,20.4576358795166,0.314674973487854,0.5656273114799149,0.5902395248413086,0.2755645513534546,0.1532207727432251,0.06225327402353287,4659264,0,1,0.5609909892082214,0.5147042274475098,0.09866086393594742,0.12490253895521164,0.9338257312774658,0.20651289820671082,0.33378562331199646,,0.00030848782625980675,0.001014244626276195,0.08877156674861908,0.09847616404294968,0.12725859880447388,0.10042495280504227,0.9,0.409760445356369,0.5053305625915527,0.5244956612586975,0.5314278602600098
73001,14.787367820739746,20.45956039428711,0.1965177357196808,0.6285336753761664,0.6674852967262268,0.470967561006546,0.31629738211631775,0.053547561168670654,4672064,0,0,0.6498525440692902,0.5135895609855652,0.08414771407842636,0.13516609370708466,0.9497143030166626,0.21031208336353302,0.3774762749671936,,0.0005117481341585517,0.0010609638411551714,0.09229713678359985,0.11439444124698639,0.13656626641750336,0.11452700942754745,0.9,0.3325146436691284,0.3941020369529724,0.41043972969055176,0.4174581468105316
73201,15.825202941894531,20.179319381713867,0.1731223165988922,0.7070672087458553,0.5821256041526794,0.40900328755378723,0.267017126083374,0.03570892661809921,4684864,0,1,0.5673073828220367,0.4279571771621704,0.10641110688447952,0.13094618916511536,0.9364757537841797,0.15223881602287292,0.30583447217941284,,0.0005006110877729952,0.0007633414352312684,0.09649581462144852,0.10285931080579758,0.13566452264785767,0.10562273859977722,0.9,0.41787436604499817,0.5286195278167725,0.5615123510360718,0.5743390321731567
73401,15.164356231689453,20.612295150756836,0.14542871713638306,0.7042083011412866,0.6537694931030273,0.5083407759666443,0.35130318999290466,0.031411316245794296,4697664,0,1,0.6293213665485382,0.46422356367111206,0.09432652592658997,0.12536188960075378,0.9479246735572815,0.19918589293956757,0.35359567403793335,,0.000346112297847867,0.0006619738414883614,0.08914387971162796,0.10314945131540298,0.13556605577468872,0.10996244102716446,0.9,0.3462304472923279,0.4383485019207001,0.4758804440498352,0.4902377426624298
73601,14.37987232208252,21.519811630249023,0.10798901319503784,0.7305832753756247,0.7071638107299805,0.5991747975349426,0.44286447763442993,0.02446296438574791,4710464,0,0,0.675144225358963,0.4734426736831665,0.0763401985168457,0.1602974236011505,0.9688438773155212,0.21465401351451874,0.39945727586746216,,0.0004477882757782936,0.0007779200095683336,0.08605974167585373,0.13227880001068115,0.15901529788970947,0.131265789270401,0.9,0.29283618927001953,0.3441547751426697,0.3574317395687103,0.36404216289520264
73801,14.85429859161377,21.412090301513672,0.13323402404785156,0.7182695698577519,0.6603208780288696,0.5270868539810181,0.3602561354637146,0.03474481776356697,4723264,0,0,0.6558438539505005,0.46825671195983887,0.08666053414344788,0.17092639207839966,0.9668394327163696,0.2651289105415344,0.4567164480686188,,0.0003455845289863646,0.0007795245037414134,0.08935314416885376,0.1269630789756775,0.16880425810813904,0.12626105546951294,0.9,0.3396790623664856,0.4033263325691223,0.4215613007545471,0.43367883563041687
74001,14.876208305358887,22.22932243347168,0.24162715673446655,0.574699927484049,0.6734938025474548,0.4318666458129883,0.30221647024154663,0.033363934606313705,4736064,0,0,0.6694000363349915,0.5316409766674042,0.08756458759307861,0.14207561314105988,0.938511073589325,0.2097693383693695,0.36119404435157776,,0.000501718488521874,0.0007168542360886931,0.0841171070933342,0.12142957746982574,0.14193780720233917,0.12151288241147995,0.9,0.3265061676502228,0.40316423773765564,0.4346283972263336,0.4436037838459015
74201,14.821306228637695,20.44939422607422,0.14673256874084473,0.6940923850033738,0.6670695543289185,0.5203369855880737,0.37237557768821716,0.00870868843048811,4748864,0,0,0.6626670360565186,0.4682554006576538,0.08443590253591537,0.16009840369224548,0.9632807374000549,0.2659430205821991,0.45997288823127747,,0.00027195364236831665,0.00036523042945191264,0.08588718622922897,0.12328650057315826,0.15835973620414734,0.12249667942523956,0.9,0.33293047547340393,0.4044508934020996,0.4230155050754547,0.42823144793510437
74401,14.796404838562012,21.555068969726562,0.08475953340530396,0.7912860319631144,0.678655743598938,0.593896210193634,0.43252938985824585,0.04823894426226616,4761664,0,0,0.6565854847431183,0.43288326263427734,0.08589768409729004,0.16525901854038239,0.9647075533866882,0.1951153427362442,0.38995930552482605,,0.0005727551761083305,0.0011241291649639606,0.08462727814912796,0.12417985498905182,0.16388066112995148,0.12322840094566345,0.9,0.3213442862033844,0.3990199863910675,0.41799449920654297,0.42685508728027344
74601,14.99852180480957,20.29918670654297,0.18330711126327515,0.6516746867784476,0.6570544838905334,0.4737473726272583,0.3165498673915863,0.014234993606805801,4774464,0,0,0.6450322270393372,0.4980739951133728,0.09160416573286057,0.14822357892990112,0.9645430445671082,0.24586160480976105,0.4515604078769684,,0.00028909745742566884,0.0004560892703011632,0.09068068861961365,0.11271578073501587,0.14938946068286896,0.11346061527729034,0.9,0.34294548630714417,0.41998952627182007,0.4456058144569397,0.4588351845741272
74801,15.40560531616211,20.198204040527344,0.2091236114501953,0.6489422376126113,0.6134278774261475,0.40430426597595215,0.24743464589118958,0.04180255904793739,4787264,0,0,0.6015259921550751,0.4867710471153259,0.09837766736745834,0.14649698138237,0.950538694858551,0.18724559247493744,0.3609226644039154,,0.0003742660628631711,0.0008978304686024785,0.09447833150625229,0.10772977024316788,0.14648592472076416,0.10752302408218384,0.9,0.38657212257385254,0.47650614380836487,0.5006088018417358,0.5085689425468445
75001,15.6163330078125,20.201934814453125,0.17778843641281128,0.69613324113133,0.5927016139030457,0.4149131774902344,0.26154765486717224,0.05623135715723038,4800064,0,1,0.569450855255127,0.44740402698516846,0.10408651828765869,0.13606499135494232,0.9404301047325134,0.1842605173587799,0.3289009630680084,,0.00037858576979488134,0.0012353442143648863,0.09754028171300888,0.10502453148365021,0.1415882706642151,0.10848145186901093,0.9,0.40729838609695435,0.5026862621307373,0.5249330997467041,0.5325681567192078
75201,14.835122108459473,22.71457290649414,0.1494852900505066,0.6841502277743102,0.676205575466156,0.5267202854156494,0.38801389932632446,0.013736698776483536,4812864,0,0,0.6397128105163574,0.47020113468170166,0.08912160247564316,0.1475602686405182,0.9567524790763855,0.19972863793373108,0.3671641945838928,,0.0005277682794257998,0.0005269750254228711,0.08377774059772491,0.12459801137447357,0.14639221131801605,0.12360165268182755,0.9,0.3237944543361664,0.4049712121486664,0.4246598482131958,0.4325791597366333
75401,15.524415969848633,20.394943237304688,0.21129873394966125,0.6472962756772587,0.6122159361839294,0.4009172022342682,0.2336418181657791,0.07786375284194946,4825664,0,0,0.5856419503688812,0.49325597286224365,0.10320603102445602,0.13706038892269135,0.9379713535308838,0.19728630781173706,0.3546811640262604,,0.00035937578650191426,0.00117813004180789,0.09477623552083969,0.10457001626491547,0.13893239200115204,0.10581903904676437,0.9,0.38778403401374817,0.48723703622817993,0.5172707438468933,0.5282333493232727
75601,15.531476974487305,20.44388198852539,0.22670871019363403,0.6345656701038357,0.6063271760940552,0.37961846590042114,0.23221974074840546,0.02962397411465645,4838464,0,0,0.5772782862186432,0.48637068271636963,0.10094083845615387,0.13180917501449585,0.9307162761688232,0.13215740025043488,0.2664857506752014,,0.0004031704447697848,0.000624511216301471,0.09786920994520187,0.10737283527851105,0.13236504793167114,0.10804885625839233,0.9,0.3936728239059448,0.4936782121658325,0.5219647884368896,0.5284850597381592
75801,15.063411712646484,20.643754959106445,0.3740061819553375,0.4792359616340872,0.65581876039505,0.2818125784397125,0.15567153692245483,0.0236166063696146,4851264,0,1,0.6299867033958435,0.591339498758316,0.09720930457115173,0.12249353528022766,0.9618745446205139,0.3123473525047302,0.4724559187889099,,0.0003040706505998969,0.0004596399958245456,0.08733613789081573,0.09845073521137238,0.12988704442977905,0.10271737724542618,0.9,0.3441811800003052,0.4316858649253845,0.4601730704307556,0.4700382351875305
76001,14.803489685058594,21.665481567382812,0.18644315004348755,0.6342026680543902,0.6767534017562866,0.4903102517127991,0.37809666991233826,0.017754457890987396,4864064,0,0,0.6782429218292236,0.47867751121520996,0.07988472282886505,0.1644601672887802,0.9602545499801636,0.2499321699142456,0.4510176479816437,,0.0004444792866706848,0.0006424107705242932,0.08070560544729233,0.12997043132781982,0.16163890063762665,0.1286870390176773,0.9,0.3232465982437134,0.40004709362983704,0.4228377044200897,0.43208545446395874
76201,15.396533012390137,19.95405387878418,0.14302325248718262,0.7344329657758991,0.6044652462005615,0.4614419937133789,0.29188257455825806,0.030802514404058456,4876864,0,1,0.5969772338867188,0.4398064613342285,0.0971340611577034,0.14940720796585083,0.9525647163391113,0.17774763703346252,0.3584803342819214,,0.00027158152079209685,0.0007838403107598424,0.10056828707456589,0.1114630401134491,0.15115021169185638,0.11289963126182556,0.9,0.3955347537994385,0.4784242510795593,0.49544745683670044,0.501194417476654
76401,14.975471496582031,20.387832641601562,0.28298377990722656,0.5445816333930494,0.6616127490997314,0.3786289691925049,0.23720456659793854,0.01161955762654543,4889664,0,0,0.6467388570308685,0.5560746788978577,0.0904756635427475,0.1369255930185318,0.9561850428581238,0.24341927468776703,0.4293080270290375,,0.00027747201966121793,0.0005114928353577852,0.08838657289743423,0.11336705088615417,0.13650667667388916,0.11334145814180374,0.9,0.33838722109794617,0.4158780872821808,0.447066068649292,0.46295979619026184
76601,15.181496620178223,19.997594833374023,0.15191501379013062,0.707184759105444,0.6331065893173218,0.48119157552719116,0.30502957105636597,0.07480484247207642,4902464,0,0,0.6062365770339966,0.47240614891052246,0.09819307178258896,0.15353050827980042,0.9569281935691833,0.2238806039094925,0.4094979763031006,,0.0002969733905047178,0.001565300626680255,0.09911336749792099,0.1108047217130661,0.1547234058380127,0.11185835301876068,0.9,0.36689338088035583,0.44947537779808044,0.46392199397087097,0.47163233160972595
76801,14.67537784576416,20.719627380371094,0.27694499492645264,0.5155682090562008,0.7052546143531799,0.4283096194267273,0.3148460388183594,0.02991919033229351,4915264,0,1,0.6881992816925049,0.5689593553543091,0.0857858955860138,0.1435874104499817,0.9742989540100098,0.34084126353263855,0.5603799223899841,,0.00044270543730817735,0.0007759429863654077,0.08238262683153152,0.1173151433467865,0.14738322794437408,0.11984647810459137,0.9,0.2947453558444977,0.37691420316696167,0.4111974239349365,0.42530879378318787
77001,15.103096008300781,20.402568817138672,0.13702982664108276,0.7186555356528126,0.6499762535095215,0.5129464268684387,0.3466428518295288,0.06195027381181717,4928064,0,1,0.6312425136566162,0.46270155906677246,0.09330485761165619,0.14928647875785828,0.954658567905426,0.22333785891532898,0.40027138590812683,,0.0004237134999129921,0.00131256936583668,0.08852774649858475,0.11457560956478119,0.1529952585697174,0.11692048609256744,0.9,0.3500237464904785,0.4360412359237671,0.46089205145835876,0.470246821641922
77201,15.366374969482422,20.292444229125977,0.2689230740070343,0.5824650576260031,0.6248498558998108,0.3559267818927765,0.21866559982299805,0.03631597384810448,4940864,0,0,0.607158750295639,0.5189931690692902,0.09746760874986649,0.13242964446544647,0.9450176954269409,0.2021709680557251,0.37286296486854553,,0.0004903404042124748,0.0009697612840682268,0.09239902347326279,0.10682040452957153,0.13340170681476593,0.10761134326457977,0.9,0.3751501142978668,0.47284090518951416,0.49707990884780884,0.5071159601211548
77401,15.253034591674805,20.24759864807129,0.19668331742286682,0.6435267554638127,0.6449355483055115,0.44825223088264465,0.27531740069389343,0.03687037155032158,4953664,0,0,0.6330358982086182,0.5096191465854645,0.0997638925909996,0.14133596420288086,0.9592009782791138,0.18860244750976562,0.385074645280838,,0.0005324760568328202,0.0010053177829831839,0.09648273140192032,0.10805962234735489,0.14407572150230408,0.10969822853803635,0.9,0.3550644516944885,0.45484116673469543,0.48650601506233215,0.49591901898384094
77601,14.8516206741333,20.484453201293945,0.12141436338424683,0.7332046198542878,0.6663301587104797,0.5449157953262329,0.37984710931777954,0.04862646386027336,4966464,0,1,0.6545509696006775,0.46059513092041016,0.0877796858549118,0.1592545509338379,0.964387834072113,0.23772050440311432,0.44721847772598267,,0.0003892576787620783,0.0011931436602026224,0.08612044900655746,0.12209539860486984,0.1604619324207306,0.12369401007890701,0.9,0.33366984128952026,0.4091198444366455,0.4230051636695862,0.42795759439468384
77801,15.852608680725098,20.381380081176758,0.22972959280014038,0.6493012271745069,0.5746671557426453,0.3449375629425049,0.1886279582977295,0.028599249199032784,4979264,0,1,0.5597256720066071,0.4747319221496582,0.09951404482126236,0.1240186020731926,0.9213477969169617,0.16824966669082642,0.2887381315231323,,0.0005585240432992578,0.0007004756480455399,0.09307115525007248,0.10386160016059875,0.12833555042743683,0.10707820951938629,0.9,0.42533281445503235,0.5321144461631775,0.5613992214202881,0.5741117596626282
78001,15.329288482666016,20.219388961791992,0.18257275223731995,0.6674303416228493,0.6335967779159546,0.45102402567863464,0.2950124442577362,0.033068928867578506,4992064,0,0,0.6112093925476074,0.47951656579971313,0.09896883368492126,0.13934925198554993,0.9543409943580627,0.2021709680557251,0.3799186050891876,,0.0005014559137634933,0.0008986620232462883,0.0934818834066391,0.10793395340442657,0.14080946147441864,0.10899987071752548,0.9,0.3664032220840454,0.46339812874794006,0.4958992302417755,0.5100991129875183
78201,15.292522430419922,21.40263557434082,0.17471158504486084,0.6837195480792202,0.6223170757293701,0.4476054906845093,0.29425114393234253,0.021888568997383118,5004864,0,0,0.6151951253414154,0.46354174613952637,0.09611054509878159,0.15263980627059937,0.9515316486358643,0.1709633767604828,0.34029853343963623,,0.0003840448334813118,0.0006704906700178981,0.09268932044506073,0.11969617754220963,0.15212449431419373,0.11967865377664566,0.9,0.3776828944683075,0.46367594599723816,0.48422616720199585,0.493611603975296
78401,15.233173370361328,20.22487449645996,0.25718116760253906,0.579768589426312,0.6451822519302368,0.38800108432769775,0.25941747426986694,0.02420160546898842,5017664,0,0,0.6361073851585388,0.5205303728580475,0.09560240060091019,0.14415153861045837,0.9596121311187744,0.28141114115715027,0.47299864888191223,,0.00034523976501077414,0.000640364654827863,0.08895532041788101,0.11158998310565948,0.14350956678390503,0.1116219013929367,0.9,0.3548177182674408,0.45709553360939026,0.4828992486000061,0.4945749342441559
78601,14.883111000061035,21.314931869506836,0.1969532072544098,0.6335149107482373,0.6595419645309448,0.46258875727653503,0.32024240493774414,0.14236409962177277,5030464,0,0,0.6233183741569519,0.4988250136375427,0.08425983041524887,0.14810891449451447,0.9331657886505127,0.19972863793373108,0.35359567403793335,,0.0005765036912634969,0.0026262525934726,0.08852886408567429,0.1282939612865448,0.14840948581695557,0.12811033427715302,0.9,0.3404580056667328,0.40457603335380554,0.4163512885570526,0.42159080505371094
78801,15.247027397155762,20.29282569885254,0.2831626534461975,0.5688966397723956,0.6263302564620972,0.34316760301589966,0.20781396329402924,0.03612087666988373,5043264,0,1,0.59011310338974,0.5274158120155334,0.09726497530937195,0.1285630464553833,0.9523426294326782,0.21791045367717743,0.3755766749382019,,0.0003965520882047713,0.0007620222750119865,0.0921945795416832,0.10277491807937622,0.13527926802635193,0.10649888962507248,0.9,0.37366974353790283,0.4631181061267853,0.47776278853416443,0.48129549622535706
79001,14.51746654510498,20.81631851196289,0.15774601697921753,0.6526055707777662,0.7036626935005188,0.5459166765213013,0.4024636447429657,0.03406747058033943,5056064,0,0,0.6953015327453613,0.5029608607292175,0.07695697993040085,0.16441747546195984,0.9698954224586487,0.2651289105415344,0.48168250918388367,,0.0005377072375267744,0.0008461467223241925,0.07719495892524719,0.13291162252426147,0.16271625459194183,0.13222315907478333,0.9,0.2963373064994812,0.36326900124549866,0.38095030188560486,0.3892052173614502
79201,15.537320137023926,20.1805477142334,0.09544700384140015,0.8062285047576015,0.6028719544410706,0.5074249505996704,0.31075620651245117,0.03680906444787979,5068864,0,0,0.574970543384552,0.4219779968261719,0.1011330708861351,0.14396771788597107,0.9454113841056824,0.16146540641784668,0.3156038224697113,,0.00036023062421008945,0.0008233687840402126,0.09685242921113968,0.10931339859962463,0.14562460780143738,0.11056815832853317,0.9,0.39712801575660706,0.49279525876045227,0.5190340280532837,0.5309363007545471
79401,15.033079147338867,20.528913497924805,0.2599474787712097,0.5710827919737355,0.6538923382759094,0.3939448595046997,0.24777571856975555,0.024261020123958588,5081664,0,1,0.6440906524658203,0.5386839807033539,0.09152844548225403,0.14076709747314453,0.9580188393592834,0.25807327032089233,0.44721847772598267,,0.0003146980016026646,0.0006053122924640775,0.08471350371837616,0.10887889564037323,0.14451590180397034,0.11121415346860886,0.9,0.3461076617240906,0.4302910268306732,0.4524056911468506,0.46198877692222595
79601,14.651084899902344,20.5967960357666,0.31306296586990356,0.4985480561156071,0.6887499690055847,0.37568700313568115,0.22839045524597168,0.010301890783011913,5094464,0,1,0.6848263144493103,0.5965027809143066,0.08652493357658386,0.14410820603370667,0.973368763923645,0.28982362151145935,0.4930800795555115,,0.0002733040601015091,0.0004257216933183372,0.08833909779787064,0.10893429070711136,0.14641821384429932,0.1101704016327858,0.9,0.3112499713897705,0.38686951994895935,0.40026992559432983,0.40513983368873596
79801,14.90614128112793,20.648542404174805,0.16749802231788635,0.6684398482102167,0.662316620349884,0.4948185980319977,0.37068241834640503,0.016175927594304085,5107264,0,1,0.6534363031387329,0.46138840913772583,0.0881936326622963,0.14039313793182373,0.9539051055908203,0.22170963883399963,0.39511534571647644,,0.00032546970760449767,0.0005094567313790321,0.08695773035287857,0.11412127315998077,0.14681358635425568,0.1186453253030777,0.9,0.33768337965011597,0.4136362075805664,0.43484464287757874,0.4436843693256378
80001,15.394959449768066,20.50457000732422,0.1561739146709442,0.7122886531035336,0.6133593320846558,0.45718541741371155,0.30104830861091614,0.04431435838341713,5120064,0,1,0.6039840281009674,0.4455137252807617,0.09648191928863525,0.1405910700559616,0.9407909512519836,0.16282226145267487,0.2976933717727661,,0.0003377991379238665,0.0008194312686100602,0.09350927174091339,0.11327560991048813,0.14233648777008057,0.11508743464946747,0.9,0.38664063811302185,0.47638511657714844,0.4968375563621521,0.5031340718269348
80201,15.224740982055664,20.369516372680664,0.288544625043869,0.5571587579251123,0.6369688510894775,0.3484242260456085,0.21890586614608765,0.018774187192320824,5132864,0,0,0.6276264786720276,0.5349121689796448,0.09907177090644836,0.1346145123243332,0.9526202082633972,0.23012211918830872,0.4067842662334442,,0.000356990669388324,0.0006524453638121486,0.09443306922912598,0.10623540729284286,0.1351282149553299,0.10694306343793869,0.9,0.36303117871284485,0.4521203637123108,0.48045650124549866,0.4909835159778595
80401,15.376994132995605,21.006996154785156,0.1798117756843567,0.6840440595811889,0.6107078194618225,0.4308960437774658,0.2864329516887665,0.014027814380824566,5145664,0,1,0.5885491371154785,0.4526158571243286,0.09649697691202164,0.14757460355758667,0.9464177489280701,0.20325645804405212,0.36200815439224243,,0.00032244870089925826,0.0004764424520544708,0.0888652428984642,0.1171276718378067,0.14906860888004303,0.11846230924129486,0.9,0.3892920911312103,0.47555848956108093,0.4957447648048401,0.5059037804603577
80601,14.842975616455078,20.59686279296875,0.30400386452674866,0.5224045522125833,0.6674737930297852,0.3634699285030365,0.22638605535030365,0.0199501384049654,5158464,0,0,0.644756406545639,0.5700790286064148,0.08717229217290878,0.13547904789447784,0.9582459330558777,0.2773405909538269,0.478426069021225,,0.0003706339921336621,0.0005783174419775605,0.085118368268013,0.11168389022350311,0.137013241648674,0.11216913163661957,0.9,0.33252620697021484,0.4038974642753601,0.4242459237575531,0.43573084473609924
80801,15.937321662902832,20.28447914123535,0.24688726663589478,0.6420503150578329,0.5571610927581787,0.31027382612228394,0.1723216325044632,0.03813312202692032,5171264,0,0,0.5340522229671478,0.4639703631401062,0.10570227354764938,0.13027134537696838,0.9285905957221985,0.16662144660949707,0.30122119188308716,,0.0003691658203024417,0.0007803078042343259,0.09690073877573013,0.1059325709939003,0.13205960392951965,0.1070442870259285,0.9,0.4428388774394989,0.5450154542922974,0.5701186060905457,0.5797033309936523
81001,15.097792625427246,20.7236270904541,0.29826924204826355,0.5449302828494513,0.64283287525177,0.34456363320350647,0.21165762841701508,0.0070068263448774815,5184064,0,0,0.6330740451812744,0.5461462438106537,0.09435247629880905,0.13525399565696716,0.9509744644165039,0.21736770868301392,0.39945727586746216,,0.0002819410292431712,0.00040324608562514186,0.08748814463615417,0.11149885505437851,0.13485603034496307,0.11165779083967209,0.9,0.3571670949459076,0.43948233127593994,0.46091586351394653,0.46941515803337097
81201,14.854636192321777,20.891645431518555,0.34551307559013367,0.4915032295600636,0.6660336852073669,0.3205206096172333,0.1970941573381424,0.020765213295817375,5196864,0,1,0.6555536985397339,0.5836368501186371,0.08264076709747314,0.13055333495140076,0.9554881453514099,0.26811397075653076,0.42686569690704346,,0.0004891474382020533,0.000683663587551564,0.08334223926067352,0.10648074001073837,0.1380053609609604,0.11196155101060867,0.9,0.33396631479263306,0.40875592827796936,0.42571908235549927,0.43264660239219666
81401,15.302797317504883,20.607927322387695,0.34518447518348694,0.5150957492214613,0.6333233714103699,0.28813889622688293,0.17050562798976898,0.022959504276514053,5209664,0,1,0.6268233060836792,0.5566701292991638,0.09473603963851929,0.11824987083673477,0.9490830898284912,0.25345999002456665,0.41031208634376526,,0.0003616804606281221,0.0005080888513475657,0.08406521379947662,0.09682957082986832,0.12338198721408844,0.10015563666820526,0.9,0.36667659878730774,0.45820170640945435,0.4911327064037323,0.5077028870582581
81601,15.967207908630371,20.441404342651367,0.11752510070800781,0.7902688045716274,0.5571644902229309,0.4396393895149231,0.26873329281806946,0.07533034682273865,5222464,0,0,0.5227484405040741,0.3933568000793457,0.10671082884073257,0.13072991371154785,0.9136518836021423,0.11343283951282501,0.2200814187526703,,0.0004174489586148411,0.0013424975331872702,0.09748482704162598,0.10393579304218292,0.1326032280921936,0.10547898709774017,0.9,0.4428355097770691,0.5488008260726929,0.5705697536468506,0.5789856910705566
81801,14.810771942138672,22.85544204711914,0.21702247858047485,0.5991816598814751,0.675574004650116,0.4585515260696411,0.34565672278404236,0.03750193491578102,5235264,0,0,0.6694092154502869,0.5032041072845459,0.08469416946172714,0.13946576416492462,0.9466109275817871,0.22686567902565002,0.3731343448162079,,0.0008225261117331684,0.0011763399234041572,0.07747948914766312,0.11384248733520508,0.13714739680290222,0.11224852502346039,0.9,0.32442596554756165,0.39830225706100464,0.41365304589271545,0.42138636112213135
82001,15.812755584716797,20.393789291381836,0.20272743701934814,0.6776671882506101,0.5737891793251038,0.3710617423057556,0.2196151316165924,0.03344034031033516,5248064,0,0,0.5631908476352692,0.45224982500076294,0.10189006477594376,0.12767159938812256,0.9282749891281128,0.15929444134235382,0.30691996216773987,,0.00041448164847679436,0.000817395281046629,0.09286027401685715,0.10319201648235321,0.12929177284240723,0.10451779514551163,0.9,0.42621082067489624,0.5302965044975281,0.5553732514381409,0.5653355121612549
82201,15.069683074951172,20.438608169555664,0.15836438536643982,0.6879853478692035,0.6508100628852844,0.4924456775188446,0.33286386728286743,0.024117974564433098,5260864,0,0,0.6422212719917297,0.47609609365463257,0.09226826578378677,0.13168875873088837,0.950609564781189,0.17014926671981812,0.33649933338165283,,0.0003205900138709694,0.0005444482085295022,0.09225184470415115,0.10996951162815094,0.13239793479442596,0.11095491796731949,0.9,0.3491898775100708,0.43616363406181335,0.4562644064426422,0.46353915333747864
82401,15.491949081420898,20.835365295410156,0.24851647019386292,0.5909058552487404,0.6410365700721741,0.39252009987831116,0.26133206486701965,0.10031214356422424,5273664,0,1,0.5954168736934662,0.5128375291824341,0.09491507709026337,0.1217738687992096,0.9329509735107422,0.20189960300922394,0.3416553735733032,,0.0006767348968423903,0.001784501364454627,0.08690302819013596,0.09884151816368103,0.12700673937797546,0.10235712677240372,0.9,0.35896340012550354,0.47794270515441895,0.5221924185752869,0.5361520051956177
82601,14.889405250549316,20.697195053100586,0.2775135338306427,0.546959254347361,0.6649559736251831,0.3874424397945404,0.25842276215553284,0.014150936156511307,5286464,0,0,0.6487370133399963,0.5471585690975189,0.08643914759159088,0.1447662115097046,0.9540582895278931,0.2404341995716095,0.4455902576446533,,0.00038563308771699667,0.0005481218686327338,0.08187063038349152,0.11331251263618469,0.14316976070404053,0.11303704231977463,0.9,0.33504393696784973,0.41346490383148193,0.4313792288303375,0.43888619542121887
82801,15.144491195678711,20.24452018737793,0.16134023666381836,0.6904468327305439,0.6401365995407104,0.4787963628768921,0.3135855793952942,0.05217086151242256,5299264,0,0,0.6118430495262146,0.4753144383430481,0.09297244995832443,0.13981309533119202,0.9505509734153748,0.19728630781173706,0.3763907849788666,,0.00033283024094998837,0.0010270420461893082,0.09174979478120804,0.1120133176445961,0.1409318447113037,0.11259706318378448,0.9,0.3598633408546448,0.43878093361854553,0.46383848786354065,0.47453659772872925
83001,14.877918243408203,20.835277557373047,0.3514038324356079,0.47900236303833355,0.6769212484359741,0.3255174160003662,0.21375150978565216,0.029249653220176697,5312064,0,1,0.6600635349750519,0.5883183181285858,0.08720715343952179,0.1228833943605423,0.9600839614868164,0.2635006904602051,0.45753055810928345,,0.0003572286805137992,0.0006563253118656576,0.08008935302495956,0.10246910154819489,0.12902386486530304,0.10664526373147964,0.9,0.3230787217617035,0.40125587582588196,0.4345807731151581,0.44906869530677795
83201,15.400141716003418,20.257984161376953,0.12820959091186523,0.7459240656685298,0.6235982775688171,0.4953886866569519,0.3330932855606079,0.03455187752842903,5324864,0,0,0.5908264517784119,0.4347708225250244,0.10133179277181625,0.13773690164089203,0.9456570744514465,0.1696065217256546,0.3253731429576874,,0.0003490071976557374,0.0007682801224291325,0.09612704068422318,0.10563497245311737,0.13998059928417206,0.107525534927845,0.9,0.3764016628265381,0.4761739671230316,0.5036030411720276,0.5153380036354065
83401,15.319917678833008,20.142234802246094,0.2131381630897522,0.6409292811837731,0.6195554733276367,0.4064173102378845,0.2439117282629013,0.03044579178094864,5337664,0,1,0.6154114603996277,0.4957119822502136,0.10054227709770203,0.14150014519691467,0.9554336667060852,0.2149253785610199,0.3793758749961853,,0.0003108060045633465,0.000757733010686934,0.0971117690205574,0.10783651471138,0.14237992465496063,0.10824742168188095,0.9,0.3804444968700409,0.4678035378456116,0.48649999499320984,0.49560481309890747
83601,15.57665729522705,20.35657501220703,0.15704727172851562,0.7127509230497014,0.6103187203407288,0.45327144861221313,0.2790367305278778,0.05546335130929947,5350464,0,0,0.5828261971473694,0.45810842514038086,0.10352090001106262,0.13427428901195526,0.9440063238143921,0.15739485621452332,0.32184532284736633,,0.0006237271009013057,0.0011820705840364099,0.09366856515407562,0.1032014712691307,0.13572180271148682,0.1044781357049942,0.9,0.38968124985694885,0.49186110496520996,0.5252237319946289,0.5395727753639221
83801,14.904382705688477,21.51800537109375,0.16088616847991943,0.677440124892942,0.6621069312095642,0.5012207627296448,0.36390578746795654,0.07202250510454178,5363264,0,0,0.6389200091362,0.46760714054107666,0.08540612459182739,0.15432780981063843,0.9489145278930664,0.20162822306156158,0.37340572476387024,,0.000834909500554204,0.001662624068558216,0.08095917850732803,0.12622646987438202,0.15210306644439697,0.12499396502971649,0.9,0.3378930389881134,0.41089966893196106,0.4260281026363373,0.43432101607322693
84001,15.239108085632324,21.461658477783203,0.12917214632034302,0.7374570141162577,0.6371683478355408,0.5079962015151978,0.34569698572158813,0.03553171828389168,5376064,0,0,0.6204378306865692,0.44450485706329346,0.09488973766565323,0.14995978772640228,0.9418240189552307,0.18127544224262238,0.3386702835559845,,0.00029433693271130323,0.0008388798451051116,0.08625912666320801,0.11919848620891571,0.14920422434806824,0.1186257153749466,0.9,0.3628316819667816,0.4585617482662201,0.47967153787612915,0.49207329750061035
84201,15.184646606445312,20.1503849029541,0.20832112431526184,0.6363897446269008,0.6353968977928162,0.4270757734775543,0.2598460614681244,0.019815249368548393,5388864,0,0,0.6214035153388977,0.5072584450244904,0.09354279935359955,0.1382933259010315,0.9582737684249878,0.1861601173877716,0.3698779046535492,,0.0003598436014726758,0.00056525191757828,0.09076201915740967,0.10630404204130173,0.1399291604757309,0.10756128281354904,0.9,0.3646031320095062,0.4493270218372345,0.4713810682296753,0.4823402166366577
84401,15.156993865966797,20.331279754638672,0.24214273691177368,0.5968863504931058,0.6414616703987122,0.3993189334869385,0.2278827279806137,0.015525087714195251,5401664,0,0,0.6423254907131195,0.5348767340183258,0.09581823647022247,0.1383238285779953,0.9573383927345276,0.24721845984458923,0.40515604615211487,,0.00031666160793974996,0.00044927088310942054,0.09083817154169083,0.10749845951795578,0.1388939917087555,0.10770606994628906,0.9,0.35853835940361023,0.44619014859199524,0.4699977934360504,0.48135194182395935
84601,15.097554206848145,20.42447280883789,0.25475603342056274,0.5691378446352781,0.6634856462478638,0.408729612827301,0.26425617933273315,0.02451513521373272,5414464,0,1,0.6659156680107117,0.5421654880046844,0.09170599281787872,0.13062205910682678,0.9612928032875061,0.27272728085517883,0.4312076270580292,,0.0002917509409599006,0.0005504211876541376,0.08646788448095322,0.10288386791944504,0.13792407512664795,0.10709274560213089,0.9,0.33651432394981384,0.43507450819015503,0.4677661657333374,0.48407313227653503
84801,15.376294136047363,21.4002685546875,0.14082658290863037,0.736351131294833,0.6066821217536926,0.46585553884506226,0.30973461270332336,0.06319067627191544,5427264,0,0,0.5611986517906189,0.4290234446525574,0.09580038487911224,0.15425047278404236,0.9363534450531006,0.16282226145267487,0.3112618923187256,,0.00028975671739317477,0.0011584379244595766,0.08894012123346329,0.1204974353313446,0.15320971608161926,0.12002680450677872,0.9,0.39331793785095215,0.4769437611103058,0.4914683699607849,0.4949777126312256
85001,15.549827575683594,20.09864616394043,0.18627586960792542,0.6814951449315132,0.6014311909675598,0.4151553213596344,0.24337205290794373,0.030684325844049454,5440064,0,0,0.5852400660514832,0.4717056155204773,0.09905917942523956,0.14044299721717834,0.948491096496582,0.19050204753875732,0.3603799343109131,,0.0003516411525197327,0.0007901426288299263,0.09497598558664322,0.10896429419517517,0.14143610000610352,0.10968901962041855,0.9,0.3985688090324402,0.5031008124351501,0.5188886523246765,0.5274032950401306
85201,15.542343139648438,21.4464054107666,0.11489677429199219,0.7743917618293615,0.6056211590766907,0.4907243847846985,0.3127659857273102,0.07372274994850159,5452864,0,0,0.5856963694095612,0.42545169591903687,0.0975453332066536,0.1496838480234146,0.9307903051376343,0.14165537059307098,0.27082768082618713,,0.0003361145791132003,0.0013645865255966783,0.08890446275472641,0.11653082817792892,0.1492629498243332,0.1168861910700798,0.9,0.3943788409233093,0.49781230092048645,0.5182710886001587,0.523354172706604
85401,14.900503158569336,21.284147262573242,0.17797797918319702,0.6587309324598174,0.6564599275588989,0.4784819483757019,0.3172634243965149,0.022391723468899727,5465664,0,0,0.634257048368454,0.49568599462509155,0.08681138604879379,0.15383747220039368,0.9658289551734924,0.2423337996006012,0.4162822365760803,,0.0002853695477824658,0.0007306918269023299,0.08838272094726562,0.1205008327960968,0.15383274853229523,0.12060996145009995,0.9,0.3435400724411011,0.4186915457248688,0.4289127588272095,0.4341128468513489
85601,15.013392448425293,20.410823822021484,0.26363977789878845,0.5642254103236259,0.6586486101150513,0.3950088322162628,0.24998556077480316,0.019225360825657845,5478464,0,1,0.6416027843952179,0.5440189838409424,0.09207464754581451,0.13711881637573242,0.959730327129364,0.2461329847574234,0.4374491274356842,,0.0002753419685177505,0.0005379325011745095,0.08803293108940125,0.1103220134973526,0.1414886862039566,0.1134483739733696,0.9,0.34135138988494873,0.4266815185546875,0.45019689202308655,0.46211105585098267
85801,15.424311637878418,20.127655029296875,0.12092280387878418,0.7638433340662976,0.608877956867218,0.48795515298843384,0.3132435083389282,0.023406384512782097,5491264,0,1,0.6046106517314911,0.4284698963165283,0.09582860767841339,0.15266534686088562,0.9559332132339478,0.20108549296855927,0.35305294394493103,,0.0003050706582143903,0.0005469773896038532,0.09121696650981903,0.11628510057926178,0.15561816096305847,0.11831730604171753,0.9,0.3911219537258148,0.48685526847839355,0.5026025772094727,0.5065922737121582
86001,14.870354652404785,20.57297706604004,0.3471519351005554,0.4880936644038491,0.6689967513084412,0.32184481620788574,0.18984897434711456,0.024748025462031364,5504064,0,1,0.6719619929790497,0.5904895961284637,0.09052182734012604,0.12927624583244324,0.9601003527641296,0.29742199182510376,0.4765264689922333,,0.0003793505020439625,0.0006647674599662423,0.0853656753897667,0.10216277837753296,0.13173608481884003,0.10428193211555481,0.9,0.33100318908691406,0.4051205813884735,0.4287870526313782,0.44165825843811035
86201,15.604549407958984,19.958986282348633,0.15594908595085144,0.7250279936053352,0.588803768157959,0.43285468220710754,0.25491178035736084,0.019768070429563522,5516864,0,0,0.5742020606994629,0.447365403175354,0.10469230264425278,0.14337104558944702,0.9496958255767822,0.18507462739944458,0.34735414385795593,,0.00028652549372054636,0.000523650087416172,0.10027981549501419,0.10945992171764374,0.1443835347890854,0.10989299416542053,0.9,0.41119620203971863,0.5053921341896057,0.522805392742157,0.5310796499252319
86401,14.55805778503418,21.724626541137695,0.21234166622161865,0.592342380485724,0.6914592981338501,0.47911763191223145,0.3290400803089142,0.03445272147655487,5529664,0,1,0.6843931972980499,0.539682149887085,0.07873261719942093,0.15726470947265625,0.9635953307151794,0.21383990347385406,0.41411128640174866,,0.00048220547614619136,0.0009099290473386645,0.08332191407680511,0.12488731741905212,0.15429404377937317,0.12368842214345932,0.9,0.3085407018661499,0.3702751398086548,0.38180357217788696,0.3878503143787384
86601,15.093250274658203,20.35396957397461,0.2939799129962921,0.5372648187242379,0.6586707234382629,0.3646908104419708,0.23889338970184326,0.05010281875729561,5542464,0,1,0.6356187760829926,0.551113098859787,0.09718317538499832,0.1293460577726364,0.9611046314239502,0.2976933717727661,0.4909090995788574,,0.0003622976946644485,0.0009189877891913056,0.08872082829475403,0.10188515484333038,0.13524530827999115,0.10536134243011475,0.9,0.3413292467594147,0.4286625385284424,0.4624168872833252,0.4818717837333679
86801,15.513761520385742,20.172199249267578,0.13476011157035828,0.7470592371421704,0.6019867062568665,0.4672265946865082,0.2943643033504486,0.0511460080742836,5555264,0,1,0.5735446512699127,0.4343615174293518,0.09795385599136353,0.14550969004631042,0.9410108923912048,0.17937585711479187,0.3378561735153198,,0.0002962371218018234,0.0009347740560770035,0.0943596363067627,0.11169849336147308,0.14712132513523102,0.11342299729585648,0.9,0.39801332354545593,0.4922997057437897,0.5127145051956177,0.5207177400588989
87001,14.938278198242188,20.215757369995117,0.19329753518104553,0.6379038898377382,0.6594681739807129,0.46617063879966736,0.30950218439102173,0.016405947506427765,5568064,0,0,0.6441236734390259,0.5061041414737701,0.0918877050280571,0.14220908284187317,0.9603542685508728,0.22795116901397705,0.4016282260417938,,0.00026906037237495184,0.0004542838141787797,0.09267577528953552,0.11001734435558319,0.14335313439369202,0.11140052229166031,0.9,0.34053176641464233,0.41509947180747986,0.43959787487983704,0.44968292117118835
87201,14.93856430053711,21.533349990844727,0.19193464517593384,0.6358772919447184,0.6648193597793579,0.4728847146034241,0.3264758586883545,0.024623269215226173,5580864,0,0,0.6401418447494507,0.5007933676242828,0.08849301934242249,0.1563679277896881,0.9512345790863037,0.21573948860168457,0.38534602522850037,,0.0005329076666384935,0.0006953577394597232,0.0851183608174324,0.12954142689704895,0.15604734420776367,0.12896108627319336,0.9,0.3351805508136749,0.42073917388916016,0.4420589506626129,0.44757890701293945
87401,14.230666160583496,21.287858963012695,0.34946638345718384,0.42891430392601676,0.7375330328941345,0.3880666494369507,0.2764822244644165,0.10269181430339813,5593664,0,1,0.7186874449253082,0.6369622647762299,0.07689403742551804,0.12134847790002823,0.9574360251426697,0.23826323449611664,0.415739506483078,,0.0005186572670936584,0.001637588138692081,0.07981670647859573,0.10697193443775177,0.12345989793539047,0.10862702131271362,0.9,0.26246699690818787,0.3158888816833496,0.33525609970092773,0.34383559226989746
87601,14.884675025939941,22.515153884887695,0.17875319719314575,0.6505878991962423,0.6671704649925232,0.48841726779937744,0.34502124786376953,0.027992866933345795,5606464,0,0,0.6599186360836029,0.49077093601226807,0.0881144255399704,0.15770241618156433,0.959022045135498,0.2309362292289734,0.3997286558151245,,0.00042331620352342725,0.0007917630136944354,0.0823630839586258,0.1260184645652771,0.15429088473320007,0.12440189719200134,0.9,0.3328295350074768,0.40801405906677246,0.4315486252307892,0.4429987668991089
87801,15.04698657989502,20.485530853271484,0.2940046489238739,0.5407130486091883,0.6538718342781067,0.3598671853542328,0.22590243816375732,0.018400996923446655,5619264,0,0,0.6437355875968933,0.5519291460514069,0.09316447377204895,0.14152856171131134,0.9573928117752075,0.24260516464710236,0.43446406722068787,,0.0003116615698672831,0.0005374439060688019,0.09033476561307907,0.11029249429702759,0.14091895520687103,0.1102389320731163,0.9,0.34612807631492615,0.43834879994392395,0.45530253648757935,0.4611101746559143
88001,14.471819877624512,22.441953659057617,0.19004720449447632,0.6047693250333722,0.7091958522796631,0.5191486477851868,0.3735036253929138,0.06418349593877792,5632064,0,0,0.6873319447040558,0.5349957644939423,0.07786379754543304,0.15642017126083374,0.9626978635787964,0.25753054022789,0.4388059973716736,,0.0005656610010191798,0.0014252556720748544,0.08143867552280426,0.12435261905193329,0.1542467176914215,0.1231590285897255,0.9,0.2908041477203369,0.35086193680763245,0.3715168237686157,0.37994787096977234
88201,14.961236953735352,20.287017822265625,0.26501548290252686,0.5606865949802798,0.6617662310600281,0.3967507481575012,0.25010526180267334,0.005078410264104605,5644864,0,0,0.6526472270488739,0.5485561788082123,0.09208441525697708,0.13852930068969727,0.9641123414039612,0.26295796036720276,0.44097694754600525,,0.0002961127320304513,0.0003406184841878712,0.08939442783594131,0.11018316447734833,0.1387941539287567,0.11034071445465088,0.9,0.3382337689399719,0.4234018921852112,0.44415679574012756,0.4512127935886383
88401,14.867413520812988,20.314220428466797,0.22895896434783936,0.5872757870841284,0.6742084622383118,0.4452494978904724,0.2960551679134369,0.026500018313527107,5657664,0,1,0.6703974902629852,0.5360439419746399,0.0921303853392601,0.14011827111244202,0.9619187116622925,0.2754409909248352,0.447761207818985,,0.0002957743708975613,0.000638841709587723,0.09186214953660965,0.10895926505327225,0.14561347663402557,0.11280167102813721,0.9,0.32579150795936584,0.4046190679073334,0.43297654390335083,0.44570666551589966
88601,14.142936706542969,21.322338104248047,0.5772458016872406,0.30453392925562744,0.7472329139709473,0.16998711228370667,0.08516347408294678,0.01695333980023861,5670464,0,0,0.7398405373096466,0.7239580750465393,0.07730963826179504,0.11935380101203918,0.9766087532043457,0.33188602328300476,0.5720488429069519,,0.0003916084533557296,0.0006476448033936322,0.07655391097068787,0.0966503769159317,0.1174471378326416,0.09571677446365356,0.9,0.25276708602905273,0.3138115406036377,0.3329167366027832,0.34210819005966187
88801,14.782113075256348,20.39946746826172,0.26868364214897156,0.5459925470585335,0.6768791675567627,0.40819552540779114,0.26570776104927063,0.029791567474603653,5683264,0,1,0.6640505492687225,0.5598371624946594,0.08919420093297958,0.13883419334888458,0.9651607871055603,0.2778833210468292,0.4762551188468933,,0.00039072608342394233,0.0006369891343638301,0.09054101258516312,0.10887868702411652,0.1448715180158615,0.11300656199455261,0.9,0.3231208920478821,0.39747700095176697,0.4175242781639099,0.4256887435913086
89001,15.301595687866211,21.289884567260742,0.2358262836933136,0.6109282559243827,0.6297008395195007,0.39387455582618713,0.23529019951820374,0.03609553724527359,5696064,0,0,0.6122447550296783,0.5150841772556305,0.09854814410209656,0.1497465968132019,0.9572591781616211,0.23229308426380157,0.42686569690704346,,0.00040441000601276755,0.0007544448599219322,0.0906197801232338,0.11540224403142929,0.15071678161621094,0.1158297061920166,0.9,0.3702991306781769,0.4671684801578522,0.48874208331108093,0.4956558644771576
89201,15.186347007751465,20.44945526123047,0.21704807877540588,0.6265477110851452,0.6358544826507568,0.41880640387535095,0.2813000977039337,0.018364137038588524,5708864,0,1,0.6302214562892914,0.4917230010032654,0.09436880797147751,0.1430109292268753,0.9535216689109802,0.22360923886299133,0.41981005668640137,,0.00031384199974127114,0.00047998817171901464,0.09035221487283707,0.10917341709136963,0.14579953253269196,0.1111740916967392,0.9,0.3641454875469208,0.45166340470314026,0.4741484224796295,0.4788399338722229
89401,15.263639450073242,20.118619918823242,0.13862094283103943,0.7361729877289036,0.6131973266601562,0.4745763838291168,0.2950471043586731,0.023647436872124672,5721664,0,0,0.5960091352462769,0.4508526921272278,0.09151028841733932,0.147234708070755,0.9511986374855042,0.18697422742843628,0.34925374388694763,,0.00026486057322472334,0.0005456513026729226,0.09638653695583344,0.1132630780339241,0.1468430608510971,0.11413166671991348,0.9,0.38680267333984375,0.45646411180496216,0.4745091497898102,0.47932788729667664
89601,15.246501922607422,20.307920455932617,0.21055004000663757,0.6234085424888579,0.6514559984207153,0.44090595841407776,0.3037678599357605,0.049699414521455765,5734464,0,1,0.6343416273593903,0.4984503388404846,0.09991545975208282,0.13088390231132507,0.9611827731132507,0.2651289105415344,0.45373135805130005,,0.00046850356739014387,0.0007549584843218327,0.09395156800746918,0.10103780031204224,0.13864770531654358,0.10556767880916595,0.9,0.3485439121723175,0.44554853439331055,0.48647090792655945,0.5049774050712585
89801,14.927511215209961,22.67184829711914,0.10574430227279663,0.7593872270754352,0.6662651300430298,0.5605208277702332,0.4061998426914215,0.0395856536924839,5747264,0,0,0.6430988013744354,0.4365711212158203,0.08902130275964737,0.15832474827766418,0.9645296335220337,0.25020354986190796,0.43772050738334656,,0.0009090487728826702,0.0012104094494134188,0.08500488847494125,0.12388625741004944,0.15731403231620789,0.12416204065084457,0.9,0.3337348699569702,0.4131670594215393,0.435558557510376,0.44435903429985046
90001,15.110823631286621,19.939237594604492,0.22520244121551514,0.6146216656905399,0.6408352851867676,0.41563284397125244,0.26411178708076477,0.028264693915843964,5760064,0,0,0.627007007598877,0.510237842798233,0.09729284048080444,0.14816796779632568,0.9649932384490967,0.2781547009944916,0.4852103292942047,,0.00026009860448539257,0.0006746127619408071,0.09316764026880264,0.11288147419691086,0.14950697124004364,0.11396612972021103,0.9,0.3591647446155548,0.4370676875114441,0.4597240090370178,0.4704058766365051
90201,14.58115291595459,22.94562339782715,0.19585531949996948,0.605012255064004,0.7000036835670471,0.5041483640670776,0.3660604655742645,0.023321017622947693,5772864,0,0,0.6921190023422241,0.5264615714550018,0.08105658739805222,0.1611143946647644,0.9664292931556702,0.23934872448444366,0.42876526713371277,,0.0006623609806410968,0.0009051302913576365,0.07988347113132477,0.1257927119731903,0.15694120526313782,0.1235489770770073,0.9,0.2999963164329529,0.3760250508785248,0.3898901045322418,0.39548808336257935
90401,15.157146453857422,20.154897689819336,0.11961126327514648,0.74788520692634,0.6451795101165771,0.5255682468414307,0.36243337392807007,0.051181547343730927,5785664,0,0,0.6196736395359039,0.44248127937316895,0.09287244826555252,0.15008647739887238,0.9566095471382141,0.22713704407215118,0.419538676738739,,0.00033916468964889646,0.0008622973109595478,0.09595439583063126,0.11306480318307877,0.15073244273662567,0.11422160267829895,0.9,0.35482048988342285,0.43899795413017273,0.4687115550041199,0.4830959439277649
90601,14.700034141540527,20.304189682006836,0.22749334573745728,0.5804193382601502,0.6853011846542358,0.45780783891677856,0.3031476140022278,0.04227565601468086,5798464,0,0,0.6610456705093384,0.5484029948711395,0.08743827044963837,0.1471737027168274,0.9627071619033813,0.28276798129081726,0.5004070997238159,,0.00040471102693118155,0.0008358143386431038,0.09109537303447723,0.11471003293991089,0.14700473845005035,0.11487294733524323,0.9,0.31469881534576416,0.3838428556919098,0.4059758186340332,0.4181939661502838
90801,15.031631469726562,21.124608993530273,0.2392311990261078,0.591139435151457,0.6541143655776978,0.41488316655158997,0.28178510069847107,0.010901415720582008,5811264,0,0,0.6497921049594879,0.5179243683815002,0.09367580711841583,0.15238860249519348,0.9645975232124329,0.26105836033821106,0.4667571485042572,,0.00028594015748240054,0.0003846319450531155,0.09051181375980377,0.1191428005695343,0.1522064357995987,0.11926697194576263,0.9,0.34588560461997986,0.4314490258693695,0.45385661721229553,0.4644664525985718
91001,14.707053184509277,21.52337646484375,0.2650162875652313,0.5472912298125212,0.6796150207519531,0.4145987331867218,0.29007941484451294,0.01400172058492899,5824064,0,0,0.6860754191875458,0.5483249723911285,0.08703123778104782,0.15195919573307037,0.9611179828643799,0.2333785742521286,0.4317503571510315,,0.00031356298131868243,0.00044129605521447957,0.08665890246629715,0.12177430093288422,0.15249444544315338,0.12157772481441498,0.9,0.3203849792480469,0.38386592268943787,0.4059814512729645,0.4165061116218567
91201,14.655767440795898,20.4910831451416,0.26001736521720886,0.5516701116747879,0.6800485253334045,0.4200311601161957,0.27089157700538635,0.023060841485857964,5836864,0,0,0.6876299977302551,0.5614556968212128,0.08300325274467468,0.1414453387260437,0.967677116394043,0.24830394983291626,0.4757123589515686,,0.0003287247382104397,0.0006223894888535142,0.08956342190504074,0.10774395614862442,0.14109209179878235,0.10782428830862045,0.9,0.31995150446891785,0.38559046387672424,0.39438652992248535,0.3985709846019745
91401,15.453173637390137,19.998891830444336,0.20286166667938232,0.6576642944414531,0.6102805733680725,0.4074189066886902,0.2487148642539978,0.016972564160823822,5849664,0,0,0.5951749980449677,0.4808553457260132,0.10153428465127945,0.14313176274299622,0.9559311866760254,0.1856173723936081,0.36390775442123413,,0.00023628266353625804,0.000448779872385785,0.0962001234292984,0.10759693384170532,0.14462098479270935,0.10873392969369888,0.9,0.3897193968296051,0.48252126574516296,0.5085259079933167,0.5171639919281006
91601,15.109850883483887,20.16750144958496,0.15731075406074524,0.6905003436264117,0.6490363478660583,0.4917255938053131,0.3223796486854553,0.05169611796736717,5862464,0,0,0.6349677741527557,0.48108208179473877,0.09748687595129013,0.1439974009990692,0.9537684321403503,0.2149253785610199,0.385074645280838,,0.00024591601686552167,0.0008286201627925038,0.09811104834079742,0.10974189639091492,0.14589868485927582,0.11103865504264832,0.9,0.35096368193626404,0.43879520893096924,0.46232637763023376,0.47210603952407837
91801,14.336358070373535,21.47287368774414,0.18461745977401733,0.6024995286898579,0.7201715707778931,0.5355541110038757,0.3772296905517578,0.012795448303222656,5875264,0,0,0.7198124825954437,0.550310879945755,0.07746146619319916,0.1656520664691925,0.9713519811630249,0.30827680230140686,0.5275441408157349,,0.0002758304763119668,0.0003931768878828734,0.08019257336854935,0.12841138243675232,0.1648646593093872,0.12795451283454895,0.9,0.2798284590244293,0.3417438864707947,0.35695791244506836,0.3664901554584503
92001,15.063584327697754,21.416582107543945,0.18751421570777893,0.651440843779186,0.6495446562767029,0.46203044056892395,0.3140897750854492,0.028958629816770554,5888064,0,0,0.6196206510066986,0.488750696182251,0.09258535504341125,0.15641647577285767,0.9623711109161377,0.2295793890953064,0.43473541736602783,,0.00029319082386791706,0.0006547131342813373,0.09152614325284958,0.1215180903673172,0.1564217060804367,0.121749646961689,0.9,0.3504553437232971,0.43482401967048645,0.4545096457004547,0.4609815180301666
92201,14.546258926391602,22.49352264404297,0.16401618719100952,0.6360889816387095,0.7133120894432068,0.5492959022521973,0.42248597741127014,0.0743187814950943,5900864,0,0,0.6959460377693176,0.5033139884471893,0.0788697600364685,0.15926219522953033,0.9638944268226624,0.19267301261425018,0.38751697540283203,,0.0006249662255868316,0.001556691830046475,0.08175376802682877,0.13132846355438232,0.1567210704088211,0.12971286475658417,0.9,0.2866879105567932,0.3605235517024994,0.3849201202392578,0.3951790928840637
92401,14.755143165588379,22.551488876342773,0.1973637342453003,0.6107167193123286,0.6903711557388306,0.4930074214935303,0.35623130202293396,0.04832211881875992,5913664,0,0,0.6602715253829956,0.5183676183223724,0.08571407943964005,0.1564582884311676,0.9559990167617798,0.22903664410114288,0.4043419361114502,,0.0007274872623383999,0.0010827803052961826,0.08595435321331024,0.12422405928373337,0.1546648144721985,0.12353245913982391,0.9,0.3096289038658142,0.38911765813827515,0.41637086868286133,0.42625942826271057
92601,14.926358222961426,20.085159301757812,0.23478466272354126,0.6009001000223713,0.6464992165565491,0.4117145538330078,0.2668190896511078,0.020098455250263214,5926464,0,0,0.6252565979957581,0.5176643431186676,0.08902236074209213,0.1492403745651245,0.9641935229301453,0.2748982608318329,0.48358210921287537,,0.0002851700410246849,0.0004806076758541167,0.09116077423095703,0.1115017756819725,0.1494549810886383,0.11197154223918915,0.9,0.35350069403648376,0.41729822754859924,0.4309239983558655,0.4377565383911133
92801,14.64526081085205,20.8098201751709,0.33982354402542114,0.47167720014611764,0.6966115832328796,0.3567880392074585,0.21759985387325287,0.05016022175550461,5939264,0,1,0.675986111164093,0.6128279566764832,0.08161512017250061,0.14758889377117157,0.9632231593132019,0.31723204255104065,0.5180461406707764,,0.0003504084888845682,0.0009572597919031978,0.08462893217802048,0.11651738733053207,0.1466945856809616,0.11660540848970413,0.9,0.30338841676712036,0.3726083040237427,0.39925554394721985,0.4162023663520813
93001,14.672616004943848,21.203990936279297,0.20364385843276978,0.611918253981596,0.6788991093635559,0.47525525093078613,0.32441630959510803,0.023159410804510117,5952064,0,0,0.6572802364826202,0.5238629579544067,0.08260262757539749,0.16584354639053345,0.9674972891807556,0.23202171921730042,0.443962037563324,,0.0003217794874217361,0.0006156080635264516,0.08532238006591797,0.12698614597320557,0.1628851294517517,0.12623870372772217,0.9,0.3211008608341217,0.3825022876262665,0.39950376749038696,0.4087807536125183
93201,15.23364543914795,20.248640060424805,0.23356297612190247,0.6053617231226116,0.6417223215103149,0.4081593453884125,0.2642366588115692,0.06265507638454437,5964864,0,1,0.6132048964500427,0.5123373568058014,0.09755178540945053,0.13254615664482117,0.9550142288208008,0.23229308426380157,0.3953867256641388,,0.0002367126289755106,0.0011764352675527334,0.09710916131734848,0.10102254152297974,0.13998693227767944,0.10551631450653076,0.9,0.3582776188850403,0.4529164731502533,0.4788796603679657,0.4861688017845154
93401,14.659303665161133,20.114715576171875,0.19889330863952637,0.6180593995217382,0.6781492233276367,0.47925591468811035,0.3273632824420929,0.04042254015803337,5977664,0,0,0.6665619313716888,0.5216716825962067,0.08421444892883301,0.15465182065963745,0.9662257432937622,0.2710990607738495,0.47354140877723694,,0.0003611415158957243,0.0008280932670459151,0.09476207196712494,0.11407802999019623,0.153783917427063,0.1141650527715683,0.9,0.3218507468700409,0.3775997459888458,0.3926437199115753,0.40276822447776794
93601,14.989070892333984,20.50699234008789,0.16166123747825623,0.6789866598208452,0.658064603805542,0.49640336632728577,0.3342554569244385,0.026361878961324692,5990464,0,0,0.6563495397567749,0.4860239028930664,0.0918576717376709,0.15641704201698303,0.9630268812179565,0.24151968955993652,0.4431479275226593,,0.00027138442965224385,0.0006174052250571549,0.09111659228801727,0.11465421319007874,0.15616145730018616,0.11545784026384354,0.9,0.341935396194458,0.42431408166885376,0.4467344284057617,0.4554706811904907
93801,14.819381713867188,20.687946319580078,0.18393534421920776,0.6354559477803013,0.6793726086616516,0.49543726444244385,0.3445143699645996,0.023746205493807793,6003264,0,0,0.6568745672702789,0.5103057622909546,0.0908048078417778,0.1584312468767166,0.9661794304847717,0.2819538712501526,0.49009498953819275,,0.0003523100458551198,0.0005223663174547255,0.09019868820905685,0.12007828056812286,0.1589960902929306,0.12112428992986679,0.9,0.3206273913383484,0.3961220979690552,0.42626357078552246,0.442348837852478
94001,14.757257461547852,20.32231330871582,0.237476646900177,0.572934725914613,0.6814102530479431,0.4439336061477661,0.28576910495758057,0.013941462151706219,6016064,0,1,0.6857703030109406,0.5539325475692749,0.09125983715057373,0.14526396989822388,0.9708893895149231,0.27272728085517883,0.48683854937553406,,0.00024350540479645133,0.0003443913592491299,0.0905684381723404,0.1068170964717865,0.14842580258846283,0.10899785906076431,0.9,0.3185897469520569,0.39617976546287537,0.41628727316856384,0.4254760444164276
94201,14.561837196350098,21.38100814819336,0.2537696063518524,0.5379855973567971,0.7045018672943115,0.4507322609424591,0.3224557340145111,0.004493332467973232,6028864,0,0,0.6996989846229553,0.5637774765491486,0.08610904216766357,0.16633513569831848,0.9759930372238159,0.28819540143013,0.517774760723114,,0.00021990710229147226,0.00028356892289593816,0.08438560366630554,0.12284377217292786,0.16445793211460114,0.12187856435775757,0.9,0.2954981327056885,0.3686567544937134,0.39283624291419983,0.4050564169883728
94401,14.738433837890625,20.414884567260742,0.18756341934204102,0.6260944618873936,0.6859302520751953,0.4983668327331543,0.3405594825744629,0.012038948014378548,6041664,0,0,0.6864359080791473,0.5236329734325409,0.08933281898498535,0.1437695324420929,0.9646294116973877,0.22415196895599365,0.4189959466457367,,0.00027877348475158215,0.0004193452186882496,0.08984270691871643,0.11316788196563721,0.14425264298915863,0.11383645236492157,0.9,0.31406980752944946,0.389674574136734,0.41322270035743713,0.4259278178215027
94601,15.366534233093262,20.051189422607422,0.16364404559135437,0.6913823119532536,0.6333956122398376,0.4697515666484833,0.30382323265075684,0.03450649604201317,6054464,0,0,0.6063533127307892,0.4729296565055847,0.09775544703006744,0.1406956911087036,0.953334629535675,0.24857531487941742,0.42062416672706604,,0.00024616887094452977,0.0007368840742856264,0.09262746572494507,0.1068955585360527,0.14163802564144135,0.10806790739297867,0.9,0.36660435795783997,0.4628218114376068,0.5003869533538818,0.5222856998443604
94801,14.467961311340332,21.05421257019043,0.29655134677886963,0.49428408447772265,0.710152268409729,0.4136009216308594,0.27082449197769165,0.009317596442997456,6067264,0,0,0.7046279311180115,0.6030974686145782,0.08042500168085098,0.1531510353088379,0.9693968892097473,0.28846678137779236,0.49850746989250183,,0.00027310900622978806,0.0003948474768549204,0.0864427387714386,0.11901786923408508,0.15263321995735168,0.11886268854141235,0.9,0.2898476719856262,0.35434842109680176,0.3782384395599365,0.3908486068248749
95001,14.898746490478516,20.3533935546875,0.17988014221191406,0.6414025080654754,0.6782588362693787,0.4983786940574646,0.33670708537101746,0.018989257514476776,6080064,0,1,0.6679236888885498,0.5147240459918976,0.09240854531526566,0.15695197880268097,0.9721311926841736,0.30312076210975647,0.5104478001594543,,0.000392789370380342,0.0004970480222254992,0.09205392003059387,0.11272783577442169,0.15973162651062012,0.1148340106010437,0.9,0.32174113392829895,0.40812423825263977,0.43773967027664185,0.45274659991264343
95201,14.947343826293945,22.575557708740234,0.1684902310371399,0.6588924684757564,0.6745397448539734,0.5060495138168335,0.3569263517856598,0.03477948531508446,6092864,0,0,0.6686471104621887,0.4929620623588562,0.09058176726102829,0.15427124500274658,0.9572509527206421,0.21573948860168457,0.39050203561782837,,0.0005464233108796179,0.000894477590918541,0.08695287257432938,0.120271697640419,0.15443453192710876,0.12049482762813568,0.9,0.3254602253437042,0.4177456498146057,0.44347789883613586,0.4533645510673523
95401,14.865202903747559,20.302139282226562,0.2642204761505127,0.5534065854355156,0.6725850701332092,0.40836459398269653,0.27387934923171997,0.04679524526000023,6105664,0,0,0.6609122157096863,0.5492584705352783,0.08714631199836731,0.14962051808834076,0.9595740437507629,0.2800542712211609,0.4922659695148468,,0.0003824165614787489,0.0010368514340370893,0.08870550245046616,0.11445488780736923,0.14783838391304016,0.11359669268131256,0.9,0.3274149000644684,0.4054996371269226,0.4269176423549652,0.4350389838218689
95601,14.515076637268066,22.621906280517578,0.19339871406555176,0.6103852688836988,0.6970142126083374,0.5036154985427856,0.3866296112537384,0.03337043151259422,6118464,0,0,0.6760510802268982,0.5051760375499725,0.07946570962667465,0.16829629242420197,0.961372971534729,0.22469471395015717,0.40325644612312317,,0.0004497010086197406,0.0008607229683548212,0.07999153435230255,0.12797704339027405,0.16509950160980225,0.12681348621845245,0.9,0.30298566818237305,0.3616153597831726,0.37860238552093506,0.38499337434768677
95801,14.723311424255371,21.915699005126953,0.12614017724990845,0.7107838561742523,0.6899951696395874,0.563854992389679,0.40892595052719116,0.03775336220860481,6131264,0,0,0.6823109090328217,0.47459059953689575,0.08675750344991684,0.1616254448890686,0.9659985899925232,0.25725916028022766,0.45617368817329407,,0.0003538890741765499,0.0009403827716596425,0.08876978605985641,0.12522299587726593,0.16112680733203888,0.1257372349500656,0.9,0.3100048005580902,0.37890625,0.4101218581199646,0.4251427948474884
96001,15.136860847473145,20.098587036132812,0.2680158317089081,0.5677283514584925,0.6479986906051636,0.3799828588962555,0.2436070740222931,0.036725420504808426,6144064,0,0,0.6328267753124237,0.533799409866333,0.09731419384479523,0.1417730152606964,0.9568552374839783,0.26865673065185547,0.449118047952652,,0.00029258965514600277,0.0007243234431371093,0.09342419356107712,0.10853958874940872,0.1426694393157959,0.10949385166168213,0.9,0.35200124979019165,0.4384691119194031,0.4664873778820038,0.4814755916595459
96201,15.496648788452148,20.19972038269043,0.18429610133171082,0.6801483349711379,0.6081036925315857,0.4238075911998749,0.26603180170059204,0.05698152258992195,6156864,0,1,0.5942566990852356,0.4657757878303528,0.09655330330133438,0.13400062918663025,0.9414395689964294,0.19782903790473938,0.354409784078598,,0.00032615946838632226,0.0008693336276337504,0.09228027611970901,0.10308293253183365,0.1414320319890976,0.10777828097343445,0.9,0.3918963074684143,0.4881758391857147,0.5103444457054138,0.5219212770462036
96401,14.405282020568848,21.675710678100586,0.2124309539794922,0.5692953507584221,0.7192137241363525,0.5067827701568604,0.3856464624404907,0.01593867689371109,6169664,0,0,0.7198597192764282,0.5418722033500671,0.07458782196044922,0.16494454443454742,0.9698461294174194,0.3047489821910858,0.4903663694858551,,0.000417553645092994,0.0005027501611039042,0.07864981889724731,0.13329005241394043,0.16184991598129272,0.1316184103488922,0.9,0.2807862460613251,0.34849750995635986,0.3696979284286499,0.3787689507007599
96601,15.419819831848145,19.82760238647461,0.10192513465881348,0.7940489018538874,0.6070254445075989,0.5051003098487854,0.32946300506591797,0.023161306977272034,6182464,0,0,0.5832710564136505,0.41315144300460815,0.1005944162607193,0.15281546115875244,0.9596922397613525,0.19728630781173706,0.38100409507751465,,0.0002200012095272541,0.0005783041706308722,0.10251697152853012,0.10951444506645203,0.15374138951301575,0.11072371155023575,0.9,0.3929745554924011,0.48008108139038086,0.5004122257232666,0.5094889998435974
96801,14.529427528381348,20.2525634765625,0.3082870841026306,0.4950138441138815,0.697800874710083,0.3895137906074524,0.2564884424209595,0.014089172706007957,6195264,0,0,0.6920042335987091,0.593508392572403,0.0838034451007843,0.1533394753932953,0.9690319895744324,0.25535959005355835,0.45183175802230835,,0.00037251890171319246,0.0004550773883238435,0.08968809992074966,0.11902561038732529,0.15166383981704712,0.11829885840415955,0.9,0.302199125289917,0.366908460855484,0.3841682970523834,0.3902294933795929
97001,14.841413497924805,21.264955520629883,0.15634405612945557,0.6767271255507802,0.6727153062820435,0.5163712501525879,0.365458607673645,0.00954747200012207,6208064,0,0,0.6714501678943634,0.4836660623550415,0.08997705578804016,0.16493624448776245,0.9647630453109741,0.2504749000072479,0.42496609687805176,,0.0002517217071726918,0.00035061308881267905,0.09485810995101929,0.12495065480470657,0.1634848266839981,0.12541188299655914,0.9,0.32728469371795654,0.40238162875175476,0.42577511072158813,0.4378974437713623
97201,14.664830207824707,22.060665130615234,0.1411198377609253,0.6894605231143951,0.6866853833198547,0.5455655455589294,0.4055080711841583,0.031264401972293854,6220864,0,0,0.6816060245037079,0.4723955988883972,0.0830850601196289,0.17135944962501526,0.9649686217308044,0.24341927468776703,0.4298507571220398,,0.0006021888111717999,0.0008056549704633653,0.08531437814235687,0.13252869248390198,0.16846513748168945,0.1318080872297287,0.9,0.31331461668014526,0.381683349609375,0.3987268805503845,0.40763527154922485
97401,14.81945514678955,21.13904571533203,0.2033921778202057,0.6209340948744938,0.6668306589126587,0.463438481092453,0.31218916177749634,0.02004711702466011,6233664,0,1,0.6616929173469543,0.5152450799942017,0.08745738118886948,0.15447881817817688,0.961347222328186,0.22469471395015717,0.41302579641342163,,0.00034496819716878235,0.0005415609339252114,0.09066978096961975,0.11948733031749725,0.15495701134204865,0.12041648477315903,0.9,0.33316925168037415,0.4049135148525238,0.42101773619651794,0.4255928099155426
97601,14.844796180725098,20.655323028564453,0.270837664604187,0.5473398219345483,0.6725131869316101,0.4016755223274231,0.265369176864624,0.011431069113314152,6246464,0,0,0.6542729437351227,0.5541432499885559,0.08749803900718689,0.1516512781381607,0.96095871925354,0.24586160480976105,0.44233378767967224,,0.0002847065916284919,0.00042369970469735563,0.08578459918498993,0.11845830082893372,0.1512427181005478,0.1186228021979332,0.9,0.3274868428707123,0.4027875065803528,0.42784208059310913,0.43978559970855713
97801,14.977165222167969,21.52920150756836,0.1693684160709381,0.6649195659342834,0.6639124155044556,0.49454399943351746,0.3401603698730469,0.042012717574834824,6259264,0,0,0.6533279120922089,0.48996502161026,0.08931364119052887,0.15220078825950623,0.943817138671875,0.18480326235294342,0.3430122137069702,,0.0003311476903036237,0.0007654009386897087,0.08684765547513962,0.1191372498869896,0.15181174874305725,0.11944683641195297,0.9,0.33608752489089966,0.4186338782310486,0.44632360339164734,0.4574335515499115
98001,14.519499778747559,21.301427841186523,0.23805111646652222,0.5504378065681567,0.7085334658622742,0.47048234939575195,0.3334749639034271,0.004520082846283913,6272064,0,0,0.7010072767734528,0.5625801980495453,0.08408902585506439,0.16083243489265442,0.9736638069152832,0.2607869803905487,0.4743555188179016,,0.00026539337704889476,0.00032266508787870407,0.0871191918849945,0.12508532404899597,0.15888020396232605,0.1249031275510788,0.9,0.29146653413772583,0.36652910709381104,0.3865422010421753,0.39616885781288147
98201,14.747659683227539,20.488988876342773,0.07797610759735107,0.8052280834286308,0.6776303648948669,0.5996542572975159,0.4259336590766907,0.02469891496002674,6284864,0,0,0.6713117361068726,0.4373112916946411,0.08194287121295929,0.15741121768951416,0.9655473232269287,0.23500679433345795,0.43066486716270447,,0.0004036606405861676,0.0006156499730423093,0.08814007043838501,0.12587419152259827,0.15790311992168427,0.12745001912117004,0.9,0.3223695456981659,0.39442992210388184,0.41157615184783936,0.4188637435436249
98401,14.776375770568848,21.53910255432129,0.2164020538330078,0.5972206120595386,0.6791301369667053,0.4627280831336975,0.3380078971385956,0.028764240443706512,6297664,0,0,0.666843593120575,0.5143226385116577,0.08609719574451447,0.16035938262939453,0.9661670923233032,0.2263229340314865,0.44151967763900757,,0.0004046349786221981,0.0006748553132638335,0.08693257719278336,0.1250627338886261,0.1580125242471695,0.12410961836576462,0.9,0.3208698034286499,0.39515092968940735,0.41509827971458435,0.4287286698818207
98601,14.763388633728027,20.5272216796875,0.2871147692203522,0.5206480891821952,0.6881502866744995,0.40103551745414734,0.26077038049697876,0.02567495033144951,6310464,0,0,0.6649519801139832,0.5786633789539337,0.08652454614639282,0.14039242267608643,0.967979371547699,0.258887380361557,0.4838534891605377,,0.00027921993751078844,0.00048475663061253726,0.08689743280410767,0.10965737700462341,0.1407356858253479,0.11040310561656952,0.9,0.3118497133255005,0.386700302362442,0.416803777217865,0.43816637992858887
98801,15.07267951965332,20.13095474243164,0.1965358555316925,0.6392573743792586,0.6517267823219299,0.4551909267902374,0.2924075722694397,0.034317731857299805,6323264,0,0,0.6397078335285187,0.5073805153369904,0.09555318206548691,0.15149448812007904,0.9616433382034302,0.22469471395015717,0.41872456669807434,,0.0002984930179081857,0.0006219584029167891,0.09383014589548111,0.11520076543092728,0.15204766392707825,0.11620280891656876,0.9,0.34827321767807007,0.43191125988960266,0.4571824073791504,0.47088533639907837
99001,14.712578773498535,21.547964096069336,0.17811143398284912,0.6401072904488689,0.6832099556922913,0.5050985217094421,0.36706799268722534,0.047997232526540756,6336064,0,0,0.6707630157470703,0.4985371232032776,0.08237994462251663,0.1613570600748062,0.9491890668869019,0.2314789742231369,0.39375850558280945,,0.0004888708353973925,0.0008508370956405997,0.08414947986602783,0.1311158984899521,0.15895065665245056,0.1296434998512268,0.9,0.31678998470306396,0.3827936351299286,0.4054717719554901,0.4155327379703522
99201,15.08535385131836,20.168590545654297,0.13934093713760376,0.7175751567454358,0.645967423915863,0.5066264867782593,0.3431703448295593,0.033158596605062485,6348864,0,0,0.6392523646354675,0.4599542021751404,0.09078411012887955,0.16088338196277618,0.9638369083404541,0.28846678137779236,0.4860244393348694,,0.00040535139851272106,0.0007133332546800375,0.09119827300310135,0.11903193593025208,0.1597505509853363,0.11937331408262253,0.9,0.3540325164794922,0.43536484241485596,0.45803603529930115,0.467148095369339
99401,14.984959602355957,21.464811325073242,0.15921258926391602,0.6783891960006825,0.664165198802948,0.504952609539032,0.345683217048645,0.045200757682323456,6361664,0,0,0.6403069198131561,0.48641204833984375,0.09330961108207703,0.15721595287322998,0.953691303730011,0.2008141130208969,0.3717775046825409,,0.00036052087671123445,0.0008599371649324894,0.09541264921426773,0.12138134986162186,0.15629829466342926,0.12180184572935104,0.9,0.3358348309993744,0.41848066449165344,0.44882601499557495,0.4580370783805847
99601,15.260790824890137,19.987117767333984,0.20630094408988953,0.6417981648698647,0.6303660273551941,0.42406508326530457,0.2674527168273926,0.017406709492206573,6374464,0,0,0.6212760508060455,0.49464643001556396,0.09916529059410095,0.14921395480632782,0.9593572020530701,0.2206241637468338,0.41411128640174866,,0.0002903734566643834,0.000443174532847479,0.09609042853116989,0.11199928820133209,0.14929719269275665,0.11260180175304413,0.9,0.3696339428424835,0.45818501710891724,0.4843027889728546,0.49500733613967896
99801,15.141039848327637,20.16717529296875,0.1953699290752411,0.6362063506994071,0.6583349108695984,0.4629649817943573,0.3040851056575775,0.03861469402909279,6387264,0,0,0.6308091282844543,0.5087650716304779,0.09301330149173737,0.1465531289577484,0.9559630155563354,0.23744912445545197,0.43066486716270447,,0.0002757728798314929,0.0006813388899900019,0.09436208754777908,0.11467377096414566,0.1466149240732193,0.11566814035177231,0.9,0.3416650891304016,0.43395256996154785,0.47071200609207153,0.48709750175476074
