step,loss,loss_tau_ref,gap,gap_ratio,ff,fp,tp,cross_batch,hf_rows_consumed,synth_rows_consumed,mixup_applied,r2_random,r2_naive,u_temporal,u_batch,auc,top1,top3,cpc_aux,sigreg_e,sigreg_h,u_temporal_e,u_batch_e,u_batchtime,u_batchtime_e,ema_tau,cos_err_d0,cos_err_d1,cos_err_d2,cos_err_d3
40001,12.320773124694824,22.508708953857422,-0.032962262630462646,1.9367848316119884,0.9318511486053467,0.9648134112358093,0.9109548926353455,0.026245491579174995,2560064,0,0,0.9254901185631752,0.23838084936141968,0.022341657429933548,0.15180908143520355,0.9924664497375488,0.7242876887321472,0.832835853099823,,0.0017161278519779444,0.0024386318400502205,0.024023694917559624,0.026916630566120148,0.14666102826595306,0.026860171929001808,0.9,0.06814880669116974,0.07246889173984528,0.08002056181430817,0.08353941142559052
40201,12.33847427368164,21.926576614379883,-0.032748520374298096,1.877439621318709,0.9299286603927612,0.9626771807670593,0.9100109338760376,0.02231908217072487,2572864,0,1,0.9255850464105606,0.2316005825996399,0.021563932299613953,0.13070833683013916,0.9981302618980408,0.8493894338607788,0.935956597328186,,0.001686180243268609,0.0020668297074735165,0.02564118802547455,0.025836780667304993,0.12716934084892273,0.025838578119874,0.9,0.07007129490375519,0.07261167466640472,0.07940021902322769,0.08177769929170609
40401,12.264826774597168,22.17784881591797,-0.031902194023132324,1.912783885969804,0.9331473708152771,0.9650495648384094,0.9109333753585815,0.03411771357059479,2585664,0,1,0.9294644445180893,0.24765241146087646,0.02171424962580204,0.12648917734622955,0.9964578151702881,0.7633650302886963,0.8919945955276489,,0.001556911040097475,0.0029286686331033707,0.026348493993282318,0.026634518057107925,0.12304329872131348,0.026700032874941826,0.9,0.06685258448123932,0.06989479064941406,0.07698836177587509,0.08098826557397842
40601,12.441093444824219,22.015378952026367,-0.029849767684936523,1.807342230075028,0.9331773519515991,0.9630271196365356,0.9145919680595398,0.008873118087649345,2598464,0,0,0.9306965544819832,0.23166108131408691,0.02127072960138321,0.15853075683116913,0.9976604580879211,0.8189959526062012,0.9223880767822266,,0.0018888968043029308,0.0018902274314314127,0.023656178265810013,0.024231866002082825,0.15008537471294403,0.02418336272239685,0.9,0.0668225958943367,0.06980425119400024,0.07641470432281494,0.0807049348950386
40801,12.414908409118652,22.318405151367188,-0.028023838996887207,1.762801730152086,0.9352381229400635,0.9632619619369507,0.9164993762969971,0.026943078264594078,2611264,0,0,0.935501366853714,0.2343301773071289,0.021294504404067993,0.157602921128273,0.9966798424720764,0.8382632732391357,0.9169606566429138,,0.002449741354212165,0.0022752266377210617,0.022116998210549355,0.022472843527793884,0.14980873465538025,0.02241487428545952,0.9,0.06476190686225891,0.06790809333324432,0.07397390902042389,0.07665267586708069
41001,12.147306442260742,22.258146286010742,-0.024071097373962402,1.6635077786522041,0.9396503567695618,0.9637214541435242,0.9205020070075989,0.01572294346988201,2624064,0,0,0.9365672767162323,0.24429184198379517,0.020303256809711456,0.1415686309337616,0.9978722333908081,0.8217096924781799,0.927544116973877,,0.0027661104686558247,0.0020313081331551075,0.019908558577299118,0.0201359111815691,0.13548193871974945,0.020130885764956474,0.9,0.060349706560373306,0.05999825522303581,0.0632360503077507,0.06394966691732407
41201,12.158076286315918,22.259143829345703,-0.025744080543518066,1.810539866984942,0.94249427318573,0.968238353729248,0.9232661128044128,0.018532177433371544,2636864,0,1,0.94056311622262,0.253378689289093,0.020098956301808357,0.1254599690437317,0.998473584651947,0.8626865744590759,0.954138457775116,,0.003565223189070821,0.0029119360260665417,0.019155263900756836,0.019236117601394653,0.12126923352479935,0.01923522911965847,0.9,0.05750574544072151,0.057311877608299255,0.06135788932442665,0.06278634071350098
41401,12.233736991882324,22.342365264892578,-0.024087607860565186,1.6997631226255987,0.9414898753166199,0.9655774831771851,0.9241560697555542,0.018766144290566444,2649664,0,0,0.939157634973526,0.23873847723007202,0.019996074959635735,0.15281736850738525,0.996799111366272,0.7929443717002869,0.8944369554519653,,0.003974537365138531,0.0024451198987662792,0.01809666119515896,0.018312491476535797,0.1445273458957672,0.01831594668328762,0.9,0.05851015821099281,0.058934420347213745,0.06260696053504944,0.06326556950807571
41601,12.176750183105469,22.406085968017578,-0.023015856742858887,1.6957350548545709,0.9439027905464172,0.9669186472892761,0.92332524061203,0.02952812984585762,2662464,0,0,0.9376829899847507,0.2647467851638794,0.01991374045610428,0.13382014632225037,0.9972050786018372,0.7782903909683228,0.897693395614624,,0.0034760429989546537,0.003277344861999154,0.018527526408433914,0.018597312271595,0.1284950226545334,0.01859104447066784,0.9,0.056097108870744705,0.05722193792462349,0.06163997948169708,0.06357765197753906
41801,12.084290504455566,22.383169174194336,-0.022280514240264893,1.6622300093540066,0.944074809551239,0.9663553237915039,0.9247716069221497,0.0019613858312368393,2675264,0,0,0.9412780217826366,0.25769680738449097,0.019872911274433136,0.13646399974822998,0.9981518387794495,0.8588874340057373,0.9413840174674988,,0.003750866511836648,0.0015944818733260036,0.018458999693393707,0.018674300983548164,0.12984660267829895,0.0186671894043684,0.9,0.05592512711882591,0.056264251470565796,0.05906084552407265,0.06020903214812279
42001,12.373558044433594,22.43286895751953,-0.025502264499664307,1.6412599874402927,0.934728741645813,0.9602310061454773,0.9160943031311035,0.045478444546461105,2688064,0,1,0.926622711122036,0.23805522918701172,0.020916756242513657,0.13651709258556366,0.9958637356758118,0.6865671873092651,0.8507462739944458,,0.004209325648844242,0.003497692756354809,0.01807251013815403,0.01810179464519024,0.132106214761734,0.018133675679564476,0.9,0.0652712732553482,0.06766879558563232,0.07241484522819519,0.07448165863752365
42201,12.179667472839355,22.34695816040039,-0.021336138248443604,1.6429093560687018,0.9454770088195801,0.9668131470680237,0.9254990816116333,0.005915336776524782,2700864,0,0,0.9434045515954494,0.2628881335258484,0.01976405829191208,0.14683355391025543,0.9978033900260925,0.8170963525772095,0.9137042164802551,,0.0042947325855493546,0.0015591495903208852,0.017719939351081848,0.017786238342523575,0.1386854201555252,0.017787795513868332,0.9,0.05452300235629082,0.055667631328105927,0.05976247414946556,0.061144351959228516
42401,12.144270896911621,22.16752815246582,-0.023566603660583496,1.7253837149996514,0.9439449310302734,0.9675115346908569,0.9244508147239685,0.010679195635020733,2713664,0,1,0.9445525221526623,0.2594539523124695,0.019941048696637154,0.15983347594738007,0.9985105395317078,0.8428765535354614,0.9473541975021362,,0.004369169007986784,0.0017514928476884961,0.01763136126101017,0.017692871391773224,0.1502673625946045,0.017697889357805252,0.9,0.05605504289269447,0.05777891352772713,0.06211811304092407,0.06333699077367783
42601,12.166104316711426,22.10466957092285,-0.019874393939971924,1.5293028867141303,0.9425773620605469,0.9624517560005188,0.9238094687461853,0.02351933717727661,2726464,0,0,0.940222479403019,0.2468332052230835,0.019932821393013,0.16447843611240387,0.9983316659927368,0.8686567544937134,0.9351425170898438,,0.004347001202404499,0.0021513281390070915,0.01801758073270321,0.018194064497947693,0.15488387644290924,0.018197422847151756,0.9,0.05742262303829193,0.058897148817777634,0.06359586119651794,0.06587620079517365
42801,12.267024993896484,22.20277976989746,-0.021812021732330322,1.681261379333455,0.9461708664894104,0.9679828882217407,0.9260842204093933,0.012247544713318348,2739264,0,1,0.9486125335097313,0.26683706045150757,0.0198599211871624,0.16921398043632507,0.9979503750801086,0.7614654302597046,0.9169606566429138,,0.0040843430906534195,0.002057795412838459,0.017997365444898605,0.017994243651628494,0.15859264135360718,0.01801421120762825,0.9,0.05382910370826721,0.05435917526483536,0.05853191763162613,0.059908732771873474
43001,12.099604606628418,22.395233154296875,-0.02051490545272827,1.6774802473850174,0.9492039084434509,0.9697188138961792,0.9305405020713806,0.016504190862178802,2752064,0,1,0.9452318474650383,0.2691749334335327,0.019642239436507225,0.15596047043800354,0.9977766871452332,0.8051560521125793,0.9194030165672302,,0.004378108307719231,0.0023042364045977592,0.01730002462863922,0.017312489449977875,0.1468983143568039,0.01731879822909832,0.9,0.050796061754226685,0.05210809037089348,0.05622098967432976,0.057276904582977295
43201,12.145062446594238,22.095746994018555,-0.021671950817108154,1.7099024554059543,0.9477999806404114,0.9694719314575195,0.9282623529434204,0.008302158676087856,2764864,0,0,0.9468955658376217,0.26399022340774536,0.019541064277291298,0.15646961331367493,0.9990687370300293,0.9199457764625549,0.9731343388557434,,0.004178708419203758,0.0016932183643803,0.01747727021574974,0.017509514465928078,0.1472848653793335,0.01750914379954338,0.9,0.052200011909008026,0.051973938941955566,0.055329881608486176,0.05591351166367531
43401,12.008030891418457,22.133480072021484,-0.0212554931640625,1.7403329139730033,0.9500337839126587,0.9712892770767212,0.9293895959854126,0.005565138533711433,2777664,0,0,0.9508452154695988,0.280505895614624,0.01951226219534874,0.18639902770519257,0.9982176423072815,0.8871099352836609,0.9375848174095154,,0.004122364334762096,0.001764319953508675,0.01750628650188446,0.017670612782239914,0.17199155688285828,0.017665700986981392,0.9,0.049966152757406235,0.05020193010568619,0.05373275279998779,0.055324167013168335
43601,12.045330047607422,22.07349967956543,-0.021748900413513184,1.7073462931228336,0.947503924369812,0.9692528247833252,0.9288652539253235,0.020322853699326515,2790464,0,1,0.9461911916732788,0.260470986366272,0.019726285710930824,0.17052128911018372,0.9986585378646851,0.8575305342674255,0.9462686777114868,,0.003848008345812559,0.0022256686352193356,0.017972679808735847,0.018039239570498466,0.1588219255208969,0.018045973032712936,0.9,0.05249611288309097,0.05427910387516022,0.05879487469792366,0.06069144234061241
43801,12.167881965637207,22.117050170898438,-0.02043074369430542,1.7604982261675235,0.9527043104171753,0.9731350541114807,0.9336416125297546,0.008356708101928234,2803264,0,0,0.9503956958651543,0.27398884296417236,0.019364964216947556,0.16905096173286438,0.9992640614509583,0.9221166968345642,0.9788331389427185,,0.003926510456949472,0.001612009247764945,0.017914341762661934,0.017994994297623634,0.15800908207893372,0.017989708110690117,0.9,0.047295667231082916,0.04712294787168503,0.05104750394821167,0.052519433200359344
44001,12.06496810913086,22.142370223999023,-0.019159018993377686,1.7047544919369868,0.9536556005477905,0.9728146195411682,0.9349082708358765,0.0010390054667368531,2816064,0,0,0.9546011574566364,0.2709807753562927,0.01924942061305046,0.17913368344306946,0.9988795518875122,0.8922659754753113,0.9565807580947876,,0.004080774262547493,0.0015340191312134266,0.017673900350928307,0.017712360247969627,0.16543059051036835,0.01770760677754879,0.9,0.04634437337517738,0.046202048659324646,0.05021696910262108,0.051913727074861526
44201,11.996524810791016,22.277273178100586,-0.018000423908233643,1.6403478268244793,0.9538891911506653,0.9718896150588989,0.9342357516288757,0.0068825832568109035,2828864,0,0,0.9497564882040024,0.2830353379249573,0.019192909821867943,0.16177543997764587,0.9985876679420471,0.8504749536514282,0.9470828175544739,,0.003667902434244752,0.0015894260723143816,0.017829371616244316,0.017872264608740807,0.15109054744243622,0.017869139090180397,0.9,0.04611075296998024,0.04569804295897484,0.04867499694228172,0.04955991730093956
44401,12.031561851501465,22.633712768554688,-0.017546772956848145,1.675601678986733,0.9564811587333679,0.9740279316902161,0.9377120137214661,0.04793471097946167,2841664,0,1,0.9554668962955475,0.28195780515670776,0.019243532791733742,0.13850945234298706,0.9961669445037842,0.669742226600647,0.8537313938140869,,0.003471070434898138,0.003500191727653146,0.017771486192941666,0.017775462940335274,0.13169796764850616,0.01779746264219284,0.9,0.04351883381605148,0.043450843542814255,0.04620514065027237,0.04718942940235138
44601,12.021917343139648,22.255491256713867,-0.017382502555847168,1.6281528261815426,0.9549450874328613,0.9723275899887085,0.9355629682540894,0.02684307098388672,2854464,0,1,0.9515579491853714,0.2888332009315491,0.01926395669579506,0.15891748666763306,0.9985044002532959,0.8219810128211975,0.9367707371711731,,0.003684862283989787,0.0029751744586974382,0.018085002899169922,0.018094802275300026,0.14870281517505646,0.018105296418070793,0.9,0.04505492001771927,0.0447050966322422,0.048148032277822495,0.0487971194088459
44801,12.0869722366333,22.223989486694336,-0.018464505672454834,1.6158548586219441,0.9515535831451416,0.9700180888175964,0.9328516125679016,0.009693589992821217,2867264,0,0,0.9507250487804413,0.26285481452941895,0.01947137899696827,0.15080907940864563,0.9989905953407288,0.9090909361839294,0.9660787582397461,,0.003831210546195507,0.0018938350258395076,0.018023710697889328,0.01810583472251892,0.1427885740995407,0.018107056617736816,0.9,0.04844636842608452,0.048834480345249176,0.05185110121965408,0.05222320184111595
45001,12.111888885498047,22.28180503845215,-0.017972230911254883,1.6250393857481633,0.9532740116119385,0.9712462425231934,0.9347257614135742,0.008754457347095013,2880064,0,0,0.953174814581871,0.2685058116912842,0.019305147230625153,0.16344541311264038,0.9978167414665222,0.8504749536514282,0.9264586567878723,,0.003547810949385166,0.001553860493004322,0.017734605818986893,0.01791161112487316,0.1527375727891922,0.017910851165652275,0.9,0.04672594740986824,0.047289736568927765,0.05114822834730148,0.05286305397748947
45201,12.042163848876953,22.120494842529297,-0.017831146717071533,1.6545575084730557,0.9549273252487183,0.9727584719657898,0.9360427856445312,0.0001261192956008017,2892864,0,0,0.9530386291444302,0.2829921841621399,0.019306708127260208,0.17104841768741608,0.9993010759353638,0.9278154969215393,0.9728630185127258,,0.003651111386716366,0.0012299749068915844,0.018196355551481247,0.018229685723781586,0.15923137962818146,0.01822568289935589,0.9,0.04507264494895935,0.04566546529531479,0.0491214394569397,0.05044401064515114
45401,12.094281196594238,22.357141494750977,-0.015925228595733643,1.6179967340065782,0.9583056569099426,0.9742308855056763,0.9392961263656616,0.006370475981384516,2905664,0,0,0.9567493163049221,0.2855229377746582,0.018998337909579277,0.15845100581645966,0.998287558555603,0.8729986548423767,0.9362279772758484,,0.0037588155828416348,0.001578480820171535,0.0176389142870903,0.017860565334558487,0.14841414988040924,0.01784709095954895,0.9,0.04169430583715439,0.041642967611551285,0.04522758349776268,0.046620652079582214
45601,11.945718765258789,22.55745506286621,-0.015831828117370605,1.51553210939729,0.9534584879875183,0.9692903161048889,0.9353834986686707,0.005789619404822588,2918464,0,0,0.9514147192239761,0.2705908417701721,0.019228944554924965,0.15722334384918213,0.9967641234397888,0.8065128922462463,0.8952510356903076,,0.0033643583301454782,0.0013284131418913603,0.017534630373120308,0.017695561051368713,0.1476668119430542,0.017691070213913918,0.9,0.046541500836610794,0.04680231213569641,0.04956073313951492,0.05013437196612358
45801,12.005170822143555,22.283065795898438,-0.01582968235015869,1.548112405372607,0.9552899599075317,0.9711196422576904,0.937798798084259,0.025374840945005417,2931264,0,1,0.9525076448917389,0.27101045846939087,0.01932934671640396,0.1469084471464157,0.9983398914337158,0.826594352722168,0.9375848174095154,,0.003261653007939458,0.0022856786381453276,0.01766924001276493,0.017730003222823143,0.14074908196926117,0.017730997875332832,0.9,0.04470999538898468,0.0457245372235775,0.04902713745832443,0.05023999512195587
46001,12.175996780395508,22.587051391601562,-0.01388007402420044,1.5041502130312792,0.9585883021354675,0.972468376159668,0.9414971470832825,0.0178096704185009,2944064,0,0,0.954422615468502,0.2809506058692932,0.01892428658902645,0.1490110158920288,0.9976532459259033,0.8417910933494568,0.9177747964859009,,0.003819243283942342,0.0017613063100725412,0.01721634902060032,0.01733037829399109,0.14139488339424133,0.01733306795358658,0.9,0.04141167178750038,0.041828081011772156,0.044797852635383606,0.04616740718483925
46201,11.963397979736328,22.18505096435547,-0.01606273651123047,1.5625889848730934,0.9553858041763306,0.971448540687561,0.9369950294494629,0.004262066911906004,2956864,0,0,0.9538598991930485,0.2761143445968628,0.019274316728115082,0.16629280149936676,0.9987006783485413,0.899050235748291,0.9606513381004333,,0.003557234536856413,0.0013028541579842567,0.017419401556253433,0.017455365508794785,0.15606772899627686,0.017464281991124153,0.9,0.04461413621902466,0.04471905156970024,0.04842530936002731,0.04979205131530762
46401,12.020792961120605,22.390714645385742,-0.01497727632522583,1.5592981534571484,0.9582440257072449,0.9732213020324707,0.940570592880249,0.01184756588190794,2969664,0,0,0.9567475505173206,0.2824445366859436,0.01897190697491169,0.1551235318183899,0.997953474521637,0.8960651755332947,0.9424694776535034,,0.003713220125064254,0.0015612328425049782,0.017528533935546875,0.017649900168180466,0.1457766890525818,0.017651783302426338,0.9,0.04175597056746483,0.04204465448856354,0.045444704592227936,0.04676687717437744
46601,12.02196216583252,22.309133529663086,-0.01692831516265869,1.6206417296938203,0.9557961821556091,0.9727244973182678,0.9375251531600952,0.011680995114147663,2982464,0,0,0.9515168443322182,0.281718373298645,0.01936611533164978,0.15644294023513794,0.9984447360038757,0.860787034034729,0.9370421171188354,,0.0034135899040848017,0.001619684393517673,0.017683153972029686,0.01784227415919304,0.14795902371406555,0.01784292608499527,0.9,0.044203780591487885,0.04510779306292534,0.04900532215833664,0.0506427027285099
46801,11.913979530334473,22.323097229003906,-0.014354228973388672,1.5242621223533714,0.9582659006118774,0.9726201295852661,0.9407801628112793,-0.0033070414792746305,2995264,0,0,0.959852147847414,0.27846992015838623,0.018848082050681114,0.1638604998588562,0.9983718395233154,0.8613297343254089,0.9405699372291565,,0.003824430052191019,0.0009053366957232356,0.017893608659505844,0.018049441277980804,0.15256881713867188,0.018041931092739105,0.9,0.04173406958580017,0.041819896548986435,0.04498496651649475,0.046054061502218246
47001,11.94202709197998,22.306976318359375,-0.015438556671142578,1.6300820029045229,0.9600589871406555,0.9754975438117981,0.9417864680290222,0.03359774127602577,3008064,0,1,0.9579987786710262,0.2967677712440491,0.01890004239976406,0.15179114043712616,0.9989063143730164,0.8865671753883362,0.9549525380134583,,0.003600086783990264,0.0023275441490113735,0.01767302304506302,0.017712146043777466,0.14291927218437195,0.01772790215909481,0.9,0.03994103893637657,0.040240827947854996,0.04346795380115509,0.04472951218485832
47201,11.924925804138184,22.182180404663086,-0.015910863876342773,1.6246051467801037,0.9586156606674194,0.9745265245437622,0.9391728043556213,0.006195404566824436,3020864,0,0,0.9574422724545002,0.29543423652648926,0.018964385613799095,0.1667938232421875,0.9990286231040955,0.9188602566719055,0.962550938129425,,0.0036543456371873617,0.001360767986625433,0.017731735482811928,0.01790234073996544,0.15579095482826233,0.017907602712512016,0.9,0.041384365409612656,0.04145237058401108,0.04437612369656563,0.04618258774280548
47401,11.995615005493164,22.33319854736328,-0.016305387020111084,1.5656147329985175,0.954866886138916,0.9711722731590271,0.9363524317741394,0.031073294579982758,3033664,0,1,0.9493043906986713,0.28004568815231323,0.019281664863228798,0.15458153188228607,0.9979276657104492,0.7614654302597046,0.9099050760269165,,0.003546786494553089,0.0022572202142328024,0.018042603507637978,0.018057577311992645,0.14662840962409973,0.0180797316133976,0.9,0.045133065432310104,0.04535872861742973,0.048026397824287415,0.048938777297735214
47601,12.08968448638916,22.02361297607422,-0.0163271427154541,1.5881782030250196,0.9559140205383301,0.9722411632537842,0.9371234774589539,0.009552919305860996,3046464,0,0,0.9573382921516895,0.27799278497695923,0.018974274396896362,0.187602236866951,0.9993565082550049,0.931071937084198,0.9763908386230469,,0.003360126633197069,0.0013682739809155464,0.018114663660526276,0.018341712653636932,0.17227166891098022,0.01834423467516899,0.9,0.04408600553870201,0.04444175586104393,0.04798147454857826,0.049164850264787674
47801,11.958246231079102,22.378950119018555,-0.015749335289001465,1.6047823191066168,0.9582093358039856,0.9739586710929871,0.9389488697052002,0.007369172293692827,3059264,0,1,0.9575543366372585,0.30380117893218994,0.01898321509361267,0.1723845899105072,0.9978629946708679,0.7576662302017212,0.9134328961372375,,0.003104682546108961,0.0013201129622757435,0.018326571211218834,0.018336139619350433,0.15979979932308197,0.018378181383013725,0.9,0.04179064556956291,0.04138210043311119,0.044882915914058685,0.04564281925559044
48001,12.163078308105469,22.29601287841797,-0.0156211256980896,1.5881155680224404,0.957817554473877,0.9734386801719666,0.940338671207428,0.012140940874814987,3072064,0,1,0.9578862562775612,0.28168588876724243,0.018902625888586044,0.1704261600971222,0.9984838366508484,0.8423337936401367,0.9348711371421814,,0.0031584869138896465,0.0013814364792779088,0.01796012371778488,0.017941411584615707,0.15770825743675232,0.017983723431825638,0.9,0.04218241199851036,0.04326619952917099,0.04625292122364044,0.04753563180565834
48201,11.944559097290039,22.151124954223633,-0.018046975135803223,1.6900970263044535,0.9558016657829285,0.9738486409187317,0.9377641677856445,-0.003764878027141094,3084864,0,0,0.9568419493734837,0.2792140245437622,0.01906607300043106,0.1787746101617813,0.9990450739860535,0.9164179563522339,0.9606513381004333,,0.0033668866381049156,0.0009005920146591961,0.018279578536748886,0.0183740071952343,0.164813831448555,0.01837960258126259,0.9,0.04419831559062004,0.044161174446344376,0.047791410237550735,0.04904942587018013
48401,12.037982940673828,21.988250732421875,-0.018978416919708252,1.5961646841631263,0.9491873979568481,0.9681658148765564,0.9305102825164795,0.010918366722762585,3097664,0,0,0.9482386037707329,0.2727397084236145,0.019581282511353493,0.1790103316307068,0.9992260336875916,0.934599757194519,0.9712347984313965,,0.0031616068445146084,0.0012077952269464731,0.018777409568428993,0.018834281712770462,0.1669527143239975,0.018861141055822372,0.9,0.050812628120183945,0.05129412189126015,0.055965252220630646,0.057257987558841705
48601,11.97203254699707,22.22340965270996,-0.0168837308883667,1.6557597925733865,0.9573694467544556,0.9742531776428223,0.9393628835678101,0.010624011978507042,3110464,0,0,0.9542863070964813,0.2906455993652344,0.01900913007557392,0.1726049780845642,0.9991119503974915,0.9240162968635559,0.9633650183677673,,0.003131737932562828,0.0013853264972567558,0.018282445147633553,0.018326535820961,0.15944065153598785,0.018335867673158646,0.9,0.04263057932257652,0.04303799197077751,0.046533189713954926,0.04751879349350929
48801,12.014410972595215,22.20170783996582,-0.017533719539642334,1.6253310885212726,0.954427182674408,0.9719609022140503,0.9366979598999023,0.009747418574988842,3123264,0,0,0.9509707875549793,0.2811921238899231,0.019115503877401352,0.1680692434310913,0.9990122318267822,0.9321574568748474,0.9739484786987305,,0.003312611486762762,0.0015804668655619025,0.01855427771806717,0.018635816872119904,0.1563083380460739,0.018640637397766113,0.9,0.04557279124855995,0.045484960079193115,0.048581454902887344,0.04968854784965515
49001,12.00595474243164,22.21593475341797,-0.016621112823486328,1.6152651308720316,0.9563643336296082,0.9729854464530945,0.9386242032051086,0.0024783569388091564,3136064,0,0,0.9529812186956406,0.2868106961250305,0.019082026556134224,0.16133201122283936,0.999114990234375,0.9251018166542053,0.9723202586174011,,0.003215322270989418,0.001206239452585578,0.018404288217425346,0.018556296825408936,0.1512807309627533,0.01855510286986828,0.9,0.043635595589876175,0.04450457543134689,0.048111021518707275,0.050284285098314285
49201,11.973675727844238,22.42555809020996,-0.017447352409362793,1.63742155210334,0.9551808834075928,0.9726282358169556,0.9376020431518555,0.02411838248372078,3148864,0,0,0.9515737891197205,0.2742999196052551,0.01910024881362915,0.16136586666107178,0.9972565174102783,0.8719131946563721,0.924830436706543,,0.0033053942024707794,0.0022971287835389376,0.017979485914111137,0.01826140657067299,0.15137436985969543,0.018258070573210716,0.9,0.04481911659240723,0.04512850567698479,0.04851887747645378,0.04925885051488876
49401,12.042329788208008,22.221288681030273,-0.017078757286071777,1.635860495668229,0.9560619592666626,0.9731407165527344,0.9378434419631958,0.028900176286697388,3161664,0,1,0.9538824036717415,0.28094881772994995,0.019077183678746223,0.16918444633483887,0.9991129040718079,0.8922659754753113,0.9685210585594177,,0.003147242357954383,0.0019965553656220436,0.01803976483643055,0.01815497875213623,0.15836739540100098,0.01818198896944523,0.9,0.0439380519092083,0.04440903663635254,0.04771826043725014,0.04912012442946434
49601,11.938093185424805,22.305213928222656,-0.015674829483032227,1.5755707447751492,0.9570916295051575,0.9727664589881897,0.9389669299125671,0.0049386657774448395,3174464,0,1,0.9559310488402843,0.2847949266433716,0.018847133964300156,0.13995897769927979,0.998618483543396,0.8504749536514282,0.9443690776824951,,0.003341365372762084,0.00102868746034801,0.017955975607037544,0.017962083220481873,0.13246573507785797,0.017975790426135063,0.9,0.04290838912129402,0.04273233190178871,0.04581649601459503,0.04698026552796364
49801,12.114441871643066,22.240375518798828,-0.016407907009124756,1.57397144310723,0.9550054669380188,0.9714133739471436,0.9365692138671875,0.009849848225712776,3187264,0,0,0.9557524509727955,0.27527517080307007,0.019121021032333374,0.14970910549163818,0.9992712736129761,0.924830436706543,0.9736770987510681,,0.003104172646999359,0.0013836914440616965,0.01790519244968891,0.017960907891392708,0.14148877561092377,0.017954697832465172,0.9,0.04499455541372299,0.04629332944750786,0.05037754401564598,0.05186959728598595
50001,12.005373001098633,22.351713180541992,-0.01662665605545044,1.6519236432133793,0.9578693509101868,0.9744960069656372,0.9412278532981873,0.010756001807749271,3200064,0,1,0.9543729871511459,0.27169424295425415,0.01887410506606102,0.15613895654678345,0.9986092448234558,0.8518317937850952,0.9408412575721741,,0.003085620468482375,0.001442238688468933,0.017692482098937035,0.01783570647239685,0.14618903398513794,0.017853988334536552,0.9,0.04213067516684532,0.04328687861561775,0.04756449535489082,0.04939349740743637
50201,12.01733684539795,22.33546257019043,-0.01828932762145996,1.6445435907777106,0.9533350467681885,0.9716243743896484,0.9354978203773499,0.016685109585523605,3212864,0,0,0.9511339440941811,0.27580487728118896,0.01922091282904148,0.16223756968975067,0.9984910488128662,0.8985074758529663,0.9535956978797913,,0.0032533053308725357,0.0016861071344465017,0.017811564728617668,0.017900340259075165,0.150928795337677,0.01790216751396656,0.9,0.046664949506521225,0.04729241505265236,0.05147092044353485,0.05335227772593498
50401,12.109578132629395,22.448747634887695,-0.017696857452392578,1.6174373264845643,0.9536413550376892,0.9713382124900818,0.9362437129020691,0.004644898697733879,3225664,0,0,0.9540749676525593,0.2652745246887207,0.01930949278175831,0.14958347380161285,0.9987233281135559,0.9120759963989258,0.961736798286438,,0.0034853469114750624,0.0012834289809688926,0.01784592866897583,0.017943259328603745,0.14053575694561005,0.01794196479022503,0.9,0.046358622610569,0.04766467213630676,0.051987264305353165,0.05402212217450142
50601,12.145442008972168,22.344650268554688,-0.019401729106903076,1.6628215022409198,0.951326847076416,0.9707285761833191,0.9319966435432434,0.01179780624806881,3238464,0,0,0.9490942843258381,0.2791667580604553,0.01932687871158123,0.1505298614501953,0.9987480044364929,0.8732700347900391,0.9500678777694702,,0.003284202655777335,0.0014244690537452698,0.017977789044380188,0.018075931817293167,0.14148566126823425,0.01807219162583351,0.9,0.04867309704422951,0.04947083070874214,0.05327989533543587,0.055168092250823975
50801,11.990998268127441,22.436599731445312,-0.0161934494972229,1.6706103054612773,0.959659218788147,0.9758526682853699,0.9414922595024109,0.005163582041859627,3251264,0,0,0.961102519184351,0.2954472303390503,0.018925199285149574,0.13252215087413788,0.9987028241157532,0.8591587543487549,0.9468114376068115,,0.003407551907002926,0.0012896056286990643,0.01772511936724186,0.017732631415128708,0.12606383860111237,0.01774178259074688,0.9,0.040340736508369446,0.041111499071121216,0.044099532067775726,0.045476172119379044
51001,12.055168151855469,22.49734115600586,-0.0169527530670166,1.5909289231472439,0.9543589353561401,0.9713116884231567,0.9364454746246338,0.0021966600324958563,3264064,0,0,0.9505455009639263,0.26877593994140625,0.01929478906095028,0.13593348860740662,0.9969471096992493,0.7815468311309814,0.8895522952079773,,0.0031186682172119617,0.000891992065589875,0.017775027081370354,0.017932841554284096,0.1295827180147171,0.017946289852261543,0.9,0.04564101621508598,0.04702605679631233,0.051067642867565155,0.053195104002952576
51201,12.143943786621094,22.213186264038086,-0.01942265033721924,1.6633052696717041,0.9512957334518433,0.9707183837890625,0.9324460625648499,-0.0023567965254187584,3276864,0,0,0.9505415372550488,0.26458311080932617,0.019514691084623337,0.156667098402977,0.997100293636322,0.7991859316825867,0.8960651755332947,,0.003048459766432643,0.0008935599471442401,0.018233230337500572,0.018420865759253502,0.1471644937992096,0.018422359600663185,0.9,0.048704225569963455,0.050574254244565964,0.05501791089773178,0.057267844676971436
51401,12.016112327575684,22.313682556152344,-0.01634514331817627,1.5469238946383803,0.9537692666053772,0.9701144099235535,0.9350957274436951,0.010238703340291977,3289664,0,0,0.949487641453743,0.2734280824661255,0.019413456320762634,0.1439504474401474,0.9983800053596497,0.8729986548423767,0.9416553974151611,,0.0030239815823733807,0.0009338274830952287,0.01819254457950592,0.01829328015446663,0.13689085841178894,0.01829327642917633,0.9,0.046230681240558624,0.04791948199272156,0.051804691553115845,0.05335666239261627
51601,11.986225128173828,22.27006721496582,-0.016447901725769043,1.5648959973142107,0.954435408115387,0.970883309841156,0.9360467195510864,0.017121316865086555,3302464,0,0,0.9532023966312408,0.27696430683135986,0.019255708903074265,0.1562669277191162,0.9978259801864624,0.837720513343811,0.9185889363288879,,0.003357754787430167,0.0016302174190059304,0.017641747370362282,0.01787293702363968,0.14718855917453766,0.017864618450403214,0.9,0.045564621686935425,0.047087233513593674,0.05110130086541176,0.05278323218226433
51801,12.016449928283691,22.20684242248535,-0.02024465799331665,1.7076138768979483,0.951145589351654,0.9713902473449707,0.9316191673278809,0.013643844984471798,3315264,0,1,0.9513105489313602,0.277798056602478,0.019818071275949478,0.15945866703987122,0.9974857568740845,0.7734057307243347,0.901763916015625,,0.0032025885302573442,0.0014932961203157902,0.01802763342857361,0.018112163990736008,0.15158818662166595,0.018122296780347824,0.9,0.04885436221957207,0.04998839646577835,0.05489600449800491,0.056707464158535004
52001,12.076542854309082,22.252668380737305,-0.02025294303894043,1.7281291049781533,0.9519320130348206,0.972184956073761,0.9325069189071655,0.005647497251629829,3328064,0,0,0.9473678097128868,0.277050256729126,0.019704744219779968,0.1592240035533905,0.9988682866096497,0.8938941955566406,0.9601085782051086,,0.003162059932947159,0.001320090377703309,0.017999699339270592,0.018196698278188705,0.1500508189201355,0.018198620527982712,0.9,0.04806801676750183,0.049296822398900986,0.054392002522945404,0.05701076611876488
52201,12.133288383483887,22.230897903442383,-0.02181464433670044,1.8152328383874834,0.9514265656471252,0.9732412099838257,0.9328081607818604,0.01402364857494831,3340864,0,1,0.9475037232041359,0.2795577645301819,0.019527597352862358,0.15274173021316528,0.9977149963378906,0.7552239298820496,0.9088195562362671,,0.003253052942454815,0.001518988749012351,0.018232716247439384,0.018290705978870392,0.14393207430839539,0.01830972172319889,0.9,0.0485733337700367,0.050213899463415146,0.05444925278425217,0.056262362748384476
52401,11.99818229675293,22.3643798828125,-0.017594873905181885,1.632527513027976,0.9545883536338806,0.9721832275390625,0.9360824227333069,0.00811479240655899,3353664,0,0,0.946125328540802,0.27939045429229736,0.019168244674801826,0.1545286476612091,0.997861921787262,0.830122172832489,0.9223880767822266,,0.003442627377808094,0.0010379429440945387,0.017876124009490013,0.017985280603170395,0.1451951563358307,0.017988456413149834,0.9,0.0454116053879261,0.04636967554688454,0.05013785883784294,0.051856111735105515
52601,12.06814956665039,22.121959686279297,-0.02065354585647583,1.7354115332454683,0.9512621164321899,0.9719156622886658,0.9313941597938538,0.005922715179622173,3366464,0,0,0.950399924069643,0.28147029876708984,0.019428381696343422,0.1670672595500946,0.9994438886642456,0.9446404576301575,0.9812754988670349,,0.002979570534080267,0.0009738819790072739,0.018430182710289955,0.018516190350055695,0.15582604706287384,0.01851574517786503,0.9,0.048737864941358566,0.05002453923225403,0.05401403084397316,0.05557087063789368
52801,12.047637939453125,22.3286190032959,-0.020824193954467773,1.8953825414602516,0.9559184908866882,0.976742684841156,0.9372003674507141,0.014353944920003414,3379264,0,0,0.9558954834938049,0.28964072465896606,0.019120393320918083,0.15898507833480835,0.9988508224487305,0.9118046760559082,0.9620081782341003,,0.0029427064582705498,0.0018702188972383738,0.018134066835045815,0.018355121836066246,0.14808188378810883,0.018355315551161766,0.9,0.04408146068453789,0.04604055732488632,0.05040523409843445,0.05197307839989662
53001,12.019289016723633,22.359233856201172,-0.019946634769439697,1.8366768839974599,0.9562130570411682,0.9761596918106079,0.9372031092643738,0.00537210563197732,3392064,0,1,0.956551693379879,0.2964562773704529,0.018924623727798462,0.15862880647182465,0.9983625411987305,0.8347354531288147,0.935956597328186,,0.003059716196730733,0.0012984427157789469,0.018049100413918495,0.018191048875451088,0.14750835299491882,0.018197529017925262,0.9,0.04378693178296089,0.04474370554089546,0.04871075600385666,0.04978996887803078
53201,11.961359977722168,22.24987030029297,-0.017060816287994385,1.7509287145960355,0.9602195620536804,0.9772803783416748,0.9430764317512512,0.008235552348196507,3404864,0,0,0.9584155827760696,0.29106318950653076,0.01878395676612854,0.15910038352012634,0.9992578625679016,0.9082768559455872,0.9725916385650635,,0.0032064393162727356,0.0013052893336862326,0.01791008934378624,0.017992354929447174,0.14845521748065948,0.0179913230240345,0.9,0.039780374616384506,0.040617309510707855,0.04398869723081589,0.0452611930668354
53401,11.952933311462402,22.48916244506836,-0.016700267791748047,1.7135518933634866,0.9598953127861023,0.9765955805778503,0.9421098828315735,0.003948323428630829,3417664,0,0,0.959214624017477,0.2990577220916748,0.01891358010470867,0.15912511944770813,0.9979133605957031,0.8146540522575378,0.9215739965438843,,0.0031504230573773384,0.0010813882108777761,0.01777729019522667,0.017924964427947998,0.14820286631584167,0.01792478747665882,0.9,0.040104687213897705,0.04092642292380333,0.04428097605705261,0.045136142522096634
53601,11.9613037109375,22.31355857849121,-0.018101155757904053,1.919722950750165,0.9622177481651306,0.9803189039230347,0.94525146484375,0.019445503130555153,3430464,0,0,0.9622455462813377,0.3009597063064575,0.018745508044958115,0.1689726561307907,0.9990255832672119,0.8987788558006287,0.9611940383911133,,0.003175158519297838,0.0015782746486365795,0.017709823325276375,0.017758473753929138,0.15604037046432495,0.01775125041604042,0.9,0.03778223693370819,0.03846823796629906,0.04161747172474861,0.04276810213923454
53801,12.157377243041992,22.340465545654297,-0.019087910652160645,1.775486976820775,0.9562979936599731,0.9753859043121338,0.9377986788749695,0.01604112796485424,3443264,0,0,0.9575145803391933,0.29542076587677,0.01915537752211094,0.16211840510368347,0.9977940917015076,0.8567164540290833,0.9280868768692017,,0.002703547477722168,0.001564243109896779,0.017916802316904068,0.01808728277683258,0.15099754929542542,0.01808445155620575,0.9,0.04370198771357536,0.04476219788193703,0.04875849932432175,0.049502894282341
54001,12.075231552124023,22.32360076904297,-0.015897095203399658,1.6597315154018735,0.960006594657898,0.9759036898612976,0.9413055777549744,0.0011076066875830293,3456064,0,0,0.9609606899321079,0.3063308000564575,0.018774518743157387,0.1790042370557785,0.9988415241241455,0.8738127946853638,0.9560379981994629,,0.002938483841717243,0.0009834920056164265,0.018080372363328934,0.018156973645091057,0.16383381187915802,0.018148666247725487,0.9,0.03999331593513489,0.04046056419610977,0.04393908753991127,0.045318033546209335
54201,11.964678764343262,22.501888275146484,-0.015431106090545654,1.7024296935411665,0.9626007080078125,0.9780318140983582,0.9452264308929443,0.0006902829627506435,3468864,0,0,0.9629446864128113,0.3016030192375183,0.018800783902406693,0.16650384664535522,0.9981744289398193,0.8521031737327576,0.9337856769561768,,0.0027280470822006464,0.0010340714361518621,0.017984570935368538,0.01815732941031456,0.1539440155029297,0.018156923353672028,0.9,0.037399306893348694,0.03780278190970421,0.0408640019595623,0.04226142540574074
54401,11.958738327026367,22.401729583740234,-0.017212390899658203,1.6972352133045854,0.9581009745597839,0.9753133654594421,0.9406237602233887,0.01572995074093342,3481664,0,1,0.9552443809807301,0.2771591544151306,0.018927093595266342,0.16895002126693726,0.9977077841758728,0.7649932503700256,0.9031208157539368,,0.00279198307543993,0.0016701926942914724,0.018345924094319344,0.018523847684264183,0.1563127636909485,0.018537169322371483,0.9,0.04189899191260338,0.04365122318267822,0.04764636605978012,0.048957791179418564
54601,11.930234909057617,22.44493293762207,-0.015746235847473145,1.683195407054929,0.9612058401107788,0.976952075958252,0.9437570571899414,0.01612238958477974,3494464,0,1,0.9588610455393791,0.2881321907043457,0.018807677552103996,0.15817680954933167,0.9979873299598694,0.7978290915489197,0.9267300367355347,,0.0027639134787023067,0.0017876520287245512,0.018007783219218254,0.017992056906223297,0.14780110120773315,0.018019692972302437,0.9,0.038794104009866714,0.03927365317940712,0.0419393852353096,0.0430881641805172
54801,11.916377067565918,22.389169692993164,-0.017702043056488037,1.7382877172048623,0.9583207964897156,0.9760228395462036,0.9407105445861816,0.012141479179263115,3507264,0,0,0.9564209878444672,0.2918499708175659,0.018963942304253578,0.17072470486164093,0.9982834458351135,0.8483039736747742,0.9364993572235107,,0.002833391074091196,0.0015058867866173387,0.01818353869020939,0.018248531967401505,0.15794247388839722,0.018254201859235764,0.9,0.041679129004478455,0.04256073758006096,0.04612032696604729,0.04719492793083191
55001,11.949804306030273,22.229032516479492,-0.018447577953338623,1.7950141279219112,0.9583483338356018,0.9767959117889404,0.940822958946228,0.010045577771961689,3520064,0,0,0.9583982788026333,0.2893943786621094,0.019100474193692207,0.1758396029472351,0.9990183711051941,0.899050235748291,0.9663500785827637,,0.0031284803990274668,0.0016382336616516113,0.01830044575035572,0.018342893570661545,0.160821795463562,0.01835220865905285,0.9,0.04165159910917282,0.043026454746723175,0.046211931854486465,0.04726081341505051
55201,12.088140487670898,22.032398223876953,-0.018170535564422607,1.6929676010010888,0.9556081295013428,0.9737786650657654,0.9363738298416138,-0.0011260785395279527,3532864,0,0,0.9541954584419727,0.2949637174606323,0.019159262999892235,0.19535723328590393,0.9992198348045349,0.9183175563812256,0.9674355983734131,,0.002894212957471609,0.0008281583432108164,0.018053879961371422,0.018167167901992798,0.17737439274787903,0.018162988126277924,0.9,0.04439188539981842,0.04556723311543465,0.04903052747249603,0.050471801310777664
55401,11.981932640075684,22.70232582092285,-0.01654231548309326,1.6853148234573663,0.9593194127082825,0.9758617281913757,0.9420399069786072,0.025990178808569908,3545664,0,0,0.9568254202604294,0.2897234559059143,0.01872371882200241,0.18826541304588318,0.9941121339797974,0.8198100924491882,0.8792402148246765,,0.003182839835062623,0.0018957840511575341,0.01784566044807434,0.018261034041643143,0.17069518566131592,0.018244540318846703,0.9,0.04068055748939514,0.04135117307305336,0.04419829696416855,0.04536864161491394
55601,12.243633270263672,22.209238052368164,-0.018169939517974854,1.673692189713432,0.9548593759536743,0.9730293154716492,0.9356177449226379,0.010330664925277233,3558464,0,0,0.9518692418932915,0.28878551721572876,0.01927926391363144,0.1644245982170105,0.9989690184593201,0.8919945955276489,0.9641791582107544,,0.0028040159959346056,0.0014820490032434464,0.01798339933156967,0.018048811703920364,0.15285801887512207,0.01805170625448227,0.9,0.0451405867934227,0.04561667516827583,0.049271777272224426,0.050736576318740845
55801,11.90465259552002,22.394481658935547,-0.015443861484527588,1.574973703948624,0.9576960206031799,0.9731398820877075,0.9398991465568542,0.013668242841959,3571264,0,1,0.9535082466900349,0.2904393672943115,0.019009923562407494,0.1667923778295517,0.9977602362632751,0.7698779106140137,0.9128901362419128,,0.0028355044778436422,0.0015479500871151686,0.017688892781734467,0.017693405970931053,0.15540708601474762,0.017702091485261917,0.9,0.0423039011657238,0.04280931502580643,0.04502824321389198,0.04554981738328934
56001,12.028363227844238,22.271434783935547,-0.017746448516845703,1.6874357843601293,0.9564381241798401,0.9741845726966858,0.9377828240394592,0.0023911120370030403,3584064,0,0,0.9541246742010117,0.28605031967163086,0.019230548292398453,0.15724772214889526,0.9987264275550842,0.8732700347900391,0.9514247179031372,,0.002672170754522085,0.0010706022148951888,0.017849205061793327,0.017886240035295486,0.14688383042812347,0.017875898629426956,0.9,0.04356183484196663,0.04443614184856415,0.04821104183793068,0.04980712756514549
56201,12.051268577575684,22.38069725036621,-0.01697707176208496,1.6416389018420525,0.9565640091896057,0.9735410809516907,0.9377472996711731,0.00940981600433588,3596864,0,0,0.9556738622486591,0.2914326786994934,0.019229024648666382,0.14983555674552917,0.9982658624649048,0.8396201133728027,0.9351425170898438,,0.002524987794458866,0.0012395252706483006,0.018034592270851135,0.018129190430045128,0.1422305703163147,0.018126647919416428,0.9,0.043435998260974884,0.044018153101205826,0.0470409095287323,0.04808809608221054
56401,12.064519882202148,22.49972915649414,-0.020831286907196045,1.8220648354181466,0.9538285136222839,0.97465980052948,0.9351247549057007,0.009558412246406078,3609664,0,1,0.9497613869607449,0.279044508934021,0.019436314702033997,0.13492758572101593,0.997254490852356,0.7788331508636475,0.9014925956726074,,0.002469000406563282,0.0015665480168536305,0.018080763518810272,0.018111083656549454,0.12838280200958252,0.018109813332557678,0.9,0.04617144539952278,0.04776695370674133,0.05151231214404106,0.05265010520815849
56601,12.025522232055664,22.261274337768555,-0.018549025058746338,1.6531866886353856,0.9530532360076904,0.9716022610664368,0.9339065551757812,0.014751940965652466,3622464,0,0,0.9491402804851532,0.2818149924278259,0.019565142691135406,0.16087359189987183,0.9984046816825867,0.8344640731811523,0.9435549974441528,,0.0029833109583705664,0.001606835750862956,0.017925962805747986,0.01805480569601059,0.15155993402004242,0.018050508573651314,0.9,0.046946700662374496,0.0481918565928936,0.05223647132515907,0.05393582955002785
56801,12.031630516052246,22.069074630737305,-0.019157707691192627,1.6767130844151743,0.9525323510169983,0.9716900587081909,0.9327868819236755,0.0008265196229331195,3635264,0,0,0.9495922662317753,0.2861937880516052,0.019670138135552406,0.178462415933609,0.9987849593162537,0.892808735370636,0.9557666778564453,,0.002615571953356266,0.0009319123346358538,0.017861636355519295,0.01790706068277359,0.16629250347614288,0.017897512763738632,0.9,0.04746763035655022,0.04964863881468773,0.05472996085882187,0.0568573884665966
57001,12.06970500946045,22.276165008544922,-0.016276776790618896,1.5757710570038206,0.9554536938667297,0.9717304706573486,0.9360713958740234,-0.0015077590942382812,3648064,0,1,0.9554584585130215,0.28784501552581787,0.01935850828886032,0.16897937655448914,0.9980798959732056,0.8179104924201965,0.9196743965148926,,0.002624946180731058,0.0008697923040017486,0.018179873004555702,0.018222888931632042,0.15892164409160614,0.018220530822873116,0.9,0.044546257704496384,0.04632363095879555,0.04990115761756897,0.051646411418914795
57201,11.984320640563965,22.319015502929688,-0.01766347885131836,1.6331027469545933,0.9544366598129272,0.9721001386642456,0.9347640872001648,0.0005642521427944303,3660864,0,0,0.9549767412245274,0.29191267490386963,0.01940341107547283,0.15634675323963165,0.9986143708229065,0.8559023141860962,0.9432836174964905,,0.0025726272724568844,0.0009786952286958694,0.018092991784214973,0.01815612241625786,0.14786213636398315,0.01813763752579689,0.9,0.04556333273649216,0.046737972646951675,0.05038907378911972,0.05165978521108627
57401,11.99364948272705,22.225648880004883,-0.017862975597381592,1.6575588628300235,0.954971432685852,0.9728344082832336,0.9355394840240479,0.007300210185348988,3673664,0,1,0.9519190192222595,0.2885255217552185,0.01935393363237381,0.16748309135437012,0.9987346529960632,0.8805970549583435,0.9519674777984619,,0.0027531024534255266,0.0011362049262970686,0.018139967694878578,0.018158461898565292,0.15746018290519714,0.018155613914132118,0.9,0.04502851516008377,0.04568006843328476,0.048905886709690094,0.0503762923181057
57601,12.062270164489746,22.342756271362305,-0.018990695476531982,1.6727442414363205,0.9527806043624878,0.9717712998390198,0.9332436919212341,0.013090883381664753,3686464,0,0,0.9540029428899288,0.2893170714378357,0.019693545997142792,0.15815919637680054,0.9983018636703491,0.8369064331054688,0.9375848174095154,,0.00289182853884995,0.0014554773224517703,0.018148241564631462,0.018311481922864914,0.14984503388404846,0.01829601638019085,0.9,0.047219377011060715,0.0486123189330101,0.052780818194150925,0.054508160799741745
57801,12.034445762634277,22.075517654418945,-0.018577218055725098,1.614959946332031,0.9512139558792114,0.9697911739349365,0.9311924576759338,0.013444657437503338,3699264,0,1,0.9464916177093983,0.2850213050842285,0.01965046301484108,0.18012835085391998,0.9986997842788696,0.8569878339767456,0.9500678777694702,,0.00287052383646369,0.0013387890066951513,0.01823611557483673,0.018349966034293175,0.16808323562145233,0.01833598129451275,0.9,0.04878603667020798,0.05015261843800545,0.05413399636745453,0.05550999566912651
58001,12.063056945800781,22.281496047973633,-0.01915121078491211,1.5353817442596727,0.945077657699585,0.9642288684844971,0.9286627769470215,0.015366439707577229,3712064,0,0,0.942555271089077,0.20275002717971802,0.020218374207615852,0.1759480983018875,0.9945612549781799,0.8597015142440796,0.9392130374908447,,0.0027644990477710962,0.001426840666681528,0.018331147730350494,0.01837616041302681,0.16451887786388397,0.018352219834923744,0.9,0.054922305047512054,0.05543425306677818,0.059260815382003784,0.061107732355594635
58201,12.066917419433594,22.159421920776367,-0.016219615936279297,1.5484941203978053,0.9542092084884644,0.9704288244247437,0.935295820236206,0.006703962106257677,3724864,0,0,0.9508349597454071,0.2778633236885071,0.01925862953066826,0.16547319293022156,0.9990152716636658,0.8993216156959534,0.962550938129425,,0.002997498493641615,0.001031489111483097,0.01821853779256344,0.018223494291305542,0.15483452379703522,0.018219804391264915,0.9,0.045790791511535645,0.04693141579627991,0.05040036514401436,0.052518583834171295
58401,12.022007942199707,22.16790771484375,-0.017597496509552002,1.5658396068750862,0.951302707195282,0.968900203704834,0.9327178001403809,0.016252664849162102,3737664,0,0,0.9501146785914898,0.26745688915252686,0.019614290446043015,0.1797543168067932,0.9980078935623169,0.860787034034729,0.9267300367355347,,0.0030328305438160896,0.0014001810923218727,0.01794459857046604,0.01812690496444702,0.16783571243286133,0.018115149810910225,0.9,0.04869725555181503,0.051146697252988815,0.05579187721014023,0.05733936280012131
58601,12.181285858154297,22.32928466796875,-0.018296122550964355,1.6902772280790126,0.9551984071731567,0.9734945297241211,0.9368955492973328,0.0283783171325922,3750464,0,1,0.9542788155376911,0.2828160524368286,0.0192551389336586,0.15530605614185333,0.9973860383033752,0.7641791105270386,0.9012212157249451,,0.0028392313979566097,0.0018299089279025793,0.018140308558940887,0.018151849508285522,0.14621463418006897,0.018152693286538124,0.9,0.04480154812335968,0.04670291393995285,0.05113273113965988,0.05266084894537926
58801,12.007431030273438,22.137121200561523,-0.017987608909606934,1.60913760912348,0.9524827599525452,0.9704703688621521,0.9332486987113953,0.001534444629214704,3763264,0,0,0.9510124400258064,0.2887767553329468,0.0194618608802557,0.18529975414276123,0.9986072182655334,0.8911805152893066,0.9484396576881409,,0.0030585038475692272,0.0008577430853620172,0.018101423978805542,0.018275219947099686,0.17154546082019806,0.01826529949903488,0.9,0.047517240047454834,0.04906710982322693,0.05319371819496155,0.05491263419389725
59001,12.031692504882812,22.227109909057617,-0.017712831497192383,1.560393141891637,0.9506793022155762,0.9683921337127686,0.9300525188446045,0.011570276692509651,3776064,0,0,0.9484528712928295,0.28760355710983276,0.01963895559310913,0.16199329495429993,0.998424232006073,0.8808684349060059,0.9514247179031372,,0.0028235595673322678,0.00122610735706985,0.01836307719349861,0.018384328112006187,0.15226075053215027,0.01837376318871975,0.9,0.04932066425681114,0.05013061687350273,0.05349225550889969,0.05457286909222603
59201,12.0275297164917,22.206148147583008,-0.017927706241607666,1.5383958586173194,0.9487739205360413,0.9667016267776489,0.9303127527236938,0.00516387028619647,3788864,0,1,0.9435458891093731,0.2723899483680725,0.01963888108730316,0.16860637068748474,0.9980531334877014,0.8303934931755066,0.9343283772468567,,0.002812529681250453,0.0010702605359256268,0.018534867092967033,0.018635548651218414,0.15720610320568085,0.01863335259258747,0.9,0.05122608318924904,0.05286240205168724,0.05612422525882721,0.0569739043712616
59401,11.96674633026123,22.27567481994629,-0.01643437147140503,1.5721141974988433,0.9548399448394775,0.9712743163108826,0.935998260974884,0.006189438980072737,3801664,0,0,0.9535029865801334,0.2935616970062256,0.019553283229470253,0.15959852933883667,0.9984869360923767,0.8442333936691284,0.9408412575721741,,0.0028896587900817394,0.0009322565165348351,0.01827816665172577,0.01833891123533249,0.15100952982902527,0.01833641715347767,0.9,0.04516004025936127,0.0467318519949913,0.04992056265473366,0.051918625831604004
59601,12.047913551330566,22.214879989624023,-0.019304096698760986,1.617728737912224,0.9494457840919495,0.9687498807907104,0.9294912815093994,0.04281357303261757,3814464,0,0,0.9454579539597034,0.2817336320877075,0.019810039550065994,0.1613258570432663,0.9976502060890198,0.8331072330474854,0.9172320365905762,,0.0028825015760958195,0.0022764005698263645,0.018171312287449837,0.018390772864222527,0.15285836160182953,0.018379447981715202,0.9,0.05055416375398636,0.05270107463002205,0.05701468512415886,0.05911580100655556
59801,12.020681381225586,22.277549743652344,-0.017708539962768555,1.587873307465061,0.9521684050559998,0.9698769450187683,0.9338218569755554,0.006623873952776194,3827264,0,0,0.9524070173501968,0.2740994095802307,0.019419865682721138,0.16385023295879364,0.9980520606040955,0.8382632732391357,0.9286296367645264,,0.0031616338528692722,0.0008922119159251451,0.017927372828125954,0.018154222518205643,0.15419606864452362,0.01814066246151924,0.9,0.047831520438194275,0.05017361417412758,0.05421576276421547,0.056283723562955856
60001,12.02761459350586,22.441938400268555,-0.016511917114257812,1.6070228873818106,0.956286609172821,0.9727985262870789,0.9363231658935547,0.021753160282969475,3840064,0,0,0.9540592133998871,0.3105468153953552,0.01919700764119625,0.142767995595932,0.9972915053367615,0.7848032712936401,0.897693395614624,,0.0027354955673217773,0.001511142821982503,0.018710320815443993,0.01896360144019127,0.13582205772399902,0.018946686759591103,0.9,0.04371338337659836,0.044321220368146896,0.04727930575609207,0.04865404590964317
60201,11.937328338623047,22.418127059936523,-0.016820549964904785,1.6672924952589938,0.9579722881317139,0.9747928380966187,0.9396606087684631,0.0055290693417191505,3852864,0,0,0.958813264966011,0.2916610836982727,0.019035110250115395,0.15221834182739258,0.9978938102722168,0.8417910933494568,0.923473596572876,,0.0027161138132214546,0.0012135803699493408,0.018819419667124748,0.018919648602604866,0.14326994121074677,0.01890811324119568,0.9,0.04202772676944733,0.04361787810921669,0.0470256581902504,0.0485822856426239
60401,11.91874885559082,22.5817928314209,-0.015675902366638184,1.643566609650636,0.959966242313385,0.9756421446800232,0.9411688446998596,0.0034828621428459883,3865664,0,0,0.9610587507486343,0.3074321746826172,0.018735788762569427,0.14242073893547058,0.997562825679779,0.8032564520835876,0.9131615161895752,,0.002833187347277999,0.001051047584041953,0.018537217751145363,0.01863289065659046,0.13452374935150146,0.01863222010433674,0.9,0.04003369063138962,0.040348365902900696,0.042983222752809525,0.04455512762069702
60601,11.922246932983398,22.30640983581543,-0.015636146068572998,1.5829538914185017,0.9575415849685669,0.9731777310371399,0.9391892552375793,0.008445709943771362,3878464,0,1,0.9587679244577885,0.3023284077644348,0.01914081536233425,0.14986050128936768,0.9979883432388306,0.7964721918106079,0.9232022166252136,,0.0023518528323620558,0.0009980022441595793,0.01885145530104637,0.01893407106399536,0.1423008292913437,0.018936673179268837,0.9,0.04245837777853012,0.04340323433279991,0.04650615528225899,0.04755149781703949
60801,11.924884796142578,22.236642837524414,-0.013904809951782227,1.5771542094572697,0.9620031714439392,0.9759079813957214,0.9449899792671204,0.009551262483000755,3891264,0,0,0.960839431732893,0.30520737171173096,0.018714213743805885,0.16916890442371368,0.9985507130622864,0.8890095353126526,0.9459972977638245,,0.002615023870021105,0.0011108489707112312,0.018913505598902702,0.019321594387292862,0.1578795313835144,0.019297456368803978,0.9,0.037996821105480194,0.03905336931347847,0.04183270037174225,0.043478019535541534
61001,12.055937767028809,22.30452537536621,-0.01657766103744507,1.7170235968351935,0.9603022336959839,0.976879894733429,0.9426265954971313,0.015242385677993298,3904064,0,1,0.9572535939514637,0.303364634513855,0.01884581334888935,0.16922272741794586,0.9986071586608887,0.8415197134017944,0.9419267773628235,,0.0025510909035801888,0.0014943927526474,0.019504763185977936,0.019681554287672043,0.1563223898410797,0.019721196964383125,0.9,0.03969777747988701,0.04224540665745735,0.04704424738883972,0.05023381486535072
61201,11.998235702514648,22.20317268371582,-0.01563173532485962,1.5606549386556186,0.9564870595932007,0.9721187949180603,0.9377620220184326,0.0073545039631426334,3916864,0,0,0.957129467278719,0.29895609617233276,0.019038526341319084,0.18306106328964233,0.9988806247711182,0.8805970549583435,0.955495297908783,,0.0026755393482744694,0.0008337749168276787,0.018943598493933678,0.019143927842378616,0.16946157813072205,0.019116921350359917,0.9,0.043512944132089615,0.04482162371277809,0.048431482166051865,0.050456058233976364
61401,11.988137245178223,22.214759826660156,-0.016813457012176514,1.6988583716931676,0.9591280817985535,0.97594153881073,0.9407413601875305,0.007267637178301811,3929664,0,0,0.9569928869605064,0.30053573846817017,0.01892842911183834,0.17902891337871552,0.9990357756614685,0.9096336960792542,0.9687924385070801,,0.0025744885206222534,0.0010973542230203748,0.019249122589826584,0.019331060349941254,0.16472892463207245,0.019311638548970222,0.9,0.04087188467383385,0.04207679629325867,0.045159295201301575,0.04700898379087448
61601,12.054121017456055,22.239992141723633,-0.017973244190216064,1.7325730833610693,0.9574923515319824,0.9754655957221985,0.9386352300643921,0.019174961373209953,3942464,0,0,0.9540042541921139,0.31099188327789307,0.018956677988171577,0.17810580134391785,0.9986493587493896,0.8597015142440796,0.9481682777404785,,0.0024602306075394154,0.0014944367576390505,0.019488103687763214,0.019594762474298477,0.1635459065437317,0.019556943327188492,0.9,0.04250767081975937,0.044008683413267136,0.047675929963588715,0.04930669069290161
61801,11.993865013122559,22.213314056396484,-0.018427550792694092,1.7268147270474672,0.9562186002731323,0.9746461510658264,0.9381692409515381,0.00815354660153389,3955264,0,0,0.9556436985731125,0.2957038879394531,0.019128959625959396,0.18472608923912048,0.9988528490066528,0.8917232155799866,0.9522388577461243,,0.002682838588953018,0.0011134524829685688,0.01930195279419422,0.019389813765883446,0.1704382300376892,0.019356947392225266,0.9,0.04378141090273857,0.04536961764097214,0.05022789537906647,0.05213051661849022
62001,11.904648780822754,22.634761810302734,-0.015977919101715088,1.6511473689580038,0.9594839811325073,0.9754619002342224,0.9421212077140808,0.02663653902709484,3968064,0,0,0.958012294024229,0.29599881172180176,0.018626714125275612,0.16592566668987274,0.9943207502365112,0.798643171787262,0.8700135946273804,,0.0026982324197888374,0.0016647031297907233,0.01873817853629589,0.019649174064397812,0.15361212193965912,0.019610904157161713,0.9,0.04051600769162178,0.041245535016059875,0.04439486563205719,0.04599383473396301
62201,11.974823951721191,22.18831443786621,-0.017969191074371338,1.7593720954249716,0.9583675861358643,0.9763367772102356,0.9398598670959473,0.0031824391335248947,3980864,0,0,0.95963304489851,0.30938583612442017,0.019012365490198135,0.18012064695358276,0.99915611743927,0.8993216156959534,0.9687924385070801,,0.0026052091270685196,0.0008602279704064131,0.018832402303814888,0.01891518011689186,0.1654645949602127,0.01888970285654068,0.9,0.041632361710071564,0.04273677244782448,0.04590288922190666,0.046936362981796265
62401,11.896669387817383,22.23094367980957,-0.015831589698791504,1.6247677202952482,0.9588284492492676,0.9746600389480591,0.940024197101593,0.0050929212011396885,3993664,0,0,0.9557495228946209,0.31316930055618286,0.0190446637570858,0.16689306497573853,0.9991437792778015,0.8960651755332947,0.966621458530426,,0.0023033996112644672,0.0009662925731390715,0.019232841208577156,0.01932508498430252,0.15678466856479645,0.019276611506938934,0.9,0.04117154702544212,0.04203885421156883,0.04478907585144043,0.045962266623973846
62601,12.042434692382812,22.148893356323242,-0.01843184232711792,1.697548255537234,0.9551444053649902,0.9735762476921082,0.9359145164489746,0.01863872818648815,4006464,0,0,0.9530472122132778,0.30440807342529297,0.019252905622124672,0.18817274272441864,0.9990450739860535,0.8995929956436157,0.9644505381584167,,0.0022460324689745903,0.0014968384057283401,0.019247107207775116,0.019278032705187798,0.1730939745903015,0.01923772133886814,0.9,0.04485559090971947,0.045935019850730896,0.04941390082240105,0.05135447159409523
62801,12.056415557861328,22.361083984375,-0.015789508819580078,1.6112144271191446,0.958377480506897,0.974166989326477,0.9401363134384155,0.023580344393849373,4019264,0,0,0.956445474177599,0.30484622716903687,0.019115116447210312,0.16777852177619934,0.9976893067359924,0.8241519927978516,0.9112619161605835,,0.002324562519788742,0.0016599729424342513,0.019556257873773575,0.02018079347908497,0.1584610939025879,0.020120305940508842,0.9,0.04162249341607094,0.04299815371632576,0.04687729477882385,0.048698559403419495
63001,11.946767807006836,22.299671173095703,-0.01656639575958252,1.7598626474270997,0.9616317749023438,0.9781981706619263,0.9442137479782104,0.00616204459220171,4032064,0,0,0.9575658291578293,0.3073190450668335,0.018853364512324333,0.15066403150558472,0.9991602301597595,0.9063772559165955,0.9663500785827637,,0.0024401836562901735,0.0009961373871192336,0.019108377397060394,0.019185107201337814,0.14154766499996185,0.019135359674692154,0.9,0.03836815804243088,0.03900371491909027,0.04192257300019264,0.043475449085235596
63201,12.087593078613281,22.17156982421875,-0.01817011833190918,1.6060300029024805,0.9518476724624634,0.9700177907943726,0.9340814352035522,0.020115820690989494,4044864,0,1,0.9504993967711926,0.2804102301597595,0.019695529714226723,0.1775149405002594,0.9981147646903992,0.8246947526931763,0.931071937084198,,0.0023535629734396935,0.0013544458197429776,0.018666433170437813,0.018676061183214188,0.16749529540538788,0.01865295320749283,0.9,0.048152290284633636,0.050200652331113815,0.05445169657468796,0.055851683020591736
63401,12.002372741699219,22.302255630493164,-0.01704031229019165,1.6332473170677682,0.9560502767562866,0.9730905890464783,0.9386504292488098,0.004560959059745073,4057664,0,0,0.9523297995328903,0.29154080152511597,0.019346008077263832,0.16737401485443115,0.9975895881652832,0.8100407123565674,0.9082768559455872,,0.002408518921583891,0.0008724890649318695,0.019297221675515175,0.019757436588406563,0.1577022522687912,0.019703710451722145,0.9,0.0439496785402298,0.04495760425925255,0.04821166768670082,0.04958540201187134
63601,12.021841049194336,22.517955780029297,-0.016295909881591797,1.6534245036578865,0.9587648510932922,0.975060760974884,0.941503643989563,0.0152432294562459,4070464,0,1,0.9595513716340065,0.29927682876586914,0.019173109903931618,0.14994561672210693,0.996799111366272,0.7196744084358215,0.8770692348480225,,0.0023047805298119783,0.001615656423382461,0.018853288143873215,0.018949050456285477,0.14240136742591858,0.018891384825110435,0.9,0.041235119104385376,0.04286420717835426,0.045452963560819626,0.04671139270067215
63801,12.0109224319458,22.55643653869629,-0.015909850597381592,1.5846458805620351,0.9568773508071899,0.9727872014045715,0.9397717714309692,0.01906725950539112,4083264,0,0,0.9553399831056595,0.29102426767349243,0.019334007054567337,0.1439763605594635,0.9958318471908569,0.7256445288658142,0.8564450740814209,,0.0024292832240462303,0.0014483144041150808,0.01810753159224987,0.018637605011463165,0.13834457099437714,0.01859327405691147,0.9,0.043122559785842896,0.045136965811252594,0.04863561689853668,0.050672318786382675
64001,12.096846580505371,22.468219757080078,-0.01732844114303589,1.647023083565534,0.9558897614479065,0.9732182025909424,0.939166784286499,0.026812057942152023,4096064,0,0,0.9550396353006363,0.28813761472702026,0.0191958025097847,0.13523462414741516,0.9971989393234253,0.7915875315666199,0.896336555480957,,0.002277806168422103,0.001592141343280673,0.018434707075357437,0.01895531825721264,0.12882843613624573,0.01893308386206627,0.9,0.04411020502448082,0.04607589915394783,0.04983435571193695,0.05206839740276337
64201,11.982117652893066,22.509794235229492,-0.014716923236846924,1.5238703462849845,0.9571903944015503,0.9719073176383972,0.9397614002227783,0.010476899333298206,4108864,0,0,0.9547368101775646,0.29308241605758667,0.01921194978058338,0.15667395293712616,0.997008740901947,0.7340570092201233,0.8868385553359985,,0.0022442087065428495,0.0009699509828351438,0.018671739846467972,0.018756669014692307,0.14838199317455292,0.018688440322875977,0.9,0.04280959442257881,0.04423406720161438,0.047533441334962845,0.04939519241452217
64401,12.133322715759277,22.419422149658203,-0.01580822467803955,1.6208489978604168,0.9587295055389404,0.97453773021698,0.9417346119880676,0.022048495709896088,4121664,0,1,0.9561539739370346,0.29410433769226074,0.019009103998541832,0.15748688578605652,0.9976810812950134,0.800000011920929,0.9126187562942505,,0.002178283641114831,0.0015018365811556578,0.018253350630402565,0.018255513161420822,0.14746201038360596,0.018211446702480316,0.9,0.04127044975757599,0.042910415679216385,0.046508170664310455,0.04847491905093193
64601,11.951742172241211,22.528413772583008,-0.015786468982696533,1.6272213591497262,0.9590446352958679,0.9748311042785645,0.9409964084625244,-0.00047230275231413543,4134464,0,0,0.9573582634329796,0.30497676134109497,0.01888921856880188,0.15682044625282288,0.9971506595611572,0.7883310914039612,0.9088195562362671,,0.0021534673869609833,0.00080065056681633,0.019503897055983543,0.01960125006735325,0.1461653709411621,0.019518844783306122,0.9,0.04095539450645447,0.04190060496330261,0.04418235272169113,0.04504711925983429
64801,11.88359260559082,22.79905891418457,-0.015500783920288086,1.6232042080542541,0.9596264958381653,0.9751272797584534,0.9424276947975159,0.006570411380380392,4147264,0,0,0.9602793268859386,0.2957680821418762,0.01904059201478958,0.14272969961166382,0.9952417612075806,0.7229308485984802,0.8442333936691284,,0.0020114146173000336,0.001190166687592864,0.018447700887918472,0.01879402995109558,0.1349213421344757,0.018697280436754227,0.9,0.04037347063422203,0.04154178872704506,0.04405174031853676,0.044683877378702164
65001,12.088558197021484,22.734804153442383,-0.01466590166091919,1.5306972420471874,0.9576989412307739,0.9723648428916931,0.9393355846405029,0.007378694135695696,4160064,0,1,0.9518993757665157,0.30508875846862793,0.018962236121296883,0.1447785198688507,0.9943423271179199,0.679511547088623,0.8401628732681274,,0.0020126826129853725,0.0009468115167692304,0.01985773630440235,0.020101312547922134,0.13608196377754211,0.01997283287346363,0.9,0.04230106994509697,0.04313374683260918,0.046085286885499954,0.047681644558906555
65201,11.931809425354004,22.979442596435547,-0.013378739356994629,1.5296381505208887,0.9613611102104187,0.9747398495674133,0.9433988332748413,0.02138049155473709,4172864,0,0,0.9600441232323647,0.30908966064453125,0.018718721345067024,0.12066468596458435,0.9943444728851318,0.7150610685348511,0.8436906933784485,,0.00196504476480186,0.0014606812037527561,0.018783483654260635,0.018967386335134506,0.11498787254095078,0.018831465393304825,0.9,0.03863883391022682,0.03885548561811447,0.04085198789834976,0.041512127965688705
65401,11.956380844116211,22.460073471069336,-0.01641947031021118,1.6195806680881308,0.9570795893669128,0.973499059677124,0.939614474773407,0.025179080665111542,4185664,0,1,0.9545282274484634,0.2936539053916931,0.019104918465018272,0.16601791977882385,0.9970550537109375,0.7462686896324158,0.8871099352836609,,0.002033090917393565,0.001926975790411234,0.01851435750722885,0.01861732453107834,0.15484783053398132,0.01851995848119259,0.9,0.04292040690779686,0.043559495359659195,0.04642912745475769,0.04754455015063286
65601,11.90734577178955,22.58130645751953,-0.015343546867370605,1.5632435152668833,0.9574150443077087,0.9727585911750793,0.9406291246414185,0.01377387996762991,4198464,0,0,0.9509191550314426,0.2755969166755676,0.019049018621444702,0.1545727550983429,0.9958184361457825,0.7082768082618713,0.8423337936401367,,0.0019778888672590256,0.0013568490976467729,0.018404945731163025,0.019289007410407066,0.14505843818187714,0.019146563485264778,0.9,0.04258494824171066,0.04458851367235184,0.047538917511701584,0.04898634925484657
65801,11.955215454101562,22.30765724182129,-0.017067015171051025,1.6121987774710884,0.955054759979248,0.9721217751502991,0.9376527667045593,0.007828742265701294,4211264,0,1,0.954350408166647,0.28184211254119873,0.019483858719468117,0.15652871131896973,0.9975196719169617,0.7516961097717285,0.8960651755332947,,0.0021681718062609434,0.0009532083058729768,0.018515074625611305,0.01860002428293228,0.1478809267282486,0.018511347472667694,0.9,0.04494524002075195,0.046998098492622375,0.05119020864367485,0.053014274686574936
66001,11.908368110656738,22.351497650146484,-0.01597374677658081,1.6293429583897914,0.9586446285247803,0.9746183753013611,0.9415422677993774,0.011317925527691841,4224064,0,0,0.9574693404138088,0.29048657417297363,0.019078075885772705,0.15386658906936646,0.9986873269081116,0.8659430146217346,0.9500678777694702,,0.002078070305287838,0.0013911185087636113,0.018584053963422775,0.018683046102523804,0.14542680978775024,0.01858378015458584,0.9,0.041355349123477936,0.04226987436413765,0.04496859014034271,0.04637066274881363
66201,11.968827247619629,22.286109924316406,-0.017394304275512695,1.6354572000322272,0.9552327990531921,0.9726271033287048,0.938486635684967,0.006857200991362333,4236864,0,0,0.9529017619788647,0.28247976303100586,0.019488651305437088,0.16012918949127197,0.9987047910690308,0.871099054813385,0.9595658183097839,,0.002028252463787794,0.0008667532820254564,0.01834958977997303,0.018507633358240128,0.15220923721790314,0.01839006133377552,0.9,0.044767189770936966,0.04603956267237663,0.04931417480111122,0.050466183573007584
66401,11.999406814575195,22.35708999633789,-0.018033206462860107,1.716711834212995,0.9568057656288147,0.9748389720916748,0.939346432685852,0.021619297564029694,4249664,0,1,0.9566444344818592,0.2862480878829956,0.019243311136960983,0.16283202171325684,0.9970951080322266,0.6919946074485779,0.8770692348480225,,0.001978781772777438,0.0015851387288421392,0.018435146659612656,0.018668606877326965,0.15365344285964966,0.01857791654765606,0.9,0.043194230645895004,0.04511558264493942,0.048967644572257996,0.05145234614610672
66601,11.9910888671875,22.38326072692871,-0.017376303672790527,1.658861976771254,0.9562504887580872,0.9736267924308777,0.9389376640319824,0.02461853064596653,4262464,0,1,0.9499763399362564,0.28590071201324463,0.019333740696310997,0.17955109477043152,0.9967343211174011,0.7256445288658142,0.8694708347320557,,0.0020255576819181442,0.001536305295303464,0.018569961190223694,0.018637124449014664,0.16754122078418732,0.018534785136580467,0.9,0.043749503791332245,0.04574969410896301,0.04975144937634468,0.05145874246954918
66801,12.05301284790039,22.114200592041016,-0.02139139175415039,1.7910266498273084,0.9515660405158997,0.97295743227005,0.9327052235603333,0.013928608037531376,4275264,0,1,0.9499889761209488,0.28226757049560547,0.019789444282650948,0.17384719848632812,0.9981589913368225,0.8472185134887695,0.9294437170028687,,0.001833748770877719,0.001088437857106328,0.01951284147799015,0.019757594913244247,0.1629127413034439,0.019587261602282524,0.9,0.04843393713235855,0.0503569133579731,0.05422934889793396,0.05603877827525139
67001,12.069427490234375,22.09758758544922,-0.024518191814422607,1.8389272421353184,0.946256160736084,0.9707743525505066,0.9273145794868469,0.014992337673902512,4288064,0,1,0.9449421316385269,0.2648311257362366,0.0199689120054245,0.1843446046113968,0.9982649087905884,0.8569878339767456,0.9443690776824951,,0.0019179685041308403,0.0010610971366986632,0.020356066524982452,0.020507996901869774,0.1723608821630478,0.0203449297696352,0.9,0.053743887692689896,0.0563586950302124,0.06338533759117126,0.06657903641462326
67201,12.168858528137207,22.110612869262695,-0.023242533206939697,1.806094520678207,0.9479239583015442,0.9711664915084839,0.9279786944389343,0.024976972490549088,4300864,0,0,0.9451982490718365,0.2765587568283081,0.020162247121334076,0.1839912384748459,0.9982895255088806,0.8667571544647217,0.9402985572814941,,0.0019302086438983679,0.0016499444609507918,0.020964961498975754,0.02119685709476471,0.17323172092437744,0.021007109433412552,0.9,0.052076030522584915,0.05389070883393288,0.05816370248794556,0.0599588081240654
67401,12.209169387817383,22.1616153717041,-0.02464061975479126,1.7456351410823407,0.9423128962516785,0.9669535160064697,0.9233083724975586,0.05500486120581627,4313664,0,0,0.9385301060974598,0.251629114151001,0.021121572703123093,0.15418179333209991,0.9977098107337952,0.8173677325248718,0.9180461764335632,,0.001696490915492177,0.0026971385814249516,0.020625358447432518,0.02099820040166378,0.14830631017684937,0.020805250853300095,0.9,0.05768708512187004,0.06177020072937012,0.06880756467580795,0.07250725477933884
67601,12.22691822052002,22.23818588256836,-0.023461222648620605,1.7732309729280564,0.946196973323822,0.9696581959724426,0.9278628826141357,0.017921924591064453,4326464,0,0,0.9409554451704025,0.2601364850997925,0.02050369419157505,0.16569477319717407,0.9969409108161926,0.7915875315666199,0.894165575504303,,0.0018620779737830162,0.0013907838147133589,0.020428955554962158,0.02123844437301159,0.1578521430492401,0.02102535404264927,0.9,0.05380302295088768,0.0565708689391613,0.06207270920276642,0.06445255130529404
67801,12.469256401062012,22.082727432250977,-0.026136159896850586,1.7957982537490313,0.9410211443901062,0.9671573042869568,0.9220375418663025,0.03566863387823105,4339264,0,0,0.9411311931908131,0.24446725845336914,0.020941728726029396,0.1474825143814087,0.9973747134208679,0.800814151763916,0.9071913361549377,,0.0016586568672209978,0.0019305760506540537,0.020325299352407455,0.020481804385781288,0.1419396847486496,0.020270096138119698,0.9,0.0589788444340229,0.06324021518230438,0.07020965218544006,0.07302886247634888
68001,12.348384857177734,22.068260192871094,-0.0285189151763916,1.8333313013900234,0.9372583031654358,0.9657772183418274,0.916542649269104,0.025736777111887932,4352064,0,0,0.9321113750338554,0.24952441453933716,0.021167771890759468,0.16487035155296326,0.9973757863044739,0.8252374529838562,0.9112619161605835,,0.0016091817524284124,0.0016199629753828049,0.023382283747196198,0.02428421378135681,0.1578870713710785,0.02412032149732113,0.9,0.06274162232875824,0.06741543114185333,0.074370838701725,0.07733611017465591
68201,12.273845672607422,21.862491607666016,-0.026882827281951904,1.7415319305652832,0.9368640780448914,0.9637469053268433,0.9170269966125488,0.023369256407022476,4364864,0,1,0.9346436411142349,0.24169385433197021,0.021923141553997993,0.15168607234954834,0.9978259801864624,0.8135685324668884,0.9253731966018677,,0.0014610037906095386,0.0010063652880489826,0.02265690639615059,0.02268669568002224,0.14904898405075073,0.022522415965795517,0.9,0.06313584744930267,0.06751256436109543,0.07518573105335236,0.07931075990200043
68401,12.207619667053223,22.076560974121094,-0.03112846612930298,1.9203112058787248,0.9350476861000061,0.9661761522293091,0.9131165742874146,0.018536478281021118,4377664,0,1,0.9306851625442505,0.25316035747528076,0.021684162318706512,0.15212127566337585,0.9965524077415466,0.7090909481048584,0.8765264749526978,,0.0014718626625835896,0.0020042855758219957,0.024013256654143333,0.024006441235542297,0.14647269248962402,0.02381870523095131,0.9,0.0649523064494133,0.06971124559640884,0.07826942205429077,0.08129632472991943
68601,12.277552604675293,21.93392562866211,-0.03014397621154785,1.9409772743341756,0.9378212690353394,0.9679652452468872,0.9179086685180664,0.02719891630113125,4390464,0,1,0.9323228448629379,0.23539024591445923,0.021937526762485504,0.164014995098114,0.9972072243690491,0.7625508904457092,0.9036635160446167,,0.0015282982494682074,0.0020486749708652496,0.022367550060153008,0.022344093769788742,0.15733252465724945,0.02224672958254814,0.9,0.06217872351408005,0.06723317503929138,0.07565664499998093,0.07939885556697845
68801,12.293841361999512,21.840301513671875,-0.029775559902191162,1.8649095530285191,0.9357982277870178,0.965573787689209,0.9169628024101257,0.029623553156852722,4403264,0,0,0.9317960888147354,0.22594058513641357,0.02200363576412201,0.15068800747394562,0.998349130153656,0.8841248750686646,0.9560379981994629,,0.0013178617227822542,0.001972844125702977,0.02462272346019745,0.02446793019771576,0.14741060137748718,0.024473274126648903,0.9,0.06420178711414337,0.06974536180496216,0.07891006767749786,0.08258204162120819
69001,12.423064231872559,21.717802047729492,-0.03379368782043457,1.9449588991779836,0.9304442405700684,0.9642379283905029,0.9113661050796509,0.02966165356338024,4416064,0,0,0.9237527921795845,0.22853922843933105,0.02311124838888645,0.16537094116210938,0.99858558177948,0.8849389553070068,0.9533243179321289,,0.0014946216251701117,0.0018768961308524013,0.02366236038506031,0.023454109206795692,0.16028662025928497,0.023400789126753807,0.9,0.06955572962760925,0.07743703573942184,0.08874031156301498,0.09448494762182236
69201,12.480018615722656,21.678010940551758,-0.03487652540206909,1.7738487114005377,0.92005455493927,0.9549310803413391,0.9000967741012573,0.02524430677294731,4428864,0,0,0.9138884395360947,0.21269017457962036,0.024104075506329536,0.15224556624889374,0.997278094291687,0.8727273344993591,0.9397557973861694,,0.0014513070927932858,0.0010449362453073263,0.024633200839161873,0.024220695719122887,0.15138614177703857,0.024432100355625153,0.9,0.07994543761014938,0.08765316754579544,0.10007048398256302,0.10635024309158325
69401,12.47031307220459,21.74015998840332,-0.03757917881011963,2.0109582451414276,0.9252489805221558,0.9628281593322754,0.9041508436203003,0.023363010957837105,4441664,0,1,0.9200281426310539,0.22730767726898193,0.023930583149194717,0.16554045677185059,0.9977149963378906,0.8605156540870667,0.927544116973877,,0.0014268853701651096,0.0011338300537317991,0.02670765481889248,0.026904862374067307,0.160894975066185,0.027042869478464127,0.9,0.07475096732378006,0.08152299374341965,0.09315958619117737,0.09815436601638794
69601,12.472752571105957,21.519901275634766,-0.043413639068603516,2.150296986858667,0.9188451170921326,0.9622587561607361,0.8962157964706421,0.04815085232257843,4454464,0,1,0.9079080745577812,0.21831399202346802,0.025504542514681816,0.13804322481155396,0.9968535900115967,0.7457259297370911,0.8914518356323242,,0.0012164379004389048,0.0014551752246916294,0.03074963390827179,0.03224615752696991,0.13965298235416412,0.032606981694698334,0.9,0.08115487545728683,0.09002792835235596,0.10368801653385162,0.11117420345544815
69801,12.680204391479492,21.16055679321289,-0.052369117736816406,2.135372488208309,0.9015058279037476,0.953874945640564,0.8782699704170227,0.07451008260250092,4467264,0,0,0.8933198973536491,0.19720512628555298,0.02988116443157196,0.13770738244056702,0.9974466562271118,0.831479012966156,0.9196743965148926,,0.0010138630168512464,0.002381104277446866,0.032663874328136444,0.03410312533378601,0.14210544526576996,0.03447128087282181,0.9,0.09849417209625244,0.11207498610019684,0.13098515570163727,0.14220641553401947
70001,13.158117294311523,21.212390899658203,-0.05860871076583862,2.0913898949223766,0.8876903057098389,0.9462990164756775,0.8718915581703186,0.12373105436563492,4480064,0,1,0.8718916475772858,0.15006422996520996,0.033198386430740356,0.11811865866184235,0.9950249195098877,0.7137042284011841,0.8702849745750427,,0.0012100858148187399,0.0023032897152006626,0.02661190740764141,0.026141749694943428,0.12749211490154266,0.026627691462635994,0.9,0.11230973154306412,0.13306330144405365,0.16148899495601654,0.17801916599273682
70201,13.295873641967773,21.040678024291992,-0.06966686248779297,2.256541440681155,0.8748897910118103,0.9445566534996033,0.8510922193527222,0.11855896562337875,4492864,0,0,0.8560732007026672,0.17578893899917603,0.03653173893690109,0.13765963912010193,0.9935939908027649,0.7617368102073669,0.8765264749526978,,0.0011059336829930544,0.0020100707188248634,0.030379269272089005,0.0316399522125721,0.14337307214736938,0.031940244138240814,0.9,0.1251102089881897,0.14353197813034058,0.1724625676870346,0.1897720992565155
70401,13.35879135131836,20.43346405029297,-0.07374423742294312,2.215660823965327,0.8655939102172852,0.9393381476402283,0.8420473337173462,0.08622343838214874,4505664,0,1,0.8488593846559525,0.15715456008911133,0.038986824452877045,0.14778733253479004,0.9962841272354126,0.8339213132858276,0.9202171564102173,,0.0011673546396195889,0.0012368442257866263,0.03315374627709389,0.03352899104356766,0.15582375228405,0.0338805615901947,0.9,0.13440607488155365,0.15999548137187958,0.19394013285636902,0.21354389190673828
70601,13.197198867797852,21.877958297729492,-0.072548508644104,2.2354980262069373,0.8687314391136169,0.941279947757721,0.8429197669029236,0.08451816439628601,4518464,0,1,0.8477901816368103,0.17168265581130981,0.0362686924636364,0.1291780173778534,0.9913161993026733,0.7223880887031555,0.8333786129951477,,0.0011430059093981981,0.002171055879443884,0.036440398544073105,0.04100590571761131,0.1345938742160797,0.041216135025024414,0.9,0.13126856088638306,0.150825634598732,0.1786646693944931,0.19389115273952484
70801,13.386358261108398,20.46143913269043,-0.07348859310150146,2.245504880761526,0.8675083518028259,0.9409969449043274,0.8399807214736938,0.08119168877601624,4531264,0,0,0.8558300137519836,0.18182283639907837,0.039260778576135635,0.14448538422584534,0.9972821474075317,0.8472185134887695,0.9335142970085144,,0.0010978321079164743,0.0020293383859097958,0.04152350127696991,0.04428008943796158,0.1526179164648056,0.0446927435696125,0.9,0.13249163329601288,0.15545415878295898,0.1889788657426834,0.20821885764598846
71001,13.459965705871582,20.426300048828125,-0.07836312055587769,2.116595268346707,0.8514564633369446,0.9298195838928223,0.8231387734413147,0.07420749962329865,4544064,0,0,0.832595631480217,0.17397284507751465,0.039975326508283615,0.15606310963630676,0.996123731136322,0.8244233727455139,0.9150611162185669,,0.0011229469673708081,0.0016552481101825833,0.04558541253209114,0.04940043389797211,0.16671299934387207,0.04998308792710304,0.9,0.14854353666305542,0.17122070491313934,0.20473694801330566,0.22082853317260742
71201,13.414724349975586,20.50934410095215,-0.07036304473876953,2.119021438267345,0.866757869720459,0.9371209144592285,0.8364894390106201,0.08352494239807129,4556864,0,0,0.8449295163154602,0.1999414563179016,0.03619737923145294,0.14985495805740356,0.9976522922515869,0.8583446741104126,0.9435549974441528,,0.0010154263582080603,0.0029483214020729065,0.0487019345164299,0.05173729360103607,0.15662889182567596,0.052374303340911865,0.9,0.13324213027954102,0.1541990488767624,0.1828935295343399,0.19995801150798798
71401,13.39272689819336,20.83378028869629,-0.06937897205352783,2.0806164415355335,0.8664178848266602,0.935796856880188,0.8365988731384277,0.08753298968076706,4569664,0,0,0.851820319890976,0.19975614547729492,0.03772226721048355,0.16107302904129028,0.997092068195343,0.8447761535644531,0.9215739965438843,,0.0009471257217228413,0.0023866952396929264,0.05219509080052376,0.05636511743068695,0.1655457317829132,0.05656920745968819,0.9,0.13358214497566223,0.1570749580860138,0.18674740195274353,0.2041010558605194
71601,13.472115516662598,20.338584899902344,-0.07276535034179688,2.035466069995742,0.8569616079330444,0.9297269582748413,0.8278244733810425,0.07210743427276611,4582464,0,0,0.8276829272508621,0.18702012300491333,0.03818538784980774,0.1458774209022522,0.9967117309570312,0.8700135946273804,0.9408412575721741,,0.0008718301542103291,0.002263615606352687,0.05987568572163582,0.0628175437450409,0.153294637799263,0.06371735781431198,0.9,0.14303834736347198,0.16522303223609924,0.19631071388721466,0.21294037997722626
71801,13.174614906311035,20.874189376831055,-0.0646863579750061,1.945896218357023,0.8669273257255554,0.9316136837005615,0.8371137380599976,0.033671580255031586,4595264,0,1,0.8613971471786499,0.20064878463745117,0.034272775053977966,0.17041975259780884,0.9979092478752136,0.8762550950050354,0.9465400576591492,,0.0009199765045195818,0.0012941586319357157,0.05748463049530983,0.06128548085689545,0.1744280904531479,0.06198975071310997,0.9,0.1330726593732834,0.15240173041820526,0.17843830585479736,0.19228145480155945
72001,12.953662872314453,20.732219696044922,-0.060928940773010254,2.001873947619636,0.87825608253479,0.9391850233078003,0.8492912650108337,0.0349494032561779,4608064,0,0,0.8686444312334061,0.20513111352920532,0.030489934608340263,0.1667838990688324,0.9982197284698486,0.9033921360969543,0.954138457775116,,0.0009544648346491158,0.002060036640614271,0.05087614431977272,0.055489812046289444,0.1646842360496521,0.055477019399404526,0.9,0.12174392491579056,0.13760048151016235,0.1597774475812912,0.17168974876403809
72201,12.804778099060059,21.194738388061523,-0.05000805854797363,1.7818126585298124,0.8860276937484741,0.9360357522964478,0.8578491806983948,0.03578111529350281,4620864,0,0,0.8773721903562546,0.21605193614959717,0.028718823567032814,0.16822271049022675,0.9972934722900391,0.8556309938430786,0.9202171564102173,,0.0010635434882715344,0.0018286604899913073,0.0477551631629467,0.050590239465236664,0.16489934921264648,0.050781384110450745,0.9,0.11397228389978409,0.12385840713977814,0.14054204523563385,0.1480586975812912
72401,12.69176959991455,21.0292911529541,-0.04444175958633423,1.7275185243729425,0.8944714665412903,0.9389132261276245,0.8688656687736511,0.025750642642378807,4633664,0,1,0.8920383006334305,0.20998823642730713,0.0262575913220644,0.15190812945365906,0.9975998401641846,0.830664873123169,0.9343283772468567,,0.0011052335612475872,0.0015807615127414465,0.04253298416733742,0.04241661727428436,0.14932385087013245,0.043272729963064194,0.9,0.10552848875522614,0.11456897854804993,0.1279258131980896,0.13318146765232086
72601,12.785112380981445,20.851699829101562,-0.048283159732818604,1.680352549000834,0.880748987197876,0.9290321469306946,0.8563572764396667,0.014664889313280582,4646464,0,0,0.8748175501823425,0.18479841947555542,0.028162766247987747,0.1586948186159134,0.9973500967025757,0.8949796557426453,0.9503392577171326,,0.0010265522869303823,0.000947949883993715,0.042586419731378555,0.043147966265678406,0.1553574502468109,0.04351618140935898,0.9,0.11925099045038223,0.12930607795715332,0.14481677114963531,0.15107828378677368
72801,12.83372688293457,20.75555419921875,-0.04798036813735962,1.7165880177718906,0.8850629329681396,0.9330433011054993,0.8567835092544556,0.03657885268330574,4659264,0,1,0.8722029477357864,0.2090885043144226,0.02952018566429615,0.15210938453674316,0.997008740901947,0.8754410147666931,0.9362279772758484,,0.0010295584797859192,0.0015363411512225866,0.04640520364046097,0.046846166253089905,0.15206800401210785,0.04749065265059471,0.9,0.11493700742721558,0.12382269650697708,0.13888445496559143,0.14505742490291595
73001,12.903985977172852,20.65127944946289,-0.048278212547302246,1.7928965931761716,0.8908333778381348,0.939111590385437,0.8635039329528809,0.04251604899764061,4672064,0,0,0.8800497949123383,0.2185038924217224,0.028625020757317543,0.17103752493858337,0.9991015791893005,0.9522388577461243,0.9810041189193726,,0.0010181309189647436,0.001882618642412126,0.04316528141498566,0.04580981656908989,0.1695624738931656,0.04588548094034195,0.9,0.10916660726070404,0.12014119327068329,0.1368309110403061,0.14527855813503265
73201,12.742966651916504,20.878183364868164,-0.045264363288879395,1.843267936696885,0.9010583162307739,0.9463226795196533,0.8740184307098389,0.027094190940260887,4684864,0,1,0.8947018310427666,0.22415542602539062,0.02841758169233799,0.16285815834999084,0.9987736940383911,0.9142469763755798,0.962550938129425,,0.0010248684557154775,0.0013048481196165085,0.04188841953873634,0.04187861084938049,0.16026628017425537,0.04256835952401161,0.9,0.09894169121980667,0.10868559032678604,0.12524259090423584,0.13328544795513153
73401,12.862838745117188,20.997724533081055,-0.043665528297424316,1.7314726985528026,0.8966391086578369,0.9403046369552612,0.8749399185180664,0.06796390563249588,4697664,0,1,0.8875441402196884,0.1979709267616272,0.027933377772569656,0.1515272706747055,0.9973458647727966,0.8211669325828552,0.9299864768981934,,0.0009382909629493952,0.0028215101920068264,0.03952936455607414,0.03954588621854782,0.15468932688236237,0.04054725170135498,0.9,0.1033608540892601,0.11434238404035568,0.13046981394290924,0.138837531208992
73601,12.756630897521973,21.20351791381836,-0.0447390079498291,1.7888679275027983,0.8985480666160583,0.9432870745658875,0.8727412223815918,0.03341525420546532,4710464,0,0,0.885512225329876,0.22026240825653076,0.027846263721585274,0.17746201157569885,0.9982905983924866,0.900407075881958,0.9430122375488281,,0.0009405712480656803,0.0017986285965889692,0.0453127846121788,0.04810798168182373,0.17372126877307892,0.048111703246831894,0.9,0.10145187377929688,0.11103720217943192,0.12714765965938568,0.13565635681152344
73801,12.900453567504883,21.167150497436523,-0.048908531665802,1.7786727577604033,0.8882813453674316,0.9371898770332336,0.8629084229469299,0.04732159152626991,4723264,0,0,0.8827920407056808,0.20267605781555176,0.029606185853481293,0.17700982093811035,0.9978578090667725,0.9082768559455872,0.9446404576301575,,0.0009747474105097353,0.002105723600834608,0.04530582204461098,0.04865885525941849,0.17585872113704681,0.04855388402938843,0.9,0.11171859502792358,0.1224280446767807,0.14028489589691162,0.14938215911388397
74001,12.765159606933594,21.751028060913086,-0.04546034336090088,1.6901513595393067,0.8886695504188538,0.9341298937797546,0.8660426139831543,0.03593183681368828,4736064,0,0,0.8767671659588814,0.19223344326019287,0.029010646045207977,0.18715032935142517,0.9964527487754822,0.8767978549003601,0.9166893362998962,,0.0008999910205602646,0.001949973520822823,0.04268640652298927,0.04518195986747742,0.1848984807729721,0.045341163873672485,0.9,0.11133043467998505,0.12492309510707855,0.14243079721927643,0.15129318833351135
74201,12.936561584472656,20.410890579223633,-0.050939857959747314,1.759481870718284,0.8819882869720459,0.9329281449317932,0.8537515997886658,0.055152151733636856,4748864,0,0,0.8694916665554047,0.21247786283493042,0.030661631375551224,0.17848294973373413,0.9989289045333862,0.9533243179321289,0.9763908386230469,,0.0008387980633415282,0.0019192320760339499,0.04713362082839012,0.050204817205667496,0.17792943120002747,0.050396718084812164,0.9,0.11801169812679291,0.12945066392421722,0.14949586987495422,0.16065853834152222
74401,12.948800086975098,21.007246017456055,-0.05136317014694214,1.8474789465557715,0.8880298137664795,0.9393929839134216,0.8595512509346008,0.03723176568746567,4761664,0,0,0.8813269808888435,0.22217142581939697,0.03064693510532379,0.1962541937828064,0.9981209635734558,0.9164179563522339,0.9563093781471252,,0.0009303718106821179,0.0013377817813307047,0.04529350623488426,0.04717157781124115,0.19601774215698242,0.04757509380578995,0.9,0.11197014153003693,0.12285031378269196,0.14270976185798645,0.15298976004123688
74601,13.085611343383789,20.336488723754883,-0.05093801021575928,1.6714135543205162,0.8731951713562012,0.9241331815719604,0.8469551801681519,0.050393614917993546,4774464,0,0,0.8593964725732803,0.20084279775619507,0.032755475491285324,0.19010096788406372,0.9985548257827759,0.9240162968635559,0.960379958152771,,0.0008846087730489671,0.0011880858801305294,0.045553430914878845,0.0473959855735302,0.19414843618869781,0.04782211408019066,0.9,0.12680482864379883,0.13881200551986694,0.15884678065776825,0.16804294288158417
74801,12.903477668762207,20.4287052154541,-0.04725760221481323,1.6663318973269439,0.8818203806877136,0.9290779829025269,0.8552941679954529,0.030183635652065277,4787264,0,0,0.8715356141328812,0.20928490161895752,0.030183320865035057,0.17982590198516846,0.9986719489097595,0.9427408576011658,0.9706920385360718,,0.0008536018431186676,0.000807718257419765,0.04752958565950394,0.04946630075573921,0.1813780665397644,0.04970523342490196,0.9,0.11817965656518936,0.13108189404010773,0.14980418980121613,0.1593134105205536
75001,12.803791999816895,20.537755966186523,-0.04634356498718262,1.6640968852575233,0.8838720917701721,0.9302156567573547,0.8577994108200073,0.04137406125664711,4800064,0,1,0.8725132942199707,0.21633875370025635,0.029744666069746017,0.18429884314537048,0.9986226558685303,0.9150611162185669,0.9687924385070801,,0.0008563573937863111,0.0010213956702500582,0.04934079572558403,0.049393318593502045,0.18466046452522278,0.0504082553088665,0.9,0.11612783372402191,0.12810136377811432,0.1455485224723816,0.15421707928180695
75201,12.866400718688965,21.778541564941406,-0.04446965456008911,1.7748156887099404,0.8981364965438843,0.9426061511039734,0.8721909523010254,0.06712181866168976,4812864,0,0,0.8823668211698532,0.22402149438858032,0.028882168233394623,0.17904961109161377,0.9969491362571716,0.8811398148536682,0.9232022166252136,,0.0008587001939304173,0.002327877562493086,0.04446108639240265,0.04792514070868492,0.17910757660865784,0.04804270341992378,0.9,0.10186347365379333,0.11165997385978699,0.12841291725635529,0.13713687658309937
75401,13.060471534729004,20.374197006225586,-0.04770398139953613,1.597249491247669,0.8724232316017151,0.9201272130012512,0.8479859232902527,0.04020155966281891,4825664,0,0,0.8623262345790863,0.18989890813827515,0.032026004046201706,0.18344640731811523,0.9981939792633057,0.9226594567298889,0.9660787582397461,,0.0008393434691242874,0.0007037344621494412,0.050433795899152756,0.05187635496258736,0.1873409003019333,0.05240374431014061,0.9,0.12757675349712372,0.1403437852859497,0.16059976816177368,0.17061658203601837
75601,12.765313148498535,20.439895629882812,-0.04272335767745972,1.6097304534747914,0.8872073888778687,0.9299307465553284,0.8595583438873291,0.03308076784014702,4838464,0,0,0.8697921931743622,0.2222958207130432,0.03029610402882099,0.18804973363876343,0.9995642304420471,0.9747625589370728,0.9894165992736816,,0.0009049928048625588,0.000770065002143383,0.05182042345404625,0.053286246955394745,0.1896928995847702,0.0536394901573658,0.9,0.11279264837503433,0.12251593917608261,0.1386006772518158,0.14599983394145966
75801,12.6709623336792,21.016036987304688,-0.041828453540802,1.7935295507819788,0.9054596424102783,0.9472880959510803,0.8777598738670349,0.037253133952617645,4851264,0,1,0.887225978076458,0.24567097425460815,0.02757159247994423,0.16078537702560425,0.9988014698028564,0.8740841746330261,0.9582089781761169,,0.0007611884502694011,0.0015063899336382747,0.048448383808135986,0.05116121470928192,0.16235515475273132,0.05279603973031044,0.9,0.0945403054356575,0.10300083458423615,0.11947249621152878,0.127966046333313
76001,12.734322547912598,21.0406551361084,-0.04418158531188965,1.7381415908934748,0.8959632515907288,0.9401448369026184,0.873625636100769,0.03411271795630455,4864064,0,0,0.8846121951937675,0.20593684911727905,0.02907014638185501,0.17019246518611908,0.9986997246742249,0.9188602566719055,0.9592944979667664,,0.0008040822576731443,0.0009204560192301869,0.04592243209481239,0.05216662958264351,0.17164897918701172,0.05242777243256569,0.9,0.10403674840927124,0.11523672938346863,0.13189680874347687,0.14083346724510193
76201,12.887166976928711,20.580842971801758,-0.04263782501220703,1.6465141626968096,0.8914118409156799,0.934049665927887,0.8668140769004822,0.05215851962566376,4876864,0,1,0.8837170004844666,0.20443308353424072,0.02909187227487564,0.1749909222126007,0.998970091342926,0.9546811580657959,0.9801899790763855,,0.0007412670529447496,0.0011841609375551343,0.052943289279937744,0.05505388230085373,0.17476442456245422,0.05578755587339401,0.9,0.10858813673257828,0.12037736177444458,0.1381286084651947,0.14847087860107422
76401,12.720756530761719,20.8005313873291,-0.04358172416687012,1.7636607841314635,0.899348795413971,0.9429305195808411,0.8721667528152466,0.03846209496259689,4889664,0,0,0.8879710808396339,0.23435592651367188,0.028515256941318512,0.17473039031028748,0.999131441116333,0.9272727370262146,0.9704206585884094,,0.0008405640255659819,0.001242713537067175,0.04943939298391342,0.052327558398246765,0.17344553768634796,0.052928611636161804,0.9,0.10065111517906189,0.10948086529970169,0.1252909153699875,0.13303489983081818
76601,12.892242431640625,20.454206466674805,-0.043989360332489014,1.6025235125073476,0.8830021023750305,0.9269914627075195,0.8594967722892761,0.03303030878305435,4902464,0,0,0.8735347390174866,0.19381552934646606,0.030612578615546227,0.18341182172298431,0.9986955523490906,0.957666277885437,0.9804613590240479,,0.0007781236199662089,0.0010032766731455922,0.052208323031663895,0.05545446276664734,0.1849532574415207,0.05575508251786232,0.9,0.11699789017438889,0.12963026762008667,0.1478024572134018,0.15772384405136108
76801,12.684006690979004,20.686418533325195,-0.04090994596481323,1.651606147372898,0.8963068127632141,0.9372167587280273,0.8714752197265625,0.047719430178403854,4915264,0,1,0.8823391199111938,0.21677130460739136,0.028298377990722656,0.18564467132091522,0.9990563988685608,0.9340569972991943,0.9742198586463928,,0.0009235824691131711,0.0011098661925643682,0.05183982849121094,0.0537668839097023,0.18696705996990204,0.05493069067597389,0.9,0.1036931499838829,0.11258649080991745,0.12758024036884308,0.13521802425384521
77001,12.773944854736328,20.675844192504883,-0.04429525136947632,1.698650459013157,0.8923035860061646,0.9365988373756409,0.8675387501716614,0.048816464841365814,4928064,0,1,0.8798968344926834,0.21110618114471436,0.028645863756537437,0.17303261160850525,0.9986617565155029,0.9166893362998962,0.9649932384490967,,0.0007876049494370818,0.0014219664735719562,0.05504072085022926,0.0572163462638855,0.17598271369934082,0.0584280900657177,0.9,0.10769641399383545,0.11829356849193573,0.13445135951042175,0.14292018115520477
77201,12.752286911010742,20.538536071777344,-0.043528079986572266,1.6165520432130138,0.8858727216720581,0.9294008016586304,0.864145815372467,0.051736101508140564,4940864,0,0,0.8703460991382599,0.18990188837051392,0.02899601124227047,0.19176322221755981,0.9990141987800598,0.9416553974151611,0.9739484786987305,,0.0008010443998500705,0.001300868229009211,0.055233750492334366,0.05699779465794563,0.18969863653182983,0.05751929059624672,0.9,0.1141272485256195,0.12531088292598724,0.14280560612678528,0.15195968747138977
77401,12.909103393554688,20.563894271850586,-0.043701112270355225,1.6619630566934125,0.8902814388275146,0.9339825510978699,0.8652548789978027,0.03751124441623688,4953664,0,0,0.8802167698740959,0.21181893348693848,0.02890739217400551,0.18387830257415771,0.9990522265434265,0.9430122375488281,0.9753053188323975,,0.0007661405834369361,0.0009225282119587064,0.05346697196364403,0.05495290458202362,0.18409059941768646,0.05618768185377121,0.9,0.10971862077713013,0.12168183922767639,0.13856424391269684,0.1473654806613922
77601,12.755861282348633,20.781654357910156,-0.04131394624710083,1.6357892593329806,0.8937054872512817,0.9350194334983826,0.8679068684577942,0.034651026129722595,4966464,0,1,0.8867339119315147,0.2246810793876648,0.027525298297405243,0.16619010269641876,0.9991859197616577,0.9446404576301575,0.9717774987220764,,0.0008050341857597232,0.001106143114157021,0.05293820798397064,0.05332908406853676,0.16706517338752747,0.054365359246730804,0.9,0.10629450529813766,0.11470348387956619,0.12859219312667847,0.13496027886867523
77801,12.705498695373535,20.628942489624023,-0.04454231262207031,1.6482487734127231,0.8867459297180176,0.9312882423400879,0.8588598370552063,0.046148475259542465,4979264,0,1,0.870358407497406,0.22007763385772705,0.03072458505630493,0.1681899130344391,0.9981939196586609,0.8773406147956848,0.9476255178451538,,0.0008496802765876055,0.0009689067956060171,0.05419158190488815,0.054045118391513824,0.17332881689071655,0.055402860045433044,0.9,0.11325409263372421,0.12287844717502594,0.1381508708000183,0.14609293639659882
78001,12.622322082519531,20.641788482666016,-0.04139816761016846,1.6589614241352713,0.895778477191925,0.9371766448020935,0.872713029384613,0.038313303142786026,4992064,0,0,0.8830493465065956,0.2077726125717163,0.027733564376831055,0.18011371791362762,0.9991622567176819,0.935956597328186,0.9728630185127258,,0.0008473532507196069,0.0007608778541907668,0.05018726736307144,0.05130437761545181,0.18069496750831604,0.05219019576907158,0.9,0.10422149300575256,0.11316946148872375,0.12691958248615265,0.1334608793258667
78201,12.83791446685791,20.78562355041504,-0.044904232025146484,1.7583755537816201,0.8958846926689148,0.9407889246940613,0.8716182112693787,0.04032307490706444,5004864,0,0,0.8864993155002594,0.21509557962417603,0.028355427086353302,0.18459296226501465,0.9988508224487305,0.9405699372291565,0.9753053188323975,,0.000785685027949512,0.0009233413147740066,0.0503511056303978,0.05524827167391777,0.18552961945533752,0.05569559335708618,0.9,0.104115329682827,0.11429286748170853,0.13001535832881927,0.13890039920806885
78401,12.69869327545166,20.641645431518555,-0.042226970195770264,1.6522985330784727,0.8930373787879944,0.9352643489837646,0.8677522540092468,0.038443662226200104,5017664,0,0,0.8871737867593765,0.21480584144592285,0.028887873515486717,0.17646700143814087,0.9985177516937256,0.9546811580657959,0.9777476787567139,,0.0008330985438078642,0.000845499977003783,0.05070340633392334,0.05341004580259323,0.17723573744297028,0.05383174866437912,0.9,0.10696261376142502,0.11623557657003403,0.13173873722553253,0.13867130875587463
78601,12.76097583770752,20.56352996826172,-0.04592365026473999,1.6528463647671696,0.8837326169013977,0.9296562671661377,0.8567644357681274,0.04663500934839249,5030464,0,0,0.8774633631110191,0.21705245971679688,0.029374293982982635,0.20040670037269592,0.9985547661781311,0.923473596572876,0.9636363983154297,,0.0008189624641090631,0.000984196551144123,0.0515606515109539,0.05650600045919418,0.20156867802143097,0.05712359398603439,0.9,0.1162673681974411,0.12635192275047302,0.14293000102043152,0.15136846899986267
78801,12.705103874206543,20.677324295043945,-0.04396712779998779,1.6486208433831346,0.8882473111152649,0.9322144389152527,0.8595878481864929,0.04577000066637993,5043264,0,1,0.8692369163036346,0.22496849298477173,0.029543502256274223,0.18224754929542542,0.9981384873390198,0.8472185134887695,0.9430122375488281,,0.0008106732275336981,0.0010161867830902338,0.056469909846782684,0.0572197288274765,0.18630915880203247,0.058662816882133484,0.9,0.1117526963353157,0.12061487138271332,0.1348596066236496,0.14214147627353668
79001,12.667106628417969,20.703670501708984,-0.04082602262496948,1.6768271052186914,0.8988542556762695,0.939680278301239,0.8738365769386292,0.02946697175502777,5056064,0,0,0.8955254778265953,0.21383124589920044,0.028459595516324043,0.18747718632221222,0.9992023706436157,0.9367707371711731,0.9763908386230469,,0.0008970532799139619,0.0007537425262853503,0.04958753287792206,0.05372828245162964,0.18801186978816986,0.054203953593969345,0.9,0.10114572197198868,0.11051131784915924,0.12468995898962021,0.13229215145111084
79201,12.793984413146973,20.440322875976562,-0.04300546646118164,1.607703684737163,0.8862273693084717,0.9292328357696533,0.866147518157959,0.06912901997566223,5068864,0,0,0.8690661936998367,0.1794869303703308,0.029819969087839127,0.18855363130569458,0.9991273880004883,0.9563093781471252,0.9788331389427185,,0.0008892288897186518,0.0014683132758364081,0.048784635961055756,0.05081772431731224,0.19030824303627014,0.05141110718250275,0.9,0.11377257108688354,0.1246098130941391,0.14066368341445923,0.15011772513389587
79401,12.687589645385742,20.624576568603516,-0.04339665174484253,1.6488781268604307,0.8897238373756409,0.9331204891204834,0.8623772859573364,0.056158583611249924,5081664,0,1,0.8800414726138115,0.22158974409103394,0.02968490868806839,0.17597633600234985,0.998357355594635,0.8770692348480225,0.9514247179031372,,0.000802474794909358,0.0010519782081246376,0.05270523950457573,0.05544250085949898,0.18085362017154694,0.056421082466840744,0.9,0.11027608066797256,0.11933667212724686,0.13525184988975525,0.14311985671520233
79601,12.916794776916504,20.5285701751709,-0.04699289798736572,1.5820336665736487,0.8722679615020752,0.9192608594894409,0.8448612093925476,0.07031266391277313,5094464,0,1,0.8546145111322403,0.2040271759033203,0.030648358166217804,0.17580921947956085,0.9972236752510071,0.8716418147087097,0.9364993572235107,,0.0008504726574756205,0.0012650929857045412,0.053627993911504745,0.05813726410269737,0.18191000819206238,0.0587381049990654,0.9,0.1277320832014084,0.13640350103378296,0.15120016038417816,0.15934522449970245
79801,12.846541404724121,20.410367965698242,-0.048272669315338135,1.611463530278687,0.8727812170982361,0.9210538864135742,0.8497388362884521,0.06224532052874565,5107264,0,1,0.851850226521492,0.18175816535949707,0.03293413296341896,0.17880254983901978,0.9980161786079407,0.8689281344413757,0.9465400576591492,,0.0007860098266974092,0.0009126789518631995,0.05119772627949715,0.05233165621757507,0.18845704197883606,0.053709015250205994,0.9,0.12721875309944153,0.14014655351638794,0.15831415355205536,0.16723433136940002
80001,12.963468551635742,20.194631576538086,-0.049350857734680176,1.6245398754495644,0.8716295957565308,0.9209804534912109,0.847905158996582,0.055232319980859756,5120064,0,1,0.8526035696268082,0.19023805856704712,0.03313843905925751,0.20003186166286469,0.9990800619125366,0.9468114376068115,0.9796472787857056,,0.0008384985849261284,0.0007068198174238205,0.05431262031197548,0.05521639809012413,0.20362219214439392,0.05611614137887955,0.9,0.12837035953998566,0.14264294505119324,0.1619759052991867,0.17192411422729492
80201,12.851893424987793,20.488014221191406,-0.04399758577346802,1.527263285565916,0.8725572228431702,0.9165548086166382,0.8550584316253662,0.032896172255277634,5132864,0,0,0.8495776057243347,0.15341424942016602,0.030994080007076263,0.17247439920902252,0.9985301494598389,0.9432836174964905,0.9690638184547424,,0.0007964082760736346,0.0005208791699260473,0.05308669060468674,0.05562090873718262,0.176250621676445,0.05632629245519638,0.9,0.12744273245334625,0.14061453938484192,0.15680299699306488,0.1658065766096115
80401,12.976005554199219,20.50753402709961,-0.04915076494216919,1.5954731467219525,0.8683085441589355,0.9174593091011047,0.8423027396202087,0.04722383990883827,5145664,0,1,0.8502126932144165,0.19232147932052612,0.032827939838171005,0.2162845879793167,0.9984827637672424,0.9253731966018677,0.9622795581817627,,0.0007982281385920942,0.000580694992095232,0.053274303674697876,0.057206422090530396,0.21776820719242096,0.0577976331114769,0.9,0.13169144093990326,0.14452683925628662,0.1638607233762741,0.17399470508098602
80601,12.842863082885742,20.434768676757812,-0.045649826526641846,1.6088938215972595,0.8793784379959106,0.9250282645225525,0.8544870615005493,0.04096128046512604,5158464,0,0,0.8657875955104828,0.20841550827026367,0.030482938513159752,0.19457975029945374,0.9991787672042847,0.9530529379844666,0.9823609590530396,,0.0008339313790202141,0.0007852094131521881,0.0525791235268116,0.056945133954286575,0.1992136538028717,0.05805705487728119,0.9,0.12062156200408936,0.131604865193367,0.1480744183063507,0.1557968556880951
80801,12.738438606262207,20.420246124267578,-0.04360681772232056,1.4745595929534872,0.8645041584968567,0.9081109762191772,0.8436738848686218,0.04357784986495972,5171264,0,0,0.8366955369710922,0.17224901914596558,0.03111681528389454,0.19788622856140137,0.9982772469520569,0.9373134970664978,0.9663500785827637,,0.000933417584747076,0.0005783808301202953,0.053818996995687485,0.05467856675386429,0.20143698155879974,0.05557507276535034,0.9,0.1354958564043045,0.14656051993370056,0.16172903776168823,0.16944986581802368
81001,12.842769622802734,20.486698150634766,-0.045249342918395996,1.5815560242103708,0.8769432902336121,0.9221926331520081,0.8450021147727966,0.04384595528244972,5184064,0,0,0.8629649877548218,0.23111701011657715,0.029761124402284622,0.18951694667339325,0.9982350468635559,0.9348711371421814,0.9687924385070801,,0.0008617539424449205,0.0007890490815043449,0.052742961794137955,0.05883721262216568,0.19053703546524048,0.059261564165353775,0.9,0.12305667996406555,0.13223271071910858,0.1460869312286377,0.15197797119617462
81201,12.723918914794922,20.638229370117188,-0.04490917921066284,1.5112162785648375,0.8672431111335754,0.9121522903442383,0.8386645317077637,0.039874475449323654,5196864,0,1,0.8576945811510086,0.2088218331336975,0.03183421865105629,0.1895395815372467,0.9969305992126465,0.7940298914909363,0.9128901362419128,,0.0008907528826966882,0.0007594474009238183,0.051027897745370865,0.056117523461580276,0.1960042119026184,0.057911455631256104,0.9,0.13275685906410217,0.144175186753273,0.15920670330524445,0.16774581372737885
81401,13.003021240234375,20.28545570373535,-0.04976719617843628,1.5621210948150792,0.8616981506347656,0.9114653468132019,0.8347038626670837,0.061678823083639145,5209664,0,1,0.8493967056274414,0.19397717714309692,0.03351563587784767,0.19870589673519135,0.9983121752738953,0.9020352959632874,0.9633650183677673,,0.0008488458697684109,0.0011216504499316216,0.053943488746881485,0.05507611110806465,0.20747999846935272,0.05680839344859123,0.9,0.1383018046617508,0.1520528346300125,0.17062044143676758,0.18143050372600555
81601,12.935133934020996,20.137168884277344,-0.050676941871643066,1.5657442520150302,0.8597473502159119,0.9104242920875549,0.8316243886947632,0.06875793635845184,5222464,0,0,0.8318827450275421,0.19831228256225586,0.03450440242886543,0.1986667364835739,0.998878538608551,0.9500678777694702,0.9761194586753845,,0.0008958642138168216,0.0008867520955391228,0.05206570401787758,0.05321372300386429,0.20789586007595062,0.0537552647292614,0.9,0.14025259017944336,0.15244393050670624,0.17141114175319672,0.18069837987422943
81801,12.719736099243164,21.43399429321289,-0.04832732677459717,1.6016151938633318,0.8713433742523193,0.9196707010269165,0.8435260057449341,0.03940672054886818,5235264,0,0,0.8615496903657913,0.20342284440994263,0.03268125280737877,0.21355564892292023,0.9972133040428162,0.89552241563797,0.9302578568458557,,0.0007849191315472126,0.0006793362554162741,0.050610192120075226,0.05998396500945091,0.21134038269519806,0.060201045125722885,0.9,0.12865661084651947,0.13941353559494019,0.15706504881381989,0.16513864696025848
82001,12.919233322143555,20.260841369628906,-0.05094349384307861,1.6508408029491117,0.8707831501960754,0.921726644039154,0.8413205146789551,0.035110995173454285,5248064,0,0,0.8567708879709244,0.21264886856079102,0.031894929707050323,0.20847201347351074,0.9989484548568726,0.9470828175544739,0.9766621589660645,,0.0008082242566160858,0.0006673694006167352,0.054782599210739136,0.057970013469457626,0.20961835980415344,0.05831451341509819,0.9,0.12921682000160217,0.14075492322444916,0.15822508931159973,0.16750621795654297
82201,12.815460205078125,20.08128547668457,-0.05132216215133667,1.5999542914796112,0.8631343841552734,0.9144565463066101,0.83348149061203,0.04640967771410942,5260864,0,0,0.8504987210035324,0.2095232605934143,0.03347602114081383,0.21853625774383545,0.9990173578262329,0.9687924385070801,0.984803318977356,,0.0007238441612571478,0.000677027041092515,0.057550717145204544,0.05897309631109238,0.22267411649227142,0.06006544083356857,0.9,0.13686560094356537,0.14863857626914978,0.1669316589832306,0.1758241504430771
82401,12.896431922912598,20.21595001220703,-0.046411216259002686,1.506190777087819,0.861901581287384,0.9083127975463867,0.8348879218101501,0.03266936540603638,5273664,0,1,0.851931557059288,0.18755728006362915,0.033000994473695755,0.2081652581691742,0.9982545971870422,0.8727273344993591,0.9462686777114868,,0.0007945307879708707,0.0005110081983730197,0.054924748837947845,0.057791754603385925,0.21343198418617249,0.05952750891447067,0.9,0.13809838891029358,0.1499151736497879,0.16550368070602417,0.1734166294336319
82601,12.852383613586426,20.158893585205078,-0.049327969551086426,1.5689565561733794,0.8639730215072632,0.9133009910583496,0.8316993713378906,0.03952803835272789,5286464,0,0,0.8535550683736801,0.21873927116394043,0.03271789103746414,0.20330512523651123,0.9990563988685608,0.9516960978507996,0.9769335389137268,,0.0007267583860084414,0.0007215281366370618,0.059072744101285934,0.06416052579879761,0.20606458187103271,0.06449832022190094,0.9,0.136026993393898,0.1472710818052292,0.16424348950386047,0.1721600443124771
82801,12.892698287963867,20.116701126098633,-0.04835855960845947,1.5100424657146718,0.8568286299705505,0.90518718957901,0.8306328654289246,0.03930077701807022,5299264,0,0,0.842295914888382,0.19034147262573242,0.0336342491209507,0.2170500010251999,0.9988323450088501,0.9291723370552063,0.9682496786117554,,0.000755965884309262,0.0006779716932214797,0.05870738625526428,0.061893340200185776,0.21832917630672455,0.06243891268968582,0.9,0.14317135512828827,0.15406519174575806,0.1713574081659317,0.17848065495491028
83001,12.914573669433594,20.287750244140625,-0.04667091369628906,1.4506445647813648,0.8497642874717712,0.8964352011680603,0.8198722004890442,0.04365255683660507,5312064,0,1,0.8367666900157928,0.20291268825531006,0.03287499397993088,0.1945609748363495,0.9980397820472717,0.8521031737327576,0.9397557973861694,,0.0007747256895527244,0.0008693753043189645,0.05910743400454521,0.06290461868047714,0.20267094671726227,0.06663293391466141,0.9,0.1502356380224228,0.16038410365581512,0.17503933608531952,0.18163980543613434
83201,12.769893646240234,20.274477005004883,-0.045481085777282715,1.4770695316622526,0.8591846227645874,0.9046657085418701,0.8317061066627502,0.0357658751308918,5324864,0,0,0.8379009366035461,0.19715583324432373,0.033263709396123886,0.19159668684005737,0.9984077215194702,0.9267300367355347,0.9622795581817627,,0.0007811067625880241,0.0007380764000117779,0.05704193562269211,0.05752779543399811,0.19933587312698364,0.0583265982568264,0.9,0.1408153474330902,0.15173065662384033,0.16581875085830688,0.17167875170707703
83401,12.897092819213867,20.038558959960938,-0.04710590839385986,1.4520896186641863,0.8486981391906738,0.8958040475845337,0.8172451257705688,0.03762179613113403,5337664,0,1,0.8327001482248306,0.20475786924362183,0.03361010178923607,0.22730733454227448,0.998358428478241,0.9443690776824951,0.9725916385650635,,0.0008235215209424496,0.000638302939478308,0.05984976515173912,0.06324520707130432,0.22833429276943207,0.06376136839389801,0.9,0.15130186080932617,0.16259725391864777,0.17728501558303833,0.18409156799316406
83601,13.024683952331543,19.907665252685547,-0.05259484052658081,1.4499600214578705,0.8305173516273499,0.8831121921539307,0.8030339479446411,0.03749089688062668,5350464,0,0,0.8114181607961655,0.1754874587059021,0.03849188983440399,0.21970903873443604,0.9970220923423767,0.9099050760269165,0.9511533379554749,,0.0009249674039892852,0.0003936912980861962,0.05562369525432587,0.05573902279138565,0.2289283573627472,0.0562623105943203,0.9,0.16948261857032776,0.18408511579036713,0.2023414671421051,0.2105695754289627
83801,13.022716522216797,20.226701736450195,-0.04757237434387207,1.4287735773034709,0.8414777517318726,0.8890501260757446,0.8143378496170044,0.03313712775707245,5363264,0,0,0.8290722966194153,0.17648494243621826,0.03463323786854744,0.2404530942440033,0.9989011883735657,0.9316146969795227,0.9704206585884094,,0.0007978607900440693,0.00045836722711101174,0.058696895837783813,0.06566120684146881,0.24307365715503693,0.0659140944480896,0.9,0.15852224826812744,0.16973905265331268,0.18527372181415558,0.19278603792190552
84001,12.882828712463379,20.441783905029297,-0.047243714332580566,1.4643306549690336,0.8510104417800903,0.8982541561126709,0.8225545883178711,0.02869565784931183,5376064,0,0,0.8336556106805801,0.19078212976455688,0.03386096656322479,0.2329535335302353,0.9980449080467224,0.9188602566719055,0.9592944979667664,,0.0008599951397627592,0.0004379388119559735,0.05771039053797722,0.06290523707866669,0.23604032397270203,0.06350000202655792,0.9,0.14898952841758728,0.15981633961200714,0.17501993477344513,0.18169835209846497
84201,12.898118019104004,19.84302520751953,-0.04944068193435669,1.4301226985593731,0.8356137871742249,0.8850544691085815,0.804480254650116,0.03005122020840645,5388864,0,0,0.8230768740177155,0.19563496112823486,0.03527002036571503,0.22202667593955994,0.9976430535316467,0.9264586567878723,0.9571235179901123,,0.0007796640275046229,0.00041888124542310834,0.06381192803382874,0.06687072664499283,0.22754289209842682,0.06781205534934998,0.9,0.16438616812229156,0.17456035315990448,0.1899249106645584,0.19653482735157013
84401,12.890917778015137,19.935049057006836,-0.0455206036567688,1.3897936215876872,0.8376981019973755,0.8832187056541443,0.8028803467750549,0.045489177107810974,5401664,0,0,0.8250095695257187,0.21158123016357422,0.0343780480325222,0.21953701972961426,0.9978023171424866,0.928900957107544,0.9658073782920837,,0.0008186788763850927,0.0006759925745427608,0.060978975147008896,0.06501312553882599,0.22268180549144745,0.06554346531629562,0.9,0.1623019129037857,0.17228271067142487,0.18510913848876953,0.1903536319732666
84601,12.857452392578125,20.01321792602539,-0.044267117977142334,1.3856746407209573,0.8409544825553894,0.8852216005325317,0.8080634474754333,0.03365788608789444,5414464,0,1,0.8296274095773697,0.1908455491065979,0.03463127836585045,0.20278790593147278,0.9975453615188599,0.8778833150863647,0.9459972977638245,,0.0007652087369933724,0.0004884884692728519,0.06266847252845764,0.06185883283615112,0.2108304500579834,0.06444408744573593,0.9,0.15904545783996582,0.16889874637126923,0.18131710588932037,0.18772540986537933
84801,12.921273231506348,19.94487953186035,-0.048806726932525635,1.4397429769774823,0.8402040600776672,0.8890107870101929,0.8077091574668884,0.03173733130097389,5427264,0,0,0.8157570213079453,0.20394909381866455,0.03391733765602112,0.23526492714881897,0.9985198378562927,0.9451832175254822,0.9715061187744141,,0.0008566228789277375,0.000744236574973911,0.06270789355039597,0.06721192598342896,0.2373863011598587,0.06768152862787247,0.9,0.15979592502117157,0.17008307576179504,0.18496450781822205,0.19201858341693878
85001,12.922858238220215,19.824405670166016,-0.04611647129058838,1.395788519510734,0.8373655676841736,0.883482038974762,0.8007281422615051,0.037355393171310425,5440064,0,0,0.8240085691213608,0.21845167875289917,0.03644978627562523,0.2232937067747116,0.9987182021141052,0.9465400576591492,0.9734057188034058,,0.0007795881247147918,0.0006726108258590102,0.06478359550237656,0.06694239377975464,0.2287130504846573,0.06775129586458206,0.9,0.1626344621181488,0.17508693039417267,0.19029980897903442,0.19696003198623657
85201,12.843337059020996,20.02686882019043,-0.04732561111450195,1.4336488697707646,0.8435409069061279,0.8908665180206299,0.8041982054710388,0.031541407108306885,5452864,0,0,0.830492228269577,0.22872179746627808,0.034716688096523285,0.22770360112190247,0.9987675547599792,0.9468114376068115,0.9747625589370728,,0.000795049243606627,0.0004216766683384776,0.06081915646791458,0.06556835025548935,0.23243126273155212,0.06631992012262344,0.9,0.15645910799503326,0.16641496121883392,0.179995596408844,0.18486814200878143
85401,12.721054077148438,20.396533966064453,-0.04111969470977783,1.3592573575284412,0.8444228172302246,0.8855425119400024,0.8044523000717163,0.02471248246729374,5465664,0,0,0.8273849785327911,0.22824758291244507,0.0323217436671257,0.22721590101718903,0.9985619783401489,0.9375848174095154,0.9725916385650635,,0.0007774587138555944,0.0005896877264603972,0.06427653133869171,0.07290269434452057,0.2262837141752243,0.07332533597946167,0.9,0.155577152967453,0.16348540782928467,0.17355892062187195,0.17856332659721375
85601,12.94161605834961,19.8786678314209,-0.04710495471954346,1.3962292814286295,0.834011971950531,0.8811169266700745,0.7903203368186951,0.030075039714574814,5478464,0,1,0.8156430274248123,0.23910290002822876,0.03622009977698326,0.21514290571212769,0.998805582523346,0.9191316366195679,0.9660787582397461,,0.0007602089899592102,0.0004520983202382922,0.06397846341133118,0.06802548468112946,0.22311459481716156,0.06934231519699097,0.9,0.16598807275295258,0.17604225873947144,0.18987515568733215,0.1961156576871872
85801,13.059507369995117,19.761150360107422,-0.04794883728027344,1.377388975025978,0.8249970078468323,0.8729458451271057,0.7863052487373352,0.04134061560034752,5491264,0,1,0.8183870762586594,0.21422487497329712,0.03712614253163338,0.22612613439559937,0.9983831644058228,0.9278154969215393,0.9628222584724426,,0.0007763421162962914,0.0006686245906166732,0.06771153211593628,0.07262259721755981,0.22970230877399445,0.07329069077968597,0.9,0.17500293254852295,0.18682704865932465,0.20104695856571198,0.20787692070007324
86001,12.842145919799805,20.19693946838379,-0.04241734743118286,1.3757010293113798,0.8446807861328125,0.8870981335639954,0.8027967214584351,0.03257551044225693,5504064,0,1,0.8382184952497482,0.23514819145202637,0.033600762486457825,0.2206260859966278,0.9966880679130554,0.8637720942497253,0.9402985572814941,,0.0008292302954941988,0.0008104547159746289,0.06833954900503159,0.07415993511676788,0.2226419746875763,0.07596132904291153,0.9,0.1553191989660263,0.16436834633350372,0.17593209445476532,0.18114528059959412
86201,12.920676231384277,20.202049255371094,-0.04300379753112793,1.408228114894857,0.8516536355018616,0.8946574330329895,0.8089855313301086,0.06747747212648392,5516864,0,0,0.8402476459741592,0.24364298582077026,0.03320622071623802,0.2007579207420349,0.9983553886413574,0.9367707371711731,0.9690638184547424,,0.0007873636204749346,0.0015805523144081235,0.06716911494731903,0.06940332800149918,0.20236007869243622,0.0697026178240776,0.9,0.14834636449813843,0.157324880361557,0.16932561993598938,0.17339083552360535
86401,12.832130432128906,20.190305709838867,-0.04476308822631836,1.378006751774392,0.8368181586265564,0.8815812468528748,0.7941529154777527,0.031132375821471214,5529664,0,1,0.8261984139680862,0.23198145627975464,0.03397075831890106,0.21828049421310425,0.9979339241981506,0.9272727370262146,0.9668928384780884,,0.0008340327185578644,0.0006276379572227597,0.06331874430179596,0.07546208053827286,0.21947158873081207,0.07567360252141953,0.9,0.1631818264722824,0.17122703790664673,0.18327686190605164,0.18915508687496185
86601,12.839970588684082,20.052871704101562,-0.04222452640533447,1.360065058832499,0.8405063152313232,0.8827308416366577,0.8010212779045105,0.04859354346990585,5542464,0,1,0.8188568204641342,0.22455579042434692,0.03433539345860481,0.20981337130069733,0.9977571368217468,0.8594301342964172,0.9470828175544739,,0.0008540198323316872,0.0007576093776151538,0.06062745302915573,0.06182192265987396,0.2195625752210617,0.06369666010141373,0.9,0.15949364006519318,0.16893556714057922,0.18071243166923523,0.1851404309272766
86801,12.815412521362305,19.9307804107666,-0.04412436485290527,1.3757071623421937,0.8384321331977844,0.8825564980506897,0.8001333475112915,0.032941918820142746,5555264,0,1,0.8317704796791077,0.22114914655685425,0.03484012559056282,0.2320515215396881,0.9978794455528259,0.9161465764045715,0.9641791582107544,,0.0008126578759402037,0.0005100957350805402,0.06589849293231964,0.06839613616466522,0.23376858234405518,0.06984895467758179,0.9,0.16156788170337677,0.171345055103302,0.18311603367328644,0.18847037851810455
87001,12.925995826721191,19.863483428955078,-0.04732799530029297,1.4206780909189645,0.8401679396629333,0.8874959349632263,0.8038899898529053,0.030470075085759163,5568064,0,0,0.8197544068098068,0.20300990343093872,0.03519346937537193,0.24365779757499695,0.9986822009086609,0.9497964978218079,0.9766621589660645,,0.0008328765979968011,0.0005307922838255763,0.06564784795045853,0.0671800896525383,0.2440359741449356,0.06832816451787949,0.9,0.15983203053474426,0.16916151344776154,0.18319346010684967,0.18921557068824768
87201,12.803770065307617,20.068876266479492,-0.04565531015396118,1.3920739503919362,0.8378990292549133,0.8835543394088745,0.800546407699585,0.032563842833042145,5580864,0,0,0.8245056718587875,0.21808183193206787,0.03457966819405556,0.2328970581293106,0.9980480670928955,0.9104477763175964,0.9525102376937866,,0.0008484357967972755,0.0006040203152224422,0.06262275576591492,0.0676397755742073,0.23570968210697174,0.06862334161996841,0.9,0.1621008962392807,0.17173822224140167,0.1834215372800827,0.18734903633594513
87401,12.722296714782715,20.196887969970703,-0.04004549980163574,1.3325534095965763,0.8395362496376038,0.8795817494392395,0.8014670610427856,0.045208532363176346,5593664,0,1,0.8198560923337936,0.2164067029953003,0.033555153757333755,0.236562579870224,0.9975752234458923,0.8453189134597778,0.9329715371131897,,0.0009191255085170269,0.0008360696956515312,0.059611767530441284,0.06510227918624878,0.2447052299976349,0.06645361334085464,0.9,0.16046370565891266,0.1679525524377823,0.17822124063968658,0.1821526437997818
87601,12.84134292602539,20.216581344604492,-0.04440063238143921,1.3899981047695933,0.8417510390281677,0.8861516714096069,0.7981576919555664,0.04328911751508713,5606464,0,0,0.8248801231384277,0.2418878674507141,0.034863997250795364,0.23128995299339294,0.9986000061035156,0.9370421171188354,0.9717774987220764,,0.0008803150267340243,0.0008299332694150507,0.06289880722761154,0.07204243540763855,0.23732821643352509,0.07203849405050278,0.9,0.1582489013671875,0.16786648333072662,0.18048474192619324,0.1852983683347702
87801,12.711023330688477,19.9702091217041,-0.03976106643676758,1.3290100254643935,0.8393883109092712,0.8791493773460388,0.7884708046913147,0.046549852937459946,5619264,0,0,0.831415981054306,0.2582954168319702,0.03437081724405289,0.2166948914527893,0.9984694719314575,0.9340569972991943,0.9663500785827637,,0.0007918835035525262,0.0007906999671831727,0.07205189019441605,0.07652224600315094,0.220077246427536,0.0777280256152153,0.9,0.16061165928840637,0.16812044382095337,0.17705000936985016,0.17952841520309448
88001,12.754430770874023,20.333877563476562,-0.04284548759460449,1.4043930177975503,0.8512043952941895,0.894049882888794,0.8087852001190186,0.05226970836520195,5632064,0,0,0.8303932547569275,0.2465057373046875,0.033027078956365585,0.22531399130821228,0.9987860321998596,0.9335142970085144,0.9742198586463928,,0.0008991575450636446,0.0011064992286264896,0.05836104974150658,0.06756962835788727,0.22940880060195923,0.06768421083688736,0.9,0.14879557490348816,0.157617449760437,0.1695631444454193,0.17395958304405212
88201,12.737768173217773,19.870502471923828,-0.042918622493743896,1.3219396275174762,0.8237687349319458,0.8666873574256897,0.7783167362213135,0.028399771079421043,5644864,0,0,0.8048143088817596,0.23124581575393677,0.03613762557506561,0.23479309678077698,0.9974117279052734,0.9112619161605835,0.9481682777404785,,0.0008639242732897401,0.00047726056072860956,0.06849922239780426,0.07390706241130829,0.23924051225185394,0.07464580982923508,0.9,0.1762312650680542,0.1851894110441208,0.19655559957027435,0.20117968320846558
88401,12.835221290588379,19.962358474731445,-0.04063725471496582,1.3200047312148944,0.8323732018470764,0.8730104565620422,0.7953768372535706,0.03975116088986397,5657664,0,1,0.8199909925460815,0.20769423246383667,0.03536885604262352,0.21503347158432007,0.9981498122215271,0.9085481762886047,0.9611940383911133,,0.0007921922369860113,0.0006619197083637118,0.06872036308050156,0.07046329975128174,0.219970703125,0.07328817248344421,0.9,0.1676267832517624,0.1781751662492752,0.1890176236629486,0.1934879869222641
88601,12.655606269836426,20.314043045043945,-0.04175227880477905,1.3871458558320557,0.8504013419151306,0.8921536207199097,0.7980791926383972,0.07436050474643707,5670464,0,0,0.8274051994085312,0.27818042039871216,0.032063838094472885,0.1885334551334381,0.9984642863273621,0.9351425170898438,0.9696065783500671,,0.0008626763010397553,0.0017521728295832872,0.06852377951145172,0.0793602243065834,0.1932256668806076,0.0800539031624794,0.9,0.149598628282547,0.1545863300561905,0.16281463205814362,0.1657734513282776
88801,12.750245094299316,20.019023895263672,-0.04078572988510132,1.3452921609352702,0.8410947918891907,0.881880521774292,0.7914071083068848,0.020920319482684135,5683264,0,1,0.8252873420715332,0.25772708654403687,0.0334906205534935,0.21884900331497192,0.998383104801178,0.9031208157539368,0.957666277885437,,0.0008563598385080695,0.00040496120345778763,0.06641577184200287,0.07178503274917603,0.22180508077144623,0.07389730215072632,0.9,0.1589052379131317,0.16734367609024048,0.17748460173606873,0.1819455474615097
89001,12.627982139587402,20.30231475830078,-0.03759193420410156,1.3209887476212943,0.8452951312065125,0.882887065410614,0.803229033946991,0.025016259402036667,5696064,0,0,0.8329169154167175,0.23901718854904175,0.03155530244112015,0.21724776923656464,0.9977715611457825,0.9134328961372375,0.9546811580657959,,0.0009170229313895106,0.00047158595407381654,0.06561381369829178,0.07059191167354584,0.2161204218864441,0.0714796856045723,0.9,0.15470483899116516,0.16257594525814056,0.16997379064559937,0.1725059449672699
89201,12.880462646484375,19.763927459716797,-0.044579505920410156,1.3319479975358657,0.8211238384246826,0.8657033443450928,0.7775390148162842,0.02799108996987343,5708864,0,1,0.8058513402938843,0.22622311115264893,0.03682559356093407,0.23712024092674255,0.9979297518730164,0.9169606566429138,0.963093638420105,,0.0008027693838812411,0.0004632238415069878,0.07148414105176926,0.07631614804267883,0.2419254183769226,0.07787112891674042,0.9,0.1788761466741562,0.1879809945821762,0.1994035691022873,0.20324420928955078
89401,12.909297943115234,19.84705352783203,-0.048732638359069824,1.437538965733701,0.8398883938789368,0.8886210322380066,0.7936209440231323,0.03610356152057648,5721664,0,0,0.8273953646421432,0.2495461106300354,0.03540544956922531,0.22194507718086243,0.9983944892883301,0.9525102376937866,0.9763908386230469,,0.0008965053129941225,0.0007785046473145485,0.06779417395591736,0.07298532873392105,0.22672073543071747,0.07339859008789062,0.9,0.16011162102222443,0.16828082501888275,0.18161189556121826,0.1879221498966217
89601,12.77782154083252,20.161312103271484,-0.040540218353271484,1.3432337505046428,0.8413472175598145,0.8818874359130859,0.8018350601196289,0.04495440796017647,5734464,0,1,0.8236536234617233,0.21995675563812256,0.03421930596232414,0.2009364515542984,0.9972822070121765,0.8059701919555664,0.924830436706543,,0.0009085546480491757,0.0007830025861039758,0.062468647956848145,0.06108694151043892,0.21371705830097198,0.06415899842977524,0.9,0.15865282714366913,0.16821853816509247,0.17974914610385895,0.1847621500492096
89801,12.924378395080566,20.81653594970703,-0.045016586780548096,1.3913964129004575,0.8399680852890015,0.8849846720695496,0.7996689677238464,0.0446242056787014,5747264,0,0,0.8194839656352997,0.22764432430267334,0.03450918197631836,0.2279752939939499,0.9964916706085205,0.897693395614624,0.9451832175254822,,0.0008824564865790308,0.0008865866111591458,0.05793200805783272,0.07065778970718384,0.23023435473442078,0.07089769840240479,0.9,0.16003185510635376,0.17082341015338898,0.18359573185443878,0.18845751881599426
90001,12.906342506408691,19.917919158935547,-0.04107111692428589,1.2980079291865771,0.8211100101470947,0.8621811270713806,0.7766889333724976,0.03355437144637108,5760064,0,0,0.8147185444831848,0.21913492679595947,0.03600335493683815,0.22391492128372192,0.9976964592933655,0.9096336960792542,0.9533243179321289,,0.0008660656167194247,0.00047042532241903245,0.06513930857181549,0.06959260255098343,0.22785943746566772,0.07022484391927719,0.9,0.1788899451494217,0.1878124624490738,0.199447900056839,0.20455098152160645
90201,12.919926643371582,20.908071517944336,-0.04134482145309448,1.3145673995904938,0.8272212743759155,0.86856609582901,0.7897021770477295,0.03427458927035332,5772864,0,0,0.8228524923324585,0.20092880725860596,0.03606672212481499,0.2282332181930542,0.9967466592788696,0.8789688348770142,0.9229308366775513,,0.0008609785581938922,0.0005192977841943502,0.06042386218905449,0.07300418615341187,0.22986572980880737,0.07263322919607162,0.9,0.1727786511182785,0.18328742682933807,0.19725154340267181,0.20468662679195404
90401,12.702457427978516,20.175125122070312,-0.039565205574035645,1.3662653234977495,0.8524114489555359,0.8919766545295715,0.8188411593437195,0.023066017776727676,5785664,0,0,0.8440921753644943,0.216050386428833,0.03144919499754906,0.22024506330490112,0.999039888381958,0.9530529379844666,0.9791045188903809,,0.0009646518738009036,0.0005242044571787119,0.05963057279586792,0.060960568487644196,0.22074373066425323,0.06197933852672577,0.9,0.14758850634098053,0.15598894655704498,0.16661293804645538,0.17080853879451752
90601,12.880976676940918,19.863862991333008,-0.04241299629211426,1.3567456457871674,0.8386983871459961,0.8811113834381104,0.7982766628265381,0.035643160343170166,5798464,0,0,0.8130337744951248,0.2172328233718872,0.03515809029340744,0.2411634773015976,0.9990646839141846,0.9587517380714417,0.9815468192100525,,0.0009033943642862141,0.0005584520986303687,0.06195259094238281,0.06581947952508926,0.24546054005622864,0.06641003489494324,0.9,0.1613016426563263,0.17196309566497803,0.18493488430976868,0.19165819883346558
90801,13.047094345092773,19.75991439819336,-0.04860258102416992,1.3878146592396432,0.826073169708252,0.8746757507324219,0.7856992483139038,0.03360169380903244,5811264,0,0,0.8027012944221497,0.21463853120803833,0.036788053810596466,0.23092593252658844,0.9988672733306885,0.9495251178741455,0.9774762988090515,,0.0009018964483402669,0.0005354363820515573,0.06334427744150162,0.07010257244110107,0.23739714920520782,0.07082778960466385,0.9,0.17392678558826447,0.18727660179138184,0.20235539972782135,0.2088855654001236
91001,12.763237953186035,20.79954719543457,-0.0385967493057251,1.317767199921484,0.8399409055709839,0.878537654876709,0.8022379279136658,0.034646157175302505,5824064,0,0,0.8284008651971817,0.22591745853424072,0.0340082086622715,0.22286927700042725,0.9978280067443848,0.8691995143890381,0.931071937084198,,0.0010192986810579896,0.0005080464761704206,0.059756163507699966,0.07053657621145248,0.2267962396144867,0.0713275894522667,0.9,0.16005904972553253,0.16893626749515533,0.18018588423728943,0.18549935519695282
91201,12.875542640686035,19.81595802307129,-0.04641091823577881,1.326269331028157,0.8113418221473694,0.8577527403831482,0.7619751691818237,0.023860545828938484,5836864,0,0,0.8004403412342072,0.24087578058242798,0.03695760667324066,0.2324201911687851,0.9975946545600891,0.9139755964279175,0.9573948979377747,,0.0008859005756676197,0.00039008029852993786,0.06715144962072372,0.07499402016401291,0.23794637620449066,0.07586315274238586,0.9,0.1886582225561142,0.19628480076789856,0.20834751427173615,0.21291954815387726
91401,12.932621955871582,19.806819915771484,-0.049223899841308594,1.4212371162416328,0.8339205384254456,0.8831444382667542,0.7889691591262817,0.034287575632333755,5849664,0,0,0.8250794410705566,0.23801028728485107,0.03657693788409233,0.22780922055244446,0.9980603456497192,0.9145183563232422,0.9527815580368042,,0.0008957661921158433,0.000673130969516933,0.06668227165937424,0.06957463175058365,0.2322971522808075,0.07061877846717834,0.9,0.16607943177223206,0.17536216974258423,0.1897149682044983,0.19573988020420074
91601,12.919242858886719,19.897113800048828,-0.04387384653091431,1.381999328460956,0.8412729501724243,0.8851467967033386,0.80118727684021,0.025145281106233597,5862464,0,0,0.8271854519844055,0.2227785587310791,0.03408457338809967,0.23141519725322723,0.9991211295127869,0.9549525380134583,0.9788331389427185,,0.0010971005540341139,0.0004235010128468275,0.061044007539749146,0.06214558705687523,0.23729285597801208,0.06305817514657974,0.9,0.15872707962989807,0.1689646691083908,0.1807120442390442,0.18531599640846252
91801,12.881155967712402,20.132761001586914,-0.04489558935165405,1.3911698644294013,0.8403317928314209,0.885227382183075,0.8028215765953064,0.039289217442274094,5875264,0,0,0.8285856246948242,0.2155938744544983,0.036044348031282425,0.2298295795917511,0.9989895820617676,0.9438263773918152,0.9766621589660645,,0.0009679713402874768,0.0006510786479339004,0.055887628346681595,0.06590026617050171,0.23626559972763062,0.0663929358124733,0.9,0.1596681922674179,0.17028123140335083,0.18439500033855438,0.19164101779460907
92001,12.885689735412598,20.716707229614258,-0.04567927122116089,1.3242502592534768,0.8134441375732422,0.8591234087944031,0.7701503038406372,0.03092818334698677,5888064,0,0,0.7891986221075058,0.20841550827026367,0.038449667394161224,0.24047251045703888,0.9961854219436646,0.8691995143890381,0.9210312366485596,,0.0010663511930033565,0.0004855247098021209,0.06282340735197067,0.0696825310587883,0.2496558129787445,0.06977961212396622,0.9,0.18655580282211304,0.19898803532123566,0.21233505010604858,0.2182765156030655
92201,12.86953353881836,20.226974487304688,-0.0490381121635437,1.434038721059179,0.8379809260368347,0.8870190382003784,0.7975473999977112,0.03329956531524658,5900864,0,0,0.8231808692216873,0.22424989938735962,0.036398038268089294,0.23002268373966217,0.9985352158546448,0.9367707371711731,0.9701492786407471,,0.001124747795984149,0.0006711875321343541,0.05682973936200142,0.06515340507030487,0.2375185191631317,0.06526075303554535,0.9,0.16201910376548767,0.17404457926750183,0.18968737125396729,0.19746774435043335
92401,12.84630012512207,20.968692779541016,-0.042538225650787354,1.3749942858103668,0.8440247774124146,0.8865630030632019,0.8099894523620605,0.04585960507392883,5913664,0,0,0.8269263356924057,0.20812684297561646,0.034511636942625046,0.22335666418075562,0.9983080625534058,0.9014925956726074,0.9489824175834656,,0.0010465441737324,0.0009115362190641463,0.055014219135046005,0.06356444954872131,0.22761310636997223,0.06388840079307556,0.9,0.15597520768642426,0.1669834405183792,0.17944231629371643,0.18477590382099152
92601,13.018963813781738,19.843584060668945,-0.04990321397781372,1.3999781196986252,0.8253319263458252,0.8752351403236389,0.779151439666748,0.05041631683707237,5926464,0,0,0.8092463165521622,0.23150449991226196,0.03788622096180916,0.24109262228012085,0.9983441233634949,0.9099050760269165,0.9560379981994629,,0.0009729253361001611,0.0010515765752643347,0.06376935541629791,0.06948304176330566,0.24770499765872955,0.07002762705087662,0.9,0.1746680587530136,0.18465617299079895,0.19879260659217834,0.20629410445690155
92801,12.88095760345459,19.89272689819336,-0.044981420040130615,1.3637541928738859,0.8313597440719604,0.8763411641120911,0.7861866354942322,0.03149251639842987,5939264,0,1,0.825174868106842,0.23506319522857666,0.035342976450920105,0.23340627551078796,0.9985403418540955,0.934599757194519,0.9682496786117554,,0.0009892507223412395,0.00056261575082317,0.06090131402015686,0.07086579501628876,0.23702315986156464,0.07159605622291565,0.9,0.16864028573036194,0.17770659923553467,0.1896364390850067,0.195684015750885
93001,12.823638916015625,19.948286056518555,-0.046697020530700684,1.4161086301620147,0.841079831123352,0.8877768516540527,0.8013128042221069,0.03735192120075226,5952064,0,0,0.8234103173017502,0.2300271987915039,0.03457389399409294,0.23963624238967896,0.9993730187416077,0.9628222584724426,0.9826323390007019,,0.0009057896095328033,0.0007513585733249784,0.0600811168551445,0.06907029449939728,0.2427375316619873,0.06933798640966415,0.9,0.15892015397548676,0.16854022443294525,0.1813475340604782,0.1875951737165451
93201,12.89849853515625,19.866514205932617,-0.045845985412597656,1.3640297861827626,0.8282138109207153,0.874059796333313,0.7815343737602234,0.05629941448569298,5964864,0,1,0.8113619387149811,0.23982834815979004,0.03740948811173439,0.21209517121315002,0.9973243474960327,0.8529172539710999,0.9362279772758484,,0.0009968786034733057,0.0008174149552360177,0.06358432024717331,0.06186824291944504,0.2257108837366104,0.06437968462705612,0.9,0.17178615927696228,0.1836446225643158,0.1957845836877823,0.20095083117485046
93401,12.852545738220215,19.753515243530273,-0.046857595443725586,1.3884557286274983,0.8325170874595642,0.8793746829032898,0.7900186777114868,0.02605350874364376,5977664,0,0,0.8141591101884842,0.22829127311706543,0.03628397732973099,0.23926818370819092,0.9992249608039856,0.9636363983154297,0.9826323390007019,,0.0009646994876675308,0.0004738980205729604,0.06452172249555588,0.06853362172842026,0.2457476556301117,0.06891977041959763,0.9,0.16748283803462982,0.17855724692344666,0.19179068505764008,0.1984611302614212
93601,12.996329307556152,19.673147201538086,-0.046717941761016846,1.3483802346130733,0.8191816210746765,0.8658995628356934,0.7808843851089478,0.032536379992961884,5990464,0,0,0.802530512213707,0.20146429538726807,0.039228152483701706,0.24241504073143005,0.9980521202087402,0.9375848174095154,0.9655359983444214,,0.0009463978931307793,0.0005632803658954799,0.060648418962955475,0.06504535675048828,0.2515576183795929,0.06533590704202652,0.9,0.18081843852996826,0.19726036489009857,0.2129874974489212,0.2215445637702942
93801,12.901176452636719,19.890565872192383,-0.044322967529296875,1.3298606151528567,0.8213082551956177,0.8656312227249146,0.7892012000083923,0.03922087326645851,6003264,0,0,0.7956489473581314,0.18877726793289185,0.03789738565683365,0.22994859516620636,0.997278094291687,0.9280868768692017,0.960379958152771,,0.001024858676828444,0.0005040643736720085,0.05614897981286049,0.061725370585918427,0.2446279674768448,0.06238564848899841,0.9,0.17869171500205994,0.19256669282913208,0.20681002736091614,0.2129196673631668
94001,12.91054630279541,19.801137924194336,-0.04848980903625488,1.405204192482003,0.8318426012992859,0.8803324103355408,0.7877641320228577,0.029655558988451958,6016064,0,1,0.8187793642282486,0.22893279790878296,0.03813186660408974,0.23162700235843658,0.9984551072120667,0.8971506357192993,0.9565807580947876,,0.0010261322604492307,0.00046842716983519495,0.05983786657452583,0.06386309862136841,0.24274349212646484,0.06549862027168274,0.9,0.16815733909606934,0.17991873621940613,0.19497066736221313,0.2010076642036438
94201,12.81238079071045,20.799619674682617,-0.04297840595245361,1.399946973848567,0.849561333656311,0.8925397396087646,0.8080624341964722,0.03758255019783974,6028864,0,0,0.8400942236185074,0.2412705421447754,0.03377670422196388,0.22453051805496216,0.9979718923568726,0.8974220156669617,0.9427408576011658,,0.000999005394987762,0.0007857615710236132,0.05908215045928955,0.06939427554607391,0.22899654507637024,0.07009556889533997,0.9,0.15043865144252777,0.15833993256092072,0.17003969848155975,0.17408481240272522
94401,13.110541343688965,19.6708984375,-0.04961800575256348,1.3831323670937286,0.8208758234977722,0.8704938292503357,0.778795063495636,0.048033248633146286,6041664,0,0,0.8049729019403458,0.219305157661438,0.03951147943735123,0.2351032942533493,0.9980562329292297,0.9335142970085144,0.9671642184257507,,0.0010203409474343061,0.0006096598226577044,0.06078749895095825,0.06361870467662811,0.24573040008544922,0.06470009684562683,0.9,0.179124116897583,0.19363726675510406,0.21024054288864136,0.21837399899959564
94601,12.979266166687012,19.847793579101562,-0.04216665029525757,1.36394283624144,0.8419727087020874,0.884139358997345,0.805976390838623,0.03358348831534386,6054464,0,0,0.8231392949819565,0.2136402726173401,0.03493890166282654,0.22186779975891113,0.9993216395378113,0.9644505381584167,0.9845319390296936,,0.0009917996358126402,0.0006279714871197939,0.059966426342725754,0.06174382194876671,0.22903986275196075,0.06290672719478607,0.9,0.1580272912979126,0.1711200475692749,0.18513640761375427,0.19178973138332367
94801,12.871726989746094,20.34699249267578,-0.04435420036315918,1.3827979114689164,0.8397773504257202,0.8841315507888794,0.7974493503570557,0.026472393423318863,6067264,0,0,0.829787015914917,0.23772543668746948,0.035092853009700775,0.23037585616111755,0.998726487159729,0.9299864768981934,0.9636363983154297,,0.0011350528802722692,0.000559766311198473,0.058591295033693314,0.06579925119876862,0.2354097217321396,0.06631439924240112,0.9,0.16022267937660217,0.17259269952774048,0.18505804240703583,0.19205762445926666
95001,12.944775581359863,19.902883529663086,-0.04946792125701904,1.3895116355908657,0.823532223701477,0.8730001449584961,0.7764515280723572,0.0480281300842762,6080064,0,1,0.8078455328941345,0.23631352186203003,0.039982497692108154,0.23650974035263062,0.9984303712844849,0.8898236155509949,0.9500678777694702,,0.001001911354251206,0.0008069900213740766,0.06133010983467102,0.06496306508779526,0.2512150704860687,0.06623605638742447,0.9,0.17646777629852295,0.18851535022258759,0.20387063920497894,0.21135592460632324
95201,12.934964179992676,21.586198806762695,-0.048901915550231934,1.387225729778611,0.8248102068901062,0.8737121224403381,0.782433032989502,0.06768821179866791,6092864,0,0,0.8051382005214691,0.21638768911361694,0.04006574675440788,0.2121499478816986,0.9939548373222351,0.807055652141571,0.8735414147377014,,0.0010335405822843313,0.0010502247605472803,0.05660718306899071,0.0640890821814537,0.22233165800571442,0.0645914077758789,0.9,0.17518983781337738,0.18772774934768677,0.203811377286911,0.2117537558078766
95401,13.00140380859375,19.59059715270996,-0.0527498722076416,1.4125045853471183,0.8193730711936951,0.8721229434013367,0.7646087408065796,0.037466347217559814,6105664,0,0,0.8080287128686905,0.2546505331993103,0.03919197991490364,0.2550947070121765,0.9986976385116577,0.9454545974731445,0.9739484786987305,,0.0010379769373685122,0.0004821273614652455,0.06418035924434662,0.07038427889347076,0.26545313000679016,0.07070199400186539,0.9,0.18062692880630493,0.19315804541110992,0.2097199708223343,0.21738874912261963
95601,12.997396469116211,21.483295440673828,-0.050700247287750244,1.357886999616704,0.8076342344284058,0.858334481716156,0.7626590132713318,0.03600100427865982,6118464,0,0,0.7834325730800629,0.2142397165298462,0.040915507823228836,0.23102106153964996,0.9942395687103271,0.8149254322052002,0.8792402148246765,,0.0011126180179417133,0.0006152849528007209,0.058053743094205856,0.06753982603549957,0.23770876228809357,0.06738384068012238,0.9,0.19236573576927185,0.205314040184021,0.22053493559360504,0.22742390632629395
95801,12.916114807128906,20.16870880126953,-0.04878658056259155,1.4127959726188921,0.833027720451355,0.8818143010139465,0.7949560880661011,0.04428776726126671,6131264,0,0,0.816847562789917,0.2101648449897766,0.03735293447971344,0.2340945601463318,0.9983224272727966,0.9318860769271851,0.9647218585014343,,0.0010461306665092707,0.0006150181870907545,0.05669264867901802,0.06442989408969879,0.24284273386001587,0.06477297842502594,0.9,0.1669723093509674,0.18065471947193146,0.1967810094356537,0.20425990223884583
96001,12.995936393737793,19.545663833618164,-0.05177265405654907,1.3821890262683152,0.8127638697624207,0.8645365238189697,0.7629632353782654,0.03512794151902199,6144064,0,0,0.7938028573989868,0.23690861463546753,0.03958464413881302,0.2687269449234009,0.9983399510383606,0.9416553974151611,0.9747625589370728,,0.001019374351017177,0.0004524514079093933,0.06178998202085495,0.06591148674488068,0.2799263596534729,0.06655411422252655,0.9,0.18723613023757935,0.20076076686382294,0.21667920053005219,0.2239885926246643
96201,13.142295837402344,19.84864616394043,-0.05317288637161255,1.4249142400972439,0.8216891884803772,0.8748620748519897,0.7752188444137573,0.04140113666653633,6156864,0,1,0.8093694150447845,0.2340736985206604,0.03808385878801346,0.21872873604297638,0.9979729652404785,0.8743555545806885,0.9473541975021362,,0.0009616695460863411,0.000722891534678638,0.0647704228758812,0.06621982157230377,0.23301060497760773,0.06954772770404816,0.9,0.178310826420784,0.18993788957595825,0.20507968962192535,0.21252651512622833
96401,12.8585844039917,20.834911346435547,-0.04789423942565918,1.4093139539681496,0.8350947499275208,0.8829889893531799,0.7915112972259521,0.043399274349212646,6169664,0,0,0.8238703310489655,0.23404663801193237,0.0356282964348793,0.22928044199943542,0.9979112148284912,0.8957937955856323,0.9318860769271851,,0.0009749437449499965,0.000819968874566257,0.05873259902000427,0.06828881055116653,0.23387692868709564,0.06836437433958054,0.9,0.16490523517131805,0.17614008486270905,0.1893635243177414,0.1959630399942398
96601,13.044318199157715,19.624675750732422,-0.05659550428390503,1.4160884100502935,0.8073865175247192,0.8639820218086243,0.7604666352272034,0.04848626255989075,6182464,0,0,0.786653995513916,0.22071397304534912,0.039557505398988724,0.24873895943164825,0.9975659251213074,0.9272727370262146,0.9601085782051086,,0.0009765818249434233,0.00089236069470644,0.06252120435237885,0.06563656032085419,0.25728997588157654,0.06628351658582687,0.9,0.1926134079694748,0.20382331311702728,0.21806298196315765,0.22455333173274994
96801,12.89302921295166,19.735004425048828,-0.05474370718002319,1.4337266613492534,0.8190392255783081,0.8737829327583313,0.7676292061805725,0.0507313497364521,6195264,0,0,0.8061768412590027,0.2438291311264038,0.03867556154727936,0.2390844225883484,0.9973304867744446,0.9188602566719055,0.9614654183387756,,0.0010327259078621864,0.0009399938862770796,0.0648648664355278,0.0718798041343689,0.24672800302505493,0.07177389413118362,0.9,0.18096080422401428,0.1893148273229599,0.20231641829013824,0.20700140297412872
97001,13.015101432800293,20.05926513671875,-0.04595082998275757,1.3753200990043095,0.8316181302070618,0.8775689601898193,0.7922185659408569,0.02877681329846382,6208064,0,0,0.8112903535366058,0.21691888570785522,0.035853397101163864,0.2465759813785553,0.9988899230957031,0.9438263773918152,0.9739484786987305,,0.0010223580757156014,0.0004848874232266098,0.060317378491163254,0.06758387386798859,0.25308868288993835,0.06780058890581131,0.9,0.16838179528713226,0.17969393730163574,0.19265834987163544,0.19840644299983978
97201,12.9984130859375,20.118858337402344,-0.04886847734451294,1.4043844813410218,0.8302849531173706,0.8791534304618835,0.7853211760520935,0.04060376435518265,6220864,0,0,0.8165123611688614,0.24062955379486084,0.038103971630334854,0.24160650372505188,0.9987058639526367,0.9294437170028687,0.9696065783500671,,0.0009850622154772282,0.0005566095933318138,0.05855367332696915,0.06672196090221405,0.25126659870147705,0.06646067649126053,0.9,0.169715017080307,0.18189676105976105,0.1944841891527176,0.20125818252563477
97401,12.890071868896484,19.732318878173828,-0.051584482192993164,1.3940077805068483,0.8174930214881897,0.8690775036811829,0.7628192901611328,0.024421442300081253,6233664,0,1,0.8021100908517838,0.25169259309768677,0.039517566561698914,0.27514344453811646,0.9986339211463928,0.9115332961082458,0.959023118019104,,0.0008984700543805957,0.0003760910185519606,0.06284443289041519,0.06863923370838165,0.28288745880126953,0.06926469504833221,0.9,0.18250688910484314,0.19322019815444946,0.20740610361099243,0.21510019898414612
97601,13.018668174743652,19.756500244140625,-0.05027276277542114,1.382075839225336,0.8181492686271667,0.8684220314025879,0.7713169455528259,0.03253333643078804,6246464,0,0,0.8001001924276352,0.2337244749069214,0.03811963275074959,0.25654181838035583,0.9979677796363831,0.9337856769561768,0.9674355983734131,,0.0009752449113875628,0.0005721271736547351,0.06307792663574219,0.07006216049194336,0.2609371840953827,0.07049936801195145,0.9,0.18185067176818848,0.1942010521888733,0.20841605961322784,0.21533064544200897
97801,13.004268646240234,19.922624588012695,-0.052132487297058105,1.414304194825354,0.82203608751297,0.8741685748100281,0.7802192568778992,0.04517563432455063,6259264,0,0,0.8069507777690887,0.21654993295669556,0.039221711456775665,0.24319320917129517,0.9985640645027161,0.9166893362998962,0.9601085782051086,,0.0008920271648094058,0.0007717901607975364,0.0593247190117836,0.06497711688280106,0.25208142399787903,0.06526269018650055,0.9,0.17796391248703003,0.19062890112400055,0.20573493838310242,0.21243208646774292
98001,13.088973999023438,19.719867706298828,-0.053309082984924316,1.4457598937805396,0.8270994424819946,0.880408525466919,0.7846555113792419,0.029639409855008125,6272064,0,0,0.8142704367637634,0.22133570909500122,0.03921131044626236,0.26984238624572754,0.9987449645996094,0.9614654183387756,0.9820895791053772,,0.000934302806854248,0.00043369707418605685,0.0590733140707016,0.06621144711971283,0.2758815884590149,0.06636834144592285,0.9,0.17290055751800537,0.18815718591213226,0.20476189255714417,0.21326832473278046
98201,13.20809268951416,19.479263305664062,-0.05597931146621704,1.401785061118429,0.8046941757202148,0.8606734871864319,0.7606686353683472,0.03782007098197937,6284864,0,0,0.7895197421312332,0.21854650974273682,0.04181826859712601,0.2599064111709595,0.9983388781547546,0.9337856769561768,0.9677069783210754,,0.000901605817489326,0.0004537964123301208,0.06131840497255325,0.0659254863858223,0.2714192867279053,0.06717679649591446,0.9,0.19530583918094635,0.20895814895629883,0.22426480054855347,0.23215541243553162
98401,13.12667179107666,20.427743911743164,-0.053735315799713135,1.405370503016462,0.8137061595916748,0.8674414753913879,0.764307975769043,0.029739873483777046,6297664,0,0,0.7981864809989929,0.2349826693534851,0.04027757793664932,0.2602978050708771,0.9977283477783203,0.9088195562362671,0.955495297908783,,0.0009573291754350066,0.00034130981657654047,0.05997360125184059,0.06952991336584091,0.2697260081768036,0.06960135698318481,0.9,0.1862938106060028,0.19838370382785797,0.21427865326404572,0.22150009870529175
98601,13.160624504089355,19.679256439208984,-0.05330812931060791,1.3981058898049137,0.8127874732017517,0.8660956025123596,0.7748060822486877,0.048003096133470535,6310464,0,0,0.7893409729003906,0.1987835168838501,0.039988745003938675,0.26088398694992065,0.9980880618095398,0.9364993572235107,0.9706920385360718,,0.0009111878462135792,0.0007388999802060425,0.05675710737705231,0.06342166662216187,0.2740115523338318,0.0646248310804367,0.9,0.18721257150173187,0.20198015868663788,0.21883946657180786,0.22736650705337524
98801,13.061707496643066,19.581953048706055,-0.0575791597366333,1.4514199837940442,0.8148696422576904,0.8724488019943237,0.7693712711334229,0.04280855879187584,6323264,0,0,0.8031258583068848,0.22512656450271606,0.039647120982408524,0.2686123847961426,0.9988734722137451,0.9476255178451538,0.9788331389427185,,0.0008670410607010126,0.0006528232479467988,0.059923406690359116,0.06329824030399323,0.2810267508029938,0.06391195207834244,0.9,0.18513034284114838,0.1988520622253418,0.21616984903812408,0.224899560213089
99001,13.095972061157227,20.665620803833008,-0.05032771825790405,1.3829103232538618,0.8182375431060791,0.8685652613639832,0.7888859510421753,0.043757226318120956,6336064,0,0,0.8025986701250076,0.16467690467834473,0.03992924839258194,0.2798807621002197,0.9977756142616272,0.8843962550163269,0.9299864768981934,,0.0008944799192249775,0.0005357640329748392,0.05593236908316612,0.06775219738483429,0.2889583110809326,0.06823793053627014,0.9,0.1817624270915985,0.19901634752750397,0.2154247760772705,0.22452566027641296
99201,13.071938514709473,19.45223045349121,-0.055540263652801514,1.390512723154977,0.8022357821464539,0.8577760457992554,0.7586187720298767,0.039426449686288834,6348864,0,0,0.7867132872343063,0.21145576238632202,0.041562337428331375,0.265264630317688,0.9981570243835449,0.931071937084198,0.9674355983734131,,0.0008591605583205819,0.00042940981802530587,0.06326241791248322,0.06620839983224869,0.27780935168266296,0.06687162071466446,0.9,0.19776418805122375,0.2136412113904953,0.22939585149288177,0.23644456267356873
99401,12.966322898864746,20.612382888793945,-0.0491945743560791,1.375536791183111,0.8198074102401733,0.8690019845962524,0.7798734307289124,0.04463906213641167,6361664,0,0,0.804216206073761,0.21271413564682007,0.03862427547574043,0.24492664635181427,0.9963560700416565,0.887924075126648,0.9337856769561768,,0.0009091235115192831,0.0005061834817752242,0.05749304220080376,0.06374198198318481,0.2576018273830414,0.06437874585390091,0.9,0.18019257485866547,0.19535285234451294,0.21055868268013,0.2171463668346405
99601,13.035428047180176,19.772287368774414,-0.04928326606750488,1.3566144836625662,0.8125191330909729,0.8618023991584778,0.7704562544822693,0.04145340621471405,6374464,0,0,0.7978328466415405,0.21262460947036743,0.03951723873615265,0.25342580676078796,0.9979267120361328,0.9264586567878723,0.9622795581817627,,0.0008699941681697965,0.0006479559815488756,0.06272430717945099,0.06646768748760223,0.2631883919239044,0.06740348786115646,0.9,0.1874808669090271,0.20249277353286743,0.2150883823633194,0.22214412689208984
99801,13.038918495178223,19.541893005371094,-0.05264735221862793,1.374940730757394,0.8069375157356262,0.8595848679542542,0.7626438140869141,0.04129164665937424,6387264,0,0,0.7939886003732681,0.21642422676086426,0.04150154069066048,0.2662997245788574,0.9981456398963928,0.9302578568458557,0.962550938129425,,0.0008932347991503775,0.0004453163710422814,0.06367295980453491,0.06708432734012604,0.276335746049881,0.06818842142820358,0.9,0.19306251406669617,0.2087625414133072,0.2236124873161316,0.22982041537761688
