Device: cuda | Params: 719,966
Training for 100000 steps, bs=64, lr=0.001, T=1024, C=1, mix_ratio=0.5, freq_emb_dim=3, seasonality_emb_dim=0, mixup_p=0.0, rev_norm_kind=ewma(span=128), patch_stats=none, encoder_type=gru
Checkpoints: /home/jupyter/checkpoints_backup/cf-388/pred_moco_sched/ats_pred_moco_sched_*.pth
Loss CSV: /home/jupyter/checkpoints_backup/cf-388/pred_moco_sched/ats_pred_moco_sched_losses.csv
Latent-drift CSV: /home/jupyter/checkpoints_backup/cf-388/pred_moco_sched/ats_pred_moco_sched_latent_drift.csv (every 500 steps, probe_bs=64, probe_seed=20260722)
Data: MIX 50% HF + 50% synth (periodic) + 0% crossfade + 0 triplet(s)=0 rows, hf_bs=32, synth_bs=32, cross_bs=0, total_bs=64
[    100] loss=5.4839  ema_loss=7.8621  gap=-0.1502  ema_gap=-0.3248  mixup=0/100  4.5 sps  ETA 6.1h
              R²_rand=0.4930  R²_naive=0.1520  U_t=0.0812  U_b=0.2115  AUC=0.9756  Top1=0.4332
  timing: data=181.1ms  fwd=22.2ms  bwd=9.3ms  total=213.1ms
  -> Saved /home/jupyter/checkpoints_backup/cf-388/pred_moco_sched/ats_pred_moco_sched_best_gap.pth
  -> Saved /home/jupyter/checkpoints_backup/cf-388/pred_moco_sched/ats_pred_moco_sched_best_loss.pth
[    200] loss=5.0080  ema_loss=6.1789  gap=-0.0852  ema_gap=-0.2004  mixup=0/100  7.7 sps  ETA 3.6h
              R²_rand=0.5621  R²_naive=0.0840  U_t=0.0700  U_b=0.1882  AUC=0.9839  Top1=0.5668
  timing: data=3.2ms  fwd=16.8ms  bwd=12.9ms  total=33.4ms
  -> Saved /home/jupyter/checkpoints_backup/cf-388/pred_moco_sched/ats_pred_moco_sched_best_gap.pth
  -> Saved /home/jupyter/checkpoints_backup/cf-388/pred_moco_sched/ats_pred_moco_sched_best_loss.pth
[    300] loss=4.3205  ema_loss=5.2254  gap=-0.0385  ema_gap=-0.1081  mixup=0/100  9.9 sps  ETA 2.8h
              R²_rand=0.5904  R²_naive=0.1354  U_t=0.0639  U_b=0.2490  AUC=0.9958  Top1=0.7562
  timing: data=4.0ms  fwd=21.1ms  bwd=9.2ms  total=34.8ms
  -> Saved /home/jupyter/checkpoints_backup/cf-388/pred_moco_sched/ats_pred_moco_sched_best_gap.pth
  -> Saved /home/jupyter/checkpoints_backup/cf-388/pred_moco_sched/ats_pred_moco_sched_best_loss.pth
[    400] loss=3.9892  ema_loss=4.6540  gap=0.0040  ema_gap=-0.0583  mixup=0/100  11.6 sps  ETA 2.4h
              R²_rand=0.6409  R²_naive=0.1220  U_t=0.0605  U_b=0.2490  AUC=0.9975  Top1=0.8403
  timing: data=3.6ms  fwd=16.9ms  bwd=11.4ms  total=32.3ms
  -> Saved /home/jupyter/checkpoints_backup/cf-388/pred_moco_sched/ats_pred_moco_sched_best_gap.pth
  -> Saved /home/jupyter/checkpoints_backup/cf-388/pred_moco_sched/ats_pred_moco_sched_best_loss.pth
[    500] loss=4.0490  ema_loss=4.2481  gap=-0.0123  ema_gap=-0.0272  mixup=0/100  12.7 sps  ETA 2.2h
              R²_rand=0.6214  R²_naive=0.0720  U_t=0.0523  U_b=0.2602  AUC=0.9956  Top1=0.8048
  timing: data=3.2ms  fwd=25.1ms  bwd=8.3ms  total=37.1ms
  -> Saved /home/jupyter/checkpoints_backup/cf-388/pred_moco_sched/ats_pred_moco_sched_best_gap.pth
  -> Saved /home/jupyter/checkpoints_backup/cf-388/pred_moco_sched/ats_pred_moco_sched_best_loss.pth
[    600] loss=3.6868  ema_loss=3.9590  gap=-0.0084  ema_gap=-0.0110  mixup=0/100  13.5 sps  ETA 2.0h
              R²_rand=0.6566  R²_naive=-0.0180  U_t=0.0562  U_b=0.2995  AUC=0.9977  Top1=0.8898
  timing: data=3.0ms  fwd=25.1ms  bwd=11.4ms  total=40.1ms
  -> Saved /home/jupyter/checkpoints_backup/cf-388/pred_moco_sched/ats_pred_moco_sched_best_gap.pth
  -> Saved /home/jupyter/checkpoints_backup/cf-388/pred_moco_sched/ats_pred_moco_sched_best_loss.pth
[    700] loss=3.6222  ema_loss=3.7558  gap=-0.0155  ema_gap=-0.0012  mixup=0/100  14.1 sps  ETA 2.0h
              R²_rand=0.6583  R²_naive=-0.0851  U_t=0.0529  U_b=0.2868  AUC=0.9989  Top1=0.9153
  timing: data=3.1ms  fwd=24.8ms  bwd=10.5ms  total=38.8ms
  -> Saved /home/jupyter/checkpoints_backup/cf-388/pred_moco_sched/ats_pred_moco_sched_best_gap.pth
  -> Saved /home/jupyter/checkpoints_backup/cf-388/pred_moco_sched/ats_pred_moco_sched_best_loss.pth
[    800] loss=3.1723  ema_loss=3.5454  gap=0.0241  ema_gap=0.0078  mixup=0/100  14.6 sps  ETA 1.9h
              R²_rand=0.6742  R²_naive=0.0541  U_t=0.0521  U_b=0.3484  AUC=0.9996  Top1=0.9690
  timing: data=3.1ms  fwd=27.0ms  bwd=9.6ms  total=40.2ms
  -> Saved /home/jupyter/checkpoints_backup/cf-388/pred_moco_sched/ats_pred_moco_sched_best_gap.pth
  -> Saved /home/jupyter/checkpoints_backup/cf-388/pred_moco_sched/ats_pred_moco_sched_best_loss.pth
[    900] loss=3.2813  ema_loss=3.3956  gap=-0.0021  ema_gap=0.0115  mixup=0/100  15.1 sps  ETA 1.8h
              R²_rand=0.6841  R²_naive=-0.0124  U_t=0.0533  U_b=0.3406  AUC=0.9993  Top1=0.9651
  timing: data=3.2ms  fwd=25.0ms  bwd=9.9ms  total=38.6ms
  -> Saved /home/jupyter/checkpoints_backup/cf-388/pred_moco_sched/ats_pred_moco_sched_best_gap.pth
  -> Saved /home/jupyter/checkpoints_backup/cf-388/pred_moco_sched/ats_pred_moco_sched_best_loss.pth
[   1000] loss=3.1277  ema_loss=3.2608  gap=-0.0023  ema_gap=0.0141  mixup=0/100  15.4 sps  ETA 1.8h
              R²_rand=0.6937  R²_naive=-0.0377  U_t=0.0478  U_b=0.3578  AUC=0.9996  Top1=0.9702
  timing: data=3.4ms  fwd=25.2ms  bwd=11.0ms  total=40.1ms
  -> Saved /home/jupyter/checkpoints_backup/cf-388/pred_moco_sched/ats_pred_moco_sched_best_gap.pth
  -> Saved /home/jupyter/checkpoints_backup/cf-388/pred_moco_sched/ats_pred_moco_sched_best_loss.pth
[   1100] loss=2.9132  ema_loss=3.1606  gap=0.0444  ema_gap=0.0144  mixup=0/100  15.7 sps  ETA 1.7h
              R²_rand=0.7186  R²_naive=0.0564  U_t=0.0447  U_b=0.3897  AUC=0.9998  Top1=0.9787
  timing: data=3.3ms  fwd=24.7ms  bwd=11.6ms  total=40.1ms
  -> Saved /home/jupyter/checkpoints_backup/cf-388/pred_moco_sched/ats_pred_moco_sched_best_gap.pth
  -> Saved /home/jupyter/checkpoints_backup/cf-388/pred_moco_sched/ats_pred_moco_sched_best_loss.pth
[   1200] loss=3.1092  ema_loss=3.0891  gap=0.0017  ema_gap=0.0150  mixup=0/100  16.0 sps  ETA 1.7h
              R²_rand=0.6952  R²_naive=-0.0994  U_t=0.0477  U_b=0.3574  AUC=0.9996  Top1=0.9790
  timing: data=3.4ms  fwd=25.3ms  bwd=10.3ms  total=39.4ms
  -> Saved /home/jupyter/checkpoints_backup/cf-388/pred_moco_sched/ats_pred_moco_sched_best_gap.pth
  -> Saved /home/jupyter/checkpoints_backup/cf-388/pred_moco_sched/ats_pred_moco_sched_best_loss.pth
[   1300] loss=2.9273  ema_loss=3.0194  gap=0.0253  ema_gap=0.0151  mixup=0/100  14.7 sps  ETA 1.9h
              R²_rand=0.7056  R²_naive=-0.0423  U_t=0.0487  U_b=0.3845  AUC=0.9997  Top1=0.9841
  timing: data=90.2ms  fwd=22.8ms  bwd=9.9ms  total=123.4ms
  -> Saved /home/jupyter/checkpoints_backup/cf-388/pred_moco_sched/ats_pred_moco_sched_best_gap.pth
  -> Saved /home/jupyter/checkpoints_backup/cf-388/pred_moco_sched/ats_pred_moco_sched_best_loss.pth
[   1400] loss=2.8032  ema_loss=2.9585  gap=0.0179  ema_gap=0.0169  mixup=0/100  14.9 sps  ETA 1.8h
              R²_rand=0.7100  R²_naive=-0.0743  U_t=0.0459  U_b=0.4126  AUC=0.9998  Top1=0.9861
  timing: data=3.0ms  fwd=24.9ms  bwd=10.4ms  total=38.9ms
  -> Saved /home/jupyter/checkpoints_backup/cf-388/pred_moco_sched/ats_pred_moco_sched_best_gap.pth
  -> Saved /home/jupyter/checkpoints_backup/cf-388/pred_moco_sched/ats_pred_moco_sched_best_loss.pth
[   1500] loss=3.0294  ema_loss=2.9261  gap=0.0117  ema_gap=0.0181  mixup=0/100  15.2 sps  ETA 1.8h
              R²_rand=0.6805  R²_naive=-0.1931  U_t=0.0452  U_b=0.3814  AUC=0.9989  Top1=0.9381
  timing: data=3.1ms  fwd=25.0ms  bwd=11.1ms  total=39.7ms
  -> Saved /home/jupyter/checkpoints_backup/cf-388/pred_moco_sched/ats_pred_moco_sched_best_gap.pth
  -> Saved /home/jupyter/checkpoints_backup/cf-388/pred_moco_sched/ats_pred_moco_sched_best_loss.pth
[   1600] loss=2.9080  ema_loss=2.8819  gap=0.0063  ema_gap=0.0174  mixup=0/100  15.4 sps  ETA 1.8h
              R²_rand=0.7030  R²_naive=-0.1766  U_t=0.0439  U_b=0.4318  AUC=0.9989  Top1=0.9418
  timing: data=3.4ms  fwd=27.1ms  bwd=10.4ms  total=41.3ms
  -> Saved /home/jupyter/checkpoints_backup/cf-388/pred_moco_sched/ats_pred_moco_sched_best_loss.pth
[   1700] loss=2.6926  ema_loss=2.8297  gap=0.0247  ema_gap=0.0206  mixup=0/100  15.6 sps  ETA 1.8h
              R²_rand=0.6972  R²_naive=-0.1178  U_t=0.0465  U_b=0.4446  AUC=0.9999  Top1=0.9884
  timing: data=3.1ms  fwd=24.7ms  bwd=10.3ms  total=38.7ms
  -> Saved /home/jupyter/checkpoints_backup/cf-388/pred_moco_sched/ats_pred_moco_sched_best_gap.pth
  -> Saved /home/jupyter/checkpoints_backup/cf-388/pred_moco_sched/ats_pred_moco_sched_best_loss.pth
[   1800] loss=2.9083  ema_loss=2.8063  gap=-0.0037  ema_gap=0.0230  mixup=0/100  15.8 sps  ETA 1.7h
              R²_rand=0.7079  R²_naive=-0.2531  U_t=0.0454  U_b=0.4006  AUC=0.9998  Top1=0.9872
  timing: data=3.2ms  fwd=24.9ms  bwd=10.2ms  total=38.8ms
  -> Saved /home/jupyter/checkpoints_backup/cf-388/pred_moco_sched/ats_pred_moco_sched_best_gap.pth
  -> Saved /home/jupyter/checkpoints_backup/cf-388/pred_moco_sched/ats_pred_moco_sched_best_loss.pth
[   1900] loss=2.8614  ema_loss=2.7844  gap=0.0295  ema_gap=0.0259  mixup=0/100  16.0 sps  ETA 1.7h
              R²_rand=0.6980  R²_naive=-0.2061  U_t=0.0417  U_b=0.4308  AUC=0.9988  Top1=0.9412
  timing: data=3.2ms  fwd=24.8ms  bwd=10.3ms  total=38.8ms
  -> Saved /home/jupyter/checkpoints_backup/cf-388/pred_moco_sched/ats_pred_moco_sched_best_gap.pth
  -> Saved /home/jupyter/checkpoints_backup/cf-388/pred_moco_sched/ats_pred_moco_sched_best_loss.pth
[   2000] loss=2.6299  ema_loss=2.7448  gap=0.0314  ema_gap=0.0291  mixup=0/100  16.1 sps  ETA 1.7h
              R²_rand=0.7107  R²_naive=-0.0766  U_t=0.0475  U_b=0.4354  AUC=0.9998  Top1=0.9943
  timing: data=3.2ms  fwd=24.9ms  bwd=10.2ms  total=38.8ms
  -> Saved /home/jupyter/checkpoints_backup/cf-388/pred_moco_sched/ats_pred_moco_sched_best_gap.pth
  -> Saved /home/jupyter/checkpoints_backup/cf-388/pred_moco_sched/ats_pred_moco_sched_best_loss.pth
[   2100] loss=2.8521  ema_loss=2.7379  gap=0.0129  ema_gap=0.0305  mixup=0/100  16.3 sps  ETA 1.7h
              R²_rand=0.7106  R²_naive=-0.2605  U_t=0.0422  U_b=0.3629  AUC=0.9999  Top1=0.9872
  timing: data=3.2ms  fwd=24.7ms  bwd=10.4ms  total=38.7ms
  -> Saved /home/jupyter/checkpoints_backup/cf-388/pred_moco_sched/ats_pred_moco_sched_best_gap.pth
  -> Saved /home/jupyter/checkpoints_backup/cf-388/pred_moco_sched/ats_pred_moco_sched_best_loss.pth
[   2200] loss=2.7538  ema_loss=2.7076  gap=0.0117  ema_gap=0.0303  mixup=0/100  16.4 sps  ETA 1.7h
              R²_rand=0.7186  R²_naive=-0.2744  U_t=0.0439  U_b=0.4099  AUC=0.9999  Top1=0.9875
  timing: data=3.1ms  fwd=24.6ms  bwd=9.9ms  total=38.1ms
  -> Saved /home/jupyter/checkpoints_backup/cf-388/pred_moco_sched/ats_pred_moco_sched_best_loss.pth
[   2300] loss=2.6315  ema_loss=2.7093  gap=0.0407  ema_gap=0.0300  mixup=0/100  16.5 sps  ETA 1.6h
              R²_rand=0.7271  R²_naive=-0.0713  U_t=0.0424  U_b=0.4468  AUC=0.9999  Top1=0.9943
  timing: data=3.2ms  fwd=25.1ms  bwd=10.0ms  total=38.8ms
[   2400] loss=2.5610  ema_loss=2.7036  gap=0.0442  ema_gap=0.0314  mixup=0/100  16.6 sps  ETA 1.6h
              R²_rand=0.7246  R²_naive=-0.0308  U_t=0.0464  U_b=0.4692  AUC=0.9999  Top1=0.9952
  timing: data=3.5ms  fwd=27.1ms  bwd=9.8ms  total=40.9ms
  -> Saved /home/jupyter/checkpoints_backup/cf-388/pred_moco_sched/ats_pred_moco_sched_best_gap.pth
  -> Saved /home/jupyter/checkpoints_backup/cf-388/pred_moco_sched/ats_pred_moco_sched_best_loss.pth
[   2500] loss=2.5593  ema_loss=2.6754  gap=0.0643  ema_gap=0.0330  mixup=0/100  16.3 sps  ETA 1.7h
              R²_rand=0.7254  R²_naive=-0.0214  U_t=0.0427  U_b=0.4501  AUC=0.9999  Top1=0.9929
  timing: data=42.9ms  fwd=23.5ms  bwd=10.4ms  total=77.2ms
  -> Saved /home/jupyter/checkpoints_backup/cf-388/pred_moco_sched/ats_pred_moco_sched_best_gap.pth
  -> Saved /home/jupyter/checkpoints_backup/cf-388/pred_moco_sched/ats_pred_moco_sched_best_loss.pth
[   2600] loss=2.4575  ema_loss=2.6610  gap=0.0556  ema_gap=0.0318  mixup=0/100  16.4 sps  ETA 1.6h
              R²_rand=0.7232  R²_naive=-0.1006  U_t=0.0420  U_b=0.4843  AUC=0.9999  Top1=0.9960
  timing: data=3.5ms  fwd=25.0ms  bwd=11.3ms  total=40.3ms
  -> Saved /home/jupyter/checkpoints_backup/cf-388/pred_moco_sched/ats_pred_moco_sched_best_loss.pth
[   2700] loss=2.6344  ema_loss=2.6493  gap=0.0196  ema_gap=0.0313  mixup=0/100  16.5 sps  ETA 1.6h
              R²_rand=0.7155  R²_naive=-0.1634  U_t=0.0459  U_b=0.4594  AUC=0.9998  Top1=0.9932
  timing: data=3.2ms  fwd=25.0ms  bwd=9.8ms  total=38.5ms
  -> Saved /home/jupyter/checkpoints_backup/cf-388/pred_moco_sched/ats_pred_moco_sched_best_loss.pth
[   2800] loss=2.5029  ema_loss=2.6272  gap=0.0429  ema_gap=0.0349  mixup=0/100  16.7 sps  ETA 1.6h
              R²_rand=0.7280  R²_naive=-0.1166  U_t=0.0442  U_b=0.4642  AUC=0.9999  Top1=0.9926
  timing: data=3.2ms  fwd=25.1ms  bwd=9.6ms  total=38.4ms
  -> Saved /home/jupyter/checkpoints_backup/cf-388/pred_moco_sched/ats_pred_moco_sched_best_gap.pth
  -> Saved /home/jupyter/checkpoints_backup/cf-388/pred_moco_sched/ats_pred_moco_sched_best_loss.pth
[   2900] loss=2.5797  ema_loss=2.6162  gap=0.0422  ema_gap=0.0350  mixup=0/100  16.7 sps  ETA 1.6h
              R²_rand=0.7193  R²_naive=-0.1140  U_t=0.0462  U_b=0.4620  AUC=0.9999  Top1=0.9946
  timing: data=3.2ms  fwd=25.0ms  bwd=9.9ms  total=38.6ms
  -> Saved /home/jupyter/checkpoints_backup/cf-388/pred_moco_sched/ats_pred_moco_sched_best_gap.pth
  -> Saved /home/jupyter/checkpoints_backup/cf-388/pred_moco_sched/ats_pred_moco_sched_best_loss.pth
[   3000] loss=2.8572  ema_loss=2.6140  gap=0.0492  ema_gap=0.0349  mixup=0/100  16.8 sps  ETA 1.6h
              R²_rand=0.7330  R²_naive=-0.1776  U_t=0.0426  U_b=0.4556  AUC=0.9999  Top1=0.9881
  timing: data=3.3ms  fwd=25.5ms  bwd=10.2ms  total=39.5ms
  -> Saved /home/jupyter/checkpoints_backup/cf-388/pred_moco_sched/ats_pred_moco_sched_best_loss.pth
[   3100] loss=2.6455  ema_loss=2.6063  gap=0.0373  ema_gap=0.0349  mixup=0/100  16.9 sps  ETA 1.6h
              R²_rand=0.7153  R²_naive=-0.2156  U_t=0.0437  U_b=0.4739  AUC=0.9999  Top1=0.9946
  timing: data=3.2ms  fwd=25.4ms  bwd=10.0ms  total=39.1ms
  -> Saved /home/jupyter/checkpoints_backup/cf-388/pred_moco_sched/ats_pred_moco_sched_best_loss.pth
[   3200] loss=2.4238  ema_loss=2.5802  gap=0.0451  ema_gap=0.0357  mixup=0/100  17.0 sps  ETA 1.6h
              R²_rand=0.7215  R²_naive=-0.1310  U_t=0.0433  U_b=0.4846  AUC=0.9999  Top1=0.9952
  timing: data=3.4ms  fwd=27.7ms  bwd=10.3ms  total=41.9ms
  -> Saved /home/jupyter/checkpoints_backup/cf-388/pred_moco_sched/ats_pred_moco_sched_best_gap.pth
  -> Saved /home/jupyter/checkpoints_backup/cf-388/pred_moco_sched/ats_pred_moco_sched_best_loss.pth
[   3300] loss=2.4494  ema_loss=2.5734  gap=0.0397  ema_gap=0.0359  mixup=0/100  17.0 sps  ETA 1.6h
              R²_rand=0.7256  R²_naive=-0.1713  U_t=0.0429  U_b=0.5006  AUC=0.9999  Top1=0.9949
  timing: data=3.3ms  fwd=25.4ms  bwd=9.8ms  total=39.0ms
  -> Saved /home/jupyter/checkpoints_backup/cf-388/pred_moco_sched/ats_pred_moco_sched_best_gap.pth
  -> Saved /home/jupyter/checkpoints_backup/cf-388/pred_moco_sched/ats_pred_moco_sched_best_loss.pth
[   3400] loss=2.5696  ema_loss=2.5638  gap=0.0495  ema_gap=0.0350  mixup=0/100  17.1 sps  ETA 1.6h
              R²_rand=0.7254  R²_naive=-0.1354  U_t=0.0435  U_b=0.4688  AUC=0.9995  Top1=0.9901
  timing: data=3.2ms  fwd=25.3ms  bwd=9.6ms  total=38.6ms
  -> Saved /home/jupyter/checkpoints_backup/cf-388/pred_moco_sched/ats_pred_moco_sched_best_loss.pth
[   3500] loss=2.4171  ema_loss=2.5720  gap=0.0506  ema_gap=0.0346  mixup=0/100  17.2 sps  ETA 1.6h
              R²_rand=0.7218  R²_naive=-0.0850  U_t=0.0431  U_b=0.4826  AUC=1.0000  Top1=0.9974
  timing: data=3.3ms  fwd=25.0ms  bwd=10.2ms  total=39.0ms
[   3600] loss=2.5887  ema_loss=2.5588  gap=0.0350  ema_gap=0.0363  mixup=0/100  17.2 sps  ETA 1.6h
              R²_rand=0.7124  R²_naive=-0.2116  U_t=0.0453  U_b=0.4737  AUC=0.9998  Top1=0.9886
  timing: data=3.3ms  fwd=25.1ms  bwd=11.5ms  total=40.4ms
  -> Saved /home/jupyter/checkpoints_backup/cf-388/pred_moco_sched/ats_pred_moco_sched_best_gap.pth
  -> Saved /home/jupyter/checkpoints_backup/cf-388/pred_moco_sched/ats_pred_moco_sched_best_loss.pth
[   3700] loss=2.6355  ema_loss=2.5566  gap=0.0351  ema_gap=0.0369  mixup=0/100  17.3 sps  ETA 1.5h
              R²_rand=0.7108  R²_naive=-0.3057  U_t=0.0435  U_b=0.4701  AUC=0.9991  Top1=0.9435
  timing: data=3.2ms  fwd=25.5ms  bwd=10.9ms  total=40.0ms
  -> Saved /home/jupyter/checkpoints_backup/cf-388/pred_moco_sched/ats_pred_moco_sched_best_gap.pth
  -> Saved /home/jupyter/checkpoints_backup/cf-388/pred_moco_sched/ats_pred_moco_sched_best_loss.pth
[   3800] loss=2.6091  ema_loss=2.5317  gap=0.0314  ema_gap=0.0385  mixup=0/100  16.7 sps  ETA 1.6h
              R²_rand=0.7307  R²_naive=-0.2053  U_t=0.0451  U_b=0.4564  AUC=1.0000  Top1=0.9952
  timing: data=95.3ms  fwd=19.5ms  bwd=13.3ms  total=128.6ms
  -> Saved /home/jupyter/checkpoints_backup/cf-388/pred_moco_sched/ats_pred_moco_sched_best_gap.pth
  -> Saved /home/jupyter/checkpoints_backup/cf-388/pred_moco_sched/ats_pred_moco_sched_best_loss.pth
[   3900] loss=2.4016  ema_loss=2.5337  gap=0.0483  ema_gap=0.0373  mixup=0/100  16.8 sps  ETA 1.6h
              R²_rand=0.7220  R²_naive=-0.1461  U_t=0.0438  U_b=0.4971  AUC=1.0000  Top1=0.9974
  timing: data=3.5ms  fwd=21.8ms  bwd=13.4ms  total=39.2ms
[   4000] loss=2.5488  ema_loss=2.5188  gap=0.0238  ema_gap=0.0386  mixup=0/100  16.8 sps  ETA 1.6h
              R²_rand=0.7173  R²_naive=-0.3098  U_t=0.0462  U_b=0.4649  AUC=0.9999  Top1=0.9929
  timing: data=3.4ms  fwd=25.3ms  bwd=11.8ms  total=41.1ms
  -> Saved /home/jupyter/checkpoints_backup/cf-388/pred_moco_sched/ats_pred_moco_sched_best_gap.pth
  -> Saved /home/jupyter/checkpoints_backup/cf-388/pred_moco_sched/ats_pred_moco_sched_best_loss.pth
[   4100] loss=2.4165  ema_loss=2.5063  gap=0.0441  ema_gap=0.0403  mixup=0/100  16.9 sps  ETA 1.6h
              R²_rand=0.7297  R²_naive=-0.2109  U_t=0.0422  U_b=0.4936  AUC=0.9998  Top1=0.9957
  timing: data=3.6ms  fwd=27.5ms  bwd=11.4ms  total=43.1ms
  -> Saved /home/jupyter/checkpoints_backup/cf-388/pred_moco_sched/ats_pred_moco_sched_best_gap.pth
  -> Saved /home/jupyter/checkpoints_backup/cf-388/pred_moco_sched/ats_pred_moco_sched_best_loss.pth
[   4200] loss=2.4858  ema_loss=2.5096  gap=0.0327  ema_gap=0.0392  mixup=0/100  16.9 sps  ETA 1.6h
              R²_rand=0.7237  R²_naive=-0.1850  U_t=0.0475  U_b=0.4969  AUC=0.9998  Top1=0.9932
  timing: data=3.4ms  fwd=25.3ms  bwd=11.4ms  total=40.6ms
[   4300] loss=2.4814  ema_loss=2.5227  gap=0.0269  ema_gap=0.0373  mixup=0/100  17.0 sps  ETA 1.6h
              R²_rand=0.7220  R²_naive=-0.2103  U_t=0.0459  U_b=0.4792  AUC=0.9999  Top1=0.9949
  timing: data=3.2ms  fwd=25.3ms  bwd=10.2ms  total=39.2ms
[   4400] loss=2.3051  ema_loss=2.5078  gap=0.0554  ema_gap=0.0401  mixup=0/100  17.0 sps  ETA 1.6h
              R²_rand=0.7240  R²_naive=-0.1054  U_t=0.0455  U_b=0.5247  AUC=1.0000  Top1=0.9977
  timing: data=3.3ms  fwd=25.1ms  bwd=9.7ms  total=38.7ms
[   4500] loss=2.5385  ema_loss=2.5054  gap=0.0511  ema_gap=0.0389  mixup=0/100  17.1 sps  ETA 1.6h
              R²_rand=0.7135  R²_naive=-0.1976  U_t=0.0441  U_b=0.4839  AUC=0.9997  Top1=0.9864
  timing: data=3.2ms  fwd=25.4ms  bwd=11.1ms  total=40.3ms
  -> Saved /home/jupyter/checkpoints_backup/cf-388/pred_moco_sched/ats_pred_moco_sched_best_loss.pth
[   4600] loss=2.6093  ema_loss=2.4976  gap=0.0322  ema_gap=0.0369  mixup=0/100  17.1 sps  ETA 1.5h
              R²_rand=0.7094  R²_naive=-0.3796  U_t=0.0422  U_b=0.4818  AUC=0.9989  Top1=0.9520
  timing: data=3.7ms  fwd=25.2ms  bwd=10.9ms  total=40.2ms
  -> Saved /home/jupyter/checkpoints_backup/cf-388/pred_moco_sched/ats_pred_moco_sched_best_loss.pth
[   4700] loss=2.4661  ema_loss=2.4805  gap=0.0295  ema_gap=0.0368  mixup=0/100  17.2 sps  ETA 1.5h
              R²_rand=0.7248  R²_naive=-0.3228  U_t=0.0428  U_b=0.4894  AUC=0.9999  Top1=0.9861
  timing: data=3.4ms  fwd=25.0ms  bwd=10.3ms  total=39.2ms
  -> Saved /home/jupyter/checkpoints_backup/cf-388/pred_moco_sched/ats_pred_moco_sched_best_loss.pth
[   4800] loss=2.4705  ema_loss=2.4962  gap=0.0531  ema_gap=0.0378  mixup=0/100  17.2 sps  ETA 1.5h
              R²_rand=0.7199  R²_naive=-0.1428  U_t=0.0480  U_b=0.4612  AUC=1.0000  Top1=0.9977
  timing: data=3.5ms  fwd=27.2ms  bwd=10.1ms  total=41.2ms
[   4900] loss=2.3859  ema_loss=2.4840  gap=0.0435  ema_gap=0.0380  mixup=0/100  17.3 sps  ETA 1.5h
              R²_rand=0.7318  R²_naive=-0.2569  U_t=0.0430  U_b=0.4997  AUC=0.9999  Top1=0.9972
  timing: data=3.3ms  fwd=25.3ms  bwd=10.3ms  total=39.4ms
[   5000] loss=2.5214  ema_loss=2.4791  gap=0.0358  ema_gap=0.0377  mixup=0/100  16.1 sps  ETA 1.6h
              R²_rand=0.7388  R²_naive=-0.2854  U_t=0.0432  U_b=0.4898  AUC=0.9999  Top1=0.9943
  timing: data=216.6ms  fwd=23.5ms  bwd=10.1ms  total=250.8ms
  -> Saved /home/jupyter/checkpoints_backup/cf-388/pred_moco_sched/ats_pred_moco_sched_best_loss.pth
  -> Saved /home/jupyter/checkpoints_backup/cf-388/pred_moco_sched/ats_pred_moco_sched_5k.pth
[   5100] loss=2.3853  ema_loss=2.4701  gap=0.0564  ema_gap=0.0393  mixup=0/100  16.2 sps  ETA 1.6h
              R²_rand=0.7391  R²_naive=-0.1639  U_t=0.0443  U_b=0.5017  AUC=0.9999  Top1=0.9937
  timing: data=3.5ms  fwd=25.3ms  bwd=11.3ms  total=40.6ms
  -> Saved /home/jupyter/checkpoints_backup/cf-388/pred_moco_sched/ats_pred_moco_sched_best_loss.pth
[   5200] loss=2.4644  ema_loss=2.4698  gap=0.0304  ema_gap=0.0392  mixup=0/100  16.2 sps  ETA 1.6h
              R²_rand=0.7064  R²_naive=-0.3071  U_t=0.0459  U_b=0.4820  AUC=0.9999  Top1=0.9949
  timing: data=3.3ms  fwd=25.3ms  bwd=11.1ms  total=40.1ms
  -> Saved /home/jupyter/checkpoints_backup/cf-388/pred_moco_sched/ats_pred_moco_sched_best_loss.pth
[   5300] loss=2.4462  ema_loss=2.4703  gap=0.0345  ema_gap=0.0390  mixup=0/100  16.3 sps  ETA 1.6h
              R²_rand=0.7229  R²_naive=-0.2262  U_t=0.0467  U_b=0.4897  AUC=0.9999  Top1=0.9932
  timing: data=3.8ms  fwd=25.3ms  bwd=10.3ms  total=39.9ms
[   5400] loss=2.4194  ema_loss=2.4586  gap=0.0342  ema_gap=0.0390  mixup=0/100  16.4 sps  ETA 1.6h
              R²_rand=0.7330  R²_naive=-0.2318  U_t=0.0453  U_b=0.4952  AUC=0.9998  Top1=0.9915
  timing: data=3.4ms  fwd=25.1ms  bwd=8.9ms  total=37.9ms
  -> Saved /home/jupyter/checkpoints_backup/cf-388/pred_moco_sched/ats_pred_moco_sched_best_loss.pth
[   5500] loss=2.4647  ema_loss=2.4671  gap=0.0657  ema_gap=0.0378  mixup=0/100  16.4 sps  ETA 1.6h
              R²_rand=0.7337  R²_naive=-0.1333  U_t=0.0428  U_b=0.4892  AUC=0.9999  Top1=0.9895
  timing: data=3.3ms  fwd=24.9ms  bwd=9.9ms  total=38.5ms
[   5600] loss=2.5683  ema_loss=2.4742  gap=0.0214  ema_gap=0.0363  mixup=0/100  16.5 sps  ETA 1.6h
              R²_rand=0.7065  R²_naive=-0.3703  U_t=0.0454  U_b=0.4590  AUC=0.9998  Top1=0.9872
  timing: data=3.3ms  fwd=25.5ms  bwd=9.3ms  total=38.5ms
[   5700] loss=2.4135  ema_loss=2.4752  gap=0.0316  ema_gap=0.0362  mixup=0/100  16.5 sps  ETA 1.6h
              R²_rand=0.7224  R²_naive=-0.2164  U_t=0.0465  U_b=0.5009  AUC=1.0000  Top1=0.9960
  timing: data=3.4ms  fwd=26.9ms  bwd=10.1ms  total=40.9ms
[   5800] loss=2.3605  ema_loss=2.4640  gap=0.0416  ema_gap=0.0367  mixup=0/100  16.6 sps  ETA 1.6h
              R²_rand=0.7184  R²_naive=-0.2579  U_t=0.0455  U_b=0.4835  AUC=0.9999  Top1=0.9960
  timing: data=3.5ms  fwd=24.9ms  bwd=10.7ms  total=39.6ms
[   5900] loss=2.4294  ema_loss=2.4532  gap=0.0409  ema_gap=0.0367  mixup=0/100  16.6 sps  ETA 1.6h
              R²_rand=0.7269  R²_naive=-0.2284  U_t=0.0457  U_b=0.4732  AUC=0.9999  Top1=0.9972
  timing: data=3.4ms  fwd=25.1ms  bwd=10.3ms  total=39.3ms
  -> Saved /home/jupyter/checkpoints_backup/cf-388/pred_moco_sched/ats_pred_moco_sched_best_loss.pth
[   6000] loss=2.3956  ema_loss=2.4507  gap=0.0463  ema_gap=0.0380  mixup=0/100  16.6 sps  ETA 1.6h
              R²_rand=0.7260  R²_naive=-0.2178  U_t=0.0446  U_b=0.4946  AUC=0.9999  Top1=0.9943
  timing: data=3.3ms  fwd=25.1ms  bwd=10.4ms  total=39.3ms
  -> Saved /home/jupyter/checkpoints_backup/cf-388/pred_moco_sched/ats_pred_moco_sched_best_loss.pth
[   6100] loss=2.4435  ema_loss=2.4599  gap=0.0339  ema_gap=0.0373  mixup=0/100  16.7 sps  ETA 1.6h
              R²_rand=0.7129  R²_naive=-0.2755  U_t=0.0474  U_b=0.4937  AUC=1.0000  Top1=0.9960
  timing: data=3.2ms  fwd=25.1ms  bwd=10.6ms  total=39.4ms
[   6200] loss=2.3517  ema_loss=2.4400  gap=0.0370  ema_gap=0.0373  mixup=0/100  16.7 sps  ETA 1.6h
              R²_rand=0.7291  R²_naive=-0.2805  U_t=0.0443  U_b=0.5052  AUC=1.0000  Top1=0.9963
  timing: data=3.3ms  fwd=24.9ms  bwd=11.0ms  total=39.8ms
  -> Saved /home/jupyter/checkpoints_backup/cf-388/pred_moco_sched/ats_pred_moco_sched_best_loss.pth
[   6300] loss=2.3250  ema_loss=2.4315  gap=0.0569  ema_gap=0.0397  mixup=0/100  16.3 sps  ETA 1.6h
              R²_rand=0.7391  R²_naive=-0.2257  U_t=0.0449  U_b=0.4920  AUC=0.9999  Top1=0.9977
  timing: data=123.1ms  fwd=23.9ms  bwd=12.0ms  total=159.4ms
  -> Saved /home/jupyter/checkpoints_backup/cf-388/pred_moco_sched/ats_pred_moco_sched_best_loss.pth
[   6400] loss=2.7213  ema_loss=2.4382  gap=0.0227  ema_gap=0.0378  mixup=0/100  16.3 sps  ETA 1.6h
              R²_rand=0.6937  R²_naive=-0.5203  U_t=0.0446  U_b=0.4735  AUC=0.9988  Top1=0.9386
  timing: data=3.2ms  fwd=25.2ms  bwd=11.7ms  total=40.6ms
[   6500] loss=2.3933  ema_loss=2.4363  gap=0.0332  ema_gap=0.0379  mixup=0/100  16.3 sps  ETA 1.6h
              R²_rand=0.7284  R²_naive=-0.3021  U_t=0.0458  U_b=0.4975  AUC=0.9999  Top1=0.9955
  timing: data=3.3ms  fwd=27.2ms  bwd=10.0ms  total=41.0ms
[   6600] loss=2.3836  ema_loss=2.4235  gap=0.0256  ema_gap=0.0366  mixup=0/100  16.4 sps  ETA 1.6h
              R²_rand=0.7204  R²_naive=-0.2934  U_t=0.0490  U_b=0.4997  AUC=0.9999  Top1=0.9949
  timing: data=3.4ms  fwd=25.1ms  bwd=10.3ms  total=39.3ms
  -> Saved /home/jupyter/checkpoints_backup/cf-388/pred_moco_sched/ats_pred_moco_sched_best_loss.pth
[   6700] loss=2.2728  ema_loss=2.4224  gap=0.0518  ema_gap=0.0374  mixup=0/100  16.4 sps  ETA 1.6h
              R²_rand=0.7298  R²_naive=-0.1674  U_t=0.0453  U_b=0.5131  AUC=0.9999  Top1=0.9960
  timing: data=3.2ms  fwd=24.9ms  bwd=10.7ms  total=39.3ms
  -> Saved /home/jupyter/checkpoints_backup/cf-388/pred_moco_sched/ats_pred_moco_sched_best_loss.pth
[   6800] loss=2.3782  ema_loss=2.4292  gap=0.0625  ema_gap=0.0369  mixup=0/100  16.5 sps  ETA 1.6h
              R²_rand=0.7329  R²_naive=-0.2138  U_t=0.0413  U_b=0.4967  AUC=0.9998  Top1=0.9901
  timing: data=3.3ms  fwd=25.3ms  bwd=9.8ms  total=38.8ms
[   6900] loss=2.2829  ema_loss=2.4174  gap=0.0677  ema_gap=0.0403  mixup=0/100  16.5 sps  ETA 1.6h
              R²_rand=0.7340  R²_naive=-0.1097  U_t=0.0464  U_b=0.4989  AUC=1.0000  Top1=0.9952
  timing: data=3.3ms  fwd=25.1ms  bwd=9.4ms  total=38.2ms
  -> Saved /home/jupyter/checkpoints_backup/cf-388/pred_moco_sched/ats_pred_moco_sched_best_gap.pth
  -> Saved /home/jupyter/checkpoints_backup/cf-388/pred_moco_sched/ats_pred_moco_sched_best_loss.pth
[   7000] loss=2.4134  ema_loss=2.4259  gap=0.0284  ema_gap=0.0380  mixup=0/100  16.6 sps  ETA 1.6h
              R²_rand=0.7086  R²_naive=-0.3691  U_t=0.0492  U_b=0.4799  AUC=0.9999  Top1=0.9935
  timing: data=3.3ms  fwd=23.5ms  bwd=11.4ms  total=38.6ms
[   7100] loss=2.3099  ema_loss=2.4279  gap=0.0569  ema_gap=0.0369  mixup=0/100  16.6 sps  ETA 1.6h
              R²_rand=0.7361  R²_naive=-0.1573  U_t=0.0463  U_b=0.4984  AUC=0.9999  Top1=0.9952
  timing: data=3.0ms  fwd=21.0ms  bwd=14.6ms  total=39.1ms
[   7200] loss=2.4745  ema_loss=2.4183  gap=0.0313  ema_gap=0.0375  mixup=0/100  16.7 sps  ETA 1.5h
              R²_rand=0.7286  R²_naive=-0.3150  U_t=0.0466  U_b=0.4925  AUC=0.9999  Top1=0.9963
  timing: data=2.9ms  fwd=21.0ms  bwd=13.4ms  total=37.9ms
[   7300] loss=2.4102  ema_loss=2.4184  gap=0.0401  ema_gap=0.0376  mixup=0/100  16.7 sps  ETA 1.5h
              R²_rand=0.7258  R²_naive=-0.3478  U_t=0.0450  U_b=0.5140  AUC=0.9995  Top1=0.9614
  timing: data=3.1ms  fwd=23.3ms  bwd=13.1ms  total=40.0ms
[   7400] loss=2.5019  ema_loss=2.4076  gap=0.0415  ema_gap=0.0364  mixup=0/100  16.8 sps  ETA 1.5h
              R²_rand=0.7345  R²_naive=-0.2327  U_t=0.0464  U_b=0.5156  AUC=0.9999  Top1=0.9963
  timing: data=3.0ms  fwd=21.0ms  bwd=14.7ms  total=39.1ms
  -> Saved /home/jupyter/checkpoints_backup/cf-388/pred_moco_sched/ats_pred_moco_sched_best_loss.pth
[   7500] loss=2.5714  ema_loss=2.4044  gap=0.0423  ema_gap=0.0359  mixup=0/100  16.4 sps  ETA 1.6h
              R²_rand=0.7322  R²_naive=-0.2718  U_t=0.0460  U_b=0.5005  AUC=0.9999  Top1=0.9889
  timing: data=122.7ms  fwd=19.0ms  bwd=13.1ms  total=155.2ms
  -> Saved /home/jupyter/checkpoints_backup/cf-388/pred_moco_sched/ats_pred_moco_sched_best_loss.pth
[   7600] loss=2.5919  ema_loss=2.3963  gap=0.0364  ema_gap=0.0366  mixup=0/100  16.5 sps  ETA 1.6h
              R²_rand=0.7217  R²_naive=-0.3332  U_t=0.0441  U_b=0.5116  AUC=0.9997  Top1=0.9673
  timing: data=3.1ms  fwd=23.0ms  bwd=10.3ms  total=36.9ms
  -> Saved /home/jupyter/checkpoints_backup/cf-388/pred_moco_sched/ats_pred_moco_sched_best_loss.pth
[   7700] loss=2.4840  ema_loss=2.3939  gap=0.0261  ema_gap=0.0377  mixup=0/100  16.5 sps  ETA 1.6h
              R²_rand=0.7149  R²_naive=-0.4104  U_t=0.0493  U_b=0.4974  AUC=0.9999  Top1=0.9923
  timing: data=3.3ms  fwd=23.2ms  bwd=13.8ms  total=40.9ms
  -> Saved /home/jupyter/checkpoints_backup/cf-388/pred_moco_sched/ats_pred_moco_sched_best_loss.pth
[   7800] loss=2.5354  ema_loss=2.3922  gap=0.0066  ema_gap=0.0370  mixup=0/100  16.5 sps  ETA 1.5h
              R²_rand=0.7111  R²_naive=-0.4630  U_t=0.0465  U_b=0.4959  AUC=0.9999  Top1=0.9972
  timing: data=3.1ms  fwd=24.8ms  bwd=10.0ms  total=38.4ms
  -> Saved /home/jupyter/checkpoints_backup/cf-388/pred_moco_sched/ats_pred_moco_sched_best_loss.pth
[   7900] loss=2.2842  ema_loss=2.3928  gap=0.0498  ema_gap=0.0388  mixup=0/100  16.6 sps  ETA 1.5h
              R²_rand=0.7328  R²_naive=-0.2312  U_t=0.0451  U_b=0.5172  AUC=1.0000  Top1=0.9972
  timing: data=3.2ms  fwd=24.6ms  bwd=10.1ms  total=38.3ms
[   8000] loss=2.2996  ema_loss=2.3851  gap=0.0369  ema_gap=0.0389  mixup=0/100  16.6 sps  ETA 1.5h
              R²_rand=0.7277  R²_naive=-0.2442  U_t=0.0484  U_b=0.5250  AUC=0.9999  Top1=0.9972
  timing: data=3.3ms  fwd=23.0ms  bwd=12.2ms  total=39.0ms
  -> Saved /home/jupyter/checkpoints_backup/cf-388/pred_moco_sched/ats_pred_moco_sched_best_loss.pth
[   8100] loss=2.4724  ema_loss=2.3828  gap=0.0227  ema_gap=0.0380  mixup=0/100  16.6 sps  ETA 1.5h
              R²_rand=0.7177  R²_naive=-0.3688  U_t=0.0464  U_b=0.5028  AUC=0.9999  Top1=0.9892
  timing: data=3.4ms  fwd=27.0ms  bwd=9.6ms  total=40.5ms
  -> Saved /home/jupyter/checkpoints_backup/cf-388/pred_moco_sched/ats_pred_moco_sched_best_loss.pth
[   8200] loss=2.3080  ema_loss=2.4007  gap=0.0432  ema_gap=0.0365  mixup=0/100  16.7 sps  ETA 1.5h
              R²_rand=0.7200  R²_naive=-0.3121  U_t=0.0451  U_b=0.5116  AUC=0.9999  Top1=0.9966
  timing: data=3.3ms  fwd=25.1ms  bwd=10.0ms  total=38.9ms
[   8300] loss=2.3849  ema_loss=2.4036  gap=0.0373  ema_gap=0.0364  mixup=0/100  16.7 sps  ETA 1.5h
              R²_rand=0.7316  R²_naive=-0.3019  U_t=0.0486  U_b=0.4929  AUC=0.9999  Top1=0.9929
  timing: data=3.5ms  fwd=24.8ms  bwd=11.0ms  total=39.8ms
[   8400] loss=2.2905  ema_loss=2.4064  gap=0.0497  ema_gap=0.0364  mixup=0/100  16.7 sps  ETA 1.5h
              R²_rand=0.7126  R²_naive=-0.2355  U_t=0.0480  U_b=0.5049  AUC=1.0000  Top1=0.9969
  timing: data=3.7ms  fwd=25.3ms  bwd=10.4ms  total=39.9ms
[   8500] loss=2.4142  ema_loss=2.4002  gap=0.0164  ema_gap=0.0354  mixup=0/100  16.8 sps  ETA 1.5h
              R²_rand=0.7187  R²_naive=-0.3764  U_t=0.0521  U_b=0.4873  AUC=0.9999  Top1=0.9955
  timing: data=3.4ms  fwd=25.3ms  bwd=10.0ms  total=39.3ms
[   8600] loss=2.3844  ema_loss=2.3889  gap=0.0426  ema_gap=0.0346  mixup=0/100  16.8 sps  ETA 1.5h
              R²_rand=0.7358  R²_naive=-0.2441  U_t=0.0510  U_b=0.5054  AUC=0.9999  Top1=0.9960
  timing: data=3.2ms  fwd=25.1ms  bwd=11.0ms  total=39.8ms
[   8700] loss=2.3735  ema_loss=2.3784  gap=0.0173  ema_gap=0.0367  mixup=0/100  16.8 sps  ETA 1.5h
              R²_rand=0.7205  R²_naive=-0.4163  U_t=0.0464  U_b=0.5215  AUC=1.0000  Top1=0.9969
  timing: data=3.2ms  fwd=25.1ms  bwd=10.8ms  total=39.6ms
  -> Saved /home/jupyter/checkpoints_backup/cf-388/pred_moco_sched/ats_pred_moco_sched_best_loss.pth
[   8800] loss=2.3006  ema_loss=2.3836  gap=0.0364  ema_gap=0.0357  mixup=0/100  16.6 sps  ETA 1.5h
              R²_rand=0.7266  R²_naive=-0.2886  U_t=0.0482  U_b=0.5391  AUC=0.9999  Top1=0.9960
  timing: data=74.6ms  fwd=23.2ms  bwd=11.6ms  total=110.0ms
[   8900] loss=2.3915  ema_loss=2.3856  gap=0.0296  ema_gap=0.0351  mixup=0/100  16.7 sps  ETA 1.5h
              R²_rand=0.7258  R²_naive=-0.3162  U_t=0.0520  U_b=0.5066  AUC=1.0000  Top1=0.9960
  timing: data=3.5ms  fwd=25.4ms  bwd=11.5ms  total=40.8ms
[   9000] loss=2.3694  ema_loss=2.3917  gap=0.0250  ema_gap=0.0340  mixup=0/100  16.7 sps  ETA 1.5h
              R²_rand=0.7213  R²_naive=-0.3452  U_t=0.0487  U_b=0.5035  AUC=0.9999  Top1=0.9949
  timing: data=3.4ms  fwd=27.0ms  bwd=10.5ms  total=41.5ms
[   9100] loss=2.4714  ema_loss=2.3948  gap=0.0243  ema_gap=0.0331  mixup=0/100  16.7 sps  ETA 1.5h
              R²_rand=0.7199  R²_naive=-0.3300  U_t=0.0488  U_b=0.4982  AUC=0.9998  Top1=0.9955
  timing: data=3.4ms  fwd=25.3ms  bwd=10.9ms  total=40.1ms
[   9200] loss=2.3604  ema_loss=2.3933  gap=0.0328  ema_gap=0.0337  mixup=0/100  16.7 sps  ETA 1.5h
              R²_rand=0.7234  R²_naive=-0.2717  U_t=0.0489  U_b=0.5153  AUC=0.9999  Top1=0.9943
  timing: data=3.3ms  fwd=25.5ms  bwd=12.3ms  total=41.6ms
[   9300] loss=2.3634  ema_loss=2.3892  gap=0.0369  ema_gap=0.0328  mixup=0/100  16.8 sps  ETA 1.5h
              R²_rand=0.7292  R²_naive=-0.2627  U_t=0.0502  U_b=0.5147  AUC=0.9999  Top1=0.9949
  timing: data=3.6ms  fwd=25.1ms  bwd=9.9ms  total=39.2ms
[   9400] loss=2.3639  ema_loss=2.3986  gap=0.0408  ema_gap=0.0322  mixup=0/100  16.8 sps  ETA 1.5h
              R²_rand=0.7292  R²_naive=-0.2558  U_t=0.0490  U_b=0.5192  AUC=0.9999  Top1=0.9937
  timing: data=3.5ms  fwd=25.2ms  bwd=10.4ms  total=39.6ms
[   9500] loss=2.4431  ema_loss=2.4043  gap=0.0286  ema_gap=0.0310  mixup=0/100  16.8 sps  ETA 1.5h
              R²_rand=0.7313  R²_naive=-0.3339  U_t=0.0489  U_b=0.5274  AUC=0.9998  Top1=0.9878
  timing: data=3.5ms  fwd=25.0ms  bwd=11.5ms  total=40.5ms
[   9600] loss=2.2911  ema_loss=2.4075  gap=0.0369  ema_gap=0.0316  mixup=0/100  16.9 sps  ETA 1.5h
              R²_rand=0.7301  R²_naive=-0.3009  U_t=0.0501  U_b=0.5308  AUC=1.0000  Top1=0.9969
  timing: data=3.3ms  fwd=25.1ms  bwd=10.9ms  total=39.9ms
[   9700] loss=2.3087  ema_loss=2.3876  gap=0.0400  ema_gap=0.0334  mixup=0/100  16.9 sps  ETA 1.5h
              R²_rand=0.7249  R²_naive=-0.3828  U_t=0.0434  U_b=0.5287  AUC=0.9994  Top1=0.9628
  timing: data=3.2ms  fwd=25.4ms  bwd=10.4ms  total=39.5ms
[   9800] loss=2.3977  ema_loss=2.3876  gap=0.0227  ema_gap=0.0326  mixup=0/100  16.9 sps  ETA 1.5h
              R²_rand=0.7069  R²_naive=-0.4182  U_t=0.0449  U_b=0.5058  AUC=0.9998  Top1=0.9912
  timing: data=3.4ms  fwd=27.3ms  bwd=9.8ms  total=41.0ms
[   9900] loss=2.5412  ema_loss=2.3882  gap=0.0174  ema_gap=0.0327  mixup=0/100  16.9 sps  ETA 1.5h
              R²_rand=0.7230  R²_naive=-0.3772  U_t=0.0494  U_b=0.5056  AUC=0.9997  Top1=0.9764
  timing: data=3.5ms  fwd=25.6ms  bwd=10.9ms  total=40.5ms
[  10000] loss=2.3562  ema_loss=2.3868  gap=0.0346  ema_gap=0.0339  mixup=0/100  16.4 sps  ETA 1.5h
              R²_rand=0.7266  R²_naive=-0.3290  U_t=0.0504  U_b=0.5067  AUC=0.9999  Top1=0.9920
  timing: data=202.5ms  fwd=22.9ms  bwd=10.6ms  total=236.5ms
  -> Saved /home/jupyter/checkpoints_backup/cf-388/pred_moco_sched/ats_pred_moco_sched_10k.pth
[  10100] loss=2.2969  ema_loss=2.3793  gap=0.0465  ema_gap=0.0336  mixup=0/100  16.4 sps  ETA 1.5h
              R²_rand=0.7269  R²_naive=-0.2985  U_t=0.0461  U_b=0.5108  AUC=0.9999  Top1=0.9955
  timing: data=3.3ms  fwd=25.5ms  bwd=10.6ms  total=39.9ms
[  10200] loss=2.3556  ema_loss=2.3717  gap=0.0260  ema_gap=0.0333  mixup=0/100  16.4 sps  ETA 1.5h
              R²_rand=0.7259  R²_naive=-0.3406  U_t=0.0494  U_b=0.5176  AUC=0.9999  Top1=0.9952
  timing: data=3.1ms  fwd=25.1ms  bwd=10.6ms  total=39.4ms
  -> Saved /home/jupyter/checkpoints_backup/cf-388/pred_moco_sched/ats_pred_moco_sched_best_loss.pth
[  10300] loss=2.2516  ema_loss=2.3758  gap=0.0317  ema_gap=0.0328  mixup=0/100  16.5 sps  ETA 1.5h
              R²_rand=0.7220  R²_naive=-0.3175  U_t=0.0515  U_b=0.5455  AUC=0.9997  Top1=0.9963
  timing: data=3.1ms  fwd=24.9ms  bwd=11.0ms  total=39.5ms
[  10400] loss=2.6004  ema_loss=2.3853  gap=0.0053  ema_gap=0.0323  mixup=0/100  16.5 sps  ETA 1.5h
              R²_rand=0.7072  R²_naive=-0.4588  U_t=0.0516  U_b=0.4858  AUC=0.9998  Top1=0.9895
  timing: data=3.3ms  fwd=25.1ms  bwd=11.6ms  total=40.5ms
[  10500] loss=2.3090  ema_loss=2.3843  gap=0.0422  ema_gap=0.0321  mixup=0/100  16.5 sps  ETA 1.5h
              R²_rand=0.7269  R²_naive=-0.3516  U_t=0.0467  U_b=0.5326  AUC=0.9998  Top1=0.9915
  timing: data=3.4ms  fwd=25.1ms  bwd=9.8ms  total=38.7ms
[  10600] loss=2.2965  ema_loss=2.3813  gap=0.0295  ema_gap=0.0327  mixup=0/100  16.6 sps  ETA 1.5h
              R²_rand=0.7258  R²_naive=-0.3616  U_t=0.0496  U_b=0.5281  AUC=0.9999  Top1=0.9918
  timing: data=3.4ms  fwd=26.9ms  bwd=9.6ms  total=40.3ms
[  10700] loss=2.3270  ema_loss=2.3779  gap=0.0356  ema_gap=0.0311  mixup=0/100  16.6 sps  ETA 1.5h
              R²_rand=0.7242  R²_naive=-0.2844  U_t=0.0470  U_b=0.5211  AUC=0.9999  Top1=0.9940
  timing: data=3.3ms  fwd=24.8ms  bwd=9.7ms  total=38.4ms
[  10800] loss=2.2924  ema_loss=2.3697  gap=0.0417  ema_gap=0.0305  mixup=0/100  16.6 sps  ETA 1.5h
              R²_rand=0.7266  R²_naive=-0.2679  U_t=0.0489  U_b=0.5354  AUC=0.9999  Top1=0.9949
  timing: data=3.4ms  fwd=24.9ms  bwd=10.6ms  total=39.4ms
  -> Saved /home/jupyter/checkpoints_backup/cf-388/pred_moco_sched/ats_pred_moco_sched_best_loss.pth
[  10900] loss=2.4134  ema_loss=2.3724  gap=0.0305  ema_gap=0.0294  mixup=0/100  16.7 sps  ETA 1.5h
              R²_rand=0.7239  R²_naive=-0.3288  U_t=0.0520  U_b=0.5181  AUC=0.9999  Top1=0.9926
  timing: data=2.9ms  fwd=20.7ms  bwd=10.0ms  total=34.1ms
[  11000] loss=2.5914  ema_loss=2.3790  gap=0.0074  ema_gap=0.0284  mixup=0/100  16.7 sps  ETA 1.5h
              R²_rand=0.7138  R²_naive=-0.4885  U_t=0.0508  U_b=0.4856  AUC=0.9999  Top1=0.9909
  timing: data=2.9ms  fwd=20.7ms  bwd=9.9ms  total=34.0ms
[  11100] loss=2.2886  ema_loss=2.3736  gap=0.0331  ema_gap=0.0270  mixup=0/100  16.7 sps  ETA 1.5h
              R²_rand=0.7391  R²_naive=-0.3118  U_t=0.0501  U_b=0.5203  AUC=0.9999  Top1=0.9963
  timing: data=3.3ms  fwd=24.5ms  bwd=9.7ms  total=38.0ms
[  11200] loss=2.4149  ema_loss=2.3677  gap=0.0352  ema_gap=0.0270  mixup=0/100  16.8 sps  ETA 1.5h
              R²_rand=0.7109  R²_naive=-0.4325  U_t=0.0461  U_b=0.5257  AUC=0.9997  Top1=0.9713
  timing: data=3.4ms  fwd=25.5ms  bwd=10.3ms  total=39.7ms
  -> Saved /home/jupyter/checkpoints_backup/cf-388/pred_moco_sched/ats_pred_moco_sched_best_loss.pth
[  11300] loss=2.4281  ema_loss=2.3682  gap=0.0381  ema_gap=0.0278  mixup=0/100  16.5 sps  ETA 1.5h
              R²_rand=0.7390  R²_naive=-0.2770  U_t=0.0510  U_b=0.5118  AUC=1.0000  Top1=0.9960
  timing: data=118.6ms  fwd=23.0ms  bwd=10.3ms  total=152.4ms
[  11400] loss=2.3143  ema_loss=2.3740  gap=0.0311  ema_gap=0.0287  mixup=0/100  16.5 sps  ETA 1.5h
              R²_rand=0.7152  R²_naive=-0.3191  U_t=0.0516  U_b=0.5236  AUC=0.9999  Top1=0.9935
  timing: data=3.6ms  fwd=24.9ms  bwd=9.7ms  total=38.7ms
[  11500] loss=2.4085  ema_loss=2.3805  gap=0.0312  ema_gap=0.0265  mixup=0/100  16.6 sps  ETA 1.5h
              R²_rand=0.7194  R²_naive=-0.3101  U_t=0.0512  U_b=0.5024  AUC=0.9998  Top1=0.9835
  timing: data=3.5ms  fwd=27.1ms  bwd=9.8ms  total=40.8ms
[  11600] loss=2.5211  ema_loss=2.3832  gap=0.0300  ema_gap=0.0264  mixup=0/100  16.6 sps  ETA 1.5h
              R²_rand=0.7175  R²_naive=-0.3552  U_t=0.0511  U_b=0.4946  AUC=0.9999  Top1=0.9895
  timing: data=3.3ms  fwd=25.1ms  bwd=10.0ms  total=38.8ms
[  11700] loss=2.4272  ema_loss=2.3560  gap=0.0399  ema_gap=0.0268  mixup=0/100  16.6 sps  ETA 1.5h
              R²_rand=0.7319  R²_naive=-0.3674  U_t=0.0470  U_b=0.5196  AUC=0.9997  Top1=0.9716
  timing: data=3.0ms  fwd=24.9ms  bwd=11.5ms  total=39.9ms
  -> Saved /home/jupyter/checkpoints_backup/cf-388/pred_moco_sched/ats_pred_moco_sched_best_loss.pth
[  11800] loss=2.3525  ema_loss=2.3613  gap=0.0289  ema_gap=0.0269  mixup=0/100  16.6 sps  ETA 1.5h
              R²_rand=0.7219  R²_naive=-0.4415  U_t=0.0460  U_b=0.5100  AUC=0.9996  Top1=0.9798
  timing: data=3.3ms  fwd=25.2ms  bwd=10.8ms  total=39.8ms
[  11900] loss=2.4399  ema_loss=2.3546  gap=0.0394  ema_gap=0.0287  mixup=0/100  16.7 sps  ETA 1.5h
              R²_rand=0.7230  R²_naive=-0.3828  U_t=0.0456  U_b=0.5212  AUC=0.9989  Top1=0.9452
  timing: data=3.5ms  fwd=25.1ms  bwd=10.1ms  total=39.2ms
  -> Saved /home/jupyter/checkpoints_backup/cf-388/pred_moco_sched/ats_pred_moco_sched_best_loss.pth
[  12000] loss=2.2679  ema_loss=2.3539  gap=0.0378  ema_gap=0.0279  mixup=0/100  16.7 sps  ETA 1.5h
              R²_rand=0.7368  R²_naive=-0.2433  U_t=0.0490  U_b=0.5244  AUC=1.0000  Top1=0.9980
  timing: data=3.5ms  fwd=25.7ms  bwd=9.9ms  total=39.6ms
  -> Saved /home/jupyter/checkpoints_backup/cf-388/pred_moco_sched/ats_pred_moco_sched_best_loss.pth
[  12100] loss=2.2313  ema_loss=2.3514  gap=0.0397  ema_gap=0.0277  mixup=0/100  16.7 sps  ETA 1.5h
              R²_rand=0.7222  R²_naive=-0.2744  U_t=0.0532  U_b=0.5423  AUC=0.9999  Top1=0.9943
  timing: data=3.4ms  fwd=25.5ms  bwd=9.5ms  total=38.9ms
  -> Saved /home/jupyter/checkpoints_backup/cf-388/pred_moco_sched/ats_pred_moco_sched_best_loss.pth
[  12200] loss=2.3090  ema_loss=2.3575  gap=0.0380  ema_gap=0.0270  mixup=0/100  16.7 sps  ETA 1.5h
              R²_rand=0.7384  R²_naive=-0.3063  U_t=0.0494  U_b=0.5159  AUC=1.0000  Top1=0.9969
  timing: data=3.5ms  fwd=26.7ms  bwd=10.2ms  total=40.8ms
[  12300] loss=2.4803  ema_loss=2.3617  gap=0.0160  ema_gap=0.0274  mixup=0/100  16.7 sps  ETA 1.5h
              R²_rand=0.7197  R²_naive=-0.4761  U_t=0.0487  U_b=0.5109  AUC=0.9994  Top1=0.9597
  timing: data=3.4ms  fwd=25.2ms  bwd=9.7ms  total=38.7ms
[  12400] loss=2.3449  ema_loss=2.3738  gap=0.0249  ema_gap=0.0251  mixup=0/100  16.8 sps  ETA 1.5h
              R²_rand=0.7175  R²_naive=-0.3500  U_t=0.0500  U_b=0.5355  AUC=0.9999  Top1=0.9966
  timing: data=3.4ms  fwd=25.6ms  bwd=9.8ms  total=39.3ms
[  12500] loss=2.3972  ema_loss=2.3692  gap=0.0132  ema_gap=0.0256  mixup=0/100  16.6 sps  ETA 1.5h
              R²_rand=0.7216  R²_naive=-0.4720  U_t=0.0493  U_b=0.5195  AUC=0.9998  Top1=0.9884
  timing: data=89.4ms  fwd=23.2ms  bwd=9.6ms  total=122.6ms
[  12600] loss=2.2838  ema_loss=2.3526  gap=0.0384  ema_gap=0.0271  mixup=0/100  16.6 sps  ETA 1.5h
              R²_rand=0.7367  R²_naive=-0.2718  U_t=0.0483  U_b=0.5321  AUC=0.9999  Top1=0.9932
  timing: data=3.1ms  fwd=25.2ms  bwd=9.4ms  total=38.3ms
[  12700] loss=2.3371  ema_loss=2.3523  gap=0.0187  ema_gap=0.0259  mixup=0/100  16.6 sps  ETA 1.5h
              R²_rand=0.7208  R²_naive=-0.3887  U_t=0.0510  U_b=0.5136  AUC=0.9998  Top1=0.9926
  timing: data=3.3ms  fwd=25.0ms  bwd=9.7ms  total=38.5ms
[  12800] loss=2.3443  ema_loss=2.3480  gap=0.0306  ema_gap=0.0265  mixup=0/100  16.7 sps  ETA 1.5h
              R²_rand=0.7341  R²_naive=-0.3801  U_t=0.0479  U_b=0.5237  AUC=0.9999  Top1=0.9878
  timing: data=3.2ms  fwd=25.3ms  bwd=10.2ms  total=39.2ms
  -> Saved /home/jupyter/checkpoints_backup/cf-388/pred_moco_sched/ats_pred_moco_sched_best_loss.pth
[  12900] loss=2.3352  ema_loss=2.3516  gap=0.0337  ema_gap=0.0256  mixup=0/100  16.7 sps  ETA 1.5h
              R²_rand=0.7324  R²_naive=-0.2736  U_t=0.0502  U_b=0.5359  AUC=0.9999  Top1=0.9966
  timing: data=3.3ms  fwd=25.2ms  bwd=10.0ms  total=39.0ms
[  13000] loss=2.3696  ema_loss=2.3603  gap=0.0340  ema_gap=0.0238  mixup=0/100  16.7 sps  ETA 1.4h
              R²_rand=0.7321  R²_naive=-0.3655  U_t=0.0485  U_b=0.5404  AUC=0.9997  Top1=0.9903
  timing: data=3.0ms  fwd=25.0ms  bwd=11.4ms  total=39.9ms
[  13100] loss=2.3725  ema_loss=2.3663  gap=0.0316  ema_gap=0.0237  mixup=0/100  16.7 sps  ETA 1.4h
              R²_rand=0.7244  R²_naive=-0.3384  U_t=0.0501  U_b=0.5226  AUC=0.9999  Top1=0.9926
  timing: data=2.9ms  fwd=26.8ms  bwd=14.1ms  total=44.3ms
[  13200] loss=2.3232  ema_loss=2.3759  gap=0.0106  ema_gap=0.0218  mixup=0/100  16.7 sps  ETA 1.4h
              R²_rand=0.7156  R²_naive=-0.4530  U_t=0.0513  U_b=0.5294  AUC=0.9999  Top1=0.9940
  timing: data=3.2ms  fwd=24.9ms  bwd=10.6ms  total=39.1ms
[  13300] loss=2.5459  ema_loss=2.3695  gap=0.0279  ema_gap=0.0227  mixup=0/100  16.8 sps  ETA 1.4h
              R²_rand=0.7163  R²_naive=-0.3351  U_t=0.0511  U_b=0.5090  AUC=0.9998  Top1=0.9937
  timing: data=3.0ms  fwd=25.0ms  bwd=11.0ms  total=39.4ms
[  13400] loss=2.4241  ema_loss=2.3666  gap=0.0177  ema_gap=0.0231  mixup=0/100  16.8 sps  ETA 1.4h
              R²_rand=0.7259  R²_naive=-0.3743  U_t=0.0511  U_b=0.5086  AUC=0.9999  Top1=0.9940
  timing: data=3.1ms  fwd=25.0ms  bwd=9.8ms  total=38.4ms
[  13500] loss=2.4862  ema_loss=2.3692  gap=0.0259  ema_gap=0.0230  mixup=0/100  16.8 sps  ETA 1.4h
              R²_rand=0.7156  R²_naive=-0.5268  U_t=0.0455  U_b=0.5196  AUC=0.9988  Top1=0.9426
  timing: data=3.3ms  fwd=25.6ms  bwd=10.0ms  total=39.4ms
[  13600] loss=2.4214  ema_loss=2.3617  gap=0.0225  ema_gap=0.0238  mixup=0/100  16.8 sps  ETA 1.4h
              R²_rand=0.7214  R²_naive=-0.3672  U_t=0.0520  U_b=0.5013  AUC=0.9998  Top1=0.9869
  timing: data=3.5ms  fwd=25.0ms  bwd=9.9ms  total=38.8ms
[  13700] loss=2.3131  ema_loss=2.3556  gap=0.0158  ema_gap=0.0224  mixup=0/100  16.8 sps  ETA 1.4h
              R²_rand=0.7243  R²_naive=-0.4252  U_t=0.0504  U_b=0.5326  AUC=0.9999  Top1=0.9955
  timing: data=3.2ms  fwd=25.1ms  bwd=9.8ms  total=38.5ms
[  13800] loss=2.3471  ema_loss=2.3392  gap=0.0185  ema_gap=0.0230  mixup=0/100  16.8 sps  ETA 1.4h
              R²_rand=0.7221  R²_naive=-0.3740  U_t=0.0524  U_b=0.5291  AUC=0.9999  Top1=0.9955
  timing: data=43.9ms  fwd=22.9ms  bwd=9.2ms  total=76.5ms
  -> Saved /home/jupyter/checkpoints_backup/cf-388/pred_moco_sched/ats_pred_moco_sched_best_loss.pth
[  13900] loss=2.3211  ema_loss=2.3409  gap=0.0172  ema_gap=0.0241  mixup=0/100  16.8 sps  ETA 1.4h
              R²_rand=0.7192  R²_naive=-0.3847  U_t=0.0523  U_b=0.5394  AUC=1.0000  Top1=0.9943
  timing: data=3.4ms  fwd=26.8ms  bwd=9.9ms  total=40.5ms
[  14000] loss=2.3758  ema_loss=2.3561  gap=0.0184  ema_gap=0.0236  mixup=0/100  16.8 sps  ETA 1.4h
              R²_rand=0.7217  R²_naive=-0.3602  U_t=0.0518  U_b=0.5163  AUC=0.9999  Top1=0.9952
  timing: data=3.3ms  fwd=24.9ms  bwd=10.0ms  total=38.7ms
[  14100] loss=2.3130  ema_loss=2.3449  gap=0.0375  ema_gap=0.0268  mixup=0/100  16.8 sps  ETA 1.4h
              R²_rand=0.7409  R²_naive=-0.3125  U_t=0.0504  U_b=0.5553  AUC=0.9999  Top1=0.9935
  timing: data=3.3ms  fwd=24.8ms  bwd=10.2ms  total=38.8ms
[  14200] loss=2.2803  ema_loss=2.3610  gap=0.0316  ema_gap=0.0237  mixup=0/100  16.9 sps  ETA 1.4h
              R²_rand=0.7210  R²_naive=-0.3392  U_t=0.0509  U_b=0.5326  AUC=0.9999  Top1=0.9946
  timing: data=3.3ms  fwd=25.1ms  bwd=9.8ms  total=38.8ms
[  14300] loss=2.4114  ema_loss=2.3706  gap=0.0240  ema_gap=0.0213  mixup=0/100  16.9 sps  ETA 1.4h
              R²_rand=0.7292  R²_naive=-0.3527  U_t=0.0503  U_b=0.5384  AUC=0.9998  Top1=0.9812
  timing: data=3.3ms  fwd=25.2ms  bwd=10.1ms  total=39.0ms
[  14400] loss=2.2979  ema_loss=2.3705  gap=0.0146  ema_gap=0.0223  mixup=0/100  16.9 sps  ETA 1.4h
              R²_rand=0.7246  R²_naive=-0.4154  U_t=0.0508  U_b=0.5432  AUC=1.0000  Top1=0.9963
  timing: data=2.9ms  fwd=23.5ms  bwd=9.8ms  total=36.7ms
[  14500] loss=2.3947  ema_loss=2.3493  gap=0.0343  ema_gap=0.0244  mixup=0/100  16.9 sps  ETA 1.4h
              R²_rand=0.7288  R²_naive=-0.3654  U_t=0.0498  U_b=0.5072  AUC=0.9999  Top1=0.9966
  timing: data=2.9ms  fwd=20.7ms  bwd=10.8ms  total=34.9ms
[  14600] loss=2.2920  ema_loss=2.3517  gap=0.0304  ema_gap=0.0237  mixup=0/100  17.0 sps  ETA 1.4h
              R²_rand=0.7323  R²_naive=-0.3930  U_t=0.0489  U_b=0.5185  AUC=0.9999  Top1=0.9889
  timing: data=2.9ms  fwd=21.0ms  bwd=13.9ms  total=38.2ms
[  14700] loss=2.7421  ema_loss=2.3596  gap=0.0025  ema_gap=0.0215  mixup=0/100  17.0 sps  ETA 1.4h
              R²_rand=0.7055  R²_naive=-0.5835  U_t=0.0491  U_b=0.4847  AUC=0.9991  Top1=0.9497
  timing: data=3.3ms  fwd=26.9ms  bwd=11.4ms  total=42.0ms
[  14800] loss=2.3317  ema_loss=2.3545  gap=0.0216  ema_gap=0.0216  mixup=0/100  17.0 sps  ETA 1.4h
              R²_rand=0.7250  R²_naive=-0.3835  U_t=0.0535  U_b=0.5254  AUC=0.9999  Top1=0.9943
  timing: data=3.7ms  fwd=25.5ms  bwd=11.2ms  total=40.9ms
[  14900] loss=2.5389  ema_loss=2.3581  gap=0.0149  ema_gap=0.0212  mixup=0/100  17.0 sps  ETA 1.4h
              R²_rand=0.7149  R²_naive=-0.4651  U_t=0.0485  U_b=0.5026  AUC=0.9998  Top1=0.9838
  timing: data=3.5ms  fwd=25.3ms  bwd=10.2ms  total=39.5ms
[  15000] loss=2.2997  ema_loss=2.3592  gap=0.0232  ema_gap=0.0216  mixup=0/100  17.0 sps  ETA 1.4h
              R²_rand=0.7310  R²_naive=-0.3613  U_t=0.0511  U_b=0.5302  AUC=0.9999  Top1=0.9918
  timing: data=40.2ms  fwd=22.9ms  bwd=10.4ms  total=74.1ms
  -> Saved /home/jupyter/checkpoints_backup/cf-388/pred_moco_sched/ats_pred_moco_sched_15k.pth
[  15100] loss=2.3635  ema_loss=2.3544  gap=0.0131  ema_gap=0.0220  mixup=0/100  17.0 sps  ETA 1.4h
              R²_rand=0.7115  R²_naive=-0.4140  U_t=0.0511  U_b=0.5261  AUC=0.9999  Top1=0.9946
  timing: data=3.4ms  fwd=25.5ms  bwd=10.6ms  total=40.0ms
[  15200] loss=2.4372  ema_loss=2.3500  gap=0.0162  ema_gap=0.0235  mixup=0/100  17.0 sps  ETA 1.4h
              R²_rand=0.7180  R²_naive=-0.4069  U_t=0.0518  U_b=0.5090  AUC=0.9999  Top1=0.9957
  timing: data=3.6ms  fwd=25.7ms  bwd=10.6ms  total=40.5ms
[  15300] loss=2.2485  ema_loss=2.3513  gap=0.0324  ema_gap=0.0236  mixup=0/100  17.0 sps  ETA 1.4h
              R²_rand=0.7217  R²_naive=-0.3240  U_t=0.0487  U_b=0.5340  AUC=0.9999  Top1=0.9957
  timing: data=3.4ms  fwd=25.6ms  bwd=10.4ms  total=40.0ms
[  15400] loss=2.2058  ema_loss=2.3457  gap=0.0403  ema_gap=0.0244  mixup=0/100  17.0 sps  ETA 1.4h
              R²_rand=0.7430  R²_naive=-0.2408  U_t=0.0531  U_b=0.5484  AUC=0.9999  Top1=0.9960
  timing: data=3.3ms  fwd=25.0ms  bwd=11.6ms  total=40.4ms
[  15500] loss=2.2796  ema_loss=2.3499  gap=0.0292  ema_gap=0.0233  mixup=0/100  17.0 sps  ETA 1.4h
              R²_rand=0.7140  R²_naive=-0.4107  U_t=0.0484  U_b=0.5645  AUC=0.9999  Top1=0.9949
  timing: data=3.4ms  fwd=27.2ms  bwd=11.2ms  total=42.3ms
[  15600] loss=2.3256  ema_loss=2.3496  gap=0.0215  ema_gap=0.0215  mixup=0/100  17.0 sps  ETA 1.4h
              R²_rand=0.7266  R²_naive=-0.3255  U_t=0.0528  U_b=0.5238  AUC=0.9999  Top1=0.9943
  timing: data=3.8ms  fwd=25.6ms  bwd=9.1ms  total=39.0ms
[  15700] loss=2.3058  ema_loss=2.3619  gap=0.0194  ema_gap=0.0215  mixup=0/100  17.1 sps  ETA 1.4h
              R²_rand=0.7265  R²_naive=-0.4131  U_t=0.0510  U_b=0.5348  AUC=0.9998  Top1=0.9918
  timing: data=3.6ms  fwd=25.6ms  bwd=9.3ms  total=39.0ms
[  15800] loss=2.4006  ema_loss=2.3579  gap=0.0202  ema_gap=0.0209  mixup=0/100  17.1 sps  ETA 1.4h
              R²_rand=0.7165  R²_naive=-0.5183  U_t=0.0469  U_b=0.5131  AUC=0.9999  Top1=0.9912
  timing: data=3.3ms  fwd=25.4ms  bwd=9.7ms  total=39.0ms
[  15900] loss=2.4053  ema_loss=2.3524  gap=0.0209  ema_gap=0.0202  mixup=0/100  17.1 sps  ETA 1.4h
              R²_rand=0.7259  R²_naive=-0.4172  U_t=0.0520  U_b=0.5060  AUC=0.9999  Top1=0.9963
  timing: data=3.4ms  fwd=25.0ms  bwd=9.7ms  total=38.6ms
[  16000] loss=2.3316  ema_loss=2.3512  gap=0.0176  ema_gap=0.0211  mixup=0/100  17.1 sps  ETA 1.4h
              R²_rand=0.7222  R²_naive=-0.4256  U_t=0.0500  U_b=0.5473  AUC=0.9999  Top1=0.9923
  timing: data=3.4ms  fwd=24.8ms  bwd=9.3ms  total=38.0ms
[  16100] loss=2.3130  ema_loss=2.3534  gap=0.0061  ema_gap=0.0199  mixup=0/100  17.1 sps  ETA 1.4h
              R²_rand=0.7228  R²_naive=-0.4680  U_t=0.0511  U_b=0.5417  AUC=0.9999  Top1=0.9963
  timing: data=3.6ms  fwd=23.1ms  bwd=13.6ms  total=40.8ms
[  16200] loss=2.3106  ema_loss=2.3514  gap=0.0248  ema_gap=0.0215  mixup=0/100  17.1 sps  ETA 1.4h
              R²_rand=0.7197  R²_naive=-0.3027  U_t=0.0555  U_b=0.5402  AUC=0.9999  Top1=0.9935
  timing: data=3.7ms  fwd=23.2ms  bwd=14.6ms  total=42.1ms
[  16300] loss=2.2676  ema_loss=2.3386  gap=0.0165  ema_gap=0.0217  mixup=0/100  17.0 sps  ETA 1.4h
              R²_rand=0.7240  R²_naive=-0.3852  U_t=0.0540  U_b=0.5454  AUC=0.9998  Top1=0.9952
  timing: data=87.9ms  fwd=23.1ms  bwd=10.4ms  total=121.8ms
  -> Saved /home/jupyter/checkpoints_backup/cf-388/pred_moco_sched/ats_pred_moco_sched_best_loss.pth
[  16400] loss=2.3861  ema_loss=2.3481  gap=0.0135  ema_gap=0.0207  mixup=0/100  17.0 sps  ETA 1.4h
              R²_rand=0.7220  R²_naive=-0.3870  U_t=0.0522  U_b=0.5294  AUC=0.9999  Top1=0.9946
  timing: data=3.7ms  fwd=27.0ms  bwd=9.9ms  total=41.1ms
[  16500] loss=2.4482  ema_loss=2.3502  gap=0.0048  ema_gap=0.0201  mixup=0/100  17.0 sps  ETA 1.4h
              R²_rand=0.7169  R²_naive=-0.5043  U_t=0.0515  U_b=0.5012  AUC=0.9998  Top1=0.9830
  timing: data=4.0ms  fwd=23.1ms  bwd=9.8ms  total=37.5ms
[  16600] loss=2.3768  ema_loss=2.3520  gap=0.0224  ema_gap=0.0216  mixup=0/100  17.0 sps  ETA 1.4h
              R²_rand=0.7292  R²_naive=-0.4323  U_t=0.0516  U_b=0.5073  AUC=1.0000  Top1=0.9969
  timing: data=4.0ms  fwd=25.1ms  bwd=10.0ms  total=39.6ms
[  16700] loss=2.2934  ema_loss=2.3473  gap=0.0212  ema_gap=0.0208  mixup=0/100  17.1 sps  ETA 1.4h
              R²_rand=0.7278  R²_naive=-0.3850  U_t=0.0527  U_b=0.5461  AUC=1.0000  Top1=0.9960
  timing: data=3.6ms  fwd=25.6ms  bwd=10.6ms  total=40.3ms
[  16800] loss=2.4729  ema_loss=2.3527  gap=0.0167  ema_gap=0.0200  mixup=0/100  17.1 sps  ETA 1.4h
              R²_rand=0.7133  R²_naive=-0.4243  U_t=0.0484  U_b=0.5302  AUC=0.9998  Top1=0.9912
  timing: data=3.8ms  fwd=23.1ms  bwd=12.2ms  total=39.5ms
[  16900] loss=2.3451  ema_loss=2.3596  gap=0.0233  ema_gap=0.0198  mixup=0/100  17.1 sps  ETA 1.4h
              R²_rand=0.7205  R²_naive=-0.3697  U_t=0.0525  U_b=0.5071  AUC=0.9999  Top1=0.9940
  timing: data=3.5ms  fwd=25.4ms  bwd=11.1ms  total=40.5ms
[  17000] loss=2.2701  ema_loss=2.3474  gap=0.0427  ema_gap=0.0220  mixup=0/100  17.1 sps  ETA 1.3h
              R²_rand=0.7268  R²_naive=-0.3234  U_t=0.0485  U_b=0.5146  AUC=1.0000  Top1=0.9966
  timing: data=3.3ms  fwd=25.1ms  bwd=10.4ms  total=39.3ms
[  17100] loss=2.3306  ema_loss=2.3384  gap=0.0213  ema_gap=0.0232  mixup=0/100  17.1 sps  ETA 1.3h
              R²_rand=0.7307  R²_naive=-0.4427  U_t=0.0508  U_b=0.5318  AUC=0.9999  Top1=0.9935
  timing: data=3.2ms  fwd=25.1ms  bwd=10.6ms  total=39.3ms
  -> Saved /home/jupyter/checkpoints_backup/cf-388/pred_moco_sched/ats_pred_moco_sched_best_loss.pth
[  17200] loss=2.2969  ema_loss=2.3426  gap=0.0215  ema_gap=0.0211  mixup=0/100  17.1 sps  ETA 1.3h
              R²_rand=0.7173  R²_naive=-0.3750  U_t=0.0536  U_b=0.5370  AUC=0.9999  Top1=0.9943
  timing: data=3.7ms  fwd=27.1ms  bwd=10.6ms  total=41.9ms
[  17300] loss=2.3963  ema_loss=2.3358  gap=0.0174  ema_gap=0.0225  mixup=0/100  17.1 sps  ETA 1.3h
              R²_rand=0.7345  R²_naive=-0.4221  U_t=0.0518  U_b=0.5239  AUC=0.9999  Top1=0.9889
  timing: data=3.3ms  fwd=24.9ms  bwd=11.0ms  total=39.8ms
  -> Saved /home/jupyter/checkpoints_backup/cf-388/pred_moco_sched/ats_pred_moco_sched_best_loss.pth
[  17400] loss=2.2030  ema_loss=2.3295  gap=0.0369  ema_gap=0.0216  mixup=0/100  17.1 sps  ETA 1.3h
              R²_rand=0.7296  R²_naive=-0.3169  U_t=0.0494  U_b=0.5420  AUC=0.9999  Top1=0.9955
  timing: data=3.4ms  fwd=25.3ms  bwd=10.6ms  total=39.8ms
  -> Saved /home/jupyter/checkpoints_backup/cf-388/pred_moco_sched/ats_pred_moco_sched_best_loss.pth
[  17500] loss=2.5516  ema_loss=2.3300  gap=0.0181  ema_gap=0.0213  mixup=0/100  17.0 sps  ETA 1.3h
              R²_rand=0.7173  R²_naive=-0.3985  U_t=0.0537  U_b=0.5195  AUC=0.9997  Top1=0.9727
  timing: data=102.0ms  fwd=23.2ms  bwd=10.6ms  total=136.3ms
[  17600] loss=2.2499  ema_loss=2.3356  gap=0.0324  ema_gap=0.0205  mixup=0/100  17.0 sps  ETA 1.3h
              R²_rand=0.7314  R²_naive=-0.3102  U_t=0.0518  U_b=0.5504  AUC=0.9999  Top1=0.9955
  timing: data=3.3ms  fwd=25.2ms  bwd=10.4ms  total=39.4ms
[  17700] loss=2.2883  ema_loss=2.3283  gap=0.0135  ema_gap=0.0202  mixup=0/100  17.0 sps  ETA 1.3h
              R²_rand=0.7259  R²_naive=-0.4006  U_t=0.0529  U_b=0.5617  AUC=0.9999  Top1=0.9955
  timing: data=3.4ms  fwd=25.1ms  bwd=11.0ms  total=40.0ms
  -> Saved /home/jupyter/checkpoints_backup/cf-388/pred_moco_sched/ats_pred_moco_sched_best_loss.pth
[  17800] loss=2.3560  ema_loss=2.3478  gap=0.0034  ema_gap=0.0203  mixup=0/100  17.0 sps  ETA 1.3h
              R²_rand=0.7232  R²_naive=-0.5624  U_t=0.0480  U_b=0.5647  AUC=0.9998  Top1=0.9886
  timing: data=3.2ms  fwd=25.4ms  bwd=10.6ms  total=39.7ms
[  17900] loss=2.2898  ema_loss=2.3352  gap=0.0296  ema_gap=0.0209  mixup=0/100  17.1 sps  ETA 1.3h
              R²_rand=0.7190  R²_naive=-0.2860  U_t=0.0564  U_b=0.5294  AUC=0.9999  Top1=0.9915
  timing: data=3.3ms  fwd=25.8ms  bwd=9.7ms  total=39.3ms
[  18000] loss=2.3314  ema_loss=2.3316  gap=0.0192  ema_gap=0.0213  mixup=0/100  17.1 sps  ETA 1.3h
              R²_rand=0.7264  R²_naive=-0.4097  U_t=0.0517  U_b=0.5369  AUC=0.9999  Top1=0.9935
  timing: data=3.3ms  fwd=24.6ms  bwd=9.6ms  total=37.9ms
[  18100] loss=2.4084  ema_loss=2.3315  gap=0.0115  ema_gap=0.0213  mixup=0/100  17.1 sps  ETA 1.3h
              R²_rand=0.7282  R²_naive=-0.4253  U_t=0.0535  U_b=0.5307  AUC=0.9999  Top1=0.9946
  timing: data=3.1ms  fwd=21.2ms  bwd=10.0ms  total=34.7ms
[  18200] loss=2.2757  ema_loss=2.3226  gap=0.0272  ema_gap=0.0213  mixup=0/100  17.1 sps  ETA 1.3h
              R²_rand=0.7310  R²_naive=-0.3916  U_t=0.0527  U_b=0.5310  AUC=0.9999  Top1=0.9952
  timing: data=3.0ms  fwd=20.9ms  bwd=10.1ms  total=34.5ms
  -> Saved /home/jupyter/checkpoints_backup/cf-388/pred_moco_sched/ats_pred_moco_sched_best_loss.pth
[  18300] loss=2.3016  ema_loss=2.3298  gap=0.0194  ema_gap=0.0210  mixup=0/100  17.1 sps  ETA 1.3h
              R²_rand=0.7218  R²_naive=-0.3844  U_t=0.0524  U_b=0.5226  AUC=0.9999  Top1=0.9952
  timing: data=3.5ms  fwd=25.7ms  bwd=10.6ms  total=40.3ms
[  18400] loss=2.2059  ema_loss=2.3235  gap=0.0366  ema_gap=0.0206  mixup=0/100  17.2 sps  ETA 1.3h
              R²_rand=0.7384  R²_naive=-0.3492  U_t=0.0485  U_b=0.5502  AUC=0.9999  Top1=0.9966
  timing: data=3.5ms  fwd=25.6ms  bwd=10.9ms  total=40.5ms
[  18500] loss=2.5772  ema_loss=2.3376  gap=0.0086  ema_gap=0.0198  mixup=0/100  17.2 sps  ETA 1.3h
              R²_rand=0.7056  R²_naive=-0.6708  U_t=0.0475  U_b=0.5088  AUC=0.9987  Top1=0.9437
  timing: data=3.4ms  fwd=24.9ms  bwd=11.1ms  total=39.8ms
[  18600] loss=2.2668  ema_loss=2.3251  gap=0.0283  ema_gap=0.0195  mixup=0/100  17.2 sps  ETA 1.3h
              R²_rand=0.7242  R²_naive=-0.3313  U_t=0.0534  U_b=0.5546  AUC=0.9999  Top1=0.9955
  timing: data=3.5ms  fwd=25.1ms  bwd=10.9ms  total=40.0ms
[  18700] loss=2.2680  ema_loss=2.3298  gap=0.0256  ema_gap=0.0191  mixup=0/100  17.2 sps  ETA 1.3h
              R²_rand=0.7268  R²_naive=-0.4038  U_t=0.0508  U_b=0.5459  AUC=0.9999  Top1=0.9946
  timing: data=3.4ms  fwd=25.1ms  bwd=10.0ms  total=38.9ms
[  18800] loss=2.2978  ema_loss=2.3239  gap=0.0243  ema_gap=0.0199  mixup=0/100  17.1 sps  ETA 1.3h
              R²_rand=0.7232  R²_naive=-0.4088  U_t=0.0523  U_b=0.5470  AUC=0.9999  Top1=0.9926
  timing: data=94.1ms  fwd=23.1ms  bwd=9.7ms  total=127.4ms
[  18900] loss=2.2840  ema_loss=2.3205  gap=0.0142  ema_gap=0.0192  mixup=0/100  17.1 sps  ETA 1.3h
              R²_rand=0.7306  R²_naive=-0.5014  U_t=0.0499  U_b=0.5439  AUC=0.9999  Top1=0.9960
  timing: data=3.9ms  fwd=27.5ms  bwd=11.4ms  total=43.4ms
  -> Saved /home/jupyter/checkpoints_backup/cf-388/pred_moco_sched/ats_pred_moco_sched_best_loss.pth
[  19000] loss=2.3362  ema_loss=2.3277  gap=0.0031  ema_gap=0.0184  mixup=0/100  17.1 sps  ETA 1.3h
              R²_rand=0.7200  R²_naive=-0.4430  U_t=0.0568  U_b=0.5586  AUC=0.9999  Top1=0.9903
  timing: data=3.4ms  fwd=25.2ms  bwd=10.8ms  total=39.8ms
[  19100] loss=2.3276  ema_loss=2.3309  gap=0.0319  ema_gap=0.0189  mixup=0/100  17.1 sps  ETA 1.3h
              R²_rand=0.7276  R²_naive=-0.3298  U_t=0.0531  U_b=0.5527  AUC=1.0000  Top1=0.9949
  timing: data=3.5ms  fwd=25.2ms  bwd=9.6ms  total=38.8ms
[  19200] loss=2.5249  ema_loss=2.3409  gap=-0.0042  ema_gap=0.0178  mixup=0/100  17.1 sps  ETA 1.3h
              R²_rand=0.7115  R²_naive=-0.7074  U_t=0.0499  U_b=0.5040  AUC=0.9996  Top1=0.9744
  timing: data=3.3ms  fwd=25.3ms  bwd=9.5ms  total=38.5ms
[  19300] loss=2.3451  ema_loss=2.3361  gap=0.0251  ema_gap=0.0159  mixup=0/100  17.1 sps  ETA 1.3h
              R²_rand=0.7214  R²_naive=-0.3764  U_t=0.0497  U_b=0.5370  AUC=0.9999  Top1=0.9940
  timing: data=3.4ms  fwd=24.9ms  bwd=9.5ms  total=38.2ms
[  19400] loss=2.3594  ema_loss=2.3176  gap=0.0314  ema_gap=0.0180  mixup=0/100  17.1 sps  ETA 1.3h
              R²_rand=0.7301  R²_naive=-0.3265  U_t=0.0491  U_b=0.5220  AUC=0.9999  Top1=0.9892
  timing: data=3.3ms  fwd=25.1ms  bwd=10.0ms  total=38.9ms
  -> Saved /home/jupyter/checkpoints_backup/cf-388/pred_moco_sched/ats_pred_moco_sched_best_loss.pth
[  19500] loss=2.3130  ema_loss=2.3280  gap=0.0151  ema_gap=0.0184  mixup=0/100  17.2 sps  ETA 1.3h
              R²_rand=0.7150  R²_naive=-0.4161  U_t=0.0545  U_b=0.5452  AUC=0.9999  Top1=0.9923
  timing: data=3.3ms  fwd=25.0ms  bwd=9.7ms  total=38.4ms
[  19600] loss=2.4659  ema_loss=2.3374  gap=0.0221  ema_gap=0.0175  mixup=0/100  17.2 sps  ETA 1.3h
              R²_rand=0.7159  R²_naive=-0.4681  U_t=0.0510  U_b=0.5436  AUC=0.9993  Top1=0.9614
  timing: data=3.5ms  fwd=26.9ms  bwd=9.7ms  total=40.6ms
[  19700] loss=2.2975  ema_loss=2.3292  gap=0.0188  ema_gap=0.0187  mixup=0/100  17.2 sps  ETA 1.3h
              R²_rand=0.7318  R²_naive=-0.3657  U_t=0.0542  U_b=0.5539  AUC=0.9999  Top1=0.9946
  timing: data=3.4ms  fwd=24.8ms  bwd=9.4ms  total=38.1ms
[  19800] loss=2.3450  ema_loss=2.3215  gap=0.0214  ema_gap=0.0194  mixup=0/100  17.2 sps  ETA 1.3h
              R²_rand=0.7263  R²_naive=-0.4170  U_t=0.0522  U_b=0.5541  AUC=0.9997  Top1=0.9795
  timing: data=3.2ms  fwd=25.1ms  bwd=9.7ms  total=38.5ms
[  19900] loss=2.2529  ema_loss=2.3339  gap=0.0272  ema_gap=0.0187  mixup=0/100  17.2 sps  ETA 1.3h
              R²_rand=0.7166  R²_naive=-0.3770  U_t=0.0520  U_b=0.5443  AUC=0.9999  Top1=0.9960
  timing: data=3.3ms  fwd=23.1ms  bwd=11.5ms  total=38.4ms
[  20000] loss=2.2522  ema_loss=2.3280  gap=0.0187  ema_gap=0.0181  mixup=0/100  17.1 sps  ETA 1.3h
              R²_rand=0.7112  R²_naive=-0.4547  U_t=0.0507  U_b=0.5459  AUC=0.9999  Top1=0.9963
  timing: data=93.6ms  fwd=23.2ms  bwd=9.5ms  total=126.8ms
  -> Saved /home/jupyter/checkpoints_backup/cf-388/pred_moco_sched/ats_pred_moco_sched_20k.pth
[  20100] loss=2.3972  ema_loss=2.3333  gap=0.0145  ema_gap=0.0177  mixup=0/100  17.1 sps  ETA 1.3h
              R²_rand=0.7293  R²_naive=-0.4733  U_t=0.0505  U_b=0.5200  AUC=0.9999  Top1=0.9923
  timing: data=3.5ms  fwd=25.5ms  bwd=10.2ms  total=39.7ms
[  20200] loss=2.6878  ema_loss=2.3416  gap=0.0107  ema_gap=0.0173  mixup=0/100  17.1 sps  ETA 1.3h
              R²_rand=0.7169  R²_naive=-0.5690  U_t=0.0507  U_b=0.5337  AUC=0.9997  Top1=0.9733
  timing: data=3.1ms  fwd=24.9ms  bwd=10.3ms  total=38.8ms
[  20300] loss=2.1712  ema_loss=2.3389  gap=0.0245  ema_gap=0.0156  mixup=0/100  17.1 sps  ETA 1.3h
              R²_rand=0.7250  R²_naive=-0.4076  U_t=0.0502  U_b=0.5856  AUC=0.9999  Top1=0.9952
  timing: data=3.1ms  fwd=25.5ms  bwd=10.4ms  total=39.5ms
[  20400] loss=2.3465  ema_loss=2.3504  gap=0.0111  ema_gap=0.0149  mixup=0/100  17.1 sps  ETA 1.3h
              R²_rand=0.7185  R²_naive=-0.4396  U_t=0.0534  U_b=0.5251  AUC=0.9999  Top1=0.9937
  timing: data=3.2ms  fwd=23.2ms  bwd=12.5ms  total=39.4ms
[  20500] loss=2.3372  ema_loss=2.3375  gap=-0.0006  ema_gap=0.0149  mixup=0/100  17.1 sps  ETA 1.3h
              R²_rand=0.7289  R²_naive=-0.5398  U_t=0.0518  U_b=0.5527  AUC=0.9998  Top1=0.9932
  timing: data=3.3ms  fwd=27.4ms  bwd=11.4ms  total=42.6ms
[  20600] loss=2.3704  ema_loss=2.3515  gap=0.0036  ema_gap=0.0152  mixup=0/100  17.1 sps  ETA 1.3h
              R²_rand=0.7127  R²_naive=-0.4817  U_t=0.0527  U_b=0.5284  AUC=0.9999  Top1=0.9929
  timing: data=3.4ms  fwd=25.2ms  bwd=11.5ms  total=40.6ms
[  20700] loss=2.1748  ema_loss=2.3261  gap=0.0382  ema_gap=0.0159  mixup=0/100  17.2 sps  ETA 1.3h
              R²_rand=0.7289  R²_naive=-0.3592  U_t=0.0494  U_b=0.5582  AUC=0.9999  Top1=0.9969
  timing: data=3.4ms  fwd=24.9ms  bwd=10.0ms  total=38.7ms
[  20800] loss=2.3971  ema_loss=2.3254  gap=0.0018  ema_gap=0.0159  mixup=0/100  17.2 sps  ETA 1.3h
              R²_rand=0.7222  R²_naive=-0.5054  U_t=0.0536  U_b=0.5277  AUC=0.9999  Top1=0.9952
  timing: data=3.2ms  fwd=25.2ms  bwd=10.5ms  total=39.4ms
[  20900] loss=2.2981  ema_loss=2.3261  gap=0.0115  ema_gap=0.0157  mixup=0/100  17.2 sps  ETA 1.3h
              R²_rand=0.7223  R²_naive=-0.4406  U_t=0.0528  U_b=0.5467  AUC=0.9998  Top1=0.9912
  timing: data=3.5ms  fwd=24.8ms  bwd=9.6ms  total=38.4ms
[  21000] loss=2.3602  ema_loss=2.3312  gap=0.0132  ema_gap=0.0165  mixup=0/100  17.2 sps  ETA 1.3h
              R²_rand=0.7277  R²_naive=-0.4083  U_t=0.0519  U_b=0.5073  AUC=1.0000  Top1=0.9966
  timing: data=3.4ms  fwd=25.2ms  bwd=9.7ms  total=38.8ms
[  21100] loss=2.2838  ema_loss=2.3282  gap=0.0086  ema_gap=0.0170  mixup=0/100  17.2 sps  ETA 1.3h
              R²_rand=0.7345  R²_naive=-0.4299  U_t=0.0565  U_b=0.5497  AUC=1.0000  Top1=0.9963
  timing: data=3.4ms  fwd=25.2ms  bwd=9.7ms  total=38.7ms
[  21200] loss=2.1991  ema_loss=2.3222  gap=0.0303  ema_gap=0.0167  mixup=0/100  17.2 sps  ETA 1.3h
              R²_rand=0.7350  R²_naive=-0.3103  U_t=0.0543  U_b=0.5484  AUC=1.0000  Top1=0.9972
  timing: data=3.3ms  fwd=24.9ms  bwd=9.8ms  total=38.5ms
[  21300] loss=2.2361  ema_loss=2.3366  gap=0.0189  ema_gap=0.0155  mixup=0/100  17.1 sps  ETA 1.3h
              R²_rand=0.7147  R²_naive=-0.3999  U_t=0.0525  U_b=0.5709  AUC=0.9999  Top1=0.9943
  timing: data=114.3ms  fwd=24.7ms  bwd=10.1ms  total=149.7ms
[  21400] loss=2.3852  ema_loss=2.3308  gap=0.0152  ema_gap=0.0151  mixup=0/100  17.1 sps  ETA 1.3h
              R²_rand=0.7336  R²_naive=-0.3889  U_t=0.0511  U_b=0.5337  AUC=0.9999  Top1=0.9935
  timing: data=3.4ms  fwd=24.4ms  bwd=10.1ms  total=38.5ms
[  21500] loss=2.3371  ema_loss=2.3342  gap=0.0076  ema_gap=0.0145  mixup=0/100  17.1 sps  ETA 1.3h
              R²_rand=0.7081  R²_naive=-0.5092  U_t=0.0530  U_b=0.5289  AUC=0.9999  Top1=0.9935
  timing: data=3.3ms  fwd=19.0ms  bwd=12.4ms  total=35.2ms
[  21600] loss=2.3636  ema_loss=2.3281  gap=0.0075  ema_gap=0.0144  mixup=0/100  17.1 sps  ETA 1.3h
              R²_rand=0.7274  R²_naive=-0.4339  U_t=0.0548  U_b=0.5259  AUC=0.9999  Top1=0.9915
  timing: data=3.4ms  fwd=21.1ms  bwd=12.4ms  total=37.4ms
[  21700] loss=2.3204  ema_loss=2.3303  gap=0.0194  ema_gap=0.0154  mixup=0/100  17.2 sps  ETA 1.3h
              R²_rand=0.7278  R²_naive=-0.4040  U_t=0.0527  U_b=0.5389  AUC=0.9997  Top1=0.9912
  timing: data=3.9ms  fwd=21.1ms  bwd=11.1ms  total=36.6ms
[  21800] loss=2.2998  ema_loss=2.3276  gap=0.0190  ema_gap=0.0159  mixup=0/100  17.2 sps  ETA 1.3h
              R²_rand=0.7222  R²_naive=-0.3874  U_t=0.0537  U_b=0.5396  AUC=0.9999  Top1=0.9952
  timing: data=3.5ms  fwd=19.1ms  bwd=16.3ms  total=39.3ms
[  21900] loss=2.2971  ema_loss=2.3290  gap=0.0098  ema_gap=0.0167  mixup=0/100  17.2 sps  ETA 1.3h
              R²_rand=0.7335  R²_naive=-0.4502  U_t=0.0508  U_b=0.5506  AUC=0.9999  Top1=0.9946
  timing: data=2.9ms  fwd=17.1ms  bwd=16.7ms  total=37.2ms
[  22000] loss=2.3416  ema_loss=2.3246  gap=0.0196  ema_gap=0.0156  mixup=0/100  17.2 sps  ETA 1.3h
              R²_rand=0.7135  R²_naive=-0.5541  U_t=0.0483  U_b=0.5456  AUC=0.9990  Top1=0.9517
  timing: data=3.0ms  fwd=22.1ms  bwd=10.9ms  total=36.5ms
[  22100] loss=2.2423  ema_loss=2.3187  gap=0.0103  ema_gap=0.0157  mixup=0/100  17.2 sps  ETA 1.3h
              R²_rand=0.7137  R²_naive=-0.4164  U_t=0.0525  U_b=0.5703  AUC=0.9998  Top1=0.9935
  timing: data=3.2ms  fwd=26.9ms  bwd=10.1ms  total=40.7ms
[  22200] loss=2.3207  ema_loss=2.3283  gap=0.0163  ema_gap=0.0145  mixup=0/100  17.2 sps  ETA 1.3h
              R²_rand=0.7183  R²_naive=-0.3812  U_t=0.0538  U_b=0.5578  AUC=0.9999  Top1=0.9923
  timing: data=3.4ms  fwd=25.0ms  bwd=9.8ms  total=38.7ms
[  22300] loss=2.4934  ema_loss=2.3330  gap=0.0039  ema_gap=0.0135  mixup=0/100  17.2 sps  ETA 1.3h
              R²_rand=0.7233  R²_naive=-0.4935  U_t=0.0549  U_b=0.5237  AUC=0.9998  Top1=0.9858
  timing: data=3.6ms  fwd=25.3ms  bwd=10.5ms  total=39.9ms
[  22400] loss=2.3027  ema_loss=2.3311  gap=0.0130  ema_gap=0.0146  mixup=0/100  17.3 sps  ETA 1.2h
              R²_rand=0.7148  R²_naive=-0.4968  U_t=0.0516  U_b=0.5352  AUC=0.9999  Top1=0.9889
  timing: data=3.4ms  fwd=25.3ms  bwd=9.9ms  total=39.1ms
[  22500] loss=2.3797  ema_loss=2.3271  gap=0.0020  ema_gap=0.0146  mixup=0/100  17.1 sps  ETA 1.3h
              R²_rand=0.7095  R²_naive=-0.4888  U_t=0.0524  U_b=0.5221  AUC=0.9998  Top1=0.9946
  timing: data=108.4ms  fwd=23.2ms  bwd=9.9ms  total=142.0ms
[  22600] loss=2.4702  ema_loss=2.3262  gap=0.0076  ema_gap=0.0142  mixup=0/100  17.1 sps  ETA 1.3h
              R²_rand=0.7027  R²_naive=-0.6078  U_t=0.0490  U_b=0.5365  AUC=0.9991  Top1=0.9494
  timing: data=3.6ms  fwd=25.2ms  bwd=9.7ms  total=39.0ms
[  22700] loss=2.2585  ema_loss=2.3096  gap=0.0178  ema_gap=0.0144  mixup=0/100  17.2 sps  ETA 1.3h
              R²_rand=0.7278  R²_naive=-0.3869  U_t=0.0548  U_b=0.5594  AUC=0.9999  Top1=0.9940
  timing: data=3.7ms  fwd=25.0ms  bwd=10.6ms  total=39.8ms
  -> Saved /home/jupyter/checkpoints_backup/cf-388/pred_moco_sched/ats_pred_moco_sched_best_loss.pth
[  22800] loss=2.6399  ema_loss=2.3158  gap=-0.0036  ema_gap=0.0143  mixup=0/100  17.2 sps  ETA 1.2h
              R²_rand=0.7095  R²_naive=-0.7360  U_t=0.0497  U_b=0.4987  AUC=0.9986  Top1=0.9381
  timing: data=3.6ms  fwd=25.4ms  bwd=10.4ms  total=39.9ms
[  22900] loss=2.2927  ema_loss=2.3150  gap=0.0105  ema_gap=0.0142  mixup=0/100  17.2 sps  ETA 1.2h
              R²_rand=0.7220  R²_naive=-0.4489  U_t=0.0541  U_b=0.5503  AUC=0.9999  Top1=0.9940
  timing: data=3.8ms  fwd=27.4ms  bwd=10.5ms  total=42.2ms
[  23000] loss=2.3587  ema_loss=2.3037  gap=0.0136  ema_gap=0.0155  mixup=0/100  17.2 sps  ETA 1.2h
              R²_rand=0.7238  R²_naive=-0.4297  U_t=0.0539  U_b=0.5602  AUC=0.9998  Top1=0.9920
  timing: data=3.8ms  fwd=25.3ms  bwd=10.0ms  total=39.6ms
  -> Saved /home/jupyter/checkpoints_backup/cf-388/pred_moco_sched/ats_pred_moco_sched_best_loss.pth
[  23100] loss=2.2217  ema_loss=2.3137  gap=0.0332  ema_gap=0.0148  mixup=0/100  17.2 sps  ETA 1.2h
              R²_rand=0.7286  R²_naive=-0.3102  U_t=0.0505  U_b=0.5422  AUC=1.0000  Top1=0.9966
  timing: data=3.8ms  fwd=25.2ms  bwd=9.7ms  total=39.2ms
[  23200] loss=2.2861  ema_loss=2.3246  gap=0.0198  ema_gap=0.0140  mixup=0/100  17.2 sps  ETA 1.2h
              R²_rand=0.7304  R²_naive=-0.4089  U_t=0.0542  U_b=0.5522  AUC=0.9999  Top1=0.9935
  timing: data=3.8ms  fwd=26.0ms  bwd=10.2ms  total=40.5ms
[  23300] loss=2.2764  ema_loss=2.3144  gap=0.0120  ema_gap=0.0135  mixup=0/100  17.2 sps  ETA 1.2h
              R²_rand=0.7210  R²_naive=-0.4662  U_t=0.0518  U_b=0.5571  AUC=0.9999  Top1=0.9960
  timing: data=3.9ms  fwd=25.5ms  bwd=11.2ms  total=41.2ms
[  23400] loss=2.3529  ema_loss=2.3223  gap=0.0236  ema_gap=0.0142  mixup=0/100  17.2 sps  ETA 1.2h
              R²_rand=0.7210  R²_naive=-0.3681  U_t=0.0516  U_b=0.5415  AUC=1.0000  Top1=0.9955
  timing: data=3.7ms  fwd=25.6ms  bwd=10.3ms  total=40.2ms
[  23500] loss=2.3293  ema_loss=2.3220  gap=0.0021  ema_gap=0.0153  mixup=0/100  17.2 sps  ETA 1.2h
              R²_rand=0.7231  R²_naive=-0.4802  U_t=0.0513  U_b=0.5414  AUC=0.9999  Top1=0.9937
  timing: data=3.6ms  fwd=25.3ms  bwd=10.0ms  total=39.5ms
[  23600] loss=2.2047  ema_loss=2.3136  gap=0.0156  ema_gap=0.0148  mixup=0/100  17.2 sps  ETA 1.2h
              R²_rand=0.7272  R²_naive=-0.4068  U_t=0.0540  U_b=0.5716  AUC=0.9999  Top1=0.9957
  timing: data=3.7ms  fwd=26.0ms  bwd=10.3ms  total=40.6ms
[  23700] loss=2.3747  ema_loss=2.3200  gap=0.0098  ema_gap=0.0133  mixup=0/100  17.2 sps  ETA 1.2h
              R²_rand=0.7043  R²_naive=-0.5698  U_t=0.0505  U_b=0.5346  AUC=0.9987  Top1=0.9472
  timing: data=3.6ms  fwd=27.3ms  bwd=10.1ms  total=41.6ms
[  23800] loss=2.3387  ema_loss=2.3172  gap=0.0101  ema_gap=0.0146  mixup=0/100  17.1 sps  ETA 1.2h
              R²_rand=0.7261  R²_naive=-0.4612  U_t=0.0535  U_b=0.5395  AUC=0.9998  Top1=0.9926
  timing: data=109.6ms  fwd=23.1ms  bwd=10.6ms  total=143.8ms
[  23900] loss=2.4090  ema_loss=2.3169  gap=0.0112  ema_gap=0.0146  mixup=0/100  17.1 sps  ETA 1.2h
              R²_rand=0.7235  R²_naive=-0.4086  U_t=0.0562  U_b=0.5098  AUC=0.9999  Top1=0.9903
  timing: data=3.7ms  fwd=25.6ms  bwd=10.6ms  total=40.4ms
[  24000] loss=2.2903  ema_loss=2.3101  gap=0.0097  ema_gap=0.0144  mixup=0/100  17.1 sps  ETA 1.2h
              R²_rand=0.7211  R²_naive=-0.4496  U_t=0.0545  U_b=0.5406  AUC=0.9999  Top1=0.9940
  timing: data=3.6ms  fwd=25.2ms  bwd=10.9ms  total=40.3ms
[  24100] loss=2.3819  ema_loss=2.3242  gap=0.0207  ema_gap=0.0154  mixup=0/100  17.1 sps  ETA 1.2h
              R²_rand=0.7216  R²_naive=-0.4002  U_t=0.0529  U_b=0.5064  AUC=0.9999  Top1=0.9923
  timing: data=3.6ms  fwd=25.0ms  bwd=10.4ms  total=39.6ms
[  24200] loss=2.3505  ema_loss=2.3214  gap=0.0238  ema_gap=0.0149  mixup=0/100  17.2 sps  ETA 1.2h
              R²_rand=0.7286  R²_naive=-0.3976  U_t=0.0526  U_b=0.5355  AUC=0.9998  Top1=0.9866
  timing: data=3.9ms  fwd=25.0ms  bwd=11.1ms  total=40.6ms
[  24300] loss=2.2588  ema_loss=2.3212  gap=0.0293  ema_gap=0.0152  mixup=0/100  17.2 sps  ETA 1.2h
              R²_rand=0.7238  R²_naive=-0.3852  U_t=0.0523  U_b=0.5544  AUC=0.9999  Top1=0.9940
  timing: data=3.6ms  fwd=25.4ms  bwd=10.2ms  total=39.8ms
[  24400] loss=2.4832  ema_loss=2.3321  gap=-0.0095  ema_gap=0.0135  mixup=0/100  17.2 sps  ETA 1.2h
              R²_rand=0.7018  R²_naive=-0.7314  U_t=0.0497  U_b=0.5265  AUC=0.9997  Top1=0.9753
  timing: data=3.5ms  fwd=25.1ms  bwd=10.2ms  total=39.3ms
[  24500] loss=2.2817  ema_loss=2.3245  gap=0.0104  ema_gap=0.0124  mixup=0/100  17.2 sps  ETA 1.2h
              R²_rand=0.7261  R²_naive=-0.5077  U_t=0.0487  U_b=0.5532  AUC=0.9999  Top1=0.9912
  timing: data=3.7ms  fwd=25.6ms  bwd=10.2ms  total=40.1ms
[  24600] loss=2.2734  ema_loss=2.3184  gap=0.0364  ema_gap=0.0130  mixup=0/100  17.2 sps  ETA 1.2h
              R²_rand=0.7321  R²_naive=-0.3277  U_t=0.0488  U_b=0.5600  AUC=0.9999  Top1=0.9909
  timing: data=3.5ms  fwd=27.5ms  bwd=11.1ms  total=42.6ms
[  24700] loss=2.2226  ema_loss=2.3107  gap=0.0217  ema_gap=0.0124  mixup=0/100  17.2 sps  ETA 1.2h
              R²_rand=0.7202  R²_naive=-0.4075  U_t=0.0521  U_b=0.5485  AUC=1.0000  Top1=0.9972
  timing: data=3.3ms  fwd=25.4ms  bwd=11.8ms  total=41.0ms
[  24800] loss=2.3411  ema_loss=2.3233  gap=0.0112  ema_gap=0.0128  mixup=0/100  17.2 sps  ETA 1.2h
              R²_rand=0.7232  R²_naive=-0.4516  U_t=0.0550  U_b=0.5507  AUC=0.9999  Top1=0.9952
  timing: data=3.5ms  fwd=25.7ms  bwd=11.0ms  total=40.6ms
[  24900] loss=2.3010  ema_loss=2.3188  gap=0.0147  ema_gap=0.0139  mixup=0/100  17.2 sps  ETA 1.2h
              R²_rand=0.7310  R²_naive=-0.4374  U_t=0.0509  U_b=0.5603  AUC=0.9999  Top1=0.9923
  timing: data=3.6ms  fwd=25.6ms  bwd=10.6ms  total=40.4ms
[  25000] loss=2.3116  ema_loss=2.3212  gap=0.0262  ema_gap=0.0147  mixup=0/100  17.1 sps  ETA 1.2h
              R²_rand=0.7302  R²_naive=-0.3861  U_t=0.0500  U_b=0.5198  AUC=0.9999  Top1=0.9972
  timing: data=68.4ms  fwd=23.5ms  bwd=10.6ms  total=103.0ms
  -> Saved /home/jupyter/checkpoints_backup/cf-388/pred_moco_sched/ats_pred_moco_sched_25k.pth
[  25100] loss=2.3495  ema_loss=2.3139  gap=0.0082  ema_gap=0.0144  mixup=0/100  17.2 sps  ETA 1.2h
              R²_rand=0.7168  R²_naive=-0.4805  U_t=0.0542  U_b=0.5408  AUC=0.9999  Top1=0.9949
  timing: data=3.5ms  fwd=25.5ms  bwd=10.0ms  total=39.5ms
[  25200] loss=2.2527  ema_loss=2.3061  gap=0.0026  ema_gap=0.0141  mixup=0/100  17.2 sps  ETA 1.2h
              R²_rand=0.7097  R²_naive=-0.5008  U_t=0.0534  U_b=0.5586  AUC=0.9999  Top1=0.9932
  timing: data=3.6ms  fwd=25.6ms  bwd=10.6ms  total=40.3ms
[  25300] loss=2.4834  ema_loss=2.3181  gap=0.0171  ema_gap=0.0155  mixup=0/100  17.2 sps  ETA 1.2h
              R²_rand=0.7255  R²_naive=-0.3948  U_t=0.0532  U_b=0.5386  AUC=0.9998  Top1=0.9889
  timing: data=3.2ms  fwd=20.5ms  bwd=12.5ms  total=36.8ms
[  25400] loss=2.3760  ema_loss=2.3201  gap=0.0009  ema_gap=0.0141  mixup=0/100  17.2 sps  ETA 1.2h
              R²_rand=0.7165  R²_naive=-0.5065  U_t=0.0561  U_b=0.5632  AUC=0.9999  Top1=0.9881
  timing: data=3.2ms  fwd=23.5ms  bwd=10.0ms  total=37.2ms
[  25500] loss=2.3158  ema_loss=2.3175  gap=0.0182  ema_gap=0.0143  mixup=0/100  17.2 sps  ETA 1.2h
              R²_rand=0.7286  R²_naive=-0.4026  U_t=0.0541  U_b=0.5279  AUC=0.9998  Top1=0.9946
  timing: data=3.3ms  fwd=23.7ms  bwd=10.4ms  total=38.0ms
[  25600] loss=2.2985  ema_loss=2.3164  gap=0.0147  ema_gap=0.0137  mixup=0/100  17.2 sps  ETA 1.2h
              R²_rand=0.7198  R²_naive=-0.4141  U_t=0.0530  U_b=0.5525  AUC=1.0000  Top1=0.9946
  timing: data=3.5ms  fwd=25.0ms  bwd=10.7ms  total=39.8ms
[  25700] loss=2.3568  ema_loss=2.3249  gap=0.0088  ema_gap=0.0123  mixup=0/100  17.2 sps  ETA 1.2h
              R²_rand=0.7223  R²_naive=-0.4285  U_t=0.0572  U_b=0.5441  AUC=0.9999  Top1=0.9940
  timing: data=3.4ms  fwd=23.2ms  bwd=11.9ms  total=39.0ms
[  25800] loss=2.3290  ema_loss=2.3329  gap=0.0041  ema_gap=0.0124  mixup=0/100  17.2 sps  ETA 1.2h
              R²_rand=0.7216  R²_naive=-0.4611  U_t=0.0512  U_b=0.5595  AUC=0.9999  Top1=0.9918
  timing: data=3.4ms  fwd=23.8ms  bwd=11.8ms  total=39.5ms
[  25900] loss=2.2295  ema_loss=2.3257  gap=0.0178  ema_gap=0.0122  mixup=0/100  17.2 sps  ETA 1.2h
              R²_rand=0.7141  R²_naive=-0.4973  U_t=0.0507  U_b=0.5409  AUC=0.9999  Top1=0.9960
  timing: data=3.6ms  fwd=25.7ms  bwd=10.0ms  total=39.9ms
[  26000] loss=2.2482  ema_loss=2.3198  gap=0.0085  ema_gap=0.0128  mixup=0/100  17.3 sps  ETA 1.2h
              R²_rand=0.7196  R²_naive=-0.4525  U_t=0.0556  U_b=0.5602  AUC=0.9999  Top1=0.9937
  timing: data=3.4ms  fwd=25.2ms  bwd=10.7ms  total=39.8ms
[  26100] loss=2.3328  ema_loss=2.3186  gap=0.0017  ema_gap=0.0141  mixup=0/100  17.3 sps  ETA 1.2h
              R²_rand=0.7211  R²_naive=-0.5392  U_t=0.0520  U_b=0.5599  AUC=0.9999  Top1=0.9912
  timing: data=3.4ms  fwd=25.3ms  bwd=10.9ms  total=40.0ms
[  26200] loss=2.3202  ema_loss=2.3160  gap=0.0139  ema_gap=0.0137  mixup=0/100  17.3 sps  ETA 1.2h
              R²_rand=0.7160  R²_naive=-0.4657  U_t=0.0527  U_b=0.5337  AUC=0.9998  Top1=0.9929
  timing: data=3.4ms  fwd=27.9ms  bwd=10.7ms  total=42.5ms
[  26300] loss=2.3402  ema_loss=2.3164  gap=0.0079  ema_gap=0.0143  mixup=0/100  17.2 sps  ETA 1.2h
              R²_rand=0.7225  R²_naive=-0.5142  U_t=0.0491  U_b=0.5328  AUC=0.9998  Top1=0.9915
  timing: data=76.0ms  fwd=23.1ms  bwd=10.5ms  total=110.2ms
[  26400] loss=2.2424  ema_loss=2.3174  gap=0.0087  ema_gap=0.0123  mixup=0/100  17.2 sps  ETA 1.2h
              R²_rand=0.7263  R²_naive=-0.4680  U_t=0.0536  U_b=0.5562  AUC=0.9999  Top1=0.9952
  timing: data=3.5ms  fwd=25.6ms  bwd=10.1ms  total=39.7ms
[  26500] loss=2.1856  ema_loss=2.3151  gap=0.0183  ema_gap=0.0136  mixup=0/100  17.2 sps  ETA 1.2h
              R²_rand=0.7139  R²_naive=-0.4624  U_t=0.0499  U_b=0.5556  AUC=0.9999  Top1=0.9901
  timing: data=3.7ms  fwd=25.7ms  bwd=9.9ms  total=39.8ms
[  26600] loss=2.3233  ema_loss=2.3139  gap=0.0062  ema_gap=0.0121  mixup=0/100  17.2 sps  ETA 1.2h
              R²_rand=0.7305  R²_naive=-0.4938  U_t=0.0526  U_b=0.5336  AUC=0.9999  Top1=0.9892
  timing: data=3.7ms  fwd=25.9ms  bwd=10.7ms  total=40.9ms
[  26700] loss=2.4194  ema_loss=2.3100  gap=0.0094  ema_gap=0.0123  mixup=0/100  17.2 sps  ETA 1.2h
              R²_rand=0.7206  R²_naive=-0.3764  U_t=0.0561  U_b=0.5519  AUC=0.9998  Top1=0.9881
  timing: data=3.8ms  fwd=25.8ms  bwd=10.4ms  total=40.5ms
[  26800] loss=2.2873  ema_loss=2.3134  gap=0.0400  ema_gap=0.0132  mixup=0/100  17.2 sps  ETA 1.2h
              R²_rand=0.7244  R²_naive=-0.4191  U_t=0.0457  U_b=0.5426  AUC=0.9998  Top1=0.9926
  timing: data=3.7ms  fwd=25.8ms  bwd=10.4ms  total=40.5ms
[  26900] loss=2.2196  ema_loss=2.3195  gap=0.0162  ema_gap=0.0119  mixup=0/100  17.2 sps  ETA 1.2h
              R²_rand=0.7274  R²_naive=-0.4351  U_t=0.0504  U_b=0.5406  AUC=0.9999  Top1=0.9952
  timing: data=3.5ms  fwd=25.8ms  bwd=9.9ms  total=39.9ms
[  27000] loss=2.2968  ema_loss=2.2905  gap=0.0220  ema_gap=0.0140  mixup=0/100  17.2 sps  ETA 1.2h
              R²_rand=0.7274  R²_naive=-0.4512  U_t=0.0508  U_b=0.5549  AUC=0.9999  Top1=0.9940
  timing: data=3.6ms  fwd=28.7ms  bwd=10.1ms  total=42.9ms
  -> Saved /home/jupyter/checkpoints_backup/cf-388/pred_moco_sched/ats_pred_moco_sched_best_loss.pth
[  27100] loss=2.2222  ema_loss=2.3029  gap=0.0216  ema_gap=0.0123  mixup=0/100  17.3 sps  ETA 1.2h
              R²_rand=0.7259  R²_naive=-0.4678  U_t=0.0494  U_b=0.5573  AUC=0.9999  Top1=0.9943
  timing: data=4.0ms  fwd=26.5ms  bwd=11.5ms  total=42.7ms
[  27200] loss=2.2280  ema_loss=2.3100  gap=0.0137  ema_gap=0.0128  mixup=0/100  17.3 sps  ETA 1.2h
              R²_rand=0.7233  R²_naive=-0.4717  U_t=0.0509  U_b=0.5572  AUC=0.9998  Top1=0.9960
  timing: data=3.7ms  fwd=26.4ms  bwd=10.4ms  total=41.1ms
[  27300] loss=2.3922  ema_loss=2.3123  gap=0.0109  ema_gap=0.0123  mixup=0/100  17.3 sps  ETA 1.2h
              R²_rand=0.7134  R²_naive=-0.7039  U_t=0.0457  U_b=0.5232  AUC=0.9987  Top1=0.9432
  timing: data=3.5ms  fwd=26.6ms  bwd=9.9ms  total=40.6ms
[  27400] loss=2.3096  ema_loss=2.3101  gap=0.0255  ema_gap=0.0122  mixup=0/100  17.3 sps  ETA 1.2h
              R²_rand=0.7265  R²_naive=-0.3951  U_t=0.0529  U_b=0.5468  AUC=0.9999  Top1=0.9932
  timing: data=3.7ms  fwd=25.9ms  bwd=10.6ms  total=40.7ms
[  27500] loss=2.3968  ema_loss=2.3065  gap=0.0072  ema_gap=0.0117  mixup=0/100  17.2 sps  ETA 1.2h
              R²_rand=0.7274  R²_naive=-0.5446  U_t=0.0496  U_b=0.5300  AUC=0.9998  Top1=0.9886
  timing: data=97.0ms  fwd=23.4ms  bwd=11.2ms  total=132.2ms
[  27600] loss=2.3180  ema_loss=2.2972  gap=0.0096  ema_gap=0.0131  mixup=0/100  17.2 sps  ETA 1.2h
              R²_rand=0.7311  R²_naive=-0.4167  U_t=0.0534  U_b=0.5215  AUC=0.9998  Top1=0.9932
  timing: data=3.9ms  fwd=25.2ms  bwd=10.0ms  total=39.6ms
[  27700] loss=2.2678  ema_loss=2.2983  gap=0.0047  ema_gap=0.0116  mixup=0/100  17.2 sps  ETA 1.2h
              R²_rand=0.7257  R²_naive=-0.4952  U_t=0.0555  U_b=0.5759  AUC=0.9999  Top1=0.9937
  timing: data=3.6ms  fwd=25.4ms  bwd=10.0ms  total=39.6ms
[  27800] loss=2.3697  ema_loss=2.3123  gap=0.0063  ema_gap=0.0105  mixup=0/100  17.2 sps  ETA 1.2h
              R²_rand=0.7114  R²_naive=-0.6322  U_t=0.0500  U_b=0.5418  AUC=0.9991  Top1=0.9511
  timing: data=3.9ms  fwd=28.1ms  bwd=10.7ms  total=43.3ms
[  27900] loss=2.2985  ema_loss=2.3038  gap=-0.0004  ema_gap=0.0108  mixup=0/100  17.2 sps  ETA 1.2h
              R²_rand=0.7116  R²_naive=-0.5119  U_t=0.0549  U_b=0.5577  AUC=0.9999  Top1=0.9937
  timing: data=3.6ms  fwd=25.6ms  bwd=10.8ms  total=40.5ms
[  28000] loss=2.2436  ema_loss=2.3041  gap=0.0186  ema_gap=0.0131  mixup=0/100  17.2 sps  ETA 1.2h
              R²_rand=0.7317  R²_naive=-0.3991  U_t=0.0564  U_b=0.5528  AUC=0.9999  Top1=0.9955
  timing: data=3.6ms  fwd=25.8ms  bwd=10.2ms  total=40.2ms
[  28100] loss=2.3332  ema_loss=2.3173  gap=0.0260  ema_gap=0.0124  mixup=0/100  17.2 sps  ETA 1.2h
              R²_rand=0.7321  R²_naive=-0.3793  U_t=0.0534  U_b=0.5238  AUC=0.9999  Top1=0.9943
  timing: data=3.6ms  fwd=25.6ms  bwd=10.1ms  total=39.9ms
[  28200] loss=2.2716  ema_loss=2.2976  gap=0.0114  ema_gap=0.0128  mixup=0/100  17.2 sps  ETA 1.2h
              R²_rand=0.7233  R²_naive=-0.4782  U_t=0.0516  U_b=0.5691  AUC=0.9998  Top1=0.9918
  timing: data=3.7ms  fwd=26.1ms  bwd=9.9ms  total=40.2ms
[  28300] loss=2.2626  ema_loss=2.3041  gap=0.0061  ema_gap=0.0120  mixup=0/100  17.2 sps  ETA 1.2h
              R²_rand=0.7306  R²_naive=-0.4612  U_t=0.0531  U_b=0.5425  AUC=0.9999  Top1=0.9937
  timing: data=3.6ms  fwd=25.3ms  bwd=10.2ms  total=39.6ms
[  28400] loss=2.2189  ema_loss=2.2988  gap=0.0229  ema_gap=0.0148  mixup=0/100  17.2 sps  ETA 1.2h
              R²_rand=0.7227  R²_naive=-0.4832  U_t=0.0491  U_b=0.5467  AUC=0.9997  Top1=0.9932
  timing: data=3.4ms  fwd=25.3ms  bwd=10.0ms  total=39.2ms
[  28500] loss=2.4156  ema_loss=2.2962  gap=-0.0027  ema_gap=0.0126  mixup=0/100  17.3 sps  ETA 1.2h
              R²_rand=0.7166  R²_naive=-0.7083  U_t=0.0503  U_b=0.5499  AUC=0.9996  Top1=0.9685
  timing: data=3.5ms  fwd=25.5ms  bwd=9.2ms  total=38.7ms
[  28600] loss=2.1854  ema_loss=2.2899  gap=0.0132  ema_gap=0.0129  mixup=0/100  17.3 sps  ETA 1.1h
              R²_rand=0.7153  R²_naive=-0.4853  U_t=0.0531  U_b=0.5864  AUC=1.0000  Top1=0.9960
  timing: data=3.5ms  fwd=26.8ms  bwd=9.6ms  total=40.5ms
  -> Saved /home/jupyter/checkpoints_backup/cf-388/pred_moco_sched/ats_pred_moco_sched_best_loss.pth
[  28700] loss=2.4305  ema_loss=2.2913  gap=0.0099  ema_gap=0.0133  mixup=0/100  17.3 sps  ETA 1.1h
              R²_rand=0.7105  R²_naive=-0.6956  U_t=0.0468  U_b=0.5271  AUC=0.9994  Top1=0.9687
  timing: data=3.5ms  fwd=24.9ms  bwd=10.6ms  total=39.4ms
[  28800] loss=2.1866  ema_loss=2.2914  gap=0.0378  ema_gap=0.0129  mixup=0/100  17.1 sps  ETA 1.2h
              R²_rand=0.7463  R²_naive=-0.3951  U_t=0.0472  U_b=0.5457  AUC=1.0000  Top1=0.9972
  timing: data=134.5ms  fwd=20.8ms  bwd=14.3ms  total=170.1ms
[  28900] loss=2.1657  ema_loss=2.2934  gap=0.0192  ema_gap=0.0124  mixup=0/100  17.2 sps  ETA 1.2h
              R²_rand=0.7336  R²_naive=-0.4590  U_t=0.0496  U_b=0.5720  AUC=0.9999  Top1=0.9966
  timing: data=4.3ms  fwd=21.5ms  bwd=16.6ms  total=42.9ms
[  29000] loss=2.2886  ema_loss=2.2891  gap=0.0078  ema_gap=0.0124  mixup=0/100  17.2 sps  ETA 1.1h
              R²_rand=0.7290  R²_naive=-0.4808  U_t=0.0538  U_b=0.5565  AUC=0.9998  Top1=0.9915
  timing: data=3.5ms  fwd=24.6ms  bwd=10.8ms  total=39.5ms
  -> Saved /home/jupyter/checkpoints_backup/cf-388/pred_moco_sched/ats_pred_moco_sched_best_loss.pth
[  29100] loss=2.2585  ema_loss=2.2944  gap=0.0229  ema_gap=0.0131  mixup=0/100  17.2 sps  ETA 1.1h
              R²_rand=0.7409  R²_naive=-0.4126  U_t=0.0501  U_b=0.5365  AUC=0.9999  Top1=0.9949
  timing: data=3.7ms  fwd=25.4ms  bwd=10.8ms  total=40.4ms
[  29200] loss=2.2668  ema_loss=2.3022  gap=0.0214  ema_gap=0.0118  mixup=0/100  17.2 sps  ETA 1.1h
              R²_rand=0.7325  R²_naive=-0.4513  U_t=0.0498  U_b=0.5548  AUC=0.9999  Top1=0.9926
  timing: data=3.6ms  fwd=26.3ms  bwd=10.2ms  total=40.7ms
[  29300] loss=2.2706  ema_loss=2.3001  gap=0.0088  ema_gap=0.0117  mixup=0/100  17.2 sps  ETA 1.1h
              R²_rand=0.7284  R²_naive=-0.4578  U_t=0.0529  U_b=0.5621  AUC=0.9998  Top1=0.9935
  timing: data=3.8ms  fwd=25.7ms  bwd=10.3ms  total=40.4ms
[  29400] loss=2.2415  ema_loss=2.3028  gap=0.0080  ema_gap=0.0123  mixup=0/100  17.2 sps  ETA 1.1h
              R²_rand=0.7257  R²_naive=-0.4747  U_t=0.0521  U_b=0.5603  AUC=0.9999  Top1=0.9932
  timing: data=3.7ms  fwd=25.5ms  bwd=10.2ms  total=40.0ms
[  29500] loss=2.1706  ema_loss=2.3122  gap=0.0199  ema_gap=0.0123  mixup=0/100  17.2 sps  ETA 1.1h
              R²_rand=0.7285  R²_naive=-0.3931  U_t=0.0530  U_b=0.5729  AUC=0.9999  Top1=0.9949
  timing: data=3.8ms  fwd=27.9ms  bwd=10.4ms  total=42.7ms
[  29600] loss=2.2252  ema_loss=2.2969  gap=0.0150  ema_gap=0.0119  mixup=0/100  17.2 sps  ETA 1.1h
              R²_rand=0.7238  R²_naive=-0.4605  U_t=0.0520  U_b=0.5525  AUC=0.9999  Top1=0.9943
  timing: data=3.6ms  fwd=25.7ms  bwd=10.6ms  total=40.4ms
[  29700] loss=2.2978  ema_loss=2.2725  gap=0.0155  ema_gap=0.0132  mixup=0/100  17.2 sps  ETA 1.1h
              R²_rand=0.7362  R²_naive=-0.4145  U_t=0.0531  U_b=0.5604  AUC=0.9999  Top1=0.9949
  timing: data=3.6ms  fwd=25.8ms  bwd=10.0ms  total=39.9ms
  -> Saved /home/jupyter/checkpoints_backup/cf-388/pred_moco_sched/ats_pred_moco_sched_best_loss.pth
[  29800] loss=2.2816  ema_loss=2.2762  gap=-0.0040  ema_gap=0.0131  mixup=0/100  17.2 sps  ETA 1.1h
              R²_rand=0.7205  R²_naive=-0.5470  U_t=0.0538  U_b=0.5670  AUC=0.9999  Top1=0.9940
  timing: data=3.5ms  fwd=25.9ms  bwd=9.3ms  total=39.3ms
[  29900] loss=2.2323  ema_loss=2.2764  gap=0.0192  ema_gap=0.0123  mixup=0/100  17.2 sps  ETA 1.1h
              R²_rand=0.7295  R²_naive=-0.5206  U_t=0.0464  U_b=0.5740  AUC=0.9997  Top1=0.9810
  timing: data=3.9ms  fwd=27.3ms  bwd=11.2ms  total=43.1ms
[  30000] loss=2.3106  ema_loss=2.2916  gap=0.0207  ema_gap=0.0104  mixup=0/100  17.1 sps  ETA 1.1h
              R²_rand=0.7395  R²_naive=-0.3934  U_t=0.0511  U_b=0.5418  AUC=1.0000  Top1=0.9955
  timing: data=91.5ms  fwd=23.8ms  bwd=10.7ms  total=126.7ms
  -> Saved /home/jupyter/checkpoints_backup/cf-388/pred_moco_sched/ats_pred_moco_sched_30k.pth
[  30100] loss=2.4591  ema_loss=2.2935  gap=0.0072  ema_gap=0.0106  mixup=0/100  17.2 sps  ETA 1.1h
              R²_rand=0.7197  R²_naive=-0.5105  U_t=0.0516  U_b=0.5473  AUC=0.9997  Top1=0.9753
  timing: data=3.5ms  fwd=26.7ms  bwd=10.0ms  total=40.7ms
[  30200] loss=2.2847  ema_loss=2.3002  gap=0.0251  ema_gap=0.0107  mixup=0/100  17.2 sps  ETA 1.1h
              R²_rand=0.7236  R²_naive=-0.4381  U_t=0.0512  U_b=0.5285  AUC=0.9998  Top1=0.9898
  timing: data=3.3ms  fwd=25.2ms  bwd=10.0ms  total=39.0ms
[  30300] loss=2.3827  ema_loss=2.3041  gap=-0.0104  ema_gap=0.0109  mixup=0/100  17.2 sps  ETA 1.1h
              R²_rand=0.7135  R²_naive=-0.6196  U_t=0.0524  U_b=0.5429  AUC=0.9998  Top1=0.9895
  timing: data=3.4ms  fwd=27.1ms  bwd=12.1ms  total=43.1ms
[  30400] loss=2.2658  ema_loss=2.2967  gap=0.0123  ema_gap=0.0120  mixup=0/100  17.2 sps  ETA 1.1h
              R²_rand=0.7163  R²_naive=-0.4543  U_t=0.0528  U_b=0.5444  AUC=0.9999  Top1=0.9955
  timing: data=3.5ms  fwd=25.1ms  bwd=11.2ms  total=40.3ms
[  30500] loss=2.2612  ema_loss=2.2988  gap=-0.0001  ema_gap=0.0107  mixup=0/100  17.2 sps  ETA 1.1h
              R²_rand=0.7268  R²_naive=-0.4942  U_t=0.0544  U_b=0.5561  AUC=0.9999  Top1=0.9952
  timing: data=3.3ms  fwd=25.3ms  bwd=11.1ms  total=40.3ms
[  30600] loss=2.2231  ema_loss=2.3004  gap=0.0193  ema_gap=0.0104  mixup=0/100  17.2 sps  ETA 1.1h
              R²_rand=0.7273  R²_naive=-0.4135  U_t=0.0520  U_b=0.5621  AUC=0.9999  Top1=0.9946
  timing: data=3.3ms  fwd=24.8ms  bwd=10.4ms  total=38.9ms
[  30700] loss=2.2894  ema_loss=2.3047  gap=0.0029  ema_gap=0.0099  mixup=0/100  17.2 sps  ETA 1.1h
              R²_rand=0.7049  R²_naive=-0.5675  U_t=0.0513  U_b=0.5490  AUC=0.9999  Top1=0.9898
  timing: data=3.4ms  fwd=25.1ms  bwd=9.8ms  total=38.8ms
[  30800] loss=2.1640  ema_loss=2.3043  gap=0.0269  ema_gap=0.0098  mixup=0/100  17.2 sps  ETA 1.1h
              R²_rand=0.7295  R²_naive=-0.4210  U_t=0.0484  U_b=0.5467  AUC=0.9999  Top1=0.9946
  timing: data=3.3ms  fwd=25.3ms  bwd=9.8ms  total=38.9ms
[  30900] loss=2.3118  ema_loss=2.2989  gap=0.0077  ema_gap=0.0104  mixup=0/100  17.2 sps  ETA 1.1h
              R²_rand=0.7074  R²_naive=-0.5116  U_t=0.0549  U_b=0.5516  AUC=0.9998  Top1=0.9906
  timing: data=3.4ms  fwd=25.8ms  bwd=10.0ms  total=39.7ms
[  31000] loss=2.3410  ema_loss=2.2941  gap=0.0176  ema_gap=0.0120  mixup=0/100  17.2 sps  ETA 1.1h
              R²_rand=0.7250  R²_naive=-0.3977  U_t=0.0534  U_b=0.5484  AUC=0.9999  Top1=0.9929
  timing: data=3.4ms  fwd=25.3ms  bwd=10.0ms  total=39.2ms
[  31100] loss=2.3426  ema_loss=2.2818  gap=0.0154  ema_gap=0.0136  mixup=0/100  17.2 sps  ETA 1.1h
              R²_rand=0.7249  R²_naive=-0.4455  U_t=0.0528  U_b=0.5519  AUC=0.9997  Top1=0.9915
  timing: data=3.6ms  fwd=27.1ms  bwd=10.3ms  total=41.6ms
[  31200] loss=2.2815  ema_loss=2.2917  gap=0.0069  ema_gap=0.0123  mixup=0/100  17.2 sps  ETA 1.1h
              R²_rand=0.7220  R²_naive=-0.4808  U_t=0.0525  U_b=0.5396  AUC=0.9999  Top1=0.9929
  timing: data=3.3ms  fwd=25.4ms  bwd=9.8ms  total=39.0ms
[  31300] loss=2.3143  ema_loss=2.2909  gap=0.0030  ema_gap=0.0115  mixup=0/100  17.1 sps  ETA 1.1h
              R²_rand=0.7286  R²_naive=-0.5582  U_t=0.0517  U_b=0.5464  AUC=0.9999  Top1=0.9923
  timing: data=150.5ms  fwd=23.2ms  bwd=10.1ms  total=184.3ms
[  31400] loss=2.2764  ema_loss=2.2873  gap=0.0103  ema_gap=0.0129  mixup=0/100  17.1 sps  ETA 1.1h
              R²_rand=0.7145  R²_naive=-0.4285  U_t=0.0521  U_b=0.5561  AUC=0.9999  Top1=0.9935
  timing: data=3.4ms  fwd=24.9ms  bwd=10.3ms  total=39.0ms
[  31500] loss=2.2270  ema_loss=2.2938  gap=0.0117  ema_gap=0.0100  mixup=0/100  17.1 sps  ETA 1.1h
              R²_rand=0.7297  R²_naive=-0.4328  U_t=0.0525  U_b=0.5451  AUC=0.9999  Top1=0.9920
  timing: data=3.3ms  fwd=24.7ms  bwd=10.8ms  total=39.2ms
[  31600] loss=2.5221  ema_loss=2.2995  gap=-0.0069  ema_gap=0.0099  mixup=0/100  17.1 sps  ETA 1.1h
              R²_rand=0.7167  R²_naive=-0.5626  U_t=0.0572  U_b=0.5136  AUC=0.9998  Top1=0.9849
  timing: data=3.4ms  fwd=25.4ms  bwd=10.2ms  total=39.5ms
[  31700] loss=2.2352  ema_loss=2.2885  gap=0.0111  ema_gap=0.0109  mixup=0/100  17.1 sps  ETA 1.1h
              R²_rand=0.7150  R²_naive=-0.4534  U_t=0.0549  U_b=0.5625  AUC=0.9999  Top1=0.9943
  timing: data=3.5ms  fwd=25.0ms  bwd=10.4ms  total=39.5ms
[  31800] loss=2.2889  ema_loss=2.2885  gap=0.0116  ema_gap=0.0108  mixup=0/100  17.1 sps  ETA 1.1h
              R²_rand=0.7208  R²_naive=-0.4595  U_t=0.0523  U_b=0.5685  AUC=0.9999  Top1=0.9881
  timing: data=3.4ms  fwd=24.5ms  bwd=10.6ms  total=38.9ms
[  31900] loss=2.2503  ema_loss=2.2874  gap=0.0172  ema_gap=0.0120  mixup=0/100  17.1 sps  ETA 1.1h
              R²_rand=0.7222  R²_naive=-0.4313  U_t=0.0505  U_b=0.5557  AUC=1.0000  Top1=0.9940
  timing: data=3.3ms  fwd=27.3ms  bwd=10.7ms  total=41.8ms
[  32000] loss=2.2703  ema_loss=2.2931  gap=0.0068  ema_gap=0.0119  mixup=0/100  17.2 sps  ETA 1.1h
              R²_rand=0.7261  R²_naive=-0.4942  U_t=0.0536  U_b=0.5552  AUC=0.9999  Top1=0.9946
  timing: data=3.5ms  fwd=25.2ms  bwd=10.5ms  total=39.6ms
[  32100] loss=2.3068  ema_loss=2.2980  gap=0.0057  ema_gap=0.0107  mixup=0/100  17.2 sps  ETA 1.1h
              R²_rand=0.7200  R²_naive=-0.4603  U_t=0.0559  U_b=0.5599  AUC=0.9998  Top1=0.9929
  timing: data=3.4ms  fwd=24.6ms  bwd=10.6ms  total=39.1ms
[  32200] loss=2.2260  ema_loss=2.2845  gap=0.0163  ema_gap=0.0108  mixup=0/100  17.2 sps  ETA 1.1h
              R²_rand=0.7172  R²_naive=-0.4309  U_t=0.0499  U_b=0.5575  AUC=0.9998  Top1=0.9946
  timing: data=3.3ms  fwd=24.9ms  bwd=9.3ms  total=38.0ms
[  32300] loss=2.2286  ema_loss=2.2757  gap=0.0170  ema_gap=0.0109  mixup=0/100  17.2 sps  ETA 1.1h
              R²_rand=0.7249  R²_naive=-0.4060  U_t=0.0546  U_b=0.5668  AUC=0.9999  Top1=0.9935
  timing: data=3.5ms  fwd=25.3ms  bwd=9.5ms  total=38.8ms
[  32400] loss=2.2235  ema_loss=2.2655  gap=0.0126  ema_gap=0.0123  mixup=0/100  17.2 sps  ETA 1.1h
              R²_rand=0.7346  R²_naive=-0.4927  U_t=0.0530  U_b=0.5648  AUC=0.9999  Top1=0.9946
  timing: data=3.0ms  fwd=21.3ms  bwd=11.0ms  total=35.8ms
  -> Saved /home/jupyter/checkpoints_backup/cf-388/pred_moco_sched/ats_pred_moco_sched_best_loss.pth
[  32500] loss=2.2463  ema_loss=2.2706  gap=0.0042  ema_gap=0.0120  mixup=0/100  17.1 sps  ETA 1.1h
              R²_rand=0.7203  R²_naive=-0.5216  U_t=0.0498  U_b=0.5417  AUC=0.9997  Top1=0.9946
  timing: data=66.9ms  fwd=21.4ms  bwd=10.3ms  total=99.2ms
[  32600] loss=2.3293  ema_loss=2.2872  gap=-0.0027  ema_gap=0.0122  mixup=0/100  17.2 sps  ETA 1.1h
              R²_rand=0.7217  R²_naive=-0.5270  U_t=0.0534  U_b=0.5467  AUC=0.9997  Top1=0.9929
  timing: data=3.3ms  fwd=25.0ms  bwd=11.0ms  total=39.9ms
[  32700] loss=2.4007  ema_loss=2.2826  gap=0.0037  ema_gap=0.0111  mixup=0/100  17.2 sps  ETA 1.1h
              R²_rand=0.7154  R²_naive=-0.5128  U_t=0.0555  U_b=0.5779  AUC=0.9998  Top1=0.9855
  timing: data=3.2ms  fwd=25.1ms  bwd=10.5ms  total=39.3ms
[  32800] loss=2.4810  ema_loss=2.2966  gap=-0.0059  ema_gap=0.0099  mixup=0/100  17.2 sps  ETA 1.1h
              R²_rand=0.7155  R²_naive=-0.5785  U_t=0.0523  U_b=0.5217  AUC=0.9997  Top1=0.9838
  timing: data=3.4ms  fwd=27.2ms  bwd=10.8ms  total=41.8ms
[  32900] loss=2.1764  ema_loss=2.2928  gap=0.0334  ema_gap=0.0104  mixup=0/100  17.2 sps  ETA 1.1h
              R²_rand=0.7346  R²_naive=-0.3912  U_t=0.0470  U_b=0.5606  AUC=1.0000  Top1=0.9952
  timing: data=3.4ms  fwd=25.4ms  bwd=12.8ms  total=42.1ms
[  33000] loss=2.2679  ema_loss=2.2875  gap=0.0181  ema_gap=0.0111  mixup=0/100  17.2 sps  ETA 1.1h
              R²_rand=0.7344  R²_naive=-0.4750  U_t=0.0494  U_b=0.5610  AUC=0.9999  Top1=0.9929
  timing: data=3.4ms  fwd=25.7ms  bwd=14.2ms  total=43.9ms
[  33100] loss=2.2602  ema_loss=2.2881  gap=0.0138  ema_gap=0.0113  mixup=0/100  17.2 sps  ETA 1.1h
              R²_rand=0.7302  R²_naive=-0.4273  U_t=0.0509  U_b=0.5461  AUC=0.9998  Top1=0.9920
  timing: data=3.4ms  fwd=24.8ms  bwd=11.8ms  total=40.5ms
[  33200] loss=2.2881  ema_loss=2.2841  gap=0.0029  ema_gap=0.0131  mixup=0/100  17.2 sps  ETA 1.1h
              R²_rand=0.7226  R²_naive=-0.5123  U_t=0.0525  U_b=0.5792  AUC=0.9999  Top1=0.9943
  timing: data=3.4ms  fwd=25.1ms  bwd=10.6ms  total=39.5ms
[  33300] loss=2.3305  ema_loss=2.2936  gap=0.0038  ema_gap=0.0124  mixup=0/100  17.2 sps  ETA 1.1h
              R²_rand=0.7227  R²_naive=-0.5009  U_t=0.0538  U_b=0.5507  AUC=0.9997  Top1=0.9861
  timing: data=3.6ms  fwd=24.8ms  bwd=10.8ms  total=39.7ms
[  33400] loss=2.3276  ema_loss=2.2906  gap=0.0117  ema_gap=0.0123  mixup=0/100  17.2 sps  ETA 1.1h
              R²_rand=0.7274  R²_naive=-0.5293  U_t=0.0497  U_b=0.5176  AUC=0.9997  Top1=0.9912
  timing: data=3.3ms  fwd=24.9ms  bwd=10.9ms  total=39.5ms
[  33500] loss=2.3299  ema_loss=2.2817  gap=0.0113  ema_gap=0.0124  mixup=0/100  17.2 sps  ETA 1.1h
              R²_rand=0.7273  R²_naive=-0.4917  U_t=0.0528  U_b=0.5503  AUC=0.9998  Top1=0.9923
  timing: data=3.3ms  fwd=25.2ms  bwd=11.5ms  total=40.5ms
[  33600] loss=2.2443  ema_loss=2.2760  gap=0.0066  ema_gap=0.0113  mixup=0/100  17.2 sps  ETA 1.1h
              R²_rand=0.7222  R²_naive=-0.5209  U_t=0.0502  U_b=0.5518  AUC=0.9996  Top1=0.9943
  timing: data=3.2ms  fwd=26.9ms  bwd=10.2ms  total=40.7ms
[  33700] loss=2.2410  ema_loss=2.2693  gap=0.0177  ema_gap=0.0130  mixup=0/100  17.2 sps  ETA 1.1h
              R²_rand=0.7196  R²_naive=-0.4341  U_t=0.0516  U_b=0.5620  AUC=0.9999  Top1=0.9932
  timing: data=3.4ms  fwd=24.9ms  bwd=10.5ms  total=39.2ms
[  33800] loss=2.3321  ema_loss=2.2774  gap=0.0155  ema_gap=0.0124  mixup=0/100  17.1 sps  ETA 1.1h
              R²_rand=0.7223  R²_naive=-0.3944  U_t=0.0532  U_b=0.5362  AUC=0.9998  Top1=0.9926
  timing: data=110.2ms  fwd=23.1ms  bwd=10.3ms  total=144.1ms
[  33900] loss=2.2486  ema_loss=2.2715  gap=0.0117  ema_gap=0.0129  mixup=0/100  17.1 sps  ETA 1.1h
              R²_rand=0.7202  R²_naive=-0.5327  U_t=0.0510  U_b=0.5294  AUC=0.9999  Top1=0.9918
  timing: data=3.3ms  fwd=25.1ms  bwd=10.4ms  total=39.2ms
[  34000] loss=2.1871  ema_loss=2.2785  gap=0.0226  ema_gap=0.0124  mixup=0/100  17.2 sps  ETA 1.1h
              R²_rand=0.7403  R²_naive=-0.4297  U_t=0.0497  U_b=0.5649  AUC=0.9999  Top1=0.9935
  timing: data=3.4ms  fwd=25.2ms  bwd=11.1ms  total=40.1ms
[  34100] loss=2.2909  ema_loss=2.2795  gap=0.0107  ema_gap=0.0109  mixup=0/100  17.2 sps  ETA 1.1h
              R²_rand=0.7149  R²_naive=-0.4402  U_t=0.0535  U_b=0.5401  AUC=0.9997  Top1=0.9903
  timing: data=3.4ms  fwd=25.2ms  bwd=10.4ms  total=39.4ms
[  34200] loss=2.3279  ema_loss=2.3048  gap=0.0115  ema_gap=0.0099  mixup=0/100  17.2 sps  ETA 1.1h
              R²_rand=0.7137  R²_naive=-0.4530  U_t=0.0544  U_b=0.5420  AUC=0.9997  Top1=0.9895
  timing: data=3.4ms  fwd=25.0ms  bwd=10.0ms  total=38.8ms
[  34300] loss=2.2717  ema_loss=2.2996  gap=0.0143  ema_gap=0.0095  mixup=0/100  17.2 sps  ETA 1.1h
              R²_rand=0.7224  R²_naive=-0.4266  U_t=0.0519  U_b=0.5743  AUC=0.9998  Top1=0.9915
  timing: data=3.5ms  fwd=25.0ms  bwd=11.0ms  total=40.0ms
[  34400] loss=2.2874  ema_loss=2.2887  gap=0.0144  ema_gap=0.0079  mixup=0/100  17.2 sps  ETA 1.1h
              R²_rand=0.7355  R²_naive=-0.4402  U_t=0.0500  U_b=0.5308  AUC=0.9999  Top1=0.9952
  timing: data=4.0ms  fwd=27.4ms  bwd=12.6ms  total=44.5ms
[  34500] loss=2.2275  ema_loss=2.2896  gap=0.0077  ema_gap=0.0097  mixup=0/100  17.2 sps  ETA 1.1h
              R²_rand=0.7286  R²_naive=-0.4867  U_t=0.0549  U_b=0.5879  AUC=0.9999  Top1=0.9912
  timing: data=3.3ms  fwd=25.5ms  bwd=12.2ms  total=41.5ms
[  34600] loss=2.2446  ema_loss=2.2770  gap=0.0138  ema_gap=0.0113  mixup=0/100  17.2 sps  ETA 1.1h
              R²_rand=0.7349  R²_naive=-0.4588  U_t=0.0517  U_b=0.5590  AUC=0.9998  Top1=0.9909
  timing: data=3.4ms  fwd=24.7ms  bwd=13.5ms  total=42.1ms
[  34700] loss=2.1516  ema_loss=2.2759  gap=0.0135  ema_gap=0.0113  mixup=0/100  17.2 sps  ETA 1.1h
              R²_rand=0.7245  R²_naive=-0.4310  U_t=0.0522  U_b=0.6008  AUC=0.9999  Top1=0.9923
  timing: data=3.2ms  fwd=25.2ms  bwd=12.4ms  total=41.2ms
[  34800] loss=2.2360  ema_loss=2.2825  gap=0.0208  ema_gap=0.0105  mixup=0/100  17.2 sps  ETA 1.1h
              R²_rand=0.7334  R²_naive=-0.3691  U_t=0.0525  U_b=0.5519  AUC=0.9998  Top1=0.9912
  timing: data=3.4ms  fwd=25.0ms  bwd=11.1ms  total=40.1ms
[  34900] loss=2.2931  ema_loss=2.2907  gap=-0.0019  ema_gap=0.0108  mixup=0/100  17.2 sps  ETA 1.1h
              R²_rand=0.7209  R²_naive=-0.4962  U_t=0.0550  U_b=0.5559  AUC=0.9998  Top1=0.9909
  timing: data=3.4ms  fwd=25.0ms  bwd=10.6ms  total=39.5ms
[  35000] loss=2.3304  ema_loss=2.2901  gap=0.0079  ema_gap=0.0110  mixup=0/100  17.2 sps  ETA 1.1h
              R²_rand=0.7133  R²_naive=-0.4922  U_t=0.0534  U_b=0.5535  AUC=0.9998  Top1=0.9872
  timing: data=65.6ms  fwd=23.5ms  bwd=10.8ms  total=100.4ms
  -> Saved /home/jupyter/checkpoints_backup/cf-388/pred_moco_sched/ats_pred_moco_sched_35k.pth
[  35100] loss=2.4610  ema_loss=2.3006  gap=0.0141  ema_gap=0.0099  mixup=0/100  17.2 sps  ETA 1.1h
              R²_rand=0.7098  R²_naive=-0.6854  U_t=0.0469  U_b=0.5180  AUC=0.9989  Top1=0.9477
  timing: data=3.3ms  fwd=25.2ms  bwd=10.2ms  total=39.2ms
[  35200] loss=2.3438  ema_loss=2.2775  gap=0.0002  ema_gap=0.0095  mixup=0/100  17.2 sps  ETA 1.0h
              R²_rand=0.7190  R²_naive=-0.5673  U_t=0.0497  U_b=0.5499  AUC=0.9999  Top1=0.9935
  timing: data=3.5ms  fwd=27.4ms  bwd=9.7ms  total=40.9ms
[  35300] loss=2.4357  ema_loss=2.2938  gap=0.0237  ema_gap=0.0094  mixup=0/100  17.2 sps  ETA 1.0h
              R²_rand=0.7031  R²_naive=-0.6337  U_t=0.0484  U_b=0.5084  AUC=0.9979  Top1=0.9278
  timing: data=3.5ms  fwd=24.8ms  bwd=9.5ms  total=38.3ms
[  35400] loss=2.2986  ema_loss=2.3022  gap=0.0104  ema_gap=0.0092  mixup=0/100  17.2 sps  ETA 1.0h
              R²_rand=0.7319  R²_naive=-0.4822  U_t=0.0520  U_b=0.5465  AUC=0.9998  Top1=0.9901
  timing: data=3.4ms  fwd=24.8ms  bwd=9.7ms  total=38.4ms
[  35500] loss=2.2618  ema_loss=2.2876  gap=0.0116  ema_gap=0.0096  mixup=0/100  17.2 sps  ETA 1.0h
              R²_rand=0.7316  R²_naive=-0.4311  U_t=0.0552  U_b=0.5543  AUC=0.9999  Top1=0.9926
  timing: data=3.3ms  fwd=25.0ms  bwd=9.9ms  total=38.7ms
[  35600] loss=2.2554  ema_loss=2.2857  gap=0.0094  ema_gap=0.0094  mixup=0/100  17.2 sps  ETA 1.0h
              R²_rand=0.7252  R²_naive=-0.4592  U_t=0.0530  U_b=0.5586  AUC=0.9999  Top1=0.9946
  timing: data=3.3ms  fwd=25.2ms  bwd=9.8ms  total=38.8ms
[  35700] loss=2.2488  ema_loss=2.2948  gap=0.0031  ema_gap=0.0090  mixup=0/100  17.2 sps  ETA 1.0h
              R²_rand=0.7280  R²_naive=-0.4906  U_t=0.0539  U_b=0.5834  AUC=0.9998  Top1=0.9929
  timing: data=3.1ms  fwd=25.4ms  bwd=9.8ms  total=38.8ms
[  35800] loss=2.3856  ema_loss=2.2906  gap=0.0156  ema_gap=0.0091  mixup=0/100  17.2 sps  ETA 1.0h
              R²_rand=0.7067  R²_naive=-0.4175  U_t=0.0532  U_b=0.5259  AUC=0.9995  Top1=0.9778
  timing: data=3.2ms  fwd=23.1ms  bwd=10.2ms  total=36.9ms
[  35900] loss=2.2495  ema_loss=2.2867  gap=0.0100  ema_gap=0.0106  mixup=0/100  17.2 sps  ETA 1.0h
              R²_rand=0.7169  R²_naive=-0.4545  U_t=0.0535  U_b=0.5763  AUC=0.9999  Top1=0.9926
  timing: data=3.0ms  fwd=21.0ms  bwd=10.1ms  total=34.5ms
[  36000] loss=2.2762  ema_loss=2.2807  gap=0.0063  ema_gap=0.0100  mixup=0/100  17.2 sps  ETA 1.0h
              R²_rand=0.7174  R²_naive=-0.4767  U_t=0.0506  U_b=0.5544  AUC=0.9998  Top1=0.9915
  timing: data=3.1ms  fwd=23.8ms  bwd=12.3ms  total=39.7ms
[  36100] loss=2.2779  ema_loss=2.2837  gap=0.0020  ema_gap=0.0098  mixup=0/100  17.2 sps  ETA 1.0h
              R²_rand=0.7219  R²_naive=-0.5047  U_t=0.0548  U_b=0.5636  AUC=0.9997  Top1=0.9918
  timing: data=3.2ms  fwd=24.9ms  bwd=11.5ms  total=40.1ms
[  36200] loss=2.2044  ema_loss=2.2877  gap=0.0099  ema_gap=0.0098  mixup=0/100  17.3 sps  ETA 1.0h
              R²_rand=0.7263  R²_naive=-0.4864  U_t=0.0515  U_b=0.5631  AUC=0.9999  Top1=0.9918
  timing: data=3.3ms  fwd=24.7ms  bwd=10.8ms  total=39.3ms
[  36300] loss=2.2494  ema_loss=2.2928  gap=0.0105  ema_gap=0.0090  mixup=0/100  17.2 sps  ETA 1.0h
              R²_rand=0.7230  R²_naive=-0.4503  U_t=0.0526  U_b=0.5611  AUC=0.9998  Top1=0.9943
  timing: data=65.0ms  fwd=23.7ms  bwd=10.6ms  total=99.8ms
[  36400] loss=2.2744  ema_loss=2.3018  gap=0.0106  ema_gap=0.0082  mixup=0/100  17.2 sps  ETA 1.0h
              R²_rand=0.7245  R²_naive=-0.5212  U_t=0.0518  U_b=0.5627  AUC=0.9998  Top1=0.9929
  timing: data=3.7ms  fwd=25.1ms  bwd=10.3ms  total=39.6ms
[  36500] loss=2.2891  ema_loss=2.2930  gap=0.0143  ema_gap=0.0086  mixup=0/100  17.2 sps  ETA 1.0h
              R²_rand=0.7248  R²_naive=-0.4037  U_t=0.0520  U_b=0.5481  AUC=0.9998  Top1=0.9915
  timing: data=3.7ms  fwd=25.1ms  bwd=10.0ms  total=39.3ms
[  36600] loss=2.2673  ema_loss=2.3011  gap=-0.0016  ema_gap=0.0066  mixup=0/100  17.2 sps  ETA 1.0h
              R²_rand=0.7309  R²_naive=-0.5590  U_t=0.0536  U_b=0.5611  AUC=0.9998  Top1=0.9901
  timing: data=3.5ms  fwd=25.4ms  bwd=10.1ms  total=39.4ms
[  36700] loss=2.3386  ema_loss=2.2975  gap=0.0053  ema_gap=0.0086  mixup=0/100  17.2 sps  ETA 1.0h
              R²_rand=0.7129  R²_naive=-0.4807  U_t=0.0522  U_b=0.5461  AUC=0.9996  Top1=0.9903
  timing: data=3.5ms  fwd=25.3ms  bwd=10.6ms  total=40.0ms
[  36800] loss=2.3237  ema_loss=2.2943  gap=0.0113  ema_gap=0.0088  mixup=0/100  17.2 sps  ETA 1.0h
              R²_rand=0.7385  R²_naive=-0.4855  U_t=0.0502  U_b=0.5637  AUC=0.9998  Top1=0.9847
  timing: data=3.7ms  fwd=26.2ms  bwd=12.0ms  total=42.6ms
[  36900] loss=2.3035  ema_loss=2.2950  gap=-0.0006  ema_gap=0.0078  mixup=0/100  17.2 sps  ETA 1.0h
              R²_rand=0.7151  R²_naive=-0.5394  U_t=0.0539  U_b=0.5652  AUC=0.9998  Top1=0.9892
  timing: data=4.6ms  fwd=32.8ms  bwd=13.7ms  total=52.0ms
[  37000] loss=2.3557  ema_loss=2.2982  gap=0.0028  ema_gap=0.0076  mixup=0/100  17.2 sps  ETA 1.0h
              R²_rand=0.7091  R²_naive=-0.5402  U_t=0.0552  U_b=0.5419  AUC=0.9998  Top1=0.9903
  timing: data=4.3ms  fwd=28.6ms  bwd=13.0ms  total=46.9ms
[  37100] loss=2.3310  ema_loss=2.2929  gap=0.0022  ema_gap=0.0078  mixup=0/100  17.2 sps  ETA 1.0h
              R²_rand=0.7280  R²_naive=-0.5620  U_t=0.0516  U_b=0.5338  AUC=0.9998  Top1=0.9915
  timing: data=4.2ms  fwd=27.4ms  bwd=13.1ms  total=45.5ms
[  37200] loss=2.1928  ema_loss=2.2891  gap=0.0160  ema_gap=0.0080  mixup=0/100  17.2 sps  ETA 1.0h
              R²_rand=0.7385  R²_naive=-0.4461  U_t=0.0532  U_b=0.5612  AUC=0.9999  Top1=0.9946
  timing: data=4.2ms  fwd=27.8ms  bwd=11.5ms  total=44.3ms
[  37300] loss=2.2825  ema_loss=2.2897  gap=0.0143  ema_gap=0.0066  mixup=0/100  17.2 sps  ETA 1.0h
              R²_rand=0.7298  R²_naive=-0.4577  U_t=0.0517  U_b=0.5518  AUC=0.9999  Top1=0.9926
  timing: data=3.5ms  fwd=25.4ms  bwd=10.2ms  total=39.7ms
[  37400] loss=2.4346  ema_loss=2.2907  gap=0.0060  ema_gap=0.0081  mixup=0/100  17.3 sps  ETA 1.0h
              R²_rand=0.7152  R²_naive=-0.4995  U_t=0.0536  U_b=0.5344  AUC=0.9997  Top1=0.9841
  timing: data=3.5ms  fwd=25.3ms  bwd=10.5ms  total=39.8ms
[  37500] loss=2.2439  ema_loss=2.2910  gap=-0.0012  ema_gap=0.0076  mixup=0/100  17.2 sps  ETA 1.0h
              R²_rand=0.7247  R²_naive=-0.5417  U_t=0.0542  U_b=0.5557  AUC=0.9999  Top1=0.9937
  timing: data=84.4ms  fwd=23.2ms  bwd=10.7ms  total=118.8ms
[  37600] loss=2.2165  ema_loss=2.2943  gap=0.0121  ema_gap=0.0076  mixup=0/100  17.2 sps  ETA 1.0h
              R²_rand=0.7326  R²_naive=-0.5296  U_t=0.0508  U_b=0.5590  AUC=0.9998  Top1=0.9903
  timing: data=3.4ms  fwd=25.1ms  bwd=10.1ms  total=39.1ms
[  37700] loss=2.1798  ema_loss=2.2977  gap=0.0255  ema_gap=0.0081  mixup=0/100  17.2 sps  ETA 1.0h
              R²_rand=0.7398  R²_naive=-0.3468  U_t=0.0538  U_b=0.5677  AUC=0.9999  Top1=0.9932
  timing: data=3.4ms  fwd=27.7ms  bwd=10.9ms  total=42.5ms
[  37800] loss=2.3121  ema_loss=2.2948  gap=0.0033  ema_gap=0.0075  mixup=0/100  17.2 sps  ETA 1.0h
              R²_rand=0.7250  R²_naive=-0.5143  U_t=0.0533  U_b=0.5398  AUC=0.9999  Top1=0.9906
  timing: data=3.4ms  fwd=25.3ms  bwd=9.0ms  total=38.2ms
[  37900] loss=2.2829  ema_loss=2.3018  gap=0.0139  ema_gap=0.0092  mixup=0/100  17.2 sps  ETA 1.0h
              R²_rand=0.7118  R²_naive=-0.4620  U_t=0.0554  U_b=0.5519  AUC=0.9999  Top1=0.9912
  timing: data=3.5ms  fwd=24.9ms  bwd=8.2ms  total=37.1ms
[  38000] loss=2.4427  ema_loss=2.3068  gap=0.0118  ema_gap=0.0089  mixup=0/100  17.2 sps  ETA 1.0h
              R²_rand=0.7100  R²_naive=-0.5472  U_t=0.0507  U_b=0.5478  AUC=0.9991  Top1=0.9506
  timing: data=3.4ms  fwd=25.8ms  bwd=10.3ms  total=40.1ms
[  38100] loss=2.2395  ema_loss=2.2979  gap=0.0044  ema_gap=0.0090  mixup=0/100  17.2 sps  ETA 1.0h
              R²_rand=0.7191  R²_naive=-0.5126  U_t=0.0551  U_b=0.5849  AUC=0.9999  Top1=0.9929
  timing: data=3.5ms  fwd=25.3ms  bwd=9.9ms  total=39.2ms
[  38200] loss=2.3137  ema_loss=2.2930  gap=-0.0003  ema_gap=0.0093  mixup=0/100  17.2 sps  ETA 1.0h
              R²_rand=0.7119  R²_naive=-0.4710  U_t=0.0568  U_b=0.5588  AUC=0.9998  Top1=0.9889
  timing: data=3.5ms  fwd=24.9ms  bwd=10.0ms  total=38.9ms
[  38300] loss=2.2402  ema_loss=2.3023  gap=0.0149  ema_gap=0.0084  mixup=0/100  17.2 sps  ETA 1.0h
              R²_rand=0.7168  R²_naive=-0.4496  U_t=0.0520  U_b=0.5609  AUC=0.9999  Top1=0.9858
  timing: data=3.4ms  fwd=25.4ms  bwd=10.4ms  total=39.7ms
[  38400] loss=2.1946  ema_loss=2.3032  gap=0.0063  ema_gap=0.0074  mixup=0/100  17.2 sps  ETA 1.0h
              R²_rand=0.7302  R²_naive=-0.4443  U_t=0.0528  U_b=0.5737  AUC=0.9999  Top1=0.9929
  timing: data=3.3ms  fwd=25.8ms  bwd=10.1ms  total=39.7ms
[  38500] loss=2.4102  ema_loss=2.3059  gap=0.0092  ema_gap=0.0069  mixup=0/100  17.3 sps  ETA 1.0h
              R²_rand=0.7218  R²_naive=-0.5375  U_t=0.0481  U_b=0.5517  AUC=0.9998  Top1=0.9824
  timing: data=3.4ms  fwd=27.3ms  bwd=10.0ms  total=41.2ms
[  38600] loss=2.2782  ema_loss=2.3006  gap=-0.0031  ema_gap=0.0066  mixup=0/100  17.3 sps  ETA 1.0h
              R²_rand=0.7234  R²_naive=-0.5607  U_t=0.0522  U_b=0.5569  AUC=1.0000  Top1=0.9940
  timing: data=3.3ms  fwd=25.1ms  bwd=9.5ms  total=38.4ms
[  38700] loss=2.3088  ema_loss=2.3018  gap=0.0095  ema_gap=0.0071  mixup=0/100  17.3 sps  ETA 1.0h
              R²_rand=0.7266  R²_naive=-0.4506  U_t=0.0538  U_b=0.5615  AUC=0.9997  Top1=0.9841
  timing: data=3.3ms  fwd=24.6ms  bwd=9.7ms  total=38.1ms
[  38800] loss=2.2150  ema_loss=2.2944  gap=0.0169  ema_gap=0.0089  mixup=0/100  17.2 sps  ETA 1.0h
              R²_rand=0.7289  R²_naive=-0.4648  U_t=0.0512  U_b=0.5652  AUC=0.9999  Top1=0.9946
  timing: data=74.1ms  fwd=22.9ms  bwd=10.5ms  total=108.0ms
[  38900] loss=2.2878  ema_loss=2.2964  gap=0.0023  ema_gap=0.0097  mixup=0/100  17.2 sps  ETA 1.0h
              R²_rand=0.7100  R²_naive=-0.5197  U_t=0.0541  U_b=0.5876  AUC=0.9999  Top1=0.9932
  timing: data=3.9ms  fwd=25.1ms  bwd=9.4ms  total=38.9ms
[  39000] loss=2.1764  ema_loss=2.3013  gap=0.0237  ema_gap=0.0082  mixup=0/100  17.2 sps  ETA 1.0h
              R²_rand=0.7230  R²_naive=-0.3606  U_t=0.0532  U_b=0.5765  AUC=0.9998  Top1=0.9920
  timing: data=3.4ms  fwd=24.9ms  bwd=10.6ms  total=39.4ms
[  39100] loss=2.3215  ema_loss=2.3034  gap=-0.0008  ema_gap=0.0074  mixup=0/100  17.2 sps  ETA 1.0h
              R²_rand=0.7204  R²_naive=-0.4888  U_t=0.0579  U_b=0.5452  AUC=0.9999  Top1=0.9920
  timing: data=3.5ms  fwd=25.5ms  bwd=11.3ms  total=40.8ms
[  39200] loss=2.2863  ema_loss=2.3119  gap=0.0014  ema_gap=0.0080  mixup=0/100  17.2 sps  ETA 1.0h
              R²_rand=0.7128  R²_naive=-0.5036  U_t=0.0539  U_b=0.5639  AUC=0.9993  Top1=0.9767
  timing: data=3.4ms  fwd=25.0ms  bwd=11.4ms  total=40.4ms
[  39300] loss=2.4293  ema_loss=2.3037  gap=0.0129  ema_gap=0.0084  mixup=0/100  17.2 sps  ETA 1.0h
              R²_rand=0.7253  R²_naive=-0.4052  U_t=0.0558  U_b=0.5305  AUC=0.9999  Top1=0.9920
  timing: data=3.5ms  fwd=27.7ms  bwd=10.6ms  total=42.3ms
[  39400] loss=2.4750  ema_loss=2.3105  gap=0.0093  ema_gap=0.0081  mixup=0/100  17.3 sps  ETA 1.0h
              R²_rand=0.7225  R²_naive=-0.4596  U_t=0.0547  U_b=0.5487  AUC=0.9996  Top1=0.9668
  timing: data=3.2ms  fwd=23.1ms  bwd=10.7ms  total=37.4ms
[  39500] loss=2.3230  ema_loss=2.3007  gap=0.0089  ema_gap=0.0073  mixup=0/100  17.3 sps  ETA 1.0h
              R²_rand=0.7238  R²_naive=-0.4801  U_t=0.0532  U_b=0.5641  AUC=0.9997  Top1=0.9886
  timing: data=3.0ms  fwd=21.0ms  bwd=10.9ms  total=35.5ms
[  39600] loss=2.3184  ema_loss=2.3075  gap=0.0012  ema_gap=0.0072  mixup=0/100  17.3 sps  ETA 1.0h
              R²_rand=0.7073  R²_naive=-0.5256  U_t=0.0523  U_b=0.5491  AUC=0.9998  Top1=0.9889
  timing: data=3.4ms  fwd=25.0ms  bwd=10.6ms  total=39.5ms
[  39700] loss=2.3788  ema_loss=2.3014  gap=-0.0099  ema_gap=0.0077  mixup=0/100  17.3 sps  ETA 1.0h
              R²_rand=0.7034  R²_naive=-0.5808  U_t=0.0570  U_b=0.5481  AUC=0.9994  Top1=0.9903
  timing: data=3.4ms  fwd=24.9ms  bwd=10.8ms  total=39.6ms
[  39800] loss=2.3276  ema_loss=2.3068  gap=0.0072  ema_gap=0.0064  mixup=0/100  17.3 sps  ETA 1.0h
              R²_rand=0.7185  R²_naive=-0.5110  U_t=0.0539  U_b=0.5643  AUC=0.9998  Top1=0.9858
  timing: data=3.4ms  fwd=25.4ms  bwd=10.6ms  total=39.9ms
[  39900] loss=2.2645  ema_loss=2.3089  gap=-0.0067  ema_gap=0.0064  mixup=0/100  17.3 sps  ETA 1.0h
              R²_rand=0.7301  R²_naive=-0.5618  U_t=0.0543  U_b=0.5578  AUC=0.9999  Top1=0.9920
  timing: data=3.5ms  fwd=25.2ms  bwd=11.3ms  total=40.5ms
[  40000] loss=2.3658  ema_loss=2.3043  gap=0.0011  ema_gap=0.0066  mixup=0/100  17.2 sps  ETA 1.0h
              R²_rand=0.7095  R²_naive=-0.5057  U_t=0.0548  U_b=0.5428  AUC=0.9997  Top1=0.9861
  timing: data=95.9ms  fwd=23.4ms  bwd=11.0ms  total=130.8ms
  -> Saved /home/jupyter/checkpoints_backup/cf-388/pred_moco_sched/ats_pred_moco_sched_40k.pth
[  40100] loss=2.2406  ema_loss=2.3042  gap=0.0090  ema_gap=0.0068  mixup=0/100  17.2 sps  ETA 1.0h
              R²_rand=0.7233  R²_naive=-0.4460  U_t=0.0532  U_b=0.5477  AUC=0.9999  Top1=0.9946
  timing: data=3.5ms  fwd=27.1ms  bwd=11.0ms  total=42.0ms
[  40200] loss=2.2521  ema_loss=2.2905  gap=0.0222  ema_gap=0.0079  mixup=0/100  17.2 sps  ETA 1.0h
              R²_rand=0.7414  R²_naive=-0.4523  U_t=0.0477  U_b=0.5342  AUC=0.9999  Top1=0.9923
  timing: data=3.6ms  fwd=24.9ms  bwd=11.3ms  total=40.4ms
[  40300] loss=2.2266  ema_loss=2.2852  gap=0.0096  ema_gap=0.0079  mixup=0/100  17.2 sps  ETA 1.0h
              R²_rand=0.7192  R²_naive=-0.4682  U_t=0.0543  U_b=0.5665  AUC=0.9998  Top1=0.9929
  timing: data=3.5ms  fwd=25.2ms  bwd=11.9ms  total=41.1ms
[  40400] loss=2.4168  ema_loss=2.3021  gap=-0.0115  ema_gap=0.0072  mixup=0/100  17.2 sps  ETA 1.0h
              R²_rand=0.7055  R²_naive=-0.6795  U_t=0.0518  U_b=0.5356  AUC=0.9995  Top1=0.9639
  timing: data=3.4ms  fwd=24.9ms  bwd=10.5ms  total=39.2ms
[  40500] loss=2.2150  ema_loss=2.3003  gap=0.0141  ema_gap=0.0071  mixup=0/100  17.3 sps  ETA 1.0h
              R²_rand=0.7333  R²_naive=-0.3777  U_t=0.0555  U_b=0.5750  AUC=0.9999  Top1=0.9937
  timing: data=3.4ms  fwd=25.4ms  bwd=10.3ms  total=39.6ms
[  40600] loss=2.3244  ema_loss=2.2975  gap=0.0011  ema_gap=0.0070  mixup=0/100  17.3 sps  ETA 1.0h
              R²_rand=0.7176  R²_naive=-0.5335  U_t=0.0510  U_b=0.5461  AUC=0.9998  Top1=0.9884
  timing: data=3.5ms  fwd=25.7ms  bwd=10.6ms  total=40.3ms
[  40700] loss=2.5207  ema_loss=2.2908  gap=-0.0033  ema_gap=0.0062  mixup=0/100  17.3 sps  ETA 1.0h
              R²_rand=0.7209  R²_naive=-0.5414  U_t=0.0541  U_b=0.5309  AUC=0.9993  Top1=0.9707
  timing: data=3.5ms  fwd=25.7ms  bwd=11.5ms  total=41.2ms
[  40800] loss=2.2612  ema_loss=2.2884  gap=0.0096  ema_gap=0.0060  mixup=0/100  17.3 sps  ETA 1.0h
              R²_rand=0.7291  R²_naive=-0.3962  U_t=0.0586  U_b=0.5520  AUC=0.9996  Top1=0.9886
  timing: data=3.3ms  fwd=25.2ms  bwd=11.8ms  total=40.7ms
[  40900] loss=2.3871  ema_loss=2.3056  gap=0.0170  ema_gap=0.0043  mixup=0/100  17.3 sps  ETA 1.0h
              R²_rand=0.7366  R²_naive=-0.4696  U_t=0.0496  U_b=0.5656  AUC=0.9997  Top1=0.9773
  timing: data=3.6ms  fwd=26.7ms  bwd=11.5ms  total=42.3ms
[  41000] loss=2.2293  ema_loss=2.3039  gap=0.0146  ema_gap=0.0041  mixup=0/100  17.3 sps  ETA 0.9h
              R²_rand=0.7218  R²_naive=-0.4699  U_t=0.0518  U_b=0.5721  AUC=0.9997  Top1=0.9918
  timing: data=3.5ms  fwd=24.6ms  bwd=10.5ms  total=39.2ms
[  41100] loss=2.3323  ema_loss=2.3000  gap=0.0054  ema_gap=0.0053  mixup=0/100  17.3 sps  ETA 0.9h
              R²_rand=0.6982  R²_naive=-0.4489  U_t=0.0547  U_b=0.5653  AUC=0.9998  Top1=0.9861
  timing: data=3.6ms  fwd=25.0ms  bwd=10.4ms  total=39.5ms
[  41200] loss=2.6294  ema_loss=2.3026  gap=0.0074  ema_gap=0.0052  mixup=0/100  17.3 sps  ETA 0.9h
              R²_rand=0.7138  R²_naive=-0.6023  U_t=0.0501  U_b=0.5103  AUC=0.9982  Top1=0.9327
  timing: data=3.6ms  fwd=25.2ms  bwd=10.7ms  total=40.1ms
[  41300] loss=2.3466  ema_loss=2.3036  gap=0.0005  ema_gap=0.0051  mixup=0/100  17.2 sps  ETA 0.9h
              R²_rand=0.7131  R²_naive=-0.5267  U_t=0.0547  U_b=0.5480  AUC=0.9998  Top1=0.9929
  timing: data=118.6ms  fwd=23.7ms  bwd=10.6ms  total=153.4ms
[  41400] loss=2.3777  ema_loss=2.2985  gap=-0.0034  ema_gap=0.0070  mixup=0/100  17.2 sps  ETA 0.9h
              R²_rand=0.7186  R²_naive=-0.5503  U_t=0.0545  U_b=0.5248  AUC=0.9998  Top1=0.9841
  timing: data=3.7ms  fwd=25.3ms  bwd=11.8ms  total=41.3ms
[  41500] loss=2.6431  ema_loss=2.3108  gap=-0.0034  ema_gap=0.0055  mixup=0/100  17.2 sps  ETA 0.9h
              R²_rand=0.7211  R²_naive=-0.5687  U_t=0.0551  U_b=0.5321  AUC=0.9998  Top1=0.9858
  timing: data=3.8ms  fwd=25.3ms  bwd=11.2ms  total=40.8ms
[  41600] loss=2.2429  ema_loss=2.3145  gap=0.0162  ema_gap=0.0052  mixup=0/100  17.2 sps  ETA 0.9h
              R²_rand=0.7371  R²_naive=-0.4187  U_t=0.0552  U_b=0.5638  AUC=0.9997  Top1=0.9884
  timing: data=3.4ms  fwd=25.2ms  bwd=13.3ms  total=42.5ms
[  41700] loss=2.1823  ema_loss=2.2979  gap=0.0129  ema_gap=0.0068  mixup=0/100  17.2 sps  ETA 0.9h
              R²_rand=0.7432  R²_naive=-0.4476  U_t=0.0523  U_b=0.5834  AUC=0.9999  Top1=0.9935
  timing: data=3.5ms  fwd=25.1ms  bwd=11.9ms  total=41.0ms
[  41800] loss=2.2868  ema_loss=2.2969  gap=0.0104  ema_gap=0.0051  mixup=0/100  17.2 sps  ETA 0.9h
              R²_rand=0.7223  R²_naive=-0.4540  U_t=0.0512  U_b=0.5580  AUC=0.9997  Top1=0.9895
  timing: data=3.9ms  fwd=27.2ms  bwd=9.5ms  total=41.0ms
[  41900] loss=2.2725  ema_loss=2.3040  gap=-0.0037  ema_gap=0.0032  mixup=0/100  17.2 sps  ETA 0.9h
              R²_rand=0.7085  R²_naive=-0.5536  U_t=0.0534  U_b=0.5802  AUC=0.9999  Top1=0.9915
  timing: data=3.7ms  fwd=25.2ms  bwd=9.9ms  total=39.3ms
[  42000] loss=2.3433  ema_loss=2.3091  gap=0.0081  ema_gap=0.0046  mixup=0/100  17.2 sps  ETA 0.9h
              R²_rand=0.7248  R²_naive=-0.4984  U_t=0.0535  U_b=0.5684  AUC=0.9999  Top1=0.9901
  timing: data=3.4ms  fwd=25.2ms  bwd=10.0ms  total=39.1ms
[  42100] loss=2.4398  ema_loss=2.3008  gap=0.0072  ema_gap=0.0048  mixup=0/100  17.2 sps  ETA 0.9h
              R²_rand=0.7119  R²_naive=-0.5747  U_t=0.0548  U_b=0.5418  AUC=0.9992  Top1=0.9551
  timing: data=3.4ms  fwd=25.1ms  bwd=10.1ms  total=39.0ms
[  42200] loss=2.4203  ema_loss=2.2917  gap=0.0049  ema_gap=0.0052  mixup=0/100  17.3 sps  ETA 0.9h
              R²_rand=0.7144  R²_naive=-0.4846  U_t=0.0569  U_b=0.5541  AUC=0.9996  Top1=0.9812
  timing: data=3.3ms  fwd=24.8ms  bwd=10.0ms  total=38.7ms
[  42300] loss=2.3888  ema_loss=2.2905  gap=0.0045  ema_gap=0.0059  mixup=0/100  17.3 sps  ETA 0.9h
              R²_rand=0.7070  R²_naive=-0.5675  U_t=0.0553  U_b=0.5367  AUC=0.9994  Top1=0.9827
  timing: data=3.3ms  fwd=24.9ms  bwd=10.3ms  total=39.0ms
[  42400] loss=2.3423  ema_loss=2.2806  gap=0.0034  ema_gap=0.0078  mixup=0/100  17.3 sps  ETA 0.9h
              R²_rand=0.7061  R²_naive=-0.5890  U_t=0.0499  U_b=0.5551  AUC=0.9997  Top1=0.9807
  timing: data=3.3ms  fwd=24.8ms  bwd=10.0ms  total=38.6ms
[  42500] loss=2.3521  ema_loss=2.2887  gap=0.0106  ema_gap=0.0081  mixup=0/100  17.2 sps  ETA 0.9h
              R²_rand=0.7194  R²_naive=-0.4841  U_t=0.0533  U_b=0.5396  AUC=0.9997  Top1=0.9889
  timing: data=70.7ms  fwd=23.0ms  bwd=10.0ms  total=104.2ms
[  42600] loss=2.3495  ema_loss=2.2925  gap=-0.0060  ema_gap=0.0071  mixup=0/100  17.2 sps  ETA 0.9h
              R²_rand=0.7172  R²_naive=-0.5490  U_t=0.0520  U_b=0.5687  AUC=0.9999  Top1=0.9906
  timing: data=3.5ms  fwd=27.3ms  bwd=9.8ms  total=41.1ms
[  42700] loss=2.3860  ema_loss=2.2945  gap=0.0164  ema_gap=0.0076  mixup=0/100  17.2 sps  ETA 0.9h
              R²_rand=0.7046  R²_naive=-0.6871  U_t=0.0470  U_b=0.5234  AUC=0.9987  Top1=0.9418
  timing: data=3.5ms  fwd=25.3ms  bwd=10.2ms  total=39.5ms
[  42800] loss=2.2234  ema_loss=2.2905  gap=0.0028  ema_gap=0.0083  mixup=0/100  17.2 sps  ETA 0.9h
              R²_rand=0.7153  R²_naive=-0.5282  U_t=0.0534  U_b=0.5875  AUC=0.9998  Top1=0.9949
  timing: data=3.1ms  fwd=20.7ms  bwd=11.4ms  total=35.6ms
[  42900] loss=2.2903  ema_loss=2.2966  gap=-0.0042  ema_gap=0.0068  mixup=0/100  17.3 sps  ETA 0.9h
              R²_rand=0.7155  R²_naive=-0.5385  U_t=0.0567  U_b=0.5608  AUC=0.9998  Top1=0.9895
  timing: data=3.0ms  fwd=20.6ms  bwd=13.6ms  total=37.7ms
[  43000] loss=2.2286  ema_loss=2.2941  gap=0.0096  ema_gap=0.0065  mixup=0/100  17.3 sps  ETA 0.9h
              R²_rand=0.7224  R²_naive=-0.4364  U_t=0.0538  U_b=0.5705  AUC=0.9997  Top1=0.9886
  timing: data=3.1ms  fwd=23.0ms  bwd=12.9ms  total=39.5ms
[  43100] loss=2.3118  ema_loss=2.2816  gap=-0.0008  ema_gap=0.0075  mixup=0/100  17.3 sps  ETA 0.9h
              R²_rand=0.7247  R²_naive=-0.4737  U_t=0.0539  U_b=0.5649  AUC=0.9998  Top1=0.9827
  timing: data=3.4ms  fwd=25.2ms  bwd=12.0ms  total=41.1ms
[  43200] loss=2.2785  ema_loss=2.2826  gap=0.0041  ema_gap=0.0080  mixup=0/100  17.3 sps  ETA 0.9h
              R²_rand=0.7117  R²_naive=-0.5058  U_t=0.0538  U_b=0.5497  AUC=0.9998  Top1=0.9901
  timing: data=3.4ms  fwd=24.7ms  bwd=10.1ms  total=38.7ms
[  43300] loss=2.4334  ema_loss=2.2861  gap=0.0022  ema_gap=0.0068  mixup=0/100  17.3 sps  ETA 0.9h
              R²_rand=0.7227  R²_naive=-0.5161  U_t=0.0539  U_b=0.5647  AUC=0.9996  Top1=0.9736
  timing: data=3.5ms  fwd=24.8ms  bwd=10.0ms  total=38.8ms
[  43400] loss=2.2632  ema_loss=2.2893  gap=0.0127  ema_gap=0.0071  mixup=0/100  17.3 sps  ETA 0.9h
              R²_rand=0.7272  R²_naive=-0.4312  U_t=0.0555  U_b=0.5570  AUC=0.9998  Top1=0.9898
  timing: data=3.4ms  fwd=26.8ms  bwd=10.2ms  total=40.9ms
[  43500] loss=2.4365  ema_loss=2.2743  gap=0.0035  ema_gap=0.0087  mixup=0/100  17.3 sps  ETA 0.9h
              R²_rand=0.7246  R²_naive=-0.4554  U_t=0.0542  U_b=0.5809  AUC=0.9995  Top1=0.9696
  timing: data=3.3ms  fwd=25.2ms  bwd=10.0ms  total=39.0ms
[  43600] loss=2.3303  ema_loss=2.2829  gap=0.0056  ema_gap=0.0089  mixup=0/100  17.3 sps  ETA 0.9h
              R²_rand=0.7211  R²_naive=-0.4916  U_t=0.0556  U_b=0.5568  AUC=0.9996  Top1=0.9918
  timing: data=3.3ms  fwd=24.8ms  bwd=9.9ms  total=38.5ms
[  43700] loss=2.1789  ema_loss=2.2862  gap=0.0024  ema_gap=0.0069  mixup=0/100  17.3 sps  ETA 0.9h
              R²_rand=0.7171  R²_naive=-0.5085  U_t=0.0515  U_b=0.5918  AUC=0.9998  Top1=0.9920
  timing: data=3.4ms  fwd=24.5ms  bwd=10.0ms  total=38.4ms
[  43800] loss=2.3696  ema_loss=2.2981  gap=0.0079  ema_gap=0.0061  mixup=0/100  17.3 sps  ETA 0.9h
              R²_rand=0.7079  R²_naive=-0.5205  U_t=0.0530  U_b=0.5606  AUC=0.9995  Top1=0.9696
  timing: data=83.2ms  fwd=23.4ms  bwd=9.7ms  total=116.9ms
[  43900] loss=2.2369  ema_loss=2.3026  gap=0.0144  ema_gap=0.0059  mixup=0/100  17.3 sps  ETA 0.9h
              R²_rand=0.7143  R²_naive=-0.4066  U_t=0.0540  U_b=0.5651  AUC=0.9999  Top1=0.9903
  timing: data=3.3ms  fwd=25.1ms  bwd=10.0ms  total=38.9ms
[  44000] loss=2.3346  ema_loss=2.3173  gap=-0.0000  ema_gap=0.0065  mixup=0/100  17.3 sps  ETA 0.9h
              R²_rand=0.7128  R²_naive=-0.4724  U_t=0.0570  U_b=0.5774  AUC=0.9997  Top1=0.9884
  timing: data=3.5ms  fwd=24.9ms  bwd=10.0ms  total=38.9ms
[  44100] loss=2.2301  ema_loss=2.3013  gap=0.0069  ema_gap=0.0066  mixup=0/100  17.3 sps  ETA 0.9h
              R²_rand=0.7264  R²_naive=-0.4268  U_t=0.0572  U_b=0.5815  AUC=0.9996  Top1=0.9912
  timing: data=3.4ms  fwd=24.6ms  bwd=9.7ms  total=38.2ms
[  44200] loss=2.2474  ema_loss=2.2987  gap=0.0087  ema_gap=0.0057  mixup=0/100  17.3 sps  ETA 0.9h
              R²_rand=0.7297  R²_naive=-0.5397  U_t=0.0490  U_b=0.5819  AUC=0.9999  Top1=0.9926
  timing: data=3.2ms  fwd=24.8ms  bwd=10.0ms  total=38.5ms
[  44300] loss=2.3830  ema_loss=2.2936  gap=0.0056  ema_gap=0.0076  mixup=0/100  17.3 sps  ETA 0.9h
              R²_rand=0.7198  R²_naive=-0.5762  U_t=0.0512  U_b=0.5229  AUC=0.9997  Top1=0.9841
  timing: data=3.5ms  fwd=27.2ms  bwd=11.7ms  total=42.9ms
[  44400] loss=2.4196  ema_loss=2.2952  gap=-0.0039  ema_gap=0.0064  mixup=0/100  17.3 sps  ETA 0.9h
              R²_rand=0.7173  R²_naive=-0.5798  U_t=0.0531  U_b=0.5514  AUC=0.9998  Top1=0.9821
  timing: data=3.3ms  fwd=25.8ms  bwd=14.5ms  total=44.0ms
[  44500] loss=2.2187  ema_loss=2.3010  gap=0.0094  ema_gap=0.0064  mixup=0/100  17.3 sps  ETA 0.9h
              R²_rand=0.7146  R²_naive=-0.4388  U_t=0.0553  U_b=0.5695  AUC=0.9998  Top1=0.9889
  timing: data=3.3ms  fwd=25.9ms  bwd=12.7ms  total=42.4ms
[  44600] loss=2.2910  ema_loss=2.2870  gap=0.0215  ema_gap=0.0065  mixup=0/100  17.3 sps  ETA 0.9h
              R²_rand=0.7270  R²_naive=-0.3840  U_t=0.0558  U_b=0.5672  AUC=0.9999  Top1=0.9918
  timing: data=3.3ms  fwd=25.1ms  bwd=9.8ms  total=38.7ms
[  44700] loss=2.3288  ema_loss=2.2942  gap=0.0045  ema_gap=0.0068  mixup=0/100  17.3 sps  ETA 0.9h
              R²_rand=0.7153  R²_naive=-0.5343  U_t=0.0534  U_b=0.5519  AUC=0.9998  Top1=0.9895
  timing: data=3.2ms  fwd=25.0ms  bwd=10.0ms  total=38.7ms
[  44800] loss=2.2558  ema_loss=2.2984  gap=0.0120  ema_gap=0.0071  mixup=0/100  17.3 sps  ETA 0.9h
              R²_rand=0.7066  R²_naive=-0.5348  U_t=0.0513  U_b=0.5672  AUC=0.9998  Top1=0.9892
  timing: data=3.3ms  fwd=25.3ms  bwd=10.6ms  total=39.7ms
[  44900] loss=2.2979  ema_loss=2.2978  gap=0.0121  ema_gap=0.0081  mixup=0/100  17.3 sps  ETA 0.9h
              R²_rand=0.7267  R²_naive=-0.4520  U_t=0.0549  U_b=0.5694  AUC=0.9998  Top1=0.9909
  timing: data=3.3ms  fwd=25.2ms  bwd=9.8ms  total=38.9ms
[  45000] loss=2.1661  ema_loss=2.2908  gap=0.0180  ema_gap=0.0069  mixup=0/100  17.3 sps  ETA 0.9h
              R²_rand=0.7344  R²_naive=-0.3955  U_t=0.0499  U_b=0.5970  AUC=0.9999  Top1=0.9909
  timing: data=76.0ms  fwd=22.6ms  bwd=10.0ms  total=109.0ms
  -> Saved /home/jupyter/checkpoints_backup/cf-388/pred_moco_sched/ats_pred_moco_sched_45k.pth
[  45100] loss=2.2177  ema_loss=2.2926  gap=0.0095  ema_gap=0.0083  mixup=0/100  17.3 sps  ETA 0.9h
              R²_rand=0.7268  R²_naive=-0.5041  U_t=0.0526  U_b=0.5703  AUC=0.9999  Top1=0.9926
  timing: data=3.4ms  fwd=26.9ms  bwd=10.2ms  total=40.9ms
[  45200] loss=2.3096  ema_loss=2.2915  gap=0.0032  ema_gap=0.0071  mixup=0/100  17.3 sps  ETA 0.9h
              R²_rand=0.7243  R²_naive=-0.4363  U_t=0.0570  U_b=0.5743  AUC=0.9996  Top1=0.9881
  timing: data=3.4ms  fwd=25.1ms  bwd=11.0ms  total=40.1ms
[  45300] loss=2.2345  ema_loss=2.2988  gap=0.0134  ema_gap=0.0069  mixup=0/100  17.3 sps  ETA 0.9h
              R²_rand=0.7211  R²_naive=-0.4298  U_t=0.0560  U_b=0.5702  AUC=0.9998  Top1=0.9895
  timing: data=3.4ms  fwd=25.1ms  bwd=10.4ms  total=39.4ms
[  45400] loss=2.3169  ema_loss=2.3006  gap=0.0063  ema_gap=0.0060  mixup=0/100  17.3 sps  ETA 0.9h
              R²_rand=0.7248  R²_naive=-0.4669  U_t=0.0559  U_b=0.5594  AUC=0.9996  Top1=0.9858
  timing: data=3.5ms  fwd=25.2ms  bwd=10.9ms  total=40.1ms
[  45500] loss=2.2647  ema_loss=2.2952  gap=0.0091  ema_gap=0.0063  mixup=0/100  17.3 sps  ETA 0.9h
              R²_rand=0.7261  R²_naive=-0.4538  U_t=0.0522  U_b=0.5712  AUC=0.9998  Top1=0.9920
  timing: data=3.4ms  fwd=25.2ms  bwd=10.9ms  total=39.9ms
[  45600] loss=2.4089  ema_loss=2.2979  gap=0.0115  ema_gap=0.0067  mixup=0/100  17.3 sps  ETA 0.9h
              R²_rand=0.7094  R²_naive=-0.5393  U_t=0.0523  U_b=0.5437  AUC=0.9985  Top1=0.9375
  timing: data=3.4ms  fwd=25.2ms  bwd=10.0ms  total=39.2ms
[  45700] loss=2.2880  ema_loss=2.2971  gap=0.0054  ema_gap=0.0069  mixup=0/100  17.3 sps  ETA 0.9h
              R²_rand=0.7267  R²_naive=-0.4546  U_t=0.0564  U_b=0.5648  AUC=0.9997  Top1=0.9895
  timing: data=3.4ms  fwd=25.0ms  bwd=10.5ms  total=39.4ms
[  45800] loss=2.3920  ema_loss=2.3113  gap=0.0045  ema_gap=0.0053  mixup=0/100  17.3 sps  ETA 0.9h
              R²_rand=0.7209  R²_naive=-0.5056  U_t=0.0534  U_b=0.5525  AUC=0.9997  Top1=0.9849
  timing: data=3.5ms  fwd=25.2ms  bwd=10.3ms  total=39.6ms
[  45900] loss=2.4048  ema_loss=2.2978  gap=-0.0016  ema_gap=0.0052  mixup=0/100  17.3 sps  ETA 0.9h
              R²_rand=0.7151  R²_naive=-0.4597  U_t=0.0579  U_b=0.5707  AUC=0.9994  Top1=0.9852
  timing: data=3.5ms  fwd=27.1ms  bwd=10.3ms  total=41.4ms
[  46000] loss=2.3607  ema_loss=2.2951  gap=0.0062  ema_gap=0.0050  mixup=0/100  17.3 sps  ETA 0.9h
              R²_rand=0.7231  R²_naive=-0.3976  U_t=0.0561  U_b=0.5794  AUC=0.9996  Top1=0.9838
  timing: data=3.3ms  fwd=25.1ms  bwd=11.1ms  total=40.0ms
[  46100] loss=2.2597  ema_loss=2.3025  gap=-0.0009  ema_gap=0.0054  mixup=0/100  17.3 sps  ETA 0.9h
              R²_rand=0.7110  R²_naive=-0.4485  U_t=0.0542  U_b=0.5811  AUC=0.9998  Top1=0.9920
  timing: data=3.4ms  fwd=25.0ms  bwd=9.7ms  total=38.6ms
[  46200] loss=2.2670  ema_loss=2.2891  gap=0.0083  ema_gap=0.0062  mixup=0/100  17.3 sps  ETA 0.9h
              R²_rand=0.7114  R²_naive=-0.4448  U_t=0.0544  U_b=0.5616  AUC=0.9998  Top1=0.9915
  timing: data=3.6ms  fwd=25.2ms  bwd=10.3ms  total=39.6ms
[  46300] loss=2.2617  ema_loss=2.2891  gap=0.0073  ema_gap=0.0071  mixup=0/100  17.3 sps  ETA 0.9h
              R²_rand=0.7233  R²_naive=-0.4104  U_t=0.0536  U_b=0.5825  AUC=0.9999  Top1=0.9932
  timing: data=100.6ms  fwd=19.8ms  bwd=9.7ms  total=130.5ms
[  46400] loss=2.3111  ema_loss=2.2965  gap=0.0033  ema_gap=0.0064  mixup=0/100  17.3 sps  ETA 0.9h
              R²_rand=0.7168  R²_naive=-0.5163  U_t=0.0504  U_b=0.5751  AUC=0.9998  Top1=0.9920
  timing: data=3.4ms  fwd=22.2ms  bwd=9.8ms  total=35.9ms
[  46500] loss=2.3466  ema_loss=2.2875  gap=-0.0065  ema_gap=0.0064  mixup=0/100  17.3 sps  ETA 0.9h
              R²_rand=0.7117  R²_naive=-0.5206  U_t=0.0559  U_b=0.5536  AUC=0.9996  Top1=0.9861
  timing: data=3.6ms  fwd=25.4ms  bwd=11.3ms  total=40.8ms
[  46600] loss=2.3072  ema_loss=2.2889  gap=0.0152  ema_gap=0.0076  mixup=0/100  17.3 sps  ETA 0.9h
              R²_rand=0.7179  R²_naive=-0.4431  U_t=0.0531  U_b=0.5352  AUC=0.9998  Top1=0.9901
  timing: data=3.8ms  fwd=25.3ms  bwd=10.5ms  total=40.1ms
[  46700] loss=2.3065  ema_loss=2.3004  gap=0.0087  ema_gap=0.0073  mixup=0/100  17.3 sps  ETA 0.9h
              R²_rand=0.7176  R²_naive=-0.5204  U_t=0.0510  U_b=0.5571  AUC=0.9998  Top1=0.9915
  timing: data=3.7ms  fwd=27.2ms  bwd=10.7ms  total=42.1ms
[  46800] loss=2.3394  ema_loss=2.3113  gap=-0.0005  ema_gap=0.0068  mixup=0/100  17.3 sps  ETA 0.9h
              R²_rand=0.7270  R²_naive=-0.4636  U_t=0.0557  U_b=0.5723  AUC=0.9999  Top1=0.9898
  timing: data=3.7ms  fwd=24.9ms  bwd=10.3ms  total=39.4ms
[  46900] loss=2.4557  ema_loss=2.2977  gap=0.0026  ema_gap=0.0072  mixup=0/100  17.3 sps  ETA 0.9h
              R²_rand=0.7123  R²_naive=-0.5364  U_t=0.0558  U_b=0.5666  AUC=0.9998  Top1=0.9821
  timing: data=3.5ms  fwd=25.4ms  bwd=10.2ms  total=39.7ms
[  47000] loss=2.2387  ema_loss=2.2995  gap=0.0204  ema_gap=0.0083  mixup=0/100  17.3 sps  ETA 0.9h
              R²_rand=0.7222  R²_naive=-0.3895  U_t=0.0530  U_b=0.5548  AUC=0.9998  Top1=0.9884
  timing: data=3.3ms  fwd=25.1ms  bwd=10.5ms  total=39.5ms
[  47100] loss=2.2597  ema_loss=2.2911  gap=0.0088  ema_gap=0.0086  mixup=0/100  17.3 sps  ETA 0.8h
              R²_rand=0.7224  R²_naive=-0.4502  U_t=0.0542  U_b=0.5902  AUC=0.9997  Top1=0.9906
  timing: data=3.7ms  fwd=25.7ms  bwd=9.6ms  total=39.5ms
[  47200] loss=2.2618  ema_loss=2.2939  gap=0.0001  ema_gap=0.0093  mixup=0/100  17.3 sps  ETA 0.8h
              R²_rand=0.7134  R²_naive=-0.4982  U_t=0.0543  U_b=0.5643  AUC=0.9999  Top1=0.9929
  timing: data=3.4ms  fwd=25.3ms  bwd=9.3ms  total=38.4ms
[  47300] loss=2.2241  ema_loss=2.2742  gap=0.0222  ema_gap=0.0092  mixup=0/100  17.3 sps  ETA 0.8h
              R²_rand=0.7370  R²_naive=-0.4164  U_t=0.0498  U_b=0.5757  AUC=0.9998  Top1=0.9923
  timing: data=3.5ms  fwd=25.1ms  bwd=13.8ms  total=43.0ms
[  47400] loss=2.2720  ema_loss=2.2963  gap=0.0094  ema_gap=0.0084  mixup=0/100  17.3 sps  ETA 0.8h
              R²_rand=0.7239  R²_naive=-0.4658  U_t=0.0528  U_b=0.5803  AUC=0.9998  Top1=0.9884
  timing: data=3.4ms  fwd=24.9ms  bwd=11.1ms  total=39.9ms
[  47500] loss=2.2554  ema_loss=2.2940  gap=0.0048  ema_gap=0.0079  mixup=0/100  17.3 sps  ETA 0.8h
              R²_rand=0.7120  R²_naive=-0.4839  U_t=0.0549  U_b=0.5809  AUC=0.9998  Top1=0.9872
  timing: data=88.7ms  fwd=23.2ms  bwd=10.4ms  total=122.8ms
[  47600] loss=2.3699  ema_loss=2.2886  gap=0.0024  ema_gap=0.0082  mixup=0/100  17.3 sps  ETA 0.8h
              R²_rand=0.7208  R²_naive=-0.4988  U_t=0.0542  U_b=0.5663  AUC=0.9998  Top1=0.9858
  timing: data=3.4ms  fwd=26.8ms  bwd=9.9ms  total=40.5ms
[  47700] loss=2.2682  ema_loss=2.2761  gap=0.0116  ema_gap=0.0097  mixup=0/100  17.3 sps  ETA 0.8h
              R²_rand=0.7155  R²_naive=-0.4587  U_t=0.0532  U_b=0.5746  AUC=0.9999  Top1=0.9920
  timing: data=3.3ms  fwd=25.3ms  bwd=9.8ms  total=38.9ms
[  47800] loss=2.2791  ema_loss=2.2779  gap=0.0119  ema_gap=0.0103  mixup=0/100  17.3 sps  ETA 0.8h
              R²_rand=0.7222  R²_naive=-0.4226  U_t=0.0549  U_b=0.5572  AUC=0.9995  Top1=0.9872
  timing: data=3.5ms  fwd=24.9ms  bwd=9.8ms  total=38.7ms
[  47900] loss=2.3610  ema_loss=2.2814  gap=-0.0020  ema_gap=0.0102  mixup=0/100  17.3 sps  ETA 0.8h
              R²_rand=0.7118  R²_naive=-0.5334  U_t=0.0529  U_b=0.5606  AUC=0.9998  Top1=0.9895
  timing: data=3.4ms  fwd=25.1ms  bwd=8.0ms  total=37.0ms
[  48000] loss=2.2498  ema_loss=2.2960  gap=0.0117  ema_gap=0.0104  mixup=0/100  17.3 sps  ETA 0.8h
              R²_rand=0.7177  R²_naive=-0.3950  U_t=0.0574  U_b=0.5755  AUC=0.9999  Top1=0.9898
  timing: data=3.4ms  fwd=25.4ms  bwd=8.4ms  total=37.7ms
[  48100] loss=2.2531  ema_loss=2.2929  gap=0.0056  ema_gap=0.0097  mixup=0/100  17.3 sps  ETA 0.8h
              R²_rand=0.7177  R²_naive=-0.4810  U_t=0.0550  U_b=0.5703  AUC=0.9998  Top1=0.9920
  timing: data=3.5ms  fwd=25.3ms  bwd=9.7ms  total=38.9ms
[  48200] loss=2.1959  ema_loss=2.2812  gap=0.0237  ema_gap=0.0108  mixup=0/100  17.3 sps  ETA 0.8h
              R²_rand=0.7350  R²_naive=-0.4879  U_t=0.0474  U_b=0.5873  AUC=0.9997  Top1=0.9920
  timing: data=3.4ms  fwd=24.9ms  bwd=10.0ms  total=38.8ms
[  48300] loss=2.2489  ema_loss=2.2814  gap=0.0241  ema_gap=0.0109  mixup=0/100  17.3 sps  ETA 0.8h
              R²_rand=0.7173  R²_naive=-0.3522  U_t=0.0537  U_b=0.5653  AUC=0.9998  Top1=0.9903
  timing: data=3.5ms  fwd=27.1ms  bwd=10.0ms  total=41.1ms
[  48400] loss=2.2312  ema_loss=2.2911  gap=0.0215  ema_gap=0.0106  mixup=0/100  17.3 sps  ETA 0.8h
              R²_rand=0.7320  R²_naive=-0.4000  U_t=0.0512  U_b=0.5707  AUC=0.9998  Top1=0.9915
  timing: data=3.5ms  fwd=25.3ms  bwd=8.2ms  total=37.5ms
[  48500] loss=2.3973  ema_loss=2.3030  gap=-0.0035  ema_gap=0.0099  mixup=0/100  17.3 sps  ETA 0.8h
              R²_rand=0.7090  R²_naive=-0.5107  U_t=0.0561  U_b=0.5485  AUC=0.9997  Top1=0.9892
  timing: data=3.5ms  fwd=25.6ms  bwd=8.6ms  total=38.2ms
[  48600] loss=2.3375  ema_loss=2.2863  gap=0.0119  ema_gap=0.0105  mixup=0/100  17.3 sps  ETA 0.8h
              R²_rand=0.7009  R²_naive=-0.5182  U_t=0.0505  U_b=0.5526  AUC=0.9997  Top1=0.9866
  timing: data=3.6ms  fwd=25.2ms  bwd=9.2ms  total=38.5ms
[  48700] loss=2.1721  ema_loss=2.2794  gap=0.0250  ema_gap=0.0107  mixup=0/100  17.3 sps  ETA 0.8h
              R²_rand=0.7256  R²_naive=-0.3416  U_t=0.0520  U_b=0.5860  AUC=0.9998  Top1=0.9926
  timing: data=3.4ms  fwd=25.7ms  bwd=11.3ms  total=40.9ms
[  48800] loss=2.2547  ema_loss=2.2833  gap=0.0100  ema_gap=0.0105  mixup=0/100  17.3 sps  ETA 0.8h
              R²_rand=0.7176  R²_naive=-0.4869  U_t=0.0536  U_b=0.5625  AUC=0.9999  Top1=0.9918
  timing: data=77.1ms  fwd=22.9ms  bwd=10.8ms  total=111.3ms
[  48900] loss=2.6241  ema_loss=2.2868  gap=0.0196  ema_gap=0.0115  mixup=0/100  17.3 sps  ETA 0.8h
              R²_rand=0.6925  R²_naive=-0.6692  U_t=0.0479  U_b=0.4408  AUC=0.9958  Top1=0.8972
  timing: data=3.3ms  fwd=25.5ms  bwd=9.9ms  total=39.3ms
[  49000] loss=2.1724  ema_loss=2.2884  gap=0.0211  ema_gap=0.0106  mixup=0/100  17.3 sps  ETA 0.8h
              R²_rand=0.7254  R²_naive=-0.3560  U_t=0.0540  U_b=0.5972  AUC=0.9998  Top1=0.9915
  timing: data=3.4ms  fwd=24.9ms  bwd=9.9ms  total=38.8ms
[  49100] loss=2.1464  ema_loss=2.2822  gap=0.0193  ema_gap=0.0097  mixup=0/100  17.3 sps  ETA 0.8h
              R²_rand=0.7340  R²_naive=-0.3879  U_t=0.0529  U_b=0.5984  AUC=0.9998  Top1=0.9929
  timing: data=3.3ms  fwd=24.8ms  bwd=10.6ms  total=39.2ms
[  49200] loss=2.3101  ema_loss=2.2777  gap=0.0213  ema_gap=0.0107  mixup=0/100  17.3 sps  ETA 0.8h
              R²_rand=0.7250  R²_naive=-0.5115  U_t=0.0471  U_b=0.5664  AUC=0.9996  Top1=0.9793
  timing: data=3.5ms  fwd=26.6ms  bwd=10.5ms  total=41.0ms
[  49300] loss=2.2823  ema_loss=2.2835  gap=0.0154  ema_gap=0.0121  mixup=0/100  17.3 sps  ETA 0.8h
              R²_rand=0.7274  R²_naive=-0.4107  U_t=0.0559  U_b=0.5605  AUC=0.9997  Top1=0.9901
  timing: data=3.4ms  fwd=25.2ms  bwd=10.1ms  total=39.1ms
[  49400] loss=2.2439  ema_loss=2.2898  gap=0.0143  ema_gap=0.0115  mixup=0/100  17.3 sps  ETA 0.8h
              R²_rand=0.7220  R²_naive=-0.3610  U_t=0.0564  U_b=0.5762  AUC=0.9997  Top1=0.9895
  timing: data=3.5ms  fwd=25.0ms  bwd=10.0ms  total=39.0ms
[  49500] loss=2.3390  ema_loss=2.2996  gap=0.0073  ema_gap=0.0113  mixup=0/100  17.3 sps  ETA 0.8h
              R²_rand=0.7108  R²_naive=-0.4762  U_t=0.0550  U_b=0.5640  AUC=0.9997  Top1=0.9807
  timing: data=3.6ms  fwd=24.9ms  bwd=10.6ms  total=39.6ms
[  49600] loss=2.4083  ema_loss=2.2852  gap=0.0132  ema_gap=0.0116  mixup=0/100  17.3 sps  ETA 0.8h
              R²_rand=0.7122  R²_naive=-0.5818  U_t=0.0483  U_b=0.5567  AUC=0.9992  Top1=0.9545
  timing: data=3.3ms  fwd=24.9ms  bwd=10.5ms  total=39.3ms
[  49700] loss=2.1411  ema_loss=2.2691  gap=0.0264  ema_gap=0.0123  mixup=0/100  17.3 sps  ETA 0.8h
              R²_rand=0.7372  R²_naive=-0.4239  U_t=0.0512  U_b=0.5879  AUC=0.9998  Top1=0.9932
  timing: data=3.4ms  fwd=24.9ms  bwd=10.4ms  total=39.2ms
[  49800] loss=2.2301  ema_loss=2.2769  gap=0.0140  ema_gap=0.0107  mixup=0/100  17.3 sps  ETA 0.8h
              R²_rand=0.7262  R²_naive=-0.3897  U_t=0.0542  U_b=0.5923  AUC=0.9998  Top1=0.9901
  timing: data=3.3ms  fwd=25.1ms  bwd=10.4ms  total=39.3ms
[  49900] loss=2.2111  ema_loss=2.2735  gap=0.0122  ema_gap=0.0114  mixup=0/100  17.3 sps  ETA 0.8h
              R²_rand=0.7217  R²_naive=-0.4220  U_t=0.0526  U_b=0.5810  AUC=0.9998  Top1=0.9909
  timing: data=3.1ms  fwd=21.6ms  bwd=13.2ms  total=38.3ms
[  50000] loss=2.3621  ema_loss=2.2804  gap=0.0138  ema_gap=0.0120  mixup=0/100  17.3 sps  ETA 0.8h
              R²_rand=0.7267  R²_naive=-0.4351  U_t=0.0512  U_b=0.5546  AUC=0.9999  Top1=0.9926
  timing: data=44.4ms  fwd=20.9ms  bwd=13.2ms  total=79.0ms
  -> Saved /home/jupyter/checkpoints_backup/cf-388/pred_moco_sched/ats_pred_moco_sched_50k.pth
[  50100] loss=2.2562  ema_loss=2.2763  gap=0.0120  ema_gap=0.0135  mixup=0/100  17.3 sps  ETA 0.8h
              R²_rand=0.7202  R²_naive=-0.5245  U_t=0.0497  U_b=0.5830  AUC=0.9997  Top1=0.9832
  timing: data=3.2ms  fwd=23.3ms  bwd=11.6ms  total=38.6ms
[  50200] loss=2.2470  ema_loss=2.2703  gap=0.0055  ema_gap=0.0133  mixup=0/100  17.3 sps  ETA 0.8h
              R²_rand=0.7175  R²_naive=-0.4444  U_t=0.0562  U_b=0.5700  AUC=0.9998  Top1=0.9884
  timing: data=3.4ms  fwd=25.6ms  bwd=10.3ms  total=39.8ms
[  50300] loss=2.3046  ema_loss=2.2583  gap=-0.0033  ema_gap=0.0125  mixup=0/100  17.3 sps  ETA 0.8h
              R²_rand=0.7138  R²_naive=-0.4668  U_t=0.0574  U_b=0.5596  AUC=0.9995  Top1=0.9875
  timing: data=3.3ms  fwd=25.0ms  bwd=9.6ms  total=38.4ms
  -> Saved /home/jupyter/checkpoints_backup/cf-388/pred_moco_sched/ats_pred_moco_sched_best_loss.pth
[  50400] loss=2.1746  ema_loss=2.2659  gap=0.0218  ema_gap=0.0128  mixup=0/100  17.3 sps  ETA 0.8h
              R²_rand=0.7348  R²_naive=-0.3539  U_t=0.0553  U_b=0.5741  AUC=0.9998  Top1=0.9915
  timing: data=3.7ms  fwd=24.7ms  bwd=10.3ms  total=39.1ms
[  50500] loss=2.2902  ema_loss=2.2541  gap=0.0034  ema_gap=0.0140  mixup=0/100  17.3 sps  ETA 0.8h
              R²_rand=0.7176  R²_naive=-0.4831  U_t=0.0530  U_b=0.5559  AUC=0.9997  Top1=0.9864
  timing: data=3.5ms  fwd=24.8ms  bwd=10.4ms  total=39.2ms
  -> Saved /home/jupyter/checkpoints_backup/cf-388/pred_moco_sched/ats_pred_moco_sched_best_loss.pth
[  50600] loss=2.2736  ema_loss=2.2723  gap=0.0180  ema_gap=0.0143  mixup=0/100  17.4 sps  ETA 0.8h
              R²_rand=0.7234  R²_naive=-0.3856  U_t=0.0538  U_b=0.5595  AUC=0.9998  Top1=0.9909
  timing: data=3.6ms  fwd=24.9ms  bwd=10.3ms  total=39.3ms
[  50700] loss=2.2509  ema_loss=2.2812  gap=0.0154  ema_gap=0.0133  mixup=0/100  17.4 sps  ETA 0.8h
              R²_rand=0.7189  R²_naive=-0.3602  U_t=0.0567  U_b=0.5880  AUC=0.9998  Top1=0.9901
  timing: data=3.4ms  fwd=24.8ms  bwd=10.6ms  total=39.3ms
[  50800] loss=2.2568  ema_loss=2.2716  gap=-0.0027  ema_gap=0.0111  mixup=0/100  17.4 sps  ETA 0.8h
              R²_rand=0.7152  R²_naive=-0.4513  U_t=0.0548  U_b=0.5698  AUC=0.9995  Top1=0.9849
  timing: data=3.7ms  fwd=27.3ms  bwd=11.5ms  total=43.0ms
[  50900] loss=2.2781  ema_loss=2.2957  gap=0.0066  ema_gap=0.0116  mixup=0/100  17.4 sps  ETA 0.8h
              R²_rand=0.7149  R²_naive=-0.4357  U_t=0.0573  U_b=0.5763  AUC=0.9997  Top1=0.9906
  timing: data=3.5ms  fwd=25.1ms  bwd=9.9ms  total=39.0ms
[  51000] loss=2.3009  ema_loss=2.2944  gap=0.0114  ema_gap=0.0114  mixup=0/100  17.4 sps  ETA 0.8h
              R²_rand=0.7149  R²_naive=-0.3920  U_t=0.0572  U_b=0.5662  AUC=0.9998  Top1=0.9886
  timing: data=3.5ms  fwd=24.8ms  bwd=10.6ms  total=39.4ms
[  51100] loss=2.2657  ema_loss=2.2838  gap=0.0114  ema_gap=0.0121  mixup=0/100  17.4 sps  ETA 0.8h
              R²_rand=0.7252  R²_naive=-0.4552  U_t=0.0545  U_b=0.5644  AUC=0.9998  Top1=0.9903
  timing: data=3.5ms  fwd=25.0ms  bwd=10.5ms  total=39.6ms
[  51200] loss=2.1524  ema_loss=2.2744  gap=0.0144  ema_gap=0.0125  mixup=0/100  17.4 sps  ETA 0.8h
              R²_rand=0.7206  R²_naive=-0.4204  U_t=0.0539  U_b=0.5896  AUC=0.9997  Top1=0.9895
  timing: data=3.3ms  fwd=25.6ms  bwd=8.4ms  total=37.8ms
[  51300] loss=2.3043  ema_loss=2.2682  gap=0.0224  ema_gap=0.0126  mixup=0/100  17.3 sps  ETA 0.8h
              R²_rand=0.7190  R²_naive=-0.3947  U_t=0.0519  U_b=0.5445  AUC=0.9997  Top1=0.9926
  timing: data=118.1ms  fwd=22.8ms  bwd=9.2ms  total=150.7ms
[  51400] loss=2.3897  ema_loss=2.2764  gap=-0.0005  ema_gap=0.0129  mixup=0/100  17.3 sps  ETA 0.8h
              R²_rand=0.7098  R²_naive=-0.4437  U_t=0.0580  U_b=0.5467  AUC=0.9995  Top1=0.9832
  timing: data=3.9ms  fwd=26.0ms  bwd=11.5ms  total=42.0ms
[  51500] loss=2.2522  ema_loss=2.2675  gap=0.0147  ema_gap=0.0138  mixup=0/100  17.3 sps  ETA 0.8h
              R²_rand=0.7189  R²_naive=-0.3887  U_t=0.0520  U_b=0.5756  AUC=0.9998  Top1=0.9903
  timing: data=3.7ms  fwd=25.0ms  bwd=11.4ms  total=40.6ms
[  51600] loss=2.6479  ema_loss=2.2654  gap=-0.0025  ema_gap=0.0152  mixup=0/100  17.3 sps  ETA 0.8h
              R²_rand=0.7032  R²_naive=-0.5344  U_t=0.0533  U_b=0.5421  AUC=0.9988  Top1=0.9722
  timing: data=4.0ms  fwd=27.2ms  bwd=11.9ms  total=43.6ms
[  51700] loss=2.3001  ema_loss=2.2756  gap=0.0171  ema_gap=0.0158  mixup=0/100  17.3 sps  ETA 0.8h
              R²_rand=0.7307  R²_naive=-0.3907  U_t=0.0548  U_b=0.5720  AUC=0.9996  Top1=0.9886
  timing: data=3.9ms  fwd=25.3ms  bwd=12.1ms  total=41.7ms
[  51800] loss=2.2634  ema_loss=2.2803  gap=0.0117  ema_gap=0.0142  mixup=0/100  17.3 sps  ETA 0.8h
              R²_rand=0.7155  R²_naive=-0.4052  U_t=0.0548  U_b=0.5711  AUC=0.9997  Top1=0.9852
  timing: data=3.8ms  fwd=25.0ms  bwd=10.4ms  total=39.6ms
[  51900] loss=2.2086  ema_loss=2.2797  gap=0.0227  ema_gap=0.0143  mixup=0/100  17.3 sps  ETA 0.8h
              R²_rand=0.7272  R²_naive=-0.4476  U_t=0.0487  U_b=0.5652  AUC=0.9997  Top1=0.9920
  timing: data=3.6ms  fwd=25.0ms  bwd=10.0ms  total=39.1ms
[  52000] loss=2.2082  ema_loss=2.2666  gap=0.0155  ema_gap=0.0146  mixup=0/100  17.3 sps  ETA 0.8h
              R²_rand=0.7198  R²_naive=-0.3913  U_t=0.0526  U_b=0.5771  AUC=0.9997  Top1=0.9864
  timing: data=3.8ms  fwd=25.2ms  bwd=9.9ms  total=39.4ms
[  52100] loss=2.2361  ema_loss=2.2704  gap=0.0305  ema_gap=0.0159  mixup=0/100  17.3 sps  ETA 0.8h
              R²_rand=0.7170  R²_naive=-0.4206  U_t=0.0491  U_b=0.5544  AUC=0.9998  Top1=0.9872
  timing: data=3.5ms  fwd=25.4ms  bwd=10.1ms  total=39.5ms
[  52200] loss=2.2842  ema_loss=2.2476  gap=0.0134  ema_gap=0.0166  mixup=0/100  17.4 sps  ETA 0.8h
              R²_rand=0.7082  R²_naive=-0.3736  U_t=0.0558  U_b=0.5574  AUC=0.9998  Top1=0.9884
  timing: data=3.3ms  fwd=25.3ms  bwd=10.7ms  total=39.8ms
  -> Saved /home/jupyter/checkpoints_backup/cf-388/pred_moco_sched/ats_pred_moco_sched_best_loss.pth
[  52300] loss=2.2413  ema_loss=2.2508  gap=0.0074  ema_gap=0.0157  mixup=0/100  17.4 sps  ETA 0.8h
              R²_rand=0.7176  R²_naive=-0.4899  U_t=0.0511  U_b=0.5578  AUC=0.9996  Top1=0.9898
  timing: data=3.4ms  fwd=25.1ms  bwd=10.3ms  total=39.3ms
[  52400] loss=2.2196  ema_loss=2.2706  gap=0.0140  ema_gap=0.0147  mixup=0/100  17.4 sps  ETA 0.8h
              R²_rand=0.7274  R²_naive=-0.3922  U_t=0.0512  U_b=0.5877  AUC=0.9994  Top1=0.9878
  timing: data=3.5ms  fwd=26.8ms  bwd=11.0ms  total=41.7ms
[  52500] loss=2.2443  ema_loss=2.2698  gap=0.0155  ema_gap=0.0168  mixup=0/100  17.3 sps  ETA 0.8h
              R²_rand=0.7247  R²_naive=-0.4856  U_t=0.0472  U_b=0.5497  AUC=0.9995  Top1=0.9906
  timing: data=52.6ms  fwd=23.1ms  bwd=10.4ms  total=86.5ms
[  52600] loss=2.2348  ema_loss=2.2590  gap=0.0184  ema_gap=0.0177  mixup=0/100  17.3 sps  ETA 0.8h
              R²_rand=0.7207  R²_naive=-0.4229  U_t=0.0504  U_b=0.5572  AUC=0.9995  Top1=0.9861
  timing: data=3.6ms  fwd=25.4ms  bwd=8.2ms  total=37.7ms
[  52700] loss=2.2574  ema_loss=2.2617  gap=0.0098  ema_gap=0.0174  mixup=0/100  17.3 sps  ETA 0.8h
              R²_rand=0.7146  R²_naive=-0.4663  U_t=0.0516  U_b=0.5788  AUC=0.9998  Top1=0.9872
  timing: data=3.6ms  fwd=25.3ms  bwd=10.3ms  total=39.6ms
[  52800] loss=2.2893  ema_loss=2.2580  gap=0.0171  ema_gap=0.0162  mixup=0/100  17.3 sps  ETA 0.8h
              R²_rand=0.7212  R²_naive=-0.5125  U_t=0.0492  U_b=0.5661  AUC=0.9995  Top1=0.9889
  timing: data=3.6ms  fwd=25.4ms  bwd=10.9ms  total=40.4ms
[  52900] loss=2.2415  ema_loss=2.2448  gap=0.0314  ema_gap=0.0157  mixup=0/100  17.4 sps  ETA 0.8h
              R²_rand=0.7239  R²_naive=-0.4820  U_t=0.0416  U_b=0.5470  AUC=0.9997  Top1=0.9892
  timing: data=3.3ms  fwd=24.9ms  bwd=10.5ms  total=39.2ms
  -> Saved /home/jupyter/checkpoints_backup/cf-388/pred_moco_sched/ats_pred_moco_sched_best_loss.pth
[  53000] loss=2.2115  ema_loss=2.2503  gap=0.0035  ema_gap=0.0171  mixup=0/100  17.4 sps  ETA 0.8h
              R²_rand=0.7186  R²_naive=-0.4887  U_t=0.0509  U_b=0.5741  AUC=0.9996  Top1=0.9884
  timing: data=3.5ms  fwd=25.0ms  bwd=10.6ms  total=39.5ms
[  53100] loss=2.2724  ema_loss=2.2523  gap=0.0194  ema_gap=0.0166  mixup=0/100  17.4 sps  ETA 0.8h
              R²_rand=0.7113  R²_naive=-0.4576  U_t=0.0493  U_b=0.5462  AUC=0.9995  Top1=0.9861
  timing: data=3.7ms  fwd=25.1ms  bwd=10.2ms  total=39.4ms
[  53200] loss=2.3820  ema_loss=2.2432  gap=0.0089  ema_gap=0.0173  mixup=0/100  17.4 sps  ETA 0.7h
              R²_rand=0.7066  R²_naive=-0.5965  U_t=0.0479  U_b=0.5306  AUC=0.9986  Top1=0.9534
  timing: data=3.4ms  fwd=26.9ms  bwd=10.5ms  total=41.3ms
  -> Saved /home/jupyter/checkpoints_backup/cf-388/pred_moco_sched/ats_pred_moco_sched_best_loss.pth
[  53300] loss=2.2860  ema_loss=2.2728  gap=0.0077  ema_gap=0.0168  mixup=0/100  17.4 sps  ETA 0.7h
              R²_rand=0.7232  R²_naive=-0.4855  U_t=0.0514  U_b=0.5522  AUC=0.9994  Top1=0.9832
  timing: data=3.2ms  fwd=24.7ms  bwd=10.5ms  total=38.9ms
[  53400] loss=2.2067  ema_loss=2.2670  gap=0.0138  ema_gap=0.0175  mixup=0/100  17.4 sps  ETA 0.7h
              R²_rand=0.7264  R²_naive=-0.4118  U_t=0.0523  U_b=0.5656  AUC=0.9996  Top1=0.9869
  timing: data=3.5ms  fwd=24.9ms  bwd=10.9ms  total=39.8ms
[  53500] loss=2.2734  ema_loss=2.2608  gap=0.0222  ema_gap=0.0176  mixup=0/100  17.4 sps  ETA 0.7h
              R²_rand=0.7126  R²_naive=-0.3978  U_t=0.0497  U_b=0.5511  AUC=0.9995  Top1=0.9849
  timing: data=3.4ms  fwd=25.1ms  bwd=10.4ms  total=39.4ms
[  53600] loss=2.2444  ema_loss=2.2541  gap=0.0194  ema_gap=0.0192  mixup=0/100  17.4 sps  ETA 0.7h
              R²_rand=0.7096  R²_naive=-0.4607  U_t=0.0493  U_b=0.5495  AUC=0.9995  Top1=0.9818
  timing: data=3.1ms  fwd=22.2ms  bwd=11.4ms  total=37.1ms
[  53700] loss=2.2728  ema_loss=2.2512  gap=0.0166  ema_gap=0.0210  mixup=0/100  17.4 sps  ETA 0.7h
              R²_rand=0.7208  R²_naive=-0.4311  U_t=0.0538  U_b=0.5528  AUC=0.9995  Top1=0.9872
  timing: data=3.2ms  fwd=22.2ms  bwd=11.4ms  total=37.3ms
[  53800] loss=2.3351  ema_loss=2.2521  gap=0.0191  ema_gap=0.0203  mixup=0/100  17.3 sps  ETA 0.7h
              R²_rand=0.7191  R²_naive=-0.4322  U_t=0.0516  U_b=0.5479  AUC=0.9993  Top1=0.9747
  timing: data=109.4ms  fwd=23.0ms  bwd=10.4ms  total=143.2ms
[  53900] loss=2.3268  ema_loss=2.2475  gap=0.0129  ema_gap=0.0181  mixup=0/100  17.3 sps  ETA 0.7h
              R²_rand=0.7094  R²_naive=-0.5127  U_t=0.0468  U_b=0.5342  AUC=0.9997  Top1=0.9886
  timing: data=3.4ms  fwd=25.1ms  bwd=11.1ms  total=40.0ms
[  54000] loss=2.1874  ema_loss=2.2546  gap=0.0210  ema_gap=0.0168  mixup=0/100  17.3 sps  ETA 0.7h
              R²_rand=0.7185  R²_naive=-0.4777  U_t=0.0457  U_b=0.5903  AUC=0.9996  Top1=0.9847
  timing: data=3.7ms  fwd=25.1ms  bwd=10.9ms  total=40.3ms
[  54100] loss=2.1883  ema_loss=2.2446  gap=0.0207  ema_gap=0.0187  mixup=0/100  17.3 sps  ETA 0.7h
              R²_rand=0.7184  R²_naive=-0.4708  U_t=0.0485  U_b=0.5625  AUC=0.9997  Top1=0.9895
  timing: data=3.7ms  fwd=26.8ms  bwd=10.6ms  total=41.5ms
[  54200] loss=2.2286  ema_loss=2.2416  gap=0.0134  ema_gap=0.0197  mixup=0/100  17.4 sps  ETA 0.7h
              R²_rand=0.7167  R²_naive=-0.5060  U_t=0.0485  U_b=0.5634  AUC=0.9995  Top1=0.9852
  timing: data=3.6ms  fwd=24.9ms  bwd=10.9ms  total=39.9ms
  -> Saved /home/jupyter/checkpoints_backup/cf-388/pred_moco_sched/ats_pred_moco_sched_best_loss.pth
[  54300] loss=2.1912  ema_loss=2.2301  gap=0.0330  ema_gap=0.0213  mixup=0/100  17.4 sps  ETA 0.7h
              R²_rand=0.7375  R²_naive=-0.3801  U_t=0.0461  U_b=0.5622  AUC=0.9997  Top1=0.9903
  timing: data=3.5ms  fwd=24.7ms  bwd=10.9ms  total=39.5ms
  -> Saved /home/jupyter/checkpoints_backup/cf-388/pred_moco_sched/ats_pred_moco_sched_best_loss.pth
[  54400] loss=2.2555  ema_loss=2.2325  gap=0.0154  ema_gap=0.0220  mixup=0/100  17.4 sps  ETA 0.7h
              R²_rand=0.7104  R²_naive=-0.5193  U_t=0.0470  U_b=0.5577  AUC=0.9995  Top1=0.9864
  timing: data=3.2ms  fwd=25.2ms  bwd=12.4ms  total=41.4ms
[  54500] loss=2.2034  ema_loss=2.2350  gap=0.0195  ema_gap=0.0203  mixup=0/100  17.4 sps  ETA 0.7h
              R²_rand=0.7272  R²_naive=-0.5133  U_t=0.0461  U_b=0.5519  AUC=0.9998  Top1=0.9898
  timing: data=3.4ms  fwd=24.9ms  bwd=10.1ms  total=38.8ms
[  54600] loss=2.2350  ema_loss=2.2191  gap=0.0220  ema_gap=0.0217  mixup=0/100  17.4 sps  ETA 0.7h
              R²_rand=0.7259  R²_naive=-0.4643  U_t=0.0445  U_b=0.5521  AUC=0.9994  Top1=0.9787
  timing: data=3.4ms  fwd=25.3ms  bwd=10.0ms  total=39.1ms
  -> Saved /home/jupyter/checkpoints_backup/cf-388/pred_moco_sched/ats_pred_moco_sched_best_loss.pth
[  54700] loss=2.2240  ema_loss=2.2244  gap=0.0194  ema_gap=0.0206  mixup=0/100  17.4 sps  ETA 0.7h
              R²_rand=0.7355  R²_naive=-0.4232  U_t=0.0478  U_b=0.5795  AUC=0.9994  Top1=0.9869
  timing: data=3.4ms  fwd=25.3ms  bwd=10.7ms  total=39.8ms
[  54800] loss=2.2421  ema_loss=2.2398  gap=0.0289  ema_gap=0.0211  mixup=0/100  17.4 sps  ETA 0.7h
              R²_rand=0.7330  R²_naive=-0.4447  U_t=0.0465  U_b=0.5249  AUC=0.9998  Top1=0.9869
  timing: data=3.6ms  fwd=25.3ms  bwd=10.5ms  total=39.9ms
[  54900] loss=2.3772  ema_loss=2.2453  gap=0.0127  ema_gap=0.0207  mixup=0/100  17.4 sps  ETA 0.7h
              R²_rand=0.7252  R²_naive=-0.5324  U_t=0.0469  U_b=0.5410  AUC=0.9993  Top1=0.9795
  timing: data=3.7ms  fwd=26.8ms  bwd=10.1ms  total=41.1ms
[  55000] loss=2.1957  ema_loss=2.2378  gap=0.0267  ema_gap=0.0210  mixup=0/100  17.3 sps  ETA 0.7h
              R²_rand=0.7330  R²_naive=-0.3781  U_t=0.0462  U_b=0.5398  AUC=0.9993  Top1=0.9878
  timing: data=75.4ms  fwd=23.5ms  bwd=10.3ms  total=109.6ms
  -> Saved /home/jupyter/checkpoints_backup/cf-388/pred_moco_sched/ats_pred_moco_sched_55k.pth
[  55100] loss=2.2383  ema_loss=2.2421  gap=0.0111  ema_gap=0.0205  mixup=0/100  17.3 sps  ETA 0.7h
              R²_rand=0.7124  R²_naive=-0.5528  U_t=0.0455  U_b=0.5479  AUC=0.9997  Top1=0.9869
  timing: data=3.3ms  fwd=25.6ms  bwd=8.5ms  total=37.9ms
[  55200] loss=2.3677  ema_loss=2.2357  gap=0.0228  ema_gap=0.0196  mixup=0/100  17.4 sps  ETA 0.7h
              R²_rand=0.7265  R²_naive=-0.4355  U_t=0.0430  U_b=0.5604  AUC=0.9996  Top1=0.9827
  timing: data=3.6ms  fwd=24.8ms  bwd=10.3ms  total=39.3ms
[  55300] loss=2.2193  ema_loss=2.2314  gap=0.0190  ema_gap=0.0207  mixup=0/100  17.4 sps  ETA 0.7h
              R²_rand=0.7235  R²_naive=-0.5217  U_t=0.0457  U_b=0.5427  AUC=0.9996  Top1=0.9861
  timing: data=3.5ms  fwd=24.8ms  bwd=10.5ms  total=39.3ms
[  55400] loss=2.1802  ema_loss=2.2299  gap=0.0241  ema_gap=0.0211  mixup=0/100  17.4 sps  ETA 0.7h
              R²_rand=0.7333  R²_naive=-0.4756  U_t=0.0447  U_b=0.5686  AUC=0.9995  Top1=0.9838
  timing: data=3.4ms  fwd=25.2ms  bwd=10.3ms  total=39.4ms
[  55500] loss=2.2016  ema_loss=2.2191  gap=0.0207  ema_gap=0.0226  mixup=0/100  17.4 sps  ETA 0.7h
              R²_rand=0.7332  R²_naive=-0.4419  U_t=0.0473  U_b=0.5516  AUC=0.9994  Top1=0.9861
  timing: data=3.3ms  fwd=25.7ms  bwd=10.6ms  total=40.0ms
[  55600] loss=2.2214  ema_loss=2.2095  gap=0.0166  ema_gap=0.0233  mixup=0/100  17.4 sps  ETA 0.7h
              R²_rand=0.7221  R²_naive=-0.5119  U_t=0.0462  U_b=0.5749  AUC=0.9996  Top1=0.9807
  timing: data=3.3ms  fwd=25.0ms  bwd=10.1ms  total=38.9ms
  -> Saved /home/jupyter/checkpoints_backup/cf-388/pred_moco_sched/ats_pred_moco_sched_best_loss.pth
[  55700] loss=2.5183  ema_loss=2.2280  gap=0.0196  ema_gap=0.0220  mixup=0/100  17.4 sps  ETA 0.7h
              R²_rand=0.7309  R²_naive=-0.5408  U_t=0.0442  U_b=0.5371  AUC=0.9997  Top1=0.9744
  timing: data=3.5ms  fwd=27.0ms  bwd=10.3ms  total=41.3ms
[  55800] loss=2.3411  ema_loss=2.2267  gap=0.0112  ema_gap=0.0215  mixup=0/100  17.4 sps  ETA 0.7h
              R²_rand=0.7253  R²_naive=-0.5294  U_t=0.0475  U_b=0.5702  AUC=0.9996  Top1=0.9670
  timing: data=3.3ms  fwd=25.4ms  bwd=10.2ms  total=39.4ms
[  55900] loss=2.1738  ema_loss=2.2335  gap=0.0165  ema_gap=0.0212  mixup=0/100  17.4 sps  ETA 0.7h
              R²_rand=0.7201  R²_naive=-0.4623  U_t=0.0490  U_b=0.5766  AUC=0.9996  Top1=0.9886
  timing: data=3.4ms  fwd=25.3ms  bwd=10.1ms  total=39.2ms
[  56000] loss=2.1199  ema_loss=2.2200  gap=0.0226  ema_gap=0.0218  mixup=0/100  17.4 sps  ETA 0.7h
              R²_rand=0.7219  R²_naive=-0.4543  U_t=0.0455  U_b=0.5825  AUC=0.9994  Top1=0.9864
  timing: data=3.5ms  fwd=25.0ms  bwd=10.2ms  total=39.2ms
[  56100] loss=2.1486  ema_loss=2.2190  gap=0.0384  ema_gap=0.0228  mixup=0/100  17.4 sps  ETA 0.7h
              R²_rand=0.7398  R²_naive=-0.3827  U_t=0.0437  U_b=0.5581  AUC=0.9996  Top1=0.9878
  timing: data=3.4ms  fwd=24.7ms  bwd=10.0ms  total=38.6ms
[  56200] loss=2.2129  ema_loss=2.2264  gap=0.0135  ema_gap=0.0224  mixup=0/100  17.4 sps  ETA 0.7h
              R²_rand=0.7286  R²_naive=-0.5782  U_t=0.0430  U_b=0.5471  AUC=0.9996  Top1=0.9884
  timing: data=3.5ms  fwd=25.1ms  bwd=9.5ms  total=38.7ms
[  56300] loss=2.1220  ema_loss=2.2203  gap=0.0297  ema_gap=0.0229  mixup=0/100  17.4 sps  ETA 0.7h
              R²_rand=0.7309  R²_naive=-0.4144  U_t=0.0465  U_b=0.5908  AUC=0.9996  Top1=0.9915
  timing: data=78.9ms  fwd=23.0ms  bwd=9.5ms  total=111.9ms
[  56400] loss=2.2359  ema_loss=2.2086  gap=0.0210  ema_gap=0.0236  mixup=0/100  17.4 sps  ETA 0.7h
              R²_rand=0.7151  R²_naive=-0.5046  U_t=0.0451  U_b=0.5294  AUC=0.9994  Top1=0.9864
  timing: data=3.6ms  fwd=24.9ms  bwd=9.6ms  total=38.6ms
  -> Saved /home/jupyter/checkpoints_backup/cf-388/pred_moco_sched/ats_pred_moco_sched_best_loss.pth
[  56500] loss=2.3503  ema_loss=2.2142  gap=0.0328  ema_gap=0.0226  mixup=0/100  17.4 sps  ETA 0.7h
              R²_rand=0.7237  R²_naive=-0.4853  U_t=0.0441  U_b=0.5507  AUC=0.9997  Top1=0.9790
  timing: data=3.6ms  fwd=27.2ms  bwd=9.7ms  total=40.9ms
[  56600] loss=2.1012  ema_loss=2.2114  gap=0.0246  ema_gap=0.0230  mixup=0/100  17.4 sps  ETA 0.7h
              R²_rand=0.7341  R²_naive=-0.4487  U_t=0.0452  U_b=0.5839  AUC=0.9996  Top1=0.9878
  timing: data=3.6ms  fwd=24.9ms  bwd=9.6ms  total=38.7ms
[  56700] loss=2.1342  ema_loss=2.2072  gap=0.0294  ema_gap=0.0240  mixup=0/100  17.4 sps  ETA 0.7h
              R²_rand=0.7226  R²_naive=-0.4221  U_t=0.0438  U_b=0.5653  AUC=0.9994  Top1=0.9835
  timing: data=3.7ms  fwd=25.5ms  bwd=9.8ms  total=39.5ms
  -> Saved /home/jupyter/checkpoints_backup/cf-388/pred_moco_sched/ats_pred_moco_sched_best_loss.pth
[  56800] loss=2.2133  ema_loss=2.2220  gap=0.0281  ema_gap=0.0233  mixup=0/100  17.4 sps  ETA 0.7h
              R²_rand=0.7317  R²_naive=-0.4332  U_t=0.0467  U_b=0.5459  AUC=0.9996  Top1=0.9861
  timing: data=3.5ms  fwd=25.0ms  bwd=9.6ms  total=38.6ms
[  56900] loss=2.1211  ema_loss=2.1978  gap=0.0238  ema_gap=0.0258  mixup=0/100  17.4 sps  ETA 0.7h
              R²_rand=0.7395  R²_naive=-0.4652  U_t=0.0432  U_b=0.5639  AUC=0.9998  Top1=0.9926
  timing: data=3.4ms  fwd=24.9ms  bwd=9.4ms  total=38.1ms
  -> Saved /home/jupyter/checkpoints_backup/cf-388/pred_moco_sched/ats_pred_moco_sched_best_loss.pth
[  57000] loss=2.2316  ema_loss=2.1844  gap=0.0259  ema_gap=0.0278  mixup=0/100  17.4 sps  ETA 0.7h
              R²_rand=0.7261  R²_naive=-0.4578  U_t=0.0466  U_b=0.5343  AUC=0.9996  Top1=0.9898
  timing: data=3.1ms  fwd=22.1ms  bwd=11.0ms  total=36.7ms
  -> Saved /home/jupyter/checkpoints_backup/cf-388/pred_moco_sched/ats_pred_moco_sched_best_loss.pth
[  57100] loss=2.2144  ema_loss=2.1806  gap=0.0213  ema_gap=0.0292  mixup=0/100  17.4 sps  ETA 0.7h
              R²_rand=0.7138  R²_naive=-0.4736  U_t=0.0479  U_b=0.5427  AUC=0.9989  Top1=0.9864
  timing: data=3.1ms  fwd=20.8ms  bwd=11.3ms  total=35.8ms
  -> Saved /home/jupyter/checkpoints_backup/cf-388/pred_moco_sched/ats_pred_moco_sched_best_loss.pth
[  57200] loss=2.1334  ema_loss=2.1861  gap=0.0327  ema_gap=0.0292  mixup=0/100  17.4 sps  ETA 0.7h
              R²_rand=0.7339  R²_naive=-0.4644  U_t=0.0409  U_b=0.5769  AUC=0.9998  Top1=0.9909
  timing: data=3.4ms  fwd=24.3ms  bwd=10.0ms  total=38.1ms
[  57300] loss=2.1938  ema_loss=2.1924  gap=0.0158  ema_gap=0.0276  mixup=0/100  17.4 sps  ETA 0.7h
              R²_rand=0.7248  R²_naive=-0.4732  U_t=0.0479  U_b=0.5782  AUC=0.9996  Top1=0.9895
  timing: data=3.4ms  fwd=27.0ms  bwd=9.9ms  total=40.7ms
[  57400] loss=2.1793  ema_loss=2.1915  gap=0.0270  ema_gap=0.0278  mixup=0/100  17.4 sps  ETA 0.7h
              R²_rand=0.7288  R²_naive=-0.4302  U_t=0.0453  U_b=0.5661  AUC=0.9992  Top1=0.9878
  timing: data=3.7ms  fwd=25.2ms  bwd=9.4ms  total=38.8ms
[  57500] loss=2.1593  ema_loss=2.1887  gap=0.0338  ema_gap=0.0273  mixup=0/100  17.4 sps  ETA 0.7h
              R²_rand=0.7370  R²_naive=-0.3869  U_t=0.0468  U_b=0.5621  AUC=0.9995  Top1=0.9852
  timing: data=46.5ms  fwd=23.3ms  bwd=9.4ms  total=79.7ms
[  57600] loss=2.2228  ema_loss=2.1904  gap=0.0357  ema_gap=0.0277  mixup=0/100  17.4 sps  ETA 0.7h
              R²_rand=0.7266  R²_naive=-0.4012  U_t=0.0437  U_b=0.5514  AUC=0.9996  Top1=0.9926
  timing: data=3.4ms  fwd=24.9ms  bwd=9.5ms  total=38.3ms
[  57700] loss=2.1661  ema_loss=2.1799  gap=0.0257  ema_gap=0.0283  mixup=0/100  17.4 sps  ETA 0.7h
              R²_rand=0.7324  R²_naive=-0.4554  U_t=0.0478  U_b=0.5617  AUC=0.9996  Top1=0.9864
  timing: data=3.3ms  fwd=25.2ms  bwd=10.5ms  total=39.5ms
  -> Saved /home/jupyter/checkpoints_backup/cf-388/pred_moco_sched/ats_pred_moco_sched_best_loss.pth
[  57800] loss=2.1379  ema_loss=2.1803  gap=0.0246  ema_gap=0.0272  mixup=0/100  17.4 sps  ETA 0.7h
              R²_rand=0.7260  R²_naive=-0.4874  U_t=0.0438  U_b=0.5614  AUC=0.9995  Top1=0.9909
  timing: data=3.5ms  fwd=25.3ms  bwd=10.7ms  total=39.9ms
[  57900] loss=2.5252  ema_loss=2.1960  gap=0.0227  ema_gap=0.0270  mixup=0/100  17.4 sps  ETA 0.7h
              R²_rand=0.7299  R²_naive=-0.4813  U_t=0.0438  U_b=0.5503  AUC=0.9995  Top1=0.9616
  timing: data=3.5ms  fwd=25.1ms  bwd=10.2ms  total=39.3ms
[  58000] loss=2.2002  ema_loss=2.1894  gap=0.0226  ema_gap=0.0272  mixup=0/100  17.4 sps  ETA 0.7h
              R²_rand=0.7364  R²_naive=-0.4653  U_t=0.0442  U_b=0.5860  AUC=0.9996  Top1=0.9852
  timing: data=3.4ms  fwd=25.5ms  bwd=9.4ms  total=38.7ms
[  58100] loss=2.0370  ema_loss=2.1910  gap=0.0334  ema_gap=0.0274  mixup=0/100  17.4 sps  ETA 0.7h
              R²_rand=0.7359  R²_naive=-0.3990  U_t=0.0427  U_b=0.5769  AUC=0.9998  Top1=0.9918
  timing: data=3.6ms  fwd=25.3ms  bwd=9.3ms  total=38.6ms
[  58200] loss=2.1607  ema_loss=2.1847  gap=0.0267  ema_gap=0.0273  mixup=0/100  17.4 sps  ETA 0.7h
              R²_rand=0.7303  R²_naive=-0.4550  U_t=0.0431  U_b=0.5556  AUC=0.9995  Top1=0.9866
  timing: data=3.3ms  fwd=27.2ms  bwd=9.3ms  total=40.4ms
[  58300] loss=2.2140  ema_loss=2.1909  gap=0.0233  ema_gap=0.0268  mixup=0/100  17.4 sps  ETA 0.7h
              R²_rand=0.7328  R²_naive=-0.5154  U_t=0.0419  U_b=0.5476  AUC=0.9997  Top1=0.9895
  timing: data=3.5ms  fwd=25.1ms  bwd=9.4ms  total=38.4ms
[  58400] loss=2.1778  ema_loss=2.1975  gap=0.0235  ema_gap=0.0261  mixup=0/100  17.4 sps  ETA 0.7h
              R²_rand=0.7282  R²_naive=-0.5161  U_t=0.0414  U_b=0.5411  AUC=0.9994  Top1=0.9884
  timing: data=3.5ms  fwd=25.8ms  bwd=10.3ms  total=40.1ms
[  58500] loss=2.2664  ema_loss=2.1875  gap=0.0169  ema_gap=0.0273  mixup=0/100  17.4 sps  ETA 0.7h
              R²_rand=0.7187  R²_naive=-0.5116  U_t=0.0433  U_b=0.5291  AUC=0.9995  Top1=0.9861
  timing: data=3.9ms  fwd=24.9ms  bwd=10.3ms  total=39.7ms
[  58600] loss=2.2740  ema_loss=2.1928  gap=0.0302  ema_gap=0.0267  mixup=0/100  17.4 sps  ETA 0.7h
              R²_rand=0.7204  R²_naive=-0.5012  U_t=0.0438  U_b=0.5528  AUC=0.9991  Top1=0.9770
  timing: data=3.7ms  fwd=25.5ms  bwd=10.1ms  total=39.7ms
[  58700] loss=2.2199  ema_loss=2.1990  gap=0.0215  ema_gap=0.0263  mixup=0/100  17.4 sps  ETA 0.7h
              R²_rand=0.7117  R²_naive=-0.5429  U_t=0.0429  U_b=0.5549  AUC=0.9995  Top1=0.9852
  timing: data=3.5ms  fwd=24.9ms  bwd=10.2ms  total=39.2ms
[  58800] loss=2.2876  ema_loss=2.1793  gap=0.0404  ema_gap=0.0275  mixup=0/100  17.3 sps  ETA 0.7h
              R²_rand=0.7476  R²_naive=-0.3752  U_t=0.0433  U_b=0.5550  AUC=0.9994  Top1=0.9898
  timing: data=210.6ms  fwd=23.1ms  bwd=10.5ms  total=244.6ms
  -> Saved /home/jupyter/checkpoints_backup/cf-388/pred_moco_sched/ats_pred_moco_sched_best_loss.pth
[  58900] loss=2.1152  ema_loss=2.1915  gap=0.0309  ema_gap=0.0270  mixup=0/100  17.3 sps  ETA 0.7h
              R²_rand=0.7321  R²_naive=-0.4791  U_t=0.0432  U_b=0.5762  AUC=0.9993  Top1=0.9884
  timing: data=3.4ms  fwd=24.9ms  bwd=11.4ms  total=40.2ms
[  59000] loss=2.2029  ema_loss=2.1878  gap=0.0227  ema_gap=0.0272  mixup=0/100  17.3 sps  ETA 0.7h
              R²_rand=0.7377  R²_naive=-0.5857  U_t=0.0401  U_b=0.5595  AUC=0.9997  Top1=0.9844
  timing: data=3.5ms  fwd=27.5ms  bwd=10.8ms  total=42.3ms
[  59100] loss=2.1495  ema_loss=2.1881  gap=0.0193  ema_gap=0.0257  mixup=0/100  17.3 sps  ETA 0.7h
              R²_rand=0.7305  R²_naive=-0.5270  U_t=0.0423  U_b=0.5605  AUC=0.9996  Top1=0.9915
  timing: data=3.4ms  fwd=25.4ms  bwd=9.6ms  total=38.9ms
[  59200] loss=2.2182  ema_loss=2.1815  gap=0.0156  ema_gap=0.0286  mixup=0/100  17.3 sps  ETA 0.7h
              R²_rand=0.7252  R²_naive=-0.5085  U_t=0.0422  U_b=0.5496  AUC=0.9993  Top1=0.9793
  timing: data=3.4ms  fwd=25.2ms  bwd=10.0ms  total=39.1ms
[  59300] loss=2.1714  ema_loss=2.1885  gap=0.0288  ema_gap=0.0282  mixup=0/100  17.3 sps  ETA 0.7h
              R²_rand=0.7385  R²_naive=-0.4703  U_t=0.0419  U_b=0.5508  AUC=0.9993  Top1=0.9878
  timing: data=3.4ms  fwd=25.1ms  bwd=10.0ms  total=39.0ms
[  59400] loss=2.0866  ema_loss=2.1801  gap=0.0306  ema_gap=0.0277  mixup=0/100  17.4 sps  ETA 0.6h
              R²_rand=0.7437  R²_naive=-0.4400  U_t=0.0432  U_b=0.5534  AUC=0.9998  Top1=0.9926
  timing: data=3.4ms  fwd=25.1ms  bwd=9.9ms  total=38.8ms
[  59500] loss=2.1216  ema_loss=2.1779  gap=0.0354  ema_gap=0.0284  mixup=0/100  17.4 sps  ETA 0.6h
              R²_rand=0.7414  R²_naive=-0.4284  U_t=0.0417  U_b=0.5628  AUC=0.9997  Top1=0.9864
  timing: data=3.4ms  fwd=25.4ms  bwd=10.0ms  total=39.3ms
  -> Saved /home/jupyter/checkpoints_backup/cf-388/pred_moco_sched/ats_pred_moco_sched_best_loss.pth
[  59600] loss=2.0825  ema_loss=2.1801  gap=0.0317  ema_gap=0.0281  mixup=0/100  17.4 sps  ETA 0.6h
              R²_rand=0.7331  R²_naive=-0.4943  U_t=0.0434  U_b=0.5859  AUC=0.9996  Top1=0.9889
  timing: data=3.5ms  fwd=25.3ms  bwd=10.1ms  total=39.5ms
[  59700] loss=2.0620  ema_loss=2.1786  gap=0.0327  ema_gap=0.0280  mixup=0/100  17.4 sps  ETA 0.6h
              R²_rand=0.7382  R²_naive=-0.4558  U_t=0.0424  U_b=0.6054  AUC=0.9997  Top1=0.9889
  timing: data=3.4ms  fwd=24.9ms  bwd=10.6ms  total=39.4ms
[  59800] loss=2.1521  ema_loss=2.1801  gap=0.0311  ema_gap=0.0285  mixup=0/100  17.4 sps  ETA 0.6h
              R²_rand=0.7398  R²_naive=-0.3908  U_t=0.0439  U_b=0.5503  AUC=0.9996  Top1=0.9901
  timing: data=3.4ms  fwd=26.7ms  bwd=11.0ms  total=41.6ms
[  59900] loss=2.1831  ema_loss=2.1714  gap=0.0284  ema_gap=0.0290  mixup=0/100  17.4 sps  ETA 0.6h
              R²_rand=0.7228  R²_naive=-0.4083  U_t=0.0455  U_b=0.5465  AUC=0.9999  Top1=0.9929
  timing: data=3.9ms  fwd=25.4ms  bwd=10.3ms  total=40.1ms
  -> Saved /home/jupyter/checkpoints_backup/cf-388/pred_moco_sched/ats_pred_moco_sched_best_loss.pth
[  60000] loss=2.1195  ema_loss=2.1821  gap=0.0285  ema_gap=0.0284  mixup=0/100  17.3 sps  ETA 0.6h
              R²_rand=0.7278  R²_naive=-0.4120  U_t=0.0454  U_b=0.5741  AUC=0.9995  Top1=0.9858
  timing: data=85.5ms  fwd=23.5ms  bwd=11.7ms  total=121.3ms
  -> Saved /home/jupyter/checkpoints_backup/cf-388/pred_moco_sched/ats_pred_moco_sched_60k.pth
[  60100] loss=2.2458  ema_loss=2.1865  gap=0.0165  ema_gap=0.0293  mixup=0/100  17.3 sps  ETA 0.6h
              R²_rand=0.7210  R²_naive=-0.4991  U_t=0.0464  U_b=0.5779  AUC=0.9993  Top1=0.9869
  timing: data=3.7ms  fwd=26.1ms  bwd=10.4ms  total=40.6ms
[  60200] loss=2.2148  ema_loss=2.1960  gap=0.0251  ema_gap=0.0275  mixup=0/100  17.3 sps  ETA 0.6h
              R²_rand=0.7320  R²_naive=-0.5534  U_t=0.0384  U_b=0.5671  AUC=0.9993  Top1=0.9756
  timing: data=3.3ms  fwd=25.3ms  bwd=10.2ms  total=39.2ms
[  60300] loss=2.2075  ema_loss=2.1723  gap=0.0255  ema_gap=0.0299  mixup=0/100  17.3 sps  ETA 0.6h
              R²_rand=0.7199  R²_naive=-0.4165  U_t=0.0463  U_b=0.5672  AUC=0.9992  Top1=0.9852
  timing: data=3.1ms  fwd=21.8ms  bwd=10.3ms  total=35.6ms
[  60400] loss=2.3382  ema_loss=2.1697  gap=0.0261  ema_gap=0.0299  mixup=0/100  17.4 sps  ETA 0.6h
              R²_rand=0.7223  R²_naive=-0.6111  U_t=0.0427  U_b=0.5200  AUC=0.9988  Top1=0.9452
  timing: data=3.1ms  fwd=21.7ms  bwd=10.5ms  total=35.7ms
  -> Saved /home/jupyter/checkpoints_backup/cf-388/pred_moco_sched/ats_pred_moco_sched_best_loss.pth
[  60500] loss=2.0994  ema_loss=2.1658  gap=0.0300  ema_gap=0.0299  mixup=0/100  17.4 sps  ETA 0.6h
              R²_rand=0.7274  R²_naive=-0.4543  U_t=0.0431  U_b=0.5642  AUC=0.9995  Top1=0.9864
  timing: data=3.2ms  fwd=25.2ms  bwd=10.2ms  total=39.1ms
  -> Saved /home/jupyter/checkpoints_backup/cf-388/pred_moco_sched/ats_pred_moco_sched_best_loss.pth
[  60600] loss=2.1671  ema_loss=2.1670  gap=0.0296  ema_gap=0.0298  mixup=0/100  17.4 sps  ETA 0.6h
              R²_rand=0.7366  R²_naive=-0.4660  U_t=0.0418  U_b=0.5548  AUC=0.9998  Top1=0.9889
  timing: data=3.3ms  fwd=27.0ms  bwd=10.3ms  total=41.0ms
[  60700] loss=2.0770  ema_loss=2.1678  gap=0.0374  ema_gap=0.0303  mixup=0/100  17.4 sps  ETA 0.6h
              R²_rand=0.7297  R²_naive=-0.4249  U_t=0.0421  U_b=0.5632  AUC=0.9992  Top1=0.9869
  timing: data=3.2ms  fwd=24.9ms  bwd=10.2ms  total=38.9ms
[  60800] loss=2.3815  ema_loss=2.1627  gap=0.0321  ema_gap=0.0317  mixup=0/100  17.4 sps  ETA 0.6h
              R²_rand=0.7374  R²_naive=-0.3989  U_t=0.0440  U_b=0.5470  AUC=0.9994  Top1=0.9727
  timing: data=3.2ms  fwd=25.0ms  bwd=10.9ms  total=39.7ms
  -> Saved /home/jupyter/checkpoints_backup/cf-388/pred_moco_sched/ats_pred_moco_sched_best_loss.pth
[  60900] loss=2.1312  ema_loss=2.1605  gap=0.0354  ema_gap=0.0305  mixup=0/100  17.4 sps  ETA 0.6h
              R²_rand=0.7251  R²_naive=-0.5395  U_t=0.0407  U_b=0.5563  AUC=0.9997  Top1=0.9929
  timing: data=3.4ms  fwd=25.0ms  bwd=11.2ms  total=40.2ms
  -> Saved /home/jupyter/checkpoints_backup/cf-388/pred_moco_sched/ats_pred_moco_sched_best_loss.pth
[  61000] loss=2.0811  ema_loss=2.1703  gap=0.0433  ema_gap=0.0282  mixup=0/100  17.4 sps  ETA 0.6h
              R²_rand=0.7350  R²_naive=-0.3524  U_t=0.0419  U_b=0.5696  AUC=0.9997  Top1=0.9906
  timing: data=3.4ms  fwd=24.8ms  bwd=12.3ms  total=41.0ms
[  61100] loss=2.1687  ema_loss=2.1627  gap=0.0344  ema_gap=0.0308  mixup=0/100  17.4 sps  ETA 0.6h
              R²_rand=0.7364  R²_naive=-0.4683  U_t=0.0428  U_b=0.5538  AUC=0.9995  Top1=0.9901
  timing: data=3.2ms  fwd=24.8ms  bwd=11.3ms  total=39.8ms
[  61200] loss=2.1535  ema_loss=2.1681  gap=0.0218  ema_gap=0.0301  mixup=0/100  17.4 sps  ETA 0.6h
              R²_rand=0.7296  R²_naive=-0.4790  U_t=0.0447  U_b=0.5398  AUC=0.9995  Top1=0.9847
  timing: data=3.2ms  fwd=25.2ms  bwd=10.4ms  total=39.3ms
[  61300] loss=2.1316  ema_loss=2.1675  gap=0.0462  ema_gap=0.0311  mixup=0/100  17.3 sps  ETA 0.6h
              R²_rand=0.7360  R²_naive=-0.3748  U_t=0.0400  U_b=0.5633  AUC=0.9997  Top1=0.9912
  timing: data=76.4ms  fwd=23.2ms  bwd=10.3ms  total=110.5ms
[  61400] loss=1.9946  ema_loss=2.1667  gap=0.0413  ema_gap=0.0300  mixup=0/100  17.4 sps  ETA 0.6h
              R²_rand=0.7255  R²_naive=-0.4647  U_t=0.0376  U_b=0.5815  AUC=0.9998  Top1=0.9923
  timing: data=3.7ms  fwd=25.1ms  bwd=10.4ms  total=39.7ms
[  61500] loss=2.1389  ema_loss=2.1726  gap=0.0450  ema_gap=0.0316  mixup=0/100  17.4 sps  ETA 0.6h
              R²_rand=0.7406  R²_naive=-0.4130  U_t=0.0430  U_b=0.5433  AUC=0.9996  Top1=0.9889
  timing: data=3.6ms  fwd=27.3ms  bwd=11.1ms  total=42.4ms
[  61600] loss=2.2312  ema_loss=2.1574  gap=0.0324  ema_gap=0.0322  mixup=0/100  17.4 sps  ETA 0.6h
              R²_rand=0.7358  R²_naive=-0.4474  U_t=0.0420  U_b=0.5618  AUC=0.9996  Top1=0.9818
  timing: data=3.4ms  fwd=25.0ms  bwd=9.5ms  total=38.4ms
  -> Saved /home/jupyter/checkpoints_backup/cf-388/pred_moco_sched/ats_pred_moco_sched_best_loss.pth
[  61700] loss=2.1592  ema_loss=2.1628  gap=0.0246  ema_gap=0.0305  mixup=0/100  17.4 sps  ETA 0.6h
              R²_rand=0.7264  R²_naive=-0.5270  U_t=0.0409  U_b=0.5250  AUC=0.9995  Top1=0.9895
  timing: data=3.6ms  fwd=25.4ms  bwd=9.3ms  total=38.8ms
[  61800] loss=2.2088  ema_loss=2.1460  gap=0.0238  ema_gap=0.0316  mixup=0/100  17.4 sps  ETA 0.6h
              R²_rand=0.7261  R²_naive=-0.5112  U_t=0.0430  U_b=0.5664  AUC=0.9997  Top1=0.9852
  timing: data=3.5ms  fwd=24.9ms  bwd=9.7ms  total=38.6ms
  -> Saved /home/jupyter/checkpoints_backup/cf-388/pred_moco_sched/ats_pred_moco_sched_best_loss.pth
[  61900] loss=2.1900  ema_loss=2.1409  gap=0.0247  ema_gap=0.0327  mixup=0/100  17.4 sps  ETA 0.6h
              R²_rand=0.7253  R²_naive=-0.4947  U_t=0.0432  U_b=0.5367  AUC=0.9995  Top1=0.9858
  timing: data=3.6ms  fwd=25.1ms  bwd=10.5ms  total=39.6ms
  -> Saved /home/jupyter/checkpoints_backup/cf-388/pred_moco_sched/ats_pred_moco_sched_best_loss.pth
[  62000] loss=2.1735  ema_loss=2.1529  gap=0.0278  ema_gap=0.0316  mixup=0/100  17.4 sps  ETA 0.6h
              R²_rand=0.7351  R²_naive=-0.4895  U_t=0.0425  U_b=0.5687  AUC=0.9993  Top1=0.9849
  timing: data=3.6ms  fwd=25.3ms  bwd=10.1ms  total=39.5ms
[  62100] loss=2.0968  ema_loss=2.1491  gap=0.0325  ema_gap=0.0323  mixup=0/100  17.4 sps  ETA 0.6h
              R²_rand=0.7402  R²_naive=-0.4668  U_t=0.0398  U_b=0.5874  AUC=0.9991  Top1=0.9861
  timing: data=3.5ms  fwd=24.8ms  bwd=9.9ms  total=38.7ms
[  62200] loss=2.1895  ema_loss=2.1498  gap=0.0157  ema_gap=0.0325  mixup=0/100  17.4 sps  ETA 0.6h
              R²_rand=0.7318  R²_naive=-0.5638  U_t=0.0407  U_b=0.5534  AUC=0.9996  Top1=0.9884
  timing: data=3.5ms  fwd=26.8ms  bwd=9.6ms  total=40.4ms
[  62300] loss=2.1391  ema_loss=2.1506  gap=0.0305  ema_gap=0.0318  mixup=0/100  17.4 sps  ETA 0.6h
              R²_rand=0.7419  R²_naive=-0.4276  U_t=0.0434  U_b=0.5630  AUC=0.9993  Top1=0.9869
  timing: data=3.6ms  fwd=24.9ms  bwd=9.5ms  total=38.4ms
[  62400] loss=2.1449  ema_loss=2.1573  gap=0.0286  ema_gap=0.0303  mixup=0/100  17.4 sps  ETA 0.6h
              R²_rand=0.7356  R²_naive=-0.4689  U_t=0.0439  U_b=0.5821  AUC=0.9992  Top1=0.9864
  timing: data=3.4ms  fwd=25.0ms  bwd=9.6ms  total=38.5ms
[  62500] loss=2.0809  ema_loss=2.1629  gap=0.0321  ema_gap=0.0291  mixup=0/100  17.4 sps  ETA 0.6h
              R²_rand=0.7333  R²_naive=-0.4439  U_t=0.0425  U_b=0.5829  AUC=0.9998  Top1=0.9906
  timing: data=76.4ms  fwd=22.6ms  bwd=9.4ms  total=108.8ms
[  62600] loss=2.0835  ema_loss=2.1587  gap=0.0314  ema_gap=0.0287  mixup=0/100  17.4 sps  ETA 0.6h
              R²_rand=0.7368  R²_naive=-0.3930  U_t=0.0426  U_b=0.5690  AUC=0.9995  Top1=0.9912
  timing: data=3.6ms  fwd=25.1ms  bwd=9.6ms  total=38.8ms
[  62700] loss=2.0916  ema_loss=2.1694  gap=0.0352  ema_gap=0.0294  mixup=0/100  17.4 sps  ETA 0.6h
              R²_rand=0.7393  R²_naive=-0.4545  U_t=0.0415  U_b=0.5568  AUC=0.9996  Top1=0.9844
  timing: data=3.4ms  fwd=24.7ms  bwd=9.6ms  total=38.2ms
[  62800] loss=2.1235  ema_loss=2.1502  gap=0.0321  ema_gap=0.0290  mixup=0/100  17.4 sps  ETA 0.6h
              R²_rand=0.7372  R²_naive=-0.4730  U_t=0.0405  U_b=0.5722  AUC=0.9996  Top1=0.9937
  timing: data=3.4ms  fwd=25.4ms  bwd=9.6ms  total=38.8ms
[  62900] loss=2.0729  ema_loss=2.1599  gap=0.0440  ema_gap=0.0296  mixup=0/100  17.4 sps  ETA 0.6h
              R²_rand=0.7309  R²_naive=-0.4199  U_t=0.0400  U_b=0.5508  AUC=0.9998  Top1=0.9929
  timing: data=3.6ms  fwd=25.3ms  bwd=9.6ms  total=38.9ms
[  63000] loss=2.1198  ema_loss=2.1607  gap=0.0461  ema_gap=0.0307  mixup=0/100  17.4 sps  ETA 0.6h
              R²_rand=0.7363  R²_naive=-0.3889  U_t=0.0398  U_b=0.5665  AUC=0.9996  Top1=0.9889
  timing: data=3.6ms  fwd=25.4ms  bwd=9.5ms  total=38.9ms
[  63100] loss=2.1754  ema_loss=2.1482  gap=0.0186  ema_gap=0.0318  mixup=0/100  17.4 sps  ETA 0.6h
              R²_rand=0.7372  R²_naive=-0.4848  U_t=0.0444  U_b=0.5556  AUC=0.9995  Top1=0.9849
  timing: data=3.5ms  fwd=27.1ms  bwd=9.5ms  total=40.6ms
[  63200] loss=2.1023  ema_loss=2.1503  gap=0.0331  ema_gap=0.0310  mixup=0/100  17.4 sps  ETA 0.6h
              R²_rand=0.7281  R²_naive=-0.4605  U_t=0.0415  U_b=0.5842  AUC=0.9997  Top1=0.9915
  timing: data=3.4ms  fwd=24.6ms  bwd=9.5ms  total=38.0ms
[  63300] loss=2.3440  ema_loss=2.1521  gap=0.0375  ema_gap=0.0312  mixup=0/100  17.4 sps  ETA 0.6h
              R²_rand=0.7080  R²_naive=-0.5930  U_t=0.0396  U_b=0.5045  AUC=0.9987  Top1=0.9409
  timing: data=3.5ms  fwd=24.8ms  bwd=9.6ms  total=38.4ms
[  63400] loss=2.1527  ema_loss=2.1516  gap=0.0371  ema_gap=0.0320  mixup=0/100  17.4 sps  ETA 0.6h
              R²_rand=0.7292  R²_naive=-0.4498  U_t=0.0417  U_b=0.5679  AUC=0.9997  Top1=0.9889
  timing: data=3.5ms  fwd=24.9ms  bwd=9.6ms  total=38.5ms
[  63500] loss=2.0841  ema_loss=2.1609  gap=0.0251  ema_gap=0.0327  mixup=0/100  17.4 sps  ETA 0.6h
              R²_rand=0.7156  R²_naive=-0.4870  U_t=0.0394  U_b=0.5839  AUC=0.9996  Top1=0.9926
  timing: data=3.4ms  fwd=25.1ms  bwd=9.0ms  total=37.9ms
[  63600] loss=2.1391  ema_loss=2.1403  gap=0.0366  ema_gap=0.0321  mixup=0/100  17.4 sps  ETA 0.6h
              R²_rand=0.7274  R²_naive=-0.5059  U_t=0.0402  U_b=0.5930  AUC=0.9988  Top1=0.9656
  timing: data=3.5ms  fwd=24.5ms  bwd=9.6ms  total=38.2ms
  -> Saved /home/jupyter/checkpoints_backup/cf-388/pred_moco_sched/ats_pred_moco_sched_best_loss.pth
[  63700] loss=2.1015  ema_loss=2.1434  gap=0.0366  ema_gap=0.0323  mixup=0/100  17.4 sps  ETA 0.6h
              R²_rand=0.7350  R²_naive=-0.3709  U_t=0.0414  U_b=0.5671  AUC=0.9998  Top1=0.9912
  timing: data=3.3ms  fwd=24.8ms  bwd=9.4ms  total=38.0ms
[  63800] loss=2.1771  ema_loss=2.1387  gap=0.0328  ema_gap=0.0332  mixup=0/100  17.4 sps  ETA 0.6h
              R²_rand=0.7355  R²_naive=-0.4215  U_t=0.0423  U_b=0.5600  AUC=0.9996  Top1=0.9875
  timing: data=88.0ms  fwd=19.2ms  bwd=10.0ms  total=117.7ms
  -> Saved /home/jupyter/checkpoints_backup/cf-388/pred_moco_sched/ats_pred_moco_sched_best_loss.pth
[  63900] loss=2.2313  ema_loss=2.1399  gap=0.0186  ema_gap=0.0335  mixup=0/100  17.4 sps  ETA 0.6h
              R²_rand=0.7305  R²_naive=-0.5333  U_t=0.0434  U_b=0.5276  AUC=0.9996  Top1=0.9889
  timing: data=3.7ms  fwd=24.5ms  bwd=10.5ms  total=39.2ms
[  64000] loss=2.0910  ema_loss=2.1347  gap=0.0341  ema_gap=0.0338  mixup=0/100  17.4 sps  ETA 0.6h
              R²_rand=0.7450  R²_naive=-0.4539  U_t=0.0417  U_b=0.5797  AUC=0.9996  Top1=0.9906
  timing: data=3.4ms  fwd=24.8ms  bwd=9.6ms  total=38.4ms
  -> Saved /home/jupyter/checkpoints_backup/cf-388/pred_moco_sched/ats_pred_moco_sched_best_loss.pth
[  64100] loss=2.1620  ema_loss=2.1413  gap=0.0262  ema_gap=0.0335  mixup=0/100  17.4 sps  ETA 0.6h
              R²_rand=0.7345  R²_naive=-0.4908  U_t=0.0426  U_b=0.5776  AUC=0.9996  Top1=0.9861
  timing: data=3.4ms  fwd=25.0ms  bwd=10.2ms  total=39.0ms
[  64200] loss=2.1975  ema_loss=2.1389  gap=0.0223  ema_gap=0.0335  mixup=0/100  17.4 sps  ETA 0.6h
              R²_rand=0.7232  R²_naive=-0.4897  U_t=0.0430  U_b=0.5213  AUC=0.9994  Top1=0.9869
  timing: data=3.4ms  fwd=25.2ms  bwd=9.2ms  total=38.3ms
[  64300] loss=2.2968  ema_loss=2.1464  gap=0.0324  ema_gap=0.0324  mixup=0/100  17.4 sps  ETA 0.6h
              R²_rand=0.7176  R²_naive=-0.5937  U_t=0.0395  U_b=0.5180  AUC=0.9988  Top1=0.9480
  timing: data=3.3ms  fwd=25.1ms  bwd=8.0ms  total=37.0ms
[  64400] loss=2.0221  ema_loss=2.1431  gap=0.0476  ema_gap=0.0331  mixup=0/100  17.4 sps  ETA 0.6h
              R²_rand=0.7483  R²_naive=-0.3825  U_t=0.0389  U_b=0.5604  AUC=0.9997  Top1=0.9926
  timing: data=3.4ms  fwd=24.9ms  bwd=9.2ms  total=38.0ms
[  64500] loss=2.0768  ema_loss=2.1278  gap=0.0390  ema_gap=0.0338  mixup=0/100  17.4 sps  ETA 0.6h
              R²_rand=0.7342  R²_naive=-0.4705  U_t=0.0402  U_b=0.5609  AUC=0.9996  Top1=0.9901
  timing: data=3.4ms  fwd=24.8ms  bwd=10.3ms  total=39.1ms
  -> Saved /home/jupyter/checkpoints_backup/cf-388/pred_moco_sched/ats_pred_moco_sched_best_loss.pth
[  64600] loss=2.1238  ema_loss=2.1230  gap=0.0330  ema_gap=0.0351  mixup=0/100  17.4 sps  ETA 0.6h
              R²_rand=0.7315  R²_naive=-0.4845  U_t=0.0394  U_b=0.5644  AUC=0.9997  Top1=0.9906
  timing: data=3.5ms  fwd=25.1ms  bwd=9.9ms  total=39.0ms
  -> Saved /home/jupyter/checkpoints_backup/cf-388/pred_moco_sched/ats_pred_moco_sched_best_loss.pth
[  64700] loss=2.1432  ema_loss=2.1277  gap=0.0300  ema_gap=0.0332  mixup=0/100  17.4 sps  ETA 0.6h
              R²_rand=0.7369  R²_naive=-0.4639  U_t=0.0422  U_b=0.5931  AUC=0.9994  Top1=0.9812
  timing: data=3.3ms  fwd=26.8ms  bwd=11.2ms  total=41.7ms
[  64800] loss=2.0768  ema_loss=2.1303  gap=0.0334  ema_gap=0.0328  mixup=0/100  17.4 sps  ETA 0.6h
              R²_rand=0.7361  R²_naive=-0.4462  U_t=0.0414  U_b=0.5962  AUC=0.9995  Top1=0.9918
  timing: data=3.4ms  fwd=24.8ms  bwd=9.8ms  total=38.5ms
[  64900] loss=2.1438  ema_loss=2.1285  gap=0.0303  ema_gap=0.0331  mixup=0/100  17.4 sps  ETA 0.6h
              R²_rand=0.7322  R²_naive=-0.4905  U_t=0.0387  U_b=0.5475  AUC=0.9997  Top1=0.9881
  timing: data=3.6ms  fwd=25.0ms  bwd=9.9ms  total=38.9ms
[  65000] loss=2.0720  ema_loss=2.1355  gap=0.0258  ema_gap=0.0341  mixup=0/100  17.4 sps  ETA 0.6h
              R²_rand=0.7269  R²_naive=-0.5215  U_t=0.0431  U_b=0.5729  AUC=0.9994  Top1=0.9878
  timing: data=92.5ms  fwd=22.9ms  bwd=9.9ms  total=125.8ms
  -> Saved /home/jupyter/checkpoints_backup/cf-388/pred_moco_sched/ats_pred_moco_sched_65k.pth
[  65100] loss=2.1178  ema_loss=2.1400  gap=0.0352  ema_gap=0.0344  mixup=0/100  17.4 sps  ETA 0.6h
              R²_rand=0.7374  R²_naive=-0.4838  U_t=0.0400  U_b=0.5761  AUC=0.9995  Top1=0.9889
  timing: data=3.5ms  fwd=25.2ms  bwd=9.9ms  total=39.0ms
[  65200] loss=2.0993  ema_loss=2.1353  gap=0.0289  ema_gap=0.0344  mixup=0/100  17.4 sps  ETA 0.6h
              R²_rand=0.7435  R²_naive=-0.4787  U_t=0.0420  U_b=0.5824  AUC=0.9996  Top1=0.9881
  timing: data=3.8ms  fwd=25.5ms  bwd=10.1ms  total=39.9ms
[  65300] loss=2.0055  ema_loss=2.1403  gap=0.0421  ema_gap=0.0330  mixup=0/100  17.4 sps  ETA 0.6h
              R²_rand=0.7407  R²_naive=-0.4105  U_t=0.0392  U_b=0.5862  AUC=0.9998  Top1=0.9943
  timing: data=3.6ms  fwd=24.9ms  bwd=11.2ms  total=40.3ms
[  65400] loss=2.0710  ema_loss=2.1404  gap=0.0255  ema_gap=0.0332  mixup=0/100  17.4 sps  ETA 0.6h
              R²_rand=0.7143  R²_naive=-0.5156  U_t=0.0399  U_b=0.5763  AUC=0.9997  Top1=0.9929
  timing: data=3.6ms  fwd=25.3ms  bwd=10.4ms  total=39.9ms
[  65500] loss=2.1053  ema_loss=2.1335  gap=0.0362  ema_gap=0.0330  mixup=0/100  17.4 sps  ETA 0.6h
              R²_rand=0.7341  R²_naive=-0.4167  U_t=0.0409  U_b=0.5745  AUC=0.9997  Top1=0.9886
  timing: data=3.5ms  fwd=27.2ms  bwd=10.4ms  total=41.6ms
[  65600] loss=2.1620  ema_loss=2.1497  gap=0.0251  ema_gap=0.0315  mixup=0/100  17.4 sps  ETA 0.5h
              R²_rand=0.7275  R²_naive=-0.4784  U_t=0.0438  U_b=0.5572  AUC=0.9994  Top1=0.9892
  timing: data=3.5ms  fwd=25.3ms  bwd=10.5ms  total=39.8ms
[  65700] loss=2.2800  ema_loss=2.1506  gap=0.0270  ema_gap=0.0321  mixup=0/100  17.4 sps  ETA 0.5h
              R²_rand=0.7150  R²_naive=-0.6976  U_t=0.0385  U_b=0.5324  AUC=0.9986  Top1=0.9531
  timing: data=3.5ms  fwd=25.5ms  bwd=10.4ms  total=39.9ms
[  65800] loss=2.2078  ema_loss=2.1470  gap=0.0241  ema_gap=0.0313  mixup=0/100  17.4 sps  ETA 0.5h
              R²_rand=0.7237  R²_naive=-0.5621  U_t=0.0405  U_b=0.5428  AUC=0.9993  Top1=0.9861
  timing: data=3.6ms  fwd=26.0ms  bwd=10.3ms  total=40.5ms
[  65900] loss=2.2218  ema_loss=2.1429  gap=0.0327  ema_gap=0.0318  mixup=0/100  17.4 sps  ETA 0.5h
              R²_rand=0.7326  R²_naive=-0.4554  U_t=0.0418  U_b=0.5372  AUC=0.9996  Top1=0.9852
  timing: data=3.5ms  fwd=25.3ms  bwd=10.1ms  total=39.4ms
[  66000] loss=2.0392  ema_loss=2.1529  gap=0.0489  ema_gap=0.0316  mixup=0/100  17.4 sps  ETA 0.5h
              R²_rand=0.7458  R²_naive=-0.3385  U_t=0.0418  U_b=0.5934  AUC=0.9992  Top1=0.9889
  timing: data=3.4ms  fwd=25.0ms  bwd=10.2ms  total=39.1ms
[  66100] loss=2.1085  ema_loss=2.1400  gap=0.0350  ema_gap=0.0320  mixup=0/100  17.4 sps  ETA 0.5h
              R²_rand=0.7382  R²_naive=-0.4421  U_t=0.0374  U_b=0.5517  AUC=0.9998  Top1=0.9920
  timing: data=3.5ms  fwd=25.3ms  bwd=10.1ms  total=39.4ms
[  66200] loss=2.1664  ema_loss=2.1515  gap=0.0297  ema_gap=0.0315  mixup=0/100  17.4 sps  ETA 0.5h
              R²_rand=0.7400  R²_naive=-0.4207  U_t=0.0430  U_b=0.5630  AUC=0.9997  Top1=0.9892
  timing: data=3.5ms  fwd=25.2ms  bwd=10.0ms  total=39.2ms
[  66300] loss=2.1648  ema_loss=2.1423  gap=0.0334  ema_gap=0.0309  mixup=0/100  17.4 sps  ETA 0.5h
              R²_rand=0.7432  R²_naive=-0.4711  U_t=0.0425  U_b=0.5519  AUC=0.9996  Top1=0.9892
  timing: data=106.0ms  fwd=23.1ms  bwd=10.3ms  total=139.8ms
[  66400] loss=2.1976  ema_loss=2.1399  gap=0.0368  ema_gap=0.0317  mixup=0/100  17.4 sps  ETA 0.5h
              R²_rand=0.7268  R²_naive=-0.4288  U_t=0.0422  U_b=0.5532  AUC=0.9997  Top1=0.9872
  timing: data=3.4ms  fwd=26.8ms  bwd=9.9ms  total=40.6ms
[  66500] loss=2.2469  ema_loss=2.1507  gap=0.0205  ema_gap=0.0317  mixup=0/100  17.4 sps  ETA 0.5h
              R²_rand=0.7339  R²_naive=-0.5640  U_t=0.0417  U_b=0.5391  AUC=0.9992  Top1=0.9875
  timing: data=3.5ms  fwd=25.0ms  bwd=10.8ms  total=39.7ms
[  66600] loss=2.1701  ema_loss=2.1432  gap=0.0248  ema_gap=0.0296  mixup=0/100  17.4 sps  ETA 0.5h
              R²_rand=0.7227  R²_naive=-0.4904  U_t=0.0417  U_b=0.5699  AUC=0.9997  Top1=0.9858
  timing: data=3.3ms  fwd=25.1ms  bwd=10.6ms  total=39.5ms
[  66700] loss=2.2868  ema_loss=2.1470  gap=0.0278  ema_gap=0.0295  mixup=0/100  17.4 sps  ETA 0.5h
              R²_rand=0.7266  R²_naive=-0.5108  U_t=0.0422  U_b=0.5395  AUC=0.9996  Top1=0.9881
  timing: data=3.4ms  fwd=25.4ms  bwd=9.7ms  total=39.0ms
[  66800] loss=2.1181  ema_loss=2.1433  gap=0.0243  ema_gap=0.0304  mixup=0/100  17.4 sps  ETA 0.5h
              R²_rand=0.7399  R²_naive=-0.4781  U_t=0.0407  U_b=0.6017  AUC=0.9997  Top1=0.9923
  timing: data=3.5ms  fwd=25.3ms  bwd=9.4ms  total=38.7ms
[  66900] loss=2.1518  ema_loss=2.1356  gap=0.0392  ema_gap=0.0316  mixup=0/100  17.4 sps  ETA 0.5h
              R²_rand=0.7385  R²_naive=-0.4128  U_t=0.0395  U_b=0.5630  AUC=0.9996  Top1=0.9909
  timing: data=3.4ms  fwd=25.5ms  bwd=9.7ms  total=39.1ms
[  67000] loss=2.3731  ema_loss=2.1336  gap=0.0184  ema_gap=0.0322  mixup=0/100  17.4 sps  ETA 0.5h
              R²_rand=0.7156  R²_naive=-0.7491  U_t=0.0411  U_b=0.5146  AUC=0.9988  Top1=0.9452
  timing: data=3.7ms  fwd=25.3ms  bwd=9.5ms  total=38.9ms
[  67100] loss=2.1676  ema_loss=2.1272  gap=0.0333  ema_gap=0.0327  mixup=0/100  17.4 sps  ETA 0.5h
              R²_rand=0.7368  R²_naive=-0.4549  U_t=0.0412  U_b=0.5526  AUC=0.9997  Top1=0.9906
  timing: data=3.5ms  fwd=25.2ms  bwd=10.0ms  total=39.2ms
[  67200] loss=2.1831  ema_loss=2.1433  gap=0.0247  ema_gap=0.0318  mixup=0/100  17.4 sps  ETA 0.5h
              R²_rand=0.7466  R²_naive=-0.4808  U_t=0.0415  U_b=0.5645  AUC=0.9998  Top1=0.9912
  timing: data=3.6ms  fwd=27.1ms  bwd=11.6ms  total=42.8ms
[  67300] loss=2.2053  ema_loss=2.1448  gap=0.0289  ema_gap=0.0322  mixup=0/100  17.4 sps  ETA 0.5h
              R²_rand=0.7094  R²_naive=-0.4610  U_t=0.0455  U_b=0.5586  AUC=0.9997  Top1=0.9898
  timing: data=3.5ms  fwd=23.3ms  bwd=9.5ms  total=36.8ms
[  67400] loss=2.0262  ema_loss=2.1395  gap=0.0281  ema_gap=0.0316  mixup=0/100  17.4 sps  ETA 0.5h
              R²_rand=0.7378  R²_naive=-0.4581  U_t=0.0418  U_b=0.5968  AUC=0.9998  Top1=0.9926
  timing: data=3.3ms  fwd=21.1ms  bwd=10.8ms  total=35.8ms
[  67500] loss=2.0706  ema_loss=2.1266  gap=0.0325  ema_gap=0.0312  mixup=0/100  17.4 sps  ETA 0.5h
              R²_rand=0.7359  R²_naive=-0.4343  U_t=0.0412  U_b=0.5803  AUC=0.9998  Top1=0.9940
  timing: data=97.7ms  fwd=21.1ms  bwd=10.2ms  total=129.5ms
[  67600] loss=2.1499  ema_loss=2.1307  gap=0.0300  ema_gap=0.0319  mixup=0/100  17.4 sps  ETA 0.5h
              R²_rand=0.7362  R²_naive=-0.4269  U_t=0.0407  U_b=0.5701  AUC=0.9996  Top1=0.9906
  timing: data=3.3ms  fwd=25.0ms  bwd=10.4ms  total=39.2ms
[  67700] loss=2.1415  ema_loss=2.1328  gap=0.0237  ema_gap=0.0325  mixup=0/100  17.4 sps  ETA 0.5h
              R²_rand=0.7238  R²_naive=-0.5059  U_t=0.0435  U_b=0.5794  AUC=0.9992  Top1=0.9858
  timing: data=3.3ms  fwd=25.2ms  bwd=9.8ms  total=38.8ms
[  67800] loss=2.3137  ema_loss=2.1377  gap=0.0323  ema_gap=0.0314  mixup=0/100  17.4 sps  ETA 0.5h
              R²_rand=0.7369  R²_naive=-0.4433  U_t=0.0409  U_b=0.5606  AUC=0.9996  Top1=0.9918
  timing: data=3.5ms  fwd=25.1ms  bwd=10.1ms  total=39.1ms
[  67900] loss=2.0776  ema_loss=2.1339  gap=0.0268  ema_gap=0.0308  mixup=0/100  17.4 sps  ETA 0.5h
              R²_rand=0.7301  R²_naive=-0.4907  U_t=0.0423  U_b=0.5615  AUC=0.9994  Top1=0.9878
  timing: data=3.6ms  fwd=25.2ms  bwd=9.1ms  total=38.3ms
[  68000] loss=2.1628  ema_loss=2.1359  gap=0.0254  ema_gap=0.0309  mixup=0/100  17.4 sps  ETA 0.5h
              R²_rand=0.7327  R²_naive=-0.4784  U_t=0.0407  U_b=0.5643  AUC=0.9997  Top1=0.9886
  timing: data=3.8ms  fwd=26.6ms  bwd=9.3ms  total=40.2ms
[  68100] loss=2.1807  ema_loss=2.1485  gap=0.0240  ema_gap=0.0306  mixup=0/100  17.4 sps  ETA 0.5h
              R²_rand=0.7328  R²_naive=-0.5366  U_t=0.0425  U_b=0.5614  AUC=0.9995  Top1=0.9795
  timing: data=3.4ms  fwd=25.3ms  bwd=9.4ms  total=38.5ms
[  68200] loss=2.0589  ema_loss=2.1368  gap=0.0414  ema_gap=0.0314  mixup=0/100  17.4 sps  ETA 0.5h
              R²_rand=0.7388  R²_naive=-0.3971  U_t=0.0413  U_b=0.5706  AUC=0.9996  Top1=0.9918
  timing: data=3.4ms  fwd=25.0ms  bwd=9.5ms  total=38.4ms
[  68300] loss=2.1639  ema_loss=2.1392  gap=0.0316  ema_gap=0.0310  mixup=0/100  17.4 sps  ETA 0.5h
              R²_rand=0.7310  R²_naive=-0.4615  U_t=0.0396  U_b=0.5703  AUC=0.9996  Top1=0.9841
  timing: data=3.4ms  fwd=25.2ms  bwd=9.6ms  total=38.7ms
[  68400] loss=2.2086  ema_loss=2.1412  gap=0.0141  ema_gap=0.0307  mixup=0/100  17.4 sps  ETA 0.5h
              R²_rand=0.7192  R²_naive=-0.6581  U_t=0.0416  U_b=0.5648  AUC=0.9997  Top1=0.9847
  timing: data=3.6ms  fwd=25.1ms  bwd=10.5ms  total=39.7ms
[  68500] loss=2.1271  ema_loss=2.1477  gap=0.0285  ema_gap=0.0313  mixup=0/100  17.4 sps  ETA 0.5h
              R²_rand=0.7346  R²_naive=-0.5037  U_t=0.0396  U_b=0.5494  AUC=0.9997  Top1=0.9912
  timing: data=3.5ms  fwd=24.9ms  bwd=9.7ms  total=38.7ms
[  68600] loss=2.1574  ema_loss=2.1550  gap=0.0323  ema_gap=0.0306  mixup=0/100  17.4 sps  ETA 0.5h
              R²_rand=0.7277  R²_naive=-0.3821  U_t=0.0441  U_b=0.5898  AUC=0.9995  Top1=0.9861
  timing: data=3.6ms  fwd=24.8ms  bwd=9.9ms  total=38.8ms
[  68700] loss=2.2275  ema_loss=2.1439  gap=0.0304  ema_gap=0.0309  mixup=0/100  17.4 sps  ETA 0.5h
              R²_rand=0.7358  R²_naive=-0.4433  U_t=0.0411  U_b=0.5448  AUC=0.9995  Top1=0.9889
  timing: data=3.5ms  fwd=25.3ms  bwd=11.2ms  total=40.6ms
[  68800] loss=2.1555  ema_loss=2.1293  gap=0.0285  ema_gap=0.0306  mixup=0/100  17.3 sps  ETA 0.5h
              R²_rand=0.7258  R²_naive=-0.4519  U_t=0.0401  U_b=0.5516  AUC=0.9997  Top1=0.9855
  timing: data=214.2ms  fwd=25.2ms  bwd=10.0ms  total=249.9ms
[  68900] loss=2.1275  ema_loss=2.1515  gap=0.0249  ema_gap=0.0307  mixup=0/100  17.3 sps  ETA 0.5h
              R²_rand=0.7336  R²_naive=-0.4935  U_t=0.0430  U_b=0.5921  AUC=0.9995  Top1=0.9878
  timing: data=3.4ms  fwd=25.3ms  bwd=10.5ms  total=39.6ms
[  69000] loss=2.1972  ema_loss=2.1446  gap=0.0256  ema_gap=0.0310  mixup=0/100  17.3 sps  ETA 0.5h
              R²_rand=0.7381  R²_naive=-0.5101  U_t=0.0414  U_b=0.5627  AUC=0.9997  Top1=0.9864
  timing: data=3.4ms  fwd=25.3ms  bwd=10.6ms  total=39.8ms
[  69100] loss=2.0626  ema_loss=2.1521  gap=0.0383  ema_gap=0.0294  mixup=0/100  17.3 sps  ETA 0.5h
              R²_rand=0.7342  R²_naive=-0.4038  U_t=0.0403  U_b=0.5634  AUC=0.9997  Top1=0.9912
  timing: data=3.7ms  fwd=25.1ms  bwd=10.1ms  total=39.3ms
[  69200] loss=2.0590  ema_loss=2.1472  gap=0.0288  ema_gap=0.0300  mixup=0/100  17.3 sps  ETA 0.5h
              R²_rand=0.7309  R²_naive=-0.3998  U_t=0.0413  U_b=0.6107  AUC=0.9995  Top1=0.9878
  timing: data=3.4ms  fwd=25.2ms  bwd=10.0ms  total=39.1ms
[  69300] loss=2.2518  ema_loss=2.1319  gap=0.0205  ema_gap=0.0288  mixup=0/100  17.3 sps  ETA 0.5h
              R²_rand=0.7299  R²_naive=-0.4836  U_t=0.0427  U_b=0.5566  AUC=0.9997  Top1=0.9844
  timing: data=3.7ms  fwd=25.2ms  bwd=9.9ms  total=39.4ms
[  69400] loss=2.0572  ema_loss=2.1392  gap=0.0407  ema_gap=0.0296  mixup=0/100  17.3 sps  ETA 0.5h
              R²_rand=0.7361  R²_naive=-0.3836  U_t=0.0405  U_b=0.5739  AUC=0.9998  Top1=0.9912
  timing: data=3.5ms  fwd=25.2ms  bwd=9.8ms  total=39.0ms
[  69500] loss=2.1876  ema_loss=2.1481  gap=0.0410  ema_gap=0.0308  mixup=0/100  17.3 sps  ETA 0.5h
              R²_rand=0.7318  R²_naive=-0.4260  U_t=0.0394  U_b=0.5606  AUC=0.9997  Top1=0.9855
  timing: data=3.6ms  fwd=25.7ms  bwd=9.6ms  total=39.4ms
[  69600] loss=2.0754  ema_loss=2.1335  gap=0.0328  ema_gap=0.0324  mixup=0/100  17.4 sps  ETA 0.5h
              R²_rand=0.7297  R²_naive=-0.4161  U_t=0.0414  U_b=0.5789  AUC=0.9996  Top1=0.9932
  timing: data=3.6ms  fwd=27.0ms  bwd=9.6ms  total=40.7ms
[  69700] loss=2.1358  ema_loss=2.1382  gap=0.0457  ema_gap=0.0326  mixup=0/100  17.4 sps  ETA 0.5h
              R²_rand=0.7515  R²_naive=-0.3221  U_t=0.0404  U_b=0.5795  AUC=0.9998  Top1=0.9926
  timing: data=3.4ms  fwd=25.1ms  bwd=9.6ms  total=38.6ms
[  69800] loss=2.0878  ema_loss=2.1231  gap=0.0274  ema_gap=0.0330  mixup=0/100  17.4 sps  ETA 0.5h
              R²_rand=0.7382  R²_naive=-0.4582  U_t=0.0414  U_b=0.5699  AUC=0.9995  Top1=0.9940
  timing: data=3.5ms  fwd=25.6ms  bwd=10.1ms  total=39.7ms
[  69900] loss=2.0538  ema_loss=2.1472  gap=0.0444  ema_gap=0.0315  mixup=0/100  17.4 sps  ETA 0.5h
              R²_rand=0.7430  R²_naive=-0.3953  U_t=0.0390  U_b=0.5888  AUC=0.9998  Top1=0.9912
  timing: data=3.3ms  fwd=25.2ms  bwd=9.3ms  total=38.3ms
[  70000] loss=2.0408  ema_loss=2.1334  gap=0.0408  ema_gap=0.0322  mixup=0/100  17.3 sps  ETA 0.5h
              R²_rand=0.7457  R²_naive=-0.3218  U_t=0.0402  U_b=0.5689  AUC=0.9999  Top1=0.9915
  timing: data=73.6ms  fwd=22.7ms  bwd=9.7ms  total=106.4ms
  -> Saved /home/jupyter/checkpoints_backup/cf-388/pred_moco_sched/ats_pred_moco_sched_70k.pth
[  70100] loss=2.2395  ema_loss=2.1308  gap=0.0382  ema_gap=0.0327  mixup=0/100  17.3 sps  ETA 0.5h
              R²_rand=0.7380  R²_naive=-0.3665  U_t=0.0413  U_b=0.5659  AUC=0.9997  Top1=0.9915
  timing: data=3.6ms  fwd=24.7ms  bwd=9.6ms  total=38.4ms
[  70200] loss=2.1348  ema_loss=2.1290  gap=0.0295  ema_gap=0.0327  mixup=0/100  17.3 sps  ETA 0.5h
              R²_rand=0.7320  R²_naive=-0.5148  U_t=0.0399  U_b=0.5512  AUC=0.9996  Top1=0.9926
  timing: data=3.4ms  fwd=25.1ms  bwd=9.6ms  total=38.6ms
[  70300] loss=2.2353  ema_loss=2.1259  gap=0.0235  ema_gap=0.0325  mixup=0/100  17.3 sps  ETA 0.5h
              R²_rand=0.7224  R²_naive=-0.4763  U_t=0.0418  U_b=0.5646  AUC=0.9993  Top1=0.9830
  timing: data=3.5ms  fwd=24.8ms  bwd=9.5ms  total=38.3ms
[  70400] loss=2.2160  ema_loss=2.1284  gap=0.0225  ema_gap=0.0312  mixup=0/100  17.3 sps  ETA 0.5h
              R²_rand=0.7240  R²_naive=-0.4498  U_t=0.0434  U_b=0.5822  AUC=0.9996  Top1=0.9864
  timing: data=3.4ms  fwd=24.9ms  bwd=9.6ms  total=38.4ms
[  70500] loss=2.1633  ema_loss=2.1287  gap=0.0292  ema_gap=0.0321  mixup=0/100  17.4 sps  ETA 0.5h
              R²_rand=0.7334  R²_naive=-0.4234  U_t=0.0433  U_b=0.5803  AUC=0.9996  Top1=0.9901
  timing: data=3.4ms  fwd=25.7ms  bwd=10.3ms  total=40.0ms
[  70600] loss=2.1592  ema_loss=2.1348  gap=0.0368  ema_gap=0.0330  mixup=0/100  17.4 sps  ETA 0.5h
              R²_rand=0.7279  R²_naive=-0.3873  U_t=0.0428  U_b=0.5761  AUC=0.9996  Top1=0.9903
  timing: data=3.2ms  fwd=21.2ms  bwd=12.0ms  total=36.9ms
[  70700] loss=2.0063  ema_loss=2.1293  gap=0.0396  ema_gap=0.0331  mixup=0/100  17.4 sps  ETA 0.5h
              R²_rand=0.7406  R²_naive=-0.3428  U_t=0.0421  U_b=0.6097  AUC=0.9998  Top1=0.9935
  timing: data=3.3ms  fwd=25.2ms  bwd=9.6ms  total=38.6ms
[  70800] loss=2.0339  ema_loss=2.1218  gap=0.0387  ema_gap=0.0341  mixup=0/100  17.4 sps  ETA 0.5h
              R²_rand=0.7384  R²_naive=-0.3929  U_t=0.0413  U_b=0.6002  AUC=0.9999  Top1=0.9946
  timing: data=3.5ms  fwd=24.9ms  bwd=9.6ms  total=38.4ms
  -> Saved /home/jupyter/checkpoints_backup/cf-388/pred_moco_sched/ats_pred_moco_sched_best_loss.pth
[  70900] loss=2.1252  ema_loss=2.1156  gap=0.0301  ema_gap=0.0349  mixup=0/100  17.4 sps  ETA 0.5h
              R²_rand=0.7362  R²_naive=-0.4555  U_t=0.0403  U_b=0.5962  AUC=0.9998  Top1=0.9872
  timing: data=3.5ms  fwd=25.0ms  bwd=9.6ms  total=38.5ms
  -> Saved /home/jupyter/checkpoints_backup/cf-388/pred_moco_sched/ats_pred_moco_sched_best_loss.pth
[  71000] loss=2.0444  ema_loss=2.1216  gap=0.0251  ema_gap=0.0325  mixup=0/100  17.4 sps  ETA 0.5h
              R²_rand=0.7276  R²_naive=-0.4237  U_t=0.0425  U_b=0.5942  AUC=0.9997  Top1=0.9920
  timing: data=3.5ms  fwd=25.0ms  bwd=9.6ms  total=38.5ms
[  71100] loss=2.2517  ema_loss=2.1332  gap=0.0303  ema_gap=0.0310  mixup=0/100  17.4 sps  ETA 0.5h
              R²_rand=0.7399  R²_naive=-0.3711  U_t=0.0447  U_b=0.5805  AUC=0.9992  Top1=0.9861
  timing: data=3.4ms  fwd=25.2ms  bwd=9.5ms  total=38.6ms
[  71200] loss=2.1684  ema_loss=2.1356  gap=0.0289  ema_gap=0.0315  mixup=0/100  17.4 sps  ETA 0.5h
              R²_rand=0.7308  R²_naive=-0.4784  U_t=0.0409  U_b=0.5751  AUC=0.9996  Top1=0.9909
  timing: data=3.5ms  fwd=24.9ms  bwd=9.9ms  total=38.8ms
[  71300] loss=2.0460  ema_loss=2.1253  gap=0.0379  ema_gap=0.0320  mixup=0/100  17.3 sps  ETA 0.5h
              R²_rand=0.7533  R²_naive=-0.4237  U_t=0.0399  U_b=0.6001  AUC=0.9998  Top1=0.9937
  timing: data=95.5ms  fwd=25.2ms  bwd=10.0ms  total=131.2ms
[  71400] loss=2.0259  ema_loss=2.1219  gap=0.0324  ema_gap=0.0307  mixup=0/100  17.3 sps  ETA 0.5h
              R²_rand=0.7355  R²_naive=-0.4563  U_t=0.0432  U_b=0.5993  AUC=0.9998  Top1=0.9923
  timing: data=3.8ms  fwd=25.6ms  bwd=9.9ms  total=39.7ms
[  71500] loss=2.0281  ema_loss=2.1256  gap=0.0448  ema_gap=0.0296  mixup=0/100  17.3 sps  ETA 0.5h
              R²_rand=0.7416  R²_naive=-0.3503  U_t=0.0410  U_b=0.6041  AUC=0.9996  Top1=0.9940
  timing: data=3.8ms  fwd=25.5ms  bwd=10.0ms  total=39.8ms
[  71600] loss=2.1129  ema_loss=2.1352  gap=0.0294  ema_gap=0.0294  mixup=0/100  17.4 sps  ETA 0.5h
              R²_rand=0.7441  R²_naive=-0.3735  U_t=0.0422  U_b=0.5668  AUC=0.9997  Top1=0.9909
  timing: data=3.6ms  fwd=25.2ms  bwd=10.1ms  total=39.4ms
[  71700] loss=2.0746  ema_loss=2.1366  gap=0.0305  ema_gap=0.0290  mixup=0/100  17.4 sps  ETA 0.5h
              R²_rand=0.7277  R²_naive=-0.4042  U_t=0.0431  U_b=0.5983  AUC=0.9998  Top1=0.9869
  timing: data=3.6ms  fwd=25.2ms  bwd=9.9ms  total=39.2ms
[  71800] loss=2.1018  ema_loss=2.1355  gap=0.0210  ema_gap=0.0292  mixup=0/100  17.4 sps  ETA 0.5h
              R²_rand=0.7378  R²_naive=-0.4312  U_t=0.0441  U_b=0.5726  AUC=0.9999  Top1=0.9952
  timing: data=3.5ms  fwd=25.1ms  bwd=10.0ms  total=39.0ms
[  71900] loss=2.0563  ema_loss=2.1362  gap=0.0330  ema_gap=0.0286  mixup=0/100  17.4 sps  ETA 0.4h
              R²_rand=0.7489  R²_naive=-0.3731  U_t=0.0414  U_b=0.5881  AUC=0.9997  Top1=0.9946
  timing: data=3.4ms  fwd=25.1ms  bwd=9.7ms  total=38.7ms
[  72000] loss=2.0318  ema_loss=2.1349  gap=0.0353  ema_gap=0.0283  mixup=0/100  17.4 sps  ETA 0.4h
              R²_rand=0.7390  R²_naive=-0.4001  U_t=0.0408  U_b=0.5936  AUC=0.9999  Top1=0.9943
  timing: data=3.4ms  fwd=25.0ms  bwd=9.8ms  total=38.6ms
[  72100] loss=2.1057  ema_loss=2.1293  gap=0.0295  ema_gap=0.0280  mixup=0/100  17.4 sps  ETA 0.4h
              R²_rand=0.7416  R²_naive=-0.4329  U_t=0.0383  U_b=0.5813  AUC=0.9998  Top1=0.9926
  timing: data=3.6ms  fwd=27.5ms  bwd=8.5ms  total=40.0ms
[  72200] loss=2.1657  ema_loss=2.1132  gap=0.0259  ema_gap=0.0286  mixup=0/100  17.4 sps  ETA 0.4h
              R²_rand=0.7213  R²_naive=-0.4366  U_t=0.0419  U_b=0.5980  AUC=0.9997  Top1=0.9886
  timing: data=3.4ms  fwd=24.8ms  bwd=9.4ms  total=38.1ms
  -> Saved /home/jupyter/checkpoints_backup/cf-388/pred_moco_sched/ats_pred_moco_sched_best_loss.pth
[  72300] loss=2.0705  ema_loss=2.1166  gap=0.0273  ema_gap=0.0276  mixup=0/100  17.4 sps  ETA 0.4h
              R²_rand=0.7354  R²_naive=-0.4119  U_t=0.0443  U_b=0.6056  AUC=0.9997  Top1=0.9923
  timing: data=3.5ms  fwd=25.6ms  bwd=10.0ms  total=39.6ms
[  72400] loss=2.0748  ema_loss=2.1223  gap=0.0231  ema_gap=0.0276  mixup=0/100  17.4 sps  ETA 0.4h
              R²_rand=0.7319  R²_naive=-0.4985  U_t=0.0447  U_b=0.6012  AUC=0.9998  Top1=0.9912
  timing: data=3.3ms  fwd=25.0ms  bwd=10.9ms  total=39.7ms
[  72500] loss=2.1346  ema_loss=2.1286  gap=0.0318  ema_gap=0.0278  mixup=0/100  17.3 sps  ETA 0.4h
              R²_rand=0.7371  R²_naive=-0.3628  U_t=0.0448  U_b=0.6034  AUC=0.9997  Top1=0.9844
  timing: data=122.6ms  fwd=23.2ms  bwd=10.3ms  total=156.6ms
[  72600] loss=2.1609  ema_loss=2.1315  gap=0.0214  ema_gap=0.0278  mixup=0/100  17.3 sps  ETA 0.4h
              R²_rand=0.7304  R²_naive=-0.4689  U_t=0.0456  U_b=0.5544  AUC=0.9996  Top1=0.9943
  timing: data=3.7ms  fwd=25.2ms  bwd=10.4ms  total=39.8ms
[  72700] loss=2.0110  ema_loss=2.1413  gap=0.0297  ema_gap=0.0262  mixup=0/100  17.3 sps  ETA 0.4h
              R²_rand=0.7423  R²_naive=-0.3811  U_t=0.0425  U_b=0.6204  AUC=0.9999  Top1=0.9966
  timing: data=3.5ms  fwd=25.4ms  bwd=9.5ms  total=38.9ms
[  72800] loss=2.1407  ema_loss=2.1262  gap=0.0266  ema_gap=0.0263  mixup=0/100  17.3 sps  ETA 0.4h
              R²_rand=0.7383  R²_naive=-0.3760  U_t=0.0445  U_b=0.5882  AUC=0.9997  Top1=0.9932
  timing: data=3.4ms  fwd=25.3ms  bwd=9.7ms  total=39.0ms
[  72900] loss=2.0160  ema_loss=2.1196  gap=0.0294  ema_gap=0.0263  mixup=0/100  17.3 sps  ETA 0.4h
              R²_rand=0.7311  R²_naive=-0.4192  U_t=0.0417  U_b=0.6122  AUC=0.9996  Top1=0.9935
  timing: data=3.8ms  fwd=27.3ms  bwd=10.8ms  total=42.4ms
[  73000] loss=2.0379  ema_loss=2.1122  gap=0.0291  ema_gap=0.0262  mixup=0/100  17.3 sps  ETA 0.4h
              R²_rand=0.7306  R²_naive=-0.4003  U_t=0.0432  U_b=0.6184  AUC=0.9999  Top1=0.9957
  timing: data=3.7ms  fwd=24.9ms  bwd=10.7ms  total=39.9ms
  -> Saved /home/jupyter/checkpoints_backup/cf-388/pred_moco_sched/ats_pred_moco_sched_best_loss.pth
[  73100] loss=2.0572  ema_loss=2.1196  gap=0.0316  ema_gap=0.0251  mixup=0/100  17.3 sps  ETA 0.4h
              R²_rand=0.7424  R²_naive=-0.3602  U_t=0.0426  U_b=0.5900  AUC=0.9999  Top1=0.9943
  timing: data=3.6ms  fwd=25.2ms  bwd=10.8ms  total=40.1ms
[  73200] loss=2.0423  ema_loss=2.1149  gap=0.0318  ema_gap=0.0259  mixup=0/100  17.3 sps  ETA 0.4h
              R²_rand=0.7416  R²_naive=-0.4325  U_t=0.0386  U_b=0.6064  AUC=0.9998  Top1=0.9960
  timing: data=3.4ms  fwd=25.1ms  bwd=10.2ms  total=39.3ms
[  73300] loss=1.9864  ema_loss=2.1167  gap=0.0341  ema_gap=0.0257  mixup=0/100  17.4 sps  ETA 0.4h
              R²_rand=0.7251  R²_naive=-0.3717  U_t=0.0430  U_b=0.6263  AUC=0.9999  Top1=0.9935
  timing: data=3.4ms  fwd=25.4ms  bwd=10.8ms  total=40.1ms
[  73400] loss=2.0491  ema_loss=2.1218  gap=0.0219  ema_gap=0.0241  mixup=0/100  17.4 sps  ETA 0.4h
              R²_rand=0.7326  R²_naive=-0.4533  U_t=0.0423  U_b=0.6096  AUC=0.9998  Top1=0.9940
  timing: data=3.3ms  fwd=25.1ms  bwd=10.3ms  total=39.2ms
[  73500] loss=2.0316  ema_loss=2.1100  gap=0.0309  ema_gap=0.0247  mixup=0/100  17.4 sps  ETA 0.4h
              R²_rand=0.7260  R²_naive=-0.3699  U_t=0.0438  U_b=0.6295  AUC=0.9997  Top1=0.9932
  timing: data=3.2ms  fwd=24.8ms  bwd=10.1ms  total=38.6ms
  -> Saved /home/jupyter/checkpoints_backup/cf-388/pred_moco_sched/ats_pred_moco_sched_best_loss.pth
[  73600] loss=2.1616  ema_loss=2.1237  gap=0.0237  ema_gap=0.0234  mixup=0/100  17.4 sps  ETA 0.4h
              R²_rand=0.7248  R²_naive=-0.4400  U_t=0.0421  U_b=0.5930  AUC=0.9998  Top1=0.9841
  timing: data=3.5ms  fwd=24.7ms  bwd=9.9ms  total=38.6ms
[  73700] loss=2.0920  ema_loss=2.1306  gap=0.0301  ema_gap=0.0250  mixup=0/100  17.4 sps  ETA 0.4h
              R²_rand=0.7296  R²_naive=-0.3899  U_t=0.0431  U_b=0.6029  AUC=0.9999  Top1=0.9943
  timing: data=3.8ms  fwd=25.1ms  bwd=10.9ms  total=40.2ms
[  73800] loss=2.0969  ema_loss=2.1129  gap=0.0182  ema_gap=0.0255  mixup=0/100  17.3 sps  ETA 0.4h
              R²_rand=0.7310  R²_naive=-0.4710  U_t=0.0436  U_b=0.5955  AUC=0.9999  Top1=0.9937
  timing: data=66.8ms  fwd=23.9ms  bwd=11.1ms  total=102.3ms
[  73900] loss=2.1641  ema_loss=2.1200  gap=0.0227  ema_gap=0.0251  mixup=0/100  17.3 sps  ETA 0.4h
              R²_rand=0.7211  R²_naive=-0.5119  U_t=0.0408  U_b=0.5902  AUC=0.9994  Top1=0.9608
  timing: data=3.2ms  fwd=22.3ms  bwd=12.1ms  total=38.1ms
[  74000] loss=2.0874  ema_loss=2.1166  gap=0.0357  ema_gap=0.0243  mixup=0/100  17.3 sps  ETA 0.4h
              R²_rand=0.7438  R²_naive=-0.3314  U_t=0.0436  U_b=0.5883  AUC=0.9997  Top1=0.9915
  timing: data=3.4ms  fwd=25.7ms  bwd=10.2ms  total=39.8ms
[  74100] loss=2.1247  ema_loss=2.1235  gap=0.0198  ema_gap=0.0236  mixup=0/100  17.4 sps  ETA 0.4h
              R²_rand=0.7303  R²_naive=-0.4783  U_t=0.0439  U_b=0.6036  AUC=0.9998  Top1=0.9937
  timing: data=3.5ms  fwd=25.0ms  bwd=10.5ms  total=39.5ms
[  74200] loss=2.1238  ema_loss=2.1364  gap=0.0322  ema_gap=0.0234  mixup=0/100  17.4 sps  ETA 0.4h
              R²_rand=0.7432  R²_naive=-0.4076  U_t=0.0409  U_b=0.5947  AUC=0.9998  Top1=0.9943
  timing: data=3.5ms  fwd=25.0ms  bwd=10.2ms  total=39.3ms
[  74300] loss=2.1134  ema_loss=2.1276  gap=0.0171  ema_gap=0.0230  mixup=0/100  17.4 sps  ETA 0.4h
              R²_rand=0.7340  R²_naive=-0.4793  U_t=0.0416  U_b=0.5879  AUC=0.9998  Top1=0.9946
  timing: data=3.6ms  fwd=25.2ms  bwd=10.5ms  total=39.8ms
[  74400] loss=2.1926  ema_loss=2.1263  gap=0.0277  ema_gap=0.0242  mixup=0/100  17.4 sps  ETA 0.4h
              R²_rand=0.7232  R²_naive=-0.5119  U_t=0.0428  U_b=0.5982  AUC=0.9998  Top1=0.9920
  timing: data=3.6ms  fwd=24.8ms  bwd=9.7ms  total=38.5ms
[  74500] loss=2.0837  ema_loss=2.1250  gap=0.0280  ema_gap=0.0237  mixup=0/100  17.4 sps  ETA 0.4h
              R²_rand=0.7467  R²_naive=-0.3785  U_t=0.0428  U_b=0.6098  AUC=0.9999  Top1=0.9929
  timing: data=3.4ms  fwd=24.9ms  bwd=10.1ms  total=38.9ms
[  74600] loss=2.0551  ema_loss=2.1259  gap=0.0216  ema_gap=0.0237  mixup=0/100  17.4 sps  ETA 0.4h
              R²_rand=0.7347  R²_naive=-0.4517  U_t=0.0428  U_b=0.6176  AUC=0.9998  Top1=0.9940
  timing: data=3.5ms  fwd=27.2ms  bwd=10.3ms  total=41.6ms
[  74700] loss=2.0845  ema_loss=2.1476  gap=0.0263  ema_gap=0.0224  mixup=0/100  17.4 sps  ETA 0.4h
              R²_rand=0.7384  R²_naive=-0.4203  U_t=0.0434  U_b=0.6077  AUC=0.9998  Top1=0.9946
  timing: data=3.6ms  fwd=25.0ms  bwd=10.7ms  total=39.7ms
[  74800] loss=2.2848  ema_loss=2.1387  gap=0.0302  ema_gap=0.0222  mixup=0/100  17.4 sps  ETA 0.4h
              R²_rand=0.7430  R²_naive=-0.3689  U_t=0.0458  U_b=0.5751  AUC=0.9997  Top1=0.9804
  timing: data=3.5ms  fwd=25.1ms  bwd=11.1ms  total=40.2ms
[  74900] loss=2.0544  ema_loss=2.1411  gap=0.0265  ema_gap=0.0216  mixup=0/100  17.4 sps  ETA 0.4h
              R²_rand=0.7337  R²_naive=-0.3889  U_t=0.0463  U_b=0.6145  AUC=0.9998  Top1=0.9929
  timing: data=3.4ms  fwd=24.9ms  bwd=10.4ms  total=39.2ms
[  75000] loss=2.1228  ema_loss=2.1580  gap=0.0179  ema_gap=0.0214  mixup=0/100  17.3 sps  ETA 0.4h
              R²_rand=0.7211  R²_naive=-0.3700  U_t=0.0457  U_b=0.5957  AUC=0.9999  Top1=0.9946
  timing: data=75.7ms  fwd=22.5ms  bwd=12.0ms  total=110.7ms
  -> Saved /home/jupyter/checkpoints_backup/cf-388/pred_moco_sched/ats_pred_moco_sched_75k.pth
[  75100] loss=2.1384  ema_loss=2.1622  gap=0.0204  ema_gap=0.0207  mixup=0/100  17.4 sps  ETA 0.4h
              R²_rand=0.7291  R²_naive=-0.4349  U_t=0.0459  U_b=0.6010  AUC=0.9996  Top1=0.9906
  timing: data=3.4ms  fwd=25.4ms  bwd=12.1ms  total=41.4ms
[  75200] loss=2.1436  ema_loss=2.1551  gap=0.0104  ema_gap=0.0211  mixup=0/100  17.4 sps  ETA 0.4h
              R²_rand=0.7286  R²_naive=-0.4910  U_t=0.0440  U_b=0.5738  AUC=0.9999  Top1=0.9949
  timing: data=3.4ms  fwd=25.2ms  bwd=11.5ms  total=40.6ms
[  75300] loss=2.1957  ema_loss=2.1500  gap=0.0103  ema_gap=0.0199  mixup=0/100  17.4 sps  ETA 0.4h
              R²_rand=0.7370  R²_naive=-0.5030  U_t=0.0441  U_b=0.5966  AUC=0.9998  Top1=0.9915
  timing: data=3.4ms  fwd=25.1ms  bwd=10.1ms  total=39.0ms
[  75400] loss=2.2555  ema_loss=2.1542  gap=0.0139  ema_gap=0.0202  mixup=0/100  17.4 sps  ETA 0.4h
              R²_rand=0.7120  R²_naive=-0.4594  U_t=0.0454  U_b=0.5657  AUC=0.9998  Top1=0.9866
  timing: data=3.6ms  fwd=27.3ms  bwd=10.0ms  total=41.4ms
[  75500] loss=2.2469  ema_loss=2.1634  gap=0.0157  ema_gap=0.0199  mixup=0/100  17.4 sps  ETA 0.4h
              R²_rand=0.7372  R²_naive=-0.4895  U_t=0.0433  U_b=0.5749  AUC=0.9997  Top1=0.9884
  timing: data=3.6ms  fwd=26.5ms  bwd=10.6ms  total=41.2ms
[  75600] loss=2.1241  ema_loss=2.1696  gap=0.0122  ema_gap=0.0201  mixup=0/100  17.4 sps  ETA 0.4h
              R²_rand=0.7313  R²_naive=-0.4399  U_t=0.0457  U_b=0.5941  AUC=0.9997  Top1=0.9909
  timing: data=3.3ms  fwd=24.9ms  bwd=10.2ms  total=38.8ms
[  75700] loss=2.2450  ema_loss=2.1677  gap=0.0122  ema_gap=0.0200  mixup=0/100  17.4 sps  ETA 0.4h
              R²_rand=0.7150  R²_naive=-0.5430  U_t=0.0419  U_b=0.5946  AUC=0.9997  Top1=0.9716
  timing: data=3.4ms  fwd=25.1ms  bwd=9.8ms  total=38.9ms
[  75800] loss=2.0769  ema_loss=2.1665  gap=0.0144  ema_gap=0.0191  mixup=0/100  17.4 sps  ETA 0.4h
              R²_rand=0.7388  R²_naive=-0.4684  U_t=0.0442  U_b=0.6081  AUC=0.9999  Top1=0.9960
  timing: data=3.4ms  fwd=25.2ms  bwd=10.0ms  total=39.1ms
[  75900] loss=2.1225  ema_loss=2.1703  gap=0.0241  ema_gap=0.0202  mixup=0/100  17.4 sps  ETA 0.4h
              R²_rand=0.7392  R²_naive=-0.3522  U_t=0.0482  U_b=0.6055  AUC=0.9999  Top1=0.9957
  timing: data=3.4ms  fwd=25.1ms  bwd=9.9ms  total=38.9ms
[  76000] loss=2.2421  ema_loss=2.1727  gap=0.0198  ema_gap=0.0204  mixup=0/100  17.4 sps  ETA 0.4h
              R²_rand=0.7304  R²_naive=-0.3993  U_t=0.0444  U_b=0.6184  AUC=0.9999  Top1=0.9855
  timing: data=3.4ms  fwd=25.0ms  bwd=10.1ms  total=38.9ms
[  76100] loss=2.1338  ema_loss=2.1702  gap=0.0352  ema_gap=0.0201  mixup=0/100  17.4 sps  ETA 0.4h
              R²_rand=0.7376  R²_naive=-0.4068  U_t=0.0386  U_b=0.5974  AUC=0.9997  Top1=0.9807
  timing: data=3.5ms  fwd=25.7ms  bwd=9.9ms  total=39.6ms
[  76200] loss=2.0893  ema_loss=2.1673  gap=0.0335  ema_gap=0.0197  mixup=0/100  17.4 sps  ETA 0.4h
              R²_rand=0.7422  R²_naive=-0.2974  U_t=0.0465  U_b=0.6058  AUC=0.9994  Top1=0.9915
  timing: data=3.8ms  fwd=25.0ms  bwd=9.9ms  total=39.2ms
[  76300] loss=2.1363  ema_loss=2.1751  gap=0.0229  ema_gap=0.0192  mixup=0/100  17.4 sps  ETA 0.4h
              R²_rand=0.7287  R²_naive=-0.4079  U_t=0.0457  U_b=0.5934  AUC=0.9997  Top1=0.9889
  timing: data=78.8ms  fwd=25.8ms  bwd=9.3ms  total=114.4ms
[  76400] loss=2.3079  ema_loss=2.1891  gap=0.0090  ema_gap=0.0185  mixup=0/100  17.4 sps  ETA 0.4h
              R²_rand=0.7136  R²_naive=-0.5563  U_t=0.0449  U_b=0.5981  AUC=0.9996  Top1=0.9767
  timing: data=3.6ms  fwd=25.4ms  bwd=8.4ms  total=38.0ms
[  76500] loss=2.1497  ema_loss=2.1785  gap=0.0188  ema_gap=0.0181  mixup=0/100  17.4 sps  ETA 0.4h
              R²_rand=0.7382  R²_naive=-0.4040  U_t=0.0473  U_b=0.6049  AUC=0.9997  Top1=0.9937
  timing: data=3.4ms  fwd=25.7ms  bwd=10.2ms  total=39.8ms
[  76600] loss=2.0893  ema_loss=2.1803  gap=0.0109  ema_gap=0.0183  mixup=0/100  17.4 sps  ETA 0.4h
              R²_rand=0.7177  R²_naive=-0.4105  U_t=0.0462  U_b=0.6198  AUC=0.9999  Top1=0.9932
  timing: data=3.6ms  fwd=25.1ms  bwd=10.8ms  total=40.0ms
[  76700] loss=2.3407  ema_loss=2.1998  gap=0.0275  ema_gap=0.0197  mixup=0/100  17.4 sps  ETA 0.4h
              R²_rand=0.7329  R²_naive=-0.3935  U_t=0.0463  U_b=0.5545  AUC=0.9998  Top1=0.9844
  timing: data=3.4ms  fwd=25.2ms  bwd=9.4ms  total=38.4ms
[  76800] loss=2.1522  ema_loss=2.1903  gap=0.0125  ema_gap=0.0195  mixup=0/100  17.4 sps  ETA 0.4h
              R²_rand=0.7326  R²_naive=-0.4434  U_t=0.0467  U_b=0.6054  AUC=0.9995  Top1=0.9923
  timing: data=3.4ms  fwd=25.1ms  bwd=9.4ms  total=38.4ms
[  76900] loss=2.1218  ema_loss=2.1892  gap=0.0172  ema_gap=0.0193  mixup=0/100  17.4 sps  ETA 0.4h
              R²_rand=0.7348  R²_naive=-0.4284  U_t=0.0466  U_b=0.5943  AUC=0.9998  Top1=0.9940
  timing: data=3.7ms  fwd=24.9ms  bwd=8.7ms  total=37.8ms
[  77000] loss=2.2182  ema_loss=2.1928  gap=0.0216  ema_gap=0.0195  mixup=0/100  17.4 sps  ETA 0.4h
              R²_rand=0.7373  R²_naive=-0.4012  U_t=0.0462  U_b=0.5831  AUC=0.9998  Top1=0.9898
  timing: data=3.6ms  fwd=27.2ms  bwd=9.5ms  total=40.7ms
[  77100] loss=2.1359  ema_loss=2.2009  gap=0.0234  ema_gap=0.0178  mixup=0/100  17.4 sps  ETA 0.4h
              R²_rand=0.7312  R²_naive=-0.3540  U_t=0.0499  U_b=0.6237  AUC=0.9999  Top1=0.9929
  timing: data=3.5ms  fwd=25.2ms  bwd=9.0ms  total=38.1ms
[  77200] loss=2.1672  ema_loss=2.1907  gap=0.0242  ema_gap=0.0181  mixup=0/100  17.4 sps  ETA 0.4h
              R²_rand=0.7368  R²_naive=-0.3909  U_t=0.0466  U_b=0.5795  AUC=0.9999  Top1=0.9940
  timing: data=3.6ms  fwd=25.2ms  bwd=8.2ms  total=37.4ms
[  77300] loss=2.1786  ema_loss=2.1927  gap=0.0095  ema_gap=0.0184  mixup=0/100  17.4 sps  ETA 0.4h
              R²_rand=0.7125  R²_naive=-0.4550  U_t=0.0477  U_b=0.6042  AUC=0.9997  Top1=0.9858
  timing: data=3.4ms  fwd=25.2ms  bwd=8.8ms  total=37.9ms
[  77400] loss=2.2524  ema_loss=2.1900  gap=0.0053  ema_gap=0.0178  mixup=0/100  17.4 sps  ETA 0.4h
              R²_rand=0.7167  R²_naive=-0.5284  U_t=0.0464  U_b=0.5970  AUC=0.9996  Top1=0.9855
  timing: data=3.2ms  fwd=21.9ms  bwd=9.5ms  total=35.0ms
[  77500] loss=2.3758  ema_loss=2.2066  gap=0.0193  ema_gap=0.0170  mixup=0/100  17.4 sps  ETA 0.4h
              R²_rand=0.7179  R²_naive=-0.5201  U_t=0.0466  U_b=0.5751  AUC=0.9991  Top1=0.9520
  timing: data=85.2ms  fwd=20.7ms  bwd=9.8ms  total=116.2ms
[  77600] loss=2.1735  ema_loss=2.2052  gap=0.0188  ema_gap=0.0161  mixup=0/100  17.4 sps  ETA 0.4h
              R²_rand=0.7281  R²_naive=-0.3588  U_t=0.0498  U_b=0.6054  AUC=0.9998  Top1=0.9935
  timing: data=3.4ms  fwd=25.4ms  bwd=10.1ms  total=39.4ms
[  77700] loss=2.1859  ema_loss=2.2033  gap=0.0131  ema_gap=0.0173  mixup=0/100  17.4 sps  ETA 0.4h
              R²_rand=0.7332  R²_naive=-0.4208  U_t=0.0487  U_b=0.5813  AUC=0.9996  Top1=0.9932
  timing: data=3.3ms  fwd=25.2ms  bwd=13.3ms  total=42.3ms
[  77800] loss=2.1775  ema_loss=2.2320  gap=0.0087  ema_gap=0.0186  mixup=0/100  17.4 sps  ETA 0.4h
              R²_rand=0.7296  R²_naive=-0.3956  U_t=0.0524  U_b=0.6355  AUC=0.9997  Top1=0.9847
  timing: data=3.5ms  fwd=25.8ms  bwd=15.3ms  total=45.0ms
[  77900] loss=2.1195  ema_loss=2.2123  gap=0.0310  ema_gap=0.0183  mixup=0/100  17.4 sps  ETA 0.4h
              R²_rand=0.7279  R²_naive=-0.2958  U_t=0.0487  U_b=0.5970  AUC=0.9999  Top1=0.9929
  timing: data=3.5ms  fwd=27.7ms  bwd=13.1ms  total=44.7ms
[  78000] loss=2.1330  ema_loss=2.2012  gap=0.0355  ema_gap=0.0193  mixup=0/100  17.4 sps  ETA 0.4h
              R²_rand=0.7420  R²_naive=-0.3355  U_t=0.0428  U_b=0.5724  AUC=0.9997  Top1=0.9912
  timing: data=3.4ms  fwd=24.6ms  bwd=9.9ms  total=38.4ms
[  78100] loss=2.1675  ema_loss=2.2042  gap=0.0164  ema_gap=0.0187  mixup=0/100  17.4 sps  ETA 0.4h
              R²_rand=0.7309  R²_naive=-0.4328  U_t=0.0489  U_b=0.5854  AUC=0.9996  Top1=0.9903
  timing: data=3.5ms  fwd=25.4ms  bwd=10.0ms  total=39.4ms
[  78200] loss=2.1245  ema_loss=2.2032  gap=0.0230  ema_gap=0.0169  mixup=0/100  17.4 sps  ETA 0.3h
              R²_rand=0.7365  R²_naive=-0.3947  U_t=0.0483  U_b=0.5974  AUC=0.9999  Top1=0.9929
  timing: data=3.3ms  fwd=25.1ms  bwd=9.8ms  total=38.7ms
[  78300] loss=2.0966  ema_loss=2.2086  gap=0.0230  ema_gap=0.0157  mixup=0/100  17.4 sps  ETA 0.3h
              R²_rand=0.7328  R²_naive=-0.3862  U_t=0.0485  U_b=0.6147  AUC=0.9999  Top1=0.9952
  timing: data=3.7ms  fwd=25.4ms  bwd=10.6ms  total=40.3ms
[  78400] loss=2.2654  ema_loss=2.2118  gap=0.0177  ema_gap=0.0157  mixup=0/100  17.4 sps  ETA 0.3h
              R²_rand=0.7136  R²_naive=-0.3301  U_t=0.0513  U_b=0.5961  AUC=0.9995  Top1=0.9898
  timing: data=3.8ms  fwd=25.5ms  bwd=10.8ms  total=40.6ms
[  78500] loss=2.4431  ema_loss=2.2149  gap=0.0144  ema_gap=0.0156  mixup=0/100  17.4 sps  ETA 0.3h
              R²_rand=0.7276  R²_naive=-0.3931  U_t=0.0493  U_b=0.5907  AUC=0.9992  Top1=0.9707
  timing: data=3.4ms  fwd=25.4ms  bwd=11.2ms  total=40.5ms
[  78600] loss=2.1921  ema_loss=2.2269  gap=0.0185  ema_gap=0.0169  mixup=0/100  17.4 sps  ETA 0.3h
              R²_rand=0.7242  R²_naive=-0.3586  U_t=0.0526  U_b=0.5993  AUC=0.9996  Top1=0.9886
  timing: data=3.5ms  fwd=27.2ms  bwd=10.4ms  total=41.7ms
[  78700] loss=2.1264  ema_loss=2.2165  gap=0.0195  ema_gap=0.0178  mixup=0/100  17.4 sps  ETA 0.3h
              R²_rand=0.7253  R²_naive=-0.3581  U_t=0.0514  U_b=0.6315  AUC=0.9998  Top1=0.9912
  timing: data=4.0ms  fwd=23.3ms  bwd=10.3ms  total=38.2ms
[  78800] loss=2.2086  ema_loss=2.2292  gap=0.0270  ema_gap=0.0161  mixup=0/100  17.4 sps  ETA 0.3h
              R²_rand=0.7331  R²_naive=-0.3835  U_t=0.0464  U_b=0.5874  AUC=0.9998  Top1=0.9923
  timing: data=79.5ms  fwd=24.8ms  bwd=8.2ms  total=113.0ms
[  78900] loss=2.2310  ema_loss=2.2163  gap=0.0114  ema_gap=0.0169  mixup=0/100  17.4 sps  ETA 0.3h
              R²_rand=0.7293  R²_naive=-0.3579  U_t=0.0541  U_b=0.5911  AUC=0.9998  Top1=0.9861
  timing: data=3.6ms  fwd=25.7ms  bwd=8.3ms  total=38.1ms
[  79000] loss=2.1696  ema_loss=2.2396  gap=0.0134  ema_gap=0.0150  mixup=0/100  17.4 sps  ETA 0.3h
              R²_rand=0.7295  R²_naive=-0.4260  U_t=0.0485  U_b=0.5766  AUC=0.9998  Top1=0.9898
  timing: data=3.8ms  fwd=25.5ms  bwd=8.3ms  total=38.1ms
[  79100] loss=2.2501  ema_loss=2.2432  gap=0.0086  ema_gap=0.0156  mixup=0/100  17.4 sps  ETA 0.3h
              R²_rand=0.7312  R²_naive=-0.4225  U_t=0.0526  U_b=0.6014  AUC=0.9998  Top1=0.9901
  timing: data=3.8ms  fwd=25.0ms  bwd=9.8ms  total=39.1ms
[  79200] loss=2.3453  ema_loss=2.2358  gap=0.0204  ema_gap=0.0164  mixup=0/100  17.4 sps  ETA 0.3h
              R²_rand=0.7244  R²_naive=-0.3415  U_t=0.0530  U_b=0.5722  AUC=0.9996  Top1=0.9764
  timing: data=3.5ms  fwd=24.8ms  bwd=11.2ms  total=40.0ms
[  79300] loss=2.2756  ema_loss=2.2343  gap=0.0077  ema_gap=0.0162  mixup=0/100  17.4 sps  ETA 0.3h
              R²_rand=0.7235  R²_naive=-0.3910  U_t=0.0530  U_b=0.5932  AUC=0.9997  Top1=0.9889
  timing: data=3.2ms  fwd=25.2ms  bwd=11.9ms  total=40.8ms
[  79400] loss=2.1918  ema_loss=2.2237  gap=0.0227  ema_gap=0.0167  mixup=0/100  17.4 sps  ETA 0.3h
              R²_rand=0.7253  R²_naive=-0.3489  U_t=0.0505  U_b=0.5895  AUC=0.9996  Top1=0.9892
  timing: data=3.2ms  fwd=25.3ms  bwd=12.1ms  total=41.0ms
[  79500] loss=2.1867  ema_loss=2.2312  gap=0.0218  ema_gap=0.0172  mixup=0/100  17.4 sps  ETA 0.3h
              R²_rand=0.7146  R²_naive=-0.3761  U_t=0.0504  U_b=0.6010  AUC=0.9997  Top1=0.9875
  timing: data=3.6ms  fwd=27.9ms  bwd=11.9ms  total=43.8ms
[  79600] loss=2.3017  ema_loss=2.2330  gap=0.0137  ema_gap=0.0174  mixup=0/100  17.4 sps  ETA 0.3h
              R²_rand=0.7258  R²_naive=-0.3783  U_t=0.0516  U_b=0.5740  AUC=0.9995  Top1=0.9801
  timing: data=3.4ms  fwd=25.3ms  bwd=10.6ms  total=39.7ms
[  79700] loss=2.2043  ema_loss=2.2222  gap=0.0055  ema_gap=0.0174  mixup=0/100  17.4 sps  ETA 0.3h
              R²_rand=0.7228  R²_naive=-0.4118  U_t=0.0537  U_b=0.5916  AUC=0.9997  Top1=0.9906
  timing: data=3.4ms  fwd=25.5ms  bwd=9.8ms  total=39.1ms
[  79800] loss=2.0915  ema_loss=2.2268  gap=0.0215  ema_gap=0.0165  mixup=0/100  17.4 sps  ETA 0.3h
              R²_rand=0.7277  R²_naive=-0.3390  U_t=0.0521  U_b=0.6085  AUC=0.9998  Top1=0.9901
  timing: data=3.5ms  fwd=25.4ms  bwd=9.9ms  total=39.3ms
[  79900] loss=2.2694  ema_loss=2.2299  gap=0.0084  ema_gap=0.0161  mixup=0/100  17.4 sps  ETA 0.3h
              R²_rand=0.7199  R²_naive=-0.4227  U_t=0.0521  U_b=0.5705  AUC=0.9996  Top1=0.9889
  timing: data=3.6ms  fwd=24.9ms  bwd=10.0ms  total=39.0ms
[  80000] loss=2.3718  ema_loss=2.2421  gap=0.0046  ema_gap=0.0151  mixup=0/100  17.3 sps  ETA 0.3h
              R²_rand=0.7199  R²_naive=-0.4927  U_t=0.0518  U_b=0.5568  AUC=0.9997  Top1=0.9810
  timing: data=220.5ms  fwd=23.2ms  bwd=9.9ms  total=254.2ms
  -> Saved /home/jupyter/checkpoints_backup/cf-388/pred_moco_sched/ats_pred_moco_sched_80k.pth
[  80100] loss=2.4831  ema_loss=2.2338  gap=0.0046  ema_gap=0.0133  mixup=0/100  17.3 sps  ETA 0.3h
              R²_rand=0.7149  R²_naive=-0.4221  U_t=0.0568  U_b=0.5607  AUC=0.9993  Top1=0.9764
  timing: data=3.2ms  fwd=25.6ms  bwd=9.8ms  total=39.2ms
[  80200] loss=2.3827  ema_loss=2.2350  gap=0.0112  ema_gap=0.0140  mixup=0/100  17.3 sps  ETA 0.3h
              R²_rand=0.7050  R²_naive=-0.5290  U_t=0.0519  U_b=0.5455  AUC=0.9986  Top1=0.9386
  timing: data=3.3ms  fwd=25.8ms  bwd=10.6ms  total=40.3ms
[  80300] loss=2.1627  ema_loss=2.2434  gap=0.0217  ema_gap=0.0147  mixup=0/100  17.3 sps  ETA 0.3h
              R²_rand=0.7222  R²_naive=-0.4266  U_t=0.0492  U_b=0.5964  AUC=0.9998  Top1=0.9909
  timing: data=3.4ms  fwd=27.6ms  bwd=10.2ms  total=41.7ms
[  80400] loss=2.3721  ema_loss=2.2378  gap=0.0121  ema_gap=0.0157  mixup=0/100  17.3 sps  ETA 0.3h
              R²_rand=0.7099  R²_naive=-0.3992  U_t=0.0511  U_b=0.5698  AUC=0.9995  Top1=0.9645
  timing: data=3.4ms  fwd=25.6ms  bwd=9.6ms  total=39.1ms
[  80500] loss=2.5503  ema_loss=2.2397  gap=0.0173  ema_gap=0.0154  mixup=0/100  17.3 sps  ETA 0.3h
              R²_rand=0.7252  R²_naive=-0.4591  U_t=0.0512  U_b=0.5630  AUC=0.9994  Top1=0.9571
  timing: data=3.5ms  fwd=25.4ms  bwd=9.8ms  total=39.1ms
[  80600] loss=2.2162  ema_loss=2.2390  gap=0.0236  ema_gap=0.0156  mixup=0/100  17.3 sps  ETA 0.3h
              R²_rand=0.7204  R²_naive=-0.3666  U_t=0.0559  U_b=0.5976  AUC=0.9997  Top1=0.9903
  timing: data=3.2ms  fwd=20.9ms  bwd=11.0ms  total=35.7ms
[  80700] loss=2.2562  ema_loss=2.2448  gap=0.0001  ema_gap=0.0136  mixup=0/100  17.3 sps  ETA 0.3h
              R²_rand=0.7255  R²_naive=-0.4621  U_t=0.0522  U_b=0.5996  AUC=0.9997  Top1=0.9855
  timing: data=4.0ms  fwd=22.9ms  bwd=12.7ms  total=40.1ms
[  80800] loss=2.3628  ema_loss=2.2558  gap=0.0105  ema_gap=0.0139  mixup=0/100  17.3 sps  ETA 0.3h
              R²_rand=0.7236  R²_naive=-0.3955  U_t=0.0545  U_b=0.5755  AUC=0.9996  Top1=0.9892
  timing: data=3.2ms  fwd=25.1ms  bwd=11.6ms  total=40.4ms
[  80900] loss=2.2698  ema_loss=2.2655  gap=0.0118  ema_gap=0.0138  mixup=0/100  17.3 sps  ETA 0.3h
              R²_rand=0.7157  R²_naive=-0.3685  U_t=0.0535  U_b=0.5768  AUC=0.9999  Top1=0.9912
  timing: data=3.5ms  fwd=25.5ms  bwd=10.5ms  total=40.0ms
[  81000] loss=2.2693  ema_loss=2.2752  gap=0.0194  ema_gap=0.0134  mixup=0/100  17.3 sps  ETA 0.3h
              R²_rand=0.7184  R²_naive=-0.3388  U_t=0.0591  U_b=0.5901  AUC=0.9997  Top1=0.9881
  timing: data=3.4ms  fwd=25.3ms  bwd=9.9ms  total=39.1ms
[  81100] loss=2.2696  ema_loss=2.2670  gap=0.0064  ema_gap=0.0124  mixup=0/100  17.4 sps  ETA 0.3h
              R²_rand=0.7162  R²_naive=-0.3900  U_t=0.0555  U_b=0.5963  AUC=0.9997  Top1=0.9858
  timing: data=3.6ms  fwd=27.0ms  bwd=10.1ms  total=41.2ms
[  81200] loss=2.2438  ema_loss=2.2696  gap=0.0232  ema_gap=0.0129  mixup=0/100  17.3 sps  ETA 0.3h
              R²_rand=0.7236  R²_naive=-0.3152  U_t=0.0548  U_b=0.6043  AUC=0.9997  Top1=0.9906
  timing: data=78.2ms  fwd=23.3ms  bwd=9.6ms  total=111.6ms
[  81300] loss=2.2449  ema_loss=2.2656  gap=0.0174  ema_gap=0.0139  mixup=0/100  17.3 sps  ETA 0.3h
              R²_rand=0.7282  R²_naive=-0.3670  U_t=0.0539  U_b=0.5892  AUC=0.9997  Top1=0.9920
  timing: data=3.7ms  fwd=26.1ms  bwd=10.6ms  total=41.0ms
[  81400] loss=2.1430  ema_loss=2.2641  gap=0.0237  ema_gap=0.0126  mixup=0/100  17.3 sps  ETA 0.3h
              R²_rand=0.7335  R²_naive=-0.2793  U_t=0.0560  U_b=0.6083  AUC=0.9997  Top1=0.9895
  timing: data=3.5ms  fwd=25.2ms  bwd=10.3ms  total=39.5ms
[  81500] loss=2.2000  ema_loss=2.2648  gap=0.0216  ema_gap=0.0133  mixup=0/100  17.3 sps  ETA 0.3h
              R²_rand=0.7215  R²_naive=-0.3014  U_t=0.0558  U_b=0.5721  AUC=0.9996  Top1=0.9898
  timing: data=3.6ms  fwd=25.4ms  bwd=10.5ms  total=40.0ms
[  81600] loss=2.3749  ema_loss=2.2631  gap=0.0099  ema_gap=0.0134  mixup=0/100  17.3 sps  ETA 0.3h
              R²_rand=0.7144  R²_naive=-0.5070  U_t=0.0499  U_b=0.5332  AUC=0.9992  Top1=0.9625
  timing: data=3.6ms  fwd=25.4ms  bwd=9.4ms  total=38.9ms
[  81700] loss=2.1604  ema_loss=2.2589  gap=0.0222  ema_gap=0.0138  mixup=0/100  17.3 sps  ETA 0.3h
              R²_rand=0.7267  R²_naive=-0.3088  U_t=0.0524  U_b=0.6019  AUC=0.9999  Top1=0.9915
  timing: data=3.6ms  fwd=25.6ms  bwd=8.2ms  total=37.9ms
[  81800] loss=2.1515  ema_loss=2.2660  gap=0.0243  ema_gap=0.0137  mixup=0/100  17.3 sps  ETA 0.3h
              R²_rand=0.7235  R²_naive=-0.3314  U_t=0.0531  U_b=0.6083  AUC=0.9997  Top1=0.9872
  timing: data=3.7ms  fwd=25.3ms  bwd=8.0ms  total=37.4ms
[  81900] loss=2.1835  ema_loss=2.2695  gap=0.0246  ema_gap=0.0142  mixup=0/100  17.3 sps  ETA 0.3h
              R²_rand=0.7192  R²_naive=-0.2716  U_t=0.0564  U_b=0.5992  AUC=0.9994  Top1=0.9875
  timing: data=3.3ms  fwd=25.5ms  bwd=10.0ms  total=39.2ms
[  82000] loss=2.2572  ema_loss=2.2688  gap=0.0169  ema_gap=0.0144  mixup=0/100  17.3 sps  ETA 0.3h
              R²_rand=0.7245  R²_naive=-0.3343  U_t=0.0573  U_b=0.5724  AUC=0.9998  Top1=0.9892
  timing: data=3.5ms  fwd=27.3ms  bwd=13.1ms  total=44.4ms
[  82100] loss=2.5643  ema_loss=2.2688  gap=-0.0000  ema_gap=0.0139  mixup=0/100  17.3 sps  ETA 0.3h
              R²_rand=0.6765  R²_naive=-0.6153  U_t=0.0525  U_b=0.5019  AUC=0.9984  Top1=0.9327
  timing: data=3.5ms  fwd=25.1ms  bwd=13.9ms  total=43.0ms
[  82200] loss=2.2360  ema_loss=2.2639  gap=0.0061  ema_gap=0.0127  mixup=0/100  17.3 sps  ETA 0.3h
              R²_rand=0.7275  R²_naive=-0.3209  U_t=0.0586  U_b=0.6024  AUC=0.9997  Top1=0.9827
  timing: data=3.2ms  fwd=25.5ms  bwd=13.5ms  total=42.7ms
[  82300] loss=2.3653  ema_loss=2.2833  gap=0.0155  ema_gap=0.0109  mixup=0/100  17.4 sps  ETA 0.3h
              R²_rand=0.7258  R²_naive=-0.3362  U_t=0.0591  U_b=0.6068  AUC=0.9995  Top1=0.9625
  timing: data=3.3ms  fwd=25.9ms  bwd=11.8ms  total=41.4ms
[  82400] loss=2.2125  ema_loss=2.2691  gap=0.0199  ema_gap=0.0122  mixup=0/100  17.4 sps  ETA 0.3h
              R²_rand=0.7195  R²_naive=-0.3676  U_t=0.0535  U_b=0.5956  AUC=0.9998  Top1=0.9926
  timing: data=3.8ms  fwd=25.3ms  bwd=10.9ms  total=40.6ms
[  82500] loss=2.2273  ema_loss=2.2643  gap=0.0103  ema_gap=0.0125  mixup=0/100  17.3 sps  ETA 0.3h
              R²_rand=0.7219  R²_naive=-0.3750  U_t=0.0528  U_b=0.6070  AUC=0.9998  Top1=0.9889
  timing: data=138.5ms  fwd=23.2ms  bwd=10.9ms  total=173.1ms
[  82600] loss=2.2725  ema_loss=2.2605  gap=0.0184  ema_gap=0.0119  mixup=0/100  17.3 sps  ETA 0.3h
              R²_rand=0.7083  R²_naive=-0.3171  U_t=0.0612  U_b=0.5882  AUC=0.9997  Top1=0.9892
  timing: data=3.7ms  fwd=25.3ms  bwd=10.7ms  total=40.3ms
[  82700] loss=2.2255  ema_loss=2.2692  gap=0.0201  ema_gap=0.0117  mixup=0/100  17.3 sps  ETA 0.3h
              R²_rand=0.7217  R²_naive=-0.3969  U_t=0.0501  U_b=0.5977  AUC=0.9997  Top1=0.9892
  timing: data=3.4ms  fwd=25.1ms  bwd=10.5ms  total=39.4ms
[  82800] loss=2.2804  ema_loss=2.2705  gap=0.0090  ema_gap=0.0126  mixup=0/100  17.3 sps  ETA 0.3h
              R²_rand=0.7216  R²_naive=-0.3726  U_t=0.0593  U_b=0.6012  AUC=0.9997  Top1=0.9895
  timing: data=3.5ms  fwd=27.0ms  bwd=10.7ms  total=41.8ms
[  82900] loss=2.2630  ema_loss=2.2749  gap=0.0145  ema_gap=0.0120  mixup=0/100  17.3 sps  ETA 0.3h
              R²_rand=0.7228  R²_naive=-0.3029  U_t=0.0578  U_b=0.5779  AUC=0.9998  Top1=0.9852
  timing: data=3.4ms  fwd=25.0ms  bwd=10.7ms  total=39.6ms
[  83000] loss=2.3360  ema_loss=2.2862  gap=0.0196  ema_gap=0.0128  mixup=0/100  17.3 sps  ETA 0.3h
              R²_rand=0.7218  R²_naive=-0.2979  U_t=0.0547  U_b=0.5754  AUC=0.9997  Top1=0.9886
  timing: data=3.5ms  fwd=25.3ms  bwd=10.9ms  total=40.1ms
[  83100] loss=2.2201  ema_loss=2.2772  gap=0.0146  ema_gap=0.0126  mixup=0/100  17.3 sps  ETA 0.3h
              R²_rand=0.7181  R²_naive=-0.3497  U_t=0.0590  U_b=0.6048  AUC=0.9997  Top1=0.9869
  timing: data=3.4ms  fwd=25.4ms  bwd=10.2ms  total=39.4ms
[  83200] loss=2.2110  ema_loss=2.2824  gap=0.0207  ema_gap=0.0134  mixup=0/100  17.3 sps  ETA 0.3h
              R²_rand=0.7170  R²_naive=-0.2906  U_t=0.0586  U_b=0.6095  AUC=0.9997  Top1=0.9909
  timing: data=3.3ms  fwd=25.3ms  bwd=9.4ms  total=38.5ms
[  83300] loss=2.2281  ema_loss=2.2844  gap=0.0205  ema_gap=0.0130  mixup=0/100  17.3 sps  ETA 0.3h
              R²_rand=0.7262  R²_naive=-0.3554  U_t=0.0543  U_b=0.5482  AUC=0.9999  Top1=0.9895
  timing: data=3.4ms  fwd=25.0ms  bwd=9.4ms  total=38.3ms
[  83400] loss=2.2413  ema_loss=2.2929  gap=0.0188  ema_gap=0.0122  mixup=0/100  17.3 sps  ETA 0.3h
              R²_rand=0.7260  R²_naive=-0.3800  U_t=0.0522  U_b=0.5970  AUC=0.9997  Top1=0.9886
  timing: data=3.5ms  fwd=25.3ms  bwd=9.5ms  total=38.8ms
[  83500] loss=2.2600  ema_loss=2.2958  gap=0.0248  ema_gap=0.0127  mixup=0/100  17.3 sps  ETA 0.3h
              R²_rand=0.7199  R²_naive=-0.3759  U_t=0.0529  U_b=0.5714  AUC=0.9998  Top1=0.9912
  timing: data=3.5ms  fwd=25.5ms  bwd=11.5ms  total=41.0ms
[  83600] loss=2.4236  ema_loss=2.2969  gap=0.0190  ema_gap=0.0126  mixup=0/100  17.3 sps  ETA 0.3h
              R²_rand=0.7161  R²_naive=-0.3102  U_t=0.0571  U_b=0.5746  AUC=0.9997  Top1=0.9776
  timing: data=3.5ms  fwd=27.1ms  bwd=10.4ms  total=41.5ms
[  83700] loss=2.2690  ema_loss=2.2971  gap=0.0226  ema_gap=0.0126  mixup=0/100  17.3 sps  ETA 0.3h
              R²_rand=0.7291  R²_naive=-0.2949  U_t=0.0576  U_b=0.5901  AUC=0.9998  Top1=0.9886
  timing: data=249.8ms  fwd=22.9ms  bwd=10.8ms  total=283.9ms
[  83800] loss=2.4811  ema_loss=2.2803  gap=0.0065  ema_gap=0.0134  mixup=0/100  17.3 sps  ETA 0.3h
              R²_rand=0.7219  R²_naive=-0.4757  U_t=0.0521  U_b=0.5436  AUC=0.9992  Top1=0.9480
  timing: data=3.1ms  fwd=20.8ms  bwd=9.8ms  total=34.1ms
[  83900] loss=2.3873  ema_loss=2.2816  gap=-0.0073  ema_gap=0.0121  mixup=0/100  17.3 sps  ETA 0.3h
              R²_rand=0.7017  R²_naive=-0.4191  U_t=0.0615  U_b=0.5584  AUC=0.9994  Top1=0.9847
  timing: data=3.2ms  fwd=20.9ms  bwd=9.8ms  total=34.4ms
[  84000] loss=2.3089  ema_loss=2.2890  gap=0.0064  ema_gap=0.0100  mixup=0/100  17.3 sps  ETA 0.3h
              R²_rand=0.7159  R²_naive=-0.4191  U_t=0.0541  U_b=0.5751  AUC=0.9996  Top1=0.9878
  timing: data=3.1ms  fwd=20.9ms  bwd=12.3ms  total=36.7ms
[  84100] loss=2.2308  ema_loss=2.2782  gap=0.0114  ema_gap=0.0118  mixup=0/100  17.3 sps  ETA 0.3h
              R²_rand=0.7111  R²_naive=-0.3343  U_t=0.0583  U_b=0.6137  AUC=0.9997  Top1=0.9895
  timing: data=3.2ms  fwd=22.2ms  bwd=10.8ms  total=36.7ms
[  84200] loss=2.1861  ema_loss=2.2880  gap=0.0214  ema_gap=0.0111  mixup=0/100  17.3 sps  ETA 0.3h
              R²_rand=0.7259  R²_naive=-0.2862  U_t=0.0558  U_b=0.6093  AUC=0.9998  Top1=0.9901
  timing: data=3.5ms  fwd=25.0ms  bwd=9.6ms  total=38.5ms
[  84300] loss=2.3982  ema_loss=2.2934  gap=-0.0036  ema_gap=0.0117  mixup=0/100  17.3 sps  ETA 0.3h
              R²_rand=0.7168  R²_naive=-0.4209  U_t=0.0569  U_b=0.5810  AUC=0.9997  Top1=0.9878
  timing: data=3.6ms  fwd=25.7ms  bwd=9.9ms  total=39.7ms
[  84400] loss=2.2021  ema_loss=2.2988  gap=0.0147  ema_gap=0.0121  mixup=0/100  17.3 sps  ETA 0.3h
              R²_rand=0.7204  R²_naive=-0.2769  U_t=0.0586  U_b=0.6115  AUC=0.9999  Top1=0.9889
  timing: data=3.6ms  fwd=26.8ms  bwd=9.9ms  total=40.8ms
[  84500] loss=2.2495  ema_loss=2.2810  gap=0.0132  ema_gap=0.0124  mixup=0/100  17.3 sps  ETA 0.2h
              R²_rand=0.7178  R²_naive=-0.3132  U_t=0.0585  U_b=0.5927  AUC=0.9999  Top1=0.9903
  timing: data=3.4ms  fwd=25.4ms  bwd=10.2ms  total=39.5ms
[  84600] loss=2.2529  ema_loss=2.2880  gap=0.0239  ema_gap=0.0126  mixup=0/100  17.3 sps  ETA 0.2h
              R²_rand=0.7277  R²_naive=-0.3550  U_t=0.0512  U_b=0.5821  AUC=0.9998  Top1=0.9920
  timing: data=3.4ms  fwd=24.9ms  bwd=12.9ms  total=41.7ms
[  84700] loss=2.3992  ema_loss=2.2864  gap=0.0035  ema_gap=0.0124  mixup=0/100  17.3 sps  ETA 0.2h
              R²_rand=0.7068  R²_naive=-0.4139  U_t=0.0573  U_b=0.5683  AUC=0.9997  Top1=0.9838
  timing: data=3.1ms  fwd=25.2ms  bwd=12.0ms  total=40.8ms
[  84800] loss=2.2296  ema_loss=2.3016  gap=0.0047  ema_gap=0.0108  mixup=0/100  17.3 sps  ETA 0.2h
              R²_rand=0.7243  R²_naive=-0.3355  U_t=0.0611  U_b=0.6020  AUC=0.9996  Top1=0.9864
  timing: data=3.4ms  fwd=25.1ms  bwd=10.6ms  total=39.6ms
[  84900] loss=2.1867  ema_loss=2.2911  gap=0.0177  ema_gap=0.0110  mixup=0/100  17.3 sps  ETA 0.2h
              R²_rand=0.7154  R²_naive=-0.3276  U_t=0.0555  U_b=0.6129  AUC=0.9997  Top1=0.9889
  timing: data=3.5ms  fwd=25.3ms  bwd=10.8ms  total=40.1ms
[  85000] loss=2.2357  ema_loss=2.2950  gap=0.0123  ema_gap=0.0112  mixup=0/100  17.3 sps  ETA 0.2h
              R²_rand=0.7283  R²_naive=-0.3350  U_t=0.0589  U_b=0.6051  AUC=0.9998  Top1=0.9855
  timing: data=96.3ms  fwd=23.3ms  bwd=9.7ms  total=129.8ms
  -> Saved /home/jupyter/checkpoints_backup/cf-388/pred_moco_sched/ats_pred_moco_sched_85k.pth
[  85100] loss=2.2426  ema_loss=2.2878  gap=0.0084  ema_gap=0.0118  mixup=0/100  17.3 sps  ETA 0.2h
              R²_rand=0.7272  R²_naive=-0.3549  U_t=0.0584  U_b=0.6043  AUC=0.9997  Top1=0.9909
  timing: data=3.5ms  fwd=24.9ms  bwd=9.6ms  total=38.5ms
[  85200] loss=2.3548  ema_loss=2.2881  gap=0.0136  ema_gap=0.0111  mixup=0/100  17.3 sps  ETA 0.2h
              R²_rand=0.7084  R²_naive=-0.3277  U_t=0.0591  U_b=0.5847  AUC=0.9995  Top1=0.9864
  timing: data=3.8ms  fwd=26.9ms  bwd=9.6ms  total=40.8ms
[  85300] loss=2.2103  ema_loss=2.2922  gap=0.0174  ema_gap=0.0129  mixup=0/100  17.3 sps  ETA 0.2h
              R²_rand=0.7260  R²_naive=-0.3841  U_t=0.0537  U_b=0.5963  AUC=0.9997  Top1=0.9884
  timing: data=3.3ms  fwd=25.0ms  bwd=10.6ms  total=39.4ms
[  85400] loss=2.2430  ema_loss=2.2910  gap=0.0196  ema_gap=0.0116  mixup=0/100  17.3 sps  ETA 0.2h
              R²_rand=0.7165  R²_naive=-0.3124  U_t=0.0560  U_b=0.6059  AUC=0.9996  Top1=0.9886
  timing: data=3.3ms  fwd=24.9ms  bwd=10.6ms  total=39.3ms
[  85500] loss=2.3052  ema_loss=2.2915  gap=0.0058  ema_gap=0.0124  mixup=0/100  17.3 sps  ETA 0.2h
              R²_rand=0.6960  R²_naive=-0.3492  U_t=0.0633  U_b=0.5904  AUC=0.9996  Top1=0.9869
  timing: data=3.4ms  fwd=25.0ms  bwd=9.9ms  total=38.8ms
[  85600] loss=2.4405  ema_loss=2.3029  gap=0.0003  ema_gap=0.0134  mixup=0/100  17.3 sps  ETA 0.2h
              R²_rand=0.6997  R²_naive=-0.5346  U_t=0.0551  U_b=0.5270  AUC=0.9986  Top1=0.9432
  timing: data=3.6ms  fwd=25.4ms  bwd=10.5ms  total=39.9ms
[  85700] loss=2.1836  ema_loss=2.2947  gap=0.0152  ema_gap=0.0129  mixup=0/100  17.3 sps  ETA 0.2h
              R²_rand=0.7080  R²_naive=-0.3047  U_t=0.0581  U_b=0.6039  AUC=0.9996  Top1=0.9878
  timing: data=3.3ms  fwd=25.2ms  bwd=11.5ms  total=40.4ms
[  85800] loss=2.2360  ema_loss=2.2953  gap=0.0199  ema_gap=0.0129  mixup=0/100  17.3 sps  ETA 0.2h
              R²_rand=0.7155  R²_naive=-0.2945  U_t=0.0582  U_b=0.6018  AUC=0.9998  Top1=0.9881
  timing: data=3.4ms  fwd=24.9ms  bwd=11.2ms  total=40.0ms
[  85900] loss=2.2608  ema_loss=2.2885  gap=0.0129  ema_gap=0.0136  mixup=0/100  17.3 sps  ETA 0.2h
              R²_rand=0.7105  R²_naive=-0.3323  U_t=0.0603  U_b=0.5841  AUC=0.9996  Top1=0.9858
  timing: data=3.5ms  fwd=25.3ms  bwd=8.4ms  total=37.6ms
[  86000] loss=2.2946  ema_loss=2.2837  gap=0.0173  ema_gap=0.0144  mixup=0/100  17.3 sps  ETA 0.2h
              R²_rand=0.7062  R²_naive=-0.3538  U_t=0.0593  U_b=0.5804  AUC=0.9996  Top1=0.9872
  timing: data=3.8ms  fwd=27.1ms  bwd=8.5ms  total=39.8ms
[  86100] loss=2.2317  ema_loss=2.2862  gap=0.0078  ema_gap=0.0137  mixup=0/100  17.3 sps  ETA 0.2h
              R²_rand=0.7107  R²_naive=-0.3501  U_t=0.0592  U_b=0.6149  AUC=0.9996  Top1=0.9889
  timing: data=3.5ms  fwd=25.1ms  bwd=9.5ms  total=38.6ms
[  86200] loss=2.1971  ema_loss=2.2748  gap=0.0166  ema_gap=0.0150  mixup=0/100  17.3 sps  ETA 0.2h
              R²_rand=0.7304  R²_naive=-0.2872  U_t=0.0564  U_b=0.5958  AUC=0.9998  Top1=0.9895
  timing: data=72.3ms  fwd=22.8ms  bwd=10.2ms  total=105.9ms
[  86300] loss=2.2268  ema_loss=2.2860  gap=0.0143  ema_gap=0.0155  mixup=0/100  17.3 sps  ETA 0.2h
              R²_rand=0.7208  R²_naive=-0.3236  U_t=0.0601  U_b=0.6009  AUC=0.9998  Top1=0.9918
  timing: data=3.4ms  fwd=25.6ms  bwd=10.8ms  total=40.2ms
[  86400] loss=2.2990  ema_loss=2.2826  gap=0.0118  ema_gap=0.0156  mixup=0/100  17.3 sps  ETA 0.2h
              R²_rand=0.7074  R²_naive=-0.3009  U_t=0.0626  U_b=0.5808  AUC=0.9994  Top1=0.9818
  timing: data=3.4ms  fwd=25.4ms  bwd=9.8ms  total=39.0ms
[  86500] loss=2.3754  ema_loss=2.2818  gap=0.0147  ema_gap=0.0159  mixup=0/100  17.3 sps  ETA 0.2h
              R²_rand=0.7186  R²_naive=-0.4117  U_t=0.0545  U_b=0.5687  AUC=0.9995  Top1=0.9835
  timing: data=3.4ms  fwd=25.2ms  bwd=10.0ms  total=39.1ms
[  86600] loss=2.1208  ema_loss=2.2787  gap=0.0326  ema_gap=0.0160  mixup=0/100  17.3 sps  ETA 0.2h
              R²_rand=0.7209  R²_naive=-0.2582  U_t=0.0565  U_b=0.5923  AUC=0.9999  Top1=0.9892
  timing: data=3.5ms  fwd=25.0ms  bwd=9.8ms  total=38.7ms
[  86700] loss=2.4043  ema_loss=2.2895  gap=0.0080  ema_gap=0.0158  mixup=0/100  17.3 sps  ETA 0.2h
              R²_rand=0.7123  R²_naive=-0.4358  U_t=0.0586  U_b=0.5807  AUC=0.9995  Top1=0.9750
  timing: data=3.8ms  fwd=25.1ms  bwd=9.9ms  total=39.3ms
[  86800] loss=2.3931  ema_loss=2.2842  gap=0.0095  ema_gap=0.0148  mixup=0/100  17.3 sps  ETA 0.2h
              R²_rand=0.7210  R²_naive=-0.4249  U_t=0.0530  U_b=0.5782  AUC=0.9998  Top1=0.9886
  timing: data=3.7ms  fwd=25.3ms  bwd=10.0ms  total=39.6ms
[  86900] loss=2.1984  ema_loss=2.2718  gap=0.0267  ema_gap=0.0152  mixup=0/100  17.3 sps  ETA 0.2h
              R²_rand=0.7305  R²_naive=-0.2903  U_t=0.0549  U_b=0.5891  AUC=0.9998  Top1=0.9926
  timing: data=3.7ms  fwd=27.3ms  bwd=10.2ms  total=41.8ms
[  87000] loss=2.4584  ema_loss=2.2962  gap=0.0109  ema_gap=0.0139  mixup=0/100  17.3 sps  ETA 0.2h
              R²_rand=0.7033  R²_naive=-0.3337  U_t=0.0620  U_b=0.5827  AUC=0.9996  Top1=0.9795
  timing: data=3.6ms  fwd=25.6ms  bwd=10.0ms  total=39.7ms
[  87100] loss=2.1978  ema_loss=2.2899  gap=0.0194  ema_gap=0.0142  mixup=0/100  17.3 sps  ETA 0.2h
              R²_rand=0.7281  R²_naive=-0.3372  U_t=0.0537  U_b=0.5957  AUC=0.9997  Top1=0.9889
  timing: data=3.5ms  fwd=25.5ms  bwd=10.2ms  total=39.7ms
[  87200] loss=2.2754  ema_loss=2.2899  gap=0.0136  ema_gap=0.0138  mixup=0/100  17.3 sps  ETA 0.2h
              R²_rand=0.7251  R²_naive=-0.3320  U_t=0.0552  U_b=0.5935  AUC=0.9997  Top1=0.9884
  timing: data=3.5ms  fwd=25.1ms  bwd=10.8ms  total=39.9ms
[  87300] loss=2.4855  ema_loss=2.2818  gap=0.0004  ema_gap=0.0140  mixup=0/100  17.3 sps  ETA 0.2h
              R²_rand=0.7066  R²_naive=-0.4524  U_t=0.0565  U_b=0.5676  AUC=0.9996  Top1=0.9841
  timing: data=3.5ms  fwd=25.0ms  bwd=10.1ms  total=39.1ms
[  87400] loss=2.2294  ema_loss=2.2945  gap=0.0112  ema_gap=0.0139  mixup=0/100  17.3 sps  ETA 0.2h
              R²_rand=0.7195  R²_naive=-0.3321  U_t=0.0601  U_b=0.6061  AUC=0.9998  Top1=0.9881
  timing: data=3.5ms  fwd=25.1ms  bwd=10.6ms  total=39.7ms
[  87500] loss=2.3549  ema_loss=2.2913  gap=0.0169  ema_gap=0.0131  mixup=0/100  17.3 sps  ETA 0.2h
              R²_rand=0.7203  R²_naive=-0.3462  U_t=0.0567  U_b=0.5989  AUC=0.9996  Top1=0.9821
  timing: data=83.6ms  fwd=20.9ms  bwd=11.9ms  total=116.9ms
[  87600] loss=2.3788  ema_loss=2.2915  gap=0.0140  ema_gap=0.0131  mixup=0/100  17.3 sps  ETA 0.2h
              R²_rand=0.7290  R²_naive=-0.4154  U_t=0.0545  U_b=0.5910  AUC=0.9998  Top1=0.9901
  timing: data=3.5ms  fwd=21.3ms  bwd=10.7ms  total=36.1ms
[  87700] loss=2.4756  ema_loss=2.2807  gap=0.0167  ema_gap=0.0148  mixup=0/100  17.3 sps  ETA 0.2h
              R²_rand=0.7172  R²_naive=-0.4803  U_t=0.0513  U_b=0.5661  AUC=0.9989  Top1=0.9440
  timing: data=3.5ms  fwd=27.1ms  bwd=9.7ms  total=40.8ms
[  87800] loss=2.4177  ema_loss=2.2893  gap=0.0068  ema_gap=0.0140  mixup=0/100  17.3 sps  ETA 0.2h
              R²_rand=0.7060  R²_naive=-0.3825  U_t=0.0550  U_b=0.5937  AUC=0.9998  Top1=0.9841
  timing: data=3.5ms  fwd=25.1ms  bwd=9.8ms  total=38.9ms
[  87900] loss=2.2713  ema_loss=2.2937  gap=0.0074  ema_gap=0.0137  mixup=0/100  17.3 sps  ETA 0.2h
              R²_rand=0.7231  R²_naive=-0.3339  U_t=0.0620  U_b=0.6037  AUC=0.9996  Top1=0.9861
  timing: data=3.4ms  fwd=24.9ms  bwd=10.0ms  total=38.8ms
[  88000] loss=2.4543  ema_loss=2.2857  gap=0.0056  ema_gap=0.0138  mixup=0/100  17.3 sps  ETA 0.2h
              R²_rand=0.7204  R²_naive=-0.3984  U_t=0.0577  U_b=0.5687  AUC=0.9996  Top1=0.9713
  timing: data=3.6ms  fwd=24.7ms  bwd=10.1ms  total=38.9ms
[  88100] loss=2.3418  ema_loss=2.2780  gap=0.0032  ema_gap=0.0142  mixup=0/100  17.3 sps  ETA 0.2h
              R²_rand=0.7128  R²_naive=-0.3677  U_t=0.0574  U_b=0.5627  AUC=0.9995  Top1=0.9884
  timing: data=3.4ms  fwd=25.2ms  bwd=10.6ms  total=39.6ms
[  88200] loss=2.1990  ema_loss=2.2807  gap=0.0217  ema_gap=0.0148  mixup=0/100  17.3 sps  ETA 0.2h
              R²_rand=0.7328  R²_naive=-0.3072  U_t=0.0556  U_b=0.6032  AUC=0.9997  Top1=0.9881
  timing: data=3.7ms  fwd=25.1ms  bwd=10.4ms  total=39.8ms
[  88300] loss=2.2748  ema_loss=2.2686  gap=0.0143  ema_gap=0.0156  mixup=0/100  17.3 sps  ETA 0.2h
              R²_rand=0.7219  R²_naive=-0.3737  U_t=0.0535  U_b=0.6000  AUC=0.9996  Top1=0.9918
  timing: data=3.2ms  fwd=25.3ms  bwd=9.4ms  total=38.4ms
[  88400] loss=2.2930  ema_loss=2.2800  gap=0.0090  ema_gap=0.0143  mixup=0/100  17.3 sps  ETA 0.2h
              R²_rand=0.7083  R²_naive=-0.4341  U_t=0.0550  U_b=0.5804  AUC=0.9995  Top1=0.9878
  timing: data=3.5ms  fwd=25.7ms  bwd=11.5ms  total=41.1ms
[  88500] loss=2.2430  ema_loss=2.2777  gap=0.0178  ema_gap=0.0140  mixup=0/100  17.3 sps  ETA 0.2h
              R²_rand=0.7252  R²_naive=-0.3677  U_t=0.0529  U_b=0.5898  AUC=0.9999  Top1=0.9909
  timing: data=3.6ms  fwd=27.3ms  bwd=11.5ms  total=42.8ms
[  88600] loss=2.3335  ema_loss=2.2949  gap=-0.0009  ema_gap=0.0122  mixup=0/100  17.3 sps  ETA 0.2h
              R²_rand=0.7108  R²_naive=-0.4146  U_t=0.0589  U_b=0.5859  AUC=0.9996  Top1=0.9815
  timing: data=3.5ms  fwd=25.2ms  bwd=11.3ms  total=40.5ms
[  88700] loss=2.2072  ema_loss=2.2811  gap=0.0193  ema_gap=0.0134  mixup=0/100  17.3 sps  ETA 0.2h
              R²_rand=0.7314  R²_naive=-0.3314  U_t=0.0534  U_b=0.5876  AUC=0.9998  Top1=0.9920
  timing: data=106.3ms  fwd=23.1ms  bwd=10.3ms  total=140.2ms
[  88800] loss=2.3955  ema_loss=2.2990  gap=0.0148  ema_gap=0.0134  mixup=0/100  17.3 sps  ETA 0.2h
              R²_rand=0.7190  R²_naive=-0.4400  U_t=0.0519  U_b=0.5770  AUC=0.9992  Top1=0.9597
  timing: data=3.5ms  fwd=25.3ms  bwd=11.2ms  total=40.5ms
[  88900] loss=2.2283  ema_loss=2.2865  gap=0.0160  ema_gap=0.0145  mixup=0/100  17.3 sps  ETA 0.2h
              R²_rand=0.7217  R²_naive=-0.3090  U_t=0.0557  U_b=0.5986  AUC=0.9998  Top1=0.9898
  timing: data=3.6ms  fwd=25.2ms  bwd=10.2ms  total=39.5ms
[  89000] loss=2.3455  ema_loss=2.2813  gap=0.0082  ema_gap=0.0149  mixup=0/100  17.3 sps  ETA 0.2h
              R²_rand=0.7181  R²_naive=-0.3594  U_t=0.0588  U_b=0.5896  AUC=0.9997  Top1=0.9849
  timing: data=3.6ms  fwd=25.4ms  bwd=11.4ms  total=40.8ms
[  89100] loss=2.3246  ema_loss=2.2952  gap=0.0234  ema_gap=0.0152  mixup=0/100  17.3 sps  ETA 0.2h
              R²_rand=0.7053  R²_naive=-0.4145  U_t=0.0514  U_b=0.5665  AUC=0.9992  Top1=0.9491
  timing: data=3.4ms  fwd=25.0ms  bwd=11.9ms  total=40.7ms
[  89200] loss=2.2619  ema_loss=2.2862  gap=0.0074  ema_gap=0.0154  mixup=0/100  17.3 sps  ETA 0.2h
              R²_rand=0.7235  R²_naive=-0.3894  U_t=0.0557  U_b=0.5810  AUC=0.9998  Top1=0.9875
  timing: data=3.6ms  fwd=25.0ms  bwd=11.4ms  total=40.4ms
[  89300] loss=2.1780  ema_loss=2.2696  gap=0.0150  ema_gap=0.0161  mixup=0/100  17.3 sps  ETA 0.2h
              R²_rand=0.7241  R²_naive=-0.3337  U_t=0.0545  U_b=0.6071  AUC=0.9997  Top1=0.9909
  timing: data=3.8ms  fwd=27.4ms  bwd=11.5ms  total=43.1ms
[  89400] loss=2.2247  ema_loss=2.2705  gap=0.0230  ema_gap=0.0145  mixup=0/100  17.3 sps  ETA 0.2h
              R²_rand=0.7253  R²_naive=-0.3382  U_t=0.0539  U_b=0.5826  AUC=0.9996  Top1=0.9881
  timing: data=3.5ms  fwd=25.2ms  bwd=10.8ms  total=39.9ms
[  89500] loss=2.2171  ema_loss=2.2841  gap=0.0167  ema_gap=0.0142  mixup=0/100  17.3 sps  ETA 0.2h
              R²_rand=0.7108  R²_naive=-0.3132  U_t=0.0583  U_b=0.6071  AUC=0.9997  Top1=0.9901
  timing: data=3.7ms  fwd=24.9ms  bwd=9.5ms  total=38.6ms
[  89600] loss=2.1816  ema_loss=2.2823  gap=0.0278  ema_gap=0.0151  mixup=0/100  17.3 sps  ETA 0.2h
              R²_rand=0.7184  R²_naive=-0.2961  U_t=0.0531  U_b=0.5994  AUC=0.9999  Top1=0.9937
  timing: data=3.4ms  fwd=25.2ms  bwd=8.5ms  total=37.7ms
[  89700] loss=2.2747  ema_loss=2.2834  gap=0.0083  ema_gap=0.0146  mixup=0/100  17.3 sps  ETA 0.2h
              R²_rand=0.7172  R²_naive=-0.3638  U_t=0.0571  U_b=0.5791  AUC=0.9998  Top1=0.9918
  timing: data=3.4ms  fwd=25.8ms  bwd=9.7ms  total=39.4ms
[  89800] loss=2.3276  ema_loss=2.2879  gap=0.0025  ema_gap=0.0146  mixup=0/100  17.3 sps  ETA 0.2h
              R²_rand=0.7125  R²_naive=-0.4188  U_t=0.0578  U_b=0.6067  AUC=0.9996  Top1=0.9824
  timing: data=3.4ms  fwd=25.9ms  bwd=10.5ms  total=40.3ms
[  89900] loss=2.2870  ema_loss=2.2810  gap=0.0172  ema_gap=0.0150  mixup=0/100  17.3 sps  ETA 0.2h
              R²_rand=0.7197  R²_naive=-0.3658  U_t=0.0519  U_b=0.5923  AUC=0.9997  Top1=0.9827
  timing: data=3.5ms  fwd=25.7ms  bwd=8.4ms  total=38.1ms
[  90000] loss=2.2696  ema_loss=2.2836  gap=0.0122  ema_gap=0.0148  mixup=0/100  17.3 sps  ETA 0.2h
              R²_rand=0.7313  R²_naive=-0.3304  U_t=0.0568  U_b=0.5860  AUC=0.9999  Top1=0.9935
  timing: data=130.9ms  fwd=23.4ms  bwd=10.8ms  total=165.6ms
  -> Saved /home/jupyter/checkpoints_backup/cf-388/pred_moco_sched/ats_pred_moco_sched_90k.pth
[  90100] loss=2.3381  ema_loss=2.2804  gap=0.0122  ema_gap=0.0161  mixup=0/100  17.3 sps  ETA 0.2h
              R²_rand=0.7032  R²_naive=-0.3782  U_t=0.0569  U_b=0.5749  AUC=0.9997  Top1=0.9798
  timing: data=3.6ms  fwd=24.9ms  bwd=12.2ms  total=41.2ms
[  90200] loss=2.3543  ema_loss=2.2803  gap=0.0048  ema_gap=0.0153  mixup=0/100  17.3 sps  ETA 0.2h
              R²_rand=0.7132  R²_naive=-0.3431  U_t=0.0619  U_b=0.5808  AUC=0.9998  Top1=0.9855
  timing: data=3.8ms  fwd=27.3ms  bwd=11.0ms  total=42.6ms
[  90300] loss=2.3282  ema_loss=2.2863  gap=0.0103  ema_gap=0.0156  mixup=0/100  17.3 sps  ETA 0.2h
              R²_rand=0.7211  R²_naive=-0.3709  U_t=0.0601  U_b=0.5941  AUC=0.9996  Top1=0.9801
  timing: data=3.5ms  fwd=25.3ms  bwd=10.3ms  total=39.6ms
[  90400] loss=2.2479  ema_loss=2.2928  gap=0.0330  ema_gap=0.0159  mixup=0/100  17.3 sps  ETA 0.2h
              R²_rand=0.7313  R²_naive=-0.3062  U_t=0.0536  U_b=0.5859  AUC=0.9997  Top1=0.9807
  timing: data=3.5ms  fwd=25.5ms  bwd=10.7ms  total=40.1ms
[  90500] loss=2.2496  ema_loss=2.2754  gap=0.0127  ema_gap=0.0167  mixup=0/100  17.3 sps  ETA 0.2h
              R²_rand=0.7220  R²_naive=-0.3671  U_t=0.0587  U_b=0.5960  AUC=0.9997  Top1=0.9884
  timing: data=3.5ms  fwd=25.8ms  bwd=10.4ms  total=40.3ms
[  90600] loss=2.2726  ema_loss=2.2716  gap=0.0100  ema_gap=0.0154  mixup=0/100  17.3 sps  ETA 0.2h
              R²_rand=0.7233  R²_naive=-0.4270  U_t=0.0512  U_b=0.5684  AUC=0.9999  Top1=0.9915
  timing: data=3.6ms  fwd=25.2ms  bwd=10.2ms  total=39.5ms
[  90700] loss=2.2000  ema_loss=2.2667  gap=0.0229  ema_gap=0.0141  mixup=0/100  17.3 sps  ETA 0.1h
              R²_rand=0.7271  R²_naive=-0.3026  U_t=0.0518  U_b=0.6164  AUC=0.9997  Top1=0.9884
  timing: data=3.4ms  fwd=25.1ms  bwd=9.8ms  total=38.8ms
[  90800] loss=2.2164  ema_loss=2.2750  gap=0.0225  ema_gap=0.0141  mixup=0/100  17.3 sps  ETA 0.1h
              R²_rand=0.7281  R²_naive=-0.2754  U_t=0.0551  U_b=0.6150  AUC=0.9998  Top1=0.9912
  timing: data=3.4ms  fwd=25.4ms  bwd=9.8ms  total=39.0ms
[  90900] loss=2.2357  ema_loss=2.2931  gap=0.0094  ema_gap=0.0131  mixup=0/100  17.3 sps  ETA 0.1h
              R²_rand=0.7270  R²_naive=-0.4278  U_t=0.0525  U_b=0.6120  AUC=0.9998  Top1=0.9906
  timing: data=3.3ms  fwd=24.7ms  bwd=9.9ms  total=38.3ms
[  91000] loss=2.2570  ema_loss=2.2886  gap=0.0101  ema_gap=0.0133  mixup=0/100  17.3 sps  ETA 0.1h
              R²_rand=0.7204  R²_naive=-0.3292  U_t=0.0607  U_b=0.5868  AUC=0.9995  Top1=0.9849
  timing: data=3.2ms  fwd=23.4ms  bwd=10.0ms  total=37.2ms
[  91100] loss=2.1524  ema_loss=2.2760  gap=0.0155  ema_gap=0.0141  mixup=0/100  17.3 sps  ETA 0.1h
              R²_rand=0.7309  R²_naive=-0.3721  U_t=0.0546  U_b=0.6281  AUC=0.9999  Top1=0.9952
  timing: data=3.1ms  fwd=20.9ms  bwd=9.8ms  total=34.2ms
[  91200] loss=2.2689  ema_loss=2.2772  gap=0.0142  ema_gap=0.0147  mixup=0/100  17.2 sps  ETA 0.1h
              R²_rand=0.7125  R²_naive=-0.3680  U_t=0.0561  U_b=0.6059  AUC=0.9997  Top1=0.9898
  timing: data=376.5ms  fwd=23.2ms  bwd=10.2ms  total=410.4ms
[  91300] loss=2.3364  ema_loss=2.2823  gap=0.0111  ema_gap=0.0137  mixup=0/100  17.2 sps  ETA 0.1h
              R²_rand=0.7026  R²_naive=-0.3900  U_t=0.0609  U_b=0.5767  AUC=0.9994  Top1=0.9764
  timing: data=3.5ms  fwd=25.4ms  bwd=11.7ms  total=41.1ms
[  91400] loss=2.3651  ema_loss=2.2864  gap=0.0114  ema_gap=0.0141  mixup=0/100  17.2 sps  ETA 0.1h
              R²_rand=0.7059  R²_naive=-0.4955  U_t=0.0510  U_b=0.5552  AUC=0.9990  Top1=0.9494
  timing: data=3.7ms  fwd=24.9ms  bwd=10.1ms  total=39.2ms
[  91500] loss=2.1794  ema_loss=2.2901  gap=0.0191  ema_gap=0.0149  mixup=0/100  17.2 sps  ETA 0.1h
              R²_rand=0.7261  R²_naive=-0.2997  U_t=0.0560  U_b=0.6224  AUC=0.9998  Top1=0.9909
  timing: data=3.7ms  fwd=25.4ms  bwd=11.0ms  total=40.7ms
[  91600] loss=2.1418  ema_loss=2.2844  gap=0.0329  ema_gap=0.0148  mixup=0/100  17.2 sps  ETA 0.1h
              R²_rand=0.7190  R²_naive=-0.3038  U_t=0.0506  U_b=0.6204  AUC=0.9998  Top1=0.9932
  timing: data=3.4ms  fwd=24.9ms  bwd=9.8ms  total=38.6ms
[  91700] loss=2.2659  ema_loss=2.2876  gap=0.0112  ema_gap=0.0141  mixup=0/100  17.2 sps  ETA 0.1h
              R²_rand=0.7251  R²_naive=-0.3477  U_t=0.0548  U_b=0.5762  AUC=0.9996  Top1=0.9889
  timing: data=3.3ms  fwd=25.3ms  bwd=10.0ms  total=39.0ms
[  91800] loss=2.2314  ema_loss=2.2764  gap=0.0170  ema_gap=0.0144  mixup=0/100  17.2 sps  ETA 0.1h
              R²_rand=0.7223  R²_naive=-0.3517  U_t=0.0502  U_b=0.6086  AUC=0.9998  Top1=0.9929
  timing: data=3.5ms  fwd=27.0ms  bwd=10.6ms  total=41.6ms
[  91900] loss=2.2947  ema_loss=2.2755  gap=0.0102  ema_gap=0.0139  mixup=0/100  17.2 sps  ETA 0.1h
              R²_rand=0.7104  R²_naive=-0.4365  U_t=0.0492  U_b=0.5753  AUC=0.9999  Top1=0.9929
  timing: data=3.4ms  fwd=24.9ms  bwd=11.1ms  total=39.9ms
[  92000] loss=2.2238  ema_loss=2.2799  gap=0.0166  ema_gap=0.0140  mixup=0/100  17.2 sps  ETA 0.1h
              R²_rand=0.7161  R²_naive=-0.3237  U_t=0.0567  U_b=0.5757  AUC=0.9998  Top1=0.9892
  timing: data=3.6ms  fwd=24.7ms  bwd=10.8ms  total=39.6ms
[  92100] loss=2.1573  ema_loss=2.2811  gap=0.0230  ema_gap=0.0145  mixup=0/100  17.2 sps  ETA 0.1h
              R²_rand=0.7154  R²_naive=-0.2844  U_t=0.0566  U_b=0.6087  AUC=0.9996  Top1=0.9926
  timing: data=3.5ms  fwd=24.9ms  bwd=9.9ms  total=38.7ms
[  92200] loss=2.4552  ema_loss=2.2844  gap=0.0042  ema_gap=0.0136  mixup=0/100  17.2 sps  ETA 0.1h
              R²_rand=0.7046  R²_naive=-0.4525  U_t=0.0573  U_b=0.5509  AUC=0.9992  Top1=0.9545
  timing: data=3.3ms  fwd=25.2ms  bwd=10.0ms  total=39.1ms
[  92300] loss=2.3275  ema_loss=2.2842  gap=0.0118  ema_gap=0.0147  mixup=0/100  17.2 sps  ETA 0.1h
              R²_rand=0.7148  R²_naive=-0.3208  U_t=0.0595  U_b=0.5917  AUC=0.9998  Top1=0.9918
  timing: data=3.3ms  fwd=25.3ms  bwd=10.1ms  total=39.2ms
[  92400] loss=2.4244  ema_loss=2.2834  gap=0.0118  ema_gap=0.0149  mixup=0/100  17.2 sps  ETA 0.1h
              R²_rand=0.6988  R²_naive=-0.4285  U_t=0.0546  U_b=0.5513  AUC=0.9995  Top1=0.9642
  timing: data=3.6ms  fwd=25.1ms  bwd=10.2ms  total=39.3ms
[  92500] loss=2.2932  ema_loss=2.2902  gap=0.0136  ema_gap=0.0129  mixup=0/100  17.2 sps  ETA 0.1h
              R²_rand=0.7207  R²_naive=-0.3061  U_t=0.0577  U_b=0.6018  AUC=0.9998  Top1=0.9886
  timing: data=54.6ms  fwd=23.6ms  bwd=10.6ms  total=89.3ms
[  92600] loss=2.2709  ema_loss=2.2724  gap=0.0102  ema_gap=0.0153  mixup=0/100  17.2 sps  ETA 0.1h
              R²_rand=0.7250  R²_naive=-0.3411  U_t=0.0576  U_b=0.6065  AUC=0.9998  Top1=0.9818
  timing: data=3.6ms  fwd=27.1ms  bwd=10.0ms  total=41.2ms
[  92700] loss=2.3907  ema_loss=2.2778  gap=0.0132  ema_gap=0.0159  mixup=0/100  17.2 sps  ETA 0.1h
              R²_rand=0.7155  R²_naive=-0.5029  U_t=0.0468  U_b=0.5481  AUC=0.9990  Top1=0.9503
  timing: data=3.4ms  fwd=25.0ms  bwd=9.8ms  total=38.8ms
[  92800] loss=2.2044  ema_loss=2.2832  gap=0.0080  ema_gap=0.0144  mixup=0/100  17.2 sps  ETA 0.1h
              R²_rand=0.7301  R²_naive=-0.3786  U_t=0.0542  U_b=0.5993  AUC=0.9998  Top1=0.9929
  timing: data=3.3ms  fwd=24.8ms  bwd=12.1ms  total=40.7ms
[  92900] loss=2.3699  ema_loss=2.2833  gap=0.0149  ema_gap=0.0149  mixup=0/100  17.2 sps  ETA 0.1h
              R²_rand=0.7214  R²_naive=-0.3761  U_t=0.0550  U_b=0.5835  AUC=0.9997  Top1=0.9807
  timing: data=3.3ms  fwd=25.0ms  bwd=10.7ms  total=39.5ms
[  93000] loss=2.2014  ema_loss=2.2813  gap=0.0299  ema_gap=0.0151  mixup=0/100  17.2 sps  ETA 0.1h
              R²_rand=0.7312  R²_naive=-0.3161  U_t=0.0530  U_b=0.5992  AUC=0.9998  Top1=0.9895
  timing: data=3.2ms  fwd=25.1ms  bwd=10.0ms  total=38.7ms
[  93100] loss=2.2294  ema_loss=2.2849  gap=0.0058  ema_gap=0.0144  mixup=0/100  17.2 sps  ETA 0.1h
              R²_rand=0.7202  R²_naive=-0.3249  U_t=0.0589  U_b=0.6256  AUC=0.9996  Top1=0.9889
  timing: data=3.4ms  fwd=25.2ms  bwd=9.9ms  total=38.9ms
[  93200] loss=2.2111  ema_loss=2.2798  gap=0.0221  ema_gap=0.0158  mixup=0/100  17.2 sps  ETA 0.1h
              R²_rand=0.7209  R²_naive=-0.3203  U_t=0.0521  U_b=0.5840  AUC=0.9997  Top1=0.9906
  timing: data=3.3ms  fwd=25.0ms  bwd=8.0ms  total=36.7ms
[  93300] loss=2.2530  ema_loss=2.2827  gap=0.0251  ema_gap=0.0159  mixup=0/100  17.2 sps  ETA 0.1h
              R²_rand=0.7203  R²_naive=-0.2744  U_t=0.0557  U_b=0.5884  AUC=0.9997  Top1=0.9895
  timing: data=3.1ms  fwd=25.1ms  bwd=8.0ms  total=36.7ms
[  93400] loss=2.3894  ema_loss=2.2777  gap=0.0127  ema_gap=0.0156  mixup=0/100  17.2 sps  ETA 0.1h
              R²_rand=0.7175  R²_naive=-0.4820  U_t=0.0504  U_b=0.5379  AUC=0.9993  Top1=0.9597
  timing: data=3.6ms  fwd=27.2ms  bwd=8.2ms  total=39.5ms
[  93500] loss=2.3138  ema_loss=2.2709  gap=0.0200  ema_gap=0.0150  mixup=0/100  17.2 sps  ETA 0.1h
              R²_rand=0.7281  R²_naive=-0.3401  U_t=0.0522  U_b=0.6377  AUC=0.9999  Top1=0.9889
  timing: data=3.6ms  fwd=25.1ms  bwd=8.8ms  total=38.0ms
[  93600] loss=2.2489  ema_loss=2.2764  gap=0.0071  ema_gap=0.0153  mixup=0/100  17.2 sps  ETA 0.1h
              R²_rand=0.7161  R²_naive=-0.3847  U_t=0.0565  U_b=0.5903  AUC=0.9998  Top1=0.9895
  timing: data=3.6ms  fwd=24.9ms  bwd=9.6ms  total=38.7ms
[  93700] loss=2.1965  ema_loss=2.2791  gap=0.0166  ema_gap=0.0136  mixup=0/100  17.2 sps  ETA 0.1h
              R²_rand=0.7250  R²_naive=-0.3023  U_t=0.0584  U_b=0.6092  AUC=0.9998  Top1=0.9878
  timing: data=99.9ms  fwd=23.1ms  bwd=9.5ms  total=132.9ms
[  93800] loss=2.2822  ema_loss=2.2832  gap=0.0130  ema_gap=0.0147  mixup=0/100  17.2 sps  ETA 0.1h
              R²_rand=0.7205  R²_naive=-0.3326  U_t=0.0575  U_b=0.5985  AUC=0.9995  Top1=0.9852
  timing: data=3.7ms  fwd=25.4ms  bwd=9.9ms  total=39.5ms
[  93900] loss=2.2295  ema_loss=2.2666  gap=0.0123  ema_gap=0.0152  mixup=0/100  17.2 sps  ETA 0.1h
              R²_rand=0.7168  R²_naive=-0.3473  U_t=0.0584  U_b=0.6252  AUC=0.9999  Top1=0.9932
  timing: data=3.3ms  fwd=23.0ms  bwd=11.1ms  total=37.9ms
[  94000] loss=2.2161  ema_loss=2.2661  gap=0.0036  ema_gap=0.0151  mixup=0/100  17.2 sps  ETA 0.1h
              R²_rand=0.7173  R²_naive=-0.3794  U_t=0.0604  U_b=0.6256  AUC=0.9997  Top1=0.9909
  timing: data=3.2ms  fwd=21.2ms  bwd=10.2ms  total=35.2ms
[  94100] loss=2.2230  ema_loss=2.2674  gap=0.0094  ema_gap=0.0158  mixup=0/100  17.2 sps  ETA 0.1h
              R²_rand=0.7304  R²_naive=-0.3420  U_t=0.0582  U_b=0.6234  AUC=0.9997  Top1=0.9909
  timing: data=3.5ms  fwd=23.5ms  bwd=10.1ms  total=37.5ms
[  94200] loss=2.2738  ema_loss=2.2677  gap=0.0084  ema_gap=0.0159  mixup=0/100  17.2 sps  ETA 0.1h
              R²_rand=0.7212  R²_naive=-0.3877  U_t=0.0551  U_b=0.5969  AUC=0.9998  Top1=0.9886
  timing: data=3.4ms  fwd=25.3ms  bwd=11.3ms  total=40.5ms
[  94300] loss=2.2418  ema_loss=2.2806  gap=0.0085  ema_gap=0.0139  mixup=0/100  17.2 sps  ETA 0.1h
              R²_rand=0.7254  R²_naive=-0.3809  U_t=0.0559  U_b=0.6085  AUC=0.9995  Top1=0.9872
  timing: data=4.0ms  fwd=27.5ms  bwd=13.2ms  total=45.3ms
[  94400] loss=2.2332  ema_loss=2.2785  gap=0.0076  ema_gap=0.0151  mixup=0/100  17.2 sps  ETA 0.1h
              R²_rand=0.7224  R²_naive=-0.3689  U_t=0.0569  U_b=0.6248  AUC=0.9998  Top1=0.9903
  timing: data=3.7ms  fwd=24.9ms  bwd=10.3ms  total=39.4ms
[  94500] loss=2.3055  ema_loss=2.2896  gap=0.0206  ema_gap=0.0146  mixup=0/100  17.2 sps  ETA 0.1h
              R²_rand=0.7213  R²_naive=-0.3136  U_t=0.0594  U_b=0.6058  AUC=0.9998  Top1=0.9852
  timing: data=3.6ms  fwd=24.8ms  bwd=10.5ms  total=39.4ms
[  94600] loss=2.2604  ema_loss=2.2879  gap=0.0118  ema_gap=0.0144  mixup=0/100  17.2 sps  ETA 0.1h
              R²_rand=0.7202  R²_naive=-0.4065  U_t=0.0540  U_b=0.5993  AUC=0.9998  Top1=0.9855
  timing: data=3.6ms  fwd=25.0ms  bwd=11.0ms  total=40.1ms
[  94700] loss=2.2646  ema_loss=2.2685  gap=0.0138  ema_gap=0.0151  mixup=0/100  17.2 sps  ETA 0.1h
              R²_rand=0.7224  R²_naive=-0.3429  U_t=0.0591  U_b=0.5761  AUC=0.9996  Top1=0.9832
  timing: data=3.5ms  fwd=24.8ms  bwd=9.7ms  total=38.5ms
[  94800] loss=2.2517  ema_loss=2.2742  gap=0.0162  ema_gap=0.0147  mixup=0/100  17.2 sps  ETA 0.1h
              R²_rand=0.7256  R²_naive=-0.3598  U_t=0.0568  U_b=0.6019  AUC=0.9998  Top1=0.9895
  timing: data=3.4ms  fwd=25.0ms  bwd=10.0ms  total=39.0ms
[  94900] loss=2.3761  ema_loss=2.2802  gap=0.0096  ema_gap=0.0151  mixup=0/100  17.2 sps  ETA 0.1h
              R²_rand=0.7158  R²_naive=-0.3735  U_t=0.0572  U_b=0.6006  AUC=0.9996  Top1=0.9832
  timing: data=3.4ms  fwd=25.6ms  bwd=10.0ms  total=39.5ms
[  95000] loss=2.3115  ema_loss=2.2767  gap=0.0095  ema_gap=0.0148  mixup=0/100  17.2 sps  ETA 0.1h
              R²_rand=0.7173  R²_naive=-0.3620  U_t=0.0556  U_b=0.5888  AUC=0.9998  Top1=0.9903
  timing: data=78.8ms  fwd=23.4ms  bwd=10.0ms  total=112.6ms
  -> Saved /home/jupyter/checkpoints_backup/cf-388/pred_moco_sched/ats_pred_moco_sched_95k.pth
[  95100] loss=2.2732  ema_loss=2.2762  gap=0.0173  ema_gap=0.0154  mixup=0/100  17.2 sps  ETA 0.1h
              R²_rand=0.7253  R²_naive=-0.3918  U_t=0.0515  U_b=0.5782  AUC=0.9999  Top1=0.9912
  timing: data=4.0ms  fwd=27.0ms  bwd=10.2ms  total=41.6ms
[  95200] loss=2.2346  ema_loss=2.2735  gap=0.0123  ema_gap=0.0151  mixup=0/100  17.2 sps  ETA 0.1h
              R²_rand=0.7195  R²_naive=-0.3933  U_t=0.0560  U_b=0.5961  AUC=0.9998  Top1=0.9906
  timing: data=3.6ms  fwd=25.1ms  bwd=10.3ms  total=39.5ms
[  95300] loss=2.1925  ema_loss=2.2696  gap=0.0200  ema_gap=0.0155  mixup=0/100  17.2 sps  ETA 0.1h
              R²_rand=0.7260  R²_naive=-0.2912  U_t=0.0575  U_b=0.6268  AUC=0.9999  Top1=0.9909
  timing: data=3.6ms  fwd=25.2ms  bwd=10.5ms  total=39.9ms
[  95400] loss=2.1611  ema_loss=2.2806  gap=0.0271  ema_gap=0.0162  mixup=0/100  17.2 sps  ETA 0.1h
              R²_rand=0.7263  R²_naive=-0.3586  U_t=0.0501  U_b=0.6053  AUC=0.9999  Top1=0.9875
  timing: data=3.5ms  fwd=25.4ms  bwd=11.1ms  total=40.5ms
[  95500] loss=2.2379  ema_loss=2.2862  gap=0.0171  ema_gap=0.0160  mixup=0/100  17.2 sps  ETA 0.1h
              R²_rand=0.7191  R²_naive=-0.3468  U_t=0.0546  U_b=0.5779  AUC=0.9998  Top1=0.9898
  timing: data=3.5ms  fwd=25.2ms  bwd=10.8ms  total=39.9ms
[  95600] loss=2.1436  ema_loss=2.2623  gap=0.0288  ema_gap=0.0175  mixup=0/100  17.2 sps  ETA 0.1h
              R²_rand=0.7339  R²_naive=-0.3356  U_t=0.0525  U_b=0.5980  AUC=0.9998  Top1=0.9949
  timing: data=3.3ms  fwd=25.6ms  bwd=12.0ms  total=41.5ms
[  95700] loss=2.5127  ema_loss=2.2786  gap=0.0099  ema_gap=0.0158  mixup=0/100  17.2 sps  ETA 0.1h
              R²_rand=0.7064  R²_naive=-0.5718  U_t=0.0513  U_b=0.5332  AUC=0.9986  Top1=0.9386
  timing: data=3.5ms  fwd=25.2ms  bwd=10.9ms  total=40.1ms
[  95800] loss=2.2902  ema_loss=2.2617  gap=0.0171  ema_gap=0.0154  mixup=0/100  17.2 sps  ETA 0.1h
              R²_rand=0.7093  R²_naive=-0.3750  U_t=0.0537  U_b=0.5944  AUC=0.9998  Top1=0.9915
  timing: data=3.7ms  fwd=24.8ms  bwd=9.7ms  total=38.6ms
[  95900] loss=2.2380  ema_loss=2.2625  gap=0.0130  ema_gap=0.0162  mixup=0/100  17.2 sps  ETA 0.1h
              R²_rand=0.7175  R²_naive=-0.3523  U_t=0.0579  U_b=0.5951  AUC=0.9997  Top1=0.9898
  timing: data=3.6ms  fwd=27.0ms  bwd=10.0ms  total=41.0ms
[  96000] loss=2.1447  ema_loss=2.2589  gap=0.0352  ema_gap=0.0170  mixup=0/100  17.2 sps  ETA 0.1h
              R²_rand=0.7391  R²_naive=-0.2928  U_t=0.0520  U_b=0.6047  AUC=0.9999  Top1=0.9923
  timing: data=3.3ms  fwd=25.0ms  bwd=9.8ms  total=38.6ms
[  96100] loss=2.2262  ema_loss=2.2660  gap=0.0119  ema_gap=0.0160  mixup=0/100  17.2 sps  ETA 0.1h
              R²_rand=0.7185  R²_naive=-0.4257  U_t=0.0510  U_b=0.5818  AUC=0.9999  Top1=0.9929
  timing: data=3.4ms  fwd=25.1ms  bwd=9.9ms  total=38.9ms
[  96200] loss=2.2370  ema_loss=2.2611  gap=0.0166  ema_gap=0.0164  mixup=0/100  17.2 sps  ETA 0.1h
              R²_rand=0.7236  R²_naive=-0.3414  U_t=0.0550  U_b=0.6064  AUC=0.9997  Top1=0.9912
  timing: data=141.7ms  fwd=23.2ms  bwd=9.8ms  total=175.2ms
[  96300] loss=2.2551  ema_loss=2.2584  gap=0.0179  ema_gap=0.0169  mixup=0/100  17.2 sps  ETA 0.1h
              R²_rand=0.7202  R²_naive=-0.4737  U_t=0.0484  U_b=0.5867  AUC=0.9997  Top1=0.9909
  timing: data=3.8ms  fwd=25.8ms  bwd=10.1ms  total=40.1ms
[  96400] loss=2.1926  ema_loss=2.2638  gap=0.0211  ema_gap=0.0170  mixup=0/100  17.2 sps  ETA 0.1h
              R²_rand=0.7354  R²_naive=-0.3529  U_t=0.0502  U_b=0.6005  AUC=0.9999  Top1=0.9932
  timing: data=3.6ms  fwd=25.2ms  bwd=10.5ms  total=39.8ms
[  96500] loss=2.4023  ema_loss=2.2681  gap=0.0281  ema_gap=0.0174  mixup=0/100  17.2 sps  ETA 0.1h
              R²_rand=0.7253  R²_naive=-0.4132  U_t=0.0504  U_b=0.5569  AUC=0.9988  Top1=0.9420
  timing: data=3.6ms  fwd=25.6ms  bwd=9.8ms  total=39.4ms
[  96600] loss=2.2486  ema_loss=2.2651  gap=0.0167  ema_gap=0.0173  mixup=0/100  17.2 sps  ETA 0.1h
              R²_rand=0.7196  R²_naive=-0.3888  U_t=0.0546  U_b=0.5910  AUC=0.9996  Top1=0.9886
  timing: data=3.6ms  fwd=25.5ms  bwd=10.3ms  total=39.9ms
[  96700] loss=2.2423  ema_loss=2.2658  gap=0.0122  ema_gap=0.0178  mixup=0/100  17.2 sps  ETA 0.1h
              R²_rand=0.7235  R²_naive=-0.3520  U_t=0.0578  U_b=0.5834  AUC=0.9999  Top1=0.9918
  timing: data=3.7ms  fwd=27.1ms  bwd=12.0ms  total=43.3ms
[  96800] loss=2.1946  ema_loss=2.2585  gap=0.0263  ema_gap=0.0189  mixup=0/100  17.2 sps  ETA 0.1h
              R²_rand=0.7271  R²_naive=-0.3170  U_t=0.0559  U_b=0.5919  AUC=0.9999  Top1=0.9926
  timing: data=3.7ms  fwd=25.2ms  bwd=12.2ms  total=41.7ms
[  96900] loss=2.2166  ema_loss=2.2535  gap=0.0148  ema_gap=0.0195  mixup=0/100  17.2 sps  ETA 0.1h
              R²_rand=0.7272  R²_naive=-0.4098  U_t=0.0539  U_b=0.6149  AUC=0.9999  Top1=0.9918
  timing: data=3.5ms  fwd=25.3ms  bwd=10.8ms  total=40.1ms
[  97000] loss=2.2462  ema_loss=2.2540  gap=0.0190  ema_gap=0.0191  mixup=0/100  17.2 sps  ETA 0.0h
              R²_rand=0.7269  R²_naive=-0.3119  U_t=0.0560  U_b=0.6062  AUC=0.9999  Top1=0.9886
  timing: data=3.5ms  fwd=25.1ms  bwd=11.2ms  total=40.3ms
[  97100] loss=2.3472  ema_loss=2.2623  gap=0.0061  ema_gap=0.0182  mixup=0/100  17.2 sps  ETA 0.0h
              R²_rand=0.7218  R²_naive=-0.3894  U_t=0.0581  U_b=0.5687  AUC=0.9998  Top1=0.9844
  timing: data=3.4ms  fwd=25.4ms  bwd=10.6ms  total=39.9ms
[  97200] loss=2.1410  ema_loss=2.2524  gap=0.0288  ema_gap=0.0190  mixup=0/100  17.2 sps  ETA 0.0h
              R²_rand=0.7207  R²_naive=-0.2961  U_t=0.0503  U_b=0.5991  AUC=0.9997  Top1=0.9915
  timing: data=3.6ms  fwd=25.1ms  bwd=11.6ms  total=40.7ms
[  97300] loss=2.1153  ema_loss=2.2571  gap=0.0303  ema_gap=0.0197  mixup=0/100  17.2 sps  ETA 0.0h
              R²_rand=0.7239  R²_naive=-0.3202  U_t=0.0503  U_b=0.5975  AUC=0.9998  Top1=0.9960
  timing: data=3.7ms  fwd=25.2ms  bwd=11.2ms  total=40.6ms
[  97400] loss=2.2050  ema_loss=2.2477  gap=0.0258  ema_gap=0.0202  mixup=0/100  17.2 sps  ETA 0.0h
              R²_rand=0.7232  R²_naive=-0.3372  U_t=0.0509  U_b=0.6104  AUC=0.9996  Top1=0.9918
  timing: data=3.3ms  fwd=22.3ms  bwd=9.9ms  total=36.0ms
[  97500] loss=2.1716  ema_loss=2.2382  gap=0.0184  ema_gap=0.0184  mixup=0/100  17.2 sps  ETA 0.0h
              R²_rand=0.7222  R²_naive=-0.3661  U_t=0.0535  U_b=0.5998  AUC=0.9999  Top1=0.9935
  timing: data=62.9ms  fwd=21.9ms  bwd=10.2ms  total=95.5ms
[  97600] loss=2.1507  ema_loss=2.2504  gap=0.0161  ema_gap=0.0179  mixup=0/100  17.2 sps  ETA 0.0h
              R²_rand=0.7252  R²_naive=-0.4492  U_t=0.0496  U_b=0.6185  AUC=0.9999  Top1=0.9946
  timing: data=3.8ms  fwd=27.5ms  bwd=10.8ms  total=42.6ms
[  97700] loss=2.2273  ema_loss=2.2526  gap=0.0161  ema_gap=0.0177  mixup=0/100  17.2 sps  ETA 0.0h
              R²_rand=0.7147  R²_naive=-0.3836  U_t=0.0565  U_b=0.6100  AUC=0.9999  Top1=0.9918
  timing: data=3.6ms  fwd=26.1ms  bwd=10.6ms  total=40.8ms
[  97800] loss=2.2430  ema_loss=2.2485  gap=0.0246  ema_gap=0.0187  mixup=0/100  17.2 sps  ETA 0.0h
              R²_rand=0.7281  R²_naive=-0.3040  U_t=0.0552  U_b=0.6151  AUC=0.9996  Top1=0.9824
  timing: data=3.7ms  fwd=25.9ms  bwd=10.4ms  total=40.5ms
[  97900] loss=2.2782  ema_loss=2.2567  gap=0.0179  ema_gap=0.0200  mixup=0/100  17.2 sps  ETA 0.0h
              R²_rand=0.7137  R²_naive=-0.3278  U_t=0.0572  U_b=0.6077  AUC=0.9999  Top1=0.9918
  timing: data=3.5ms  fwd=25.1ms  bwd=10.1ms  total=39.2ms
[  98000] loss=2.3457  ema_loss=2.2491  gap=0.0267  ema_gap=0.0202  mixup=0/100  17.2 sps  ETA 0.0h
              R²_rand=0.7276  R²_naive=-0.2811  U_t=0.0558  U_b=0.5868  AUC=0.9996  Top1=0.9761
  timing: data=3.6ms  fwd=25.6ms  bwd=10.6ms  total=40.2ms
[  98100] loss=2.2707  ema_loss=2.2451  gap=0.0142  ema_gap=0.0182  mixup=0/100  17.2 sps  ETA 0.0h
              R²_rand=0.7274  R²_naive=-0.3950  U_t=0.0516  U_b=0.6027  AUC=0.9999  Top1=0.9926
  timing: data=3.4ms  fwd=25.1ms  bwd=10.5ms  total=39.5ms
[  98200] loss=2.3334  ema_loss=2.2575  gap=0.0183  ema_gap=0.0183  mixup=0/100  17.2 sps  ETA 0.0h
              R²_rand=0.7252  R²_naive=-0.3349  U_t=0.0556  U_b=0.5952  AUC=0.9997  Top1=0.9827
  timing: data=3.6ms  fwd=25.1ms  bwd=9.8ms  total=38.9ms
[  98300] loss=2.3512  ema_loss=2.2510  gap=0.0004  ema_gap=0.0176  mixup=0/100  17.2 sps  ETA 0.0h
              R²_rand=0.6973  R²_naive=-0.4640  U_t=0.0549  U_b=0.5879  AUC=0.9997  Top1=0.9878
  timing: data=3.5ms  fwd=25.3ms  bwd=10.1ms  total=39.4ms
[  98400] loss=2.2805  ema_loss=2.2537  gap=0.0072  ema_gap=0.0183  mixup=0/100  17.2 sps  ETA 0.0h
              R²_rand=0.7165  R²_naive=-0.4789  U_t=0.0541  U_b=0.5765  AUC=0.9998  Top1=0.9884
  timing: data=3.5ms  fwd=27.1ms  bwd=13.1ms  total=44.3ms
[  98500] loss=2.3323  ema_loss=2.2614  gap=0.0117  ema_gap=0.0174  mixup=0/100  17.2 sps  ETA 0.0h
              R²_rand=0.7255  R²_naive=-0.3825  U_t=0.0515  U_b=0.5958  AUC=0.9998  Top1=0.9844
  timing: data=3.4ms  fwd=26.2ms  bwd=11.7ms  total=41.8ms
[  98600] loss=2.1231  ema_loss=2.2571  gap=0.0273  ema_gap=0.0167  mixup=0/100  17.2 sps  ETA 0.0h
              R²_rand=0.7180  R²_naive=-0.3184  U_t=0.0539  U_b=0.6273  AUC=0.9999  Top1=0.9929
  timing: data=3.6ms  fwd=25.3ms  bwd=10.5ms  total=40.0ms
[  98700] loss=2.3216  ema_loss=2.2521  gap=0.0103  ema_gap=0.0169  mixup=0/100  17.2 sps  ETA 0.0h
              R²_rand=0.7195  R²_naive=-0.3871  U_t=0.0553  U_b=0.5969  AUC=0.9997  Top1=0.9807
  timing: data=74.4ms  fwd=23.4ms  bwd=10.1ms  total=108.4ms
[  98800] loss=2.2189  ema_loss=2.2524  gap=0.0120  ema_gap=0.0176  mixup=0/100  17.2 sps  ETA 0.0h
              R²_rand=0.7180  R²_naive=-0.3892  U_t=0.0578  U_b=0.6079  AUC=0.9995  Top1=0.9790
  timing: data=3.9ms  fwd=25.1ms  bwd=10.2ms  total=39.7ms
[  98900] loss=2.4296  ema_loss=2.2474  gap=0.0158  ema_gap=0.0184  mixup=0/100  17.2 sps  ETA 0.0h
              R²_rand=0.7235  R²_naive=-0.3197  U_t=0.0586  U_b=0.5854  AUC=0.9999  Top1=0.9889
  timing: data=3.8ms  fwd=24.9ms  bwd=10.4ms  total=39.6ms
[  99000] loss=2.2584  ema_loss=2.2582  gap=0.0150  ema_gap=0.0186  mixup=0/100  17.2 sps  ETA 0.0h
              R²_rand=0.7047  R²_naive=-0.3418  U_t=0.0553  U_b=0.6184  AUC=0.9998  Top1=0.9909
  timing: data=3.6ms  fwd=25.2ms  bwd=10.1ms  total=39.3ms
[  99100] loss=2.2145  ema_loss=2.2602  gap=0.0213  ema_gap=0.0199  mixup=0/100  17.2 sps  ETA 0.0h
              R²_rand=0.7320  R²_naive=-0.2668  U_t=0.0598  U_b=0.5977  AUC=0.9998  Top1=0.9884
  timing: data=3.7ms  fwd=24.9ms  bwd=9.7ms  total=38.8ms
[  99200] loss=2.2232  ema_loss=2.2594  gap=0.0105  ema_gap=0.0195  mixup=0/100  17.2 sps  ETA 0.0h
              R²_rand=0.7202  R²_naive=-0.4509  U_t=0.0517  U_b=0.5972  AUC=0.9999  Top1=0.9926
  timing: data=3.7ms  fwd=27.0ms  bwd=10.2ms  total=41.4ms
[  99300] loss=2.1512  ema_loss=2.2530  gap=0.0161  ema_gap=0.0191  mixup=0/100  17.2 sps  ETA 0.0h
              R²_rand=0.7161  R²_naive=-0.2931  U_t=0.0558  U_b=0.6063  AUC=0.9998  Top1=0.9901
  timing: data=3.4ms  fwd=24.8ms  bwd=12.6ms  total=41.3ms
[  99400] loss=2.1580  ema_loss=2.2513  gap=0.0112  ema_gap=0.0193  mixup=0/100  17.2 sps  ETA 0.0h
              R²_rand=0.7303  R²_naive=-0.3555  U_t=0.0575  U_b=0.6137  AUC=0.9998  Top1=0.9912
  timing: data=3.5ms  fwd=25.0ms  bwd=10.4ms  total=39.4ms
[  99500] loss=2.3772  ema_loss=2.2527  gap=0.0175  ema_gap=0.0191  mixup=0/100  17.2 sps  ETA 0.0h
              R²_rand=0.7071  R²_naive=-0.4285  U_t=0.0542  U_b=0.5802  AUC=0.9997  Top1=0.9869
  timing: data=3.6ms  fwd=24.9ms  bwd=12.0ms  total=40.9ms
[  99600] loss=2.2255  ema_loss=2.2985  gap=0.0132  ema_gap=0.0181  mixup=0/100  17.2 sps  ETA 0.0h
              R²_rand=0.7195  R²_naive=-0.3514  U_t=0.0586  U_b=0.6119  AUC=0.9996  Top1=0.9906
  timing: data=3.5ms  fwd=25.0ms  bwd=9.9ms  total=38.9ms
[  99700] loss=2.1359  ema_loss=2.2787  gap=0.0271  ema_gap=0.0181  mixup=0/100  17.2 sps  ETA 0.0h
              R²_rand=0.7366  R²_naive=-0.2733  U_t=0.0546  U_b=0.6116  AUC=0.9999  Top1=0.9912
  timing: data=3.7ms  fwd=24.6ms  bwd=10.1ms  total=38.8ms
[  99800] loss=2.2507  ema_loss=2.2742  gap=0.0236  ema_gap=0.0182  mixup=0/100  17.2 sps  ETA 0.0h
              R²_rand=0.7262  R²_naive=-0.3507  U_t=0.0541  U_b=0.6058  AUC=0.9998  Top1=0.9869
  timing: data=3.4ms  fwd=25.4ms  bwd=11.7ms  total=41.0ms
[  99900] loss=2.2002  ema_loss=2.2592  gap=0.0268  ema_gap=0.0180  mixup=0/100  17.2 sps  ETA 0.0h
              R²_rand=0.7332  R²_naive=-0.3594  U_t=0.0510  U_b=0.6123  AUC=0.9998  Top1=0.9906
  timing: data=3.5ms  fwd=25.0ms  bwd=12.2ms  total=41.3ms
[ 100000] loss=2.1816  ema_loss=2.2611  gap=0.0378  ema_gap=0.0181  mixup=0/100  17.2 sps  ETA 0.0h
              R²_rand=0.7208  R²_naive=-0.3460  U_t=0.0510  U_b=0.5977  AUC=0.9998  Top1=0.9937
  timing: data=103.1ms  fwd=25.3ms  bwd=10.0ms  total=139.0ms
  -> Saved /home/jupyter/checkpoints_backup/cf-388/pred_moco_sched/ats_pred_moco_sched_100k.pth
  -> Saved /home/jupyter/checkpoints_backup/cf-388/pred_moco_sched/ats_pred_moco_sched_final.pth

Done in 1.6h. Best gap=0.0403 at step 6900, Best loss=2.1100 at step 73500
