[07-10 01:46:40] [sync-374] start; interval=900s; final sentinel=/tmp/contrastive-forecasting-374/experiments/2026-07-10_split_pred_rep/runs/bb_split_pred_rep_xftrip_nobn_enc3_emateach_sigreg_qk_aon_b512_cpc_tau090_FINAL.pth
[07-10 01:46:40] [sync-374] tick
✓ /workspace/cf-374/experiments/2026-07-10_split_pred_rep/runs/bb_split_pred_rep_xftrip_nobn_enc3_emateach_sigreg_qk_aon_b512_cpc_tau090_best_gap.pth → /tmp/contrastive-forecasting-374/experiments/2026-07-10_split_pred_rep/runs/bb_split_pred_rep_xftrip_nobn_enc3_emateach_sigreg_qk_aon_b512_cpc_tau090_best_gap.pth (90949814 bytes)
✓ /workspace/cf-374/experiments/2026-07-10_split_pred_rep/runs/bb_split_pred_rep_xftrip_nobn_enc3_emateach_sigreg_qk_aon_b512_cpc_tau090_best_gap_optimizer.pth → /tmp/contrastive-forecasting-374/experiments/2026-07-10_split_pred_rep/runs/bb_split_pred_rep_xftrip_nobn_enc3_emateach_sigreg_qk_aon_b512_cpc_tau090_best_gap_optimizer.pth (132958443 bytes)
✓ /workspace/cf-374/experiments/2026-07-10_split_pred_rep/runs/bb_split_pred_rep_xftrip_nobn_enc3_emateach_sigreg_qk_aon_b512_cpc_tau090_best_loss.pth → /tmp/contrastive-forecasting-374/experiments/2026-07-10_split_pred_rep/runs/bb_split_pred_rep_xftrip_nobn_enc3_emateach_sigreg_qk_aon_b512_cpc_tau090_best_loss.pth (90949961 bytes)
✓ /workspace/cf-374/experiments/2026-07-10_split_pred_rep/runs/bb_split_pred_rep_xftrip_nobn_enc3_emateach_sigreg_qk_aon_b512_cpc_tau090_best_loss_optimizer.pth → /tmp/contrastive-forecasting-374/experiments/2026-07-10_split_pred_rep/runs/bb_split_pred_rep_xftrip_nobn_enc3_emateach_sigreg_qk_aon_b512_cpc_tau090_best_loss_optimizer.pth (132958795 bytes)
✓ /workspace/cf-374/experiments/2026-07-10_split_pred_rep/runs/bb_split_pred_rep_xftrip_nobn_enc3_emateach_sigreg_qk_aon_b512_cpc_tau090_losses.csv → /tmp/contrastive-forecasting-374/experiments/2026-07-10_split_pred_rep/runs/bb_split_pred_rep_xftrip_nobn_enc3_emateach_sigreg_qk_aon_b512_cpc_tau090_losses.csv (237 bytes)
✓ /workspace/cf-374/experiments/2026-07-10_split_pred_rep/runs/bb_split_pred_rep_xftrip_nobn_enc3_emateach_sigreg_qk_aon_b512_cpc_tau090_attn_amplitude.csv → /tmp/contrastive-forecasting-374/experiments/2026-07-10_split_pred_rep/runs/bb_split_pred_rep_xftrip_nobn_enc3_emateach_sigreg_qk_aon_b512_cpc_tau090_attn_amplitude.csv (108 bytes)
scp: /workspace/cf-374/experiments/2026-07-10_split_pred_rep/runs/bb_split_pred_rep_xftrip_nobn_enc3_emateach_sigreg_qk_aon_b512_cpc_tau090_2500k.pth: No such file or directory
✗ /workspace/cf-374/experiments/2026-07-10_split_pred_rep/runs/bb_split_pred_rep_xftrip_nobn_enc3_emateach_sigreg_qk_aon_b512_cpc_tau090_2500k.pth: empty or missing — destination preserved
  (skip: /workspace/cf-374/experiments/2026-07-10_split_pred_rep/runs/bb_split_pred_rep_xftrip_nobn_enc3_emateach_sigreg_qk_aon_b512_cpc_tau090_2500k.pth not present or too small)
scp: /workspace/cf-374/experiments/2026-07-10_split_pred_rep/runs/bb_split_pred_rep_xftrip_nobn_enc3_emateach_sigreg_qk_aon_b512_cpc_tau090_2500k_optimizer.pth: No such file or directory
✗ /workspace/cf-374/experiments/2026-07-10_split_pred_rep/runs/bb_split_pred_rep_xftrip_nobn_enc3_emateach_sigreg_qk_aon_b512_cpc_tau090_2500k_optimizer.pth: empty or missing — destination preserved
  (skip: /workspace/cf-374/experiments/2026-07-10_split_pred_rep/runs/bb_split_pred_rep_xftrip_nobn_enc3_emateach_sigreg_qk_aon_b512_cpc_tau090_2500k_optimizer.pth not present or too small)
scp: /workspace/cf-374/experiments/2026-07-10_split_pred_rep/runs/bb_split_pred_rep_xftrip_nobn_enc3_emateach_sigreg_qk_aon_b512_cpc_tau090_5000k.pth: No such file or directory
✗ /workspace/cf-374/experiments/2026-07-10_split_pred_rep/runs/bb_split_pred_rep_xftrip_nobn_enc3_emateach_sigreg_qk_aon_b512_cpc_tau090_5000k.pth: empty or missing — destination preserved
  (skip: /workspace/cf-374/experiments/2026-07-10_split_pred_rep/runs/bb_split_pred_rep_xftrip_nobn_enc3_emateach_sigreg_qk_aon_b512_cpc_tau090_5000k.pth not present or too small)
scp: /workspace/cf-374/experiments/2026-07-10_split_pred_rep/runs/bb_split_pred_rep_xftrip_nobn_enc3_emateach_sigreg_qk_aon_b512_cpc_tau090_5000k_optimizer.pth: No such file or directory
✗ /workspace/cf-374/experiments/2026-07-10_split_pred_rep/runs/bb_split_pred_rep_xftrip_nobn_enc3_emateach_sigreg_qk_aon_b512_cpc_tau090_5000k_optimizer.pth: empty or missing — destination preserved
  (skip: /workspace/cf-374/experiments/2026-07-10_split_pred_rep/runs/bb_split_pred_rep_xftrip_nobn_enc3_emateach_sigreg_qk_aon_b512_cpc_tau090_5000k_optimizer.pth not present or too small)
scp: /workspace/cf-374/experiments/2026-07-10_split_pred_rep/runs/bb_split_pred_rep_xftrip_nobn_enc3_emateach_sigreg_qk_aon_b512_cpc_tau090_7500k.pth: No such file or directory
✗ /workspace/cf-374/experiments/2026-07-10_split_pred_rep/runs/bb_split_pred_rep_xftrip_nobn_enc3_emateach_sigreg_qk_aon_b512_cpc_tau090_7500k.pth: empty or missing — destination preserved
  (skip: /workspace/cf-374/experiments/2026-07-10_split_pred_rep/runs/bb_split_pred_rep_xftrip_nobn_enc3_emateach_sigreg_qk_aon_b512_cpc_tau090_7500k.pth not present or too small)
scp: /workspace/cf-374/experiments/2026-07-10_split_pred_rep/runs/bb_split_pred_rep_xftrip_nobn_enc3_emateach_sigreg_qk_aon_b512_cpc_tau090_7500k_optimizer.pth: No such file or directory
✗ /workspace/cf-374/experiments/2026-07-10_split_pred_rep/runs/bb_split_pred_rep_xftrip_nobn_enc3_emateach_sigreg_qk_aon_b512_cpc_tau090_7500k_optimizer.pth: empty or missing — destination preserved
  (skip: /workspace/cf-374/experiments/2026-07-10_split_pred_rep/runs/bb_split_pred_rep_xftrip_nobn_enc3_emateach_sigreg_qk_aon_b512_cpc_tau090_7500k_optimizer.pth not present or too small)
scp: /workspace/cf-374/experiments/2026-07-10_split_pred_rep/runs/bb_split_pred_rep_xftrip_nobn_enc3_emateach_sigreg_qk_aon_b512_cpc_tau090_10000k.pth: No such file or directory
✗ /workspace/cf-374/experiments/2026-07-10_split_pred_rep/runs/bb_split_pred_rep_xftrip_nobn_enc3_emateach_sigreg_qk_aon_b512_cpc_tau090_10000k.pth: empty or missing — destination preserved
  (skip: /workspace/cf-374/experiments/2026-07-10_split_pred_rep/runs/bb_split_pred_rep_xftrip_nobn_enc3_emateach_sigreg_qk_aon_b512_cpc_tau090_10000k.pth not present or too small)
scp: /workspace/cf-374/experiments/2026-07-10_split_pred_rep/runs/bb_split_pred_rep_xftrip_nobn_enc3_emateach_sigreg_qk_aon_b512_cpc_tau090_10000k_optimizer.pth: No such file or directory
✗ /workspace/cf-374/experiments/2026-07-10_split_pred_rep/runs/bb_split_pred_rep_xftrip_nobn_enc3_emateach_sigreg_qk_aon_b512_cpc_tau090_10000k_optimizer.pth: empty or missing — destination preserved
  (skip: /workspace/cf-374/experiments/2026-07-10_split_pred_rep/runs/bb_split_pred_rep_xftrip_nobn_enc3_emateach_sigreg_qk_aon_b512_cpc_tau090_10000k_optimizer.pth not present or too small)
scp: /workspace/cf-374/experiments/2026-07-10_split_pred_rep/runs/bb_split_pred_rep_xftrip_nobn_enc3_emateach_sigreg_qk_aon_b512_cpc_tau090_12500k.pth: No such file or directory
✗ /workspace/cf-374/experiments/2026-07-10_split_pred_rep/runs/bb_split_pred_rep_xftrip_nobn_enc3_emateach_sigreg_qk_aon_b512_cpc_tau090_12500k.pth: empty or missing — destination preserved
  (skip: /workspace/cf-374/experiments/2026-07-10_split_pred_rep/runs/bb_split_pred_rep_xftrip_nobn_enc3_emateach_sigreg_qk_aon_b512_cpc_tau090_12500k.pth not present or too small)
scp: /workspace/cf-374/experiments/2026-07-10_split_pred_rep/runs/bb_split_pred_rep_xftrip_nobn_enc3_emateach_sigreg_qk_aon_b512_cpc_tau090_12500k_optimizer.pth: No such file or directory
✗ /workspace/cf-374/experiments/2026-07-10_split_pred_rep/runs/bb_split_pred_rep_xftrip_nobn_enc3_emateach_sigreg_qk_aon_b512_cpc_tau090_12500k_optimizer.pth: empty or missing — destination preserved
  (skip: /workspace/cf-374/experiments/2026-07-10_split_pred_rep/runs/bb_split_pred_rep_xftrip_nobn_enc3_emateach_sigreg_qk_aon_b512_cpc_tau090_12500k_optimizer.pth not present or too small)
scp: /workspace/cf-374/experiments/2026-07-10_split_pred_rep/runs/bb_split_pred_rep_xftrip_nobn_enc3_emateach_sigreg_qk_aon_b512_cpc_tau090_final.pth: No such file or directory
✗ /workspace/cf-374/experiments/2026-07-10_split_pred_rep/runs/bb_split_pred_rep_xftrip_nobn_enc3_emateach_sigreg_qk_aon_b512_cpc_tau090_final.pth: empty or missing — destination preserved
  (skip: /workspace/cf-374/experiments/2026-07-10_split_pred_rep/runs/bb_split_pred_rep_xftrip_nobn_enc3_emateach_sigreg_qk_aon_b512_cpc_tau090_final.pth not present or too small)
scp: /workspace/cf-374/experiments/2026-07-10_split_pred_rep/runs/bb_split_pred_rep_xftrip_nobn_enc3_emateach_sigreg_qk_aon_b512_cpc_tau090_final_optimizer.pth: No such file or directory
✗ /workspace/cf-374/experiments/2026-07-10_split_pred_rep/runs/bb_split_pred_rep_xftrip_nobn_enc3_emateach_sigreg_qk_aon_b512_cpc_tau090_final_optimizer.pth: empty or missing — destination preserved
  (skip: /workspace/cf-374/experiments/2026-07-10_split_pred_rep/runs/bb_split_pred_rep_xftrip_nobn_enc3_emateach_sigreg_qk_aon_b512_cpc_tau090_final_optimizer.pth not present or too small)
scp: /workspace/cf-374/experiments/2026-07-10_split_pred_rep/runs/bb_split_pred_rep_xftrip_nobn_enc3_emateach_sigreg_qk_aon_b512_cpc_tau090_FINAL.pth: No such file or directory
✗ /workspace/cf-374/experiments/2026-07-10_split_pred_rep/runs/bb_split_pred_rep_xftrip_nobn_enc3_emateach_sigreg_qk_aon_b512_cpc_tau090_FINAL.pth: empty or missing — destination preserved
  (skip: /workspace/cf-374/experiments/2026-07-10_split_pred_rep/runs/bb_split_pred_rep_xftrip_nobn_enc3_emateach_sigreg_qk_aon_b512_cpc_tau090_FINAL.pth not present or too small)
✓ /workspace/cf-374/experiments/2026-07-10_split_pred_rep/results/run_bb_split_pred_rep_xftrip_nobn_enc3_emateach_sigreg_qk_aon_b512_cpc_tau090.log → /tmp/contrastive-forecasting-374/experiments/2026-07-10_split_pred_rep/results/run_bb_split_pred_rep_xftrip_nobn_enc3_emateach_sigreg_qk_aon_b512_cpc_tau090.log (1289 bytes)
[07-10 01:50:06] [sync-374] --- sleeping 900s ---
[07-10 02:05:06] [sync-374] tick
scp: /workspace/cf-374/experiments/2026-07-10_split_pred_rep/runs/bb_split_pred_rep_xftrip_nobn_enc3_emateach_sigreg_qk_aon_b512_cpc_tau090_best_gap.pth: No such file or directory
✗ /workspace/cf-374/experiments/2026-07-10_split_pred_rep/runs/bb_split_pred_rep_xftrip_nobn_enc3_emateach_sigreg_qk_aon_b512_cpc_tau090_best_gap.pth: empty or missing — destination preserved
  (skip: /workspace/cf-374/experiments/2026-07-10_split_pred_rep/runs/bb_split_pred_rep_xftrip_nobn_enc3_emateach_sigreg_qk_aon_b512_cpc_tau090_best_gap.pth not present or too small)
scp: /workspace/cf-374/experiments/2026-07-10_split_pred_rep/runs/bb_split_pred_rep_xftrip_nobn_enc3_emateach_sigreg_qk_aon_b512_cpc_tau090_best_gap_optimizer.pth: No such file or directory
✗ /workspace/cf-374/experiments/2026-07-10_split_pred_rep/runs/bb_split_pred_rep_xftrip_nobn_enc3_emateach_sigreg_qk_aon_b512_cpc_tau090_best_gap_optimizer.pth: empty or missing — destination preserved
  (skip: /workspace/cf-374/experiments/2026-07-10_split_pred_rep/runs/bb_split_pred_rep_xftrip_nobn_enc3_emateach_sigreg_qk_aon_b512_cpc_tau090_best_gap_optimizer.pth not present or too small)
scp: /workspace/cf-374/experiments/2026-07-10_split_pred_rep/runs/bb_split_pred_rep_xftrip_nobn_enc3_emateach_sigreg_qk_aon_b512_cpc_tau090_best_loss.pth: No such file or directory
✗ /workspace/cf-374/experiments/2026-07-10_split_pred_rep/runs/bb_split_pred_rep_xftrip_nobn_enc3_emateach_sigreg_qk_aon_b512_cpc_tau090_best_loss.pth: empty or missing — destination preserved
  (skip: /workspace/cf-374/experiments/2026-07-10_split_pred_rep/runs/bb_split_pred_rep_xftrip_nobn_enc3_emateach_sigreg_qk_aon_b512_cpc_tau090_best_loss.pth not present or too small)
scp: /workspace/cf-374/experiments/2026-07-10_split_pred_rep/runs/bb_split_pred_rep_xftrip_nobn_enc3_emateach_sigreg_qk_aon_b512_cpc_tau090_best_loss_optimizer.pth: No such file or directory
✗ /workspace/cf-374/experiments/2026-07-10_split_pred_rep/runs/bb_split_pred_rep_xftrip_nobn_enc3_emateach_sigreg_qk_aon_b512_cpc_tau090_best_loss_optimizer.pth: empty or missing — destination preserved
  (skip: /workspace/cf-374/experiments/2026-07-10_split_pred_rep/runs/bb_split_pred_rep_xftrip_nobn_enc3_emateach_sigreg_qk_aon_b512_cpc_tau090_best_loss_optimizer.pth not present or too small)
✓ /workspace/cf-374/experiments/2026-07-10_split_pred_rep/runs/bb_split_pred_rep_xftrip_nobn_enc3_emateach_sigreg_qk_aon_b512_cpc_tau090_losses.csv → /tmp/contrastive-forecasting-374/experiments/2026-07-10_split_pred_rep/runs/bb_split_pred_rep_xftrip_nobn_enc3_emateach_sigreg_qk_aon_b512_cpc_tau090_losses.csv (366384 bytes)
✓ /workspace/cf-374/experiments/2026-07-10_split_pred_rep/runs/bb_split_pred_rep_xftrip_nobn_enc3_emateach_sigreg_qk_aon_b512_cpc_tau090_attn_amplitude.csv → /tmp/contrastive-forecasting-374/experiments/2026-07-10_split_pred_rep/runs/bb_split_pred_rep_xftrip_nobn_enc3_emateach_sigreg_qk_aon_b512_cpc_tau090_attn_amplitude.csv (4642 bytes)
scp: /workspace/cf-374/experiments/2026-07-10_split_pred_rep/runs/bb_split_pred_rep_xftrip_nobn_enc3_emateach_sigreg_qk_aon_b512_cpc_tau090_2500k.pth: No such file or directory
✗ /workspace/cf-374/experiments/2026-07-10_split_pred_rep/runs/bb_split_pred_rep_xftrip_nobn_enc3_emateach_sigreg_qk_aon_b512_cpc_tau090_2500k.pth: empty or missing — destination preserved
  (skip: /workspace/cf-374/experiments/2026-07-10_split_pred_rep/runs/bb_split_pred_rep_xftrip_nobn_enc3_emateach_sigreg_qk_aon_b512_cpc_tau090_2500k.pth not present or too small)
scp: /workspace/cf-374/experiments/2026-07-10_split_pred_rep/runs/bb_split_pred_rep_xftrip_nobn_enc3_emateach_sigreg_qk_aon_b512_cpc_tau090_2500k_optimizer.pth: No such file or directory
✗ /workspace/cf-374/experiments/2026-07-10_split_pred_rep/runs/bb_split_pred_rep_xftrip_nobn_enc3_emateach_sigreg_qk_aon_b512_cpc_tau090_2500k_optimizer.pth: empty or missing — destination preserved
  (skip: /workspace/cf-374/experiments/2026-07-10_split_pred_rep/runs/bb_split_pred_rep_xftrip_nobn_enc3_emateach_sigreg_qk_aon_b512_cpc_tau090_2500k_optimizer.pth not present or too small)
scp: /workspace/cf-374/experiments/2026-07-10_split_pred_rep/runs/bb_split_pred_rep_xftrip_nobn_enc3_emateach_sigreg_qk_aon_b512_cpc_tau090_5000k.pth: No such file or directory
✗ /workspace/cf-374/experiments/2026-07-10_split_pred_rep/runs/bb_split_pred_rep_xftrip_nobn_enc3_emateach_sigreg_qk_aon_b512_cpc_tau090_5000k.pth: empty or missing — destination preserved
  (skip: /workspace/cf-374/experiments/2026-07-10_split_pred_rep/runs/bb_split_pred_rep_xftrip_nobn_enc3_emateach_sigreg_qk_aon_b512_cpc_tau090_5000k.pth not present or too small)
scp: /workspace/cf-374/experiments/2026-07-10_split_pred_rep/runs/bb_split_pred_rep_xftrip_nobn_enc3_emateach_sigreg_qk_aon_b512_cpc_tau090_5000k_optimizer.pth: No such file or directory
✗ /workspace/cf-374/experiments/2026-07-10_split_pred_rep/runs/bb_split_pred_rep_xftrip_nobn_enc3_emateach_sigreg_qk_aon_b512_cpc_tau090_5000k_optimizer.pth: empty or missing — destination preserved
  (skip: /workspace/cf-374/experiments/2026-07-10_split_pred_rep/runs/bb_split_pred_rep_xftrip_nobn_enc3_emateach_sigreg_qk_aon_b512_cpc_tau090_5000k_optimizer.pth not present or too small)
scp: /workspace/cf-374/experiments/2026-07-10_split_pred_rep/runs/bb_split_pred_rep_xftrip_nobn_enc3_emateach_sigreg_qk_aon_b512_cpc_tau090_7500k.pth: No such file or directory
✗ /workspace/cf-374/experiments/2026-07-10_split_pred_rep/runs/bb_split_pred_rep_xftrip_nobn_enc3_emateach_sigreg_qk_aon_b512_cpc_tau090_7500k.pth: empty or missing — destination preserved
  (skip: /workspace/cf-374/experiments/2026-07-10_split_pred_rep/runs/bb_split_pred_rep_xftrip_nobn_enc3_emateach_sigreg_qk_aon_b512_cpc_tau090_7500k.pth not present or too small)
scp: /workspace/cf-374/experiments/2026-07-10_split_pred_rep/runs/bb_split_pred_rep_xftrip_nobn_enc3_emateach_sigreg_qk_aon_b512_cpc_tau090_7500k_optimizer.pth: No such file or directory
✗ /workspace/cf-374/experiments/2026-07-10_split_pred_rep/runs/bb_split_pred_rep_xftrip_nobn_enc3_emateach_sigreg_qk_aon_b512_cpc_tau090_7500k_optimizer.pth: empty or missing — destination preserved
  (skip: /workspace/cf-374/experiments/2026-07-10_split_pred_rep/runs/bb_split_pred_rep_xftrip_nobn_enc3_emateach_sigreg_qk_aon_b512_cpc_tau090_7500k_optimizer.pth not present or too small)
scp: /workspace/cf-374/experiments/2026-07-10_split_pred_rep/runs/bb_split_pred_rep_xftrip_nobn_enc3_emateach_sigreg_qk_aon_b512_cpc_tau090_10000k.pth: No such file or directory
✗ /workspace/cf-374/experiments/2026-07-10_split_pred_rep/runs/bb_split_pred_rep_xftrip_nobn_enc3_emateach_sigreg_qk_aon_b512_cpc_tau090_10000k.pth: empty or missing — destination preserved
  (skip: /workspace/cf-374/experiments/2026-07-10_split_pred_rep/runs/bb_split_pred_rep_xftrip_nobn_enc3_emateach_sigreg_qk_aon_b512_cpc_tau090_10000k.pth not present or too small)
scp: /workspace/cf-374/experiments/2026-07-10_split_pred_rep/runs/bb_split_pred_rep_xftrip_nobn_enc3_emateach_sigreg_qk_aon_b512_cpc_tau090_10000k_optimizer.pth: No such file or directory
✗ /workspace/cf-374/experiments/2026-07-10_split_pred_rep/runs/bb_split_pred_rep_xftrip_nobn_enc3_emateach_sigreg_qk_aon_b512_cpc_tau090_10000k_optimizer.pth: empty or missing — destination preserved
  (skip: /workspace/cf-374/experiments/2026-07-10_split_pred_rep/runs/bb_split_pred_rep_xftrip_nobn_enc3_emateach_sigreg_qk_aon_b512_cpc_tau090_10000k_optimizer.pth not present or too small)
scp: /workspace/cf-374/experiments/2026-07-10_split_pred_rep/runs/bb_split_pred_rep_xftrip_nobn_enc3_emateach_sigreg_qk_aon_b512_cpc_tau090_12500k.pth: No such file or directory
✗ /workspace/cf-374/experiments/2026-07-10_split_pred_rep/runs/bb_split_pred_rep_xftrip_nobn_enc3_emateach_sigreg_qk_aon_b512_cpc_tau090_12500k.pth: empty or missing — destination preserved
  (skip: /workspace/cf-374/experiments/2026-07-10_split_pred_rep/runs/bb_split_pred_rep_xftrip_nobn_enc3_emateach_sigreg_qk_aon_b512_cpc_tau090_12500k.pth not present or too small)
scp: /workspace/cf-374/experiments/2026-07-10_split_pred_rep/runs/bb_split_pred_rep_xftrip_nobn_enc3_emateach_sigreg_qk_aon_b512_cpc_tau090_12500k_optimizer.pth: No such file or directory
✗ /workspace/cf-374/experiments/2026-07-10_split_pred_rep/runs/bb_split_pred_rep_xftrip_nobn_enc3_emateach_sigreg_qk_aon_b512_cpc_tau090_12500k_optimizer.pth: empty or missing — destination preserved
  (skip: /workspace/cf-374/experiments/2026-07-10_split_pred_rep/runs/bb_split_pred_rep_xftrip_nobn_enc3_emateach_sigreg_qk_aon_b512_cpc_tau090_12500k_optimizer.pth not present or too small)
scp: /workspace/cf-374/experiments/2026-07-10_split_pred_rep/runs/bb_split_pred_rep_xftrip_nobn_enc3_emateach_sigreg_qk_aon_b512_cpc_tau090_final.pth: No such file or directory
✗ /workspace/cf-374/experiments/2026-07-10_split_pred_rep/runs/bb_split_pred_rep_xftrip_nobn_enc3_emateach_sigreg_qk_aon_b512_cpc_tau090_final.pth: empty or missing — destination preserved
  (skip: /workspace/cf-374/experiments/2026-07-10_split_pred_rep/runs/bb_split_pred_rep_xftrip_nobn_enc3_emateach_sigreg_qk_aon_b512_cpc_tau090_final.pth not present or too small)
scp: /workspace/cf-374/experiments/2026-07-10_split_pred_rep/runs/bb_split_pred_rep_xftrip_nobn_enc3_emateach_sigreg_qk_aon_b512_cpc_tau090_final_optimizer.pth: No such file or directory
✗ /workspace/cf-374/experiments/2026-07-10_split_pred_rep/runs/bb_split_pred_rep_xftrip_nobn_enc3_emateach_sigreg_qk_aon_b512_cpc_tau090_final_optimizer.pth: empty or missing — destination preserved
  (skip: /workspace/cf-374/experiments/2026-07-10_split_pred_rep/runs/bb_split_pred_rep_xftrip_nobn_enc3_emateach_sigreg_qk_aon_b512_cpc_tau090_final_optimizer.pth not present or too small)
scp: /workspace/cf-374/experiments/2026-07-10_split_pred_rep/runs/bb_split_pred_rep_xftrip_nobn_enc3_emateach_sigreg_qk_aon_b512_cpc_tau090_FINAL.pth: No such file or directory
✗ /workspace/cf-374/experiments/2026-07-10_split_pred_rep/runs/bb_split_pred_rep_xftrip_nobn_enc3_emateach_sigreg_qk_aon_b512_cpc_tau090_FINAL.pth: empty or missing — destination preserved
  (skip: /workspace/cf-374/experiments/2026-07-10_split_pred_rep/runs/bb_split_pred_rep_xftrip_nobn_enc3_emateach_sigreg_qk_aon_b512_cpc_tau090_FINAL.pth not present or too small)
✓ /workspace/cf-374/experiments/2026-07-10_split_pred_rep/results/run_bb_split_pred_rep_xftrip_nobn_enc3_emateach_sigreg_qk_aon_b512_cpc_tau090.log → /tmp/contrastive-forecasting-374/experiments/2026-07-10_split_pred_rep/results/run_bb_split_pred_rep_xftrip_nobn_enc3_emateach_sigreg_qk_aon_b512_cpc_tau090.log (3767 bytes)
[07-10 02:06:24] [sync-374] --- sleeping 900s ---
[07-10 02:21:24] [sync-374] tick
scp: /workspace/cf-374/experiments/2026-07-10_split_pred_rep/runs/bb_split_pred_rep_xftrip_nobn_enc3_emateach_sigreg_qk_aon_b512_cpc_tau090_best_gap.pth: No such file or directory
✗ /workspace/cf-374/experiments/2026-07-10_split_pred_rep/runs/bb_split_pred_rep_xftrip_nobn_enc3_emateach_sigreg_qk_aon_b512_cpc_tau090_best_gap.pth: empty or missing — destination preserved
  (skip: /workspace/cf-374/experiments/2026-07-10_split_pred_rep/runs/bb_split_pred_rep_xftrip_nobn_enc3_emateach_sigreg_qk_aon_b512_cpc_tau090_best_gap.pth not present or too small)
scp: /workspace/cf-374/experiments/2026-07-10_split_pred_rep/runs/bb_split_pred_rep_xftrip_nobn_enc3_emateach_sigreg_qk_aon_b512_cpc_tau090_best_gap_optimizer.pth: No such file or directory
✗ /workspace/cf-374/experiments/2026-07-10_split_pred_rep/runs/bb_split_pred_rep_xftrip_nobn_enc3_emateach_sigreg_qk_aon_b512_cpc_tau090_best_gap_optimizer.pth: empty or missing — destination preserved
  (skip: /workspace/cf-374/experiments/2026-07-10_split_pred_rep/runs/bb_split_pred_rep_xftrip_nobn_enc3_emateach_sigreg_qk_aon_b512_cpc_tau090_best_gap_optimizer.pth not present or too small)
scp: /workspace/cf-374/experiments/2026-07-10_split_pred_rep/runs/bb_split_pred_rep_xftrip_nobn_enc3_emateach_sigreg_qk_aon_b512_cpc_tau090_best_loss.pth: No such file or directory
✗ /workspace/cf-374/experiments/2026-07-10_split_pred_rep/runs/bb_split_pred_rep_xftrip_nobn_enc3_emateach_sigreg_qk_aon_b512_cpc_tau090_best_loss.pth: empty or missing — destination preserved
  (skip: /workspace/cf-374/experiments/2026-07-10_split_pred_rep/runs/bb_split_pred_rep_xftrip_nobn_enc3_emateach_sigreg_qk_aon_b512_cpc_tau090_best_loss.pth not present or too small)
scp: /workspace/cf-374/experiments/2026-07-10_split_pred_rep/runs/bb_split_pred_rep_xftrip_nobn_enc3_emateach_sigreg_qk_aon_b512_cpc_tau090_best_loss_optimizer.pth: No such file or directory
✗ /workspace/cf-374/experiments/2026-07-10_split_pred_rep/runs/bb_split_pred_rep_xftrip_nobn_enc3_emateach_sigreg_qk_aon_b512_cpc_tau090_best_loss_optimizer.pth: empty or missing — destination preserved
  (skip: /workspace/cf-374/experiments/2026-07-10_split_pred_rep/runs/bb_split_pred_rep_xftrip_nobn_enc3_emateach_sigreg_qk_aon_b512_cpc_tau090_best_loss_optimizer.pth not present or too small)
✓ /workspace/cf-374/experiments/2026-07-10_split_pred_rep/runs/bb_split_pred_rep_xftrip_nobn_enc3_emateach_sigreg_qk_aon_b512_cpc_tau090_losses.csv → /tmp/contrastive-forecasting-374/experiments/2026-07-10_split_pred_rep/runs/bb_split_pred_rep_xftrip_nobn_enc3_emateach_sigreg_qk_aon_b512_cpc_tau090_losses.csv (779149 bytes)
✓ /workspace/cf-374/experiments/2026-07-10_split_pred_rep/runs/bb_split_pred_rep_xftrip_nobn_enc3_emateach_sigreg_qk_aon_b512_cpc_tau090_attn_amplitude.csv → /tmp/contrastive-forecasting-374/experiments/2026-07-10_split_pred_rep/runs/bb_split_pred_rep_xftrip_nobn_enc3_emateach_sigreg_qk_aon_b512_cpc_tau090_attn_amplitude.csv (10313 bytes)
scp: /workspace/cf-374/experiments/2026-07-10_split_pred_rep/runs/bb_split_pred_rep_xftrip_nobn_enc3_emateach_sigreg_qk_aon_b512_cpc_tau090_2500k.pth: No such file or directory
✗ /workspace/cf-374/experiments/2026-07-10_split_pred_rep/runs/bb_split_pred_rep_xftrip_nobn_enc3_emateach_sigreg_qk_aon_b512_cpc_tau090_2500k.pth: empty or missing — destination preserved
  (skip: /workspace/cf-374/experiments/2026-07-10_split_pred_rep/runs/bb_split_pred_rep_xftrip_nobn_enc3_emateach_sigreg_qk_aon_b512_cpc_tau090_2500k.pth not present or too small)
scp: /workspace/cf-374/experiments/2026-07-10_split_pred_rep/runs/bb_split_pred_rep_xftrip_nobn_enc3_emateach_sigreg_qk_aon_b512_cpc_tau090_2500k_optimizer.pth: No such file or directory
✗ /workspace/cf-374/experiments/2026-07-10_split_pred_rep/runs/bb_split_pred_rep_xftrip_nobn_enc3_emateach_sigreg_qk_aon_b512_cpc_tau090_2500k_optimizer.pth: empty or missing — destination preserved
  (skip: /workspace/cf-374/experiments/2026-07-10_split_pred_rep/runs/bb_split_pred_rep_xftrip_nobn_enc3_emateach_sigreg_qk_aon_b512_cpc_tau090_2500k_optimizer.pth not present or too small)
scp: /workspace/cf-374/experiments/2026-07-10_split_pred_rep/runs/bb_split_pred_rep_xftrip_nobn_enc3_emateach_sigreg_qk_aon_b512_cpc_tau090_5000k.pth: No such file or directory
✗ /workspace/cf-374/experiments/2026-07-10_split_pred_rep/runs/bb_split_pred_rep_xftrip_nobn_enc3_emateach_sigreg_qk_aon_b512_cpc_tau090_5000k.pth: empty or missing — destination preserved
  (skip: /workspace/cf-374/experiments/2026-07-10_split_pred_rep/runs/bb_split_pred_rep_xftrip_nobn_enc3_emateach_sigreg_qk_aon_b512_cpc_tau090_5000k.pth not present or too small)
scp: /workspace/cf-374/experiments/2026-07-10_split_pred_rep/runs/bb_split_pred_rep_xftrip_nobn_enc3_emateach_sigreg_qk_aon_b512_cpc_tau090_5000k_optimizer.pth: No such file or directory
✗ /workspace/cf-374/experiments/2026-07-10_split_pred_rep/runs/bb_split_pred_rep_xftrip_nobn_enc3_emateach_sigreg_qk_aon_b512_cpc_tau090_5000k_optimizer.pth: empty or missing — destination preserved
  (skip: /workspace/cf-374/experiments/2026-07-10_split_pred_rep/runs/bb_split_pred_rep_xftrip_nobn_enc3_emateach_sigreg_qk_aon_b512_cpc_tau090_5000k_optimizer.pth not present or too small)
scp: /workspace/cf-374/experiments/2026-07-10_split_pred_rep/runs/bb_split_pred_rep_xftrip_nobn_enc3_emateach_sigreg_qk_aon_b512_cpc_tau090_7500k.pth: No such file or directory
✗ /workspace/cf-374/experiments/2026-07-10_split_pred_rep/runs/bb_split_pred_rep_xftrip_nobn_enc3_emateach_sigreg_qk_aon_b512_cpc_tau090_7500k.pth: empty or missing — destination preserved
  (skip: /workspace/cf-374/experiments/2026-07-10_split_pred_rep/runs/bb_split_pred_rep_xftrip_nobn_enc3_emateach_sigreg_qk_aon_b512_cpc_tau090_7500k.pth not present or too small)
scp: /workspace/cf-374/experiments/2026-07-10_split_pred_rep/runs/bb_split_pred_rep_xftrip_nobn_enc3_emateach_sigreg_qk_aon_b512_cpc_tau090_7500k_optimizer.pth: No such file or directory
✗ /workspace/cf-374/experiments/2026-07-10_split_pred_rep/runs/bb_split_pred_rep_xftrip_nobn_enc3_emateach_sigreg_qk_aon_b512_cpc_tau090_7500k_optimizer.pth: empty or missing — destination preserved
  (skip: /workspace/cf-374/experiments/2026-07-10_split_pred_rep/runs/bb_split_pred_rep_xftrip_nobn_enc3_emateach_sigreg_qk_aon_b512_cpc_tau090_7500k_optimizer.pth not present or too small)
scp: /workspace/cf-374/experiments/2026-07-10_split_pred_rep/runs/bb_split_pred_rep_xftrip_nobn_enc3_emateach_sigreg_qk_aon_b512_cpc_tau090_10000k.pth: No such file or directory
✗ /workspace/cf-374/experiments/2026-07-10_split_pred_rep/runs/bb_split_pred_rep_xftrip_nobn_enc3_emateach_sigreg_qk_aon_b512_cpc_tau090_10000k.pth: empty or missing — destination preserved
  (skip: /workspace/cf-374/experiments/2026-07-10_split_pred_rep/runs/bb_split_pred_rep_xftrip_nobn_enc3_emateach_sigreg_qk_aon_b512_cpc_tau090_10000k.pth not present or too small)
scp: /workspace/cf-374/experiments/2026-07-10_split_pred_rep/runs/bb_split_pred_rep_xftrip_nobn_enc3_emateach_sigreg_qk_aon_b512_cpc_tau090_10000k_optimizer.pth: No such file or directory
✗ /workspace/cf-374/experiments/2026-07-10_split_pred_rep/runs/bb_split_pred_rep_xftrip_nobn_enc3_emateach_sigreg_qk_aon_b512_cpc_tau090_10000k_optimizer.pth: empty or missing — destination preserved
  (skip: /workspace/cf-374/experiments/2026-07-10_split_pred_rep/runs/bb_split_pred_rep_xftrip_nobn_enc3_emateach_sigreg_qk_aon_b512_cpc_tau090_10000k_optimizer.pth not present or too small)
scp: /workspace/cf-374/experiments/2026-07-10_split_pred_rep/runs/bb_split_pred_rep_xftrip_nobn_enc3_emateach_sigreg_qk_aon_b512_cpc_tau090_12500k.pth: No such file or directory
✗ /workspace/cf-374/experiments/2026-07-10_split_pred_rep/runs/bb_split_pred_rep_xftrip_nobn_enc3_emateach_sigreg_qk_aon_b512_cpc_tau090_12500k.pth: empty or missing — destination preserved
  (skip: /workspace/cf-374/experiments/2026-07-10_split_pred_rep/runs/bb_split_pred_rep_xftrip_nobn_enc3_emateach_sigreg_qk_aon_b512_cpc_tau090_12500k.pth not present or too small)
scp: /workspace/cf-374/experiments/2026-07-10_split_pred_rep/runs/bb_split_pred_rep_xftrip_nobn_enc3_emateach_sigreg_qk_aon_b512_cpc_tau090_12500k_optimizer.pth: No such file or directory
✗ /workspace/cf-374/experiments/2026-07-10_split_pred_rep/runs/bb_split_pred_rep_xftrip_nobn_enc3_emateach_sigreg_qk_aon_b512_cpc_tau090_12500k_optimizer.pth: empty or missing — destination preserved
  (skip: /workspace/cf-374/experiments/2026-07-10_split_pred_rep/runs/bb_split_pred_rep_xftrip_nobn_enc3_emateach_sigreg_qk_aon_b512_cpc_tau090_12500k_optimizer.pth not present or too small)
scp: /workspace/cf-374/experiments/2026-07-10_split_pred_rep/runs/bb_split_pred_rep_xftrip_nobn_enc3_emateach_sigreg_qk_aon_b512_cpc_tau090_final.pth: No such file or directory
✗ /workspace/cf-374/experiments/2026-07-10_split_pred_rep/runs/bb_split_pred_rep_xftrip_nobn_enc3_emateach_sigreg_qk_aon_b512_cpc_tau090_final.pth: empty or missing — destination preserved
  (skip: /workspace/cf-374/experiments/2026-07-10_split_pred_rep/runs/bb_split_pred_rep_xftrip_nobn_enc3_emateach_sigreg_qk_aon_b512_cpc_tau090_final.pth not present or too small)
scp: /workspace/cf-374/experiments/2026-07-10_split_pred_rep/runs/bb_split_pred_rep_xftrip_nobn_enc3_emateach_sigreg_qk_aon_b512_cpc_tau090_final_optimizer.pth: No such file or directory
✗ /workspace/cf-374/experiments/2026-07-10_split_pred_rep/runs/bb_split_pred_rep_xftrip_nobn_enc3_emateach_sigreg_qk_aon_b512_cpc_tau090_final_optimizer.pth: empty or missing — destination preserved
  (skip: /workspace/cf-374/experiments/2026-07-10_split_pred_rep/runs/bb_split_pred_rep_xftrip_nobn_enc3_emateach_sigreg_qk_aon_b512_cpc_tau090_final_optimizer.pth not present or too small)
scp: /workspace/cf-374/experiments/2026-07-10_split_pred_rep/runs/bb_split_pred_rep_xftrip_nobn_enc3_emateach_sigreg_qk_aon_b512_cpc_tau090_FINAL.pth: No such file or directory
✗ /workspace/cf-374/experiments/2026-07-10_split_pred_rep/runs/bb_split_pred_rep_xftrip_nobn_enc3_emateach_sigreg_qk_aon_b512_cpc_tau090_FINAL.pth: empty or missing — destination preserved
  (skip: /workspace/cf-374/experiments/2026-07-10_split_pred_rep/runs/bb_split_pred_rep_xftrip_nobn_enc3_emateach_sigreg_qk_aon_b512_cpc_tau090_FINAL.pth not present or too small)
✓ /workspace/cf-374/experiments/2026-07-10_split_pred_rep/results/run_bb_split_pred_rep_xftrip_nobn_enc3_emateach_sigreg_qk_aon_b512_cpc_tau090.log → /tmp/contrastive-forecasting-374/experiments/2026-07-10_split_pred_rep/results/run_bb_split_pred_rep_xftrip_nobn_enc3_emateach_sigreg_qk_aon_b512_cpc_tau090.log (6122 bytes)
[07-10 02:22:41] [sync-374] --- sleeping 900s ---
[07-10 02:37:41] [sync-374] tick
scp: /workspace/cf-374/experiments/2026-07-10_split_pred_rep/runs/bb_split_pred_rep_xftrip_nobn_enc3_emateach_sigreg_qk_aon_b512_cpc_tau090_best_gap.pth: No such file or directory
✗ /workspace/cf-374/experiments/2026-07-10_split_pred_rep/runs/bb_split_pred_rep_xftrip_nobn_enc3_emateach_sigreg_qk_aon_b512_cpc_tau090_best_gap.pth: empty or missing — destination preserved
  (skip: /workspace/cf-374/experiments/2026-07-10_split_pred_rep/runs/bb_split_pred_rep_xftrip_nobn_enc3_emateach_sigreg_qk_aon_b512_cpc_tau090_best_gap.pth not present or too small)
scp: /workspace/cf-374/experiments/2026-07-10_split_pred_rep/runs/bb_split_pred_rep_xftrip_nobn_enc3_emateach_sigreg_qk_aon_b512_cpc_tau090_best_gap_optimizer.pth: No such file or directory
✗ /workspace/cf-374/experiments/2026-07-10_split_pred_rep/runs/bb_split_pred_rep_xftrip_nobn_enc3_emateach_sigreg_qk_aon_b512_cpc_tau090_best_gap_optimizer.pth: empty or missing — destination preserved
  (skip: /workspace/cf-374/experiments/2026-07-10_split_pred_rep/runs/bb_split_pred_rep_xftrip_nobn_enc3_emateach_sigreg_qk_aon_b512_cpc_tau090_best_gap_optimizer.pth not present or too small)
scp: /workspace/cf-374/experiments/2026-07-10_split_pred_rep/runs/bb_split_pred_rep_xftrip_nobn_enc3_emateach_sigreg_qk_aon_b512_cpc_tau090_best_loss.pth: No such file or directory
✗ /workspace/cf-374/experiments/2026-07-10_split_pred_rep/runs/bb_split_pred_rep_xftrip_nobn_enc3_emateach_sigreg_qk_aon_b512_cpc_tau090_best_loss.pth: empty or missing — destination preserved
  (skip: /workspace/cf-374/experiments/2026-07-10_split_pred_rep/runs/bb_split_pred_rep_xftrip_nobn_enc3_emateach_sigreg_qk_aon_b512_cpc_tau090_best_loss.pth not present or too small)
scp: /workspace/cf-374/experiments/2026-07-10_split_pred_rep/runs/bb_split_pred_rep_xftrip_nobn_enc3_emateach_sigreg_qk_aon_b512_cpc_tau090_best_loss_optimizer.pth: No such file or directory
✗ /workspace/cf-374/experiments/2026-07-10_split_pred_rep/runs/bb_split_pred_rep_xftrip_nobn_enc3_emateach_sigreg_qk_aon_b512_cpc_tau090_best_loss_optimizer.pth: empty or missing — destination preserved
  (skip: /workspace/cf-374/experiments/2026-07-10_split_pred_rep/runs/bb_split_pred_rep_xftrip_nobn_enc3_emateach_sigreg_qk_aon_b512_cpc_tau090_best_loss_optimizer.pth not present or too small)
✓ /workspace/cf-374/experiments/2026-07-10_split_pred_rep/runs/bb_split_pred_rep_xftrip_nobn_enc3_emateach_sigreg_qk_aon_b512_cpc_tau090_losses.csv → /tmp/contrastive-forecasting-374/experiments/2026-07-10_split_pred_rep/runs/bb_split_pred_rep_xftrip_nobn_enc3_emateach_sigreg_qk_aon_b512_cpc_tau090_losses.csv (1192812 bytes)
✓ /workspace/cf-374/experiments/2026-07-10_split_pred_rep/runs/bb_split_pred_rep_xftrip_nobn_enc3_emateach_sigreg_qk_aon_b512_cpc_tau090_attn_amplitude.csv → /tmp/contrastive-forecasting-374/experiments/2026-07-10_split_pred_rep/runs/bb_split_pred_rep_xftrip_nobn_enc3_emateach_sigreg_qk_aon_b512_cpc_tau090_attn_amplitude.csv (14826 bytes)
scp: /workspace/cf-374/experiments/2026-07-10_split_pred_rep/runs/bb_split_pred_rep_xftrip_nobn_enc3_emateach_sigreg_qk_aon_b512_cpc_tau090_2500k.pth: No such file or directory
✗ /workspace/cf-374/experiments/2026-07-10_split_pred_rep/runs/bb_split_pred_rep_xftrip_nobn_enc3_emateach_sigreg_qk_aon_b512_cpc_tau090_2500k.pth: empty or missing — destination preserved
  (skip: /workspace/cf-374/experiments/2026-07-10_split_pred_rep/runs/bb_split_pred_rep_xftrip_nobn_enc3_emateach_sigreg_qk_aon_b512_cpc_tau090_2500k.pth not present or too small)
scp: /workspace/cf-374/experiments/2026-07-10_split_pred_rep/runs/bb_split_pred_rep_xftrip_nobn_enc3_emateach_sigreg_qk_aon_b512_cpc_tau090_2500k_optimizer.pth: No such file or directory
✗ /workspace/cf-374/experiments/2026-07-10_split_pred_rep/runs/bb_split_pred_rep_xftrip_nobn_enc3_emateach_sigreg_qk_aon_b512_cpc_tau090_2500k_optimizer.pth: empty or missing — destination preserved
  (skip: /workspace/cf-374/experiments/2026-07-10_split_pred_rep/runs/bb_split_pred_rep_xftrip_nobn_enc3_emateach_sigreg_qk_aon_b512_cpc_tau090_2500k_optimizer.pth not present or too small)
scp: /workspace/cf-374/experiments/2026-07-10_split_pred_rep/runs/bb_split_pred_rep_xftrip_nobn_enc3_emateach_sigreg_qk_aon_b512_cpc_tau090_5000k.pth: No such file or directory
✗ /workspace/cf-374/experiments/2026-07-10_split_pred_rep/runs/bb_split_pred_rep_xftrip_nobn_enc3_emateach_sigreg_qk_aon_b512_cpc_tau090_5000k.pth: empty or missing — destination preserved
  (skip: /workspace/cf-374/experiments/2026-07-10_split_pred_rep/runs/bb_split_pred_rep_xftrip_nobn_enc3_emateach_sigreg_qk_aon_b512_cpc_tau090_5000k.pth not present or too small)
scp: /workspace/cf-374/experiments/2026-07-10_split_pred_rep/runs/bb_split_pred_rep_xftrip_nobn_enc3_emateach_sigreg_qk_aon_b512_cpc_tau090_5000k_optimizer.pth: No such file or directory
✗ /workspace/cf-374/experiments/2026-07-10_split_pred_rep/runs/bb_split_pred_rep_xftrip_nobn_enc3_emateach_sigreg_qk_aon_b512_cpc_tau090_5000k_optimizer.pth: empty or missing — destination preserved
  (skip: /workspace/cf-374/experiments/2026-07-10_split_pred_rep/runs/bb_split_pred_rep_xftrip_nobn_enc3_emateach_sigreg_qk_aon_b512_cpc_tau090_5000k_optimizer.pth not present or too small)
scp: /workspace/cf-374/experiments/2026-07-10_split_pred_rep/runs/bb_split_pred_rep_xftrip_nobn_enc3_emateach_sigreg_qk_aon_b512_cpc_tau090_7500k.pth: No such file or directory
✗ /workspace/cf-374/experiments/2026-07-10_split_pred_rep/runs/bb_split_pred_rep_xftrip_nobn_enc3_emateach_sigreg_qk_aon_b512_cpc_tau090_7500k.pth: empty or missing — destination preserved
  (skip: /workspace/cf-374/experiments/2026-07-10_split_pred_rep/runs/bb_split_pred_rep_xftrip_nobn_enc3_emateach_sigreg_qk_aon_b512_cpc_tau090_7500k.pth not present or too small)
scp: /workspace/cf-374/experiments/2026-07-10_split_pred_rep/runs/bb_split_pred_rep_xftrip_nobn_enc3_emateach_sigreg_qk_aon_b512_cpc_tau090_7500k_optimizer.pth: No such file or directory
✗ /workspace/cf-374/experiments/2026-07-10_split_pred_rep/runs/bb_split_pred_rep_xftrip_nobn_enc3_emateach_sigreg_qk_aon_b512_cpc_tau090_7500k_optimizer.pth: empty or missing — destination preserved
  (skip: /workspace/cf-374/experiments/2026-07-10_split_pred_rep/runs/bb_split_pred_rep_xftrip_nobn_enc3_emateach_sigreg_qk_aon_b512_cpc_tau090_7500k_optimizer.pth not present or too small)
scp: /workspace/cf-374/experiments/2026-07-10_split_pred_rep/runs/bb_split_pred_rep_xftrip_nobn_enc3_emateach_sigreg_qk_aon_b512_cpc_tau090_10000k.pth: No such file or directory
✗ /workspace/cf-374/experiments/2026-07-10_split_pred_rep/runs/bb_split_pred_rep_xftrip_nobn_enc3_emateach_sigreg_qk_aon_b512_cpc_tau090_10000k.pth: empty or missing — destination preserved
  (skip: /workspace/cf-374/experiments/2026-07-10_split_pred_rep/runs/bb_split_pred_rep_xftrip_nobn_enc3_emateach_sigreg_qk_aon_b512_cpc_tau090_10000k.pth not present or too small)
scp: /workspace/cf-374/experiments/2026-07-10_split_pred_rep/runs/bb_split_pred_rep_xftrip_nobn_enc3_emateach_sigreg_qk_aon_b512_cpc_tau090_10000k_optimizer.pth: No such file or directory
✗ /workspace/cf-374/experiments/2026-07-10_split_pred_rep/runs/bb_split_pred_rep_xftrip_nobn_enc3_emateach_sigreg_qk_aon_b512_cpc_tau090_10000k_optimizer.pth: empty or missing — destination preserved
  (skip: /workspace/cf-374/experiments/2026-07-10_split_pred_rep/runs/bb_split_pred_rep_xftrip_nobn_enc3_emateach_sigreg_qk_aon_b512_cpc_tau090_10000k_optimizer.pth not present or too small)
scp: /workspace/cf-374/experiments/2026-07-10_split_pred_rep/runs/bb_split_pred_rep_xftrip_nobn_enc3_emateach_sigreg_qk_aon_b512_cpc_tau090_12500k.pth: No such file or directory
✗ /workspace/cf-374/experiments/2026-07-10_split_pred_rep/runs/bb_split_pred_rep_xftrip_nobn_enc3_emateach_sigreg_qk_aon_b512_cpc_tau090_12500k.pth: empty or missing — destination preserved
  (skip: /workspace/cf-374/experiments/2026-07-10_split_pred_rep/runs/bb_split_pred_rep_xftrip_nobn_enc3_emateach_sigreg_qk_aon_b512_cpc_tau090_12500k.pth not present or too small)
scp: /workspace/cf-374/experiments/2026-07-10_split_pred_rep/runs/bb_split_pred_rep_xftrip_nobn_enc3_emateach_sigreg_qk_aon_b512_cpc_tau090_12500k_optimizer.pth: No such file or directory
✗ /workspace/cf-374/experiments/2026-07-10_split_pred_rep/runs/bb_split_pred_rep_xftrip_nobn_enc3_emateach_sigreg_qk_aon_b512_cpc_tau090_12500k_optimizer.pth: empty or missing — destination preserved
  (skip: /workspace/cf-374/experiments/2026-07-10_split_pred_rep/runs/bb_split_pred_rep_xftrip_nobn_enc3_emateach_sigreg_qk_aon_b512_cpc_tau090_12500k_optimizer.pth not present or too small)
scp: /workspace/cf-374/experiments/2026-07-10_split_pred_rep/runs/bb_split_pred_rep_xftrip_nobn_enc3_emateach_sigreg_qk_aon_b512_cpc_tau090_final.pth: No such file or directory
✗ /workspace/cf-374/experiments/2026-07-10_split_pred_rep/runs/bb_split_pred_rep_xftrip_nobn_enc3_emateach_sigreg_qk_aon_b512_cpc_tau090_final.pth: empty or missing — destination preserved
  (skip: /workspace/cf-374/experiments/2026-07-10_split_pred_rep/runs/bb_split_pred_rep_xftrip_nobn_enc3_emateach_sigreg_qk_aon_b512_cpc_tau090_final.pth not present or too small)
scp: /workspace/cf-374/experiments/2026-07-10_split_pred_rep/runs/bb_split_pred_rep_xftrip_nobn_enc3_emateach_sigreg_qk_aon_b512_cpc_tau090_final_optimizer.pth: No such file or directory
✗ /workspace/cf-374/experiments/2026-07-10_split_pred_rep/runs/bb_split_pred_rep_xftrip_nobn_enc3_emateach_sigreg_qk_aon_b512_cpc_tau090_final_optimizer.pth: empty or missing — destination preserved
  (skip: /workspace/cf-374/experiments/2026-07-10_split_pred_rep/runs/bb_split_pred_rep_xftrip_nobn_enc3_emateach_sigreg_qk_aon_b512_cpc_tau090_final_optimizer.pth not present or too small)
scp: /workspace/cf-374/experiments/2026-07-10_split_pred_rep/runs/bb_split_pred_rep_xftrip_nobn_enc3_emateach_sigreg_qk_aon_b512_cpc_tau090_FINAL.pth: No such file or directory
✗ /workspace/cf-374/experiments/2026-07-10_split_pred_rep/runs/bb_split_pred_rep_xftrip_nobn_enc3_emateach_sigreg_qk_aon_b512_cpc_tau090_FINAL.pth: empty or missing — destination preserved
  (skip: /workspace/cf-374/experiments/2026-07-10_split_pred_rep/runs/bb_split_pred_rep_xftrip_nobn_enc3_emateach_sigreg_qk_aon_b512_cpc_tau090_FINAL.pth not present or too small)
✓ /workspace/cf-374/experiments/2026-07-10_split_pred_rep/results/run_bb_split_pred_rep_xftrip_nobn_enc3_emateach_sigreg_qk_aon_b512_cpc_tau090.log → /tmp/contrastive-forecasting-374/experiments/2026-07-10_split_pred_rep/results/run_bb_split_pred_rep_xftrip_nobn_enc3_emateach_sigreg_qk_aon_b512_cpc_tau090.log (8599 bytes)
[07-10 02:38:59] [sync-374] --- sleeping 900s ---
[07-10 02:53:59] [sync-374] tick
scp: /workspace/cf-374/experiments/2026-07-10_split_pred_rep/runs/bb_split_pred_rep_xftrip_nobn_enc3_emateach_sigreg_qk_aon_b512_cpc_tau090_best_gap.pth: No such file or directory
✗ /workspace/cf-374/experiments/2026-07-10_split_pred_rep/runs/bb_split_pred_rep_xftrip_nobn_enc3_emateach_sigreg_qk_aon_b512_cpc_tau090_best_gap.pth: empty or missing — destination preserved
  (skip: /workspace/cf-374/experiments/2026-07-10_split_pred_rep/runs/bb_split_pred_rep_xftrip_nobn_enc3_emateach_sigreg_qk_aon_b512_cpc_tau090_best_gap.pth not present or too small)
scp: /workspace/cf-374/experiments/2026-07-10_split_pred_rep/runs/bb_split_pred_rep_xftrip_nobn_enc3_emateach_sigreg_qk_aon_b512_cpc_tau090_best_gap_optimizer.pth: No such file or directory
✗ /workspace/cf-374/experiments/2026-07-10_split_pred_rep/runs/bb_split_pred_rep_xftrip_nobn_enc3_emateach_sigreg_qk_aon_b512_cpc_tau090_best_gap_optimizer.pth: empty or missing — destination preserved
  (skip: /workspace/cf-374/experiments/2026-07-10_split_pred_rep/runs/bb_split_pred_rep_xftrip_nobn_enc3_emateach_sigreg_qk_aon_b512_cpc_tau090_best_gap_optimizer.pth not present or too small)
scp: /workspace/cf-374/experiments/2026-07-10_split_pred_rep/runs/bb_split_pred_rep_xftrip_nobn_enc3_emateach_sigreg_qk_aon_b512_cpc_tau090_best_loss.pth: No such file or directory
✗ /workspace/cf-374/experiments/2026-07-10_split_pred_rep/runs/bb_split_pred_rep_xftrip_nobn_enc3_emateach_sigreg_qk_aon_b512_cpc_tau090_best_loss.pth: empty or missing — destination preserved
  (skip: /workspace/cf-374/experiments/2026-07-10_split_pred_rep/runs/bb_split_pred_rep_xftrip_nobn_enc3_emateach_sigreg_qk_aon_b512_cpc_tau090_best_loss.pth not present or too small)
scp: /workspace/cf-374/experiments/2026-07-10_split_pred_rep/runs/bb_split_pred_rep_xftrip_nobn_enc3_emateach_sigreg_qk_aon_b512_cpc_tau090_best_loss_optimizer.pth: No such file or directory
✗ /workspace/cf-374/experiments/2026-07-10_split_pred_rep/runs/bb_split_pred_rep_xftrip_nobn_enc3_emateach_sigreg_qk_aon_b512_cpc_tau090_best_loss_optimizer.pth: empty or missing — destination preserved
  (skip: /workspace/cf-374/experiments/2026-07-10_split_pred_rep/runs/bb_split_pred_rep_xftrip_nobn_enc3_emateach_sigreg_qk_aon_b512_cpc_tau090_best_loss_optimizer.pth not present or too small)
✓ /workspace/cf-374/experiments/2026-07-10_split_pred_rep/runs/bb_split_pred_rep_xftrip_nobn_enc3_emateach_sigreg_qk_aon_b512_cpc_tau090_losses.csv → /tmp/contrastive-forecasting-374/experiments/2026-07-10_split_pred_rep/runs/bb_split_pred_rep_xftrip_nobn_enc3_emateach_sigreg_qk_aon_b512_cpc_tau090_losses.csv (1560017 bytes)
✓ /workspace/cf-374/experiments/2026-07-10_split_pred_rep/runs/bb_split_pred_rep_xftrip_nobn_enc3_emateach_sigreg_qk_aon_b512_cpc_tau090_attn_amplitude.csv → /tmp/contrastive-forecasting-374/experiments/2026-07-10_split_pred_rep/runs/bb_split_pred_rep_xftrip_nobn_enc3_emateach_sigreg_qk_aon_b512_cpc_tau090_attn_amplitude.csv (19383 bytes)
[07-10 02:54:42] [sync-374] start; interval=900s; final sentinel=/tmp/contrastive-forecasting-374/experiments/2026-07-10_split_pred_rep/runs/bb_split_pred_rep_xftrip_nobn_enc3_emateach_sigreg_qk_aon_b512_cpc_tau090_FINAL.pth
[07-10 02:54:42] [sync-374] tick
scp: /workspace/cf-374/experiments/2026-07-10_split_pred_rep/runs/bb_split_pred_rep_xftrip_nobn_enc3_emateach_sigreg_qk_aon_b512_cpc_tau090_best_gap.pth: No such file or directory
✗ /workspace/cf-374/experiments/2026-07-10_split_pred_rep/runs/bb_split_pred_rep_xftrip_nobn_enc3_emateach_sigreg_qk_aon_b512_cpc_tau090_best_gap.pth: empty or missing — destination preserved
  (skip: /workspace/cf-374/experiments/2026-07-10_split_pred_rep/runs/bb_split_pred_rep_xftrip_nobn_enc3_emateach_sigreg_qk_aon_b512_cpc_tau090_best_gap.pth not present or too small)
scp: /workspace/cf-374/experiments/2026-07-10_split_pred_rep/runs/bb_split_pred_rep_xftrip_nobn_enc3_emateach_sigreg_qk_aon_b512_cpc_tau090_best_gap_optimizer.pth: No such file or directory
✗ /workspace/cf-374/experiments/2026-07-10_split_pred_rep/runs/bb_split_pred_rep_xftrip_nobn_enc3_emateach_sigreg_qk_aon_b512_cpc_tau090_best_gap_optimizer.pth: empty or missing — destination preserved
  (skip: /workspace/cf-374/experiments/2026-07-10_split_pred_rep/runs/bb_split_pred_rep_xftrip_nobn_enc3_emateach_sigreg_qk_aon_b512_cpc_tau090_best_gap_optimizer.pth not present or too small)
scp: /workspace/cf-374/experiments/2026-07-10_split_pred_rep/runs/bb_split_pred_rep_xftrip_nobn_enc3_emateach_sigreg_qk_aon_b512_cpc_tau090_best_loss.pth: No such file or directory
✗ /workspace/cf-374/experiments/2026-07-10_split_pred_rep/runs/bb_split_pred_rep_xftrip_nobn_enc3_emateach_sigreg_qk_aon_b512_cpc_tau090_best_loss.pth: empty or missing — destination preserved
  (skip: /workspace/cf-374/experiments/2026-07-10_split_pred_rep/runs/bb_split_pred_rep_xftrip_nobn_enc3_emateach_sigreg_qk_aon_b512_cpc_tau090_best_loss.pth not present or too small)
scp: /workspace/cf-374/experiments/2026-07-10_split_pred_rep/runs/bb_split_pred_rep_xftrip_nobn_enc3_emateach_sigreg_qk_aon_b512_cpc_tau090_best_loss_optimizer.pth: No such file or directory
✗ /workspace/cf-374/experiments/2026-07-10_split_pred_rep/runs/bb_split_pred_rep_xftrip_nobn_enc3_emateach_sigreg_qk_aon_b512_cpc_tau090_best_loss_optimizer.pth: empty or missing — destination preserved
  (skip: /workspace/cf-374/experiments/2026-07-10_split_pred_rep/runs/bb_split_pred_rep_xftrip_nobn_enc3_emateach_sigreg_qk_aon_b512_cpc_tau090_best_loss_optimizer.pth not present or too small)
✓ /workspace/cf-374/experiments/2026-07-10_split_pred_rep/runs/bb_split_pred_rep_xftrip_nobn_enc3_emateach_sigreg_qk_aon_b512_cpc_tau090_losses.csv → /tmp/contrastive-forecasting-374/experiments/2026-07-10_split_pred_rep/runs/bb_split_pred_rep_xftrip_nobn_enc3_emateach_sigreg_qk_aon_b512_cpc_tau090_losses.csv (1560017 bytes)
✓ /workspace/cf-374/experiments/2026-07-10_split_pred_rep/runs/bb_split_pred_rep_xftrip_nobn_enc3_emateach_sigreg_qk_aon_b512_cpc_tau090_attn_amplitude.csv → /tmp/contrastive-forecasting-374/experiments/2026-07-10_split_pred_rep/runs/bb_split_pred_rep_xftrip_nobn_enc3_emateach_sigreg_qk_aon_b512_cpc_tau090_attn_amplitude.csv (20520 bytes)
✓ /workspace/cf-374/experiments/2026-07-10_split_pred_rep/runs/bb_split_pred_rep_xftrip_nobn_enc3_emateach_sigreg_qk_aon_b512_cpc_tau090_2k.pth → /tmp/contrastive-forecasting-374/experiments/2026-07-10_split_pred_rep/runs/bb_split_pred_rep_xftrip_nobn_enc3_emateach_sigreg_qk_aon_b512_cpc_tau090_2k.pth (90948804 bytes)
✓ /workspace/cf-374/experiments/2026-07-10_split_pred_rep/runs/bb_split_pred_rep_xftrip_nobn_enc3_emateach_sigreg_qk_aon_b512_cpc_tau090_2k_optimizer.pth → /tmp/contrastive-forecasting-374/experiments/2026-07-10_split_pred_rep/runs/bb_split_pred_rep_xftrip_nobn_enc3_emateach_sigreg_qk_aon_b512_cpc_tau090_2k_optimizer.pth (132957931 bytes)
scp: /workspace/cf-374/experiments/2026-07-10_split_pred_rep/runs/bb_split_pred_rep_xftrip_nobn_enc3_emateach_sigreg_qk_aon_b512_cpc_tau090_5k.pth: No such file or directory
✗ /workspace/cf-374/experiments/2026-07-10_split_pred_rep/runs/bb_split_pred_rep_xftrip_nobn_enc3_emateach_sigreg_qk_aon_b512_cpc_tau090_5k.pth: empty or missing — destination preserved
  (skip: /workspace/cf-374/experiments/2026-07-10_split_pred_rep/runs/bb_split_pred_rep_xftrip_nobn_enc3_emateach_sigreg_qk_aon_b512_cpc_tau090_5k.pth not present or too small)
scp: /workspace/cf-374/experiments/2026-07-10_split_pred_rep/runs/bb_split_pred_rep_xftrip_nobn_enc3_emateach_sigreg_qk_aon_b512_cpc_tau090_5k_optimizer.pth: No such file or directory
✗ /workspace/cf-374/experiments/2026-07-10_split_pred_rep/runs/bb_split_pred_rep_xftrip_nobn_enc3_emateach_sigreg_qk_aon_b512_cpc_tau090_5k_optimizer.pth: empty or missing — destination preserved
  (skip: /workspace/cf-374/experiments/2026-07-10_split_pred_rep/runs/bb_split_pred_rep_xftrip_nobn_enc3_emateach_sigreg_qk_aon_b512_cpc_tau090_5k_optimizer.pth not present or too small)
scp: /workspace/cf-374/experiments/2026-07-10_split_pred_rep/runs/bb_split_pred_rep_xftrip_nobn_enc3_emateach_sigreg_qk_aon_b512_cpc_tau090_7k.pth: No such file or directory
✗ /workspace/cf-374/experiments/2026-07-10_split_pred_rep/runs/bb_split_pred_rep_xftrip_nobn_enc3_emateach_sigreg_qk_aon_b512_cpc_tau090_7k.pth: empty or missing — destination preserved
  (skip: /workspace/cf-374/experiments/2026-07-10_split_pred_rep/runs/bb_split_pred_rep_xftrip_nobn_enc3_emateach_sigreg_qk_aon_b512_cpc_tau090_7k.pth not present or too small)
scp: /workspace/cf-374/experiments/2026-07-10_split_pred_rep/runs/bb_split_pred_rep_xftrip_nobn_enc3_emateach_sigreg_qk_aon_b512_cpc_tau090_7k_optimizer.pth: No such file or directory
✗ /workspace/cf-374/experiments/2026-07-10_split_pred_rep/runs/bb_split_pred_rep_xftrip_nobn_enc3_emateach_sigreg_qk_aon_b512_cpc_tau090_7k_optimizer.pth: empty or missing — destination preserved
  (skip: /workspace/cf-374/experiments/2026-07-10_split_pred_rep/runs/bb_split_pred_rep_xftrip_nobn_enc3_emateach_sigreg_qk_aon_b512_cpc_tau090_7k_optimizer.pth not present or too small)
scp: /workspace/cf-374/experiments/2026-07-10_split_pred_rep/runs/bb_split_pred_rep_xftrip_nobn_enc3_emateach_sigreg_qk_aon_b512_cpc_tau090_10k.pth: No such file or directory
✗ /workspace/cf-374/experiments/2026-07-10_split_pred_rep/runs/bb_split_pred_rep_xftrip_nobn_enc3_emateach_sigreg_qk_aon_b512_cpc_tau090_10k.pth: empty or missing — destination preserved
  (skip: /workspace/cf-374/experiments/2026-07-10_split_pred_rep/runs/bb_split_pred_rep_xftrip_nobn_enc3_emateach_sigreg_qk_aon_b512_cpc_tau090_10k.pth not present or too small)
scp: /workspace/cf-374/experiments/2026-07-10_split_pred_rep/runs/bb_split_pred_rep_xftrip_nobn_enc3_emateach_sigreg_qk_aon_b512_cpc_tau090_10k_optimizer.pth: No such file or directory
✗ /workspace/cf-374/experiments/2026-07-10_split_pred_rep/runs/bb_split_pred_rep_xftrip_nobn_enc3_emateach_sigreg_qk_aon_b512_cpc_tau090_10k_optimizer.pth: empty or missing — destination preserved
  (skip: /workspace/cf-374/experiments/2026-07-10_split_pred_rep/runs/bb_split_pred_rep_xftrip_nobn_enc3_emateach_sigreg_qk_aon_b512_cpc_tau090_10k_optimizer.pth not present or too small)
scp: /workspace/cf-374/experiments/2026-07-10_split_pred_rep/runs/bb_split_pred_rep_xftrip_nobn_enc3_emateach_sigreg_qk_aon_b512_cpc_tau090_12k.pth: No such file or directory
✗ /workspace/cf-374/experiments/2026-07-10_split_pred_rep/runs/bb_split_pred_rep_xftrip_nobn_enc3_emateach_sigreg_qk_aon_b512_cpc_tau090_12k.pth: empty or missing — destination preserved
  (skip: /workspace/cf-374/experiments/2026-07-10_split_pred_rep/runs/bb_split_pred_rep_xftrip_nobn_enc3_emateach_sigreg_qk_aon_b512_cpc_tau090_12k.pth not present or too small)
scp: /workspace/cf-374/experiments/2026-07-10_split_pred_rep/runs/bb_split_pred_rep_xftrip_nobn_enc3_emateach_sigreg_qk_aon_b512_cpc_tau090_12k_optimizer.pth: No such file or directory
✗ /workspace/cf-374/experiments/2026-07-10_split_pred_rep/runs/bb_split_pred_rep_xftrip_nobn_enc3_emateach_sigreg_qk_aon_b512_cpc_tau090_12k_optimizer.pth: empty or missing — destination preserved
  (skip: /workspace/cf-374/experiments/2026-07-10_split_pred_rep/runs/bb_split_pred_rep_xftrip_nobn_enc3_emateach_sigreg_qk_aon_b512_cpc_tau090_12k_optimizer.pth not present or too small)
scp: /workspace/cf-374/experiments/2026-07-10_split_pred_rep/runs/bb_split_pred_rep_xftrip_nobn_enc3_emateach_sigreg_qk_aon_b512_cpc_tau090_final.pth: No such file or directory
✗ /workspace/cf-374/experiments/2026-07-10_split_pred_rep/runs/bb_split_pred_rep_xftrip_nobn_enc3_emateach_sigreg_qk_aon_b512_cpc_tau090_final.pth: empty or missing — destination preserved
  (skip: /workspace/cf-374/experiments/2026-07-10_split_pred_rep/runs/bb_split_pred_rep_xftrip_nobn_enc3_emateach_sigreg_qk_aon_b512_cpc_tau090_final.pth not present or too small)
scp: /workspace/cf-374/experiments/2026-07-10_split_pred_rep/runs/bb_split_pred_rep_xftrip_nobn_enc3_emateach_sigreg_qk_aon_b512_cpc_tau090_final_optimizer.pth: No such file or directory
✗ /workspace/cf-374/experiments/2026-07-10_split_pred_rep/runs/bb_split_pred_rep_xftrip_nobn_enc3_emateach_sigreg_qk_aon_b512_cpc_tau090_final_optimizer.pth: empty or missing — destination preserved
  (skip: /workspace/cf-374/experiments/2026-07-10_split_pred_rep/runs/bb_split_pred_rep_xftrip_nobn_enc3_emateach_sigreg_qk_aon_b512_cpc_tau090_final_optimizer.pth not present or too small)
scp: /workspace/cf-374/experiments/2026-07-10_split_pred_rep/runs/bb_split_pred_rep_xftrip_nobn_enc3_emateach_sigreg_qk_aon_b512_cpc_tau090_FINAL.pth: No such file or directory
✗ /workspace/cf-374/experiments/2026-07-10_split_pred_rep/runs/bb_split_pred_rep_xftrip_nobn_enc3_emateach_sigreg_qk_aon_b512_cpc_tau090_FINAL.pth: empty or missing — destination preserved
  (skip: /workspace/cf-374/experiments/2026-07-10_split_pred_rep/runs/bb_split_pred_rep_xftrip_nobn_enc3_emateach_sigreg_qk_aon_b512_cpc_tau090_FINAL.pth not present or too small)
✓ /workspace/cf-374/experiments/2026-07-10_split_pred_rep/results/run_bb_split_pred_rep_xftrip_nobn_enc3_emateach_sigreg_qk_aon_b512_cpc_tau090.log → /tmp/contrastive-forecasting-374/experiments/2026-07-10_split_pred_rep/results/run_bb_split_pred_rep_xftrip_nobn_enc3_emateach_sigreg_qk_aon_b512_cpc_tau090.log (11353 bytes)
[07-10 02:57:03] [sync-374] --- sleeping 900s ---
[07-10 03:12:03] [sync-374] tick
scp: /workspace/cf-374/experiments/2026-07-10_split_pred_rep/runs/bb_split_pred_rep_xftrip_nobn_enc3_emateach_sigreg_qk_aon_b512_cpc_tau090_best_gap.pth: No such file or directory
✗ /workspace/cf-374/experiments/2026-07-10_split_pred_rep/runs/bb_split_pred_rep_xftrip_nobn_enc3_emateach_sigreg_qk_aon_b512_cpc_tau090_best_gap.pth: empty or missing — destination preserved
  (skip: /workspace/cf-374/experiments/2026-07-10_split_pred_rep/runs/bb_split_pred_rep_xftrip_nobn_enc3_emateach_sigreg_qk_aon_b512_cpc_tau090_best_gap.pth not present or too small)
scp: /workspace/cf-374/experiments/2026-07-10_split_pred_rep/runs/bb_split_pred_rep_xftrip_nobn_enc3_emateach_sigreg_qk_aon_b512_cpc_tau090_best_gap_optimizer.pth: No such file or directory
✗ /workspace/cf-374/experiments/2026-07-10_split_pred_rep/runs/bb_split_pred_rep_xftrip_nobn_enc3_emateach_sigreg_qk_aon_b512_cpc_tau090_best_gap_optimizer.pth: empty or missing — destination preserved
  (skip: /workspace/cf-374/experiments/2026-07-10_split_pred_rep/runs/bb_split_pred_rep_xftrip_nobn_enc3_emateach_sigreg_qk_aon_b512_cpc_tau090_best_gap_optimizer.pth not present or too small)
scp: /workspace/cf-374/experiments/2026-07-10_split_pred_rep/runs/bb_split_pred_rep_xftrip_nobn_enc3_emateach_sigreg_qk_aon_b512_cpc_tau090_best_loss.pth: No such file or directory
✗ /workspace/cf-374/experiments/2026-07-10_split_pred_rep/runs/bb_split_pred_rep_xftrip_nobn_enc3_emateach_sigreg_qk_aon_b512_cpc_tau090_best_loss.pth: empty or missing — destination preserved
  (skip: /workspace/cf-374/experiments/2026-07-10_split_pred_rep/runs/bb_split_pred_rep_xftrip_nobn_enc3_emateach_sigreg_qk_aon_b512_cpc_tau090_best_loss.pth not present or too small)
scp: /workspace/cf-374/experiments/2026-07-10_split_pred_rep/runs/bb_split_pred_rep_xftrip_nobn_enc3_emateach_sigreg_qk_aon_b512_cpc_tau090_best_loss_optimizer.pth: No such file or directory
✗ /workspace/cf-374/experiments/2026-07-10_split_pred_rep/runs/bb_split_pred_rep_xftrip_nobn_enc3_emateach_sigreg_qk_aon_b512_cpc_tau090_best_loss_optimizer.pth: empty or missing — destination preserved
  (skip: /workspace/cf-374/experiments/2026-07-10_split_pred_rep/runs/bb_split_pred_rep_xftrip_nobn_enc3_emateach_sigreg_qk_aon_b512_cpc_tau090_best_loss_optimizer.pth not present or too small)
✓ /workspace/cf-374/experiments/2026-07-10_split_pred_rep/runs/bb_split_pred_rep_xftrip_nobn_enc3_emateach_sigreg_qk_aon_b512_cpc_tau090_losses.csv → /tmp/contrastive-forecasting-374/experiments/2026-07-10_split_pred_rep/runs/bb_split_pred_rep_xftrip_nobn_enc3_emateach_sigreg_qk_aon_b512_cpc_tau090_losses.csv (2017629 bytes)
✓ /workspace/cf-374/experiments/2026-07-10_split_pred_rep/runs/bb_split_pred_rep_xftrip_nobn_enc3_emateach_sigreg_qk_aon_b512_cpc_tau090_attn_amplitude.csv → /tmp/contrastive-forecasting-374/experiments/2026-07-10_split_pred_rep/runs/bb_split_pred_rep_xftrip_nobn_enc3_emateach_sigreg_qk_aon_b512_cpc_tau090_attn_amplitude.csv (25051 bytes)
✓ /workspace/cf-374/experiments/2026-07-10_split_pred_rep/runs/bb_split_pred_rep_xftrip_nobn_enc3_emateach_sigreg_qk_aon_b512_cpc_tau090_2k.pth → /tmp/contrastive-forecasting-374/experiments/2026-07-10_split_pred_rep/runs/bb_split_pred_rep_xftrip_nobn_enc3_emateach_sigreg_qk_aon_b512_cpc_tau090_2k.pth (90948804 bytes)
✓ /workspace/cf-374/experiments/2026-07-10_split_pred_rep/runs/bb_split_pred_rep_xftrip_nobn_enc3_emateach_sigreg_qk_aon_b512_cpc_tau090_2k_optimizer.pth → /tmp/contrastive-forecasting-374/experiments/2026-07-10_split_pred_rep/runs/bb_split_pred_rep_xftrip_nobn_enc3_emateach_sigreg_qk_aon_b512_cpc_tau090_2k_optimizer.pth (132957931 bytes)
✓ /workspace/cf-374/experiments/2026-07-10_split_pred_rep/runs/bb_split_pred_rep_xftrip_nobn_enc3_emateach_sigreg_qk_aon_b512_cpc_tau090_5k.pth → /tmp/contrastive-forecasting-374/experiments/2026-07-10_split_pred_rep/runs/bb_split_pred_rep_xftrip_nobn_enc3_emateach_sigreg_qk_aon_b512_cpc_tau090_5k.pth (90948804 bytes)
✓ /workspace/cf-374/experiments/2026-07-10_split_pred_rep/runs/bb_split_pred_rep_xftrip_nobn_enc3_emateach_sigreg_qk_aon_b512_cpc_tau090_5k_optimizer.pth → /tmp/contrastive-forecasting-374/experiments/2026-07-10_split_pred_rep/runs/bb_split_pred_rep_xftrip_nobn_enc3_emateach_sigreg_qk_aon_b512_cpc_tau090_5k_optimizer.pth (132957931 bytes)
scp: /workspace/cf-374/experiments/2026-07-10_split_pred_rep/runs/bb_split_pred_rep_xftrip_nobn_enc3_emateach_sigreg_qk_aon_b512_cpc_tau090_7k.pth: No such file or directory
✗ /workspace/cf-374/experiments/2026-07-10_split_pred_rep/runs/bb_split_pred_rep_xftrip_nobn_enc3_emateach_sigreg_qk_aon_b512_cpc_tau090_7k.pth: empty or missing — destination preserved
  (skip: /workspace/cf-374/experiments/2026-07-10_split_pred_rep/runs/bb_split_pred_rep_xftrip_nobn_enc3_emateach_sigreg_qk_aon_b512_cpc_tau090_7k.pth not present or too small)
scp: /workspace/cf-374/experiments/2026-07-10_split_pred_rep/runs/bb_split_pred_rep_xftrip_nobn_enc3_emateach_sigreg_qk_aon_b512_cpc_tau090_7k_optimizer.pth: No such file or directory
✗ /workspace/cf-374/experiments/2026-07-10_split_pred_rep/runs/bb_split_pred_rep_xftrip_nobn_enc3_emateach_sigreg_qk_aon_b512_cpc_tau090_7k_optimizer.pth: empty or missing — destination preserved
  (skip: /workspace/cf-374/experiments/2026-07-10_split_pred_rep/runs/bb_split_pred_rep_xftrip_nobn_enc3_emateach_sigreg_qk_aon_b512_cpc_tau090_7k_optimizer.pth not present or too small)
scp: /workspace/cf-374/experiments/2026-07-10_split_pred_rep/runs/bb_split_pred_rep_xftrip_nobn_enc3_emateach_sigreg_qk_aon_b512_cpc_tau090_10k.pth: No such file or directory
✗ /workspace/cf-374/experiments/2026-07-10_split_pred_rep/runs/bb_split_pred_rep_xftrip_nobn_enc3_emateach_sigreg_qk_aon_b512_cpc_tau090_10k.pth: empty or missing — destination preserved
  (skip: /workspace/cf-374/experiments/2026-07-10_split_pred_rep/runs/bb_split_pred_rep_xftrip_nobn_enc3_emateach_sigreg_qk_aon_b512_cpc_tau090_10k.pth not present or too small)
scp: /workspace/cf-374/experiments/2026-07-10_split_pred_rep/runs/bb_split_pred_rep_xftrip_nobn_enc3_emateach_sigreg_qk_aon_b512_cpc_tau090_10k_optimizer.pth: No such file or directory
✗ /workspace/cf-374/experiments/2026-07-10_split_pred_rep/runs/bb_split_pred_rep_xftrip_nobn_enc3_emateach_sigreg_qk_aon_b512_cpc_tau090_10k_optimizer.pth: empty or missing — destination preserved
  (skip: /workspace/cf-374/experiments/2026-07-10_split_pred_rep/runs/bb_split_pred_rep_xftrip_nobn_enc3_emateach_sigreg_qk_aon_b512_cpc_tau090_10k_optimizer.pth not present or too small)
scp: /workspace/cf-374/experiments/2026-07-10_split_pred_rep/runs/bb_split_pred_rep_xftrip_nobn_enc3_emateach_sigreg_qk_aon_b512_cpc_tau090_12k.pth: No such file or directory
✗ /workspace/cf-374/experiments/2026-07-10_split_pred_rep/runs/bb_split_pred_rep_xftrip_nobn_enc3_emateach_sigreg_qk_aon_b512_cpc_tau090_12k.pth: empty or missing — destination preserved
  (skip: /workspace/cf-374/experiments/2026-07-10_split_pred_rep/runs/bb_split_pred_rep_xftrip_nobn_enc3_emateach_sigreg_qk_aon_b512_cpc_tau090_12k.pth not present or too small)
scp: /workspace/cf-374/experiments/2026-07-10_split_pred_rep/runs/bb_split_pred_rep_xftrip_nobn_enc3_emateach_sigreg_qk_aon_b512_cpc_tau090_12k_optimizer.pth: No such file or directory
✗ /workspace/cf-374/experiments/2026-07-10_split_pred_rep/runs/bb_split_pred_rep_xftrip_nobn_enc3_emateach_sigreg_qk_aon_b512_cpc_tau090_12k_optimizer.pth: empty or missing — destination preserved
  (skip: /workspace/cf-374/experiments/2026-07-10_split_pred_rep/runs/bb_split_pred_rep_xftrip_nobn_enc3_emateach_sigreg_qk_aon_b512_cpc_tau090_12k_optimizer.pth not present or too small)
scp: /workspace/cf-374/experiments/2026-07-10_split_pred_rep/runs/bb_split_pred_rep_xftrip_nobn_enc3_emateach_sigreg_qk_aon_b512_cpc_tau090_final.pth: No such file or directory
✗ /workspace/cf-374/experiments/2026-07-10_split_pred_rep/runs/bb_split_pred_rep_xftrip_nobn_enc3_emateach_sigreg_qk_aon_b512_cpc_tau090_final.pth: empty or missing — destination preserved
  (skip: /workspace/cf-374/experiments/2026-07-10_split_pred_rep/runs/bb_split_pred_rep_xftrip_nobn_enc3_emateach_sigreg_qk_aon_b512_cpc_tau090_final.pth not present or too small)
scp: /workspace/cf-374/experiments/2026-07-10_split_pred_rep/runs/bb_split_pred_rep_xftrip_nobn_enc3_emateach_sigreg_qk_aon_b512_cpc_tau090_final_optimizer.pth: No such file or directory
✗ /workspace/cf-374/experiments/2026-07-10_split_pred_rep/runs/bb_split_pred_rep_xftrip_nobn_enc3_emateach_sigreg_qk_aon_b512_cpc_tau090_final_optimizer.pth: empty or missing — destination preserved
  (skip: /workspace/cf-374/experiments/2026-07-10_split_pred_rep/runs/bb_split_pred_rep_xftrip_nobn_enc3_emateach_sigreg_qk_aon_b512_cpc_tau090_final_optimizer.pth not present or too small)
scp: /workspace/cf-374/experiments/2026-07-10_split_pred_rep/runs/bb_split_pred_rep_xftrip_nobn_enc3_emateach_sigreg_qk_aon_b512_cpc_tau090_FINAL.pth: No such file or directory
✗ /workspace/cf-374/experiments/2026-07-10_split_pred_rep/runs/bb_split_pred_rep_xftrip_nobn_enc3_emateach_sigreg_qk_aon_b512_cpc_tau090_FINAL.pth: empty or missing — destination preserved
  (skip: /workspace/cf-374/experiments/2026-07-10_split_pred_rep/runs/bb_split_pred_rep_xftrip_nobn_enc3_emateach_sigreg_qk_aon_b512_cpc_tau090_FINAL.pth not present or too small)
✓ /workspace/cf-374/experiments/2026-07-10_split_pred_rep/results/run_bb_split_pred_rep_xftrip_nobn_enc3_emateach_sigreg_qk_aon_b512_cpc_tau090.log → /tmp/contrastive-forecasting-374/experiments/2026-07-10_split_pred_rep/results/run_bb_split_pred_rep_xftrip_nobn_enc3_emateach_sigreg_qk_aon_b512_cpc_tau090.log (13983 bytes)
[07-10 03:15:27] [sync-374] --- sleeping 900s ---
[07-10 03:30:27] [sync-374] tick
scp: /workspace/cf-374/experiments/2026-07-10_split_pred_rep/runs/bb_split_pred_rep_xftrip_nobn_enc3_emateach_sigreg_qk_aon_b512_cpc_tau090_best_gap.pth: No such file or directory
✗ /workspace/cf-374/experiments/2026-07-10_split_pred_rep/runs/bb_split_pred_rep_xftrip_nobn_enc3_emateach_sigreg_qk_aon_b512_cpc_tau090_best_gap.pth: empty or missing — destination preserved
  (skip: /workspace/cf-374/experiments/2026-07-10_split_pred_rep/runs/bb_split_pred_rep_xftrip_nobn_enc3_emateach_sigreg_qk_aon_b512_cpc_tau090_best_gap.pth not present or too small)
scp: /workspace/cf-374/experiments/2026-07-10_split_pred_rep/runs/bb_split_pred_rep_xftrip_nobn_enc3_emateach_sigreg_qk_aon_b512_cpc_tau090_best_gap_optimizer.pth: No such file or directory
✗ /workspace/cf-374/experiments/2026-07-10_split_pred_rep/runs/bb_split_pred_rep_xftrip_nobn_enc3_emateach_sigreg_qk_aon_b512_cpc_tau090_best_gap_optimizer.pth: empty or missing — destination preserved
  (skip: /workspace/cf-374/experiments/2026-07-10_split_pred_rep/runs/bb_split_pred_rep_xftrip_nobn_enc3_emateach_sigreg_qk_aon_b512_cpc_tau090_best_gap_optimizer.pth not present or too small)
scp: /workspace/cf-374/experiments/2026-07-10_split_pred_rep/runs/bb_split_pred_rep_xftrip_nobn_enc3_emateach_sigreg_qk_aon_b512_cpc_tau090_best_loss.pth: No such file or directory
✗ /workspace/cf-374/experiments/2026-07-10_split_pred_rep/runs/bb_split_pred_rep_xftrip_nobn_enc3_emateach_sigreg_qk_aon_b512_cpc_tau090_best_loss.pth: empty or missing — destination preserved
  (skip: /workspace/cf-374/experiments/2026-07-10_split_pred_rep/runs/bb_split_pred_rep_xftrip_nobn_enc3_emateach_sigreg_qk_aon_b512_cpc_tau090_best_loss.pth not present or too small)
scp: /workspace/cf-374/experiments/2026-07-10_split_pred_rep/runs/bb_split_pred_rep_xftrip_nobn_enc3_emateach_sigreg_qk_aon_b512_cpc_tau090_best_loss_optimizer.pth: No such file or directory
✗ /workspace/cf-374/experiments/2026-07-10_split_pred_rep/runs/bb_split_pred_rep_xftrip_nobn_enc3_emateach_sigreg_qk_aon_b512_cpc_tau090_best_loss_optimizer.pth: empty or missing — destination preserved
  (skip: /workspace/cf-374/experiments/2026-07-10_split_pred_rep/runs/bb_split_pred_rep_xftrip_nobn_enc3_emateach_sigreg_qk_aon_b512_cpc_tau090_best_loss_optimizer.pth not present or too small)
✓ /workspace/cf-374/experiments/2026-07-10_split_pred_rep/runs/bb_split_pred_rep_xftrip_nobn_enc3_emateach_sigreg_qk_aon_b512_cpc_tau090_losses.csv → /tmp/contrastive-forecasting-374/experiments/2026-07-10_split_pred_rep/runs/bb_split_pred_rep_xftrip_nobn_enc3_emateach_sigreg_qk_aon_b512_cpc_tau090_losses.csv (2476401 bytes)
✓ /workspace/cf-374/experiments/2026-07-10_split_pred_rep/runs/bb_split_pred_rep_xftrip_nobn_enc3_emateach_sigreg_qk_aon_b512_cpc_tau090_attn_amplitude.csv → /tmp/contrastive-forecasting-374/experiments/2026-07-10_split_pred_rep/runs/bb_split_pred_rep_xftrip_nobn_enc3_emateach_sigreg_qk_aon_b512_cpc_tau090_attn_amplitude.csv (30728 bytes)
✓ /workspace/cf-374/experiments/2026-07-10_split_pred_rep/runs/bb_split_pred_rep_xftrip_nobn_enc3_emateach_sigreg_qk_aon_b512_cpc_tau090_2k.pth → /tmp/contrastive-forecasting-374/experiments/2026-07-10_split_pred_rep/runs/bb_split_pred_rep_xftrip_nobn_enc3_emateach_sigreg_qk_aon_b512_cpc_tau090_2k.pth (90948804 bytes)
✓ /workspace/cf-374/experiments/2026-07-10_split_pred_rep/runs/bb_split_pred_rep_xftrip_nobn_enc3_emateach_sigreg_qk_aon_b512_cpc_tau090_2k_optimizer.pth → /tmp/contrastive-forecasting-374/experiments/2026-07-10_split_pred_rep/runs/bb_split_pred_rep_xftrip_nobn_enc3_emateach_sigreg_qk_aon_b512_cpc_tau090_2k_optimizer.pth (132957931 bytes)
✓ /workspace/cf-374/experiments/2026-07-10_split_pred_rep/runs/bb_split_pred_rep_xftrip_nobn_enc3_emateach_sigreg_qk_aon_b512_cpc_tau090_5k.pth → /tmp/contrastive-forecasting-374/experiments/2026-07-10_split_pred_rep/runs/bb_split_pred_rep_xftrip_nobn_enc3_emateach_sigreg_qk_aon_b512_cpc_tau090_5k.pth (90948804 bytes)
✓ /workspace/cf-374/experiments/2026-07-10_split_pred_rep/runs/bb_split_pred_rep_xftrip_nobn_enc3_emateach_sigreg_qk_aon_b512_cpc_tau090_5k_optimizer.pth → /tmp/contrastive-forecasting-374/experiments/2026-07-10_split_pred_rep/runs/bb_split_pred_rep_xftrip_nobn_enc3_emateach_sigreg_qk_aon_b512_cpc_tau090_5k_optimizer.pth (132957931 bytes)
scp: /workspace/cf-374/experiments/2026-07-10_split_pred_rep/runs/bb_split_pred_rep_xftrip_nobn_enc3_emateach_sigreg_qk_aon_b512_cpc_tau090_7k.pth: No such file or directory
✗ /workspace/cf-374/experiments/2026-07-10_split_pred_rep/runs/bb_split_pred_rep_xftrip_nobn_enc3_emateach_sigreg_qk_aon_b512_cpc_tau090_7k.pth: empty or missing — destination preserved
  (skip: /workspace/cf-374/experiments/2026-07-10_split_pred_rep/runs/bb_split_pred_rep_xftrip_nobn_enc3_emateach_sigreg_qk_aon_b512_cpc_tau090_7k.pth not present or too small)
scp: /workspace/cf-374/experiments/2026-07-10_split_pred_rep/runs/bb_split_pred_rep_xftrip_nobn_enc3_emateach_sigreg_qk_aon_b512_cpc_tau090_7k_optimizer.pth: No such file or directory
✗ /workspace/cf-374/experiments/2026-07-10_split_pred_rep/runs/bb_split_pred_rep_xftrip_nobn_enc3_emateach_sigreg_qk_aon_b512_cpc_tau090_7k_optimizer.pth: empty or missing — destination preserved
  (skip: /workspace/cf-374/experiments/2026-07-10_split_pred_rep/runs/bb_split_pred_rep_xftrip_nobn_enc3_emateach_sigreg_qk_aon_b512_cpc_tau090_7k_optimizer.pth not present or too small)
scp: /workspace/cf-374/experiments/2026-07-10_split_pred_rep/runs/bb_split_pred_rep_xftrip_nobn_enc3_emateach_sigreg_qk_aon_b512_cpc_tau090_10k.pth: No such file or directory
✗ /workspace/cf-374/experiments/2026-07-10_split_pred_rep/runs/bb_split_pred_rep_xftrip_nobn_enc3_emateach_sigreg_qk_aon_b512_cpc_tau090_10k.pth: empty or missing — destination preserved
  (skip: /workspace/cf-374/experiments/2026-07-10_split_pred_rep/runs/bb_split_pred_rep_xftrip_nobn_enc3_emateach_sigreg_qk_aon_b512_cpc_tau090_10k.pth not present or too small)
scp: /workspace/cf-374/experiments/2026-07-10_split_pred_rep/runs/bb_split_pred_rep_xftrip_nobn_enc3_emateach_sigreg_qk_aon_b512_cpc_tau090_10k_optimizer.pth: No such file or directory
✗ /workspace/cf-374/experiments/2026-07-10_split_pred_rep/runs/bb_split_pred_rep_xftrip_nobn_enc3_emateach_sigreg_qk_aon_b512_cpc_tau090_10k_optimizer.pth: empty or missing — destination preserved
  (skip: /workspace/cf-374/experiments/2026-07-10_split_pred_rep/runs/bb_split_pred_rep_xftrip_nobn_enc3_emateach_sigreg_qk_aon_b512_cpc_tau090_10k_optimizer.pth not present or too small)
scp: /workspace/cf-374/experiments/2026-07-10_split_pred_rep/runs/bb_split_pred_rep_xftrip_nobn_enc3_emateach_sigreg_qk_aon_b512_cpc_tau090_12k.pth: No such file or directory
✗ /workspace/cf-374/experiments/2026-07-10_split_pred_rep/runs/bb_split_pred_rep_xftrip_nobn_enc3_emateach_sigreg_qk_aon_b512_cpc_tau090_12k.pth: empty or missing — destination preserved
  (skip: /workspace/cf-374/experiments/2026-07-10_split_pred_rep/runs/bb_split_pred_rep_xftrip_nobn_enc3_emateach_sigreg_qk_aon_b512_cpc_tau090_12k.pth not present or too small)
scp: /workspace/cf-374/experiments/2026-07-10_split_pred_rep/runs/bb_split_pred_rep_xftrip_nobn_enc3_emateach_sigreg_qk_aon_b512_cpc_tau090_12k_optimizer.pth: No such file or directory
✗ /workspace/cf-374/experiments/2026-07-10_split_pred_rep/runs/bb_split_pred_rep_xftrip_nobn_enc3_emateach_sigreg_qk_aon_b512_cpc_tau090_12k_optimizer.pth: empty or missing — destination preserved
  (skip: /workspace/cf-374/experiments/2026-07-10_split_pred_rep/runs/bb_split_pred_rep_xftrip_nobn_enc3_emateach_sigreg_qk_aon_b512_cpc_tau090_12k_optimizer.pth not present or too small)
scp: /workspace/cf-374/experiments/2026-07-10_split_pred_rep/runs/bb_split_pred_rep_xftrip_nobn_enc3_emateach_sigreg_qk_aon_b512_cpc_tau090_final.pth: No such file or directory
✗ /workspace/cf-374/experiments/2026-07-10_split_pred_rep/runs/bb_split_pred_rep_xftrip_nobn_enc3_emateach_sigreg_qk_aon_b512_cpc_tau090_final.pth: empty or missing — destination preserved
  (skip: /workspace/cf-374/experiments/2026-07-10_split_pred_rep/runs/bb_split_pred_rep_xftrip_nobn_enc3_emateach_sigreg_qk_aon_b512_cpc_tau090_final.pth not present or too small)
scp: /workspace/cf-374/experiments/2026-07-10_split_pred_rep/runs/bb_split_pred_rep_xftrip_nobn_enc3_emateach_sigreg_qk_aon_b512_cpc_tau090_final_optimizer.pth: No such file or directory
✗ /workspace/cf-374/experiments/2026-07-10_split_pred_rep/runs/bb_split_pred_rep_xftrip_nobn_enc3_emateach_sigreg_qk_aon_b512_cpc_tau090_final_optimizer.pth: empty or missing — destination preserved
  (skip: /workspace/cf-374/experiments/2026-07-10_split_pred_rep/runs/bb_split_pred_rep_xftrip_nobn_enc3_emateach_sigreg_qk_aon_b512_cpc_tau090_final_optimizer.pth not present or too small)
scp: /workspace/cf-374/experiments/2026-07-10_split_pred_rep/runs/bb_split_pred_rep_xftrip_nobn_enc3_emateach_sigreg_qk_aon_b512_cpc_tau090_FINAL.pth: No such file or directory
✗ /workspace/cf-374/experiments/2026-07-10_split_pred_rep/runs/bb_split_pred_rep_xftrip_nobn_enc3_emateach_sigreg_qk_aon_b512_cpc_tau090_FINAL.pth: empty or missing — destination preserved
  (skip: /workspace/cf-374/experiments/2026-07-10_split_pred_rep/runs/bb_split_pred_rep_xftrip_nobn_enc3_emateach_sigreg_qk_aon_b512_cpc_tau090_FINAL.pth not present or too small)
✓ /workspace/cf-374/experiments/2026-07-10_split_pred_rep/results/run_bb_split_pred_rep_xftrip_nobn_enc3_emateach_sigreg_qk_aon_b512_cpc_tau090.log → /tmp/contrastive-forecasting-374/experiments/2026-07-10_split_pred_rep/results/run_bb_split_pred_rep_xftrip_nobn_enc3_emateach_sigreg_qk_aon_b512_cpc_tau090.log (16736 bytes)
[07-10 03:33:53] [sync-374] --- sleeping 900s ---
[07-10 03:48:53] [sync-374] tick
scp: /workspace/cf-374/experiments/2026-07-10_split_pred_rep/runs/bb_split_pred_rep_xftrip_nobn_enc3_emateach_sigreg_qk_aon_b512_cpc_tau090_best_gap.pth: No such file or directory
✗ /workspace/cf-374/experiments/2026-07-10_split_pred_rep/runs/bb_split_pred_rep_xftrip_nobn_enc3_emateach_sigreg_qk_aon_b512_cpc_tau090_best_gap.pth: empty or missing — destination preserved
  (skip: /workspace/cf-374/experiments/2026-07-10_split_pred_rep/runs/bb_split_pred_rep_xftrip_nobn_enc3_emateach_sigreg_qk_aon_b512_cpc_tau090_best_gap.pth not present or too small)
scp: /workspace/cf-374/experiments/2026-07-10_split_pred_rep/runs/bb_split_pred_rep_xftrip_nobn_enc3_emateach_sigreg_qk_aon_b512_cpc_tau090_best_gap_optimizer.pth: No such file or directory
✗ /workspace/cf-374/experiments/2026-07-10_split_pred_rep/runs/bb_split_pred_rep_xftrip_nobn_enc3_emateach_sigreg_qk_aon_b512_cpc_tau090_best_gap_optimizer.pth: empty or missing — destination preserved
  (skip: /workspace/cf-374/experiments/2026-07-10_split_pred_rep/runs/bb_split_pred_rep_xftrip_nobn_enc3_emateach_sigreg_qk_aon_b512_cpc_tau090_best_gap_optimizer.pth not present or too small)
scp: /workspace/cf-374/experiments/2026-07-10_split_pred_rep/runs/bb_split_pred_rep_xftrip_nobn_enc3_emateach_sigreg_qk_aon_b512_cpc_tau090_best_loss.pth: No such file or directory
✗ /workspace/cf-374/experiments/2026-07-10_split_pred_rep/runs/bb_split_pred_rep_xftrip_nobn_enc3_emateach_sigreg_qk_aon_b512_cpc_tau090_best_loss.pth: empty or missing — destination preserved
  (skip: /workspace/cf-374/experiments/2026-07-10_split_pred_rep/runs/bb_split_pred_rep_xftrip_nobn_enc3_emateach_sigreg_qk_aon_b512_cpc_tau090_best_loss.pth not present or too small)
scp: /workspace/cf-374/experiments/2026-07-10_split_pred_rep/runs/bb_split_pred_rep_xftrip_nobn_enc3_emateach_sigreg_qk_aon_b512_cpc_tau090_best_loss_optimizer.pth: No such file or directory
✗ /workspace/cf-374/experiments/2026-07-10_split_pred_rep/runs/bb_split_pred_rep_xftrip_nobn_enc3_emateach_sigreg_qk_aon_b512_cpc_tau090_best_loss_optimizer.pth: empty or missing — destination preserved
  (skip: /workspace/cf-374/experiments/2026-07-10_split_pred_rep/runs/bb_split_pred_rep_xftrip_nobn_enc3_emateach_sigreg_qk_aon_b512_cpc_tau090_best_loss_optimizer.pth not present or too small)
✓ /workspace/cf-374/experiments/2026-07-10_split_pred_rep/runs/bb_split_pred_rep_xftrip_nobn_enc3_emateach_sigreg_qk_aon_b512_cpc_tau090_losses.csv → /tmp/contrastive-forecasting-374/experiments/2026-07-10_split_pred_rep/runs/bb_split_pred_rep_xftrip_nobn_enc3_emateach_sigreg_qk_aon_b512_cpc_tau090_losses.csv (2889677 bytes)
✓ /workspace/cf-374/experiments/2026-07-10_split_pred_rep/runs/bb_split_pred_rep_xftrip_nobn_enc3_emateach_sigreg_qk_aon_b512_cpc_tau090_attn_amplitude.csv → /tmp/contrastive-forecasting-374/experiments/2026-07-10_split_pred_rep/runs/bb_split_pred_rep_xftrip_nobn_enc3_emateach_sigreg_qk_aon_b512_cpc_tau090_attn_amplitude.csv (36402 bytes)
✓ /workspace/cf-374/experiments/2026-07-10_split_pred_rep/runs/bb_split_pred_rep_xftrip_nobn_enc3_emateach_sigreg_qk_aon_b512_cpc_tau090_2k.pth → /tmp/contrastive-forecasting-374/experiments/2026-07-10_split_pred_rep/runs/bb_split_pred_rep_xftrip_nobn_enc3_emateach_sigreg_qk_aon_b512_cpc_tau090_2k.pth (90948804 bytes)
✓ /workspace/cf-374/experiments/2026-07-10_split_pred_rep/runs/bb_split_pred_rep_xftrip_nobn_enc3_emateach_sigreg_qk_aon_b512_cpc_tau090_2k_optimizer.pth → /tmp/contrastive-forecasting-374/experiments/2026-07-10_split_pred_rep/runs/bb_split_pred_rep_xftrip_nobn_enc3_emateach_sigreg_qk_aon_b512_cpc_tau090_2k_optimizer.pth (132957931 bytes)
✓ /workspace/cf-374/experiments/2026-07-10_split_pred_rep/runs/bb_split_pred_rep_xftrip_nobn_enc3_emateach_sigreg_qk_aon_b512_cpc_tau090_5k.pth → /tmp/contrastive-forecasting-374/experiments/2026-07-10_split_pred_rep/runs/bb_split_pred_rep_xftrip_nobn_enc3_emateach_sigreg_qk_aon_b512_cpc_tau090_5k.pth (90948804 bytes)
✓ /workspace/cf-374/experiments/2026-07-10_split_pred_rep/runs/bb_split_pred_rep_xftrip_nobn_enc3_emateach_sigreg_qk_aon_b512_cpc_tau090_5k_optimizer.pth → /tmp/contrastive-forecasting-374/experiments/2026-07-10_split_pred_rep/runs/bb_split_pred_rep_xftrip_nobn_enc3_emateach_sigreg_qk_aon_b512_cpc_tau090_5k_optimizer.pth (132957931 bytes)
scp: /workspace/cf-374/experiments/2026-07-10_split_pred_rep/runs/bb_split_pred_rep_xftrip_nobn_enc3_emateach_sigreg_qk_aon_b512_cpc_tau090_7k.pth: No such file or directory
✗ /workspace/cf-374/experiments/2026-07-10_split_pred_rep/runs/bb_split_pred_rep_xftrip_nobn_enc3_emateach_sigreg_qk_aon_b512_cpc_tau090_7k.pth: empty or missing — destination preserved
  (skip: /workspace/cf-374/experiments/2026-07-10_split_pred_rep/runs/bb_split_pred_rep_xftrip_nobn_enc3_emateach_sigreg_qk_aon_b512_cpc_tau090_7k.pth not present or too small)
scp: /workspace/cf-374/experiments/2026-07-10_split_pred_rep/runs/bb_split_pred_rep_xftrip_nobn_enc3_emateach_sigreg_qk_aon_b512_cpc_tau090_7k_optimizer.pth: No such file or directory
✗ /workspace/cf-374/experiments/2026-07-10_split_pred_rep/runs/bb_split_pred_rep_xftrip_nobn_enc3_emateach_sigreg_qk_aon_b512_cpc_tau090_7k_optimizer.pth: empty or missing — destination preserved
  (skip: /workspace/cf-374/experiments/2026-07-10_split_pred_rep/runs/bb_split_pred_rep_xftrip_nobn_enc3_emateach_sigreg_qk_aon_b512_cpc_tau090_7k_optimizer.pth not present or too small)
scp: /workspace/cf-374/experiments/2026-07-10_split_pred_rep/runs/bb_split_pred_rep_xftrip_nobn_enc3_emateach_sigreg_qk_aon_b512_cpc_tau090_10k.pth: No such file or directory
✗ /workspace/cf-374/experiments/2026-07-10_split_pred_rep/runs/bb_split_pred_rep_xftrip_nobn_enc3_emateach_sigreg_qk_aon_b512_cpc_tau090_10k.pth: empty or missing — destination preserved
  (skip: /workspace/cf-374/experiments/2026-07-10_split_pred_rep/runs/bb_split_pred_rep_xftrip_nobn_enc3_emateach_sigreg_qk_aon_b512_cpc_tau090_10k.pth not present or too small)
scp: /workspace/cf-374/experiments/2026-07-10_split_pred_rep/runs/bb_split_pred_rep_xftrip_nobn_enc3_emateach_sigreg_qk_aon_b512_cpc_tau090_10k_optimizer.pth: No such file or directory
✗ /workspace/cf-374/experiments/2026-07-10_split_pred_rep/runs/bb_split_pred_rep_xftrip_nobn_enc3_emateach_sigreg_qk_aon_b512_cpc_tau090_10k_optimizer.pth: empty or missing — destination preserved
  (skip: /workspace/cf-374/experiments/2026-07-10_split_pred_rep/runs/bb_split_pred_rep_xftrip_nobn_enc3_emateach_sigreg_qk_aon_b512_cpc_tau090_10k_optimizer.pth not present or too small)
scp: /workspace/cf-374/experiments/2026-07-10_split_pred_rep/runs/bb_split_pred_rep_xftrip_nobn_enc3_emateach_sigreg_qk_aon_b512_cpc_tau090_12k.pth: No such file or directory
✗ /workspace/cf-374/experiments/2026-07-10_split_pred_rep/runs/bb_split_pred_rep_xftrip_nobn_enc3_emateach_sigreg_qk_aon_b512_cpc_tau090_12k.pth: empty or missing — destination preserved
  (skip: /workspace/cf-374/experiments/2026-07-10_split_pred_rep/runs/bb_split_pred_rep_xftrip_nobn_enc3_emateach_sigreg_qk_aon_b512_cpc_tau090_12k.pth not present or too small)
scp: /workspace/cf-374/experiments/2026-07-10_split_pred_rep/runs/bb_split_pred_rep_xftrip_nobn_enc3_emateach_sigreg_qk_aon_b512_cpc_tau090_12k_optimizer.pth: No such file or directory
✗ /workspace/cf-374/experiments/2026-07-10_split_pred_rep/runs/bb_split_pred_rep_xftrip_nobn_enc3_emateach_sigreg_qk_aon_b512_cpc_tau090_12k_optimizer.pth: empty or missing — destination preserved
  (skip: /workspace/cf-374/experiments/2026-07-10_split_pred_rep/runs/bb_split_pred_rep_xftrip_nobn_enc3_emateach_sigreg_qk_aon_b512_cpc_tau090_12k_optimizer.pth not present or too small)
scp: /workspace/cf-374/experiments/2026-07-10_split_pred_rep/runs/bb_split_pred_rep_xftrip_nobn_enc3_emateach_sigreg_qk_aon_b512_cpc_tau090_final.pth: No such file or directory
✗ /workspace/cf-374/experiments/2026-07-10_split_pred_rep/runs/bb_split_pred_rep_xftrip_nobn_enc3_emateach_sigreg_qk_aon_b512_cpc_tau090_final.pth: empty or missing — destination preserved
  (skip: /workspace/cf-374/experiments/2026-07-10_split_pred_rep/runs/bb_split_pred_rep_xftrip_nobn_enc3_emateach_sigreg_qk_aon_b512_cpc_tau090_final.pth not present or too small)
scp: /workspace/cf-374/experiments/2026-07-10_split_pred_rep/runs/bb_split_pred_rep_xftrip_nobn_enc3_emateach_sigreg_qk_aon_b512_cpc_tau090_final_optimizer.pth: No such file or directory
✗ /workspace/cf-374/experiments/2026-07-10_split_pred_rep/runs/bb_split_pred_rep_xftrip_nobn_enc3_emateach_sigreg_qk_aon_b512_cpc_tau090_final_optimizer.pth: empty or missing — destination preserved
  (skip: /workspace/cf-374/experiments/2026-07-10_split_pred_rep/runs/bb_split_pred_rep_xftrip_nobn_enc3_emateach_sigreg_qk_aon_b512_cpc_tau090_final_optimizer.pth not present or too small)
scp: /workspace/cf-374/experiments/2026-07-10_split_pred_rep/runs/bb_split_pred_rep_xftrip_nobn_enc3_emateach_sigreg_qk_aon_b512_cpc_tau090_FINAL.pth: No such file or directory
✗ /workspace/cf-374/experiments/2026-07-10_split_pred_rep/runs/bb_split_pred_rep_xftrip_nobn_enc3_emateach_sigreg_qk_aon_b512_cpc_tau090_FINAL.pth: empty or missing — destination preserved
  (skip: /workspace/cf-374/experiments/2026-07-10_split_pred_rep/runs/bb_split_pred_rep_xftrip_nobn_enc3_emateach_sigreg_qk_aon_b512_cpc_tau090_FINAL.pth not present or too small)
✓ /workspace/cf-374/experiments/2026-07-10_split_pred_rep/results/run_bb_split_pred_rep_xftrip_nobn_enc3_emateach_sigreg_qk_aon_b512_cpc_tau090.log → /tmp/contrastive-forecasting-374/experiments/2026-07-10_split_pred_rep/results/run_bb_split_pred_rep_xftrip_nobn_enc3_emateach_sigreg_qk_aon_b512_cpc_tau090.log (19490 bytes)
[07-10 03:52:20] [sync-374] --- sleeping 900s ---
[07-10 04:07:20] [sync-374] tick
scp: /workspace/cf-374/experiments/2026-07-10_split_pred_rep/runs/bb_split_pred_rep_xftrip_nobn_enc3_emateach_sigreg_qk_aon_b512_cpc_tau090_best_gap.pth: No such file or directory
✗ /workspace/cf-374/experiments/2026-07-10_split_pred_rep/runs/bb_split_pred_rep_xftrip_nobn_enc3_emateach_sigreg_qk_aon_b512_cpc_tau090_best_gap.pth: empty or missing — destination preserved
  (skip: /workspace/cf-374/experiments/2026-07-10_split_pred_rep/runs/bb_split_pred_rep_xftrip_nobn_enc3_emateach_sigreg_qk_aon_b512_cpc_tau090_best_gap.pth not present or too small)
scp: /workspace/cf-374/experiments/2026-07-10_split_pred_rep/runs/bb_split_pred_rep_xftrip_nobn_enc3_emateach_sigreg_qk_aon_b512_cpc_tau090_best_gap_optimizer.pth: No such file or directory
✗ /workspace/cf-374/experiments/2026-07-10_split_pred_rep/runs/bb_split_pred_rep_xftrip_nobn_enc3_emateach_sigreg_qk_aon_b512_cpc_tau090_best_gap_optimizer.pth: empty or missing — destination preserved
  (skip: /workspace/cf-374/experiments/2026-07-10_split_pred_rep/runs/bb_split_pred_rep_xftrip_nobn_enc3_emateach_sigreg_qk_aon_b512_cpc_tau090_best_gap_optimizer.pth not present or too small)
scp: /workspace/cf-374/experiments/2026-07-10_split_pred_rep/runs/bb_split_pred_rep_xftrip_nobn_enc3_emateach_sigreg_qk_aon_b512_cpc_tau090_best_loss.pth: No such file or directory
✗ /workspace/cf-374/experiments/2026-07-10_split_pred_rep/runs/bb_split_pred_rep_xftrip_nobn_enc3_emateach_sigreg_qk_aon_b512_cpc_tau090_best_loss.pth: empty or missing — destination preserved
  (skip: /workspace/cf-374/experiments/2026-07-10_split_pred_rep/runs/bb_split_pred_rep_xftrip_nobn_enc3_emateach_sigreg_qk_aon_b512_cpc_tau090_best_loss.pth not present or too small)
scp: /workspace/cf-374/experiments/2026-07-10_split_pred_rep/runs/bb_split_pred_rep_xftrip_nobn_enc3_emateach_sigreg_qk_aon_b512_cpc_tau090_best_loss_optimizer.pth: No such file or directory
✗ /workspace/cf-374/experiments/2026-07-10_split_pred_rep/runs/bb_split_pred_rep_xftrip_nobn_enc3_emateach_sigreg_qk_aon_b512_cpc_tau090_best_loss_optimizer.pth: empty or missing — destination preserved
  (skip: /workspace/cf-374/experiments/2026-07-10_split_pred_rep/runs/bb_split_pred_rep_xftrip_nobn_enc3_emateach_sigreg_qk_aon_b512_cpc_tau090_best_loss_optimizer.pth not present or too small)
✓ /workspace/cf-374/experiments/2026-07-10_split_pred_rep/runs/bb_split_pred_rep_xftrip_nobn_enc3_emateach_sigreg_qk_aon_b512_cpc_tau090_losses.csv → /tmp/contrastive-forecasting-374/experiments/2026-07-10_split_pred_rep/runs/bb_split_pred_rep_xftrip_nobn_enc3_emateach_sigreg_qk_aon_b512_cpc_tau090_losses.csv (3349742 bytes)
✓ /workspace/cf-374/experiments/2026-07-10_split_pred_rep/runs/bb_split_pred_rep_xftrip_nobn_enc3_emateach_sigreg_qk_aon_b512_cpc_tau090_attn_amplitude.csv → /tmp/contrastive-forecasting-374/experiments/2026-07-10_split_pred_rep/runs/bb_split_pred_rep_xftrip_nobn_enc3_emateach_sigreg_qk_aon_b512_cpc_tau090_attn_amplitude.csv (42087 bytes)
✓ /workspace/cf-374/experiments/2026-07-10_split_pred_rep/runs/bb_split_pred_rep_xftrip_nobn_enc3_emateach_sigreg_qk_aon_b512_cpc_tau090_2k.pth → /tmp/contrastive-forecasting-374/experiments/2026-07-10_split_pred_rep/runs/bb_split_pred_rep_xftrip_nobn_enc3_emateach_sigreg_qk_aon_b512_cpc_tau090_2k.pth (90948804 bytes)
✓ /workspace/cf-374/experiments/2026-07-10_split_pred_rep/runs/bb_split_pred_rep_xftrip_nobn_enc3_emateach_sigreg_qk_aon_b512_cpc_tau090_2k_optimizer.pth → /tmp/contrastive-forecasting-374/experiments/2026-07-10_split_pred_rep/runs/bb_split_pred_rep_xftrip_nobn_enc3_emateach_sigreg_qk_aon_b512_cpc_tau090_2k_optimizer.pth (132957931 bytes)
✓ /workspace/cf-374/experiments/2026-07-10_split_pred_rep/runs/bb_split_pred_rep_xftrip_nobn_enc3_emateach_sigreg_qk_aon_b512_cpc_tau090_5k.pth → /tmp/contrastive-forecasting-374/experiments/2026-07-10_split_pred_rep/runs/bb_split_pred_rep_xftrip_nobn_enc3_emateach_sigreg_qk_aon_b512_cpc_tau090_5k.pth (90948804 bytes)
✓ /workspace/cf-374/experiments/2026-07-10_split_pred_rep/runs/bb_split_pred_rep_xftrip_nobn_enc3_emateach_sigreg_qk_aon_b512_cpc_tau090_5k_optimizer.pth → /tmp/contrastive-forecasting-374/experiments/2026-07-10_split_pred_rep/runs/bb_split_pred_rep_xftrip_nobn_enc3_emateach_sigreg_qk_aon_b512_cpc_tau090_5k_optimizer.pth (132957931 bytes)
✓ /workspace/cf-374/experiments/2026-07-10_split_pred_rep/runs/bb_split_pred_rep_xftrip_nobn_enc3_emateach_sigreg_qk_aon_b512_cpc_tau090_7k.pth → /tmp/contrastive-forecasting-374/experiments/2026-07-10_split_pred_rep/runs/bb_split_pred_rep_xftrip_nobn_enc3_emateach_sigreg_qk_aon_b512_cpc_tau090_7k.pth (90948804 bytes)
✓ /workspace/cf-374/experiments/2026-07-10_split_pred_rep/runs/bb_split_pred_rep_xftrip_nobn_enc3_emateach_sigreg_qk_aon_b512_cpc_tau090_7k_optimizer.pth → /tmp/contrastive-forecasting-374/experiments/2026-07-10_split_pred_rep/runs/bb_split_pred_rep_xftrip_nobn_enc3_emateach_sigreg_qk_aon_b512_cpc_tau090_7k_optimizer.pth (132957931 bytes)
scp: /workspace/cf-374/experiments/2026-07-10_split_pred_rep/runs/bb_split_pred_rep_xftrip_nobn_enc3_emateach_sigreg_qk_aon_b512_cpc_tau090_10k.pth: No such file or directory
✗ /workspace/cf-374/experiments/2026-07-10_split_pred_rep/runs/bb_split_pred_rep_xftrip_nobn_enc3_emateach_sigreg_qk_aon_b512_cpc_tau090_10k.pth: empty or missing — destination preserved
  (skip: /workspace/cf-374/experiments/2026-07-10_split_pred_rep/runs/bb_split_pred_rep_xftrip_nobn_enc3_emateach_sigreg_qk_aon_b512_cpc_tau090_10k.pth not present or too small)
scp: /workspace/cf-374/experiments/2026-07-10_split_pred_rep/runs/bb_split_pred_rep_xftrip_nobn_enc3_emateach_sigreg_qk_aon_b512_cpc_tau090_10k_optimizer.pth: No such file or directory
✗ /workspace/cf-374/experiments/2026-07-10_split_pred_rep/runs/bb_split_pred_rep_xftrip_nobn_enc3_emateach_sigreg_qk_aon_b512_cpc_tau090_10k_optimizer.pth: empty or missing — destination preserved
  (skip: /workspace/cf-374/experiments/2026-07-10_split_pred_rep/runs/bb_split_pred_rep_xftrip_nobn_enc3_emateach_sigreg_qk_aon_b512_cpc_tau090_10k_optimizer.pth not present or too small)
scp: /workspace/cf-374/experiments/2026-07-10_split_pred_rep/runs/bb_split_pred_rep_xftrip_nobn_enc3_emateach_sigreg_qk_aon_b512_cpc_tau090_12k.pth: No such file or directory
✗ /workspace/cf-374/experiments/2026-07-10_split_pred_rep/runs/bb_split_pred_rep_xftrip_nobn_enc3_emateach_sigreg_qk_aon_b512_cpc_tau090_12k.pth: empty or missing — destination preserved
  (skip: /workspace/cf-374/experiments/2026-07-10_split_pred_rep/runs/bb_split_pred_rep_xftrip_nobn_enc3_emateach_sigreg_qk_aon_b512_cpc_tau090_12k.pth not present or too small)
scp: /workspace/cf-374/experiments/2026-07-10_split_pred_rep/runs/bb_split_pred_rep_xftrip_nobn_enc3_emateach_sigreg_qk_aon_b512_cpc_tau090_12k_optimizer.pth: No such file or directory
✗ /workspace/cf-374/experiments/2026-07-10_split_pred_rep/runs/bb_split_pred_rep_xftrip_nobn_enc3_emateach_sigreg_qk_aon_b512_cpc_tau090_12k_optimizer.pth: empty or missing — destination preserved
  (skip: /workspace/cf-374/experiments/2026-07-10_split_pred_rep/runs/bb_split_pred_rep_xftrip_nobn_enc3_emateach_sigreg_qk_aon_b512_cpc_tau090_12k_optimizer.pth not present or too small)
scp: /workspace/cf-374/experiments/2026-07-10_split_pred_rep/runs/bb_split_pred_rep_xftrip_nobn_enc3_emateach_sigreg_qk_aon_b512_cpc_tau090_final.pth: No such file or directory
✗ /workspace/cf-374/experiments/2026-07-10_split_pred_rep/runs/bb_split_pred_rep_xftrip_nobn_enc3_emateach_sigreg_qk_aon_b512_cpc_tau090_final.pth: empty or missing — destination preserved
  (skip: /workspace/cf-374/experiments/2026-07-10_split_pred_rep/runs/bb_split_pred_rep_xftrip_nobn_enc3_emateach_sigreg_qk_aon_b512_cpc_tau090_final.pth not present or too small)
scp: /workspace/cf-374/experiments/2026-07-10_split_pred_rep/runs/bb_split_pred_rep_xftrip_nobn_enc3_emateach_sigreg_qk_aon_b512_cpc_tau090_final_optimizer.pth: No such file or directory
✗ /workspace/cf-374/experiments/2026-07-10_split_pred_rep/runs/bb_split_pred_rep_xftrip_nobn_enc3_emateach_sigreg_qk_aon_b512_cpc_tau090_final_optimizer.pth: empty or missing — destination preserved
  (skip: /workspace/cf-374/experiments/2026-07-10_split_pred_rep/runs/bb_split_pred_rep_xftrip_nobn_enc3_emateach_sigreg_qk_aon_b512_cpc_tau090_final_optimizer.pth not present or too small)
scp: /workspace/cf-374/experiments/2026-07-10_split_pred_rep/runs/bb_split_pred_rep_xftrip_nobn_enc3_emateach_sigreg_qk_aon_b512_cpc_tau090_FINAL.pth: No such file or directory
✗ /workspace/cf-374/experiments/2026-07-10_split_pred_rep/runs/bb_split_pred_rep_xftrip_nobn_enc3_emateach_sigreg_qk_aon_b512_cpc_tau090_FINAL.pth: empty or missing — destination preserved
  (skip: /workspace/cf-374/experiments/2026-07-10_split_pred_rep/runs/bb_split_pred_rep_xftrip_nobn_enc3_emateach_sigreg_qk_aon_b512_cpc_tau090_FINAL.pth not present or too small)
✓ /workspace/cf-374/experiments/2026-07-10_split_pred_rep/results/run_bb_split_pred_rep_xftrip_nobn_enc3_emateach_sigreg_qk_aon_b512_cpc_tau090.log → /tmp/contrastive-forecasting-374/experiments/2026-07-10_split_pred_rep/results/run_bb_split_pred_rep_xftrip_nobn_enc3_emateach_sigreg_qk_aon_b512_cpc_tau090.log (22672 bytes)
[07-10 04:13:06] [sync-374] --- sleeping 900s ---
[07-10 04:28:06] [sync-374] tick
scp: /workspace/cf-374/experiments/2026-07-10_split_pred_rep/runs/bb_split_pred_rep_xftrip_nobn_enc3_emateach_sigreg_qk_aon_b512_cpc_tau090_best_gap.pth: No such file or directory
✗ /workspace/cf-374/experiments/2026-07-10_split_pred_rep/runs/bb_split_pred_rep_xftrip_nobn_enc3_emateach_sigreg_qk_aon_b512_cpc_tau090_best_gap.pth: empty or missing — destination preserved
  (skip: /workspace/cf-374/experiments/2026-07-10_split_pred_rep/runs/bb_split_pred_rep_xftrip_nobn_enc3_emateach_sigreg_qk_aon_b512_cpc_tau090_best_gap.pth not present or too small)
scp: /workspace/cf-374/experiments/2026-07-10_split_pred_rep/runs/bb_split_pred_rep_xftrip_nobn_enc3_emateach_sigreg_qk_aon_b512_cpc_tau090_best_gap_optimizer.pth: No such file or directory
✗ /workspace/cf-374/experiments/2026-07-10_split_pred_rep/runs/bb_split_pred_rep_xftrip_nobn_enc3_emateach_sigreg_qk_aon_b512_cpc_tau090_best_gap_optimizer.pth: empty or missing — destination preserved
  (skip: /workspace/cf-374/experiments/2026-07-10_split_pred_rep/runs/bb_split_pred_rep_xftrip_nobn_enc3_emateach_sigreg_qk_aon_b512_cpc_tau090_best_gap_optimizer.pth not present or too small)
scp: /workspace/cf-374/experiments/2026-07-10_split_pred_rep/runs/bb_split_pred_rep_xftrip_nobn_enc3_emateach_sigreg_qk_aon_b512_cpc_tau090_best_loss.pth: No such file or directory
✗ /workspace/cf-374/experiments/2026-07-10_split_pred_rep/runs/bb_split_pred_rep_xftrip_nobn_enc3_emateach_sigreg_qk_aon_b512_cpc_tau090_best_loss.pth: empty or missing — destination preserved
  (skip: /workspace/cf-374/experiments/2026-07-10_split_pred_rep/runs/bb_split_pred_rep_xftrip_nobn_enc3_emateach_sigreg_qk_aon_b512_cpc_tau090_best_loss.pth not present or too small)
scp: /workspace/cf-374/experiments/2026-07-10_split_pred_rep/runs/bb_split_pred_rep_xftrip_nobn_enc3_emateach_sigreg_qk_aon_b512_cpc_tau090_best_loss_optimizer.pth: No such file or directory
✗ /workspace/cf-374/experiments/2026-07-10_split_pred_rep/runs/bb_split_pred_rep_xftrip_nobn_enc3_emateach_sigreg_qk_aon_b512_cpc_tau090_best_loss_optimizer.pth: empty or missing — destination preserved
  (skip: /workspace/cf-374/experiments/2026-07-10_split_pred_rep/runs/bb_split_pred_rep_xftrip_nobn_enc3_emateach_sigreg_qk_aon_b512_cpc_tau090_best_loss_optimizer.pth not present or too small)
✓ /workspace/cf-374/experiments/2026-07-10_split_pred_rep/runs/bb_split_pred_rep_xftrip_nobn_enc3_emateach_sigreg_qk_aon_b512_cpc_tau090_losses.csv → /tmp/contrastive-forecasting-374/experiments/2026-07-10_split_pred_rep/runs/bb_split_pred_rep_xftrip_nobn_enc3_emateach_sigreg_qk_aon_b512_cpc_tau090_losses.csv (3856459 bytes)
✓ /workspace/cf-374/experiments/2026-07-10_split_pred_rep/runs/bb_split_pred_rep_xftrip_nobn_enc3_emateach_sigreg_qk_aon_b512_cpc_tau090_attn_amplitude.csv → /tmp/contrastive-forecasting-374/experiments/2026-07-10_split_pred_rep/runs/bb_split_pred_rep_xftrip_nobn_enc3_emateach_sigreg_qk_aon_b512_cpc_tau090_attn_amplitude.csv (47795 bytes)
✓ /workspace/cf-374/experiments/2026-07-10_split_pred_rep/runs/bb_split_pred_rep_xftrip_nobn_enc3_emateach_sigreg_qk_aon_b512_cpc_tau090_2k.pth → /tmp/contrastive-forecasting-374/experiments/2026-07-10_split_pred_rep/runs/bb_split_pred_rep_xftrip_nobn_enc3_emateach_sigreg_qk_aon_b512_cpc_tau090_2k.pth (90948804 bytes)
✓ /workspace/cf-374/experiments/2026-07-10_split_pred_rep/runs/bb_split_pred_rep_xftrip_nobn_enc3_emateach_sigreg_qk_aon_b512_cpc_tau090_2k_optimizer.pth → /tmp/contrastive-forecasting-374/experiments/2026-07-10_split_pred_rep/runs/bb_split_pred_rep_xftrip_nobn_enc3_emateach_sigreg_qk_aon_b512_cpc_tau090_2k_optimizer.pth (132957931 bytes)
✓ /workspace/cf-374/experiments/2026-07-10_split_pred_rep/runs/bb_split_pred_rep_xftrip_nobn_enc3_emateach_sigreg_qk_aon_b512_cpc_tau090_5k.pth → /tmp/contrastive-forecasting-374/experiments/2026-07-10_split_pred_rep/runs/bb_split_pred_rep_xftrip_nobn_enc3_emateach_sigreg_qk_aon_b512_cpc_tau090_5k.pth (90948804 bytes)
✓ /workspace/cf-374/experiments/2026-07-10_split_pred_rep/runs/bb_split_pred_rep_xftrip_nobn_enc3_emateach_sigreg_qk_aon_b512_cpc_tau090_5k_optimizer.pth → /tmp/contrastive-forecasting-374/experiments/2026-07-10_split_pred_rep/runs/bb_split_pred_rep_xftrip_nobn_enc3_emateach_sigreg_qk_aon_b512_cpc_tau090_5k_optimizer.pth (132957931 bytes)
✓ /workspace/cf-374/experiments/2026-07-10_split_pred_rep/runs/bb_split_pred_rep_xftrip_nobn_enc3_emateach_sigreg_qk_aon_b512_cpc_tau090_7k.pth → /tmp/contrastive-forecasting-374/experiments/2026-07-10_split_pred_rep/runs/bb_split_pred_rep_xftrip_nobn_enc3_emateach_sigreg_qk_aon_b512_cpc_tau090_7k.pth (90948804 bytes)
✓ /workspace/cf-374/experiments/2026-07-10_split_pred_rep/runs/bb_split_pred_rep_xftrip_nobn_enc3_emateach_sigreg_qk_aon_b512_cpc_tau090_7k_optimizer.pth → /tmp/contrastive-forecasting-374/experiments/2026-07-10_split_pred_rep/runs/bb_split_pred_rep_xftrip_nobn_enc3_emateach_sigreg_qk_aon_b512_cpc_tau090_7k_optimizer.pth (132957931 bytes)
scp: /workspace/cf-374/experiments/2026-07-10_split_pred_rep/runs/bb_split_pred_rep_xftrip_nobn_enc3_emateach_sigreg_qk_aon_b512_cpc_tau090_10k.pth: No such file or directory
✗ /workspace/cf-374/experiments/2026-07-10_split_pred_rep/runs/bb_split_pred_rep_xftrip_nobn_enc3_emateach_sigreg_qk_aon_b512_cpc_tau090_10k.pth: empty or missing — destination preserved
  (skip: /workspace/cf-374/experiments/2026-07-10_split_pred_rep/runs/bb_split_pred_rep_xftrip_nobn_enc3_emateach_sigreg_qk_aon_b512_cpc_tau090_10k.pth not present or too small)
scp: /workspace/cf-374/experiments/2026-07-10_split_pred_rep/runs/bb_split_pred_rep_xftrip_nobn_enc3_emateach_sigreg_qk_aon_b512_cpc_tau090_10k_optimizer.pth: No such file or directory
✗ /workspace/cf-374/experiments/2026-07-10_split_pred_rep/runs/bb_split_pred_rep_xftrip_nobn_enc3_emateach_sigreg_qk_aon_b512_cpc_tau090_10k_optimizer.pth: empty or missing — destination preserved
  (skip: /workspace/cf-374/experiments/2026-07-10_split_pred_rep/runs/bb_split_pred_rep_xftrip_nobn_enc3_emateach_sigreg_qk_aon_b512_cpc_tau090_10k_optimizer.pth not present or too small)
scp: /workspace/cf-374/experiments/2026-07-10_split_pred_rep/runs/bb_split_pred_rep_xftrip_nobn_enc3_emateach_sigreg_qk_aon_b512_cpc_tau090_12k.pth: No such file or directory
✗ /workspace/cf-374/experiments/2026-07-10_split_pred_rep/runs/bb_split_pred_rep_xftrip_nobn_enc3_emateach_sigreg_qk_aon_b512_cpc_tau090_12k.pth: empty or missing — destination preserved
  (skip: /workspace/cf-374/experiments/2026-07-10_split_pred_rep/runs/bb_split_pred_rep_xftrip_nobn_enc3_emateach_sigreg_qk_aon_b512_cpc_tau090_12k.pth not present or too small)
scp: /workspace/cf-374/experiments/2026-07-10_split_pred_rep/runs/bb_split_pred_rep_xftrip_nobn_enc3_emateach_sigreg_qk_aon_b512_cpc_tau090_12k_optimizer.pth: No such file or directory
✗ /workspace/cf-374/experiments/2026-07-10_split_pred_rep/runs/bb_split_pred_rep_xftrip_nobn_enc3_emateach_sigreg_qk_aon_b512_cpc_tau090_12k_optimizer.pth: empty or missing — destination preserved
  (skip: /workspace/cf-374/experiments/2026-07-10_split_pred_rep/runs/bb_split_pred_rep_xftrip_nobn_enc3_emateach_sigreg_qk_aon_b512_cpc_tau090_12k_optimizer.pth not present or too small)
scp: /workspace/cf-374/experiments/2026-07-10_split_pred_rep/runs/bb_split_pred_rep_xftrip_nobn_enc3_emateach_sigreg_qk_aon_b512_cpc_tau090_final.pth: No such file or directory
✗ /workspace/cf-374/experiments/2026-07-10_split_pred_rep/runs/bb_split_pred_rep_xftrip_nobn_enc3_emateach_sigreg_qk_aon_b512_cpc_tau090_final.pth: empty or missing — destination preserved
  (skip: /workspace/cf-374/experiments/2026-07-10_split_pred_rep/runs/bb_split_pred_rep_xftrip_nobn_enc3_emateach_sigreg_qk_aon_b512_cpc_tau090_final.pth not present or too small)
scp: /workspace/cf-374/experiments/2026-07-10_split_pred_rep/runs/bb_split_pred_rep_xftrip_nobn_enc3_emateach_sigreg_qk_aon_b512_cpc_tau090_final_optimizer.pth: No such file or directory
✗ /workspace/cf-374/experiments/2026-07-10_split_pred_rep/runs/bb_split_pred_rep_xftrip_nobn_enc3_emateach_sigreg_qk_aon_b512_cpc_tau090_final_optimizer.pth: empty or missing — destination preserved
  (skip: /workspace/cf-374/experiments/2026-07-10_split_pred_rep/runs/bb_split_pred_rep_xftrip_nobn_enc3_emateach_sigreg_qk_aon_b512_cpc_tau090_final_optimizer.pth not present or too small)
scp: /workspace/cf-374/experiments/2026-07-10_split_pred_rep/runs/bb_split_pred_rep_xftrip_nobn_enc3_emateach_sigreg_qk_aon_b512_cpc_tau090_FINAL.pth: No such file or directory
✗ /workspace/cf-374/experiments/2026-07-10_split_pred_rep/runs/bb_split_pred_rep_xftrip_nobn_enc3_emateach_sigreg_qk_aon_b512_cpc_tau090_FINAL.pth: empty or missing — destination preserved
  (skip: /workspace/cf-374/experiments/2026-07-10_split_pred_rep/runs/bb_split_pred_rep_xftrip_nobn_enc3_emateach_sigreg_qk_aon_b512_cpc_tau090_FINAL.pth not present or too small)
✓ /workspace/cf-374/experiments/2026-07-10_split_pred_rep/results/run_bb_split_pred_rep_xftrip_nobn_enc3_emateach_sigreg_qk_aon_b512_cpc_tau090.log → /tmp/contrastive-forecasting-374/experiments/2026-07-10_split_pred_rep/results/run_bb_split_pred_rep_xftrip_nobn_enc3_emateach_sigreg_qk_aon_b512_cpc_tau090.log (25702 bytes)
[07-10 04:32:35] [sync-374] --- sleeping 900s ---
[07-10 04:47:35] [sync-374] tick
✓ /workspace/cf-374/experiments/2026-07-10_split_pred_rep/runs/bb_split_pred_rep_xftrip_nobn_enc3_emateach_sigreg_qk_aon_b512_cpc_tau090_best_gap.pth → /tmp/contrastive-forecasting-374/experiments/2026-07-10_split_pred_rep/runs/bb_split_pred_rep_xftrip_nobn_enc3_emateach_sigreg_qk_aon_b512_cpc_tau090_best_gap.pth (90949814 bytes)
✓ /workspace/cf-374/experiments/2026-07-10_split_pred_rep/runs/bb_split_pred_rep_xftrip_nobn_enc3_emateach_sigreg_qk_aon_b512_cpc_tau090_best_gap_optimizer.pth → /tmp/contrastive-forecasting-374/experiments/2026-07-10_split_pred_rep/runs/bb_split_pred_rep_xftrip_nobn_enc3_emateach_sigreg_qk_aon_b512_cpc_tau090_best_gap_optimizer.pth (132960043 bytes)
scp: /workspace/cf-374/experiments/2026-07-10_split_pred_rep/runs/bb_split_pred_rep_xftrip_nobn_enc3_emateach_sigreg_qk_aon_b512_cpc_tau090_best_loss.pth: No such file or directory
✗ /workspace/cf-374/experiments/2026-07-10_split_pred_rep/runs/bb_split_pred_rep_xftrip_nobn_enc3_emateach_sigreg_qk_aon_b512_cpc_tau090_best_loss.pth: empty or missing — destination preserved
  (skip: /workspace/cf-374/experiments/2026-07-10_split_pred_rep/runs/bb_split_pred_rep_xftrip_nobn_enc3_emateach_sigreg_qk_aon_b512_cpc_tau090_best_loss.pth not present or too small)
scp: /workspace/cf-374/experiments/2026-07-10_split_pred_rep/runs/bb_split_pred_rep_xftrip_nobn_enc3_emateach_sigreg_qk_aon_b512_cpc_tau090_best_loss_optimizer.pth: No such file or directory
✗ /workspace/cf-374/experiments/2026-07-10_split_pred_rep/runs/bb_split_pred_rep_xftrip_nobn_enc3_emateach_sigreg_qk_aon_b512_cpc_tau090_best_loss_optimizer.pth: empty or missing — destination preserved
  (skip: /workspace/cf-374/experiments/2026-07-10_split_pred_rep/runs/bb_split_pred_rep_xftrip_nobn_enc3_emateach_sigreg_qk_aon_b512_cpc_tau090_best_loss_optimizer.pth not present or too small)
✓ /workspace/cf-374/experiments/2026-07-10_split_pred_rep/runs/bb_split_pred_rep_xftrip_nobn_enc3_emateach_sigreg_qk_aon_b512_cpc_tau090_losses.csv → /tmp/contrastive-forecasting-374/experiments/2026-07-10_split_pred_rep/runs/bb_split_pred_rep_xftrip_nobn_enc3_emateach_sigreg_qk_aon_b512_cpc_tau090_losses.csv (4364204 bytes)
✓ /workspace/cf-374/experiments/2026-07-10_split_pred_rep/runs/bb_split_pred_rep_xftrip_nobn_enc3_emateach_sigreg_qk_aon_b512_cpc_tau090_attn_amplitude.csv → /tmp/contrastive-forecasting-374/experiments/2026-07-10_split_pred_rep/runs/bb_split_pred_rep_xftrip_nobn_enc3_emateach_sigreg_qk_aon_b512_cpc_tau090_attn_amplitude.csv (54666 bytes)
✓ /workspace/cf-374/experiments/2026-07-10_split_pred_rep/runs/bb_split_pred_rep_xftrip_nobn_enc3_emateach_sigreg_qk_aon_b512_cpc_tau090_2k.pth → /tmp/contrastive-forecasting-374/experiments/2026-07-10_split_pred_rep/runs/bb_split_pred_rep_xftrip_nobn_enc3_emateach_sigreg_qk_aon_b512_cpc_tau090_2k.pth (90948804 bytes)
✓ /workspace/cf-374/experiments/2026-07-10_split_pred_rep/runs/bb_split_pred_rep_xftrip_nobn_enc3_emateach_sigreg_qk_aon_b512_cpc_tau090_2k_optimizer.pth → /tmp/contrastive-forecasting-374/experiments/2026-07-10_split_pred_rep/runs/bb_split_pred_rep_xftrip_nobn_enc3_emateach_sigreg_qk_aon_b512_cpc_tau090_2k_optimizer.pth (132957931 bytes)
✓ /workspace/cf-374/experiments/2026-07-10_split_pred_rep/runs/bb_split_pred_rep_xftrip_nobn_enc3_emateach_sigreg_qk_aon_b512_cpc_tau090_5k.pth → /tmp/contrastive-forecasting-374/experiments/2026-07-10_split_pred_rep/runs/bb_split_pred_rep_xftrip_nobn_enc3_emateach_sigreg_qk_aon_b512_cpc_tau090_5k.pth (90948804 bytes)
✓ /workspace/cf-374/experiments/2026-07-10_split_pred_rep/runs/bb_split_pred_rep_xftrip_nobn_enc3_emateach_sigreg_qk_aon_b512_cpc_tau090_5k_optimizer.pth → /tmp/contrastive-forecasting-374/experiments/2026-07-10_split_pred_rep/runs/bb_split_pred_rep_xftrip_nobn_enc3_emateach_sigreg_qk_aon_b512_cpc_tau090_5k_optimizer.pth (132957931 bytes)
✓ /workspace/cf-374/experiments/2026-07-10_split_pred_rep/runs/bb_split_pred_rep_xftrip_nobn_enc3_emateach_sigreg_qk_aon_b512_cpc_tau090_7k.pth → /tmp/contrastive-forecasting-374/experiments/2026-07-10_split_pred_rep/runs/bb_split_pred_rep_xftrip_nobn_enc3_emateach_sigreg_qk_aon_b512_cpc_tau090_7k.pth (90948804 bytes)
✓ /workspace/cf-374/experiments/2026-07-10_split_pred_rep/runs/bb_split_pred_rep_xftrip_nobn_enc3_emateach_sigreg_qk_aon_b512_cpc_tau090_7k_optimizer.pth → /tmp/contrastive-forecasting-374/experiments/2026-07-10_split_pred_rep/runs/bb_split_pred_rep_xftrip_nobn_enc3_emateach_sigreg_qk_aon_b512_cpc_tau090_7k_optimizer.pth (132957931 bytes)
✓ /workspace/cf-374/experiments/2026-07-10_split_pred_rep/runs/bb_split_pred_rep_xftrip_nobn_enc3_emateach_sigreg_qk_aon_b512_cpc_tau090_10k.pth → /tmp/contrastive-forecasting-374/experiments/2026-07-10_split_pred_rep/runs/bb_split_pred_rep_xftrip_nobn_enc3_emateach_sigreg_qk_aon_b512_cpc_tau090_10k.pth (90948951 bytes)
✓ /workspace/cf-374/experiments/2026-07-10_split_pred_rep/runs/bb_split_pred_rep_xftrip_nobn_enc3_emateach_sigreg_qk_aon_b512_cpc_tau090_10k_optimizer.pth → /tmp/contrastive-forecasting-374/experiments/2026-07-10_split_pred_rep/runs/bb_split_pred_rep_xftrip_nobn_enc3_emateach_sigreg_qk_aon_b512_cpc_tau090_10k_optimizer.pth (132958283 bytes)
scp: /workspace/cf-374/experiments/2026-07-10_split_pred_rep/runs/bb_split_pred_rep_xftrip_nobn_enc3_emateach_sigreg_qk_aon_b512_cpc_tau090_12k.pth: No such file or directory
✗ /workspace/cf-374/experiments/2026-07-10_split_pred_rep/runs/bb_split_pred_rep_xftrip_nobn_enc3_emateach_sigreg_qk_aon_b512_cpc_tau090_12k.pth: empty or missing — destination preserved
  (skip: /workspace/cf-374/experiments/2026-07-10_split_pred_rep/runs/bb_split_pred_rep_xftrip_nobn_enc3_emateach_sigreg_qk_aon_b512_cpc_tau090_12k.pth not present or too small)
scp: /workspace/cf-374/experiments/2026-07-10_split_pred_rep/runs/bb_split_pred_rep_xftrip_nobn_enc3_emateach_sigreg_qk_aon_b512_cpc_tau090_12k_optimizer.pth: No such file or directory
✗ /workspace/cf-374/experiments/2026-07-10_split_pred_rep/runs/bb_split_pred_rep_xftrip_nobn_enc3_emateach_sigreg_qk_aon_b512_cpc_tau090_12k_optimizer.pth: empty or missing — destination preserved
  (skip: /workspace/cf-374/experiments/2026-07-10_split_pred_rep/runs/bb_split_pred_rep_xftrip_nobn_enc3_emateach_sigreg_qk_aon_b512_cpc_tau090_12k_optimizer.pth not present or too small)
scp: /workspace/cf-374/experiments/2026-07-10_split_pred_rep/runs/bb_split_pred_rep_xftrip_nobn_enc3_emateach_sigreg_qk_aon_b512_cpc_tau090_final.pth: No such file or directory
✗ /workspace/cf-374/experiments/2026-07-10_split_pred_rep/runs/bb_split_pred_rep_xftrip_nobn_enc3_emateach_sigreg_qk_aon_b512_cpc_tau090_final.pth: empty or missing — destination preserved
  (skip: /workspace/cf-374/experiments/2026-07-10_split_pred_rep/runs/bb_split_pred_rep_xftrip_nobn_enc3_emateach_sigreg_qk_aon_b512_cpc_tau090_final.pth not present or too small)
scp: /workspace/cf-374/experiments/2026-07-10_split_pred_rep/runs/bb_split_pred_rep_xftrip_nobn_enc3_emateach_sigreg_qk_aon_b512_cpc_tau090_final_optimizer.pth: No such file or directory
✗ /workspace/cf-374/experiments/2026-07-10_split_pred_rep/runs/bb_split_pred_rep_xftrip_nobn_enc3_emateach_sigreg_qk_aon_b512_cpc_tau090_final_optimizer.pth: empty or missing — destination preserved
  (skip: /workspace/cf-374/experiments/2026-07-10_split_pred_rep/runs/bb_split_pred_rep_xftrip_nobn_enc3_emateach_sigreg_qk_aon_b512_cpc_tau090_final_optimizer.pth not present or too small)
scp: /workspace/cf-374/experiments/2026-07-10_split_pred_rep/runs/bb_split_pred_rep_xftrip_nobn_enc3_emateach_sigreg_qk_aon_b512_cpc_tau090_FINAL.pth: No such file or directory
✗ /workspace/cf-374/experiments/2026-07-10_split_pred_rep/runs/bb_split_pred_rep_xftrip_nobn_enc3_emateach_sigreg_qk_aon_b512_cpc_tau090_FINAL.pth: empty or missing — destination preserved
  (skip: /workspace/cf-374/experiments/2026-07-10_split_pred_rep/runs/bb_split_pred_rep_xftrip_nobn_enc3_emateach_sigreg_qk_aon_b512_cpc_tau090_FINAL.pth not present or too small)
✓ /workspace/cf-374/experiments/2026-07-10_split_pred_rep/results/run_bb_split_pred_rep_xftrip_nobn_enc3_emateach_sigreg_qk_aon_b512_cpc_tau090.log → /tmp/contrastive-forecasting-374/experiments/2026-07-10_split_pred_rep/results/run_bb_split_pred_rep_xftrip_nobn_enc3_emateach_sigreg_qk_aon_b512_cpc_tau090.log (29954 bytes)
[07-10 04:56:24] [sync-374] --- sleeping 900s ---
[07-10 05:11:24] [sync-374] tick
✓ /workspace/cf-374/experiments/2026-07-10_split_pred_rep/runs/bb_split_pred_rep_xftrip_nobn_enc3_emateach_sigreg_qk_aon_b512_cpc_tau090_best_gap.pth → /tmp/contrastive-forecasting-374/experiments/2026-07-10_split_pred_rep/runs/bb_split_pred_rep_xftrip_nobn_enc3_emateach_sigreg_qk_aon_b512_cpc_tau090_best_gap.pth (90949814 bytes)
✓ /workspace/cf-374/experiments/2026-07-10_split_pred_rep/runs/bb_split_pred_rep_xftrip_nobn_enc3_emateach_sigreg_qk_aon_b512_cpc_tau090_best_gap_optimizer.pth → /tmp/contrastive-forecasting-374/experiments/2026-07-10_split_pred_rep/runs/bb_split_pred_rep_xftrip_nobn_enc3_emateach_sigreg_qk_aon_b512_cpc_tau090_best_gap_optimizer.pth (132960043 bytes)
scp: /workspace/cf-374/experiments/2026-07-10_split_pred_rep/runs/bb_split_pred_rep_xftrip_nobn_enc3_emateach_sigreg_qk_aon_b512_cpc_tau090_best_loss.pth: No such file or directory
✗ /workspace/cf-374/experiments/2026-07-10_split_pred_rep/runs/bb_split_pred_rep_xftrip_nobn_enc3_emateach_sigreg_qk_aon_b512_cpc_tau090_best_loss.pth: empty or missing — destination preserved
  (skip: /workspace/cf-374/experiments/2026-07-10_split_pred_rep/runs/bb_split_pred_rep_xftrip_nobn_enc3_emateach_sigreg_qk_aon_b512_cpc_tau090_best_loss.pth not present or too small)
scp: /workspace/cf-374/experiments/2026-07-10_split_pred_rep/runs/bb_split_pred_rep_xftrip_nobn_enc3_emateach_sigreg_qk_aon_b512_cpc_tau090_best_loss_optimizer.pth: No such file or directory
✗ /workspace/cf-374/experiments/2026-07-10_split_pred_rep/runs/bb_split_pred_rep_xftrip_nobn_enc3_emateach_sigreg_qk_aon_b512_cpc_tau090_best_loss_optimizer.pth: empty or missing — destination preserved
  (skip: /workspace/cf-374/experiments/2026-07-10_split_pred_rep/runs/bb_split_pred_rep_xftrip_nobn_enc3_emateach_sigreg_qk_aon_b512_cpc_tau090_best_loss_optimizer.pth not present or too small)
✓ /workspace/cf-374/experiments/2026-07-10_split_pred_rep/runs/bb_split_pred_rep_xftrip_nobn_enc3_emateach_sigreg_qk_aon_b512_cpc_tau090_losses.csv → /tmp/contrastive-forecasting-374/experiments/2026-07-10_split_pred_rep/runs/bb_split_pred_rep_xftrip_nobn_enc3_emateach_sigreg_qk_aon_b512_cpc_tau090_losses.csv (4965520 bytes)
✓ /workspace/cf-374/experiments/2026-07-10_split_pred_rep/runs/bb_split_pred_rep_xftrip_nobn_enc3_emateach_sigreg_qk_aon_b512_cpc_tau090_attn_amplitude.csv → /tmp/contrastive-forecasting-374/experiments/2026-07-10_split_pred_rep/runs/bb_split_pred_rep_xftrip_nobn_enc3_emateach_sigreg_qk_aon_b512_cpc_tau090_attn_amplitude.csv (61549 bytes)
✓ /workspace/cf-374/experiments/2026-07-10_split_pred_rep/runs/bb_split_pred_rep_xftrip_nobn_enc3_emateach_sigreg_qk_aon_b512_cpc_tau090_2k.pth → /tmp/contrastive-forecasting-374/experiments/2026-07-10_split_pred_rep/runs/bb_split_pred_rep_xftrip_nobn_enc3_emateach_sigreg_qk_aon_b512_cpc_tau090_2k.pth (90948804 bytes)
✓ /workspace/cf-374/experiments/2026-07-10_split_pred_rep/runs/bb_split_pred_rep_xftrip_nobn_enc3_emateach_sigreg_qk_aon_b512_cpc_tau090_2k_optimizer.pth → /tmp/contrastive-forecasting-374/experiments/2026-07-10_split_pred_rep/runs/bb_split_pred_rep_xftrip_nobn_enc3_emateach_sigreg_qk_aon_b512_cpc_tau090_2k_optimizer.pth (132957931 bytes)
✓ /workspace/cf-374/experiments/2026-07-10_split_pred_rep/runs/bb_split_pred_rep_xftrip_nobn_enc3_emateach_sigreg_qk_aon_b512_cpc_tau090_5k.pth → /tmp/contrastive-forecasting-374/experiments/2026-07-10_split_pred_rep/runs/bb_split_pred_rep_xftrip_nobn_enc3_emateach_sigreg_qk_aon_b512_cpc_tau090_5k.pth (90948804 bytes)
✓ /workspace/cf-374/experiments/2026-07-10_split_pred_rep/runs/bb_split_pred_rep_xftrip_nobn_enc3_emateach_sigreg_qk_aon_b512_cpc_tau090_5k_optimizer.pth → /tmp/contrastive-forecasting-374/experiments/2026-07-10_split_pred_rep/runs/bb_split_pred_rep_xftrip_nobn_enc3_emateach_sigreg_qk_aon_b512_cpc_tau090_5k_optimizer.pth (132957931 bytes)
✓ /workspace/cf-374/experiments/2026-07-10_split_pred_rep/runs/bb_split_pred_rep_xftrip_nobn_enc3_emateach_sigreg_qk_aon_b512_cpc_tau090_7k.pth → /tmp/contrastive-forecasting-374/experiments/2026-07-10_split_pred_rep/runs/bb_split_pred_rep_xftrip_nobn_enc3_emateach_sigreg_qk_aon_b512_cpc_tau090_7k.pth (90948804 bytes)
✓ /workspace/cf-374/experiments/2026-07-10_split_pred_rep/runs/bb_split_pred_rep_xftrip_nobn_enc3_emateach_sigreg_qk_aon_b512_cpc_tau090_7k_optimizer.pth → /tmp/contrastive-forecasting-374/experiments/2026-07-10_split_pred_rep/runs/bb_split_pred_rep_xftrip_nobn_enc3_emateach_sigreg_qk_aon_b512_cpc_tau090_7k_optimizer.pth (132957931 bytes)
✓ /workspace/cf-374/experiments/2026-07-10_split_pred_rep/runs/bb_split_pred_rep_xftrip_nobn_enc3_emateach_sigreg_qk_aon_b512_cpc_tau090_10k.pth → /tmp/contrastive-forecasting-374/experiments/2026-07-10_split_pred_rep/runs/bb_split_pred_rep_xftrip_nobn_enc3_emateach_sigreg_qk_aon_b512_cpc_tau090_10k.pth (90948951 bytes)
✓ /workspace/cf-374/experiments/2026-07-10_split_pred_rep/runs/bb_split_pred_rep_xftrip_nobn_enc3_emateach_sigreg_qk_aon_b512_cpc_tau090_10k_optimizer.pth → /tmp/contrastive-forecasting-374/experiments/2026-07-10_split_pred_rep/runs/bb_split_pred_rep_xftrip_nobn_enc3_emateach_sigreg_qk_aon_b512_cpc_tau090_10k_optimizer.pth (132958283 bytes)
scp: /workspace/cf-374/experiments/2026-07-10_split_pred_rep/runs/bb_split_pred_rep_xftrip_nobn_enc3_emateach_sigreg_qk_aon_b512_cpc_tau090_12k.pth: No such file or directory
✗ /workspace/cf-374/experiments/2026-07-10_split_pred_rep/runs/bb_split_pred_rep_xftrip_nobn_enc3_emateach_sigreg_qk_aon_b512_cpc_tau090_12k.pth: empty or missing — destination preserved
  (skip: /workspace/cf-374/experiments/2026-07-10_split_pred_rep/runs/bb_split_pred_rep_xftrip_nobn_enc3_emateach_sigreg_qk_aon_b512_cpc_tau090_12k.pth not present or too small)
scp: /workspace/cf-374/experiments/2026-07-10_split_pred_rep/runs/bb_split_pred_rep_xftrip_nobn_enc3_emateach_sigreg_qk_aon_b512_cpc_tau090_12k_optimizer.pth: No such file or directory
✗ /workspace/cf-374/experiments/2026-07-10_split_pred_rep/runs/bb_split_pred_rep_xftrip_nobn_enc3_emateach_sigreg_qk_aon_b512_cpc_tau090_12k_optimizer.pth: empty or missing — destination preserved
  (skip: /workspace/cf-374/experiments/2026-07-10_split_pred_rep/runs/bb_split_pred_rep_xftrip_nobn_enc3_emateach_sigreg_qk_aon_b512_cpc_tau090_12k_optimizer.pth not present or too small)
scp: /workspace/cf-374/experiments/2026-07-10_split_pred_rep/runs/bb_split_pred_rep_xftrip_nobn_enc3_emateach_sigreg_qk_aon_b512_cpc_tau090_final.pth: No such file or directory
✗ /workspace/cf-374/experiments/2026-07-10_split_pred_rep/runs/bb_split_pred_rep_xftrip_nobn_enc3_emateach_sigreg_qk_aon_b512_cpc_tau090_final.pth: empty or missing — destination preserved
  (skip: /workspace/cf-374/experiments/2026-07-10_split_pred_rep/runs/bb_split_pred_rep_xftrip_nobn_enc3_emateach_sigreg_qk_aon_b512_cpc_tau090_final.pth not present or too small)
scp: /workspace/cf-374/experiments/2026-07-10_split_pred_rep/runs/bb_split_pred_rep_xftrip_nobn_enc3_emateach_sigreg_qk_aon_b512_cpc_tau090_final_optimizer.pth: No such file or directory
✗ /workspace/cf-374/experiments/2026-07-10_split_pred_rep/runs/bb_split_pred_rep_xftrip_nobn_enc3_emateach_sigreg_qk_aon_b512_cpc_tau090_final_optimizer.pth: empty or missing — destination preserved
  (skip: /workspace/cf-374/experiments/2026-07-10_split_pred_rep/runs/bb_split_pred_rep_xftrip_nobn_enc3_emateach_sigreg_qk_aon_b512_cpc_tau090_final_optimizer.pth not present or too small)
scp: /workspace/cf-374/experiments/2026-07-10_split_pred_rep/runs/bb_split_pred_rep_xftrip_nobn_enc3_emateach_sigreg_qk_aon_b512_cpc_tau090_FINAL.pth: No such file or directory
✗ /workspace/cf-374/experiments/2026-07-10_split_pred_rep/runs/bb_split_pred_rep_xftrip_nobn_enc3_emateach_sigreg_qk_aon_b512_cpc_tau090_FINAL.pth: empty or missing — destination preserved
  (skip: /workspace/cf-374/experiments/2026-07-10_split_pred_rep/runs/bb_split_pred_rep_xftrip_nobn_enc3_emateach_sigreg_qk_aon_b512_cpc_tau090_FINAL.pth not present or too small)
✓ /workspace/cf-374/experiments/2026-07-10_split_pred_rep/results/run_bb_split_pred_rep_xftrip_nobn_enc3_emateach_sigreg_qk_aon_b512_cpc_tau090.log → /tmp/contrastive-forecasting-374/experiments/2026-07-10_split_pred_rep/results/run_bb_split_pred_rep_xftrip_nobn_enc3_emateach_sigreg_qk_aon_b512_cpc_tau090.log (34211 bytes)
[07-10 05:18:14] [sync-374] --- sleeping 900s ---
[07-10 05:33:14] [sync-374] tick
✓ /workspace/cf-374/experiments/2026-07-10_split_pred_rep/runs/bb_split_pred_rep_xftrip_nobn_enc3_emateach_sigreg_qk_aon_b512_cpc_tau090_best_gap.pth → /tmp/contrastive-forecasting-374/experiments/2026-07-10_split_pred_rep/runs/bb_split_pred_rep_xftrip_nobn_enc3_emateach_sigreg_qk_aon_b512_cpc_tau090_best_gap.pth (90949814 bytes)
✓ /workspace/cf-374/experiments/2026-07-10_split_pred_rep/runs/bb_split_pred_rep_xftrip_nobn_enc3_emateach_sigreg_qk_aon_b512_cpc_tau090_best_gap_optimizer.pth → /tmp/contrastive-forecasting-374/experiments/2026-07-10_split_pred_rep/runs/bb_split_pred_rep_xftrip_nobn_enc3_emateach_sigreg_qk_aon_b512_cpc_tau090_best_gap_optimizer.pth (132960043 bytes)
scp: /workspace/cf-374/experiments/2026-07-10_split_pred_rep/runs/bb_split_pred_rep_xftrip_nobn_enc3_emateach_sigreg_qk_aon_b512_cpc_tau090_best_loss.pth: No such file or directory
✗ /workspace/cf-374/experiments/2026-07-10_split_pred_rep/runs/bb_split_pred_rep_xftrip_nobn_enc3_emateach_sigreg_qk_aon_b512_cpc_tau090_best_loss.pth: empty or missing — destination preserved
  (skip: /workspace/cf-374/experiments/2026-07-10_split_pred_rep/runs/bb_split_pred_rep_xftrip_nobn_enc3_emateach_sigreg_qk_aon_b512_cpc_tau090_best_loss.pth not present or too small)
scp: /workspace/cf-374/experiments/2026-07-10_split_pred_rep/runs/bb_split_pred_rep_xftrip_nobn_enc3_emateach_sigreg_qk_aon_b512_cpc_tau090_best_loss_optimizer.pth: No such file or directory
✗ /workspace/cf-374/experiments/2026-07-10_split_pred_rep/runs/bb_split_pred_rep_xftrip_nobn_enc3_emateach_sigreg_qk_aon_b512_cpc_tau090_best_loss_optimizer.pth: empty or missing — destination preserved
  (skip: /workspace/cf-374/experiments/2026-07-10_split_pred_rep/runs/bb_split_pred_rep_xftrip_nobn_enc3_emateach_sigreg_qk_aon_b512_cpc_tau090_best_loss_optimizer.pth not present or too small)
✓ /workspace/cf-374/experiments/2026-07-10_split_pred_rep/runs/bb_split_pred_rep_xftrip_nobn_enc3_emateach_sigreg_qk_aon_b512_cpc_tau090_losses.csv → /tmp/contrastive-forecasting-374/experiments/2026-07-10_split_pred_rep/runs/bb_split_pred_rep_xftrip_nobn_enc3_emateach_sigreg_qk_aon_b512_cpc_tau090_losses.csv (5335296 bytes)
✓ /workspace/cf-374/experiments/2026-07-10_split_pred_rep/runs/bb_split_pred_rep_xftrip_nobn_enc3_emateach_sigreg_qk_aon_b512_cpc_tau090_attn_amplitude.csv → /tmp/contrastive-forecasting-374/experiments/2026-07-10_split_pred_rep/runs/bb_split_pred_rep_xftrip_nobn_enc3_emateach_sigreg_qk_aon_b512_cpc_tau090_attn_amplitude.csv (66149 bytes)
✓ /workspace/cf-374/experiments/2026-07-10_split_pred_rep/runs/bb_split_pred_rep_xftrip_nobn_enc3_emateach_sigreg_qk_aon_b512_cpc_tau090_2k.pth → /tmp/contrastive-forecasting-374/experiments/2026-07-10_split_pred_rep/runs/bb_split_pred_rep_xftrip_nobn_enc3_emateach_sigreg_qk_aon_b512_cpc_tau090_2k.pth (90948804 bytes)
✓ /workspace/cf-374/experiments/2026-07-10_split_pred_rep/runs/bb_split_pred_rep_xftrip_nobn_enc3_emateach_sigreg_qk_aon_b512_cpc_tau090_2k_optimizer.pth → /tmp/contrastive-forecasting-374/experiments/2026-07-10_split_pred_rep/runs/bb_split_pred_rep_xftrip_nobn_enc3_emateach_sigreg_qk_aon_b512_cpc_tau090_2k_optimizer.pth (132957931 bytes)
✓ /workspace/cf-374/experiments/2026-07-10_split_pred_rep/runs/bb_split_pred_rep_xftrip_nobn_enc3_emateach_sigreg_qk_aon_b512_cpc_tau090_5k.pth → /tmp/contrastive-forecasting-374/experiments/2026-07-10_split_pred_rep/runs/bb_split_pred_rep_xftrip_nobn_enc3_emateach_sigreg_qk_aon_b512_cpc_tau090_5k.pth (90948804 bytes)
✓ /workspace/cf-374/experiments/2026-07-10_split_pred_rep/runs/bb_split_pred_rep_xftrip_nobn_enc3_emateach_sigreg_qk_aon_b512_cpc_tau090_5k_optimizer.pth → /tmp/contrastive-forecasting-374/experiments/2026-07-10_split_pred_rep/runs/bb_split_pred_rep_xftrip_nobn_enc3_emateach_sigreg_qk_aon_b512_cpc_tau090_5k_optimizer.pth (132957931 bytes)
✓ /workspace/cf-374/experiments/2026-07-10_split_pred_rep/runs/bb_split_pred_rep_xftrip_nobn_enc3_emateach_sigreg_qk_aon_b512_cpc_tau090_7k.pth → /tmp/contrastive-forecasting-374/experiments/2026-07-10_split_pred_rep/runs/bb_split_pred_rep_xftrip_nobn_enc3_emateach_sigreg_qk_aon_b512_cpc_tau090_7k.pth (90948804 bytes)
✓ /workspace/cf-374/experiments/2026-07-10_split_pred_rep/runs/bb_split_pred_rep_xftrip_nobn_enc3_emateach_sigreg_qk_aon_b512_cpc_tau090_7k_optimizer.pth → /tmp/contrastive-forecasting-374/experiments/2026-07-10_split_pred_rep/runs/bb_split_pred_rep_xftrip_nobn_enc3_emateach_sigreg_qk_aon_b512_cpc_tau090_7k_optimizer.pth (132957931 bytes)
✓ /workspace/cf-374/experiments/2026-07-10_split_pred_rep/runs/bb_split_pred_rep_xftrip_nobn_enc3_emateach_sigreg_qk_aon_b512_cpc_tau090_10k.pth → /tmp/contrastive-forecasting-374/experiments/2026-07-10_split_pred_rep/runs/bb_split_pred_rep_xftrip_nobn_enc3_emateach_sigreg_qk_aon_b512_cpc_tau090_10k.pth (90948951 bytes)
✓ /workspace/cf-374/experiments/2026-07-10_split_pred_rep/runs/bb_split_pred_rep_xftrip_nobn_enc3_emateach_sigreg_qk_aon_b512_cpc_tau090_10k_optimizer.pth → /tmp/contrastive-forecasting-374/experiments/2026-07-10_split_pred_rep/runs/bb_split_pred_rep_xftrip_nobn_enc3_emateach_sigreg_qk_aon_b512_cpc_tau090_10k_optimizer.pth (132958283 bytes)
✓ /workspace/cf-374/experiments/2026-07-10_split_pred_rep/runs/bb_split_pred_rep_xftrip_nobn_enc3_emateach_sigreg_qk_aon_b512_cpc_tau090_12k.pth → /tmp/contrastive-forecasting-374/experiments/2026-07-10_split_pred_rep/runs/bb_split_pred_rep_xftrip_nobn_enc3_emateach_sigreg_qk_aon_b512_cpc_tau090_12k.pth (90948951 bytes)
✓ /workspace/cf-374/experiments/2026-07-10_split_pred_rep/runs/bb_split_pred_rep_xftrip_nobn_enc3_emateach_sigreg_qk_aon_b512_cpc_tau090_12k_optimizer.pth → /tmp/contrastive-forecasting-374/experiments/2026-07-10_split_pred_rep/runs/bb_split_pred_rep_xftrip_nobn_enc3_emateach_sigreg_qk_aon_b512_cpc_tau090_12k_optimizer.pth (132958283 bytes)
✓ /workspace/cf-374/experiments/2026-07-10_split_pred_rep/runs/bb_split_pred_rep_xftrip_nobn_enc3_emateach_sigreg_qk_aon_b512_cpc_tau090_final.pth → /tmp/contrastive-forecasting-374/experiments/2026-07-10_split_pred_rep/runs/bb_split_pred_rep_xftrip_nobn_enc3_emateach_sigreg_qk_aon_b512_cpc_tau090_final.pth (90949245 bytes)
✓ /workspace/cf-374/experiments/2026-07-10_split_pred_rep/runs/bb_split_pred_rep_xftrip_nobn_enc3_emateach_sigreg_qk_aon_b512_cpc_tau090_final_optimizer.pth → /tmp/contrastive-forecasting-374/experiments/2026-07-10_split_pred_rep/runs/bb_split_pred_rep_xftrip_nobn_enc3_emateach_sigreg_qk_aon_b512_cpc_tau090_final_optimizer.pth (132958987 bytes)
✓ /workspace/cf-374/experiments/2026-07-10_split_pred_rep/runs/bb_split_pred_rep_xftrip_nobn_enc3_emateach_sigreg_qk_aon_b512_cpc_tau090_FINAL.pth → /tmp/contrastive-forecasting-374/experiments/2026-07-10_split_pred_rep/runs/bb_split_pred_rep_xftrip_nobn_enc3_emateach_sigreg_qk_aon_b512_cpc_tau090_FINAL.pth (90949245 bytes)
✓ /workspace/cf-374/experiments/2026-07-10_split_pred_rep/results/run_bb_split_pred_rep_xftrip_nobn_enc3_emateach_sigreg_qk_aon_b512_cpc_tau090.log → /tmp/contrastive-forecasting-374/experiments/2026-07-10_split_pred_rep/results/run_bb_split_pred_rep_xftrip_nobn_enc3_emateach_sigreg_qk_aon_b512_cpc_tau090.log (36133 bytes)
[07-10 05:42:31] [sync-374] --- sleeping 900s ---
[07-10 05:57:31] [sync-374] FINAL sentinel present at /tmp/contrastive-forecasting-374/experiments/2026-07-10_split_pred_rep/runs/bb_split_pred_rep_xftrip_nobn_enc3_emateach_sigreg_qk_aon_b512_cpc_tau090_FINAL.pth — sync loop exiting
