Device: cuda | Params: 724,764
Training for 40000 steps, bs=64, lr=0.001, T=4096, C=1, mix_ratio=0.0078125, freq_emb_dim=3, seasonality_emb_dim=3, mixup_p=0.3, rev_norm_kind=ewma(span=128), patch_stats=none, encoder_type=gru
Checkpoints: /home/jupyter/wt-cf-390-train/experiments/2026-08-01_lalign_teacher/runs/bb_small_arm5_nse_lalign_lrep_enc3l3_b64_200k_sigreg_ema_qk_aon_cpc_tau090_alignteacher_*.pth
Loss CSV: /home/jupyter/wt-cf-390-train/experiments/2026-08-01_lalign_teacher/runs/bb_small_arm5_nse_lalign_lrep_enc3l3_b64_200k_sigreg_ema_qk_aon_cpc_tau090_alignteacher_losses.csv
Latent-drift CSV: /home/jupyter/wt-cf-390-train/experiments/2026-08-01_lalign_teacher/runs/bb_small_arm5_nse_lalign_lrep_enc3l3_b64_200k_sigreg_ema_qk_aon_cpc_tau090_alignteacher_latent_drift.csv (every 10000 steps, probe_bs=64, probe_seed=20260722)
Attn-amplitude CSV: /home/jupyter/wt-cf-390-train/experiments/2026-08-01_lalign_teacher/runs/bb_small_arm5_nse_lalign_lrep_enc3l3_b64_200k_sigreg_ema_qk_aon_cpc_tau090_alignteacher_attn_amplitude.csv (every 200 steps)
Data: MIX 99% HF + 1% synth (forked-arma) + 0% crossfade + 1 triplet(s)=3 rows, hf_bs=64, synth_bs=0, cross_bs=0, total_bs=67
[    200] loss=15.1185  ema_loss=17.0523  gap=-0.1548  ema_gap=-0.2889  mixup=59/200  2.6 sps  ETA 4.3h  cpc=0.4358
              R²_rand=0.3110  R²_naive=0.3189  U_t=0.5416  U_b=0.7117  AUC=0.9578  Top1=0.3294
  timing: data=67.8ms  fwd=170.1ms  bwd=93.2ms  total=331.9ms
  -> Saved /home/jupyter/wt-cf-390-train/experiments/2026-08-01_lalign_teacher/runs/bb_small_arm5_nse_lalign_lrep_enc3l3_b64_200k_sigreg_ema_qk_aon_cpc_tau090_alignteacher_best_gap.pth
  -> Saved /home/jupyter/wt-cf-390-train/experiments/2026-08-01_lalign_teacher/runs/bb_small_arm5_nse_lalign_lrep_enc3l3_b64_200k_sigreg_ema_qk_aon_cpc_tau090_alignteacher_best_loss.pth
[    400] loss=14.4090  ema_loss=14.9027  gap=0.0646  ema_gap=-0.0356  mixup=67/200  2.8 sps  ETA 4.0h  cpc=0.0934
              R²_rand=0.3763  R²_naive=0.3961  U_t=0.7776  U_b=0.8595  AUC=0.9888  Top1=0.5976
  timing: data=8.9ms  fwd=171.1ms  bwd=89.7ms  total=270.5ms
  -> Saved /home/jupyter/wt-cf-390-train/experiments/2026-08-01_lalign_teacher/runs/bb_small_arm5_nse_lalign_lrep_enc3l3_b64_200k_sigreg_ema_qk_aon_cpc_tau090_alignteacher_best_gap.pth
  -> Saved /home/jupyter/wt-cf-390-train/experiments/2026-08-01_lalign_teacher/runs/bb_small_arm5_nse_lalign_lrep_enc3l3_b64_200k_sigreg_ema_qk_aon_cpc_tau090_alignteacher_best_loss.pth
[    600] loss=14.2579  ema_loss=14.4093  gap=0.2042  ema_gap=0.1338  mixup=67/200  2.8 sps  ETA 3.8h  cpc=0.0533
              R²_rand=0.4093  R²_naive=0.4585  U_t=0.8465  U_b=0.8590  AUC=0.9964  Top1=0.7813
  timing: data=8.4ms  fwd=167.4ms  bwd=89.8ms  total=266.4ms
  -> Saved /home/jupyter/wt-cf-390-train/experiments/2026-08-01_lalign_teacher/runs/bb_small_arm5_nse_lalign_lrep_enc3l3_b64_200k_sigreg_ema_qk_aon_cpc_tau090_alignteacher_best_gap.pth
  -> Saved /home/jupyter/wt-cf-390-train/experiments/2026-08-01_lalign_teacher/runs/bb_small_arm5_nse_lalign_lrep_enc3l3_b64_200k_sigreg_ema_qk_aon_cpc_tau090_alignteacher_best_loss.pth
[    800] loss=14.2169  ema_loss=14.2640  gap=0.2923  ema_gap=0.2413  mixup=62/200  2.8 sps  ETA 3.8h  cpc=0.0540
              R²_rand=0.4528  R²_naive=0.4958  U_t=0.7908  U_b=0.8967  AUC=0.9960  Top1=0.8358
  timing: data=32.9ms  fwd=167.4ms  bwd=91.2ms  total=292.4ms
  -> Saved /home/jupyter/wt-cf-390-train/experiments/2026-08-01_lalign_teacher/runs/bb_small_arm5_nse_lalign_lrep_enc3l3_b64_200k_sigreg_ema_qk_aon_cpc_tau090_alignteacher_best_gap.pth
  -> Saved /home/jupyter/wt-cf-390-train/experiments/2026-08-01_lalign_teacher/runs/bb_small_arm5_nse_lalign_lrep_enc3l3_b64_200k_sigreg_ema_qk_aon_cpc_tau090_alignteacher_best_loss.pth
[   1000] loss=14.2314  ema_loss=14.2188  gap=0.3192  ema_gap=0.3085  mixup=73/200  2.9 sps  ETA 3.8h  cpc=0.0688
              R²_rand=0.4738  R²_naive=0.5184  U_t=0.8341  U_b=0.8045  AUC=0.9991  Top1=0.9058
  timing: data=8.9ms  fwd=167.3ms  bwd=90.0ms  total=267.1ms
  -> Saved /home/jupyter/wt-cf-390-train/experiments/2026-08-01_lalign_teacher/runs/bb_small_arm5_nse_lalign_lrep_enc3l3_b64_200k_sigreg_ema_qk_aon_cpc_tau090_alignteacher_best_gap.pth
  -> Saved /home/jupyter/wt-cf-390-train/experiments/2026-08-01_lalign_teacher/runs/bb_small_arm5_nse_lalign_lrep_enc3l3_b64_200k_sigreg_ema_qk_aon_cpc_tau090_alignteacher_best_loss.pth
[   1200] loss=14.1504  ema_loss=14.1983  gap=0.3944  ema_gap=0.3509  mixup=62/200  2.9 sps  ETA 3.7h  cpc=0.0206
              R²_rand=0.4994  R²_naive=0.5464  U_t=0.8542  U_b=0.8879  AUC=0.9996  Top1=0.9468
  timing: data=8.2ms  fwd=166.2ms  bwd=90.4ms  total=265.7ms
  -> Saved /home/jupyter/wt-cf-390-train/experiments/2026-08-01_lalign_teacher/runs/bb_small_arm5_nse_lalign_lrep_enc3l3_b64_200k_sigreg_ema_qk_aon_cpc_tau090_alignteacher_best_gap.pth
  -> Saved /home/jupyter/wt-cf-390-train/experiments/2026-08-01_lalign_teacher/runs/bb_small_arm5_nse_lalign_lrep_enc3l3_b64_200k_sigreg_ema_qk_aon_cpc_tau090_alignteacher_best_loss.pth
[   1400] loss=14.1934  ema_loss=14.1801  gap=0.3975  ema_gap=0.3869  mixup=65/200  2.9 sps  ETA 3.7h  cpc=0.0498
              R²_rand=0.5177  R²_naive=0.5510  U_t=0.8451  U_b=0.8063  AUC=0.9998  Top1=0.9598
  timing: data=38.5ms  fwd=168.2ms  bwd=91.2ms  total=298.7ms
  -> Saved /home/jupyter/wt-cf-390-train/experiments/2026-08-01_lalign_teacher/runs/bb_small_arm5_nse_lalign_lrep_enc3l3_b64_200k_sigreg_ema_qk_aon_cpc_tau090_alignteacher_best_gap.pth
  -> Saved /home/jupyter/wt-cf-390-train/experiments/2026-08-01_lalign_teacher/runs/bb_small_arm5_nse_lalign_lrep_enc3l3_b64_200k_sigreg_ema_qk_aon_cpc_tau090_alignteacher_best_loss.pth
[   1600] loss=14.2071  ema_loss=14.1703  gap=0.4220  ema_gap=0.4163  mixup=54/200  2.9 sps  ETA 3.7h  cpc=0.0730
              R²_rand=0.5266  R²_naive=0.5575  U_t=0.8383  U_b=0.8198  AUC=0.9998  Top1=0.9653
  timing: data=8.8ms  fwd=171.2ms  bwd=90.2ms  total=271.1ms
  -> Saved /home/jupyter/wt-cf-390-train/experiments/2026-08-01_lalign_teacher/runs/bb_small_arm5_nse_lalign_lrep_enc3l3_b64_200k_sigreg_ema_qk_aon_cpc_tau090_alignteacher_best_gap.pth
  -> Saved /home/jupyter/wt-cf-390-train/experiments/2026-08-01_lalign_teacher/runs/bb_small_arm5_nse_lalign_lrep_enc3l3_b64_200k_sigreg_ema_qk_aon_cpc_tau090_alignteacher_best_loss.pth
[   1800] loss=14.1751  ema_loss=14.1592  gap=0.4714  ema_gap=0.4399  mixup=48/200  2.9 sps  ETA 3.6h  cpc=0.0275
              R²_rand=0.5379  R²_naive=0.5755  U_t=0.8188  U_b=0.8978  AUC=0.9999  Top1=0.9769
  timing: data=8.7ms  fwd=168.8ms  bwd=89.6ms  total=268.0ms
  -> Saved /home/jupyter/wt-cf-390-train/experiments/2026-08-01_lalign_teacher/runs/bb_small_arm5_nse_lalign_lrep_enc3l3_b64_200k_sigreg_ema_qk_aon_cpc_tau090_alignteacher_best_gap.pth
  -> Saved /home/jupyter/wt-cf-390-train/experiments/2026-08-01_lalign_teacher/runs/bb_small_arm5_nse_lalign_lrep_enc3l3_b64_200k_sigreg_ema_qk_aon_cpc_tau090_alignteacher_best_loss.pth
[   2000] loss=14.1207  ema_loss=14.1616  gap=0.4450  ema_gap=0.4547  mixup=62/200  2.8 sps  ETA 3.8h  cpc=0.0166
              R²_rand=0.5419  R²_naive=0.5708  U_t=0.8814  U_b=0.8930  AUC=0.9999  Top1=0.9786
  timing: data=192.2ms  fwd=168.3ms  bwd=89.5ms  total=450.9ms
  -> Saved /home/jupyter/wt-cf-390-train/experiments/2026-08-01_lalign_teacher/runs/bb_small_arm5_nse_lalign_lrep_enc3l3_b64_200k_sigreg_ema_qk_aon_cpc_tau090_alignteacher_best_gap.pth
[   2200] loss=14.1590  ema_loss=14.1556  gap=0.4753  ema_gap=0.4699  mixup=58/200  2.8 sps  ETA 3.8h  cpc=0.0194
              R²_rand=0.5361  R²_naive=0.5779  U_t=0.8062  U_b=0.9213  AUC=0.9996  Top1=0.9691
  timing: data=9.0ms  fwd=168.7ms  bwd=90.2ms  total=268.8ms
  -> Saved /home/jupyter/wt-cf-390-train/experiments/2026-08-01_lalign_teacher/runs/bb_small_arm5_nse_lalign_lrep_enc3l3_b64_200k_sigreg_ema_qk_aon_cpc_tau090_alignteacher_best_gap.pth
  -> Saved /home/jupyter/wt-cf-390-train/experiments/2026-08-01_lalign_teacher/runs/bb_small_arm5_nse_lalign_lrep_enc3l3_b64_200k_sigreg_ema_qk_aon_cpc_tau090_alignteacher_best_loss.pth
[   2400] loss=14.1501  ema_loss=14.1539  gap=0.4998  ema_gap=0.4811  mixup=62/200  2.8 sps  ETA 3.7h  cpc=0.0193
              R²_rand=0.5463  R²_naive=0.5904  U_t=0.8526  U_b=0.9032  AUC=0.9999  Top1=0.9848
  timing: data=8.5ms  fwd=169.7ms  bwd=88.0ms  total=267.1ms
  -> Saved /home/jupyter/wt-cf-390-train/experiments/2026-08-01_lalign_teacher/runs/bb_small_arm5_nse_lalign_lrep_enc3l3_b64_200k_sigreg_ema_qk_aon_cpc_tau090_alignteacher_best_gap.pth
  -> Saved /home/jupyter/wt-cf-390-train/experiments/2026-08-01_lalign_teacher/runs/bb_small_arm5_nse_lalign_lrep_enc3l3_b64_200k_sigreg_ema_qk_aon_cpc_tau090_alignteacher_best_loss.pth
  -> Saved /home/jupyter/wt-cf-390-train/experiments/2026-08-01_lalign_teacher/runs/bb_small_arm5_nse_lalign_lrep_enc3l3_b64_200k_sigreg_ema_qk_aon_cpc_tau090_alignteacher_2k.pth
[   2600] loss=14.1344  ema_loss=14.1606  gap=0.4958  ema_gap=0.4918  mixup=51/200  2.8 sps  ETA 3.7h  cpc=0.0184
              R²_rand=0.5481  R²_naive=0.5873  U_t=0.8450  U_b=0.9029  AUC=0.9996  Top1=0.9707
  timing: data=31.6ms  fwd=166.2ms  bwd=90.4ms  total=289.0ms
  -> Saved /home/jupyter/wt-cf-390-train/experiments/2026-08-01_lalign_teacher/runs/bb_small_arm5_nse_lalign_lrep_enc3l3_b64_200k_sigreg_ema_qk_aon_cpc_tau090_alignteacher_best_gap.pth
[   2800] loss=14.1805  ema_loss=14.1436  gap=0.5034  ema_gap=0.5057  mixup=43/200  2.8 sps  ETA 3.6h  cpc=0.0586
              R²_rand=0.5669  R²_naive=0.5932  U_t=0.8687  U_b=0.8221  AUC=0.9997  Top1=0.9824
  timing: data=8.5ms  fwd=169.9ms  bwd=90.2ms  total=269.4ms
  -> Saved /home/jupyter/wt-cf-390-train/experiments/2026-08-01_lalign_teacher/runs/bb_small_arm5_nse_lalign_lrep_enc3l3_b64_200k_sigreg_ema_qk_aon_cpc_tau090_alignteacher_best_gap.pth
  -> Saved /home/jupyter/wt-cf-390-train/experiments/2026-08-01_lalign_teacher/runs/bb_small_arm5_nse_lalign_lrep_enc3l3_b64_200k_sigreg_ema_qk_aon_cpc_tau090_alignteacher_best_loss.pth
[   3000] loss=14.2010  ema_loss=14.1501  gap=0.5154  ema_gap=0.5179  mixup=57/200  2.8 sps  ETA 3.6h  cpc=0.0687
              R²_rand=0.5664  R²_naive=0.5988  U_t=0.8665  U_b=0.8118  AUC=0.9999  Top1=0.9881
  timing: data=8.9ms  fwd=168.3ms  bwd=89.8ms  total=267.8ms
  -> Saved /home/jupyter/wt-cf-390-train/experiments/2026-08-01_lalign_teacher/runs/bb_small_arm5_nse_lalign_lrep_enc3l3_b64_200k_sigreg_ema_qk_aon_cpc_tau090_alignteacher_best_gap.pth
[   3200] loss=14.1577  ema_loss=14.1627  gap=0.5387  ema_gap=0.5282  mixup=69/200  2.8 sps  ETA 3.6h  cpc=0.0182
              R²_rand=0.5655  R²_naive=0.6051  U_t=0.8506  U_b=0.9040  AUC=0.9999  Top1=0.9886
  timing: data=42.0ms  fwd=164.3ms  bwd=90.0ms  total=297.2ms
  -> Saved /home/jupyter/wt-cf-390-train/experiments/2026-08-01_lalign_teacher/runs/bb_small_arm5_nse_lalign_lrep_enc3l3_b64_200k_sigreg_ema_qk_aon_cpc_tau090_alignteacher_best_gap.pth
[   3400] loss=14.1593  ema_loss=14.1598  gap=0.5367  ema_gap=0.5404  mixup=51/200  2.9 sps  ETA 3.6h  cpc=0.0223
              R²_rand=0.5713  R²_naive=0.6045  U_t=0.8292  U_b=0.9070  AUC=1.0000  Top1=0.9924
  timing: data=8.9ms  fwd=167.2ms  bwd=90.3ms  total=267.4ms
  -> Saved /home/jupyter/wt-cf-390-train/experiments/2026-08-01_lalign_teacher/runs/bb_small_arm5_nse_lalign_lrep_enc3l3_b64_200k_sigreg_ema_qk_aon_cpc_tau090_alignteacher_best_gap.pth
[   3600] loss=14.1529  ema_loss=14.1706  gap=0.5488  ema_gap=0.5502  mixup=69/200  2.9 sps  ETA 3.5h  cpc=0.0093
              R²_rand=0.5685  R²_naive=0.6030  U_t=0.8592  U_b=0.9206  AUC=1.0000  Top1=0.9935
  timing: data=8.9ms  fwd=171.0ms  bwd=90.7ms  total=271.4ms
  -> Saved /home/jupyter/wt-cf-390-train/experiments/2026-08-01_lalign_teacher/runs/bb_small_arm5_nse_lalign_lrep_enc3l3_b64_200k_sigreg_ema_qk_aon_cpc_tau090_alignteacher_best_gap.pth
[   3800] loss=14.1337  ema_loss=14.1695  gap=0.5598  ema_gap=0.5582  mixup=61/200  2.9 sps  ETA 3.5h  cpc=0.0178
              R²_rand=0.5776  R²_naive=0.6086  U_t=0.8505  U_b=0.9174  AUC=0.9999  Top1=0.9921
  timing: data=26.7ms  fwd=167.2ms  bwd=89.4ms  total=284.1ms
  -> Saved /home/jupyter/wt-cf-390-train/experiments/2026-08-01_lalign_teacher/runs/bb_small_arm5_nse_lalign_lrep_enc3l3_b64_200k_sigreg_ema_qk_aon_cpc_tau090_alignteacher_best_gap.pth
[   4000] loss=14.1245  ema_loss=14.1693  gap=0.5716  ema_gap=0.5642  mixup=60/200  2.9 sps  ETA 3.5h  cpc=0.0111
              R²_rand=0.5933  R²_naive=0.6156  U_t=0.9046  U_b=0.9184  AUC=1.0000  Top1=0.9921
  timing: data=8.8ms  fwd=169.8ms  bwd=89.9ms  total=269.3ms
  -> Saved /home/jupyter/wt-cf-390-train/experiments/2026-08-01_lalign_teacher/runs/bb_small_arm5_nse_lalign_lrep_enc3l3_b64_200k_sigreg_ema_qk_aon_cpc_tau090_alignteacher_best_gap.pth
[   4200] loss=14.1675  ema_loss=14.1820  gap=0.5917  ema_gap=0.5749  mixup=70/200  2.9 sps  ETA 3.5h  cpc=0.0206
              R²_rand=0.5734  R²_naive=0.6224  U_t=0.8673  U_b=0.9114  AUC=1.0000  Top1=0.9921
  timing: data=8.5ms  fwd=167.2ms  bwd=90.2ms  total=266.7ms
  -> Saved /home/jupyter/wt-cf-390-train/experiments/2026-08-01_lalign_teacher/runs/bb_small_arm5_nse_lalign_lrep_enc3l3_b64_200k_sigreg_ema_qk_aon_cpc_tau090_alignteacher_best_gap.pth
[   4400] loss=14.1878  ema_loss=14.1674  gap=0.5788  ema_gap=0.5818  mixup=58/200  2.9 sps  ETA 3.4h  cpc=0.0206
              R²_rand=0.5747  R²_naive=0.6132  U_t=0.8453  U_b=0.9115  AUC=1.0000  Top1=0.9927
  timing: data=53.2ms  fwd=165.8ms  bwd=89.8ms  total=309.7ms
  -> Saved /home/jupyter/wt-cf-390-train/experiments/2026-08-01_lalign_teacher/runs/bb_small_arm5_nse_lalign_lrep_enc3l3_b64_200k_sigreg_ema_qk_aon_cpc_tau090_alignteacher_best_gap.pth
[   4600] loss=14.1368  ema_loss=14.1652  gap=0.5849  ema_gap=0.5858  mixup=56/200  2.9 sps  ETA 3.4h  cpc=0.0184
              R²_rand=0.5991  R²_naive=0.6244  U_t=0.8899  U_b=0.8834  AUC=1.0000  Top1=0.9948
  timing: data=9.1ms  fwd=170.3ms  bwd=90.7ms  total=270.9ms
  -> Saved /home/jupyter/wt-cf-390-train/experiments/2026-08-01_lalign_teacher/runs/bb_small_arm5_nse_lalign_lrep_enc3l3_b64_200k_sigreg_ema_qk_aon_cpc_tau090_alignteacher_best_gap.pth
[   4800] loss=14.1925  ema_loss=14.1589  gap=0.5789  ema_gap=0.5893  mixup=58/200  2.9 sps  ETA 3.4h  cpc=0.0506
              R²_rand=0.5794  R²_naive=0.6177  U_t=0.8732  U_b=0.8038  AUC=1.0000  Top1=0.9946
  timing: data=8.9ms  fwd=167.0ms  bwd=91.8ms  total=268.5ms
  -> Saved /home/jupyter/wt-cf-390-train/experiments/2026-08-01_lalign_teacher/runs/bb_small_arm5_nse_lalign_lrep_enc3l3_b64_200k_sigreg_ema_qk_aon_cpc_tau090_alignteacher_best_gap.pth
[   5000] loss=14.1635  ema_loss=14.1592  gap=0.5867  ema_gap=0.5894  mixup=58/200  2.9 sps  ETA 3.4h  cpc=0.0278
              R²_rand=0.5939  R²_naive=0.6212  U_t=0.8230  U_b=0.9242  AUC=1.0000  Top1=0.9954
  timing: data=35.8ms  fwd=168.0ms  bwd=90.0ms  total=294.8ms
  -> Saved /home/jupyter/wt-cf-390-train/experiments/2026-08-01_lalign_teacher/runs/bb_small_arm5_nse_lalign_lrep_enc3l3_b64_200k_sigreg_ema_qk_aon_cpc_tau090_alignteacher_best_gap.pth
[   5200] loss=14.1256  ema_loss=14.1516  gap=0.5806  ema_gap=0.5905  mixup=64/200  2.9 sps  ETA 3.4h  cpc=0.0195
              R²_rand=0.5927  R²_naive=0.6199  U_t=0.8664  U_b=0.9172  AUC=1.0000  Top1=0.9938
  timing: data=8.8ms  fwd=170.9ms  bwd=91.2ms  total=271.8ms
  -> Saved /home/jupyter/wt-cf-390-train/experiments/2026-08-01_lalign_teacher/runs/bb_small_arm5_nse_lalign_lrep_enc3l3_b64_200k_sigreg_ema_qk_aon_cpc_tau090_alignteacher_best_gap.pth
[   5400] loss=14.1347  ema_loss=14.1419  gap=0.6013  ema_gap=0.5938  mixup=50/200  2.9 sps  ETA 3.3h  cpc=0.0211
              R²_rand=0.5940  R²_naive=0.6266  U_t=0.8773  U_b=0.9113  AUC=1.0000  Top1=0.9962
  timing: data=8.8ms  fwd=168.1ms  bwd=88.7ms  total=266.4ms
  -> Saved /home/jupyter/wt-cf-390-train/experiments/2026-08-01_lalign_teacher/runs/bb_small_arm5_nse_lalign_lrep_enc3l3_b64_200k_sigreg_ema_qk_aon_cpc_tau090_alignteacher_best_gap.pth
  -> Saved /home/jupyter/wt-cf-390-train/experiments/2026-08-01_lalign_teacher/runs/bb_small_arm5_nse_lalign_lrep_enc3l3_b64_200k_sigreg_ema_qk_aon_cpc_tau090_alignteacher_best_loss.pth
[   5600] loss=14.1573  ema_loss=14.1372  gap=0.5934  ema_gap=0.5942  mixup=59/200  2.9 sps  ETA 3.3h  cpc=0.0315
              R²_rand=0.5906  R²_naive=0.6263  U_t=0.8274  U_b=0.8414  AUC=1.0000  Top1=0.9954
  timing: data=9.0ms  fwd=167.0ms  bwd=89.5ms  total=266.3ms
  -> Saved /home/jupyter/wt-cf-390-train/experiments/2026-08-01_lalign_teacher/runs/bb_small_arm5_nse_lalign_lrep_enc3l3_b64_200k_sigreg_ema_qk_aon_cpc_tau090_alignteacher_best_gap.pth
  -> Saved /home/jupyter/wt-cf-390-train/experiments/2026-08-01_lalign_teacher/runs/bb_small_arm5_nse_lalign_lrep_enc3l3_b64_200k_sigreg_ema_qk_aon_cpc_tau090_alignteacher_best_loss.pth
[   5800] loss=14.1426  ema_loss=14.1430  gap=0.6028  ema_gap=0.6000  mixup=57/200  2.9 sps  ETA 3.3h  cpc=0.0244
              R²_rand=0.6039  R²_naive=0.6256  U_t=0.8893  U_b=0.9118  AUC=1.0000  Top1=0.9948
  timing: data=92.2ms  fwd=168.7ms  bwd=90.9ms  total=352.7ms
  -> Saved /home/jupyter/wt-cf-390-train/experiments/2026-08-01_lalign_teacher/runs/bb_small_arm5_nse_lalign_lrep_enc3l3_b64_200k_sigreg_ema_qk_aon_cpc_tau090_alignteacher_best_gap.pth
[   6000] loss=14.1242  ema_loss=14.1413  gap=0.6097  ema_gap=0.6011  mixup=57/200  2.9 sps  ETA 3.3h  cpc=0.0145
              R²_rand=0.6064  R²_naive=0.6300  U_t=0.8695  U_b=0.9122  AUC=1.0000  Top1=0.9940
  timing: data=8.8ms  fwd=169.3ms  bwd=91.4ms  total=270.3ms
  -> Saved /home/jupyter/wt-cf-390-train/experiments/2026-08-01_lalign_teacher/runs/bb_small_arm5_nse_lalign_lrep_enc3l3_b64_200k_sigreg_ema_qk_aon_cpc_tau090_alignteacher_best_gap.pth
[   6200] loss=14.0996  ema_loss=14.1359  gap=0.6097  ema_gap=0.6058  mixup=47/200  2.9 sps  ETA 3.3h  cpc=0.0092
              R²_rand=0.6089  R²_naive=0.6311  U_t=0.8638  U_b=0.9292  AUC=1.0000  Top1=0.9970
  timing: data=8.1ms  fwd=161.8ms  bwd=88.0ms  total=258.7ms
  -> Saved /home/jupyter/wt-cf-390-train/experiments/2026-08-01_lalign_teacher/runs/bb_small_arm5_nse_lalign_lrep_enc3l3_b64_200k_sigreg_ema_qk_aon_cpc_tau090_alignteacher_best_gap.pth
  -> Saved /home/jupyter/wt-cf-390-train/experiments/2026-08-01_lalign_teacher/runs/bb_small_arm5_nse_lalign_lrep_enc3l3_b64_200k_sigreg_ema_qk_aon_cpc_tau090_alignteacher_best_loss.pth
'HTTPSConnectionPool(host='us.aws.cdn.hf.co', port=443): Read timed out.' thrown while requesting GET https://huggingface.co/datasets/jeremycochoy/gift-pretrain-full-4096/resolve/main/small_v1/shard_00010.parquet
Retrying in 1s [Retry 1/5].
[   6400] loss=14.2857  ema_loss=14.1388  gap=0.5912  ema_gap=0.6087  mixup=68/200  2.9 sps  ETA 3.3h  cpc=0.0694
              R²_rand=0.6055  R²_naive=0.6195  U_t=0.7540  U_b=0.9101  AUC=0.9995  Top1=0.9607
  timing: data=149.9ms  fwd=167.2ms  bwd=91.5ms  total=409.5ms
  -> Saved /home/jupyter/wt-cf-390-train/experiments/2026-08-01_lalign_teacher/runs/bb_small_arm5_nse_lalign_lrep_enc3l3_b64_200k_sigreg_ema_qk_aon_cpc_tau090_alignteacher_best_gap.pth
[   6600] loss=14.1086  ema_loss=14.1367  gap=0.6153  ema_gap=0.6137  mixup=67/200  2.9 sps  ETA 3.2h  cpc=0.0171
              R²_rand=0.6099  R²_naive=0.6346  U_t=0.8933  U_b=0.9150  AUC=1.0000  Top1=0.9970
  timing: data=10.2ms  fwd=166.4ms  bwd=91.5ms  total=268.9ms
  -> Saved /home/jupyter/wt-cf-390-train/experiments/2026-08-01_lalign_teacher/runs/bb_small_arm5_nse_lalign_lrep_enc3l3_b64_200k_sigreg_ema_qk_aon_cpc_tau090_alignteacher_best_gap.pth
[   6800] loss=14.1257  ema_loss=14.1304  gap=0.6224  ema_gap=0.6151  mixup=63/200  2.9 sps  ETA 3.2h  cpc=0.0150
              R²_rand=0.6155  R²_naive=0.6349  U_t=0.8658  U_b=0.9207  AUC=1.0000  Top1=0.9957
  timing: data=9.2ms  fwd=167.3ms  bwd=89.9ms  total=267.3ms
  -> Saved /home/jupyter/wt-cf-390-train/experiments/2026-08-01_lalign_teacher/runs/bb_small_arm5_nse_lalign_lrep_enc3l3_b64_200k_sigreg_ema_qk_aon_cpc_tau090_alignteacher_best_gap.pth
  -> Saved /home/jupyter/wt-cf-390-train/experiments/2026-08-01_lalign_teacher/runs/bb_small_arm5_nse_lalign_lrep_enc3l3_b64_200k_sigreg_ema_qk_aon_cpc_tau090_alignteacher_best_loss.pth
[   7000] loss=14.1351  ema_loss=14.1323  gap=0.6106  ema_gap=0.6189  mixup=75/200  2.9 sps  ETA 3.2h  cpc=0.0180
              R²_rand=0.6098  R²_naive=0.6307  U_t=0.8534  U_b=0.9226  AUC=1.0000  Top1=0.9940
  timing: data=28.3ms  fwd=168.0ms  bwd=88.8ms  total=286.0ms
  -> Saved /home/jupyter/wt-cf-390-train/experiments/2026-08-01_lalign_teacher/runs/bb_small_arm5_nse_lalign_lrep_enc3l3_b64_200k_sigreg_ema_qk_aon_cpc_tau090_alignteacher_best_gap.pth
[   7200] loss=14.1237  ema_loss=14.1314  gap=0.6200  ema_gap=0.6221  mixup=72/200  2.9 sps  ETA 3.2h  cpc=0.0164
              R²_rand=0.6138  R²_naive=0.6327  U_t=0.8754  U_b=0.9075  AUC=1.0000  Top1=0.9965
  timing: data=8.8ms  fwd=168.7ms  bwd=90.8ms  total=269.1ms
  -> Saved /home/jupyter/wt-cf-390-train/experiments/2026-08-01_lalign_teacher/runs/bb_small_arm5_nse_lalign_lrep_enc3l3_b64_200k_sigreg_ema_qk_aon_cpc_tau090_alignteacher_best_gap.pth
[   7400] loss=14.0722  ema_loss=14.1143  gap=0.6310  ema_gap=0.6244  mixup=57/200  2.9 sps  ETA 3.1h  cpc=0.0124
              R²_rand=0.6270  R²_naive=0.6427  U_t=0.9104  U_b=0.9274  AUC=1.0000  Top1=0.9976
  timing: data=7.2ms  fwd=146.7ms  bwd=81.4ms  total=236.0ms
  -> Saved /home/jupyter/wt-cf-390-train/experiments/2026-08-01_lalign_teacher/runs/bb_small_arm5_nse_lalign_lrep_enc3l3_b64_200k_sigreg_ema_qk_aon_cpc_tau090_alignteacher_best_gap.pth
  -> Saved /home/jupyter/wt-cf-390-train/experiments/2026-08-01_lalign_teacher/runs/bb_small_arm5_nse_lalign_lrep_enc3l3_b64_200k_sigreg_ema_qk_aon_cpc_tau090_alignteacher_best_loss.pth
[   7600] loss=14.0733  ema_loss=14.1141  gap=0.6301  ema_gap=0.6280  mixup=61/200  2.9 sps  ETA 3.1h  cpc=0.0079
              R²_rand=0.6135  R²_naive=0.6408  U_t=0.8989  U_b=0.9357  AUC=1.0000  Top1=0.9976
  timing: data=33.7ms  fwd=142.0ms  bwd=81.4ms  total=257.9ms
  -> Saved /home/jupyter/wt-cf-390-train/experiments/2026-08-01_lalign_teacher/runs/bb_small_arm5_nse_lalign_lrep_enc3l3_b64_200k_sigreg_ema_qk_aon_cpc_tau090_alignteacher_best_gap.pth
  -> Saved /home/jupyter/wt-cf-390-train/experiments/2026-08-01_lalign_teacher/runs/bb_small_arm5_nse_lalign_lrep_enc3l3_b64_200k_sigreg_ema_qk_aon_cpc_tau090_alignteacher_best_loss.pth
[   7800] loss=14.1204  ema_loss=14.1209  gap=0.6248  ema_gap=0.6306  mixup=63/200  2.9 sps  ETA 3.1h  cpc=0.0153
              R²_rand=0.6092  R²_naive=0.6348  U_t=0.9031  U_b=0.9079  AUC=1.0000  Top1=0.9978
  timing: data=8.5ms  fwd=172.3ms  bwd=92.3ms  total=274.0ms
  -> Saved /home/jupyter/wt-cf-390-train/experiments/2026-08-01_lalign_teacher/runs/bb_small_arm5_nse_lalign_lrep_enc3l3_b64_200k_sigreg_ema_qk_aon_cpc_tau090_alignteacher_best_gap.pth
[   8000] loss=14.1115  ema_loss=14.1145  gap=0.6375  ema_gap=0.6285  mixup=58/200  2.9 sps  ETA 3.1h  cpc=0.0228
              R²_rand=0.6146  R²_naive=0.6437  U_t=0.8398  U_b=0.9188  AUC=1.0000  Top1=0.9978
  timing: data=8.9ms  fwd=170.4ms  bwd=90.8ms  total=270.9ms
[   8200] loss=14.1624  ema_loss=14.1230  gap=0.6363  ema_gap=0.6293  mixup=62/200  2.9 sps  ETA 3.0h  cpc=0.0414
              R²_rand=0.6146  R²_naive=0.6405  U_t=0.9129  U_b=0.8337  AUC=1.0000  Top1=0.9978
  timing: data=45.4ms  fwd=171.2ms  bwd=91.3ms  total=308.7ms
[   8400] loss=14.1199  ema_loss=14.1273  gap=0.6422  ema_gap=0.6293  mixup=62/200  2.9 sps  ETA 3.0h  cpc=0.0176
              R²_rand=0.6213  R²_naive=0.6410  U_t=0.8592  U_b=0.9194  AUC=1.0000  Top1=0.9959
  timing: data=9.1ms  fwd=168.7ms  bwd=91.8ms  total=270.4ms
[   8600] loss=14.0825  ema_loss=14.1195  gap=0.6332  ema_gap=0.6337  mixup=51/200  2.9 sps  ETA 3.0h  cpc=0.0085
              R²_rand=0.6248  R²_naive=0.6423  U_t=0.9003  U_b=0.9270  AUC=1.0000  Top1=0.9970
  timing: data=9.0ms  fwd=170.1ms  bwd=91.5ms  total=271.5ms
  -> Saved /home/jupyter/wt-cf-390-train/experiments/2026-08-01_lalign_teacher/runs/bb_small_arm5_nse_lalign_lrep_enc3l3_b64_200k_sigreg_ema_qk_aon_cpc_tau090_alignteacher_best_gap.pth
[   8800] loss=14.0941  ema_loss=14.1238  gap=0.6372  ema_gap=0.6347  mixup=54/200  2.9 sps  ETA 3.0h  cpc=0.0103
              R²_rand=0.6193  R²_naive=0.6428  U_t=0.9215  U_b=0.9164  AUC=1.0000  Top1=0.9981
  timing: data=45.8ms  fwd=169.3ms  bwd=92.4ms  total=308.3ms
  -> Saved /home/jupyter/wt-cf-390-train/experiments/2026-08-01_lalign_teacher/runs/bb_small_arm5_nse_lalign_lrep_enc3l3_b64_200k_sigreg_ema_qk_aon_cpc_tau090_alignteacher_best_gap.pth
[   9000] loss=14.1469  ema_loss=14.1257  gap=0.6421  ema_gap=0.6357  mixup=74/200  2.9 sps  ETA 3.0h  cpc=0.0391
              R²_rand=0.6207  R²_naive=0.6436  U_t=0.8977  U_b=0.8373  AUC=1.0000  Top1=0.9962
  timing: data=9.1ms  fwd=174.3ms  bwd=91.8ms  total=276.1ms
  -> Saved /home/jupyter/wt-cf-390-train/experiments/2026-08-01_lalign_teacher/runs/bb_small_arm5_nse_lalign_lrep_enc3l3_b64_200k_sigreg_ema_qk_aon_cpc_tau090_alignteacher_best_gap.pth
[   9200] loss=14.1044  ema_loss=14.1226  gap=0.6422  ema_gap=0.6370  mixup=52/200  2.9 sps  ETA 2.9h  cpc=0.0178
              R²_rand=0.6190  R²_naive=0.6465  U_t=0.8370  U_b=0.9045  AUC=1.0000  Top1=0.9970
  timing: data=9.3ms  fwd=170.4ms  bwd=91.5ms  total=272.1ms
  -> Saved /home/jupyter/wt-cf-390-train/experiments/2026-08-01_lalign_teacher/runs/bb_small_arm5_nse_lalign_lrep_enc3l3_b64_200k_sigreg_ema_qk_aon_cpc_tau090_alignteacher_best_gap.pth
[   9400] loss=14.1478  ema_loss=14.1162  gap=0.6344  ema_gap=0.6391  mixup=58/200  2.9 sps  ETA 2.9h  cpc=0.0475
              R²_rand=0.6130  R²_naive=0.6434  U_t=0.9170  U_b=0.8279  AUC=1.0000  Top1=0.9970
  timing: data=32.4ms  fwd=168.9ms  bwd=90.3ms  total=292.4ms
  -> Saved /home/jupyter/wt-cf-390-train/experiments/2026-08-01_lalign_teacher/runs/bb_small_arm5_nse_lalign_lrep_enc3l3_b64_200k_sigreg_ema_qk_aon_cpc_tau090_alignteacher_best_gap.pth
[   9600] loss=14.1687  ema_loss=14.1210  gap=0.6177  ema_gap=0.6378  mixup=53/200  2.9 sps  ETA 2.9h  cpc=0.0237
              R²_rand=0.6131  R²_naive=0.6357  U_t=0.8699  U_b=0.9186  AUC=1.0000  Top1=0.9943
  timing: data=9.1ms  fwd=170.7ms  bwd=92.0ms  total=272.6ms
[   9800] loss=14.1275  ema_loss=14.1162  gap=0.6224  ema_gap=0.6411  mixup=56/200  2.9 sps  ETA 2.9h  cpc=0.0211
              R²_rand=0.6265  R²_naive=0.6364  U_t=0.8762  U_b=0.9269  AUC=1.0000  Top1=0.9921
  timing: data=8.9ms  fwd=170.6ms  bwd=92.3ms  total=272.7ms
  -> Saved /home/jupyter/wt-cf-390-train/experiments/2026-08-01_lalign_teacher/runs/bb_small_arm5_nse_lalign_lrep_enc3l3_b64_200k_sigreg_ema_qk_aon_cpc_tau090_alignteacher_best_gap.pth
[  10000] loss=14.1723  ema_loss=14.1139  gap=0.6387  ema_gap=0.6387  mixup=62/200  2.9 sps  ETA 2.9h  cpc=0.0606
              R²_rand=0.6129  R²_naive=0.6436  U_t=0.8589  U_b=0.8367  AUC=1.0000  Top1=0.9976
  timing: data=59.4ms  fwd=169.2ms  bwd=90.2ms  total=319.6ms
  -> Saved /home/jupyter/wt-cf-390-train/experiments/2026-08-01_lalign_teacher/runs/bb_small_arm5_nse_lalign_lrep_enc3l3_b64_200k_sigreg_ema_qk_aon_cpc_tau090_alignteacher_best_loss.pth
  -> Saved /home/jupyter/wt-cf-390-train/experiments/2026-08-01_lalign_teacher/runs/bb_small_arm5_nse_lalign_lrep_enc3l3_b64_200k_sigreg_ema_qk_aon_cpc_tau090_alignteacher_10k.pth
[  10200] loss=14.0800  ema_loss=14.1110  gap=0.6464  ema_gap=0.6394  mixup=53/200  2.9 sps  ETA 2.9h  cpc=0.0088
              R²_rand=0.6306  R²_naive=0.6447  U_t=0.8993  U_b=0.9323  AUC=1.0000  Top1=0.9984
  timing: data=9.0ms  fwd=171.1ms  bwd=94.1ms  total=275.2ms
  -> Saved /home/jupyter/wt-cf-390-train/experiments/2026-08-01_lalign_teacher/runs/bb_small_arm5_nse_lalign_lrep_enc3l3_b64_200k_sigreg_ema_qk_aon_cpc_tau090_alignteacher_best_loss.pth
[  10400] loss=14.1195  ema_loss=14.1194  gap=0.6442  ema_gap=0.6430  mixup=61/200  2.9 sps  ETA 2.8h  cpc=0.0331
              R²_rand=0.6263  R²_naive=0.6450  U_t=0.9300  U_b=0.8500  AUC=1.0000  Top1=0.9976
  timing: data=8.8ms  fwd=171.4ms  bwd=95.5ms  total=276.6ms
  -> Saved /home/jupyter/wt-cf-390-train/experiments/2026-08-01_lalign_teacher/runs/bb_small_arm5_nse_lalign_lrep_enc3l3_b64_200k_sigreg_ema_qk_aon_cpc_tau090_alignteacher_best_gap.pth
[  10600] loss=14.0841  ema_loss=14.1210  gap=0.6357  ema_gap=0.6409  mixup=68/200  2.9 sps  ETA 2.8h  cpc=0.0104
              R²_rand=0.6238  R²_naive=0.6435  U_t=0.8790  U_b=0.9364  AUC=1.0000  Top1=0.9981
  timing: data=9.1ms  fwd=170.5ms  bwd=94.3ms  total=274.8ms
[  10800] loss=14.1646  ema_loss=14.1170  gap=0.6526  ema_gap=0.6428  mixup=58/200  2.9 sps  ETA 2.8h  cpc=0.0556
              R²_rand=0.6216  R²_naive=0.6486  U_t=0.8984  U_b=0.8287  AUC=1.0000  Top1=0.9962
  timing: data=26.5ms  fwd=169.5ms  bwd=95.0ms  total=291.9ms
[  11000] loss=14.1666  ema_loss=14.1139  gap=0.6378  ema_gap=0.6449  mixup=65/200  2.9 sps  ETA 2.8h  cpc=0.0586
              R²_rand=0.6338  R²_naive=0.6424  U_t=0.8656  U_b=0.8396  AUC=1.0000  Top1=0.9957
  timing: data=9.1ms  fwd=168.8ms  bwd=94.6ms  total=273.4ms
  -> Saved /home/jupyter/wt-cf-390-train/experiments/2026-08-01_lalign_teacher/runs/bb_small_arm5_nse_lalign_lrep_enc3l3_b64_200k_sigreg_ema_qk_aon_cpc_tau090_alignteacher_best_gap.pth
[  11200] loss=14.1107  ema_loss=14.1123  gap=0.6495  ema_gap=0.6433  mixup=61/200  2.9 sps  ETA 2.8h  cpc=0.0239
              R²_rand=0.6314  R²_naive=0.6510  U_t=0.8753  U_b=0.9151  AUC=1.0000  Top1=0.9970
  timing: data=10.4ms  fwd=168.6ms  bwd=95.6ms  total=275.5ms
[  11400] loss=14.1692  ema_loss=14.1122  gap=0.6255  ema_gap=0.6455  mixup=67/200  2.9 sps  ETA 2.7h  cpc=0.0290
              R²_rand=0.6272  R²_naive=0.6344  U_t=0.8525  U_b=0.9097  AUC=1.0000  Top1=0.9935
  timing: data=26.7ms  fwd=170.8ms  bwd=95.7ms  total=294.1ms
  -> Saved /home/jupyter/wt-cf-390-train/experiments/2026-08-01_lalign_teacher/runs/bb_small_arm5_nse_lalign_lrep_enc3l3_b64_200k_sigreg_ema_qk_aon_cpc_tau090_alignteacher_best_gap.pth
[  11600] loss=14.0716  ema_loss=14.1090  gap=0.6403  ema_gap=0.6462  mixup=50/200  2.9 sps  ETA 2.7h  cpc=0.0107
              R²_rand=0.6257  R²_naive=0.6425  U_t=0.9286  U_b=0.9284  AUC=1.0000  Top1=0.9962
  timing: data=8.6ms  fwd=172.3ms  bwd=95.7ms  total=277.5ms
  -> Saved /home/jupyter/wt-cf-390-train/experiments/2026-08-01_lalign_teacher/runs/bb_small_arm5_nse_lalign_lrep_enc3l3_b64_200k_sigreg_ema_qk_aon_cpc_tau090_alignteacher_best_gap.pth
  -> Saved /home/jupyter/wt-cf-390-train/experiments/2026-08-01_lalign_teacher/runs/bb_small_arm5_nse_lalign_lrep_enc3l3_b64_200k_sigreg_ema_qk_aon_cpc_tau090_alignteacher_best_loss.pth
[  11800] loss=14.1121  ema_loss=14.1157  gap=0.6446  ema_gap=0.6490  mixup=62/200  2.9 sps  ETA 2.7h  cpc=0.0193
              R²_rand=0.6170  R²_naive=0.6421  U_t=0.8981  U_b=0.9163  AUC=1.0000  Top1=0.9978
  timing: data=8.9ms  fwd=169.9ms  bwd=94.7ms  total=274.5ms
  -> Saved /home/jupyter/wt-cf-390-train/experiments/2026-08-01_lalign_teacher/runs/bb_small_arm5_nse_lalign_lrep_enc3l3_b64_200k_sigreg_ema_qk_aon_cpc_tau090_alignteacher_best_gap.pth
[  12000] loss=14.1841  ema_loss=14.1161  gap=0.6404  ema_gap=0.6463  mixup=58/200  2.9 sps  ETA 2.7h  cpc=0.0706
              R²_rand=0.6256  R²_naive=0.6435  U_t=0.9106  U_b=0.7875  AUC=1.0000  Top1=0.9976
  timing: data=38.4ms  fwd=171.2ms  bwd=96.0ms  total=306.5ms
[  12200] loss=14.1454  ema_loss=14.1191  gap=0.6428  ema_gap=0.6472  mixup=63/200  2.9 sps  ETA 2.7h  cpc=0.0294
              R²_rand=0.6315  R²_naive=0.6411  U_t=0.8436  U_b=0.9127  AUC=0.9999  Top1=0.9951
  timing: data=10.2ms  fwd=171.0ms  bwd=95.8ms  total=278.0ms
[  12400] loss=14.0949  ema_loss=14.1124  gap=0.6499  ema_gap=0.6471  mixup=54/200  2.9 sps  ETA 2.6h  cpc=0.0140
              R²_rand=0.6327  R²_naive=0.6455  U_t=0.8883  U_b=0.9236  AUC=1.0000  Top1=0.9976
  timing: data=9.0ms  fwd=169.7ms  bwd=93.5ms  total=273.0ms
[  12600] loss=14.0973  ema_loss=14.1136  gap=0.6409  ema_gap=0.6460  mixup=56/200  2.9 sps  ETA 2.6h  cpc=0.0157
              R²_rand=0.6227  R²_naive=0.6433  U_t=0.8970  U_b=0.9261  AUC=1.0000  Top1=0.9973
  timing: data=24.9ms  fwd=168.7ms  bwd=94.7ms  total=289.2ms
[  12800] loss=14.1037  ema_loss=14.1147  gap=0.6486  ema_gap=0.6456  mixup=70/200  2.9 sps  ETA 2.6h  cpc=0.0124
              R²_rand=0.6334  R²_naive=0.6444  U_t=0.8584  U_b=0.9309  AUC=1.0000  Top1=0.9967
  timing: data=14.4ms  fwd=165.6ms  bwd=95.2ms  total=276.1ms
[  13000] loss=14.1118  ema_loss=14.1117  gap=0.6426  ema_gap=0.6445  mixup=52/200  2.9 sps  ETA 2.6h  cpc=0.0284
              R²_rand=0.6293  R²_naive=0.6459  U_t=0.9386  U_b=0.8796  AUC=1.0000  Top1=0.9981
  timing: data=14.6ms  fwd=163.4ms  bwd=94.9ms  total=273.8ms
[  13200] loss=14.0968  ema_loss=14.1077  gap=0.6490  ema_gap=0.6446  mixup=52/200  2.9 sps  ETA 2.6h  cpc=0.0207
              R²_rand=0.6307  R²_naive=0.6453  U_t=0.9305  U_b=0.9203  AUC=1.0000  Top1=0.9981
  timing: data=28.9ms  fwd=166.3ms  bwd=95.7ms  total=291.8ms
  -> Saved /home/jupyter/wt-cf-390-train/experiments/2026-08-01_lalign_teacher/runs/bb_small_arm5_nse_lalign_lrep_enc3l3_b64_200k_sigreg_ema_qk_aon_cpc_tau090_alignteacher_best_loss.pth
[  13400] loss=14.1855  ema_loss=14.1081  gap=0.6640  ema_gap=0.6462  mixup=63/200  2.9 sps  ETA 2.5h  cpc=0.0563
              R²_rand=0.6302  R²_naive=0.6528  U_t=0.8076  U_b=0.7976  AUC=1.0000  Top1=0.9981
  timing: data=12.1ms  fwd=168.3ms  bwd=95.6ms  total=276.9ms
[  13600] loss=14.0846  ema_loss=14.1105  gap=0.6520  ema_gap=0.6473  mixup=53/200  2.9 sps  ETA 2.5h  cpc=0.0068
              R²_rand=0.6257  R²_naive=0.6461  U_t=0.8808  U_b=0.9361  AUC=1.0000  Top1=0.9978
  timing: data=9.9ms  fwd=169.9ms  bwd=94.5ms  total=275.2ms
[  13800] loss=14.0951  ema_loss=14.1204  gap=0.6467  ema_gap=0.6467  mixup=69/200  2.9 sps  ETA 2.5h  cpc=0.0170
              R²_rand=0.6296  R²_naive=0.6462  U_t=0.9071  U_b=0.9224  AUC=1.0000  Top1=0.9965
  timing: data=27.2ms  fwd=169.7ms  bwd=95.5ms  total=293.2ms
[  14000] loss=14.0942  ema_loss=14.1233  gap=0.6511  ema_gap=0.6472  mixup=66/200  2.9 sps  ETA 2.5h  cpc=0.0177
              R²_rand=0.6237  R²_naive=0.6468  U_t=0.9117  U_b=0.9217  AUC=1.0000  Top1=0.9984
  timing: data=14.0ms  fwd=167.7ms  bwd=94.9ms  total=277.5ms
[  14200] loss=14.1270  ema_loss=14.1275  gap=0.6478  ema_gap=0.6486  mixup=57/200  2.9 sps  ETA 2.5h  cpc=0.0172
              R²_rand=0.6195  R²_naive=0.6431  U_t=0.8677  U_b=0.9082  AUC=1.0000  Top1=0.9981
  timing: data=12.5ms  fwd=167.8ms  bwd=95.5ms  total=276.7ms
[  14400] loss=14.1050  ema_loss=14.1167  gap=0.6401  ema_gap=0.6475  mixup=65/200  2.9 sps  ETA 2.4h  cpc=0.0165
              R²_rand=0.6237  R²_naive=0.6418  U_t=0.8894  U_b=0.9302  AUC=1.0000  Top1=0.9989
  timing: data=25.9ms  fwd=168.6ms  bwd=95.2ms  total=290.5ms
[  14600] loss=14.1141  ema_loss=14.1208  gap=0.6519  ema_gap=0.6467  mixup=62/200  2.9 sps  ETA 2.4h  cpc=0.0160
              R²_rand=0.6289  R²_naive=0.6444  U_t=0.8779  U_b=0.9310  AUC=1.0000  Top1=0.9986
  timing: data=12.2ms  fwd=166.6ms  bwd=95.5ms  total=275.2ms
[  14800] loss=14.1471  ema_loss=14.1205  gap=0.6395  ema_gap=0.6499  mixup=63/200  2.9 sps  ETA 2.4h  cpc=0.0412
              R²_rand=0.6221  R²_naive=0.6399  U_t=0.9292  U_b=0.8465  AUC=1.0000  Top1=0.9978
  timing: data=15.3ms  fwd=168.2ms  bwd=95.1ms  total=279.5ms
  -> Saved /home/jupyter/wt-cf-390-train/experiments/2026-08-01_lalign_teacher/runs/bb_small_arm5_nse_lalign_lrep_enc3l3_b64_200k_sigreg_ema_qk_aon_cpc_tau090_alignteacher_best_gap.pth
[  15000] loss=14.1338  ema_loss=14.1089  gap=0.6530  ema_gap=0.6525  mixup=44/200  2.9 sps  ETA 2.4h  cpc=0.0254
              R²_rand=0.6312  R²_naive=0.6446  U_t=0.8703  U_b=0.9205  AUC=1.0000  Top1=0.9981
  timing: data=40.5ms  fwd=168.0ms  bwd=95.4ms  total=304.8ms
  -> Saved /home/jupyter/wt-cf-390-train/experiments/2026-08-01_lalign_teacher/runs/bb_small_arm5_nse_lalign_lrep_enc3l3_b64_200k_sigreg_ema_qk_aon_cpc_tau090_alignteacher_best_gap.pth
[  15200] loss=14.1264  ema_loss=14.1158  gap=0.6528  ema_gap=0.6525  mixup=59/200  2.9 sps  ETA 2.4h  cpc=0.0281
              R²_rand=0.6288  R²_naive=0.6478  U_t=0.9317  U_b=0.9063  AUC=1.0000  Top1=0.9970
  timing: data=12.4ms  fwd=166.7ms  bwd=95.9ms  total=275.9ms
  -> Saved /home/jupyter/wt-cf-390-train/experiments/2026-08-01_lalign_teacher/runs/bb_small_arm5_nse_lalign_lrep_enc3l3_b64_200k_sigreg_ema_qk_aon_cpc_tau090_alignteacher_best_gap.pth
[  15400] loss=14.0901  ema_loss=14.1193  gap=0.6418  ema_gap=0.6495  mixup=67/200  2.9 sps  ETA 2.3h  cpc=0.0158
              R²_rand=0.6295  R²_naive=0.6440  U_t=0.9098  U_b=0.9326  AUC=1.0000  Top1=0.9989
  timing: data=13.6ms  fwd=167.1ms  bwd=94.7ms  total=276.3ms
[  15600] loss=14.0824  ema_loss=14.1133  gap=0.6496  ema_gap=0.6503  mixup=60/200  2.9 sps  ETA 2.3h  cpc=0.0149
              R²_rand=0.6220  R²_naive=0.6459  U_t=0.9267  U_b=0.9247  AUC=1.0000  Top1=0.9986
  timing: data=10.2ms  fwd=171.0ms  bwd=95.2ms  total=277.3ms
[  15800] loss=14.1021  ema_loss=14.1127  gap=0.6459  ema_gap=0.6466  mixup=46/200  2.9 sps  ETA 2.3h  cpc=0.0154
              R²_rand=0.6304  R²_naive=0.6420  U_t=0.9164  U_b=0.9332  AUC=1.0000  Top1=0.9989
  timing: data=48.9ms  fwd=167.1ms  bwd=95.1ms  total=312.1ms
[  16000] loss=14.0897  ema_loss=14.1188  gap=0.6346  ema_gap=0.6434  mixup=62/200  2.9 sps  ETA 2.3h  cpc=0.0131
              R²_rand=0.6217  R²_naive=0.6416  U_t=0.9448  U_b=0.9190  AUC=1.0000  Top1=0.9978
  timing: data=11.5ms  fwd=168.6ms  bwd=94.1ms  total=275.0ms
[  16200] loss=14.0816  ema_loss=14.1090  gap=0.6383  ema_gap=0.6434  mixup=66/200  2.9 sps  ETA 2.3h  cpc=0.0130
              R²_rand=0.6237  R²_naive=0.6418  U_t=0.8856  U_b=0.9306  AUC=1.0000  Top1=0.9989
  timing: data=11.3ms  fwd=169.5ms  bwd=94.5ms  total=276.2ms
[  16400] loss=14.0933  ema_loss=14.1061  gap=0.6454  ema_gap=0.6431  mixup=70/200  2.9 sps  ETA 2.3h  cpc=0.0195
              R²_rand=0.6319  R²_naive=0.6427  U_t=0.9294  U_b=0.9218  AUC=1.0000  Top1=0.9978
  timing: data=24.5ms  fwd=168.8ms  bwd=96.3ms  total=290.5ms
  -> Saved /home/jupyter/wt-cf-390-train/experiments/2026-08-01_lalign_teacher/runs/bb_small_arm5_nse_lalign_lrep_enc3l3_b64_200k_sigreg_ema_qk_aon_cpc_tau090_alignteacher_best_loss.pth
[  16600] loss=14.1315  ema_loss=14.1002  gap=0.6464  ema_gap=0.6444  mixup=57/200  2.9 sps  ETA 2.2h  cpc=0.0285
              R²_rand=0.6383  R²_naive=0.6460  U_t=0.8745  U_b=0.8961  AUC=1.0000  Top1=0.9989
  timing: data=16.0ms  fwd=162.9ms  bwd=94.4ms  total=274.1ms
  -> Saved /home/jupyter/wt-cf-390-train/experiments/2026-08-01_lalign_teacher/runs/bb_small_arm5_nse_lalign_lrep_enc3l3_b64_200k_sigreg_ema_qk_aon_cpc_tau090_alignteacher_best_loss.pth
[  16800] loss=14.1114  ema_loss=14.1022  gap=0.6515  ema_gap=0.6437  mixup=56/200  2.9 sps  ETA 2.2h  cpc=0.0279
              R²_rand=0.6376  R²_naive=0.6477  U_t=0.8979  U_b=0.9311  AUC=1.0000  Top1=0.9973
  timing: data=8.6ms  fwd=171.7ms  bwd=96.2ms  total=277.4ms
[  17000] loss=14.1049  ema_loss=14.1021  gap=0.6537  ema_gap=0.6447  mixup=64/200  2.9 sps  ETA 2.2h  cpc=0.0221
              R²_rand=0.6252  R²_naive=0.6462  U_t=0.9105  U_b=0.9251  AUC=1.0000  Top1=0.9970
  timing: data=49.3ms  fwd=165.6ms  bwd=94.9ms  total=310.7ms
[  17200] loss=14.0688  ema_loss=14.1033  gap=0.6538  ema_gap=0.6473  mixup=56/200  2.9 sps  ETA 2.2h  cpc=0.0074
              R²_rand=0.6346  R²_naive=0.6464  U_t=0.9139  U_b=0.9434  AUC=1.0000  Top1=0.9995
  timing: data=13.5ms  fwd=166.7ms  bwd=94.8ms  total=275.9ms
[  17400] loss=14.0639  ema_loss=14.1052  gap=0.6500  ema_gap=0.6508  mixup=64/200  2.9 sps  ETA 2.2h  cpc=0.0121
              R²_rand=0.6219  R²_naive=0.6443  U_t=0.9233  U_b=0.9383  AUC=1.0000  Top1=0.9997
  timing: data=12.5ms  fwd=168.3ms  bwd=95.2ms  total=276.9ms
[  17600] loss=14.0927  ema_loss=14.1024  gap=0.6374  ema_gap=0.6515  mixup=62/200  2.9 sps  ETA 2.1h  cpc=0.0132
              R²_rand=0.6266  R²_naive=0.6385  U_t=0.8810  U_b=0.9422  AUC=1.0000  Top1=0.9981
  timing: data=35.2ms  fwd=168.7ms  bwd=96.2ms  total=300.9ms
[  17800] loss=14.0653  ema_loss=14.1000  gap=0.6579  ema_gap=0.6529  mixup=54/200  2.9 sps  ETA 2.1h  cpc=0.0123
              R²_rand=0.6353  R²_naive=0.6492  U_t=0.9126  U_b=0.9287  AUC=1.0000  Top1=0.9984
  timing: data=11.9ms  fwd=166.8ms  bwd=95.0ms  total=274.6ms
  -> Saved /home/jupyter/wt-cf-390-train/experiments/2026-08-01_lalign_teacher/runs/bb_small_arm5_nse_lalign_lrep_enc3l3_b64_200k_sigreg_ema_qk_aon_cpc_tau090_alignteacher_best_gap.pth
  -> Saved /home/jupyter/wt-cf-390-train/experiments/2026-08-01_lalign_teacher/runs/bb_small_arm5_nse_lalign_lrep_enc3l3_b64_200k_sigreg_ema_qk_aon_cpc_tau090_alignteacher_best_loss.pth
[  18000] loss=14.1517  ema_loss=14.1077  gap=0.6494  ema_gap=0.6543  mixup=60/200  2.9 sps  ETA 2.1h  cpc=0.0530
              R²_rand=0.6272  R²_naive=0.6412  U_t=0.9223  U_b=0.8566  AUC=1.0000  Top1=0.9981
  timing: data=12.6ms  fwd=167.2ms  bwd=95.1ms  total=275.9ms
  -> Saved /home/jupyter/wt-cf-390-train/experiments/2026-08-01_lalign_teacher/runs/bb_small_arm5_nse_lalign_lrep_enc3l3_b64_200k_sigreg_ema_qk_aon_cpc_tau090_alignteacher_best_gap.pth
[  18200] loss=14.0897  ema_loss=14.1171  gap=0.6483  ema_gap=0.6519  mixup=51/200  2.9 sps  ETA 2.1h  cpc=0.0174
              R²_rand=0.6308  R²_naive=0.6484  U_t=0.9178  U_b=0.9161  AUC=1.0000  Top1=0.9989
  timing: data=37.1ms  fwd=167.6ms  bwd=94.7ms  total=300.3ms
[  18400] loss=14.0998  ema_loss=14.1205  gap=0.6514  ema_gap=0.6510  mixup=58/200  2.9 sps  ETA 2.1h  cpc=0.0134
              R²_rand=0.6268  R²_naive=0.6460  U_t=0.9012  U_b=0.9191  AUC=1.0000  Top1=0.9981
  timing: data=11.3ms  fwd=168.8ms  bwd=94.6ms  total=275.5ms
[  18600] loss=14.1045  ema_loss=14.1309  gap=0.6549  ema_gap=0.6466  mixup=63/200  2.9 sps  ETA 2.0h  cpc=0.0070
              R²_rand=0.6330  R²_naive=0.6472  U_t=0.8880  U_b=0.9362  AUC=1.0000  Top1=0.9986
  timing: data=11.4ms  fwd=170.5ms  bwd=95.1ms  total=278.0ms
[  18800] loss=14.1228  ema_loss=14.1274  gap=0.6458  ema_gap=0.6449  mixup=61/200  2.9 sps  ETA 2.0h  cpc=0.0152
              R²_rand=0.6179  R²_naive=0.6422  U_t=0.8951  U_b=0.9352  AUC=1.0000  Top1=0.9978
  timing: data=25.0ms  fwd=168.6ms  bwd=94.5ms  total=289.0ms
[  19000] loss=14.1097  ema_loss=14.1272  gap=0.6340  ema_gap=0.6433  mixup=63/200  2.9 sps  ETA 2.0h  cpc=0.0135
              R²_rand=0.6217  R²_naive=0.6368  U_t=0.9010  U_b=0.9306  AUC=1.0000  Top1=0.9929
  timing: data=10.8ms  fwd=169.8ms  bwd=95.7ms  total=277.2ms
[  19200] loss=14.1107  ema_loss=14.1240  gap=0.6471  ema_gap=0.6452  mixup=58/200  2.9 sps  ETA 2.0h  cpc=0.0175
              R²_rand=0.6226  R²_naive=0.6420  U_t=0.9120  U_b=0.9273  AUC=1.0000  Top1=0.9981
  timing: data=8.7ms  fwd=171.5ms  bwd=95.2ms  total=276.3ms
[  19400] loss=14.0900  ema_loss=14.1261  gap=0.6551  ema_gap=0.6445  mixup=63/200  2.9 sps  ETA 2.0h  cpc=0.0095
              R²_rand=0.6287  R²_naive=0.6472  U_t=0.9121  U_b=0.9205  AUC=1.0000  Top1=0.9984
  timing: data=24.6ms  fwd=166.6ms  bwd=96.1ms  total=288.2ms
[  19600] loss=14.1132  ema_loss=14.1328  gap=0.6316  ema_gap=0.6429  mixup=57/200  2.9 sps  ETA 1.9h  cpc=0.0134
              R²_rand=0.6033  R²_naive=0.6347  U_t=0.9187  U_b=0.9274  AUC=1.0000  Top1=0.9967
  timing: data=17.2ms  fwd=166.4ms  bwd=97.1ms  total=281.6ms
[  19800] loss=14.0980  ema_loss=14.1280  gap=0.6475  ema_gap=0.6419  mixup=61/200  2.9 sps  ETA 1.9h  cpc=0.0106
              R²_rand=0.6307  R²_naive=0.6428  U_t=0.9113  U_b=0.9295  AUC=1.0000  Top1=0.9986
  timing: data=12.3ms  fwd=167.9ms  bwd=94.6ms  total=275.7ms
[  20000] loss=14.0962  ema_loss=14.1295  gap=0.6442  ema_gap=0.6423  mixup=59/200  2.9 sps  ETA 1.9h  cpc=0.0055
              R²_rand=0.6172  R²_naive=0.6443  U_t=0.9210  U_b=0.9388  AUC=1.0000  Top1=0.9984
  timing: data=36.3ms  fwd=168.3ms  bwd=94.5ms  total=300.0ms
  -> Saved /home/jupyter/wt-cf-390-train/experiments/2026-08-01_lalign_teacher/runs/bb_small_arm5_nse_lalign_lrep_enc3l3_b64_200k_sigreg_ema_qk_aon_cpc_tau090_alignteacher_20k.pth
[  20200] loss=14.2020  ema_loss=14.1295  gap=0.6408  ema_gap=0.6429  mixup=59/200  2.9 sps  ETA 1.9h  cpc=0.0701
              R²_rand=0.6291  R²_naive=0.6381  U_t=0.9338  U_b=0.8018  AUC=1.0000  Top1=0.9970
  timing: data=12.3ms  fwd=168.0ms  bwd=94.4ms  total=275.6ms
[  20400] loss=14.1458  ema_loss=14.1315  gap=0.6428  ema_gap=0.6435  mixup=64/200  2.9 sps  ETA 1.9h  cpc=0.0345
              R²_rand=0.6245  R²_naive=0.6410  U_t=0.9389  U_b=0.8639  AUC=1.0000  Top1=0.9986
  timing: data=12.2ms  fwd=164.6ms  bwd=96.2ms  total=274.0ms
[  20600] loss=14.1492  ema_loss=14.1262  gap=0.6233  ema_gap=0.6432  mixup=60/200  2.9 sps  ETA 1.9h  cpc=0.0218
              R²_rand=0.6362  R²_naive=0.6377  U_t=0.8615  U_b=0.9281  AUC=1.0000  Top1=0.9948
  timing: data=13.5ms  fwd=166.7ms  bwd=94.5ms  total=275.6ms
[  20800] loss=14.1098  ema_loss=14.1264  gap=0.6508  ema_gap=0.6440  mixup=54/200  2.9 sps  ETA 1.8h  cpc=0.0098
              R²_rand=0.6267  R²_naive=0.6481  U_t=0.9346  U_b=0.9262  AUC=1.0000  Top1=0.9976
  timing: data=30.6ms  fwd=169.0ms  bwd=94.0ms  total=294.5ms
[  21000] loss=14.0930  ema_loss=14.1303  gap=0.6509  ema_gap=0.6406  mixup=65/200  2.9 sps  ETA 1.8h  cpc=0.0065
              R²_rand=0.6263  R²_naive=0.6445  U_t=0.9228  U_b=0.9369  AUC=1.0000  Top1=0.9989
  timing: data=12.6ms  fwd=167.6ms  bwd=94.8ms  total=276.0ms
[  21200] loss=14.1974  ema_loss=14.1380  gap=0.6496  ema_gap=0.6431  mixup=62/200  2.9 sps  ETA 1.8h  cpc=0.0338
              R²_rand=0.6173  R²_naive=0.6431  U_t=0.8562  U_b=0.9313  AUC=1.0000  Top1=0.9962
  timing: data=15.2ms  fwd=166.3ms  bwd=95.3ms  total=277.7ms
[  21400] loss=14.1187  ema_loss=14.1359  gap=0.6314  ema_gap=0.6414  mixup=66/200  2.9 sps  ETA 1.8h  cpc=0.0193
              R²_rand=0.6292  R²_naive=0.6358  U_t=0.9044  U_b=0.9317  AUC=1.0000  Top1=0.9978
  timing: data=34.3ms  fwd=170.6ms  bwd=94.5ms  total=300.3ms
[  21600] loss=14.1337  ema_loss=14.1353  gap=0.6432  ema_gap=0.6436  mixup=51/200  2.9 sps  ETA 1.8h  cpc=0.0175
              R²_rand=0.6293  R²_naive=0.6430  U_t=0.9316  U_b=0.9273  AUC=1.0000  Top1=0.9989
  timing: data=11.8ms  fwd=168.9ms  bwd=93.5ms  total=275.1ms
[  21800] loss=14.1375  ema_loss=14.1450  gap=0.6481  ema_gap=0.6432  mixup=72/200  2.9 sps  ETA 1.7h  cpc=0.0178
              R²_rand=0.6256  R²_naive=0.6428  U_t=0.8790  U_b=0.9395  AUC=1.0000  Top1=0.9970
  timing: data=12.5ms  fwd=169.3ms  bwd=95.0ms  total=277.7ms
[  22000] loss=14.1394  ema_loss=14.1422  gap=0.6460  ema_gap=0.6417  mixup=50/200  2.9 sps  ETA 1.7h  cpc=0.0141
              R²_rand=0.6236  R²_naive=0.6419  U_t=0.9042  U_b=0.9259  AUC=1.0000  Top1=0.9973
  timing: data=23.3ms  fwd=169.4ms  bwd=95.9ms  total=289.5ms
[  22200] loss=14.2467  ema_loss=14.1471  gap=0.6447  ema_gap=0.6404  mixup=70/200  2.9 sps  ETA 1.7h  cpc=0.0754
              R²_rand=0.6223  R²_naive=0.6434  U_t=0.9141  U_b=0.7982  AUC=1.0000  Top1=0.9965
  timing: data=13.1ms  fwd=168.8ms  bwd=95.4ms  total=278.2ms
[  22400] loss=14.1509  ema_loss=14.1518  gap=0.6442  ema_gap=0.6363  mixup=70/200  2.9 sps  ETA 1.7h  cpc=0.0253
              R²_rand=0.6296  R²_naive=0.6453  U_t=0.9056  U_b=0.8646  AUC=1.0000  Top1=0.9986
  timing: data=16.2ms  fwd=165.7ms  bwd=96.3ms  total=279.1ms
[  22600] loss=14.1069  ema_loss=14.1449  gap=0.6388  ema_gap=0.6363  mixup=62/200  2.9 sps  ETA 1.7h  cpc=0.0082
              R²_rand=0.6256  R²_naive=0.6375  U_t=0.9470  U_b=0.9413  AUC=1.0000  Top1=0.9978
  timing: data=30.7ms  fwd=171.3ms  bwd=96.2ms  total=299.0ms
[  22800] loss=14.1706  ema_loss=14.1457  gap=0.6334  ema_gap=0.6376  mixup=47/200  2.9 sps  ETA 1.6h  cpc=0.0203
              R²_rand=0.6298  R²_naive=0.6373  U_t=0.8777  U_b=0.9280  AUC=1.0000  Top1=0.9946
  timing: data=12.3ms  fwd=168.1ms  bwd=94.1ms  total=275.4ms
[  23000] loss=14.1113  ema_loss=14.1380  gap=0.6409  ema_gap=0.6410  mixup=48/200  2.9 sps  ETA 1.6h  cpc=0.0139
              R²_rand=0.6309  R²_naive=0.6424  U_t=0.9382  U_b=0.9274  AUC=1.0000  Top1=0.9984
  timing: data=10.9ms  fwd=171.9ms  bwd=94.6ms  total=278.3ms
[  23200] loss=14.1386  ema_loss=14.1357  gap=0.6302  ema_gap=0.6407  mixup=52/200  2.9 sps  ETA 1.6h  cpc=0.0228
              R²_rand=0.6269  R²_naive=0.6364  U_t=0.8858  U_b=0.9204  AUC=1.0000  Top1=0.9959
  timing: data=31.5ms  fwd=169.5ms  bwd=95.3ms  total=297.2ms
[  23400] loss=14.1309  ema_loss=14.1558  gap=0.6447  ema_gap=0.6410  mixup=63/200  2.9 sps  ETA 1.6h  cpc=0.0097
              R²_rand=0.6204  R²_naive=0.6410  U_t=0.9179  U_b=0.9403  AUC=1.0000  Top1=0.9962
  timing: data=11.0ms  fwd=170.4ms  bwd=95.3ms  total=277.5ms
[  23600] loss=14.1159  ema_loss=14.1533  gap=0.6415  ema_gap=0.6430  mixup=55/200  2.9 sps  ETA 1.6h  cpc=0.0093
              R²_rand=0.6239  R²_naive=0.6378  U_t=0.9456  U_b=0.9387  AUC=1.0000  Top1=0.9981
  timing: data=10.2ms  fwd=169.0ms  bwd=95.4ms  total=275.5ms
[  23800] loss=14.1666  ema_loss=14.1578  gap=0.6368  ema_gap=0.6415  mixup=55/200  2.9 sps  ETA 1.5h  cpc=0.0128
              R²_rand=0.6268  R²_naive=0.6350  U_t=0.9114  U_b=0.9398  AUC=1.0000  Top1=0.9954
  timing: data=23.3ms  fwd=170.8ms  bwd=95.0ms  total=290.0ms
[  24000] loss=14.1366  ema_loss=14.1669  gap=0.6496  ema_gap=0.6385  mixup=61/200  2.9 sps  ETA 1.5h  cpc=0.0109
              R²_rand=0.6296  R²_naive=0.6417  U_t=0.9313  U_b=0.9301  AUC=1.0000  Top1=0.9992
  timing: data=13.4ms  fwd=165.4ms  bwd=94.2ms  total=273.9ms
[  24200] loss=14.1558  ema_loss=14.1714  gap=0.6440  ema_gap=0.6408  mixup=61/200  2.9 sps  ETA 1.5h  cpc=0.0131
              R²_rand=0.6203  R²_naive=0.6428  U_t=0.8586  U_b=0.9273  AUC=1.0000  Top1=0.9967
  timing: data=12.5ms  fwd=169.1ms  bwd=95.8ms  total=278.2ms
[  24400] loss=14.1215  ema_loss=14.1567  gap=0.6473  ema_gap=0.6418  mixup=56/200  2.9 sps  ETA 1.5h  cpc=0.0063
              R²_rand=0.6270  R²_naive=0.6449  U_t=0.9417  U_b=0.9407  AUC=1.0000  Top1=0.9989
  timing: data=31.0ms  fwd=166.4ms  bwd=96.4ms  total=294.7ms
[  24600] loss=14.1373  ema_loss=14.1565  gap=0.6309  ema_gap=0.6443  mixup=54/200  2.9 sps  ETA 1.5h  cpc=0.0218
              R²_rand=0.6335  R²_naive=0.6381  U_t=0.8730  U_b=0.9336  AUC=1.0000  Top1=0.9978
  timing: data=12.1ms  fwd=166.7ms  bwd=93.8ms  total=273.4ms
[  24800] loss=14.1931  ema_loss=14.1622  gap=0.6386  ema_gap=0.6454  mixup=62/200  2.9 sps  ETA 1.5h  cpc=0.0291
              R²_rand=0.6179  R²_naive=0.6371  U_t=0.9077  U_b=0.8913  AUC=1.0000  Top1=0.9976
  timing: data=12.0ms  fwd=165.3ms  bwd=94.3ms  total=272.5ms
[  25000] loss=14.1449  ema_loss=14.1552  gap=0.6477  ema_gap=0.6439  mixup=60/200  2.9 sps  ETA 1.4h  cpc=0.0138
              R²_rand=0.6238  R²_naive=0.6394  U_t=0.8994  U_b=0.9191  AUC=1.0000  Top1=0.9981
  timing: data=34.3ms  fwd=165.5ms  bwd=93.6ms  total=294.3ms
[  25200] loss=14.1654  ema_loss=14.1501  gap=0.6478  ema_gap=0.6429  mixup=77/200  2.9 sps  ETA 1.4h  cpc=0.0295
              R²_rand=0.6273  R²_naive=0.6398  U_t=0.9024  U_b=0.9234  AUC=1.0000  Top1=0.9978
  timing: data=12.0ms  fwd=166.0ms  bwd=95.1ms  total=274.0ms
[  25400] loss=14.1562  ema_loss=14.1459  gap=0.6265  ema_gap=0.6432  mixup=60/200  2.9 sps  ETA 1.4h  cpc=0.0381
              R²_rand=0.6267  R²_naive=0.6371  U_t=0.9055  U_b=0.9107  AUC=0.9999  Top1=0.9938
  timing: data=10.9ms  fwd=168.1ms  bwd=93.9ms  total=273.7ms
[  25600] loss=14.1239  ema_loss=14.1456  gap=0.6416  ema_gap=0.6435  mixup=60/200  2.9 sps  ETA 1.4h  cpc=0.0105
              R²_rand=0.6200  R²_naive=0.6389  U_t=0.9400  U_b=0.9218  AUC=1.0000  Top1=0.9986
  timing: data=14.7ms  fwd=162.8ms  bwd=94.7ms  total=273.0ms
[  25800] loss=14.1270  ema_loss=14.1423  gap=0.6514  ema_gap=0.6468  mixup=67/200  2.9 sps  ETA 1.4h  cpc=0.0164
              R²_rand=0.6187  R²_naive=0.6463  U_t=0.9319  U_b=0.9292  AUC=1.0000  Top1=0.9978
  timing: data=24.2ms  fwd=167.2ms  bwd=94.7ms  total=286.9ms
[  26000] loss=14.1879  ema_loss=14.1431  gap=0.6352  ema_gap=0.6459  mixup=65/200  2.9 sps  ETA 1.3h  cpc=0.0558
              R²_rand=0.6364  R²_naive=0.6442  U_t=0.9191  U_b=0.8175  AUC=1.0000  Top1=0.9973
  timing: data=12.4ms  fwd=166.1ms  bwd=95.9ms  total=275.3ms
[  26200] loss=14.1305  ema_loss=14.1346  gap=0.6451  ema_gap=0.6451  mixup=60/200  2.9 sps  ETA 1.3h  cpc=0.0197
              R²_rand=0.6387  R²_naive=0.6490  U_t=0.8825  U_b=0.9104  AUC=1.0000  Top1=0.9973
  timing: data=16.9ms  fwd=162.4ms  bwd=93.7ms  total=273.9ms
[  26400] loss=14.1288  ema_loss=14.1373  gap=0.6460  ema_gap=0.6470  mixup=59/200  2.9 sps  ETA 1.3h  cpc=0.0195
              R²_rand=0.6280  R²_naive=0.6457  U_t=0.8945  U_b=0.9241  AUC=1.0000  Top1=0.9970
  timing: data=23.5ms  fwd=167.6ms  bwd=93.6ms  total=285.6ms
[  26600] loss=14.1663  ema_loss=14.1327  gap=0.6291  ema_gap=0.6502  mixup=56/200  2.9 sps  ETA 1.3h  cpc=0.0298
              R²_rand=0.6284  R²_naive=0.6374  U_t=0.8678  U_b=0.9142  AUC=1.0000  Top1=0.9959
  timing: data=13.3ms  fwd=167.7ms  bwd=95.0ms  total=276.9ms
[  26800] loss=14.2077  ema_loss=14.1402  gap=0.6248  ema_gap=0.6503  mixup=70/200  2.9 sps  ETA 1.3h  cpc=0.0414
              R²_rand=0.6305  R²_naive=0.6349  U_t=0.8236  U_b=0.9281  AUC=0.9999  Top1=0.9891
  timing: data=10.0ms  fwd=170.9ms  bwd=93.1ms  total=274.8ms
[  27000] loss=14.1155  ema_loss=14.1531  gap=0.6508  ema_gap=0.6490  mixup=53/200  2.9 sps  ETA 1.2h  cpc=0.0129
              R²_rand=0.6271  R²_naive=0.6456  U_t=0.8875  U_b=0.9368  AUC=1.0000  Top1=0.9984
  timing: data=29.0ms  fwd=166.5ms  bwd=93.7ms  total=290.1ms
[  27200] loss=14.1459  ema_loss=14.1289  gap=0.6616  ema_gap=0.6523  mixup=50/200  2.9 sps  ETA 1.2h  cpc=0.0295
              R²_rand=0.6335  R²_naive=0.6494  U_t=0.9369  U_b=0.8859  AUC=1.0000  Top1=0.9984
  timing: data=10.7ms  fwd=167.5ms  bwd=94.6ms  total=273.6ms
[  27400] loss=14.1240  ema_loss=14.1272  gap=0.6640  ema_gap=0.6539  mixup=53/200  2.9 sps  ETA 1.2h  cpc=0.0149
              R²_rand=0.6191  R²_naive=0.6518  U_t=0.8911  U_b=0.9268  AUC=1.0000  Top1=0.9978
  timing: data=11.7ms  fwd=168.2ms  bwd=94.5ms  total=275.3ms
[  27600] loss=14.1230  ema_loss=14.1318  gap=0.6466  ema_gap=0.6515  mixup=60/200  2.9 sps  ETA 1.2h  cpc=0.0161
              R²_rand=0.6216  R²_naive=0.6433  U_t=0.9120  U_b=0.9210  AUC=1.0000  Top1=0.9995
  timing: data=26.7ms  fwd=163.1ms  bwd=94.4ms  total=285.0ms
[  27800] loss=14.1169  ema_loss=14.1234  gap=0.6393  ema_gap=0.6528  mixup=48/200  2.9 sps  ETA 1.2h  cpc=0.0135
              R²_rand=0.6245  R²_naive=0.6379  U_t=0.8928  U_b=0.9381  AUC=1.0000  Top1=0.9954
  timing: data=10.6ms  fwd=169.6ms  bwd=95.2ms  total=276.3ms
[  28000] loss=14.0921  ema_loss=14.1168  gap=0.6563  ema_gap=0.6558  mixup=49/200  2.9 sps  ETA 1.1h  cpc=0.0081
              R²_rand=0.6324  R²_naive=0.6503  U_t=0.9299  U_b=0.9262  AUC=1.0000  Top1=0.9984
  timing: data=13.1ms  fwd=165.0ms  bwd=94.2ms  total=273.1ms
  -> Saved /home/jupyter/wt-cf-390-train/experiments/2026-08-01_lalign_teacher/runs/bb_small_arm5_nse_lalign_lrep_enc3l3_b64_200k_sigreg_ema_qk_aon_cpc_tau090_alignteacher_best_gap.pth
[  28200] loss=14.0843  ema_loss=14.1261  gap=0.6619  ema_gap=0.6575  mixup=61/200  2.9 sps  ETA 1.1h  cpc=0.0124
              R²_rand=0.6251  R²_naive=0.6503  U_t=0.9260  U_b=0.9286  AUC=1.0000  Top1=0.9984
  timing: data=27.8ms  fwd=162.6ms  bwd=93.1ms  total=284.4ms
  -> Saved /home/jupyter/wt-cf-390-train/experiments/2026-08-01_lalign_teacher/runs/bb_small_arm5_nse_lalign_lrep_enc3l3_b64_200k_sigreg_ema_qk_aon_cpc_tau090_alignteacher_best_gap.pth
[  28400] loss=14.2073  ema_loss=14.1300  gap=0.6297  ema_gap=0.6542  mixup=61/200  2.9 sps  ETA 1.1h  cpc=0.0223
              R²_rand=0.6208  R²_naive=0.6306  U_t=0.8703  U_b=0.9172  AUC=0.9999  Top1=0.9875
  timing: data=11.6ms  fwd=169.8ms  bwd=93.4ms  total=275.6ms
[  28600] loss=14.0952  ema_loss=14.1201  gap=0.6600  ema_gap=0.6548  mixup=61/200  2.9 sps  ETA 1.1h  cpc=0.0106
              R²_rand=0.6332  R²_naive=0.6492  U_t=0.8693  U_b=0.9318  AUC=1.0000  Top1=0.9978
  timing: data=14.5ms  fwd=164.9ms  bwd=94.8ms  total=275.2ms
[  28800] loss=14.1112  ema_loss=14.1232  gap=0.6497  ema_gap=0.6553  mixup=63/200  2.9 sps  ETA 1.1h  cpc=0.0134
              R²_rand=0.6201  R²_naive=0.6428  U_t=0.9107  U_b=0.9311  AUC=1.0000  Top1=0.9978
  timing: data=28.5ms  fwd=163.4ms  bwd=93.1ms  total=285.8ms
[  29000] loss=14.1155  ema_loss=14.1237  gap=0.6571  ema_gap=0.6586  mixup=60/200  2.9 sps  ETA 1.0h  cpc=0.0157
              R²_rand=0.6282  R²_naive=0.6483  U_t=0.8985  U_b=0.9205  AUC=1.0000  Top1=0.9989
  timing: data=8.8ms  fwd=167.4ms  bwd=94.2ms  total=271.2ms
  -> Saved /home/jupyter/wt-cf-390-train/experiments/2026-08-01_lalign_teacher/runs/bb_small_arm5_nse_lalign_lrep_enc3l3_b64_200k_sigreg_ema_qk_aon_cpc_tau090_alignteacher_best_gap.pth
[  29200] loss=14.1344  ema_loss=14.1232  gap=0.6281  ema_gap=0.6598  mixup=62/200  2.9 sps  ETA 1.0h  cpc=0.0221
              R²_rand=0.6255  R²_naive=0.6345  U_t=0.8503  U_b=0.9235  AUC=0.9999  Top1=0.9900
  timing: data=13.2ms  fwd=165.8ms  bwd=95.3ms  total=275.2ms
  -> Saved /home/jupyter/wt-cf-390-train/experiments/2026-08-01_lalign_teacher/runs/bb_small_arm5_nse_lalign_lrep_enc3l3_b64_200k_sigreg_ema_qk_aon_cpc_tau090_alignteacher_best_gap.pth
[  29400] loss=14.0953  ema_loss=14.1224  gap=0.6522  ema_gap=0.6626  mixup=54/200  2.9 sps  ETA 1.0h  cpc=0.0057
              R²_rand=0.6345  R²_naive=0.6486  U_t=0.9320  U_b=0.9420  AUC=1.0000  Top1=0.9973
  timing: data=25.0ms  fwd=167.4ms  bwd=94.4ms  total=287.7ms
  -> Saved /home/jupyter/wt-cf-390-train/experiments/2026-08-01_lalign_teacher/runs/bb_small_arm5_nse_lalign_lrep_enc3l3_b64_200k_sigreg_ema_qk_aon_cpc_tau090_alignteacher_best_gap.pth
[  29600] loss=14.1552  ema_loss=14.1216  gap=0.6706  ema_gap=0.6593  mixup=56/200  2.9 sps  ETA 1.0h  cpc=0.0438
              R²_rand=0.6338  R²_naive=0.6550  U_t=0.9071  U_b=0.8655  AUC=1.0000  Top1=0.9989
  timing: data=10.0ms  fwd=169.8ms  bwd=95.0ms  total=275.7ms
[  29800] loss=14.1519  ema_loss=14.1295  gap=0.6584  ema_gap=0.6594  mixup=61/200  2.9 sps  ETA 1.0h  cpc=0.0155
              R²_rand=0.6319  R²_naive=0.6470  U_t=0.9206  U_b=0.9307  AUC=1.0000  Top1=0.9984
  timing: data=12.2ms  fwd=165.4ms  bwd=93.6ms  total=272.1ms
[  30000] loss=14.1013  ema_loss=14.1395  gap=0.6504  ema_gap=0.6571  mixup=62/200  2.9 sps  ETA 1.0h  cpc=0.0066
              R²_rand=0.6365  R²_naive=0.6470  U_t=0.9104  U_b=0.9486  AUC=1.0000  Top1=0.9970
  timing: data=22.8ms  fwd=168.8ms  bwd=94.1ms  total=286.5ms
  -> Saved /home/jupyter/wt-cf-390-train/experiments/2026-08-01_lalign_teacher/runs/bb_small_arm5_nse_lalign_lrep_enc3l3_b64_200k_sigreg_ema_qk_aon_cpc_tau090_alignteacher_30k.pth
[  30200] loss=14.1412  ema_loss=14.1371  gap=0.6343  ema_gap=0.6557  mixup=70/200  2.9 sps  ETA 0.9h  cpc=0.0128
              R²_rand=0.6201  R²_naive=0.6328  U_t=0.9165  U_b=0.9381  AUC=0.9999  Top1=0.9848
  timing: data=10.9ms  fwd=166.5ms  bwd=92.9ms  total=271.2ms
[  30400] loss=14.1830  ema_loss=14.1298  gap=0.6475  ema_gap=0.6561  mixup=68/200  2.9 sps  ETA 0.9h  cpc=0.0631
              R²_rand=0.6320  R²_naive=0.6471  U_t=0.9332  U_b=0.8121  AUC=1.0000  Top1=0.9986
  timing: data=13.2ms  fwd=165.2ms  bwd=93.7ms  total=272.9ms
[  30600] loss=14.0850  ema_loss=14.1243  gap=0.6577  ema_gap=0.6569  mixup=58/200  2.9 sps  ETA 0.9h  cpc=0.0093
              R²_rand=0.6323  R²_naive=0.6499  U_t=0.9053  U_b=0.9350  AUC=1.0000  Top1=0.9992
  timing: data=10.0ms  fwd=167.1ms  bwd=94.8ms  total=272.8ms
[  30800] loss=14.1700  ema_loss=14.1285  gap=0.6655  ema_gap=0.6593  mixup=56/200  2.9 sps  ETA 0.9h  cpc=0.0523
              R²_rand=0.6212  R²_naive=0.6481  U_t=0.9336  U_b=0.8645  AUC=1.0000  Top1=0.9984
  timing: data=23.3ms  fwd=167.0ms  bwd=95.0ms  total=286.1ms
[  31000] loss=14.0901  ema_loss=14.1147  gap=0.6674  ema_gap=0.6591  mixup=56/200  2.9 sps  ETA 0.9h  cpc=0.0140
              R²_rand=0.6319  R²_naive=0.6529  U_t=0.9500  U_b=0.9272  AUC=1.0000  Top1=0.9995
  timing: data=12.2ms  fwd=164.9ms  bwd=93.1ms  total=271.1ms
[  31200] loss=14.1290  ema_loss=14.1181  gap=0.6366  ema_gap=0.6568  mixup=58/200  2.9 sps  ETA 0.8h  cpc=0.0184
              R²_rand=0.6221  R²_naive=0.6402  U_t=0.9004  U_b=0.9309  AUC=1.0000  Top1=0.9938
  timing: data=9.8ms  fwd=169.0ms  bwd=94.8ms  total=274.5ms
[  31400] loss=14.0936  ema_loss=14.1241  gap=0.6583  ema_gap=0.6570  mixup=60/200  2.9 sps  ETA 0.8h  cpc=0.0068
              R²_rand=0.6339  R²_naive=0.6516  U_t=0.8948  U_b=0.9379  AUC=1.0000  Top1=0.9984
  timing: data=24.4ms  fwd=165.8ms  bwd=93.1ms  total=284.2ms
[  31600] loss=14.1295  ema_loss=14.1226  gap=0.6636  ema_gap=0.6563  mixup=58/200  2.9 sps  ETA 0.8h  cpc=0.0227
              R²_rand=0.6235  R²_naive=0.6494  U_t=0.9100  U_b=0.9166  AUC=1.0000  Top1=0.9981
  timing: data=13.1ms  fwd=165.9ms  bwd=94.7ms  total=274.6ms
[  31800] loss=14.1216  ema_loss=14.1219  gap=0.6484  ema_gap=0.6543  mixup=53/200  2.9 sps  ETA 0.8h  cpc=0.0090
              R²_rand=0.6292  R²_naive=0.6437  U_t=0.9074  U_b=0.9421  AUC=1.0000  Top1=0.9984
  timing: data=10.3ms  fwd=168.7ms  bwd=95.6ms  total=275.5ms
[  32000] loss=14.0931  ema_loss=14.1253  gap=0.6515  ema_gap=0.6547  mixup=62/200  2.9 sps  ETA 0.8h  cpc=0.0132
              R²_rand=0.6241  R²_naive=0.6458  U_t=0.9033  U_b=0.9454  AUC=1.0000  Top1=0.9976
  timing: data=27.8ms  fwd=163.3ms  bwd=93.1ms  total=285.1ms
[  32200] loss=14.1277  ema_loss=14.1258  gap=0.6605  ema_gap=0.6543  mixup=69/200  2.9 sps  ETA 0.7h  cpc=0.0135
              R²_rand=0.6308  R²_naive=0.6475  U_t=0.8789  U_b=0.9436  AUC=1.0000  Top1=0.9976
  timing: data=14.3ms  fwd=164.1ms  bwd=94.5ms  total=273.8ms
[  32400] loss=14.1268  ema_loss=14.1242  gap=0.6609  ema_gap=0.6557  mixup=60/200  2.9 sps  ETA 0.7h  cpc=0.0267
              R²_rand=0.6374  R²_naive=0.6496  U_t=0.8874  U_b=0.9236  AUC=1.0000  Top1=0.9978
  timing: data=11.1ms  fwd=168.3ms  bwd=96.0ms  total=276.2ms
[  32600] loss=14.1464  ema_loss=14.1227  gap=0.6466  ema_gap=0.6547  mixup=61/200  2.9 sps  ETA 0.7h  cpc=0.0095
              R²_rand=0.6231  R²_naive=0.6468  U_t=0.9275  U_b=0.9345  AUC=1.0000  Top1=0.9967
  timing: data=27.8ms  fwd=162.2ms  bwd=94.2ms  total=285.2ms
[  32800] loss=14.1260  ema_loss=14.1213  gap=0.6612  ema_gap=0.6542  mixup=51/200  2.9 sps  ETA 0.7h  cpc=0.0239
              R²_rand=0.6245  R²_naive=0.6503  U_t=0.9139  U_b=0.9104  AUC=1.0000  Top1=0.9989
  timing: data=15.4ms  fwd=163.2ms  bwd=94.9ms  total=274.4ms
[  33000] loss=14.0943  ema_loss=14.1187  gap=0.6537  ema_gap=0.6543  mixup=52/200  2.9 sps  ETA 0.7h  cpc=0.0157
              R²_rand=0.6237  R²_naive=0.6515  U_t=0.9247  U_b=0.9321  AUC=1.0000  Top1=0.9995
  timing: data=10.2ms  fwd=167.6ms  bwd=94.1ms  total=272.7ms
[  33200] loss=14.1013  ema_loss=14.1322  gap=0.6507  ema_gap=0.6518  mixup=60/200  2.9 sps  ETA 0.6h  cpc=0.0129
              R²_rand=0.6252  R²_naive=0.6476  U_t=0.9236  U_b=0.9249  AUC=1.0000  Top1=0.9981
  timing: data=29.8ms  fwd=166.4ms  bwd=95.1ms  total=292.1ms
[  33400] loss=14.0932  ema_loss=14.1258  gap=0.6442  ema_gap=0.6489  mixup=65/200  2.9 sps  ETA 0.6h  cpc=0.0081
              R²_rand=0.6264  R²_naive=0.6455  U_t=0.9165  U_b=0.9433  AUC=1.0000  Top1=0.9984
  timing: data=15.5ms  fwd=161.6ms  bwd=92.7ms  total=270.7ms
[  33600] loss=14.2040  ema_loss=14.1231  gap=0.6505  ema_gap=0.6464  mixup=60/200  2.9 sps  ETA 0.6h  cpc=0.0701
              R²_rand=0.6351  R²_naive=0.6476  U_t=0.9188  U_b=0.8095  AUC=1.0000  Top1=0.9976
  timing: data=13.1ms  fwd=164.0ms  bwd=92.9ms  total=270.8ms
[  33800] loss=14.1046  ema_loss=14.1220  gap=0.6466  ema_gap=0.6448  mixup=70/200  2.9 sps  ETA 0.6h  cpc=0.0128
              R²_rand=0.6332  R²_naive=0.6505  U_t=0.8887  U_b=0.9238  AUC=1.0000  Top1=0.9970
  timing: data=25.9ms  fwd=163.3ms  bwd=93.2ms  total=283.3ms
[  34000] loss=14.0988  ema_loss=14.1241  gap=0.6442  ema_gap=0.6444  mixup=63/200  2.9 sps  ETA 0.6h  cpc=0.0124
              R²_rand=0.6419  R²_naive=0.6473  U_t=0.9135  U_b=0.9307  AUC=1.0000  Top1=0.9976
  timing: data=11.1ms  fwd=167.5ms  bwd=94.1ms  total=273.6ms
[  34200] loss=14.1847  ema_loss=14.1205  gap=0.6542  ema_gap=0.6467  mixup=61/200  2.9 sps  ETA 0.6h  cpc=0.0641
              R²_rand=0.6291  R²_naive=0.6509  U_t=0.9258  U_b=0.8220  AUC=1.0000  Top1=0.9992
  timing: data=10.0ms  fwd=170.2ms  bwd=95.6ms  total=276.7ms
[  34400] loss=14.1252  ema_loss=14.1240  gap=0.6473  ema_gap=0.6457  mixup=63/200  2.9 sps  ETA 0.5h  cpc=0.0139
              R²_rand=0.6334  R²_naive=0.6475  U_t=0.8760  U_b=0.9270  AUC=1.0000  Top1=0.9986
  timing: data=26.1ms  fwd=164.9ms  bwd=94.1ms  total=286.0ms
[  34600] loss=14.0879  ema_loss=14.1221  gap=0.6498  ema_gap=0.6452  mixup=64/200  2.9 sps  ETA 0.5h  cpc=0.0119
              R²_rand=0.6278  R²_naive=0.6513  U_t=0.9353  U_b=0.9390  AUC=1.0000  Top1=0.9989
  timing: data=12.2ms  fwd=165.7ms  bwd=93.3ms  total=272.0ms
[  34800] loss=14.1195  ema_loss=14.1183  gap=0.6403  ema_gap=0.6464  mixup=60/200  2.9 sps  ETA 0.5h  cpc=0.0212
              R²_rand=0.6313  R²_naive=0.6451  U_t=0.9041  U_b=0.9364  AUC=0.9999  Top1=0.9897
  timing: data=10.2ms  fwd=167.0ms  bwd=93.8ms  total=271.8ms
[  35000] loss=14.0984  ema_loss=14.1193  gap=0.6494  ema_gap=0.6461  mixup=69/200  2.9 sps  ETA 0.5h  cpc=0.0080
              R²_rand=0.6317  R²_naive=0.6457  U_t=0.9403  U_b=0.9324  AUC=1.0000  Top1=0.9978
  timing: data=23.7ms  fwd=166.3ms  bwd=94.1ms  total=285.0ms
[  35200] loss=14.1177  ema_loss=14.1206  gap=0.6553  ema_gap=0.6491  mixup=58/200  2.9 sps  ETA 0.5h  cpc=0.0138
              R²_rand=0.6380  R²_naive=0.6535  U_t=0.9217  U_b=0.9326  AUC=1.0000  Top1=0.9986
  timing: data=9.7ms  fwd=167.2ms  bwd=95.4ms  total=273.2ms
[  35400] loss=14.1057  ema_loss=14.1172  gap=0.6562  ema_gap=0.6498  mixup=58/200  2.9 sps  ETA 0.4h  cpc=0.0089
              R²_rand=0.6342  R²_naive=0.6563  U_t=0.9186  U_b=0.9339  AUC=1.0000  Top1=0.9984
  timing: data=13.5ms  fwd=164.8ms  bwd=95.0ms  total=274.2ms
[  35600] loss=14.0838  ema_loss=14.1120  gap=0.6538  ema_gap=0.6496  mixup=63/200  2.9 sps  ETA 0.4h  cpc=0.0093
              R²_rand=0.6336  R²_naive=0.6538  U_t=0.9526  U_b=0.9279  AUC=1.0000  Top1=0.9984
  timing: data=13.3ms  fwd=161.6ms  bwd=93.6ms  total=269.4ms
[  35800] loss=14.0975  ema_loss=14.1082  gap=0.6556  ema_gap=0.6523  mixup=61/200  2.9 sps  ETA 0.4h  cpc=0.0132
              R²_rand=0.6419  R²_naive=0.6525  U_t=0.9062  U_b=0.9257  AUC=1.0000  Top1=0.9984
  timing: data=37.6ms  fwd=162.4ms  bwd=94.6ms  total=295.4ms
[  36000] loss=14.0818  ema_loss=14.1002  gap=0.6603  ema_gap=0.6529  mixup=51/200  2.9 sps  ETA 0.4h  cpc=0.0078
              R²_rand=0.6445  R²_naive=0.6552  U_t=0.9202  U_b=0.9418  AUC=1.0000  Top1=0.9992
  timing: data=12.1ms  fwd=167.1ms  bwd=92.7ms  total=272.7ms
[  36200] loss=14.0904  ema_loss=14.0989  gap=0.6581  ema_gap=0.6526  mixup=54/200  2.9 sps  ETA 0.4h  cpc=0.0229
              R²_rand=0.6346  R²_naive=0.6552  U_t=0.9482  U_b=0.9028  AUC=1.0000  Top1=0.9992
  timing: data=12.0ms  fwd=166.1ms  bwd=92.3ms  total=271.3ms
  -> Saved /home/jupyter/wt-cf-390-train/experiments/2026-08-01_lalign_teacher/runs/bb_small_arm5_nse_lalign_lrep_enc3l3_b64_200k_sigreg_ema_qk_aon_cpc_tau090_alignteacher_best_loss.pth
[  36400] loss=14.0884  ema_loss=14.1057  gap=0.6456  ema_gap=0.6514  mixup=50/200  2.9 sps  ETA 0.3h  cpc=0.0148
              R²_rand=0.6379  R²_naive=0.6494  U_t=0.9231  U_b=0.9243  AUC=1.0000  Top1=0.9978
  timing: data=34.0ms  fwd=161.2ms  bwd=93.4ms  total=289.4ms
[  36600] loss=14.0983  ema_loss=14.1003  gap=0.6550  ema_gap=0.6535  mixup=58/200  2.9 sps  ETA 0.3h  cpc=0.0173
              R²_rand=0.6395  R²_naive=0.6504  U_t=0.9194  U_b=0.9269  AUC=1.0000  Top1=0.9973
  timing: data=10.8ms  fwd=167.9ms  bwd=94.8ms  total=274.4ms
[  36800] loss=14.1435  ema_loss=14.1117  gap=0.6457  ema_gap=0.6519  mixup=68/200  2.9 sps  ETA 0.3h  cpc=0.0424
              R²_rand=0.6299  R²_naive=0.6536  U_t=0.9385  U_b=0.8359  AUC=1.0000  Top1=0.9989
  timing: data=13.5ms  fwd=165.0ms  bwd=94.2ms  total=273.5ms
[  37000] loss=14.0968  ema_loss=14.1113  gap=0.6581  ema_gap=0.6533  mixup=65/200  2.9 sps  ETA 0.3h  cpc=0.0112
              R²_rand=0.6432  R²_naive=0.6522  U_t=0.9295  U_b=0.9411  AUC=1.0000  Top1=0.9992
  timing: data=24.9ms  fwd=167.2ms  bwd=94.0ms  total=286.9ms
[  37200] loss=14.1850  ema_loss=14.1155  gap=0.6582  ema_gap=0.6526  mixup=62/200  2.9 sps  ETA 0.3h  cpc=0.0709
              R²_rand=0.6361  R²_naive=0.6591  U_t=0.8707  U_b=0.8070  AUC=1.0000  Top1=0.9981
  timing: data=12.2ms  fwd=165.6ms  bwd=94.0ms  total=272.7ms
[  37400] loss=14.0927  ema_loss=14.1110  gap=0.6593  ema_gap=0.6527  mixup=68/200  2.9 sps  ETA 0.2h  cpc=0.0144
              R²_rand=0.6464  R²_naive=0.6567  U_t=0.9435  U_b=0.9246  AUC=1.0000  Top1=0.9981
  timing: data=11.0ms  fwd=166.4ms  bwd=93.2ms  total=271.5ms
[  37600] loss=14.0679  ema_loss=14.1103  gap=0.6654  ema_gap=0.6543  mixup=49/200  2.9 sps  ETA 0.2h  cpc=0.0102
              R²_rand=0.6207  R²_naive=0.6564  U_t=0.9125  U_b=0.9412  AUC=1.0000  Top1=0.9989
  timing: data=28.3ms  fwd=161.9ms  bwd=94.1ms  total=285.1ms
[  37800] loss=14.1008  ema_loss=14.1087  gap=0.6627  ema_gap=0.6551  mixup=51/200  2.9 sps  ETA 0.2h  cpc=0.0184
              R²_rand=0.6439  R²_naive=0.6546  U_t=0.9079  U_b=0.9319  AUC=1.0000  Top1=0.9981
  timing: data=8.7ms  fwd=169.0ms  bwd=93.6ms  total=272.1ms
[  38000] loss=14.0780  ema_loss=14.1092  gap=0.6483  ema_gap=0.6537  mixup=58/200  2.9 sps  ETA 0.2h  cpc=0.0090
              R²_rand=0.6325  R²_naive=0.6516  U_t=0.9253  U_b=0.9359  AUC=1.0000  Top1=0.9986
  timing: data=11.2ms  fwd=166.1ms  bwd=93.1ms  total=271.2ms
[  38200] loss=14.1058  ema_loss=14.1107  gap=0.6512  ema_gap=0.6551  mixup=57/200  2.9 sps  ETA 0.2h  cpc=0.0166
              R²_rand=0.6473  R²_naive=0.6535  U_t=0.9368  U_b=0.9183  AUC=1.0000  Top1=0.9935
  timing: data=25.9ms  fwd=164.5ms  bwd=94.2ms  total=285.4ms
[  38400] loss=14.0689  ema_loss=14.1134  gap=0.6650  ema_gap=0.6569  mixup=57/200  2.9 sps  ETA 0.2h  cpc=0.0085
              R²_rand=0.6348  R²_naive=0.6574  U_t=0.9387  U_b=0.9430  AUC=1.0000  Top1=0.9992
  timing: data=9.7ms  fwd=168.2ms  bwd=93.9ms  total=272.8ms
[  38600] loss=14.1359  ema_loss=14.1111  gap=0.6611  ema_gap=0.6554  mixup=58/200  2.9 sps  ETA 0.1h  cpc=0.0448
              R²_rand=0.6281  R²_naive=0.6570  U_t=0.9106  U_b=0.8638  AUC=1.0000  Top1=0.9997
  timing: data=9.5ms  fwd=167.6ms  bwd=94.6ms  total=272.6ms
[  38800] loss=14.0976  ema_loss=14.1151  gap=0.6514  ema_gap=0.6538  mixup=67/200  2.9 sps  ETA 0.1h  cpc=0.0142
              R²_rand=0.6370  R²_naive=0.6511  U_t=0.9398  U_b=0.8912  AUC=1.0000  Top1=0.9967
  timing: data=23.9ms  fwd=166.3ms  bwd=93.5ms  total=284.5ms
[  39000] loss=14.1478  ema_loss=14.1156  gap=0.6540  ema_gap=0.6522  mixup=53/200  2.9 sps  ETA 0.1h  cpc=0.0260
              R²_rand=0.6315  R²_naive=0.6505  U_t=0.8695  U_b=0.9390  AUC=1.0000  Top1=0.9981
  timing: data=9.7ms  fwd=168.0ms  bwd=93.3ms  total=271.9ms
[  39200] loss=14.1302  ema_loss=14.1198  gap=0.6521  ema_gap=0.6507  mixup=68/200  2.9 sps  ETA 0.1h  cpc=0.0361
              R²_rand=0.6417  R²_naive=0.6505  U_t=0.9487  U_b=0.8429  AUC=1.0000  Top1=0.9984
  timing: data=16.5ms  fwd=160.0ms  bwd=93.4ms  total=270.8ms
[  39400] loss=14.0994  ema_loss=14.1143  gap=0.6498  ema_gap=0.6494  mixup=56/200  2.9 sps  ETA 0.1h  cpc=0.0213
              R²_rand=0.6271  R²_naive=0.6531  U_t=0.8995  U_b=0.9336  AUC=1.0000  Top1=0.9984
  timing: data=28.5ms  fwd=160.2ms  bwd=91.4ms  total=281.0ms
[  39600] loss=14.0965  ema_loss=14.1193  gap=0.6430  ema_gap=0.6458  mixup=55/200  2.9 sps  ETA 0.0h  cpc=0.0125
              R²_rand=0.6349  R²_naive=0.6469  U_t=0.9355  U_b=0.9338  AUC=1.0000  Top1=0.9984
  timing: data=10.9ms  fwd=167.0ms  bwd=94.4ms  total=273.2ms
[  39800] loss=14.1061  ema_loss=14.1258  gap=0.6448  ema_gap=0.6464  mixup=64/200  2.9 sps  ETA 0.0h  cpc=0.0054
              R²_rand=0.6362  R²_naive=0.6458  U_t=0.9421  U_b=0.9413  AUC=1.0000  Top1=0.9976
  timing: data=10.0ms  fwd=168.5ms  bwd=94.1ms  total=273.4ms
[  40000] loss=14.1532  ema_loss=14.1292  gap=0.6526  ema_gap=0.6458  mixup=54/200  2.9 sps  ETA 0.0h  cpc=0.0470
              R²_rand=0.6330  R²_naive=0.6486  U_t=0.9229  U_b=0.8369  AUC=1.0000  Top1=0.9989
  timing: data=25.6ms  fwd=163.8ms  bwd=93.1ms  total=283.3ms
  -> Saved /home/jupyter/wt-cf-390-train/experiments/2026-08-01_lalign_teacher/runs/bb_small_arm5_nse_lalign_lrep_enc3l3_b64_200k_sigreg_ema_qk_aon_cpc_tau090_alignteacher_40k.pth
  -> Saved /home/jupyter/wt-cf-390-train/experiments/2026-08-01_lalign_teacher/runs/bb_small_arm5_nse_lalign_lrep_enc3l3_b64_200k_sigreg_ema_qk_aon_cpc_tau090_alignteacher_final.pth

Done in 3.8h. Best gap=0.6626 at step 29400, Best loss=14.0989 at step 36200
  [checkpoint] Branching to 'bb_small_arm5_nse_lalign_lrep_enc3l3_b64_200k_sigreg_ema_qk_aon_cpc_tau090_alignteacher_r2'.
  [checkpoint] Restored optimizer from /home/jupyter/wt-cf-390-train/experiments/2026-08-01_lalign_teacher/runs/bb_small_arm5_nse_lalign_lrep_enc3l3_b64_200k_sigreg_ema_qk_aon_cpc_tau090_alignteacher_40k_optimizer.pth (step=40000, best_ff=0.6626)
Resumed from /home/jupyter/wt-cf-390-train/experiments/2026-08-01_lalign_teacher/runs/bb_small_arm5_nse_lalign_lrep_enc3l3_b64_200k_sigreg_ema_qk_aon_cpc_tau090_alignteacher_40k.pth at step 40000
Device: cuda | Params: 724,764
Training for 100000 steps, bs=64, lr=0.001, T=4096, C=1, mix_ratio=0.0078125, freq_emb_dim=3, seasonality_emb_dim=3, mixup_p=0.3, rev_norm_kind=ewma(span=128), patch_stats=none, encoder_type=gru
Checkpoints: /home/jupyter/wt-cf-390-train/experiments/2026-08-01_lalign_teacher/runs/bb_small_arm5_nse_lalign_lrep_enc3l3_b64_200k_sigreg_ema_qk_aon_cpc_tau090_alignteacher_r2_*.pth
Loss CSV: /home/jupyter/wt-cf-390-train/experiments/2026-08-01_lalign_teacher/runs/bb_small_arm5_nse_lalign_lrep_enc3l3_b64_200k_sigreg_ema_qk_aon_cpc_tau090_alignteacher_r2_losses.csv
Latent-drift CSV: /home/jupyter/wt-cf-390-train/experiments/2026-08-01_lalign_teacher/runs/bb_small_arm5_nse_lalign_lrep_enc3l3_b64_200k_sigreg_ema_qk_aon_cpc_tau090_alignteacher_r2_latent_drift.csv (every 25000 steps, probe_bs=64, probe_seed=20260722)
Attn-amplitude CSV: /home/jupyter/wt-cf-390-train/experiments/2026-08-01_lalign_teacher/runs/bb_small_arm5_nse_lalign_lrep_enc3l3_b64_200k_sigreg_ema_qk_aon_cpc_tau090_alignteacher_r2_attn_amplitude.csv (every 200 steps)
Data: MIX 99% HF + 1% synth (forked-arma) + 0% crossfade + 1 triplet(s)=3 rows, hf_bs=64, synth_bs=0, cross_bs=0, total_bs=67
  [dataloader] 4274 shards, 42740000 total rows, target skip 2560000
  [dataloader] Fast-skip: starting at shard 256/4274, then skipping 0 rows within it
[  40200] loss=14.1035  ema_loss=14.1320  gap=0.6391  ema_gap=0.6457  mixup=49/200  1.3 sps  ETA 12.5h  cpc=0.0194
              R²_rand=0.6387  R²_naive=0.6449  U_t=0.9175  U_b=0.9258  AUC=1.0000  Top1=0.9984
  timing: data=143.2ms  fwd=353.8ms  bwd=237.7ms  total=737.4ms
[  40400] loss=14.1375  ema_loss=14.1439  gap=0.6414  ema_gap=0.6450  mixup=68/200  1.6 sps  ETA 10.1h  cpc=0.0097
              R²_rand=0.6373  R²_naive=0.6444  U_t=0.9225  U_b=0.9394  AUC=1.0000  Top1=0.9981
  timing: data=18.9ms  fwd=264.9ms  bwd=174.3ms  total=460.1ms
[  40600] loss=14.1403  ema_loss=14.1412  gap=0.6435  ema_gap=0.6456  mixup=60/200  1.8 sps  ETA 9.2h  cpc=0.0127
              R²_rand=0.6398  R²_naive=0.6479  U_t=0.9407  U_b=0.9230  AUC=1.0000  Top1=0.9984
  timing: data=17.5ms  fwd=251.3ms  bwd=164.2ms  total=435.1ms
[  40800] loss=14.1266  ema_loss=14.1384  gap=0.6553  ema_gap=0.6478  mixup=50/200  1.9 sps  ETA 8.5h  cpc=0.0157
              R²_rand=0.6336  R²_naive=0.6498  U_t=0.9232  U_b=0.9368  AUC=1.0000  Top1=0.9989
  timing: data=50.5ms  fwd=207.8ms  bwd=134.8ms  total=394.5ms
[  41000] loss=14.1398  ema_loss=14.1402  gap=0.6528  ema_gap=0.6472  mixup=56/200  2.0 sps  ETA 8.0h  cpc=0.0162
              R²_rand=0.6367  R²_naive=0.6532  U_t=0.8949  U_b=0.9334  AUC=1.0000  Top1=0.9978
  timing: data=15.2ms  fwd=208.0ms  bwd=135.5ms  total=360.1ms
[  41200] loss=14.1437  ema_loss=14.1324  gap=0.6558  ema_gap=0.6481  mixup=56/200  2.1 sps  ETA 7.7h  cpc=0.0227
              R²_rand=0.6343  R²_naive=0.6533  U_t=0.9080  U_b=0.9241  AUC=1.0000  Top1=0.9984
  timing: data=15.1ms  fwd=208.4ms  bwd=135.2ms  total=360.2ms
[  41400] loss=14.1857  ema_loss=14.1305  gap=0.6434  ema_gap=0.6508  mixup=52/200  2.1 sps  ETA 7.6h  cpc=0.0560
              R²_rand=0.6403  R²_naive=0.6469  U_t=0.9273  U_b=0.8430  AUC=1.0000  Top1=0.9984
  timing: data=107.1ms  fwd=204.3ms  bwd=132.3ms  total=445.3ms
[  41600] loss=14.0863  ema_loss=14.1398  gap=0.6592  ema_gap=0.6504  mixup=69/200  2.2 sps  ETA 7.4h  cpc=0.0058
              R²_rand=0.6376  R²_naive=0.6555  U_t=0.8998  U_b=0.9430  AUC=1.0000  Top1=0.9986
  timing: data=14.0ms  fwd=216.6ms  bwd=143.0ms  total=375.2ms
[  41800] loss=14.1170  ema_loss=14.1377  gap=0.6463  ema_gap=0.6496  mixup=65/200  2.2 sps  ETA 7.2h  cpc=0.0196
              R²_rand=0.6241  R²_naive=0.6480  U_t=0.9532  U_b=0.9362  AUC=1.0000  Top1=0.9992
  timing: data=14.3ms  fwd=207.3ms  bwd=137.2ms  total=360.3ms
[  42000] loss=14.1436  ema_loss=14.1371  gap=0.6452  ema_gap=0.6495  mixup=61/200  2.3 sps  ETA 7.2h  cpc=0.0276
              R²_rand=0.6274  R²_naive=0.6465  U_t=0.9123  U_b=0.9276  AUC=1.0000  Top1=0.9984
  timing: data=64.4ms  fwd=208.4ms  bwd=136.0ms  total=410.4ms
[  42200] loss=14.1407  ema_loss=14.1399  gap=0.6414  ema_gap=0.6510  mixup=67/200  2.3 sps  ETA 7.0h  cpc=0.0149
              R²_rand=0.6178  R²_naive=0.6442  U_t=0.9033  U_b=0.9416  AUC=1.0000  Top1=0.9973
  timing: data=14.7ms  fwd=205.1ms  bwd=135.9ms  total=357.1ms
[  42400] loss=14.1705  ema_loss=14.1419  gap=0.6566  ema_gap=0.6531  mixup=64/200  2.3 sps  ETA 6.9h  cpc=0.0366
              R²_rand=0.6383  R²_naive=0.6525  U_t=0.9507  U_b=0.8405  AUC=1.0000  Top1=0.9981
  timing: data=14.3ms  fwd=206.9ms  bwd=135.4ms  total=358.0ms
[  42600] loss=14.1658  ema_loss=14.1368  gap=0.6587  ema_gap=0.6536  mixup=59/200  2.3 sps  ETA 6.9h  cpc=0.0402
              R²_rand=0.6306  R²_naive=0.6516  U_t=0.9190  U_b=0.8685  AUC=1.0000  Top1=0.9984
  timing: data=110.5ms  fwd=196.0ms  bwd=129.3ms  total=437.1ms
[  42800] loss=14.1542  ema_loss=14.1287  gap=0.6527  ema_gap=0.6550  mixup=51/200  2.3 sps  ETA 6.8h  cpc=0.0379
              R²_rand=0.6352  R²_naive=0.6516  U_t=0.9372  U_b=0.8456  AUC=1.0000  Top1=0.9986
  timing: data=15.4ms  fwd=208.7ms  bwd=135.1ms  total=360.6ms
[  43000] loss=14.1662  ema_loss=14.1355  gap=0.6529  ema_gap=0.6564  mixup=68/200  2.4 sps  ETA 6.7h  cpc=0.0406
              R²_rand=0.6315  R²_naive=0.6497  U_t=0.9212  U_b=0.8478  AUC=1.0000  Top1=0.9954
  timing: data=13.7ms  fwd=206.4ms  bwd=146.1ms  total=367.9ms
[  43200] loss=14.1009  ema_loss=14.1365  gap=0.6630  ema_gap=0.6588  mixup=60/200  2.4 sps  ETA 6.7h  cpc=0.0090
              R²_rand=0.6348  R²_naive=0.6529  U_t=0.9546  U_b=0.9431  AUC=1.0000  Top1=0.9978
  timing: data=113.6ms  fwd=183.4ms  bwd=124.7ms  total=422.9ms
[  43400] loss=14.1840  ema_loss=14.1345  gap=0.6407  ema_gap=0.6574  mixup=66/200  2.4 sps  ETA 6.6h  cpc=0.0443
              R²_rand=0.6421  R²_naive=0.6455  U_t=0.9219  U_b=0.8482  AUC=1.0000  Top1=0.9992
  timing: data=10.9ms  fwd=188.9ms  bwd=125.3ms  total=326.4ms
[  43600] loss=14.1093  ema_loss=14.1239  gap=0.6417  ema_gap=0.6597  mixup=60/200  2.4 sps  ETA 6.5h  cpc=0.0119
              R²_rand=0.6401  R²_naive=0.6490  U_t=0.9172  U_b=0.9288  AUC=1.0000  Top1=0.9986
  timing: data=12.3ms  fwd=188.5ms  bwd=121.0ms  total=323.0ms
[  43800] loss=14.1170  ema_loss=14.1221  gap=0.6553  ema_gap=0.6589  mixup=58/200  2.4 sps  ETA 6.4h  cpc=0.0340
              R²_rand=0.6467  R²_naive=0.6533  U_t=0.9336  U_b=0.8667  AUC=1.0000  Top1=0.9995
  timing: data=68.2ms  fwd=178.3ms  bwd=120.4ms  total=368.2ms
[  44000] loss=14.1086  ema_loss=14.1169  gap=0.6572  ema_gap=0.6604  mixup=68/200  2.4 sps  ETA 6.3h  cpc=0.0186
              R²_rand=0.6398  R²_naive=0.6517  U_t=0.8459  U_b=0.9406  AUC=1.0000  Top1=0.9981
  timing: data=10.0ms  fwd=176.8ms  bwd=122.1ms  total=310.1ms
[  44200] loss=14.1432  ema_loss=14.1252  gap=0.6534  ema_gap=0.6578  mixup=59/200  2.5 sps  ETA 6.3h  cpc=0.0405
              R²_rand=0.6311  R²_naive=0.6495  U_t=0.9241  U_b=0.8660  AUC=1.0000  Top1=0.9986
  timing: data=11.5ms  fwd=186.5ms  bwd=124.7ms  total=323.9ms
[  44400] loss=14.0930  ema_loss=14.1160  gap=0.6532  ema_gap=0.6556  mixup=60/200  2.5 sps  ETA 6.2h  cpc=0.0171
              R²_rand=0.6447  R²_naive=0.6517  U_t=0.9223  U_b=0.9346  AUC=1.0000  Top1=0.9992
  timing: data=68.6ms  fwd=179.9ms  bwd=119.6ms  total=369.4ms
[  44600] loss=14.0987  ema_loss=14.1154  gap=0.6541  ema_gap=0.6539  mixup=58/200  2.5 sps  ETA 6.2h  cpc=0.0178
              R²_rand=0.6451  R²_naive=0.6550  U_t=0.9232  U_b=0.9199  AUC=1.0000  Top1=0.9986
  timing: data=11.1ms  fwd=181.6ms  bwd=122.5ms  total=316.5ms
[  44800] loss=14.1265  ema_loss=14.1268  gap=0.6544  ema_gap=0.6527  mixup=67/200  2.5 sps  ETA 6.1h  cpc=0.0129
              R²_rand=0.6179  R²_naive=0.6473  U_t=0.9283  U_b=0.9411  AUC=1.0000  Top1=0.9992
  timing: data=11.1ms  fwd=179.9ms  bwd=119.6ms  total=311.8ms
[  45000] loss=14.1177  ema_loss=14.1222  gap=0.6499  ema_gap=0.6532  mixup=58/200  2.5 sps  ETA 6.1h  cpc=0.0144
              R²_rand=0.6237  R²_naive=0.6468  U_t=0.9292  U_b=0.9321  AUC=1.0000  Top1=0.9992
  timing: data=75.0ms  fwd=178.7ms  bwd=123.2ms  total=378.2ms
[  45200] loss=14.1022  ema_loss=14.1263  gap=0.6589  ema_gap=0.6526  mixup=63/200  2.5 sps  ETA 6.0h  cpc=0.0106
              R²_rand=0.6382  R²_naive=0.6557  U_t=0.9403  U_b=0.9412  AUC=1.0000  Top1=0.9984
  timing: data=11.5ms  fwd=185.2ms  bwd=122.4ms  total=320.3ms
[  45400] loss=14.1196  ema_loss=14.1212  gap=0.6530  ema_gap=0.6534  mixup=65/200  2.6 sps  ETA 5.9h  cpc=0.0219
              R²_rand=0.6244  R²_naive=0.6508  U_t=0.9406  U_b=0.9169  AUC=1.0000  Top1=0.9986
  timing: data=11.1ms  fwd=177.8ms  bwd=120.6ms  total=310.7ms
[  45600] loss=14.1875  ema_loss=14.1188  gap=0.6609  ema_gap=0.6544  mixup=58/200  2.6 sps  ETA 5.9h  cpc=0.0545
              R²_rand=0.6372  R²_naive=0.6529  U_t=0.9421  U_b=0.8254  AUC=1.0000  Top1=0.9986
  timing: data=9.9ms  fwd=166.6ms  bwd=111.7ms  total=289.4ms
[  45800] loss=14.0895  ema_loss=14.1181  gap=0.6496  ema_gap=0.6522  mixup=71/200  2.6 sps  ETA 5.8h  cpc=0.0096
              R²_rand=0.6317  R²_naive=0.6520  U_t=0.9113  U_b=0.9404  AUC=1.0000  Top1=0.9978
  timing: data=132.1ms  fwd=128.9ms  bwd=94.6ms  total=356.5ms
[  46000] loss=14.0890  ema_loss=14.1138  gap=0.6507  ema_gap=0.6505  mixup=66/200  2.6 sps  ETA 5.7h  cpc=0.0174
              R²_rand=0.6427  R²_naive=0.6523  U_t=0.9369  U_b=0.9325  AUC=1.0000  Top1=0.9984
  timing: data=4.8ms  fwd=130.8ms  bwd=93.4ms  total=229.8ms
[  46200] loss=14.1368  ema_loss=14.1165  gap=0.6433  ema_gap=0.6492  mixup=64/200  2.7 sps  ETA 5.6h  cpc=0.0365
              R²_rand=0.6463  R²_naive=0.6517  U_t=0.9145  U_b=0.8586  AUC=1.0000  Top1=0.9992
  timing: data=4.0ms  fwd=123.4ms  bwd=87.9ms  total=216.1ms
'HTTPSConnectionPool(host='us.aws.cdn.hf.co', port=443): Read timed out.' thrown while requesting GET https://huggingface.co/datasets/jeremycochoy/gift-pretrain-full-4096/resolve/main/small_v1/shard_00267.parquet
Retrying in 1s [Retry 1/5].
[  46400] loss=14.1008  ema_loss=14.1282  gap=0.6561  ema_gap=0.6480  mixup=60/200  2.7 sps  ETA 5.6h  cpc=0.0113
              R²_rand=0.6416  R²_naive=0.6555  U_t=0.9257  U_b=0.9356  AUC=1.0000  Top1=0.9984
  timing: data=182.4ms  fwd=123.3ms  bwd=90.2ms  total=396.6ms
[  46600] loss=14.0981  ema_loss=14.1235  gap=0.6552  ema_gap=0.6504  mixup=59/200  2.7 sps  ETA 5.5h  cpc=0.0153
              R²_rand=0.6255  R²_naive=0.6530  U_t=0.9378  U_b=0.9278  AUC=1.0000  Top1=0.9976
  timing: data=4.2ms  fwd=124.6ms  bwd=89.4ms  total=219.0ms
[  46800] loss=14.0936  ema_loss=14.1169  gap=0.6547  ema_gap=0.6484  mixup=57/200  2.7 sps  ETA 5.4h  cpc=0.0128
              R²_rand=0.6480  R²_naive=0.6554  U_t=0.9566  U_b=0.9285  AUC=1.0000  Top1=0.9992
  timing: data=3.7ms  fwd=116.4ms  bwd=83.8ms  total=204.6ms
[  47000] loss=14.0835  ema_loss=14.1145  gap=0.6556  ema_gap=0.6506  mixup=47/200  2.7 sps  ETA 5.4h  cpc=0.0119
              R²_rand=0.6466  R²_naive=0.6571  U_t=0.9478  U_b=0.9283  AUC=1.0000  Top1=0.9992
  timing: data=59.1ms  fwd=117.5ms  bwd=89.3ms  total=266.6ms
[  47200] loss=14.1179  ema_loss=14.1164  gap=0.6620  ema_gap=0.6520  mixup=64/200  2.8 sps  ETA 5.3h  cpc=0.0167
              R²_rand=0.6343  R²_naive=0.6532  U_t=0.9232  U_b=0.9343  AUC=1.0000  Top1=0.9986
  timing: data=3.9ms  fwd=120.2ms  bwd=89.4ms  total=214.2ms
[  47400] loss=14.1244  ema_loss=14.1128  gap=0.6558  ema_gap=0.6526  mixup=58/200  2.8 sps  ETA 5.2h  cpc=0.0249
              R²_rand=0.6402  R²_naive=0.6580  U_t=0.8855  U_b=0.9193  AUC=1.0000  Top1=0.9978
  timing: data=3.6ms  fwd=115.6ms  bwd=85.5ms  total=205.4ms
[  47600] loss=14.1023  ema_loss=14.1232  gap=0.6556  ema_gap=0.6526  mixup=62/200  2.8 sps  ETA 5.2h  cpc=0.0106
              R²_rand=0.6381  R²_naive=0.6535  U_t=0.9217  U_b=0.9381  AUC=1.0000  Top1=0.9989
  timing: data=102.9ms  fwd=121.3ms  bwd=88.2ms  total=313.2ms
[  47800] loss=14.0905  ema_loss=14.1157  gap=0.6597  ema_gap=0.6545  mixup=60/200  2.8 sps  ETA 5.1h  cpc=0.0155
              R²_rand=0.6372  R²_naive=0.6562  U_t=0.9421  U_b=0.9362  AUC=1.0000  Top1=1.0000
  timing: data=4.1ms  fwd=119.7ms  bwd=88.5ms  total=213.0ms
[  48000] loss=14.1070  ema_loss=14.1144  gap=0.6410  ema_gap=0.6541  mixup=61/200  2.9 sps  ETA 5.0h  cpc=0.0198
              R²_rand=0.6375  R²_naive=0.6518  U_t=0.9236  U_b=0.9225  AUC=1.0000  Top1=0.9995
  timing: data=3.7ms  fwd=118.9ms  bwd=84.9ms  total=208.2ms
[  48200] loss=14.1067  ema_loss=14.1201  gap=0.6359  ema_gap=0.6507  mixup=64/200  2.9 sps  ETA 5.0h  cpc=0.0151
              R²_rand=0.6347  R²_naive=0.6497  U_t=0.9254  U_b=0.9359  AUC=1.0000  Top1=0.9989
  timing: data=98.7ms  fwd=119.0ms  bwd=88.2ms  total=306.6ms
[  48400] loss=14.1488  ema_loss=14.1142  gap=0.6562  ema_gap=0.6513  mixup=66/200  2.9 sps  ETA 4.9h  cpc=0.0434
              R²_rand=0.6485  R²_naive=0.6588  U_t=0.9524  U_b=0.8377  AUC=1.0000  Top1=0.9986
  timing: data=3.7ms  fwd=119.5ms  bwd=89.9ms  total=213.8ms
[  48600] loss=14.1032  ema_loss=14.1171  gap=0.6421  ema_gap=0.6497  mixup=57/200  2.9 sps  ETA 4.9h  cpc=0.0194
              R²_rand=0.6429  R²_naive=0.6503  U_t=0.9308  U_b=0.9308  AUC=1.0000  Top1=0.9948
  timing: data=3.6ms  fwd=113.9ms  bwd=80.8ms  total=199.0ms
[  48800] loss=14.1014  ema_loss=14.1179  gap=0.6547  ema_gap=0.6471  mixup=65/200  2.9 sps  ETA 4.8h  cpc=0.0051
              R²_rand=0.6226  R²_naive=0.6544  U_t=0.9462  U_b=0.9434  AUC=1.0000  Top1=0.9992
  timing: data=50.1ms  fwd=119.8ms  bwd=89.5ms  total=260.2ms
[  49000] loss=14.1100  ema_loss=14.1146  gap=0.6499  ema_gap=0.6494  mixup=53/200  3.0 sps  ETA 4.8h  cpc=0.0128
              R²_rand=0.6403  R²_naive=0.6539  U_t=0.8993  U_b=0.9371  AUC=1.0000  Top1=0.9992
  timing: data=3.7ms  fwd=121.7ms  bwd=90.6ms  total=216.7ms
[  49200] loss=14.1058  ema_loss=14.1217  gap=0.6452  ema_gap=0.6497  mixup=64/200  3.0 sps  ETA 4.7h  cpc=0.0161
              R²_rand=0.6404  R²_naive=0.6557  U_t=0.9279  U_b=0.9304  AUC=1.0000  Top1=0.9978
  timing: data=3.8ms  fwd=120.2ms  bwd=88.3ms  total=212.9ms
[  49400] loss=14.1604  ema_loss=14.1187  gap=0.6524  ema_gap=0.6505  mixup=51/200  3.0 sps  ETA 4.7h  cpc=0.0432
              R²_rand=0.6401  R²_naive=0.6501  U_t=0.9302  U_b=0.8734  AUC=1.0000  Top1=0.9984
  timing: data=42.0ms  fwd=119.1ms  bwd=87.3ms  total=249.0ms
[  49600] loss=14.0969  ema_loss=14.1229  gap=0.6599  ema_gap=0.6516  mixup=59/200  3.0 sps  ETA 4.6h  cpc=0.0149
              R²_rand=0.6359  R²_naive=0.6540  U_t=0.9297  U_b=0.9236  AUC=1.0000  Top1=0.9997
  timing: data=3.8ms  fwd=121.2ms  bwd=88.5ms  total=214.2ms
[  49800] loss=14.1146  ema_loss=14.1205  gap=0.6458  ema_gap=0.6515  mixup=49/200  3.0 sps  ETA 4.6h  cpc=0.0308
              R²_rand=0.6481  R²_naive=0.6565  U_t=0.9278  U_b=0.8671  AUC=1.0000  Top1=0.9989
  timing: data=3.7ms  fwd=118.1ms  bwd=83.7ms  total=206.2ms
[  50000] loss=14.0958  ema_loss=14.1371  gap=0.6479  ema_gap=0.6532  mixup=74/200  3.1 sps  ETA 4.5h  cpc=0.0065
              R²_rand=0.6458  R²_naive=0.6508  U_t=0.9301  U_b=0.9355  AUC=1.0000  Top1=0.9978
  timing: data=3.9ms  fwd=117.4ms  bwd=87.2ms  total=209.1ms
  -> Saved /home/jupyter/wt-cf-390-train/experiments/2026-08-01_lalign_teacher/runs/bb_small_arm5_nse_lalign_lrep_enc3l3_b64_200k_sigreg_ema_qk_aon_cpc_tau090_alignteacher_r2_50k.pth
[  50200] loss=14.1157  ema_loss=14.1266  gap=0.6538  ema_gap=0.6497  mixup=64/200  3.1 sps  ETA 4.5h  cpc=0.0080
              R²_rand=0.6349  R²_naive=0.6509  U_t=0.9016  U_b=0.9398  AUC=1.0000  Top1=0.9976
  timing: data=37.1ms  fwd=119.1ms  bwd=90.8ms  total=247.7ms
[  50400] loss=14.1107  ema_loss=14.1240  gap=0.6523  ema_gap=0.6507  mixup=62/200  3.1 sps  ETA 4.4h  cpc=0.0174
              R²_rand=0.6206  R²_naive=0.6491  U_t=0.9436  U_b=0.9245  AUC=1.0000  Top1=0.9984
  timing: data=3.7ms  fwd=118.8ms  bwd=90.9ms  total=214.1ms
[  50600] loss=14.1375  ema_loss=14.1298  gap=0.6531  ema_gap=0.6482  mixup=65/200  3.1 sps  ETA 4.4h  cpc=0.0101
              R²_rand=0.6278  R²_naive=0.6518  U_t=0.8822  U_b=0.9405  AUC=1.0000  Top1=0.9976
  timing: data=3.6ms  fwd=116.9ms  bwd=87.6ms  total=208.9ms
[  50800] loss=14.1138  ema_loss=14.1234  gap=0.6543  ema_gap=0.6500  mixup=52/200  3.1 sps  ETA 4.4h  cpc=0.0188
              R²_rand=0.6315  R²_naive=0.6530  U_t=0.9179  U_b=0.9268  AUC=1.0000  Top1=0.9995
  timing: data=48.2ms  fwd=119.6ms  bwd=90.8ms  total=259.4ms
[  51000] loss=14.0905  ema_loss=14.1274  gap=0.6531  ema_gap=0.6499  mixup=57/200  3.1 sps  ETA 4.3h  cpc=0.0101
              R²_rand=0.6357  R²_naive=0.6527  U_t=0.9434  U_b=0.9443  AUC=1.0000  Top1=0.9984
  timing: data=4.4ms  fwd=120.8ms  bwd=90.8ms  total=216.7ms
[  51200] loss=14.1016  ema_loss=14.1233  gap=0.6460  ema_gap=0.6507  mixup=56/200  3.2 sps  ETA 4.3h  cpc=0.0163
              R²_rand=0.6356  R²_naive=0.6524  U_t=0.9350  U_b=0.9275  AUC=1.0000  Top1=0.9997
  timing: data=3.6ms  fwd=115.4ms  bwd=87.7ms  total=207.5ms
[  51400] loss=14.0935  ema_loss=14.1219  gap=0.6517  ema_gap=0.6507  mixup=57/200  3.2 sps  ETA 4.3h  cpc=0.0087
              R²_rand=0.6475  R²_naive=0.6527  U_t=0.9436  U_b=0.9388  AUC=1.0000  Top1=0.9989
  timing: data=46.9ms  fwd=120.4ms  bwd=90.1ms  total=258.0ms
[  51600] loss=14.1790  ema_loss=14.1242  gap=0.6473  ema_gap=0.6512  mixup=57/200  3.2 sps  ETA 4.2h  cpc=0.0675
              R²_rand=0.6403  R²_naive=0.6521  U_t=0.9300  U_b=0.8186  AUC=1.0000  Top1=0.9986
  timing: data=4.1ms  fwd=119.8ms  bwd=91.7ms  total=216.3ms
[  51800] loss=14.1123  ema_loss=14.1200  gap=0.6462  ema_gap=0.6534  mixup=58/200  3.2 sps  ETA 4.2h  cpc=0.0197
              R²_rand=0.6225  R²_naive=0.6502  U_t=0.9015  U_b=0.9319  AUC=1.0000  Top1=0.9946
  timing: data=3.7ms  fwd=119.4ms  bwd=88.9ms  total=212.8ms
[  52000] loss=14.1943  ema_loss=14.1212  gap=0.6460  ema_gap=0.6500  mixup=58/200  3.2 sps  ETA 4.2h  cpc=0.0795
              R²_rand=0.6197  R²_naive=0.6521  U_t=0.9405  U_b=0.8195  AUC=1.0000  Top1=0.9967
  timing: data=106.5ms  fwd=120.6ms  bwd=91.8ms  total=319.6ms
[  52200] loss=14.0995  ema_loss=14.1182  gap=0.6496  ema_gap=0.6499  mixup=65/200  3.2 sps  ETA 4.1h  cpc=0.0115
              R²_rand=0.6336  R²_naive=0.6544  U_t=0.9346  U_b=0.9361  AUC=1.0000  Top1=0.9984
  timing: data=3.7ms  fwd=121.8ms  bwd=90.0ms  total=216.2ms
[  52400] loss=14.1314  ema_loss=14.1239  gap=0.6592  ema_gap=0.6527  mixup=49/200  3.2 sps  ETA 4.1h  cpc=0.0242
              R²_rand=0.6268  R²_naive=0.6570  U_t=0.9145  U_b=0.9195  AUC=1.0000  Top1=0.9986
  timing: data=3.4ms  fwd=116.5ms  bwd=87.0ms  total=207.6ms
[  52600] loss=14.1224  ema_loss=14.1209  gap=0.6563  ema_gap=0.6525  mixup=49/200  3.2 sps  ETA 4.1h  cpc=0.0209
              R²_rand=0.6364  R²_naive=0.6552  U_t=0.9091  U_b=0.9280  AUC=1.0000  Top1=0.9976
  timing: data=48.9ms  fwd=119.0ms  bwd=91.8ms  total=260.5ms
[  52800] loss=14.1777  ema_loss=14.1237  gap=0.6594  ema_gap=0.6552  mixup=73/200  3.3 sps  ETA 4.0h  cpc=0.0639
              R²_rand=0.6408  R²_naive=0.6557  U_t=0.9520  U_b=0.8091  AUC=1.0000  Top1=0.9995
  timing: data=4.1ms  fwd=119.9ms  bwd=90.8ms  total=215.6ms
[  53000] loss=14.1705  ema_loss=14.1179  gap=0.6616  ema_gap=0.6555  mixup=57/200  3.3 sps  ETA 4.0h  cpc=0.0495
              R²_rand=0.6346  R²_naive=0.6564  U_t=0.9200  U_b=0.8481  AUC=1.0000  Top1=0.9989
  timing: data=3.5ms  fwd=115.5ms  bwd=85.2ms  total=204.9ms
[  53200] loss=14.1172  ema_loss=14.1203  gap=0.6505  ema_gap=0.6561  mixup=65/200  3.3 sps  ETA 4.0h  cpc=0.0158
              R²_rand=0.6304  R²_naive=0.6505  U_t=0.9157  U_b=0.9305  AUC=1.0000  Top1=0.9978
  timing: data=42.2ms  fwd=116.3ms  bwd=89.0ms  total=248.1ms
[  53400] loss=14.1190  ema_loss=14.1261  gap=0.6587  ema_gap=0.6543  mixup=71/200  3.3 sps  ETA 3.9h  cpc=0.0200
              R²_rand=0.6413  R²_naive=0.6580  U_t=0.9407  U_b=0.9046  AUC=1.0000  Top1=0.9984
  timing: data=4.4ms  fwd=120.0ms  bwd=91.9ms  total=217.0ms
[  53600] loss=14.1111  ema_loss=14.1232  gap=0.6584  ema_gap=0.6540  mixup=57/200  3.3 sps  ETA 3.9h  cpc=0.0190
              R²_rand=0.6415  R²_naive=0.6594  U_t=0.8704  U_b=0.9354  AUC=1.0000  Top1=0.9995
  timing: data=4.1ms  fwd=119.6ms  bwd=91.7ms  total=216.0ms
[  53800] loss=14.0979  ema_loss=14.1172  gap=0.6573  ema_gap=0.6542  mixup=62/200  3.3 sps  ETA 3.9h  cpc=0.0098
              R²_rand=0.6356  R²_naive=0.6569  U_t=0.9159  U_b=0.9425  AUC=1.0000  Top1=0.9997
  timing: data=48.3ms  fwd=118.6ms  bwd=89.1ms  total=256.6ms
[  54000] loss=14.1119  ema_loss=14.1172  gap=0.6598  ema_gap=0.6542  mixup=55/200  3.3 sps  ETA 3.8h  cpc=0.0105
              R²_rand=0.6366  R²_naive=0.6547  U_t=0.9336  U_b=0.9373  AUC=1.0000  Top1=0.9986
  timing: data=4.0ms  fwd=119.9ms  bwd=91.6ms  total=216.2ms
[  54200] loss=14.0781  ema_loss=14.1086  gap=0.6553  ema_gap=0.6549  mixup=52/200  3.3 sps  ETA 3.8h  cpc=0.0085
              R²_rand=0.6481  R²_naive=0.6578  U_t=0.9394  U_b=0.9326  AUC=1.0000  Top1=0.9997
  timing: data=4.1ms  fwd=121.5ms  bwd=90.7ms  total=217.0ms
[  54400] loss=14.0837  ema_loss=14.1063  gap=0.6617  ema_gap=0.6571  mixup=60/200  3.3 sps  ETA 3.8h  cpc=0.0108
              R²_rand=0.6459  R²_naive=0.6606  U_t=0.9552  U_b=0.9381  AUC=1.0000  Top1=0.9992
  timing: data=61.7ms  fwd=117.5ms  bwd=89.8ms  total=269.7ms
[  54600] loss=14.1147  ema_loss=14.1140  gap=0.6636  ema_gap=0.6577  mixup=63/200  3.4 sps  ETA 3.8h  cpc=0.0232
              R²_rand=0.6363  R²_naive=0.6593  U_t=0.9243  U_b=0.9092  AUC=1.0000  Top1=0.9989
  timing: data=3.9ms  fwd=121.8ms  bwd=91.3ms  total=217.8ms
[  54800] loss=14.1262  ema_loss=14.1152  gap=0.6670  ema_gap=0.6576  mixup=63/200  3.4 sps  ETA 3.7h  cpc=0.0378
              R²_rand=0.6473  R²_naive=0.6652  U_t=0.9277  U_b=0.8361  AUC=1.0000  Top1=0.9984
  timing: data=3.7ms  fwd=120.8ms  bwd=90.7ms  total=216.0ms
[  55000] loss=14.1153  ema_loss=14.1117  gap=0.6585  ema_gap=0.6570  mixup=54/200  3.4 sps  ETA 3.7h  cpc=0.0302
              R²_rand=0.6436  R²_naive=0.6588  U_t=0.9050  U_b=0.9167  AUC=1.0000  Top1=0.9995
  timing: data=3.5ms  fwd=116.7ms  bwd=87.9ms  total=208.8ms
[  55200] loss=14.1186  ema_loss=14.1136  gap=0.6523  ema_gap=0.6545  mixup=61/200  3.4 sps  ETA 3.7h  cpc=0.0255
              R²_rand=0.6368  R²_naive=0.6559  U_t=0.9368  U_b=0.9037  AUC=1.0000  Top1=0.9986
  timing: data=72.7ms  fwd=122.1ms  bwd=92.7ms  total=288.2ms
[  55400] loss=14.0958  ema_loss=14.1077  gap=0.6618  ema_gap=0.6538  mixup=56/200  3.4 sps  ETA 3.7h  cpc=0.0106
              R²_rand=0.6461  R²_naive=0.6575  U_t=0.9326  U_b=0.9362  AUC=1.0000  Top1=0.9976
  timing: data=4.2ms  fwd=125.9ms  bwd=93.5ms  total=224.4ms
[  55600] loss=14.0973  ema_loss=14.1194  gap=0.6526  ema_gap=0.6552  mixup=74/200  3.4 sps  ETA 3.6h  cpc=0.0088
              R²_rand=0.6407  R²_naive=0.6517  U_t=0.9282  U_b=0.9387  AUC=1.0000  Top1=0.9973
  timing: data=3.8ms  fwd=120.7ms  bwd=89.9ms  total=215.1ms
[  55800] loss=14.0829  ema_loss=14.1154  gap=0.6624  ema_gap=0.6561  mixup=63/200  3.4 sps  ETA 3.6h  cpc=0.0144
              R²_rand=0.6460  R²_naive=0.6565  U_t=0.9300  U_b=0.9321  AUC=1.0000  Top1=0.9992
  timing: data=51.3ms  fwd=125.1ms  bwd=92.5ms  total=269.7ms
[  56000] loss=14.0770  ema_loss=14.1130  gap=0.6661  ema_gap=0.6571  mixup=57/200  3.4 sps  ETA 3.6h  cpc=0.0089
              R²_rand=0.6491  R²_naive=0.6617  U_t=0.9117  U_b=0.9395  AUC=1.0000  Top1=0.9984
  timing: data=4.1ms  fwd=122.2ms  bwd=92.4ms  total=219.4ms
[  56200] loss=14.1033  ema_loss=14.1077  gap=0.6599  ema_gap=0.6609  mixup=50/200  3.4 sps  ETA 3.6h  cpc=0.0200
              R²_rand=0.6345  R²_naive=0.6561  U_t=0.8932  U_b=0.9178  AUC=1.0000  Top1=0.9976
  timing: data=3.8ms  fwd=118.7ms  bwd=88.8ms  total=212.0ms
[  56400] loss=14.1050  ema_loss=14.1121  gap=0.6565  ema_gap=0.6600  mixup=69/200  3.4 sps  ETA 3.6h  cpc=0.0158
              R²_rand=0.6435  R²_naive=0.6563  U_t=0.9319  U_b=0.9293  AUC=1.0000  Top1=0.9995
  timing: data=172.7ms  fwd=120.6ms  bwd=91.7ms  total=385.7ms
[  56600] loss=14.0703  ema_loss=14.1156  gap=0.6550  ema_gap=0.6578  mixup=57/200  3.4 sps  ETA 3.5h  cpc=0.0062
              R²_rand=0.6439  R²_naive=0.6558  U_t=0.9438  U_b=0.9377  AUC=1.0000  Top1=0.9984
  timing: data=3.8ms  fwd=123.3ms  bwd=90.9ms  total=218.7ms
[  56800] loss=14.1193  ema_loss=14.1156  gap=0.6575  ema_gap=0.6583  mixup=56/200  3.4 sps  ETA 3.5h  cpc=0.0172
              R²_rand=0.6362  R²_naive=0.6584  U_t=0.8968  U_b=0.9260  AUC=1.0000  Top1=0.9978
  timing: data=4.0ms  fwd=120.7ms  bwd=90.9ms  total=216.3ms
[  57000] loss=14.2066  ema_loss=14.1216  gap=0.6654  ema_gap=0.6597  mixup=60/200  3.4 sps  ETA 3.5h  cpc=0.0064
              R²_rand=0.6412  R²_naive=0.6552  U_t=0.9393  U_b=0.9244  AUC=1.0000  Top1=0.9992
  timing: data=74.5ms  fwd=121.5ms  bwd=93.5ms  total=290.2ms
[  57200] loss=14.0887  ema_loss=14.1101  gap=0.6545  ema_gap=0.6583  mixup=59/200  3.4 sps  ETA 3.5h  cpc=0.0051
              R²_rand=0.6402  R²_naive=0.6553  U_t=0.9196  U_b=0.9448  AUC=1.0000  Top1=0.9981
  timing: data=4.1ms  fwd=123.6ms  bwd=93.0ms  total=221.5ms
[  57400] loss=14.0631  ema_loss=14.1165  gap=0.6673  ema_gap=0.6562  mixup=53/200  3.4 sps  ETA 3.4h  cpc=0.0093
              R²_rand=0.6470  R²_naive=0.6596  U_t=0.9360  U_b=0.9388  AUC=1.0000  Top1=0.9978
  timing: data=4.2ms  fwd=122.3ms  bwd=91.5ms  total=218.7ms
[  57600] loss=14.0859  ema_loss=14.1092  gap=0.6607  ema_gap=0.6555  mixup=66/200  3.4 sps  ETA 3.4h  cpc=0.0212
              R²_rand=0.6417  R²_naive=0.6594  U_t=0.9321  U_b=0.9118  AUC=1.0000  Top1=0.9984
  timing: data=74.4ms  fwd=124.3ms  bwd=94.7ms  total=294.2ms
[  57800] loss=14.1234  ema_loss=14.1097  gap=0.6579  ema_gap=0.6539  mixup=62/200  3.5 sps  ETA 3.4h  cpc=0.0234
              R²_rand=0.6462  R²_naive=0.6600  U_t=0.8744  U_b=0.9113  AUC=1.0000  Top1=0.9997
  timing: data=4.0ms  fwd=125.3ms  bwd=93.9ms  total=224.1ms
[  58000] loss=14.0849  ema_loss=14.1125  gap=0.6523  ema_gap=0.6526  mixup=64/200  3.5 sps  ETA 3.4h  cpc=0.0107
              R²_rand=0.6444  R²_naive=0.6553  U_t=0.9178  U_b=0.9263  AUC=1.0000  Top1=0.9986
  timing: data=4.6ms  fwd=133.7ms  bwd=98.5ms  total=237.7ms
[  58200] loss=14.1787  ema_loss=14.1104  gap=0.6599  ema_gap=0.6544  mixup=56/200  3.5 sps  ETA 3.4h  cpc=0.0619
              R²_rand=0.6443  R²_naive=0.6592  U_t=0.9116  U_b=0.8044  AUC=1.0000  Top1=0.9986
  timing: data=83.8ms  fwd=131.6ms  bwd=97.9ms  total=314.2ms
[  58400] loss=14.1023  ema_loss=14.1184  gap=0.6622  ema_gap=0.6537  mixup=62/200  3.5 sps  ETA 3.3h  cpc=0.0228
              R²_rand=0.6382  R²_naive=0.6610  U_t=0.9354  U_b=0.9188  AUC=1.0000  Top1=0.9992
  timing: data=4.6ms  fwd=130.3ms  bwd=95.2ms  total=230.9ms
[  58600] loss=14.0732  ema_loss=14.1066  gap=0.6543  ema_gap=0.6522  mixup=64/200  3.5 sps  ETA 3.3h  cpc=0.0080
              R²_rand=0.6434  R²_naive=0.6549  U_t=0.9033  U_b=0.9366  AUC=1.0000  Top1=0.9997
  timing: data=4.4ms  fwd=131.3ms  bwd=98.9ms  total=235.4ms
[  58800] loss=14.0672  ema_loss=14.1116  gap=0.6640  ema_gap=0.6538  mixup=69/200  3.5 sps  ETA 3.3h  cpc=0.0066
              R²_rand=0.6482  R²_naive=0.6603  U_t=0.9261  U_b=0.9457  AUC=1.0000  Top1=0.9978
  timing: data=42.1ms  fwd=137.2ms  bwd=102.5ms  total=282.7ms
[  59000] loss=14.0718  ema_loss=14.1058  gap=0.6482  ema_gap=0.6541  mixup=68/200  3.5 sps  ETA 3.3h  cpc=0.0119
              R²_rand=0.6531  R²_naive=0.6573  U_t=0.9033  U_b=0.9358  AUC=1.0000  Top1=0.9981
  timing: data=4.5ms  fwd=134.7ms  bwd=99.5ms  total=239.6ms
[  59200] loss=14.0874  ema_loss=14.1091  gap=0.6401  ema_gap=0.6509  mixup=51/200  3.5 sps  ETA 3.3h  cpc=0.0102
              R²_rand=0.6410  R²_naive=0.6537  U_t=0.8930  U_b=0.9484  AUC=1.0000  Top1=0.9973
  timing: data=4.2ms  fwd=139.8ms  bwd=101.1ms  total=246.0ms
[  59400] loss=14.0780  ema_loss=14.1166  gap=0.6475  ema_gap=0.6509  mixup=69/200  3.5 sps  ETA 3.2h  cpc=0.0137
              R²_rand=0.6431  R²_naive=0.6594  U_t=0.9403  U_b=0.9198  AUC=1.0000  Top1=0.9986
  timing: data=57.4ms  fwd=133.0ms  bwd=99.8ms  total=291.0ms
[  59600] loss=14.1747  ema_loss=14.1095  gap=0.6404  ema_gap=0.6516  mixup=51/200  3.5 sps  ETA 3.2h  cpc=0.0225
              R²_rand=0.6322  R²_naive=0.6497  U_t=0.8505  U_b=0.9368  AUC=1.0000  Top1=0.9954
  timing: data=4.6ms  fwd=133.7ms  bwd=98.4ms  total=237.5ms
[  59800] loss=14.0890  ema_loss=14.1058  gap=0.6493  ema_gap=0.6540  mixup=64/200  3.5 sps  ETA 3.2h  cpc=0.0116
              R²_rand=0.6297  R²_naive=0.6510  U_t=0.9279  U_b=0.9452  AUC=1.0000  Top1=0.9992
  timing: data=4.0ms  fwd=125.8ms  bwd=94.0ms  total=224.6ms
[  60000] loss=14.1146  ema_loss=14.1076  gap=0.6448  ema_gap=0.6515  mixup=66/200  3.5 sps  ETA 3.2h  cpc=0.0260
              R²_rand=0.6455  R²_naive=0.6526  U_t=0.8931  U_b=0.9338  AUC=1.0000  Top1=0.9986
  timing: data=4.5ms  fwd=127.5ms  bwd=95.2ms  total=228.0ms
[  60200] loss=14.1138  ema_loss=14.1089  gap=0.6518  ema_gap=0.6487  mixup=55/200  3.5 sps  ETA 3.2h  cpc=0.0209
              R²_rand=0.6452  R²_naive=0.6566  U_t=0.8955  U_b=0.9352  AUC=1.0000  Top1=0.9984
  timing: data=57.9ms  fwd=133.1ms  bwd=99.8ms  total=291.7ms
[  60400] loss=14.0881  ema_loss=14.1034  gap=0.6555  ema_gap=0.6508  mixup=53/200  3.5 sps  ETA 3.1h  cpc=0.0233
              R²_rand=0.6421  R²_naive=0.6620  U_t=0.9548  U_b=0.9151  AUC=1.0000  Top1=0.9986
  timing: data=4.2ms  fwd=138.4ms  bwd=101.8ms  total=245.4ms
[  60600] loss=14.1466  ema_loss=14.1202  gap=0.6570  ema_gap=0.6510  mixup=64/200  3.5 sps  ETA 3.1h  cpc=0.0431
              R²_rand=0.6418  R²_naive=0.6602  U_t=0.9345  U_b=0.8576  AUC=1.0000  Top1=0.9981
  timing: data=4.8ms  fwd=140.1ms  bwd=103.4ms  total=249.4ms
[  60800] loss=14.1026  ema_loss=14.1108  gap=0.6491  ema_gap=0.6483  mixup=70/200  3.5 sps  ETA 3.1h  cpc=0.0103
              R²_rand=0.6417  R²_naive=0.6548  U_t=0.9348  U_b=0.9336  AUC=1.0000  Top1=0.9995
  timing: data=39.0ms  fwd=132.5ms  bwd=98.8ms  total=271.1ms
[  61000] loss=14.0947  ema_loss=14.1044  gap=0.6424  ema_gap=0.6514  mixup=57/200  3.5 sps  ETA 3.1h  cpc=0.0169
              R²_rand=0.6457  R²_naive=0.6554  U_t=0.9229  U_b=0.9374  AUC=1.0000  Top1=0.9965
  timing: data=4.7ms  fwd=136.1ms  bwd=102.9ms  total=244.6ms
[  61200] loss=14.1004  ema_loss=14.1172  gap=0.6468  ema_gap=0.6486  mixup=60/200  3.5 sps  ETA 3.1h  cpc=0.0210
              R²_rand=0.6539  R²_naive=0.6596  U_t=0.9277  U_b=0.9265  AUC=1.0000  Top1=0.9965
  timing: data=4.4ms  fwd=133.1ms  bwd=98.8ms  total=237.2ms
[  61400] loss=14.0815  ema_loss=14.1110  gap=0.6525  ema_gap=0.6487  mixup=65/200  3.5 sps  ETA 3.1h  cpc=0.0110
              R²_rand=0.6519  R²_naive=0.6606  U_t=0.9441  U_b=0.9417  AUC=1.0000  Top1=0.9984
  timing: data=86.1ms  fwd=129.7ms  bwd=97.6ms  total=314.3ms
[  61600] loss=14.1182  ema_loss=14.1104  gap=0.6601  ema_gap=0.6503  mixup=52/200  3.5 sps  ETA 3.0h  cpc=0.0180
              R²_rand=0.6493  R²_naive=0.6619  U_t=0.8949  U_b=0.9257  AUC=1.0000  Top1=0.9978
  timing: data=4.4ms  fwd=131.3ms  bwd=96.0ms  total=232.5ms
[  61800] loss=14.1098  ema_loss=14.1170  gap=0.6523  ema_gap=0.6485  mixup=69/200  3.5 sps  ETA 3.0h  cpc=0.0160
              R²_rand=0.6393  R²_naive=0.6531  U_t=0.9132  U_b=0.9264  AUC=1.0000  Top1=0.9995
  timing: data=4.3ms  fwd=131.0ms  bwd=98.0ms  total=234.1ms
[  62000] loss=14.1471  ema_loss=14.1152  gap=0.6508  ema_gap=0.6482  mixup=57/200  3.5 sps  ETA 3.0h  cpc=0.0422
              R²_rand=0.6435  R²_naive=0.6584  U_t=0.9286  U_b=0.8635  AUC=1.0000  Top1=0.9992
  timing: data=45.5ms  fwd=134.9ms  bwd=102.4ms  total=283.7ms
[  62200] loss=14.1057  ema_loss=14.1147  gap=0.6548  ema_gap=0.6484  mixup=71/200  3.5 sps  ETA 3.0h  cpc=0.0152
              R²_rand=0.6417  R²_naive=0.6602  U_t=0.9356  U_b=0.9335  AUC=1.0000  Top1=0.9984
  timing: data=4.8ms  fwd=136.7ms  bwd=101.2ms  total=243.7ms
[  62400] loss=14.1023  ema_loss=14.1041  gap=0.6290  ema_gap=0.6483  mixup=54/200  3.5 sps  ETA 3.0h  cpc=0.0144
              R²_rand=0.6296  R²_naive=0.6449  U_t=0.8668  U_b=0.9378  AUC=0.9999  Top1=0.9864
  timing: data=4.7ms  fwd=136.9ms  bwd=101.3ms  total=243.8ms
[  62600] loss=14.1329  ema_loss=14.1194  gap=0.6549  ema_gap=0.6465  mixup=64/200  3.5 sps  ETA 3.0h  cpc=0.0352
              R²_rand=0.6372  R²_naive=0.6573  U_t=0.9470  U_b=0.8577  AUC=1.0000  Top1=0.9995
  timing: data=49.0ms  fwd=140.8ms  bwd=104.8ms  total=295.6ms
[  62800] loss=14.0873  ema_loss=14.1151  gap=0.6500  ema_gap=0.6481  mixup=73/200  3.5 sps  ETA 2.9h  cpc=0.0136
              R²_rand=0.6356  R²_naive=0.6560  U_t=0.9591  U_b=0.9283  AUC=1.0000  Top1=0.9986
  timing: data=4.0ms  fwd=123.6ms  bwd=91.3ms  total=219.7ms
[  63000] loss=14.0855  ema_loss=14.1042  gap=0.6472  ema_gap=0.6483  mixup=46/200  3.5 sps  ETA 2.9h  cpc=0.0082
              R²_rand=0.6423  R²_naive=0.6570  U_t=0.9263  U_b=0.9474  AUC=1.0000  Top1=0.9997
  timing: data=4.3ms  fwd=125.0ms  bwd=93.2ms  total=223.2ms
[  63200] loss=14.0913  ema_loss=14.1109  gap=0.6477  ema_gap=0.6505  mixup=58/200  3.5 sps  ETA 2.9h  cpc=0.0223
              R²_rand=0.6400  R²_naive=0.6588  U_t=0.9339  U_b=0.9149  AUC=1.0000  Top1=0.9984
  timing: data=36.9ms  fwd=123.6ms  bwd=93.5ms  total=254.8ms
[  63400] loss=14.0998  ema_loss=14.1059  gap=0.6555  ema_gap=0.6511  mixup=52/200  3.5 sps  ETA 2.9h  cpc=0.0164
              R²_rand=0.6439  R²_naive=0.6581  U_t=0.9120  U_b=0.9208  AUC=1.0000  Top1=0.9984
  timing: data=4.0ms  fwd=125.4ms  bwd=94.0ms  total=224.3ms
[  63600] loss=14.0845  ema_loss=14.1062  gap=0.6534  ema_gap=0.6538  mixup=59/200  3.5 sps  ETA 2.8h  cpc=0.0137
              R²_rand=0.6424  R²_naive=0.6582  U_t=0.8986  U_b=0.9469  AUC=1.0000  Top1=0.9973
  timing: data=3.4ms  fwd=116.5ms  bwd=84.3ms  total=204.9ms
[  63800] loss=14.1188  ema_loss=14.1077  gap=0.6377  ema_gap=0.6523  mixup=58/200  3.6 sps  ETA 2.8h  cpc=0.0172
              R²_rand=0.6371  R²_naive=0.6522  U_t=0.9080  U_b=0.9332  AUC=1.0000  Top1=0.9967
  timing: data=55.1ms  fwd=120.9ms  bwd=91.4ms  total=268.1ms
[  64000] loss=14.1061  ema_loss=14.1196  gap=0.6515  ema_gap=0.6524  mixup=70/200  3.6 sps  ETA 2.8h  cpc=0.0296
              R²_rand=0.6439  R²_naive=0.6597  U_t=0.9497  U_b=0.8746  AUC=1.0000  Top1=0.9992
  timing: data=3.8ms  fwd=120.5ms  bwd=90.6ms  total=215.7ms
[  64200] loss=14.1048  ema_loss=14.1118  gap=0.6463  ema_gap=0.6524  mixup=53/200  3.6 sps  ETA 2.8h  cpc=0.0174
              R²_rand=0.6333  R²_naive=0.6535  U_t=0.9347  U_b=0.9303  AUC=1.0000  Top1=0.9986
  timing: data=3.7ms  fwd=115.2ms  bwd=86.4ms  total=205.9ms
[  64400] loss=14.0999  ema_loss=14.1189  gap=0.6547  ema_gap=0.6534  mixup=66/200  3.6 sps  ETA 2.8h  cpc=0.0214
              R²_rand=0.6509  R²_naive=0.6595  U_t=0.9221  U_b=0.9107  AUC=1.0000  Top1=0.9984
  timing: data=42.2ms  fwd=118.5ms  bwd=89.4ms  total=250.8ms
[  64600] loss=14.0844  ema_loss=14.1048  gap=0.6541  ema_gap=0.6540  mixup=61/200  3.6 sps  ETA 2.8h  cpc=0.0106
              R²_rand=0.6526  R²_naive=0.6606  U_t=0.9199  U_b=0.9469  AUC=1.0000  Top1=0.9992
  timing: data=3.9ms  fwd=119.6ms  bwd=90.1ms  total=214.2ms
[  64800] loss=14.1110  ema_loss=14.1040  gap=0.6424  ema_gap=0.6534  mixup=60/200  3.6 sps  ETA 2.7h  cpc=0.0225
              R²_rand=0.6345  R²_naive=0.6506  U_t=0.9223  U_b=0.9362  AUC=0.9999  Top1=0.9913
  timing: data=3.7ms  fwd=119.1ms  bwd=88.4ms  total=211.8ms
[  65000] loss=14.1384  ema_loss=14.1107  gap=0.6611  ema_gap=0.6503  mixup=52/200  3.6 sps  ETA 2.7h  cpc=0.0130
              R²_rand=0.6445  R²_naive=0.6577  U_t=0.9348  U_b=0.9352  AUC=1.0000  Top1=0.9995
  timing: data=3.9ms  fwd=117.7ms  bwd=89.7ms  total=212.0ms
[  65200] loss=14.0922  ema_loss=14.1098  gap=0.6457  ema_gap=0.6518  mixup=59/200  3.6 sps  ETA 2.7h  cpc=0.0077
              R²_rand=0.6370  R²_naive=0.6558  U_t=0.9320  U_b=0.9365  AUC=1.0000  Top1=0.9984
  timing: data=53.4ms  fwd=118.8ms  bwd=90.8ms  total=263.7ms
[  65400] loss=14.0920  ema_loss=14.1064  gap=0.6564  ema_gap=0.6523  mixup=66/200  3.6 sps  ETA 2.7h  cpc=0.0213
              R²_rand=0.6492  R²_naive=0.6596  U_t=0.9507  U_b=0.9238  AUC=1.0000  Top1=1.0000
  timing: data=3.7ms  fwd=121.4ms  bwd=91.5ms  total=217.3ms
[  65600] loss=14.0714  ema_loss=14.1030  gap=0.6551  ema_gap=0.6543  mixup=63/200  3.6 sps  ETA 2.7h  cpc=0.0171
              R²_rand=0.6473  R²_naive=0.6571  U_t=0.9488  U_b=0.9223  AUC=1.0000  Top1=0.9995
  timing: data=3.9ms  fwd=117.8ms  bwd=88.8ms  total=211.2ms
[  65800] loss=14.0847  ema_loss=14.0994  gap=0.6442  ema_gap=0.6542  mixup=60/200  3.6 sps  ETA 2.6h  cpc=0.0137
              R²_rand=0.6461  R²_naive=0.6552  U_t=0.9263  U_b=0.9317  AUC=1.0000  Top1=0.9967
  timing: data=32.6ms  fwd=121.0ms  bwd=90.9ms  total=245.2ms
[  66000] loss=14.1077  ema_loss=14.1015  gap=0.6657  ema_gap=0.6550  mixup=66/200  3.6 sps  ETA 2.6h  cpc=0.0247
              R²_rand=0.6295  R²_naive=0.6590  U_t=0.8892  U_b=0.9407  AUC=1.0000  Top1=0.9976
  timing: data=4.1ms  fwd=119.8ms  bwd=90.7ms  total=215.4ms
[  66200] loss=14.0729  ema_loss=14.1017  gap=0.6509  ema_gap=0.6563  mixup=54/200  3.6 sps  ETA 2.6h  cpc=0.0141
              R²_rand=0.6444  R²_naive=0.6579  U_t=0.9375  U_b=0.9296  AUC=1.0000  Top1=0.9984
  timing: data=3.7ms  fwd=117.0ms  bwd=87.6ms  total=208.9ms
[  66400] loss=14.1568  ema_loss=14.1006  gap=0.6509  ema_gap=0.6584  mixup=55/200  3.6 sps  ETA 2.6h  cpc=0.0475
              R²_rand=0.6457  R²_naive=0.6610  U_t=0.9141  U_b=0.8466  AUC=1.0000  Top1=0.9981
  timing: data=43.7ms  fwd=118.5ms  bwd=90.8ms  total=253.7ms
[  66600] loss=14.1424  ema_loss=14.1099  gap=0.6528  ema_gap=0.6571  mixup=72/200  3.6 sps  ETA 2.6h  cpc=0.0262
              R²_rand=0.6436  R²_naive=0.6555  U_t=0.9140  U_b=0.9043  AUC=1.0000  Top1=0.9957
  timing: data=3.8ms  fwd=121.4ms  bwd=91.0ms  total=217.0ms
[  66800] loss=14.0631  ema_loss=14.1136  gap=0.6608  ema_gap=0.6565  mixup=63/200  3.6 sps  ETA 2.5h  cpc=0.0079
              R²_rand=0.6457  R²_naive=0.6576  U_t=0.9245  U_b=0.9475  AUC=1.0000  Top1=0.9984
  timing: data=3.7ms  fwd=117.0ms  bwd=88.2ms  total=209.6ms
[  67000] loss=14.0775  ema_loss=14.1069  gap=0.6689  ema_gap=0.6562  mixup=72/200  3.6 sps  ETA 2.5h  cpc=0.0103
              R²_rand=0.6461  R²_naive=0.6616  U_t=0.9258  U_b=0.9401  AUC=1.0000  Top1=0.9986
  timing: data=64.8ms  fwd=119.1ms  bwd=91.2ms  total=275.8ms
[  67200] loss=14.0872  ema_loss=14.1037  gap=0.6607  ema_gap=0.6572  mixup=58/200  3.6 sps  ETA 2.5h  cpc=0.0195
              R²_rand=0.6457  R²_naive=0.6575  U_t=0.9260  U_b=0.9337  AUC=1.0000  Top1=0.9986
  timing: data=3.7ms  fwd=119.7ms  bwd=91.5ms  total=215.6ms
[  67400] loss=14.0698  ema_loss=14.1077  gap=0.6683  ema_gap=0.6573  mixup=52/200  3.6 sps  ETA 2.5h  cpc=0.0074
              R²_rand=0.6435  R²_naive=0.6599  U_t=0.9411  U_b=0.9472  AUC=1.0000  Top1=0.9997
  timing: data=3.8ms  fwd=117.4ms  bwd=87.6ms  total=209.5ms
[  67600] loss=14.0963  ema_loss=14.1154  gap=0.6590  ema_gap=0.6568  mixup=63/200  3.6 sps  ETA 2.5h  cpc=0.0073
              R²_rand=0.6392  R²_naive=0.6550  U_t=0.9589  U_b=0.9487  AUC=1.0000  Top1=0.9973
  timing: data=37.1ms  fwd=118.5ms  bwd=90.4ms  total=246.7ms
[  67800] loss=14.1198  ema_loss=14.1044  gap=0.6574  ema_gap=0.6563  mixup=57/200  3.6 sps  ETA 2.5h  cpc=0.0381
              R²_rand=0.6494  R²_naive=0.6592  U_t=0.9429  U_b=0.8653  AUC=1.0000  Top1=0.9984
  timing: data=5.1ms  fwd=120.1ms  bwd=90.7ms  total=216.5ms
[  68000] loss=14.0785  ema_loss=14.1041  gap=0.6504  ema_gap=0.6535  mixup=63/200  3.6 sps  ETA 2.4h  cpc=0.0155
              R²_rand=0.6391  R²_naive=0.6583  U_t=0.9503  U_b=0.9417  AUC=1.0000  Top1=0.9992
  timing: data=3.7ms  fwd=117.9ms  bwd=87.6ms  total=209.8ms
[  68200] loss=14.0773  ema_loss=14.0934  gap=0.6531  ema_gap=0.6502  mixup=55/200  3.7 sps  ETA 2.4h  cpc=0.0176
              R²_rand=0.6448  R²_naive=0.6576  U_t=0.9151  U_b=0.9361  AUC=1.0000  Top1=0.9986
  timing: data=30.8ms  fwd=120.4ms  bwd=90.6ms  total=242.5ms
  -> Saved /home/jupyter/wt-cf-390-train/experiments/2026-08-01_lalign_teacher/runs/bb_small_arm5_nse_lalign_lrep_enc3l3_b64_200k_sigreg_ema_qk_aon_cpc_tau090_alignteacher_r2_best_loss.pth
[  68400] loss=14.1540  ema_loss=14.0895  gap=0.6524  ema_gap=0.6516  mixup=63/200  3.7 sps  ETA 2.4h  cpc=0.0700
              R²_rand=0.6219  R²_naive=0.6576  U_t=0.9207  U_b=0.8324  AUC=1.0000  Top1=0.9986
  timing: data=3.6ms  fwd=120.3ms  bwd=91.1ms  total=215.7ms
  -> Saved /home/jupyter/wt-cf-390-train/experiments/2026-08-01_lalign_teacher/runs/bb_small_arm5_nse_lalign_lrep_enc3l3_b64_200k_sigreg_ema_qk_aon_cpc_tau090_alignteacher_r2_best_loss.pth
[  68600] loss=14.0401  ema_loss=14.0871  gap=0.6569  ema_gap=0.6512  mixup=59/200  3.7 sps  ETA 2.4h  cpc=0.0078
              R²_rand=0.6383  R²_naive=0.6602  U_t=0.9551  U_b=0.9422  AUC=1.0000  Top1=0.9989
  timing: data=4.0ms  fwd=118.4ms  bwd=89.7ms  total=212.8ms
  -> Saved /home/jupyter/wt-cf-390-train/experiments/2026-08-01_lalign_teacher/runs/bb_small_arm5_nse_lalign_lrep_enc3l3_b64_200k_sigreg_ema_qk_aon_cpc_tau090_alignteacher_r2_best_loss.pth
[  68800] loss=14.0801  ema_loss=14.0798  gap=0.6540  ema_gap=0.6532  mixup=70/200  3.7 sps  ETA 2.4h  cpc=0.0272
              R²_rand=0.6469  R²_naive=0.6592  U_t=0.9273  U_b=0.8965  AUC=1.0000  Top1=0.9986
  timing: data=67.7ms  fwd=116.4ms  bwd=88.3ms  total=273.0ms
  -> Saved /home/jupyter/wt-cf-390-train/experiments/2026-08-01_lalign_teacher/runs/bb_small_arm5_nse_lalign_lrep_enc3l3_b64_200k_sigreg_ema_qk_aon_cpc_tau090_alignteacher_r2_best_loss.pth
[  69000] loss=14.0532  ema_loss=14.0789  gap=0.6592  ema_gap=0.6543  mixup=65/200  3.7 sps  ETA 2.3h  cpc=0.0135
              R²_rand=0.6453  R²_naive=0.6627  U_t=0.9394  U_b=0.9431  AUC=1.0000  Top1=0.9992
  timing: data=3.9ms  fwd=120.1ms  bwd=90.5ms  total=215.2ms
  -> Saved /home/jupyter/wt-cf-390-train/experiments/2026-08-01_lalign_teacher/runs/bb_small_arm5_nse_lalign_lrep_enc3l3_b64_200k_sigreg_ema_qk_aon_cpc_tau090_alignteacher_r2_best_loss.pth
[  69200] loss=14.0796  ema_loss=14.0773  gap=0.6458  ema_gap=0.6529  mixup=51/200  3.7 sps  ETA 2.3h  cpc=0.0256
              R²_rand=0.6468  R²_naive=0.6554  U_t=0.9110  U_b=0.9359  AUC=1.0000  Top1=0.9984
  timing: data=3.9ms  fwd=118.8ms  bwd=89.2ms  total=212.5ms
  -> Saved /home/jupyter/wt-cf-390-train/experiments/2026-08-01_lalign_teacher/runs/bb_small_arm5_nse_lalign_lrep_enc3l3_b64_200k_sigreg_ema_qk_aon_cpc_tau090_alignteacher_r2_best_loss.pth
[  69400] loss=14.0598  ema_loss=14.0816  gap=0.6602  ema_gap=0.6535  mixup=64/200  3.7 sps  ETA 2.3h  cpc=0.0214
              R²_rand=0.6496  R²_naive=0.6616  U_t=0.9601  U_b=0.9229  AUC=1.0000  Top1=0.9995
  timing: data=27.6ms  fwd=117.5ms  bwd=88.5ms  total=234.4ms
[  69600] loss=14.0901  ema_loss=14.0746  gap=0.6441  ema_gap=0.6520  mixup=74/200  3.7 sps  ETA 2.3h  cpc=0.0347
              R²_rand=0.6301  R²_naive=0.6562  U_t=0.9175  U_b=0.9202  AUC=0.9999  Top1=0.9929
  timing: data=3.8ms  fwd=119.1ms  bwd=90.9ms  total=214.6ms
  -> Saved /home/jupyter/wt-cf-390-train/experiments/2026-08-01_lalign_teacher/runs/bb_small_arm5_nse_lalign_lrep_enc3l3_b64_200k_sigreg_ema_qk_aon_cpc_tau090_alignteacher_r2_best_loss.pth
[  69800] loss=14.0336  ema_loss=14.0708  gap=0.6544  ema_gap=0.6521  mixup=55/200  3.7 sps  ETA 2.3h  cpc=0.0129
              R²_rand=0.6359  R²_naive=0.6611  U_t=0.9486  U_b=0.9421  AUC=1.0000  Top1=0.9986
  timing: data=3.8ms  fwd=120.3ms  bwd=90.5ms  total=215.3ms
  -> Saved /home/jupyter/wt-cf-390-train/experiments/2026-08-01_lalign_teacher/runs/bb_small_arm5_nse_lalign_lrep_enc3l3_b64_200k_sigreg_ema_qk_aon_cpc_tau090_alignteacher_r2_best_loss.pth
[  70000] loss=14.0367  ema_loss=14.0662  gap=0.6569  ema_gap=0.6558  mixup=53/200  3.7 sps  ETA 2.3h  cpc=0.0086
              R²_rand=0.6463  R²_naive=0.6625  U_t=0.9458  U_b=0.9418  AUC=1.0000  Top1=0.9992
  timing: data=3.5ms  fwd=115.5ms  bwd=86.6ms  total=206.2ms
  -> Saved /home/jupyter/wt-cf-390-train/experiments/2026-08-01_lalign_teacher/runs/bb_small_arm5_nse_lalign_lrep_enc3l3_b64_200k_sigreg_ema_qk_aon_cpc_tau090_alignteacher_r2_best_loss.pth
[  70200] loss=14.1190  ema_loss=14.0629  gap=0.6573  ema_gap=0.6537  mixup=61/200  3.7 sps  ETA 2.2h  cpc=0.0587
              R²_rand=0.6450  R²_naive=0.6634  U_t=0.9057  U_b=0.8381  AUC=1.0000  Top1=0.9997
  timing: data=80.7ms  fwd=119.6ms  bwd=92.2ms  total=293.3ms
  -> Saved /home/jupyter/wt-cf-390-train/experiments/2026-08-01_lalign_teacher/runs/bb_small_arm5_nse_lalign_lrep_enc3l3_b64_200k_sigreg_ema_qk_aon_cpc_tau090_alignteacher_r2_best_loss.pth
[  70400] loss=14.0382  ema_loss=14.0570  gap=0.6573  ema_gap=0.6531  mixup=61/200  3.7 sps  ETA 2.2h  cpc=0.0169
              R²_rand=0.6333  R²_naive=0.6612  U_t=0.9300  U_b=0.9438  AUC=1.0000  Top1=0.9992
  timing: data=3.8ms  fwd=117.9ms  bwd=89.8ms  total=212.1ms
  -> Saved /home/jupyter/wt-cf-390-train/experiments/2026-08-01_lalign_teacher/runs/bb_small_arm5_nse_lalign_lrep_enc3l3_b64_200k_sigreg_ema_qk_aon_cpc_tau090_alignteacher_r2_best_loss.pth
[  70600] loss=14.0396  ema_loss=14.0584  gap=0.6581  ema_gap=0.6537  mixup=59/200  3.7 sps  ETA 2.2h  cpc=0.0095
              R²_rand=0.6399  R²_naive=0.6623  U_t=0.8763  U_b=0.9477  AUC=1.0000  Top1=0.9978
  timing: data=3.8ms  fwd=117.7ms  bwd=86.6ms  total=208.8ms
[  70800] loss=14.0358  ema_loss=14.0599  gap=0.6503  ema_gap=0.6526  mixup=51/200  3.7 sps  ETA 2.2h  cpc=0.0110
              R²_rand=0.6399  R²_naive=0.6566  U_t=0.9352  U_b=0.9412  AUC=1.0000  Top1=0.9986
  timing: data=78.6ms  fwd=120.3ms  bwd=90.7ms  total=290.4ms
[  71000] loss=14.0413  ema_loss=14.0554  gap=0.6601  ema_gap=0.6566  mixup=52/200  3.7 sps  ETA 2.2h  cpc=0.0144
              R²_rand=0.6460  R²_naive=0.6604  U_t=0.9065  U_b=0.9426  AUC=1.0000  Top1=0.9986
  timing: data=3.8ms  fwd=121.9ms  bwd=91.4ms  total=217.8ms
  -> Saved /home/jupyter/wt-cf-390-train/experiments/2026-08-01_lalign_teacher/runs/bb_small_arm5_nse_lalign_lrep_enc3l3_b64_200k_sigreg_ema_qk_aon_cpc_tau090_alignteacher_r2_best_loss.pth
[  71200] loss=14.0315  ema_loss=14.0585  gap=0.6571  ema_gap=0.6580  mixup=64/200  3.7 sps  ETA 2.2h  cpc=0.0120
              R²_rand=0.6432  R²_naive=0.6644  U_t=0.8893  U_b=0.9380  AUC=1.0000  Top1=0.9984
  timing: data=3.6ms  fwd=119.2ms  bwd=90.5ms  total=214.0ms
[  71400] loss=14.0450  ema_loss=14.0580  gap=0.6469  ema_gap=0.6545  mixup=64/200  3.7 sps  ETA 2.1h  cpc=0.0142
              R²_rand=0.6363  R²_naive=0.6541  U_t=0.9489  U_b=0.9173  AUC=1.0000  Top1=0.9989
  timing: data=62.5ms  fwd=122.1ms  bwd=92.9ms  total=278.2ms
[  71600] loss=14.0517  ema_loss=14.0664  gap=0.6565  ema_gap=0.6567  mixup=56/200  3.7 sps  ETA 2.1h  cpc=0.0208
              R²_rand=0.6431  R²_naive=0.6609  U_t=0.9458  U_b=0.9256  AUC=1.0000  Top1=0.9989
  timing: data=4.0ms  fwd=119.2ms  bwd=90.6ms  total=214.5ms
[  71800] loss=14.0512  ema_loss=14.0608  gap=0.6504  ema_gap=0.6585  mixup=55/200  3.7 sps  ETA 2.1h  cpc=0.0159
              R²_rand=0.6433  R²_naive=0.6554  U_t=0.9227  U_b=0.9362  AUC=1.0000  Top1=0.9986
  timing: data=3.8ms  fwd=119.3ms  bwd=89.3ms  total=213.1ms
[  72000] loss=14.1143  ema_loss=14.0638  gap=0.6504  ema_gap=0.6582  mixup=61/200  3.7 sps  ETA 2.1h  cpc=0.0568
              R²_rand=0.6465  R²_naive=0.6565  U_t=0.9489  U_b=0.8435  AUC=1.0000  Top1=0.9995
  timing: data=42.2ms  fwd=117.0ms  bwd=90.6ms  total=250.5ms
[  72200] loss=14.0403  ema_loss=14.0614  gap=0.6515  ema_gap=0.6581  mixup=63/200  3.7 sps  ETA 2.1h  cpc=0.0176
              R²_rand=0.6357  R²_naive=0.6586  U_t=0.9626  U_b=0.9316  AUC=1.0000  Top1=0.9992
  timing: data=4.0ms  fwd=121.0ms  bwd=90.4ms  total=216.1ms
[  72400] loss=14.0470  ema_loss=14.0650  gap=0.6585  ema_gap=0.6566  mixup=66/200  3.7 sps  ETA 2.1h  cpc=0.0087
              R²_rand=0.6441  R²_naive=0.6573  U_t=0.9169  U_b=0.9469  AUC=1.0000  Top1=0.9984
  timing: data=3.4ms  fwd=116.1ms  bwd=87.2ms  total=207.3ms
[  72600] loss=14.0379  ema_loss=14.0724  gap=0.6606  ema_gap=0.6595  mixup=71/200  3.7 sps  ETA 2.0h  cpc=0.0143
              R²_rand=0.6486  R²_naive=0.6629  U_t=0.9415  U_b=0.9266  AUC=1.0000  Top1=0.9995
  timing: data=66.9ms  fwd=117.6ms  bwd=90.7ms  total=275.8ms
[  72800] loss=14.0503  ema_loss=14.0690  gap=0.6701  ema_gap=0.6618  mixup=74/200  3.7 sps  ETA 2.0h  cpc=0.0214
              R²_rand=0.6354  R²_naive=0.6633  U_t=0.9378  U_b=0.9246  AUC=1.0000  Top1=0.9992
  timing: data=4.0ms  fwd=120.4ms  bwd=91.0ms  total=216.1ms
[  73000] loss=14.1187  ema_loss=14.0669  gap=0.6556  ema_gap=0.6602  mixup=60/200  3.7 sps  ETA 2.0h  cpc=0.0248
              R²_rand=0.6263  R²_naive=0.6516  U_t=0.8994  U_b=0.9236  AUC=1.0000  Top1=0.9954
  timing: data=3.6ms  fwd=119.5ms  bwd=90.6ms  total=214.5ms
[  73200] loss=14.0683  ema_loss=14.0562  gap=0.6523  ema_gap=0.6641  mixup=50/200  3.7 sps  ETA 2.0h  cpc=0.0149
              R²_rand=0.6343  R²_naive=0.6506  U_t=0.8760  U_b=0.9412  AUC=1.0000  Top1=0.9957
  timing: data=44.0ms  fwd=120.4ms  bwd=93.3ms  total=258.5ms
  -> Saved /home/jupyter/wt-cf-390-train/experiments/2026-08-01_lalign_teacher/runs/bb_small_arm5_nse_lalign_lrep_enc3l3_b64_200k_sigreg_ema_qk_aon_cpc_tau090_alignteacher_r2_best_gap.pth
[  73400] loss=14.0304  ema_loss=14.0510  gap=0.6571  ema_gap=0.6648  mixup=58/200  3.7 sps  ETA 2.0h  cpc=0.0155
              R²_rand=0.6402  R²_naive=0.6572  U_t=0.9550  U_b=0.9563  AUC=1.0000  Top1=0.9992
  timing: data=3.8ms  fwd=119.1ms  bwd=90.3ms  total=213.8ms
  -> Saved /home/jupyter/wt-cf-390-train/experiments/2026-08-01_lalign_teacher/runs/bb_small_arm5_nse_lalign_lrep_enc3l3_b64_200k_sigreg_ema_qk_aon_cpc_tau090_alignteacher_r2_best_gap.pth
  -> Saved /home/jupyter/wt-cf-390-train/experiments/2026-08-01_lalign_teacher/runs/bb_small_arm5_nse_lalign_lrep_enc3l3_b64_200k_sigreg_ema_qk_aon_cpc_tau090_alignteacher_r2_best_loss.pth
[  73600] loss=14.0244  ema_loss=14.0504  gap=0.6686  ema_gap=0.6662  mixup=46/200  3.7 sps  ETA 2.0h  cpc=0.0156
              R²_rand=0.6520  R²_naive=0.6649  U_t=0.9618  U_b=0.9393  AUC=1.0000  Top1=0.9995
  timing: data=3.3ms  fwd=116.4ms  bwd=87.9ms  total=208.2ms
  -> Saved /home/jupyter/wt-cf-390-train/experiments/2026-08-01_lalign_teacher/runs/bb_small_arm5_nse_lalign_lrep_enc3l3_b64_200k_sigreg_ema_qk_aon_cpc_tau090_alignteacher_r2_best_gap.pth
  -> Saved /home/jupyter/wt-cf-390-train/experiments/2026-08-01_lalign_teacher/runs/bb_small_arm5_nse_lalign_lrep_enc3l3_b64_200k_sigreg_ema_qk_aon_cpc_tau090_alignteacher_r2_best_loss.pth
[  73800] loss=14.0459  ema_loss=14.0515  gap=0.6719  ema_gap=0.6662  mixup=60/200  3.7 sps  ETA 1.9h  cpc=0.0161
              R²_rand=0.6481  R²_naive=0.6624  U_t=0.9037  U_b=0.9389  AUC=1.0000  Top1=0.9976
  timing: data=62.8ms  fwd=118.1ms  bwd=89.5ms  total=271.2ms
[  74000] loss=14.0491  ema_loss=14.0554  gap=0.6544  ema_gap=0.6649  mixup=52/200  3.7 sps  ETA 1.9h  cpc=0.0185
              R²_rand=0.6459  R²_naive=0.6578  U_t=0.9122  U_b=0.9446  AUC=1.0000  Top1=0.9967
  timing: data=3.8ms  fwd=121.6ms  bwd=91.9ms  total=217.9ms
[  74200] loss=14.0530  ema_loss=14.0571  gap=0.6529  ema_gap=0.6595  mixup=57/200  3.7 sps  ETA 1.9h  cpc=0.0176
              R²_rand=0.6357  R²_naive=0.6596  U_t=0.9148  U_b=0.9417  AUC=1.0000  Top1=0.9976
  timing: data=3.7ms  fwd=118.0ms  bwd=88.9ms  total=211.2ms
[  74400] loss=14.0640  ema_loss=14.0558  gap=0.6617  ema_gap=0.6601  mixup=60/200  3.7 sps  ETA 1.9h  cpc=0.0376
              R²_rand=0.6506  R²_naive=0.6628  U_t=0.9359  U_b=0.8729  AUC=1.0000  Top1=0.9997
  timing: data=74.4ms  fwd=117.3ms  bwd=88.1ms  total=280.4ms
[  74600] loss=14.0427  ema_loss=14.0600  gap=0.6549  ema_gap=0.6562  mixup=64/200  3.7 sps  ETA 1.9h  cpc=0.0150
              R²_rand=0.6432  R²_naive=0.6550  U_t=0.9387  U_b=0.9396  AUC=1.0000  Top1=0.9989
  timing: data=4.4ms  fwd=120.8ms  bwd=91.1ms  total=217.0ms
[  74800] loss=14.0268  ema_loss=14.0596  gap=0.6515  ema_gap=0.6550  mixup=55/200  3.7 sps  ETA 1.9h  cpc=0.0162
              R²_rand=0.6432  R²_naive=0.6613  U_t=0.9480  U_b=0.9386  AUC=1.0000  Top1=0.9992
  timing: data=4.0ms  fwd=121.6ms  bwd=92.4ms  total=218.7ms
[  75000] loss=14.1009  ema_loss=14.0551  gap=0.6517  ema_gap=0.6545  mixup=61/200  3.8 sps  ETA 1.9h  cpc=0.0656
              R²_rand=0.6392  R²_naive=0.6607  U_t=0.9500  U_b=0.8398  AUC=1.0000  Top1=0.9986
  timing: data=3.8ms  fwd=118.6ms  bwd=89.1ms  total=212.2ms
  -> Saved /home/jupyter/wt-cf-390-train/experiments/2026-08-01_lalign_teacher/runs/bb_small_arm5_nse_lalign_lrep_enc3l3_b64_200k_sigreg_ema_qk_aon_cpc_tau090_alignteacher_r2_75k.pth
[  75200] loss=14.0211  ema_loss=14.0560  gap=0.6543  ema_gap=0.6533  mixup=69/200  3.7 sps  ETA 1.8h  cpc=0.0091
              R²_rand=0.6365  R²_naive=0.6540  U_t=0.9309  U_b=0.9476  AUC=1.0000  Top1=0.9989
  timing: data=71.4ms  fwd=127.2ms  bwd=95.3ms  total=294.6ms
[  75400] loss=14.1160  ema_loss=14.0533  gap=0.6375  ema_gap=0.6534  mixup=53/200  3.8 sps  ETA 1.8h  cpc=0.0511
              R²_rand=0.6298  R²_naive=0.6505  U_t=0.8951  U_b=0.9177  AUC=1.0000  Top1=0.9946
  timing: data=3.8ms  fwd=119.3ms  bwd=90.9ms  total=214.7ms
[  75600] loss=14.0250  ema_loss=14.0448  gap=0.6545  ema_gap=0.6526  mixup=67/200  3.8 sps  ETA 1.8h  cpc=0.0192
              R²_rand=0.6287  R²_naive=0.6562  U_t=0.9524  U_b=0.9320  AUC=1.0000  Top1=0.9995
  timing: data=3.7ms  fwd=121.8ms  bwd=90.4ms  total=216.7ms
  -> Saved /home/jupyter/wt-cf-390-train/experiments/2026-08-01_lalign_teacher/runs/bb_small_arm5_nse_lalign_lrep_enc3l3_b64_200k_sigreg_ema_qk_aon_cpc_tau090_alignteacher_r2_best_loss.pth
[  75800] loss=14.0173  ema_loss=14.0498  gap=0.6530  ema_gap=0.6547  mixup=62/200  3.8 sps  ETA 1.8h  cpc=0.0095
              R²_rand=0.6452  R²_naive=0.6566  U_t=0.9441  U_b=0.9436  AUC=1.0000  Top1=0.9992
  timing: data=90.8ms  fwd=120.3ms  bwd=91.0ms  total=302.8ms
[  76000] loss=14.0494  ema_loss=14.0418  gap=0.6590  ema_gap=0.6553  mixup=59/200  3.8 sps  ETA 1.8h  cpc=0.0450
              R²_rand=0.6365  R²_naive=0.6594  U_t=0.9617  U_b=0.8791  AUC=1.0000  Top1=0.9986
  timing: data=4.1ms  fwd=122.3ms  bwd=90.3ms  total=217.5ms
  -> Saved /home/jupyter/wt-cf-390-train/experiments/2026-08-01_lalign_teacher/runs/bb_small_arm5_nse_lalign_lrep_enc3l3_b64_200k_sigreg_ema_qk_aon_cpc_tau090_alignteacher_r2_best_loss.pth
[  76200] loss=14.0108  ema_loss=14.0384  gap=0.6552  ema_gap=0.6553  mixup=52/200  3.8 sps  ETA 1.8h  cpc=0.0186
              R²_rand=0.6479  R²_naive=0.6588  U_t=0.9573  U_b=0.9352  AUC=1.0000  Top1=0.9989
  timing: data=3.8ms  fwd=119.6ms  bwd=90.9ms  total=215.1ms
  -> Saved /home/jupyter/wt-cf-390-train/experiments/2026-08-01_lalign_teacher/runs/bb_small_arm5_nse_lalign_lrep_enc3l3_b64_200k_sigreg_ema_qk_aon_cpc_tau090_alignteacher_r2_best_loss.pth
[  76400] loss=14.0260  ema_loss=14.0409  gap=0.6556  ema_gap=0.6543  mixup=65/200  3.8 sps  ETA 1.7h  cpc=0.0165
              R²_rand=0.6445  R²_naive=0.6572  U_t=0.9384  U_b=0.9417  AUC=1.0000  Top1=0.9992
  timing: data=51.1ms  fwd=121.7ms  bwd=91.5ms  total=265.0ms
[  76600] loss=14.0397  ema_loss=14.0390  gap=0.6578  ema_gap=0.6579  mixup=68/200  3.8 sps  ETA 1.7h  cpc=0.0195
              R²_rand=0.6471  R²_naive=0.6602  U_t=0.8820  U_b=0.9334  AUC=1.0000  Top1=0.9976
  timing: data=4.0ms  fwd=120.7ms  bwd=91.7ms  total=217.1ms
[  76800] loss=14.0064  ema_loss=14.0241  gap=0.6608  ema_gap=0.6619  mixup=58/200  3.8 sps  ETA 1.7h  cpc=0.0220
              R²_rand=0.6523  R²_naive=0.6616  U_t=0.9328  U_b=0.9344  AUC=1.0000  Top1=0.9981
  timing: data=4.0ms  fwd=121.5ms  bwd=90.3ms  total=216.5ms
  -> Saved /home/jupyter/wt-cf-390-train/experiments/2026-08-01_lalign_teacher/runs/bb_small_arm5_nse_lalign_lrep_enc3l3_b64_200k_sigreg_ema_qk_aon_cpc_tau090_alignteacher_r2_best_loss.pth
[  77000] loss=14.0436  ema_loss=14.0265  gap=0.6629  ema_gap=0.6612  mixup=54/200  3.8 sps  ETA 1.7h  cpc=0.0354
              R²_rand=0.6367  R²_naive=0.6581  U_t=0.8765  U_b=0.9143  AUC=1.0000  Top1=0.9986
  timing: data=91.8ms  fwd=120.2ms  bwd=91.7ms  total=304.4ms
[  77200] loss=14.0024  ema_loss=14.0262  gap=0.6673  ema_gap=0.6634  mixup=54/200  3.8 sps  ETA 1.7h  cpc=0.0127
              R²_rand=0.6311  R²_naive=0.6572  U_t=0.9389  U_b=0.9449  AUC=1.0000  Top1=0.9973
  timing: data=4.1ms  fwd=121.1ms  bwd=90.5ms  total=216.4ms
[  77400] loss=14.0412  ema_loss=14.0269  gap=0.6546  ema_gap=0.6644  mixup=57/200  3.8 sps  ETA 1.7h  cpc=0.0246
              R²_rand=0.6383  R²_naive=0.6551  U_t=0.8716  U_b=0.9293  AUC=1.0000  Top1=0.9984
  timing: data=4.5ms  fwd=119.1ms  bwd=90.3ms  total=214.7ms
[  77600] loss=13.9953  ema_loss=14.0246  gap=0.6723  ema_gap=0.6618  mixup=62/200  3.8 sps  ETA 1.7h  cpc=0.0147
              R²_rand=0.6378  R²_naive=0.6627  U_t=0.9436  U_b=0.9359  AUC=1.0000  Top1=0.9986
  timing: data=66.2ms  fwd=120.6ms  bwd=92.3ms  total=279.9ms
[  77800] loss=13.9828  ema_loss=14.0215  gap=0.6711  ema_gap=0.6618  mixup=56/200  3.8 sps  ETA 1.6h  cpc=0.0058
              R²_rand=0.6358  R²_naive=0.6628  U_t=0.9516  U_b=0.9519  AUC=1.0000  Top1=0.9984
  timing: data=4.1ms  fwd=120.4ms  bwd=93.7ms  total=219.0ms
  -> Saved /home/jupyter/wt-cf-390-train/experiments/2026-08-01_lalign_teacher/runs/bb_small_arm5_nse_lalign_lrep_enc3l3_b64_200k_sigreg_ema_qk_aon_cpc_tau090_alignteacher_r2_best_loss.pth
[  78000] loss=14.0088  ema_loss=14.0259  gap=0.6587  ema_gap=0.6614  mixup=63/200  3.8 sps  ETA 1.6h  cpc=0.0196
              R²_rand=0.6320  R²_naive=0.6562  U_t=0.9607  U_b=0.9334  AUC=1.0000  Top1=0.9992
  timing: data=3.6ms  fwd=117.9ms  bwd=88.4ms  total=210.5ms
[  78200] loss=14.0316  ema_loss=14.0288  gap=0.6608  ema_gap=0.6580  mixup=62/200  3.8 sps  ETA 1.6h  cpc=0.0320
              R²_rand=0.6353  R²_naive=0.6645  U_t=0.9372  U_b=0.8729  AUC=1.0000  Top1=0.9997
  timing: data=77.8ms  fwd=119.7ms  bwd=93.5ms  total=291.7ms
[  78400] loss=13.9847  ema_loss=14.0298  gap=0.6605  ema_gap=0.6551  mixup=57/200  3.8 sps  ETA 1.6h  cpc=0.0098
              R²_rand=0.6346  R²_naive=0.6579  U_t=0.9540  U_b=0.9462  AUC=1.0000  Top1=0.9989
  timing: data=4.2ms  fwd=122.9ms  bwd=91.8ms  total=219.7ms
[  78600] loss=14.0130  ema_loss=14.0262  gap=0.6516  ema_gap=0.6534  mixup=64/200  3.8 sps  ETA 1.6h  cpc=0.0167
              R²_rand=0.6385  R²_naive=0.6544  U_t=0.9490  U_b=0.9366  AUC=1.0000  Top1=0.9981
  timing: data=3.8ms  fwd=117.9ms  bwd=88.6ms  total=211.1ms
[  78800] loss=14.0555  ema_loss=14.0214  gap=0.6438  ema_gap=0.6534  mixup=64/200  3.8 sps  ETA 1.6h  cpc=0.0445
              R²_rand=0.6398  R²_naive=0.6509  U_t=0.9569  U_b=0.8679  AUC=0.9999  Top1=0.9967
  timing: data=41.6ms  fwd=119.8ms  bwd=91.1ms  total=253.2ms
  -> Saved /home/jupyter/wt-cf-390-train/experiments/2026-08-01_lalign_teacher/runs/bb_small_arm5_nse_lalign_lrep_enc3l3_b64_200k_sigreg_ema_qk_aon_cpc_tau090_alignteacher_r2_best_loss.pth
[  79000] loss=14.0043  ema_loss=14.0187  gap=0.6606  ema_gap=0.6556  mixup=61/200  3.8 sps  ETA 1.5h  cpc=0.0211
              R²_rand=0.6445  R²_naive=0.6571  U_t=0.9606  U_b=0.9303  AUC=1.0000  Top1=0.9978
  timing: data=3.9ms  fwd=123.1ms  bwd=92.5ms  total=220.2ms
  -> Saved /home/jupyter/wt-cf-390-train/experiments/2026-08-01_lalign_teacher/runs/bb_small_arm5_nse_lalign_lrep_enc3l3_b64_200k_sigreg_ema_qk_aon_cpc_tau090_alignteacher_r2_best_loss.pth
[  79200] loss=14.0066  ema_loss=14.0177  gap=0.6566  ema_gap=0.6569  mixup=55/200  3.8 sps  ETA 1.5h  cpc=0.0263
              R²_rand=0.6384  R²_naive=0.6523  U_t=0.9457  U_b=0.9184  AUC=1.0000  Top1=0.9995
  timing: data=3.8ms  fwd=117.9ms  bwd=86.8ms  total=209.2ms
  -> Saved /home/jupyter/wt-cf-390-train/experiments/2026-08-01_lalign_teacher/runs/bb_small_arm5_nse_lalign_lrep_enc3l3_b64_200k_sigreg_ema_qk_aon_cpc_tau090_alignteacher_r2_best_loss.pth
[  79400] loss=14.0997  ema_loss=14.0225  gap=0.6451  ema_gap=0.6561  mixup=63/200  3.8 sps  ETA 1.5h  cpc=0.0733
              R²_rand=0.6417  R²_naive=0.6493  U_t=0.9305  U_b=0.8191  AUC=1.0000  Top1=0.9967
  timing: data=58.3ms  fwd=120.8ms  bwd=91.3ms  total=271.1ms
[  79600] loss=13.9880  ema_loss=14.0126  gap=0.6573  ema_gap=0.6563  mixup=57/200  3.8 sps  ETA 1.5h  cpc=0.0171
              R²_rand=0.6424  R²_naive=0.6559  U_t=0.9391  U_b=0.9410  AUC=1.0000  Top1=0.9986
  timing: data=3.8ms  fwd=121.4ms  bwd=91.9ms  total=217.8ms
  -> Saved /home/jupyter/wt-cf-390-train/experiments/2026-08-01_lalign_teacher/runs/bb_small_arm5_nse_lalign_lrep_enc3l3_b64_200k_sigreg_ema_qk_aon_cpc_tau090_alignteacher_r2_best_loss.pth
[  79800] loss=13.9926  ema_loss=14.0073  gap=0.6524  ema_gap=0.6583  mixup=47/200  3.8 sps  ETA 1.5h  cpc=0.0237
              R²_rand=0.6366  R²_naive=0.6509  U_t=0.9108  U_b=0.9279  AUC=1.0000  Top1=0.9989
  timing: data=3.6ms  fwd=117.0ms  bwd=86.8ms  total=208.1ms
  -> Saved /home/jupyter/wt-cf-390-train/experiments/2026-08-01_lalign_teacher/runs/bb_small_arm5_nse_lalign_lrep_enc3l3_b64_200k_sigreg_ema_qk_aon_cpc_tau090_alignteacher_r2_best_loss.pth
[  80000] loss=13.9947  ema_loss=14.0043  gap=0.6600  ema_gap=0.6585  mixup=59/200  3.8 sps  ETA 1.5h  cpc=0.0205
              R²_rand=0.6442  R²_naive=0.6564  U_t=0.9358  U_b=0.9277  AUC=1.0000  Top1=0.9989
  timing: data=3.7ms  fwd=117.7ms  bwd=88.6ms  total=210.7ms
  -> Saved /home/jupyter/wt-cf-390-train/experiments/2026-08-01_lalign_teacher/runs/bb_small_arm5_nse_lalign_lrep_enc3l3_b64_200k_sigreg_ema_qk_aon_cpc_tau090_alignteacher_r2_best_loss.pth
[  80200] loss=13.9707  ema_loss=14.0013  gap=0.6669  ema_gap=0.6616  mixup=57/200  3.8 sps  ETA 1.4h  cpc=0.0084
              R²_rand=0.6483  R²_naive=0.6589  U_t=0.9238  U_b=0.9444  AUC=1.0000  Top1=0.9986
  timing: data=41.1ms  fwd=121.1ms  bwd=90.6ms  total=253.4ms
  -> Saved /home/jupyter/wt-cf-390-train/experiments/2026-08-01_lalign_teacher/runs/bb_small_arm5_nse_lalign_lrep_enc3l3_b64_200k_sigreg_ema_qk_aon_cpc_tau090_alignteacher_r2_best_loss.pth
[  80400] loss=13.9748  ema_loss=14.0106  gap=0.6665  ema_gap=0.6650  mixup=55/200  3.8 sps  ETA 1.4h  cpc=0.0161
              R²_rand=0.6355  R²_naive=0.6576  U_t=0.9586  U_b=0.9401  AUC=1.0000  Top1=0.9989
  timing: data=4.2ms  fwd=121.7ms  bwd=92.0ms  total=218.6ms
[  80600] loss=14.0920  ema_loss=14.0040  gap=0.6687  ema_gap=0.6645  mixup=69/200  3.8 sps  ETA 1.4h  cpc=0.0928
              R²_rand=0.6328  R²_naive=0.6572  U_t=0.9536  U_b=0.8405  AUC=1.0000  Top1=0.9984
  timing: data=3.8ms  fwd=120.4ms  bwd=90.7ms  total=215.6ms
[  80800] loss=14.0129  ema_loss=14.0002  gap=0.6770  ema_gap=0.6665  mixup=57/200  3.8 sps  ETA 1.4h  cpc=0.0354
              R²_rand=0.6377  R²_naive=0.6611  U_t=0.9384  U_b=0.9118  AUC=1.0000  Top1=0.9997
  timing: data=66.1ms  fwd=121.0ms  bwd=91.7ms  total=279.6ms
  -> Saved /home/jupyter/wt-cf-390-train/experiments/2026-08-01_lalign_teacher/runs/bb_small_arm5_nse_lalign_lrep_enc3l3_b64_200k_sigreg_ema_qk_aon_cpc_tau090_alignteacher_r2_best_gap.pth
  -> Saved /home/jupyter/wt-cf-390-train/experiments/2026-08-01_lalign_teacher/runs/bb_small_arm5_nse_lalign_lrep_enc3l3_b64_200k_sigreg_ema_qk_aon_cpc_tau090_alignteacher_r2_best_loss.pth
[  81000] loss=14.0715  ema_loss=13.9916  gap=0.6678  ema_gap=0.6643  mixup=61/200  3.8 sps  ETA 1.4h  cpc=0.0802
              R²_rand=0.6427  R²_naive=0.6555  U_t=0.9483  U_b=0.8421  AUC=1.0000  Top1=0.9973
  timing: data=4.0ms  fwd=121.7ms  bwd=91.6ms  total=218.1ms
  -> Saved /home/jupyter/wt-cf-390-train/experiments/2026-08-01_lalign_teacher/runs/bb_small_arm5_nse_lalign_lrep_enc3l3_b64_200k_sigreg_ema_qk_aon_cpc_tau090_alignteacher_r2_best_loss.pth
[  81200] loss=13.9568  ema_loss=13.9845  gap=0.6589  ema_gap=0.6647  mixup=71/200  3.8 sps  ETA 1.4h  cpc=0.0129
              R²_rand=0.6457  R²_naive=0.6572  U_t=0.9386  U_b=0.9470  AUC=1.0000  Top1=0.9981
  timing: data=3.9ms  fwd=118.1ms  bwd=90.4ms  total=213.1ms
  -> Saved /home/jupyter/wt-cf-390-train/experiments/2026-08-01_lalign_teacher/runs/bb_small_arm5_nse_lalign_lrep_enc3l3_b64_200k_sigreg_ema_qk_aon_cpc_tau090_alignteacher_r2_best_loss.pth
[  81400] loss=13.9507  ema_loss=13.9825  gap=0.6653  ema_gap=0.6656  mixup=57/200  3.8 sps  ETA 1.4h  cpc=0.0139
              R²_rand=0.6493  R²_naive=0.6602  U_t=0.9550  U_b=0.9431  AUC=1.0000  Top1=0.9984
  timing: data=39.1ms  fwd=121.3ms  bwd=90.9ms  total=252.0ms
  -> Saved /home/jupyter/wt-cf-390-train/experiments/2026-08-01_lalign_teacher/runs/bb_small_arm5_nse_lalign_lrep_enc3l3_b64_200k_sigreg_ema_qk_aon_cpc_tau090_alignteacher_r2_best_loss.pth
[  81600] loss=13.9625  ema_loss=13.9873  gap=0.6633  ema_gap=0.6630  mixup=63/200  3.8 sps  ETA 1.3h  cpc=0.0181
              R²_rand=0.6466  R²_naive=0.6601  U_t=0.9405  U_b=0.9340  AUC=1.0000  Top1=0.9989
  timing: data=4.9ms  fwd=117.0ms  bwd=90.5ms  total=213.0ms
[  81800] loss=14.0099  ema_loss=13.9858  gap=0.6621  ema_gap=0.6663  mixup=59/200  3.8 sps  ETA 1.3h  cpc=0.0087
              R²_rand=0.6403  R²_naive=0.6542  U_t=0.9510  U_b=0.9442  AUC=1.0000  Top1=0.9984
  timing: data=3.4ms  fwd=115.6ms  bwd=85.5ms  total=205.2ms
[  82000] loss=13.9569  ema_loss=13.9824  gap=0.6708  ema_gap=0.6682  mixup=50/200  3.8 sps  ETA 1.3h  cpc=0.0156
              R²_rand=0.6430  R²_naive=0.6608  U_t=0.9490  U_b=0.9390  AUC=1.0000  Top1=0.9992
  timing: data=80.5ms  fwd=118.2ms  bwd=90.9ms  total=290.3ms
  -> Saved /home/jupyter/wt-cf-390-train/experiments/2026-08-01_lalign_teacher/runs/bb_small_arm5_nse_lalign_lrep_enc3l3_b64_200k_sigreg_ema_qk_aon_cpc_tau090_alignteacher_r2_best_gap.pth
  -> Saved /home/jupyter/wt-cf-390-train/experiments/2026-08-01_lalign_teacher/runs/bb_small_arm5_nse_lalign_lrep_enc3l3_b64_200k_sigreg_ema_qk_aon_cpc_tau090_alignteacher_r2_best_loss.pth
[  82200] loss=13.9815  ema_loss=13.9871  gap=0.6644  ema_gap=0.6684  mixup=63/200  3.8 sps  ETA 1.3h  cpc=0.0159
              R²_rand=0.6397  R²_naive=0.6573  U_t=0.9307  U_b=0.9416  AUC=1.0000  Top1=0.9989
  timing: data=5.0ms  fwd=120.9ms  bwd=91.4ms  total=218.0ms
  -> Saved /home/jupyter/wt-cf-390-train/experiments/2026-08-01_lalign_teacher/runs/bb_small_arm5_nse_lalign_lrep_enc3l3_b64_200k_sigreg_ema_qk_aon_cpc_tau090_alignteacher_r2_best_gap.pth
[  82400] loss=13.9934  ema_loss=13.9942  gap=0.6634  ema_gap=0.6699  mixup=72/200  3.8 sps  ETA 1.3h  cpc=0.0324
              R²_rand=0.6420  R²_naive=0.6544  U_t=0.9470  U_b=0.8911  AUC=1.0000  Top1=0.9981
  timing: data=3.7ms  fwd=116.1ms  bwd=87.8ms  total=208.3ms
  -> Saved /home/jupyter/wt-cf-390-train/experiments/2026-08-01_lalign_teacher/runs/bb_small_arm5_nse_lalign_lrep_enc3l3_b64_200k_sigreg_ema_qk_aon_cpc_tau090_alignteacher_r2_best_gap.pth
[  82600] loss=14.0188  ema_loss=13.9935  gap=0.6582  ema_gap=0.6701  mixup=64/200  3.8 sps  ETA 1.3h  cpc=0.0294
              R²_rand=0.6360  R²_naive=0.6541  U_t=0.9132  U_b=0.9335  AUC=1.0000  Top1=0.9954
  timing: data=65.2ms  fwd=120.7ms  bwd=91.8ms  total=278.4ms
  -> Saved /home/jupyter/wt-cf-390-train/experiments/2026-08-01_lalign_teacher/runs/bb_small_arm5_nse_lalign_lrep_enc3l3_b64_200k_sigreg_ema_qk_aon_cpc_tau090_alignteacher_r2_best_gap.pth
[  82800] loss=13.9770  ema_loss=13.9872  gap=0.6784  ema_gap=0.6696  mixup=65/200  3.8 sps  ETA 1.3h  cpc=0.0202
              R²_rand=0.6323  R²_naive=0.6567  U_t=0.9442  U_b=0.9355  AUC=1.0000  Top1=0.9989
  timing: data=3.6ms  fwd=119.2ms  bwd=90.9ms  total=214.4ms
[  83000] loss=14.0097  ema_loss=13.9899  gap=0.6720  ema_gap=0.6712  mixup=71/200  3.8 sps  ETA 1.2h  cpc=0.0414
              R²_rand=0.6344  R²_naive=0.6568  U_t=0.9600  U_b=0.8646  AUC=1.0000  Top1=0.9992
  timing: data=5.3ms  fwd=119.3ms  bwd=90.3ms  total=215.6ms
  -> Saved /home/jupyter/wt-cf-390-train/experiments/2026-08-01_lalign_teacher/runs/bb_small_arm5_nse_lalign_lrep_enc3l3_b64_200k_sigreg_ema_qk_aon_cpc_tau090_alignteacher_r2_best_gap.pth
[  83200] loss=14.0825  ema_loss=13.9870  gap=0.6710  ema_gap=0.6682  mixup=68/200  3.8 sps  ETA 1.2h  cpc=0.0912
              R²_rand=0.6417  R²_naive=0.6558  U_t=0.9645  U_b=0.7947  AUC=1.0000  Top1=0.9989
  timing: data=45.0ms  fwd=119.2ms  bwd=91.1ms  total=256.0ms
[  83400] loss=13.9419  ema_loss=13.9872  gap=0.6681  ema_gap=0.6687  mixup=62/200  3.8 sps  ETA 1.2h  cpc=0.0134
              R²_rand=0.6230  R²_naive=0.6555  U_t=0.9447  U_b=0.9416  AUC=1.0000  Top1=0.9989
  timing: data=4.0ms  fwd=123.2ms  bwd=92.8ms  total=220.8ms
[  83600] loss=13.9950  ema_loss=13.9869  gap=0.6750  ema_gap=0.6694  mixup=54/200  3.8 sps  ETA 1.2h  cpc=0.0384
              R²_rand=0.6375  R²_naive=0.6583  U_t=0.9442  U_b=0.8996  AUC=1.0000  Top1=0.9992
  timing: data=3.7ms  fwd=118.0ms  bwd=88.5ms  total=210.9ms
[  83800] loss=13.9882  ema_loss=13.9911  gap=0.6758  ema_gap=0.6707  mixup=67/200  3.8 sps  ETA 1.2h  cpc=0.0252
              R²_rand=0.6390  R²_naive=0.6544  U_t=0.9574  U_b=0.9082  AUC=1.0000  Top1=0.9965
  timing: data=50.7ms  fwd=121.1ms  bwd=93.8ms  total=266.4ms
[  84000] loss=13.9474  ema_loss=13.9924  gap=0.6681  ema_gap=0.6693  mixup=56/200  3.8 sps  ETA 1.2h  cpc=0.0079
              R²_rand=0.6382  R²_naive=0.6551  U_t=0.9394  U_b=0.9487  AUC=1.0000  Top1=0.9978
  timing: data=4.1ms  fwd=121.7ms  bwd=92.8ms  total=219.3ms
[  84200] loss=14.1672  ema_loss=13.9899  gap=0.6681  ema_gap=0.6716  mixup=58/200  3.8 sps  ETA 1.1h  cpc=0.0443
              R²_rand=0.6462  R²_naive=0.6582  U_t=0.9501  U_b=0.8828  AUC=1.0000  Top1=0.9951
  timing: data=3.7ms  fwd=120.0ms  bwd=92.1ms  total=216.4ms
  -> Saved /home/jupyter/wt-cf-390-train/experiments/2026-08-01_lalign_teacher/runs/bb_small_arm5_nse_lalign_lrep_enc3l3_b64_200k_sigreg_ema_qk_aon_cpc_tau090_alignteacher_r2_best_gap.pth
[  84400] loss=13.9537  ema_loss=13.9885  gap=0.6772  ema_gap=0.6709  mixup=58/200  3.8 sps  ETA 1.1h  cpc=0.0157
              R²_rand=0.6304  R²_naive=0.6594  U_t=0.9475  U_b=0.9495  AUC=1.0000  Top1=0.9986
  timing: data=54.1ms  fwd=118.6ms  bwd=91.5ms  total=264.9ms
[  84600] loss=14.1576  ema_loss=13.9859  gap=0.6617  ema_gap=0.6694  mixup=63/200  3.8 sps  ETA 1.1h  cpc=0.0511
              R²_rand=0.6363  R²_naive=0.6508  U_t=0.8771  U_b=0.9009  AUC=1.0000  Top1=0.9959
  timing: data=3.9ms  fwd=121.1ms  bwd=91.5ms  total=217.1ms
[  84800] loss=13.9882  ema_loss=13.9909  gap=0.6691  ema_gap=0.6722  mixup=49/200  3.8 sps  ETA 1.1h  cpc=0.0304
              R²_rand=0.6375  R²_naive=0.6577  U_t=0.9304  U_b=0.9154  AUC=1.0000  Top1=0.9978
  timing: data=4.5ms  fwd=122.7ms  bwd=91.9ms  total=219.8ms
  -> Saved /home/jupyter/wt-cf-390-train/experiments/2026-08-01_lalign_teacher/runs/bb_small_arm5_nse_lalign_lrep_enc3l3_b64_200k_sigreg_ema_qk_aon_cpc_tau090_alignteacher_r2_best_gap.pth
[  85000] loss=13.9888  ema_loss=13.9913  gap=0.6664  ema_gap=0.6718  mixup=62/200  3.8 sps  ETA 1.1h  cpc=0.0306
              R²_rand=0.6252  R²_naive=0.6510  U_t=0.9445  U_b=0.9129  AUC=1.0000  Top1=0.9984
  timing: data=4.3ms  fwd=121.3ms  bwd=91.1ms  total=217.4ms
[  85200] loss=13.9734  ema_loss=13.9889  gap=0.6619  ema_gap=0.6704  mixup=58/200  3.8 sps  ETA 1.1h  cpc=0.0155
              R²_rand=0.6390  R²_naive=0.6520  U_t=0.9577  U_b=0.9417  AUC=1.0000  Top1=0.9984
  timing: data=51.0ms  fwd=121.5ms  bwd=93.2ms  total=266.6ms
[  85400] loss=13.9829  ema_loss=13.9841  gap=0.6734  ema_gap=0.6699  mixup=65/200  3.8 sps  ETA 1.1h  cpc=0.0222
              R²_rand=0.6376  R²_naive=0.6572  U_t=0.9163  U_b=0.9287  AUC=1.0000  Top1=0.9989
  timing: data=4.1ms  fwd=121.5ms  bwd=92.2ms  total=218.5ms
[  85600] loss=14.0210  ema_loss=13.9795  gap=0.6561  ema_gap=0.6710  mixup=62/200  3.8 sps  ETA 1.0h  cpc=0.0283
              R²_rand=0.6315  R²_naive=0.6485  U_t=0.9201  U_b=0.9270  AUC=1.0000  Top1=0.9935
  timing: data=3.6ms  fwd=119.3ms  bwd=89.8ms  total=213.5ms
  -> Saved /home/jupyter/wt-cf-390-train/experiments/2026-08-01_lalign_teacher/runs/bb_small_arm5_nse_lalign_lrep_enc3l3_b64_200k_sigreg_ema_qk_aon_cpc_tau090_alignteacher_r2_best_loss.pth
[  85800] loss=13.9649  ema_loss=13.9872  gap=0.6760  ema_gap=0.6709  mixup=63/200  3.8 sps  ETA 1.0h  cpc=0.0229
              R²_rand=0.6462  R²_naive=0.6626  U_t=0.9525  U_b=0.9254  AUC=1.0000  Top1=0.9981
  timing: data=80.9ms  fwd=121.5ms  bwd=91.7ms  total=294.9ms
[  86000] loss=14.0620  ema_loss=13.9795  gap=0.6762  ema_gap=0.6712  mixup=62/200  3.8 sps  ETA 1.0h  cpc=0.0909
              R²_rand=0.6515  R²_naive=0.6618  U_t=0.9613  U_b=0.8126  AUC=1.0000  Top1=0.9989
  timing: data=4.1ms  fwd=119.3ms  bwd=92.3ms  total=216.4ms
  -> Saved /home/jupyter/wt-cf-390-train/experiments/2026-08-01_lalign_teacher/runs/bb_small_arm5_nse_lalign_lrep_enc3l3_b64_200k_sigreg_ema_qk_aon_cpc_tau090_alignteacher_r2_best_loss.pth
[  86200] loss=14.0209  ema_loss=13.9781  gap=0.6377  ema_gap=0.6701  mixup=62/200  3.8 sps  ETA 1.0h  cpc=0.0343
              R²_rand=0.6274  R²_naive=0.6404  U_t=0.8845  U_b=0.9302  AUC=0.9999  Top1=0.9957
  timing: data=3.9ms  fwd=119.3ms  bwd=89.1ms  total=213.1ms
  -> Saved /home/jupyter/wt-cf-390-train/experiments/2026-08-01_lalign_teacher/runs/bb_small_arm5_nse_lalign_lrep_enc3l3_b64_200k_sigreg_ema_qk_aon_cpc_tau090_alignteacher_r2_best_loss.pth
[  86400] loss=13.9493  ema_loss=13.9734  gap=0.6750  ema_gap=0.6689  mixup=68/200  3.8 sps  ETA 1.0h  cpc=0.0159
              R²_rand=0.6495  R²_naive=0.6609  U_t=0.9379  U_b=0.9463  AUC=1.0000  Top1=0.9984
  timing: data=82.6ms  fwd=120.2ms  bwd=91.8ms  total=295.5ms
  -> Saved /home/jupyter/wt-cf-390-train/experiments/2026-08-01_lalign_teacher/runs/bb_small_arm5_nse_lalign_lrep_enc3l3_b64_200k_sigreg_ema_qk_aon_cpc_tau090_alignteacher_r2_best_loss.pth
[  86600] loss=13.9749  ema_loss=13.9671  gap=0.6723  ema_gap=0.6673  mixup=60/200  3.8 sps  ETA 1.0h  cpc=0.0306
              R²_rand=0.6452  R²_naive=0.6596  U_t=0.9019  U_b=0.9329  AUC=1.0000  Top1=0.9989
  timing: data=4.2ms  fwd=120.1ms  bwd=91.3ms  total=216.2ms
  -> Saved /home/jupyter/wt-cf-390-train/experiments/2026-08-01_lalign_teacher/runs/bb_small_arm5_nse_lalign_lrep_enc3l3_b64_200k_sigreg_ema_qk_aon_cpc_tau090_alignteacher_r2_best_loss.pth
[  86800] loss=13.9778  ema_loss=13.9671  gap=0.6723  ema_gap=0.6673  mixup=65/200  3.8 sps  ETA 1.0h  cpc=0.0414
              R²_rand=0.6449  R²_naive=0.6616  U_t=0.9588  U_b=0.8615  AUC=1.0000  Top1=0.9984
  timing: data=3.7ms  fwd=117.7ms  bwd=88.1ms  total=210.2ms
  -> Saved /home/jupyter/wt-cf-390-train/experiments/2026-08-01_lalign_teacher/runs/bb_small_arm5_nse_lalign_lrep_enc3l3_b64_200k_sigreg_ema_qk_aon_cpc_tau090_alignteacher_r2_best_loss.pth
[  87000] loss=13.9338  ema_loss=13.9715  gap=0.6769  ema_gap=0.6692  mixup=64/200  3.8 sps  ETA 0.9h  cpc=0.0164
              R²_rand=0.6350  R²_naive=0.6649  U_t=0.9467  U_b=0.9387  AUC=1.0000  Top1=0.9989
  timing: data=42.7ms  fwd=119.0ms  bwd=90.7ms  total=253.1ms
[  87200] loss=13.9365  ema_loss=13.9634  gap=0.6746  ema_gap=0.6723  mixup=46/200  3.8 sps  ETA 0.9h  cpc=0.0143
              R²_rand=0.6411  R²_naive=0.6654  U_t=0.9360  U_b=0.9282  AUC=1.0000  Top1=0.9989
  timing: data=4.1ms  fwd=120.4ms  bwd=91.0ms  total=216.2ms
  -> Saved /home/jupyter/wt-cf-390-train/experiments/2026-08-01_lalign_teacher/runs/bb_small_arm5_nse_lalign_lrep_enc3l3_b64_200k_sigreg_ema_qk_aon_cpc_tau090_alignteacher_r2_best_gap.pth
  -> Saved /home/jupyter/wt-cf-390-train/experiments/2026-08-01_lalign_teacher/runs/bb_small_arm5_nse_lalign_lrep_enc3l3_b64_200k_sigreg_ema_qk_aon_cpc_tau090_alignteacher_r2_best_loss.pth
[  87400] loss=13.9569  ema_loss=13.9670  gap=0.6710  ema_gap=0.6714  mixup=51/200  3.9 sps  ETA 0.9h  cpc=0.0120
              R²_rand=0.6424  R²_naive=0.6581  U_t=0.9575  U_b=0.9401  AUC=1.0000  Top1=0.9970
  timing: data=3.7ms  fwd=116.3ms  bwd=87.5ms  total=208.2ms
[  87600] loss=13.9850  ema_loss=13.9692  gap=0.6498  ema_gap=0.6685  mixup=59/200  3.8 sps  ETA 0.9h  cpc=0.0234
              R²_rand=0.6295  R²_naive=0.6502  U_t=0.9043  U_b=0.9417  AUC=0.9999  Top1=0.9927
  timing: data=58.1ms  fwd=120.4ms  bwd=91.2ms  total=270.4ms
[  87800] loss=13.9906  ema_loss=13.9659  gap=0.6513  ema_gap=0.6698  mixup=70/200  3.9 sps  ETA 0.9h  cpc=0.0305
              R²_rand=0.6270  R²_naive=0.6536  U_t=0.8941  U_b=0.9218  AUC=1.0000  Top1=0.9938
  timing: data=3.8ms  fwd=119.0ms  bwd=89.9ms  total=213.3ms
[  88000] loss=13.9279  ema_loss=13.9640  gap=0.6708  ema_gap=0.6685  mixup=64/200  3.9 sps  ETA 0.9h  cpc=0.0098
              R²_rand=0.6353  R²_naive=0.6582  U_t=0.9572  U_b=0.9500  AUC=1.0000  Top1=0.9981
  timing: data=3.8ms  fwd=119.4ms  bwd=88.2ms  total=212.1ms
[  88200] loss=13.9415  ema_loss=13.9647  gap=0.6736  ema_gap=0.6676  mixup=59/200  3.9 sps  ETA 0.9h  cpc=0.0225
              R²_rand=0.6357  R²_naive=0.6613  U_t=0.9478  U_b=0.9261  AUC=1.0000  Top1=0.9989
  timing: data=42.8ms  fwd=116.8ms  bwd=88.9ms  total=249.2ms
[  88400] loss=13.9879  ema_loss=13.9663  gap=0.6747  ema_gap=0.6663  mixup=61/200  3.9 sps  ETA 0.8h  cpc=0.0503
              R²_rand=0.6291  R²_naive=0.6613  U_t=0.9454  U_b=0.8560  AUC=1.0000  Top1=0.9992
  timing: data=3.8ms  fwd=120.7ms  bwd=89.7ms  total=214.9ms
[  88600] loss=14.0203  ema_loss=13.9616  gap=0.6728  ema_gap=0.6659  mixup=57/200  3.9 sps  ETA 0.8h  cpc=0.0589
              R²_rand=0.6366  R²_naive=0.6557  U_t=0.9037  U_b=0.8661  AUC=1.0000  Top1=0.9970
  timing: data=3.9ms  fwd=117.4ms  bwd=88.0ms  total=210.1ms
  -> Saved /home/jupyter/wt-cf-390-train/experiments/2026-08-01_lalign_teacher/runs/bb_small_arm5_nse_lalign_lrep_enc3l3_b64_200k_sigreg_ema_qk_aon_cpc_tau090_alignteacher_r2_best_loss.pth
[  88800] loss=13.9515  ema_loss=13.9596  gap=0.6703  ema_gap=0.6668  mixup=53/200  3.9 sps  ETA 0.8h  cpc=0.0239
              R²_rand=0.6381  R²_naive=0.6592  U_t=0.9475  U_b=0.9400  AUC=1.0000  Top1=0.9989
  timing: data=53.5ms  fwd=119.3ms  bwd=91.1ms  total=264.6ms
  -> Saved /home/jupyter/wt-cf-390-train/experiments/2026-08-01_lalign_teacher/runs/bb_small_arm5_nse_lalign_lrep_enc3l3_b64_200k_sigreg_ema_qk_aon_cpc_tau090_alignteacher_r2_best_loss.pth
[  89000] loss=14.0320  ema_loss=13.9704  gap=0.6343  ema_gap=0.6670  mixup=77/200  3.9 sps  ETA 0.8h  cpc=0.0419
              R²_rand=0.6278  R²_naive=0.6370  U_t=0.8642  U_b=0.9372  AUC=0.9998  Top1=0.9834
  timing: data=4.1ms  fwd=120.2ms  bwd=90.4ms  total=215.3ms
[  89200] loss=13.9326  ema_loss=13.9676  gap=0.6601  ema_gap=0.6662  mixup=59/200  3.9 sps  ETA 0.8h  cpc=0.0085
              R²_rand=0.6393  R²_naive=0.6528  U_t=0.9243  U_b=0.9430  AUC=1.0000  Top1=0.9981
  timing: data=3.5ms  fwd=118.3ms  bwd=87.2ms  total=209.7ms
[  89400] loss=13.9560  ema_loss=13.9614  gap=0.6647  ema_gap=0.6666  mixup=66/200  3.9 sps  ETA 0.8h  cpc=0.0175
              R²_rand=0.6398  R²_naive=0.6546  U_t=0.9642  U_b=0.9148  AUC=1.0000  Top1=0.9976
  timing: data=62.2ms  fwd=119.2ms  bwd=89.9ms  total=272.1ms
[  89600] loss=13.9622  ema_loss=13.9628  gap=0.6532  ema_gap=0.6656  mixup=57/200  3.9 sps  ETA 0.7h  cpc=0.0232
              R²_rand=0.6335  R²_naive=0.6500  U_t=0.9003  U_b=0.9501  AUC=0.9999  Top1=0.9916
  timing: data=4.0ms  fwd=120.9ms  bwd=91.8ms  total=217.5ms
[  89800] loss=13.9687  ema_loss=13.9657  gap=0.6559  ema_gap=0.6672  mixup=65/200  3.9 sps  ETA 0.7h  cpc=0.0091
              R²_rand=0.6320  R²_naive=0.6537  U_t=0.9078  U_b=0.9541  AUC=1.0000  Top1=0.9981
  timing: data=3.8ms  fwd=117.5ms  bwd=88.8ms  total=210.8ms
[  90000] loss=13.9647  ema_loss=13.9672  gap=0.6557  ema_gap=0.6664  mixup=63/200  3.9 sps  ETA 0.7h  cpc=0.0245
              R²_rand=0.6391  R²_naive=0.6516  U_t=0.9108  U_b=0.9382  AUC=0.9999  Top1=0.9927
  timing: data=50.6ms  fwd=120.1ms  bwd=90.1ms  total=261.4ms
[  90200] loss=13.9853  ema_loss=13.9614  gap=0.6627  ema_gap=0.6658  mixup=52/200  3.9 sps  ETA 0.7h  cpc=0.0490
              R²_rand=0.6401  R²_naive=0.6534  U_t=0.9468  U_b=0.8614  AUC=1.0000  Top1=0.9992
  timing: data=4.1ms  fwd=120.1ms  bwd=91.8ms  total=216.7ms
[  90400] loss=14.0447  ema_loss=13.9641  gap=0.6741  ema_gap=0.6656  mixup=51/200  3.9 sps  ETA 0.7h  cpc=0.0791
              R²_rand=0.6360  R²_naive=0.6586  U_t=0.9523  U_b=0.8493  AUC=1.0000  Top1=0.9986
  timing: data=4.0ms  fwd=119.6ms  bwd=90.5ms  total=214.8ms
[  90600] loss=14.0141  ema_loss=13.9609  gap=0.6736  ema_gap=0.6658  mixup=61/200  3.9 sps  ETA 0.7h  cpc=0.0641
              R²_rand=0.6331  R²_naive=0.6562  U_t=0.9446  U_b=0.8533  AUC=1.0000  Top1=0.9989
  timing: data=4.2ms  fwd=120.4ms  bwd=93.0ms  total=218.4ms
[  90800] loss=13.9506  ema_loss=13.9603  gap=0.6766  ema_gap=0.6686  mixup=60/200  3.9 sps  ETA 0.7h  cpc=0.0258
              R²_rand=0.6395  R²_naive=0.6589  U_t=0.9571  U_b=0.9077  AUC=1.0000  Top1=0.9978
  timing: data=48.7ms  fwd=120.2ms  bwd=90.3ms  total=259.9ms
[  91000] loss=13.9835  ema_loss=13.9652  gap=0.6560  ema_gap=0.6688  mixup=55/200  3.9 sps  ETA 0.6h  cpc=0.0484
              R²_rand=0.6358  R²_naive=0.6482  U_t=0.9254  U_b=0.8583  AUC=1.0000  Top1=0.9959
  timing: data=3.8ms  fwd=116.2ms  bwd=86.1ms  total=206.7ms
[  91200] loss=13.9860  ema_loss=13.9609  gap=0.6684  ema_gap=0.6670  mixup=59/200  3.9 sps  ETA 0.6h  cpc=0.0458
              R²_rand=0.6301  R²_naive=0.6544  U_t=0.9552  U_b=0.8873  AUC=1.0000  Top1=0.9984
  timing: data=4.0ms  fwd=120.1ms  bwd=89.9ms  total=214.7ms
[  91400] loss=14.0622  ema_loss=13.9643  gap=0.6671  ema_gap=0.6662  mixup=60/200  3.9 sps  ETA 0.6h  cpc=0.0988
              R²_rand=0.6353  R²_naive=0.6524  U_t=0.9451  U_b=0.8113  AUC=0.9999  Top1=0.9965
  timing: data=39.7ms  fwd=118.1ms  bwd=91.7ms  total=250.2ms
[  91600] loss=13.9613  ema_loss=13.9624  gap=0.6717  ema_gap=0.6665  mixup=56/200  3.9 sps  ETA 0.6h  cpc=0.0243
              R²_rand=0.6319  R²_naive=0.6552  U_t=0.9230  U_b=0.9345  AUC=1.0000  Top1=0.9984
  timing: data=3.6ms  fwd=118.7ms  bwd=90.1ms  total=213.2ms
[  91800] loss=13.9388  ema_loss=13.9648  gap=0.6790  ema_gap=0.6663  mixup=67/200  3.9 sps  ETA 0.6h  cpc=0.0151
              R²_rand=0.6361  R²_naive=0.6586  U_t=0.9384  U_b=0.9552  AUC=0.9999  Top1=0.9976
  timing: data=3.7ms  fwd=119.9ms  bwd=91.5ms  total=215.8ms
[  92000] loss=13.9363  ema_loss=13.9683  gap=0.6691  ema_gap=0.6680  mixup=61/200  3.9 sps  ETA 0.6h  cpc=0.0178
              R²_rand=0.6474  R²_naive=0.6577  U_t=0.9636  U_b=0.9355  AUC=1.0000  Top1=0.9984
  timing: data=47.7ms  fwd=119.8ms  bwd=92.1ms  total=260.4ms
[  92200] loss=13.9496  ema_loss=13.9747  gap=0.6736  ema_gap=0.6704  mixup=63/200  3.9 sps  ETA 0.6h  cpc=0.0172
              R²_rand=0.6326  R²_naive=0.6544  U_t=0.9289  U_b=0.9343  AUC=1.0000  Top1=0.9973
  timing: data=3.9ms  fwd=115.8ms  bwd=89.4ms  total=209.7ms
[  92400] loss=13.9865  ema_loss=13.9728  gap=0.6760  ema_gap=0.6715  mixup=57/200  3.9 sps  ETA 0.5h  cpc=0.0174
              R²_rand=0.6364  R²_naive=0.6518  U_t=0.9385  U_b=0.9375  AUC=1.0000  Top1=0.9976
  timing: data=3.9ms  fwd=119.4ms  bwd=90.0ms  total=213.9ms
[  92600] loss=13.9717  ema_loss=13.9745  gap=0.6624  ema_gap=0.6728  mixup=59/200  3.9 sps  ETA 0.5h  cpc=0.0355
              R²_rand=0.6373  R²_naive=0.6507  U_t=0.9379  U_b=0.9005  AUC=1.0000  Top1=0.9984
  timing: data=68.5ms  fwd=118.5ms  bwd=90.1ms  total=277.8ms
  -> Saved /home/jupyter/wt-cf-390-train/experiments/2026-08-01_lalign_teacher/runs/bb_small_arm5_nse_lalign_lrep_enc3l3_b64_200k_sigreg_ema_qk_aon_cpc_tau090_alignteacher_r2_best_gap.pth
[  92800] loss=13.9889  ema_loss=13.9791  gap=0.6755  ema_gap=0.6694  mixup=55/200  3.9 sps  ETA 0.5h  cpc=0.0336
              R²_rand=0.6371  R²_naive=0.6602  U_t=0.9470  U_b=0.8894  AUC=1.0000  Top1=0.9992
  timing: data=4.0ms  fwd=119.5ms  bwd=88.6ms  total=212.8ms
[  93000] loss=13.9545  ema_loss=13.9734  gap=0.6748  ema_gap=0.6740  mixup=65/200  3.9 sps  ETA 0.5h  cpc=0.0144
              R²_rand=0.6373  R²_naive=0.6573  U_t=0.9561  U_b=0.9459  AUC=1.0000  Top1=0.9989
  timing: data=4.8ms  fwd=121.9ms  bwd=91.7ms  total=219.2ms
  -> Saved /home/jupyter/wt-cf-390-train/experiments/2026-08-01_lalign_teacher/runs/bb_small_arm5_nse_lalign_lrep_enc3l3_b64_200k_sigreg_ema_qk_aon_cpc_tau090_alignteacher_r2_best_gap.pth
[  93200] loss=13.9380  ema_loss=13.9797  gap=0.6750  ema_gap=0.6725  mixup=61/200  3.9 sps  ETA 0.5h  cpc=0.0204
              R²_rand=0.6281  R²_naive=0.6588  U_t=0.9601  U_b=0.9333  AUC=1.0000  Top1=0.9984
  timing: data=71.4ms  fwd=121.5ms  bwd=91.9ms  total=285.6ms
[  93400] loss=13.9603  ema_loss=13.9771  gap=0.6682  ema_gap=0.6717  mixup=59/200  3.9 sps  ETA 0.5h  cpc=0.0204
              R²_rand=0.6314  R²_naive=0.6523  U_t=0.9678  U_b=0.9368  AUC=1.0000  Top1=0.9978
  timing: data=3.9ms  fwd=119.4ms  bwd=89.2ms  total=213.3ms
[  93600] loss=13.9463  ema_loss=13.9696  gap=0.6802  ema_gap=0.6728  mixup=55/200  3.9 sps  ETA 0.5h  cpc=0.0179
              R²_rand=0.6343  R²_naive=0.6580  U_t=0.9475  U_b=0.9329  AUC=1.0000  Top1=0.9986
  timing: data=4.0ms  fwd=120.3ms  bwd=90.8ms  total=215.8ms
[  93800] loss=13.9350  ema_loss=13.9690  gap=0.6628  ema_gap=0.6692  mixup=58/200  3.9 sps  ETA 0.4h  cpc=0.0145
              R²_rand=0.6359  R²_naive=0.6509  U_t=0.9667  U_b=0.9438  AUC=1.0000  Top1=0.9976
  timing: data=39.7ms  fwd=120.8ms  bwd=92.3ms  total=253.6ms
[  94000] loss=14.0351  ema_loss=13.9684  gap=0.6809  ema_gap=0.6696  mixup=60/200  3.9 sps  ETA 0.4h  cpc=0.0730
              R²_rand=0.6405  R²_naive=0.6618  U_t=0.9641  U_b=0.8497  AUC=1.0000  Top1=0.9981
  timing: data=4.3ms  fwd=122.8ms  bwd=91.5ms  total=219.3ms
[  94200] loss=14.0078  ema_loss=13.9721  gap=0.6533  ema_gap=0.6685  mixup=76/200  3.9 sps  ETA 0.4h  cpc=0.0308
              R²_rand=0.6270  R²_naive=0.6441  U_t=0.8879  U_b=0.9155  AUC=1.0000  Top1=0.9948
  timing: data=3.6ms  fwd=117.0ms  bwd=90.4ms  total=211.8ms
[  94400] loss=14.0373  ema_loss=13.9745  gap=0.6696  ema_gap=0.6701  mixup=54/200  3.9 sps  ETA 0.4h  cpc=0.0708
              R²_rand=0.6278  R²_naive=0.6540  U_t=0.9534  U_b=0.8504  AUC=1.0000  Top1=0.9976
  timing: data=52.5ms  fwd=120.7ms  bwd=91.8ms  total=265.7ms
[  94600] loss=13.9882  ema_loss=13.9749  gap=0.6579  ema_gap=0.6690  mixup=63/200  3.9 sps  ETA 0.4h  cpc=0.0443
              R²_rand=0.6220  R²_naive=0.6492  U_t=0.9578  U_b=0.8841  AUC=1.0000  Top1=0.9981
  timing: data=4.0ms  fwd=123.5ms  bwd=91.3ms  total=219.5ms
[  94800] loss=13.9606  ema_loss=13.9680  gap=0.6700  ema_gap=0.6685  mixup=74/200  3.9 sps  ETA 0.4h  cpc=0.0231
              R²_rand=0.6377  R²_naive=0.6530  U_t=0.9334  U_b=0.9054  AUC=1.0000  Top1=0.9973
  timing: data=4.0ms  fwd=120.1ms  bwd=90.3ms  total=215.2ms
[  95000] loss=13.9596  ema_loss=13.9651  gap=0.6672  ema_gap=0.6678  mixup=70/200  3.9 sps  ETA 0.4h  cpc=0.0218
              R²_rand=0.6421  R²_naive=0.6559  U_t=0.9164  U_b=0.9271  AUC=1.0000  Top1=0.9962
  timing: data=42.0ms  fwd=121.0ms  bwd=92.2ms  total=255.9ms
[  95200] loss=13.9394  ema_loss=13.9719  gap=0.6734  ema_gap=0.6694  mixup=56/200  3.9 sps  ETA 0.3h  cpc=0.0179
              R²_rand=0.6320  R²_naive=0.6583  U_t=0.9411  U_b=0.9259  AUC=1.0000  Top1=0.9976
  timing: data=3.9ms  fwd=120.2ms  bwd=90.2ms  total=215.0ms
[  95400] loss=13.9241  ema_loss=13.9641  gap=0.6807  ema_gap=0.6736  mixup=51/200  3.9 sps  ETA 0.3h  cpc=0.0117
              R²_rand=0.6453  R²_naive=0.6618  U_t=0.9470  U_b=0.9502  AUC=1.0000  Top1=0.9984
  timing: data=3.4ms  fwd=113.7ms  bwd=82.7ms  total=200.4ms
[  95600] loss=13.9306  ema_loss=13.9618  gap=0.6813  ema_gap=0.6730  mixup=62/200  3.9 sps  ETA 0.3h  cpc=0.0081
              R²_rand=0.6453  R²_naive=0.6617  U_t=0.9515  U_b=0.9444  AUC=1.0000  Top1=0.9954
  timing: data=3.8ms  fwd=119.9ms  bwd=91.4ms  total=215.7ms
[  95800] loss=13.9124  ema_loss=13.9625  gap=0.6883  ema_gap=0.6730  mixup=62/200  3.9 sps  ETA 0.3h  cpc=0.0112
              R²_rand=0.6514  R²_naive=0.6650  U_t=0.9563  U_b=0.9425  AUC=1.0000  Top1=0.9978
  timing: data=29.5ms  fwd=120.6ms  bwd=91.4ms  total=242.2ms
[  96000] loss=13.9502  ema_loss=13.9748  gap=0.6706  ema_gap=0.6715  mixup=68/200  3.9 sps  ETA 0.3h  cpc=0.0175
              R²_rand=0.6356  R²_naive=0.6551  U_t=0.9613  U_b=0.9374  AUC=1.0000  Top1=0.9967
  timing: data=3.9ms  fwd=119.2ms  bwd=91.9ms  total=215.8ms
[  96200] loss=13.9389  ema_loss=13.9616  gap=0.6745  ema_gap=0.6729  mixup=66/200  3.9 sps  ETA 0.3h  cpc=0.0110
              R²_rand=0.6395  R²_naive=0.6562  U_t=0.9447  U_b=0.9450  AUC=1.0000  Top1=0.9981
  timing: data=4.0ms  fwd=119.7ms  bwd=90.2ms  total=214.7ms
[  96400] loss=13.9504  ema_loss=13.9666  gap=0.6736  ema_gap=0.6741  mixup=57/200  3.9 sps  ETA 0.3h  cpc=0.0131
              R²_rand=0.6247  R²_naive=0.6523  U_t=0.9444  U_b=0.9270  AUC=1.0000  Top1=0.9965
  timing: data=65.9ms  fwd=119.2ms  bwd=90.8ms  total=276.6ms
  -> Saved /home/jupyter/wt-cf-390-train/experiments/2026-08-01_lalign_teacher/runs/bb_small_arm5_nse_lalign_lrep_enc3l3_b64_200k_sigreg_ema_qk_aon_cpc_tau090_alignteacher_r2_best_gap.pth
[  96600] loss=14.0090  ema_loss=13.9650  gap=0.6841  ema_gap=0.6745  mixup=57/200  3.9 sps  ETA 0.2h  cpc=0.0539
              R²_rand=0.6296  R²_naive=0.6623  U_t=0.9022  U_b=0.9338  AUC=1.0000  Top1=0.9970
  timing: data=4.0ms  fwd=120.1ms  bwd=89.9ms  total=214.7ms
  -> Saved /home/jupyter/wt-cf-390-train/experiments/2026-08-01_lalign_teacher/runs/bb_small_arm5_nse_lalign_lrep_enc3l3_b64_200k_sigreg_ema_qk_aon_cpc_tau090_alignteacher_r2_best_gap.pth
[  96800] loss=13.9156  ema_loss=13.9591  gap=0.6842  ema_gap=0.6781  mixup=68/200  3.9 sps  ETA 0.2h  cpc=0.0094
              R²_rand=0.6433  R²_naive=0.6635  U_t=0.9547  U_b=0.9457  AUC=1.0000  Top1=0.9978
  timing: data=3.4ms  fwd=117.7ms  bwd=90.0ms  total=211.9ms
  -> Saved /home/jupyter/wt-cf-390-train/experiments/2026-08-01_lalign_teacher/runs/bb_small_arm5_nse_lalign_lrep_enc3l3_b64_200k_sigreg_ema_qk_aon_cpc_tau090_alignteacher_r2_best_gap.pth
  -> Saved /home/jupyter/wt-cf-390-train/experiments/2026-08-01_lalign_teacher/runs/bb_small_arm5_nse_lalign_lrep_enc3l3_b64_200k_sigreg_ema_qk_aon_cpc_tau090_alignteacher_r2_best_loss.pth
[  97000] loss=13.9284  ema_loss=13.9608  gap=0.6683  ema_gap=0.6766  mixup=69/200  3.9 sps  ETA 0.2h  cpc=0.0125
              R²_rand=0.6331  R²_naive=0.6529  U_t=0.9475  U_b=0.9404  AUC=0.9999  Top1=0.9978
  timing: data=28.4ms  fwd=118.8ms  bwd=90.8ms  total=238.7ms
[  97200] loss=13.9377  ema_loss=13.9558  gap=0.6686  ema_gap=0.6763  mixup=65/200  3.9 sps  ETA 0.2h  cpc=0.0199
              R²_rand=0.6428  R²_naive=0.6588  U_t=0.9180  U_b=0.9452  AUC=1.0000  Top1=0.9962
  timing: data=3.7ms  fwd=119.2ms  bwd=91.4ms  total=215.1ms
  -> Saved /home/jupyter/wt-cf-390-train/experiments/2026-08-01_lalign_teacher/runs/bb_small_arm5_nse_lalign_lrep_enc3l3_b64_200k_sigreg_ema_qk_aon_cpc_tau090_alignteacher_r2_best_loss.pth
[  97400] loss=13.9612  ema_loss=13.9628  gap=0.6866  ema_gap=0.6731  mixup=55/200  3.9 sps  ETA 0.2h  cpc=0.0116
              R²_rand=0.6435  R²_naive=0.6655  U_t=0.9438  U_b=0.9459  AUC=1.0000  Top1=0.9978
  timing: data=3.9ms  fwd=117.6ms  bwd=88.4ms  total=210.6ms
[  97600] loss=13.9701  ema_loss=13.9647  gap=0.6798  ema_gap=0.6755  mixup=62/200  3.9 sps  ETA 0.2h  cpc=0.0201
              R²_rand=0.6318  R²_naive=0.6622  U_t=0.9023  U_b=0.9232  AUC=1.0000  Top1=0.9986
  timing: data=61.3ms  fwd=118.1ms  bwd=90.5ms  total=270.7ms
[  97800] loss=14.0155  ema_loss=13.9669  gap=0.6670  ema_gap=0.6735  mixup=64/200  3.9 sps  ETA 0.2h  cpc=0.0343
              R²_rand=0.6368  R²_naive=0.6562  U_t=0.9325  U_b=0.9263  AUC=1.0000  Top1=0.9943
  timing: data=3.7ms  fwd=120.7ms  bwd=90.7ms  total=215.8ms
[  98000] loss=13.9433  ema_loss=13.9686  gap=0.6765  ema_gap=0.6711  mixup=65/200  3.9 sps  ETA 0.1h  cpc=0.0226
              R²_rand=0.6420  R²_naive=0.6616  U_t=0.9064  U_b=0.9385  AUC=1.0000  Top1=0.9978
  timing: data=3.6ms  fwd=115.4ms  bwd=86.7ms  total=206.3ms
[  98200] loss=13.9186  ema_loss=13.9619  gap=0.6805  ema_gap=0.6756  mixup=45/200  3.9 sps  ETA 0.1h  cpc=0.0088
              R²_rand=0.6429  R²_naive=0.6630  U_t=0.9539  U_b=0.9449  AUC=1.0000  Top1=0.9984
  timing: data=35.4ms  fwd=118.7ms  bwd=89.2ms  total=244.0ms
[  98400] loss=13.9310  ema_loss=13.9530  gap=0.6831  ema_gap=0.6773  mixup=61/200  3.9 sps  ETA 0.1h  cpc=0.0143
              R²_rand=0.6519  R²_naive=0.6679  U_t=0.8855  U_b=0.9417  AUC=1.0000  Top1=0.9989
  timing: data=4.2ms  fwd=118.1ms  bwd=90.1ms  total=213.1ms
  -> Saved /home/jupyter/wt-cf-390-train/experiments/2026-08-01_lalign_teacher/runs/bb_small_arm5_nse_lalign_lrep_enc3l3_b64_200k_sigreg_ema_qk_aon_cpc_tau090_alignteacher_r2_best_loss.pth
[  98600] loss=13.9340  ema_loss=13.9633  gap=0.6816  ema_gap=0.6771  mixup=60/200  3.9 sps  ETA 0.1h  cpc=0.0110
              R²_rand=0.6466  R²_naive=0.6613  U_t=0.9379  U_b=0.9379  AUC=1.0000  Top1=0.9970
  timing: data=3.9ms  fwd=118.7ms  bwd=89.1ms  total=212.4ms
[  98800] loss=13.9507  ema_loss=13.9714  gap=0.6818  ema_gap=0.6779  mixup=66/200  3.9 sps  ETA 0.1h  cpc=0.0172
              R²_rand=0.6280  R²_naive=0.6583  U_t=0.9434  U_b=0.9310  AUC=1.0000  Top1=0.9973
  timing: data=47.9ms  fwd=118.2ms  bwd=90.3ms  total=257.1ms
[  99000] loss=14.0293  ema_loss=13.9673  gap=0.6945  ema_gap=0.6810  mixup=60/200  3.9 sps  ETA 0.1h  cpc=0.0689
              R²_rand=0.6411  R²_naive=0.6693  U_t=0.9626  U_b=0.8457  AUC=1.0000  Top1=0.9986
  timing: data=3.9ms  fwd=119.9ms  bwd=89.9ms  total=214.3ms
  -> Saved /home/jupyter/wt-cf-390-train/experiments/2026-08-01_lalign_teacher/runs/bb_small_arm5_nse_lalign_lrep_enc3l3_b64_200k_sigreg_ema_qk_aon_cpc_tau090_alignteacher_r2_best_gap.pth
[  99200] loss=13.9157  ema_loss=13.9670  gap=0.6770  ema_gap=0.6820  mixup=48/200  3.9 sps  ETA 0.1h  cpc=0.0088
              R²_rand=0.6448  R²_naive=0.6630  U_t=0.9380  U_b=0.9385  AUC=1.0000  Top1=0.9970
  timing: data=3.7ms  fwd=116.9ms  bwd=87.8ms  total=209.1ms
  -> Saved /home/jupyter/wt-cf-390-train/experiments/2026-08-01_lalign_teacher/runs/bb_small_arm5_nse_lalign_lrep_enc3l3_b64_200k_sigreg_ema_qk_aon_cpc_tau090_alignteacher_r2_best_gap.pth
[  99400] loss=13.9342  ema_loss=13.9592  gap=0.6846  ema_gap=0.6788  mixup=55/200  3.9 sps  ETA 0.0h  cpc=0.0091
              R²_rand=0.6502  R²_naive=0.6645  U_t=0.9478  U_b=0.9442  AUC=1.0000  Top1=0.9984
  timing: data=46.4ms  fwd=120.1ms  bwd=91.5ms  total=258.6ms
[  99600] loss=13.9557  ema_loss=13.9693  gap=0.6672  ema_gap=0.6746  mixup=55/200  3.9 sps  ETA 0.0h  cpc=0.0187
              R²_rand=0.6394  R²_naive=0.6587  U_t=0.9509  U_b=0.9381  AUC=1.0000  Top1=0.9957
  timing: data=3.9ms  fwd=117.9ms  bwd=91.6ms  total=214.1ms
[  99800] loss=13.9694  ema_loss=13.9651  gap=0.6724  ema_gap=0.6733  mixup=62/200  3.9 sps  ETA 0.0h  cpc=0.0198
              R²_rand=0.6320  R²_naive=0.6600  U_t=0.9133  U_b=0.9450  AUC=1.0000  Top1=0.9948
  timing: data=4.0ms  fwd=117.4ms  bwd=86.8ms  total=208.8ms
[ 100000] loss=13.9307  ema_loss=13.9645  gap=0.6691  ema_gap=0.6728  mixup=54/200  3.9 sps  ETA 0.0h  cpc=0.0127
              R²_rand=0.6428  R²_naive=0.6585  U_t=0.9468  U_b=0.9404  AUC=1.0000  Top1=0.9954
  timing: data=45.7ms  fwd=116.2ms  bwd=87.4ms  total=250.0ms
  -> Saved /home/jupyter/wt-cf-390-train/experiments/2026-08-01_lalign_teacher/runs/bb_small_arm5_nse_lalign_lrep_enc3l3_b64_200k_sigreg_ema_qk_aon_cpc_tau090_alignteacher_r2_100k.pth
  -> Saved /home/jupyter/wt-cf-390-train/experiments/2026-08-01_lalign_teacher/runs/bb_small_arm5_nse_lalign_lrep_enc3l3_b64_200k_sigreg_ema_qk_aon_cpc_tau090_alignteacher_r2_final.pth

Done in 4.2h. Best gap=0.6820 at step 99200, Best loss=13.9530 at step 98400
  [checkpoint] Branching to 'bb_small_arm5_nse_lalign_lrep_enc3l3_b64_200k_sigreg_ema_qk_aon_cpc_tau090_alignteacher_r3'.
  [checkpoint] Restored optimizer from /home/jupyter/wt-cf-390-train/experiments/2026-08-01_lalign_teacher/runs/bb_small_arm5_nse_lalign_lrep_enc3l3_b64_200k_sigreg_ema_qk_aon_cpc_tau090_alignteacher_r2_100k_optimizer.pth (step=100000, best_ff=0.6820)
Resumed from /home/jupyter/wt-cf-390-train/experiments/2026-08-01_lalign_teacher/runs/bb_small_arm5_nse_lalign_lrep_enc3l3_b64_200k_sigreg_ema_qk_aon_cpc_tau090_alignteacher_r2_100k.pth at step 100000
Device: cuda | Params: 724,764
Training for 200000 steps, bs=64, lr=0.001, T=4096, C=1, mix_ratio=0.0078125, freq_emb_dim=3, seasonality_emb_dim=3, mixup_p=0.3, rev_norm_kind=ewma(span=128), patch_stats=none, encoder_type=gru
Checkpoints: /home/jupyter/wt-cf-390-train/experiments/2026-08-01_lalign_teacher/runs/bb_small_arm5_nse_lalign_lrep_enc3l3_b64_200k_sigreg_ema_qk_aon_cpc_tau090_alignteacher_r3_*.pth
Loss CSV: /home/jupyter/wt-cf-390-train/experiments/2026-08-01_lalign_teacher/runs/bb_small_arm5_nse_lalign_lrep_enc3l3_b64_200k_sigreg_ema_qk_aon_cpc_tau090_alignteacher_r3_losses.csv
Latent-drift CSV: /home/jupyter/wt-cf-390-train/experiments/2026-08-01_lalign_teacher/runs/bb_small_arm5_nse_lalign_lrep_enc3l3_b64_200k_sigreg_ema_qk_aon_cpc_tau090_alignteacher_r3_latent_drift.csv (every 25000 steps, probe_bs=64, probe_seed=20260722)
Attn-amplitude CSV: /home/jupyter/wt-cf-390-train/experiments/2026-08-01_lalign_teacher/runs/bb_small_arm5_nse_lalign_lrep_enc3l3_b64_200k_sigreg_ema_qk_aon_cpc_tau090_alignteacher_r3_attn_amplitude.csv (every 200 steps)
Data: MIX 99% HF + 1% synth (forked-arma) + 0% crossfade + 1 triplet(s)=3 rows, hf_bs=64, synth_bs=0, cross_bs=0, total_bs=67
  [dataloader] 4274 shards, 42740000 total rows, target skip 6400000
  [dataloader] Fast-skip: starting at shard 640/4274, then skipping 0 rows within it
[ 100200] loss=14.0114  ema_loss=13.9573  gap=0.6798  ema_gap=0.6741  mixup=59/200  2.6 sps  ETA 10.6h  cpc=0.0626
              R²_rand=0.6387  R²_naive=0.6614  U_t=0.9655  U_b=0.8460  AUC=1.0000  Top1=0.9973
  timing: data=72.4ms  fwd=158.1ms  bwd=120.5ms  total=351.7ms
[ 100400] loss=13.9393  ema_loss=13.9602  gap=0.6739  ema_gap=0.6740  mixup=63/200  2.9 sps  ETA 9.6h  cpc=0.0208
              R²_rand=0.6444  R²_naive=0.6588  U_t=0.9508  U_b=0.9422  AUC=1.0000  Top1=0.9973
  timing: data=7.8ms  fwd=158.6ms  bwd=116.7ms  total=283.9ms
[ 100600] loss=13.9720  ema_loss=13.9508  gap=0.6814  ema_gap=0.6748  mixup=54/200  3.0 sps  ETA 9.2h  cpc=0.0556
              R²_rand=0.6500  R²_naive=0.6685  U_t=0.9478  U_b=0.8520  AUC=1.0000  Top1=0.9976
  timing: data=7.5ms  fwd=155.3ms  bwd=116.1ms  total=279.6ms
  -> Saved /home/jupyter/wt-cf-390-train/experiments/2026-08-01_lalign_teacher/runs/bb_small_arm5_nse_lalign_lrep_enc3l3_b64_200k_sigreg_ema_qk_aon_cpc_tau090_alignteacher_r3_best_loss.pth
[ 100800] loss=13.9354  ema_loss=13.9460  gap=0.6821  ema_gap=0.6741  mixup=62/200  3.0 sps  ETA 9.2h  cpc=0.0242
              R²_rand=0.6517  R²_naive=0.6670  U_t=0.9589  U_b=0.9160  AUC=1.0000  Top1=0.9989
  timing: data=33.2ms  fwd=155.8ms  bwd=115.5ms  total=305.3ms
  -> Saved /home/jupyter/wt-cf-390-train/experiments/2026-08-01_lalign_teacher/runs/bb_small_arm5_nse_lalign_lrep_enc3l3_b64_200k_sigreg_ema_qk_aon_cpc_tau090_alignteacher_r3_best_loss.pth
[ 101000] loss=13.9246  ema_loss=13.9523  gap=0.6821  ema_gap=0.6711  mixup=61/200  3.0 sps  ETA 9.1h  cpc=0.0099
              R²_rand=0.6537  R²_naive=0.6683  U_t=0.9643  U_b=0.9370  AUC=1.0000  Top1=0.9995
  timing: data=7.5ms  fwd=156.9ms  bwd=117.1ms  total=282.1ms
[ 101200] loss=14.0128  ema_loss=13.9607  gap=0.6785  ema_gap=0.6689  mixup=58/200  3.1 sps  ETA 9.0h  cpc=0.0724
              R²_rand=0.6323  R²_naive=0.6670  U_t=0.9435  U_b=0.8183  AUC=1.0000  Top1=0.9986
  timing: data=7.6ms  fwd=157.0ms  bwd=118.4ms  total=283.6ms
[ 101400] loss=13.9613  ema_loss=13.9519  gap=0.6771  ema_gap=0.6708  mixup=57/200  3.0 sps  ETA 9.0h  cpc=0.0363
              R²_rand=0.6468  R²_naive=0.6652  U_t=0.9706  U_b=0.8781  AUC=1.0000  Top1=0.9978
  timing: data=34.3ms  fwd=156.6ms  bwd=116.6ms  total=308.3ms
[ 101600] loss=13.9312  ema_loss=13.9490  gap=0.6779  ema_gap=0.6743  mixup=56/200  3.1 sps  ETA 8.9h  cpc=0.0202
              R²_rand=0.6368  R²_naive=0.6626  U_t=0.9515  U_b=0.9050  AUC=1.0000  Top1=0.9981
  timing: data=7.7ms  fwd=157.1ms  bwd=115.3ms  total=280.7ms
[ 101800] loss=13.9256  ema_loss=13.9437  gap=0.6740  ema_gap=0.6720  mixup=55/200  3.1 sps  ETA 8.9h  cpc=0.0221
              R²_rand=0.6387  R²_naive=0.6655  U_t=0.9529  U_b=0.9266  AUC=1.0000  Top1=0.9984
  timing: data=7.8ms  fwd=158.4ms  bwd=116.9ms  total=283.8ms
  -> Saved /home/jupyter/wt-cf-390-train/experiments/2026-08-01_lalign_teacher/runs/bb_small_arm5_nse_lalign_lrep_enc3l3_b64_200k_sigreg_ema_qk_aon_cpc_tau090_alignteacher_r3_best_loss.pth
[ 102000] loss=13.9633  ema_loss=13.9498  gap=0.6739  ema_gap=0.6752  mixup=67/200  3.1 sps  ETA 8.9h  cpc=0.0274
              R²_rand=0.6370  R²_naive=0.6572  U_t=0.9605  U_b=0.9152  AUC=1.0000  Top1=0.9981
  timing: data=38.4ms  fwd=155.6ms  bwd=116.4ms  total=311.1ms
[ 102200] loss=13.9146  ema_loss=13.9534  gap=0.6572  ema_gap=0.6708  mixup=64/200  3.1 sps  ETA 8.8h  cpc=0.0161
              R²_rand=0.6224  R²_naive=0.6505  U_t=0.9591  U_b=0.9349  AUC=1.0000  Top1=0.9962
  timing: data=7.6ms  fwd=157.4ms  bwd=117.6ms  total=283.4ms
[ 102400] loss=13.9258  ema_loss=13.9518  gap=0.6729  ema_gap=0.6694  mixup=71/200  3.1 sps  ETA 8.8h  cpc=0.0196
              R²_rand=0.6455  R²_naive=0.6602  U_t=0.9442  U_b=0.9016  AUC=1.0000  Top1=0.9997
  timing: data=7.8ms  fwd=158.5ms  bwd=117.6ms  total=284.6ms
[ 102600] loss=14.0032  ema_loss=13.9491  gap=0.6460  ema_gap=0.6679  mixup=59/200  3.1 sps  ETA 8.8h  cpc=0.0253
              R²_rand=0.6289  R²_naive=0.6484  U_t=0.8992  U_b=0.9390  AUC=0.9999  Top1=0.9875
  timing: data=40.1ms  fwd=156.7ms  bwd=116.2ms  total=313.8ms
[ 102800] loss=13.9276  ema_loss=13.9531  gap=0.6654  ema_gap=0.6690  mixup=69/200  3.1 sps  ETA 8.8h  cpc=0.0162
              R²_rand=0.6218  R²_naive=0.6563  U_t=0.9585  U_b=0.9294  AUC=1.0000  Top1=0.9992
  timing: data=7.9ms  fwd=160.7ms  bwd=117.2ms  total=286.7ms
[ 103000] loss=13.9288  ema_loss=13.9524  gap=0.6599  ema_gap=0.6702  mixup=67/200  3.1 sps  ETA 8.7h  cpc=0.0144
              R²_rand=0.6473  R²_naive=0.6555  U_t=0.9479  U_b=0.9356  AUC=1.0000  Top1=0.9970
  timing: data=7.5ms  fwd=156.9ms  bwd=117.5ms  total=282.7ms
[ 103200] loss=13.9238  ema_loss=13.9599  gap=0.6723  ema_gap=0.6709  mixup=51/200  3.1 sps  ETA 8.7h  cpc=0.0083
              R²_rand=0.6420  R²_naive=0.6615  U_t=0.9578  U_b=0.9471  AUC=1.0000  Top1=0.9943
  timing: data=31.5ms  fwd=154.7ms  bwd=116.5ms  total=303.5ms
[ 103400] loss=13.9578  ema_loss=13.9701  gap=0.6501  ema_gap=0.6702  mixup=63/200  3.1 sps  ETA 8.7h  cpc=0.0199
              R²_rand=0.6248  R²_naive=0.6518  U_t=0.9061  U_b=0.9508  AUC=0.9999  Top1=0.9886
  timing: data=7.9ms  fwd=158.8ms  bwd=119.9ms  total=287.4ms
[ 103600] loss=13.9500  ema_loss=13.9716  gap=0.6729  ema_gap=0.6667  mixup=67/200  3.1 sps  ETA 8.7h  cpc=0.0112
              R²_rand=0.6374  R²_naive=0.6626  U_t=0.9289  U_b=0.9418  AUC=1.0000  Top1=0.9986
  timing: data=7.9ms  fwd=155.4ms  bwd=117.1ms  total=281.2ms
[ 103800] loss=13.9835  ema_loss=13.9694  gap=0.6733  ema_gap=0.6734  mixup=54/200  3.1 sps  ETA 8.7h  cpc=0.0167
              R²_rand=0.6258  R²_naive=0.6581  U_t=0.9362  U_b=0.9349  AUC=1.0000  Top1=0.9984
  timing: data=37.5ms  fwd=157.2ms  bwd=118.6ms  total=314.1ms
[ 104000] loss=13.9329  ema_loss=13.9730  gap=0.6684  ema_gap=0.6720  mixup=63/200  3.1 sps  ETA 8.6h  cpc=0.0073
              R²_rand=0.6383  R²_naive=0.6574  U_t=0.9601  U_b=0.9446  AUC=1.0000  Top1=0.9984
  timing: data=7.6ms  fwd=157.4ms  bwd=116.7ms  total=282.4ms
[ 104200] loss=13.9526  ema_loss=13.9669  gap=0.6750  ema_gap=0.6719  mixup=65/200  3.1 sps  ETA 8.6h  cpc=0.0252
              R²_rand=0.6459  R²_naive=0.6599  U_t=0.9606  U_b=0.8970  AUC=1.0000  Top1=0.9984
  timing: data=7.5ms  fwd=156.2ms  bwd=116.0ms  total=280.5ms
[ 104400] loss=13.9196  ema_loss=13.9598  gap=0.6699  ema_gap=0.6739  mixup=58/200  3.1 sps  ETA 8.6h  cpc=0.0095
              R²_rand=0.6481  R²_naive=0.6591  U_t=0.9449  U_b=0.9441  AUC=1.0000  Top1=0.9965
  timing: data=52.2ms  fwd=155.2ms  bwd=117.5ms  total=325.7ms
[ 104600] loss=13.9888  ema_loss=13.9594  gap=0.6784  ema_gap=0.6728  mixup=69/200  3.1 sps  ETA 8.6h  cpc=0.0562
              R²_rand=0.6405  R²_naive=0.6664  U_t=0.9533  U_b=0.8552  AUC=1.0000  Top1=0.9978
  timing: data=7.9ms  fwd=158.6ms  bwd=115.6ms  total=282.8ms
[ 104800] loss=13.9433  ema_loss=13.9692  gap=0.6774  ema_gap=0.6695  mixup=65/200  3.1 sps  ETA 8.5h  cpc=0.0196
              R²_rand=0.6436  R²_naive=0.6652  U_t=0.9396  U_b=0.9151  AUC=1.0000  Top1=0.9978
  timing: data=7.7ms  fwd=155.5ms  bwd=114.9ms  total=278.9ms
[ 105000] loss=13.9758  ema_loss=13.9648  gap=0.6704  ema_gap=0.6725  mixup=55/200  3.1 sps  ETA 8.5h  cpc=0.0424
              R²_rand=0.6316  R²_naive=0.6568  U_t=0.9520  U_b=0.8626  AUC=1.0000  Top1=0.9989
  timing: data=41.5ms  fwd=155.3ms  bwd=112.3ms  total=309.9ms
[ 105200] loss=13.9183  ema_loss=13.9566  gap=0.6752  ema_gap=0.6750  mixup=49/200  3.1 sps  ETA 8.5h  cpc=0.0083
              R²_rand=0.6338  R²_naive=0.6606  U_t=0.9653  U_b=0.9450  AUC=1.0000  Top1=0.9981
  timing: data=7.8ms  fwd=158.7ms  bwd=116.5ms  total=283.7ms
[ 105400] loss=13.9449  ema_loss=13.9624  gap=0.6746  ema_gap=0.6712  mixup=59/200  3.1 sps  ETA 8.5h  cpc=0.0148
              R²_rand=0.6428  R²_naive=0.6621  U_t=0.9226  U_b=0.9260  AUC=1.0000  Top1=0.9984
  timing: data=7.5ms  fwd=157.9ms  bwd=116.6ms  total=282.6ms
[ 105600] loss=13.9243  ema_loss=13.9644  gap=0.6714  ema_gap=0.6722  mixup=52/200  3.1 sps  ETA 8.5h  cpc=0.0070
              R²_rand=0.6325  R²_naive=0.6609  U_t=0.9338  U_b=0.9432  AUC=1.0000  Top1=0.9981
  timing: data=7.7ms  fwd=157.8ms  bwd=116.6ms  total=282.8ms
[ 105800] loss=13.9510  ema_loss=13.9668  gap=0.6733  ema_gap=0.6699  mixup=61/200  3.1 sps  ETA 8.5h  cpc=0.0261
              R²_rand=0.6427  R²_naive=0.6631  U_t=0.9508  U_b=0.9080  AUC=1.0000  Top1=0.9978
  timing: data=29.4ms  fwd=156.3ms  bwd=119.9ms  total=306.4ms
[ 106000] loss=14.0867  ema_loss=13.9886  gap=0.6791  ema_gap=0.6724  mixup=53/200  3.1 sps  ETA 8.4h  cpc=0.0466
              R²_rand=0.6323  R²_naive=0.6529  U_t=0.8648  U_b=0.8960  AUC=0.9999  Top1=0.9878
  timing: data=8.0ms  fwd=158.3ms  bwd=117.6ms  total=284.6ms
[ 106200] loss=13.9324  ema_loss=13.9784  gap=0.6746  ema_gap=0.6740  mixup=58/200  3.1 sps  ETA 8.4h  cpc=0.0073
              R²_rand=0.6452  R²_naive=0.6613  U_t=0.9353  U_b=0.9415  AUC=1.0000  Top1=0.9978
  timing: data=7.5ms  fwd=157.4ms  bwd=117.9ms  total=283.6ms
[ 106400] loss=13.9283  ema_loss=13.9693  gap=0.6728  ema_gap=0.6735  mixup=62/200  3.1 sps  ETA 8.4h  cpc=0.0129
              R²_rand=0.6331  R²_naive=0.6596  U_t=0.9413  U_b=0.9363  AUC=1.0000  Top1=0.9976
  timing: data=37.6ms  fwd=157.1ms  bwd=119.4ms  total=314.9ms
[ 106600] loss=13.9243  ema_loss=13.9691  gap=0.6752  ema_gap=0.6743  mixup=56/200  3.1 sps  ETA 8.4h  cpc=0.0077
              R²_rand=0.6338  R²_naive=0.6611  U_t=0.9464  U_b=0.9469  AUC=1.0000  Top1=0.9967
  timing: data=7.7ms  fwd=158.4ms  bwd=118.9ms  total=285.8ms
[ 106800] loss=13.9513  ema_loss=13.9656  gap=0.6723  ema_gap=0.6706  mixup=71/200  3.1 sps  ETA 8.3h  cpc=0.0109
              R²_rand=0.6363  R²_naive=0.6594  U_t=0.9459  U_b=0.9304  AUC=1.0000  Top1=0.9976
  timing: data=7.6ms  fwd=155.4ms  bwd=116.0ms  total=279.7ms
[ 107000] loss=13.9521  ema_loss=13.9684  gap=0.6560  ema_gap=0.6720  mixup=50/200  3.1 sps  ETA 8.3h  cpc=0.0140
              R²_rand=0.6354  R²_naive=0.6510  U_t=0.9114  U_b=0.9428  AUC=1.0000  Top1=0.9965
  timing: data=24.6ms  fwd=156.8ms  bwd=118.3ms  total=300.5ms
[ 107200] loss=13.9640  ema_loss=13.9661  gap=0.6554  ema_gap=0.6711  mixup=63/200  3.1 sps  ETA 8.3h  cpc=0.0211
              R²_rand=0.6426  R²_naive=0.6521  U_t=0.8956  U_b=0.9271  AUC=1.0000  Top1=0.9957
  timing: data=8.0ms  fwd=156.3ms  bwd=118.1ms  total=283.1ms
[ 107400] loss=13.9438  ema_loss=13.9679  gap=0.6789  ema_gap=0.6732  mixup=68/200  3.1 sps  ETA 8.3h  cpc=0.0188
              R²_rand=0.6342  R²_naive=0.6627  U_t=0.9191  U_b=0.9349  AUC=1.0000  Top1=0.9967
  timing: data=7.5ms  fwd=155.5ms  bwd=115.2ms  total=279.0ms
[ 107600] loss=13.9491  ema_loss=13.9741  gap=0.6742  ema_gap=0.6773  mixup=52/200  3.1 sps  ETA 8.3h  cpc=0.0175
              R²_rand=0.6378  R²_naive=0.6561  U_t=0.9375  U_b=0.9349  AUC=1.0000  Top1=0.9992
  timing: data=54.6ms  fwd=157.6ms  bwd=117.4ms  total=330.4ms
[ 107800] loss=13.9530  ema_loss=13.9718  gap=0.6768  ema_gap=0.6744  mixup=63/200  3.1 sps  ETA 8.3h  cpc=0.0136
              R²_rand=0.6364  R²_naive=0.6593  U_t=0.9159  U_b=0.9443  AUC=1.0000  Top1=0.9948
  timing: data=7.6ms  fwd=157.1ms  bwd=119.3ms  total=284.8ms
[ 108000] loss=13.9748  ema_loss=13.9680  gap=0.6769  ema_gap=0.6751  mixup=59/200  3.1 sps  ETA 8.2h  cpc=0.0248
              R²_rand=0.6462  R²_naive=0.6620  U_t=0.9249  U_b=0.9116  AUC=1.0000  Top1=0.9997
  timing: data=7.6ms  fwd=155.8ms  bwd=115.9ms  total=280.0ms
[ 108200] loss=13.9332  ema_loss=13.9740  gap=0.6852  ema_gap=0.6805  mixup=57/200  3.1 sps  ETA 8.2h  cpc=0.0070
              R²_rand=0.6454  R²_naive=0.6665  U_t=0.9588  U_b=0.9486  AUC=1.0000  Top1=0.9992
  timing: data=27.2ms  fwd=157.3ms  bwd=116.5ms  total=301.8ms
[ 108400] loss=13.9529  ema_loss=13.9687  gap=0.6928  ema_gap=0.6827  mixup=55/200  3.1 sps  ETA 8.2h  cpc=0.0185
              R²_rand=0.6368  R²_naive=0.6670  U_t=0.9311  U_b=0.9366  AUC=1.0000  Top1=0.9984
  timing: data=7.6ms  fwd=159.8ms  bwd=119.0ms  total=287.2ms
  -> Saved /home/jupyter/wt-cf-390-train/experiments/2026-08-01_lalign_teacher/runs/bb_small_arm5_nse_lalign_lrep_enc3l3_b64_200k_sigreg_ema_qk_aon_cpc_tau090_alignteacher_r3_best_gap.pth
[ 108600] loss=13.9786  ema_loss=13.9619  gap=0.6952  ema_gap=0.6857  mixup=47/200  3.1 sps  ETA 8.2h  cpc=0.0490
              R²_rand=0.6525  R²_naive=0.6694  U_t=0.9541  U_b=0.8598  AUC=1.0000  Top1=0.9989
  timing: data=7.7ms  fwd=159.2ms  bwd=116.7ms  total=284.4ms
  -> Saved /home/jupyter/wt-cf-390-train/experiments/2026-08-01_lalign_teacher/runs/bb_small_arm5_nse_lalign_lrep_enc3l3_b64_200k_sigreg_ema_qk_aon_cpc_tau090_alignteacher_r3_best_gap.pth
[ 108800] loss=13.9677  ema_loss=13.9634  gap=0.6738  ema_gap=0.6830  mixup=59/200  3.1 sps  ETA 8.2h  cpc=0.0233
              R²_rand=0.6370  R²_naive=0.6605  U_t=0.9367  U_b=0.9413  AUC=1.0000  Top1=0.9921
  timing: data=33.0ms  fwd=158.0ms  bwd=118.7ms  total=310.5ms
[ 109000] loss=13.9646  ema_loss=13.9660  gap=0.6758  ema_gap=0.6801  mixup=52/200  3.1 sps  ETA 8.1h  cpc=0.0187
              R²_rand=0.6400  R²_naive=0.6598  U_t=0.9066  U_b=0.9428  AUC=1.0000  Top1=0.9951
  timing: data=7.9ms  fwd=159.5ms  bwd=119.6ms  total=287.8ms
[ 109200] loss=13.9520  ema_loss=13.9676  gap=0.6798  ema_gap=0.6775  mixup=74/200  3.1 sps  ETA 8.1h  cpc=0.0159
              R²_rand=0.6232  R²_naive=0.6608  U_t=0.9394  U_b=0.9077  AUC=1.0000  Top1=0.9976
  timing: data=7.5ms  fwd=156.8ms  bwd=117.2ms  total=282.3ms
[ 109400] loss=13.9418  ema_loss=13.9741  gap=0.6777  ema_gap=0.6769  mixup=63/200  3.1 sps  ETA 8.1h  cpc=0.0184
              R²_rand=0.6489  R²_naive=0.6625  U_t=0.9378  U_b=0.9202  AUC=1.0000  Top1=0.9984
  timing: data=37.2ms  fwd=156.6ms  bwd=115.8ms  total=310.4ms
[ 109600] loss=13.9274  ema_loss=13.9731  gap=0.6763  ema_gap=0.6788  mixup=64/200  3.1 sps  ETA 8.1h  cpc=0.0126
              R²_rand=0.6444  R²_naive=0.6610  U_t=0.9414  U_b=0.9395  AUC=1.0000  Top1=0.9984
  timing: data=7.6ms  fwd=157.8ms  bwd=117.5ms  total=283.7ms
[ 109800] loss=13.9799  ema_loss=13.9630  gap=0.6780  ema_gap=0.6787  mixup=62/200  3.1 sps  ETA 8.1h  cpc=0.0208
              R²_rand=0.6269  R²_naive=0.6588  U_t=0.9469  U_b=0.9394  AUC=1.0000  Top1=0.9981
  timing: data=7.8ms  fwd=156.2ms  bwd=115.7ms  total=280.5ms
[ 110000] loss=13.9521  ema_loss=13.9625  gap=0.6715  ema_gap=0.6796  mixup=56/200  3.1 sps  ETA 8.1h  cpc=0.0192
              R²_rand=0.6384  R²_naive=0.6550  U_t=0.9098  U_b=0.9356  AUC=1.0000  Top1=0.9976
  timing: data=30.9ms  fwd=155.3ms  bwd=117.4ms  total=304.2ms
[ 110200] loss=13.9292  ema_loss=13.9610  gap=0.6799  ema_gap=0.6789  mixup=56/200  3.1 sps  ETA 8.0h  cpc=0.0146
              R²_rand=0.6500  R²_naive=0.6659  U_t=0.9451  U_b=0.9337  AUC=1.0000  Top1=0.9970
  timing: data=7.8ms  fwd=157.4ms  bwd=116.7ms  total=282.7ms
[ 110400] loss=13.9395  ema_loss=13.9545  gap=0.6750  ema_gap=0.6803  mixup=49/200  3.1 sps  ETA 8.0h  cpc=0.0118
              R²_rand=0.6435  R²_naive=0.6638  U_t=0.9465  U_b=0.9309  AUC=1.0000  Top1=0.9981
  timing: data=7.5ms  fwd=154.7ms  bwd=115.3ms  total=278.2ms
[ 110600] loss=13.9197  ema_loss=13.9602  gap=0.6826  ema_gap=0.6779  mixup=52/200  3.1 sps  ETA 8.0h  cpc=0.0110
              R²_rand=0.6545  R²_naive=0.6678  U_t=0.9456  U_b=0.9463  AUC=1.0000  Top1=0.9989
  timing: data=7.5ms  fwd=157.8ms  bwd=116.6ms  total=282.6ms
[ 110800] loss=13.9293  ema_loss=13.9624  gap=0.6741  ema_gap=0.6749  mixup=57/200  3.1 sps  ETA 8.0h  cpc=0.0109
              R²_rand=0.6488  R²_naive=0.6613  U_t=0.9413  U_b=0.9493  AUC=1.0000  Top1=0.9973
  timing: data=28.3ms  fwd=155.4ms  bwd=117.3ms  total=301.7ms
[ 111000] loss=13.9907  ema_loss=13.9674  gap=0.6600  ema_gap=0.6758  mixup=56/200  3.1 sps  ETA 7.9h  cpc=0.0390
              R²_rand=0.6467  R²_naive=0.6563  U_t=0.9022  U_b=0.9273  AUC=0.9999  Top1=0.9897
  timing: data=7.4ms  fwd=156.5ms  bwd=115.1ms  total=279.7ms
[ 111200] loss=13.9514  ema_loss=13.9661  gap=0.6788  ema_gap=0.6791  mixup=53/200  3.1 sps  ETA 7.9h  cpc=0.0129
              R²_rand=0.6411  R²_naive=0.6619  U_t=0.9370  U_b=0.9498  AUC=1.0000  Top1=0.9986
  timing: data=7.7ms  fwd=156.3ms  bwd=115.6ms  total=280.3ms
[ 111400] loss=13.9539  ema_loss=13.9746  gap=0.6648  ema_gap=0.6791  mixup=51/200  3.1 sps  ETA 7.9h  cpc=0.0192
              R²_rand=0.6391  R²_naive=0.6543  U_t=0.9421  U_b=0.9340  AUC=1.0000  Top1=0.9984
  timing: data=29.2ms  fwd=156.8ms  bwd=117.8ms  total=304.6ms
[ 111600] loss=13.9471  ema_loss=13.9710  gap=0.6666  ema_gap=0.6786  mixup=65/200  3.1 sps  ETA 7.9h  cpc=0.0168
              R²_rand=0.6219  R²_naive=0.6526  U_t=0.9581  U_b=0.9262  AUC=1.0000  Top1=0.9984
  timing: data=7.5ms  fwd=156.1ms  bwd=117.2ms  total=281.5ms
[ 111800] loss=13.9359  ema_loss=13.9658  gap=0.6743  ema_gap=0.6733  mixup=64/200  3.1 sps  ETA 7.9h  cpc=0.0089
              R²_rand=0.6484  R²_naive=0.6608  U_t=0.9331  U_b=0.9451  AUC=1.0000  Top1=0.9970
  timing: data=7.5ms  fwd=157.3ms  bwd=118.3ms  total=283.8ms
[ 112000] loss=13.9447  ema_loss=13.9727  gap=0.6742  ema_gap=0.6721  mixup=63/200  3.1 sps  ETA 7.9h  cpc=0.0150
              R²_rand=0.6337  R²_naive=0.6593  U_t=0.9514  U_b=0.9398  AUC=1.0000  Top1=0.9981
  timing: data=36.4ms  fwd=157.2ms  bwd=118.2ms  total=312.6ms
[ 112200] loss=13.9650  ema_loss=13.9679  gap=0.6773  ema_gap=0.6713  mixup=58/200  3.1 sps  ETA 7.8h  cpc=0.0204
              R²_rand=0.6421  R²_naive=0.6603  U_t=0.9430  U_b=0.9420  AUC=1.0000  Top1=0.9962
  timing: data=7.6ms  fwd=157.7ms  bwd=115.7ms  total=281.6ms
[ 112400] loss=13.9495  ema_loss=13.9766  gap=0.6768  ema_gap=0.6758  mixup=63/200  3.1 sps  ETA 7.8h  cpc=0.0142
              R²_rand=0.6447  R²_naive=0.6621  U_t=0.9355  U_b=0.9402  AUC=1.0000  Top1=0.9976
  timing: data=7.7ms  fwd=160.9ms  bwd=118.2ms  total=287.6ms
[ 112600] loss=13.9398  ema_loss=13.9735  gap=0.6857  ema_gap=0.6781  mixup=57/200  3.1 sps  ETA 7.8h  cpc=0.0092
              R²_rand=0.6446  R²_naive=0.6630  U_t=0.9617  U_b=0.9481  AUC=1.0000  Top1=0.9984
  timing: data=39.9ms  fwd=156.9ms  bwd=118.1ms  total=315.6ms
[ 112800] loss=13.9594  ema_loss=13.9678  gap=0.6787  ema_gap=0.6800  mixup=53/200  3.1 sps  ETA 7.8h  cpc=0.0192
              R²_rand=0.6382  R²_naive=0.6648  U_t=0.9291  U_b=0.9411  AUC=1.0000  Top1=0.9981
  timing: data=6.9ms  fwd=151.3ms  bwd=109.6ms  total=268.5ms
[ 113000] loss=13.9493  ema_loss=13.9787  gap=0.6765  ema_gap=0.6833  mixup=52/200  3.1 sps  ETA 7.8h  cpc=0.0107
              R²_rand=0.6349  R²_naive=0.6548  U_t=0.9455  U_b=0.9399  AUC=1.0000  Top1=0.9954
  timing: data=7.4ms  fwd=154.8ms  bwd=119.6ms  total=282.5ms
[ 113200] loss=13.9524  ema_loss=13.9808  gap=0.6874  ema_gap=0.6833  mixup=74/200  3.1 sps  ETA 7.8h  cpc=0.0107
              R²_rand=0.6417  R²_naive=0.6643  U_t=0.9545  U_b=0.9485  AUC=1.0000  Top1=0.9973
  timing: data=124.3ms  fwd=155.2ms  bwd=117.3ms  total=397.5ms
[ 113400] loss=13.9524  ema_loss=13.9771  gap=0.6806  ema_gap=0.6849  mixup=50/200  3.1 sps  ETA 7.8h  cpc=0.0168
              R²_rand=0.6481  R²_naive=0.6600  U_t=0.9305  U_b=0.9524  AUC=1.0000  Top1=0.9929
  timing: data=10.6ms  fwd=151.5ms  bwd=116.1ms  total=278.9ms
[ 113600] loss=14.0056  ema_loss=13.9859  gap=0.6899  ema_gap=0.6861  mixup=56/200  3.1 sps  ETA 7.7h  cpc=0.0421
              R²_rand=0.6445  R²_naive=0.6672  U_t=0.8997  U_b=0.8976  AUC=1.0000  Top1=0.9976
  timing: data=7.9ms  fwd=158.5ms  bwd=117.1ms  total=284.2ms
  -> Saved /home/jupyter/wt-cf-390-train/experiments/2026-08-01_lalign_teacher/runs/bb_small_arm5_nse_lalign_lrep_enc3l3_b64_200k_sigreg_ema_qk_aon_cpc_tau090_alignteacher_r3_best_gap.pth
[ 113800] loss=14.0189  ema_loss=13.9939  gap=0.6952  ema_gap=0.6896  mixup=58/200  3.1 sps  ETA 7.7h  cpc=0.0408
              R²_rand=0.6362  R²_naive=0.6648  U_t=0.9398  U_b=0.8813  AUC=1.0000  Top1=0.9984
  timing: data=30.0ms  fwd=153.5ms  bwd=118.9ms  total=303.2ms
  -> Saved /home/jupyter/wt-cf-390-train/experiments/2026-08-01_lalign_teacher/runs/bb_small_arm5_nse_lalign_lrep_enc3l3_b64_200k_sigreg_ema_qk_aon_cpc_tau090_alignteacher_r3_best_gap.pth
[ 114000] loss=13.9677  ema_loss=13.9807  gap=0.6885  ema_gap=0.6873  mixup=61/200  3.1 sps  ETA 7.7h  cpc=0.0212
              R²_rand=0.6534  R²_naive=0.6668  U_t=0.9356  U_b=0.9337  AUC=1.0000  Top1=0.9978
  timing: data=8.0ms  fwd=147.0ms  bwd=106.5ms  total=262.2ms
[ 114200] loss=13.9803  ema_loss=13.9803  gap=0.6875  ema_gap=0.6887  mixup=63/200  3.1 sps  ETA 7.7h  cpc=0.0291
              R²_rand=0.6461  R²_naive=0.6662  U_t=0.9384  U_b=0.9179  AUC=1.0000  Top1=0.9976
  timing: data=7.2ms  fwd=150.3ms  bwd=111.4ms  total=269.6ms
[ 114400] loss=14.0661  ema_loss=13.9863  gap=0.7024  ema_gap=0.6875  mixup=66/200  3.1 sps  ETA 7.7h  cpc=0.0663
              R²_rand=0.6389  R²_naive=0.6681  U_t=0.9498  U_b=0.8328  AUC=1.0000  Top1=0.9992
  timing: data=37.2ms  fwd=157.6ms  bwd=117.4ms  total=312.9ms
[ 114600] loss=13.9623  ema_loss=13.9936  gap=0.6956  ema_gap=0.6886  mixup=63/200  3.1 sps  ETA 7.6h  cpc=0.0119
              R²_rand=0.6405  R²_naive=0.6666  U_t=0.9280  U_b=0.9438  AUC=1.0000  Top1=0.9973
  timing: data=9.9ms  fwd=157.0ms  bwd=119.0ms  total=286.6ms
[ 114800] loss=13.9715  ema_loss=13.9846  gap=0.6740  ema_gap=0.6895  mixup=59/200  3.1 sps  ETA 7.6h  cpc=0.0157
              R²_rand=0.6342  R²_naive=0.6590  U_t=0.9259  U_b=0.9309  AUC=1.0000  Top1=0.9959
  timing: data=8.8ms  fwd=154.6ms  bwd=114.9ms  total=279.0ms
[ 115000] loss=13.9500  ema_loss=13.9790  gap=0.6952  ema_gap=0.6860  mixup=49/200  3.1 sps  ETA 7.6h  cpc=0.0085
              R²_rand=0.6445  R²_naive=0.6672  U_t=0.9218  U_b=0.9522  AUC=1.0000  Top1=0.9984
  timing: data=32.7ms  fwd=153.9ms  bwd=117.8ms  total=305.1ms
[ 115200] loss=13.9640  ema_loss=13.9820  gap=0.6897  ema_gap=0.6847  mixup=55/200  3.1 sps  ETA 7.6h  cpc=0.0123
              R²_rand=0.6343  R²_naive=0.6648  U_t=0.9282  U_b=0.9517  AUC=1.0000  Top1=0.9992
  timing: data=7.5ms  fwd=158.2ms  bwd=118.1ms  total=284.6ms
[ 115400] loss=13.9435  ema_loss=13.9845  gap=0.6883  ema_gap=0.6856  mixup=69/200  3.1 sps  ETA 7.6h  cpc=0.0065
              R²_rand=0.6467  R²_naive=0.6634  U_t=0.9555  U_b=0.9523  AUC=1.0000  Top1=0.9976
  timing: data=7.8ms  fwd=156.3ms  bwd=115.4ms  total=280.2ms
[ 115600] loss=14.1970  ema_loss=13.9844  gap=0.6865  ema_gap=0.6858  mixup=69/200  3.1 sps  ETA 7.5h  cpc=0.1177
              R²_rand=0.6303  R²_naive=0.6575  U_t=0.8719  U_b=0.8009  AUC=1.0000  Top1=0.9943
  timing: data=7.9ms  fwd=159.4ms  bwd=117.8ms  total=285.8ms
[ 115800] loss=13.9812  ema_loss=13.9832  gap=0.6918  ema_gap=0.6828  mixup=67/200  3.1 sps  ETA 7.5h  cpc=0.0239
              R²_rand=0.6296  R²_naive=0.6655  U_t=0.9422  U_b=0.9258  AUC=1.0000  Top1=0.9965
  timing: data=34.8ms  fwd=156.8ms  bwd=116.8ms  total=309.1ms
[ 116000] loss=14.0446  ema_loss=13.9876  gap=0.6893  ema_gap=0.6879  mixup=60/200  3.1 sps  ETA 7.5h  cpc=0.0735
              R²_rand=0.6373  R²_naive=0.6599  U_t=0.9509  U_b=0.8353  AUC=1.0000  Top1=0.9978
  timing: data=7.6ms  fwd=154.7ms  bwd=114.3ms  total=277.2ms
[ 116200] loss=13.9859  ema_loss=13.9793  gap=0.6999  ema_gap=0.6894  mixup=68/200  3.1 sps  ETA 7.5h  cpc=0.0332
              R²_rand=0.6498  R²_naive=0.6700  U_t=0.9322  U_b=0.8923  AUC=1.0000  Top1=0.9986
  timing: data=7.7ms  fwd=156.7ms  bwd=118.1ms  total=283.2ms
[ 116400] loss=13.9933  ema_loss=13.9751  gap=0.6930  ema_gap=0.6882  mixup=59/200  3.1 sps  ETA 7.5h  cpc=0.0394
              R²_rand=0.6427  R²_naive=0.6665  U_t=0.9608  U_b=0.8907  AUC=1.0000  Top1=0.9978
  timing: data=33.5ms  fwd=153.8ms  bwd=118.7ms  total=306.7ms
[ 116600] loss=13.9477  ema_loss=13.9782  gap=0.6900  ema_gap=0.6859  mixup=59/200  3.1 sps  ETA 7.4h  cpc=0.0096
              R²_rand=0.6439  R²_naive=0.6610  U_t=0.9549  U_b=0.9484  AUC=1.0000  Top1=0.9984
  timing: data=8.7ms  fwd=155.2ms  bwd=117.1ms  total=281.8ms
[ 116800] loss=13.9416  ema_loss=13.9757  gap=0.6864  ema_gap=0.6859  mixup=53/200  3.1 sps  ETA 7.4h  cpc=0.0087
              R²_rand=0.6453  R²_naive=0.6662  U_t=0.9608  U_b=0.9481  AUC=1.0000  Top1=0.9992
  timing: data=8.8ms  fwd=156.0ms  bwd=117.5ms  total=283.0ms
[ 117000] loss=14.0418  ema_loss=13.9764  gap=0.6894  ema_gap=0.6834  mixup=55/200  3.1 sps  ETA 7.4h  cpc=0.0796
              R²_rand=0.6507  R²_naive=0.6693  U_t=0.9533  U_b=0.8306  AUC=1.0000  Top1=0.9978
  timing: data=57.2ms  fwd=153.9ms  bwd=117.1ms  total=328.8ms
[ 117200] loss=13.9696  ema_loss=13.9767  gap=0.6825  ema_gap=0.6865  mixup=64/200  3.1 sps  ETA 7.4h  cpc=0.0213
              R²_rand=0.6282  R²_naive=0.6577  U_t=0.9284  U_b=0.9430  AUC=1.0000  Top1=0.9978
  timing: data=7.8ms  fwd=156.5ms  bwd=115.7ms  total=280.8ms
[ 117400] loss=13.9646  ema_loss=13.9739  gap=0.6922  ema_gap=0.6872  mixup=63/200  3.1 sps  ETA 7.4h  cpc=0.0174
              R²_rand=0.6213  R²_naive=0.6674  U_t=0.9381  U_b=0.9304  AUC=1.0000  Top1=0.9978
  timing: data=9.9ms  fwd=154.3ms  bwd=117.4ms  total=282.3ms
[ 117600] loss=13.9479  ema_loss=13.9746  gap=0.6962  ema_gap=0.6882  mixup=56/200  3.1 sps  ETA 7.4h  cpc=0.0175
              R²_rand=0.6467  R²_naive=0.6695  U_t=0.9571  U_b=0.9306  AUC=1.0000  Top1=0.9986
  timing: data=48.0ms  fwd=154.3ms  bwd=116.7ms  total=319.7ms
[ 117800] loss=13.9971  ema_loss=13.9766  gap=0.6776  ema_gap=0.6876  mixup=59/200  3.1 sps  ETA 7.3h  cpc=0.0176
              R²_rand=0.6513  R²_naive=0.6646  U_t=0.9102  U_b=0.9433  AUC=1.0000  Top1=0.9913
  timing: data=8.3ms  fwd=152.8ms  bwd=113.7ms  total=275.5ms
[ 118000] loss=13.9596  ema_loss=13.9751  gap=0.6872  ema_gap=0.6881  mixup=54/200  3.1 sps  ETA 7.3h  cpc=0.0171
              R²_rand=0.6495  R²_naive=0.6667  U_t=0.9460  U_b=0.9391  AUC=1.0000  Top1=0.9962
  timing: data=7.7ms  fwd=157.5ms  bwd=116.2ms  total=282.1ms
[ 118200] loss=14.0087  ema_loss=13.9780  gap=0.6861  ema_gap=0.6874  mixup=66/200  3.1 sps  ETA 7.3h  cpc=0.0461
              R²_rand=0.6387  R²_naive=0.6618  U_t=0.9629  U_b=0.8499  AUC=1.0000  Top1=0.9978
  timing: data=37.8ms  fwd=154.5ms  bwd=116.4ms  total=309.5ms
[ 118400] loss=13.9796  ema_loss=13.9785  gap=0.6998  ema_gap=0.6866  mixup=51/200  3.1 sps  ETA 7.3h  cpc=0.0178
              R²_rand=0.6456  R²_naive=0.6665  U_t=0.9271  U_b=0.9493  AUC=1.0000  Top1=0.9973
  timing: data=7.6ms  fwd=156.2ms  bwd=115.8ms  total=280.4ms
[ 118600] loss=14.0341  ema_loss=13.9769  gap=0.6600  ema_gap=0.6831  mixup=71/200  3.1 sps  ETA 7.3h  cpc=0.0574
              R²_rand=0.6246  R²_naive=0.6506  U_t=0.8967  U_b=0.9270  AUC=0.9998  Top1=0.9794
  timing: data=8.7ms  fwd=153.9ms  bwd=115.9ms  total=279.2ms
[ 118800] loss=13.9843  ema_loss=13.9774  gap=0.6805  ema_gap=0.6840  mixup=57/200  3.1 sps  ETA 7.3h  cpc=0.0190
              R²_rand=0.6511  R²_naive=0.6643  U_t=0.9276  U_b=0.9261  AUC=1.0000  Top1=0.9978
  timing: data=46.7ms  fwd=156.2ms  bwd=116.5ms  total=320.1ms
[ 119000] loss=13.9523  ema_loss=13.9752  gap=0.6809  ema_gap=0.6824  mixup=59/200  3.1 sps  ETA 7.2h  cpc=0.0193
              R²_rand=0.6367  R²_naive=0.6647  U_t=0.9662  U_b=0.9344  AUC=1.0000  Top1=0.9981
  timing: data=10.5ms  fwd=151.5ms  bwd=116.2ms  total=279.0ms
[ 119200] loss=14.0273  ema_loss=13.9757  gap=0.6876  ema_gap=0.6832  mixup=56/200  3.1 sps  ETA 7.2h  cpc=0.0482
              R²_rand=0.6213  R²_naive=0.6633  U_t=0.9642  U_b=0.8507  AUC=1.0000  Top1=0.9981
  timing: data=8.6ms  fwd=157.7ms  bwd=117.4ms  total=284.4ms
[ 119400] loss=14.0146  ema_loss=13.9750  gap=0.6868  ema_gap=0.6827  mixup=59/200  3.1 sps  ETA 7.2h  cpc=0.0537
              R²_rand=0.6386  R²_naive=0.6647  U_t=0.9414  U_b=0.8567  AUC=1.0000  Top1=0.9962
  timing: data=36.1ms  fwd=155.8ms  bwd=118.1ms  total=310.8ms
[ 119600] loss=14.0394  ema_loss=13.9776  gap=0.6822  ema_gap=0.6815  mixup=63/200  3.1 sps  ETA 7.2h  cpc=0.0735
              R²_rand=0.6446  R²_naive=0.6636  U_t=0.9585  U_b=0.8299  AUC=1.0000  Top1=0.9978
  timing: data=10.7ms  fwd=153.7ms  bwd=116.0ms  total=281.2ms
[ 119800] loss=13.9901  ema_loss=13.9778  gap=0.6893  ema_gap=0.6815  mixup=57/200  3.1 sps  ETA 7.2h  cpc=0.0362
              R²_rand=0.6340  R²_naive=0.6648  U_t=0.9521  U_b=0.9071  AUC=1.0000  Top1=0.9984
  timing: data=8.7ms  fwd=156.8ms  bwd=117.9ms  total=284.1ms
[ 120000] loss=13.9992  ema_loss=13.9725  gap=0.6793  ema_gap=0.6868  mixup=58/200  3.1 sps  ETA 7.1h  cpc=0.0179
              R²_rand=0.6408  R²_naive=0.6629  U_t=0.8931  U_b=0.9466  AUC=0.9999  Top1=0.9929
  timing: data=7.8ms  fwd=159.4ms  bwd=118.0ms  total=285.9ms
[ 120200] loss=13.9606  ema_loss=13.9797  gap=0.6895  ema_gap=0.6858  mixup=63/200  3.1 sps  ETA 7.1h  cpc=0.0193
              R²_rand=0.6407  R²_naive=0.6647  U_t=0.9665  U_b=0.9298  AUC=1.0000  Top1=0.9997
  timing: data=89.2ms  fwd=153.2ms  bwd=114.0ms  total=357.1ms
[ 120400] loss=14.0005  ema_loss=13.9768  gap=0.6667  ema_gap=0.6834  mixup=63/200  3.1 sps  ETA 7.1h  cpc=0.0199
              R²_rand=0.6242  R²_naive=0.6536  U_t=0.9147  U_b=0.9252  AUC=0.9999  Top1=0.9905
  timing: data=8.9ms  fwd=156.9ms  bwd=119.1ms  total=285.6ms
[ 120600] loss=13.9440  ema_loss=13.9717  gap=0.6914  ema_gap=0.6845  mixup=58/200  3.1 sps  ETA 7.1h  cpc=0.0118
              R²_rand=0.6510  R²_naive=0.6668  U_t=0.9596  U_b=0.9499  AUC=1.0000  Top1=0.9989
  timing: data=9.7ms  fwd=154.3ms  bwd=118.2ms  total=282.9ms
[ 120800] loss=13.9482  ema_loss=13.9747  gap=0.6926  ema_gap=0.6853  mixup=63/200  3.1 sps  ETA 7.1h  cpc=0.0179
              R²_rand=0.6480  R²_naive=0.6654  U_t=0.9431  U_b=0.9410  AUC=1.0000  Top1=0.9986
  timing: data=33.9ms  fwd=155.8ms  bwd=115.2ms  total=305.6ms
[ 121000] loss=13.9688  ema_loss=13.9748  gap=0.6818  ema_gap=0.6859  mixup=63/200  3.1 sps  ETA 7.1h  cpc=0.0188
              R²_rand=0.6490  R²_naive=0.6628  U_t=0.9349  U_b=0.9363  AUC=1.0000  Top1=0.9970
  timing: data=8.6ms  fwd=155.8ms  bwd=118.2ms  total=283.3ms
[ 121200] loss=13.9744  ema_loss=13.9779  gap=0.6747  ema_gap=0.6859  mixup=63/200  3.1 sps  ETA 7.0h  cpc=0.0186
              R²_rand=0.6397  R²_naive=0.6579  U_t=0.9092  U_b=0.9427  AUC=1.0000  Top1=0.9970
  timing: data=8.8ms  fwd=157.1ms  bwd=117.2ms  total=283.9ms
[ 121400] loss=13.9544  ema_loss=13.9789  gap=0.6869  ema_gap=0.6882  mixup=56/200  3.1 sps  ETA 7.0h  cpc=0.0158
              R²_rand=0.6439  R²_naive=0.6614  U_t=0.9559  U_b=0.9322  AUC=1.0000  Top1=0.9981
  timing: data=32.2ms  fwd=154.5ms  bwd=116.9ms  total=304.4ms
[ 121600] loss=13.9557  ema_loss=13.9772  gap=0.6997  ema_gap=0.6889  mixup=49/200  3.1 sps  ETA 7.0h  cpc=0.0158
              R²_rand=0.6417  R²_naive=0.6676  U_t=0.9537  U_b=0.9426  AUC=1.0000  Top1=0.9976
  timing: data=8.8ms  fwd=155.0ms  bwd=118.2ms  total=282.7ms
[ 121800] loss=13.9406  ema_loss=13.9793  gap=0.6752  ema_gap=0.6866  mixup=60/200  3.1 sps  ETA 7.0h  cpc=0.0093
              R²_rand=0.6385  R²_naive=0.6584  U_t=0.9700  U_b=0.9363  AUC=1.0000  Top1=0.9976
  timing: data=8.8ms  fwd=155.9ms  bwd=118.6ms  total=284.0ms
[ 122000] loss=13.9815  ema_loss=13.9823  gap=0.6903  ema_gap=0.6816  mixup=57/200  3.1 sps  ETA 7.0h  cpc=0.0264
              R²_rand=0.6438  R²_naive=0.6631  U_t=0.9533  U_b=0.9262  AUC=1.0000  Top1=0.9973
  timing: data=40.4ms  fwd=157.7ms  bwd=117.5ms  total=316.4ms
[ 122200] loss=13.9438  ema_loss=13.9778  gap=0.6889  ema_gap=0.6842  mixup=55/200  3.1 sps  ETA 7.0h  cpc=0.0106
              R²_rand=0.6401  R²_naive=0.6654  U_t=0.9540  U_b=0.9376  AUC=1.0000  Top1=0.9981
  timing: data=9.8ms  fwd=154.9ms  bwd=117.9ms  total=283.4ms
[ 122400] loss=13.9612  ema_loss=13.9818  gap=0.6841  ema_gap=0.6821  mixup=60/200  3.1 sps  ETA 6.9h  cpc=0.0200
              R²_rand=0.6419  R²_naive=0.6646  U_t=0.9478  U_b=0.9314  AUC=1.0000  Top1=0.9978
  timing: data=8.7ms  fwd=157.9ms  bwd=118.8ms  total=286.2ms
[ 122600] loss=13.9412  ema_loss=13.9780  gap=0.6803  ema_gap=0.6826  mixup=43/200  3.1 sps  ETA 6.9h  cpc=0.0091
              R²_rand=0.6358  R²_naive=0.6611  U_t=0.9628  U_b=0.9555  AUC=1.0000  Top1=0.9973
  timing: data=35.9ms  fwd=153.9ms  bwd=115.6ms  total=306.2ms
[ 122800] loss=13.9620  ema_loss=13.9822  gap=0.6950  ema_gap=0.6839  mixup=59/200  3.1 sps  ETA 6.9h  cpc=0.0078
              R²_rand=0.6458  R²_naive=0.6697  U_t=0.9327  U_b=0.9442  AUC=1.0000  Top1=0.9973
  timing: data=8.9ms  fwd=155.9ms  bwd=116.8ms  total=282.3ms
[ 123000] loss=14.0007  ema_loss=13.9869  gap=0.6805  ema_gap=0.6823  mixup=66/200  3.1 sps  ETA 6.9h  cpc=0.0265
              R²_rand=0.6301  R²_naive=0.6587  U_t=0.9579  U_b=0.8870  AUC=0.9999  Top1=0.9921
  timing: data=9.6ms  fwd=155.0ms  bwd=117.7ms  total=283.0ms
[ 123200] loss=14.0363  ema_loss=13.9891  gap=0.6843  ema_gap=0.6826  mixup=63/200  3.1 sps  ETA 6.9h  cpc=0.0609
              R²_rand=0.6371  R²_naive=0.6626  U_t=0.9509  U_b=0.8633  AUC=1.0000  Top1=0.9973
  timing: data=33.6ms  fwd=154.8ms  bwd=117.6ms  total=306.8ms
[ 123400] loss=14.0244  ema_loss=13.9860  gap=0.6937  ema_gap=0.6837  mixup=53/200  3.1 sps  ETA 6.8h  cpc=0.0443
              R²_rand=0.6297  R²_naive=0.6649  U_t=0.9075  U_b=0.8901  AUC=1.0000  Top1=0.9989
  timing: data=8.4ms  fwd=155.4ms  bwd=116.9ms  total=281.4ms
[ 123600] loss=14.0815  ema_loss=13.9943  gap=0.6912  ema_gap=0.6884  mixup=64/200  3.1 sps  ETA 6.8h  cpc=0.0827
              R²_rand=0.6429  R²_naive=0.6623  U_t=0.9591  U_b=0.8119  AUC=0.9999  Top1=0.9967
  timing: data=9.7ms  fwd=156.1ms  bwd=117.9ms  total=284.4ms
[ 123800] loss=13.9627  ema_loss=13.9942  gap=0.6880  ema_gap=0.6853  mixup=59/200  3.1 sps  ETA 6.8h  cpc=0.0144
              R²_rand=0.6262  R²_naive=0.6583  U_t=0.9603  U_b=0.9369  AUC=1.0000  Top1=0.9959
  timing: data=118.5ms  fwd=154.1ms  bwd=117.9ms  total=391.2ms
[ 124000] loss=13.9716  ema_loss=13.9960  gap=0.6990  ema_gap=0.6836  mixup=64/200  3.1 sps  ETA 6.8h  cpc=0.0094
              R²_rand=0.6393  R²_naive=0.6651  U_t=0.9293  U_b=0.9466  AUC=1.0000  Top1=0.9986
  timing: data=8.5ms  fwd=155.0ms  bwd=118.6ms  total=282.9ms
[ 124200] loss=13.9647  ema_loss=13.9978  gap=0.6904  ema_gap=0.6836  mixup=59/200  3.1 sps  ETA 6.8h  cpc=0.0142
              R²_rand=0.6311  R²_naive=0.6613  U_t=0.9587  U_b=0.9412  AUC=1.0000  Top1=0.9976
  timing: data=7.6ms  fwd=157.2ms  bwd=118.2ms  total=283.8ms
[ 124400] loss=14.0006  ema_loss=14.0043  gap=0.6903  ema_gap=0.6810  mixup=63/200  3.1 sps  ETA 6.8h  cpc=0.0231
              R²_rand=0.6306  R²_naive=0.6624  U_t=0.9515  U_b=0.9162  AUC=1.0000  Top1=0.9970
  timing: data=39.7ms  fwd=153.5ms  bwd=114.9ms  total=308.9ms
[ 124600] loss=14.0184  ema_loss=13.9973  gap=0.6820  ema_gap=0.6803  mixup=64/200  3.1 sps  ETA 6.8h  cpc=0.0490
              R²_rand=0.6440  R²_naive=0.6608  U_t=0.9423  U_b=0.8687  AUC=1.0000  Top1=0.9976
  timing: data=11.0ms  fwd=156.0ms  bwd=118.8ms  total=286.6ms
[ 124800] loss=14.0054  ema_loss=13.9893  gap=0.6781  ema_gap=0.6819  mixup=55/200  3.1 sps  ETA 6.7h  cpc=0.0356
              R²_rand=0.6404  R²_naive=0.6611  U_t=0.9066  U_b=0.9245  AUC=1.0000  Top1=0.9981
  timing: data=8.8ms  fwd=157.5ms  bwd=117.7ms  total=284.8ms
[ 125000] loss=13.9760  ema_loss=13.9891  gap=0.6945  ema_gap=0.6828  mixup=57/200  3.1 sps  ETA 6.7h  cpc=0.0233
              R²_rand=0.6489  R²_naive=0.6697  U_t=0.9468  U_b=0.9120  AUC=1.0000  Top1=0.9981
  timing: data=8.5ms  fwd=155.8ms  bwd=116.5ms  total=281.6ms
  -> Saved /home/jupyter/wt-cf-390-train/experiments/2026-08-01_lalign_teacher/runs/bb_small_arm5_nse_lalign_lrep_enc3l3_b64_200k_sigreg_ema_qk_aon_cpc_tau090_alignteacher_r3_125k.pth
[ 125200] loss=13.9663  ema_loss=13.9932  gap=0.6832  ema_gap=0.6796  mixup=59/200  3.1 sps  ETA 6.7h  cpc=0.0083
              R²_rand=0.6377  R²_naive=0.6634  U_t=0.9176  U_b=0.9464  AUC=1.0000  Top1=0.9965
  timing: data=72.7ms  fwd=153.4ms  bwd=118.3ms  total=345.1ms
[ 125400] loss=14.0014  ema_loss=13.9863  gap=0.6857  ema_gap=0.6818  mixup=66/200  3.1 sps  ETA 6.7h  cpc=0.0390
              R²_rand=0.6409  R²_naive=0.6672  U_t=0.9433  U_b=0.8769  AUC=1.0000  Top1=0.9984
  timing: data=7.7ms  fwd=157.7ms  bwd=118.4ms  total=284.5ms
[ 125600] loss=13.9622  ema_loss=13.9827  gap=0.6805  ema_gap=0.6834  mixup=61/200  3.1 sps  ETA 6.7h  cpc=0.0158
              R²_rand=0.6429  R²_naive=0.6592  U_t=0.9722  U_b=0.9424  AUC=1.0000  Top1=0.9970
  timing: data=8.6ms  fwd=153.3ms  bwd=119.6ms  total=282.2ms
[ 125800] loss=13.9628  ema_loss=13.9882  gap=0.6792  ema_gap=0.6816  mixup=63/200  3.1 sps  ETA 6.7h  cpc=0.0119
              R²_rand=0.6390  R²_naive=0.6616  U_t=0.9357  U_b=0.9411  AUC=1.0000  Top1=0.9984
  timing: data=23.4ms  fwd=156.4ms  bwd=119.9ms  total=300.4ms
[ 126000] loss=13.9927  ema_loss=13.9863  gap=0.6785  ema_gap=0.6816  mixup=63/200  3.1 sps  ETA 6.6h  cpc=0.0245
              R²_rand=0.6347  R²_naive=0.6584  U_t=0.9484  U_b=0.9196  AUC=1.0000  Top1=0.9957
  timing: data=7.8ms  fwd=156.2ms  bwd=119.1ms  total=283.7ms
[ 126200] loss=13.9766  ema_loss=13.9908  gap=0.6827  ema_gap=0.6836  mixup=55/200  3.1 sps  ETA 6.6h  cpc=0.0198
              R²_rand=0.6410  R²_naive=0.6599  U_t=0.9381  U_b=0.9274  AUC=1.0000  Top1=0.9976
  timing: data=8.8ms  fwd=153.7ms  bwd=116.6ms  total=279.8ms
[ 126400] loss=13.9927  ema_loss=13.9841  gap=0.6829  ema_gap=0.6856  mixup=55/200  3.1 sps  ETA 6.6h  cpc=0.0328
              R²_rand=0.6362  R²_naive=0.6636  U_t=0.9672  U_b=0.8623  AUC=1.0000  Top1=0.9976
  timing: data=24.4ms  fwd=155.2ms  bwd=120.3ms  total=300.5ms
[ 126600] loss=14.0000  ema_loss=13.9892  gap=0.6778  ema_gap=0.6869  mixup=50/200  3.1 sps  ETA 6.6h  cpc=0.0228
              R²_rand=0.6431  R²_naive=0.6590  U_t=0.9303  U_b=0.9238  AUC=1.0000  Top1=0.9959
  timing: data=7.8ms  fwd=158.5ms  bwd=120.8ms  total=287.8ms
[ 126800] loss=13.9856  ema_loss=13.9915  gap=0.6745  ema_gap=0.6880  mixup=51/200  3.1 sps  ETA 6.6h  cpc=0.0260
              R²_rand=0.6409  R²_naive=0.6602  U_t=0.9504  U_b=0.9089  AUC=1.0000  Top1=0.9981
  timing: data=8.6ms  fwd=154.7ms  bwd=120.7ms  total=284.8ms
[ 127000] loss=13.9665  ema_loss=13.9855  gap=0.7018  ema_gap=0.6870  mixup=59/200  3.1 sps  ETA 6.5h  cpc=0.0133
              R²_rand=0.6507  R²_naive=0.6697  U_t=0.9450  U_b=0.9375  AUC=1.0000  Top1=0.9986
  timing: data=33.9ms  fwd=154.6ms  bwd=119.1ms  total=308.2ms
[ 127200] loss=13.9908  ema_loss=13.9857  gap=0.6743  ema_gap=0.6866  mixup=60/200  3.1 sps  ETA 6.5h  cpc=0.0186
              R²_rand=0.6351  R²_naive=0.6535  U_t=0.9244  U_b=0.9279  AUC=1.0000  Top1=0.9965
  timing: data=8.4ms  fwd=154.2ms  bwd=119.5ms  total=282.8ms
[ 127400] loss=13.9707  ema_loss=13.9945  gap=0.6863  ema_gap=0.6888  mixup=62/200  3.1 sps  ETA 6.5h  cpc=0.0135
              R²_rand=0.6387  R²_naive=0.6587  U_t=0.9603  U_b=0.9249  AUC=1.0000  Top1=0.9967
  timing: data=9.7ms  fwd=152.1ms  bwd=116.8ms  total=279.3ms
[ 127600] loss=14.1329  ema_loss=13.9960  gap=0.6999  ema_gap=0.6879  mixup=57/200  3.1 sps  ETA 6.5h  cpc=0.0970
              R²_rand=0.6249  R²_naive=0.6645  U_t=0.9130  U_b=0.8178  AUC=1.0000  Top1=0.9984
  timing: data=41.8ms  fwd=153.7ms  bwd=121.0ms  total=317.3ms
[ 127800] loss=13.9633  ema_loss=13.9906  gap=0.6866  ema_gap=0.6863  mixup=55/200  3.1 sps  ETA 6.5h  cpc=0.0170
              R²_rand=0.6418  R²_naive=0.6623  U_t=0.9647  U_b=0.9374  AUC=1.0000  Top1=0.9976
  timing: data=7.8ms  fwd=158.2ms  bwd=119.5ms  total=286.2ms
[ 128000] loss=14.0100  ema_loss=13.9891  gap=0.6827  ema_gap=0.6865  mixup=56/200  3.1 sps  ETA 6.4h  cpc=0.0366
              R²_rand=0.6424  R²_naive=0.6612  U_t=0.9605  U_b=0.8783  AUC=1.0000  Top1=0.9984
  timing: data=8.6ms  fwd=152.6ms  bwd=117.4ms  total=279.3ms
[ 128200] loss=13.9625  ema_loss=14.0022  gap=0.6958  ema_gap=0.6900  mixup=54/200  3.1 sps  ETA 6.4h  cpc=0.0102
              R²_rand=0.6412  R²_naive=0.6644  U_t=0.9635  U_b=0.9461  AUC=1.0000  Top1=0.9981
  timing: data=165.3ms  fwd=153.7ms  bwd=119.9ms  total=439.5ms
  -> Saved /home/jupyter/wt-cf-390-train/experiments/2026-08-01_lalign_teacher/runs/bb_small_arm5_nse_lalign_lrep_enc3l3_b64_200k_sigreg_ema_qk_aon_cpc_tau090_alignteacher_r3_best_gap.pth
[ 128400] loss=13.9678  ema_loss=13.9988  gap=0.6914  ema_gap=0.6891  mixup=59/200  3.1 sps  ETA 6.4h  cpc=0.0134
              R²_rand=0.6334  R²_naive=0.6631  U_t=0.9531  U_b=0.9518  AUC=1.0000  Top1=0.9965
  timing: data=8.5ms  fwd=155.1ms  bwd=117.8ms  total=282.1ms
[ 128600] loss=13.9687  ema_loss=13.9976  gap=0.6880  ema_gap=0.6871  mixup=62/200  3.1 sps  ETA 6.4h  cpc=0.0113
              R²_rand=0.6271  R²_naive=0.6605  U_t=0.9528  U_b=0.9514  AUC=1.0000  Top1=0.9965
  timing: data=8.7ms  fwd=158.0ms  bwd=120.2ms  total=287.7ms
[ 128800] loss=14.0062  ema_loss=14.0035  gap=0.6630  ema_gap=0.6818  mixup=57/200  3.1 sps  ETA 6.4h  cpc=0.0284
              R²_rand=0.6180  R²_naive=0.6516  U_t=0.9275  U_b=0.9212  AUC=1.0000  Top1=0.9965
  timing: data=37.6ms  fwd=152.9ms  bwd=120.6ms  total=311.8ms
[ 129000] loss=14.0189  ema_loss=14.0051  gap=0.6984  ema_gap=0.6866  mixup=56/200  3.1 sps  ETA 6.4h  cpc=0.0418
              R²_rand=0.6331  R²_naive=0.6670  U_t=0.9583  U_b=0.8821  AUC=1.0000  Top1=0.9989
  timing: data=8.5ms  fwd=154.0ms  bwd=119.5ms  total=282.7ms
[ 129200] loss=13.9607  ema_loss=14.0026  gap=0.6834  ema_gap=0.6860  mixup=58/200  3.1 sps  ETA 6.4h  cpc=0.0096
              R²_rand=0.6348  R²_naive=0.6577  U_t=0.9645  U_b=0.9476  AUC=1.0000  Top1=0.9981
  timing: data=10.9ms  fwd=154.1ms  bwd=117.7ms  total=283.4ms
[ 129400] loss=13.9762  ema_loss=13.9959  gap=0.6915  ema_gap=0.6856  mixup=55/200  3.1 sps  ETA 6.3h  cpc=0.0188
              R²_rand=0.6359  R²_naive=0.6632  U_t=0.9495  U_b=0.9301  AUC=1.0000  Top1=0.9976
  timing: data=38.6ms  fwd=156.0ms  bwd=121.4ms  total=316.8ms
[ 129600] loss=13.9909  ema_loss=14.0037  gap=0.6883  ema_gap=0.6827  mixup=59/200  3.1 sps  ETA 6.3h  cpc=0.0155
              R²_rand=0.6311  R²_naive=0.6610  U_t=0.9265  U_b=0.9415  AUC=1.0000  Top1=0.9965
  timing: data=9.7ms  fwd=152.7ms  bwd=119.4ms  total=282.5ms
[ 129800] loss=13.9828  ema_loss=13.9993  gap=0.6921  ema_gap=0.6856  mixup=60/200  3.1 sps  ETA 6.3h  cpc=0.0188
              R²_rand=0.6395  R²_naive=0.6630  U_t=0.9426  U_b=0.9369  AUC=1.0000  Top1=0.9976
  timing: data=8.0ms  fwd=157.6ms  bwd=120.6ms  total=286.9ms
[ 130000] loss=13.9635  ema_loss=14.0137  gap=0.6819  ema_gap=0.6836  mixup=67/200  3.1 sps  ETA 6.3h  cpc=0.0067
              R²_rand=0.6319  R²_naive=0.6554  U_t=0.9300  U_b=0.9536  AUC=1.0000  Top1=0.9970
  timing: data=7.6ms  fwd=158.4ms  bwd=118.9ms  total=285.7ms
[ 130200] loss=14.0381  ema_loss=14.0094  gap=0.6801  ema_gap=0.6826  mixup=61/200  3.1 sps  ETA 6.3h  cpc=0.0502
              R²_rand=0.6274  R²_naive=0.6543  U_t=0.9459  U_b=0.8665  AUC=1.0000  Top1=0.9986
  timing: data=34.7ms  fwd=155.6ms  bwd=118.6ms  total=309.6ms
[ 130400] loss=14.0317  ema_loss=14.0060  gap=0.6995  ema_gap=0.6865  mixup=52/200  3.1 sps  ETA 6.2h  cpc=0.0467
              R²_rand=0.6326  R²_naive=0.6650  U_t=0.9610  U_b=0.8773  AUC=1.0000  Top1=0.9970
  timing: data=7.7ms  fwd=158.1ms  bwd=119.2ms  total=285.7ms
[ 130600] loss=14.0015  ema_loss=14.0002  gap=0.6762  ema_gap=0.6884  mixup=60/200  3.1 sps  ETA 6.2h  cpc=0.0217
              R²_rand=0.6294  R²_naive=0.6553  U_t=0.9319  U_b=0.9398  AUC=1.0000  Top1=0.9981
  timing: data=7.8ms  fwd=158.8ms  bwd=119.4ms  total=286.7ms
[ 130800] loss=14.0330  ema_loss=14.0075  gap=0.6833  ema_gap=0.6883  mixup=59/200  3.1 sps  ETA 6.2h  cpc=0.0369
              R²_rand=0.6308  R²_naive=0.6583  U_t=0.9394  U_b=0.8784  AUC=1.0000  Top1=0.9943
  timing: data=37.7ms  fwd=155.0ms  bwd=118.9ms  total=312.4ms
[ 131000] loss=13.9694  ema_loss=13.9976  gap=0.6875  ema_gap=0.6865  mixup=56/200  3.1 sps  ETA 6.2h  cpc=0.0128
              R²_rand=0.6332  R²_naive=0.6595  U_t=0.9412  U_b=0.9521  AUC=1.0000  Top1=0.9973
  timing: data=7.8ms  fwd=157.5ms  bwd=118.9ms  total=285.1ms
[ 131200] loss=14.0335  ema_loss=13.9968  gap=0.6582  ema_gap=0.6833  mixup=48/200  3.1 sps  ETA 6.2h  cpc=0.0209
              R²_rand=0.6343  R²_naive=0.6517  U_t=0.8983  U_b=0.9320  AUC=0.9998  Top1=0.9891
  timing: data=7.8ms  fwd=156.0ms  bwd=120.3ms  total=284.8ms
[ 131400] loss=13.9700  ema_loss=13.9999  gap=0.6852  ema_gap=0.6847  mixup=54/200  3.1 sps  ETA 6.2h  cpc=0.0143
              R²_rand=0.6430  R²_naive=0.6612  U_t=0.9637  U_b=0.9335  AUC=1.0000  Top1=0.9978
  timing: data=31.4ms  fwd=155.2ms  bwd=118.9ms  total=306.3ms
[ 131600] loss=13.9894  ema_loss=14.0061  gap=0.6747  ema_gap=0.6861  mixup=63/200  3.1 sps  ETA 6.1h  cpc=0.0206
              R²_rand=0.6304  R²_naive=0.6539  U_t=0.9314  U_b=0.9396  AUC=1.0000  Top1=0.9984
  timing: data=9.9ms  fwd=156.5ms  bwd=119.9ms  total=287.2ms
[ 131800] loss=13.9703  ema_loss=14.0000  gap=0.6867  ema_gap=0.6895  mixup=61/200  3.1 sps  ETA 6.1h  cpc=0.0124
              R²_rand=0.6355  R²_naive=0.6587  U_t=0.9439  U_b=0.9484  AUC=1.0000  Top1=0.9984
  timing: data=9.9ms  fwd=156.3ms  bwd=120.5ms  total=287.4ms
[ 132000] loss=14.0243  ema_loss=13.9959  gap=0.6937  ema_gap=0.6885  mixup=72/200  3.1 sps  ETA 6.1h  cpc=0.0426
              R²_rand=0.6275  R²_naive=0.6594  U_t=0.9560  U_b=0.8820  AUC=1.0000  Top1=0.9962
  timing: data=28.8ms  fwd=154.8ms  bwd=118.8ms  total=303.1ms
[ 132200] loss=14.0066  ema_loss=14.0025  gap=0.6822  ema_gap=0.6883  mixup=65/200  3.1 sps  ETA 6.1h  cpc=0.0150
              R²_rand=0.6330  R²_naive=0.6524  U_t=0.9334  U_b=0.9466  AUC=1.0000  Top1=0.9951
  timing: data=8.6ms  fwd=155.0ms  bwd=119.7ms  total=284.0ms
[ 132400] loss=14.1151  ema_loss=13.9976  gap=0.6989  ema_gap=0.6911  mixup=53/200  3.1 sps  ETA 6.1h  cpc=0.1050
              R²_rand=0.6318  R²_naive=0.6664  U_t=0.9594  U_b=0.7741  AUC=1.0000  Top1=0.9978
  timing: data=9.0ms  fwd=156.9ms  bwd=120.7ms  total=287.2ms
  -> Saved /home/jupyter/wt-cf-390-train/experiments/2026-08-01_lalign_teacher/runs/bb_small_arm5_nse_lalign_lrep_enc3l3_b64_200k_sigreg_ema_qk_aon_cpc_tau090_alignteacher_r3_best_gap.pth
[ 132600] loss=13.9665  ema_loss=13.9921  gap=0.6935  ema_gap=0.6890  mixup=57/200  3.1 sps  ETA 6.0h  cpc=0.0044
              R²_rand=0.6374  R²_naive=0.6642  U_t=0.9319  U_b=0.9581  AUC=1.0000  Top1=0.9992
  timing: data=37.5ms  fwd=153.4ms  bwd=119.1ms  total=310.8ms
[ 132800] loss=14.0247  ema_loss=14.0122  gap=0.6941  ema_gap=0.6908  mixup=69/200  3.1 sps  ETA 6.0h  cpc=0.0435
              R²_rand=0.6294  R²_naive=0.6593  U_t=0.9395  U_b=0.8686  AUC=1.0000  Top1=0.9967
  timing: data=7.7ms  fwd=159.0ms  bwd=120.5ms  total=288.0ms
[ 133000] loss=14.0105  ema_loss=14.0045  gap=0.6898  ema_gap=0.6909  mixup=54/200  3.1 sps  ETA 6.0h  cpc=0.0281
              R²_rand=0.6366  R²_naive=0.6572  U_t=0.9049  U_b=0.9217  AUC=1.0000  Top1=0.9965
  timing: data=8.9ms  fwd=155.7ms  bwd=121.3ms  total=286.7ms
[ 133200] loss=13.9668  ema_loss=14.0033  gap=0.6922  ema_gap=0.6894  mixup=61/200  3.1 sps  ETA 6.0h  cpc=0.0139
              R²_rand=0.6319  R²_naive=0.6603  U_t=0.9564  U_b=0.9512  AUC=1.0000  Top1=0.9957
  timing: data=34.3ms  fwd=154.3ms  bwd=120.7ms  total=310.0ms
[ 133400] loss=14.0063  ema_loss=14.0054  gap=0.6949  ema_gap=0.6889  mixup=62/200  3.1 sps  ETA 6.0h  cpc=0.0217
              R²_rand=0.6418  R²_naive=0.6626  U_t=0.8994  U_b=0.9303  AUC=1.0000  Top1=0.9981
  timing: data=8.7ms  fwd=156.0ms  bwd=120.2ms  total=285.6ms
[ 133600] loss=14.0009  ema_loss=14.0031  gap=0.6818  ema_gap=0.6879  mixup=46/200  3.1 sps  ETA 6.0h  cpc=0.0286
              R²_rand=0.6265  R²_naive=0.6560  U_t=0.9471  U_b=0.9253  AUC=0.9999  Top1=0.9900
  timing: data=9.7ms  fwd=155.8ms  bwd=118.4ms  total=284.6ms
[ 133800] loss=13.9849  ema_loss=14.0083  gap=0.6897  ema_gap=0.6896  mixup=61/200  3.1 sps  ETA 5.9h  cpc=0.0261
              R²_rand=0.6324  R²_naive=0.6639  U_t=0.9401  U_b=0.9203  AUC=1.0000  Top1=0.9965
  timing: data=42.0ms  fwd=152.9ms  bwd=119.1ms  total=314.8ms
[ 134000] loss=14.0438  ema_loss=13.9998  gap=0.6897  ema_gap=0.6896  mixup=54/200  3.1 sps  ETA 5.9h  cpc=0.0630
              R²_rand=0.6364  R²_naive=0.6595  U_t=0.9479  U_b=0.8588  AUC=1.0000  Top1=0.9965
  timing: data=10.9ms  fwd=154.2ms  bwd=121.2ms  total=287.1ms
[ 134200] loss=14.0460  ema_loss=14.0076  gap=0.6842  ema_gap=0.6877  mixup=62/200  3.1 sps  ETA 5.9h  cpc=0.0527
              R²_rand=0.6269  R²_naive=0.6582  U_t=0.9611  U_b=0.8405  AUC=1.0000  Top1=0.9973
  timing: data=8.8ms  fwd=155.7ms  bwd=119.1ms  total=284.4ms
[ 134400] loss=14.0226  ema_loss=14.0042  gap=0.6957  ema_gap=0.6890  mixup=52/200  3.1 sps  ETA 5.9h  cpc=0.0496
              R²_rand=0.6200  R²_naive=0.6634  U_t=0.9378  U_b=0.8897  AUC=1.0000  Top1=0.9984
  timing: data=35.5ms  fwd=154.2ms  bwd=119.8ms  total=310.3ms
[ 134600] loss=14.0125  ema_loss=14.0023  gap=0.6991  ema_gap=0.6894  mixup=55/200  3.1 sps  ETA 5.9h  cpc=0.0193
              R²_rand=0.6371  R²_naive=0.6637  U_t=0.8935  U_b=0.9127  AUC=1.0000  Top1=0.9967
  timing: data=9.8ms  fwd=155.9ms  bwd=120.4ms  total=286.9ms
[ 134800] loss=14.0200  ema_loss=14.0003  gap=0.6901  ema_gap=0.6884  mixup=57/200  3.1 sps  ETA 5.9h  cpc=0.0118
              R²_rand=0.6251  R²_naive=0.6593  U_t=0.8968  U_b=0.9432  AUC=1.0000  Top1=0.9973
  timing: data=10.4ms  fwd=155.2ms  bwd=120.4ms  total=286.8ms
[ 135000] loss=13.9918  ema_loss=14.0045  gap=0.6631  ema_gap=0.6874  mixup=62/200  3.1 sps  ETA 5.8h  cpc=0.0163
              R²_rand=0.6333  R²_naive=0.6485  U_t=0.9317  U_b=0.9346  AUC=1.0000  Top1=0.9954
  timing: data=8.9ms  fwd=152.6ms  bwd=119.5ms  total=281.7ms
[ 135200] loss=14.0123  ema_loss=14.0114  gap=0.6745  ema_gap=0.6839  mixup=61/200  3.1 sps  ETA 5.8h  cpc=0.0220
              R²_rand=0.6180  R²_naive=0.6536  U_t=0.9428  U_b=0.9182  AUC=1.0000  Top1=0.9973
  timing: data=40.1ms  fwd=154.5ms  bwd=118.6ms  total=313.9ms
[ 135400] loss=13.9884  ema_loss=14.0057  gap=0.6706  ema_gap=0.6851  mixup=62/200  3.1 sps  ETA 5.8h  cpc=0.0112
              R²_rand=0.6407  R²_naive=0.6583  U_t=0.9064  U_b=0.9495  AUC=1.0000  Top1=0.9973
  timing: data=8.9ms  fwd=155.8ms  bwd=121.8ms  total=287.3ms
[ 135600] loss=14.0356  ema_loss=14.0050  gap=0.6892  ema_gap=0.6837  mixup=56/200  3.1 sps  ETA 5.8h  cpc=0.0494
              R²_rand=0.6313  R²_naive=0.6584  U_t=0.9541  U_b=0.8527  AUC=1.0000  Top1=0.9973
  timing: data=7.7ms  fwd=155.6ms  bwd=118.5ms  total=282.6ms
[ 135800] loss=14.0591  ema_loss=14.0010  gap=0.6761  ema_gap=0.6831  mixup=61/200  3.1 sps  ETA 5.8h  cpc=0.0575
              R²_rand=0.6314  R²_naive=0.6552  U_t=0.9452  U_b=0.8280  AUC=1.0000  Top1=0.9965
  timing: data=31.5ms  fwd=156.1ms  bwd=119.9ms  total=308.3ms
[ 136000] loss=14.0211  ema_loss=14.0071  gap=0.6916  ema_gap=0.6818  mixup=60/200  3.1 sps  ETA 5.7h  cpc=0.0359
              R²_rand=0.6255  R²_naive=0.6604  U_t=0.9581  U_b=0.8962  AUC=1.0000  Top1=0.9967
  timing: data=8.0ms  fwd=159.3ms  bwd=118.5ms  total=286.5ms
[ 136200] loss=14.0106  ema_loss=14.0322  gap=0.7035  ema_gap=0.6883  mixup=76/200  3.1 sps  ETA 5.7h  cpc=0.0164
              R²_rand=0.6263  R²_naive=0.6596  U_t=0.9400  U_b=0.9092  AUC=1.0000  Top1=0.9973
  timing: data=7.8ms  fwd=156.8ms  bwd=119.3ms  total=284.6ms
[ 136400] loss=14.0207  ema_loss=14.0108  gap=0.7012  ema_gap=0.6880  mixup=58/200  3.1 sps  ETA 5.7h  cpc=0.0366
              R²_rand=0.6346  R²_naive=0.6610  U_t=0.9691  U_b=0.8721  AUC=1.0000  Top1=0.9970
  timing: data=31.7ms  fwd=155.2ms  bwd=118.6ms  total=306.2ms
[ 136600] loss=14.0484  ema_loss=14.0078  gap=0.6885  ema_gap=0.6859  mixup=66/200  3.1 sps  ETA 5.7h  cpc=0.0521
              R²_rand=0.6299  R²_naive=0.6576  U_t=0.9216  U_b=0.8679  AUC=1.0000  Top1=0.9965
  timing: data=8.7ms  fwd=154.9ms  bwd=118.9ms  total=283.2ms
[ 136800] loss=14.0149  ema_loss=14.0150  gap=0.6849  ema_gap=0.6883  mixup=66/200  3.1 sps  ETA 5.7h  cpc=0.0291
              R²_rand=0.6360  R²_naive=0.6564  U_t=0.9465  U_b=0.8866  AUC=1.0000  Top1=0.9981
  timing: data=7.7ms  fwd=159.2ms  bwd=119.2ms  total=286.8ms
[ 137000] loss=13.9961  ema_loss=14.0056  gap=0.6885  ema_gap=0.6894  mixup=54/200  3.1 sps  ETA 5.7h  cpc=0.0178
              R²_rand=0.6256  R²_naive=0.6586  U_t=0.9280  U_b=0.9529  AUC=1.0000  Top1=0.9970
  timing: data=49.4ms  fwd=153.5ms  bwd=119.0ms  total=322.5ms
[ 137200] loss=13.9817  ema_loss=14.0071  gap=0.6815  ema_gap=0.6854  mixup=66/200  3.1 sps  ETA 5.6h  cpc=0.0106
              R²_rand=0.6224  R²_naive=0.6581  U_t=0.9280  U_b=0.9441  AUC=1.0000  Top1=0.9959
  timing: data=7.8ms  fwd=158.1ms  bwd=121.0ms  total=287.6ms
[ 137400] loss=13.9824  ema_loss=14.0078  gap=0.6750  ema_gap=0.6817  mixup=62/200  3.1 sps  ETA 5.6h  cpc=0.0175
              R²_rand=0.6339  R²_naive=0.6533  U_t=0.9538  U_b=0.9441  AUC=1.0000  Top1=0.9973
  timing: data=8.5ms  fwd=155.9ms  bwd=117.7ms  total=282.9ms
[ 137600] loss=13.9879  ema_loss=14.0089  gap=0.6820  ema_gap=0.6818  mixup=70/200  3.1 sps  ETA 5.6h  cpc=0.0203
              R²_rand=0.6248  R²_naive=0.6572  U_t=0.9327  U_b=0.9067  AUC=1.0000  Top1=0.9946
  timing: data=41.8ms  fwd=157.4ms  bwd=121.1ms  total=321.1ms
[ 137800] loss=14.0994  ema_loss=14.0084  gap=0.6735  ema_gap=0.6801  mixup=64/200  3.1 sps  ETA 5.6h  cpc=0.0851
              R²_rand=0.6245  R²_naive=0.6491  U_t=0.9500  U_b=0.8006  AUC=0.9998  Top1=0.9924
  timing: data=9.9ms  fwd=156.0ms  bwd=121.2ms  total=287.9ms
[ 138000] loss=14.0040  ema_loss=14.0127  gap=0.6773  ema_gap=0.6812  mixup=63/200  3.1 sps  ETA 5.6h  cpc=0.0284
              R²_rand=0.6274  R²_naive=0.6556  U_t=0.9280  U_b=0.8721  AUC=1.0000  Top1=0.9970
  timing: data=9.6ms  fwd=155.8ms  bwd=118.8ms  total=285.0ms
[ 138200] loss=13.9901  ema_loss=14.0139  gap=0.6833  ema_gap=0.6787  mixup=70/200  3.1 sps  ETA 5.5h  cpc=0.0116
              R²_rand=0.6342  R²_naive=0.6558  U_t=0.9631  U_b=0.9513  AUC=1.0000  Top1=0.9984
  timing: data=34.5ms  fwd=155.4ms  bwd=118.9ms  total=309.5ms
[ 138400] loss=14.0295  ema_loss=14.0059  gap=0.6966  ema_gap=0.6798  mixup=63/200  3.1 sps  ETA 5.5h  cpc=0.0361
              R²_rand=0.6402  R²_naive=0.6631  U_t=0.9431  U_b=0.8627  AUC=1.0000  Top1=0.9976
  timing: data=7.9ms  fwd=160.2ms  bwd=121.1ms  total=289.9ms
[ 138600] loss=14.0065  ema_loss=14.0008  gap=0.6813  ema_gap=0.6839  mixup=58/200  3.1 sps  ETA 5.5h  cpc=0.0204
              R²_rand=0.6378  R²_naive=0.6565  U_t=0.8962  U_b=0.9202  AUC=1.0000  Top1=0.9962
  timing: data=9.4ms  fwd=153.5ms  bwd=118.7ms  total=282.3ms
[ 138800] loss=13.9606  ema_loss=14.0074  gap=0.6850  ema_gap=0.6854  mixup=65/200  3.1 sps  ETA 5.5h  cpc=0.0087
              R²_rand=0.6396  R²_naive=0.6599  U_t=0.9459  U_b=0.9517  AUC=1.0000  Top1=0.9967
  timing: data=48.9ms  fwd=156.4ms  bwd=120.3ms  total=326.3ms
[ 139000] loss=13.9826  ema_loss=14.0148  gap=0.6904  ema_gap=0.6819  mixup=69/200  3.1 sps  ETA 5.5h  cpc=0.0111
              R²_rand=0.6366  R²_naive=0.6584  U_t=0.9571  U_b=0.9374  AUC=1.0000  Top1=0.9962
  timing: data=9.8ms  fwd=153.7ms  bwd=118.1ms  total=282.3ms
[ 139200] loss=14.0002  ema_loss=14.0067  gap=0.6777  ema_gap=0.6846  mixup=59/200  3.1 sps  ETA 5.5h  cpc=0.0219
              R²_rand=0.6284  R²_naive=0.6576  U_t=0.9377  U_b=0.9151  AUC=1.0000  Top1=0.9973
  timing: data=7.6ms  fwd=156.1ms  bwd=116.6ms  total=281.1ms
[ 139400] loss=13.9982  ema_loss=14.0163  gap=0.6837  ema_gap=0.6843  mixup=63/200  3.1 sps  ETA 5.4h  cpc=0.0201
              R²_rand=0.6349  R²_naive=0.6556  U_t=0.9596  U_b=0.9233  AUC=1.0000  Top1=0.9957
  timing: data=37.2ms  fwd=153.8ms  bwd=119.6ms  total=311.3ms
[ 139600] loss=13.9983  ema_loss=14.0138  gap=0.6858  ema_gap=0.6848  mixup=57/200  3.1 sps  ETA 5.4h  cpc=0.0184
              R²_rand=0.6104  R²_naive=0.6555  U_t=0.9409  U_b=0.9258  AUC=1.0000  Top1=0.9970
  timing: data=8.8ms  fwd=156.0ms  bwd=119.5ms  total=285.1ms
[ 139800] loss=14.2577  ema_loss=14.0157  gap=0.6954  ema_gap=0.6850  mixup=52/200  3.1 sps  ETA 5.4h  cpc=0.1106
              R²_rand=0.6365  R²_naive=0.6600  U_t=0.8693  U_b=0.9297  AUC=1.0000  Top1=0.9935
  timing: data=8.5ms  fwd=157.1ms  bwd=118.8ms  total=285.2ms
[ 140000] loss=14.1034  ema_loss=14.0136  gap=0.6790  ema_gap=0.6837  mixup=61/200  3.1 sps  ETA 5.4h  cpc=0.0805
              R²_rand=0.6304  R²_naive=0.6574  U_t=0.9297  U_b=0.8313  AUC=1.0000  Top1=0.9962
  timing: data=8.8ms  fwd=156.6ms  bwd=121.1ms  total=287.3ms
[ 140200] loss=14.0222  ema_loss=14.0143  gap=0.6761  ema_gap=0.6811  mixup=67/200  3.1 sps  ETA 5.4h  cpc=0.0428
              R²_rand=0.6351  R²_naive=0.6571  U_t=0.9527  U_b=0.8926  AUC=1.0000  Top1=0.9962
  timing: data=50.0ms  fwd=157.3ms  bwd=121.0ms  total=329.0ms
[ 140400] loss=13.9861  ema_loss=14.0136  gap=0.6855  ema_gap=0.6829  mixup=53/200  3.1 sps  ETA 5.3h  cpc=0.0133
              R²_rand=0.6255  R²_naive=0.6581  U_t=0.9654  U_b=0.9215  AUC=1.0000  Top1=0.9984
  timing: data=8.6ms  fwd=154.1ms  bwd=119.5ms  total=283.0ms
[ 140600] loss=14.0513  ema_loss=14.0069  gap=0.6814  ema_gap=0.6838  mixup=64/200  3.1 sps  ETA 5.3h  cpc=0.0420
              R²_rand=0.6307  R²_naive=0.6583  U_t=0.9297  U_b=0.8563  AUC=1.0000  Top1=0.9967
  timing: data=10.0ms  fwd=155.5ms  bwd=121.2ms  total=287.4ms
[ 140800] loss=14.0107  ema_loss=14.0113  gap=0.6886  ema_gap=0.6829  mixup=64/200  3.1 sps  ETA 5.3h  cpc=0.0232
              R²_rand=0.6305  R²_naive=0.6593  U_t=0.9245  U_b=0.9195  AUC=1.0000  Top1=0.9962
  timing: data=38.9ms  fwd=156.3ms  bwd=121.8ms  total=317.8ms
[ 141000] loss=14.0055  ema_loss=14.0144  gap=0.6871  ema_gap=0.6843  mixup=61/200  3.1 sps  ETA 5.3h  cpc=0.0220
              R²_rand=0.6374  R²_naive=0.6588  U_t=0.9033  U_b=0.9276  AUC=1.0000  Top1=0.9959
  timing: data=9.5ms  fwd=155.1ms  bwd=118.6ms  total=284.1ms
[ 141200] loss=13.9883  ema_loss=14.0146  gap=0.6835  ema_gap=0.6849  mixup=58/200  3.1 sps  ETA 5.3h  cpc=0.0131
              R²_rand=0.6209  R²_naive=0.6549  U_t=0.9204  U_b=0.9523  AUC=1.0000  Top1=0.9954
  timing: data=11.0ms  fwd=152.8ms  bwd=121.7ms  total=286.2ms
[ 141400] loss=13.9867  ema_loss=14.0157  gap=0.6922  ema_gap=0.6873  mixup=59/200  3.1 sps  ETA 5.3h  cpc=0.0190
              R²_rand=0.6385  R²_naive=0.6607  U_t=0.9560  U_b=0.9385  AUC=1.0000  Top1=0.9965
  timing: data=47.7ms  fwd=155.0ms  bwd=120.2ms  total=323.7ms
[ 141600] loss=14.1201  ema_loss=14.0218  gap=0.6564  ema_gap=0.6827  mixup=58/200  3.1 sps  ETA 5.2h  cpc=0.0454
              R²_rand=0.6083  R²_naive=0.6418  U_t=0.8863  U_b=0.9053  AUC=0.9996  Top1=0.9761
  timing: data=8.6ms  fwd=154.3ms  bwd=118.3ms  total=281.9ms
[ 141800] loss=14.0133  ema_loss=14.0210  gap=0.6772  ema_gap=0.6809  mixup=63/200  3.1 sps  ETA 5.2h  cpc=0.0324
              R²_rand=0.6278  R²_naive=0.6552  U_t=0.9500  U_b=0.9142  AUC=1.0000  Top1=0.9981
  timing: data=8.9ms  fwd=157.2ms  bwd=120.8ms  total=287.6ms
[ 142000] loss=13.9997  ema_loss=14.0150  gap=0.6815  ema_gap=0.6827  mixup=48/200  3.1 sps  ETA 5.2h  cpc=0.0194
              R²_rand=0.6386  R²_naive=0.6570  U_t=0.9383  U_b=0.9303  AUC=1.0000  Top1=0.9967
  timing: data=40.2ms  fwd=156.8ms  bwd=120.0ms  total=317.7ms
[ 142200] loss=14.0018  ema_loss=14.0174  gap=0.6609  ema_gap=0.6794  mixup=71/200  3.1 sps  ETA 5.2h  cpc=0.0151
              R²_rand=0.6257  R²_naive=0.6490  U_t=0.9132  U_b=0.9490  AUC=0.9999  Top1=0.9875
  timing: data=8.7ms  fwd=154.8ms  bwd=116.6ms  total=280.8ms
[ 142400] loss=14.0497  ema_loss=14.0188  gap=0.6865  ema_gap=0.6806  mixup=64/200  3.1 sps  ETA 5.2h  cpc=0.0501
              R²_rand=0.6080  R²_naive=0.6556  U_t=0.9249  U_b=0.8690  AUC=1.0000  Top1=0.9957
  timing: data=7.9ms  fwd=157.2ms  bwd=120.0ms  total=285.9ms
[ 142600] loss=13.9942  ema_loss=14.0166  gap=0.6822  ema_gap=0.6813  mixup=61/200  3.1 sps  ETA 5.2h  cpc=0.0123
              R²_rand=0.6343  R²_naive=0.6560  U_t=0.9377  U_b=0.9403  AUC=1.0000  Top1=0.9984
  timing: data=38.1ms  fwd=158.3ms  bwd=120.6ms  total=317.7ms
[ 142800] loss=14.0646  ema_loss=14.0085  gap=0.6807  ema_gap=0.6809  mixup=52/200  3.1 sps  ETA 5.1h  cpc=0.0581
              R²_rand=0.6336  R²_naive=0.6573  U_t=0.9402  U_b=0.8425  AUC=1.0000  Top1=0.9959
  timing: data=8.7ms  fwd=153.0ms  bwd=118.0ms  total=280.4ms
[ 143000] loss=13.9878  ema_loss=14.0128  gap=0.6838  ema_gap=0.6803  mixup=59/200  3.1 sps  ETA 5.1h  cpc=0.0089
              R²_rand=0.6223  R²_naive=0.6556  U_t=0.9420  U_b=0.9515  AUC=1.0000  Top1=0.9978
  timing: data=7.8ms  fwd=156.8ms  bwd=118.8ms  total=284.2ms
[ 143200] loss=13.9998  ema_loss=14.0121  gap=0.6716  ema_gap=0.6797  mixup=49/200  3.1 sps  ETA 5.1h  cpc=0.0210
              R²_rand=0.6300  R²_naive=0.6549  U_t=0.9286  U_b=0.9175  AUC=1.0000  Top1=0.9978
  timing: data=36.3ms  fwd=154.8ms  bwd=120.0ms  total=311.9ms
[ 143400] loss=14.0438  ema_loss=14.0234  gap=0.6836  ema_gap=0.6786  mixup=60/200  3.1 sps  ETA 5.1h  cpc=0.0426
              R²_rand=0.6242  R²_naive=0.6573  U_t=0.9469  U_b=0.8652  AUC=1.0000  Top1=0.9965
  timing: data=8.5ms  fwd=157.0ms  bwd=116.9ms  total=283.0ms
[ 143600] loss=13.9903  ema_loss=14.0224  gap=0.6722  ema_gap=0.6764  mixup=63/200  3.1 sps  ETA 5.1h  cpc=0.0129
              R²_rand=0.6265  R²_naive=0.6527  U_t=0.9165  U_b=0.9274  AUC=0.9999  Top1=0.9929
  timing: data=8.5ms  fwd=156.7ms  bwd=120.4ms  total=286.3ms
[ 143800] loss=14.0102  ema_loss=14.0233  gap=0.6847  ema_gap=0.6787  mixup=64/200  3.1 sps  ETA 5.0h  cpc=0.0168
              R²_rand=0.6138  R²_naive=0.6534  U_t=0.9466  U_b=0.9396  AUC=1.0000  Top1=0.9973
  timing: data=36.6ms  fwd=156.2ms  bwd=119.5ms  total=313.1ms
[ 144000] loss=13.9895  ema_loss=14.0243  gap=0.6797  ema_gap=0.6769  mixup=61/200  3.1 sps  ETA 5.0h  cpc=0.0076
              R²_rand=0.6310  R²_naive=0.6562  U_t=0.9505  U_b=0.9378  AUC=1.0000  Top1=0.9976
  timing: data=7.4ms  fwd=155.9ms  bwd=118.9ms  total=283.0ms
[ 144200] loss=14.0479  ema_loss=14.0325  gap=0.6870  ema_gap=0.6763  mixup=56/200  3.1 sps  ETA 5.0h  cpc=0.0222
              R²_rand=0.6319  R²_naive=0.6557  U_t=0.9058  U_b=0.9171  AUC=1.0000  Top1=0.9959
  timing: data=7.5ms  fwd=157.2ms  bwd=120.6ms  total=286.0ms
[ 144400] loss=14.0023  ema_loss=14.0342  gap=0.6996  ema_gap=0.6826  mixup=59/200  3.1 sps  ETA 5.0h  cpc=0.0217
              R²_rand=0.6278  R²_naive=0.6650  U_t=0.9338  U_b=0.8908  AUC=1.0000  Top1=0.9976
  timing: data=31.4ms  fwd=158.2ms  bwd=121.3ms  total=311.7ms
[ 144600] loss=14.1171  ema_loss=14.0262  gap=0.6837  ema_gap=0.6830  mixup=63/200  3.1 sps  ETA 5.0h  cpc=0.0762
              R²_rand=0.6253  R²_naive=0.6555  U_t=0.9051  U_b=0.8208  AUC=1.0000  Top1=0.9959
  timing: data=9.9ms  fwd=152.5ms  bwd=118.0ms  total=281.0ms
[ 144800] loss=13.9946  ema_loss=14.0224  gap=0.6784  ema_gap=0.6822  mixup=66/200  3.1 sps  ETA 5.0h  cpc=0.0149
              R²_rand=0.6233  R²_naive=0.6538  U_t=0.9388  U_b=0.9395  AUC=1.0000  Top1=0.9976
  timing: data=9.0ms  fwd=157.1ms  bwd=120.4ms  total=287.1ms
[ 145000] loss=14.0727  ema_loss=14.0288  gap=0.6691  ema_gap=0.6819  mixup=64/200  3.1 sps  ETA 4.9h  cpc=0.0304
              R²_rand=0.6241  R²_naive=0.6499  U_t=0.8863  U_b=0.9187  AUC=0.9999  Top1=0.9910
  timing: data=8.8ms  fwd=154.6ms  bwd=120.7ms  total=284.8ms
[ 145200] loss=14.0125  ema_loss=14.0313  gap=0.6856  ema_gap=0.6850  mixup=70/200  3.1 sps  ETA 4.9h  cpc=0.0252
              R²_rand=0.6310  R²_naive=0.6545  U_t=0.9646  U_b=0.9263  AUC=1.0000  Top1=0.9962
  timing: data=41.4ms  fwd=155.2ms  bwd=118.4ms  total=315.7ms
[ 145400] loss=14.0205  ema_loss=14.0259  gap=0.6814  ema_gap=0.6867  mixup=62/200  3.1 sps  ETA 4.9h  cpc=0.0193
              R²_rand=0.6259  R²_naive=0.6531  U_t=0.9169  U_b=0.9394  AUC=1.0000  Top1=0.9951
  timing: data=8.8ms  fwd=156.3ms  bwd=121.4ms  total=287.2ms
[ 145600] loss=14.0471  ema_loss=14.0264  gap=0.6621  ema_gap=0.6879  mixup=62/200  3.1 sps  ETA 4.9h  cpc=0.0229
              R²_rand=0.6227  R²_naive=0.6435  U_t=0.8972  U_b=0.9370  AUC=0.9998  Top1=0.9883
  timing: data=8.7ms  fwd=156.5ms  bwd=120.2ms  total=286.3ms
[ 145800] loss=14.0012  ema_loss=14.0238  gap=0.6874  ema_gap=0.6895  mixup=54/200  3.1 sps  ETA 4.9h  cpc=0.0162
              R²_rand=0.6333  R²_naive=0.6561  U_t=0.9518  U_b=0.9358  AUC=1.0000  Top1=0.9984
  timing: data=38.5ms  fwd=155.9ms  bwd=119.5ms  total=314.7ms
[ 146000] loss=13.9870  ema_loss=14.0251  gap=0.6839  ema_gap=0.6914  mixup=51/200  3.1 sps  ETA 4.8h  cpc=0.0108
              R²_rand=0.6217  R²_naive=0.6549  U_t=0.9316  U_b=0.9374  AUC=1.0000  Top1=0.9976
  timing: data=7.8ms  fwd=156.9ms  bwd=120.5ms  total=286.0ms
  -> Saved /home/jupyter/wt-cf-390-train/experiments/2026-08-01_lalign_teacher/runs/bb_small_arm5_nse_lalign_lrep_enc3l3_b64_200k_sigreg_ema_qk_aon_cpc_tau090_alignteacher_r3_best_gap.pth
[ 146200] loss=14.0221  ema_loss=14.0261  gap=0.6808  ema_gap=0.6882  mixup=67/200  3.1 sps  ETA 4.8h  cpc=0.0184
              R²_rand=0.6191  R²_naive=0.6529  U_t=0.9419  U_b=0.9367  AUC=1.0000  Top1=0.9976
  timing: data=8.9ms  fwd=158.1ms  bwd=120.5ms  total=288.2ms
[ 146400] loss=13.9953  ema_loss=14.0265  gap=0.6878  ema_gap=0.6890  mixup=59/200  3.1 sps  ETA 4.8h  cpc=0.0099
              R²_rand=0.6341  R²_naive=0.6579  U_t=0.9258  U_b=0.9470  AUC=1.0000  Top1=0.9970
  timing: data=32.8ms  fwd=155.5ms  bwd=119.2ms  total=308.3ms
[ 146600] loss=14.0208  ema_loss=14.0329  gap=0.6922  ema_gap=0.6882  mixup=77/200  3.1 sps  ETA 4.8h  cpc=0.0277
              R²_rand=0.6175  R²_naive=0.6587  U_t=0.9089  U_b=0.9282  AUC=1.0000  Top1=0.9984
  timing: data=10.0ms  fwd=154.7ms  bwd=119.7ms  total=285.2ms
[ 146800] loss=13.9988  ema_loss=14.0230  gap=0.6815  ema_gap=0.6894  mixup=63/200  3.1 sps  ETA 4.8h  cpc=0.0156
              R²_rand=0.6317  R²_naive=0.6533  U_t=0.9490  U_b=0.9353  AUC=1.0000  Top1=0.9959
  timing: data=7.8ms  fwd=156.2ms  bwd=120.0ms  total=284.7ms
[ 147000] loss=13.9764  ema_loss=14.0219  gap=0.6883  ema_gap=0.6921  mixup=59/200  3.1 sps  ETA 4.8h  cpc=0.0045
              R²_rand=0.6392  R²_naive=0.6594  U_t=0.9405  U_b=0.9372  AUC=1.0000  Top1=0.9976
  timing: data=32.6ms  fwd=156.7ms  bwd=118.4ms  total=308.5ms
  -> Saved /home/jupyter/wt-cf-390-train/experiments/2026-08-01_lalign_teacher/runs/bb_small_arm5_nse_lalign_lrep_enc3l3_b64_200k_sigreg_ema_qk_aon_cpc_tau090_alignteacher_r3_best_gap.pth
[ 147200] loss=13.9896  ema_loss=14.0188  gap=0.6868  ema_gap=0.6888  mixup=75/200  3.1 sps  ETA 4.7h  cpc=0.0170
              R²_rand=0.6332  R²_naive=0.6594  U_t=0.9584  U_b=0.9238  AUC=1.0000  Top1=0.9943
  timing: data=8.8ms  fwd=154.9ms  bwd=119.4ms  total=283.8ms
[ 147400] loss=13.9946  ema_loss=14.0174  gap=0.6851  ema_gap=0.6880  mixup=70/200  3.1 sps  ETA 4.7h  cpc=0.0181
              R²_rand=0.6318  R²_naive=0.6566  U_t=0.9573  U_b=0.9397  AUC=1.0000  Top1=0.9973
  timing: data=8.9ms  fwd=158.8ms  bwd=118.9ms  total=287.3ms
[ 147600] loss=14.0746  ema_loss=14.0172  gap=0.6883  ema_gap=0.6892  mixup=55/200  3.1 sps  ETA 4.7h  cpc=0.0708
              R²_rand=0.6150  R²_naive=0.6612  U_t=0.9532  U_b=0.8392  AUC=1.0000  Top1=0.9967
  timing: data=30.2ms  fwd=152.9ms  bwd=120.1ms  total=303.9ms
[ 147800] loss=14.0020  ema_loss=14.0175  gap=0.6787  ema_gap=0.6884  mixup=62/200  3.1 sps  ETA 4.7h  cpc=0.0217
              R²_rand=0.6324  R²_naive=0.6538  U_t=0.9396  U_b=0.9377  AUC=1.0000  Top1=0.9948
  timing: data=7.5ms  fwd=156.9ms  bwd=120.6ms  total=285.7ms
[ 148000] loss=14.0025  ema_loss=14.0106  gap=0.6902  ema_gap=0.6897  mixup=61/200  3.1 sps  ETA 4.7h  cpc=0.0231
              R²_rand=0.6288  R²_naive=0.6587  U_t=0.9228  U_b=0.9278  AUC=1.0000  Top1=0.9951
  timing: data=7.6ms  fwd=156.6ms  bwd=121.2ms  total=286.2ms
[ 148200] loss=13.9982  ema_loss=14.0151  gap=0.6811  ema_gap=0.6877  mixup=66/200  3.1 sps  ETA 4.6h  cpc=0.0123
              R²_rand=0.6180  R²_naive=0.6527  U_t=0.9330  U_b=0.9432  AUC=1.0000  Top1=0.9965
  timing: data=45.8ms  fwd=155.6ms  bwd=120.3ms  total=322.5ms
[ 148400] loss=14.0168  ema_loss=14.0125  gap=0.6901  ema_gap=0.6898  mixup=64/200  3.1 sps  ETA 4.6h  cpc=0.0119
              R²_rand=0.6278  R²_naive=0.6534  U_t=0.8843  U_b=0.9426  AUC=0.9999  Top1=0.9927
  timing: data=8.7ms  fwd=157.5ms  bwd=119.8ms  total=286.7ms
[ 148600] loss=14.0266  ema_loss=14.0185  gap=0.6968  ema_gap=0.6878  mixup=57/200  3.1 sps  ETA 4.6h  cpc=0.0112
              R²_rand=0.6268  R²_naive=0.6608  U_t=0.9247  U_b=0.9405  AUC=1.0000  Top1=0.9978
  timing: data=9.8ms  fwd=154.0ms  bwd=119.7ms  total=284.3ms
[ 148800] loss=14.0023  ema_loss=14.0200  gap=0.6767  ema_gap=0.6897  mixup=59/200  3.1 sps  ETA 4.6h  cpc=0.0193
              R²_rand=0.6300  R²_naive=0.6553  U_t=0.9248  U_b=0.9368  AUC=1.0000  Top1=0.9957
  timing: data=44.2ms  fwd=155.4ms  bwd=118.0ms  total=318.3ms
[ 149000] loss=14.0849  ema_loss=14.0156  gap=0.6869  ema_gap=0.6891  mixup=57/200  3.1 sps  ETA 4.6h  cpc=0.0512
              R²_rand=0.6365  R²_naive=0.6571  U_t=0.9128  U_b=0.8954  AUC=1.0000  Top1=0.9976
  timing: data=8.0ms  fwd=158.0ms  bwd=121.4ms  total=288.2ms
[ 149200] loss=13.9964  ema_loss=14.0166  gap=0.6964  ema_gap=0.6923  mixup=59/200  3.1 sps  ETA 4.6h  cpc=0.0158
              R²_rand=0.6284  R²_naive=0.6559  U_t=0.9440  U_b=0.9424  AUC=1.0000  Top1=0.9976
  timing: data=8.9ms  fwd=158.0ms  bwd=120.2ms  total=287.8ms
  -> Saved /home/jupyter/wt-cf-390-train/experiments/2026-08-01_lalign_teacher/runs/bb_small_arm5_nse_lalign_lrep_enc3l3_b64_200k_sigreg_ema_qk_aon_cpc_tau090_alignteacher_r3_best_gap.pth
[ 149400] loss=13.9860  ema_loss=14.0165  gap=0.6855  ema_gap=0.6883  mixup=62/200  3.1 sps  ETA 4.5h  cpc=0.0096
              R²_rand=0.6193  R²_naive=0.6559  U_t=0.9610  U_b=0.9470  AUC=1.0000  Top1=0.9967
  timing: data=22.0ms  fwd=154.2ms  bwd=120.1ms  total=297.0ms
[ 149600] loss=14.0000  ema_loss=14.0141  gap=0.6844  ema_gap=0.6860  mixup=70/200  3.1 sps  ETA 4.5h  cpc=0.0191
              R²_rand=0.6248  R²_naive=0.6579  U_t=0.9398  U_b=0.9340  AUC=1.0000  Top1=0.9962
  timing: data=8.0ms  fwd=158.5ms  bwd=119.5ms  total=286.7ms
[ 149800] loss=13.9902  ema_loss=14.0133  gap=0.6860  ema_gap=0.6862  mixup=53/200  3.1 sps  ETA 4.5h  cpc=0.0131
              R²_rand=0.6219  R²_naive=0.6567  U_t=0.9491  U_b=0.9417  AUC=1.0000  Top1=0.9967
  timing: data=7.7ms  fwd=158.4ms  bwd=119.5ms  total=286.3ms
[ 150000] loss=14.0039  ema_loss=14.0102  gap=0.6718  ema_gap=0.6883  mixup=53/200  3.1 sps  ETA 4.5h  cpc=0.0197
              R²_rand=0.6338  R²_naive=0.6557  U_t=0.9132  U_b=0.9473  AUC=1.0000  Top1=0.9957
  timing: data=25.8ms  fwd=151.6ms  bwd=118.1ms  total=296.2ms
  -> Saved /home/jupyter/wt-cf-390-train/experiments/2026-08-01_lalign_teacher/runs/bb_small_arm5_nse_lalign_lrep_enc3l3_b64_200k_sigreg_ema_qk_aon_cpc_tau090_alignteacher_r3_150k.pth
[ 150200] loss=14.1739  ema_loss=14.0084  gap=0.6976  ema_gap=0.6874  mixup=65/200  3.1 sps  ETA 4.5h  cpc=0.0847
              R²_rand=0.6310  R²_naive=0.6638  U_t=0.8979  U_b=0.8538  AUC=1.0000  Top1=0.9951
  timing: data=7.3ms  fwd=159.1ms  bwd=120.9ms  total=288.2ms
[ 150400] loss=13.9912  ema_loss=14.0067  gap=0.6897  ema_gap=0.6874  mixup=50/200  3.1 sps  ETA 4.5h  cpc=0.0166
              R²_rand=0.6335  R²_naive=0.6571  U_t=0.9541  U_b=0.9315  AUC=0.9999  Top1=0.9954
  timing: data=12.2ms  fwd=154.1ms  bwd=120.7ms  total=287.8ms
[ 150600] loss=13.9696  ema_loss=14.0187  gap=0.6882  ema_gap=0.6909  mixup=52/200  3.1 sps  ETA 4.4h  cpc=0.0074
              R²_rand=0.6390  R²_naive=0.6600  U_t=0.9525  U_b=0.9500  AUC=1.0000  Top1=0.9978
  timing: data=8.8ms  fwd=155.3ms  bwd=118.6ms  total=283.4ms
[ 150800] loss=14.0492  ema_loss=14.0054  gap=0.6880  ema_gap=0.6899  mixup=51/200  3.1 sps  ETA 4.4h  cpc=0.0573
              R²_rand=0.6296  R²_naive=0.6580  U_t=0.9401  U_b=0.8573  AUC=1.0000  Top1=0.9976
  timing: data=26.5ms  fwd=154.7ms  bwd=120.3ms  total=302.3ms
[ 151000] loss=14.0242  ema_loss=14.0075  gap=0.6892  ema_gap=0.6878  mixup=62/200  3.1 sps  ETA 4.4h  cpc=0.0354
              R²_rand=0.6326  R²_naive=0.6584  U_t=0.9163  U_b=0.8817  AUC=1.0000  Top1=0.9959
  timing: data=7.8ms  fwd=156.0ms  bwd=121.7ms  total=286.3ms
[ 151200] loss=13.9803  ema_loss=14.0007  gap=0.6884  ema_gap=0.6887  mixup=56/200  3.1 sps  ETA 4.4h  cpc=0.0099
              R²_rand=0.6291  R²_naive=0.6572  U_t=0.9587  U_b=0.9514  AUC=1.0000  Top1=0.9973
  timing: data=8.8ms  fwd=155.5ms  bwd=119.5ms  total=284.6ms
[ 151400] loss=13.9859  ema_loss=14.0030  gap=0.6910  ema_gap=0.6878  mixup=47/200  3.1 sps  ETA 4.4h  cpc=0.0166
              R²_rand=0.6337  R²_naive=0.6603  U_t=0.9190  U_b=0.9348  AUC=1.0000  Top1=0.9976
  timing: data=41.1ms  fwd=156.1ms  bwd=121.2ms  total=319.3ms
[ 151600] loss=14.0466  ema_loss=14.0278  gap=0.7087  ema_gap=0.6977  mixup=49/200  3.1 sps  ETA 4.3h  cpc=0.0512
              R²_rand=0.6292  R²_naive=0.6639  U_t=0.9363  U_b=0.8716  AUC=1.0000  Top1=0.9981
  timing: data=8.6ms  fwd=158.0ms  bwd=120.6ms  total=288.0ms
  -> Saved /home/jupyter/wt-cf-390-train/experiments/2026-08-01_lalign_teacher/runs/bb_small_arm5_nse_lalign_lrep_enc3l3_b64_200k_sigreg_ema_qk_aon_cpc_tau090_alignteacher_r3_best_gap.pth
[ 151800] loss=13.9788  ema_loss=14.0122  gap=0.6977  ema_gap=0.7001  mixup=54/200  3.1 sps  ETA 4.3h  cpc=0.0136
              R²_rand=0.6353  R²_naive=0.6618  U_t=0.9336  U_b=0.9330  AUC=1.0000  Top1=0.9984
  timing: data=10.5ms  fwd=152.3ms  bwd=119.0ms  total=282.5ms
  -> Saved /home/jupyter/wt-cf-390-train/experiments/2026-08-01_lalign_teacher/runs/bb_small_arm5_nse_lalign_lrep_enc3l3_b64_200k_sigreg_ema_qk_aon_cpc_tau090_alignteacher_r3_best_gap.pth
[ 152000] loss=13.9686  ema_loss=14.0048  gap=0.6933  ema_gap=0.6976  mixup=59/200  3.1 sps  ETA 4.3h  cpc=0.0096
              R²_rand=0.6375  R²_naive=0.6636  U_t=0.9575  U_b=0.9428  AUC=1.0000  Top1=0.9995
  timing: data=30.8ms  fwd=155.5ms  bwd=121.1ms  total=308.2ms
[ 152200] loss=13.9565  ema_loss=14.0011  gap=0.7064  ema_gap=0.6958  mixup=61/200  3.1 sps  ETA 4.3h  cpc=0.0091
              R²_rand=0.6324  R²_naive=0.6682  U_t=0.9516  U_b=0.9465  AUC=1.0000  Top1=0.9992
  timing: data=7.9ms  fwd=156.6ms  bwd=120.0ms  total=285.3ms
[ 152400] loss=13.9685  ema_loss=14.0067  gap=0.6760  ema_gap=0.6952  mixup=64/200  3.1 sps  ETA 4.3h  cpc=0.0092
              R²_rand=0.6250  R²_naive=0.6506  U_t=0.9443  U_b=0.9411  AUC=1.0000  Top1=0.9970
  timing: data=7.7ms  fwd=155.5ms  bwd=119.3ms  total=283.2ms
[ 152600] loss=13.9714  ema_loss=14.0044  gap=0.6916  ema_gap=0.6942  mixup=61/200  3.1 sps  ETA 4.3h  cpc=0.0098
              R²_rand=0.6314  R²_naive=0.6578  U_t=0.9649  U_b=0.9463  AUC=1.0000  Top1=0.9973
  timing: data=23.9ms  fwd=155.8ms  bwd=120.3ms  total=300.7ms
[ 152800] loss=14.0068  ema_loss=14.0064  gap=0.7072  ema_gap=0.6956  mixup=59/200  3.1 sps  ETA 4.2h  cpc=0.0169
              R²_rand=0.6333  R²_naive=0.6643  U_t=0.9120  U_b=0.9401  AUC=1.0000  Top1=0.9970
  timing: data=8.6ms  fwd=158.7ms  bwd=119.7ms  total=287.7ms
[ 153000] loss=14.0273  ema_loss=14.0174  gap=0.7119  ema_gap=0.6981  mixup=65/200  3.1 sps  ETA 4.2h  cpc=0.0306
              R²_rand=0.6396  R²_naive=0.6652  U_t=0.9449  U_b=0.8955  AUC=1.0000  Top1=0.9981
  timing: data=9.7ms  fwd=154.4ms  bwd=120.8ms  total=285.6ms
[ 153200] loss=13.9963  ema_loss=14.0076  gap=0.7028  ema_gap=0.6985  mixup=58/200  3.1 sps  ETA 4.2h  cpc=0.0151
              R²_rand=0.6307  R²_naive=0.6627  U_t=0.9310  U_b=0.9398  AUC=1.0000  Top1=0.9962
  timing: data=38.2ms  fwd=156.0ms  bwd=119.8ms  total=314.7ms
[ 153400] loss=14.0070  ema_loss=14.0046  gap=0.7033  ema_gap=0.6939  mixup=51/200  3.1 sps  ETA 4.2h  cpc=0.0147
              R²_rand=0.6169  R²_naive=0.6635  U_t=0.9403  U_b=0.9405  AUC=1.0000  Top1=0.9967
  timing: data=8.8ms  fwd=157.3ms  bwd=120.9ms  total=287.8ms
[ 153600] loss=13.9854  ema_loss=14.0047  gap=0.6890  ema_gap=0.6939  mixup=65/200  3.1 sps  ETA 4.2h  cpc=0.0239
              R²_rand=0.6349  R²_naive=0.6569  U_t=0.9452  U_b=0.9254  AUC=1.0000  Top1=0.9973
  timing: data=8.4ms  fwd=154.8ms  bwd=118.2ms  total=282.2ms
[ 153800] loss=13.9885  ema_loss=14.0029  gap=0.6979  ema_gap=0.6930  mixup=60/200  3.1 sps  ETA 4.1h  cpc=0.0160
              R²_rand=0.6257  R²_naive=0.6634  U_t=0.9563  U_b=0.9355  AUC=1.0000  Top1=0.9981
  timing: data=48.0ms  fwd=155.9ms  bwd=120.9ms  total=325.6ms
[ 154000] loss=14.0122  ema_loss=13.9999  gap=0.6899  ema_gap=0.6915  mixup=63/200  3.1 sps  ETA 4.1h  cpc=0.0414
              R²_rand=0.6429  R²_naive=0.6618  U_t=0.9483  U_b=0.8824  AUC=1.0000  Top1=0.9981
  timing: data=7.8ms  fwd=156.5ms  bwd=119.0ms  total=284.1ms
[ 154200] loss=13.9722  ema_loss=14.0012  gap=0.6969  ema_gap=0.6918  mixup=63/200  3.1 sps  ETA 4.1h  cpc=0.0167
              R²_rand=0.6347  R²_naive=0.6632  U_t=0.9288  U_b=0.9389  AUC=1.0000  Top1=0.9962
  timing: data=7.7ms  fwd=156.5ms  bwd=117.7ms  total=282.7ms
[ 154400] loss=14.0672  ema_loss=14.0184  gap=0.6848  ema_gap=0.6953  mixup=66/200  3.1 sps  ETA 4.1h  cpc=0.0556
              R²_rand=0.6246  R²_naive=0.6492  U_t=0.9221  U_b=0.8832  AUC=0.9999  Top1=0.9875
  timing: data=26.6ms  fwd=156.0ms  bwd=119.0ms  total=302.3ms
[ 154600] loss=13.9970  ema_loss=14.0136  gap=0.6944  ema_gap=0.6960  mixup=68/200  3.1 sps  ETA 4.1h  cpc=0.0163
              R²_rand=0.6380  R²_naive=0.6590  U_t=0.9288  U_b=0.9232  AUC=1.0000  Top1=0.9973
  timing: data=9.0ms  fwd=155.0ms  bwd=119.8ms  total=284.5ms
[ 154800] loss=14.0289  ema_loss=14.0301  gap=0.6770  ema_gap=0.6987  mixup=69/200  3.1 sps  ETA 4.1h  cpc=0.0308
              R²_rand=0.6233  R²_naive=0.6543  U_t=0.9009  U_b=0.9407  AUC=0.9999  Top1=0.9935
  timing: data=9.7ms  fwd=153.9ms  bwd=116.9ms  total=281.3ms
[ 155000] loss=14.0286  ema_loss=14.0169  gap=0.7048  ema_gap=0.6990  mixup=75/200  3.1 sps  ETA 4.0h  cpc=0.0397
              R²_rand=0.6370  R²_naive=0.6643  U_t=0.9544  U_b=0.8703  AUC=1.0000  Top1=0.9986
  timing: data=29.7ms  fwd=155.9ms  bwd=121.2ms  total=307.5ms
[ 155200] loss=14.0278  ema_loss=14.0128  gap=0.6942  ema_gap=0.6982  mixup=65/200  3.1 sps  ETA 4.0h  cpc=0.0355
              R²_rand=0.6367  R²_naive=0.6608  U_t=0.9185  U_b=0.9207  AUC=0.9999  Top1=0.9927
  timing: data=7.9ms  fwd=158.6ms  bwd=121.6ms  total=288.7ms
[ 155400] loss=13.9829  ema_loss=14.0014  gap=0.6954  ema_gap=0.6997  mixup=57/200  3.1 sps  ETA 4.0h  cpc=0.0195
              R²_rand=0.6381  R²_naive=0.6639  U_t=0.9525  U_b=0.9300  AUC=1.0000  Top1=0.9976
  timing: data=7.1ms  fwd=151.9ms  bwd=116.1ms  total=275.9ms
[ 155600] loss=14.0441  ema_loss=14.0021  gap=0.7000  ema_gap=0.6960  mixup=66/200  3.1 sps  ETA 4.0h  cpc=0.0422
              R²_rand=0.6339  R²_naive=0.6616  U_t=0.9350  U_b=0.8485  AUC=1.0000  Top1=0.9965
  timing: data=7.5ms  fwd=156.2ms  bwd=121.5ms  total=285.9ms
[ 155800] loss=13.9747  ema_loss=13.9956  gap=0.6848  ema_gap=0.6971  mixup=50/200  3.1 sps  ETA 4.0h  cpc=0.0176
              R²_rand=0.6333  R²_naive=0.6591  U_t=0.9268  U_b=0.9459  AUC=1.0000  Top1=0.9946
  timing: data=34.3ms  fwd=153.8ms  bwd=119.8ms  total=308.5ms
[ 156000] loss=14.1040  ema_loss=14.0022  gap=0.7012  ema_gap=0.6985  mixup=58/200  3.1 sps  ETA 3.9h  cpc=0.0994
              R²_rand=0.6404  R²_naive=0.6657  U_t=0.9607  U_b=0.7831  AUC=1.0000  Top1=0.9976
  timing: data=7.7ms  fwd=157.4ms  bwd=121.2ms  total=287.0ms
[ 156200] loss=14.0267  ema_loss=14.0019  gap=0.6974  ema_gap=0.6970  mixup=77/200  3.1 sps  ETA 3.9h  cpc=0.0209
              R²_rand=0.6201  R²_naive=0.6581  U_t=0.8847  U_b=0.9327  AUC=0.9999  Top1=0.9932
  timing: data=7.9ms  fwd=156.4ms  bwd=120.2ms  total=285.2ms
[ 156400] loss=14.0315  ema_loss=13.9964  gap=0.7028  ema_gap=0.7011  mixup=54/200  3.1 sps  ETA 3.9h  cpc=0.0431
              R²_rand=0.6237  R²_naive=0.6628  U_t=0.9186  U_b=0.9271  AUC=1.0000  Top1=0.9946
  timing: data=36.0ms  fwd=155.1ms  bwd=119.7ms  total=311.4ms
  -> Saved /home/jupyter/wt-cf-390-train/experiments/2026-08-01_lalign_teacher/runs/bb_small_arm5_nse_lalign_lrep_enc3l3_b64_200k_sigreg_ema_qk_aon_cpc_tau090_alignteacher_r3_best_gap.pth
[ 156600] loss=14.0273  ema_loss=14.0045  gap=0.7049  ema_gap=0.6972  mixup=70/200  3.1 sps  ETA 3.9h  cpc=0.0445
              R²_rand=0.6368  R²_naive=0.6663  U_t=0.9550  U_b=0.8691  AUC=1.0000  Top1=0.9989
  timing: data=7.8ms  fwd=155.4ms  bwd=117.7ms  total=281.6ms
[ 156800] loss=13.9820  ema_loss=14.0046  gap=0.6859  ema_gap=0.6976  mixup=58/200  3.1 sps  ETA 3.9h  cpc=0.0182
              R²_rand=0.6289  R²_naive=0.6609  U_t=0.9304  U_b=0.9354  AUC=1.0000  Top1=0.9973
  timing: data=7.7ms  fwd=156.9ms  bwd=120.3ms  total=285.7ms
[ 157000] loss=13.9790  ema_loss=14.0022  gap=0.7065  ema_gap=0.6976  mixup=54/200  3.1 sps  ETA 3.9h  cpc=0.0109
              R²_rand=0.6259  R²_naive=0.6677  U_t=0.9339  U_b=0.9429  AUC=1.0000  Top1=0.9973
  timing: data=23.3ms  fwd=155.3ms  bwd=121.0ms  total=300.4ms
[ 157200] loss=14.0818  ema_loss=13.9993  gap=0.7089  ema_gap=0.6955  mixup=66/200  3.1 sps  ETA 3.8h  cpc=0.0889
              R²_rand=0.6434  R²_naive=0.6708  U_t=0.9472  U_b=0.8105  AUC=1.0000  Top1=0.9992
  timing: data=7.5ms  fwd=155.9ms  bwd=119.7ms  total=283.8ms
[ 157400] loss=14.0508  ema_loss=13.9962  gap=0.6924  ema_gap=0.6972  mixup=76/200  3.1 sps  ETA 3.8h  cpc=0.0762
              R²_rand=0.6373  R²_naive=0.6641  U_t=0.9632  U_b=0.8260  AUC=1.0000  Top1=0.9967
  timing: data=8.9ms  fwd=158.2ms  bwd=120.4ms  total=288.3ms
[ 157600] loss=13.9660  ema_loss=13.9931  gap=0.6972  ema_gap=0.6988  mixup=53/200  3.1 sps  ETA 3.8h  cpc=0.0160
              R²_rand=0.6459  R²_naive=0.6675  U_t=0.9608  U_b=0.9454  AUC=1.0000  Top1=0.9978
  timing: data=34.9ms  fwd=155.8ms  bwd=121.2ms  total=312.7ms
[ 157800] loss=13.9676  ema_loss=13.9947  gap=0.7004  ema_gap=0.6980  mixup=54/200  3.1 sps  ETA 3.8h  cpc=0.0158
              R²_rand=0.6377  R²_naive=0.6626  U_t=0.9575  U_b=0.9380  AUC=1.0000  Top1=0.9978
  timing: data=8.6ms  fwd=156.1ms  bwd=118.7ms  total=284.1ms
[ 158000] loss=13.9501  ema_loss=13.9915  gap=0.7033  ema_gap=0.7013  mixup=68/200  3.1 sps  ETA 3.8h  cpc=0.0086
              R²_rand=0.6385  R²_naive=0.6669  U_t=0.9575  U_b=0.9557  AUC=1.0000  Top1=0.9962
  timing: data=7.6ms  fwd=154.9ms  bwd=119.7ms  total=282.8ms
  -> Saved /home/jupyter/wt-cf-390-train/experiments/2026-08-01_lalign_teacher/runs/bb_small_arm5_nse_lalign_lrep_enc3l3_b64_200k_sigreg_ema_qk_aon_cpc_tau090_alignteacher_r3_best_gap.pth
[ 158200] loss=14.0030  ema_loss=13.9927  gap=0.6770  ema_gap=0.7001  mixup=72/200  3.1 sps  ETA 3.7h  cpc=0.0258
              R²_rand=0.6096  R²_naive=0.6554  U_t=0.9219  U_b=0.9271  AUC=0.9999  Top1=0.9881
  timing: data=50.0ms  fwd=156.6ms  bwd=119.4ms  total=326.6ms
[ 158400] loss=13.9299  ema_loss=13.9858  gap=0.7030  ema_gap=0.7004  mixup=54/200  3.1 sps  ETA 3.7h  cpc=0.0049
              R²_rand=0.6421  R²_naive=0.6676  U_t=0.9475  U_b=0.9497  AUC=1.0000  Top1=0.9978
  timing: data=8.8ms  fwd=153.6ms  bwd=119.3ms  total=282.4ms
[ 158600] loss=13.9869  ema_loss=13.9972  gap=0.6975  ema_gap=0.6968  mixup=65/200  3.1 sps  ETA 3.7h  cpc=0.0206
              R²_rand=0.6300  R²_naive=0.6650  U_t=0.9568  U_b=0.9042  AUC=1.0000  Top1=0.9965
  timing: data=9.8ms  fwd=154.1ms  bwd=119.8ms  total=284.4ms
[ 158800] loss=13.9631  ema_loss=13.9874  gap=0.6987  ema_gap=0.6968  mixup=60/200  3.1 sps  ETA 3.7h  cpc=0.0109
              R²_rand=0.6354  R²_naive=0.6639  U_t=0.9616  U_b=0.9442  AUC=1.0000  Top1=0.9973
  timing: data=29.3ms  fwd=154.7ms  bwd=120.1ms  total=304.9ms
[ 159000] loss=13.9600  ema_loss=13.9815  gap=0.7044  ema_gap=0.6977  mixup=54/200  3.1 sps  ETA 3.7h  cpc=0.0177
              R²_rand=0.6401  R²_naive=0.6660  U_t=0.9472  U_b=0.9427  AUC=1.0000  Top1=0.9989
  timing: data=11.1ms  fwd=154.9ms  bwd=120.7ms  total=287.5ms
[ 159200] loss=14.0226  ema_loss=13.9907  gap=0.6915  ema_gap=0.6926  mixup=73/200  3.1 sps  ETA 3.7h  cpc=0.0572
              R²_rand=0.6385  R²_naive=0.6646  U_t=0.9625  U_b=0.8392  AUC=1.0000  Top1=0.9967
  timing: data=7.5ms  fwd=155.8ms  bwd=119.0ms  total=283.1ms
[ 159400] loss=13.9523  ema_loss=13.9807  gap=0.6977  ema_gap=0.6931  mixup=59/200  3.1 sps  ETA 3.6h  cpc=0.0135
              R²_rand=0.6384  R²_naive=0.6650  U_t=0.9615  U_b=0.9398  AUC=1.0000  Top1=0.9970
  timing: data=28.2ms  fwd=154.1ms  bwd=120.0ms  total=303.0ms
[ 159600] loss=14.0978  ema_loss=13.9785  gap=0.7026  ema_gap=0.6968  mixup=51/200  3.1 sps  ETA 3.6h  cpc=0.1040
              R²_rand=0.6297  R²_naive=0.6693  U_t=0.9302  U_b=0.8271  AUC=1.0000  Top1=0.9978
  timing: data=9.4ms  fwd=152.6ms  bwd=119.0ms  total=281.8ms
[ 159800] loss=13.9801  ema_loss=13.9833  gap=0.6961  ema_gap=0.6962  mixup=56/200  3.1 sps  ETA 3.6h  cpc=0.0282
              R²_rand=0.6372  R²_naive=0.6663  U_t=0.9440  U_b=0.9241  AUC=1.0000  Top1=0.9973
  timing: data=8.7ms  fwd=158.8ms  bwd=121.2ms  total=289.5ms
[ 160000] loss=13.9648  ema_loss=13.9895  gap=0.7021  ema_gap=0.6980  mixup=58/200  3.1 sps  ETA 3.6h  cpc=0.0121
              R²_rand=0.6391  R²_naive=0.6641  U_t=0.9610  U_b=0.9394  AUC=1.0000  Top1=0.9981
  timing: data=27.5ms  fwd=155.2ms  bwd=121.3ms  total=304.9ms
[ 160200] loss=14.0012  ema_loss=13.9888  gap=0.6941  ema_gap=0.6965  mixup=64/200  3.1 sps  ETA 3.6h  cpc=0.0333
              R²_rand=0.6275  R²_naive=0.6617  U_t=0.9321  U_b=0.8911  AUC=1.0000  Top1=0.9981
  timing: data=7.6ms  fwd=157.8ms  bwd=119.0ms  total=285.2ms
[ 160400] loss=13.9715  ema_loss=13.9917  gap=0.6941  ema_gap=0.6955  mixup=56/200  3.1 sps  ETA 3.5h  cpc=0.0190
              R²_rand=0.6230  R²_naive=0.6606  U_t=0.9514  U_b=0.9051  AUC=1.0000  Top1=0.9965
  timing: data=7.8ms  fwd=158.5ms  bwd=120.3ms  total=287.4ms
[ 160600] loss=13.9626  ema_loss=13.9948  gap=0.6959  ema_gap=0.6947  mixup=63/200  3.1 sps  ETA 3.5h  cpc=0.0143
              R²_rand=0.6252  R²_naive=0.6632  U_t=0.9444  U_b=0.9426  AUC=1.0000  Top1=0.9970
  timing: data=9.6ms  fwd=154.8ms  bwd=119.4ms  total=284.5ms
[ 160800] loss=13.9934  ema_loss=13.9934  gap=0.7013  ema_gap=0.6953  mixup=53/200  3.1 sps  ETA 3.5h  cpc=0.0270
              R²_rand=0.6291  R²_naive=0.6635  U_t=0.9648  U_b=0.9248  AUC=1.0000  Top1=0.9962
  timing: data=30.2ms  fwd=152.9ms  bwd=118.4ms  total=302.2ms
[ 161000] loss=14.0785  ema_loss=14.0015  gap=0.6961  ema_gap=0.6966  mixup=69/200  3.1 sps  ETA 3.5h  cpc=0.0878
              R²_rand=0.6371  R²_naive=0.6614  U_t=0.9293  U_b=0.8174  AUC=1.0000  Top1=0.9959
  timing: data=7.7ms  fwd=157.8ms  bwd=120.9ms  total=287.1ms
[ 161200] loss=13.9736  ema_loss=14.0031  gap=0.6990  ema_gap=0.7000  mixup=63/200  3.1 sps  ETA 3.5h  cpc=0.0132
              R²_rand=0.6334  R²_naive=0.6607  U_t=0.9383  U_b=0.9385  AUC=1.0000  Top1=0.9973
  timing: data=7.6ms  fwd=156.1ms  bwd=119.0ms  total=283.4ms
[ 161400] loss=14.0997  ema_loss=14.0062  gap=0.7055  ema_gap=0.7020  mixup=54/200  3.1 sps  ETA 3.5h  cpc=0.0261
              R²_rand=0.6261  R²_naive=0.6581  U_t=0.9002  U_b=0.9214  AUC=1.0000  Top1=0.9962
  timing: data=27.2ms  fwd=157.7ms  bwd=120.3ms  total=306.0ms
  -> Saved /home/jupyter/wt-cf-390-train/experiments/2026-08-01_lalign_teacher/runs/bb_small_arm5_nse_lalign_lrep_enc3l3_b64_200k_sigreg_ema_qk_aon_cpc_tau090_alignteacher_r3_best_gap.pth
[ 161600] loss=13.9863  ema_loss=14.0032  gap=0.6918  ema_gap=0.7006  mixup=64/200  3.1 sps  ETA 3.4h  cpc=0.0211
              R²_rand=0.6089  R²_naive=0.6551  U_t=0.9348  U_b=0.9337  AUC=1.0000  Top1=0.9970
  timing: data=7.9ms  fwd=156.5ms  bwd=121.8ms  total=286.9ms
[ 161800] loss=14.0015  ema_loss=14.0068  gap=0.7002  ema_gap=0.6973  mixup=56/200  3.1 sps  ETA 3.4h  cpc=0.0278
              R²_rand=0.6246  R²_naive=0.6617  U_t=0.9329  U_b=0.9256  AUC=1.0000  Top1=0.9967
  timing: data=8.8ms  fwd=157.4ms  bwd=121.0ms  total=288.0ms
[ 162000] loss=13.9877  ema_loss=14.0060  gap=0.6976  ema_gap=0.6963  mixup=56/200  3.1 sps  ETA 3.4h  cpc=0.0126
              R²_rand=0.6315  R²_naive=0.6578  U_t=0.9262  U_b=0.9519  AUC=1.0000  Top1=0.9973
  timing: data=26.2ms  fwd=156.4ms  bwd=118.9ms  total=302.3ms
[ 162200] loss=14.0082  ema_loss=14.0082  gap=0.6932  ema_gap=0.6963  mixup=62/200  3.1 sps  ETA 3.4h  cpc=0.0155
              R²_rand=0.6089  R²_naive=0.6527  U_t=0.9331  U_b=0.9442  AUC=1.0000  Top1=0.9940
  timing: data=7.5ms  fwd=157.9ms  bwd=120.6ms  total=286.7ms
[ 162400] loss=13.9932  ema_loss=14.0076  gap=0.6898  ema_gap=0.6966  mixup=52/200  3.1 sps  ETA 3.4h  cpc=0.0223
              R²_rand=0.6190  R²_naive=0.6545  U_t=0.9361  U_b=0.9348  AUC=1.0000  Top1=0.9940
  timing: data=9.7ms  fwd=154.7ms  bwd=120.7ms  total=285.9ms
[ 162600] loss=13.9852  ema_loss=14.0050  gap=0.7011  ema_gap=0.6957  mixup=63/200  3.1 sps  ETA 3.4h  cpc=0.0295
              R²_rand=0.6314  R²_naive=0.6615  U_t=0.9582  U_b=0.9271  AUC=1.0000  Top1=0.9959
  timing: data=41.4ms  fwd=158.5ms  bwd=118.8ms  total=319.5ms
[ 162800] loss=13.9873  ema_loss=14.0061  gap=0.6939  ema_gap=0.6964  mixup=55/200  3.1 sps  ETA 3.3h  cpc=0.0204
              R²_rand=0.6278  R²_naive=0.6556  U_t=0.9441  U_b=0.9313  AUC=0.9999  Top1=0.9965
  timing: data=9.9ms  fwd=154.7ms  bwd=120.0ms  total=285.4ms
[ 163000] loss=14.0809  ema_loss=14.0072  gap=0.6897  ema_gap=0.6952  mixup=55/200  3.1 sps  ETA 3.3h  cpc=0.0484
              R²_rand=0.6121  R²_naive=0.6517  U_t=0.8683  U_b=0.8899  AUC=1.0000  Top1=0.9940
  timing: data=9.1ms  fwd=155.2ms  bwd=121.1ms  total=286.2ms
[ 163200] loss=14.0097  ema_loss=14.0142  gap=0.6885  ema_gap=0.6941  mixup=65/200  3.1 sps  ETA 3.3h  cpc=0.0253
              R²_rand=0.6292  R²_naive=0.6521  U_t=0.9336  U_b=0.9319  AUC=1.0000  Top1=0.9976
  timing: data=40.2ms  fwd=152.7ms  bwd=118.8ms  total=312.5ms
[ 163400] loss=13.9833  ema_loss=14.0133  gap=0.7002  ema_gap=0.6961  mixup=57/200  3.1 sps  ETA 3.3h  cpc=0.0157
              R²_rand=0.6300  R²_naive=0.6573  U_t=0.9478  U_b=0.9400  AUC=1.0000  Top1=0.9957
  timing: data=7.7ms  fwd=158.2ms  bwd=119.5ms  total=286.1ms
[ 163600] loss=14.0266  ema_loss=14.0085  gap=0.7039  ema_gap=0.6969  mixup=67/200  3.1 sps  ETA 3.3h  cpc=0.0346
              R²_rand=0.6224  R²_naive=0.6558  U_t=0.9170  U_b=0.9428  AUC=1.0000  Top1=0.9951
  timing: data=7.8ms  fwd=157.0ms  bwd=120.1ms  total=285.5ms
[ 163800] loss=13.9911  ema_loss=14.0122  gap=0.7034  ema_gap=0.6961  mixup=61/200  3.1 sps  ETA 3.2h  cpc=0.0158
              R²_rand=0.6202  R²_naive=0.6577  U_t=0.9276  U_b=0.9389  AUC=1.0000  Top1=0.9954
  timing: data=26.3ms  fwd=155.5ms  bwd=119.0ms  total=301.6ms
[ 164000] loss=13.9830  ema_loss=14.0101  gap=0.7057  ema_gap=0.6983  mixup=62/200  3.1 sps  ETA 3.2h  cpc=0.0232
              R²_rand=0.6206  R²_naive=0.6568  U_t=0.9578  U_b=0.9459  AUC=1.0000  Top1=0.9957
  timing: data=9.0ms  fwd=156.4ms  bwd=119.9ms  total=286.1ms
[ 164200] loss=13.9957  ema_loss=14.0070  gap=0.7075  ema_gap=0.6974  mixup=60/200  3.1 sps  ETA 3.2h  cpc=0.0218
              R²_rand=0.6298  R²_naive=0.6621  U_t=0.9120  U_b=0.9436  AUC=1.0000  Top1=0.9973
  timing: data=8.8ms  fwd=158.1ms  bwd=122.8ms  total=290.5ms
[ 164400] loss=14.0123  ema_loss=14.0143  gap=0.7049  ema_gap=0.6977  mixup=63/200  3.1 sps  ETA 3.2h  cpc=0.0321
              R²_rand=0.6309  R²_naive=0.6603  U_t=0.9180  U_b=0.9074  AUC=1.0000  Top1=0.9954
  timing: data=147.7ms  fwd=157.9ms  bwd=119.0ms  total=425.3ms
[ 164600] loss=13.9780  ema_loss=14.0066  gap=0.7082  ema_gap=0.7012  mixup=66/200  3.1 sps  ETA 3.2h  cpc=0.0160
              R²_rand=0.6253  R²_naive=0.6623  U_t=0.9584  U_b=0.9407  AUC=1.0000  Top1=0.9981
  timing: data=7.5ms  fwd=154.6ms  bwd=119.2ms  total=282.0ms
[ 164800] loss=14.0752  ema_loss=14.0095  gap=0.6945  ema_gap=0.6987  mixup=61/200  3.1 sps  ETA 3.2h  cpc=0.0653
              R²_rand=0.6231  R²_naive=0.6559  U_t=0.9555  U_b=0.8215  AUC=1.0000  Top1=0.9976
  timing: data=9.8ms  fwd=153.6ms  bwd=119.1ms  total=283.3ms
[ 165000] loss=13.9910  ema_loss=14.0065  gap=0.7050  ema_gap=0.6983  mixup=57/200  3.1 sps  ETA 3.1h  cpc=0.0220
              R²_rand=0.6337  R²_naive=0.6604  U_t=0.9397  U_b=0.9316  AUC=1.0000  Top1=0.9951
  timing: data=172.6ms  fwd=154.5ms  bwd=117.5ms  total=445.4ms
[ 165200] loss=13.9938  ema_loss=14.0108  gap=0.6947  ema_gap=0.6993  mixup=66/200  3.1 sps  ETA 3.1h  cpc=0.0124
              R²_rand=0.6206  R²_naive=0.6511  U_t=0.9538  U_b=0.9416  AUC=1.0000  Top1=0.9959
  timing: data=7.7ms  fwd=156.8ms  bwd=119.9ms  total=285.1ms
[ 165400] loss=14.0195  ema_loss=14.0089  gap=0.7120  ema_gap=0.7029  mixup=56/200  3.1 sps  ETA 3.1h  cpc=0.0435
              R²_rand=0.6368  R²_naive=0.6630  U_t=0.9501  U_b=0.8909  AUC=1.0000  Top1=0.9978
  timing: data=8.6ms  fwd=154.5ms  bwd=119.9ms  total=283.7ms
  -> Saved /home/jupyter/wt-cf-390-train/experiments/2026-08-01_lalign_teacher/runs/bb_small_arm5_nse_lalign_lrep_enc3l3_b64_200k_sigreg_ema_qk_aon_cpc_tau090_alignteacher_r3_best_gap.pth
[ 165600] loss=13.9652  ema_loss=13.9993  gap=0.7068  ema_gap=0.7039  mixup=49/200  3.1 sps  ETA 3.1h  cpc=0.0057
              R²_rand=0.6327  R²_naive=0.6607  U_t=0.9386  U_b=0.9585  AUC=1.0000  Top1=0.9959
  timing: data=7.5ms  fwd=156.7ms  bwd=120.0ms  total=284.9ms
  -> Saved /home/jupyter/wt-cf-390-train/experiments/2026-08-01_lalign_teacher/runs/bb_small_arm5_nse_lalign_lrep_enc3l3_b64_200k_sigreg_ema_qk_aon_cpc_tau090_alignteacher_r3_best_gap.pth
[ 165800] loss=14.0056  ema_loss=13.9996  gap=0.6912  ema_gap=0.7022  mixup=58/200  3.1 sps  ETA 3.1h  cpc=0.0258
              R²_rand=0.6183  R²_naive=0.6537  U_t=0.9123  U_b=0.9488  AUC=1.0000  Top1=0.9927
  timing: data=32.0ms  fwd=152.2ms  bwd=118.2ms  total=303.2ms
[ 166000] loss=14.0019  ema_loss=14.0074  gap=0.7004  ema_gap=0.7015  mixup=60/200  3.1 sps  ETA 3.1h  cpc=0.0142
              R²_rand=0.6331  R²_naive=0.6570  U_t=0.9491  U_b=0.9309  AUC=1.0000  Top1=0.9962
  timing: data=8.6ms  fwd=157.0ms  bwd=118.7ms  total=285.1ms
[ 166200] loss=14.0118  ema_loss=14.0095  gap=0.7079  ema_gap=0.7065  mixup=58/200  3.1 sps  ETA 3.0h  cpc=0.0344
              R²_rand=0.6291  R²_naive=0.6604  U_t=0.9577  U_b=0.8878  AUC=1.0000  Top1=0.9973
  timing: data=8.5ms  fwd=157.9ms  bwd=120.9ms  total=288.0ms
  -> Saved /home/jupyter/wt-cf-390-train/experiments/2026-08-01_lalign_teacher/runs/bb_small_arm5_nse_lalign_lrep_enc3l3_b64_200k_sigreg_ema_qk_aon_cpc_tau090_alignteacher_r3_best_gap.pth
[ 166400] loss=13.9669  ema_loss=14.0061  gap=0.7161  ema_gap=0.7098  mixup=51/200  3.1 sps  ETA 3.0h  cpc=0.0155
              R²_rand=0.6330  R²_naive=0.6650  U_t=0.9359  U_b=0.9372  AUC=1.0000  Top1=0.9984
  timing: data=42.9ms  fwd=153.7ms  bwd=120.3ms  total=317.6ms
  -> Saved /home/jupyter/wt-cf-390-train/experiments/2026-08-01_lalign_teacher/runs/bb_small_arm5_nse_lalign_lrep_enc3l3_b64_200k_sigreg_ema_qk_aon_cpc_tau090_alignteacher_r3_best_gap.pth
[ 166600] loss=13.9755  ema_loss=14.0066  gap=0.6995  ema_gap=0.7079  mixup=66/200  3.1 sps  ETA 3.0h  cpc=0.0116
              R²_rand=0.6249  R²_naive=0.6516  U_t=0.9280  U_b=0.9513  AUC=1.0000  Top1=0.9938
  timing: data=8.6ms  fwd=155.5ms  bwd=119.7ms  total=284.5ms
[ 166800] loss=13.9722  ema_loss=14.0236  gap=0.7271  ema_gap=0.7144  mixup=58/200  3.1 sps  ETA 3.0h  cpc=0.0068
              R²_rand=0.6214  R²_naive=0.6622  U_t=0.9535  U_b=0.9516  AUC=1.0000  Top1=0.9978
  timing: data=7.4ms  fwd=157.7ms  bwd=118.8ms  total=284.6ms
  -> Saved /home/jupyter/wt-cf-390-train/experiments/2026-08-01_lalign_teacher/runs/bb_small_arm5_nse_lalign_lrep_enc3l3_b64_200k_sigreg_ema_qk_aon_cpc_tau090_alignteacher_r3_best_gap.pth
[ 167000] loss=14.0123  ema_loss=14.0120  gap=0.7124  ema_gap=0.7120  mixup=64/200  3.1 sps  ETA 3.0h  cpc=0.0189
              R²_rand=0.6255  R²_naive=0.6573  U_t=0.9438  U_b=0.9478  AUC=1.0000  Top1=0.9978
  timing: data=26.7ms  fwd=155.1ms  bwd=120.6ms  total=303.0ms
[ 167200] loss=13.9927  ema_loss=14.0317  gap=0.7350  ema_gap=0.7192  mixup=63/200  3.1 sps  ETA 2.9h  cpc=0.0172
              R²_rand=0.6330  R²_naive=0.6680  U_t=0.9497  U_b=0.9381  AUC=1.0000  Top1=0.9976
  timing: data=8.8ms  fwd=155.5ms  bwd=119.6ms  total=284.6ms
  -> Saved /home/jupyter/wt-cf-390-train/experiments/2026-08-01_lalign_teacher/runs/bb_small_arm5_nse_lalign_lrep_enc3l3_b64_200k_sigreg_ema_qk_aon_cpc_tau090_alignteacher_r3_best_gap.pth
[ 167400] loss=13.9843  ema_loss=14.0184  gap=0.7245  ema_gap=0.7207  mixup=51/200  3.1 sps  ETA 2.9h  cpc=0.0169
              R²_rand=0.6334  R²_naive=0.6664  U_t=0.9581  U_b=0.9295  AUC=1.0000  Top1=0.9978
  timing: data=9.5ms  fwd=152.4ms  bwd=117.5ms  total=280.1ms
  -> Saved /home/jupyter/wt-cf-390-train/experiments/2026-08-01_lalign_teacher/runs/bb_small_arm5_nse_lalign_lrep_enc3l3_b64_200k_sigreg_ema_qk_aon_cpc_tau090_alignteacher_r3_best_gap.pth
[ 167600] loss=14.0983  ema_loss=14.0146  gap=0.7059  ema_gap=0.7197  mixup=59/200  3.1 sps  ETA 2.9h  cpc=0.0809
              R²_rand=0.6278  R²_naive=0.6523  U_t=0.9311  U_b=0.8209  AUC=1.0000  Top1=0.9976
  timing: data=38.9ms  fwd=155.8ms  bwd=120.0ms  total=315.3ms
[ 167800] loss=14.0081  ema_loss=14.0182  gap=0.7077  ema_gap=0.7213  mixup=59/200  3.1 sps  ETA 2.9h  cpc=0.0287
              R²_rand=0.6267  R²_naive=0.6552  U_t=0.9197  U_b=0.9324  AUC=0.9999  Top1=0.9902
  timing: data=7.5ms  fwd=158.1ms  bwd=121.2ms  total=287.5ms
  -> Saved /home/jupyter/wt-cf-390-train/experiments/2026-08-01_lalign_teacher/runs/bb_small_arm5_nse_lalign_lrep_enc3l3_b64_200k_sigreg_ema_qk_aon_cpc_tau090_alignteacher_r3_best_gap.pth
[ 168000] loss=13.9852  ema_loss=14.0059  gap=0.7199  ema_gap=0.7169  mixup=64/200  3.1 sps  ETA 2.9h  cpc=0.0152
              R²_rand=0.6310  R²_naive=0.6618  U_t=0.9444  U_b=0.9451  AUC=1.0000  Top1=0.9976
  timing: data=7.7ms  fwd=157.7ms  bwd=118.8ms  total=284.8ms
[ 168200] loss=14.0101  ema_loss=14.0045  gap=0.6963  ema_gap=0.7156  mixup=60/200  3.1 sps  ETA 2.9h  cpc=0.0343
              R²_rand=0.6128  R²_naive=0.6540  U_t=0.9230  U_b=0.9304  AUC=0.9998  Top1=0.9824
  timing: data=23.3ms  fwd=155.9ms  bwd=120.7ms  total=300.7ms
[ 168400] loss=13.9597  ema_loss=14.0125  gap=0.7238  ema_gap=0.7216  mixup=55/200  3.1 sps  ETA 2.8h  cpc=0.0102
              R²_rand=0.6256  R²_naive=0.6633  U_t=0.9450  U_b=0.9517  AUC=1.0000  Top1=0.9973
  timing: data=8.7ms  fwd=156.0ms  bwd=120.6ms  total=286.0ms
  -> Saved /home/jupyter/wt-cf-390-train/experiments/2026-08-01_lalign_teacher/runs/bb_small_arm5_nse_lalign_lrep_enc3l3_b64_200k_sigreg_ema_qk_aon_cpc_tau090_alignteacher_r3_best_gap.pth
[ 168600] loss=13.9748  ema_loss=14.0056  gap=0.7140  ema_gap=0.7179  mixup=64/200  3.1 sps  ETA 2.8h  cpc=0.0073
              R²_rand=0.6296  R²_naive=0.6583  U_t=0.9555  U_b=0.9547  AUC=1.0000  Top1=0.9970
  timing: data=7.5ms  fwd=153.7ms  bwd=117.6ms  total=279.6ms
[ 168800] loss=13.9941  ema_loss=14.0154  gap=0.7065  ema_gap=0.7137  mixup=59/200  3.1 sps  ETA 2.8h  cpc=0.0096
              R²_rand=0.6095  R²_naive=0.6527  U_t=0.9210  U_b=0.9529  AUC=1.0000  Top1=0.9951
  timing: data=42.1ms  fwd=153.7ms  bwd=119.8ms  total=316.4ms
[ 169000] loss=13.9874  ema_loss=14.0106  gap=0.7271  ema_gap=0.7201  mixup=58/200  3.1 sps  ETA 2.8h  cpc=0.0119
              R²_rand=0.6232  R²_naive=0.6602  U_t=0.9263  U_b=0.9463  AUC=1.0000  Top1=0.9970
  timing: data=8.8ms  fwd=156.4ms  bwd=120.6ms  total=286.5ms
[ 169200] loss=14.0480  ema_loss=14.0036  gap=0.7133  ema_gap=0.7183  mixup=64/200  3.1 sps  ETA 2.8h  cpc=0.0567
              R²_rand=0.6126  R²_naive=0.6546  U_t=0.9354  U_b=0.8836  AUC=1.0000  Top1=0.9954
  timing: data=8.5ms  fwd=155.2ms  bwd=118.9ms  total=283.3ms
[ 169400] loss=14.0420  ema_loss=14.0140  gap=0.7114  ema_gap=0.7137  mixup=63/200  3.1 sps  ETA 2.7h  cpc=0.0492
              R²_rand=0.6176  R²_naive=0.6545  U_t=0.9239  U_b=0.8582  AUC=1.0000  Top1=0.9957
  timing: data=95.6ms  fwd=155.4ms  bwd=118.4ms  total=370.1ms
[ 169600] loss=13.9687  ema_loss=14.0113  gap=0.7151  ema_gap=0.7147  mixup=56/200  3.1 sps  ETA 2.7h  cpc=0.0081
              R²_rand=0.6170  R²_naive=0.6589  U_t=0.9432  U_b=0.9476  AUC=1.0000  Top1=0.9962
  timing: data=7.8ms  fwd=158.8ms  bwd=120.7ms  total=288.1ms
[ 169800] loss=13.9974  ema_loss=14.0070  gap=0.7109  ema_gap=0.7154  mixup=56/200  3.1 sps  ETA 2.7h  cpc=0.0275
              R²_rand=0.6262  R²_naive=0.6577  U_t=0.9138  U_b=0.9379  AUC=1.0000  Top1=0.9965
  timing: data=9.5ms  fwd=151.5ms  bwd=117.0ms  total=278.8ms
[ 170000] loss=13.9952  ema_loss=14.0036  gap=0.7197  ema_gap=0.7142  mixup=51/200  3.1 sps  ETA 2.7h  cpc=0.0267
              R²_rand=0.6338  R²_naive=0.6626  U_t=0.9299  U_b=0.9362  AUC=1.0000  Top1=0.9978
  timing: data=23.0ms  fwd=156.2ms  bwd=119.4ms  total=299.4ms
[ 170200] loss=14.0223  ema_loss=14.0028  gap=0.6984  ema_gap=0.7113  mixup=66/200  3.1 sps  ETA 2.7h  cpc=0.0327
              R²_rand=0.6370  R²_naive=0.6583  U_t=0.9138  U_b=0.9180  AUC=0.9999  Top1=0.9938
  timing: data=10.8ms  fwd=154.0ms  bwd=120.4ms  total=285.9ms
[ 170400] loss=13.9769  ema_loss=14.0054  gap=0.7057  ema_gap=0.7115  mixup=74/200  3.1 sps  ETA 2.7h  cpc=0.0223
              R²_rand=0.6141  R²_naive=0.6613  U_t=0.9454  U_b=0.9397  AUC=1.0000  Top1=0.9954
  timing: data=7.5ms  fwd=155.4ms  bwd=117.5ms  total=281.1ms
[ 170600] loss=13.9574  ema_loss=13.9981  gap=0.7262  ema_gap=0.7131  mixup=56/200  3.1 sps  ETA 2.6h  cpc=0.0087
              R²_rand=0.6382  R²_naive=0.6688  U_t=0.9575  U_b=0.9550  AUC=1.0000  Top1=0.9978
  timing: data=8.8ms  fwd=154.5ms  bwd=119.9ms  total=283.9ms
[ 170800] loss=13.9995  ema_loss=13.9923  gap=0.7254  ema_gap=0.7144  mixup=57/200  3.1 sps  ETA 2.6h  cpc=0.0339
              R²_rand=0.6239  R²_naive=0.6633  U_t=0.9641  U_b=0.9147  AUC=1.0000  Top1=0.9967
  timing: data=32.4ms  fwd=154.3ms  bwd=119.5ms  total=306.9ms
[ 171000] loss=13.9720  ema_loss=13.9924  gap=0.7125  ema_gap=0.7138  mixup=76/200  3.1 sps  ETA 2.6h  cpc=0.0219
              R²_rand=0.6323  R²_naive=0.6612  U_t=0.9539  U_b=0.9452  AUC=1.0000  Top1=0.9967
  timing: data=7.5ms  fwd=154.0ms  bwd=116.9ms  total=279.2ms
[ 171200] loss=13.9759  ema_loss=13.9914  gap=0.7249  ema_gap=0.7166  mixup=52/200  3.1 sps  ETA 2.6h  cpc=0.0131
              R²_rand=0.6432  R²_naive=0.6689  U_t=0.9473  U_b=0.9396  AUC=1.0000  Top1=0.9984
  timing: data=8.5ms  fwd=157.0ms  bwd=119.5ms  total=285.8ms
[ 171400] loss=13.9925  ema_loss=13.9937  gap=0.7195  ema_gap=0.7146  mixup=70/200  3.1 sps  ETA 2.6h  cpc=0.0246
              R²_rand=0.6320  R²_naive=0.6632  U_t=0.9497  U_b=0.9015  AUC=1.0000  Top1=0.9959
  timing: data=58.3ms  fwd=153.6ms  bwd=118.7ms  total=331.4ms
[ 171600] loss=13.9550  ema_loss=13.9915  gap=0.7036  ema_gap=0.7171  mixup=61/200  3.1 sps  ETA 2.6h  cpc=0.0094
              R²_rand=0.6321  R²_naive=0.6576  U_t=0.9195  U_b=0.9536  AUC=0.9999  Top1=0.9905
  timing: data=7.0ms  fwd=149.6ms  bwd=111.7ms  total=269.0ms
[ 171800] loss=13.9528  ema_loss=13.9917  gap=0.7180  ema_gap=0.7161  mixup=67/200  3.1 sps  ETA 2.5h  cpc=0.0105
              R²_rand=0.6362  R²_naive=0.6639  U_t=0.9505  U_b=0.9482  AUC=1.0000  Top1=0.9967
  timing: data=10.8ms  fwd=152.3ms  bwd=118.4ms  total=282.3ms
[ 172000] loss=13.9799  ema_loss=13.9903  gap=0.7191  ema_gap=0.7173  mixup=60/200  3.1 sps  ETA 2.5h  cpc=0.0311
              R²_rand=0.6314  R²_naive=0.6646  U_t=0.9576  U_b=0.9123  AUC=1.0000  Top1=0.9946
  timing: data=25.8ms  fwd=155.3ms  bwd=119.2ms  total=301.1ms
[ 172200] loss=13.9618  ema_loss=13.9914  gap=0.7189  ema_gap=0.7148  mixup=80/200  3.1 sps  ETA 2.5h  cpc=0.0094
              R²_rand=0.6301  R²_naive=0.6630  U_t=0.9378  U_b=0.9510  AUC=1.0000  Top1=0.9965
  timing: data=9.8ms  fwd=155.0ms  bwd=119.1ms  total=284.7ms
[ 172400] loss=13.9638  ema_loss=13.9947  gap=0.7224  ema_gap=0.7143  mixup=58/200  3.1 sps  ETA 2.5h  cpc=0.0157
              R²_rand=0.6322  R²_naive=0.6672  U_t=0.9557  U_b=0.9438  AUC=1.0000  Top1=0.9976
  timing: data=8.5ms  fwd=153.6ms  bwd=118.4ms  total=281.2ms
[ 172600] loss=13.9728  ema_loss=13.9920  gap=0.7128  ema_gap=0.7113  mixup=73/200  3.1 sps  ETA 2.5h  cpc=0.0174
              R²_rand=0.6316  R²_naive=0.6624  U_t=0.9639  U_b=0.9360  AUC=1.0000  Top1=0.9970
  timing: data=26.0ms  fwd=155.1ms  bwd=119.8ms  total=301.7ms
[ 172800] loss=14.0071  ema_loss=13.9944  gap=0.6948  ema_gap=0.7114  mixup=57/200  3.1 sps  ETA 2.4h  cpc=0.0273
              R²_rand=0.6265  R²_naive=0.6567  U_t=0.8799  U_b=0.9355  AUC=0.9999  Top1=0.9856
  timing: data=7.8ms  fwd=156.9ms  bwd=119.8ms  total=285.2ms
[ 173000] loss=13.9734  ema_loss=13.9970  gap=0.7035  ema_gap=0.7112  mixup=67/200  3.1 sps  ETA 2.4h  cpc=0.0188
              R²_rand=0.6275  R²_naive=0.6574  U_t=0.9499  U_b=0.9390  AUC=1.0000  Top1=0.9965
  timing: data=7.7ms  fwd=156.1ms  bwd=119.6ms  total=284.2ms
[ 173200] loss=13.9731  ema_loss=13.9907  gap=0.7085  ema_gap=0.7138  mixup=43/200  3.1 sps  ETA 2.4h  cpc=0.0186
              R²_rand=0.6358  R²_naive=0.6644  U_t=0.9467  U_b=0.9458  AUC=1.0000  Top1=0.9976
  timing: data=22.7ms  fwd=153.0ms  bwd=119.9ms  total=296.3ms
[ 173400] loss=13.9500  ema_loss=13.9907  gap=0.7192  ema_gap=0.7110  mixup=58/200  3.1 sps  ETA 2.4h  cpc=0.0122
              R²_rand=0.6384  R²_naive=0.6655  U_t=0.9599  U_b=0.9496  AUC=1.0000  Top1=0.9957
  timing: data=8.7ms  fwd=156.9ms  bwd=120.3ms  total=286.7ms
[ 173600] loss=13.9705  ema_loss=13.9930  gap=0.7246  ema_gap=0.7152  mixup=50/200  3.1 sps  ETA 2.4h  cpc=0.0216
              R²_rand=0.6348  R²_naive=0.6685  U_t=0.9441  U_b=0.9297  AUC=1.0000  Top1=0.9973
  timing: data=7.5ms  fwd=157.8ms  bwd=120.1ms  total=286.1ms
[ 173800] loss=14.0456  ema_loss=13.9931  gap=0.7148  ema_gap=0.7140  mixup=57/200  3.1 sps  ETA 2.4h  cpc=0.0689
              R²_rand=0.6197  R²_naive=0.6649  U_t=0.9644  U_b=0.8539  AUC=1.0000  Top1=0.9976
  timing: data=35.4ms  fwd=154.3ms  bwd=120.5ms  total=311.0ms
[ 174000] loss=13.9748  ema_loss=13.9903  gap=0.7215  ema_gap=0.7130  mixup=59/200  3.1 sps  ETA 2.3h  cpc=0.0188
              R²_rand=0.6303  R²_naive=0.6612  U_t=0.9574  U_b=0.9330  AUC=1.0000  Top1=0.9965
  timing: data=8.5ms  fwd=155.9ms  bwd=120.4ms  total=285.4ms
[ 174200] loss=13.9580  ema_loss=13.9892  gap=0.7153  ema_gap=0.7119  mixup=62/200  3.1 sps  ETA 2.3h  cpc=0.0083
              R²_rand=0.6173  R²_naive=0.6621  U_t=0.9573  U_b=0.9510  AUC=1.0000  Top1=0.9976
  timing: data=9.6ms  fwd=154.0ms  bwd=119.3ms  total=283.7ms
[ 174400] loss=13.9687  ema_loss=13.9889  gap=0.7325  ema_gap=0.7157  mixup=50/200  3.1 sps  ETA 2.3h  cpc=0.0193
              R²_rand=0.6448  R²_naive=0.6726  U_t=0.9498  U_b=0.9279  AUC=1.0000  Top1=0.9984
  timing: data=30.7ms  fwd=155.6ms  bwd=118.2ms  total=305.2ms
[ 174600] loss=14.0222  ema_loss=14.0016  gap=0.7204  ema_gap=0.7196  mixup=57/200  3.1 sps  ETA 2.3h  cpc=0.0439
              R²_rand=0.6128  R²_naive=0.6606  U_t=0.9317  U_b=0.8756  AUC=1.0000  Top1=0.9959
  timing: data=8.8ms  fwd=156.4ms  bwd=121.5ms  total=287.5ms
[ 174800] loss=14.0196  ema_loss=13.9903  gap=0.7168  ema_gap=0.7172  mixup=69/200  3.1 sps  ETA 2.3h  cpc=0.0520
              R²_rand=0.6143  R²_naive=0.6655  U_t=0.9563  U_b=0.8568  AUC=1.0000  Top1=0.9951
  timing: data=8.7ms  fwd=155.8ms  bwd=118.1ms  total=283.3ms
[ 175000] loss=14.0166  ema_loss=13.9839  gap=0.7269  ema_gap=0.7177  mixup=64/200  3.1 sps  ETA 2.2h  cpc=0.0442
              R²_rand=0.6402  R²_naive=0.6688  U_t=0.9629  U_b=0.8885  AUC=1.0000  Top1=0.9986
  timing: data=34.2ms  fwd=156.9ms  bwd=119.4ms  total=311.2ms
  -> Saved /home/jupyter/wt-cf-390-train/experiments/2026-08-01_lalign_teacher/runs/bb_small_arm5_nse_lalign_lrep_enc3l3_b64_200k_sigreg_ema_qk_aon_cpc_tau090_alignteacher_r3_175k.pth
[ 175200] loss=13.9775  ema_loss=13.9922  gap=0.7157  ema_gap=0.7193  mixup=57/200  3.1 sps  ETA 2.2h  cpc=0.0225
              R²_rand=0.6350  R²_naive=0.6622  U_t=0.9473  U_b=0.9078  AUC=1.0000  Top1=0.9973
  timing: data=7.6ms  fwd=155.6ms  bwd=118.7ms  total=282.6ms
[ 175400] loss=14.0529  ema_loss=13.9899  gap=0.7251  ema_gap=0.7194  mixup=65/200  3.1 sps  ETA 2.2h  cpc=0.0798
              R²_rand=0.6457  R²_naive=0.6706  U_t=0.9638  U_b=0.8436  AUC=1.0000  Top1=0.9976
  timing: data=7.5ms  fwd=157.5ms  bwd=119.8ms  total=285.5ms
[ 175600] loss=14.0973  ema_loss=13.9845  gap=0.7170  ema_gap=0.7213  mixup=55/200  3.1 sps  ETA 2.2h  cpc=0.0954
              R²_rand=0.6333  R²_naive=0.6675  U_t=0.8963  U_b=0.8372  AUC=1.0000  Top1=0.9973
  timing: data=7.5ms  fwd=154.5ms  bwd=119.3ms  total=282.1ms
[ 175800] loss=13.9752  ema_loss=13.9878  gap=0.7123  ema_gap=0.7186  mixup=66/200  3.1 sps  ETA 2.2h  cpc=0.0219
              R²_rand=0.6318  R²_naive=0.6629  U_t=0.9469  U_b=0.9396  AUC=1.0000  Top1=0.9940
  timing: data=142.6ms  fwd=155.6ms  bwd=118.6ms  total=417.4ms
[ 176000] loss=14.0394  ema_loss=14.0029  gap=0.7330  ema_gap=0.7213  mixup=62/200  3.1 sps  ETA 2.2h  cpc=0.0256
              R²_rand=0.6332  R²_naive=0.6658  U_t=0.9035  U_b=0.9207  AUC=0.9999  Top1=0.9932
  timing: data=9.7ms  fwd=153.4ms  bwd=119.8ms  total=283.5ms
[ 176200] loss=13.9883  ema_loss=13.9929  gap=0.7144  ema_gap=0.7221  mixup=57/200  3.1 sps  ETA 2.1h  cpc=0.0204
              R²_rand=0.6260  R²_naive=0.6671  U_t=0.9259  U_b=0.9385  AUC=1.0000  Top1=0.9943
  timing: data=7.8ms  fwd=155.7ms  bwd=118.2ms  total=282.5ms
  -> Saved /home/jupyter/wt-cf-390-train/experiments/2026-08-01_lalign_teacher/runs/bb_small_arm5_nse_lalign_lrep_enc3l3_b64_200k_sigreg_ema_qk_aon_cpc_tau090_alignteacher_r3_best_gap.pth
[ 176400] loss=13.9621  ema_loss=13.9902  gap=0.7283  ema_gap=0.7238  mixup=63/200  3.1 sps  ETA 2.1h  cpc=0.0086
              R²_rand=0.6246  R²_naive=0.6658  U_t=0.9549  U_b=0.9577  AUC=1.0000  Top1=0.9978
  timing: data=29.5ms  fwd=156.0ms  bwd=119.3ms  total=305.5ms
  -> Saved /home/jupyter/wt-cf-390-train/experiments/2026-08-01_lalign_teacher/runs/bb_small_arm5_nse_lalign_lrep_enc3l3_b64_200k_sigreg_ema_qk_aon_cpc_tau090_alignteacher_r3_best_gap.pth
[ 176600] loss=14.0151  ema_loss=13.9826  gap=0.7251  ema_gap=0.7230  mixup=63/200  3.1 sps  ETA 2.1h  cpc=0.0531
              R²_rand=0.6351  R²_naive=0.6691  U_t=0.9299  U_b=0.8519  AUC=1.0000  Top1=0.9965
  timing: data=10.3ms  fwd=154.0ms  bwd=118.7ms  total=283.7ms
[ 176800] loss=13.9781  ema_loss=13.9830  gap=0.7115  ema_gap=0.7220  mixup=52/200  3.1 sps  ETA 2.1h  cpc=0.0191
              R²_rand=0.6324  R²_naive=0.6656  U_t=0.9283  U_b=0.9396  AUC=0.9999  Top1=0.9970
  timing: data=7.6ms  fwd=157.1ms  bwd=119.5ms  total=285.0ms
[ 177000] loss=14.0376  ema_loss=13.9822  gap=0.7320  ema_gap=0.7188  mixup=58/200  3.1 sps  ETA 2.1h  cpc=0.0626
              R²_rand=0.6374  R²_naive=0.6684  U_t=0.9345  U_b=0.8659  AUC=1.0000  Top1=0.9970
  timing: data=23.0ms  fwd=159.0ms  bwd=119.1ms  total=301.9ms
[ 177200] loss=13.9498  ema_loss=13.9873  gap=0.7230  ema_gap=0.7206  mixup=64/200  3.1 sps  ETA 2.0h  cpc=0.0108
              R²_rand=0.6232  R²_naive=0.6683  U_t=0.9307  U_b=0.9477  AUC=1.0000  Top1=0.9989
  timing: data=8.8ms  fwd=154.4ms  bwd=119.2ms  total=283.1ms
[ 177400] loss=13.9857  ema_loss=13.9871  gap=0.7162  ema_gap=0.7183  mixup=58/200  3.1 sps  ETA 2.0h  cpc=0.0190
              R²_rand=0.6231  R²_naive=0.6598  U_t=0.9455  U_b=0.9298  AUC=1.0000  Top1=0.9967
  timing: data=7.7ms  fwd=159.6ms  bwd=119.6ms  total=287.6ms
[ 177600] loss=13.9753  ema_loss=13.9914  gap=0.7227  ema_gap=0.7181  mixup=61/200  3.1 sps  ETA 2.0h  cpc=0.0225
              R²_rand=0.6433  R²_naive=0.6675  U_t=0.9441  U_b=0.9390  AUC=1.0000  Top1=0.9943
  timing: data=26.4ms  fwd=153.9ms  bwd=119.1ms  total=300.2ms
[ 177800] loss=13.9532  ema_loss=13.9842  gap=0.7263  ema_gap=0.7195  mixup=53/200  3.1 sps  ETA 2.0h  cpc=0.0113
              R²_rand=0.6384  R²_naive=0.6680  U_t=0.9486  U_b=0.9499  AUC=1.0000  Top1=0.9981
  timing: data=7.8ms  fwd=159.2ms  bwd=121.0ms  total=288.8ms
[ 178000] loss=13.9729  ema_loss=13.9877  gap=0.7153  ema_gap=0.7205  mixup=56/200  3.1 sps  ETA 2.0h  cpc=0.0157
              R²_rand=0.6339  R²_naive=0.6611  U_t=0.9429  U_b=0.9461  AUC=1.0000  Top1=0.9967
  timing: data=9.0ms  fwd=156.1ms  bwd=118.2ms  total=284.0ms
[ 178200] loss=13.9606  ema_loss=13.9832  gap=0.7209  ema_gap=0.7182  mixup=73/200  3.1 sps  ETA 2.0h  cpc=0.0174
              R²_rand=0.6377  R²_naive=0.6642  U_t=0.9311  U_b=0.9428  AUC=1.0000  Top1=0.9965
  timing: data=45.9ms  fwd=154.8ms  bwd=117.6ms  total=318.9ms
[ 178400] loss=13.9616  ema_loss=13.9777  gap=0.7313  ema_gap=0.7212  mixup=50/200  3.1 sps  ETA 1.9h  cpc=0.0186
              R²_rand=0.6368  R²_naive=0.6728  U_t=0.9638  U_b=0.9394  AUC=1.0000  Top1=0.9967
  timing: data=7.8ms  fwd=157.3ms  bwd=119.9ms  total=285.8ms
[ 178600] loss=13.9487  ema_loss=13.9737  gap=0.7197  ema_gap=0.7214  mixup=55/200  3.1 sps  ETA 1.9h  cpc=0.0114
              R²_rand=0.6395  R²_naive=0.6641  U_t=0.9488  U_b=0.9502  AUC=1.0000  Top1=0.9981
  timing: data=8.6ms  fwd=155.5ms  bwd=119.7ms  total=284.5ms
[ 178800] loss=13.9523  ema_loss=13.9800  gap=0.7161  ema_gap=0.7215  mixup=60/200  3.1 sps  ETA 1.9h  cpc=0.0130
              R²_rand=0.6377  R²_naive=0.6645  U_t=0.9462  U_b=0.9410  AUC=1.0000  Top1=0.9978
  timing: data=23.0ms  fwd=153.7ms  bwd=118.3ms  total=295.7ms
[ 179000] loss=13.9423  ema_loss=13.9771  gap=0.7309  ema_gap=0.7216  mixup=53/200  3.1 sps  ETA 1.9h  cpc=0.0101
              R²_rand=0.6326  R²_naive=0.6711  U_t=0.9428  U_b=0.9555  AUC=0.9999  Top1=0.9981
  timing: data=8.9ms  fwd=154.6ms  bwd=121.6ms  total=285.8ms
[ 179200] loss=13.9747  ema_loss=13.9998  gap=0.7281  ema_gap=0.7213  mixup=58/200  3.1 sps  ETA 1.9h  cpc=0.0150
              R²_rand=0.6287  R²_naive=0.6654  U_t=0.9510  U_b=0.9319  AUC=1.0000  Top1=0.9970
  timing: data=7.8ms  fwd=158.2ms  bwd=120.9ms  total=287.6ms
[ 179400] loss=13.9921  ema_loss=13.9878  gap=0.7062  ema_gap=0.7232  mixup=58/200  3.1 sps  ETA 1.8h  cpc=0.0316
              R²_rand=0.6238  R²_naive=0.6596  U_t=0.9063  U_b=0.9212  AUC=0.9999  Top1=0.9908
  timing: data=22.8ms  fwd=152.1ms  bwd=118.4ms  total=294.1ms
[ 179600] loss=13.9477  ema_loss=13.9835  gap=0.7212  ema_gap=0.7214  mixup=61/200  3.1 sps  ETA 1.8h  cpc=0.0181
              R²_rand=0.6313  R²_naive=0.6666  U_t=0.9518  U_b=0.9410  AUC=1.0000  Top1=0.9967
  timing: data=8.7ms  fwd=156.5ms  bwd=121.7ms  total=287.7ms
[ 179800] loss=13.9721  ema_loss=13.9811  gap=0.7193  ema_gap=0.7198  mixup=66/200  3.1 sps  ETA 1.8h  cpc=0.0107
              R²_rand=0.6354  R²_naive=0.6641  U_t=0.9157  U_b=0.9539  AUC=1.0000  Top1=0.9959
  timing: data=8.9ms  fwd=156.7ms  bwd=119.1ms  total=285.5ms
[ 180000] loss=13.9480  ema_loss=13.9796  gap=0.7145  ema_gap=0.7177  mixup=51/200  3.1 sps  ETA 1.8h  cpc=0.0123
              R²_rand=0.6351  R²_naive=0.6657  U_t=0.9438  U_b=0.9510  AUC=1.0000  Top1=0.9954
  timing: data=32.5ms  fwd=153.2ms  bwd=118.8ms  total=305.2ms
[ 180200] loss=14.0234  ema_loss=13.9781  gap=0.7227  ema_gap=0.7190  mixup=58/200  3.1 sps  ETA 1.8h  cpc=0.0633
              R²_rand=0.6415  R²_naive=0.6708  U_t=0.9309  U_b=0.8541  AUC=1.0000  Top1=0.9970
  timing: data=10.0ms  fwd=153.7ms  bwd=119.9ms  total=284.2ms
[ 180400] loss=13.9785  ema_loss=13.9777  gap=0.7068  ema_gap=0.7194  mixup=63/200  3.1 sps  ETA 1.8h  cpc=0.0184
              R²_rand=0.6319  R²_naive=0.6618  U_t=0.9189  U_b=0.9365  AUC=0.9999  Top1=0.9902
  timing: data=8.6ms  fwd=156.9ms  bwd=118.5ms  total=284.7ms
[ 180600] loss=13.9661  ema_loss=13.9779  gap=0.7208  ema_gap=0.7213  mixup=55/200  3.1 sps  ETA 1.7h  cpc=0.0198
              R²_rand=0.6382  R²_naive=0.6643  U_t=0.9466  U_b=0.9393  AUC=1.0000  Top1=0.9962
  timing: data=7.4ms  fwd=155.4ms  bwd=118.8ms  total=282.4ms
[ 180800] loss=13.9735  ema_loss=13.9837  gap=0.7253  ema_gap=0.7199  mixup=57/200  3.1 sps  ETA 1.7h  cpc=0.0208
              R²_rand=0.6414  R²_naive=0.6692  U_t=0.9232  U_b=0.9336  AUC=1.0000  Top1=0.9962
  timing: data=23.5ms  fwd=155.3ms  bwd=119.3ms  total=298.7ms
[ 181000] loss=13.9959  ema_loss=13.9808  gap=0.7102  ema_gap=0.7183  mixup=54/200  3.1 sps  ETA 1.7h  cpc=0.0362
              R²_rand=0.6377  R²_naive=0.6631  U_t=0.9070  U_b=0.9201  AUC=1.0000  Top1=0.9957
  timing: data=9.7ms  fwd=155.3ms  bwd=120.8ms  total=286.5ms
[ 181200] loss=13.9572  ema_loss=13.9799  gap=0.7128  ema_gap=0.7193  mixup=49/200  3.1 sps  ETA 1.7h  cpc=0.0126
              R²_rand=0.6384  R²_naive=0.6643  U_t=0.9389  U_b=0.9530  AUC=1.0000  Top1=0.9970
  timing: data=8.5ms  fwd=156.7ms  bwd=119.7ms  total=285.7ms
[ 181400] loss=13.9695  ema_loss=13.9862  gap=0.7200  ema_gap=0.7184  mixup=73/200  3.1 sps  ETA 1.7h  cpc=0.0158
              R²_rand=0.6370  R²_naive=0.6662  U_t=0.9403  U_b=0.9426  AUC=1.0000  Top1=0.9970
  timing: data=23.4ms  fwd=154.2ms  bwd=119.9ms  total=298.3ms
[ 181600] loss=14.0161  ema_loss=13.9905  gap=0.7264  ema_gap=0.7181  mixup=68/200  3.1 sps  ETA 1.7h  cpc=0.0557
              R²_rand=0.6366  R²_naive=0.6683  U_t=0.9574  U_b=0.8620  AUC=1.0000  Top1=0.9967
  timing: data=11.1ms  fwd=155.9ms  bwd=119.7ms  total=287.4ms
[ 181800] loss=13.9616  ema_loss=13.9874  gap=0.7314  ema_gap=0.7200  mixup=69/200  3.1 sps  ETA 1.6h  cpc=0.0093
              R²_rand=0.6433  R²_naive=0.6752  U_t=0.9568  U_b=0.9494  AUC=1.0000  Top1=0.9970
  timing: data=10.9ms  fwd=154.3ms  bwd=120.9ms  total=286.8ms
[ 182000] loss=13.9703  ema_loss=13.9846  gap=0.7212  ema_gap=0.7266  mixup=61/200  3.1 sps  ETA 1.6h  cpc=0.0125
              R²_rand=0.6401  R²_naive=0.6679  U_t=0.9354  U_b=0.9493  AUC=1.0000  Top1=0.9973
  timing: data=22.6ms  fwd=155.6ms  bwd=119.0ms  total=297.9ms
  -> Saved /home/jupyter/wt-cf-390-train/experiments/2026-08-01_lalign_teacher/runs/bb_small_arm5_nse_lalign_lrep_enc3l3_b64_200k_sigreg_ema_qk_aon_cpc_tau090_alignteacher_r3_best_gap.pth
[ 182200] loss=14.0839  ema_loss=13.9795  gap=0.7205  ema_gap=0.7265  mixup=54/200  3.1 sps  ETA 1.6h  cpc=0.0998
              R²_rand=0.6364  R²_naive=0.6699  U_t=0.9323  U_b=0.8213  AUC=1.0000  Top1=0.9978
  timing: data=10.6ms  fwd=151.7ms  bwd=118.9ms  total=281.9ms
[ 182400] loss=14.0944  ema_loss=13.9811  gap=0.7236  ema_gap=0.7235  mixup=68/200  3.1 sps  ETA 1.6h  cpc=0.1071
              R²_rand=0.6375  R²_naive=0.6729  U_t=0.9507  U_b=0.7854  AUC=1.0000  Top1=0.9981
  timing: data=9.6ms  fwd=153.7ms  bwd=120.0ms  total=284.0ms
[ 182600] loss=14.0254  ema_loss=13.9804  gap=0.7275  ema_gap=0.7252  mixup=53/200  3.1 sps  ETA 1.6h  cpc=0.0601
              R²_rand=0.6397  R²_naive=0.6737  U_t=0.9543  U_b=0.8502  AUC=1.0000  Top1=0.9981
  timing: data=30.6ms  fwd=152.1ms  bwd=119.0ms  total=302.4ms
[ 182800] loss=13.9752  ema_loss=13.9814  gap=0.7058  ema_gap=0.7212  mixup=66/200  3.1 sps  ETA 1.5h  cpc=0.0176
              R²_rand=0.6416  R²_naive=0.6630  U_t=0.9176  U_b=0.9495  AUC=1.0000  Top1=0.9943
  timing: data=8.9ms  fwd=158.6ms  bwd=121.0ms  total=289.2ms
[ 183000] loss=14.0063  ema_loss=13.9798  gap=0.7252  ema_gap=0.7248  mixup=54/200  3.1 sps  ETA 1.5h  cpc=0.0552
              R²_rand=0.6361  R²_naive=0.6724  U_t=0.9387  U_b=0.8540  AUC=1.0000  Top1=0.9973
  timing: data=8.8ms  fwd=155.5ms  bwd=118.3ms  total=283.2ms
[ 183200] loss=14.0728  ema_loss=13.9694  gap=0.7350  ema_gap=0.7259  mixup=45/200  3.1 sps  ETA 1.5h  cpc=0.0910
              R²_rand=0.6361  R²_naive=0.6770  U_t=0.9553  U_b=0.8095  AUC=1.0000  Top1=0.9984
  timing: data=22.8ms  fwd=155.5ms  bwd=119.4ms  total=298.4ms
[ 183400] loss=13.9957  ema_loss=13.9741  gap=0.7088  ema_gap=0.7209  mixup=64/200  3.1 sps  ETA 1.5h  cpc=0.0499
              R²_rand=0.6437  R²_naive=0.6674  U_t=0.9451  U_b=0.8755  AUC=1.0000  Top1=0.9965
  timing: data=8.7ms  fwd=155.3ms  bwd=121.7ms  total=286.4ms
[ 183600] loss=13.9717  ema_loss=13.9725  gap=0.7368  ema_gap=0.7195  mixup=61/200  3.1 sps  ETA 1.5h  cpc=0.0253
              R²_rand=0.6493  R²_naive=0.6782  U_t=0.9418  U_b=0.9194  AUC=1.0000  Top1=0.9973
  timing: data=9.4ms  fwd=154.2ms  bwd=117.5ms  total=281.9ms
[ 183800] loss=14.0027  ema_loss=13.9701  gap=0.7138  ema_gap=0.7195  mixup=63/200  3.1 sps  ETA 1.5h  cpc=0.0518
              R²_rand=0.6409  R²_naive=0.6691  U_t=0.9199  U_b=0.8932  AUC=1.0000  Top1=0.9981
  timing: data=22.0ms  fwd=156.5ms  bwd=120.7ms  total=299.9ms
[ 184000] loss=13.9362  ema_loss=13.9678  gap=0.7323  ema_gap=0.7224  mixup=56/200  3.1 sps  ETA 1.4h  cpc=0.0156
              R²_rand=0.6454  R²_naive=0.6768  U_t=0.9433  U_b=0.9435  AUC=1.0000  Top1=0.9992
  timing: data=7.8ms  fwd=158.5ms  bwd=119.9ms  total=287.0ms
[ 184200] loss=13.9704  ema_loss=13.9729  gap=0.7186  ema_gap=0.7210  mixup=53/200  3.1 sps  ETA 1.4h  cpc=0.0301
              R²_rand=0.6437  R²_naive=0.6706  U_t=0.9314  U_b=0.9094  AUC=1.0000  Top1=0.9962
  timing: data=8.6ms  fwd=153.2ms  bwd=121.0ms  total=283.6ms
[ 184400] loss=13.9467  ema_loss=13.9703  gap=0.7227  ema_gap=0.7207  mixup=54/200  3.1 sps  ETA 1.4h  cpc=0.0100
              R²_rand=0.6336  R²_naive=0.6725  U_t=0.9603  U_b=0.9377  AUC=1.0000  Top1=0.9981
  timing: data=24.6ms  fwd=154.9ms  bwd=119.5ms  total=299.7ms
[ 184600] loss=13.9702  ema_loss=13.9706  gap=0.7290  ema_gap=0.7212  mixup=60/200  3.1 sps  ETA 1.4h  cpc=0.0170
              R²_rand=0.6496  R²_naive=0.6755  U_t=0.9636  U_b=0.9396  AUC=1.0000  Top1=0.9989
  timing: data=10.8ms  fwd=152.4ms  bwd=119.7ms  total=283.7ms
[ 184800] loss=13.9917  ema_loss=13.9670  gap=0.7223  ema_gap=0.7232  mixup=54/200  3.1 sps  ETA 1.4h  cpc=0.0397
              R²_rand=0.6414  R²_naive=0.6710  U_t=0.9202  U_b=0.9041  AUC=1.0000  Top1=0.9970
  timing: data=7.4ms  fwd=155.4ms  bwd=118.1ms  total=281.6ms
[ 185000] loss=13.9578  ema_loss=13.9720  gap=0.7164  ema_gap=0.7211  mixup=55/200  3.1 sps  ETA 1.3h  cpc=0.0214
              R²_rand=0.6439  R²_naive=0.6683  U_t=0.9406  U_b=0.9412  AUC=1.0000  Top1=0.9976
  timing: data=28.1ms  fwd=151.3ms  bwd=118.6ms  total=298.7ms
[ 185200] loss=13.9598  ema_loss=13.9707  gap=0.7286  ema_gap=0.7220  mixup=54/200  3.1 sps  ETA 1.3h  cpc=0.0088
              R²_rand=0.6476  R²_naive=0.6728  U_t=0.9122  U_b=0.9511  AUC=1.0000  Top1=0.9981
  timing: data=8.9ms  fwd=158.3ms  bwd=120.3ms  total=288.2ms
[ 185400] loss=13.9735  ema_loss=13.9828  gap=0.7293  ema_gap=0.7229  mixup=54/200  3.1 sps  ETA 1.3h  cpc=0.0191
              R²_rand=0.6405  R²_naive=0.6680  U_t=0.9441  U_b=0.9417  AUC=1.0000  Top1=0.9962
  timing: data=7.8ms  fwd=154.4ms  bwd=118.1ms  total=281.1ms
[ 185600] loss=13.9574  ema_loss=13.9816  gap=0.7368  ema_gap=0.7294  mixup=59/200  3.1 sps  ETA 1.3h  cpc=0.0160
              R²_rand=0.6404  R²_naive=0.6788  U_t=0.9494  U_b=0.9445  AUC=1.0000  Top1=0.9978
  timing: data=9.1ms  fwd=156.3ms  bwd=120.9ms  total=287.1ms
  -> Saved /home/jupyter/wt-cf-390-train/experiments/2026-08-01_lalign_teacher/runs/bb_small_arm5_nse_lalign_lrep_enc3l3_b64_200k_sigreg_ema_qk_aon_cpc_tau090_alignteacher_r3_best_gap.pth
[ 185800] loss=13.9326  ema_loss=13.9767  gap=0.7272  ema_gap=0.7267  mixup=52/200  3.1 sps  ETA 1.3h  cpc=0.0056
              R²_rand=0.6317  R²_naive=0.6706  U_t=0.9441  U_b=0.9519  AUC=1.0000  Top1=0.9967
  timing: data=23.4ms  fwd=155.0ms  bwd=120.2ms  total=299.3ms
[ 186000] loss=14.0166  ema_loss=13.9831  gap=0.7264  ema_gap=0.7245  mixup=55/200  3.1 sps  ETA 1.3h  cpc=0.0611
              R²_rand=0.6349  R²_naive=0.6706  U_t=0.9600  U_b=0.8709  AUC=1.0000  Top1=0.9973
  timing: data=10.5ms  fwd=152.4ms  bwd=117.4ms  total=281.0ms
[ 186200] loss=13.9469  ema_loss=13.9789  gap=0.7294  ema_gap=0.7238  mixup=53/200  3.1 sps  ETA 1.2h  cpc=0.0111
              R²_rand=0.6397  R²_naive=0.6732  U_t=0.9393  U_b=0.9509  AUC=1.0000  Top1=0.9981
  timing: data=11.9ms  fwd=152.1ms  bwd=119.7ms  total=284.4ms
[ 186400] loss=14.0107  ema_loss=13.9867  gap=0.7258  ema_gap=0.7222  mixup=59/200  3.1 sps  ETA 1.2h  cpc=0.0524
              R²_rand=0.6415  R²_naive=0.6690  U_t=0.9539  U_b=0.8634  AUC=1.0000  Top1=0.9948
  timing: data=22.8ms  fwd=156.5ms  bwd=120.3ms  total=300.4ms
[ 186600] loss=14.0057  ema_loss=13.9942  gap=0.7260  ema_gap=0.7226  mixup=57/200  3.1 sps  ETA 1.2h  cpc=0.0333
              R²_rand=0.6181  R²_naive=0.6649  U_t=0.9507  U_b=0.8992  AUC=1.0000  Top1=0.9976
  timing: data=9.7ms  fwd=153.5ms  bwd=118.6ms  total=282.5ms
[ 186800] loss=13.9572  ema_loss=13.9935  gap=0.7233  ema_gap=0.7256  mixup=55/200  3.1 sps  ETA 1.2h  cpc=0.0112
              R²_rand=0.6330  R²_naive=0.6674  U_t=0.9373  U_b=0.9435  AUC=1.0000  Top1=0.9962
  timing: data=7.7ms  fwd=155.8ms  bwd=117.4ms  total=281.7ms
[ 187000] loss=13.9682  ema_loss=13.9945  gap=0.7229  ema_gap=0.7230  mixup=64/200  3.1 sps  ETA 1.2h  cpc=0.0103
              R²_rand=0.6305  R²_naive=0.6652  U_t=0.9613  U_b=0.9517  AUC=1.0000  Top1=0.9978
  timing: data=22.7ms  fwd=153.7ms  bwd=119.0ms  total=296.1ms
[ 187200] loss=13.9559  ema_loss=13.9903  gap=0.7198  ema_gap=0.7232  mixup=63/200  3.1 sps  ETA 1.1h  cpc=0.0098
              R²_rand=0.6298  R²_naive=0.6669  U_t=0.9432  U_b=0.9474  AUC=1.0000  Top1=0.9976
  timing: data=8.7ms  fwd=154.2ms  bwd=117.5ms  total=281.1ms
[ 187400] loss=13.9528  ema_loss=13.9833  gap=0.7306  ema_gap=0.7221  mixup=58/200  3.1 sps  ETA 1.1h  cpc=0.0076
              R²_rand=0.6353  R²_naive=0.6716  U_t=0.9278  U_b=0.9548  AUC=1.0000  Top1=0.9981
  timing: data=7.8ms  fwd=155.1ms  bwd=119.2ms  total=282.7ms
[ 187600] loss=14.0157  ema_loss=13.9923  gap=0.7310  ema_gap=0.7259  mixup=66/200  3.1 sps  ETA 1.1h  cpc=0.0590
              R²_rand=0.6411  R²_naive=0.6716  U_t=0.9477  U_b=0.8554  AUC=1.0000  Top1=0.9976
  timing: data=26.3ms  fwd=154.1ms  bwd=118.5ms  total=299.6ms
[ 187800] loss=13.9595  ema_loss=13.9864  gap=0.7182  ema_gap=0.7223  mixup=57/200  3.1 sps  ETA 1.1h  cpc=0.0143
              R²_rand=0.6332  R²_naive=0.6656  U_t=0.9218  U_b=0.9466  AUC=1.0000  Top1=0.9981
  timing: data=7.5ms  fwd=155.0ms  bwd=118.7ms  total=281.8ms
[ 188000] loss=13.9603  ema_loss=13.9801  gap=0.7169  ema_gap=0.7214  mixup=63/200  3.1 sps  ETA 1.1h  cpc=0.0181
              R²_rand=0.6303  R²_naive=0.6645  U_t=0.9555  U_b=0.9382  AUC=1.0000  Top1=0.9948
  timing: data=8.7ms  fwd=154.4ms  bwd=118.7ms  total=282.4ms
[ 188200] loss=13.9834  ema_loss=13.9839  gap=0.7160  ema_gap=0.7224  mixup=60/200  3.1 sps  ETA 1.1h  cpc=0.0192
              R²_rand=0.6211  R²_naive=0.6616  U_t=0.9152  U_b=0.9478  AUC=1.0000  Top1=0.9978
  timing: data=22.7ms  fwd=155.3ms  bwd=118.0ms  total=296.7ms
[ 188400] loss=13.9565  ema_loss=13.9889  gap=0.7295  ema_gap=0.7218  mixup=66/200  3.1 sps  ETA 1.0h  cpc=0.0094
              R²_rand=0.6273  R²_naive=0.6680  U_t=0.9420  U_b=0.9489  AUC=1.0000  Top1=0.9967
  timing: data=7.5ms  fwd=153.9ms  bwd=116.4ms  total=278.5ms
[ 188600] loss=13.9701  ema_loss=13.9938  gap=0.7095  ema_gap=0.7180  mixup=72/200  3.1 sps  ETA 1.0h  cpc=0.0183
              R²_rand=0.6292  R²_naive=0.6589  U_t=0.9486  U_b=0.9313  AUC=1.0000  Top1=0.9957
  timing: data=9.7ms  fwd=155.1ms  bwd=118.4ms  total=283.9ms
[ 188800] loss=13.9865  ema_loss=13.9897  gap=0.7156  ema_gap=0.7177  mixup=58/200  3.1 sps  ETA 1.0h  cpc=0.0233
              R²_rand=0.6325  R²_naive=0.6662  U_t=0.9092  U_b=0.9464  AUC=1.0000  Top1=0.9948
  timing: data=22.6ms  fwd=153.6ms  bwd=120.2ms  total=297.1ms
[ 189000] loss=13.9700  ema_loss=13.9921  gap=0.7152  ema_gap=0.7129  mixup=65/200  3.1 sps  ETA 1.0h  cpc=0.0214
              R²_rand=0.6175  R²_naive=0.6666  U_t=0.9320  U_b=0.9240  AUC=1.0000  Top1=0.9967
  timing: data=7.6ms  fwd=152.6ms  bwd=114.2ms  total=275.1ms
[ 189200] loss=13.9900  ema_loss=13.9942  gap=0.7166  ema_gap=0.7132  mixup=69/200  3.1 sps  ETA 1.0h  cpc=0.0151
              R²_rand=0.6368  R²_naive=0.6660  U_t=0.9090  U_b=0.9420  AUC=1.0000  Top1=0.9984
  timing: data=8.4ms  fwd=151.7ms  bwd=113.6ms  total=274.4ms
[ 189400] loss=14.0364  ema_loss=13.9879  gap=0.7138  ema_gap=0.7134  mixup=66/200  3.1 sps  ETA 0.9h  cpc=0.0642
              R²_rand=0.6306  R²_naive=0.6656  U_t=0.9508  U_b=0.8505  AUC=1.0000  Top1=0.9967
  timing: data=24.4ms  fwd=153.8ms  bwd=118.7ms  total=297.6ms
[ 189600] loss=14.0107  ema_loss=13.9857  gap=0.7251  ema_gap=0.7145  mixup=61/200  3.1 sps  ETA 0.9h  cpc=0.0402
              R²_rand=0.6267  R²_naive=0.6692  U_t=0.9509  U_b=0.8857  AUC=1.0000  Top1=0.9973
  timing: data=8.5ms  fwd=154.1ms  bwd=120.1ms  total=283.4ms
[ 189800] loss=13.9444  ema_loss=13.9865  gap=0.7310  ema_gap=0.7229  mixup=66/200  3.1 sps  ETA 0.9h  cpc=0.0111
              R²_rand=0.6403  R²_naive=0.6719  U_t=0.9628  U_b=0.9407  AUC=1.0000  Top1=0.9973
  timing: data=8.5ms  fwd=152.7ms  bwd=117.2ms  total=279.1ms
[ 190000] loss=14.1046  ema_loss=13.9805  gap=0.7308  ema_gap=0.7239  mixup=58/200  3.1 sps  ETA 0.9h  cpc=0.1194
              R²_rand=0.6473  R²_naive=0.6762  U_t=0.9626  U_b=0.7780  AUC=1.0000  Top1=0.9954
  timing: data=23.5ms  fwd=153.7ms  bwd=119.1ms  total=297.0ms
[ 190200] loss=13.9458  ema_loss=13.9805  gap=0.7314  ema_gap=0.7229  mixup=59/200  3.1 sps  ETA 0.9h  cpc=0.0110
              R²_rand=0.6384  R²_naive=0.6717  U_t=0.9431  U_b=0.9549  AUC=1.0000  Top1=0.9965
  timing: data=7.7ms  fwd=155.7ms  bwd=118.8ms  total=282.9ms
[ 190400] loss=13.9683  ema_loss=13.9819  gap=0.7188  ema_gap=0.7212  mixup=58/200  3.1 sps  ETA 0.9h  cpc=0.0155
              R²_rand=0.6365  R²_naive=0.6670  U_t=0.9458  U_b=0.9453  AUC=1.0000  Top1=0.9970
  timing: data=8.5ms  fwd=155.3ms  bwd=119.7ms  total=284.3ms
[ 190600] loss=14.1196  ema_loss=13.9875  gap=0.6962  ema_gap=0.7218  mixup=66/200  3.1 sps  ETA 0.8h  cpc=0.0957
              R²_rand=0.6313  R²_naive=0.6584  U_t=0.8845  U_b=0.7991  AUC=1.0000  Top1=0.9932
  timing: data=26.9ms  fwd=156.4ms  bwd=118.3ms  total=302.2ms
[ 190800] loss=13.9732  ema_loss=13.9836  gap=0.7184  ema_gap=0.7194  mixup=64/200  3.1 sps  ETA 0.8h  cpc=0.0277
              R²_rand=0.6316  R²_naive=0.6630  U_t=0.9409  U_b=0.9219  AUC=1.0000  Top1=0.9967
  timing: data=7.9ms  fwd=155.4ms  bwd=119.3ms  total=283.4ms
[ 191000] loss=13.9429  ema_loss=13.9851  gap=0.7207  ema_gap=0.7213  mixup=61/200  3.1 sps  ETA 0.8h  cpc=0.0055
              R²_rand=0.6290  R²_naive=0.6652  U_t=0.9347  U_b=0.9594  AUC=1.0000  Top1=0.9965
  timing: data=9.6ms  fwd=152.6ms  bwd=116.1ms  total=279.1ms
[ 191200] loss=14.0174  ema_loss=13.9830  gap=0.7184  ema_gap=0.7180  mixup=68/200  3.1 sps  ETA 0.8h  cpc=0.0491
              R²_rand=0.6148  R²_naive=0.6659  U_t=0.9182  U_b=0.8881  AUC=1.0000  Top1=0.9976
  timing: data=10.8ms  fwd=151.9ms  bwd=118.7ms  total=282.0ms
[ 191400] loss=13.9925  ema_loss=13.9892  gap=0.7017  ema_gap=0.7208  mixup=49/200  3.1 sps  ETA 0.8h  cpc=0.0250
              R²_rand=0.6208  R²_naive=0.6548  U_t=0.9210  U_b=0.9401  AUC=0.9998  Top1=0.9826
  timing: data=22.8ms  fwd=155.4ms  bwd=118.8ms  total=297.6ms
[ 191600] loss=13.9950  ema_loss=13.9849  gap=0.7307  ema_gap=0.7190  mixup=67/200  3.1 sps  ETA 0.8h  cpc=0.0324
              R²_rand=0.6390  R²_naive=0.6711  U_t=0.9242  U_b=0.9300  AUC=1.0000  Top1=0.9970
  timing: data=8.6ms  fwd=154.6ms  bwd=118.5ms  total=282.4ms
[ 191800] loss=13.9751  ema_loss=13.9888  gap=0.7253  ema_gap=0.7172  mixup=68/200  3.1 sps  ETA 0.7h  cpc=0.0187
              R²_rand=0.6330  R²_naive=0.6639  U_t=0.9576  U_b=0.9369  AUC=1.0000  Top1=0.9970
  timing: data=8.6ms  fwd=155.8ms  bwd=117.5ms  total=282.5ms
[ 192000] loss=13.9671  ema_loss=13.9916  gap=0.7188  ema_gap=0.7177  mixup=65/200  3.1 sps  ETA 0.7h  cpc=0.0173
              R²_rand=0.6348  R²_naive=0.6653  U_t=0.9265  U_b=0.9425  AUC=1.0000  Top1=0.9976
  timing: data=24.9ms  fwd=151.1ms  bwd=119.4ms  total=296.1ms
[ 192200] loss=14.0445  ema_loss=13.9888  gap=0.7231  ema_gap=0.7158  mixup=63/200  3.1 sps  ETA 0.7h  cpc=0.0589
              R²_rand=0.6279  R²_naive=0.6675  U_t=0.9201  U_b=0.8536  AUC=1.0000  Top1=0.9976
  timing: data=7.5ms  fwd=153.5ms  bwd=117.3ms  total=278.9ms
[ 192400] loss=13.9687  ema_loss=13.9848  gap=0.7208  ema_gap=0.7165  mixup=58/200  3.1 sps  ETA 0.7h  cpc=0.0244
              R²_rand=0.6243  R²_naive=0.6648  U_t=0.9488  U_b=0.9366  AUC=1.0000  Top1=0.9981
  timing: data=8.7ms  fwd=153.1ms  bwd=121.3ms  total=283.8ms
[ 192600] loss=13.9633  ema_loss=13.9840  gap=0.7036  ema_gap=0.7171  mixup=64/200  3.1 sps  ETA 0.7h  cpc=0.0119
              R²_rand=0.6280  R²_naive=0.6576  U_t=0.9262  U_b=0.9517  AUC=1.0000  Top1=0.9973
  timing: data=46.2ms  fwd=153.5ms  bwd=121.3ms  total=321.8ms
[ 192800] loss=14.0415  ema_loss=13.9876  gap=0.7198  ema_gap=0.7149  mixup=59/200  3.1 sps  ETA 0.6h  cpc=0.0658
              R²_rand=0.6357  R²_naive=0.6636  U_t=0.9601  U_b=0.8539  AUC=1.0000  Top1=0.9970
  timing: data=7.6ms  fwd=154.6ms  bwd=118.9ms  total=281.8ms
[ 193000] loss=13.9444  ema_loss=13.9889  gap=0.7189  ema_gap=0.7163  mixup=61/200  3.1 sps  ETA 0.6h  cpc=0.0113
              R²_rand=0.6313  R²_naive=0.6650  U_t=0.9606  U_b=0.9471  AUC=1.0000  Top1=0.9970
  timing: data=8.8ms  fwd=155.7ms  bwd=119.9ms  total=285.1ms
[ 193200] loss=14.0116  ema_loss=13.9853  gap=0.7233  ema_gap=0.7196  mixup=68/200  3.1 sps  ETA 0.6h  cpc=0.0636
              R²_rand=0.6312  R²_naive=0.6700  U_t=0.9489  U_b=0.8536  AUC=1.0000  Top1=0.9973
  timing: data=23.6ms  fwd=149.5ms  bwd=118.7ms  total=292.6ms
[ 193400] loss=14.0124  ema_loss=13.9790  gap=0.7177  ema_gap=0.7216  mixup=57/200  3.1 sps  ETA 0.6h  cpc=0.0502
              R²_rand=0.6305  R²_naive=0.6663  U_t=0.9499  U_b=0.8417  AUC=1.0000  Top1=0.9973
  timing: data=8.8ms  fwd=152.9ms  bwd=119.6ms  total=282.0ms
[ 193600] loss=13.9509  ema_loss=13.9959  gap=0.7114  ema_gap=0.7245  mixup=51/200  3.1 sps  ETA 0.6h  cpc=0.0119
              R²_rand=0.6283  R²_naive=0.6642  U_t=0.9300  U_b=0.9461  AUC=1.0000  Top1=0.9965
  timing: data=9.8ms  fwd=153.1ms  bwd=119.4ms  total=283.0ms
[ 193800] loss=13.9763  ema_loss=13.9883  gap=0.7148  ema_gap=0.7267  mixup=57/200  3.1 sps  ETA 0.6h  cpc=0.0239
              R²_rand=0.6341  R²_naive=0.6652  U_t=0.9088  U_b=0.9424  AUC=0.9999  Top1=0.9845
  timing: data=23.5ms  fwd=154.5ms  bwd=119.3ms  total=298.0ms
[ 194000] loss=14.0136  ema_loss=13.9867  gap=0.7282  ema_gap=0.7258  mixup=62/200  3.1 sps  ETA 0.5h  cpc=0.0260
              R²_rand=0.6380  R²_naive=0.6687  U_t=0.9268  U_b=0.9454  AUC=1.0000  Top1=0.9967
  timing: data=7.6ms  fwd=154.2ms  bwd=117.3ms  total=279.8ms
[ 194200] loss=13.9556  ema_loss=13.9797  gap=0.7249  ema_gap=0.7247  mixup=61/200  3.1 sps  ETA 0.5h  cpc=0.0144
              R²_rand=0.6341  R²_naive=0.6644  U_t=0.9513  U_b=0.9521  AUC=1.0000  Top1=0.9965
  timing: data=7.8ms  fwd=156.0ms  bwd=118.8ms  total=283.3ms
[ 194400] loss=13.9579  ema_loss=13.9807  gap=0.7253  ema_gap=0.7241  mixup=43/200  3.1 sps  ETA 0.5h  cpc=0.0200
              R²_rand=0.6365  R²_naive=0.6703  U_t=0.9496  U_b=0.9420  AUC=1.0000  Top1=0.9957
  timing: data=23.8ms  fwd=151.4ms  bwd=119.3ms  total=295.2ms
[ 194600] loss=13.9876  ema_loss=13.9825  gap=0.7236  ema_gap=0.7221  mixup=73/200  3.1 sps  ETA 0.5h  cpc=0.0367
              R²_rand=0.6371  R²_naive=0.6681  U_t=0.9208  U_b=0.8932  AUC=1.0000  Top1=0.9986
  timing: data=8.5ms  fwd=154.5ms  bwd=118.5ms  total=282.1ms
[ 194800] loss=14.0793  ema_loss=13.9849  gap=0.7194  ema_gap=0.7192  mixup=66/200  3.1 sps  ETA 0.5h  cpc=0.0924
              R²_rand=0.6314  R²_naive=0.6655  U_t=0.9475  U_b=0.8158  AUC=1.0000  Top1=0.9965
  timing: data=8.7ms  fwd=153.1ms  bwd=119.0ms  total=281.6ms
[ 195000] loss=14.0083  ema_loss=13.9926  gap=0.7451  ema_gap=0.7219  mixup=63/200  3.1 sps  ETA 0.4h  cpc=0.0338
              R²_rand=0.6393  R²_naive=0.6741  U_t=0.9103  U_b=0.9217  AUC=1.0000  Top1=0.9976
  timing: data=21.8ms  fwd=155.2ms  bwd=120.1ms  total=297.8ms
[ 195200] loss=13.9546  ema_loss=13.9935  gap=0.7215  ema_gap=0.7235  mixup=53/200  3.1 sps  ETA 0.4h  cpc=0.0131
              R²_rand=0.6425  R²_naive=0.6689  U_t=0.9485  U_b=0.9410  AUC=1.0000  Top1=0.9973
  timing: data=8.7ms  fwd=152.8ms  bwd=119.5ms  total=281.6ms
[ 195400] loss=14.0565  ema_loss=13.9858  gap=0.7145  ema_gap=0.7217  mixup=70/200  3.1 sps  ETA 0.4h  cpc=0.0751
              R²_rand=0.6333  R²_naive=0.6661  U_t=0.9581  U_b=0.8411  AUC=1.0000  Top1=0.9976
  timing: data=10.5ms  fwd=153.4ms  bwd=119.1ms  total=283.7ms
[ 195600] loss=13.9660  ema_loss=13.9798  gap=0.7029  ema_gap=0.7198  mixup=51/200  3.1 sps  ETA 0.4h  cpc=0.0203
              R²_rand=0.6316  R²_naive=0.6589  U_t=0.9082  U_b=0.9443  AUC=0.9998  Top1=0.9889
  timing: data=48.2ms  fwd=155.4ms  bwd=118.2ms  total=322.6ms
[ 195800] loss=14.0038  ema_loss=13.9763  gap=0.7102  ema_gap=0.7207  mixup=61/200  3.1 sps  ETA 0.4h  cpc=0.0444
              R²_rand=0.6328  R²_naive=0.6629  U_t=0.9291  U_b=0.8872  AUC=1.0000  Top1=0.9978
  timing: data=7.8ms  fwd=154.3ms  bwd=118.6ms  total=281.4ms
[ 196000] loss=13.9417  ema_loss=13.9832  gap=0.7168  ema_gap=0.7207  mixup=61/200  3.1 sps  ETA 0.4h  cpc=0.0085
              R²_rand=0.6216  R²_naive=0.6635  U_t=0.9575  U_b=0.9461  AUC=1.0000  Top1=0.9976
  timing: data=8.8ms  fwd=156.3ms  bwd=119.8ms  total=285.6ms
[ 196200] loss=13.9980  ema_loss=13.9752  gap=0.7103  ema_gap=0.7166  mixup=74/200  3.1 sps  ETA 0.3h  cpc=0.0360
              R²_rand=0.6227  R²_naive=0.6607  U_t=0.9571  U_b=0.8795  AUC=1.0000  Top1=0.9978
  timing: data=7.9ms  fwd=156.5ms  bwd=120.3ms  total=285.3ms
[ 196400] loss=13.9605  ema_loss=13.9773  gap=0.6933  ema_gap=0.7124  mixup=66/200  3.1 sps  ETA 0.3h  cpc=0.0180
              R²_rand=0.6310  R²_naive=0.6556  U_t=0.9103  U_b=0.9484  AUC=0.9998  Top1=0.9908
  timing: data=25.4ms  fwd=143.9ms  bwd=107.2ms  total=277.2ms
[ 196600] loss=13.9454  ema_loss=13.9684  gap=0.7135  ema_gap=0.7115  mixup=68/200  3.1 sps  ETA 0.3h  cpc=0.0184
              R²_rand=0.6271  R²_naive=0.6659  U_t=0.9652  U_b=0.9338  AUC=1.0000  Top1=0.9973
  timing: data=6.3ms  fwd=140.3ms  bwd=103.6ms  total=250.9ms
[ 196800] loss=13.9520  ema_loss=13.9653  gap=0.7144  ema_gap=0.7107  mixup=55/200  3.1 sps  ETA 0.3h  cpc=0.0209
              R²_rand=0.6326  R²_naive=0.6646  U_t=0.9375  U_b=0.9330  AUC=1.0000  Top1=0.9989
  timing: data=6.4ms  fwd=140.2ms  bwd=101.7ms  total=249.0ms
[ 197000] loss=13.9582  ema_loss=13.9671  gap=0.6865  ema_gap=0.7093  mixup=56/200  3.1 sps  ETA 0.3h  cpc=0.0173
              R²_rand=0.6244  R²_naive=0.6531  U_t=0.9110  U_b=0.9384  AUC=0.9999  Top1=0.9905
  timing: data=73.2ms  fwd=138.8ms  bwd=102.4ms  total=315.1ms
[ 197200] loss=13.9965  ema_loss=13.9668  gap=0.7132  ema_gap=0.7082  mixup=52/200  3.1 sps  ETA 0.3h  cpc=0.0500
              R²_rand=0.6356  R²_naive=0.6629  U_t=0.9605  U_b=0.8589  AUC=1.0000  Top1=0.9978
  timing: data=6.3ms  fwd=140.4ms  bwd=104.0ms  total=251.5ms
[ 197400] loss=13.9512  ema_loss=13.9708  gap=0.7074  ema_gap=0.7055  mixup=61/200  3.1 sps  ETA 0.2h  cpc=0.0121
              R²_rand=0.6297  R²_naive=0.6614  U_t=0.9307  U_b=0.9499  AUC=1.0000  Top1=0.9970
  timing: data=6.1ms  fwd=141.3ms  bwd=104.7ms  total=252.9ms
[ 197600] loss=13.9718  ema_loss=13.9676  gap=0.6872  ema_gap=0.7035  mixup=64/200  3.1 sps  ETA 0.2h  cpc=0.0223
              R²_rand=0.6152  R²_naive=0.6486  U_t=0.8925  U_b=0.9451  AUC=0.9996  Top1=0.9875
  timing: data=21.5ms  fwd=141.9ms  bwd=105.5ms  total=269.6ms
[ 197800] loss=13.9365  ema_loss=13.9700  gap=0.7090  ema_gap=0.7058  mixup=59/200  3.1 sps  ETA 0.2h  cpc=0.0099
              R²_rand=0.6252  R²_naive=0.6625  U_t=0.9545  U_b=0.9506  AUC=1.0000  Top1=0.9992
  timing: data=6.2ms  fwd=140.9ms  bwd=104.6ms  total=252.4ms
[ 198000] loss=13.9629  ema_loss=13.9719  gap=0.7099  ema_gap=0.7076  mixup=49/200  3.1 sps  ETA 0.2h  cpc=0.0115
              R²_rand=0.6249  R²_naive=0.6623  U_t=0.9160  U_b=0.9554  AUC=1.0000  Top1=0.9970
  timing: data=6.3ms  fwd=141.6ms  bwd=102.3ms  total=250.9ms
[ 198200] loss=13.9311  ema_loss=13.9712  gap=0.7096  ema_gap=0.7081  mixup=60/200  3.1 sps  ETA 0.2h  cpc=0.0068
              R²_rand=0.6273  R²_naive=0.6638  U_t=0.9474  U_b=0.9554  AUC=1.0000  Top1=0.9967
  timing: data=27.5ms  fwd=140.9ms  bwd=103.3ms  total=272.4ms
[ 198400] loss=13.9697  ema_loss=13.9746  gap=0.7087  ema_gap=0.7041  mixup=74/200  3.1 sps  ETA 0.1h  cpc=0.0089
              R²_rand=0.6288  R²_naive=0.6612  U_t=0.9017  U_b=0.9500  AUC=1.0000  Top1=0.9954
  timing: data=6.1ms  fwd=142.6ms  bwd=104.5ms  total=254.0ms
[ 198600] loss=13.9643  ema_loss=13.9753  gap=0.7085  ema_gap=0.7018  mixup=69/200  3.1 sps  ETA 0.1h  cpc=0.0132
              R²_rand=0.6130  R²_naive=0.6584  U_t=0.9368  U_b=0.9253  AUC=1.0000  Top1=0.9959
  timing: data=6.0ms  fwd=141.7ms  bwd=104.1ms  total=252.6ms
[ 198800] loss=13.9432  ema_loss=13.9679  gap=0.7116  ema_gap=0.7018  mixup=59/200  3.1 sps  ETA 0.1h  cpc=0.0101
              R²_rand=0.6297  R²_naive=0.6639  U_t=0.9484  U_b=0.9396  AUC=1.0000  Top1=0.9951
  timing: data=70.5ms  fwd=140.8ms  bwd=103.8ms  total=316.0ms
[ 199000] loss=13.9861  ema_loss=13.9670  gap=0.7034  ema_gap=0.7019  mixup=47/200  3.1 sps  ETA 0.1h  cpc=0.0164
              R²_rand=0.6219  R²_naive=0.6561  U_t=0.9131  U_b=0.9347  AUC=1.0000  Top1=0.9943
  timing: data=6.1ms  fwd=140.5ms  bwd=106.0ms  total=253.3ms
[ 199200] loss=13.9599  ema_loss=13.9680  gap=0.6921  ema_gap=0.7029  mixup=62/200  3.1 sps  ETA 0.1h  cpc=0.0189
              R²_rand=0.6087  R²_naive=0.6558  U_t=0.9212  U_b=0.9442  AUC=0.9996  Top1=0.9818
  timing: data=6.4ms  fwd=140.2ms  bwd=101.6ms  total=248.8ms
[ 199400] loss=13.9657  ema_loss=13.9709  gap=0.7002  ema_gap=0.7055  mixup=54/200  3.1 sps  ETA 0.1h  cpc=0.0160
              R²_rand=0.6142  R²_naive=0.6555  U_t=0.9382  U_b=0.9469  AUC=1.0000  Top1=0.9959
  timing: data=13.2ms  fwd=136.0ms  bwd=101.4ms  total=251.2ms
[ 199600] loss=13.9586  ema_loss=13.9624  gap=0.7218  ema_gap=0.7065  mixup=56/200  3.1 sps  ETA 0.0h  cpc=0.0200
              R²_rand=0.6365  R²_naive=0.6673  U_t=0.9316  U_b=0.9379  AUC=1.0000  Top1=0.9962
  timing: data=20.2ms  fwd=138.8ms  bwd=100.9ms  total=260.6ms
[ 199800] loss=13.9262  ema_loss=13.9599  gap=0.7084  ema_gap=0.7055  mixup=58/200  3.1 sps  ETA 0.0h  cpc=0.0106
              R²_rand=0.6245  R²_naive=0.6647  U_t=0.9301  U_b=0.9550  AUC=1.0000  Top1=0.9970
  timing: data=6.6ms  fwd=140.7ms  bwd=102.6ms  total=250.5ms
[ 200000] loss=14.0678  ema_loss=13.9651  gap=0.7059  ema_gap=0.7042  mixup=69/200  3.1 sps  ETA 0.0h  cpc=0.0730
              R²_rand=0.6274  R²_naive=0.6603  U_t=0.9266  U_b=0.8475  AUC=1.0000  Top1=0.9948
  timing: data=6.4ms  fwd=138.7ms  bwd=102.4ms  total=248.2ms
  -> Saved /home/jupyter/wt-cf-390-train/experiments/2026-08-01_lalign_teacher/runs/bb_small_arm5_nse_lalign_lrep_enc3l3_b64_200k_sigreg_ema_qk_aon_cpc_tau090_alignteacher_r3_200k.pth
  -> Saved /home/jupyter/wt-cf-390-train/experiments/2026-08-01_lalign_teacher/runs/bb_small_arm5_nse_lalign_lrep_enc3l3_b64_200k_sigreg_ema_qk_aon_cpc_tau090_alignteacher_r3_final.pth

Done in 8.9h. Best gap=0.7294 at step 185600, Best loss=13.9437 at step 101800
