Device: cuda | Params: 720,668
Training for 40000 steps, bs=64, lr=0.001, T=4096, C=1, mix_ratio=0.0078125, freq_emb_dim=3, seasonality_emb_dim=3, mixup_p=0.3, rev_norm_kind=ewma(span=128), patch_stats=none, encoder_type=gru
Checkpoints: /home/jupyter/wt-cf-390-train/experiments/2026-08-01_lalign_teacher/runs/bb_small_arm6_v2_ncpc_lalign_lrepmoco_enc3l3_b64_200k_sigreg_ema_qk_aon_cpc_tau090_alignteacher_*.pth
Loss CSV: /home/jupyter/wt-cf-390-train/experiments/2026-08-01_lalign_teacher/runs/bb_small_arm6_v2_ncpc_lalign_lrepmoco_enc3l3_b64_200k_sigreg_ema_qk_aon_cpc_tau090_alignteacher_losses.csv
Latent-drift CSV: /home/jupyter/wt-cf-390-train/experiments/2026-08-01_lalign_teacher/runs/bb_small_arm6_v2_ncpc_lalign_lrepmoco_enc3l3_b64_200k_sigreg_ema_qk_aon_cpc_tau090_alignteacher_latent_drift.csv (every 10000 steps, probe_bs=64, probe_seed=20260722)
Attn-amplitude CSV: /home/jupyter/wt-cf-390-train/experiments/2026-08-01_lalign_teacher/runs/bb_small_arm6_v2_ncpc_lalign_lrepmoco_enc3l3_b64_200k_sigreg_ema_qk_aon_cpc_tau090_alignteacher_attn_amplitude.csv (every 200 steps)
Data: MIX 99% HF + 1% synth (forked-arma) + 0% crossfade + 1 triplet(s)=3 rows, hf_bs=64, synth_bs=0, cross_bs=0, total_bs=67
[    200] loss=7.0400  ema_loss=7.8429  gap=0.1087  ema_gap=-0.0069  mixup=61/200  3.0 sps  ETA 3.7h
              R²_rand=0.6343  R²_naive=0.4532  U_t=0.1540  U_b=0.3644  AUC=0.9944  Top1=0.7471
  timing: data=96.1ms  fwd=136.7ms  bwd=75.6ms  total=309.2ms
  -> Saved /home/jupyter/wt-cf-390-train/experiments/2026-08-01_lalign_teacher/runs/bb_small_arm6_v2_ncpc_lalign_lrepmoco_enc3l3_b64_200k_sigreg_ema_qk_aon_cpc_tau090_alignteacher_best_gap.pth
  -> Saved /home/jupyter/wt-cf-390-train/experiments/2026-08-01_lalign_teacher/runs/bb_small_arm6_v2_ncpc_lalign_lrepmoco_enc3l3_b64_200k_sigreg_ema_qk_aon_cpc_tau090_alignteacher_best_loss.pth
[    400] loss=6.2002  ema_loss=6.7245  gap=0.2572  ema_gap=0.1869  mixup=58/200  3.4 sps  ETA 3.2h
              R²_rand=0.6819  R²_naive=0.5545  U_t=0.2100  U_b=0.3493  AUC=0.9990  Top1=0.8936
  timing: data=7.4ms  fwd=138.9ms  bwd=72.8ms  total=219.8ms
  -> Saved /home/jupyter/wt-cf-390-train/experiments/2026-08-01_lalign_teacher/runs/bb_small_arm6_v2_ncpc_lalign_lrepmoco_enc3l3_b64_200k_sigreg_ema_qk_aon_cpc_tau090_alignteacher_best_gap.pth
  -> Saved /home/jupyter/wt-cf-390-train/experiments/2026-08-01_lalign_teacher/runs/bb_small_arm6_v2_ncpc_lalign_lrepmoco_enc3l3_b64_200k_sigreg_ema_qk_aon_cpc_tau090_alignteacher_best_loss.pth
[    600] loss=5.9288  ema_loss=6.2577  gap=0.3019  ema_gap=0.2584  mixup=65/200  3.6 sps  ETA 3.0h
              R²_rand=0.6993  R²_naive=0.5959  U_t=0.2267  U_b=0.3527  AUC=0.9993  Top1=0.9115
  timing: data=7.2ms  fwd=136.3ms  bwd=73.0ms  total=217.3ms
  -> Saved /home/jupyter/wt-cf-390-train/experiments/2026-08-01_lalign_teacher/runs/bb_small_arm6_v2_ncpc_lalign_lrepmoco_enc3l3_b64_200k_sigreg_ema_qk_aon_cpc_tau090_alignteacher_best_gap.pth
  -> Saved /home/jupyter/wt-cf-390-train/experiments/2026-08-01_lalign_teacher/runs/bb_small_arm6_v2_ncpc_lalign_lrepmoco_enc3l3_b64_200k_sigreg_ema_qk_aon_cpc_tau090_alignteacher_best_loss.pth
[    800] loss=6.1091  ema_loss=6.0734  gap=0.2841  ema_gap=0.2880  mixup=65/200  3.7 sps  ETA 3.0h
              R²_rand=0.6648  R²_naive=0.5453  U_t=0.2119  U_b=0.3826  AUC=0.9976  Top1=0.8578
  timing: data=28.8ms  fwd=136.5ms  bwd=74.4ms  total=240.6ms
  -> Saved /home/jupyter/wt-cf-390-train/experiments/2026-08-01_lalign_teacher/runs/bb_small_arm6_v2_ncpc_lalign_lrepmoco_enc3l3_b64_200k_sigreg_ema_qk_aon_cpc_tau090_alignteacher_best_gap.pth
  -> Saved /home/jupyter/wt-cf-390-train/experiments/2026-08-01_lalign_teacher/runs/bb_small_arm6_v2_ncpc_lalign_lrepmoco_enc3l3_b64_200k_sigreg_ema_qk_aon_cpc_tau090_alignteacher_best_loss.pth
[   1000] loss=6.1541  ema_loss=5.9767  gap=0.2993  ema_gap=0.3083  mixup=61/200  3.7 sps  ETA 2.9h
              R²_rand=0.6963  R²_naive=0.5681  U_t=0.2145  U_b=0.3619  AUC=0.9981  Top1=0.8556
  timing: data=7.3ms  fwd=138.3ms  bwd=73.7ms  total=220.1ms
  -> Saved /home/jupyter/wt-cf-390-train/experiments/2026-08-01_lalign_teacher/runs/bb_small_arm6_v2_ncpc_lalign_lrepmoco_enc3l3_b64_200k_sigreg_ema_qk_aon_cpc_tau090_alignteacher_best_gap.pth
  -> Saved /home/jupyter/wt-cf-390-train/experiments/2026-08-01_lalign_teacher/runs/bb_small_arm6_v2_ncpc_lalign_lrepmoco_enc3l3_b64_200k_sigreg_ema_qk_aon_cpc_tau090_alignteacher_best_loss.pth
[   1200] loss=5.7356  ema_loss=5.9499  gap=0.3381  ema_gap=0.3189  mixup=59/200  3.8 sps  ETA 2.9h
              R²_rand=0.6557  R²_naive=0.5679  U_t=0.2494  U_b=0.3712  AUC=0.9987  Top1=0.8643
  timing: data=7.0ms  fwd=139.5ms  bwd=72.6ms  total=219.9ms
  -> Saved /home/jupyter/wt-cf-390-train/experiments/2026-08-01_lalign_teacher/runs/bb_small_arm6_v2_ncpc_lalign_lrepmoco_enc3l3_b64_200k_sigreg_ema_qk_aon_cpc_tau090_alignteacher_best_gap.pth
  -> Saved /home/jupyter/wt-cf-390-train/experiments/2026-08-01_lalign_teacher/runs/bb_small_arm6_v2_ncpc_lalign_lrepmoco_enc3l3_b64_200k_sigreg_ema_qk_aon_cpc_tau090_alignteacher_best_loss.pth
[   1400] loss=6.0136  ema_loss=5.8777  gap=0.2929  ema_gap=0.3260  mixup=77/200  3.8 sps  ETA 2.8h
              R²_rand=0.6731  R²_naive=0.5431  U_t=0.2070  U_b=0.4080  AUC=0.9954  Top1=0.7976
  timing: data=27.1ms  fwd=134.7ms  bwd=72.1ms  total=234.6ms
  -> Saved /home/jupyter/wt-cf-390-train/experiments/2026-08-01_lalign_teacher/runs/bb_small_arm6_v2_ncpc_lalign_lrepmoco_enc3l3_b64_200k_sigreg_ema_qk_aon_cpc_tau090_alignteacher_best_gap.pth
  -> Saved /home/jupyter/wt-cf-390-train/experiments/2026-08-01_lalign_teacher/runs/bb_small_arm6_v2_ncpc_lalign_lrepmoco_enc3l3_b64_200k_sigreg_ema_qk_aon_cpc_tau090_alignteacher_best_loss.pth
[   1600] loss=5.5157  ema_loss=5.8087  gap=0.3225  ema_gap=0.3289  mixup=65/200  3.8 sps  ETA 2.8h
              R²_rand=0.6831  R²_naive=0.5812  U_t=0.2318  U_b=0.4107  AUC=0.9987  Top1=0.8877
  timing: data=7.3ms  fwd=139.5ms  bwd=74.0ms  total=221.7ms
  -> Saved /home/jupyter/wt-cf-390-train/experiments/2026-08-01_lalign_teacher/runs/bb_small_arm6_v2_ncpc_lalign_lrepmoco_enc3l3_b64_200k_sigreg_ema_qk_aon_cpc_tau090_alignteacher_best_gap.pth
  -> Saved /home/jupyter/wt-cf-390-train/experiments/2026-08-01_lalign_teacher/runs/bb_small_arm6_v2_ncpc_lalign_lrepmoco_enc3l3_b64_200k_sigreg_ema_qk_aon_cpc_tau090_alignteacher_best_loss.pth
[   1800] loss=5.6088  ema_loss=5.7388  gap=0.3397  ema_gap=0.3306  mixup=64/200  3.8 sps  ETA 2.8h
              R²_rand=0.6840  R²_naive=0.5897  U_t=0.2120  U_b=0.4101  AUC=0.9980  Top1=0.8735
  timing: data=7.1ms  fwd=136.8ms  bwd=73.7ms  total=218.5ms
  -> Saved /home/jupyter/wt-cf-390-train/experiments/2026-08-01_lalign_teacher/runs/bb_small_arm6_v2_ncpc_lalign_lrepmoco_enc3l3_b64_200k_sigreg_ema_qk_aon_cpc_tau090_alignteacher_best_gap.pth
  -> Saved /home/jupyter/wt-cf-390-train/experiments/2026-08-01_lalign_teacher/runs/bb_small_arm6_v2_ncpc_lalign_lrepmoco_enc3l3_b64_200k_sigreg_ema_qk_aon_cpc_tau090_alignteacher_best_loss.pth
[   2000] loss=5.4493  ema_loss=5.7414  gap=0.3344  ema_gap=0.3333  mixup=66/200  3.7 sps  ETA 2.8h
              R²_rand=0.6919  R²_naive=0.5851  U_t=0.2555  U_b=0.3996  AUC=0.9988  Top1=0.8741
  timing: data=90.0ms  fwd=135.0ms  bwd=72.6ms  total=298.4ms
  -> Saved /home/jupyter/wt-cf-390-train/experiments/2026-08-01_lalign_teacher/runs/bb_small_arm6_v2_ncpc_lalign_lrepmoco_enc3l3_b64_200k_sigreg_ema_qk_aon_cpc_tau090_alignteacher_best_gap.pth
[   2200] loss=5.6981  ema_loss=5.6515  gap=0.3497  ema_gap=0.3347  mixup=67/200  3.8 sps  ETA 2.8h
              R²_rand=0.7037  R²_naive=0.6163  U_t=0.2303  U_b=0.3436  AUC=0.9991  Top1=0.9224
  timing: data=7.1ms  fwd=136.9ms  bwd=73.1ms  total=217.9ms
  -> Saved /home/jupyter/wt-cf-390-train/experiments/2026-08-01_lalign_teacher/runs/bb_small_arm6_v2_ncpc_lalign_lrepmoco_enc3l3_b64_200k_sigreg_ema_qk_aon_cpc_tau090_alignteacher_best_gap.pth
  -> Saved /home/jupyter/wt-cf-390-train/experiments/2026-08-01_lalign_teacher/runs/bb_small_arm6_v2_ncpc_lalign_lrepmoco_enc3l3_b64_200k_sigreg_ema_qk_aon_cpc_tau090_alignteacher_best_loss.pth
[   2400] loss=5.4313  ema_loss=5.6976  gap=0.3696  ema_gap=0.3262  mixup=53/200  3.8 sps  ETA 2.8h
              R²_rand=0.6784  R²_naive=0.6067  U_t=0.2504  U_b=0.4162  AUC=0.9992  Top1=0.9026
  timing: data=7.1ms  fwd=138.9ms  bwd=72.9ms  total=219.7ms
  -> Saved /home/jupyter/wt-cf-390-train/experiments/2026-08-01_lalign_teacher/runs/bb_small_arm6_v2_ncpc_lalign_lrepmoco_enc3l3_b64_200k_sigreg_ema_qk_aon_cpc_tau090_alignteacher_2k.pth
[   2600] loss=5.7695  ema_loss=5.6762  gap=0.3188  ema_gap=0.3253  mixup=55/200  3.8 sps  ETA 2.7h
              R²_rand=0.6374  R²_naive=0.5470  U_t=0.2494  U_b=0.4186  AUC=0.9968  Top1=0.8450
  timing: data=27.3ms  fwd=134.8ms  bwd=73.5ms  total=236.3ms
[   2800] loss=5.5009  ema_loss=5.6160  gap=0.3141  ema_gap=0.3223  mixup=55/200  3.8 sps  ETA 2.7h
              R²_rand=0.6691  R²_naive=0.5746  U_t=0.2675  U_b=0.4076  AUC=0.9989  Top1=0.8879
  timing: data=7.3ms  fwd=139.0ms  bwd=72.4ms  total=219.4ms
  -> Saved /home/jupyter/wt-cf-390-train/experiments/2026-08-01_lalign_teacher/runs/bb_small_arm6_v2_ncpc_lalign_lrepmoco_enc3l3_b64_200k_sigreg_ema_qk_aon_cpc_tau090_alignteacher_best_loss.pth
[   3000] loss=6.1587  ema_loss=5.6223  gap=0.2807  ema_gap=0.3150  mixup=52/200  3.8 sps  ETA 2.7h
              R²_rand=0.6431  R²_naive=0.5256  U_t=0.2526  U_b=0.4141  AUC=0.9943  Top1=0.8060
  timing: data=7.2ms  fwd=138.1ms  bwd=73.5ms  total=219.6ms
[   3200] loss=5.9176  ema_loss=5.6265  gap=0.3537  ema_gap=0.3187  mixup=68/200  3.8 sps  ETA 2.7h
              R²_rand=0.6568  R²_naive=0.5630  U_t=0.2436  U_b=0.3725  AUC=0.9990  Top1=0.9015
  timing: data=22.1ms  fwd=137.6ms  bwd=73.8ms  total=234.3ms
[   3400] loss=5.5452  ema_loss=5.5730  gap=0.3334  ema_gap=0.3146  mixup=53/200  3.8 sps  ETA 2.6h
              R²_rand=0.6501  R²_naive=0.5676  U_t=0.2523  U_b=0.4437  AUC=0.9986  Top1=0.9172
  timing: data=7.3ms  fwd=135.3ms  bwd=72.0ms  total=215.4ms
  -> Saved /home/jupyter/wt-cf-390-train/experiments/2026-08-01_lalign_teacher/runs/bb_small_arm6_v2_ncpc_lalign_lrepmoco_enc3l3_b64_200k_sigreg_ema_qk_aon_cpc_tau090_alignteacher_best_loss.pth
[   3600] loss=5.6065  ema_loss=5.4995  gap=0.2851  ema_gap=0.3155  mixup=44/200  3.8 sps  ETA 2.6h
              R²_rand=0.6058  R²_naive=0.5161  U_t=0.2902  U_b=0.3794  AUC=0.9986  Top1=0.8735
  timing: data=7.1ms  fwd=140.4ms  bwd=73.5ms  total=221.7ms
  -> Saved /home/jupyter/wt-cf-390-train/experiments/2026-08-01_lalign_teacher/runs/bb_small_arm6_v2_ncpc_lalign_lrepmoco_enc3l3_b64_200k_sigreg_ema_qk_aon_cpc_tau090_alignteacher_best_loss.pth
[   3800] loss=5.3846  ema_loss=5.5089  gap=0.3188  ema_gap=0.3141  mixup=55/200  3.8 sps  ETA 2.6h
              R²_rand=0.6341  R²_naive=0.5443  U_t=0.2663  U_b=0.4648  AUC=0.9987  Top1=0.8909
  timing: data=22.2ms  fwd=136.0ms  bwd=72.7ms  total=231.6ms
[   4000] loss=5.2925  ema_loss=5.5047  gap=0.3161  ema_gap=0.3151  mixup=65/200  3.9 sps  ETA 2.6h
              R²_rand=0.6423  R²_naive=0.5522  U_t=0.2886  U_b=0.4397  AUC=0.9996  Top1=0.9303
  timing: data=7.2ms  fwd=137.7ms  bwd=72.5ms  total=218.1ms
[   4200] loss=5.4302  ema_loss=5.5566  gap=0.3392  ema_gap=0.3049  mixup=57/200  3.9 sps  ETA 2.6h
              R²_rand=0.6381  R²_naive=0.5684  U_t=0.2939  U_b=0.4479  AUC=0.9995  Top1=0.9324
  timing: data=7.2ms  fwd=138.9ms  bwd=74.7ms  total=221.6ms
[   4400] loss=5.4167  ema_loss=5.4786  gap=0.2858  ema_gap=0.3072  mixup=62/200  3.9 sps  ETA 2.6h
              R²_rand=0.6172  R²_naive=0.5284  U_t=0.2901  U_b=0.4406  AUC=0.9992  Top1=0.9140
  timing: data=32.0ms  fwd=135.2ms  bwd=73.5ms  total=241.6ms
  -> Saved /home/jupyter/wt-cf-390-train/experiments/2026-08-01_lalign_teacher/runs/bb_small_arm6_v2_ncpc_lalign_lrepmoco_enc3l3_b64_200k_sigreg_ema_qk_aon_cpc_tau090_alignteacher_best_loss.pth
[   4600] loss=5.4660  ema_loss=5.5536  gap=0.2840  ema_gap=0.3065  mixup=66/200  3.9 sps  ETA 2.5h
              R²_rand=0.6046  R²_naive=0.5145  U_t=0.2871  U_b=0.4270  AUC=0.9991  Top1=0.9083
  timing: data=7.2ms  fwd=139.8ms  bwd=73.2ms  total=220.9ms
[   4800] loss=5.2982  ema_loss=5.4840  gap=0.2822  ema_gap=0.3063  mixup=63/200  3.9 sps  ETA 2.5h
              R²_rand=0.6040  R²_naive=0.5107  U_t=0.2850  U_b=0.4702  AUC=0.9989  Top1=0.8985
  timing: data=7.3ms  fwd=137.4ms  bwd=72.4ms  total=217.8ms
[   5000] loss=5.5482  ema_loss=5.4355  gap=0.3051  ema_gap=0.3093  mixup=60/200  3.9 sps  ETA 2.5h
              R²_rand=0.6057  R²_naive=0.5207  U_t=0.2890  U_b=0.4096  AUC=0.9990  Top1=0.9159
  timing: data=26.3ms  fwd=138.7ms  bwd=73.5ms  total=239.2ms
  -> Saved /home/jupyter/wt-cf-390-train/experiments/2026-08-01_lalign_teacher/runs/bb_small_arm6_v2_ncpc_lalign_lrepmoco_enc3l3_b64_200k_sigreg_ema_qk_aon_cpc_tau090_alignteacher_best_loss.pth
[   5200] loss=5.4742  ema_loss=5.4191  gap=0.2916  ema_gap=0.3011  mixup=69/200  3.9 sps  ETA 2.5h
              R²_rand=0.6093  R²_naive=0.5243  U_t=0.3044  U_b=0.4585  AUC=0.9990  Top1=0.8906
  timing: data=7.3ms  fwd=137.4ms  bwd=72.1ms  total=217.6ms
  -> Saved /home/jupyter/wt-cf-390-train/experiments/2026-08-01_lalign_teacher/runs/bb_small_arm6_v2_ncpc_lalign_lrepmoco_enc3l3_b64_200k_sigreg_ema_qk_aon_cpc_tau090_alignteacher_best_loss.pth
[   5400] loss=5.3536  ema_loss=5.4649  gap=0.3181  ema_gap=0.2962  mixup=55/200  3.9 sps  ETA 2.5h
              R²_rand=0.5858  R²_naive=0.5239  U_t=0.3280  U_b=0.4614  AUC=0.9995  Top1=0.9191
  timing: data=7.1ms  fwd=140.3ms  bwd=74.3ms  total=222.4ms
[   5600] loss=5.6600  ema_loss=5.3808  gap=0.2802  ema_gap=0.3032  mixup=50/200  3.9 sps  ETA 2.5h
              R²_rand=0.6024  R²_naive=0.4978  U_t=0.2798  U_b=0.4700  AUC=0.9988  Top1=0.8860
  timing: data=7.3ms  fwd=137.6ms  bwd=73.3ms  total=218.9ms
  -> Saved /home/jupyter/wt-cf-390-train/experiments/2026-08-01_lalign_teacher/runs/bb_small_arm6_v2_ncpc_lalign_lrepmoco_enc3l3_b64_200k_sigreg_ema_qk_aon_cpc_tau090_alignteacher_best_loss.pth
[   5800] loss=5.3936  ema_loss=5.3644  gap=0.2973  ema_gap=0.3069  mixup=64/200  3.9 sps  ETA 2.4h
              R²_rand=0.5761  R²_naive=0.4981  U_t=0.3252  U_b=0.4812  AUC=0.9990  Top1=0.9031
  timing: data=24.1ms  fwd=136.2ms  bwd=74.2ms  total=235.3ms
  -> Saved /home/jupyter/wt-cf-390-train/experiments/2026-08-01_lalign_teacher/runs/bb_small_arm6_v2_ncpc_lalign_lrepmoco_enc3l3_b64_200k_sigreg_ema_qk_aon_cpc_tau090_alignteacher_best_loss.pth
[   6000] loss=5.1957  ema_loss=5.3037  gap=0.3161  ema_gap=0.3044  mixup=64/200  3.9 sps  ETA 2.4h
              R²_rand=0.5749  R²_naive=0.5101  U_t=0.3232  U_b=0.4795  AUC=0.9992  Top1=0.9034
  timing: data=7.3ms  fwd=138.3ms  bwd=73.3ms  total=219.7ms
  -> Saved /home/jupyter/wt-cf-390-train/experiments/2026-08-01_lalign_teacher/runs/bb_small_arm6_v2_ncpc_lalign_lrepmoco_enc3l3_b64_200k_sigreg_ema_qk_aon_cpc_tau090_alignteacher_best_loss.pth
[   6200] loss=5.2653  ema_loss=5.3216  gap=0.3056  ema_gap=0.3015  mixup=51/200  3.9 sps  ETA 2.4h
              R²_rand=0.5606  R²_naive=0.5047  U_t=0.3178  U_b=0.4990  AUC=0.9992  Top1=0.8950
  timing: data=7.2ms  fwd=139.2ms  bwd=72.6ms  total=219.8ms
[   6400] loss=6.8632  ema_loss=5.4008  gap=0.2797  ema_gap=0.2972  mixup=58/200  3.9 sps  ETA 2.4h
              R²_rand=0.5567  R²_naive=0.4569  U_t=0.2625  U_b=0.4099  AUC=0.9922  Top1=0.7810
  timing: data=28.4ms  fwd=136.7ms  bwd=72.9ms  total=238.8ms
[   6600] loss=5.3613  ema_loss=5.3774  gap=0.2957  ema_gap=0.2897  mixup=57/200  3.9 sps  ETA 2.4h
              R²_rand=0.5836  R²_naive=0.5093  U_t=0.3469  U_b=0.4310  AUC=0.9992  Top1=0.9170
  timing: data=7.2ms  fwd=141.4ms  bwd=72.7ms  total=222.0ms
[   6800] loss=5.3955  ema_loss=5.3392  gap=0.2768  ema_gap=0.2894  mixup=61/200  3.9 sps  ETA 2.4h
              R²_rand=0.5576  R²_naive=0.4720  U_t=0.3312  U_b=0.4970  AUC=0.9984  Top1=0.8643
  timing: data=7.4ms  fwd=137.4ms  bwd=73.3ms  total=218.7ms
[   7000] loss=5.6592  ema_loss=5.3079  gap=0.2834  ema_gap=0.2905  mixup=41/200  3.9 sps  ETA 2.4h
              R²_rand=0.5458  R²_naive=0.4663  U_t=0.3373  U_b=0.5106  AUC=0.9985  Top1=0.8803
  timing: data=25.1ms  fwd=138.1ms  bwd=73.8ms  total=237.8ms
[   7200] loss=5.1837  ema_loss=5.3638  gap=0.3005  ema_gap=0.2912  mixup=66/200  3.9 sps  ETA 2.3h
              R²_rand=0.5431  R²_naive=0.4837  U_t=0.3483  U_b=0.5248  AUC=0.9991  Top1=0.8898
  timing: data=7.2ms  fwd=136.9ms  bwd=74.0ms  total=218.8ms
[   7400] loss=5.1900  ema_loss=5.3378  gap=0.2869  ema_gap=0.2936  mixup=65/200  3.9 sps  ETA 2.3h
              R²_rand=0.5654  R²_naive=0.4909  U_t=0.3495  U_b=0.5072  AUC=0.9992  Top1=0.9026
  timing: data=7.1ms  fwd=138.5ms  bwd=74.2ms  total=220.7ms
[   7600] loss=5.1128  ema_loss=5.3111  gap=0.3046  ema_gap=0.2974  mixup=63/200  3.9 sps  ETA 2.3h
              R²_rand=0.5419  R²_naive=0.4891  U_t=0.3641  U_b=0.5274  AUC=0.9994  Top1=0.9161
  timing: data=26.9ms  fwd=136.7ms  bwd=72.9ms  total=237.3ms
[   7800] loss=5.2438  ema_loss=5.2931  gap=0.2695  ema_gap=0.2960  mixup=78/200  3.9 sps  ETA 2.3h
              R²_rand=0.5389  R²_naive=0.4651  U_t=0.3712  U_b=0.4841  AUC=0.9993  Top1=0.9012
  timing: data=7.3ms  fwd=139.6ms  bwd=73.6ms  total=221.3ms
  -> Saved /home/jupyter/wt-cf-390-train/experiments/2026-08-01_lalign_teacher/runs/bb_small_arm6_v2_ncpc_lalign_lrepmoco_enc3l3_b64_200k_sigreg_ema_qk_aon_cpc_tau090_alignteacher_best_loss.pth
[   8000] loss=5.2369  ema_loss=5.3647  gap=0.3248  ema_gap=0.2915  mixup=74/200  3.9 sps  ETA 2.3h
              R²_rand=0.5329  R²_naive=0.4910  U_t=0.3412  U_b=0.5198  AUC=0.9990  Top1=0.8920
  timing: data=7.3ms  fwd=137.7ms  bwd=73.7ms  total=219.5ms
[   8200] loss=5.1104  ema_loss=5.2741  gap=0.2922  ema_gap=0.2949  mixup=55/200  3.9 sps  ETA 2.3h
              R²_rand=0.5255  R²_naive=0.4635  U_t=0.3941  U_b=0.5489  AUC=0.9990  Top1=0.8849
  timing: data=25.9ms  fwd=137.8ms  bwd=73.6ms  total=238.1ms
  -> Saved /home/jupyter/wt-cf-390-train/experiments/2026-08-01_lalign_teacher/runs/bb_small_arm6_v2_ncpc_lalign_lrepmoco_enc3l3_b64_200k_sigreg_ema_qk_aon_cpc_tau090_alignteacher_best_loss.pth
[   8400] loss=5.1544  ema_loss=5.2919  gap=0.2988  ema_gap=0.2898  mixup=62/200  3.9 sps  ETA 2.2h
              R²_rand=0.5264  R²_naive=0.4656  U_t=0.3616  U_b=0.5428  AUC=0.9990  Top1=0.8787
  timing: data=7.5ms  fwd=136.6ms  bwd=72.2ms  total=217.0ms
[   8600] loss=5.0886  ema_loss=5.2302  gap=0.2841  ema_gap=0.2827  mixup=55/200  3.9 sps  ETA 2.2h
              R²_rand=0.5304  R²_naive=0.4707  U_t=0.3844  U_b=0.5564  AUC=0.9989  Top1=0.8744
  timing: data=7.3ms  fwd=138.5ms  bwd=73.0ms  total=219.7ms
  -> Saved /home/jupyter/wt-cf-390-train/experiments/2026-08-01_lalign_teacher/runs/bb_small_arm6_v2_ncpc_lalign_lrepmoco_enc3l3_b64_200k_sigreg_ema_qk_aon_cpc_tau090_alignteacher_best_loss.pth
[   8800] loss=5.2179  ema_loss=5.4249  gap=0.2767  ema_gap=0.2785  mixup=65/200  3.9 sps  ETA 2.2h
              R²_rand=0.5120  R²_naive=0.4505  U_t=0.3917  U_b=0.5489  AUC=0.9984  Top1=0.8364
  timing: data=25.0ms  fwd=135.0ms  bwd=71.8ms  total=232.5ms
[   9000] loss=5.2029  ema_loss=5.4249  gap=0.2893  ema_gap=0.2769  mixup=57/200  3.9 sps  ETA 2.2h
              R²_rand=0.5164  R²_naive=0.4697  U_t=0.3713  U_b=0.5492  AUC=0.9989  Top1=0.8790
  timing: data=7.3ms  fwd=138.0ms  bwd=72.1ms  total=218.2ms
[   9200] loss=5.4092  ema_loss=5.5290  gap=0.2873  ema_gap=0.2745  mixup=68/200  3.9 sps  ETA 2.2h
              R²_rand=0.5328  R²_naive=0.4754  U_t=0.3585  U_b=0.5187  AUC=0.9988  Top1=0.8689
  timing: data=7.1ms  fwd=136.7ms  bwd=72.7ms  total=217.3ms
[   9400] loss=6.5400  ema_loss=5.4530  gap=0.2545  ema_gap=0.2769  mixup=51/200  3.9 sps  ETA 2.2h
              R²_rand=0.5023  R²_naive=0.4247  U_t=0.3744  U_b=0.5237  AUC=0.9970  Top1=0.7935
  timing: data=29.0ms  fwd=138.0ms  bwd=74.6ms  total=242.4ms
[   9600] loss=7.2990  ema_loss=5.4556  gap=0.2169  ema_gap=0.2758  mixup=50/200  3.9 sps  ETA 2.2h
              R²_rand=0.4796  R²_naive=0.3576  U_t=0.3574  U_b=0.4321  AUC=0.9945  Top1=0.7593
  timing: data=7.5ms  fwd=138.4ms  bwd=74.4ms  total=221.1ms
[   9800] loss=5.5345  ema_loss=5.3931  gap=0.2431  ema_gap=0.2746  mixup=72/200  3.9 sps  ETA 2.1h
              R²_rand=0.5099  R²_naive=0.4217  U_t=0.3763  U_b=0.5558  AUC=0.9974  Top1=0.7897
  timing: data=7.7ms  fwd=138.5ms  bwd=70.9ms  total=217.8ms
[  10000] loss=5.2241  ema_loss=5.4217  gap=0.2754  ema_gap=0.2739  mixup=61/200  3.9 sps  ETA 2.1h
              R²_rand=0.5033  R²_naive=0.4359  U_t=0.3965  U_b=0.5185  AUC=0.9983  Top1=0.8307
  timing: data=30.2ms  fwd=136.9ms  bwd=74.1ms  total=242.0ms
  -> Saved /home/jupyter/wt-cf-390-train/experiments/2026-08-01_lalign_teacher/runs/bb_small_arm6_v2_ncpc_lalign_lrepmoco_enc3l3_b64_200k_sigreg_ema_qk_aon_cpc_tau090_alignteacher_10k.pth
[  10200] loss=5.2574  ema_loss=5.3799  gap=0.2764  ema_gap=0.2683  mixup=51/200  3.9 sps  ETA 2.1h
              R²_rand=0.4727  R²_naive=0.4287  U_t=0.4142  U_b=0.5745  AUC=0.9977  Top1=0.8076
  timing: data=7.0ms  fwd=138.2ms  bwd=76.8ms  total=222.8ms
[  10400] loss=5.9952  ema_loss=5.3757  gap=0.2222  ema_gap=0.2619  mixup=57/200  3.9 sps  ETA 2.1h
              R²_rand=0.4603  R²_naive=0.3594  U_t=0.3810  U_b=0.4682  AUC=0.9920  Top1=0.7362
  timing: data=7.1ms  fwd=137.8ms  bwd=76.0ms  total=221.7ms
[  10600] loss=5.4634  ema_loss=5.4730  gap=0.2612  ema_gap=0.2598  mixup=56/200  3.9 sps  ETA 2.1h
              R²_rand=0.4752  R²_naive=0.4016  U_t=0.4045  U_b=0.5676  AUC=0.9946  Top1=0.7183
  timing: data=7.2ms  fwd=139.6ms  bwd=77.2ms  total=224.7ms
[  10800] loss=5.2526  ema_loss=5.4052  gap=0.2548  ema_gap=0.2525  mixup=60/200  3.9 sps  ETA 2.1h
              R²_rand=0.4773  R²_naive=0.4250  U_t=0.4096  U_b=0.5798  AUC=0.9978  Top1=0.8147
  timing: data=24.5ms  fwd=134.8ms  bwd=76.5ms  total=236.6ms
[  11000] loss=6.3624  ema_loss=5.3974  gap=0.2433  ema_gap=0.2554  mixup=54/200  3.9 sps  ETA 2.1h
              R²_rand=0.4825  R²_naive=0.3838  U_t=0.3570  U_b=0.5301  AUC=0.9962  Top1=0.7772
  timing: data=7.1ms  fwd=138.8ms  bwd=77.2ms  total=223.8ms
[  11200] loss=5.5364  ema_loss=5.4213  gap=0.2545  ema_gap=0.2627  mixup=61/200  3.9 sps  ETA 2.0h
              R²_rand=0.4631  R²_naive=0.4082  U_t=0.4007  U_b=0.5520  AUC=0.9973  Top1=0.7908
  timing: data=7.1ms  fwd=135.9ms  bwd=74.8ms  total=218.6ms
[  11400] loss=5.9153  ema_loss=5.3832  gap=0.2377  ema_gap=0.2557  mixup=61/200  3.9 sps  ETA 2.0h
              R²_rand=0.4857  R²_naive=0.3954  U_t=0.3902  U_b=0.5601  AUC=0.9949  Top1=0.7001
  timing: data=24.4ms  fwd=136.2ms  bwd=76.6ms  total=238.0ms
[  11600] loss=5.1369  ema_loss=5.2860  gap=0.2436  ema_gap=0.2577  mixup=64/200  3.9 sps  ETA 2.0h
              R²_rand=0.4708  R²_naive=0.4136  U_t=0.4590  U_b=0.5945  AUC=0.9982  Top1=0.7943
  timing: data=6.9ms  fwd=138.2ms  bwd=75.9ms  total=221.7ms
[  11800] loss=5.2762  ema_loss=5.2758  gap=0.2224  ema_gap=0.2466  mixup=59/200  3.9 sps  ETA 2.0h
              R²_rand=0.4518  R²_naive=0.3920  U_t=0.4550  U_b=0.5336  AUC=0.9978  Top1=0.8095
  timing: data=6.9ms  fwd=138.1ms  bwd=76.1ms  total=221.9ms
[  12000] loss=5.0597  ema_loss=5.2091  gap=0.2345  ema_gap=0.2471  mixup=64/200  3.9 sps  ETA 2.0h
              R²_rand=0.4611  R²_naive=0.4040  U_t=0.4625  U_b=0.6255  AUC=0.9980  Top1=0.8079
  timing: data=25.0ms  fwd=135.5ms  bwd=76.0ms  total=237.3ms
  -> Saved /home/jupyter/wt-cf-390-train/experiments/2026-08-01_lalign_teacher/runs/bb_small_arm6_v2_ncpc_lalign_lrepmoco_enc3l3_b64_200k_sigreg_ema_qk_aon_cpc_tau090_alignteacher_best_loss.pth
[  12200] loss=5.5065  ema_loss=5.2133  gap=0.2616  ema_gap=0.2468  mixup=69/200  3.9 sps  ETA 2.0h
              R²_rand=0.4634  R²_naive=0.4145  U_t=0.4508  U_b=0.5888  AUC=0.9967  Top1=0.6901
  timing: data=7.3ms  fwd=135.5ms  bwd=75.7ms  total=219.2ms
[  12400] loss=5.1484  ema_loss=5.1939  gap=0.2533  ema_gap=0.2474  mixup=62/200  3.9 sps  ETA 2.0h
              R²_rand=0.4359  R²_naive=0.4080  U_t=0.4711  U_b=0.6350  AUC=0.9979  Top1=0.7919
  timing: data=7.1ms  fwd=138.4ms  bwd=74.5ms  total=220.8ms
  -> Saved /home/jupyter/wt-cf-390-train/experiments/2026-08-01_lalign_teacher/runs/bb_small_arm6_v2_ncpc_lalign_lrepmoco_enc3l3_b64_200k_sigreg_ema_qk_aon_cpc_tau090_alignteacher_best_loss.pth
[  12600] loss=5.0128  ema_loss=5.2254  gap=0.2395  ema_gap=0.2449  mixup=50/200  3.9 sps  ETA 1.9h
              R²_rand=0.4512  R²_naive=0.3996  U_t=0.4721  U_b=0.6413  AUC=0.9977  Top1=0.7886
  timing: data=22.4ms  fwd=135.1ms  bwd=75.6ms  total=233.9ms
[  12800] loss=5.9096  ema_loss=5.3307  gap=0.2353  ema_gap=0.2421  mixup=61/200  3.9 sps  ETA 1.9h
              R²_rand=0.4688  R²_naive=0.3747  U_t=0.4306  U_b=0.5523  AUC=0.9955  Top1=0.7267
  timing: data=7.2ms  fwd=138.5ms  bwd=75.2ms  total=221.6ms
[  13000] loss=5.1280  ema_loss=5.2832  gap=0.2413  ema_gap=0.2462  mixup=67/200  3.9 sps  ETA 1.9h
              R²_rand=0.4520  R²_naive=0.3966  U_t=0.5098  U_b=0.6145  AUC=0.9967  Top1=0.7539
  timing: data=7.3ms  fwd=136.6ms  bwd=76.4ms  total=221.1ms
[  13200] loss=5.0386  ema_loss=5.2268  gap=0.2264  ema_gap=0.2342  mixup=51/200  3.9 sps  ETA 1.9h
              R²_rand=0.4371  R²_naive=0.3894  U_t=0.4964  U_b=0.6459  AUC=0.9976  Top1=0.7748
  timing: data=29.2ms  fwd=134.8ms  bwd=74.8ms  total=239.6ms
[  13400] loss=5.1665  ema_loss=5.1887  gap=0.3056  ema_gap=0.2357  mixup=59/200  3.9 sps  ETA 1.9h
              R²_rand=0.4685  R²_naive=0.4321  U_t=0.4047  U_b=0.6145  AUC=0.9983  Top1=0.8364
  timing: data=8.1ms  fwd=134.5ms  bwd=76.5ms  total=220.0ms
  -> Saved /home/jupyter/wt-cf-390-train/experiments/2026-08-01_lalign_teacher/runs/bb_small_arm6_v2_ncpc_lalign_lrepmoco_enc3l3_b64_200k_sigreg_ema_qk_aon_cpc_tau090_alignteacher_best_loss.pth
[  13600] loss=4.9868  ema_loss=5.1927  gap=0.2369  ema_gap=0.2390  mixup=67/200  3.9 sps  ETA 1.9h
              R²_rand=0.4503  R²_naive=0.3926  U_t=0.4938  U_b=0.6596  AUC=0.9978  Top1=0.7772
  timing: data=7.1ms  fwd=138.1ms  bwd=76.6ms  total=222.6ms
[  13800] loss=5.5193  ema_loss=5.3161  gap=0.2276  ema_gap=0.2339  mixup=57/200  3.9 sps  ETA 1.9h
              R²_rand=0.4421  R²_naive=0.3993  U_t=0.5089  U_b=0.4849  AUC=0.9978  Top1=0.7897
  timing: data=23.8ms  fwd=134.2ms  bwd=75.6ms  total=234.4ms
[  14000] loss=5.0368  ema_loss=5.2496  gap=0.2235  ema_gap=0.2286  mixup=51/200  3.9 sps  ETA 1.8h
              R²_rand=0.4360  R²_naive=0.3927  U_t=0.4946  U_b=0.6519  AUC=0.9974  Top1=0.7729
  timing: data=7.1ms  fwd=138.4ms  bwd=76.4ms  total=222.6ms
[  14200] loss=5.2918  ema_loss=5.2278  gap=0.2554  ema_gap=0.2228  mixup=58/200  3.9 sps  ETA 1.8h
              R²_rand=0.4501  R²_naive=0.4031  U_t=0.5042  U_b=0.5783  AUC=0.9976  Top1=0.7748
  timing: data=7.3ms  fwd=135.1ms  bwd=74.0ms  total=217.0ms
[  14400] loss=5.2542  ema_loss=5.3525  gap=0.2438  ema_gap=0.2275  mixup=55/200  3.9 sps  ETA 1.8h
              R²_rand=0.4359  R²_naive=0.3983  U_t=0.4696  U_b=0.6392  AUC=0.9975  Top1=0.7590
  timing: data=28.7ms  fwd=135.4ms  bwd=74.3ms  total=239.1ms
[  14600] loss=5.1098  ema_loss=5.3167  gap=0.2440  ema_gap=0.2327  mixup=69/200  3.9 sps  ETA 1.8h
              R²_rand=0.4340  R²_naive=0.3947  U_t=0.4722  U_b=0.6501  AUC=0.9971  Top1=0.7493
  timing: data=7.0ms  fwd=133.4ms  bwd=73.1ms  total=214.2ms
[  14800] loss=5.0278  ema_loss=5.2854  gap=0.2083  ema_gap=0.2257  mixup=63/200  3.9 sps  ETA 1.8h
              R²_rand=0.4111  R²_naive=0.3672  U_t=0.5271  U_b=0.6635  AUC=0.9967  Top1=0.7240
  timing: data=8.2ms  fwd=134.9ms  bwd=74.5ms  total=218.2ms
[  15000] loss=5.3038  ema_loss=5.1892  gap=0.2260  ema_gap=0.2141  mixup=59/200  3.9 sps  ETA 1.8h
              R²_rand=0.4286  R²_naive=0.3810  U_t=0.4745  U_b=0.5766  AUC=0.9969  Top1=0.7446
  timing: data=29.2ms  fwd=133.8ms  bwd=74.7ms  total=238.4ms
[  15200] loss=5.3377  ema_loss=5.1893  gap=0.2118  ema_gap=0.2110  mixup=65/200  3.9 sps  ETA 1.8h
              R²_rand=0.4160  R²_naive=0.3716  U_t=0.5331  U_b=0.6592  AUC=0.9926  Top1=0.5536
  timing: data=7.0ms  fwd=136.0ms  bwd=74.6ms  total=218.3ms
[  15400] loss=5.2093  ema_loss=5.2890  gap=0.2208  ema_gap=0.2075  mixup=62/200  3.9 sps  ETA 1.7h
              R²_rand=0.4136  R²_naive=0.3670  U_t=0.5258  U_b=0.5937  AUC=0.9964  Top1=0.7148
  timing: data=7.1ms  fwd=135.5ms  bwd=72.0ms  total=215.2ms
[  15600] loss=4.9970  ema_loss=5.3257  gap=0.2044  ema_gap=0.2170  mixup=65/200  3.9 sps  ETA 1.7h
              R²_rand=0.4239  R²_naive=0.3615  U_t=0.5351  U_b=0.6588  AUC=0.9963  Top1=0.6917
  timing: data=8.3ms  fwd=133.5ms  bwd=72.1ms  total=214.6ms
[  15800] loss=5.1193  ema_loss=5.3481  gap=0.2133  ema_gap=0.2158  mixup=45/200  3.9 sps  ETA 1.7h
              R²_rand=0.3899  R²_naive=0.3587  U_t=0.5209  U_b=0.6607  AUC=0.9962  Top1=0.6885
  timing: data=28.5ms  fwd=132.5ms  bwd=73.1ms  total=234.8ms
[  16000] loss=5.2103  ema_loss=5.3584  gap=0.1941  ema_gap=0.2092  mixup=54/200  3.9 sps  ETA 1.7h
              R²_rand=0.3898  R²_naive=0.3566  U_t=0.5490  U_b=0.6086  AUC=0.9956  Top1=0.6567
  timing: data=7.1ms  fwd=137.7ms  bwd=76.1ms  total=221.6ms
[  16200] loss=5.4297  ema_loss=5.3029  gap=0.2072  ema_gap=0.2139  mixup=70/200  3.9 sps  ETA 1.7h
              R²_rand=0.4194  R²_naive=0.3524  U_t=0.5367  U_b=0.5916  AUC=0.9960  Top1=0.6768
  timing: data=7.3ms  fwd=134.4ms  bwd=76.1ms  total=218.6ms
[  16400] loss=5.0882  ema_loss=5.2894  gap=0.1973  ema_gap=0.2234  mixup=55/200  3.9 sps  ETA 1.7h
              R²_rand=0.3714  R²_naive=0.3449  U_t=0.5316  U_b=0.6680  AUC=0.9959  Top1=0.6665
  timing: data=23.5ms  fwd=134.3ms  bwd=73.8ms  total=232.4ms
[  16600] loss=5.3313  ema_loss=5.3873  gap=0.2193  ema_gap=0.2135  mixup=53/200  3.9 sps  ETA 1.7h
              R²_rand=0.4101  R²_naive=0.3583  U_t=0.4969  U_b=0.6567  AUC=0.9933  Top1=0.5159
  timing: data=7.9ms  fwd=133.6ms  bwd=74.7ms  total=216.9ms
[  16800] loss=5.2919  ema_loss=5.4855  gap=0.2105  ema_gap=0.2121  mixup=58/200  3.9 sps  ETA 1.6h
              R²_rand=0.4074  R²_naive=0.3489  U_t=0.4888  U_b=0.6249  AUC=0.9935  Top1=0.6190
  timing: data=8.3ms  fwd=137.0ms  bwd=74.7ms  total=220.8ms
[  17000] loss=5.2471  ema_loss=5.4280  gap=0.2397  ema_gap=0.2164  mixup=61/200  3.9 sps  ETA 1.6h
              R²_rand=0.3945  R²_naive=0.3762  U_t=0.5282  U_b=0.5879  AUC=0.9951  Top1=0.6632
  timing: data=28.5ms  fwd=132.0ms  bwd=73.4ms  total=234.6ms
[  17200] loss=5.1765  ema_loss=5.4246  gap=0.2029  ema_gap=0.2168  mixup=70/200  3.9 sps  ETA 1.6h
              R²_rand=0.3713  R²_naive=0.3476  U_t=0.5160  U_b=0.6466  AUC=0.9925  Top1=0.5658
  timing: data=7.1ms  fwd=137.7ms  bwd=76.3ms  total=221.8ms
[  17400] loss=5.2343  ema_loss=5.4573  gap=0.1774  ema_gap=0.2070  mixup=61/200  3.9 sps  ETA 1.6h
              R²_rand=0.3868  R²_naive=0.3310  U_t=0.5000  U_b=0.6489  AUC=0.9907  Top1=0.5270
  timing: data=8.0ms  fwd=133.0ms  bwd=74.7ms  total=216.4ms
[  17600] loss=5.3346  ema_loss=5.4247  gap=0.2265  ema_gap=0.2022  mixup=56/200  3.9 sps  ETA 1.6h
              R²_rand=0.4038  R²_naive=0.3646  U_t=0.4745  U_b=0.5721  AUC=0.9927  Top1=0.5951
  timing: data=29.0ms  fwd=133.8ms  bwd=76.6ms  total=240.1ms
[  17800] loss=5.2068  ema_loss=5.3724  gap=0.1733  ema_gap=0.1848  mixup=64/200  3.9 sps  ETA 1.6h
              R²_rand=0.3806  R²_naive=0.3312  U_t=0.5043  U_b=0.6535  AUC=0.9930  Top1=0.5889
  timing: data=7.1ms  fwd=135.0ms  bwd=75.9ms  total=218.8ms
[  18000] loss=5.3175  ema_loss=5.3763  gap=0.1574  ema_gap=0.1702  mixup=58/200  3.9 sps  ETA 1.6h
              R²_rand=0.3503  R²_naive=0.3177  U_t=0.5162  U_b=0.6244  AUC=0.9897  Top1=0.5216
  timing: data=8.2ms  fwd=135.0ms  bwd=75.0ms  total=218.8ms
[  18200] loss=5.1789  ema_loss=5.3944  gap=0.1436  ema_gap=0.1571  mixup=60/200  3.9 sps  ETA 1.5h
              R²_rand=0.3880  R²_naive=0.3290  U_t=0.4996  U_b=0.6459  AUC=0.9906  Top1=0.5417
  timing: data=30.1ms  fwd=131.2ms  bwd=72.8ms  total=234.9ms
[  18400] loss=5.1363  ema_loss=5.4036  gap=0.1413  ema_gap=0.1323  mixup=67/200  3.9 sps  ETA 1.5h
              R²_rand=0.3855  R²_naive=0.3233  U_t=0.4768  U_b=0.6732  AUC=0.9921  Top1=0.5734
  timing: data=7.2ms  fwd=137.2ms  bwd=75.8ms  total=220.9ms
[  18600] loss=5.2124  ema_loss=5.4347  gap=0.1294  ema_gap=0.1212  mixup=51/200  3.9 sps  ETA 1.5h
              R²_rand=0.3575  R²_naive=0.3251  U_t=0.4595  U_b=0.6374  AUC=0.9915  Top1=0.5693
  timing: data=7.0ms  fwd=136.3ms  bwd=76.3ms  total=220.4ms
[  18800] loss=5.5477  ema_loss=5.3775  gap=0.1254  ema_gap=0.1159  mixup=59/200  3.9 sps  ETA 1.5h
              R²_rand=0.3800  R²_naive=0.3248  U_t=0.4477  U_b=0.5720  AUC=0.9912  Top1=0.5739
  timing: data=24.8ms  fwd=133.0ms  bwd=76.8ms  total=235.4ms
[  19000] loss=5.8671  ema_loss=5.3742  gap=0.0914  ema_gap=0.1087  mixup=50/200  3.9 sps  ETA 1.5h
              R²_rand=0.3636  R²_naive=0.2940  U_t=0.4642  U_b=0.6543  AUC=0.9862  Top1=0.3981
  timing: data=8.2ms  fwd=134.7ms  bwd=75.7ms  total=219.3ms
[  19200] loss=5.1522  ema_loss=5.3577  gap=0.0940  ema_gap=0.1092  mixup=59/200  3.9 sps  ETA 1.5h
              R²_rand=0.3460  R²_naive=0.2943  U_t=0.4832  U_b=0.6591  AUC=0.9897  Top1=0.5175
  timing: data=8.3ms  fwd=136.5ms  bwd=75.4ms  total=220.9ms
[  19400] loss=5.3214  ema_loss=5.3610  gap=0.1215  ema_gap=0.0953  mixup=66/200  3.9 sps  ETA 1.5h
              R²_rand=0.3713  R²_naive=0.3188  U_t=0.4661  U_b=0.6336  AUC=0.9914  Top1=0.5474
  timing: data=24.9ms  fwd=133.9ms  bwd=75.4ms  total=235.0ms
[  19600] loss=5.6288  ema_loss=5.6660  gap=0.0595  ema_gap=0.0801  mixup=58/200  3.9 sps  ETA 1.4h
              R²_rand=0.3322  R²_naive=0.2553  U_t=0.4610  U_b=0.6066  AUC=0.9752  Top1=0.3398
  timing: data=7.0ms  fwd=135.9ms  bwd=74.4ms  total=218.1ms
[  19800] loss=5.5488  ema_loss=5.5849  gap=0.0994  ema_gap=0.0816  mixup=65/200  3.9 sps  ETA 1.4h
              R²_rand=0.3108  R²_naive=0.2830  U_t=0.5256  U_b=0.5215  AUC=0.9773  Top1=0.3427
  timing: data=7.3ms  fwd=133.9ms  bwd=72.2ms  total=214.0ms
[  20000] loss=5.2676  ema_loss=5.6762  gap=0.1156  ema_gap=0.0949  mixup=57/200  3.9 sps  ETA 1.4h
              R²_rand=0.3330  R²_naive=0.2978  U_t=0.5105  U_b=0.6306  AUC=0.9811  Top1=0.3696
  timing: data=31.8ms  fwd=134.7ms  bwd=73.0ms  total=240.1ms
  -> Saved /home/jupyter/wt-cf-390-train/experiments/2026-08-01_lalign_teacher/runs/bb_small_arm6_v2_ncpc_lalign_lrepmoco_enc3l3_b64_200k_sigreg_ema_qk_aon_cpc_tau090_alignteacher_20k.pth
[  20200] loss=5.6169  ema_loss=5.5698  gap=0.0498  ema_gap=0.0847  mixup=63/200  3.9 sps  ETA 1.4h
              R²_rand=0.3362  R²_naive=0.2689  U_t=0.4606  U_b=0.5113  AUC=0.9827  Top1=0.3859
  timing: data=7.2ms  fwd=134.0ms  bwd=73.1ms  total=214.9ms
[  20400] loss=5.3778  ema_loss=5.5368  gap=0.0430  ema_gap=0.0671  mixup=52/200  3.9 sps  ETA 1.4h
              R²_rand=0.3222  R²_naive=0.2743  U_t=0.4873  U_b=0.5920  AUC=0.9859  Top1=0.4299
  timing: data=6.9ms  fwd=135.9ms  bwd=74.7ms  total=218.3ms
[  20600] loss=5.5226  ema_loss=5.5608  gap=0.0534  ema_gap=0.0678  mixup=67/200  3.9 sps  ETA 1.4h
              R²_rand=0.3660  R²_naive=0.2744  U_t=0.4179  U_b=0.5369  AUC=0.9837  Top1=0.4445
  timing: data=7.3ms  fwd=136.0ms  bwd=74.4ms  total=218.4ms
[  20800] loss=5.2124  ema_loss=5.5320  gap=0.0649  ema_gap=0.0724  mixup=63/200  3.9 sps  ETA 1.4h
              R²_rand=0.3511  R²_naive=0.2925  U_t=0.4890  U_b=0.6535  AUC=0.9841  Top1=0.4301
  timing: data=22.3ms  fwd=133.8ms  bwd=75.0ms  total=231.8ms
[  21000] loss=5.1762  ema_loss=5.4435  gap=0.0701  ema_gap=0.0705  mixup=57/200  3.9 sps  ETA 1.3h
              R²_rand=0.3669  R²_naive=0.2987  U_t=0.4463  U_b=0.6756  AUC=0.9893  Top1=0.5210
  timing: data=7.4ms  fwd=136.6ms  bwd=76.3ms  total=221.1ms
[  21200] loss=5.4897  ema_loss=5.4670  gap=0.0892  ema_gap=0.0697  mixup=60/200  3.9 sps  ETA 1.3h
              R²_rand=0.3520  R²_naive=0.2998  U_t=0.4519  U_b=0.6552  AUC=0.9873  Top1=0.4904
  timing: data=7.1ms  fwd=137.3ms  bwd=77.5ms  total=222.5ms
[  21400] loss=5.4323  ema_loss=5.4562  gap=0.0749  ema_gap=0.0833  mixup=67/200  3.9 sps  ETA 1.3h
              R²_rand=0.3520  R²_naive=0.2697  U_t=0.4552  U_b=0.6782  AUC=0.9843  Top1=0.4125
  timing: data=30.7ms  fwd=129.2ms  bwd=71.8ms  total=232.5ms
[  21600] loss=5.4071  ema_loss=5.3571  gap=0.0871  ema_gap=0.0847  mixup=49/200  3.9 sps  ETA 1.3h
              R²_rand=0.3700  R²_naive=0.2975  U_t=0.4987  U_b=0.5722  AUC=0.9890  Top1=0.5037
  timing: data=8.2ms  fwd=132.7ms  bwd=73.9ms  total=215.4ms
[  21800] loss=5.2662  ema_loss=5.2796  gap=0.1254  ema_gap=0.0963  mixup=65/200  4.0 sps  ETA 1.3h
              R²_rand=0.3688  R²_naive=0.3155  U_t=0.4443  U_b=0.7134  AUC=0.9886  Top1=0.4366
  timing: data=8.5ms  fwd=134.3ms  bwd=73.2ms  total=216.6ms
[  22000] loss=5.1200  ema_loss=5.3120  gap=0.0951  ema_gap=0.0974  mixup=57/200  3.9 sps  ETA 1.3h
              R²_rand=0.3581  R²_naive=0.3028  U_t=0.4866  U_b=0.7019  AUC=0.9899  Top1=0.5118
  timing: data=28.1ms  fwd=132.4ms  bwd=75.3ms  total=236.5ms
[  22200] loss=5.9439  ema_loss=5.2873  gap=0.1046  ema_gap=0.0925  mixup=72/200  4.0 sps  ETA 1.3h
              R²_rand=0.3437  R²_naive=0.2906  U_t=0.4494  U_b=0.7123  AUC=0.9796  Top1=0.3810
  timing: data=6.9ms  fwd=132.3ms  bwd=71.7ms  total=211.6ms
[  22400] loss=5.2915  ema_loss=5.2897  gap=0.1022  ema_gap=0.0904  mixup=48/200  4.0 sps  ETA 1.2h
              R²_rand=0.3641  R²_naive=0.3118  U_t=0.4590  U_b=0.7076  AUC=0.9889  Top1=0.4608
  timing: data=9.2ms  fwd=132.7ms  bwd=74.5ms  total=217.0ms
[  22600] loss=5.3102  ema_loss=5.2369  gap=0.0805  ema_gap=0.0943  mixup=74/200  4.0 sps  ETA 1.2h
              R²_rand=0.3612  R²_naive=0.2974  U_t=0.5020  U_b=0.5820  AUC=0.9912  Top1=0.5284
  timing: data=37.6ms  fwd=135.4ms  bwd=75.8ms  total=249.6ms
[  22800] loss=5.7683  ema_loss=5.2774  gap=0.0957  ema_gap=0.0968  mixup=53/200  4.0 sps  ETA 1.2h
              R²_rand=0.3545  R²_naive=0.2936  U_t=0.4557  U_b=0.7052  AUC=0.9835  Top1=0.3381
  timing: data=8.1ms  fwd=132.5ms  bwd=74.0ms  total=215.3ms
[  23000] loss=5.0870  ema_loss=5.2532  gap=0.0863  ema_gap=0.0889  mixup=64/200  4.0 sps  ETA 1.2h
              R²_rand=0.3653  R²_naive=0.3002  U_t=0.5032  U_b=0.7068  AUC=0.9912  Top1=0.5088
  timing: data=7.4ms  fwd=137.3ms  bwd=74.1ms  total=219.5ms
[  23200] loss=5.5559  ema_loss=5.2395  gap=0.1219  ema_gap=0.0927  mixup=70/200  4.0 sps  ETA 1.2h
              R²_rand=0.3633  R²_naive=0.3135  U_t=0.4542  U_b=0.7314  AUC=0.9856  Top1=0.4062
  timing: data=24.8ms  fwd=135.2ms  bwd=74.6ms  total=235.3ms
[  23400] loss=5.0496  ema_loss=5.2573  gap=0.0917  ema_gap=0.0904  mixup=61/200  4.0 sps  ETA 1.2h
              R²_rand=0.3501  R²_naive=0.2979  U_t=0.5186  U_b=0.7158  AUC=0.9917  Top1=0.5696
  timing: data=6.8ms  fwd=135.2ms  bwd=75.0ms  total=217.8ms
[  23600] loss=5.2634  ema_loss=5.2224  gap=0.0811  ema_gap=0.0916  mixup=54/200  4.0 sps  ETA 1.2h
              R²_rand=0.3409  R²_naive=0.2973  U_t=0.4713  U_b=0.5932  AUC=0.9917  Top1=0.5411
  timing: data=7.1ms  fwd=135.2ms  bwd=76.2ms  total=219.2ms
[  23800] loss=5.2175  ema_loss=5.2056  gap=0.0685  ema_gap=0.0838  mixup=51/200  4.0 sps  ETA 1.1h
              R²_rand=0.3564  R²_naive=0.2914  U_t=0.5045  U_b=0.6463  AUC=0.9918  Top1=0.5463
  timing: data=25.5ms  fwd=135.8ms  bwd=74.2ms  total=236.2ms
[  24000] loss=5.4856  ema_loss=5.1883  gap=0.0678  ema_gap=0.0885  mixup=51/200  4.0 sps  ETA 1.1h
              R²_rand=0.3591  R²_naive=0.2930  U_t=0.5052  U_b=0.5350  AUC=0.9894  Top1=0.4874
  timing: data=7.1ms  fwd=133.0ms  bwd=73.2ms  total=213.9ms
  -> Saved /home/jupyter/wt-cf-390-train/experiments/2026-08-01_lalign_teacher/runs/bb_small_arm6_v2_ncpc_lalign_lrepmoco_enc3l3_b64_200k_sigreg_ema_qk_aon_cpc_tau090_alignteacher_best_loss.pth
[  24200] loss=5.1313  ema_loss=5.2278  gap=0.1024  ema_gap=0.0920  mixup=59/200  4.0 sps  ETA 1.1h
              R²_rand=0.3561  R²_naive=0.3135  U_t=0.4588  U_b=0.7105  AUC=0.9937  Top1=0.6288
  timing: data=7.4ms  fwd=136.5ms  bwd=73.3ms  total=217.9ms
[  24400] loss=5.0207  ema_loss=5.1935  gap=0.0792  ema_gap=0.0777  mixup=53/200  4.0 sps  ETA 1.1h
              R²_rand=0.3816  R²_naive=0.3065  U_t=0.4897  U_b=0.7045  AUC=0.9933  Top1=0.5894
  timing: data=29.6ms  fwd=134.4ms  bwd=74.2ms  total=238.9ms
[  24600] loss=5.3765  ema_loss=5.1798  gap=0.0903  ema_gap=0.0808  mixup=55/200  4.0 sps  ETA 1.1h
              R²_rand=0.3419  R²_naive=0.2853  U_t=0.4752  U_b=0.7223  AUC=0.9830  Top1=0.4540
  timing: data=8.3ms  fwd=133.2ms  bwd=74.0ms  total=216.2ms
  -> Saved /home/jupyter/wt-cf-390-train/experiments/2026-08-01_lalign_teacher/runs/bb_small_arm6_v2_ncpc_lalign_lrepmoco_enc3l3_b64_200k_sigreg_ema_qk_aon_cpc_tau090_alignteacher_best_loss.pth
[  24800] loss=5.1101  ema_loss=5.1917  gap=0.0855  ema_gap=0.0820  mixup=62/200  4.0 sps  ETA 1.1h
              R²_rand=0.3689  R²_naive=0.2968  U_t=0.4693  U_b=0.7046  AUC=0.9925  Top1=0.5870
  timing: data=7.3ms  fwd=134.8ms  bwd=74.4ms  total=217.2ms
[  25000] loss=5.0109  ema_loss=5.2101  gap=0.0775  ema_gap=0.0842  mixup=62/200  4.0 sps  ETA 1.1h
              R²_rand=0.3483  R²_naive=0.2905  U_t=0.4938  U_b=0.7181  AUC=0.9911  Top1=0.5360
  timing: data=21.8ms  fwd=133.3ms  bwd=74.5ms  total=230.3ms
[  25200] loss=5.1494  ema_loss=5.2391  gap=0.0863  ema_gap=0.0821  mixup=53/200  4.0 sps  ETA 1.0h
              R²_rand=0.3702  R²_naive=0.3038  U_t=0.4899  U_b=0.7091  AUC=0.9899  Top1=0.5186
  timing: data=7.2ms  fwd=134.5ms  bwd=74.0ms  total=216.3ms
[  25400] loss=5.5567  ema_loss=5.2321  gap=0.0729  ema_gap=0.0869  mixup=58/200  4.0 sps  ETA 1.0h
              R²_rand=0.3648  R²_naive=0.2855  U_t=0.4849  U_b=0.7210  AUC=0.9833  Top1=0.4331
  timing: data=7.5ms  fwd=136.8ms  bwd=76.3ms  total=221.2ms
[  25600] loss=5.0759  ema_loss=5.2101  gap=0.0504  ema_gap=0.0784  mixup=62/200  4.0 sps  ETA 1.0h
              R²_rand=0.3506  R²_naive=0.2823  U_t=0.4880  U_b=0.7009  AUC=0.9892  Top1=0.5335
  timing: data=7.1ms  fwd=138.0ms  bwd=78.8ms  total=224.6ms
[  25800] loss=5.0594  ema_loss=5.2003  gap=0.0794  ema_gap=0.0821  mixup=57/200  4.0 sps  ETA 1.0h
              R²_rand=0.3597  R²_naive=0.2940  U_t=0.5099  U_b=0.7069  AUC=0.9905  Top1=0.5313
  timing: data=26.3ms  fwd=135.1ms  bwd=74.5ms  total=236.5ms
[  26000] loss=5.3733  ema_loss=5.2248  gap=0.0676  ema_gap=0.0793  mixup=78/200  4.0 sps  ETA 1.0h
              R²_rand=0.3696  R²_naive=0.3020  U_t=0.4809  U_b=0.6062  AUC=0.9901  Top1=0.4868
  timing: data=6.7ms  fwd=133.1ms  bwd=73.4ms  total=214.0ms
[  26200] loss=5.3133  ema_loss=5.1748  gap=0.1113  ema_gap=0.0818  mixup=64/200  4.0 sps  ETA 1.0h
              R²_rand=0.3448  R²_naive=0.3239  U_t=0.4813  U_b=0.5813  AUC=0.9918  Top1=0.5851
  timing: data=8.2ms  fwd=134.4ms  bwd=72.7ms  total=216.1ms
  -> Saved /home/jupyter/wt-cf-390-train/experiments/2026-08-01_lalign_teacher/runs/bb_small_arm6_v2_ncpc_lalign_lrepmoco_enc3l3_b64_200k_sigreg_ema_qk_aon_cpc_tau090_alignteacher_best_loss.pth
[  26400] loss=5.4166  ema_loss=5.1658  gap=0.1029  ema_gap=0.0799  mixup=57/200  4.0 sps  ETA 1.0h
              R²_rand=0.3754  R²_naive=0.3171  U_t=0.4723  U_b=0.5595  AUC=0.9897  Top1=0.5368
  timing: data=33.7ms  fwd=133.5ms  bwd=74.5ms  total=242.3ms
  -> Saved /home/jupyter/wt-cf-390-train/experiments/2026-08-01_lalign_teacher/runs/bb_small_arm6_v2_ncpc_lalign_lrepmoco_enc3l3_b64_200k_sigreg_ema_qk_aon_cpc_tau090_alignteacher_best_loss.pth
[  26600] loss=5.8836  ema_loss=5.2380  gap=0.0806  ema_gap=0.0814  mixup=63/200  4.0 sps  ETA 0.9h
              R²_rand=0.3526  R²_naive=0.2729  U_t=0.4195  U_b=0.6854  AUC=0.9765  Top1=0.4079
  timing: data=7.0ms  fwd=133.5ms  bwd=72.7ms  total=213.9ms
[  26800] loss=6.6569  ema_loss=5.2432  gap=0.0939  ema_gap=0.0715  mixup=69/200  4.0 sps  ETA 0.9h
              R²_rand=0.3884  R²_naive=0.2665  U_t=0.3942  U_b=0.5382  AUC=0.9849  Top1=0.4475
  timing: data=8.5ms  fwd=133.6ms  bwd=72.3ms  total=215.1ms
[  27000] loss=5.1864  ema_loss=5.2314  gap=0.1165  ema_gap=0.0769  mixup=60/200  4.0 sps  ETA 0.9h
              R²_rand=0.3911  R²_naive=0.3199  U_t=0.4536  U_b=0.7438  AUC=0.9888  Top1=0.4195
  timing: data=21.3ms  fwd=134.4ms  bwd=76.0ms  total=232.4ms
[  27200] loss=5.0855  ema_loss=5.1965  gap=0.0928  ema_gap=0.0813  mixup=62/200  4.0 sps  ETA 0.9h
              R²_rand=0.3760  R²_naive=0.3051  U_t=0.4746  U_b=0.7364  AUC=0.9886  Top1=0.4562
  timing: data=7.0ms  fwd=134.6ms  bwd=73.5ms  total=215.8ms
[  27400] loss=5.0776  ema_loss=5.1709  gap=0.0950  ema_gap=0.0775  mixup=59/200  4.0 sps  ETA 0.9h
              R²_rand=0.3704  R²_naive=0.3038  U_t=0.4827  U_b=0.7073  AUC=0.9909  Top1=0.5015
  timing: data=7.2ms  fwd=136.0ms  bwd=74.2ms  total=218.0ms
[  27600] loss=4.9996  ema_loss=5.2196  gap=0.0469  ema_gap=0.0716  mixup=59/200  4.0 sps  ETA 0.9h
              R²_rand=0.3570  R²_naive=0.2892  U_t=0.4573  U_b=0.7222  AUC=0.9908  Top1=0.5536
  timing: data=33.8ms  fwd=129.9ms  bwd=73.0ms  total=237.4ms
[  27800] loss=5.2728  ema_loss=5.1900  gap=0.0841  ema_gap=0.0762  mixup=51/200  4.0 sps  ETA 0.9h
              R²_rand=0.3620  R²_naive=0.2957  U_t=0.4610  U_b=0.7286  AUC=0.9881  Top1=0.4369
  timing: data=7.1ms  fwd=136.5ms  bwd=74.6ms  total=218.9ms
[  28000] loss=5.3878  ema_loss=5.3051  gap=0.0569  ema_gap=0.0638  mixup=60/200  4.0 sps  ETA 0.8h
              R²_rand=0.3607  R²_naive=0.2907  U_t=0.4975  U_b=0.5681  AUC=0.9909  Top1=0.5294
  timing: data=7.3ms  fwd=135.6ms  bwd=76.0ms  total=219.6ms
[  28200] loss=4.9840  ema_loss=5.2452  gap=0.0649  ema_gap=0.0691  mixup=50/200  4.0 sps  ETA 0.8h
              R²_rand=0.3452  R²_naive=0.2960  U_t=0.4715  U_b=0.7147  AUC=0.9919  Top1=0.5232
  timing: data=32.7ms  fwd=134.9ms  bwd=75.9ms  total=244.3ms
[  28400] loss=6.3713  ema_loss=5.2175  gap=0.0798  ema_gap=0.0733  mixup=58/200  4.0 sps  ETA 0.8h
              R²_rand=0.3491  R²_naive=0.2890  U_t=0.4379  U_b=0.7139  AUC=0.9806  Top1=0.4046
  timing: data=7.0ms  fwd=136.6ms  bwd=74.4ms  total=218.7ms
[  28600] loss=5.0340  ema_loss=5.1536  gap=0.0903  ema_gap=0.0761  mixup=53/200  4.0 sps  ETA 0.8h
              R²_rand=0.3785  R²_naive=0.3109  U_t=0.4394  U_b=0.7210  AUC=0.9927  Top1=0.5737
  timing: data=6.9ms  fwd=136.1ms  bwd=74.2ms  total=218.0ms
  -> Saved /home/jupyter/wt-cf-390-train/experiments/2026-08-01_lalign_teacher/runs/bb_small_arm6_v2_ncpc_lalign_lrepmoco_enc3l3_b64_200k_sigreg_ema_qk_aon_cpc_tau090_alignteacher_best_loss.pth
[  28800] loss=5.0846  ema_loss=5.1821  gap=0.0736  ema_gap=0.0795  mixup=49/200  4.0 sps  ETA 0.8h
              R²_rand=0.3767  R²_naive=0.2955  U_t=0.4543  U_b=0.7087  AUC=0.9915  Top1=0.5569
  timing: data=30.4ms  fwd=137.0ms  bwd=75.6ms  total=243.7ms
[  29000] loss=5.1363  ema_loss=5.1778  gap=0.0961  ema_gap=0.0742  mixup=59/200  4.0 sps  ETA 0.8h
              R²_rand=0.3884  R²_naive=0.3140  U_t=0.4449  U_b=0.6975  AUC=0.9915  Top1=0.5015
  timing: data=7.2ms  fwd=136.4ms  bwd=75.5ms  total=219.8ms
[  29200] loss=5.7748  ema_loss=5.1791  gap=0.0806  ema_gap=0.0741  mixup=57/200  4.0 sps  ETA 0.8h
              R²_rand=0.3632  R²_naive=0.2888  U_t=0.4306  U_b=0.7694  AUC=0.9818  Top1=0.4152
  timing: data=7.3ms  fwd=133.4ms  bwd=72.2ms  total=213.5ms
[  29400] loss=4.9636  ema_loss=5.1818  gap=0.0606  ema_gap=0.0776  mixup=63/200  4.0 sps  ETA 0.7h
              R²_rand=0.3720  R²_naive=0.2913  U_t=0.4915  U_b=0.7165  AUC=0.9909  Top1=0.5384
  timing: data=32.5ms  fwd=133.1ms  bwd=73.9ms  total=240.2ms
[  29600] loss=5.0815  ema_loss=5.1422  gap=0.0806  ema_gap=0.0841  mixup=61/200  4.0 sps  ETA 0.7h
              R²_rand=0.3654  R²_naive=0.3027  U_t=0.4640  U_b=0.6898  AUC=0.9917  Top1=0.5400
  timing: data=9.4ms  fwd=132.9ms  bwd=74.4ms  total=217.4ms
  -> Saved /home/jupyter/wt-cf-390-train/experiments/2026-08-01_lalign_teacher/runs/bb_small_arm6_v2_ncpc_lalign_lrepmoco_enc3l3_b64_200k_sigreg_ema_qk_aon_cpc_tau090_alignteacher_best_loss.pth
[  29800] loss=5.0008  ema_loss=5.1249  gap=0.0760  ema_gap=0.0855  mixup=60/200  4.0 sps  ETA 0.7h
              R²_rand=0.3664  R²_naive=0.3038  U_t=0.4732  U_b=0.7174  AUC=0.9927  Top1=0.5813
  timing: data=7.1ms  fwd=133.0ms  bwd=73.4ms  total=214.3ms
  -> Saved /home/jupyter/wt-cf-390-train/experiments/2026-08-01_lalign_teacher/runs/bb_small_arm6_v2_ncpc_lalign_lrepmoco_enc3l3_b64_200k_sigreg_ema_qk_aon_cpc_tau090_alignteacher_best_loss.pth
[  30000] loss=4.9961  ema_loss=5.1730  gap=0.1040  ema_gap=0.0894  mixup=65/200  4.0 sps  ETA 0.7h
              R²_rand=0.3706  R²_naive=0.3142  U_t=0.4642  U_b=0.7554  AUC=0.9914  Top1=0.5338
  timing: data=28.8ms  fwd=136.4ms  bwd=74.6ms  total=240.4ms
  -> Saved /home/jupyter/wt-cf-390-train/experiments/2026-08-01_lalign_teacher/runs/bb_small_arm6_v2_ncpc_lalign_lrepmoco_enc3l3_b64_200k_sigreg_ema_qk_aon_cpc_tau090_alignteacher_30k.pth
[  30200] loss=5.5069  ema_loss=5.1225  gap=0.0692  ema_gap=0.0879  mixup=53/200  4.0 sps  ETA 0.7h
              R²_rand=0.3333  R²_naive=0.2753  U_t=0.4652  U_b=0.7525  AUC=0.9817  Top1=0.3655
  timing: data=8.3ms  fwd=133.6ms  bwd=74.8ms  total=217.3ms
  -> Saved /home/jupyter/wt-cf-390-train/experiments/2026-08-01_lalign_teacher/runs/bb_small_arm6_v2_ncpc_lalign_lrepmoco_enc3l3_b64_200k_sigreg_ema_qk_aon_cpc_tau090_alignteacher_best_loss.pth
[  30400] loss=5.1030  ema_loss=5.1116  gap=0.0713  ema_gap=0.0905  mixup=57/200  4.0 sps  ETA 0.7h
              R²_rand=0.3797  R²_naive=0.2991  U_t=0.4796  U_b=0.6809  AUC=0.9904  Top1=0.5297
  timing: data=8.4ms  fwd=135.4ms  bwd=74.3ms  total=218.8ms
  -> Saved /home/jupyter/wt-cf-390-train/experiments/2026-08-01_lalign_teacher/runs/bb_small_arm6_v2_ncpc_lalign_lrepmoco_enc3l3_b64_200k_sigreg_ema_qk_aon_cpc_tau090_alignteacher_best_loss.pth
[  30600] loss=4.9557  ema_loss=5.1251  gap=0.0833  ema_gap=0.0828  mixup=61/200  4.0 sps  ETA 0.7h
              R²_rand=0.3787  R²_naive=0.3090  U_t=0.4671  U_b=0.7251  AUC=0.9937  Top1=0.5832
  timing: data=7.0ms  fwd=135.0ms  bwd=74.2ms  total=216.9ms
[  30800] loss=5.3919  ema_loss=5.1402  gap=0.0785  ema_gap=0.0840  mixup=56/200  4.0 sps  ETA 0.6h
              R²_rand=0.3756  R²_naive=0.3024  U_t=0.4560  U_b=0.7304  AUC=0.9875  Top1=0.4456
  timing: data=37.6ms  fwd=135.6ms  bwd=74.8ms  total=248.8ms
[  31000] loss=5.2482  ema_loss=5.1508  gap=0.0652  ema_gap=0.0846  mixup=72/200  4.0 sps  ETA 0.6h
              R²_rand=0.3576  R²_naive=0.2899  U_t=0.4766  U_b=0.6004  AUC=0.9919  Top1=0.5313
  timing: data=7.1ms  fwd=136.2ms  bwd=74.6ms  total=218.6ms
[  31200] loss=5.6018  ema_loss=5.1618  gap=0.0725  ema_gap=0.0841  mixup=67/200  4.0 sps  ETA 0.6h
              R²_rand=0.3691  R²_naive=0.2839  U_t=0.4519  U_b=0.7295  AUC=0.9812  Top1=0.3723
  timing: data=8.4ms  fwd=134.6ms  bwd=73.4ms  total=217.1ms
[  31400] loss=5.0740  ema_loss=5.1630  gap=0.0878  ema_gap=0.0844  mixup=61/200  4.0 sps  ETA 0.6h
              R²_rand=0.3556  R²_naive=0.3136  U_t=0.4593  U_b=0.6385  AUC=0.9928  Top1=0.5864
  timing: data=37.0ms  fwd=135.5ms  bwd=75.3ms  total=248.4ms
[  31600] loss=5.2417  ema_loss=5.1191  gap=0.0886  ema_gap=0.0858  mixup=57/200  4.0 sps  ETA 0.6h
              R²_rand=0.3763  R²_naive=0.3166  U_t=0.4791  U_b=0.5836  AUC=0.9928  Top1=0.5720
  timing: data=7.4ms  fwd=134.8ms  bwd=73.2ms  total=216.1ms
[  31800] loss=5.3071  ema_loss=5.1103  gap=0.0888  ema_gap=0.0849  mixup=55/200  4.0 sps  ETA 0.6h
              R²_rand=0.3691  R²_naive=0.3039  U_t=0.4750  U_b=0.7551  AUC=0.9854  Top1=0.4727
  timing: data=8.3ms  fwd=134.3ms  bwd=76.4ms  total=219.8ms
  -> Saved /home/jupyter/wt-cf-390-train/experiments/2026-08-01_lalign_teacher/runs/bb_small_arm6_v2_ncpc_lalign_lrepmoco_enc3l3_b64_200k_sigreg_ema_qk_aon_cpc_tau090_alignteacher_best_loss.pth
[  32000] loss=5.0243  ema_loss=5.1153  gap=0.0796  ema_gap=0.0884  mixup=61/200  4.0 sps  ETA 0.6h
              R²_rand=0.3732  R²_naive=0.2994  U_t=0.4583  U_b=0.7269  AUC=0.9922  Top1=0.5555
  timing: data=28.9ms  fwd=133.6ms  bwd=74.5ms  total=237.7ms
[  32200] loss=5.0500  ema_loss=5.1199  gap=0.0913  ema_gap=0.0846  mixup=58/200  4.0 sps  ETA 0.5h
              R²_rand=0.3591  R²_naive=0.3026  U_t=0.4628  U_b=0.7237  AUC=0.9919  Top1=0.5726
  timing: data=8.3ms  fwd=132.6ms  bwd=73.0ms  total=214.6ms
[  32400] loss=4.9830  ema_loss=5.0955  gap=0.0967  ema_gap=0.0885  mixup=56/200  4.0 sps  ETA 0.5h
              R²_rand=0.3912  R²_naive=0.3160  U_t=0.4702  U_b=0.7447  AUC=0.9943  Top1=0.6195
  timing: data=8.3ms  fwd=134.7ms  bwd=75.6ms  total=219.4ms
  -> Saved /home/jupyter/wt-cf-390-train/experiments/2026-08-01_lalign_teacher/runs/bb_small_arm6_v2_ncpc_lalign_lrepmoco_enc3l3_b64_200k_sigreg_ema_qk_aon_cpc_tau090_alignteacher_best_loss.pth
[  32600] loss=5.5610  ema_loss=5.1338  gap=0.0702  ema_gap=0.0805  mixup=56/200  4.0 sps  ETA 0.5h
              R²_rand=0.3586  R²_naive=0.2976  U_t=0.4781  U_b=0.7272  AUC=0.9768  Top1=0.3995
  timing: data=24.4ms  fwd=134.8ms  bwd=73.2ms  total=233.1ms
[  32800] loss=4.9326  ema_loss=5.1092  gap=0.0852  ema_gap=0.0799  mixup=62/200  4.0 sps  ETA 0.5h
              R²_rand=0.3745  R²_naive=0.3022  U_t=0.4911  U_b=0.7361  AUC=0.9932  Top1=0.5929
  timing: data=7.1ms  fwd=133.6ms  bwd=73.2ms  total=214.6ms
[  33000] loss=4.9390  ema_loss=5.1421  gap=0.0687  ema_gap=0.0790  mixup=66/200  4.0 sps  ETA 0.5h
              R²_rand=0.3786  R²_naive=0.2980  U_t=0.4901  U_b=0.7359  AUC=0.9932  Top1=0.5710
  timing: data=7.2ms  fwd=134.9ms  bwd=73.7ms  total=216.5ms
[  33200] loss=5.0483  ema_loss=5.3270  gap=0.0727  ema_gap=0.0750  mixup=61/200  4.0 sps  ETA 0.5h
              R²_rand=0.3731  R²_naive=0.3095  U_t=0.4485  U_b=0.6883  AUC=0.9925  Top1=0.5639
  timing: data=28.9ms  fwd=135.1ms  bwd=75.5ms  total=240.3ms
[  33400] loss=4.9678  ema_loss=5.2470  gap=0.0689  ema_gap=0.0789  mixup=62/200  4.0 sps  ETA 0.5h
              R²_rand=0.3689  R²_naive=0.3028  U_t=0.4656  U_b=0.7159  AUC=0.9920  Top1=0.4820
  timing: data=8.1ms  fwd=133.6ms  bwd=73.9ms  total=216.3ms
[  33600] loss=5.2716  ema_loss=5.1960  gap=0.1246  ema_gap=0.0801  mixup=53/200  4.0 sps  ETA 0.4h
              R²_rand=0.3926  R²_naive=0.3332  U_t=0.4034  U_b=0.7496  AUC=0.9908  Top1=0.4787
  timing: data=7.1ms  fwd=137.6ms  bwd=74.8ms  total=220.3ms
[  33800] loss=5.2158  ema_loss=5.1493  gap=0.1123  ema_gap=0.0846  mixup=46/200  4.0 sps  ETA 0.4h
              R²_rand=0.3979  R²_naive=0.3215  U_t=0.4662  U_b=0.7577  AUC=0.9914  Top1=0.5045
  timing: data=25.0ms  fwd=132.9ms  bwd=74.3ms  total=232.9ms
[  34000] loss=5.0418  ema_loss=5.1233  gap=0.0737  ema_gap=0.0864  mixup=62/200  4.0 sps  ETA 0.4h
              R²_rand=0.3680  R²_naive=0.2975  U_t=0.4603  U_b=0.7139  AUC=0.9905  Top1=0.5088
  timing: data=7.3ms  fwd=136.8ms  bwd=74.5ms  total=219.2ms
[  34200] loss=5.4105  ema_loss=5.1129  gap=0.0725  ema_gap=0.0868  mixup=65/200  4.0 sps  ETA 0.4h
              R²_rand=0.3771  R²_naive=0.2863  U_t=0.4371  U_b=0.7518  AUC=0.9813  Top1=0.4475
  timing: data=7.2ms  fwd=133.0ms  bwd=74.4ms  total=215.3ms
[  34400] loss=5.0026  ema_loss=5.0872  gap=0.1305  ema_gap=0.0888  mixup=63/200  4.0 sps  ETA 0.4h
              R²_rand=0.3887  R²_naive=0.3290  U_t=0.4543  U_b=0.7486  AUC=0.9908  Top1=0.4760
  timing: data=24.3ms  fwd=135.1ms  bwd=74.7ms  total=234.7ms
  -> Saved /home/jupyter/wt-cf-390-train/experiments/2026-08-01_lalign_teacher/runs/bb_small_arm6_v2_ncpc_lalign_lrepmoco_enc3l3_b64_200k_sigreg_ema_qk_aon_cpc_tau090_alignteacher_best_loss.pth
[  34600] loss=5.0094  ema_loss=5.1846  gap=0.0764  ema_gap=0.0853  mixup=67/200  4.0 sps  ETA 0.4h
              R²_rand=0.3606  R²_naive=0.2905  U_t=0.4879  U_b=0.7077  AUC=0.9885  Top1=0.4896
  timing: data=7.4ms  fwd=134.7ms  bwd=73.4ms  total=216.1ms
[  34800] loss=5.5757  ema_loss=5.1883  gap=0.0753  ema_gap=0.0836  mixup=65/200  4.0 sps  ETA 0.4h
              R²_rand=0.3355  R²_naive=0.2874  U_t=0.4960  U_b=0.7636  AUC=0.9809  Top1=0.3552
  timing: data=7.0ms  fwd=136.0ms  bwd=74.5ms  total=218.1ms
[  35000] loss=5.1126  ema_loss=5.1798  gap=0.0831  ema_gap=0.0920  mixup=61/200  4.0 sps  ETA 0.4h
              R²_rand=0.3362  R²_naive=0.2876  U_t=0.5303  U_b=0.7074  AUC=0.9859  Top1=0.4361
  timing: data=28.4ms  fwd=134.7ms  bwd=75.9ms  total=239.7ms
[  35200] loss=5.0033  ema_loss=5.2135  gap=0.0787  ema_gap=0.0930  mixup=60/200  4.0 sps  ETA 0.3h
              R²_rand=0.3603  R²_naive=0.2841  U_t=0.4843  U_b=0.7421  AUC=0.9852  Top1=0.4852
  timing: data=8.3ms  fwd=135.3ms  bwd=75.6ms  total=219.8ms
[  35400] loss=5.1514  ema_loss=5.1916  gap=0.1104  ema_gap=0.0895  mixup=62/200  4.0 sps  ETA 0.3h
              R²_rand=0.3721  R²_naive=0.3116  U_t=0.5149  U_b=0.6996  AUC=0.9881  Top1=0.5142
  timing: data=8.3ms  fwd=131.3ms  bwd=71.8ms  total=212.1ms
[  35600] loss=5.0324  ema_loss=5.1852  gap=0.0789  ema_gap=0.0883  mixup=66/200  4.0 sps  ETA 0.3h
              R²_rand=0.3622  R²_naive=0.2930  U_t=0.5196  U_b=0.7248  AUC=0.9841  Top1=0.4383
  timing: data=7.3ms  fwd=136.7ms  bwd=73.9ms  total=218.5ms
[  35800] loss=5.3620  ema_loss=5.3086  gap=0.0818  ema_gap=0.0813  mixup=65/200  4.0 sps  ETA 0.3h
              R²_rand=0.3459  R²_naive=0.2905  U_t=0.5022  U_b=0.6546  AUC=0.9810  Top1=0.4079
  timing: data=23.6ms  fwd=136.3ms  bwd=74.3ms  total=234.9ms
[  36000] loss=5.1557  ema_loss=5.2100  gap=0.0853  ema_gap=0.0820  mixup=62/200  4.0 sps  ETA 0.3h
              R²_rand=0.3641  R²_naive=0.2923  U_t=0.5113  U_b=0.7211  AUC=0.9869  Top1=0.4839
  timing: data=7.1ms  fwd=136.4ms  bwd=74.8ms  total=219.1ms
[  36200] loss=5.1853  ema_loss=5.2243  gap=0.0719  ema_gap=0.0831  mixup=56/200  4.0 sps  ETA 0.3h
              R²_rand=0.3197  R²_naive=0.2711  U_t=0.5215  U_b=0.7240  AUC=0.9817  Top1=0.4160
  timing: data=7.0ms  fwd=136.2ms  bwd=75.2ms  total=219.1ms
[  36400] loss=5.1295  ema_loss=5.2679  gap=0.0660  ema_gap=0.0785  mixup=63/200  4.0 sps  ETA 0.3h
              R²_rand=0.3384  R²_naive=0.2732  U_t=0.4829  U_b=0.7151  AUC=0.9848  Top1=0.4293
  timing: data=41.5ms  fwd=134.2ms  bwd=73.8ms  total=250.2ms
[  36600] loss=5.0832  ema_loss=5.2758  gap=0.0772  ema_gap=0.0754  mixup=58/200  4.0 sps  ETA 0.2h
              R²_rand=0.3462  R²_naive=0.2828  U_t=0.5036  U_b=0.7324  AUC=0.9827  Top1=0.4185
  timing: data=7.1ms  fwd=132.9ms  bwd=72.7ms  total=213.4ms
[  36800] loss=5.0480  ema_loss=5.2296  gap=0.0579  ema_gap=0.0747  mixup=52/200  4.0 sps  ETA 0.2h
              R²_rand=0.3501  R²_naive=0.2738  U_t=0.4902  U_b=0.7372  AUC=0.9850  Top1=0.4640
  timing: data=8.3ms  fwd=133.5ms  bwd=73.2ms  total=215.6ms
[  37000] loss=5.0998  ema_loss=5.2400  gap=0.0682  ema_gap=0.0767  mixup=58/200  4.0 sps  ETA 0.2h
              R²_rand=0.3411  R²_naive=0.2796  U_t=0.5190  U_b=0.7251  AUC=0.9852  Top1=0.4231
  timing: data=23.0ms  fwd=134.2ms  bwd=73.5ms  total=231.4ms
[  37200] loss=5.9111  ema_loss=5.2242  gap=0.1204  ema_gap=0.0721  mixup=48/200  4.0 sps  ETA 0.2h
              R²_rand=0.3432  R²_naive=0.3051  U_t=0.4448  U_b=0.7339  AUC=0.9808  Top1=0.4122
  timing: data=7.1ms  fwd=134.5ms  bwd=73.3ms  total=215.7ms
[  37400] loss=5.0910  ema_loss=5.2240  gap=0.0634  ema_gap=0.0747  mixup=58/200  4.0 sps  ETA 0.2h
              R²_rand=0.3621  R²_naive=0.2855  U_t=0.5037  U_b=0.7131  AUC=0.9839  Top1=0.4429
  timing: data=7.2ms  fwd=135.5ms  bwd=76.4ms  total=219.8ms
[  37600] loss=5.0876  ema_loss=5.2757  gap=0.0816  ema_gap=0.0650  mixup=65/200  4.0 sps  ETA 0.2h
              R²_rand=0.3540  R²_naive=0.2880  U_t=0.5006  U_b=0.7290  AUC=0.9830  Top1=0.4353
  timing: data=30.2ms  fwd=134.1ms  bwd=74.8ms  total=239.8ms
[  37800] loss=5.2003  ema_loss=5.2252  gap=0.0795  ema_gap=0.0661  mixup=71/200  4.0 sps  ETA 0.2h
              R²_rand=0.3461  R²_naive=0.2916  U_t=0.4895  U_b=0.7276  AUC=0.9830  Top1=0.3552
  timing: data=7.2ms  fwd=134.3ms  bwd=73.6ms  total=215.7ms
[  38000] loss=5.1950  ema_loss=5.2485  gap=0.0633  ema_gap=0.0684  mixup=61/200  4.0 sps  ETA 0.1h
              R²_rand=0.3381  R²_naive=0.2686  U_t=0.5040  U_b=0.6771  AUC=0.9824  Top1=0.4166
  timing: data=8.4ms  fwd=135.8ms  bwd=75.9ms  total=220.9ms
[  38200] loss=5.1780  ema_loss=5.2499  gap=0.0447  ema_gap=0.0662  mixup=70/200  4.0 sps  ETA 0.1h
              R²_rand=0.3239  R²_naive=0.2683  U_t=0.5315  U_b=0.6904  AUC=0.9832  Top1=0.3832
  timing: data=32.0ms  fwd=135.6ms  bwd=75.6ms  total=243.9ms
[  38400] loss=5.0447  ema_loss=5.2449  gap=0.0649  ema_gap=0.0649  mixup=49/200  4.0 sps  ETA 0.1h
              R²_rand=0.3422  R²_naive=0.2813  U_t=0.5396  U_b=0.7300  AUC=0.9842  Top1=0.4518
  timing: data=7.3ms  fwd=136.2ms  bwd=76.2ms  total=220.5ms
[  38600] loss=5.3150  ema_loss=5.2463  gap=0.0682  ema_gap=0.0630  mixup=53/200  4.0 sps  ETA 0.1h
              R²_rand=0.3368  R²_naive=0.2712  U_t=0.5270  U_b=0.7238  AUC=0.9780  Top1=0.4293
  timing: data=7.3ms  fwd=134.8ms  bwd=73.8ms  total=216.6ms
[  38800] loss=5.1431  ema_loss=5.2282  gap=0.0743  ema_gap=0.0627  mixup=53/200  4.0 sps  ETA 0.1h
              R²_rand=0.3530  R²_naive=0.2852  U_t=0.5091  U_b=0.7351  AUC=0.9826  Top1=0.3908
  timing: data=28.7ms  fwd=131.7ms  bwd=75.5ms  total=236.6ms
[  39000] loss=5.1488  ema_loss=5.2079  gap=0.0698  ema_gap=0.0614  mixup=56/200  4.0 sps  ETA 0.1h
              R²_rand=0.3633  R²_naive=0.2965  U_t=0.4713  U_b=0.7260  AUC=0.9859  Top1=0.4738
  timing: data=7.3ms  fwd=135.0ms  bwd=74.3ms  total=217.2ms
[  39200] loss=5.0452  ema_loss=5.1951  gap=0.0543  ema_gap=0.0645  mixup=65/200  4.0 sps  ETA 0.1h
              R²_rand=0.3489  R²_naive=0.2739  U_t=0.5375  U_b=0.7382  AUC=0.9865  Top1=0.4391
  timing: data=8.1ms  fwd=132.4ms  bwd=74.7ms  total=215.9ms
[  39400] loss=5.2235  ema_loss=5.1854  gap=0.0706  ema_gap=0.0639  mixup=51/200  4.0 sps  ETA 0.0h
              R²_rand=0.3442  R²_naive=0.2790  U_t=0.4907  U_b=0.7438  AUC=0.9864  Top1=0.4280
  timing: data=54.4ms  fwd=132.8ms  bwd=73.6ms  total=261.6ms
[  39600] loss=5.3173  ema_loss=5.3384  gap=0.0470  ema_gap=0.0594  mixup=63/200  4.0 sps  ETA 0.0h
              R²_rand=0.3410  R²_naive=0.2785  U_t=0.4960  U_b=0.6208  AUC=0.9857  Top1=0.4472
  timing: data=8.4ms  fwd=134.8ms  bwd=73.9ms  total=217.8ms
[  39800] loss=5.1683  ema_loss=5.4459  gap=0.0301  ema_gap=0.0485  mixup=57/200  4.0 sps  ETA 0.0h
              R²_rand=0.3551  R²_naive=0.2705  U_t=0.4787  U_b=0.6988  AUC=0.9802  Top1=0.3664
  timing: data=7.1ms  fwd=135.3ms  bwd=75.3ms  total=218.4ms
[  40000] loss=6.0152  ema_loss=5.4764  gap=0.0470  ema_gap=0.0459  mixup=66/200  4.0 sps  ETA 0.0h
              R²_rand=0.3691  R²_naive=0.2712  U_t=0.4451  U_b=0.6964  AUC=0.9862  Top1=0.4404
  timing: data=50.8ms  fwd=132.8ms  bwd=75.7ms  total=260.0ms
  -> Saved /home/jupyter/wt-cf-390-train/experiments/2026-08-01_lalign_teacher/runs/bb_small_arm6_v2_ncpc_lalign_lrepmoco_enc3l3_b64_200k_sigreg_ema_qk_aon_cpc_tau090_alignteacher_40k.pth
  -> Saved /home/jupyter/wt-cf-390-train/experiments/2026-08-01_lalign_teacher/runs/bb_small_arm6_v2_ncpc_lalign_lrepmoco_enc3l3_b64_200k_sigreg_ema_qk_aon_cpc_tau090_alignteacher_final.pth

Done in 2.8h. Best gap=0.3347 at step 2200, Best loss=5.0872 at step 34400
  [checkpoint] Branching to 'bb_small_arm6_v2_ncpc_lalign_lrepmoco_enc3l3_b64_200k_sigreg_ema_qk_aon_cpc_tau090_alignteacher_r2'.
  [checkpoint] Restored optimizer from /home/jupyter/wt-cf-390-train/experiments/2026-08-01_lalign_teacher/runs/bb_small_arm6_v2_ncpc_lalign_lrepmoco_enc3l3_b64_200k_sigreg_ema_qk_aon_cpc_tau090_alignteacher_40k_optimizer.pth (step=40000, best_ff=0.3347)
Resumed from /home/jupyter/wt-cf-390-train/experiments/2026-08-01_lalign_teacher/runs/bb_small_arm6_v2_ncpc_lalign_lrepmoco_enc3l3_b64_200k_sigreg_ema_qk_aon_cpc_tau090_alignteacher_40k.pth at step 40000
Device: cuda | Params: 720,668
Training for 100000 steps, bs=64, lr=0.001, T=4096, C=1, mix_ratio=0.0078125, freq_emb_dim=3, seasonality_emb_dim=3, mixup_p=0.3, rev_norm_kind=ewma(span=128), patch_stats=none, encoder_type=gru
Checkpoints: /home/jupyter/wt-cf-390-train/experiments/2026-08-01_lalign_teacher/runs/bb_small_arm6_v2_ncpc_lalign_lrepmoco_enc3l3_b64_200k_sigreg_ema_qk_aon_cpc_tau090_alignteacher_r2_*.pth
Loss CSV: /home/jupyter/wt-cf-390-train/experiments/2026-08-01_lalign_teacher/runs/bb_small_arm6_v2_ncpc_lalign_lrepmoco_enc3l3_b64_200k_sigreg_ema_qk_aon_cpc_tau090_alignteacher_r2_losses.csv
Latent-drift CSV: /home/jupyter/wt-cf-390-train/experiments/2026-08-01_lalign_teacher/runs/bb_small_arm6_v2_ncpc_lalign_lrepmoco_enc3l3_b64_200k_sigreg_ema_qk_aon_cpc_tau090_alignteacher_r2_latent_drift.csv (every 25000 steps, probe_bs=64, probe_seed=20260722)
Attn-amplitude CSV: /home/jupyter/wt-cf-390-train/experiments/2026-08-01_lalign_teacher/runs/bb_small_arm6_v2_ncpc_lalign_lrepmoco_enc3l3_b64_200k_sigreg_ema_qk_aon_cpc_tau090_alignteacher_r2_attn_amplitude.csv (every 200 steps)
Data: MIX 99% HF + 1% synth (forked-arma) + 0% crossfade + 1 triplet(s)=3 rows, hf_bs=64, synth_bs=0, cross_bs=0, total_bs=67
  [dataloader] 4274 shards, 42740000 total rows, target skip 2560000
  [dataloader] Fast-skip: starting at shard 256/4274, then skipping 0 rows within it
[  40200] loss=5.1906  ema_loss=5.4478  gap=0.0620  ema_gap=0.0550  mixup=59/200  4.1 sps  ETA 4.0h
              R²_rand=0.3571  R²_naive=0.2835  U_t=0.4508  U_b=0.6861  AUC=0.9851  Top1=0.4185
  timing: data=41.4ms  fwd=115.0ms  bwd=78.8ms  total=236.0ms
[  40400] loss=5.3726  ema_loss=5.4150  gap=0.0668  ema_gap=0.0656  mixup=58/200  4.4 sps  ETA 3.8h
              R²_rand=0.3717  R²_naive=0.3089  U_t=0.4755  U_b=0.5801  AUC=0.9862  Top1=0.3938
  timing: data=3.5ms  fwd=116.6ms  bwd=81.1ms  total=201.9ms
[  40600] loss=5.3487  ema_loss=5.5230  gap=0.0336  ema_gap=0.0545  mixup=58/200  4.5 sps  ETA 3.6h
              R²_rand=0.3423  R²_naive=0.2631  U_t=0.4744  U_b=0.6331  AUC=0.9783  Top1=0.3541
  timing: data=3.5ms  fwd=114.5ms  bwd=81.0ms  total=199.6ms
[  40800] loss=5.3601  ema_loss=5.5288  gap=0.0110  ema_gap=0.0340  mixup=56/200  4.5 sps  ETA 3.6h
              R²_rand=0.3288  R²_naive=0.2575  U_t=0.4738  U_b=0.6407  AUC=0.9737  Top1=0.3153
  timing: data=19.9ms  fwd=113.1ms  bwd=79.2ms  total=212.8ms
[  41000] loss=5.4939  ema_loss=5.6157  gap=0.0893  ema_gap=0.0307  mixup=55/200  4.6 sps  ETA 3.6h
              R²_rand=0.3869  R²_naive=0.3188  U_t=0.4039  U_b=0.5917  AUC=0.9866  Top1=0.4760
  timing: data=3.6ms  fwd=115.6ms  bwd=80.9ms  total=200.7ms
[  41200] loss=5.4674  ema_loss=5.6363  gap=0.0405  ema_gap=0.0408  mixup=61/200  4.6 sps  ETA 3.5h
              R²_rand=0.3429  R²_naive=0.2731  U_t=0.4017  U_b=0.6897  AUC=0.9765  Top1=0.3346
  timing: data=4.2ms  fwd=116.3ms  bwd=80.5ms  total=201.7ms
[  41400] loss=5.5407  ema_loss=5.5814  gap=0.0245  ema_gap=0.0398  mixup=59/200  4.4 sps  ETA 3.7h
              R²_rand=0.3503  R²_naive=0.2602  U_t=0.4311  U_b=0.5639  AUC=0.9802  Top1=0.3731
  timing: data=108.3ms  fwd=114.9ms  bwd=80.9ms  total=304.7ms
[  41600] loss=5.6353  ema_loss=5.5150  gap=0.0713  ema_gap=0.0438  mixup=56/200  4.4 sps  ETA 3.7h
              R²_rand=0.3718  R²_naive=0.2733  U_t=0.4724  U_b=0.6757  AUC=0.9814  Top1=0.3883
  timing: data=4.1ms  fwd=117.3ms  bwd=82.0ms  total=204.1ms
[  41800] loss=5.3264  ema_loss=5.5930  gap=0.0155  ema_gap=0.0332  mixup=52/200  4.4 sps  ETA 3.6h
              R²_rand=0.3197  R²_naive=0.2546  U_t=0.4988  U_b=0.6935  AUC=0.9617  Top1=0.2681
  timing: data=3.7ms  fwd=116.6ms  bwd=83.1ms  total=204.1ms
[  42000] loss=5.3097  ema_loss=5.6155  gap=0.0264  ema_gap=0.0202  mixup=56/200  4.5 sps  ETA 3.6h
              R²_rand=0.3569  R²_naive=0.2663  U_t=0.4449  U_b=0.6842  AUC=0.9770  Top1=0.3655
  timing: data=19.2ms  fwd=112.8ms  bwd=78.3ms  total=210.9ms
[  42200] loss=6.8663  ema_loss=5.6365  gap=-0.0017  ema_gap=0.0113  mixup=50/200  4.5 sps  ETA 3.6h
              R²_rand=0.3356  R²_naive=0.1742  U_t=0.4504  U_b=0.4728  AUC=0.9738  Top1=0.2980
  timing: data=3.8ms  fwd=116.0ms  bwd=80.7ms  total=201.2ms
[  42400] loss=5.2263  ema_loss=5.5669  gap=0.0169  ema_gap=0.0193  mixup=73/200  4.5 sps  ETA 3.5h
              R²_rand=0.3414  R²_naive=0.2714  U_t=0.4532  U_b=0.6913  AUC=0.9843  Top1=0.4043
  timing: data=3.8ms  fwd=116.6ms  bwd=79.0ms  total=200.0ms
[  42600] loss=6.9370  ema_loss=5.7236  gap=0.0126  ema_gap=0.0203  mixup=57/200  4.5 sps  ETA 3.5h
              R²_rand=0.3739  R²_naive=0.2074  U_t=0.3991  U_b=0.4664  AUC=0.9684  Top1=0.2725
  timing: data=18.7ms  fwd=113.6ms  bwd=79.0ms  total=211.8ms
[  42800] loss=5.1761  ema_loss=5.6196  gap=0.0125  ema_gap=0.0196  mixup=69/200  4.5 sps  ETA 3.5h
              R²_rand=0.3515  R²_naive=0.2693  U_t=0.4387  U_b=0.7105  AUC=0.9817  Top1=0.3924
  timing: data=3.5ms  fwd=116.4ms  bwd=80.4ms  total=200.8ms
[  43000] loss=5.4267  ema_loss=5.6069  gap=0.0363  ema_gap=0.0348  mixup=62/200  4.6 sps  ETA 3.5h
              R²_rand=0.3630  R²_naive=0.2798  U_t=0.4154  U_b=0.6825  AUC=0.9861  Top1=0.4068
  timing: data=3.4ms  fwd=114.6ms  bwd=78.7ms  total=197.3ms
[  43200] loss=5.2964  ema_loss=5.6264  gap=0.0130  ema_gap=0.0265  mixup=65/200  4.6 sps  ETA 3.5h
              R²_rand=0.3276  R²_naive=0.2605  U_t=0.4738  U_b=0.6944  AUC=0.9761  Top1=0.3110
  timing: data=19.1ms  fwd=112.3ms  bwd=78.2ms  total=210.2ms
[  43400] loss=5.5783  ema_loss=5.6137  gap=-0.0130  ema_gap=0.0152  mixup=56/200  4.6 sps  ETA 3.4h
              R²_rand=0.3645  R²_naive=0.2513  U_t=0.3986  U_b=0.5997  AUC=0.9750  Top1=0.2744
  timing: data=3.5ms  fwd=115.9ms  bwd=78.0ms  total=198.0ms
[  43600] loss=5.2777  ema_loss=5.5493  gap=-0.0036  ema_gap=0.0103  mixup=62/200  4.6 sps  ETA 3.4h
              R²_rand=0.3662  R²_naive=0.2569  U_t=0.3961  U_b=0.6899  AUC=0.9834  Top1=0.3547
  timing: data=3.7ms  fwd=115.4ms  bwd=78.9ms  total=198.6ms
[  43800] loss=5.8155  ema_loss=5.5179  gap=-0.0033  ema_gap=0.0135  mixup=58/200  4.6 sps  ETA 3.4h
              R²_rand=0.3599  R²_naive=0.2368  U_t=0.4015  U_b=0.6941  AUC=0.9833  Top1=0.3723
  timing: data=20.4ms  fwd=113.3ms  bwd=78.3ms  total=212.5ms
[  44000] loss=5.4844  ema_loss=5.5042  gap=0.0207  ema_gap=0.0209  mixup=67/200  4.6 sps  ETA 3.4h
              R²_rand=0.3698  R²_naive=0.2598  U_t=0.3737  U_b=0.7133  AUC=0.9830  Top1=0.4255
  timing: data=3.4ms  fwd=113.5ms  bwd=78.4ms  total=196.0ms
[  44200] loss=5.1649  ema_loss=5.5033  gap=0.0321  ema_gap=0.0261  mixup=62/200  4.6 sps  ETA 3.3h
              R²_rand=0.3457  R²_naive=0.2786  U_t=0.4392  U_b=0.7198  AUC=0.9866  Top1=0.4212
  timing: data=3.7ms  fwd=114.1ms  bwd=78.4ms  total=196.7ms
[  44400] loss=5.1839  ema_loss=5.5459  gap=0.0188  ema_gap=0.0299  mixup=57/200  4.6 sps  ETA 3.3h
              R²_rand=0.3725  R²_naive=0.2764  U_t=0.4209  U_b=0.7064  AUC=0.9843  Top1=0.3824
  timing: data=20.1ms  fwd=112.7ms  bwd=78.1ms  total=211.5ms
[  44600] loss=5.2729  ema_loss=5.5464  gap=0.0203  ema_gap=0.0251  mixup=62/200  4.6 sps  ETA 3.3h
              R²_rand=0.3800  R²_naive=0.2817  U_t=0.4162  U_b=0.7145  AUC=0.9788  Top1=0.3411
  timing: data=3.8ms  fwd=114.9ms  bwd=78.5ms  total=197.8ms
[  44800] loss=5.4947  ema_loss=5.6456  gap=0.0108  ema_gap=0.0180  mixup=67/200  4.6 sps  ETA 3.3h
              R²_rand=0.2930  R²_naive=0.2487  U_t=0.4676  U_b=0.6074  AUC=0.9677  Top1=0.2651
  timing: data=3.4ms  fwd=115.2ms  bwd=79.8ms  total=199.1ms
[  45000] loss=5.6924  ema_loss=5.6720  gap=0.0089  ema_gap=0.0203  mixup=65/200  4.6 sps  ETA 3.3h
              R²_rand=0.3582  R²_naive=0.2673  U_t=0.4289  U_b=0.5418  AUC=0.9771  Top1=0.2931
  timing: data=19.5ms  fwd=115.9ms  bwd=79.5ms  total=215.4ms
[  45200] loss=5.1480  ema_loss=5.5247  gap=0.0131  ema_gap=0.0185  mixup=58/200  4.7 sps  ETA 3.3h
              R²_rand=0.3446  R²_naive=0.2659  U_t=0.4666  U_b=0.7159  AUC=0.9743  Top1=0.2814
  timing: data=3.5ms  fwd=113.5ms  bwd=77.6ms  total=195.2ms
[  45400] loss=5.0744  ema_loss=5.3879  gap=0.0189  ema_gap=0.0213  mixup=56/200  4.7 sps  ETA 3.3h
              R²_rand=0.3569  R²_naive=0.2757  U_t=0.4529  U_b=0.7429  AUC=0.9840  Top1=0.3862
  timing: data=3.4ms  fwd=114.9ms  bwd=77.9ms  total=196.8ms
[  45600] loss=5.1044  ema_loss=5.3556  gap=0.0226  ema_gap=0.0264  mixup=66/200  4.7 sps  ETA 3.2h
              R²_rand=0.3723  R²_naive=0.2769  U_t=0.4296  U_b=0.7443  AUC=0.9849  Top1=0.3891
  timing: data=3.7ms  fwd=113.9ms  bwd=80.7ms  total=198.9ms
[  45800] loss=5.4951  ema_loss=5.4070  gap=0.0361  ema_gap=0.0278  mixup=57/200  4.7 sps  ETA 3.2h
              R²_rand=0.3401  R²_naive=0.2729  U_t=0.4186  U_b=0.7222  AUC=0.9853  Top1=0.4141
  timing: data=20.1ms  fwd=112.8ms  bwd=78.8ms  total=212.4ms
[  46000] loss=5.1184  ema_loss=5.4750  gap=0.0290  ema_gap=0.0238  mixup=64/200  4.7 sps  ETA 3.2h
              R²_rand=0.3622  R²_naive=0.2841  U_t=0.4360  U_b=0.7195  AUC=0.9809  Top1=0.3427
  timing: data=3.6ms  fwd=112.7ms  bwd=77.8ms  total=194.7ms
[  46200] loss=5.3088  ema_loss=5.3385  gap=0.0334  ema_gap=0.0256  mixup=59/200  4.7 sps  ETA 3.2h
              R²_rand=0.3638  R²_naive=0.2822  U_t=0.4419  U_b=0.6491  AUC=0.9854  Top1=0.4385
  timing: data=3.4ms  fwd=115.8ms  bwd=79.5ms  total=199.3ms
[  46400] loss=5.0744  ema_loss=5.4680  gap=0.0505  ema_gap=0.0184  mixup=62/200  4.7 sps  ETA 3.2h
              R²_rand=0.3549  R²_naive=0.2995  U_t=0.4193  U_b=0.7233  AUC=0.9848  Top1=0.4038
  timing: data=24.4ms  fwd=112.0ms  bwd=78.9ms  total=215.9ms
[  46600] loss=4.9926  ema_loss=5.3783  gap=0.0274  ema_gap=0.0271  mixup=74/200  4.7 sps  ETA 3.2h
              R²_rand=0.3315  R²_naive=0.2694  U_t=0.4732  U_b=0.7610  AUC=0.9825  Top1=0.3775
  timing: data=3.7ms  fwd=115.6ms  bwd=80.3ms  total=200.2ms
[  46800] loss=5.0743  ema_loss=5.3880  gap=0.0284  ema_gap=0.0343  mixup=64/200  4.7 sps  ETA 3.2h
              R²_rand=0.3583  R²_naive=0.2797  U_t=0.4344  U_b=0.7347  AUC=0.9836  Top1=0.3810
  timing: data=3.6ms  fwd=114.9ms  bwd=78.8ms  total=197.9ms
[  47000] loss=5.2336  ema_loss=5.5796  gap=0.0273  ema_gap=0.0341  mixup=64/200  4.7 sps  ETA 3.1h
              R²_rand=0.3590  R²_naive=0.2658  U_t=0.4421  U_b=0.6955  AUC=0.9770  Top1=0.3243
  timing: data=28.0ms  fwd=112.6ms  bwd=78.9ms  total=220.2ms
[  47200] loss=5.2496  ema_loss=5.5201  gap=0.0237  ema_gap=0.0309  mixup=59/200  4.7 sps  ETA 3.1h
              R²_rand=0.3341  R²_naive=0.2673  U_t=0.4249  U_b=0.7044  AUC=0.9815  Top1=0.4000
  timing: data=3.2ms  fwd=113.8ms  bwd=80.0ms  total=197.7ms
[  47400] loss=5.3027  ema_loss=5.4078  gap=0.0564  ema_gap=0.0320  mixup=58/200  4.7 sps  ETA 3.1h
              R²_rand=0.3612  R²_naive=0.2991  U_t=0.3685  U_b=0.7119  AUC=0.9851  Top1=0.4573
  timing: data=3.5ms  fwd=113.4ms  bwd=78.2ms  total=195.7ms
[  47600] loss=5.5690  ema_loss=5.6722  gap=0.0060  ema_gap=0.0219  mixup=64/200  4.7 sps  ETA 3.1h
              R²_rand=0.3821  R²_naive=0.2679  U_t=0.3837  U_b=0.5705  AUC=0.9775  Top1=0.2773
  timing: data=26.4ms  fwd=112.9ms  bwd=78.8ms  total=218.7ms
[  47800] loss=5.1102  ema_loss=5.5419  gap=0.0283  ema_gap=0.0264  mixup=40/200  4.7 sps  ETA 3.1h
              R²_rand=0.3435  R²_naive=0.2819  U_t=0.4486  U_b=0.7111  AUC=0.9823  Top1=0.3596
  timing: data=3.7ms  fwd=114.5ms  bwd=80.3ms  total=199.1ms
[  48000] loss=5.3438  ema_loss=5.4400  gap=0.0347  ema_gap=0.0348  mixup=67/200  4.7 sps  ETA 3.1h
              R²_rand=0.3671  R²_naive=0.2734  U_t=0.4310  U_b=0.7573  AUC=0.9874  Top1=0.4355
  timing: data=3.5ms  fwd=112.9ms  bwd=78.1ms  total=195.2ms
[  48200] loss=5.4976  ema_loss=5.5902  gap=0.0152  ema_gap=0.0278  mixup=55/200  4.7 sps  ETA 3.1h
              R²_rand=0.3271  R²_naive=0.2402  U_t=0.4522  U_b=0.6895  AUC=0.9743  Top1=0.2882
  timing: data=21.5ms  fwd=114.1ms  bwd=80.2ms  total=216.5ms
[  48400] loss=5.2984  ema_loss=5.5798  gap=0.0124  ema_gap=0.0276  mixup=66/200  4.7 sps  ETA 3.1h
              R²_rand=0.3304  R²_naive=0.2600  U_t=0.4775  U_b=0.6458  AUC=0.9705  Top1=0.2488
  timing: data=4.1ms  fwd=113.9ms  bwd=77.1ms  total=195.8ms
[  48600] loss=5.6514  ema_loss=5.6143  gap=0.0244  ema_gap=0.0245  mixup=60/200  4.7 sps  ETA 3.0h
              R²_rand=0.3496  R²_naive=0.2556  U_t=0.4780  U_b=0.6965  AUC=0.9736  Top1=0.2801
  timing: data=4.1ms  fwd=114.1ms  bwd=80.4ms  total=199.2ms
[  48800] loss=5.2449  ema_loss=5.6191  gap=0.0113  ema_gap=0.0213  mixup=61/200  4.7 sps  ETA 3.0h
              R²_rand=0.3481  R²_naive=0.2604  U_t=0.4584  U_b=0.6902  AUC=0.9776  Top1=0.3297
  timing: data=20.0ms  fwd=116.4ms  bwd=81.9ms  total=219.0ms
[  49000] loss=5.6807  ema_loss=5.6976  gap=0.0308  ema_gap=0.0194  mixup=62/200  4.7 sps  ETA 3.0h
              R²_rand=0.3450  R²_naive=0.2389  U_t=0.4269  U_b=0.6865  AUC=0.9794  Top1=0.3370
  timing: data=4.0ms  fwd=114.5ms  bwd=81.1ms  total=200.3ms
[  49200] loss=5.5623  ema_loss=5.5467  gap=0.0195  ema_gap=0.0229  mixup=63/200  4.7 sps  ETA 3.0h
              R²_rand=0.3628  R²_naive=0.2634  U_t=0.4565  U_b=0.7130  AUC=0.9813  Top1=0.3832
  timing: data=4.0ms  fwd=114.8ms  bwd=81.2ms  total=200.6ms
[  49400] loss=5.1591  ema_loss=5.5174  gap=0.0173  ema_gap=0.0214  mixup=57/200  4.7 sps  ETA 3.0h
              R²_rand=0.3588  R²_naive=0.2611  U_t=0.4263  U_b=0.7240  AUC=0.9769  Top1=0.3251
  timing: data=19.7ms  fwd=114.6ms  bwd=80.8ms  total=215.8ms
[  49600] loss=5.1247  ema_loss=5.7206  gap=0.0190  ema_gap=0.0134  mixup=67/200  4.7 sps  ETA 3.0h
              R²_rand=0.3466  R²_naive=0.2673  U_t=0.4448  U_b=0.7151  AUC=0.9764  Top1=0.3058
  timing: data=3.4ms  fwd=115.2ms  bwd=78.9ms  total=198.1ms
[  49800] loss=5.6568  ema_loss=5.5511  gap=0.0214  ema_gap=0.0112  mixup=57/200  4.7 sps  ETA 3.0h
              R²_rand=0.3370  R²_naive=0.2650  U_t=0.4642  U_b=0.5608  AUC=0.9802  Top1=0.3463
  timing: data=4.0ms  fwd=116.0ms  bwd=79.6ms  total=200.2ms
[  50000] loss=5.2261  ema_loss=5.5753  gap=0.0127  ema_gap=0.0178  mixup=59/200  4.7 sps  ETA 3.0h
              R²_rand=0.3509  R²_naive=0.2616  U_t=0.4480  U_b=0.7360  AUC=0.9804  Top1=0.3520
  timing: data=3.4ms  fwd=113.7ms  bwd=82.1ms  total=199.8ms
  -> Saved /home/jupyter/wt-cf-390-train/experiments/2026-08-01_lalign_teacher/runs/bb_small_arm6_v2_ncpc_lalign_lrepmoco_enc3l3_b64_200k_sigreg_ema_qk_aon_cpc_tau090_alignteacher_r2_50k.pth
[  50200] loss=5.2079  ema_loss=5.5206  gap=0.0696  ema_gap=0.0204  mixup=55/200  4.7 sps  ETA 2.9h
              R²_rand=0.3522  R²_naive=0.2877  U_t=0.4970  U_b=0.7195  AUC=0.9781  Top1=0.3992
  timing: data=20.2ms  fwd=113.8ms  bwd=80.8ms  total=215.3ms
[  50400] loss=5.0817  ema_loss=5.5220  gap=0.0110  ema_gap=0.0226  mixup=61/200  4.7 sps  ETA 2.9h
              R²_rand=0.3385  R²_naive=0.2552  U_t=0.4643  U_b=0.7484  AUC=0.9781  Top1=0.3588
  timing: data=3.6ms  fwd=113.0ms  bwd=81.0ms  total=198.1ms
[  50600] loss=5.7766  ema_loss=5.5088  gap=0.0386  ema_gap=0.0254  mixup=50/200  4.7 sps  ETA 2.9h
              R²_rand=0.3713  R²_naive=0.2653  U_t=0.4100  U_b=0.7047  AUC=0.9794  Top1=0.3495
  timing: data=3.3ms  fwd=115.9ms  bwd=80.6ms  total=200.4ms
[  50800] loss=5.2373  ema_loss=5.5435  gap=0.0339  ema_gap=0.0285  mixup=63/200  4.7 sps  ETA 2.9h
              R²_rand=0.3654  R²_naive=0.2781  U_t=0.4237  U_b=0.7267  AUC=0.9808  Top1=0.4136
  timing: data=27.6ms  fwd=113.6ms  bwd=80.9ms  total=222.6ms
[  51000] loss=5.2685  ema_loss=5.5324  gap=0.0321  ema_gap=0.0305  mixup=70/200  4.7 sps  ETA 2.9h
              R²_rand=0.3514  R²_naive=0.2825  U_t=0.4897  U_b=0.6548  AUC=0.9813  Top1=0.3419
  timing: data=4.1ms  fwd=114.4ms  bwd=80.8ms  total=199.9ms
[  51200] loss=5.3317  ema_loss=5.5110  gap=0.0125  ema_gap=0.0397  mixup=61/200  4.7 sps  ETA 2.9h
              R²_rand=0.3430  R²_naive=0.2619  U_t=0.4760  U_b=0.5951  AUC=0.9808  Top1=0.3387
  timing: data=3.5ms  fwd=113.1ms  bwd=80.8ms  total=197.9ms
[  51400] loss=5.0994  ema_loss=5.5264  gap=0.0323  ema_gap=0.0414  mixup=66/200  4.7 sps  ETA 2.9h
              R²_rand=0.3376  R²_naive=0.2797  U_t=0.4443  U_b=0.7385  AUC=0.9851  Top1=0.3840
  timing: data=22.5ms  fwd=113.0ms  bwd=80.1ms  total=216.2ms
[  51600] loss=5.1856  ema_loss=5.4824  gap=0.0227  ema_gap=0.0334  mixup=55/200  4.7 sps  ETA 2.9h
              R²_rand=0.3308  R²_naive=0.2638  U_t=0.4438  U_b=0.7436  AUC=0.9826  Top1=0.3856
  timing: data=3.7ms  fwd=115.0ms  bwd=82.8ms  total=202.2ms
[  51800] loss=5.7693  ema_loss=5.4589  gap=0.0372  ema_gap=0.0394  mixup=54/200  4.7 sps  ETA 2.8h
              R²_rand=0.3574  R²_naive=0.2622  U_t=0.4442  U_b=0.6922  AUC=0.9783  Top1=0.3180
  timing: data=3.6ms  fwd=114.2ms  bwd=79.6ms  total=198.0ms
[  52000] loss=6.1768  ema_loss=5.5505  gap=0.0103  ema_gap=0.0362  mixup=58/200  4.7 sps  ETA 2.9h
              R²_rand=0.3751  R²_naive=0.2638  U_t=0.4159  U_b=0.6451  AUC=0.9717  Top1=0.2567
  timing: data=110.9ms  fwd=115.7ms  bwd=83.0ms  total=310.2ms
[  52200] loss=5.2581  ema_loss=5.5565  gap=0.1008  ema_gap=0.0346  mixup=53/200  4.7 sps  ETA 2.8h
              R²_rand=0.3645  R²_naive=0.3331  U_t=0.4495  U_b=0.6272  AUC=0.9865  Top1=0.4692
  timing: data=3.8ms  fwd=118.1ms  bwd=85.6ms  total=208.2ms
[  52400] loss=5.1329  ema_loss=5.4545  gap=0.0530  ema_gap=0.0374  mixup=61/200  4.7 sps  ETA 2.8h
              R²_rand=0.3812  R²_naive=0.2957  U_t=0.4366  U_b=0.7590  AUC=0.9873  Top1=0.4377
  timing: data=4.1ms  fwd=116.1ms  bwd=84.8ms  total=205.7ms
[  52600] loss=7.2436  ema_loss=5.4375  gap=0.0366  ema_gap=0.0397  mixup=58/200  4.7 sps  ETA 2.8h
              R²_rand=0.3580  R²_naive=0.2227  U_t=0.4253  U_b=0.6104  AUC=0.9833  Top1=0.3867
  timing: data=21.3ms  fwd=115.1ms  bwd=82.0ms  total=219.0ms
[  52800] loss=6.8375  ema_loss=5.4896  gap=0.0212  ema_gap=0.0365  mixup=59/200  4.7 sps  ETA 2.8h
              R²_rand=0.3900  R²_naive=0.2515  U_t=0.4386  U_b=0.6642  AUC=0.9707  Top1=0.2863
  timing: data=3.4ms  fwd=113.4ms  bwd=81.8ms  total=199.1ms
[  53000] loss=5.8590  ema_loss=5.5156  gap=0.0326  ema_gap=0.0352  mixup=63/200  4.7 sps  ETA 2.8h
              R²_rand=0.3374  R²_naive=0.2397  U_t=0.4428  U_b=0.6721  AUC=0.9807  Top1=0.3175
  timing: data=3.4ms  fwd=114.2ms  bwd=81.2ms  total=199.3ms
[  53200] loss=5.2717  ema_loss=5.5031  gap=0.0591  ema_gap=0.0355  mixup=51/200  4.7 sps  ETA 2.8h
              R²_rand=0.3462  R²_naive=0.2869  U_t=0.4697  U_b=0.7064  AUC=0.9802  Top1=0.3645
  timing: data=19.6ms  fwd=111.5ms  bwd=80.2ms  total=211.9ms
[  53400] loss=5.2636  ema_loss=5.4779  gap=0.0351  ema_gap=0.0381  mixup=50/200  4.7 sps  ETA 2.8h
              R²_rand=0.3205  R²_naive=0.2742  U_t=0.4907  U_b=0.7229  AUC=0.9807  Top1=0.3265
  timing: data=3.5ms  fwd=113.8ms  bwd=80.5ms  total=198.4ms
[  53600] loss=5.2524  ema_loss=5.4743  gap=0.0588  ema_gap=0.0390  mixup=74/200  4.7 sps  ETA 2.8h
              R²_rand=0.3598  R²_naive=0.2924  U_t=0.4301  U_b=0.6918  AUC=0.9829  Top1=0.3992
  timing: data=3.6ms  fwd=112.8ms  bwd=80.2ms  total=197.1ms
[  53800] loss=5.5075  ema_loss=5.4557  gap=0.0164  ema_gap=0.0322  mixup=50/200  4.7 sps  ETA 2.7h
              R²_rand=0.3412  R²_naive=0.2560  U_t=0.4627  U_b=0.6146  AUC=0.9841  Top1=0.3623
  timing: data=19.5ms  fwd=113.3ms  bwd=80.3ms  total=213.7ms
[  54000] loss=5.3213  ema_loss=5.5976  gap=0.0100  ema_gap=0.0226  mixup=64/200  4.7 sps  ETA 2.7h
              R²_rand=0.3037  R²_naive=0.2704  U_t=0.4628  U_b=0.6623  AUC=0.9777  Top1=0.2754
  timing: data=3.4ms  fwd=113.9ms  bwd=82.0ms  total=199.8ms
[  54200] loss=5.1371  ema_loss=5.4529  gap=0.0188  ema_gap=0.0277  mixup=73/200  4.7 sps  ETA 2.7h
              R²_rand=0.3363  R²_naive=0.2646  U_t=0.5091  U_b=0.7004  AUC=0.9825  Top1=0.3362
  timing: data=3.4ms  fwd=114.4ms  bwd=80.9ms  total=199.3ms
[  54400] loss=5.1119  ema_loss=5.3512  gap=0.0258  ema_gap=0.0371  mixup=58/200  4.7 sps  ETA 2.7h
              R²_rand=0.3453  R²_naive=0.2587  U_t=0.5013  U_b=0.7715  AUC=0.9858  Top1=0.3997
  timing: data=27.2ms  fwd=113.4ms  bwd=83.5ms  total=224.8ms
[  54600] loss=5.3559  ema_loss=5.4088  gap=0.0359  ema_gap=0.0408  mixup=57/200  4.7 sps  ETA 2.7h
              R²_rand=0.3361  R²_naive=0.2672  U_t=0.4655  U_b=0.7321  AUC=0.9822  Top1=0.3758
  timing: data=4.3ms  fwd=114.2ms  bwd=83.0ms  total=202.3ms
[  54800] loss=5.1634  ema_loss=5.5024  gap=0.0438  ema_gap=0.0416  mixup=62/200  4.7 sps  ETA 2.7h
              R²_rand=0.3516  R²_naive=0.2765  U_t=0.4620  U_b=0.7495  AUC=0.9867  Top1=0.4450
  timing: data=3.8ms  fwd=114.6ms  bwd=82.3ms  total=201.3ms
[  55000] loss=5.2442  ema_loss=5.4847  gap=0.0652  ema_gap=0.0439  mixup=51/200  4.7 sps  ETA 2.7h
              R²_rand=0.3443  R²_naive=0.2930  U_t=0.4567  U_b=0.7393  AUC=0.9848  Top1=0.4277
  timing: data=4.0ms  fwd=117.2ms  bwd=84.0ms  total=205.9ms
[  55200] loss=5.2724  ema_loss=5.5741  gap=0.0144  ema_gap=0.0357  mixup=65/200  4.7 sps  ETA 2.7h
              R²_rand=0.3570  R²_naive=0.2700  U_t=0.4451  U_b=0.6458  AUC=0.9813  Top1=0.3446
  timing: data=23.6ms  fwd=113.6ms  bwd=80.8ms  total=218.7ms
[  55400] loss=5.1879  ema_loss=5.4863  gap=0.0496  ema_gap=0.0442  mixup=60/200  4.7 sps  ETA 2.7h
              R²_rand=0.3108  R²_naive=0.2747  U_t=0.5034  U_b=0.7373  AUC=0.9825  Top1=0.3783
  timing: data=3.8ms  fwd=116.4ms  bwd=83.4ms  total=204.3ms
[  55600] loss=5.2761  ema_loss=5.4566  gap=0.0367  ema_gap=0.0495  mixup=60/200  4.7 sps  ETA 2.6h
              R²_rand=0.3427  R²_naive=0.2652  U_t=0.4790  U_b=0.7516  AUC=0.9846  Top1=0.4081
  timing: data=3.6ms  fwd=116.8ms  bwd=86.5ms  total=207.6ms
[  55800] loss=5.1939  ema_loss=5.4285  gap=0.0827  ema_gap=0.0502  mixup=56/200  4.7 sps  ETA 2.6h
              R²_rand=0.3360  R²_naive=0.2834  U_t=0.5329  U_b=0.7192  AUC=0.9844  Top1=0.4353
  timing: data=25.6ms  fwd=112.9ms  bwd=80.7ms  total=219.9ms
[  56000] loss=5.1808  ema_loss=5.4762  gap=0.0725  ema_gap=0.0463  mixup=59/200  4.7 sps  ETA 2.6h
              R²_rand=0.3852  R²_naive=0.3065  U_t=0.4554  U_b=0.7610  AUC=0.9860  Top1=0.4255
  timing: data=3.4ms  fwd=113.1ms  bwd=81.7ms  total=198.9ms
[  56200] loss=6.0257  ema_loss=5.5404  gap=0.0526  ema_gap=0.0535  mixup=61/200  4.7 sps  ETA 2.6h
              R²_rand=0.3703  R²_naive=0.2648  U_t=0.3554  U_b=0.5942  AUC=0.9843  Top1=0.4448
  timing: data=3.4ms  fwd=114.4ms  bwd=81.1ms  total=199.5ms
[  56400] loss=5.2117  ema_loss=5.5552  gap=0.0273  ema_gap=0.0444  mixup=67/200  4.7 sps  ETA 2.6h
              R²_rand=0.3793  R²_naive=0.2813  U_t=0.4147  U_b=0.6869  AUC=0.9855  Top1=0.4103
  timing: data=19.3ms  fwd=111.6ms  bwd=79.8ms  total=211.3ms
[  56600] loss=5.2727  ema_loss=5.5282  gap=0.0391  ema_gap=0.0511  mixup=65/200  4.7 sps  ETA 2.6h
              R²_rand=0.3610  R²_naive=0.2805  U_t=0.4846  U_b=0.6809  AUC=0.9866  Top1=0.4003
  timing: data=3.7ms  fwd=115.6ms  bwd=81.1ms  total=201.0ms
[  56800] loss=5.6709  ema_loss=5.5538  gap=0.0475  ema_gap=0.0424  mixup=57/200  4.7 sps  ETA 2.6h
              R²_rand=0.3729  R²_naive=0.2585  U_t=0.3998  U_b=0.6870  AUC=0.9871  Top1=0.4407
  timing: data=3.7ms  fwd=114.3ms  bwd=81.0ms  total=199.6ms
[  57000] loss=5.2045  ema_loss=5.5368  gap=0.0247  ema_gap=0.0476  mixup=51/200  4.7 sps  ETA 2.6h
              R²_rand=0.3790  R²_naive=0.2799  U_t=0.4420  U_b=0.7070  AUC=0.9835  Top1=0.4011
  timing: data=22.2ms  fwd=112.7ms  bwd=80.4ms  total=215.9ms
[  57200] loss=6.1736  ema_loss=5.4593  gap=0.0446  ema_gap=0.0552  mixup=66/200  4.7 sps  ETA 2.5h
              R²_rand=0.3495  R²_naive=0.2548  U_t=0.4187  U_b=0.6982  AUC=0.9870  Top1=0.4467
  timing: data=4.0ms  fwd=115.2ms  bwd=80.5ms  total=200.3ms
[  57400] loss=5.3433  ema_loss=5.5472  gap=0.0396  ema_gap=0.0471  mixup=60/200  4.7 sps  ETA 2.5h
              R²_rand=0.3602  R²_naive=0.2721  U_t=0.4517  U_b=0.6579  AUC=0.9834  Top1=0.3856
  timing: data=3.7ms  fwd=114.0ms  bwd=81.5ms  total=199.8ms
[  57600] loss=5.2230  ema_loss=5.5474  gap=0.0635  ema_gap=0.0485  mixup=57/200  4.7 sps  ETA 2.5h
              R²_rand=0.3450  R²_naive=0.2843  U_t=0.4850  U_b=0.7213  AUC=0.9857  Top1=0.4478
  timing: data=19.3ms  fwd=114.3ms  bwd=82.0ms  total=216.2ms
[  57800] loss=5.4056  ema_loss=5.6111  gap=0.0813  ema_gap=0.0477  mixup=62/200  4.7 sps  ETA 2.5h
              R²_rand=0.3636  R²_naive=0.3013  U_t=0.4368  U_b=0.7209  AUC=0.9871  Top1=0.4735
  timing: data=3.7ms  fwd=113.9ms  bwd=82.1ms  total=200.4ms
[  58000] loss=5.6611  ema_loss=5.6875  gap=0.0258  ema_gap=0.0433  mixup=57/200  4.7 sps  ETA 2.5h
              R²_rand=0.3453  R²_naive=0.2544  U_t=0.4506  U_b=0.5589  AUC=0.9751  Top1=0.3126
  timing: data=3.7ms  fwd=116.3ms  bwd=81.5ms  total=202.0ms
[  58200] loss=5.1906  ema_loss=5.6016  gap=0.0684  ema_gap=0.0409  mixup=58/200  4.7 sps  ETA 2.5h
              R²_rand=0.2925  R²_naive=0.2792  U_t=0.4935  U_b=0.7414  AUC=0.9778  Top1=0.3883
  timing: data=20.5ms  fwd=111.6ms  bwd=79.9ms  total=212.6ms
[  58400] loss=5.8534  ema_loss=5.6389  gap=0.0273  ema_gap=0.0496  mixup=61/200  4.7 sps  ETA 2.5h
              R²_rand=0.3265  R²_naive=0.2267  U_t=0.5030  U_b=0.7011  AUC=0.9764  Top1=0.3381
  timing: data=3.7ms  fwd=114.1ms  bwd=80.4ms  total=198.8ms
[  58600] loss=5.2276  ema_loss=5.4788  gap=0.0545  ema_gap=0.0478  mixup=61/200  4.7 sps  ETA 2.5h
              R²_rand=0.3448  R²_naive=0.2676  U_t=0.4778  U_b=0.7384  AUC=0.9798  Top1=0.4081
  timing: data=3.6ms  fwd=113.0ms  bwd=81.1ms  total=198.1ms
[  58800] loss=5.4235  ema_loss=5.5892  gap=0.0395  ema_gap=0.0555  mixup=67/200  4.7 sps  ETA 2.4h
              R²_rand=0.3452  R²_naive=0.2577  U_t=0.4758  U_b=0.6098  AUC=0.9760  Top1=0.2798
  timing: data=19.6ms  fwd=113.2ms  bwd=81.2ms  total=214.6ms
[  59000] loss=5.4175  ema_loss=5.5900  gap=0.0678  ema_gap=0.0554  mixup=52/200  4.7 sps  ETA 2.4h
              R²_rand=0.3398  R²_naive=0.2658  U_t=0.5023  U_b=0.6849  AUC=0.9677  Top1=0.3066
  timing: data=3.7ms  fwd=113.7ms  bwd=81.6ms  total=199.6ms
[  59200] loss=5.7808  ema_loss=5.5885  gap=0.0676  ema_gap=0.0522  mixup=59/200  4.7 sps  ETA 2.4h
              R²_rand=0.3632  R²_naive=0.2658  U_t=0.4736  U_b=0.6473  AUC=0.9826  Top1=0.3824
  timing: data=3.4ms  fwd=116.7ms  bwd=83.4ms  total=204.1ms
[  59400] loss=5.2806  ema_loss=5.5357  gap=0.0288  ema_gap=0.0525  mixup=74/200  4.7 sps  ETA 2.4h
              R²_rand=0.3251  R²_naive=0.2561  U_t=0.5075  U_b=0.7111  AUC=0.9783  Top1=0.3607
  timing: data=19.1ms  fwd=115.3ms  bwd=83.0ms  total=218.0ms
[  59600] loss=5.8852  ema_loss=5.5847  gap=0.0579  ema_gap=0.0379  mixup=64/200  4.7 sps  ETA 2.4h
              R²_rand=0.3482  R²_naive=0.2701  U_t=0.4576  U_b=0.6394  AUC=0.9818  Top1=0.4041
  timing: data=3.7ms  fwd=113.8ms  bwd=80.5ms  total=198.6ms
[  59800] loss=5.2159  ema_loss=5.5311  gap=0.0255  ema_gap=0.0398  mixup=63/200  4.7 sps  ETA 2.4h
              R²_rand=0.3404  R²_naive=0.2699  U_t=0.4816  U_b=0.7565  AUC=0.9783  Top1=0.3626
  timing: data=3.6ms  fwd=113.7ms  bwd=82.9ms  total=200.8ms
[  60000] loss=5.3893  ema_loss=5.4961  gap=0.0389  ema_gap=0.0441  mixup=56/200  4.7 sps  ETA 2.4h
              R²_rand=0.3689  R²_naive=0.2775  U_t=0.4470  U_b=0.6834  AUC=0.9813  Top1=0.3853
  timing: data=3.7ms  fwd=116.4ms  bwd=82.4ms  total=203.0ms
[  60200] loss=5.3903  ema_loss=5.4719  gap=0.0392  ema_gap=0.0463  mixup=62/200  4.7 sps  ETA 2.4h
              R²_rand=0.3458  R²_naive=0.2828  U_t=0.4312  U_b=0.7654  AUC=0.9852  Top1=0.3813
  timing: data=22.4ms  fwd=113.6ms  bwd=81.5ms  total=218.0ms
[  60400] loss=5.4228  ema_loss=5.5085  gap=0.0391  ema_gap=0.0450  mixup=61/200  4.7 sps  ETA 2.3h
              R²_rand=0.3752  R²_naive=0.2811  U_t=0.4436  U_b=0.7186  AUC=0.9826  Top1=0.3886
  timing: data=3.7ms  fwd=114.6ms  bwd=82.8ms  total=201.7ms
[  60600] loss=5.2198  ema_loss=5.4938  gap=0.0638  ema_gap=0.0494  mixup=54/200  4.7 sps  ETA 2.3h
              R²_rand=0.3546  R²_naive=0.2826  U_t=0.4588  U_b=0.7394  AUC=0.9847  Top1=0.3889
  timing: data=3.9ms  fwd=114.2ms  bwd=82.5ms  total=201.3ms
[  60800] loss=5.1574  ema_loss=5.5831  gap=0.0323  ema_gap=0.0485  mixup=66/200  4.7 sps  ETA 2.3h
              R²_rand=0.3756  R²_naive=0.2811  U_t=0.4132  U_b=0.7225  AUC=0.9831  Top1=0.3552
  timing: data=19.6ms  fwd=113.0ms  bwd=81.0ms  total=214.2ms
[  61000] loss=5.5143  ema_loss=5.4417  gap=0.0486  ema_gap=0.0495  mixup=64/200  4.7 sps  ETA 2.3h
              R²_rand=0.3455  R²_naive=0.2840  U_t=0.5097  U_b=0.6144  AUC=0.9821  Top1=0.3303
  timing: data=3.2ms  fwd=112.9ms  bwd=81.4ms  total=198.1ms
[  61200] loss=5.2438  ema_loss=5.4650  gap=0.0752  ema_gap=0.0581  mixup=55/200  4.7 sps  ETA 2.3h
              R²_rand=0.3581  R²_naive=0.2988  U_t=0.4892  U_b=0.7475  AUC=0.9845  Top1=0.4130
  timing: data=3.6ms  fwd=114.9ms  bwd=81.5ms  total=200.7ms
[  61400] loss=5.0575  ema_loss=5.4926  gap=0.0518  ema_gap=0.0504  mixup=57/200  4.7 sps  ETA 2.3h
              R²_rand=0.3303  R²_naive=0.2867  U_t=0.4953  U_b=0.7555  AUC=0.9854  Top1=0.4206
  timing: data=20.7ms  fwd=113.0ms  bwd=80.5ms  total=214.9ms
[  61600] loss=5.6035  ema_loss=5.4397  gap=0.0509  ema_gap=0.0440  mixup=67/200  4.7 sps  ETA 2.3h
              R²_rand=0.3634  R²_naive=0.2623  U_t=0.4760  U_b=0.7096  AUC=0.9808  Top1=0.3726
  timing: data=3.7ms  fwd=116.2ms  bwd=81.4ms  total=201.9ms
[  61800] loss=6.5558  ema_loss=5.5739  gap=0.0173  ema_gap=0.0439  mixup=65/200  4.7 sps  ETA 2.3h
              R²_rand=0.3160  R²_naive=0.2225  U_t=0.4651  U_b=0.6219  AUC=0.9650  Top1=0.2301
  timing: data=3.5ms  fwd=114.8ms  bwd=81.9ms  total=200.8ms
[  62000] loss=5.8557  ema_loss=5.5575  gap=0.0671  ema_gap=0.0422  mixup=57/200  4.7 sps  ETA 2.3h
              R²_rand=0.3773  R²_naive=0.2599  U_t=0.4419  U_b=0.6694  AUC=0.9802  Top1=0.4193
  timing: data=20.5ms  fwd=114.1ms  bwd=81.3ms  total=216.5ms
[  62200] loss=5.3064  ema_loss=5.5865  gap=0.0562  ema_gap=0.0421  mixup=66/200  4.7 sps  ETA 2.2h
              R²_rand=0.3512  R²_naive=0.2892  U_t=0.4721  U_b=0.6994  AUC=0.9811  Top1=0.3829
  timing: data=3.7ms  fwd=114.9ms  bwd=82.8ms  total=202.0ms
[  62400] loss=5.8015  ema_loss=5.4525  gap=0.0310  ema_gap=0.0380  mixup=47/200  4.7 sps  ETA 2.2h
              R²_rand=0.3896  R²_naive=0.2469  U_t=0.3737  U_b=0.6390  AUC=0.9816  Top1=0.3834
  timing: data=3.8ms  fwd=114.6ms  bwd=81.9ms  total=201.0ms
[  62600] loss=5.2474  ema_loss=5.4216  gap=0.0295  ema_gap=0.0363  mixup=73/200  4.7 sps  ETA 2.2h
              R²_rand=0.3292  R²_naive=0.2761  U_t=0.4782  U_b=0.6668  AUC=0.9825  Top1=0.3387
  timing: data=19.3ms  fwd=112.5ms  bwd=80.4ms  total=212.8ms
[  62800] loss=5.4626  ema_loss=5.4673  gap=0.0264  ema_gap=0.0391  mixup=59/200  4.7 sps  ETA 2.2h
              R²_rand=0.3295  R²_naive=0.2439  U_t=0.5200  U_b=0.6055  AUC=0.9750  Top1=0.3357
  timing: data=3.7ms  fwd=113.9ms  bwd=85.0ms  total=203.2ms
[  63000] loss=5.1172  ema_loss=5.4701  gap=0.0382  ema_gap=0.0346  mixup=62/200  4.7 sps  ETA 2.2h
              R²_rand=0.3582  R²_naive=0.2758  U_t=0.4741  U_b=0.7794  AUC=0.9795  Top1=0.3718
  timing: data=3.7ms  fwd=113.5ms  bwd=84.6ms  total=202.5ms
[  63200] loss=5.3171  ema_loss=5.3800  gap=0.0623  ema_gap=0.0470  mixup=62/200  4.7 sps  ETA 2.2h
              R²_rand=0.3523  R²_naive=0.2893  U_t=0.4761  U_b=0.6539  AUC=0.9874  Top1=0.4024
  timing: data=24.8ms  fwd=113.5ms  bwd=81.3ms  total=220.2ms
[  63400] loss=5.1895  ema_loss=5.4549  gap=0.0344  ema_gap=0.0369  mixup=58/200  4.7 sps  ETA 2.2h
              R²_rand=0.3449  R²_naive=0.2638  U_t=0.4573  U_b=0.7511  AUC=0.9804  Top1=0.3275
  timing: data=3.7ms  fwd=114.3ms  bwd=81.6ms  total=200.2ms
[  63600] loss=5.1013  ema_loss=5.4344  gap=0.0676  ema_gap=0.0340  mixup=73/200  4.7 sps  ETA 2.2h
              R²_rand=0.3771  R²_naive=0.2973  U_t=0.4711  U_b=0.7539  AUC=0.9859  Top1=0.4320
  timing: data=3.5ms  fwd=114.4ms  bwd=82.7ms  total=201.2ms
[  63800] loss=5.5111  ema_loss=5.3729  gap=0.0248  ema_gap=0.0401  mixup=58/200  4.7 sps  ETA 2.1h
              R²_rand=0.3555  R²_naive=0.2628  U_t=0.4846  U_b=0.6285  AUC=0.9842  Top1=0.3900
  timing: data=19.0ms  fwd=113.6ms  bwd=81.6ms  total=214.7ms
[  64000] loss=5.2962  ema_loss=5.4269  gap=0.0359  ema_gap=0.0397  mixup=50/200  4.7 sps  ETA 2.1h
              R²_rand=0.3291  R²_naive=0.2728  U_t=0.5061  U_b=0.6463  AUC=0.9826  Top1=0.3916
  timing: data=3.6ms  fwd=114.7ms  bwd=81.2ms  total=200.2ms
[  64200] loss=5.1837  ema_loss=5.3549  gap=0.0356  ema_gap=0.0362  mixup=58/200  4.7 sps  ETA 2.1h
              R²_rand=0.3424  R²_naive=0.2684  U_t=0.5248  U_b=0.7701  AUC=0.9812  Top1=0.3959
  timing: data=3.6ms  fwd=114.4ms  bwd=81.8ms  total=200.5ms
[  64400] loss=5.7652  ema_loss=5.4213  gap=0.0212  ema_gap=0.0372  mixup=54/200  4.7 sps  ETA 2.1h
              R²_rand=0.3542  R²_naive=0.2477  U_t=0.4357  U_b=0.6622  AUC=0.9825  Top1=0.3601
  timing: data=82.8ms  fwd=115.4ms  bwd=82.4ms  total=281.2ms
[  64600] loss=5.5385  ema_loss=5.3996  gap=0.0399  ema_gap=0.0339  mixup=62/200  4.7 sps  ETA 2.1h
              R²_rand=0.3466  R²_naive=0.2744  U_t=0.4708  U_b=0.7254  AUC=0.9835  Top1=0.3772
  timing: data=4.0ms  fwd=115.3ms  bwd=83.1ms  total=203.1ms
[  64800] loss=5.4835  ema_loss=5.4759  gap=0.0160  ema_gap=0.0297  mixup=61/200  4.7 sps  ETA 2.1h
              R²_rand=0.3079  R²_naive=0.2206  U_t=0.5046  U_b=0.6743  AUC=0.9777  Top1=0.3311
  timing: data=4.2ms  fwd=115.8ms  bwd=85.7ms  total=206.3ms
[  65000] loss=5.1914  ema_loss=5.3947  gap=0.0903  ema_gap=0.0363  mixup=60/200  4.7 sps  ETA 2.1h
              R²_rand=0.3769  R²_naive=0.3126  U_t=0.4782  U_b=0.6664  AUC=0.9845  Top1=0.4171
  timing: data=3.5ms  fwd=114.9ms  bwd=82.4ms  total=201.4ms
[  65200] loss=5.4031  ema_loss=5.4432  gap=0.0100  ema_gap=0.0348  mixup=62/200  4.7 sps  ETA 2.1h
              R²_rand=0.3447  R²_naive=0.2637  U_t=0.4418  U_b=0.6220  AUC=0.9839  Top1=0.3436
  timing: data=20.8ms  fwd=113.9ms  bwd=82.3ms  total=217.6ms
[  65400] loss=5.0917  ema_loss=5.3837  gap=0.0184  ema_gap=0.0315  mixup=64/200  4.7 sps  ETA 2.1h
              R²_rand=0.3532  R²_naive=0.2729  U_t=0.4889  U_b=0.7454  AUC=0.9824  Top1=0.3680
  timing: data=3.6ms  fwd=115.8ms  bwd=82.3ms  total=202.4ms
[  65600] loss=5.0733  ema_loss=5.3925  gap=0.0360  ema_gap=0.0334  mixup=58/200  4.7 sps  ETA 2.0h
              R²_rand=0.3559  R²_naive=0.2751  U_t=0.4974  U_b=0.7529  AUC=0.9813  Top1=0.3357
  timing: data=3.8ms  fwd=114.2ms  bwd=83.1ms  total=201.7ms
[  65800] loss=5.1266  ema_loss=5.4297  gap=0.0162  ema_gap=0.0356  mixup=53/200  4.7 sps  ETA 2.0h
              R²_rand=0.3669  R²_naive=0.2676  U_t=0.4666  U_b=0.7341  AUC=0.9827  Top1=0.3300
  timing: data=22.7ms  fwd=116.2ms  bwd=83.6ms  total=223.2ms
[  66000] loss=5.1923  ema_loss=5.3015  gap=0.0453  ema_gap=0.0391  mixup=60/200  4.7 sps  ETA 2.0h
              R²_rand=0.3367  R²_naive=0.2828  U_t=0.4770  U_b=0.7671  AUC=0.9832  Top1=0.3769
  timing: data=3.9ms  fwd=114.8ms  bwd=84.5ms  total=203.8ms
[  66200] loss=5.1187  ema_loss=5.4438  gap=0.0188  ema_gap=0.0437  mixup=66/200  4.7 sps  ETA 2.0h
              R²_rand=0.3408  R²_naive=0.2606  U_t=0.4724  U_b=0.7599  AUC=0.9824  Top1=0.3658
  timing: data=3.8ms  fwd=115.7ms  bwd=81.4ms  total=201.4ms
[  66400] loss=5.3384  ema_loss=5.3911  gap=0.0286  ema_gap=0.0385  mixup=61/200  4.7 sps  ETA 2.0h
              R²_rand=0.3647  R²_naive=0.2706  U_t=0.4498  U_b=0.7756  AUC=0.9866  Top1=0.4019
  timing: data=25.7ms  fwd=113.7ms  bwd=83.4ms  total=223.5ms
[  66600] loss=6.3141  ema_loss=5.4924  gap=0.0239  ema_gap=0.0356  mixup=60/200  4.7 sps  ETA 2.0h
              R²_rand=0.3666  R²_naive=0.2585  U_t=0.4216  U_b=0.6340  AUC=0.9774  Top1=0.3286
  timing: data=3.8ms  fwd=116.0ms  bwd=84.3ms  total=204.8ms
[  66800] loss=5.2873  ema_loss=5.4630  gap=0.0283  ema_gap=0.0299  mixup=63/200  4.7 sps  ETA 2.0h
              R²_rand=0.3619  R²_naive=0.2808  U_t=0.4514  U_b=0.6536  AUC=0.9821  Top1=0.3764
  timing: data=3.7ms  fwd=113.5ms  bwd=84.3ms  total=202.0ms
[  67000] loss=5.0139  ema_loss=5.3388  gap=0.0614  ema_gap=0.0348  mixup=60/200  4.7 sps  ETA 2.0h
              R²_rand=0.3520  R²_naive=0.2927  U_t=0.4909  U_b=0.7758  AUC=0.9861  Top1=0.4255
  timing: data=20.1ms  fwd=115.0ms  bwd=84.0ms  total=219.7ms
[  67200] loss=5.2721  ema_loss=5.4632  gap=0.0376  ema_gap=0.0350  mixup=54/200  4.7 sps  ETA 1.9h
              R²_rand=0.3497  R²_naive=0.2782  U_t=0.4737  U_b=0.7239  AUC=0.9835  Top1=0.4011
  timing: data=3.5ms  fwd=114.5ms  bwd=81.9ms  total=200.5ms
[  67400] loss=5.1526  ema_loss=5.5094  gap=0.0451  ema_gap=0.0341  mixup=71/200  4.7 sps  ETA 1.9h
              R²_rand=0.3501  R²_naive=0.2668  U_t=0.4784  U_b=0.7239  AUC=0.9831  Top1=0.3748
  timing: data=3.5ms  fwd=114.7ms  bwd=82.1ms  total=200.9ms
[  67600] loss=5.1036  ema_loss=5.5284  gap=0.0231  ema_gap=0.0332  mixup=60/200  4.7 sps  ETA 1.9h
              R²_rand=0.3255  R²_naive=0.2540  U_t=0.5074  U_b=0.7447  AUC=0.9807  Top1=0.3531
  timing: data=65.7ms  fwd=112.5ms  bwd=83.3ms  total=262.2ms
[  67800] loss=5.4075  ema_loss=5.5559  gap=0.0325  ema_gap=0.0318  mixup=65/200  4.7 sps  ETA 1.9h
              R²_rand=0.2839  R²_naive=0.2616  U_t=0.4846  U_b=0.6115  AUC=0.9724  Top1=0.2841
  timing: data=3.7ms  fwd=114.7ms  bwd=83.6ms  total=202.6ms
[  68000] loss=5.5494  ema_loss=5.6525  gap=0.0192  ema_gap=0.0305  mixup=71/200  4.7 sps  ETA 1.9h
              R²_rand=0.3253  R²_naive=0.2514  U_t=0.5047  U_b=0.5684  AUC=0.9673  Top1=0.2619
  timing: data=3.5ms  fwd=113.8ms  bwd=80.6ms  total=198.5ms
[  68200] loss=5.3638  ema_loss=5.6025  gap=0.0284  ema_gap=0.0289  mixup=51/200  4.7 sps  ETA 1.9h
              R²_rand=0.3473  R²_naive=0.2596  U_t=0.4559  U_b=0.7580  AUC=0.9776  Top1=0.3446
  timing: data=18.2ms  fwd=114.3ms  bwd=82.0ms  total=215.1ms
[  68400] loss=5.5629  ema_loss=5.5326  gap=0.0368  ema_gap=0.0377  mixup=58/200  4.7 sps  ETA 1.9h
              R²_rand=0.3675  R²_naive=0.2689  U_t=0.3944  U_b=0.6830  AUC=0.9776  Top1=0.3273
  timing: data=3.6ms  fwd=116.2ms  bwd=84.4ms  total=204.9ms
[  68600] loss=5.1630  ema_loss=5.5266  gap=0.0240  ema_gap=0.0371  mixup=56/200  4.7 sps  ETA 1.9h
              R²_rand=0.3680  R²_naive=0.2747  U_t=0.4252  U_b=0.7474  AUC=0.9835  Top1=0.3796
  timing: data=3.7ms  fwd=115.6ms  bwd=82.0ms  total=201.9ms
[  68800] loss=5.2085  ema_loss=5.5846  gap=0.0468  ema_gap=0.0444  mixup=60/200  4.7 sps  ETA 1.9h
              R²_rand=0.3591  R²_naive=0.2736  U_t=0.4597  U_b=0.7197  AUC=0.9799  Top1=0.3533
  timing: data=19.2ms  fwd=114.4ms  bwd=82.5ms  total=216.7ms
[  69000] loss=5.1339  ema_loss=5.4961  gap=0.0271  ema_gap=0.0349  mixup=59/200  4.7 sps  ETA 1.8h
              R²_rand=0.3544  R²_naive=0.2756  U_t=0.4678  U_b=0.7618  AUC=0.9842  Top1=0.3650
  timing: data=3.7ms  fwd=114.8ms  bwd=81.8ms  total=200.9ms
[  69200] loss=5.4738  ema_loss=5.4607  gap=0.0454  ema_gap=0.0454  mixup=65/200  4.7 sps  ETA 1.8h
              R²_rand=0.3596  R²_naive=0.2760  U_t=0.4286  U_b=0.6032  AUC=0.9870  Top1=0.4244
  timing: data=3.5ms  fwd=114.6ms  bwd=81.6ms  total=200.4ms
[  69400] loss=5.0307  ema_loss=5.4949  gap=0.0439  ema_gap=0.0480  mixup=66/200  4.7 sps  ETA 1.8h
              R²_rand=0.3652  R²_naive=0.2825  U_t=0.4857  U_b=0.7591  AUC=0.9836  Top1=0.3411
  timing: data=17.6ms  fwd=113.6ms  bwd=81.1ms  total=212.9ms
[  69600] loss=5.3817  ema_loss=5.4759  gap=0.0492  ema_gap=0.0454  mixup=65/200  4.7 sps  ETA 1.8h
              R²_rand=0.3341  R²_naive=0.2770  U_t=0.4846  U_b=0.6294  AUC=0.9833  Top1=0.3474
  timing: data=3.4ms  fwd=115.6ms  bwd=82.0ms  total=201.7ms
[  69800] loss=5.1428  ema_loss=5.5132  gap=0.0287  ema_gap=0.0373  mixup=59/200  4.7 sps  ETA 1.8h
              R²_rand=0.3561  R²_naive=0.2698  U_t=0.4781  U_b=0.7576  AUC=0.9850  Top1=0.3929
  timing: data=3.5ms  fwd=115.4ms  bwd=81.5ms  total=201.0ms
[  70000] loss=5.0830  ema_loss=5.5578  gap=0.0134  ema_gap=0.0433  mixup=56/200  4.7 sps  ETA 1.8h
              R²_rand=0.3097  R²_naive=0.2576  U_t=0.4941  U_b=0.7551  AUC=0.9819  Top1=0.3284
  timing: data=3.6ms  fwd=114.1ms  bwd=81.3ms  total=199.6ms
[  70200] loss=5.0718  ema_loss=5.4433  gap=0.0843  ema_gap=0.0467  mixup=61/200  4.7 sps  ETA 1.8h
              R²_rand=0.3578  R²_naive=0.3039  U_t=0.4815  U_b=0.7432  AUC=0.9842  Top1=0.4198
  timing: data=18.5ms  fwd=114.7ms  bwd=84.4ms  total=218.3ms
[  70400] loss=5.2465  ema_loss=5.4182  gap=0.0313  ema_gap=0.0480  mixup=76/200  4.7 sps  ETA 1.8h
              R²_rand=0.3434  R²_naive=0.2777  U_t=0.4348  U_b=0.7655  AUC=0.9858  Top1=0.4214
  timing: data=4.2ms  fwd=116.5ms  bwd=83.5ms  total=204.9ms
[  70600] loss=5.3741  ema_loss=5.4451  gap=0.0971  ema_gap=0.0535  mixup=55/200  4.7 sps  ETA 1.7h
              R²_rand=0.3725  R²_naive=0.3029  U_t=0.4176  U_b=0.7393  AUC=0.9873  Top1=0.4627
  timing: data=3.9ms  fwd=117.0ms  bwd=83.1ms  total=204.7ms
[  70800] loss=5.1463  ema_loss=5.4805  gap=0.0324  ema_gap=0.0469  mixup=55/200  4.7 sps  ETA 1.7h
              R²_rand=0.3543  R²_naive=0.2758  U_t=0.4554  U_b=0.7541  AUC=0.9863  Top1=0.4049
  timing: data=18.1ms  fwd=113.3ms  bwd=81.5ms  total=213.5ms
[  71000] loss=5.2793  ema_loss=5.4220  gap=0.0675  ema_gap=0.0421  mixup=61/200  4.7 sps  ETA 1.7h
              R²_rand=0.3421  R²_naive=0.2823  U_t=0.4511  U_b=0.7570  AUC=0.9851  Top1=0.4233
  timing: data=3.7ms  fwd=116.2ms  bwd=82.1ms  total=202.6ms
[  71200] loss=5.7039  ema_loss=5.5150  gap=0.0786  ema_gap=0.0444  mixup=63/200  4.7 sps  ETA 1.7h
              R²_rand=0.3782  R²_naive=0.2910  U_t=0.4376  U_b=0.7022  AUC=0.9865  Top1=0.4567
  timing: data=3.4ms  fwd=115.6ms  bwd=81.4ms  total=200.9ms
[  71400] loss=5.3488  ema_loss=5.4408  gap=0.0162  ema_gap=0.0414  mixup=52/200  4.7 sps  ETA 1.7h
              R²_rand=0.3149  R²_naive=0.2532  U_t=0.4841  U_b=0.6575  AUC=0.9813  Top1=0.3360
  timing: data=18.1ms  fwd=112.9ms  bwd=79.9ms  total=211.4ms
[  71600] loss=5.3192  ema_loss=5.5050  gap=0.0413  ema_gap=0.0405  mixup=58/200  4.7 sps  ETA 1.7h
              R²_rand=0.3429  R²_naive=0.2716  U_t=0.4781  U_b=0.7030  AUC=0.9794  Top1=0.3704
  timing: data=3.4ms  fwd=113.4ms  bwd=81.4ms  total=198.8ms
[  71800] loss=5.8642  ema_loss=5.6022  gap=0.0209  ema_gap=0.0357  mixup=49/200  4.7 sps  ETA 1.7h
              R²_rand=0.3217  R²_naive=0.2459  U_t=0.5419  U_b=0.5921  AUC=0.9698  Top1=0.2619
  timing: data=3.6ms  fwd=115.2ms  bwd=81.2ms  total=200.5ms
[  72000] loss=5.2395  ema_loss=5.5405  gap=0.0405  ema_gap=0.0480  mixup=59/200  4.7 sps  ETA 1.7h
              R²_rand=0.3368  R²_naive=0.2660  U_t=0.4429  U_b=0.7294  AUC=0.9754  Top1=0.3259
  timing: data=18.3ms  fwd=112.2ms  bwd=82.5ms  total=213.6ms
[  72200] loss=5.4009  ema_loss=5.6291  gap=0.0044  ema_gap=0.0302  mixup=62/200  4.7 sps  ETA 1.7h
              R²_rand=0.3414  R²_naive=0.2493  U_t=0.4628  U_b=0.7470  AUC=0.9784  Top1=0.3558
  timing: data=3.8ms  fwd=117.5ms  bwd=84.8ms  total=206.8ms
[  72400] loss=5.6191  ema_loss=5.5181  gap=-0.0042  ema_gap=0.0139  mixup=64/200  4.7 sps  ETA 1.6h
              R²_rand=0.3383  R²_naive=0.2301  U_t=0.4258  U_b=0.7141  AUC=0.9727  Top1=0.3403
  timing: data=4.0ms  fwd=115.9ms  bwd=83.7ms  total=204.2ms
[  72600] loss=5.1823  ema_loss=5.5936  gap=0.0011  ema_gap=0.0121  mixup=56/200  4.7 sps  ETA 1.6h
              R²_rand=0.3307  R²_naive=0.2552  U_t=0.4723  U_b=0.7220  AUC=0.9702  Top1=0.3267
  timing: data=18.6ms  fwd=113.2ms  bwd=80.5ms  total=212.9ms
[  72800] loss=6.6043  ema_loss=5.5405  gap=0.0180  ema_gap=0.0254  mixup=58/200  4.7 sps  ETA 1.6h
              R²_rand=0.3288  R²_naive=0.2391  U_t=0.4782  U_b=0.6773  AUC=0.9601  Top1=0.2763
  timing: data=3.5ms  fwd=114.5ms  bwd=81.1ms  total=199.7ms
[  73000] loss=6.1671  ema_loss=5.6749  gap=-0.0088  ema_gap=0.0179  mixup=64/200  4.7 sps  ETA 1.6h
              R²_rand=0.3254  R²_naive=0.1867  U_t=0.4531  U_b=0.6369  AUC=0.9668  Top1=0.2469
  timing: data=3.8ms  fwd=114.2ms  bwd=81.5ms  total=200.1ms
[  73200] loss=5.9512  ema_loss=5.5319  gap=0.0048  ema_gap=0.0154  mixup=64/200  4.7 sps  ETA 1.6h
              R²_rand=0.3064  R²_naive=0.2103  U_t=0.4263  U_b=0.6761  AUC=0.9771  Top1=0.3362
  timing: data=22.3ms  fwd=113.8ms  bwd=81.8ms  total=218.4ms
[  73400] loss=5.1386  ema_loss=5.3977  gap=0.0152  ema_gap=0.0266  mixup=69/200  4.7 sps  ETA 1.6h
              R²_rand=0.3256  R²_naive=0.2544  U_t=0.5182  U_b=0.7559  AUC=0.9766  Top1=0.3167
  timing: data=3.8ms  fwd=113.5ms  bwd=80.4ms  total=198.3ms
[  73600] loss=5.0900  ema_loss=5.4278  gap=0.0288  ema_gap=0.0275  mixup=74/200  4.7 sps  ETA 1.6h
              R²_rand=0.3679  R²_naive=0.2780  U_t=0.4738  U_b=0.7452  AUC=0.9836  Top1=0.3484
  timing: data=3.8ms  fwd=114.6ms  bwd=83.9ms  total=203.0ms
[  73800] loss=7.3747  ema_loss=5.4698  gap=0.0266  ema_gap=0.0313  mixup=67/200  4.7 sps  ETA 1.6h
              R²_rand=0.3458  R²_naive=0.2117  U_t=0.4134  U_b=0.5756  AUC=0.9600  Top1=0.3237
  timing: data=27.0ms  fwd=111.5ms  bwd=83.3ms  total=222.4ms
[  74000] loss=5.3012  ema_loss=5.5144  gap=0.0298  ema_gap=0.0306  mixup=52/200  4.7 sps  ETA 1.5h
              R²_rand=0.3564  R²_naive=0.2563  U_t=0.4265  U_b=0.7637  AUC=0.9804  Top1=0.3973
  timing: data=3.7ms  fwd=116.1ms  bwd=81.5ms  total=202.0ms
[  74200] loss=5.5342  ema_loss=5.4385  gap=0.0224  ema_gap=0.0295  mixup=58/200  4.7 sps  ETA 1.5h
              R²_rand=0.3624  R²_naive=0.2429  U_t=0.4518  U_b=0.6983  AUC=0.9784  Top1=0.3487
  timing: data=3.8ms  fwd=114.7ms  bwd=81.6ms  total=200.6ms
[  74400] loss=6.0391  ema_loss=5.5170  gap=0.0165  ema_gap=0.0215  mixup=39/200  4.7 sps  ETA 1.5h
              R²_rand=0.3625  R²_naive=0.2485  U_t=0.4649  U_b=0.6732  AUC=0.9688  Top1=0.3091
  timing: data=24.9ms  fwd=113.9ms  bwd=80.2ms  total=219.6ms
[  74600] loss=5.7825  ema_loss=5.5593  gap=0.0012  ema_gap=0.0193  mixup=64/200  4.7 sps  ETA 1.5h
              R²_rand=0.3676  R²_naive=0.2387  U_t=0.4209  U_b=0.6778  AUC=0.9764  Top1=0.3503
  timing: data=4.4ms  fwd=115.1ms  bwd=83.0ms  total=203.2ms
[  74800] loss=5.0928  ema_loss=5.5703  gap=0.0105  ema_gap=0.0227  mixup=55/200  4.7 sps  ETA 1.5h
              R²_rand=0.3527  R²_naive=0.2775  U_t=0.4329  U_b=0.7449  AUC=0.9835  Top1=0.4377
  timing: data=4.0ms  fwd=116.9ms  bwd=84.9ms  total=206.5ms
[  75000] loss=5.0176  ema_loss=5.4150  gap=0.0319  ema_gap=0.0271  mixup=51/200  4.7 sps  ETA 1.5h
              R²_rand=0.3634  R²_naive=0.2856  U_t=0.4700  U_b=0.7596  AUC=0.9865  Top1=0.4478
  timing: data=3.6ms  fwd=114.3ms  bwd=80.5ms  total=198.9ms
  -> Saved /home/jupyter/wt-cf-390-train/experiments/2026-08-01_lalign_teacher/runs/bb_small_arm6_v2_ncpc_lalign_lrepmoco_enc3l3_b64_200k_sigreg_ema_qk_aon_cpc_tau090_alignteacher_r2_75k.pth
[  75200] loss=5.4977  ema_loss=5.4229  gap=0.0188  ema_gap=0.0332  mixup=59/200  4.7 sps  ETA 1.5h
              R²_rand=0.3227  R²_naive=0.2726  U_t=0.4705  U_b=0.5851  AUC=0.9840  Top1=0.3620
  timing: data=23.9ms  fwd=115.0ms  bwd=81.2ms  total=220.7ms
[  75400] loss=7.0334  ema_loss=5.5398  gap=0.0365  ema_gap=0.0338  mixup=64/200  4.7 sps  ETA 1.5h
              R²_rand=0.3293  R²_naive=0.2394  U_t=0.4581  U_b=0.6740  AUC=0.9815  Top1=0.4062
  timing: data=3.6ms  fwd=113.3ms  bwd=82.5ms  total=199.9ms
[  75600] loss=5.2129  ema_loss=5.4657  gap=0.0262  ema_gap=0.0246  mixup=59/200  4.7 sps  ETA 1.4h
              R²_rand=0.3311  R²_naive=0.2627  U_t=0.4989  U_b=0.7137  AUC=0.9780  Top1=0.3910
  timing: data=3.5ms  fwd=113.0ms  bwd=84.0ms  total=201.1ms
[  75800] loss=5.1637  ema_loss=5.5094  gap=0.0251  ema_gap=0.0278  mixup=56/200  4.7 sps  ETA 1.4h
              R²_rand=0.3570  R²_naive=0.2781  U_t=0.4640  U_b=0.7150  AUC=0.9828  Top1=0.4049
  timing: data=24.7ms  fwd=111.3ms  bwd=81.4ms  total=218.0ms
[  76000] loss=5.0797  ema_loss=5.4968  gap=0.0301  ema_gap=0.0361  mixup=69/200  4.7 sps  ETA 1.4h
              R²_rand=0.3468  R²_naive=0.2767  U_t=0.4500  U_b=0.7599  AUC=0.9844  Top1=0.3848
  timing: data=3.5ms  fwd=112.7ms  bwd=80.9ms  total=197.7ms
[  76200] loss=5.2790  ema_loss=5.5060  gap=0.0346  ema_gap=0.0326  mixup=51/200  4.7 sps  ETA 1.4h
              R²_rand=0.3731  R²_naive=0.2873  U_t=0.4440  U_b=0.6579  AUC=0.9857  Top1=0.4109
  timing: data=3.3ms  fwd=112.1ms  bwd=81.1ms  total=197.1ms
[  76400] loss=5.0799  ema_loss=5.4234  gap=0.0406  ema_gap=0.0437  mixup=70/200  4.7 sps  ETA 1.4h
              R²_rand=0.3446  R²_naive=0.2824  U_t=0.4821  U_b=0.6951  AUC=0.9840  Top1=0.4551
  timing: data=26.6ms  fwd=113.4ms  bwd=82.2ms  total=222.7ms
[  76600] loss=5.6926  ema_loss=5.4186  gap=0.0777  ema_gap=0.0434  mixup=63/200  4.7 sps  ETA 1.4h
              R²_rand=0.3843  R²_naive=0.2675  U_t=0.4053  U_b=0.6494  AUC=0.9879  Top1=0.5053
  timing: data=3.7ms  fwd=114.4ms  bwd=83.2ms  total=201.9ms
[  76800] loss=5.3167  ema_loss=5.4567  gap=0.0607  ema_gap=0.0420  mixup=58/200  4.7 sps  ETA 1.4h
              R²_rand=0.3806  R²_naive=0.3013  U_t=0.4622  U_b=0.7454  AUC=0.9860  Top1=0.4421
  timing: data=3.6ms  fwd=114.5ms  bwd=81.8ms  total=200.6ms
[  77000] loss=6.4733  ema_loss=5.4447  gap=0.0245  ema_gap=0.0396  mixup=55/200  4.7 sps  ETA 1.4h
              R²_rand=0.3951  R²_naive=0.2507  U_t=0.3891  U_b=0.5958  AUC=0.9818  Top1=0.4054
  timing: data=24.5ms  fwd=111.2ms  bwd=80.9ms  total=217.2ms
[  77200] loss=6.0835  ema_loss=5.5035  gap=0.0327  ema_gap=0.0425  mixup=68/200  4.7 sps  ETA 1.4h
              R²_rand=0.3650  R²_naive=0.2568  U_t=0.4684  U_b=0.6914  AUC=0.9751  Top1=0.3273
  timing: data=3.6ms  fwd=115.6ms  bwd=81.1ms  total=200.9ms
[  77400] loss=5.5137  ema_loss=5.4601  gap=0.1082  ema_gap=0.0468  mixup=63/200  4.7 sps  ETA 1.3h
              R²_rand=0.3310  R²_naive=0.3004  U_t=0.4620  U_b=0.7367  AUC=0.9845  Top1=0.5118
  timing: data=3.5ms  fwd=114.1ms  bwd=81.2ms  total=199.4ms
[  77600] loss=5.1678  ema_loss=5.4725  gap=0.0541  ema_gap=0.0450  mixup=56/200  4.7 sps  ETA 1.3h
              R²_rand=0.3662  R²_naive=0.2815  U_t=0.4628  U_b=0.7339  AUC=0.9826  Top1=0.3883
  timing: data=25.8ms  fwd=116.4ms  bwd=83.0ms  total=225.8ms
[  77800] loss=5.1891  ema_loss=5.5596  gap=0.0299  ema_gap=0.0284  mixup=58/200  4.7 sps  ETA 1.3h
              R²_rand=0.3052  R²_naive=0.2553  U_t=0.5254  U_b=0.7391  AUC=0.9753  Top1=0.3438
  timing: data=3.7ms  fwd=116.6ms  bwd=81.8ms  total=202.8ms
[  78000] loss=5.1418  ema_loss=5.4839  gap=0.0370  ema_gap=0.0335  mixup=55/200  4.7 sps  ETA 1.3h
              R²_rand=0.3345  R²_naive=0.2596  U_t=0.5029  U_b=0.7419  AUC=0.9745  Top1=0.3558
  timing: data=3.9ms  fwd=117.3ms  bwd=82.2ms  total=204.0ms
[  78200] loss=5.5288  ema_loss=5.6409  gap=0.0433  ema_gap=0.0259  mixup=56/200  4.7 sps  ETA 1.3h
              R²_rand=0.3179  R²_naive=0.2749  U_t=0.4693  U_b=0.6184  AUC=0.9741  Top1=0.3615
  timing: data=24.2ms  fwd=111.2ms  bwd=81.5ms  total=217.5ms
[  78400] loss=5.1837  ema_loss=5.6264  gap=0.0250  ema_gap=0.0355  mixup=58/200  4.7 sps  ETA 1.3h
              R²_rand=0.3343  R²_naive=0.2610  U_t=0.5067  U_b=0.7263  AUC=0.9737  Top1=0.2814
  timing: data=4.1ms  fwd=115.6ms  bwd=84.7ms  total=205.0ms
[  78600] loss=5.3795  ema_loss=5.6644  gap=0.0229  ema_gap=0.0298  mixup=57/200  4.7 sps  ETA 1.3h
              R²_rand=0.3232  R²_naive=0.2566  U_t=0.5304  U_b=0.6191  AUC=0.9659  Top1=0.2733
  timing: data=3.5ms  fwd=114.4ms  bwd=83.3ms  total=201.9ms
[  78800] loss=5.3834  ema_loss=5.5972  gap=0.0048  ema_gap=0.0272  mixup=67/200  4.7 sps  ETA 1.3h
              R²_rand=0.2700  R²_naive=0.2423  U_t=0.5092  U_b=0.6464  AUC=0.9701  Top1=0.3066
  timing: data=35.5ms  fwd=113.2ms  bwd=82.1ms  total=231.4ms
[  79000] loss=5.4273  ema_loss=5.7083  gap=0.0263  ema_gap=0.0174  mixup=59/200  4.7 sps  ETA 1.2h
              R²_rand=0.2939  R²_naive=0.2439  U_t=0.5311  U_b=0.7006  AUC=0.9619  Top1=0.2725
  timing: data=4.2ms  fwd=114.7ms  bwd=82.5ms  total=202.0ms
[  79200] loss=5.2672  ema_loss=5.5884  gap=0.0146  ema_gap=0.0208  mixup=58/200  4.7 sps  ETA 1.2h
              R²_rand=0.3299  R²_naive=0.2563  U_t=0.4947  U_b=0.6966  AUC=0.9706  Top1=0.3303
  timing: data=3.5ms  fwd=114.4ms  bwd=82.6ms  total=201.0ms
[  79400] loss=5.2387  ema_loss=5.6338  gap=-0.0037  ema_gap=0.0236  mixup=60/200  4.7 sps  ETA 1.2h
              R²_rand=0.3284  R²_naive=0.2460  U_t=0.4888  U_b=0.7375  AUC=0.9676  Top1=0.2825
  timing: data=25.1ms  fwd=113.0ms  bwd=82.5ms  total=221.2ms
[  79600] loss=5.3744  ema_loss=5.6490  gap=0.0568  ema_gap=0.0382  mixup=64/200  4.7 sps  ETA 1.2h
              R²_rand=0.3250  R²_naive=0.2633  U_t=0.4660  U_b=0.7145  AUC=0.9680  Top1=0.3422
  timing: data=3.6ms  fwd=114.2ms  bwd=81.8ms  total=200.2ms
[  79800] loss=7.4781  ema_loss=5.5915  gap=0.0194  ema_gap=0.0301  mixup=66/200  4.7 sps  ETA 1.2h
              R²_rand=0.3747  R²_naive=0.2371  U_t=0.4338  U_b=0.6068  AUC=0.9704  Top1=0.3389
  timing: data=3.8ms  fwd=115.5ms  bwd=82.1ms  total=202.0ms
[  80000] loss=5.1860  ema_loss=5.5453  gap=0.0128  ema_gap=0.0194  mixup=56/200  4.7 sps  ETA 1.2h
              R²_rand=0.3296  R²_naive=0.2616  U_t=0.5006  U_b=0.7238  AUC=0.9763  Top1=0.3720
  timing: data=3.6ms  fwd=115.4ms  bwd=82.0ms  total=201.5ms
[  80200] loss=5.3235  ema_loss=5.5071  gap=0.0423  ema_gap=0.0269  mixup=58/200  4.7 sps  ETA 1.2h
              R²_rand=0.3665  R²_naive=0.2835  U_t=0.4556  U_b=0.7413  AUC=0.9854  Top1=0.4106
  timing: data=24.9ms  fwd=114.0ms  bwd=82.2ms  total=221.7ms
[  80400] loss=5.3603  ema_loss=5.6201  gap=0.0111  ema_gap=0.0250  mixup=60/200  4.7 sps  ETA 1.2h
              R²_rand=0.3482  R²_naive=0.2677  U_t=0.4706  U_b=0.6265  AUC=0.9772  Top1=0.3066
  timing: data=4.1ms  fwd=115.7ms  bwd=82.3ms  total=202.8ms
[  80600] loss=7.1417  ema_loss=5.5280  gap=0.0062  ema_gap=0.0293  mixup=51/200  4.7 sps  ETA 1.2h
              R²_rand=0.3618  R²_naive=0.2342  U_t=0.4372  U_b=0.6029  AUC=0.9715  Top1=0.2961
  timing: data=3.6ms  fwd=114.9ms  bwd=81.4ms  total=200.5ms
[  80800] loss=5.2069  ema_loss=5.5325  gap=0.0441  ema_gap=0.0221  mixup=57/200  4.7 sps  ETA 1.1h
              R²_rand=0.3358  R²_naive=0.2857  U_t=0.4762  U_b=0.6969  AUC=0.9809  Top1=0.4005
  timing: data=25.6ms  fwd=111.8ms  bwd=81.8ms  total=219.8ms
[  81000] loss=6.4898  ema_loss=5.5561  gap=0.0068  ema_gap=0.0218  mixup=59/200  4.7 sps  ETA 1.1h
              R²_rand=0.3346  R²_naive=0.2184  U_t=0.4560  U_b=0.6429  AUC=0.9731  Top1=0.3132
  timing: data=3.7ms  fwd=116.5ms  bwd=82.7ms  total=203.5ms
[  81200] loss=5.2119  ema_loss=5.5754  gap=0.0086  ema_gap=0.0124  mixup=50/200  4.7 sps  ETA 1.1h
              R²_rand=0.3313  R²_naive=0.2503  U_t=0.4765  U_b=0.7334  AUC=0.9679  Top1=0.2920
  timing: data=3.8ms  fwd=113.5ms  bwd=81.0ms  total=198.8ms
[  81400] loss=6.0236  ema_loss=5.5516  gap=0.0070  ema_gap=0.0216  mixup=69/200  4.7 sps  ETA 1.1h
              R²_rand=0.3152  R²_naive=0.2259  U_t=0.5054  U_b=0.6990  AUC=0.9674  Top1=0.2312
  timing: data=35.6ms  fwd=113.2ms  bwd=79.0ms  total=228.4ms
[  81600] loss=5.8525  ema_loss=5.7188  gap=0.0196  ema_gap=0.0163  mixup=62/200  4.7 sps  ETA 1.1h
              R²_rand=0.3350  R²_naive=0.2627  U_t=0.4832  U_b=0.6927  AUC=0.9636  Top1=0.2388
  timing: data=3.8ms  fwd=113.8ms  bwd=83.0ms  total=201.2ms
[  81800] loss=5.6521  ema_loss=5.7194  gap=0.0142  ema_gap=0.0223  mixup=61/200  4.7 sps  ETA 1.1h
              R²_rand=0.3052  R²_naive=0.2302  U_t=0.4890  U_b=0.5836  AUC=0.9561  Top1=0.2022
  timing: data=3.6ms  fwd=116.1ms  bwd=82.1ms  total=202.5ms
[  82000] loss=5.2738  ema_loss=5.6890  gap=0.0136  ema_gap=0.0173  mixup=63/200  4.7 sps  ETA 1.1h
              R²_rand=0.2999  R²_naive=0.2330  U_t=0.5150  U_b=0.7060  AUC=0.9635  Top1=0.2735
  timing: data=27.6ms  fwd=115.1ms  bwd=81.7ms  total=225.0ms
[  82200] loss=5.8699  ema_loss=5.5952  gap=-0.0027  ema_gap=0.0147  mixup=57/200  4.7 sps  ETA 1.1h
              R²_rand=0.2805  R²_naive=0.1942  U_t=0.5153  U_b=0.6511  AUC=0.9613  Top1=0.2391
  timing: data=4.1ms  fwd=116.1ms  bwd=82.6ms  total=203.4ms
[  82400] loss=5.3906  ema_loss=5.6567  gap=0.0275  ema_gap=0.0243  mixup=69/200  4.7 sps  ETA 1.0h
              R²_rand=0.2890  R²_naive=0.2477  U_t=0.5407  U_b=0.6804  AUC=0.9567  Top1=0.2269
  timing: data=3.6ms  fwd=114.6ms  bwd=82.9ms  total=201.6ms
[  82600] loss=6.0392  ema_loss=5.7564  gap=0.0547  ema_gap=0.0363  mixup=53/200  4.7 sps  ETA 1.0h
              R²_rand=0.3088  R²_naive=0.2259  U_t=0.5194  U_b=0.6455  AUC=0.9641  Top1=0.2643
  timing: data=26.5ms  fwd=110.7ms  bwd=77.9ms  total=215.6ms
[  82800] loss=5.4583  ema_loss=5.7040  gap=0.0232  ema_gap=0.0351  mixup=55/200  4.7 sps  ETA 1.0h
              R²_rand=0.2671  R²_naive=0.2491  U_t=0.5454  U_b=0.7034  AUC=0.9608  Top1=0.2190
  timing: data=3.6ms  fwd=115.5ms  bwd=82.2ms  total=201.9ms
[  83000] loss=5.7360  ema_loss=5.6049  gap=0.0154  ema_gap=0.0302  mixup=61/200  4.7 sps  ETA 1.0h
              R²_rand=0.3336  R²_naive=0.2188  U_t=0.5000  U_b=0.6578  AUC=0.9664  Top1=0.2418
  timing: data=3.9ms  fwd=116.7ms  bwd=82.2ms  total=203.5ms
[  83200] loss=5.4945  ema_loss=5.5821  gap=-0.0072  ema_gap=0.0244  mixup=64/200  4.7 sps  ETA 1.0h
              R²_rand=0.2928  R²_naive=0.2292  U_t=0.5492  U_b=0.6084  AUC=0.9597  Top1=0.2136
  timing: data=24.9ms  fwd=113.9ms  bwd=83.3ms  total=222.7ms
[  83400] loss=5.1293  ema_loss=5.5126  gap=0.0285  ema_gap=0.0203  mixup=74/200  4.7 sps  ETA 1.0h
              R²_rand=0.3192  R²_naive=0.2610  U_t=0.5474  U_b=0.7493  AUC=0.9700  Top1=0.2716
  timing: data=4.2ms  fwd=115.5ms  bwd=82.7ms  total=203.1ms
[  83600] loss=5.2979  ema_loss=5.6308  gap=0.0091  ema_gap=0.0197  mixup=62/200  4.7 sps  ETA 1.0h
              R²_rand=0.2714  R²_naive=0.2172  U_t=0.5387  U_b=0.7192  AUC=0.9579  Top1=0.2554
  timing: data=4.4ms  fwd=115.5ms  bwd=83.3ms  total=203.8ms
[  83800] loss=5.3087  ema_loss=5.6524  gap=0.0179  ema_gap=0.0226  mixup=67/200  4.7 sps  ETA 1.0h
              R²_rand=0.2862  R²_naive=0.2220  U_t=0.5424  U_b=0.7323  AUC=0.9563  Top1=0.2448
  timing: data=24.7ms  fwd=114.2ms  bwd=82.1ms  total=221.6ms
[  84000] loss=5.6900  ema_loss=5.6179  gap=0.0304  ema_gap=0.0231  mixup=78/200  4.7 sps  ETA 1.0h
              R²_rand=0.3135  R²_naive=0.2302  U_t=0.5101  U_b=0.6749  AUC=0.9613  Top1=0.2654
  timing: data=4.2ms  fwd=114.0ms  bwd=83.6ms  total=202.4ms
[  84200] loss=5.2414  ema_loss=5.5984  gap=0.0023  ema_gap=0.0224  mixup=56/200  4.7 sps  ETA 0.9h
              R²_rand=0.3172  R²_naive=0.2427  U_t=0.5449  U_b=0.7185  AUC=0.9654  Top1=0.2673
  timing: data=4.0ms  fwd=116.2ms  bwd=82.4ms  total=203.1ms
[  84400] loss=5.3970  ema_loss=5.5689  gap=0.0268  ema_gap=0.0276  mixup=58/200  4.7 sps  ETA 0.9h
              R²_rand=0.3144  R²_naive=0.2546  U_t=0.4689  U_b=0.6974  AUC=0.9628  Top1=0.2537
  timing: data=24.8ms  fwd=113.2ms  bwd=82.4ms  total=221.1ms
[  84600] loss=5.6210  ema_loss=5.5551  gap=0.0435  ema_gap=0.0229  mixup=64/200  4.7 sps  ETA 0.9h
              R²_rand=0.3039  R²_naive=0.2362  U_t=0.5472  U_b=0.5717  AUC=0.9522  Top1=0.2803
  timing: data=4.2ms  fwd=115.0ms  bwd=81.6ms  total=201.4ms
[  84800] loss=5.5983  ema_loss=5.5816  gap=0.0350  ema_gap=0.0253  mixup=61/200  4.7 sps  ETA 0.9h
              R²_rand=0.3084  R²_naive=0.2295  U_t=0.5082  U_b=0.6778  AUC=0.9552  Top1=0.2638
  timing: data=3.8ms  fwd=116.4ms  bwd=82.8ms  total=203.6ms
[  85000] loss=5.3281  ema_loss=5.5647  gap=0.0122  ema_gap=0.0268  mixup=55/200  4.7 sps  ETA 0.9h
              R²_rand=0.3002  R²_naive=0.2454  U_t=0.5128  U_b=0.7056  AUC=0.9652  Top1=0.2825
  timing: data=4.0ms  fwd=116.1ms  bwd=83.4ms  total=204.1ms
[  85200] loss=5.4060  ema_loss=5.4547  gap=0.0149  ema_gap=0.0258  mixup=59/200  4.7 sps  ETA 0.9h
              R²_rand=0.3408  R²_naive=0.2503  U_t=0.5060  U_b=0.7180  AUC=0.9736  Top1=0.2972
  timing: data=21.0ms  fwd=113.9ms  bwd=81.1ms  total=216.6ms
[  85400] loss=5.7763  ema_loss=5.5655  gap=-0.0084  ema_gap=0.0195  mixup=59/200  4.7 sps  ETA 0.9h
              R²_rand=0.3149  R²_naive=0.2151  U_t=0.4742  U_b=0.6681  AUC=0.9561  Top1=0.1997
  timing: data=3.6ms  fwd=116.3ms  bwd=80.9ms  total=201.4ms
[  85600] loss=5.9313  ema_loss=5.5513  gap=0.0070  ema_gap=0.0172  mixup=52/200  4.7 sps  ETA 0.9h
              R²_rand=0.3096  R²_naive=0.2360  U_t=0.4877  U_b=0.5757  AUC=0.9612  Top1=0.2410
  timing: data=3.7ms  fwd=113.3ms  bwd=80.5ms  total=198.0ms
[  85800] loss=5.0593  ema_loss=5.4893  gap=0.0343  ema_gap=0.0255  mixup=59/200  4.7 sps  ETA 0.8h
              R²_rand=0.3226  R²_naive=0.2732  U_t=0.5270  U_b=0.7514  AUC=0.9747  Top1=0.3094
  timing: data=21.7ms  fwd=116.0ms  bwd=82.8ms  total=221.1ms
[  86000] loss=5.1086  ema_loss=5.4636  gap=0.0277  ema_gap=0.0325  mixup=58/200  4.7 sps  ETA 0.8h
              R²_rand=0.3088  R²_naive=0.2429  U_t=0.5549  U_b=0.7620  AUC=0.9726  Top1=0.3045
  timing: data=3.7ms  fwd=115.8ms  bwd=84.3ms  total=204.5ms
[  86200] loss=5.7976  ema_loss=5.5297  gap=0.0655  ema_gap=0.0291  mixup=71/200  4.7 sps  ETA 0.8h
              R²_rand=0.3072  R²_naive=0.2584  U_t=0.4713  U_b=0.5681  AUC=0.9703  Top1=0.3183
  timing: data=3.8ms  fwd=115.4ms  bwd=82.5ms  total=202.3ms
[  86400] loss=5.3048  ema_loss=5.4865  gap=0.0224  ema_gap=0.0254  mixup=57/200  4.7 sps  ETA 0.8h
              R²_rand=0.2930  R²_naive=0.2538  U_t=0.5198  U_b=0.7122  AUC=0.9718  Top1=0.2999
  timing: data=23.0ms  fwd=113.7ms  bwd=81.7ms  total=218.9ms
[  86600] loss=5.8169  ema_loss=5.5688  gap=0.0382  ema_gap=0.0309  mixup=57/200  4.7 sps  ETA 0.8h
              R²_rand=0.3246  R²_naive=0.2466  U_t=0.4596  U_b=0.7075  AUC=0.9689  Top1=0.2716
  timing: data=4.5ms  fwd=117.3ms  bwd=82.6ms  total=205.1ms
[  86800] loss=5.4037  ema_loss=5.5882  gap=0.0218  ema_gap=0.0331  mixup=64/200  4.7 sps  ETA 0.8h
              R²_rand=0.2928  R²_naive=0.2374  U_t=0.5681  U_b=0.7417  AUC=0.9653  Top1=0.2608
  timing: data=4.5ms  fwd=113.8ms  bwd=82.6ms  total=201.5ms
[  87000] loss=5.2704  ema_loss=5.6421  gap=0.0450  ema_gap=0.0240  mixup=67/200  4.7 sps  ETA 0.8h
              R²_rand=0.3012  R²_naive=0.2595  U_t=0.5413  U_b=0.7367  AUC=0.9680  Top1=0.3031
  timing: data=23.0ms  fwd=113.0ms  bwd=81.7ms  total=218.2ms
[  87200] loss=5.7455  ema_loss=5.5111  gap=0.0284  ema_gap=0.0321  mixup=68/200  4.7 sps  ETA 0.8h
              R²_rand=0.3048  R²_naive=0.2510  U_t=0.5378  U_b=0.5540  AUC=0.9665  Top1=0.2676
  timing: data=4.1ms  fwd=115.5ms  bwd=80.4ms  total=200.5ms
[  87400] loss=5.3184  ema_loss=5.5404  gap=0.0471  ema_gap=0.0347  mixup=62/200  4.7 sps  ETA 0.7h
              R²_rand=0.3239  R²_naive=0.2502  U_t=0.5335  U_b=0.7327  AUC=0.9728  Top1=0.2779
  timing: data=3.7ms  fwd=115.4ms  bwd=81.6ms  total=201.3ms
[  87600] loss=5.7594  ema_loss=5.6619  gap=0.0190  ema_gap=0.0303  mixup=64/200  4.7 sps  ETA 0.7h
              R²_rand=0.2996  R²_naive=0.1750  U_t=0.4793  U_b=0.6413  AUC=0.9655  Top1=0.2526
  timing: data=27.0ms  fwd=114.2ms  bwd=80.8ms  total=222.6ms
[  87800] loss=6.1202  ema_loss=5.5262  gap=0.0601  ema_gap=0.0327  mixup=63/200  4.7 sps  ETA 0.7h
              R²_rand=0.3504  R²_naive=0.2475  U_t=0.4903  U_b=0.6656  AUC=0.9744  Top1=0.3289
  timing: data=3.5ms  fwd=113.9ms  bwd=80.9ms  total=198.9ms
[  88000] loss=5.1663  ema_loss=5.4936  gap=0.0004  ema_gap=0.0235  mixup=48/200  4.7 sps  ETA 0.7h
              R²_rand=0.3270  R²_naive=0.2461  U_t=0.5059  U_b=0.7506  AUC=0.9765  Top1=0.3227
  timing: data=3.6ms  fwd=115.1ms  bwd=81.2ms  total=200.5ms
[  88200] loss=5.1240  ema_loss=5.4103  gap=0.0070  ema_gap=0.0248  mixup=52/200  4.7 sps  ETA 0.7h
              R²_rand=0.3248  R²_naive=0.2578  U_t=0.5161  U_b=0.7493  AUC=0.9783  Top1=0.3015
  timing: data=20.5ms  fwd=113.3ms  bwd=80.9ms  total=215.2ms
[  88400] loss=5.1057  ema_loss=5.4852  gap=0.0241  ema_gap=0.0327  mixup=57/200  4.7 sps  ETA 0.7h
              R²_rand=0.3261  R²_naive=0.2655  U_t=0.4558  U_b=0.7457  AUC=0.9762  Top1=0.3205
  timing: data=3.5ms  fwd=114.6ms  bwd=80.8ms  total=199.4ms
[  88600] loss=5.4530  ema_loss=5.3978  gap=0.0453  ema_gap=0.0319  mixup=73/200  4.7 sps  ETA 0.7h
              R²_rand=0.3288  R²_naive=0.2749  U_t=0.4731  U_b=0.6062  AUC=0.9773  Top1=0.3094
  timing: data=3.3ms  fwd=113.5ms  bwd=81.1ms  total=198.5ms
[  88800] loss=5.4934  ema_loss=5.4336  gap=0.0573  ema_gap=0.0373  mixup=58/200  4.7 sps  ETA 0.7h
              R²_rand=0.3706  R²_naive=0.2879  U_t=0.4906  U_b=0.5687  AUC=0.9804  Top1=0.3476
  timing: data=20.6ms  fwd=114.2ms  bwd=83.5ms  total=218.9ms
[  89000] loss=6.3667  ema_loss=5.3987  gap=0.0556  ema_gap=0.0406  mixup=61/200  4.7 sps  ETA 0.7h
              R²_rand=0.3348  R²_naive=0.2249  U_t=0.4352  U_b=0.6335  AUC=0.9759  Top1=0.3061
  timing: data=3.4ms  fwd=113.2ms  bwd=80.9ms  total=198.2ms
[  89200] loss=5.2933  ema_loss=5.4559  gap=0.0362  ema_gap=0.0351  mixup=61/200  4.7 sps  ETA 0.6h
              R²_rand=0.3239  R²_naive=0.2606  U_t=0.4892  U_b=0.6727  AUC=0.9786  Top1=0.3455
  timing: data=3.3ms  fwd=116.9ms  bwd=81.9ms  total=202.7ms
[  89400] loss=5.0711  ema_loss=5.4573  gap=0.0249  ema_gap=0.0375  mixup=56/200  4.7 sps  ETA 0.6h
              R²_rand=0.3622  R²_naive=0.2799  U_t=0.4773  U_b=0.7392  AUC=0.9808  Top1=0.3191
  timing: data=25.7ms  fwd=112.6ms  bwd=81.5ms  total=220.4ms
[  89600] loss=5.5417  ema_loss=5.4507  gap=0.0482  ema_gap=0.0377  mixup=55/200  4.7 sps  ETA 0.6h
              R²_rand=0.3394  R²_naive=0.2454  U_t=0.4618  U_b=0.6770  AUC=0.9819  Top1=0.3522
  timing: data=3.9ms  fwd=115.6ms  bwd=82.5ms  total=202.6ms
[  89800] loss=5.1313  ema_loss=5.4220  gap=0.0778  ema_gap=0.0413  mixup=70/200  4.7 sps  ETA 0.6h
              R²_rand=0.3565  R²_naive=0.3057  U_t=0.4621  U_b=0.7008  AUC=0.9870  Top1=0.4516
  timing: data=4.0ms  fwd=113.8ms  bwd=82.5ms  total=200.9ms
[  90000] loss=5.6159  ema_loss=5.4359  gap=0.0624  ema_gap=0.0406  mixup=67/200  4.7 sps  ETA 0.6h
              R²_rand=0.3324  R²_naive=0.2868  U_t=0.4887  U_b=0.5582  AUC=0.9815  Top1=0.3658
  timing: data=39.6ms  fwd=114.3ms  bwd=82.8ms  total=237.3ms
[  90200] loss=5.1723  ema_loss=5.4130  gap=0.0349  ema_gap=0.0359  mixup=64/200  4.7 sps  ETA 0.6h
              R²_rand=0.3454  R²_naive=0.2733  U_t=0.4593  U_b=0.7221  AUC=0.9794  Top1=0.3444
  timing: data=3.5ms  fwd=113.4ms  bwd=81.4ms  total=198.9ms
[  90400] loss=5.3525  ema_loss=5.4702  gap=0.0256  ema_gap=0.0367  mixup=57/200  4.7 sps  ETA 0.6h
              R²_rand=0.3383  R²_naive=0.2626  U_t=0.4781  U_b=0.6310  AUC=0.9802  Top1=0.3202
  timing: data=3.7ms  fwd=116.5ms  bwd=82.4ms  total=203.2ms
[  90600] loss=5.0435  ema_loss=5.4229  gap=0.0411  ema_gap=0.0380  mixup=64/200  4.7 sps  ETA 0.6h
              R²_rand=0.3476  R²_naive=0.2749  U_t=0.5035  U_b=0.7604  AUC=0.9794  Top1=0.3170
  timing: data=3.6ms  fwd=114.9ms  bwd=81.1ms  total=200.1ms
[  90800] loss=5.0982  ema_loss=5.4086  gap=0.0359  ema_gap=0.0376  mixup=63/200  4.7 sps  ETA 0.5h
              R²_rand=0.3322  R²_naive=0.2637  U_t=0.5376  U_b=0.7443  AUC=0.9783  Top1=0.3197
  timing: data=19.9ms  fwd=113.7ms  bwd=80.6ms  total=214.7ms
[  91000] loss=6.2793  ema_loss=5.3467  gap=0.0463  ema_gap=0.0413  mixup=56/200  4.7 sps  ETA 0.5h
              R²_rand=0.3660  R²_naive=0.2577  U_t=0.4287  U_b=0.6708  AUC=0.9808  Top1=0.3376
  timing: data=3.4ms  fwd=112.6ms  bwd=81.1ms  total=197.6ms
[  91200] loss=5.6791  ema_loss=5.4761  gap=0.0344  ema_gap=0.0400  mixup=53/200  4.7 sps  ETA 0.5h
              R²_rand=0.3214  R²_naive=0.2456  U_t=0.4810  U_b=0.6909  AUC=0.9680  Top1=0.2483
  timing: data=3.5ms  fwd=115.2ms  bwd=82.6ms  total=202.0ms
[  91400] loss=5.6875  ema_loss=5.4796  gap=0.0406  ema_gap=0.0376  mixup=59/200  4.7 sps  ETA 0.5h
              R²_rand=0.3561  R²_naive=0.2505  U_t=0.4693  U_b=0.7269  AUC=0.9773  Top1=0.2947
  timing: data=19.2ms  fwd=112.9ms  bwd=81.1ms  total=213.8ms
[  91600] loss=5.3294  ema_loss=5.5119  gap=0.0249  ema_gap=0.0393  mixup=58/200  4.7 sps  ETA 0.5h
              R²_rand=0.3450  R²_naive=0.2637  U_t=0.4265  U_b=0.7134  AUC=0.9794  Top1=0.3259
  timing: data=3.6ms  fwd=116.6ms  bwd=82.5ms  total=203.3ms
[  91800] loss=5.2405  ema_loss=5.5264  gap=0.0522  ema_gap=0.0436  mixup=52/200  4.7 sps  ETA 0.5h
              R²_rand=0.3446  R²_naive=0.2762  U_t=0.4957  U_b=0.7257  AUC=0.9798  Top1=0.3094
  timing: data=3.6ms  fwd=114.9ms  bwd=82.5ms  total=201.6ms
[  92000] loss=5.2275  ema_loss=5.5291  gap=0.0148  ema_gap=0.0412  mixup=62/200  4.7 sps  ETA 0.5h
              R²_rand=0.3222  R²_naive=0.2546  U_t=0.4881  U_b=0.7330  AUC=0.9792  Top1=0.3113
  timing: data=19.1ms  fwd=113.2ms  bwd=81.9ms  total=214.8ms
[  92200] loss=5.3638  ema_loss=5.4011  gap=0.0696  ema_gap=0.0417  mixup=57/200  4.7 sps  ETA 0.5h
              R²_rand=0.3657  R²_naive=0.2991  U_t=0.4818  U_b=0.6053  AUC=0.9837  Top1=0.4003
  timing: data=3.4ms  fwd=112.9ms  bwd=81.7ms  total=198.6ms
[  92400] loss=5.2134  ema_loss=5.4434  gap=0.0472  ema_gap=0.0389  mixup=57/200  4.7 sps  ETA 0.5h
              R²_rand=0.3519  R²_naive=0.2800  U_t=0.4892  U_b=0.6974  AUC=0.9785  Top1=0.3550
  timing: data=3.6ms  fwd=114.0ms  bwd=80.4ms  total=198.6ms
[  92600] loss=5.3048  ema_loss=5.5211  gap=0.0262  ema_gap=0.0394  mixup=71/200  4.7 sps  ETA 0.4h
              R²_rand=0.3118  R²_naive=0.2600  U_t=0.4995  U_b=0.7351  AUC=0.9769  Top1=0.3072
  timing: data=19.3ms  fwd=113.9ms  bwd=80.8ms  total=214.5ms
[  92800] loss=5.2084  ema_loss=5.4157  gap=0.0292  ema_gap=0.0425  mixup=60/200  4.7 sps  ETA 0.4h
              R²_rand=0.3262  R²_naive=0.2606  U_t=0.5151  U_b=0.6908  AUC=0.9809  Top1=0.3129
  timing: data=4.0ms  fwd=116.0ms  bwd=83.3ms  total=203.9ms
[  93000] loss=5.0808  ema_loss=5.3038  gap=0.0394  ema_gap=0.0455  mixup=60/200  4.7 sps  ETA 0.4h
              R²_rand=0.3227  R²_naive=0.2640  U_t=0.5364  U_b=0.7803  AUC=0.9788  Top1=0.2999
  timing: data=3.7ms  fwd=114.9ms  bwd=82.5ms  total=201.7ms
[  93200] loss=5.3635  ema_loss=5.4067  gap=0.0344  ema_gap=0.0486  mixup=60/200  4.7 sps  ETA 0.4h
              R²_rand=0.3653  R²_naive=0.2907  U_t=0.4467  U_b=0.6077  AUC=0.9770  Top1=0.2562
  timing: data=20.5ms  fwd=114.1ms  bwd=81.8ms  total=217.1ms
[  93400] loss=5.0799  ema_loss=5.4922  gap=0.0332  ema_gap=0.0357  mixup=56/200  4.7 sps  ETA 0.4h
              R²_rand=0.3673  R²_naive=0.2823  U_t=0.4714  U_b=0.7384  AUC=0.9833  Top1=0.3455
  timing: data=3.7ms  fwd=115.1ms  bwd=83.4ms  total=202.9ms
[  93600] loss=5.1854  ema_loss=5.4879  gap=0.0390  ema_gap=0.0351  mixup=59/200  4.7 sps  ETA 0.4h
              R²_rand=0.3524  R²_naive=0.2777  U_t=0.4914  U_b=0.7080  AUC=0.9766  Top1=0.2811
  timing: data=3.7ms  fwd=115.9ms  bwd=82.5ms  total=202.7ms
[  93800] loss=5.7598  ema_loss=5.5690  gap=0.0322  ema_gap=0.0370  mixup=58/200  4.7 sps  ETA 0.4h
              R²_rand=0.3214  R²_naive=0.2380  U_t=0.4820  U_b=0.7200  AUC=0.9767  Top1=0.2621
  timing: data=20.4ms  fwd=113.0ms  bwd=83.1ms  total=217.2ms
[  94000] loss=5.5240  ema_loss=5.5381  gap=0.0235  ema_gap=0.0405  mixup=64/200  4.7 sps  ETA 0.4h
              R²_rand=0.2951  R²_naive=0.2572  U_t=0.5300  U_b=0.5790  AUC=0.9727  Top1=0.2464
  timing: data=4.1ms  fwd=115.4ms  bwd=81.5ms  total=201.6ms
[  94200] loss=6.3454  ema_loss=5.4451  gap=0.0493  ema_gap=0.0397  mixup=59/200  4.7 sps  ETA 0.3h
              R²_rand=0.3509  R²_naive=0.2440  U_t=0.4117  U_b=0.6280  AUC=0.9818  Top1=0.3389
  timing: data=3.4ms  fwd=116.5ms  bwd=83.4ms  total=203.9ms
[  94400] loss=5.2885  ema_loss=5.4408  gap=0.0212  ema_gap=0.0374  mixup=57/200  4.7 sps  ETA 0.3h
              R²_rand=0.3511  R²_naive=0.2611  U_t=0.4470  U_b=0.6572  AUC=0.9798  Top1=0.3085
  timing: data=21.6ms  fwd=114.5ms  bwd=83.2ms  total=219.9ms
[  94600] loss=5.4340  ema_loss=5.3957  gap=0.0277  ema_gap=0.0400  mixup=57/200  4.7 sps  ETA 0.3h
              R²_rand=0.3681  R²_naive=0.2593  U_t=0.4535  U_b=0.7200  AUC=0.9786  Top1=0.2708
  timing: data=3.7ms  fwd=115.2ms  bwd=80.6ms  total=200.1ms
[  94800] loss=6.0016  ema_loss=5.4043  gap=0.0792  ema_gap=0.0461  mixup=59/200  4.7 sps  ETA 0.3h
              R²_rand=0.3747  R²_naive=0.2844  U_t=0.4775  U_b=0.6764  AUC=0.9829  Top1=0.3875
  timing: data=3.6ms  fwd=116.5ms  bwd=82.9ms  total=203.6ms
[  95000] loss=6.1383  ema_loss=5.5296  gap=0.0433  ema_gap=0.0436  mixup=74/200  4.7 sps  ETA 0.3h
              R²_rand=0.3683  R²_naive=0.2469  U_t=0.4059  U_b=0.5298  AUC=0.9686  Top1=0.2608
  timing: data=20.0ms  fwd=114.3ms  bwd=83.1ms  total=218.0ms
[  95200] loss=5.1724  ema_loss=5.5351  gap=0.0311  ema_gap=0.0371  mixup=59/200  4.7 sps  ETA 0.3h
              R²_rand=0.3419  R²_naive=0.2676  U_t=0.5060  U_b=0.7167  AUC=0.9794  Top1=0.3362
  timing: data=4.0ms  fwd=115.6ms  bwd=82.5ms  total=202.8ms
[  95400] loss=5.1390  ema_loss=5.5843  gap=0.0243  ema_gap=0.0258  mixup=57/200  4.7 sps  ETA 0.3h
              R²_rand=0.3249  R²_naive=0.2653  U_t=0.4969  U_b=0.7503  AUC=0.9781  Top1=0.3178
  timing: data=3.9ms  fwd=116.4ms  bwd=83.3ms  total=204.2ms
[  95600] loss=4.9945  ema_loss=5.4728  gap=0.0288  ema_gap=0.0282  mixup=76/200  4.7 sps  ETA 0.3h
              R²_rand=0.3633  R²_naive=0.2899  U_t=0.4412  U_b=0.7517  AUC=0.9847  Top1=0.3620
  timing: data=3.6ms  fwd=115.2ms  bwd=82.9ms  total=202.3ms
[  95800] loss=5.1624  ema_loss=5.5150  gap=0.0341  ema_gap=0.0337  mixup=74/200  4.7 sps  ETA 0.2h
              R²_rand=0.3492  R²_naive=0.2857  U_t=0.4830  U_b=0.7050  AUC=0.9830  Top1=0.3368
  timing: data=21.5ms  fwd=113.9ms  bwd=81.3ms  total=217.3ms
[  96000] loss=5.1032  ema_loss=5.4023  gap=0.0343  ema_gap=0.0326  mixup=57/200  4.7 sps  ETA 0.2h
              R²_rand=0.3260  R²_naive=0.2782  U_t=0.5072  U_b=0.7480  AUC=0.9831  Top1=0.3506
  timing: data=3.6ms  fwd=115.4ms  bwd=82.1ms  total=201.7ms
[  96200] loss=5.5893  ema_loss=5.3339  gap=0.0362  ema_gap=0.0419  mixup=48/200  4.7 sps  ETA 0.2h
              R²_rand=0.3628  R²_naive=0.2725  U_t=0.4764  U_b=0.5808  AUC=0.9831  Top1=0.3096
  timing: data=3.6ms  fwd=115.4ms  bwd=80.7ms  total=200.3ms
[  96400] loss=5.2178  ema_loss=5.5024  gap=0.0158  ema_gap=0.0292  mixup=62/200  4.7 sps  ETA 0.2h
              R²_rand=0.3381  R²_naive=0.2752  U_t=0.4916  U_b=0.6957  AUC=0.9770  Top1=0.2687
  timing: data=63.7ms  fwd=114.6ms  bwd=81.4ms  total=260.3ms
[  96600] loss=5.4897  ema_loss=5.5438  gap=0.0268  ema_gap=0.0195  mixup=63/200  4.7 sps  ETA 0.2h
              R²_rand=0.3335  R²_naive=0.2655  U_t=0.4673  U_b=0.7008  AUC=0.9794  Top1=0.3275
  timing: data=3.6ms  fwd=116.2ms  bwd=81.0ms  total=201.4ms
[  96800] loss=5.3375  ema_loss=5.4831  gap=0.0085  ema_gap=0.0228  mixup=62/200  4.7 sps  ETA 0.2h
              R²_rand=0.3143  R²_naive=0.2633  U_t=0.4913  U_b=0.7100  AUC=0.9728  Top1=0.2597
  timing: data=3.5ms  fwd=116.1ms  bwd=81.9ms  total=202.1ms
[  97000] loss=5.0967  ema_loss=5.5092  gap=0.0470  ema_gap=0.0269  mixup=71/200  4.7 sps  ETA 0.2h
              R²_rand=0.3633  R²_naive=0.2838  U_t=0.4791  U_b=0.7344  AUC=0.9817  Top1=0.3566
  timing: data=21.7ms  fwd=112.9ms  bwd=80.0ms  total=215.2ms
[  97200] loss=5.8961  ema_loss=5.4936  gap=0.0411  ema_gap=0.0358  mixup=60/200  4.7 sps  ETA 0.2h
              R²_rand=0.3565  R²_naive=0.2517  U_t=0.4248  U_b=0.7002  AUC=0.9822  Top1=0.3590
  timing: data=3.4ms  fwd=112.8ms  bwd=81.0ms  total=197.8ms
[  97400] loss=5.2489  ema_loss=5.5598  gap=0.0333  ema_gap=0.0308  mixup=55/200  4.7 sps  ETA 0.2h
              R²_rand=0.3406  R²_naive=0.2717  U_t=0.4836  U_b=0.6765  AUC=0.9747  Top1=0.2820
  timing: data=3.4ms  fwd=114.5ms  bwd=80.5ms  total=199.0ms
[  97600] loss=5.5395  ema_loss=5.6535  gap=0.0403  ema_gap=0.0206  mixup=62/200  4.7 sps  ETA 0.1h
              R²_rand=0.3240  R²_naive=0.2619  U_t=0.4565  U_b=0.6222  AUC=0.9700  Top1=0.2754
  timing: data=19.5ms  fwd=112.1ms  bwd=80.9ms  total=213.1ms
[  97800] loss=5.8014  ema_loss=5.7125  gap=0.0171  ema_gap=0.0179  mixup=72/200  4.7 sps  ETA 0.1h
              R²_rand=0.3116  R²_naive=0.2192  U_t=0.4828  U_b=0.6359  AUC=0.9715  Top1=0.2638
  timing: data=3.6ms  fwd=116.9ms  bwd=82.4ms  total=203.6ms
[  98000] loss=5.3911  ema_loss=5.5442  gap=0.0407  ema_gap=0.0273  mixup=68/200  4.7 sps  ETA 0.1h
              R²_rand=0.3471  R²_naive=0.2799  U_t=0.4745  U_b=0.6789  AUC=0.9780  Top1=0.3262
  timing: data=3.6ms  fwd=114.1ms  bwd=85.2ms  total=203.6ms
[  98200] loss=5.1975  ema_loss=5.5749  gap=0.0363  ema_gap=0.0329  mixup=56/200  4.7 sps  ETA 0.1h
              R²_rand=0.2955  R²_naive=0.2631  U_t=0.5323  U_b=0.7107  AUC=0.9680  Top1=0.2725
  timing: data=25.9ms  fwd=114.4ms  bwd=83.1ms  total=224.1ms
[  98400] loss=6.7148  ema_loss=5.7382  gap=0.0759  ema_gap=0.0328  mixup=58/200  4.7 sps  ETA 0.1h
              R²_rand=0.3678  R²_naive=0.2881  U_t=0.4293  U_b=0.6225  AUC=0.9539  Top1=0.2301
  timing: data=3.7ms  fwd=115.0ms  bwd=83.0ms  total=202.4ms
[  98600] loss=5.9014  ema_loss=5.6431  gap=0.0143  ema_gap=0.0349  mixup=64/200  4.7 sps  ETA 0.1h
              R²_rand=0.3237  R²_naive=0.2311  U_t=0.4899  U_b=0.6742  AUC=0.9692  Top1=0.2575
  timing: data=4.1ms  fwd=116.0ms  bwd=83.6ms  total=204.4ms
[  98800] loss=5.4862  ema_loss=5.6240  gap=0.0358  ema_gap=0.0263  mixup=63/200  4.7 sps  ETA 0.1h
              R²_rand=0.3420  R²_naive=0.2689  U_t=0.4639  U_b=0.7236  AUC=0.9724  Top1=0.3167
  timing: data=22.0ms  fwd=113.7ms  bwd=82.4ms  total=218.9ms
[  99000] loss=5.1580  ema_loss=5.6371  gap=0.0241  ema_gap=0.0309  mixup=49/200  4.7 sps  ETA 0.1h
              R²_rand=0.3377  R²_naive=0.2605  U_t=0.4679  U_b=0.7118  AUC=0.9786  Top1=0.3075
  timing: data=3.8ms  fwd=116.2ms  bwd=83.1ms  total=203.7ms
[  99200] loss=5.2109  ema_loss=5.6475  gap=0.0145  ema_gap=0.0174  mixup=60/200  4.7 sps  ETA 0.0h
              R²_rand=0.3866  R²_naive=0.2883  U_t=0.4274  U_b=0.6909  AUC=0.9803  Top1=0.3520
  timing: data=3.6ms  fwd=114.1ms  bwd=80.4ms  total=198.6ms
'HTTPSConnectionPool(host='us.aws.cdn.hf.co', port=443): Read timed out.' thrown while requesting GET https://huggingface.co/datasets/jeremycochoy/gift-pretrain-full-4096/resolve/main/small_v1/shard_00352.parquet
Retrying in 1s [Retry 1/5].
[  99400] loss=5.4026  ema_loss=5.5130  gap=0.0311  ema_gap=0.0286  mixup=61/200  4.7 sps  ETA 0.0h
              R²_rand=0.3290  R²_naive=0.2658  U_t=0.5328  U_b=0.6069  AUC=0.9737  Top1=0.2478
  timing: data=137.6ms  fwd=114.4ms  bwd=81.8ms  total=334.4ms
[  99600] loss=5.6749  ema_loss=5.5720  gap=0.0074  ema_gap=0.0291  mixup=65/200  4.7 sps  ETA 0.0h
              R²_rand=0.3422  R²_naive=0.2176  U_t=0.4617  U_b=0.6675  AUC=0.9720  Top1=0.2711
  timing: data=3.7ms  fwd=113.5ms  bwd=80.7ms  total=198.5ms
[  99800] loss=5.7897  ema_loss=5.5902  gap=0.0238  ema_gap=0.0246  mixup=60/200  4.7 sps  ETA 0.0h
              R²_rand=0.3530  R²_naive=0.2301  U_t=0.4322  U_b=0.6381  AUC=0.9785  Top1=0.3186
  timing: data=3.9ms  fwd=116.0ms  bwd=82.2ms  total=202.7ms
[ 100000] loss=5.1572  ema_loss=5.5455  gap=0.0284  ema_gap=0.0270  mixup=45/200  4.7 sps  ETA 0.0h
              R²_rand=0.3175  R²_naive=0.2757  U_t=0.4757  U_b=0.7440  AUC=0.9799  Top1=0.2963
  timing: data=22.5ms  fwd=114.1ms  bwd=84.6ms  total=221.8ms
  -> Saved /home/jupyter/wt-cf-390-train/experiments/2026-08-01_lalign_teacher/runs/bb_small_arm6_v2_ncpc_lalign_lrepmoco_enc3l3_b64_200k_sigreg_ema_qk_aon_cpc_tau090_alignteacher_r2_100k.pth
  -> Saved /home/jupyter/wt-cf-390-train/experiments/2026-08-01_lalign_teacher/runs/bb_small_arm6_v2_ncpc_lalign_lrepmoco_enc3l3_b64_200k_sigreg_ema_qk_aon_cpc_tau090_alignteacher_r2_final.pth

Done in 3.6h. Best gap=0.3347 at step 2200, Best loss=5.0872 at step 34400
  [checkpoint] Branching to 'bb_small_arm6_v2_ncpc_lalign_lrepmoco_enc3l3_b64_200k_sigreg_ema_qk_aon_cpc_tau090_alignteacher_r3'.
  [checkpoint] Restored optimizer from /home/jupyter/wt-cf-390-train/experiments/2026-08-01_lalign_teacher/runs/bb_small_arm6_v2_ncpc_lalign_lrepmoco_enc3l3_b64_200k_sigreg_ema_qk_aon_cpc_tau090_alignteacher_r2_100k_optimizer.pth (step=100000, best_ff=0.3347)
Resumed from /home/jupyter/wt-cf-390-train/experiments/2026-08-01_lalign_teacher/runs/bb_small_arm6_v2_ncpc_lalign_lrepmoco_enc3l3_b64_200k_sigreg_ema_qk_aon_cpc_tau090_alignteacher_r2_100k.pth at step 100000
Device: cuda | Params: 720,668
Training for 200000 steps, bs=64, lr=0.001, T=4096, C=1, mix_ratio=0.0078125, freq_emb_dim=3, seasonality_emb_dim=3, mixup_p=0.3, rev_norm_kind=ewma(span=128), patch_stats=none, encoder_type=gru
Checkpoints: /home/jupyter/wt-cf-390-train/experiments/2026-08-01_lalign_teacher/runs/bb_small_arm6_v2_ncpc_lalign_lrepmoco_enc3l3_b64_200k_sigreg_ema_qk_aon_cpc_tau090_alignteacher_r3_*.pth
Loss CSV: /home/jupyter/wt-cf-390-train/experiments/2026-08-01_lalign_teacher/runs/bb_small_arm6_v2_ncpc_lalign_lrepmoco_enc3l3_b64_200k_sigreg_ema_qk_aon_cpc_tau090_alignteacher_r3_losses.csv
Latent-drift CSV: /home/jupyter/wt-cf-390-train/experiments/2026-08-01_lalign_teacher/runs/bb_small_arm6_v2_ncpc_lalign_lrepmoco_enc3l3_b64_200k_sigreg_ema_qk_aon_cpc_tau090_alignteacher_r3_latent_drift.csv (every 25000 steps, probe_bs=64, probe_seed=20260722)
Attn-amplitude CSV: /home/jupyter/wt-cf-390-train/experiments/2026-08-01_lalign_teacher/runs/bb_small_arm6_v2_ncpc_lalign_lrepmoco_enc3l3_b64_200k_sigreg_ema_qk_aon_cpc_tau090_alignteacher_r3_attn_amplitude.csv (every 200 steps)
Data: MIX 99% HF + 1% synth (forked-arma) + 0% crossfade + 1 triplet(s)=3 rows, hf_bs=64, synth_bs=0, cross_bs=0, total_bs=67
  [dataloader] 4274 shards, 42740000 total rows, target skip 6400000
  [dataloader] Fast-skip: starting at shard 640/4274, then skipping 0 rows within it
[ 100200] loss=5.3960  ema_loss=5.6056  gap=0.0078  ema_gap=0.0220  mixup=55/200  2.8 sps  ETA 9.8h
              R²_rand=0.3225  R²_naive=0.2637  U_t=0.4252  U_b=0.6603  AUC=0.9757  Top1=0.2630
  timing: data=56.9ms  fwd=154.5ms  bwd=112.0ms  total=324.1ms
[ 100400] loss=5.0934  ema_loss=5.5198  gap=0.0231  ema_gap=0.0220  mixup=57/200  3.1 sps  ETA 9.0h
              R²_rand=0.3456  R²_naive=0.2653  U_t=0.4572  U_b=0.7512  AUC=0.9790  Top1=0.3544
  timing: data=7.7ms  fwd=153.5ms  bwd=108.2ms  total=270.0ms
[ 100600] loss=5.3006  ema_loss=5.4801  gap=0.0486  ema_gap=0.0329  mixup=68/200  3.1 sps  ETA 8.8h
              R²_rand=0.3597  R²_naive=0.2838  U_t=0.4537  U_b=0.7186  AUC=0.9837  Top1=0.4060
  timing: data=7.4ms  fwd=151.8ms  bwd=108.5ms  total=268.3ms
[ 100800] loss=5.4777  ema_loss=5.5738  gap=0.0180  ema_gap=0.0334  mixup=51/200  3.1 sps  ETA 8.8h
              R²_rand=0.3268  R²_naive=0.2570  U_t=0.5282  U_b=0.5906  AUC=0.9740  Top1=0.2600
  timing: data=33.9ms  fwd=153.1ms  bwd=107.6ms  total=295.3ms
[ 101000] loss=5.2441  ema_loss=5.5765  gap=0.0214  ema_gap=0.0284  mixup=56/200  3.2 sps  ETA 8.7h
              R²_rand=0.3393  R²_naive=0.2723  U_t=0.4792  U_b=0.6875  AUC=0.9810  Top1=0.3153
  timing: data=7.6ms  fwd=155.7ms  bwd=111.0ms  total=274.9ms
[ 101200] loss=6.1605  ema_loss=5.6507  gap=0.0214  ema_gap=0.0135  mixup=66/200  3.2 sps  ETA 8.6h
              R²_rand=0.3687  R²_naive=0.2600  U_t=0.4073  U_b=0.6236  AUC=0.9701  Top1=0.2665
  timing: data=7.6ms  fwd=154.6ms  bwd=112.1ms  total=275.0ms
[ 101400] loss=5.1511  ema_loss=5.5649  gap=0.0164  ema_gap=0.0212  mixup=49/200  3.2 sps  ETA 8.6h
              R²_rand=0.3059  R²_naive=0.2732  U_t=0.4769  U_b=0.7237  AUC=0.9802  Top1=0.3178
  timing: data=35.2ms  fwd=149.5ms  bwd=109.9ms  total=295.4ms
[ 101600] loss=5.6852  ema_loss=5.6081  gap=0.0296  ema_gap=0.0291  mixup=69/200  3.2 sps  ETA 8.6h
              R²_rand=0.3558  R²_naive=0.2547  U_t=0.4320  U_b=0.6929  AUC=0.9792  Top1=0.3490
  timing: data=7.4ms  fwd=153.3ms  bwd=108.3ms  total=269.6ms
[ 101800] loss=5.4336  ema_loss=5.5680  gap=0.0257  ema_gap=0.0317  mixup=57/200  3.2 sps  ETA 8.5h
              R²_rand=0.3289  R²_naive=0.2677  U_t=0.4574  U_b=0.7194  AUC=0.9792  Top1=0.3134
  timing: data=7.3ms  fwd=151.6ms  bwd=108.8ms  total=268.3ms
[ 102000] loss=5.2162  ema_loss=5.5245  gap=0.0193  ema_gap=0.0354  mixup=61/200  3.2 sps  ETA 8.5h
              R²_rand=0.3348  R²_naive=0.2640  U_t=0.4557  U_b=0.6751  AUC=0.9792  Top1=0.3066
  timing: data=32.0ms  fwd=152.5ms  bwd=107.6ms  total=292.7ms
[ 102200] loss=5.4361  ema_loss=5.4924  gap=0.0237  ema_gap=0.0345  mixup=50/200  3.2 sps  ETA 8.5h
              R²_rand=0.3582  R²_naive=0.2792  U_t=0.4652  U_b=0.7324  AUC=0.9823  Top1=0.3080
  timing: data=7.4ms  fwd=153.0ms  bwd=110.6ms  total=271.7ms
[ 102400] loss=5.1406  ema_loss=5.4644  gap=0.0354  ema_gap=0.0294  mixup=63/200  3.2 sps  ETA 8.4h
              R²_rand=0.3417  R²_naive=0.2727  U_t=0.5035  U_b=0.7357  AUC=0.9824  Top1=0.3414
  timing: data=7.6ms  fwd=154.1ms  bwd=109.5ms  total=271.8ms
[ 102600] loss=6.5400  ema_loss=5.4911  gap=0.0189  ema_gap=0.0288  mixup=58/200  3.2 sps  ETA 8.4h
              R²_rand=0.3476  R²_naive=0.1893  U_t=0.4410  U_b=0.4754  AUC=0.9787  Top1=0.3156
  timing: data=31.2ms  fwd=150.2ms  bwd=107.2ms  total=289.2ms
[ 102800] loss=5.1106  ema_loss=5.4683  gap=0.0549  ema_gap=0.0383  mixup=62/200  3.2 sps  ETA 8.4h
              R²_rand=0.3713  R²_naive=0.2918  U_t=0.4619  U_b=0.6987  AUC=0.9847  Top1=0.4038
  timing: data=7.6ms  fwd=154.5ms  bwd=108.5ms  total=271.3ms
[ 103000] loss=5.1762  ema_loss=5.4533  gap=0.0397  ema_gap=0.0445  mixup=65/200  3.2 sps  ETA 8.3h
              R²_rand=0.3910  R²_naive=0.2930  U_t=0.4299  U_b=0.7164  AUC=0.9826  Top1=0.3303
  timing: data=7.7ms  fwd=152.7ms  bwd=108.9ms  total=269.9ms
[ 103200] loss=5.2269  ema_loss=5.3982  gap=0.0213  ema_gap=0.0427  mixup=69/200  3.2 sps  ETA 8.3h
              R²_rand=0.3451  R²_naive=0.2644  U_t=0.5078  U_b=0.7050  AUC=0.9787  Top1=0.2890
  timing: data=29.2ms  fwd=150.8ms  bwd=108.7ms  total=289.5ms
[ 103400] loss=5.9240  ema_loss=5.4656  gap=0.0579  ema_gap=0.0355  mixup=64/200  3.2 sps  ETA 8.3h
              R²_rand=0.3683  R²_naive=0.2927  U_t=0.4395  U_b=0.6029  AUC=0.9769  Top1=0.2912
  timing: data=7.6ms  fwd=153.1ms  bwd=108.3ms  total=269.7ms
[ 103600] loss=5.2392  ema_loss=5.4659  gap=0.0299  ema_gap=0.0349  mixup=66/200  3.2 sps  ETA 8.3h
              R²_rand=0.3458  R²_naive=0.2774  U_t=0.4728  U_b=0.6706  AUC=0.9791  Top1=0.3172
  timing: data=7.4ms  fwd=152.6ms  bwd=110.4ms  total=271.1ms
[ 103800] loss=5.5004  ema_loss=5.4250  gap=0.0609  ema_gap=0.0394  mixup=65/200  3.2 sps  ETA 8.3h
              R²_rand=0.3379  R²_naive=0.2770  U_t=0.4717  U_b=0.5921  AUC=0.9836  Top1=0.4212
  timing: data=24.6ms  fwd=152.4ms  bwd=109.9ms  total=287.7ms
[ 104000] loss=5.1773  ema_loss=5.4181  gap=0.0679  ema_gap=0.0403  mixup=56/200  3.2 sps  ETA 8.2h
              R²_rand=0.3655  R²_naive=0.2990  U_t=0.4822  U_b=0.7496  AUC=0.9853  Top1=0.3786
  timing: data=7.2ms  fwd=152.4ms  bwd=107.6ms  total=267.9ms
[ 104200] loss=5.7188  ema_loss=5.4515  gap=0.0222  ema_gap=0.0411  mixup=55/200  3.2 sps  ETA 8.2h
              R²_rand=0.3775  R²_naive=0.2575  U_t=0.4593  U_b=0.6872  AUC=0.9773  Top1=0.2985
  timing: data=7.9ms  fwd=154.6ms  bwd=110.0ms  total=273.2ms
[ 104400] loss=5.0977  ema_loss=5.4254  gap=0.0360  ema_gap=0.0455  mixup=66/200  3.2 sps  ETA 8.2h
              R²_rand=0.3406  R²_naive=0.2725  U_t=0.4876  U_b=0.7373  AUC=0.9821  Top1=0.3645
  timing: data=41.9ms  fwd=152.1ms  bwd=109.7ms  total=304.4ms
[ 104600] loss=5.3967  ema_loss=5.4652  gap=0.0190  ema_gap=0.0375  mixup=57/200  3.2 sps  ETA 8.2h
              R²_rand=0.3224  R²_naive=0.2534  U_t=0.5147  U_b=0.7099  AUC=0.9793  Top1=0.2554
  timing: data=7.3ms  fwd=151.6ms  bwd=108.4ms  total=268.1ms
[ 104800] loss=5.3467  ema_loss=5.6281  gap=0.0341  ema_gap=0.0368  mixup=62/200  3.2 sps  ETA 8.2h
              R²_rand=0.3438  R²_naive=0.2639  U_t=0.4754  U_b=0.6107  AUC=0.9769  Top1=0.2583
  timing: data=7.2ms  fwd=150.4ms  bwd=108.1ms  total=266.3ms
[ 105000] loss=5.2188  ema_loss=5.7242  gap=0.0216  ema_gap=0.0323  mixup=67/200  3.2 sps  ETA 8.2h
              R²_rand=0.3663  R²_naive=0.2781  U_t=0.4256  U_b=0.6833  AUC=0.9788  Top1=0.3512
  timing: data=105.5ms  fwd=153.7ms  bwd=108.5ms  total=368.4ms
[ 105200] loss=5.1824  ema_loss=5.6407  gap=0.0121  ema_gap=0.0240  mixup=64/200  3.2 sps  ETA 8.2h
              R²_rand=0.3078  R²_naive=0.2504  U_t=0.5497  U_b=0.7256  AUC=0.9646  Top1=0.2361
  timing: data=7.5ms  fwd=152.7ms  bwd=108.3ms  total=269.2ms
[ 105400] loss=6.2328  ema_loss=5.5666  gap=0.0141  ema_gap=0.0268  mixup=62/200  3.2 sps  ETA 8.2h
              R²_rand=0.3229  R²_naive=0.2203  U_t=0.4849  U_b=0.6721  AUC=0.9668  Top1=0.2307
  timing: data=7.6ms  fwd=155.2ms  bwd=110.1ms  total=273.7ms
[ 105600] loss=5.2834  ema_loss=5.5340  gap=0.0477  ema_gap=0.0315  mixup=66/200  3.2 sps  ETA 8.2h
              R²_rand=0.3278  R²_naive=0.2577  U_t=0.4862  U_b=0.7032  AUC=0.9645  Top1=0.3023
  timing: data=7.5ms  fwd=153.7ms  bwd=110.2ms  total=272.2ms
[ 105800] loss=5.3774  ema_loss=5.5841  gap=0.0417  ema_gap=0.0276  mixup=58/200  3.2 sps  ETA 8.2h
              R²_rand=0.3194  R²_naive=0.2773  U_t=0.4651  U_b=0.5910  AUC=0.9801  Top1=0.3739
  timing: data=32.1ms  fwd=155.2ms  bwd=110.9ms  total=298.9ms
[ 106000] loss=6.9709  ema_loss=5.7182  gap=0.0248  ema_gap=0.0285  mixup=46/200  3.2 sps  ETA 8.1h
              R²_rand=0.3231  R²_naive=0.2334  U_t=0.4833  U_b=0.6719  AUC=0.9657  Top1=0.2431
  timing: data=7.5ms  fwd=152.1ms  bwd=110.9ms  total=271.2ms
[ 106200] loss=5.3769  ema_loss=5.6047  gap=0.0514  ema_gap=0.0350  mixup=64/200  3.2 sps  ETA 8.1h
              R²_rand=0.3253  R²_naive=0.2567  U_t=0.5305  U_b=0.7337  AUC=0.9646  Top1=0.2944
  timing: data=7.5ms  fwd=154.1ms  bwd=111.2ms  total=273.5ms
[ 106400] loss=5.1177  ema_loss=5.5741  gap=0.0259  ema_gap=0.0363  mixup=51/200  3.2 sps  ETA 8.1h
              R²_rand=0.3374  R²_naive=0.2781  U_t=0.4810  U_b=0.7302  AUC=0.9800  Top1=0.3153
  timing: data=28.4ms  fwd=152.3ms  bwd=112.0ms  total=293.3ms
[ 106600] loss=5.1826  ema_loss=5.4908  gap=0.0222  ema_gap=0.0395  mixup=59/200  3.2 sps  ETA 8.1h
              R²_rand=0.3420  R²_naive=0.2585  U_t=0.4987  U_b=0.7450  AUC=0.9760  Top1=0.2790
  timing: data=7.5ms  fwd=152.9ms  bwd=109.1ms  total=270.2ms
[ 106800] loss=5.3914  ema_loss=5.4601  gap=0.0045  ema_gap=0.0366  mixup=56/200  3.2 sps  ETA 8.0h
              R²_rand=0.3266  R²_naive=0.2506  U_t=0.5002  U_b=0.6167  AUC=0.9711  Top1=0.2545
  timing: data=7.3ms  fwd=152.6ms  bwd=110.3ms  total=270.9ms
[ 107000] loss=5.5425  ema_loss=5.5322  gap=0.0335  ema_gap=0.0344  mixup=52/200  3.2 sps  ETA 8.0h
              R²_rand=0.3395  R²_naive=0.2585  U_t=0.4967  U_b=0.6060  AUC=0.9704  Top1=0.2776
  timing: data=37.2ms  fwd=153.3ms  bwd=108.8ms  total=299.9ms
[ 107200] loss=5.3108  ema_loss=5.4580  gap=0.0858  ema_gap=0.0403  mixup=65/200  3.2 sps  ETA 8.0h
              R²_rand=0.3360  R²_naive=0.2706  U_t=0.4904  U_b=0.7211  AUC=0.9757  Top1=0.3677
  timing: data=7.4ms  fwd=152.2ms  bwd=108.6ms  total=268.9ms
[ 107400] loss=5.1751  ema_loss=5.5263  gap=0.0662  ema_gap=0.0433  mixup=59/200  3.2 sps  ETA 8.0h
              R²_rand=0.3410  R²_naive=0.2811  U_t=0.4845  U_b=0.7454  AUC=0.9781  Top1=0.3688
  timing: data=7.3ms  fwd=152.4ms  bwd=110.5ms  total=270.9ms
[ 107600] loss=5.1145  ema_loss=5.5035  gap=0.0487  ema_gap=0.0426  mixup=62/200  3.2 sps  ETA 8.0h
              R²_rand=0.3688  R²_naive=0.2915  U_t=0.4532  U_b=0.7396  AUC=0.9806  Top1=0.3661
  timing: data=39.3ms  fwd=152.0ms  bwd=109.0ms  total=301.0ms
[ 107800] loss=5.1342  ema_loss=5.5964  gap=0.0289  ema_gap=0.0340  mixup=60/200  3.2 sps  ETA 8.0h
              R²_rand=0.3771  R²_naive=0.2882  U_t=0.4240  U_b=0.7446  AUC=0.9824  Top1=0.3691
  timing: data=7.2ms  fwd=150.7ms  bwd=106.7ms  total=265.2ms
[ 108000] loss=5.4864  ema_loss=5.5181  gap=0.0475  ema_gap=0.0367  mixup=57/200  3.2 sps  ETA 7.9h
              R²_rand=0.3374  R²_naive=0.2849  U_t=0.4435  U_b=0.6999  AUC=0.9801  Top1=0.3186
  timing: data=7.1ms  fwd=152.4ms  bwd=110.2ms  total=270.4ms
[ 108200] loss=5.1032  ema_loss=5.4693  gap=0.0227  ema_gap=0.0471  mixup=68/200  3.2 sps  ETA 7.9h
              R²_rand=0.3526  R²_naive=0.2730  U_t=0.4890  U_b=0.7114  AUC=0.9794  Top1=0.2925
  timing: data=30.4ms  fwd=151.5ms  bwd=111.1ms  total=293.7ms
[ 108400] loss=5.2824  ema_loss=5.5847  gap=0.0139  ema_gap=0.0315  mixup=52/200  3.2 sps  ETA 7.9h
              R²_rand=0.3569  R²_naive=0.2672  U_t=0.4398  U_b=0.6204  AUC=0.9807  Top1=0.3156
  timing: data=7.5ms  fwd=153.6ms  bwd=109.2ms  total=271.1ms
[ 108600] loss=5.0745  ema_loss=5.4442  gap=0.0356  ema_gap=0.0303  mixup=63/200  3.2 sps  ETA 7.9h
              R²_rand=0.3579  R²_naive=0.2900  U_t=0.4856  U_b=0.7205  AUC=0.9812  Top1=0.3338
  timing: data=7.5ms  fwd=152.2ms  bwd=109.1ms  total=269.5ms
[ 108800] loss=5.5663  ema_loss=5.4893  gap=0.0279  ema_gap=0.0409  mixup=66/200  3.2 sps  ETA 7.9h
              R²_rand=0.3630  R²_naive=0.2599  U_t=0.4433  U_b=0.6491  AUC=0.9833  Top1=0.3118
  timing: data=38.1ms  fwd=156.5ms  bwd=111.8ms  total=307.2ms
[ 109000] loss=5.5831  ema_loss=5.6097  gap=0.0417  ema_gap=0.0350  mixup=49/200  3.2 sps  ETA 7.8h
              R²_rand=0.3166  R²_naive=0.2693  U_t=0.4112  U_b=0.6850  AUC=0.9800  Top1=0.3658
  timing: data=7.4ms  fwd=155.4ms  bwd=111.5ms  total=275.1ms
[ 109200] loss=5.1257  ema_loss=5.4006  gap=0.0376  ema_gap=0.0398  mixup=61/200  3.2 sps  ETA 7.8h
              R²_rand=0.3504  R²_naive=0.2835  U_t=0.4682  U_b=0.7399  AUC=0.9812  Top1=0.3254
  timing: data=7.5ms  fwd=152.5ms  bwd=107.7ms  total=268.5ms
[ 109400] loss=5.1117  ema_loss=5.5029  gap=0.0007  ema_gap=0.0318  mixup=48/200  3.2 sps  ETA 7.8h
              R²_rand=0.3321  R²_naive=0.2631  U_t=0.4780  U_b=0.7200  AUC=0.9792  Top1=0.3335
  timing: data=35.9ms  fwd=154.3ms  bwd=110.2ms  total=301.2ms
[ 109600] loss=5.2853  ema_loss=5.6712  gap=0.0446  ema_gap=0.0308  mixup=58/200  3.2 sps  ETA 7.8h
              R²_rand=0.3511  R²_naive=0.2789  U_t=0.4430  U_b=0.6495  AUC=0.9803  Top1=0.3758
  timing: data=7.4ms  fwd=151.9ms  bwd=109.8ms  total=269.9ms
[ 109800] loss=5.4732  ema_loss=5.5547  gap=0.0173  ema_gap=0.0309  mixup=48/200  3.2 sps  ETA 7.8h
              R²_rand=0.3177  R²_naive=0.2463  U_t=0.4856  U_b=0.6962  AUC=0.9700  Top1=0.2695
  timing: data=7.3ms  fwd=152.6ms  bwd=107.4ms  total=267.9ms
[ 110000] loss=5.9511  ema_loss=5.5415  gap=0.0223  ema_gap=0.0330  mixup=71/200  3.2 sps  ETA 7.8h
              R²_rand=0.3502  R²_naive=0.2190  U_t=0.3835  U_b=0.6123  AUC=0.9728  Top1=0.2738
  timing: data=32.6ms  fwd=152.2ms  bwd=109.2ms  total=294.7ms
[ 110200] loss=5.0888  ema_loss=5.5471  gap=0.0218  ema_gap=0.0298  mixup=64/200  3.2 sps  ETA 7.7h
              R²_rand=0.3368  R²_naive=0.2618  U_t=0.5071  U_b=0.7581  AUC=0.9770  Top1=0.3189
  timing: data=7.6ms  fwd=155.1ms  bwd=108.6ms  total=272.0ms
[ 110400] loss=5.1170  ema_loss=5.4379  gap=0.0189  ema_gap=0.0395  mixup=62/200  3.2 sps  ETA 7.7h
              R²_rand=0.3504  R²_naive=0.2730  U_t=0.4956  U_b=0.7295  AUC=0.9774  Top1=0.2966
  timing: data=7.5ms  fwd=153.0ms  bwd=106.9ms  total=268.1ms
[ 110600] loss=5.0662  ema_loss=5.4522  gap=0.0437  ema_gap=0.0408  mixup=66/200  3.2 sps  ETA 7.7h
              R²_rand=0.3372  R²_naive=0.2727  U_t=0.5185  U_b=0.7530  AUC=0.9784  Top1=0.3137
  timing: data=7.5ms  fwd=153.6ms  bwd=111.4ms  total=273.2ms
[ 110800] loss=5.6298  ema_loss=5.3813  gap=0.0421  ema_gap=0.0424  mixup=54/200  3.2 sps  ETA 7.7h
              R²_rand=0.3535  R²_naive=0.2817  U_t=0.4925  U_b=0.5170  AUC=0.9805  Top1=0.3172
  timing: data=37.1ms  fwd=149.8ms  bwd=110.5ms  total=298.1ms
[ 111000] loss=6.0259  ema_loss=5.4454  gap=0.0250  ema_gap=0.0409  mixup=61/200  3.2 sps  ETA 7.7h
              R²_rand=0.3705  R²_naive=0.2241  U_t=0.3991  U_b=0.5469  AUC=0.9740  Top1=0.2906
  timing: data=7.5ms  fwd=152.9ms  bwd=109.3ms  total=270.4ms
[ 111200] loss=5.1548  ema_loss=5.4276  gap=0.0352  ema_gap=0.0366  mixup=50/200  3.2 sps  ETA 7.6h
              R²_rand=0.3338  R²_naive=0.2666  U_t=0.4590  U_b=0.7565  AUC=0.9792  Top1=0.3471
  timing: data=7.5ms  fwd=151.5ms  bwd=109.8ms  total=269.4ms
[ 111400] loss=5.2999  ema_loss=5.5522  gap=0.0295  ema_gap=0.0397  mixup=52/200  3.2 sps  ETA 7.6h
              R²_rand=0.3471  R²_naive=0.2594  U_t=0.4517  U_b=0.7289  AUC=0.9818  Top1=0.3392
  timing: data=37.7ms  fwd=151.8ms  bwd=108.2ms  total=298.3ms
[ 111600] loss=5.0766  ema_loss=5.4314  gap=0.0155  ema_gap=0.0379  mixup=55/200  3.2 sps  ETA 7.6h
              R²_rand=0.3550  R²_naive=0.2660  U_t=0.4958  U_b=0.7457  AUC=0.9793  Top1=0.3110
  timing: data=7.4ms  fwd=152.7ms  bwd=109.4ms  total=270.1ms
[ 111800] loss=5.5024  ema_loss=5.4837  gap=0.0411  ema_gap=0.0389  mixup=61/200  3.2 sps  ETA 7.6h
              R²_rand=0.3861  R²_naive=0.2880  U_t=0.4234  U_b=0.5540  AUC=0.9804  Top1=0.3170
  timing: data=7.6ms  fwd=151.7ms  bwd=108.9ms  total=269.0ms
[ 112000] loss=5.3362  ema_loss=5.6856  gap=0.0187  ema_gap=0.0321  mixup=50/200  3.2 sps  ETA 7.6h
              R²_rand=0.3492  R²_naive=0.2638  U_t=0.4537  U_b=0.6619  AUC=0.9657  Top1=0.2592
  timing: data=40.1ms  fwd=153.8ms  bwd=110.9ms  total=305.5ms
[ 112200] loss=5.2886  ema_loss=5.5140  gap=0.0399  ema_gap=0.0373  mixup=45/200  3.2 sps  ETA 7.6h
              R²_rand=0.3105  R²_naive=0.2537  U_t=0.5297  U_b=0.6942  AUC=0.9691  Top1=0.3007
  timing: data=7.6ms  fwd=151.8ms  bwd=109.7ms  total=269.7ms
[ 112400] loss=5.7235  ema_loss=5.5121  gap=0.0287  ema_gap=0.0404  mixup=65/200  3.2 sps  ETA 7.5h
              R²_rand=0.3687  R²_naive=0.2641  U_t=0.4640  U_b=0.7293  AUC=0.9773  Top1=0.2635
  timing: data=7.5ms  fwd=151.6ms  bwd=108.7ms  total=268.4ms
[ 112600] loss=5.4100  ema_loss=5.4540  gap=0.0235  ema_gap=0.0406  mixup=71/200  3.2 sps  ETA 7.5h
              R²_rand=0.3475  R²_naive=0.2740  U_t=0.4739  U_b=0.6172  AUC=0.9797  Top1=0.2733
  timing: data=33.3ms  fwd=152.2ms  bwd=109.8ms  total=296.0ms
[ 112800] loss=5.8060  ema_loss=5.4719  gap=0.0261  ema_gap=0.0409  mixup=58/200  3.2 sps  ETA 7.5h
              R²_rand=0.3640  R²_naive=0.2589  U_t=0.4676  U_b=0.7174  AUC=0.9775  Top1=0.2809
  timing: data=7.6ms  fwd=155.1ms  bwd=109.6ms  total=272.9ms
[ 113000] loss=5.4507  ema_loss=5.4943  gap=0.0348  ema_gap=0.0449  mixup=62/200  3.2 sps  ETA 7.5h
              R²_rand=0.3435  R²_naive=0.2649  U_t=0.4998  U_b=0.5946  AUC=0.9768  Top1=0.3294
  timing: data=7.6ms  fwd=151.4ms  bwd=109.2ms  total=268.9ms
[ 113200] loss=5.1641  ema_loss=5.5476  gap=0.0369  ema_gap=0.0347  mixup=56/200  3.2 sps  ETA 7.5h
              R²_rand=0.3133  R²_naive=0.2709  U_t=0.5155  U_b=0.7504  AUC=0.9806  Top1=0.3403
  timing: data=158.3ms  fwd=153.2ms  bwd=108.3ms  total=420.5ms
[ 113400] loss=5.1911  ema_loss=5.4865  gap=0.0437  ema_gap=0.0436  mixup=57/200  3.2 sps  ETA 7.5h
              R²_rand=0.3370  R²_naive=0.2714  U_t=0.4948  U_b=0.6852  AUC=0.9831  Top1=0.3558
  timing: data=9.7ms  fwd=151.3ms  bwd=114.7ms  total=276.3ms
[ 113600] loss=6.8369  ema_loss=5.5864  gap=0.0756  ema_gap=0.0379  mixup=63/200  3.2 sps  ETA 7.5h
              R²_rand=0.3750  R²_naive=0.2961  U_t=0.4141  U_b=0.6930  AUC=0.9783  Top1=0.3677
  timing: data=8.0ms  fwd=146.3ms  bwd=102.5ms  total=257.5ms
[ 113800] loss=5.1324  ema_loss=5.5529  gap=0.0574  ema_gap=0.0367  mixup=46/200  3.2 sps  ETA 7.5h
              R²_rand=0.3491  R²_naive=0.2787  U_t=0.4802  U_b=0.7286  AUC=0.9739  Top1=0.3661
  timing: data=36.6ms  fwd=149.4ms  bwd=110.8ms  total=297.4ms
[ 114000] loss=5.3647  ema_loss=5.4563  gap=0.0364  ema_gap=0.0418  mixup=72/200  3.2 sps  ETA 7.4h
              R²_rand=0.3367  R²_naive=0.2790  U_t=0.4687  U_b=0.6055  AUC=0.9826  Top1=0.3408
  timing: data=7.6ms  fwd=152.9ms  bwd=107.7ms  total=268.8ms
[ 114200] loss=5.3190  ema_loss=5.5119  gap=0.0498  ema_gap=0.0474  mixup=54/200  3.2 sps  ETA 7.4h
              R²_rand=0.3401  R²_naive=0.2783  U_t=0.5052  U_b=0.6686  AUC=0.9800  Top1=0.3332
  timing: data=7.7ms  fwd=150.8ms  bwd=108.5ms  total=267.6ms
[ 114400] loss=6.0899  ema_loss=5.4303  gap=0.0303  ema_gap=0.0467  mixup=55/200  3.2 sps  ETA 7.5h
              R²_rand=0.3256  R²_naive=0.2091  U_t=0.4258  U_b=0.6858  AUC=0.9686  Top1=0.2806
  timing: data=288.8ms  fwd=151.2ms  bwd=109.0ms  total=549.7ms
[ 114600] loss=5.3205  ema_loss=5.4264  gap=0.0458  ema_gap=0.0438  mixup=56/200  3.2 sps  ETA 7.5h
              R²_rand=0.3533  R²_naive=0.2755  U_t=0.4583  U_b=0.7269  AUC=0.9778  Top1=0.3142
  timing: data=8.8ms  fwd=152.1ms  bwd=109.1ms  total=270.8ms
[ 114800] loss=5.4190  ema_loss=5.3939  gap=0.0410  ema_gap=0.0444  mixup=62/200  3.2 sps  ETA 7.4h
              R²_rand=0.3481  R²_naive=0.2726  U_t=0.5069  U_b=0.6298  AUC=0.9768  Top1=0.2730
  timing: data=9.7ms  fwd=151.5ms  bwd=108.5ms  total=270.4ms
[ 115000] loss=5.6636  ema_loss=5.3838  gap=0.0539  ema_gap=0.0421  mixup=62/200  3.2 sps  ETA 7.4h
              R²_rand=0.3534  R²_naive=0.2738  U_t=0.4619  U_b=0.6024  AUC=0.9782  Top1=0.3243
  timing: data=33.0ms  fwd=152.2ms  bwd=110.1ms  total=296.0ms
[ 115200] loss=5.5120  ema_loss=5.3657  gap=0.0567  ema_gap=0.0457  mixup=64/200  3.2 sps  ETA 7.4h
              R²_rand=0.3769  R²_naive=0.2802  U_t=0.4664  U_b=0.7636  AUC=0.9832  Top1=0.3398
  timing: data=9.5ms  fwd=151.0ms  bwd=109.7ms  total=270.9ms
[ 115400] loss=5.0595  ema_loss=5.4933  gap=0.0276  ema_gap=0.0409  mixup=68/200  3.2 sps  ETA 7.4h
              R²_rand=0.3345  R²_naive=0.2689  U_t=0.4983  U_b=0.7354  AUC=0.9791  Top1=0.3275
  timing: data=7.7ms  fwd=151.6ms  bwd=108.2ms  total=268.1ms
[ 115600] loss=6.1989  ema_loss=5.4464  gap=0.0771  ema_gap=0.0535  mixup=57/200  3.2 sps  ETA 7.4h
              R²_rand=0.3664  R²_naive=0.2920  U_t=0.4101  U_b=0.6928  AUC=0.9817  Top1=0.3680
  timing: data=9.3ms  fwd=151.7ms  bwd=108.4ms  total=270.1ms
[ 115800] loss=5.4505  ema_loss=5.4780  gap=0.0699  ema_gap=0.0533  mixup=51/200  3.2 sps  ETA 7.3h
              R²_rand=0.3595  R²_naive=0.2941  U_t=0.4373  U_b=0.5899  AUC=0.9835  Top1=0.3720
  timing: data=38.0ms  fwd=151.3ms  bwd=110.1ms  total=300.1ms
[ 116000] loss=5.4195  ema_loss=5.4788  gap=0.0367  ema_gap=0.0560  mixup=54/200  3.2 sps  ETA 7.3h
              R²_rand=0.3459  R²_naive=0.2575  U_t=0.4597  U_b=0.7414  AUC=0.9790  Top1=0.2925
  timing: data=7.5ms  fwd=153.6ms  bwd=107.9ms  total=269.8ms
[ 116200] loss=5.2478  ema_loss=5.4296  gap=0.0604  ema_gap=0.0456  mixup=68/200  3.2 sps  ETA 7.3h
              R²_rand=0.3758  R²_naive=0.2978  U_t=0.4602  U_b=0.6770  AUC=0.9828  Top1=0.3571
  timing: data=8.5ms  fwd=151.5ms  bwd=109.9ms  total=270.5ms
[ 116400] loss=5.0746  ema_loss=5.4541  gap=0.0487  ema_gap=0.0531  mixup=62/200  3.2 sps  ETA 7.3h
              R²_rand=0.3469  R²_naive=0.2838  U_t=0.5237  U_b=0.7360  AUC=0.9837  Top1=0.3023
  timing: data=40.9ms  fwd=150.0ms  bwd=109.2ms  total=300.7ms
[ 116600] loss=5.5049  ema_loss=5.3626  gap=0.0568  ema_gap=0.0563  mixup=69/200  3.2 sps  ETA 7.3h
              R²_rand=0.3270  R²_naive=0.2764  U_t=0.4925  U_b=0.7470  AUC=0.9812  Top1=0.3327
  timing: data=7.3ms  fwd=153.8ms  bwd=110.6ms  total=272.5ms
[ 116800] loss=5.0315  ema_loss=5.3552  gap=0.0447  ema_gap=0.0557  mixup=61/200  3.2 sps  ETA 7.3h
              R²_rand=0.3442  R²_naive=0.2769  U_t=0.5200  U_b=0.7657  AUC=0.9819  Top1=0.3213
  timing: data=8.5ms  fwd=151.4ms  bwd=108.0ms  total=268.6ms
[ 117000] loss=5.2901  ema_loss=5.4178  gap=0.0694  ema_gap=0.0518  mixup=69/200  3.2 sps  ETA 7.2h
              R²_rand=0.3638  R²_naive=0.2988  U_t=0.4795  U_b=0.6255  AUC=0.9802  Top1=0.3541
  timing: data=39.8ms  fwd=149.3ms  bwd=110.0ms  total=299.8ms
[ 117200] loss=5.1215  ema_loss=5.4142  gap=0.0366  ema_gap=0.0447  mixup=64/200  3.2 sps  ETA 7.2h
              R²_rand=0.3359  R²_naive=0.2694  U_t=0.4901  U_b=0.7593  AUC=0.9803  Top1=0.3148
  timing: data=9.7ms  fwd=151.8ms  bwd=110.1ms  total=272.3ms
[ 117400] loss=5.1952  ema_loss=5.4592  gap=0.0321  ema_gap=0.0344  mixup=56/200  3.2 sps  ETA 7.2h
              R²_rand=0.3295  R²_naive=0.2657  U_t=0.5054  U_b=0.7599  AUC=0.9823  Top1=0.3170
  timing: data=7.0ms  fwd=149.8ms  bwd=107.4ms  total=264.9ms
[ 117600] loss=5.3299  ema_loss=5.4531  gap=0.0662  ema_gap=0.0399  mixup=55/200  3.2 sps  ETA 7.2h
              R²_rand=0.3444  R²_naive=0.2962  U_t=0.5206  U_b=0.6485  AUC=0.9812  Top1=0.3455
  timing: data=39.7ms  fwd=151.5ms  bwd=108.4ms  total=300.3ms
[ 117800] loss=5.8073  ema_loss=5.3836  gap=0.0275  ema_gap=0.0444  mixup=60/200  3.2 sps  ETA 7.2h
              R²_rand=0.3553  R²_naive=0.2541  U_t=0.4712  U_b=0.7475  AUC=0.9825  Top1=0.3319
  timing: data=9.8ms  fwd=150.1ms  bwd=109.8ms  total=270.4ms
[ 118000] loss=5.6480  ema_loss=5.4196  gap=0.0292  ema_gap=0.0316  mixup=57/200  3.2 sps  ETA 7.1h
              R²_rand=0.3185  R²_naive=0.2792  U_t=0.4588  U_b=0.6522  AUC=0.9812  Top1=0.3208
  timing: data=9.3ms  fwd=149.3ms  bwd=107.6ms  total=266.8ms
[ 118200] loss=5.0775  ema_loss=5.4455  gap=0.0331  ema_gap=0.0368  mixup=61/200  3.2 sps  ETA 7.1h
              R²_rand=0.3338  R²_naive=0.2645  U_t=0.5180  U_b=0.7514  AUC=0.9812  Top1=0.3544
  timing: data=61.1ms  fwd=152.2ms  bwd=108.5ms  total=322.6ms
[ 118400] loss=5.2263  ema_loss=5.3447  gap=0.0473  ema_gap=0.0378  mixup=57/200  3.2 sps  ETA 7.1h
              R²_rand=0.3524  R²_naive=0.2892  U_t=0.4389  U_b=0.7422  AUC=0.9846  Top1=0.4100
  timing: data=8.8ms  fwd=153.6ms  bwd=109.0ms  total=272.2ms
[ 118600] loss=5.3858  ema_loss=5.3189  gap=0.0406  ema_gap=0.0409  mixup=60/200  3.2 sps  ETA 7.1h
              R²_rand=0.3531  R²_naive=0.2687  U_t=0.5134  U_b=0.6971  AUC=0.9787  Top1=0.2896
  timing: data=7.5ms  fwd=152.1ms  bwd=106.9ms  total=267.1ms
[ 118800] loss=6.2037  ema_loss=5.3835  gap=0.0215  ema_gap=0.0358  mixup=56/200  3.2 sps  ETA 7.1h
              R²_rand=0.3741  R²_naive=0.2496  U_t=0.4082  U_b=0.6736  AUC=0.9763  Top1=0.2646
  timing: data=48.2ms  fwd=150.0ms  bwd=109.0ms  total=307.9ms
[ 119000] loss=5.0994  ema_loss=5.3759  gap=0.0322  ema_gap=0.0378  mixup=59/200  3.2 sps  ETA 7.1h
              R²_rand=0.3318  R²_naive=0.2793  U_t=0.4961  U_b=0.7424  AUC=0.9828  Top1=0.3479
  timing: data=7.4ms  fwd=151.9ms  bwd=109.3ms  total=269.3ms
[ 119200] loss=5.6769  ema_loss=5.4529  gap=0.0258  ema_gap=0.0404  mixup=59/200  3.2 sps  ETA 7.0h
              R²_rand=0.3441  R²_naive=0.2383  U_t=0.4470  U_b=0.6815  AUC=0.9784  Top1=0.2847
  timing: data=8.5ms  fwd=153.1ms  bwd=109.7ms  total=271.9ms
[ 119400] loss=5.6964  ema_loss=5.4215  gap=0.0624  ema_gap=0.0448  mixup=67/200  3.2 sps  ETA 7.0h
              R²_rand=0.3859  R²_naive=0.2838  U_t=0.4521  U_b=0.7345  AUC=0.9841  Top1=0.3601
  timing: data=36.9ms  fwd=148.5ms  bwd=107.1ms  total=293.1ms
[ 119600] loss=5.5196  ema_loss=5.4854  gap=0.0250  ema_gap=0.0427  mixup=60/200  3.2 sps  ETA 7.0h
              R²_rand=0.3204  R²_naive=0.2539  U_t=0.4892  U_b=0.7249  AUC=0.9693  Top1=0.2174
  timing: data=7.7ms  fwd=154.4ms  bwd=110.0ms  total=272.8ms
[ 119800] loss=5.2381  ema_loss=5.5768  gap=0.0475  ema_gap=0.0501  mixup=59/200  3.2 sps  ETA 7.0h
              R²_rand=0.3087  R²_naive=0.2478  U_t=0.5799  U_b=0.7056  AUC=0.9711  Top1=0.2654
  timing: data=11.7ms  fwd=148.9ms  bwd=109.7ms  total=271.0ms
[ 120000] loss=6.3496  ema_loss=5.5538  gap=0.0487  ema_gap=0.0510  mixup=54/200  3.2 sps  ETA 7.0h
              R²_rand=0.3236  R²_naive=0.2211  U_t=0.5058  U_b=0.5399  AUC=0.9652  Top1=0.2602
  timing: data=8.2ms  fwd=151.7ms  bwd=107.1ms  total=267.7ms
[ 120200] loss=5.0940  ema_loss=5.5529  gap=0.0268  ema_gap=0.0508  mixup=58/200  3.2 sps  ETA 6.9h
              R²_rand=0.2942  R²_naive=0.2519  U_t=0.5450  U_b=0.7373  AUC=0.9728  Top1=0.2524
  timing: data=34.9ms  fwd=152.7ms  bwd=109.1ms  total=297.4ms
[ 120400] loss=7.8173  ema_loss=5.5107  gap=0.0270  ema_gap=0.0476  mixup=62/200  3.2 sps  ETA 6.9h
              R²_rand=0.3175  R²_naive=0.1722  U_t=0.4672  U_b=0.5066  AUC=0.9779  Top1=0.2898
  timing: data=7.4ms  fwd=152.2ms  bwd=110.4ms  total=270.8ms
[ 120600] loss=5.0947  ema_loss=5.4462  gap=0.0467  ema_gap=0.0473  mixup=57/200  3.2 sps  ETA 6.9h
              R²_rand=0.3702  R²_naive=0.2968  U_t=0.4552  U_b=0.7323  AUC=0.9831  Top1=0.3265
  timing: data=8.3ms  fwd=147.9ms  bwd=104.7ms  total=261.6ms
[ 120800] loss=5.1103  ema_loss=5.4264  gap=0.0540  ema_gap=0.0529  mixup=59/200  3.2 sps  ETA 6.9h
              R²_rand=0.3265  R²_naive=0.2780  U_t=0.5121  U_b=0.7642  AUC=0.9794  Top1=0.2966
  timing: data=56.2ms  fwd=151.5ms  bwd=108.5ms  total=316.8ms
[ 121000] loss=5.8117  ema_loss=5.4772  gap=0.0460  ema_gap=0.0547  mixup=63/200  3.2 sps  ETA 6.9h
              R²_rand=0.3297  R²_naive=0.2670  U_t=0.5330  U_b=0.6089  AUC=0.9789  Top1=0.2692
  timing: data=8.7ms  fwd=151.1ms  bwd=110.2ms  total=270.7ms
[ 121200] loss=5.6434  ema_loss=5.5580  gap=0.0401  ema_gap=0.0492  mixup=60/200  3.2 sps  ETA 6.8h
              R²_rand=0.3170  R²_naive=0.2502  U_t=0.4857  U_b=0.6139  AUC=0.9773  Top1=0.2697
  timing: data=7.6ms  fwd=151.7ms  bwd=109.9ms  total=269.9ms
[ 121400] loss=5.2107  ema_loss=5.4131  gap=0.0412  ema_gap=0.0409  mixup=65/200  3.2 sps  ETA 6.8h
              R²_rand=0.3476  R²_naive=0.2682  U_t=0.5041  U_b=0.7192  AUC=0.9812  Top1=0.3216
  timing: data=33.7ms  fwd=150.4ms  bwd=108.1ms  total=292.9ms
[ 121600] loss=5.0122  ema_loss=5.4849  gap=0.0652  ema_gap=0.0355  mixup=57/200  3.2 sps  ETA 6.8h
              R²_rand=0.3245  R²_naive=0.2876  U_t=0.4832  U_b=0.7565  AUC=0.9823  Top1=0.3691
  timing: data=9.6ms  fwd=151.4ms  bwd=109.2ms  total=270.9ms
[ 121800] loss=5.2545  ema_loss=5.5051  gap=0.0405  ema_gap=0.0379  mixup=71/200  3.2 sps  ETA 6.8h
              R²_rand=0.3545  R²_naive=0.2826  U_t=0.4969  U_b=0.6475  AUC=0.9829  Top1=0.3517
  timing: data=8.6ms  fwd=150.2ms  bwd=110.9ms  total=270.4ms
[ 122000] loss=5.2941  ema_loss=5.4686  gap=0.0530  ema_gap=0.0347  mixup=55/200  3.2 sps  ETA 6.8h
              R²_rand=0.3413  R²_naive=0.2916  U_t=0.5063  U_b=0.6196  AUC=0.9831  Top1=0.3669
  timing: data=45.6ms  fwd=149.2ms  bwd=108.8ms  total=304.2ms
[ 122200] loss=5.1215  ema_loss=5.4068  gap=0.0335  ema_gap=0.0391  mixup=58/200  3.2 sps  ETA 6.8h
              R²_rand=0.3413  R²_naive=0.2726  U_t=0.4712  U_b=0.7613  AUC=0.9851  Top1=0.3520
  timing: data=7.3ms  fwd=150.4ms  bwd=107.9ms  total=266.2ms
[ 122400] loss=5.2791  ema_loss=5.4256  gap=0.0516  ema_gap=0.0410  mixup=58/200  3.2 sps  ETA 6.7h
              R²_rand=0.3235  R²_naive=0.2734  U_t=0.4880  U_b=0.6484  AUC=0.9809  Top1=0.3199
  timing: data=8.5ms  fwd=152.9ms  bwd=110.6ms  total=272.7ms
[ 122600] loss=5.0825  ema_loss=5.4058  gap=0.0379  ema_gap=0.0401  mixup=46/200  3.2 sps  ETA 6.7h
              R²_rand=0.3296  R²_naive=0.2693  U_t=0.5290  U_b=0.7456  AUC=0.9830  Top1=0.3202
  timing: data=35.9ms  fwd=150.1ms  bwd=109.3ms  total=296.0ms
[ 122800] loss=5.5470  ema_loss=5.4014  gap=0.0669  ema_gap=0.0442  mixup=66/200  3.2 sps  ETA 6.7h
              R²_rand=0.3580  R²_naive=0.2711  U_t=0.4560  U_b=0.7350  AUC=0.9790  Top1=0.2692
  timing: data=10.4ms  fwd=149.3ms  bwd=107.4ms  total=267.7ms
[ 123000] loss=5.1940  ema_loss=5.4226  gap=0.0335  ema_gap=0.0426  mixup=48/200  3.2 sps  ETA 6.7h
              R²_rand=0.3226  R²_naive=0.2680  U_t=0.5110  U_b=0.7389  AUC=0.9827  Top1=0.3113
  timing: data=7.6ms  fwd=151.9ms  bwd=110.0ms  total=270.2ms
[ 123200] loss=5.3305  ema_loss=5.4353  gap=0.0575  ema_gap=0.0505  mixup=68/200  3.2 sps  ETA 6.7h
              R²_rand=0.3300  R²_naive=0.2768  U_t=0.4988  U_b=0.6340  AUC=0.9800  Top1=0.3134
  timing: data=35.1ms  fwd=150.4ms  bwd=108.0ms  total=294.1ms
[ 123400] loss=5.1658  ema_loss=5.4015  gap=0.0660  ema_gap=0.0499  mixup=44/200  3.2 sps  ETA 6.7h
              R²_rand=0.3544  R²_naive=0.2885  U_t=0.4748  U_b=0.7518  AUC=0.9803  Top1=0.3392
  timing: data=9.3ms  fwd=150.8ms  bwd=109.3ms  total=270.1ms
[ 123600] loss=7.3928  ema_loss=5.4789  gap=0.0405  ema_gap=0.0533  mixup=54/200  3.2 sps  ETA 6.6h
              R²_rand=0.3897  R²_naive=0.2373  U_t=0.3987  U_b=0.4793  AUC=0.9708  Top1=0.2687
  timing: data=8.4ms  fwd=151.9ms  bwd=108.2ms  total=269.2ms
[ 123800] loss=5.0904  ema_loss=5.4860  gap=0.0486  ema_gap=0.0458  mixup=63/200  3.2 sps  ETA 6.6h
              R²_rand=0.3302  R²_naive=0.2718  U_t=0.5512  U_b=0.7615  AUC=0.9783  Top1=0.2760
  timing: data=26.1ms  fwd=148.4ms  bwd=110.1ms  total=285.3ms
[ 124000] loss=5.0566  ema_loss=5.3271  gap=0.0602  ema_gap=0.0457  mixup=63/200  3.2 sps  ETA 6.6h
              R²_rand=0.3408  R²_naive=0.2876  U_t=0.4972  U_b=0.7737  AUC=0.9814  Top1=0.3729
  timing: data=7.1ms  fwd=149.2ms  bwd=107.9ms  total=264.8ms
[ 124200] loss=5.3415  ema_loss=5.3131  gap=0.0318  ema_gap=0.0434  mixup=60/200  3.2 sps  ETA 6.6h
              R²_rand=0.3469  R²_naive=0.2658  U_t=0.5138  U_b=0.6336  AUC=0.9823  Top1=0.2920
  timing: data=8.5ms  fwd=152.1ms  bwd=109.0ms  total=270.3ms
[ 124400] loss=5.0760  ema_loss=5.3603  gap=0.0631  ema_gap=0.0451  mixup=58/200  3.2 sps  ETA 6.6h
              R²_rand=0.3320  R²_naive=0.2848  U_t=0.5093  U_b=0.7730  AUC=0.9828  Top1=0.3824
  timing: data=33.0ms  fwd=151.1ms  bwd=111.3ms  total=296.2ms
[ 124600] loss=5.3369  ema_loss=5.3792  gap=0.0488  ema_gap=0.0455  mixup=64/200  3.2 sps  ETA 6.5h
              R²_rand=0.3523  R²_naive=0.2780  U_t=0.4803  U_b=0.6293  AUC=0.9819  Top1=0.3463
  timing: data=7.4ms  fwd=146.7ms  bwd=104.8ms  total=259.7ms
[ 124800] loss=5.4817  ema_loss=5.3550  gap=0.0371  ema_gap=0.0468  mixup=66/200  3.2 sps  ETA 6.5h
              R²_rand=0.3321  R²_naive=0.2719  U_t=0.4985  U_b=0.6116  AUC=0.9802  Top1=0.3267
  timing: data=8.8ms  fwd=150.1ms  bwd=109.4ms  total=269.0ms
[ 125000] loss=5.7591  ema_loss=5.3821  gap=0.0364  ema_gap=0.0422  mixup=53/200  3.2 sps  ETA 6.5h
              R²_rand=0.3433  R²_naive=0.2473  U_t=0.5093  U_b=0.7048  AUC=0.9764  Top1=0.2765
  timing: data=7.6ms  fwd=154.4ms  bwd=111.0ms  total=273.8ms
  -> Saved /home/jupyter/wt-cf-390-train/experiments/2026-08-01_lalign_teacher/runs/bb_small_arm6_v2_ncpc_lalign_lrepmoco_enc3l3_b64_200k_sigreg_ema_qk_aon_cpc_tau090_alignteacher_r3_125k.pth
[ 125200] loss=5.4524  ema_loss=5.5474  gap=0.0795  ema_gap=0.0474  mixup=62/200  3.2 sps  ETA 6.5h
              R²_rand=0.3907  R²_naive=0.2852  U_t=0.4109  U_b=0.7304  AUC=0.9852  Top1=0.3813
  timing: data=42.9ms  fwd=149.9ms  bwd=110.9ms  total=304.5ms
[ 125400] loss=5.0915  ema_loss=5.3903  gap=0.0624  ema_gap=0.0508  mixup=65/200  3.2 sps  ETA 6.5h
              R²_rand=0.3626  R²_naive=0.2910  U_t=0.4837  U_b=0.7437  AUC=0.9836  Top1=0.3482
  timing: data=7.5ms  fwd=154.1ms  bwd=113.2ms  total=275.5ms
[ 125600] loss=5.1540  ema_loss=5.4453  gap=0.0217  ema_gap=0.0493  mixup=57/200  3.2 sps  ETA 6.4h
              R²_rand=0.3156  R²_naive=0.2488  U_t=0.5278  U_b=0.7405  AUC=0.9741  Top1=0.2247
  timing: data=8.7ms  fwd=153.5ms  bwd=113.5ms  total=276.5ms
[ 125800] loss=5.4848  ema_loss=5.5233  gap=0.0084  ema_gap=0.0423  mixup=52/200  3.2 sps  ETA 6.4h
              R²_rand=0.3396  R²_naive=0.2477  U_t=0.4888  U_b=0.6525  AUC=0.9718  Top1=0.2282
  timing: data=40.6ms  fwd=152.9ms  bwd=113.2ms  total=307.5ms
[ 126000] loss=5.1192  ema_loss=5.4826  gap=0.0639  ema_gap=0.0515  mixup=60/200  3.2 sps  ETA 6.4h
              R²_rand=0.3479  R²_naive=0.2782  U_t=0.5033  U_b=0.7551  AUC=0.9803  Top1=0.3091
  timing: data=8.3ms  fwd=148.1ms  bwd=106.6ms  total=263.7ms
[ 126200] loss=5.0817  ema_loss=5.4890  gap=0.0423  ema_gap=0.0458  mixup=66/200  3.2 sps  ETA 6.4h
              R²_rand=0.3560  R²_naive=0.2768  U_t=0.4732  U_b=0.7611  AUC=0.9824  Top1=0.3240
  timing: data=8.7ms  fwd=154.1ms  bwd=113.3ms  total=276.9ms
[ 126400] loss=5.6283  ema_loss=5.4071  gap=0.0351  ema_gap=0.0479  mixup=62/200  3.2 sps  ETA 6.4h
              R²_rand=0.3619  R²_naive=0.2658  U_t=0.4656  U_b=0.7003  AUC=0.9746  Top1=0.2393
  timing: data=26.8ms  fwd=152.7ms  bwd=112.4ms  total=292.6ms
[ 126600] loss=5.3847  ema_loss=5.5024  gap=0.0407  ema_gap=0.0554  mixup=64/200  3.2 sps  ETA 6.4h
              R²_rand=0.3348  R²_naive=0.2761  U_t=0.5151  U_b=0.6146  AUC=0.9815  Top1=0.3311
  timing: data=8.8ms  fwd=151.5ms  bwd=112.2ms  total=273.3ms
[ 126800] loss=5.3761  ema_loss=5.5010  gap=0.0502  ema_gap=0.0562  mixup=64/200  3.2 sps  ETA 6.3h
              R²_rand=0.3424  R²_naive=0.2827  U_t=0.4927  U_b=0.6162  AUC=0.9810  Top1=0.3004
  timing: data=7.6ms  fwd=151.7ms  bwd=111.4ms  total=271.4ms
[ 127000] loss=5.2742  ema_loss=5.5124  gap=0.0633  ema_gap=0.0582  mixup=50/200  3.2 sps  ETA 6.3h
              R²_rand=0.3406  R²_naive=0.2895  U_t=0.4785  U_b=0.6148  AUC=0.9818  Top1=0.2939
  timing: data=45.7ms  fwd=153.0ms  bwd=111.0ms  total=310.3ms
[ 127200] loss=5.1193  ema_loss=5.3891  gap=0.0395  ema_gap=0.0511  mixup=61/200  3.2 sps  ETA 6.3h
              R²_rand=0.3356  R²_naive=0.2666  U_t=0.4815  U_b=0.7473  AUC=0.9808  Top1=0.3354
  timing: data=7.4ms  fwd=151.9ms  bwd=109.4ms  total=269.4ms
[ 127400] loss=5.0218  ema_loss=5.3520  gap=0.0430  ema_gap=0.0457  mixup=49/200  3.2 sps  ETA 6.3h
              R²_rand=0.3474  R²_naive=0.2781  U_t=0.5261  U_b=0.7683  AUC=0.9822  Top1=0.3267
  timing: data=8.6ms  fwd=152.6ms  bwd=111.1ms  total=273.0ms
[ 127600] loss=5.3510  ema_loss=5.3258  gap=0.0399  ema_gap=0.0452  mixup=53/200  3.2 sps  ETA 6.3h
              R²_rand=0.3451  R²_naive=0.2679  U_t=0.4839  U_b=0.7430  AUC=0.9840  Top1=0.3992
  timing: data=39.2ms  fwd=151.6ms  bwd=112.7ms  total=304.2ms
[ 127800] loss=5.0169  ema_loss=5.2814  gap=0.0422  ema_gap=0.0474  mixup=59/200  3.2 sps  ETA 6.3h
              R²_rand=0.3301  R²_naive=0.2714  U_t=0.5554  U_b=0.7703  AUC=0.9801  Top1=0.3115
  timing: data=8.6ms  fwd=150.8ms  bwd=110.6ms  total=270.7ms
[ 128000] loss=5.4870  ema_loss=5.3405  gap=0.0435  ema_gap=0.0463  mixup=61/200  3.2 sps  ETA 6.2h
              R²_rand=0.2975  R²_naive=0.2526  U_t=0.5631  U_b=0.6250  AUC=0.9772  Top1=0.2822
  timing: data=7.6ms  fwd=153.2ms  bwd=112.3ms  total=273.7ms
[ 128200] loss=5.2196  ema_loss=5.3025  gap=0.0483  ema_gap=0.0486  mixup=58/200  3.2 sps  ETA 6.2h
              R²_rand=0.3162  R²_naive=0.2892  U_t=0.5153  U_b=0.6419  AUC=0.9820  Top1=0.3571
  timing: data=32.5ms  fwd=152.2ms  bwd=110.4ms  total=295.7ms
[ 128400] loss=5.3439  ema_loss=5.3269  gap=0.0398  ema_gap=0.0477  mixup=54/200  3.2 sps  ETA 6.2h
              R²_rand=0.3251  R²_naive=0.2600  U_t=0.5168  U_b=0.7645  AUC=0.9777  Top1=0.3007
  timing: data=8.6ms  fwd=152.1ms  bwd=111.6ms  total=272.9ms
[ 128600] loss=5.0721  ema_loss=5.3522  gap=0.0542  ema_gap=0.0442  mixup=60/200  3.2 sps  ETA 6.2h
              R²_rand=0.3373  R²_naive=0.2821  U_t=0.4930  U_b=0.7636  AUC=0.9812  Top1=0.3370
  timing: data=7.4ms  fwd=151.7ms  bwd=110.6ms  total=270.4ms
[ 128800] loss=5.6753  ema_loss=5.4117  gap=0.0442  ema_gap=0.0496  mixup=54/200  3.2 sps  ETA 6.2h
              R²_rand=0.3235  R²_naive=0.2742  U_t=0.4912  U_b=0.6079  AUC=0.9833  Top1=0.3311
  timing: data=31.4ms  fwd=149.5ms  bwd=112.8ms  total=294.3ms
[ 129000] loss=5.3120  ema_loss=5.3620  gap=0.0393  ema_gap=0.0517  mixup=54/200  3.2 sps  ETA 6.2h
              R²_rand=0.3291  R²_naive=0.2682  U_t=0.5056  U_b=0.6477  AUC=0.9810  Top1=0.3170
  timing: data=8.4ms  fwd=153.4ms  bwd=111.4ms  total=273.7ms
[ 129200] loss=5.0282  ema_loss=5.3373  gap=0.0359  ema_gap=0.0513  mixup=63/200  3.2 sps  ETA 6.1h
              R²_rand=0.3441  R²_naive=0.2762  U_t=0.5277  U_b=0.7625  AUC=0.9837  Top1=0.3351
  timing: data=6.8ms  fwd=143.5ms  bwd=101.4ms  total=252.4ms
[ 129400] loss=5.1623  ema_loss=5.4303  gap=0.0477  ema_gap=0.0528  mixup=60/200  3.2 sps  ETA 6.1h
              R²_rand=0.3410  R²_naive=0.2695  U_t=0.4954  U_b=0.7362  AUC=0.9803  Top1=0.3001
  timing: data=29.7ms  fwd=153.4ms  bwd=112.9ms  total=296.7ms
[ 129600] loss=8.0892  ema_loss=5.6812  gap=0.0276  ema_gap=0.0475  mixup=59/200  3.2 sps  ETA 6.1h
              R²_rand=0.3680  R²_naive=0.2078  U_t=0.4270  U_b=0.4476  AUC=0.9638  Top1=0.2627
  timing: data=8.9ms  fwd=152.6ms  bwd=112.2ms  total=274.4ms
[ 129800] loss=5.2526  ema_loss=5.6412  gap=0.0741  ema_gap=0.0384  mixup=55/200  3.2 sps  ETA 6.1h
              R²_rand=0.3292  R²_naive=0.2783  U_t=0.5088  U_b=0.6948  AUC=0.9703  Top1=0.3004
  timing: data=9.6ms  fwd=151.4ms  bwd=112.1ms  total=273.9ms
[ 130000] loss=5.2849  ema_loss=5.5752  gap=0.0596  ema_gap=0.0430  mixup=54/200  3.2 sps  ETA 6.1h
              R²_rand=0.3576  R²_naive=0.2784  U_t=0.4502  U_b=0.7042  AUC=0.9765  Top1=0.3354
  timing: data=8.5ms  fwd=150.5ms  bwd=109.9ms  total=269.6ms
[ 130200] loss=5.3042  ema_loss=5.4774  gap=0.0605  ema_gap=0.0431  mixup=56/200  3.2 sps  ETA 6.0h
              R²_rand=0.3270  R²_naive=0.2749  U_t=0.5195  U_b=0.6680  AUC=0.9768  Top1=0.3129
  timing: data=31.7ms  fwd=152.1ms  bwd=112.4ms  total=297.0ms
[ 130400] loss=5.9291  ema_loss=5.4712  gap=0.0323  ema_gap=0.0413  mixup=61/200  3.2 sps  ETA 6.0h
              R²_rand=0.3195  R²_naive=0.2403  U_t=0.5062  U_b=0.7038  AUC=0.9788  Top1=0.3172
  timing: data=8.6ms  fwd=151.7ms  bwd=111.1ms  total=272.2ms
[ 130600] loss=5.9591  ema_loss=5.5051  gap=0.0281  ema_gap=0.0387  mixup=55/200  3.2 sps  ETA 6.0h
              R²_rand=0.3356  R²_naive=0.2305  U_t=0.4767  U_b=0.6906  AUC=0.9716  Top1=0.2608
  timing: data=7.7ms  fwd=152.0ms  bwd=108.3ms  total=268.7ms
[ 130800] loss=5.1777  ema_loss=5.5008  gap=0.0308  ema_gap=0.0355  mixup=63/200  3.2 sps  ETA 6.0h
              R²_rand=0.3009  R²_naive=0.2638  U_t=0.5029  U_b=0.7171  AUC=0.9766  Top1=0.3156
  timing: data=25.5ms  fwd=151.1ms  bwd=112.0ms  total=289.3ms
[ 131000] loss=5.1321  ema_loss=5.4380  gap=0.0396  ema_gap=0.0346  mixup=69/200  3.2 sps  ETA 6.0h
              R²_rand=0.3307  R²_naive=0.2748  U_t=0.4907  U_b=0.7372  AUC=0.9819  Top1=0.3297
  timing: data=7.8ms  fwd=153.5ms  bwd=110.6ms  total=272.6ms
[ 131200] loss=6.0072  ema_loss=5.4411  gap=0.0224  ema_gap=0.0356  mixup=56/200  3.2 sps  ETA 5.9h
              R²_rand=0.3441  R²_naive=0.2148  U_t=0.4683  U_b=0.6662  AUC=0.9719  Top1=0.2752
  timing: data=9.4ms  fwd=148.5ms  bwd=108.3ms  total=266.8ms
[ 131400] loss=5.1290  ema_loss=5.3769  gap=0.0391  ema_gap=0.0369  mixup=55/200  3.2 sps  ETA 5.9h
              R²_rand=0.3526  R²_naive=0.2850  U_t=0.5154  U_b=0.7532  AUC=0.9821  Top1=0.3007
  timing: data=23.0ms  fwd=151.1ms  bwd=109.1ms  total=283.9ms
[ 131600] loss=5.2390  ema_loss=5.4872  gap=0.0458  ema_gap=0.0386  mixup=59/200  3.2 sps  ETA 5.9h
              R²_rand=0.3625  R²_naive=0.2739  U_t=0.4465  U_b=0.7145  AUC=0.9840  Top1=0.4000
  timing: data=9.8ms  fwd=151.6ms  bwd=112.0ms  total=274.1ms
[ 131800] loss=5.1816  ema_loss=5.4317  gap=0.0469  ema_gap=0.0409  mixup=60/200  3.2 sps  ETA 5.9h
              R²_rand=0.3122  R²_naive=0.2650  U_t=0.5051  U_b=0.7516  AUC=0.9797  Top1=0.3408
  timing: data=8.3ms  fwd=150.9ms  bwd=109.5ms  total=269.4ms
[ 132000] loss=5.6411  ema_loss=5.4126  gap=0.0270  ema_gap=0.0403  mixup=48/200  3.2 sps  ETA 5.9h
              R²_rand=0.3344  R²_naive=0.2520  U_t=0.4898  U_b=0.7564  AUC=0.9735  Top1=0.2358
  timing: data=42.4ms  fwd=151.7ms  bwd=109.8ms  total=304.6ms
[ 132200] loss=5.3798  ema_loss=5.4510  gap=0.0602  ema_gap=0.0409  mixup=52/200  3.2 sps  ETA 5.9h
              R²_rand=0.3365  R²_naive=0.2743  U_t=0.4763  U_b=0.6312  AUC=0.9764  Top1=0.3322
  timing: data=7.5ms  fwd=152.3ms  bwd=110.8ms  total=271.2ms
[ 132400] loss=6.3874  ema_loss=5.3652  gap=0.0290  ema_gap=0.0399  mixup=60/200  3.2 sps  ETA 5.8h
              R²_rand=0.3577  R²_naive=0.2304  U_t=0.4358  U_b=0.6735  AUC=0.9733  Top1=0.2630
  timing: data=7.6ms  fwd=152.1ms  bwd=110.2ms  total=270.6ms
[ 132600] loss=5.3715  ema_loss=5.3344  gap=0.0501  ema_gap=0.0394  mixup=63/200  3.2 sps  ETA 5.8h
              R²_rand=0.3586  R²_naive=0.2674  U_t=0.4727  U_b=0.8019  AUC=0.9816  Top1=0.3153
  timing: data=29.2ms  fwd=151.5ms  bwd=110.6ms  total=292.0ms
[ 132800] loss=5.2213  ema_loss=5.3659  gap=0.0385  ema_gap=0.0476  mixup=71/200  3.2 sps  ETA 5.8h
              R²_rand=0.3529  R²_naive=0.2643  U_t=0.4712  U_b=0.7463  AUC=0.9818  Top1=0.3199
  timing: data=7.5ms  fwd=152.2ms  bwd=110.6ms  total=271.0ms
[ 133000] loss=5.0203  ema_loss=5.3249  gap=0.0636  ema_gap=0.0463  mixup=60/200  3.2 sps  ETA 5.8h
              R²_rand=0.3447  R²_naive=0.2918  U_t=0.4607  U_b=0.7792  AUC=0.9860  Top1=0.4166
  timing: data=9.8ms  fwd=150.7ms  bwd=112.0ms  total=273.2ms
[ 133200] loss=5.0453  ema_loss=5.3335  gap=0.0386  ema_gap=0.0493  mixup=60/200  3.2 sps  ETA 5.8h
              R²_rand=0.3368  R²_naive=0.2792  U_t=0.5036  U_b=0.7547  AUC=0.9820  Top1=0.3550
  timing: data=39.9ms  fwd=149.3ms  bwd=110.8ms  total=300.7ms
[ 133400] loss=5.4628  ema_loss=5.2933  gap=0.0766  ema_gap=0.0546  mixup=57/200  3.2 sps  ETA 5.8h
              R²_rand=0.3688  R²_naive=0.2893  U_t=0.4707  U_b=0.7794  AUC=0.9824  Top1=0.3338
  timing: data=9.8ms  fwd=150.0ms  bwd=112.2ms  total=272.7ms
[ 133600] loss=5.1345  ema_loss=5.2704  gap=0.0476  ema_gap=0.0500  mixup=59/200  3.2 sps  ETA 5.7h
              R²_rand=0.3455  R²_naive=0.2856  U_t=0.5191  U_b=0.7553  AUC=0.9811  Top1=0.3216
  timing: data=7.6ms  fwd=153.7ms  bwd=113.1ms  total=275.1ms
[ 133800] loss=5.3067  ema_loss=5.2736  gap=0.0508  ema_gap=0.0533  mixup=65/200  3.2 sps  ETA 5.7h
              R²_rand=0.3308  R²_naive=0.2808  U_t=0.5360  U_b=0.6264  AUC=0.9833  Top1=0.3444
  timing: data=38.7ms  fwd=149.3ms  bwd=111.5ms  total=300.2ms
[ 134000] loss=5.1165  ema_loss=5.2131  gap=0.0535  ema_gap=0.0521  mixup=60/200  3.2 sps  ETA 5.7h
              R²_rand=0.3425  R²_naive=0.2768  U_t=0.5232  U_b=0.7299  AUC=0.9855  Top1=0.3680
  timing: data=7.8ms  fwd=153.9ms  bwd=113.2ms  total=275.6ms
[ 134200] loss=5.0295  ema_loss=5.2046  gap=0.0355  ema_gap=0.0577  mixup=58/200  3.2 sps  ETA 5.7h
              R²_rand=0.3191  R²_naive=0.2619  U_t=0.5312  U_b=0.7668  AUC=0.9842  Top1=0.3555
  timing: data=7.8ms  fwd=152.9ms  bwd=112.6ms  total=273.9ms
[ 134400] loss=5.6730  ema_loss=5.4082  gap=0.0473  ema_gap=0.0495  mixup=49/200  3.2 sps  ETA 5.7h
              R²_rand=0.3791  R²_naive=0.2574  U_t=0.4379  U_b=0.6721  AUC=0.9851  Top1=0.4000
  timing: data=39.8ms  fwd=150.7ms  bwd=111.8ms  total=303.0ms
[ 134600] loss=5.0826  ema_loss=5.3323  gap=0.0529  ema_gap=0.0468  mixup=61/200  3.2 sps  ETA 5.7h
              R²_rand=0.3558  R²_naive=0.2835  U_t=0.4572  U_b=0.7657  AUC=0.9805  Top1=0.3240
  timing: data=9.7ms  fwd=151.0ms  bwd=112.6ms  total=274.0ms
[ 134800] loss=5.5223  ema_loss=5.3187  gap=0.0761  ema_gap=0.0378  mixup=57/200  3.2 sps  ETA 5.6h
              R²_rand=0.3551  R²_naive=0.2960  U_t=0.5122  U_b=0.5710  AUC=0.9835  Top1=0.3750
  timing: data=10.5ms  fwd=149.4ms  bwd=110.6ms  total=271.2ms
[ 135000] loss=5.1808  ema_loss=5.2840  gap=0.0402  ema_gap=0.0478  mixup=58/200  3.2 sps  ETA 5.6h
              R²_rand=0.3477  R²_naive=0.2462  U_t=0.4985  U_b=0.7472  AUC=0.9790  Top1=0.3175
  timing: data=9.8ms  fwd=150.5ms  bwd=110.0ms  total=271.0ms
[ 135200] loss=5.5837  ema_loss=5.3208  gap=0.0256  ema_gap=0.0398  mixup=52/200  3.2 sps  ETA 5.6h
              R²_rand=0.3196  R²_naive=0.2590  U_t=0.4938  U_b=0.5417  AUC=0.9816  Top1=0.3107
  timing: data=39.5ms  fwd=150.4ms  bwd=110.0ms  total=300.6ms
[ 135400] loss=6.0325  ema_loss=5.3782  gap=0.0211  ema_gap=0.0337  mixup=59/200  3.2 sps  ETA 5.6h
              R²_rand=0.3571  R²_naive=0.2403  U_t=0.4467  U_b=0.6807  AUC=0.9795  Top1=0.3286
  timing: data=8.3ms  fwd=150.9ms  bwd=109.9ms  total=269.8ms
[ 135600] loss=5.1122  ema_loss=5.3507  gap=0.0373  ema_gap=0.0365  mixup=55/200  3.2 sps  ETA 5.6h
              R²_rand=0.3389  R²_naive=0.2747  U_t=0.4933  U_b=0.7481  AUC=0.9843  Top1=0.3607
  timing: data=9.6ms  fwd=150.5ms  bwd=111.6ms  total=272.4ms
[ 135800] loss=5.5015  ema_loss=5.2918  gap=0.0499  ema_gap=0.0400  mixup=59/200  3.2 sps  ETA 5.5h
              R²_rand=0.3606  R²_naive=0.2785  U_t=0.4743  U_b=0.5948  AUC=0.9840  Top1=0.3910
  timing: data=23.6ms  fwd=150.7ms  bwd=110.1ms  total=285.1ms
[ 136000] loss=5.0517  ema_loss=5.2913  gap=0.0515  ema_gap=0.0370  mixup=66/200  3.2 sps  ETA 5.5h
              R²_rand=0.3747  R²_naive=0.2933  U_t=0.4772  U_b=0.7572  AUC=0.9850  Top1=0.4103
  timing: data=9.7ms  fwd=149.9ms  bwd=109.2ms  total=269.5ms
[ 136200] loss=6.4485  ema_loss=5.3969  gap=0.0411  ema_gap=0.0379  mixup=62/200  3.2 sps  ETA 5.5h
              R²_rand=0.3727  R²_naive=0.2592  U_t=0.4430  U_b=0.6603  AUC=0.9731  Top1=0.2906
  timing: data=8.6ms  fwd=151.1ms  bwd=110.4ms  total=270.8ms
[ 136400] loss=5.0124  ema_loss=5.2736  gap=0.0278  ema_gap=0.0484  mixup=53/200  3.2 sps  ETA 5.5h
              R²_rand=0.3316  R²_naive=0.2598  U_t=0.4949  U_b=0.7629  AUC=0.9798  Top1=0.3273
  timing: data=32.1ms  fwd=151.0ms  bwd=110.7ms  total=294.4ms
[ 136600] loss=5.6237  ema_loss=5.2425  gap=0.0395  ema_gap=0.0459  mixup=59/200  3.2 sps  ETA 5.5h
              R²_rand=0.3299  R²_naive=0.2566  U_t=0.4733  U_b=0.7714  AUC=0.9642  Top1=0.2765
  timing: data=8.4ms  fwd=151.0ms  bwd=112.8ms  total=272.8ms
[ 136800] loss=4.9741  ema_loss=5.2626  gap=0.0486  ema_gap=0.0461  mixup=60/200  3.2 sps  ETA 5.5h
              R²_rand=0.3432  R²_naive=0.2918  U_t=0.4916  U_b=0.7698  AUC=0.9859  Top1=0.3957
  timing: data=8.3ms  fwd=153.3ms  bwd=110.9ms  total=273.2ms
[ 137000] loss=5.3127  ema_loss=5.3803  gap=0.0559  ema_gap=0.0492  mixup=70/200  3.2 sps  ETA 5.4h
              R²_rand=0.3555  R²_naive=0.2845  U_t=0.4960  U_b=0.7291  AUC=0.9839  Top1=0.3870
  timing: data=36.7ms  fwd=149.4ms  bwd=109.1ms  total=295.8ms
[ 137200] loss=5.3263  ema_loss=5.3553  gap=0.0445  ema_gap=0.0465  mixup=70/200  3.2 sps  ETA 5.4h
              R²_rand=0.3444  R²_naive=0.2758  U_t=0.4922  U_b=0.6332  AUC=0.9802  Top1=0.3205
  timing: data=7.9ms  fwd=154.9ms  bwd=112.6ms  total=276.1ms
[ 137400] loss=4.9500  ema_loss=5.3070  gap=0.0316  ema_gap=0.0480  mixup=58/200  3.2 sps  ETA 5.4h
              R²_rand=0.3240  R²_naive=0.2664  U_t=0.5069  U_b=0.7885  AUC=0.9814  Top1=0.3240
  timing: data=7.5ms  fwd=152.1ms  bwd=111.5ms  total=271.7ms
[ 137600] loss=5.0627  ema_loss=5.3083  gap=0.0521  ema_gap=0.0450  mixup=70/200  3.2 sps  ETA 5.4h
              R²_rand=0.3397  R²_naive=0.2841  U_t=0.4775  U_b=0.7528  AUC=0.9844  Top1=0.3777
  timing: data=25.0ms  fwd=151.4ms  bwd=111.9ms  total=288.9ms
[ 137800] loss=6.1667  ema_loss=5.2819  gap=0.0283  ema_gap=0.0405  mixup=56/200  3.2 sps  ETA 5.4h
              R²_rand=0.3145  R²_naive=0.2154  U_t=0.4513  U_b=0.6578  AUC=0.9768  Top1=0.3107
  timing: data=8.4ms  fwd=150.1ms  bwd=109.2ms  total=268.4ms
[ 138000] loss=5.0772  ema_loss=5.2700  gap=0.0513  ema_gap=0.0473  mixup=63/200  3.2 sps  ETA 5.4h
              R²_rand=0.3253  R²_naive=0.2724  U_t=0.5071  U_b=0.7396  AUC=0.9815  Top1=0.3788
  timing: data=7.5ms  fwd=152.5ms  bwd=108.8ms  total=269.5ms
[ 138200] loss=5.0462  ema_loss=5.2553  gap=0.0389  ema_gap=0.0477  mixup=63/200  3.2 sps  ETA 5.3h
              R²_rand=0.3325  R²_naive=0.2639  U_t=0.5634  U_b=0.7681  AUC=0.9785  Top1=0.2896
  timing: data=38.6ms  fwd=151.9ms  bwd=113.1ms  total=304.2ms
[ 138400] loss=5.1942  ema_loss=5.2369  gap=0.0646  ema_gap=0.0458  mixup=75/200  3.2 sps  ETA 5.3h
              R²_rand=0.3403  R²_naive=0.2858  U_t=0.5051  U_b=0.6615  AUC=0.9856  Top1=0.4635
  timing: data=8.5ms  fwd=151.5ms  bwd=108.7ms  total=269.4ms
[ 138600] loss=5.2301  ema_loss=5.1699  gap=0.0721  ema_gap=0.0507  mixup=57/200  3.2 sps  ETA 5.3h
              R²_rand=0.3333  R²_naive=0.2804  U_t=0.5465  U_b=0.6594  AUC=0.9811  Top1=0.3471
  timing: data=7.5ms  fwd=153.2ms  bwd=110.3ms  total=271.7ms
[ 138800] loss=5.0525  ema_loss=5.1840  gap=0.0470  ema_gap=0.0544  mixup=64/200  3.2 sps  ETA 5.3h
              R²_rand=0.3497  R²_naive=0.2695  U_t=0.5307  U_b=0.7640  AUC=0.9832  Top1=0.3357
  timing: data=37.8ms  fwd=152.2ms  bwd=110.2ms  total=300.8ms
[ 139000] loss=5.0041  ema_loss=5.1948  gap=0.0430  ema_gap=0.0541  mixup=67/200  3.2 sps  ETA 5.3h
              R²_rand=0.3390  R²_naive=0.2742  U_t=0.5424  U_b=0.7692  AUC=0.9824  Top1=0.3351
  timing: data=7.5ms  fwd=148.9ms  bwd=107.9ms  total=264.9ms
[ 139200] loss=4.9518  ema_loss=5.1768  gap=0.0394  ema_gap=0.0513  mixup=66/200  3.2 sps  ETA 5.2h
              R²_rand=0.3449  R²_naive=0.2751  U_t=0.5112  U_b=0.7680  AUC=0.9827  Top1=0.3997
  timing: data=10.8ms  fwd=152.5ms  bwd=111.1ms  total=275.0ms
[ 139400] loss=5.0038  ema_loss=5.2494  gap=0.0559  ema_gap=0.0549  mixup=62/200  3.2 sps  ETA 5.2h
              R²_rand=0.3661  R²_naive=0.2918  U_t=0.5075  U_b=0.7525  AUC=0.9832  Top1=0.3484
  timing: data=41.0ms  fwd=152.4ms  bwd=112.8ms  total=306.9ms
[ 139600] loss=4.9721  ema_loss=5.1882  gap=0.0566  ema_gap=0.0545  mixup=57/200  3.2 sps  ETA 5.2h
              R²_rand=0.3675  R²_naive=0.2832  U_t=0.4863  U_b=0.7632  AUC=0.9865  Top1=0.4111
  timing: data=8.6ms  fwd=152.5ms  bwd=110.2ms  total=271.9ms
[ 139800] loss=6.0028  ema_loss=5.1518  gap=0.0791  ema_gap=0.0559  mixup=71/200  3.2 sps  ETA 5.2h
              R²_rand=0.3468  R²_naive=0.2883  U_t=0.4898  U_b=0.7866  AUC=0.9839  Top1=0.3517
  timing: data=7.5ms  fwd=154.4ms  bwd=110.7ms  total=273.3ms
[ 140000] loss=5.4983  ema_loss=5.1610  gap=0.0391  ema_gap=0.0594  mixup=65/200  3.2 sps  ETA 5.2h
              R²_rand=0.3313  R²_naive=0.2519  U_t=0.5030  U_b=0.6579  AUC=0.9793  Top1=0.3297
  timing: data=7.5ms  fwd=154.6ms  bwd=112.4ms  total=275.3ms
[ 140200] loss=5.2384  ema_loss=5.1495  gap=0.0392  ema_gap=0.0536  mixup=54/200  3.2 sps  ETA 5.2h
              R²_rand=0.3504  R²_naive=0.2722  U_t=0.5214  U_b=0.6339  AUC=0.9843  Top1=0.3750
  timing: data=30.4ms  fwd=151.6ms  bwd=111.3ms  total=294.1ms
[ 140400] loss=5.0259  ema_loss=5.2402  gap=0.0581  ema_gap=0.0583  mixup=61/200  3.2 sps  ETA 5.1h
              R²_rand=0.3557  R²_naive=0.2765  U_t=0.5057  U_b=0.7603  AUC=0.9829  Top1=0.3465
  timing: data=8.7ms  fwd=150.7ms  bwd=107.8ms  total=267.8ms
[ 140600] loss=5.0622  ema_loss=5.2066  gap=0.0714  ema_gap=0.0590  mixup=55/200  3.2 sps  ETA 5.1h
              R²_rand=0.3377  R²_naive=0.2843  U_t=0.4792  U_b=0.7798  AUC=0.9847  Top1=0.4160
  timing: data=8.6ms  fwd=153.1ms  bwd=111.6ms  total=274.1ms
[ 140800] loss=5.1827  ema_loss=5.1877  gap=0.0645  ema_gap=0.0597  mixup=56/200  3.2 sps  ETA 5.1h
              R²_rand=0.3471  R²_naive=0.2727  U_t=0.5070  U_b=0.7740  AUC=0.9795  Top1=0.3069
  timing: data=48.3ms  fwd=150.5ms  bwd=112.5ms  total=312.0ms
[ 141000] loss=5.0258  ema_loss=5.1836  gap=0.0638  ema_gap=0.0572  mixup=74/200  3.2 sps  ETA 5.1h
              R²_rand=0.3486  R²_naive=0.2885  U_t=0.4766  U_b=0.7789  AUC=0.9872  Top1=0.4206
  timing: data=9.8ms  fwd=150.7ms  bwd=111.3ms  total=272.5ms
[ 141200] loss=4.9736  ema_loss=5.1939  gap=0.0671  ema_gap=0.0591  mixup=48/200  3.2 sps  ETA 5.1h
              R²_rand=0.3250  R²_naive=0.2779  U_t=0.5238  U_b=0.7915  AUC=0.9865  Top1=0.3946
  timing: data=7.5ms  fwd=151.5ms  bwd=111.6ms  total=271.2ms
[ 141400] loss=4.9083  ema_loss=5.1664  gap=0.0578  ema_gap=0.0637  mixup=66/200  3.2 sps  ETA 5.1h
              R²_rand=0.3476  R²_naive=0.2797  U_t=0.5357  U_b=0.7886  AUC=0.9855  Top1=0.3691
  timing: data=38.1ms  fwd=152.0ms  bwd=110.8ms  total=301.5ms
[ 141600] loss=7.2311  ema_loss=5.2587  gap=0.0414  ema_gap=0.0614  mixup=66/200  3.2 sps  ETA 5.0h
              R²_rand=0.3276  R²_naive=0.2143  U_t=0.4743  U_b=0.6431  AUC=0.9670  Top1=0.2331
  timing: data=8.5ms  fwd=150.8ms  bwd=108.3ms  total=268.2ms
[ 141800] loss=5.4003  ema_loss=5.2625  gap=0.0606  ema_gap=0.0590  mixup=56/200  3.2 sps  ETA 5.0h
              R²_rand=0.3108  R²_naive=0.2715  U_t=0.5154  U_b=0.7631  AUC=0.9738  Top1=0.2863
  timing: data=7.6ms  fwd=154.7ms  bwd=112.8ms  total=275.8ms
[ 142000] loss=5.1826  ema_loss=5.1836  gap=0.0503  ema_gap=0.0597  mixup=58/200  3.2 sps  ETA 5.0h
              R²_rand=0.3368  R²_naive=0.2574  U_t=0.4859  U_b=0.7721  AUC=0.9804  Top1=0.3327
  timing: data=51.9ms  fwd=150.6ms  bwd=112.8ms  total=316.0ms
[ 142200] loss=5.6309  ema_loss=5.1855  gap=0.0387  ema_gap=0.0554  mixup=66/200  3.2 sps  ETA 5.0h
              R²_rand=0.3305  R²_naive=0.2466  U_t=0.4667  U_b=0.7437  AUC=0.9777  Top1=0.3284
  timing: data=8.6ms  fwd=152.2ms  bwd=111.1ms  total=272.6ms
[ 142400] loss=5.1803  ema_loss=5.1843  gap=0.0616  ema_gap=0.0562  mixup=56/200  3.2 sps  ETA 5.0h
              R²_rand=0.3348  R²_naive=0.2677  U_t=0.4827  U_b=0.7935  AUC=0.9819  Top1=0.3213
  timing: data=7.5ms  fwd=151.9ms  bwd=110.0ms  total=270.1ms
[ 142600] loss=5.6256  ema_loss=5.3570  gap=0.0477  ema_gap=0.0570  mixup=61/200  3.2 sps  ETA 5.0h
              R²_rand=0.3250  R²_naive=0.2502  U_t=0.5095  U_b=0.7255  AUC=0.9740  Top1=0.2513
  timing: data=44.3ms  fwd=152.0ms  bwd=113.6ms  total=310.6ms
[ 142800] loss=5.5986  ema_loss=5.3223  gap=0.0387  ema_gap=0.0469  mixup=46/200  3.2 sps  ETA 4.9h
              R²_rand=0.3287  R²_naive=0.2500  U_t=0.4771  U_b=0.7321  AUC=0.9767  Top1=0.2592
  timing: data=8.6ms  fwd=152.1ms  bwd=112.9ms  total=274.2ms
[ 143000] loss=5.0969  ema_loss=5.1998  gap=0.0460  ema_gap=0.0558  mixup=68/200  3.2 sps  ETA 4.9h
              R²_rand=0.3326  R²_naive=0.2736  U_t=0.5013  U_b=0.6854  AUC=0.9845  Top1=0.3411
  timing: data=7.5ms  fwd=151.8ms  bwd=108.9ms  total=268.8ms
[ 143200] loss=4.9717  ema_loss=5.1582  gap=0.0511  ema_gap=0.0629  mixup=69/200  3.2 sps  ETA 4.9h
              R²_rand=0.3498  R²_naive=0.2677  U_t=0.5334  U_b=0.7548  AUC=0.9849  Top1=0.3723
  timing: data=39.9ms  fwd=150.8ms  bwd=112.0ms  total=303.4ms
[ 143400] loss=5.3900  ema_loss=5.2380  gap=0.0506  ema_gap=0.0605  mixup=65/200  3.2 sps  ETA 4.9h
              R²_rand=0.3274  R²_naive=0.2612  U_t=0.5179  U_b=0.6688  AUC=0.9769  Top1=0.3221
  timing: data=8.6ms  fwd=153.9ms  bwd=112.3ms  total=275.6ms
[ 143600] loss=5.3338  ema_loss=5.1632  gap=0.0751  ema_gap=0.0611  mixup=51/200  3.2 sps  ETA 4.9h
              R²_rand=0.3431  R²_naive=0.2849  U_t=0.4862  U_b=0.7727  AUC=0.9836  Top1=0.3913
  timing: data=7.7ms  fwd=151.3ms  bwd=109.6ms  total=269.3ms
[ 143800] loss=5.0584  ema_loss=5.1817  gap=0.0559  ema_gap=0.0582  mixup=53/200  3.2 sps  ETA 4.9h
              R²_rand=0.3641  R²_naive=0.2819  U_t=0.5042  U_b=0.7405  AUC=0.9859  Top1=0.3872
  timing: data=49.1ms  fwd=150.2ms  bwd=111.2ms  total=311.2ms
[ 144000] loss=5.0279  ema_loss=5.1686  gap=0.0510  ema_gap=0.0535  mixup=52/200  3.2 sps  ETA 4.8h
              R²_rand=0.3424  R²_naive=0.2771  U_t=0.5343  U_b=0.7548  AUC=0.9854  Top1=0.3726
  timing: data=8.6ms  fwd=150.9ms  bwd=109.9ms  total=270.0ms
[ 144200] loss=5.6516  ema_loss=5.3789  gap=0.0431  ema_gap=0.0473  mixup=55/200  3.2 sps  ETA 4.8h
              R²_rand=0.3627  R²_naive=0.2573  U_t=0.4489  U_b=0.7469  AUC=0.9794  Top1=0.3452
  timing: data=8.3ms  fwd=150.2ms  bwd=109.4ms  total=268.5ms
[ 144400] loss=5.4101  ema_loss=5.3055  gap=0.0871  ema_gap=0.0587  mixup=68/200  3.2 sps  ETA 4.8h
              R²_rand=0.3567  R²_naive=0.2873  U_t=0.4909  U_b=0.7403  AUC=0.9821  Top1=0.3609
  timing: data=41.8ms  fwd=149.0ms  bwd=111.3ms  total=302.8ms
[ 144600] loss=5.5952  ema_loss=5.1954  gap=0.0734  ema_gap=0.0570  mixup=61/200  3.2 sps  ETA 4.8h
              R²_rand=0.3510  R²_naive=0.2700  U_t=0.4805  U_b=0.7065  AUC=0.9869  Top1=0.4111
  timing: data=8.6ms  fwd=152.6ms  bwd=110.9ms  total=272.7ms
[ 144800] loss=5.1499  ema_loss=5.2667  gap=0.0459  ema_gap=0.0604  mixup=65/200  3.2 sps  ETA 4.8h
              R²_rand=0.3261  R²_naive=0.2809  U_t=0.5129  U_b=0.6846  AUC=0.9855  Top1=0.3484
  timing: data=9.5ms  fwd=148.5ms  bwd=110.1ms  total=268.8ms
[ 145000] loss=5.4179  ema_loss=5.2504  gap=0.0597  ema_gap=0.0548  mixup=53/200  3.2 sps  ETA 4.8h
              R²_rand=0.3183  R²_naive=0.2844  U_t=0.5374  U_b=0.5902  AUC=0.9782  Top1=0.3110
  timing: data=8.6ms  fwd=150.9ms  bwd=109.1ms  total=269.2ms
[ 145200] loss=5.0129  ema_loss=5.1582  gap=0.0498  ema_gap=0.0552  mixup=59/200  3.2 sps  ETA 4.7h
              R²_rand=0.3503  R²_naive=0.2768  U_t=0.5104  U_b=0.7620  AUC=0.9845  Top1=0.3569
  timing: data=37.5ms  fwd=151.5ms  bwd=111.8ms  total=301.5ms
[ 145400] loss=5.0705  ema_loss=5.2081  gap=0.0725  ema_gap=0.0573  mixup=64/200  3.2 sps  ETA 4.7h
              R²_rand=0.3291  R²_naive=0.2846  U_t=0.5065  U_b=0.7705  AUC=0.9829  Top1=0.4003
  timing: data=9.8ms  fwd=152.2ms  bwd=112.6ms  total=275.3ms
[ 145600] loss=5.6371  ema_loss=5.1598  gap=0.0499  ema_gap=0.0600  mixup=66/200  3.2 sps  ETA 4.7h
              R²_rand=0.3303  R²_naive=0.2453  U_t=0.4769  U_b=0.7944  AUC=0.9720  Top1=0.3275
  timing: data=7.3ms  fwd=151.2ms  bwd=109.8ms  total=269.0ms
[ 145800] loss=5.0246  ema_loss=5.1678  gap=0.0579  ema_gap=0.0571  mixup=67/200  3.2 sps  ETA 4.7h
              R²_rand=0.3105  R²_naive=0.2751  U_t=0.5367  U_b=0.7415  AUC=0.9836  Top1=0.3438
  timing: data=50.1ms  fwd=150.0ms  bwd=111.0ms  total=311.8ms
[ 146000] loss=4.9739  ema_loss=5.1456  gap=0.0620  ema_gap=0.0580  mixup=63/200  3.2 sps  ETA 4.7h
              R²_rand=0.3407  R²_naive=0.2866  U_t=0.5134  U_b=0.7537  AUC=0.9854  Top1=0.3620
  timing: data=8.6ms  fwd=150.2ms  bwd=110.8ms  total=270.2ms
[ 146200] loss=5.3169  ema_loss=5.1547  gap=0.0486  ema_gap=0.0617  mixup=65/200  3.2 sps  ETA 4.6h
              R²_rand=0.2972  R²_naive=0.2596  U_t=0.5150  U_b=0.7920  AUC=0.9765  Top1=0.2803
  timing: data=9.9ms  fwd=150.3ms  bwd=110.1ms  total=271.0ms
[ 146400] loss=5.0623  ema_loss=5.2696  gap=0.0779  ema_gap=0.0618  mixup=61/200  3.2 sps  ETA 4.6h
              R²_rand=0.3578  R²_naive=0.2949  U_t=0.4907  U_b=0.7384  AUC=0.9865  Top1=0.3856
  timing: data=33.9ms  fwd=153.6ms  bwd=111.0ms  total=299.2ms
[ 146600] loss=4.9943  ema_loss=5.2004  gap=0.0535  ema_gap=0.0655  mixup=61/200  3.2 sps  ETA 4.6h
              R²_rand=0.3404  R²_naive=0.2771  U_t=0.4906  U_b=0.7816  AUC=0.9861  Top1=0.3965
  timing: data=7.8ms  fwd=153.7ms  bwd=113.4ms  total=275.6ms
[ 146800] loss=4.9339  ema_loss=5.1462  gap=0.0548  ema_gap=0.0578  mixup=49/200  3.2 sps  ETA 4.6h
              R²_rand=0.3557  R²_naive=0.2806  U_t=0.5444  U_b=0.7723  AUC=0.9859  Top1=0.3780
  timing: data=7.6ms  fwd=152.5ms  bwd=109.9ms  total=270.7ms
[ 147000] loss=4.9456  ema_loss=5.1989  gap=0.0696  ema_gap=0.0593  mixup=64/200  3.2 sps  ETA 4.6h
              R²_rand=0.3493  R²_naive=0.2800  U_t=0.5268  U_b=0.7820  AUC=0.9842  Top1=0.3848
  timing: data=34.2ms  fwd=152.4ms  bwd=112.4ms  total=299.8ms
[ 147200] loss=4.9980  ema_loss=5.2604  gap=0.0446  ema_gap=0.0584  mixup=59/200  3.2 sps  ETA 4.6h
              R²_rand=0.3566  R²_naive=0.2789  U_t=0.4749  U_b=0.7501  AUC=0.9845  Top1=0.3183
  timing: data=7.4ms  fwd=151.6ms  bwd=113.4ms  total=273.1ms
[ 147400] loss=5.0064  ema_loss=5.1671  gap=0.0448  ema_gap=0.0601  mixup=73/200  3.2 sps  ETA 4.5h
              R²_rand=0.3317  R²_naive=0.2774  U_t=0.5234  U_b=0.7508  AUC=0.9850  Top1=0.3457
  timing: data=7.6ms  fwd=152.8ms  bwd=111.3ms  total=272.3ms
[ 147600] loss=5.3240  ema_loss=5.1964  gap=0.0523  ema_gap=0.0576  mixup=69/200  3.2 sps  ETA 4.5h
              R²_rand=0.3221  R²_naive=0.2730  U_t=0.5337  U_b=0.6413  AUC=0.9840  Top1=0.3281
  timing: data=28.0ms  fwd=149.6ms  bwd=111.2ms  total=289.4ms
[ 147800] loss=4.9672  ema_loss=5.1518  gap=0.0578  ema_gap=0.0586  mixup=56/200  3.2 sps  ETA 4.5h
              R²_rand=0.3564  R²_naive=0.2866  U_t=0.5101  U_b=0.7615  AUC=0.9857  Top1=0.3889
  timing: data=7.4ms  fwd=152.9ms  bwd=111.0ms  total=272.0ms
[ 148000] loss=5.2850  ema_loss=5.1479  gap=0.0864  ema_gap=0.0618  mixup=72/200  3.2 sps  ETA 4.5h
              R²_rand=0.3315  R²_naive=0.3030  U_t=0.4847  U_b=0.6438  AUC=0.9878  Top1=0.4342
  timing: data=7.8ms  fwd=152.6ms  bwd=111.4ms  total=272.5ms
[ 148200] loss=5.2127  ema_loss=5.1453  gap=0.0517  ema_gap=0.0584  mixup=73/200  3.2 sps  ETA 4.5h
              R²_rand=0.3390  R²_naive=0.2545  U_t=0.4906  U_b=0.7829  AUC=0.9800  Top1=0.3430
  timing: data=43.8ms  fwd=149.2ms  bwd=110.4ms  total=304.2ms
[ 148400] loss=5.4796  ema_loss=5.1552  gap=0.0815  ema_gap=0.0584  mixup=57/200  3.2 sps  ETA 4.5h
              R²_rand=0.3369  R²_naive=0.2782  U_t=0.4800  U_b=0.8077  AUC=0.9796  Top1=0.3539
  timing: data=11.7ms  fwd=148.4ms  bwd=111.0ms  total=271.9ms
[ 148600] loss=5.0371  ema_loss=5.1360  gap=0.0562  ema_gap=0.0567  mixup=62/200  3.2 sps  ETA 4.4h
              R²_rand=0.3591  R²_naive=0.2925  U_t=0.4558  U_b=0.7539  AUC=0.9872  Top1=0.4212
  timing: data=7.4ms  fwd=151.4ms  bwd=110.1ms  total=269.5ms
[ 148800] loss=5.0460  ema_loss=5.1308  gap=0.0433  ema_gap=0.0585  mixup=61/200  3.2 sps  ETA 4.4h
              R²_rand=0.3546  R²_naive=0.2763  U_t=0.5275  U_b=0.6901  AUC=0.9859  Top1=0.3645
  timing: data=32.7ms  fwd=151.2ms  bwd=110.3ms  total=294.9ms
[ 149000] loss=5.2864  ema_loss=5.1204  gap=0.0510  ema_gap=0.0597  mixup=61/200  3.2 sps  ETA 4.4h
              R²_rand=0.3448  R²_naive=0.2588  U_t=0.5030  U_b=0.7784  AUC=0.9854  Top1=0.3634
  timing: data=7.3ms  fwd=151.5ms  bwd=111.2ms  total=270.7ms
[ 149200] loss=4.9866  ema_loss=5.1417  gap=0.0639  ema_gap=0.0585  mixup=65/200  3.2 sps  ETA 4.4h
              R²_rand=0.3767  R²_naive=0.2884  U_t=0.4806  U_b=0.7615  AUC=0.9867  Top1=0.4166
  timing: data=7.9ms  fwd=154.4ms  bwd=109.7ms  total=272.7ms
[ 149400] loss=4.9530  ema_loss=5.1668  gap=0.0415  ema_gap=0.0615  mixup=63/200  3.2 sps  ETA 4.4h
              R²_rand=0.3266  R²_naive=0.2637  U_t=0.5523  U_b=0.7814  AUC=0.9809  Top1=0.3164
  timing: data=27.4ms  fwd=149.7ms  bwd=109.4ms  total=287.2ms
[ 149600] loss=4.9622  ema_loss=5.1861  gap=0.0503  ema_gap=0.0561  mixup=58/200  3.2 sps  ETA 4.4h
              R²_rand=0.3340  R²_naive=0.2804  U_t=0.5151  U_b=0.7505  AUC=0.9839  Top1=0.3479
  timing: data=8.8ms  fwd=152.3ms  bwd=110.1ms  total=271.9ms
[ 149800] loss=5.1214  ema_loss=5.2975  gap=0.0557  ema_gap=0.0620  mixup=55/200  3.2 sps  ETA 4.3h
              R²_rand=0.3563  R²_naive=0.2761  U_t=0.4748  U_b=0.7228  AUC=0.9841  Top1=0.3338
  timing: data=7.4ms  fwd=151.0ms  bwd=110.1ms  total=269.1ms
[ 150000] loss=5.4214  ema_loss=5.1576  gap=0.0596  ema_gap=0.0567  mixup=56/200  3.2 sps  ETA 4.3h
              R²_rand=0.3688  R²_naive=0.2688  U_t=0.4833  U_b=0.7456  AUC=0.9838  Top1=0.3463
  timing: data=35.8ms  fwd=150.9ms  bwd=110.8ms  total=298.1ms
  -> Saved /home/jupyter/wt-cf-390-train/experiments/2026-08-01_lalign_teacher/runs/bb_small_arm6_v2_ncpc_lalign_lrepmoco_enc3l3_b64_200k_sigreg_ema_qk_aon_cpc_tau090_alignteacher_r3_150k.pth
[ 150200] loss=5.7671  ema_loss=5.1312  gap=0.0447  ema_gap=0.0554  mixup=67/200  3.2 sps  ETA 4.3h
              R²_rand=0.3624  R²_naive=0.2768  U_t=0.4537  U_b=0.7196  AUC=0.9847  Top1=0.3900
  timing: data=11.0ms  fwd=148.4ms  bwd=111.3ms  total=271.4ms
[ 150400] loss=4.9765  ema_loss=5.1363  gap=0.0505  ema_gap=0.0630  mixup=69/200  3.2 sps  ETA 4.3h
              R²_rand=0.3421  R²_naive=0.2772  U_t=0.5214  U_b=0.7730  AUC=0.9792  Top1=0.3047
  timing: data=7.6ms  fwd=152.7ms  bwd=110.1ms  total=271.0ms
[ 150600] loss=5.0126  ema_loss=5.1820  gap=0.0594  ema_gap=0.0657  mixup=52/200  3.2 sps  ETA 4.3h
              R²_rand=0.3413  R²_naive=0.2779  U_t=0.5283  U_b=0.7654  AUC=0.9854  Top1=0.3536
  timing: data=7.3ms  fwd=151.1ms  bwd=110.7ms  total=269.8ms
[ 150800] loss=5.0280  ema_loss=5.1491  gap=0.0811  ema_gap=0.0621  mixup=55/200  3.2 sps  ETA 4.2h
              R²_rand=0.3590  R²_naive=0.2956  U_t=0.5165  U_b=0.8059  AUC=0.9849  Top1=0.3281
  timing: data=25.0ms  fwd=147.2ms  bwd=109.6ms  total=282.6ms
[ 151000] loss=5.0210  ema_loss=5.1576  gap=0.0805  ema_gap=0.0608  mixup=63/200  3.2 sps  ETA 4.2h
              R²_rand=0.3442  R²_naive=0.2907  U_t=0.5099  U_b=0.7618  AUC=0.9854  Top1=0.4157
  timing: data=7.6ms  fwd=152.8ms  bwd=112.7ms  total=273.8ms
[ 151200] loss=4.9390  ema_loss=5.1434  gap=0.0460  ema_gap=0.0595  mixup=46/200  3.2 sps  ETA 4.2h
              R²_rand=0.3129  R²_naive=0.2727  U_t=0.5429  U_b=0.7840  AUC=0.9864  Top1=0.3905
  timing: data=8.6ms  fwd=152.0ms  bwd=113.0ms  total=274.2ms
[ 151400] loss=5.0225  ema_loss=5.1386  gap=0.0663  ema_gap=0.0629  mixup=60/200  3.2 sps  ETA 4.2h
              R²_rand=0.3469  R²_naive=0.2854  U_t=0.5019  U_b=0.7678  AUC=0.9864  Top1=0.3900
  timing: data=33.2ms  fwd=151.2ms  bwd=110.2ms  total=295.3ms
[ 151600] loss=5.1821  ema_loss=5.1567  gap=0.0807  ema_gap=0.0599  mixup=50/200  3.2 sps  ETA 4.2h
              R²_rand=0.3264  R²_naive=0.2862  U_t=0.5084  U_b=0.6642  AUC=0.9861  Top1=0.4171
  timing: data=8.7ms  fwd=154.1ms  bwd=111.2ms  total=274.8ms
[ 151800] loss=5.0641  ema_loss=5.1356  gap=0.0489  ema_gap=0.0576  mixup=60/200  3.2 sps  ETA 4.2h
              R²_rand=0.3099  R²_naive=0.2684  U_t=0.5370  U_b=0.7265  AUC=0.9829  Top1=0.3753
  timing: data=8.7ms  fwd=151.6ms  bwd=111.6ms  total=272.6ms
[ 152000] loss=4.8914  ema_loss=5.0884  gap=0.0517  ema_gap=0.0610  mixup=58/200  3.2 sps  ETA 4.1h
              R²_rand=0.3417  R²_naive=0.2706  U_t=0.5195  U_b=0.7859  AUC=0.9848  Top1=0.3639
  timing: data=45.0ms  fwd=152.0ms  bwd=112.2ms  total=309.9ms
[ 152200] loss=4.9607  ema_loss=5.1508  gap=0.0604  ema_gap=0.0607  mixup=47/200  3.2 sps  ETA 4.1h
              R²_rand=0.3395  R²_naive=0.2777  U_t=0.5236  U_b=0.7724  AUC=0.9830  Top1=0.3647
  timing: data=7.6ms  fwd=152.1ms  bwd=111.8ms  total=272.1ms
[ 152400] loss=5.1106  ema_loss=5.1127  gap=0.0607  ema_gap=0.0618  mixup=54/200  3.2 sps  ETA 4.1h
              R²_rand=0.3198  R²_naive=0.2848  U_t=0.5394  U_b=0.6742  AUC=0.9851  Top1=0.3582
  timing: data=7.7ms  fwd=155.2ms  bwd=112.6ms  total=276.2ms
[ 152600] loss=5.0537  ema_loss=5.2100  gap=0.0538  ema_gap=0.0583  mixup=47/200  3.2 sps  ETA 4.1h
              R²_rand=0.3456  R²_naive=0.2756  U_t=0.4956  U_b=0.7499  AUC=0.9831  Top1=0.3303
  timing: data=23.9ms  fwd=151.2ms  bwd=111.4ms  total=287.2ms
[ 152800] loss=5.3126  ema_loss=5.2872  gap=0.0585  ema_gap=0.0683  mixup=56/200  3.2 sps  ETA 4.1h
              R²_rand=0.3287  R²_naive=0.2658  U_t=0.4762  U_b=0.7197  AUC=0.9820  Top1=0.3805
  timing: data=8.5ms  fwd=152.9ms  bwd=111.7ms  total=273.9ms
[ 153000] loss=5.2971  ema_loss=5.3586  gap=0.0437  ema_gap=0.0659  mixup=65/200  3.2 sps  ETA 4.1h
              R²_rand=0.3511  R²_naive=0.2770  U_t=0.4672  U_b=0.6018  AUC=0.9853  Top1=0.3395
  timing: data=8.6ms  fwd=152.6ms  bwd=111.4ms  total=273.2ms
[ 153200] loss=5.0786  ema_loss=5.3260  gap=0.0611  ema_gap=0.0639  mixup=61/200  3.2 sps  ETA 4.0h
              R²_rand=0.3519  R²_naive=0.2842  U_t=0.4733  U_b=0.7539  AUC=0.9858  Top1=0.3821
  timing: data=23.4ms  fwd=153.3ms  bwd=110.7ms  total=288.0ms
[ 153400] loss=5.1265  ema_loss=5.3408  gap=0.0528  ema_gap=0.0585  mixup=58/200  3.2 sps  ETA 4.0h
              R²_rand=0.3326  R²_naive=0.2803  U_t=0.5101  U_b=0.6757  AUC=0.9839  Top1=0.3362
  timing: data=8.5ms  fwd=149.5ms  bwd=108.9ms  total=267.6ms
[ 153600] loss=5.1511  ema_loss=5.4332  gap=0.0613  ema_gap=0.0604  mixup=64/200  3.2 sps  ETA 4.0h
              R²_rand=0.3367  R²_naive=0.2808  U_t=0.4759  U_b=0.7312  AUC=0.9823  Top1=0.3528
  timing: data=10.7ms  fwd=151.4ms  bwd=113.2ms  total=276.1ms
[ 153800] loss=5.0449  ema_loss=5.4116  gap=0.0360  ema_gap=0.0492  mixup=62/200  3.2 sps  ETA 4.0h
              R²_rand=0.3624  R²_naive=0.2769  U_t=0.4512  U_b=0.7532  AUC=0.9792  Top1=0.3170
  timing: data=30.1ms  fwd=149.1ms  bwd=110.7ms  total=290.6ms
[ 154000] loss=5.8954  ema_loss=5.4211  gap=0.0658  ema_gap=0.0627  mixup=58/200  3.2 sps  ETA 4.0h
              R²_rand=0.3666  R²_naive=0.2615  U_t=0.4545  U_b=0.6398  AUC=0.9840  Top1=0.3615
  timing: data=7.6ms  fwd=154.5ms  bwd=111.2ms  total=274.0ms
[ 154200] loss=6.7106  ema_loss=5.4937  gap=0.0280  ema_gap=0.0492  mixup=55/200  3.2 sps  ETA 4.0h
              R²_rand=0.2908  R²_naive=0.2204  U_t=0.5216  U_b=0.6499  AUC=0.9661  Top1=0.2353
  timing: data=9.7ms  fwd=151.5ms  bwd=111.3ms  total=273.2ms
[ 154400] loss=5.4906  ema_loss=5.5581  gap=0.0379  ema_gap=0.0432  mixup=59/200  3.2 sps  ETA 3.9h
              R²_rand=0.3319  R²_naive=0.2552  U_t=0.5159  U_b=0.5861  AUC=0.9741  Top1=0.2418
  timing: data=30.2ms  fwd=152.2ms  bwd=113.5ms  total=296.7ms
[ 154600] loss=5.2410  ema_loss=5.4690  gap=0.0424  ema_gap=0.0477  mixup=64/200  3.2 sps  ETA 3.9h
              R²_rand=0.3532  R²_naive=0.2664  U_t=0.4844  U_b=0.7443  AUC=0.9791  Top1=0.3281
  timing: data=7.5ms  fwd=152.8ms  bwd=111.6ms  total=272.6ms
[ 154800] loss=5.6054  ema_loss=5.3721  gap=0.0422  ema_gap=0.0566  mixup=65/200  3.2 sps  ETA 3.9h
              R²_rand=0.3721  R²_naive=0.2407  U_t=0.4715  U_b=0.6701  AUC=0.9766  Top1=0.2936
  timing: data=8.8ms  fwd=152.7ms  bwd=110.9ms  total=273.0ms
[ 155000] loss=5.2312  ema_loss=5.5112  gap=0.0668  ema_gap=0.0577  mixup=64/200  3.2 sps  ETA 3.9h
              R²_rand=0.3270  R²_naive=0.2680  U_t=0.5116  U_b=0.7076  AUC=0.9805  Top1=0.3039
  timing: data=31.3ms  fwd=151.4ms  bwd=111.2ms  total=294.6ms
[ 155200] loss=5.5708  ema_loss=5.4154  gap=0.0485  ema_gap=0.0565  mixup=56/200  3.2 sps  ETA 3.9h
              R²_rand=0.3288  R²_naive=0.2431  U_t=0.4964  U_b=0.6690  AUC=0.9766  Top1=0.2890
  timing: data=8.6ms  fwd=153.5ms  bwd=113.0ms  total=275.8ms
[ 155400] loss=5.4251  ema_loss=5.3508  gap=0.0563  ema_gap=0.0647  mixup=74/200  3.2 sps  ETA 3.8h
              R²_rand=0.3311  R²_naive=0.2727  U_t=0.4547  U_b=0.5769  AUC=0.9850  Top1=0.3479
  timing: data=9.8ms  fwd=149.0ms  bwd=109.5ms  total=268.9ms
[ 155600] loss=5.4134  ema_loss=5.4390  gap=0.0792  ema_gap=0.0680  mixup=72/200  3.2 sps  ETA 3.8h
              R²_rand=0.3645  R²_naive=0.2940  U_t=0.4805  U_b=0.5873  AUC=0.9825  Top1=0.3780
  timing: data=8.4ms  fwd=152.4ms  bwd=108.7ms  total=270.2ms
[ 155800] loss=5.5751  ema_loss=5.4142  gap=0.0593  ema_gap=0.0607  mixup=72/200  3.2 sps  ETA 3.8h
              R²_rand=0.3411  R²_naive=0.2337  U_t=0.4837  U_b=0.6403  AUC=0.9800  Top1=0.3297
  timing: data=72.9ms  fwd=150.0ms  bwd=111.9ms  total=335.4ms
[ 156000] loss=5.2243  ema_loss=5.5106  gap=0.0499  ema_gap=0.0647  mixup=66/200  3.2 sps  ETA 3.8h
              R²_rand=0.3231  R²_naive=0.2715  U_t=0.5229  U_b=0.7439  AUC=0.9787  Top1=0.2839
  timing: data=8.5ms  fwd=152.2ms  bwd=109.9ms  total=271.3ms
[ 156200] loss=6.2222  ema_loss=5.5113  gap=0.0621  ema_gap=0.0573  mixup=60/200  3.2 sps  ETA 3.8h
              R²_rand=0.3341  R²_naive=0.2591  U_t=0.3853  U_b=0.5869  AUC=0.9815  Top1=0.3436
  timing: data=7.3ms  fwd=151.3ms  bwd=110.8ms  total=270.0ms
[ 156400] loss=5.3839  ema_loss=5.4870  gap=0.0432  ema_gap=0.0449  mixup=60/200  3.2 sps  ETA 3.8h
              R²_rand=0.2947  R²_naive=0.2626  U_t=0.5001  U_b=0.6779  AUC=0.9772  Top1=0.3368
  timing: data=29.7ms  fwd=148.5ms  bwd=110.3ms  total=289.1ms
[ 156600] loss=5.1179  ema_loss=5.4621  gap=0.0448  ema_gap=0.0536  mixup=59/200  3.2 sps  ETA 3.7h
              R²_rand=0.3557  R²_naive=0.2814  U_t=0.4806  U_b=0.7425  AUC=0.9803  Top1=0.3083
  timing: data=9.5ms  fwd=151.1ms  bwd=109.3ms  total=270.6ms
[ 156800] loss=5.4402  ema_loss=5.4991  gap=0.0743  ema_gap=0.0597  mixup=53/200  3.2 sps  ETA 3.7h
              R²_rand=0.3284  R²_naive=0.2881  U_t=0.4915  U_b=0.6136  AUC=0.9767  Top1=0.2980
  timing: data=9.5ms  fwd=150.1ms  bwd=111.2ms  total=271.4ms
[ 157000] loss=5.3409  ema_loss=5.4263  gap=0.0351  ema_gap=0.0572  mixup=74/200  3.2 sps  ETA 3.7h
              R²_rand=0.3542  R²_naive=0.2652  U_t=0.4707  U_b=0.6609  AUC=0.9812  Top1=0.3001
  timing: data=35.9ms  fwd=154.1ms  bwd=112.7ms  total=303.5ms
[ 157200] loss=5.5337  ema_loss=5.4205  gap=0.0596  ema_gap=0.0549  mixup=57/200  3.2 sps  ETA 3.7h
              R²_rand=0.3313  R²_naive=0.2548  U_t=0.5188  U_b=0.7100  AUC=0.9802  Top1=0.3758
  timing: data=7.6ms  fwd=153.0ms  bwd=110.5ms  total=271.7ms
[ 157400] loss=5.0845  ema_loss=5.4101  gap=0.0433  ema_gap=0.0647  mixup=66/200  3.2 sps  ETA 3.7h
              R²_rand=0.3477  R²_naive=0.2680  U_t=0.5055  U_b=0.7379  AUC=0.9821  Top1=0.3739
  timing: data=8.7ms  fwd=151.5ms  bwd=111.5ms  total=272.4ms
[ 157600] loss=5.1595  ema_loss=5.5057  gap=0.0371  ema_gap=0.0588  mixup=61/200  3.2 sps  ETA 3.7h
              R²_rand=0.3467  R²_naive=0.2786  U_t=0.4902  U_b=0.7267  AUC=0.9818  Top1=0.3126
  timing: data=113.4ms  fwd=150.3ms  bwd=112.6ms  total=377.0ms
[ 157800] loss=5.5499  ema_loss=5.4884  gap=0.0659  ema_gap=0.0598  mixup=50/200  3.2 sps  ETA 3.6h
              R²_rand=0.3570  R²_naive=0.2933  U_t=0.4951  U_b=0.7365  AUC=0.9832  Top1=0.4128
  timing: data=8.3ms  fwd=149.8ms  bwd=109.5ms  total=268.3ms
[ 158000] loss=5.1198  ema_loss=5.4180  gap=0.0528  ema_gap=0.0616  mixup=70/200  3.2 sps  ETA 3.6h
              R²_rand=0.3431  R²_naive=0.2794  U_t=0.4952  U_b=0.7260  AUC=0.9816  Top1=0.3639
  timing: data=8.0ms  fwd=154.0ms  bwd=113.7ms  total=276.3ms
[ 158200] loss=5.6632  ema_loss=5.4860  gap=0.0703  ema_gap=0.0557  mixup=71/200  3.2 sps  ETA 3.6h
              R²_rand=0.3493  R²_naive=0.2558  U_t=0.4891  U_b=0.6655  AUC=0.9844  Top1=0.3856
  timing: data=28.2ms  fwd=152.4ms  bwd=114.5ms  total=295.8ms
[ 158400] loss=5.4319  ema_loss=5.3939  gap=0.0818  ema_gap=0.0609  mixup=62/200  3.2 sps  ETA 3.6h
              R²_rand=0.3653  R²_naive=0.2970  U_t=0.4935  U_b=0.6043  AUC=0.9847  Top1=0.3864
  timing: data=8.6ms  fwd=149.8ms  bwd=110.8ms  total=269.8ms
[ 158600] loss=5.1378  ema_loss=5.4995  gap=0.0641  ema_gap=0.0694  mixup=47/200  3.2 sps  ETA 3.6h
              R²_rand=0.3320  R²_naive=0.2726  U_t=0.5177  U_b=0.7542  AUC=0.9804  Top1=0.3246
  timing: data=8.8ms  fwd=152.7ms  bwd=111.3ms  total=273.5ms
[ 158800] loss=5.1291  ema_loss=5.4997  gap=0.0439  ema_gap=0.0600  mixup=74/200  3.2 sps  ETA 3.6h
              R²_rand=0.3534  R²_naive=0.2798  U_t=0.4830  U_b=0.7206  AUC=0.9790  Top1=0.3189
  timing: data=23.5ms  fwd=149.8ms  bwd=112.3ms  total=286.2ms
[ 159000] loss=5.0579  ema_loss=5.4284  gap=0.0721  ema_gap=0.0606  mixup=67/200  3.2 sps  ETA 3.5h
              R²_rand=0.3455  R²_naive=0.2912  U_t=0.5115  U_b=0.7515  AUC=0.9816  Top1=0.3775
  timing: data=8.5ms  fwd=152.0ms  bwd=111.0ms  total=272.2ms
[ 159200] loss=5.2979  ema_loss=5.4414  gap=0.0589  ema_gap=0.0671  mixup=60/200  3.2 sps  ETA 3.5h
              R²_rand=0.3538  R²_naive=0.2761  U_t=0.4956  U_b=0.7086  AUC=0.9789  Top1=0.3365
  timing: data=8.5ms  fwd=149.5ms  bwd=109.5ms  total=268.1ms
[ 159400] loss=5.6792  ema_loss=5.4602  gap=0.0584  ema_gap=0.0633  mixup=60/200  3.2 sps  ETA 3.5h
              R²_rand=0.3504  R²_naive=0.2949  U_t=0.4662  U_b=0.6329  AUC=0.9841  Top1=0.3902
  timing: data=33.2ms  fwd=151.9ms  bwd=112.4ms  total=298.3ms
[ 159600] loss=7.3424  ema_loss=5.3565  gap=0.0667  ema_gap=0.0657  mixup=63/200  3.2 sps  ETA 3.5h
              R²_rand=0.3937  R²_naive=0.2373  U_t=0.3845  U_b=0.5171  AUC=0.9798  Top1=0.3612
  timing: data=9.0ms  fwd=152.4ms  bwd=111.8ms  total=273.9ms
[ 159800] loss=5.1361  ema_loss=5.3779  gap=0.0927  ema_gap=0.0650  mixup=51/200  3.2 sps  ETA 3.5h
              R²_rand=0.3521  R²_naive=0.2966  U_t=0.4911  U_b=0.7241  AUC=0.9812  Top1=0.4038
  timing: data=7.3ms  fwd=152.7ms  bwd=111.2ms  total=271.9ms
[ 160000] loss=5.1683  ema_loss=5.3939  gap=0.0486  ema_gap=0.0667  mixup=69/200  3.2 sps  ETA 3.5h
              R²_rand=0.3382  R²_naive=0.2583  U_t=0.4736  U_b=0.7296  AUC=0.9815  Top1=0.3490
  timing: data=60.0ms  fwd=151.2ms  bwd=111.7ms  total=323.5ms
[ 160200] loss=5.6960  ema_loss=5.3588  gap=0.0728  ema_gap=0.0622  mixup=67/200  3.2 sps  ETA 3.4h
              R²_rand=0.3792  R²_naive=0.2715  U_t=0.4424  U_b=0.6877  AUC=0.9832  Top1=0.3791
  timing: data=8.5ms  fwd=150.7ms  bwd=111.0ms  total=270.9ms
[ 160400] loss=5.9661  ema_loss=5.4045  gap=0.0448  ema_gap=0.0627  mixup=51/200  3.2 sps  ETA 3.4h
              R²_rand=0.3573  R²_naive=0.2762  U_t=0.4633  U_b=0.7009  AUC=0.9817  Top1=0.3425
  timing: data=8.2ms  fwd=149.2ms  bwd=109.4ms  total=267.5ms
[ 160600] loss=6.2507  ema_loss=5.4899  gap=0.0388  ema_gap=0.0579  mixup=57/200  3.2 sps  ETA 3.4h
              R²_rand=0.3522  R²_naive=0.2527  U_t=0.4810  U_b=0.6504  AUC=0.9793  Top1=0.3126
  timing: data=7.5ms  fwd=154.4ms  bwd=111.3ms  total=273.9ms
[ 160800] loss=5.2360  ema_loss=5.5255  gap=0.0428  ema_gap=0.0525  mixup=57/200  3.2 sps  ETA 3.4h
              R²_rand=0.2900  R²_naive=0.2521  U_t=0.5208  U_b=0.7123  AUC=0.9732  Top1=0.2551
  timing: data=24.0ms  fwd=149.2ms  bwd=111.4ms  total=285.3ms
[ 161000] loss=5.1751  ema_loss=5.4680  gap=0.0588  ema_gap=0.0476  mixup=56/200  3.2 sps  ETA 3.4h
              R²_rand=0.3510  R²_naive=0.2799  U_t=0.4488  U_b=0.7344  AUC=0.9833  Top1=0.4261
  timing: data=7.6ms  fwd=152.9ms  bwd=110.8ms  total=272.0ms
[ 161200] loss=5.6860  ema_loss=5.4793  gap=0.0523  ema_gap=0.0507  mixup=57/200  3.2 sps  ETA 3.3h
              R²_rand=0.3710  R²_naive=0.2775  U_t=0.4422  U_b=0.6898  AUC=0.9844  Top1=0.3427
  timing: data=10.1ms  fwd=151.6ms  bwd=113.2ms  total=275.7ms
[ 161400] loss=6.6982  ema_loss=5.4929  gap=0.0426  ema_gap=0.0610  mixup=67/200  3.2 sps  ETA 3.3h
              R²_rand=0.3673  R²_naive=0.2451  U_t=0.4097  U_b=0.6375  AUC=0.9788  Top1=0.2847
  timing: data=24.4ms  fwd=152.8ms  bwd=111.1ms  total=289.0ms
[ 161600] loss=5.7469  ema_loss=5.4701  gap=0.0382  ema_gap=0.0537  mixup=55/200  3.2 sps  ETA 3.3h
              R²_rand=0.3775  R²_naive=0.2617  U_t=0.4241  U_b=0.6763  AUC=0.9759  Top1=0.2510
  timing: data=10.6ms  fwd=148.7ms  bwd=112.5ms  total=272.6ms
[ 161800] loss=5.1820  ema_loss=5.4783  gap=0.0514  ema_gap=0.0458  mixup=68/200  3.2 sps  ETA 3.3h
              R²_rand=0.3504  R²_naive=0.2889  U_t=0.4829  U_b=0.7330  AUC=0.9823  Top1=0.3284
  timing: data=9.7ms  fwd=150.5ms  bwd=111.7ms  total=272.7ms
[ 162000] loss=5.1294  ema_loss=5.4856  gap=0.0589  ema_gap=0.0432  mixup=61/200  3.2 sps  ETA 3.3h
              R²_rand=0.3426  R²_naive=0.2721  U_t=0.4833  U_b=0.7406  AUC=0.9823  Top1=0.3607
  timing: data=41.7ms  fwd=153.3ms  bwd=112.4ms  total=308.1ms
[ 162200] loss=5.7757  ema_loss=5.4796  gap=0.0369  ema_gap=0.0443  mixup=55/200  3.2 sps  ETA 3.3h
              R²_rand=0.3307  R²_naive=0.2384  U_t=0.4317  U_b=0.6735  AUC=0.9800  Top1=0.3064
  timing: data=8.7ms  fwd=152.3ms  bwd=110.0ms  total=271.7ms
[ 162400] loss=5.5262  ema_loss=5.3811  gap=0.0560  ema_gap=0.0540  mixup=63/200  3.2 sps  ETA 3.2h
              R²_rand=0.3591  R²_naive=0.2745  U_t=0.4735  U_b=0.7159  AUC=0.9808  Top1=0.3045
  timing: data=9.4ms  fwd=149.1ms  bwd=111.0ms  total=270.2ms
[ 162600] loss=5.0731  ema_loss=5.3887  gap=0.0469  ema_gap=0.0545  mixup=62/200  3.2 sps  ETA 3.2h
              R²_rand=0.3506  R²_naive=0.2806  U_t=0.5149  U_b=0.7469  AUC=0.9812  Top1=0.3346
  timing: data=29.6ms  fwd=153.4ms  bwd=111.6ms  total=295.3ms
[ 162800] loss=5.6168  ema_loss=5.3731  gap=0.0298  ema_gap=0.0458  mixup=50/200  3.2 sps  ETA 3.2h
              R²_rand=0.3514  R²_naive=0.2553  U_t=0.4678  U_b=0.7479  AUC=0.9781  Top1=0.2863
  timing: data=10.9ms  fwd=150.6ms  bwd=111.5ms  total=273.8ms
[ 163000] loss=5.4219  ema_loss=5.4009  gap=0.0776  ema_gap=0.0316  mixup=61/200  3.2 sps  ETA 3.2h
              R²_rand=0.3335  R²_naive=0.2875  U_t=0.4470  U_b=0.6468  AUC=0.9806  Top1=0.3791
  timing: data=10.0ms  fwd=151.4ms  bwd=110.2ms  total=272.2ms
[ 163200] loss=5.1028  ema_loss=5.4483  gap=0.0099  ema_gap=0.0202  mixup=61/200  3.2 sps  ETA 3.2h
              R²_rand=0.3155  R²_naive=0.2489  U_t=0.4872  U_b=0.7514  AUC=0.9776  Top1=0.2966
  timing: data=31.1ms  fwd=149.4ms  bwd=113.1ms  total=294.3ms
[ 163400] loss=5.3694  ema_loss=5.4565  gap=0.0110  ema_gap=0.0197  mixup=59/200  3.2 sps  ETA 3.2h
              R²_rand=0.3549  R²_naive=0.2620  U_t=0.4344  U_b=0.6179  AUC=0.9757  Top1=0.2801
  timing: data=8.6ms  fwd=152.8ms  bwd=112.5ms  total=274.6ms
[ 163600] loss=5.3562  ema_loss=5.4836  gap=0.0449  ema_gap=0.0245  mixup=57/200  3.2 sps  ETA 3.1h
              R²_rand=0.3496  R²_naive=0.2856  U_t=0.4804  U_b=0.7197  AUC=0.9773  Top1=0.3338
  timing: data=8.6ms  fwd=150.6ms  bwd=109.8ms  total=269.7ms
[ 163800] loss=5.0887  ema_loss=5.3963  gap=0.0341  ema_gap=0.0239  mixup=53/200  3.2 sps  ETA 3.1h
              R²_rand=0.3632  R²_naive=0.2782  U_t=0.4516  U_b=0.7581  AUC=0.9856  Top1=0.4049
  timing: data=34.1ms  fwd=150.0ms  bwd=111.8ms  total=296.6ms
[ 164000] loss=5.1378  ema_loss=5.4548  gap=0.0304  ema_gap=0.0363  mixup=60/200  3.2 sps  ETA 3.1h
              R²_rand=0.3223  R²_naive=0.2678  U_t=0.4982  U_b=0.7234  AUC=0.9790  Top1=0.2934
  timing: data=9.7ms  fwd=150.6ms  bwd=111.3ms  total=272.2ms
[ 164200] loss=5.4857  ema_loss=5.5370  gap=0.0405  ema_gap=0.0252  mixup=62/200  3.2 sps  ETA 3.1h
              R²_rand=0.3403  R²_naive=0.2706  U_t=0.4760  U_b=0.6487  AUC=0.9714  Top1=0.2901
  timing: data=8.6ms  fwd=152.3ms  bwd=112.2ms  total=273.8ms
[ 164400] loss=6.0672  ema_loss=5.5052  gap=0.0185  ema_gap=0.0316  mixup=67/200  3.2 sps  ETA 3.1h
              R²_rand=0.3409  R²_naive=0.2304  U_t=0.4401  U_b=0.5707  AUC=0.9751  Top1=0.2836
  timing: data=29.3ms  fwd=149.3ms  bwd=110.6ms  total=289.8ms
[ 164600] loss=5.3366  ema_loss=5.4424  gap=0.0259  ema_gap=0.0418  mixup=60/200  3.2 sps  ETA 3.1h
              R²_rand=0.3559  R²_naive=0.2785  U_t=0.4740  U_b=0.6211  AUC=0.9785  Top1=0.2969
  timing: data=7.6ms  fwd=152.6ms  bwd=110.8ms  total=271.7ms
[ 164800] loss=5.1114  ema_loss=5.4230  gap=0.0331  ema_gap=0.0367  mixup=59/200  3.2 sps  ETA 3.0h
              R²_rand=0.3411  R²_naive=0.2655  U_t=0.5454  U_b=0.7413  AUC=0.9793  Top1=0.3058
  timing: data=9.6ms  fwd=150.7ms  bwd=110.7ms  total=271.6ms
[ 165000] loss=5.2331  ema_loss=5.4513  gap=0.0512  ema_gap=0.0390  mixup=60/200  3.2 sps  ETA 3.0h
              R²_rand=0.3489  R²_naive=0.2779  U_t=0.4799  U_b=0.7310  AUC=0.9755  Top1=0.3596
  timing: data=31.6ms  fwd=149.1ms  bwd=108.7ms  total=290.1ms
[ 165200] loss=5.5821  ema_loss=5.4321  gap=0.0226  ema_gap=0.0374  mixup=61/200  3.2 sps  ETA 3.0h
              R²_rand=0.3420  R²_naive=0.2698  U_t=0.5096  U_b=0.6207  AUC=0.9757  Top1=0.2993
  timing: data=10.9ms  fwd=151.6ms  bwd=110.8ms  total=274.1ms
[ 165400] loss=5.1058  ema_loss=5.4014  gap=0.0375  ema_gap=0.0353  mixup=70/200  3.2 sps  ETA 3.0h
              R²_rand=0.3390  R²_naive=0.2816  U_t=0.4898  U_b=0.7205  AUC=0.9775  Top1=0.2950
  timing: data=8.6ms  fwd=151.4ms  bwd=112.6ms  total=273.2ms
[ 165600] loss=5.0712  ema_loss=5.4377  gap=0.0427  ema_gap=0.0344  mixup=58/200  3.2 sps  ETA 3.0h
              R²_rand=0.3396  R²_naive=0.2798  U_t=0.4670  U_b=0.7342  AUC=0.9825  Top1=0.3379
  timing: data=7.7ms  fwd=151.4ms  bwd=110.0ms  total=269.8ms
[ 165800] loss=5.6920  ema_loss=5.4020  gap=0.0189  ema_gap=0.0303  mixup=61/200  3.2 sps  ETA 3.0h
              R²_rand=0.3419  R²_naive=0.2655  U_t=0.4762  U_b=0.7682  AUC=0.9761  Top1=0.2798
  timing: data=55.1ms  fwd=151.2ms  bwd=110.8ms  total=317.8ms
[ 166000] loss=5.4882  ema_loss=5.3915  gap=0.0256  ema_gap=0.0312  mixup=64/200  3.2 sps  ETA 2.9h
              R²_rand=0.3456  R²_naive=0.2544  U_t=0.5047  U_b=0.7407  AUC=0.9756  Top1=0.2784
  timing: data=7.5ms  fwd=151.0ms  bwd=109.8ms  total=268.9ms
[ 166200] loss=5.1899  ema_loss=5.3886  gap=0.0511  ema_gap=0.0356  mixup=56/200  3.2 sps  ETA 2.9h
              R²_rand=0.3678  R²_naive=0.2984  U_t=0.4719  U_b=0.6691  AUC=0.9808  Top1=0.3777
  timing: data=8.4ms  fwd=150.8ms  bwd=109.4ms  total=269.3ms
[ 166400] loss=6.1246  ema_loss=5.5572  gap=0.0236  ema_gap=0.0278  mixup=52/200  3.2 sps  ETA 2.9h
              R²_rand=0.3282  R²_naive=0.2222  U_t=0.4674  U_b=0.6886  AUC=0.9632  Top1=0.2141
  timing: data=24.6ms  fwd=151.7ms  bwd=112.1ms  total=289.1ms
[ 166600] loss=5.6759  ema_loss=5.5517  gap=0.0602  ema_gap=0.0286  mixup=59/200  3.2 sps  ETA 2.9h
              R²_rand=0.3365  R²_naive=0.2612  U_t=0.4814  U_b=0.7049  AUC=0.9714  Top1=0.3237
  timing: data=9.8ms  fwd=150.4ms  bwd=112.7ms  total=273.7ms
[ 166800] loss=5.1591  ema_loss=5.4907  gap=0.0093  ema_gap=0.0282  mixup=58/200  3.2 sps  ETA 2.9h
              R²_rand=0.3263  R²_naive=0.2466  U_t=0.4931  U_b=0.7506  AUC=0.9730  Top1=0.2589
  timing: data=8.5ms  fwd=152.2ms  bwd=111.5ms  total=272.9ms
[ 167000] loss=5.2659  ema_loss=5.4935  gap=0.0307  ema_gap=0.0272  mixup=56/200  3.2 sps  ETA 2.8h
              R²_rand=0.2935  R²_naive=0.2655  U_t=0.5087  U_b=0.6413  AUC=0.9733  Top1=0.2966
  timing: data=99.4ms  fwd=148.5ms  bwd=108.6ms  total=357.1ms
[ 167200] loss=5.1206  ema_loss=5.4667  gap=0.0157  ema_gap=0.0236  mixup=53/200  3.2 sps  ETA 2.8h
              R²_rand=0.3250  R²_naive=0.2621  U_t=0.5076  U_b=0.7299  AUC=0.9769  Top1=0.2885
  timing: data=8.4ms  fwd=153.1ms  bwd=111.8ms  total=274.0ms
[ 167400] loss=5.1179  ema_loss=5.3940  gap=0.0261  ema_gap=0.0323  mixup=68/200  3.2 sps  ETA 2.8h
              R²_rand=0.3376  R²_naive=0.2659  U_t=0.4749  U_b=0.7432  AUC=0.9794  Top1=0.3172
  timing: data=9.6ms  fwd=151.2ms  bwd=113.0ms  total=274.5ms
[ 167600] loss=6.2010  ema_loss=5.4158  gap=0.0110  ema_gap=0.0303  mixup=58/200  3.2 sps  ETA 2.8h
              R²_rand=0.3502  R²_naive=0.1704  U_t=0.4039  U_b=0.5962  AUC=0.9771  Top1=0.3180
  timing: data=224.7ms  fwd=153.0ms  bwd=113.2ms  total=491.6ms
[ 167800] loss=5.3549  ema_loss=5.4870  gap=0.0189  ema_gap=0.0327  mixup=60/200  3.2 sps  ETA 2.8h
              R²_rand=0.3380  R²_naive=0.2643  U_t=0.4731  U_b=0.6363  AUC=0.9714  Top1=0.2307
  timing: data=9.5ms  fwd=150.4ms  bwd=112.5ms  total=273.1ms
[ 168000] loss=5.1948  ema_loss=5.4477  gap=0.0204  ema_gap=0.0281  mixup=66/200  3.2 sps  ETA 2.8h
              R²_rand=0.3167  R²_naive=0.2648  U_t=0.4935  U_b=0.7330  AUC=0.9766  Top1=0.2716
  timing: data=7.4ms  fwd=154.0ms  bwd=111.1ms  total=273.1ms
[ 168200] loss=6.3202  ema_loss=5.4005  gap=0.0259  ema_gap=0.0264  mixup=52/200  3.2 sps  ETA 2.8h
              R²_rand=0.3298  R²_naive=0.2355  U_t=0.4753  U_b=0.6753  AUC=0.9780  Top1=0.3286
  timing: data=32.2ms  fwd=151.5ms  bwd=110.0ms  total=294.3ms
[ 168400] loss=5.1381  ema_loss=5.4743  gap=0.0315  ema_gap=0.0293  mixup=53/200  3.2 sps  ETA 2.7h
              R²_rand=0.3040  R²_naive=0.2494  U_t=0.5314  U_b=0.7447  AUC=0.9623  Top1=0.2833
  timing: data=7.6ms  fwd=152.1ms  bwd=109.2ms  total=269.5ms
[ 168600] loss=5.0518  ema_loss=5.3562  gap=0.0119  ema_gap=0.0286  mixup=58/200  3.2 sps  ETA 2.7h
              R²_rand=0.3245  R²_naive=0.2534  U_t=0.5144  U_b=0.7577  AUC=0.9763  Top1=0.2980
  timing: data=8.8ms  fwd=152.3ms  bwd=110.1ms  total=271.9ms
[ 168800] loss=5.1645  ema_loss=5.3545  gap=0.0484  ema_gap=0.0307  mixup=60/200  3.2 sps  ETA 2.7h
              R²_rand=0.3418  R²_naive=0.2879  U_t=0.4573  U_b=0.7585  AUC=0.9777  Top1=0.3465
  timing: data=23.2ms  fwd=149.6ms  bwd=108.7ms  total=282.0ms
[ 169000] loss=5.0789  ema_loss=5.3679  gap=0.0411  ema_gap=0.0268  mixup=70/200  3.2 sps  ETA 2.7h
              R²_rand=0.3280  R²_naive=0.2689  U_t=0.5037  U_b=0.7606  AUC=0.9739  Top1=0.3194
  timing: data=8.7ms  fwd=149.8ms  bwd=110.2ms  total=269.3ms
[ 169200] loss=6.1940  ema_loss=5.3508  gap=0.0304  ema_gap=0.0222  mixup=51/200  3.2 sps  ETA 2.7h
              R²_rand=0.3788  R²_naive=0.2427  U_t=0.4249  U_b=0.5795  AUC=0.9791  Top1=0.3400
  timing: data=7.4ms  fwd=152.6ms  bwd=109.8ms  total=270.5ms
[ 169400] loss=5.5780  ema_loss=5.4193  gap=0.0184  ema_gap=0.0247  mixup=65/200  3.2 sps  ETA 2.6h
              R²_rand=0.3404  R²_naive=0.2581  U_t=0.4749  U_b=0.6050  AUC=0.9720  Top1=0.2887
  timing: data=24.1ms  fwd=147.7ms  bwd=109.9ms  total=282.3ms
[ 169600] loss=5.5396  ema_loss=5.5237  gap=0.0053  ema_gap=0.0216  mixup=61/200  3.2 sps  ETA 2.6h
              R²_rand=0.3470  R²_naive=0.2415  U_t=0.4739  U_b=0.7478  AUC=0.9770  Top1=0.2727
  timing: data=9.6ms  fwd=150.9ms  bwd=111.7ms  total=272.9ms
[ 169800] loss=5.2768  ema_loss=5.5386  gap=0.0051  ema_gap=0.0124  mixup=56/200  3.2 sps  ETA 2.6h
              R²_rand=0.3186  R²_naive=0.2485  U_t=0.4726  U_b=0.7345  AUC=0.9696  Top1=0.2982
  timing: data=10.8ms  fwd=148.4ms  bwd=110.0ms  total=269.8ms
[ 170000] loss=5.1806  ema_loss=5.5037  gap=0.0290  ema_gap=0.0181  mixup=63/200  3.2 sps  ETA 2.6h
              R²_rand=0.3307  R²_naive=0.2542  U_t=0.4855  U_b=0.7604  AUC=0.9721  Top1=0.2754
  timing: data=40.6ms  fwd=149.4ms  bwd=110.9ms  total=301.6ms
[ 170200] loss=7.3478  ema_loss=5.5011  gap=-0.0025  ema_gap=0.0205  mixup=61/200  3.2 sps  ETA 2.6h
              R²_rand=0.3663  R²_naive=0.2349  U_t=0.4183  U_b=0.5589  AUC=0.9632  Top1=0.2336
  timing: data=8.4ms  fwd=150.5ms  bwd=110.4ms  total=269.9ms
[ 170400] loss=5.0406  ema_loss=5.4177  gap=0.0115  ema_gap=0.0216  mixup=66/200  3.2 sps  ETA 2.6h
              R²_rand=0.3361  R²_naive=0.2665  U_t=0.4785  U_b=0.7535  AUC=0.9802  Top1=0.3351
  timing: data=9.8ms  fwd=150.7ms  bwd=112.2ms  total=273.4ms
[ 170600] loss=5.0210  ema_loss=5.3521  gap=0.0143  ema_gap=0.0205  mixup=50/200  3.2 sps  ETA 2.5h
              R²_rand=0.3094  R²_naive=0.2661  U_t=0.5235  U_b=0.7575  AUC=0.9766  Top1=0.2703
  timing: data=8.5ms  fwd=151.8ms  bwd=110.7ms  total=271.6ms
[ 170800] loss=5.2375  ema_loss=5.4303  gap=0.0033  ema_gap=0.0228  mixup=53/200  3.2 sps  ETA 2.5h
              R²_rand=0.2981  R²_naive=0.2484  U_t=0.5037  U_b=0.7457  AUC=0.9755  Top1=0.2725
  timing: data=26.2ms  fwd=149.7ms  bwd=109.7ms  total=286.3ms
[ 171000] loss=5.1658  ema_loss=5.4746  gap=0.0052  ema_gap=0.0193  mixup=64/200  3.2 sps  ETA 2.5h
              R²_rand=0.3292  R²_naive=0.2552  U_t=0.5022  U_b=0.7016  AUC=0.9742  Top1=0.2589
  timing: data=8.6ms  fwd=150.1ms  bwd=111.2ms  total=270.5ms
[ 171200] loss=5.2782  ema_loss=5.4210  gap=0.0155  ema_gap=0.0239  mixup=68/200  3.2 sps  ETA 2.5h
              R²_rand=0.3446  R²_naive=0.2579  U_t=0.4855  U_b=0.6352  AUC=0.9796  Top1=0.3213
  timing: data=8.5ms  fwd=151.8ms  bwd=111.0ms  total=272.0ms
[ 171400] loss=5.6333  ema_loss=5.4315  gap=0.0286  ema_gap=0.0227  mixup=60/200  3.2 sps  ETA 2.5h
              R²_rand=0.3716  R²_naive=0.2556  U_t=0.4314  U_b=0.7341  AUC=0.9795  Top1=0.3330
  timing: data=28.8ms  fwd=149.0ms  bwd=111.5ms  total=289.9ms
[ 171600] loss=6.4227  ema_loss=5.4289  gap=0.0251  ema_gap=0.0224  mixup=58/200  3.2 sps  ETA 2.5h
              R²_rand=0.3517  R²_naive=0.2502  U_t=0.4542  U_b=0.6698  AUC=0.9777  Top1=0.3148
  timing: data=8.6ms  fwd=150.2ms  bwd=111.0ms  total=270.5ms
[ 171800] loss=5.2507  ema_loss=5.3775  gap=0.0314  ema_gap=0.0224  mixup=78/200  3.2 sps  ETA 2.4h
              R²_rand=0.3321  R²_naive=0.2605  U_t=0.5009  U_b=0.7556  AUC=0.9773  Top1=0.3607
  timing: data=8.4ms  fwd=151.9ms  bwd=110.9ms  total=271.9ms
[ 172000] loss=5.2469  ema_loss=5.3993  gap=0.0130  ema_gap=0.0214  mixup=50/200  3.2 sps  ETA 2.4h
              R²_rand=0.3177  R²_naive=0.2627  U_t=0.4622  U_b=0.6963  AUC=0.9795  Top1=0.3248
  timing: data=23.7ms  fwd=149.4ms  bwd=111.3ms  total=285.0ms
[ 172200] loss=5.0363  ema_loss=5.3675  gap=0.0379  ema_gap=0.0231  mixup=71/200  3.2 sps  ETA 2.4h
              R²_rand=0.3428  R²_naive=0.2791  U_t=0.4585  U_b=0.7645  AUC=0.9812  Top1=0.3753
  timing: data=8.3ms  fwd=147.4ms  bwd=106.6ms  total=263.0ms
[ 172400] loss=5.1234  ema_loss=5.3690  gap=0.0122  ema_gap=0.0238  mixup=60/200  3.2 sps  ETA 2.4h
              R²_rand=0.3344  R²_naive=0.2600  U_t=0.5300  U_b=0.7265  AUC=0.9723  Top1=0.2627
  timing: data=7.7ms  fwd=152.8ms  bwd=111.3ms  total=272.4ms
[ 172600] loss=5.1600  ema_loss=5.3952  gap=0.0065  ema_gap=0.0230  mixup=69/200  3.2 sps  ETA 2.4h
              R²_rand=0.3165  R²_naive=0.2638  U_t=0.4557  U_b=0.7568  AUC=0.9784  Top1=0.3175
  timing: data=35.6ms  fwd=150.5ms  bwd=112.5ms  total=299.3ms
[ 172800] loss=6.3704  ema_loss=5.4465  gap=0.0124  ema_gap=0.0152  mixup=60/200  3.2 sps  ETA 2.4h
              R²_rand=0.3735  R²_naive=0.2328  U_t=0.4102  U_b=0.5851  AUC=0.9727  Top1=0.3001
  timing: data=10.3ms  fwd=147.1ms  bwd=110.3ms  total=268.3ms
[ 173000] loss=5.0992  ema_loss=5.3873  gap=0.0147  ema_gap=0.0205  mixup=73/200  3.2 sps  ETA 2.3h
              R²_rand=0.3476  R²_naive=0.2575  U_t=0.4884  U_b=0.7401  AUC=0.9791  Top1=0.3425
  timing: data=10.9ms  fwd=151.5ms  bwd=112.1ms  total=275.2ms
[ 173200] loss=5.0935  ema_loss=5.3665  gap=0.0078  ema_gap=0.0186  mixup=59/200  3.2 sps  ETA 2.3h
              R²_rand=0.3355  R²_naive=0.2604  U_t=0.4775  U_b=0.7459  AUC=0.9779  Top1=0.2982
  timing: data=42.2ms  fwd=149.1ms  bwd=112.3ms  total=304.3ms
[ 173400] loss=5.2462  ema_loss=5.4392  gap=-0.0078  ema_gap=0.0132  mixup=80/200  3.2 sps  ETA 2.3h
              R²_rand=0.3483  R²_naive=0.2673  U_t=0.4759  U_b=0.6600  AUC=0.9741  Top1=0.2464
  timing: data=8.6ms  fwd=151.5ms  bwd=109.8ms  total=270.6ms
[ 173600] loss=5.2392  ema_loss=5.4590  gap=0.0333  ema_gap=0.0064  mixup=55/200  3.2 sps  ETA 2.3h
              R²_rand=0.3377  R²_naive=0.2824  U_t=0.4835  U_b=0.6407  AUC=0.9739  Top1=0.2985
  timing: data=7.4ms  fwd=151.7ms  bwd=111.3ms  total=271.1ms
[ 173800] loss=5.3570  ema_loss=5.4383  gap=-0.0088  ema_gap=0.0032  mixup=61/200  3.2 sps  ETA 2.3h
              R²_rand=0.3419  R²_naive=0.2532  U_t=0.4891  U_b=0.6582  AUC=0.9728  Top1=0.2453
  timing: data=34.2ms  fwd=148.3ms  bwd=110.6ms  total=293.8ms
[ 174000] loss=5.1368  ema_loss=5.4845  gap=0.0021  ema_gap=0.0032  mixup=51/200  3.2 sps  ETA 2.2h
              R²_rand=0.3374  R²_naive=0.2610  U_t=0.4751  U_b=0.7318  AUC=0.9766  Top1=0.2988
  timing: data=7.6ms  fwd=152.6ms  bwd=109.5ms  total=270.3ms
[ 174200] loss=5.3551  ema_loss=5.5672  gap=-0.0036  ema_gap=0.0075  mixup=56/200  3.2 sps  ETA 2.2h
              R²_rand=0.3261  R²_naive=0.2494  U_t=0.4831  U_b=0.7432  AUC=0.9669  Top1=0.2255
  timing: data=7.3ms  fwd=150.6ms  bwd=108.7ms  total=267.3ms
[ 174400] loss=5.2301  ema_loss=5.5203  gap=-0.0038  ema_gap=0.0075  mixup=55/200  3.2 sps  ETA 2.2h
              R²_rand=0.3281  R²_naive=0.2458  U_t=0.5040  U_b=0.6961  AUC=0.9687  Top1=0.2518
  timing: data=154.6ms  fwd=152.9ms  bwd=110.0ms  total=418.3ms
[ 174600] loss=5.1113  ema_loss=5.4860  gap=0.0177  ema_gap=0.0092  mixup=53/200  3.2 sps  ETA 2.2h
              R²_rand=0.3446  R²_naive=0.2673  U_t=0.4769  U_b=0.7450  AUC=0.9778  Top1=0.3305
  timing: data=8.8ms  fwd=152.0ms  bwd=112.7ms  total=274.2ms
[ 174800] loss=6.0568  ema_loss=5.4972  gap=-0.0157  ema_gap=0.0014  mixup=56/200  3.2 sps  ETA 2.2h
              R²_rand=0.2979  R²_naive=0.1950  U_t=0.4037  U_b=0.6536  AUC=0.9535  Top1=0.2111
  timing: data=7.6ms  fwd=151.8ms  bwd=110.4ms  total=270.5ms
[ 175000] loss=5.7065  ema_loss=5.5022  gap=0.0021  ema_gap=0.0002  mixup=64/200  3.2 sps  ETA 2.2h
              R²_rand=0.3011  R²_naive=0.2395  U_t=0.4954  U_b=0.7225  AUC=0.9683  Top1=0.2399
  timing: data=24.8ms  fwd=151.4ms  bwd=111.3ms  total=288.2ms
  -> Saved /home/jupyter/wt-cf-390-train/experiments/2026-08-01_lalign_teacher/runs/bb_small_arm6_v2_ncpc_lalign_lrepmoco_enc3l3_b64_200k_sigreg_ema_qk_aon_cpc_tau090_alignteacher_r3_175k.pth
[ 175200] loss=5.1543  ema_loss=5.4708  gap=0.0065  ema_gap=0.0052  mixup=50/200  3.2 sps  ETA 2.1h
              R²_rand=0.3253  R²_naive=0.2683  U_t=0.4312  U_b=0.7553  AUC=0.9819  Top1=0.3216
  timing: data=7.5ms  fwd=153.3ms  bwd=111.5ms  total=273.0ms
[ 175400] loss=5.4088  ema_loss=5.4621  gap=0.0037  ema_gap=0.0104  mixup=61/200  3.2 sps  ETA 2.1h
              R²_rand=0.3323  R²_naive=0.2428  U_t=0.4625  U_b=0.6857  AUC=0.9737  Top1=0.2627
  timing: data=7.5ms  fwd=149.6ms  bwd=109.9ms  total=267.7ms
[ 175600] loss=6.5824  ema_loss=5.4542  gap=0.0327  ema_gap=0.0193  mixup=63/200  3.2 sps  ETA 2.1h
              R²_rand=0.3536  R²_naive=0.2548  U_t=0.4307  U_b=0.6721  AUC=0.9651  Top1=0.1957
  timing: data=7.5ms  fwd=150.9ms  bwd=110.6ms  total=269.7ms
[ 175800] loss=5.2397  ema_loss=5.5006  gap=-0.0066  ema_gap=0.0106  mixup=63/200  3.2 sps  ETA 2.1h
              R²_rand=0.3397  R²_naive=0.2499  U_t=0.4154  U_b=0.7133  AUC=0.9762  Top1=0.2657
  timing: data=24.5ms  fwd=151.4ms  bwd=111.4ms  total=288.0ms
[ 176000] loss=5.4368  ema_loss=5.4628  gap=0.0139  ema_gap=0.0120  mixup=60/200  3.2 sps  ETA 2.1h
              R²_rand=0.3294  R²_naive=0.2507  U_t=0.4964  U_b=0.6444  AUC=0.9784  Top1=0.3199
  timing: data=7.6ms  fwd=151.6ms  bwd=110.7ms  total=270.5ms
[ 176200] loss=5.6927  ema_loss=5.4681  gap=-0.0008  ema_gap=0.0083  mixup=67/200  3.2 sps  ETA 2.1h
              R²_rand=0.3535  R²_naive=0.2298  U_t=0.4294  U_b=0.6757  AUC=0.9803  Top1=0.3020
  timing: data=9.6ms  fwd=150.5ms  bwd=110.8ms  total=271.6ms
[ 176400] loss=5.2833  ema_loss=5.4214  gap=-0.0028  ema_gap=0.0084  mixup=53/200  3.2 sps  ETA 2.0h
              R²_rand=0.3241  R²_naive=0.2629  U_t=0.4378  U_b=0.7144  AUC=0.9783  Top1=0.2801
  timing: data=23.1ms  fwd=152.3ms  bwd=111.8ms  total=287.9ms
[ 176600] loss=5.1085  ema_loss=5.4121  gap=0.0356  ema_gap=0.0188  mixup=61/200  3.2 sps  ETA 2.0h
              R²_rand=0.3222  R²_naive=0.2772  U_t=0.4748  U_b=0.7604  AUC=0.9818  Top1=0.3645
  timing: data=9.5ms  fwd=151.2ms  bwd=111.3ms  total=272.7ms
[ 176800] loss=5.9785  ema_loss=5.3520  gap=0.0042  ema_gap=0.0161  mixup=68/200  3.2 sps  ETA 2.0h
              R²_rand=0.3203  R²_naive=0.2330  U_t=0.4703  U_b=0.7026  AUC=0.9724  Top1=0.3037
  timing: data=7.6ms  fwd=152.0ms  bwd=112.7ms  total=273.0ms
[ 177000] loss=5.3903  ema_loss=5.4154  gap=0.0123  ema_gap=0.0127  mixup=54/200  3.2 sps  ETA 2.0h
              R²_rand=0.3805  R²_naive=0.2558  U_t=0.4106  U_b=0.7292  AUC=0.9770  Top1=0.2806
  timing: data=25.0ms  fwd=150.5ms  bwd=109.5ms  total=285.6ms
[ 177200] loss=5.0894  ema_loss=5.3750  gap=0.0159  ema_gap=0.0148  mixup=62/200  3.2 sps  ETA 2.0h
              R²_rand=0.3358  R²_naive=0.2616  U_t=0.4917  U_b=0.7423  AUC=0.9779  Top1=0.3161
  timing: data=7.4ms  fwd=151.9ms  bwd=109.8ms  total=269.7ms
[ 177400] loss=5.3035  ema_loss=5.3631  gap=0.0134  ema_gap=0.0166  mixup=67/200  3.2 sps  ETA 2.0h
              R²_rand=0.3086  R²_naive=0.2517  U_t=0.5167  U_b=0.6646  AUC=0.9732  Top1=0.2841
  timing: data=8.4ms  fwd=150.7ms  bwd=108.2ms  total=268.1ms
[ 177600] loss=5.1429  ema_loss=5.4888  gap=-0.0017  ema_gap=0.0118  mixup=54/200  3.2 sps  ETA 1.9h
              R²_rand=0.3382  R²_naive=0.2515  U_t=0.4675  U_b=0.7481  AUC=0.9768  Top1=0.2782
  timing: data=31.8ms  fwd=148.7ms  bwd=110.0ms  total=291.1ms
[ 177800] loss=5.1542  ema_loss=5.5192  gap=0.0057  ema_gap=0.0129  mixup=53/200  3.2 sps  ETA 1.9h
              R²_rand=0.3367  R²_naive=0.2664  U_t=0.4493  U_b=0.7280  AUC=0.9779  Top1=0.3064
  timing: data=7.8ms  fwd=152.4ms  bwd=110.6ms  total=271.4ms
[ 178000] loss=5.0374  ema_loss=5.3968  gap=0.0186  ema_gap=0.0202  mixup=64/200  3.2 sps  ETA 1.9h
              R²_rand=0.3664  R²_naive=0.2655  U_t=0.4458  U_b=0.7507  AUC=0.9829  Top1=0.3579
  timing: data=8.7ms  fwd=149.9ms  bwd=109.6ms  total=268.9ms
[ 178200] loss=5.3653  ema_loss=5.3241  gap=0.0306  ema_gap=0.0261  mixup=60/200  3.2 sps  ETA 1.9h
              R²_rand=0.3353  R²_naive=0.2640  U_t=0.4775  U_b=0.7523  AUC=0.9777  Top1=0.3240
  timing: data=24.9ms  fwd=153.4ms  bwd=112.4ms  total=291.3ms
[ 178400] loss=5.0748  ema_loss=5.3743  gap=-0.0070  ema_gap=0.0219  mixup=63/200  3.2 sps  ETA 1.9h
              R²_rand=0.3366  R²_naive=0.2471  U_t=0.4885  U_b=0.7356  AUC=0.9746  Top1=0.2581
  timing: data=13.7ms  fwd=146.0ms  bwd=110.2ms  total=270.6ms
[ 178600] loss=5.0847  ema_loss=5.4610  gap=0.0027  ema_gap=0.0117  mixup=55/200  3.2 sps  ETA 1.8h
              R²_rand=0.3533  R²_naive=0.2530  U_t=0.4417  U_b=0.7569  AUC=0.9805  Top1=0.3474
  timing: data=7.1ms  fwd=147.2ms  bwd=104.5ms  total=259.5ms
[ 178800] loss=5.1391  ema_loss=5.3916  gap=0.0008  ema_gap=0.0147  mixup=51/200  3.2 sps  ETA 1.8h
              R²_rand=0.3511  R²_naive=0.2526  U_t=0.4383  U_b=0.7448  AUC=0.9830  Top1=0.3701
  timing: data=22.7ms  fwd=148.5ms  bwd=109.4ms  total=281.3ms
[ 179000] loss=6.0842  ema_loss=5.4688  gap=0.0063  ema_gap=0.0153  mixup=75/200  3.2 sps  ETA 1.8h
              R²_rand=0.3555  R²_naive=0.2567  U_t=0.4425  U_b=0.7273  AUC=0.9797  Top1=0.3151
  timing: data=8.6ms  fwd=150.4ms  bwd=110.3ms  total=270.0ms
[ 179200] loss=5.1730  ema_loss=5.4893  gap=-0.0042  ema_gap=0.0126  mixup=45/200  3.2 sps  ETA 1.8h
              R²_rand=0.3451  R²_naive=0.2522  U_t=0.4365  U_b=0.7012  AUC=0.9788  Top1=0.2825
  timing: data=8.5ms  fwd=151.6ms  bwd=111.7ms  total=272.5ms
[ 179400] loss=5.1941  ema_loss=5.4248  gap=0.0291  ema_gap=0.0145  mixup=61/200  3.2 sps  ETA 1.8h
              R²_rand=0.3217  R²_naive=0.2694  U_t=0.5027  U_b=0.6849  AUC=0.9766  Top1=0.3132
  timing: data=31.8ms  fwd=149.6ms  bwd=112.0ms  total=294.0ms
[ 179600] loss=5.1332  ema_loss=5.3777  gap=0.0286  ema_gap=0.0248  mixup=57/200  3.2 sps  ETA 1.8h
              R²_rand=0.3409  R²_naive=0.2631  U_t=0.4910  U_b=0.7522  AUC=0.9760  Top1=0.3069
  timing: data=7.7ms  fwd=153.4ms  bwd=111.7ms  total=273.5ms
[ 179800] loss=5.3176  ema_loss=5.3318  gap=0.0212  ema_gap=0.0197  mixup=57/200  3.2 sps  ETA 1.7h
              R²_rand=0.3464  R²_naive=0.2662  U_t=0.4472  U_b=0.7696  AUC=0.9786  Top1=0.3294
  timing: data=8.6ms  fwd=152.5ms  bwd=111.9ms  total=273.7ms
[ 180000] loss=5.4820  ema_loss=5.4033  gap=0.0234  ema_gap=0.0214  mixup=58/200  3.2 sps  ETA 1.7h
              R²_rand=0.3125  R²_naive=0.2541  U_t=0.4701  U_b=0.6974  AUC=0.9751  Top1=0.2974
  timing: data=28.7ms  fwd=153.3ms  bwd=109.9ms  total=292.6ms
[ 180200] loss=5.2850  ema_loss=5.4725  gap=0.0251  ema_gap=0.0126  mixup=56/200  3.2 sps  ETA 1.7h
              R²_rand=0.3325  R²_naive=0.2538  U_t=0.4763  U_b=0.7229  AUC=0.9752  Top1=0.3574
  timing: data=8.8ms  fwd=150.1ms  bwd=110.9ms  total=270.5ms
[ 180400] loss=5.4328  ema_loss=5.3625  gap=0.0284  ema_gap=0.0199  mixup=57/200  3.2 sps  ETA 1.7h
              R²_rand=0.3493  R²_naive=0.2480  U_t=0.4753  U_b=0.7513  AUC=0.9773  Top1=0.3346
  timing: data=8.7ms  fwd=153.8ms  bwd=113.6ms  total=276.8ms
[ 180600] loss=5.2896  ema_loss=5.2719  gap=0.0197  ema_gap=0.0234  mixup=69/200  3.2 sps  ETA 1.7h
              R²_rand=0.3306  R²_naive=0.2587  U_t=0.5103  U_b=0.7486  AUC=0.9732  Top1=0.2646
  timing: data=7.6ms  fwd=153.2ms  bwd=112.3ms  total=273.9ms
[ 180800] loss=5.1748  ema_loss=5.3478  gap=0.0299  ema_gap=0.0229  mixup=53/200  3.2 sps  ETA 1.7h
              R²_rand=0.3494  R²_naive=0.2727  U_t=0.4654  U_b=0.7509  AUC=0.9812  Top1=0.3772
  timing: data=24.1ms  fwd=151.6ms  bwd=111.8ms  total=288.3ms
[ 181000] loss=7.4750  ema_loss=5.4408  gap=0.0252  ema_gap=0.0230  mixup=53/200  3.2 sps  ETA 1.6h
              R²_rand=0.3506  R²_naive=0.2212  U_t=0.4478  U_b=0.5507  AUC=0.9751  Top1=0.2953
  timing: data=7.7ms  fwd=153.1ms  bwd=110.6ms  total=272.1ms
[ 181200] loss=5.4561  ema_loss=5.4058  gap=0.0181  ema_gap=0.0201  mixup=68/200  3.2 sps  ETA 1.6h
              R²_rand=0.3384  R²_naive=0.2409  U_t=0.4699  U_b=0.7492  AUC=0.9768  Top1=0.3159
  timing: data=9.6ms  fwd=152.3ms  bwd=111.3ms  total=273.9ms
[ 181400] loss=5.2796  ema_loss=5.3205  gap=0.0153  ema_gap=0.0155  mixup=49/200  3.2 sps  ETA 1.6h
              R²_rand=0.3163  R²_naive=0.2389  U_t=0.5006  U_b=0.7445  AUC=0.9754  Top1=0.2795
  timing: data=26.7ms  fwd=149.0ms  bwd=109.6ms  total=286.0ms
[ 181600] loss=5.0291  ema_loss=5.3214  gap=0.0046  ema_gap=0.0181  mixup=59/200  3.2 sps  ETA 1.6h
              R²_rand=0.3546  R²_naive=0.2619  U_t=0.4985  U_b=0.7458  AUC=0.9778  Top1=0.3028
  timing: data=7.5ms  fwd=152.6ms  bwd=110.5ms  total=271.3ms
[ 181800] loss=5.0801  ema_loss=5.3500  gap=0.0119  ema_gap=0.0170  mixup=58/200  3.2 sps  ETA 1.6h
              R²_rand=0.3513  R²_naive=0.2675  U_t=0.4695  U_b=0.7399  AUC=0.9824  Top1=0.3360
  timing: data=8.8ms  fwd=150.9ms  bwd=112.4ms  total=272.9ms
[ 182000] loss=5.4384  ema_loss=5.3848  gap=0.0220  ema_gap=0.0164  mixup=50/200  3.2 sps  ETA 1.6h
              R²_rand=0.3462  R²_naive=0.2671  U_t=0.4382  U_b=0.7272  AUC=0.9793  Top1=0.3376
  timing: data=22.8ms  fwd=151.5ms  bwd=111.4ms  total=286.4ms
[ 182200] loss=5.3751  ema_loss=5.3535  gap=0.0150  ema_gap=0.0175  mixup=68/200  3.2 sps  ETA 1.5h
              R²_rand=0.3621  R²_naive=0.2642  U_t=0.4643  U_b=0.6114  AUC=0.9796  Top1=0.3066
  timing: data=7.8ms  fwd=153.2ms  bwd=113.1ms  total=274.8ms
[ 182400] loss=5.9586  ema_loss=5.2920  gap=0.0052  ema_gap=0.0162  mixup=73/200  3.2 sps  ETA 1.5h
              R²_rand=0.3525  R²_naive=0.2421  U_t=0.4628  U_b=0.7409  AUC=0.9725  Top1=0.2643
  timing: data=7.9ms  fwd=154.7ms  bwd=113.4ms  total=276.7ms
[ 182600] loss=5.1183  ema_loss=5.2888  gap=0.0037  ema_gap=0.0124  mixup=65/200  3.2 sps  ETA 1.5h
              R²_rand=0.3395  R²_naive=0.2604  U_t=0.4985  U_b=0.7458  AUC=0.9796  Top1=0.3156
  timing: data=24.2ms  fwd=151.9ms  bwd=110.8ms  total=287.6ms
[ 182800] loss=5.4998  ema_loss=5.2630  gap=-0.0027  ema_gap=0.0133  mixup=61/200  3.2 sps  ETA 1.5h
              R²_rand=0.3314  R²_naive=0.2563  U_t=0.4585  U_b=0.5611  AUC=0.9750  Top1=0.2627
  timing: data=7.7ms  fwd=152.9ms  bwd=112.0ms  total=273.3ms
[ 183000] loss=5.6136  ema_loss=5.2444  gap=0.0085  ema_gap=0.0117  mixup=56/200  3.2 sps  ETA 1.5h
              R²_rand=0.3269  R²_naive=0.2415  U_t=0.4549  U_b=0.7673  AUC=0.9659  Top1=0.2106
  timing: data=7.4ms  fwd=151.6ms  bwd=111.7ms  total=271.4ms
[ 183200] loss=4.9581  ema_loss=5.2429  gap=0.0016  ema_gap=0.0150  mixup=67/200  3.2 sps  ETA 1.5h
              R²_rand=0.3307  R²_naive=0.2555  U_t=0.4901  U_b=0.7792  AUC=0.9794  Top1=0.2852
  timing: data=23.2ms  fwd=149.6ms  bwd=110.9ms  total=284.4ms
[ 183400] loss=5.1361  ema_loss=5.2148  gap=-0.0040  ema_gap=0.0165  mixup=51/200  3.2 sps  ETA 1.4h
              R²_rand=0.3232  R²_naive=0.2368  U_t=0.4923  U_b=0.7694  AUC=0.9778  Top1=0.3311
  timing: data=7.4ms  fwd=152.3ms  bwd=111.1ms  total=271.4ms
[ 183600] loss=5.0518  ema_loss=5.2161  gap=0.0359  ema_gap=0.0153  mixup=70/200  3.2 sps  ETA 1.4h
              R²_rand=0.3466  R²_naive=0.2768  U_t=0.5105  U_b=0.7427  AUC=0.9820  Top1=0.3617
  timing: data=9.9ms  fwd=151.4ms  bwd=111.3ms  total=273.3ms
[ 183800] loss=5.5294  ema_loss=5.2262  gap=0.0135  ema_gap=0.0174  mixup=49/200  3.2 sps  ETA 1.4h
              R²_rand=0.3224  R²_naive=0.2220  U_t=0.4680  U_b=0.7314  AUC=0.9731  Top1=0.2744
  timing: data=23.4ms  fwd=147.9ms  bwd=109.6ms  total=281.5ms
[ 184000] loss=5.0971  ema_loss=5.1901  gap=0.0498  ema_gap=0.0159  mixup=50/200  3.2 sps  ETA 1.4h
              R²_rand=0.3606  R²_naive=0.2940  U_t=0.4785  U_b=0.6757  AUC=0.9851  Top1=0.4176
  timing: data=7.9ms  fwd=153.1ms  bwd=111.6ms  total=273.2ms
[ 184200] loss=5.0614  ema_loss=5.2704  gap=0.0172  ema_gap=0.0156  mixup=62/200  3.2 sps  ETA 1.4h
              R²_rand=0.3315  R²_naive=0.2627  U_t=0.4970  U_b=0.7550  AUC=0.9785  Top1=0.3460
  timing: data=7.7ms  fwd=151.7ms  bwd=112.9ms  total=273.0ms
[ 184400] loss=5.0656  ema_loss=5.2472  gap=0.0127  ema_gap=0.0135  mixup=60/200  3.2 sps  ETA 1.3h
              R²_rand=0.3453  R²_naive=0.2631  U_t=0.4787  U_b=0.7559  AUC=0.9806  Top1=0.3213
  timing: data=24.4ms  fwd=151.3ms  bwd=111.1ms  total=287.6ms
[ 184600] loss=5.0884  ema_loss=5.1853  gap=0.0212  ema_gap=0.0193  mixup=59/200  3.2 sps  ETA 1.3h
              R²_rand=0.3062  R²_naive=0.2651  U_t=0.5333  U_b=0.7203  AUC=0.9784  Top1=0.3493
  timing: data=8.4ms  fwd=149.6ms  bwd=111.2ms  total=269.8ms
[ 184800] loss=5.5118  ema_loss=5.3017  gap=0.0266  ema_gap=0.0171  mixup=59/200  3.2 sps  ETA 1.3h
              R²_rand=0.3171  R²_naive=0.2606  U_t=0.5016  U_b=0.5801  AUC=0.9763  Top1=0.3123
  timing: data=8.7ms  fwd=151.9ms  bwd=111.1ms  total=272.3ms
[ 185000] loss=5.1758  ema_loss=5.2202  gap=0.0284  ema_gap=0.0198  mixup=56/200  3.2 sps  ETA 1.3h
              R²_rand=0.3313  R²_naive=0.2557  U_t=0.5043  U_b=0.7995  AUC=0.9781  Top1=0.3115
  timing: data=24.6ms  fwd=148.7ms  bwd=109.7ms  total=283.6ms
[ 185200] loss=5.6405  ema_loss=5.3054  gap=0.0283  ema_gap=0.0196  mixup=56/200  3.2 sps  ETA 1.3h
              R²_rand=0.3202  R²_naive=0.2615  U_t=0.4573  U_b=0.5980  AUC=0.9801  Top1=0.3723
  timing: data=7.6ms  fwd=150.6ms  bwd=108.7ms  total=267.5ms
[ 185400] loss=4.9428  ema_loss=5.1846  gap=0.0480  ema_gap=0.0226  mixup=56/200  3.2 sps  ETA 1.3h
              R²_rand=0.3579  R²_naive=0.2888  U_t=0.5156  U_b=0.7739  AUC=0.9819  Top1=0.3826
  timing: data=8.5ms  fwd=148.7ms  bwd=108.8ms  total=266.7ms
[ 185600] loss=5.0450  ema_loss=5.1763  gap=0.0165  ema_gap=0.0249  mixup=54/200  3.2 sps  ETA 1.2h
              R²_rand=0.3302  R²_naive=0.2631  U_t=0.5111  U_b=0.7889  AUC=0.9795  Top1=0.2787
  timing: data=7.9ms  fwd=152.2ms  bwd=114.7ms  total=275.5ms
[ 185800] loss=4.9330  ema_loss=5.1711  gap=0.0151  ema_gap=0.0268  mixup=53/200  3.2 sps  ETA 1.2h
              R²_rand=0.3282  R²_naive=0.2697  U_t=0.5024  U_b=0.7476  AUC=0.9826  Top1=0.3145
  timing: data=27.3ms  fwd=149.7ms  bwd=110.4ms  total=288.1ms
[ 186000] loss=5.0069  ema_loss=5.1769  gap=0.0168  ema_gap=0.0264  mixup=57/200  3.2 sps  ETA 1.2h
              R²_rand=0.3402  R²_naive=0.2541  U_t=0.4855  U_b=0.7671  AUC=0.9816  Top1=0.3566
  timing: data=9.7ms  fwd=151.2ms  bwd=111.7ms  total=273.3ms
[ 186200] loss=5.0489  ema_loss=5.1854  gap=0.0322  ema_gap=0.0286  mixup=57/200  3.2 sps  ETA 1.2h
              R²_rand=0.3282  R²_naive=0.2692  U_t=0.5249  U_b=0.7599  AUC=0.9781  Top1=0.3455
  timing: data=7.5ms  fwd=152.0ms  bwd=110.1ms  total=270.1ms
[ 186400] loss=5.2055  ema_loss=5.2923  gap=0.0190  ema_gap=0.0298  mixup=60/200  3.2 sps  ETA 1.2h
              R²_rand=0.3361  R²_naive=0.2584  U_t=0.4550  U_b=0.7503  AUC=0.9793  Top1=0.3094
  timing: data=24.2ms  fwd=150.2ms  bwd=111.5ms  total=286.6ms
[ 186600] loss=5.0591  ema_loss=5.1954  gap=0.0256  ema_gap=0.0309  mixup=49/200  3.2 sps  ETA 1.2h
              R²_rand=0.3248  R²_naive=0.2566  U_t=0.5544  U_b=0.7636  AUC=0.9768  Top1=0.2790
  timing: data=7.6ms  fwd=150.5ms  bwd=110.4ms  total=269.1ms
[ 186800] loss=5.1110  ema_loss=5.2497  gap=0.0327  ema_gap=0.0311  mixup=53/200  3.2 sps  ETA 1.1h
              R²_rand=0.3312  R²_naive=0.2643  U_t=0.4596  U_b=0.7384  AUC=0.9805  Top1=0.3248
  timing: data=8.8ms  fwd=152.8ms  bwd=111.5ms  total=273.8ms
[ 187000] loss=5.1134  ema_loss=5.3849  gap=0.0069  ema_gap=0.0234  mixup=57/200  3.2 sps  ETA 1.1h
              R²_rand=0.3158  R²_naive=0.2560  U_t=0.5156  U_b=0.7356  AUC=0.9805  Top1=0.2966
  timing: data=58.8ms  fwd=150.2ms  bwd=115.0ms  total=324.7ms
[ 187200] loss=5.0628  ema_loss=5.3661  gap=0.0381  ema_gap=0.0190  mixup=54/200  3.2 sps  ETA 1.1h
              R²_rand=0.3604  R²_naive=0.2766  U_t=0.4860  U_b=0.7515  AUC=0.9820  Top1=0.3769
  timing: data=9.7ms  fwd=151.5ms  bwd=110.1ms  total=272.0ms
[ 187400] loss=5.0782  ema_loss=5.2158  gap=0.0224  ema_gap=0.0196  mixup=59/200  3.2 sps  ETA 1.1h
              R²_rand=0.3263  R²_naive=0.2586  U_t=0.4903  U_b=0.7620  AUC=0.9815  Top1=0.3400
  timing: data=7.2ms  fwd=149.8ms  bwd=110.6ms  total=268.3ms
[ 187600] loss=5.0296  ema_loss=5.3119  gap=0.0181  ema_gap=0.0244  mixup=55/200  3.2 sps  ETA 1.1h
              R²_rand=0.3328  R²_naive=0.2567  U_t=0.4781  U_b=0.7668  AUC=0.9808  Top1=0.3533
  timing: data=30.6ms  fwd=148.4ms  bwd=110.3ms  total=290.0ms
[ 187800] loss=5.2327  ema_loss=5.1886  gap=0.0156  ema_gap=0.0259  mixup=63/200  3.2 sps  ETA 1.1h
              R²_rand=0.3384  R²_naive=0.2615  U_t=0.5085  U_b=0.6811  AUC=0.9780  Top1=0.3004
  timing: data=8.4ms  fwd=151.8ms  bwd=108.9ms  total=269.8ms
[ 188000] loss=5.0146  ema_loss=5.2044  gap=0.0246  ema_gap=0.0277  mixup=63/200  3.2 sps  ETA 1.0h
              R²_rand=0.3311  R²_naive=0.2638  U_t=0.4875  U_b=0.7722  AUC=0.9816  Top1=0.3490
  timing: data=7.5ms  fwd=150.9ms  bwd=110.1ms  total=269.2ms
[ 188200] loss=5.3399  ema_loss=5.2482  gap=0.0128  ema_gap=0.0255  mixup=58/200  3.2 sps  ETA 1.0h
              R²_rand=0.3379  R²_naive=0.2496  U_t=0.4759  U_b=0.7978  AUC=0.9782  Top1=0.3088
  timing: data=24.7ms  fwd=152.8ms  bwd=111.5ms  total=289.7ms
[ 188400] loss=4.9414  ema_loss=5.1747  gap=0.0473  ema_gap=0.0254  mixup=64/200  3.2 sps  ETA 1.0h
              R²_rand=0.3347  R²_naive=0.2770  U_t=0.5048  U_b=0.7880  AUC=0.9818  Top1=0.3978
  timing: data=9.6ms  fwd=148.8ms  bwd=110.0ms  total=269.0ms
[ 188600] loss=5.0514  ema_loss=5.2046  gap=0.0121  ema_gap=0.0275  mixup=60/200  3.2 sps  ETA 1.0h
              R²_rand=0.3114  R²_naive=0.2468  U_t=0.5183  U_b=0.7763  AUC=0.9738  Top1=0.2730
  timing: data=10.8ms  fwd=151.9ms  bwd=111.3ms  total=274.6ms
[ 188800] loss=5.2694  ema_loss=5.1920  gap=0.0172  ema_gap=0.0266  mixup=61/200  3.2 sps  ETA 1.0h
              R²_rand=0.3336  R²_naive=0.2665  U_t=0.4537  U_b=0.6642  AUC=0.9798  Top1=0.3465
  timing: data=24.9ms  fwd=148.5ms  bwd=110.2ms  total=284.3ms
[ 189000] loss=5.2866  ema_loss=5.2257  gap=0.0447  ema_gap=0.0248  mixup=60/200  3.2 sps  ETA 0.9h
              R²_rand=0.3364  R²_naive=0.2526  U_t=0.4851  U_b=0.7656  AUC=0.9718  Top1=0.3273
  timing: data=7.6ms  fwd=152.2ms  bwd=109.8ms  total=270.2ms
[ 189200] loss=5.3995  ema_loss=5.1980  gap=0.0280  ema_gap=0.0292  mixup=66/200  3.2 sps  ETA 0.9h
              R²_rand=0.3158  R²_naive=0.2581  U_t=0.4895  U_b=0.7954  AUC=0.9778  Top1=0.3009
  timing: data=7.7ms  fwd=152.1ms  bwd=109.7ms  total=270.0ms
[ 189400] loss=5.4687  ema_loss=5.1897  gap=0.0083  ema_gap=0.0294  mixup=68/200  3.2 sps  ETA 0.9h
              R²_rand=0.3215  R²_naive=0.2489  U_t=0.4963  U_b=0.7728  AUC=0.9696  Top1=0.2771
  timing: data=35.4ms  fwd=152.7ms  bwd=110.6ms  total=299.4ms
[ 189600] loss=5.1111  ema_loss=5.2264  gap=0.0399  ema_gap=0.0287  mixup=60/200  3.2 sps  ETA 0.9h
              R²_rand=0.3045  R²_naive=0.2670  U_t=0.5223  U_b=0.7374  AUC=0.9786  Top1=0.3313
  timing: data=7.4ms  fwd=152.4ms  bwd=111.1ms  total=271.6ms
[ 189800] loss=5.0034  ema_loss=5.1881  gap=0.0100  ema_gap=0.0257  mixup=70/200  3.2 sps  ETA 0.9h
              R²_rand=0.3114  R²_naive=0.2566  U_t=0.5328  U_b=0.7617  AUC=0.9764  Top1=0.2953
  timing: data=9.6ms  fwd=152.5ms  bwd=110.2ms  total=272.9ms
[ 190000] loss=5.8262  ema_loss=5.1622  gap=0.0199  ema_gap=0.0294  mixup=67/200  3.2 sps  ETA 0.9h
              R²_rand=0.3356  R²_naive=0.2525  U_t=0.5046  U_b=0.7589  AUC=0.9752  Top1=0.2806
  timing: data=23.0ms  fwd=149.5ms  bwd=110.8ms  total=284.0ms
[ 190200] loss=5.1582  ema_loss=5.2015  gap=0.0532  ema_gap=0.0263  mixup=67/200  3.2 sps  ETA 0.8h
              R²_rand=0.3165  R²_naive=0.2926  U_t=0.4656  U_b=0.6714  AUC=0.9840  Top1=0.3916
  timing: data=7.7ms  fwd=153.3ms  bwd=109.4ms  total=271.0ms
[ 190400] loss=5.0294  ema_loss=5.2597  gap=0.0110  ema_gap=0.0177  mixup=61/200  3.2 sps  ETA 0.8h
              R²_rand=0.3358  R²_naive=0.2612  U_t=0.5153  U_b=0.7650  AUC=0.9805  Top1=0.3398
  timing: data=8.3ms  fwd=149.3ms  bwd=108.2ms  total=266.4ms
[ 190600] loss=5.5153  ema_loss=5.2175  gap=0.0002  ema_gap=0.0194  mixup=63/200  3.2 sps  ETA 0.8h
              R²_rand=0.3235  R²_naive=0.2234  U_t=0.4797  U_b=0.7494  AUC=0.9734  Top1=0.2725
  timing: data=29.3ms  fwd=150.4ms  bwd=110.8ms  total=291.2ms
[ 190800] loss=5.0579  ema_loss=5.2609  gap=0.0094  ema_gap=0.0139  mixup=64/200  3.2 sps  ETA 0.8h
              R²_rand=0.3484  R²_naive=0.2611  U_t=0.4707  U_b=0.7598  AUC=0.9780  Top1=0.3218
  timing: data=8.6ms  fwd=150.3ms  bwd=111.9ms  total=271.5ms
[ 191000] loss=4.9505  ema_loss=5.1735  gap=0.0160  ema_gap=0.0214  mixup=53/200  3.2 sps  ETA 0.8h
              R²_rand=0.3478  R²_naive=0.2602  U_t=0.5031  U_b=0.7930  AUC=0.9784  Top1=0.3248
  timing: data=7.5ms  fwd=151.0ms  bwd=107.2ms  total=266.3ms
[ 191200] loss=5.2373  ema_loss=5.1897  gap=0.0272  ema_gap=0.0208  mixup=59/200  3.2 sps  ETA 0.8h
              R²_rand=0.3426  R²_naive=0.2546  U_t=0.4823  U_b=0.7958  AUC=0.9753  Top1=0.3178
  timing: data=10.6ms  fwd=148.5ms  bwd=111.6ms  total=271.3ms
[ 191400] loss=5.3351  ema_loss=5.2164  gap=0.0199  ema_gap=0.0190  mixup=68/200  3.2 sps  ETA 0.7h
              R²_rand=0.3203  R²_naive=0.2586  U_t=0.5157  U_b=0.6092  AUC=0.9747  Top1=0.3012
  timing: data=24.7ms  fwd=150.8ms  bwd=110.0ms  total=286.1ms
[ 191600] loss=5.0483  ema_loss=5.1732  gap=0.0160  ema_gap=0.0223  mixup=63/200  3.2 sps  ETA 0.7h
              R²_rand=0.3259  R²_naive=0.2599  U_t=0.4906  U_b=0.7725  AUC=0.9771  Top1=0.3148
  timing: data=7.3ms  fwd=151.4ms  bwd=111.0ms  total=270.4ms
[ 191800] loss=4.9910  ema_loss=5.1403  gap=0.0233  ema_gap=0.0253  mixup=61/200  3.2 sps  ETA 0.7h
              R²_rand=0.3322  R²_naive=0.2625  U_t=0.4946  U_b=0.7703  AUC=0.9777  Top1=0.3202
  timing: data=8.7ms  fwd=150.9ms  bwd=109.3ms  total=269.6ms
[ 192000] loss=5.0661  ema_loss=5.1687  gap=0.0129  ema_gap=0.0217  mixup=70/200  3.2 sps  ETA 0.7h
              R²_rand=0.3295  R²_naive=0.2586  U_t=0.5037  U_b=0.6978  AUC=0.9783  Top1=0.3370
  timing: data=23.8ms  fwd=150.1ms  bwd=110.7ms  total=285.3ms
[ 192200] loss=5.1574  ema_loss=5.1743  gap=0.0768  ema_gap=0.0180  mixup=49/200  3.2 sps  ETA 0.7h
              R²_rand=0.3654  R²_naive=0.3002  U_t=0.4450  U_b=0.7676  AUC=0.9809  Top1=0.4019
  timing: data=11.5ms  fwd=147.3ms  bwd=111.7ms  total=271.2ms
[ 192400] loss=4.9847  ema_loss=5.1449  gap=0.0197  ema_gap=0.0184  mixup=65/200  3.2 sps  ETA 0.7h
              R²_rand=0.3329  R²_naive=0.2644  U_t=0.5076  U_b=0.7803  AUC=0.9745  Top1=0.3246
  timing: data=7.2ms  fwd=149.5ms  bwd=109.3ms  total=266.6ms
[ 192600] loss=5.1516  ema_loss=5.1536  gap=0.0175  ema_gap=0.0171  mixup=68/200  3.2 sps  ETA 0.6h
              R²_rand=0.3711  R²_naive=0.2594  U_t=0.4314  U_b=0.7803  AUC=0.9823  Top1=0.3726
  timing: data=134.6ms  fwd=149.2ms  bwd=110.1ms  total=394.6ms
[ 192800] loss=5.1680  ema_loss=5.1818  gap=0.0090  ema_gap=0.0183  mixup=61/200  3.2 sps  ETA 0.6h
              R²_rand=0.3509  R²_naive=0.2594  U_t=0.4472  U_b=0.7485  AUC=0.9830  Top1=0.3498
  timing: data=8.3ms  fwd=148.8ms  bwd=109.3ms  total=267.1ms
[ 193000] loss=4.9447  ema_loss=5.2093  gap=0.0071  ema_gap=0.0185  mixup=69/200  3.2 sps  ETA 0.6h
              R²_rand=0.3556  R²_naive=0.2644  U_t=0.4743  U_b=0.7768  AUC=0.9804  Top1=0.3221
  timing: data=7.7ms  fwd=153.7ms  bwd=110.4ms  total=272.6ms
[ 193200] loss=4.9967  ema_loss=5.1479  gap=0.0139  ema_gap=0.0214  mixup=58/200  3.2 sps  ETA 0.6h
              R²_rand=0.3524  R²_naive=0.2699  U_t=0.4686  U_b=0.7698  AUC=0.9824  Top1=0.3769
  timing: data=23.7ms  fwd=148.4ms  bwd=109.7ms  total=282.4ms
[ 193400] loss=4.9746  ema_loss=5.1072  gap=0.0310  ema_gap=0.0217  mixup=59/200  3.2 sps  ETA 0.6h
              R²_rand=0.3596  R²_naive=0.2715  U_t=0.4954  U_b=0.7884  AUC=0.9814  Top1=0.3739
  timing: data=11.4ms  fwd=148.2ms  bwd=108.8ms  total=269.1ms
[ 193600] loss=4.9798  ema_loss=5.1128  gap=0.0087  ema_gap=0.0205  mixup=62/200  3.2 sps  ETA 0.6h
              R²_rand=0.3547  R²_naive=0.2574  U_t=0.4515  U_b=0.7773  AUC=0.9828  Top1=0.3919
  timing: data=8.5ms  fwd=151.0ms  bwd=108.5ms  total=268.6ms
[ 193800] loss=5.2969  ema_loss=5.1455  gap=0.0080  ema_gap=0.0198  mixup=60/200  3.2 sps  ETA 0.5h
              R²_rand=0.3285  R²_naive=0.2655  U_t=0.4672  U_b=0.6504  AUC=0.9795  Top1=0.2896
  timing: data=22.7ms  fwd=150.6ms  bwd=111.8ms  total=285.8ms
[ 194000] loss=5.0672  ema_loss=5.1713  gap=0.0323  ema_gap=0.0204  mixup=69/200  3.2 sps  ETA 0.5h
              R²_rand=0.3370  R²_naive=0.2755  U_t=0.4752  U_b=0.7604  AUC=0.9788  Top1=0.3376
  timing: data=7.6ms  fwd=151.1ms  bwd=112.5ms  total=272.0ms
[ 194200] loss=5.0077  ema_loss=5.1960  gap=0.0140  ema_gap=0.0186  mixup=57/200  3.2 sps  ETA 0.5h
              R²_rand=0.3374  R²_naive=0.2643  U_t=0.4865  U_b=0.7589  AUC=0.9811  Top1=0.3216
  timing: data=7.7ms  fwd=151.0ms  bwd=109.7ms  total=269.1ms
[ 194400] loss=5.1870  ema_loss=5.2044  gap=-0.0023  ema_gap=0.0176  mixup=48/200  3.2 sps  ETA 0.5h
              R²_rand=0.2993  R²_naive=0.2418  U_t=0.4729  U_b=0.6860  AUC=0.9793  Top1=0.3308
  timing: data=30.8ms  fwd=150.2ms  bwd=111.9ms  total=293.5ms
[ 194600] loss=4.9435  ema_loss=5.1730  gap=0.0247  ema_gap=0.0179  mixup=58/200  3.2 sps  ETA 0.5h
              R²_rand=0.3335  R²_naive=0.2669  U_t=0.4922  U_b=0.7975  AUC=0.9834  Top1=0.4019
  timing: data=8.5ms  fwd=151.2ms  bwd=110.3ms  total=270.6ms
[ 194800] loss=5.0524  ema_loss=5.1119  gap=0.0226  ema_gap=0.0182  mixup=62/200  3.2 sps  ETA 0.4h
              R²_rand=0.3494  R²_naive=0.2767  U_t=0.4704  U_b=0.7345  AUC=0.9847  Top1=0.3902
  timing: data=8.5ms  fwd=151.3ms  bwd=109.4ms  total=269.8ms
[ 195000] loss=5.1428  ema_loss=5.0973  gap=0.0186  ema_gap=0.0211  mixup=62/200  3.2 sps  ETA 0.4h
              R²_rand=0.3405  R²_naive=0.2710  U_t=0.4794  U_b=0.7909  AUC=0.9843  Top1=0.3707
  timing: data=25.3ms  fwd=149.2ms  bwd=111.2ms  total=286.4ms
[ 195200] loss=4.9838  ema_loss=5.1703  gap=0.0068  ema_gap=0.0212  mixup=48/200  3.2 sps  ETA 0.4h
              R²_rand=0.3530  R²_naive=0.2626  U_t=0.4497  U_b=0.7770  AUC=0.9790  Top1=0.3612
  timing: data=7.3ms  fwd=152.1ms  bwd=109.2ms  total=269.2ms
[ 195400] loss=5.0966  ema_loss=5.1488  gap=0.0134  ema_gap=0.0221  mixup=64/200  3.2 sps  ETA 0.4h
              R²_rand=0.3278  R²_naive=0.2632  U_t=0.4708  U_b=0.7824  AUC=0.9827  Top1=0.3772
  timing: data=8.5ms  fwd=149.4ms  bwd=110.3ms  total=268.9ms
[ 195600] loss=5.8489  ema_loss=5.1496  gap=0.0051  ema_gap=0.0226  mixup=73/200  3.2 sps  ETA 0.4h
              R²_rand=0.3314  R²_naive=0.2264  U_t=0.4868  U_b=0.7874  AUC=0.9743  Top1=0.2730
  timing: data=32.2ms  fwd=148.7ms  bwd=111.8ms  total=293.5ms
[ 195800] loss=7.3347  ema_loss=5.2434  gap=0.0097  ema_gap=0.0188  mixup=63/200  3.2 sps  ETA 0.4h
              R²_rand=0.3604  R²_naive=0.2157  U_t=0.4283  U_b=0.5931  AUC=0.9721  Top1=0.2779
  timing: data=8.7ms  fwd=151.3ms  bwd=112.5ms  total=273.1ms
[ 196000] loss=5.2512  ema_loss=5.2412  gap=0.0156  ema_gap=0.0200  mixup=57/200  3.2 sps  ETA 0.3h
              R²_rand=0.3065  R²_naive=0.2566  U_t=0.5483  U_b=0.6504  AUC=0.9755  Top1=0.3009
  timing: data=8.4ms  fwd=149.1ms  bwd=110.2ms  total=268.4ms
[ 196200] loss=5.0301  ema_loss=5.1978  gap=0.0133  ema_gap=0.0207  mixup=65/200  3.2 sps  ETA 0.3h
              R²_rand=0.3192  R²_naive=0.2577  U_t=0.5213  U_b=0.7549  AUC=0.9780  Top1=0.3216
  timing: data=8.7ms  fwd=148.8ms  bwd=110.3ms  total=268.5ms
[ 196400] loss=5.3514  ema_loss=5.1698  gap=0.0337  ema_gap=0.0223  mixup=51/200  3.2 sps  ETA 0.3h
              R²_rand=0.3550  R²_naive=0.2796  U_t=0.4753  U_b=0.5947  AUC=0.9824  Top1=0.3645
  timing: data=24.7ms  fwd=149.4ms  bwd=111.3ms  total=286.1ms
[ 196600] loss=4.9170  ema_loss=5.1013  gap=0.0230  ema_gap=0.0209  mixup=64/200  3.2 sps  ETA 0.3h
              R²_rand=0.3451  R²_naive=0.2697  U_t=0.5023  U_b=0.7933  AUC=0.9787  Top1=0.3677
  timing: data=8.5ms  fwd=150.4ms  bwd=111.2ms  total=270.7ms
[ 196800] loss=4.9330  ema_loss=5.2090  gap=0.0406  ema_gap=0.0212  mixup=60/200  3.2 sps  ETA 0.3h
              R²_rand=0.3550  R²_naive=0.2845  U_t=0.4760  U_b=0.7785  AUC=0.9842  Top1=0.4182
  timing: data=8.5ms  fwd=149.7ms  bwd=110.2ms  total=269.1ms
[ 197000] loss=5.1847  ema_loss=5.1672  gap=0.0217  ema_gap=0.0234  mixup=68/200  3.2 sps  ETA 0.3h
              R²_rand=0.3407  R²_naive=0.2643  U_t=0.4926  U_b=0.6767  AUC=0.9809  Top1=0.3710
  timing: data=23.1ms  fwd=150.4ms  bwd=113.6ms  total=287.8ms
[ 197200] loss=4.9783  ema_loss=5.1639  gap=0.0100  ema_gap=0.0250  mixup=73/200  3.2 sps  ETA 0.2h
              R²_rand=0.3451  R²_naive=0.2596  U_t=0.5038  U_b=0.7716  AUC=0.9807  Top1=0.3351
  timing: data=8.5ms  fwd=152.0ms  bwd=111.2ms  total=272.3ms
[ 197400] loss=5.0686  ema_loss=5.1475  gap=0.0345  ema_gap=0.0245  mixup=65/200  3.2 sps  ETA 0.2h
              R²_rand=0.3510  R²_naive=0.2644  U_t=0.4697  U_b=0.7772  AUC=0.9821  Top1=0.4054
  timing: data=7.4ms  fwd=150.6ms  bwd=109.7ms  total=268.2ms
[ 197600] loss=5.3832  ema_loss=5.0875  gap=0.0438  ema_gap=0.0262  mixup=60/200  3.2 sps  ETA 0.2h
              R²_rand=0.3600  R²_naive=0.2716  U_t=0.4475  U_b=0.7854  AUC=0.9779  Top1=0.3810
  timing: data=23.3ms  fwd=150.5ms  bwd=110.2ms  total=284.7ms
[ 197800] loss=4.9306  ema_loss=5.1475  gap=0.0132  ema_gap=0.0241  mixup=49/200  3.2 sps  ETA 0.2h
              R²_rand=0.3576  R²_naive=0.2740  U_t=0.4648  U_b=0.7804  AUC=0.9846  Top1=0.3862
  timing: data=9.5ms  fwd=149.0ms  bwd=111.5ms  total=270.7ms
[ 198000] loss=5.0366  ema_loss=5.1020  gap=0.0187  ema_gap=0.0268  mixup=51/200  3.2 sps  ETA 0.2h
              R²_rand=0.3574  R²_naive=0.2596  U_t=0.4474  U_b=0.7905  AUC=0.9798  Top1=0.3593
  timing: data=8.5ms  fwd=151.3ms  bwd=110.5ms  total=271.0ms
[ 198200] loss=5.3954  ema_loss=5.0694  gap=0.0346  ema_gap=0.0266  mixup=62/200  3.2 sps  ETA 0.2h
              R²_rand=0.3324  R²_naive=0.2828  U_t=0.5013  U_b=0.5744  AUC=0.9808  Top1=0.3758
  timing: data=25.7ms  fwd=149.1ms  bwd=112.0ms  total=287.5ms
  -> Saved /home/jupyter/wt-cf-390-train/experiments/2026-08-01_lalign_teacher/runs/bb_small_arm6_v2_ncpc_lalign_lrepmoco_enc3l3_b64_200k_sigreg_ema_qk_aon_cpc_tau090_alignteacher_r3_best_loss.pth
[ 198400] loss=5.0563  ema_loss=5.0910  gap=0.0120  ema_gap=0.0256  mixup=66/200  3.2 sps  ETA 0.1h
              R²_rand=0.3347  R²_naive=0.2610  U_t=0.4307  U_b=0.7761  AUC=0.9811  Top1=0.3053
  timing: data=8.7ms  fwd=149.6ms  bwd=109.7ms  total=268.7ms
[ 198600] loss=4.8915  ema_loss=5.1009  gap=0.0634  ema_gap=0.0275  mixup=60/200  3.2 sps  ETA 0.1h
              R²_rand=0.3600  R²_naive=0.2953  U_t=0.4686  U_b=0.7892  AUC=0.9857  Top1=0.4521
  timing: data=7.5ms  fwd=151.2ms  bwd=112.2ms  total=271.6ms
[ 198800] loss=4.9017  ema_loss=5.0530  gap=0.0193  ema_gap=0.0276  mixup=49/200  3.2 sps  ETA 0.1h
              R²_rand=0.3536  R²_naive=0.2815  U_t=0.4518  U_b=0.7879  AUC=0.9860  Top1=0.3840
  timing: data=23.3ms  fwd=150.8ms  bwd=112.1ms  total=286.9ms
  -> Saved /home/jupyter/wt-cf-390-train/experiments/2026-08-01_lalign_teacher/runs/bb_small_arm6_v2_ncpc_lalign_lrepmoco_enc3l3_b64_200k_sigreg_ema_qk_aon_cpc_tau090_alignteacher_r3_best_loss.pth
[ 199000] loss=5.5989  ema_loss=5.2810  gap=0.0129  ema_gap=0.0240  mixup=57/200  3.2 sps  ETA 0.1h
              R²_rand=0.3170  R²_naive=0.2369  U_t=0.4320  U_b=0.6952  AUC=0.9770  Top1=0.3042
  timing: data=8.4ms  fwd=151.2ms  bwd=110.5ms  total=270.8ms
[ 199200] loss=5.1227  ema_loss=5.2148  gap=0.0311  ema_gap=0.0221  mixup=73/200  3.2 sps  ETA 0.1h
              R²_rand=0.3499  R²_naive=0.2737  U_t=0.4798  U_b=0.7582  AUC=0.9799  Top1=0.3788
  timing: data=7.6ms  fwd=151.5ms  bwd=109.8ms  total=269.6ms
[ 199400] loss=5.1228  ema_loss=5.1160  gap=0.0181  ema_gap=0.0252  mixup=72/200  3.2 sps  ETA 0.1h
              R²_rand=0.3519  R²_naive=0.2709  U_t=0.4950  U_b=0.6905  AUC=0.9839  Top1=0.3425
  timing: data=13.8ms  fwd=147.3ms  bwd=107.7ms  total=269.5ms
[ 199600] loss=5.0730  ema_loss=5.1278  gap=0.0378  ema_gap=0.0250  mixup=61/200  3.2 sps  ETA 0.0h
              R²_rand=0.3513  R²_naive=0.2784  U_t=0.4598  U_b=0.7910  AUC=0.9809  Top1=0.3254
  timing: data=20.1ms  fwd=151.8ms  bwd=110.9ms  total=283.5ms
[ 199800] loss=5.0125  ema_loss=5.1353  gap=0.0320  ema_gap=0.0260  mixup=43/200  3.2 sps  ETA 0.0h
              R²_rand=0.3418  R²_naive=0.2805  U_t=0.4607  U_b=0.7446  AUC=0.9855  Top1=0.4041
  timing: data=7.7ms  fwd=154.3ms  bwd=110.5ms  total=273.2ms
[ 200000] loss=5.3711  ema_loss=5.1068  gap=0.0196  ema_gap=0.0284  mixup=66/200  3.2 sps  ETA 0.0h
              R²_rand=0.3666  R²_naive=0.2583  U_t=0.4484  U_b=0.6575  AUC=0.9815  Top1=0.3609
  timing: data=7.5ms  fwd=151.1ms  bwd=109.7ms  total=268.9ms
  -> Saved /home/jupyter/wt-cf-390-train/experiments/2026-08-01_lalign_teacher/runs/bb_small_arm6_v2_ncpc_lalign_lrepmoco_enc3l3_b64_200k_sigreg_ema_qk_aon_cpc_tau090_alignteacher_r3_200k.pth
  -> Saved /home/jupyter/wt-cf-390-train/experiments/2026-08-01_lalign_teacher/runs/bb_small_arm6_v2_ncpc_lalign_lrepmoco_enc3l3_b64_200k_sigreg_ema_qk_aon_cpc_tau090_alignteacher_r3_final.pth

Done in 8.6h. Best gap=0.3347 at step 2200, Best loss=5.0530 at step 198800
