Device: cuda | Params: 720,668
Training for 40000 steps, bs=64, lr=0.001, T=4096, C=1, mix_ratio=0.0078125, freq_emb_dim=3, seasonality_emb_dim=3, mixup_p=0.3, rev_norm_kind=ewma(span=128), patch_stats=none, encoder_type=gru
Checkpoints: /home/jupyter/wt-cf-390-train/experiments/2026-08-01_lalign_teacher/runs/bb_small_arm5_combab_lalign_lrep_enc3l3_b64_200k_sigreg_ema_qk_aon_cpc_tau090_alignteacher_*.pth
Loss CSV: /home/jupyter/wt-cf-390-train/experiments/2026-08-01_lalign_teacher/runs/bb_small_arm5_combab_lalign_lrep_enc3l3_b64_200k_sigreg_ema_qk_aon_cpc_tau090_alignteacher_losses.csv
Latent-drift CSV: /home/jupyter/wt-cf-390-train/experiments/2026-08-01_lalign_teacher/runs/bb_small_arm5_combab_lalign_lrep_enc3l3_b64_200k_sigreg_ema_qk_aon_cpc_tau090_alignteacher_latent_drift.csv (every 10000 steps, probe_bs=64, probe_seed=20260722)
Attn-amplitude CSV: /home/jupyter/wt-cf-390-train/experiments/2026-08-01_lalign_teacher/runs/bb_small_arm5_combab_lalign_lrep_enc3l3_b64_200k_sigreg_ema_qk_aon_cpc_tau090_alignteacher_attn_amplitude.csv (every 200 steps)
Data: MIX 99% HF + 1% synth (forked-arma) + 0% crossfade + 1 triplet(s)=3 rows, hf_bs=64, synth_bs=0, cross_bs=0, total_bs=67
[    200] loss=13.3201  ema_loss=13.4450  gap=-0.1851  ema_gap=-0.2207  mixup=61/200  3.5 sps  ETA 3.2h
              R²_rand=0.4539  R²_naive=0.1706  U_t=0.2139  U_b=0.4873  AUC=0.9598  Top1=0.2931
  timing: data=41.7ms  fwd=137.8ms  bwd=81.0ms  total=261.4ms
  -> Saved /home/jupyter/wt-cf-390-train/experiments/2026-08-01_lalign_teacher/runs/bb_small_arm5_combab_lalign_lrep_enc3l3_b64_200k_sigreg_ema_qk_aon_cpc_tau090_alignteacher_best_gap.pth
  -> Saved /home/jupyter/wt-cf-390-train/experiments/2026-08-01_lalign_teacher/runs/bb_small_arm5_combab_lalign_lrep_enc3l3_b64_200k_sigreg_ema_qk_aon_cpc_tau090_alignteacher_best_loss.pth
[    400] loss=13.3369  ema_loss=13.3276  gap=-0.1783  ema_gap=-0.1808  mixup=58/200  3.7 sps  ETA 3.0h
              R²_rand=0.4266  R²_naive=0.1507  U_t=0.2357  U_b=0.4846  AUC=0.9517  Top1=0.2882
  timing: data=7.3ms  fwd=138.5ms  bwd=77.0ms  total=223.5ms
  -> Saved /home/jupyter/wt-cf-390-train/experiments/2026-08-01_lalign_teacher/runs/bb_small_arm5_combab_lalign_lrep_enc3l3_b64_200k_sigreg_ema_qk_aon_cpc_tau090_alignteacher_best_gap.pth
  -> Saved /home/jupyter/wt-cf-390-train/experiments/2026-08-01_lalign_teacher/runs/bb_small_arm5_combab_lalign_lrep_enc3l3_b64_200k_sigreg_ema_qk_aon_cpc_tau090_alignteacher_best_loss.pth
[    600] loss=13.3200  ema_loss=13.2920  gap=-0.1484  ema_gap=-0.1602  mixup=65/200  3.8 sps  ETA 2.9h
              R²_rand=0.3994  R²_naive=0.1919  U_t=0.2843  U_b=0.4887  AUC=0.9380  Top1=0.3039
  timing: data=7.2ms  fwd=140.4ms  bwd=80.3ms  total=228.6ms
  -> Saved /home/jupyter/wt-cf-390-train/experiments/2026-08-01_lalign_teacher/runs/bb_small_arm5_combab_lalign_lrep_enc3l3_b64_200k_sigreg_ema_qk_aon_cpc_tau090_alignteacher_best_gap.pth
  -> Saved /home/jupyter/wt-cf-390-train/experiments/2026-08-01_lalign_teacher/runs/bb_small_arm5_combab_lalign_lrep_enc3l3_b64_200k_sigreg_ema_qk_aon_cpc_tau090_alignteacher_best_loss.pth
[    800] loss=13.2631  ema_loss=13.2879  gap=-0.1520  ema_gap=-0.1498  mixup=65/200  3.8 sps  ETA 2.9h
              R²_rand=0.4452  R²_naive=0.1905  U_t=0.2262  U_b=0.5652  AUC=0.9663  Top1=0.3476
  timing: data=21.9ms  fwd=135.8ms  bwd=79.1ms  total=237.6ms
  -> Saved /home/jupyter/wt-cf-390-train/experiments/2026-08-01_lalign_teacher/runs/bb_small_arm5_combab_lalign_lrep_enc3l3_b64_200k_sigreg_ema_qk_aon_cpc_tau090_alignteacher_best_gap.pth
  -> Saved /home/jupyter/wt-cf-390-train/experiments/2026-08-01_lalign_teacher/runs/bb_small_arm5_combab_lalign_lrep_enc3l3_b64_200k_sigreg_ema_qk_aon_cpc_tau090_alignteacher_best_loss.pth
[   1000] loss=13.1607  ema_loss=13.2354  gap=-0.1287  ema_gap=-0.1394  mixup=61/200  3.8 sps  ETA 2.8h
              R²_rand=0.4713  R²_naive=0.1957  U_t=0.2045  U_b=0.5540  AUC=0.9700  Top1=0.3805
  timing: data=7.1ms  fwd=138.0ms  bwd=78.2ms  total=224.0ms
  -> Saved /home/jupyter/wt-cf-390-train/experiments/2026-08-01_lalign_teacher/runs/bb_small_arm5_combab_lalign_lrep_enc3l3_b64_200k_sigreg_ema_qk_aon_cpc_tau090_alignteacher_best_gap.pth
  -> Saved /home/jupyter/wt-cf-390-train/experiments/2026-08-01_lalign_teacher/runs/bb_small_arm5_combab_lalign_lrep_enc3l3_b64_200k_sigreg_ema_qk_aon_cpc_tau090_alignteacher_best_loss.pth
[   1200] loss=13.2293  ema_loss=13.1876  gap=-0.1454  ema_gap=-0.1291  mixup=59/200  3.8 sps  ETA 2.8h
              R²_rand=0.4239  R²_naive=0.1880  U_t=0.2324  U_b=0.5677  AUC=0.9547  Top1=0.3796
  timing: data=7.1ms  fwd=139.5ms  bwd=79.6ms  total=227.0ms
  -> Saved /home/jupyter/wt-cf-390-train/experiments/2026-08-01_lalign_teacher/runs/bb_small_arm5_combab_lalign_lrep_enc3l3_b64_200k_sigreg_ema_qk_aon_cpc_tau090_alignteacher_best_gap.pth
  -> Saved /home/jupyter/wt-cf-390-train/experiments/2026-08-01_lalign_teacher/runs/bb_small_arm5_combab_lalign_lrep_enc3l3_b64_200k_sigreg_ema_qk_aon_cpc_tau090_alignteacher_best_loss.pth
[   1400] loss=13.1298  ema_loss=13.1582  gap=-0.1261  ema_gap=-0.1222  mixup=77/200  3.8 sps  ETA 2.8h
              R²_rand=0.4715  R²_naive=0.1921  U_t=0.2022  U_b=0.5710  AUC=0.9556  Top1=0.3897
  timing: data=22.2ms  fwd=136.6ms  bwd=79.1ms  total=238.6ms
  -> Saved /home/jupyter/wt-cf-390-train/experiments/2026-08-01_lalign_teacher/runs/bb_small_arm5_combab_lalign_lrep_enc3l3_b64_200k_sigreg_ema_qk_aon_cpc_tau090_alignteacher_best_gap.pth
  -> Saved /home/jupyter/wt-cf-390-train/experiments/2026-08-01_lalign_teacher/runs/bb_small_arm5_combab_lalign_lrep_enc3l3_b64_200k_sigreg_ema_qk_aon_cpc_tau090_alignteacher_best_loss.pth
[   1600] loss=13.1237  ema_loss=13.1311  gap=-0.1190  ema_gap=-0.1157  mixup=65/200  3.8 sps  ETA 2.8h
              R²_rand=0.4480  R²_naive=0.1776  U_t=0.2007  U_b=0.5727  AUC=0.9433  Top1=0.3688
  timing: data=7.4ms  fwd=141.0ms  bwd=79.8ms  total=229.0ms
  -> Saved /home/jupyter/wt-cf-390-train/experiments/2026-08-01_lalign_teacher/runs/bb_small_arm5_combab_lalign_lrep_enc3l3_b64_200k_sigreg_ema_qk_aon_cpc_tau090_alignteacher_best_gap.pth
  -> Saved /home/jupyter/wt-cf-390-train/experiments/2026-08-01_lalign_teacher/runs/bb_small_arm5_combab_lalign_lrep_enc3l3_b64_200k_sigreg_ema_qk_aon_cpc_tau090_alignteacher_best_loss.pth
[   1800] loss=13.1419  ema_loss=13.1413  gap=-0.1020  ema_gap=-0.1152  mixup=64/200  3.8 sps  ETA 2.8h
              R²_rand=0.4913  R²_naive=0.2123  U_t=0.1863  U_b=0.5609  AUC=0.9628  Top1=0.3848
  timing: data=7.4ms  fwd=137.6ms  bwd=80.4ms  total=226.2ms
  -> Saved /home/jupyter/wt-cf-390-train/experiments/2026-08-01_lalign_teacher/runs/bb_small_arm5_combab_lalign_lrep_enc3l3_b64_200k_sigreg_ema_qk_aon_cpc_tau090_alignteacher_best_gap.pth
[   2000] loss=13.1201  ema_loss=13.1342  gap=-0.1199  ema_gap=-0.1095  mixup=66/200  3.8 sps  ETA 2.8h
              R²_rand=0.4532  R²_naive=0.1882  U_t=0.1947  U_b=0.5149  AUC=0.9448  Top1=0.3104
  timing: data=24.0ms  fwd=139.2ms  bwd=79.9ms  total=243.8ms
  -> Saved /home/jupyter/wt-cf-390-train/experiments/2026-08-01_lalign_teacher/runs/bb_small_arm5_combab_lalign_lrep_enc3l3_b64_200k_sigreg_ema_qk_aon_cpc_tau090_alignteacher_best_gap.pth
[   2200] loss=13.1513  ema_loss=13.1453  gap=-0.1051  ema_gap=-0.1060  mixup=67/200  3.8 sps  ETA 2.7h
              R²_rand=0.4245  R²_naive=0.2091  U_t=0.2183  U_b=0.4848  AUC=0.9317  Top1=0.2415
  timing: data=7.0ms  fwd=140.4ms  bwd=81.0ms  total=229.2ms
  -> Saved /home/jupyter/wt-cf-390-train/experiments/2026-08-01_lalign_teacher/runs/bb_small_arm5_combab_lalign_lrep_enc3l3_b64_200k_sigreg_ema_qk_aon_cpc_tau090_alignteacher_best_gap.pth
[   2400] loss=13.1882  ema_loss=13.1624  gap=-0.0640  ema_gap=-0.0937  mixup=53/200  3.8 sps  ETA 2.7h
              R²_rand=0.4673  R²_naive=0.2509  U_t=0.2021  U_b=0.5213  AUC=0.9651  Top1=0.3753
  timing: data=7.0ms  fwd=140.4ms  bwd=78.8ms  total=227.0ms
  -> Saved /home/jupyter/wt-cf-390-train/experiments/2026-08-01_lalign_teacher/runs/bb_small_arm5_combab_lalign_lrep_enc3l3_b64_200k_sigreg_ema_qk_aon_cpc_tau090_alignteacher_best_gap.pth
  -> Saved /home/jupyter/wt-cf-390-train/experiments/2026-08-01_lalign_teacher/runs/bb_small_arm5_combab_lalign_lrep_enc3l3_b64_200k_sigreg_ema_qk_aon_cpc_tau090_alignteacher_2k.pth
[   2600] loss=13.1571  ema_loss=13.1652  gap=-0.0978  ema_gap=-0.0931  mixup=55/200  3.8 sps  ETA 2.7h
              R²_rand=0.4387  R²_naive=0.2126  U_t=0.2024  U_b=0.5578  AUC=0.9615  Top1=0.3463
  timing: data=27.4ms  fwd=136.3ms  bwd=78.1ms  total=242.6ms
  -> Saved /home/jupyter/wt-cf-390-train/experiments/2026-08-01_lalign_teacher/runs/bb_small_arm5_combab_lalign_lrep_enc3l3_b64_200k_sigreg_ema_qk_aon_cpc_tau090_alignteacher_best_gap.pth
[   2800] loss=13.1597  ema_loss=13.1390  gap=-0.1163  ema_gap=-0.1000  mixup=55/200  3.8 sps  ETA 2.7h
              R²_rand=0.4595  R²_naive=0.2099  U_t=0.2025  U_b=0.5140  AUC=0.9534  Top1=0.3218
  timing: data=7.1ms  fwd=139.8ms  bwd=79.4ms  total=227.0ms
[   3000] loss=13.1441  ema_loss=13.1146  gap=-0.0982  ema_gap=-0.1035  mixup=52/200  3.8 sps  ETA 2.7h
              R²_rand=0.4693  R²_naive=0.2166  U_t=0.1863  U_b=0.5582  AUC=0.9661  Top1=0.3805
  timing: data=6.9ms  fwd=138.1ms  bwd=79.4ms  total=225.2ms
  -> Saved /home/jupyter/wt-cf-390-train/experiments/2026-08-01_lalign_teacher/runs/bb_small_arm5_combab_lalign_lrep_enc3l3_b64_200k_sigreg_ema_qk_aon_cpc_tau090_alignteacher_best_loss.pth
[   3200] loss=13.1478  ema_loss=13.1341  gap=-0.0989  ema_gap=-0.1033  mixup=68/200  3.8 sps  ETA 2.7h
              R²_rand=0.4816  R²_naive=0.2254  U_t=0.1984  U_b=0.5810  AUC=0.9686  Top1=0.3579
  timing: data=22.9ms  fwd=137.6ms  bwd=79.1ms  total=240.4ms
[   3400] loss=13.1405  ema_loss=13.1327  gap=-0.0806  ema_gap=-0.0975  mixup=53/200  3.8 sps  ETA 2.7h
              R²_rand=0.4791  R²_naive=0.2400  U_t=0.1946  U_b=0.5885  AUC=0.9652  Top1=0.4801
  timing: data=7.3ms  fwd=138.7ms  bwd=80.9ms  total=227.7ms
[   3600] loss=13.1817  ema_loss=13.1326  gap=-0.1222  ema_gap=-0.0949  mixup=44/200  3.8 sps  ETA 2.6h
              R²_rand=0.4483  R²_naive=0.1945  U_t=0.2157  U_b=0.5510  AUC=0.9478  Top1=0.3132
  timing: data=7.2ms  fwd=139.1ms  bwd=79.8ms  total=226.8ms
[   3800] loss=13.0948  ema_loss=13.1033  gap=-0.0942  ema_gap=-0.0949  mixup=55/200  3.8 sps  ETA 2.6h
              R²_rand=0.4959  R²_naive=0.2321  U_t=0.1753  U_b=0.6390  AUC=0.9660  Top1=0.4651
  timing: data=36.8ms  fwd=136.7ms  bwd=79.2ms  total=253.5ms
  -> Saved /home/jupyter/wt-cf-390-train/experiments/2026-08-01_lalign_teacher/runs/bb_small_arm5_combab_lalign_lrep_enc3l3_b64_200k_sigreg_ema_qk_aon_cpc_tau090_alignteacher_best_loss.pth
[   4000] loss=13.1255  ema_loss=13.1099  gap=-0.1066  ema_gap=-0.0904  mixup=65/200  3.8 sps  ETA 2.6h
              R²_rand=0.4663  R²_naive=0.2207  U_t=0.2010  U_b=0.5939  AUC=0.9533  Top1=0.4092
  timing: data=7.1ms  fwd=138.0ms  bwd=80.8ms  total=226.7ms
  -> Saved /home/jupyter/wt-cf-390-train/experiments/2026-08-01_lalign_teacher/runs/bb_small_arm5_combab_lalign_lrep_enc3l3_b64_200k_sigreg_ema_qk_aon_cpc_tau090_alignteacher_best_gap.pth
[   4200] loss=13.1843  ema_loss=13.1260  gap=-0.0851  ema_gap=-0.0910  mixup=57/200  3.8 sps  ETA 2.6h
              R²_rand=0.4818  R²_naive=0.2401  U_t=0.1999  U_b=0.5732  AUC=0.9586  Top1=0.3748
  timing: data=7.0ms  fwd=136.6ms  bwd=77.5ms  total=221.9ms
[   4400] loss=13.1204  ema_loss=13.1452  gap=-0.1228  ema_gap=-0.1035  mixup=62/200  3.8 sps  ETA 2.6h
              R²_rand=0.4822  R²_naive=0.1873  U_t=0.1903  U_b=0.5639  AUC=0.9491  Top1=0.3072
  timing: data=20.7ms  fwd=136.0ms  bwd=75.8ms  total=233.4ms
[   4600] loss=13.0710  ema_loss=13.1214  gap=-0.1126  ema_gap=-0.1059  mixup=66/200  3.8 sps  ETA 2.6h
              R²_rand=0.5240  R²_naive=0.2185  U_t=0.1645  U_b=0.5588  AUC=0.9699  Top1=0.3859
  timing: data=7.3ms  fwd=138.1ms  bwd=76.0ms  total=222.2ms
[   4800] loss=13.1352  ema_loss=13.1134  gap=-0.1154  ema_gap=-0.1087  mixup=63/200  3.8 sps  ETA 2.5h
              R²_rand=0.5166  R²_naive=0.2065  U_t=0.1730  U_b=0.6093  AUC=0.9750  Top1=0.4114
  timing: data=7.2ms  fwd=138.0ms  bwd=78.9ms  total=224.9ms
[   5000] loss=13.1292  ema_loss=13.1210  gap=-0.0898  ema_gap=-0.1021  mixup=60/200  3.8 sps  ETA 2.5h
              R²_rand=0.5415  R²_naive=0.2420  U_t=0.1514  U_b=0.5767  AUC=0.9743  Top1=0.3935
  timing: data=21.2ms  fwd=135.7ms  bwd=79.1ms  total=236.7ms
[   5200] loss=13.1559  ema_loss=13.1219  gap=-0.1193  ema_gap=-0.0997  mixup=69/200  3.8 sps  ETA 2.5h
              R²_rand=0.5220  R²_naive=0.2190  U_t=0.1711  U_b=0.6109  AUC=0.9772  Top1=0.5007
  timing: data=7.3ms  fwd=138.6ms  bwd=78.8ms  total=225.5ms
[   5400] loss=13.1003  ema_loss=13.1079  gap=-0.1232  ema_gap=-0.1032  mixup=55/200  3.8 sps  ETA 2.5h
              R²_rand=0.4790  R²_naive=0.2259  U_t=0.1761  U_b=0.5441  AUC=0.9365  Top1=0.3704
  timing: data=7.2ms  fwd=137.1ms  bwd=78.2ms  total=223.2ms
[   5600] loss=13.0822  ema_loss=13.1012  gap=-0.0668  ema_gap=-0.1087  mixup=50/200  3.8 sps  ETA 2.5h
              R²_rand=0.5064  R²_naive=0.2453  U_t=0.1844  U_b=0.5994  AUC=0.9656  Top1=0.4336
  timing: data=7.4ms  fwd=137.0ms  bwd=78.8ms  total=224.0ms
  -> Saved /home/jupyter/wt-cf-390-train/experiments/2026-08-01_lalign_teacher/runs/bb_small_arm5_combab_lalign_lrep_enc3l3_b64_200k_sigreg_ema_qk_aon_cpc_tau090_alignteacher_best_loss.pth
[   5800] loss=13.0964  ema_loss=13.0991  gap=-0.1298  ema_gap=-0.1056  mixup=64/200  3.8 sps  ETA 2.5h
              R²_rand=0.4817  R²_naive=0.2111  U_t=0.1803  U_b=0.6240  AUC=0.9651  Top1=0.3672
  timing: data=21.3ms  fwd=137.4ms  bwd=79.4ms  total=239.0ms
  -> Saved /home/jupyter/wt-cf-390-train/experiments/2026-08-01_lalign_teacher/runs/bb_small_arm5_combab_lalign_lrep_enc3l3_b64_200k_sigreg_ema_qk_aon_cpc_tau090_alignteacher_best_loss.pth
[   6000] loss=13.0910  ema_loss=13.1141  gap=-0.1136  ema_gap=-0.1077  mixup=64/200  3.8 sps  ETA 2.5h
              R²_rand=0.5303  R²_naive=0.2355  U_t=0.1534  U_b=0.5622  AUC=0.9604  Top1=0.4144
  timing: data=7.2ms  fwd=138.7ms  bwd=78.9ms  total=225.5ms
[   6200] loss=13.0848  ema_loss=13.1176  gap=-0.1103  ema_gap=-0.1021  mixup=51/200  3.9 sps  ETA 2.4h
              R²_rand=0.5432  R²_naive=0.2281  U_t=0.1543  U_b=0.6013  AUC=0.9743  Top1=0.4250
  timing: data=6.9ms  fwd=139.6ms  bwd=78.4ms  total=225.8ms
[   6400] loss=13.0215  ema_loss=13.1031  gap=-0.0661  ema_gap=-0.0939  mixup=58/200  3.8 sps  ETA 2.4h
              R²_rand=0.5666  R²_naive=0.2917  U_t=0.1282  U_b=0.4115  AUC=0.9575  Top1=0.4204
  timing: data=21.1ms  fwd=136.8ms  bwd=79.2ms  total=237.9ms
[   6600] loss=13.0911  ema_loss=13.0728  gap=-0.0802  ema_gap=-0.1013  mixup=57/200  3.8 sps  ETA 2.4h
              R²_rand=0.5074  R²_naive=0.2488  U_t=0.1725  U_b=0.5470  AUC=0.9630  Top1=0.4461
  timing: data=7.2ms  fwd=139.3ms  bwd=79.0ms  total=226.3ms
  -> Saved /home/jupyter/wt-cf-390-train/experiments/2026-08-01_lalign_teacher/runs/bb_small_arm5_combab_lalign_lrep_enc3l3_b64_200k_sigreg_ema_qk_aon_cpc_tau090_alignteacher_best_loss.pth
[   6800] loss=13.0484  ema_loss=13.0778  gap=-0.1201  ema_gap=-0.0991  mixup=61/200  3.9 sps  ETA 2.4h
              R²_rand=0.5124  R²_naive=0.2033  U_t=0.1611  U_b=0.4900  AUC=0.9495  Top1=0.3338
  timing: data=7.3ms  fwd=138.6ms  bwd=80.3ms  total=227.0ms
[   7000] loss=13.1867  ema_loss=13.1172  gap=-0.0650  ema_gap=-0.0980  mixup=41/200  3.8 sps  ETA 2.4h
              R²_rand=0.5058  R²_naive=0.2615  U_t=0.1885  U_b=0.5719  AUC=0.9746  Top1=0.4540
  timing: data=20.0ms  fwd=137.9ms  bwd=80.4ms  total=239.0ms
[   7200] loss=13.1011  ema_loss=13.1134  gap=-0.1196  ema_gap=-0.1003  mixup=66/200  3.9 sps  ETA 2.4h
              R²_rand=0.5208  R²_naive=0.2305  U_t=0.1597  U_b=0.6213  AUC=0.9775  Top1=0.5045
  timing: data=7.6ms  fwd=137.9ms  bwd=80.0ms  total=226.3ms
[   7400] loss=13.1065  ema_loss=13.0879  gap=-0.1236  ema_gap=-0.1066  mixup=65/200  3.9 sps  ETA 2.4h
              R²_rand=0.5216  R²_naive=0.2309  U_t=0.1521  U_b=0.5870  AUC=0.9745  Top1=0.4654
  timing: data=7.4ms  fwd=140.0ms  bwd=79.6ms  total=227.9ms
[   7600] loss=13.0984  ema_loss=13.0853  gap=-0.1051  ema_gap=-0.1091  mixup=63/200  3.9 sps  ETA 2.3h
              R²_rand=0.5203  R²_naive=0.2523  U_t=0.1585  U_b=0.6020  AUC=0.9648  Top1=0.4423
  timing: data=20.8ms  fwd=136.3ms  bwd=80.7ms  total=238.7ms
[   7800] loss=13.0281  ema_loss=13.0778  gap=-0.1173  ema_gap=-0.1078  mixup=78/200  3.9 sps  ETA 2.3h
              R²_rand=0.5403  R²_naive=0.2242  U_t=0.1548  U_b=0.5173  AUC=0.9597  Top1=0.3815
  timing: data=7.1ms  fwd=139.2ms  bwd=79.6ms  total=226.7ms
[   8000] loss=13.0529  ema_loss=13.0689  gap=-0.1115  ema_gap=-0.1142  mixup=74/200  3.9 sps  ETA 2.3h
              R²_rand=0.5386  R²_naive=0.2488  U_t=0.1468  U_b=0.6227  AUC=0.9724  Top1=0.5208
  timing: data=7.0ms  fwd=137.6ms  bwd=78.6ms  total=224.1ms
  -> Saved /home/jupyter/wt-cf-390-train/experiments/2026-08-01_lalign_teacher/runs/bb_small_arm5_combab_lalign_lrep_enc3l3_b64_200k_sigreg_ema_qk_aon_cpc_tau090_alignteacher_best_loss.pth
[   8200] loss=13.0768  ema_loss=13.0738  gap=-0.1260  ema_gap=-0.1147  mixup=55/200  3.9 sps  ETA 2.3h
              R²_rand=0.5037  R²_naive=0.2234  U_t=0.1683  U_b=0.6167  AUC=0.9611  Top1=0.4925
  timing: data=28.1ms  fwd=137.4ms  bwd=77.9ms  total=244.2ms
[   8400] loss=13.0379  ema_loss=13.0919  gap=-0.0936  ema_gap=-0.1153  mixup=62/200  3.9 sps  ETA 2.3h
              R²_rand=0.5506  R²_naive=0.2562  U_t=0.1417  U_b=0.6296  AUC=0.9754  Top1=0.5053
  timing: data=7.2ms  fwd=136.9ms  bwd=77.8ms  total=222.6ms
[   8600] loss=13.1444  ema_loss=13.0893  gap=-0.1115  ema_gap=-0.1120  mixup=55/200  3.9 sps  ETA 2.3h
              R²_rand=0.4764  R²_naive=0.2209  U_t=0.1904  U_b=0.5572  AUC=0.9618  Top1=0.3943
  timing: data=7.4ms  fwd=139.5ms  bwd=78.8ms  total=226.5ms
[   8800] loss=13.1448  ema_loss=13.1019  gap=-0.1231  ema_gap=-0.1099  mixup=65/200  3.9 sps  ETA 2.2h
              R²_rand=0.4821  R²_naive=0.2099  U_t=0.1887  U_b=0.6282  AUC=0.9653  Top1=0.4934
  timing: data=21.3ms  fwd=135.2ms  bwd=77.5ms  total=234.8ms
[   9000] loss=13.1027  ema_loss=13.0930  gap=-0.1104  ema_gap=-0.1078  mixup=57/200  3.9 sps  ETA 2.2h
              R²_rand=0.5433  R²_naive=0.2437  U_t=0.1460  U_b=0.6077  AUC=0.9764  Top1=0.4936
  timing: data=7.2ms  fwd=137.8ms  bwd=78.9ms  total=224.7ms
[   9200] loss=13.0500  ema_loss=13.0913  gap=-0.1018  ema_gap=-0.1091  mixup=68/200  3.9 sps  ETA 2.2h
              R²_rand=0.5310  R²_naive=0.2493  U_t=0.1497  U_b=0.5596  AUC=0.9660  Top1=0.4730
  timing: data=7.0ms  fwd=137.7ms  bwd=78.8ms  total=224.3ms
[   9400] loss=13.0727  ema_loss=13.0901  gap=-0.1018  ema_gap=-0.1097  mixup=51/200  3.9 sps  ETA 2.2h
              R²_rand=0.5310  R²_naive=0.2360  U_t=0.1610  U_b=0.6198  AUC=0.9711  Top1=0.4662
  timing: data=22.1ms  fwd=138.2ms  bwd=79.9ms  total=241.1ms
[   9600] loss=13.0608  ema_loss=13.0767  gap=-0.1232  ema_gap=-0.1093  mixup=50/200  3.9 sps  ETA 2.2h
              R²_rand=0.5019  R²_naive=0.2038  U_t=0.1490  U_b=0.5781  AUC=0.9563  Top1=0.3745
  timing: data=7.4ms  fwd=139.2ms  bwd=79.2ms  total=226.6ms
[   9800] loss=13.0372  ema_loss=13.0622  gap=-0.1171  ema_gap=-0.1078  mixup=72/200  3.9 sps  ETA 2.2h
              R²_rand=0.5371  R²_naive=0.2164  U_t=0.1573  U_b=0.6260  AUC=0.9672  Top1=0.4296
  timing: data=6.9ms  fwd=139.8ms  bwd=78.9ms  total=226.4ms
  -> Saved /home/jupyter/wt-cf-390-train/experiments/2026-08-01_lalign_teacher/runs/bb_small_arm5_combab_lalign_lrep_enc3l3_b64_200k_sigreg_ema_qk_aon_cpc_tau090_alignteacher_best_loss.pth
[  10000] loss=13.0667  ema_loss=13.0491  gap=-0.0949  ema_gap=-0.1018  mixup=61/200  3.9 sps  ETA 2.2h
              R²_rand=0.5339  R²_naive=0.2428  U_t=0.1493  U_b=0.5877  AUC=0.9680  Top1=0.4456
  timing: data=30.0ms  fwd=135.1ms  bwd=78.0ms  total=243.9ms
  -> Saved /home/jupyter/wt-cf-390-train/experiments/2026-08-01_lalign_teacher/runs/bb_small_arm5_combab_lalign_lrep_enc3l3_b64_200k_sigreg_ema_qk_aon_cpc_tau090_alignteacher_best_loss.pth
  -> Saved /home/jupyter/wt-cf-390-train/experiments/2026-08-01_lalign_teacher/runs/bb_small_arm5_combab_lalign_lrep_enc3l3_b64_200k_sigreg_ema_qk_aon_cpc_tau090_alignteacher_10k.pth
[  10200] loss=13.0891  ema_loss=13.0692  gap=-0.1216  ema_gap=-0.1089  mixup=51/200  3.9 sps  ETA 2.1h
              R²_rand=0.5211  R²_naive=0.2252  U_t=0.1549  U_b=0.6411  AUC=0.9735  Top1=0.5493
  timing: data=6.8ms  fwd=137.4ms  bwd=81.7ms  total=226.7ms
[  10400] loss=13.0392  ema_loss=13.0653  gap=-0.1181  ema_gap=-0.1104  mixup=57/200  3.9 sps  ETA 2.1h
              R²_rand=0.5405  R²_naive=0.2262  U_t=0.1485  U_b=0.5349  AUC=0.9666  Top1=0.4415
  timing: data=7.0ms  fwd=136.1ms  bwd=82.2ms  total=226.1ms
[  10600] loss=13.0825  ema_loss=13.0626  gap=-0.1105  ema_gap=-0.1123  mixup=56/200  3.9 sps  ETA 2.1h
              R²_rand=0.5279  R²_naive=0.2315  U_t=0.1545  U_b=0.5681  AUC=0.9663  Top1=0.4342
  timing: data=7.0ms  fwd=138.3ms  bwd=82.1ms  total=228.2ms
[  10800] loss=13.1010  ema_loss=13.0595  gap=-0.1184  ema_gap=-0.1197  mixup=60/200  3.9 sps  ETA 2.1h
              R²_rand=0.5487  R²_naive=0.2402  U_t=0.1350  U_b=0.5544  AUC=0.9640  Top1=0.4562
  timing: data=21.2ms  fwd=134.7ms  bwd=81.8ms  total=238.5ms
[  11000] loss=13.0000  ema_loss=13.0416  gap=-0.1042  ema_gap=-0.1157  mixup=54/200  3.9 sps  ETA 2.1h
              R²_rand=0.5732  R²_naive=0.2557  U_t=0.1291  U_b=0.5682  AUC=0.9682  Top1=0.4575
  timing: data=7.1ms  fwd=139.1ms  bwd=83.5ms  total=230.5ms
  -> Saved /home/jupyter/wt-cf-390-train/experiments/2026-08-01_lalign_teacher/runs/bb_small_arm5_combab_lalign_lrep_enc3l3_b64_200k_sigreg_ema_qk_aon_cpc_tau090_alignteacher_best_loss.pth
[  11200] loss=13.0518  ema_loss=13.0446  gap=-0.1009  ema_gap=-0.1120  mixup=61/200  3.9 sps  ETA 2.1h
              R²_rand=0.5619  R²_naive=0.2512  U_t=0.1337  U_b=0.5755  AUC=0.9760  Top1=0.4524
  timing: data=6.5ms  fwd=136.2ms  bwd=81.6ms  total=225.1ms
[  11400] loss=13.1041  ema_loss=13.0699  gap=-0.1168  ema_gap=-0.1094  mixup=61/200  3.9 sps  ETA 2.1h
              R²_rand=0.5394  R²_naive=0.2259  U_t=0.1492  U_b=0.5011  AUC=0.9657  Top1=0.3948
  timing: data=21.2ms  fwd=135.3ms  bwd=82.2ms  total=239.4ms
[  11600] loss=13.0722  ema_loss=13.0610  gap=-0.1116  ema_gap=-0.1102  mixup=64/200  3.9 sps  ETA 2.0h
              R²_rand=0.5393  R²_naive=0.2476  U_t=0.1416  U_b=0.5378  AUC=0.9701  Top1=0.4613
  timing: data=7.3ms  fwd=136.4ms  bwd=80.9ms  total=225.3ms
[  11800] loss=13.0523  ema_loss=13.0446  gap=-0.1140  ema_gap=-0.1074  mixup=59/200  3.9 sps  ETA 2.0h
              R²_rand=0.5548  R²_naive=0.2348  U_t=0.1258  U_b=0.5781  AUC=0.9623  Top1=0.3772
  timing: data=7.0ms  fwd=137.0ms  bwd=81.0ms  total=225.8ms
[  12000] loss=13.0579  ema_loss=13.0449  gap=-0.1210  ema_gap=-0.1066  mixup=64/200  3.9 sps  ETA 2.0h
              R²_rand=0.5579  R²_naive=0.2181  U_t=0.1297  U_b=0.6396  AUC=0.9732  Top1=0.4855
  timing: data=21.4ms  fwd=134.7ms  bwd=82.7ms  total=239.5ms
[  12200] loss=13.0013  ema_loss=13.0232  gap=-0.0914  ema_gap=-0.1020  mixup=69/200  3.9 sps  ETA 2.0h
              R²_rand=0.5630  R²_naive=0.2597  U_t=0.1180  U_b=0.5556  AUC=0.9610  Top1=0.3859
  timing: data=7.1ms  fwd=138.6ms  bwd=82.3ms  total=228.8ms
  -> Saved /home/jupyter/wt-cf-390-train/experiments/2026-08-01_lalign_teacher/runs/bb_small_arm5_combab_lalign_lrep_enc3l3_b64_200k_sigreg_ema_qk_aon_cpc_tau090_alignteacher_best_loss.pth
[  12400] loss=13.0701  ema_loss=13.0574  gap=-0.1036  ema_gap=-0.1005  mixup=62/200  3.9 sps  ETA 2.0h
              R²_rand=0.5432  R²_naive=0.2442  U_t=0.1436  U_b=0.5834  AUC=0.9792  Top1=0.5083
  timing: data=7.3ms  fwd=137.2ms  bwd=83.0ms  total=228.2ms
[  12600] loss=13.0341  ema_loss=13.0720  gap=-0.0976  ema_gap=-0.1021  mixup=50/200  3.9 sps  ETA 2.0h
              R²_rand=0.5638  R²_naive=0.2449  U_t=0.1353  U_b=0.6180  AUC=0.9765  Top1=0.4822
  timing: data=20.8ms  fwd=135.1ms  bwd=82.6ms  total=239.3ms
[  12800] loss=13.0642  ema_loss=13.0719  gap=-0.0958  ema_gap=-0.1058  mixup=61/200  3.9 sps  ETA 2.0h
              R²_rand=0.5539  R²_naive=0.2518  U_t=0.1329  U_b=0.6101  AUC=0.9764  Top1=0.4754
  timing: data=7.0ms  fwd=138.8ms  bwd=82.2ms  total=228.7ms
[  13000] loss=13.1162  ema_loss=13.0693  gap=-0.1217  ema_gap=-0.1068  mixup=67/200  3.9 sps  ETA 1.9h
              R²_rand=0.5154  R²_naive=0.2216  U_t=0.1501  U_b=0.5829  AUC=0.9557  Top1=0.4274
  timing: data=6.6ms  fwd=136.0ms  bwd=80.4ms  total=223.7ms
[  13200] loss=13.1589  ema_loss=13.0877  gap=-0.1015  ema_gap=-0.1029  mixup=51/200  3.9 sps  ETA 1.9h
              R²_rand=0.5433  R²_naive=0.2685  U_t=0.1391  U_b=0.5341  AUC=0.9693  Top1=0.3902
  timing: data=21.0ms  fwd=134.8ms  bwd=79.9ms  total=236.4ms
[  13400] loss=13.0327  ema_loss=13.0771  gap=-0.0023  ema_gap=-0.1014  mixup=59/200  3.9 sps  ETA 1.9h
              R²_rand=0.5819  R²_naive=0.3572  U_t=0.1192  U_b=0.4953  AUC=0.9727  Top1=0.4407
  timing: data=8.0ms  fwd=135.7ms  bwd=82.2ms  total=226.7ms
[  13600] loss=13.0933  ema_loss=13.0771  gap=-0.0838  ema_gap=-0.1000  mixup=67/200  3.9 sps  ETA 1.9h
              R²_rand=0.5526  R²_naive=0.2572  U_t=0.1319  U_b=0.6178  AUC=0.9718  Top1=0.4621
  timing: data=7.2ms  fwd=138.7ms  bwd=82.8ms  total=229.5ms
[  13800] loss=13.0485  ema_loss=13.0706  gap=-0.1132  ema_gap=-0.0985  mixup=57/200  3.9 sps  ETA 1.9h
              R²_rand=0.5378  R²_naive=0.2358  U_t=0.1262  U_b=0.4482  AUC=0.9543  Top1=0.3159
  timing: data=21.0ms  fwd=135.4ms  bwd=80.5ms  total=237.6ms
[  14000] loss=13.0253  ema_loss=13.0743  gap=-0.0879  ema_gap=-0.1039  mixup=51/200  3.9 sps  ETA 1.9h
              R²_rand=0.5495  R²_naive=0.2605  U_t=0.1398  U_b=0.5620  AUC=0.9674  Top1=0.4543
  timing: data=7.2ms  fwd=137.4ms  bwd=81.9ms  total=227.3ms
[  14200] loss=13.0689  ema_loss=13.0597  gap=-0.0532  ema_gap=-0.1010  mixup=58/200  3.9 sps  ETA 1.9h
              R²_rand=0.5839  R²_naive=0.3073  U_t=0.1143  U_b=0.4370  AUC=0.9612  Top1=0.3620
  timing: data=6.8ms  fwd=136.5ms  bwd=80.3ms  total=224.3ms
[  14400] loss=13.0191  ema_loss=13.0444  gap=-0.0987  ema_gap=-0.1024  mixup=55/200  3.9 sps  ETA 1.8h
              R²_rand=0.5503  R²_naive=0.2420  U_t=0.1176  U_b=0.6149  AUC=0.9745  Top1=0.5031
  timing: data=21.0ms  fwd=135.7ms  bwd=82.9ms  total=240.3ms
[  14600] loss=13.0094  ema_loss=13.0344  gap=-0.0991  ema_gap=-0.1061  mixup=69/200  3.9 sps  ETA 1.8h
              R²_rand=0.5451  R²_naive=0.2534  U_t=0.1138  U_b=0.5995  AUC=0.9667  Top1=0.4673
  timing: data=6.8ms  fwd=136.4ms  bwd=83.7ms  total=227.7ms
[  14800] loss=13.0796  ema_loss=13.0232  gap=-0.1137  ema_gap=-0.1033  mixup=63/200  3.9 sps  ETA 1.8h
              R²_rand=0.5164  R²_naive=0.2285  U_t=0.1278  U_b=0.5914  AUC=0.9549  Top1=0.4426
  timing: data=7.0ms  fwd=137.1ms  bwd=81.5ms  total=226.4ms
  -> Saved /home/jupyter/wt-cf-390-train/experiments/2026-08-01_lalign_teacher/runs/bb_small_arm5_combab_lalign_lrep_enc3l3_b64_200k_sigreg_ema_qk_aon_cpc_tau090_alignteacher_best_loss.pth
[  15000] loss=13.0962  ema_loss=13.0264  gap=-0.0964  ema_gap=-0.1015  mixup=59/200  3.9 sps  ETA 1.8h
              R²_rand=0.5445  R²_naive=0.2568  U_t=0.1139  U_b=0.5845  AUC=0.9651  Top1=0.4288
  timing: data=20.8ms  fwd=135.7ms  bwd=80.9ms  total=238.1ms
[  15200] loss=12.9941  ema_loss=13.0311  gap=-0.1120  ema_gap=-0.1062  mixup=65/200  3.9 sps  ETA 1.8h
              R²_rand=0.5476  R²_naive=0.2275  U_t=0.1315  U_b=0.5663  AUC=0.9679  Top1=0.4415
  timing: data=8.1ms  fwd=137.0ms  bwd=80.8ms  total=226.7ms
[  15400] loss=12.9990  ema_loss=13.0269  gap=-0.0704  ema_gap=-0.1031  mixup=62/200  3.9 sps  ETA 1.8h
              R²_rand=0.5558  R²_naive=0.2795  U_t=0.1233  U_b=0.5572  AUC=0.9621  Top1=0.4122
  timing: data=7.0ms  fwd=137.4ms  bwd=81.7ms  total=226.8ms
[  15600] loss=13.0081  ema_loss=13.0213  gap=-0.1126  ema_gap=-0.1024  mixup=65/200  3.9 sps  ETA 1.8h
              R²_rand=0.5399  R²_naive=0.2277  U_t=0.1254  U_b=0.5971  AUC=0.9584  Top1=0.4285
  timing: data=8.2ms  fwd=136.0ms  bwd=81.7ms  total=226.6ms
  -> Saved /home/jupyter/wt-cf-390-train/experiments/2026-08-01_lalign_teacher/runs/bb_small_arm5_combab_lalign_lrep_enc3l3_b64_200k_sigreg_ema_qk_aon_cpc_tau090_alignteacher_best_loss.pth
[  15800] loss=13.0679  ema_loss=13.0331  gap=-0.1141  ema_gap=-0.1031  mixup=45/200  3.9 sps  ETA 1.7h
              R²_rand=0.5092  R²_naive=0.2278  U_t=0.1394  U_b=0.5925  AUC=0.9634  Top1=0.4385
  timing: data=21.1ms  fwd=134.0ms  bwd=82.3ms  total=238.3ms
[  16000] loss=13.0047  ema_loss=13.0370  gap=-0.1235  ema_gap=-0.1087  mixup=54/200  3.9 sps  ETA 1.7h
              R²_rand=0.5385  R²_naive=0.2113  U_t=0.1263  U_b=0.5873  AUC=0.9596  Top1=0.4581
  timing: data=7.2ms  fwd=136.3ms  bwd=81.0ms  total=225.2ms
[  16200] loss=13.0749  ema_loss=13.0311  gap=-0.1278  ema_gap=-0.1097  mixup=70/200  3.9 sps  ETA 1.7h
              R²_rand=0.5197  R²_naive=0.2083  U_t=0.1565  U_b=0.5930  AUC=0.9552  Top1=0.3908
  timing: data=8.1ms  fwd=133.9ms  bwd=81.1ms  total=223.9ms
[  16400] loss=12.9980  ema_loss=13.0225  gap=-0.1209  ema_gap=-0.1049  mixup=55/200  3.9 sps  ETA 1.7h
              R²_rand=0.5366  R²_naive=0.2293  U_t=0.1135  U_b=0.6293  AUC=0.9451  Top1=0.4706
  timing: data=22.4ms  fwd=135.9ms  bwd=79.9ms  total=238.9ms
[  16600] loss=12.9833  ema_loss=13.0059  gap=-0.1024  ema_gap=-0.1009  mixup=53/200  3.9 sps  ETA 1.7h
              R²_rand=0.5772  R²_naive=0.2374  U_t=0.1138  U_b=0.6471  AUC=0.9699  Top1=0.4879
  timing: data=7.0ms  fwd=136.2ms  bwd=82.9ms  total=226.8ms
  -> Saved /home/jupyter/wt-cf-390-train/experiments/2026-08-01_lalign_teacher/runs/bb_small_arm5_combab_lalign_lrep_enc3l3_b64_200k_sigreg_ema_qk_aon_cpc_tau090_alignteacher_best_loss.pth
[  16800] loss=12.9808  ema_loss=13.0172  gap=-0.0994  ema_gap=-0.1054  mixup=58/200  3.9 sps  ETA 1.7h
              R²_rand=0.5612  R²_naive=0.2277  U_t=0.1111  U_b=0.5477  AUC=0.9567  Top1=0.4223
  timing: data=10.2ms  fwd=135.2ms  bwd=82.6ms  total=228.8ms
[  17000] loss=13.0038  ema_loss=13.0272  gap=-0.0660  ema_gap=-0.1030  mixup=61/200  3.9 sps  ETA 1.7h
              R²_rand=0.5640  R²_naive=0.2833  U_t=0.1249  U_b=0.4829  AUC=0.9579  Top1=0.3767
  timing: data=21.5ms  fwd=134.9ms  bwd=81.2ms  total=238.3ms
[  17200] loss=13.0311  ema_loss=13.0256  gap=-0.0852  ema_gap=-0.0999  mixup=70/200  3.9 sps  ETA 1.6h
              R²_rand=0.5379  R²_naive=0.2517  U_t=0.1254  U_b=0.6044  AUC=0.9734  Top1=0.4980
  timing: data=7.0ms  fwd=139.4ms  bwd=83.7ms  total=230.9ms
[  17400] loss=12.9785  ema_loss=13.0186  gap=-0.1101  ema_gap=-0.0952  mixup=61/200  3.9 sps  ETA 1.6h
              R²_rand=0.5525  R²_naive=0.2161  U_t=0.1163  U_b=0.5940  AUC=0.9630  Top1=0.4817
  timing: data=8.1ms  fwd=135.5ms  bwd=82.3ms  total=226.8ms
[  17600] loss=12.9789  ema_loss=13.0065  gap=-0.0481  ema_gap=-0.0960  mixup=56/200  3.9 sps  ETA 1.6h
              R²_rand=0.5558  R²_naive=0.2766  U_t=0.1172  U_b=0.5443  AUC=0.9662  Top1=0.4160
  timing: data=23.3ms  fwd=136.3ms  bwd=83.7ms  total=244.1ms
[  17800] loss=13.0485  ema_loss=13.0194  gap=-0.1070  ema_gap=-0.0985  mixup=64/200  3.9 sps  ETA 1.6h
              R²_rand=0.5333  R²_naive=0.2270  U_t=0.1303  U_b=0.5182  AUC=0.9647  Top1=0.4079
  timing: data=6.9ms  fwd=137.4ms  bwd=82.8ms  total=227.9ms
[  18000] loss=13.0542  ema_loss=13.0378  gap=-0.1206  ema_gap=-0.1103  mixup=58/200  3.9 sps  ETA 1.6h
              R²_rand=0.5170  R²_naive=0.2130  U_t=0.1369  U_b=0.5837  AUC=0.9635  Top1=0.3957
  timing: data=7.2ms  fwd=139.5ms  bwd=84.5ms  total=232.0ms
[  18200] loss=13.0283  ema_loss=13.0426  gap=-0.1084  ema_gap=-0.1105  mixup=60/200  3.9 sps  ETA 1.6h
              R²_rand=0.5610  R²_naive=0.2210  U_t=0.1201  U_b=0.5120  AUC=0.9666  Top1=0.4247
  timing: data=21.2ms  fwd=134.7ms  bwd=81.6ms  total=238.4ms
[  18400] loss=13.0149  ema_loss=13.0299  gap=-0.1019  ema_gap=-0.1083  mixup=67/200  3.9 sps  ETA 1.6h
              R²_rand=0.5595  R²_naive=0.2383  U_t=0.1338  U_b=0.6202  AUC=0.9730  Top1=0.4735
  timing: data=7.3ms  fwd=139.1ms  bwd=82.9ms  total=230.1ms
[  18600] loss=12.9820  ema_loss=13.0330  gap=-0.0819  ema_gap=-0.1033  mixup=51/200  3.9 sps  ETA 1.5h
              R²_rand=0.5688  R²_naive=0.2752  U_t=0.1112  U_b=0.5577  AUC=0.9722  Top1=0.4643
  timing: data=7.2ms  fwd=135.0ms  bwd=80.8ms  total=223.7ms
[  18800] loss=13.0307  ema_loss=13.0438  gap=-0.0981  ema_gap=-0.1113  mixup=59/200  3.9 sps  ETA 1.5h
              R²_rand=0.5356  R²_naive=0.2398  U_t=0.1443  U_b=0.5588  AUC=0.9499  Top1=0.3528
  timing: data=21.5ms  fwd=135.3ms  bwd=81.4ms  total=239.0ms
[  19000] loss=13.0549  ema_loss=13.0630  gap=-0.1253  ema_gap=-0.1149  mixup=50/200  3.9 sps  ETA 1.5h
              R²_rand=0.5332  R²_naive=0.2108  U_t=0.1443  U_b=0.5541  AUC=0.9603  Top1=0.3946
  timing: data=7.4ms  fwd=135.1ms  bwd=81.9ms  total=225.1ms
[  19200] loss=13.0130  ema_loss=13.0545  gap=-0.1149  ema_gap=-0.1136  mixup=59/200  3.9 sps  ETA 1.5h
              R²_rand=0.5488  R²_naive=0.2207  U_t=0.1131  U_b=0.5832  AUC=0.9570  Top1=0.4687
  timing: data=7.0ms  fwd=137.4ms  bwd=81.5ms  total=226.7ms
[  19400] loss=13.0464  ema_loss=13.0652  gap=-0.0861  ema_gap=-0.1076  mixup=66/200  3.8 sps  ETA 1.5h
              R²_rand=0.5529  R²_naive=0.2553  U_t=0.1326  U_b=0.5201  AUC=0.9642  Top1=0.4464
  timing: data=114.2ms  fwd=129.7ms  bwd=79.5ms  total=324.2ms
[  19600] loss=13.0751  ema_loss=13.0798  gap=-0.1201  ema_gap=-0.1138  mixup=58/200  3.8 sps  ETA 1.5h
              R²_rand=0.5429  R²_naive=0.2186  U_t=0.1296  U_b=0.6093  AUC=0.9647  Top1=0.4795
  timing: data=8.2ms  fwd=137.2ms  bwd=82.1ms  total=228.3ms
[  19800] loss=13.1449  ema_loss=13.0867  gap=-0.1085  ema_gap=-0.1107  mixup=65/200  3.8 sps  ETA 1.5h
              R²_rand=0.5318  R²_naive=0.2426  U_t=0.1391  U_b=0.5404  AUC=0.9650  Top1=0.3748
  timing: data=7.4ms  fwd=138.1ms  bwd=82.4ms  total=228.7ms
[  20000] loss=13.0595  ema_loss=13.0940  gap=-0.1118  ema_gap=-0.1130  mixup=57/200  3.8 sps  ETA 1.4h
              R²_rand=0.5353  R²_naive=0.2279  U_t=0.1478  U_b=0.5905  AUC=0.9728  Top1=0.4939
  timing: data=34.0ms  fwd=134.3ms  bwd=80.9ms  total=250.0ms
  -> Saved /home/jupyter/wt-cf-390-train/experiments/2026-08-01_lalign_teacher/runs/bb_small_arm5_combab_lalign_lrep_enc3l3_b64_200k_sigreg_ema_qk_aon_cpc_tau090_alignteacher_20k.pth
[  20200] loss=13.0456  ema_loss=13.0591  gap=-0.1113  ema_gap=-0.1078  mixup=63/200  3.8 sps  ETA 1.4h
              R²_rand=0.5310  R²_naive=0.2277  U_t=0.1350  U_b=0.5555  AUC=0.9678  Top1=0.3324
  timing: data=6.9ms  fwd=137.5ms  bwd=80.9ms  total=226.1ms
[  20400] loss=13.1326  ema_loss=13.0506  gap=-0.1213  ema_gap=-0.1072  mixup=52/200  3.8 sps  ETA 1.4h
              R²_rand=0.4674  R²_naive=0.1979  U_t=0.1647  U_b=0.5676  AUC=0.9472  Top1=0.3750
  timing: data=8.0ms  fwd=136.3ms  bwd=83.5ms  total=228.6ms
[  20600] loss=13.0441  ema_loss=13.0563  gap=-0.1172  ema_gap=-0.1050  mixup=67/200  3.8 sps  ETA 1.4h
              R²_rand=0.5331  R²_naive=0.1854  U_t=0.1219  U_b=0.5117  AUC=0.9552  Top1=0.3343
  timing: data=7.0ms  fwd=136.8ms  bwd=81.6ms  total=226.1ms
[  20800] loss=13.0447  ema_loss=13.0453  gap=-0.1226  ema_gap=-0.1117  mixup=63/200  3.8 sps  ETA 1.4h
              R²_rand=0.5170  R²_naive=0.1934  U_t=0.1416  U_b=0.5658  AUC=0.9479  Top1=0.4304
  timing: data=26.5ms  fwd=134.7ms  bwd=81.6ms  total=243.6ms
[  21000] loss=13.0541  ema_loss=13.0482  gap=-0.1127  ema_gap=-0.1127  mixup=57/200  3.8 sps  ETA 1.4h
              R²_rand=0.5332  R²_naive=0.2144  U_t=0.1263  U_b=0.6077  AUC=0.9627  Top1=0.4676
  timing: data=8.4ms  fwd=139.8ms  bwd=81.9ms  total=230.9ms
[  21200] loss=13.1352  ema_loss=13.0421  gap=-0.1109  ema_gap=-0.1084  mixup=60/200  3.8 sps  ETA 1.4h
              R²_rand=0.5471  R²_naive=0.1977  U_t=0.1162  U_b=0.6063  AUC=0.9578  Top1=0.4540
  timing: data=6.9ms  fwd=136.4ms  bwd=81.0ms  total=225.1ms
[  21400] loss=13.0933  ema_loss=13.0423  gap=-0.1205  ema_gap=-0.1076  mixup=67/200  3.8 sps  ETA 1.3h
              R²_rand=0.5054  R²_naive=0.1801  U_t=0.1366  U_b=0.6124  AUC=0.9552  Top1=0.4214
  timing: data=24.5ms  fwd=136.6ms  bwd=82.8ms  total=244.7ms
[  21600] loss=13.0514  ema_loss=13.0401  gap=-0.1199  ema_gap=-0.1110  mixup=49/200  3.8 sps  ETA 1.3h
              R²_rand=0.5319  R²_naive=0.2072  U_t=0.1386  U_b=0.5122  AUC=0.9592  Top1=0.3422
  timing: data=9.2ms  fwd=132.6ms  bwd=83.4ms  total=226.1ms
[  21800] loss=13.0062  ema_loss=13.0414  gap=-0.1165  ema_gap=-0.1167  mixup=65/200  3.8 sps  ETA 1.3h
              R²_rand=0.5485  R²_naive=0.2264  U_t=0.1296  U_b=0.6169  AUC=0.9664  Top1=0.4285
  timing: data=6.9ms  fwd=138.4ms  bwd=81.5ms  total=227.5ms
[  22000] loss=13.0702  ema_loss=13.0426  gap=-0.1299  ema_gap=-0.1203  mixup=57/200  3.8 sps  ETA 1.3h
              R²_rand=0.5137  R²_naive=0.2005  U_t=0.1449  U_b=0.5755  AUC=0.9528  Top1=0.4280
  timing: data=20.9ms  fwd=135.7ms  bwd=82.7ms  total=240.1ms
[  22200] loss=13.0904  ema_loss=13.0517  gap=-0.1252  ema_gap=-0.1165  mixup=72/200  3.8 sps  ETA 1.3h
              R²_rand=0.5172  R²_naive=0.1993  U_t=0.1511  U_b=0.5467  AUC=0.9623  Top1=0.3284
  timing: data=7.4ms  fwd=138.4ms  bwd=83.3ms  total=229.9ms
[  22400] loss=12.9810  ema_loss=13.0395  gap=-0.1050  ema_gap=-0.1174  mixup=48/200  3.8 sps  ETA 1.3h
              R²_rand=0.5630  R²_naive=0.2428  U_t=0.1169  U_b=0.6015  AUC=0.9699  Top1=0.4421
  timing: data=6.9ms  fwd=138.2ms  bwd=83.9ms  total=229.8ms
[  22600] loss=13.0649  ema_loss=13.0415  gap=-0.1280  ema_gap=-0.1145  mixup=74/200  3.8 sps  ETA 1.3h
              R²_rand=0.5343  R²_naive=0.2124  U_t=0.1263  U_b=0.4954  AUC=0.9352  Top1=0.3398
  timing: data=22.2ms  fwd=136.0ms  bwd=82.4ms  total=241.4ms
[  22800] loss=13.0125  ema_loss=13.0376  gap=-0.1165  ema_gap=-0.1165  mixup=53/200  3.8 sps  ETA 1.2h
              R²_rand=0.5711  R²_naive=0.2207  U_t=0.1091  U_b=0.5716  AUC=0.9689  Top1=0.4293
  timing: data=8.1ms  fwd=135.7ms  bwd=82.1ms  total=226.6ms
[  23000] loss=13.0964  ema_loss=13.0492  gap=-0.1333  ema_gap=-0.1191  mixup=64/200  3.8 sps  ETA 1.2h
              R²_rand=0.5337  R²_naive=0.2063  U_t=0.1333  U_b=0.5577  AUC=0.9576  Top1=0.3978
  timing: data=7.1ms  fwd=137.0ms  bwd=81.4ms  total=226.3ms
[  23200] loss=13.0518  ema_loss=13.0639  gap=-0.1039  ema_gap=-0.1160  mixup=70/200  3.8 sps  ETA 1.2h
              R²_rand=0.5711  R²_naive=0.2259  U_t=0.1164  U_b=0.5132  AUC=0.9695  Top1=0.4318
  timing: data=20.2ms  fwd=133.2ms  bwd=81.3ms  total=235.6ms
[  23400] loss=13.0965  ema_loss=13.0569  gap=-0.1148  ema_gap=-0.1097  mixup=61/200  3.8 sps  ETA 1.2h
              R²_rand=0.5252  R²_naive=0.2194  U_t=0.1331  U_b=0.5595  AUC=0.9642  Top1=0.4510
  timing: data=7.3ms  fwd=136.3ms  bwd=82.2ms  total=226.5ms
[  23600] loss=13.0588  ema_loss=13.0467  gap=-0.1135  ema_gap=-0.1084  mixup=54/200  3.8 sps  ETA 1.2h
              R²_rand=0.5243  R²_naive=0.2111  U_t=0.1208  U_b=0.4889  AUC=0.9611  Top1=0.3406
  timing: data=7.1ms  fwd=137.7ms  bwd=82.3ms  total=227.9ms
[  23800] loss=13.0395  ema_loss=13.0480  gap=-0.1228  ema_gap=-0.1122  mixup=51/200  3.8 sps  ETA 1.2h
              R²_rand=0.5167  R²_naive=0.2025  U_t=0.1336  U_b=0.5963  AUC=0.9630  Top1=0.3905
  timing: data=27.9ms  fwd=134.4ms  bwd=81.5ms  total=244.6ms
[  24000] loss=13.0909  ema_loss=13.0463  gap=-0.1236  ema_gap=-0.1164  mixup=51/200  3.8 sps  ETA 1.2h
              R²_rand=0.5451  R²_naive=0.1932  U_t=0.1307  U_b=0.5089  AUC=0.9571  Top1=0.3465
  timing: data=7.2ms  fwd=137.4ms  bwd=82.1ms  total=227.5ms
[  24200] loss=13.0140  ema_loss=13.0353  gap=-0.0903  ema_gap=-0.1134  mixup=59/200  3.8 sps  ETA 1.1h
              R²_rand=0.5387  R²_naive=0.2534  U_t=0.1120  U_b=0.4646  AUC=0.9560  Top1=0.4469
  timing: data=7.4ms  fwd=139.2ms  bwd=84.7ms  total=232.0ms
[  24400] loss=13.0237  ema_loss=13.0240  gap=-0.1072  ema_gap=-0.1103  mixup=53/200  3.8 sps  ETA 1.1h
              R²_rand=0.5365  R²_naive=0.2162  U_t=0.1211  U_b=0.6114  AUC=0.9510  Top1=0.4285
  timing: data=22.0ms  fwd=132.9ms  bwd=82.1ms  total=237.8ms
[  24600] loss=12.9769  ema_loss=13.0329  gap=-0.1014  ema_gap=-0.1098  mixup=55/200  3.8 sps  ETA 1.1h
              R²_rand=0.5621  R²_naive=0.2289  U_t=0.1027  U_b=0.5851  AUC=0.9521  Top1=0.4934
  timing: data=7.1ms  fwd=136.4ms  bwd=81.8ms  total=226.0ms
[  24800] loss=13.0889  ema_loss=13.0394  gap=-0.1090  ema_gap=-0.1098  mixup=62/200  3.8 sps  ETA 1.1h
              R²_rand=0.5222  R²_naive=0.2026  U_t=0.1206  U_b=0.6216  AUC=0.9587  Top1=0.4741
  timing: data=8.2ms  fwd=135.3ms  bwd=81.9ms  total=226.1ms
[  25000] loss=13.0861  ema_loss=13.0396  gap=-0.1159  ema_gap=-0.1058  mixup=62/200  3.8 sps  ETA 1.1h
              R²_rand=0.5086  R²_naive=0.2029  U_t=0.1306  U_b=0.5955  AUC=0.9567  Top1=0.4174
  timing: data=20.7ms  fwd=135.2ms  bwd=81.3ms  total=238.0ms
[  25200] loss=13.0713  ema_loss=13.0478  gap=-0.1130  ema_gap=-0.1025  mixup=53/200  3.8 sps  ETA 1.1h
              R²_rand=0.5126  R²_naive=0.2163  U_t=0.1242  U_b=0.6402  AUC=0.9522  Top1=0.4621
  timing: data=8.2ms  fwd=134.2ms  bwd=84.5ms  total=227.7ms
[  25400] loss=13.0273  ema_loss=13.0429  gap=-0.0942  ema_gap=-0.0961  mixup=58/200  3.8 sps  ETA 1.1h
              R²_rand=0.4911  R²_naive=0.2107  U_t=0.1311  U_b=0.5201  AUC=0.9320  Top1=0.3316
  timing: data=7.3ms  fwd=138.1ms  bwd=82.4ms  total=228.5ms
[  25600] loss=13.0752  ema_loss=13.0450  gap=-0.1122  ema_gap=-0.0952  mixup=62/200  3.8 sps  ETA 1.0h
              R²_rand=0.5227  R²_naive=0.2198  U_t=0.1244  U_b=0.5993  AUC=0.9625  Top1=0.4529
  timing: data=8.0ms  fwd=134.2ms  bwd=81.1ms  total=224.1ms
[  25800] loss=13.0627  ema_loss=13.0616  gap=-0.1045  ema_gap=-0.1004  mixup=57/200  3.8 sps  ETA 1.0h
              R²_rand=0.5109  R²_naive=0.2157  U_t=0.1307  U_b=0.6292  AUC=0.9533  Top1=0.4776
  timing: data=20.9ms  fwd=135.9ms  bwd=83.2ms  total=240.7ms
[  26000] loss=13.0740  ema_loss=13.0708  gap=-0.1068  ema_gap=-0.1001  mixup=78/200  3.8 sps  ETA 1.0h
              R²_rand=0.5084  R²_naive=0.2076  U_t=0.1369  U_b=0.5661  AUC=0.9474  Top1=0.4157
  timing: data=8.6ms  fwd=135.7ms  bwd=80.9ms  total=225.9ms
[  26200] loss=12.9860  ema_loss=13.0481  gap=-0.0816  ema_gap=-0.0955  mixup=64/200  3.8 sps  ETA 1.0h
              R²_rand=0.4936  R²_naive=0.2422  U_t=0.1252  U_b=0.5188  AUC=0.9229  Top1=0.3221
  timing: data=7.9ms  fwd=135.3ms  bwd=81.6ms  total=225.6ms
[  26400] loss=13.0250  ema_loss=13.0433  gap=-0.0799  ema_gap=-0.0956  mixup=57/200  3.8 sps  ETA 1.0h
              R²_rand=0.4799  R²_naive=0.2179  U_t=0.1331  U_b=0.5130  AUC=0.9193  Top1=0.3661
  timing: data=23.1ms  fwd=135.2ms  bwd=82.5ms  total=241.6ms
[  26600] loss=13.0165  ema_loss=13.0475  gap=-0.0975  ema_gap=-0.0957  mixup=63/200  3.8 sps  ETA 1.0h
              R²_rand=0.5311  R²_naive=0.2281  U_t=0.1263  U_b=0.5869  AUC=0.9459  Top1=0.4472
  timing: data=8.1ms  fwd=136.7ms  bwd=81.5ms  total=227.0ms
[  26800] loss=12.9867  ema_loss=13.0339  gap=-0.0841  ema_gap=-0.0929  mixup=69/200  3.8 sps  ETA 1.0h
              R²_rand=0.5501  R²_naive=0.2327  U_t=0.1225  U_b=0.5002  AUC=0.9481  Top1=0.3862
  timing: data=9.2ms  fwd=132.2ms  bwd=79.2ms  total=221.4ms
[  27000] loss=13.0195  ema_loss=13.0224  gap=-0.1051  ema_gap=-0.0971  mixup=60/200  3.8 sps  ETA 0.9h
              R²_rand=0.5478  R²_naive=0.2167  U_t=0.1153  U_b=0.6180  AUC=0.9587  Top1=0.4942
  timing: data=24.8ms  fwd=135.0ms  bwd=83.3ms  total=243.9ms
[  27200] loss=13.0662  ema_loss=13.0318  gap=-0.0923  ema_gap=-0.0962  mixup=62/200  3.8 sps  ETA 0.9h
              R²_rand=0.5278  R²_naive=0.2207  U_t=0.1386  U_b=0.5951  AUC=0.9449  Top1=0.4022
  timing: data=9.4ms  fwd=134.7ms  bwd=81.8ms  total=226.7ms
[  27400] loss=13.1109  ema_loss=13.0461  gap=-0.0875  ema_gap=-0.0966  mixup=59/200  3.8 sps  ETA 0.9h
              R²_rand=0.5304  R²_naive=0.2374  U_t=0.1369  U_b=0.6043  AUC=0.9563  Top1=0.4703
  timing: data=7.3ms  fwd=137.4ms  bwd=80.3ms  total=225.8ms
[  27600] loss=13.0031  ema_loss=13.0451  gap=-0.1002  ema_gap=-0.0975  mixup=59/200  3.8 sps  ETA 0.9h
              R²_rand=0.5387  R²_naive=0.2146  U_t=0.1351  U_b=0.6005  AUC=0.9663  Top1=0.4735
  timing: data=20.9ms  fwd=135.1ms  bwd=82.8ms  total=239.6ms
[  27800] loss=13.0467  ema_loss=13.0460  gap=-0.0959  ema_gap=-0.0955  mixup=51/200  3.8 sps  ETA 0.9h
              R²_rand=0.5377  R²_naive=0.2136  U_t=0.1287  U_b=0.6351  AUC=0.9594  Top1=0.4757
  timing: data=7.1ms  fwd=137.9ms  bwd=82.5ms  total=228.3ms
[  28000] loss=13.0338  ema_loss=13.0404  gap=-0.0859  ema_gap=-0.0916  mixup=60/200  3.8 sps  ETA 0.9h
              R²_rand=0.4842  R²_naive=0.2123  U_t=0.1483  U_b=0.5248  AUC=0.9275  Top1=0.3560
  timing: data=6.9ms  fwd=137.1ms  bwd=80.7ms  total=225.5ms
[  28200] loss=13.0510  ema_loss=13.0535  gap=-0.1072  ema_gap=-0.0968  mixup=50/200  3.8 sps  ETA 0.9h
              R²_rand=0.5072  R²_naive=0.2093  U_t=0.1447  U_b=0.6108  AUC=0.9514  Top1=0.4700
  timing: data=23.0ms  fwd=135.6ms  bwd=82.8ms  total=242.2ms
[  28400] loss=13.0276  ema_loss=13.0491  gap=-0.0895  ema_gap=-0.0952  mixup=58/200  3.8 sps  ETA 0.8h
              R²_rand=0.5170  R²_naive=0.1968  U_t=0.1281  U_b=0.4972  AUC=0.9392  Top1=0.3571
  timing: data=7.3ms  fwd=138.5ms  bwd=82.6ms  total=229.2ms
[  28600] loss=13.0333  ema_loss=13.0489  gap=-0.0819  ema_gap=-0.0964  mixup=53/200  3.8 sps  ETA 0.8h
              R²_rand=0.5555  R²_naive=0.2529  U_t=0.1242  U_b=0.5474  AUC=0.9612  Top1=0.4393
  timing: data=7.1ms  fwd=136.7ms  bwd=82.5ms  total=227.0ms
[  28800] loss=13.0688  ema_loss=13.0316  gap=-0.0884  ema_gap=-0.0930  mixup=49/200  3.8 sps  ETA 0.8h
              R²_rand=0.5313  R²_naive=0.2007  U_t=0.1256  U_b=0.5844  AUC=0.9485  Top1=0.4689
  timing: data=20.6ms  fwd=136.0ms  bwd=83.0ms  total=240.4ms
[  29000] loss=13.0065  ema_loss=13.0198  gap=-0.0829  ema_gap=-0.0871  mixup=59/200  3.8 sps  ETA 0.8h
              R²_rand=0.5651  R²_naive=0.2355  U_t=0.1060  U_b=0.5552  AUC=0.9501  Top1=0.4559
  timing: data=8.1ms  fwd=135.7ms  bwd=81.8ms  total=226.3ms
  -> Saved /home/jupyter/wt-cf-390-train/experiments/2026-08-01_lalign_teacher/runs/bb_small_arm5_combab_lalign_lrep_enc3l3_b64_200k_sigreg_ema_qk_aon_cpc_tau090_alignteacher_best_gap.pth
[  29200] loss=13.0263  ema_loss=13.0187  gap=-0.0873  ema_gap=-0.0860  mixup=57/200  3.8 sps  ETA 0.8h
              R²_rand=0.5581  R²_naive=0.2293  U_t=0.1159  U_b=0.5312  AUC=0.9691  Top1=0.4839
  timing: data=7.0ms  fwd=136.8ms  bwd=82.8ms  total=227.4ms
  -> Saved /home/jupyter/wt-cf-390-train/experiments/2026-08-01_lalign_teacher/runs/bb_small_arm5_combab_lalign_lrep_enc3l3_b64_200k_sigreg_ema_qk_aon_cpc_tau090_alignteacher_best_gap.pth
[  29400] loss=13.0892  ema_loss=13.0588  gap=-0.1115  ema_gap=-0.0923  mixup=63/200  3.8 sps  ETA 0.8h
              R²_rand=0.5096  R²_naive=0.1998  U_t=0.1481  U_b=0.5503  AUC=0.9662  Top1=0.4624
  timing: data=23.8ms  fwd=134.4ms  bwd=81.4ms  total=240.4ms
[  29600] loss=13.1273  ema_loss=13.0911  gap=-0.1044  ema_gap=-0.0981  mixup=61/200  3.8 sps  ETA 0.8h
              R²_rand=0.4841  R²_naive=0.2088  U_t=0.1670  U_b=0.4978  AUC=0.9484  Top1=0.3218
  timing: data=7.1ms  fwd=135.9ms  bwd=81.1ms  total=224.8ms
[  29800] loss=13.0859  ema_loss=13.0892  gap=-0.0932  ema_gap=-0.1005  mixup=60/200  3.8 sps  ETA 0.7h
              R²_rand=0.5247  R²_naive=0.2161  U_t=0.1327  U_b=0.5431  AUC=0.9591  Top1=0.4195
  timing: data=8.5ms  fwd=134.8ms  bwd=82.0ms  total=226.0ms
[  30000] loss=13.0322  ema_loss=13.0733  gap=-0.0933  ema_gap=-0.0939  mixup=65/200  3.8 sps  ETA 0.7h
              R²_rand=0.5291  R²_naive=0.2296  U_t=0.1306  U_b=0.5448  AUC=0.9585  Top1=0.4160
  timing: data=23.1ms  fwd=135.6ms  bwd=81.5ms  total=241.0ms
  -> Saved /home/jupyter/wt-cf-390-train/experiments/2026-08-01_lalign_teacher/runs/bb_small_arm5_combab_lalign_lrep_enc3l3_b64_200k_sigreg_ema_qk_aon_cpc_tau090_alignteacher_30k.pth
[  30200] loss=13.1008  ema_loss=13.0912  gap=-0.0949  ema_gap=-0.0933  mixup=53/200  3.8 sps  ETA 0.7h
              R²_rand=0.4788  R²_naive=0.2159  U_t=0.1622  U_b=0.5223  AUC=0.9518  Top1=0.3558
  timing: data=7.4ms  fwd=137.0ms  bwd=82.9ms  total=228.1ms
[  30400] loss=13.0682  ema_loss=13.0847  gap=-0.1091  ema_gap=-0.1005  mixup=57/200  3.8 sps  ETA 0.7h
              R²_rand=0.5068  R²_naive=0.2040  U_t=0.1488  U_b=0.5019  AUC=0.9599  Top1=0.4068
  timing: data=7.2ms  fwd=138.9ms  bwd=84.9ms  total=231.9ms
[  30600] loss=13.0334  ema_loss=13.0681  gap=-0.0956  ema_gap=-0.1090  mixup=61/200  3.8 sps  ETA 0.7h
              R²_rand=0.5352  R²_naive=0.2252  U_t=0.1220  U_b=0.5410  AUC=0.9575  Top1=0.4613
  timing: data=7.0ms  fwd=135.9ms  bwd=81.3ms  total=225.0ms
[  30800] loss=13.0890  ema_loss=13.0710  gap=-0.0972  ema_gap=-0.1016  mixup=56/200  3.8 sps  ETA 0.7h
              R²_rand=0.5194  R²_naive=0.2253  U_t=0.1231  U_b=0.4805  AUC=0.9422  Top1=0.3802
  timing: data=21.8ms  fwd=139.6ms  bwd=82.4ms  total=244.7ms
[  31000] loss=13.1141  ema_loss=13.0837  gap=-0.0942  ema_gap=-0.0953  mixup=72/200  3.8 sps  ETA 0.7h
              R²_rand=0.5252  R²_naive=0.2351  U_t=0.1204  U_b=0.4662  AUC=0.9495  Top1=0.3612
  timing: data=7.1ms  fwd=138.9ms  bwd=82.8ms  total=229.6ms
[  31200] loss=13.0813  ema_loss=13.0835  gap=-0.1035  ema_gap=-0.0953  mixup=67/200  3.8 sps  ETA 0.6h
              R²_rand=0.5421  R²_naive=0.2192  U_t=0.1329  U_b=0.4885  AUC=0.9550  Top1=0.4011
  timing: data=7.0ms  fwd=139.0ms  bwd=82.3ms  total=229.2ms
[  31400] loss=13.0837  ema_loss=13.0817  gap=-0.0854  ema_gap=-0.0911  mixup=61/200  3.8 sps  ETA 0.6h
              R²_rand=0.5124  R²_naive=0.2389  U_t=0.1306  U_b=0.5198  AUC=0.9662  Top1=0.4155
  timing: data=25.9ms  fwd=138.0ms  bwd=85.7ms  total=250.5ms
[  31600] loss=13.0863  ema_loss=13.1092  gap=-0.0913  ema_gap=-0.0924  mixup=57/200  3.8 sps  ETA 0.6h
              R²_rand=0.5233  R²_naive=0.2371  U_t=0.1338  U_b=0.4154  AUC=0.9480  Top1=0.3468
  timing: data=7.2ms  fwd=137.6ms  bwd=82.6ms  total=228.3ms
[  31800] loss=13.0515  ema_loss=13.0979  gap=-0.0724  ema_gap=-0.0866  mixup=55/200  3.8 sps  ETA 0.6h
              R²_rand=0.4974  R²_naive=0.2308  U_t=0.1561  U_b=0.5066  AUC=0.9463  Top1=0.3607
  timing: data=8.6ms  fwd=137.7ms  bwd=84.9ms  total=232.1ms
[  32000] loss=13.0920  ema_loss=13.1059  gap=-0.0931  ema_gap=-0.0923  mixup=61/200  3.8 sps  ETA 0.6h
              R²_rand=0.4824  R²_naive=0.2199  U_t=0.1616  U_b=0.4911  AUC=0.9597  Top1=0.3720
  timing: data=21.7ms  fwd=138.7ms  bwd=84.0ms  total=245.2ms
[  32200] loss=13.1190  ema_loss=13.1248  gap=-0.0805  ema_gap=-0.0957  mixup=58/200  3.8 sps  ETA 0.6h
              R²_rand=0.4897  R²_naive=0.2254  U_t=0.1669  U_b=0.4995  AUC=0.9657  Top1=0.4171
  timing: data=7.1ms  fwd=137.2ms  bwd=80.7ms  total=225.7ms
[  32400] loss=13.1407  ema_loss=13.1335  gap=-0.0848  ema_gap=-0.0966  mixup=56/200  3.8 sps  ETA 0.5h
              R²_rand=0.4954  R²_naive=0.2189  U_t=0.1567  U_b=0.5464  AUC=0.9527  Top1=0.4130
  timing: data=8.2ms  fwd=136.7ms  bwd=83.3ms  total=229.1ms
[  32600] loss=13.1190  ema_loss=13.1303  gap=-0.0820  ema_gap=-0.0934  mixup=56/200  3.8 sps  ETA 0.5h
              R²_rand=0.4894  R²_naive=0.2245  U_t=0.1565  U_b=0.4881  AUC=0.9572  Top1=0.3313
  timing: data=24.2ms  fwd=137.0ms  bwd=82.2ms  total=244.1ms
[  32800] loss=13.1573  ema_loss=13.1237  gap=-0.0823  ema_gap=-0.0872  mixup=62/200  3.8 sps  ETA 0.5h
              R²_rand=0.4407  R²_naive=0.2010  U_t=0.1675  U_b=0.5372  AUC=0.9527  Top1=0.3631
  timing: data=8.5ms  fwd=135.7ms  bwd=83.3ms  total=228.3ms
[  33000] loss=13.1423  ema_loss=13.1068  gap=-0.0780  ema_gap=-0.0798  mixup=66/200  3.8 sps  ETA 0.5h
              R²_rand=0.4552  R²_naive=0.1992  U_t=0.1573  U_b=0.5188  AUC=0.9494  Top1=0.3935
  timing: data=9.3ms  fwd=134.5ms  bwd=80.4ms  total=225.1ms
  -> Saved /home/jupyter/wt-cf-390-train/experiments/2026-08-01_lalign_teacher/runs/bb_small_arm5_combab_lalign_lrep_enc3l3_b64_200k_sigreg_ema_qk_aon_cpc_tau090_alignteacher_best_gap.pth
[  33200] loss=13.0793  ema_loss=13.0914  gap=-0.0703  ema_gap=-0.0751  mixup=61/200  3.8 sps  ETA 0.5h
              R²_rand=0.4271  R²_naive=0.1882  U_t=0.1521  U_b=0.5399  AUC=0.9402  Top1=0.3449
  timing: data=22.4ms  fwd=135.0ms  bwd=80.2ms  total=238.4ms
  -> Saved /home/jupyter/wt-cf-390-train/experiments/2026-08-01_lalign_teacher/runs/bb_small_arm5_combab_lalign_lrep_enc3l3_b64_200k_sigreg_ema_qk_aon_cpc_tau090_alignteacher_best_gap.pth
[  33400] loss=13.0689  ema_loss=13.0400  gap=-0.0715  ema_gap=-0.0650  mixup=62/200  3.8 sps  ETA 0.5h
              R²_rand=0.4270  R²_naive=0.2167  U_t=0.1580  U_b=0.4961  AUC=0.9288  Top1=0.3482
  timing: data=7.4ms  fwd=137.4ms  bwd=81.9ms  total=227.5ms
  -> Saved /home/jupyter/wt-cf-390-train/experiments/2026-08-01_lalign_teacher/runs/bb_small_arm5_combab_lalign_lrep_enc3l3_b64_200k_sigreg_ema_qk_aon_cpc_tau090_alignteacher_best_gap.pth
[  33600] loss=13.0731  ema_loss=13.0447  gap=-0.0764  ema_gap=-0.0690  mixup=53/200  3.8 sps  ETA 0.5h
              R²_rand=0.4341  R²_naive=0.2012  U_t=0.1591  U_b=0.5092  AUC=0.9355  Top1=0.3094
  timing: data=7.3ms  fwd=137.1ms  bwd=83.3ms  total=228.5ms
[  33800] loss=13.0870  ema_loss=13.0881  gap=-0.0765  ema_gap=-0.0813  mixup=46/200  3.8 sps  ETA 0.4h
              R²_rand=0.4955  R²_naive=0.2292  U_t=0.1444  U_b=0.5032  AUC=0.9509  Top1=0.3853
  timing: data=28.3ms  fwd=133.8ms  bwd=82.0ms  total=244.9ms
[  34000] loss=13.1230  ema_loss=13.1082  gap=-0.0747  ema_gap=-0.0796  mixup=62/200  3.8 sps  ETA 0.4h
              R²_rand=0.4061  R²_naive=0.1802  U_t=0.1906  U_b=0.5296  AUC=0.9351  Top1=0.3398
  timing: data=7.1ms  fwd=137.6ms  bwd=80.0ms  total=225.5ms
[  34200] loss=13.0807  ema_loss=13.0969  gap=-0.0767  ema_gap=-0.0752  mixup=65/200  3.8 sps  ETA 0.4h
              R²_rand=0.4321  R²_naive=0.1914  U_t=0.1827  U_b=0.5047  AUC=0.9413  Top1=0.3590
  timing: data=7.1ms  fwd=135.5ms  bwd=83.6ms  total=227.0ms
[  34400] loss=13.0543  ema_loss=13.0804  gap=-0.0704  ema_gap=-0.0736  mixup=63/200  3.8 sps  ETA 0.4h
              R²_rand=0.4501  R²_naive=0.2017  U_t=0.1750  U_b=0.5122  AUC=0.9452  Top1=0.3531
  timing: data=30.7ms  fwd=135.3ms  bwd=83.3ms  total=250.1ms
[  34600] loss=13.0924  ema_loss=13.0776  gap=-0.0856  ema_gap=-0.0755  mixup=67/200  3.8 sps  ETA 0.4h
              R²_rand=0.4200  R²_naive=0.1947  U_t=0.1886  U_b=0.5641  AUC=0.9426  Top1=0.3680
  timing: data=8.9ms  fwd=134.0ms  bwd=81.3ms  total=225.0ms
[  34800] loss=13.0171  ema_loss=13.0759  gap=-0.0701  ema_gap=-0.0796  mixup=65/200  3.8 sps  ETA 0.4h
              R²_rand=0.4591  R²_naive=0.2223  U_t=0.1701  U_b=0.5184  AUC=0.9432  Top1=0.3558
  timing: data=9.1ms  fwd=134.8ms  bwd=81.8ms  total=226.5ms
[  35000] loss=13.0792  ema_loss=13.0758  gap=-0.0851  ema_gap=-0.0783  mixup=61/200  3.8 sps  ETA 0.4h
              R²_rand=0.4117  R²_naive=0.1907  U_t=0.1843  U_b=0.5432  AUC=0.9284  Top1=0.3270
  timing: data=26.2ms  fwd=135.5ms  bwd=81.0ms  total=243.5ms
[  35200] loss=13.0752  ema_loss=13.0658  gap=-0.0787  ema_gap=-0.0804  mixup=60/200  3.8 sps  ETA 0.3h
              R²_rand=0.4397  R²_naive=0.1913  U_t=0.1800  U_b=0.5440  AUC=0.9472  Top1=0.3731
  timing: data=7.3ms  fwd=139.8ms  bwd=82.8ms  total=230.8ms
[  35400] loss=13.1073  ema_loss=13.0788  gap=-0.0840  ema_gap=-0.0839  mixup=62/200  3.8 sps  ETA 0.3h
              R²_rand=0.4526  R²_naive=0.2114  U_t=0.1868  U_b=0.5573  AUC=0.9470  Top1=0.3783
  timing: data=7.1ms  fwd=138.1ms  bwd=83.3ms  total=229.3ms
[  35600] loss=13.1387  ema_loss=13.0881  gap=-0.0944  ema_gap=-0.0877  mixup=66/200  3.8 sps  ETA 0.3h
              R²_rand=0.3999  R²_naive=0.2104  U_t=0.2384  U_b=0.5181  AUC=0.9305  Top1=0.3107
  timing: data=7.0ms  fwd=134.0ms  bwd=80.5ms  total=222.3ms
[  35800] loss=13.1359  ema_loss=13.0960  gap=-0.0890  ema_gap=-0.0890  mixup=65/200  3.8 sps  ETA 0.3h
              R²_rand=0.3794  R²_naive=0.2018  U_t=0.2350  U_b=0.5305  AUC=0.9242  Top1=0.2879
  timing: data=27.5ms  fwd=135.7ms  bwd=81.9ms  total=245.8ms
[  36000] loss=13.1522  ema_loss=13.1162  gap=-0.0879  ema_gap=-0.0915  mixup=62/200  3.8 sps  ETA 0.3h
              R²_rand=0.4170  R²_naive=0.1925  U_t=0.2120  U_b=0.5689  AUC=0.9437  Top1=0.3533
  timing: data=8.7ms  fwd=136.6ms  bwd=83.2ms  total=229.3ms
[  36200] loss=13.0921  ema_loss=13.1052  gap=-0.0920  ema_gap=-0.0858  mixup=56/200  3.8 sps  ETA 0.3h
              R²_rand=0.3932  R²_naive=0.1983  U_t=0.2043  U_b=0.5647  AUC=0.9412  Top1=0.3715
  timing: data=8.0ms  fwd=135.0ms  bwd=82.5ms  total=226.3ms
[  36400] loss=13.0770  ema_loss=13.0939  gap=-0.0797  ema_gap=-0.0825  mixup=63/200  3.8 sps  ETA 0.3h
              R²_rand=0.4290  R²_naive=0.1975  U_t=0.1935  U_b=0.5868  AUC=0.9570  Top1=0.4383
  timing: data=22.6ms  fwd=136.0ms  bwd=82.3ms  total=241.8ms
[  36600] loss=13.0918  ema_loss=13.0814  gap=-0.0820  ema_gap=-0.0809  mixup=58/200  3.8 sps  ETA 0.2h
              R²_rand=0.4124  R²_naive=0.2063  U_t=0.1986  U_b=0.5773  AUC=0.9385  Top1=0.3465
  timing: data=8.1ms  fwd=136.0ms  bwd=80.1ms  total=225.0ms
[  36800] loss=13.1240  ema_loss=13.0890  gap=-0.0920  ema_gap=-0.0815  mixup=52/200  3.8 sps  ETA 0.2h
              R²_rand=0.4085  R²_naive=0.1828  U_t=0.1899  U_b=0.5570  AUC=0.9418  Top1=0.3853
  timing: data=8.2ms  fwd=135.3ms  bwd=79.5ms  total=223.7ms
[  37000] loss=13.1393  ema_loss=13.1084  gap=-0.0850  ema_gap=-0.0833  mixup=58/200  3.8 sps  ETA 0.2h
              R²_rand=0.3868  R²_naive=0.1858  U_t=0.2127  U_b=0.5853  AUC=0.9389  Top1=0.3739
  timing: data=24.1ms  fwd=136.2ms  bwd=82.4ms  total=243.5ms
[  37200] loss=13.0909  ema_loss=13.1122  gap=-0.0639  ema_gap=-0.0853  mixup=48/200  3.8 sps  ETA 0.2h
              R²_rand=0.4567  R²_naive=0.2159  U_t=0.1550  U_b=0.5351  AUC=0.9589  Top1=0.3916
  timing: data=8.5ms  fwd=135.0ms  bwd=80.6ms  total=224.9ms
[  37400] loss=13.1493  ema_loss=13.1181  gap=-0.0854  ema_gap=-0.0873  mixup=58/200  3.8 sps  ETA 0.2h
              R²_rand=0.4026  R²_naive=0.1846  U_t=0.2097  U_b=0.5800  AUC=0.9390  Top1=0.3552
  timing: data=7.2ms  fwd=136.7ms  bwd=82.9ms  total=227.5ms
[  37600] loss=13.1216  ema_loss=13.1041  gap=-0.0961  ema_gap=-0.0856  mixup=65/200  3.8 sps  ETA 0.2h
              R²_rand=0.4153  R²_naive=0.1940  U_t=0.2160  U_b=0.5834  AUC=0.9376  Top1=0.3501
  timing: data=23.5ms  fwd=133.4ms  bwd=79.6ms  total=237.2ms
[  37800] loss=13.0474  ema_loss=13.0893  gap=-0.0810  ema_gap=-0.0836  mixup=71/200  3.8 sps  ETA 0.2h
              R²_rand=0.4185  R²_naive=0.1906  U_t=0.1983  U_b=0.5793  AUC=0.9401  Top1=0.3845
  timing: data=7.1ms  fwd=137.1ms  bwd=81.8ms  total=226.7ms
[  38000] loss=13.0655  ema_loss=13.0852  gap=-0.0863  ema_gap=-0.0815  mixup=61/200  3.8 sps  ETA 0.1h
              R²_rand=0.4162  R²_naive=0.1861  U_t=0.1895  U_b=0.5975  AUC=0.9493  Top1=0.3875
  timing: data=8.1ms  fwd=133.1ms  bwd=80.0ms  total=222.0ms
[  38200] loss=13.1234  ema_loss=13.0878  gap=-0.0917  ema_gap=-0.0807  mixup=70/200  3.8 sps  ETA 0.1h
              R²_rand=0.3831  R²_naive=0.1829  U_t=0.2182  U_b=0.5600  AUC=0.9280  Top1=0.3373
  timing: data=26.5ms  fwd=133.9ms  bwd=82.4ms  total=243.6ms
[  38400] loss=13.1005  ema_loss=13.0764  gap=-0.0803  ema_gap=-0.0807  mixup=49/200  3.8 sps  ETA 0.1h
              R²_rand=0.3951  R²_naive=0.1963  U_t=0.2201  U_b=0.6042  AUC=0.9424  Top1=0.3927
  timing: data=7.1ms  fwd=135.8ms  bwd=82.1ms  total=225.8ms
[  38600] loss=13.0284  ema_loss=13.0732  gap=-0.0793  ema_gap=-0.0787  mixup=53/200  3.8 sps  ETA 0.1h
              R²_rand=0.4415  R²_naive=0.2008  U_t=0.1816  U_b=0.6149  AUC=0.9515  Top1=0.4600
  timing: data=8.3ms  fwd=136.1ms  bwd=81.0ms  total=226.1ms
[  38800] loss=13.0623  ema_loss=13.0849  gap=-0.0751  ema_gap=-0.0818  mixup=53/200  3.8 sps  ETA 0.1h
              R²_rand=0.4064  R²_naive=0.1819  U_t=0.1986  U_b=0.5794  AUC=0.9383  Top1=0.3897
  timing: data=24.0ms  fwd=132.6ms  bwd=80.2ms  total=237.5ms
[  39000] loss=13.0638  ema_loss=13.0717  gap=-0.0738  ema_gap=-0.0788  mixup=56/200  3.8 sps  ETA 0.1h
              R²_rand=0.4225  R²_naive=0.2023  U_t=0.1999  U_b=0.5521  AUC=0.9367  Top1=0.3853
  timing: data=7.0ms  fwd=136.4ms  bwd=81.1ms  total=225.3ms
[  39200] loss=13.0625  ema_loss=13.0572  gap=-0.0784  ema_gap=-0.0788  mixup=65/200  3.8 sps  ETA 0.1h
              R²_rand=0.3834  R²_naive=0.1679  U_t=0.2170  U_b=0.5774  AUC=0.9194  Top1=0.3669
  timing: data=5.3ms  fwd=127.7ms  bwd=82.9ms  total=216.7ms
[  39400] loss=13.0592  ema_loss=13.0572  gap=-0.0829  ema_gap=-0.0808  mixup=51/200  3.8 sps  ETA 0.0h
              R²_rand=0.3641  R²_naive=0.1677  U_t=0.2156  U_b=0.5722  AUC=0.9172  Top1=0.3311
  timing: data=21.0ms  fwd=132.8ms  bwd=80.5ms  total=235.1ms
[  39600] loss=13.0508  ema_loss=13.0430  gap=-0.0805  ema_gap=-0.0778  mixup=63/200  3.8 sps  ETA 0.0h
              R²_rand=0.3746  R²_naive=0.1795  U_t=0.2188  U_b=0.5508  AUC=0.9264  Top1=0.3229
  timing: data=6.8ms  fwd=135.5ms  bwd=80.2ms  total=223.3ms
[  39800] loss=13.0564  ema_loss=13.0425  gap=-0.0912  ema_gap=-0.0774  mixup=57/200  3.8 sps  ETA 0.0h
              R²_rand=0.3749  R²_naive=0.1728  U_t=0.2341  U_b=0.6016  AUC=0.9187  Top1=0.3400
  timing: data=7.0ms  fwd=137.6ms  bwd=82.1ms  total=227.4ms
[  40000] loss=13.0074  ema_loss=13.0256  gap=-0.0768  ema_gap=-0.0786  mixup=66/200  3.8 sps  ETA 0.0h
              R²_rand=0.3995  R²_naive=0.1958  U_t=0.2109  U_b=0.6138  AUC=0.9303  Top1=0.3642
  timing: data=23.1ms  fwd=129.5ms  bwd=79.9ms  total=233.3ms
  -> Saved /home/jupyter/wt-cf-390-train/experiments/2026-08-01_lalign_teacher/runs/bb_small_arm5_combab_lalign_lrep_enc3l3_b64_200k_sigreg_ema_qk_aon_cpc_tau090_alignteacher_40k.pth
  -> Saved /home/jupyter/wt-cf-390-train/experiments/2026-08-01_lalign_teacher/runs/bb_small_arm5_combab_lalign_lrep_enc3l3_b64_200k_sigreg_ema_qk_aon_cpc_tau090_alignteacher_final.pth

Done in 2.9h. Best gap=-0.0650 at step 33400, Best loss=13.0059 at step 16600
  [checkpoint] Branching to 'bb_small_arm5_combab_lalign_lrep_enc3l3_b64_200k_sigreg_ema_qk_aon_cpc_tau090_alignteacher_r2'.
  [checkpoint] Restored optimizer from /home/jupyter/wt-cf-390-train/experiments/2026-08-01_lalign_teacher/runs/bb_small_arm5_combab_lalign_lrep_enc3l3_b64_200k_sigreg_ema_qk_aon_cpc_tau090_alignteacher_40k_optimizer.pth (step=40000, best_ff=-0.0650)
Resumed from /home/jupyter/wt-cf-390-train/experiments/2026-08-01_lalign_teacher/runs/bb_small_arm5_combab_lalign_lrep_enc3l3_b64_200k_sigreg_ema_qk_aon_cpc_tau090_alignteacher_40k.pth at step 40000
Device: cuda | Params: 720,668
Training for 100000 steps, bs=64, lr=0.001, T=4096, C=1, mix_ratio=0.0078125, freq_emb_dim=3, seasonality_emb_dim=3, mixup_p=0.3, rev_norm_kind=ewma(span=128), patch_stats=none, encoder_type=gru
Checkpoints: /home/jupyter/wt-cf-390-train/experiments/2026-08-01_lalign_teacher/runs/bb_small_arm5_combab_lalign_lrep_enc3l3_b64_200k_sigreg_ema_qk_aon_cpc_tau090_alignteacher_r2_*.pth
Loss CSV: /home/jupyter/wt-cf-390-train/experiments/2026-08-01_lalign_teacher/runs/bb_small_arm5_combab_lalign_lrep_enc3l3_b64_200k_sigreg_ema_qk_aon_cpc_tau090_alignteacher_r2_losses.csv
Latent-drift CSV: /home/jupyter/wt-cf-390-train/experiments/2026-08-01_lalign_teacher/runs/bb_small_arm5_combab_lalign_lrep_enc3l3_b64_200k_sigreg_ema_qk_aon_cpc_tau090_alignteacher_r2_latent_drift.csv (every 25000 steps, probe_bs=64, probe_seed=20260722)
Attn-amplitude CSV: /home/jupyter/wt-cf-390-train/experiments/2026-08-01_lalign_teacher/runs/bb_small_arm5_combab_lalign_lrep_enc3l3_b64_200k_sigreg_ema_qk_aon_cpc_tau090_alignteacher_r2_attn_amplitude.csv (every 200 steps)
Data: MIX 99% HF + 1% synth (forked-arma) + 0% crossfade + 1 triplet(s)=3 rows, hf_bs=64, synth_bs=0, cross_bs=0, total_bs=67
  [dataloader] 4274 shards, 42740000 total rows, target skip 2560000
  [dataloader] Fast-skip: starting at shard 256/4274, then skipping 0 rows within it
[  40200] loss=12.9901  ema_loss=13.0007  gap=-0.0631  ema_gap=-0.0700  mixup=59/200  3.7 sps  ETA 4.5h
              R²_rand=0.3561  R²_naive=0.1663  U_t=0.2250  U_b=0.5768  AUC=0.8962  Top1=0.2779
  timing: data=65.9ms  fwd=115.9ms  bwd=84.3ms  total=266.7ms
  -> Saved /home/jupyter/wt-cf-390-train/experiments/2026-08-01_lalign_teacher/runs/bb_small_arm5_combab_lalign_lrep_enc3l3_b64_200k_sigreg_ema_qk_aon_cpc_tau090_alignteacher_r2_best_loss.pth
[  40400] loss=12.9348  ema_loss=12.9698  gap=-0.0640  ema_gap=-0.0672  mixup=58/200  4.2 sps  ETA 3.9h
              R²_rand=0.3187  R²_naive=0.1209  U_t=0.2399  U_b=0.5301  AUC=0.8695  Top1=0.2065
  timing: data=3.6ms  fwd=113.2ms  bwd=80.5ms  total=198.0ms
  -> Saved /home/jupyter/wt-cf-390-train/experiments/2026-08-01_lalign_teacher/runs/bb_small_arm5_combab_lalign_lrep_enc3l3_b64_200k_sigreg_ema_qk_aon_cpc_tau090_alignteacher_r2_best_loss.pth
[  40600] loss=12.9537  ema_loss=12.9518  gap=-0.0721  ema_gap=-0.0636  mixup=58/200  4.4 sps  ETA 3.8h
              R²_rand=0.3021  R²_naive=0.0996  U_t=0.2476  U_b=0.5390  AUC=0.8623  Top1=0.2147
  timing: data=3.6ms  fwd=115.8ms  bwd=85.9ms  total=206.0ms
  -> Saved /home/jupyter/wt-cf-390-train/experiments/2026-08-01_lalign_teacher/runs/bb_small_arm5_combab_lalign_lrep_enc3l3_b64_200k_sigreg_ema_qk_aon_cpc_tau090_alignteacher_r2_best_gap.pth
  -> Saved /home/jupyter/wt-cf-390-train/experiments/2026-08-01_lalign_teacher/runs/bb_small_arm5_combab_lalign_lrep_enc3l3_b64_200k_sigreg_ema_qk_aon_cpc_tau090_alignteacher_r2_best_loss.pth
[  40800] loss=12.9874  ema_loss=12.9555  gap=-0.0633  ema_gap=-0.0617  mixup=56/200  4.2 sps  ETA 3.9h
              R²_rand=0.3148  R²_naive=0.1345  U_t=0.2410  U_b=0.5804  AUC=0.8671  Top1=0.2391
  timing: data=40.6ms  fwd=118.3ms  bwd=86.9ms  total=246.5ms
  -> Saved /home/jupyter/wt-cf-390-train/experiments/2026-08-01_lalign_teacher/runs/bb_small_arm5_combab_lalign_lrep_enc3l3_b64_200k_sigreg_ema_qk_aon_cpc_tau090_alignteacher_r2_best_gap.pth
[  41000] loss=12.9196  ema_loss=12.9622  gap=-0.0468  ema_gap=-0.0646  mixup=55/200  4.3 sps  ETA 3.8h
              R²_rand=0.3786  R²_naive=0.1807  U_t=0.2037  U_b=0.5786  AUC=0.9092  Top1=0.3050
  timing: data=3.8ms  fwd=116.5ms  bwd=86.0ms  total=207.0ms
[  41200] loss=12.9770  ema_loss=12.9627  gap=-0.0558  ema_gap=-0.0626  mixup=61/200  4.4 sps  ETA 3.7h
              R²_rand=0.3299  R²_naive=0.1468  U_t=0.2416  U_b=0.6317  AUC=0.8939  Top1=0.2961
  timing: data=4.1ms  fwd=117.4ms  bwd=86.3ms  total=208.4ms
[  41400] loss=12.9612  ema_loss=12.9628  gap=-0.0693  ema_gap=-0.0616  mixup=59/200  4.3 sps  ETA 3.8h
              R²_rand=0.3314  R²_naive=0.1208  U_t=0.2191  U_b=0.5881  AUC=0.8943  Top1=0.2464
  timing: data=43.8ms  fwd=116.9ms  bwd=87.1ms  total=248.5ms
  -> Saved /home/jupyter/wt-cf-390-train/experiments/2026-08-01_lalign_teacher/runs/bb_small_arm5_combab_lalign_lrep_enc3l3_b64_200k_sigreg_ema_qk_aon_cpc_tau090_alignteacher_r2_best_gap.pth
[  41600] loss=12.9590  ema_loss=12.9812  gap=-0.0616  ema_gap=-0.0662  mixup=56/200  4.4 sps  ETA 3.7h
              R²_rand=0.3645  R²_naive=0.1704  U_t=0.2470  U_b=0.6441  AUC=0.8912  Top1=0.2773
  timing: data=3.8ms  fwd=116.4ms  bwd=86.7ms  total=207.6ms
[  41800] loss=13.0020  ema_loss=12.9953  gap=-0.0744  ema_gap=-0.0704  mixup=52/200  4.4 sps  ETA 3.7h
              R²_rand=0.3050  R²_naive=0.1505  U_t=0.2776  U_b=0.6424  AUC=0.8798  Top1=0.2763
  timing: data=3.8ms  fwd=116.4ms  bwd=87.5ms  total=208.4ms
[  42000] loss=13.0119  ema_loss=13.0056  gap=-0.0767  ema_gap=-0.0696  mixup=56/200  4.3 sps  ETA 3.7h
              R²_rand=0.3396  R²_naive=0.1678  U_t=0.2556  U_b=0.6390  AUC=0.8988  Top1=0.2969
  timing: data=55.8ms  fwd=118.6ms  bwd=89.0ms  total=264.2ms
[  42200] loss=13.0973  ema_loss=13.0692  gap=-0.0910  ema_gap=-0.0773  mixup=50/200  4.3 sps  ETA 3.7h
              R²_rand=0.4005  R²_naive=0.1969  U_t=0.2587  U_b=0.5562  AUC=0.9337  Top1=0.3037
  timing: data=3.7ms  fwd=116.0ms  bwd=83.5ms  total=204.0ms
[  42400] loss=13.1440  ema_loss=13.1092  gap=-0.1011  ema_gap=-0.0864  mixup=73/200  4.4 sps  ETA 3.7h
              R²_rand=0.3543  R²_naive=0.1963  U_t=0.2862  U_b=0.6005  AUC=0.9313  Top1=0.3544
  timing: data=3.8ms  fwd=117.6ms  bwd=86.6ms  total=208.7ms
[  42600] loss=13.0631  ema_loss=13.1156  gap=-0.0793  ema_gap=-0.0893  mixup=57/200  4.3 sps  ETA 3.7h
              R²_rand=0.4105  R²_naive=0.2169  U_t=0.2338  U_b=0.5356  AUC=0.9399  Top1=0.3292
  timing: data=40.2ms  fwd=114.0ms  bwd=85.9ms  total=240.8ms
[  42800] loss=13.1394  ema_loss=13.1207  gap=-0.1077  ema_gap=-0.0913  mixup=69/200  4.4 sps  ETA 3.6h
              R²_rand=0.3501  R²_naive=0.1852  U_t=0.2745  U_b=0.6328  AUC=0.9324  Top1=0.3905
  timing: data=3.5ms  fwd=114.0ms  bwd=81.3ms  total=199.3ms
[  43000] loss=13.1356  ema_loss=13.1247  gap=-0.1017  ema_gap=-0.0941  mixup=62/200  4.4 sps  ETA 3.6h
              R²_rand=0.3594  R²_naive=0.2120  U_t=0.2738  U_b=0.6114  AUC=0.9339  Top1=0.3623
  timing: data=3.7ms  fwd=116.4ms  bwd=85.9ms  total=206.6ms
[  43200] loss=13.1396  ema_loss=13.1195  gap=-0.0936  ema_gap=-0.0936  mixup=65/200  4.3 sps  ETA 3.6h
              R²_rand=0.3508  R²_naive=0.2023  U_t=0.2860  U_b=0.6129  AUC=0.9229  Top1=0.3631
  timing: data=82.8ms  fwd=116.6ms  bwd=86.5ms  total=286.6ms
[  43400] loss=13.1169  ema_loss=13.1098  gap=-0.1034  ema_gap=-0.0907  mixup=56/200  4.4 sps  ETA 3.6h
              R²_rand=0.3985  R²_naive=0.1944  U_t=0.2623  U_b=0.5887  AUC=0.9382  Top1=0.3658
  timing: data=3.7ms  fwd=115.3ms  bwd=82.0ms  total=201.6ms
[  43600] loss=13.0703  ema_loss=13.0946  gap=-0.1005  ema_gap=-0.0904  mixup=62/200  4.4 sps  ETA 3.6h
              R²_rand=0.3578  R²_naive=0.1890  U_t=0.2732  U_b=0.5908  AUC=0.9251  Top1=0.3786
  timing: data=3.4ms  fwd=112.5ms  bwd=79.5ms  total=196.1ms
[  43800] loss=13.0615  ema_loss=13.0813  gap=-0.0989  ema_gap=-0.0857  mixup=58/200  4.4 sps  ETA 3.6h
              R²_rand=0.3893  R²_naive=0.1895  U_t=0.2495  U_b=0.6366  AUC=0.9357  Top1=0.3764
  timing: data=39.4ms  fwd=119.2ms  bwd=90.5ms  total=249.9ms
[  44000] loss=13.0333  ema_loss=13.0670  gap=-0.0790  ema_gap=-0.0829  mixup=67/200  4.2 sps  ETA 3.7h
              R²_rand=0.4228  R²_naive=0.2209  U_t=0.2210  U_b=0.6189  AUC=0.9365  Top1=0.4111
  timing: data=12.5ms  fwd=184.9ms  bwd=136.5ms  total=335.3ms
[  44200] loss=13.0796  ema_loss=13.0750  gap=-0.0718  ema_gap=-0.0848  mixup=62/200  4.2 sps  ETA 3.7h
              R²_rand=0.3734  R²_naive=0.2160  U_t=0.2595  U_b=0.6163  AUC=0.9301  Top1=0.3891
  timing: data=7.0ms  fwd=144.2ms  bwd=103.3ms  total=255.4ms
[  44400] loss=13.0713  ema_loss=13.0745  gap=-0.0857  ema_gap=-0.0830  mixup=57/200  4.1 sps  ETA 3.8h
              R²_rand=0.3825  R²_naive=0.2044  U_t=0.2505  U_b=0.6190  AUC=0.9253  Top1=0.3946
  timing: data=75.5ms  fwd=173.7ms  bwd=127.9ms  total=378.4ms
[  44600] loss=13.0876  ema_loss=13.0868  gap=-0.0872  ema_gap=-0.0857  mixup=62/200  4.0 sps  ETA 3.8h
              R²_rand=0.3729  R²_naive=0.1979  U_t=0.2762  U_b=0.6276  AUC=0.9259  Top1=0.3783
  timing: data=12.2ms  fwd=181.7ms  bwd=125.6ms  total=320.9ms
[  44800] loss=13.1310  ema_loss=13.0916  gap=-0.0919  ema_gap=-0.0863  mixup=67/200  4.0 sps  ETA 3.9h
              R²_rand=0.3392  R²_naive=0.2085  U_t=0.2683  U_b=0.6227  AUC=0.9239  Top1=0.3484
  timing: data=12.3ms  fwd=184.1ms  bwd=138.2ms  total=335.9ms
[  45000] loss=13.0935  ema_loss=13.1021  gap=-0.0901  ema_gap=-0.0865  mixup=65/200  3.9 sps  ETA 3.9h
              R²_rand=0.3768  R²_naive=0.2081  U_t=0.2772  U_b=0.5920  AUC=0.9305  Top1=0.3123
  timing: data=42.6ms  fwd=179.8ms  bwd=128.3ms  total=352.0ms
[  45200] loss=13.1219  ema_loss=13.1171  gap=-0.0878  ema_gap=-0.0867  mixup=58/200  3.9 sps  ETA 3.9h
              R²_rand=0.3649  R²_naive=0.2090  U_t=0.2866  U_b=0.6396  AUC=0.9298  Top1=0.3639
  timing: data=12.4ms  fwd=178.6ms  bwd=128.8ms  total=320.9ms
[  45400] loss=13.1085  ema_loss=13.1198  gap=-0.0942  ema_gap=-0.0898  mixup=56/200  3.8 sps  ETA 4.0h
              R²_rand=0.3571  R²_naive=0.2104  U_t=0.2894  U_b=0.6680  AUC=0.9271  Top1=0.3764
  timing: data=12.2ms  fwd=179.7ms  bwd=129.5ms  total=322.6ms
[  45600] loss=13.1113  ema_loss=13.1112  gap=-0.0931  ema_gap=-0.0906  mixup=66/200  3.8 sps  ETA 4.0h
              R²_rand=0.3830  R²_naive=0.2101  U_t=0.2775  U_b=0.6311  AUC=0.9381  Top1=0.3845
  timing: data=11.2ms  fwd=170.3ms  bwd=122.0ms  total=304.5ms
[  45800] loss=13.1145  ema_loss=13.1058  gap=-0.0734  ema_gap=-0.0873  mixup=57/200  3.7 sps  ETA 4.0h
              R²_rand=0.3545  R²_naive=0.2256  U_t=0.2915  U_b=0.6339  AUC=0.9297  Top1=0.3455
  timing: data=42.0ms  fwd=179.6ms  bwd=132.9ms  total=355.9ms
[  46000] loss=13.1250  ema_loss=13.1181  gap=-0.0828  ema_gap=-0.0895  mixup=64/200  3.7 sps  ETA 4.0h
              R²_rand=0.3445  R²_naive=0.2079  U_t=0.3050  U_b=0.6147  AUC=0.9194  Top1=0.3623
  timing: data=7.9ms  fwd=150.2ms  bwd=104.2ms  total=263.3ms
[  46200] loss=13.1232  ema_loss=13.1231  gap=-0.0912  ema_gap=-0.0895  mixup=59/200  3.7 sps  ETA 4.0h
              R²_rand=0.3829  R²_naive=0.2168  U_t=0.2850  U_b=0.5846  AUC=0.9327  Top1=0.3585
  timing: data=11.4ms  fwd=185.6ms  bwd=133.9ms  total=332.2ms
[  46400] loss=13.0947  ema_loss=13.1206  gap=-0.0778  ema_gap=-0.0912  mixup=62/200  3.7 sps  ETA 4.1h
              R²_rand=0.3570  R²_naive=0.2270  U_t=0.2818  U_b=0.6436  AUC=0.9298  Top1=0.3813
  timing: data=57.1ms  fwd=179.8ms  bwd=135.8ms  total=374.0ms
[  46600] loss=13.1242  ema_loss=13.1131  gap=-0.0866  ema_gap=-0.0887  mixup=74/200  3.6 sps  ETA 4.1h
              R²_rand=0.3428  R²_naive=0.2119  U_t=0.2915  U_b=0.6476  AUC=0.9227  Top1=0.3734
  timing: data=12.6ms  fwd=181.6ms  bwd=127.6ms  total=323.1ms
[  46800] loss=13.1533  ema_loss=13.1164  gap=-0.1006  ema_gap=-0.0891  mixup=64/200  3.6 sps  ETA 4.1h
              R²_rand=0.3320  R²_naive=0.1914  U_t=0.3195  U_b=0.6290  AUC=0.9221  Top1=0.3487
  timing: data=12.1ms  fwd=183.4ms  bwd=129.3ms  total=326.0ms
[  47000] loss=13.1428  ema_loss=13.1175  gap=-0.0923  ema_gap=-0.0882  mixup=64/200  3.6 sps  ETA 4.1h
              R²_rand=0.3430  R²_naive=0.2048  U_t=0.3048  U_b=0.6201  AUC=0.9175  Top1=0.3379
  timing: data=43.3ms  fwd=179.5ms  bwd=130.7ms  total=354.8ms
[  47200] loss=13.1238  ema_loss=13.1176  gap=-0.0954  ema_gap=-0.0896  mixup=59/200  3.6 sps  ETA 4.1h
              R²_rand=0.3428  R²_naive=0.2002  U_t=0.2733  U_b=0.6665  AUC=0.9282  Top1=0.3938
  timing: data=12.5ms  fwd=183.8ms  bwd=134.6ms  total=332.2ms
[  47400] loss=13.0706  ema_loss=13.1156  gap=-0.0596  ema_gap=-0.0887  mixup=58/200  3.5 sps  ETA 4.1h
              R²_rand=0.3751  R²_naive=0.2474  U_t=0.2719  U_b=0.6019  AUC=0.9409  Top1=0.3821
  timing: data=12.8ms  fwd=184.2ms  bwd=128.3ms  total=326.7ms
[  47600] loss=13.1132  ema_loss=13.1114  gap=-0.0984  ema_gap=-0.0869  mixup=64/200  3.5 sps  ETA 4.2h
              R²_rand=0.3487  R²_naive=0.1990  U_t=0.2996  U_b=0.6229  AUC=0.9101  Top1=0.3072
  timing: data=73.2ms  fwd=182.0ms  bwd=131.4ms  total=387.8ms
[  47800] loss=13.1320  ema_loss=13.1078  gap=-0.0878  ema_gap=-0.0850  mixup=40/200  3.5 sps  ETA 4.2h
              R²_rand=0.3430  R²_naive=0.2230  U_t=0.3001  U_b=0.6337  AUC=0.9308  Top1=0.3856
  timing: data=12.4ms  fwd=182.7ms  bwd=132.9ms  total=329.4ms
[  48000] loss=13.1062  ema_loss=13.1044  gap=-0.0918  ema_gap=-0.0899  mixup=67/200  3.5 sps  ETA 4.2h
              R²_rand=0.3550  R²_naive=0.2045  U_t=0.2883  U_b=0.6426  AUC=0.9316  Top1=0.3948
  timing: data=12.5ms  fwd=184.2ms  bwd=127.3ms  total=325.4ms
[  48200] loss=13.0933  ema_loss=13.1097  gap=-0.1002  ema_gap=-0.0887  mixup=55/200  3.4 sps  ETA 4.2h
              R²_rand=0.3524  R²_naive=0.1944  U_t=0.2583  U_b=0.5844  AUC=0.9101  Top1=0.3275
  timing: data=54.0ms  fwd=202.4ms  bwd=143.9ms  total=401.8ms
[  48400] loss=13.1159  ema_loss=13.0932  gap=-0.1008  ema_gap=-0.0861  mixup=66/200  3.4 sps  ETA 4.2h
              R²_rand=0.3586  R²_naive=0.1964  U_t=0.3061  U_b=0.6183  AUC=0.9264  Top1=0.3501
  timing: data=11.7ms  fwd=189.7ms  bwd=137.7ms  total=340.5ms
[  48600] loss=13.1188  ema_loss=13.0922  gap=-0.0872  ema_gap=-0.0870  mixup=60/200  3.4 sps  ETA 4.1h
              R²_rand=0.3471  R²_naive=0.1903  U_t=0.3066  U_b=0.6641  AUC=0.9208  Top1=0.3837
  timing: data=3.7ms  fwd=115.9ms  bwd=85.0ms  total=205.2ms
[  48800] loss=13.1117  ema_loss=13.0930  gap=-0.1001  ema_gap=-0.0890  mixup=61/200  3.5 sps  ETA 4.1h
              R²_rand=0.3544  R²_naive=0.2033  U_t=0.3027  U_b=0.6021  AUC=0.9202  Top1=0.3379
  timing: data=34.3ms  fwd=118.2ms  bwd=87.5ms  total=240.7ms
[  49000] loss=13.0594  ema_loss=13.0857  gap=-0.0754  ema_gap=-0.0856  mixup=62/200  3.5 sps  ETA 4.1h
              R²_rand=0.3620  R²_naive=0.1999  U_t=0.2532  U_b=0.6232  AUC=0.9103  Top1=0.3281
  timing: data=3.7ms  fwd=122.3ms  bwd=89.6ms  total=216.4ms
[  49200] loss=13.0929  ema_loss=13.0878  gap=-0.1008  ema_gap=-0.0804  mixup=63/200  3.5 sps  ETA 4.0h
              R²_rand=0.3715  R²_naive=0.2074  U_t=0.2988  U_b=0.6545  AUC=0.9237  Top1=0.3398
  timing: data=4.1ms  fwd=123.4ms  bwd=90.4ms  total=218.7ms
[  49400] loss=13.0871  ema_loss=13.0892  gap=-0.0767  ema_gap=-0.0852  mixup=57/200  3.5 sps  ETA 4.0h
              R²_rand=0.3983  R²_naive=0.2259  U_t=0.2627  U_b=0.6572  AUC=0.9373  Top1=0.4350
  timing: data=37.7ms  fwd=118.4ms  bwd=87.1ms  total=243.9ms
[  49600] loss=13.0873  ema_loss=13.0825  gap=-0.0838  ema_gap=-0.0825  mixup=67/200  3.5 sps  ETA 4.0h
              R²_rand=0.3642  R²_naive=0.2323  U_t=0.2721  U_b=0.6641  AUC=0.9290  Top1=0.3878
  timing: data=4.0ms  fwd=122.0ms  bwd=89.4ms  total=216.2ms
[  49800] loss=13.0790  ema_loss=13.0795  gap=-0.0847  ema_gap=-0.0848  mixup=57/200  3.5 sps  ETA 4.0h
              R²_rand=0.3920  R²_naive=0.2173  U_t=0.2675  U_b=0.5461  AUC=0.9425  Top1=0.3216
  timing: data=4.2ms  fwd=123.4ms  bwd=87.7ms  total=216.1ms
[  50000] loss=13.1179  ema_loss=13.0801  gap=-0.0814  ema_gap=-0.0809  mixup=59/200  3.5 sps  ETA 3.9h
              R²_rand=0.3717  R²_naive=0.2183  U_t=0.2797  U_b=0.6345  AUC=0.9338  Top1=0.3851
  timing: data=5.5ms  fwd=155.8ms  bwd=114.1ms  total=276.6ms
  -> Saved /home/jupyter/wt-cf-390-train/experiments/2026-08-01_lalign_teacher/runs/bb_small_arm5_combab_lalign_lrep_enc3l3_b64_200k_sigreg_ema_qk_aon_cpc_tau090_alignteacher_r2_50k.pth
'HTTPSConnectionPool(host='us.aws.cdn.hf.co', port=443): Read timed out.' thrown while requesting GET https://huggingface.co/datasets/jeremycochoy/gift-pretrain-full-4096/resolve/main/small_v1/shard_00273.parquet
Retrying in 1s [Retry 1/5].
[  50200] loss=13.0660  ema_loss=13.0859  gap=-0.0754  ema_gap=-0.0870  mixup=55/200  3.5 sps  ETA 4.0h
              R²_rand=0.3941  R²_naive=0.2369  U_t=0.2604  U_b=0.6441  AUC=0.9285  Top1=0.3780
  timing: data=130.8ms  fwd=177.0ms  bwd=125.0ms  total=434.2ms
[  50400] loss=13.1198  ema_loss=13.0923  gap=-0.1072  ema_gap=-0.0908  mixup=61/200  3.5 sps  ETA 4.0h
              R²_rand=0.3462  R²_naive=0.2007  U_t=0.2967  U_b=0.6754  AUC=0.9178  Top1=0.3813
  timing: data=6.4ms  fwd=173.7ms  bwd=123.9ms  total=305.2ms
[  50600] loss=13.0463  ema_loss=13.0775  gap=-0.0708  ema_gap=-0.0888  mixup=50/200  3.5 sps  ETA 3.9h
              R²_rand=0.3592  R²_naive=0.2216  U_t=0.2566  U_b=0.6416  AUC=0.9067  Top1=0.3786
  timing: data=6.8ms  fwd=186.1ms  bwd=128.2ms  total=322.5ms
[  50800] loss=13.0725  ema_loss=13.0917  gap=-0.0796  ema_gap=-0.0925  mixup=63/200  3.5 sps  ETA 4.0h
              R²_rand=0.4032  R²_naive=0.2253  U_t=0.2514  U_b=0.6465  AUC=0.9414  Top1=0.4204
  timing: data=48.8ms  fwd=171.1ms  bwd=134.5ms  total=355.6ms
[  51000] loss=13.1288  ema_loss=13.0862  gap=-0.0899  ema_gap=-0.0893  mixup=70/200  3.5 sps  ETA 3.9h
              R²_rand=0.3559  R²_naive=0.2139  U_t=0.2853  U_b=0.6037  AUC=0.9082  Top1=0.3273
  timing: data=5.3ms  fwd=135.5ms  bwd=102.8ms  total=244.5ms
[  51200] loss=13.0844  ema_loss=13.0862  gap=-0.1075  ema_gap=-0.0873  mixup=61/200  3.5 sps  ETA 3.9h
              R²_rand=0.3654  R²_naive=0.1873  U_t=0.2760  U_b=0.5873  AUC=0.9192  Top1=0.3221
  timing: data=4.9ms  fwd=133.1ms  bwd=96.6ms  total=235.5ms
[  51400] loss=13.0779  ema_loss=13.0807  gap=-0.0918  ema_gap=-0.0818  mixup=66/200  3.5 sps  ETA 3.9h
              R²_rand=0.3441  R²_naive=0.1937  U_t=0.2893  U_b=0.6426  AUC=0.9195  Top1=0.3699
  timing: data=34.7ms  fwd=130.6ms  bwd=98.8ms  total=265.0ms
[  51600] loss=13.0708  ema_loss=13.0850  gap=-0.0977  ema_gap=-0.0866  mixup=55/200  3.5 sps  ETA 3.9h
              R²_rand=0.3555  R²_naive=0.2009  U_t=0.2751  U_b=0.6693  AUC=0.9311  Top1=0.4011
  timing: data=4.9ms  fwd=133.4ms  bwd=98.3ms  total=237.5ms
[  51800] loss=13.0750  ema_loss=13.0841  gap=-0.0868  ema_gap=-0.0862  mixup=54/200  3.5 sps  ETA 3.8h
              R²_rand=0.3594  R²_naive=0.2176  U_t=0.2865  U_b=0.6641  AUC=0.9264  Top1=0.3748
  timing: data=5.2ms  fwd=133.2ms  bwd=101.6ms  total=240.9ms
[  52000] loss=13.0984  ema_loss=13.0856  gap=-0.1064  ema_gap=-0.0832  mixup=58/200  3.5 sps  ETA 3.8h
              R²_rand=0.3462  R²_naive=0.1932  U_t=0.2896  U_b=0.6565  AUC=0.9235  Top1=0.3552
  timing: data=39.8ms  fwd=131.1ms  bwd=100.2ms  total=272.0ms
[  52200] loss=13.0709  ema_loss=13.0819  gap=-0.0406  ema_gap=-0.0856  mixup=53/200  3.5 sps  ETA 3.8h
              R²_rand=0.3653  R²_naive=0.2508  U_t=0.2712  U_b=0.5827  AUC=0.9287  Top1=0.3319
  timing: data=4.7ms  fwd=133.0ms  bwd=100.6ms  total=239.3ms
[  52400] loss=13.1000  ema_loss=13.0817  gap=-0.0675  ema_gap=-0.0847  mixup=61/200  3.5 sps  ETA 3.8h
              R²_rand=0.3742  R²_naive=0.2262  U_t=0.2849  U_b=0.6466  AUC=0.9352  Top1=0.3894
  timing: data=4.5ms  fwd=131.3ms  bwd=97.9ms  total=234.7ms
[  52600] loss=13.0948  ema_loss=13.0767  gap=-0.0883  ema_gap=-0.0829  mixup=58/200  3.5 sps  ETA 3.7h
              R²_rand=0.3606  R²_naive=0.2075  U_t=0.2782  U_b=0.6228  AUC=0.9264  Top1=0.3455
  timing: data=33.9ms  fwd=131.2ms  bwd=102.8ms  total=268.7ms
[  52800] loss=13.0949  ema_loss=13.0708  gap=-0.0865  ema_gap=-0.0783  mixup=59/200  3.5 sps  ETA 3.7h
              R²_rand=0.3873  R²_naive=0.2106  U_t=0.2697  U_b=0.6722  AUC=0.9243  Top1=0.3680
  timing: data=4.3ms  fwd=128.7ms  bwd=94.8ms  total=228.7ms
[  53000] loss=13.0458  ema_loss=13.0709  gap=-0.0690  ema_gap=-0.0768  mixup=63/200  3.5 sps  ETA 3.7h
              R²_rand=0.3646  R²_naive=0.2143  U_t=0.2855  U_b=0.6294  AUC=0.9242  Top1=0.3425
  timing: data=4.2ms  fwd=128.1ms  bwd=92.6ms  total=225.7ms
[  53200] loss=13.0651  ema_loss=13.0781  gap=-0.0682  ema_gap=-0.0817  mixup=51/200  3.5 sps  ETA 3.7h
              R²_rand=0.3609  R²_naive=0.2189  U_t=0.2893  U_b=0.6577  AUC=0.9216  Top1=0.3704
  timing: data=46.6ms  fwd=121.6ms  bwd=91.4ms  total=260.4ms
[  53400] loss=13.0988  ema_loss=13.0835  gap=-0.0857  ema_gap=-0.0824  mixup=50/200  3.5 sps  ETA 3.6h
              R²_rand=0.3299  R²_naive=0.2098  U_t=0.3122  U_b=0.6624  AUC=0.9252  Top1=0.3783
  timing: data=4.0ms  fwd=123.7ms  bwd=93.3ms  total=221.7ms
[  53600] loss=13.0359  ema_loss=13.0801  gap=-0.0428  ema_gap=-0.0793  mixup=74/200  3.6 sps  ETA 3.6h
              R²_rand=0.3736  R²_naive=0.2459  U_t=0.2646  U_b=0.6074  AUC=0.9284  Top1=0.4225
  timing: data=4.1ms  fwd=123.6ms  bwd=93.6ms  total=222.1ms
[  53800] loss=13.0692  ema_loss=13.0812  gap=-0.0793  ema_gap=-0.0732  mixup=50/200  3.6 sps  ETA 3.6h
              R²_rand=0.3689  R²_naive=0.2126  U_t=0.3028  U_b=0.6127  AUC=0.9337  Top1=0.3463
  timing: data=43.1ms  fwd=123.1ms  bwd=92.6ms  total=259.5ms
[  54000] loss=13.1299  ema_loss=13.0847  gap=-0.0696  ema_gap=-0.0742  mixup=64/200  3.6 sps  ETA 3.6h
              R²_rand=0.3017  R²_naive=0.2158  U_t=0.3428  U_b=0.6338  AUC=0.9217  Top1=0.3417
  timing: data=4.8ms  fwd=134.6ms  bwd=99.8ms  total=240.2ms
[  54200] loss=13.0944  ema_loss=13.0834  gap=-0.0867  ema_gap=-0.0724  mixup=73/200  3.6 sps  ETA 3.6h
              R²_rand=0.3577  R²_naive=0.2123  U_t=0.3128  U_b=0.5836  AUC=0.9325  Top1=0.3322
  timing: data=4.5ms  fwd=130.3ms  bwd=98.7ms  total=234.4ms
[  54400] loss=13.0940  ema_loss=13.0831  gap=-0.0873  ema_gap=-0.0710  mixup=58/200  3.6 sps  ETA 3.5h
              R²_rand=0.3509  R²_naive=0.1977  U_t=0.3222  U_b=0.6455  AUC=0.9208  Top1=0.3425
  timing: data=32.5ms  fwd=140.2ms  bwd=100.1ms  total=273.8ms
[  54600] loss=13.0757  ema_loss=13.0789  gap=-0.0806  ema_gap=-0.0701  mixup=57/200  3.6 sps  ETA 3.5h
              R²_rand=0.3519  R²_naive=0.2116  U_t=0.3158  U_b=0.6543  AUC=0.9197  Top1=0.3544
  timing: data=5.7ms  fwd=142.2ms  bwd=103.7ms  total=252.6ms
[  54800] loss=13.0786  ema_loss=13.0782  gap=-0.0673  ema_gap=-0.0675  mixup=62/200  3.6 sps  ETA 3.5h
              R²_rand=0.3556  R²_naive=0.2216  U_t=0.3091  U_b=0.6378  AUC=0.9231  Top1=0.3810
  timing: data=8.7ms  fwd=139.1ms  bwd=105.9ms  total=254.7ms
[  55000] loss=13.0473  ema_loss=13.0825  gap=-0.0438  ema_gap=-0.0720  mixup=51/200  3.6 sps  ETA 3.5h
              R²_rand=0.3652  R²_naive=0.2603  U_t=0.2828  U_b=0.6257  AUC=0.9364  Top1=0.4027
  timing: data=5.1ms  fwd=140.2ms  bwd=102.5ms  total=248.8ms
[  55200] loss=13.1136  ema_loss=13.0759  gap=-0.0928  ema_gap=-0.0740  mixup=65/200  3.6 sps  ETA 3.5h
              R²_rand=0.3296  R²_naive=0.1825  U_t=0.3182  U_b=0.6149  AUC=0.9111  Top1=0.3262
  timing: data=38.3ms  fwd=135.5ms  bwd=103.6ms  total=278.2ms
[  55400] loss=13.1061  ema_loss=13.0735  gap=-0.0935  ema_gap=-0.0743  mixup=60/200  3.6 sps  ETA 3.5h
              R²_rand=0.3131  R²_naive=0.2057  U_t=0.3194  U_b=0.6761  AUC=0.9119  Top1=0.3547
  timing: data=5.2ms  fwd=136.8ms  bwd=103.3ms  total=246.2ms
[  55600] loss=13.1189  ema_loss=13.0726  gap=-0.0972  ema_gap=-0.0740  mixup=60/200  3.6 sps  ETA 3.4h
              R²_rand=0.3602  R²_naive=0.2101  U_t=0.3058  U_b=0.6775  AUC=0.9290  Top1=0.3783
  timing: data=4.6ms  fwd=137.0ms  bwd=99.1ms  total=241.5ms
[  55800] loss=13.0663  ema_loss=13.0715  gap=-0.0482  ema_gap=-0.0746  mixup=56/200  3.6 sps  ETA 3.4h
              R²_rand=0.3975  R²_naive=0.2506  U_t=0.2959  U_b=0.6342  AUC=0.9412  Top1=0.3929
  timing: data=39.6ms  fwd=130.4ms  bwd=97.2ms  total=267.9ms
[  56000] loss=13.0870  ema_loss=13.0746  gap=-0.0565  ema_gap=-0.0713  mixup=59/200  3.6 sps  ETA 3.4h
              R²_rand=0.3873  R²_naive=0.2389  U_t=0.3014  U_b=0.6469  AUC=0.9319  Top1=0.3919
  timing: data=3.9ms  fwd=119.8ms  bwd=92.8ms  total=217.2ms
[  56200] loss=13.0409  ema_loss=13.0796  gap=-0.0815  ema_gap=-0.0754  mixup=61/200  3.6 sps  ETA 3.4h
              R²_rand=0.3777  R²_naive=0.2174  U_t=0.2845  U_b=0.6762  AUC=0.9325  Top1=0.3750
  timing: data=4.1ms  fwd=120.3ms  bwd=90.6ms  total=215.7ms
[  56400] loss=13.0893  ema_loss=13.0798  gap=-0.0993  ema_gap=-0.0743  mixup=67/200  3.6 sps  ETA 3.3h
              R²_rand=0.3633  R²_naive=0.1915  U_t=0.3046  U_b=0.6568  AUC=0.9235  Top1=0.3479
  timing: data=27.8ms  fwd=121.3ms  bwd=93.3ms  total=243.0ms
[  56600] loss=13.1017  ema_loss=13.0764  gap=-0.0810  ema_gap=-0.0719  mixup=65/200  3.6 sps  ETA 3.3h
              R²_rand=0.3440  R²_naive=0.2107  U_t=0.3261  U_b=0.5931  AUC=0.9225  Top1=0.3495
  timing: data=4.6ms  fwd=121.7ms  bwd=92.0ms  total=219.0ms
[  56800] loss=13.0445  ema_loss=13.0677  gap=-0.0465  ema_gap=-0.0715  mixup=57/200  3.6 sps  ETA 3.3h
              R²_rand=0.4194  R²_naive=0.2416  U_t=0.2647  U_b=0.6221  AUC=0.9433  Top1=0.3976
  timing: data=3.9ms  fwd=118.3ms  bwd=90.9ms  total=213.7ms
[  57000] loss=13.0842  ema_loss=13.0726  gap=-0.0832  ema_gap=-0.0705  mixup=51/200  3.6 sps  ETA 3.3h
              R²_rand=0.3812  R²_naive=0.2095  U_t=0.3069  U_b=0.6683  AUC=0.9326  Top1=0.3951
  timing: data=31.5ms  fwd=121.4ms  bwd=91.7ms  total=245.4ms
[  57200] loss=13.0940  ema_loss=13.0870  gap=-0.0769  ema_gap=-0.0693  mixup=66/200  3.6 sps  ETA 3.3h
              R²_rand=0.3900  R²_naive=0.2358  U_t=0.2811  U_b=0.6254  AUC=0.9492  Top1=0.4193
  timing: data=3.7ms  fwd=120.4ms  bwd=89.7ms  total=214.5ms
[  57400] loss=13.0989  ema_loss=13.0967  gap=-0.0568  ema_gap=-0.0666  mixup=60/200  3.7 sps  ETA 3.2h
              R²_rand=0.3839  R²_naive=0.2430  U_t=0.3020  U_b=0.6343  AUC=0.9397  Top1=0.3609
  timing: data=4.1ms  fwd=124.0ms  bwd=97.1ms  total=225.9ms
[  57600] loss=13.0914  ema_loss=13.0917  gap=-0.0562  ema_gap=-0.0644  mixup=57/200  3.7 sps  ETA 3.2h
              R²_rand=0.3689  R²_naive=0.2346  U_t=0.3092  U_b=0.6363  AUC=0.9305  Top1=0.3764
  timing: data=32.9ms  fwd=122.6ms  bwd=93.2ms  total=249.4ms
[  57800] loss=13.0413  ema_loss=13.0882  gap=-0.0335  ema_gap=-0.0651  mixup=62/200  3.7 sps  ETA 3.2h
              R²_rand=0.4020  R²_naive=0.2755  U_t=0.2751  U_b=0.6258  AUC=0.9406  Top1=0.4090
  timing: data=4.0ms  fwd=121.2ms  bwd=91.4ms  total=217.3ms
[  58000] loss=13.1034  ema_loss=13.0881  gap=-0.0786  ema_gap=-0.0641  mixup=57/200  3.7 sps  ETA 3.2h
              R²_rand=0.3496  R²_naive=0.2290  U_t=0.3220  U_b=0.6037  AUC=0.9293  Top1=0.3142
  timing: data=4.3ms  fwd=123.0ms  bwd=94.1ms  total=222.2ms
[  58200] loss=13.1059  ema_loss=13.0939  gap=-0.0243  ema_gap=-0.0584  mixup=58/200  3.7 sps  ETA 3.2h
              R²_rand=0.3391  R²_naive=0.2630  U_t=0.3147  U_b=0.6576  AUC=0.9304  Top1=0.3883
  timing: data=41.3ms  fwd=123.0ms  bwd=93.4ms  total=258.4ms
  -> Saved /home/jupyter/wt-cf-390-train/experiments/2026-08-01_lalign_teacher/runs/bb_small_arm5_combab_lalign_lrep_enc3l3_b64_200k_sigreg_ema_qk_aon_cpc_tau090_alignteacher_r2_best_gap.pth
[  58400] loss=13.1159  ema_loss=13.0868  gap=-0.0951  ema_gap=-0.0620  mixup=61/200  3.7 sps  ETA 3.1h
              R²_rand=0.3431  R²_naive=0.1931  U_t=0.3122  U_b=0.6715  AUC=0.9158  Top1=0.3446
  timing: data=4.3ms  fwd=123.2ms  bwd=92.7ms  total=221.0ms
[  58600] loss=13.0654  ema_loss=13.0829  gap=-0.0672  ema_gap=-0.0575  mixup=61/200  3.7 sps  ETA 3.1h
              R²_rand=0.3830  R²_naive=0.2227  U_t=0.2816  U_b=0.6374  AUC=0.9253  Top1=0.3726
  timing: data=4.0ms  fwd=123.0ms  bwd=94.0ms  total=221.7ms
  -> Saved /home/jupyter/wt-cf-390-train/experiments/2026-08-01_lalign_teacher/runs/bb_small_arm5_combab_lalign_lrep_enc3l3_b64_200k_sigreg_ema_qk_aon_cpc_tau090_alignteacher_r2_best_gap.pth
[  58800] loss=13.0925  ema_loss=13.0814  gap=-0.0818  ema_gap=-0.0627  mixup=67/200  3.7 sps  ETA 3.1h
              R²_rand=0.3184  R²_naive=0.1797  U_t=0.3231  U_b=0.5982  AUC=0.8936  Top1=0.2893
  timing: data=85.1ms  fwd=120.3ms  bwd=96.3ms  total=302.3ms
[  59000] loss=13.0711  ema_loss=13.0867  gap=-0.0598  ema_gap=-0.0645  mixup=52/200  3.7 sps  ETA 3.1h
              R²_rand=0.4080  R²_naive=0.2490  U_t=0.2935  U_b=0.6445  AUC=0.9388  Top1=0.4100
  timing: data=4.0ms  fwd=122.3ms  bwd=91.6ms  total=218.7ms
[  59200] loss=13.0441  ema_loss=13.0854  gap=-0.0643  ema_gap=-0.0656  mixup=59/200  3.7 sps  ETA 3.1h
              R²_rand=0.3912  R²_naive=0.2307  U_t=0.2964  U_b=0.6386  AUC=0.9287  Top1=0.3596
  timing: data=4.2ms  fwd=123.2ms  bwd=91.6ms  total=219.8ms
[  59400] loss=13.0908  ema_loss=13.0890  gap=-0.0848  ema_gap=-0.0680  mixup=74/200  3.7 sps  ETA 3.1h
              R²_rand=0.3672  R²_naive=0.2024  U_t=0.2992  U_b=0.6384  AUC=0.9332  Top1=0.3799
  timing: data=23.5ms  fwd=121.6ms  bwd=91.7ms  total=237.5ms
[  59600] loss=13.0526  ema_loss=13.0881  gap=-0.0308  ema_gap=-0.0680  mixup=64/200  3.7 sps  ETA 3.0h
              R²_rand=0.3969  R²_naive=0.2630  U_t=0.2775  U_b=0.6137  AUC=0.9387  Top1=0.3967
  timing: data=3.9ms  fwd=120.4ms  bwd=90.8ms  total=215.8ms
[  59800] loss=13.1329  ema_loss=13.0904  gap=-0.0955  ema_gap=-0.0706  mixup=63/200  3.7 sps  ETA 3.0h
              R²_rand=0.3211  R²_naive=0.1992  U_t=0.3368  U_b=0.6931  AUC=0.9116  Top1=0.3493
  timing: data=5.6ms  fwd=119.7ms  bwd=91.6ms  total=217.6ms
[  60000] loss=13.1013  ema_loss=13.0901  gap=-0.0512  ema_gap=-0.0709  mixup=56/200  3.7 sps  ETA 3.0h
              R²_rand=0.3760  R²_naive=0.2441  U_t=0.3153  U_b=0.6297  AUC=0.9281  Top1=0.3786
  timing: data=4.4ms  fwd=120.3ms  bwd=91.9ms  total=217.3ms
[  60200] loss=13.1058  ema_loss=13.0872  gap=-0.0683  ema_gap=-0.0644  mixup=62/200  3.7 sps  ETA 3.0h
              R²_rand=0.3287  R²_naive=0.2139  U_t=0.3153  U_b=0.6765  AUC=0.9059  Top1=0.3558
  timing: data=21.5ms  fwd=118.2ms  bwd=90.7ms  total=231.0ms
[  60400] loss=13.0837  ema_loss=13.0902  gap=-0.0826  ema_gap=-0.0654  mixup=61/200  3.7 sps  ETA 3.0h
              R²_rand=0.3532  R²_naive=0.1988  U_t=0.3263  U_b=0.6463  AUC=0.9230  Top1=0.3452
  timing: data=4.0ms  fwd=123.7ms  bwd=92.6ms  total=221.0ms
[  60600] loss=13.0928  ema_loss=13.0929  gap=-0.0496  ema_gap=-0.0644  mixup=54/200  3.7 sps  ETA 2.9h
              R²_rand=0.3865  R²_naive=0.2521  U_t=0.2755  U_b=0.6647  AUC=0.9320  Top1=0.4326
  timing: data=4.0ms  fwd=121.6ms  bwd=92.7ms  total=218.9ms
[  60800] loss=13.0929  ema_loss=13.0818  gap=-0.0648  ema_gap=-0.0618  mixup=66/200  3.7 sps  ETA 2.9h
              R²_rand=0.3673  R²_naive=0.2393  U_t=0.3148  U_b=0.6527  AUC=0.9159  Top1=0.3688
  timing: data=42.5ms  fwd=120.4ms  bwd=92.7ms  total=256.3ms
[  61000] loss=13.1171  ema_loss=13.0724  gap=-0.0511  ema_gap=-0.0560  mixup=64/200  3.7 sps  ETA 2.9h
              R²_rand=0.3349  R²_naive=0.2207  U_t=0.3555  U_b=0.5938  AUC=0.9092  Top1=0.3080
  timing: data=3.8ms  fwd=120.2ms  bwd=89.1ms  total=213.8ms
  -> Saved /home/jupyter/wt-cf-390-train/experiments/2026-08-01_lalign_teacher/runs/bb_small_arm5_combab_lalign_lrep_enc3l3_b64_200k_sigreg_ema_qk_aon_cpc_tau090_alignteacher_r2_best_gap.pth
[  61200] loss=13.0910  ema_loss=13.0785  gap=-0.0481  ema_gap=-0.0588  mixup=55/200  3.7 sps  ETA 2.9h
              R²_rand=0.3602  R²_naive=0.2410  U_t=0.3210  U_b=0.6470  AUC=0.9252  Top1=0.3533
  timing: data=4.0ms  fwd=122.1ms  bwd=92.3ms  total=219.1ms
[  61400] loss=13.0964  ema_loss=13.0799  gap=-0.0605  ema_gap=-0.0608  mixup=57/200  3.7 sps  ETA 2.9h
              R²_rand=0.3200  R²_naive=0.2267  U_t=0.3322  U_b=0.6605  AUC=0.9219  Top1=0.3756
  timing: data=85.5ms  fwd=118.5ms  bwd=91.6ms  total=296.4ms
[  61600] loss=13.0736  ema_loss=13.0787  gap=-0.0638  ema_gap=-0.0667  mixup=67/200  3.7 sps  ETA 2.8h
              R²_rand=0.3654  R²_naive=0.2248  U_t=0.3114  U_b=0.6793  AUC=0.9128  Top1=0.3346
  timing: data=3.9ms  fwd=120.1ms  bwd=89.1ms  total=213.9ms
[  61800] loss=13.1005  ema_loss=13.0819  gap=-0.0765  ema_gap=-0.0636  mixup=65/200  3.7 sps  ETA 2.8h
              R²_rand=0.3549  R²_naive=0.1999  U_t=0.3083  U_b=0.6491  AUC=0.9147  Top1=0.3199
  timing: data=4.3ms  fwd=122.7ms  bwd=91.7ms  total=219.4ms
[  62000] loss=13.0506  ema_loss=13.0814  gap=-0.0490  ema_gap=-0.0666  mixup=57/200  3.8 sps  ETA 2.8h
              R²_rand=0.3959  R²_naive=0.2412  U_t=0.2798  U_b=0.6660  AUC=0.9232  Top1=0.3569
  timing: data=30.4ms  fwd=117.7ms  bwd=89.9ms  total=238.6ms
[  62200] loss=13.1063  ema_loss=13.0851  gap=-0.0373  ema_gap=-0.0670  mixup=66/200  3.8 sps  ETA 2.8h
              R²_rand=0.3408  R²_naive=0.2428  U_t=0.3209  U_b=0.6469  AUC=0.9212  Top1=0.3598
  timing: data=3.7ms  fwd=116.3ms  bwd=88.4ms  total=209.0ms
[  62400] loss=13.0405  ema_loss=13.0746  gap=-0.0574  ema_gap=-0.0651  mixup=47/200  3.8 sps  ETA 2.8h
              R²_rand=0.4102  R²_naive=0.2368  U_t=0.2576  U_b=0.6271  AUC=0.9396  Top1=0.3851
  timing: data=3.6ms  fwd=117.8ms  bwd=90.4ms  total=212.5ms
[  62600] loss=13.1390  ema_loss=13.0921  gap=-0.0717  ema_gap=-0.0627  mixup=73/200  3.8 sps  ETA 2.8h
              R²_rand=0.2953  R²_naive=0.2113  U_t=0.3677  U_b=0.6535  AUC=0.9059  Top1=0.3115
  timing: data=105.6ms  fwd=119.2ms  bwd=92.4ms  total=317.9ms
[  62800] loss=13.1467  ema_loss=13.0918  gap=-0.0695  ema_gap=-0.0607  mixup=59/200  3.8 sps  ETA 2.7h
              R²_rand=0.3151  R²_naive=0.2052  U_t=0.3690  U_b=0.6159  AUC=0.8952  Top1=0.2754
  timing: data=4.1ms  fwd=121.2ms  bwd=91.5ms  total=217.4ms
[  63000] loss=13.1196  ema_loss=13.0856  gap=-0.0621  ema_gap=-0.0623  mixup=62/200  3.8 sps  ETA 2.7h
              R²_rand=0.3484  R²_naive=0.2170  U_t=0.3217  U_b=0.6866  AUC=0.9091  Top1=0.3677
  timing: data=4.0ms  fwd=118.6ms  bwd=91.2ms  total=214.4ms
[  63200] loss=13.0634  ema_loss=13.0804  gap=-0.0380  ema_gap=-0.0549  mixup=62/200  3.8 sps  ETA 2.7h
              R²_rand=0.3729  R²_naive=0.2491  U_t=0.3049  U_b=0.6263  AUC=0.9263  Top1=0.3444
  timing: data=27.1ms  fwd=119.3ms  bwd=90.7ms  total=237.8ms
  -> Saved /home/jupyter/wt-cf-390-train/experiments/2026-08-01_lalign_teacher/runs/bb_small_arm5_combab_lalign_lrep_enc3l3_b64_200k_sigreg_ema_qk_aon_cpc_tau090_alignteacher_r2_best_gap.pth
[  63400] loss=13.0939  ema_loss=13.0733  gap=-0.0481  ema_gap=-0.0567  mixup=58/200  3.8 sps  ETA 2.7h
              R²_rand=0.3582  R²_naive=0.2251  U_t=0.3126  U_b=0.6724  AUC=0.9170  Top1=0.3699
  timing: data=4.1ms  fwd=119.9ms  bwd=91.3ms  total=216.1ms
[  63600] loss=13.0463  ema_loss=13.0808  gap=-0.0419  ema_gap=-0.0624  mixup=73/200  3.8 sps  ETA 2.7h
              R²_rand=0.3881  R²_naive=0.2389  U_t=0.2741  U_b=0.6745  AUC=0.9331  Top1=0.3927
  timing: data=4.2ms  fwd=120.8ms  bwd=91.1ms  total=216.8ms
[  63800] loss=13.0915  ema_loss=13.0790  gap=-0.0664  ema_gap=-0.0631  mixup=58/200  3.8 sps  ETA 2.7h
              R²_rand=0.3586  R²_naive=0.2155  U_t=0.3318  U_b=0.6247  AUC=0.9235  Top1=0.3414
  timing: data=22.4ms  fwd=121.0ms  bwd=92.5ms  total=236.6ms
[  64000] loss=13.0630  ema_loss=13.0723  gap=-0.0531  ema_gap=-0.0631  mixup=50/200  3.8 sps  ETA 2.6h
              R²_rand=0.3814  R²_naive=0.2355  U_t=0.2773  U_b=0.6214  AUC=0.9328  Top1=0.3593
  timing: data=3.9ms  fwd=120.7ms  bwd=89.7ms  total=214.9ms
[  64200] loss=13.0986  ema_loss=13.0801  gap=-0.0702  ema_gap=-0.0675  mixup=58/200  3.8 sps  ETA 2.6h
              R²_rand=0.3404  R²_naive=0.1999  U_t=0.3165  U_b=0.6810  AUC=0.9154  Top1=0.3777
  timing: data=4.1ms  fwd=122.3ms  bwd=91.7ms  total=218.8ms
[  64400] loss=13.0442  ema_loss=13.0816  gap=-0.0635  ema_gap=-0.0653  mixup=54/200  3.8 sps  ETA 2.6h
              R²_rand=0.3791  R²_naive=0.2175  U_t=0.2917  U_b=0.6339  AUC=0.9238  Top1=0.3335
  timing: data=30.2ms  fwd=120.2ms  bwd=91.9ms  total=243.0ms
[  64600] loss=13.0547  ema_loss=13.0795  gap=-0.0510  ema_gap=-0.0628  mixup=62/200  3.8 sps  ETA 2.6h
              R²_rand=0.3488  R²_naive=0.2225  U_t=0.2991  U_b=0.6477  AUC=0.9307  Top1=0.3916
  timing: data=4.1ms  fwd=121.5ms  bwd=92.8ms  total=219.2ms
[  64800] loss=13.0983  ema_loss=13.0762  gap=-0.0663  ema_gap=-0.0603  mixup=61/200  3.8 sps  ETA 2.6h
              R²_rand=0.3054  R²_naive=0.1952  U_t=0.3236  U_b=0.6614  AUC=0.9070  Top1=0.3311
  timing: data=4.0ms  fwd=122.9ms  bwd=90.9ms  total=218.6ms
[  65000] loss=13.0961  ema_loss=13.0904  gap=-0.0171  ema_gap=-0.0612  mixup=60/200  3.8 sps  ETA 2.6h
              R²_rand=0.3624  R²_naive=0.2631  U_t=0.3072  U_b=0.6398  AUC=0.9227  Top1=0.3628
  timing: data=4.1ms  fwd=121.5ms  bwd=92.2ms  total=218.5ms
[  65200] loss=13.0907  ema_loss=13.0858  gap=-0.0799  ema_gap=-0.0627  mixup=62/200  3.8 sps  ETA 2.5h
              R²_rand=0.3581  R²_naive=0.2108  U_t=0.2890  U_b=0.6375  AUC=0.9264  Top1=0.3159
  timing: data=27.2ms  fwd=118.9ms  bwd=91.1ms  total=237.9ms
[  65400] loss=13.1108  ema_loss=13.0867  gap=-0.0898  ema_gap=-0.0666  mixup=64/200  3.8 sps  ETA 2.5h
              R²_rand=0.3252  R²_naive=0.1890  U_t=0.3205  U_b=0.6977  AUC=0.9089  Top1=0.3531
  timing: data=3.8ms  fwd=121.7ms  bwd=90.9ms  total=217.0ms
[  65600] loss=13.1077  ema_loss=13.0864  gap=-0.0777  ema_gap=-0.0667  mixup=58/200  3.8 sps  ETA 2.5h
              R²_rand=0.3298  R²_naive=0.1970  U_t=0.3291  U_b=0.6718  AUC=0.9213  Top1=0.3582
  timing: data=4.1ms  fwd=120.3ms  bwd=91.0ms  total=216.0ms
[  65800] loss=13.0832  ema_loss=13.0836  gap=-0.0922  ema_gap=-0.0624  mixup=53/200  3.8 sps  ETA 2.5h
              R²_rand=0.3533  R²_naive=0.1920  U_t=0.2977  U_b=0.6583  AUC=0.9257  Top1=0.3658
  timing: data=32.5ms  fwd=119.0ms  bwd=90.9ms  total=243.1ms
[  66000] loss=13.1026  ema_loss=13.0889  gap=-0.0518  ema_gap=-0.0621  mixup=60/200  3.8 sps  ETA 2.5h
              R²_rand=0.3412  R²_naive=0.2341  U_t=0.3097  U_b=0.6749  AUC=0.9199  Top1=0.3840
  timing: data=4.1ms  fwd=121.3ms  bwd=94.3ms  total=220.5ms
[  66200] loss=13.0905  ema_loss=13.0866  gap=-0.0918  ema_gap=-0.0623  mixup=66/200  3.8 sps  ETA 2.5h
              R²_rand=0.3593  R²_naive=0.2147  U_t=0.3175  U_b=0.6946  AUC=0.9293  Top1=0.4033
  timing: data=4.2ms  fwd=121.2ms  bwd=90.7ms  total=216.8ms
[  66400] loss=13.0566  ema_loss=13.0828  gap=-0.1052  ema_gap=-0.0721  mixup=61/200  3.8 sps  ETA 2.4h
              R²_rand=0.3763  R²_naive=0.2018  U_t=0.2797  U_b=0.6526  AUC=0.9253  Top1=0.3650
  timing: data=28.7ms  fwd=115.7ms  bwd=89.1ms  total=234.1ms
[  66600] loss=13.1072  ema_loss=13.0868  gap=-0.0760  ema_gap=-0.0727  mixup=60/200  3.8 sps  ETA 2.4h
              R²_rand=0.3557  R²_naive=0.2088  U_t=0.2938  U_b=0.6393  AUC=0.9309  Top1=0.3767
  timing: data=3.9ms  fwd=118.4ms  bwd=89.3ms  total=212.3ms
[  66800] loss=13.0469  ema_loss=13.0811  gap=-0.0535  ema_gap=-0.0671  mixup=63/200  3.8 sps  ETA 2.4h
              R²_rand=0.4057  R²_naive=0.2428  U_t=0.2651  U_b=0.6154  AUC=0.9298  Top1=0.3503
  timing: data=3.8ms  fwd=117.4ms  bwd=89.6ms  total=211.4ms
[  67000] loss=13.0780  ema_loss=13.0748  gap=-0.0481  ema_gap=-0.0689  mixup=60/200  3.8 sps  ETA 2.4h
              R²_rand=0.3650  R²_naive=0.2504  U_t=0.2916  U_b=0.6891  AUC=0.9230  Top1=0.4157
  timing: data=44.4ms  fwd=117.8ms  bwd=90.1ms  total=252.9ms
[  67200] loss=13.0872  ema_loss=13.0663  gap=-0.0594  ema_gap=-0.0630  mixup=54/200  3.8 sps  ETA 2.4h
              R²_rand=0.3612  R²_naive=0.2325  U_t=0.3024  U_b=0.6827  AUC=0.9269  Top1=0.4163
  timing: data=4.0ms  fwd=117.5ms  bwd=90.9ms  total=213.0ms
[  67400] loss=13.0886  ema_loss=13.0865  gap=-0.0434  ema_gap=-0.0686  mixup=71/200  3.9 sps  ETA 2.4h
              R²_rand=0.3926  R²_naive=0.2510  U_t=0.2941  U_b=0.6758  AUC=0.9380  Top1=0.4312
  timing: data=3.8ms  fwd=117.0ms  bwd=89.3ms  total=210.7ms
[  67600] loss=13.1495  ema_loss=13.0961  gap=-0.0927  ema_gap=-0.0703  mixup=60/200  3.9 sps  ETA 2.3h
              R²_rand=0.3396  R²_naive=0.2014  U_t=0.3386  U_b=0.6884  AUC=0.9120  Top1=0.3392
  timing: data=27.2ms  fwd=117.3ms  bwd=90.4ms  total=235.6ms
[  67800] loss=13.1128  ema_loss=13.0923  gap=-0.0708  ema_gap=-0.0672  mixup=65/200  3.9 sps  ETA 2.3h
              R²_rand=0.3343  R²_naive=0.2347  U_t=0.3074  U_b=0.6301  AUC=0.9306  Top1=0.3441
  timing: data=4.1ms  fwd=118.7ms  bwd=91.1ms  total=214.6ms
[  68000] loss=13.1455  ema_loss=13.1001  gap=-0.0819  ema_gap=-0.0656  mixup=71/200  3.9 sps  ETA 2.3h
              R²_rand=0.3257  R²_naive=0.1972  U_t=0.3490  U_b=0.6397  AUC=0.8995  Top1=0.2852
  timing: data=3.8ms  fwd=117.9ms  bwd=91.4ms  total=213.8ms
[  68200] loss=13.1020  ema_loss=13.0961  gap=-0.0721  ema_gap=-0.0695  mixup=51/200  3.9 sps  ETA 2.3h
              R²_rand=0.3696  R²_naive=0.2142  U_t=0.2953  U_b=0.6973  AUC=0.9311  Top1=0.4128
  timing: data=56.5ms  fwd=117.6ms  bwd=92.0ms  total=266.8ms
[  68400] loss=13.0868  ema_loss=13.0963  gap=-0.0609  ema_gap=-0.0672  mixup=58/200  3.9 sps  ETA 2.3h
              R²_rand=0.3549  R²_naive=0.2306  U_t=0.2981  U_b=0.6860  AUC=0.9275  Top1=0.4092
  timing: data=3.8ms  fwd=118.0ms  bwd=90.6ms  total=213.1ms
[  68600] loss=13.1017  ema_loss=13.0888  gap=-0.0761  ema_gap=-0.0704  mixup=56/200  3.9 sps  ETA 2.3h
              R²_rand=0.3655  R²_naive=0.2138  U_t=0.2975  U_b=0.6417  AUC=0.9276  Top1=0.3840
  timing: data=4.0ms  fwd=118.8ms  bwd=91.4ms  total=214.9ms
[  68800] loss=13.0677  ema_loss=13.0908  gap=-0.0532  ema_gap=-0.0734  mixup=60/200  3.9 sps  ETA 2.2h
              R²_rand=0.3715  R²_naive=0.2130  U_t=0.2892  U_b=0.6748  AUC=0.9264  Top1=0.3913
  timing: data=20.3ms  fwd=116.7ms  bwd=88.9ms  total=226.6ms
[  69000] loss=13.0989  ema_loss=13.0890  gap=-0.0861  ema_gap=-0.0696  mixup=59/200  3.9 sps  ETA 2.2h
              R²_rand=0.3318  R²_naive=0.1944  U_t=0.3207  U_b=0.6737  AUC=0.9027  Top1=0.3490
  timing: data=4.0ms  fwd=119.7ms  bwd=89.2ms  total=213.6ms
[  69200] loss=13.0627  ema_loss=13.0995  gap=-0.0704  ema_gap=-0.0741  mixup=65/200  3.9 sps  ETA 2.2h
              R²_rand=0.4009  R²_naive=0.2295  U_t=0.2519  U_b=0.6238  AUC=0.9442  Top1=0.3631
  timing: data=3.5ms  fwd=115.2ms  bwd=88.1ms  total=207.5ms
[  69400] loss=13.1291  ema_loss=13.0865  gap=-0.0802  ema_gap=-0.0718  mixup=66/200  3.9 sps  ETA 2.2h
              R²_rand=0.3316  R²_naive=0.2049  U_t=0.3403  U_b=0.6767  AUC=0.9112  Top1=0.3536
  timing: data=19.2ms  fwd=116.3ms  bwd=88.5ms  total=224.7ms
[  69600] loss=13.0803  ema_loss=13.0764  gap=-0.0808  ema_gap=-0.0678  mixup=65/200  3.9 sps  ETA 2.2h
              R²_rand=0.3340  R²_naive=0.2184  U_t=0.2965  U_b=0.6498  AUC=0.9280  Top1=0.3313
  timing: data=5.2ms  fwd=119.0ms  bwd=90.8ms  total=215.7ms
[  69800] loss=13.0974  ema_loss=13.0798  gap=-0.0911  ema_gap=-0.0734  mixup=59/200  3.9 sps  ETA 2.2h
              R²_rand=0.3418  R²_naive=0.2004  U_t=0.3115  U_b=0.6879  AUC=0.9092  Top1=0.3788
  timing: data=4.1ms  fwd=117.5ms  bwd=89.3ms  total=211.5ms
[  70000] loss=13.0955  ema_loss=13.0775  gap=-0.1010  ema_gap=-0.0737  mixup=56/200  3.9 sps  ETA 2.1h
              R²_rand=0.3289  R²_naive=0.2014  U_t=0.3109  U_b=0.6662  AUC=0.9255  Top1=0.3682
  timing: data=3.7ms  fwd=116.2ms  bwd=88.6ms  total=209.1ms
[  70200] loss=13.0688  ema_loss=13.0812  gap=-0.0337  ema_gap=-0.0715  mixup=61/200  3.9 sps  ETA 2.1h
              R²_rand=0.4000  R²_naive=0.2613  U_t=0.2893  U_b=0.6561  AUC=0.9269  Top1=0.4062
  timing: data=20.3ms  fwd=116.1ms  bwd=89.4ms  total=226.4ms
[  70400] loss=13.0674  ema_loss=13.0901  gap=-0.0834  ema_gap=-0.0723  mixup=76/200  3.9 sps  ETA 2.1h
              R²_rand=0.3607  R²_naive=0.2069  U_t=0.2837  U_b=0.6494  AUC=0.9269  Top1=0.3745
  timing: data=4.0ms  fwd=117.6ms  bwd=89.7ms  total=212.0ms
[  70600] loss=13.0550  ema_loss=13.0871  gap=-0.0213  ema_gap=-0.0760  mixup=55/200  3.9 sps  ETA 2.1h
              R²_rand=0.4132  R²_naive=0.2609  U_t=0.2623  U_b=0.6225  AUC=0.9344  Top1=0.3951
  timing: data=3.6ms  fwd=115.6ms  bwd=89.1ms  total=208.9ms
[  70800] loss=13.1026  ema_loss=13.0948  gap=-0.0744  ema_gap=-0.0709  mixup=55/200  3.9 sps  ETA 2.1h
              R²_rand=0.3531  R²_naive=0.2125  U_t=0.3143  U_b=0.6793  AUC=0.9232  Top1=0.3794
  timing: data=27.1ms  fwd=115.5ms  bwd=88.3ms  total=231.5ms
[  71000] loss=13.0747  ema_loss=13.0988  gap=-0.0643  ema_gap=-0.0795  mixup=61/200  3.9 sps  ETA 2.1h
              R²_rand=0.3779  R²_naive=0.2373  U_t=0.2818  U_b=0.6729  AUC=0.9358  Top1=0.4065
  timing: data=3.9ms  fwd=118.1ms  bwd=89.0ms  total=211.6ms
[  71200] loss=13.0539  ema_loss=13.1003  gap=-0.0304  ema_gap=-0.0729  mixup=63/200  3.9 sps  ETA 2.0h
              R²_rand=0.4375  R²_naive=0.2688  U_t=0.2526  U_b=0.6097  AUC=0.9401  Top1=0.3674
  timing: data=3.7ms  fwd=117.0ms  bwd=88.4ms  total=209.8ms
[  71400] loss=13.1315  ema_loss=13.1062  gap=-0.1027  ema_gap=-0.0740  mixup=52/200  3.9 sps  ETA 2.0h
              R²_rand=0.3019  R²_naive=0.1829  U_t=0.3164  U_b=0.6691  AUC=0.9027  Top1=0.3202
  timing: data=17.8ms  fwd=115.6ms  bwd=87.9ms  total=221.9ms
[  71600] loss=13.1049  ema_loss=13.1054  gap=-0.0462  ema_gap=-0.0731  mixup=58/200  3.9 sps  ETA 2.0h
              R²_rand=0.3715  R²_naive=0.2413  U_t=0.3095  U_b=0.6709  AUC=0.9301  Top1=0.3995
  timing: data=3.8ms  fwd=116.1ms  bwd=90.8ms  total=211.4ms
[  71800] loss=13.1362  ema_loss=13.1029  gap=-0.0937  ema_gap=-0.0779  mixup=49/200  3.9 sps  ETA 2.0h
              R²_rand=0.3229  R²_naive=0.1948  U_t=0.3269  U_b=0.6445  AUC=0.8953  Top1=0.2920
  timing: data=4.0ms  fwd=118.6ms  bwd=90.9ms  total=214.1ms
[  72000] loss=13.1113  ema_loss=13.1069  gap=-0.0831  ema_gap=-0.0775  mixup=59/200  3.9 sps  ETA 2.0h
              R²_rand=0.3402  R²_naive=0.2067  U_t=0.2995  U_b=0.6486  AUC=0.9192  Top1=0.3682
  timing: data=39.5ms  fwd=115.5ms  bwd=88.3ms  total=244.0ms
[  72200] loss=13.1127  ema_loss=13.1038  gap=-0.0877  ema_gap=-0.0767  mixup=62/200  3.9 sps  ETA 2.0h
              R²_rand=0.3500  R²_naive=0.2040  U_t=0.3197  U_b=0.6771  AUC=0.9190  Top1=0.3799
  timing: data=3.9ms  fwd=117.9ms  bwd=89.3ms  total=211.7ms
[  72400] loss=13.0968  ema_loss=13.1064  gap=-0.0939  ema_gap=-0.0804  mixup=64/200  3.9 sps  ETA 2.0h
              R²_rand=0.3626  R²_naive=0.2076  U_t=0.2838  U_b=0.7001  AUC=0.9229  Top1=0.3639
  timing: data=3.9ms  fwd=116.7ms  bwd=90.3ms  total=211.5ms
[  72600] loss=13.0955  ema_loss=13.1075  gap=-0.1039  ema_gap=-0.0804  mixup=56/200  3.9 sps  ETA 1.9h
              R²_rand=0.3386  R²_naive=0.1936  U_t=0.3041  U_b=0.6664  AUC=0.9144  Top1=0.3707
  timing: data=28.1ms  fwd=113.6ms  bwd=86.5ms  total=228.8ms
[  72800] loss=13.1397  ema_loss=13.1077  gap=-0.0887  ema_gap=-0.0721  mixup=58/200  3.9 sps  ETA 1.9h
              R²_rand=0.3350  R²_naive=0.2049  U_t=0.3313  U_b=0.6353  AUC=0.9138  Top1=0.3156
  timing: data=3.8ms  fwd=116.6ms  bwd=88.5ms  total=209.6ms
[  73000] loss=13.1110  ema_loss=13.1024  gap=-0.0996  ema_gap=-0.0707  mixup=64/200  3.9 sps  ETA 1.9h
              R²_rand=0.3541  R²_naive=0.1906  U_t=0.3103  U_b=0.6886  AUC=0.9090  Top1=0.3327
  timing: data=3.7ms  fwd=118.7ms  bwd=89.5ms  total=212.6ms
[  73200] loss=13.0793  ema_loss=13.1014  gap=-0.0837  ema_gap=-0.0728  mixup=64/200  3.9 sps  ETA 1.9h
              R²_rand=0.3728  R²_naive=0.2303  U_t=0.2588  U_b=0.6734  AUC=0.9244  Top1=0.3764
  timing: data=101.4ms  fwd=115.1ms  bwd=87.2ms  total=304.3ms
[  73400] loss=13.1591  ema_loss=13.1133  gap=-0.0678  ema_gap=-0.0652  mixup=69/200  3.9 sps  ETA 1.9h
              R²_rand=0.3287  R²_naive=0.2220  U_t=0.3419  U_b=0.6483  AUC=0.9148  Top1=0.3650
  timing: data=4.0ms  fwd=116.2ms  bwd=88.7ms  total=209.6ms
[  73600] loss=13.1314  ema_loss=13.1163  gap=-0.0751  ema_gap=-0.0696  mixup=74/200  3.9 sps  ETA 1.9h
              R²_rand=0.3565  R²_naive=0.2319  U_t=0.3278  U_b=0.6403  AUC=0.9150  Top1=0.3593
  timing: data=3.6ms  fwd=118.4ms  bwd=89.3ms  total=212.0ms
[  73800] loss=13.0774  ema_loss=13.0972  gap=-0.0807  ema_gap=-0.0688  mixup=67/200  3.9 sps  ETA 1.8h
              R²_rand=0.4021  R²_naive=0.2147  U_t=0.2730  U_b=0.6106  AUC=0.9360  Top1=0.3715
  timing: data=34.2ms  fwd=115.0ms  bwd=89.2ms  total=239.0ms
[  74000] loss=13.1303  ema_loss=13.0945  gap=-0.0673  ema_gap=-0.0673  mixup=52/200  3.9 sps  ETA 1.8h
              R²_rand=0.3711  R²_naive=0.2232  U_t=0.2995  U_b=0.6594  AUC=0.9276  Top1=0.4217
  timing: data=3.6ms  fwd=117.7ms  bwd=88.7ms  total=210.6ms
[  74200] loss=13.0869  ema_loss=13.1048  gap=-0.0854  ema_gap=-0.0677  mixup=58/200  3.9 sps  ETA 1.8h
              R²_rand=0.3641  R²_naive=0.2051  U_t=0.3049  U_b=0.6506  AUC=0.9220  Top1=0.3449
  timing: data=3.7ms  fwd=117.3ms  bwd=89.4ms  total=211.0ms
[  74400] loss=13.0821  ema_loss=13.0996  gap=-0.0609  ema_gap=-0.0669  mixup=39/200  4.0 sps  ETA 1.8h
              R²_rand=0.3881  R²_naive=0.2210  U_t=0.2893  U_b=0.6368  AUC=0.9247  Top1=0.3313
  timing: data=21.5ms  fwd=116.9ms  bwd=89.2ms  total=228.3ms
[  74600] loss=13.0792  ema_loss=13.0970  gap=-0.0897  ema_gap=-0.0676  mixup=64/200  4.0 sps  ETA 1.8h
              R²_rand=0.3976  R²_naive=0.2163  U_t=0.2858  U_b=0.6523  AUC=0.9353  Top1=0.3894
  timing: data=4.0ms  fwd=117.1ms  bwd=91.5ms  total=213.3ms
[  74800] loss=13.0571  ema_loss=13.1015  gap=-0.0870  ema_gap=-0.0674  mixup=55/200  4.0 sps  ETA 1.8h
              R²_rand=0.3783  R²_naive=0.2118  U_t=0.2760  U_b=0.6651  AUC=0.9211  Top1=0.3900
  timing: data=3.9ms  fwd=118.2ms  bwd=90.6ms  total=213.4ms
[  75000] loss=13.1227  ema_loss=13.1097  gap=-0.0734  ema_gap=-0.0638  mixup=51/200  4.0 sps  ETA 1.8h
              R²_rand=0.3487  R²_naive=0.2204  U_t=0.3318  U_b=0.6526  AUC=0.9177  Top1=0.3639
  timing: data=3.9ms  fwd=118.2ms  bwd=89.9ms  total=212.6ms
  -> Saved /home/jupyter/wt-cf-390-train/experiments/2026-08-01_lalign_teacher/runs/bb_small_arm5_combab_lalign_lrep_enc3l3_b64_200k_sigreg_ema_qk_aon_cpc_tau090_alignteacher_r2_75k.pth
[  75200] loss=13.1287  ema_loss=13.1176  gap=-0.0918  ema_gap=-0.0627  mixup=59/200  4.0 sps  ETA 1.7h
              R²_rand=0.3205  R²_naive=0.2140  U_t=0.3061  U_b=0.6315  AUC=0.9074  Top1=0.3001
  timing: data=30.7ms  fwd=115.9ms  bwd=91.3ms  total=238.5ms
[  75400] loss=13.1280  ema_loss=13.1021  gap=-0.0650  ema_gap=-0.0620  mixup=64/200  4.0 sps  ETA 1.7h
              R²_rand=0.3667  R²_naive=0.2237  U_t=0.3127  U_b=0.6206  AUC=0.9253  Top1=0.3474
  timing: data=3.7ms  fwd=117.5ms  bwd=90.4ms  total=212.3ms
[  75600] loss=13.1191  ema_loss=13.1055  gap=-0.0893  ema_gap=-0.0720  mixup=59/200  4.0 sps  ETA 1.7h
              R²_rand=0.3535  R²_naive=0.2172  U_t=0.3067  U_b=0.6924  AUC=0.9182  Top1=0.3682
  timing: data=3.9ms  fwd=119.6ms  bwd=90.3ms  total=214.5ms
[  75800] loss=13.1024  ema_loss=13.0978  gap=-0.0862  ema_gap=-0.0728  mixup=56/200  4.0 sps  ETA 1.7h
              R²_rand=0.3554  R²_naive=0.2235  U_t=0.3039  U_b=0.6349  AUC=0.9230  Top1=0.3726
  timing: data=22.5ms  fwd=117.9ms  bwd=91.0ms  total=232.2ms
[  76000] loss=13.1418  ema_loss=13.1073  gap=-0.0756  ema_gap=-0.0725  mixup=69/200  4.0 sps  ETA 1.7h
              R²_rand=0.3185  R²_naive=0.2204  U_t=0.3233  U_b=0.6779  AUC=0.9097  Top1=0.3645
  timing: data=4.1ms  fwd=118.4ms  bwd=88.8ms  total=212.0ms
[  76200] loss=13.0875  ema_loss=13.1079  gap=-0.0604  ema_gap=-0.0719  mixup=51/200  4.0 sps  ETA 1.7h
              R²_rand=0.3907  R²_naive=0.2499  U_t=0.3012  U_b=0.5836  AUC=0.9348  Top1=0.3815
  timing: data=4.2ms  fwd=116.3ms  bwd=90.7ms  total=211.9ms
[  76400] loss=13.1023  ema_loss=13.1105  gap=-0.0579  ema_gap=-0.0682  mixup=70/200  4.0 sps  ETA 1.6h
              R²_rand=0.3719  R²_naive=0.2438  U_t=0.2890  U_b=0.6536  AUC=0.9317  Top1=0.3761
  timing: data=24.3ms  fwd=118.6ms  bwd=90.1ms  total=233.7ms
[  76600] loss=13.0628  ema_loss=13.1019  gap=-0.0369  ema_gap=-0.0717  mixup=63/200  4.0 sps  ETA 1.6h
              R²_rand=0.3900  R²_naive=0.2326  U_t=0.2825  U_b=0.6200  AUC=0.9357  Top1=0.3680
  timing: data=3.8ms  fwd=117.0ms  bwd=90.7ms  total=212.1ms
[  76800] loss=13.1370  ema_loss=13.1083  gap=-0.0582  ema_gap=-0.0711  mixup=58/200  4.0 sps  ETA 1.6h
              R²_rand=0.3845  R²_naive=0.2442  U_t=0.3137  U_b=0.6132  AUC=0.9235  Top1=0.3745
  timing: data=3.6ms  fwd=115.7ms  bwd=87.8ms  total=207.8ms
[  77000] loss=13.0773  ema_loss=13.1166  gap=-0.0681  ema_gap=-0.0706  mixup=55/200  4.0 sps  ETA 1.6h
              R²_rand=0.4152  R²_naive=0.2303  U_t=0.2641  U_b=0.6001  AUC=0.9386  Top1=0.3642
  timing: data=35.0ms  fwd=114.5ms  bwd=88.8ms  total=239.0ms
[  77200] loss=13.1254  ema_loss=13.1059  gap=-0.0947  ema_gap=-0.0699  mixup=68/200  4.0 sps  ETA 1.6h
              R²_rand=0.3419  R²_naive=0.2066  U_t=0.3153  U_b=0.6646  AUC=0.9067  Top1=0.3362
  timing: data=3.9ms  fwd=116.8ms  bwd=88.8ms  total=210.2ms
[  77400] loss=13.0059  ema_loss=13.0952  gap=-0.0186  ema_gap=-0.0647  mixup=63/200  4.0 sps  ETA 1.6h
              R²_rand=0.4546  R²_naive=0.2959  U_t=0.2301  U_b=0.6271  AUC=0.9577  Top1=0.4445
  timing: data=3.8ms  fwd=117.8ms  bwd=89.2ms  total=211.4ms
[  77600] loss=13.1314  ema_loss=13.1047  gap=-0.0485  ema_gap=-0.0703  mixup=56/200  4.0 sps  ETA 1.6h
              R²_rand=0.3912  R²_naive=0.2550  U_t=0.2889  U_b=0.6386  AUC=0.9429  Top1=0.4252
  timing: data=18.9ms  fwd=116.2ms  bwd=88.7ms  total=224.5ms
[  77800] loss=13.0950  ema_loss=13.1017  gap=-0.0711  ema_gap=-0.0695  mixup=58/200  4.0 sps  ETA 1.5h
              R²_rand=0.3777  R²_naive=0.2336  U_t=0.2851  U_b=0.6561  AUC=0.9368  Top1=0.4052
  timing: data=3.7ms  fwd=116.3ms  bwd=89.1ms  total=209.7ms
[  78000] loss=13.0923  ema_loss=13.1030  gap=-0.0727  ema_gap=-0.0739  mixup=55/200  4.0 sps  ETA 1.5h
              R²_rand=0.3937  R²_naive=0.2307  U_t=0.2819  U_b=0.6539  AUC=0.9389  Top1=0.3946
  timing: data=3.7ms  fwd=116.8ms  bwd=88.2ms  total=209.3ms
[  78200] loss=13.0746  ema_loss=13.1051  gap=-0.0700  ema_gap=-0.0784  mixup=56/200  4.0 sps  ETA 1.5h
              R²_rand=0.3721  R²_naive=0.2483  U_t=0.2791  U_b=0.6169  AUC=0.9281  Top1=0.3813
  timing: data=104.9ms  fwd=114.3ms  bwd=87.7ms  total=307.6ms
[  78400] loss=13.1472  ema_loss=13.1086  gap=-0.0946  ema_gap=-0.0779  mixup=58/200  4.0 sps  ETA 1.5h
              R²_rand=0.3380  R²_naive=0.2107  U_t=0.3414  U_b=0.6493  AUC=0.9243  Top1=0.3541
  timing: data=3.8ms  fwd=117.1ms  bwd=88.0ms  total=209.6ms
[  78600] loss=13.1018  ema_loss=13.1077  gap=-0.0723  ema_gap=-0.0744  mixup=57/200  4.0 sps  ETA 1.5h
              R²_rand=0.3537  R²_naive=0.2274  U_t=0.3162  U_b=0.5837  AUC=0.9174  Top1=0.3360
  timing: data=3.7ms  fwd=116.7ms  bwd=89.5ms  total=210.5ms
[  78800] loss=13.1383  ema_loss=13.1102  gap=-0.0734  ema_gap=-0.0716  mixup=67/200  4.0 sps  ETA 1.5h
              R²_rand=0.3184  R²_naive=0.2188  U_t=0.3242  U_b=0.6375  AUC=0.9216  Top1=0.3460
  timing: data=25.4ms  fwd=115.9ms  bwd=88.3ms  total=230.2ms
[  79000] loss=13.1666  ema_loss=13.1197  gap=-0.0797  ema_gap=-0.0734  mixup=59/200  4.0 sps  ETA 1.5h
              R²_rand=0.3235  R²_naive=0.2110  U_t=0.3404  U_b=0.6522  AUC=0.9039  Top1=0.3251
  timing: data=4.3ms  fwd=116.8ms  bwd=88.8ms  total=210.5ms
[  79200] loss=13.0835  ema_loss=13.1080  gap=-0.0843  ema_gap=-0.0788  mixup=58/200  4.0 sps  ETA 1.4h
              R²_rand=0.3802  R²_naive=0.2185  U_t=0.2919  U_b=0.6489  AUC=0.9268  Top1=0.3639
  timing: data=4.1ms  fwd=117.6ms  bwd=89.0ms  total=211.4ms
[  79400] loss=13.1039  ema_loss=13.1086  gap=-0.0986  ema_gap=-0.0789  mixup=60/200  4.0 sps  ETA 1.4h
              R²_rand=0.3691  R²_naive=0.2102  U_t=0.2862  U_b=0.6542  AUC=0.9299  Top1=0.3531
  timing: data=29.7ms  fwd=116.5ms  bwd=88.0ms  total=234.9ms
[  79600] loss=13.0844  ema_loss=13.1068  gap=-0.0658  ema_gap=-0.0786  mixup=64/200  4.0 sps  ETA 1.4h
              R²_rand=0.3812  R²_naive=0.2410  U_t=0.2959  U_b=0.6395  AUC=0.9395  Top1=0.3848
  timing: data=4.0ms  fwd=118.6ms  bwd=90.7ms  total=214.0ms
[  79800] loss=13.0980  ema_loss=13.1123  gap=-0.0831  ema_gap=-0.0746  mixup=66/200  4.0 sps  ETA 1.4h
              R²_rand=0.4031  R²_naive=0.2307  U_t=0.2818  U_b=0.6081  AUC=0.9409  Top1=0.3701
  timing: data=3.7ms  fwd=117.3ms  bwd=87.9ms  total=209.5ms
[  80000] loss=13.1383  ema_loss=13.1143  gap=-0.0899  ema_gap=-0.0774  mixup=56/200  4.0 sps  ETA 1.4h
              R²_rand=0.3613  R²_naive=0.2161  U_t=0.3095  U_b=0.6440  AUC=0.9279  Top1=0.3647
  timing: data=3.5ms  fwd=114.8ms  bwd=87.5ms  total=206.5ms
[  80200] loss=13.1006  ema_loss=13.1124  gap=-0.0659  ema_gap=-0.0811  mixup=58/200  4.0 sps  ETA 1.4h
              R²_rand=0.3737  R²_naive=0.2324  U_t=0.3038  U_b=0.6505  AUC=0.9280  Top1=0.3574
  timing: data=22.5ms  fwd=116.6ms  bwd=88.1ms  total=227.8ms
[  80400] loss=13.1717  ema_loss=13.1162  gap=-0.1010  ema_gap=-0.0825  mixup=60/200  4.0 sps  ETA 1.4h
              R²_rand=0.3652  R²_naive=0.2033  U_t=0.3205  U_b=0.5596  AUC=0.9114  Top1=0.2928
  timing: data=3.5ms  fwd=115.9ms  bwd=89.1ms  total=209.2ms
[  80600] loss=13.1138  ema_loss=13.1204  gap=-0.0944  ema_gap=-0.0830  mixup=51/200  4.0 sps  ETA 1.3h
              R²_rand=0.3858  R²_naive=0.2091  U_t=0.2898  U_b=0.6350  AUC=0.9391  Top1=0.3563
  timing: data=3.7ms  fwd=118.1ms  bwd=89.0ms  total=211.5ms
[  80800] loss=13.1190  ema_loss=13.1107  gap=-0.0623  ema_gap=-0.0789  mixup=57/200  4.0 sps  ETA 1.3h
              R²_rand=0.3363  R²_naive=0.2269  U_t=0.3098  U_b=0.6571  AUC=0.9219  Top1=0.3588
  timing: data=18.6ms  fwd=116.1ms  bwd=89.5ms  total=224.9ms
[  81000] loss=13.1217  ema_loss=13.1156  gap=-0.1002  ema_gap=-0.0779  mixup=59/200  4.0 sps  ETA 1.3h
              R²_rand=0.3625  R²_naive=0.2065  U_t=0.3007  U_b=0.6827  AUC=0.9111  Top1=0.3590
  timing: data=3.9ms  fwd=117.4ms  bwd=89.6ms  total=211.6ms
[  81200] loss=13.1166  ema_loss=13.1237  gap=-0.0777  ema_gap=-0.0820  mixup=50/200  4.0 sps  ETA 1.3h
              R²_rand=0.3745  R²_naive=0.2255  U_t=0.3052  U_b=0.6361  AUC=0.9267  Top1=0.3669
  timing: data=4.2ms  fwd=114.8ms  bwd=90.4ms  total=210.0ms
[  81400] loss=13.1856  ema_loss=13.1301  gap=-0.0963  ema_gap=-0.0784  mixup=69/200  4.0 sps  ETA 1.3h
              R²_rand=0.3296  R²_naive=0.2013  U_t=0.3445  U_b=0.6449  AUC=0.9134  Top1=0.3164
  timing: data=18.4ms  fwd=117.2ms  bwd=89.3ms  total=225.5ms
[  81600] loss=13.1433  ema_loss=13.1277  gap=-0.0798  ema_gap=-0.0749  mixup=62/200  4.0 sps  ETA 1.3h
              R²_rand=0.3344  R²_naive=0.2222  U_t=0.3112  U_b=0.6666  AUC=0.9051  Top1=0.3357
  timing: data=4.1ms  fwd=116.3ms  bwd=89.4ms  total=210.6ms
[  81800] loss=13.1822  ema_loss=13.1383  gap=-0.1015  ema_gap=-0.0752  mixup=61/200  4.0 sps  ETA 1.3h
              R²_rand=0.3538  R²_naive=0.2176  U_t=0.3197  U_b=0.6290  AUC=0.9143  Top1=0.2833
  timing: data=3.9ms  fwd=116.8ms  bwd=86.6ms  total=208.0ms
[  82000] loss=13.1389  ema_loss=13.1339  gap=-0.0771  ema_gap=-0.0762  mixup=63/200  4.0 sps  ETA 1.2h
              R²_rand=0.3652  R²_naive=0.2192  U_t=0.3032  U_b=0.6597  AUC=0.9250  Top1=0.3986
  timing: data=19.8ms  fwd=114.4ms  bwd=88.1ms  total=222.9ms
[  82200] loss=13.1155  ema_loss=13.1231  gap=-0.1003  ema_gap=-0.0775  mixup=57/200  4.0 sps  ETA 1.2h
              R²_rand=0.3638  R²_naive=0.1951  U_t=0.2907  U_b=0.6476  AUC=0.9263  Top1=0.3566
  timing: data=4.3ms  fwd=116.3ms  bwd=88.7ms  total=210.0ms
[  82400] loss=13.1051  ema_loss=13.1246  gap=-0.0865  ema_gap=-0.0804  mixup=69/200  4.0 sps  ETA 1.2h
              R²_rand=0.3371  R²_naive=0.2101  U_t=0.3057  U_b=0.6802  AUC=0.9124  Top1=0.3815
  timing: data=3.7ms  fwd=115.3ms  bwd=88.8ms  total=208.4ms
[  82600] loss=13.0909  ema_loss=13.1332  gap=-0.0571  ema_gap=-0.0817  mixup=53/200  4.0 sps  ETA 1.2h
              R²_rand=0.4057  R²_naive=0.2498  U_t=0.2831  U_b=0.6327  AUC=0.9377  Top1=0.3946
  timing: data=18.7ms  fwd=116.5ms  bwd=89.8ms  total=225.5ms
[  82800] loss=13.1404  ema_loss=13.1314  gap=-0.0910  ema_gap=-0.0772  mixup=55/200  4.0 sps  ETA 1.2h
              R²_rand=0.3245  R²_naive=0.2251  U_t=0.3154  U_b=0.6273  AUC=0.9008  Top1=0.3180
  timing: data=3.7ms  fwd=115.1ms  bwd=88.3ms  total=207.7ms
[  83000] loss=13.1249  ema_loss=13.1272  gap=-0.1009  ema_gap=-0.0765  mixup=61/200  4.0 sps  ETA 1.2h
              R²_rand=0.3729  R²_naive=0.2087  U_t=0.3001  U_b=0.6401  AUC=0.9232  Top1=0.3430
  timing: data=3.5ms  fwd=116.2ms  bwd=88.0ms  total=208.3ms
[  83200] loss=13.1539  ema_loss=13.1272  gap=-0.1033  ema_gap=-0.0813  mixup=64/200  4.0 sps  ETA 1.2h
              R²_rand=0.3360  R²_naive=0.1873  U_t=0.3119  U_b=0.6414  AUC=0.9130  Top1=0.3140
  timing: data=18.4ms  fwd=114.0ms  bwd=88.8ms  total=221.8ms
[  83400] loss=13.0722  ema_loss=13.1245  gap=-0.0681  ema_gap=-0.0773  mixup=74/200  4.0 sps  ETA 1.1h
              R²_rand=0.3737  R²_naive=0.2274  U_t=0.2951  U_b=0.6650  AUC=0.9207  Top1=0.3970
  timing: data=3.5ms  fwd=117.4ms  bwd=90.0ms  total=211.5ms
[  83600] loss=13.1764  ema_loss=13.1230  gap=-0.0914  ema_gap=-0.0742  mixup=62/200  4.1 sps  ETA 1.1h
              R²_rand=0.3497  R²_naive=0.2176  U_t=0.3056  U_b=0.6843  AUC=0.9206  Top1=0.3794
  timing: data=4.1ms  fwd=117.0ms  bwd=88.7ms  total=210.6ms
[  83800] loss=13.1139  ema_loss=13.1208  gap=-0.0787  ema_gap=-0.0754  mixup=67/200  4.1 sps  ETA 1.1h
              R²_rand=0.3550  R²_naive=0.2162  U_t=0.2920  U_b=0.6734  AUC=0.9193  Top1=0.3658
  timing: data=18.3ms  fwd=116.0ms  bwd=89.5ms  total=224.4ms
[  84000] loss=13.1089  ema_loss=13.1266  gap=-0.0704  ema_gap=-0.0762  mixup=78/200  4.1 sps  ETA 1.1h
              R²_rand=0.3648  R²_naive=0.2177  U_t=0.2986  U_b=0.6357  AUC=0.9287  Top1=0.3400
  timing: data=3.5ms  fwd=114.8ms  bwd=89.0ms  total=207.8ms
[  84200] loss=13.1185  ema_loss=13.1309  gap=-0.1038  ema_gap=-0.0757  mixup=56/200  4.1 sps  ETA 1.1h
              R²_rand=0.3559  R²_naive=0.2042  U_t=0.3158  U_b=0.6326  AUC=0.9056  Top1=0.3248
  timing: data=3.9ms  fwd=117.0ms  bwd=90.6ms  total=212.2ms
[  84400] loss=13.1173  ema_loss=13.1191  gap=-0.0689  ema_gap=-0.0735  mixup=58/200  4.1 sps  ETA 1.1h
              R²_rand=0.3523  R²_naive=0.2316  U_t=0.3059  U_b=0.6502  AUC=0.9290  Top1=0.3845
  timing: data=19.2ms  fwd=114.7ms  bwd=89.9ms  total=224.4ms
[  84600] loss=13.1064  ema_loss=13.1233  gap=-0.0602  ema_gap=-0.0728  mixup=64/200  4.1 sps  ETA 1.1h
              R²_rand=0.3584  R²_naive=0.2260  U_t=0.3119  U_b=0.6373  AUC=0.9054  Top1=0.3284
  timing: data=3.7ms  fwd=116.9ms  bwd=89.6ms  total=210.9ms
[  84800] loss=13.0972  ema_loss=13.1269  gap=-0.0852  ema_gap=-0.0730  mixup=61/200  4.1 sps  ETA 1.0h
              R²_rand=0.3815  R²_naive=0.2282  U_t=0.2768  U_b=0.6819  AUC=0.9280  Top1=0.4008
  timing: data=3.4ms  fwd=116.8ms  bwd=89.9ms  total=210.7ms
[  85000] loss=13.1690  ema_loss=13.1286  gap=-0.0821  ema_gap=-0.0726  mixup=55/200  4.1 sps  ETA 1.0h
              R²_rand=0.3334  R²_naive=0.2158  U_t=0.3193  U_b=0.6683  AUC=0.9245  Top1=0.3685
  timing: data=3.8ms  fwd=114.3ms  bwd=87.9ms  total=206.6ms
[  85200] loss=13.1441  ema_loss=13.1325  gap=-0.0862  ema_gap=-0.0719  mixup=59/200  4.1 sps  ETA 1.0h
              R²_rand=0.3507  R²_naive=0.2002  U_t=0.3281  U_b=0.6572  AUC=0.9091  Top1=0.3362
  timing: data=24.2ms  fwd=115.7ms  bwd=90.3ms  total=231.0ms
[  85400] loss=13.1408  ema_loss=13.1336  gap=-0.1080  ema_gap=-0.0733  mixup=59/200  4.1 sps  ETA 1.0h
              R²_rand=0.3657  R²_naive=0.2095  U_t=0.2941  U_b=0.6763  AUC=0.9212  Top1=0.3539
  timing: data=3.8ms  fwd=119.0ms  bwd=91.0ms  total=214.3ms
[  85600] loss=13.1381  ema_loss=13.1348  gap=-0.0878  ema_gap=-0.0740  mixup=52/200  4.1 sps  ETA 1.0h
              R²_rand=0.3441  R²_naive=0.1969  U_t=0.3081  U_b=0.6153  AUC=0.9117  Top1=0.2955
  timing: data=3.8ms  fwd=116.0ms  bwd=87.4ms  total=207.9ms
[  85800] loss=13.1525  ema_loss=13.1374  gap=-0.0851  ema_gap=-0.0773  mixup=59/200  4.1 sps  ETA 1.0h
              R²_rand=0.3294  R²_naive=0.2197  U_t=0.3162  U_b=0.6321  AUC=0.9176  Top1=0.3275
  timing: data=18.9ms  fwd=116.8ms  bwd=89.2ms  total=225.6ms
[  86000] loss=13.1545  ema_loss=13.1462  gap=-0.0982  ema_gap=-0.0796  mixup=58/200  4.1 sps  ETA 1.0h
              R²_rand=0.3391  R²_naive=0.2023  U_t=0.3224  U_b=0.6814  AUC=0.9135  Top1=0.3463
  timing: data=3.7ms  fwd=115.9ms  bwd=88.4ms  total=208.7ms
[  86200] loss=13.0835  ema_loss=13.1364  gap=-0.0370  ema_gap=-0.0751  mixup=71/200  4.1 sps  ETA 0.9h
              R²_rand=0.3856  R²_naive=0.2723  U_t=0.2710  U_b=0.6211  AUC=0.9363  Top1=0.3807
  timing: data=3.7ms  fwd=117.5ms  bwd=88.7ms  total=210.6ms
[  86400] loss=13.1381  ema_loss=13.1329  gap=-0.0862  ema_gap=-0.0773  mixup=57/200  4.1 sps  ETA 0.9h
              R²_rand=0.3487  R²_naive=0.2260  U_t=0.3010  U_b=0.6601  AUC=0.9218  Top1=0.3748
  timing: data=26.4ms  fwd=115.4ms  bwd=89.1ms  total=231.5ms
[  86600] loss=13.1546  ema_loss=13.1283  gap=-0.0708  ema_gap=-0.0760  mixup=57/200  4.1 sps  ETA 0.9h
              R²_rand=0.3812  R²_naive=0.2292  U_t=0.2989  U_b=0.6688  AUC=0.9272  Top1=0.3685
  timing: data=3.9ms  fwd=118.2ms  bwd=90.9ms  total=213.7ms
[  86800] loss=13.1570  ema_loss=13.1316  gap=-0.0977  ema_gap=-0.0767  mixup=64/200  4.1 sps  ETA 0.9h
              R²_rand=0.3366  R²_naive=0.2080  U_t=0.3097  U_b=0.6724  AUC=0.9237  Top1=0.3731
  timing: data=3.7ms  fwd=116.9ms  bwd=90.3ms  total=211.6ms
[  87000] loss=13.1387  ema_loss=13.1406  gap=-0.0736  ema_gap=-0.0803  mixup=67/200  4.1 sps  ETA 0.9h
              R²_rand=0.3353  R²_naive=0.2298  U_t=0.3086  U_b=0.6708  AUC=0.9134  Top1=0.3734
  timing: data=22.4ms  fwd=116.3ms  bwd=88.5ms  total=227.9ms
[  87200] loss=13.1805  ema_loss=13.1533  gap=-0.0948  ema_gap=-0.0820  mixup=68/200  4.1 sps  ETA 0.9h
              R²_rand=0.3433  R²_naive=0.2117  U_t=0.3265  U_b=0.5774  AUC=0.9196  Top1=0.2858
  timing: data=3.5ms  fwd=118.3ms  bwd=89.0ms  total=211.5ms
[  87400] loss=13.1907  ema_loss=13.1474  gap=-0.0861  ema_gap=-0.0821  mixup=62/200  4.1 sps  ETA 0.9h
              R²_rand=0.3362  R²_naive=0.2186  U_t=0.3320  U_b=0.6640  AUC=0.9080  Top1=0.3571
  timing: data=3.6ms  fwd=116.0ms  bwd=88.1ms  total=208.3ms
[  87600] loss=13.0838  ema_loss=13.1459  gap=-0.0977  ema_gap=-0.0858  mixup=64/200  4.1 sps  ETA 0.8h
              R²_rand=0.4021  R²_naive=0.2140  U_t=0.2538  U_b=0.6222  AUC=0.9153  Top1=0.3609
  timing: data=19.0ms  fwd=116.0ms  bwd=89.5ms  total=225.1ms
[  87800] loss=13.0618  ema_loss=13.1371  gap=-0.0567  ema_gap=-0.0809  mixup=63/200  4.1 sps  ETA 0.8h
              R²_rand=0.4189  R²_naive=0.2587  U_t=0.2518  U_b=0.6184  AUC=0.9247  Top1=0.3642
  timing: data=3.7ms  fwd=116.6ms  bwd=90.4ms  total=211.4ms
[  88000] loss=13.1304  ema_loss=13.1331  gap=-0.1047  ema_gap=-0.0805  mixup=48/200  4.1 sps  ETA 0.8h
              R²_rand=0.3431  R²_naive=0.1958  U_t=0.2968  U_b=0.6653  AUC=0.9131  Top1=0.3487
  timing: data=3.9ms  fwd=116.0ms  bwd=88.6ms  total=209.1ms
[  88200] loss=13.1795  ema_loss=13.1400  gap=-0.1158  ema_gap=-0.0836  mixup=52/200  4.1 sps  ETA 0.8h
              R²_rand=0.3300  R²_naive=0.1982  U_t=0.3305  U_b=0.6809  AUC=0.9138  Top1=0.3718
  timing: data=17.4ms  fwd=116.6ms  bwd=89.0ms  total=223.8ms
[  88400] loss=13.1349  ema_loss=13.1439  gap=-0.0723  ema_gap=-0.0814  mixup=57/200  4.1 sps  ETA 0.8h
              R²_rand=0.3506  R²_naive=0.2325  U_t=0.2940  U_b=0.6775  AUC=0.9291  Top1=0.4166
  timing: data=3.8ms  fwd=118.1ms  bwd=89.2ms  total=211.8ms
[  88600] loss=13.1723  ema_loss=13.1505  gap=-0.0537  ema_gap=-0.0799  mixup=73/200  4.1 sps  ETA 0.8h
              R²_rand=0.3379  R²_naive=0.2382  U_t=0.3207  U_b=0.6264  AUC=0.9164  Top1=0.3292
  timing: data=3.7ms  fwd=115.5ms  bwd=87.1ms  total=206.9ms
[  88800] loss=13.1411  ema_loss=13.1528  gap=-0.0570  ema_gap=-0.0820  mixup=58/200  4.1 sps  ETA 0.8h
              R²_rand=0.3614  R²_naive=0.2329  U_t=0.3112  U_b=0.6119  AUC=0.9203  Top1=0.3384
  timing: data=166.5ms  fwd=116.3ms  bwd=88.4ms  total=371.9ms
[  89000] loss=13.0632  ema_loss=13.1468  gap=-0.0639  ema_gap=-0.0838  mixup=61/200  4.1 sps  ETA 0.7h
              R²_rand=0.3942  R²_naive=0.2448  U_t=0.2512  U_b=0.6120  AUC=0.9288  Top1=0.3905
  timing: data=3.9ms  fwd=117.6ms  bwd=89.0ms  total=211.1ms
[  89200] loss=13.1245  ema_loss=13.1416  gap=-0.0616  ema_gap=-0.0780  mixup=61/200  4.1 sps  ETA 0.7h
              R²_rand=0.3575  R²_naive=0.2254  U_t=0.3039  U_b=0.6201  AUC=0.9269  Top1=0.3590
  timing: data=3.7ms  fwd=116.5ms  bwd=88.3ms  total=209.2ms
[  89400] loss=13.1613  ema_loss=13.1399  gap=-0.0915  ema_gap=-0.0736  mixup=56/200  4.1 sps  ETA 0.7h
              R²_rand=0.3326  R²_naive=0.2010  U_t=0.3227  U_b=0.6714  AUC=0.8981  Top1=0.3582
  timing: data=19.8ms  fwd=114.7ms  bwd=89.5ms  total=224.6ms
[  89600] loss=13.1106  ema_loss=13.1355  gap=-0.0539  ema_gap=-0.0751  mixup=55/200  4.1 sps  ETA 0.7h
              R²_rand=0.3760  R²_naive=0.2380  U_t=0.2952  U_b=0.6471  AUC=0.9212  Top1=0.3598
  timing: data=3.6ms  fwd=117.4ms  bwd=88.4ms  total=210.0ms
[  89800] loss=13.1264  ema_loss=13.1347  gap=-0.0168  ema_gap=-0.0698  mixup=70/200  4.1 sps  ETA 0.7h
              R²_rand=0.3882  R²_naive=0.2884  U_t=0.2807  U_b=0.5849  AUC=0.9467  Top1=0.4147
  timing: data=3.6ms  fwd=113.6ms  bwd=88.0ms  total=205.8ms
[  90000] loss=13.1299  ema_loss=13.1288  gap=-0.0353  ema_gap=-0.0702  mixup=67/200  4.1 sps  ETA 0.7h
              R²_rand=0.3558  R²_naive=0.2659  U_t=0.3046  U_b=0.5672  AUC=0.9234  Top1=0.3620
  timing: data=24.8ms  fwd=117.3ms  bwd=90.3ms  total=233.1ms
[  90200] loss=13.1303  ema_loss=13.1316  gap=-0.0649  ema_gap=-0.0712  mixup=64/200  4.1 sps  ETA 0.7h
              R²_rand=0.3920  R²_naive=0.2477  U_t=0.2854  U_b=0.6369  AUC=0.9422  Top1=0.3832
  timing: data=3.5ms  fwd=116.5ms  bwd=88.5ms  total=209.2ms
[  90400] loss=13.1324  ema_loss=13.1280  gap=-0.0859  ema_gap=-0.0735  mixup=57/200  4.1 sps  ETA 0.7h
              R²_rand=0.3260  R²_naive=0.1978  U_t=0.3157  U_b=0.6615  AUC=0.9080  Top1=0.3243
  timing: data=3.9ms  fwd=117.9ms  bwd=88.1ms  total=210.4ms
[  90600] loss=13.1391  ema_loss=13.1294  gap=-0.0662  ema_gap=-0.0743  mixup=64/200  4.1 sps  ETA 0.6h
              R²_rand=0.3588  R²_naive=0.2342  U_t=0.3115  U_b=0.6817  AUC=0.9205  Top1=0.3965
  timing: data=3.4ms  fwd=114.6ms  bwd=88.1ms  total=206.8ms
[  90800] loss=13.1582  ema_loss=13.1277  gap=-0.0780  ema_gap=-0.0729  mixup=63/200  4.1 sps  ETA 0.6h
              R²_rand=0.3364  R²_naive=0.2084  U_t=0.3187  U_b=0.6801  AUC=0.9090  Top1=0.3780
  timing: data=20.3ms  fwd=117.9ms  bwd=89.4ms  total=228.3ms
[  91000] loss=13.0638  ema_loss=13.1243  gap=-0.0418  ema_gap=-0.0764  mixup=56/200  4.1 sps  ETA 0.6h
              R²_rand=0.4149  R²_naive=0.2473  U_t=0.2572  U_b=0.6180  AUC=0.9382  Top1=0.3889
  timing: data=3.8ms  fwd=111.1ms  bwd=83.5ms  total=199.0ms
[  91200] loss=13.1172  ema_loss=13.1179  gap=-0.0686  ema_gap=-0.0782  mixup=53/200  4.1 sps  ETA 0.6h
              R²_rand=0.3637  R²_naive=0.2318  U_t=0.2972  U_b=0.6489  AUC=0.9186  Top1=0.3596
  timing: data=4.0ms  fwd=116.7ms  bwd=89.5ms  total=210.7ms
[  91400] loss=13.1095  ema_loss=13.1138  gap=-0.0543  ema_gap=-0.0714  mixup=59/200  4.1 sps  ETA 0.6h
              R²_rand=0.3910  R²_naive=0.2431  U_t=0.2863  U_b=0.6574  AUC=0.9313  Top1=0.4038
  timing: data=40.2ms  fwd=116.0ms  bwd=89.4ms  total=246.3ms
[  91600] loss=13.1080  ema_loss=13.1102  gap=-0.0890  ema_gap=-0.0672  mixup=58/200  4.1 sps  ETA 0.6h
              R²_rand=0.3826  R²_naive=0.2249  U_t=0.2818  U_b=0.6550  AUC=0.9337  Top1=0.3810
  timing: data=3.5ms  fwd=115.3ms  bwd=85.7ms  total=205.2ms
[  91800] loss=13.1504  ema_loss=13.1175  gap=-0.0676  ema_gap=-0.0732  mixup=52/200  4.1 sps  ETA 0.6h
              R²_rand=0.3702  R²_naive=0.2290  U_t=0.3057  U_b=0.6547  AUC=0.9237  Top1=0.3601
  timing: data=3.7ms  fwd=116.5ms  bwd=90.6ms  total=211.5ms
[  92000] loss=13.1634  ema_loss=13.1156  gap=-0.0937  ema_gap=-0.0723  mixup=62/200  4.1 sps  ETA 0.5h
              R²_rand=0.3336  R²_naive=0.1926  U_t=0.3159  U_b=0.6589  AUC=0.9198  Top1=0.3628
  timing: data=19.0ms  fwd=118.2ms  bwd=90.3ms  total=228.2ms
[  92200] loss=13.0564  ema_loss=13.1003  gap=-0.0459  ema_gap=-0.0763  mixup=57/200  4.1 sps  ETA 0.5h
              R²_rand=0.4097  R²_naive=0.2625  U_t=0.2582  U_b=0.6169  AUC=0.9434  Top1=0.4176
  timing: data=3.8ms  fwd=115.4ms  bwd=88.7ms  total=208.5ms
[  92400] loss=13.1181  ema_loss=13.1077  gap=-0.0725  ema_gap=-0.0767  mixup=57/200  4.1 sps  ETA 0.5h
              R²_rand=0.3643  R²_naive=0.2151  U_t=0.2887  U_b=0.6497  AUC=0.9226  Top1=0.3533
  timing: data=4.2ms  fwd=116.8ms  bwd=87.7ms  total=209.3ms
[  92600] loss=13.1278  ema_loss=13.1067  gap=-0.0844  ema_gap=-0.0730  mixup=71/200  4.1 sps  ETA 0.5h
              R²_rand=0.3292  R²_naive=0.2060  U_t=0.2989  U_b=0.6471  AUC=0.9236  Top1=0.3541
  timing: data=19.0ms  fwd=115.3ms  bwd=88.8ms  total=223.8ms
[  92800] loss=13.1690  ema_loss=13.1145  gap=-0.0984  ema_gap=-0.0760  mixup=60/200  4.1 sps  ETA 0.5h
              R²_rand=0.3120  R²_naive=0.1878  U_t=0.3279  U_b=0.6377  AUC=0.8968  Top1=0.3140
  timing: data=3.5ms  fwd=119.2ms  bwd=88.3ms  total=211.6ms
[  93000] loss=13.1458  ema_loss=13.1109  gap=-0.0862  ema_gap=-0.0778  mixup=60/200  4.1 sps  ETA 0.5h
              R²_rand=0.3232  R²_naive=0.2055  U_t=0.3206  U_b=0.6760  AUC=0.9137  Top1=0.3655
  timing: data=3.4ms  fwd=116.2ms  bwd=88.9ms  total=209.1ms
[  93200] loss=13.1213  ema_loss=13.1035  gap=-0.1016  ema_gap=-0.0743  mixup=60/200  4.1 sps  ETA 0.5h
              R²_rand=0.3384  R²_naive=0.2049  U_t=0.3121  U_b=0.6105  AUC=0.9032  Top1=0.2866
  timing: data=19.2ms  fwd=116.9ms  bwd=88.7ms  total=225.4ms
[  93400] loss=13.1665  ema_loss=13.0996  gap=-0.0835  ema_gap=-0.0761  mixup=56/200  4.1 sps  ETA 0.4h
              R²_rand=0.3301  R²_naive=0.2106  U_t=0.3288  U_b=0.6612  AUC=0.9016  Top1=0.3419
  timing: data=3.6ms  fwd=116.4ms  bwd=89.2ms  total=209.7ms
[  93600] loss=13.0931  ema_loss=13.0994  gap=-0.0771  ema_gap=-0.0771  mixup=59/200  4.1 sps  ETA 0.4h
              R²_rand=0.3532  R²_naive=0.2251  U_t=0.2996  U_b=0.6850  AUC=0.9083  Top1=0.3772
  timing: data=3.4ms  fwd=115.3ms  bwd=86.3ms  total=205.7ms
[  93800] loss=13.1346  ema_loss=13.0974  gap=-0.0908  ema_gap=-0.0793  mixup=58/200  4.1 sps  ETA 0.4h
              R²_rand=0.3525  R²_naive=0.2041  U_t=0.3152  U_b=0.6631  AUC=0.9147  Top1=0.3533
  timing: data=19.0ms  fwd=114.5ms  bwd=88.2ms  total=222.3ms
[  94000] loss=13.0917  ema_loss=13.0942  gap=-0.0921  ema_gap=-0.0754  mixup=64/200  4.1 sps  ETA 0.4h
              R²_rand=0.3215  R²_naive=0.1796  U_t=0.2948  U_b=0.6139  AUC=0.9029  Top1=0.2852
  timing: data=3.7ms  fwd=117.2ms  bwd=89.3ms  total=210.9ms
[  94200] loss=13.0659  ema_loss=13.0890  gap=-0.0621  ema_gap=-0.0728  mixup=59/200  4.1 sps  ETA 0.4h
              R²_rand=0.3814  R²_naive=0.2266  U_t=0.2533  U_b=0.6104  AUC=0.9287  Top1=0.3506
  timing: data=3.3ms  fwd=115.9ms  bwd=87.4ms  total=207.2ms
[  94400] loss=13.1238  ema_loss=13.0977  gap=-0.0872  ema_gap=-0.0743  mixup=57/200  4.1 sps  ETA 0.4h
              R²_rand=0.3606  R²_naive=0.2036  U_t=0.2775  U_b=0.6393  AUC=0.9228  Top1=0.3620
  timing: data=18.9ms  fwd=115.7ms  bwd=89.8ms  total=225.0ms
[  94600] loss=13.1195  ema_loss=13.1028  gap=-0.0928  ema_gap=-0.0779  mixup=57/200  4.1 sps  ETA 0.4h
              R²_rand=0.3600  R²_naive=0.2027  U_t=0.3063  U_b=0.6200  AUC=0.9129  Top1=0.3273
  timing: data=3.5ms  fwd=118.3ms  bwd=89.4ms  total=211.9ms
[  94800] loss=13.0841  ema_loss=13.0994  gap=-0.0203  ema_gap=-0.0709  mixup=59/200  4.1 sps  ETA 0.3h
              R²_rand=0.3858  R²_naive=0.2547  U_t=0.2713  U_b=0.6216  AUC=0.9304  Top1=0.3921
  timing: data=3.4ms  fwd=117.4ms  bwd=88.8ms  total=210.2ms
[  95000] loss=13.1012  ema_loss=13.1077  gap=-0.0721  ema_gap=-0.0715  mixup=74/200  4.1 sps  ETA 0.3h
              R²_rand=0.3631  R²_naive=0.2235  U_t=0.2802  U_b=0.6393  AUC=0.9164  Top1=0.3495
  timing: data=19.3ms  fwd=115.1ms  bwd=89.5ms  total=224.5ms
[  95200] loss=13.1179  ema_loss=13.1044  gap=-0.0765  ema_gap=-0.0685  mixup=59/200  4.1 sps  ETA 0.3h
              R²_rand=0.3502  R²_naive=0.2091  U_t=0.3148  U_b=0.6379  AUC=0.9089  Top1=0.3463
  timing: data=3.8ms  fwd=117.5ms  bwd=89.6ms  total=211.5ms
[  95400] loss=13.0962  ema_loss=13.1106  gap=-0.0667  ema_gap=-0.0737  mixup=57/200  4.1 sps  ETA 0.3h
              R²_rand=0.3582  R²_naive=0.2238  U_t=0.3017  U_b=0.6556  AUC=0.9208  Top1=0.3992
  timing: data=3.6ms  fwd=117.2ms  bwd=87.8ms  total=209.2ms
[  95600] loss=13.1063  ema_loss=13.0985  gap=-0.0480  ema_gap=-0.0703  mixup=76/200  4.1 sps  ETA 0.3h
              R²_rand=0.3540  R²_naive=0.2391  U_t=0.2941  U_b=0.6612  AUC=0.9222  Top1=0.3970
  timing: data=3.8ms  fwd=116.3ms  bwd=89.7ms  total=210.4ms
[  95800] loss=13.1356  ema_loss=13.1068  gap=-0.0704  ema_gap=-0.0705  mixup=74/200  4.1 sps  ETA 0.3h
              R²_rand=0.3256  R²_naive=0.1991  U_t=0.3113  U_b=0.6186  AUC=0.9023  Top1=0.3392
  timing: data=19.7ms  fwd=117.3ms  bwd=89.7ms  total=227.4ms
[  96000] loss=13.1466  ema_loss=13.1017  gap=-0.0697  ema_gap=-0.0720  mixup=57/200  4.1 sps  ETA 0.3h
              R²_rand=0.3198  R²_naive=0.2238  U_t=0.3244  U_b=0.6199  AUC=0.9179  Top1=0.3536
  timing: data=3.4ms  fwd=113.5ms  bwd=87.9ms  total=205.4ms
[  96200] loss=13.1024  ema_loss=13.1051  gap=-0.0894  ema_gap=-0.0721  mixup=48/200  4.1 sps  ETA 0.3h
              R²_rand=0.3228  R²_naive=0.1791  U_t=0.3181  U_b=0.6080  AUC=0.8959  Top1=0.2719
  timing: data=3.3ms  fwd=116.3ms  bwd=88.8ms  total=209.0ms
[  96400] loss=13.1322  ema_loss=13.1027  gap=-0.0720  ema_gap=-0.0748  mixup=62/200  4.1 sps  ETA 0.2h
              R²_rand=0.3300  R²_naive=0.2065  U_t=0.3242  U_b=0.6334  AUC=0.9083  Top1=0.3311
  timing: data=19.8ms  fwd=116.1ms  bwd=89.2ms  total=225.7ms
[  96600] loss=13.0881  ema_loss=13.0955  gap=-0.0694  ema_gap=-0.0754  mixup=63/200  4.1 sps  ETA 0.2h
              R²_rand=0.3494  R²_naive=0.2076  U_t=0.3028  U_b=0.6259  AUC=0.9064  Top1=0.3194
  timing: data=3.9ms  fwd=116.6ms  bwd=87.7ms  total=208.9ms
[  96800] loss=13.1150  ema_loss=13.0951  gap=-0.0907  ema_gap=-0.0747  mixup=62/200  4.1 sps  ETA 0.2h
              R²_rand=0.3023  R²_naive=0.1848  U_t=0.3045  U_b=0.6469  AUC=0.9086  Top1=0.3517
  timing: data=3.7ms  fwd=116.7ms  bwd=88.7ms  total=209.7ms
[  97000] loss=13.0932  ema_loss=13.1043  gap=-0.0592  ema_gap=-0.0724  mixup=71/200  4.1 sps  ETA 0.2h
              R²_rand=0.3773  R²_naive=0.2355  U_t=0.2984  U_b=0.6601  AUC=0.9160  Top1=0.3541
  timing: data=19.0ms  fwd=117.1ms  bwd=90.0ms  total=226.7ms
[  97200] loss=13.0582  ema_loss=13.1050  gap=-0.0836  ema_gap=-0.0754  mixup=60/200  4.1 sps  ETA 0.2h
              R²_rand=0.4157  R²_naive=0.2270  U_t=0.2463  U_b=0.6469  AUC=0.9394  Top1=0.3929
  timing: data=3.9ms  fwd=116.5ms  bwd=90.0ms  total=211.1ms
[  97400] loss=13.1207  ema_loss=13.1033  gap=-0.0655  ema_gap=-0.0707  mixup=55/200  4.1 sps  ETA 0.2h
              R²_rand=0.3798  R²_naive=0.2398  U_t=0.2952  U_b=0.6255  AUC=0.9357  Top1=0.3881
  timing: data=4.1ms  fwd=117.0ms  bwd=88.7ms  total=210.5ms
[  97600] loss=13.0876  ema_loss=13.1125  gap=-0.0609  ema_gap=-0.0723  mixup=62/200  4.1 sps  ETA 0.2h
              R²_rand=0.3813  R²_naive=0.2190  U_t=0.2759  U_b=0.6134  AUC=0.9208  Top1=0.3465
  timing: data=19.0ms  fwd=113.8ms  bwd=87.7ms  total=221.2ms
[  97800] loss=13.0924  ema_loss=13.1082  gap=-0.0798  ema_gap=-0.0751  mixup=72/200  4.1 sps  ETA 0.1h
              R²_rand=0.3534  R²_naive=0.2057  U_t=0.3008  U_b=0.6498  AUC=0.9164  Top1=0.3343
  timing: data=3.8ms  fwd=117.4ms  bwd=88.8ms  total=210.6ms
[  98000] loss=13.0802  ema_loss=13.1001  gap=-0.0496  ema_gap=-0.0737  mixup=68/200  4.2 sps  ETA 0.1h
              R²_rand=0.3878  R²_naive=0.2481  U_t=0.2727  U_b=0.6647  AUC=0.9425  Top1=0.4410
  timing: data=3.7ms  fwd=113.9ms  bwd=87.9ms  total=206.2ms
[  98200] loss=13.1169  ema_loss=13.1033  gap=-0.0836  ema_gap=-0.0787  mixup=56/200  4.2 sps  ETA 0.1h
              R²_rand=0.3260  R²_naive=0.2062  U_t=0.3084  U_b=0.6543  AUC=0.9270  Top1=0.3720
  timing: data=19.2ms  fwd=116.6ms  bwd=89.0ms  total=225.4ms
[  98400] loss=13.0755  ema_loss=13.1052  gap=-0.0297  ema_gap=-0.0777  mixup=58/200  4.2 sps  ETA 0.1h
              R²_rand=0.4218  R²_naive=0.2745  U_t=0.2563  U_b=0.6540  AUC=0.9502  Top1=0.4049
  timing: data=4.0ms  fwd=116.6ms  bwd=88.7ms  total=209.9ms
[  98600] loss=13.1276  ema_loss=13.1087  gap=-0.0951  ema_gap=-0.0808  mixup=64/200  4.2 sps  ETA 0.1h
              R²_rand=0.3427  R²_naive=0.2022  U_t=0.3005  U_b=0.6701  AUC=0.9187  Top1=0.3693
  timing: data=3.4ms  fwd=112.3ms  bwd=82.4ms  total=198.8ms
[  98800] loss=13.1193  ema_loss=13.1131  gap=-0.0838  ema_gap=-0.0811  mixup=63/200  4.2 sps  ETA 0.1h
              R²_rand=0.3539  R²_naive=0.2115  U_t=0.2844  U_b=0.6761  AUC=0.9191  Top1=0.3726
  timing: data=19.1ms  fwd=114.6ms  bwd=90.2ms  total=224.6ms
[  99000] loss=13.1391  ema_loss=13.1073  gap=-0.0902  ema_gap=-0.0813  mixup=49/200  4.2 sps  ETA 0.1h
              R²_rand=0.3346  R²_naive=0.1907  U_t=0.3011  U_b=0.6786  AUC=0.9161  Top1=0.3642
  timing: data=3.8ms  fwd=118.6ms  bwd=90.2ms  total=213.4ms
[  99200] loss=13.0976  ema_loss=13.1040  gap=-0.0859  ema_gap=-0.0749  mixup=60/200  4.2 sps  ETA 0.1h
              R²_rand=0.3636  R²_naive=0.1970  U_t=0.2923  U_b=0.6447  AUC=0.9349  Top1=0.3886
  timing: data=3.8ms  fwd=116.9ms  bwd=89.1ms  total=210.5ms
[  99400] loss=13.1243  ema_loss=13.0981  gap=-0.0897  ema_gap=-0.0756  mixup=61/200  4.2 sps  ETA 0.0h
              R²_rand=0.3295  R²_naive=0.2023  U_t=0.3161  U_b=0.6456  AUC=0.9004  Top1=0.3085
  timing: data=22.3ms  fwd=116.2ms  bwd=88.6ms  total=227.7ms
[  99600] loss=13.0653  ema_loss=13.0880  gap=-0.0842  ema_gap=-0.0762  mixup=65/200  4.2 sps  ETA 0.0h
              R²_rand=0.3879  R²_naive=0.2002  U_t=0.2840  U_b=0.6306  AUC=0.9315  Top1=0.3626
  timing: data=3.8ms  fwd=116.0ms  bwd=88.5ms  total=208.9ms
[  99800] loss=13.0855  ema_loss=13.0841  gap=-0.0603  ema_gap=-0.0750  mixup=60/200  4.2 sps  ETA 0.0h
              R²_rand=0.3931  R²_naive=0.2285  U_t=0.2816  U_b=0.6392  AUC=0.9310  Top1=0.3829
  timing: data=3.8ms  fwd=116.2ms  bwd=87.5ms  total=208.0ms
[ 100000] loss=13.1203  ema_loss=13.0950  gap=-0.0830  ema_gap=-0.0733  mixup=45/200  4.2 sps  ETA 0.0h
              R²_rand=0.3385  R²_naive=0.2241  U_t=0.3024  U_b=0.6713  AUC=0.9295  Top1=0.3976
  timing: data=19.3ms  fwd=111.5ms  bwd=84.1ms  total=215.5ms
  -> Saved /home/jupyter/wt-cf-390-train/experiments/2026-08-01_lalign_teacher/runs/bb_small_arm5_combab_lalign_lrep_enc3l3_b64_200k_sigreg_ema_qk_aon_cpc_tau090_alignteacher_r2_100k.pth
  -> Saved /home/jupyter/wt-cf-390-train/experiments/2026-08-01_lalign_teacher/runs/bb_small_arm5_combab_lalign_lrep_enc3l3_b64_200k_sigreg_ema_qk_aon_cpc_tau090_alignteacher_r2_final.pth

Done in 4.0h. Best gap=-0.0549 at step 63200, Best loss=12.9518 at step 40600
