Device: cuda | Params: 724,764
Training for 40000 steps, bs=64, lr=0.001, T=4096, C=1, mix_ratio=0.0078125, freq_emb_dim=3, seasonality_emb_dim=3, mixup_p=0.3, rev_norm_kind=ewma(span=128), patch_stats=none, encoder_type=gru
Checkpoints: /home/jupyter/wt-cf-390-train/experiments/2026-08-01_lalign_teacher/runs/bb_small_arm6_v2_lalign_lrepmoco_enc3l3_b64_200k_sigreg_ema_qk_aon_cpc_tau090_alignteacher_*.pth
Loss CSV: /home/jupyter/wt-cf-390-train/experiments/2026-08-01_lalign_teacher/runs/bb_small_arm6_v2_lalign_lrepmoco_enc3l3_b64_200k_sigreg_ema_qk_aon_cpc_tau090_alignteacher_losses.csv
Latent-drift CSV: /home/jupyter/wt-cf-390-train/experiments/2026-08-01_lalign_teacher/runs/bb_small_arm6_v2_lalign_lrepmoco_enc3l3_b64_200k_sigreg_ema_qk_aon_cpc_tau090_alignteacher_latent_drift.csv (every 10000 steps, probe_bs=64, probe_seed=20260722)
Attn-amplitude CSV: /home/jupyter/wt-cf-390-train/experiments/2026-08-01_lalign_teacher/runs/bb_small_arm6_v2_lalign_lrepmoco_enc3l3_b64_200k_sigreg_ema_qk_aon_cpc_tau090_alignteacher_attn_amplitude.csv (every 200 steps)
Data: MIX 99% HF + 1% synth (forked-arma) + 0% crossfade + 1 triplet(s)=3 rows, hf_bs=64, synth_bs=0, cross_bs=0, total_bs=67
[    200] loss=7.9426  ema_loss=9.7114  gap=0.2448  ema_gap=-0.0354  mixup=59/200  3.5 sps  ETA 3.2h  cpc=0.7338
              R²_rand=0.6983  R²_naive=0.6211  U_t=0.1561  U_b=0.2764  AUC=0.9979  Top1=0.8117
  timing: data=40.8ms  fwd=140.3ms  bwd=78.0ms  total=259.9ms
  -> Saved /home/jupyter/wt-cf-390-train/experiments/2026-08-01_lalign_teacher/runs/bb_small_arm6_v2_lalign_lrepmoco_enc3l3_b64_200k_sigreg_ema_qk_aon_cpc_tau090_alignteacher_best_gap.pth
  -> Saved /home/jupyter/wt-cf-390-train/experiments/2026-08-01_lalign_teacher/runs/bb_small_arm6_v2_lalign_lrepmoco_enc3l3_b64_200k_sigreg_ema_qk_aon_cpc_tau090_alignteacher_best_loss.pth
[    400] loss=6.4011  ema_loss=7.3037  gap=0.4424  ema_gap=0.3541  mixup=67/200  3.7 sps  ETA 3.0h  cpc=0.1496
              R²_rand=0.7771  R²_naive=0.7131  U_t=0.1912  U_b=0.2889  AUC=0.9999  Top1=0.9783
  timing: data=7.5ms  fwd=139.3ms  bwd=73.9ms  total=221.4ms
  -> Saved /home/jupyter/wt-cf-390-train/experiments/2026-08-01_lalign_teacher/runs/bb_small_arm6_v2_lalign_lrepmoco_enc3l3_b64_200k_sigreg_ema_qk_aon_cpc_tau090_alignteacher_best_gap.pth
  -> Saved /home/jupyter/wt-cf-390-train/experiments/2026-08-01_lalign_teacher/runs/bb_small_arm6_v2_lalign_lrepmoco_enc3l3_b64_200k_sigreg_ema_qk_aon_cpc_tau090_alignteacher_best_loss.pth
[    600] loss=6.2030  ema_loss=6.5538  gap=0.4697  ema_gap=0.4462  mixup=67/200  3.8 sps  ETA 2.9h  cpc=0.1396
              R²_rand=0.7999  R²_naive=0.7407  U_t=0.1869  U_b=0.2877  AUC=1.0000  Top1=0.9913
  timing: data=7.4ms  fwd=141.0ms  bwd=76.7ms  total=225.9ms
  -> Saved /home/jupyter/wt-cf-390-train/experiments/2026-08-01_lalign_teacher/runs/bb_small_arm6_v2_lalign_lrepmoco_enc3l3_b64_200k_sigreg_ema_qk_aon_cpc_tau090_alignteacher_best_gap.pth
  -> Saved /home/jupyter/wt-cf-390-train/experiments/2026-08-01_lalign_teacher/runs/bb_small_arm6_v2_lalign_lrepmoco_enc3l3_b64_200k_sigreg_ema_qk_aon_cpc_tau090_alignteacher_best_loss.pth
[    800] loss=6.2503  ema_loss=6.2829  gap=0.4589  ema_gap=0.4675  mixup=62/200  3.8 sps  ETA 2.9h  cpc=0.1932
              R²_rand=0.7841  R²_naive=0.7216  U_t=0.1729  U_b=0.3255  AUC=0.9999  Top1=0.9805
  timing: data=27.0ms  fwd=137.9ms  bwd=75.9ms  total=241.5ms
  -> Saved /home/jupyter/wt-cf-390-train/experiments/2026-08-01_lalign_teacher/runs/bb_small_arm6_v2_lalign_lrepmoco_enc3l3_b64_200k_sigreg_ema_qk_aon_cpc_tau090_alignteacher_best_gap.pth
  -> Saved /home/jupyter/wt-cf-390-train/experiments/2026-08-01_lalign_teacher/runs/bb_small_arm6_v2_lalign_lrepmoco_enc3l3_b64_200k_sigreg_ema_qk_aon_cpc_tau090_alignteacher_best_loss.pth
[   1000] loss=6.3073  ema_loss=6.1240  gap=0.4572  ema_gap=0.4723  mixup=73/200  3.8 sps  ETA 2.8h  cpc=0.3272
              R²_rand=0.7914  R²_naive=0.7279  U_t=0.1750  U_b=0.2835  AUC=1.0000  Top1=0.9910
  timing: data=6.9ms  fwd=139.5ms  bwd=75.1ms  total=222.2ms
  -> Saved /home/jupyter/wt-cf-390-train/experiments/2026-08-01_lalign_teacher/runs/bb_small_arm6_v2_lalign_lrepmoco_enc3l3_b64_200k_sigreg_ema_qk_aon_cpc_tau090_alignteacher_best_gap.pth
  -> Saved /home/jupyter/wt-cf-390-train/experiments/2026-08-01_lalign_teacher/runs/bb_small_arm6_v2_lalign_lrepmoco_enc3l3_b64_200k_sigreg_ema_qk_aon_cpc_tau090_alignteacher_best_loss.pth
[   1200] loss=5.7785  ema_loss=6.0634  gap=0.4923  ema_gap=0.4751  mixup=62/200  3.8 sps  ETA 2.8h  cpc=0.0862
              R²_rand=0.7656  R²_naive=0.7224  U_t=0.1979  U_b=0.3349  AUC=1.0000  Top1=0.9938
  timing: data=7.0ms  fwd=142.4ms  bwd=76.8ms  total=227.0ms
  -> Saved /home/jupyter/wt-cf-390-train/experiments/2026-08-01_lalign_teacher/runs/bb_small_arm6_v2_lalign_lrepmoco_enc3l3_b64_200k_sigreg_ema_qk_aon_cpc_tau090_alignteacher_best_gap.pth
  -> Saved /home/jupyter/wt-cf-390-train/experiments/2026-08-01_lalign_teacher/runs/bb_small_arm6_v2_lalign_lrepmoco_enc3l3_b64_200k_sigreg_ema_qk_aon_cpc_tau090_alignteacher_best_loss.pth
[   1400] loss=6.2579  ema_loss=5.9795  gap=0.4638  ema_gap=0.4676  mixup=65/200  3.8 sps  ETA 2.8h  cpc=0.3360
              R²_rand=0.7842  R²_naive=0.7230  U_t=0.1843  U_b=0.2990  AUC=1.0000  Top1=0.9932
  timing: data=20.5ms  fwd=138.5ms  bwd=75.0ms  total=234.6ms
  -> Saved /home/jupyter/wt-cf-390-train/experiments/2026-08-01_lalign_teacher/runs/bb_small_arm6_v2_lalign_lrepmoco_enc3l3_b64_200k_sigreg_ema_qk_aon_cpc_tau090_alignteacher_best_loss.pth
[   1600] loss=6.1863  ema_loss=5.9460  gap=0.4480  ema_gap=0.4609  mixup=54/200  3.8 sps  ETA 2.8h  cpc=0.3271
              R²_rand=0.7695  R²_naive=0.7079  U_t=0.1925  U_b=0.3047  AUC=1.0000  Top1=0.9940
  timing: data=7.1ms  fwd=141.2ms  bwd=74.9ms  total=224.0ms
  -> Saved /home/jupyter/wt-cf-390-train/experiments/2026-08-01_lalign_teacher/runs/bb_small_arm6_v2_lalign_lrepmoco_enc3l3_b64_200k_sigreg_ema_qk_aon_cpc_tau090_alignteacher_best_loss.pth
[   1800] loss=5.8303  ema_loss=5.8139  gap=0.4467  ema_gap=0.4538  mixup=48/200  3.9 sps  ETA 2.7h  cpc=0.1658
              R²_rand=0.7667  R²_naive=0.7052  U_t=0.1903  U_b=0.3510  AUC=1.0000  Top1=0.9943
  timing: data=7.2ms  fwd=139.2ms  bwd=75.4ms  total=222.5ms
  -> Saved /home/jupyter/wt-cf-390-train/experiments/2026-08-01_lalign_teacher/runs/bb_small_arm6_v2_lalign_lrepmoco_enc3l3_b64_200k_sigreg_ema_qk_aon_cpc_tau090_alignteacher_best_loss.pth
[   2000] loss=5.6364  ema_loss=5.7989  gap=0.4265  ema_gap=0.4479  mixup=62/200  3.8 sps  ETA 2.7h  cpc=0.0894
              R²_rand=0.7455  R²_naive=0.6822  U_t=0.2175  U_b=0.3681  AUC=1.0000  Top1=0.9951
  timing: data=22.9ms  fwd=141.0ms  bwd=75.2ms  total=239.8ms
  -> Saved /home/jupyter/wt-cf-390-train/experiments/2026-08-01_lalign_teacher/runs/bb_small_arm6_v2_lalign_lrepmoco_enc3l3_b64_200k_sigreg_ema_qk_aon_cpc_tau090_alignteacher_best_loss.pth
[   2200] loss=6.2123  ema_loss=5.7444  gap=0.4182  ema_gap=0.4407  mixup=58/200  3.9 sps  ETA 2.7h  cpc=0.2624
              R²_rand=0.7453  R²_naive=0.6780  U_t=0.2088  U_b=0.3602  AUC=0.9995  Top1=0.9582
  timing: data=7.0ms  fwd=141.0ms  bwd=75.0ms  total=223.8ms
  -> Saved /home/jupyter/wt-cf-390-train/experiments/2026-08-01_lalign_teacher/runs/bb_small_arm6_v2_lalign_lrepmoco_enc3l3_b64_200k_sigreg_ema_qk_aon_cpc_tau090_alignteacher_best_loss.pth
[   2400] loss=5.4861  ema_loss=5.6953  gap=0.4620  ema_gap=0.4398  mixup=62/200  3.9 sps  ETA 2.7h  cpc=0.0681
              R²_rand=0.7388  R²_naive=0.6965  U_t=0.2296  U_b=0.3800  AUC=1.0000  Top1=0.9948
  timing: data=7.2ms  fwd=143.9ms  bwd=78.6ms  total=230.6ms
  -> Saved /home/jupyter/wt-cf-390-train/experiments/2026-08-01_lalign_teacher/runs/bb_small_arm6_v2_lalign_lrepmoco_enc3l3_b64_200k_sigreg_ema_qk_aon_cpc_tau090_alignteacher_best_loss.pth
  -> Saved /home/jupyter/wt-cf-390-train/experiments/2026-08-01_lalign_teacher/runs/bb_small_arm6_v2_lalign_lrepmoco_enc3l3_b64_200k_sigreg_ema_qk_aon_cpc_tau090_alignteacher_2k.pth
[   2600] loss=5.5472  ema_loss=5.6858  gap=0.4467  ema_gap=0.4375  mixup=51/200  3.8 sps  ETA 2.7h  cpc=0.0922
              R²_rand=0.7418  R²_naive=0.6839  U_t=0.2353  U_b=0.3962  AUC=1.0000  Top1=0.9919
  timing: data=26.8ms  fwd=139.2ms  bwd=75.6ms  total=242.3ms
  -> Saved /home/jupyter/wt-cf-390-train/experiments/2026-08-01_lalign_teacher/runs/bb_small_arm6_v2_lalign_lrepmoco_enc3l3_b64_200k_sigreg_ema_qk_aon_cpc_tau090_alignteacher_best_loss.pth
[   2800] loss=5.8588  ema_loss=5.6001  gap=0.4108  ema_gap=0.4371  mixup=43/200  3.9 sps  ETA 2.7h  cpc=0.3136
              R²_rand=0.7379  R²_naive=0.6597  U_t=0.2405  U_b=0.3443  AUC=1.0000  Top1=0.9943
  timing: data=7.3ms  fwd=140.3ms  bwd=75.9ms  total=224.2ms
  -> Saved /home/jupyter/wt-cf-390-train/experiments/2026-08-01_lalign_teacher/runs/bb_small_arm6_v2_lalign_lrepmoco_enc3l3_b64_200k_sigreg_ema_qk_aon_cpc_tau090_alignteacher_best_loss.pth
[   3000] loss=5.8495  ema_loss=5.6180  gap=0.4438  ema_gap=0.4382  mixup=57/200  3.9 sps  ETA 2.7h  cpc=0.3175
              R²_rand=0.7236  R²_naive=0.6649  U_t=0.2543  U_b=0.3544  AUC=1.0000  Top1=0.9943
  timing: data=6.9ms  fwd=141.2ms  bwd=75.4ms  total=224.4ms
[   3200] loss=5.8609  ema_loss=5.5591  gap=0.4569  ema_gap=0.4358  mixup=69/200  3.9 sps  ETA 2.7h  cpc=0.1301
              R²_rand=0.7208  R²_naive=0.6700  U_t=0.2465  U_b=0.4125  AUC=0.9999  Top1=0.9824
  timing: data=23.1ms  fwd=139.4ms  bwd=74.9ms  total=238.1ms
  -> Saved /home/jupyter/wt-cf-390-train/experiments/2026-08-01_lalign_teacher/runs/bb_small_arm6_v2_lalign_lrepmoco_enc3l3_b64_200k_sigreg_ema_qk_aon_cpc_tau090_alignteacher_best_loss.pth
[   3400] loss=5.5205  ema_loss=5.4974  gap=0.4393  ema_gap=0.4373  mixup=51/200  3.9 sps  ETA 2.6h  cpc=0.1263
              R²_rand=0.7157  R²_naive=0.6562  U_t=0.2554  U_b=0.4186  AUC=0.9999  Top1=0.9940
  timing: data=7.2ms  fwd=138.3ms  bwd=74.2ms  total=220.4ms
  -> Saved /home/jupyter/wt-cf-390-train/experiments/2026-08-01_lalign_teacher/runs/bb_small_arm6_v2_lalign_lrepmoco_enc3l3_b64_200k_sigreg_ema_qk_aon_cpc_tau090_alignteacher_best_loss.pth
[   3600] loss=5.2865  ema_loss=5.5055  gap=0.4434  ema_gap=0.4430  mixup=69/200  3.9 sps  ETA 2.6h  cpc=0.0552
              R²_rand=0.7048  R²_naive=0.6530  U_t=0.2668  U_b=0.4187  AUC=1.0000  Top1=0.9957
  timing: data=7.4ms  fwd=142.1ms  bwd=75.9ms  total=226.2ms
[   3800] loss=5.3673  ema_loss=5.4570  gap=0.4612  ema_gap=0.4441  mixup=61/200  3.9 sps  ETA 2.6h  cpc=0.0762
              R²_rand=0.7093  R²_naive=0.6581  U_t=0.2740  U_b=0.4259  AUC=1.0000  Top1=0.9951
  timing: data=23.4ms  fwd=136.7ms  bwd=75.0ms  total=235.9ms
  -> Saved /home/jupyter/wt-cf-390-train/experiments/2026-08-01_lalign_teacher/runs/bb_small_arm6_v2_lalign_lrepmoco_enc3l3_b64_200k_sigreg_ema_qk_aon_cpc_tau090_alignteacher_best_loss.pth
[   4000] loss=5.2405  ema_loss=5.4224  gap=0.4440  ema_gap=0.4483  mixup=60/200  3.9 sps  ETA 2.6h  cpc=0.0500
              R²_rand=0.7018  R²_naive=0.6451  U_t=0.2988  U_b=0.4299  AUC=1.0000  Top1=0.9967
  timing: data=7.1ms  fwd=141.1ms  bwd=74.7ms  total=223.7ms
  -> Saved /home/jupyter/wt-cf-390-train/experiments/2026-08-01_lalign_teacher/runs/bb_small_arm6_v2_lalign_lrepmoco_enc3l3_b64_200k_sigreg_ema_qk_aon_cpc_tau090_alignteacher_best_loss.pth
[   4200] loss=5.3229  ema_loss=5.4561  gap=0.4514  ema_gap=0.4515  mixup=70/200  3.9 sps  ETA 2.6h  cpc=0.0951
              R²_rand=0.7037  R²_naive=0.6556  U_t=0.2707  U_b=0.4356  AUC=1.0000  Top1=0.9981
  timing: data=7.2ms  fwd=140.4ms  bwd=76.3ms  total=224.7ms
[   4400] loss=5.2758  ema_loss=5.3922  gap=0.4517  ema_gap=0.4513  mixup=58/200  3.9 sps  ETA 2.6h  cpc=0.0722
              R²_rand=0.6980  R²_naive=0.6476  U_t=0.2722  U_b=0.4397  AUC=1.0000  Top1=0.9921
  timing: data=23.9ms  fwd=137.9ms  bwd=74.8ms  total=237.3ms
  -> Saved /home/jupyter/wt-cf-390-train/experiments/2026-08-01_lalign_teacher/runs/bb_small_arm6_v2_lalign_lrepmoco_enc3l3_b64_200k_sigreg_ema_qk_aon_cpc_tau090_alignteacher_best_loss.pth
[   4600] loss=5.2197  ema_loss=5.3976  gap=0.4367  ema_gap=0.4533  mixup=56/200  3.9 sps  ETA 2.5h  cpc=0.0688
              R²_rand=0.7071  R²_naive=0.6430  U_t=0.2830  U_b=0.4210  AUC=1.0000  Top1=0.9981
  timing: data=7.4ms  fwd=141.6ms  bwd=75.3ms  total=225.0ms
[   4800] loss=5.4960  ema_loss=5.3880  gap=0.4500  ema_gap=0.4528  mixup=58/200  3.9 sps  ETA 2.5h  cpc=0.1937
              R²_rand=0.6867  R²_naive=0.6473  U_t=0.2901  U_b=0.3744  AUC=1.0000  Top1=0.9943
  timing: data=7.2ms  fwd=140.0ms  bwd=75.0ms  total=222.9ms
  -> Saved /home/jupyter/wt-cf-390-train/experiments/2026-08-01_lalign_teacher/runs/bb_small_arm6_v2_lalign_lrepmoco_enc3l3_b64_200k_sigreg_ema_qk_aon_cpc_tau090_alignteacher_best_loss.pth
[   5000] loss=5.3539  ema_loss=5.3590  gap=0.4795  ema_gap=0.4578  mixup=58/200  3.9 sps  ETA 2.5h  cpc=0.1091
              R²_rand=0.7078  R²_naive=0.6571  U_t=0.2660  U_b=0.4360  AUC=1.0000  Top1=0.9940
  timing: data=22.9ms  fwd=140.1ms  bwd=75.4ms  total=239.1ms
  -> Saved /home/jupyter/wt-cf-390-train/experiments/2026-08-01_lalign_teacher/runs/bb_small_arm6_v2_lalign_lrepmoco_enc3l3_b64_200k_sigreg_ema_qk_aon_cpc_tau090_alignteacher_best_loss.pth
[   5200] loss=5.2911  ema_loss=5.3659  gap=0.4506  ema_gap=0.4564  mixup=64/200  3.9 sps  ETA 2.5h  cpc=0.0850
              R²_rand=0.6876  R²_naive=0.6388  U_t=0.3034  U_b=0.4442  AUC=1.0000  Top1=0.9965
  timing: data=7.1ms  fwd=139.3ms  bwd=76.6ms  total=223.8ms
[   5400] loss=5.2861  ema_loss=5.3514  gap=0.4601  ema_gap=0.4604  mixup=50/200  3.9 sps  ETA 2.5h  cpc=0.0842
              R²_rand=0.6919  R²_naive=0.6455  U_t=0.2978  U_b=0.4367  AUC=1.0000  Top1=0.9981
  timing: data=7.5ms  fwd=140.9ms  bwd=76.0ms  total=225.2ms
  -> Saved /home/jupyter/wt-cf-390-train/experiments/2026-08-01_lalign_teacher/runs/bb_small_arm6_v2_lalign_lrepmoco_enc3l3_b64_200k_sigreg_ema_qk_aon_cpc_tau090_alignteacher_best_loss.pth
[   5600] loss=5.4207  ema_loss=5.3145  gap=0.4656  ema_gap=0.4631  mixup=59/200  3.9 sps  ETA 2.5h  cpc=0.1441
              R²_rand=0.7009  R²_naive=0.6531  U_t=0.2831  U_b=0.3958  AUC=1.0000  Top1=0.9965
  timing: data=7.2ms  fwd=140.1ms  bwd=76.3ms  total=224.4ms
  -> Saved /home/jupyter/wt-cf-390-train/experiments/2026-08-01_lalign_teacher/runs/bb_small_arm6_v2_lalign_lrepmoco_enc3l3_b64_200k_sigreg_ema_qk_aon_cpc_tau090_alignteacher_best_loss.pth
[   5800] loss=5.1872  ema_loss=5.3288  gap=0.4797  ema_gap=0.4715  mixup=57/200  3.9 sps  ETA 2.4h  cpc=0.0656
              R²_rand=0.6906  R²_naive=0.6464  U_t=0.3053  U_b=0.4451  AUC=1.0000  Top1=0.9967
  timing: data=22.2ms  fwd=139.8ms  bwd=75.7ms  total=238.4ms
[   6000] loss=5.2127  ema_loss=5.3928  gap=0.4860  ema_gap=0.4707  mixup=57/200  3.9 sps  ETA 2.4h  cpc=0.0662
              R²_rand=0.6884  R²_naive=0.6470  U_t=0.2972  U_b=0.4414  AUC=1.0000  Top1=0.9932
  timing: data=7.3ms  fwd=139.5ms  bwd=76.2ms  total=223.8ms
[   6200] loss=5.0700  ema_loss=5.3419  gap=0.4766  ema_gap=0.4819  mixup=47/200  3.9 sps  ETA 2.4h  cpc=0.0448
              R²_rand=0.6964  R²_naive=0.6468  U_t=0.3027  U_b=0.4505  AUC=1.0000  Top1=0.9959
  timing: data=7.2ms  fwd=142.1ms  bwd=75.9ms  total=225.9ms
  -> Saved /home/jupyter/wt-cf-390-train/experiments/2026-08-01_lalign_teacher/runs/bb_small_arm6_v2_lalign_lrepmoco_enc3l3_b64_200k_sigreg_ema_qk_aon_cpc_tau090_alignteacher_best_gap.pth
[   6400] loss=7.7031  ema_loss=5.3220  gap=0.4553  ema_gap=0.4874  mixup=68/200  3.9 sps  ETA 2.4h  cpc=0.2894
              R²_rand=0.7165  R²_naive=0.6440  U_t=0.2469  U_b=0.4038  AUC=0.9991  Top1=0.9351
  timing: data=23.3ms  fwd=138.2ms  bwd=76.1ms  total=238.4ms
  -> Saved /home/jupyter/wt-cf-390-train/experiments/2026-08-01_lalign_teacher/runs/bb_small_arm6_v2_lalign_lrepmoco_enc3l3_b64_200k_sigreg_ema_qk_aon_cpc_tau090_alignteacher_best_gap.pth
[   6600] loss=5.1529  ema_loss=5.3068  gap=0.4891  ema_gap=0.4883  mixup=67/200  3.9 sps  ETA 2.4h  cpc=0.0805
              R²_rand=0.6998  R²_naive=0.6563  U_t=0.3222  U_b=0.4561  AUC=1.0000  Top1=0.9981
  timing: data=7.0ms  fwd=141.2ms  bwd=76.1ms  total=225.1ms
  -> Saved /home/jupyter/wt-cf-390-train/experiments/2026-08-01_lalign_teacher/runs/bb_small_arm6_v2_lalign_lrepmoco_enc3l3_b64_200k_sigreg_ema_qk_aon_cpc_tau090_alignteacher_best_gap.pth
  -> Saved /home/jupyter/wt-cf-390-train/experiments/2026-08-01_lalign_teacher/runs/bb_small_arm6_v2_lalign_lrepmoco_enc3l3_b64_200k_sigreg_ema_qk_aon_cpc_tau090_alignteacher_best_loss.pth
[   6800] loss=5.2106  ema_loss=5.3046  gap=0.5026  ema_gap=0.4924  mixup=63/200  3.9 sps  ETA 2.4h  cpc=0.0755
              R²_rand=0.6985  R²_naive=0.6571  U_t=0.3097  U_b=0.4535  AUC=1.0000  Top1=0.9927
  timing: data=7.3ms  fwd=139.2ms  bwd=75.0ms  total=222.3ms
  -> Saved /home/jupyter/wt-cf-390-train/experiments/2026-08-01_lalign_teacher/runs/bb_small_arm6_v2_lalign_lrepmoco_enc3l3_b64_200k_sigreg_ema_qk_aon_cpc_tau090_alignteacher_best_gap.pth
  -> Saved /home/jupyter/wt-cf-390-train/experiments/2026-08-01_lalign_teacher/runs/bb_small_arm6_v2_lalign_lrepmoco_enc3l3_b64_200k_sigreg_ema_qk_aon_cpc_tau090_alignteacher_best_loss.pth
[   7000] loss=5.3259  ema_loss=5.2623  gap=0.5014  ema_gap=0.4935  mixup=75/200  3.9 sps  ETA 2.4h  cpc=0.0917
              R²_rand=0.7026  R²_naive=0.6534  U_t=0.3027  U_b=0.4665  AUC=1.0000  Top1=0.9962
  timing: data=21.7ms  fwd=139.3ms  bwd=74.6ms  total=236.4ms
  -> Saved /home/jupyter/wt-cf-390-train/experiments/2026-08-01_lalign_teacher/runs/bb_small_arm6_v2_lalign_lrepmoco_enc3l3_b64_200k_sigreg_ema_qk_aon_cpc_tau090_alignteacher_best_gap.pth
  -> Saved /home/jupyter/wt-cf-390-train/experiments/2026-08-01_lalign_teacher/runs/bb_small_arm6_v2_lalign_lrepmoco_enc3l3_b64_200k_sigreg_ema_qk_aon_cpc_tau090_alignteacher_best_loss.pth
[   7200] loss=5.1280  ema_loss=5.2687  gap=0.4858  ema_gap=0.4950  mixup=72/200  3.9 sps  ETA 2.3h  cpc=0.0573
              R²_rand=0.6928  R²_naive=0.6445  U_t=0.3193  U_b=0.4581  AUC=1.0000  Top1=0.9929
  timing: data=7.2ms  fwd=139.0ms  bwd=76.8ms  total=223.9ms
  -> Saved /home/jupyter/wt-cf-390-train/experiments/2026-08-01_lalign_teacher/runs/bb_small_arm6_v2_lalign_lrepmoco_enc3l3_b64_200k_sigreg_ema_qk_aon_cpc_tau090_alignteacher_best_gap.pth
[   7400] loss=5.0401  ema_loss=5.2252  gap=0.4730  ema_gap=0.4937  mixup=57/200  3.9 sps  ETA 2.3h  cpc=0.0471
              R²_rand=0.6963  R²_naive=0.6482  U_t=0.3191  U_b=0.4672  AUC=1.0000  Top1=0.9976
  timing: data=7.4ms  fwd=138.8ms  bwd=75.1ms  total=222.0ms
  -> Saved /home/jupyter/wt-cf-390-train/experiments/2026-08-01_lalign_teacher/runs/bb_small_arm6_v2_lalign_lrepmoco_enc3l3_b64_200k_sigreg_ema_qk_aon_cpc_tau090_alignteacher_best_loss.pth
[   7600] loss=4.9915  ema_loss=5.2222  gap=0.5118  ema_gap=0.4988  mixup=61/200  3.9 sps  ETA 2.3h  cpc=0.0386
              R²_rand=0.6891  R²_naive=0.6561  U_t=0.3421  U_b=0.4686  AUC=1.0000  Top1=0.9959
  timing: data=21.7ms  fwd=137.4ms  bwd=74.3ms  total=234.1ms
  -> Saved /home/jupyter/wt-cf-390-train/experiments/2026-08-01_lalign_teacher/runs/bb_small_arm6_v2_lalign_lrepmoco_enc3l3_b64_200k_sigreg_ema_qk_aon_cpc_tau090_alignteacher_best_gap.pth
  -> Saved /home/jupyter/wt-cf-390-train/experiments/2026-08-01_lalign_teacher/runs/bb_small_arm6_v2_lalign_lrepmoco_enc3l3_b64_200k_sigreg_ema_qk_aon_cpc_tau090_alignteacher_best_loss.pth
[   7800] loss=5.0774  ema_loss=5.2163  gap=0.4802  ema_gap=0.4976  mixup=63/200  3.9 sps  ETA 2.3h  cpc=0.0695
              R²_rand=0.6865  R²_naive=0.6377  U_t=0.3464  U_b=0.4555  AUC=1.0000  Top1=0.9967
  timing: data=7.3ms  fwd=140.6ms  bwd=75.1ms  total=223.8ms
  -> Saved /home/jupyter/wt-cf-390-train/experiments/2026-08-01_lalign_teacher/runs/bb_small_arm6_v2_lalign_lrepmoco_enc3l3_b64_200k_sigreg_ema_qk_aon_cpc_tau090_alignteacher_best_loss.pth
[   8000] loss=5.1276  ema_loss=5.2086  gap=0.5276  ema_gap=0.4979  mixup=58/200  3.9 sps  ETA 2.3h  cpc=0.0687
              R²_rand=0.6908  R²_naive=0.6620  U_t=0.3188  U_b=0.4569  AUC=1.0000  Top1=0.9940
  timing: data=7.1ms  fwd=141.0ms  bwd=74.3ms  total=223.2ms
  -> Saved /home/jupyter/wt-cf-390-train/experiments/2026-08-01_lalign_teacher/runs/bb_small_arm6_v2_lalign_lrepmoco_enc3l3_b64_200k_sigreg_ema_qk_aon_cpc_tau090_alignteacher_best_loss.pth
[   8200] loss=5.3569  ema_loss=5.2262  gap=0.5162  ema_gap=0.5041  mixup=62/200  3.9 sps  ETA 2.3h  cpc=0.1906
              R²_rand=0.6839  R²_naive=0.6486  U_t=0.3479  U_b=0.4098  AUC=1.0000  Top1=0.9951
  timing: data=27.6ms  fwd=138.9ms  bwd=75.9ms  total=243.1ms
  -> Saved /home/jupyter/wt-cf-390-train/experiments/2026-08-01_lalign_teacher/runs/bb_small_arm6_v2_lalign_lrepmoco_enc3l3_b64_200k_sigreg_ema_qk_aon_cpc_tau090_alignteacher_best_gap.pth
[   8400] loss=5.0913  ema_loss=5.2201  gap=0.5036  ema_gap=0.5009  mixup=62/200  3.9 sps  ETA 2.3h  cpc=0.0575
              R²_rand=0.6929  R²_naive=0.6490  U_t=0.3162  U_b=0.4574  AUC=1.0000  Top1=0.9962
  timing: data=7.2ms  fwd=139.5ms  bwd=75.8ms  total=223.3ms
[   8600] loss=5.0053  ema_loss=5.1849  gap=0.5113  ema_gap=0.5029  mixup=51/200  3.9 sps  ETA 2.2h  cpc=0.0494
              R²_rand=0.7036  R²_naive=0.6561  U_t=0.3394  U_b=0.4654  AUC=1.0000  Top1=0.9970
  timing: data=7.1ms  fwd=140.5ms  bwd=77.2ms  total=225.7ms
  -> Saved /home/jupyter/wt-cf-390-train/experiments/2026-08-01_lalign_teacher/runs/bb_small_arm6_v2_lalign_lrepmoco_enc3l3_b64_200k_sigreg_ema_qk_aon_cpc_tau090_alignteacher_best_loss.pth
[   8800] loss=5.0296  ema_loss=5.1973  gap=0.5073  ema_gap=0.5072  mixup=54/200  3.9 sps  ETA 2.2h  cpc=0.0568
              R²_rand=0.6876  R²_naive=0.6511  U_t=0.3360  U_b=0.4588  AUC=1.0000  Top1=0.9962
  timing: data=22.6ms  fwd=139.3ms  bwd=76.0ms  total=238.7ms
  -> Saved /home/jupyter/wt-cf-390-train/experiments/2026-08-01_lalign_teacher/runs/bb_small_arm6_v2_lalign_lrepmoco_enc3l3_b64_200k_sigreg_ema_qk_aon_cpc_tau090_alignteacher_best_gap.pth
[   9000] loss=5.2750  ema_loss=5.1848  gap=0.5140  ema_gap=0.5145  mixup=74/200  3.9 sps  ETA 2.2h  cpc=0.1486
              R²_rand=0.6983  R²_naive=0.6538  U_t=0.3386  U_b=0.4126  AUC=1.0000  Top1=0.9970
  timing: data=7.3ms  fwd=139.9ms  bwd=75.0ms  total=223.0ms
  -> Saved /home/jupyter/wt-cf-390-train/experiments/2026-08-01_lalign_teacher/runs/bb_small_arm6_v2_lalign_lrepmoco_enc3l3_b64_200k_sigreg_ema_qk_aon_cpc_tau090_alignteacher_best_gap.pth
  -> Saved /home/jupyter/wt-cf-390-train/experiments/2026-08-01_lalign_teacher/runs/bb_small_arm6_v2_lalign_lrepmoco_enc3l3_b64_200k_sigreg_ema_qk_aon_cpc_tau090_alignteacher_best_loss.pth
[   9200] loss=5.0533  ema_loss=5.2070  gap=0.5233  ema_gap=0.5172  mixup=52/200  3.9 sps  ETA 2.2h  cpc=0.0597
              R²_rand=0.7046  R²_naive=0.6674  U_t=0.3187  U_b=0.4608  AUC=1.0000  Top1=0.9965
  timing: data=7.1ms  fwd=138.1ms  bwd=76.9ms  total=222.8ms
  -> Saved /home/jupyter/wt-cf-390-train/experiments/2026-08-01_lalign_teacher/runs/bb_small_arm6_v2_lalign_lrepmoco_enc3l3_b64_200k_sigreg_ema_qk_aon_cpc_tau090_alignteacher_best_gap.pth
[   9400] loss=5.2799  ema_loss=5.1945  gap=0.5259  ema_gap=0.5183  mixup=58/200  3.9 sps  ETA 2.2h  cpc=0.1542
              R²_rand=0.6906  R²_naive=0.6620  U_t=0.3523  U_b=0.4094  AUC=1.0000  Top1=0.9965
  timing: data=22.8ms  fwd=142.4ms  bwd=76.5ms  total=242.5ms
  -> Saved /home/jupyter/wt-cf-390-train/experiments/2026-08-01_lalign_teacher/runs/bb_small_arm6_v2_lalign_lrepmoco_enc3l3_b64_200k_sigreg_ema_qk_aon_cpc_tau090_alignteacher_best_gap.pth
[   9600] loss=6.2738  ema_loss=5.2464  gap=0.4780  ema_gap=0.5215  mixup=53/200  3.9 sps  ETA 2.2h  cpc=0.1713
              R²_rand=0.6808  R²_naive=0.6295  U_t=0.3178  U_b=0.4333  AUC=0.9997  Top1=0.9693
  timing: data=7.2ms  fwd=138.4ms  bwd=74.5ms  total=220.9ms
  -> Saved /home/jupyter/wt-cf-390-train/experiments/2026-08-01_lalign_teacher/runs/bb_small_arm6_v2_lalign_lrepmoco_enc3l3_b64_200k_sigreg_ema_qk_aon_cpc_tau090_alignteacher_best_gap.pth
[   9800] loss=5.4538  ema_loss=5.1876  gap=0.4875  ema_gap=0.5230  mixup=56/200  3.9 sps  ETA 2.2h  cpc=0.1309
              R²_rand=0.7052  R²_naive=0.6459  U_t=0.3011  U_b=0.4670  AUC=0.9999  Top1=0.9867
  timing: data=7.0ms  fwd=144.1ms  bwd=77.2ms  total=229.1ms
  -> Saved /home/jupyter/wt-cf-390-train/experiments/2026-08-01_lalign_teacher/runs/bb_small_arm6_v2_lalign_lrepmoco_enc3l3_b64_200k_sigreg_ema_qk_aon_cpc_tau090_alignteacher_best_gap.pth
[  10000] loss=5.3904  ema_loss=5.1678  gap=0.5278  ema_gap=0.5273  mixup=62/200  3.9 sps  ETA 2.1h  cpc=0.2060
              R²_rand=0.6836  R²_naive=0.6549  U_t=0.3284  U_b=0.4183  AUC=1.0000  Top1=0.9957
  timing: data=22.7ms  fwd=138.6ms  bwd=75.8ms  total=237.9ms
  -> Saved /home/jupyter/wt-cf-390-train/experiments/2026-08-01_lalign_teacher/runs/bb_small_arm6_v2_lalign_lrepmoco_enc3l3_b64_200k_sigreg_ema_qk_aon_cpc_tau090_alignteacher_best_gap.pth
  -> Saved /home/jupyter/wt-cf-390-train/experiments/2026-08-01_lalign_teacher/runs/bb_small_arm6_v2_lalign_lrepmoco_enc3l3_b64_200k_sigreg_ema_qk_aon_cpc_tau090_alignteacher_best_loss.pth
  -> Saved /home/jupyter/wt-cf-390-train/experiments/2026-08-01_lalign_teacher/runs/bb_small_arm6_v2_lalign_lrepmoco_enc3l3_b64_200k_sigreg_ema_qk_aon_cpc_tau090_alignteacher_10k.pth
[  10200] loss=5.0054  ema_loss=5.1663  gap=0.5359  ema_gap=0.5248  mixup=53/200  3.9 sps  ETA 2.1h  cpc=0.0620
              R²_rand=0.6848  R²_naive=0.6530  U_t=0.3579  U_b=0.4673  AUC=1.0000  Top1=0.9951
  timing: data=6.9ms  fwd=139.4ms  bwd=77.6ms  total=224.7ms
  -> Saved /home/jupyter/wt-cf-390-train/experiments/2026-08-01_lalign_teacher/runs/bb_small_arm6_v2_lalign_lrepmoco_enc3l3_b64_200k_sigreg_ema_qk_aon_cpc_tau090_alignteacher_best_loss.pth
[  10400] loss=5.1904  ema_loss=5.1737  gap=0.5264  ema_gap=0.5292  mixup=61/200  3.9 sps  ETA 2.1h  cpc=0.1169
              R²_rand=0.6901  R²_naive=0.6526  U_t=0.3524  U_b=0.4224  AUC=1.0000  Top1=0.9978
  timing: data=7.1ms  fwd=139.9ms  bwd=78.4ms  total=226.2ms
  -> Saved /home/jupyter/wt-cf-390-train/experiments/2026-08-01_lalign_teacher/runs/bb_small_arm6_v2_lalign_lrepmoco_enc3l3_b64_200k_sigreg_ema_qk_aon_cpc_tau090_alignteacher_best_gap.pth
[  10600] loss=5.0246  ema_loss=5.1808  gap=0.5298  ema_gap=0.5309  mixup=68/200  3.9 sps  ETA 2.1h  cpc=0.0452
              R²_rand=0.6925  R²_naive=0.6555  U_t=0.3536  U_b=0.4794  AUC=1.0000  Top1=0.9973
  timing: data=7.2ms  fwd=139.7ms  bwd=78.2ms  total=226.0ms
  -> Saved /home/jupyter/wt-cf-390-train/experiments/2026-08-01_lalign_teacher/runs/bb_small_arm6_v2_lalign_lrepmoco_enc3l3_b64_200k_sigreg_ema_qk_aon_cpc_tau090_alignteacher_best_gap.pth
[  10800] loss=5.4646  ema_loss=5.1595  gap=0.5317  ema_gap=0.5298  mixup=58/200  3.9 sps  ETA 2.1h  cpc=0.2597
              R²_rand=0.6781  R²_naive=0.6562  U_t=0.3482  U_b=0.4169  AUC=1.0000  Top1=0.9940
  timing: data=22.2ms  fwd=137.7ms  bwd=78.8ms  total=239.4ms
  -> Saved /home/jupyter/wt-cf-390-train/experiments/2026-08-01_lalign_teacher/runs/bb_small_arm6_v2_lalign_lrepmoco_enc3l3_b64_200k_sigreg_ema_qk_aon_cpc_tau090_alignteacher_best_loss.pth
[  11000] loss=5.4079  ema_loss=5.1415  gap=0.5527  ema_gap=0.5320  mixup=65/200  3.9 sps  ETA 2.1h  cpc=0.2394
              R²_rand=0.6971  R²_naive=0.6593  U_t=0.3577  U_b=0.4272  AUC=1.0000  Top1=0.9943
  timing: data=7.4ms  fwd=140.0ms  bwd=78.8ms  total=227.0ms
  -> Saved /home/jupyter/wt-cf-390-train/experiments/2026-08-01_lalign_teacher/runs/bb_small_arm6_v2_lalign_lrepmoco_enc3l3_b64_200k_sigreg_ema_qk_aon_cpc_tau090_alignteacher_best_gap.pth
  -> Saved /home/jupyter/wt-cf-390-train/experiments/2026-08-01_lalign_teacher/runs/bb_small_arm6_v2_lalign_lrepmoco_enc3l3_b64_200k_sigreg_ema_qk_aon_cpc_tau090_alignteacher_best_loss.pth
[  11200] loss=5.2092  ema_loss=5.1305  gap=0.5399  ema_gap=0.5341  mixup=61/200  3.9 sps  ETA 2.1h  cpc=0.0994
              R²_rand=0.6963  R²_naive=0.6604  U_t=0.3512  U_b=0.4870  AUC=0.9999  Top1=0.9908
  timing: data=7.2ms  fwd=139.6ms  bwd=78.5ms  total=226.2ms
  -> Saved /home/jupyter/wt-cf-390-train/experiments/2026-08-01_lalign_teacher/runs/bb_small_arm6_v2_lalign_lrepmoco_enc3l3_b64_200k_sigreg_ema_qk_aon_cpc_tau090_alignteacher_best_gap.pth
  -> Saved /home/jupyter/wt-cf-390-train/experiments/2026-08-01_lalign_teacher/runs/bb_small_arm6_v2_lalign_lrepmoco_enc3l3_b64_200k_sigreg_ema_qk_aon_cpc_tau090_alignteacher_best_loss.pth
[  11400] loss=6.5261  ema_loss=5.1496  gap=0.5036  ema_gap=0.5353  mixup=67/200  3.9 sps  ETA 2.0h  cpc=0.3344
              R²_rand=0.6777  R²_naive=0.6133  U_t=0.3143  U_b=0.4280  AUC=0.9989  Top1=0.9468
  timing: data=28.7ms  fwd=138.4ms  bwd=78.7ms  total=246.6ms
  -> Saved /home/jupyter/wt-cf-390-train/experiments/2026-08-01_lalign_teacher/runs/bb_small_arm6_v2_lalign_lrepmoco_enc3l3_b64_200k_sigreg_ema_qk_aon_cpc_tau090_alignteacher_best_gap.pth
[  11600] loss=5.0880  ema_loss=5.3923  gap=0.5393  ema_gap=0.5470  mixup=50/200  3.9 sps  ETA 2.0h  cpc=0.0526
              R²_rand=0.6836  R²_naive=0.6511  U_t=0.3313  U_b=0.4771  AUC=1.0000  Top1=0.9965
  timing: data=7.0ms  fwd=139.6ms  bwd=77.4ms  total=224.7ms
  -> Saved /home/jupyter/wt-cf-390-train/experiments/2026-08-01_lalign_teacher/runs/bb_small_arm6_v2_lalign_lrepmoco_enc3l3_b64_200k_sigreg_ema_qk_aon_cpc_tau090_alignteacher_best_gap.pth
[  11800] loss=5.5852  ema_loss=5.4325  gap=0.5320  ema_gap=0.5603  mixup=62/200  3.9 sps  ETA 2.0h  cpc=0.1305
              R²_rand=0.6800  R²_naive=0.6464  U_t=0.3031  U_b=0.4556  AUC=0.9999  Top1=0.9862
  timing: data=7.2ms  fwd=138.4ms  bwd=77.3ms  total=223.6ms
  -> Saved /home/jupyter/wt-cf-390-train/experiments/2026-08-01_lalign_teacher/runs/bb_small_arm6_v2_lalign_lrepmoco_enc3l3_b64_200k_sigreg_ema_qk_aon_cpc_tau090_alignteacher_best_gap.pth
[  12000] loss=5.5900  ema_loss=5.3586  gap=0.5790  ema_gap=0.5755  mixup=58/200  3.9 sps  ETA 2.0h  cpc=0.3025
              R²_rand=0.6781  R²_naive=0.6592  U_t=0.3514  U_b=0.3959  AUC=1.0000  Top1=0.9962
  timing: data=22.8ms  fwd=138.3ms  bwd=77.8ms  total=239.7ms
  -> Saved /home/jupyter/wt-cf-390-train/experiments/2026-08-01_lalign_teacher/runs/bb_small_arm6_v2_lalign_lrepmoco_enc3l3_b64_200k_sigreg_ema_qk_aon_cpc_tau090_alignteacher_best_gap.pth
[  12200] loss=5.8776  ema_loss=5.3167  gap=0.5560  ema_gap=0.5751  mixup=63/200  3.9 sps  ETA 2.0h  cpc=0.2232
              R²_rand=0.6916  R²_naive=0.6574  U_t=0.3230  U_b=0.4673  AUC=0.9999  Top1=0.9753
  timing: data=7.3ms  fwd=139.1ms  bwd=77.5ms  total=224.7ms
[  12400] loss=5.1221  ema_loss=5.1999  gap=0.5982  ema_gap=0.5737  mixup=54/200  3.9 sps  ETA 2.0h  cpc=0.0724
              R²_rand=0.6934  R²_naive=0.6735  U_t=0.3341  U_b=0.4860  AUC=1.0000  Top1=0.9965
  timing: data=6.9ms  fwd=140.1ms  bwd=79.2ms  total=227.0ms
[  12600] loss=5.0123  ema_loss=5.1596  gap=0.5740  ema_gap=0.5766  mixup=56/200  3.9 sps  ETA 2.0h  cpc=0.0603
              R²_rand=0.6846  R²_naive=0.6673  U_t=0.3570  U_b=0.4810  AUC=1.0000  Top1=0.9940
  timing: data=22.4ms  fwd=137.9ms  bwd=77.4ms  total=238.5ms
  -> Saved /home/jupyter/wt-cf-390-train/experiments/2026-08-01_lalign_teacher/runs/bb_small_arm6_v2_lalign_lrepmoco_enc3l3_b64_200k_sigreg_ema_qk_aon_cpc_tau090_alignteacher_best_gap.pth
[  12800] loss=4.9919  ema_loss=5.1484  gap=0.5738  ema_gap=0.5783  mixup=70/200  3.9 sps  ETA 1.9h  cpc=0.0524
              R²_rand=0.6945  R²_naive=0.6672  U_t=0.3346  U_b=0.4938  AUC=1.0000  Top1=0.9932
  timing: data=7.0ms  fwd=139.2ms  bwd=76.1ms  total=223.1ms
  -> Saved /home/jupyter/wt-cf-390-train/experiments/2026-08-01_lalign_teacher/runs/bb_small_arm6_v2_lalign_lrepmoco_enc3l3_b64_200k_sigreg_ema_qk_aon_cpc_tau090_alignteacher_best_gap.pth
[  13000] loss=5.1176  ema_loss=5.1289  gap=0.5532  ema_gap=0.5789  mixup=52/200  3.9 sps  ETA 1.9h  cpc=0.1138
              R²_rand=0.6814  R²_naive=0.6534  U_t=0.3567  U_b=0.4572  AUC=1.0000  Top1=0.9976
  timing: data=7.3ms  fwd=140.4ms  bwd=79.1ms  total=227.5ms
  -> Saved /home/jupyter/wt-cf-390-train/experiments/2026-08-01_lalign_teacher/runs/bb_small_arm6_v2_lalign_lrepmoco_enc3l3_b64_200k_sigreg_ema_qk_aon_cpc_tau090_alignteacher_best_gap.pth
  -> Saved /home/jupyter/wt-cf-390-train/experiments/2026-08-01_lalign_teacher/runs/bb_small_arm6_v2_lalign_lrepmoco_enc3l3_b64_200k_sigreg_ema_qk_aon_cpc_tau090_alignteacher_best_loss.pth
[  13200] loss=4.9451  ema_loss=5.1166  gap=0.5759  ema_gap=0.5801  mixup=52/200  3.9 sps  ETA 1.9h  cpc=0.0618
              R²_rand=0.6870  R²_naive=0.6644  U_t=0.3623  U_b=0.4848  AUC=1.0000  Top1=0.9973
  timing: data=23.3ms  fwd=137.0ms  bwd=77.2ms  total=238.2ms
  -> Saved /home/jupyter/wt-cf-390-train/experiments/2026-08-01_lalign_teacher/runs/bb_small_arm6_v2_lalign_lrepmoco_enc3l3_b64_200k_sigreg_ema_qk_aon_cpc_tau090_alignteacher_best_gap.pth
  -> Saved /home/jupyter/wt-cf-390-train/experiments/2026-08-01_lalign_teacher/runs/bb_small_arm6_v2_lalign_lrepmoco_enc3l3_b64_200k_sigreg_ema_qk_aon_cpc_tau090_alignteacher_best_loss.pth
[  13400] loss=5.4842  ema_loss=5.1196  gap=0.6389  ema_gap=0.5827  mixup=63/200  3.9 sps  ETA 1.9h  cpc=0.2555
              R²_rand=0.7121  R²_naive=0.7038  U_t=0.2997  U_b=0.3987  AUC=1.0000  Top1=0.9976
  timing: data=8.3ms  fwd=138.5ms  bwd=78.4ms  total=225.9ms
  -> Saved /home/jupyter/wt-cf-390-train/experiments/2026-08-01_lalign_teacher/runs/bb_small_arm6_v2_lalign_lrepmoco_enc3l3_b64_200k_sigreg_ema_qk_aon_cpc_tau090_alignteacher_best_gap.pth
[  13600] loss=4.9332  ema_loss=5.1277  gap=0.6057  ema_gap=0.5860  mixup=53/200  3.9 sps  ETA 1.9h  cpc=0.0337
              R²_rand=0.6829  R²_naive=0.6701  U_t=0.3541  U_b=0.4926  AUC=1.0000  Top1=0.9962
  timing: data=8.2ms  fwd=138.2ms  bwd=77.6ms  total=224.7ms
  -> Saved /home/jupyter/wt-cf-390-train/experiments/2026-08-01_lalign_teacher/runs/bb_small_arm6_v2_lalign_lrepmoco_enc3l3_b64_200k_sigreg_ema_qk_aon_cpc_tau090_alignteacher_best_gap.pth
[  13800] loss=5.1035  ema_loss=5.1435  gap=0.5850  ema_gap=0.5889  mixup=69/200  3.9 sps  ETA 1.9h  cpc=0.0749
              R²_rand=0.6990  R²_naive=0.6717  U_t=0.3397  U_b=0.4819  AUC=1.0000  Top1=0.9967
  timing: data=28.4ms  fwd=138.5ms  bwd=79.1ms  total=246.8ms
  -> Saved /home/jupyter/wt-cf-390-train/experiments/2026-08-01_lalign_teacher/runs/bb_small_arm6_v2_lalign_lrepmoco_enc3l3_b64_200k_sigreg_ema_qk_aon_cpc_tau090_alignteacher_best_gap.pth
[  14000] loss=4.9615  ema_loss=5.1144  gap=0.5814  ema_gap=0.5879  mixup=66/200  3.9 sps  ETA 1.9h  cpc=0.0820
              R²_rand=0.6831  R²_naive=0.6714  U_t=0.3514  U_b=0.4885  AUC=1.0000  Top1=0.9978
  timing: data=7.1ms  fwd=140.0ms  bwd=77.7ms  total=225.7ms
  -> Saved /home/jupyter/wt-cf-390-train/experiments/2026-08-01_lalign_teacher/runs/bb_small_arm6_v2_lalign_lrepmoco_enc3l3_b64_200k_sigreg_ema_qk_aon_cpc_tau090_alignteacher_best_loss.pth
[  14200] loss=4.9883  ema_loss=5.1285  gap=0.6072  ema_gap=0.5912  mixup=57/200  3.9 sps  ETA 1.8h  cpc=0.0806
              R²_rand=0.6946  R²_naive=0.6901  U_t=0.3433  U_b=0.4767  AUC=1.0000  Top1=0.9965
  timing: data=7.1ms  fwd=138.1ms  bwd=78.3ms  total=224.2ms
  -> Saved /home/jupyter/wt-cf-390-train/experiments/2026-08-01_lalign_teacher/runs/bb_small_arm6_v2_lalign_lrepmoco_enc3l3_b64_200k_sigreg_ema_qk_aon_cpc_tau090_alignteacher_best_gap.pth
[  14400] loss=5.0064  ema_loss=5.1261  gap=0.5857  ema_gap=0.5919  mixup=65/200  3.9 sps  ETA 1.8h  cpc=0.0688
              R²_rand=0.6883  R²_naive=0.6737  U_t=0.3290  U_b=0.4880  AUC=1.0000  Top1=0.9957
  timing: data=22.9ms  fwd=138.6ms  bwd=78.8ms  total=241.0ms
  -> Saved /home/jupyter/wt-cf-390-train/experiments/2026-08-01_lalign_teacher/runs/bb_small_arm6_v2_lalign_lrepmoco_enc3l3_b64_200k_sigreg_ema_qk_aon_cpc_tau090_alignteacher_best_gap.pth
[  14600] loss=5.0295  ema_loss=5.1063  gap=0.6300  ema_gap=0.5979  mixup=62/200  3.9 sps  ETA 1.8h  cpc=0.0837
              R²_rand=0.6834  R²_naive=0.6748  U_t=0.3579  U_b=0.4835  AUC=1.0000  Top1=0.9965
  timing: data=9.3ms  fwd=135.1ms  bwd=76.9ms  total=222.1ms
  -> Saved /home/jupyter/wt-cf-390-train/experiments/2026-08-01_lalign_teacher/runs/bb_small_arm6_v2_lalign_lrepmoco_enc3l3_b64_200k_sigreg_ema_qk_aon_cpc_tau090_alignteacher_best_gap.pth
  -> Saved /home/jupyter/wt-cf-390-train/experiments/2026-08-01_lalign_teacher/runs/bb_small_arm6_v2_lalign_lrepmoco_enc3l3_b64_200k_sigreg_ema_qk_aon_cpc_tau090_alignteacher_best_loss.pth
[  14800] loss=5.2224  ema_loss=5.0913  gap=0.5831  ema_gap=0.6009  mixup=63/200  3.9 sps  ETA 1.8h  cpc=0.1796
              R²_rand=0.6743  R²_naive=0.6652  U_t=0.3690  U_b=0.4366  AUC=1.0000  Top1=0.9984
  timing: data=7.1ms  fwd=139.1ms  bwd=76.9ms  total=223.9ms
  -> Saved /home/jupyter/wt-cf-390-train/experiments/2026-08-01_lalign_teacher/runs/bb_small_arm6_v2_lalign_lrepmoco_enc3l3_b64_200k_sigreg_ema_qk_aon_cpc_tau090_alignteacher_best_gap.pth
  -> Saved /home/jupyter/wt-cf-390-train/experiments/2026-08-01_lalign_teacher/runs/bb_small_arm6_v2_lalign_lrepmoco_enc3l3_b64_200k_sigreg_ema_qk_aon_cpc_tau090_alignteacher_best_loss.pth
[  15000] loss=5.0807  ema_loss=5.0797  gap=0.6263  ema_gap=0.6037  mixup=44/200  3.9 sps  ETA 1.8h  cpc=0.0970
              R²_rand=0.6865  R²_naive=0.6715  U_t=0.3433  U_b=0.4855  AUC=1.0000  Top1=0.9973
  timing: data=23.8ms  fwd=137.2ms  bwd=76.9ms  total=238.5ms
  -> Saved /home/jupyter/wt-cf-390-train/experiments/2026-08-01_lalign_teacher/runs/bb_small_arm6_v2_lalign_lrepmoco_enc3l3_b64_200k_sigreg_ema_qk_aon_cpc_tau090_alignteacher_best_gap.pth
  -> Saved /home/jupyter/wt-cf-390-train/experiments/2026-08-01_lalign_teacher/runs/bb_small_arm6_v2_lalign_lrepmoco_enc3l3_b64_200k_sigreg_ema_qk_aon_cpc_tau090_alignteacher_best_loss.pth
[  15200] loss=5.2535  ema_loss=5.0830  gap=0.6010  ema_gap=0.6065  mixup=59/200  3.9 sps  ETA 1.8h  cpc=0.0931
              R²_rand=0.6746  R²_naive=0.6631  U_t=0.3787  U_b=0.4829  AUC=1.0000  Top1=0.9946
  timing: data=8.6ms  fwd=137.6ms  bwd=78.3ms  total=225.3ms
  -> Saved /home/jupyter/wt-cf-390-train/experiments/2026-08-01_lalign_teacher/runs/bb_small_arm6_v2_lalign_lrepmoco_enc3l3_b64_200k_sigreg_ema_qk_aon_cpc_tau090_alignteacher_best_gap.pth
[  15400] loss=4.9278  ema_loss=5.0935  gap=0.5978  ema_gap=0.6088  mixup=67/200  3.9 sps  ETA 1.8h  cpc=0.0527
              R²_rand=0.6924  R²_naive=0.6693  U_t=0.3564  U_b=0.4961  AUC=1.0000  Top1=0.9989
  timing: data=7.1ms  fwd=139.1ms  bwd=79.1ms  total=226.1ms
  -> Saved /home/jupyter/wt-cf-390-train/experiments/2026-08-01_lalign_teacher/runs/bb_small_arm6_v2_lalign_lrepmoco_enc3l3_b64_200k_sigreg_ema_qk_aon_cpc_tau090_alignteacher_best_gap.pth
[  15600] loss=4.9097  ema_loss=5.0608  gap=0.6148  ema_gap=0.6103  mixup=60/200  3.9 sps  ETA 1.7h  cpc=0.0488
              R²_rand=0.6745  R²_naive=0.6697  U_t=0.3783  U_b=0.4883  AUC=1.0000  Top1=0.9978
  timing: data=7.4ms  fwd=141.5ms  bwd=77.8ms  total=227.4ms
  -> Saved /home/jupyter/wt-cf-390-train/experiments/2026-08-01_lalign_teacher/runs/bb_small_arm6_v2_lalign_lrepmoco_enc3l3_b64_200k_sigreg_ema_qk_aon_cpc_tau090_alignteacher_best_gap.pth
  -> Saved /home/jupyter/wt-cf-390-train/experiments/2026-08-01_lalign_teacher/runs/bb_small_arm6_v2_lalign_lrepmoco_enc3l3_b64_200k_sigreg_ema_qk_aon_cpc_tau090_alignteacher_best_loss.pth
[  15800] loss=4.9515  ema_loss=5.0878  gap=0.6121  ema_gap=0.6105  mixup=46/200  3.9 sps  ETA 1.7h  cpc=0.0527
              R²_rand=0.6862  R²_naive=0.6668  U_t=0.3683  U_b=0.4937  AUC=1.0000  Top1=0.9962
  timing: data=22.5ms  fwd=135.7ms  bwd=77.4ms  total=236.3ms
  -> Saved /home/jupyter/wt-cf-390-train/experiments/2026-08-01_lalign_teacher/runs/bb_small_arm6_v2_lalign_lrepmoco_enc3l3_b64_200k_sigreg_ema_qk_aon_cpc_tau090_alignteacher_best_gap.pth
[  16000] loss=4.9418  ema_loss=5.0874  gap=0.6217  ema_gap=0.6110  mixup=62/200  3.9 sps  ETA 1.7h  cpc=0.0553
              R²_rand=0.6789  R²_naive=0.6748  U_t=0.3908  U_b=0.4864  AUC=1.0000  Top1=0.9957
  timing: data=8.5ms  fwd=138.7ms  bwd=77.6ms  total=225.7ms
  -> Saved /home/jupyter/wt-cf-390-train/experiments/2026-08-01_lalign_teacher/runs/bb_small_arm6_v2_lalign_lrepmoco_enc3l3_b64_200k_sigreg_ema_qk_aon_cpc_tau090_alignteacher_best_gap.pth
[  16200] loss=5.1002  ema_loss=5.0775  gap=0.6301  ema_gap=0.6179  mixup=66/200  3.9 sps  ETA 1.7h  cpc=0.0711
              R²_rand=0.6786  R²_naive=0.6722  U_t=0.3651  U_b=0.4904  AUC=1.0000  Top1=0.9962
  timing: data=7.3ms  fwd=137.9ms  bwd=76.4ms  total=222.3ms
  -> Saved /home/jupyter/wt-cf-390-train/experiments/2026-08-01_lalign_teacher/runs/bb_small_arm6_v2_lalign_lrepmoco_enc3l3_b64_200k_sigreg_ema_qk_aon_cpc_tau090_alignteacher_best_gap.pth
[  16400] loss=4.9342  ema_loss=5.0616  gap=0.6034  ema_gap=0.6179  mixup=70/200  3.9 sps  ETA 1.7h  cpc=0.0713
              R²_rand=0.6849  R²_naive=0.6667  U_t=0.3615  U_b=0.4901  AUC=1.0000  Top1=0.9976
  timing: data=23.8ms  fwd=138.8ms  bwd=78.0ms  total=241.4ms
[  16600] loss=5.0950  ema_loss=5.0435  gap=0.6187  ema_gap=0.6185  mixup=57/200  3.9 sps  ETA 1.7h  cpc=0.1105
              R²_rand=0.6862  R²_naive=0.6758  U_t=0.3452  U_b=0.4726  AUC=1.0000  Top1=0.9978
  timing: data=7.1ms  fwd=138.5ms  bwd=78.6ms  total=225.0ms
  -> Saved /home/jupyter/wt-cf-390-train/experiments/2026-08-01_lalign_teacher/runs/bb_small_arm6_v2_lalign_lrepmoco_enc3l3_b64_200k_sigreg_ema_qk_aon_cpc_tau090_alignteacher_best_gap.pth
  -> Saved /home/jupyter/wt-cf-390-train/experiments/2026-08-01_lalign_teacher/runs/bb_small_arm6_v2_lalign_lrepmoco_enc3l3_b64_200k_sigreg_ema_qk_aon_cpc_tau090_alignteacher_best_loss.pth
[  16800] loss=5.0685  ema_loss=5.0561  gap=0.6198  ema_gap=0.6150  mixup=56/200  3.9 sps  ETA 1.7h  cpc=0.0833
              R²_rand=0.6800  R²_naive=0.6678  U_t=0.3624  U_b=0.4903  AUC=1.0000  Top1=0.9954
  timing: data=7.4ms  fwd=139.7ms  bwd=78.1ms  total=225.9ms
[  17000] loss=4.9684  ema_loss=5.0432  gap=0.6238  ema_gap=0.6170  mixup=64/200  3.9 sps  ETA 1.6h  cpc=0.0751
              R²_rand=0.6870  R²_naive=0.6778  U_t=0.3617  U_b=0.4881  AUC=1.0000  Top1=0.9978
  timing: data=22.4ms  fwd=137.8ms  bwd=80.2ms  total=241.3ms
  -> Saved /home/jupyter/wt-cf-390-train/experiments/2026-08-01_lalign_teacher/runs/bb_small_arm6_v2_lalign_lrepmoco_enc3l3_b64_200k_sigreg_ema_qk_aon_cpc_tau090_alignteacher_best_loss.pth
[  17200] loss=4.8819  ema_loss=5.0347  gap=0.6225  ema_gap=0.6159  mixup=56/200  3.9 sps  ETA 1.6h  cpc=0.0311
              R²_rand=0.6887  R²_naive=0.6748  U_t=0.3649  U_b=0.4952  AUC=1.0000  Top1=0.9965
  timing: data=6.8ms  fwd=140.2ms  bwd=79.9ms  total=227.7ms
  -> Saved /home/jupyter/wt-cf-390-train/experiments/2026-08-01_lalign_teacher/runs/bb_small_arm6_v2_lalign_lrepmoco_enc3l3_b64_200k_sigreg_ema_qk_aon_cpc_tau090_alignteacher_best_loss.pth
[  17400] loss=4.9181  ema_loss=5.0560  gap=0.6210  ema_gap=0.6166  mixup=64/200  3.9 sps  ETA 1.6h  cpc=0.0600
              R²_rand=0.6730  R²_naive=0.6644  U_t=0.3697  U_b=0.4872  AUC=1.0000  Top1=0.9962
  timing: data=8.1ms  fwd=138.1ms  bwd=78.0ms  total=225.0ms
[  17600] loss=5.0403  ema_loss=5.0453  gap=0.5781  ema_gap=0.6159  mixup=62/200  3.9 sps  ETA 1.6h  cpc=0.0570
              R²_rand=0.6938  R²_naive=0.6720  U_t=0.3176  U_b=0.4972  AUC=0.9999  Top1=0.9910
  timing: data=23.9ms  fwd=138.9ms  bwd=78.3ms  total=241.9ms
[  17800] loss=4.8749  ema_loss=5.0279  gap=0.6248  ema_gap=0.6170  mixup=54/200  3.9 sps  ETA 1.6h  cpc=0.0446
              R²_rand=0.6813  R²_naive=0.6737  U_t=0.3768  U_b=0.4915  AUC=1.0000  Top1=0.9962
  timing: data=8.9ms  fwd=138.0ms  bwd=78.1ms  total=225.8ms
  -> Saved /home/jupyter/wt-cf-390-train/experiments/2026-08-01_lalign_teacher/runs/bb_small_arm6_v2_lalign_lrepmoco_enc3l3_b64_200k_sigreg_ema_qk_aon_cpc_tau090_alignteacher_best_loss.pth
[  18000] loss=5.2231  ema_loss=5.0241  gap=0.6265  ema_gap=0.6161  mixup=60/200  3.9 sps  ETA 1.6h  cpc=0.1679
              R²_rand=0.6759  R²_naive=0.6675  U_t=0.3828  U_b=0.4291  AUC=1.0000  Top1=0.9970
  timing: data=7.1ms  fwd=139.3ms  bwd=77.0ms  total=224.2ms
  -> Saved /home/jupyter/wt-cf-390-train/experiments/2026-08-01_lalign_teacher/runs/bb_small_arm6_v2_lalign_lrepmoco_enc3l3_b64_200k_sigreg_ema_qk_aon_cpc_tau090_alignteacher_best_loss.pth
[  18200] loss=5.0111  ema_loss=5.0737  gap=0.6101  ema_gap=0.6180  mixup=51/200  3.9 sps  ETA 1.6h  cpc=0.0874
              R²_rand=0.6837  R²_naive=0.6778  U_t=0.3759  U_b=0.4817  AUC=1.0000  Top1=0.9967
  timing: data=22.0ms  fwd=137.4ms  bwd=79.7ms  total=239.8ms
[  18400] loss=4.9170  ema_loss=5.0406  gap=0.6242  ema_gap=0.6189  mixup=58/200  3.9 sps  ETA 1.5h  cpc=0.0571
              R²_rand=0.6847  R²_naive=0.6725  U_t=0.3632  U_b=0.4882  AUC=1.0000  Top1=0.9965
  timing: data=8.2ms  fwd=138.7ms  bwd=77.4ms  total=225.1ms
  -> Saved /home/jupyter/wt-cf-390-train/experiments/2026-08-01_lalign_teacher/runs/bb_small_arm6_v2_lalign_lrepmoco_enc3l3_b64_200k_sigreg_ema_qk_aon_cpc_tau090_alignteacher_best_gap.pth
[  18600] loss=4.8330  ema_loss=5.0374  gap=0.6389  ema_gap=0.6179  mixup=63/200  3.9 sps  ETA 1.5h  cpc=0.0243
              R²_rand=0.6964  R²_naive=0.6841  U_t=0.3489  U_b=0.4974  AUC=1.0000  Top1=0.9976
  timing: data=8.1ms  fwd=137.0ms  bwd=78.8ms  total=224.7ms
[  18800] loss=4.9820  ema_loss=5.0669  gap=0.6438  ema_gap=0.6171  mixup=61/200  3.9 sps  ETA 1.5h  cpc=0.0559
              R²_rand=0.6829  R²_naive=0.6813  U_t=0.3587  U_b=0.4971  AUC=1.0000  Top1=0.9973
  timing: data=26.3ms  fwd=134.3ms  bwd=77.7ms  total=239.0ms
[  19000] loss=5.1961  ema_loss=5.0776  gap=0.5815  ema_gap=0.6161  mixup=63/200  3.9 sps  ETA 1.5h  cpc=0.0685
              R²_rand=0.6841  R²_naive=0.6593  U_t=0.3460  U_b=0.5109  AUC=0.9999  Top1=0.9905
  timing: data=6.7ms  fwd=137.2ms  bwd=77.4ms  total=222.1ms
[  19200] loss=4.8992  ema_loss=5.0630  gap=0.6064  ema_gap=0.6135  mixup=58/200  3.9 sps  ETA 1.5h  cpc=0.0486
              R²_rand=0.6819  R²_naive=0.6677  U_t=0.3656  U_b=0.4927  AUC=1.0000  Top1=0.9970
  timing: data=7.5ms  fwd=139.0ms  bwd=78.3ms  total=225.5ms
[  19400] loss=4.8846  ema_loss=5.0439  gap=0.6370  ema_gap=0.6136  mixup=63/200  3.8 sps  ETA 1.5h  cpc=0.0639
              R²_rand=0.6841  R²_naive=0.6825  U_t=0.3873  U_b=0.4937  AUC=1.0000  Top1=0.9965
  timing: data=229.5ms  fwd=136.4ms  bwd=77.5ms  total=444.2ms
[  19600] loss=5.2002  ema_loss=5.0888  gap=0.5857  ema_gap=0.6162  mixup=57/200  3.8 sps  ETA 1.5h  cpc=0.0882
              R²_rand=0.6663  R²_naive=0.6598  U_t=0.3305  U_b=0.4993  AUC=1.0000  Top1=0.9957
  timing: data=7.1ms  fwd=140.8ms  bwd=78.2ms  total=226.9ms
[  19800] loss=4.8721  ema_loss=5.0231  gap=0.6042  ema_gap=0.6160  mixup=61/200  3.8 sps  ETA 1.5h  cpc=0.0445
              R²_rand=0.6882  R²_naive=0.6689  U_t=0.3683  U_b=0.5026  AUC=1.0000  Top1=0.9976
  timing: data=8.4ms  fwd=138.0ms  bwd=79.8ms  total=227.1ms
  -> Saved /home/jupyter/wt-cf-390-train/experiments/2026-08-01_lalign_teacher/runs/bb_small_arm6_v2_lalign_lrepmoco_enc3l3_b64_200k_sigreg_ema_qk_aon_cpc_tau090_alignteacher_best_loss.pth
[  20000] loss=4.7873  ema_loss=5.0165  gap=0.6164  ema_gap=0.6174  mixup=59/200  3.8 sps  ETA 1.4h  cpc=0.0186
              R²_rand=0.6698  R²_naive=0.6726  U_t=0.3880  U_b=0.5104  AUC=1.0000  Top1=0.9954
  timing: data=36.3ms  fwd=137.2ms  bwd=77.1ms  total=251.3ms
  -> Saved /home/jupyter/wt-cf-390-train/experiments/2026-08-01_lalign_teacher/runs/bb_small_arm6_v2_lalign_lrepmoco_enc3l3_b64_200k_sigreg_ema_qk_aon_cpc_tau090_alignteacher_best_loss.pth
  -> Saved /home/jupyter/wt-cf-390-train/experiments/2026-08-01_lalign_teacher/runs/bb_small_arm6_v2_lalign_lrepmoco_enc3l3_b64_200k_sigreg_ema_qk_aon_cpc_tau090_alignteacher_20k.pth
[  20200] loss=5.3344  ema_loss=5.0177  gap=0.6105  ema_gap=0.6158  mixup=59/200  3.8 sps  ETA 1.4h  cpc=0.2395
              R²_rand=0.6775  R²_naive=0.6613  U_t=0.3794  U_b=0.4245  AUC=1.0000  Top1=0.9978
  timing: data=7.3ms  fwd=138.6ms  bwd=78.2ms  total=224.9ms
[  20400] loss=5.0379  ema_loss=5.0235  gap=0.6188  ema_gap=0.6162  mixup=64/200  3.8 sps  ETA 1.4h  cpc=0.1115
              R²_rand=0.6688  R²_naive=0.6611  U_t=0.4015  U_b=0.4571  AUC=1.0000  Top1=0.9973
  timing: data=7.1ms  fwd=140.9ms  bwd=78.5ms  total=227.3ms
[  20600] loss=5.4493  ema_loss=5.0278  gap=0.5879  ema_gap=0.6164  mixup=60/200  3.8 sps  ETA 1.4h  cpc=0.0948
              R²_rand=0.6859  R²_naive=0.6558  U_t=0.3446  U_b=0.4950  AUC=0.9999  Top1=0.9859
  timing: data=8.5ms  fwd=138.4ms  bwd=79.0ms  total=226.7ms
[  20800] loss=4.8832  ema_loss=5.0267  gap=0.5998  ema_gap=0.6118  mixup=54/200  3.8 sps  ETA 1.4h  cpc=0.0510
              R²_rand=0.6773  R²_naive=0.6686  U_t=0.3973  U_b=0.5014  AUC=1.0000  Top1=0.9976
  timing: data=27.2ms  fwd=137.9ms  bwd=77.7ms  total=243.6ms
[  21000] loss=4.7950  ema_loss=5.0299  gap=0.6159  ema_gap=0.6128  mixup=65/200  3.8 sps  ETA 1.4h  cpc=0.0340
              R²_rand=0.6802  R²_naive=0.6692  U_t=0.3878  U_b=0.5121  AUC=1.0000  Top1=0.9973
  timing: data=8.5ms  fwd=139.8ms  bwd=79.5ms  total=228.5ms
[  21200] loss=5.2516  ema_loss=5.0335  gap=0.6320  ema_gap=0.6172  mixup=62/200  3.8 sps  ETA 1.4h  cpc=0.1206
              R²_rand=0.6816  R²_naive=0.6783  U_t=0.3481  U_b=0.4980  AUC=1.0000  Top1=0.9973
  timing: data=7.3ms  fwd=138.8ms  bwd=77.5ms  total=224.4ms
[  21400] loss=5.0561  ema_loss=5.0357  gap=0.5905  ema_gap=0.6164  mixup=66/200  3.8 sps  ETA 1.3h  cpc=0.0909
              R²_rand=0.6717  R²_naive=0.6478  U_t=0.3746  U_b=0.5023  AUC=1.0000  Top1=0.9946
  timing: data=24.2ms  fwd=137.2ms  bwd=75.3ms  total=237.5ms
[  21600] loss=4.8776  ema_loss=5.0074  gap=0.6117  ema_gap=0.6124  mixup=51/200  3.8 sps  ETA 1.3h  cpc=0.0489
              R²_rand=0.6732  R²_naive=0.6649  U_t=0.3882  U_b=0.4985  AUC=1.0000  Top1=0.9948
  timing: data=7.0ms  fwd=137.8ms  bwd=78.3ms  total=223.8ms
  -> Saved /home/jupyter/wt-cf-390-train/experiments/2026-08-01_lalign_teacher/runs/bb_small_arm6_v2_lalign_lrepmoco_enc3l3_b64_200k_sigreg_ema_qk_aon_cpc_tau090_alignteacher_best_loss.pth
[  21800] loss=4.9245  ema_loss=5.0048  gap=0.6385  ema_gap=0.6152  mixup=72/200  3.8 sps  ETA 1.3h  cpc=0.0726
              R²_rand=0.6868  R²_naive=0.6794  U_t=0.3583  U_b=0.4975  AUC=1.0000  Top1=0.9967
  timing: data=8.2ms  fwd=139.4ms  bwd=79.8ms  total=228.2ms
  -> Saved /home/jupyter/wt-cf-390-train/experiments/2026-08-01_lalign_teacher/runs/bb_small_arm6_v2_lalign_lrepmoco_enc3l3_b64_200k_sigreg_ema_qk_aon_cpc_tau090_alignteacher_best_loss.pth
[  22000] loss=4.9486  ema_loss=5.0313  gap=0.6284  ema_gap=0.6155  mixup=50/200  3.8 sps  ETA 1.3h  cpc=0.0660
              R²_rand=0.6728  R²_naive=0.6698  U_t=0.3797  U_b=0.5036  AUC=1.0000  Top1=0.9970
  timing: data=25.1ms  fwd=137.3ms  bwd=77.7ms  total=240.9ms
[  22200] loss=5.5776  ema_loss=5.0081  gap=0.6218  ema_gap=0.6145  mixup=70/200  3.8 sps  ETA 1.3h  cpc=0.3181
              R²_rand=0.6752  R²_naive=0.6708  U_t=0.3834  U_b=0.4205  AUC=1.0000  Top1=0.9976
  timing: data=7.2ms  fwd=140.8ms  bwd=78.2ms  total=226.9ms
[  22400] loss=5.1379  ema_loss=5.0360  gap=0.6309  ema_gap=0.6136  mixup=70/200  3.8 sps  ETA 1.3h  cpc=0.1351
              R²_rand=0.6899  R²_naive=0.6763  U_t=0.3783  U_b=0.4512  AUC=1.0000  Top1=0.9957
  timing: data=7.4ms  fwd=139.3ms  bwd=78.8ms  total=226.3ms
[  22600] loss=4.8445  ema_loss=4.9964  gap=0.6139  ema_gap=0.6124  mixup=62/200  3.8 sps  ETA 1.3h  cpc=0.0470
              R²_rand=0.6807  R²_naive=0.6642  U_t=0.3982  U_b=0.5134  AUC=1.0000  Top1=0.9943
  timing: data=24.4ms  fwd=137.8ms  bwd=79.8ms  total=242.8ms
  -> Saved /home/jupyter/wt-cf-390-train/experiments/2026-08-01_lalign_teacher/runs/bb_small_arm6_v2_lalign_lrepmoco_enc3l3_b64_200k_sigreg_ema_qk_aon_cpc_tau090_alignteacher_best_loss.pth
[  22800] loss=5.4371  ema_loss=5.0164  gap=0.6033  ema_gap=0.6092  mixup=47/200  3.8 sps  ETA 1.2h  cpc=0.0714
              R²_rand=0.6771  R²_naive=0.6550  U_t=0.3704  U_b=0.5085  AUC=0.9999  Top1=0.9862
  timing: data=7.2ms  fwd=138.7ms  bwd=76.8ms  total=223.4ms
[  23000] loss=4.8419  ema_loss=4.9961  gap=0.5875  ema_gap=0.6065  mixup=48/200  3.8 sps  ETA 1.2h  cpc=0.0385
              R²_rand=0.6789  R²_naive=0.6597  U_t=0.3877  U_b=0.5032  AUC=1.0000  Top1=0.9978
  timing: data=7.2ms  fwd=138.9ms  bwd=79.6ms  total=226.5ms
  -> Saved /home/jupyter/wt-cf-390-train/experiments/2026-08-01_lalign_teacher/runs/bb_small_arm6_v2_lalign_lrepmoco_enc3l3_b64_200k_sigreg_ema_qk_aon_cpc_tau090_alignteacher_best_loss.pth
[  23200] loss=5.2240  ema_loss=4.9886  gap=0.6078  ema_gap=0.6071  mixup=52/200  3.8 sps  ETA 1.2h  cpc=0.1089
              R²_rand=0.6850  R²_naive=0.6674  U_t=0.3520  U_b=0.4954  AUC=0.9998  Top1=0.9924
  timing: data=24.3ms  fwd=135.3ms  bwd=78.3ms  total=238.7ms
  -> Saved /home/jupyter/wt-cf-390-train/experiments/2026-08-01_lalign_teacher/runs/bb_small_arm6_v2_lalign_lrepmoco_enc3l3_b64_200k_sigreg_ema_qk_aon_cpc_tau090_alignteacher_best_loss.pth
[  23400] loss=4.8480  ema_loss=5.0229  gap=0.6244  ema_gap=0.6074  mixup=63/200  3.8 sps  ETA 1.2h  cpc=0.0375
              R²_rand=0.6690  R²_naive=0.6650  U_t=0.4056  U_b=0.5165  AUC=1.0000  Top1=0.9962
  timing: data=7.2ms  fwd=137.9ms  bwd=78.5ms  total=224.3ms
[  23600] loss=4.8677  ema_loss=4.9948  gap=0.6069  ema_gap=0.6070  mixup=55/200  3.8 sps  ETA 1.2h  cpc=0.0521
              R²_rand=0.6681  R²_naive=0.6582  U_t=0.3953  U_b=0.5216  AUC=1.0000  Top1=0.9965
  timing: data=8.4ms  fwd=138.0ms  bwd=77.4ms  total=224.6ms
[  23800] loss=4.9383  ema_loss=4.9978  gap=0.6223  ema_gap=0.6054  mixup=55/200  3.8 sps  ETA 1.2h  cpc=0.0574
              R²_rand=0.6755  R²_naive=0.6589  U_t=0.3999  U_b=0.5200  AUC=1.0000  Top1=0.9943
  timing: data=23.9ms  fwd=137.2ms  bwd=78.3ms  total=240.1ms
[  24000] loss=4.8008  ema_loss=5.0240  gap=0.6286  ema_gap=0.6086  mixup=61/200  3.8 sps  ETA 1.2h  cpc=0.0211
              R²_rand=0.6721  R²_naive=0.6612  U_t=0.4080  U_b=0.5193  AUC=1.0000  Top1=0.9940
  timing: data=7.1ms  fwd=137.7ms  bwd=78.3ms  total=223.8ms
[  24200] loss=4.8679  ema_loss=5.0161  gap=0.6204  ema_gap=0.6088  mixup=61/200  3.9 sps  ETA 1.1h  cpc=0.0415
              R²_rand=0.6844  R²_naive=0.6768  U_t=0.3604  U_b=0.5180  AUC=1.0000  Top1=0.9973
  timing: data=6.8ms  fwd=140.6ms  bwd=79.5ms  total=227.7ms
[  24400] loss=4.7926  ema_loss=4.9897  gap=0.6052  ema_gap=0.6063  mixup=56/200  3.8 sps  ETA 1.1h  cpc=0.0414
              R²_rand=0.6768  R²_naive=0.6682  U_t=0.3885  U_b=0.5259  AUC=1.0000  Top1=0.9984
  timing: data=23.2ms  fwd=136.1ms  bwd=77.4ms  total=237.5ms
[  24600] loss=5.1248  ema_loss=4.9838  gap=0.5770  ema_gap=0.6065  mixup=54/200  3.9 sps  ETA 1.1h  cpc=0.0883
              R²_rand=0.6789  R²_naive=0.6488  U_t=0.3581  U_b=0.5268  AUC=1.0000  Top1=0.9938
  timing: data=7.2ms  fwd=139.5ms  bwd=78.4ms  total=225.8ms
  -> Saved /home/jupyter/wt-cf-390-train/experiments/2026-08-01_lalign_teacher/runs/bb_small_arm6_v2_lalign_lrepmoco_enc3l3_b64_200k_sigreg_ema_qk_aon_cpc_tau090_alignteacher_best_loss.pth
[  24800] loss=5.1228  ema_loss=5.0086  gap=0.5878  ema_gap=0.6122  mixup=62/200  3.9 sps  ETA 1.1h  cpc=0.1386
              R²_rand=0.6713  R²_naive=0.6657  U_t=0.3524  U_b=0.4985  AUC=1.0000  Top1=0.9962
  timing: data=7.1ms  fwd=138.3ms  bwd=78.1ms  total=224.2ms
[  25000] loss=4.9439  ema_loss=5.0027  gap=0.6123  ema_gap=0.6109  mixup=60/200  3.8 sps  ETA 1.1h  cpc=0.0827
              R²_rand=0.6768  R²_naive=0.6596  U_t=0.3705  U_b=0.5027  AUC=1.0000  Top1=0.9962
  timing: data=22.2ms  fwd=139.6ms  bwd=77.5ms  total=240.0ms
[  25200] loss=5.0011  ema_loss=5.0052  gap=0.6273  ema_gap=0.6117  mixup=77/200  3.9 sps  ETA 1.1h  cpc=0.0978
              R²_rand=0.6789  R²_naive=0.6685  U_t=0.3910  U_b=0.4960  AUC=1.0000  Top1=0.9954
  timing: data=8.3ms  fwd=138.4ms  bwd=75.9ms  total=223.3ms
[  25400] loss=5.2955  ema_loss=4.9915  gap=0.5943  ema_gap=0.6106  mixup=60/200  3.9 sps  ETA 1.1h  cpc=0.1194
              R²_rand=0.6746  R²_naive=0.6566  U_t=0.3846  U_b=0.5043  AUC=0.9999  Top1=0.9894
  timing: data=8.6ms  fwd=138.4ms  bwd=77.2ms  total=225.0ms
[  25600] loss=4.8765  ema_loss=4.9913  gap=0.6049  ema_gap=0.6074  mixup=60/200  3.9 sps  ETA 1.0h  cpc=0.0638
              R²_rand=0.6586  R²_naive=0.6499  U_t=0.3977  U_b=0.5127  AUC=1.0000  Top1=0.9938
  timing: data=6.9ms  fwd=137.8ms  bwd=77.3ms  total=222.8ms
[  25800] loss=4.8476  ema_loss=5.0025  gap=0.5936  ema_gap=0.6075  mixup=67/200  3.9 sps  ETA 1.0h  cpc=0.0636
              R²_rand=0.6653  R²_naive=0.6571  U_t=0.3844  U_b=0.5118  AUC=1.0000  Top1=0.9959
  timing: data=23.2ms  fwd=138.5ms  bwd=78.9ms  total=241.5ms
[  26000] loss=5.3263  ema_loss=5.0087  gap=0.5928  ema_gap=0.6079  mixup=65/200  3.9 sps  ETA 1.0h  cpc=0.2336
              R²_rand=0.6806  R²_naive=0.6615  U_t=0.3858  U_b=0.4455  AUC=1.0000  Top1=0.9981
  timing: data=7.2ms  fwd=139.0ms  bwd=78.1ms  total=225.1ms
[  26200] loss=5.1675  ema_loss=4.9801  gap=0.5995  ema_gap=0.6066  mixup=60/200  3.9 sps  ETA 1.0h  cpc=0.1132
              R²_rand=0.6867  R²_naive=0.6659  U_t=0.3691  U_b=0.5005  AUC=0.9999  Top1=0.9908
  timing: data=7.4ms  fwd=139.2ms  bwd=78.2ms  total=225.5ms
  -> Saved /home/jupyter/wt-cf-390-train/experiments/2026-08-01_lalign_teacher/runs/bb_small_arm6_v2_lalign_lrepmoco_enc3l3_b64_200k_sigreg_ema_qk_aon_cpc_tau090_alignteacher_best_loss.pth
[  26400] loss=4.9333  ema_loss=4.9832  gap=0.6217  ema_gap=0.6082  mixup=59/200  3.9 sps  ETA 1.0h  cpc=0.0741
              R²_rand=0.6827  R²_naive=0.6724  U_t=0.3826  U_b=0.5107  AUC=1.0000  Top1=0.9959
  timing: data=21.9ms  fwd=138.1ms  bwd=79.1ms  total=239.9ms
[  26600] loss=5.4468  ema_loss=4.9691  gap=0.5848  ema_gap=0.6080  mixup=56/200  3.9 sps  ETA 1.0h  cpc=0.0969
              R²_rand=0.6720  R²_naive=0.6506  U_t=0.3705  U_b=0.5057  AUC=0.9997  Top1=0.9786
  timing: data=8.1ms  fwd=139.0ms  bwd=79.3ms  total=227.1ms
  -> Saved /home/jupyter/wt-cf-390-train/experiments/2026-08-01_lalign_teacher/runs/bb_small_arm6_v2_lalign_lrepmoco_enc3l3_b64_200k_sigreg_ema_qk_aon_cpc_tau090_alignteacher_best_loss.pth
[  26800] loss=5.2962  ema_loss=4.9835  gap=0.5797  ema_gap=0.6077  mixup=70/200  3.9 sps  ETA 1.0h  cpc=0.0782
              R²_rand=0.6880  R²_naive=0.6559  U_t=0.3317  U_b=0.5178  AUC=0.9998  Top1=0.9856
  timing: data=7.5ms  fwd=138.9ms  bwd=79.6ms  total=226.8ms
[  27000] loss=4.9309  ema_loss=4.9994  gap=0.6324  ema_gap=0.6068  mixup=53/200  3.9 sps  ETA 0.9h  cpc=0.0634
              R²_rand=0.6687  R²_naive=0.6691  U_t=0.3683  U_b=0.5193  AUC=1.0000  Top1=0.9954
  timing: data=23.4ms  fwd=137.7ms  bwd=78.9ms  total=240.7ms
[  27200] loss=5.0247  ema_loss=4.9679  gap=0.6175  ema_gap=0.6085  mixup=50/200  3.9 sps  ETA 0.9h  cpc=0.1203
              R²_rand=0.6645  R²_naive=0.6568  U_t=0.4038  U_b=0.4868  AUC=1.0000  Top1=0.9948
  timing: data=8.1ms  fwd=137.1ms  bwd=76.6ms  total=222.5ms
  -> Saved /home/jupyter/wt-cf-390-train/experiments/2026-08-01_lalign_teacher/runs/bb_small_arm6_v2_lalign_lrepmoco_enc3l3_b64_200k_sigreg_ema_qk_aon_cpc_tau090_alignteacher_best_loss.pth
[  27400] loss=4.8846  ema_loss=4.9665  gap=0.6465  ema_gap=0.6059  mixup=53/200  3.9 sps  ETA 0.9h  cpc=0.0712
              R²_rand=0.6651  R²_naive=0.6704  U_t=0.3858  U_b=0.5102  AUC=1.0000  Top1=0.9978
  timing: data=6.8ms  fwd=141.1ms  bwd=78.6ms  total=227.2ms
  -> Saved /home/jupyter/wt-cf-390-train/experiments/2026-08-01_lalign_teacher/runs/bb_small_arm6_v2_lalign_lrepmoco_enc3l3_b64_200k_sigreg_ema_qk_aon_cpc_tau090_alignteacher_best_loss.pth
[  27600] loss=4.9107  ema_loss=5.0051  gap=0.5901  ema_gap=0.6072  mixup=60/200  3.9 sps  ETA 0.9h  cpc=0.0692
              R²_rand=0.6648  R²_naive=0.6581  U_t=0.3811  U_b=0.5135  AUC=1.0000  Top1=0.9959
  timing: data=23.4ms  fwd=136.9ms  bwd=78.0ms  total=239.0ms
[  27800] loss=5.0040  ema_loss=4.9712  gap=0.5962  ema_gap=0.6064  mixup=48/200  3.9 sps  ETA 0.9h  cpc=0.0664
              R²_rand=0.6699  R²_naive=0.6540  U_t=0.3634  U_b=0.5266  AUC=1.0000  Top1=0.9973
  timing: data=7.2ms  fwd=139.9ms  bwd=79.6ms  total=227.4ms
[  28000] loss=4.7968  ema_loss=4.9887  gap=0.6021  ema_gap=0.6077  mixup=49/200  3.9 sps  ETA 0.9h  cpc=0.0412
              R²_rand=0.6672  R²_naive=0.6592  U_t=0.4042  U_b=0.5320  AUC=1.0000  Top1=0.9973
  timing: data=7.3ms  fwd=140.8ms  bwd=78.5ms  total=227.5ms
[  28200] loss=4.8125  ema_loss=4.9794  gap=0.6381  ema_gap=0.6154  mixup=61/200  3.9 sps  ETA 0.9h  cpc=0.0459
              R²_rand=0.6587  R²_naive=0.6619  U_t=0.4179  U_b=0.5218  AUC=1.0000  Top1=0.9978
  timing: data=26.4ms  fwd=135.5ms  bwd=76.6ms  total=239.2ms
[  28400] loss=5.7341  ema_loss=5.0041  gap=0.5995  ema_gap=0.6185  mixup=61/200  3.9 sps  ETA 0.8h  cpc=0.1257
              R²_rand=0.6649  R²_naive=0.6477  U_t=0.3767  U_b=0.5188  AUC=0.9998  Top1=0.9704
  timing: data=8.3ms  fwd=138.6ms  bwd=78.5ms  total=226.2ms
[  28600] loss=4.8329  ema_loss=4.9571  gap=0.6377  ema_gap=0.6228  mixup=61/200  3.9 sps  ETA 0.8h  cpc=0.0571
              R²_rand=0.6775  R²_naive=0.6727  U_t=0.3765  U_b=0.5335  AUC=1.0000  Top1=0.9984
  timing: data=7.1ms  fwd=138.8ms  bwd=76.7ms  total=223.4ms
  -> Saved /home/jupyter/wt-cf-390-train/experiments/2026-08-01_lalign_teacher/runs/bb_small_arm6_v2_lalign_lrepmoco_enc3l3_b64_200k_sigreg_ema_qk_aon_cpc_tau090_alignteacher_best_gap.pth
  -> Saved /home/jupyter/wt-cf-390-train/experiments/2026-08-01_lalign_teacher/runs/bb_small_arm6_v2_lalign_lrepmoco_enc3l3_b64_200k_sigreg_ema_qk_aon_cpc_tau090_alignteacher_best_loss.pth
[  28800] loss=4.8802  ema_loss=4.9797  gap=0.6345  ema_gap=0.6223  mixup=63/200  3.9 sps  ETA 0.8h  cpc=0.0648
              R²_rand=0.6660  R²_naive=0.6656  U_t=0.3929  U_b=0.5329  AUC=1.0000  Top1=0.9973
  timing: data=22.3ms  fwd=135.7ms  bwd=78.0ms  total=236.7ms
[  29000] loss=4.8379  ema_loss=4.9895  gap=0.6223  ema_gap=0.6210  mixup=60/200  3.9 sps  ETA 0.8h  cpc=0.0611
              R²_rand=0.6751  R²_naive=0.6717  U_t=0.3748  U_b=0.5314  AUC=1.0000  Top1=0.9984
  timing: data=8.1ms  fwd=138.2ms  bwd=78.8ms  total=225.8ms
[  29200] loss=5.3575  ema_loss=4.9861  gap=0.5951  ema_gap=0.6236  mixup=62/200  3.9 sps  ETA 0.8h  cpc=0.0937
              R²_rand=0.6767  R²_naive=0.6546  U_t=0.3577  U_b=0.5296  AUC=0.9998  Top1=0.9826
  timing: data=7.2ms  fwd=140.2ms  bwd=76.9ms  total=225.1ms
  -> Saved /home/jupyter/wt-cf-390-train/experiments/2026-08-01_lalign_teacher/runs/bb_small_arm6_v2_lalign_lrepmoco_enc3l3_b64_200k_sigreg_ema_qk_aon_cpc_tau090_alignteacher_best_gap.pth
[  29400] loss=4.7768  ema_loss=4.9995  gap=0.6187  ema_gap=0.6232  mixup=54/200  3.9 sps  ETA 0.8h  cpc=0.0272
              R²_rand=0.6723  R²_naive=0.6651  U_t=0.4110  U_b=0.5484  AUC=1.0000  Top1=0.9984
  timing: data=22.4ms  fwd=136.7ms  bwd=79.0ms  total=238.8ms
[  29600] loss=5.0719  ema_loss=4.9661  gap=0.6246  ema_gap=0.6233  mixup=56/200  3.9 sps  ETA 0.7h  cpc=0.1334
              R²_rand=0.6716  R²_naive=0.6701  U_t=0.4004  U_b=0.4872  AUC=1.0000  Top1=0.9986
  timing: data=7.1ms  fwd=138.7ms  bwd=78.6ms  total=225.2ms
[  29800] loss=4.8497  ema_loss=4.9460  gap=0.6164  ema_gap=0.6239  mixup=61/200  3.9 sps  ETA 0.7h  cpc=0.0696
              R²_rand=0.6739  R²_naive=0.6651  U_t=0.3995  U_b=0.5441  AUC=1.0000  Top1=0.9973
  timing: data=7.1ms  fwd=138.4ms  bwd=79.4ms  total=225.8ms
  -> Saved /home/jupyter/wt-cf-390-train/experiments/2026-08-01_lalign_teacher/runs/bb_small_arm6_v2_lalign_lrepmoco_enc3l3_b64_200k_sigreg_ema_qk_aon_cpc_tau090_alignteacher_best_gap.pth
  -> Saved /home/jupyter/wt-cf-390-train/experiments/2026-08-01_lalign_teacher/runs/bb_small_arm6_v2_lalign_lrepmoco_enc3l3_b64_200k_sigreg_ema_qk_aon_cpc_tau090_alignteacher_best_loss.pth
[  30000] loss=4.7687  ema_loss=5.0042  gap=0.6315  ema_gap=0.6263  mixup=62/200  3.9 sps  ETA 0.7h  cpc=0.0315
              R²_rand=0.6755  R²_naive=0.6694  U_t=0.3875  U_b=0.5539  AUC=1.0000  Top1=0.9965
  timing: data=28.8ms  fwd=138.3ms  bwd=79.3ms  total=247.2ms
  -> Saved /home/jupyter/wt-cf-390-train/experiments/2026-08-01_lalign_teacher/runs/bb_small_arm6_v2_lalign_lrepmoco_enc3l3_b64_200k_sigreg_ema_qk_aon_cpc_tau090_alignteacher_best_gap.pth
  -> Saved /home/jupyter/wt-cf-390-train/experiments/2026-08-01_lalign_teacher/runs/bb_small_arm6_v2_lalign_lrepmoco_enc3l3_b64_200k_sigreg_ema_qk_aon_cpc_tau090_alignteacher_30k.pth
[  30200] loss=5.3309  ema_loss=4.9858  gap=0.5969  ema_gap=0.6290  mixup=70/200  3.9 sps  ETA 0.7h  cpc=0.0673
              R²_rand=0.6727  R²_naive=0.6578  U_t=0.3835  U_b=0.5386  AUC=0.9998  Top1=0.9802
  timing: data=7.2ms  fwd=138.3ms  bwd=77.5ms  total=223.7ms
  -> Saved /home/jupyter/wt-cf-390-train/experiments/2026-08-01_lalign_teacher/runs/bb_small_arm6_v2_lalign_lrepmoco_enc3l3_b64_200k_sigreg_ema_qk_aon_cpc_tau090_alignteacher_best_gap.pth
[  30400] loss=5.2386  ema_loss=4.9524  gap=0.6053  ema_gap=0.6265  mixup=68/200  3.9 sps  ETA 0.7h  cpc=0.2183
              R²_rand=0.6815  R²_naive=0.6629  U_t=0.3933  U_b=0.4581  AUC=1.0000  Top1=0.9967
  timing: data=7.0ms  fwd=139.6ms  bwd=78.2ms  total=225.6ms
[  30600] loss=4.7940  ema_loss=4.9566  gap=0.6426  ema_gap=0.6288  mixup=58/200  3.9 sps  ETA 0.7h  cpc=0.0480
              R²_rand=0.6766  R²_naive=0.6727  U_t=0.3928  U_b=0.5420  AUC=1.0000  Top1=0.9959
  timing: data=8.4ms  fwd=137.1ms  bwd=78.0ms  total=224.2ms
[  30800] loss=5.2083  ema_loss=4.9687  gap=0.6304  ema_gap=0.6308  mixup=56/200  3.9 sps  ETA 0.7h  cpc=0.1913
              R²_rand=0.6646  R²_naive=0.6650  U_t=0.3969  U_b=0.4999  AUC=1.0000  Top1=0.9948
  timing: data=27.6ms  fwd=138.0ms  bwd=78.8ms  total=245.1ms
  -> Saved /home/jupyter/wt-cf-390-train/experiments/2026-08-01_lalign_teacher/runs/bb_small_arm6_v2_lalign_lrepmoco_enc3l3_b64_200k_sigreg_ema_qk_aon_cpc_tau090_alignteacher_best_gap.pth
[  31000] loss=4.8241  ema_loss=4.9505  gap=0.6097  ema_gap=0.6339  mixup=56/200  3.9 sps  ETA 0.6h  cpc=0.0565
              R²_rand=0.6759  R²_naive=0.6678  U_t=0.3799  U_b=0.5406  AUC=1.0000  Top1=0.9981
  timing: data=7.2ms  fwd=140.2ms  bwd=78.6ms  total=226.8ms
  -> Saved /home/jupyter/wt-cf-390-train/experiments/2026-08-01_lalign_teacher/runs/bb_small_arm6_v2_lalign_lrepmoco_enc3l3_b64_200k_sigreg_ema_qk_aon_cpc_tau090_alignteacher_best_gap.pth
[  31200] loss=5.2509  ema_loss=4.9689  gap=0.6037  ema_gap=0.6374  mixup=58/200  3.9 sps  ETA 0.6h  cpc=0.1128
              R²_rand=0.6669  R²_naive=0.6586  U_t=0.3776  U_b=0.5435  AUC=0.9997  Top1=0.9891
  timing: data=7.3ms  fwd=139.9ms  bwd=78.1ms  total=226.1ms
  -> Saved /home/jupyter/wt-cf-390-train/experiments/2026-08-01_lalign_teacher/runs/bb_small_arm6_v2_lalign_lrepmoco_enc3l3_b64_200k_sigreg_ema_qk_aon_cpc_tau090_alignteacher_best_gap.pth
[  31400] loss=4.7940  ema_loss=4.9777  gap=0.6497  ema_gap=0.6349  mixup=60/200  3.9 sps  ETA 0.6h  cpc=0.0367
              R²_rand=0.6847  R²_naive=0.6805  U_t=0.3860  U_b=0.5498  AUC=1.0000  Top1=0.9984
  timing: data=23.4ms  fwd=139.5ms  bwd=78.7ms  total=242.4ms
[  31600] loss=4.9311  ema_loss=4.9582  gap=0.6223  ema_gap=0.6344  mixup=58/200  3.9 sps  ETA 0.6h  cpc=0.0814
              R²_rand=0.6788  R²_naive=0.6765  U_t=0.3727  U_b=0.5389  AUC=1.0000  Top1=0.9976
  timing: data=8.4ms  fwd=141.4ms  bwd=80.1ms  total=230.7ms
[  31800] loss=5.0612  ema_loss=4.9565  gap=0.6340  ema_gap=0.6343  mixup=53/200  3.9 sps  ETA 0.6h  cpc=0.0661
              R²_rand=0.6813  R²_naive=0.6747  U_t=0.3940  U_b=0.5504  AUC=0.9999  Top1=0.9921
  timing: data=7.2ms  fwd=140.2ms  bwd=79.1ms  total=227.3ms
[  32000] loss=4.8185  ema_loss=4.9615  gap=0.6386  ema_gap=0.6327  mixup=62/200  3.9 sps  ETA 0.6h  cpc=0.0493
              R²_rand=0.6785  R²_naive=0.6778  U_t=0.3787  U_b=0.5550  AUC=1.0000  Top1=0.9978
  timing: data=21.7ms  fwd=140.2ms  bwd=78.9ms  total=241.6ms
[  32200] loss=4.8354  ema_loss=4.9657  gap=0.6370  ema_gap=0.6324  mixup=69/200  3.9 sps  ETA 0.6h  cpc=0.0441
              R²_rand=0.6787  R²_naive=0.6771  U_t=0.3751  U_b=0.5542  AUC=1.0000  Top1=0.9967
  timing: data=7.4ms  fwd=138.6ms  bwd=77.5ms  total=224.3ms
[  32400] loss=4.9439  ema_loss=4.9609  gap=0.6595  ema_gap=0.6362  mixup=60/200  3.9 sps  ETA 0.5h  cpc=0.0940
              R²_rand=0.6894  R²_naive=0.6856  U_t=0.3895  U_b=0.5369  AUC=1.0000  Top1=0.9984
  timing: data=7.0ms  fwd=140.5ms  bwd=78.4ms  total=226.7ms
[  32600] loss=5.2115  ema_loss=4.9602  gap=0.6118  ema_gap=0.6333  mixup=61/200  3.9 sps  ETA 0.5h  cpc=0.0685
              R²_rand=0.6775  R²_naive=0.6702  U_t=0.3947  U_b=0.5524  AUC=0.9999  Top1=0.9878
  timing: data=22.6ms  fwd=137.1ms  bwd=78.4ms  total=238.9ms
[  32800] loss=4.9267  ema_loss=4.9587  gap=0.6158  ema_gap=0.6301  mixup=51/200  3.9 sps  ETA 0.5h  cpc=0.0986
              R²_rand=0.6676  R²_naive=0.6679  U_t=0.3841  U_b=0.5224  AUC=1.0000  Top1=0.9973
  timing: data=7.1ms  fwd=139.4ms  bwd=78.7ms  total=225.9ms
[  33000] loss=4.7961  ema_loss=4.9636  gap=0.6314  ema_gap=0.6297  mixup=52/200  3.9 sps  ETA 0.5h  cpc=0.0529
              R²_rand=0.6770  R²_naive=0.6804  U_t=0.3932  U_b=0.5469  AUC=1.0000  Top1=0.9989
  timing: data=9.0ms  fwd=136.1ms  bwd=78.0ms  total=223.9ms
[  33200] loss=4.9050  ema_loss=4.9692  gap=0.6358  ema_gap=0.6307  mixup=60/200  3.9 sps  ETA 0.5h  cpc=0.0711
              R²_rand=0.6694  R²_naive=0.6737  U_t=0.3944  U_b=0.5401  AUC=1.0000  Top1=0.9959
  timing: data=27.2ms  fwd=136.1ms  bwd=77.5ms  total=241.6ms
[  33400] loss=4.7404  ema_loss=4.9639  gap=0.6184  ema_gap=0.6293  mixup=65/200  3.9 sps  ETA 0.5h  cpc=0.0228
              R²_rand=0.6686  R²_naive=0.6702  U_t=0.3862  U_b=0.5517  AUC=1.0000  Top1=0.9981
  timing: data=7.2ms  fwd=137.5ms  bwd=77.7ms  total=223.2ms
[  33600] loss=5.5058  ema_loss=4.9628  gap=0.6235  ema_gap=0.6324  mixup=60/200  3.9 sps  ETA 0.5h  cpc=0.3566
              R²_rand=0.6839  R²_naive=0.6705  U_t=0.3875  U_b=0.4536  AUC=1.0000  Top1=0.9984
  timing: data=7.4ms  fwd=139.5ms  bwd=77.6ms  total=225.2ms
[  33800] loss=4.8760  ema_loss=4.9458  gap=0.6548  ema_gap=0.6323  mixup=70/200  3.9 sps  ETA 0.4h  cpc=0.0494
              R²_rand=0.6852  R²_naive=0.6842  U_t=0.3816  U_b=0.5526  AUC=1.0000  Top1=0.9978
  timing: data=23.2ms  fwd=135.8ms  bwd=76.4ms  total=236.1ms
  -> Saved /home/jupyter/wt-cf-390-train/experiments/2026-08-01_lalign_teacher/runs/bb_small_arm6_v2_lalign_lrepmoco_enc3l3_b64_200k_sigreg_ema_qk_aon_cpc_tau090_alignteacher_best_loss.pth
[  34000] loss=4.8021  ema_loss=4.9543  gap=0.6229  ema_gap=0.6272  mixup=63/200  3.9 sps  ETA 0.4h  cpc=0.0440
              R²_rand=0.6788  R²_naive=0.6663  U_t=0.3923  U_b=0.5530  AUC=1.0000  Top1=0.9978
  timing: data=8.2ms  fwd=138.2ms  bwd=78.5ms  total=225.7ms
[  34200] loss=5.2976  ema_loss=4.9444  gap=0.6209  ema_gap=0.6281  mixup=61/200  3.9 sps  ETA 0.4h  cpc=0.2573
              R²_rand=0.6760  R²_naive=0.6738  U_t=0.3791  U_b=0.4601  AUC=1.0000  Top1=0.9976
  timing: data=7.2ms  fwd=139.1ms  bwd=77.3ms  total=224.4ms
  -> Saved /home/jupyter/wt-cf-390-train/experiments/2026-08-01_lalign_teacher/runs/bb_small_arm6_v2_lalign_lrepmoco_enc3l3_b64_200k_sigreg_ema_qk_aon_cpc_tau090_alignteacher_best_loss.pth
[  34400] loss=4.8691  ema_loss=4.9598  gap=0.6590  ema_gap=0.6305  mixup=63/200  3.9 sps  ETA 0.4h  cpc=0.0653
              R²_rand=0.6879  R²_naive=0.6827  U_t=0.3852  U_b=0.5397  AUC=1.0000  Top1=0.9973
  timing: data=26.1ms  fwd=137.3ms  bwd=77.3ms  total=241.5ms
[  34600] loss=4.7548  ema_loss=4.9408  gap=0.6230  ema_gap=0.6301  mixup=64/200  3.9 sps  ETA 0.4h  cpc=0.0513
              R²_rand=0.6712  R²_naive=0.6713  U_t=0.3989  U_b=0.5479  AUC=1.0000  Top1=0.9984
  timing: data=7.7ms  fwd=137.6ms  bwd=78.5ms  total=224.5ms
  -> Saved /home/jupyter/wt-cf-390-train/experiments/2026-08-01_lalign_teacher/runs/bb_small_arm6_v2_lalign_lrepmoco_enc3l3_b64_200k_sigreg_ema_qk_aon_cpc_tau090_alignteacher_best_loss.pth
[  34800] loss=5.1674  ema_loss=4.9656  gap=0.6361  ema_gap=0.6323  mixup=60/200  3.9 sps  ETA 0.4h  cpc=0.0621
              R²_rand=0.6787  R²_naive=0.6720  U_t=0.3928  U_b=0.5480  AUC=0.9999  Top1=0.9897
  timing: data=8.1ms  fwd=138.6ms  bwd=78.2ms  total=225.6ms
[  35000] loss=4.7141  ema_loss=4.9693  gap=0.6250  ema_gap=0.6331  mixup=69/200  3.9 sps  ETA 0.4h  cpc=0.0238
              R²_rand=0.6679  R²_naive=0.6664  U_t=0.4059  U_b=0.5561  AUC=1.0000  Top1=0.9981
  timing: data=24.6ms  fwd=135.8ms  bwd=79.0ms  total=240.2ms
[  35200] loss=4.8584  ema_loss=4.9681  gap=0.6144  ema_gap=0.6308  mixup=58/200  3.9 sps  ETA 0.3h  cpc=0.0577
              R²_rand=0.6704  R²_naive=0.6631  U_t=0.3730  U_b=0.5511  AUC=1.0000  Top1=0.9976
  timing: data=7.0ms  fwd=140.1ms  bwd=77.5ms  total=225.5ms
[  35400] loss=4.7765  ema_loss=4.9638  gap=0.6422  ema_gap=0.6309  mixup=58/200  3.9 sps  ETA 0.3h  cpc=0.0455
              R²_rand=0.6827  R²_naive=0.6846  U_t=0.3971  U_b=0.5478  AUC=1.0000  Top1=0.9976
  timing: data=8.4ms  fwd=139.0ms  bwd=77.2ms  total=225.4ms
[  35600] loss=4.7326  ema_loss=4.9474  gap=0.6257  ema_gap=0.6321  mixup=63/200  3.9 sps  ETA 0.3h  cpc=0.0195
              R²_rand=0.6689  R²_naive=0.6710  U_t=0.4137  U_b=0.5493  AUC=1.0000  Top1=0.9992
  timing: data=7.3ms  fwd=138.0ms  bwd=78.5ms  total=224.6ms
[  35800] loss=4.8456  ema_loss=4.9672  gap=0.6349  ema_gap=0.6324  mixup=61/200  3.9 sps  ETA 0.3h  cpc=0.0667
              R²_rand=0.6885  R²_naive=0.6783  U_t=0.3748  U_b=0.5391  AUC=1.0000  Top1=0.9978
  timing: data=57.1ms  fwd=136.3ms  bwd=78.4ms  total=272.6ms
[  36000] loss=4.8225  ema_loss=4.9710  gap=0.6115  ema_gap=0.6268  mixup=51/200  3.9 sps  ETA 0.3h  cpc=0.0491
              R²_rand=0.6821  R²_naive=0.6733  U_t=0.3716  U_b=0.5444  AUC=1.0000  Top1=0.9978
  timing: data=7.8ms  fwd=138.0ms  bwd=76.7ms  total=223.2ms
[  36200] loss=4.9379  ema_loss=4.9462  gap=0.6172  ema_gap=0.6292  mixup=54/200  3.9 sps  ETA 0.3h  cpc=0.1016
              R²_rand=0.6744  R²_naive=0.6692  U_t=0.4121  U_b=0.5212  AUC=1.0000  Top1=0.9967
  timing: data=6.7ms  fwd=138.7ms  bwd=79.2ms  total=225.4ms
[  36400] loss=4.8212  ema_loss=4.9576  gap=0.6357  ema_gap=0.6278  mixup=50/200  3.9 sps  ETA 0.3h  cpc=0.0482
              R²_rand=0.6708  R²_naive=0.6676  U_t=0.3905  U_b=0.5426  AUC=1.0000  Top1=0.9973
  timing: data=23.8ms  fwd=136.7ms  bwd=78.9ms  total=240.1ms
[  36600] loss=4.8439  ema_loss=4.9385  gap=0.6141  ema_gap=0.6266  mixup=58/200  3.9 sps  ETA 0.2h  cpc=0.0714
              R²_rand=0.6850  R²_naive=0.6750  U_t=0.3760  U_b=0.5332  AUC=1.0000  Top1=0.9973
  timing: data=8.1ms  fwd=138.3ms  bwd=77.6ms  total=224.8ms
  -> Saved /home/jupyter/wt-cf-390-train/experiments/2026-08-01_lalign_teacher/runs/bb_small_arm6_v2_lalign_lrepmoco_enc3l3_b64_200k_sigreg_ema_qk_aon_cpc_tau090_alignteacher_best_loss.pth
[  36800] loss=5.1529  ema_loss=4.9882  gap=0.6187  ema_gap=0.6275  mixup=68/200  3.9 sps  ETA 0.2h  cpc=0.1700
              R²_rand=0.6745  R²_naive=0.6711  U_t=0.3929  U_b=0.4620  AUC=1.0000  Top1=0.9973
  timing: data=7.6ms  fwd=138.9ms  bwd=77.8ms  total=225.0ms
[  37000] loss=4.7705  ema_loss=4.9693  gap=0.6336  ema_gap=0.6283  mixup=65/200  3.9 sps  ETA 0.2h  cpc=0.0409
              R²_rand=0.6825  R²_naive=0.6741  U_t=0.3949  U_b=0.5443  AUC=1.0000  Top1=0.9984
  timing: data=24.2ms  fwd=135.4ms  bwd=77.5ms  total=237.9ms
[  37200] loss=5.3651  ema_loss=4.9629  gap=0.6446  ema_gap=0.6252  mixup=62/200  3.9 sps  ETA 0.2h  cpc=0.2621
              R²_rand=0.6989  R²_naive=0.6979  U_t=0.3718  U_b=0.4431  AUC=1.0000  Top1=0.9984
  timing: data=6.9ms  fwd=138.8ms  bwd=78.4ms  total=224.9ms
[  37400] loss=4.8155  ema_loss=4.9471  gap=0.6166  ema_gap=0.6240  mixup=68/200  3.9 sps  ETA 0.2h  cpc=0.0642
              R²_rand=0.6872  R²_naive=0.6713  U_t=0.3936  U_b=0.5426  AUC=1.0000  Top1=0.9978
  timing: data=10.2ms  fwd=136.0ms  bwd=78.4ms  total=225.4ms
[  37600] loss=4.8015  ema_loss=4.9463  gap=0.6394  ema_gap=0.6240  mixup=49/200  3.9 sps  ETA 0.2h  cpc=0.0460
              R²_rand=0.6608  R²_naive=0.6727  U_t=0.3918  U_b=0.5408  AUC=1.0000  Top1=0.9986
  timing: data=21.4ms  fwd=135.8ms  bwd=76.9ms  total=234.8ms
[  37800] loss=4.8629  ema_loss=4.9458  gap=0.6190  ema_gap=0.6256  mixup=51/200  3.9 sps  ETA 0.2h  cpc=0.0762
              R²_rand=0.6771  R²_naive=0.6665  U_t=0.3817  U_b=0.5394  AUC=1.0000  Top1=0.9935
  timing: data=7.3ms  fwd=138.0ms  bwd=77.4ms  total=223.4ms
[  38000] loss=4.8383  ema_loss=4.9699  gap=0.6237  ema_gap=0.6278  mixup=58/200  3.9 sps  ETA 0.1h  cpc=0.0408
              R²_rand=0.6707  R²_naive=0.6713  U_t=0.3826  U_b=0.5535  AUC=1.0000  Top1=0.9967
  timing: data=8.1ms  fwd=137.5ms  bwd=79.6ms  total=226.0ms
[  38200] loss=4.9333  ema_loss=4.9541  gap=0.6261  ema_gap=0.6264  mixup=57/200  3.9 sps  ETA 0.1h  cpc=0.0825
              R²_rand=0.6819  R²_naive=0.6684  U_t=0.3936  U_b=0.5391  AUC=1.0000  Top1=0.9976
  timing: data=27.0ms  fwd=139.2ms  bwd=78.6ms  total=245.6ms
[  38400] loss=4.7665  ema_loss=4.9568  gap=0.6227  ema_gap=0.6280  mixup=57/200  3.9 sps  ETA 0.1h  cpc=0.0217
              R²_rand=0.6709  R²_naive=0.6749  U_t=0.3951  U_b=0.5509  AUC=1.0000  Top1=0.9976
  timing: data=7.0ms  fwd=136.4ms  bwd=77.5ms  total=221.7ms
[  38600] loss=5.0671  ema_loss=4.9491  gap=0.6345  ema_gap=0.6274  mixup=58/200  3.9 sps  ETA 0.1h  cpc=0.1585
              R²_rand=0.6780  R²_naive=0.6843  U_t=0.3949  U_b=0.4863  AUC=1.0000  Top1=0.9976
  timing: data=8.4ms  fwd=137.6ms  bwd=78.4ms  total=225.3ms
[  38800] loss=4.8523  ema_loss=4.9678  gap=0.6169  ema_gap=0.6276  mixup=67/200  3.9 sps  ETA 0.1h  cpc=0.0588
              R²_rand=0.6763  R²_naive=0.6714  U_t=0.3894  U_b=0.5082  AUC=1.0000  Top1=0.9989
  timing: data=30.5ms  fwd=137.3ms  bwd=77.7ms  total=246.3ms
[  39000] loss=5.0655  ema_loss=4.9433  gap=0.6473  ema_gap=0.6295  mixup=53/200  3.9 sps  ETA 0.1h  cpc=0.0952
              R²_rand=0.6786  R²_naive=0.6807  U_t=0.3645  U_b=0.5447  AUC=1.0000  Top1=0.9970
  timing: data=8.3ms  fwd=137.2ms  bwd=78.3ms  total=224.6ms
[  39200] loss=5.0952  ema_loss=4.9586  gap=0.6237  ema_gap=0.6251  mixup=68/200  3.9 sps  ETA 0.1h  cpc=0.1674
              R²_rand=0.6817  R²_naive=0.6706  U_t=0.4033  U_b=0.4766  AUC=1.0000  Top1=0.9973
  timing: data=6.7ms  fwd=136.9ms  bwd=78.2ms  total=222.6ms
[  39400] loss=4.9079  ema_loss=4.9396  gap=0.6452  ema_gap=0.6263  mixup=56/200  3.9 sps  ETA 0.0h  cpc=0.0710
              R²_rand=0.6719  R²_naive=0.6741  U_t=0.3884  U_b=0.5421  AUC=1.0000  Top1=0.9965
  timing: data=24.3ms  fwd=127.6ms  bwd=75.3ms  total=227.9ms
[  39600] loss=4.7895  ema_loss=4.9750  gap=0.6269  ema_gap=0.6261  mixup=55/200  3.9 sps  ETA 0.0h  cpc=0.0600
              R²_rand=0.6764  R²_naive=0.6745  U_t=0.3946  U_b=0.5476  AUC=1.0000  Top1=0.9965
  timing: data=7.9ms  fwd=137.1ms  bwd=77.2ms  total=223.0ms
[  39800] loss=4.7050  ema_loss=4.9596  gap=0.6277  ema_gap=0.6303  mixup=64/200  3.9 sps  ETA 0.0h  cpc=0.0214
              R²_rand=0.6782  R²_naive=0.6694  U_t=0.3981  U_b=0.5617  AUC=1.0000  Top1=0.9978
  timing: data=7.2ms  fwd=140.4ms  bwd=79.0ms  total=227.3ms
[  40000] loss=5.1673  ema_loss=4.9846  gap=0.6291  ema_gap=0.6280  mixup=54/200  3.9 sps  ETA 0.0h  cpc=0.2051
              R²_rand=0.6803  R²_naive=0.6768  U_t=0.3678  U_b=0.4647  AUC=1.0000  Top1=0.9981
  timing: data=23.0ms  fwd=138.3ms  bwd=77.4ms  total=239.5ms
  -> Saved /home/jupyter/wt-cf-390-train/experiments/2026-08-01_lalign_teacher/runs/bb_small_arm6_v2_lalign_lrepmoco_enc3l3_b64_200k_sigreg_ema_qk_aon_cpc_tau090_alignteacher_40k.pth
  -> Saved /home/jupyter/wt-cf-390-train/experiments/2026-08-01_lalign_teacher/runs/bb_small_arm6_v2_lalign_lrepmoco_enc3l3_b64_200k_sigreg_ema_qk_aon_cpc_tau090_alignteacher_final.pth

Done in 2.9h. Best gap=0.6374 at step 31200, Best loss=4.9385 at step 36600
  [checkpoint] Branching to 'bb_small_arm6_v2_lalign_lrepmoco_enc3l3_b64_200k_sigreg_ema_qk_aon_cpc_tau090_alignteacher_r2'.
  [checkpoint] Restored optimizer from /home/jupyter/wt-cf-390-train/experiments/2026-08-01_lalign_teacher/runs/bb_small_arm6_v2_lalign_lrepmoco_enc3l3_b64_200k_sigreg_ema_qk_aon_cpc_tau090_alignteacher_40k_optimizer.pth (step=40000, best_ff=0.6374)
Resumed from /home/jupyter/wt-cf-390-train/experiments/2026-08-01_lalign_teacher/runs/bb_small_arm6_v2_lalign_lrepmoco_enc3l3_b64_200k_sigreg_ema_qk_aon_cpc_tau090_alignteacher_40k.pth at step 40000
Device: cuda | Params: 724,764
Training for 100000 steps, bs=64, lr=0.001, T=4096, C=1, mix_ratio=0.0078125, freq_emb_dim=3, seasonality_emb_dim=3, mixup_p=0.3, rev_norm_kind=ewma(span=128), patch_stats=none, encoder_type=gru
Checkpoints: /home/jupyter/wt-cf-390-train/experiments/2026-08-01_lalign_teacher/runs/bb_small_arm6_v2_lalign_lrepmoco_enc3l3_b64_200k_sigreg_ema_qk_aon_cpc_tau090_alignteacher_r2_*.pth
Loss CSV: /home/jupyter/wt-cf-390-train/experiments/2026-08-01_lalign_teacher/runs/bb_small_arm6_v2_lalign_lrepmoco_enc3l3_b64_200k_sigreg_ema_qk_aon_cpc_tau090_alignteacher_r2_losses.csv
Latent-drift CSV: /home/jupyter/wt-cf-390-train/experiments/2026-08-01_lalign_teacher/runs/bb_small_arm6_v2_lalign_lrepmoco_enc3l3_b64_200k_sigreg_ema_qk_aon_cpc_tau090_alignteacher_r2_latent_drift.csv (every 25000 steps, probe_bs=64, probe_seed=20260722)
Attn-amplitude CSV: /home/jupyter/wt-cf-390-train/experiments/2026-08-01_lalign_teacher/runs/bb_small_arm6_v2_lalign_lrepmoco_enc3l3_b64_200k_sigreg_ema_qk_aon_cpc_tau090_alignteacher_r2_attn_amplitude.csv (every 200 steps)
Data: MIX 99% HF + 1% synth (forked-arma) + 0% crossfade + 1 triplet(s)=3 rows, hf_bs=64, synth_bs=0, cross_bs=0, total_bs=67
  [dataloader] 4274 shards, 42740000 total rows, target skip 2560000
  [dataloader] Fast-skip: starting at shard 256/4274, then skipping 0 rows within it
[  40200] loss=4.8529  ema_loss=4.9519  gap=0.6241  ema_gap=0.6267  mixup=49/200  3.6 sps  ETA 4.6h  cpc=0.0701
              R²_rand=0.6832  R²_naive=0.6744  U_t=0.3818  U_b=0.5391  AUC=1.0000  Top1=0.9976
  timing: data=66.4ms  fwd=118.9ms  bwd=86.8ms  total=272.9ms
[  40400] loss=4.8210  ema_loss=4.9510  gap=0.6260  ema_gap=0.6295  mixup=68/200  4.1 sps  ETA 4.0h  cpc=0.0179
              R²_rand=0.6949  R²_naive=0.6766  U_t=0.3767  U_b=0.5531  AUC=1.0000  Top1=0.9986
  timing: data=3.7ms  fwd=117.2ms  bwd=79.0ms  total=200.6ms
[  40600] loss=4.8105  ema_loss=4.9534  gap=0.6317  ema_gap=0.6251  mixup=60/200  4.3 sps  ETA 3.8h  cpc=0.0579
              R²_rand=0.6860  R²_naive=0.6745  U_t=0.4144  U_b=0.5317  AUC=1.0000  Top1=0.9973
  timing: data=3.8ms  fwd=117.1ms  bwd=81.6ms  total=203.2ms
[  40800] loss=4.8342  ema_loss=4.9595  gap=0.6241  ema_gap=0.6294  mixup=50/200  4.2 sps  ETA 3.9h  cpc=0.0505
              R²_rand=0.6776  R²_naive=0.6722  U_t=0.3934  U_b=0.5411  AUC=1.0000  Top1=0.9984
  timing: data=37.1ms  fwd=117.9ms  bwd=83.0ms  total=238.7ms
[  41000] loss=4.8746  ema_loss=4.9750  gap=0.6507  ema_gap=0.6262  mixup=56/200  4.3 sps  ETA 3.8h  cpc=0.0635
              R²_rand=0.6988  R²_naive=0.6919  U_t=0.3726  U_b=0.5350  AUC=1.0000  Top1=0.9976
  timing: data=3.4ms  fwd=115.8ms  bwd=81.4ms  total=201.3ms
[  41200] loss=5.0036  ema_loss=4.9536  gap=0.6448  ema_gap=0.6256  mixup=56/200  4.4 sps  ETA 3.7h  cpc=0.1026
              R²_rand=0.6789  R²_naive=0.6818  U_t=0.4026  U_b=0.5342  AUC=1.0000  Top1=0.9981
  timing: data=3.5ms  fwd=116.8ms  bwd=81.7ms  total=202.7ms
[  41400] loss=5.2759  ema_loss=4.9385  gap=0.6083  ema_gap=0.6258  mixup=52/200  4.3 sps  ETA 3.7h  cpc=0.2603
              R²_rand=0.6868  R²_naive=0.6664  U_t=0.3748  U_b=0.4819  AUC=1.0000  Top1=0.9978
  timing: data=42.3ms  fwd=116.8ms  bwd=84.8ms  total=244.5ms
[  41600] loss=4.7455  ema_loss=4.9507  gap=0.6561  ema_gap=0.6278  mixup=69/200  4.4 sps  ETA 3.7h  cpc=0.0391
              R²_rand=0.6966  R²_naive=0.6884  U_t=0.3877  U_b=0.5451  AUC=1.0000  Top1=0.9970
  timing: data=3.6ms  fwd=119.9ms  bwd=82.4ms  total=206.5ms
[  41800] loss=4.8328  ema_loss=4.9541  gap=0.6086  ema_gap=0.6260  mixup=65/200  4.4 sps  ETA 3.6h  cpc=0.0730
              R²_rand=0.6705  R²_naive=0.6684  U_t=0.3879  U_b=0.5336  AUC=1.0000  Top1=0.9976
  timing: data=3.6ms  fwd=116.5ms  bwd=80.6ms  total=201.4ms
[  42000] loss=5.0170  ema_loss=4.9562  gap=0.6272  ema_gap=0.6291  mixup=61/200  4.3 sps  ETA 3.7h  cpc=0.1104
              R²_rand=0.6825  R²_naive=0.6724  U_t=0.3775  U_b=0.5296  AUC=1.0000  Top1=0.9989
  timing: data=69.1ms  fwd=119.1ms  bwd=83.7ms  total=272.5ms
[  42200] loss=5.0965  ema_loss=4.9675  gap=0.6222  ema_gap=0.6283  mixup=67/200  4.4 sps  ETA 3.7h  cpc=0.0809
              R²_rand=0.6594  R²_naive=0.6616  U_t=0.3785  U_b=0.5432  AUC=0.9999  Top1=0.9916
  timing: data=3.8ms  fwd=116.8ms  bwd=83.2ms  total=204.5ms
[  42400] loss=5.1865  ema_loss=4.9605  gap=0.6188  ema_gap=0.6276  mixup=64/200  4.4 sps  ETA 3.6h  cpc=0.1956
              R²_rand=0.6767  R²_naive=0.6689  U_t=0.4116  U_b=0.4681  AUC=1.0000  Top1=0.9978
  timing: data=3.3ms  fwd=115.3ms  bwd=80.1ms  total=199.3ms
[  42600] loss=5.1151  ema_loss=4.9507  gap=0.6533  ema_gap=0.6239  mixup=59/200  4.3 sps  ETA 3.7h  cpc=0.1428
              R²_rand=0.6756  R²_naive=0.6779  U_t=0.3799  U_b=0.4957  AUC=1.0000  Top1=0.9959
  timing: data=65.6ms  fwd=116.5ms  bwd=83.9ms  total=266.6ms
[  42800] loss=5.0435  ema_loss=4.9287  gap=0.6191  ema_gap=0.6233  mixup=51/200  4.4 sps  ETA 3.6h  cpc=0.1268
              R²_rand=0.6813  R²_naive=0.6682  U_t=0.3921  U_b=0.4832  AUC=1.0000  Top1=0.9984
  timing: data=3.6ms  fwd=118.0ms  bwd=84.8ms  total=207.1ms
  -> Saved /home/jupyter/wt-cf-390-train/experiments/2026-08-01_lalign_teacher/runs/bb_small_arm6_v2_lalign_lrepmoco_enc3l3_b64_200k_sigreg_ema_qk_aon_cpc_tau090_alignteacher_r2_best_loss.pth
[  43000] loss=5.1177  ema_loss=4.9749  gap=0.6346  ema_gap=0.6262  mixup=68/200  4.4 sps  ETA 3.6h  cpc=0.1563
              R²_rand=0.6780  R²_naive=0.6741  U_t=0.3961  U_b=0.4753  AUC=1.0000  Top1=0.9984
  timing: data=3.5ms  fwd=115.0ms  bwd=80.1ms  total=199.3ms
[  43200] loss=4.7851  ema_loss=4.9873  gap=0.6174  ema_gap=0.6256  mixup=60/200  4.2 sps  ETA 3.8h  cpc=0.0453
              R²_rand=0.6737  R²_naive=0.6705  U_t=0.4013  U_b=0.5495  AUC=1.0000  Top1=0.9981
  timing: data=191.6ms  fwd=118.6ms  bwd=83.1ms  total=394.1ms
[  43400] loss=5.2509  ema_loss=4.9707  gap=0.6136  ema_gap=0.6269  mixup=66/200  4.2 sps  ETA 3.7h  cpc=0.2105
              R²_rand=0.6824  R²_naive=0.6688  U_t=0.3933  U_b=0.4825  AUC=1.0000  Top1=0.9954
  timing: data=3.9ms  fwd=118.0ms  bwd=80.4ms  total=203.0ms
[  43600] loss=4.8462  ema_loss=4.9829  gap=0.6029  ema_gap=0.6259  mixup=60/200  4.1 sps  ETA 3.8h  cpc=0.0628
              R²_rand=0.6858  R²_naive=0.6675  U_t=0.3850  U_b=0.5432  AUC=1.0000  Top1=0.9981
  timing: data=11.0ms  fwd=176.8ms  bwd=125.1ms  total=314.2ms
[  43800] loss=5.0202  ema_loss=4.9663  gap=0.6021  ema_gap=0.6258  mixup=58/200  3.9 sps  ETA 4.0h  cpc=0.1213
              R²_rand=0.6784  R²_naive=0.6624  U_t=0.3881  U_b=0.4930  AUC=1.0000  Top1=0.9967
  timing: data=164.1ms  fwd=181.0ms  bwd=123.2ms  total=469.8ms
[  44000] loss=4.9210  ema_loss=4.9675  gap=0.6192  ema_gap=0.6220  mixup=68/200  3.9 sps  ETA 4.0h  cpc=0.0714
              R²_rand=0.6863  R²_naive=0.6718  U_t=0.3599  U_b=0.5375  AUC=1.0000  Top1=0.9984
  timing: data=12.4ms  fwd=187.6ms  bwd=129.4ms  total=330.8ms
[  44200] loss=5.2032  ema_loss=5.1059  gap=0.6449  ema_gap=0.6330  mixup=59/200  3.8 sps  ETA 4.1h  cpc=0.1863
              R²_rand=0.6861  R²_naive=0.6853  U_t=0.3687  U_b=0.4896  AUC=1.0000  Top1=0.9970
  timing: data=13.0ms  fwd=186.5ms  bwd=129.7ms  total=330.6ms
[  44400] loss=4.8533  ema_loss=5.0297  gap=0.6323  ema_gap=0.6328  mixup=60/200  3.7 sps  ETA 4.1h  cpc=0.0782
              R²_rand=0.6924  R²_naive=0.6769  U_t=0.3889  U_b=0.5418  AUC=1.0000  Top1=0.9995
  timing: data=65.4ms  fwd=185.1ms  bwd=119.7ms  total=371.5ms
[  44600] loss=4.8244  ema_loss=4.9656  gap=0.6171  ema_gap=0.6260  mixup=58/200  3.7 sps  ETA 4.2h  cpc=0.0575
              R²_rand=0.6952  R²_naive=0.6774  U_t=0.3753  U_b=0.5221  AUC=1.0000  Top1=0.9978
  timing: data=12.3ms  fwd=182.6ms  bwd=120.0ms  total=316.5ms
[  44800] loss=4.8044  ema_loss=4.9966  gap=0.6148  ema_gap=0.6252  mixup=67/200  3.7 sps  ETA 4.2h  cpc=0.0576
              R²_rand=0.6637  R²_naive=0.6683  U_t=0.3786  U_b=0.5464  AUC=1.0000  Top1=0.9959
  timing: data=12.5ms  fwd=185.7ms  bwd=127.0ms  total=326.4ms
[  45000] loss=4.8702  ema_loss=4.9851  gap=0.6139  ema_gap=0.6211  mixup=58/200  3.6 sps  ETA 4.2h  cpc=0.0737
              R²_rand=0.6763  R²_naive=0.6726  U_t=0.3714  U_b=0.5343  AUC=1.0000  Top1=0.9986
  timing: data=38.8ms  fwd=184.5ms  bwd=126.4ms  total=351.1ms
[  45200] loss=4.8692  ema_loss=4.9755  gap=0.6095  ema_gap=0.6223  mixup=63/200  3.6 sps  ETA 4.2h  cpc=0.0582
              R²_rand=0.6767  R²_naive=0.6711  U_t=0.3919  U_b=0.5485  AUC=1.0000  Top1=0.9978
  timing: data=8.1ms  fwd=153.1ms  bwd=107.0ms  total=269.3ms
[  45400] loss=4.9564  ema_loss=4.9811  gap=0.6311  ema_gap=0.6228  mixup=65/200  3.6 sps  ETA 4.2h  cpc=0.1040
              R²_rand=0.6677  R²_naive=0.6744  U_t=0.3996  U_b=0.5243  AUC=1.0000  Top1=0.9965
  timing: data=11.9ms  fwd=188.0ms  bwd=126.8ms  total=328.0ms
[  45600] loss=5.2229  ema_loss=4.9640  gap=0.5970  ema_gap=0.6198  mixup=58/200  3.6 sps  ETA 4.2h  cpc=0.2117
              R²_rand=0.6809  R²_naive=0.6683  U_t=0.3693  U_b=0.4684  AUC=1.0000  Top1=0.9978
  timing: data=6.6ms  fwd=143.4ms  bwd=102.5ms  total=253.4ms
[  45800] loss=4.8317  ema_loss=4.9799  gap=0.6339  ema_gap=0.6234  mixup=71/200  3.5 sps  ETA 4.2h  cpc=0.0515
              R²_rand=0.6774  R²_naive=0.6786  U_t=0.3813  U_b=0.5519  AUC=1.0000  Top1=0.9984
  timing: data=48.4ms  fwd=186.2ms  bwd=132.1ms  total=368.0ms
[  46000] loss=4.7761  ema_loss=4.9738  gap=0.6201  ema_gap=0.6226  mixup=66/200  3.5 sps  ETA 4.3h  cpc=0.0497
              R²_rand=0.6878  R²_naive=0.6739  U_t=0.3851  U_b=0.5398  AUC=1.0000  Top1=0.9978
  timing: data=12.3ms  fwd=186.8ms  bwd=126.8ms  total=327.1ms
[  46200] loss=5.0501  ema_loss=4.9553  gap=0.6131  ema_gap=0.6237  mixup=64/200  3.5 sps  ETA 4.3h  cpc=0.1393
              R²_rand=0.6924  R²_naive=0.6754  U_t=0.3663  U_b=0.4837  AUC=1.0000  Top1=0.9992
  timing: data=12.0ms  fwd=185.6ms  bwd=125.7ms  total=324.6ms
[  46400] loss=4.7927  ema_loss=4.9742  gap=0.6382  ema_gap=0.6197  mixup=60/200  3.5 sps  ETA 4.3h  cpc=0.0666
              R²_rand=0.6912  R²_naive=0.6872  U_t=0.3782  U_b=0.5399  AUC=1.0000  Top1=0.9986
  timing: data=39.8ms  fwd=188.5ms  bwd=136.1ms  total=365.7ms
[  46600] loss=4.8295  ema_loss=4.9578  gap=0.6169  ema_gap=0.6212  mixup=59/200  3.5 sps  ETA 4.3h  cpc=0.0679
              R²_rand=0.6608  R²_naive=0.6665  U_t=0.3970  U_b=0.5355  AUC=1.0000  Top1=0.9978
  timing: data=12.2ms  fwd=181.1ms  bwd=122.4ms  total=317.0ms
[  46800] loss=4.8263  ema_loss=4.9547  gap=0.6007  ema_gap=0.6228  mixup=57/200  3.4 sps  ETA 4.3h  cpc=0.0552
              R²_rand=0.6845  R²_naive=0.6676  U_t=0.3959  U_b=0.5409  AUC=1.0000  Top1=0.9967
  timing: data=12.3ms  fwd=185.7ms  bwd=125.9ms  total=325.2ms
[  47000] loss=4.8487  ema_loss=4.9501  gap=0.6166  ema_gap=0.6222  mixup=47/200  3.4 sps  ETA 4.3h  cpc=0.0819
              R²_rand=0.6843  R²_naive=0.6699  U_t=0.3940  U_b=0.5371  AUC=1.0000  Top1=0.9973
  timing: data=52.8ms  fwd=183.5ms  bwd=129.7ms  total=367.4ms
[  47200] loss=4.8150  ema_loss=4.9353  gap=0.6217  ema_gap=0.6239  mixup=64/200  3.4 sps  ETA 4.3h  cpc=0.0454
              R²_rand=0.6769  R²_naive=0.6690  U_t=0.3822  U_b=0.5463  AUC=1.0000  Top1=0.9970
  timing: data=12.6ms  fwd=188.6ms  bwd=127.3ms  total=330.0ms
[  47400] loss=4.9178  ema_loss=4.9305  gap=0.6335  ema_gap=0.6260  mixup=58/200  3.4 sps  ETA 4.3h  cpc=0.0828
              R²_rand=0.6833  R²_naive=0.6825  U_t=0.3708  U_b=0.5373  AUC=1.0000  Top1=0.9978
  timing: data=12.7ms  fwd=181.7ms  bwd=117.5ms  total=313.1ms
[  47600] loss=4.8519  ema_loss=4.9808  gap=0.6044  ema_gap=0.6245  mixup=62/200  3.4 sps  ETA 4.3h  cpc=0.0629
              R²_rand=0.6789  R²_naive=0.6664  U_t=0.3822  U_b=0.5471  AUC=1.0000  Top1=0.9978
  timing: data=66.6ms  fwd=190.4ms  bwd=130.2ms  total=388.6ms
[  47800] loss=4.8554  ema_loss=4.9482  gap=0.6308  ema_gap=0.6261  mixup=60/200  3.3 sps  ETA 4.3h  cpc=0.0685
              R²_rand=0.6755  R²_naive=0.6728  U_t=0.3935  U_b=0.5369  AUC=1.0000  Top1=0.9973
  timing: data=13.7ms  fwd=205.9ms  bwd=132.3ms  total=353.3ms
[  48000] loss=4.8408  ema_loss=4.9637  gap=0.5999  ema_gap=0.6274  mixup=61/200  3.3 sps  ETA 4.3h  cpc=0.0598
              R²_rand=0.6778  R²_naive=0.6645  U_t=0.3883  U_b=0.5486  AUC=1.0000  Top1=0.9978
  timing: data=11.2ms  fwd=184.3ms  bwd=119.7ms  total=316.5ms
[  48200] loss=4.9701  ema_loss=4.9826  gap=0.6115  ema_gap=0.6276  mixup=64/200  3.3 sps  ETA 4.3h  cpc=0.0760
              R²_rand=0.6725  R²_naive=0.6638  U_t=0.3908  U_b=0.5453  AUC=1.0000  Top1=0.9954
  timing: data=60.5ms  fwd=118.7ms  bwd=85.4ms  total=265.3ms
[  48400] loss=5.0692  ema_loss=4.9475  gap=0.6278  ema_gap=0.6249  mixup=66/200  3.4 sps  ETA 4.3h  cpc=0.1353
              R²_rand=0.6809  R²_naive=0.6749  U_t=0.4032  U_b=0.4682  AUC=1.0000  Top1=0.9978
  timing: data=4.1ms  fwd=120.3ms  bwd=83.9ms  total=209.1ms
[  48600] loss=4.9798  ema_loss=4.9753  gap=0.6204  ema_gap=0.6235  mixup=57/200  3.4 sps  ETA 4.2h  cpc=0.0647
              R²_rand=0.6876  R²_naive=0.6718  U_t=0.3895  U_b=0.5473  AUC=1.0000  Top1=0.9967
  timing: data=4.1ms  fwd=120.9ms  bwd=87.6ms  total=213.4ms
[  48800] loss=4.7359  ema_loss=4.9639  gap=0.6073  ema_gap=0.6243  mixup=65/200  3.4 sps  ETA 4.2h  cpc=0.0266
              R²_rand=0.6637  R²_naive=0.6672  U_t=0.3866  U_b=0.5528  AUC=1.0000  Top1=0.9992
  timing: data=52.7ms  fwd=124.7ms  bwd=87.0ms  total=265.2ms
[  49000] loss=5.0174  ema_loss=4.9864  gap=0.6434  ema_gap=0.6278  mixup=53/200  3.4 sps  ETA 4.2h  cpc=0.0658
              R²_rand=0.6860  R²_naive=0.6753  U_t=0.3763  U_b=0.5427  AUC=1.0000  Top1=0.9951
  timing: data=4.1ms  fwd=124.1ms  bwd=84.9ms  total=214.0ms
[  49200] loss=4.8294  ema_loss=4.9664  gap=0.6148  ema_gap=0.6261  mixup=64/200  3.4 sps  ETA 4.1h  cpc=0.0592
              R²_rand=0.6803  R²_naive=0.6722  U_t=0.3857  U_b=0.5458  AUC=1.0000  Top1=0.9984
  timing: data=4.1ms  fwd=123.7ms  bwd=87.1ms  total=215.6ms
[  49400] loss=5.0857  ema_loss=4.9511  gap=0.6155  ema_gap=0.6239  mixup=51/200  3.4 sps  ETA 4.1h  cpc=0.1495
              R²_rand=0.6777  R²_naive=0.6665  U_t=0.3801  U_b=0.4939  AUC=1.0000  Top1=0.9959
  timing: data=54.0ms  fwd=122.9ms  bwd=86.8ms  total=264.5ms
[  49600] loss=4.8196  ema_loss=4.9829  gap=0.6290  ema_gap=0.6253  mixup=59/200  3.4 sps  ETA 4.1h  cpc=0.0510
              R²_rand=0.6823  R²_naive=0.6752  U_t=0.3844  U_b=0.5404  AUC=1.0000  Top1=0.9989
  timing: data=6.3ms  fwd=167.1ms  bwd=109.5ms  total=284.2ms
[  49800] loss=5.0555  ema_loss=4.9418  gap=0.6317  ema_gap=0.6258  mixup=49/200  3.4 sps  ETA 4.1h  cpc=0.1030
              R²_rand=0.6904  R²_naive=0.6798  U_t=0.4004  U_b=0.4854  AUC=1.0000  Top1=0.9976
  timing: data=6.2ms  fwd=167.1ms  bwd=114.4ms  total=288.9ms
[  50000] loss=4.7291  ema_loss=4.9750  gap=0.6150  ema_gap=0.6308  mixup=74/200  3.4 sps  ETA 4.1h  cpc=0.0315
              R²_rand=0.6882  R²_naive=0.6707  U_t=0.3927  U_b=0.5502  AUC=1.0000  Top1=0.9986
  timing: data=6.6ms  fwd=182.6ms  bwd=119.7ms  total=310.2ms
  -> Saved /home/jupyter/wt-cf-390-train/experiments/2026-08-01_lalign_teacher/runs/bb_small_arm6_v2_lalign_lrepmoco_enc3l3_b64_200k_sigreg_ema_qk_aon_cpc_tau090_alignteacher_r2_50k.pth
[  50200] loss=4.7441  ema_loss=4.9739  gap=0.6519  ema_gap=0.6268  mixup=64/200  3.4 sps  ETA 4.1h  cpc=0.0279
              R²_rand=0.6915  R²_naive=0.6898  U_t=0.3878  U_b=0.5422  AUC=1.0000  Top1=0.9989
  timing: data=39.8ms  fwd=182.5ms  bwd=124.3ms  total=347.9ms
[  50400] loss=4.8017  ema_loss=4.9585  gap=0.6369  ema_gap=0.6258  mixup=62/200  3.4 sps  ETA 4.0h  cpc=0.0588
              R²_rand=0.6601  R²_naive=0.6675  U_t=0.4084  U_b=0.5422  AUC=1.0000  Top1=0.9959
  timing: data=6.6ms  fwd=160.8ms  bwd=118.2ms  total=286.9ms
[  50600] loss=4.8057  ema_loss=4.9751  gap=0.6406  ema_gap=0.6262  mixup=65/200  3.4 sps  ETA 4.0h  cpc=0.0468
              R²_rand=0.6799  R²_naive=0.6839  U_t=0.3735  U_b=0.5436  AUC=1.0000  Top1=0.9973
  timing: data=5.2ms  fwd=135.4ms  bwd=98.5ms  total=240.0ms
[  50800] loss=4.8839  ema_loss=4.9509  gap=0.6294  ema_gap=0.6215  mixup=52/200  3.4 sps  ETA 4.0h  cpc=0.0763
              R²_rand=0.6775  R²_naive=0.6736  U_t=0.3742  U_b=0.5411  AUC=1.0000  Top1=0.9946
  timing: data=25.5ms  fwd=129.6ms  bwd=93.7ms  total=249.7ms
[  51000] loss=4.7994  ema_loss=4.9818  gap=0.6285  ema_gap=0.6229  mixup=57/200  3.4 sps  ETA 4.0h  cpc=0.0182
              R²_rand=0.6749  R²_naive=0.6716  U_t=0.4029  U_b=0.5495  AUC=1.0000  Top1=0.9984
  timing: data=4.4ms  fwd=128.0ms  bwd=91.7ms  total=224.9ms
[  51200] loss=4.8529  ema_loss=4.9612  gap=0.6060  ema_gap=0.6256  mixup=56/200  3.5 sps  ETA 3.9h  cpc=0.0644
              R²_rand=0.6785  R²_naive=0.6678  U_t=0.3905  U_b=0.5390  AUC=1.0000  Top1=0.9973
  timing: data=5.0ms  fwd=131.9ms  bwd=96.3ms  total=234.0ms
[  51400] loss=4.6983  ema_loss=4.9535  gap=0.6243  ema_gap=0.6266  mixup=57/200  3.5 sps  ETA 3.9h  cpc=0.0242
              R²_rand=0.6974  R²_naive=0.6786  U_t=0.3924  U_b=0.5481  AUC=1.0000  Top1=0.9997
  timing: data=45.3ms  fwd=134.1ms  bwd=95.0ms  total=275.3ms
[  51600] loss=5.2620  ema_loss=4.9565  gap=0.6111  ema_gap=0.6219  mixup=57/200  3.5 sps  ETA 3.9h  cpc=0.2248
              R²_rand=0.6841  R²_naive=0.6702  U_t=0.3973  U_b=0.4448  AUC=1.0000  Top1=0.9981
  timing: data=5.0ms  fwd=128.9ms  bwd=91.0ms  total=225.8ms
[  51800] loss=5.2245  ema_loss=4.9524  gap=0.6083  ema_gap=0.6243  mixup=58/200  3.5 sps  ETA 3.9h  cpc=0.0745
              R²_rand=0.6647  R²_naive=0.6638  U_t=0.3696  U_b=0.5448  AUC=1.0000  Top1=0.9921
  timing: data=4.9ms  fwd=133.2ms  bwd=95.1ms  total=234.1ms
[  52000] loss=5.4869  ema_loss=4.9584  gap=0.6121  ema_gap=0.6208  mixup=58/200  3.5 sps  ETA 3.8h  cpc=0.2912
              R²_rand=0.6584  R²_naive=0.6711  U_t=0.4008  U_b=0.4469  AUC=1.0000  Top1=0.9957
  timing: data=32.1ms  fwd=130.5ms  bwd=94.2ms  total=257.8ms
[  52200] loss=4.8179  ema_loss=4.9465  gap=0.6428  ema_gap=0.6228  mixup=65/200  3.5 sps  ETA 3.8h  cpc=0.0592
              R²_rand=0.6806  R²_naive=0.6821  U_t=0.3927  U_b=0.5347  AUC=1.0000  Top1=0.9984
  timing: data=5.0ms  fwd=133.6ms  bwd=95.5ms  total=235.0ms
[  52400] loss=4.9032  ema_loss=4.9324  gap=0.6391  ema_gap=0.6226  mixup=49/200  3.5 sps  ETA 3.8h  cpc=0.0852
              R²_rand=0.6718  R²_naive=0.6792  U_t=0.3904  U_b=0.5333  AUC=1.0000  Top1=0.9976
  timing: data=4.7ms  fwd=127.6ms  bwd=91.4ms  total=224.5ms
[  52600] loss=4.8854  ema_loss=4.9233  gap=0.6282  ema_gap=0.6241  mixup=49/200  3.5 sps  ETA 3.8h  cpc=0.0794
              R²_rand=0.6741  R²_naive=0.6684  U_t=0.3753  U_b=0.5402  AUC=1.0000  Top1=0.9967
  timing: data=32.4ms  fwd=126.6ms  bwd=91.1ms  total=250.9ms
  -> Saved /home/jupyter/wt-cf-390-train/experiments/2026-08-01_lalign_teacher/runs/bb_small_arm6_v2_lalign_lrepmoco_enc3l3_b64_200k_sigreg_ema_qk_aon_cpc_tau090_alignteacher_r2_best_loss.pth
[  52800] loss=5.2679  ema_loss=4.9427  gap=0.6129  ema_gap=0.6273  mixup=73/200  3.5 sps  ETA 3.7h  cpc=0.2383
              R²_rand=0.6678  R²_naive=0.6570  U_t=0.3920  U_b=0.4560  AUC=1.0000  Top1=0.9976
  timing: data=4.0ms  fwd=121.9ms  bwd=90.8ms  total=217.4ms
[  53000] loss=5.2339  ema_loss=4.9566  gap=0.6423  ema_gap=0.6274  mixup=57/200  3.5 sps  ETA 3.7h  cpc=0.2041
              R²_rand=0.6783  R²_naive=0.6796  U_t=0.3878  U_b=0.4661  AUC=1.0000  Top1=0.9981
  timing: data=3.8ms  fwd=121.7ms  bwd=87.5ms  total=213.9ms
[  53200] loss=4.8743  ema_loss=4.9648  gap=0.6193  ema_gap=0.6272  mixup=65/200  3.5 sps  ETA 3.7h  cpc=0.0682
              R²_rand=0.6759  R²_naive=0.6742  U_t=0.3746  U_b=0.5330  AUC=1.0000  Top1=0.9981
  timing: data=49.0ms  fwd=124.7ms  bwd=88.5ms  total=263.0ms
[  53400] loss=4.8663  ema_loss=4.9402  gap=0.6189  ema_gap=0.6220  mixup=71/200  3.5 sps  ETA 3.7h  cpc=0.0682
              R²_rand=0.6770  R²_naive=0.6697  U_t=0.3992  U_b=0.5144  AUC=1.0000  Top1=0.9962
  timing: data=4.0ms  fwd=124.8ms  bwd=89.0ms  total=218.5ms
[  53600] loss=4.8640  ema_loss=4.9703  gap=0.6253  ema_gap=0.6264  mixup=57/200  3.6 sps  ETA 3.6h  cpc=0.0622
              R²_rand=0.6832  R²_naive=0.6779  U_t=0.3603  U_b=0.5402  AUC=1.0000  Top1=0.9981
  timing: data=4.5ms  fwd=123.6ms  bwd=87.1ms  total=216.0ms
[  53800] loss=4.8054  ema_loss=4.9560  gap=0.6365  ema_gap=0.6287  mixup=62/200  3.5 sps  ETA 3.6h  cpc=0.0437
              R²_rand=0.6726  R²_naive=0.6747  U_t=0.3824  U_b=0.5445  AUC=1.0000  Top1=0.9973
  timing: data=124.3ms  fwd=134.2ms  bwd=96.6ms  total=356.1ms
[  54000] loss=4.8995  ema_loss=4.9699  gap=0.6452  ema_gap=0.6261  mixup=55/200  3.5 sps  ETA 3.6h  cpc=0.0441
              R²_rand=0.6704  R²_naive=0.6685  U_t=0.3857  U_b=0.5496  AUC=1.0000  Top1=0.9951
  timing: data=5.4ms  fwd=139.8ms  bwd=96.3ms  total=242.5ms
[  54200] loss=4.7451  ema_loss=4.9354  gap=0.6172  ema_gap=0.6223  mixup=52/200  3.5 sps  ETA 3.6h  cpc=0.0392
              R²_rand=0.6844  R²_naive=0.6701  U_t=0.4020  U_b=0.5477  AUC=1.0000  Top1=0.9978
  timing: data=5.0ms  fwd=141.6ms  bwd=98.5ms  total=246.1ms
[  54400] loss=4.7917  ema_loss=4.9190  gap=0.6134  ema_gap=0.6242  mixup=60/200  3.5 sps  ETA 3.6h  cpc=0.0438
              R²_rand=0.6799  R²_naive=0.6672  U_t=0.3912  U_b=0.5459  AUC=1.0000  Top1=0.9981
  timing: data=37.8ms  fwd=138.6ms  bwd=99.7ms  total=277.1ms
  -> Saved /home/jupyter/wt-cf-390-train/experiments/2026-08-01_lalign_teacher/runs/bb_small_arm6_v2_lalign_lrepmoco_enc3l3_b64_200k_sigreg_ema_qk_aon_cpc_tau090_alignteacher_r2_best_loss.pth
[  54600] loss=4.9894  ema_loss=4.9308  gap=0.6291  ema_gap=0.6290  mixup=63/200  3.6 sps  ETA 3.5h  cpc=0.1092
              R²_rand=0.6785  R²_naive=0.6763  U_t=0.3928  U_b=0.5290  AUC=1.0000  Top1=0.9976
  timing: data=8.2ms  fwd=139.1ms  bwd=96.8ms  total=245.1ms
[  54800] loss=5.0226  ema_loss=4.9487  gap=0.6384  ema_gap=0.6331  mixup=63/200  3.6 sps  ETA 3.5h  cpc=0.1344
              R²_rand=0.6828  R²_naive=0.6815  U_t=0.3990  U_b=0.4814  AUC=1.0000  Top1=0.9965
  timing: data=6.0ms  fwd=136.1ms  bwd=97.2ms  total=240.2ms
[  55000] loss=4.9556  ema_loss=4.9381  gap=0.6609  ema_gap=0.6339  mixup=54/200  3.6 sps  ETA 3.5h  cpc=0.0943
              R²_rand=0.6854  R²_naive=0.6860  U_t=0.3841  U_b=0.5328  AUC=1.0000  Top1=0.9981
  timing: data=5.4ms  fwd=142.3ms  bwd=103.0ms  total=251.7ms
[  55200] loss=4.8650  ema_loss=4.9310  gap=0.6361  ema_gap=0.6329  mixup=61/200  3.6 sps  ETA 3.5h  cpc=0.0742
              R²_rand=0.6802  R²_naive=0.6765  U_t=0.3943  U_b=0.5386  AUC=1.0000  Top1=0.9967
  timing: data=32.3ms  fwd=139.8ms  bwd=95.7ms  total=268.8ms
[  55400] loss=4.8259  ema_loss=4.9383  gap=0.6452  ema_gap=0.6332  mixup=56/200  3.6 sps  ETA 3.5h  cpc=0.0546
              R²_rand=0.6903  R²_naive=0.6785  U_t=0.3838  U_b=0.5590  AUC=1.0000  Top1=0.9957
  timing: data=4.8ms  fwd=137.0ms  bwd=93.7ms  total=236.4ms
[  55600] loss=4.7537  ema_loss=4.9523  gap=0.6437  ema_gap=0.6344  mixup=74/200  3.6 sps  ETA 3.4h  cpc=0.0249
              R²_rand=0.6785  R²_naive=0.6697  U_t=0.3923  U_b=0.5598  AUC=1.0000  Top1=0.9976
  timing: data=4.6ms  fwd=126.8ms  bwd=90.5ms  total=222.8ms
[  55800] loss=4.7996  ema_loss=4.9252  gap=0.6440  ema_gap=0.6360  mixup=63/200  3.6 sps  ETA 3.4h  cpc=0.0698
              R²_rand=0.6887  R²_naive=0.6819  U_t=0.3891  U_b=0.5437  AUC=1.0000  Top1=0.9986
  timing: data=23.3ms  fwd=120.7ms  bwd=86.7ms  total=231.3ms
[  56000] loss=4.7668  ema_loss=4.9336  gap=0.6432  ema_gap=0.6346  mixup=57/200  3.6 sps  ETA 3.4h  cpc=0.0464
              R²_rand=0.6881  R²_naive=0.6777  U_t=0.3871  U_b=0.5440  AUC=1.0000  Top1=0.9970
  timing: data=3.7ms  fwd=121.8ms  bwd=86.9ms  total=213.1ms
[  56200] loss=4.9267  ema_loss=4.9283  gap=0.6362  ema_gap=0.6365  mixup=50/200  3.6 sps  ETA 3.4h  cpc=0.0567
              R²_rand=0.6731  R²_naive=0.6703  U_t=0.3747  U_b=0.5448  AUC=1.0000  Top1=0.9951
  timing: data=4.4ms  fwd=124.2ms  bwd=87.9ms  total=217.3ms
[  56400] loss=4.8650  ema_loss=5.0347  gap=0.6335  ema_gap=0.6386  mixup=69/200  3.6 sps  ETA 3.4h  cpc=0.0652
              R²_rand=0.6690  R²_naive=0.6642  U_t=0.3938  U_b=0.5476  AUC=1.0000  Top1=0.9981
  timing: data=27.2ms  fwd=121.4ms  bwd=86.8ms  total=236.0ms
  -> Saved /home/jupyter/wt-cf-390-train/experiments/2026-08-01_lalign_teacher/runs/bb_small_arm6_v2_lalign_lrepmoco_enc3l3_b64_200k_sigreg_ema_qk_aon_cpc_tau090_alignteacher_r2_best_gap.pth
[  56600] loss=4.7525  ema_loss=4.9654  gap=0.6250  ema_gap=0.6423  mixup=57/200  3.6 sps  ETA 3.3h  cpc=0.0372
              R²_rand=0.6881  R²_naive=0.6743  U_t=0.3924  U_b=0.5560  AUC=1.0000  Top1=0.9981
  timing: data=4.3ms  fwd=123.1ms  bwd=87.6ms  total=215.6ms
  -> Saved /home/jupyter/wt-cf-390-train/experiments/2026-08-01_lalign_teacher/runs/bb_small_arm6_v2_lalign_lrepmoco_enc3l3_b64_200k_sigreg_ema_qk_aon_cpc_tau090_alignteacher_r2_best_gap.pth
[  56800] loss=5.0136  ema_loss=4.9642  gap=0.6196  ema_gap=0.6321  mixup=56/200  3.6 sps  ETA 3.3h  cpc=0.1060
              R²_rand=0.6781  R²_naive=0.6712  U_t=0.3608  U_b=0.5445  AUC=1.0000  Top1=0.9957
  timing: data=4.2ms  fwd=121.7ms  bwd=87.3ms  total=213.9ms
[  57000] loss=4.7627  ema_loss=4.9396  gap=0.6285  ema_gap=0.6318  mixup=60/200  3.6 sps  ETA 3.3h  cpc=0.0497
              R²_rand=0.6774  R²_naive=0.6660  U_t=0.4016  U_b=0.5485  AUC=1.0000  Top1=0.9957
  timing: data=42.9ms  fwd=122.8ms  bwd=89.2ms  total=255.6ms
[  57200] loss=4.7618  ema_loss=4.9189  gap=0.6206  ema_gap=0.6326  mixup=59/200  3.6 sps  ETA 3.3h  cpc=0.0383
              R²_rand=0.6760  R²_naive=0.6679  U_t=0.3766  U_b=0.5692  AUC=1.0000  Top1=0.9965
  timing: data=4.7ms  fwd=127.2ms  bwd=91.8ms  total=224.5ms
  -> Saved /home/jupyter/wt-cf-390-train/experiments/2026-08-01_lalign_teacher/runs/bb_small_arm6_v2_lalign_lrepmoco_enc3l3_b64_200k_sigreg_ema_qk_aon_cpc_tau090_alignteacher_r2_best_loss.pth
[  57400] loss=4.7822  ema_loss=4.9268  gap=0.6476  ema_gap=0.6337  mixup=53/200  3.6 sps  ETA 3.2h  cpc=0.0548
              R²_rand=0.6892  R²_naive=0.6780  U_t=0.3930  U_b=0.5558  AUC=1.0000  Top1=0.9981
  timing: data=4.0ms  fwd=121.4ms  bwd=87.7ms  total=213.9ms
[  57600] loss=4.8639  ema_loss=4.9591  gap=0.6299  ema_gap=0.6313  mixup=66/200  3.6 sps  ETA 3.2h  cpc=0.0826
              R²_rand=0.6812  R²_naive=0.6790  U_t=0.3816  U_b=0.5382  AUC=1.0000  Top1=0.9970
  timing: data=37.5ms  fwd=123.6ms  bwd=88.4ms  total=250.2ms
[  57800] loss=4.9461  ema_loss=4.9689  gap=0.6724  ema_gap=0.6320  mixup=62/200  3.7 sps  ETA 3.2h  cpc=0.0827
              R²_rand=0.6923  R²_naive=0.6897  U_t=0.3664  U_b=0.5261  AUC=1.0000  Top1=0.9995
  timing: data=4.3ms  fwd=125.2ms  bwd=89.7ms  total=220.1ms
[  58000] loss=4.7713  ema_loss=4.9396  gap=0.6390  ema_gap=0.6338  mixup=64/200  3.7 sps  ETA 3.2h  cpc=0.0341
              R²_rand=0.6823  R²_naive=0.6756  U_t=0.3872  U_b=0.5495  AUC=1.0000  Top1=0.9967
  timing: data=4.0ms  fwd=123.8ms  bwd=86.8ms  total=215.4ms
[  58200] loss=5.1900  ema_loss=4.9316  gap=0.6577  ema_gap=0.6298  mixup=56/200  3.7 sps  ETA 3.2h  cpc=0.1972
              R²_rand=0.6849  R²_naive=0.6848  U_t=0.3860  U_b=0.4556  AUC=1.0000  Top1=0.9992
  timing: data=23.9ms  fwd=122.5ms  bwd=90.5ms  total=237.7ms
[  58400] loss=4.8520  ema_loss=4.9525  gap=0.6308  ema_gap=0.6294  mixup=62/200  3.7 sps  ETA 3.1h  cpc=0.0750
              R²_rand=0.6741  R²_naive=0.6703  U_t=0.3906  U_b=0.5397  AUC=1.0000  Top1=0.9989
  timing: data=4.1ms  fwd=125.1ms  bwd=88.9ms  total=218.9ms
[  58600] loss=4.7264  ema_loss=4.9376  gap=0.6272  ema_gap=0.6274  mixup=64/200  3.7 sps  ETA 3.1h  cpc=0.0235
              R²_rand=0.6852  R²_naive=0.6670  U_t=0.3665  U_b=0.5596  AUC=1.0000  Top1=0.9973
  timing: data=4.0ms  fwd=119.1ms  bwd=85.0ms  total=208.8ms
[  58800] loss=5.0591  ema_loss=4.9659  gap=0.6354  ema_gap=0.6278  mixup=69/200  3.7 sps  ETA 3.1h  cpc=0.0320
              R²_rand=0.6761  R²_naive=0.6669  U_t=0.3999  U_b=0.5605  AUC=1.0000  Top1=0.9962
  timing: data=22.8ms  fwd=123.6ms  bwd=87.9ms  total=235.1ms
[  59000] loss=4.8070  ema_loss=4.9373  gap=0.6233  ema_gap=0.6247  mixup=68/200  3.7 sps  ETA 3.1h  cpc=0.0616
              R²_rand=0.6932  R²_naive=0.6759  U_t=0.3793  U_b=0.5520  AUC=1.0000  Top1=0.9978
  timing: data=4.0ms  fwd=122.2ms  bwd=87.9ms  total=214.8ms
[  59200] loss=5.0217  ema_loss=4.9494  gap=0.6028  ema_gap=0.6244  mixup=51/200  3.7 sps  ETA 3.1h  cpc=0.0448
              R²_rand=0.6818  R²_naive=0.6703  U_t=0.3764  U_b=0.5449  AUC=0.9999  Top1=0.9932
  timing: data=4.1ms  fwd=123.9ms  bwd=88.3ms  total=217.0ms
[  59400] loss=4.8579  ema_loss=4.9590  gap=0.6180  ema_gap=0.6273  mixup=69/200  3.7 sps  ETA 3.0h  cpc=0.0686
              R²_rand=0.6759  R²_naive=0.6715  U_t=0.3831  U_b=0.5239  AUC=1.0000  Top1=0.9973
  timing: data=26.3ms  fwd=120.3ms  bwd=86.9ms  total=234.2ms
[  59600] loss=5.2373  ema_loss=4.9438  gap=0.6206  ema_gap=0.6260  mixup=51/200  3.7 sps  ETA 3.0h  cpc=0.0785
              R²_rand=0.6787  R²_naive=0.6711  U_t=0.3516  U_b=0.5500  AUC=0.9999  Top1=0.9853
  timing: data=3.9ms  fwd=119.5ms  bwd=86.5ms  total=210.5ms
[  59800] loss=4.7675  ema_loss=4.9602  gap=0.6172  ema_gap=0.6264  mixup=64/200  3.7 sps  ETA 3.0h  cpc=0.0485
              R²_rand=0.6691  R²_naive=0.6673  U_t=0.3858  U_b=0.5536  AUC=1.0000  Top1=0.9978
  timing: data=4.6ms  fwd=124.1ms  bwd=90.8ms  total=220.2ms
[  60000] loss=4.8608  ema_loss=4.9424  gap=0.6172  ema_gap=0.6261  mixup=66/200  3.7 sps  ETA 3.0h  cpc=0.0599
              R²_rand=0.6869  R²_naive=0.6691  U_t=0.3724  U_b=0.5457  AUC=1.0000  Top1=0.9981
  timing: data=4.2ms  fwd=121.0ms  bwd=87.2ms  total=213.0ms
[  60200] loss=4.8866  ema_loss=4.9389  gap=0.6277  ema_gap=0.6276  mixup=55/200  3.7 sps  ETA 3.0h  cpc=0.0619
              R²_rand=0.6832  R²_naive=0.6689  U_t=0.3752  U_b=0.5509  AUC=1.0000  Top1=0.9970
  timing: data=30.9ms  fwd=120.9ms  bwd=88.4ms  total=240.9ms
[  60400] loss=4.9156  ema_loss=4.9248  gap=0.6160  ema_gap=0.6306  mixup=53/200  3.7 sps  ETA 2.9h  cpc=0.0864
              R²_rand=0.6689  R²_naive=0.6661  U_t=0.3956  U_b=0.5275  AUC=1.0000  Top1=0.9957
  timing: data=4.2ms  fwd=124.2ms  bwd=89.3ms  total=218.4ms
[  60600] loss=5.1141  ema_loss=4.9675  gap=0.6295  ema_gap=0.6305  mixup=64/200  3.7 sps  ETA 2.9h  cpc=0.1702
              R²_rand=0.6774  R²_naive=0.6752  U_t=0.3889  U_b=0.4797  AUC=1.0000  Top1=0.9984
  timing: data=4.2ms  fwd=121.8ms  bwd=89.0ms  total=215.8ms
[  60800] loss=4.8172  ema_loss=4.9769  gap=0.6426  ema_gap=0.6308  mixup=70/200  3.7 sps  ETA 2.9h  cpc=0.0567
              R²_rand=0.6828  R²_naive=0.6735  U_t=0.3910  U_b=0.5410  AUC=1.0000  Top1=0.9978
  timing: data=55.5ms  fwd=121.6ms  bwd=89.1ms  total=267.0ms
[  61000] loss=5.1439  ema_loss=4.9760  gap=0.6300  ema_gap=0.6328  mixup=57/200  3.7 sps  ETA 2.9h  cpc=0.0609
              R²_rand=0.6854  R²_naive=0.6713  U_t=0.3959  U_b=0.5425  AUC=1.0000  Top1=0.9916
  timing: data=4.2ms  fwd=123.6ms  bwd=90.1ms  total=218.7ms
[  61200] loss=4.8309  ema_loss=4.9572  gap=0.6295  ema_gap=0.6295  mixup=60/200  3.7 sps  ETA 2.9h  cpc=0.0693
              R²_rand=0.6896  R²_naive=0.6783  U_t=0.3923  U_b=0.5342  AUC=1.0000  Top1=0.9976
  timing: data=3.8ms  fwd=118.4ms  bwd=83.4ms  total=206.3ms
[  61400] loss=4.7950  ema_loss=4.9539  gap=0.6313  ema_gap=0.6297  mixup=65/200  3.7 sps  ETA 2.9h  cpc=0.0469
              R²_rand=0.6886  R²_naive=0.6777  U_t=0.3939  U_b=0.5530  AUC=1.0000  Top1=0.9973
  timing: data=55.2ms  fwd=122.1ms  bwd=89.8ms  total=267.9ms
[  61600] loss=4.9117  ema_loss=4.9674  gap=0.6530  ema_gap=0.6277  mixup=52/200  3.8 sps  ETA 2.8h  cpc=0.0652
              R²_rand=0.6844  R²_naive=0.6760  U_t=0.3808  U_b=0.5456  AUC=1.0000  Top1=0.9978
  timing: data=3.9ms  fwd=123.2ms  bwd=90.5ms  total=218.4ms
[  61800] loss=4.9434  ema_loss=4.9689  gap=0.6318  ema_gap=0.6319  mixup=69/200  3.8 sps  ETA 2.8h  cpc=0.0810
              R²_rand=0.6734  R²_naive=0.6657  U_t=0.3784  U_b=0.5431  AUC=1.0000  Top1=0.9962
  timing: data=3.8ms  fwd=118.6ms  bwd=85.2ms  total=208.4ms
[  62000] loss=5.1613  ema_loss=4.9726  gap=0.6510  ema_gap=0.6286  mixup=57/200  3.8 sps  ETA 2.8h  cpc=0.1862
              R²_rand=0.6878  R²_naive=0.6826  U_t=0.3864  U_b=0.4889  AUC=1.0000  Top1=0.9981
  timing: data=24.2ms  fwd=121.0ms  bwd=87.0ms  total=232.9ms
[  62200] loss=4.8154  ema_loss=4.9466  gap=0.6333  ema_gap=0.6288  mixup=71/200  3.8 sps  ETA 2.8h  cpc=0.0694
              R²_rand=0.6738  R²_naive=0.6734  U_t=0.4025  U_b=0.5460  AUC=1.0000  Top1=0.9967
  timing: data=4.5ms  fwd=120.4ms  bwd=87.9ms  total=213.6ms
[  62400] loss=5.5621  ema_loss=4.9480  gap=0.5991  ema_gap=0.6238  mixup=54/200  3.8 sps  ETA 2.8h  cpc=0.1444
              R²_rand=0.6665  R²_naive=0.6524  U_t=0.3533  U_b=0.5345  AUC=0.9998  Top1=0.9739
  timing: data=3.8ms  fwd=118.5ms  bwd=84.5ms  total=207.4ms
[  62600] loss=5.0714  ema_loss=4.9876  gap=0.6492  ema_gap=0.6282  mixup=64/200  3.8 sps  ETA 2.7h  cpc=0.1278
              R²_rand=0.6787  R²_naive=0.6797  U_t=0.3990  U_b=0.4861  AUC=1.0000  Top1=0.9992
  timing: data=25.1ms  fwd=119.8ms  bwd=85.2ms  total=230.7ms
[  62800] loss=4.7902  ema_loss=4.9748  gap=0.6237  ema_gap=0.6271  mixup=73/200  3.8 sps  ETA 2.7h  cpc=0.0559
              R²_rand=0.6693  R²_naive=0.6661  U_t=0.3955  U_b=0.5508  AUC=0.9999  Top1=0.9962
  timing: data=4.2ms  fwd=123.3ms  bwd=88.3ms  total=216.5ms
[  63000] loss=4.7071  ema_loss=4.9188  gap=0.6287  ema_gap=0.6208  mixup=46/200  3.8 sps  ETA 2.7h  cpc=0.0248
              R²_rand=0.6804  R²_naive=0.6706  U_t=0.3830  U_b=0.5597  AUC=1.0000  Top1=0.9986
  timing: data=3.8ms  fwd=120.9ms  bwd=87.8ms  total=213.2ms
  -> Saved /home/jupyter/wt-cf-390-train/experiments/2026-08-01_lalign_teacher/runs/bb_small_arm6_v2_lalign_lrepmoco_enc3l3_b64_200k_sigreg_ema_qk_aon_cpc_tau090_alignteacher_r2_best_loss.pth
[  63200] loss=4.9738  ema_loss=4.9406  gap=0.6238  ema_gap=0.6212  mixup=58/200  3.8 sps  ETA 2.7h  cpc=0.1033
              R²_rand=0.6747  R²_naive=0.6726  U_t=0.3761  U_b=0.5100  AUC=1.0000  Top1=0.9965
  timing: data=18.8ms  fwd=120.1ms  bwd=85.6ms  total=225.2ms
[  63400] loss=4.8789  ema_loss=4.9286  gap=0.6151  ema_gap=0.6176  mixup=52/200  3.8 sps  ETA 2.7h  cpc=0.0843
              R²_rand=0.6760  R²_naive=0.6628  U_t=0.3726  U_b=0.5313  AUC=1.0000  Top1=0.9989
  timing: data=3.8ms  fwd=121.3ms  bwd=87.4ms  total=213.2ms
[  63600] loss=4.8179  ema_loss=4.9471  gap=0.6299  ema_gap=0.6141  mixup=59/200  3.8 sps  ETA 2.7h  cpc=0.0621
              R²_rand=0.6950  R²_naive=0.6842  U_t=0.3582  U_b=0.5418  AUC=1.0000  Top1=0.9981
  timing: data=4.3ms  fwd=123.4ms  bwd=88.7ms  total=217.2ms
[  63800] loss=5.0996  ema_loss=4.9395  gap=0.6111  ema_gap=0.6156  mixup=58/200  3.8 sps  ETA 2.6h  cpc=0.0847
              R²_rand=0.6773  R²_naive=0.6652  U_t=0.3736  U_b=0.5509  AUC=0.9998  Top1=0.9924
  timing: data=36.4ms  fwd=121.8ms  bwd=89.0ms  total=248.0ms
[  64000] loss=5.0782  ema_loss=4.9496  gap=0.6083  ema_gap=0.6134  mixup=70/200  3.8 sps  ETA 2.6h  cpc=0.1377
              R²_rand=0.6761  R²_naive=0.6721  U_t=0.3928  U_b=0.4895  AUC=1.0000  Top1=0.9959
  timing: data=4.3ms  fwd=123.7ms  bwd=89.7ms  total=218.5ms
[  64200] loss=4.8515  ema_loss=4.9325  gap=0.6105  ema_gap=0.6126  mixup=53/200  3.8 sps  ETA 2.6h  cpc=0.0732
              R²_rand=0.6710  R²_naive=0.6642  U_t=0.3843  U_b=0.5391  AUC=1.0000  Top1=0.9984
  timing: data=4.0ms  fwd=121.0ms  bwd=89.0ms  total=214.7ms
[  64400] loss=5.0101  ema_loss=4.9745  gap=0.6125  ema_gap=0.6155  mixup=66/200  3.8 sps  ETA 2.6h  cpc=0.0978
              R²_rand=0.6943  R²_naive=0.6688  U_t=0.3604  U_b=0.5340  AUC=1.0000  Top1=0.9970
  timing: data=24.9ms  fwd=118.1ms  bwd=85.6ms  total=229.3ms
[  64600] loss=4.7657  ema_loss=4.9279  gap=0.6259  ema_gap=0.6124  mixup=61/200  3.8 sps  ETA 2.6h  cpc=0.0463
              R²_rand=0.6897  R²_naive=0.6772  U_t=0.3794  U_b=0.5466  AUC=1.0000  Top1=0.9967
  timing: data=4.4ms  fwd=123.4ms  bwd=88.5ms  total=217.1ms
[  64800] loss=5.1498  ema_loss=4.9288  gap=0.6057  ema_gap=0.6126  mixup=60/200  3.8 sps  ETA 2.6h  cpc=0.0746
              R²_rand=0.6724  R²_naive=0.6639  U_t=0.3810  U_b=0.5560  AUC=0.9999  Top1=0.9900
  timing: data=4.3ms  fwd=123.6ms  bwd=88.0ms  total=216.6ms
[  65000] loss=4.7351  ema_loss=4.9441  gap=0.6117  ema_gap=0.6157  mixup=52/200  3.8 sps  ETA 2.5h  cpc=0.0421
              R²_rand=0.6854  R²_naive=0.6739  U_t=0.3891  U_b=0.5515  AUC=1.0000  Top1=0.9965
  timing: data=4.0ms  fwd=122.2ms  bwd=86.0ms  total=212.8ms
[  65200] loss=4.8653  ema_loss=4.9650  gap=0.6095  ema_gap=0.6149  mixup=59/200  3.8 sps  ETA 2.5h  cpc=0.0429
              R²_rand=0.6749  R²_naive=0.6677  U_t=0.3755  U_b=0.5474  AUC=1.0000  Top1=0.9962
  timing: data=17.7ms  fwd=122.0ms  bwd=88.7ms  total=229.1ms
[  65400] loss=4.9094  ema_loss=4.9481  gap=0.5980  ema_gap=0.6144  mixup=66/200  3.8 sps  ETA 2.5h  cpc=0.0971
              R²_rand=0.6826  R²_naive=0.6640  U_t=0.3782  U_b=0.5300  AUC=1.0000  Top1=0.9978
  timing: data=3.9ms  fwd=123.3ms  bwd=88.8ms  total=216.8ms
[  65600] loss=4.8812  ema_loss=4.9497  gap=0.6157  ema_gap=0.6193  mixup=63/200  3.8 sps  ETA 2.5h  cpc=0.0945
              R²_rand=0.6752  R²_naive=0.6606  U_t=0.3942  U_b=0.5376  AUC=1.0000  Top1=0.9981
  timing: data=4.3ms  fwd=120.7ms  bwd=87.4ms  total=213.1ms
[  65800] loss=4.8355  ema_loss=4.9387  gap=0.5926  ema_gap=0.6149  mixup=60/200  3.8 sps  ETA 2.5h  cpc=0.0507
              R²_rand=0.6811  R²_naive=0.6625  U_t=0.3755  U_b=0.5448  AUC=1.0000  Top1=0.9973
  timing: data=28.0ms  fwd=122.1ms  bwd=87.5ms  total=238.4ms
[  66000] loss=4.9090  ema_loss=4.9407  gap=0.6252  ema_gap=0.6145  mixup=66/200  3.9 sps  ETA 2.5h  cpc=0.0859
              R²_rand=0.6601  R²_naive=0.6691  U_t=0.3756  U_b=0.5403  AUC=1.0000  Top1=0.9973
  timing: data=5.4ms  fwd=122.5ms  bwd=90.1ms  total=218.7ms
[  66200] loss=4.8337  ema_loss=4.9318  gap=0.5882  ema_gap=0.6148  mixup=54/200  3.9 sps  ETA 2.4h  cpc=0.0740
              R²_rand=0.6709  R²_naive=0.6568  U_t=0.3849  U_b=0.5390  AUC=1.0000  Top1=0.9957
  timing: data=4.0ms  fwd=119.9ms  bwd=87.1ms  total=211.7ms
[  66400] loss=5.1174  ema_loss=4.9448  gap=0.5792  ema_gap=0.6124  mixup=55/200  3.9 sps  ETA 2.4h  cpc=0.1631
              R²_rand=0.6814  R²_naive=0.6658  U_t=0.3759  U_b=0.4762  AUC=1.0000  Top1=0.9967
  timing: data=28.5ms  fwd=118.0ms  bwd=84.9ms  total=232.1ms
[  66600] loss=5.3076  ema_loss=4.9661  gap=0.6072  ema_gap=0.6173  mixup=72/200  3.9 sps  ETA 2.4h  cpc=0.1114
              R²_rand=0.6814  R²_naive=0.6655  U_t=0.3794  U_b=0.5346  AUC=0.9999  Top1=0.9889
  timing: data=3.7ms  fwd=119.3ms  bwd=86.1ms  total=209.8ms
[  66800] loss=4.7164  ema_loss=4.9713  gap=0.6196  ema_gap=0.6163  mixup=63/200  3.9 sps  ETA 2.4h  cpc=0.0302
              R²_rand=0.6804  R²_naive=0.6651  U_t=0.3782  U_b=0.5513  AUC=1.0000  Top1=0.9959
  timing: data=3.7ms  fwd=120.2ms  bwd=87.0ms  total=211.5ms
[  67000] loss=4.7588  ema_loss=4.9388  gap=0.6477  ema_gap=0.6134  mixup=72/200  3.9 sps  ETA 2.4h  cpc=0.0495
              R²_rand=0.6863  R²_naive=0.6780  U_t=0.3843  U_b=0.5502  AUC=1.0000  Top1=0.9981
  timing: data=18.8ms  fwd=117.8ms  bwd=83.4ms  total=220.7ms
[  67200] loss=4.7802  ema_loss=4.9545  gap=0.6245  ema_gap=0.6155  mixup=58/200  3.9 sps  ETA 2.4h  cpc=0.0506
              R²_rand=0.6789  R²_naive=0.6706  U_t=0.3953  U_b=0.5364  AUC=1.0000  Top1=0.9978
  timing: data=4.3ms  fwd=119.4ms  bwd=89.1ms  total=213.5ms
[  67400] loss=4.7228  ema_loss=5.0554  gap=0.6214  ema_gap=0.6266  mixup=52/200  3.9 sps  ETA 2.3h  cpc=0.0250
              R²_rand=0.6812  R²_naive=0.6685  U_t=0.3689  U_b=0.5510  AUC=1.0000  Top1=0.9981
  timing: data=3.7ms  fwd=118.7ms  bwd=84.5ms  total=207.5ms
[  67600] loss=4.7634  ema_loss=4.9871  gap=0.6222  ema_gap=0.6180  mixup=63/200  3.9 sps  ETA 2.3h  cpc=0.0427
              R²_rand=0.6775  R²_naive=0.6641  U_t=0.3890  U_b=0.5528  AUC=1.0000  Top1=0.9976
  timing: data=40.3ms  fwd=117.9ms  bwd=87.4ms  total=246.2ms
[  67800] loss=5.0497  ema_loss=4.9463  gap=0.6360  ema_gap=0.6176  mixup=57/200  3.9 sps  ETA 2.3h  cpc=0.1427
              R²_rand=0.6803  R²_naive=0.6783  U_t=0.3827  U_b=0.4899  AUC=1.0000  Top1=0.9978
  timing: data=4.3ms  fwd=120.3ms  bwd=87.0ms  total=212.3ms
[  68000] loss=4.8360  ema_loss=4.9642  gap=0.6168  ema_gap=0.6180  mixup=63/200  3.9 sps  ETA 2.3h  cpc=0.0720
              R²_rand=0.6742  R²_naive=0.6647  U_t=0.3902  U_b=0.5277  AUC=1.0000  Top1=0.9967
  timing: data=4.0ms  fwd=118.2ms  bwd=86.2ms  total=209.1ms
[  68200] loss=4.8238  ema_loss=4.9361  gap=0.6226  ema_gap=0.6136  mixup=55/200  3.9 sps  ETA 2.3h  cpc=0.0490
              R²_rand=0.6698  R²_naive=0.6640  U_t=0.3867  U_b=0.5337  AUC=1.0000  Top1=0.9959
  timing: data=54.3ms  fwd=119.7ms  bwd=87.5ms  total=262.2ms
[  68400] loss=5.2154  ema_loss=4.9481  gap=0.6183  ema_gap=0.6147  mixup=63/200  3.9 sps  ETA 2.3h  cpc=0.1972
              R²_rand=0.6698  R²_naive=0.6705  U_t=0.3799  U_b=0.4680  AUC=1.0000  Top1=0.9976
  timing: data=3.7ms  fwd=118.8ms  bwd=86.5ms  total=209.7ms
[  68600] loss=4.7704  ema_loss=4.9534  gap=0.6136  ema_gap=0.6157  mixup=59/200  3.9 sps  ETA 2.2h  cpc=0.0354
              R²_rand=0.6677  R²_naive=0.6659  U_t=0.3865  U_b=0.5417  AUC=1.0000  Top1=0.9967
  timing: data=4.0ms  fwd=119.3ms  bwd=85.5ms  total=209.5ms
[  68800] loss=4.8973  ema_loss=4.9423  gap=0.6291  ema_gap=0.6136  mixup=70/200  3.9 sps  ETA 2.2h  cpc=0.0792
              R²_rand=0.6746  R²_naive=0.6670  U_t=0.3882  U_b=0.4982  AUC=1.0000  Top1=0.9976
  timing: data=22.4ms  fwd=116.6ms  bwd=83.9ms  total=223.6ms
[  69000] loss=4.8967  ema_loss=5.0570  gap=0.6316  ema_gap=0.6206  mixup=65/200  3.9 sps  ETA 2.2h  cpc=0.0660
              R²_rand=0.6789  R²_naive=0.6760  U_t=0.3862  U_b=0.5312  AUC=1.0000  Top1=0.9992
  timing: data=4.0ms  fwd=117.8ms  bwd=83.2ms  total=205.6ms
[  69200] loss=5.0070  ema_loss=5.0118  gap=0.6135  ema_gap=0.6207  mixup=51/200  3.9 sps  ETA 2.2h  cpc=0.0942
              R²_rand=0.6800  R²_naive=0.6601  U_t=0.3717  U_b=0.5372  AUC=1.0000  Top1=0.9927
  timing: data=3.8ms  fwd=117.4ms  bwd=83.9ms  total=205.7ms
[  69400] loss=4.8935  ema_loss=5.0243  gap=0.6283  ema_gap=0.6204  mixup=64/200  3.9 sps  ETA 2.2h  cpc=0.0818
              R²_rand=0.6799  R²_naive=0.6722  U_t=0.4065  U_b=0.5322  AUC=1.0000  Top1=0.9976
  timing: data=30.8ms  fwd=117.0ms  bwd=84.7ms  total=233.2ms
[  69600] loss=5.3199  ema_loss=4.9763  gap=0.6088  ema_gap=0.6178  mixup=74/200  3.9 sps  ETA 2.2h  cpc=0.1124
              R²_rand=0.6738  R²_naive=0.6687  U_t=0.3627  U_b=0.5335  AUC=0.9999  Top1=0.9910
  timing: data=4.6ms  fwd=120.7ms  bwd=86.6ms  total=212.6ms
[  69800] loss=4.7654  ema_loss=4.9596  gap=0.5965  ema_gap=0.6112  mixup=55/200  3.9 sps  ETA 2.1h  cpc=0.0460
              R²_rand=0.6608  R²_naive=0.6599  U_t=0.3875  U_b=0.5519  AUC=1.0000  Top1=0.9965
  timing: data=3.8ms  fwd=118.5ms  bwd=85.0ms  total=207.9ms
[  70000] loss=4.7752  ema_loss=4.9299  gap=0.6194  ema_gap=0.6139  mixup=53/200  3.9 sps  ETA 2.1h  cpc=0.0448
              R²_rand=0.6700  R²_naive=0.6649  U_t=0.4010  U_b=0.5517  AUC=1.0000  Top1=0.9976
  timing: data=3.8ms  fwd=118.4ms  bwd=84.9ms  total=207.7ms
[  70200] loss=5.1351  ema_loss=4.9409  gap=0.6422  ema_gap=0.6158  mixup=61/200  3.9 sps  ETA 2.1h  cpc=0.1989
              R²_rand=0.6864  R²_naive=0.6828  U_t=0.3704  U_b=0.4755  AUC=1.0000  Top1=0.9959
  timing: data=26.9ms  fwd=116.7ms  bwd=82.7ms  total=226.9ms
[  70400] loss=4.8420  ema_loss=4.9424  gap=0.6230  ema_gap=0.6186  mixup=61/200  3.9 sps  ETA 2.1h  cpc=0.0596
              R²_rand=0.6644  R²_naive=0.6643  U_t=0.3834  U_b=0.5463  AUC=1.0000  Top1=0.9981
  timing: data=3.9ms  fwd=118.0ms  bwd=85.6ms  total=208.2ms
[  70600] loss=4.8215  ema_loss=4.9328  gap=0.6389  ema_gap=0.6162  mixup=59/200  3.9 sps  ETA 2.1h  cpc=0.0490
              R²_rand=0.6769  R²_naive=0.6774  U_t=0.3593  U_b=0.5448  AUC=1.0000  Top1=0.9995
  timing: data=3.7ms  fwd=118.8ms  bwd=86.0ms  total=209.2ms
[  70800] loss=4.7910  ema_loss=4.9414  gap=0.6212  ema_gap=0.6193  mixup=51/200  3.9 sps  ETA 2.1h  cpc=0.0458
              R²_rand=0.6742  R²_naive=0.6637  U_t=0.3977  U_b=0.5420  AUC=1.0000  Top1=0.9981
  timing: data=36.2ms  fwd=115.6ms  bwd=83.7ms  total=236.1ms
[  71000] loss=4.7958  ema_loss=4.9249  gap=0.6278  ema_gap=0.6188  mixup=52/200  3.9 sps  ETA 2.0h  cpc=0.0541
              R²_rand=0.6862  R²_naive=0.6731  U_t=0.3719  U_b=0.5472  AUC=1.0000  Top1=0.9967
  timing: data=3.7ms  fwd=118.1ms  bwd=84.5ms  total=207.0ms
[  71200] loss=4.8424  ema_loss=4.9467  gap=0.6429  ema_gap=0.6226  mixup=64/200  3.9 sps  ETA 2.0h  cpc=0.0688
              R²_rand=0.6895  R²_naive=0.6851  U_t=0.3546  U_b=0.5499  AUC=1.0000  Top1=0.9981
  timing: data=3.6ms  fwd=116.2ms  bwd=84.1ms  total=204.6ms
[  71400] loss=4.8704  ema_loss=4.9394  gap=0.6035  ema_gap=0.6182  mixup=64/200  3.9 sps  ETA 2.0h  cpc=0.0612
              R²_rand=0.6687  R²_naive=0.6511  U_t=0.3838  U_b=0.5186  AUC=1.0000  Top1=0.9921
  timing: data=25.3ms  fwd=117.2ms  bwd=85.4ms  total=228.6ms
[  71600] loss=4.8732  ema_loss=4.9485  gap=0.6343  ema_gap=0.6188  mixup=56/200  3.9 sps  ETA 2.0h  cpc=0.0640
              R²_rand=0.6750  R²_naive=0.6696  U_t=0.3756  U_b=0.5361  AUC=1.0000  Top1=0.9976
  timing: data=4.0ms  fwd=117.9ms  bwd=87.5ms  total=210.2ms
[  71800] loss=5.0293  ema_loss=4.9923  gap=0.6409  ema_gap=0.6201  mixup=55/200  4.0 sps  ETA 2.0h  cpc=0.0843
              R²_rand=0.6806  R²_naive=0.6704  U_t=0.3728  U_b=0.5292  AUC=1.0000  Top1=0.9927
  timing: data=3.7ms  fwd=119.5ms  bwd=87.1ms  total=211.0ms
[  72000] loss=5.1661  ema_loss=4.9789  gap=0.6186  ema_gap=0.6202  mixup=61/200  4.0 sps  ETA 2.0h  cpc=0.1913
              R²_rand=0.6797  R²_naive=0.6677  U_t=0.3792  U_b=0.4690  AUC=1.0000  Top1=0.9973
  timing: data=22.6ms  fwd=115.3ms  bwd=84.4ms  total=223.0ms
[  72200] loss=4.7960  ema_loss=4.9488  gap=0.6119  ema_gap=0.6154  mixup=63/200  4.0 sps  ETA 2.0h  cpc=0.0486
              R²_rand=0.6751  R²_naive=0.6646  U_t=0.3916  U_b=0.5408  AUC=1.0000  Top1=0.9981
  timing: data=4.0ms  fwd=117.9ms  bwd=84.6ms  total=207.1ms
[  72400] loss=4.7853  ema_loss=4.9624  gap=0.6243  ema_gap=0.6166  mixup=66/200  4.0 sps  ETA 1.9h  cpc=0.0393
              R²_rand=0.6709  R²_naive=0.6630  U_t=0.3839  U_b=0.5516  AUC=1.0000  Top1=0.9962
  timing: data=4.0ms  fwd=118.3ms  bwd=84.9ms  total=207.9ms
[  72600] loss=4.8776  ema_loss=4.9478  gap=0.5946  ema_gap=0.6109  mixup=71/200  4.0 sps  ETA 1.9h  cpc=0.0767
              R²_rand=0.6731  R²_naive=0.6584  U_t=0.3831  U_b=0.5273  AUC=1.0000  Top1=0.9967
  timing: data=38.1ms  fwd=115.9ms  bwd=84.3ms  total=239.0ms
[  72800] loss=4.9161  ema_loss=4.9611  gap=0.5934  ema_gap=0.6136  mixup=74/200  4.0 sps  ETA 1.9h  cpc=0.0931
              R²_rand=0.6710  R²_naive=0.6609  U_t=0.3849  U_b=0.5338  AUC=1.0000  Top1=0.9978
  timing: data=3.5ms  fwd=117.7ms  bwd=84.5ms  total=206.4ms
[  73000] loss=5.1069  ema_loss=4.9790  gap=0.6091  ema_gap=0.6136  mixup=60/200  4.0 sps  ETA 1.9h  cpc=0.0836
              R²_rand=0.6713  R²_naive=0.6590  U_t=0.3661  U_b=0.5462  AUC=0.9999  Top1=0.9924
  timing: data=4.6ms  fwd=117.5ms  bwd=85.6ms  total=208.3ms
[  73200] loss=5.1510  ema_loss=4.9479  gap=0.5972  ema_gap=0.6111  mixup=50/200  4.0 sps  ETA 1.9h  cpc=0.0992
              R²_rand=0.6659  R²_naive=0.6465  U_t=0.3574  U_b=0.5423  AUC=0.9999  Top1=0.9867
  timing: data=153.5ms  fwd=119.5ms  bwd=87.7ms  total=361.4ms
[  73400] loss=4.7890  ema_loss=4.9125  gap=0.6187  ema_gap=0.6098  mixup=58/200  4.0 sps  ETA 1.9h  cpc=0.0347
              R²_rand=0.6577  R²_naive=0.6530  U_t=0.4111  U_b=0.5417  AUC=1.0000  Top1=0.9938
  timing: data=3.6ms  fwd=116.9ms  bwd=84.4ms  total=205.6ms
  -> Saved /home/jupyter/wt-cf-390-train/experiments/2026-08-01_lalign_teacher/runs/bb_small_arm6_v2_lalign_lrepmoco_enc3l3_b64_200k_sigreg_ema_qk_aon_cpc_tau090_alignteacher_r2_best_loss.pth
[  73600] loss=4.8144  ema_loss=4.9324  gap=0.6179  ema_gap=0.6071  mixup=46/200  4.0 sps  ETA 1.8h  cpc=0.0634
              R²_rand=0.6821  R²_naive=0.6650  U_t=0.3976  U_b=0.5357  AUC=1.0000  Top1=0.9976
  timing: data=3.6ms  fwd=118.6ms  bwd=86.4ms  total=209.3ms
[  73800] loss=4.8377  ema_loss=4.9459  gap=0.6228  ema_gap=0.6075  mixup=60/200  4.0 sps  ETA 1.8h  cpc=0.0651
              R²_rand=0.6789  R²_naive=0.6666  U_t=0.3685  U_b=0.5472  AUC=1.0000  Top1=0.9957
  timing: data=21.2ms  fwd=117.0ms  bwd=83.6ms  total=222.5ms
[  74000] loss=5.0240  ema_loss=4.9720  gap=0.6079  ema_gap=0.6129  mixup=52/200  4.0 sps  ETA 1.8h  cpc=0.0926
              R²_rand=0.6752  R²_naive=0.6562  U_t=0.3822  U_b=0.5314  AUC=1.0000  Top1=0.9962
  timing: data=3.7ms  fwd=120.9ms  bwd=85.4ms  total=210.5ms
[  74200] loss=5.1256  ema_loss=4.9397  gap=0.5957  ema_gap=0.6097  mixup=57/200  4.0 sps  ETA 1.8h  cpc=0.0835
              R²_rand=0.6710  R²_naive=0.6552  U_t=0.3739  U_b=0.5491  AUC=0.9999  Top1=0.9943
  timing: data=3.7ms  fwd=120.7ms  bwd=86.6ms  total=211.6ms
[  74400] loss=4.9959  ema_loss=5.0158  gap=0.6173  ema_gap=0.6134  mixup=60/200  4.0 sps  ETA 1.8h  cpc=0.1228
              R²_rand=0.6899  R²_naive=0.6783  U_t=0.3845  U_b=0.4805  AUC=1.0000  Top1=0.9986
  timing: data=31.3ms  fwd=117.8ms  bwd=87.2ms  total=237.0ms
[  74600] loss=4.8279  ema_loss=4.9775  gap=0.5961  ema_gap=0.6077  mixup=64/200  4.0 sps  ETA 1.8h  cpc=0.0597
              R²_rand=0.6756  R²_naive=0.6534  U_t=0.3780  U_b=0.5472  AUC=1.0000  Top1=0.9976
  timing: data=4.0ms  fwd=118.4ms  bwd=88.2ms  total=211.2ms
[  74800] loss=4.8324  ema_loss=4.9497  gap=0.6010  ema_gap=0.6101  mixup=55/200  4.0 sps  ETA 1.8h  cpc=0.0631
              R²_rand=0.6701  R²_naive=0.6603  U_t=0.3776  U_b=0.5392  AUC=1.0000  Top1=0.9967
  timing: data=3.9ms  fwd=117.9ms  bwd=86.5ms  total=209.0ms
[  75000] loss=5.1933  ema_loss=4.9601  gap=0.6047  ema_gap=0.6154  mixup=61/200  4.0 sps  ETA 1.7h  cpc=0.2044
              R²_rand=0.6772  R²_naive=0.6684  U_t=0.3858  U_b=0.4625  AUC=1.0000  Top1=0.9946
  timing: data=3.5ms  fwd=117.6ms  bwd=86.6ms  total=208.4ms
  -> Saved /home/jupyter/wt-cf-390-train/experiments/2026-08-01_lalign_teacher/runs/bb_small_arm6_v2_lalign_lrepmoco_enc3l3_b64_200k_sigreg_ema_qk_aon_cpc_tau090_alignteacher_r2_75k.pth
[  75200] loss=4.7572  ema_loss=4.9542  gap=0.6075  ema_gap=0.6143  mixup=69/200  4.0 sps  ETA 1.7h  cpc=0.0364
              R²_rand=0.6631  R²_naive=0.6553  U_t=0.3894  U_b=0.5518  AUC=1.0000  Top1=0.9962
  timing: data=31.4ms  fwd=119.3ms  bwd=86.6ms  total=237.9ms
[  75400] loss=5.8402  ema_loss=4.9803  gap=0.6152  ema_gap=0.6178  mixup=53/200  4.0 sps  ETA 1.7h  cpc=0.1906
              R²_rand=0.6686  R²_naive=0.6635  U_t=0.3699  U_b=0.5313  AUC=0.9999  Top1=0.9813
  timing: data=3.8ms  fwd=119.2ms  bwd=87.7ms  total=211.4ms
[  75600] loss=4.8191  ema_loss=4.9446  gap=0.6179  ema_gap=0.6171  mixup=67/200  4.0 sps  ETA 1.7h  cpc=0.0508
              R²_rand=0.6668  R²_naive=0.6635  U_t=0.3882  U_b=0.5413  AUC=1.0000  Top1=0.9984
  timing: data=4.3ms  fwd=121.4ms  bwd=88.6ms  total=215.0ms
[  75800] loss=4.7494  ema_loss=4.9651  gap=0.6154  ema_gap=0.6207  mixup=62/200  4.0 sps  ETA 1.7h  cpc=0.0357
              R²_rand=0.6851  R²_naive=0.6732  U_t=0.3906  U_b=0.5415  AUC=1.0000  Top1=0.9981
  timing: data=28.2ms  fwd=118.9ms  bwd=86.8ms  total=234.7ms
[  76000] loss=4.9389  ema_loss=4.9416  gap=0.6076  ema_gap=0.6170  mixup=59/200  4.0 sps  ETA 1.7h  cpc=0.1149
              R²_rand=0.6728  R²_naive=0.6634  U_t=0.3941  U_b=0.5048  AUC=1.0000  Top1=0.9967
  timing: data=4.0ms  fwd=119.6ms  bwd=86.0ms  total=210.3ms
[  76200] loss=4.8456  ema_loss=4.9430  gap=0.6208  ema_gap=0.6158  mixup=52/200  4.0 sps  ETA 1.7h  cpc=0.0730
              R²_rand=0.6773  R²_naive=0.6686  U_t=0.3985  U_b=0.5362  AUC=1.0000  Top1=0.9967
  timing: data=3.8ms  fwd=117.7ms  bwd=88.2ms  total=210.4ms
[  76400] loss=4.7963  ema_loss=4.9585  gap=0.6225  ema_gap=0.6174  mixup=65/200  4.0 sps  ETA 1.6h  cpc=0.0542
              R²_rand=0.6833  R²_naive=0.6698  U_t=0.3870  U_b=0.5414  AUC=1.0000  Top1=0.9962
  timing: data=22.9ms  fwd=117.1ms  bwd=89.9ms  total=230.6ms
[  76600] loss=5.2109  ema_loss=4.9730  gap=0.6307  ema_gap=0.6189  mixup=68/200  4.0 sps  ETA 1.6h  cpc=0.0874
              R²_rand=0.6888  R²_naive=0.6778  U_t=0.3596  U_b=0.5428  AUC=0.9999  Top1=0.9916
  timing: data=3.7ms  fwd=116.9ms  bwd=90.4ms  total=211.7ms
[  76800] loss=4.8141  ema_loss=4.9330  gap=0.6213  ema_gap=0.6179  mixup=58/200  4.0 sps  ETA 1.6h  cpc=0.0672
              R²_rand=0.6911  R²_naive=0.6749  U_t=0.3783  U_b=0.5434  AUC=1.0000  Top1=0.9984
  timing: data=4.3ms  fwd=118.0ms  bwd=85.1ms  total=208.1ms
[  77000] loss=4.9876  ema_loss=4.9611  gap=0.6246  ema_gap=0.6197  mixup=54/200  4.0 sps  ETA 1.6h  cpc=0.1087
              R²_rand=0.6756  R²_naive=0.6690  U_t=0.3633  U_b=0.5303  AUC=1.0000  Top1=0.9973
  timing: data=20.8ms  fwd=114.7ms  bwd=84.0ms  total=220.2ms
[  77200] loss=4.7964  ema_loss=4.9419  gap=0.6234  ema_gap=0.6188  mixup=54/200  4.0 sps  ETA 1.6h  cpc=0.0501
              R²_rand=0.6658  R²_naive=0.6674  U_t=0.3919  U_b=0.5506  AUC=1.0000  Top1=0.9967
  timing: data=3.6ms  fwd=117.5ms  bwd=83.3ms  total=205.0ms
[  77400] loss=5.1554  ema_loss=4.9489  gap=0.6310  ema_gap=0.6212  mixup=57/200  4.0 sps  ETA 1.6h  cpc=0.1289
              R²_rand=0.6847  R²_naive=0.6760  U_t=0.3409  U_b=0.5416  AUC=0.9999  Top1=0.9943
  timing: data=3.4ms  fwd=116.9ms  bwd=83.8ms  total=204.7ms
[  77600] loss=4.8007  ema_loss=4.9520  gap=0.6284  ema_gap=0.6188  mixup=62/200  4.0 sps  ETA 1.5h  cpc=0.0481
              R²_rand=0.6754  R²_naive=0.6700  U_t=0.3877  U_b=0.5352  AUC=1.0000  Top1=0.9965
  timing: data=19.8ms  fwd=116.6ms  bwd=83.3ms  total=220.4ms
[  77800] loss=4.7071  ema_loss=4.9582  gap=0.6277  ema_gap=0.6189  mixup=56/200  4.0 sps  ETA 1.5h  cpc=0.0299
              R²_rand=0.6697  R²_naive=0.6683  U_t=0.3937  U_b=0.5524  AUC=1.0000  Top1=0.9970
  timing: data=3.5ms  fwd=116.8ms  bwd=84.3ms  total=205.2ms
[  78000] loss=4.8487  ema_loss=4.9501  gap=0.6173  ema_gap=0.6190  mixup=63/200  4.0 sps  ETA 1.5h  cpc=0.0773
              R²_rand=0.6627  R²_naive=0.6649  U_t=0.3860  U_b=0.5430  AUC=1.0000  Top1=0.9957
  timing: data=3.4ms  fwd=118.2ms  bwd=85.5ms  total=207.7ms
[  78200] loss=4.9645  ema_loss=4.9447  gap=0.6252  ema_gap=0.6203  mixup=62/200  4.0 sps  ETA 1.5h  cpc=0.1224
              R²_rand=0.6761  R²_naive=0.6768  U_t=0.3753  U_b=0.5001  AUC=1.0000  Top1=0.9978
  timing: data=25.8ms  fwd=111.9ms  bwd=80.3ms  total=218.7ms
[  78400] loss=4.7676  ema_loss=4.9657  gap=0.6090  ema_gap=0.6184  mixup=57/200  4.0 sps  ETA 1.5h  cpc=0.0487
              R²_rand=0.6688  R²_naive=0.6616  U_t=0.3967  U_b=0.5506  AUC=1.0000  Top1=0.9973
  timing: data=3.5ms  fwd=115.2ms  bwd=80.9ms  total=200.2ms
[  78600] loss=4.7936  ema_loss=4.9539  gap=0.6240  ema_gap=0.6206  mixup=64/200  4.0 sps  ETA 1.5h  cpc=0.0460
              R²_rand=0.6810  R²_naive=0.6719  U_t=0.3894  U_b=0.5369  AUC=1.0000  Top1=0.9970
  timing: data=4.2ms  fwd=117.9ms  bwd=84.9ms  total=207.7ms
[  78800] loss=5.1875  ema_loss=4.9781  gap=0.6042  ema_gap=0.6219  mixup=64/200  4.0 sps  ETA 1.5h  cpc=0.1277
              R²_rand=0.6700  R²_naive=0.6540  U_t=0.3834  U_b=0.4975  AUC=1.0000  Top1=0.9943
  timing: data=19.9ms  fwd=117.1ms  bwd=86.2ms  total=223.8ms
[  79000] loss=4.7922  ema_loss=4.9408  gap=0.6268  ema_gap=0.6194  mixup=61/200  4.0 sps  ETA 1.4h  cpc=0.0664
              R²_rand=0.6848  R²_naive=0.6710  U_t=0.3914  U_b=0.5486  AUC=1.0000  Top1=0.9978
  timing: data=3.7ms  fwd=116.0ms  bwd=82.2ms  total=202.5ms
[  79200] loss=4.9163  ema_loss=4.9571  gap=0.6269  ema_gap=0.6209  mixup=55/200  4.0 sps  ETA 1.4h  cpc=0.0994
              R²_rand=0.6748  R²_naive=0.6710  U_t=0.3964  U_b=0.5280  AUC=1.0000  Top1=0.9986
  timing: data=3.5ms  fwd=116.5ms  bwd=82.3ms  total=202.9ms
[  79400] loss=5.3423  ema_loss=4.9662  gap=0.6053  ema_gap=0.6247  mixup=63/200  4.0 sps  ETA 1.4h  cpc=0.2455
              R²_rand=0.6827  R²_naive=0.6613  U_t=0.3736  U_b=0.4564  AUC=1.0000  Top1=0.9981
  timing: data=19.9ms  fwd=117.1ms  bwd=85.3ms  total=222.9ms
[  79600] loss=4.8124  ema_loss=4.9362  gap=0.6276  ema_gap=0.6224  mixup=57/200  4.0 sps  ETA 1.4h  cpc=0.0729
              R²_rand=0.6890  R²_naive=0.6736  U_t=0.3688  U_b=0.5583  AUC=1.0000  Top1=0.9976
  timing: data=3.7ms  fwd=117.3ms  bwd=84.7ms  total=206.4ms
[  79800] loss=4.8777  ema_loss=4.9485  gap=0.6241  ema_gap=0.6218  mixup=47/200  4.0 sps  ETA 1.4h  cpc=0.0557
              R²_rand=0.6730  R²_naive=0.6649  U_t=0.3704  U_b=0.5380  AUC=1.0000  Top1=0.9967
  timing: data=3.6ms  fwd=119.7ms  bwd=85.8ms  total=209.8ms
[  80000] loss=4.8969  ema_loss=4.9282  gap=0.6215  ema_gap=0.6221  mixup=59/200  4.0 sps  ETA 1.4h  cpc=0.0720
              R²_rand=0.6885  R²_naive=0.6757  U_t=0.3838  U_b=0.5372  AUC=1.0000  Top1=0.9965
  timing: data=3.5ms  fwd=117.6ms  bwd=85.3ms  total=207.1ms
[  80200] loss=4.7290  ema_loss=4.9314  gap=0.6264  ema_gap=0.6227  mixup=57/200  4.0 sps  ETA 1.4h  cpc=0.0354
              R²_rand=0.6898  R²_naive=0.6726  U_t=0.3872  U_b=0.5525  AUC=1.0000  Top1=0.9973
  timing: data=19.9ms  fwd=117.0ms  bwd=84.4ms  total=222.0ms
[  80400] loss=4.7768  ema_loss=4.9606  gap=0.6216  ema_gap=0.6222  mixup=55/200  4.1 sps  ETA 1.3h  cpc=0.0547
              R²_rand=0.6681  R²_naive=0.6594  U_t=0.4007  U_b=0.5422  AUC=1.0000  Top1=0.9957
  timing: data=3.6ms  fwd=118.1ms  bwd=86.2ms  total=208.7ms
[  80600] loss=5.3692  ema_loss=4.9441  gap=0.6132  ema_gap=0.6257  mixup=69/200  4.1 sps  ETA 1.3h  cpc=0.2576
              R²_rand=0.6584  R²_naive=0.6576  U_t=0.3906  U_b=0.4667  AUC=1.0000  Top1=0.9973
  timing: data=4.0ms  fwd=118.4ms  bwd=86.9ms  total=210.0ms
[  80800] loss=4.8498  ema_loss=4.9626  gap=0.6343  ema_gap=0.6245  mixup=57/200  4.1 sps  ETA 1.3h  cpc=0.0757
              R²_rand=0.6732  R²_naive=0.6711  U_t=0.3961  U_b=0.5210  AUC=1.0000  Top1=0.9970
  timing: data=19.8ms  fwd=118.6ms  bwd=86.6ms  total=225.8ms
[  81000] loss=5.3201  ema_loss=4.9557  gap=0.6162  ema_gap=0.6226  mixup=61/200  4.1 sps  ETA 1.3h  cpc=0.2542
              R²_rand=0.6746  R²_naive=0.6609  U_t=0.3974  U_b=0.4698  AUC=1.0000  Top1=0.9986
  timing: data=3.8ms  fwd=117.8ms  bwd=87.2ms  total=209.4ms
[  81200] loss=4.7979  ema_loss=4.9342  gap=0.6184  ema_gap=0.6202  mixup=71/200  4.1 sps  ETA 1.3h  cpc=0.0565
              R²_rand=0.6752  R²_naive=0.6625  U_t=0.3800  U_b=0.5507  AUC=1.0000  Top1=0.9984
  timing: data=3.6ms  fwd=117.0ms  bwd=83.5ms  total=204.8ms
[  81400] loss=4.8500  ema_loss=4.9315  gap=0.6262  ema_gap=0.6221  mixup=57/200  4.1 sps  ETA 1.3h  cpc=0.0474
              R²_rand=0.6705  R²_naive=0.6630  U_t=0.3983  U_b=0.5521  AUC=1.0000  Top1=0.9986
  timing: data=24.5ms  fwd=117.1ms  bwd=84.3ms  total=226.6ms
[  81600] loss=4.9338  ema_loss=4.9564  gap=0.6398  ema_gap=0.6216  mixup=63/200  4.1 sps  ETA 1.3h  cpc=0.0625
              R²_rand=0.6798  R²_naive=0.6725  U_t=0.3897  U_b=0.5343  AUC=1.0000  Top1=0.9965
  timing: data=3.7ms  fwd=116.0ms  bwd=83.3ms  total=203.6ms
[  81800] loss=4.7682  ema_loss=4.9486  gap=0.6094  ema_gap=0.6190  mixup=59/200  4.1 sps  ETA 1.2h  cpc=0.0460
              R²_rand=0.6746  R²_naive=0.6590  U_t=0.3960  U_b=0.5441  AUC=1.0000  Top1=0.9976
  timing: data=3.8ms  fwd=117.6ms  bwd=84.0ms  total=206.0ms
[  82000] loss=4.7982  ema_loss=4.9422  gap=0.6186  ema_gap=0.6134  mixup=50/200  4.1 sps  ETA 1.2h  cpc=0.0483
              R²_rand=0.6743  R²_naive=0.6662  U_t=0.3866  U_b=0.5385  AUC=1.0000  Top1=0.9973
  timing: data=20.9ms  fwd=116.7ms  bwd=86.2ms  total=224.5ms
[  82200] loss=4.8504  ema_loss=4.9457  gap=0.6076  ema_gap=0.6192  mixup=63/200  4.1 sps  ETA 1.2h  cpc=0.0575
              R²_rand=0.6753  R²_naive=0.6602  U_t=0.3811  U_b=0.5525  AUC=1.0000  Top1=0.9957
  timing: data=3.9ms  fwd=118.6ms  bwd=86.1ms  total=209.3ms
[  82400] loss=5.1061  ema_loss=4.9685  gap=0.6208  ema_gap=0.6202  mixup=72/200  4.1 sps  ETA 1.2h  cpc=0.1527
              R²_rand=0.6780  R²_naive=0.6727  U_t=0.3996  U_b=0.5016  AUC=1.0000  Top1=0.9957
  timing: data=4.2ms  fwd=117.4ms  bwd=86.5ms  total=208.8ms
[  82600] loss=5.2726  ema_loss=4.9597  gap=0.6009  ema_gap=0.6152  mixup=64/200  4.1 sps  ETA 1.2h  cpc=0.1153
              R²_rand=0.6798  R²_naive=0.6607  U_t=0.3599  U_b=0.5362  AUC=0.9999  Top1=0.9853
  timing: data=21.6ms  fwd=118.1ms  bwd=84.8ms  total=225.1ms
[  82800] loss=4.9001  ema_loss=4.9639  gap=0.6240  ema_gap=0.6174  mixup=65/200  4.1 sps  ETA 1.2h  cpc=0.0701
              R²_rand=0.6738  R²_naive=0.6659  U_t=0.3861  U_b=0.5383  AUC=1.0000  Top1=0.9976
  timing: data=3.9ms  fwd=116.3ms  bwd=86.1ms  total=207.0ms
[  83000] loss=5.0705  ema_loss=4.9482  gap=0.6056  ema_gap=0.6130  mixup=71/200  4.1 sps  ETA 1.2h  cpc=0.1457
              R²_rand=0.6615  R²_naive=0.6573  U_t=0.3999  U_b=0.4843  AUC=1.0000  Top1=0.9946
  timing: data=4.3ms  fwd=118.7ms  bwd=86.4ms  total=210.0ms
[  83200] loss=5.4119  ema_loss=4.9537  gap=0.5975  ema_gap=0.6145  mixup=68/200  4.1 sps  ETA 1.1h  cpc=0.2998
              R²_rand=0.6731  R²_naive=0.6534  U_t=0.3810  U_b=0.4411  AUC=1.0000  Top1=0.9959
  timing: data=19.4ms  fwd=117.5ms  bwd=85.1ms  total=222.7ms
[  83400] loss=4.7443  ema_loss=4.9257  gap=0.6087  ema_gap=0.6163  mixup=62/200  4.1 sps  ETA 1.1h  cpc=0.0331
              R²_rand=0.6681  R²_naive=0.6713  U_t=0.3863  U_b=0.5450  AUC=1.0000  Top1=0.9962
  timing: data=3.9ms  fwd=118.3ms  bwd=84.1ms  total=207.0ms
[  83600] loss=4.9484  ema_loss=4.9182  gap=0.6175  ema_gap=0.6150  mixup=54/200  4.1 sps  ETA 1.1h  cpc=0.1101
              R²_rand=0.6766  R²_naive=0.6636  U_t=0.3836  U_b=0.5283  AUC=1.0000  Top1=0.9978
  timing: data=3.7ms  fwd=117.5ms  bwd=85.4ms  total=207.3ms
[  83800] loss=4.9229  ema_loss=5.0388  gap=0.6168  ema_gap=0.6228  mixup=67/200  4.1 sps  ETA 1.1h  cpc=0.1083
              R²_rand=0.6716  R²_naive=0.6631  U_t=0.3982  U_b=0.5174  AUC=1.0000  Top1=0.9951
  timing: data=19.3ms  fwd=117.4ms  bwd=84.3ms  total=221.8ms
[  84000] loss=4.7677  ema_loss=4.9750  gap=0.6168  ema_gap=0.6203  mixup=56/200  4.1 sps  ETA 1.1h  cpc=0.0307
              R²_rand=0.6678  R²_naive=0.6640  U_t=0.3832  U_b=0.5509  AUC=1.0000  Top1=0.9986
  timing: data=3.5ms  fwd=117.3ms  bwd=86.7ms  total=208.2ms
[  84200] loss=5.1441  ema_loss=4.9291  gap=0.6105  ema_gap=0.6185  mixup=58/200  4.1 sps  ETA 1.1h  cpc=0.1794
              R²_rand=0.6753  R²_naive=0.6658  U_t=0.4050  U_b=0.4855  AUC=1.0000  Top1=0.9967
  timing: data=3.5ms  fwd=118.8ms  bwd=86.8ms  total=209.8ms
[  84400] loss=4.7682  ema_loss=4.9409  gap=0.6286  ema_gap=0.6238  mixup=58/200  4.1 sps  ETA 1.1h  cpc=0.0314
              R²_rand=0.6734  R²_naive=0.6702  U_t=0.3893  U_b=0.5524  AUC=1.0000  Top1=0.9951
  timing: data=24.7ms  fwd=116.0ms  bwd=86.2ms  total=227.6ms
[  84600] loss=5.3687  ema_loss=4.9422  gap=0.6386  ema_gap=0.6251  mixup=63/200  4.1 sps  ETA 1.0h  cpc=0.1426
              R²_rand=0.6803  R²_naive=0.6701  U_t=0.3646  U_b=0.5423  AUC=0.9999  Top1=0.9919
  timing: data=4.0ms  fwd=118.6ms  bwd=87.7ms  total=211.1ms
[  84800] loss=4.8817  ema_loss=4.9815  gap=0.6110  ema_gap=0.6257  mixup=49/200  4.1 sps  ETA 1.0h  cpc=0.0767
              R²_rand=0.6836  R²_naive=0.6695  U_t=0.3580  U_b=0.5374  AUC=1.0000  Top1=0.9973
  timing: data=3.7ms  fwd=119.5ms  bwd=86.4ms  total=210.3ms
[  85000] loss=4.9728  ema_loss=4.9755  gap=0.6232  ema_gap=0.6280  mixup=62/200  4.1 sps  ETA 1.0h  cpc=0.1160
              R²_rand=0.6640  R²_naive=0.6658  U_t=0.3848  U_b=0.5312  AUC=1.0000  Top1=0.9962
  timing: data=3.9ms  fwd=119.6ms  bwd=86.0ms  total=210.2ms
[  85200] loss=4.8850  ema_loss=4.9350  gap=0.6076  ema_gap=0.6237  mixup=58/200  4.1 sps  ETA 1.0h  cpc=0.0569
              R²_rand=0.6799  R²_naive=0.6620  U_t=0.3921  U_b=0.5493  AUC=1.0000  Top1=0.9965
  timing: data=17.7ms  fwd=114.6ms  bwd=83.8ms  total=216.7ms
[  85400] loss=4.8854  ema_loss=4.9292  gap=0.6203  ema_gap=0.6236  mixup=65/200  4.1 sps  ETA 1.0h  cpc=0.0720
              R²_rand=0.6753  R²_naive=0.6621  U_t=0.3782  U_b=0.5391  AUC=1.0000  Top1=0.9976
  timing: data=3.8ms  fwd=117.7ms  bwd=83.6ms  total=205.8ms
[  85600] loss=5.3989  ema_loss=4.9426  gap=0.6268  ema_gap=0.6232  mixup=62/200  4.1 sps  ETA 1.0h  cpc=0.1463
              R²_rand=0.6763  R²_naive=0.6679  U_t=0.3678  U_b=0.5234  AUC=0.9999  Top1=0.9891
  timing: data=3.9ms  fwd=118.8ms  bwd=85.5ms  total=208.8ms
[  85800] loss=4.8565  ema_loss=4.9676  gap=0.6078  ema_gap=0.6249  mixup=63/200  4.1 sps  ETA 1.0h  cpc=0.0686
              R²_rand=0.6844  R²_naive=0.6701  U_t=0.3910  U_b=0.5432  AUC=1.0000  Top1=0.9984
  timing: data=25.8ms  fwd=118.5ms  bwd=84.5ms  total=229.4ms
[  86000] loss=5.3662  ema_loss=4.9424  gap=0.6370  ema_gap=0.6217  mixup=62/200  4.1 sps  ETA 0.9h  cpc=0.3002
              R²_rand=0.6824  R²_naive=0.6712  U_t=0.4064  U_b=0.4507  AUC=1.0000  Top1=0.9984
  timing: data=3.6ms  fwd=117.8ms  bwd=84.5ms  total=206.5ms
[  86200] loss=5.4247  ema_loss=4.9442  gap=0.6134  ema_gap=0.6230  mixup=62/200  4.1 sps  ETA 0.9h  cpc=0.1492
              R²_rand=0.6803  R²_naive=0.6641  U_t=0.3470  U_b=0.5379  AUC=0.9996  Top1=0.9832
  timing: data=3.7ms  fwd=118.6ms  bwd=85.3ms  total=208.3ms
[  86400] loss=4.8207  ema_loss=4.9317  gap=0.6325  ema_gap=0.6241  mixup=68/200  4.1 sps  ETA 0.9h  cpc=0.0565
              R²_rand=0.6812  R²_naive=0.6700  U_t=0.3825  U_b=0.5443  AUC=1.0000  Top1=0.9957
  timing: data=19.0ms  fwd=117.9ms  bwd=86.6ms  total=224.1ms
[  86600] loss=4.9821  ema_loss=4.9455  gap=0.6376  ema_gap=0.6276  mixup=60/200  4.1 sps  ETA 0.9h  cpc=0.0998
              R²_rand=0.6854  R²_naive=0.6746  U_t=0.3720  U_b=0.5440  AUC=1.0000  Top1=0.9970
  timing: data=3.9ms  fwd=118.5ms  bwd=83.3ms  total=206.4ms
[  86800] loss=5.0436  ema_loss=4.9604  gap=0.6149  ema_gap=0.6267  mixup=65/200  4.1 sps  ETA 0.9h  cpc=0.1440
              R²_rand=0.6745  R²_naive=0.6648  U_t=0.4007  U_b=0.4979  AUC=1.0000  Top1=0.9973
  timing: data=4.2ms  fwd=119.0ms  bwd=85.9ms  total=209.9ms
[  87000] loss=4.8273  ema_loss=4.9716  gap=0.6411  ema_gap=0.6267  mixup=64/200  4.1 sps  ETA 0.9h  cpc=0.0597
              R²_rand=0.6667  R²_naive=0.6724  U_t=0.4025  U_b=0.5529  AUC=1.0000  Top1=0.9973
  timing: data=20.6ms  fwd=118.4ms  bwd=85.6ms  total=225.4ms
[  87200] loss=4.9159  ema_loss=4.9512  gap=0.6332  ema_gap=0.6257  mixup=46/200  4.1 sps  ETA 0.9h  cpc=0.0622
              R²_rand=0.6806  R²_naive=0.6752  U_t=0.3779  U_b=0.5526  AUC=1.0000  Top1=0.9978
  timing: data=3.7ms  fwd=119.3ms  bwd=84.4ms  total=208.1ms
[  87400] loss=4.8801  ema_loss=4.9590  gap=0.6163  ema_gap=0.6260  mixup=51/200  4.1 sps  ETA 0.8h  cpc=0.0579
              R²_rand=0.6742  R²_naive=0.6629  U_t=0.3961  U_b=0.5572  AUC=1.0000  Top1=0.9957
  timing: data=3.7ms  fwd=118.4ms  bwd=87.3ms  total=210.0ms
[  87600] loss=5.2417  ema_loss=4.9665  gap=0.5946  ema_gap=0.6244  mixup=59/200  4.1 sps  ETA 0.8h  cpc=0.0745
              R²_rand=0.6614  R²_naive=0.6502  U_t=0.3590  U_b=0.5653  AUC=0.9999  Top1=0.9859
  timing: data=19.3ms  fwd=119.4ms  bwd=85.9ms  total=225.3ms
[  87800] loss=5.1823  ema_loss=4.9583  gap=0.6183  ema_gap=0.6271  mixup=70/200  4.1 sps  ETA 0.8h  cpc=0.0894
              R²_rand=0.6780  R²_naive=0.6717  U_t=0.3543  U_b=0.5555  AUC=0.9999  Top1=0.9859
  timing: data=3.6ms  fwd=117.8ms  bwd=85.5ms  total=207.7ms
[  88000] loss=4.7253  ema_loss=4.9408  gap=0.6216  ema_gap=0.6253  mixup=64/200  4.1 sps  ETA 0.8h  cpc=0.0324
              R²_rand=0.6682  R²_naive=0.6622  U_t=0.3914  U_b=0.5619  AUC=1.0000  Top1=0.9959
  timing: data=3.7ms  fwd=118.4ms  bwd=86.3ms  total=209.0ms
[  88200] loss=4.8559  ema_loss=4.9474  gap=0.6171  ema_gap=0.6281  mixup=59/200  4.1 sps  ETA 0.8h  cpc=0.0815
              R²_rand=0.6590  R²_naive=0.6569  U_t=0.4001  U_b=0.5480  AUC=1.0000  Top1=0.9957
  timing: data=18.9ms  fwd=116.3ms  bwd=85.0ms  total=220.9ms
[  88400] loss=5.1249  ema_loss=4.9709  gap=0.6222  ema_gap=0.6267  mixup=61/200  4.1 sps  ETA 0.8h  cpc=0.1730
              R²_rand=0.6615  R²_naive=0.6629  U_t=0.3738  U_b=0.4803  AUC=1.0000  Top1=0.9976
  timing: data=3.8ms  fwd=118.7ms  bwd=83.4ms  total=206.6ms
[  88600] loss=5.1403  ema_loss=4.9417  gap=0.6429  ema_gap=0.6272  mixup=57/200  4.1 sps  ETA 0.8h  cpc=0.1804
              R²_rand=0.6785  R²_naive=0.6759  U_t=0.3637  U_b=0.4946  AUC=1.0000  Top1=0.9973
  timing: data=3.8ms  fwd=117.9ms  bwd=84.4ms  total=206.7ms
[  88800] loss=4.8222  ema_loss=4.9093  gap=0.6271  ema_gap=0.6223  mixup=53/200  4.1 sps  ETA 0.8h  cpc=0.0702
              R²_rand=0.6728  R²_naive=0.6701  U_t=0.3846  U_b=0.5574  AUC=1.0000  Top1=0.9962
  timing: data=28.0ms  fwd=118.0ms  bwd=85.7ms  total=232.4ms
  -> Saved /home/jupyter/wt-cf-390-train/experiments/2026-08-01_lalign_teacher/runs/bb_small_arm6_v2_lalign_lrepmoco_enc3l3_b64_200k_sigreg_ema_qk_aon_cpc_tau090_alignteacher_r2_best_loss.pth
[  89000] loss=5.5576  ema_loss=4.9916  gap=0.6320  ema_gap=0.6281  mixup=77/200  4.1 sps  ETA 0.7h  cpc=0.1324
              R²_rand=0.6794  R²_naive=0.6674  U_t=0.3528  U_b=0.5472  AUC=0.9998  Top1=0.9786
  timing: data=3.7ms  fwd=115.8ms  bwd=83.1ms  total=203.2ms
[  89200] loss=4.7900  ema_loss=4.9573  gap=0.6155  ema_gap=0.6269  mixup=59/200  4.1 sps  ETA 0.7h  cpc=0.0375
              R²_rand=0.6832  R²_naive=0.6671  U_t=0.3644  U_b=0.5568  AUC=1.0000  Top1=0.9973
  timing: data=3.4ms  fwd=111.1ms  bwd=77.3ms  total=192.5ms
[  89400] loss=4.8535  ema_loss=4.9251  gap=0.6197  ema_gap=0.6238  mixup=66/200  4.1 sps  ETA 0.7h  cpc=0.0794
              R²_rand=0.6767  R²_naive=0.6617  U_t=0.4064  U_b=0.5309  AUC=1.0000  Top1=0.9981
  timing: data=19.5ms  fwd=118.1ms  bwd=85.1ms  total=223.3ms
[  89600] loss=5.2062  ema_loss=4.9609  gap=0.6124  ema_gap=0.6198  mixup=57/200  4.1 sps  ETA 0.7h  cpc=0.0700
              R²_rand=0.6694  R²_naive=0.6573  U_t=0.3573  U_b=0.5553  AUC=0.9999  Top1=0.9856
  timing: data=4.0ms  fwd=116.9ms  bwd=85.1ms  total=206.7ms
[  89800] loss=4.8433  ema_loss=4.9672  gap=0.6244  ema_gap=0.6204  mixup=65/200  4.1 sps  ETA 0.7h  cpc=0.0594
              R²_rand=0.6848  R²_naive=0.6770  U_t=0.3640  U_b=0.5640  AUC=1.0000  Top1=0.9962
  timing: data=3.9ms  fwd=116.4ms  bwd=85.1ms  total=206.0ms
[  90000] loss=5.1278  ema_loss=4.9783  gap=0.6254  ema_gap=0.6212  mixup=63/200  4.1 sps  ETA 0.7h  cpc=0.0886
              R²_rand=0.6776  R²_naive=0.6645  U_t=0.3705  U_b=0.5470  AUC=0.9999  Top1=0.9889
  timing: data=21.0ms  fwd=118.6ms  bwd=86.6ms  total=226.8ms
[  90200] loss=4.9568  ema_loss=4.9393  gap=0.6236  ema_gap=0.6178  mixup=52/200  4.1 sps  ETA 0.7h  cpc=0.1190
              R²_rand=0.6841  R²_naive=0.6681  U_t=0.3857  U_b=0.4960  AUC=1.0000  Top1=0.9978
  timing: data=3.8ms  fwd=118.7ms  bwd=85.7ms  total=208.8ms
[  90400] loss=5.2362  ema_loss=4.9547  gap=0.6078  ema_gap=0.6208  mixup=51/200  4.1 sps  ETA 0.6h  cpc=0.2285
              R²_rand=0.6608  R²_naive=0.6551  U_t=0.3902  U_b=0.4829  AUC=1.0000  Top1=0.9965
  timing: data=3.9ms  fwd=117.7ms  bwd=84.4ms  total=206.6ms
[  90600] loss=5.1420  ema_loss=4.9684  gap=0.6233  ema_gap=0.6188  mixup=61/200  4.1 sps  ETA 0.6h  cpc=0.1839
              R²_rand=0.6696  R²_naive=0.6624  U_t=0.3819  U_b=0.4958  AUC=1.0000  Top1=0.9962
  timing: data=3.7ms  fwd=119.0ms  bwd=84.7ms  total=208.1ms
[  90800] loss=4.9141  ema_loss=4.9398  gap=0.6234  ema_gap=0.6209  mixup=60/200  4.1 sps  ETA 0.6h  cpc=0.1025
              R²_rand=0.6649  R²_naive=0.6632  U_t=0.3926  U_b=0.5306  AUC=1.0000  Top1=0.9965
  timing: data=19.9ms  fwd=116.8ms  bwd=85.2ms  total=222.5ms
[  91000] loss=5.1167  ema_loss=4.9447  gap=0.6285  ema_gap=0.6195  mixup=55/200  4.1 sps  ETA 0.6h  cpc=0.1396
              R²_rand=0.6889  R²_naive=0.6739  U_t=0.3829  U_b=0.4786  AUC=1.0000  Top1=0.9970
  timing: data=3.5ms  fwd=115.6ms  bwd=84.7ms  total=204.4ms
[  91200] loss=5.0097  ema_loss=4.9390  gap=0.6248  ema_gap=0.6228  mixup=59/200  4.2 sps  ETA 0.6h  cpc=0.1366
              R²_rand=0.6634  R²_naive=0.6641  U_t=0.3947  U_b=0.5107  AUC=1.0000  Top1=0.9954
  timing: data=3.8ms  fwd=119.2ms  bwd=86.1ms  total=209.7ms
[  91400] loss=5.4249  ema_loss=4.9649  gap=0.6178  ema_gap=0.6248  mixup=60/200  4.1 sps  ETA 0.6h  cpc=0.3322
              R²_rand=0.6796  R²_naive=0.6718  U_t=0.3786  U_b=0.4562  AUC=1.0000  Top1=0.9951
  timing: data=77.3ms  fwd=116.5ms  bwd=85.1ms  total=279.6ms
[  91600] loss=4.8800  ema_loss=4.9386  gap=0.6003  ema_gap=0.6218  mixup=56/200  4.2 sps  ETA 0.6h  cpc=0.0730
              R²_rand=0.6583  R²_naive=0.6514  U_t=0.3771  U_b=0.5508  AUC=1.0000  Top1=0.9940
  timing: data=3.7ms  fwd=117.1ms  bwd=85.0ms  total=206.3ms
[  91800] loss=4.7744  ema_loss=4.9373  gap=0.6270  ema_gap=0.6156  mixup=67/200  4.2 sps  ETA 0.5h  cpc=0.0441
              R²_rand=0.6744  R²_naive=0.6693  U_t=0.3858  U_b=0.5573  AUC=1.0000  Top1=0.9970
  timing: data=3.9ms  fwd=117.6ms  bwd=85.9ms  total=208.1ms
[  92000] loss=4.8242  ema_loss=4.9620  gap=0.6051  ema_gap=0.6125  mixup=61/200  4.1 sps  ETA 0.5h  cpc=0.0482
              R²_rand=0.6706  R²_naive=0.6532  U_t=0.3927  U_b=0.5467  AUC=1.0000  Top1=0.9976
  timing: data=81.9ms  fwd=120.6ms  bwd=86.0ms  total=289.1ms
[  92200] loss=4.7827  ema_loss=4.9553  gap=0.6126  ema_gap=0.6123  mixup=63/200  4.2 sps  ETA 0.5h  cpc=0.0524
              R²_rand=0.6825  R²_naive=0.6699  U_t=0.3720  U_b=0.5552  AUC=1.0000  Top1=0.9962
  timing: data=3.8ms  fwd=119.8ms  bwd=86.8ms  total=211.1ms
[  92400] loss=4.8983  ema_loss=4.9749  gap=0.6218  ema_gap=0.6125  mixup=57/200  4.2 sps  ETA 0.5h  cpc=0.0736
              R²_rand=0.6741  R²_naive=0.6625  U_t=0.3835  U_b=0.5313  AUC=1.0000  Top1=0.9962
  timing: data=3.6ms  fwd=120.2ms  bwd=85.1ms  total=209.5ms
[  92600] loss=5.0255  ema_loss=4.9600  gap=0.6159  ema_gap=0.6133  mixup=59/200  4.2 sps  ETA 0.5h  cpc=0.1057
              R²_rand=0.6705  R²_naive=0.6595  U_t=0.3929  U_b=0.5126  AUC=1.0000  Top1=0.9976
  timing: data=24.4ms  fwd=114.6ms  bwd=84.1ms  total=223.8ms
[  92800] loss=4.9616  ema_loss=4.9757  gap=0.5908  ema_gap=0.6075  mixup=55/200  4.2 sps  ETA 0.5h  cpc=0.1225
              R²_rand=0.6675  R²_naive=0.6542  U_t=0.3784  U_b=0.5280  AUC=1.0000  Top1=0.9957
  timing: data=4.0ms  fwd=117.8ms  bwd=84.4ms  total=206.8ms
[  93000] loss=4.8109  ema_loss=4.9586  gap=0.6164  ema_gap=0.6080  mixup=65/200  4.2 sps  ETA 0.5h  cpc=0.0639
              R²_rand=0.6669  R²_naive=0.6640  U_t=0.3963  U_b=0.5540  AUC=1.0000  Top1=0.9959
  timing: data=3.8ms  fwd=118.6ms  bwd=86.9ms  total=209.9ms
[  93200] loss=4.8694  ema_loss=4.9602  gap=0.6037  ema_gap=0.6095  mixup=61/200  4.2 sps  ETA 0.5h  cpc=0.0806
              R²_rand=0.6583  R²_naive=0.6618  U_t=0.3914  U_b=0.5378  AUC=1.0000  Top1=0.9981
  timing: data=20.7ms  fwd=120.1ms  bwd=85.2ms  total=226.7ms
[  93400] loss=4.8559  ema_loss=4.9550  gap=0.6146  ema_gap=0.6101  mixup=59/200  4.2 sps  ETA 0.4h  cpc=0.0627
              R²_rand=0.6662  R²_naive=0.6621  U_t=0.4028  U_b=0.5405  AUC=1.0000  Top1=0.9946
  timing: data=3.6ms  fwd=117.7ms  bwd=85.0ms  total=206.9ms
[  93600] loss=4.7903  ema_loss=4.9610  gap=0.6070  ema_gap=0.6119  mixup=55/200  4.2 sps  ETA 0.4h  cpc=0.0589
              R²_rand=0.6715  R²_naive=0.6647  U_t=0.3862  U_b=0.5460  AUC=1.0000  Top1=0.9962
  timing: data=3.7ms  fwd=116.9ms  bwd=83.9ms  total=205.2ms
[  93800] loss=4.7878  ema_loss=4.9502  gap=0.5875  ema_gap=0.6073  mixup=58/200  4.2 sps  ETA 0.4h  cpc=0.0520
              R²_rand=0.6662  R²_naive=0.6551  U_t=0.3923  U_b=0.5580  AUC=1.0000  Top1=0.9957
  timing: data=19.8ms  fwd=117.6ms  bwd=85.7ms  total=223.9ms
[  94000] loss=5.2421  ema_loss=4.9715  gap=0.6062  ema_gap=0.6089  mixup=60/200  4.2 sps  ETA 0.4h  cpc=0.2373
              R²_rand=0.6704  R²_naive=0.6620  U_t=0.3933  U_b=0.4841  AUC=1.0000  Top1=0.9954
  timing: data=4.5ms  fwd=119.4ms  bwd=85.9ms  total=210.5ms
[  94200] loss=5.0520  ema_loss=4.9593  gap=0.6318  ema_gap=0.6104  mixup=76/200  4.2 sps  ETA 0.4h  cpc=0.1102
              R²_rand=0.6804  R²_naive=0.6698  U_t=0.3642  U_b=0.5438  AUC=1.0000  Top1=0.9927
  timing: data=4.0ms  fwd=117.4ms  bwd=84.2ms  total=206.2ms
[  94400] loss=5.1644  ema_loss=4.9625  gap=0.6084  ema_gap=0.6136  mixup=54/200  4.2 sps  ETA 0.4h  cpc=0.2065
              R²_rand=0.6608  R²_naive=0.6581  U_t=0.3980  U_b=0.4799  AUC=1.0000  Top1=0.9973
  timing: data=25.9ms  fwd=117.6ms  bwd=86.4ms  total=230.6ms
[  94600] loss=5.0700  ema_loss=4.9670  gap=0.5992  ema_gap=0.6131  mixup=63/200  4.2 sps  ETA 0.4h  cpc=0.1229
              R²_rand=0.6588  R²_naive=0.6596  U_t=0.4052  U_b=0.5082  AUC=1.0000  Top1=0.9973
  timing: data=3.5ms  fwd=119.8ms  bwd=86.9ms  total=210.9ms
[  94800] loss=4.9239  ema_loss=5.0947  gap=0.6469  ema_gap=0.6201  mixup=74/200  4.2 sps  ETA 0.3h  cpc=0.0781
              R²_rand=0.6837  R²_naive=0.6809  U_t=0.3923  U_b=0.5233  AUC=1.0000  Top1=0.9976
  timing: data=3.9ms  fwd=119.8ms  bwd=86.0ms  total=210.3ms
[  95000] loss=5.0454  ema_loss=5.0297  gap=0.6391  ema_gap=0.6211  mixup=70/200  4.2 sps  ETA 0.3h  cpc=0.0850
              R²_rand=0.6795  R²_naive=0.6734  U_t=0.3631  U_b=0.5477  AUC=1.0000  Top1=0.9946
  timing: data=19.9ms  fwd=117.6ms  bwd=87.0ms  total=225.2ms
[  95200] loss=4.8202  ema_loss=5.0161  gap=0.6236  ema_gap=0.6192  mixup=56/200  4.2 sps  ETA 0.3h  cpc=0.0555
              R²_rand=0.6710  R²_naive=0.6693  U_t=0.3934  U_b=0.5377  AUC=1.0000  Top1=0.9965
  timing: data=3.4ms  fwd=116.5ms  bwd=86.3ms  total=207.0ms
[  95400] loss=4.7288  ema_loss=4.9841  gap=0.6045  ema_gap=0.6123  mixup=51/200  4.2 sps  ETA 0.3h  cpc=0.0298
              R²_rand=0.6798  R²_naive=0.6673  U_t=0.3822  U_b=0.5592  AUC=1.0000  Top1=0.9981
  timing: data=3.7ms  fwd=118.7ms  bwd=85.1ms  total=208.1ms
[  95600] loss=4.7315  ema_loss=4.9731  gap=0.6216  ema_gap=0.6179  mixup=62/200  4.2 sps  ETA 0.3h  cpc=0.0256
              R²_rand=0.6745  R²_naive=0.6655  U_t=0.3881  U_b=0.5548  AUC=1.0000  Top1=0.9978
  timing: data=3.5ms  fwd=117.2ms  bwd=84.8ms  total=206.2ms
[  95800] loss=4.7522  ema_loss=4.9789  gap=0.6151  ema_gap=0.6194  mixup=62/200  4.2 sps  ETA 0.3h  cpc=0.0429
              R²_rand=0.6834  R²_naive=0.6627  U_t=0.3941  U_b=0.5608  AUC=1.0000  Top1=0.9978
  timing: data=24.3ms  fwd=117.5ms  bwd=84.2ms  total=226.5ms
[  96000] loss=4.8277  ema_loss=4.9754  gap=0.6174  ema_gap=0.6162  mixup=68/200  4.2 sps  ETA 0.3h  cpc=0.0628
              R²_rand=0.6703  R²_naive=0.6624  U_t=0.3963  U_b=0.5447  AUC=1.0000  Top1=0.9976
  timing: data=3.7ms  fwd=116.2ms  bwd=83.4ms  total=204.0ms
[  96200] loss=4.7894  ema_loss=4.9269  gap=0.6056  ema_gap=0.6159  mixup=66/200  4.2 sps  ETA 0.3h  cpc=0.0467
              R²_rand=0.6746  R²_naive=0.6562  U_t=0.3840  U_b=0.5658  AUC=1.0000  Top1=0.9954
  timing: data=3.9ms  fwd=118.9ms  bwd=85.6ms  total=209.1ms
[  96400] loss=4.8780  ema_loss=4.9810  gap=0.6349  ema_gap=0.6186  mixup=57/200  4.2 sps  ETA 0.2h  cpc=0.0706
              R²_rand=0.6631  R²_naive=0.6699  U_t=0.3973  U_b=0.5423  AUC=1.0000  Top1=0.9978
  timing: data=19.7ms  fwd=116.9ms  bwd=85.1ms  total=222.4ms
[  96600] loss=5.1746  ema_loss=4.9528  gap=0.6270  ema_gap=0.6150  mixup=57/200  4.2 sps  ETA 0.2h  cpc=0.1368
              R²_rand=0.6614  R²_naive=0.6669  U_t=0.3755  U_b=0.5439  AUC=1.0000  Top1=0.9981
  timing: data=3.7ms  fwd=119.1ms  bwd=84.9ms  total=208.4ms
[  96800] loss=4.7791  ema_loss=4.9366  gap=0.6020  ema_gap=0.6148  mixup=68/200  4.2 sps  ETA 0.2h  cpc=0.0467
              R²_rand=0.6701  R²_naive=0.6584  U_t=0.3910  U_b=0.5595  AUC=1.0000  Top1=0.9967
  timing: data=3.5ms  fwd=117.2ms  bwd=84.5ms  total=205.9ms
[  97000] loss=4.7650  ema_loss=4.9499  gap=0.6221  ema_gap=0.6185  mixup=69/200  4.2 sps  ETA 0.2h  cpc=0.0449
              R²_rand=0.6779  R²_naive=0.6703  U_t=0.3825  U_b=0.5568  AUC=1.0000  Top1=0.9970
  timing: data=20.9ms  fwd=117.0ms  bwd=86.0ms  total=224.5ms
[  97200] loss=4.9630  ema_loss=4.9639  gap=0.6066  ema_gap=0.6179  mixup=65/200  4.2 sps  ETA 0.2h  cpc=0.0645
              R²_rand=0.6758  R²_naive=0.6597  U_t=0.3754  U_b=0.5617  AUC=0.9999  Top1=0.9921
  timing: data=3.7ms  fwd=118.4ms  bwd=84.7ms  total=207.5ms
[  97400] loss=4.7632  ema_loss=4.9578  gap=0.6320  ema_gap=0.6175  mixup=55/200  4.2 sps  ETA 0.2h  cpc=0.0487
              R²_rand=0.6702  R²_naive=0.6678  U_t=0.3878  U_b=0.5576  AUC=1.0000  Top1=0.9957
  timing: data=3.8ms  fwd=118.5ms  bwd=87.9ms  total=210.9ms
[  97600] loss=4.9226  ema_loss=4.9508  gap=0.6300  ema_gap=0.6174  mixup=62/200  4.2 sps  ETA 0.2h  cpc=0.1035
              R²_rand=0.6641  R²_naive=0.6683  U_t=0.3686  U_b=0.5382  AUC=1.0000  Top1=0.9965
  timing: data=19.9ms  fwd=115.5ms  bwd=83.5ms  total=219.6ms
[  97800] loss=5.2799  ema_loss=5.0168  gap=0.6172  ema_gap=0.6230  mixup=64/200  4.2 sps  ETA 0.1h  cpc=0.1046
              R²_rand=0.6705  R²_naive=0.6640  U_t=0.3788  U_b=0.5476  AUC=0.9999  Top1=0.9883
  timing: data=3.8ms  fwd=117.5ms  bwd=83.5ms  total=205.5ms
[  98000] loss=4.9383  ema_loss=4.9714  gap=0.6368  ema_gap=0.6179  mixup=65/200  4.2 sps  ETA 0.1h  cpc=0.0914
              R²_rand=0.6814  R²_naive=0.6736  U_t=0.3864  U_b=0.5445  AUC=1.0000  Top1=0.9967
  timing: data=3.8ms  fwd=116.7ms  bwd=85.4ms  total=206.5ms
[  98200] loss=4.7707  ema_loss=4.9592  gap=0.6046  ema_gap=0.6114  mixup=45/200  4.2 sps  ETA 0.1h  cpc=0.0461
              R²_rand=0.6681  R²_naive=0.6610  U_t=0.3957  U_b=0.5535  AUC=1.0000  Top1=0.9970
  timing: data=20.3ms  fwd=118.0ms  bwd=85.8ms  total=224.8ms
[  98400] loss=4.7971  ema_loss=4.9533  gap=0.6580  ema_gap=0.6107  mixup=61/200  4.2 sps  ETA 0.1h  cpc=0.0442
              R²_rand=0.6899  R²_naive=0.6848  U_t=0.3553  U_b=0.5492  AUC=1.0000  Top1=0.9992
  timing: data=3.8ms  fwd=117.7ms  bwd=85.4ms  total=207.6ms
[  98600] loss=4.8319  ema_loss=4.9817  gap=0.6276  ema_gap=0.6144  mixup=60/200  4.2 sps  ETA 0.1h  cpc=0.0600
              R²_rand=0.6724  R²_naive=0.6634  U_t=0.3967  U_b=0.5586  AUC=1.0000  Top1=0.9976
  timing: data=3.6ms  fwd=116.5ms  bwd=82.2ms  total=202.8ms
[  98800] loss=4.8558  ema_loss=4.9734  gap=0.6031  ema_gap=0.6089  mixup=66/200  4.2 sps  ETA 0.1h  cpc=0.0719
              R²_rand=0.6693  R²_naive=0.6620  U_t=0.3878  U_b=0.5499  AUC=1.0000  Top1=0.9976
  timing: data=127.5ms  fwd=117.6ms  bwd=83.9ms  total=329.6ms
[  99000] loss=5.1568  ema_loss=4.9760  gap=0.6105  ema_gap=0.6075  mixup=60/200  4.2 sps  ETA 0.1h  cpc=0.1963
              R²_rand=0.6689  R²_naive=0.6623  U_t=0.3976  U_b=0.4874  AUC=1.0000  Top1=0.9967
  timing: data=3.7ms  fwd=117.4ms  bwd=84.7ms  total=206.3ms
[  99200] loss=4.7551  ema_loss=4.9652  gap=0.6024  ema_gap=0.6045  mixup=48/200  4.2 sps  ETA 0.1h  cpc=0.0332
              R²_rand=0.6784  R²_naive=0.6678  U_t=0.3852  U_b=0.5606  AUC=1.0000  Top1=0.9957
  timing: data=4.0ms  fwd=117.3ms  bwd=88.5ms  total=210.5ms
[  99400] loss=4.7903  ema_loss=4.9426  gap=0.6149  ema_gap=0.6077  mixup=55/200  4.2 sps  ETA 0.0h  cpc=0.0509
              R²_rand=0.6731  R²_naive=0.6610  U_t=0.3806  U_b=0.5660  AUC=1.0000  Top1=0.9984
  timing: data=28.9ms  fwd=118.4ms  bwd=87.5ms  total=235.5ms
[  99600] loss=5.0109  ema_loss=4.9828  gap=0.5949  ema_gap=0.6056  mixup=55/200  4.2 sps  ETA 0.0h  cpc=0.0642
              R²_rand=0.6739  R²_naive=0.6545  U_t=0.3835  U_b=0.5622  AUC=1.0000  Top1=0.9932
  timing: data=3.5ms  fwd=116.0ms  bwd=83.9ms  total=204.0ms
[  99800] loss=5.2300  ema_loss=4.9553  gap=0.6152  ema_gap=0.6102  mixup=62/200  4.2 sps  ETA 0.0h  cpc=0.0715
              R²_rand=0.6683  R²_naive=0.6640  U_t=0.3583  U_b=0.5705  AUC=0.9999  Top1=0.9902
  timing: data=3.7ms  fwd=118.7ms  bwd=84.6ms  total=207.7ms
[ 100000] loss=4.7820  ema_loss=4.9507  gap=0.6090  ema_gap=0.6101  mixup=54/200  4.2 sps  ETA 0.0h  cpc=0.0567
              R²_rand=0.6782  R²_naive=0.6637  U_t=0.3946  U_b=0.5581  AUC=1.0000  Top1=0.9976
  timing: data=22.5ms  fwd=118.0ms  bwd=85.3ms  total=226.4ms
  -> Saved /home/jupyter/wt-cf-390-train/experiments/2026-08-01_lalign_teacher/runs/bb_small_arm6_v2_lalign_lrepmoco_enc3l3_b64_200k_sigreg_ema_qk_aon_cpc_tau090_alignteacher_r2_100k.pth
  -> Saved /home/jupyter/wt-cf-390-train/experiments/2026-08-01_lalign_teacher/runs/bb_small_arm6_v2_lalign_lrepmoco_enc3l3_b64_200k_sigreg_ema_qk_aon_cpc_tau090_alignteacher_r2_final.pth

Done in 4.0h. Best gap=0.6423 at step 56600, Best loss=4.9093 at step 88800
