Device: cuda | Params: 724,764
Training for 40000 steps, bs=64, lr=0.001, T=4096, C=1, mix_ratio=0.0078125, freq_emb_dim=3, seasonality_emb_dim=3, mixup_p=0.3, rev_norm_kind=ewma(span=128), patch_stats=none, encoder_type=gru
Checkpoints: /home/jupyter/wt-cf-379-train/experiments/2026-07-21_split_pred_rep_small/runs/bb_small_arm1_nse_split_pred_rep_enc3l3_b64_200k_sigreg_ema_qk_aon_cpc_tau090_*.pth
Loss CSV: /home/jupyter/wt-cf-379-train/experiments/2026-07-21_split_pred_rep_small/runs/bb_small_arm1_nse_split_pred_rep_enc3l3_b64_200k_sigreg_ema_qk_aon_cpc_tau090_losses.csv
Attn-amplitude CSV: /home/jupyter/wt-cf-379-train/experiments/2026-07-21_split_pred_rep_small/runs/bb_small_arm1_nse_split_pred_rep_enc3l3_b64_200k_sigreg_ema_qk_aon_cpc_tau090_attn_amplitude.csv (every 200 steps)
Data: MIX 99% HF + 1% synth (forked-arma) + 0% crossfade + 1 triplet(s)=3 rows, hf_bs=64, synth_bs=0, cross_bs=0, total_bs=67
[    200] loss=19.5494  ema_loss=21.9628  gap=-0.0134  ema_gap=-0.2101  mixup=59/200  4.3 sps  ETA 2.6h  cpc=0.9213
              R²_rand=0.2754  R²_naive=0.3287  U_t=0.4667  U_b=0.6097  AUC=0.9625  Top1=0.3609
  timing: data=37.8ms  fwd=113.8ms  bwd=71.0ms  total=223.2ms
  -> Saved /home/jupyter/wt-cf-379-train/experiments/2026-07-21_split_pred_rep_small/runs/bb_small_arm1_nse_split_pred_rep_enc3l3_b64_200k_sigreg_ema_qk_aon_cpc_tau090_best_gap.pth
  -> Saved /home/jupyter/wt-cf-379-train/experiments/2026-07-21_split_pred_rep_small/runs/bb_small_arm1_nse_split_pred_rep_enc3l3_b64_200k_sigreg_ema_qk_aon_cpc_tau090_best_loss.pth
[    400] loss=18.4453  ema_loss=19.1704  gap=0.2134  ema_gap=0.1024  mixup=67/200  4.6 sps  ETA 2.4h  cpc=0.2778
              R²_rand=0.3401  R²_naive=0.4186  U_t=0.6034  U_b=0.6738  AUC=0.9939  Top1=0.6681
  timing: data=3.8ms  fwd=117.5ms  bwd=72.8ms  total=194.8ms
  -> Saved /home/jupyter/wt-cf-379-train/experiments/2026-07-21_split_pred_rep_small/runs/bb_small_arm1_nse_split_pred_rep_enc3l3_b64_200k_sigreg_ema_qk_aon_cpc_tau090_best_gap.pth
  -> Saved /home/jupyter/wt-cf-379-train/experiments/2026-07-21_split_pred_rep_small/runs/bb_small_arm1_nse_split_pred_rep_enc3l3_b64_200k_sigreg_ema_qk_aon_cpc_tau090_best_loss.pth
[    600] loss=18.2393  ema_loss=18.4836  gap=0.3494  ema_gap=0.2850  mixup=67/200  4.8 sps  ETA 2.3h  cpc=0.1755
              R²_rand=0.3579  R²_naive=0.4530  U_t=0.6512  U_b=0.6901  AUC=0.9976  Top1=0.8054
  timing: data=3.0ms  fwd=107.9ms  bwd=65.7ms  total=177.2ms
  -> Saved /home/jupyter/wt-cf-379-train/experiments/2026-07-21_split_pred_rep_small/runs/bb_small_arm1_nse_split_pred_rep_enc3l3_b64_200k_sigreg_ema_qk_aon_cpc_tau090_best_gap.pth
  -> Saved /home/jupyter/wt-cf-379-train/experiments/2026-07-21_split_pred_rep_small/runs/bb_small_arm1_nse_split_pred_rep_enc3l3_b64_200k_sigreg_ema_qk_aon_cpc_tau090_best_loss.pth
[    800] loss=18.0301  ema_loss=18.2432  gap=0.4282  ema_gap=0.3887  mixup=62/200  4.9 sps  ETA 2.2h  cpc=0.1880
              R²_rand=0.4139  R²_naive=0.4873  U_t=0.6210  U_b=0.7405  AUC=0.9987  Top1=0.9012
  timing: data=9.8ms  fwd=109.4ms  bwd=66.4ms  total=186.1ms
  -> Saved /home/jupyter/wt-cf-379-train/experiments/2026-07-21_split_pred_rep_small/runs/bb_small_arm1_nse_split_pred_rep_enc3l3_b64_200k_sigreg_ema_qk_aon_cpc_tau090_best_gap.pth
  -> Saved /home/jupyter/wt-cf-379-train/experiments/2026-07-21_split_pred_rep_small/runs/bb_small_arm1_nse_split_pred_rep_enc3l3_b64_200k_sigreg_ema_qk_aon_cpc_tau090_best_loss.pth
[   1000] loss=18.4979  ema_loss=18.1414  gap=0.4672  ema_gap=0.4524  mixup=73/200  4.9 sps  ETA 2.2h  cpc=0.2660
              R²_rand=0.4042  R²_naive=0.4771  U_t=0.6857  U_b=0.6522  AUC=0.9996  Top1=0.9433
  timing: data=3.1ms  fwd=108.8ms  bwd=67.1ms  total=179.7ms
  -> Saved /home/jupyter/wt-cf-379-train/experiments/2026-07-21_split_pred_rep_small/runs/bb_small_arm1_nse_split_pred_rep_enc3l3_b64_200k_sigreg_ema_qk_aon_cpc_tau090_best_gap.pth
  -> Saved /home/jupyter/wt-cf-379-train/experiments/2026-07-21_split_pred_rep_small/runs/bb_small_arm1_nse_split_pred_rep_enc3l3_b64_200k_sigreg_ema_qk_aon_cpc_tau090_best_loss.pth
[   1200] loss=17.9899  ema_loss=18.1350  gap=0.5060  ema_gap=0.4956  mixup=62/200  5.0 sps  ETA 2.2h  cpc=0.0737
              R²_rand=0.4338  R²_naive=0.5023  U_t=0.6748  U_b=0.7553  AUC=0.9997  Top1=0.9541
  timing: data=3.1ms  fwd=109.7ms  bwd=65.4ms  total=178.9ms
  -> Saved /home/jupyter/wt-cf-379-train/experiments/2026-07-21_split_pred_rep_small/runs/bb_small_arm1_nse_split_pred_rep_enc3l3_b64_200k_sigreg_ema_qk_aon_cpc_tau090_best_gap.pth
  -> Saved /home/jupyter/wt-cf-379-train/experiments/2026-07-21_split_pred_rep_small/runs/bb_small_arm1_nse_split_pred_rep_enc3l3_b64_200k_sigreg_ema_qk_aon_cpc_tau090_best_loss.pth
[   1400] loss=18.3420  ema_loss=18.1049  gap=0.5344  ema_gap=0.5206  mixup=65/200  5.0 sps  ETA 2.1h  cpc=0.2237
              R²_rand=0.4517  R²_naive=0.5014  U_t=0.6933  U_b=0.6574  AUC=0.9997  Top1=0.9574
  timing: data=10.7ms  fwd=108.0ms  bwd=65.5ms  total=184.8ms
  -> Saved /home/jupyter/wt-cf-379-train/experiments/2026-07-21_split_pred_rep_small/runs/bb_small_arm1_nse_split_pred_rep_enc3l3_b64_200k_sigreg_ema_qk_aon_cpc_tau090_best_gap.pth
  -> Saved /home/jupyter/wt-cf-379-train/experiments/2026-07-21_split_pred_rep_small/runs/bb_small_arm1_nse_split_pred_rep_enc3l3_b64_200k_sigreg_ema_qk_aon_cpc_tau090_best_loss.pth
[   1600] loss=18.2798  ema_loss=18.0521  gap=0.5379  ema_gap=0.5336  mixup=54/200  5.0 sps  ETA 2.1h  cpc=0.1973
              R²_rand=0.4567  R²_naive=0.5040  U_t=0.6748  U_b=0.6763  AUC=0.9998  Top1=0.9712
  timing: data=3.1ms  fwd=109.5ms  bwd=65.5ms  total=178.8ms
  -> Saved /home/jupyter/wt-cf-379-train/experiments/2026-07-21_split_pred_rep_small/runs/bb_small_arm1_nse_split_pred_rep_enc3l3_b64_200k_sigreg_ema_qk_aon_cpc_tau090_best_gap.pth
  -> Saved /home/jupyter/wt-cf-379-train/experiments/2026-07-21_split_pred_rep_small/runs/bb_small_arm1_nse_split_pred_rep_enc3l3_b64_200k_sigreg_ema_qk_aon_cpc_tau090_best_loss.pth
[   1800] loss=17.9813  ema_loss=17.9820  gap=0.5518  ema_gap=0.5414  mixup=48/200  5.1 sps  ETA 2.1h  cpc=0.1049
              R²_rand=0.4611  R²_naive=0.5118  U_t=0.6589  U_b=0.7756  AUC=0.9997  Top1=0.9672
  timing: data=3.0ms  fwd=108.7ms  bwd=65.6ms  total=177.9ms
  -> Saved /home/jupyter/wt-cf-379-train/experiments/2026-07-21_split_pred_rep_small/runs/bb_small_arm1_nse_split_pred_rep_enc3l3_b64_200k_sigreg_ema_qk_aon_cpc_tau090_best_gap.pth
  -> Saved /home/jupyter/wt-cf-379-train/experiments/2026-07-21_split_pred_rep_small/runs/bb_small_arm1_nse_split_pred_rep_enc3l3_b64_200k_sigreg_ema_qk_aon_cpc_tau090_best_loss.pth
[   2000] loss=17.9696  ema_loss=18.0674  gap=0.5276  ema_gap=0.5382  mixup=62/200  5.1 sps  ETA 2.1h  cpc=0.0572
              R²_rand=0.4400  R²_naive=0.4924  U_t=0.7364  U_b=0.7585  AUC=0.9997  Top1=0.9650
  timing: data=10.9ms  fwd=109.4ms  bwd=66.1ms  total=187.0ms
[   2200] loss=18.2541  ema_loss=18.0901  gap=0.5221  ema_gap=0.5355  mixup=58/200  5.1 sps  ETA 2.1h  cpc=0.0672
              R²_rand=0.4328  R²_naive=0.4841  U_t=0.6400  U_b=0.7629  AUC=0.9997  Top1=0.9612
  timing: data=3.1ms  fwd=108.9ms  bwd=65.5ms  total=178.1ms
[   2400] loss=18.0501  ema_loss=18.1491  gap=0.5375  ema_gap=0.5331  mixup=62/200  5.1 sps  ETA 2.0h  cpc=0.0638
              R²_rand=0.4355  R²_naive=0.4987  U_t=0.6900  U_b=0.7702  AUC=0.9998  Top1=0.9707
  timing: data=3.1ms  fwd=109.7ms  bwd=67.0ms  total=180.4ms
  -> Saved /home/jupyter/wt-cf-379-train/experiments/2026-07-21_split_pred_rep_small/runs/bb_small_arm1_nse_split_pred_rep_enc3l3_b64_200k_sigreg_ema_qk_aon_cpc_tau090_2k.pth
[   2600] loss=17.9362  ema_loss=18.1168  gap=0.5493  ema_gap=0.5336  mixup=51/200  5.1 sps  ETA 2.0h  cpc=0.0592
              R²_rand=0.4507  R²_naive=0.5035  U_t=0.7097  U_b=0.7857  AUC=0.9998  Top1=0.9691
  timing: data=10.5ms  fwd=108.4ms  bwd=66.2ms  total=185.7ms
[   2800] loss=18.2950  ema_loss=18.0081  gap=0.5429  ema_gap=0.5385  mixup=43/200  5.1 sps  ETA 2.0h  cpc=0.1998
              R²_rand=0.4595  R²_naive=0.5040  U_t=0.7353  U_b=0.6656  AUC=0.9998  Top1=0.9731
  timing: data=3.1ms  fwd=110.6ms  bwd=66.5ms  total=180.8ms
[   3000] loss=18.3337  ema_loss=18.0278  gap=0.5402  ema_gap=0.5417  mixup=57/200  5.1 sps  ETA 2.0h  cpc=0.2154
              R²_rand=0.4456  R²_naive=0.4968  U_t=0.7390  U_b=0.6562  AUC=0.9998  Top1=0.9715
  timing: data=3.1ms  fwd=110.6ms  bwd=69.6ms  total=184.0ms
  -> Saved /home/jupyter/wt-cf-379-train/experiments/2026-07-21_split_pred_rep_small/runs/bb_small_arm1_nse_split_pred_rep_enc3l3_b64_200k_sigreg_ema_qk_aon_cpc_tau090_best_gap.pth
[   3200] loss=18.1270  ema_loss=18.0772  gap=0.5168  ema_gap=0.5314  mixup=69/200  5.1 sps  ETA 2.0h  cpc=0.0831
              R²_rand=0.4317  R²_naive=0.4859  U_t=0.6836  U_b=0.7761  AUC=0.9997  Top1=0.9598
  timing: data=13.2ms  fwd=111.1ms  bwd=69.1ms  total=194.1ms
[   3400] loss=18.0150  ema_loss=18.0709  gap=0.5283  ema_gap=0.5276  mixup=51/200  5.1 sps  ETA 2.0h  cpc=0.0731
              R²_rand=0.4392  R²_naive=0.4886  U_t=0.6691  U_b=0.7822  AUC=0.9997  Top1=0.9664
  timing: data=3.2ms  fwd=109.4ms  bwd=68.0ms  total=181.2ms
[   3600] loss=18.0882  ema_loss=18.1498  gap=0.5034  ema_gap=0.5205  mixup=69/200  5.1 sps  ETA 2.0h  cpc=0.0495
              R²_rand=0.4207  R²_naive=0.4719  U_t=0.6988  U_b=0.7638  AUC=0.9997  Top1=0.9585
  timing: data=3.1ms  fwd=110.9ms  bwd=68.5ms  total=183.1ms
[   3800] loss=18.0610  ema_loss=18.1248  gap=0.5202  ema_gap=0.5175  mixup=61/200  5.1 sps  ETA 2.0h  cpc=0.0546
              R²_rand=0.4372  R²_naive=0.4812  U_t=0.6949  U_b=0.7820  AUC=0.9998  Top1=0.9677
  timing: data=11.8ms  fwd=108.5ms  bwd=66.8ms  total=187.7ms
[   4000] loss=17.9572  ema_loss=18.1195  gap=0.5090  ema_gap=0.5117  mixup=60/200  5.1 sps  ETA 2.0h  cpc=0.0417
              R²_rand=0.4472  R²_naive=0.4828  U_t=0.7615  U_b=0.7743  AUC=0.9998  Top1=0.9704
  timing: data=3.5ms  fwd=109.6ms  bwd=69.5ms  total=183.2ms
[   4200] loss=18.1358  ema_loss=18.1392  gap=0.5255  ema_gap=0.5156  mixup=70/200  5.1 sps  ETA 1.9h  cpc=0.0776
              R²_rand=0.4243  R²_naive=0.4870  U_t=0.7090  U_b=0.7635  AUC=0.9997  Top1=0.9666
  timing: data=3.4ms  fwd=111.2ms  bwd=67.9ms  total=183.1ms
[   4400] loss=17.9297  ema_loss=18.0854  gap=0.5251  ema_gap=0.5165  mixup=58/200  5.1 sps  ETA 1.9h  cpc=0.0614
              R²_rand=0.4361  R²_naive=0.4890  U_t=0.6870  U_b=0.7783  AUC=0.9997  Top1=0.9674
  timing: data=15.6ms  fwd=107.9ms  bwd=66.0ms  total=190.1ms
[   4600] loss=18.0223  ema_loss=18.0913  gap=0.5110  ema_gap=0.5137  mixup=56/200  5.1 sps  ETA 1.9h  cpc=0.0610
              R²_rand=0.4454  R²_naive=0.4787  U_t=0.7427  U_b=0.7575  AUC=0.9998  Top1=0.9691
  timing: data=3.1ms  fwd=110.2ms  bwd=67.9ms  total=181.8ms
[   4800] loss=18.4329  ema_loss=18.1323  gap=0.4831  ema_gap=0.5097  mixup=58/200  5.1 sps  ETA 1.9h  cpc=0.1638
              R²_rand=0.4024  R²_naive=0.4587  U_t=0.6985  U_b=0.6400  AUC=0.9997  Top1=0.9560
  timing: data=3.1ms  fwd=109.8ms  bwd=67.2ms  total=180.7ms
[   5000] loss=18.0893  ema_loss=18.1091  gap=0.5232  ema_gap=0.5116  mixup=58/200  5.1 sps  ETA 1.9h  cpc=0.0911
              R²_rand=0.4385  R²_naive=0.4801  U_t=0.6506  U_b=0.7745  AUC=0.9997  Top1=0.9628
  timing: data=10.4ms  fwd=110.7ms  bwd=66.9ms  total=188.6ms
[   5200] loss=17.9789  ema_loss=18.0710  gap=0.5137  ema_gap=0.5132  mixup=64/200  5.1 sps  ETA 1.9h  cpc=0.0578
              R²_rand=0.4373  R²_naive=0.4826  U_t=0.7446  U_b=0.7853  AUC=0.9997  Top1=0.9712
  timing: data=3.3ms  fwd=110.0ms  bwd=68.6ms  total=182.6ms
[   5400] loss=18.0879  ema_loss=18.0710  gap=0.5031  ema_gap=0.5136  mixup=50/200  5.1 sps  ETA 1.9h  cpc=0.0715
              R²_rand=0.4235  R²_naive=0.4698  U_t=0.7200  U_b=0.7690  AUC=0.9998  Top1=0.9658
  timing: data=3.1ms  fwd=110.4ms  bwd=70.6ms  total=184.8ms
[   5600] loss=18.1239  ema_loss=18.0886  gap=0.5234  ema_gap=0.5046  mixup=59/200  5.1 sps  ETA 1.9h  cpc=0.0963
              R²_rand=0.4294  R²_naive=0.4837  U_t=0.6863  U_b=0.7113  AUC=0.9998  Top1=0.9767
  timing: data=3.1ms  fwd=109.6ms  bwd=66.6ms  total=180.0ms
[   5800] loss=18.0005  ema_loss=18.0875  gap=0.5088  ema_gap=0.5001  mixup=57/200  5.1 sps  ETA 1.9h  cpc=0.0652
              R²_rand=0.4393  R²_naive=0.4766  U_t=0.7216  U_b=0.7699  AUC=0.9998  Top1=0.9680
  timing: data=10.5ms  fwd=110.2ms  bwd=67.5ms  total=188.9ms
[   6000] loss=17.9579  ema_loss=18.0720  gap=0.5117  ema_gap=0.5050  mixup=57/200  5.1 sps  ETA 1.8h  cpc=0.0446
              R²_rand=0.4371  R²_naive=0.4754  U_t=0.7112  U_b=0.7733  AUC=0.9998  Top1=0.9691
  timing: data=3.0ms  fwd=108.7ms  bwd=66.5ms  total=178.8ms
[   6200] loss=17.9930  ema_loss=18.0610  gap=0.4936  ema_gap=0.5025  mixup=47/200  5.1 sps  ETA 1.8h  cpc=0.0405
              R²_rand=0.4310  R²_naive=0.4661  U_t=0.6989  U_b=0.7819  AUC=0.9997  Top1=0.9631
  timing: data=3.0ms  fwd=110.3ms  bwd=67.2ms  total=181.1ms
[   6400] loss=18.2623  ema_loss=18.1108  gap=0.4832  ema_gap=0.4981  mixup=68/200  5.1 sps  ETA 1.8h  cpc=0.0877
              R²_rand=0.4278  R²_naive=0.4533  U_t=0.5994  U_b=0.7731  AUC=0.9994  Top1=0.9313
  timing: data=11.3ms  fwd=107.3ms  bwd=66.0ms  total=185.2ms
[   6600] loss=18.0971  ema_loss=18.1283  gap=0.4850  ema_gap=0.4939  mixup=67/200  5.1 sps  ETA 1.8h  cpc=0.0733
              R²_rand=0.4236  R²_naive=0.4637  U_t=0.7445  U_b=0.7564  AUC=0.9997  Top1=0.9642
  timing: data=2.8ms  fwd=110.2ms  bwd=66.0ms  total=179.6ms
[   6800] loss=18.0323  ema_loss=18.1207  gap=0.4883  ema_gap=0.4906  mixup=63/200  5.1 sps  ETA 1.8h  cpc=0.0573
              R²_rand=0.4285  R²_naive=0.4614  U_t=0.6905  U_b=0.7602  AUC=0.9996  Top1=0.9563
  timing: data=2.9ms  fwd=109.1ms  bwd=65.9ms  total=178.4ms
[   7000] loss=18.2058  ema_loss=18.1673  gap=0.4919  ema_gap=0.4800  mixup=75/200  5.1 sps  ETA 1.8h  cpc=0.0660
              R²_rand=0.4163  R²_naive=0.4561  U_t=0.6874  U_b=0.7642  AUC=0.9997  Top1=0.9574
  timing: data=14.5ms  fwd=109.2ms  bwd=65.2ms  total=189.5ms
[   7200] loss=18.1319  ema_loss=18.1679  gap=0.4748  ema_gap=0.4768  mixup=72/200  5.1 sps  ETA 1.8h  cpc=0.0639
              R²_rand=0.4157  R²_naive=0.4469  U_t=0.7217  U_b=0.7673  AUC=0.9997  Top1=0.9522
  timing: data=3.1ms  fwd=109.2ms  bwd=66.0ms  total=179.0ms
[   7400] loss=17.9898  ema_loss=18.0834  gap=0.4783  ema_gap=0.4788  mixup=57/200  5.1 sps  ETA 1.8h  cpc=0.0428
              R²_rand=0.4328  R²_naive=0.4589  U_t=0.7686  U_b=0.7893  AUC=0.9998  Top1=0.9664
  timing: data=3.2ms  fwd=110.7ms  bwd=66.1ms  total=180.5ms
[   7600] loss=17.9702  ema_loss=18.1257  gap=0.4765  ema_gap=0.4760  mixup=61/200  5.1 sps  ETA 1.8h  cpc=0.0363
              R²_rand=0.4034  R²_naive=0.4505  U_t=0.7398  U_b=0.7796  AUC=0.9998  Top1=0.9701
  timing: data=10.2ms  fwd=107.5ms  bwd=66.1ms  total=184.5ms
[   7800] loss=18.2084  ema_loss=18.1263  gap=0.4491  ema_gap=0.4750  mixup=63/200  5.1 sps  ETA 1.7h  cpc=0.0539
              R²_rand=0.3911  R²_naive=0.4312  U_t=0.7378  U_b=0.7542  AUC=0.9997  Top1=0.9533
  timing: data=2.9ms  fwd=110.0ms  bwd=66.0ms  total=179.5ms
[   8000] loss=18.1074  ema_loss=18.1022  gap=0.4870  ema_gap=0.4799  mixup=58/200  5.1 sps  ETA 1.7h  cpc=0.0962
              R²_rand=0.4164  R²_naive=0.4577  U_t=0.6794  U_b=0.7633  AUC=0.9997  Top1=0.9634
  timing: data=2.9ms  fwd=109.2ms  bwd=66.6ms  total=179.2ms
[   8200] loss=18.4213  ema_loss=18.1477  gap=0.4727  ema_gap=0.4794  mixup=62/200  5.1 sps  ETA 1.7h  cpc=0.1563
              R²_rand=0.3957  R²_naive=0.4424  U_t=0.7496  U_b=0.6874  AUC=0.9996  Top1=0.9588
  timing: data=47.1ms  fwd=110.4ms  bwd=68.5ms  total=226.6ms
[   8400] loss=18.1299  ema_loss=18.1860  gap=0.4877  ema_gap=0.4770  mixup=62/200  5.1 sps  ETA 1.7h  cpc=0.0608
              R²_rand=0.4192  R²_naive=0.4528  U_t=0.6884  U_b=0.7554  AUC=0.9996  Top1=0.9598
  timing: data=3.3ms  fwd=110.9ms  bwd=69.1ms  total=183.9ms
[   8600] loss=18.0737  ema_loss=18.1139  gap=0.4750  ema_gap=0.4852  mixup=51/200  5.1 sps  ETA 1.7h  cpc=0.0523
              R²_rand=0.4209  R²_naive=0.4519  U_t=0.7424  U_b=0.7744  AUC=0.9997  Top1=0.9647
  timing: data=3.1ms  fwd=110.6ms  bwd=68.5ms  total=182.9ms
[   8800] loss=18.2389  ema_loss=18.1518  gap=0.4624  ema_gap=0.4830  mixup=54/200  5.1 sps  ETA 1.7h  cpc=0.0586
              R²_rand=0.3988  R²_naive=0.4359  U_t=0.7607  U_b=0.7566  AUC=0.9996  Top1=0.9560
  timing: data=10.2ms  fwd=109.1ms  bwd=66.6ms  total=186.4ms
[   9000] loss=18.3043  ema_loss=18.1921  gap=0.4775  ema_gap=0.4806  mixup=74/200  5.1 sps  ETA 1.7h  cpc=0.1400
              R²_rand=0.4176  R²_naive=0.4507  U_t=0.7238  U_b=0.6823  AUC=0.9997  Top1=0.9604
  timing: data=3.0ms  fwd=109.7ms  bwd=66.4ms  total=179.8ms
[   9200] loss=17.9898  ema_loss=18.1746  gap=0.5051  ema_gap=0.4859  mixup=52/200  5.1 sps  ETA 1.7h  cpc=0.0511
              R²_rand=0.4239  R²_naive=0.4684  U_t=0.7041  U_b=0.7682  AUC=0.9998  Top1=0.9761
  timing: data=2.9ms  fwd=108.2ms  bwd=65.8ms  total=177.5ms
[   9400] loss=18.3643  ema_loss=18.1904  gap=0.4680  ema_gap=0.4818  mixup=58/200  5.1 sps  ETA 1.7h  cpc=0.1538
              R²_rand=0.3920  R²_naive=0.4445  U_t=0.7434  U_b=0.6714  AUC=0.9997  Top1=0.9598
  timing: data=12.2ms  fwd=109.6ms  bwd=66.2ms  total=188.6ms
[   9600] loss=18.5138  ema_loss=18.2218  gap=0.4658  ema_gap=0.4815  mixup=53/200  5.1 sps  ETA 1.6h  cpc=0.0862
              R²_rand=0.3989  R²_naive=0.4370  U_t=0.6965  U_b=0.7491  AUC=0.9995  Top1=0.9506
  timing: data=3.2ms  fwd=108.6ms  bwd=65.8ms  total=178.1ms
[   9800] loss=18.2693  ema_loss=18.2289  gap=0.4687  ema_gap=0.4775  mixup=56/200  5.1 sps  ETA 1.6h  cpc=0.0662
              R²_rand=0.4232  R²_naive=0.4411  U_t=0.7131  U_b=0.7723  AUC=0.9997  Top1=0.9571
  timing: data=3.0ms  fwd=110.3ms  bwd=67.2ms  total=181.2ms
[  10000] loss=18.3888  ema_loss=18.2313  gap=0.4786  ema_gap=0.4780  mixup=62/200  5.1 sps  ETA 1.6h  cpc=0.1510
              R²_rand=0.4084  R²_naive=0.4445  U_t=0.6987  U_b=0.6957  AUC=0.9998  Top1=0.9677
  timing: data=11.6ms  fwd=108.4ms  bwd=67.4ms  total=188.0ms
  -> Saved /home/jupyter/wt-cf-379-train/experiments/2026-07-21_split_pred_rep_small/runs/bb_small_arm1_nse_split_pred_rep_enc3l3_b64_200k_sigreg_ema_qk_aon_cpc_tau090_10k.pth
[  10200] loss=18.1785  ema_loss=18.2442  gap=0.4702  ema_gap=0.4790  mixup=53/200  5.1 sps  ETA 1.6h  cpc=0.0523
              R²_rand=0.4112  R²_naive=0.4359  U_t=0.7227  U_b=0.7648  AUC=0.9997  Top1=0.9631
  timing: data=3.2ms  fwd=109.8ms  bwd=67.8ms  total=181.5ms
[  10400] loss=18.3417  ema_loss=18.2586  gap=0.4745  ema_gap=0.4786  mixup=61/200  5.1 sps  ETA 1.6h  cpc=0.1088
              R²_rand=0.4077  R²_naive=0.4407  U_t=0.7722  U_b=0.6984  AUC=0.9997  Top1=0.9636
  timing: data=3.2ms  fwd=109.8ms  bwd=69.5ms  total=183.2ms
[  10600] loss=18.2313  ema_loss=18.3076  gap=0.4666  ema_gap=0.4698  mixup=68/200  5.1 sps  ETA 1.6h  cpc=0.0492
              R²_rand=0.4026  R²_naive=0.4283  U_t=0.7193  U_b=0.7717  AUC=0.9996  Top1=0.9574
  timing: data=3.3ms  fwd=111.9ms  bwd=70.7ms  total=186.5ms
[  10800] loss=18.5512  ema_loss=18.2701  gap=0.4629  ema_gap=0.4681  mixup=58/200  5.1 sps  ETA 1.6h  cpc=0.1967
              R²_rand=0.3865  R²_naive=0.4311  U_t=0.7341  U_b=0.6586  AUC=0.9997  Top1=0.9639
  timing: data=10.6ms  fwd=108.3ms  bwd=68.9ms  total=188.4ms
[  11000] loss=18.5168  ema_loss=18.2705  gap=0.4648  ema_gap=0.4638  mixup=65/200  5.1 sps  ETA 1.6h  cpc=0.1945
              R²_rand=0.4234  R²_naive=0.4322  U_t=0.7116  U_b=0.6741  AUC=0.9997  Top1=0.9688
  timing: data=3.2ms  fwd=109.5ms  bwd=65.5ms  total=178.9ms
[  11200] loss=18.2884  ema_loss=18.2520  gap=0.4634  ema_gap=0.4664  mixup=61/200  5.1 sps  ETA 1.6h  cpc=0.0930
              R²_rand=0.4026  R²_naive=0.4303  U_t=0.6990  U_b=0.7473  AUC=0.9997  Top1=0.9558
  timing: data=3.2ms  fwd=109.7ms  bwd=65.8ms  total=179.2ms
[  11400] loss=18.3189  ema_loss=18.2659  gap=0.4615  ema_gap=0.4643  mixup=67/200  5.1 sps  ETA 1.5h  cpc=0.1002
              R²_rand=0.4132  R²_naive=0.4273  U_t=0.6956  U_b=0.7556  AUC=0.9993  Top1=0.9446
  timing: data=10.3ms  fwd=107.6ms  bwd=65.7ms  total=184.1ms
[  11600] loss=18.0761  ema_loss=18.2323  gap=0.4737  ema_gap=0.4664  mixup=50/200  5.1 sps  ETA 1.5h  cpc=0.0320
              R²_rand=0.4174  R²_naive=0.4410  U_t=0.7940  U_b=0.7872  AUC=0.9999  Top1=0.9764
  timing: data=2.9ms  fwd=110.1ms  bwd=66.1ms  total=179.7ms
[  11800] loss=18.3030  ema_loss=18.3075  gap=0.4569  ema_gap=0.4602  mixup=62/200  5.1 sps  ETA 1.5h  cpc=0.0804
              R²_rand=0.3890  R²_naive=0.4272  U_t=0.7355  U_b=0.7530  AUC=0.9997  Top1=0.9574
  timing: data=3.1ms  fwd=109.5ms  bwd=65.7ms  total=178.9ms
[  12000] loss=18.6403  ema_loss=18.2860  gap=0.4475  ema_gap=0.4615  mixup=58/200  5.1 sps  ETA 1.5h  cpc=0.2584
              R²_rand=0.3970  R²_naive=0.4235  U_t=0.7464  U_b=0.6272  AUC=0.9997  Top1=0.9688
  timing: data=10.6ms  fwd=108.0ms  bwd=65.8ms  total=185.1ms
[  12200] loss=18.2989  ema_loss=18.2872  gap=0.4496  ema_gap=0.4630  mixup=63/200  5.1 sps  ETA 1.5h  cpc=0.1183
              R²_rand=0.4020  R²_naive=0.4179  U_t=0.6849  U_b=0.7454  AUC=0.9994  Top1=0.9498
  timing: data=3.2ms  fwd=109.7ms  bwd=66.1ms  total=179.6ms
[  12400] loss=18.1382  ema_loss=18.2773  gap=0.4729  ema_gap=0.4600  mixup=54/200  5.1 sps  ETA 1.5h  cpc=0.0566
              R²_rand=0.4215  R²_naive=0.4421  U_t=0.7299  U_b=0.7770  AUC=0.9997  Top1=0.9685
  timing: data=3.2ms  fwd=110.2ms  bwd=65.9ms  total=179.8ms
[  12600] loss=18.1748  ema_loss=18.2744  gap=0.4510  ema_gap=0.4589  mixup=56/200  5.1 sps  ETA 1.5h  cpc=0.0664
              R²_rand=0.3896  R²_naive=0.4222  U_t=0.7311  U_b=0.7595  AUC=0.9996  Top1=0.9634
  timing: data=9.9ms  fwd=108.7ms  bwd=65.9ms  total=185.1ms
[  12800] loss=18.2164  ema_loss=18.3244  gap=0.4606  ema_gap=0.4560  mixup=70/200  5.1 sps  ETA 1.5h  cpc=0.0466
              R²_rand=0.4053  R²_naive=0.4294  U_t=0.7015  U_b=0.7702  AUC=0.9997  Top1=0.9585
  timing: data=3.2ms  fwd=111.9ms  bwd=67.6ms  total=183.3ms
[  13000] loss=18.3691  ema_loss=18.3389  gap=0.4623  ema_gap=0.4529  mixup=52/200  5.1 sps  ETA 1.5h  cpc=0.1045
              R²_rand=0.3972  R²_naive=0.4298  U_t=0.7708  U_b=0.7246  AUC=0.9997  Top1=0.9661
  timing: data=2.9ms  fwd=109.2ms  bwd=65.9ms  total=178.7ms
[  13200] loss=18.2837  ema_loss=18.3370  gap=0.4432  ema_gap=0.4549  mixup=52/200  5.1 sps  ETA 1.4h  cpc=0.0798
              R²_rand=0.3890  R²_naive=0.4179  U_t=0.7405  U_b=0.7451  AUC=0.9997  Top1=0.9620
  timing: data=10.8ms  fwd=108.8ms  bwd=66.0ms  total=186.1ms
[  13400] loss=18.5442  ema_loss=18.3741  gap=0.4967  ema_gap=0.4565  mixup=63/200  5.1 sps  ETA 1.4h  cpc=0.2095
              R²_rand=0.4115  R²_naive=0.4556  U_t=0.6494  U_b=0.6490  AUC=0.9997  Top1=0.9642
  timing: data=3.0ms  fwd=109.9ms  bwd=67.1ms  total=180.5ms
[  13600] loss=18.2318  ema_loss=18.3345  gap=0.4638  ema_gap=0.4591  mixup=53/200  5.1 sps  ETA 1.4h  cpc=0.0328
              R²_rand=0.3962  R²_naive=0.4288  U_t=0.7294  U_b=0.7823  AUC=0.9997  Top1=0.9666
  timing: data=2.9ms  fwd=110.0ms  bwd=65.9ms  total=179.3ms
[  13800] loss=18.2278  ema_loss=18.3960  gap=0.4748  ema_gap=0.4572  mixup=69/200  5.1 sps  ETA 1.4h  cpc=0.0537
              R²_rand=0.4026  R²_naive=0.4340  U_t=0.7522  U_b=0.7702  AUC=0.9998  Top1=0.9693
  timing: data=10.7ms  fwd=108.6ms  bwd=65.8ms  total=185.8ms
[  14000] loss=18.2320  ema_loss=18.3878  gap=0.4645  ema_gap=0.4577  mixup=66/200  5.1 sps  ETA 1.4h  cpc=0.0655
              R²_rand=0.3972  R²_naive=0.4313  U_t=0.7470  U_b=0.7603  AUC=0.9998  Top1=0.9761
  timing: data=3.4ms  fwd=110.9ms  bwd=68.8ms  total=183.7ms
[  14200] loss=18.2575  ema_loss=18.3452  gap=0.4763  ema_gap=0.4626  mixup=57/200  5.1 sps  ETA 1.4h  cpc=0.0710
              R²_rand=0.3955  R²_naive=0.4360  U_t=0.7152  U_b=0.7451  AUC=0.9997  Top1=0.9626
  timing: data=3.1ms  fwd=110.6ms  bwd=70.4ms  total=184.7ms
[  14400] loss=18.2736  ema_loss=18.3741  gap=0.4579  ema_gap=0.4587  mixup=65/200  5.1 sps  ETA 1.4h  cpc=0.0707
              R²_rand=0.3881  R²_naive=0.4274  U_t=0.7024  U_b=0.7521  AUC=0.9998  Top1=0.9712
  timing: data=10.4ms  fwd=111.0ms  bwd=70.9ms  total=192.9ms
[  14600] loss=18.3457  ema_loss=18.4138  gap=0.4710  ema_gap=0.4526  mixup=62/200  5.1 sps  ETA 1.4h  cpc=0.0743
              R²_rand=0.3998  R²_naive=0.4299  U_t=0.7145  U_b=0.7640  AUC=0.9998  Top1=0.9666
  timing: data=3.2ms  fwd=110.2ms  bwd=71.0ms  total=185.0ms
[  14800] loss=18.4911  ema_loss=18.3736  gap=0.4528  ema_gap=0.4617  mixup=63/200  5.1 sps  ETA 1.4h  cpc=0.1455
              R²_rand=0.3848  R²_naive=0.4242  U_t=0.7470  U_b=0.6757  AUC=0.9997  Top1=0.9664
  timing: data=3.1ms  fwd=112.1ms  bwd=71.0ms  total=186.9ms
[  15000] loss=18.3057  ema_loss=18.2854  gap=0.4822  ema_gap=0.4697  mixup=44/200  5.1 sps  ETA 1.4h  cpc=0.0889
              R²_rand=0.4097  R²_naive=0.4395  U_t=0.7111  U_b=0.7657  AUC=0.9997  Top1=0.9669
  timing: data=10.4ms  fwd=109.9ms  bwd=71.0ms  total=191.9ms
[  15200] loss=18.3506  ema_loss=18.3336  gap=0.4548  ema_gap=0.4688  mixup=59/200  5.1 sps  ETA 1.3h  cpc=0.0940
              R²_rand=0.3844  R²_naive=0.4216  U_t=0.7541  U_b=0.7378  AUC=0.9996  Top1=0.9569
  timing: data=3.3ms  fwd=111.9ms  bwd=70.4ms  total=186.4ms
[  15400] loss=18.2273  ema_loss=18.3731  gap=0.4770  ema_gap=0.4681  mixup=67/200  5.1 sps  ETA 1.3h  cpc=0.0560
              R²_rand=0.4154  R²_naive=0.4391  U_t=0.7463  U_b=0.7675  AUC=0.9998  Top1=0.9772
  timing: data=3.3ms  fwd=109.4ms  bwd=70.2ms  total=183.6ms
[  15600] loss=18.3312  ema_loss=18.3446  gap=0.4516  ema_gap=0.4684  mixup=60/200  5.1 sps  ETA 1.3h  cpc=0.0543
              R²_rand=0.3790  R²_naive=0.4195  U_t=0.7558  U_b=0.7521  AUC=0.9997  Top1=0.9655
  timing: data=3.0ms  fwd=110.7ms  bwd=71.2ms  total=185.6ms
[  15800] loss=18.2882  ema_loss=18.3499  gap=0.4692  ema_gap=0.4654  mixup=46/200  5.1 sps  ETA 1.3h  cpc=0.0652
              R²_rand=0.4047  R²_naive=0.4302  U_t=0.7499  U_b=0.7568  AUC=0.9997  Top1=0.9691
  timing: data=10.5ms  fwd=109.8ms  bwd=70.9ms  total=192.0ms
[  16000] loss=18.3094  ema_loss=18.3913  gap=0.4543  ema_gap=0.4604  mixup=62/200  5.1 sps  ETA 1.3h  cpc=0.0555
              R²_rand=0.3832  R²_naive=0.4233  U_t=0.7660  U_b=0.7575  AUC=0.9998  Top1=0.9707
  timing: data=3.2ms  fwd=111.2ms  bwd=67.9ms  total=182.9ms
[  16200] loss=18.2621  ema_loss=18.3775  gap=0.4495  ema_gap=0.4585  mixup=66/200  5.1 sps  ETA 1.3h  cpc=0.0489
              R²_rand=0.3910  R²_naive=0.4176  U_t=0.6886  U_b=0.7581  AUC=0.9997  Top1=0.9693
  timing: data=3.1ms  fwd=108.4ms  bwd=65.4ms  total=177.6ms
[  16400] loss=18.3480  ema_loss=18.3775  gap=0.4598  ema_gap=0.4605  mixup=70/200  5.1 sps  ETA 1.3h  cpc=0.0826
              R²_rand=0.4054  R²_naive=0.4238  U_t=0.7493  U_b=0.7453  AUC=0.9998  Top1=0.9718
  timing: data=10.6ms  fwd=110.1ms  bwd=67.1ms  total=188.5ms
[  16600] loss=18.4162  ema_loss=18.3318  gap=0.4642  ema_gap=0.4652  mixup=57/200  5.1 sps  ETA 1.3h  cpc=0.1149
              R²_rand=0.4126  R²_naive=0.4299  U_t=0.7135  U_b=0.7320  AUC=0.9997  Top1=0.9691
  timing: data=3.1ms  fwd=109.6ms  bwd=70.0ms  total=183.4ms
[  16800] loss=18.3032  ema_loss=18.3452  gap=0.4595  ema_gap=0.4647  mixup=56/200  5.1 sps  ETA 1.3h  cpc=0.0877
              R²_rand=0.4157  R²_naive=0.4278  U_t=0.7035  U_b=0.7508  AUC=0.9997  Top1=0.9672
  timing: data=3.5ms  fwd=109.9ms  bwd=67.9ms  total=181.9ms
[  17000] loss=18.3561  ema_loss=18.3673  gap=0.4506  ema_gap=0.4566  mixup=64/200  5.1 sps  ETA 1.2h  cpc=0.0755
              R²_rand=0.3901  R²_naive=0.4237  U_t=0.7337  U_b=0.7519  AUC=0.9998  Top1=0.9664
  timing: data=10.7ms  fwd=108.6ms  bwd=67.2ms  total=187.1ms
[  17200] loss=18.1039  ema_loss=18.3597  gap=0.4668  ema_gap=0.4585  mixup=56/200  5.1 sps  ETA 1.2h  cpc=0.0265
              R²_rand=0.4142  R²_naive=0.4332  U_t=0.7313  U_b=0.7796  AUC=0.9998  Top1=0.9756
  timing: data=3.3ms  fwd=110.0ms  bwd=66.9ms  total=180.7ms
[  17400] loss=18.3205  ema_loss=18.3899  gap=0.4649  ema_gap=0.4617  mixup=64/200  5.1 sps  ETA 1.2h  cpc=0.0439
              R²_rand=0.3857  R²_naive=0.4233  U_t=0.7424  U_b=0.7618  AUC=0.9997  Top1=0.9682
  timing: data=3.3ms  fwd=108.5ms  bwd=66.1ms  total=178.5ms
[  17600] loss=18.1983  ema_loss=18.3733  gap=0.4650  ema_gap=0.4671  mixup=62/200  5.1 sps  ETA 1.2h  cpc=0.0643
              R²_rand=0.4122  R²_naive=0.4278  U_t=0.6880  U_b=0.7682  AUC=0.9997  Top1=0.9672
  timing: data=10.3ms  fwd=109.8ms  bwd=65.8ms  total=186.4ms
[  17800] loss=18.2745  ema_loss=18.3241  gap=0.4626  ema_gap=0.4669  mixup=54/200  5.1 sps  ETA 1.2h  cpc=0.0620
              R²_rand=0.3985  R²_naive=0.4298  U_t=0.7512  U_b=0.7522  AUC=0.9998  Top1=0.9712
  timing: data=3.2ms  fwd=110.3ms  bwd=67.7ms  total=181.8ms
[  18000] loss=18.6057  ema_loss=18.3391  gap=0.4477  ema_gap=0.4666  mixup=60/200  5.1 sps  ETA 1.2h  cpc=0.1647
              R²_rand=0.3935  R²_naive=0.4209  U_t=0.7466  U_b=0.6767  AUC=0.9997  Top1=0.9682
  timing: data=3.1ms  fwd=110.3ms  bwd=66.9ms  total=180.9ms
[  18200] loss=18.3328  ema_loss=18.3396  gap=0.4497  ema_gap=0.4667  mixup=51/200  5.1 sps  ETA 1.2h  cpc=0.0790
              R²_rand=0.3844  R²_naive=0.4224  U_t=0.7387  U_b=0.7391  AUC=0.9997  Top1=0.9628
  timing: data=9.6ms  fwd=108.3ms  bwd=68.6ms  total=187.1ms
[  18400] loss=18.3313  ema_loss=18.3785  gap=0.4576  ema_gap=0.4571  mixup=58/200  5.1 sps  ETA 1.2h  cpc=0.0660
              R²_rand=0.3935  R²_naive=0.4216  U_t=0.7286  U_b=0.7510  AUC=0.9998  Top1=0.9720
  timing: data=3.1ms  fwd=111.6ms  bwd=70.1ms  total=185.5ms
[  18600] loss=18.2230  ema_loss=18.4096  gap=0.4721  ema_gap=0.4582  mixup=63/200  5.1 sps  ETA 1.2h  cpc=0.0479
              R²_rand=0.4076  R²_naive=0.4347  U_t=0.7160  U_b=0.7642  AUC=0.9997  Top1=0.9688
  timing: data=3.1ms  fwd=109.8ms  bwd=67.5ms  total=181.0ms
[  18800] loss=18.3429  ema_loss=18.4403  gap=0.4794  ema_gap=0.4570  mixup=61/200  5.1 sps  ETA 1.1h  cpc=0.0515
              R²_rand=0.3900  R²_naive=0.4335  U_t=0.7421  U_b=0.7662  AUC=0.9998  Top1=0.9699
  timing: data=11.0ms  fwd=109.9ms  bwd=71.0ms  total=192.5ms
[  19000] loss=18.3513  ema_loss=18.4487  gap=0.4495  ema_gap=0.4582  mixup=63/200  5.1 sps  ETA 1.1h  cpc=0.0523
              R²_rand=0.3865  R²_naive=0.4107  U_t=0.7223  U_b=0.7717  AUC=0.9994  Top1=0.9512
  timing: data=3.2ms  fwd=110.6ms  bwd=71.4ms  total=185.8ms
[  19200] loss=18.3668  ema_loss=18.4120  gap=0.4572  ema_gap=0.4623  mixup=58/200  5.1 sps  ETA 1.1h  cpc=0.0597
              R²_rand=0.3893  R²_naive=0.4222  U_t=0.7344  U_b=0.7391  AUC=0.9998  Top1=0.9696
  timing: data=3.1ms  fwd=111.4ms  bwd=69.1ms  total=184.3ms
[  19400] loss=18.4192  ema_loss=18.4324  gap=0.4578  ema_gap=0.4580  mixup=63/200  5.1 sps  ETA 1.1h  cpc=0.0593
              R²_rand=0.3786  R²_naive=0.4164  U_t=0.7354  U_b=0.7372  AUC=0.9997  Top1=0.9639
  timing: data=11.1ms  fwd=108.2ms  bwd=66.2ms  total=186.1ms
[  19600] loss=18.4766  ema_loss=18.4652  gap=0.4464  ema_gap=0.4584  mixup=57/200  5.1 sps  ETA 1.1h  cpc=0.0681
              R²_rand=0.3589  R²_naive=0.4108  U_t=0.7091  U_b=0.7397  AUC=0.9997  Top1=0.9658
  timing: data=3.1ms  fwd=110.9ms  bwd=67.9ms  total=182.6ms
[  19800] loss=18.3390  ema_loss=18.4164  gap=0.4593  ema_gap=0.4617  mixup=61/200  5.1 sps  ETA 1.1h  cpc=0.0598
              R²_rand=0.3996  R²_naive=0.4184  U_t=0.7421  U_b=0.7584  AUC=0.9997  Top1=0.9666
  timing: data=3.0ms  fwd=108.6ms  bwd=66.6ms  total=178.8ms
[  20000] loss=18.1948  ema_loss=18.4397  gap=0.4692  ema_gap=0.4614  mixup=59/200  5.1 sps  ETA 1.1h  cpc=0.0351
              R²_rand=0.3752  R²_naive=0.4274  U_t=0.7547  U_b=0.7633  AUC=0.9998  Top1=0.9720
  timing: data=10.4ms  fwd=109.4ms  bwd=66.7ms  total=187.1ms
  -> Saved /home/jupyter/wt-cf-379-train/experiments/2026-07-21_split_pred_rep_small/runs/bb_small_arm1_nse_split_pred_rep_enc3l3_b64_200k_sigreg_ema_qk_aon_cpc_tau090_20k.pth
[  20200] loss=18.7100  ema_loss=18.4276  gap=0.4664  ema_gap=0.4667  mixup=59/200  5.1 sps  ETA 1.1h  cpc=0.2150
              R²_rand=0.4065  R²_naive=0.4225  U_t=0.7305  U_b=0.6264  AUC=0.9998  Top1=0.9704
  timing: data=3.2ms  fwd=110.8ms  bwd=69.8ms  total=184.4ms
[  20400] loss=18.5534  ema_loss=18.4765  gap=0.4738  ema_gap=0.4668  mixup=64/200  5.1 sps  ETA 1.1h  cpc=0.1062
              R²_rand=0.3886  R²_naive=0.4270  U_t=0.7745  U_b=0.6952  AUC=0.9998  Top1=0.9704
  timing: data=3.1ms  fwd=110.3ms  bwd=68.8ms  total=182.9ms
[  20600] loss=18.4428  ema_loss=18.4712  gap=0.4543  ema_gap=0.4646  mixup=60/200  5.1 sps  ETA 1.0h  cpc=0.0777
              R²_rand=0.4054  R²_naive=0.4136  U_t=0.6804  U_b=0.7467  AUC=0.9996  Top1=0.9536
  timing: data=3.1ms  fwd=109.8ms  bwd=67.2ms  total=180.8ms
[  20800] loss=18.3989  ema_loss=18.4640  gap=0.4500  ema_gap=0.4654  mixup=54/200  5.1 sps  ETA 1.0h  cpc=0.0587
              R²_rand=0.3735  R²_naive=0.4158  U_t=0.7674  U_b=0.7480  AUC=0.9997  Top1=0.9677
  timing: data=12.8ms  fwd=108.3ms  bwd=66.8ms  total=188.5ms
[  21000] loss=18.3340  ema_loss=18.4900  gap=0.4751  ema_gap=0.4651  mixup=65/200  5.1 sps  ETA 1.0h  cpc=0.0342
              R²_rand=0.3895  R²_naive=0.4268  U_t=0.7503  U_b=0.7687  AUC=0.9997  Top1=0.9696
  timing: data=3.1ms  fwd=110.0ms  bwd=66.7ms  total=180.5ms
[  21200] loss=18.5667  ema_loss=18.5276  gap=0.4647  ema_gap=0.4620  mixup=62/200  5.1 sps  ETA 1.0h  cpc=0.1319
              R²_rand=0.3764  R²_naive=0.4187  U_t=0.6787  U_b=0.7463  AUC=0.9997  Top1=0.9547
  timing: data=3.2ms  fwd=108.7ms  bwd=65.3ms  total=177.8ms
[  21400] loss=18.4725  ema_loss=18.4838  gap=0.4619  ema_gap=0.4643  mixup=66/200  5.1 sps  ETA 1.0h  cpc=0.0740
              R²_rand=0.3990  R²_naive=0.4116  U_t=0.7323  U_b=0.7626  AUC=0.9997  Top1=0.9598
  timing: data=11.1ms  fwd=108.4ms  bwd=65.8ms  total=186.0ms
[  21600] loss=18.4890  ema_loss=18.4613  gap=0.4686  ema_gap=0.4643  mixup=51/200  5.1 sps  ETA 1.0h  cpc=0.0559
              R²_rand=0.3845  R²_naive=0.4195  U_t=0.7580  U_b=0.7513  AUC=0.9998  Top1=0.9691
  timing: data=3.0ms  fwd=107.8ms  bwd=65.5ms  total=176.9ms
[  21800] loss=18.4150  ema_loss=18.5404  gap=0.4724  ema_gap=0.4561  mixup=72/200  5.1 sps  ETA 1.0h  cpc=0.0732
              R²_rand=0.3910  R²_naive=0.4240  U_t=0.7093  U_b=0.7497  AUC=0.9998  Top1=0.9734
  timing: data=3.1ms  fwd=109.5ms  bwd=65.3ms  total=178.5ms
[  22000] loss=18.4983  ema_loss=18.4938  gap=0.4596  ema_gap=0.4592  mixup=50/200  5.1 sps  ETA 1.0h  cpc=0.0752
              R²_rand=0.3854  R²_naive=0.4186  U_t=0.7345  U_b=0.7470  AUC=0.9998  Top1=0.9642
  timing: data=11.6ms  fwd=108.1ms  bwd=66.3ms  total=186.6ms
[  22200] loss=19.0628  ema_loss=18.5093  gap=0.4478  ema_gap=0.4552  mixup=70/200  5.1 sps  ETA 1.0h  cpc=0.3070
              R²_rand=0.3718  R²_naive=0.4115  U_t=0.7315  U_b=0.6100  AUC=0.9997  Top1=0.9626
  timing: data=3.1ms  fwd=109.5ms  bwd=65.2ms  total=178.3ms
[  22400] loss=18.6197  ema_loss=18.5394  gap=0.4521  ema_gap=0.4527  mixup=70/200  5.1 sps  ETA 0.9h  cpc=0.1275
              R²_rand=0.3826  R²_naive=0.4144  U_t=0.7320  U_b=0.6759  AUC=0.9998  Top1=0.9707
  timing: data=3.2ms  fwd=109.6ms  bwd=70.1ms  total=183.5ms
[  22600] loss=18.4610  ema_loss=18.5462  gap=0.4443  ema_gap=0.4486  mixup=62/200  5.1 sps  ETA 0.9h  cpc=0.0431
              R²_rand=0.3921  R²_naive=0.4107  U_t=0.7555  U_b=0.7534  AUC=0.9997  Top1=0.9718
  timing: data=15.4ms  fwd=111.4ms  bwd=70.7ms  total=198.2ms
[  22800] loss=18.4480  ema_loss=18.4993  gap=0.4273  ema_gap=0.4505  mixup=47/200  5.1 sps  ETA 0.9h  cpc=0.0648
              R²_rand=0.3860  R²_naive=0.3964  U_t=0.6840  U_b=0.7404  AUC=0.9994  Top1=0.9487
  timing: data=3.0ms  fwd=110.3ms  bwd=69.9ms  total=183.8ms
[  23000] loss=18.4257  ema_loss=18.4727  gap=0.4428  ema_gap=0.4547  mixup=48/200  5.1 sps  ETA 0.9h  cpc=0.0505
              R²_rand=0.3858  R²_naive=0.4077  U_t=0.7533  U_b=0.7476  AUC=0.9998  Top1=0.9669
  timing: data=3.0ms  fwd=111.4ms  bwd=70.0ms  total=185.1ms
[  23200] loss=18.4472  ema_loss=18.4712  gap=0.4676  ema_gap=0.4520  mixup=52/200  5.1 sps  ETA 0.9h  cpc=0.0999
              R²_rand=0.3962  R²_naive=0.4230  U_t=0.6922  U_b=0.7455  AUC=0.9997  Top1=0.9658
  timing: data=13.2ms  fwd=108.5ms  bwd=66.1ms  total=188.3ms
[  23400] loss=18.4057  ema_loss=18.5170  gap=0.4386  ema_gap=0.4517  mixup=63/200  5.1 sps  ETA 0.9h  cpc=0.0451
              R²_rand=0.3692  R²_naive=0.4070  U_t=0.7410  U_b=0.7446  AUC=0.9997  Top1=0.9636
  timing: data=3.2ms  fwd=110.6ms  bwd=65.3ms  total=179.7ms
[  23600] loss=18.4533  ema_loss=18.4854  gap=0.4442  ema_gap=0.4533  mixup=55/200  5.1 sps  ETA 0.9h  cpc=0.0479
              R²_rand=0.3802  R²_naive=0.4045  U_t=0.7504  U_b=0.7455  AUC=0.9997  Top1=0.9601
  timing: data=3.1ms  fwd=109.2ms  bwd=66.2ms  total=179.1ms
[  23800] loss=18.5288  ema_loss=18.5185  gap=0.4324  ema_gap=0.4481  mixup=55/200  5.1 sps  ETA 0.9h  cpc=0.0579
              R²_rand=0.3817  R²_naive=0.3983  U_t=0.7133  U_b=0.7435  AUC=0.9997  Top1=0.9563
  timing: data=10.7ms  fwd=108.5ms  bwd=65.8ms  total=185.7ms
[  24000] loss=18.4488  ema_loss=18.5283  gap=0.4292  ema_gap=0.4469  mixup=61/200  5.1 sps  ETA 0.9h  cpc=0.0473
              R²_rand=0.3740  R²_naive=0.3930  U_t=0.7228  U_b=0.7366  AUC=0.9996  Top1=0.9520
  timing: data=3.0ms  fwd=108.8ms  bwd=65.4ms  total=177.8ms
[  24200] loss=18.2588  ema_loss=18.5028  gap=0.4589  ema_gap=0.4454  mixup=61/200  5.1 sps  ETA 0.9h  cpc=0.0626
              R²_rand=0.3895  R²_naive=0.4253  U_t=0.6995  U_b=0.7519  AUC=0.9997  Top1=0.9658
  timing: data=3.1ms  fwd=110.8ms  bwd=68.6ms  total=183.2ms
[  24400] loss=18.3438  ema_loss=18.4388  gap=0.4402  ema_gap=0.4458  mixup=56/200  5.1 sps  ETA 0.8h  cpc=0.0395
              R²_rand=0.3772  R²_naive=0.4104  U_t=0.7460  U_b=0.7500  AUC=0.9997  Top1=0.9566
  timing: data=19.6ms  fwd=107.5ms  bwd=66.5ms  total=194.2ms
[  24600] loss=18.4018  ema_loss=18.4311  gap=0.4351  ema_gap=0.4445  mixup=54/200  5.1 sps  ETA 0.8h  cpc=0.0761
              R²_rand=0.3955  R²_naive=0.4051  U_t=0.7017  U_b=0.7498  AUC=0.9995  Top1=0.9579
  timing: data=3.1ms  fwd=109.9ms  bwd=65.2ms  total=178.8ms
[  24800] loss=18.4613  ema_loss=18.4634  gap=0.4536  ema_gap=0.4415  mixup=62/200  5.1 sps  ETA 0.8h  cpc=0.1165
              R²_rand=0.3842  R²_naive=0.4197  U_t=0.7227  U_b=0.7156  AUC=0.9997  Top1=0.9647
  timing: data=3.1ms  fwd=110.5ms  bwd=67.1ms  total=181.3ms
[  25000] loss=18.4823  ema_loss=18.4435  gap=0.4273  ema_gap=0.4434  mixup=60/200  5.1 sps  ETA 0.8h  cpc=0.0637
              R²_rand=0.3819  R²_naive=0.4000  U_t=0.7097  U_b=0.7307  AUC=0.9996  Top1=0.9474
  timing: data=11.7ms  fwd=109.3ms  bwd=66.2ms  total=187.8ms
[  25200] loss=18.4686  ema_loss=18.4507  gap=0.4467  ema_gap=0.4453  mixup=77/200  5.1 sps  ETA 0.8h  cpc=0.0883
              R²_rand=0.3930  R²_naive=0.4137  U_t=0.7224  U_b=0.7296  AUC=0.9996  Top1=0.9634
  timing: data=2.9ms  fwd=107.7ms  bwd=64.9ms  total=176.0ms
[  25400] loss=18.4070  ema_loss=18.4152  gap=0.4468  ema_gap=0.4482  mixup=60/200  5.1 sps  ETA 0.8h  cpc=0.0979
              R²_rand=0.3884  R²_naive=0.4111  U_t=0.7456  U_b=0.7436  AUC=0.9995  Top1=0.9569
  timing: data=3.1ms  fwd=110.0ms  bwd=67.9ms  total=181.6ms
[  25600] loss=18.4525  ema_loss=18.4165  gap=0.4431  ema_gap=0.4484  mixup=60/200  5.1 sps  ETA 0.8h  cpc=0.0551
              R²_rand=0.3825  R²_naive=0.4107  U_t=0.7560  U_b=0.7545  AUC=0.9996  Top1=0.9579
  timing: data=3.2ms  fwd=110.4ms  bwd=69.9ms  total=184.1ms
[  25800] loss=18.4329  ema_loss=18.4426  gap=0.4331  ema_gap=0.4491  mixup=67/200  5.1 sps  ETA 0.8h  cpc=0.0595
              R²_rand=0.3585  R²_naive=0.4099  U_t=0.7478  U_b=0.7431  AUC=0.9996  Top1=0.9590
  timing: data=11.4ms  fwd=110.5ms  bwd=71.5ms  total=194.1ms
[  26000] loss=18.6402  ema_loss=18.4108  gap=0.4384  ema_gap=0.4506  mixup=65/200  5.1 sps  ETA 0.8h  cpc=0.2040
              R²_rand=0.3967  R²_naive=0.4179  U_t=0.7469  U_b=0.6492  AUC=0.9998  Top1=0.9699
  timing: data=3.0ms  fwd=109.1ms  bwd=67.3ms  total=180.1ms
[  26200] loss=18.3151  ema_loss=18.3616  gap=0.4447  ema_gap=0.4500  mixup=60/200  5.1 sps  ETA 0.7h  cpc=0.0814
              R²_rand=0.4017  R²_naive=0.4231  U_t=0.7059  U_b=0.7397  AUC=0.9996  Top1=0.9631
  timing: data=3.2ms  fwd=109.8ms  bwd=65.4ms  total=179.0ms
[  26400] loss=18.3069  ema_loss=18.3819  gap=0.4510  ema_gap=0.4497  mixup=59/200  5.1 sps  ETA 0.7h  cpc=0.0600
              R²_rand=0.3930  R²_naive=0.4234  U_t=0.7222  U_b=0.7600  AUC=0.9997  Top1=0.9645
  timing: data=34.2ms  fwd=108.4ms  bwd=66.3ms  total=209.5ms
[  26600] loss=18.5205  ema_loss=18.3767  gap=0.4470  ema_gap=0.4517  mixup=56/200  5.1 sps  ETA 0.7h  cpc=0.0761
              R²_rand=0.3912  R²_naive=0.4060  U_t=0.6901  U_b=0.7377  AUC=0.9992  Top1=0.9414
  timing: data=3.1ms  fwd=110.1ms  bwd=66.4ms  total=180.2ms
[  26800] loss=18.5077  ema_loss=18.4374  gap=0.4457  ema_gap=0.4478  mixup=70/200  5.1 sps  ETA 0.7h  cpc=0.0659
              R²_rand=0.3985  R²_naive=0.4060  U_t=0.6543  U_b=0.7595  AUC=0.9996  Top1=0.9512
  timing: data=3.2ms  fwd=109.2ms  bwd=65.5ms  total=178.5ms
[  27000] loss=18.4022  ema_loss=18.4523  gap=0.4530  ema_gap=0.4453  mixup=53/200  5.1 sps  ETA 0.7h  cpc=0.0538
              R²_rand=0.3869  R²_naive=0.4185  U_t=0.7057  U_b=0.7634  AUC=0.9996  Top1=0.9582
  timing: data=10.1ms  fwd=108.5ms  bwd=65.7ms  total=184.8ms
[  27200] loss=18.4610  ema_loss=18.3881  gap=0.4418  ema_gap=0.4470  mixup=50/200  5.1 sps  ETA 0.7h  cpc=0.1061
              R²_rand=0.3880  R²_naive=0.4107  U_t=0.7416  U_b=0.7120  AUC=0.9996  Top1=0.9623
  timing: data=3.1ms  fwd=109.6ms  bwd=65.9ms  total=179.1ms
[  27400] loss=18.3910  ema_loss=18.3871  gap=0.4463  ema_gap=0.4460  mixup=53/200  5.1 sps  ETA 0.7h  cpc=0.0635
              R²_rand=0.3628  R²_naive=0.4124  U_t=0.7104  U_b=0.7284  AUC=0.9996  Top1=0.9582
  timing: data=3.0ms  fwd=111.3ms  bwd=66.8ms  total=181.8ms
[  27600] loss=18.3324  ema_loss=18.3861  gap=0.4388  ema_gap=0.4468  mixup=60/200  5.1 sps  ETA 0.7h  cpc=0.0687
              R²_rand=0.3719  R²_naive=0.4135  U_t=0.7288  U_b=0.7426  AUC=0.9993  Top1=0.9487
  timing: data=10.6ms  fwd=108.8ms  bwd=66.1ms  total=186.0ms
[  27800] loss=18.2553  ema_loss=18.3188  gap=0.4613  ema_gap=0.4526  mixup=48/200  5.1 sps  ETA 0.7h  cpc=0.0540
              R²_rand=0.3963  R²_naive=0.4255  U_t=0.7200  U_b=0.7655  AUC=0.9998  Top1=0.9620
  timing: data=3.1ms  fwd=109.3ms  bwd=65.7ms  total=178.6ms
[  28000] loss=18.2407  ema_loss=18.3304  gap=0.4653  ema_gap=0.4532  mixup=49/200  5.1 sps  ETA 0.6h  cpc=0.0351
              R²_rand=0.3934  R²_naive=0.4252  U_t=0.7599  U_b=0.7635  AUC=0.9997  Top1=0.9701
  timing: data=3.1ms  fwd=110.6ms  bwd=70.1ms  total=184.5ms
[  28200] loss=18.2861  ema_loss=18.3792  gap=0.4488  ema_gap=0.4470  mixup=61/200  5.1 sps  ETA 0.6h  cpc=0.0384
              R²_rand=0.3858  R²_naive=0.4166  U_t=0.7452  U_b=0.7510  AUC=0.9997  Top1=0.9642
  timing: data=11.0ms  fwd=108.9ms  bwd=69.2ms  total=189.7ms
[  28400] loss=18.6337  ema_loss=18.4287  gap=0.4220  ema_gap=0.4447  mixup=61/200  5.1 sps  ETA 0.6h  cpc=0.0818
              R²_rand=0.3685  R²_naive=0.3887  U_t=0.6881  U_b=0.7357  AUC=0.9989  Top1=0.9218
  timing: data=3.0ms  fwd=110.5ms  bwd=68.1ms  total=182.2ms
[  28600] loss=18.2986  ema_loss=18.4291  gap=0.4470  ema_gap=0.4429  mixup=61/200  5.1 sps  ETA 0.6h  cpc=0.0646
              R²_rand=0.3872  R²_naive=0.4139  U_t=0.6865  U_b=0.7424  AUC=0.9997  Top1=0.9653
  timing: data=3.2ms  fwd=112.0ms  bwd=70.0ms  total=185.9ms
[  28800] loss=18.3660  ema_loss=18.4386  gap=0.4392  ema_gap=0.4402  mixup=63/200  5.1 sps  ETA 0.6h  cpc=0.0597
              R²_rand=0.3738  R²_naive=0.4061  U_t=0.7191  U_b=0.7401  AUC=0.9997  Top1=0.9639
  timing: data=11.7ms  fwd=108.6ms  bwd=68.5ms  total=189.4ms
[  29000] loss=18.4477  ema_loss=18.4447  gap=0.4236  ema_gap=0.4384  mixup=60/200  5.1 sps  ETA 0.6h  cpc=0.0634
              R²_rand=0.3690  R²_naive=0.4009  U_t=0.6812  U_b=0.7304  AUC=0.9996  Top1=0.9558
  timing: data=3.0ms  fwd=108.2ms  bwd=65.6ms  total=177.5ms
[  29200] loss=18.6132  ema_loss=18.4496  gap=0.4242  ema_gap=0.4380  mixup=62/200  5.1 sps  ETA 0.6h  cpc=0.0801
              R²_rand=0.3796  R²_naive=0.3948  U_t=0.6755  U_b=0.7502  AUC=0.9995  Top1=0.9487
  timing: data=3.2ms  fwd=112.1ms  bwd=70.3ms  total=186.3ms
[  29400] loss=18.4227  ema_loss=18.4551  gap=0.4152  ema_gap=0.4348  mixup=54/200  5.1 sps  ETA 0.6h  cpc=0.0435
              R²_rand=0.3671  R²_naive=0.3875  U_t=0.7407  U_b=0.7511  AUC=0.9996  Top1=0.9558
  timing: data=11.0ms  fwd=109.0ms  bwd=70.5ms  total=191.2ms
[  29600] loss=18.5468  ema_loss=18.4363  gap=0.4216  ema_gap=0.4311  mixup=56/200  5.1 sps  ETA 0.6h  cpc=0.1175
              R²_rand=0.3753  R²_naive=0.4025  U_t=0.7405  U_b=0.6870  AUC=0.9997  Top1=0.9577
  timing: data=4.1ms  fwd=111.7ms  bwd=69.9ms  total=186.4ms
[  29800] loss=18.3669  ema_loss=18.4471  gap=0.4198  ema_gap=0.4316  mixup=61/200  5.1 sps  ETA 0.6h  cpc=0.0565
              R²_rand=0.3856  R²_naive=0.3982  U_t=0.7161  U_b=0.7458  AUC=0.9996  Top1=0.9552
  timing: data=3.2ms  fwd=110.9ms  bwd=69.0ms  total=183.7ms
[  30000] loss=18.3750  ema_loss=18.4719  gap=0.4351  ema_gap=0.4321  mixup=62/200  5.1 sps  ETA 0.5h  cpc=0.0338
              R²_rand=0.3879  R²_naive=0.4056  U_t=0.7204  U_b=0.7615  AUC=0.9996  Top1=0.9487
  timing: data=14.5ms  fwd=109.5ms  bwd=65.6ms  total=190.2ms
  -> Saved /home/jupyter/wt-cf-379-train/experiments/2026-07-21_split_pred_rep_small/runs/bb_small_arm1_nse_split_pred_rep_enc3l3_b64_200k_sigreg_ema_qk_aon_cpc_tau090_30k.pth
[  30200] loss=18.5405  ema_loss=18.5001  gap=0.4275  ema_gap=0.4307  mixup=70/200  5.1 sps  ETA 0.5h  cpc=0.0627
              R²_rand=0.3725  R²_naive=0.3977  U_t=0.7324  U_b=0.7716  AUC=0.9995  Top1=0.9463
  timing: data=3.1ms  fwd=109.1ms  bwd=66.3ms  total=179.1ms
[  30400] loss=18.7474  ema_loss=18.4784  gap=0.4113  ema_gap=0.4307  mixup=68/200  5.1 sps  ETA 0.5h  cpc=0.1786
              R²_rand=0.3726  R²_naive=0.3924  U_t=0.7475  U_b=0.6491  AUC=0.9996  Top1=0.9541
  timing: data=3.3ms  fwd=110.1ms  bwd=66.6ms  total=180.6ms
[  30600] loss=18.4698  ema_loss=18.4935  gap=0.4412  ema_gap=0.4300  mixup=58/200  5.1 sps  ETA 0.5h  cpc=0.0615
              R²_rand=0.3757  R²_naive=0.4043  U_t=0.7323  U_b=0.7467  AUC=0.9996  Top1=0.9631
  timing: data=3.1ms  fwd=109.4ms  bwd=65.6ms  total=178.6ms
[  30800] loss=18.6582  ema_loss=18.4796  gap=0.4399  ema_gap=0.4366  mixup=56/200  5.1 sps  ETA 0.5h  cpc=0.1511
              R²_rand=0.3709  R²_naive=0.4038  U_t=0.7468  U_b=0.6914  AUC=0.9997  Top1=0.9590
  timing: data=10.2ms  fwd=109.1ms  bwd=65.6ms  total=185.5ms
[  31000] loss=18.4462  ema_loss=18.4564  gap=0.4319  ema_gap=0.4371  mixup=56/200  5.1 sps  ETA 0.5h  cpc=0.0678
              R²_rand=0.3797  R²_naive=0.4005  U_t=0.7388  U_b=0.7394  AUC=0.9997  Top1=0.9674
  timing: data=3.0ms  fwd=109.1ms  bwd=66.2ms  total=178.9ms
[  31200] loss=18.5711  ema_loss=18.5108  gap=0.4231  ema_gap=0.4309  mixup=58/200  5.1 sps  ETA 0.5h  cpc=0.0845
              R²_rand=0.3625  R²_naive=0.3925  U_t=0.7141  U_b=0.7493  AUC=0.9996  Top1=0.9509
  timing: data=3.0ms  fwd=109.9ms  bwd=65.4ms  total=178.9ms
[  31400] loss=18.4372  ema_loss=18.5264  gap=0.4304  ema_gap=0.4298  mixup=60/200  5.1 sps  ETA 0.5h  cpc=0.0476
              R²_rand=0.3747  R²_naive=0.3980  U_t=0.7184  U_b=0.7561  AUC=0.9996  Top1=0.9593
  timing: data=10.3ms  fwd=107.6ms  bwd=65.7ms  total=184.2ms
[  31600] loss=18.5876  ema_loss=18.5358  gap=0.4346  ema_gap=0.4305  mixup=58/200  5.1 sps  ETA 0.5h  cpc=0.0946
              R²_rand=0.3650  R²_naive=0.4011  U_t=0.7326  U_b=0.7236  AUC=0.9997  Top1=0.9612
  timing: data=3.0ms  fwd=109.6ms  bwd=66.2ms  total=179.3ms
[  31800] loss=18.5044  ema_loss=18.5016  gap=0.4278  ema_gap=0.4335  mixup=53/200  5.1 sps  ETA 0.4h  cpc=0.0568
              R²_rand=0.3700  R²_naive=0.3983  U_t=0.7319  U_b=0.7557  AUC=0.9997  Top1=0.9604
  timing: data=3.9ms  fwd=108.2ms  bwd=66.9ms  total=179.5ms
[  32000] loss=18.3807  ema_loss=18.5268  gap=0.4303  ema_gap=0.4307  mixup=62/200  5.1 sps  ETA 0.4h  cpc=0.0471
              R²_rand=0.3720  R²_naive=0.3978  U_t=0.7139  U_b=0.7532  AUC=0.9997  Top1=0.9634
  timing: data=10.7ms  fwd=109.2ms  bwd=66.1ms  total=186.5ms
[  32200] loss=18.3990  ema_loss=18.5185  gap=0.4394  ema_gap=0.4304  mixup=69/200  5.1 sps  ETA 0.4h  cpc=0.0513
              R²_rand=0.3784  R²_naive=0.4032  U_t=0.6993  U_b=0.7525  AUC=0.9997  Top1=0.9615
  timing: data=3.2ms  fwd=109.7ms  bwd=66.1ms  total=179.5ms
[  32400] loss=18.4522  ema_loss=18.4895  gap=0.4409  ema_gap=0.4347  mixup=60/200  5.1 sps  ETA 0.4h  cpc=0.0910
              R²_rand=0.3867  R²_naive=0.4057  U_t=0.7171  U_b=0.7405  AUC=0.9996  Top1=0.9577
  timing: data=3.2ms  fwd=110.0ms  bwd=65.9ms  total=179.7ms
[  32600] loss=18.4827  ema_loss=18.5112  gap=0.4285  ema_gap=0.4307  mixup=61/200  5.1 sps  ETA 0.4h  cpc=0.0572
              R²_rand=0.3614  R²_naive=0.3964  U_t=0.7400  U_b=0.7549  AUC=0.9996  Top1=0.9509
  timing: data=10.7ms  fwd=107.9ms  bwd=67.1ms  total=186.2ms
[  32800] loss=18.5058  ema_loss=18.4895  gap=0.4401  ema_gap=0.4338  mixup=51/200  5.1 sps  ETA 0.4h  cpc=0.0912
              R²_rand=0.3662  R²_naive=0.4035  U_t=0.7387  U_b=0.7281  AUC=0.9997  Top1=0.9650
  timing: data=3.1ms  fwd=110.3ms  bwd=65.8ms  total=179.8ms
[  33000] loss=18.4075  ema_loss=18.4781  gap=0.4348  ema_gap=0.4380  mixup=52/200  5.1 sps  ETA 0.4h  cpc=0.0559
              R²_rand=0.3526  R²_naive=0.3992  U_t=0.7395  U_b=0.7411  AUC=0.9997  Top1=0.9596
  timing: data=3.1ms  fwd=110.4ms  bwd=70.0ms  total=184.2ms
[  33200] loss=18.5185  ema_loss=18.5292  gap=0.4305  ema_gap=0.4318  mixup=60/200  5.1 sps  ETA 0.4h  cpc=0.0699
              R²_rand=0.3571  R²_naive=0.3948  U_t=0.7263  U_b=0.7380  AUC=0.9996  Top1=0.9588
  timing: data=10.5ms  fwd=110.8ms  bwd=70.4ms  total=192.4ms
[  33400] loss=18.5129  ema_loss=18.4826  gap=0.4276  ema_gap=0.4420  mixup=65/200  5.1 sps  ETA 0.4h  cpc=0.0453
              R²_rand=0.3471  R²_naive=0.3903  U_t=0.7439  U_b=0.7417  AUC=0.9995  Top1=0.9512
  timing: data=3.2ms  fwd=110.2ms  bwd=70.2ms  total=184.3ms
[  33600] loss=18.9732  ema_loss=18.5329  gap=0.4390  ema_gap=0.4357  mixup=60/200  5.1 sps  ETA 0.3h  cpc=0.3074
              R²_rand=0.3783  R²_naive=0.3998  U_t=0.7445  U_b=0.6363  AUC=0.9996  Top1=0.9639
  timing: data=3.2ms  fwd=111.1ms  bwd=68.0ms  total=182.9ms
[  33800] loss=18.4191  ema_loss=18.5536  gap=0.4417  ema_gap=0.4321  mixup=70/200  5.1 sps  ETA 0.3h  cpc=0.0490
              R²_rand=0.3771  R²_naive=0.4068  U_t=0.7204  U_b=0.7559  AUC=0.9997  Top1=0.9615
  timing: data=10.6ms  fwd=108.0ms  bwd=66.6ms  total=185.7ms
[  34000] loss=18.3807  ema_loss=18.5191  gap=0.4530  ema_gap=0.4359  mixup=63/200  5.1 sps  ETA 0.3h  cpc=0.0420
              R²_rand=0.3909  R²_naive=0.4112  U_t=0.7415  U_b=0.7565  AUC=0.9998  Top1=0.9707
  timing: data=3.1ms  fwd=110.0ms  bwd=66.0ms  total=179.7ms
[  34200] loss=18.9076  ema_loss=18.4921  gap=0.4315  ema_gap=0.4386  mixup=61/200  5.1 sps  ETA 0.3h  cpc=0.2295
              R²_rand=0.3535  R²_naive=0.3938  U_t=0.7307  U_b=0.6319  AUC=0.9996  Top1=0.9669
  timing: data=3.1ms  fwd=109.3ms  bwd=67.1ms  total=180.0ms
[  34400] loss=18.4906  ema_loss=18.5668  gap=0.4294  ema_gap=0.4296  mixup=63/200  5.1 sps  ETA 0.3h  cpc=0.0763
              R²_rand=0.3699  R²_naive=0.3906  U_t=0.6998  U_b=0.7235  AUC=0.9995  Top1=0.9522
  timing: data=10.3ms  fwd=109.6ms  bwd=66.9ms  total=187.4ms
[  34600] loss=18.5684  ema_loss=18.5434  gap=0.4156  ema_gap=0.4285  mixup=64/200  5.1 sps  ETA 0.3h  cpc=0.0520
              R²_rand=0.3501  R²_naive=0.3859  U_t=0.7403  U_b=0.7353  AUC=0.9996  Top1=0.9569
  timing: data=3.1ms  fwd=110.1ms  bwd=70.0ms  total=183.8ms
[  34800] loss=18.5497  ema_loss=18.5231  gap=0.4279  ema_gap=0.4335  mixup=60/200  5.1 sps  ETA 0.3h  cpc=0.0583
              R²_rand=0.3678  R²_naive=0.3938  U_t=0.7268  U_b=0.7487  AUC=0.9997  Top1=0.9593
  timing: data=3.0ms  fwd=111.5ms  bwd=71.0ms  total=186.1ms
[  35000] loss=18.5551  ema_loss=18.5459  gap=0.4157  ema_gap=0.4279  mixup=69/200  5.1 sps  ETA 0.3h  cpc=0.0363
              R²_rand=0.3569  R²_naive=0.3798  U_t=0.7484  U_b=0.7449  AUC=0.9996  Top1=0.9512
  timing: data=9.9ms  fwd=110.7ms  bwd=70.1ms  total=191.3ms
[  35200] loss=18.4817  ema_loss=18.5337  gap=0.4290  ema_gap=0.4289  mixup=58/200  5.1 sps  ETA 0.3h  cpc=0.0625
              R²_rand=0.3690  R²_naive=0.3947  U_t=0.7116  U_b=0.7330  AUC=0.9997  Top1=0.9626
  timing: data=3.2ms  fwd=111.7ms  bwd=69.8ms  total=185.5ms
[  35400] loss=18.5069  ema_loss=18.5790  gap=0.4249  ema_gap=0.4227  mixup=58/200  5.1 sps  ETA 0.2h  cpc=0.0436
              R²_rand=0.3562  R²_naive=0.3955  U_t=0.7320  U_b=0.7336  AUC=0.9997  Top1=0.9631
  timing: data=2.7ms  fwd=107.8ms  bwd=65.4ms  total=176.5ms
[  35600] loss=18.3323  ema_loss=18.4909  gap=0.4322  ema_gap=0.4322  mixup=63/200  5.1 sps  ETA 0.2h  cpc=0.0359
              R²_rand=0.3660  R²_naive=0.4019  U_t=0.7667  U_b=0.7508  AUC=0.9998  Top1=0.9661
  timing: data=3.1ms  fwd=108.9ms  bwd=67.1ms  total=179.7ms
[  35800] loss=18.5229  ema_loss=18.4611  gap=0.4239  ema_gap=0.4337  mixup=61/200  5.1 sps  ETA 0.2h  cpc=0.0808
              R²_rand=0.3752  R²_naive=0.3942  U_t=0.7052  U_b=0.7292  AUC=0.9997  Top1=0.9631
  timing: data=12.8ms  fwd=110.4ms  bwd=68.1ms  total=191.9ms
[  36000] loss=18.3687  ema_loss=18.4499  gap=0.4423  ema_gap=0.4436  mixup=51/200  5.1 sps  ETA 0.2h  cpc=0.0547
              R²_rand=0.3842  R²_naive=0.4061  U_t=0.7253  U_b=0.7480  AUC=0.9997  Top1=0.9680
  timing: data=3.2ms  fwd=112.5ms  bwd=67.3ms  total=183.7ms
[  36200] loss=18.5444  ema_loss=18.4760  gap=0.4231  ema_gap=0.4381  mixup=54/200  5.1 sps  ETA 0.2h  cpc=0.1095
              R²_rand=0.3532  R²_naive=0.3915  U_t=0.7618  U_b=0.7175  AUC=0.9996  Top1=0.9650
  timing: data=3.2ms  fwd=112.2ms  bwd=69.1ms  total=185.0ms
[  36400] loss=18.4330  ema_loss=18.5010  gap=0.4429  ema_gap=0.4351  mixup=50/200  5.1 sps  ETA 0.2h  cpc=0.0592
              R²_rand=0.3861  R²_naive=0.4054  U_t=0.7402  U_b=0.7400  AUC=0.9998  Top1=0.9682
  timing: data=12.0ms  fwd=114.7ms  bwd=71.0ms  total=198.3ms
[  36600] loss=18.4807  ema_loss=18.4921  gap=0.4317  ema_gap=0.4346  mixup=58/200  5.1 sps  ETA 0.2h  cpc=0.0620
              R²_rand=0.3836  R²_naive=0.3986  U_t=0.7269  U_b=0.7387  AUC=0.9996  Top1=0.9658
  timing: data=3.2ms  fwd=112.0ms  bwd=68.1ms  total=183.8ms
[  36800] loss=18.8169  ema_loss=18.5414  gap=0.4214  ema_gap=0.4334  mixup=68/200  5.1 sps  ETA 0.2h  cpc=0.1744
              R²_rand=0.3527  R²_naive=0.3926  U_t=0.7455  U_b=0.6447  AUC=0.9998  Top1=0.9707
  timing: data=3.2ms  fwd=110.7ms  bwd=66.7ms  total=181.2ms
[  37000] loss=18.4546  ema_loss=18.4821  gap=0.4254  ema_gap=0.4408  mixup=65/200  5.1 sps  ETA 0.2h  cpc=0.0459
              R²_rand=0.3743  R²_naive=0.3926  U_t=0.7368  U_b=0.7405  AUC=0.9998  Top1=0.9658
  timing: data=10.5ms  fwd=108.4ms  bwd=65.9ms  total=185.4ms
[  37200] loss=18.7703  ema_loss=18.5245  gap=0.4530  ema_gap=0.4334  mixup=62/200  5.1 sps  ETA 0.2h  cpc=0.2562
              R²_rand=0.3722  R²_naive=0.4136  U_t=0.7040  U_b=0.6274  AUC=0.9998  Top1=0.9710
  timing: data=3.2ms  fwd=109.1ms  bwd=66.2ms  total=179.1ms
[  37400] loss=18.4066  ema_loss=18.5178  gap=0.4331  ema_gap=0.4335  mixup=68/200  5.1 sps  ETA 0.1h  cpc=0.0635
              R²_rand=0.3825  R²_naive=0.3979  U_t=0.7516  U_b=0.7406  AUC=0.9997  Top1=0.9726
  timing: data=3.2ms  fwd=110.3ms  bwd=65.9ms  total=179.9ms
[  37600] loss=18.3810  ema_loss=18.4829  gap=0.4474  ema_gap=0.4358  mixup=49/200  5.1 sps  ETA 0.1h  cpc=0.0473
              R²_rand=0.3490  R²_naive=0.4056  U_t=0.7366  U_b=0.7529  AUC=0.9997  Top1=0.9664
  timing: data=13.1ms  fwd=109.3ms  bwd=66.9ms  total=189.8ms
[  37800] loss=18.3705  ema_loss=18.4562  gap=0.4380  ema_gap=0.4371  mixup=51/200  5.1 sps  ETA 0.1h  cpc=0.0760
              R²_rand=0.3868  R²_naive=0.4020  U_t=0.7225  U_b=0.7388  AUC=0.9997  Top1=0.9664
  timing: data=3.1ms  fwd=110.8ms  bwd=66.3ms  total=180.8ms
[  38000] loss=18.4023  ema_loss=18.5067  gap=0.4337  ema_gap=0.4339  mixup=58/200  5.1 sps  ETA 0.1h  cpc=0.0433
              R²_rand=0.3678  R²_naive=0.4009  U_t=0.7358  U_b=0.7481  AUC=0.9998  Top1=0.9685
  timing: data=3.1ms  fwd=108.9ms  bwd=65.8ms  total=178.4ms
[  38200] loss=18.5320  ema_loss=18.5198  gap=0.4361  ema_gap=0.4311  mixup=57/200  5.1 sps  ETA 0.1h  cpc=0.0741
              R²_rand=0.3820  R²_naive=0.4022  U_t=0.7485  U_b=0.7352  AUC=0.9997  Top1=0.9487
  timing: data=13.2ms  fwd=109.8ms  bwd=66.2ms  total=189.8ms
[  38400] loss=18.3645  ema_loss=18.4958  gap=0.4406  ema_gap=0.4369  mixup=57/200  5.1 sps  ETA 0.1h  cpc=0.0412
              R²_rand=0.3657  R²_naive=0.4014  U_t=0.7521  U_b=0.7477  AUC=0.9997  Top1=0.9672
  timing: data=3.2ms  fwd=108.8ms  bwd=65.8ms  total=178.4ms
[  38600] loss=18.5301  ema_loss=18.4805  gap=0.4376  ema_gap=0.4391  mixup=58/200  5.1 sps  ETA 0.1h  cpc=0.1503
              R²_rand=0.3603  R²_naive=0.4048  U_t=0.7320  U_b=0.6802  AUC=0.9997  Top1=0.9672
  timing: data=3.2ms  fwd=110.4ms  bwd=65.9ms  total=180.0ms
[  38800] loss=18.5286  ema_loss=18.5074  gap=0.4125  ema_gap=0.4330  mixup=67/200  5.1 sps  ETA 0.1h  cpc=0.0714
              R²_rand=0.3621  R²_naive=0.3839  U_t=0.7359  U_b=0.7053  AUC=0.9996  Top1=0.9590
  timing: data=11.0ms  fwd=107.5ms  bwd=65.7ms  total=184.8ms
[  39000] loss=18.5383  ema_loss=18.5075  gap=0.4231  ema_gap=0.4308  mixup=53/200  5.1 sps  ETA 0.1h  cpc=0.0863
              R²_rand=0.3685  R²_naive=0.3970  U_t=0.6907  U_b=0.7404  AUC=0.9996  Top1=0.9596
  timing: data=3.1ms  fwd=110.0ms  bwd=66.7ms  total=180.3ms
[  39200] loss=18.6545  ema_loss=18.5132  gap=0.4325  ema_gap=0.4306  mixup=68/200  5.1 sps  ETA 0.0h  cpc=0.1425
              R²_rand=0.3778  R²_naive=0.4016  U_t=0.7546  U_b=0.6715  AUC=0.9997  Top1=0.9615
  timing: data=3.2ms  fwd=109.3ms  bwd=65.6ms  total=178.7ms
[  39400] loss=18.4260  ema_loss=18.4390  gap=0.4287  ema_gap=0.4339  mixup=56/200  5.1 sps  ETA 0.0h  cpc=0.0756
              R²_rand=0.3517  R²_naive=0.3954  U_t=0.7237  U_b=0.7453  AUC=0.9995  Top1=0.9503
  timing: data=12.3ms  fwd=109.1ms  bwd=66.6ms  total=188.7ms
[  39600] loss=18.3571  ema_loss=18.4657  gap=0.4468  ema_gap=0.4447  mixup=55/200  5.1 sps  ETA 0.0h  cpc=0.0545
              R²_rand=0.3799  R²_naive=0.4080  U_t=0.7266  U_b=0.7433  AUC=0.9996  Top1=0.9655
  timing: data=3.1ms  fwd=110.2ms  bwd=68.4ms  total=182.3ms
[  39800] loss=18.4572  ema_loss=18.4739  gap=0.4175  ema_gap=0.4398  mixup=64/200  5.1 sps  ETA 0.0h  cpc=0.0397
              R²_rand=0.3677  R²_naive=0.3867  U_t=0.7386  U_b=0.7492  AUC=0.9995  Top1=0.9582
  timing: data=3.1ms  fwd=110.9ms  bwd=67.1ms  total=181.7ms
[  40000] loss=18.5834  ema_loss=18.4644  gap=0.4587  ema_gap=0.4417  mixup=54/200  5.1 sps  ETA 0.0h  cpc=0.1585
              R²_rand=0.3864  R²_naive=0.4170  U_t=0.7331  U_b=0.6825  AUC=0.9998  Top1=0.9710
  timing: data=15.6ms  fwd=107.8ms  bwd=67.3ms  total=191.4ms
  -> Saved /home/jupyter/wt-cf-379-train/experiments/2026-07-21_split_pred_rep_small/runs/bb_small_arm1_nse_split_pred_rep_enc3l3_b64_200k_sigreg_ema_qk_aon_cpc_tau090_40k.pth
  -> Saved /home/jupyter/wt-cf-379-train/experiments/2026-07-21_split_pred_rep_small/runs/bb_small_arm1_nse_split_pred_rep_enc3l3_b64_200k_sigreg_ema_qk_aon_cpc_tau090_final.pth

Done in 2.2h. Best gap=0.5417 at step 3000, Best loss=17.9820 at step 1800
  [checkpoint] Branching to 'bb_small_arm1_nse_split_pred_rep_enc3l3_b64_200k_sigreg_ema_qk_aon_cpc_tau090_r2'.
  [checkpoint] Restored optimizer from /home/jupyter/wt-cf-379-train/experiments/2026-07-21_split_pred_rep_small/runs/bb_small_arm1_nse_split_pred_rep_enc3l3_b64_200k_sigreg_ema_qk_aon_cpc_tau090_40k_optimizer.pth (step=40000, best_ff=0.5417)
Resumed from /home/jupyter/wt-cf-379-train/experiments/2026-07-21_split_pred_rep_small/runs/bb_small_arm1_nse_split_pred_rep_enc3l3_b64_200k_sigreg_ema_qk_aon_cpc_tau090_40k.pth at step 40000
Device: cuda | Params: 724,764
Training for 100000 steps, bs=64, lr=0.001, T=4096, C=1, mix_ratio=0.0078125, freq_emb_dim=3, seasonality_emb_dim=3, mixup_p=0.3, rev_norm_kind=ewma(span=128), patch_stats=none, encoder_type=gru
Checkpoints: /home/jupyter/wt-cf-379-train/experiments/2026-07-21_split_pred_rep_small/runs/bb_small_arm1_nse_split_pred_rep_enc3l3_b64_200k_sigreg_ema_qk_aon_cpc_tau090_r2_*.pth
Loss CSV: /home/jupyter/wt-cf-379-train/experiments/2026-07-21_split_pred_rep_small/runs/bb_small_arm1_nse_split_pred_rep_enc3l3_b64_200k_sigreg_ema_qk_aon_cpc_tau090_r2_losses.csv
Attn-amplitude CSV: /home/jupyter/wt-cf-379-train/experiments/2026-07-21_split_pred_rep_small/runs/bb_small_arm1_nse_split_pred_rep_enc3l3_b64_200k_sigreg_ema_qk_aon_cpc_tau090_r2_attn_amplitude.csv (every 200 steps)
Data: MIX 99% HF + 1% synth (forked-arma) + 0% crossfade + 1 triplet(s)=3 rows, hf_bs=64, synth_bs=0, cross_bs=0, total_bs=67
  [dataloader] 4274 shards, 42740000 total rows, target skip 2560000
  [dataloader] Fast-skip: starting at shard 256/4274, then skipping 0 rows within it
[  40200] loss=18.3037  ema_loss=18.4404  gap=0.4652  ema_gap=0.4409  mixup=49/200  4.5 sps  ETA 3.7h  cpc=0.0613
              R²_rand=0.3996  R²_naive=0.4249  U_t=0.7453  U_b=0.7591  AUC=0.9998  Top1=0.9696
  timing: data=30.3ms  fwd=111.0ms  bwd=76.0ms  total=217.9ms
[  40400] loss=18.3390  ema_loss=18.4718  gap=0.4382  ema_gap=0.4322  mixup=68/200  4.9 sps  ETA 3.4h  cpc=0.0428
              R²_rand=0.3901  R²_naive=0.4055  U_t=0.7240  U_b=0.7551  AUC=0.9996  Top1=0.9539
  timing: data=3.2ms  fwd=107.5ms  bwd=73.5ms  total=184.8ms
[  40600] loss=18.4083  ema_loss=18.4458  gap=0.4268  ema_gap=0.4331  mixup=60/200  5.0 sps  ETA 3.3h  cpc=0.0619
              R²_rand=0.3874  R²_naive=0.4037  U_t=0.7467  U_b=0.7333  AUC=0.9997  Top1=0.9615
  timing: data=3.1ms  fwd=108.9ms  bwd=75.5ms  total=188.1ms
[  40800] loss=18.4164  ema_loss=18.4475  gap=0.4311  ema_gap=0.4347  mixup=50/200  5.0 sps  ETA 3.3h  cpc=0.0636
              R²_rand=0.3694  R²_naive=0.3987  U_t=0.7410  U_b=0.7464  AUC=0.9996  Top1=0.9566
  timing: data=10.3ms  fwd=108.6ms  bwd=74.8ms  total=194.2ms
[  41000] loss=18.3197  ema_loss=18.4588  gap=0.4583  ema_gap=0.4335  mixup=56/200  5.1 sps  ETA 3.2h  cpc=0.0575
              R²_rand=0.3891  R²_naive=0.4176  U_t=0.7060  U_b=0.7457  AUC=0.9997  Top1=0.9620
  timing: data=2.8ms  fwd=107.2ms  bwd=73.5ms  total=184.1ms
[  41200] loss=18.4287  ema_loss=18.4177  gap=0.4497  ema_gap=0.4400  mixup=56/200  5.1 sps  ETA 3.2h  cpc=0.0957
              R²_rand=0.3858  R²_naive=0.4150  U_t=0.7244  U_b=0.7428  AUC=0.9997  Top1=0.9615
  timing: data=2.9ms  fwd=109.2ms  bwd=74.3ms  total=187.0ms
[  41400] loss=18.7014  ema_loss=18.4152  gap=0.4253  ema_gap=0.4381  mixup=52/200  5.1 sps  ETA 3.2h  cpc=0.2305
              R²_rand=0.3870  R²_naive=0.3983  U_t=0.7208  U_b=0.6658  AUC=0.9997  Top1=0.9615
  timing: data=10.3ms  fwd=107.8ms  bwd=74.8ms  total=193.5ms
[  41600] loss=18.2666  ema_loss=18.4411  gap=0.4507  ema_gap=0.4372  mixup=69/200  5.1 sps  ETA 3.2h  cpc=0.0388
              R²_rand=0.3829  R²_naive=0.4134  U_t=0.7160  U_b=0.7606  AUC=0.9997  Top1=0.9582
  timing: data=3.6ms  fwd=110.2ms  bwd=75.9ms  total=190.3ms
[  41800] loss=18.5002  ema_loss=18.4629  gap=0.4227  ema_gap=0.4351  mixup=65/200  5.1 sps  ETA 3.2h  cpc=0.0611
              R²_rand=0.3500  R²_naive=0.3960  U_t=0.7490  U_b=0.7361  AUC=0.9996  Top1=0.9520
  timing: data=3.2ms  fwd=108.1ms  bwd=74.3ms  total=186.1ms
[  42000] loss=18.4404  ema_loss=18.4390  gap=0.4374  ema_gap=0.4367  mixup=61/200  5.1 sps  ETA 3.1h  cpc=0.0886
              R²_rand=0.3776  R²_naive=0.4065  U_t=0.7263  U_b=0.7343  AUC=0.9996  Top1=0.9552
  timing: data=10.3ms  fwd=107.9ms  bwd=73.3ms  total=192.0ms
[  42200] loss=18.5581  ema_loss=18.4780  gap=0.4368  ema_gap=0.4376  mixup=67/200  5.1 sps  ETA 3.1h  cpc=0.0765
              R²_rand=0.3480  R²_naive=0.3964  U_t=0.7008  U_b=0.7461  AUC=0.9995  Top1=0.9351
  timing: data=2.7ms  fwd=106.4ms  bwd=73.3ms  total=182.9ms
[  42400] loss=18.6457  ema_loss=18.4740  gap=0.4436  ema_gap=0.4395  mixup=64/200  5.2 sps  ETA 3.1h  cpc=0.1513
              R²_rand=0.3824  R²_naive=0.4072  U_t=0.7569  U_b=0.6785  AUC=0.9998  Top1=0.9615
  timing: data=2.8ms  fwd=107.9ms  bwd=73.4ms  total=184.7ms
[  42600] loss=18.6056  ema_loss=18.4306  gap=0.4401  ema_gap=0.4390  mixup=59/200  5.2 sps  ETA 3.1h  cpc=0.1135
              R²_rand=0.3710  R²_naive=0.4076  U_t=0.7122  U_b=0.6964  AUC=0.9995  Top1=0.9460
  timing: data=10.4ms  fwd=107.0ms  bwd=73.6ms  total=191.5ms
[  42800] loss=18.4902  ema_loss=18.3825  gap=0.4332  ema_gap=0.4415  mixup=51/200  5.2 sps  ETA 3.1h  cpc=0.1183
              R²_rand=0.3840  R²_naive=0.4076  U_t=0.7608  U_b=0.6887  AUC=0.9997  Top1=0.9680
  timing: data=3.1ms  fwd=109.7ms  bwd=76.3ms  total=189.8ms
[  43000] loss=18.5620  ema_loss=18.3644  gap=0.4398  ema_gap=0.4458  mixup=68/200  5.2 sps  ETA 3.1h  cpc=0.1168
              R²_rand=0.3784  R²_naive=0.4103  U_t=0.7323  U_b=0.6753  AUC=0.9995  Top1=0.9539
  timing: data=2.8ms  fwd=106.6ms  bwd=73.1ms  total=183.0ms
[  43200] loss=18.3152  ema_loss=18.3630  gap=0.4416  ema_gap=0.4450  mixup=60/200  5.2 sps  ETA 3.1h  cpc=0.0400
              R²_rand=0.3841  R²_naive=0.4169  U_t=0.7601  U_b=0.7595  AUC=0.9997  Top1=0.9585
  timing: data=10.1ms  fwd=106.5ms  bwd=73.3ms  total=190.4ms
[  43400] loss=18.5631  ema_loss=18.3813  gap=0.4427  ema_gap=0.4445  mixup=66/200  5.2 sps  ETA 3.0h  cpc=0.1590
              R²_rand=0.4032  R²_naive=0.4160  U_t=0.7461  U_b=0.6871  AUC=0.9995  Top1=0.9560
  timing: data=3.0ms  fwd=108.6ms  bwd=73.3ms  total=185.4ms
[  43600] loss=18.3022  ema_loss=18.3736  gap=0.4395  ema_gap=0.4479  mixup=60/200  5.2 sps  ETA 3.0h  cpc=0.0472
              R²_rand=0.3918  R²_naive=0.4111  U_t=0.7279  U_b=0.7580  AUC=0.9996  Top1=0.9612
  timing: data=2.7ms  fwd=107.9ms  bwd=73.2ms  total=184.4ms
[  43800] loss=18.4348  ema_loss=18.3625  gap=0.4397  ema_gap=0.4530  mixup=58/200  5.2 sps  ETA 3.0h  cpc=0.0931
              R²_rand=0.3996  R²_naive=0.4117  U_t=0.7455  U_b=0.7034  AUC=0.9997  Top1=0.9577
  timing: data=10.4ms  fwd=105.9ms  bwd=73.1ms  total=190.0ms
[  44000] loss=18.2318  ema_loss=18.3408  gap=0.4404  ema_gap=0.4484  mixup=68/200  5.2 sps  ETA 3.0h  cpc=0.0604
              R²_rand=0.3995  R²_naive=0.4183  U_t=0.6803  U_b=0.7639  AUC=0.9996  Top1=0.9552
  timing: data=3.2ms  fwd=107.8ms  bwd=73.0ms  total=184.6ms
[  44200] loss=18.3883  ema_loss=18.3329  gap=0.4617  ema_gap=0.4493  mixup=59/200  5.2 sps  ETA 3.0h  cpc=0.1290
              R²_rand=0.3961  R²_naive=0.4292  U_t=0.7356  U_b=0.7051  AUC=0.9997  Top1=0.9688
  timing: data=3.1ms  fwd=108.7ms  bwd=73.1ms  total=185.4ms
[  44400] loss=18.2025  ema_loss=18.3092  gap=0.4491  ema_gap=0.4467  mixup=60/200  5.2 sps  ETA 3.0h  cpc=0.0569
              R²_rand=0.4089  R²_naive=0.4236  U_t=0.7523  U_b=0.7632  AUC=0.9997  Top1=0.9642
  timing: data=10.3ms  fwd=106.3ms  bwd=73.6ms  total=190.8ms
[  44600] loss=18.2527  ema_loss=18.2755  gap=0.4267  ema_gap=0.4464  mixup=58/200  5.2 sps  ETA 3.0h  cpc=0.0512
              R²_rand=0.3910  R²_naive=0.4101  U_t=0.7303  U_b=0.7368  AUC=0.9996  Top1=0.9574
  timing: data=2.8ms  fwd=107.7ms  bwd=73.2ms  total=184.3ms
[  44800] loss=18.2838  ema_loss=18.3302  gap=0.4439  ema_gap=0.4424  mixup=67/200  5.2 sps  ETA 2.9h  cpc=0.0411
              R²_rand=0.3660  R²_naive=0.4146  U_t=0.7388  U_b=0.7577  AUC=0.9997  Top1=0.9563
  timing: data=2.7ms  fwd=106.4ms  bwd=73.1ms  total=182.8ms
[  45000] loss=18.2507  ema_loss=18.3025  gap=0.4619  ema_gap=0.4428  mixup=58/200  5.2 sps  ETA 2.9h  cpc=0.0534
              R²_rand=0.3885  R²_naive=0.4306  U_t=0.7461  U_b=0.7636  AUC=0.9996  Top1=0.9571
  timing: data=9.8ms  fwd=107.8ms  bwd=73.5ms  total=191.5ms
[  45200] loss=18.3017  ema_loss=18.3063  gap=0.4327  ema_gap=0.4408  mixup=63/200  5.2 sps  ETA 2.9h  cpc=0.0429
              R²_rand=0.3874  R²_naive=0.4131  U_t=0.7508  U_b=0.7681  AUC=0.9995  Top1=0.9455
  timing: data=3.2ms  fwd=107.4ms  bwd=73.2ms  total=184.3ms
[  45400] loss=18.3556  ema_loss=18.2681  gap=0.4277  ema_gap=0.4429  mixup=65/200  5.2 sps  ETA 2.9h  cpc=0.0870
              R²_rand=0.3629  R²_naive=0.4107  U_t=0.7312  U_b=0.7341  AUC=0.9994  Top1=0.9387
  timing: data=3.2ms  fwd=108.9ms  bwd=73.3ms  total=185.9ms
[  45600] loss=18.4599  ema_loss=18.2701  gap=0.4408  ema_gap=0.4420  mixup=58/200  5.2 sps  ETA 2.9h  cpc=0.1683
              R²_rand=0.3971  R²_naive=0.4167  U_t=0.7441  U_b=0.6742  AUC=0.9996  Top1=0.9550
  timing: data=3.1ms  fwd=107.4ms  bwd=73.4ms  total=184.5ms
[  45800] loss=18.1309  ema_loss=18.2864  gap=0.4405  ema_gap=0.4410  mixup=71/200  5.2 sps  ETA 2.9h  cpc=0.0434
              R²_rand=0.3840  R²_naive=0.4208  U_t=0.7225  U_b=0.7693  AUC=0.9995  Top1=0.9528
  timing: data=33.3ms  fwd=106.0ms  bwd=73.1ms  total=213.0ms
[  46000] loss=18.2168  ema_loss=18.2686  gap=0.4466  ema_gap=0.4439  mixup=66/200  5.2 sps  ETA 2.9h  cpc=0.0541
              R²_rand=0.4024  R²_naive=0.4208  U_t=0.7536  U_b=0.7638  AUC=0.9995  Top1=0.9569
  timing: data=2.8ms  fwd=106.3ms  bwd=73.1ms  total=182.7ms
[  46200] loss=18.3023  ema_loss=18.2948  gap=0.4344  ema_gap=0.4384  mixup=64/200  5.2 sps  ETA 2.9h  cpc=0.1164
              R²_rand=0.4129  R²_naive=0.4175  U_t=0.7230  U_b=0.6963  AUC=0.9995  Top1=0.9577
  timing: data=3.2ms  fwd=108.8ms  bwd=74.0ms  total=186.6ms
[  46400] loss=18.1953  ema_loss=18.2684  gap=0.4460  ema_gap=0.4375  mixup=60/200  5.2 sps  ETA 2.9h  cpc=0.0512
              R²_rand=0.3964  R²_naive=0.4233  U_t=0.7334  U_b=0.7504  AUC=0.9994  Top1=0.9520
  timing: data=16.3ms  fwd=107.1ms  bwd=73.6ms  total=197.5ms
[  46600] loss=18.2244  ema_loss=18.2314  gap=0.4416  ema_gap=0.4418  mixup=59/200  5.2 sps  ETA 2.9h  cpc=0.0536
              R²_rand=0.3745  R²_naive=0.4172  U_t=0.7454  U_b=0.7476  AUC=0.9993  Top1=0.9514
  timing: data=3.1ms  fwd=107.0ms  bwd=73.3ms  total=183.9ms
[  46800] loss=18.1342  ema_loss=18.2182  gap=0.4402  ema_gap=0.4420  mixup=57/200  5.2 sps  ETA 2.8h  cpc=0.0476
              R²_rand=0.4039  R²_naive=0.4202  U_t=0.7718  U_b=0.7655  AUC=0.9995  Top1=0.9579
  timing: data=3.1ms  fwd=108.4ms  bwd=73.6ms  total=185.7ms
[  47000] loss=18.0814  ema_loss=18.1709  gap=0.4341  ema_gap=0.4457  mixup=47/200  5.2 sps  ETA 2.8h  cpc=0.0520
              R²_rand=0.4108  R²_naive=0.4176  U_t=0.7604  U_b=0.7598  AUC=0.9996  Top1=0.9525
  timing: data=10.2ms  fwd=106.0ms  bwd=73.3ms  total=190.1ms
[  47200] loss=18.1593  ema_loss=18.1902  gap=0.4378  ema_gap=0.4407  mixup=64/200  5.2 sps  ETA 2.8h  cpc=0.0436
              R²_rand=0.4013  R²_naive=0.4200  U_t=0.7341  U_b=0.7678  AUC=0.9996  Top1=0.9552
  timing: data=3.3ms  fwd=109.1ms  bwd=73.2ms  total=186.0ms
[  47400] loss=18.1080  ema_loss=18.1742  gap=0.4406  ema_gap=0.4398  mixup=58/200  5.2 sps  ETA 2.8h  cpc=0.0692
              R²_rand=0.3906  R²_naive=0.4239  U_t=0.7085  U_b=0.7475  AUC=0.9993  Top1=0.9541
  timing: data=3.5ms  fwd=107.9ms  bwd=74.3ms  total=186.2ms
[  47600] loss=18.1580  ema_loss=18.2032  gap=0.4380  ema_gap=0.4407  mixup=62/200  5.2 sps  ETA 2.8h  cpc=0.0498
              R²_rand=0.3964  R²_naive=0.4212  U_t=0.7473  U_b=0.7758  AUC=0.9995  Top1=0.9506
  timing: data=10.5ms  fwd=108.1ms  bwd=73.4ms  total=192.5ms
[  47800] loss=18.0823  ema_loss=18.1535  gap=0.4635  ema_gap=0.4431  mixup=60/200  5.2 sps  ETA 2.8h  cpc=0.0544
              R²_rand=0.4042  R²_naive=0.4358  U_t=0.7581  U_b=0.7697  AUC=0.9996  Top1=0.9585
  timing: data=3.1ms  fwd=107.0ms  bwd=73.1ms  total=183.7ms
[  48000] loss=18.1925  ema_loss=18.1755  gap=0.4258  ema_gap=0.4423  mixup=61/200  5.2 sps  ETA 2.8h  cpc=0.0529
              R²_rand=0.3886  R²_naive=0.4112  U_t=0.7511  U_b=0.7641  AUC=0.9996  Top1=0.9509
  timing: data=2.9ms  fwd=108.2ms  bwd=73.3ms  total=184.9ms
[  48200] loss=18.2142  ema_loss=18.2314  gap=0.4255  ema_gap=0.4403  mixup=64/200  5.2 sps  ETA 2.8h  cpc=0.0433
              R²_rand=0.3896  R²_naive=0.4131  U_t=0.7486  U_b=0.7819  AUC=0.9994  Top1=0.9509
  timing: data=10.3ms  fwd=106.8ms  bwd=73.4ms  total=191.0ms
[  48400] loss=18.4030  ema_loss=18.2253  gap=0.4251  ema_gap=0.4388  mixup=66/200  5.2 sps  ETA 2.8h  cpc=0.1333
              R²_rand=0.4003  R²_naive=0.4101  U_t=0.7692  U_b=0.6870  AUC=0.9995  Top1=0.9506
  timing: data=3.0ms  fwd=107.6ms  bwd=73.6ms  total=184.7ms
[  48600] loss=18.1786  ema_loss=18.2265  gap=0.4401  ema_gap=0.4399  mixup=57/200  5.2 sps  ETA 2.7h  cpc=0.0599
              R²_rand=0.4048  R²_naive=0.4197  U_t=0.7577  U_b=0.7699  AUC=0.9993  Top1=0.9457
  timing: data=3.1ms  fwd=107.3ms  bwd=73.5ms  total=184.4ms
[  48800] loss=18.0762  ema_loss=18.2163  gap=0.4317  ema_gap=0.4390  mixup=65/200  5.2 sps  ETA 2.7h  cpc=0.0309
              R²_rand=0.3684  R²_naive=0.4171  U_t=0.7561  U_b=0.7883  AUC=0.9994  Top1=0.9449
  timing: data=10.5ms  fwd=108.3ms  bwd=73.5ms  total=192.8ms
[  49000] loss=18.1011  ema_loss=18.1716  gap=0.4600  ema_gap=0.4480  mixup=53/200  5.2 sps  ETA 2.7h  cpc=0.0526
              R²_rand=0.4102  R²_naive=0.4294  U_t=0.7131  U_b=0.7797  AUC=0.9993  Top1=0.9365
  timing: data=2.9ms  fwd=106.9ms  bwd=73.4ms  total=183.7ms
[  49200] loss=18.1118  ema_loss=18.1595  gap=0.4276  ema_gap=0.4455  mixup=64/200  5.2 sps  ETA 2.7h  cpc=0.0509
              R²_rand=0.3933  R²_naive=0.4207  U_t=0.7472  U_b=0.7687  AUC=0.9991  Top1=0.9251
  timing: data=3.2ms  fwd=109.1ms  bwd=73.8ms  total=186.6ms
[  49400] loss=18.2201  ema_loss=18.0724  gap=0.4445  ema_gap=0.4491  mixup=51/200  5.2 sps  ETA 2.7h  cpc=0.1134
              R²_rand=0.4140  R²_naive=0.4228  U_t=0.7312  U_b=0.7153  AUC=0.9995  Top1=0.9441
  timing: data=9.9ms  fwd=107.0ms  bwd=75.7ms  total=193.2ms
[  49600] loss=17.9087  ema_loss=18.0424  gap=0.4507  ema_gap=0.4525  mixup=59/200  5.2 sps  ETA 2.7h  cpc=0.0472
              R²_rand=0.4131  R²_naive=0.4343  U_t=0.7423  U_b=0.7750  AUC=0.9993  Top1=0.9503
  timing: data=3.3ms  fwd=108.8ms  bwd=75.2ms  total=187.9ms
[  49800] loss=18.0486  ema_loss=17.9653  gap=0.4416  ema_gap=0.4565  mixup=49/200  5.2 sps  ETA 2.7h  cpc=0.1025
              R²_rand=0.4122  R²_naive=0.4329  U_t=0.7477  U_b=0.7211  AUC=0.9996  Top1=0.9482
  timing: data=3.2ms  fwd=110.1ms  bwd=77.0ms  total=190.8ms
  -> Saved /home/jupyter/wt-cf-379-train/experiments/2026-07-21_split_pred_rep_small/runs/bb_small_arm1_nse_split_pred_rep_enc3l3_b64_200k_sigreg_ema_qk_aon_cpc_tau090_r2_best_loss.pth
[  50000] loss=18.0183  ema_loss=18.0099  gap=0.4420  ema_gap=0.4548  mixup=74/200  5.2 sps  ETA 2.7h  cpc=0.0358
              R²_rand=0.4148  R²_naive=0.4265  U_t=0.7483  U_b=0.7748  AUC=0.9995  Top1=0.9465
  timing: data=3.3ms  fwd=108.8ms  bwd=76.6ms  total=189.3ms
  -> Saved /home/jupyter/wt-cf-379-train/experiments/2026-07-21_split_pred_rep_small/runs/bb_small_arm1_nse_split_pred_rep_enc3l3_b64_200k_sigreg_ema_qk_aon_cpc_tau090_r2_50k.pth
[  50200] loss=17.8360  ema_loss=17.9730  gap=0.4797  ema_gap=0.4603  mixup=64/200  5.2 sps  ETA 2.7h  cpc=0.0319
              R²_rand=0.4164  R²_naive=0.4517  U_t=0.7259  U_b=0.7865  AUC=0.9995  Top1=0.9400
  timing: data=9.6ms  fwd=107.8ms  bwd=74.6ms  total=192.5ms
[  50400] loss=17.9309  ema_loss=17.9602  gap=0.4580  ema_gap=0.4601  mixup=62/200  5.2 sps  ETA 2.6h  cpc=0.0482
              R²_rand=0.3888  R²_naive=0.4369  U_t=0.7774  U_b=0.7829  AUC=0.9992  Top1=0.9254
  timing: data=3.0ms  fwd=107.6ms  bwd=73.2ms  total=184.4ms
  -> Saved /home/jupyter/wt-cf-379-train/experiments/2026-07-21_split_pred_rep_small/runs/bb_small_arm1_nse_split_pred_rep_enc3l3_b64_200k_sigreg_ema_qk_aon_cpc_tau090_r2_best_loss.pth
[  50600] loss=17.7820  ema_loss=17.9127  gap=0.4771  ema_gap=0.4641  mixup=65/200  5.2 sps  ETA 2.6h  cpc=0.0583
              R²_rand=0.4110  R²_naive=0.4491  U_t=0.7047  U_b=0.7852  AUC=0.9995  Top1=0.9395
  timing: data=3.0ms  fwd=108.1ms  bwd=73.1ms  total=184.7ms
  -> Saved /home/jupyter/wt-cf-379-train/experiments/2026-07-21_split_pred_rep_small/runs/bb_small_arm1_nse_split_pred_rep_enc3l3_b64_200k_sigreg_ema_qk_aon_cpc_tau090_r2_best_loss.pth
[  50800] loss=17.8435  ema_loss=17.8646  gap=0.4619  ema_gap=0.4671  mixup=52/200  5.2 sps  ETA 2.6h  cpc=0.0581
              R²_rand=0.4045  R²_naive=0.4375  U_t=0.7200  U_b=0.7766  AUC=0.9994  Top1=0.9419
  timing: data=24.9ms  fwd=106.0ms  bwd=73.1ms  total=204.5ms
  -> Saved /home/jupyter/wt-cf-379-train/experiments/2026-07-21_split_pred_rep_small/runs/bb_small_arm1_nse_split_pred_rep_enc3l3_b64_200k_sigreg_ema_qk_aon_cpc_tau090_r2_best_loss.pth
[  51000] loss=17.8306  ema_loss=17.8926  gap=0.4620  ema_gap=0.4644  mixup=57/200  5.2 sps  ETA 2.6h  cpc=0.0343
              R²_rand=0.4068  R²_naive=0.4378  U_t=0.7657  U_b=0.7832  AUC=0.9994  Top1=0.9384
  timing: data=2.8ms  fwd=107.6ms  bwd=73.1ms  total=184.1ms
[  51200] loss=17.9222  ema_loss=17.8861  gap=0.4344  ema_gap=0.4597  mixup=56/200  5.2 sps  ETA 2.6h  cpc=0.0611
              R²_rand=0.4019  R²_naive=0.4284  U_t=0.7589  U_b=0.7758  AUC=0.9994  Top1=0.9341
  timing: data=2.7ms  fwd=106.2ms  bwd=73.2ms  total=182.6ms
[  51400] loss=17.7456  ema_loss=17.8869  gap=0.4543  ema_gap=0.4598  mixup=57/200  5.2 sps  ETA 2.6h  cpc=0.0276
              R²_rand=0.4289  R²_naive=0.4405  U_t=0.7631  U_b=0.7964  AUC=0.9995  Top1=0.9446
  timing: data=10.0ms  fwd=106.8ms  bwd=74.6ms  total=192.0ms
[  51600] loss=18.2240  ema_loss=17.9003  gap=0.4462  ema_gap=0.4561  mixup=57/200  5.2 sps  ETA 2.6h  cpc=0.1629
              R²_rand=0.4223  R²_naive=0.4335  U_t=0.7650  U_b=0.6771  AUC=0.9995  Top1=0.9493
  timing: data=3.2ms  fwd=108.0ms  bwd=74.0ms  total=185.7ms
[  51800] loss=18.0264  ema_loss=17.8864  gap=0.4621  ema_gap=0.4588  mixup=58/200  5.2 sps  ETA 2.6h  cpc=0.0660
              R²_rand=0.3972  R²_naive=0.4396  U_t=0.7297  U_b=0.7865  AUC=0.9994  Top1=0.9357
  timing: data=3.2ms  fwd=109.1ms  bwd=73.8ms  total=186.7ms
[  52000] loss=18.2891  ema_loss=17.9097  gap=0.4497  ema_gap=0.4567  mixup=58/200  5.2 sps  ETA 2.6h  cpc=0.2264
              R²_rand=0.3854  R²_naive=0.4405  U_t=0.7780  U_b=0.6825  AUC=0.9995  Top1=0.9457
  timing: data=10.8ms  fwd=105.9ms  bwd=73.3ms  total=190.5ms
[  52200] loss=17.7693  ema_loss=17.9549  gap=0.4703  ema_gap=0.4547  mixup=65/200  5.2 sps  ETA 2.6h  cpc=0.0458
              R²_rand=0.4136  R²_naive=0.4520  U_t=0.7635  U_b=0.7847  AUC=0.9995  Top1=0.9474
  timing: data=3.1ms  fwd=108.6ms  bwd=73.2ms  total=185.5ms
[  52400] loss=17.9436  ema_loss=17.9272  gap=0.4538  ema_gap=0.4545  mixup=49/200  5.2 sps  ETA 2.5h  cpc=0.0640
              R²_rand=0.3966  R²_naive=0.4396  U_t=0.7422  U_b=0.7733  AUC=0.9993  Top1=0.9417
  timing: data=3.0ms  fwd=107.6ms  bwd=73.3ms  total=184.4ms
[  52600] loss=17.8990  ema_loss=17.9218  gap=0.4536  ema_gap=0.4534  mixup=49/200  5.2 sps  ETA 2.5h  cpc=0.0612
              R²_rand=0.4069  R²_naive=0.4326  U_t=0.7360  U_b=0.7679  AUC=0.9995  Top1=0.9460
  timing: data=10.7ms  fwd=108.3ms  bwd=75.1ms  total=194.7ms
[  52800] loss=18.2221  ema_loss=17.9463  gap=0.4444  ema_gap=0.4511  mixup=73/200  5.2 sps  ETA 2.5h  cpc=0.1829
              R²_rand=0.4055  R²_naive=0.4284  U_t=0.7846  U_b=0.6703  AUC=0.9996  Top1=0.9547
  timing: data=3.2ms  fwd=108.2ms  bwd=76.8ms  total=188.8ms
[  53000] loss=18.1546  ema_loss=17.9305  gap=0.4554  ema_gap=0.4525  mixup=57/200  5.2 sps  ETA 2.5h  cpc=0.1501
              R²_rand=0.3992  R²_naive=0.4376  U_t=0.7432  U_b=0.6984  AUC=0.9991  Top1=0.9313
  timing: data=3.1ms  fwd=109.3ms  bwd=73.6ms  total=186.6ms
[  53200] loss=17.8695  ema_loss=17.9351  gap=0.4626  ema_gap=0.4552  mixup=65/200  5.2 sps  ETA 2.5h  cpc=0.0574
              R²_rand=0.4060  R²_naive=0.4439  U_t=0.7306  U_b=0.7738  AUC=0.9996  Top1=0.9528
  timing: data=10.5ms  fwd=107.2ms  bwd=74.8ms  total=193.0ms
[  53400] loss=17.9293  ema_loss=17.9192  gap=0.4416  ema_gap=0.4559  mixup=71/200  5.2 sps  ETA 2.5h  cpc=0.0700
              R²_rand=0.4054  R²_naive=0.4323  U_t=0.7574  U_b=0.7449  AUC=0.9994  Top1=0.9452
  timing: data=3.2ms  fwd=110.0ms  bwd=77.3ms  total=191.2ms
[  53600] loss=17.8169  ema_loss=17.8762  gap=0.4741  ema_gap=0.4628  mixup=57/200  5.2 sps  ETA 2.5h  cpc=0.0878
              R²_rand=0.4215  R²_naive=0.4563  U_t=0.6883  U_b=0.7771  AUC=0.9996  Top1=0.9460
  timing: data=3.1ms  fwd=108.8ms  bwd=77.6ms  total=190.1ms
[  53800] loss=17.7901  ema_loss=17.8722  gap=0.4716  ema_gap=0.4666  mixup=62/200  5.2 sps  ETA 2.5h  cpc=0.0441
              R²_rand=0.4105  R²_naive=0.4461  U_t=0.7402  U_b=0.7866  AUC=0.9995  Top1=0.9506
  timing: data=10.6ms  fwd=109.0ms  bwd=78.2ms  total=198.4ms
[  54000] loss=17.8778  ema_loss=17.8806  gap=0.4697  ema_gap=0.4661  mixup=55/200  5.2 sps  ETA 2.5h  cpc=0.0423
              R²_rand=0.4106  R²_naive=0.4414  U_t=0.7556  U_b=0.7885  AUC=0.9994  Top1=0.9275
  timing: data=3.1ms  fwd=108.2ms  bwd=77.0ms  total=188.9ms
[  54200] loss=17.7824  ema_loss=17.8889  gap=0.4662  ema_gap=0.4688  mixup=52/200  5.2 sps  ETA 2.4h  cpc=0.0337
              R²_rand=0.4218  R²_naive=0.4413  U_t=0.7702  U_b=0.7774  AUC=0.9997  Top1=0.9588
  timing: data=3.4ms  fwd=108.7ms  bwd=74.9ms  total=187.5ms
[  54400] loss=17.7843  ema_loss=17.8905  gap=0.4640  ema_gap=0.4677  mixup=60/200  5.2 sps  ETA 2.4h  cpc=0.0418
              R²_rand=0.4168  R²_naive=0.4417  U_t=0.7841  U_b=0.7804  AUC=0.9997  Top1=0.9620
  timing: data=10.5ms  fwd=107.5ms  bwd=75.2ms  total=193.8ms
[  54600] loss=18.0073  ema_loss=17.9237  gap=0.4578  ema_gap=0.4649  mixup=63/200  5.2 sps  ETA 2.4h  cpc=0.0966
              R²_rand=0.4022  R²_naive=0.4384  U_t=0.7414  U_b=0.7593  AUC=0.9993  Top1=0.9313
  timing: data=2.8ms  fwd=108.0ms  bwd=74.7ms  total=186.1ms
[  54800] loss=18.0253  ema_loss=17.9166  gap=0.4737  ema_gap=0.4696  mixup=63/200  5.2 sps  ETA 2.4h  cpc=0.1228
              R²_rand=0.4252  R²_naive=0.4516  U_t=0.7537  U_b=0.6896  AUC=0.9997  Top1=0.9590
  timing: data=2.7ms  fwd=107.1ms  bwd=74.0ms  total=184.3ms
[  55000] loss=17.8007  ema_loss=17.9472  gap=0.4894  ema_gap=0.4686  mixup=54/200  5.2 sps  ETA 2.4h  cpc=0.0949
              R²_rand=0.4271  R²_naive=0.4569  U_t=0.7359  U_b=0.7693  AUC=0.9995  Top1=0.9514
  timing: data=2.8ms  fwd=108.7ms  bwd=73.6ms  total=185.7ms
[  55200] loss=17.9514  ema_loss=17.9321  gap=0.4686  ema_gap=0.4705  mixup=61/200  5.2 sps  ETA 2.4h  cpc=0.0713
              R²_rand=0.4048  R²_naive=0.4423  U_t=0.7554  U_b=0.7560  AUC=0.9996  Top1=0.9560
  timing: data=10.1ms  fwd=106.3ms  bwd=73.5ms  total=190.5ms
[  55400] loss=17.8379  ema_loss=17.9423  gap=0.4805  ema_gap=0.4709  mixup=56/200  5.2 sps  ETA 2.4h  cpc=0.0472
              R²_rand=0.4221  R²_naive=0.4482  U_t=0.7679  U_b=0.7922  AUC=0.9995  Top1=0.9455
  timing: data=3.0ms  fwd=108.3ms  bwd=73.8ms  total=185.6ms
[  55600] loss=17.9054  ema_loss=18.0017  gap=0.4668  ema_gap=0.4657  mixup=74/200  5.2 sps  ETA 2.4h  cpc=0.0367
              R²_rand=0.4171  R²_naive=0.4412  U_t=0.7530  U_b=0.7940  AUC=0.9994  Top1=0.9338
  timing: data=3.1ms  fwd=108.3ms  bwd=73.5ms  total=185.5ms
[  55800] loss=17.7653  ema_loss=17.9727  gap=0.4921  ema_gap=0.4695  mixup=63/200  5.2 sps  ETA 2.4h  cpc=0.0550
              R²_rand=0.4408  R²_naive=0.4650  U_t=0.7632  U_b=0.7888  AUC=0.9997  Top1=0.9582
  timing: data=10.2ms  fwd=108.4ms  bwd=73.5ms  total=192.6ms
[  56000] loss=17.8338  ema_loss=17.9519  gap=0.4884  ema_gap=0.4696  mixup=57/200  5.2 sps  ETA 2.3h  cpc=0.0460
              R²_rand=0.4249  R²_naive=0.4540  U_t=0.7422  U_b=0.7919  AUC=0.9995  Top1=0.9533
  timing: data=3.1ms  fwd=108.1ms  bwd=73.6ms  total=185.3ms
[  56200] loss=17.9754  ema_loss=17.9408  gap=0.4758  ema_gap=0.4713  mixup=50/200  5.2 sps  ETA 2.3h  cpc=0.0725
              R²_rand=0.4131  R²_naive=0.4469  U_t=0.7312  U_b=0.7755  AUC=0.9997  Top1=0.9601
  timing: data=3.3ms  fwd=108.4ms  bwd=73.7ms  total=186.0ms
[  56400] loss=17.9872  ema_loss=17.9360  gap=0.4421  ema_gap=0.4655  mixup=69/200  5.2 sps  ETA 2.3h  cpc=0.0630
              R²_rand=0.4018  R²_naive=0.4214  U_t=0.7286  U_b=0.7716  AUC=0.9994  Top1=0.9351
  timing: data=10.4ms  fwd=108.2ms  bwd=76.8ms  total=196.1ms
[  56600] loss=17.8511  ema_loss=17.9071  gap=0.4668  ema_gap=0.4688  mixup=57/200  5.2 sps  ETA 2.3h  cpc=0.0317
              R²_rand=0.4295  R²_naive=0.4467  U_t=0.7755  U_b=0.7969  AUC=0.9994  Top1=0.9522
  timing: data=3.2ms  fwd=110.2ms  bwd=77.0ms  total=191.0ms
[  56800] loss=17.8524  ema_loss=17.8818  gap=0.4816  ema_gap=0.4723  mixup=56/200  5.2 sps  ETA 2.3h  cpc=0.0736
              R²_rand=0.4136  R²_naive=0.4482  U_t=0.7094  U_b=0.7850  AUC=0.9996  Top1=0.9552
  timing: data=3.1ms  fwd=108.9ms  bwd=76.9ms  total=189.6ms
[  57000] loss=17.7659  ema_loss=17.8686  gap=0.4640  ema_gap=0.4708  mixup=60/200  5.2 sps  ETA 2.3h  cpc=0.0373
              R²_rand=0.4239  R²_naive=0.4420  U_t=0.7607  U_b=0.7940  AUC=0.9993  Top1=0.9400
  timing: data=10.7ms  fwd=108.7ms  bwd=75.5ms  total=195.4ms
[  57200] loss=17.7147  ema_loss=17.8537  gap=0.4617  ema_gap=0.4710  mixup=59/200  5.2 sps  ETA 2.3h  cpc=0.0451
              R²_rand=0.4160  R²_naive=0.4362  U_t=0.7382  U_b=0.7915  AUC=0.9994  Top1=0.9351
  timing: data=3.3ms  fwd=110.2ms  bwd=77.0ms  total=191.1ms
  -> Saved /home/jupyter/wt-cf-379-train/experiments/2026-07-21_split_pred_rep_small/runs/bb_small_arm1_nse_split_pred_rep_enc3l3_b64_200k_sigreg_ema_qk_aon_cpc_tau090_r2_best_loss.pth
[  57400] loss=17.6539  ema_loss=17.8421  gap=0.4715  ema_gap=0.4718  mixup=53/200  5.2 sps  ETA 2.3h  cpc=0.0402
              R²_rand=0.4359  R²_naive=0.4498  U_t=0.7790  U_b=0.8078  AUC=0.9996  Top1=0.9539
  timing: data=3.0ms  fwd=108.1ms  bwd=77.6ms  total=189.3ms
  -> Saved /home/jupyter/wt-cf-379-train/experiments/2026-07-21_split_pred_rep_small/runs/bb_small_arm1_nse_split_pred_rep_enc3l3_b64_200k_sigreg_ema_qk_aon_cpc_tau090_r2_best_loss.pth
[  57600] loss=17.9372  ema_loss=17.9050  gap=0.4735  ema_gap=0.4686  mixup=66/200  5.2 sps  ETA 2.3h  cpc=0.0703
              R²_rand=0.4176  R²_naive=0.4497  U_t=0.7571  U_b=0.7734  AUC=0.9996  Top1=0.9503
  timing: data=11.0ms  fwd=108.3ms  bwd=75.2ms  total=195.1ms
[  57800] loss=17.9340  ema_loss=17.9779  gap=0.5124  ema_gap=0.4668  mixup=62/200  5.2 sps  ETA 2.3h  cpc=0.0901
              R²_rand=0.4411  R²_naive=0.4709  U_t=0.7097  U_b=0.7673  AUC=0.9996  Top1=0.9550
  timing: data=2.8ms  fwd=107.2ms  bwd=73.9ms  total=184.5ms
[  58000] loss=17.8219  ema_loss=17.9449  gap=0.4690  ema_gap=0.4725  mixup=64/200  5.2 sps  ETA 2.2h  cpc=0.0438
              R²_rand=0.4213  R²_naive=0.4466  U_t=0.7549  U_b=0.7930  AUC=0.9995  Top1=0.9430
  timing: data=3.1ms  fwd=109.6ms  bwd=77.0ms  total=190.4ms
[  58200] loss=18.1751  ema_loss=17.9398  gap=0.4841  ema_gap=0.4705  mixup=56/200  5.2 sps  ETA 2.2h  cpc=0.2014
              R²_rand=0.4218  R²_naive=0.4540  U_t=0.7403  U_b=0.6731  AUC=0.9995  Top1=0.9498
  timing: data=10.3ms  fwd=107.5ms  bwd=75.0ms  total=193.3ms
[  58400] loss=17.9732  ema_loss=17.9712  gap=0.4773  ema_gap=0.4675  mixup=62/200  5.2 sps  ETA 2.2h  cpc=0.0802
              R²_rand=0.4061  R²_naive=0.4453  U_t=0.7578  U_b=0.7735  AUC=0.9994  Top1=0.9319
  timing: data=3.1ms  fwd=108.7ms  bwd=73.2ms  total=185.6ms
[  58600] loss=17.7966  ema_loss=17.9407  gap=0.4787  ema_gap=0.4718  mixup=64/200  5.2 sps  ETA 2.2h  cpc=0.0410
              R²_rand=0.4280  R²_naive=0.4479  U_t=0.7259  U_b=0.7962  AUC=0.9995  Top1=0.9522
  timing: data=3.0ms  fwd=106.7ms  bwd=73.0ms  total=183.2ms
[  58800] loss=17.8460  ema_loss=17.9633  gap=0.4623  ema_gap=0.4693  mixup=69/200  5.2 sps  ETA 2.2h  cpc=0.0353
              R²_rand=0.4189  R²_naive=0.4341  U_t=0.7393  U_b=0.7884  AUC=0.9992  Top1=0.9417
  timing: data=10.4ms  fwd=107.6ms  bwd=73.2ms  total=191.7ms
[  59000] loss=17.8786  ema_loss=17.9907  gap=0.4626  ema_gap=0.4670  mixup=68/200  5.2 sps  ETA 2.2h  cpc=0.0610
              R²_rand=0.4204  R²_naive=0.4374  U_t=0.7230  U_b=0.7824  AUC=0.9994  Top1=0.9324
  timing: data=3.5ms  fwd=108.8ms  bwd=76.2ms  total=189.1ms
[  59200] loss=17.9195  ema_loss=17.9360  gap=0.4629  ema_gap=0.4731  mixup=51/200  5.2 sps  ETA 2.2h  cpc=0.0505
              R²_rand=0.4103  R²_naive=0.4388  U_t=0.7191  U_b=0.7923  AUC=0.9995  Top1=0.9414
  timing: data=3.3ms  fwd=109.8ms  bwd=76.9ms  total=190.6ms
[  59400] loss=18.0316  ema_loss=18.0508  gap=0.4518  ema_gap=0.4634  mixup=69/200  5.2 sps  ETA 2.2h  cpc=0.0641
              R²_rand=0.4023  R²_naive=0.4322  U_t=0.7293  U_b=0.7483  AUC=0.9995  Top1=0.9520
  timing: data=10.4ms  fwd=108.1ms  bwd=76.1ms  total=195.2ms
[  59600] loss=17.9340  ema_loss=17.9769  gap=0.4776  ema_gap=0.4710  mixup=51/200  5.2 sps  ETA 2.2h  cpc=0.0749
              R²_rand=0.4103  R²_naive=0.4482  U_t=0.6848  U_b=0.7848  AUC=0.9994  Top1=0.9406
  timing: data=3.1ms  fwd=109.3ms  bwd=73.4ms  total=186.4ms
[  59800] loss=17.9381  ema_loss=18.0132  gap=0.4610  ema_gap=0.4665  mixup=64/200  5.2 sps  ETA 2.1h  cpc=0.0459
              R²_rand=0.3978  R²_naive=0.4368  U_t=0.7512  U_b=0.7847  AUC=0.9994  Top1=0.9376
  timing: data=3.2ms  fwd=107.7ms  bwd=73.4ms  total=184.7ms
[  60000] loss=17.9981  ema_loss=18.0253  gap=0.4611  ema_gap=0.4653  mixup=66/200  5.2 sps  ETA 2.1h  cpc=0.0813
              R²_rand=0.4180  R²_naive=0.4364  U_t=0.7179  U_b=0.7836  AUC=0.9994  Top1=0.9360
  timing: data=3.1ms  fwd=109.2ms  bwd=73.4ms  total=186.2ms
[  60200] loss=18.1733  ema_loss=17.9877  gap=0.4751  ema_gap=0.4729  mixup=55/200  5.2 sps  ETA 2.1h  cpc=0.0721
              R²_rand=0.4215  R²_naive=0.4480  U_t=0.7191  U_b=0.7839  AUC=0.9995  Top1=0.9411
  timing: data=10.4ms  fwd=106.7ms  bwd=73.7ms  total=191.4ms
[  60400] loss=18.0430  ema_loss=17.9571  gap=0.4668  ema_gap=0.4723  mixup=53/200  5.2 sps  ETA 2.1h  cpc=0.0713
              R²_rand=0.4113  R²_naive=0.4470  U_t=0.7781  U_b=0.7672  AUC=0.9996  Top1=0.9476
  timing: data=3.1ms  fwd=109.5ms  bwd=73.9ms  total=187.0ms
[  60600] loss=18.1399  ema_loss=18.0077  gap=0.4645  ema_gap=0.4723  mixup=64/200  5.2 sps  ETA 2.1h  cpc=0.1344
              R²_rand=0.4085  R²_naive=0.4392  U_t=0.7548  U_b=0.7156  AUC=0.9993  Top1=0.9465
  timing: data=3.2ms  fwd=107.8ms  bwd=74.0ms  total=185.5ms
[  60800] loss=18.0447  ema_loss=18.0333  gap=0.4595  ema_gap=0.4710  mixup=70/200  5.2 sps  ETA 2.1h  cpc=0.0476
              R²_rand=0.4124  R²_naive=0.4412  U_t=0.7480  U_b=0.7759  AUC=0.9991  Top1=0.9351
  timing: data=38.3ms  fwd=109.3ms  bwd=75.3ms  total=223.5ms
[  61000] loss=17.9344  ema_loss=18.0105  gap=0.4739  ema_gap=0.4758  mixup=57/200  5.2 sps  ETA 2.1h  cpc=0.0609
              R²_rand=0.4298  R²_naive=0.4509  U_t=0.7715  U_b=0.8079  AUC=0.9992  Top1=0.9294
  timing: data=3.1ms  fwd=108.4ms  bwd=74.3ms  total=186.3ms
[  61200] loss=17.9003  ema_loss=18.0232  gap=0.4788  ema_gap=0.4788  mixup=60/200  5.2 sps  ETA 2.1h  cpc=0.0713
              R²_rand=0.4301  R²_naive=0.4513  U_t=0.7513  U_b=0.7689  AUC=0.9995  Top1=0.9452
  timing: data=2.8ms  fwd=108.0ms  bwd=73.7ms  total=185.0ms
[  61400] loss=17.8487  ema_loss=18.0340  gap=0.4803  ema_gap=0.4794  mixup=65/200  5.2 sps  ETA 2.1h  cpc=0.0346
              R²_rand=0.4305  R²_naive=0.4536  U_t=0.7702  U_b=0.7990  AUC=0.9995  Top1=0.9446
  timing: data=10.0ms  fwd=106.2ms  bwd=73.5ms  total=190.3ms
[  61600] loss=18.0115  ema_loss=18.0287  gap=0.4908  ema_gap=0.4763  mixup=52/200  5.2 sps  ETA 2.1h  cpc=0.0929
              R²_rand=0.4273  R²_naive=0.4589  U_t=0.7133  U_b=0.7851  AUC=0.9993  Top1=0.9327
  timing: data=3.1ms  fwd=109.1ms  bwd=73.4ms  total=186.2ms
[  61800] loss=18.0732  ema_loss=18.0389  gap=0.4759  ema_gap=0.4742  mixup=69/200  5.2 sps  ETA 2.0h  cpc=0.0670
              R²_rand=0.4121  R²_naive=0.4411  U_t=0.7224  U_b=0.7780  AUC=0.9993  Top1=0.9322
  timing: data=3.0ms  fwd=108.0ms  bwd=73.4ms  total=185.0ms
[  62000] loss=18.0050  ema_loss=18.0397  gap=0.4900  ema_gap=0.4774  mixup=57/200  5.2 sps  ETA 2.0h  cpc=0.1367
              R²_rand=0.4353  R²_naive=0.4665  U_t=0.7357  U_b=0.7264  AUC=0.9995  Top1=0.9455
  timing: data=10.5ms  fwd=107.8ms  bwd=74.6ms  total=193.5ms
[  62200] loss=17.8974  ema_loss=18.0078  gap=0.4737  ema_gap=0.4782  mixup=71/200  5.2 sps  ETA 2.0h  cpc=0.0523
              R²_rand=0.4124  R²_naive=0.4506  U_t=0.7474  U_b=0.7786  AUC=0.9993  Top1=0.9425
  timing: data=3.1ms  fwd=107.7ms  bwd=73.3ms  total=184.7ms
[  62400] loss=17.9859  ema_loss=17.9300  gap=0.4713  ema_gap=0.4866  mixup=54/200  5.2 sps  ETA 2.0h  cpc=0.1012
              R²_rand=0.4207  R²_naive=0.4482  U_t=0.6573  U_b=0.7886  AUC=0.9993  Top1=0.9259
  timing: data=2.9ms  fwd=108.4ms  bwd=73.4ms  total=185.2ms
[  62600] loss=18.3597  ema_loss=18.0095  gap=0.4780  ema_gap=0.4795  mixup=64/200  5.2 sps  ETA 2.0h  cpc=0.1105
              R²_rand=0.4053  R²_naive=0.4479  U_t=0.7474  U_b=0.6894  AUC=0.9995  Top1=0.9479
  timing: data=10.3ms  fwd=106.6ms  bwd=74.3ms  total=191.8ms
[  62800] loss=18.0309  ema_loss=18.0121  gap=0.4694  ema_gap=0.4800  mixup=73/200  5.2 sps  ETA 2.0h  cpc=0.0482
              R²_rand=0.4023  R²_naive=0.4434  U_t=0.7627  U_b=0.7834  AUC=0.9994  Top1=0.9330
  timing: data=3.2ms  fwd=108.6ms  bwd=74.7ms  total=187.1ms
[  63000] loss=17.6584  ema_loss=17.8874  gap=0.5002  ema_gap=0.4902  mixup=46/200  5.2 sps  ETA 2.0h  cpc=0.0364
              R²_rand=0.4328  R²_naive=0.4656  U_t=0.7449  U_b=0.8120  AUC=0.9996  Top1=0.9558
  timing: data=2.8ms  fwd=106.9ms  bwd=73.6ms  total=183.9ms
[  63200] loss=17.8885  ema_loss=17.9191  gap=0.4929  ema_gap=0.4881  mixup=58/200  5.2 sps  ETA 2.0h  cpc=0.0847
              R²_rand=0.4156  R²_naive=0.4609  U_t=0.7464  U_b=0.7556  AUC=0.9994  Top1=0.9341
  timing: data=10.5ms  fwd=108.1ms  bwd=74.6ms  total=193.7ms
[  63400] loss=17.8459  ema_loss=17.8942  gap=0.4979  ema_gap=0.4888  mixup=52/200  5.2 sps  ETA 2.0h  cpc=0.0795
              R²_rand=0.4290  R²_naive=0.4633  U_t=0.7243  U_b=0.7759  AUC=0.9996  Top1=0.9550
  timing: data=3.0ms  fwd=107.7ms  bwd=73.9ms  total=185.1ms
[  63600] loss=18.0877  ema_loss=17.9298  gap=0.4820  ema_gap=0.4835  mixup=59/200  5.2 sps  ETA 1.9h  cpc=0.0729
              R²_rand=0.4239  R²_naive=0.4520  U_t=0.6969  U_b=0.7748  AUC=0.9995  Top1=0.9465
  timing: data=3.0ms  fwd=109.1ms  bwd=73.4ms  total=186.1ms
[  63800] loss=17.9291  ema_loss=17.8992  gap=0.4821  ema_gap=0.4856  mixup=58/200  5.2 sps  ETA 1.9h  cpc=0.0858
              R²_rand=0.4178  R²_naive=0.4485  U_t=0.7150  U_b=0.7938  AUC=0.9993  Top1=0.9343
  timing: data=10.1ms  fwd=107.4ms  bwd=73.6ms  total=191.7ms
[  64000] loss=18.0549  ema_loss=17.9011  gap=0.4683  ema_gap=0.4840  mixup=70/200  5.2 sps  ETA 1.9h  cpc=0.1182
              R²_rand=0.4115  R²_naive=0.4437  U_t=0.7448  U_b=0.7249  AUC=0.9994  Top1=0.9400
  timing: data=3.2ms  fwd=109.3ms  bwd=73.4ms  total=186.4ms
[  64200] loss=17.8395  ema_loss=17.8830  gap=0.4922  ema_gap=0.4824  mixup=53/200  5.2 sps  ETA 1.9h  cpc=0.0677
              R²_rand=0.4209  R²_naive=0.4610  U_t=0.7699  U_b=0.7899  AUC=0.9994  Top1=0.9460
  timing: data=3.1ms  fwd=107.4ms  bwd=73.2ms  total=184.3ms
[  64400] loss=17.8267  ema_loss=17.8869  gap=0.4838  ema_gap=0.4825  mixup=66/200  5.2 sps  ETA 1.9h  cpc=0.0763
              R²_rand=0.4389  R²_naive=0.4609  U_t=0.7361  U_b=0.7823  AUC=0.9994  Top1=0.9368
  timing: data=10.4ms  fwd=108.0ms  bwd=73.6ms  total=192.5ms
[  64600] loss=17.7186  ema_loss=17.8496  gap=0.4879  ema_gap=0.4855  mixup=61/200  5.2 sps  ETA 1.9h  cpc=0.0538
              R²_rand=0.4391  R²_naive=0.4613  U_t=0.7283  U_b=0.7911  AUC=0.9994  Top1=0.9465
  timing: data=3.2ms  fwd=107.6ms  bwd=73.6ms  total=184.9ms
[  64800] loss=17.9466  ema_loss=17.8357  gap=0.4695  ema_gap=0.4841  mixup=60/200  5.2 sps  ETA 1.9h  cpc=0.0827
              R²_rand=0.4140  R²_naive=0.4429  U_t=0.7495  U_b=0.7894  AUC=0.9993  Top1=0.9346
  timing: data=3.2ms  fwd=109.6ms  bwd=73.4ms  total=186.7ms
  -> Saved /home/jupyter/wt-cf-379-train/experiments/2026-07-21_split_pred_rep_small/runs/bb_small_arm1_nse_split_pred_rep_enc3l3_b64_200k_sigreg_ema_qk_aon_cpc_tau090_r2_best_loss.pth
[  65000] loss=17.6516  ema_loss=17.8582  gap=0.4894  ema_gap=0.4801  mixup=52/200  5.2 sps  ETA 1.9h  cpc=0.0381
              R²_rand=0.4399  R²_naive=0.4642  U_t=0.7460  U_b=0.7993  AUC=0.9996  Top1=0.9560
  timing: data=2.9ms  fwd=107.4ms  bwd=73.8ms  total=184.7ms
[  65200] loss=17.7020  ema_loss=17.9079  gap=0.4788  ema_gap=0.4755  mixup=59/200  5.2 sps  ETA 1.9h  cpc=0.0379
              R²_rand=0.4266  R²_naive=0.4603  U_t=0.7441  U_b=0.8041  AUC=0.9995  Top1=0.9444
  timing: data=14.2ms  fwd=107.6ms  bwd=74.0ms  total=196.4ms
[  65400] loss=17.8894  ema_loss=17.9337  gap=0.4808  ema_gap=0.4781  mixup=66/200  5.2 sps  ETA 1.8h  cpc=0.0631
              R²_rand=0.4251  R²_naive=0.4501  U_t=0.7558  U_b=0.7700  AUC=0.9992  Top1=0.9379
  timing: data=3.1ms  fwd=109.7ms  bwd=74.0ms  total=187.4ms
[  65600] loss=17.9365  ema_loss=17.9668  gap=0.4712  ema_gap=0.4731  mixup=63/200  5.2 sps  ETA 1.8h  cpc=0.0682
              R²_rand=0.4343  R²_naive=0.4503  U_t=0.7813  U_b=0.7772  AUC=0.9995  Top1=0.9531
  timing: data=3.0ms  fwd=108.0ms  bwd=73.5ms  total=185.1ms
[  65800] loss=17.7742  ema_loss=17.9579  gap=0.4783  ema_gap=0.4769  mixup=60/200  5.2 sps  ETA 1.8h  cpc=0.0472
              R²_rand=0.4308  R²_naive=0.4535  U_t=0.7429  U_b=0.7849  AUC=0.9995  Top1=0.9457
  timing: data=10.1ms  fwd=107.6ms  bwd=73.7ms  total=192.0ms
[  66000] loss=17.9363  ema_loss=17.9788  gap=0.4765  ema_gap=0.4742  mixup=66/200  5.2 sps  ETA 1.8h  cpc=0.0921
              R²_rand=0.3990  R²_naive=0.4571  U_t=0.7031  U_b=0.7819  AUC=0.9992  Top1=0.9265
  timing: data=3.3ms  fwd=107.7ms  bwd=73.5ms  total=185.0ms
[  66200] loss=17.9644  ema_loss=18.0016  gap=0.4622  ema_gap=0.4753  mixup=54/200  5.2 sps  ETA 1.8h  cpc=0.0566
              R²_rand=0.4130  R²_naive=0.4490  U_t=0.7574  U_b=0.7844  AUC=0.9993  Top1=0.9354
  timing: data=3.3ms  fwd=109.6ms  bwd=73.5ms  total=186.9ms
[  66400] loss=18.2640  ema_loss=18.0024  gap=0.4604  ema_gap=0.4771  mixup=55/200  5.2 sps  ETA 1.8h  cpc=0.1309
              R²_rand=0.4200  R²_naive=0.4453  U_t=0.7178  U_b=0.7001  AUC=0.9996  Top1=0.9463
  timing: data=10.7ms  fwd=107.1ms  bwd=73.6ms  total=192.0ms
[  66600] loss=17.9837  ema_loss=18.0832  gap=0.4601  ema_gap=0.4731  mixup=72/200  5.2 sps  ETA 1.8h  cpc=0.0855
              R²_rand=0.4306  R²_naive=0.4475  U_t=0.7359  U_b=0.7761  AUC=0.9993  Top1=0.9346
  timing: data=3.0ms  fwd=107.4ms  bwd=73.4ms  total=184.4ms
[  66800] loss=17.9127  ema_loss=18.0356  gap=0.4891  ema_gap=0.4768  mixup=63/200  5.2 sps  ETA 1.8h  cpc=0.0376
              R²_rand=0.4319  R²_naive=0.4573  U_t=0.7187  U_b=0.7913  AUC=0.9995  Top1=0.9476
  timing: data=2.9ms  fwd=106.1ms  bwd=73.4ms  total=182.9ms
[  67000] loss=18.1090  ema_loss=18.0284  gap=0.4854  ema_gap=0.4730  mixup=72/200  5.2 sps  ETA 1.8h  cpc=0.0461
              R²_rand=0.4241  R²_naive=0.4572  U_t=0.7235  U_b=0.7817  AUC=0.9992  Top1=0.9392
  timing: data=10.5ms  fwd=108.6ms  bwd=73.8ms  total=193.5ms
[  67200] loss=17.9565  ema_loss=17.9808  gap=0.4788  ema_gap=0.4758  mixup=58/200  5.2 sps  ETA 1.8h  cpc=0.0485
              R²_rand=0.4321  R²_naive=0.4576  U_t=0.7510  U_b=0.7973  AUC=0.9995  Top1=0.9433
  timing: data=3.0ms  fwd=107.6ms  bwd=73.5ms  total=184.7ms
[  67400] loss=17.7490  ema_loss=17.9142  gap=0.4862  ema_gap=0.4817  mixup=52/200  5.2 sps  ETA 1.7h  cpc=0.0321
              R²_rand=0.4292  R²_naive=0.4607  U_t=0.7436  U_b=0.8059  AUC=0.9997  Top1=0.9596
  timing: data=3.2ms  fwd=109.7ms  bwd=73.6ms  total=187.1ms
[  67600] loss=17.9365  ema_loss=17.9390  gap=0.4727  ema_gap=0.4745  mixup=63/200  5.2 sps  ETA 1.7h  cpc=0.0383
              R²_rand=0.4214  R²_naive=0.4506  U_t=0.7670  U_b=0.7901  AUC=0.9994  Top1=0.9422
  timing: data=10.3ms  fwd=107.5ms  bwd=73.7ms  total=192.0ms
[  67800] loss=18.0108  ema_loss=17.8533  gap=0.4893  ema_gap=0.4800  mixup=57/200  5.2 sps  ETA 1.7h  cpc=0.1284
              R²_rand=0.4426  R²_naive=0.4672  U_t=0.7418  U_b=0.7204  AUC=0.9996  Top1=0.9555
  timing: data=3.1ms  fwd=109.1ms  bwd=73.5ms  total=186.3ms
[  68000] loss=17.8638  ema_loss=17.8854  gap=0.4725  ema_gap=0.4736  mixup=63/200  5.2 sps  ETA 1.7h  cpc=0.0511
              R²_rand=0.4255  R²_naive=0.4605  U_t=0.7702  U_b=0.7913  AUC=0.9994  Top1=0.9425
  timing: data=3.2ms  fwd=108.3ms  bwd=73.4ms  total=185.4ms
[  68200] loss=17.9262  ema_loss=17.8507  gap=0.4844  ema_gap=0.4763  mixup=55/200  5.2 sps  ETA 1.7h  cpc=0.0969
              R²_rand=0.4368  R²_naive=0.4663  U_t=0.7325  U_b=0.8017  AUC=0.9992  Top1=0.9417
  timing: data=10.3ms  fwd=108.4ms  bwd=74.8ms  total=194.1ms
[  68400] loss=18.0920  ema_loss=17.8903  gap=0.4745  ema_gap=0.4745  mixup=63/200  5.2 sps  ETA 1.7h  cpc=0.1491
              R²_rand=0.3992  R²_naive=0.4617  U_t=0.7443  U_b=0.7184  AUC=0.9996  Top1=0.9514
  timing: data=3.1ms  fwd=106.5ms  bwd=73.2ms  total=183.3ms
[  68600] loss=17.6612  ema_loss=17.8550  gap=0.4876  ema_gap=0.4765  mixup=59/200  5.2 sps  ETA 1.7h  cpc=0.0354
              R²_rand=0.4274  R²_naive=0.4721  U_t=0.7796  U_b=0.8155  AUC=0.9996  Top1=0.9482
  timing: data=2.8ms  fwd=108.0ms  bwd=72.9ms  total=184.3ms
[  68800] loss=17.9088  ema_loss=17.8575  gap=0.4919  ema_gap=0.4739  mixup=70/200  5.2 sps  ETA 1.7h  cpc=0.0851
              R²_rand=0.4449  R²_naive=0.4705  U_t=0.7556  U_b=0.7590  AUC=0.9994  Top1=0.9509
  timing: data=10.2ms  fwd=106.4ms  bwd=73.7ms  total=190.8ms
[  69000] loss=17.7564  ema_loss=17.8201  gap=0.4700  ema_gap=0.4717  mixup=65/200  5.2 sps  ETA 1.7h  cpc=0.0662
              R²_rand=0.4294  R²_naive=0.4614  U_t=0.7540  U_b=0.7995  AUC=0.9994  Top1=0.9449
  timing: data=3.1ms  fwd=108.8ms  bwd=74.8ms  total=187.3ms
  -> Saved /home/jupyter/wt-cf-379-train/experiments/2026-07-21_split_pred_rep_small/runs/bb_small_arm1_nse_split_pred_rep_enc3l3_b64_200k_sigreg_ema_qk_aon_cpc_tau090_r2_best_loss.pth
[  69200] loss=17.8279  ema_loss=17.8029  gap=0.4628  ema_gap=0.4749  mixup=51/200  5.2 sps  ETA 1.6h  cpc=0.0739
              R²_rand=0.4424  R²_naive=0.4533  U_t=0.7145  U_b=0.8052  AUC=0.9994  Top1=0.9417
  timing: data=3.0ms  fwd=109.0ms  bwd=76.8ms  total=189.5ms
  -> Saved /home/jupyter/wt-cf-379-train/experiments/2026-07-21_split_pred_rep_small/runs/bb_small_arm1_nse_split_pred_rep_enc3l3_b64_200k_sigreg_ema_qk_aon_cpc_tau090_r2_best_loss.pth
[  69400] loss=17.7128  ema_loss=17.8216  gap=0.4651  ema_gap=0.4753  mixup=64/200  5.2 sps  ETA 1.6h  cpc=0.0623
              R²_rand=0.4297  R²_naive=0.4579  U_t=0.7706  U_b=0.7845  AUC=0.9991  Top1=0.9254
  timing: data=22.1ms  fwd=108.3ms  bwd=76.1ms  total=207.1ms
[  69600] loss=17.9656  ema_loss=17.8735  gap=0.4655  ema_gap=0.4704  mixup=74/200  5.2 sps  ETA 1.6h  cpc=0.0950
              R²_rand=0.4083  R²_naive=0.4588  U_t=0.7304  U_b=0.7855  AUC=0.9992  Top1=0.9289
  timing: data=3.1ms  fwd=107.3ms  bwd=74.1ms  total=185.1ms
[  69800] loss=17.7568  ema_loss=17.8574  gap=0.4741  ema_gap=0.4705  mixup=55/200  5.2 sps  ETA 1.6h  cpc=0.0481
              R²_rand=0.4080  R²_naive=0.4615  U_t=0.7649  U_b=0.8058  AUC=0.9992  Top1=0.9387
  timing: data=3.1ms  fwd=109.4ms  bwd=75.3ms  total=188.4ms
[  70000] loss=17.6634  ema_loss=17.8265  gap=0.4820  ema_gap=0.4797  mixup=53/200  5.2 sps  ETA 1.6h  cpc=0.0399
              R²_rand=0.4416  R²_naive=0.4707  U_t=0.7610  U_b=0.8117  AUC=0.9994  Top1=0.9495
  timing: data=3.1ms  fwd=107.9ms  bwd=73.4ms  total=185.0ms
[  70200] loss=17.8258  ema_loss=17.7859  gap=0.5128  ema_gap=0.4790  mixup=61/200  5.2 sps  ETA 1.6h  cpc=0.1624
              R²_rand=0.4560  R²_naive=0.4905  U_t=0.6963  U_b=0.7184  AUC=0.9995  Top1=0.9479
  timing: data=11.0ms  fwd=107.3ms  bwd=73.4ms  total=192.3ms
  -> Saved /home/jupyter/wt-cf-379-train/experiments/2026-07-21_split_pred_rep_small/runs/bb_small_arm1_nse_split_pred_rep_enc3l3_b64_200k_sigreg_ema_qk_aon_cpc_tau090_r2_best_loss.pth
[  70400] loss=17.7079  ema_loss=17.8182  gap=0.4653  ema_gap=0.4723  mixup=61/200  5.2 sps  ETA 1.6h  cpc=0.0525
              R²_rand=0.4114  R²_naive=0.4596  U_t=0.7362  U_b=0.8087  AUC=0.9995  Top1=0.9460
  timing: data=3.0ms  fwd=107.8ms  bwd=73.0ms  total=184.3ms
[  70600] loss=17.8779  ema_loss=17.8088  gap=0.4932  ema_gap=0.4724  mixup=59/200  5.2 sps  ETA 1.6h  cpc=0.0649
              R²_rand=0.4408  R²_naive=0.4814  U_t=0.6698  U_b=0.8131  AUC=0.9994  Top1=0.9376
  timing: data=3.1ms  fwd=109.0ms  bwd=72.9ms  total=185.5ms
[  70800] loss=17.5670  ema_loss=17.7935  gap=0.4911  ema_gap=0.4761  mixup=51/200  5.2 sps  ETA 1.6h  cpc=0.0469
              R²_rand=0.4462  R²_naive=0.4766  U_t=0.7588  U_b=0.8134  AUC=0.9996  Top1=0.9525
  timing: data=19.8ms  fwd=106.0ms  bwd=73.1ms  total=199.4ms
[  71000] loss=17.8580  ema_loss=17.7688  gap=0.4841  ema_gap=0.4744  mixup=52/200  5.2 sps  ETA 1.5h  cpc=0.0497
              R²_rand=0.4548  R²_naive=0.4789  U_t=0.7012  U_b=0.8163  AUC=0.9994  Top1=0.9517
  timing: data=3.0ms  fwd=108.2ms  bwd=73.2ms  total=185.0ms
  -> Saved /home/jupyter/wt-cf-379-train/experiments/2026-07-21_split_pred_rep_small/runs/bb_small_arm1_nse_split_pred_rep_enc3l3_b64_200k_sigreg_ema_qk_aon_cpc_tau090_r2_best_loss.pth
[  71200] loss=17.7480  ema_loss=17.7566  gap=0.4775  ema_gap=0.4738  mixup=64/200  5.2 sps  ETA 1.5h  cpc=0.0698
              R²_rand=0.4404  R²_naive=0.4742  U_t=0.6920  U_b=0.8051  AUC=0.9993  Top1=0.9403
  timing: data=2.7ms  fwd=106.8ms  bwd=73.0ms  total=183.1ms
  -> Saved /home/jupyter/wt-cf-379-train/experiments/2026-07-21_split_pred_rep_small/runs/bb_small_arm1_nse_split_pred_rep_enc3l3_b64_200k_sigreg_ema_qk_aon_cpc_tau090_r2_best_loss.pth
[  71400] loss=17.8867  ema_loss=17.7556  gap=0.4697  ema_gap=0.4748  mixup=64/200  5.2 sps  ETA 1.5h  cpc=0.0579
              R²_rand=0.4320  R²_naive=0.4563  U_t=0.7589  U_b=0.7776  AUC=0.9993  Top1=0.9384
  timing: data=10.0ms  fwd=108.0ms  bwd=74.9ms  total=193.4ms
  -> Saved /home/jupyter/wt-cf-379-train/experiments/2026-07-21_split_pred_rep_small/runs/bb_small_arm1_nse_split_pred_rep_enc3l3_b64_200k_sigreg_ema_qk_aon_cpc_tau090_r2_best_loss.pth
[  71600] loss=17.8973  ema_loss=17.7887  gap=0.4796  ema_gap=0.4761  mixup=56/200  5.2 sps  ETA 1.5h  cpc=0.0644
              R²_rand=0.4330  R²_naive=0.4623  U_t=0.7421  U_b=0.7838  AUC=0.9993  Top1=0.9463
  timing: data=2.8ms  fwd=106.9ms  bwd=73.0ms  total=183.2ms
[  71800] loss=17.7702  ema_loss=17.7723  gap=0.4838  ema_gap=0.4762  mixup=55/200  5.2 sps  ETA 1.5h  cpc=0.0744
              R²_rand=0.4398  R²_naive=0.4661  U_t=0.7328  U_b=0.8118  AUC=0.9991  Top1=0.9248
  timing: data=3.0ms  fwd=108.7ms  bwd=73.0ms  total=185.2ms
[  72000] loss=17.9158  ema_loss=17.8146  gap=0.4867  ema_gap=0.4768  mixup=61/200  5.2 sps  ETA 1.5h  cpc=0.1454
              R²_rand=0.4504  R²_naive=0.4724  U_t=0.7464  U_b=0.7360  AUC=0.9992  Top1=0.9430
  timing: data=10.0ms  fwd=106.1ms  bwd=75.0ms  total=191.7ms
[  72200] loss=17.6601  ema_loss=17.7661  gap=0.4680  ema_gap=0.4775  mixup=63/200  5.2 sps  ETA 1.5h  cpc=0.0590
              R²_rand=0.4294  R²_naive=0.4642  U_t=0.7826  U_b=0.8003  AUC=0.9993  Top1=0.9357
  timing: data=3.0ms  fwd=108.7ms  bwd=72.8ms  total=185.1ms
[  72400] loss=17.6043  ema_loss=17.7586  gap=0.4842  ema_gap=0.4756  mixup=66/200  5.2 sps  ETA 1.5h  cpc=0.0392
              R²_rand=0.4485  R²_naive=0.4692  U_t=0.7183  U_b=0.8215  AUC=0.9994  Top1=0.9487
  timing: data=3.1ms  fwd=107.8ms  bwd=72.8ms  total=184.3ms
[  72600] loss=17.6807  ema_loss=17.7536  gap=0.4667  ema_gap=0.4754  mixup=71/200  5.2 sps  ETA 1.5h  cpc=0.0563
              R²_rand=0.4416  R²_naive=0.4644  U_t=0.7480  U_b=0.7867  AUC=0.9995  Top1=0.9479
  timing: data=10.4ms  fwd=107.0ms  bwd=75.0ms  total=193.1ms
  -> Saved /home/jupyter/wt-cf-379-train/experiments/2026-07-21_split_pred_rep_small/runs/bb_small_arm1_nse_split_pred_rep_enc3l3_b64_200k_sigreg_ema_qk_aon_cpc_tau090_r2_best_loss.pth
[  72800] loss=18.2442  ema_loss=17.7876  gap=0.4588  ema_gap=0.4733  mixup=74/200  5.2 sps  ETA 1.5h  cpc=0.0799
              R²_rand=0.4142  R²_naive=0.4524  U_t=0.7385  U_b=0.7705  AUC=0.9992  Top1=0.9346
  timing: data=3.1ms  fwd=109.8ms  bwd=76.5ms  total=190.1ms
[  73000] loss=17.7923  ema_loss=17.7589  gap=0.4698  ema_gap=0.4753  mixup=60/200  5.2 sps  ETA 1.4h  cpc=0.0830
              R²_rand=0.4228  R²_naive=0.4592  U_t=0.7216  U_b=0.8069  AUC=0.9990  Top1=0.9197
  timing: data=3.2ms  fwd=108.0ms  bwd=73.4ms  total=185.2ms
[  73200] loss=17.7278  ema_loss=17.7480  gap=0.4787  ema_gap=0.4713  mixup=50/200  5.2 sps  ETA 1.4h  cpc=0.0647
              R²_rand=0.4459  R²_naive=0.4668  U_t=0.6983  U_b=0.8230  AUC=0.9995  Top1=0.9444
  timing: data=10.3ms  fwd=108.5ms  bwd=75.0ms  total=194.4ms
  -> Saved /home/jupyter/wt-cf-379-train/experiments/2026-07-21_split_pred_rep_small/runs/bb_small_arm1_nse_split_pred_rep_enc3l3_b64_200k_sigreg_ema_qk_aon_cpc_tau090_r2_best_loss.pth
[  73400] loss=17.6911  ema_loss=17.7261  gap=0.4513  ema_gap=0.4684  mixup=58/200  5.2 sps  ETA 1.4h  cpc=0.0371
              R²_rand=0.4287  R²_naive=0.4534  U_t=0.7686  U_b=0.8186  AUC=0.9992  Top1=0.9387
  timing: data=3.3ms  fwd=108.1ms  bwd=74.1ms  total=186.1ms
  -> Saved /home/jupyter/wt-cf-379-train/experiments/2026-07-21_split_pred_rep_small/runs/bb_small_arm1_nse_split_pred_rep_enc3l3_b64_200k_sigreg_ema_qk_aon_cpc_tau090_r2_best_loss.pth
[  73600] loss=17.6737  ema_loss=17.7318  gap=0.4543  ema_gap=0.4636  mixup=46/200  5.2 sps  ETA 1.4h  cpc=0.0497
              R²_rand=0.4422  R²_naive=0.4613  U_t=0.7681  U_b=0.7990  AUC=0.9993  Top1=0.9411
  timing: data=2.8ms  fwd=108.5ms  bwd=73.7ms  total=185.6ms
[  73800] loss=17.6289  ema_loss=17.7451  gap=0.4763  ema_gap=0.4664  mixup=60/200  5.2 sps  ETA 1.4h  cpc=0.0656
              R²_rand=0.4538  R²_naive=0.4707  U_t=0.6934  U_b=0.8066  AUC=0.9992  Top1=0.9281
  timing: data=10.3ms  fwd=107.8ms  bwd=74.5ms  total=193.3ms
[  74000] loss=17.7096  ema_loss=17.7374  gap=0.4632  ema_gap=0.4691  mixup=52/200  5.2 sps  ETA 1.4h  cpc=0.0600
              R²_rand=0.4489  R²_naive=0.4627  U_t=0.7151  U_b=0.8147  AUC=0.9995  Top1=0.9460
  timing: data=3.1ms  fwd=109.4ms  bwd=74.0ms  total=187.1ms
[  74200] loss=17.7443  ema_loss=17.7434  gap=0.4654  ema_gap=0.4650  mixup=57/200  5.2 sps  ETA 1.4h  cpc=0.0682
              R²_rand=0.4349  R²_naive=0.4633  U_t=0.7274  U_b=0.8188  AUC=0.9993  Top1=0.9305
  timing: data=2.9ms  fwd=107.8ms  bwd=73.5ms  total=184.7ms
[  74400] loss=17.8493  ema_loss=17.7535  gap=0.4670  ema_gap=0.4643  mixup=60/200  5.2 sps  ETA 1.4h  cpc=0.1062
              R²_rand=0.4494  R²_naive=0.4727  U_t=0.7391  U_b=0.7530  AUC=0.9993  Top1=0.9446
  timing: data=10.0ms  fwd=108.0ms  bwd=73.8ms  total=192.4ms
[  74600] loss=17.6930  ema_loss=17.7502  gap=0.4621  ema_gap=0.4658  mixup=64/200  5.2 sps  ETA 1.4h  cpc=0.0578
              R²_rand=0.4501  R²_naive=0.4665  U_t=0.7308  U_b=0.8076  AUC=0.9991  Top1=0.9319
  timing: data=3.4ms  fwd=106.8ms  bwd=74.1ms  total=184.8ms
[  74800] loss=17.8598  ema_loss=17.7193  gap=0.4483  ema_gap=0.4705  mixup=55/200  5.2 sps  ETA 1.3h  cpc=0.0426
              R²_rand=0.4301  R²_naive=0.4559  U_t=0.7397  U_b=0.8020  AUC=0.9990  Top1=0.9300
  timing: data=3.2ms  fwd=108.3ms  bwd=73.7ms  total=185.7ms
  -> Saved /home/jupyter/wt-cf-379-train/experiments/2026-07-21_split_pred_rep_small/runs/bb_small_arm1_nse_split_pred_rep_enc3l3_b64_200k_sigreg_ema_qk_aon_cpc_tau090_r2_best_loss.pth
[  75000] loss=17.9563  ema_loss=17.7308  gap=0.4795  ema_gap=0.4727  mixup=61/200  5.2 sps  ETA 1.3h  cpc=0.1424
              R²_rand=0.4346  R²_naive=0.4752  U_t=0.7386  U_b=0.7111  AUC=0.9995  Top1=0.9468
  timing: data=3.1ms  fwd=107.7ms  bwd=74.0ms  total=185.4ms
  -> Saved /home/jupyter/wt-cf-379-train/experiments/2026-07-21_split_pred_rep_small/runs/bb_small_arm1_nse_split_pred_rep_enc3l3_b64_200k_sigreg_ema_qk_aon_cpc_tau090_r2_75k.pth
[  75200] loss=17.6995  ema_loss=17.7840  gap=0.4616  ema_gap=0.4704  mixup=69/200  5.2 sps  ETA 1.3h  cpc=0.0393
              R²_rand=0.4304  R²_naive=0.4587  U_t=0.7346  U_b=0.8129  AUC=0.9993  Top1=0.9365
  timing: data=10.3ms  fwd=107.2ms  bwd=73.4ms  total=191.3ms
[  75400] loss=17.8749  ema_loss=17.7903  gap=0.4787  ema_gap=0.4708  mixup=53/200  5.2 sps  ETA 1.3h  cpc=0.1369
              R²_rand=0.4262  R²_naive=0.4685  U_t=0.7061  U_b=0.7956  AUC=0.9991  Top1=0.9322
  timing: data=3.0ms  fwd=107.7ms  bwd=73.3ms  total=184.6ms
[  75600] loss=17.8410  ema_loss=17.7706  gap=0.4739  ema_gap=0.4676  mixup=67/200  5.2 sps  ETA 1.3h  cpc=0.0542
              R²_rand=0.4146  R²_naive=0.4647  U_t=0.7350  U_b=0.7939  AUC=0.9995  Top1=0.9463
  timing: data=3.2ms  fwd=109.1ms  bwd=73.6ms  total=186.5ms
[  75800] loss=17.6054  ema_loss=17.7420  gap=0.4491  ema_gap=0.4684  mixup=62/200  5.2 sps  ETA 1.3h  cpc=0.0354
              R²_rand=0.4450  R²_naive=0.4619  U_t=0.7506  U_b=0.8029  AUC=0.9992  Top1=0.9327
  timing: data=10.0ms  fwd=107.4ms  bwd=73.9ms  total=191.9ms
[  76000] loss=17.8558  ema_loss=17.7462  gap=0.4744  ema_gap=0.4716  mixup=59/200  5.2 sps  ETA 1.3h  cpc=0.0945
              R²_rand=0.4289  R²_naive=0.4700  U_t=0.7733  U_b=0.7550  AUC=0.9994  Top1=0.9474
  timing: data=3.0ms  fwd=108.9ms  bwd=73.4ms  total=185.9ms
[  76200] loss=17.6939  ema_loss=17.7220  gap=0.4632  ema_gap=0.4785  mixup=52/200  5.2 sps  ETA 1.3h  cpc=0.0556
              R²_rand=0.4436  R²_naive=0.4650  U_t=0.7427  U_b=0.7961  AUC=0.9995  Top1=0.9446
  timing: data=3.2ms  fwd=108.5ms  bwd=73.6ms  total=185.8ms
[  76400] loss=17.6096  ema_loss=17.7452  gap=0.4951  ema_gap=0.4818  mixup=65/200  5.2 sps  ETA 1.3h  cpc=0.0467
              R²_rand=0.4518  R²_naive=0.4790  U_t=0.7392  U_b=0.7966  AUC=0.9996  Top1=0.9547
  timing: data=10.1ms  fwd=107.9ms  bwd=74.1ms  total=192.7ms
[  76600] loss=17.6603  ema_loss=17.7494  gap=0.4847  ema_gap=0.4828  mixup=68/200  5.2 sps  ETA 1.2h  cpc=0.0804
              R²_rand=0.4528  R²_naive=0.4760  U_t=0.6781  U_b=0.8135  AUC=0.9993  Top1=0.9370
  timing: data=3.0ms  fwd=107.0ms  bwd=73.5ms  total=184.1ms
[  76800] loss=17.6306  ema_loss=17.7537  gap=0.4987  ema_gap=0.4874  mixup=58/200  5.2 sps  ETA 1.2h  cpc=0.0621
              R²_rand=0.4633  R²_naive=0.4865  U_t=0.7352  U_b=0.8123  AUC=0.9995  Top1=0.9436
  timing: data=2.9ms  fwd=108.7ms  bwd=73.5ms  total=185.7ms
[  77000] loss=17.7926  ema_loss=17.7674  gap=0.5084  ema_gap=0.4888  mixup=54/200  5.2 sps  ETA 1.2h  cpc=0.0944
              R²_rand=0.4525  R²_naive=0.4876  U_t=0.6731  U_b=0.7708  AUC=0.9995  Top1=0.9512
  timing: data=10.6ms  fwd=107.1ms  bwd=74.3ms  total=192.6ms
[  77200] loss=17.5881  ema_loss=17.7008  gap=0.4785  ema_gap=0.4918  mixup=54/200  5.2 sps  ETA 1.2h  cpc=0.0494
              R²_rand=0.4349  R²_naive=0.4725  U_t=0.7382  U_b=0.8178  AUC=0.9993  Top1=0.9341
  timing: data=2.8ms  fwd=107.6ms  bwd=73.4ms  total=184.4ms
  -> Saved /home/jupyter/wt-cf-379-train/experiments/2026-07-21_split_pred_rep_small/runs/bb_small_arm1_nse_split_pred_rep_enc3l3_b64_200k_sigreg_ema_qk_aon_cpc_tau090_r2_best_loss.pth
[  77400] loss=17.7476  ema_loss=17.7268  gap=0.4960  ema_gap=0.4904  mixup=57/200  5.2 sps  ETA 1.2h  cpc=0.1084
              R²_rand=0.4476  R²_naive=0.4770  U_t=0.6496  U_b=0.8161  AUC=0.9995  Top1=0.9376
  timing: data=2.9ms  fwd=107.3ms  bwd=73.2ms  total=184.0ms
[  77600] loss=17.6601  ema_loss=17.7143  gap=0.4955  ema_gap=0.4895  mixup=62/200  5.2 sps  ETA 1.2h  cpc=0.0577
              R²_rand=0.4447  R²_naive=0.4800  U_t=0.7315  U_b=0.8073  AUC=0.9991  Top1=0.9408
  timing: data=14.8ms  fwd=107.8ms  bwd=73.4ms  total=196.6ms
[  77800] loss=17.5902  ema_loss=17.7292  gap=0.4856  ema_gap=0.4899  mixup=56/200  5.2 sps  ETA 1.2h  cpc=0.0333
              R²_rand=0.4341  R²_naive=0.4747  U_t=0.7514  U_b=0.8224  AUC=0.9993  Top1=0.9389
  timing: data=2.8ms  fwd=108.3ms  bwd=75.3ms  total=187.0ms
[  78000] loss=17.6322  ema_loss=17.7296  gap=0.4952  ema_gap=0.4842  mixup=63/200  5.2 sps  ETA 1.2h  cpc=0.0544
              R²_rand=0.4342  R²_naive=0.4791  U_t=0.7482  U_b=0.7987  AUC=0.9994  Top1=0.9501
  timing: data=2.9ms  fwd=109.7ms  bwd=75.9ms  total=189.2ms
[  78200] loss=17.7978  ema_loss=17.7292  gap=0.4850  ema_gap=0.4825  mixup=62/200  5.2 sps  ETA 1.2h  cpc=0.0995
              R²_rand=0.4269  R²_naive=0.4787  U_t=0.7365  U_b=0.7484  AUC=0.9995  Top1=0.9446
  timing: data=11.1ms  fwd=108.4ms  bwd=75.6ms  total=195.8ms
[  78400] loss=17.6286  ema_loss=17.7189  gap=0.4676  ema_gap=0.4848  mixup=57/200  5.2 sps  ETA 1.2h  cpc=0.0455
              R²_rand=0.4253  R²_naive=0.4652  U_t=0.7737  U_b=0.8173  AUC=0.9991  Top1=0.9284
  timing: data=2.8ms  fwd=109.7ms  bwd=75.7ms  total=188.9ms
[  78600] loss=17.6073  ema_loss=17.6816  gap=0.4769  ema_gap=0.4861  mixup=64/200  5.2 sps  ETA 1.1h  cpc=0.0466
              R²_rand=0.4467  R²_naive=0.4702  U_t=0.7649  U_b=0.8109  AUC=0.9995  Top1=0.9406
  timing: data=2.9ms  fwd=108.0ms  bwd=74.9ms  total=186.4ms
  -> Saved /home/jupyter/wt-cf-379-train/experiments/2026-07-21_split_pred_rep_small/runs/bb_small_arm1_nse_split_pred_rep_enc3l3_b64_200k_sigreg_ema_qk_aon_cpc_tau090_r2_best_loss.pth
[  78800] loss=17.8670  ema_loss=17.6588  gap=0.4555  ema_gap=0.4862  mixup=64/200  5.2 sps  ETA 1.1h  cpc=0.1246
              R²_rand=0.4327  R²_naive=0.4528  U_t=0.7518  U_b=0.7439  AUC=0.9986  Top1=0.9015
  timing: data=10.0ms  fwd=108.6ms  bwd=75.5ms  total=194.7ms
  -> Saved /home/jupyter/wt-cf-379-train/experiments/2026-07-21_split_pred_rep_small/runs/bb_small_arm1_nse_split_pred_rep_enc3l3_b64_200k_sigreg_ema_qk_aon_cpc_tau090_r2_best_loss.pth
[  79000] loss=17.5323  ema_loss=17.6543  gap=0.4914  ema_gap=0.4835  mixup=61/200  5.2 sps  ETA 1.1h  cpc=0.0475
              R²_rand=0.4549  R²_naive=0.4808  U_t=0.7717  U_b=0.8114  AUC=0.9994  Top1=0.9444
  timing: data=3.1ms  fwd=108.6ms  bwd=75.4ms  total=187.7ms
  -> Saved /home/jupyter/wt-cf-379-train/experiments/2026-07-21_split_pred_rep_small/runs/bb_small_arm1_nse_split_pred_rep_enc3l3_b64_200k_sigreg_ema_qk_aon_cpc_tau090_r2_best_loss.pth
[  79200] loss=17.5324  ema_loss=17.6248  gap=0.4747  ema_gap=0.4823  mixup=55/200  5.2 sps  ETA 1.1h  cpc=0.0632
              R²_rand=0.4576  R²_naive=0.4799  U_t=0.7638  U_b=0.8044  AUC=0.9993  Top1=0.9408
  timing: data=3.0ms  fwd=110.8ms  bwd=77.0ms  total=191.6ms
  -> Saved /home/jupyter/wt-cf-379-train/experiments/2026-07-21_split_pred_rep_small/runs/bb_small_arm1_nse_split_pred_rep_enc3l3_b64_200k_sigreg_ema_qk_aon_cpc_tau090_r2_best_loss.pth
[  79400] loss=18.0723  ema_loss=17.7175  gap=0.4634  ema_gap=0.4773  mixup=63/200  5.2 sps  ETA 1.1h  cpc=0.1711
              R²_rand=0.4538  R²_naive=0.4647  U_t=0.7321  U_b=0.7139  AUC=0.9993  Top1=0.9292
  timing: data=9.9ms  fwd=107.2ms  bwd=75.4ms  total=193.1ms
[  79600] loss=17.7305  ema_loss=17.7065  gap=0.4701  ema_gap=0.4747  mixup=57/200  5.2 sps  ETA 1.1h  cpc=0.0585
              R²_rand=0.4548  R²_naive=0.4713  U_t=0.7423  U_b=0.8151  AUC=0.9994  Top1=0.9438
  timing: data=2.6ms  fwd=107.0ms  bwd=73.5ms  total=183.7ms
[  79800] loss=17.6451  ema_loss=17.6959  gap=0.4854  ema_gap=0.4793  mixup=47/200  5.2 sps  ETA 1.1h  cpc=0.0666
              R²_rand=0.4500  R²_naive=0.4812  U_t=0.7115  U_b=0.8202  AUC=0.9996  Top1=0.9460
  timing: data=2.7ms  fwd=107.6ms  bwd=73.9ms  total=184.7ms
[  80000] loss=17.6695  ema_loss=17.7233  gap=0.4621  ema_gap=0.4732  mixup=59/200  5.2 sps  ETA 1.1h  cpc=0.0557
              R²_rand=0.4469  R²_naive=0.4644  U_t=0.7360  U_b=0.7871  AUC=0.9994  Top1=0.9373
  timing: data=2.7ms  fwd=107.4ms  bwd=74.1ms  total=184.9ms
[  80200] loss=17.5702  ema_loss=17.7581  gap=0.4846  ema_gap=0.4769  mixup=57/200  5.2 sps  ETA 1.1h  cpc=0.0413
              R²_rand=0.4588  R²_naive=0.4803  U_t=0.7355  U_b=0.8278  AUC=0.9993  Top1=0.9441
  timing: data=9.7ms  fwd=107.7ms  bwd=73.8ms  total=191.8ms
[  80400] loss=17.7625  ema_loss=17.7616  gap=0.4919  ema_gap=0.4754  mixup=55/200  5.2 sps  ETA 1.0h  cpc=0.0410
              R²_rand=0.4398  R²_naive=0.4753  U_t=0.7739  U_b=0.8187  AUC=0.9994  Top1=0.9449
  timing: data=3.1ms  fwd=107.8ms  bwd=73.6ms  total=185.0ms
[  80600] loss=17.9975  ema_loss=17.7534  gap=0.4615  ema_gap=0.4765  mixup=69/200  5.2 sps  ETA 1.0h  cpc=0.1803
              R²_rand=0.4317  R²_naive=0.4572  U_t=0.7533  U_b=0.7193  AUC=0.9994  Top1=0.9360
  timing: data=3.2ms  fwd=109.0ms  bwd=73.4ms  total=186.1ms
[  80800] loss=17.5936  ema_loss=17.7296  gap=0.4903  ema_gap=0.4751  mixup=57/200  5.2 sps  ETA 1.0h  cpc=0.0592
              R²_rand=0.4470  R²_naive=0.4798  U_t=0.7609  U_b=0.8015  AUC=0.9995  Top1=0.9419
  timing: data=10.2ms  fwd=107.3ms  bwd=73.6ms  total=191.5ms
[  81000] loss=17.8578  ema_loss=17.7492  gap=0.4749  ema_gap=0.4767  mixup=61/200  5.2 sps  ETA 1.0h  cpc=0.1719
              R²_rand=0.4548  R²_naive=0.4700  U_t=0.7699  U_b=0.7493  AUC=0.9993  Top1=0.9392
  timing: data=3.2ms  fwd=108.7ms  bwd=73.4ms  total=185.9ms
[  81200] loss=17.6197  ema_loss=17.7220  gap=0.4683  ema_gap=0.4735  mixup=71/200  5.2 sps  ETA 1.0h  cpc=0.0462
              R²_rand=0.4451  R²_naive=0.4604  U_t=0.7183  U_b=0.8154  AUC=0.9993  Top1=0.9362
  timing: data=3.0ms  fwd=107.0ms  bwd=73.3ms  total=183.8ms
[  81400] loss=17.7722  ema_loss=17.7017  gap=0.4702  ema_gap=0.4776  mixup=57/200  5.2 sps  ETA 1.0h  cpc=0.0497
              R²_rand=0.4498  R²_naive=0.4642  U_t=0.7540  U_b=0.8076  AUC=0.9993  Top1=0.9354
  timing: data=13.7ms  fwd=107.7ms  bwd=73.6ms  total=195.5ms
[  81600] loss=17.6656  ema_loss=17.7035  gap=0.4801  ema_gap=0.4832  mixup=63/200  5.2 sps  ETA 1.0h  cpc=0.0599
              R²_rand=0.4465  R²_naive=0.4733  U_t=0.7152  U_b=0.8078  AUC=0.9993  Top1=0.9357
  timing: data=3.1ms  fwd=107.7ms  bwd=73.4ms  total=184.8ms
[  81800] loss=17.6889  ema_loss=17.7055  gap=0.4646  ema_gap=0.4805  mixup=59/200  5.2 sps  ETA 1.0h  cpc=0.0455
              R²_rand=0.4417  R²_naive=0.4594  U_t=0.7419  U_b=0.8079  AUC=0.9991  Top1=0.9265
  timing: data=2.8ms  fwd=108.0ms  bwd=73.4ms  total=184.7ms
[  82000] loss=17.5329  ema_loss=17.6768  gap=0.4919  ema_gap=0.4853  mixup=50/200  5.2 sps  ETA 1.0h  cpc=0.0530
              R²_rand=0.4564  R²_naive=0.4813  U_t=0.7724  U_b=0.8152  AUC=0.9994  Top1=0.9474
  timing: data=15.4ms  fwd=106.6ms  bwd=74.2ms  total=196.8ms
[  82200] loss=17.7136  ema_loss=17.7435  gap=0.4796  ema_gap=0.4803  mixup=63/200  5.2 sps  ETA 1.0h  cpc=0.0540
              R²_rand=0.4464  R²_naive=0.4692  U_t=0.7321  U_b=0.8240  AUC=0.9993  Top1=0.9343
  timing: data=2.9ms  fwd=108.3ms  bwd=73.5ms  total=185.2ms
[  82400] loss=17.7869  ema_loss=17.7451  gap=0.4689  ema_gap=0.4830  mixup=72/200  5.2 sps  ETA 0.9h  cpc=0.1153
              R²_rand=0.4442  R²_naive=0.4668  U_t=0.7417  U_b=0.7561  AUC=0.9990  Top1=0.9267
  timing: data=2.8ms  fwd=106.7ms  bwd=73.5ms  total=183.5ms
[  82600] loss=17.6860  ema_loss=17.7805  gap=0.4816  ema_gap=0.4832  mixup=64/200  5.2 sps  ETA 0.9h  cpc=0.0798
              R²_rand=0.4451  R²_naive=0.4733  U_t=0.6984  U_b=0.8153  AUC=0.9993  Top1=0.9419
  timing: data=12.8ms  fwd=106.9ms  bwd=73.6ms  total=193.9ms
[  82800] loss=17.7239  ema_loss=17.7840  gap=0.4989  ema_gap=0.4780  mixup=65/200  5.2 sps  ETA 0.9h  cpc=0.0550
              R²_rand=0.4448  R²_naive=0.4790  U_t=0.7537  U_b=0.8041  AUC=0.9995  Top1=0.9490
  timing: data=2.8ms  fwd=107.2ms  bwd=73.4ms  total=184.0ms
[  83000] loss=17.9816  ema_loss=17.7865  gap=0.4615  ema_gap=0.4717  mixup=71/200  5.2 sps  ETA 0.9h  cpc=0.1051
              R²_rand=0.4195  R²_naive=0.4599  U_t=0.7440  U_b=0.7250  AUC=0.9991  Top1=0.9281
  timing: data=3.1ms  fwd=109.0ms  bwd=73.5ms  total=186.2ms
[  83200] loss=18.1338  ema_loss=17.8107  gap=0.4606  ema_gap=0.4733  mixup=68/200  5.2 sps  ETA 0.9h  cpc=0.2206
              R²_rand=0.4422  R²_naive=0.4574  U_t=0.7764  U_b=0.6860  AUC=0.9993  Top1=0.9433
  timing: data=11.9ms  fwd=106.5ms  bwd=73.6ms  total=192.6ms
[  83400] loss=17.5713  ema_loss=17.7996  gap=0.4761  ema_gap=0.4708  mixup=62/200  5.2 sps  ETA 0.9h  cpc=0.0418
              R²_rand=0.4278  R²_naive=0.4752  U_t=0.7377  U_b=0.8272  AUC=0.9994  Top1=0.9425
  timing: data=3.2ms  fwd=109.0ms  bwd=73.5ms  total=186.3ms
[  83600] loss=17.8068  ema_loss=17.7343  gap=0.4857  ema_gap=0.4787  mixup=54/200  5.2 sps  ETA 0.9h  cpc=0.0841
              R²_rand=0.4424  R²_naive=0.4716  U_t=0.7352  U_b=0.7747  AUC=0.9995  Top1=0.9468
  timing: data=3.1ms  fwd=107.9ms  bwd=73.4ms  total=185.0ms
[  83800] loss=17.7176  ema_loss=17.7540  gap=0.4833  ema_gap=0.4843  mixup=67/200  5.2 sps  ETA 0.9h  cpc=0.0694
              R²_rand=0.4528  R²_naive=0.4724  U_t=0.7565  U_b=0.7862  AUC=0.9995  Top1=0.9520
  timing: data=51.7ms  fwd=107.8ms  bwd=73.5ms  total=233.5ms
[  84000] loss=17.5126  ema_loss=17.7064  gap=0.4980  ema_gap=0.4860  mixup=56/200  5.2 sps  ETA 0.9h  cpc=0.0315
              R²_rand=0.4544  R²_naive=0.4878  U_t=0.7453  U_b=0.8154  AUC=0.9996  Top1=0.9585
  timing: data=2.8ms  fwd=107.1ms  bwd=73.6ms  total=184.0ms
[  84200] loss=17.8798  ema_loss=17.7019  gap=0.4743  ema_gap=0.4829  mixup=58/200  5.2 sps  ETA 0.8h  cpc=0.1204
              R²_rand=0.4485  R²_naive=0.4680  U_t=0.7638  U_b=0.7432  AUC=0.9992  Top1=0.9387
  timing: data=3.0ms  fwd=109.3ms  bwd=73.5ms  total=186.3ms
[  84400] loss=17.6138  ema_loss=17.7218  gap=0.4866  ema_gap=0.4811  mixup=58/200  5.2 sps  ETA 0.8h  cpc=0.0377
              R²_rand=0.4392  R²_naive=0.4777  U_t=0.7450  U_b=0.8172  AUC=0.9994  Top1=0.9493
  timing: data=13.0ms  fwd=106.9ms  bwd=73.7ms  total=194.1ms
[  84600] loss=17.9535  ema_loss=17.7608  gap=0.4844  ema_gap=0.4835  mixup=63/200  5.2 sps  ETA 0.8h  cpc=0.1182
              R²_rand=0.4436  R²_naive=0.4705  U_t=0.6792  U_b=0.7958  AUC=0.9989  Top1=0.9107
  timing: data=3.1ms  fwd=108.2ms  bwd=74.2ms  total=186.2ms
[  84800] loss=17.6193  ema_loss=17.7636  gap=0.5064  ema_gap=0.4969  mixup=49/200  5.2 sps  ETA 0.8h  cpc=0.0780
              R²_rand=0.4512  R²_naive=0.4852  U_t=0.7172  U_b=0.8033  AUC=0.9992  Top1=0.9389
  timing: data=3.4ms  fwd=108.6ms  bwd=76.9ms  total=189.5ms
[  85000] loss=17.7470  ema_loss=17.7933  gap=0.4841  ema_gap=0.4925  mixup=62/200  5.2 sps  ETA 0.8h  cpc=0.0859
              R²_rand=0.4284  R²_naive=0.4684  U_t=0.7390  U_b=0.8007  AUC=0.9991  Top1=0.9267
  timing: data=2.9ms  fwd=106.8ms  bwd=74.0ms  total=184.3ms
[  85200] loss=17.7287  ema_loss=17.7739  gap=0.4768  ema_gap=0.4954  mixup=58/200  5.2 sps  ETA 0.8h  cpc=0.0653
              R²_rand=0.4434  R²_naive=0.4679  U_t=0.7602  U_b=0.8128  AUC=0.9992  Top1=0.9286
  timing: data=12.7ms  fwd=107.4ms  bwd=73.8ms  total=194.4ms
[  85400] loss=17.7062  ema_loss=17.7789  gap=0.4863  ema_gap=0.4896  mixup=65/200  5.2 sps  ETA 0.8h  cpc=0.0578
              R²_rand=0.4447  R²_naive=0.4774  U_t=0.7309  U_b=0.8227  AUC=0.9991  Top1=0.9324
  timing: data=3.2ms  fwd=108.8ms  bwd=73.5ms  total=186.1ms
[  85600] loss=17.9961  ema_loss=17.7923  gap=0.4860  ema_gap=0.4929  mixup=62/200  5.2 sps  ETA 0.8h  cpc=0.1497
              R²_rand=0.4482  R²_naive=0.4753  U_t=0.6869  U_b=0.8017  AUC=0.9989  Top1=0.8988
  timing: data=3.1ms  fwd=108.0ms  bwd=73.5ms  total=185.1ms
[  85800] loss=17.6780  ema_loss=17.8003  gap=0.4791  ema_gap=0.4887  mixup=63/200  5.2 sps  ETA 0.8h  cpc=0.0496
              R²_rand=0.4420  R²_naive=0.4727  U_t=0.7424  U_b=0.7946  AUC=0.9992  Top1=0.9311
  timing: data=15.4ms  fwd=107.9ms  bwd=73.7ms  total=197.6ms
[  86000] loss=18.2138  ema_loss=17.7796  gap=0.4835  ema_gap=0.4865  mixup=62/200  5.2 sps  ETA 0.7h  cpc=0.1950
              R²_rand=0.4519  R²_naive=0.4747  U_t=0.7554  U_b=0.6920  AUC=0.9995  Top1=0.9468
  timing: data=3.0ms  fwd=108.1ms  bwd=73.6ms  total=185.3ms
[  86200] loss=17.6936  ema_loss=17.7168  gap=0.4929  ema_gap=0.4817  mixup=62/200  5.2 sps  ETA 0.7h  cpc=0.1147
              R²_rand=0.4544  R²_naive=0.4801  U_t=0.6641  U_b=0.8221  AUC=0.9990  Top1=0.9224
  timing: data=3.0ms  fwd=109.2ms  bwd=73.6ms  total=186.3ms
[  86400] loss=17.5505  ema_loss=17.7221  gap=0.4887  ema_gap=0.4810  mixup=68/200  5.2 sps  ETA 0.7h  cpc=0.0665
              R²_rand=0.4575  R²_naive=0.4785  U_t=0.7327  U_b=0.8158  AUC=0.9994  Top1=0.9332
  timing: data=12.2ms  fwd=107.0ms  bwd=74.5ms  total=194.2ms
[  86600] loss=17.5504  ema_loss=17.6717  gap=0.5133  ema_gap=0.4888  mixup=60/200  5.2 sps  ETA 0.7h  cpc=0.0942
              R²_rand=0.4680  R²_naive=0.4955  U_t=0.7003  U_b=0.8166  AUC=0.9992  Top1=0.9384
  timing: data=3.0ms  fwd=108.5ms  bwd=73.2ms  total=185.2ms
[  86800] loss=17.8023  ema_loss=17.6833  gap=0.4792  ema_gap=0.4862  mixup=65/200  5.2 sps  ETA 0.7h  cpc=0.1121
              R²_rand=0.4426  R²_naive=0.4728  U_t=0.7736  U_b=0.7427  AUC=0.9993  Top1=0.9408
  timing: data=2.7ms  fwd=106.9ms  bwd=73.4ms  total=183.6ms
[  87000] loss=17.6277  ema_loss=17.7162  gap=0.4908  ema_gap=0.4851  mixup=64/200  5.2 sps  ETA 0.7h  cpc=0.0592
              R²_rand=0.4291  R²_naive=0.4782  U_t=0.7319  U_b=0.8088  AUC=0.9993  Top1=0.9319
  timing: data=18.3ms  fwd=106.2ms  bwd=74.3ms  total=199.3ms
[  87200] loss=17.6402  ema_loss=17.7020  gap=0.4868  ema_gap=0.4893  mixup=46/200  5.2 sps  ETA 0.7h  cpc=0.0572
              R²_rand=0.4452  R²_naive=0.4780  U_t=0.7349  U_b=0.8076  AUC=0.9994  Top1=0.9425
  timing: data=3.1ms  fwd=108.0ms  bwd=73.6ms  total=185.3ms
[  87400] loss=17.6435  ema_loss=17.7258  gap=0.4966  ema_gap=0.4960  mixup=51/200  5.2 sps  ETA 0.7h  cpc=0.0486
              R²_rand=0.4490  R²_naive=0.4779  U_t=0.7511  U_b=0.8110  AUC=0.9993  Top1=0.9370
  timing: data=3.1ms  fwd=107.3ms  bwd=73.6ms  total=184.6ms
[  87600] loss=17.8180  ema_loss=17.7458  gap=0.5055  ema_gap=0.4967  mixup=59/200  5.2 sps  ETA 0.7h  cpc=0.0741
              R²_rand=0.4388  R²_naive=0.4730  U_t=0.7077  U_b=0.8293  AUC=0.9993  Top1=0.9327
  timing: data=19.9ms  fwd=107.4ms  bwd=73.5ms  total=201.3ms
[  87800] loss=17.8787  ema_loss=17.7714  gap=0.5006  ema_gap=0.4955  mixup=70/200  5.2 sps  ETA 0.7h  cpc=0.0936
              R²_rand=0.4369  R²_naive=0.4802  U_t=0.6820  U_b=0.8017  AUC=0.9993  Top1=0.9389
  timing: data=2.9ms  fwd=106.8ms  bwd=73.4ms  total=183.5ms
[  88000] loss=17.5836  ema_loss=17.7295  gap=0.4870  ema_gap=0.4960  mixup=64/200  5.2 sps  ETA 0.6h  cpc=0.0390
              R²_rand=0.4402  R²_naive=0.4770  U_t=0.7660  U_b=0.8268  AUC=0.9993  Top1=0.9444
  timing: data=2.7ms  fwd=107.5ms  bwd=73.3ms  total=184.1ms
[  88200] loss=17.6497  ema_loss=17.7029  gap=0.4992  ema_gap=0.4977  mixup=59/200  5.2 sps  ETA 0.6h  cpc=0.0537
              R²_rand=0.4376  R²_naive=0.4804  U_t=0.7575  U_b=0.8113  AUC=0.9995  Top1=0.9446
  timing: data=10.3ms  fwd=107.0ms  bwd=74.8ms  total=192.7ms
[  88400] loss=18.2546  ema_loss=17.7461  gap=0.5115  ema_gap=0.4969  mixup=61/200  5.2 sps  ETA 0.6h  cpc=0.1272
              R²_rand=0.4324  R²_naive=0.4856  U_t=0.7355  U_b=0.7426  AUC=0.9995  Top1=0.9536
  timing: data=3.2ms  fwd=108.3ms  bwd=73.6ms  total=185.7ms
[  88600] loss=17.8018  ema_loss=17.6797  gap=0.5152  ema_gap=0.4977  mixup=57/200  5.2 sps  ETA 0.6h  cpc=0.1559
              R²_rand=0.4525  R²_naive=0.4927  U_t=0.6858  U_b=0.7363  AUC=0.9993  Top1=0.9360
  timing: data=3.0ms  fwd=108.0ms  bwd=73.3ms  total=184.9ms
[  88800] loss=17.5273  ema_loss=17.6298  gap=0.4957  ema_gap=0.4977  mixup=53/200  5.2 sps  ETA 0.6h  cpc=0.0509
              R²_rand=0.4415  R²_naive=0.4837  U_t=0.7462  U_b=0.8085  AUC=0.9994  Top1=0.9398
  timing: data=10.4ms  fwd=107.7ms  bwd=73.4ms  total=192.1ms
[  89000] loss=17.6887  ema_loss=17.7191  gap=0.4885  ema_gap=0.4912  mixup=77/200  5.2 sps  ETA 0.6h  cpc=0.1105
              R²_rand=0.4477  R²_naive=0.4634  U_t=0.6714  U_b=0.8171  AUC=0.9984  Top1=0.9061
  timing: data=2.8ms  fwd=106.9ms  bwd=73.2ms  total=183.5ms
[  89200] loss=17.4516  ema_loss=17.6385  gap=0.4972  ema_gap=0.4904  mixup=59/200  5.2 sps  ETA 0.6h  cpc=0.0506
              R²_rand=0.4657  R²_naive=0.4864  U_t=0.7134  U_b=0.8398  AUC=0.9992  Top1=0.9408
  timing: data=2.7ms  fwd=107.5ms  bwd=73.1ms  total=183.9ms
[  89400] loss=17.6216  ema_loss=17.6346  gap=0.4729  ema_gap=0.4927  mixup=66/200  5.2 sps  ETA 0.6h  cpc=0.0666
              R²_rand=0.4496  R²_naive=0.4723  U_t=0.7520  U_b=0.7853  AUC=0.9991  Top1=0.9357
  timing: data=46.1ms  fwd=106.5ms  bwd=73.2ms  total=226.3ms
[  89600] loss=17.6673  ema_loss=17.6302  gap=0.5100  ema_gap=0.4908  mixup=57/200  5.2 sps  ETA 0.6h  cpc=0.0957
              R²_rand=0.4494  R²_naive=0.4839  U_t=0.6937  U_b=0.8263  AUC=0.9987  Top1=0.9186
  timing: data=3.1ms  fwd=108.9ms  bwd=73.2ms  total=185.7ms
[  89800] loss=17.5491  ema_loss=17.6683  gap=0.4905  ema_gap=0.4862  mixup=65/200  5.2 sps  ETA 0.5h  cpc=0.0526
              R²_rand=0.4503  R²_naive=0.4785  U_t=0.6911  U_b=0.8253  AUC=0.9994  Top1=0.9484
  timing: data=3.0ms  fwd=106.9ms  bwd=73.1ms  total=183.5ms
[  90000] loss=17.6933  ema_loss=17.6681  gap=0.4948  ema_gap=0.4901  mixup=63/200  5.2 sps  ETA 0.5h  cpc=0.0700
              R²_rand=0.4605  R²_naive=0.4851  U_t=0.6971  U_b=0.8124  AUC=0.9990  Top1=0.9243
  timing: data=10.4ms  fwd=107.8ms  bwd=73.5ms  total=192.3ms
[  90200] loss=17.8015  ema_loss=17.5919  gap=0.4872  ema_gap=0.4938  mixup=52/200  5.2 sps  ETA 0.5h  cpc=0.1227
              R²_rand=0.4554  R²_naive=0.4757  U_t=0.7407  U_b=0.7408  AUC=0.9994  Top1=0.9441
  timing: data=2.9ms  fwd=107.4ms  bwd=74.3ms  total=185.1ms
  -> Saved /home/jupyter/wt-cf-379-train/experiments/2026-07-21_split_pred_rep_small/runs/bb_small_arm1_nse_split_pred_rep_enc3l3_b64_200k_sigreg_ema_qk_aon_cpc_tau090_r2_best_loss.pth
[  90400] loss=17.9400  ema_loss=17.6199  gap=0.5055  ema_gap=0.4989  mixup=51/200  5.2 sps  ETA 0.5h  cpc=0.1556
              R²_rand=0.4553  R²_naive=0.4895  U_t=0.7658  U_b=0.7417  AUC=0.9993  Top1=0.9465
  timing: data=2.9ms  fwd=107.1ms  bwd=72.9ms  total=183.5ms
[  90600] loss=17.8101  ema_loss=17.6523  gap=0.5215  ema_gap=0.4957  mixup=61/200  5.2 sps  ETA 0.5h  cpc=0.1271
              R²_rand=0.4629  R²_naive=0.5009  U_t=0.7492  U_b=0.7607  AUC=0.9994  Top1=0.9539
  timing: data=2.7ms  fwd=106.4ms  bwd=72.9ms  total=182.6ms
[  90800] loss=17.5890  ema_loss=17.5639  gap=0.5005  ema_gap=0.4965  mixup=60/200  5.2 sps  ETA 0.5h  cpc=0.0727
              R²_rand=0.4502  R²_naive=0.4900  U_t=0.7595  U_b=0.8123  AUC=0.9993  Top1=0.9406
  timing: data=13.3ms  fwd=108.3ms  bwd=73.4ms  total=195.6ms
  -> Saved /home/jupyter/wt-cf-379-train/experiments/2026-07-21_split_pred_rep_small/runs/bb_small_arm1_nse_split_pred_rep_enc3l3_b64_200k_sigreg_ema_qk_aon_cpc_tau090_r2_best_loss.pth
[  91000] loss=17.7281  ema_loss=17.6028  gap=0.4969  ema_gap=0.4948  mixup=55/200  5.2 sps  ETA 0.5h  cpc=0.1381
              R²_rand=0.4688  R²_naive=0.4898  U_t=0.7095  U_b=0.7301  AUC=0.9994  Top1=0.9460
  timing: data=3.0ms  fwd=107.9ms  bwd=73.2ms  total=184.7ms
[  91200] loss=17.6578  ema_loss=17.5683  gap=0.4879  ema_gap=0.4955  mixup=59/200  5.2 sps  ETA 0.5h  cpc=0.1219
              R²_rand=0.4377  R²_naive=0.4813  U_t=0.7547  U_b=0.7644  AUC=0.9992  Top1=0.9357
  timing: data=3.1ms  fwd=108.6ms  bwd=73.2ms  total=185.5ms
[  91400] loss=17.9131  ema_loss=17.6379  gap=0.4838  ema_gap=0.4892  mixup=60/200  5.2 sps  ETA 0.5h  cpc=0.2156
              R²_rand=0.4553  R²_naive=0.4819  U_t=0.7432  U_b=0.7037  AUC=0.9992  Top1=0.9319
  timing: data=37.1ms  fwd=106.8ms  bwd=74.3ms  total=218.8ms
[  91600] loss=17.7311  ema_loss=17.5782  gap=0.4779  ema_gap=0.4910  mixup=56/200  5.2 sps  ETA 0.4h  cpc=0.0970
              R²_rand=0.4415  R²_naive=0.4774  U_t=0.7075  U_b=0.8006  AUC=0.9992  Top1=0.9357
  timing: data=3.0ms  fwd=108.6ms  bwd=73.3ms  total=185.5ms
[  91800] loss=17.5255  ema_loss=17.5926  gap=0.4828  ema_gap=0.4895  mixup=67/200  5.2 sps  ETA 0.4h  cpc=0.0453
              R²_rand=0.4511  R²_naive=0.4816  U_t=0.7317  U_b=0.8226  AUC=0.9991  Top1=0.9346
  timing: data=3.1ms  fwd=107.7ms  bwd=73.2ms  total=184.6ms
[  92000] loss=17.5821  ema_loss=17.6139  gap=0.5045  ema_gap=0.4947  mixup=61/200  5.2 sps  ETA 0.4h  cpc=0.0434
              R²_rand=0.4671  R²_naive=0.4900  U_t=0.7821  U_b=0.8246  AUC=0.9995  Top1=0.9517
  timing: data=10.6ms  fwd=109.3ms  bwd=75.7ms  total=196.2ms
[  92200] loss=17.4401  ema_loss=17.6225  gap=0.5091  ema_gap=0.4953  mixup=63/200  5.2 sps  ETA 0.4h  cpc=0.0613
              R²_rand=0.4683  R²_naive=0.4998  U_t=0.7226  U_b=0.8240  AUC=0.9993  Top1=0.9438
  timing: data=3.1ms  fwd=108.4ms  bwd=73.4ms  total=185.4ms
[  92400] loss=17.6248  ema_loss=17.6397  gap=0.4954  ema_gap=0.4956  mixup=57/200  5.2 sps  ETA 0.4h  cpc=0.0582
              R²_rand=0.4600  R²_naive=0.4851  U_t=0.7448  U_b=0.8115  AUC=0.9994  Top1=0.9433
  timing: data=3.1ms  fwd=108.1ms  bwd=73.3ms  total=185.0ms
[  92600] loss=17.6985  ema_loss=17.6704  gap=0.4853  ema_gap=0.4947  mixup=59/200  5.2 sps  ETA 0.4h  cpc=0.0941
              R²_rand=0.4555  R²_naive=0.4805  U_t=0.7392  U_b=0.7793  AUC=0.9991  Top1=0.9395
  timing: data=10.2ms  fwd=106.0ms  bwd=73.3ms  total=190.1ms
[  92800] loss=17.7159  ema_loss=17.6588  gap=0.4937  ema_gap=0.4920  mixup=55/200  5.2 sps  ETA 0.4h  cpc=0.0910
              R²_rand=0.4408  R²_naive=0.4828  U_t=0.7485  U_b=0.7869  AUC=0.9994  Top1=0.9381
  timing: data=3.0ms  fwd=109.1ms  bwd=73.2ms  total=185.9ms
[  93000] loss=17.6447  ema_loss=17.7330  gap=0.4798  ema_gap=0.4912  mixup=65/200  5.2 sps  ETA 0.4h  cpc=0.0568
              R²_rand=0.4414  R²_naive=0.4740  U_t=0.7378  U_b=0.8147  AUC=0.9988  Top1=0.9311
  timing: data=3.0ms  fwd=107.9ms  bwd=73.2ms  total=184.7ms
[  93200] loss=17.6933  ema_loss=17.6946  gap=0.4802  ema_gap=0.4938  mixup=61/200  5.2 sps  ETA 0.4h  cpc=0.0545
              R²_rand=0.4243  R²_naive=0.4769  U_t=0.7484  U_b=0.7939  AUC=0.9994  Top1=0.9422
  timing: data=10.2ms  fwd=107.5ms  bwd=73.5ms  total=191.8ms
[  93400] loss=17.7325  ema_loss=17.6981  gap=0.4956  ema_gap=0.4942  mixup=59/200  5.2 sps  ETA 0.4h  cpc=0.0601
              R²_rand=0.4492  R²_naive=0.4824  U_t=0.7613  U_b=0.8057  AUC=0.9992  Top1=0.9441
  timing: data=3.0ms  fwd=107.8ms  bwd=73.2ms  total=184.6ms
[  93600] loss=17.4926  ema_loss=17.6484  gap=0.4880  ema_gap=0.4958  mixup=55/200  5.2 sps  ETA 0.3h  cpc=0.0572
              R²_rand=0.4524  R²_naive=0.4834  U_t=0.7330  U_b=0.8162  AUC=0.9991  Top1=0.9387
  timing: data=3.1ms  fwd=108.8ms  bwd=73.4ms  total=185.8ms
[  93800] loss=17.4646  ema_loss=17.6029  gap=0.4897  ema_gap=0.4945  mixup=58/200  5.2 sps  ETA 0.3h  cpc=0.0369
              R²_rand=0.4643  R²_naive=0.4919  U_t=0.7635  U_b=0.8254  AUC=0.9996  Top1=0.9517
  timing: data=13.0ms  fwd=106.9ms  bwd=74.0ms  total=194.4ms
[  94000] loss=17.8089  ema_loss=17.5908  gap=0.4985  ema_gap=0.5019  mixup=60/200  5.2 sps  ETA 0.3h  cpc=0.1431
              R²_rand=0.4556  R²_naive=0.4914  U_t=0.7707  U_b=0.7444  AUC=0.9993  Top1=0.9398
  timing: data=3.2ms  fwd=111.1ms  bwd=77.5ms  total=192.4ms
[  94200] loss=17.7367  ema_loss=17.6138  gap=0.5078  ema_gap=0.5041  mixup=76/200  5.2 sps  ETA 0.3h  cpc=0.0871
              R²_rand=0.4628  R²_naive=0.4921  U_t=0.6796  U_b=0.8185  AUC=0.9993  Top1=0.9427
  timing: data=3.1ms  fwd=107.7ms  bwd=74.0ms  total=185.4ms
[  94400] loss=17.6766  ema_loss=17.5222  gap=0.4929  ema_gap=0.5051  mixup=54/200  5.2 sps  ETA 0.3h  cpc=0.1278
              R²_rand=0.4494  R²_naive=0.4887  U_t=0.7560  U_b=0.7490  AUC=0.9993  Top1=0.9452
  timing: data=16.1ms  fwd=107.1ms  bwd=73.6ms  total=197.4ms
  -> Saved /home/jupyter/wt-cf-379-train/experiments/2026-07-21_split_pred_rep_small/runs/bb_small_arm1_nse_split_pred_rep_enc3l3_b64_200k_sigreg_ema_qk_aon_cpc_tau090_r2_best_loss.pth
[  94600] loss=17.6058  ema_loss=17.5745  gap=0.4813  ema_gap=0.4976  mixup=63/200  5.2 sps  ETA 0.3h  cpc=0.0912
              R²_rand=0.4451  R²_naive=0.4864  U_t=0.7660  U_b=0.7792  AUC=0.9994  Top1=0.9452
  timing: data=3.0ms  fwd=108.4ms  bwd=73.6ms  total=185.6ms
[  94800] loss=17.6398  ema_loss=17.6397  gap=0.4993  ema_gap=0.4949  mixup=74/200  5.2 sps  ETA 0.3h  cpc=0.0682
              R²_rand=0.4735  R²_naive=0.4976  U_t=0.7187  U_b=0.7818  AUC=0.9993  Top1=0.9471
  timing: data=3.2ms  fwd=108.6ms  bwd=73.1ms  total=185.4ms
[  95000] loss=17.6766  ema_loss=17.7019  gap=0.4928  ema_gap=0.4903  mixup=70/200  5.2 sps  ETA 0.3h  cpc=0.0654
              R²_rand=0.4748  R²_naive=0.4915  U_t=0.7202  U_b=0.8262  AUC=0.9995  Top1=0.9506
  timing: data=12.3ms  fwd=106.5ms  bwd=73.5ms  total=192.9ms
[  95200] loss=17.6122  ema_loss=17.7588  gap=0.4800  ema_gap=0.4890  mixup=56/200  5.2 sps  ETA 0.3h  cpc=0.0518
              R²_rand=0.4474  R²_naive=0.4827  U_t=0.7297  U_b=0.8003  AUC=0.9994  Top1=0.9425
  timing: data=3.4ms  fwd=108.0ms  bwd=74.2ms  total=186.1ms
[  95400] loss=17.5817  ema_loss=17.6888  gap=0.5044  ema_gap=0.4914  mixup=51/200  5.2 sps  ETA 0.2h  cpc=0.0317
              R²_rand=0.4792  R²_naive=0.4982  U_t=0.7329  U_b=0.8351  AUC=0.9995  Top1=0.9588
  timing: data=2.8ms  fwd=107.9ms  bwd=73.1ms  total=184.4ms
[  95600] loss=17.4355  ema_loss=17.6565  gap=0.5083  ema_gap=0.4968  mixup=62/200  5.2 sps  ETA 0.2h  cpc=0.0348
              R²_rand=0.4707  R²_naive=0.5003  U_t=0.7258  U_b=0.8226  AUC=0.9994  Top1=0.9493
  timing: data=2.9ms  fwd=107.8ms  bwd=73.0ms  total=184.3ms
[  95800] loss=17.3724  ema_loss=17.5945  gap=0.4791  ema_gap=0.4926  mixup=62/200  5.2 sps  ETA 0.2h  cpc=0.0401
              R²_rand=0.4666  R²_naive=0.4855  U_t=0.7527  U_b=0.8113  AUC=0.9995  Top1=0.9506
  timing: data=10.5ms  fwd=107.8ms  bwd=73.3ms  total=192.1ms
[  96000] loss=17.7191  ema_loss=17.6442  gap=0.5108  ema_gap=0.4915  mixup=68/200  5.2 sps  ETA 0.2h  cpc=0.0496
              R²_rand=0.4706  R²_naive=0.5040  U_t=0.7763  U_b=0.8260  AUC=0.9996  Top1=0.9577
  timing: data=3.0ms  fwd=107.1ms  bwd=72.8ms  total=183.5ms
[  96200] loss=17.4283  ema_loss=17.5101  gap=0.5044  ema_gap=0.4992  mixup=66/200  5.2 sps  ETA 0.2h  cpc=0.0462
              R²_rand=0.4703  R²_naive=0.4985  U_t=0.7676  U_b=0.8334  AUC=0.9994  Top1=0.9503
  timing: data=3.3ms  fwd=109.0ms  bwd=72.9ms  total=185.8ms
  -> Saved /home/jupyter/wt-cf-379-train/experiments/2026-07-21_split_pred_rep_small/runs/bb_small_arm1_nse_split_pred_rep_enc3l3_b64_200k_sigreg_ema_qk_aon_cpc_tau090_r2_best_loss.pth
[  96400] loss=17.3968  ema_loss=17.5531  gap=0.5263  ema_gap=0.5082  mixup=57/200  5.2 sps  ETA 0.2h  cpc=0.0605
              R²_rand=0.4615  R²_naive=0.5146  U_t=0.7519  U_b=0.8208  AUC=0.9994  Top1=0.9514
  timing: data=11.5ms  fwd=106.7ms  bwd=73.2ms  total=191.9ms
[  96600] loss=17.5798  ema_loss=17.4945  gap=0.5372  ema_gap=0.5122  mixup=57/200  5.2 sps  ETA 0.2h  cpc=0.1245
              R²_rand=0.4694  R²_naive=0.5201  U_t=0.7204  U_b=0.8207  AUC=0.9997  Top1=0.9639
  timing: data=3.0ms  fwd=107.8ms  bwd=73.2ms  total=184.5ms
  -> Saved /home/jupyter/wt-cf-379-train/experiments/2026-07-21_split_pred_rep_small/runs/bb_small_arm1_nse_split_pred_rep_enc3l3_b64_200k_sigreg_ema_qk_aon_cpc_tau090_r2_best_loss.pth
[  96800] loss=17.3111  ema_loss=17.4383  gap=0.5064  ema_gap=0.5085  mixup=68/200  5.2 sps  ETA 0.2h  cpc=0.0348
              R²_rand=0.4775  R²_naive=0.5035  U_t=0.7746  U_b=0.8361  AUC=0.9995  Top1=0.9604
  timing: data=3.0ms  fwd=107.4ms  bwd=73.2ms  total=184.2ms
  -> Saved /home/jupyter/wt-cf-379-train/experiments/2026-07-21_split_pred_rep_small/runs/bb_small_arm1_nse_split_pred_rep_enc3l3_b64_200k_sigreg_ema_qk_aon_cpc_tau090_r2_best_loss.pth
[  97000] loss=17.1760  ema_loss=17.4687  gap=0.5058  ema_gap=0.5083  mixup=69/200  5.2 sps  ETA 0.2h  cpc=0.0479
              R²_rand=0.4783  R²_naive=0.5066  U_t=0.7393  U_b=0.8230  AUC=0.9993  Top1=0.9392
  timing: data=10.0ms  fwd=107.7ms  bwd=73.7ms  total=191.9ms
[  97200] loss=17.2441  ema_loss=17.4156  gap=0.5029  ema_gap=0.5118  mixup=65/200  5.2 sps  ETA 0.1h  cpc=0.0561
              R²_rand=0.4770  R²_naive=0.5018  U_t=0.7121  U_b=0.8320  AUC=0.9994  Top1=0.9517
  timing: data=2.9ms  fwd=107.8ms  bwd=73.1ms  total=184.3ms
  -> Saved /home/jupyter/wt-cf-379-train/experiments/2026-07-21_split_pred_rep_small/runs/bb_small_arm1_nse_split_pred_rep_enc3l3_b64_200k_sigreg_ema_qk_aon_cpc_tau090_r2_best_loss.pth
[  97400] loss=17.3117  ema_loss=17.4593  gap=0.5126  ema_gap=0.5129  mixup=55/200  5.2 sps  ETA 0.1h  cpc=0.0473
              R²_rand=0.4665  R²_naive=0.5019  U_t=0.7497  U_b=0.8401  AUC=0.9994  Top1=0.9517
  timing: data=2.8ms  fwd=107.7ms  bwd=73.2ms  total=184.2ms
[  97600] loss=17.3993  ema_loss=17.4319  gap=0.5097  ema_gap=0.5091  mixup=62/200  5.2 sps  ETA 0.1h  cpc=0.0956
              R²_rand=0.4622  R²_naive=0.5086  U_t=0.6884  U_b=0.8067  AUC=0.9994  Top1=0.9544
  timing: data=10.0ms  fwd=106.3ms  bwd=73.5ms  total=190.3ms
[  97800] loss=17.5030  ema_loss=17.5044  gap=0.5107  ema_gap=0.5077  mixup=64/200  5.2 sps  ETA 0.1h  cpc=0.0827
              R²_rand=0.4688  R²_naive=0.5013  U_t=0.7324  U_b=0.8194  AUC=0.9990  Top1=0.9425
  timing: data=3.3ms  fwd=109.5ms  bwd=75.5ms  total=188.9ms
[  98000] loss=17.5186  ema_loss=17.5041  gap=0.5124  ema_gap=0.5080  mixup=65/200  5.2 sps  ETA 0.1h  cpc=0.0769
              R²_rand=0.4724  R²_naive=0.5042  U_t=0.7046  U_b=0.8207  AUC=0.9994  Top1=0.9503
  timing: data=3.2ms  fwd=108.8ms  bwd=77.3ms  total=190.0ms
[  98200] loss=17.3606  ema_loss=17.4337  gap=0.5081  ema_gap=0.5137  mixup=45/200  5.2 sps  ETA 0.1h  cpc=0.0459
              R²_rand=0.4683  R²_naive=0.5040  U_t=0.7567  U_b=0.8252  AUC=0.9994  Top1=0.9533
  timing: data=10.6ms  fwd=109.6ms  bwd=77.0ms  total=197.9ms
[  98400] loss=17.2428  ema_loss=17.4402  gap=0.5396  ema_gap=0.5146  mixup=61/200  5.2 sps  ETA 0.1h  cpc=0.0658
              R²_rand=0.4988  R²_naive=0.5249  U_t=0.6524  U_b=0.8267  AUC=0.9994  Top1=0.9569
  timing: data=3.0ms  fwd=107.4ms  bwd=73.1ms  total=184.0ms
[  98600] loss=17.3577  ema_loss=17.4474  gap=0.4888  ema_gap=0.5035  mixup=60/200  5.2 sps  ETA 0.1h  cpc=0.0530
              R²_rand=0.4764  R²_naive=0.4932  U_t=0.7327  U_b=0.8350  AUC=0.9993  Top1=0.9495
  timing: data=2.9ms  fwd=108.3ms  bwd=73.0ms  total=184.8ms
[  98800] loss=17.4556  ema_loss=17.4541  gap=0.4983  ema_gap=0.4961  mixup=66/200  5.2 sps  ETA 0.1h  cpc=0.0506
              R²_rand=0.4589  R²_naive=0.5002  U_t=0.7332  U_b=0.8132  AUC=0.9994  Top1=0.9430
  timing: data=10.4ms  fwd=106.4ms  bwd=73.7ms  total=191.1ms
[  99000] loss=17.7784  ema_loss=17.5031  gap=0.4893  ema_gap=0.4949  mixup=60/200  5.2 sps  ETA 0.1h  cpc=0.1212
              R²_rand=0.4549  R²_naive=0.4949  U_t=0.7833  U_b=0.7358  AUC=0.9995  Top1=0.9493
  timing: data=3.0ms  fwd=108.9ms  bwd=74.4ms  total=187.0ms
[  99200] loss=17.7460  ema_loss=17.5695  gap=0.4775  ema_gap=0.4897  mixup=48/200  5.2 sps  ETA 0.0h  cpc=0.0354
              R²_rand=0.4589  R²_naive=0.4854  U_t=0.7440  U_b=0.8167  AUC=0.9994  Top1=0.9514
  timing: data=3.0ms  fwd=107.5ms  bwd=73.4ms  total=184.5ms
[  99400] loss=17.4851  ema_loss=17.5964  gap=0.5090  ema_gap=0.4888  mixup=55/200  5.2 sps  ETA 0.0h  cpc=0.0458
              R²_rand=0.4801  R²_naive=0.5020  U_t=0.7466  U_b=0.8335  AUC=0.9995  Top1=0.9536
  timing: data=9.9ms  fwd=107.6ms  bwd=73.4ms  total=191.3ms
[  99600] loss=17.6100  ema_loss=17.6499  gap=0.4805  ema_gap=0.4912  mixup=55/200  5.2 sps  ETA 0.0h  cpc=0.0503
              R²_rand=0.4654  R²_naive=0.4867  U_t=0.7455  U_b=0.8219  AUC=0.9994  Top1=0.9438
  timing: data=2.9ms  fwd=107.1ms  bwd=73.2ms  total=183.8ms
[  99800] loss=17.4643  ema_loss=17.5755  gap=0.4961  ema_gap=0.4997  mixup=62/200  5.2 sps  ETA 0.0h  cpc=0.0720
              R²_rand=0.4549  R²_naive=0.4928  U_t=0.7011  U_b=0.8329  AUC=0.9994  Top1=0.9474
  timing: data=3.1ms  fwd=108.8ms  bwd=73.4ms  total=185.7ms
[ 100000] loss=17.3246  ema_loss=17.4959  gap=0.5262  ema_gap=0.5098  mixup=54/200  5.2 sps  ETA 0.0h  cpc=0.0396
              R²_rand=0.4870  R²_naive=0.5133  U_t=0.7691  U_b=0.8219  AUC=0.9997  Top1=0.9593
  timing: data=11.9ms  fwd=107.2ms  bwd=73.3ms  total=193.0ms
  -> Saved /home/jupyter/wt-cf-379-train/experiments/2026-07-21_split_pred_rep_small/runs/bb_small_arm1_nse_split_pred_rep_enc3l3_b64_200k_sigreg_ema_qk_aon_cpc_tau090_r2_100k.pth
  -> Saved /home/jupyter/wt-cf-379-train/experiments/2026-07-21_split_pred_rep_small/runs/bb_small_arm1_nse_split_pred_rep_enc3l3_b64_200k_sigreg_ema_qk_aon_cpc_tau090_r2_final.pth

Done in 3.2h. Best gap=0.5417 at step 3000, Best loss=17.4156 at step 97200
  [checkpoint] Branching to 'bb_small_arm1_nse_split_pred_rep_enc3l3_b64_200k_sigreg_ema_qk_aon_cpc_tau090_r3'.
  [checkpoint] Restored optimizer from /home/jupyter/wt-cf-379-train/experiments/2026-07-21_split_pred_rep_small/runs/bb_small_arm1_nse_split_pred_rep_enc3l3_b64_200k_sigreg_ema_qk_aon_cpc_tau090_r2_100k_optimizer.pth (step=100000, best_ff=0.5417)
Resumed from /home/jupyter/wt-cf-379-train/experiments/2026-07-21_split_pred_rep_small/runs/bb_small_arm1_nse_split_pred_rep_enc3l3_b64_200k_sigreg_ema_qk_aon_cpc_tau090_r2_100k.pth at step 100000
Device: cuda | Params: 724,764
Training for 200000 steps, bs=64, lr=0.001, T=4096, C=1, mix_ratio=0.0078125, freq_emb_dim=3, seasonality_emb_dim=3, mixup_p=0.3, rev_norm_kind=ewma(span=128), patch_stats=none, encoder_type=gru
Checkpoints: /home/jupyter/wt-cf-379-train/experiments/2026-07-21_split_pred_rep_small/runs/bb_small_arm1_nse_split_pred_rep_enc3l3_b64_200k_sigreg_ema_qk_aon_cpc_tau090_r3_*.pth
Loss CSV: /home/jupyter/wt-cf-379-train/experiments/2026-07-21_split_pred_rep_small/runs/bb_small_arm1_nse_split_pred_rep_enc3l3_b64_200k_sigreg_ema_qk_aon_cpc_tau090_r3_losses.csv
Attn-amplitude CSV: /home/jupyter/wt-cf-379-train/experiments/2026-07-21_split_pred_rep_small/runs/bb_small_arm1_nse_split_pred_rep_enc3l3_b64_200k_sigreg_ema_qk_aon_cpc_tau090_r3_attn_amplitude.csv (every 200 steps)
Data: MIX 99% HF + 1% synth (forked-arma) + 0% crossfade + 1 triplet(s)=3 rows, hf_bs=64, synth_bs=0, cross_bs=0, total_bs=67
  [dataloader] 4274 shards, 42740000 total rows, target skip 6400000
  [dataloader] Fast-skip: starting at shard 640/4274, then skipping 0 rows within it
[ 100200] loss=17.6207  ema_loss=17.4529  gap=0.5222  ema_gap=0.5092  mixup=59/200  4.0 sps  ETA 6.9h  cpc=0.1336
              R²_rand=0.4715  R²_naive=0.5101  U_t=0.7647  U_b=0.7417  AUC=0.9994  Top1=0.9503
  timing: data=53.8ms  fwd=112.9ms  bwd=77.5ms  total=244.8ms
[ 100400] loss=17.4224  ema_loss=17.4669  gap=0.5070  ema_gap=0.5091  mixup=63/200  4.5 sps  ETA 6.2h  cpc=0.0509
              R²_rand=0.4836  R²_naive=0.5014  U_t=0.7508  U_b=0.8178  AUC=0.9993  Top1=0.9533
  timing: data=3.4ms  fwd=112.9ms  bwd=77.6ms  total=194.4ms
[ 100600] loss=17.7439  ema_loss=17.4304  gap=0.4923  ema_gap=0.5105  mixup=54/200  4.5 sps  ETA 6.1h  cpc=0.1328
              R²_rand=0.4679  R²_naive=0.4969  U_t=0.7499  U_b=0.7399  AUC=0.9996  Top1=0.9533
  timing: data=3.2ms  fwd=118.8ms  bwd=82.3ms  total=204.9ms
[ 100800] loss=17.4221  ema_loss=17.4772  gap=0.5044  ema_gap=0.5103  mixup=62/200  4.5 sps  ETA 6.1h  cpc=0.0635
              R²_rand=0.4817  R²_naive=0.5016  U_t=0.7709  U_b=0.8062  AUC=0.9994  Top1=0.9468
  timing: data=22.4ms  fwd=116.9ms  bwd=81.5ms  total=221.5ms
[ 101000] loss=17.3908  ema_loss=17.4770  gap=0.4982  ema_gap=0.5085  mixup=61/200  4.5 sps  ETA 6.1h  cpc=0.0402
              R²_rand=0.4729  R²_naive=0.4988  U_t=0.7635  U_b=0.8198  AUC=0.9995  Top1=0.9490
  timing: data=3.5ms  fwd=116.4ms  bwd=81.7ms  total=202.3ms
[ 101200] loss=17.6679  ema_loss=17.4580  gap=0.5265  ema_gap=0.5122  mixup=58/200  4.6 sps  ETA 6.0h  cpc=0.1677
              R²_rand=0.4565  R²_naive=0.5161  U_t=0.7469  U_b=0.7226  AUC=0.9995  Top1=0.9512
  timing: data=3.4ms  fwd=118.3ms  bwd=81.8ms  total=204.2ms
[ 101400] loss=17.5772  ema_loss=17.4361  gap=0.5188  ema_gap=0.5179  mixup=57/200  4.5 sps  ETA 6.0h  cpc=0.0961
              R²_rand=0.4752  R²_naive=0.5107  U_t=0.7799  U_b=0.7566  AUC=0.9993  Top1=0.9501
  timing: data=19.7ms  fwd=118.1ms  bwd=83.2ms  total=221.7ms
[ 101600] loss=17.4939  ema_loss=17.4464  gap=0.5260  ema_gap=0.5174  mixup=56/200  4.5 sps  ETA 6.0h  cpc=0.0633
              R²_rand=0.4686  R²_naive=0.5091  U_t=0.7495  U_b=0.8071  AUC=0.9995  Top1=0.9571
  timing: data=3.9ms  fwd=121.3ms  bwd=83.9ms  total=209.8ms
[ 101800] loss=17.3101  ema_loss=17.4538  gap=0.5091  ema_gap=0.5177  mixup=55/200  4.5 sps  ETA 6.0h  cpc=0.0488
              R²_rand=0.4662  R²_naive=0.5037  U_t=0.7571  U_b=0.8262  AUC=0.9994  Top1=0.9620
  timing: data=3.3ms  fwd=119.3ms  bwd=83.1ms  total=206.4ms
[ 102000] loss=17.6292  ema_loss=17.4920  gap=0.5031  ema_gap=0.5092  mixup=67/200  4.5 sps  ETA 6.0h  cpc=0.0660
              R²_rand=0.4613  R²_naive=0.4976  U_t=0.7550  U_b=0.8022  AUC=0.9994  Top1=0.9498
  timing: data=20.8ms  fwd=118.6ms  bwd=84.2ms  total=224.3ms
[ 102200] loss=17.5031  ema_loss=17.5359  gap=0.4893  ema_gap=0.5033  mixup=64/200  4.5 sps  ETA 6.0h  cpc=0.0479
              R²_rand=0.4451  R²_naive=0.4934  U_t=0.7563  U_b=0.8116  AUC=0.9993  Top1=0.9460
  timing: data=3.4ms  fwd=119.5ms  bwd=83.9ms  total=207.5ms
[ 102400] loss=17.5577  ema_loss=17.5546  gap=0.5077  ema_gap=0.5004  mixup=71/200  4.5 sps  ETA 6.0h  cpc=0.0659
              R²_rand=0.4805  R²_naive=0.5029  U_t=0.7458  U_b=0.7880  AUC=0.9997  Top1=0.9601
  timing: data=3.4ms  fwd=121.0ms  bwd=85.5ms  total=210.6ms
[ 102600] loss=17.5592  ema_loss=17.5929  gap=0.5139  ema_gap=0.5030  mixup=59/200  4.5 sps  ETA 6.0h  cpc=0.0835
              R²_rand=0.4740  R²_naive=0.5057  U_t=0.7154  U_b=0.8442  AUC=0.9993  Top1=0.9351
  timing: data=36.8ms  fwd=120.1ms  bwd=85.3ms  total=242.9ms
[ 102800] loss=17.4535  ema_loss=17.5602  gap=0.5015  ema_gap=0.5003  mixup=69/200  4.5 sps  ETA 6.0h  cpc=0.0531
              R²_rand=0.4453  R²_naive=0.5021  U_t=0.7628  U_b=0.8190  AUC=0.9995  Top1=0.9536
  timing: data=3.4ms  fwd=119.9ms  bwd=82.4ms  total=206.3ms
[ 103000] loss=17.4917  ema_loss=17.5827  gap=0.4997  ema_gap=0.5023  mixup=67/200  4.5 sps  ETA 6.0h  cpc=0.0382
              R²_rand=0.4834  R²_naive=0.5008  U_t=0.7544  U_b=0.8186  AUC=0.9996  Top1=0.9550
  timing: data=3.5ms  fwd=119.8ms  bwd=83.9ms  total=207.9ms
[ 103200] loss=17.4945  ema_loss=17.5744  gap=0.4959  ema_gap=0.4974  mixup=51/200  4.5 sps  ETA 6.0h  cpc=0.0386
              R²_rand=0.4620  R²_naive=0.4938  U_t=0.7636  U_b=0.8363  AUC=0.9994  Top1=0.9398
  timing: data=21.1ms  fwd=117.7ms  bwd=83.2ms  total=222.6ms
[ 103400] loss=17.6677  ema_loss=17.6282  gap=0.4895  ema_gap=0.4937  mixup=63/200  4.5 sps  ETA 6.0h  cpc=0.1063
              R²_rand=0.4473  R²_naive=0.4908  U_t=0.6811  U_b=0.8237  AUC=0.9995  Top1=0.9455
  timing: data=3.7ms  fwd=120.7ms  bwd=84.1ms  total=209.2ms
[ 103600] loss=17.6108  ema_loss=17.6543  gap=0.4904  ema_gap=0.4874  mixup=67/200  4.5 sps  ETA 6.0h  cpc=0.0486
              R²_rand=0.4512  R²_naive=0.4942  U_t=0.7120  U_b=0.8260  AUC=0.9993  Top1=0.9479
  timing: data=3.3ms  fwd=119.8ms  bwd=83.5ms  total=207.1ms
[ 103800] loss=17.6540  ema_loss=17.6735  gap=0.4791  ema_gap=0.4846  mixup=54/200  4.5 sps  ETA 5.9h  cpc=0.0564
              R²_rand=0.4385  R²_naive=0.4868  U_t=0.7187  U_b=0.8174  AUC=0.9994  Top1=0.9376
  timing: data=19.4ms  fwd=117.0ms  bwd=81.7ms  total=218.7ms
[ 104000] loss=17.5948  ema_loss=17.7059  gap=0.4826  ema_gap=0.4881  mixup=63/200  4.5 sps  ETA 5.9h  cpc=0.0413
              R²_rand=0.4487  R²_naive=0.4930  U_t=0.7366  U_b=0.8130  AUC=0.9990  Top1=0.9335
  timing: data=3.5ms  fwd=120.6ms  bwd=83.8ms  total=208.5ms
[ 104200] loss=17.6115  ema_loss=17.6294  gap=0.4876  ema_gap=0.4887  mixup=65/200  4.5 sps  ETA 5.9h  cpc=0.0703
              R²_rand=0.4737  R²_naive=0.4930  U_t=0.7682  U_b=0.7869  AUC=0.9994  Top1=0.9438
  timing: data=3.7ms  fwd=119.4ms  bwd=81.7ms  total=205.4ms
[ 104400] loss=17.6041  ema_loss=17.6388  gap=0.4793  ema_gap=0.4867  mixup=58/200  4.5 sps  ETA 5.9h  cpc=0.0368
              R²_rand=0.4758  R²_naive=0.4883  U_t=0.7238  U_b=0.8286  AUC=0.9997  Top1=0.9628
  timing: data=28.6ms  fwd=119.3ms  bwd=84.0ms  total=232.6ms
[ 104600] loss=17.9251  ema_loss=17.7502  gap=0.4779  ema_gap=0.4838  mixup=69/200  4.5 sps  ETA 5.9h  cpc=0.1311
              R²_rand=0.4475  R²_naive=0.4829  U_t=0.7533  U_b=0.7382  AUC=0.9991  Top1=0.9430
  timing: data=3.5ms  fwd=118.4ms  bwd=82.9ms  total=205.5ms
[ 104800] loss=17.7555  ema_loss=17.7760  gap=0.4784  ema_gap=0.4845  mixup=65/200  4.5 sps  ETA 5.9h  cpc=0.0676
              R²_rand=0.4510  R²_naive=0.4875  U_t=0.7153  U_b=0.7832  AUC=0.9994  Top1=0.9476
  timing: data=4.1ms  fwd=119.6ms  bwd=83.0ms  total=207.4ms
[ 105000] loss=17.8378  ema_loss=17.7162  gap=0.4808  ema_gap=0.4902  mixup=55/200  4.5 sps  ETA 5.9h  cpc=0.1343
              R²_rand=0.4498  R²_naive=0.4883  U_t=0.7528  U_b=0.7570  AUC=0.9994  Top1=0.9503
  timing: data=26.6ms  fwd=117.6ms  bwd=83.5ms  total=228.5ms
[ 105200] loss=17.5689  ema_loss=17.6945  gap=0.4868  ema_gap=0.4891  mixup=49/200  4.5 sps  ETA 5.9h  cpc=0.0320
              R²_rand=0.4485  R²_naive=0.4915  U_t=0.7630  U_b=0.8236  AUC=0.9993  Top1=0.9419
  timing: data=3.3ms  fwd=117.3ms  bwd=82.4ms  total=203.6ms
[ 105400] loss=17.7406  ema_loss=17.7196  gap=0.4946  ema_gap=0.4884  mixup=59/200  4.5 sps  ETA 5.8h  cpc=0.0694
              R²_rand=0.4575  R²_naive=0.4883  U_t=0.7236  U_b=0.8152  AUC=0.9993  Top1=0.9441
  timing: data=3.8ms  fwd=120.9ms  bwd=83.2ms  total=208.5ms
[ 105600] loss=17.5724  ema_loss=17.6627  gap=0.4893  ema_gap=0.4911  mixup=52/200  4.5 sps  ETA 5.8h  cpc=0.0356
              R²_rand=0.4454  R²_naive=0.4890  U_t=0.7146  U_b=0.8189  AUC=0.9994  Top1=0.9455
  timing: data=3.4ms  fwd=118.9ms  bwd=83.7ms  total=206.6ms
[ 105800] loss=17.6522  ema_loss=17.6993  gap=0.4993  ema_gap=0.4916  mixup=61/200  4.5 sps  ETA 5.8h  cpc=0.0723
              R²_rand=0.4632  R²_naive=0.4980  U_t=0.7453  U_b=0.7898  AUC=0.9995  Top1=0.9601
  timing: data=23.9ms  fwd=118.7ms  bwd=82.6ms  total=225.8ms
[ 106000] loss=17.6254  ema_loss=17.6964  gap=0.5102  ema_gap=0.4898  mixup=53/200  4.5 sps  ETA 5.8h  cpc=0.0807
              R²_rand=0.4753  R²_naive=0.5045  U_t=0.6960  U_b=0.8268  AUC=0.9995  Top1=0.9533
  timing: data=3.7ms  fwd=119.5ms  bwd=82.7ms  total=206.6ms
[ 106200] loss=17.5684  ema_loss=17.7168  gap=0.4912  ema_gap=0.4862  mixup=58/200  4.5 sps  ETA 5.8h  cpc=0.0416
              R²_rand=0.4677  R²_naive=0.4939  U_t=0.7158  U_b=0.8273  AUC=0.9993  Top1=0.9479
  timing: data=3.7ms  fwd=119.8ms  bwd=83.2ms  total=207.3ms
[ 106400] loss=17.6274  ema_loss=17.7372  gap=0.4780  ema_gap=0.4897  mixup=62/200  4.5 sps  ETA 5.8h  cpc=0.0521
              R²_rand=0.4507  R²_naive=0.4898  U_t=0.7330  U_b=0.8124  AUC=0.9994  Top1=0.9476
  timing: data=24.7ms  fwd=119.8ms  bwd=83.5ms  total=228.6ms
[ 106600] loss=17.5774  ema_loss=17.7053  gap=0.4793  ema_gap=0.4881  mixup=56/200  4.5 sps  ETA 5.8h  cpc=0.0326
              R²_rand=0.4453  R²_naive=0.4848  U_t=0.7319  U_b=0.8154  AUC=0.9994  Top1=0.9452
  timing: data=3.6ms  fwd=121.3ms  bwd=84.1ms  total=209.7ms
[ 106800] loss=17.7540  ema_loss=17.7642  gap=0.4917  ema_gap=0.4842  mixup=71/200  4.5 sps  ETA 5.8h  cpc=0.0534
              R²_rand=0.4550  R²_naive=0.4881  U_t=0.7531  U_b=0.8085  AUC=0.9993  Top1=0.9541
  timing: data=3.5ms  fwd=120.5ms  bwd=83.6ms  total=208.2ms
[ 107000] loss=17.6980  ema_loss=17.7343  gap=0.4792  ema_gap=0.4906  mixup=50/200  4.5 sps  ETA 5.8h  cpc=0.0492
              R²_rand=0.4647  R²_naive=0.4852  U_t=0.7158  U_b=0.8233  AUC=0.9996  Top1=0.9585
  timing: data=74.7ms  fwd=115.3ms  bwd=80.8ms  total=271.4ms
[ 107200] loss=17.9360  ema_loss=17.8030  gap=0.4941  ema_gap=0.4859  mixup=63/200  4.5 sps  ETA 5.8h  cpc=0.0810
              R²_rand=0.4699  R²_naive=0.4930  U_t=0.6535  U_b=0.7941  AUC=0.9995  Top1=0.9528
  timing: data=3.8ms  fwd=117.7ms  bwd=82.3ms  total=204.4ms
[ 107400] loss=17.6550  ema_loss=17.8221  gap=0.5133  ema_gap=0.4906  mixup=68/200  4.5 sps  ETA 5.7h  cpc=0.0625
              R²_rand=0.4641  R²_naive=0.5095  U_t=0.7089  U_b=0.8172  AUC=0.9995  Top1=0.9506
  timing: data=3.4ms  fwd=118.9ms  bwd=81.8ms  total=204.7ms
[ 107600] loss=17.6929  ema_loss=17.7878  gap=0.4999  ema_gap=0.4952  mixup=52/200  4.5 sps  ETA 5.7h  cpc=0.0445
              R²_rand=0.4702  R²_naive=0.4996  U_t=0.7356  U_b=0.8146  AUC=0.9995  Top1=0.9563
  timing: data=20.2ms  fwd=119.2ms  bwd=84.8ms  total=224.8ms
[ 107800] loss=17.6239  ema_loss=17.7742  gap=0.4979  ema_gap=0.4949  mixup=63/200  4.5 sps  ETA 5.7h  cpc=0.0491
              R²_rand=0.4711  R²_naive=0.4975  U_t=0.7163  U_b=0.8248  AUC=0.9995  Top1=0.9596
  timing: data=3.4ms  fwd=118.9ms  bwd=82.7ms  total=205.7ms
[ 108000] loss=17.6720  ema_loss=17.8047  gap=0.5155  ema_gap=0.4973  mixup=59/200  4.5 sps  ETA 5.7h  cpc=0.0772
              R²_rand=0.4739  R²_naive=0.5022  U_t=0.6964  U_b=0.7962  AUC=0.9996  Top1=0.9623
  timing: data=3.6ms  fwd=119.7ms  bwd=84.5ms  total=208.4ms
[ 108200] loss=17.8089  ema_loss=17.8389  gap=0.4835  ema_gap=0.4920  mixup=57/200  4.5 sps  ETA 5.7h  cpc=0.0350
              R²_rand=0.4508  R²_naive=0.4779  U_t=0.7502  U_b=0.8116  AUC=0.9997  Top1=0.9661
  timing: data=52.6ms  fwd=119.1ms  bwd=82.3ms  total=254.5ms
[ 108400] loss=17.7336  ema_loss=17.8275  gap=0.4939  ema_gap=0.4941  mixup=55/200  4.5 sps  ETA 5.7h  cpc=0.0561
              R²_rand=0.4484  R²_naive=0.4855  U_t=0.7124  U_b=0.7979  AUC=0.9996  Top1=0.9612
  timing: data=3.3ms  fwd=110.3ms  bwd=77.1ms  total=191.4ms
[ 108600] loss=17.9208  ema_loss=17.7893  gap=0.5081  ema_gap=0.4961  mixup=47/200  4.5 sps  ETA 5.7h  cpc=0.1110
              R²_rand=0.4707  R²_naive=0.4963  U_t=0.7741  U_b=0.7328  AUC=0.9996  Top1=0.9653
  timing: data=3.6ms  fwd=119.9ms  bwd=82.5ms  total=206.5ms
[ 108800] loss=17.7841  ema_loss=17.8327  gap=0.4820  ema_gap=0.4925  mixup=59/200  4.5 sps  ETA 5.7h  cpc=0.0589
              R²_rand=0.4485  R²_naive=0.4788  U_t=0.7433  U_b=0.8154  AUC=0.9995  Top1=0.9503
  timing: data=34.6ms  fwd=116.0ms  bwd=80.8ms  total=232.0ms
[ 109000] loss=17.7628  ema_loss=17.8238  gap=0.4997  ema_gap=0.4895  mixup=52/200  4.5 sps  ETA 5.6h  cpc=0.0822
              R²_rand=0.4686  R²_naive=0.4918  U_t=0.7173  U_b=0.8142  AUC=0.9996  Top1=0.9585
  timing: data=3.3ms  fwd=118.5ms  bwd=81.8ms  total=204.2ms
[ 109200] loss=17.8007  ema_loss=17.8415  gap=0.4904  ema_gap=0.4843  mixup=74/200  4.5 sps  ETA 5.6h  cpc=0.0500
              R²_rand=0.4382  R²_naive=0.4902  U_t=0.7381  U_b=0.7801  AUC=0.9996  Top1=0.9631
  timing: data=3.3ms  fwd=113.9ms  bwd=79.7ms  total=197.6ms
[ 109400] loss=17.9023  ema_loss=17.8468  gap=0.4473  ema_gap=0.4803  mixup=63/200  4.5 sps  ETA 5.6h  cpc=0.0585
              R²_rand=0.4407  R²_naive=0.4579  U_t=0.7266  U_b=0.7802  AUC=0.9994  Top1=0.9509
  timing: data=24.2ms  fwd=117.5ms  bwd=82.1ms  total=224.4ms
[ 109600] loss=17.7931  ema_loss=17.9035  gap=0.4718  ema_gap=0.4778  mixup=64/200  4.5 sps  ETA 5.6h  cpc=0.0488
              R²_rand=0.4582  R²_naive=0.4816  U_t=0.7035  U_b=0.7994  AUC=0.9995  Top1=0.9582
  timing: data=4.0ms  fwd=121.1ms  bwd=83.9ms  total=209.7ms
[ 109800] loss=17.7216  ema_loss=17.8363  gap=0.4853  ema_gap=0.4830  mixup=62/200  4.5 sps  ETA 5.6h  cpc=0.0590
              R²_rand=0.4416  R²_naive=0.4836  U_t=0.7310  U_b=0.8113  AUC=0.9995  Top1=0.9593
  timing: data=3.6ms  fwd=121.2ms  bwd=83.0ms  total=208.5ms
[ 110000] loss=17.8206  ema_loss=17.8146  gap=0.4822  ema_gap=0.4849  mixup=56/200  4.5 sps  ETA 5.6h  cpc=0.0671
              R²_rand=0.4568  R²_naive=0.4734  U_t=0.6880  U_b=0.8177  AUC=0.9996  Top1=0.9579
  timing: data=20.7ms  fwd=118.5ms  bwd=82.4ms  total=222.2ms
[ 110200] loss=17.7947  ema_loss=17.8563  gap=0.4832  ema_gap=0.4854  mixup=56/200  4.5 sps  ETA 5.6h  cpc=0.0579
              R²_rand=0.4538  R²_naive=0.4815  U_t=0.7337  U_b=0.8162  AUC=0.9996  Top1=0.9541
  timing: data=3.8ms  fwd=121.0ms  bwd=84.0ms  total=209.4ms
[ 110400] loss=17.6005  ema_loss=17.7890  gap=0.4783  ema_gap=0.4917  mixup=49/200  4.5 sps  ETA 5.5h  cpc=0.0468
              R²_rand=0.4533  R²_naive=0.4828  U_t=0.7509  U_b=0.7981  AUC=0.9997  Top1=0.9634
  timing: data=3.6ms  fwd=119.1ms  bwd=83.4ms  total=206.7ms
[ 110600] loss=17.7489  ema_loss=17.8443  gap=0.4954  ema_gap=0.4897  mixup=52/200  4.5 sps  ETA 5.5h  cpc=0.0477
              R²_rand=0.4607  R²_naive=0.4882  U_t=0.7388  U_b=0.8116  AUC=0.9995  Top1=0.9514
  timing: data=3.4ms  fwd=121.5ms  bwd=84.8ms  total=210.4ms
[ 110800] loss=17.6759  ema_loss=17.8293  gap=0.4978  ema_gap=0.4897  mixup=57/200  4.5 sps  ETA 5.5h  cpc=0.0378
              R²_rand=0.4629  R²_naive=0.4880  U_t=0.7463  U_b=0.8250  AUC=0.9996  Top1=0.9577
  timing: data=21.9ms  fwd=117.6ms  bwd=82.2ms  total=222.4ms
[ 111000] loss=17.8351  ema_loss=17.8166  gap=0.4897  ema_gap=0.4871  mixup=56/200  4.5 sps  ETA 5.5h  cpc=0.0875
              R²_rand=0.4650  R²_naive=0.4798  U_t=0.7179  U_b=0.8197  AUC=0.9994  Top1=0.9438
  timing: data=3.4ms  fwd=119.7ms  bwd=82.0ms  total=205.8ms
[ 111200] loss=17.6507  ema_loss=17.7760  gap=0.5076  ema_gap=0.4913  mixup=53/200  4.5 sps  ETA 5.5h  cpc=0.0385
              R²_rand=0.4585  R²_naive=0.4923  U_t=0.7354  U_b=0.8263  AUC=0.9996  Top1=0.9558
  timing: data=3.2ms  fwd=116.5ms  bwd=80.9ms  total=201.2ms
[ 111400] loss=17.7219  ema_loss=17.7797  gap=0.4892  ema_gap=0.4940  mixup=51/200  4.5 sps  ETA 5.5h  cpc=0.0644
              R²_rand=0.4553  R²_naive=0.4760  U_t=0.7157  U_b=0.8101  AUC=0.9995  Top1=0.9558
  timing: data=21.8ms  fwd=118.7ms  bwd=84.1ms  total=225.3ms
[ 111600] loss=17.6871  ema_loss=17.7859  gap=0.4750  ema_gap=0.4921  mixup=65/200  4.5 sps  ETA 5.5h  cpc=0.0503
              R²_rand=0.4327  R²_naive=0.4795  U_t=0.7476  U_b=0.8043  AUC=0.9994  Top1=0.9552
  timing: data=3.5ms  fwd=120.0ms  bwd=83.2ms  total=207.3ms
[ 111800] loss=17.5265  ema_loss=17.7928  gap=0.5106  ema_gap=0.4936  mixup=64/200  4.5 sps  ETA 5.5h  cpc=0.0428
              R²_rand=0.4719  R²_naive=0.4968  U_t=0.7169  U_b=0.8276  AUC=0.9996  Top1=0.9642
  timing: data=3.8ms  fwd=121.0ms  bwd=83.7ms  total=209.1ms
[ 112000] loss=17.7060  ema_loss=17.7690  gap=0.4825  ema_gap=0.4943  mixup=63/200  4.5 sps  ETA 5.4h  cpc=0.0470
              R²_rand=0.4412  R²_naive=0.4826  U_t=0.7501  U_b=0.8012  AUC=0.9995  Top1=0.9514
  timing: data=19.4ms  fwd=114.2ms  bwd=79.9ms  total=214.1ms
[ 112200] loss=17.6070  ema_loss=17.7095  gap=0.4967  ema_gap=0.4917  mixup=58/200  4.5 sps  ETA 5.4h  cpc=0.0625
              R²_rand=0.4613  R²_naive=0.4898  U_t=0.7532  U_b=0.8153  AUC=0.9995  Top1=0.9628
  timing: data=3.3ms  fwd=112.7ms  bwd=78.9ms  total=195.5ms
[ 112400] loss=17.6168  ema_loss=17.7665  gap=0.4921  ema_gap=0.4907  mixup=63/200  4.5 sps  ETA 5.4h  cpc=0.0548
              R²_rand=0.4608  R²_naive=0.4871  U_t=0.7333  U_b=0.8172  AUC=0.9990  Top1=0.9501
  timing: data=3.8ms  fwd=120.2ms  bwd=83.5ms  total=208.2ms
[ 112600] loss=17.7482  ema_loss=17.7759  gap=0.4741  ema_gap=0.4894  mixup=57/200  4.5 sps  ETA 5.4h  cpc=0.0410
              R²_rand=0.4447  R²_naive=0.4690  U_t=0.7379  U_b=0.8058  AUC=0.9995  Top1=0.9474
  timing: data=20.6ms  fwd=119.7ms  bwd=83.7ms  total=224.6ms
[ 112800] loss=17.8302  ema_loss=17.7722  gap=0.5006  ema_gap=0.4911  mixup=53/200  4.5 sps  ETA 5.4h  cpc=0.0633
              R²_rand=0.4558  R²_naive=0.4869  U_t=0.7253  U_b=0.8270  AUC=0.9995  Top1=0.9577
  timing: data=3.4ms  fwd=118.2ms  bwd=81.1ms  total=203.3ms
[ 113000] loss=17.6753  ema_loss=17.7539  gap=0.4681  ema_gap=0.4932  mixup=52/200  4.5 sps  ETA 5.4h  cpc=0.0366
              R²_rand=0.4464  R²_naive=0.4699  U_t=0.7395  U_b=0.8139  AUC=0.9993  Top1=0.9452
  timing: data=3.5ms  fwd=119.6ms  bwd=83.5ms  total=207.2ms
[ 113200] loss=17.5990  ema_loss=17.8211  gap=0.4953  ema_gap=0.4895  mixup=74/200  4.5 sps  ETA 5.4h  cpc=0.0354
              R²_rand=0.4576  R²_naive=0.4919  U_t=0.7461  U_b=0.8219  AUC=0.9996  Top1=0.9617
  timing: data=21.1ms  fwd=120.9ms  bwd=83.9ms  total=226.5ms
[ 113400] loss=17.7080  ema_loss=17.7566  gap=0.4813  ema_gap=0.4884  mixup=50/200  4.5 sps  ETA 5.3h  cpc=0.0603
              R²_rand=0.4614  R²_naive=0.4751  U_t=0.7114  U_b=0.8223  AUC=0.9995  Top1=0.9522
  timing: data=4.2ms  fwd=119.2ms  bwd=83.4ms  total=207.4ms
[ 113600] loss=17.7603  ema_loss=17.7963  gap=0.5154  ema_gap=0.4971  mixup=56/200  4.5 sps  ETA 5.3h  cpc=0.1339
              R²_rand=0.4717  R²_naive=0.5016  U_t=0.6915  U_b=0.7680  AUC=0.9995  Top1=0.9631
  timing: data=4.1ms  fwd=122.1ms  bwd=84.8ms  total=211.7ms
[ 113800] loss=17.8140  ema_loss=17.7544  gap=0.5156  ema_gap=0.4944  mixup=58/200  4.5 sps  ETA 5.3h  cpc=0.1103
              R²_rand=0.4521  R²_naive=0.4949  U_t=0.7324  U_b=0.7526  AUC=0.9996  Top1=0.9598
  timing: data=24.3ms  fwd=116.7ms  bwd=81.7ms  total=223.3ms
[ 114000] loss=17.6928  ema_loss=17.7517  gap=0.4967  ema_gap=0.4954  mixup=61/200  4.5 sps  ETA 5.3h  cpc=0.0608
              R²_rand=0.4586  R²_naive=0.4801  U_t=0.7487  U_b=0.8182  AUC=0.9995  Top1=0.9569
  timing: data=3.6ms  fwd=120.9ms  bwd=84.2ms  total=209.3ms
[ 114200] loss=17.7417  ema_loss=17.7171  gap=0.4907  ema_gap=0.5014  mixup=63/200  4.5 sps  ETA 5.3h  cpc=0.1006
              R²_rand=0.4535  R²_naive=0.4776  U_t=0.7188  U_b=0.7914  AUC=0.9994  Top1=0.9468
  timing: data=3.5ms  fwd=119.2ms  bwd=82.4ms  total=205.7ms
[ 114400] loss=18.0630  ema_loss=17.7376  gap=0.5008  ema_gap=0.4973  mixup=66/200  4.5 sps  ETA 5.3h  cpc=0.1675
              R²_rand=0.4430  R²_naive=0.4841  U_t=0.7293  U_b=0.6990  AUC=0.9996  Top1=0.9560
  timing: data=19.7ms  fwd=120.2ms  bwd=82.9ms  total=223.4ms
[ 114600] loss=17.5361  ema_loss=17.7158  gap=0.4977  ema_gap=0.4966  mixup=63/200  4.5 sps  ETA 5.3h  cpc=0.0438
              R²_rand=0.4549  R²_naive=0.4885  U_t=0.7316  U_b=0.8210  AUC=0.9997  Top1=0.9620
  timing: data=3.9ms  fwd=119.1ms  bwd=81.8ms  total=205.5ms
[ 114800] loss=17.7350  ema_loss=17.7088  gap=0.4908  ema_gap=0.4930  mixup=59/200  4.5 sps  ETA 5.3h  cpc=0.0616
              R²_rand=0.4392  R²_naive=0.4798  U_t=0.7256  U_b=0.8150  AUC=0.9994  Top1=0.9463
  timing: data=3.6ms  fwd=119.7ms  bwd=82.0ms  total=205.8ms
[ 115000] loss=17.5954  ema_loss=17.6714  gap=0.5146  ema_gap=0.4922  mixup=49/200  4.5 sps  ETA 5.2h  cpc=0.0402
              R²_rand=0.4638  R²_naive=0.4950  U_t=0.7206  U_b=0.8155  AUC=0.9995  Top1=0.9558
  timing: data=19.9ms  fwd=117.5ms  bwd=82.4ms  total=220.4ms
[ 115200] loss=17.5149  ema_loss=17.6588  gap=0.4939  ema_gap=0.4954  mixup=55/200  4.5 sps  ETA 5.2h  cpc=0.0505
              R²_rand=0.4402  R²_naive=0.4856  U_t=0.7079  U_b=0.8190  AUC=0.9995  Top1=0.9531
  timing: data=3.6ms  fwd=120.9ms  bwd=82.2ms  total=207.3ms
[ 115400] loss=17.6407  ema_loss=17.6862  gap=0.4768  ema_gap=0.4942  mixup=69/200  4.5 sps  ETA 5.2h  cpc=0.0407
              R²_rand=0.4521  R²_naive=0.4749  U_t=0.7652  U_b=0.8037  AUC=0.9996  Top1=0.9506
  timing: data=3.6ms  fwd=114.8ms  bwd=79.7ms  total=198.7ms
[ 115600] loss=18.5064  ema_loss=17.7377  gap=0.5164  ema_gap=0.4839  mixup=69/200  4.5 sps  ETA 5.2h  cpc=0.3086
              R²_rand=0.4661  R²_naive=0.5053  U_t=0.6696  U_b=0.6664  AUC=0.9994  Top1=0.9479
  timing: data=3.9ms  fwd=117.3ms  bwd=80.8ms  total=202.6ms
[ 115800] loss=17.6697  ema_loss=17.7169  gap=0.4903  ema_gap=0.4826  mixup=67/200  4.5 sps  ETA 5.2h  cpc=0.0471
              R²_rand=0.4342  R²_naive=0.4860  U_t=0.7396  U_b=0.7939  AUC=0.9993  Top1=0.9490
  timing: data=19.3ms  fwd=119.3ms  bwd=84.1ms  total=223.4ms
[ 116000] loss=17.9999  ema_loss=17.7303  gap=0.4724  ema_gap=0.4830  mixup=60/200  4.5 sps  ETA 5.2h  cpc=0.1857
              R²_rand=0.4483  R²_naive=0.4735  U_t=0.7396  U_b=0.7214  AUC=0.9995  Top1=0.9590
  timing: data=3.3ms  fwd=119.4ms  bwd=81.8ms  total=205.1ms
[ 116200] loss=17.6895  ema_loss=17.7546  gap=0.4708  ema_gap=0.4788  mixup=68/200  4.5 sps  ETA 5.2h  cpc=0.0962
              R²_rand=0.4529  R²_naive=0.4753  U_t=0.7135  U_b=0.7530  AUC=0.9997  Top1=0.9639
  timing: data=3.5ms  fwd=120.7ms  bwd=83.9ms  total=208.7ms
[ 116400] loss=17.7499  ema_loss=17.7614  gap=0.4857  ema_gap=0.4796  mixup=59/200  4.5 sps  ETA 5.2h  cpc=0.0981
              R²_rand=0.4499  R²_naive=0.4852  U_t=0.7637  U_b=0.7534  AUC=0.9995  Top1=0.9520
  timing: data=48.8ms  fwd=116.3ms  bwd=80.8ms  total=246.5ms
[ 116600] loss=17.6214  ema_loss=17.7263  gap=0.4863  ema_gap=0.4818  mixup=59/200  4.5 sps  ETA 5.1h  cpc=0.0341
              R²_rand=0.4605  R²_naive=0.4829  U_t=0.7699  U_b=0.8101  AUC=0.9995  Top1=0.9563
  timing: data=3.2ms  fwd=118.5ms  bwd=81.8ms  total=204.1ms
[ 116800] loss=17.6945  ema_loss=17.6973  gap=0.4751  ema_gap=0.4858  mixup=53/200  4.5 sps  ETA 5.1h  cpc=0.0366
              R²_rand=0.4430  R²_naive=0.4775  U_t=0.7603  U_b=0.8108  AUC=0.9994  Top1=0.9552
  timing: data=3.4ms  fwd=118.2ms  bwd=80.7ms  total=202.9ms
[ 117000] loss=17.7863  ema_loss=17.6727  gap=0.5061  ema_gap=0.4921  mixup=55/200  4.5 sps  ETA 5.1h  cpc=0.1641
              R²_rand=0.4648  R²_naive=0.4929  U_t=0.7448  U_b=0.7198  AUC=0.9995  Top1=0.9601
  timing: data=20.1ms  fwd=115.8ms  bwd=81.7ms  total=218.2ms
[ 117200] loss=17.6140  ema_loss=17.6793  gap=0.4934  ema_gap=0.4926  mixup=64/200  4.5 sps  ETA 5.1h  cpc=0.0649
              R²_rand=0.4397  R²_naive=0.4824  U_t=0.7337  U_b=0.8078  AUC=0.9997  Top1=0.9615
  timing: data=3.4ms  fwd=119.4ms  bwd=81.9ms  total=205.4ms
[ 117400] loss=17.6663  ema_loss=17.7061  gap=0.4922  ema_gap=0.4928  mixup=63/200  4.5 sps  ETA 5.1h  cpc=0.0694
              R²_rand=0.4075  R²_naive=0.4818  U_t=0.7385  U_b=0.7957  AUC=0.9992  Top1=0.9354
  timing: data=3.3ms  fwd=113.0ms  bwd=77.7ms  total=194.6ms
[ 117600] loss=17.7025  ema_loss=17.7310  gap=0.4916  ema_gap=0.4921  mixup=56/200  4.5 sps  ETA 5.1h  cpc=0.0581
              R²_rand=0.4457  R²_naive=0.4809  U_t=0.7335  U_b=0.7881  AUC=0.9994  Top1=0.9536
  timing: data=19.9ms  fwd=109.5ms  bwd=75.3ms  total=205.3ms
[ 117800] loss=17.6973  ema_loss=17.7558  gap=0.4767  ema_gap=0.4904  mixup=59/200  4.5 sps  ETA 5.0h  cpc=0.0626
              R²_rand=0.4591  R²_naive=0.4698  U_t=0.7150  U_b=0.8129  AUC=0.9995  Top1=0.9490
  timing: data=3.1ms  fwd=108.7ms  bwd=75.3ms  total=187.7ms
[ 118000] loss=17.7195  ema_loss=17.7508  gap=0.4977  ema_gap=0.4909  mixup=54/200  4.5 sps  ETA 5.0h  cpc=0.0550
              R²_rand=0.4572  R²_naive=0.4778  U_t=0.7610  U_b=0.8073  AUC=0.9993  Top1=0.9552
  timing: data=3.0ms  fwd=109.7ms  bwd=75.6ms  total=188.9ms
[ 118200] loss=18.0011  ema_loss=17.8079  gap=0.4687  ema_gap=0.4836  mixup=66/200  4.5 sps  ETA 5.0h  cpc=0.1248
              R²_rand=0.4297  R²_naive=0.4651  U_t=0.7504  U_b=0.7206  AUC=0.9992  Top1=0.9368
  timing: data=96.1ms  fwd=109.1ms  bwd=77.2ms  total=283.0ms
[ 118400] loss=17.6767  ema_loss=17.7092  gap=0.4860  ema_gap=0.4870  mixup=51/200  4.5 sps  ETA 5.0h  cpc=0.0479
              R²_rand=0.4555  R²_naive=0.4786  U_t=0.7053  U_b=0.7943  AUC=0.9994  Top1=0.9468
  timing: data=3.3ms  fwd=113.2ms  bwd=80.1ms  total=197.2ms
[ 118600] loss=17.8273  ema_loss=17.6831  gap=0.4747  ema_gap=0.4827  mixup=71/200  4.5 sps  ETA 5.0h  cpc=0.0934
              R²_rand=0.4376  R²_naive=0.4738  U_t=0.6921  U_b=0.7969  AUC=0.9996  Top1=0.9503
  timing: data=3.4ms  fwd=112.4ms  bwd=77.4ms  total=193.7ms
[ 118800] loss=17.7072  ema_loss=17.6633  gap=0.4678  ema_gap=0.4851  mixup=57/200  4.5 sps  ETA 5.0h  cpc=0.0561
              R²_rand=0.4590  R²_naive=0.4702  U_t=0.7094  U_b=0.7780  AUC=0.9995  Top1=0.9465
  timing: data=20.3ms  fwd=112.3ms  bwd=76.6ms  total=209.8ms
[ 119000] loss=17.6025  ema_loss=17.7062  gap=0.4883  ema_gap=0.4916  mixup=59/200  4.5 sps  ETA 5.0h  cpc=0.0597
              R²_rand=0.4427  R²_naive=0.4851  U_t=0.7749  U_b=0.7950  AUC=0.9996  Top1=0.9590
  timing: data=3.1ms  fwd=111.5ms  bwd=78.6ms  total=193.9ms
[ 119200] loss=17.9519  ema_loss=17.7179  gap=0.4789  ema_gap=0.4924  mixup=56/200  4.5 sps  ETA 5.0h  cpc=0.1456
              R²_rand=0.4143  R²_naive=0.4745  U_t=0.7737  U_b=0.7156  AUC=0.9993  Top1=0.9430
  timing: data=3.0ms  fwd=113.9ms  bwd=80.3ms  total=197.8ms
[ 119400] loss=17.8449  ema_loss=17.7318  gap=0.4857  ema_gap=0.4929  mixup=59/200  4.5 sps  ETA 4.9h  cpc=0.1469
              R²_rand=0.4467  R²_naive=0.4835  U_t=0.7220  U_b=0.7354  AUC=0.9994  Top1=0.9484
  timing: data=20.1ms  fwd=112.9ms  bwd=80.2ms  total=213.9ms
[ 119600] loss=17.9186  ema_loss=17.7402  gap=0.4829  ema_gap=0.4901  mixup=63/200  4.5 sps  ETA 4.9h  cpc=0.1664
              R²_rand=0.4518  R²_naive=0.4803  U_t=0.7646  U_b=0.7158  AUC=0.9994  Top1=0.9490
  timing: data=3.2ms  fwd=114.2ms  bwd=79.8ms  total=197.9ms
[ 119800] loss=17.9146  ema_loss=17.7134  gap=0.4860  ema_gap=0.4910  mixup=57/200  4.5 sps  ETA 4.9h  cpc=0.0808
              R²_rand=0.4321  R²_naive=0.4795  U_t=0.7638  U_b=0.7788  AUC=0.9994  Top1=0.9468
  timing: data=3.1ms  fwd=112.7ms  bwd=79.6ms  total=196.0ms
[ 120000] loss=17.7552  ema_loss=17.6981  gap=0.4932  ema_gap=0.4831  mixup=58/200  4.5 sps  ETA 4.9h  cpc=0.0664
              R²_rand=0.4598  R²_naive=0.4874  U_t=0.7087  U_b=0.8279  AUC=0.9994  Top1=0.9430
  timing: data=3.2ms  fwd=114.3ms  bwd=79.7ms  total=197.8ms
[ 120200] loss=17.6659  ema_loss=17.7145  gap=0.4970  ema_gap=0.4840  mixup=63/200  4.5 sps  ETA 4.9h  cpc=0.0505
              R²_rand=0.4581  R²_naive=0.4863  U_t=0.7699  U_b=0.7968  AUC=0.9995  Top1=0.9577
  timing: data=19.8ms  fwd=112.2ms  bwd=79.8ms  total=212.4ms
[ 120400] loss=18.6467  ema_loss=17.7478  gap=0.4591  ema_gap=0.4828  mixup=63/200  4.5 sps  ETA 4.9h  cpc=0.1565
              R²_rand=0.4230  R²_naive=0.4434  U_t=0.6662  U_b=0.7255  AUC=0.9992  Top1=0.9278
  timing: data=3.1ms  fwd=113.3ms  bwd=80.1ms  total=197.1ms
[ 120600] loss=17.5986  ema_loss=17.7142  gap=0.4708  ema_gap=0.4845  mixup=58/200  4.6 sps  ETA 4.8h  cpc=0.0413
              R²_rand=0.4569  R²_naive=0.4801  U_t=0.7440  U_b=0.8173  AUC=0.9994  Top1=0.9536
  timing: data=3.1ms  fwd=112.3ms  bwd=79.9ms  total=196.0ms
[ 120800] loss=17.6373  ema_loss=17.7158  gap=0.4810  ema_gap=0.4841  mixup=63/200  4.6 sps  ETA 4.8h  cpc=0.0621
              R²_rand=0.4579  R²_naive=0.4806  U_t=0.7400  U_b=0.8004  AUC=0.9994  Top1=0.9495
  timing: data=27.1ms  fwd=112.5ms  bwd=80.0ms  total=220.2ms
[ 121000] loss=17.6807  ema_loss=17.7368  gap=0.4884  ema_gap=0.4842  mixup=63/200  4.6 sps  ETA 4.8h  cpc=0.0689
              R²_rand=0.4680  R²_naive=0.4857  U_t=0.7595  U_b=0.8137  AUC=0.9994  Top1=0.9628
  timing: data=3.2ms  fwd=111.9ms  bwd=79.9ms  total=195.6ms
[ 121200] loss=17.7794  ema_loss=17.7661  gap=0.4789  ema_gap=0.4856  mixup=63/200  4.6 sps  ETA 4.8h  cpc=0.0554
              R²_rand=0.4539  R²_naive=0.4790  U_t=0.7077  U_b=0.8091  AUC=0.9994  Top1=0.9558
  timing: data=3.2ms  fwd=114.0ms  bwd=80.3ms  total=198.1ms
[ 121400] loss=17.6787  ema_loss=17.7608  gap=0.4888  ema_gap=0.4921  mixup=56/200  4.6 sps  ETA 4.8h  cpc=0.0562
              R²_rand=0.4556  R²_naive=0.4780  U_t=0.7478  U_b=0.8034  AUC=0.9996  Top1=0.9544
  timing: data=19.8ms  fwd=111.8ms  bwd=80.2ms  total=212.5ms
[ 121600] loss=17.5759  ema_loss=17.7051  gap=0.5136  ema_gap=0.4971  mixup=49/200  4.6 sps  ETA 4.8h  cpc=0.0543
              R²_rand=0.4598  R²_naive=0.4971  U_t=0.7305  U_b=0.7951  AUC=0.9996  Top1=0.9604
  timing: data=3.2ms  fwd=112.9ms  bwd=80.0ms  total=196.8ms
[ 121800] loss=17.6513  ema_loss=17.7512  gap=0.4796  ema_gap=0.4885  mixup=60/200  4.6 sps  ETA 4.8h  cpc=0.0395
              R²_rand=0.4490  R²_naive=0.4795  U_t=0.7611  U_b=0.8023  AUC=0.9995  Top1=0.9596
  timing: data=3.0ms  fwd=112.5ms  bwd=80.1ms  total=196.2ms
[ 122000] loss=17.6591  ema_loss=17.7392  gap=0.5158  ema_gap=0.4929  mixup=57/200  4.6 sps  ETA 4.7h  cpc=0.0733
              R²_rand=0.4625  R²_naive=0.4976  U_t=0.7430  U_b=0.7882  AUC=0.9994  Top1=0.9550
  timing: data=19.5ms  fwd=113.1ms  bwd=79.9ms  total=213.1ms
[ 122200] loss=17.6083  ema_loss=17.6847  gap=0.5000  ema_gap=0.4991  mixup=55/200  4.6 sps  ETA 4.7h  cpc=0.0440
              R²_rand=0.4482  R²_naive=0.4870  U_t=0.7454  U_b=0.8080  AUC=0.9994  Top1=0.9563
  timing: data=3.2ms  fwd=113.8ms  bwd=80.2ms  total=197.9ms
[ 122400] loss=17.5980  ema_loss=17.6790  gap=0.5062  ema_gap=0.4985  mixup=60/200  4.6 sps  ETA 4.7h  cpc=0.0713
              R²_rand=0.4608  R²_naive=0.4959  U_t=0.7311  U_b=0.7938  AUC=0.9996  Top1=0.9626
  timing: data=3.3ms  fwd=114.6ms  bwd=80.6ms  total=199.2ms
[ 122600] loss=17.5179  ema_loss=17.6556  gap=0.4985  ema_gap=0.5011  mixup=43/200  4.6 sps  ETA 4.7h  cpc=0.0321
              R²_rand=0.4478  R²_naive=0.4859  U_t=0.7712  U_b=0.8090  AUC=0.9996  Top1=0.9609
  timing: data=87.0ms  fwd=112.2ms  bwd=79.6ms  total=279.4ms
[ 122800] loss=17.5551  ema_loss=17.6844  gap=0.4905  ema_gap=0.4981  mixup=59/200  4.6 sps  ETA 4.7h  cpc=0.0470
              R²_rand=0.4448  R²_naive=0.4821  U_t=0.7242  U_b=0.8097  AUC=0.9994  Top1=0.9501
  timing: data=3.0ms  fwd=112.5ms  bwd=77.3ms  total=193.4ms
[ 123000] loss=17.8007  ema_loss=17.7264  gap=0.4951  ema_gap=0.4932  mixup=66/200  4.6 sps  ETA 4.7h  cpc=0.1073
              R²_rand=0.4352  R²_naive=0.4789  U_t=0.7584  U_b=0.7521  AUC=0.9993  Top1=0.9490
  timing: data=3.0ms  fwd=112.4ms  bwd=78.0ms  total=194.0ms
[ 123200] loss=17.9423  ema_loss=17.7308  gap=0.4917  ema_gap=0.4916  mixup=63/200  4.6 sps  ETA 4.7h  cpc=0.1252
              R²_rand=0.4421  R²_naive=0.4790  U_t=0.7540  U_b=0.7457  AUC=0.9995  Top1=0.9547
  timing: data=28.4ms  fwd=111.6ms  bwd=78.8ms  total=219.4ms
[ 123400] loss=17.7539  ema_loss=17.6589  gap=0.5115  ema_gap=0.5015  mixup=53/200  4.6 sps  ETA 4.7h  cpc=0.1265
              R²_rand=0.4454  R²_naive=0.4962  U_t=0.6921  U_b=0.7578  AUC=0.9992  Top1=0.9495
  timing: data=3.2ms  fwd=113.2ms  bwd=77.7ms  total=194.7ms
[ 123600] loss=17.9351  ema_loss=17.6360  gap=0.5045  ema_gap=0.5045  mixup=64/200  4.6 sps  ETA 4.6h  cpc=0.1910
              R²_rand=0.4723  R²_naive=0.4932  U_t=0.7696  U_b=0.6959  AUC=0.9996  Top1=0.9612
  timing: data=3.1ms  fwd=111.4ms  bwd=77.6ms  total=192.7ms
[ 123800] loss=17.4933  ema_loss=17.6593  gap=0.5122  ema_gap=0.4996  mixup=59/200  4.6 sps  ETA 4.6h  cpc=0.0487
              R²_rand=0.4501  R²_naive=0.4959  U_t=0.7851  U_b=0.8089  AUC=0.9996  Top1=0.9577
  timing: data=21.0ms  fwd=110.9ms  bwd=76.1ms  total=208.6ms
[ 124000] loss=17.4366  ema_loss=17.6006  gap=0.5188  ema_gap=0.4983  mixup=64/200  4.6 sps  ETA 4.6h  cpc=0.0374
              R²_rand=0.4647  R²_naive=0.4965  U_t=0.7470  U_b=0.8232  AUC=0.9996  Top1=0.9609
  timing: data=3.0ms  fwd=112.0ms  bwd=78.0ms  total=193.7ms
[ 124200] loss=17.6608  ema_loss=17.6580  gap=0.4882  ema_gap=0.4949  mixup=59/200  4.6 sps  ETA 4.6h  cpc=0.0389
              R²_rand=0.4378  R²_naive=0.4755  U_t=0.7535  U_b=0.8034  AUC=0.9997  Top1=0.9639
  timing: data=3.0ms  fwd=112.3ms  bwd=78.0ms  total=194.0ms
[ 124400] loss=17.8466  ema_loss=17.7476  gap=0.4961  ema_gap=0.4904  mixup=63/200  4.6 sps  ETA 4.6h  cpc=0.0828
              R²_rand=0.4336  R²_naive=0.4782  U_t=0.7554  U_b=0.7780  AUC=0.9994  Top1=0.9498
  timing: data=26.8ms  fwd=111.0ms  bwd=78.0ms  total=216.4ms
[ 124600] loss=17.8448  ema_loss=17.7606  gap=0.4851  ema_gap=0.4888  mixup=64/200  4.6 sps  ETA 4.6h  cpc=0.1210
              R²_rand=0.4533  R²_naive=0.4810  U_t=0.7438  U_b=0.7365  AUC=0.9995  Top1=0.9487
  timing: data=3.2ms  fwd=113.5ms  bwd=78.4ms  total=195.7ms
[ 124800] loss=17.7737  ema_loss=17.7485  gap=0.5050  ema_gap=0.4860  mixup=55/200  4.6 sps  ETA 4.6h  cpc=0.0758
              R²_rand=0.4631  R²_naive=0.4846  U_t=0.7366  U_b=0.8021  AUC=0.9996  Top1=0.9571
  timing: data=3.1ms  fwd=112.3ms  bwd=78.4ms  total=194.4ms
[ 125000] loss=17.9306  ema_loss=17.7398  gap=0.4587  ema_gap=0.4857  mixup=57/200  4.6 sps  ETA 4.5h  cpc=0.0868
              R²_rand=0.4295  R²_naive=0.4584  U_t=0.7209  U_b=0.7649  AUC=0.9992  Top1=0.9444
  timing: data=3.1ms  fwd=112.6ms  bwd=78.2ms  total=194.5ms
  -> Saved /home/jupyter/wt-cf-379-train/experiments/2026-07-21_split_pred_rep_small/runs/bb_small_arm1_nse_split_pred_rep_enc3l3_b64_200k_sigreg_ema_qk_aon_cpc_tau090_r3_125k.pth
[ 125200] loss=17.7152  ema_loss=17.8282  gap=0.4964  ema_gap=0.4814  mixup=59/200  4.6 sps  ETA 4.5h  cpc=0.0464
              R²_rand=0.4452  R²_naive=0.4876  U_t=0.6789  U_b=0.8068  AUC=0.9996  Top1=0.9601
  timing: data=19.9ms  fwd=110.9ms  bwd=77.9ms  total=209.3ms
[ 125400] loss=17.8220  ema_loss=17.7951  gap=0.5012  ema_gap=0.4834  mixup=66/200  4.6 sps  ETA 4.5h  cpc=0.1121
              R²_rand=0.4522  R²_naive=0.4896  U_t=0.7359  U_b=0.7447  AUC=0.9996  Top1=0.9634
  timing: data=3.0ms  fwd=112.7ms  bwd=77.8ms  total=194.1ms
[ 125600] loss=17.8163  ema_loss=17.7713  gap=0.4674  ema_gap=0.4817  mixup=61/200  4.6 sps  ETA 4.5h  cpc=0.0627
              R²_rand=0.4389  R²_naive=0.4621  U_t=0.7614  U_b=0.7945  AUC=0.9992  Top1=0.9379
  timing: data=3.0ms  fwd=111.1ms  bwd=78.0ms  total=192.7ms
[ 125800] loss=17.7082  ema_loss=17.8090  gap=0.4708  ema_gap=0.4811  mixup=63/200  4.6 sps  ETA 4.5h  cpc=0.0521
              R²_rand=0.4434  R²_naive=0.4673  U_t=0.7174  U_b=0.8013  AUC=0.9993  Top1=0.9411
  timing: data=27.2ms  fwd=112.1ms  bwd=77.8ms  total=217.8ms
[ 126000] loss=17.7821  ema_loss=17.8161  gap=0.4837  ema_gap=0.4808  mixup=63/200  4.6 sps  ETA 4.5h  cpc=0.0740
              R²_rand=0.4415  R²_naive=0.4731  U_t=0.7316  U_b=0.7764  AUC=0.9995  Top1=0.9490
  timing: data=3.1ms  fwd=112.4ms  bwd=77.8ms  total=193.9ms
[ 126200] loss=17.7053  ema_loss=17.8369  gap=0.4841  ema_gap=0.4882  mixup=55/200  4.6 sps  ETA 4.5h  cpc=0.0559
              R²_rand=0.4473  R²_naive=0.4729  U_t=0.7220  U_b=0.7901  AUC=0.9994  Top1=0.9501
  timing: data=3.0ms  fwd=113.2ms  bwd=77.9ms  total=194.8ms
[ 126400] loss=17.8696  ema_loss=17.8054  gap=0.5065  ema_gap=0.4953  mixup=55/200  4.6 sps  ETA 4.4h  cpc=0.0989
              R²_rand=0.4380  R²_naive=0.4825  U_t=0.7701  U_b=0.7252  AUC=0.9997  Top1=0.9666
  timing: data=20.1ms  fwd=110.9ms  bwd=78.0ms  total=209.6ms
[ 126600] loss=17.7757  ema_loss=17.7737  gap=0.4959  ema_gap=0.5033  mixup=50/200  4.6 sps  ETA 4.4h  cpc=0.0884
              R²_rand=0.4495  R²_naive=0.4747  U_t=0.7177  U_b=0.7933  AUC=0.9995  Top1=0.9465
  timing: data=3.2ms  fwd=112.1ms  bwd=78.0ms  total=193.9ms
[ 126800] loss=17.8197  ema_loss=17.7892  gap=0.5026  ema_gap=0.5075  mixup=51/200  4.6 sps  ETA 4.4h  cpc=0.0641
              R²_rand=0.4464  R²_naive=0.4822  U_t=0.7392  U_b=0.7748  AUC=0.9997  Top1=0.9653
  timing: data=3.1ms  fwd=111.0ms  bwd=78.1ms  total=192.8ms
[ 127000] loss=17.7699  ema_loss=17.8218  gap=0.5006  ema_gap=0.5073  mixup=59/200  4.6 sps  ETA 4.4h  cpc=0.0616
              R²_rand=0.4579  R²_naive=0.4803  U_t=0.7418  U_b=0.7924  AUC=0.9996  Top1=0.9536
  timing: data=25.5ms  fwd=111.0ms  bwd=78.0ms  total=215.1ms
[ 127200] loss=17.7727  ema_loss=17.8264  gap=0.4978  ema_gap=0.5049  mixup=60/200  4.6 sps  ETA 4.4h  cpc=0.0618
              R²_rand=0.4521  R²_naive=0.4759  U_t=0.7214  U_b=0.7938  AUC=0.9995  Top1=0.9531
  timing: data=3.3ms  fwd=112.1ms  bwd=79.1ms  total=195.0ms
[ 127400] loss=17.8043  ema_loss=17.8356  gap=0.4914  ema_gap=0.4998  mixup=62/200  4.6 sps  ETA 4.4h  cpc=0.0496
              R²_rand=0.4448  R²_naive=0.4711  U_t=0.7556  U_b=0.7891  AUC=0.9995  Top1=0.9541
  timing: data=3.2ms  fwd=112.4ms  bwd=79.3ms  total=195.5ms
[ 127600] loss=18.4224  ema_loss=17.8225  gap=0.5075  ema_gap=0.4967  mixup=57/200  4.6 sps  ETA 4.4h  cpc=0.2585
              R²_rand=0.4244  R²_naive=0.4795  U_t=0.6931  U_b=0.6887  AUC=0.9996  Top1=0.9522
  timing: data=20.0ms  fwd=110.8ms  bwd=79.2ms  total=210.6ms
[ 127800] loss=17.7277  ema_loss=17.8007  gap=0.4947  ema_gap=0.4955  mixup=55/200  4.6 sps  ETA 4.3h  cpc=0.0490
              R²_rand=0.4502  R²_naive=0.4762  U_t=0.7531  U_b=0.7923  AUC=0.9996  Top1=0.9658
  timing: data=3.3ms  fwd=114.1ms  bwd=80.2ms  total=198.3ms
[ 128000] loss=17.9590  ema_loss=17.7967  gap=0.4808  ema_gap=0.4896  mixup=56/200  4.6 sps  ETA 4.3h  cpc=0.1117
              R²_rand=0.4456  R²_naive=0.4719  U_t=0.7716  U_b=0.7464  AUC=0.9995  Top1=0.9522
  timing: data=3.2ms  fwd=113.6ms  bwd=80.6ms  total=198.0ms
[ 128200] loss=17.7541  ema_loss=17.8387  gap=0.4855  ema_gap=0.4907  mixup=54/200  4.6 sps  ETA 4.3h  cpc=0.0387
              R²_rand=0.4456  R²_naive=0.4703  U_t=0.7631  U_b=0.7887  AUC=0.9995  Top1=0.9525
  timing: data=19.9ms  fwd=113.8ms  bwd=81.2ms  total=215.6ms
[ 128400] loss=17.7008  ema_loss=17.8389  gap=0.4952  ema_gap=0.4977  mixup=59/200  4.6 sps  ETA 4.3h  cpc=0.0330
              R²_rand=0.4334  R²_naive=0.4759  U_t=0.7536  U_b=0.8062  AUC=0.9995  Top1=0.9495
  timing: data=3.2ms  fwd=113.7ms  bwd=80.9ms  total=198.4ms
[ 128600] loss=17.7136  ema_loss=17.8640  gap=0.5023  ema_gap=0.4927  mixup=62/200  4.6 sps  ETA 4.3h  cpc=0.0413
              R²_rand=0.4304  R²_naive=0.4761  U_t=0.7312  U_b=0.7978  AUC=0.9994  Top1=0.9531
  timing: data=3.1ms  fwd=114.2ms  bwd=80.8ms  total=198.7ms
[ 128800] loss=17.8735  ema_loss=17.8853  gap=0.4950  ema_gap=0.4931  mixup=57/200  4.6 sps  ETA 4.3h  cpc=0.0842
              R²_rand=0.4216  R²_naive=0.4715  U_t=0.7340  U_b=0.7832  AUC=0.9995  Top1=0.9514
  timing: data=26.3ms  fwd=111.8ms  bwd=80.6ms  total=219.3ms
[ 129000] loss=17.9380  ema_loss=17.8172  gap=0.4999  ema_gap=0.4967  mixup=56/200  4.6 sps  ETA 4.3h  cpc=0.1122
              R²_rand=0.4310  R²_naive=0.4760  U_t=0.7498  U_b=0.7340  AUC=0.9995  Top1=0.9544
  timing: data=3.3ms  fwd=113.7ms  bwd=80.4ms  total=198.0ms
[ 129200] loss=17.9376  ema_loss=17.8182  gap=0.4861  ema_gap=0.4961  mixup=58/200  4.6 sps  ETA 4.2h  cpc=0.0372
              R²_rand=0.4417  R²_naive=0.4722  U_t=0.7723  U_b=0.7986  AUC=0.9994  Top1=0.9503
  timing: data=3.3ms  fwd=113.5ms  bwd=80.6ms  total=198.0ms
[ 129400] loss=17.7099  ema_loss=17.7535  gap=0.4882  ema_gap=0.4949  mixup=55/200  4.6 sps  ETA 4.2h  cpc=0.0567
              R²_rand=0.4335  R²_naive=0.4725  U_t=0.7386  U_b=0.7761  AUC=0.9992  Top1=0.9419
  timing: data=46.3ms  fwd=113.7ms  bwd=80.5ms  total=241.1ms
[ 129600] loss=17.7297  ema_loss=17.7458  gap=0.4959  ema_gap=0.4937  mixup=59/200  4.6 sps  ETA 4.2h  cpc=0.0614
              R²_rand=0.4315  R²_naive=0.4728  U_t=0.7087  U_b=0.8016  AUC=0.9990  Top1=0.9308
  timing: data=3.2ms  fwd=112.8ms  bwd=80.5ms  total=197.1ms
[ 129800] loss=17.6570  ema_loss=17.7504  gap=0.5058  ema_gap=0.4956  mixup=60/200  4.6 sps  ETA 4.2h  cpc=0.0530
              R²_rand=0.4511  R²_naive=0.4865  U_t=0.7473  U_b=0.7928  AUC=0.9995  Top1=0.9501
  timing: data=3.0ms  fwd=113.1ms  bwd=78.9ms  total=195.6ms
[ 130000] loss=17.7440  ema_loss=17.8062  gap=0.4802  ema_gap=0.4860  mixup=67/200  4.6 sps  ETA 4.2h  cpc=0.0578
              R²_rand=0.4343  R²_naive=0.4666  U_t=0.7129  U_b=0.7989  AUC=0.9992  Top1=0.9417
  timing: data=3.0ms  fwd=111.9ms  bwd=78.0ms  total=193.5ms
[ 130200] loss=17.9549  ema_loss=17.7929  gap=0.4957  ema_gap=0.4898  mixup=61/200  4.6 sps  ETA 4.2h  cpc=0.1293
              R²_rand=0.4389  R²_naive=0.4772  U_t=0.7320  U_b=0.7315  AUC=0.9995  Top1=0.9452
  timing: data=20.5ms  fwd=111.6ms  bwd=77.9ms  total=210.5ms
[ 130400] loss=17.8753  ema_loss=17.7520  gap=0.4883  ema_gap=0.4950  mixup=52/200  4.6 sps  ETA 4.2h  cpc=0.1149
              R²_rand=0.4249  R²_naive=0.4712  U_t=0.7641  U_b=0.7380  AUC=0.9995  Top1=0.9482
  timing: data=3.1ms  fwd=112.4ms  bwd=77.5ms  total=193.6ms
[ 130600] loss=17.6946  ema_loss=17.7842  gap=0.4935  ema_gap=0.4928  mixup=60/200  4.6 sps  ETA 4.2h  cpc=0.0781
              R²_rand=0.4435  R²_naive=0.4788  U_t=0.7241  U_b=0.8059  AUC=0.9992  Top1=0.9303
  timing: data=3.2ms  fwd=112.1ms  bwd=77.0ms  total=192.9ms
[ 130800] loss=18.0060  ema_loss=17.8404  gap=0.4705  ema_gap=0.4885  mixup=59/200  4.6 sps  ETA 4.1h  cpc=0.0926
              R²_rand=0.4219  R²_naive=0.4602  U_t=0.7332  U_b=0.7222  AUC=0.9992  Top1=0.9370
  timing: data=24.3ms  fwd=109.5ms  bwd=76.1ms  total=210.4ms
[ 131000] loss=17.5700  ema_loss=17.8072  gap=0.5119  ema_gap=0.4929  mixup=56/200  4.6 sps  ETA 4.1h  cpc=0.0339
              R²_rand=0.4546  R²_naive=0.4874  U_t=0.7365  U_b=0.8113  AUC=0.9996  Top1=0.9528
  timing: data=3.2ms  fwd=110.3ms  bwd=75.9ms  total=190.0ms
[ 131200] loss=17.8052  ema_loss=17.7675  gap=0.4905  ema_gap=0.4964  mixup=48/200  4.6 sps  ETA 4.1h  cpc=0.0691
              R²_rand=0.4436  R²_naive=0.4677  U_t=0.7133  U_b=0.7986  AUC=0.9993  Top1=0.9414
  timing: data=3.2ms  fwd=109.5ms  bwd=75.8ms  total=189.1ms
[ 131400] loss=17.7448  ema_loss=17.7664  gap=0.5033  ema_gap=0.5004  mixup=54/200  4.6 sps  ETA 4.1h  cpc=0.0479
              R²_rand=0.4586  R²_naive=0.4818  U_t=0.7858  U_b=0.7923  AUC=0.9995  Top1=0.9533
  timing: data=20.0ms  fwd=109.6ms  bwd=76.8ms  total=207.0ms
[ 131600] loss=17.7981  ema_loss=17.7878  gap=0.4810  ema_gap=0.5008  mixup=63/200  4.6 sps  ETA 4.1h  cpc=0.0617
              R²_rand=0.4322  R²_naive=0.4624  U_t=0.7142  U_b=0.7820  AUC=0.9995  Top1=0.9503
  timing: data=3.1ms  fwd=111.9ms  bwd=77.7ms  total=193.4ms
[ 131800] loss=17.6513  ema_loss=17.8300  gap=0.5130  ema_gap=0.5072  mixup=61/200  4.6 sps  ETA 4.1h  cpc=0.0600
              R²_rand=0.4549  R²_naive=0.4849  U_t=0.7446  U_b=0.7984  AUC=0.9994  Top1=0.9503
  timing: data=3.1ms  fwd=111.6ms  bwd=77.8ms  total=193.1ms
[ 132000] loss=18.0521  ema_loss=17.8284  gap=0.4976  ema_gap=0.4968  mixup=72/200  4.6 sps  ETA 4.1h  cpc=0.1312
              R²_rand=0.4306  R²_naive=0.4709  U_t=0.7611  U_b=0.7410  AUC=0.9994  Top1=0.9498
  timing: data=28.8ms  fwd=111.4ms  bwd=77.8ms  total=218.6ms
[ 132200] loss=17.7440  ema_loss=17.8594  gap=0.4983  ema_gap=0.4918  mixup=65/200  4.6 sps  ETA 4.1h  cpc=0.0474
              R²_rand=0.4464  R²_naive=0.4752  U_t=0.7476  U_b=0.7997  AUC=0.9994  Top1=0.9512
  timing: data=3.2ms  fwd=112.9ms  bwd=79.4ms  total=196.1ms
[ 132400] loss=18.2339  ema_loss=17.7946  gap=0.5104  ema_gap=0.4979  mixup=53/200  4.7 sps  ETA 4.0h  cpc=0.2482
              R²_rand=0.4334  R²_naive=0.4799  U_t=0.7660  U_b=0.6450  AUC=0.9993  Top1=0.9528
  timing: data=3.3ms  fwd=114.1ms  bwd=80.4ms  total=198.5ms
[ 132600] loss=17.5695  ema_loss=17.7888  gap=0.4970  ema_gap=0.4975  mixup=57/200  4.7 sps  ETA 4.0h  cpc=0.0433
              R²_rand=0.4437  R²_naive=0.4771  U_t=0.7221  U_b=0.8227  AUC=0.9993  Top1=0.9503
  timing: data=22.3ms  fwd=112.8ms  bwd=80.6ms  total=216.4ms
[ 132800] loss=17.7667  ema_loss=17.7673  gap=0.4833  ema_gap=0.4969  mixup=69/200  4.7 sps  ETA 4.0h  cpc=0.0947
              R²_rand=0.4433  R²_naive=0.4736  U_t=0.7372  U_b=0.7267  AUC=0.9993  Top1=0.9463
  timing: data=3.3ms  fwd=114.3ms  bwd=80.5ms  total=198.7ms
[ 133000] loss=17.6014  ema_loss=17.7272  gap=0.5081  ema_gap=0.5011  mixup=54/200  4.7 sps  ETA 4.0h  cpc=0.0890
              R²_rand=0.4639  R²_naive=0.4871  U_t=0.6987  U_b=0.7773  AUC=0.9995  Top1=0.9514
  timing: data=3.2ms  fwd=112.3ms  bwd=80.4ms  total=196.6ms
[ 133200] loss=17.7544  ema_loss=17.7594  gap=0.5022  ema_gap=0.4976  mixup=61/200  4.7 sps  ETA 4.0h  cpc=0.0434
              R²_rand=0.4379  R²_naive=0.4751  U_t=0.7517  U_b=0.7953  AUC=0.9995  Top1=0.9560
  timing: data=18.6ms  fwd=114.5ms  bwd=80.5ms  total=214.3ms
[ 133400] loss=17.7675  ema_loss=17.7698  gap=0.5000  ema_gap=0.4942  mixup=62/200  4.7 sps  ETA 4.0h  cpc=0.0951
              R²_rand=0.4505  R²_naive=0.4803  U_t=0.7052  U_b=0.7968  AUC=0.9994  Top1=0.9384
  timing: data=3.3ms  fwd=114.3ms  bwd=80.5ms  total=198.8ms
[ 133600] loss=17.8795  ema_loss=17.7792  gap=0.4797  ema_gap=0.4917  mixup=46/200  4.7 sps  ETA 4.0h  cpc=0.0837
              R²_rand=0.4317  R²_naive=0.4680  U_t=0.7505  U_b=0.7653  AUC=0.9995  Top1=0.9498
  timing: data=3.4ms  fwd=114.6ms  bwd=79.6ms  total=198.4ms
[ 133800] loss=17.6948  ema_loss=17.9037  gap=0.5069  ema_gap=0.4951  mixup=61/200  4.7 sps  ETA 4.0h  cpc=0.0650
              R²_rand=0.4359  R²_naive=0.4849  U_t=0.7407  U_b=0.7796  AUC=0.9994  Top1=0.9498
  timing: data=44.4ms  fwd=111.4ms  bwd=79.2ms  total=235.6ms
[ 134000] loss=18.0907  ema_loss=17.8226  gap=0.4916  ema_gap=0.4978  mixup=54/200  4.7 sps  ETA 3.9h  cpc=0.1448
              R²_rand=0.4530  R²_naive=0.4791  U_t=0.7571  U_b=0.7245  AUC=0.9996  Top1=0.9593
  timing: data=3.0ms  fwd=110.4ms  bwd=76.8ms  total=190.8ms
[ 134200] loss=18.1635  ema_loss=17.8630  gap=0.4626  ema_gap=0.4907  mixup=62/200  4.7 sps  ETA 3.9h  cpc=0.1483
              R²_rand=0.4144  R²_naive=0.4539  U_t=0.7590  U_b=0.6922  AUC=0.9992  Top1=0.9427
  timing: data=3.1ms  fwd=108.8ms  bwd=76.3ms  total=188.8ms
[ 134400] loss=17.8901  ema_loss=17.8526  gap=0.4951  ema_gap=0.4953  mixup=52/200  4.6 sps  ETA 3.9h  cpc=0.1224
              R²_rand=0.4168  R²_naive=0.4752  U_t=0.7500  U_b=0.7393  AUC=0.9995  Top1=0.9522
  timing: data=113.0ms  fwd=108.7ms  bwd=77.0ms  total=299.4ms
[ 134600] loss=17.8168  ema_loss=17.8456  gap=0.5342  ema_gap=0.5032  mixup=55/200  4.7 sps  ETA 3.9h  cpc=0.0829
              R²_rand=0.4543  R²_naive=0.4950  U_t=0.6802  U_b=0.7661  AUC=0.9994  Top1=0.9596
  timing: data=3.0ms  fwd=109.2ms  bwd=76.9ms  total=189.8ms
[ 134800] loss=17.8632  ema_loss=17.8718  gap=0.5104  ema_gap=0.4977  mixup=57/200  4.7 sps  ETA 3.9h  cpc=0.0557
              R²_rand=0.4383  R²_naive=0.4778  U_t=0.6812  U_b=0.7944  AUC=0.9995  Top1=0.9509
  timing: data=3.2ms  fwd=110.5ms  bwd=77.0ms  total=191.4ms
[ 135000] loss=17.7714  ema_loss=17.8409  gap=0.4835  ema_gap=0.4996  mixup=62/200  4.7 sps  ETA 3.9h  cpc=0.0590
              R²_rand=0.4515  R²_naive=0.4660  U_t=0.7487  U_b=0.7909  AUC=0.9994  Top1=0.9474
  timing: data=3.1ms  fwd=108.7ms  bwd=76.8ms  total=189.2ms
[ 135200] loss=17.8287  ema_loss=17.8709  gap=0.4929  ema_gap=0.5002  mixup=61/200  4.7 sps  ETA 3.9h  cpc=0.0667
              R²_rand=0.4293  R²_naive=0.4786  U_t=0.7508  U_b=0.7714  AUC=0.9996  Top1=0.9607
  timing: data=21.3ms  fwd=108.1ms  bwd=75.6ms  total=205.6ms
[ 135400] loss=17.6906  ema_loss=17.8080  gap=0.4848  ema_gap=0.4968  mixup=62/200  4.7 sps  ETA 3.9h  cpc=0.0641
              R²_rand=0.4494  R²_naive=0.4753  U_t=0.7026  U_b=0.8069  AUC=0.9992  Top1=0.9354
  timing: data=3.0ms  fwd=108.3ms  bwd=76.3ms  total=188.3ms
[ 135600] loss=17.7910  ema_loss=17.8042  gap=0.5098  ema_gap=0.5023  mixup=56/200  4.7 sps  ETA 3.8h  cpc=0.1183
              R²_rand=0.4543  R²_naive=0.4856  U_t=0.7590  U_b=0.7233  AUC=0.9996  Top1=0.9604
  timing: data=3.2ms  fwd=110.7ms  bwd=77.0ms  total=191.6ms
'('Connection broken: IncompleteRead(92626344 bytes read, 52330258 more expected)', IncompleteRead(92626344 bytes read, 52330258 more expected))' thrown while requesting GET https://huggingface.co/datasets/jeremycochoy/gift-pretrain-full-4096/resolve/main/small_v1/shard_00698.parquet
Retrying in 1s [Retry 1/5].
[ 135800] loss=18.0358  ema_loss=17.7868  gap=0.4893  ema_gap=0.5056  mixup=61/200  4.6 sps  ETA 3.8h  cpc=0.1805
              R²_rand=0.4432  R²_naive=0.4736  U_t=0.7306  U_b=0.6950  AUC=0.9992  Top1=0.9425
  timing: data=255.3ms  fwd=108.5ms  bwd=77.6ms  total=442.1ms
[ 136000] loss=17.8126  ema_loss=17.7632  gap=0.5128  ema_gap=0.5037  mixup=60/200  4.6 sps  ETA 3.8h  cpc=0.0843
              R²_rand=0.4351  R²_naive=0.4832  U_t=0.7413  U_b=0.7570  AUC=0.9994  Top1=0.9536
  timing: data=3.2ms  fwd=110.4ms  bwd=77.0ms  total=191.2ms
[ 136200] loss=17.8091  ema_loss=17.7666  gap=0.4955  ema_gap=0.5071  mixup=76/200  4.6 sps  ETA 3.8h  cpc=0.0745
              R²_rand=0.4377  R²_naive=0.4710  U_t=0.7420  U_b=0.7578  AUC=0.9994  Top1=0.9474
  timing: data=3.2ms  fwd=109.2ms  bwd=76.8ms  total=189.9ms
[ 136400] loss=17.7841  ema_loss=17.7486  gap=0.4978  ema_gap=0.5068  mixup=58/200  4.6 sps  ETA 3.8h  cpc=0.1228
              R²_rand=0.4439  R²_naive=0.4753  U_t=0.7780  U_b=0.7348  AUC=0.9992  Top1=0.9370
  timing: data=21.8ms  fwd=110.1ms  bwd=77.7ms  total=210.2ms
[ 136600] loss=17.9133  ema_loss=17.7427  gap=0.4924  ema_gap=0.5002  mixup=66/200  4.6 sps  ETA 3.8h  cpc=0.1515
              R²_rand=0.4449  R²_naive=0.4774  U_t=0.7382  U_b=0.7363  AUC=0.9993  Top1=0.9398
  timing: data=3.3ms  fwd=111.3ms  bwd=78.1ms  total=193.4ms
[ 136800] loss=17.8186  ema_loss=17.7412  gap=0.4983  ema_gap=0.4976  mixup=66/200  4.6 sps  ETA 3.8h  cpc=0.0894
              R²_rand=0.4594  R²_naive=0.4827  U_t=0.7464  U_b=0.7433  AUC=0.9992  Top1=0.9506
  timing: data=3.3ms  fwd=111.7ms  bwd=77.9ms  total=193.5ms
[ 137000] loss=17.5855  ema_loss=17.7125  gap=0.4970  ema_gap=0.4934  mixup=54/200  4.6 sps  ETA 3.8h  cpc=0.0653
              R²_rand=0.4397  R²_naive=0.4847  U_t=0.7470  U_b=0.8172  AUC=0.9993  Top1=0.9444
  timing: data=20.0ms  fwd=109.3ms  bwd=78.3ms  total=208.2ms
[ 137200] loss=17.7218  ema_loss=17.7591  gap=0.4976  ema_gap=0.4891  mixup=66/200  4.6 sps  ETA 3.8h  cpc=0.0574
              R²_rand=0.4350  R²_naive=0.4791  U_t=0.7236  U_b=0.7943  AUC=0.9994  Top1=0.9433
  timing: data=3.3ms  fwd=110.9ms  bwd=77.3ms  total=192.1ms
[ 137400] loss=17.7447  ema_loss=17.7487  gap=0.4695  ema_gap=0.4831  mixup=62/200  4.6 sps  ETA 3.7h  cpc=0.0490
              R²_rand=0.4507  R²_naive=0.4662  U_t=0.7577  U_b=0.7910  AUC=0.9996  Top1=0.9479
  timing: data=3.2ms  fwd=109.1ms  bwd=76.3ms  total=189.2ms
[ 137600] loss=17.6273  ema_loss=17.7474  gap=0.4849  ema_gap=0.4824  mixup=70/200  4.6 sps  ETA 3.7h  cpc=0.0702
              R²_rand=0.4397  R²_naive=0.4800  U_t=0.7400  U_b=0.7738  AUC=0.9994  Top1=0.9501
  timing: data=19.8ms  fwd=110.0ms  bwd=77.0ms  total=207.5ms
[ 137800] loss=18.0983  ema_loss=17.7703  gap=0.4815  ema_gap=0.4782  mixup=64/200  4.7 sps  ETA 3.7h  cpc=0.2083
              R²_rand=0.4491  R²_naive=0.4757  U_t=0.7627  U_b=0.6808  AUC=0.9996  Top1=0.9680
  timing: data=3.2ms  fwd=110.0ms  bwd=78.3ms  total=192.1ms
[ 138000] loss=17.8838  ema_loss=17.7960  gap=0.4686  ema_gap=0.4753  mixup=63/200  4.7 sps  ETA 3.7h  cpc=0.0906
              R²_rand=0.4341  R²_naive=0.4669  U_t=0.7213  U_b=0.7297  AUC=0.9995  Top1=0.9536
  timing: data=3.2ms  fwd=112.2ms  bwd=78.6ms  total=194.7ms
[ 138200] loss=17.7679  ema_loss=17.8328  gap=0.4686  ema_gap=0.4716  mixup=70/200  4.7 sps  ETA 3.7h  cpc=0.0389
              R²_rand=0.4403  R²_naive=0.4639  U_t=0.7638  U_b=0.7966  AUC=0.9993  Top1=0.9398
  timing: data=20.0ms  fwd=109.3ms  bwd=78.3ms  total=208.3ms
[ 138400] loss=17.8476  ema_loss=17.8252  gap=0.4991  ema_gap=0.4735  mixup=63/200  4.7 sps  ETA 3.7h  cpc=0.0973
              R²_rand=0.4566  R²_naive=0.4784  U_t=0.7586  U_b=0.7264  AUC=0.9995  Top1=0.9493
  timing: data=3.1ms  fwd=111.9ms  bwd=78.3ms  total=194.0ms
[ 138600] loss=17.7811  ema_loss=17.8058  gap=0.4755  ema_gap=0.4737  mixup=58/200  4.7 sps  ETA 3.7h  cpc=0.0645
              R²_rand=0.4515  R²_naive=0.4663  U_t=0.6797  U_b=0.7813  AUC=0.9995  Top1=0.9438
  timing: data=3.2ms  fwd=111.0ms  bwd=78.3ms  total=193.1ms
[ 138800] loss=17.6623  ema_loss=17.8164  gap=0.4612  ema_gap=0.4754  mixup=65/200  4.7 sps  ETA 3.7h  cpc=0.0414
              R²_rand=0.4462  R²_naive=0.4633  U_t=0.7522  U_b=0.8056  AUC=0.9995  Top1=0.9474
  timing: data=58.9ms  fwd=111.6ms  bwd=79.0ms  total=250.1ms
[ 139000] loss=17.7130  ema_loss=17.8318  gap=0.4856  ema_gap=0.4754  mixup=69/200  4.7 sps  ETA 3.6h  cpc=0.0416
              R²_rand=0.4445  R²_naive=0.4737  U_t=0.7760  U_b=0.7991  AUC=0.9996  Top1=0.9574
  timing: data=3.1ms  fwd=112.3ms  bwd=79.7ms  total=195.8ms
[ 139200] loss=17.6707  ema_loss=17.7576  gap=0.4783  ema_gap=0.4816  mixup=59/200  4.7 sps  ETA 3.6h  cpc=0.0609
              R²_rand=0.4388  R²_naive=0.4719  U_t=0.7337  U_b=0.7760  AUC=0.9995  Top1=0.9533
  timing: data=3.0ms  fwd=111.7ms  bwd=76.8ms  total=192.0ms
[ 139400] loss=17.8962  ema_loss=17.8657  gap=0.4882  ema_gap=0.4768  mixup=63/200  4.7 sps  ETA 3.6h  cpc=0.0570
              R²_rand=0.4464  R²_naive=0.4760  U_t=0.7678  U_b=0.7693  AUC=0.9996  Top1=0.9541
  timing: data=19.6ms  fwd=110.2ms  bwd=76.7ms  total=207.1ms
[ 139600] loss=17.7234  ema_loss=17.8068  gap=0.4760  ema_gap=0.4859  mixup=57/200  4.7 sps  ETA 3.6h  cpc=0.0607
              R²_rand=0.4073  R²_naive=0.4691  U_t=0.7308  U_b=0.7701  AUC=0.9992  Top1=0.9436
  timing: data=3.2ms  fwd=110.6ms  bwd=77.1ms  total=191.5ms
[ 139800] loss=18.1454  ema_loss=17.8211  gap=0.4851  ema_gap=0.4810  mixup=52/200  4.7 sps  ETA 3.6h  cpc=0.1744
              R²_rand=0.4554  R²_naive=0.4730  U_t=0.6937  U_b=0.7960  AUC=0.9996  Top1=0.9498
  timing: data=3.2ms  fwd=111.4ms  bwd=77.2ms  total=192.4ms
[ 140000] loss=18.1770  ema_loss=17.7984  gap=0.4510  ema_gap=0.4779  mixup=61/200  4.7 sps  ETA 3.6h  cpc=0.1920
              R²_rand=0.4246  R²_naive=0.4504  U_t=0.7214  U_b=0.6988  AUC=0.9994  Top1=0.9441
  timing: data=3.2ms  fwd=110.6ms  bwd=76.8ms  total=191.1ms
[ 140200] loss=17.9772  ema_loss=17.8903  gap=0.4694  ema_gap=0.4703  mixup=67/200  4.7 sps  ETA 3.6h  cpc=0.0848
              R²_rand=0.4320  R²_naive=0.4634  U_t=0.7603  U_b=0.7476  AUC=0.9996  Top1=0.9512
  timing: data=20.2ms  fwd=108.6ms  bwd=75.5ms  total=205.0ms
[ 140400] loss=17.9046  ema_loss=17.9318  gap=0.4798  ema_gap=0.4677  mixup=53/200  4.7 sps  ETA 3.5h  cpc=0.0365
              R²_rand=0.4294  R²_naive=0.4721  U_t=0.7726  U_b=0.7704  AUC=0.9995  Top1=0.9593
  timing: data=3.1ms  fwd=110.1ms  bwd=77.7ms  total=191.6ms
[ 140600] loss=18.0110  ema_loss=17.9307  gap=0.4901  ema_gap=0.4681  mixup=64/200  4.7 sps  ETA 3.5h  cpc=0.1205
              R²_rand=0.4414  R²_naive=0.4786  U_t=0.7401  U_b=0.7247  AUC=0.9994  Top1=0.9531
  timing: data=3.2ms  fwd=110.5ms  bwd=77.7ms  total=192.1ms
[ 140800] loss=17.8262  ema_loss=17.9427  gap=0.4809  ema_gap=0.4693  mixup=64/200  4.7 sps  ETA 3.5h  cpc=0.0743
              R²_rand=0.4436  R²_naive=0.4764  U_t=0.7210  U_b=0.7906  AUC=0.9995  Top1=0.9460
  timing: data=20.0ms  fwd=109.3ms  bwd=78.3ms  total=208.2ms
[ 141000] loss=17.8662  ema_loss=17.9103  gap=0.4636  ema_gap=0.4734  mixup=61/200  4.7 sps  ETA 3.5h  cpc=0.0824
              R²_rand=0.4406  R²_naive=0.4574  U_t=0.6988  U_b=0.7884  AUC=0.9994  Top1=0.9357
  timing: data=3.2ms  fwd=111.4ms  bwd=78.7ms  total=193.8ms
[ 141200] loss=17.8544  ema_loss=17.9217  gap=0.4721  ema_gap=0.4765  mixup=58/200  4.7 sps  ETA 3.5h  cpc=0.0476
              R²_rand=0.4167  R²_naive=0.4624  U_t=0.7043  U_b=0.7988  AUC=0.9992  Top1=0.9360
  timing: data=3.1ms  fwd=109.7ms  bwd=77.9ms  total=191.4ms
[ 141400] loss=17.8247  ema_loss=17.8993  gap=0.4913  ema_gap=0.4793  mixup=59/200  4.7 sps  ETA 3.5h  cpc=0.0471
              R²_rand=0.4445  R²_naive=0.4720  U_t=0.7599  U_b=0.7831  AUC=0.9995  Top1=0.9544
  timing: data=19.7ms  fwd=111.1ms  bwd=78.3ms  total=209.8ms
[ 141600] loss=17.9887  ema_loss=17.8940  gap=0.4712  ema_gap=0.4801  mixup=58/200  4.7 sps  ETA 3.5h  cpc=0.1137
              R²_rand=0.4242  R²_naive=0.4623  U_t=0.6978  U_b=0.7840  AUC=0.9989  Top1=0.9009
  timing: data=3.2ms  fwd=110.7ms  bwd=78.0ms  total=192.5ms
[ 141800] loss=17.7839  ema_loss=17.8680  gap=0.4849  ema_gap=0.4839  mixup=63/200  4.7 sps  ETA 3.5h  cpc=0.0839
              R²_rand=0.4431  R²_naive=0.4761  U_t=0.7585  U_b=0.7672  AUC=0.9996  Top1=0.9593
  timing: data=3.2ms  fwd=111.8ms  bwd=78.5ms  total=194.2ms
[ 142000] loss=17.9444  ema_loss=17.8321  gap=0.4595  ema_gap=0.4830  mixup=48/200  4.7 sps  ETA 3.4h  cpc=0.0651
              R²_rand=0.4359  R²_naive=0.4557  U_t=0.7306  U_b=0.7911  AUC=0.9992  Top1=0.9327
  timing: data=25.6ms  fwd=109.4ms  bwd=78.2ms  total=213.7ms
[ 142200] loss=18.0033  ema_loss=17.9059  gap=0.4783  ema_gap=0.4817  mixup=71/200  4.7 sps  ETA 3.4h  cpc=0.0680
              R²_rand=0.4375  R²_naive=0.4664  U_t=0.7219  U_b=0.8043  AUC=0.9993  Top1=0.9408
  timing: data=3.2ms  fwd=111.7ms  bwd=78.9ms  total=194.5ms
[ 142400] loss=17.8361  ema_loss=17.8481  gap=0.4959  ema_gap=0.4863  mixup=64/200  4.7 sps  ETA 3.4h  cpc=0.1236
              R²_rand=0.4189  R²_naive=0.4801  U_t=0.7280  U_b=0.7374  AUC=0.9994  Top1=0.9474
  timing: data=3.2ms  fwd=110.1ms  bwd=78.1ms  total=192.0ms
[ 142600] loss=17.7756  ema_loss=17.8336  gap=0.4965  ema_gap=0.4886  mixup=61/200  4.7 sps  ETA 3.4h  cpc=0.0595
              R²_rand=0.4498  R²_naive=0.4754  U_t=0.7516  U_b=0.8052  AUC=0.9995  Top1=0.9533
  timing: data=25.3ms  fwd=110.6ms  bwd=76.4ms  total=213.0ms
[ 142800] loss=17.9563  ema_loss=17.7646  gap=0.4976  ema_gap=0.4966  mixup=52/200  4.7 sps  ETA 3.4h  cpc=0.1575
              R²_rand=0.4460  R²_naive=0.4782  U_t=0.7457  U_b=0.7164  AUC=0.9993  Top1=0.9430
  timing: data=3.3ms  fwd=109.3ms  bwd=77.3ms  total=190.4ms
[ 143000] loss=17.6327  ema_loss=17.8116  gap=0.4989  ema_gap=0.4931  mixup=59/200  4.7 sps  ETA 3.4h  cpc=0.0323
              R²_rand=0.4388  R²_naive=0.4794  U_t=0.7428  U_b=0.8046  AUC=0.9994  Top1=0.9566
  timing: data=3.3ms  fwd=111.9ms  bwd=78.5ms  total=194.2ms
[ 143200] loss=17.7817  ema_loss=17.7484  gap=0.4807  ema_gap=0.4980  mixup=49/200  4.7 sps  ETA 3.4h  cpc=0.0583
              R²_rand=0.4403  R²_naive=0.4673  U_t=0.7267  U_b=0.7784  AUC=0.9996  Top1=0.9571
  timing: data=19.6ms  fwd=109.8ms  bwd=78.7ms  total=208.6ms
[ 143400] loss=18.0530  ema_loss=17.8159  gap=0.4628  ema_gap=0.4964  mixup=60/200  4.7 sps  ETA 3.4h  cpc=0.1299
              R²_rand=0.4168  R²_naive=0.4566  U_t=0.7378  U_b=0.7124  AUC=0.9991  Top1=0.9335
  timing: data=3.2ms  fwd=111.6ms  bwd=78.6ms  total=194.1ms
[ 143600] loss=17.8274  ema_loss=17.8810  gap=0.4831  ema_gap=0.4926  mixup=63/200  4.7 sps  ETA 3.3h  cpc=0.0457
              R²_rand=0.4490  R²_naive=0.4764  U_t=0.7044  U_b=0.7809  AUC=0.9994  Top1=0.9533
  timing: data=3.2ms  fwd=111.1ms  bwd=78.4ms  total=193.3ms
[ 143800] loss=17.8978  ema_loss=17.9064  gap=0.4968  ema_gap=0.4903  mixup=64/200  4.7 sps  ETA 3.3h  cpc=0.0454
              R²_rand=0.4229  R²_naive=0.4775  U_t=0.7377  U_b=0.7924  AUC=0.9993  Top1=0.9449
  timing: data=19.4ms  fwd=112.6ms  bwd=80.0ms  total=212.6ms
[ 144000] loss=17.7432  ema_loss=17.9151  gap=0.4806  ema_gap=0.4912  mixup=61/200  4.7 sps  ETA 3.3h  cpc=0.0376
              R²_rand=0.4396  R²_naive=0.4700  U_t=0.7461  U_b=0.7873  AUC=0.9994  Top1=0.9490
  timing: data=3.3ms  fwd=112.1ms  bwd=79.7ms  total=195.6ms
[ 144200] loss=17.9258  ema_loss=17.9115  gap=0.4971  ema_gap=0.4885  mixup=56/200  4.7 sps  ETA 3.3h  cpc=0.0641
              R²_rand=0.4503  R²_naive=0.4763  U_t=0.6926  U_b=0.7855  AUC=0.9995  Top1=0.9471
  timing: data=3.3ms  fwd=112.9ms  bwd=79.3ms  total=196.1ms
[ 144400] loss=17.8344  ema_loss=17.9013  gap=0.4812  ema_gap=0.4843  mixup=59/200  4.7 sps  ETA 3.3h  cpc=0.0687
              R²_rand=0.4310  R²_naive=0.4782  U_t=0.7199  U_b=0.7449  AUC=0.9995  Top1=0.9541
  timing: data=20.3ms  fwd=111.4ms  bwd=79.8ms  total=212.2ms
[ 144600] loss=18.0804  ema_loss=17.9025  gap=0.4916  ema_gap=0.4818  mixup=63/200  4.7 sps  ETA 3.3h  cpc=0.1808
              R²_rand=0.4416  R²_naive=0.4812  U_t=0.7024  U_b=0.6916  AUC=0.9995  Top1=0.9628
  timing: data=3.2ms  fwd=113.0ms  bwd=78.5ms  total=195.3ms
[ 144800] loss=17.8654  ema_loss=17.8695  gap=0.4698  ema_gap=0.4756  mixup=66/200  4.7 sps  ETA 3.3h  cpc=0.0594
              R²_rand=0.4268  R²_naive=0.4655  U_t=0.7150  U_b=0.7979  AUC=0.9994  Top1=0.9539
  timing: data=3.2ms  fwd=110.3ms  bwd=77.3ms  total=191.4ms
[ 145000] loss=17.8235  ema_loss=17.8689  gap=0.4895  ema_gap=0.4751  mixup=64/200  4.7 sps  ETA 3.3h  cpc=0.0937
              R²_rand=0.4484  R²_naive=0.4802  U_t=0.6894  U_b=0.7946  AUC=0.9996  Top1=0.9525
  timing: data=3.5ms  fwd=110.8ms  bwd=77.1ms  total=192.0ms
[ 145200] loss=17.7941  ema_loss=17.8599  gap=0.4794  ema_gap=0.4774  mixup=70/200  4.7 sps  ETA 3.2h  cpc=0.0636
              R²_rand=0.4460  R²_naive=0.4672  U_t=0.7620  U_b=0.7814  AUC=0.9996  Top1=0.9615
  timing: data=20.6ms  fwd=111.1ms  bwd=77.4ms  total=209.6ms
[ 145400] loss=17.6691  ema_loss=17.8241  gap=0.4792  ema_gap=0.4811  mixup=62/200  4.7 sps  ETA 3.2h  cpc=0.0767
              R²_rand=0.4454  R²_naive=0.4757  U_t=0.7127  U_b=0.7913  AUC=0.9996  Top1=0.9617
  timing: data=3.2ms  fwd=110.0ms  bwd=75.9ms  total=189.7ms
[ 145600] loss=17.8308  ema_loss=17.7927  gap=0.4722  ema_gap=0.4829  mixup=62/200  4.7 sps  ETA 3.2h  cpc=0.0798
              R²_rand=0.4389  R²_naive=0.4546  U_t=0.6950  U_b=0.8032  AUC=0.9991  Top1=0.9457
  timing: data=3.2ms  fwd=110.0ms  bwd=77.1ms  total=190.9ms
[ 145800] loss=17.8791  ema_loss=17.7678  gap=0.4923  ema_gap=0.4859  mixup=54/200  4.7 sps  ETA 3.2h  cpc=0.0544
              R²_rand=0.4547  R²_naive=0.4787  U_t=0.7571  U_b=0.7961  AUC=0.9996  Top1=0.9609
  timing: data=26.2ms  fwd=110.1ms  bwd=77.4ms  total=214.3ms
[ 146000] loss=17.6257  ema_loss=17.7635  gap=0.4807  ema_gap=0.4851  mixup=51/200  4.7 sps  ETA 3.2h  cpc=0.0527
              R²_rand=0.4355  R²_naive=0.4740  U_t=0.7260  U_b=0.7816  AUC=0.9997  Top1=0.9661
  timing: data=3.2ms  fwd=110.3ms  bwd=78.6ms  total=192.7ms
[ 146200] loss=17.7770  ema_loss=17.7821  gap=0.4898  ema_gap=0.4881  mixup=67/200  4.7 sps  ETA 3.2h  cpc=0.0588
              R²_rand=0.4397  R²_naive=0.4721  U_t=0.7465  U_b=0.8051  AUC=0.9995  Top1=0.9533
  timing: data=3.1ms  fwd=109.7ms  bwd=78.5ms  total=192.0ms
[ 146400] loss=17.6480  ema_loss=17.7923  gap=0.4878  ema_gap=0.4886  mixup=59/200  4.7 sps  ETA 3.2h  cpc=0.0420
              R²_rand=0.4562  R²_naive=0.4802  U_t=0.7250  U_b=0.8019  AUC=0.9995  Top1=0.9596
  timing: data=20.2ms  fwd=108.2ms  bwd=78.4ms  total=207.4ms
[ 146600] loss=17.8583  ema_loss=17.7805  gap=0.4641  ema_gap=0.4819  mixup=77/200  4.7 sps  ETA 3.2h  cpc=0.0812
              R²_rand=0.4129  R²_naive=0.4631  U_t=0.7028  U_b=0.7757  AUC=0.9995  Top1=0.9560
  timing: data=3.3ms  fwd=110.9ms  bwd=78.0ms  total=192.9ms
[ 146800] loss=17.6191  ema_loss=17.7382  gap=0.4626  ema_gap=0.4828  mixup=63/200  4.7 sps  ETA 3.1h  cpc=0.0481
              R²_rand=0.4505  R²_naive=0.4701  U_t=0.7299  U_b=0.7844  AUC=0.9994  Top1=0.9433
  timing: data=3.2ms  fwd=109.7ms  bwd=78.1ms  total=191.6ms
[ 147000] loss=17.5274  ema_loss=17.6905  gap=0.4702  ema_gap=0.4896  mixup=59/200  4.7 sps  ETA 3.1h  cpc=0.0296
              R²_rand=0.4498  R²_naive=0.4692  U_t=0.7175  U_b=0.7989  AUC=0.9995  Top1=0.9550
  timing: data=20.2ms  fwd=110.6ms  bwd=79.1ms  total=210.5ms
[ 147200] loss=17.7081  ema_loss=17.8025  gap=0.4736  ema_gap=0.4761  mixup=75/200  4.7 sps  ETA 3.1h  cpc=0.0547
              R²_rand=0.4387  R²_naive=0.4710  U_t=0.7431  U_b=0.7712  AUC=0.9997  Top1=0.9569
  timing: data=3.0ms  fwd=110.7ms  bwd=77.3ms  total=191.5ms
[ 147400] loss=17.7377  ema_loss=17.7433  gap=0.4695  ema_gap=0.4785  mixup=70/200  4.7 sps  ETA 3.1h  cpc=0.0598
              R²_rand=0.4405  R²_naive=0.4707  U_t=0.7341  U_b=0.7817  AUC=0.9995  Top1=0.9468
  timing: data=3.2ms  fwd=111.6ms  bwd=77.2ms  total=192.5ms
[ 147600] loss=17.9693  ema_loss=17.7136  gap=0.4756  ema_gap=0.4809  mixup=55/200  4.7 sps  ETA 3.1h  cpc=0.1675
              R²_rand=0.4136  R²_naive=0.4748  U_t=0.7555  U_b=0.7122  AUC=0.9996  Top1=0.9544
  timing: data=52.6ms  fwd=110.8ms  bwd=77.9ms  total=241.8ms
[ 147800] loss=17.8354  ema_loss=17.7785  gap=0.4558  ema_gap=0.4770  mixup=62/200  4.7 sps  ETA 3.1h  cpc=0.0683
              R²_rand=0.4356  R²_naive=0.4611  U_t=0.7231  U_b=0.7824  AUC=0.9993  Top1=0.9446
  timing: data=3.1ms  fwd=112.5ms  bwd=77.8ms  total=194.0ms
[ 148000] loss=17.6399  ema_loss=17.7326  gap=0.4987  ema_gap=0.4817  mixup=61/200  4.7 sps  ETA 3.1h  cpc=0.0532
              R²_rand=0.4526  R²_naive=0.4862  U_t=0.7266  U_b=0.8003  AUC=0.9997  Top1=0.9631
  timing: data=3.2ms  fwd=110.7ms  bwd=77.9ms  total=192.3ms
[ 148200] loss=17.5980  ema_loss=17.7480  gap=0.4883  ema_gap=0.4798  mixup=66/200  4.7 sps  ETA 3.1h  cpc=0.0492
              R²_rand=0.4359  R²_naive=0.4772  U_t=0.7361  U_b=0.8224  AUC=0.9995  Top1=0.9558
  timing: data=65.3ms  fwd=110.6ms  bwd=78.3ms  total=254.7ms
[ 148400] loss=17.6775  ema_loss=17.7256  gap=0.4981  ema_gap=0.4883  mixup=64/200  4.7 sps  ETA 3.0h  cpc=0.0631
              R²_rand=0.4435  R²_naive=0.4791  U_t=0.6861  U_b=0.8234  AUC=0.9991  Top1=0.9414
  timing: data=3.3ms  fwd=113.2ms  bwd=78.5ms  total=195.6ms
[ 148600] loss=17.6264  ema_loss=17.6828  gap=0.4692  ema_gap=0.4895  mixup=57/200  4.7 sps  ETA 3.0h  cpc=0.0684
              R²_rand=0.4279  R²_naive=0.4702  U_t=0.6879  U_b=0.7947  AUC=0.9992  Top1=0.9408
  timing: data=3.2ms  fwd=112.2ms  bwd=78.4ms  total=194.3ms
[ 148800] loss=17.7094  ema_loss=17.7680  gap=0.4792  ema_gap=0.4803  mixup=59/200  4.7 sps  ETA 3.0h  cpc=0.0709
              R²_rand=0.4361  R²_naive=0.4721  U_t=0.7211  U_b=0.7983  AUC=0.9993  Top1=0.9430
  timing: data=18.5ms  fwd=111.5ms  bwd=79.3ms  total=209.9ms
[ 149000] loss=17.9374  ema_loss=17.7176  gap=0.4713  ema_gap=0.4793  mixup=57/200  4.7 sps  ETA 3.0h  cpc=0.1272
              R²_rand=0.4566  R²_naive=0.4726  U_t=0.7124  U_b=0.7530  AUC=0.9994  Top1=0.9471
  timing: data=3.1ms  fwd=112.5ms  bwd=79.3ms  total=195.5ms
[ 149200] loss=17.6265  ema_loss=17.7100  gap=0.4628  ema_gap=0.4692  mixup=59/200  4.7 sps  ETA 3.0h  cpc=0.0480
              R²_rand=0.4397  R²_naive=0.4717  U_t=0.6956  U_b=0.8066  AUC=0.9991  Top1=0.9254
  timing: data=3.4ms  fwd=112.2ms  bwd=78.0ms  total=194.2ms
[ 149400] loss=17.6304  ema_loss=17.7457  gap=0.4580  ema_gap=0.4636  mixup=62/200  4.7 sps  ETA 3.0h  cpc=0.0383
              R²_rand=0.4212  R²_naive=0.4647  U_t=0.7543  U_b=0.8012  AUC=0.9992  Top1=0.9449
  timing: data=61.4ms  fwd=111.1ms  bwd=78.7ms  total=251.8ms
[ 149600] loss=17.5352  ema_loss=17.7346  gap=0.4616  ema_gap=0.4586  mixup=70/200  4.7 sps  ETA 3.0h  cpc=0.0601
              R²_rand=0.4291  R²_naive=0.4737  U_t=0.7198  U_b=0.8021  AUC=0.9995  Top1=0.9506
  timing: data=3.3ms  fwd=110.4ms  bwd=75.7ms  total=190.0ms
[ 149800] loss=17.5963  ema_loss=17.6808  gap=0.4668  ema_gap=0.4619  mixup=53/200  4.7 sps  ETA 3.0h  cpc=0.0518
              R²_rand=0.4280  R²_naive=0.4760  U_t=0.7561  U_b=0.8106  AUC=0.9994  Top1=0.9498
  timing: data=3.2ms  fwd=110.2ms  bwd=76.1ms  total=190.1ms
[ 150000] loss=17.5408  ema_loss=17.6338  gap=0.4473  ema_gap=0.4671  mixup=53/200  4.7 sps  ETA 3.0h  cpc=0.0648
              R²_rand=0.4525  R²_naive=0.4708  U_t=0.6916  U_b=0.8160  AUC=0.9995  Top1=0.9419
  timing: data=71.9ms  fwd=111.3ms  bwd=79.3ms  total=263.1ms
  -> Saved /home/jupyter/wt-cf-379-train/experiments/2026-07-21_split_pred_rep_small/runs/bb_small_arm1_nse_split_pred_rep_enc3l3_b64_200k_sigreg_ema_qk_aon_cpc_tau090_r3_150k.pth
[ 150200] loss=17.9502  ema_loss=17.6681  gap=0.4631  ema_gap=0.4643  mixup=65/200  4.7 sps  ETA 2.9h  cpc=0.1823
              R²_rand=0.4449  R²_naive=0.4766  U_t=0.6983  U_b=0.7305  AUC=0.9994  Top1=0.9495
  timing: data=3.3ms  fwd=111.8ms  bwd=78.7ms  total=194.4ms
[ 150400] loss=17.6801  ema_loss=17.6246  gap=0.4508  ema_gap=0.4659  mixup=50/200  4.7 sps  ETA 2.9h  cpc=0.0592
              R²_rand=0.4323  R²_naive=0.4631  U_t=0.7341  U_b=0.7960  AUC=0.9994  Top1=0.9457
  timing: data=3.1ms  fwd=113.2ms  bwd=78.5ms  total=195.4ms
[ 150600] loss=17.5779  ema_loss=17.6628  gap=0.4558  ema_gap=0.4698  mixup=52/200  4.7 sps  ETA 2.9h  cpc=0.0432
              R²_rand=0.4467  R²_naive=0.4674  U_t=0.7278  U_b=0.8162  AUC=0.9994  Top1=0.9517
  timing: data=3.2ms  fwd=111.6ms  bwd=79.1ms  total=194.5ms
[ 150800] loss=17.8153  ema_loss=17.6299  gap=0.4664  ema_gap=0.4699  mixup=51/200  4.7 sps  ETA 2.9h  cpc=0.1574
              R²_rand=0.4417  R²_naive=0.4794  U_t=0.7264  U_b=0.7379  AUC=0.9994  Top1=0.9438
  timing: data=26.9ms  fwd=112.0ms  bwd=78.8ms  total=218.4ms
[ 151000] loss=17.6400  ema_loss=17.6957  gap=0.4477  ema_gap=0.4646  mixup=62/200  4.7 sps  ETA 2.9h  cpc=0.1057
              R²_rand=0.4480  R²_naive=0.4730  U_t=0.6644  U_b=0.7568  AUC=0.9989  Top1=0.9332
  timing: data=3.3ms  fwd=111.3ms  bwd=78.5ms  total=193.7ms
[ 151200] loss=17.4539  ema_loss=17.7284  gap=0.5026  ema_gap=0.4763  mixup=56/200  4.7 sps  ETA 2.9h  cpc=0.0324
              R²_rand=0.4539  R²_naive=0.4973  U_t=0.7547  U_b=0.8022  AUC=0.9997  Top1=0.9634
  timing: data=3.3ms  fwd=112.8ms  bwd=78.5ms  total=195.2ms
[ 151400] loss=17.4552  ema_loss=17.6088  gap=0.4764  ema_gap=0.4833  mixup=47/200  4.7 sps  ETA 2.9h  cpc=0.0673
              R²_rand=0.4491  R²_naive=0.4840  U_t=0.6857  U_b=0.8061  AUC=0.9992  Top1=0.9373
  timing: data=19.7ms  fwd=110.1ms  bwd=77.3ms  total=207.7ms
[ 151600] loss=17.6743  ema_loss=17.5963  gap=0.4927  ema_gap=0.4870  mixup=49/200  4.7 sps  ETA 2.9h  cpc=0.1303
              R²_rand=0.4522  R²_naive=0.4936  U_t=0.7275  U_b=0.7508  AUC=0.9995  Top1=0.9558
  timing: data=3.1ms  fwd=111.6ms  bwd=76.6ms  total=191.9ms
[ 151800] loss=17.6362  ema_loss=17.6499  gap=0.4814  ema_gap=0.4805  mixup=54/200  4.7 sps  ETA 2.8h  cpc=0.0519
              R²_rand=0.4383  R²_naive=0.4771  U_t=0.6935  U_b=0.8037  AUC=0.9993  Top1=0.9468
  timing: data=3.2ms  fwd=110.2ms  bwd=76.4ms  total=190.3ms
[ 152000] loss=17.6517  ema_loss=17.6430  gap=0.4669  ema_gap=0.4798  mixup=59/200  4.7 sps  ETA 2.8h  cpc=0.0429
              R²_rand=0.4345  R²_naive=0.4663  U_t=0.7232  U_b=0.7952  AUC=0.9994  Top1=0.9460
  timing: data=20.3ms  fwd=110.8ms  bwd=76.4ms  total=208.1ms
[ 152200] loss=17.4662  ema_loss=17.6205  gap=0.4901  ema_gap=0.4808  mixup=61/200  4.7 sps  ETA 2.8h  cpc=0.0446
              R²_rand=0.4387  R²_naive=0.4885  U_t=0.7400  U_b=0.8099  AUC=0.9996  Top1=0.9541
  timing: data=3.4ms  fwd=110.9ms  bwd=76.4ms  total=191.3ms
[ 152400] loss=17.5831  ema_loss=17.6369  gap=0.4696  ema_gap=0.4765  mixup=64/200  4.7 sps  ETA 2.8h  cpc=0.0403
              R²_rand=0.4352  R²_naive=0.4724  U_t=0.7454  U_b=0.8054  AUC=0.9995  Top1=0.9495
  timing: data=3.0ms  fwd=111.2ms  bwd=76.6ms  total=191.4ms
[ 152600] loss=17.5255  ema_loss=17.6510  gap=0.4687  ema_gap=0.4696  mixup=61/200  4.7 sps  ETA 2.8h  cpc=0.0428
              R²_rand=0.4389  R²_naive=0.4687  U_t=0.7256  U_b=0.8069  AUC=0.9995  Top1=0.9569
  timing: data=21.9ms  fwd=110.0ms  bwd=76.6ms  total=209.1ms
[ 152800] loss=17.5526  ema_loss=17.6059  gap=0.4674  ema_gap=0.4728  mixup=59/200  4.7 sps  ETA 2.8h  cpc=0.0729
              R²_rand=0.4357  R²_naive=0.4730  U_t=0.6633  U_b=0.7955  AUC=0.9993  Top1=0.9311
  timing: data=3.3ms  fwd=112.0ms  bwd=76.5ms  total=192.4ms
[ 153000] loss=17.6783  ema_loss=17.5690  gap=0.4669  ema_gap=0.4771  mixup=65/200  4.7 sps  ETA 2.8h  cpc=0.1075
              R²_rand=0.4438  R²_naive=0.4726  U_t=0.7072  U_b=0.7558  AUC=0.9991  Top1=0.9406
  timing: data=3.3ms  fwd=110.6ms  bwd=76.6ms  total=191.0ms
[ 153200] loss=17.4363  ema_loss=17.5890  gap=0.4584  ema_gap=0.4731  mixup=58/200  4.7 sps  ETA 2.8h  cpc=0.0547
              R²_rand=0.4381  R²_naive=0.4753  U_t=0.6867  U_b=0.8050  AUC=0.9993  Top1=0.9354
  timing: data=21.4ms  fwd=111.3ms  bwd=76.7ms  total=210.0ms
[ 153400] loss=17.5057  ema_loss=17.5905  gap=0.4788  ema_gap=0.4718  mixup=51/200  4.7 sps  ETA 2.7h  cpc=0.0467
              R²_rand=0.4237  R²_naive=0.4800  U_t=0.7316  U_b=0.8001  AUC=0.9996  Top1=0.9588
  timing: data=3.2ms  fwd=111.9ms  bwd=78.5ms  total=194.3ms
[ 153600] loss=17.5861  ema_loss=17.6219  gap=0.4428  ema_gap=0.4713  mixup=65/200  4.7 sps  ETA 2.7h  cpc=0.0641
              R²_rand=0.4417  R²_naive=0.4615  U_t=0.7015  U_b=0.7873  AUC=0.9992  Top1=0.9322
  timing: data=3.3ms  fwd=112.9ms  bwd=78.5ms  total=195.3ms
[ 153800] loss=17.6459  ema_loss=17.6432  gap=0.4818  ema_gap=0.4646  mixup=60/200  4.7 sps  ETA 2.7h  cpc=0.0647
              R²_rand=0.4315  R²_naive=0.4808  U_t=0.7226  U_b=0.7926  AUC=0.9991  Top1=0.9376
  timing: data=20.9ms  fwd=110.0ms  bwd=78.0ms  total=209.6ms
[ 154000] loss=17.6249  ema_loss=17.6755  gap=0.4471  ema_gap=0.4638  mixup=63/200  4.7 sps  ETA 2.7h  cpc=0.1151
              R²_rand=0.4470  R²_naive=0.4723  U_t=0.7021  U_b=0.7375  AUC=0.9993  Top1=0.9376
  timing: data=3.5ms  fwd=112.8ms  bwd=78.9ms  total=195.8ms
[ 154200] loss=17.5487  ema_loss=17.6916  gap=0.4667  ema_gap=0.4650  mixup=63/200  4.7 sps  ETA 2.7h  cpc=0.0550
              R²_rand=0.4421  R²_naive=0.4719  U_t=0.7112  U_b=0.8089  AUC=0.9994  Top1=0.9460
  timing: data=3.3ms  fwd=113.0ms  bwd=80.1ms  total=197.1ms
[ 154400] loss=17.8553  ema_loss=17.6903  gap=0.4646  ema_gap=0.4607  mixup=66/200  4.7 sps  ETA 2.7h  cpc=0.1131
              R²_rand=0.4422  R²_naive=0.4701  U_t=0.7157  U_b=0.7610  AUC=0.9992  Top1=0.9316
  timing: data=33.9ms  fwd=112.6ms  bwd=79.1ms  total=226.1ms
[ 154600] loss=17.6120  ema_loss=17.7206  gap=0.4802  ema_gap=0.4658  mixup=68/200  4.7 sps  ETA 2.7h  cpc=0.0706
              R²_rand=0.4518  R²_naive=0.4763  U_t=0.7057  U_b=0.7905  AUC=0.9995  Top1=0.9536
  timing: data=3.3ms  fwd=112.5ms  bwd=79.9ms  total=196.3ms
[ 154800] loss=17.5005  ema_loss=17.6919  gap=0.4649  ema_gap=0.4686  mixup=69/200  4.7 sps  ETA 2.7h  cpc=0.0732
              R²_rand=0.4344  R²_naive=0.4702  U_t=0.6987  U_b=0.8279  AUC=0.9995  Top1=0.9417
  timing: data=3.2ms  fwd=112.6ms  bwd=78.2ms  total=194.6ms
[ 155000] loss=17.7881  ema_loss=17.6929  gap=0.4614  ema_gap=0.4658  mixup=75/200  4.7 sps  ETA 2.6h  cpc=0.1177
              R²_rand=0.4421  R²_naive=0.4709  U_t=0.7298  U_b=0.7447  AUC=0.9990  Top1=0.9327
  timing: data=20.1ms  fwd=109.9ms  bwd=76.5ms  total=207.0ms
[ 155200] loss=17.6594  ema_loss=17.6992  gap=0.4473  ema_gap=0.4611  mixup=65/200  4.7 sps  ETA 2.6h  cpc=0.0833
              R²_rand=0.4460  R²_naive=0.4627  U_t=0.6927  U_b=0.7925  AUC=0.9991  Top1=0.9273
  timing: data=3.3ms  fwd=112.7ms  bwd=77.9ms  total=194.5ms
[ 155400] loss=17.5382  ema_loss=17.6456  gap=0.4442  ema_gap=0.4627  mixup=57/200  4.7 sps  ETA 2.6h  cpc=0.0588
              R²_rand=0.4422  R²_naive=0.4602  U_t=0.7065  U_b=0.8004  AUC=0.9993  Top1=0.9387
  timing: data=3.3ms  fwd=109.7ms  bwd=76.7ms  total=190.2ms
[ 155600] loss=17.8747  ema_loss=17.7096  gap=0.4627  ema_gap=0.4593  mixup=66/200  4.7 sps  ETA 2.6h  cpc=0.1418
              R²_rand=0.4439  R²_naive=0.4771  U_t=0.7116  U_b=0.7052  AUC=0.9995  Top1=0.9541
  timing: data=3.4ms  fwd=111.6ms  bwd=76.9ms  total=192.4ms
[ 155800] loss=17.4954  ema_loss=17.6652  gap=0.4531  ema_gap=0.4598  mixup=50/200  4.7 sps  ETA 2.6h  cpc=0.0482
              R²_rand=0.4438  R²_naive=0.4692  U_t=0.7163  U_b=0.8185  AUC=0.9992  Top1=0.9335
  timing: data=24.7ms  fwd=109.9ms  bwd=77.0ms  total=212.2ms
[ 156000] loss=18.3171  ema_loss=17.7185  gap=0.4638  ema_gap=0.4584  mixup=58/200  4.7 sps  ETA 2.6h  cpc=0.2642
              R²_rand=0.4340  R²_naive=0.4690  U_t=0.7394  U_b=0.6723  AUC=0.9993  Top1=0.9406
  timing: data=3.3ms  fwd=111.3ms  bwd=77.2ms  total=192.3ms
[ 156200] loss=17.7594  ema_loss=17.7677  gap=0.4609  ema_gap=0.4505  mixup=77/200  4.7 sps  ETA 2.6h  cpc=0.0661
              R²_rand=0.4239  R²_naive=0.4649  U_t=0.6679  U_b=0.8113  AUC=0.9990  Top1=0.9292
  timing: data=3.3ms  fwd=110.8ms  bwd=77.3ms  total=192.0ms
[ 156400] loss=17.8376  ema_loss=17.7133  gap=0.4605  ema_gap=0.4583  mixup=54/200  4.7 sps  ETA 2.6h  cpc=0.0981
              R²_rand=0.4204  R²_naive=0.4659  U_t=0.6986  U_b=0.7907  AUC=0.9993  Top1=0.9392
  timing: data=19.8ms  fwd=109.9ms  bwd=76.9ms  total=207.2ms
[ 156600] loss=17.8387  ema_loss=17.7347  gap=0.4650  ema_gap=0.4536  mixup=70/200  4.7 sps  ETA 2.6h  cpc=0.1093
              R²_rand=0.4341  R²_naive=0.4698  U_t=0.7336  U_b=0.7416  AUC=0.9993  Top1=0.9474
  timing: data=3.0ms  fwd=111.1ms  bwd=76.9ms  total=191.6ms
[ 156800] loss=17.7274  ema_loss=17.7207  gap=0.4563  ema_gap=0.4545  mixup=58/200  4.7 sps  ETA 2.5h  cpc=0.0596
              R²_rand=0.4306  R²_naive=0.4652  U_t=0.7032  U_b=0.7969  AUC=0.9994  Top1=0.9408
  timing: data=3.1ms  fwd=110.5ms  bwd=77.0ms  total=191.1ms
[ 157000] loss=17.6004  ema_loss=17.6769  gap=0.4552  ema_gap=0.4580  mixup=54/200  4.7 sps  ETA 2.5h  cpc=0.0377
              R²_rand=0.4206  R²_naive=0.4655  U_t=0.7104  U_b=0.8155  AUC=0.9993  Top1=0.9400
  timing: data=29.8ms  fwd=111.3ms  bwd=77.1ms  total=218.8ms
[ 157200] loss=17.9669  ema_loss=17.7081  gap=0.4511  ema_gap=0.4561  mixup=66/200  4.7 sps  ETA 2.5h  cpc=0.1888
              R²_rand=0.4425  R²_naive=0.4704  U_t=0.7190  U_b=0.6932  AUC=0.9993  Top1=0.9373
  timing: data=3.2ms  fwd=111.3ms  bwd=77.8ms  total=192.8ms
[ 157400] loss=17.8094  ema_loss=17.6522  gap=0.4578  ema_gap=0.4567  mixup=76/200  4.7 sps  ETA 2.5h  cpc=0.1686
              R²_rand=0.4462  R²_naive=0.4740  U_t=0.7500  U_b=0.6986  AUC=0.9995  Top1=0.9493
  timing: data=3.5ms  fwd=112.3ms  bwd=77.5ms  total=193.9ms
[ 157600] loss=17.5379  ema_loss=17.6386  gap=0.4591  ema_gap=0.4561  mixup=53/200  4.7 sps  ETA 2.5h  cpc=0.0371
              R²_rand=0.4546  R²_naive=0.4758  U_t=0.7479  U_b=0.8206  AUC=0.9993  Top1=0.9479
  timing: data=22.2ms  fwd=110.5ms  bwd=77.4ms  total=210.7ms
[ 157800] loss=17.6304  ema_loss=17.6031  gap=0.4551  ema_gap=0.4626  mixup=54/200  4.7 sps  ETA 2.5h  cpc=0.0541
              R²_rand=0.4475  R²_naive=0.4708  U_t=0.7432  U_b=0.7941  AUC=0.9994  Top1=0.9547
  timing: data=3.5ms  fwd=112.5ms  bwd=77.1ms  total=193.7ms
[ 158000] loss=17.6249  ema_loss=17.6229  gap=0.4515  ema_gap=0.4649  mixup=68/200  4.7 sps  ETA 2.5h  cpc=0.0375
              R²_rand=0.4337  R²_naive=0.4642  U_t=0.7400  U_b=0.8120  AUC=0.9993  Top1=0.9476
  timing: data=3.4ms  fwd=110.9ms  bwd=77.1ms  total=192.0ms
[ 158200] loss=17.6302  ema_loss=17.6696  gap=0.4706  ema_gap=0.4641  mixup=72/200  4.7 sps  ETA 2.5h  cpc=0.0719
              R²_rand=0.4188  R²_naive=0.4761  U_t=0.7028  U_b=0.8028  AUC=0.9990  Top1=0.9433
  timing: data=19.3ms  fwd=111.2ms  bwd=76.9ms  total=208.0ms
[ 158400] loss=17.5125  ema_loss=17.6323  gap=0.4589  ema_gap=0.4660  mixup=54/200  4.7 sps  ETA 2.4h  cpc=0.0321
              R²_rand=0.4454  R²_naive=0.4754  U_t=0.7108  U_b=0.8110  AUC=0.9991  Top1=0.9381
  timing: data=3.3ms  fwd=111.6ms  bwd=77.3ms  total=192.9ms
[ 158600] loss=17.7208  ema_loss=17.6820  gap=0.4580  ema_gap=0.4627  mixup=65/200  4.7 sps  ETA 2.4h  cpc=0.0544
              R²_rand=0.4250  R²_naive=0.4705  U_t=0.7358  U_b=0.7612  AUC=0.9992  Top1=0.9243
  timing: data=3.3ms  fwd=111.8ms  bwd=77.2ms  total=192.9ms
[ 158800] loss=17.7605  ema_loss=17.6747  gap=0.4714  ema_gap=0.4632  mixup=60/200  4.7 sps  ETA 2.4h  cpc=0.0363
              R²_rand=0.4326  R²_naive=0.4747  U_t=0.7310  U_b=0.8081  AUC=0.9994  Top1=0.9444
  timing: data=19.7ms  fwd=110.7ms  bwd=77.0ms  total=208.0ms
[ 159000] loss=17.6280  ema_loss=17.6645  gap=0.4331  ema_gap=0.4618  mixup=54/200  4.7 sps  ETA 2.4h  cpc=0.0523
              R²_rand=0.4279  R²_naive=0.4599  U_t=0.6959  U_b=0.7993  AUC=0.9987  Top1=0.9186
  timing: data=3.5ms  fwd=112.4ms  bwd=77.0ms  total=193.5ms
[ 159200] loss=18.0324  ema_loss=17.7519  gap=0.4359  ema_gap=0.4506  mixup=73/200  4.7 sps  ETA 2.4h  cpc=0.1510
              R²_rand=0.4233  R²_naive=0.4512  U_t=0.7166  U_b=0.6972  AUC=0.9993  Top1=0.9349
  timing: data=3.4ms  fwd=110.4ms  bwd=75.9ms  total=190.2ms
[ 159400] loss=17.6873  ema_loss=17.7302  gap=0.4544  ema_gap=0.4503  mixup=59/200  4.7 sps  ETA 2.4h  cpc=0.0485
              R²_rand=0.4308  R²_naive=0.4617  U_t=0.7389  U_b=0.7978  AUC=0.9993  Top1=0.9471
  timing: data=29.3ms  fwd=108.9ms  bwd=74.7ms  total=213.5ms
[ 159600] loss=17.9926  ema_loss=17.6560  gap=0.4761  ema_gap=0.4577  mixup=51/200  4.7 sps  ETA 2.4h  cpc=0.1887
              R²_rand=0.4327  R²_naive=0.4804  U_t=0.7001  U_b=0.7044  AUC=0.9994  Top1=0.9460
  timing: data=3.5ms  fwd=108.8ms  bwd=74.3ms  total=187.3ms
[ 159800] loss=17.6183  ema_loss=17.6823  gap=0.4768  ema_gap=0.4543  mixup=56/200  4.7 sps  ETA 2.4h  cpc=0.0619
              R²_rand=0.4448  R²_naive=0.4808  U_t=0.7028  U_b=0.7913  AUC=0.9993  Top1=0.9406
  timing: data=3.0ms  fwd=109.2ms  bwd=73.7ms  total=186.6ms
[ 160000] loss=17.5699  ema_loss=17.6865  gap=0.4401  ema_gap=0.4564  mixup=58/200  4.7 sps  ETA 2.3h  cpc=0.0455
              R²_rand=0.4362  R²_naive=0.4594  U_t=0.7180  U_b=0.8010  AUC=0.9991  Top1=0.9305
  timing: data=121.2ms  fwd=107.5ms  bwd=73.7ms  total=302.9ms
[ 160200] loss=17.8006  ema_loss=17.7013  gap=0.4500  ema_gap=0.4526  mixup=64/200  4.7 sps  ETA 2.3h  cpc=0.0967
              R²_rand=0.4169  R²_naive=0.4605  U_t=0.7130  U_b=0.7432  AUC=0.9991  Top1=0.9324
  timing: data=4.2ms  fwd=110.3ms  bwd=75.5ms  total=190.6ms
[ 160400] loss=17.7751  ema_loss=17.7303  gap=0.4254  ema_gap=0.4531  mixup=56/200  4.7 sps  ETA 2.3h  cpc=0.0666
              R²_rand=0.4007  R²_naive=0.4479  U_t=0.7054  U_b=0.7596  AUC=0.9985  Top1=0.9205
  timing: data=3.7ms  fwd=110.0ms  bwd=78.0ms  total=192.3ms
[ 160600] loss=17.7366  ema_loss=17.7395  gap=0.4353  ema_gap=0.4508  mixup=63/200  4.7 sps  ETA 2.3h  cpc=0.0555
              R²_rand=0.4056  R²_naive=0.4495  U_t=0.7100  U_b=0.8006  AUC=0.9990  Top1=0.9284
  timing: data=3.5ms  fwd=111.2ms  bwd=77.2ms  total=192.5ms
[ 160800] loss=17.6804  ema_loss=17.6935  gap=0.4621  ema_gap=0.4575  mixup=53/200  4.7 sps  ETA 2.3h  cpc=0.0662
              R²_rand=0.4255  R²_naive=0.4685  U_t=0.7392  U_b=0.7883  AUC=0.9990  Top1=0.9286
  timing: data=23.3ms  fwd=107.7ms  bwd=76.3ms  total=208.0ms
[ 161000] loss=17.9842  ema_loss=17.7102  gap=0.4683  ema_gap=0.4567  mixup=69/200  4.7 sps  ETA 2.3h  cpc=0.1857
              R²_rand=0.4522  R²_naive=0.4740  U_t=0.6945  U_b=0.6990  AUC=0.9993  Top1=0.9398
  timing: data=3.3ms  fwd=110.3ms  bwd=74.3ms  total=188.5ms
[ 161200] loss=17.6335  ema_loss=17.7214  gap=0.4533  ema_gap=0.4592  mixup=63/200  4.7 sps  ETA 2.3h  cpc=0.0521
              R²_rand=0.4325  R²_naive=0.4632  U_t=0.7013  U_b=0.7973  AUC=0.9992  Top1=0.9360
  timing: data=3.2ms  fwd=108.6ms  bwd=73.9ms  total=186.3ms
[ 161400] loss=17.7373  ema_loss=17.7221  gap=0.4584  ema_gap=0.4575  mixup=54/200  4.7 sps  ETA 2.3h  cpc=0.0943
              R²_rand=0.4389  R²_naive=0.4646  U_t=0.6765  U_b=0.8005  AUC=0.9993  Top1=0.9332
  timing: data=19.8ms  fwd=107.6ms  bwd=74.1ms  total=202.1ms
[ 161600] loss=17.7454  ema_loss=17.7278  gap=0.4163  ema_gap=0.4516  mixup=64/200  4.7 sps  ETA 2.3h  cpc=0.0617
              R²_rand=0.3937  R²_naive=0.4451  U_t=0.6911  U_b=0.7946  AUC=0.9989  Top1=0.9107
  timing: data=3.0ms  fwd=107.8ms  bwd=73.9ms  total=185.3ms
[ 161800] loss=17.6672  ema_loss=17.7197  gap=0.4561  ema_gap=0.4529  mixup=56/200  4.7 sps  ETA 2.2h  cpc=0.0591
              R²_rand=0.4288  R²_naive=0.4714  U_t=0.7357  U_b=0.7945  AUC=0.9994  Top1=0.9343
  timing: data=3.1ms  fwd=109.0ms  bwd=74.0ms  total=186.6ms
[ 162000] loss=17.6647  ema_loss=17.7179  gap=0.4464  ema_gap=0.4533  mixup=56/200  4.7 sps  ETA 2.2h  cpc=0.0432
              R²_rand=0.4365  R²_naive=0.4589  U_t=0.7033  U_b=0.8075  AUC=0.9989  Top1=0.9292
  timing: data=88.6ms  fwd=108.3ms  bwd=77.3ms  total=274.8ms
[ 162200] loss=17.7762  ema_loss=17.7412  gap=0.4420  ema_gap=0.4536  mixup=62/200  4.7 sps  ETA 2.2h  cpc=0.0458
              R²_rand=0.4090  R²_naive=0.4590  U_t=0.6919  U_b=0.8123  AUC=0.9989  Top1=0.9281
  timing: data=3.4ms  fwd=111.7ms  bwd=77.5ms  total=193.3ms
[ 162400] loss=17.6545  ema_loss=17.6700  gap=0.4538  ema_gap=0.4571  mixup=52/200  4.7 sps  ETA 2.2h  cpc=0.0572
              R²_rand=0.4369  R²_naive=0.4724  U_t=0.7220  U_b=0.8209  AUC=0.9993  Top1=0.9403
  timing: data=3.2ms  fwd=109.3ms  bwd=76.0ms  total=189.1ms
[ 162600] loss=17.6522  ema_loss=17.6692  gap=0.4565  ema_gap=0.4598  mixup=63/200  4.7 sps  ETA 2.2h  cpc=0.0502
              R²_rand=0.4275  R²_naive=0.4690  U_t=0.7571  U_b=0.7928  AUC=0.9992  Top1=0.9408
  timing: data=22.2ms  fwd=109.0ms  bwd=75.5ms  total=207.2ms
[ 162800] loss=17.6103  ema_loss=17.6959  gap=0.4700  ema_gap=0.4603  mixup=55/200  4.7 sps  ETA 2.2h  cpc=0.0553
              R²_rand=0.4452  R²_naive=0.4750  U_t=0.7271  U_b=0.8077  AUC=0.9992  Top1=0.9433
  timing: data=3.4ms  fwd=108.8ms  bwd=74.3ms  total=187.0ms
[ 163000] loss=17.8459  ema_loss=17.6577  gap=0.4668  ema_gap=0.4635  mixup=55/200  4.7 sps  ETA 2.2h  cpc=0.1167
              R²_rand=0.4329  R²_naive=0.4775  U_t=0.6559  U_b=0.7575  AUC=0.9992  Top1=0.9389
  timing: data=3.2ms  fwd=109.1ms  bwd=73.7ms  total=186.4ms
[ 163200] loss=17.6132  ema_loss=17.6978  gap=0.4420  ema_gap=0.4605  mixup=65/200  4.7 sps  ETA 2.2h  cpc=0.0567
              R²_rand=0.4414  R²_naive=0.4626  U_t=0.7051  U_b=0.8063  AUC=0.9989  Top1=0.9284
  timing: data=54.0ms  fwd=106.7ms  bwd=74.2ms  total=235.5ms
[ 163400] loss=17.5109  ema_loss=17.6858  gap=0.4464  ema_gap=0.4556  mixup=57/200  4.7 sps  ETA 2.1h  cpc=0.0492
              R²_rand=0.4460  R²_naive=0.4643  U_t=0.7094  U_b=0.8101  AUC=0.9991  Top1=0.9327
  timing: data=3.3ms  fwd=109.7ms  bwd=73.8ms  total=187.3ms
[ 163600] loss=17.6337  ema_loss=17.6650  gap=0.4699  ema_gap=0.4617  mixup=67/200  4.7 sps  ETA 2.1h  cpc=0.0755
              R²_rand=0.4455  R²_naive=0.4783  U_t=0.7149  U_b=0.8143  AUC=0.9990  Top1=0.9362
  timing: data=3.1ms  fwd=107.3ms  bwd=73.8ms  total=184.7ms
[ 163800] loss=17.6745  ema_loss=17.7102  gap=0.4466  ema_gap=0.4556  mixup=61/200  4.7 sps  ETA 2.1h  cpc=0.0678
              R²_rand=0.4234  R²_naive=0.4611  U_t=0.7157  U_b=0.8035  AUC=0.9990  Top1=0.9311
  timing: data=72.5ms  fwd=106.5ms  bwd=73.7ms  total=253.3ms
[ 164000] loss=17.6001  ema_loss=17.6912  gap=0.4319  ema_gap=0.4558  mixup=62/200  4.7 sps  ETA 2.1h  cpc=0.0563
              R²_rand=0.4295  R²_naive=0.4593  U_t=0.7323  U_b=0.8136  AUC=0.9987  Top1=0.9191
  timing: data=3.4ms  fwd=109.4ms  bwd=73.6ms  total=187.0ms
[ 164200] loss=17.6761  ema_loss=17.6902  gap=0.4626  ema_gap=0.4565  mixup=60/200  4.7 sps  ETA 2.1h  cpc=0.0569
              R²_rand=0.4366  R²_naive=0.4712  U_t=0.6974  U_b=0.8080  AUC=0.9995  Top1=0.9460
  timing: data=3.2ms  fwd=108.5ms  bwd=73.8ms  total=186.1ms
[ 164400] loss=18.0110  ema_loss=17.7445  gap=0.4345  ema_gap=0.4497  mixup=63/200  4.7 sps  ETA 2.1h  cpc=0.0810
              R²_rand=0.4297  R²_naive=0.4521  U_t=0.6881  U_b=0.7742  AUC=0.9992  Top1=0.9289
  timing: data=29.5ms  fwd=108.1ms  bwd=73.7ms  total=211.8ms
[ 164600] loss=17.4946  ema_loss=17.7302  gap=0.4533  ema_gap=0.4546  mixup=66/200  4.7 sps  ETA 2.1h  cpc=0.0463
              R²_rand=0.4298  R²_naive=0.4695  U_t=0.7361  U_b=0.8157  AUC=0.9992  Top1=0.9259
  timing: data=3.3ms  fwd=108.8ms  bwd=73.7ms  total=186.3ms
[ 164800] loss=18.1921  ema_loss=17.7233  gap=0.4408  ema_gap=0.4537  mixup=61/200  4.7 sps  ETA 2.1h  cpc=0.1748
              R²_rand=0.4240  R²_naive=0.4576  U_t=0.7486  U_b=0.7017  AUC=0.9991  Top1=0.9292
  timing: data=3.3ms  fwd=109.3ms  bwd=73.8ms  total=187.0ms
[ 165000] loss=17.6159  ema_loss=17.7375  gap=0.4620  ema_gap=0.4488  mixup=57/200  4.7 sps  ETA 2.0h  cpc=0.0561
              R²_rand=0.4487  R²_naive=0.4706  U_t=0.7236  U_b=0.8081  AUC=0.9994  Top1=0.9487
  timing: data=24.5ms  fwd=107.3ms  bwd=74.1ms  total=206.4ms
[ 165200] loss=17.5941  ema_loss=17.7803  gap=0.4187  ema_gap=0.4446  mixup=66/200  4.7 sps  ETA 2.0h  cpc=0.0376
              R²_rand=0.4202  R²_naive=0.4455  U_t=0.7293  U_b=0.8101  AUC=0.9984  Top1=0.9121
  timing: data=3.2ms  fwd=108.9ms  bwd=73.6ms  total=186.3ms
[ 165400] loss=17.8711  ema_loss=17.7465  gap=0.4412  ema_gap=0.4442  mixup=56/200  4.7 sps  ETA 2.0h  cpc=0.1017
              R²_rand=0.4368  R²_naive=0.4581  U_t=0.7063  U_b=0.7584  AUC=0.9988  Top1=0.9180
  timing: data=3.3ms  fwd=108.4ms  bwd=73.6ms  total=185.9ms
[ 165600] loss=17.5765  ema_loss=17.6710  gap=0.4463  ema_gap=0.4482  mixup=49/200  4.7 sps  ETA 2.0h  cpc=0.0263
              R²_rand=0.4471  R²_naive=0.4633  U_t=0.7197  U_b=0.8104  AUC=0.9993  Top1=0.9408
  timing: data=3.4ms  fwd=109.2ms  bwd=73.5ms  total=186.7ms
[ 165800] loss=17.6502  ema_loss=17.7021  gap=0.4691  ema_gap=0.4415  mixup=58/200  4.7 sps  ETA 2.0h  cpc=0.0549
              R²_rand=0.4359  R²_naive=0.4713  U_t=0.7149  U_b=0.8258  AUC=0.9992  Top1=0.9362
  timing: data=20.6ms  fwd=108.8ms  bwd=77.0ms  total=206.9ms
[ 166000] loss=17.6897  ema_loss=17.7279  gap=0.4317  ema_gap=0.4402  mixup=60/200  4.7 sps  ETA 2.0h  cpc=0.0547
              R²_rand=0.4382  R²_naive=0.4527  U_t=0.7320  U_b=0.8092  AUC=0.9987  Top1=0.9129
  timing: data=3.3ms  fwd=110.8ms  bwd=77.9ms  total=192.7ms
[ 166200] loss=17.6912  ema_loss=17.7208  gap=0.4417  ema_gap=0.4415  mixup=58/200  4.7 sps  ETA 2.0h  cpc=0.0814
              R²_rand=0.4341  R²_naive=0.4645  U_t=0.7127  U_b=0.7501  AUC=0.9989  Top1=0.9281
  timing: data=3.2ms  fwd=108.1ms  bwd=75.6ms  total=187.5ms
[ 166400] loss=17.5437  ema_loss=17.6905  gap=0.4313  ema_gap=0.4434  mixup=51/200  4.7 sps  ETA 2.0h  cpc=0.0560
              R²_rand=0.4363  R²_naive=0.4576  U_t=0.6935  U_b=0.8005  AUC=0.9990  Top1=0.9251
  timing: data=26.2ms  fwd=109.3ms  bwd=75.3ms  total=211.3ms
[ 166600] loss=17.4299  ema_loss=17.7127  gap=0.4643  ema_gap=0.4409  mixup=66/200  4.8 sps  ETA 2.0h  cpc=0.0376
              R²_rand=0.4612  R²_naive=0.4746  U_t=0.6915  U_b=0.8251  AUC=0.9995  Top1=0.9533
  timing: data=3.4ms  fwd=108.4ms  bwd=73.7ms  total=186.1ms
[ 166800] loss=17.5900  ema_loss=17.6803  gap=0.4408  ema_gap=0.4453  mixup=58/200  4.8 sps  ETA 1.9h  cpc=0.0330
              R²_rand=0.4186  R²_naive=0.4565  U_t=0.7354  U_b=0.8140  AUC=0.9992  Top1=0.9370
  timing: data=3.5ms  fwd=109.4ms  bwd=73.7ms  total=187.2ms
[ 167000] loss=17.7370  ema_loss=17.7198  gap=0.4629  ema_gap=0.4434  mixup=64/200  4.8 sps  ETA 1.9h  cpc=0.0477
              R²_rand=0.4338  R²_naive=0.4685  U_t=0.7200  U_b=0.8027  AUC=0.9994  Top1=0.9433
  timing: data=24.2ms  fwd=108.1ms  bwd=74.2ms  total=207.0ms
[ 167200] loss=17.5835  ema_loss=17.6673  gap=0.4665  ema_gap=0.4532  mixup=63/200  4.8 sps  ETA 1.9h  cpc=0.0544
              R²_rand=0.4390  R²_naive=0.4745  U_t=0.7375  U_b=0.8060  AUC=0.9991  Top1=0.9395
  timing: data=3.4ms  fwd=109.7ms  bwd=73.7ms  total=187.4ms
[ 167400] loss=17.5438  ema_loss=17.6161  gap=0.4412  ema_gap=0.4553  mixup=51/200  4.8 sps  ETA 1.9h  cpc=0.0633
              R²_rand=0.4369  R²_naive=0.4660  U_t=0.7408  U_b=0.7987  AUC=0.9991  Top1=0.9327
  timing: data=3.4ms  fwd=107.9ms  bwd=73.8ms  total=185.7ms
[ 167600] loss=17.9915  ema_loss=17.6460  gap=0.4491  ema_gap=0.4501  mixup=59/200  4.8 sps  ETA 1.9h  cpc=0.1868
              R²_rand=0.4487  R²_naive=0.4559  U_t=0.6988  U_b=0.6977  AUC=0.9994  Top1=0.9414
  timing: data=19.7ms  fwd=108.6ms  bwd=74.3ms  total=203.1ms
[ 167800] loss=17.7487  ema_loss=17.6751  gap=0.4507  ema_gap=0.4496  mixup=59/200  4.8 sps  ETA 1.9h  cpc=0.0768
              R²_rand=0.4444  R²_naive=0.4637  U_t=0.7103  U_b=0.8088  AUC=0.9992  Top1=0.9297
  timing: data=3.0ms  fwd=107.9ms  bwd=73.8ms  total=185.2ms
[ 168000] loss=17.6765  ema_loss=17.6613  gap=0.4354  ema_gap=0.4467  mixup=64/200  4.8 sps  ETA 1.9h  cpc=0.0549
              R²_rand=0.4370  R²_naive=0.4590  U_t=0.7233  U_b=0.8040  AUC=0.9991  Top1=0.9262
  timing: data=3.2ms  fwd=108.8ms  bwd=73.8ms  total=186.4ms
[ 168200] loss=17.7324  ema_loss=17.6690  gap=0.4629  ema_gap=0.4440  mixup=60/200  4.8 sps  ETA 1.9h  cpc=0.0827
              R²_rand=0.4411  R²_naive=0.4729  U_t=0.7066  U_b=0.8083  AUC=0.9994  Top1=0.9349
  timing: data=20.6ms  fwd=106.8ms  bwd=74.3ms  total=202.3ms
[ 168400] loss=17.6328  ema_loss=17.6459  gap=0.4382  ema_gap=0.4521  mixup=55/200  4.8 sps  ETA 1.8h  cpc=0.0356
              R²_rand=0.4278  R²_naive=0.4614  U_t=0.7245  U_b=0.8057  AUC=0.9991  Top1=0.9313
  timing: data=3.3ms  fwd=110.4ms  bwd=74.6ms  total=188.9ms
[ 168600] loss=17.6137  ema_loss=17.6887  gap=0.4346  ema_gap=0.4500  mixup=64/200  4.8 sps  ETA 1.8h  cpc=0.0361
              R²_rand=0.4332  R²_naive=0.4540  U_t=0.7312  U_b=0.8111  AUC=0.9991  Top1=0.9262
  timing: data=3.3ms  fwd=108.4ms  bwd=73.9ms  total=186.0ms
[ 168800] loss=17.5388  ema_loss=17.7415  gap=0.4475  ema_gap=0.4469  mixup=59/200  4.8 sps  ETA 1.8h  cpc=0.0371
              R²_rand=0.4242  R²_naive=0.4667  U_t=0.7002  U_b=0.8025  AUC=0.9991  Top1=0.9311
  timing: data=19.3ms  fwd=107.8ms  bwd=74.0ms  total=201.7ms
[ 169000] loss=17.5993  ema_loss=17.7016  gap=0.4569  ema_gap=0.4495  mixup=58/200  4.8 sps  ETA 1.8h  cpc=0.0445
              R²_rand=0.4415  R²_naive=0.4741  U_t=0.7016  U_b=0.8068  AUC=0.9992  Top1=0.9406
  timing: data=2.9ms  fwd=107.5ms  bwd=73.9ms  total=184.9ms
[ 169200] loss=17.8187  ema_loss=17.7076  gap=0.4389  ema_gap=0.4445  mixup=64/200  4.8 sps  ETA 1.8h  cpc=0.1380
              R²_rand=0.4171  R²_naive=0.4604  U_t=0.7064  U_b=0.7358  AUC=0.9991  Top1=0.9259
  timing: data=2.9ms  fwd=108.8ms  bwd=73.8ms  total=186.1ms
[ 169400] loss=17.8536  ema_loss=17.7611  gap=0.4287  ema_gap=0.4439  mixup=63/200  4.8 sps  ETA 1.8h  cpc=0.1116
              R²_rand=0.4272  R²_naive=0.4532  U_t=0.7024  U_b=0.7251  AUC=0.9992  Top1=0.9349
  timing: data=20.4ms  fwd=106.9ms  bwd=74.3ms  total=202.1ms
[ 169600] loss=17.5229  ema_loss=17.7413  gap=0.4537  ema_gap=0.4457  mixup=56/200  4.8 sps  ETA 1.8h  cpc=0.0337
              R²_rand=0.4212  R²_naive=0.4690  U_t=0.7301  U_b=0.8193  AUC=0.9993  Top1=0.9354
  timing: data=3.5ms  fwd=110.3ms  bwd=77.0ms  total=191.5ms
[ 169800] loss=17.6864  ema_loss=17.7173  gap=0.4333  ema_gap=0.4459  mixup=56/200  4.8 sps  ETA 1.8h  cpc=0.0686
              R²_rand=0.4295  R²_naive=0.4554  U_t=0.6897  U_b=0.8072  AUC=0.9988  Top1=0.9180
  timing: data=3.0ms  fwd=106.9ms  bwd=73.8ms  total=184.3ms
[ 170000] loss=17.6663  ema_loss=17.6832  gap=0.4550  ema_gap=0.4481  mixup=51/200  4.8 sps  ETA 1.7h  cpc=0.0618
              R²_rand=0.4378  R²_naive=0.4676  U_t=0.7144  U_b=0.8001  AUC=0.9989  Top1=0.9300
  timing: data=21.5ms  fwd=108.3ms  bwd=73.8ms  total=204.2ms
[ 170200] loss=17.8916  ema_loss=17.7441  gap=0.4412  ema_gap=0.4408  mixup=66/200  4.8 sps  ETA 1.7h  cpc=0.0998
              R²_rand=0.4381  R²_naive=0.4516  U_t=0.7010  U_b=0.7894  AUC=0.9992  Top1=0.9216
  timing: data=3.3ms  fwd=108.2ms  bwd=75.2ms  total=187.3ms
[ 170400] loss=17.7634  ema_loss=17.7638  gap=0.4269  ema_gap=0.4477  mixup=74/200  4.8 sps  ETA 1.7h  cpc=0.0559
              R²_rand=0.3932  R²_naive=0.4522  U_t=0.7187  U_b=0.7997  AUC=0.9986  Top1=0.9199
  timing: data=3.3ms  fwd=109.0ms  bwd=73.9ms  total=186.7ms
[ 170600] loss=17.6816  ema_loss=17.7657  gap=0.4307  ema_gap=0.4401  mixup=56/200  4.8 sps  ETA 1.7h  cpc=0.0315
              R²_rand=0.4261  R²_naive=0.4519  U_t=0.7327  U_b=0.8033  AUC=0.9987  Top1=0.9194
  timing: data=3.2ms  fwd=107.2ms  bwd=73.9ms  total=184.8ms
[ 170800] loss=17.8361  ema_loss=17.7489  gap=0.4335  ema_gap=0.4414  mixup=57/200  4.8 sps  ETA 1.7h  cpc=0.0911
              R²_rand=0.4082  R²_naive=0.4520  U_t=0.7480  U_b=0.7746  AUC=0.9988  Top1=0.9199
  timing: data=21.4ms  fwd=109.2ms  bwd=76.0ms  total=207.2ms
[ 171000] loss=17.6448  ema_loss=17.8094  gap=0.4556  ema_gap=0.4401  mixup=76/200  4.8 sps  ETA 1.7h  cpc=0.0600
              R²_rand=0.4320  R²_naive=0.4657  U_t=0.7414  U_b=0.8065  AUC=0.9989  Top1=0.9346
  timing: data=3.0ms  fwd=107.7ms  bwd=74.0ms  total=185.3ms
[ 171200] loss=17.7322  ema_loss=17.7346  gap=0.4203  ema_gap=0.4432  mixup=52/200  4.8 sps  ETA 1.7h  cpc=0.0398
              R²_rand=0.4228  R²_naive=0.4440  U_t=0.7073  U_b=0.7838  AUC=0.9991  Top1=0.9265
  timing: data=3.2ms  fwd=109.4ms  bwd=73.9ms  total=187.1ms
[ 171400] loss=17.8584  ema_loss=17.8085  gap=0.4595  ema_gap=0.4428  mixup=70/200  4.8 sps  ETA 1.7h  cpc=0.0741
              R²_rand=0.4299  R²_naive=0.4668  U_t=0.7106  U_b=0.7475  AUC=0.9989  Top1=0.9360
  timing: data=19.9ms  fwd=106.9ms  bwd=74.6ms  total=201.9ms
[ 171600] loss=17.7123  ema_loss=17.7817  gap=0.4446  ema_gap=0.4448  mixup=61/200  4.8 sps  ETA 1.7h  cpc=0.0505
              R²_rand=0.4349  R²_naive=0.4562  U_t=0.6805  U_b=0.8305  AUC=0.9989  Top1=0.9202
  timing: data=3.3ms  fwd=108.2ms  bwd=74.2ms  total=186.2ms
[ 171800] loss=17.6663  ema_loss=17.8028  gap=0.4550  ema_gap=0.4432  mixup=67/200  4.8 sps  ETA 1.6h  cpc=0.0404
              R²_rand=0.4403  R²_naive=0.4635  U_t=0.7293  U_b=0.8099  AUC=0.9992  Top1=0.9425
  timing: data=3.3ms  fwd=109.0ms  bwd=73.8ms  total=186.6ms
[ 172000] loss=17.6235  ema_loss=17.7666  gap=0.4396  ema_gap=0.4457  mixup=60/200  4.8 sps  ETA 1.6h  cpc=0.0622
              R²_rand=0.4307  R²_naive=0.4599  U_t=0.7234  U_b=0.7782  AUC=0.9993  Top1=0.9360
  timing: data=25.4ms  fwd=108.0ms  bwd=76.3ms  total=210.3ms
[ 172200] loss=17.6776  ema_loss=17.8173  gap=0.4334  ema_gap=0.4355  mixup=80/200  4.8 sps  ETA 1.6h  cpc=0.0336
              R²_rand=0.4183  R²_naive=0.4521  U_t=0.6998  U_b=0.8014  AUC=0.9988  Top1=0.9243
  timing: data=3.6ms  fwd=110.9ms  bwd=76.0ms  total=191.1ms
[ 172400] loss=17.7831  ema_loss=17.7876  gap=0.4297  ema_gap=0.4377  mixup=58/200  4.8 sps  ETA 1.6h  cpc=0.0534
              R²_rand=0.4128  R²_naive=0.4500  U_t=0.7302  U_b=0.7794  AUC=0.9987  Top1=0.9208
  timing: data=3.3ms  fwd=108.4ms  bwd=73.5ms  total=185.8ms
[ 172600] loss=17.6392  ema_loss=17.8232  gap=0.4298  ema_gap=0.4372  mixup=73/200  4.8 sps  ETA 1.6h  cpc=0.0449
              R²_rand=0.4171  R²_naive=0.4497  U_t=0.7253  U_b=0.8067  AUC=0.9988  Top1=0.9096
  timing: data=23.9ms  fwd=108.8ms  bwd=73.6ms  total=206.9ms
[ 172800] loss=17.8601  ema_loss=17.8097  gap=0.4429  ema_gap=0.4403  mixup=57/200  4.8 sps  ETA 1.6h  cpc=0.0860
              R²_rand=0.4240  R²_naive=0.4546  U_t=0.6449  U_b=0.7906  AUC=0.9987  Top1=0.9145
  timing: data=3.5ms  fwd=108.0ms  bwd=73.7ms  total=185.8ms
[ 173000] loss=17.7891  ema_loss=17.8099  gap=0.4176  ema_gap=0.4387  mixup=67/200  4.8 sps  ETA 1.6h  cpc=0.0462
              R²_rand=0.4151  R²_naive=0.4437  U_t=0.7250  U_b=0.7888  AUC=0.9990  Top1=0.9134
  timing: data=3.4ms  fwd=110.0ms  bwd=73.7ms  total=187.7ms
[ 173200] loss=17.6556  ema_loss=17.7400  gap=0.4291  ema_gap=0.4423  mixup=43/200  4.8 sps  ETA 1.6h  cpc=0.0450
              R²_rand=0.4269  R²_naive=0.4518  U_t=0.7204  U_b=0.8008  AUC=0.9989  Top1=0.9286
  timing: data=174.2ms  fwd=107.7ms  bwd=74.8ms  total=357.3ms
[ 173400] loss=17.7747  ema_loss=17.7742  gap=0.4186  ema_gap=0.4395  mixup=58/200  4.8 sps  ETA 1.5h  cpc=0.0427
              R²_rand=0.4230  R²_naive=0.4435  U_t=0.7458  U_b=0.8075  AUC=0.9985  Top1=0.9172
  timing: data=3.5ms  fwd=109.7ms  bwd=74.3ms  total=188.1ms
[ 173600] loss=17.7103  ema_loss=17.7513  gap=0.4406  ema_gap=0.4403  mixup=50/200  4.8 sps  ETA 1.5h  cpc=0.0591
              R²_rand=0.4332  R²_naive=0.4583  U_t=0.7112  U_b=0.7859  AUC=0.9990  Top1=0.9284
  timing: data=3.3ms  fwd=107.0ms  bwd=74.3ms  total=185.1ms
[ 173800] loss=18.0963  ema_loss=17.7704  gap=0.4424  ema_gap=0.4352  mixup=57/200  4.8 sps  ETA 1.5h  cpc=0.1479
              R²_rand=0.4121  R²_naive=0.4579  U_t=0.7605  U_b=0.7006  AUC=0.9995  Top1=0.9455
  timing: data=22.2ms  fwd=108.0ms  bwd=74.1ms  total=204.8ms
[ 174000] loss=17.7883  ema_loss=17.7864  gap=0.4428  ema_gap=0.4353  mixup=59/200  4.8 sps  ETA 1.5h  cpc=0.0459
              R²_rand=0.4316  R²_naive=0.4587  U_t=0.7484  U_b=0.7952  AUC=0.9993  Top1=0.9379
  timing: data=3.1ms  fwd=108.9ms  bwd=74.3ms  total=187.0ms
[ 174200] loss=17.7197  ema_loss=17.8105  gap=0.4246  ema_gap=0.4312  mixup=62/200  4.8 sps  ETA 1.5h  cpc=0.0387
              R²_rand=0.3979  R²_naive=0.4473  U_t=0.7218  U_b=0.8011  AUC=0.9991  Top1=0.9335
  timing: data=3.0ms  fwd=108.7ms  bwd=74.1ms  total=186.3ms
[ 174400] loss=17.8950  ema_loss=17.7912  gap=0.4088  ema_gap=0.4335  mixup=50/200  4.8 sps  ETA 1.5h  cpc=0.0566
              R²_rand=0.4156  R²_naive=0.4372  U_t=0.7326  U_b=0.7789  AUC=0.9989  Top1=0.9159
  timing: data=20.3ms  fwd=107.0ms  bwd=74.0ms  total=201.9ms
[ 174600] loss=17.9079  ema_loss=17.8109  gap=0.4354  ema_gap=0.4333  mixup=57/200  4.8 sps  ETA 1.5h  cpc=0.0883
              R²_rand=0.4046  R²_naive=0.4522  U_t=0.7145  U_b=0.7318  AUC=0.9991  Top1=0.9297
  timing: data=3.3ms  fwd=110.2ms  bwd=75.8ms  total=189.9ms
[ 174800] loss=18.0742  ema_loss=17.8315  gap=0.4340  ema_gap=0.4299  mixup=69/200  4.8 sps  ETA 1.5h  cpc=0.1150
              R²_rand=0.3869  R²_naive=0.4453  U_t=0.7408  U_b=0.7140  AUC=0.9988  Top1=0.9362
  timing: data=3.4ms  fwd=108.9ms  bwd=74.9ms  total=187.8ms
[ 175000] loss=17.9065  ema_loss=17.8398  gap=0.4357  ema_gap=0.4286  mixup=64/200  4.8 sps  ETA 1.5h  cpc=0.0966
              R²_rand=0.4354  R²_naive=0.4570  U_t=0.7421  U_b=0.7444  AUC=0.9991  Top1=0.9319
  timing: data=20.3ms  fwd=108.6ms  bwd=73.8ms  total=203.2ms
  -> Saved /home/jupyter/wt-cf-379-train/experiments/2026-07-21_split_pred_rep_small/runs/bb_small_arm1_nse_split_pred_rep_enc3l3_b64_200k_sigreg_ema_qk_aon_cpc_tau090_r3_175k.pth
[ 175200] loss=17.9877  ema_loss=17.9092  gap=0.4215  ema_gap=0.4259  mixup=57/200  4.8 sps  ETA 1.4h  cpc=0.0744
              R²_rand=0.4181  R²_naive=0.4427  U_t=0.7145  U_b=0.7563  AUC=0.9988  Top1=0.9213
  timing: data=3.1ms  fwd=108.4ms  bwd=74.1ms  total=186.1ms
[ 175400] loss=18.2532  ema_loss=17.9085  gap=0.4386  ema_gap=0.4268  mixup=65/200  4.8 sps  ETA 1.4h  cpc=0.1573
              R²_rand=0.4360  R²_naive=0.4518  U_t=0.7535  U_b=0.7042  AUC=0.9994  Top1=0.9395
  timing: data=3.1ms  fwd=108.5ms  bwd=74.3ms  total=186.5ms
[ 175600] loss=18.1399  ema_loss=17.8539  gap=0.4283  ema_gap=0.4302  mixup=55/200  4.8 sps  ETA 1.4h  cpc=0.1786
              R²_rand=0.4169  R²_naive=0.4499  U_t=0.6816  U_b=0.7055  AUC=0.9990  Top1=0.9265
  timing: data=3.1ms  fwd=108.0ms  bwd=73.8ms  total=185.4ms
[ 175800] loss=17.8515  ema_loss=17.9416  gap=0.3956  ema_gap=0.4192  mixup=66/200  4.8 sps  ETA 1.4h  cpc=0.0532
              R²_rand=0.4059  R²_naive=0.4313  U_t=0.7081  U_b=0.7869  AUC=0.9987  Top1=0.9058
  timing: data=20.1ms  fwd=108.0ms  bwd=73.8ms  total=202.4ms
[ 176000] loss=17.8771  ema_loss=17.9130  gap=0.4300  ema_gap=0.4216  mixup=62/200  4.8 sps  ETA 1.4h  cpc=0.0746
              R²_rand=0.4250  R²_naive=0.4458  U_t=0.6992  U_b=0.7958  AUC=0.9989  Top1=0.9107
  timing: data=3.2ms  fwd=108.1ms  bwd=73.6ms  total=185.5ms
[ 176200] loss=17.9528  ema_loss=17.8987  gap=0.4171  ema_gap=0.4208  mixup=57/200  4.8 sps  ETA 1.4h  cpc=0.0597
              R²_rand=0.3921  R²_naive=0.4338  U_t=0.6906  U_b=0.7842  AUC=0.9987  Top1=0.9142
  timing: data=3.3ms  fwd=109.7ms  bwd=73.8ms  total=187.3ms
[ 176400] loss=17.8276  ema_loss=17.8849  gap=0.4002  ema_gap=0.4206  mixup=63/200  4.8 sps  ETA 1.4h  cpc=0.0381
              R²_rand=0.3948  R²_naive=0.4294  U_t=0.7256  U_b=0.8041  AUC=0.9982  Top1=0.9004
  timing: data=106.0ms  fwd=109.3ms  bwd=76.0ms  total=291.9ms
[ 176600] loss=17.9223  ema_loss=17.8881  gap=0.4515  ema_gap=0.4222  mixup=63/200  4.8 sps  ETA 1.4h  cpc=0.1205
              R²_rand=0.4268  R²_naive=0.4628  U_t=0.7065  U_b=0.7125  AUC=0.9990  Top1=0.9262
  timing: data=3.3ms  fwd=109.4ms  bwd=74.9ms  total=188.2ms
[ 176800] loss=17.9235  ema_loss=17.8798  gap=0.4031  ema_gap=0.4211  mixup=52/200  4.8 sps  ETA 1.3h  cpc=0.0708
              R²_rand=0.3958  R²_naive=0.4266  U_t=0.6904  U_b=0.7927  AUC=0.9987  Top1=0.9088
  timing: data=3.0ms  fwd=107.7ms  bwd=73.7ms  total=185.0ms
[ 177000] loss=18.0606  ema_loss=17.8646  gap=0.4411  ema_gap=0.4278  mixup=58/200  4.8 sps  ETA 1.3h  cpc=0.1306
              R²_rand=0.4295  R²_naive=0.4536  U_t=0.7294  U_b=0.7192  AUC=0.9992  Top1=0.9330
  timing: data=20.3ms  fwd=109.3ms  bwd=75.9ms  total=206.0ms
[ 177200] loss=17.6810  ema_loss=17.8753  gap=0.4269  ema_gap=0.4265  mixup=64/200  4.8 sps  ETA 1.3h  cpc=0.0397
              R²_rand=0.3978  R²_naive=0.4435  U_t=0.6993  U_b=0.7931  AUC=0.9992  Top1=0.9297
  timing: data=3.7ms  fwd=109.3ms  bwd=75.6ms  total=189.3ms
[ 177400] loss=17.7608  ema_loss=17.8735  gap=0.4039  ema_gap=0.4233  mixup=58/200  4.8 sps  ETA 1.3h  cpc=0.0567
              R²_rand=0.3950  R²_naive=0.4324  U_t=0.6846  U_b=0.7813  AUC=0.9986  Top1=0.9113
  timing: data=3.1ms  fwd=109.8ms  bwd=74.6ms  total=188.1ms
[ 177600] loss=17.9944  ema_loss=17.9085  gap=0.4280  ema_gap=0.4224  mixup=61/200  4.8 sps  ETA 1.3h  cpc=0.0539
              R²_rand=0.4175  R²_naive=0.4429  U_t=0.7324  U_b=0.7686  AUC=0.9994  Top1=0.9349
  timing: data=20.6ms  fwd=107.8ms  bwd=74.7ms  total=203.7ms
[ 177800] loss=17.7609  ema_loss=17.8556  gap=0.4296  ema_gap=0.4259  mixup=53/200  4.8 sps  ETA 1.3h  cpc=0.0278
              R²_rand=0.4278  R²_naive=0.4451  U_t=0.7382  U_b=0.7955  AUC=0.9992  Top1=0.9360
  timing: data=3.2ms  fwd=109.6ms  bwd=77.0ms  total=190.5ms
[ 178000] loss=17.7615  ema_loss=17.9016  gap=0.4227  ema_gap=0.4231  mixup=56/200  4.8 sps  ETA 1.3h  cpc=0.0422
              R²_rand=0.4288  R²_naive=0.4396  U_t=0.6999  U_b=0.7811  AUC=0.9992  Top1=0.9408
  timing: data=3.2ms  fwd=108.2ms  bwd=74.8ms  total=186.7ms
[ 178200] loss=17.9368  ema_loss=17.9458  gap=0.4073  ema_gap=0.4192  mixup=73/200  4.8 sps  ETA 1.3h  cpc=0.0609
              R²_rand=0.4169  R²_naive=0.4336  U_t=0.6957  U_b=0.7782  AUC=0.9986  Top1=0.9126
  timing: data=24.8ms  fwd=108.4ms  bwd=73.8ms  total=207.6ms
[ 178400] loss=17.9649  ema_loss=17.8740  gap=0.4079  ema_gap=0.4239  mixup=50/200  4.8 sps  ETA 1.3h  cpc=0.0430
              R²_rand=0.4059  R²_naive=0.4331  U_t=0.7225  U_b=0.7866  AUC=0.9987  Top1=0.9091
  timing: data=3.3ms  fwd=109.5ms  bwd=75.5ms  total=188.9ms
[ 178600] loss=17.7949  ema_loss=17.8742  gap=0.4262  ema_gap=0.4236  mixup=55/200  4.8 sps  ETA 1.2h  cpc=0.0404
              R²_rand=0.4265  R²_naive=0.4442  U_t=0.6935  U_b=0.8002  AUC=0.9989  Top1=0.9235
  timing: data=3.2ms  fwd=110.1ms  bwd=77.0ms  total=190.9ms
[ 178800] loss=17.7095  ema_loss=17.9057  gap=0.4147  ema_gap=0.4230  mixup=60/200  4.8 sps  ETA 1.2h  cpc=0.0329
              R²_rand=0.4323  R²_naive=0.4454  U_t=0.6948  U_b=0.7977  AUC=0.9987  Top1=0.9183
  timing: data=20.2ms  fwd=108.3ms  bwd=76.9ms  total=206.1ms
[ 179000] loss=17.8676  ema_loss=17.9253  gap=0.4272  ema_gap=0.4190  mixup=53/200  4.8 sps  ETA 1.2h  cpc=0.0359
              R²_rand=0.4106  R²_naive=0.4426  U_t=0.7207  U_b=0.8029  AUC=0.9988  Top1=0.9308
  timing: data=3.4ms  fwd=108.2ms  bwd=75.3ms  total=187.5ms
[ 179200] loss=17.7915  ema_loss=17.9733  gap=0.4383  ema_gap=0.4252  mixup=58/200  4.8 sps  ETA 1.2h  cpc=0.0465
              R²_rand=0.4215  R²_naive=0.4498  U_t=0.7394  U_b=0.7946  AUC=0.9993  Top1=0.9373
  timing: data=2.8ms  fwd=108.6ms  bwd=73.7ms  total=185.7ms
[ 179400] loss=18.0254  ema_loss=17.9431  gap=0.4154  ema_gap=0.4205  mixup=58/200  4.8 sps  ETA 1.2h  cpc=0.0770
              R²_rand=0.4002  R²_naive=0.4343  U_t=0.6833  U_b=0.7665  AUC=0.9986  Top1=0.9026
  timing: data=19.7ms  fwd=106.9ms  bwd=73.7ms  total=200.9ms
[ 179600] loss=17.8462  ema_loss=17.9162  gap=0.4028  ema_gap=0.4228  mixup=61/200  4.8 sps  ETA 1.2h  cpc=0.0590
              R²_rand=0.3966  R²_naive=0.4321  U_t=0.7145  U_b=0.7795  AUC=0.9987  Top1=0.9118
  timing: data=3.0ms  fwd=109.1ms  bwd=74.1ms  total=186.7ms
[ 179800] loss=17.8017  ema_loss=17.8980  gap=0.4188  ema_gap=0.4210  mixup=66/200  4.8 sps  ETA 1.2h  cpc=0.0440
              R²_rand=0.4251  R²_naive=0.4407  U_t=0.6609  U_b=0.7939  AUC=0.9990  Top1=0.9218
  timing: data=3.2ms  fwd=107.8ms  bwd=73.7ms  total=185.2ms
[ 180000] loss=17.8180  ema_loss=17.8965  gap=0.4145  ema_gap=0.4216  mixup=51/200  4.8 sps  ETA 1.2h  cpc=0.0374
              R²_rand=0.4124  R²_naive=0.4407  U_t=0.7132  U_b=0.7938  AUC=0.9989  Top1=0.9170
  timing: data=29.0ms  fwd=108.2ms  bwd=73.8ms  total=211.6ms
[ 180200] loss=18.0169  ema_loss=17.9063  gap=0.4234  ema_gap=0.4180  mixup=58/200  4.8 sps  ETA 1.1h  cpc=0.1399
              R²_rand=0.4232  R²_naive=0.4487  U_t=0.6988  U_b=0.7062  AUC=0.9989  Top1=0.9213
  timing: data=3.2ms  fwd=108.3ms  bwd=73.6ms  total=185.7ms
[ 180400] loss=17.8148  ema_loss=17.9065  gap=0.4393  ema_gap=0.4208  mixup=63/200  4.8 sps  ETA 1.1h  cpc=0.0536
              R²_rand=0.4255  R²_naive=0.4491  U_t=0.7119  U_b=0.7829  AUC=0.9993  Top1=0.9373
  timing: data=3.4ms  fwd=109.3ms  bwd=73.7ms  total=186.9ms
[ 180600] loss=17.8976  ema_loss=17.8766  gap=0.4263  ema_gap=0.4225  mixup=55/200  4.8 sps  ETA 1.1h  cpc=0.0457
              R²_rand=0.4214  R²_naive=0.4426  U_t=0.7316  U_b=0.7776  AUC=0.9992  Top1=0.9305
  timing: data=3.2ms  fwd=107.9ms  bwd=73.6ms  total=185.3ms
[ 180800] loss=17.7389  ema_loss=17.8755  gap=0.4146  ema_gap=0.4203  mixup=57/200  4.8 sps  ETA 1.1h  cpc=0.0612
              R²_rand=0.4260  R²_naive=0.4433  U_t=0.6942  U_b=0.7796  AUC=0.9986  Top1=0.9061
  timing: data=21.7ms  fwd=108.7ms  bwd=74.1ms  total=205.1ms
[ 181000] loss=17.8399  ema_loss=17.8611  gap=0.4132  ema_gap=0.4236  mixup=54/200  4.8 sps  ETA 1.1h  cpc=0.0811
              R²_rand=0.4295  R²_naive=0.4408  U_t=0.6750  U_b=0.7849  AUC=0.9987  Top1=0.9083
  timing: data=3.2ms  fwd=108.1ms  bwd=73.9ms  total=185.8ms
[ 181200] loss=17.7772  ema_loss=17.8463  gap=0.4160  ema_gap=0.4261  mixup=49/200  4.8 sps  ETA 1.1h  cpc=0.0410
              R²_rand=0.4150  R²_naive=0.4377  U_t=0.7070  U_b=0.8108  AUC=0.9990  Top1=0.9240
  timing: data=3.4ms  fwd=109.7ms  bwd=74.4ms  total=188.0ms
[ 181400] loss=17.8668  ema_loss=17.9200  gap=0.4170  ema_gap=0.4215  mixup=73/200  4.8 sps  ETA 1.1h  cpc=0.0539
              R²_rand=0.4177  R²_naive=0.4406  U_t=0.7046  U_b=0.7956  AUC=0.9989  Top1=0.9145
  timing: data=21.8ms  fwd=107.2ms  bwd=73.9ms  total=203.4ms
[ 181600] loss=18.0483  ema_loss=17.9233  gap=0.4217  ema_gap=0.4247  mixup=68/200  4.8 sps  ETA 1.1h  cpc=0.1140
              R²_rand=0.4161  R²_naive=0.4432  U_t=0.7395  U_b=0.7142  AUC=0.9990  Top1=0.9210
  timing: data=3.4ms  fwd=109.7ms  bwd=73.9ms  total=187.5ms
[ 181800] loss=17.7519  ema_loss=17.9582  gap=0.4174  ema_gap=0.4199  mixup=69/200  4.8 sps  ETA 1.1h  cpc=0.0311
              R²_rand=0.4152  R²_naive=0.4417  U_t=0.7262  U_b=0.8013  AUC=0.9987  Top1=0.9191
  timing: data=3.2ms  fwd=108.4ms  bwd=74.0ms  total=186.2ms
[ 182000] loss=17.8246  ema_loss=17.9061  gap=0.4340  ema_gap=0.4255  mixup=61/200  4.8 sps  ETA 1.0h  cpc=0.0433
              R²_rand=0.4264  R²_naive=0.4465  U_t=0.6967  U_b=0.7994  AUC=0.9991  Top1=0.9379
  timing: data=21.1ms  fwd=108.1ms  bwd=74.2ms  total=204.1ms
[ 182200] loss=18.1170  ema_loss=17.8915  gap=0.4238  ema_gap=0.4316  mixup=54/200  4.8 sps  ETA 1.0h  cpc=0.1760
              R²_rand=0.4161  R²_naive=0.4439  U_t=0.7013  U_b=0.6933  AUC=0.9990  Top1=0.9189
  timing: data=2.9ms  fwd=107.6ms  bwd=73.9ms  total=185.0ms
[ 182400] loss=18.3573  ema_loss=17.9395  gap=0.4295  ema_gap=0.4251  mixup=68/200  4.8 sps  ETA 1.0h  cpc=0.2239
              R²_rand=0.4113  R²_naive=0.4438  U_t=0.7417  U_b=0.6470  AUC=0.9989  Top1=0.9210
  timing: data=3.1ms  fwd=108.7ms  bwd=73.8ms  total=186.1ms
[ 182600] loss=18.2180  ema_loss=17.8875  gap=0.4222  ema_gap=0.4295  mixup=53/200  4.8 sps  ETA 1.0h  cpc=0.1403
              R²_rand=0.4051  R²_naive=0.4420  U_t=0.7320  U_b=0.6962  AUC=0.9988  Top1=0.9265
  timing: data=19.3ms  fwd=106.8ms  bwd=74.1ms  total=200.8ms
[ 182800] loss=17.8614  ema_loss=17.8951  gap=0.4293  ema_gap=0.4263  mixup=66/200  4.8 sps  ETA 1.0h  cpc=0.0573
              R²_rand=0.4342  R²_naive=0.4435  U_t=0.6994  U_b=0.8113  AUC=0.9994  Top1=0.9338
  timing: data=3.4ms  fwd=110.2ms  bwd=75.6ms  total=189.7ms
[ 183000] loss=18.0717  ema_loss=17.8822  gap=0.4104  ema_gap=0.4258  mixup=54/200  4.8 sps  ETA 1.0h  cpc=0.1201
              R²_rand=0.3984  R²_naive=0.4363  U_t=0.7017  U_b=0.7098  AUC=0.9986  Top1=0.9066
  timing: data=3.5ms  fwd=108.7ms  bwd=74.5ms  total=187.2ms
[ 183200] loss=18.2536  ema_loss=17.8754  gap=0.4176  ema_gap=0.4249  mixup=45/200  4.8 sps  ETA 1.0h  cpc=0.2117
              R²_rand=0.4030  R²_naive=0.4408  U_t=0.7339  U_b=0.6781  AUC=0.9989  Top1=0.9148
  timing: data=19.5ms  fwd=107.5ms  bwd=73.9ms  total=201.5ms
[ 183400] loss=18.1150  ema_loss=17.9337  gap=0.4276  ema_gap=0.4225  mixup=64/200  4.8 sps  ETA 1.0h  cpc=0.1065
              R²_rand=0.4220  R²_naive=0.4425  U_t=0.7253  U_b=0.7165  AUC=0.9994  Top1=0.9389
  timing: data=3.3ms  fwd=107.6ms  bwd=73.7ms  total=185.0ms
[ 183600] loss=17.8979  ema_loss=17.9343  gap=0.4407  ema_gap=0.4263  mixup=61/200  4.8 sps  ETA 0.9h  cpc=0.0569
              R²_rand=0.4252  R²_naive=0.4548  U_t=0.7231  U_b=0.7558  AUC=0.9992  Top1=0.9262
  timing: data=3.2ms  fwd=109.4ms  bwd=73.8ms  total=186.8ms
[ 183800] loss=18.0724  ema_loss=17.9322  gap=0.4231  ema_gap=0.4279  mixup=63/200  4.8 sps  ETA 0.9h  cpc=0.1011
              R²_rand=0.4137  R²_naive=0.4432  U_t=0.6992  U_b=0.7571  AUC=0.9985  Top1=0.9075
  timing: data=25.7ms  fwd=107.8ms  bwd=73.9ms  total=207.9ms
[ 184000] loss=17.7909  ema_loss=17.9009  gap=0.4331  ema_gap=0.4285  mixup=56/200  4.8 sps  ETA 0.9h  cpc=0.0499
              R²_rand=0.4180  R²_naive=0.4515  U_t=0.7042  U_b=0.7896  AUC=0.9988  Top1=0.9129
  timing: data=3.3ms  fwd=109.5ms  bwd=74.6ms  total=188.0ms
[ 184200] loss=17.9091  ema_loss=17.9409  gap=0.4353  ema_gap=0.4272  mixup=53/200  4.8 sps  ETA 0.9h  cpc=0.0782
              R²_rand=0.4247  R²_naive=0.4543  U_t=0.7050  U_b=0.7632  AUC=0.9990  Top1=0.9243
  timing: data=3.4ms  fwd=109.0ms  bwd=76.2ms  total=189.3ms
[ 184400] loss=17.9358  ema_loss=17.9436  gap=0.4315  ema_gap=0.4278  mixup=54/200  4.8 sps  ETA 0.9h  cpc=0.0291
              R²_rand=0.4165  R²_naive=0.4481  U_t=0.7364  U_b=0.7935  AUC=0.9990  Top1=0.9316
  timing: data=27.2ms  fwd=109.5ms  bwd=77.3ms  total=214.5ms
[ 184600] loss=17.8324  ema_loss=17.9357  gap=0.4240  ema_gap=0.4283  mixup=60/200  4.8 sps  ETA 0.9h  cpc=0.0474
              R²_rand=0.4262  R²_naive=0.4425  U_t=0.7299  U_b=0.7862  AUC=0.9991  Top1=0.9213
  timing: data=3.3ms  fwd=109.2ms  bwd=74.8ms  total=187.9ms
[ 184800] loss=17.9879  ema_loss=17.8833  gap=0.4381  ema_gap=0.4352  mixup=54/200  4.8 sps  ETA 0.9h  cpc=0.1237
              R²_rand=0.4248  R²_naive=0.4513  U_t=0.7037  U_b=0.7454  AUC=0.9992  Top1=0.9349
  timing: data=3.2ms  fwd=109.0ms  bwd=73.8ms  total=186.6ms
[ 185000] loss=17.9822  ema_loss=17.8885  gap=0.4472  ema_gap=0.4308  mixup=55/200  4.8 sps  ETA 0.9h  cpc=0.0409
              R²_rand=0.4245  R²_naive=0.4461  U_t=0.7338  U_b=0.7780  AUC=0.9994  Top1=0.9430
  timing: data=19.5ms  fwd=107.1ms  bwd=73.8ms  total=200.9ms
[ 185200] loss=17.8589  ema_loss=17.8522  gap=0.4504  ema_gap=0.4365  mixup=54/200  4.8 sps  ETA 0.9h  cpc=0.0346
              R²_rand=0.4353  R²_naive=0.4570  U_t=0.6866  U_b=0.7985  AUC=0.9993  Top1=0.9379
  timing: data=2.9ms  fwd=109.3ms  bwd=74.4ms  total=187.2ms
[ 185400] loss=17.8610  ema_loss=17.8805  gap=0.4440  ema_gap=0.4349  mixup=54/200  4.8 sps  ETA 0.8h  cpc=0.0547
              R²_rand=0.4314  R²_naive=0.4551  U_t=0.7149  U_b=0.7757  AUC=0.9992  Top1=0.9322
  timing: data=3.7ms  fwd=109.0ms  bwd=75.4ms  total=188.6ms
[ 185600] loss=17.9699  ema_loss=17.8597  gap=0.4476  ema_gap=0.4404  mixup=59/200  4.8 sps  ETA 0.8h  cpc=0.0590
              R²_rand=0.4104  R²_naive=0.4522  U_t=0.7373  U_b=0.7849  AUC=0.9991  Top1=0.9389
  timing: data=3.3ms  fwd=108.4ms  bwd=74.5ms  total=186.8ms
[ 185800] loss=17.7458  ema_loss=17.8405  gap=0.4446  ema_gap=0.4413  mixup=52/200  4.8 sps  ETA 0.8h  cpc=0.0265
              R²_rand=0.4153  R²_naive=0.4525  U_t=0.7310  U_b=0.8142  AUC=0.9991  Top1=0.9292
  timing: data=20.1ms  fwd=108.1ms  bwd=73.8ms  total=202.6ms
[ 186000] loss=17.9779  ema_loss=17.8634  gap=0.4131  ema_gap=0.4364  mixup=55/200  4.8 sps  ETA 0.8h  cpc=0.1288
              R²_rand=0.4156  R²_naive=0.4446  U_t=0.7161  U_b=0.7439  AUC=0.9983  Top1=0.8980
  timing: data=3.3ms  fwd=109.4ms  bwd=73.8ms  total=187.0ms
[ 186200] loss=17.7504  ema_loss=17.8458  gap=0.4509  ema_gap=0.4381  mixup=53/200  4.8 sps  ETA 0.8h  cpc=0.0394
              R²_rand=0.4292  R²_naive=0.4614  U_t=0.7340  U_b=0.8036  AUC=0.9989  Top1=0.9232
  timing: data=3.1ms  fwd=108.1ms  bwd=73.9ms  total=185.6ms
[ 186400] loss=18.1400  ema_loss=17.9017  gap=0.4036  ema_gap=0.4338  mixup=59/200  4.8 sps  ETA 0.8h  cpc=0.1168
              R²_rand=0.4151  R²_naive=0.4275  U_t=0.7025  U_b=0.7142  AUC=0.9988  Top1=0.9064
  timing: data=19.6ms  fwd=108.0ms  bwd=74.2ms  total=202.4ms
[ 186600] loss=17.9006  ema_loss=17.8762  gap=0.4137  ema_gap=0.4334  mixup=57/200  4.8 sps  ETA 0.8h  cpc=0.0757
              R²_rand=0.3877  R²_naive=0.4390  U_t=0.7303  U_b=0.7574  AUC=0.9981  Top1=0.8814
  timing: data=3.2ms  fwd=109.2ms  bwd=73.9ms  total=186.9ms
[ 186800] loss=17.6296  ema_loss=17.8401  gap=0.4380  ema_gap=0.4355  mixup=55/200  4.8 sps  ETA 0.8h  cpc=0.0316
              R²_rand=0.4225  R²_naive=0.4559  U_t=0.7118  U_b=0.7946  AUC=0.9989  Top1=0.9229
  timing: data=3.4ms  fwd=109.9ms  bwd=73.8ms  total=187.7ms
[ 187000] loss=17.7880  ema_loss=17.8802  gap=0.4351  ema_gap=0.4309  mixup=64/200  4.8 sps  ETA 0.7h  cpc=0.0355
              R²_rand=0.4147  R²_naive=0.4504  U_t=0.7433  U_b=0.7895  AUC=0.9990  Top1=0.9327
  timing: data=18.8ms  fwd=107.0ms  bwd=74.5ms  total=200.9ms
[ 187200] loss=17.7712  ema_loss=17.8860  gap=0.4194  ema_gap=0.4293  mixup=63/200  4.8 sps  ETA 0.7h  cpc=0.0338
              R²_rand=0.4048  R²_naive=0.4454  U_t=0.7087  U_b=0.7886  AUC=0.9990  Top1=0.9262
  timing: data=3.2ms  fwd=109.1ms  bwd=73.7ms  total=186.6ms
[ 187400] loss=17.7413  ema_loss=17.8557  gap=0.4338  ema_gap=0.4313  mixup=58/200  4.8 sps  ETA 0.7h  cpc=0.0239
              R²_rand=0.4224  R²_naive=0.4503  U_t=0.7153  U_b=0.7952  AUC=0.9993  Top1=0.9316
  timing: data=3.0ms  fwd=107.5ms  bwd=73.8ms  total=184.9ms
[ 187600] loss=18.0973  ema_loss=17.9097  gap=0.4393  ema_gap=0.4319  mixup=66/200  4.8 sps  ETA 0.7h  cpc=0.1113
              R²_rand=0.4326  R²_naive=0.4530  U_t=0.7128  U_b=0.7143  AUC=0.9991  Top1=0.9381
  timing: data=19.1ms  fwd=107.1ms  bwd=74.7ms  total=201.4ms
[ 187800] loss=17.7509  ema_loss=17.8646  gap=0.4331  ema_gap=0.4339  mixup=57/200  4.8 sps  ETA 0.7h  cpc=0.0423
              R²_rand=0.4251  R²_naive=0.4518  U_t=0.7034  U_b=0.8069  AUC=0.9993  Top1=0.9338
  timing: data=3.2ms  fwd=109.6ms  bwd=74.0ms  total=187.4ms
[ 188000] loss=17.8051  ema_loss=17.8605  gap=0.4149  ema_gap=0.4297  mixup=63/200  4.8 sps  ETA 0.7h  cpc=0.0538
              R²_rand=0.4099  R²_naive=0.4385  U_t=0.7286  U_b=0.7849  AUC=0.9990  Top1=0.9221
  timing: data=3.1ms  fwd=108.0ms  bwd=73.8ms  total=185.5ms
[ 188200] loss=17.7920  ema_loss=17.8545  gap=0.4418  ema_gap=0.4303  mixup=60/200  4.8 sps  ETA 0.7h  cpc=0.0510
              R²_rand=0.4131  R²_naive=0.4500  U_t=0.7206  U_b=0.8083  AUC=0.9992  Top1=0.9316
  timing: data=19.2ms  fwd=108.4ms  bwd=74.0ms  total=202.2ms
[ 188400] loss=17.7076  ema_loss=17.8760  gap=0.4301  ema_gap=0.4297  mixup=66/200  4.8 sps  ETA 0.7h  cpc=0.0326
              R²_rand=0.4120  R²_naive=0.4503  U_t=0.7142  U_b=0.7967  AUC=0.9992  Top1=0.9300
  timing: data=3.2ms  fwd=108.1ms  bwd=74.7ms  total=186.6ms
[ 188600] loss=17.8434  ema_loss=17.9023  gap=0.3985  ema_gap=0.4254  mixup=72/200  4.8 sps  ETA 0.7h  cpc=0.0608
              R²_rand=0.4127  R²_naive=0.4292  U_t=0.7001  U_b=0.7786  AUC=0.9980  Top1=0.8741
  timing: data=3.3ms  fwd=110.4ms  bwd=75.2ms  total=189.5ms
[ 188800] loss=17.8118  ema_loss=17.8699  gap=0.4454  ema_gap=0.4303  mixup=58/200  4.8 sps  ETA 0.6h  cpc=0.0553
              R²_rand=0.4289  R²_naive=0.4567  U_t=0.6979  U_b=0.8001  AUC=0.9994  Top1=0.9419
  timing: data=20.0ms  fwd=107.7ms  bwd=74.0ms  total=202.2ms
[ 189000] loss=17.8186  ema_loss=17.8783  gap=0.4338  ema_gap=0.4373  mixup=65/200  4.8 sps  ETA 0.6h  cpc=0.0534
              R²_rand=0.3918  R²_naive=0.4481  U_t=0.7001  U_b=0.7830  AUC=0.9987  Top1=0.9289
  timing: data=3.1ms  fwd=108.4ms  bwd=74.0ms  total=186.1ms
[ 189200] loss=17.8161  ema_loss=17.9078  gap=0.4367  ema_gap=0.4371  mixup=69/200  4.8 sps  ETA 0.6h  cpc=0.0509
              R²_rand=0.4270  R²_naive=0.4528  U_t=0.6754  U_b=0.8066  AUC=0.9986  Top1=0.9069
  timing: data=3.1ms  fwd=108.1ms  bwd=74.1ms  total=185.8ms
[ 189400] loss=18.0470  ema_loss=17.8804  gap=0.4340  ema_gap=0.4359  mixup=66/200  4.8 sps  ETA 0.6h  cpc=0.1327
              R²_rand=0.4185  R²_naive=0.4482  U_t=0.7347  U_b=0.7249  AUC=0.9988  Top1=0.9224
  timing: data=19.4ms  fwd=108.9ms  bwd=74.7ms  total=203.7ms
[ 189600] loss=17.9326  ema_loss=17.8498  gap=0.4417  ema_gap=0.4356  mixup=61/200  4.8 sps  ETA 0.6h  cpc=0.0903
              R²_rand=0.4113  R²_naive=0.4514  U_t=0.7380  U_b=0.7412  AUC=0.9992  Top1=0.9308
  timing: data=3.4ms  fwd=108.6ms  bwd=75.2ms  total=187.7ms
[ 189800] loss=17.8229  ema_loss=17.8633  gap=0.4290  ema_gap=0.4308  mixup=66/200  4.8 sps  ETA 0.6h  cpc=0.0302
              R²_rand=0.4223  R²_naive=0.4426  U_t=0.7385  U_b=0.7946  AUC=0.9989  Top1=0.9256
  timing: data=3.2ms  fwd=109.3ms  bwd=73.6ms  total=186.7ms
[ 190000] loss=18.2190  ema_loss=17.8316  gap=0.4108  ema_gap=0.4331  mixup=58/200  4.8 sps  ETA 0.6h  cpc=0.2204
              R²_rand=0.4309  R²_naive=0.4475  U_t=0.7075  U_b=0.6682  AUC=0.9984  Top1=0.8999
  timing: data=19.7ms  fwd=107.2ms  bwd=73.5ms  total=201.0ms
[ 190200] loss=17.7259  ema_loss=17.8629  gap=0.4375  ema_gap=0.4312  mixup=59/200  4.8 sps  ETA 0.6h  cpc=0.0354
              R²_rand=0.4257  R²_naive=0.4553  U_t=0.6959  U_b=0.8024  AUC=0.9990  Top1=0.9305
  timing: data=3.2ms  fwd=109.3ms  bwd=73.7ms  total=186.7ms
[ 190400] loss=17.8672  ema_loss=17.8593  gap=0.4264  ema_gap=0.4356  mixup=58/200  4.8 sps  ETA 0.6h  cpc=0.0448
              R²_rand=0.4220  R²_naive=0.4470  U_t=0.7207  U_b=0.7816  AUC=0.9990  Top1=0.9273
  timing: data=2.9ms  fwd=107.2ms  bwd=73.7ms  total=184.4ms
[ 190600] loss=18.2714  ema_loss=17.8786  gap=0.4264  ema_gap=0.4369  mixup=66/200  4.8 sps  ETA 0.5h  cpc=0.2105
              R²_rand=0.4132  R²_naive=0.4343  U_t=0.6718  U_b=0.6707  AUC=0.9989  Top1=0.9197
  timing: data=19.3ms  fwd=107.7ms  bwd=73.6ms  total=201.2ms
[ 190800] loss=17.9740  ema_loss=17.8650  gap=0.4414  ema_gap=0.4362  mixup=64/200  4.8 sps  ETA 0.5h  cpc=0.0754
              R²_rand=0.4184  R²_naive=0.4480  U_t=0.7139  U_b=0.7601  AUC=0.9991  Top1=0.9376
  timing: data=2.7ms  fwd=107.7ms  bwd=73.7ms  total=184.7ms
[ 191000] loss=17.6350  ema_loss=17.8857  gap=0.4517  ema_gap=0.4331  mixup=61/200  4.8 sps  ETA 0.5h  cpc=0.0239
              R²_rand=0.4271  R²_naive=0.4580  U_t=0.7100  U_b=0.8058  AUC=0.9991  Top1=0.9349
  timing: data=3.5ms  fwd=110.3ms  bwd=75.3ms  total=189.7ms
[ 191200] loss=18.0278  ema_loss=17.9145  gap=0.4340  ema_gap=0.4305  mixup=68/200  4.8 sps  ETA 0.5h  cpc=0.1205
              R²_rand=0.3930  R²_naive=0.4473  U_t=0.6953  U_b=0.7492  AUC=0.9990  Top1=0.9178
  timing: data=3.3ms  fwd=108.2ms  bwd=73.9ms  total=186.0ms
[ 191400] loss=17.8441  ema_loss=17.8508  gap=0.4369  ema_gap=0.4321  mixup=49/200  4.8 sps  ETA 0.5h  cpc=0.0612
              R²_rand=0.4190  R²_naive=0.4454  U_t=0.7011  U_b=0.8008  AUC=0.9989  Top1=0.9175
  timing: data=20.0ms  fwd=110.1ms  bwd=77.0ms  total=207.8ms
[ 191600] loss=17.8608  ema_loss=17.8885  gap=0.4462  ema_gap=0.4332  mixup=67/200  4.8 sps  ETA 0.5h  cpc=0.0567
              R²_rand=0.4289  R²_naive=0.4510  U_t=0.7044  U_b=0.7782  AUC=0.9993  Top1=0.9384
  timing: data=3.5ms  fwd=109.8ms  bwd=77.1ms  total=191.0ms
[ 191800] loss=17.8730  ema_loss=17.9071  gap=0.4401  ema_gap=0.4289  mixup=68/200  4.8 sps  ETA 0.5h  cpc=0.0530
              R²_rand=0.4242  R²_naive=0.4469  U_t=0.7143  U_b=0.7819  AUC=0.9990  Top1=0.9351
  timing: data=3.3ms  fwd=110.8ms  bwd=76.8ms  total=191.5ms
[ 192000] loss=17.8064  ema_loss=17.9009  gap=0.4365  ema_gap=0.4259  mixup=65/200  4.8 sps  ETA 0.5h  cpc=0.0404
              R²_rand=0.4267  R²_naive=0.4500  U_t=0.6998  U_b=0.7836  AUC=0.9991  Top1=0.9335
  timing: data=21.0ms  fwd=107.0ms  bwd=74.9ms  total=203.5ms
[ 192200] loss=17.9723  ema_loss=17.8822  gap=0.4725  ema_gap=0.4289  mixup=63/200  4.8 sps  ETA 0.4h  cpc=0.1202
              R²_rand=0.4257  R²_naive=0.4717  U_t=0.6802  U_b=0.7116  AUC=0.9990  Top1=0.9210
  timing: data=3.4ms  fwd=110.2ms  bwd=75.7ms  total=189.9ms
[ 192400] loss=17.7282  ema_loss=17.8386  gap=0.4242  ema_gap=0.4310  mixup=58/200  4.8 sps  ETA 0.4h  cpc=0.0492
              R²_rand=0.4047  R²_naive=0.4409  U_t=0.7061  U_b=0.7851  AUC=0.9989  Top1=0.9159
  timing: data=3.5ms  fwd=109.2ms  bwd=75.3ms  total=188.6ms
[ 192600] loss=17.7277  ema_loss=17.8544  gap=0.4380  ema_gap=0.4269  mixup=64/200  4.8 sps  ETA 0.4h  cpc=0.0396
              R²_rand=0.4222  R²_naive=0.4464  U_t=0.6971  U_b=0.7970  AUC=0.9992  Top1=0.9338
  timing: data=23.6ms  fwd=109.2ms  bwd=77.1ms  total=210.6ms
[ 192800] loss=18.0304  ema_loss=17.8848  gap=0.4091  ema_gap=0.4239  mixup=59/200  4.8 sps  ETA 0.4h  cpc=0.1362
              R²_rand=0.4180  R²_naive=0.4327  U_t=0.7156  U_b=0.7165  AUC=0.9987  Top1=0.9075
  timing: data=3.3ms  fwd=109.1ms  bwd=74.8ms  total=187.7ms
[ 193000] loss=17.8928  ema_loss=17.8619  gap=0.4085  ema_gap=0.4252  mixup=61/200  4.8 sps  ETA 0.4h  cpc=0.0375
              R²_rand=0.4059  R²_naive=0.4328  U_t=0.7252  U_b=0.7820  AUC=0.9990  Top1=0.9121
  timing: data=3.4ms  fwd=109.6ms  bwd=73.8ms  total=187.3ms
[ 193200] loss=18.0369  ema_loss=17.8977  gap=0.4288  ema_gap=0.4237  mixup=68/200  4.8 sps  ETA 0.4h  cpc=0.1279
              R²_rand=0.4076  R²_naive=0.4401  U_t=0.7118  U_b=0.7152  AUC=0.9990  Top1=0.9262
  timing: data=23.9ms  fwd=106.7ms  bwd=74.8ms  total=206.0ms
[ 193400] loss=17.9497  ema_loss=17.8273  gap=0.4415  ema_gap=0.4324  mixup=57/200  4.8 sps  ETA 0.4h  cpc=0.1347
              R²_rand=0.4199  R²_naive=0.4521  U_t=0.7254  U_b=0.7056  AUC=0.9992  Top1=0.9392
  timing: data=3.3ms  fwd=109.9ms  bwd=74.3ms  total=188.1ms
[ 193600] loss=17.9201  ema_loss=17.8411  gap=0.4049  ema_gap=0.4333  mixup=51/200  4.8 sps  ETA 0.4h  cpc=0.0398
              R²_rand=0.4022  R²_naive=0.4246  U_t=0.7030  U_b=0.7676  AUC=0.9989  Top1=0.9251
  timing: data=3.4ms  fwd=108.9ms  bwd=73.9ms  total=186.8ms
[ 193800] loss=17.9874  ema_loss=17.8405  gap=0.4244  ema_gap=0.4331  mixup=57/200  4.8 sps  ETA 0.4h  cpc=0.0790
              R²_rand=0.4321  R²_naive=0.4435  U_t=0.6920  U_b=0.7966  AUC=0.9992  Top1=0.9202
  timing: data=21.0ms  fwd=108.5ms  bwd=74.0ms  total=204.1ms
[ 194000] loss=17.7665  ema_loss=17.8398  gap=0.4268  ema_gap=0.4329  mixup=62/200  4.8 sps  ETA 0.3h  cpc=0.0616
              R²_rand=0.4265  R²_naive=0.4485  U_t=0.6924  U_b=0.7859  AUC=0.9987  Top1=0.9240
  timing: data=3.2ms  fwd=108.1ms  bwd=74.3ms  total=186.2ms
[ 194200] loss=17.7448  ema_loss=17.8258  gap=0.4322  ema_gap=0.4281  mixup=61/200  4.8 sps  ETA 0.3h  cpc=0.0480
              R²_rand=0.4330  R²_naive=0.4476  U_t=0.7438  U_b=0.7986  AUC=0.9992  Top1=0.9381
  timing: data=3.4ms  fwd=110.0ms  bwd=74.3ms  total=188.4ms
[ 194400] loss=17.8468  ema_loss=17.8314  gap=0.4094  ema_gap=0.4268  mixup=43/200  4.8 sps  ETA 0.3h  cpc=0.0531
              R²_rand=0.4068  R²_naive=0.4333  U_t=0.7071  U_b=0.7772  AUC=0.9987  Top1=0.9129
  timing: data=19.4ms  fwd=107.8ms  bwd=74.4ms  total=202.2ms
[ 194600] loss=17.8492  ema_loss=17.8856  gap=0.4247  ema_gap=0.4223  mixup=73/200  4.8 sps  ETA 0.3h  cpc=0.0861
              R²_rand=0.4217  R²_naive=0.4491  U_t=0.6954  U_b=0.7372  AUC=0.9993  Top1=0.9341
  timing: data=3.5ms  fwd=109.9ms  bwd=74.2ms  total=188.1ms
[ 194800] loss=18.2229  ema_loss=17.8931  gap=0.4231  ema_gap=0.4213  mixup=66/200  4.8 sps  ETA 0.3h  cpc=0.2067
              R²_rand=0.4156  R²_naive=0.4465  U_t=0.6997  U_b=0.6807  AUC=0.9992  Top1=0.9322
  timing: data=3.3ms  fwd=108.3ms  bwd=74.2ms  total=186.3ms
[ 195000] loss=17.9070  ema_loss=17.8589  gap=0.4272  ema_gap=0.4197  mixup=63/200  4.8 sps  ETA 0.3h  cpc=0.0917
              R²_rand=0.4259  R²_naive=0.4417  U_t=0.7082  U_b=0.7714  AUC=0.9992  Top1=0.9265
  timing: data=19.5ms  fwd=107.8ms  bwd=74.2ms  total=202.2ms
[ 195200] loss=17.7853  ema_loss=17.8460  gap=0.4307  ema_gap=0.4217  mixup=53/200  4.8 sps  ETA 0.3h  cpc=0.0498
              R²_rand=0.4382  R²_naive=0.4487  U_t=0.7303  U_b=0.7933  AUC=0.9993  Top1=0.9449
  timing: data=3.5ms  fwd=109.5ms  bwd=76.7ms  total=190.3ms
[ 195400] loss=18.0218  ema_loss=17.8905  gap=0.3937  ema_gap=0.4141  mixup=70/200  4.8 sps  ETA 0.3h  cpc=0.1553
              R²_rand=0.4170  R²_naive=0.4294  U_t=0.7161  U_b=0.7085  AUC=0.9987  Top1=0.9118
  timing: data=3.4ms  fwd=110.4ms  bwd=75.2ms  total=189.6ms
[ 195600] loss=17.9357  ema_loss=17.8685  gap=0.4155  ema_gap=0.4142  mixup=51/200  4.8 sps  ETA 0.3h  cpc=0.0557
              R²_rand=0.4209  R²_naive=0.4344  U_t=0.6849  U_b=0.8025  AUC=0.9988  Top1=0.9066
  timing: data=19.3ms  fwd=107.2ms  bwd=74.1ms  total=201.1ms
[ 195800] loss=17.9461  ema_loss=17.8597  gap=0.4152  ema_gap=0.4232  mixup=61/200  4.8 sps  ETA 0.2h  cpc=0.1135
              R²_rand=0.4243  R²_naive=0.4417  U_t=0.7087  U_b=0.7495  AUC=0.9986  Top1=0.9254
  timing: data=3.2ms  fwd=109.4ms  bwd=74.1ms  total=187.3ms
[ 196000] loss=17.7151  ema_loss=17.8944  gap=0.4145  ema_gap=0.4179  mixup=61/200  4.8 sps  ETA 0.2h  cpc=0.0289
              R²_rand=0.4107  R²_naive=0.4471  U_t=0.7267  U_b=0.8096  AUC=0.9990  Top1=0.9191
  timing: data=3.0ms  fwd=108.0ms  bwd=74.0ms  total=185.6ms
[ 196200] loss=18.0651  ema_loss=17.8800  gap=0.4182  ema_gap=0.4191  mixup=74/200  4.8 sps  ETA 0.2h  cpc=0.1111
              R²_rand=0.4052  R²_naive=0.4391  U_t=0.7345  U_b=0.7295  AUC=0.9988  Top1=0.9240
  timing: data=3.2ms  fwd=108.8ms  bwd=73.7ms  total=186.3ms
[ 196400] loss=17.8092  ema_loss=17.9204  gap=0.4231  ema_gap=0.4193  mixup=66/200  4.8 sps  ETA 0.2h  cpc=0.0566
              R²_rand=0.4357  R²_naive=0.4432  U_t=0.6785  U_b=0.8061  AUC=0.9988  Top1=0.9199
  timing: data=61.6ms  fwd=106.8ms  bwd=73.8ms  total=242.7ms
[ 196600] loss=17.8844  ema_loss=17.9027  gap=0.4297  ema_gap=0.4224  mixup=68/200  4.8 sps  ETA 0.2h  cpc=0.0530
              R²_rand=0.4046  R²_naive=0.4481  U_t=0.7377  U_b=0.7806  AUC=0.9988  Top1=0.9175
  timing: data=3.3ms  fwd=108.5ms  bwd=73.9ms  total=186.3ms
[ 196800] loss=17.7061  ema_loss=17.8574  gap=0.4350  ema_gap=0.4250  mixup=55/200  4.8 sps  ETA 0.2h  cpc=0.0592
              R²_rand=0.4312  R²_naive=0.4578  U_t=0.7038  U_b=0.7950  AUC=0.9989  Top1=0.9199
  timing: data=3.3ms  fwd=109.7ms  bwd=73.8ms  total=187.3ms
[ 197000] loss=17.8324  ema_loss=17.8519  gap=0.4315  ema_gap=0.4241  mixup=56/200  4.8 sps  ETA 0.2h  cpc=0.0577
              R²_rand=0.4239  R²_naive=0.4445  U_t=0.6905  U_b=0.7903  AUC=0.9991  Top1=0.9256
  timing: data=20.0ms  fwd=107.5ms  bwd=73.7ms  total=201.7ms
[ 197200] loss=17.9953  ema_loss=17.8337  gap=0.4198  ema_gap=0.4276  mixup=52/200  4.8 sps  ETA 0.2h  cpc=0.1251
              R²_rand=0.4266  R²_naive=0.4418  U_t=0.7408  U_b=0.7160  AUC=0.9990  Top1=0.9254
  timing: data=3.3ms  fwd=110.2ms  bwd=74.0ms  total=188.1ms
[ 197400] loss=17.7121  ema_loss=17.8454  gap=0.4217  ema_gap=0.4252  mixup=61/200  4.8 sps  ETA 0.1h  cpc=0.0559
              R²_rand=0.4267  R²_naive=0.4427  U_t=0.6713  U_b=0.8029  AUC=0.9987  Top1=0.9197
  timing: data=3.3ms  fwd=108.5ms  bwd=73.7ms  total=186.1ms
[ 197600] loss=17.8529  ema_loss=17.8516  gap=0.4423  ema_gap=0.4247  mixup=64/200  4.8 sps  ETA 0.1h  cpc=0.0772
              R²_rand=0.4239  R²_naive=0.4535  U_t=0.6800  U_b=0.7964  AUC=0.9992  Top1=0.9360
  timing: data=22.3ms  fwd=109.2ms  bwd=76.5ms  total=208.6ms
[ 197800] loss=17.6759  ema_loss=17.8321  gap=0.4090  ema_gap=0.4252  mixup=59/200  4.8 sps  ETA 0.1h  cpc=0.0409
              R²_rand=0.4073  R²_naive=0.4393  U_t=0.7205  U_b=0.8016  AUC=0.9987  Top1=0.9156
  timing: data=3.8ms  fwd=108.7ms  bwd=76.0ms  total=189.1ms
[ 198000] loss=17.7985  ema_loss=17.8475  gap=0.4258  ema_gap=0.4228  mixup=49/200  4.8 sps  ETA 0.1h  cpc=0.0429
              R²_rand=0.4150  R²_naive=0.4379  U_t=0.6799  U_b=0.7954  AUC=0.9992  Top1=0.9305
  timing: data=2.9ms  fwd=108.1ms  bwd=73.6ms  total=185.2ms
[ 198200] loss=17.6134  ema_loss=17.8223  gap=0.4224  ema_gap=0.4286  mixup=60/200  4.8 sps  ETA 0.1h  cpc=0.0251
              R²_rand=0.4180  R²_naive=0.4460  U_t=0.7262  U_b=0.7995  AUC=0.9991  Top1=0.9319
  timing: data=21.1ms  fwd=106.7ms  bwd=73.6ms  total=201.9ms
[ 198400] loss=17.8402  ema_loss=17.8759  gap=0.4053  ema_gap=0.4243  mixup=74/200  4.8 sps  ETA 0.1h  cpc=0.0499
              R²_rand=0.4180  R²_naive=0.4362  U_t=0.6423  U_b=0.7991  AUC=0.9979  Top1=0.8904
  timing: data=3.6ms  fwd=109.5ms  bwd=75.8ms  total=189.4ms
[ 198600] loss=17.8421  ema_loss=17.8721  gap=0.4284  ema_gap=0.4227  mixup=69/200  4.8 sps  ETA 0.1h  cpc=0.0573
              R²_rand=0.4052  R²_naive=0.4454  U_t=0.7039  U_b=0.7704  AUC=0.9988  Top1=0.9224
  timing: data=3.4ms  fwd=109.5ms  bwd=77.2ms  total=190.7ms
[ 198800] loss=17.7782  ema_loss=17.8521  gap=0.4125  ema_gap=0.4230  mixup=59/200  4.8 sps  ETA 0.1h  cpc=0.0344
              R²_rand=0.4210  R²_naive=0.4402  U_t=0.7199  U_b=0.7933  AUC=0.9987  Top1=0.9294
  timing: data=21.4ms  fwd=108.9ms  bwd=75.3ms  total=206.2ms
[ 199000] loss=17.7842  ema_loss=17.8384  gap=0.4320  ema_gap=0.4284  mixup=47/200  4.8 sps  ETA 0.1h  cpc=0.0611
              R²_rand=0.4256  R²_naive=0.4484  U_t=0.6862  U_b=0.7992  AUC=0.9986  Top1=0.9066
  timing: data=3.2ms  fwd=107.5ms  bwd=73.9ms  total=185.2ms
[ 199200] loss=17.9158  ema_loss=17.8625  gap=0.4254  ema_gap=0.4261  mixup=62/200  4.8 sps  ETA 0.0h  cpc=0.0638
              R²_rand=0.3988  R²_naive=0.4393  U_t=0.6896  U_b=0.7746  AUC=0.9989  Top1=0.9308
  timing: data=3.3ms  fwd=109.4ms  bwd=73.8ms  total=187.1ms
[ 199400] loss=17.8954  ema_loss=17.8072  gap=0.4202  ema_gap=0.4279  mixup=54/200  4.8 sps  ETA 0.0h  cpc=0.0475
              R²_rand=0.3994  R²_naive=0.4355  U_t=0.7334  U_b=0.7936  AUC=0.9988  Top1=0.9251
  timing: data=11.4ms  fwd=107.5ms  bwd=74.8ms  total=194.3ms
[ 199600] loss=17.6838  ema_loss=17.8081  gap=0.4538  ema_gap=0.4282  mixup=56/200  4.8 sps  ETA 0.0h  cpc=0.0513
              R²_rand=0.4408  R²_naive=0.4597  U_t=0.7032  U_b=0.7874  AUC=0.9993  Top1=0.9414
  timing: data=24.5ms  fwd=109.6ms  bwd=74.7ms  total=209.5ms
[ 199800] loss=17.7247  ema_loss=17.8436  gap=0.4250  ema_gap=0.4212  mixup=58/200  4.8 sps  ETA 0.0h  cpc=0.0453
              R²_rand=0.4080  R²_naive=0.4402  U_t=0.7154  U_b=0.7970  AUC=0.9992  Top1=0.9387
  timing: data=3.6ms  fwd=110.7ms  bwd=75.2ms  total=190.0ms
[ 200000] loss=18.0164  ema_loss=17.8466  gap=0.4070  ema_gap=0.4207  mixup=69/200  4.8 sps  ETA 0.0h  cpc=0.1888
              R²_rand=0.4139  R²_naive=0.4344  U_t=0.6839  U_b=0.7170  AUC=0.9980  Top1=0.8898
  timing: data=3.6ms  fwd=109.3ms  bwd=75.5ms  total=189.0ms
  -> Saved /home/jupyter/wt-cf-379-train/experiments/2026-07-21_split_pred_rep_small/runs/bb_small_arm1_nse_split_pred_rep_enc3l3_b64_200k_sigreg_ema_qk_aon_cpc_tau090_r3_200k.pth
  -> Saved /home/jupyter/wt-cf-379-train/experiments/2026-07-21_split_pred_rep_small/runs/bb_small_arm1_nse_split_pred_rep_enc3l3_b64_200k_sigreg_ema_qk_aon_cpc_tau090_r3_final.pth

Done in 5.7h. Best gap=0.5417 at step 3000, Best loss=17.4156 at step 97200
