===== 2026-09-06 05:56:18 =====
gpu 0, 12668 MiB, 96 %
gpu 1, 10954 MiB, 98 %
k3_r100_09       step 100     auc 0.9877492785453796 rep_w 1.0   score -
k32_r100_09      step 100     auc 0.956764817237854 rep_w 1.0   score -
k32_r200_08      step -       auc -        rep_w -     score -
k3_r100_09_dec   step -       auc -        rep_w -     score -
k32_r100_09_dec  step -       auc -        rep_w -     score -
k8_r100_09       step -       auc -        rep_w -     score -
k3_r100_09b      step -       auc -        rep_w -     score -
lanes 3   trainers 2   heads 0   evals 0
===== 2026-09-06 06:11:19 =====
gpu 0, 12648 MiB, 96 %
gpu 1, 10954 MiB, 96 %
k3_r100_09       step 3000    auc 0.9915463328361511 rep_w 1.0   score -
k32_r100_09      step 1300    auc 0.9712748527526855 rep_w 1.0   score -
k32_r200_08      step -       auc -        rep_w -     score -
k3_r100_09_dec   step -       auc -        rep_w -     score -
k32_r100_09_dec  step -       auc -        rep_w -     score -
k8_r100_09       step -       auc -        rep_w -     score -
k3_r100_09b      step -       auc -        rep_w -     score -
lanes 3   trainers 2   heads 0   evals 0
===== 2026-09-06 06:26:19 =====
gpu 0, 12648 MiB, 89 %
gpu 1, 10954 MiB, 94 %
k3_r100_09       step 4300    auc 0.998271107673645 rep_w 1.0   score -
k32_r100_09      step 1800    auc 0.9720694422721863 rep_w 1.0   score -
k32_r200_08      step -       auc -        rep_w -     score -
k3_r100_09_dec   step -       auc -        rep_w -     score -
k32_r100_09_dec  step -       auc -        rep_w -     score -
k8_r100_09       step -       auc -        rep_w -     score -
k3_r100_09b      step -       auc -        rep_w -     score -
lanes 3   trainers 2   heads 0   evals 0
===== 2026-09-06 06:41:19 =====
gpu 0, 12648 MiB, 97 %
gpu 1, 10954 MiB, 94 %
k3_r100_09       step 4300    auc 0.998271107673645 rep_w 1.0   score -
k32_r100_09      step 2300    auc 0.9664991497993469 rep_w 1.0   score -
k32_r200_08      step -       auc -        rep_w -     score -
k3_r100_09_dec   step -       auc -        rep_w -     score -
k32_r100_09_dec  step -       auc -        rep_w -     score -
k8_r100_09       step -       auc -        rep_w -     score -
k3_r100_09b      step -       auc -        rep_w -     score -
lanes 3   trainers 2   heads 0   evals 0
===== 2026-09-06 06:56:19 =====
gpu 0, 12648 MiB, 89 %
gpu 1, 10954 MiB, 98 %
k3_r100_09       step 6900    auc 0.9989320635795593 rep_w 1.0   score -
k32_r100_09      step 3000    auc 0.9641277194023132 rep_w 1.0   score -
k32_r200_08      step -       auc -        rep_w -     score -
k3_r100_09_dec   step -       auc -        rep_w -     score -
k32_r100_09_dec  step -       auc -        rep_w -     score -
k8_r100_09       step -       auc -        rep_w -     score -
k3_r100_09b      step -       auc -        rep_w -     score -
lanes 3   trainers 2   heads 0   evals 0
===== 2026-09-06 07:11:19 =====
gpu 0, 12648 MiB, 96 %
gpu 1, 10954 MiB, 97 %
k3_r100_09       step 8400    auc 0.9983029365539551 rep_w 1.0   score -
k32_r100_09      step 4300    auc 0.9356627464294434 rep_w 1.0   score -
k32_r200_08      step -       auc -        rep_w -     score -
k3_r100_09_dec   step -       auc -        rep_w -     score -
k32_r100_09_dec  step -       auc -        rep_w -     score -
k8_r100_09       step -       auc -        rep_w -     score -
k3_r100_09b      step -       auc -        rep_w -     score -
lanes 3   trainers 2   heads 0   evals 0
===== 2026-09-06 07:26:19 =====
gpu 0, 12648 MiB, 90 %
gpu 1, 10954 MiB, 97 %
k3_r100_09       step 11200   auc 0.9974559545516968 rep_w 1.0   score -
k32_r100_09      step 5600    auc 0.9055559039115906 rep_w 1.0   score -
k32_r200_08      step -       auc -        rep_w -     score -
k3_r100_09_dec   step -       auc -        rep_w -     score -
k32_r100_09_dec  step -       auc -        rep_w -     score -
k8_r100_09       step -       auc -        rep_w -     score -
k3_r100_09b      step -       auc -        rep_w -     score -
lanes 3   trainers 2   heads 0   evals 0
===== 2026-09-06 07:41:20 =====
gpu 0, 12648 MiB, 96 %
gpu 1, 10954 MiB, 95 %
k3_r100_09       step 14000   auc 0.9973623752593994 rep_w 1.0   score -
k32_r100_09      step 6500    auc 0.903829038143158 rep_w 1.0   score -
k32_r200_08      step -       auc -        rep_w -     score -
k3_r100_09_dec   step -       auc -        rep_w -     score -
k32_r100_09_dec  step -       auc -        rep_w -     score -
k8_r100_09       step -       auc -        rep_w -     score -
k3_r100_09b      step -       auc -        rep_w -     score -
lanes 3   trainers 2   heads 0   evals 0
===== 2026-09-06 07:56:20 =====
gpu 0, 12648 MiB, 99 %
gpu 1, 10954 MiB, 93 %
k3_r100_09       step 16200   auc 0.9930769801139832 rep_w 1.0   score -
k32_r100_09      step 7800    auc 0.8928385376930237 rep_w 1.0   score -
k32_r200_08      step -       auc -        rep_w -     score -
k3_r100_09_dec   step -       auc -        rep_w -     score -
k32_r100_09_dec  step -       auc -        rep_w -     score -
k8_r100_09       step -       auc -        rep_w -     score -
k3_r100_09b      step -       auc -        rep_w -     score -
lanes 3   trainers 2   heads 0   evals 0
===== 2026-09-06 08:11:20 =====
gpu 0, 12648 MiB, 96 %
gpu 1, 10954 MiB, 88 %
k3_r100_09       step 18100   auc 0.9983687400817871 rep_w 1.0   score -
k32_r100_09      step 9100    auc 0.8896345496177673 rep_w 1.0   score -
k32_r200_08      step -       auc -        rep_w -     score -
k3_r100_09_dec   step -       auc -        rep_w -     score -
k32_r100_09_dec  step -       auc -        rep_w -     score -
k8_r100_09       step -       auc -        rep_w -     score -
k3_r100_09b      step -       auc -        rep_w -     score -
lanes 3   trainers 2   heads 0   evals 0
===== 2026-09-06 08:26:20 =====
gpu 0, 12648 MiB, 91 %
gpu 1, 9878 MiB, 95 %
k3_r100_09       step 20300   auc 0.9982587099075317 rep_w 1.0   score -
k32_r100_09      step 10300   auc 0.8617419600486755 rep_w 1.0   score -
k32_r200_08      step -       auc -        rep_w -     score -
k3_r100_09_dec   step -       auc -        rep_w -     score -
k32_r100_09_dec  step -       auc -        rep_w -     score -
k8_r100_09       step -       auc -        rep_w -     score -
k3_r100_09b      step -       auc -        rep_w -     score -
lanes 3   trainers 2   heads 0   evals 0
===== 2026-09-06 08:41:20 =====
gpu 0, 12648 MiB, 92 %
gpu 1, 9878 MiB, 95 %
k3_r100_09       step 23100   auc 0.9993236660957336 rep_w 1.0   score -
k32_r100_09      step 11600   auc 0.8289893865585327 rep_w 1.0   score -
k32_r200_08      step -       auc -        rep_w -     score -
k3_r100_09_dec   step -       auc -        rep_w -     score -
k32_r100_09_dec  step -       auc -        rep_w -     score -
k8_r100_09       step -       auc -        rep_w -     score -
k3_r100_09b      step -       auc -        rep_w -     score -
lanes 3   trainers 2   heads 0   evals 0
===== 2026-09-06 08:56:21 =====
gpu 0, 12648 MiB, 97 %
gpu 1, 9878 MiB, 99 %
k3_r100_09       step 25900   auc 0.999626874923706 rep_w 1.0   score -
k32_r100_09      step 12900   auc 0.8669803142547607 rep_w 1.0   score -
k32_r200_08      step -       auc -        rep_w -     score -
k3_r100_09_dec   step -       auc -        rep_w -     score -
k32_r100_09_dec  step -       auc -        rep_w -     score -
k8_r100_09       step -       auc -        rep_w -     score -
k3_r100_09b      step -       auc -        rep_w -     score -
lanes 3   trainers 2   heads 0   evals 0
===== 2026-09-06 09:11:21 =====
gpu 0, 12648 MiB, 96 %
gpu 1, 9878 MiB, 98 %
k3_r100_09       step 28800   auc 0.9994254112243652 rep_w 1.0   score -
k32_r100_09      step 14200   auc 0.8613883852958679 rep_w 1.0   score -
k32_r200_08      step -       auc -        rep_w -     score -
k3_r100_09_dec   step -       auc -        rep_w -     score -
k32_r100_09_dec  step -       auc -        rep_w -     score -
k8_r100_09       step -       auc -        rep_w -     score -
k3_r100_09b      step -       auc -        rep_w -     score -
lanes 3   trainers 2   heads 0   evals 0
===== 2026-09-06 09:26:21 =====
gpu 0, 12648 MiB, 98 %
gpu 1, 9878 MiB, 86 %
k3_r100_09       step 29300   auc 0.9981241226196289 rep_w 1.0   score -
k32_r100_09      step 15500   auc 0.6926771998405457 rep_w 1.0   score -
k32_r200_08      step -       auc -        rep_w -     score -
k3_r100_09_dec   step -       auc -        rep_w -     score -
k32_r100_09_dec  step -       auc -        rep_w -     score -
k8_r100_09       step -       auc -        rep_w -     score -
k3_r100_09b      step -       auc -        rep_w -     score -
lanes 3   trainers 2   heads 0   evals 0
===== 2026-09-06 09:41:21 =====
gpu 0, 12648 MiB, 34 %
gpu 1, 9878 MiB, 94 %
k3_r100_09       step 30600   auc 0.9997656345367432 rep_w 1.0   score -
k32_r100_09      step 16800   auc 0.7464496493339539 rep_w 1.0   score -
k32_r200_08      step -       auc -        rep_w -     score -
k3_r100_09_dec   step -       auc -        rep_w -     score -
k32_r100_09_dec  step -       auc -        rep_w -     score -
k8_r100_09       step -       auc -        rep_w -     score -
k3_r100_09b      step -       auc -        rep_w -     score -
lanes 3   trainers 2   heads 0   evals 0
===== 2026-09-06 09:56:22 =====
gpu 0, 12648 MiB, 94 %
gpu 1, 9878 MiB, 97 %
k3_r100_09       step 33500   auc 0.9983779788017273 rep_w 1.0   score -
k32_r100_09      step 18100   auc 0.7304366827011108 rep_w 1.0   score -
k32_r200_08      step -       auc -        rep_w -     score -
k3_r100_09_dec   step -       auc -        rep_w -     score -
k32_r100_09_dec  step -       auc -        rep_w -     score -
k8_r100_09       step -       auc -        rep_w -     score -
k3_r100_09b      step -       auc -        rep_w -     score -
lanes 3   trainers 2   heads 0   evals 0
===== 2026-09-06 10:11:22 =====
gpu 0, 12648 MiB, 93 %
gpu 1, 9878 MiB, 96 %
k3_r100_09       step 36300   auc 0.9991129040718079 rep_w 1.0   score -
k32_r100_09      step 19400   auc 0.7881903052330017 rep_w 1.0   score -
k32_r200_08      step -       auc -        rep_w -     score -
k3_r100_09_dec   step -       auc -        rep_w -     score -
k32_r100_09_dec  step -       auc -        rep_w -     score -
k8_r100_09       step -       auc -        rep_w -     score -
k3_r100_09b      step -       auc -        rep_w -     score -
lanes 3   trainers 2   heads 0   evals 0
===== 2026-09-06 10:26:22 =====
gpu 0, 8632 MiB, 97 %
gpu 1, 9878 MiB, 98 %
k3_r100_09       step 39100   auc 0.9985301494598389 rep_w 1.0   score -
k32_r100_09      step 20700   auc 0.6721845865249634 rep_w 1.0   score -
k32_r200_08      step -       auc -        rep_w -     score -
k3_r100_09_dec   step -       auc -        rep_w -     score -
k32_r100_09_dec  step -       auc -        rep_w -     score -
k8_r100_09       step -       auc -        rep_w -     score -
k3_r100_09b      step -       auc -        rep_w -     score -
lanes 3   trainers 2   heads 0   evals 0
===== 2026-09-06 10:41:22 =====
gpu 0, 8632 MiB, 97 %
gpu 1, 10118 MiB, 100 %
k3_r100_09       step 40000   auc 0.9993153810501099 rep_w 1.0   score -
k32_r100_09      step 21900   auc 0.7066681385040283 rep_w 1.0   score -
k32_r200_08      step -       auc -        rep_w -     score -
k3_r100_09_dec   step -       auc -        rep_w -     score -
k32_r100_09_dec  step -       auc -        rep_w -     score -
k8_r100_09       step -       auc -        rep_w -     score -
k3_r100_09b      step -       auc -        rep_w -     score -
lanes 3   trainers 1   heads 1   evals 0
===== 2026-09-06 10:56:23 =====
gpu 0, 8632 MiB, 95 %
gpu 1, 10118 MiB, 100 %
k3_r100_09       step 40000   auc 0.9993153810501099 rep_w 1.0   score -
k32_r100_09      step 23100   auc 0.76182621717453 rep_w 1.0   score -
k32_r200_08      step -       auc -        rep_w -     score -
k3_r100_09_dec   step -       auc -        rep_w -     score -
k32_r100_09_dec  step -       auc -        rep_w -     score -
k8_r100_09       step -       auc -        rep_w -     score -
k3_r100_09b      step -       auc -        rep_w -     score -
lanes 3   trainers 1   heads 1   evals 0
===== 2026-09-06 11:11:23 =====
gpu 0, 8632 MiB, 97 %
gpu 1, 10118 MiB, 92 %
k3_r100_09       step 40000   auc 0.9993153810501099 rep_w 1.0   score -
k32_r100_09      step 24400   auc 0.842321515083313 rep_w 1.0   score -
k32_r200_08      step -       auc -        rep_w -     score -
k3_r100_09_dec   step -       auc -        rep_w -     score -
k32_r100_09_dec  step -       auc -        rep_w -     score -
k8_r100_09       step -       auc -        rep_w -     score -
k3_r100_09b      step -       auc -        rep_w -     score -
lanes 3   trainers 1   heads 1   evals 0
===== 2026-09-06 11:26:23 =====
gpu 0, 8632 MiB, 99 %
gpu 1, 10118 MiB, 91 %
k3_r100_09       step 40000   auc 0.9993153810501099 rep_w 1.0   score -
k32_r100_09      step 25600   auc 0.7982978224754333 rep_w 1.0   score -
k32_r200_08      step -       auc -        rep_w -     score -
k3_r100_09_dec   step -       auc -        rep_w -     score -
k32_r100_09_dec  step -       auc -        rep_w -     score -
k8_r100_09       step -       auc -        rep_w -     score -
k3_r100_09b      step -       auc -        rep_w -     score -
lanes 3   trainers 1   heads 1   evals 0
===== 2026-09-06 11:41:23 =====
gpu 0, 8632 MiB, 95 %
gpu 1, 10118 MiB, 91 %
k3_r100_09       step 40000   auc 0.9993153810501099 rep_w 1.0   score -
k32_r100_09      step 26900   auc 0.8322098851203918 rep_w 1.0   score -
k32_r200_08      step -       auc -        rep_w -     score -
k3_r100_09_dec   step -       auc -        rep_w -     score -
k32_r100_09_dec  step -       auc -        rep_w -     score -
k8_r100_09       step -       auc -        rep_w -     score -
k3_r100_09b      step -       auc -        rep_w -     score -
lanes 3   trainers 1   heads 1   evals 0
===== 2026-09-06 11:56:24 =====
gpu 0, 8632 MiB, 96 %
gpu 1, 10118 MiB, 95 %
k3_r100_09       step 40000   auc 0.9993153810501099 rep_w 1.0   score -
k32_r100_09      step 28200   auc 0.7965812087059021 rep_w 1.0   score -
k32_r200_08      step -       auc -        rep_w -     score -
k3_r100_09_dec   step -       auc -        rep_w -     score -
k32_r100_09_dec  step -       auc -        rep_w -     score -
k8_r100_09       step -       auc -        rep_w -     score -
k3_r100_09b      step -       auc -        rep_w -     score -
lanes 3   trainers 1   heads 1   evals 0
===== 2026-09-06 12:11:24 =====
gpu 0, 8632 MiB, 90 %
gpu 1, 10118 MiB, 99 %
k3_r100_09       step 40000   auc 0.9993153810501099 rep_w 1.0   score -
k32_r100_09      step 29400   auc 0.795296311378479 rep_w 1.0   score -
k32_r200_08      step -       auc -        rep_w -     score -
k3_r100_09_dec   step -       auc -        rep_w -     score -
k32_r100_09_dec  step -       auc -        rep_w -     score -
k8_r100_09       step -       auc -        rep_w -     score -
k3_r100_09b      step -       auc -        rep_w -     score -
lanes 3   trainers 1   heads 1   evals 0
===== 2026-09-06 12:26:24 =====
gpu 0, 8632 MiB, 67 %
gpu 1, 16373 MiB, 78 %
k3_r100_09       step 40000   auc 0.9993153810501099 rep_w 1.0   score -
k32_r100_09      step 30600   auc 0.8002744317054749 rep_w 1.0   score -
k32_r200_08      step -       auc -        rep_w -     score -
k3_r100_09_dec   step -       auc -        rep_w -     score -
k32_r100_09_dec  step -       auc -        rep_w -     score -
k8_r100_09       step -       auc -        rep_w -     score -
k3_r100_09b      step -       auc -        rep_w -     score -
lanes 3   trainers 1   heads 0   evals 6
===== 2026-09-06 12:41:25 =====
gpu 0, 8632 MiB, 69 %
gpu 1, 16373 MiB, 76 %
k3_r100_09       step 40000   auc 0.9993153810501099 rep_w 1.0   score -
k32_r100_09      step 30800   auc 0.8101075887680054 rep_w 1.0   score -
k32_r200_08      step -       auc -        rep_w -     score -
k3_r100_09_dec   step -       auc -        rep_w -     score -
k32_r100_09_dec  step -       auc -        rep_w -     score -
k8_r100_09       step -       auc -        rep_w -     score -
k3_r100_09b      step -       auc -        rep_w -     score -
lanes 3   trainers 1   heads 0   evals 6
===== 2026-09-06 12:56:25 =====
gpu 0, 8632 MiB, 75 %
gpu 1, 16373 MiB, 81 %
k3_r100_09       step 40000   auc 0.9993153810501099 rep_w 1.0   score -
k32_r100_09      step 31200   auc 0.8209150433540344 rep_w 1.0   score -
k32_r200_08      step -       auc -        rep_w -     score -
k3_r100_09_dec   step -       auc -        rep_w -     score -
k32_r100_09_dec  step -       auc -        rep_w -     score -
k8_r100_09       step -       auc -        rep_w -     score -
k3_r100_09b      step -       auc -        rep_w -     score -
lanes 3   trainers 1   heads 0   evals 6
===== 2026-09-06 13:11:25 =====
gpu 0, 8632 MiB, 91 %
gpu 1, 16373 MiB, 1 %
k3_r100_09       step 40000   auc 0.9993153810501099 rep_w 1.0   score -
k32_r100_09      step 31700   auc 0.8608425259590149 rep_w 1.0   score -
k32_r200_08      step -       auc -        rep_w -     score -
k3_r100_09_dec   step -       auc -        rep_w -     score -
k32_r100_09_dec  step -       auc -        rep_w -     score -
k8_r100_09       step -       auc -        rep_w -     score -
k3_r100_09b      step -       auc -        rep_w -     score -
lanes 3   trainers 1   heads 0   evals 6
===== 2026-09-06 13:26:26 =====
gpu 0, 8632 MiB, 90 %
gpu 1, 16373 MiB, 79 %
k3_r100_09       step 40000   auc 0.9993153810501099 rep_w 1.0   score -
k32_r100_09      step 32500   auc 0.8635264039039612 rep_w 1.0   score -
k32_r200_08      step -       auc -        rep_w -     score -
k3_r100_09_dec   step -       auc -        rep_w -     score -
k32_r100_09_dec  step -       auc -        rep_w -     score -
k8_r100_09       step -       auc -        rep_w -     score -
k3_r100_09b      step -       auc -        rep_w -     score -
lanes 3   trainers 1   heads 0   evals 6
===== 2026-09-06 13:41:26 =====
gpu 0, 8632 MiB, 87 %
gpu 1, 16373 MiB, 83 %
k3_r100_09       step 40000   auc 0.9993153810501099 rep_w 1.0   score -
k32_r100_09      step 33500   auc 0.8685950636863708 rep_w 1.0   score -
k32_r200_08      step -       auc -        rep_w -     score -
k3_r100_09_dec   step -       auc -        rep_w -     score -
k32_r100_09_dec  step -       auc -        rep_w -     score -
k8_r100_09       step -       auc -        rep_w -     score -
k3_r100_09b      step -       auc -        rep_w -     score -
lanes 3   trainers 1   heads 0   evals 6
===== 2026-09-06 13:56:27 =====
gpu 0, 12350 MiB, 0 %
gpu 1, 16373 MiB, 85 %
k3_r100_09       step 40000   auc 0.9993153810501099 rep_w 1.0   score -
k32_r100_09      step 34300   auc 0.8951934576034546 rep_w 1.0   score -
k32_r200_08      step -       auc -        rep_w -     score -
k3_r100_09_dec   step -       auc -        rep_w -     score -
k32_r100_09_dec  step -       auc -        rep_w -     score -
k8_r100_09       step -       auc -        rep_w -     score -
k3_r100_09b      step -       auc -        rep_w -     score -
lanes 3   trainers 1   heads 0   evals 6
===== 2026-09-06 14:11:27 =====
gpu 0, 8754 MiB, 75 %
gpu 1, 16373 MiB, 76 %
k3_r100_09       step 40000   auc 0.9993153810501099 rep_w 1.0   score -
k32_r100_09      step 35100   auc 0.8938356041908264 rep_w 1.0   score -
k32_r200_08      step -       auc -        rep_w -     score -
k3_r100_09_dec   step -       auc -        rep_w -     score -
k32_r100_09_dec  step -       auc -        rep_w -     score -
k8_r100_09       step -       auc -        rep_w -     score -
k3_r100_09b      step -       auc -        rep_w -     score -
lanes 3   trainers 1   heads 0   evals 6
===== 2026-09-06 14:26:27 =====
gpu 0, 8754 MiB, 64 %
gpu 1, 16373 MiB, 83 %
k3_r100_09       step 40000   auc 0.9993153810501099 rep_w 1.0   score -
k32_r100_09      step 36100   auc 0.8553513884544373 rep_w 1.0   score -
k32_r200_08      step -       auc -        rep_w -     score -
k3_r100_09_dec   step -       auc -        rep_w -     score -
k32_r100_09_dec  step -       auc -        rep_w -     score -
k8_r100_09       step -       auc -        rep_w -     score -
k3_r100_09b      step -       auc -        rep_w -     score -
lanes 3   trainers 1   heads 0   evals 5
===== 2026-09-06 14:41:28 =====
gpu 0, 8754 MiB, 86 %
gpu 1, 16373 MiB, 81 %
k3_r100_09       step 40000   auc 0.9993153810501099 rep_w 1.0   score -
k32_r100_09      step 37200   auc 0.8184635043144226 rep_w 1.0   score -
k32_r200_08      step -       auc -        rep_w -     score -
k3_r100_09_dec   step -       auc -        rep_w -     score -
k32_r100_09_dec  step -       auc -        rep_w -     score -
k8_r100_09       step -       auc -        rep_w -     score -
k3_r100_09b      step -       auc -        rep_w -     score -
lanes 3   trainers 1   heads 0   evals 5
===== 2026-09-06 14:56:28 =====
gpu 0, 8754 MiB, 88 %
gpu 1, 16373 MiB, 93 %
k3_r100_09       step 40000   auc 0.9993153810501099 rep_w 1.0   score -
k32_r100_09      step 38300   auc 0.8352144360542297 rep_w 1.0   score -
k32_r200_08      step -       auc -        rep_w -     score -
k3_r100_09_dec   step -       auc -        rep_w -     score -
k32_r100_09_dec  step -       auc -        rep_w -     score -
k8_r100_09       step -       auc -        rep_w -     score -
k3_r100_09b      step -       auc -        rep_w -     score -
lanes 3   trainers 1   heads 0   evals 2
===== 2026-09-06 15:11:28 =====
gpu 0, 8754 MiB, 91 %
gpu 1, 16373 MiB, 86 %
k3_r100_09       step 40000   auc 0.9993153810501099 rep_w 1.0   score -
k32_r100_09      step 39500   auc 0.7816804647445679 rep_w 1.0   score -
k32_r200_08      step -       auc -        rep_w -     score -
k3_r100_09_dec   step -       auc -        rep_w -     score -
k32_r100_09_dec  step -       auc -        rep_w -     score -
k8_r100_09       step -       auc -        rep_w -     score -
k3_r100_09b      step -       auc -        rep_w -     score -
lanes 3   trainers 1   heads 0   evals 1
===== 2026-09-06 15:26:29 =====
gpu 0, 8754 MiB, 86 %
gpu 1, 10990 MiB, 93 %
k3_r100_09       step 40000   auc 0.9993153810501099 rep_w 1.0   score 1.3495
k32_r100_09      step 39900   auc 0.7961690425872803 rep_w 1.0   score -
k32_r200_08      step -       auc -        rep_w -     score -
k3_r100_09_dec   step -       auc -        rep_w -     score -
k32_r100_09_dec  step -       auc -        rep_w -     score -
k8_r100_09       step -       auc -        rep_w -     score -
k3_r100_09b      step -       auc -        rep_w -     score -
lanes 3   trainers 2   heads 0   evals 0
===== 2026-09-06 15:36:29 =====
gpu 0, 13135 MiB, 44 %
gpu 1, 10954 MiB, 81 %
k3_r100_09       step 40000   auc 0.9993153810501099 rep_w 1.0   score 1.3495
k32_r100_09      step 40000   auc 0.7629179358482361 rep_w 1.0   score -
k32_r200_08      step -       auc -        rep_w -     score -
k3_r100_09_dec   step -       auc -        rep_w -     score -
k32_r100_09_dec  step -       auc -        rep_w -     score -
k8_r100_09       step -       auc -        rep_w -     score -
k3_r100_09b      step 1400    auc 0.9890280961990356 rep_w 1.0   score -
lanes 4   trainers 2   heads 1   evals 0
===== 2026-09-06 15:46:29 =====
gpu 0, 7421 MiB, 100 %
gpu 1, 10954 MiB, 90 %
k3_r100_09       step 40000   auc 0.9993153810501099 rep_w 1.0   score 1.3495
k32_r100_09      step 40000   auc 0.7629179358482361 rep_w 1.0   score -
k32_r200_08      step -       auc -        rep_w -     score -
k3_r100_09_dec   step -       auc -        rep_w -     score -
k32_r100_09_dec  step -       auc -        rep_w -     score -
k8_r100_09       step -       auc -        rep_w -     score -
k3_r100_09b      step 3100    auc 0.9953703284263611 rep_w 1.0   score -
lanes 4   trainers 2   heads 1   evals 0
===== 2026-09-06 16:01:38 =====
gpu 0, 7421 MiB, 99 %
gpu 1, 10954 MiB, 91 %
k3_r100_09       step 40000   auc 0.9993153810501099 rep_w 1.0   score 1.3495
k32_r100_09      step 40000   auc 0.7629179358482361 rep_w 1.0   score -
k32_r200_08      step -       auc -        rep_w -     score -
k3_r100_09_dec   step -       auc -        rep_w -     score -
k32_r100_09_dec  step -       auc -        rep_w -     score -
k8_r100_09       step -       auc -        rep_w -     score -
k3_r100_09b      step 3100    auc 0.9953703284263611 rep_w 1.0   score -
lanes 4   trainers 2   heads 1   evals 0
===== 2026-09-06 16:16:47 =====
gpu 0, 7421 MiB, 99 %
gpu 1, 10954 MiB, 84 %
k3_r100_09       step 40000   auc 0.9993153810501099 rep_w 1.0   score 1.3495
k32_r100_09      step 40000   auc 0.7629179358482361 rep_w 1.0   score -
k32_r200_08      step -       auc -        rep_w -     score -
k3_r100_09_dec   step -       auc -        rep_w -     score -
k32_r100_09_dec  step -       auc -        rep_w -     score -
k8_r100_09       step -       auc -        rep_w -     score -
k3_r100_09b      step 4900    auc 0.9946467280387878 rep_w 1.0   score -
lanes 4   trainers 2   heads 1   evals 0
===== 2026-09-06 16:31:56 =====
gpu 0, 7421 MiB, 100 %
gpu 1, 10954 MiB, 99 %
k3_r100_09       step 40000   auc 0.9993153810501099 rep_w 1.0   score 1.3495
k32_r100_09      step 40000   auc 0.7629179358482361 rep_w 1.0   score -
k32_r200_08      step -       auc -        rep_w -     score -
k3_r100_09_dec   step -       auc -        rep_w -     score -
k32_r100_09_dec  step -       auc -        rep_w -     score -
k8_r100_09       step -       auc -        rep_w -     score -
k3_r100_09b      step 6600    auc 0.9973325729370117 rep_w 1.0   score -
lanes 4   trainers 2   heads 1   evals 0
===== 2026-09-06 16:47:06 =====
gpu 0, 7421 MiB, 100 %
gpu 1, 10954 MiB, 87 %
k3_r100_09       step 49600   auc 0.999436 rep_w 1.0   score  40k=1.3495
k32_r100_09      step 40000   auc 0.762917 rep_w 1.0   score  -
k32_r200_08      step -       auc -        rep_w -     score  -
k3_r100_09_dec   step -       auc -        rep_w -     score  -
k32_r100_09_dec  step -       auc -        rep_w -     score  -
k8_r100_09       step -       auc -        rep_w -     score  -
k3_r100_09b      step 7400    auc 0.996642 rep_w 1.0   score  -
lanes 4   trainers 2   heads 1   evals 0
===== 2026-09-06 17:02:16 =====
gpu 0, 7421 MiB, 100 %
gpu 1, 10954 MiB, 96 %
k3_r100_09       step 52000   auc 0.998502 rep_w 1.0   score  40k=1.3495
k32_r100_09      step 40000   auc 0.762917 rep_w 1.0   score  -
k32_r200_08      step -       auc -        rep_w -     score  -
k3_r100_09_dec   step -       auc -        rep_w -     score  -
k32_r100_09_dec  step -       auc -        rep_w -     score  -
k8_r100_09       step -       auc -        rep_w -     score  -
k3_r100_09b      step 9400    auc 0.998131 rep_w 1.0   score  -
lanes 4   trainers 2   heads 1   evals 0
===== 2026-09-06 17:17:26 =====
gpu 0, 7421 MiB, 96 %
gpu 1, 10954 MiB, 97 %
k3_r100_09       step 54400   auc 0.999634 rep_w 1.0   score  40k=1.3495
k32_r100_09      step 40000   auc 0.762917 rep_w 1.0   score  -
k32_r200_08      step -       auc -        rep_w -     score  -
k3_r100_09_dec   step -       auc -        rep_w -     score  -
k32_r100_09_dec  step -       auc -        rep_w -     score  -
k8_r100_09       step -       auc -        rep_w -     score  -
k3_r100_09b      step 12200   auc 0.997192 rep_w 1.0   score  -
lanes 4   trainers 2   heads 1   evals 0
===== 2026-09-06 17:32:36 =====
gpu 0, 13676 MiB, 87 %
gpu 1, 12602 MiB, 90 %
k3_r100_09       step 56900   auc 0.999211 rep_w 1.0   score  40k=1.3495
k32_r100_09      step 40000   auc 0.762917 rep_w 1.0   score  -
k32_r200_08      step -       auc -        rep_w -     score  -
k3_r100_09_dec   step -       auc -        rep_w -     score  -
k32_r100_09_dec  step -       auc -        rep_w -     score  -
k8_r100_09       step -       auc -        rep_w -     score  -
k3_r100_09b      step 13900   auc 0.995080 rep_w 1.0   score  -
lanes 4   trainers 2   heads 0   evals 6
===== 2026-09-06 17:47:50 =====
gpu 0, 13676 MiB, 91 %
gpu 1, 12600 MiB, 82 %
k3_r100_09       step 59300   auc 0.999787 rep_w 1.0   score  40k=1.3495
k32_r100_09      step 40000   auc 0.762917 rep_w 1.0   score  -
k32_r200_08      step -       auc -        rep_w -     score  -
k3_r100_09_dec   step -       auc -        rep_w -     score  -
k32_r100_09_dec  step -       auc -        rep_w -     score  -
k8_r100_09       step -       auc -        rep_w -     score  -
k3_r100_09b      step 16300   auc 0.998101 rep_w 1.0   score  -
lanes 4   trainers 2   heads 0   evals 6
===== 2026-09-06 18:03:03 =====
gpu 0, 12700 MiB, 67 %
gpu 1, 12600 MiB, 88 %
k3_r100_09       step 61200   auc 0.998980 rep_w 1.0   score  40k=1.3495
k32_r100_09      step 40000   auc 0.762917 rep_w 1.0   score  -
k32_r200_08      step -       auc -        rep_w -     score  -
k3_r100_09_dec   step -       auc -        rep_w -     score  -
k32_r100_09_dec  step -       auc -        rep_w -     score  -
k8_r100_09       step -       auc -        rep_w -     score  -
k3_r100_09b      step 18700   auc 0.998695 rep_w 1.0   score  -
lanes 4   trainers 2   heads 0   evals 6
===== 2026-09-06 18:18:18 =====
gpu 0, 12700 MiB, 88 %
gpu 1, 11524 MiB, 71 %
k3_r100_09       step 63200   auc 0.999582 rep_w 1.0   score  40k=1.3495
k32_r100_09      step 40000   auc 0.762917 rep_w 1.0   score  -
k32_r200_08      step -       auc -        rep_w -     score  -
k3_r100_09_dec   step -       auc -        rep_w -     score  -
k32_r100_09_dec  step -       auc -        rep_w -     score  -
k8_r100_09       step -       auc -        rep_w -     score  -
k3_r100_09b      step 20600   auc 0.997114 rep_w 1.0   score  -
lanes 4   trainers 2   heads 0   evals 6
===== 2026-09-06 18:33:32 =====
gpu 0, 12700 MiB, 84 %
gpu 1, 11524 MiB, 94 %
k3_r100_09       step 65200   auc 0.999553 rep_w 1.0   score  40k=1.3495
k32_r100_09      step 40000   auc 0.762917 rep_w 1.0   score  -
k32_r200_08      step -       auc -        rep_w -     score  -
k3_r100_09_dec   step -       auc -        rep_w -     score  -
k32_r100_09_dec  step -       auc -        rep_w -     score  -
k8_r100_09       step -       auc -        rep_w -     score  -
k3_r100_09b      step 21400   auc 0.998894 rep_w 1.0   score  -
lanes 4   trainers 2   heads 0   evals 6
===== 2026-09-06 18:48:46 =====
gpu 0, 12700 MiB, 90 %
gpu 1, 11524 MiB, 83 %
k3_r100_09       step 67700   auc 0.999915 rep_w 1.0   score  40k=1.3495
k32_r100_09      step 40000   auc 0.762917 rep_w 1.0   score  -
k32_r200_08      step -       auc -        rep_w -     score  -
k3_r100_09_dec   step -       auc -        rep_w -     score  -
k32_r100_09_dec  step -       auc -        rep_w -     score  -
k8_r100_09       step -       auc -        rep_w -     score  -
k3_r100_09b      step 23100   auc 0.998851 rep_w 1.0   score  -
lanes 4   trainers 2   heads 0   evals 6
===== 2026-09-06 19:03:59 =====
gpu 0, 12700 MiB, 83 %
gpu 1, 11524 MiB, 76 %
k3_r100_09       step 70200   auc 0.998854 rep_w 1.0   score  40k=1.3495
k32_r100_09      step 40000   auc 0.762917 rep_w 1.0   score  -
k32_r200_08      step -       auc -        rep_w -     score  -
k3_r100_09_dec   step -       auc -        rep_w -     score  -
k32_r100_09_dec  step -       auc -        rep_w -     score  -
k8_r100_09       step -       auc -        rep_w -     score  -
k3_r100_09b      step 24300   auc 0.997321 rep_w 1.0   score  -
lanes 4   trainers 2   heads 0   evals 6
===== 2026-09-06 19:19:12 =====
gpu 0, 13010 MiB, 91 %
gpu 1, 11524 MiB, 82 %
k3_r100_09       step 72600   auc 0.999558 rep_w 1.0   score  40k=1.3495
k32_r100_09      step 40000   auc 0.762917 rep_w 1.0   score  -
k32_r200_08      step -       auc -        rep_w -     score  -
k3_r100_09_dec   step -       auc -        rep_w -     score  -
k32_r100_09_dec  step -       auc -        rep_w -     score  -
k8_r100_09       step -       auc -        rep_w -     score  -
k3_r100_09b      step 25600   auc 0.999571 rep_w 1.0   score  -
lanes 4   trainers 2   heads 0   evals 5
===== 2026-09-06 19:34:25 =====
gpu 0, 10510 MiB, 79 %
gpu 1, 11524 MiB, 80 %
k3_r100_09       step 75100   auc 0.999762 rep_w 1.0   score  40k=1.3495
k32_r100_09      step 40000   auc 0.762917 rep_w 1.0   score  -
k32_r200_08      step -       auc -        rep_w -     score  -
k3_r100_09_dec   step -       auc -        rep_w -     score  -
k32_r100_09_dec  step -       auc -        rep_w -     score  -
k8_r100_09       step -       auc -        rep_w -     score  -
k3_r100_09b      step 25600   auc 0.999571 rep_w 1.0   score  -
lanes 4   trainers 2   heads 0   evals 5
===== 2026-09-06 19:49:40 =====
gpu 0, 12440 MiB, 96 %
gpu 1, 11524 MiB, 99 %
k3_r100_09       step 77600   auc 0.999927 rep_w 1.0   score  40k=1.3495
k32_r100_09      step 40000   auc 0.762917 rep_w 1.0   score  -
k32_r200_08      step -       auc -        rep_w -     score  -
k3_r100_09_dec   step -       auc -        rep_w -     score  -
k32_r100_09_dec  step -       auc -        rep_w -     score  -
k8_r100_09       step -       auc -        rep_w -     score  -
k3_r100_09b      step 28200   auc 0.999434 rep_w 1.0   score  -
lanes 4   trainers 2   heads 0   evals 3
===== 2026-09-06 20:04:53 =====
gpu 0, 12440 MiB, 97 %
gpu 1, 11524 MiB, 94 %
k3_r100_09       step 80300   auc 0.999721 rep_w 1.0   score  40k=1.3495
k32_r100_09      step 40000   auc 0.762917 rep_w 1.0   score  -
k32_r200_08      step -       auc -        rep_w -     score  -
k3_r100_09_dec   step -       auc -        rep_w -     score  -
k32_r100_09_dec  step -       auc -        rep_w -     score  -
k8_r100_09       step -       auc -        rep_w -     score  -
k3_r100_09b      step 30900   auc 0.999026 rep_w 1.0   score  -
lanes 4   trainers 2   heads 0   evals 1
===== 2026-09-06 20:20:05 =====
gpu 0, 6035 MiB, 100 %
gpu 1, 11524 MiB, 94 %
k3_r100_09       step 82900   auc 0.999666 rep_w 1.0   score  40k=1.3495
k32_r100_09      step 40000   auc 0.762917 rep_w 1.0   score  40k=1.4629
k32_r200_08      step -       auc -        rep_w -     score  -
k3_r100_09_dec   step -       auc -        rep_w -     score  -
k32_r100_09_dec  step 500     auc 0.978475 rep_w 0.75  score  -
k8_r100_09       step -       auc -        rep_w -     score  -
k3_r100_09b      step 33800   auc 0.998176 rep_w 1.0   score  -
lanes 4   trainers 3   heads 0   evals 0
===== 2026-09-06 20:35:18 =====
gpu 0, 6035 MiB, 99 %
gpu 1, 11524 MiB, 95 %
k3_r100_09       step 85300   auc 0.998407 rep_w 1.0   score  40k=1.3495
k32_r100_09      step 40000   auc 0.762917 rep_w 1.0   score  40k=1.4629
k32_r200_08      step -       auc -        rep_w -     score  -
k3_r100_09_dec   step -       auc -        rep_w -     score  -
k32_r100_09_dec  step 1700    auc 0.979946 rep_w 0.15000000000000002 score  -
k8_r100_09       step -       auc -        rep_w -     score  -
k3_r100_09b      step 36600   auc 0.998098 rep_w 1.0   score  -
lanes 4   trainers 3   heads 0   evals 0
===== 2026-09-06 20:50:30 =====
gpu 0, 6035 MiB, 99 %
gpu 1, 11524 MiB, 89 %
k3_r100_09       step 87700   auc 0.998449 rep_w 1.0   score  40k=1.3495
k32_r100_09      step 40000   auc 0.762917 rep_w 1.0   score  40k=1.4629
k32_r200_08      step -       auc -        rep_w -     score  -
k3_r100_09_dec   step -       auc -        rep_w -     score  -
k32_r100_09_dec  step 2900    auc 0.764671 rep_w 0.0   score  -
k8_r100_09       step -       auc -        rep_w -     score  -
k3_r100_09b      step 36800   auc 0.998584 rep_w 1.0   score  -
lanes 4   trainers 3   heads 0   evals 0
===== 2026-09-06 21:05:43 =====
gpu 0, 6035 MiB, 98 %
gpu 1, 11524 MiB, 92 %
k3_r100_09       step 90100   auc 0.999839 rep_w 1.0   score  40k=1.3495
k32_r100_09      step 40000   auc 0.762917 rep_w 1.0   score  40k=1.4629
k32_r200_08      step -       auc -        rep_w -     score  -
k3_r100_09_dec   step -       auc -        rep_w -     score  -
k32_r100_09_dec  step 4200    auc 0.737126 rep_w 0.0   score  -
k8_r100_09       step -       auc -        rep_w -     score  -
k3_r100_09b      step 38900   auc 0.997248 rep_w 1.0   score  -
lanes 4   trainers 3   heads 3   evals 0
===== 2026-09-06 21:20:56 =====
gpu 0, 6035 MiB, 88 %
gpu 1, 11524 MiB, 91 %
k3_r100_09       step 92400   auc 0.999821 rep_w 1.0   score  40k=1.3495
k32_r100_09      step 40000   auc 0.762917 rep_w 1.0   score  40k=1.4629
k32_r200_08      step -       auc -        rep_w -     score  -
k3_r100_09_dec   step -       auc -        rep_w -     score  -
k32_r100_09_dec  step 4900    auc 0.700830 rep_w 0.0   score  -
k8_r100_09       step -       auc -        rep_w -     score  -
k3_r100_09b      step 39900   auc 0.998817 rep_w 1.0   score  -
lanes 4   trainers 3   heads 0   evals 0
===== 2026-09-06 21:36:09 =====
gpu 0, 6035 MiB, 98 %
gpu 1, 11764 MiB, 91 %
k3_r100_09       step 94000   auc 0.999805 rep_w 1.0   score  40k=1.3495
k32_r100_09      step 40000   auc 0.762917 rep_w 1.0   score  40k=1.4629
k32_r200_08      step -       auc -        rep_w -     score  -
k3_r100_09_dec   step -       auc -        rep_w -     score  -
k32_r100_09_dec  step 6300    auc 0.533243 rep_w 0.0   score  -
k8_r100_09       step -       auc -        rep_w -     score  -
k3_r100_09b      step 40000   auc 0.998401 rep_w 1.0   score  -
k3_r100_09_lr33  step -       auc -        rep_w -     score  -
k3_r100_09_lr17  step -       auc -        rep_w -     score  -
lanes 7   trainers 2   heads 1   evals 0
===== 2026-09-06 21:51:22 =====
gpu 0, 6035 MiB, 99 %
gpu 1, 11764 MiB, 96 %
k3_r100_09       step 96400   auc 0.999899 rep_w 1.0   score  40k=1.3495
k32_r100_09      step 40000   auc 0.762917 rep_w 1.0   score  40k=1.4629
k32_r200_08      step -       auc -        rep_w -     score  -
k3_r100_09_dec   step -       auc -        rep_w -     score  -
k32_r100_09_dec  step 7600    auc 0.756979 rep_w 0.0   score  -
k8_r100_09       step -       auc -        rep_w -     score  -
k3_r100_09b      step 40000   auc 0.998401 rep_w 1.0   score  -
k3_r100_09_lr33  step -       auc -        rep_w -     score  -
k3_r100_09_lr17  step -       auc -        rep_w -     score  -
lanes 7   trainers 2   heads 1   evals 0
===== 2026-09-06 22:06:36 =====
gpu 0, 6035 MiB, 100 %
gpu 1, 11764 MiB, 90 %
k3_r100_09       step 98700   auc 0.998805 rep_w 1.0   score  40k=1.3495
k32_r100_09      step 40000   auc 0.762917 rep_w 1.0   score  40k=1.4629
k32_r200_08      step -       auc -        rep_w -     score  -
k3_r100_09_dec   step -       auc -        rep_w -     score  -
k32_r100_09_dec  step 8900    auc 0.690375 rep_w 0.0   score  -
k8_r100_09       step -       auc -        rep_w -     score  -
k3_r100_09b      step 40000   auc 0.998401 rep_w 1.0   score  -
k3_r100_09_lr33  step -       auc -        rep_w -     score  -
k3_r100_09_lr17  step -       auc -        rep_w -     score  -
lanes 8   trainers 2   heads 1   evals 0
===== 2026-09-06 22:21:50 =====
gpu 0, 7011 MiB, 95 %
gpu 1, 11764 MiB, 97 %
k3_r100_09       step 101100  auc 0.999996 rep_w 1.0   score  40k=1.3495
k32_r100_09      step 40000   auc 0.762917 rep_w 1.0   score  40k=1.4629
k32_r200_08      step -       auc -        rep_w -     score  -
k3_r100_09_dec   step -       auc -        rep_w -     score  -
k32_r100_09_dec  step 10200   auc 0.755988 rep_w 0.0   score  -
k8_r100_09       step -       auc -        rep_w -     score  -
k3_r100_09b      step 40000   auc 0.998401 rep_w 1.0   score  -
k3_r100_09_lr33  step -       auc -        rep_w -     score  -
k3_r100_09_lr17  step -       auc -        rep_w -     score  -
lanes 7   trainers 2   heads 1   evals 0
===== 2026-09-06 22:37:04 =====
gpu 0, 7011 MiB, 98 %
gpu 1, 11764 MiB, 89 %
k3_r100_09       step 103500  auc 0.999795 rep_w 1.0   score  40k=1.3495
k32_r100_09      step 40000   auc 0.762917 rep_w 1.0   score  40k=1.4629
k32_r200_08      step -       auc -        rep_w -     score  -
k3_r100_09_dec   step -       auc -        rep_w -     score  -
k32_r100_09_dec  step 11500   auc 0.745535 rep_w 0.0   score  -
k8_r100_09       step -       auc -        rep_w -     score  -
k3_r100_09b      step 40000   auc 0.998401 rep_w 1.0   score  -
k3_r100_09_lr33  step -       auc -        rep_w -     score  -
k3_r100_09_lr17  step -       auc -        rep_w -     score  -
lanes 7   trainers 2   heads 1   evals 0
===== 2026-09-06 22:52:18 =====
gpu 0, 7011 MiB, 90 %
gpu 1, 11764 MiB, 87 %
k3_r100_09       step 105200  auc 0.999574 rep_w 1.0   score  40k=1.3495
k32_r100_09      step 40000   auc 0.762917 rep_w 1.0   score  40k=1.4629
k32_r200_08      step -       auc -        rep_w -     score  -
k3_r100_09_dec   step -       auc -        rep_w -     score  -
k32_r100_09_dec  step 12400   auc 0.710758 rep_w 0.0   score  -
k8_r100_09       step -       auc -        rep_w -     score  -
k3_r100_09b      step 40000   auc 0.998401 rep_w 1.0   score  -
k3_r100_09_lr33  step -       auc -        rep_w -     score  -
k3_r100_09_lr17  step -       auc -        rep_w -     score  -
k3_r100_09_lr56  step -       auc -        rep_w -     score  -
lanes 7   trainers 2   heads 1   evals 0
===== 2026-09-06 23:07:32 =====
gpu 0, 7011 MiB, 75 %
gpu 1, 11764 MiB, 57 %
k3_r100_09       step 107800  auc 0.999881 rep_w 1.0   score  40k=1.3495
k32_r100_09      step 40000   auc 0.762917 rep_w 1.0   score  40k=1.4629
k32_r200_08      step -       auc -        rep_w -     score  -
k3_r100_09_dec   step -       auc -        rep_w -     score  -
k32_r100_09_dec  step 12400   auc 0.710758 rep_w 0.0   score  -
k8_r100_09       step -       auc -        rep_w -     score  -
k3_r100_09b      step 40000   auc 0.998401 rep_w 1.0   score  -
k3_r100_09_lr33  step -       auc -        rep_w -     score  -
k3_r100_09_lr17  step -       auc -        rep_w -     score  -
k3_r100_09_lr56  step -       auc -        rep_w -     score  -
lanes 7   trainers 2   heads 1   evals 6
===== 2026-09-06 23:22:51 =====
gpu 0, 7011 MiB, 90 %
gpu 1, 11764 MiB, 63 %
k3_r100_09       step 109300  auc 0.998207 rep_w 1.0   score  40k=1.3495
k32_r100_09      step 40000   auc 0.762917 rep_w 1.0   score  40k=1.4629
k32_r200_08      step -       auc -        rep_w -     score  -
k3_r100_09_dec   step -       auc -        rep_w -     score  -
k32_r100_09_dec  step 13400   auc 0.748906 rep_w 0.0   score  -
k8_r100_09       step -       auc -        rep_w -     score  -
k3_r100_09b      step 40000   auc 0.998401 rep_w 1.0   score  -
k3_r100_09_lr33  step -       auc -        rep_w -     score  -
k3_r100_09_lr17  step -       auc -        rep_w -     score  -
k3_r100_09_lr56  step -       auc -        rep_w -     score  -
lanes 5   trainers 2   heads 1   evals 6
===== 2026-09-06 23:38:09 =====
gpu 0, 7011 MiB, 80 %
gpu 1, 11764 MiB, 99 %
k3_r100_09       step 109900  auc 0.999676 rep_w 1.0   score  40k=1.3495
k32_r100_09      step 40000   auc 0.762917 rep_w 1.0   score  40k=1.4629
k32_r200_08      step -       auc -        rep_w -     score  -
k3_r100_09_dec   step -       auc -        rep_w -     score  -
k32_r100_09_dec  step 14500   auc 0.756180 rep_w 0.0   score  -
k8_r100_09       step -       auc -        rep_w -     score  -
k3_r100_09b      step 40000   auc 0.998401 rep_w 1.0   score  -
k3_r100_09_lr33  step -       auc -        rep_w -     score  -
k3_r100_09_lr17  step -       auc -        rep_w -     score  -
k3_r100_09_lr56  step -       auc -        rep_w -     score  -
lanes 5   trainers 2   heads 1   evals 6
===== 2026-09-06 23:53:27 =====
gpu 0, 7011 MiB, 100 %
gpu 1, 11764 MiB, 82 %
k3_r100_09       step 112000  auc 0.998970 rep_w 1.0   score  40k=1.3495
k32_r100_09      step 40000   auc 0.762917 rep_w 1.0   score  40k=1.4629
k32_r200_08      step -       auc -        rep_w -     score  -
k3_r100_09_dec   step -       auc -        rep_w -     score  -
k32_r100_09_dec  step 15700   auc 0.745546 rep_w 0.0   score  -
k8_r100_09       step -       auc -        rep_w -     score  -
k3_r100_09b      step 40000   auc 0.998401 rep_w 1.0   score  -
k3_r100_09_lr33  step -       auc -        rep_w -     score  -
k3_r100_09_lr17  step -       auc -        rep_w -     score  -
k3_r100_09_lr56  step -       auc -        rep_w -     score  -
lanes 5   trainers 2   heads 1   evals 6
===== 2026-09-07 00:08:45 =====
gpu 0, 7011 MiB, 79 %
gpu 1, 11764 MiB, 26 %
k3_r100_09       step 113700  auc 0.999847 rep_w 1.0   score  40k=1.3495
k32_r100_09      step 40000   auc 0.762917 rep_w 1.0   score  40k=1.4629
k32_r200_08      step -       auc -        rep_w -     score  -
k3_r100_09_dec   step -       auc -        rep_w -     score  -
k32_r100_09_dec  step 16800   auc 0.740208 rep_w 0.0   score  -
k8_r100_09       step -       auc -        rep_w -     score  -
k3_r100_09b      step 40000   auc 0.998401 rep_w 1.0   score  -
k3_r100_09_lr33  step -       auc -        rep_w -     score  -
k3_r100_09_lr17  step -       auc -        rep_w -     score  -
k3_r100_09_lr56  step -       auc -        rep_w -     score  -
lanes 5   trainers 2   heads 1   evals 6
===== 2026-09-07 00:24:02 =====
gpu 0, 7011 MiB, 96 %
gpu 1, 11764 MiB, 100 %
k3_r100_09       step 115000  auc 0.999850 rep_w 1.0   score  40k=1.3495
k32_r100_09      step 40000   auc 0.762917 rep_w 1.0   score  40k=1.4629
k32_r200_08      step -       auc -        rep_w -     score  -
k3_r100_09_dec   step -       auc -        rep_w -     score  -
k32_r100_09_dec  step 16800   auc 0.740208 rep_w 0.0   score  -
k8_r100_09       step -       auc -        rep_w -     score  -
k3_r100_09b      step 40000   auc 0.998401 rep_w 1.0   score  -
k3_r100_09_lr33  step -       auc -        rep_w -     score  -
k3_r100_09_lr17  step -       auc -        rep_w -     score  -
k3_r100_09_lr56  step -       auc -        rep_w -     score  -
lanes 5   trainers 2   heads 1   evals 6
===== 2026-09-07 00:39:18 =====
gpu 0, 7011 MiB, 30 %
gpu 1, 18019 MiB, 0 %
k3_r100_09       step 116200  auc 0.999988 rep_w 1.0   score  40k=1.3495
k32_r100_09      step 40000   auc 0.762917 rep_w 1.0   score  40k=1.4629
k32_r200_08      step -       auc -        rep_w -     score  -
k3_r100_09_dec   step -       auc -        rep_w -     score  -
k32_r100_09_dec  step 17600   auc 0.756650 rep_w 0.0   score  -
k8_r100_09       step -       auc -        rep_w -     score  -
k3_r100_09b      step 40000   auc 0.998401 rep_w 1.0   score  -
k3_r100_09_lr33  step -       auc -        rep_w -     score  -
k3_r100_09_lr17  step -       auc -        rep_w -     score  -
k3_r100_09_lr56  step -       auc -        rep_w -     score  -
lanes 5   trainers 2   heads 0   evals 12
===== 2026-09-07 00:54:37 =====
gpu 0, 7011 MiB, 96 %
gpu 1, 18019 MiB, 50 %
k3_r100_09       step 117700  auc 0.999535 rep_w 1.0   score  40k=1.3495
k32_r100_09      step 40000   auc 0.762917 rep_w 1.0   score  40k=1.4629
k32_r200_08      step -       auc -        rep_w -     score  -
k3_r100_09_dec   step -       auc -        rep_w -     score  -
k32_r100_09_dec  step 18600   auc 0.505770 rep_w 0.0   score  -
k8_r100_09       step -       auc -        rep_w -     score  -
k3_r100_09b      step 40000   auc 0.998401 rep_w 1.0   score  -
k3_r100_09_lr33  step -       auc -        rep_w -     score  -
k3_r100_09_lr17  step -       auc -        rep_w -     score  -
k3_r100_09_lr56  step -       auc -        rep_w -     score  -
lanes 5   trainers 2   heads 0   evals 12
===== 2026-09-07 01:09:59 =====
gpu 0, 13416 MiB, 73 %
gpu 1, 18019 MiB, 59 %
k3_r100_09       step 119800  auc 0.999433 rep_w 1.0   score  40k=1.3495
k32_r100_09      step 40000   auc 0.762917 rep_w 1.0   score  40k=1.4629
k32_r200_08      step -       auc -        rep_w -     score  -
k3_r100_09_dec   step -       auc -        rep_w -     score  -
k32_r100_09_dec  step 19100   auc 0.501032 rep_w 0.0   score  - COLLAPSED
k8_r100_09       step -       auc -        rep_w -     score  -
k3_r100_09b      step 40000   auc 0.998401 rep_w 1.0   score  -
k3_r100_09_lr33  step -       auc -        rep_w -     score  -
k3_r100_09_lr17  step -       auc -        rep_w -     score  -
k3_r100_09_lr56  step -       auc -        rep_w -     score  -
lanes 3   trainers 1   heads 0   evals 11
===== 2026-09-07 01:25:18 =====
gpu 0, 12440 MiB, 81 %
gpu 1, 18019 MiB, 64 %
k3_r100_09       step 122100  auc 0.997841 rep_w 1.0   score  40k=1.3495
k32_r100_09      step 40000   auc 0.762917 rep_w 1.0   score  40k=1.4629
k32_r200_08      step -       auc -        rep_w -     score  -
k3_r100_09_dec   step -       auc -        rep_w -     score  -
k32_r100_09_dec  step 19100   auc 0.501032 rep_w 0.0   score  - COLLAPSED
k8_r100_09       step -       auc -        rep_w -     score  -
k3_r100_09b      step 40000   auc 0.998401 rep_w 1.0   score  -
k3_r100_09_lr33  step -       auc -        rep_w -     score  -
k3_r100_09_lr17  step -       auc -        rep_w -     score  -
k3_r100_09_lr56  step -       auc -        rep_w -     score  -
lanes 3   trainers 1   heads 0   evals 11
===== 2026-09-07 01:40:36 =====
gpu 0, 12440 MiB, 95 %
gpu 1, 18019 MiB, 81 %
k3_r100_09       step 123300  auc 0.999496 rep_w 1.0   score  40k=1.3495
k32_r100_09      step 40000   auc 0.762917 rep_w 1.0   score  40k=1.4629
k32_r200_08      step -       auc -        rep_w -     score  -
k3_r100_09_dec   step -       auc -        rep_w -     score  -
k32_r100_09_dec  step 19100   auc 0.501032 rep_w 0.0   score  - COLLAPSED
k8_r100_09       step -       auc -        rep_w -     score  -
k3_r100_09b      step 40000   auc 0.998401 rep_w 1.0   score  -
k3_r100_09_lr33  step -       auc -        rep_w -     score  -
k3_r100_09_lr17  step -       auc -        rep_w -     score  -
k3_r100_09_lr56  step -       auc -        rep_w -     score  -
lanes 3   trainers 1   heads 0   evals 7
===== 2026-09-07 01:55:53 =====
gpu 0, 7021 MiB, 81 %
gpu 1, 7180 MiB, 99 %
k3_r100_09       step 125600  auc 0.999420 rep_w 1.0   score  40k=1.3495
k32_r100_09      step 40000   auc 0.762917 rep_w 1.0   score  40k=1.4629
k32_r200_08      step -       auc -        rep_w -     score  -
k3_r100_09_dec   step 600     auc 0.997811 rep_w 0.7   score  -
k32_r100_09_dec  step 19100   auc 0.501032 rep_w 0.0   score  - COLLAPSED
k8_r100_09       step -       auc -        rep_w -     score  -
k3_r100_09b      step 40000   auc 0.998401 rep_w 1.0   score  -
k3_r100_09_lr33  step 700     auc 0.998460 rep_w 1.0   score  -
k3_r100_09_lr17  step -       auc -        rep_w -     score  -
k3_r100_09_lr56  step 600     auc 0.997612 rep_w 1.0   score  -
lanes 4   trainers 4   heads 0   evals 7
===== 2026-09-07 02:11:10 =====
gpu 0, 7021 MiB, 92 %
gpu 1, 7180 MiB, 99 %
k3_r100_09       step 125600  auc 0.999420 rep_w 1.0   score  40k=1.3495
k32_r100_09      step 40000   auc 0.762917 rep_w 1.0   score  40k=1.4629
k32_r200_08      step -       auc -        rep_w -     score  -
k3_r100_09_dec   step 4000    auc 0.994677 rep_w 0.0   score  -
k32_r100_09_dec  step 19100   auc 0.501032 rep_w 0.0   score  - COLLAPSED
k8_r100_09       step -       auc -        rep_w -     score  -
k3_r100_09b      step 40000   auc 0.998401 rep_w 1.0   score  40k=1.2927
k3_r100_09_lr33  step 3100    auc 0.988159 rep_w 1.0   score  -
k3_r100_09_lr17  step -       auc -        rep_w -     score  -
k3_r100_09_lr56  step 3000    auc 0.994298 rep_w 1.0   score  -
lanes 4   trainers 4   heads 0   evals 6
===== 2026-09-07 02:26:28 =====
gpu 0, 7021 MiB, 91 %
gpu 1, 7180 MiB, 94 %
k3_r100_09       step 128000  auc 0.998657 rep_w 1.0   score  40k=1.3495
k32_r100_09      step 40000   auc 0.762917 rep_w 1.0   score  40k=1.4629
k32_r200_08      step -       auc -        rep_w -     score  -
k3_r100_09_dec   step 6400    auc 0.989358 rep_w 0.0   score  -
k32_r100_09_dec  step 19100   auc 0.501032 rep_w 0.0   score  - COLLAPSED
k8_r100_09       step -       auc -        rep_w -     score  -
k3_r100_09b      step 40000   auc 0.998401 rep_w 1.0   score  40k=1.2927
k3_r100_09_lr33  step 4800    auc 0.993555 rep_w 1.0   score  -
k3_r100_09_lr17  step -       auc -        rep_w -     score  -
k3_r100_09_lr56  step 5600    auc 0.997302 rep_w 1.0   score  -
lanes 4   trainers 4   heads 0   evals 6
===== 2026-09-07 02:41:46 =====
gpu 0, 6823 MiB, 99 %
gpu 1, 7180 MiB, 82 %
k3_r100_09       step 130600  auc 0.999191 rep_w 1.0   score  40k=1.3495
k32_r100_09      step 40000   auc 0.762917 rep_w 1.0   score  40k=1.4629
k32_r200_08      step -       auc -        rep_w -     score  -
k3_r100_09_dec   step 7700    auc 0.985574 rep_w 0.0   score  -
k32_r100_09_dec  step 19100   auc 0.501032 rep_w 0.0   score  - COLLAPSED
k8_r100_09       step -       auc -        rep_w -     score  -
k3_r100_09b      step 40000   auc 0.998401 rep_w 1.0   score  40k=1.2927
k3_r100_09_lr33  step 7500    auc 0.996042 rep_w 1.0   score  -
k3_r100_09_lr17  step -       auc -        rep_w -     score  -
k3_r100_09_lr56  step 6200    auc 0.997257 rep_w 1.0   score  -
lanes 4   trainers 4   heads 0   evals 5
===== 2026-09-07 02:57:03 =====
gpu 0, 6823 MiB, 98 %
gpu 1, 7180 MiB, 98 %
k3_r100_09       step 132900  auc 0.998992 rep_w 1.0   score  40k=1.3495
k32_r100_09      step 40000   auc 0.762917 rep_w 1.0   score  40k=1.4629
k32_r200_08      step -       auc -        rep_w -     score  -
k3_r100_09_dec   step 11000   auc 0.982334 rep_w 0.0   score  -
k32_r100_09_dec  step 19100   auc 0.501032 rep_w 0.0   score  - COLLAPSED
k8_r100_09       step -       auc -        rep_w -     score  -
k3_r100_09b      step 40000   auc 0.998401 rep_w 1.0   score  40k=1.2927
k3_r100_09_lr33  step 10100   auc 0.997668 rep_w 1.0   score  -
k3_r100_09_lr17  step -       auc -        rep_w -     score  -
k3_r100_09_lr56  step 8100    auc 0.996667 rep_w 1.0   score  -
lanes 4   trainers 4   heads 0   evals 4
===== 2026-09-07 03:12:21 =====
gpu 0, 6823 MiB, 99 %
gpu 1, 7180 MiB, 99 %
k3_r100_09       step 135200  auc 0.999909 rep_w 1.0   score  40k=1.3495
k32_r100_09      step 40000   auc 0.762917 rep_w 1.0   score  40k=1.4629
k32_r200_08      step -       auc -        rep_w -     score  -
k3_r100_09_dec   step 14300   auc 0.972503 rep_w 0.0   score  -
k32_r100_09_dec  step 19100   auc 0.501032 rep_w 0.0   score  - COLLAPSED
k8_r100_09       step -       auc -        rep_w -     score  -
k3_r100_09b      step 40000   auc 0.998401 rep_w 1.0   score  40k=1.2927
k3_r100_09_lr33  step 12600   auc 0.998586 rep_w 1.0   score  -
k3_r100_09_lr17  step -       auc -        rep_w -     score  -
k3_r100_09_lr56  step 10700   auc 0.997858 rep_w 1.0   score  -
lanes 4   trainers 4   heads 0   evals 1
===== 2026-09-07 03:27:38 =====
gpu 0, 6823 MiB, 99 %
gpu 1, 7180 MiB, 98 %
k3_r100_09       step 137800  auc 0.993647 rep_w 1.0   score  40k=1.3495 100k=1.3395
k32_r100_09      step 40000   auc 0.762917 rep_w 1.0   score  40k=1.4629
k32_r200_08      step -       auc -        rep_w -     score  -
k3_r100_09_dec   step 16400   auc 0.988386 rep_w 0.0   score  -
k32_r100_09_dec  step 19100   auc 0.501032 rep_w 0.0   score  - COLLAPSED
k8_r100_09       step -       auc -        rep_w -     score  -
k3_r100_09b      step 40000   auc 0.998401 rep_w 1.0   score  40k=1.2927
k3_r100_09_lr33  step 15400   auc 0.997968 rep_w 1.0   score  -
k3_r100_09_lr17  step -       auc -        rep_w -     score  -
k3_r100_09_lr56  step 12000   auc 0.997521 rep_w 1.0   score  -
lanes 4   trainers 4   heads 0   evals 0
===== 2026-09-07 03:42:55 =====
gpu 0, 6823 MiB, 98 %
gpu 1, 7180 MiB, 98 %
k3_r100_09       step 140200  auc 0.998500 rep_w 1.0   score  40k=1.3495 100k=1.3395
k32_r100_09      step 40000   auc 0.762917 rep_w 1.0   score  40k=1.4629
k32_r200_08      step -       auc -        rep_w -     score  -
k3_r100_09_dec   step 19700   auc 0.992007 rep_w 0.0   score  -
k32_r100_09_dec  step 19100   auc 0.501032 rep_w 0.0   score  - COLLAPSED
k8_r100_09       step -       auc -        rep_w -     score  -
k3_r100_09b      step 40000   auc 0.998401 rep_w 1.0   score  40k=1.2927
k3_r100_09_lr33  step 18000   auc 0.998131 rep_w 1.0   score  -
k3_r100_09_lr17  step -       auc -        rep_w -     score  -
k3_r100_09_lr56  step 14600   auc 0.998181 rep_w 1.0   score  -
lanes 4   trainers 4   heads 0   evals 0
===== 2026-09-07 03:58:14 =====
gpu 0, 5767 MiB, 96 %
gpu 1, 6104 MiB, 97 %
k3_r100_09       step 142900  auc 0.999833 rep_w 1.0   score  40k=1.3495 100k=1.3395
k32_r100_09      step 40000   auc 0.762917 rep_w 1.0   score  40k=1.4629
k32_r200_08      step -       auc -        rep_w -     score  -
k3_r100_09_dec   step 21200   auc 0.993570 rep_w 0.0   score  -
k32_r100_09_dec  step 19100   auc 0.501032 rep_w 0.0   score  - COLLAPSED
k8_r100_09       step -       auc -        rep_w -     score  -
k3_r100_09b      step 40000   auc 0.998401 rep_w 1.0   score  40k=1.2927
k3_r100_09_lr33  step 20600   auc 0.995275 rep_w 1.0   score  -
k3_r100_09_lr17  step -       auc -        rep_w -     score  -
k3_r100_09_lr56  step 16800   auc 0.999013 rep_w 1.0   score  -
lanes 4   trainers 4   heads 0   evals 0
===== 2026-09-07 04:13:33 =====
gpu 0, 5767 MiB, 99 %
gpu 1, 6104 MiB, 98 %
k3_r100_09       step 145400  auc 0.998971 rep_w 1.0   score  40k=1.3495 100k=1.3395
k32_r100_09      step 40000   auc 0.762917 rep_w 1.0   score  40k=1.4629
k32_r200_08      step -       auc -        rep_w -     score  -
k3_r100_09_dec   step 23600   auc 0.995151 rep_w 0.0   score  -
k32_r100_09_dec  step 19100   auc 0.501032 rep_w 0.0   score  - COLLAPSED
k8_r100_09       step -       auc -        rep_w -     score  -
k3_r100_09b      step 40000   auc 0.998401 rep_w 1.0   score  40k=1.2927
k3_r100_09_lr33  step 23100   auc 0.998398 rep_w 1.0   score  -
k3_r100_09_lr17  step -       auc -        rep_w -     score  -
k3_r100_09_lr56  step 18900   auc 0.998881 rep_w 1.0   score  -
lanes 4   trainers 4   heads 0   evals 0
===== 2026-09-07 04:28:53 =====
gpu 0, 5767 MiB, 99 %
gpu 1, 5028 MiB, 99 %
k3_r100_09       step 147400  auc 0.999639 rep_w 1.0   score  40k=1.3495 100k=1.3395
k32_r100_09      step 40000   auc 0.762917 rep_w 1.0   score  40k=1.4629
k32_r200_08      step -       auc -        rep_w -     score  -
k3_r100_09_dec   step 25500   auc 0.996761 rep_w 0.0   score  -
k32_r100_09_dec  step 19100   auc 0.501032 rep_w 0.0   score  - COLLAPSED
k8_r100_09       step -       auc -        rep_w -     score  -
k3_r100_09b      step 40000   auc 0.998401 rep_w 1.0   score  40k=1.2927
k3_r100_09_lr33  step 25200   auc 0.998485 rep_w 1.0   score  -
k3_r100_09_lr17  step -       auc -        rep_w -     score  -
k3_r100_09_lr56  step 21600   auc 0.996223 rep_w 1.0   score  -
lanes 2   trainers 4   heads 0   evals 0
===== 2026-09-07 04:44:14 =====
gpu 0, 5767 MiB, 99 %
gpu 1, 5028 MiB, 90 %
k3_r100_09       step 149900  auc 0.999379 rep_w 1.0   score  40k=1.3495 100k=1.3395
k32_r100_09      step 40000   auc 0.762917 rep_w 1.0   score  40k=1.4629
k32_r200_08      step -       auc -        rep_w -     score  -
k3_r100_09_dec   step 28900   auc 0.998259 rep_w 0.0   score  -
k32_r100_09_dec  step 19100   auc 0.501032 rep_w 0.0   score  - COLLAPSED
k8_r100_09       step -       auc -        rep_w -     score  -
k3_r100_09b      step 40000   auc 0.998401 rep_w 1.0   score  40k=1.2927
k3_r100_09_lr33  step 27000   auc 0.997280 rep_w 1.0   score  -
k3_r100_09_lr17  step -       auc -        rep_w -     score  -
k3_r100_09_lr56  step 23100   auc 0.998052 rep_w 1.0   score  -
lanes 2   trainers 4   heads 0   evals 0
===== 2026-09-07 04:59:35 =====
gpu 0, 5767 MiB, 99 %
gpu 1, 7444 MiB, 99 %
k3_r100_09       step 151800  auc 0.999828 rep_w 1.0   score  40k=1.3495 100k=1.3395
k32_r100_09      step 40000   auc 0.762917 rep_w 1.0   score  40k=1.4629
k32_r200_08      step -       auc -        rep_w -     score  -
k3_r100_09_dec   step 32300   auc 0.997792 rep_w 0.0   score  -
k32_r100_09_dec  step 19100   auc 0.501032 rep_w 0.0   score  - COLLAPSED
k8_r100_09       step -       auc -        rep_w -     score  -
k3_r100_09b      step 40000   auc 0.998401 rep_w 1.0   score  40k=1.2927
k3_r100_09_lr33  step 29800   auc 0.998667 rep_w 1.0   score  -
k3_r100_09_lr17  step -       auc -        rep_w -     score  -
k3_r100_09_lr56  step 24400   auc 0.997505 rep_w 1.0   score  -
lanes 2   trainers 4   heads 0   evals 0
===== 2026-09-07 05:14:56 =====
gpu 0, 5767 MiB, 100 %
gpu 1, 7444 MiB, 98 %
k3_r100_09       step 154000  auc 0.998903 rep_w 1.0   score  40k=1.3495 100k=1.3395
k32_r100_09      step 40000   auc 0.762917 rep_w 1.0   score  40k=1.4629
k32_r200_08      step -       auc -        rep_w -     score  -
k3_r100_09_dec   step 34900   auc 0.998677 rep_w 0.0   score  -
k32_r100_09_dec  step 19100   auc 0.501032 rep_w 0.0   score  - COLLAPSED
k8_r100_09       step -       auc -        rep_w -     score  -
k3_r100_09b      step 40000   auc 0.998401 rep_w 1.0   score  40k=1.2927
k3_r100_09_lr33  step 32600   auc 0.998075 rep_w 1.0   score  -
k3_r100_09_lr17  step -       auc -        rep_w -     score  -
k3_r100_09_lr56  step 26000   auc 0.997431 rep_w 1.0   score  -
lanes 2   trainers 4   heads 0   evals 0
===== 2026-09-07 05:30:18 =====
gpu 0, 5767 MiB, 98 %
gpu 1, 7444 MiB, 99 %
k3_r100_09       step 156700  auc 0.999815 rep_w 1.0   score  40k=1.3495 100k=1.3395
k32_r100_09      step 40000   auc 0.762917 rep_w 1.0   score  40k=1.4629
k32_r200_08      step -       auc -        rep_w -     score  -
k3_r100_09_dec   step 35600   auc 0.997527 rep_w 0.0   score  -
k32_r100_09_dec  step 19100   auc 0.501032 rep_w 0.0   score  - COLLAPSED
k8_r100_09       step -       auc -        rep_w -     score  -
k3_r100_09b      step 40000   auc 0.998401 rep_w 1.0   score  40k=1.2927
k3_r100_09_lr33  step 35200   auc 0.999260 rep_w 1.0   score  -
k3_r100_09_lr17  step -       auc -        rep_w -     score  -
k3_r100_09_lr56  step 28600   auc 0.998798 rep_w 1.0   score  -
lanes 2   trainers 4   heads 0   evals 0
===== 2026-09-07 05:45:40 =====
gpu 0, 5767 MiB, 99 %
gpu 1, 7444 MiB, 91 %
k3_r100_09       step 159300  auc 0.999154 rep_w 1.0   score  40k=1.3495 100k=1.3395
k32_r100_09      step 40000   auc 0.762917 rep_w 1.0   score  40k=1.4629
k32_r200_08      step -       auc -        rep_w -     score  -
k3_r100_09_dec   step 37800   auc 0.996726 rep_w 0.0   score  -
k32_r100_09_dec  step 19100   auc 0.501032 rep_w 0.0   score  - COLLAPSED
k8_r100_09       step -       auc -        rep_w -     score  -
k3_r100_09b      step 40000   auc 0.998401 rep_w 1.0   score  40k=1.2927
k3_r100_09_lr33  step 37800   auc 0.998524 rep_w 1.0   score  -
k3_r100_09_lr17  step -       auc -        rep_w -     score  -
k3_r100_09_lr56  step 31200   auc 0.992121 rep_w 1.0   score  -
lanes 2   trainers 4   heads 0   evals 0
===== 2026-09-07 06:01:03 =====
gpu 0, 5747 MiB, 99 %
gpu 1, 7444 MiB, 98 %
k3_r100_09       step 161900  auc 0.999852 rep_w 1.0   score  40k=1.3495 100k=1.3395
k32_r100_09      step 40000   auc 0.762917 rep_w 1.0   score  40k=1.4629
k32_r200_08      step -       auc -        rep_w -     score  -
k3_r100_09_dec   step 39700   auc 0.992537 rep_w 0.0   score  -
k32_r100_09_dec  step 19100   auc 0.501032 rep_w 0.0   score  - COLLAPSED
k8_r100_09       step -       auc -        rep_w -     score  -
k3_r100_09b      step 40000   auc 0.998401 rep_w 1.0   score  40k=1.2927
k3_r100_09_lr33  step 39500   auc 0.998170 rep_w 1.0   score  -
k3_r100_09_lr17  step -       auc -        rep_w -     score  -
k3_r100_09_lr56  step 33900   auc 0.995639 rep_w 1.0   score  -
lanes 2   trainers 4   heads 0   evals 0
===== 2026-09-07 06:16:27 =====
gpu 0, 5817 MiB, 95 %
gpu 1, 7684 MiB, 96 %
k3_r100_09       step 164300  auc 0.997892 rep_w 1.0   score  40k=1.3495 100k=1.3395
k32_r100_09      step 40000   auc 0.762917 rep_w 1.0   score  40k=1.4629
k32_r200_08      step 1000    auc 0.934857 rep_w 1.0   score  -
k3_r100_09_dec   step 40000   auc 0.998001 rep_w 0.0   score  -
k32_r100_09_dec  step 19100   auc 0.501032 rep_w 0.0   score  - COLLAPSED
k8_r100_09       step -       auc -        rep_w -     score  -
k3_r100_09b      step 40000   auc 0.998401 rep_w 1.0   score  40k=1.2927
k3_r100_09_lr33  step 40000   auc 0.998314 rep_w 1.0   score  -
k3_r100_09_lr17  step -       auc -        rep_w -     score  -
k3_r100_09_lr56  step 36500   auc 0.995804 rep_w 1.0   score  -
lanes 3   trainers 3   heads 3   evals 0
===== 2026-09-07 06:31:50 =====
gpu 0, 5817 MiB, 98 %
gpu 1, 7684 MiB, 97 %
k3_r100_09       step 164600  auc 0.999842 rep_w 1.0   score  40k=1.3495 100k=1.3395
k32_r100_09      step 40000   auc 0.762917 rep_w 1.0   score  40k=1.4629
k32_r200_08      step 2300    auc 0.840713 rep_w 1.0   score  -
k3_r100_09_dec   step 40000   auc 0.998001 rep_w 0.0   score  -
k32_r100_09_dec  step 19100   auc 0.501032 rep_w 0.0   score  - COLLAPSED
k8_r100_09       step -       auc -        rep_w -     score  -
k3_r100_09b      step 40000   auc 0.998401 rep_w 1.0   score  40k=1.2927
k3_r100_09_lr33  step 40000   auc 0.998314 rep_w 1.0   score  -
k3_r100_09_lr17  step -       auc -        rep_w -     score  -
k3_r100_09_lr56  step 39100   auc 0.995302 rep_w 1.0   score  -
lanes 2   trainers 3   heads 1   evals 0
===== 2026-09-07 06:47:14 =====
gpu 0, 5817 MiB, 99 %
gpu 1, 8760 MiB, 99 %
k3_r100_09       step 167000  auc 0.999743 rep_w 1.0   score  40k=1.3495 100k=1.3395
k32_r100_09      step 40000   auc 0.762917 rep_w 1.0   score  40k=1.4629
k32_r200_08      step 3500    auc 0.802435 rep_w 1.0   score  -
k3_r100_09_dec   step 40000   auc 0.998001 rep_w 0.0   score  -
k32_r100_09_dec  step 19100   auc 0.501032 rep_w 0.0   score  - COLLAPSED
k8_r100_09       step -       auc -        rep_w -     score  -
k3_r100_09b      step 40000   auc 0.998401 rep_w 1.0   score  40k=1.2927
k3_r100_09_lr33  step 40000   auc 0.998314 rep_w 1.0   score  -
k3_r100_09_lr17  step 1600    auc 0.998956 rep_w 1.0   score  -
k3_r100_09_lr56  step 40000   auc 0.997268 rep_w 1.0   score  -
lanes 2   trainers 3   heads 1   evals 0
===== 2026-09-07 07:02:39 =====
gpu 0, 5817 MiB, 99 %
gpu 1, 8760 MiB, 96 %
k3_r100_09       step 168500  auc 0.999402 rep_w 1.0   score  40k=1.3495 100k=1.3395
k32_r100_09      step 40000   auc 0.762917 rep_w 1.0   score  40k=1.4629
k32_r200_08      step 4800    auc 0.816318 rep_w 1.0   score  -
k3_r100_09_dec   step 40000   auc 0.998001 rep_w 0.0   score  -
k32_r100_09_dec  step 19100   auc 0.501032 rep_w 0.0   score  - COLLAPSED
k8_r100_09       step -       auc -        rep_w -     score  -
k3_r100_09b      step 40000   auc 0.998401 rep_w 1.0   score  40k=1.2927
k3_r100_09_lr33  step 40000   auc 0.998314 rep_w 1.0   score  -
k3_r100_09_lr17  step 2400    auc 0.999347 rep_w 1.0   score  -
k3_r100_09_lr56  step 40000   auc 0.997268 rep_w 1.0   score  -
lanes 2   trainers 3   heads 1   evals 0
===== 2026-09-07 07:18:03 =====
gpu 0, 5817 MiB, 97 %
gpu 1, 8760 MiB, 97 %
k3_r100_09       step 171100  auc 0.999590 rep_w 1.0   score  40k=1.3495 100k=1.3395
k32_r100_09      step 40000   auc 0.762917 rep_w 1.0   score  40k=1.4629
k32_r200_08      step 5600    auc 0.813407 rep_w 1.0   score  -
k3_r100_09_dec   step 40000   auc 0.998001 rep_w 0.0   score  -
k32_r100_09_dec  step 19100   auc 0.501032 rep_w 0.0   score  - COLLAPSED
k8_r100_09       step -       auc -        rep_w -     score  -
k3_r100_09b      step 40000   auc 0.998401 rep_w 1.0   score  40k=1.2927
k3_r100_09_lr33  step 40000   auc 0.998314 rep_w 1.0   score  -
k3_r100_09_lr17  step 4800    auc 0.997634 rep_w 1.0   score  -
k3_r100_09_lr56  step 40000   auc 0.997268 rep_w 1.0   score  -
lanes 2   trainers 3   heads 1   evals 0
===== 2026-09-07 07:33:27 =====
gpu 0, 5817 MiB, 99 %
gpu 1, 8760 MiB, 92 %
k3_r100_09       step 173600  auc 0.999783 rep_w 1.0   score  40k=1.3495 100k=1.3395
k32_r100_09      step 40000   auc 0.762917 rep_w 1.0   score  40k=1.4629
k32_r200_08      step 6400    auc 0.831050 rep_w 1.0   score  -
k3_r100_09_dec   step 40000   auc 0.998001 rep_w 0.0   score  -
k32_r100_09_dec  step 19100   auc 0.501032 rep_w 0.0   score  - COLLAPSED
k8_r100_09       step -       auc -        rep_w -     score  -
k3_r100_09b      step 40000   auc 0.998401 rep_w 1.0   score  40k=1.2927
k3_r100_09_lr33  step 40000   auc 0.998314 rep_w 1.0   score  -
k3_r100_09_lr17  step 7400    auc 0.991662 rep_w 1.0   score  -
k3_r100_09_lr56  step 40000   auc 0.997268 rep_w 1.0   score  -
lanes 2   trainers 3   heads 1   evals 0
===== 2026-09-07 07:48:52 =====
gpu 0, 5817 MiB, 93 %
gpu 1, 8760 MiB, 96 %
k3_r100_09       step 174900  auc 0.998647 rep_w 1.0   score  40k=1.3495 100k=1.3395
k32_r100_09      step 40000   auc 0.762917 rep_w 1.0   score  40k=1.4629
k32_r200_08      step 7600    auc 0.767317 rep_w 1.0   score  -
k3_r100_09_dec   step 40000   auc 0.998001 rep_w 0.0   score  -
k32_r100_09_dec  step 19100   auc 0.501032 rep_w 0.0   score  - COLLAPSED
k8_r100_09       step -       auc -        rep_w -     score  -
k3_r100_09b      step 40000   auc 0.998401 rep_w 1.0   score  40k=1.2927
k3_r100_09_lr33  step 40000   auc 0.998314 rep_w 1.0   score  -
k3_r100_09_lr17  step 10000   auc 0.996340 rep_w 1.0   score  -
k3_r100_09_lr56  step 40000   auc 0.997268 rep_w 1.0   score  -
lanes 2   trainers 3   heads 1   evals 4
===== 2026-09-07 08:04:29 =====
gpu 0, 5817 MiB, 100 %
gpu 1, 8760 MiB, 85 %
k3_r100_09       step 176100  auc 0.999353 rep_w 1.0   score  40k=1.3495 100k=1.3395
k32_r100_09      step 40000   auc 0.762917 rep_w 1.0   score  40k=1.4629
k32_r200_08      step 8800    auc 0.757498 rep_w 1.0   score  -
k3_r100_09_dec   step 40000   auc 0.998001 rep_w 0.0   score  -
k32_r100_09_dec  step 19100   auc 0.501032 rep_w 0.0   score  - COLLAPSED
k8_r100_09       step -       auc -        rep_w -     score  -
k3_r100_09b      step 40000   auc 0.998401 rep_w 1.0   score  40k=1.2927
k3_r100_09_lr33  step 40000   auc 0.998314 rep_w 1.0   score  -
k3_r100_09_lr17  step 11800   auc 0.997201 rep_w 1.0   score  -
k3_r100_09_lr56  step 40000   auc 0.997268 rep_w 1.0   score  -
lanes 2   trainers 3   heads 1   evals 4
===== 2026-09-07 08:20:08 =====
gpu 0, 5817 MiB, 90 %
gpu 1, 8760 MiB, 99 %
k3_r100_09       step 176800  auc 0.998560 rep_w 1.0   score  40k=1.3495 100k=1.3395
k32_r100_09      step 40000   auc 0.762917 rep_w 1.0   score  40k=1.4629
k32_r200_08      step 10000   auc 0.736485 rep_w 1.0   score  -
k3_r100_09_dec   step 40000   auc 0.998001 rep_w 0.0   score  -
k32_r100_09_dec  step 19100   auc 0.501032 rep_w 0.0   score  - COLLAPSED
k8_r100_09       step -       auc -        rep_w -     score  -
k3_r100_09b      step 40000   auc 0.998401 rep_w 1.0   score  40k=1.2927
k3_r100_09_lr33  step 40000   auc 0.998314 rep_w 1.0   score  -
k3_r100_09_lr17  step 14100   auc 0.995890 rep_w 1.0   score  -
k3_r100_09_lr56  step 40000   auc 0.997268 rep_w 1.0   score  -
lanes 2   trainers 3   heads 1   evals 4
===== 2026-09-07 08:35:45 =====
gpu 0, 5817 MiB, 99 %
gpu 1, 8760 MiB, 96 %
k3_r100_09       step 179100  auc 0.999388 rep_w 1.0   score  40k=1.3495 100k=1.3395
k32_r100_09      step 40000   auc 0.762917 rep_w 1.0   score  40k=1.4629
k32_r200_08      step 11100   auc 0.723362 rep_w 1.0   score  -
k3_r100_09_dec   step 40000   auc 0.998001 rep_w 0.0   score  -
k32_r100_09_dec  step 19100   auc 0.501032 rep_w 0.0   score  - COLLAPSED
k8_r100_09       step -       auc -        rep_w -     score  -
k3_r100_09b      step 40000   auc 0.998401 rep_w 1.0   score  40k=1.2927
k3_r100_09_lr33  step 40000   auc 0.998314 rep_w 1.0   score  -
k3_r100_09_lr17  step 16700   auc 0.998368 rep_w 1.0   score  -
k3_r100_09_lr56  step 40000   auc 0.997268 rep_w 1.0   score  -
lanes 2   trainers 3   heads 1   evals 4
===== 2026-09-07 08:51:24 =====
gpu 0, 5817 MiB, 99 %
gpu 1, 8760 MiB, 99 %
k3_r100_09       step 181400  auc 0.999699 rep_w 1.0   score  40k=1.3495 100k=1.3395
k32_r100_09      step 40000   auc 0.762917 rep_w 1.0   score  40k=1.4629
k32_r200_08      step 12300   auc 0.752887 rep_w 1.0   score  -
k3_r100_09_dec   step 40000   auc 0.998001 rep_w 0.0   score  -
k32_r100_09_dec  step 19100   auc 0.501032 rep_w 0.0   score  - COLLAPSED
k8_r100_09       step -       auc -        rep_w -     score  -
k3_r100_09b      step 40000   auc 0.998401 rep_w 1.0   score  40k=1.2927
k3_r100_09_lr33  step 40000   auc 0.998314 rep_w 1.0   score  -
k3_r100_09_lr17  step 19200   auc 0.998897 rep_w 1.0   score  -
k3_r100_09_lr56  step 40000   auc 0.997268 rep_w 1.0   score  -
lanes 2   trainers 3   heads 1   evals 4
===== 2026-09-07 09:07:04 =====
gpu 0, 5817 MiB, 99 %
gpu 1, 7684 MiB, 94 %
k3_r100_09       step 183800  auc 0.998373 rep_w 1.0   score  40k=1.3495 100k=1.3395
k32_r100_09      step 40000   auc 0.762917 rep_w 1.0   score  40k=1.4629
k32_r200_08      step 13400   auc 0.747932 rep_w 1.0   score  -
k3_r100_09_dec   step 40000   auc 0.998001 rep_w 0.0   score  -
k32_r100_09_dec  step 19100   auc 0.501032 rep_w 0.0   score  - COLLAPSED
k8_r100_09       step -       auc -        rep_w -     score  -
k3_r100_09b      step 40000   auc 0.998401 rep_w 1.0   score  40k=1.2927
k3_r100_09_lr33  step 40000   auc 0.998314 rep_w 1.0   score  -
k3_r100_09_lr17  step 21800   auc 0.997265 rep_w 1.0   score  -
k3_r100_09_lr56  step 40000   auc 0.997268 rep_w 1.0   score  -
lanes 2   trainers 3   heads 1   evals 4
===== 2026-09-07 09:22:42 =====
gpu 0, 5817 MiB, 95 %
gpu 1, 7684 MiB, 99 %
k3_r100_09       step 184300  auc 0.999634 rep_w 1.0   score  40k=1.3495 100k=1.3395
k32_r100_09      step 40000   auc 0.762917 rep_w 1.0   score  40k=1.4629
k32_r200_08      step 14700   auc 0.769636 rep_w 1.0   score  -
k3_r100_09_dec   step 40000   auc 0.998001 rep_w 0.0   score  -
k32_r100_09_dec  step 19100   auc 0.501032 rep_w 0.0   score  - COLLAPSED
k8_r100_09       step -       auc -        rep_w -     score  -
k3_r100_09b      step 40000   auc 0.998401 rep_w 1.0   score  40k=1.2927
k3_r100_09_lr33  step 40000   auc 0.998314 rep_w 1.0   score  -
k3_r100_09_lr17  step 22900   auc 0.998518 rep_w 1.0   score  -
k3_r100_09_lr56  step 40000   auc 0.997268 rep_w 1.0   score  -
lanes 2   trainers 3   heads 1   evals 4
===== 2026-09-07 09:38:22 =====
gpu 0, 5817 MiB, 99 %
gpu 1, 7684 MiB, 97 %
k3_r100_09       step 186500  auc 0.999888 rep_w 1.0   score  40k=1.3495 100k=1.3395
k32_r100_09      step 40000   auc 0.762917 rep_w 1.0   score  40k=1.4629
k32_r200_08      step 15800   auc 0.750831 rep_w 1.0   score  -
k3_r100_09_dec   step 40000   auc 0.998001 rep_w 0.0   score  -
k32_r100_09_dec  step 19100   auc 0.501032 rep_w 0.0   score  - COLLAPSED
k8_r100_09       step -       auc -        rep_w -     score  -
k3_r100_09b      step 40000   auc 0.998401 rep_w 1.0   score  40k=1.2927
k3_r100_09_lr33  step 40000   auc 0.998314 rep_w 1.0   score  -
k3_r100_09_lr17  step 25300   auc 0.999298 rep_w 1.0   score  -
k3_r100_09_lr56  step 40000   auc 0.997268 rep_w 1.0   score  -
lanes 2   trainers 3   heads 1   evals 8
===== 2026-09-07 09:54:06 =====
gpu 0, 5817 MiB, 96 %
gpu 1, 7684 MiB, 94 %
k3_r100_09       step 188700  auc 0.998656 rep_w 1.0   score  40k=1.3495 100k=1.3395
k32_r100_09      step 40000   auc 0.762917 rep_w 1.0   score  40k=1.4629
k32_r200_08      step 16800   auc 0.767196 rep_w 1.0   score  -
k3_r100_09_dec   step 40000   auc 0.998001 rep_w 0.0   score  -
k32_r100_09_dec  step 19100   auc 0.501032 rep_w 0.0   score  - COLLAPSED
k8_r100_09       step -       auc -        rep_w -     score  -
k3_r100_09b      step 40000   auc 0.998401 rep_w 1.0   score  40k=1.2927
k3_r100_09_lr33  step 40000   auc 0.998314 rep_w 1.0   score  -
k3_r100_09_lr17  step 27700   auc 0.997884 rep_w 1.0   score  -
k3_r100_09_lr56  step 40000   auc 0.997268 rep_w 1.0   score  -
lanes 2   trainers 3   heads 1   evals 8
===== 2026-09-07 10:09:51 =====
gpu 0, 5817 MiB, 100 %
gpu 1, 7684 MiB, 93 %
k3_r100_09       step 190900  auc 0.999778 rep_w 1.0   score  40k=1.3495 100k=1.3395
k32_r100_09      step 40000   auc 0.762917 rep_w 1.0   score  40k=1.4629
k32_r200_08      step 17800   auc 0.771497 rep_w 1.0   score  -
k3_r100_09_dec   step 40000   auc 0.998001 rep_w 0.0   score  -
k32_r100_09_dec  step 19100   auc 0.501032 rep_w 0.0   score  - COLLAPSED
k8_r100_09       step -       auc -        rep_w -     score  -
k3_r100_09b      step 40000   auc 0.998401 rep_w 1.0   score  40k=1.2927
k3_r100_09_lr33  step 40000   auc 0.998314 rep_w 1.0   score  -
k3_r100_09_lr17  step 30000   auc 0.997777 rep_w 1.0   score  -
k3_r100_09_lr56  step 40000   auc 0.997268 rep_w 1.0   score  -
lanes 2   trainers 3   heads 1   evals 8
===== 2026-09-07 10:25:36 =====
gpu 0, 5817 MiB, 97 %
gpu 1, 7684 MiB, 99 %
k3_r100_09       step 192400  auc 0.999757 rep_w 1.0   score  40k=1.3495 100k=1.3395
k32_r100_09      step 40000   auc 0.762917 rep_w 1.0   score  40k=1.4629
k32_r200_08      step 18900   auc 0.676922 rep_w 1.0   score  -
k3_r100_09_dec   step 40000   auc 0.998001 rep_w 0.0   score  -
k32_r100_09_dec  step 19100   auc 0.501032 rep_w 0.0   score  - COLLAPSED
k8_r100_09       step -       auc -        rep_w -     score  -
k3_r100_09b      step 40000   auc 0.998401 rep_w 1.0   score  40k=1.2927
k3_r100_09_lr33  step 40000   auc 0.998314 rep_w 1.0   score  -
k3_r100_09_lr17  step 32300   auc 0.998832 rep_w 1.0   score  -
k3_r100_09_lr56  step 40000   auc 0.997268 rep_w 1.0   score  -
lanes 2   trainers 3   heads 1   evals 8
===== 2026-09-07 10:41:21 =====
gpu 0, 1801 MiB, 91 %
gpu 1, 7684 MiB, 99 %
k3_r100_09       step 192400  auc 0.999757 rep_w 1.0   score  40k=1.3495 100k=1.3395
k32_r100_09      step 40000   auc 0.762917 rep_w 1.0   score  40k=1.4629
k32_r200_08      step 20000   auc 0.639247 rep_w 1.0   score  -
k3_r100_09_dec   step 40000   auc 0.998001 rep_w 0.0   score  -
k32_r100_09_dec  step 19100   auc 0.501032 rep_w 0.0   score  - COLLAPSED
k8_r100_09       step -       auc -        rep_w -     score  -
k3_r100_09b      step 40000   auc 0.998401 rep_w 1.0   score  40k=1.2927
k3_r100_09_lr33  step 40000   auc 0.998314 rep_w 1.0   score  -
k3_r100_09_lr17  step 34700   auc 0.999026 rep_w 1.0   score  -
k3_r100_09_lr56  step 40000   auc 0.997268 rep_w 1.0   score  -
lanes 2   trainers 3   heads 1   evals 8
===== 2026-09-07 10:57:07 =====
gpu 0, 1801 MiB, 99 %
gpu 1, 7684 MiB, 99 %
k3_r100_09       step 193700  auc 0.999436 rep_w 1.0   score  40k=1.3495 100k=1.3395
k32_r100_09      step 40000   auc 0.773158 rep_w 1.0   score  40k=1.4629
k32_r200_08      step 21100   auc 0.614047 rep_w 1.0   score  -
k3_r100_09_dec   step 40000   auc 0.997382 rep_w 0.0   score  -
k32_r100_09_dec  step 19100   auc 0.501426 rep_w 0.0   score  - COLLAPSED
k8_r100_09       step -       auc -        rep_w -     score  -
k3_r100_09b      step 40000   auc 0.998191 rep_w 1.0   score  40k=1.2927
k3_r100_09_lr33  step 40000   auc 0.997974 rep_w 1.0   score  -
k3_r100_09_lr17  step 37100   auc 0.998576 rep_w 1.0   score  -
k3_r100_09_lr56  step 40000   auc 0.995592 rep_w 1.0   score  -
lanes 2   trainers 3   heads 1   evals 7
===== 2026-09-07 11:12:52 =====
gpu 0, 1801 MiB, 100 %
gpu 1, 7684 MiB, 96 %
k3_r100_09       step 196100  auc 0.999495 rep_w 1.0   score  40k=1.3495 100k=1.3395
k32_r100_09      step 40000   auc 0.773158 rep_w 1.0   score  40k=1.4629
k32_r200_08      step 21900   auc 0.609457 rep_w 1.0   score  -
k3_r100_09_dec   step 40000   auc 0.997382 rep_w 0.0   score  -
k32_r100_09_dec  step 19100   auc 0.501426 rep_w 0.0   score  - COLLAPSED
k8_r100_09       step -       auc -        rep_w -     score  -
k3_r100_09b      step 40000   auc 0.998191 rep_w 1.0   score  40k=1.2927
k3_r100_09_lr33  step 40000   auc 0.997974 rep_w 1.0   score  -
k3_r100_09_lr17  step 37500   auc 0.998681 rep_w 1.0   score  -
k3_r100_09_lr56  step 40000   auc 0.995592 rep_w 1.0   score  -
lanes 2   trainers 3   heads 1   evals 6
===== 2026-09-07 11:28:35 =====
gpu 0, 1801 MiB, 99 %
gpu 1, 8512 MiB, 99 %
k3_r100_09       step 198400  auc 0.999474 rep_w 1.0   score  40k=1.3495 100k=1.3395
k32_r100_09      step 40000   auc 0.773158 rep_w 1.0   score  40k=1.4629
k32_r200_08      step 22900   auc 0.616333 rep_w 1.0   score  -
k3_r100_09_dec   step 40000   auc 0.997382 rep_w 0.0   score  -
k32_r100_09_dec  step 19100   auc 0.501426 rep_w 0.0   score  - COLLAPSED
k8_r100_09       step 1200    auc 0.975038 rep_w 1.0   score  -
k3_r100_09b      step 40000   auc 0.998191 rep_w 1.0   score  40k=1.2927
k3_r100_09_lr33  step 40000   auc 0.997974 rep_w 1.0   score  -
k3_r100_09_lr17  step 38500   auc 0.998662 rep_w 1.0   score  -
k3_r100_09_lr56  step 40000   auc 0.995592 rep_w 1.0   score  -
lanes 2   trainers 4   heads 0   evals 9
===== 2026-09-07 11:44:23 =====
gpu 0, 8296 MiB, 92 %
gpu 1, 8752 MiB, 89 %
k3_r100_09       step 200000  auc 0.999517 rep_w 1.0   score  40k=1.3495 100k=1.3395
k32_r100_09      step 40000   auc 0.773158 rep_w 1.0   score  40k=1.4629
k32_r200_08      step 23900   auc 0.588428 rep_w 1.0   score  -
k3_r100_09_dec   step 40000   auc 0.997382 rep_w 0.0   score  -
k32_r100_09_dec  step 19100   auc 0.501426 rep_w 0.0   score  - COLLAPSED
k8_r100_09       step 3200    auc 0.963032 rep_w 1.0   score  -
k3_r100_09b      step 40000   auc 0.998191 rep_w 1.0   score  40k=1.2927
k3_r100_09_lr33  step 40000   auc 0.997974 rep_w 1.0   score  40k=1.2483
k3_r100_09_lr17  step 40000   auc 0.998509 rep_w 1.0   score  -
k3_r100_09_lr56  step 40000   auc 0.995592 rep_w 1.0   score  -
lanes 2   trainers 2   heads 1   evals 8
===== 2026-09-07 12:00:09 =====
gpu 0, 8296 MiB, 84 %
gpu 1, 8752 MiB, 99 %
k3_r100_09       step 200000  auc 0.999517 rep_w 1.0   score  40k=1.3495 100k=1.3395
k32_r100_09      step 40000   auc 0.773158 rep_w 1.0   score  40k=1.4629
k32_r200_08      step 24900   auc 0.565881 rep_w 1.0   score  -
k3_r100_09_dec   step 40000   auc 0.997382 rep_w 0.0   score  -
k32_r100_09_dec  step 19100   auc 0.501426 rep_w 0.0   score  - COLLAPSED
k8_r100_09       step 5100    auc 0.961455 rep_w 1.0   score  -
k3_r100_09b      step 40000   auc 0.998191 rep_w 1.0   score  40k=1.2927
k3_r100_09_lr33  step 40000   auc 0.997974 rep_w 1.0   score  40k=1.2483
k3_r100_09_lr17  step 40000   auc 0.998509 rep_w 1.0   score  -
k3_r100_09_lr56  step 40000   auc 0.995592 rep_w 1.0   score  -
lanes 2   trainers 2   heads 1   evals 8
===== 2026-09-07 12:15:57 =====
gpu 0, 8296 MiB, 96 %
gpu 1, 8752 MiB, 86 %
k3_r100_09       step 200000  auc 0.999517 rep_w 1.0   score  40k=1.3495 100k=1.3395
k32_r100_09      step 40000   auc 0.773158 rep_w 1.0   score  40k=1.4629
k32_r200_08      step 25500   auc 0.567815 rep_w 1.0   score  -
k3_r100_09_dec   step 40000   auc 0.997382 rep_w 0.0   score  -
k32_r100_09_dec  step 19100   auc 0.501426 rep_w 0.0   score  - COLLAPSED
k8_r100_09       step 6900    auc 0.948718 rep_w 1.0   score  -
k3_r100_09b      step 40000   auc 0.998191 rep_w 1.0   score  40k=1.2927
k3_r100_09_lr33  step 40000   auc 0.997974 rep_w 1.0   score  40k=1.2483
k3_r100_09_lr17  step 40000   auc 0.998509 rep_w 1.0   score  -
k3_r100_09_lr56  step 40000   auc 0.995592 rep_w 1.0   score  -
lanes 2   trainers 2   heads 1   evals 8
===== 2026-09-07 12:31:46 =====
gpu 0, 8296 MiB, 96 %
gpu 1, 8752 MiB, 99 %
k3_r100_09       step 200000  auc 0.999517 rep_w 1.0   score  40k=1.3495 100k=1.3395
k32_r100_09      step 40000   auc 0.773158 rep_w 1.0   score  40k=1.4629
k32_r200_08      step 26600   auc 0.568392 rep_w 1.0   score  -
k3_r100_09_dec   step 40000   auc 0.997382 rep_w 0.0   score  -
k32_r100_09_dec  step 19100   auc 0.501426 rep_w 0.0   score  - COLLAPSED
k8_r100_09       step 8800    auc 0.902955 rep_w 1.0   score  -
k3_r100_09b      step 40000   auc 0.998191 rep_w 1.0   score  40k=1.2927
k3_r100_09_lr33  step 40000   auc 0.997974 rep_w 1.0   score  40k=1.2483
k3_r100_09_lr17  step 40000   auc 0.998509 rep_w 1.0   score  -
k3_r100_09_lr56  step 40000   auc 0.995592 rep_w 1.0   score  -
lanes 2   trainers 2   heads 1   evals 8
===== 2026-09-07 12:47:32 =====
gpu 0, 9016 MiB, 83 %
gpu 1, 8752 MiB, 78 %
k3_r100_09       step 200000  auc 0.999517 rep_w 1.0   score  40k=1.3495 100k=1.3395
k32_r100_09      step 40000   auc 0.773158 rep_w 1.0   score  40k=1.4629
k32_r200_08      step 27400   auc 0.561872 rep_w 1.0   score  -
k3_r100_09_dec   step 40000   auc 0.997382 rep_w 0.0   score  -
k32_r100_09_dec  step 19100   auc 0.501426 rep_w 0.0   score  - COLLAPSED
k8_r100_09       step 10700   auc 0.852243 rep_w 1.0   score  -
k3_r100_09b      step 40000   auc 0.998191 rep_w 1.0   score  40k=1.2927
k3_r100_09_lr33  step 40000   auc 0.997974 rep_w 1.0   score  40k=1.2483
k3_r100_09_lr17  step 40000   auc 0.998509 rep_w 1.0   score  -
k3_r100_09_lr56  step 40000   auc 0.995592 rep_w 1.0   score  -
lanes 2   trainers 2   heads 1   evals 8
===== 2026-09-07 13:03:21 =====
gpu 0, 9016 MiB, 90 %
gpu 1, 8752 MiB, 95 %
k3_r100_09       step 200000  auc 0.999517 rep_w 1.0   score  40k=1.3495 100k=1.3395
k32_r100_09      step 40000   auc 0.773158 rep_w 1.0   score  40k=1.4629
k32_r200_08      step 27900   auc 0.559536 rep_w 1.0   score  -
k3_r100_09_dec   step 40000   auc 0.997382 rep_w 0.0   score  -
k32_r100_09_dec  step 19100   auc 0.501426 rep_w 0.0   score  - COLLAPSED
k8_r100_09       step 12600   auc 0.817368 rep_w 1.0   score  -
k3_r100_09b      step 40000   auc 0.998191 rep_w 1.0   score  40k=1.2927
k3_r100_09_lr33  step 40000   auc 0.997974 rep_w 1.0   score  40k=1.2483
k3_r100_09_lr17  step 40000   auc 0.998509 rep_w 1.0   score  -
k3_r100_09_lr56  step 40000   auc 0.995592 rep_w 1.0   score  -
lanes 2   trainers 2   heads 1   evals 7
===== 2026-09-07 13:19:11 =====
gpu 0, 19438 MiB, 54 %
gpu 1, 8752 MiB, 97 %
k3_r100_09       step 200000  auc 0.999517 rep_w 1.0   score  40k=1.3495 100k=1.3395
k32_r100_09      step 40000   auc 0.773158 rep_w 1.0   score  40k=1.4629
k32_r200_08      step 28500   auc 0.534748 rep_w 1.0   score  - COLLAPSED
k3_r100_09_dec   step 40000   auc 0.997382 rep_w 0.0   score  -
k32_r100_09_dec  step 19100   auc 0.501426 rep_w 0.0   score  - COLLAPSED
k8_r100_09       step 14300   auc 0.691999 rep_w 1.0   score  -
k3_r100_09b      step 40000   auc 0.998191 rep_w 1.0   score  40k=1.2927
k3_r100_09_lr33  step 40000   auc 0.997974 rep_w 1.0   score  40k=1.2483
k3_r100_09_lr17  step 40000   auc 0.998509 rep_w 1.0   score  -
k3_r100_09_lr56  step 40000   auc 0.995592 rep_w 1.0   score  -
lanes 2   trainers 1   heads 1   evals 6
===== 2026-09-07 13:35:06 =====
gpu 0, 19438 MiB, 63 %
gpu 1, 8752 MiB, 97 %
k3_r100_09       step 200000  auc 0.999517 rep_w 1.0   score  40k=1.3495 100k=1.3395
k32_r100_09      step 40000   auc 0.773158 rep_w 1.0   score  40k=1.4629
k32_r200_08      step 28500   auc 0.534748 rep_w 1.0   score  - COLLAPSED
k3_r100_09_dec   step 40000   auc 0.997382 rep_w 0.0   score  -
k32_r100_09_dec  step 19100   auc 0.501426 rep_w 0.0   score  - COLLAPSED
k8_r100_09       step 16100   auc 0.731623 rep_w 1.0   score  -
k3_r100_09b      step 40000   auc 0.998191 rep_w 1.0   score  40k=1.2927
k3_r100_09_lr33  step 40000   auc 0.997974 rep_w 1.0   score  40k=1.2483
k3_r100_09_lr17  step 40000   auc 0.998509 rep_w 1.0   score  -
k3_r100_09_lr56  step 40000   auc 0.995592 rep_w 1.0   score  -
lanes 2   trainers 1   heads 1   evals 9
===== 2026-09-07 13:51:00 =====
gpu 0, 19438 MiB, 80 %
gpu 1, 8752 MiB, 89 %
k3_r100_09       step 200000  auc 0.999517 rep_w 1.0   score  40k=1.3495 100k=1.3395
k32_r100_09      step 40000   auc 0.773158 rep_w 1.0   score  40k=1.4629
k32_r200_08      step 28500   auc 0.534748 rep_w 1.0   score  - COLLAPSED
k3_r100_09_dec   step 40000   auc 0.997382 rep_w 0.0   score  40k=1.3236
k32_r100_09_dec  step 19100   auc 0.501426 rep_w 0.0   score  - COLLAPSED
k8_r100_09       step 18000   auc 0.744213 rep_w 1.0   score  -
k3_r100_09b      step 40000   auc 0.998191 rep_w 1.0   score  40k=1.2927
k3_r100_09_lr33  step 40000   auc 0.997974 rep_w 1.0   score  40k=1.2483
k3_r100_09_lr17  step 40000   auc 0.998509 rep_w 1.0   score  -
k3_r100_09_lr56  step 40000   auc 0.995592 rep_w 1.0   score  -
lanes 2   trainers 1   heads 1   evals 8
===== 2026-09-07 14:06:48 =====
gpu 0, 19438 MiB, 76 %
gpu 1, 8752 MiB, 99 %
k3_r100_09       step 200000  auc 0.999517 rep_w 1.0   score  40k=1.3495 100k=1.3395
k32_r100_09      step 40000   auc 0.773158 rep_w 1.0   score  40k=1.4629
k32_r200_08      step 28500   auc 0.534748 rep_w 1.0   score  - COLLAPSED
k3_r100_09_dec   step 40000   auc 0.997382 rep_w 0.0   score  40k=1.3236
k32_r100_09_dec  step 19100   auc 0.501426 rep_w 0.0   score  - COLLAPSED
k8_r100_09       step 19900   auc 0.790485 rep_w 1.0   score  -
k3_r100_09b      step 40000   auc 0.998191 rep_w 1.0   score  40k=1.2927
k3_r100_09_lr33  step 40000   auc 0.997974 rep_w 1.0   score  40k=1.2483
k3_r100_09_lr17  step 40000   auc 0.998509 rep_w 1.0   score  -
k3_r100_09_lr56  step 40000   auc 0.995592 rep_w 1.0   score  -
lanes 2   trainers 1   heads 1   evals 8
===== 2026-09-07 14:22:35 =====
gpu 0, 19438 MiB, 81 %
gpu 1, 7016 MiB, 95 %
k3_r100_09       step 200000  auc 0.999517 rep_w 1.0   score  40k=1.3495 100k=1.3395
k32_r100_09      step 40000   auc 0.773158 rep_w 1.0   score  40k=1.4629
k32_r200_08      step 28500   auc 0.534748 rep_w 1.0   score  - COLLAPSED
k3_r100_09_dec   step 40000   auc 0.997382 rep_w 0.0   score  40k=1.3236
k32_r100_09_dec  step 19100   auc 0.501426 rep_w 0.0   score  - COLLAPSED
k8_r100_09       step 21800   auc 0.750945 rep_w 1.0   score  -
k3_r100_09b      step 40000   auc 0.998191 rep_w 1.0   score  40k=1.2927
k3_r100_09_lr33  step 40000   auc 0.997974 rep_w 1.0   score  40k=1.2483
k3_r100_09_lr17  step 40000   auc 0.998509 rep_w 1.0   score  -
k3_r100_09_lr56  step 40000   auc 0.995592 rep_w 1.0   score  -
lanes 2   trainers 1   heads 1   evals 8
===== 2026-09-07 14:38:23 =====
gpu 0, 19438 MiB, 79 %
gpu 1, 7982 MiB, 91 %
k3_r100_09       step 200000  auc 0.999517 rep_w 1.0   score  40k=1.3495 100k=1.3395
k32_r100_09      step 40000   auc 0.773158 rep_w 1.0   score  40k=1.4629
k32_r200_08      step 28500   auc 0.534748 rep_w 1.0   score  - COLLAPSED
k3_r100_09_dec   step 40000   auc 0.997382 rep_w 0.0   score  40k=1.3236
k32_r100_09_dec  step 19100   auc 0.501426 rep_w 0.0   score  - COLLAPSED
k8_r100_09       step 23800   auc 0.746561 rep_w 1.0   score  -
k3_r100_09b      step 40000   auc 0.998191 rep_w 1.0   score  40k=1.2927
k3_r100_09_lr33  step 40000   auc 0.997974 rep_w 1.0   score  40k=1.2483
k3_r100_09_lr17  step 40000   auc 0.998509 rep_w 1.0   score  -
k3_r100_09_lr56  step 40000   auc 0.995592 rep_w 1.0   score  -
lanes 2   trainers 1   heads 1   evals 8
===== 2026-09-07 14:54:12 =====
gpu 0, 19438 MiB, 81 %
gpu 1, 7982 MiB, 100 %
k3_r100_09       step 200000  auc 0.999517 rep_w 1.0   score  40k=1.3495 100k=1.3395
k32_r100_09      step 40000   auc 0.773158 rep_w 1.0   score  40k=1.4629
k32_r200_08      step 28500   auc 0.534748 rep_w 1.0   score  - COLLAPSED
k3_r100_09_dec   step 40000   auc 0.997382 rep_w 0.0   score  40k=1.3236
k32_r100_09_dec  step 19100   auc 0.501426 rep_w 0.0   score  - COLLAPSED
k8_r100_09       step 25900   auc 0.756855 rep_w 1.0   score  -
k3_r100_09b      step 40000   auc 0.998191 rep_w 1.0   score  40k=1.2927
k3_r100_09_lr33  step 40000   auc 0.997974 rep_w 1.0   score  40k=1.2483
k3_r100_09_lr17  step 40000   auc 0.998509 rep_w 1.0   score  -
k3_r100_09_lr56  step 40000   auc 0.995592 rep_w 1.0   score  -
lanes 2   trainers 1   heads 1   evals 7
===== 2026-09-07 15:10:00 =====
gpu 0, 19438 MiB, 75 %
gpu 1, 7982 MiB, 97 %
k3_r100_09       step 200000  auc 0.999517 rep_w 1.0   score  40k=1.3495 100k=1.3395
k32_r100_09      step 40000   auc 0.773158 rep_w 1.0   score  40k=1.4629
k32_r200_08      step 28500   auc 0.534748 rep_w 1.0   score  - COLLAPSED
k3_r100_09_dec   step 40000   auc 0.997382 rep_w 0.0   score  40k=1.3236
k32_r100_09_dec  step 19100   auc 0.501426 rep_w 0.0   score  - COLLAPSED
k8_r100_09       step 28000   auc 0.77218  rep_w 1.0   score  -
k3_r100_09b      step 40000   auc 0.998191 rep_w 1.0   score  40k=1.2927
k3_r100_09_lr33  step 40000   auc 0.997974 rep_w 1.0   score  40k=1.2483
k3_r100_09_lr17  step 40000   auc 0.998509 rep_w 1.0   score  -
k3_r100_09_lr56  step 40000   auc 0.995592 rep_w 1.0   score  -
lanes 2   trainers 1   heads 1   evals 5
===== 2026-09-07 15:25:47 =====
gpu 0, 19438 MiB, 79 %
gpu 1, 14238 MiB, 86 %
k3_r100_09       step 200000  auc 0.999517 rep_w 1.0   score  40k=1.3495 100k=1.3395
k32_r100_09      step 40000   auc 0.773158 rep_w 1.0   score  40k=1.4629
k32_r200_08      step 28500   auc 0.534748 rep_w 1.0   score  - COLLAPSED
k3_r100_09_dec   step 40000   auc 0.997382 rep_w 0.0   score  40k=1.3236
k32_r100_09_dec  step 19100   auc 0.501426 rep_w 0.0   score  - COLLAPSED
k8_r100_09       step 30300   auc 0.769836 rep_w 1.0   score  -
k3_r100_09b      step 40000   auc 0.998191 rep_w 1.0   score  40k=1.2927
k3_r100_09_lr33  step 40000   auc 0.997974 rep_w 1.0   score  40k=1.2483
k3_r100_09_lr17  step 40000   auc 0.998509 rep_w 1.0   score  -
k3_r100_09_lr56  step 40000   auc 0.995592 rep_w 1.0   score  -
lanes 2   trainers 1   heads 0   evals 9
===== 2026-09-07 15:41:36 =====
gpu 0, 19438 MiB, 85 %
gpu 1, 14238 MiB, 61 %
k3_r100_09       step 200000  auc 0.999517 rep_w 1.0   score  40k=1.3495 100k=1.3395
k32_r100_09      step 40000   auc 0.773158 rep_w 1.0   score  40k=1.4629
k32_r200_08      step 28500   auc 0.534748 rep_w 1.0   score  - COLLAPSED
k3_r100_09_dec   step 40000   auc 0.997382 rep_w 0.0   score  40k=1.3236
k32_r100_09_dec  step 19100   auc 0.501426 rep_w 0.0   score  - COLLAPSED
k8_r100_09       step 31800   auc 0.817066 rep_w 1.0   score  -
k3_r100_09b      step 40000   auc 0.998191 rep_w 1.0   score  40k=1.2927
k3_r100_09_lr33  step 40000   auc 0.997974 rep_w 1.0   score  40k=1.2483
k3_r100_09_lr17  step 40000   auc 0.998509 rep_w 1.0   score  -
k3_r100_09_lr56  step 40000   auc 0.995592 rep_w 1.0   score  40k=1.1820
lanes 1   trainers 1   heads 0   evals 8
===== 2026-09-07 15:57:24 =====
gpu 0, 19438 MiB, 86 %
gpu 1, 14238 MiB, 91 %
k3_r100_09       step 200000  auc 0.999517 rep_w 1.0   score  40k=1.3495 100k=1.3395
k32_r100_09      step 40000   auc 0.773158 rep_w 1.0   score  40k=1.4629
k32_r200_08      step 28500   auc 0.534748 rep_w 1.0   score  - COLLAPSED
k3_r100_09_dec   step 40000   auc 0.997382 rep_w 0.0   score  40k=1.3236
k32_r100_09_dec  step 19100   auc 0.501426 rep_w 0.0   score  - COLLAPSED
k8_r100_09       step 33800   auc 0.784869 rep_w 1.0   score  -
k3_r100_09b      step 40000   auc 0.998191 rep_w 1.0   score  40k=1.2927
k3_r100_09_lr33  step 40000   auc 0.997974 rep_w 1.0   score  40k=1.2483
k3_r100_09_lr17  step 40000   auc 0.998509 rep_w 1.0   score  -
k3_r100_09_lr56  step 40000   auc 0.995592 rep_w 1.0   score  40k=1.1820
lanes 1   trainers 1   heads 0   evals 8
===== 2026-09-07 16:13:12 =====
gpu 0, 19438 MiB, 80 %
gpu 1, 14238 MiB, 12 %
k3_r100_09       step 200000  auc 0.999517 rep_w 1.0   score  40k=1.3495 100k=1.3395
k32_r100_09      step 40000   auc 0.773158 rep_w 1.0   score  40k=1.4629
k32_r200_08      step 28500   auc 0.534748 rep_w 1.0   score  - COLLAPSED
k3_r100_09_dec   step 40000   auc 0.997382 rep_w 0.0   score  40k=1.3236
k32_r100_09_dec  step 19100   auc 0.501426 rep_w 0.0   score  - COLLAPSED
k8_r100_09       step 36100   auc 0.787149 rep_w 1.0   score  -
k3_r100_09b      step 40000   auc 0.998191 rep_w 1.0   score  40k=1.2927
k3_r100_09_lr33  step 40000   auc 0.997974 rep_w 1.0   score  40k=1.2483
k3_r100_09_lr17  step 40000   auc 0.998509 rep_w 1.0   score  -
k3_r100_09_lr56  step 40000   auc 0.995592 rep_w 1.0   score  40k=1.1820
lanes 1   trainers 1   heads 0   evals 8
===== 2026-09-07 16:29:01 =====
gpu 0, 18454 MiB, 79 %
gpu 1, 14238 MiB, 84 %
k3_r100_09       step 200000  auc 0.999517 rep_w 1.0   score  40k=1.3495 100k=1.3395
k32_r100_09      step 40000   auc 0.773158 rep_w 1.0   score  40k=1.4629
k32_r200_08      step 28500   auc 0.534748 rep_w 1.0   score  - COLLAPSED
k3_r100_09_dec   step 40000   auc 0.997382 rep_w 0.0   score  40k=1.3236
k32_r100_09_dec  step 19100   auc 0.501426 rep_w 0.0   score  - COLLAPSED
k8_r100_09       step 38500   auc 0.75095  rep_w 1.0   score  -
k3_r100_09b      step 40000   auc 0.998191 rep_w 1.0   score  40k=1.2927
k3_r100_09_lr33  step 40000   auc 0.997974 rep_w 1.0   score  40k=1.2483
k3_r100_09_lr17  step 40000   auc 0.998509 rep_w 1.0   score  -
k3_r100_09_lr56  step 40000   auc 0.995592 rep_w 1.0   score  40k=1.1820
lanes 1   trainers 1   heads 0   evals 8
===== 2026-09-07 16:44:52 =====
gpu 0, 11407 MiB, 99 %
gpu 1, 21401 MiB, 53 %
k3_r100_09       step 200000  auc 0.999517 rep_w 1.0   score  40k=1.3495 100k=1.3395
k32_r100_09      step 40000   auc 0.773158 rep_w 1.0   score  40k=1.4629
k32_r200_08      step 28500   auc 0.534748 rep_w 1.0   score  - COLLAPSED
k3_r100_09_dec   step 40000   auc 0.997382 rep_w 0.0   score  40k=1.3236
k32_r100_09_dec  step 19100   auc 0.501426 rep_w 0.0   score  - COLLAPSED
k8_r100_09       step 40000   auc 0.730208 rep_w 1.0   score  -
k3_r100_09b      step 40000   auc 0.998191 rep_w 1.0   score  40k=1.2927
k3_r100_09_lr33  step 40000   auc 0.997974 rep_w 1.0   score  40k=1.2483
k3_r100_09_lr17  step 40000   auc 0.998509 rep_w 1.0   score  -
k3_r100_09_lr56  step 40000   auc 0.995592 rep_w 1.0   score  40k=1.1820
lanes 1   trainers 0   heads 1   evals 8
===== 2026-09-07 17:00:41 =====
gpu 0, 12198 MiB, 99 %
gpu 1, 17168 MiB, 94 %
k3_r100_09       step 200000  auc 0.999517 rep_w 1.0   score  40k=1.3495 100k=1.3395
k32_r100_09      step 40000   auc 0.773158 rep_w 1.0   score  40k=1.4629
k32_r200_08      step 28500   auc 0.534748 rep_w 1.0   score  - COLLAPSED
k3_r100_09_dec   step 40000   auc 0.997382 rep_w 0.0   score  40k=1.3236
k32_r100_09_dec  step 19100   auc 0.501426 rep_w 0.0   score  - COLLAPSED
k8_r100_09       step 40000   auc 0.730208 rep_w 1.0   score  -
k3_r100_09b      step 40000   auc 0.998191 rep_w 1.0   score  40k=1.2927
k3_r100_09_lr33  step 40000   auc 0.997974 rep_w 1.0   score  40k=1.2483
k3_r100_09_lr17  step 40000   auc 0.998509 rep_w 1.0   score  -
k3_r100_09_lr56  step 40000   auc 0.995592 rep_w 1.0   score  40k=1.1820
lanes 1   trainers 0   heads 1   evals 7
===== 2026-09-07 17:16:30 =====
gpu 0, 12198 MiB, 99 %
gpu 1, 17356 MiB, 97 %
k3_r100_09       step 200000  auc 0.999517 rep_w 1.0   score  40k=1.3495 100k=1.3395
k32_r100_09      step 40000   auc 0.773158 rep_w 1.0   score  40k=1.4629
k32_r200_08      step 28500   auc 0.534748 rep_w 1.0   score  - COLLAPSED
k3_r100_09_dec   step 40000   auc 0.997382 rep_w 0.0   score  40k=1.3236
k32_r100_09_dec  step 19100   auc 0.501426 rep_w 0.0   score  - COLLAPSED
k8_r100_09       step 40000   auc 0.730208 rep_w 1.0   score  -
k3_r100_09b      step 40000   auc 0.998191 rep_w 1.0   score  40k=1.2927
k3_r100_09_lr33  step 40000   auc 0.997974 rep_w 1.0   score  40k=1.2483
k3_r100_09_lr17  step 40000   auc 0.998509 rep_w 1.0   score  -
k3_r100_09_lr56  step 40000   auc 0.995592 rep_w 1.0   score  40k=1.1820
lanes 1   trainers 0   heads 1   evals 5
===== 2026-09-07 17:32:16 =====
gpu 0, 12198 MiB, 98 %
gpu 1, 19713 MiB, 84 %
k3_r100_09       step 200000  auc 0.999517 rep_w 1.0   score  40k=1.3495 100k=1.3395
k32_r100_09      step 40000   auc 0.773158 rep_w 1.0   score  40k=1.4629
k32_r200_08      step 28500   auc 0.534748 rep_w 1.0   score  - COLLAPSED
k3_r100_09_dec   step 40000   auc 0.997382 rep_w 0.0   score  40k=1.3236
k32_r100_09_dec  step 19100   auc 0.501426 rep_w 0.0   score  - COLLAPSED
k8_r100_09       step 40000   auc 0.730208 rep_w 1.0   score  -
k3_r100_09b      step 40000   auc 0.998191 rep_w 1.0   score  40k=1.2927
k3_r100_09_lr33  step 40000   auc 0.997974 rep_w 1.0   score  40k=1.2483
k3_r100_09_lr17  step 40000   auc 0.998509 rep_w 1.0   score  -
k3_r100_09_lr56  step 40000   auc 0.995592 rep_w 1.0   score  40k=1.1820
lanes 1   trainers 0   heads 1   evals 5
===== 2026-09-07 17:48:02 =====
gpu 0, 12198 MiB, 89 %
gpu 1, 19713 MiB, 86 %
k3_r100_09       step 200000  auc 0.999517 rep_w 1.0   score  40k=1.3495 100k=1.3395 200k=1.3910
k32_r100_09      step 40000   auc 0.773158 rep_w 1.0   score  40k=1.4629
k32_r200_08      step 28500   auc 0.534748 rep_w 1.0   score  - COLLAPSED
k3_r100_09_dec   step 40000   auc 0.997382 rep_w 0.0   score  40k=1.3236
k32_r100_09_dec  step 19100   auc 0.501426 rep_w 0.0   score  - COLLAPSED
k8_r100_09       step 40000   auc 0.730208 rep_w 1.0   score  -
k3_r100_09b      step 40000   auc 0.998191 rep_w 1.0   score  40k=1.2927
k3_r100_09_lr33  step 40000   auc 0.997974 rep_w 1.0   score  40k=1.2483
k3_r100_09_lr17  step 40000   auc 0.998509 rep_w 1.0   score  -
k3_r100_09_lr56  step 40000   auc 0.995592 rep_w 1.0   score  40k=1.1820
lanes 1   trainers 0   heads 1   evals 4
===== 2026-09-07 18:03:46 =====
gpu 0, 12198 MiB, 99 %
gpu 1, 19713 MiB, 92 %
k3_r100_09       step 200000  auc 0.999517 rep_w 1.0   score  40k=1.3495 100k=1.3395 200k=1.3910
k32_r100_09      step 40000   auc 0.773158 rep_w 1.0   score  40k=1.4629
k32_r200_08      step 28500   auc 0.534748 rep_w 1.0   score  - COLLAPSED
k3_r100_09_dec   step 40000   auc 0.997382 rep_w 0.0   score  40k=1.3236
k32_r100_09_dec  step 19100   auc 0.501426 rep_w 0.0   score  - COLLAPSED
k8_r100_09       step 40000   auc 0.730208 rep_w 1.0   score  -
k3_r100_09b      step 40000   auc 0.998191 rep_w 1.0   score  40k=1.2927
k3_r100_09_lr33  step 40000   auc 0.997974 rep_w 1.0   score  40k=1.2483
k3_r100_09_lr17  step 40000   auc 0.998509 rep_w 1.0   score  -
k3_r100_09_lr56  step 40000   auc 0.995592 rep_w 1.0   score  40k=1.1820
lanes 1   trainers 0   heads 1   evals 4
===== 2026-09-07 18:19:31 =====
gpu 0, 18454 MiB, 86 %
gpu 1, 19713 MiB, 83 %
k3_r100_09       step 200000  auc 0.999517 rep_w 1.0   score  40k=1.3495 100k=1.3395 200k=1.3910
k32_r100_09      step 40000   auc 0.773158 rep_w 1.0   score  40k=1.4629
k32_r200_08      step 28500   auc 0.534748 rep_w 1.0   score  - COLLAPSED
k3_r100_09_dec   step 40000   auc 0.997382 rep_w 0.0   score  40k=1.3236
k32_r100_09_dec  step 19100   auc 0.501426 rep_w 0.0   score  - COLLAPSED
k8_r100_09       step 40000   auc 0.730208 rep_w 1.0   score  -
k3_r100_09b      step 40000   auc 0.998191 rep_w 1.0   score  40k=1.2927
k3_r100_09_lr33  step 40000   auc 0.997974 rep_w 1.0   score  40k=1.2483
k3_r100_09_lr17  step 40000   auc 0.998509 rep_w 1.0   score  -
k3_r100_09_lr56  step 40000   auc 0.995592 rep_w 1.0   score  40k=1.1820
lanes 1   trainers 0   heads 0   evals 8
===== 2026-09-07 18:35:18 =====
gpu 0, 18454 MiB, 88 %
gpu 1, 19713 MiB, 90 %
k3_r100_09       step 200000  auc 0.999517 rep_w 1.0   score  40k=1.3495 100k=1.3395 200k=1.3910
k32_r100_09      step 40000   auc 0.773158 rep_w 1.0   score  40k=1.4629
k32_r200_08      step 28500   auc 0.534748 rep_w 1.0   score  - COLLAPSED
k3_r100_09_dec   step 40000   auc 0.997382 rep_w 0.0   score  40k=1.3236
k32_r100_09_dec  step 19100   auc 0.501426 rep_w 0.0   score  - COLLAPSED
k8_r100_09       step 40000   auc 0.730208 rep_w 1.0   score  -
k3_r100_09b      step 40000   auc 0.998191 rep_w 1.0   score  40k=1.2927
k3_r100_09_lr33  step 40000   auc 0.997974 rep_w 1.0   score  40k=1.2483
k3_r100_09_lr17  step 40000   auc 0.998509 rep_w 1.0   score  -
k3_r100_09_lr56  step 40000   auc 0.995592 rep_w 1.0   score  40k=1.1820
lanes 1   trainers 0   heads 0   evals 7
===== 2026-09-07 18:51:03 =====
gpu 0, 18454 MiB, 91 %
gpu 1, 19713 MiB, 86 %
k3_r100_09       step 200000  auc 0.999517 rep_w 1.0   score  40k=1.3495 100k=1.3395 200k=1.3910
k32_r100_09      step 40000   auc 0.773158 rep_w 1.0   score  40k=1.4629
k32_r200_08      step 28500   auc 0.534748 rep_w 1.0   score  - COLLAPSED
k3_r100_09_dec   step 40000   auc 0.997382 rep_w 0.0   score  40k=1.3236
k32_r100_09_dec  step 19100   auc 0.501426 rep_w 0.0   score  - COLLAPSED
k8_r100_09       step 40000   auc 0.730208 rep_w 1.0   score  -
k3_r100_09b      step 40000   auc 0.998191 rep_w 1.0   score  40k=1.2927
k3_r100_09_lr33  step 40000   auc 0.997974 rep_w 1.0   score  40k=1.2483
k3_r100_09_lr17  step 40000   auc 0.998509 rep_w 1.0   score  -
k3_r100_09_lr56  step 40000   auc 0.995592 rep_w 1.0   score  40k=1.1820
lanes 1   trainers 0   heads 0   evals 5
===== 2026-09-07 19:06:49 =====
gpu 0, 18454 MiB, 91 %
gpu 1, 19713 MiB, 89 %
k3_r100_09       step 200000  auc 0.999517 rep_w 1.0   score  40k=1.3495 100k=1.3395 200k=1.3910
k32_r100_09      step 40000   auc 0.773158 rep_w 1.0   score  40k=1.4629
k32_r200_08      step 28500   auc 0.534748 rep_w 1.0   score  - COLLAPSED
k3_r100_09_dec   step 40000   auc 0.997382 rep_w 0.0   score  40k=1.3236
k32_r100_09_dec  step 19100   auc 0.501426 rep_w 0.0   score  - COLLAPSED
k8_r100_09       step 40000   auc 0.730208 rep_w 1.0   score  -
k3_r100_09b      step 40000   auc 0.998191 rep_w 1.0   score  40k=1.2927
k3_r100_09_lr33  step 40000   auc 0.997974 rep_w 1.0   score  40k=1.2483
k3_r100_09_lr17  step 40000   auc 0.998509 rep_w 1.0   score  -
k3_r100_09_lr56  step 40000   auc 0.995592 rep_w 1.0   score  40k=1.1820
lanes 1   trainers 0   heads 0   evals 5
===== 2026-09-07 19:22:35 =====
gpu 0, 18454 MiB, 92 %
gpu 1, 19713 MiB, 85 %
k3_r100_09       step 200000  auc 0.999517 rep_w 1.0   score  40k=1.3495 100k=1.3395 200k=1.3910
k32_r100_09      step 40000   auc 0.773158 rep_w 1.0   score  40k=1.4629
k32_r200_08      step 28500   auc 0.534748 rep_w 1.0   score  - COLLAPSED
k3_r100_09_dec   step 40000   auc 0.997382 rep_w 0.0   score  40k=1.3236
k32_r100_09_dec  step 19100   auc 0.501426 rep_w 0.0   score  - COLLAPSED
k8_r100_09       step 40000   auc 0.730208 rep_w 1.0   score  -
k3_r100_09b      step 40000   auc 0.998191 rep_w 1.0   score  40k=1.2927
k3_r100_09_lr33  step 40000   auc 0.997974 rep_w 1.0   score  40k=1.2483
k3_r100_09_lr17  step 40000   auc 0.998509 rep_w 1.0   score  40k=1.2612
k3_r100_09_lr56  step 40000   auc 0.995592 rep_w 1.0   score  40k=1.1820
lanes 0   trainers 0   heads 0   evals 4
===== 2026-09-07 19:38:19 =====
gpu 0, 18454 MiB, 90 %
gpu 1, 19713 MiB, 90 %
k3_r100_09       step 200000  auc 0.999517 rep_w 1.0   score  40k=1.3495 100k=1.3395 200k=1.3910
k32_r100_09      step 40000   auc 0.773158 rep_w 1.0   score  40k=1.4629
k32_r200_08      step 28500   auc 0.534748 rep_w 1.0   score  - COLLAPSED
k3_r100_09_dec   step 40000   auc 0.997382 rep_w 0.0   score  40k=1.3236
k32_r100_09_dec  step 19100   auc 0.501426 rep_w 0.0   score  - COLLAPSED
k8_r100_09       step 40000   auc 0.730208 rep_w 1.0   score  -
k3_r100_09b      step 40000   auc 0.998191 rep_w 1.0   score  40k=1.2927
k3_r100_09_lr33  step 40000   auc 0.997974 rep_w 1.0   score  40k=1.2483
k3_r100_09_lr17  step 40000   auc 0.998509 rep_w 1.0   score  40k=1.2612
k3_r100_09_lr56  step 40000   auc 0.995592 rep_w 1.0   score  40k=1.1820
lanes 0   trainers 0   heads 0   evals 4
===== 2026-09-07 19:54:03 =====
gpu 0, 18454 MiB, 76 %
gpu 1, 19713 MiB, 72 %
k3_r100_09       step 200000  auc 0.999517 rep_w 1.0   score  40k=1.3495 100k=1.3395 200k=1.3910
k32_r100_09      step 40000   auc 0.773158 rep_w 1.0   score  40k=1.4629
k32_r200_08      step 28500   auc 0.534748 rep_w 1.0   score  - COLLAPSED
k3_r100_09_dec   step 40000   auc 0.997382 rep_w 0.0   score  40k=1.3236
k32_r100_09_dec  step 19100   auc 0.501426 rep_w 0.0   score  - COLLAPSED
k8_r100_09       step 40000   auc 0.730208 rep_w 1.0   score  -
k3_r100_09b      step 40000   auc 0.998191 rep_w 1.0   score  40k=1.2927
k3_r100_09_lr33  step 40000   auc 0.997974 rep_w 1.0   score  40k=1.2483
k3_r100_09_lr17  step 40000   auc 0.998509 rep_w 1.0   score  40k=1.2612
k3_r100_09_lr56  step 40000   auc 0.995592 rep_w 1.0   score  40k=1.1820
lanes 0   trainers 0   heads 0   evals 4
===== 2026-09-07 20:10:00 =====
gpu 0, 18454 MiB, 55 %
gpu 1, 19713 MiB, 52 %
k3_r100_09       step 200000  auc 0.999517 rep_w 1.0   score  40k=1.3495 100k=1.3395 200k=1.3910
k32_r100_09      step 40000   auc 0.773158 rep_w 1.0   score  40k=1.4629
k32_r200_08      step 28500   auc 0.534748 rep_w 1.0   score  - COLLAPSED
k3_r100_09_dec   step 40000   auc 0.997382 rep_w 0.0   score  40k=1.3236
k32_r100_09_dec  step 19100   auc 0.501426 rep_w 0.0   score  - COLLAPSED
k8_r100_09       step 40000   auc 0.730208 rep_w 1.0   score  -
k3_r100_09b      step 40000   auc 0.998191 rep_w 1.0   score  40k=1.2927
k3_r100_09_lr33  step 40000   auc 0.997974 rep_w 1.0   score  40k=1.2483
k3_r100_09_lr17  step 40000   auc 0.998509 rep_w 1.0   score  40k=1.2612
k3_r100_09_lr56  step 40000   auc 0.995592 rep_w 1.0   score  40k=1.1820
lanes 0   trainers 0   heads 0   evals 4
===== 2026-09-07 20:25:58 =====
gpu 0, 18454 MiB, 73 %
gpu 1, 19713 MiB, 73 %
k3_r100_09       step 200000  auc 0.999517 rep_w 1.0   score  40k=1.3495 100k=1.3395 200k=1.3910
k32_r100_09      step 40000   auc 0.773158 rep_w 1.0   score  40k=1.4629
k32_r200_08      step 28500   auc 0.534748 rep_w 1.0   score  - COLLAPSED
k3_r100_09_dec   step 40000   auc 0.997382 rep_w 0.0   score  40k=1.3236
k32_r100_09_dec  step 19100   auc 0.501426 rep_w 0.0   score  - COLLAPSED
k8_r100_09       step 40000   auc 0.730208 rep_w 1.0   score  -
k3_r100_09b      step 40000   auc 0.998191 rep_w 1.0   score  40k=1.2927
k3_r100_09_lr33  step 40000   auc 0.997974 rep_w 1.0   score  40k=1.2483
k3_r100_09_lr17  step 40000   auc 0.998509 rep_w 1.0   score  40k=1.2612
k3_r100_09_lr56  step 40000   auc 0.995592 rep_w 1.0   score  40k=1.1820
lanes 0   trainers 0   heads 0   evals 4
===== 2026-09-07 20:42:02 =====
gpu 0, 18454 MiB, 62 %
gpu 1, 19713 MiB, 70 %
k3_r100_09       step 200000  auc 0.999517 rep_w 1.0   score  40k=1.3495 100k=1.3395 200k=1.3910
k32_r100_09      step 40000   auc 0.773158 rep_w 1.0   score  40k=1.4629
k32_r200_08      step 28500   auc 0.534748 rep_w 1.0   score  - COLLAPSED
k3_r100_09_dec   step 40000   auc 0.997382 rep_w 0.0   score  40k=1.3236
k32_r100_09_dec  step 19100   auc 0.501426 rep_w 0.0   score  - COLLAPSED
k8_r100_09       step 40000   auc 0.730208 rep_w 1.0   score  -
k3_r100_09b      step 40000   auc 0.998191 rep_w 1.0   score  40k=1.2927
k3_r100_09_lr33  step 40000   auc 0.997974 rep_w 1.0   score  40k=1.2483
k3_r100_09_lr17  step 40000   auc 0.998509 rep_w 1.0   score  40k=1.2612
k3_r100_09_lr56  step 40000   auc 0.995592 rep_w 1.0   score  40k=1.1820
lanes 0   trainers 0   heads 0   evals 4
===== 2026-09-07 20:58:01 =====
gpu 0, 18454 MiB, 82 %
gpu 1, 19713 MiB, 75 %
k3_r100_09       step 200000  auc 0.999517 rep_w 1.0   score  40k=1.3495 100k=1.3395 200k=1.3910
k32_r100_09      step 40000   auc 0.773158 rep_w 1.0   score  40k=1.4629
k32_r200_08      step 28500   auc 0.534748 rep_w 1.0   score  - COLLAPSED
k3_r100_09_dec   step 40000   auc 0.997382 rep_w 0.0   score  40k=1.3236
k32_r100_09_dec  step 19100   auc 0.501426 rep_w 0.0   score  - COLLAPSED
k8_r100_09       step 40000   auc 0.730208 rep_w 1.0   score  -
k3_r100_09b      step 40000   auc 0.998191 rep_w 1.0   score  40k=1.2927
k3_r100_09_lr33  step 40000   auc 0.997974 rep_w 1.0   score  40k=1.2483
k3_r100_09_lr17  step 40000   auc 0.998509 rep_w 1.0   score  40k=1.2612
k3_r100_09_lr56  step 40000   auc 0.995592 rep_w 1.0   score  40k=1.1820
lanes 0   trainers 0   heads 0   evals 4
===== 2026-09-07 21:13:56 =====
gpu 0, 18454 MiB, 76 %
gpu 1, 19713 MiB, 0 %
k3_r100_09       step 200000  auc 0.999517 rep_w 1.0   score  40k=1.3495 100k=1.3395 200k=1.3910
k32_r100_09      step 40000   auc 0.773158 rep_w 1.0   score  40k=1.4629
k32_r200_08      step 28500   auc 0.534748 rep_w 1.0   score  - COLLAPSED
k3_r100_09_dec   step 40000   auc 0.997382 rep_w 0.0   score  40k=1.3236
k32_r100_09_dec  step 19100   auc 0.501426 rep_w 0.0   score  - COLLAPSED
k8_r100_09       step 40000   auc 0.730208 rep_w 1.0   score  -
k3_r100_09b      step 40000   auc 0.998191 rep_w 1.0   score  40k=1.2927
k3_r100_09_lr33  step 40000   auc 0.997974 rep_w 1.0   score  40k=1.2483
k3_r100_09_lr17  step 40000   auc 0.998509 rep_w 1.0   score  40k=1.2612
k3_r100_09_lr56  step 40000   auc 0.995592 rep_w 1.0   score  40k=1.1820
lanes 0   trainers 0   heads 0   evals 4
===== 2026-09-07 21:29:55 =====
gpu 0, 18454 MiB, 70 %
gpu 1, 19713 MiB, 71 %
k3_r100_09       step 200000  auc 0.999517 rep_w 1.0   score  40k=1.3495 100k=1.3395 200k=1.3910
k32_r100_09      step 40000   auc 0.773158 rep_w 1.0   score  40k=1.4629
k32_r200_08      step 28500   auc 0.534748 rep_w 1.0   score  - COLLAPSED
k3_r100_09_dec   step 40000   auc 0.997382 rep_w 0.0   score  40k=1.3236
k32_r100_09_dec  step 19100   auc 0.501426 rep_w 0.0   score  - COLLAPSED
k8_r100_09       step 40000   auc 0.730208 rep_w 1.0   score  -
k3_r100_09b      step 40000   auc 0.998191 rep_w 1.0   score  40k=1.2927
k3_r100_09_lr33  step 40000   auc 0.997974 rep_w 1.0   score  40k=1.2483
k3_r100_09_lr17  step 40000   auc 0.998509 rep_w 1.0   score  40k=1.2612
k3_r100_09_lr56  step 40000   auc 0.995592 rep_w 1.0   score  40k=1.1820
lanes 0   trainers 0   heads 0   evals 4
===== 2026-09-07 21:45:53 =====
gpu 0, 18454 MiB, 67 %
gpu 1, 19713 MiB, 73 %
k3_r100_09       step 200000  auc 0.999517 rep_w 1.0   score  40k=1.3495 100k=1.3395 200k=1.3910
k32_r100_09      step 40000   auc 0.773158 rep_w 1.0   score  40k=1.4629
k32_r200_08      step 28500   auc 0.534748 rep_w 1.0   score  - COLLAPSED
k3_r100_09_dec   step 40000   auc 0.997382 rep_w 0.0   score  40k=1.3236
k32_r100_09_dec  step 19100   auc 0.501426 rep_w 0.0   score  - COLLAPSED
k8_r100_09       step 40000   auc 0.730208 rep_w 1.0   score  -
k3_r100_09b      step 40000   auc 0.998191 rep_w 1.0   score  40k=1.2927
k3_r100_09_lr33  step 40000   auc 0.997974 rep_w 1.0   score  40k=1.2483
k3_r100_09_lr17  step 40000   auc 0.998509 rep_w 1.0   score  40k=1.2612
k3_r100_09_lr56  step 40000   auc 0.995592 rep_w 1.0   score  40k=1.1820
lanes 0   trainers 0   heads 0   evals 3
===== 2026-09-07 22:01:51 =====
gpu 0, 18454 MiB, 82 %
gpu 1, 19713 MiB, 76 %
k3_r100_09       step 200000  auc 0.999517 rep_w 1.0   score  40k=1.3495 100k=1.3395 200k=1.3910
k32_r100_09      step 40000   auc 0.773158 rep_w 1.0   score  40k=1.4629
k32_r200_08      step 28500   auc 0.534748 rep_w 1.0   score  - COLLAPSED
k3_r100_09_dec   step 40000   auc 0.997382 rep_w 0.0   score  40k=1.3236
k32_r100_09_dec  step 19100   auc 0.501426 rep_w 0.0   score  - COLLAPSED
k8_r100_09       step 40000   auc 0.730208 rep_w 1.0   score  -
k3_r100_09b      step 40000   auc 0.998191 rep_w 1.0   score  40k=1.2927
k3_r100_09_lr33  step 40000   auc 0.997974 rep_w 1.0   score  40k=1.2483
k3_r100_09_lr17  step 40000   auc 0.998509 rep_w 1.0   score  40k=1.2612
k3_r100_09_lr56  step 40000   auc 0.995592 rep_w 1.0   score  40k=1.1820
lanes 0   trainers 0   heads 0   evals 1
===== 2026-09-08 00:06:34 =====
gpu 0, 20988 MiB, 60 %
gpu 1, 19713 MiB, 97 %
k3_r100_09       step 200000  auc 0.999517 rep_w 1.0   score  40k=1.3495 100k=1.3395 200k=1.3910
k32_r100_09      step 40000   auc 0.773158 rep_w 1.0   score  40k=1.4629
k32_r200_08      step 28500   auc 0.534748 rep_w 1.0   score  - COLLAPSED
k3_r100_09_dec   step 40000   auc 0.997382 rep_w 0.0   score  40k=1.3236
k32_r100_09_dec  step 19100   auc 0.501426 rep_w 0.0   score  - COLLAPSED
k8_r100_09       step 40000   auc 0.730208 rep_w 1.0   score  40k=1.4537
k3_r100_09b      step 40000   auc 0.998191 rep_w 1.0   score  40k=1.2927
k3_r100_09_lr33  step 40000   auc 0.997974 rep_w 1.0   score  40k=1.2483
k3_r100_09_lr17  step 40000   auc 0.998509 rep_w 1.0   score  40k=1.2612
k3_r100_09_lr56  step 40000   auc 0.995592 rep_w 1.0   score  40k=1.1820
k32_r100_09_lr56 step -       auc -        rep_w -     score  -
k3_r100_09_mean  step -       auc -        rep_w -     score  -
k3_r100_09b_lr56 step -       auc -        rep_w -     score  -
lanes 0   trainers 0   heads 0   evals 0
===== 2026-09-08 00:22:17 =====
gpu 0, 15488 MiB, 47 %
gpu 1, 14234 MiB, 85 %
k3_r100_09       step 200000  auc 0.999517 rep_w 1.0   score  40k=1.3495 100k=1.3395 200k=1.3910
k32_r100_09      step 40000   auc 0.773158 rep_w 1.0   score  40k=1.4629
k32_r200_08      step 28500   auc 0.534748 rep_w 1.0   score  - COLLAPSED
k3_r100_09_dec   step 40000   auc 0.997382 rep_w 0.0   score  40k=1.3236
k32_r100_09_dec  step 19100   auc 0.501426 rep_w 0.0   score  - COLLAPSED
k8_r100_09       step 40000   auc 0.730208 rep_w 1.0   score  40k=1.4537
k3_r100_09b      step 40000   auc 0.998191 rep_w 1.0   score  40k=1.2927
k3_r100_09_lr33  step 40000   auc 0.997974 rep_w 1.0   score  40k=1.2483
k3_r100_09_lr17  step 40000   auc 0.998509 rep_w 1.0   score  40k=1.2612
k3_r100_09_lr56  step 43400   auc 0.997445 rep_w 1.0   score  40k=1.1820
k32_r100_09_lr56 step 600     auc 0.980275 rep_w 1.0   score  -
k3_r100_09_mean  step -       auc -        rep_w -     score  -
k3_r100_09b_lr56 step -       auc -        rep_w -     score  -
lanes 0   trainers 2   heads 0   evals 0
===== 2026-09-08 00:38:00 =====
gpu 0, 15488 MiB, 96 %
gpu 1, 14234 MiB, 97 %
k3_r100_09       step 200000  auc 0.999517 rep_w 1.0   score  40k=1.3495 100k=1.3395 200k=1.3910
k32_r100_09      step 40000   auc 0.773158 rep_w 1.0   score  40k=1.4629
k32_r200_08      step 28500   auc 0.534748 rep_w 1.0   score  - COLLAPSED
k3_r100_09_dec   step 40000   auc 0.997382 rep_w 0.0   score  40k=1.3236
k32_r100_09_dec  step 19100   auc 0.501426 rep_w 0.0   score  - COLLAPSED
k8_r100_09       step 40000   auc 0.730208 rep_w 1.0   score  40k=1.4537
k3_r100_09b      step 40000   auc 0.998191 rep_w 1.0   score  40k=1.2927
k3_r100_09_lr33  step 40000   auc 0.997974 rep_w 1.0   score  40k=1.2483
k3_r100_09_lr17  step 40000   auc 0.998509 rep_w 1.0   score  40k=1.2612
k3_r100_09_lr56  step 47100   auc 0.997663 rep_w 1.0   score  40k=1.1820
k32_r100_09_lr56 step 1500    auc 0.978601 rep_w 1.0   score  -
k3_r100_09_mean  step -       auc -        rep_w -     score  -
k3_r100_09b_lr56 step -       auc -        rep_w -     score  -
lanes 0   trainers 2   heads 0   evals 0
===== 2026-09-08 00:53:44 =====
gpu 0, 15488 MiB, 91 %
gpu 1, 14234 MiB, 95 %
k3_r100_09       step 200000  auc 0.999517 rep_w 1.0   score  40k=1.3495 100k=1.3395 200k=1.3910
k32_r100_09      step 40000   auc 0.773158 rep_w 1.0   score  40k=1.4629
k32_r200_08      step 28500   auc 0.534748 rep_w 1.0   score  - COLLAPSED
k3_r100_09_dec   step 40000   auc 0.997382 rep_w 0.0   score  40k=1.3236
k32_r100_09_dec  step 19100   auc 0.501426 rep_w 0.0   score  - COLLAPSED
k8_r100_09       step 40000   auc 0.730208 rep_w 1.0   score  40k=1.4537
k3_r100_09b      step 40000   auc 0.998191 rep_w 1.0   score  40k=1.2927
k3_r100_09_lr33  step 40000   auc 0.997974 rep_w 1.0   score  40k=1.2483
k3_r100_09_lr17  step 40000   auc 0.998509 rep_w 1.0   score  40k=1.2612
k3_r100_09_lr56  step 50700   auc 0.998636 rep_w 1.0   score  40k=1.1820
k32_r100_09_lr56 step 3000    auc 0.974504 rep_w 1.0   score  -
k3_r100_09_mean  step -       auc -        rep_w -     score  -
k3_r100_09b_lr56 step -       auc -        rep_w -     score  -
lanes 0   trainers 2   heads 0   evals 0
===== 2026-09-08 01:09:28 =====
gpu 0, 15488 MiB, 91 %
gpu 1, 14234 MiB, 96 %
k3_r100_09       step 200000  auc 0.999517 rep_w 1.0   score  40k=1.3495 100k=1.3395 200k=1.3910
k32_r100_09      step 40000   auc 0.773158 rep_w 1.0   score  40k=1.4629
k32_r200_08      step 28500   auc 0.534748 rep_w 1.0   score  - COLLAPSED
k3_r100_09_dec   step 40000   auc 0.997382 rep_w 0.0   score  40k=1.3236
k32_r100_09_dec  step 19100   auc 0.501426 rep_w 0.0   score  - COLLAPSED
k8_r100_09       step 40000   auc 0.730208 rep_w 1.0   score  40k=1.4537
k3_r100_09b      step 40000   auc 0.998191 rep_w 1.0   score  40k=1.2927
k3_r100_09_lr33  step 40000   auc 0.997974 rep_w 1.0   score  40k=1.2483
k3_r100_09_lr17  step 40000   auc 0.998509 rep_w 1.0   score  40k=1.2612
k3_r100_09_lr56  step 54400   auc 0.998633 rep_w 1.0   score  40k=1.1820
k32_r100_09_lr56 step 4500    auc 0.969985 rep_w 1.0   score  -
k3_r100_09_mean  step -       auc -        rep_w -     score  -
k3_r100_09b_lr56 step -       auc -        rep_w -     score  -
lanes 0   trainers 2   heads 0   evals 0
===== 2026-09-08 01:25:13 =====
gpu 0, 15488 MiB, 95 %
gpu 1, 14234 MiB, 94 %
k3_r100_09       step 200000  auc 0.999517 rep_w 1.0   score  40k=1.3495 100k=1.3395 200k=1.3910
k32_r100_09      step 40000   auc 0.773158 rep_w 1.0   score  40k=1.4629
k32_r200_08      step 28500   auc 0.534748 rep_w 1.0   score  - COLLAPSED
k3_r100_09_dec   step 40000   auc 0.997382 rep_w 0.0   score  40k=1.3236
k32_r100_09_dec  step 19100   auc 0.501426 rep_w 0.0   score  - COLLAPSED
k8_r100_09       step 40000   auc 0.730208 rep_w 1.0   score  40k=1.4537
k3_r100_09b      step 40000   auc 0.998191 rep_w 1.0   score  40k=1.2927
k3_r100_09_lr33  step 40000   auc 0.997974 rep_w 1.0   score  40k=1.2483
k3_r100_09_lr17  step 40000   auc 0.998509 rep_w 1.0   score  40k=1.2612
k3_r100_09_lr56  step 56000   auc 0.998494 rep_w 1.0   score  40k=1.1820
k32_r100_09_lr56 step 5600    auc 0.954578 rep_w 1.0   score  -
k3_r100_09_mean  step -       auc -        rep_w -     score  -
k3_r100_09b_lr56 step -       auc -        rep_w -     score  -
lanes 0   trainers 2   heads 0   evals 0
===== 2026-09-08 01:40:58 =====
gpu 0, 15488 MiB, 95 %
gpu 1, 14234 MiB, 97 %
k3_r100_09       step 200000  auc 0.999517 rep_w 1.0   score  40k=1.3495 100k=1.3395 200k=1.3910
k32_r100_09      step 40000   auc 0.773158 rep_w 1.0   score  40k=1.4629
k32_r200_08      step 28500   auc 0.534748 rep_w 1.0   score  - COLLAPSED
k3_r100_09_dec   step 40000   auc 0.997382 rep_w 0.0   score  40k=1.3236
k32_r100_09_dec  step 19100   auc 0.501426 rep_w 0.0   score  - COLLAPSED
k8_r100_09       step 40000   auc 0.730208 rep_w 1.0   score  40k=1.4537
k3_r100_09b      step 40000   auc 0.998191 rep_w 1.0   score  40k=1.2927
k3_r100_09_lr33  step 40000   auc 0.997974 rep_w 1.0   score  40k=1.2483
k3_r100_09_lr17  step 40000   auc 0.998509 rep_w 1.0   score  40k=1.2612
k3_r100_09_lr56  step 59700   auc 0.998497 rep_w 1.0   score  40k=1.1820
k32_r100_09_lr56 step 6900    auc 0.942085 rep_w 1.0   score  -
k3_r100_09_mean  step -       auc -        rep_w -     score  -
k3_r100_09b_lr56 step -       auc -        rep_w -     score  -
lanes 0   trainers 2   heads 0   evals 0
===== 2026-09-08 01:56:43 =====
gpu 0, 12700 MiB, 97 %
gpu 1, 14234 MiB, 98 %
k3_r100_09       step 200000  auc 0.999517 rep_w 1.0   score  40k=1.3495 100k=1.3395 200k=1.3910
k32_r100_09      step 40000   auc 0.773158 rep_w 1.0   score  40k=1.4629
k32_r200_08      step 28500   auc 0.534748 rep_w 1.0   score  - COLLAPSED
k3_r100_09_dec   step 40000   auc 0.997382 rep_w 0.0   score  40k=1.3236
k32_r100_09_dec  step 19100   auc 0.501426 rep_w 0.0   score  - COLLAPSED
k8_r100_09       step 40000   auc 0.730208 rep_w 1.0   score  40k=1.4537
k3_r100_09b      step 40000   auc 0.998191 rep_w 1.0   score  40k=1.2927
k3_r100_09_lr33  step 40000   auc 0.997974 rep_w 1.0   score  40k=1.2483
k3_r100_09_lr17  step 40000   auc 0.998509 rep_w 1.0   score  40k=1.2612
k3_r100_09_lr56  step 63200   auc 0.998593 rep_w 1.0   score  40k=1.1820
k32_r100_09_lr56 step 8300    auc 0.925834 rep_w 1.0   score  -
k3_r100_09_mean  step -       auc -        rep_w -     score  -
k3_r100_09b_lr56 step -       auc -        rep_w -     score  -
lanes 0   trainers 2   heads 0   evals 0
===== 2026-09-08 02:12:29 =====
gpu 0, 12700 MiB, 96 %
gpu 1, 14234 MiB, 96 %
k3_r100_09       step 200000  auc 0.999517 rep_w 1.0   score  40k=1.3495 100k=1.3395 200k=1.3910
k32_r100_09      step 40000   auc 0.773158 rep_w 1.0   score  40k=1.4629
k32_r200_08      step 28500   auc 0.534748 rep_w 1.0   score  - COLLAPSED
k3_r100_09_dec   step 40000   auc 0.997382 rep_w 0.0   score  40k=1.3236
k32_r100_09_dec  step 19100   auc 0.501426 rep_w 0.0   score  - COLLAPSED
k8_r100_09       step 40000   auc 0.730208 rep_w 1.0   score  40k=1.4537
k3_r100_09b      step 40000   auc 0.998191 rep_w 1.0   score  40k=1.2927
k3_r100_09_lr33  step 40000   auc 0.997974 rep_w 1.0   score  40k=1.2483
k3_r100_09_lr17  step 40000   auc 0.998509 rep_w 1.0   score  40k=1.2612
k3_r100_09_lr56  step 66400   auc 0.998736 rep_w 1.0   score  40k=1.1820
k32_r100_09_lr56 step 9800    auc 0.923965 rep_w 1.0   score  -
k3_r100_09_mean  step -       auc -        rep_w -     score  -
k3_r100_09b_lr56 step -       auc -        rep_w -     score  -
lanes 0   trainers 2   heads 0   evals 0
===== 2026-09-08 02:28:15 =====
gpu 0, 12700 MiB, 96 %
gpu 1, 14234 MiB, 98 %
k3_r100_09       step 200000  auc 0.999517 rep_w 1.0   score  40k=1.3495 100k=1.3395 200k=1.3910
k32_r100_09      step 40000   auc 0.773158 rep_w 1.0   score  40k=1.4629
k32_r200_08      step 28500   auc 0.534748 rep_w 1.0   score  - COLLAPSED
k3_r100_09_dec   step 40000   auc 0.997382 rep_w 0.0   score  40k=1.3236
k32_r100_09_dec  step 19100   auc 0.501426 rep_w 0.0   score  - COLLAPSED
k8_r100_09       step 40000   auc 0.730208 rep_w 1.0   score  40k=1.4537
k3_r100_09b      step 40000   auc 0.998191 rep_w 1.0   score  40k=1.2927
k3_r100_09_lr33  step 40000   auc 0.997974 rep_w 1.0   score  40k=1.2483
k3_r100_09_lr17  step 40000   auc 0.998509 rep_w 1.0   score  40k=1.2612
k3_r100_09_lr56  step 69700   auc 0.998756 rep_w 1.0   score  40k=1.1820
k32_r100_09_lr56 step 11300   auc 0.936365 rep_w 1.0   score  -
k3_r100_09_mean  step -       auc -        rep_w -     score  -
k3_r100_09b_lr56 step -       auc -        rep_w -     score  -
lanes 0   trainers 2   heads 0   evals 0
===== 2026-09-08 02:44:03 =====
gpu 0, 12700 MiB, 93 %
gpu 1, 14234 MiB, 95 %
k3_r100_09       step 200000  auc 0.999517 rep_w 1.0   score  40k=1.3495 100k=1.3395 200k=1.3910
k32_r100_09      step 40000   auc 0.773158 rep_w 1.0   score  40k=1.4629
k32_r200_08      step 28500   auc 0.534748 rep_w 1.0   score  - COLLAPSED
k3_r100_09_dec   step 40000   auc 0.997382 rep_w 0.0   score  40k=1.3236
k32_r100_09_dec  step 19100   auc 0.501426 rep_w 0.0   score  - COLLAPSED
k8_r100_09       step 40000   auc 0.730208 rep_w 1.0   score  40k=1.4537
k3_r100_09b      step 40000   auc 0.998191 rep_w 1.0   score  40k=1.2927
k3_r100_09_lr33  step 40000   auc 0.997974 rep_w 1.0   score  40k=1.2483
k3_r100_09_lr17  step 40000   auc 0.998509 rep_w 1.0   score  40k=1.2612
k3_r100_09_lr56  step 72200   auc 0.998788 rep_w 1.0   score  40k=1.1820
k32_r100_09_lr56 step 12800   auc 0.953026 rep_w 1.0   score  -
k3_r100_09_mean  step -       auc -        rep_w -     score  -
k3_r100_09b_lr56 step -       auc -        rep_w -     score  -
lanes 0   trainers 2   heads 0   evals 0
===== 2026-09-08 02:59:50 =====
gpu 0, 12700 MiB, 92 %
gpu 1, 14234 MiB, 99 %
k3_r100_09       step 200000  auc 0.999517 rep_w 1.0   score  40k=1.3495 100k=1.3395 200k=1.3910
k32_r100_09      step 40000   auc 0.773158 rep_w 1.0   score  40k=1.4629
k32_r200_08      step 28500   auc 0.534748 rep_w 1.0   score  - COLLAPSED
k3_r100_09_dec   step 40000   auc 0.997382 rep_w 0.0   score  40k=1.3236
k32_r100_09_dec  step 19100   auc 0.501426 rep_w 0.0   score  - COLLAPSED
k8_r100_09       step 40000   auc 0.730208 rep_w 1.0   score  40k=1.4537
k3_r100_09b      step 40000   auc 0.998191 rep_w 1.0   score  40k=1.2927
k3_r100_09_lr33  step 40000   auc 0.997974 rep_w 1.0   score  40k=1.2483
k3_r100_09_lr17  step 40000   auc 0.998509 rep_w 1.0   score  40k=1.2612
k3_r100_09_lr56  step 74500   auc 0.998956 rep_w 1.0   score  40k=1.1820
k32_r100_09_lr56 step 14300   auc 0.942031 rep_w 1.0   score  -
k3_r100_09_mean  step -       auc -        rep_w -     score  -
k3_r100_09b_lr56 step -       auc -        rep_w -     score  -
lanes 0   trainers 2   heads 0   evals 0
===== 2026-09-08 03:15:37 =====
gpu 0, 12700 MiB, 97 %
gpu 1, 14234 MiB, 98 %
k3_r100_09       step 200000  auc 0.999517 rep_w 1.0   score  40k=1.3495 100k=1.3395 200k=1.3910
k32_r100_09      step 40000   auc 0.773158 rep_w 1.0   score  40k=1.4629
k32_r200_08      step 28500   auc 0.534748 rep_w 1.0   score  - COLLAPSED
k3_r100_09_dec   step 40000   auc 0.997382 rep_w 0.0   score  40k=1.3236
k32_r100_09_dec  step 19100   auc 0.501426 rep_w 0.0   score  - COLLAPSED
k8_r100_09       step 40000   auc 0.730208 rep_w 1.0   score  40k=1.4537
k3_r100_09b      step 40000   auc 0.998191 rep_w 1.0   score  40k=1.2927
k3_r100_09_lr33  step 40000   auc 0.997974 rep_w 1.0   score  40k=1.2483
k3_r100_09_lr17  step 40000   auc 0.998509 rep_w 1.0   score  40k=1.2612
k3_r100_09_lr56  step 76500   auc 0.998879 rep_w 1.0   score  40k=1.1820
k32_r100_09_lr56 step 15800   auc 0.942925 rep_w 1.0   score  -
k3_r100_09_mean  step -       auc -        rep_w -     score  -
k3_r100_09b_lr56 step -       auc -        rep_w -     score  -
lanes 0   trainers 2   heads 0   evals 0
===== 2026-09-08 03:31:25 =====
gpu 0, 12700 MiB, 67 %
gpu 1, 14234 MiB, 97 %
k3_r100_09       step 200000  auc 0.999517 rep_w 1.0   score  40k=1.3495 100k=1.3395 200k=1.3910
k32_r100_09      step 40000   auc 0.773158 rep_w 1.0   score  40k=1.4629
k32_r200_08      step 28500   auc 0.534748 rep_w 1.0   score  - COLLAPSED
k3_r100_09_dec   step 40000   auc 0.997382 rep_w 0.0   score  40k=1.3236
k32_r100_09_dec  step 19100   auc 0.501426 rep_w 0.0   score  - COLLAPSED
k8_r100_09       step 40000   auc 0.730208 rep_w 1.0   score  40k=1.4537
k3_r100_09b      step 40000   auc 0.998191 rep_w 1.0   score  40k=1.2927
k3_r100_09_lr33  step 40000   auc 0.997974 rep_w 1.0   score  40k=1.2483
k3_r100_09_lr17  step 40000   auc 0.998509 rep_w 1.0   score  40k=1.2612
k3_r100_09_lr56  step 79300   auc 0.998946 rep_w 1.0   score  40k=1.1820
k32_r100_09_lr56 step 17300   auc 0.934265 rep_w 1.0   score  -
k3_r100_09_mean  step -       auc -        rep_w -     score  -
k3_r100_09b_lr56 step -       auc -        rep_w -     score  -
lanes 0   trainers 2   heads 0   evals 0
===== 2026-09-08 03:47:12 =====
gpu 0, 12700 MiB, 94 %
gpu 1, 14234 MiB, 99 %
k3_r100_09       step 200000  auc 0.999517 rep_w 1.0   score  40k=1.3495 100k=1.3395 200k=1.3910
k32_r100_09      step 40000   auc 0.773158 rep_w 1.0   score  40k=1.4629
k32_r200_08      step 28500   auc 0.534748 rep_w 1.0   score  - COLLAPSED
k3_r100_09_dec   step 40000   auc 0.997382 rep_w 0.0   score  40k=1.3236
k32_r100_09_dec  step 19100   auc 0.501426 rep_w 0.0   score  - COLLAPSED
k8_r100_09       step 40000   auc 0.730208 rep_w 1.0   score  40k=1.4537
k3_r100_09b      step 40000   auc 0.998191 rep_w 1.0   score  40k=1.2927
k3_r100_09_lr33  step 40000   auc 0.997974 rep_w 1.0   score  40k=1.2483
k3_r100_09_lr17  step 40000   auc 0.998509 rep_w 1.0   score  40k=1.2612
k3_r100_09_lr56  step 80400   auc 0.998826 rep_w 1.0   score  40k=1.1820
k32_r100_09_lr56 step 18800   auc 0.933352 rep_w 1.0   score  -
k3_r100_09_mean  step -       auc -        rep_w -     score  -
k3_r100_09b_lr56 step -       auc -        rep_w -     score  -
lanes 0   trainers 2   heads 0   evals 0
===== 2026-09-08 04:03:00 =====
gpu 0, 12700 MiB, 87 %
gpu 1, 10218 MiB, 97 %
k3_r100_09       step 200000  auc 0.999517 rep_w 1.0   score  40k=1.3495 100k=1.3395 200k=1.3910
k32_r100_09      step 40000   auc 0.773158 rep_w 1.0   score  40k=1.4629
k32_r200_08      step 28500   auc 0.534748 rep_w 1.0   score  - COLLAPSED
k3_r100_09_dec   step 40000   auc 0.997382 rep_w 0.0   score  40k=1.3236
k32_r100_09_dec  step 19100   auc 0.501426 rep_w 0.0   score  - COLLAPSED
k8_r100_09       step 40000   auc 0.730208 rep_w 1.0   score  40k=1.4537
k3_r100_09b      step 40000   auc 0.998191 rep_w 1.0   score  40k=1.2927
k3_r100_09_lr33  step 40000   auc 0.997974 rep_w 1.0   score  40k=1.2483
k3_r100_09_lr17  step 40000   auc 0.998509 rep_w 1.0   score  40k=1.2612
k3_r100_09_lr56  step 83700   auc 0.999146 rep_w 1.0   score  40k=1.1820
k32_r100_09_lr56 step 20300   auc 0.938154 rep_w 1.0   score  -
k3_r100_09_mean  step -       auc -        rep_w -     score  -
k3_r100_09b_lr56 step -       auc -        rep_w -     score  -
lanes 0   trainers 2   heads 0   evals 0
===== 2026-09-08 04:18:48 =====
gpu 0, 12700 MiB, 89 %
gpu 1, 10218 MiB, 96 %
k3_r100_09       step 200000  auc 0.999517 rep_w 1.0   score  40k=1.3495 100k=1.3395 200k=1.3910
k32_r100_09      step 40000   auc 0.773158 rep_w 1.0   score  40k=1.4629
k32_r200_08      step 28500   auc 0.534748 rep_w 1.0   score  - COLLAPSED
k3_r100_09_dec   step 40000   auc 0.997382 rep_w 0.0   score  40k=1.3236
k32_r100_09_dec  step 19100   auc 0.501426 rep_w 0.0   score  - COLLAPSED
k8_r100_09       step 40000   auc 0.730208 rep_w 1.0   score  40k=1.4537
k3_r100_09b      step 40000   auc 0.998191 rep_w 1.0   score  40k=1.2927
k3_r100_09_lr33  step 40000   auc 0.997974 rep_w 1.0   score  40k=1.2483
k3_r100_09_lr17  step 40000   auc 0.998509 rep_w 1.0   score  40k=1.2612
k3_r100_09_lr56  step 85600   auc 0.999315 rep_w 1.0   score  40k=1.1820
k32_r100_09_lr56 step 21700   auc 0.931831 rep_w 1.0   score  -
k3_r100_09_mean  step -       auc -        rep_w -     score  -
k3_r100_09b_lr56 step -       auc -        rep_w -     score  -
lanes 0   trainers 2   heads 0   evals 0
===== 2026-09-08 04:34:36 =====
gpu 0, 12700 MiB, 97 %
gpu 1, 10218 MiB, 98 %
k3_r100_09       step 200000  auc 0.999517 rep_w 1.0   score  40k=1.3495 100k=1.3395 200k=1.3910
k32_r100_09      step 40000   auc 0.773158 rep_w 1.0   score  40k=1.4629
k32_r200_08      step 28500   auc 0.534748 rep_w 1.0   score  - COLLAPSED
k3_r100_09_dec   step 40000   auc 0.997382 rep_w 0.0   score  40k=1.3236
k32_r100_09_dec  step 19100   auc 0.501426 rep_w 0.0   score  - COLLAPSED
k8_r100_09       step 40000   auc 0.730208 rep_w 1.0   score  40k=1.4537
k3_r100_09b      step 40000   auc 0.998191 rep_w 1.0   score  40k=1.2927
k3_r100_09_lr33  step 40000   auc 0.997974 rep_w 1.0   score  40k=1.2483
k3_r100_09_lr17  step 40000   auc 0.998509 rep_w 1.0   score  40k=1.2612
k3_r100_09_lr56  step 88400   auc 0.999284 rep_w 1.0   score  40k=1.1820
k32_r100_09_lr56 step 23200   auc 0.938075 rep_w 1.0   score  -
k3_r100_09_mean  step -       auc -        rep_w -     score  -
k3_r100_09b_lr56 step -       auc -        rep_w -     score  -
lanes 0   trainers 2   heads 0   evals 0
===== 2026-09-08 04:50:25 =====
gpu 0, 12700 MiB, 93 %
gpu 1, 9658 MiB, 98 %
k3_r100_09       step 200000  auc 0.999517 rep_w 1.0   score  40k=1.3495 100k=1.3395 200k=1.3910
k32_r100_09      step 40000   auc 0.773158 rep_w 1.0   score  40k=1.4629
k32_r200_08      step 28500   auc 0.534748 rep_w 1.0   score  - COLLAPSED
k3_r100_09_dec   step 40000   auc 0.997382 rep_w 0.0   score  40k=1.3236
k32_r100_09_dec  step 19100   auc 0.501426 rep_w 0.0   score  - COLLAPSED
k8_r100_09       step 40000   auc 0.730208 rep_w 1.0   score  40k=1.4537
k3_r100_09b      step 40000   auc 0.998191 rep_w 1.0   score  40k=1.2927
k3_r100_09_lr33  step 40000   auc 0.997974 rep_w 1.0   score  40k=1.2483
k3_r100_09_lr17  step 40000   auc 0.998509 rep_w 1.0   score  40k=1.2612
k3_r100_09_lr56  step 91700   auc 0.999322 rep_w 1.0   score  40k=1.1820
k32_r100_09_lr56 step 24000   auc 0.93631  rep_w 1.0   score  -
k3_r100_09_mean  step -       auc -        rep_w -     score  -
k3_r100_09b_lr56 step -       auc -        rep_w -     score  -
lanes 0   trainers 2   heads 0   evals 0
===== 2026-09-08 05:06:14 =====
gpu 0, 12700 MiB, 96 %
gpu 1, 9658 MiB, 28 %
k3_r100_09       step 200000  auc 0.999517 rep_w 1.0   score  40k=1.3495 100k=1.3395 200k=1.3910
k32_r100_09      step 40000   auc 0.773158 rep_w 1.0   score  40k=1.4629
k32_r200_08      step 28500   auc 0.534748 rep_w 1.0   score  - COLLAPSED
k3_r100_09_dec   step 40000   auc 0.997382 rep_w 0.0   score  40k=1.3236
k32_r100_09_dec  step 19100   auc 0.501426 rep_w 0.0   score  - COLLAPSED
k8_r100_09       step 40000   auc 0.730208 rep_w 1.0   score  40k=1.4537
k3_r100_09b      step 40000   auc 0.998191 rep_w 1.0   score  40k=1.2927
k3_r100_09_lr33  step 40000   auc 0.997974 rep_w 1.0   score  40k=1.2483
k3_r100_09_lr17  step 40000   auc 0.998509 rep_w 1.0   score  40k=1.2612
k3_r100_09_lr56  step 93800   auc 0.999398 rep_w 1.0   score  40k=1.1820
k32_r100_09_lr56 step 25500   auc 0.920841 rep_w 1.0   score  -
k3_r100_09_mean  step -       auc -        rep_w -     score  -
k3_r100_09b_lr56 step -       auc -        rep_w -     score  -
lanes 0   trainers 2   heads 0   evals 0
===== 2026-09-08 05:22:04 =====
gpu 0, 12700 MiB, 96 %
gpu 1, 9658 MiB, 94 %
k3_r100_09       step 200000  auc 0.999517 rep_w 1.0   score  40k=1.3495 100k=1.3395 200k=1.3910
k32_r100_09      step 40000   auc 0.773158 rep_w 1.0   score  40k=1.4629
k32_r200_08      step 28500   auc 0.534748 rep_w 1.0   score  - COLLAPSED
k3_r100_09_dec   step 40000   auc 0.997382 rep_w 0.0   score  40k=1.3236
k32_r100_09_dec  step 19100   auc 0.501426 rep_w 0.0   score  - COLLAPSED
k8_r100_09       step 40000   auc 0.730208 rep_w 1.0   score  40k=1.4537
k3_r100_09b      step 40000   auc 0.998191 rep_w 1.0   score  40k=1.2927
k3_r100_09_lr33  step 40000   auc 0.997974 rep_w 1.0   score  40k=1.2483
k3_r100_09_lr17  step 40000   auc 0.998509 rep_w 1.0   score  40k=1.2612
k3_r100_09_lr56  step 97100   auc 0.99942  rep_w 1.0   score  40k=1.1820
k32_r100_09_lr56 step 27000   auc 0.918798 rep_w 1.0   score  -
k3_r100_09_mean  step -       auc -        rep_w -     score  -
k3_r100_09b_lr56 step -       auc -        rep_w -     score  -
lanes 0   trainers 2   heads 0   evals 0
===== 2026-09-08 05:37:53 =====
gpu 0, 13676 MiB, 96 %
gpu 1, 9658 MiB, 95 %
k3_r100_09       step 200000  auc 0.999517 rep_w 1.0   score  40k=1.3495 100k=1.3395 200k=1.3910
k32_r100_09      step 40000   auc 0.773158 rep_w 1.0   score  40k=1.4629
k32_r200_08      step 28500   auc 0.534748 rep_w 1.0   score  - COLLAPSED
k3_r100_09_dec   step 40000   auc 0.997382 rep_w 0.0   score  40k=1.3236
k32_r100_09_dec  step 19100   auc 0.501426 rep_w 0.0   score  - COLLAPSED
k8_r100_09       step 40000   auc 0.730208 rep_w 1.0   score  40k=1.4537
k3_r100_09b      step 40000   auc 0.998191 rep_w 1.0   score  40k=1.2927
k3_r100_09_lr33  step 40000   auc 0.997974 rep_w 1.0   score  40k=1.2483
k3_r100_09_lr17  step 40000   auc 0.998509 rep_w 1.0   score  40k=1.2612
k3_r100_09_lr56  step 100300  auc 0.999389 rep_w 1.0   score  40k=1.1820
k32_r100_09_lr56 step 28400   auc 0.883432 rep_w 1.0   score  -
k3_r100_09_mean  step -       auc -        rep_w -     score  -
k3_r100_09b_lr56 step -       auc -        rep_w -     score  -
lanes 0   trainers 2   heads 0   evals 0
===== 2026-09-08 05:53:45 =====
gpu 0, 7421 MiB, 99 %
gpu 1, 9658 MiB, 96 %
k3_r100_09       step 200000  auc 0.999517 rep_w 1.0   score  40k=1.3495 100k=1.3395 200k=1.3910
k32_r100_09      step 40000   auc 0.773158 rep_w 1.0   score  40k=1.4629
k32_r200_08      step 28500   auc 0.534748 rep_w 1.0   score  - COLLAPSED
k3_r100_09_dec   step 40000   auc 0.997382 rep_w 0.0   score  40k=1.3236
k32_r100_09_dec  step 19100   auc 0.501426 rep_w 0.0   score  - COLLAPSED
k8_r100_09       step 40000   auc 0.730208 rep_w 1.0   score  40k=1.4537
k3_r100_09b      step 40000   auc 0.998191 rep_w 1.0   score  40k=1.2927
k3_r100_09_lr33  step 40000   auc 0.997974 rep_w 1.0   score  40k=1.2483
k3_r100_09_lr17  step 40000   auc 0.998509 rep_w 1.0   score  40k=1.2612
k3_r100_09_lr56  step 103400  auc 0.999418 rep_w 1.0   score  40k=1.1820
k32_r100_09_lr56 step 29900   auc 0.830433 rep_w 1.0   score  -
k3_r100_09_mean  step -       auc -        rep_w -     score  -
k3_r100_09b_lr56 step -       auc -        rep_w -     score  -
lanes 0   trainers 2   heads 1   evals 0
===== 2026-09-08 06:09:35 =====
gpu 0, 7421 MiB, 97 %
gpu 1, 9658 MiB, 95 %
k3_r100_09       step 200000  auc 0.999517 rep_w 1.0   score  40k=1.3495 100k=1.3395 200k=1.3910
k32_r100_09      step 40000   auc 0.773158 rep_w 1.0   score  40k=1.4629
k32_r200_08      step 28500   auc 0.534748 rep_w 1.0   score  - COLLAPSED
k3_r100_09_dec   step 40000   auc 0.997382 rep_w 0.0   score  40k=1.3236
k32_r100_09_dec  step 19100   auc 0.501426 rep_w 0.0   score  - COLLAPSED
k8_r100_09       step 40000   auc 0.730208 rep_w 1.0   score  40k=1.4537
k3_r100_09b      step 40000   auc 0.998191 rep_w 1.0   score  40k=1.2927
k3_r100_09_lr33  step 40000   auc 0.997974 rep_w 1.0   score  40k=1.2483
k3_r100_09_lr17  step 40000   auc 0.998509 rep_w 1.0   score  40k=1.2612
k3_r100_09_lr56  step 104500  auc 0.999497 rep_w 1.0   score  40k=1.1820
k32_r100_09_lr56 step 31300   auc 0.790383 rep_w 1.0   score  -
k3_r100_09_mean  step -       auc -        rep_w -     score  -
k3_r100_09b_lr56 step -       auc -        rep_w -     score  -
lanes 0   trainers 2   heads 1   evals 0
===== 2026-09-08 06:25:26 =====
gpu 0, 7421 MiB, 97 %
gpu 1, 9658 MiB, 97 %
k3_r100_09       step 200000  auc 0.999517 rep_w 1.0   score  40k=1.3495 100k=1.3395 200k=1.3910
k32_r100_09      step 40000   auc 0.773158 rep_w 1.0   score  40k=1.4629
k32_r200_08      step 28500   auc 0.534748 rep_w 1.0   score  - COLLAPSED
k3_r100_09_dec   step 40000   auc 0.997382 rep_w 0.0   score  40k=1.3236
k32_r100_09_dec  step 19100   auc 0.501426 rep_w 0.0   score  - COLLAPSED
k8_r100_09       step 40000   auc 0.730208 rep_w 1.0   score  40k=1.4537
k3_r100_09b      step 40000   auc 0.998191 rep_w 1.0   score  40k=1.2927
k3_r100_09_lr33  step 40000   auc 0.997974 rep_w 1.0   score  40k=1.2483
k3_r100_09_lr17  step 40000   auc 0.998509 rep_w 1.0   score  40k=1.2612
k3_r100_09_lr56  step 106600  auc 0.999387 rep_w 1.0   score  40k=1.1820
k32_r100_09_lr56 step 32500   auc 0.770007 rep_w 1.0   score  -
k3_r100_09_mean  step -       auc -        rep_w -     score  -
k3_r100_09b_lr56 step -       auc -        rep_w -     score  -
lanes 0   trainers 2   heads 1   evals 0
===== 2026-09-08 06:41:17 =====
gpu 0, 7421 MiB, 99 %
gpu 1, 9658 MiB, 91 %
k3_r100_09       step 200000  auc 0.999517 rep_w 1.0   score  40k=1.3495 100k=1.3395 200k=1.3910
k32_r100_09      step 40000   auc 0.773158 rep_w 1.0   score  40k=1.4629
k32_r200_08      step 28500   auc 0.534748 rep_w 1.0   score  - COLLAPSED
k3_r100_09_dec   step 40000   auc 0.997382 rep_w 0.0   score  40k=1.3236
k32_r100_09_dec  step 19100   auc 0.501426 rep_w 0.0   score  - COLLAPSED
k8_r100_09       step 40000   auc 0.730208 rep_w 1.0   score  40k=1.4537
k3_r100_09b      step 40000   auc 0.998191 rep_w 1.0   score  40k=1.2927
k3_r100_09_lr33  step 40000   auc 0.997974 rep_w 1.0   score  40k=1.2483
k3_r100_09_lr17  step 40000   auc 0.998509 rep_w 1.0   score  40k=1.2612
k3_r100_09_lr56  step 109400  auc 0.999409 rep_w 1.0   score  40k=1.1820
k32_r100_09_lr56 step 33900   auc 0.751485 rep_w 1.0   score  -
k3_r100_09_mean  step -       auc -        rep_w -     score  -
k3_r100_09b_lr56 step -       auc -        rep_w -     score  -
lanes 0   trainers 2   heads 1   evals 0
===== 2026-09-08 06:57:08 =====
gpu 0, 7653 MiB, 96 %
gpu 1, 9658 MiB, 92 %
k3_r100_09       step 200000  auc 0.999517 rep_w 1.0   score  40k=1.3495 100k=1.3395 200k=1.3910
k32_r100_09      step 40000   auc 0.773158 rep_w 1.0   score  40k=1.4629
k32_r200_08      step 28500   auc 0.534748 rep_w 1.0   score  - COLLAPSED
k3_r100_09_dec   step 40000   auc 0.997382 rep_w 0.0   score  40k=1.3236
k32_r100_09_dec  step 19100   auc 0.501426 rep_w 0.0   score  - COLLAPSED
k8_r100_09       step 40000   auc 0.730208 rep_w 1.0   score  40k=1.4537
k3_r100_09b      step 40000   auc 0.998191 rep_w 1.0   score  40k=1.2927
k3_r100_09_lr33  step 40000   auc 0.997974 rep_w 1.0   score  40k=1.2483
k3_r100_09_lr17  step 40000   auc 0.998509 rep_w 1.0   score  40k=1.2612
k3_r100_09_lr56  step 112200  auc 0.99936  rep_w 1.0   score  40k=1.1820
k32_r100_09_lr56 step 35400   auc 0.818969 rep_w 1.0   score  -
k3_r100_09_mean  step -       auc -        rep_w -     score  -
k3_r100_09b_lr56 step -       auc -        rep_w -     score  -
lanes 0   trainers 2   heads 1   evals 0
===== 2026-09-08 07:13:00 =====
gpu 0, 7651 MiB, 97 %
gpu 1, 9658 MiB, 87 %
k3_r100_09       step 200000  auc 0.999517 rep_w 1.0   score  40k=1.3495 100k=1.3395 200k=1.3910
k32_r100_09      step 40000   auc 0.773158 rep_w 1.0   score  40k=1.4629
k32_r200_08      step 28500   auc 0.534748 rep_w 1.0   score  - COLLAPSED
k3_r100_09_dec   step 40000   auc 0.997382 rep_w 0.0   score  40k=1.3236
k32_r100_09_dec  step 19100   auc 0.501426 rep_w 0.0   score  - COLLAPSED
k8_r100_09       step 40000   auc 0.730208 rep_w 1.0   score  40k=1.4537
k3_r100_09b      step 40000   auc 0.998191 rep_w 1.0   score  40k=1.2927
k3_r100_09_lr33  step 40000   auc 0.997974 rep_w 1.0   score  40k=1.2483
k3_r100_09_lr17  step 40000   auc 0.998509 rep_w 1.0   score  40k=1.2612
k3_r100_09_lr56  step 115100  auc 0.999393 rep_w 1.0   score  40k=1.1820
k32_r100_09_lr56 step 36800   auc 0.783786 rep_w 1.0   score  -
k3_r100_09_mean  step -       auc -        rep_w -     score  -
k3_r100_09b_lr56 step -       auc -        rep_w -     score  -
lanes 0   trainers 2   heads 1   evals 0
===== 2026-09-08 07:28:52 =====
gpu 0, 13906 MiB, 16 %
gpu 1, 9658 MiB, 68 %
k3_r100_09       step 200000  auc 0.999517 rep_w 1.0   score  40k=1.3495 100k=1.3395 200k=1.3910
k32_r100_09      step 40000   auc 0.773158 rep_w 1.0   score  40k=1.4629
k32_r200_08      step 28500   auc 0.534748 rep_w 1.0   score  - COLLAPSED
k3_r100_09_dec   step 40000   auc 0.997382 rep_w 0.0   score  40k=1.3236
k32_r100_09_dec  step 19100   auc 0.501426 rep_w 0.0   score  - COLLAPSED
k8_r100_09       step 40000   auc 0.730208 rep_w 1.0   score  40k=1.4537
k3_r100_09b      step 40000   auc 0.998191 rep_w 1.0   score  40k=1.2927
k3_r100_09_lr33  step 40000   auc 0.997974 rep_w 1.0   score  40k=1.2483
k3_r100_09_lr17  step 40000   auc 0.998509 rep_w 1.0   score  40k=1.2612
k3_r100_09_lr56  step 118000  auc 0.999306 rep_w 1.0   score  40k=1.1820
k32_r100_09_lr56 step 38200   auc 0.746987 rep_w 1.0   score  -
k3_r100_09_mean  step -       auc -        rep_w -     score  -
k3_r100_09b_lr56 step -       auc -        rep_w -     score  -
lanes 0   trainers 2   heads 0   evals 4
===== 2026-09-08 07:44:48 =====
gpu 0, 12930 MiB, 90 %
gpu 1, 9658 MiB, 95 %
k3_r100_09       step 200000  auc 0.999517 rep_w 1.0   score  40k=1.3495 100k=1.3395 200k=1.3910
k32_r100_09      step 40000   auc 0.773158 rep_w 1.0   score  40k=1.4629
k32_r200_08      step 28500   auc 0.534748 rep_w 1.0   score  - COLLAPSED
k3_r100_09_dec   step 40000   auc 0.997382 rep_w 0.0   score  40k=1.3236
k32_r100_09_dec  step 19100   auc 0.501426 rep_w 0.0   score  - COLLAPSED
k8_r100_09       step 40000   auc 0.730208 rep_w 1.0   score  40k=1.4537
k3_r100_09b      step 40000   auc 0.998191 rep_w 1.0   score  40k=1.2927
k3_r100_09_lr33  step 40000   auc 0.997974 rep_w 1.0   score  40k=1.2483
k3_r100_09_lr17  step 40000   auc 0.998509 rep_w 1.0   score  40k=1.2612
k3_r100_09_lr56  step 121200  auc 0.999314 rep_w 1.0   score  40k=1.1820
k32_r100_09_lr56 step 39500   auc 0.747562 rep_w 1.0   score  -
k3_r100_09_mean  step -       auc -        rep_w -     score  -
k3_r100_09b_lr56 step -       auc -        rep_w -     score  -
lanes 0   trainers 2   heads 0   evals 4
===== 2026-09-08 08:00:43 =====
gpu 0, 6675 MiB, 100 %
gpu 1, 14660 MiB, 95 %
k3_r100_09       step 200000  auc 0.999517 rep_w 1.0   score  40k=1.3495 100k=1.3395 200k=1.3910
k32_r100_09      step 40000   auc 0.773158 rep_w 1.0   score  40k=1.4629
k32_r200_08      step 28500   auc 0.534748 rep_w 1.0   score  - COLLAPSED
k3_r100_09_dec   step 40000   auc 0.997382 rep_w 0.0   score  40k=1.3236
k32_r100_09_dec  step 19100   auc 0.501426 rep_w 0.0   score  - COLLAPSED
k8_r100_09       step 40000   auc 0.730208 rep_w 1.0   score  40k=1.4537
k3_r100_09b      step 40000   auc 0.998191 rep_w 1.0   score  40k=1.2927
k3_r100_09_lr33  step 40000   auc 0.997974 rep_w 1.0   score  40k=1.2483
k3_r100_09_lr17  step 40000   auc 0.998509 rep_w 1.0   score  40k=1.2612
k3_r100_09_lr56  step 124300  auc 0.999418 rep_w 1.0   score  40k=1.1820
k32_r100_09_lr56 step 40000   auc 0.730161 rep_w 1.0   score  -
k3_r100_09_mean  step -       auc -        rep_w -     score  -
k3_r100_09b_lr56 step 2100    auc 0.996968 rep_w 1.0   score  -
lanes 0   trainers 2   heads 1   evals 4
===== 2026-09-08 08:16:39 =====
gpu 0, 6675 MiB, 94 %
gpu 1, 14660 MiB, 91 %
k3_r100_09       step 200000  auc 0.999517 rep_w 1.0   score  40k=1.3495 100k=1.3395 200k=1.3910
k32_r100_09      step 40000   auc 0.773158 rep_w 1.0   score  40k=1.4629
k32_r200_08      step 28500   auc 0.534748 rep_w 1.0   score  - COLLAPSED
k3_r100_09_dec   step 40000   auc 0.997382 rep_w 0.0   score  40k=1.3236
k32_r100_09_dec  step 19100   auc 0.501426 rep_w 0.0   score  - COLLAPSED
k8_r100_09       step 40000   auc 0.730208 rep_w 1.0   score  40k=1.4537
k3_r100_09b      step 40000   auc 0.998191 rep_w 1.0   score  40k=1.2927
k3_r100_09_lr33  step 40000   auc 0.997974 rep_w 1.0   score  40k=1.2483
k3_r100_09_lr17  step 40000   auc 0.998509 rep_w 1.0   score  40k=1.2612
k3_r100_09_lr56  step 127100  auc 0.999342 rep_w 1.0   score  40k=1.1820
k32_r100_09_lr56 step 40000   auc 0.730161 rep_w 1.0   score  -
k3_r100_09_mean  step -       auc -        rep_w -     score  -
k3_r100_09b_lr56 step 5200    auc 0.997784 rep_w 1.0   score  -
lanes 0   trainers 2   heads 1   evals 4
===== 2026-09-08 08:32:36 =====
gpu 0, 6675 MiB, 66 %
gpu 1, 14660 MiB, 73 %
k3_r100_09       step 200000  auc 0.999517 rep_w 1.0   score  40k=1.3495 100k=1.3395 200k=1.3910
k32_r100_09      step 40000   auc 0.773158 rep_w 1.0   score  40k=1.4629
k32_r200_08      step 28500   auc 0.534748 rep_w 1.0   score  - COLLAPSED
k3_r100_09_dec   step 40000   auc 0.997382 rep_w 0.0   score  40k=1.3236
k32_r100_09_dec  step 19100   auc 0.501426 rep_w 0.0   score  - COLLAPSED
k8_r100_09       step 40000   auc 0.730208 rep_w 1.0   score  40k=1.4537
k3_r100_09b      step 40000   auc 0.998191 rep_w 1.0   score  40k=1.2927
k3_r100_09_lr33  step 40000   auc 0.997974 rep_w 1.0   score  40k=1.2483
k3_r100_09_lr17  step 40000   auc 0.998509 rep_w 1.0   score  40k=1.2612
k3_r100_09_lr56  step 129300  auc 0.999417 rep_w 1.0   score  40k=1.1820
k32_r100_09_lr56 step 40000   auc 0.730161 rep_w 1.0   score  -
k3_r100_09_mean  step -       auc -        rep_w -     score  -
k3_r100_09b_lr56 step 7400    auc 0.997937 rep_w 1.0   score  -
lanes 0   trainers 2   heads 1   evals 4
===== 2026-09-08 08:48:31 =====
gpu 0, 6675 MiB, 95 %
gpu 1, 14660 MiB, 94 %
k3_r100_09       step 200000  auc 0.999517 rep_w 1.0   score  40k=1.3495 100k=1.3395 200k=1.3910
k32_r100_09      step 40000   auc 0.773158 rep_w 1.0   score  40k=1.4629
k32_r200_08      step 28500   auc 0.534748 rep_w 1.0   score  - COLLAPSED
k3_r100_09_dec   step 40000   auc 0.997382 rep_w 0.0   score  40k=1.3236
k32_r100_09_dec  step 19100   auc 0.501426 rep_w 0.0   score  - COLLAPSED
k8_r100_09       step 40000   auc 0.730208 rep_w 1.0   score  40k=1.4537
k3_r100_09b      step 40000   auc 0.998191 rep_w 1.0   score  40k=1.2927
k3_r100_09_lr33  step 40000   auc 0.997974 rep_w 1.0   score  40k=1.2483
k3_r100_09_lr17  step 40000   auc 0.998509 rep_w 1.0   score  40k=1.2612
k3_r100_09_lr56  step 131100  auc 0.999473 rep_w 1.0   score  40k=1.1820
k32_r100_09_lr56 step 40000   auc 0.730161 rep_w 1.0   score  -
k3_r100_09_mean  step -       auc -        rep_w -     score  -
k3_r100_09b_lr56 step 9300    auc 0.997663 rep_w 1.0   score  -
lanes 0   trainers 2   heads 1   evals 4
===== 2026-09-08 09:04:27 =====
gpu 0, 6675 MiB, 97 %
gpu 1, 14660 MiB, 79 %
k3_r100_09       step 200000  auc 0.999517 rep_w 1.0   score  40k=1.3495 100k=1.3395 200k=1.3910
k32_r100_09      step 40000   auc 0.773158 rep_w 1.0   score  40k=1.4629
k32_r200_08      step 28500   auc 0.534748 rep_w 1.0   score  - COLLAPSED
k3_r100_09_dec   step 40000   auc 0.997382 rep_w 0.0   score  40k=1.3236
k32_r100_09_dec  step 19100   auc 0.501426 rep_w 0.0   score  - COLLAPSED
k8_r100_09       step 40000   auc 0.730208 rep_w 1.0   score  40k=1.4537
k3_r100_09b      step 40000   auc 0.998191 rep_w 1.0   score  40k=1.2927
k3_r100_09_lr33  step 40000   auc 0.997974 rep_w 1.0   score  40k=1.2483
k3_r100_09_lr17  step 40000   auc 0.998509 rep_w 1.0   score  40k=1.2612
k3_r100_09_lr56  step 131200  auc 0.999439 rep_w 1.0   score  40k=1.1820
k32_r100_09_lr56 step 40000   auc 0.730161 rep_w 1.0   score  -
k3_r100_09_mean  step -       auc -        rep_w -     score  -
k3_r100_09b_lr56 step 11800   auc 0.998756 rep_w 1.0   score  -
lanes 0   trainers 2   heads 1   evals 4
===== 2026-09-08 09:20:25 =====
gpu 0, 6675 MiB, 95 %
gpu 1, 14660 MiB, 62 %
k3_r100_09       step 200000  auc 0.999517 rep_w 1.0   score  40k=1.3495 100k=1.3395 200k=1.3910
k32_r100_09      step 40000   auc 0.773158 rep_w 1.0   score  40k=1.4629
k32_r200_08      step 28500   auc 0.534748 rep_w 1.0   score  - COLLAPSED
k3_r100_09_dec   step 40000   auc 0.997382 rep_w 0.0   score  40k=1.3236
k32_r100_09_dec  step 19100   auc 0.501426 rep_w 0.0   score  - COLLAPSED
k8_r100_09       step 40000   auc 0.730208 rep_w 1.0   score  40k=1.4537
k3_r100_09b      step 40000   auc 0.998191 rep_w 1.0   score  40k=1.2927
k3_r100_09_lr33  step 40000   auc 0.997974 rep_w 1.0   score  40k=1.2483
k3_r100_09_lr17  step 40000   auc 0.998509 rep_w 1.0   score  40k=1.2612
k3_r100_09_lr56  step 131200  auc 0.999439 rep_w 1.0   score  40k=1.1820
k32_r100_09_lr56 step 40000   auc 0.730161 rep_w 1.0   score  -
k3_r100_09_mean  step -       auc -        rep_w -     score  -
k3_r100_09b_lr56 step 14100   auc 0.998948 rep_w 1.0   score  -
lanes 0   trainers 2   heads 1   evals 4
===== 2026-09-08 09:36:23 =====
gpu 0, 12930 MiB, 69 %
gpu 1, 14660 MiB, 86 %
k3_r100_09       step 200000  auc 0.999517 rep_w 1.0   score  40k=1.3495 100k=1.3395 200k=1.3910
k32_r100_09      step 40000   auc 0.773158 rep_w 1.0   score  40k=1.4629
k32_r200_08      step 28500   auc 0.534748 rep_w 1.0   score  - COLLAPSED
k3_r100_09_dec   step 40000   auc 0.997382 rep_w 0.0   score  40k=1.3236
k32_r100_09_dec  step 19100   auc 0.501426 rep_w 0.0   score  - COLLAPSED
k8_r100_09       step 40000   auc 0.730208 rep_w 1.0   score  40k=1.4537
k3_r100_09b      step 40000   auc 0.998191 rep_w 1.0   score  40k=1.2927
k3_r100_09_lr33  step 40000   auc 0.997974 rep_w 1.0   score  40k=1.2483
k3_r100_09_lr17  step 40000   auc 0.998509 rep_w 1.0   score  40k=1.2612
k3_r100_09_lr56  step 131200  auc 0.999439 rep_w 1.0   score  40k=1.1820
k32_r100_09_lr56 step 40000   auc 0.730161 rep_w 1.0   score  -
k3_r100_09_mean  step -       auc -        rep_w -     score  -
k3_r100_09b_lr56 step 17300   auc 0.999341 rep_w 1.0   score  -
lanes 0   trainers 2   heads 0   evals 8
===== 2026-09-08 09:52:25 =====
gpu 0, 12930 MiB, 70 %
gpu 1, 13584 MiB, 91 %
k3_r100_09       step 200000  auc 0.999517 rep_w 1.0   score  40k=1.3495 100k=1.3395 200k=1.3910
k32_r100_09      step 40000   auc 0.773158 rep_w 1.0   score  40k=1.4629
k32_r200_08      step 28500   auc 0.534748 rep_w 1.0   score  - COLLAPSED
k3_r100_09_dec   step 40000   auc 0.997382 rep_w 0.0   score  40k=1.3236
k32_r100_09_dec  step 19100   auc 0.501426 rep_w 0.0   score  - COLLAPSED
k8_r100_09       step 40000   auc 0.730208 rep_w 1.0   score  40k=1.4537
k3_r100_09b      step 40000   auc 0.998191 rep_w 1.0   score  40k=1.2927
k3_r100_09_lr33  step 40000   auc 0.997974 rep_w 1.0   score  40k=1.2483
k3_r100_09_lr17  step 40000   auc 0.998509 rep_w 1.0   score  40k=1.2612
k3_r100_09_lr56  step 131800  auc 0.999455 rep_w 1.0   score  40k=1.1820
k32_r100_09_lr56 step 40000   auc 0.730161 rep_w 1.0   score  -
k3_r100_09_mean  step -       auc -        rep_w -     score  -
k3_r100_09b_lr56 step 20200   auc 0.999309 rep_w 1.0   score  -
lanes 0   trainers 2   heads 0   evals 8
===== 2026-09-08 10:08:27 =====
gpu 0, 12930 MiB, 56 %
gpu 1, 12900 MiB, 36 %
k3_r100_09       step 200000  auc 0.999517 rep_w 1.0   score  40k=1.3495 100k=1.3395 200k=1.3910
k32_r100_09      step 40000   auc 0.773158 rep_w 1.0   score  40k=1.4629
k32_r200_08      step 28500   auc 0.534748 rep_w 1.0   score  - COLLAPSED
k3_r100_09_dec   step 40000   auc 0.997382 rep_w 0.0   score  40k=1.3236
k32_r100_09_dec  step 19100   auc 0.501426 rep_w 0.0   score  - COLLAPSED
k8_r100_09       step 40000   auc 0.730208 rep_w 1.0   score  40k=1.4537
k3_r100_09b      step 40000   auc 0.998191 rep_w 1.0   score  40k=1.2927
k3_r100_09_lr33  step 40000   auc 0.997974 rep_w 1.0   score  40k=1.2483
k3_r100_09_lr17  step 40000   auc 0.998509 rep_w 1.0   score  40k=1.2612
k3_r100_09_lr56  step 133900  auc 0.999421 rep_w 1.0   score  40k=1.1820
k32_r100_09_lr56 step 40000   auc 0.730161 rep_w 1.0   score  -
k3_r100_09_mean  step -       auc -        rep_w -     score  -
k3_r100_09b_lr56 step 23100   auc 0.99866  rep_w 1.0   score  -
lanes 0   trainers 2   heads 0   evals 8
===== 2026-09-08 10:24:29 =====
gpu 0, 12930 MiB, 92 %
gpu 1, 12900 MiB, 95 %
k3_r100_09       step 200000  auc 0.999517 rep_w 1.0   score  40k=1.3495 100k=1.3395 200k=1.3910
k32_r100_09      step 40000   auc 0.773158 rep_w 1.0   score  40k=1.4629
k32_r200_08      step 28500   auc 0.534748 rep_w 1.0   score  - COLLAPSED
k3_r100_09_dec   step 40000   auc 0.997382 rep_w 0.0   score  40k=1.3236
k32_r100_09_dec  step 19100   auc 0.501426 rep_w 0.0   score  - COLLAPSED
k8_r100_09       step 40000   auc 0.730208 rep_w 1.0   score  40k=1.4537
k3_r100_09b      step 40000   auc 0.998191 rep_w 1.0   score  40k=1.2927
k3_r100_09_lr33  step 40000   auc 0.997974 rep_w 1.0   score  40k=1.2483
k3_r100_09_lr17  step 40000   auc 0.998509 rep_w 1.0   score  40k=1.2612
k3_r100_09_lr56  step 136900  auc 0.999353 rep_w 1.0   score  40k=1.1820
k32_r100_09_lr56 step 40000   auc 0.730161 rep_w 1.0   score  -
k3_r100_09_mean  step -       auc -        rep_w -     score  -
k3_r100_09b_lr56 step 25900   auc 0.998526 rep_w 1.0   score  -
lanes 0   trainers 2   heads 0   evals 8
===== 2026-09-08 10:40:32 =====
gpu 0, 12930 MiB, 91 %
gpu 1, 12900 MiB, 93 %
k3_r100_09       step 200000  auc 0.999517 rep_w 1.0   score  40k=1.3495 100k=1.3395 200k=1.3910
k32_r100_09      step 40000   auc 0.773158 rep_w 1.0   score  40k=1.4629
k32_r200_08      step 28500   auc 0.534748 rep_w 1.0   score  - COLLAPSED
k3_r100_09_dec   step 40000   auc 0.997382 rep_w 0.0   score  40k=1.3236
k32_r100_09_dec  step 19100   auc 0.501426 rep_w 0.0   score  - COLLAPSED
k8_r100_09       step 40000   auc 0.730208 rep_w 1.0   score  40k=1.4537
k3_r100_09b      step 40000   auc 0.998191 rep_w 1.0   score  40k=1.2927
k3_r100_09_lr33  step 40000   auc 0.997974 rep_w 1.0   score  40k=1.2483
k3_r100_09_lr17  step 40000   auc 0.998509 rep_w 1.0   score  40k=1.2612
k3_r100_09_lr56  step 139800  auc 0.999375 rep_w 1.0   score  40k=1.1820
k32_r100_09_lr56 step 40000   auc 0.730161 rep_w 1.0   score  -
k3_r100_09_mean  step -       auc -        rep_w -     score  -
k3_r100_09b_lr56 step 28800   auc 0.998591 rep_w 1.0   score  -
lanes 0   trainers 2   heads 0   evals 7
===== 2026-09-08 10:56:33 =====
gpu 0, 12930 MiB, 0 %
gpu 1, 12900 MiB, 92 %
k3_r100_09       step 200000  auc 0.999517 rep_w 1.0   score  40k=1.3495 100k=1.3395 200k=1.3910
k32_r100_09      step 40000   auc 0.773158 rep_w 1.0   score  40k=1.4629
k32_r200_08      step 28500   auc 0.534748 rep_w 1.0   score  - COLLAPSED
k3_r100_09_dec   step 40000   auc 0.997382 rep_w 0.0   score  40k=1.3236
k32_r100_09_dec  step 19100   auc 0.501426 rep_w 0.0   score  - COLLAPSED
k8_r100_09       step 40000   auc 0.730208 rep_w 1.0   score  40k=1.4537
k3_r100_09b      step 40000   auc 0.998191 rep_w 1.0   score  40k=1.2927
k3_r100_09_lr33  step 40000   auc 0.997974 rep_w 1.0   score  40k=1.2483
k3_r100_09_lr17  step 40000   auc 0.998509 rep_w 1.0   score  40k=1.2612
k3_r100_09_lr56  step 140600  auc 0.999452 rep_w 1.0   score  40k=1.1820
k32_r100_09_lr56 step 40000   auc 0.730161 rep_w 1.0   score  -
k3_r100_09_mean  step -       auc -        rep_w -     score  -
k3_r100_09b_lr56 step 31800   auc 0.998273 rep_w 1.0   score  -
lanes 0   trainers 2   heads 0   evals 5
===== 2026-09-08 11:12:34 =====
gpu 0, 11980 MiB, 87 %
gpu 1, 12900 MiB, 89 %
k3_r100_09       step 200000  auc 0.999517 rep_w 1.0   score  40k=1.3495 100k=1.3395 200k=1.3910
k32_r100_09      step 40000   auc 0.773158 rep_w 1.0   score  40k=1.4629
k32_r200_08      step 28500   auc 0.534748 rep_w 1.0   score  - COLLAPSED
k3_r100_09_dec   step 40000   auc 0.997382 rep_w 0.0   score  40k=1.3236
k32_r100_09_dec  step 19100   auc 0.501426 rep_w 0.0   score  - COLLAPSED
k8_r100_09       step 40000   auc 0.730208 rep_w 1.0   score  40k=1.4537
k3_r100_09b      step 40000   auc 0.998191 rep_w 1.0   score  40k=1.2927
k3_r100_09_lr33  step 40000   auc 0.997974 rep_w 1.0   score  40k=1.2483
k3_r100_09_lr17  step 40000   auc 0.998509 rep_w 1.0   score  40k=1.2612
k3_r100_09_lr56  step 142800  auc 0.999329 rep_w 1.0   score  40k=1.1820 100k=1.3170
k32_r100_09_lr56 step 40000   auc 0.730161 rep_w 1.0   score  -
k3_r100_09_mean  step -       auc -        rep_w -     score  -
k3_r100_09b_lr56 step 34900   auc 0.997971 rep_w 1.0   score  -
lanes 0   trainers 2   heads 0   evals 4
===== 2026-09-08 11:28:34 =====
gpu 0, 11980 MiB, 97 %
gpu 1, 12900 MiB, 96 %
k3_r100_09       step 200000  auc 0.999517 rep_w 1.0   score  40k=1.3495 100k=1.3395 200k=1.3910
k32_r100_09      step 40000   auc 0.773158 rep_w 1.0   score  40k=1.4629
k32_r200_08      step 28500   auc 0.534748 rep_w 1.0   score  - COLLAPSED
k3_r100_09_dec   step 40000   auc 0.997382 rep_w 0.0   score  40k=1.3236
k32_r100_09_dec  step 19100   auc 0.501426 rep_w 0.0   score  - COLLAPSED
k8_r100_09       step 40000   auc 0.730208 rep_w 1.0   score  40k=1.4537
k3_r100_09b      step 40000   auc 0.998191 rep_w 1.0   score  40k=1.2927
k3_r100_09_lr33  step 40000   auc 0.997974 rep_w 1.0   score  40k=1.2483
k3_r100_09_lr17  step 40000   auc 0.998509 rep_w 1.0   score  40k=1.2612
k3_r100_09_lr56  step 145800  auc 0.999349 rep_w 1.0   score  40k=1.1820 100k=1.3170
k32_r100_09_lr56 step 40000   auc 0.730161 rep_w 1.0   score  -
k3_r100_09_mean  step -       auc -        rep_w -     score  -
k3_r100_09b_lr56 step 36900   auc 0.998345 rep_w 1.0   score  -
lanes 0   trainers 2   heads 0   evals 4
===== 2026-09-08 11:44:36 =====
gpu 0, 11980 MiB, 94 %
gpu 1, 14012 MiB, 85 %
k3_r100_09       step 200000  auc 0.999517 rep_w 1.0   score  40k=1.3495 100k=1.3395 200k=1.3910
k32_r100_09      step 40000   auc 0.773158 rep_w 1.0   score  40k=1.4629
k32_r200_08      step 28500   auc 0.534748 rep_w 1.0   score  - COLLAPSED
k3_r100_09_dec   step 40000   auc 0.997382 rep_w 0.0   score  40k=1.3236
k32_r100_09_dec  step 19100   auc 0.501426 rep_w 0.0   score  - COLLAPSED
k8_r100_09       step 40000   auc 0.730208 rep_w 1.0   score  40k=1.4537
k3_r100_09b      step 40000   auc 0.998191 rep_w 1.0   score  40k=1.2927
k3_r100_09_lr33  step 40000   auc 0.997974 rep_w 1.0   score  40k=1.2483
k3_r100_09_lr17  step 40000   auc 0.998509 rep_w 1.0   score  40k=1.2612
k3_r100_09_lr56  step 148800  auc 0.999409 rep_w 1.0   score  40k=1.1820 100k=1.3170
k32_r100_09_lr56 step 40000   auc 0.730161 rep_w 1.0   score  -
k3_r100_09_mean  step -       auc -        rep_w -     score  -
k3_r100_09b_lr56 step 40000   auc 0.99887  rep_w 1.0   score  -
lanes 0   trainers 2   heads 0   evals 4
===== 2026-09-08 12:00:36 =====
gpu 0, 3856 MiB, 94 %
gpu 1, 13976 MiB, 73 %
k3_r100_09       step 200000  auc 0.999517 rep_w 1.0   score  40k=1.3495 100k=1.3395 200k=1.3910
k32_r100_09      step 40000   auc 0.773158 rep_w 1.0   score  40k=1.4629
k32_r200_08      step 28500   auc 0.534748 rep_w 1.0   score  - COLLAPSED
k3_r100_09_dec   step 40000   auc 0.997382 rep_w 0.0   score  40k=1.3236
k32_r100_09_dec  step 19100   auc 0.501426 rep_w 0.0   score  - COLLAPSED
k8_r100_09       step 40000   auc 0.730208 rep_w 1.0   score  40k=1.4537
k3_r100_09b      step 40000   auc 0.998191 rep_w 1.0   score  40k=1.2927
k3_r100_09_lr33  step 40000   auc 0.997974 rep_w 1.0   score  40k=1.2483
k3_r100_09_lr17  step 40000   auc 0.998509 rep_w 1.0   score  40k=1.2612
k3_r100_09_lr56  step 151700  auc 0.999408 rep_w 1.0   score  40k=1.1820 100k=1.3170
k32_r100_09_lr56 step 40000   auc 0.730161 rep_w 1.0   score  -
k3_r100_09_mean  step 2400    auc 0.973817 rep_w 1.0   score  -
k3_r100_09b_lr56 step 40000   auc 0.99887  rep_w 1.0   score  -
lanes 0   trainers 2   heads 1   evals 4
===== 2026-09-08 12:16:39 =====
gpu 0, 5725 MiB, 97 %
gpu 1, 13976 MiB, 97 %
k3_r100_09       step 200000  auc 0.999517 rep_w 1.0   score  40k=1.3495 100k=1.3395 200k=1.3910
k32_r100_09      step 40000   auc 0.773158 rep_w 1.0   score  40k=1.4629
k32_r200_08      step 28500   auc 0.534748 rep_w 1.0   score  - COLLAPSED
k3_r100_09_dec   step 40000   auc 0.997382 rep_w 0.0   score  40k=1.3236
k32_r100_09_dec  step 19100   auc 0.501426 rep_w 0.0   score  - COLLAPSED
k8_r100_09       step 40000   auc 0.730208 rep_w 1.0   score  40k=1.4537
k3_r100_09b      step 40000   auc 0.998191 rep_w 1.0   score  40k=1.2927
k3_r100_09_lr33  step 40000   auc 0.997974 rep_w 1.0   score  40k=1.2483
k3_r100_09_lr17  step 40000   auc 0.998509 rep_w 1.0   score  40k=1.2612
k3_r100_09_lr56  step 154200  auc 0.999434 rep_w 1.0   score  40k=1.1820 100k=1.3170
k32_r100_09_lr56 step 40000   auc 0.730161 rep_w 1.0   score  -
k3_r100_09_mean  step 5000    auc 0.97613  rep_w 1.0   score  -
k3_r100_09b_lr56 step 40000   auc 0.99887  rep_w 1.0   score  -
lanes 0   trainers 2   heads 1   evals 4
===== 2026-09-08 12:32:43 =====
gpu 0, 5725 MiB, 89 %
gpu 1, 13976 MiB, 92 %
k3_r100_09       step 200000  auc 0.999517 rep_w 1.0   score  40k=1.3495 100k=1.3395 200k=1.3910
k32_r100_09      step 40000   auc 0.773158 rep_w 1.0   score  40k=1.4629
k32_r200_08      step 28500   auc 0.534748 rep_w 1.0   score  - COLLAPSED
k3_r100_09_dec   step 40000   auc 0.997382 rep_w 0.0   score  40k=1.3236
k32_r100_09_dec  step 19100   auc 0.501426 rep_w 0.0   score  - COLLAPSED
k8_r100_09       step 40000   auc 0.730208 rep_w 1.0   score  40k=1.4537
k3_r100_09b      step 40000   auc 0.998191 rep_w 1.0   score  40k=1.2927
k3_r100_09_lr33  step 40000   auc 0.997974 rep_w 1.0   score  40k=1.2483
k3_r100_09_lr17  step 40000   auc 0.998509 rep_w 1.0   score  40k=1.2612
k3_r100_09_lr56  step 156700  auc 0.999381 rep_w 1.0   score  40k=1.1820 100k=1.3170
k32_r100_09_lr56 step 40000   auc 0.730161 rep_w 1.0   score  -
k3_r100_09_mean  step 8100    auc 0.854536 rep_w 1.0   score  -
k3_r100_09b_lr56 step 40000   auc 0.99887  rep_w 1.0   score  -
lanes 0   trainers 2   heads 1   evals 4
===== 2026-09-08 12:48:46 =====
gpu 0, 5725 MiB, 99 %
gpu 1, 13976 MiB, 93 %
k3_r100_09       step 200000  auc 0.999517 rep_w 1.0   score  40k=1.3495 100k=1.3395 200k=1.3910
k32_r100_09      step 40000   auc 0.773158 rep_w 1.0   score  40k=1.4629
k32_r200_08      step 28500   auc 0.534748 rep_w 1.0   score  - COLLAPSED
k3_r100_09_dec   step 40000   auc 0.997382 rep_w 0.0   score  40k=1.3236
k32_r100_09_dec  step 19100   auc 0.501426 rep_w 0.0   score  - COLLAPSED
k8_r100_09       step 40000   auc 0.730208 rep_w 1.0   score  40k=1.4537
k3_r100_09b      step 40000   auc 0.998191 rep_w 1.0   score  40k=1.2927
k3_r100_09_lr33  step 40000   auc 0.997974 rep_w 1.0   score  40k=1.2483
k3_r100_09_lr17  step 40000   auc 0.998509 rep_w 1.0   score  40k=1.2612
k3_r100_09_lr56  step 159300  auc 0.999368 rep_w 1.0   score  40k=1.1820 100k=1.3170
k32_r100_09_lr56 step 40000   auc 0.730161 rep_w 1.0   score  -
k3_r100_09_mean  step 11300   auc 0.798157 rep_w 1.0   score  -
k3_r100_09b_lr56 step 40000   auc 0.99887  rep_w 1.0   score  -
lanes 0   trainers 2   heads 1   evals 3
===== 2026-09-08 13:04:49 =====
gpu 0, 5705 MiB, 95 %
gpu 1, 13976 MiB, 85 %
k3_r100_09       step 200000  auc 0.999517 rep_w 1.0   score  40k=1.3495 100k=1.3395 200k=1.3910
k32_r100_09      step 40000   auc 0.773158 rep_w 1.0   score  40k=1.4629
k32_r200_08      step 28500   auc 0.534748 rep_w 1.0   score  - COLLAPSED
k3_r100_09_dec   step 40000   auc 0.997382 rep_w 0.0   score  40k=1.3236
k32_r100_09_dec  step 19100   auc 0.501426 rep_w 0.0   score  - COLLAPSED
k8_r100_09       step 40000   auc 0.730208 rep_w 1.0   score  40k=1.4537
k3_r100_09b      step 40000   auc 0.998191 rep_w 1.0   score  40k=1.2927
k3_r100_09_lr33  step 40000   auc 0.997974 rep_w 1.0   score  40k=1.2483
k3_r100_09_lr17  step 40000   auc 0.998509 rep_w 1.0   score  40k=1.2612
k3_r100_09_lr56  step 161900  auc 0.999388 rep_w 1.0   score  40k=1.1820 100k=1.3170
k32_r100_09_lr56 step 40000   auc 0.730161 rep_w 1.0   score  -
k3_r100_09_mean  step 13100   auc 0.795738 rep_w 1.0   score  -
k3_r100_09b_lr56 step 40000   auc 0.99887  rep_w 1.0   score  -
lanes 0   trainers 2   heads 1   evals 1
===== 2026-09-08 13:20:51 =====
gpu 0, 5705 MiB, 46 %
gpu 1, 13976 MiB, 96 %
k3_r100_09       step 200000  auc 0.999517 rep_w 1.0   score  40k=1.3495 100k=1.3395 200k=1.3910
k32_r100_09      step 40000   auc 0.773158 rep_w 1.0   score  40k=1.4629
k32_r200_08      step 28500   auc 0.534748 rep_w 1.0   score  - COLLAPSED
k3_r100_09_dec   step 40000   auc 0.997382 rep_w 0.0   score  40k=1.3236
k32_r100_09_dec  step 19100   auc 0.501426 rep_w 0.0   score  - COLLAPSED
k8_r100_09       step 40000   auc 0.730208 rep_w 1.0   score  40k=1.4537
k3_r100_09b      step 40000   auc 0.998191 rep_w 1.0   score  40k=1.2927
k3_r100_09_lr33  step 40000   auc 0.997974 rep_w 1.0   score  40k=1.2483
k3_r100_09_lr17  step 40000   auc 0.998509 rep_w 1.0   score  40k=1.2612
k3_r100_09_lr56  step 164500  auc 0.999399 rep_w 1.0   score  40k=1.1820 100k=1.3170
k32_r100_09_lr56 step 40000   auc 0.730161 rep_w 1.0   score  40k=1.4404
k3_r100_09_mean  step 15400   auc 0.905666 rep_w 1.0   score  -
k3_r100_09b_lr56 step 40000   auc 0.99887  rep_w 1.0   score  -
lanes 0   trainers 2   heads 1   evals 0
===== 2026-09-08 13:36:51 =====
gpu 0, 5705 MiB, 93 %
gpu 1, 13976 MiB, 87 %
k3_r100_09       step 200000  auc 0.999517 rep_w 1.0   score  40k=1.3495 100k=1.3395 200k=1.3910
k32_r100_09      step 40000   auc 0.773158 rep_w 1.0   score  40k=1.4629
k32_r200_08      step 28500   auc 0.534748 rep_w 1.0   score  - COLLAPSED
k3_r100_09_dec   step 40000   auc 0.997382 rep_w 0.0   score  40k=1.3236
k32_r100_09_dec  step 19100   auc 0.501426 rep_w 0.0   score  - COLLAPSED
k8_r100_09       step 40000   auc 0.730208 rep_w 1.0   score  40k=1.4537
k3_r100_09b      step 40000   auc 0.998191 rep_w 1.0   score  40k=1.2927
k3_r100_09_lr33  step 40000   auc 0.997974 rep_w 1.0   score  40k=1.2483
k3_r100_09_lr17  step 40000   auc 0.998509 rep_w 1.0   score  40k=1.2612
k3_r100_09_lr56  step 167200  auc 0.999275 rep_w 1.0   score  40k=1.1820 100k=1.3170
k32_r100_09_lr56 step 40000   auc 0.730161 rep_w 1.0   score  40k=1.4404
k3_r100_09_mean  step 18100   auc 0.723251 rep_w 1.0   score  -
k3_r100_09b_lr56 step 40000   auc 0.99887  rep_w 1.0   score  -
lanes 0   trainers 2   heads 1   evals 0
===== 2026-09-08 13:52:51 =====
gpu 0, 11960 MiB, 67 %
gpu 1, 12900 MiB, 97 %
k3_r100_09       step 200000  auc 0.999517 rep_w 1.0   score  40k=1.3495 100k=1.3395 200k=1.3910
k32_r100_09      step 40000   auc 0.773158 rep_w 1.0   score  40k=1.4629
k32_r200_08      step 28500   auc 0.534748 rep_w 1.0   score  - COLLAPSED
k3_r100_09_dec   step 40000   auc 0.997382 rep_w 0.0   score  40k=1.3236
k32_r100_09_dec  step 19100   auc 0.501426 rep_w 0.0   score  - COLLAPSED
k8_r100_09       step 40000   auc 0.730208 rep_w 1.0   score  40k=1.4537
k3_r100_09b      step 40000   auc 0.998191 rep_w 1.0   score  40k=1.2927
k3_r100_09_lr33  step 40000   auc 0.997974 rep_w 1.0   score  40k=1.2483
k3_r100_09_lr17  step 40000   auc 0.998509 rep_w 1.0   score  40k=1.2612
k3_r100_09_lr56  step 170000  auc 0.99939  rep_w 1.0   score  40k=1.1820 100k=1.3170
k32_r100_09_lr56 step 40000   auc 0.730161 rep_w 1.0   score  40k=1.4404
k3_r100_09_mean  step 20200   auc 0.722457 rep_w 1.0   score  -
k3_r100_09b_lr56 step 40000   auc 0.99887  rep_w 1.0   score  -
lanes 0   trainers 2   heads 0   evals 4
===== 2026-09-08 14:08:54 =====
gpu 0, 11960 MiB, 94 %
gpu 1, 12900 MiB, 45 %
k3_r100_09       step 200000  auc 0.999517 rep_w 1.0   score  40k=1.3495 100k=1.3395 200k=1.3910
k32_r100_09      step 40000   auc 0.773158 rep_w 1.0   score  40k=1.4629
k32_r200_08      step 28500   auc 0.534748 rep_w 1.0   score  - COLLAPSED
k3_r100_09_dec   step 40000   auc 0.997382 rep_w 0.0   score  40k=1.3236
k32_r100_09_dec  step 19100   auc 0.501426 rep_w 0.0   score  - COLLAPSED
k8_r100_09       step 40000   auc 0.730208 rep_w 1.0   score  40k=1.4537
k3_r100_09b      step 40000   auc 0.998191 rep_w 1.0   score  40k=1.2927
k3_r100_09_lr33  step 40000   auc 0.997974 rep_w 1.0   score  40k=1.2483
k3_r100_09_lr17  step 40000   auc 0.998509 rep_w 1.0   score  40k=1.2612
k3_r100_09_lr56  step 173100  auc 0.999373 rep_w 1.0   score  40k=1.1820 100k=1.3170
k32_r100_09_lr56 step 40000   auc 0.730161 rep_w 1.0   score  40k=1.4404
k3_r100_09_mean  step 23300   auc 0.725922 rep_w 1.0   score  -
k3_r100_09b_lr56 step 40000   auc 0.99887  rep_w 1.0   score  -
lanes 0   trainers 2   heads 0   evals 4
===== 2026-09-08 14:24:58 =====
gpu 0, 11960 MiB, 83 %
gpu 1, 12900 MiB, 65 %
k3_r100_09       step 200000  auc 0.999517 rep_w 1.0   score  40k=1.3495 100k=1.3395 200k=1.3910
k32_r100_09      step 40000   auc 0.773158 rep_w 1.0   score  40k=1.4629
k32_r200_08      step 28500   auc 0.534748 rep_w 1.0   score  - COLLAPSED
k3_r100_09_dec   step 40000   auc 0.997382 rep_w 0.0   score  40k=1.3236
k32_r100_09_dec  step 19100   auc 0.501426 rep_w 0.0   score  - COLLAPSED
k8_r100_09       step 40000   auc 0.730208 rep_w 1.0   score  40k=1.4537
k3_r100_09b      step 40000   auc 0.998191 rep_w 1.0   score  40k=1.2927
k3_r100_09_lr33  step 40000   auc 0.997974 rep_w 1.0   score  40k=1.2483
k3_r100_09_lr17  step 40000   auc 0.998509 rep_w 1.0   score  40k=1.2612
k3_r100_09_lr56  step 174900  auc 0.999307 rep_w 1.0   score  40k=1.1820 100k=1.3170
k32_r100_09_lr56 step 40000   auc 0.730161 rep_w 1.0   score  40k=1.4404
k3_r100_09_mean  step 26500   auc 0.543132 rep_w 1.0   score  -
k3_r100_09b_lr56 step 40000   auc 0.99887  rep_w 1.0   score  -
lanes 0   trainers 2   heads 0   evals 4
===== 2026-09-08 14:41:02 =====
gpu 0, 11960 MiB, 88 %
gpu 1, 19395 MiB, 84 %
k3_r100_09       step 200000  auc 0.999517 rep_w 1.0   score  40k=1.3495 100k=1.3395 200k=1.3910
k32_r100_09      step 40000   auc 0.773158 rep_w 1.0   score  40k=1.4629
k32_r200_08      step 28500   auc 0.534748 rep_w 1.0   score  - COLLAPSED
k3_r100_09_dec   step 40000   auc 0.997382 rep_w 0.0   score  40k=1.3236
k32_r100_09_dec  step 19100   auc 0.501426 rep_w 0.0   score  - COLLAPSED
k8_r100_09       step 40000   auc 0.730208 rep_w 1.0   score  40k=1.4537
k3_r100_09b      step 40000   auc 0.998191 rep_w 1.0   score  40k=1.2927
k3_r100_09_lr33  step 40000   auc 0.997974 rep_w 1.0   score  40k=1.2483
k3_r100_09_lr17  step 40000   auc 0.998509 rep_w 1.0   score  40k=1.2612
k3_r100_09_lr56  step 177900  auc 0.99941  rep_w 1.0   score  40k=1.1820 100k=1.3170
k32_r100_09_lr56 step 40000   auc 0.730161 rep_w 1.0   score  40k=1.4404
k3_r100_09_mean  step 27400   auc 0.535472 rep_w 1.0   score  - COLLAPSED
k3_r100_09b_lr56 step 40000   auc 0.99887  rep_w 1.0   score  -
lanes 0   trainers 1   heads 0   evals 4
===== 2026-09-08 14:57:06 =====
gpu 0, 11960 MiB, 91 %
gpu 1, 19395 MiB, 85 %
k3_r100_09       step 200000  auc 0.999517 rep_w 1.0   score  40k=1.3495 100k=1.3395 200k=1.3910
k32_r100_09      step 40000   auc 0.773158 rep_w 1.0   score  40k=1.4629
k32_r200_08      step 28500   auc 0.534748 rep_w 1.0   score  - COLLAPSED
k3_r100_09_dec   step 40000   auc 0.997382 rep_w 0.0   score  40k=1.3236
k32_r100_09_dec  step 19100   auc 0.501426 rep_w 0.0   score  - COLLAPSED
k8_r100_09       step 40000   auc 0.730208 rep_w 1.0   score  40k=1.4537
k3_r100_09b      step 40000   auc 0.998191 rep_w 1.0   score  40k=1.2927
k3_r100_09_lr33  step 40000   auc 0.997974 rep_w 1.0   score  40k=1.2483
k3_r100_09_lr17  step 40000   auc 0.998509 rep_w 1.0   score  40k=1.2612
k3_r100_09_lr56  step 180300  auc 0.99942  rep_w 1.0   score  40k=1.1820 100k=1.3170
k32_r100_09_lr56 step 40000   auc 0.730161 rep_w 1.0   score  40k=1.4404
k3_r100_09_mean  step 27400   auc 0.535472 rep_w 1.0   score  - COLLAPSED
k3_r100_09b_lr56 step 40000   auc 0.99887  rep_w 1.0   score  -
lanes 0   trainers 1   heads 0   evals 4
===== 2026-09-08 15:13:09 =====
gpu 0, 11960 MiB, 90 %
gpu 1, 19395 MiB, 84 %
k3_r100_09       step 200000  auc 0.999517 rep_w 1.0   score  40k=1.3495 100k=1.3395 200k=1.3910
k32_r100_09      step 40000   auc 0.773158 rep_w 1.0   score  40k=1.4629
k32_r200_08      step 28500   auc 0.534748 rep_w 1.0   score  - COLLAPSED
k3_r100_09_dec   step 40000   auc 0.997382 rep_w 0.0   score  40k=1.3236
k32_r100_09_dec  step 19100   auc 0.501426 rep_w 0.0   score  - COLLAPSED
k8_r100_09       step 40000   auc 0.730208 rep_w 1.0   score  40k=1.4537
k3_r100_09b      step 40000   auc 0.998191 rep_w 1.0   score  40k=1.2927
k3_r100_09_lr33  step 40000   auc 0.997974 rep_w 1.0   score  40k=1.2483
k3_r100_09_lr17  step 40000   auc 0.998509 rep_w 1.0   score  40k=1.2612
k3_r100_09_lr56  step 183300  auc 0.999379 rep_w 1.0   score  40k=1.1820 100k=1.3170
k32_r100_09_lr56 step 40000   auc 0.730161 rep_w 1.0   score  40k=1.4404
k3_r100_09_mean  step 27400   auc 0.535472 rep_w 1.0   score  - COLLAPSED
k3_r100_09b_lr56 step 40000   auc 0.99887  rep_w 1.0   score  -
lanes 0   trainers 1   heads 0   evals 4
===== 2026-09-08 15:29:15 =====
gpu 0, 11960 MiB, 95 %
gpu 1, 19395 MiB, 83 %
k3_r100_09       step 200000  auc 0.999517 rep_w 1.0   score  40k=1.3495 100k=1.3395 200k=1.3910
k32_r100_09      step 40000   auc 0.773158 rep_w 1.0   score  40k=1.4629
k32_r200_08      step 28500   auc 0.534748 rep_w 1.0   score  - COLLAPSED
k3_r100_09_dec   step 40000   auc 0.997382 rep_w 0.0   score  40k=1.3236
k32_r100_09_dec  step 19100   auc 0.501426 rep_w 0.0   score  - COLLAPSED
k8_r100_09       step 40000   auc 0.730208 rep_w 1.0   score  40k=1.4537
k3_r100_09b      step 40000   auc 0.998191 rep_w 1.0   score  40k=1.2927
k3_r100_09_lr33  step 40000   auc 0.997974 rep_w 1.0   score  40k=1.2483
k3_r100_09_lr17  step 40000   auc 0.998509 rep_w 1.0   score  40k=1.2612
k3_r100_09_lr56  step 186400  auc 0.999348 rep_w 1.0   score  40k=1.1820 100k=1.3170
k32_r100_09_lr56 step 40000   auc 0.730161 rep_w 1.0   score  40k=1.4404
k3_r100_09_mean  step 27400   auc 0.535472 rep_w 1.0   score  - COLLAPSED
k3_r100_09b_lr56 step 40000   auc 0.99887  rep_w 1.0   score  -
lanes 0   trainers 1   heads 0   evals 4
===== 2026-09-08 15:45:19 =====
gpu 0, 11960 MiB, 97 %
gpu 1, 19395 MiB, 0 %
k3_r100_09       step 200000  auc 0.999517 rep_w 1.0   score  40k=1.3495 100k=1.3395 200k=1.3910
k32_r100_09      step 40000   auc 0.773158 rep_w 1.0   score  40k=1.4629
k32_r200_08      step 28500   auc 0.534748 rep_w 1.0   score  - COLLAPSED
k3_r100_09_dec   step 40000   auc 0.997382 rep_w 0.0   score  40k=1.3236
k32_r100_09_dec  step 19100   auc 0.501426 rep_w 0.0   score  - COLLAPSED
k8_r100_09       step 40000   auc 0.730208 rep_w 1.0   score  40k=1.4537
k3_r100_09b      step 40000   auc 0.998191 rep_w 1.0   score  40k=1.2927
k3_r100_09_lr33  step 40000   auc 0.997974 rep_w 1.0   score  40k=1.2483
k3_r100_09_lr17  step 40000   auc 0.998509 rep_w 1.0   score  40k=1.2612
k3_r100_09_lr56  step 189300  auc 0.999358 rep_w 1.0   score  40k=1.1820 100k=1.3170
k32_r100_09_lr56 step 40000   auc 0.730161 rep_w 1.0   score  40k=1.4404
k3_r100_09_mean  step 27400   auc 0.535472 rep_w 1.0   score  - COLLAPSED
k3_r100_09b_lr56 step 40000   auc 0.99887  rep_w 1.0   score  -
lanes 0   trainers 1   heads 0   evals 4
===== 2026-09-08 16:01:23 =====
gpu 0, 11960 MiB, 92 %
gpu 1, 21139 MiB, 72 %
k3_r100_09       step 200000  auc 0.999517 rep_w 1.0   score  40k=1.3495 100k=1.3395 200k=1.3910
k32_r100_09      step 40000   auc 0.773158 rep_w 1.0   score  40k=1.4629
k32_r200_08      step 28500   auc 0.534748 rep_w 1.0   score  - COLLAPSED
k3_r100_09_dec   step 40000   auc 0.997382 rep_w 0.0   score  40k=1.3236
k32_r100_09_dec  step 19100   auc 0.501426 rep_w 0.0   score  - COLLAPSED
k8_r100_09       step 40000   auc 0.730208 rep_w 1.0   score  40k=1.4537
k3_r100_09b      step 40000   auc 0.998191 rep_w 1.0   score  40k=1.2927
k3_r100_09_lr33  step 40000   auc 0.997974 rep_w 1.0   score  40k=1.2483
k3_r100_09_lr17  step 40000   auc 0.998509 rep_w 1.0   score  40k=1.2612
k3_r100_09_lr56  step 190900  auc 0.999349 rep_w 1.0   score  40k=1.1820 100k=1.3170
k32_r100_09_lr56 step 40000   auc 0.730161 rep_w 1.0   score  40k=1.4404
k3_r100_09_mean  step 27400   auc 0.535472 rep_w 1.0   score  - COLLAPSED
k3_r100_09b_lr56 step 40000   auc 0.99887  rep_w 1.0   score  -
lanes 0   trainers 1   heads 0   evals 4
===== 2026-09-08 16:17:31 =====
gpu 0, 11960 MiB, 42 %
gpu 1, 19198 MiB, 88 %
k3_r100_09       step 200000  auc 0.999517 rep_w 1.0   score  40k=1.3495 100k=1.3395 200k=1.3910
k32_r100_09      step 40000   auc 0.773158 rep_w 1.0   score  40k=1.4629
k32_r200_08      step 28500   auc 0.534748 rep_w 1.0   score  - COLLAPSED
k3_r100_09_dec   step 40000   auc 0.997382 rep_w 0.0   score  40k=1.3236
k32_r100_09_dec  step 19100   auc 0.501426 rep_w 0.0   score  - COLLAPSED
k8_r100_09       step 40000   auc 0.730208 rep_w 1.0   score  40k=1.4537
k3_r100_09b      step 40000   auc 0.998191 rep_w 1.0   score  40k=1.2927
k3_r100_09_lr33  step 40000   auc 0.997974 rep_w 1.0   score  40k=1.2483
k3_r100_09_lr17  step 40000   auc 0.998509 rep_w 1.0   score  40k=1.2612
k3_r100_09_lr56  step 193800  auc 0.999382 rep_w 1.0   score  40k=1.1820 100k=1.3170
k32_r100_09_lr56 step 40000   auc 0.730161 rep_w 1.0   score  40k=1.4404
k3_r100_09_mean  step 27400   auc 0.535472 rep_w 1.0   score  - COLLAPSED
k3_r100_09b_lr56 step 40000   auc 0.99887  rep_w 1.0   score  -
lanes 0   trainers 1   heads 0   evals 4
===== 2026-09-08 16:33:41 =====
gpu 0, 11960 MiB, 91 %
gpu 1, 19198 MiB, 90 %
k3_r100_09       step 200000  auc 0.999517 rep_w 1.0   score  40k=1.3495 100k=1.3395 200k=1.3910
k32_r100_09      step 40000   auc 0.773158 rep_w 1.0   score  40k=1.4629
k32_r200_08      step 28500   auc 0.534748 rep_w 1.0   score  - COLLAPSED
k3_r100_09_dec   step 40000   auc 0.997382 rep_w 0.0   score  40k=1.3236
k32_r100_09_dec  step 19100   auc 0.501426 rep_w 0.0   score  - COLLAPSED
k8_r100_09       step 40000   auc 0.730208 rep_w 1.0   score  40k=1.4537
k3_r100_09b      step 40000   auc 0.998191 rep_w 1.0   score  40k=1.2927
k3_r100_09_lr33  step 40000   auc 0.997974 rep_w 1.0   score  40k=1.2483
k3_r100_09_lr17  step 40000   auc 0.998509 rep_w 1.0   score  40k=1.2612
k3_r100_09_lr56  step 196700  auc 0.999339 rep_w 1.0   score  40k=1.1820 100k=1.3170
k32_r100_09_lr56 step 40000   auc 0.730161 rep_w 1.0   score  40k=1.4404
k3_r100_09_mean  step 27400   auc 0.535472 rep_w 1.0   score  - COLLAPSED
k3_r100_09b_lr56 step 40000   auc 0.99887  rep_w 1.0   score  -
lanes 0   trainers 1   heads 0   evals 4
===== 2026-09-08 16:49:51 =====
gpu 0, 11960 MiB, 94 %
gpu 1, 19198 MiB, 87 %
k3_r100_09       step 200000  auc 0.999517 rep_w 1.0   score  40k=1.3495 100k=1.3395 200k=1.3910
k32_r100_09      step 40000   auc 0.773158 rep_w 1.0   score  40k=1.4629
k32_r200_08      step 28500   auc 0.534748 rep_w 1.0   score  - COLLAPSED
k3_r100_09_dec   step 40000   auc 0.997382 rep_w 0.0   score  40k=1.3236
k32_r100_09_dec  step 19100   auc 0.501426 rep_w 0.0   score  - COLLAPSED
k8_r100_09       step 40000   auc 0.730208 rep_w 1.0   score  40k=1.4537
k3_r100_09b      step 40000   auc 0.998191 rep_w 1.0   score  40k=1.2927
k3_r100_09_lr33  step 40000   auc 0.997974 rep_w 1.0   score  40k=1.2483
k3_r100_09_lr17  step 40000   auc 0.998509 rep_w 1.0   score  40k=1.2612
k3_r100_09_lr56  step 199700  auc 0.999361 rep_w 1.0   score  40k=1.1820 100k=1.3170
k32_r100_09_lr56 step 40000   auc 0.730161 rep_w 1.0   score  40k=1.4404
k3_r100_09_mean  step 27400   auc 0.535472 rep_w 1.0   score  - COLLAPSED
k3_r100_09b_lr56 step 40000   auc 0.99887  rep_w 1.0   score  -
lanes 0   trainers 1   heads 0   evals 3
===== 2026-09-08 17:06:00 =====
gpu 0, 12200 MiB, 99 %
gpu 1, 19198 MiB, 90 %
k3_r100_09       step 200000  auc 0.999517 rep_w 1.0   score  40k=1.3495 100k=1.3395 200k=1.3910
k32_r100_09      step 40000   auc 0.773158 rep_w 1.0   score  40k=1.4629
k32_r200_08      step 28500   auc 0.534748 rep_w 1.0   score  - COLLAPSED
k3_r100_09_dec   step 40000   auc 0.997382 rep_w 0.0   score  40k=1.3236
k32_r100_09_dec  step 19100   auc 0.501426 rep_w 0.0   score  - COLLAPSED
k8_r100_09       step 40000   auc 0.730208 rep_w 1.0   score  40k=1.4537
k3_r100_09b      step 40000   auc 0.998191 rep_w 1.0   score  40k=1.2927
k3_r100_09_lr33  step 40000   auc 0.997974 rep_w 1.0   score  40k=1.2483
k3_r100_09_lr17  step 40000   auc 0.998509 rep_w 1.0   score  40k=1.2612
k3_r100_09_lr56  step 200000  auc 0.999432 rep_w 1.0   score  40k=1.1820 100k=1.3170
k32_r100_09_lr56 step 40000   auc 0.730161 rep_w 1.0   score  40k=1.4404
k3_r100_09_mean  step 27400   auc 0.535472 rep_w 1.0   score  - COLLAPSED
k3_r100_09b_lr56 step 40000   auc 0.99887  rep_w 1.0   score  -
lanes 0   trainers 0   heads 1   evals 1
===== 2026-09-08 17:22:06 =====
gpu 0, 12200 MiB, 90 %
gpu 1, 19198 MiB, 82 %
k3_r100_09       step 200000  auc 0.999517 rep_w 1.0   score  40k=1.3495 100k=1.3395 200k=1.3910
k32_r100_09      step 40000   auc 0.773158 rep_w 1.0   score  40k=1.4629
k32_r200_08      step 28500   auc 0.534748 rep_w 1.0   score  - COLLAPSED
k3_r100_09_dec   step 40000   auc 0.997382 rep_w 0.0   score  40k=1.3236
k32_r100_09_dec  step 19100   auc 0.501426 rep_w 0.0   score  - COLLAPSED
k8_r100_09       step 40000   auc 0.730208 rep_w 1.0   score  40k=1.4537
k3_r100_09b      step 40000   auc 0.998191 rep_w 1.0   score  40k=1.2927
k3_r100_09_lr33  step 40000   auc 0.997974 rep_w 1.0   score  40k=1.2483
k3_r100_09_lr17  step 40000   auc 0.998509 rep_w 1.0   score  40k=1.2612
k3_r100_09_lr56  step 200000  auc 0.999432 rep_w 1.0   score  40k=1.1820 100k=1.3170
k32_r100_09_lr56 step 40000   auc 0.730161 rep_w 1.0   score  40k=1.4404
k3_r100_09_mean  step 27400   auc 0.535472 rep_w 1.0   score  - COLLAPSED
k3_r100_09b_lr56 step 40000   auc 0.99887  rep_w 1.0   score  40k=1.2469
lanes 0   trainers 0   heads 1   evals 0
===== 2026-09-08 17:38:10 =====
gpu 0, 12200 MiB, 91 %
gpu 1, 19176 MiB, 84 %
k3_r100_09       step 200000  auc 0.999517 rep_w 1.0   score  40k=1.3495 100k=1.3395 200k=1.3910
k32_r100_09      step 40000   auc 0.773158 rep_w 1.0   score  40k=1.4629
k32_r200_08      step 28500   auc 0.534748 rep_w 1.0   score  - COLLAPSED
k3_r100_09_dec   step 40000   auc 0.997382 rep_w 0.0   score  40k=1.3236
k32_r100_09_dec  step 19100   auc 0.501426 rep_w 0.0   score  - COLLAPSED
k8_r100_09       step 40000   auc 0.730208 rep_w 1.0   score  40k=1.4537
k3_r100_09b      step 40000   auc 0.998191 rep_w 1.0   score  40k=1.2927
k3_r100_09_lr33  step 40000   auc 0.997974 rep_w 1.0   score  40k=1.2483
k3_r100_09_lr17  step 40000   auc 0.998509 rep_w 1.0   score  40k=1.2612
k3_r100_09_lr56  step 200000  auc 0.999432 rep_w 1.0   score  40k=1.1820 100k=1.3170
k32_r100_09_lr56 step 40000   auc 0.730161 rep_w 1.0   score  40k=1.4404
k3_r100_09_mean  step 27400   auc 0.535472 rep_w 1.0   score  - COLLAPSED
k3_r100_09b_lr56 step 40000   auc 0.99887  rep_w 1.0   score  40k=1.2469
lanes 0   trainers 0   heads 1   evals 0
===== 2026-09-08 17:54:12 =====
gpu 0, 12200 MiB, 90 %
gpu 1, 19176 MiB, 85 %
k3_r100_09       step 200000  auc 0.999517 rep_w 1.0   score  40k=1.3495 100k=1.3395 200k=1.3910
k32_r100_09      step 40000   auc 0.773158 rep_w 1.0   score  40k=1.4629
k32_r200_08      step 28500   auc 0.534748 rep_w 1.0   score  - COLLAPSED
k3_r100_09_dec   step 40000   auc 0.997382 rep_w 0.0   score  40k=1.3236
k32_r100_09_dec  step 19100   auc 0.501426 rep_w 0.0   score  - COLLAPSED
k8_r100_09       step 40000   auc 0.730208 rep_w 1.0   score  40k=1.4537
k3_r100_09b      step 40000   auc 0.998191 rep_w 1.0   score  40k=1.2927
k3_r100_09_lr33  step 40000   auc 0.997974 rep_w 1.0   score  40k=1.2483
k3_r100_09_lr17  step 40000   auc 0.998509 rep_w 1.0   score  40k=1.2612
k3_r100_09_lr56  step 200000  auc 0.999432 rep_w 1.0   score  40k=1.1820 100k=1.3170
k32_r100_09_lr56 step 40000   auc 0.730161 rep_w 1.0   score  40k=1.4404
k3_r100_09_mean  step 27400   auc 0.535472 rep_w 1.0   score  - COLLAPSED
k3_r100_09b_lr56 step 40000   auc 0.99887  rep_w 1.0   score  40k=1.2469
lanes 0   trainers 0   heads 1   evals 0
===== 2026-09-08 18:10:14 =====
gpu 0, 12200 MiB, 97 %
gpu 1, 19176 MiB, 85 %
k3_r100_09       step 200000  auc 0.999517 rep_w 1.0   score  40k=1.3495 100k=1.3395 200k=1.3910
k32_r100_09      step 40000   auc 0.773158 rep_w 1.0   score  40k=1.4629
k32_r200_08      step 28500   auc 0.534748 rep_w 1.0   score  - COLLAPSED
k3_r100_09_dec   step 40000   auc 0.997382 rep_w 0.0   score  40k=1.3236
k32_r100_09_dec  step 19100   auc 0.501426 rep_w 0.0   score  - COLLAPSED
k8_r100_09       step 40000   auc 0.730208 rep_w 1.0   score  40k=1.4537
k3_r100_09b      step 40000   auc 0.998191 rep_w 1.0   score  40k=1.2927
k3_r100_09_lr33  step 40000   auc 0.997974 rep_w 1.0   score  40k=1.2483
k3_r100_09_lr17  step 40000   auc 0.998509 rep_w 1.0   score  40k=1.2612
k3_r100_09_lr56  step 200000  auc 0.999432 rep_w 1.0   score  40k=1.1820 100k=1.3170
k32_r100_09_lr56 step 40000   auc 0.730161 rep_w 1.0   score  40k=1.4404
k3_r100_09_mean  step 27400   auc 0.535472 rep_w 1.0   score  - COLLAPSED
k3_r100_09b_lr56 step 40000   auc 0.99887  rep_w 1.0   score  40k=1.2469
lanes 0   trainers 0   heads 1   evals 0
===== 2026-09-08 18:26:16 =====
gpu 0, 12200 MiB, 77 %
gpu 1, 19176 MiB, 85 %
k3_r100_09       step 200000  auc 0.999517 rep_w 1.0   score  40k=1.3495 100k=1.3395 200k=1.3910
k32_r100_09      step 40000   auc 0.773158 rep_w 1.0   score  40k=1.4629
k32_r200_08      step 28500   auc 0.534748 rep_w 1.0   score  - COLLAPSED
k3_r100_09_dec   step 40000   auc 0.997382 rep_w 0.0   score  40k=1.3236
k32_r100_09_dec  step 19100   auc 0.501426 rep_w 0.0   score  - COLLAPSED
k8_r100_09       step 40000   auc 0.730208 rep_w 1.0   score  40k=1.4537
k3_r100_09b      step 40000   auc 0.998191 rep_w 1.0   score  40k=1.2927
k3_r100_09_lr33  step 40000   auc 0.997974 rep_w 1.0   score  40k=1.2483
k3_r100_09_lr17  step 40000   auc 0.998509 rep_w 1.0   score  40k=1.2612
k3_r100_09_lr56  step 200000  auc 0.999432 rep_w 1.0   score  40k=1.1820 100k=1.3170
k32_r100_09_lr56 step 40000   auc 0.730161 rep_w 1.0   score  40k=1.4404
k3_r100_09_mean  step 27400   auc 0.535472 rep_w 1.0   score  - COLLAPSED
k3_r100_09b_lr56 step 40000   auc 0.99887  rep_w 1.0   score  40k=1.2469
lanes 0   trainers 0   heads 1   evals 0
===== 2026-09-08 18:42:17 =====
gpu 0, 19178 MiB, 83 %
gpu 1, 19176 MiB, 78 %
k3_r100_09       step 200000  auc 0.999517 rep_w 1.0   score  40k=1.3495 100k=1.3395 200k=1.3910
k32_r100_09      step 40000   auc 0.773158 rep_w 1.0   score  40k=1.4629
k32_r200_08      step 28500   auc 0.534748 rep_w 1.0   score  - COLLAPSED
k3_r100_09_dec   step 40000   auc 0.997382 rep_w 0.0   score  40k=1.3236
k32_r100_09_dec  step 19100   auc 0.501426 rep_w 0.0   score  - COLLAPSED
k8_r100_09       step 40000   auc 0.730208 rep_w 1.0   score  40k=1.4537
k3_r100_09b      step 40000   auc 0.998191 rep_w 1.0   score  40k=1.2927
k3_r100_09_lr33  step 40000   auc 0.997974 rep_w 1.0   score  40k=1.2483
k3_r100_09_lr17  step 40000   auc 0.998509 rep_w 1.0   score  40k=1.2612
k3_r100_09_lr56  step 200000  auc 0.999432 rep_w 1.0   score  40k=1.1820 100k=1.3170
k32_r100_09_lr56 step 40000   auc 0.730161 rep_w 1.0   score  40k=1.4404
k3_r100_09_mean  step 27400   auc 0.535472 rep_w 1.0   score  - COLLAPSED
k3_r100_09b_lr56 step 40000   auc 0.99887  rep_w 1.0   score  40k=1.2469
lanes 0   trainers 0   heads 0   evals 4
===== 2026-09-08 18:58:23 =====
gpu 0, 19178 MiB, 83 %
gpu 1, 18472 MiB, 87 %
k3_r100_09       step 200000  auc 0.999517 rep_w 1.0   score  40k=1.3495 100k=1.3395 200k=1.3910
k32_r100_09      step 40000   auc 0.773158 rep_w 1.0   score  40k=1.4629
k32_r200_08      step 28500   auc 0.534748 rep_w 1.0   score  - COLLAPSED
k3_r100_09_dec   step 40000   auc 0.997382 rep_w 0.0   score  40k=1.3236
k32_r100_09_dec  step 19100   auc 0.501426 rep_w 0.0   score  - COLLAPSED
k8_r100_09       step 40000   auc 0.730208 rep_w 1.0   score  40k=1.4537
k3_r100_09b      step 40000   auc 0.998191 rep_w 1.0   score  40k=1.2927
k3_r100_09_lr33  step 40000   auc 0.997974 rep_w 1.0   score  40k=1.2483
k3_r100_09_lr17  step 40000   auc 0.998509 rep_w 1.0   score  40k=1.2612
k3_r100_09_lr56  step 200000  auc 0.999432 rep_w 1.0   score  40k=1.1820 100k=1.3170
k32_r100_09_lr56 step 40000   auc 0.730161 rep_w 1.0   score  40k=1.4404
k3_r100_09_mean  step 27400   auc 0.535472 rep_w 1.0   score  - COLLAPSED
k3_r100_09b_lr56 step 40000   auc 0.99887  rep_w 1.0   score  40k=1.2469
lanes 0   trainers 0   heads 0   evals 4
===== 2026-09-08 19:14:30 =====
gpu 0, 19178 MiB, 83 %
gpu 1, 18472 MiB, 83 %
k3_r100_09       step 200000  auc 0.999517 rep_w 1.0   score  40k=1.3495 100k=1.3395 200k=1.3910
k32_r100_09      step 40000   auc 0.773158 rep_w 1.0   score  40k=1.4629
k32_r200_08      step 28500   auc 0.534748 rep_w 1.0   score  - COLLAPSED
k3_r100_09_dec   step 40000   auc 0.997382 rep_w 0.0   score  40k=1.3236
k32_r100_09_dec  step 19100   auc 0.501426 rep_w 0.0   score  - COLLAPSED
k8_r100_09       step 40000   auc 0.730208 rep_w 1.0   score  40k=1.4537
k3_r100_09b      step 40000   auc 0.998191 rep_w 1.0   score  40k=1.2927
k3_r100_09_lr33  step 40000   auc 0.997974 rep_w 1.0   score  40k=1.2483
k3_r100_09_lr17  step 40000   auc 0.998509 rep_w 1.0   score  40k=1.2612
k3_r100_09_lr56  step 200000  auc 0.999432 rep_w 1.0   score  40k=1.1820 100k=1.3170
k32_r100_09_lr56 step 40000   auc 0.730161 rep_w 1.0   score  40k=1.4404
k3_r100_09_mean  step 27400   auc 0.535472 rep_w 1.0   score  - COLLAPSED
k3_r100_09b_lr56 step 40000   auc 0.99887  rep_w 1.0   score  40k=1.2469
lanes 0   trainers 0   heads 0   evals 4
===== 2026-09-08 19:30:36 =====
gpu 0, 19178 MiB, 85 %
gpu 1, 18472 MiB, 84 %
k3_r100_09       step 200000  auc 0.999517 rep_w 1.0   score  40k=1.3495 100k=1.3395 200k=1.3910
k32_r100_09      step 40000   auc 0.773158 rep_w 1.0   score  40k=1.4629
k32_r200_08      step 28500   auc 0.534748 rep_w 1.0   score  - COLLAPSED
k3_r100_09_dec   step 40000   auc 0.997382 rep_w 0.0   score  40k=1.3236
k32_r100_09_dec  step 19100   auc 0.501426 rep_w 0.0   score  - COLLAPSED
k8_r100_09       step 40000   auc 0.730208 rep_w 1.0   score  40k=1.4537
k3_r100_09b      step 40000   auc 0.998191 rep_w 1.0   score  40k=1.2927
k3_r100_09_lr33  step 40000   auc 0.997974 rep_w 1.0   score  40k=1.2483
k3_r100_09_lr17  step 40000   auc 0.998509 rep_w 1.0   score  40k=1.2612
k3_r100_09_lr56  step 200000  auc 0.999432 rep_w 1.0   score  40k=1.1820 100k=1.3170
k32_r100_09_lr56 step 40000   auc 0.730161 rep_w 1.0   score  40k=1.4404
k3_r100_09_mean  step 27400   auc 0.535472 rep_w 1.0   score  - COLLAPSED
k3_r100_09b_lr56 step 40000   auc 0.99887  rep_w 1.0   score  40k=1.2469
lanes 0   trainers 0   heads 0   evals 4
===== 2026-09-08 19:46:41 =====
gpu 0, 19178 MiB, 18 %
gpu 1, 18472 MiB, 89 %
k3_r100_09       step 200000  auc 0.999517 rep_w 1.0   score  40k=1.3495 100k=1.3395 200k=1.3910
k32_r100_09      step 40000   auc 0.773158 rep_w 1.0   score  40k=1.4629
k32_r200_08      step 28500   auc 0.534748 rep_w 1.0   score  - COLLAPSED
k3_r100_09_dec   step 40000   auc 0.997382 rep_w 0.0   score  40k=1.3236
k32_r100_09_dec  step 19100   auc 0.501426 rep_w 0.0   score  - COLLAPSED
k8_r100_09       step 40000   auc 0.730208 rep_w 1.0   score  40k=1.4537
k3_r100_09b      step 40000   auc 0.998191 rep_w 1.0   score  40k=1.2927
k3_r100_09_lr33  step 40000   auc 0.997974 rep_w 1.0   score  40k=1.2483
k3_r100_09_lr17  step 40000   auc 0.998509 rep_w 1.0   score  40k=1.2612
k3_r100_09_lr56  step 200000  auc 0.999432 rep_w 1.0   score  40k=1.1820 100k=1.3170
k32_r100_09_lr56 step 40000   auc 0.730161 rep_w 1.0   score  40k=1.4404
k3_r100_09_mean  step 27400   auc 0.535472 rep_w 1.0   score  - COLLAPSED
k3_r100_09b_lr56 step 40000   auc 0.99887  rep_w 1.0   score  40k=1.2469
lanes 0   trainers 0   heads 0   evals 4
===== 2026-09-08 20:02:46 =====
gpu 0, 19178 MiB, 84 %
gpu 1, 18472 MiB, 96 %
k3_r100_09       step 200000  auc 0.999517 rep_w 1.0   score  40k=1.3495 100k=1.3395 200k=1.3910
k32_r100_09      step 40000   auc 0.773158 rep_w 1.0   score  40k=1.4629
k32_r200_08      step 28500   auc 0.534748 rep_w 1.0   score  - COLLAPSED
k3_r100_09_dec   step 40000   auc 0.997382 rep_w 0.0   score  40k=1.3236
k32_r100_09_dec  step 19100   auc 0.501426 rep_w 0.0   score  - COLLAPSED
k8_r100_09       step 40000   auc 0.730208 rep_w 1.0   score  40k=1.4537
k3_r100_09b      step 40000   auc 0.998191 rep_w 1.0   score  40k=1.2927
k3_r100_09_lr33  step 40000   auc 0.997974 rep_w 1.0   score  40k=1.2483
k3_r100_09_lr17  step 40000   auc 0.998509 rep_w 1.0   score  40k=1.2612
k3_r100_09_lr56  step 200000  auc 0.999432 rep_w 1.0   score  40k=1.1820 100k=1.3170
k32_r100_09_lr56 step 40000   auc 0.730161 rep_w 1.0   score  40k=1.4404
k3_r100_09_mean  step 27400   auc 0.535472 rep_w 1.0   score  - COLLAPSED
k3_r100_09b_lr56 step 40000   auc 0.99887  rep_w 1.0   score  40k=1.2469
lanes 0   trainers 0   heads 0   evals 4
===== 2026-09-08 20:18:51 =====
gpu 0, 19178 MiB, 85 %
gpu 1, 18472 MiB, 87 %
k3_r100_09       step 200000  auc 0.999517 rep_w 1.0   score  40k=1.3495 100k=1.3395 200k=1.3910
k32_r100_09      step 40000   auc 0.773158 rep_w 1.0   score  40k=1.4629
k32_r200_08      step 28500   auc 0.534748 rep_w 1.0   score  - COLLAPSED
k3_r100_09_dec   step 40000   auc 0.997382 rep_w 0.0   score  40k=1.3236
k32_r100_09_dec  step 19100   auc 0.501426 rep_w 0.0   score  - COLLAPSED
k8_r100_09       step 40000   auc 0.730208 rep_w 1.0   score  40k=1.4537
k3_r100_09b      step 40000   auc 0.998191 rep_w 1.0   score  40k=1.2927
k3_r100_09_lr33  step 40000   auc 0.997974 rep_w 1.0   score  40k=1.2483
k3_r100_09_lr17  step 40000   auc 0.998509 rep_w 1.0   score  40k=1.2612
k3_r100_09_lr56  step 200000  auc 0.999432 rep_w 1.0   score  40k=1.1820 100k=1.3170
k32_r100_09_lr56 step 40000   auc 0.730161 rep_w 1.0   score  40k=1.4404
k3_r100_09_mean  step 27400   auc 0.535472 rep_w 1.0   score  - COLLAPSED
k3_r100_09b_lr56 step 40000   auc 0.99887  rep_w 1.0   score  40k=1.2469
lanes 0   trainers 0   heads 0   evals 4
===== 2026-09-08 20:34:57 =====
gpu 0, 19178 MiB, 84 %
gpu 1, 20435 MiB, 86 %
k3_r100_09       step 200000  auc 0.999517 rep_w 1.0   score  40k=1.3495 100k=1.3395 200k=1.3910
k32_r100_09      step 40000   auc 0.773158 rep_w 1.0   score  40k=1.4629
k32_r200_08      step 28500   auc 0.534748 rep_w 1.0   score  - COLLAPSED
k3_r100_09_dec   step 40000   auc 0.997382 rep_w 0.0   score  40k=1.3236
k32_r100_09_dec  step 19100   auc 0.501426 rep_w 0.0   score  - COLLAPSED
k8_r100_09       step 40000   auc 0.730208 rep_w 1.0   score  40k=1.4537
k3_r100_09b      step 40000   auc 0.998191 rep_w 1.0   score  40k=1.2927
k3_r100_09_lr33  step 40000   auc 0.997974 rep_w 1.0   score  40k=1.2483
k3_r100_09_lr17  step 40000   auc 0.998509 rep_w 1.0   score  40k=1.2612
k3_r100_09_lr56  step 200000  auc 0.999432 rep_w 1.0   score  40k=1.1820 100k=1.3170
k32_r100_09_lr56 step 40000   auc 0.730161 rep_w 1.0   score  40k=1.4404
k3_r100_09_mean  step 27400   auc 0.535472 rep_w 1.0   score  - COLLAPSED
k3_r100_09b_lr56 step 40000   auc 0.99887  rep_w 1.0   score  40k=1.2469
lanes 0   trainers 0   heads 0   evals 4
===== 2026-09-08 20:51:04 =====
gpu 0, 19178 MiB, 80 %
gpu 1, 18494 MiB, 84 %
k3_r100_09       step 200000  auc 0.999517 rep_w 1.0   score  40k=1.3495 100k=1.3395 200k=1.3910
k32_r100_09      step 40000   auc 0.773158 rep_w 1.0   score  40k=1.4629
k32_r200_08      step 28500   auc 0.534748 rep_w 1.0   score  - COLLAPSED
k3_r100_09_dec   step 40000   auc 0.997382 rep_w 0.0   score  40k=1.3236
k32_r100_09_dec  step 19100   auc 0.501426 rep_w 0.0   score  - COLLAPSED
k8_r100_09       step 40000   auc 0.730208 rep_w 1.0   score  40k=1.4537
k3_r100_09b      step 40000   auc 0.998191 rep_w 1.0   score  40k=1.2927
k3_r100_09_lr33  step 40000   auc 0.997974 rep_w 1.0   score  40k=1.2483
k3_r100_09_lr17  step 40000   auc 0.998509 rep_w 1.0   score  40k=1.2612
k3_r100_09_lr56  step 200000  auc 0.999432 rep_w 1.0   score  40k=1.1820 100k=1.3170
k32_r100_09_lr56 step 40000   auc 0.730161 rep_w 1.0   score  40k=1.4404
k3_r100_09_mean  step 27400   auc 0.535472 rep_w 1.0   score  - COLLAPSED
k3_r100_09b_lr56 step 40000   auc 0.99887  rep_w 1.0   score  40k=1.2469
lanes 0   trainers 0   heads 0   evals 4
===== 2026-09-08 21:07:12 =====
gpu 0, 19178 MiB, 84 %
gpu 1, 18494 MiB, 98 %
k3_r100_09       step 200000  auc 0.999517 rep_w 1.0   score  40k=1.3495 100k=1.3395 200k=1.3910
k32_r100_09      step 40000   auc 0.773158 rep_w 1.0   score  40k=1.4629
k32_r200_08      step 28500   auc 0.534748 rep_w 1.0   score  - COLLAPSED
k3_r100_09_dec   step 40000   auc 0.997382 rep_w 0.0   score  40k=1.3236
k32_r100_09_dec  step 19100   auc 0.501426 rep_w 0.0   score  - COLLAPSED
k8_r100_09       step 40000   auc 0.730208 rep_w 1.0   score  40k=1.4537
k3_r100_09b      step 40000   auc 0.998191 rep_w 1.0   score  40k=1.2927
k3_r100_09_lr33  step 40000   auc 0.997974 rep_w 1.0   score  40k=1.2483
k3_r100_09_lr17  step 40000   auc 0.998509 rep_w 1.0   score  40k=1.2612
k3_r100_09_lr56  step 200000  auc 0.999432 rep_w 1.0   score  40k=1.1820 100k=1.3170
k32_r100_09_lr56 step 40000   auc 0.730161 rep_w 1.0   score  40k=1.4404
k3_r100_09_mean  step 27400   auc 0.535472 rep_w 1.0   score  - COLLAPSED
k3_r100_09b_lr56 step 40000   auc 0.99887  rep_w 1.0   score  40k=1.2469
lanes 0   trainers 0   heads 0   evals 4
===== 2026-09-08 21:23:20 =====
gpu 0, 19178 MiB, 84 %
gpu 1, 18494 MiB, 85 %
k3_r100_09       step 200000  auc 0.999517 rep_w 1.0   score  40k=1.3495 100k=1.3395 200k=1.3910
k32_r100_09      step 40000   auc 0.773158 rep_w 1.0   score  40k=1.4629
k32_r200_08      step 28500   auc 0.534748 rep_w 1.0   score  - COLLAPSED
k3_r100_09_dec   step 40000   auc 0.997382 rep_w 0.0   score  40k=1.3236
k32_r100_09_dec  step 19100   auc 0.501426 rep_w 0.0   score  - COLLAPSED
k8_r100_09       step 40000   auc 0.730208 rep_w 1.0   score  40k=1.4537
k3_r100_09b      step 40000   auc 0.998191 rep_w 1.0   score  40k=1.2927
k3_r100_09_lr33  step 40000   auc 0.997974 rep_w 1.0   score  40k=1.2483
k3_r100_09_lr17  step 40000   auc 0.998509 rep_w 1.0   score  40k=1.2612
k3_r100_09_lr56  step 200000  auc 0.999432 rep_w 1.0   score  40k=1.1820 100k=1.3170
k32_r100_09_lr56 step 40000   auc 0.730161 rep_w 1.0   score  40k=1.4404
k3_r100_09_mean  step 27400   auc 0.535472 rep_w 1.0   score  - COLLAPSED
k3_r100_09b_lr56 step 40000   auc 0.99887  rep_w 1.0   score  40k=1.2469
lanes 0   trainers 0   heads 0   evals 4
===== 2026-09-08 21:39:26 =====
gpu 0, 19178 MiB, 83 %
gpu 1, 18494 MiB, 94 %
k3_r100_09       step 200000  auc 0.999517 rep_w 1.0   score  40k=1.3495 100k=1.3395 200k=1.3910
k32_r100_09      step 40000   auc 0.773158 rep_w 1.0   score  40k=1.4629
k32_r200_08      step 28500   auc 0.534748 rep_w 1.0   score  - COLLAPSED
k3_r100_09_dec   step 40000   auc 0.997382 rep_w 0.0   score  40k=1.3236
k32_r100_09_dec  step 19100   auc 0.501426 rep_w 0.0   score  - COLLAPSED
k8_r100_09       step 40000   auc 0.730208 rep_w 1.0   score  40k=1.4537
k3_r100_09b      step 40000   auc 0.998191 rep_w 1.0   score  40k=1.2927
k3_r100_09_lr33  step 40000   auc 0.997974 rep_w 1.0   score  40k=1.2483
k3_r100_09_lr17  step 40000   auc 0.998509 rep_w 1.0   score  40k=1.2612
k3_r100_09_lr56  step 200000  auc 0.999432 rep_w 1.0   score  40k=1.1820 100k=1.3170
k32_r100_09_lr56 step 40000   auc 0.730161 rep_w 1.0   score  40k=1.4404
k3_r100_09_mean  step 27400   auc 0.535472 rep_w 1.0   score  - COLLAPSED
k3_r100_09b_lr56 step 40000   auc 0.99887  rep_w 1.0   score  40k=1.2469
lanes 0   trainers 0   heads 0   evals 3
===== 2026-09-08 21:55:34 =====
gpu 0, 19178 MiB, 85 %
gpu 1, 18494 MiB, 95 %
k3_r100_09       step 200000  auc 0.999517 rep_w 1.0   score  40k=1.3495 100k=1.3395 200k=1.3910
k32_r100_09      step 40000   auc 0.773158 rep_w 1.0   score  40k=1.4629
k32_r200_08      step 28500   auc 0.534748 rep_w 1.0   score  - COLLAPSED
k3_r100_09_dec   step 40000   auc 0.997382 rep_w 0.0   score  40k=1.3236
k32_r100_09_dec  step 19100   auc 0.501426 rep_w 0.0   score  - COLLAPSED
k8_r100_09       step 40000   auc 0.730208 rep_w 1.0   score  40k=1.4537
k3_r100_09b      step 40000   auc 0.998191 rep_w 1.0   score  40k=1.2927
k3_r100_09_lr33  step 40000   auc 0.997974 rep_w 1.0   score  40k=1.2483
k3_r100_09_lr17  step 40000   auc 0.998509 rep_w 1.0   score  40k=1.2612
k3_r100_09_lr56  step 200000  auc 0.999432 rep_w 1.0   score  40k=1.1820 100k=1.3170
k32_r100_09_lr56 step 40000   auc 0.730161 rep_w 1.0   score  40k=1.4404
k3_r100_09_mean  step 27400   auc 0.535472 rep_w 1.0   score  - COLLAPSED
k3_r100_09b_lr56 step 40000   auc 0.99887  rep_w 1.0   score  40k=1.2469
lanes 0   trainers 0   heads 0   evals 1
===== 2026-09-08 22:11:17 =====
gpu 0, 13758 MiB, 82 %
gpu 1, 12128 MiB, 87 %
k3_r100_09       step 200000  auc 0.999517 rep_w 1.0   score  40k=1.3495 100k=1.3395 200k=1.3910
k32_r100_09      step 40000   auc 0.773158 rep_w 1.0   score  40k=1.4629
k32_r200_08      step 28500   auc 0.534748 rep_w 1.0   score  - COLLAPSED
k3_r100_09_dec   step 40000   auc 0.997382 rep_w 0.0   score  40k=1.3236
k32_r100_09_dec  step 19100   auc 0.501426 rep_w 0.0   score  - COLLAPSED
k8_r100_09       step 40000   auc 0.730208 rep_w 1.0   score  40k=1.4537
k3_r100_09b      step 40000   auc 0.998191 rep_w 1.0   score  40k=1.2927
k3_r100_09_lr33  step 40000   auc 0.997974 rep_w 1.0   score  40k=1.2483
k3_r100_09_lr17  step 40000   auc 0.998509 rep_w 1.0   score  40k=1.2612
k3_r100_09_lr56  step 200000  auc 0.999432 rep_w 1.0   score  40k=1.1820 100k=1.3170 200k=1.3189
k32_r100_09_lr56 step 40000   auc 0.730161 rep_w 1.0   score  40k=1.4404
k3_r100_09_mean  step 27400   auc 0.535472 rep_w 1.0   score  - COLLAPSED
k3_r100_09b_lr56 step 40000   auc 0.99887  rep_w 1.0   score  40k=1.2469
k32_r100_09_sum  step -       auc -        rep_w -     score  -
k3_r100_09_lr45  step -       auc -        rep_w -     score  -
k3_r100_09_lr70  step -       auc -        rep_w -     score  -
lanes 0   trainers 2   heads 0   evals 0
===== 2026-09-08 22:27:38 =====
gpu 0, 14716 MiB, 83 %
gpu 1, 12110 MiB, 91 %
k3_r100_09       step 200000  auc 0.999517 rep_w 1.0   score  40k=1.3495 100k=1.3395 200k=1.3910
k32_r100_09      step 40000   auc 0.773158 rep_w 1.0   score  40k=1.4629
k32_r200_08      step 28500   auc 0.534748 rep_w 1.0   score  - COLLAPSED
k3_r100_09_dec   step 40000   auc 0.997382 rep_w 0.0   score  40k=1.3236
k32_r100_09_dec  step 19100   auc 0.501426 rep_w 0.0   score  - COLLAPSED
k8_r100_09       step 40000   auc 0.730208 rep_w 1.0   score  40k=1.4537
k3_r100_09b      step 40000   auc 0.998191 rep_w 1.0   score  40k=1.2927
k3_r100_09_lr33  step 40000   auc 0.997974 rep_w 1.0   score  40k=1.2483
k3_r100_09_lr17  step 40000   auc 0.998509 rep_w 1.0   score  40k=1.2612
k3_r100_09_lr56  step 200000  auc 0.999432 rep_w 1.0   score  40k=1.1820 100k=1.3170 200k=1.3189
k32_r100_09_lr56 step 40000   auc 0.730161 rep_w 1.0   score  40k=1.4404
k3_r100_09_mean  step 27400   auc 0.535472 rep_w 1.0   score  - COLLAPSED
k3_r100_09b_lr56 step 40000   auc 0.99887  rep_w 1.0   score  40k=1.2469
k32_r100_09_sum  step 1200    auc 0.982385 rep_w 1.0   score  -
k3_r100_09_lr45  step 1600    auc 0.995965 rep_w 1.0   score  -
k3_r100_09_lr70  step -       auc -        rep_w -     score  -
lanes 2   trainers 2   heads 0   evals 0
===== 2026-09-08 22:44:01 =====
gpu 0, 15722 MiB, 55 %
gpu 1, 12110 MiB, 95 %
k3_r100_09       step 200000  auc 0.999517 rep_w 1.0   score  40k=1.3495 100k=1.3395 200k=1.3910
k32_r100_09      step 40000   auc 0.773158 rep_w 1.0   score  40k=1.4629
k32_r200_08      step 28500   auc 0.534748 rep_w 1.0   score  - COLLAPSED
k3_r100_09_dec   step 40000   auc 0.997382 rep_w 0.0   score  40k=1.3236
k32_r100_09_dec  step 19100   auc 0.501426 rep_w 0.0   score  - COLLAPSED
k8_r100_09       step 40000   auc 0.730208 rep_w 1.0   score  40k=1.4537
k3_r100_09b      step 40000   auc 0.998191 rep_w 1.0   score  40k=1.2927
k3_r100_09_lr33  step 40000   auc 0.997974 rep_w 1.0   score  40k=1.2483
k3_r100_09_lr17  step 40000   auc 0.998509 rep_w 1.0   score  40k=1.2612
k3_r100_09_lr56  step 200000  auc 0.999432 rep_w 1.0   score  40k=1.1820 100k=1.3170 200k=1.3189
k32_r100_09_lr56 step 40000   auc 0.730161 rep_w 1.0   score  40k=1.4404
k3_r100_09_mean  step 27400   auc 0.535472 rep_w 1.0   score  - COLLAPSED
k3_r100_09b_lr56 step 40000   auc 0.99887  rep_w 1.0   score  40k=1.2469
k32_r100_09_sum  step 2400    auc 0.984864 rep_w 1.0   score  -
k3_r100_09_lr45  step 4600    auc 0.992513 rep_w 1.0   score  -
k3_r100_09_lr70  step -       auc -        rep_w -     score  -
lanes 2   trainers 2   heads 0   evals 0
===== 2026-09-08 23:00:23 =====
gpu 0, 15722 MiB, 78 %
gpu 1, 12110 MiB, 72 %
k3_r100_09       step 200000  auc 0.999517 rep_w 1.0   score  40k=1.3495 100k=1.3395 200k=1.3910
k32_r100_09      step 40000   auc 0.773158 rep_w 1.0   score  40k=1.4629
k32_r200_08      step 28500   auc 0.534748 rep_w 1.0   score  - COLLAPSED
k3_r100_09_dec   step 40000   auc 0.997382 rep_w 0.0   score  40k=1.3236
k32_r100_09_dec  step 19100   auc 0.501426 rep_w 0.0   score  - COLLAPSED
k8_r100_09       step 40000   auc 0.730208 rep_w 1.0   score  40k=1.4537
k3_r100_09b      step 40000   auc 0.998191 rep_w 1.0   score  40k=1.2927
k3_r100_09_lr33  step 40000   auc 0.997974 rep_w 1.0   score  40k=1.2483
k3_r100_09_lr17  step 40000   auc 0.998509 rep_w 1.0   score  40k=1.2612
k3_r100_09_lr56  step 200000  auc 0.999432 rep_w 1.0   score  40k=1.1820 100k=1.3170 200k=1.3189
k32_r100_09_lr56 step 40000   auc 0.730161 rep_w 1.0   score  40k=1.4404
k3_r100_09_mean  step 27400   auc 0.535472 rep_w 1.0   score  - COLLAPSED
k3_r100_09b_lr56 step 40000   auc 0.99887  rep_w 1.0   score  40k=1.2469
k32_r100_09_sum  step 3700    auc 0.978986 rep_w 1.0   score  -
k3_r100_09_lr45  step 7500    auc 0.997211 rep_w 1.0   score  -
k3_r100_09_lr70  step -       auc -        rep_w -     score  -
lanes 2   trainers 2   heads 0   evals 0
===== 2026-09-08 23:16:46 =====
gpu 0, 15722 MiB, 77 %
gpu 1, 12110 MiB, 93 %
k3_r100_09       step 200000  auc 0.999517 rep_w 1.0   score  40k=1.3495 100k=1.3395 200k=1.3910
k32_r100_09      step 40000   auc 0.773158 rep_w 1.0   score  40k=1.4629
k32_r200_08      step 28500   auc 0.534748 rep_w 1.0   score  - COLLAPSED
k3_r100_09_dec   step 40000   auc 0.997382 rep_w 0.0   score  40k=1.3236
k32_r100_09_dec  step 19100   auc 0.501426 rep_w 0.0   score  - COLLAPSED
k8_r100_09       step 40000   auc 0.730208 rep_w 1.0   score  40k=1.4537
k3_r100_09b      step 40000   auc 0.998191 rep_w 1.0   score  40k=1.2927
k3_r100_09_lr33  step 40000   auc 0.997974 rep_w 1.0   score  40k=1.2483
k3_r100_09_lr17  step 40000   auc 0.998509 rep_w 1.0   score  40k=1.2612
k3_r100_09_lr56  step 200000  auc 0.999432 rep_w 1.0   score  40k=1.1820 100k=1.3170 200k=1.3189
k32_r100_09_lr56 step 40000   auc 0.730161 rep_w 1.0   score  40k=1.4404
k3_r100_09_mean  step 27400   auc 0.535472 rep_w 1.0   score  - COLLAPSED
k3_r100_09b_lr56 step 40000   auc 0.99887  rep_w 1.0   score  40k=1.2469
k32_r100_09_sum  step 4900    auc 0.975932 rep_w 1.0   score  -
k3_r100_09_lr45  step 10400   auc 0.997917 rep_w 1.0   score  -
k3_r100_09_lr70  step -       auc -        rep_w -     score  -
lanes 2   trainers 2   heads 0   evals 0
===== 2026-09-08 23:33:12 =====
gpu 0, 15722 MiB, 82 %
gpu 1, 12110 MiB, 73 %
k3_r100_09       step 200000  auc 0.999517 rep_w 1.0   score  40k=1.3495 100k=1.3395 200k=1.3910
k32_r100_09      step 40000   auc 0.773158 rep_w 1.0   score  40k=1.4629
k32_r200_08      step 28500   auc 0.534748 rep_w 1.0   score  - COLLAPSED
k3_r100_09_dec   step 40000   auc 0.997382 rep_w 0.0   score  40k=1.3236
k32_r100_09_dec  step 19100   auc 0.501426 rep_w 0.0   score  - COLLAPSED
k8_r100_09       step 40000   auc 0.730208 rep_w 1.0   score  40k=1.4537
k3_r100_09b      step 40000   auc 0.998191 rep_w 1.0   score  40k=1.2927
k3_r100_09_lr33  step 40000   auc 0.997974 rep_w 1.0   score  40k=1.2483
k3_r100_09_lr17  step 40000   auc 0.998509 rep_w 1.0   score  40k=1.2612
k3_r100_09_lr56  step 200000  auc 0.999432 rep_w 1.0   score  40k=1.1820 100k=1.3170 200k=1.3189
k32_r100_09_lr56 step 40000   auc 0.730161 rep_w 1.0   score  40k=1.4404
k3_r100_09_mean  step 27400   auc 0.535472 rep_w 1.0   score  - COLLAPSED
k3_r100_09b_lr56 step 40000   auc 0.99887  rep_w 1.0   score  40k=1.2469
k32_r100_09_sum  step 6100    auc 0.973782 rep_w 1.0   score  -
k3_r100_09_lr45  step 13400   auc 0.998051 rep_w 1.0   score  -
k3_r100_09_lr70  step -       auc -        rep_w -     score  -
lanes 2   trainers 2   heads 0   evals 0
===== 2026-09-08 23:49:39 =====
gpu 0, 15722 MiB, 95 %
gpu 1, 12110 MiB, 98 %
k3_r100_09       step 200000  auc 0.999517 rep_w 1.0   score  40k=1.3495 100k=1.3395 200k=1.3910
k32_r100_09      step 40000   auc 0.773158 rep_w 1.0   score  40k=1.4629
k32_r200_08      step 28500   auc 0.534748 rep_w 1.0   score  - COLLAPSED
k3_r100_09_dec   step 40000   auc 0.997382 rep_w 0.0   score  40k=1.3236
k32_r100_09_dec  step 19100   auc 0.501426 rep_w 0.0   score  - COLLAPSED
k8_r100_09       step 40000   auc 0.730208 rep_w 1.0   score  40k=1.4537
k3_r100_09b      step 40000   auc 0.998191 rep_w 1.0   score  40k=1.2927
k3_r100_09_lr33  step 40000   auc 0.997974 rep_w 1.0   score  40k=1.2483
k3_r100_09_lr17  step 40000   auc 0.998509 rep_w 1.0   score  40k=1.2612
k3_r100_09_lr56  step 200000  auc 0.999432 rep_w 1.0   score  40k=1.1820 100k=1.3170 200k=1.3189
k32_r100_09_lr56 step 40000   auc 0.730161 rep_w 1.0   score  40k=1.4404
k3_r100_09_mean  step 27400   auc 0.535472 rep_w 1.0   score  - COLLAPSED
k3_r100_09b_lr56 step 40000   auc 0.99887  rep_w 1.0   score  40k=1.2469
k32_r100_09_sum  step 7300    auc 0.980909 rep_w 1.0   score  -
k3_r100_09_lr45  step 16300   auc 0.998053 rep_w 1.0   score  -
k3_r100_09_lr70  step -       auc -        rep_w -     score  -
lanes 2   trainers 2   heads 0   evals 0
===== 2026-09-09 00:06:05 =====
gpu 0, 15722 MiB, 82 %
gpu 1, 12110 MiB, 16 %
k3_r100_09       step 200000  auc 0.999517 rep_w 1.0   score  40k=1.3495 100k=1.3395 200k=1.3910
k32_r100_09      step 40000   auc 0.773158 rep_w 1.0   score  40k=1.4629
k32_r200_08      step 28500   auc 0.534748 rep_w 1.0   score  - COLLAPSED
k3_r100_09_dec   step 40000   auc 0.997382 rep_w 0.0   score  40k=1.3236
k32_r100_09_dec  step 19100   auc 0.501426 rep_w 0.0   score  - COLLAPSED
k8_r100_09       step 40000   auc 0.730208 rep_w 1.0   score  40k=1.4537
k3_r100_09b      step 40000   auc 0.998191 rep_w 1.0   score  40k=1.2927
k3_r100_09_lr33  step 40000   auc 0.997974 rep_w 1.0   score  40k=1.2483
k3_r100_09_lr17  step 40000   auc 0.998509 rep_w 1.0   score  40k=1.2612
k3_r100_09_lr56  step 200000  auc 0.999432 rep_w 1.0   score  40k=1.1820 100k=1.3170 200k=1.3189
k32_r100_09_lr56 step 40000   auc 0.730161 rep_w 1.0   score  40k=1.4404
k3_r100_09_mean  step 27400   auc 0.535472 rep_w 1.0   score  - COLLAPSED
k3_r100_09b_lr56 step 40000   auc 0.99887  rep_w 1.0   score  40k=1.2469
k32_r100_09_sum  step 7400    auc 0.981005 rep_w 1.0   score  -
k3_r100_09_lr45  step 19300   auc 0.997611 rep_w 1.0   score  -
k3_r100_09_lr70  step -       auc -        rep_w -     score  -
lanes 2   trainers 2   heads 0   evals 0
===== 2026-09-09 00:22:29 =====
gpu 0, 14646 MiB, 80 %
gpu 1, 12110 MiB, 94 %
k3_r100_09       step 200000  auc 0.999517 rep_w 1.0   score  40k=1.3495 100k=1.3395 200k=1.3910
k32_r100_09      step 40000   auc 0.773158 rep_w 1.0   score  40k=1.4629
k32_r200_08      step 28500   auc 0.534748 rep_w 1.0   score  - COLLAPSED
k3_r100_09_dec   step 40000   auc 0.997382 rep_w 0.0   score  40k=1.3236
k32_r100_09_dec  step 19100   auc 0.501426 rep_w 0.0   score  - COLLAPSED
k8_r100_09       step 40000   auc 0.730208 rep_w 1.0   score  40k=1.4537
k3_r100_09b      step 40000   auc 0.998191 rep_w 1.0   score  40k=1.2927
k3_r100_09_lr33  step 40000   auc 0.997974 rep_w 1.0   score  40k=1.2483
k3_r100_09_lr17  step 40000   auc 0.998509 rep_w 1.0   score  40k=1.2612
k3_r100_09_lr56  step 200000  auc 0.999432 rep_w 1.0   score  40k=1.1820 100k=1.3170 200k=1.3189
k32_r100_09_lr56 step 40000   auc 0.730161 rep_w 1.0   score  40k=1.4404
k3_r100_09_mean  step 27400   auc 0.535472 rep_w 1.0   score  - COLLAPSED
k3_r100_09b_lr56 step 40000   auc 0.99887  rep_w 1.0   score  40k=1.2469
k32_r100_09_sum  step 8500    auc 0.98255  rep_w 1.0   score  -
k3_r100_09_lr45  step 22300   auc 0.998242 rep_w 1.0   score  -
k3_r100_09_lr70  step -       auc -        rep_w -     score  -
lanes 2   trainers 2   heads 0   evals 0
===== 2026-09-09 00:38:56 =====
gpu 0, 14646 MiB, 86 %
gpu 1, 14002 MiB, 48 %
k3_r100_09       step 200000  auc 0.999517 rep_w 1.0   score  40k=1.3495 100k=1.3395 200k=1.3910
k32_r100_09      step 40000   auc 0.773158 rep_w 1.0   score  40k=1.4629
k32_r200_08      step 28500   auc 0.534748 rep_w 1.0   score  - COLLAPSED
k3_r100_09_dec   step 40000   auc 0.997382 rep_w 0.0   score  40k=1.3236
k32_r100_09_dec  step 19100   auc 0.501426 rep_w 0.0   score  - COLLAPSED
k8_r100_09       step 40000   auc 0.730208 rep_w 1.0   score  40k=1.4537
k3_r100_09b      step 40000   auc 0.998191 rep_w 1.0   score  40k=1.2927
k3_r100_09_lr33  step 40000   auc 0.997974 rep_w 1.0   score  40k=1.2483
k3_r100_09_lr17  step 40000   auc 0.998509 rep_w 1.0   score  40k=1.2612
k3_r100_09_lr56  step 200000  auc 0.999432 rep_w 1.0   score  40k=1.1820 100k=1.3170 200k=1.3189
k32_r100_09_lr56 step 40000   auc 0.730161 rep_w 1.0   score  40k=1.4404
k3_r100_09_mean  step 27400   auc 0.535472 rep_w 1.0   score  - COLLAPSED
k3_r100_09b_lr56 step 40000   auc 0.99887  rep_w 1.0   score  40k=1.2469
k32_r100_09_sum  step 9700    auc 0.98042  rep_w 1.0   score  -
k3_r100_09_lr45  step 25200   auc 0.998494 rep_w 1.0   score  -
k3_r100_09_lr70  step -       auc -        rep_w -     score  -
lanes 2   trainers 2   heads 0   evals 0
===== 2026-09-09 00:55:32 =====
gpu 0, 14646 MiB, 48 %
gpu 1, 14002 MiB, 80 %
k3_r100_09       step 200000  auc 0.999517 rep_w 1.0   score  40k=1.3495 100k=1.3395 200k=1.3910
k32_r100_09      step 40000   auc 0.773158 rep_w 1.0   score  40k=1.4629
k32_r200_08      step 28500   auc 0.534748 rep_w 1.0   score  - COLLAPSED
k3_r100_09_dec   step 40000   auc 0.997382 rep_w 0.0   score  40k=1.3236
k32_r100_09_dec  step 19100   auc 0.501426 rep_w 0.0   score  - COLLAPSED
k8_r100_09       step 40000   auc 0.730208 rep_w 1.0   score  40k=1.4537
k3_r100_09b      step 40000   auc 0.998191 rep_w 1.0   score  40k=1.2927
k3_r100_09_lr33  step 40000   auc 0.997974 rep_w 1.0   score  40k=1.2483
k3_r100_09_lr17  step 40000   auc 0.998509 rep_w 1.0   score  40k=1.2612
k3_r100_09_lr56  step 200000  auc 0.999432 rep_w 1.0   score  40k=1.1820 100k=1.3170 200k=1.3189
k32_r100_09_lr56 step 40000   auc 0.730161 rep_w 1.0   score  40k=1.4404
k3_r100_09_mean  step 27400   auc 0.535472 rep_w 1.0   score  - COLLAPSED
k3_r100_09b_lr56 step 40000   auc 0.99887  rep_w 1.0   score  40k=1.2469
k32_r100_09_sum  step 11000   auc 0.981159 rep_w 1.0   score  -
k3_r100_09_lr45  step 28000   auc 0.998884 rep_w 1.0   score  -
k3_r100_09_lr70  step -       auc -        rep_w -     score  -
lanes 2   trainers 2   heads 0   evals 0
===== 2026-09-09 01:12:04 =====
gpu 0, 14646 MiB, 78 %
gpu 1, 14002 MiB, 80 %
k3_r100_09       step 200000  auc 0.999517 rep_w 1.0   score  40k=1.3495 100k=1.3395 200k=1.3910
k32_r100_09      step 40000   auc 0.773158 rep_w 1.0   score  40k=1.4629
k32_r200_08      step 28500   auc 0.534748 rep_w 1.0   score  - COLLAPSED
k3_r100_09_dec   step 40000   auc 0.997382 rep_w 0.0   score  40k=1.3236
k32_r100_09_dec  step 19100   auc 0.501426 rep_w 0.0   score  - COLLAPSED
k8_r100_09       step 40000   auc 0.730208 rep_w 1.0   score  40k=1.4537
k3_r100_09b      step 40000   auc 0.998191 rep_w 1.0   score  40k=1.2927
k3_r100_09_lr33  step 40000   auc 0.997974 rep_w 1.0   score  40k=1.2483
k3_r100_09_lr17  step 40000   auc 0.998509 rep_w 1.0   score  40k=1.2612
k3_r100_09_lr56  step 200000  auc 0.999432 rep_w 1.0   score  40k=1.1820 100k=1.3170 200k=1.3189
k32_r100_09_lr56 step 40000   auc 0.730161 rep_w 1.0   score  40k=1.4404
k3_r100_09_mean  step 27400   auc 0.535472 rep_w 1.0   score  - COLLAPSED
k3_r100_09b_lr56 step 40000   auc 0.99887  rep_w 1.0   score  40k=1.2469
k32_r100_09_sum  step 12200   auc 0.981981 rep_w 1.0   score  -
k3_r100_09_lr45  step 30800   auc 0.997992 rep_w 1.0   score  -
k3_r100_09_lr70  step -       auc -        rep_w -     score  -
lanes 2   trainers 2   heads 0   evals 0
===== 2026-09-09 01:28:39 =====
gpu 0, 14646 MiB, 73 %
gpu 1, 14002 MiB, 72 %
k3_r100_09       step 200000  auc 0.999517 rep_w 1.0   score  40k=1.3495 100k=1.3395 200k=1.3910
k32_r100_09      step 40000   auc 0.773158 rep_w 1.0   score  40k=1.4629
k32_r200_08      step 28500   auc 0.534748 rep_w 1.0   score  - COLLAPSED
k3_r100_09_dec   step 40000   auc 0.997382 rep_w 0.0   score  40k=1.3236
k32_r100_09_dec  step 19100   auc 0.501426 rep_w 0.0   score  - COLLAPSED
k8_r100_09       step 40000   auc 0.730208 rep_w 1.0   score  40k=1.4537
k3_r100_09b      step 40000   auc 0.998191 rep_w 1.0   score  40k=1.2927
k3_r100_09_lr33  step 40000   auc 0.997974 rep_w 1.0   score  40k=1.2483
k3_r100_09_lr17  step 40000   auc 0.998509 rep_w 1.0   score  40k=1.2612
k3_r100_09_lr56  step 200000  auc 0.999432 rep_w 1.0   score  40k=1.1820 100k=1.3170 200k=1.3189
k32_r100_09_lr56 step 40000   auc 0.730161 rep_w 1.0   score  40k=1.4404
k3_r100_09_mean  step 27400   auc 0.535472 rep_w 1.0   score  - COLLAPSED
k3_r100_09b_lr56 step 40000   auc 0.99887  rep_w 1.0   score  40k=1.2469
k32_r100_09_sum  step 13500   auc 0.980137 rep_w 1.0   score  -
k3_r100_09_lr45  step 33700   auc 0.997699 rep_w 1.0   score  -
k3_r100_09_lr70  step -       auc -        rep_w -     score  -
lanes 2   trainers 2   heads 0   evals 0
===== 2026-09-09 01:45:12 =====
gpu 0, 14646 MiB, 68 %
gpu 1, 14002 MiB, 69 %
k3_r100_09       step 200000  auc 0.999517 rep_w 1.0   score  40k=1.3495 100k=1.3395 200k=1.3910
k32_r100_09      step 40000   auc 0.773158 rep_w 1.0   score  40k=1.4629
k32_r200_08      step 28500   auc 0.534748 rep_w 1.0   score  - COLLAPSED
k3_r100_09_dec   step 40000   auc 0.997382 rep_w 0.0   score  40k=1.3236
k32_r100_09_dec  step 19100   auc 0.501426 rep_w 0.0   score  - COLLAPSED
k8_r100_09       step 40000   auc 0.730208 rep_w 1.0   score  40k=1.4537
k3_r100_09b      step 40000   auc 0.998191 rep_w 1.0   score  40k=1.2927
k3_r100_09_lr33  step 40000   auc 0.997974 rep_w 1.0   score  40k=1.2483
k3_r100_09_lr17  step 40000   auc 0.998509 rep_w 1.0   score  40k=1.2612
k3_r100_09_lr56  step 200000  auc 0.999432 rep_w 1.0   score  40k=1.1820 100k=1.3170 200k=1.3189
k32_r100_09_lr56 step 40000   auc 0.730161 rep_w 1.0   score  40k=1.4404
k3_r100_09_mean  step 27400   auc 0.535472 rep_w 1.0   score  - COLLAPSED
k3_r100_09b_lr56 step 40000   auc 0.99887  rep_w 1.0   score  40k=1.2469
k32_r100_09_sum  step 14800   auc 0.983938 rep_w 1.0   score  -
k3_r100_09_lr45  step 36500   auc 0.997846 rep_w 1.0   score  -
k3_r100_09_lr70  step -       auc -        rep_w -     score  -
lanes 2   trainers 2   heads 0   evals 0
===== 2026-09-09 02:01:46 =====
gpu 0, 14646 MiB, 54 %
gpu 1, 14002 MiB, 93 %
k3_r100_09       step 200000  auc 0.999517 rep_w 1.0   score  40k=1.3495 100k=1.3395 200k=1.3910
k32_r100_09      step 40000   auc 0.773158 rep_w 1.0   score  40k=1.4629
k32_r200_08      step 28500   auc 0.534748 rep_w 1.0   score  - COLLAPSED
k3_r100_09_dec   step 40000   auc 0.997382 rep_w 0.0   score  40k=1.3236
k32_r100_09_dec  step 19100   auc 0.501426 rep_w 0.0   score  - COLLAPSED
k8_r100_09       step 40000   auc 0.730208 rep_w 1.0   score  40k=1.4537
k3_r100_09b      step 40000   auc 0.998191 rep_w 1.0   score  40k=1.2927
k3_r100_09_lr33  step 40000   auc 0.997974 rep_w 1.0   score  40k=1.2483
k3_r100_09_lr17  step 40000   auc 0.998509 rep_w 1.0   score  40k=1.2612
k3_r100_09_lr56  step 200000  auc 0.999432 rep_w 1.0   score  40k=1.1820 100k=1.3170 200k=1.3189
k32_r100_09_lr56 step 40000   auc 0.730161 rep_w 1.0   score  40k=1.4404
k3_r100_09_mean  step 27400   auc 0.535472 rep_w 1.0   score  - COLLAPSED
k3_r100_09b_lr56 step 40000   auc 0.99887  rep_w 1.0   score  40k=1.2469
k32_r100_09_sum  step 16000   auc 0.986387 rep_w 1.0   score  -
k3_r100_09_lr45  step 39300   auc 0.997579 rep_w 1.0   score  -
k3_r100_09_lr70  step -       auc -        rep_w -     score  -
lanes 2   trainers 2   heads 0   evals 0
===== 2026-09-09 02:18:23 =====
gpu 0, 9466 MiB, 99 %
gpu 1, 14002 MiB, 80 %
k3_r100_09       step 200000  auc 0.999517 rep_w 1.0   score  40k=1.3495 100k=1.3395 200k=1.3910
k32_r100_09      step 40000   auc 0.773158 rep_w 1.0   score  40k=1.4629
k32_r200_08      step 28500   auc 0.534748 rep_w 1.0   score  - COLLAPSED
k3_r100_09_dec   step 40000   auc 0.997382 rep_w 0.0   score  40k=1.3236
k32_r100_09_dec  step 19100   auc 0.501426 rep_w 0.0   score  - COLLAPSED
k8_r100_09       step 40000   auc 0.730208 rep_w 1.0   score  40k=1.4537
k3_r100_09b      step 40000   auc 0.998191 rep_w 1.0   score  40k=1.2927
k3_r100_09_lr33  step 40000   auc 0.997974 rep_w 1.0   score  40k=1.2483
k3_r100_09_lr17  step 40000   auc 0.998509 rep_w 1.0   score  40k=1.2612
k3_r100_09_lr56  step 200000  auc 0.999432 rep_w 1.0   score  40k=1.1820 100k=1.3170 200k=1.3189
k32_r100_09_lr56 step 40000   auc 0.730161 rep_w 1.0   score  40k=1.4404
k3_r100_09_mean  step 27400   auc 0.535472 rep_w 1.0   score  - COLLAPSED
k3_r100_09b_lr56 step 40000   auc 0.99887  rep_w 1.0   score  40k=1.2469
k32_r100_09_sum  step 16900   auc 0.988566 rep_w 1.0   score  -
k3_r100_09_lr45  step 40000   auc 0.997576 rep_w 1.0   score  -
k3_r100_09_lr70  step 300     auc 0.99409  rep_w 1.0   score  -
lanes 2   trainers 2   heads 1   evals 0
===== 2026-09-09 02:35:00 =====
gpu 0, 9466 MiB, 90 %
gpu 1, 14002 MiB, 46 %
k3_r100_09       step 200000  auc 0.999517 rep_w 1.0   score  40k=1.3495 100k=1.3395 200k=1.3910
k32_r100_09      step 40000   auc 0.773158 rep_w 1.0   score  40k=1.4629
k32_r200_08      step 28500   auc 0.534748 rep_w 1.0   score  - COLLAPSED
k3_r100_09_dec   step 40000   auc 0.997382 rep_w 0.0   score  40k=1.3236
k32_r100_09_dec  step 19100   auc 0.501426 rep_w 0.0   score  - COLLAPSED
k8_r100_09       step 40000   auc 0.730208 rep_w 1.0   score  40k=1.4537
k3_r100_09b      step 40000   auc 0.998191 rep_w 1.0   score  40k=1.2927
k3_r100_09_lr33  step 40000   auc 0.997974 rep_w 1.0   score  40k=1.2483
k3_r100_09_lr17  step 40000   auc 0.998509 rep_w 1.0   score  40k=1.2612
k3_r100_09_lr56  step 200000  auc 0.999432 rep_w 1.0   score  40k=1.1820 100k=1.3170 200k=1.3189
k32_r100_09_lr56 step 40000   auc 0.730161 rep_w 1.0   score  40k=1.4404
k3_r100_09_mean  step 27400   auc 0.535472 rep_w 1.0   score  - COLLAPSED
k3_r100_09b_lr56 step 40000   auc 0.99887  rep_w 1.0   score  40k=1.2469
k32_r100_09_sum  step 18100   auc 0.987377 rep_w 1.0   score  -
k3_r100_09_lr45  step 40000   auc 0.997576 rep_w 1.0   score  -
k3_r100_09_lr70  step 2800    auc 0.995546 rep_w 1.0   score  -
lanes 2   trainers 2   heads 1   evals 0
===== 2026-09-09 02:51:39 =====
gpu 0, 9466 MiB, 100 %
gpu 1, 14002 MiB, 70 %
k3_r100_09       step 200000  auc 0.999517 rep_w 1.0   score  40k=1.3495 100k=1.3395 200k=1.3910
k32_r100_09      step 40000   auc 0.773158 rep_w 1.0   score  40k=1.4629
k32_r200_08      step 28500   auc 0.534748 rep_w 1.0   score  - COLLAPSED
k3_r100_09_dec   step 40000   auc 0.997382 rep_w 0.0   score  40k=1.3236
k32_r100_09_dec  step 19100   auc 0.501426 rep_w 0.0   score  - COLLAPSED
k8_r100_09       step 40000   auc 0.730208 rep_w 1.0   score  40k=1.4537
k3_r100_09b      step 40000   auc 0.998191 rep_w 1.0   score  40k=1.2927
k3_r100_09_lr33  step 40000   auc 0.997974 rep_w 1.0   score  40k=1.2483
k3_r100_09_lr17  step 40000   auc 0.998509 rep_w 1.0   score  40k=1.2612
k3_r100_09_lr56  step 200000  auc 0.999432 rep_w 1.0   score  40k=1.1820 100k=1.3170 200k=1.3189
k32_r100_09_lr56 step 40000   auc 0.730161 rep_w 1.0   score  40k=1.4404
k3_r100_09_mean  step 27400   auc 0.535472 rep_w 1.0   score  - COLLAPSED
k3_r100_09b_lr56 step 40000   auc 0.99887  rep_w 1.0   score  40k=1.2469
k32_r100_09_sum  step 19400   auc 0.990383 rep_w 1.0   score  -
k3_r100_09_lr45  step 40000   auc 0.997576 rep_w 1.0   score  -
k3_r100_09_lr70  step 4700    auc 0.992102 rep_w 1.0   score  -
lanes 2   trainers 2   heads 1   evals 0
===== 2026-09-09 03:08:16 =====
gpu 0, 9466 MiB, 75 %
gpu 1, 10306 MiB, 89 %
k3_r100_09       step 200000  auc 0.999517 rep_w 1.0   score  40k=1.3495 100k=1.3395 200k=1.3910
k32_r100_09      step 40000   auc 0.773158 rep_w 1.0   score  40k=1.4629
k32_r200_08      step 28500   auc 0.534748 rep_w 1.0   score  - COLLAPSED
k3_r100_09_dec   step 40000   auc 0.997382 rep_w 0.0   score  40k=1.3236
k32_r100_09_dec  step 19100   auc 0.501426 rep_w 0.0   score  - COLLAPSED
k8_r100_09       step 40000   auc 0.730208 rep_w 1.0   score  40k=1.4537
k3_r100_09b      step 40000   auc 0.998191 rep_w 1.0   score  40k=1.2927
k3_r100_09_lr33  step 40000   auc 0.997974 rep_w 1.0   score  40k=1.2483
k3_r100_09_lr17  step 40000   auc 0.998509 rep_w 1.0   score  40k=1.2612
k3_r100_09_lr56  step 200000  auc 0.999432 rep_w 1.0   score  40k=1.1820 100k=1.3170 200k=1.3189
k32_r100_09_lr56 step 40000   auc 0.730161 rep_w 1.0   score  40k=1.4404
k3_r100_09_mean  step 27400   auc 0.535472 rep_w 1.0   score  - COLLAPSED
k3_r100_09b_lr56 step 40000   auc 0.99887  rep_w 1.0   score  40k=1.2469
k32_r100_09_sum  step 20600   auc 0.99242  rep_w 1.0   score  -
k3_r100_09_lr45  step 40000   auc 0.997576 rep_w 1.0   score  -
k3_r100_09_lr70  step 7200    auc 0.992065 rep_w 1.0   score  -
lanes 2   trainers 2   heads 1   evals 0
===== 2026-09-09 03:24:55 =====
gpu 0, 9224 MiB, 97 %
gpu 1, 9116 MiB, 71 %
k3_r100_09       step 200000  auc 0.999517 rep_w 1.0   score  40k=1.3495 100k=1.3395 200k=1.3910
k32_r100_09      step 40000   auc 0.773158 rep_w 1.0   score  40k=1.4629
k32_r200_08      step 28500   auc 0.534748 rep_w 1.0   score  - COLLAPSED
k3_r100_09_dec   step 40000   auc 0.997382 rep_w 0.0   score  40k=1.3236
k32_r100_09_dec  step 19100   auc 0.501426 rep_w 0.0   score  - COLLAPSED
k8_r100_09       step 40000   auc 0.730208 rep_w 1.0   score  40k=1.4537
k3_r100_09b      step 40000   auc 0.998191 rep_w 1.0   score  40k=1.2927
k3_r100_09_lr33  step 40000   auc 0.997974 rep_w 1.0   score  40k=1.2483
k3_r100_09_lr17  step 40000   auc 0.998509 rep_w 1.0   score  40k=1.2612
k3_r100_09_lr56  step 200000  auc 0.999432 rep_w 1.0   score  40k=1.1820 100k=1.3170 200k=1.3189
k32_r100_09_lr56 step 40000   auc 0.730161 rep_w 1.0   score  40k=1.4404
k3_r100_09_mean  step 27400   auc 0.535472 rep_w 1.0   score  - COLLAPSED
k3_r100_09b_lr56 step 40000   auc 0.99887  rep_w 1.0   score  40k=1.2469
k32_r100_09_sum  step 21800   auc 0.993959 rep_w 1.0   score  -
k3_r100_09_lr45  step 40000   auc 0.997576 rep_w 1.0   score  -
k3_r100_09_lr70  step 9800    auc 0.995432 rep_w 1.0   score  -
lanes 2   trainers 2   heads 1   evals 0
===== 2026-09-09 03:41:41 =====
gpu 0, 9224 MiB, 65 %
gpu 1, 9116 MiB, 79 %
k3_r100_09       step 200000  auc 0.999517 rep_w 1.0   score  40k=1.3495 100k=1.3395 200k=1.3910
k32_r100_09      step 40000   auc 0.773158 rep_w 1.0   score  40k=1.4629
k32_r200_08      step 28500   auc 0.534748 rep_w 1.0   score  - COLLAPSED
k3_r100_09_dec   step 40000   auc 0.997382 rep_w 0.0   score  40k=1.3236
k32_r100_09_dec  step 19100   auc 0.501426 rep_w 0.0   score  - COLLAPSED
k8_r100_09       step 40000   auc 0.730208 rep_w 1.0   score  40k=1.4537
k3_r100_09b      step 40000   auc 0.998191 rep_w 1.0   score  40k=1.2927
k3_r100_09_lr33  step 40000   auc 0.997974 rep_w 1.0   score  40k=1.2483
k3_r100_09_lr17  step 40000   auc 0.998509 rep_w 1.0   score  40k=1.2612
k3_r100_09_lr56  step 200000  auc 0.999432 rep_w 1.0   score  40k=1.1820 100k=1.3170 200k=1.3189
k32_r100_09_lr56 step 40000   auc 0.730161 rep_w 1.0   score  40k=1.4404
k3_r100_09_mean  step 27400   auc 0.535472 rep_w 1.0   score  - COLLAPSED
k3_r100_09b_lr56 step 40000   auc 0.99887  rep_w 1.0   score  40k=1.2469
k32_r100_09_sum  step 22900   auc 0.993704 rep_w 1.0   score  -
k3_r100_09_lr45  step 40000   auc 0.997576 rep_w 1.0   score  -
k3_r100_09_lr70  step 12100   auc 0.995162 rep_w 1.0   score  -
lanes 2   trainers 2   heads 1   evals 0
===== 2026-09-09 03:58:25 =====
gpu 0, 15480 MiB, 0 %
gpu 1, 9116 MiB, 57 %
k3_r100_09       step 200000  auc 0.999517 rep_w 1.0   score  40k=1.3495 100k=1.3395 200k=1.3910
k32_r100_09      step 40000   auc 0.773158 rep_w 1.0   score  40k=1.4629
k32_r200_08      step 28500   auc 0.534748 rep_w 1.0   score  - COLLAPSED
k3_r100_09_dec   step 40000   auc 0.997382 rep_w 0.0   score  40k=1.3236
k32_r100_09_dec  step 19100   auc 0.501426 rep_w 0.0   score  - COLLAPSED
k8_r100_09       step 40000   auc 0.730208 rep_w 1.0   score  40k=1.4537
k3_r100_09b      step 40000   auc 0.998191 rep_w 1.0   score  40k=1.2927
k3_r100_09_lr33  step 40000   auc 0.997974 rep_w 1.0   score  40k=1.2483
k3_r100_09_lr17  step 40000   auc 0.998509 rep_w 1.0   score  40k=1.2612
k3_r100_09_lr56  step 200000  auc 0.999432 rep_w 1.0   score  40k=1.1820 100k=1.3170 200k=1.3189
k32_r100_09_lr56 step 40000   auc 0.730161 rep_w 1.0   score  40k=1.4404
k3_r100_09_mean  step 27400   auc 0.535472 rep_w 1.0   score  - COLLAPSED
k3_r100_09b_lr56 step 40000   auc 0.99887  rep_w 1.0   score  40k=1.2469
k32_r100_09_sum  step 23900   auc 0.992979 rep_w 1.0   score  -
k3_r100_09_lr45  step 40000   auc 0.997576 rep_w 1.0   score  -
k3_r100_09_lr70  step 13100   auc 0.994958 rep_w 1.0   score  -
lanes 2   trainers 2   heads 0   evals 4
===== 2026-09-09 04:15:23 =====
gpu 0, 15480 MiB, 69 %
gpu 1, 9116 MiB, 75 %
k3_r100_09       step 200000  auc 0.999517 rep_w 1.0   score  40k=1.3495 100k=1.3395 200k=1.3910
k32_r100_09      step 40000   auc 0.773158 rep_w 1.0   score  40k=1.4629
k32_r200_08      step 28500   auc 0.534748 rep_w 1.0   score  - COLLAPSED
k3_r100_09_dec   step 40000   auc 0.997382 rep_w 0.0   score  40k=1.3236
k32_r100_09_dec  step 19100   auc 0.501426 rep_w 0.0   score  - COLLAPSED
k8_r100_09       step 40000   auc 0.730208 rep_w 1.0   score  40k=1.4537
k3_r100_09b      step 40000   auc 0.998191 rep_w 1.0   score  40k=1.2927
k3_r100_09_lr33  step 40000   auc 0.997974 rep_w 1.0   score  40k=1.2483
k3_r100_09_lr17  step 40000   auc 0.998509 rep_w 1.0   score  40k=1.2612
k3_r100_09_lr56  step 200000  auc 0.999432 rep_w 1.0   score  40k=1.1820 100k=1.3170 200k=1.3189
k32_r100_09_lr56 step 40000   auc 0.730161 rep_w 1.0   score  40k=1.4404
k3_r100_09_mean  step 27400   auc 0.535472 rep_w 1.0   score  - COLLAPSED
k3_r100_09b_lr56 step 40000   auc 0.99887  rep_w 1.0   score  40k=1.2469
k32_r100_09_sum  step 24800   auc 0.993226 rep_w 1.0   score  -
k3_r100_09_lr45  step 40000   auc 0.997576 rep_w 1.0   score  -
k3_r100_09_lr70  step 15300   auc 0.997309 rep_w 1.0   score  -
lanes 2   trainers 2   heads 0   evals 4
===== 2026-09-09 04:32:22 =====
gpu 0, 15480 MiB, 49 %
gpu 1, 9116 MiB, 43 %
k3_r100_09       step 200000  auc 0.999517 rep_w 1.0   score  40k=1.3495 100k=1.3395 200k=1.3910
k32_r100_09      step 40000   auc 0.773158 rep_w 1.0   score  40k=1.4629
k32_r200_08      step 28500   auc 0.534748 rep_w 1.0   score  - COLLAPSED
k3_r100_09_dec   step 40000   auc 0.997382 rep_w 0.0   score  40k=1.3236
k32_r100_09_dec  step 19100   auc 0.501426 rep_w 0.0   score  - COLLAPSED
k8_r100_09       step 40000   auc 0.730208 rep_w 1.0   score  40k=1.4537
k3_r100_09b      step 40000   auc 0.998191 rep_w 1.0   score  40k=1.2927
k3_r100_09_lr33  step 40000   auc 0.997974 rep_w 1.0   score  40k=1.2483
k3_r100_09_lr17  step 40000   auc 0.998509 rep_w 1.0   score  40k=1.2612
k3_r100_09_lr56  step 200000  auc 0.999432 rep_w 1.0   score  40k=1.1820 100k=1.3170 200k=1.3189
k32_r100_09_lr56 step 40000   auc 0.730161 rep_w 1.0   score  40k=1.4404
k3_r100_09_mean  step 27400   auc 0.535472 rep_w 1.0   score  - COLLAPSED
k3_r100_09b_lr56 step 40000   auc 0.99887  rep_w 1.0   score  40k=1.2469
k32_r100_09_sum  step 25700   auc 0.991873 rep_w 1.0   score  -
k3_r100_09_lr45  step 40000   auc 0.997576 rep_w 1.0   score  -
k3_r100_09_lr70  step 17600   auc 0.997469 rep_w 1.0   score  -
lanes 2   trainers 2   heads 0   evals 4
===== 2026-09-09 04:49:23 =====
gpu 0, 15480 MiB, 63 %
gpu 1, 9116 MiB, 60 %
k3_r100_09       step 200000  auc 0.999517 rep_w 1.0   score  40k=1.3495 100k=1.3395 200k=1.3910
k32_r100_09      step 40000   auc 0.773158 rep_w 1.0   score  40k=1.4629
k32_r200_08      step 28500   auc 0.534748 rep_w 1.0   score  - COLLAPSED
k3_r100_09_dec   step 40000   auc 0.997382 rep_w 0.0   score  40k=1.3236
k32_r100_09_dec  step 19100   auc 0.501426 rep_w 0.0   score  - COLLAPSED
k8_r100_09       step 40000   auc 0.730208 rep_w 1.0   score  40k=1.4537
k3_r100_09b      step 40000   auc 0.998191 rep_w 1.0   score  40k=1.2927
k3_r100_09_lr33  step 40000   auc 0.997974 rep_w 1.0   score  40k=1.2483
k3_r100_09_lr17  step 40000   auc 0.998509 rep_w 1.0   score  40k=1.2612
k3_r100_09_lr56  step 200000  auc 0.999432 rep_w 1.0   score  40k=1.1820 100k=1.3170 200k=1.3189
k32_r100_09_lr56 step 40000   auc 0.730161 rep_w 1.0   score  40k=1.4404
k3_r100_09_mean  step 27400   auc 0.535472 rep_w 1.0   score  - COLLAPSED
k3_r100_09b_lr56 step 40000   auc 0.99887  rep_w 1.0   score  40k=1.2469
k32_r100_09_sum  step 26600   auc 0.991181 rep_w 1.0   score  -
k3_r100_09_lr45  step 40000   auc 0.997576 rep_w 1.0   score  -
k3_r100_09_lr70  step 19900   auc 0.997751 rep_w 1.0   score  -
lanes 2   trainers 2   heads 0   evals 4
===== 2026-09-09 05:06:23 =====
gpu 0, 14404 MiB, 59 %
gpu 1, 9116 MiB, 72 %
k3_r100_09       step 200000  auc 0.999517 rep_w 1.0   score  40k=1.3495 100k=1.3395 200k=1.3910
k32_r100_09      step 40000   auc 0.773158 rep_w 1.0   score  40k=1.4629
k32_r200_08      step 28500   auc 0.534748 rep_w 1.0   score  - COLLAPSED
k3_r100_09_dec   step 40000   auc 0.997382 rep_w 0.0   score  40k=1.3236
k32_r100_09_dec  step 19100   auc 0.501426 rep_w 0.0   score  - COLLAPSED
k8_r100_09       step 40000   auc 0.730208 rep_w 1.0   score  40k=1.4537
k3_r100_09b      step 40000   auc 0.998191 rep_w 1.0   score  40k=1.2927
k3_r100_09_lr33  step 40000   auc 0.997974 rep_w 1.0   score  40k=1.2483
k3_r100_09_lr17  step 40000   auc 0.998509 rep_w 1.0   score  40k=1.2612
k3_r100_09_lr56  step 200000  auc 0.999432 rep_w 1.0   score  40k=1.1820 100k=1.3170 200k=1.3189
k32_r100_09_lr56 step 40000   auc 0.730161 rep_w 1.0   score  40k=1.4404
k3_r100_09_mean  step 27400   auc 0.535472 rep_w 1.0   score  - COLLAPSED
k3_r100_09b_lr56 step 40000   auc 0.99887  rep_w 1.0   score  40k=1.2469
k32_r100_09_sum  step 27500   auc 0.988878 rep_w 1.0   score  -
k3_r100_09_lr45  step 40000   auc 0.997576 rep_w 1.0   score  -
k3_r100_09_lr70  step 22200   auc 0.998218 rep_w 1.0   score  -
lanes 2   trainers 2   heads 0   evals 4
===== 2026-09-09 05:23:24 =====
gpu 0, 14404 MiB, 74 %
gpu 1, 9116 MiB, 80 %
k3_r100_09       step 200000  auc 0.999517 rep_w 1.0   score  40k=1.3495 100k=1.3395 200k=1.3910
k32_r100_09      step 40000   auc 0.773158 rep_w 1.0   score  40k=1.4629
k32_r200_08      step 28500   auc 0.534748 rep_w 1.0   score  - COLLAPSED
k3_r100_09_dec   step 40000   auc 0.997382 rep_w 0.0   score  40k=1.3236
k32_r100_09_dec  step 19100   auc 0.501426 rep_w 0.0   score  - COLLAPSED
k8_r100_09       step 40000   auc 0.730208 rep_w 1.0   score  40k=1.4537
k3_r100_09b      step 40000   auc 0.998191 rep_w 1.0   score  40k=1.2927
k3_r100_09_lr33  step 40000   auc 0.997974 rep_w 1.0   score  40k=1.2483
k3_r100_09_lr17  step 40000   auc 0.998509 rep_w 1.0   score  40k=1.2612
k3_r100_09_lr56  step 200000  auc 0.999432 rep_w 1.0   score  40k=1.1820 100k=1.3170 200k=1.3189
k32_r100_09_lr56 step 40000   auc 0.730161 rep_w 1.0   score  40k=1.4404
k3_r100_09_mean  step 27400   auc 0.535472 rep_w 1.0   score  - COLLAPSED
k3_r100_09b_lr56 step 40000   auc 0.99887  rep_w 1.0   score  40k=1.2469
k32_r100_09_sum  step 28500   auc 0.990942 rep_w 1.0   score  -
k3_r100_09_lr45  step 40000   auc 0.997576 rep_w 1.0   score  -
k3_r100_09_lr70  step 24500   auc 0.998361 rep_w 1.0   score  -
lanes 2   trainers 2   heads 0   evals 4
===== 2026-09-09 05:40:24 =====
gpu 0, 14404 MiB, 48 %
gpu 1, 9116 MiB, 64 %
k3_r100_09       step 200000  auc 0.999517 rep_w 1.0   score  40k=1.3495 100k=1.3395 200k=1.3910
k32_r100_09      step 40000   auc 0.773158 rep_w 1.0   score  40k=1.4629
k32_r200_08      step 28500   auc 0.534748 rep_w 1.0   score  - COLLAPSED
k3_r100_09_dec   step 40000   auc 0.997382 rep_w 0.0   score  40k=1.3236
k32_r100_09_dec  step 19100   auc 0.501426 rep_w 0.0   score  - COLLAPSED
k8_r100_09       step 40000   auc 0.730208 rep_w 1.0   score  40k=1.4537
k3_r100_09b      step 40000   auc 0.998191 rep_w 1.0   score  40k=1.2927
k3_r100_09_lr33  step 40000   auc 0.997974 rep_w 1.0   score  40k=1.2483
k3_r100_09_lr17  step 40000   auc 0.998509 rep_w 1.0   score  40k=1.2612
k3_r100_09_lr56  step 200000  auc 0.999432 rep_w 1.0   score  40k=1.1820 100k=1.3170 200k=1.3189
k32_r100_09_lr56 step 40000   auc 0.730161 rep_w 1.0   score  40k=1.4404
k3_r100_09_mean  step 27400   auc 0.535472 rep_w 1.0   score  - COLLAPSED
k3_r100_09b_lr56 step 40000   auc 0.99887  rep_w 1.0   score  40k=1.2469
k32_r100_09_sum  step 29400   auc 0.990687 rep_w 1.0   score  -
k3_r100_09_lr45  step 40000   auc 0.997576 rep_w 1.0   score  -
k3_r100_09_lr70  step 26700   auc 0.998453 rep_w 1.0   score  -
lanes 2   trainers 2   heads 0   evals 4
===== 2026-09-09 05:57:26 =====
gpu 0, 14404 MiB, 67 %
gpu 1, 9116 MiB, 80 %
k3_r100_09       step 200000  auc 0.999517 rep_w 1.0   score  40k=1.3495 100k=1.3395 200k=1.3910
k32_r100_09      step 40000   auc 0.773158 rep_w 1.0   score  40k=1.4629
k32_r200_08      step 28500   auc 0.534748 rep_w 1.0   score  - COLLAPSED
k3_r100_09_dec   step 40000   auc 0.997382 rep_w 0.0   score  40k=1.3236
k32_r100_09_dec  step 19100   auc 0.501426 rep_w 0.0   score  - COLLAPSED
k8_r100_09       step 40000   auc 0.730208 rep_w 1.0   score  40k=1.4537
k3_r100_09b      step 40000   auc 0.998191 rep_w 1.0   score  40k=1.2927
k3_r100_09_lr33  step 40000   auc 0.997974 rep_w 1.0   score  40k=1.2483
k3_r100_09_lr17  step 40000   auc 0.998509 rep_w 1.0   score  40k=1.2612
k3_r100_09_lr56  step 200000  auc 0.999432 rep_w 1.0   score  40k=1.1820 100k=1.3170 200k=1.3189
k32_r100_09_lr56 step 40000   auc 0.730161 rep_w 1.0   score  40k=1.4404
k3_r100_09_mean  step 27400   auc 0.535472 rep_w 1.0   score  - COLLAPSED
k3_r100_09b_lr56 step 40000   auc 0.99887  rep_w 1.0   score  40k=1.2469
k32_r100_09_sum  step 30300   auc 0.991935 rep_w 1.0   score  -
k3_r100_09_lr45  step 40000   auc 0.997576 rep_w 1.0   score  -
k3_r100_09_lr70  step 29000   auc 0.99841  rep_w 1.0   score  -
lanes 2   trainers 2   heads 0   evals 4
===== 2026-09-09 06:14:28 =====
gpu 0, 14404 MiB, 76 %
gpu 1, 9116 MiB, 72 %
k3_r100_09       step 200000  auc 0.999517 rep_w 1.0   score  40k=1.3495 100k=1.3395 200k=1.3910
k32_r100_09      step 40000   auc 0.773158 rep_w 1.0   score  40k=1.4629
k32_r200_08      step 28500   auc 0.534748 rep_w 1.0   score  - COLLAPSED
k3_r100_09_dec   step 40000   auc 0.997382 rep_w 0.0   score  40k=1.3236
k32_r100_09_dec  step 19100   auc 0.501426 rep_w 0.0   score  - COLLAPSED
k8_r100_09       step 40000   auc 0.730208 rep_w 1.0   score  40k=1.4537
k3_r100_09b      step 40000   auc 0.998191 rep_w 1.0   score  40k=1.2927
k3_r100_09_lr33  step 40000   auc 0.997974 rep_w 1.0   score  40k=1.2483
k3_r100_09_lr17  step 40000   auc 0.998509 rep_w 1.0   score  40k=1.2612
k3_r100_09_lr56  step 200000  auc 0.999432 rep_w 1.0   score  40k=1.1820 100k=1.3170 200k=1.3189
k32_r100_09_lr56 step 40000   auc 0.730161 rep_w 1.0   score  40k=1.4404
k3_r100_09_mean  step 27400   auc 0.535472 rep_w 1.0   score  - COLLAPSED
k3_r100_09b_lr56 step 40000   auc 0.99887  rep_w 1.0   score  40k=1.2469
k32_r100_09_sum  step 31000   auc 0.992266 rep_w 1.0   score  -
k3_r100_09_lr45  step 40000   auc 0.997576 rep_w 1.0   score  -
k3_r100_09_lr70  step 31300   auc 0.998832 rep_w 1.0   score  -
lanes 2   trainers 2   heads 0   evals 4
===== 2026-09-09 06:31:29 =====
gpu 0, 14404 MiB, 73 %
gpu 1, 9116 MiB, 56 %
k3_r100_09       step 200000  auc 0.999517 rep_w 1.0   score  40k=1.3495 100k=1.3395 200k=1.3910
k32_r100_09      step 40000   auc 0.773158 rep_w 1.0   score  40k=1.4629
k32_r200_08      step 28500   auc 0.534748 rep_w 1.0   score  - COLLAPSED
k3_r100_09_dec   step 40000   auc 0.997382 rep_w 0.0   score  40k=1.3236
k32_r100_09_dec  step 19100   auc 0.501426 rep_w 0.0   score  - COLLAPSED
k8_r100_09       step 40000   auc 0.730208 rep_w 1.0   score  40k=1.4537
k3_r100_09b      step 40000   auc 0.998191 rep_w 1.0   score  40k=1.2927
k3_r100_09_lr33  step 40000   auc 0.997974 rep_w 1.0   score  40k=1.2483
k3_r100_09_lr17  step 40000   auc 0.998509 rep_w 1.0   score  40k=1.2612
k3_r100_09_lr56  step 200000  auc 0.999432 rep_w 1.0   score  40k=1.1820 100k=1.3170 200k=1.3189
k32_r100_09_lr56 step 40000   auc 0.730161 rep_w 1.0   score  40k=1.4404
k3_r100_09_mean  step 27400   auc 0.535472 rep_w 1.0   score  - COLLAPSED
k3_r100_09b_lr56 step 40000   auc 0.99887  rep_w 1.0   score  40k=1.2469
k32_r100_09_sum  step 31900   auc 0.990784 rep_w 1.0   score  -
k3_r100_09_lr45  step 40000   auc 0.997576 rep_w 1.0   score  -
k3_r100_09_lr70  step 33600   auc 0.998744 rep_w 1.0   score  -
lanes 2   trainers 2   heads 0   evals 4
===== 2026-09-09 06:48:29 =====
gpu 0, 14404 MiB, 56 %
gpu 1, 9116 MiB, 71 %
k3_r100_09       step 200000  auc 0.999517 rep_w 1.0   score  40k=1.3495 100k=1.3395 200k=1.3910
k32_r100_09      step 40000   auc 0.773158 rep_w 1.0   score  40k=1.4629
k32_r200_08      step 28500   auc 0.534748 rep_w 1.0   score  - COLLAPSED
k3_r100_09_dec   step 40000   auc 0.997382 rep_w 0.0   score  40k=1.3236
k32_r100_09_dec  step 19100   auc 0.501426 rep_w 0.0   score  - COLLAPSED
k8_r100_09       step 40000   auc 0.730208 rep_w 1.0   score  40k=1.4537
k3_r100_09b      step 40000   auc 0.998191 rep_w 1.0   score  40k=1.2927
k3_r100_09_lr33  step 40000   auc 0.997974 rep_w 1.0   score  40k=1.2483
k3_r100_09_lr17  step 40000   auc 0.998509 rep_w 1.0   score  40k=1.2612
k3_r100_09_lr56  step 200000  auc 0.999432 rep_w 1.0   score  40k=1.1820 100k=1.3170 200k=1.3189
k32_r100_09_lr56 step 40000   auc 0.730161 rep_w 1.0   score  40k=1.4404
k3_r100_09_mean  step 27400   auc 0.535472 rep_w 1.0   score  - COLLAPSED
k3_r100_09b_lr56 step 40000   auc 0.99887  rep_w 1.0   score  40k=1.2469
k32_r100_09_sum  step 32900   auc 0.990631 rep_w 1.0   score  -
k3_r100_09_lr45  step 40000   auc 0.997576 rep_w 1.0   score  -
k3_r100_09_lr70  step 34900   auc 0.998681 rep_w 1.0   score  -
lanes 2   trainers 2   heads 0   evals 4
===== 2026-09-09 07:05:31 =====
gpu 0, 14404 MiB, 70 %
gpu 1, 9116 MiB, 56 %
k3_r100_09       step 200000  auc 0.999517 rep_w 1.0   score  40k=1.3495 100k=1.3395 200k=1.3910
k32_r100_09      step 40000   auc 0.773158 rep_w 1.0   score  40k=1.4629
k32_r200_08      step 28500   auc 0.534748 rep_w 1.0   score  - COLLAPSED
k3_r100_09_dec   step 40000   auc 0.997382 rep_w 0.0   score  40k=1.3236
k32_r100_09_dec  step 19100   auc 0.501426 rep_w 0.0   score  - COLLAPSED
k8_r100_09       step 40000   auc 0.730208 rep_w 1.0   score  40k=1.4537
k3_r100_09b      step 40000   auc 0.998191 rep_w 1.0   score  40k=1.2927
k3_r100_09_lr33  step 40000   auc 0.997974 rep_w 1.0   score  40k=1.2483
k3_r100_09_lr17  step 40000   auc 0.998509 rep_w 1.0   score  40k=1.2612
k3_r100_09_lr56  step 200000  auc 0.999432 rep_w 1.0   score  40k=1.1820 100k=1.3170 200k=1.3189
k32_r100_09_lr56 step 40000   auc 0.730161 rep_w 1.0   score  40k=1.4404
k3_r100_09_mean  step 27400   auc 0.535472 rep_w 1.0   score  - COLLAPSED
k3_r100_09b_lr56 step 40000   auc 0.99887  rep_w 1.0   score  40k=1.2469
k32_r100_09_sum  step 33800   auc 0.991651 rep_w 1.0   score  -
k3_r100_09_lr45  step 40000   auc 0.997576 rep_w 1.0   score  -
k3_r100_09_lr70  step 37100   auc 0.998703 rep_w 1.0   score  -
lanes 2   trainers 2   heads 0   evals 4
===== 2026-09-09 07:22:35 =====
gpu 0, 14404 MiB, 58 %
gpu 1, 9116 MiB, 78 %
k3_r100_09       step 200000  auc 0.999517 rep_w 1.0   score  40k=1.3495 100k=1.3395 200k=1.3910
k32_r100_09      step 40000   auc 0.773158 rep_w 1.0   score  40k=1.4629
k32_r200_08      step 28500   auc 0.534748 rep_w 1.0   score  - COLLAPSED
k3_r100_09_dec   step 40000   auc 0.997382 rep_w 0.0   score  40k=1.3236
k32_r100_09_dec  step 19100   auc 0.501426 rep_w 0.0   score  - COLLAPSED
k8_r100_09       step 40000   auc 0.730208 rep_w 1.0   score  40k=1.4537
k3_r100_09b      step 40000   auc 0.998191 rep_w 1.0   score  40k=1.2927
k3_r100_09_lr33  step 40000   auc 0.997974 rep_w 1.0   score  40k=1.2483
k3_r100_09_lr17  step 40000   auc 0.998509 rep_w 1.0   score  40k=1.2612
k3_r100_09_lr56  step 200000  auc 0.999432 rep_w 1.0   score  40k=1.1820 100k=1.3170 200k=1.3189
k32_r100_09_lr56 step 40000   auc 0.730161 rep_w 1.0   score  40k=1.4404
k3_r100_09_mean  step 27400   auc 0.535472 rep_w 1.0   score  - COLLAPSED
k3_r100_09b_lr56 step 40000   auc 0.99887  rep_w 1.0   score  40k=1.2469
k32_r100_09_sum  step 34700   auc 0.990096 rep_w 1.0   score  -
k3_r100_09_lr45  step 40000   auc 0.997576 rep_w 1.0   score  -
k3_r100_09_lr70  step 39400   auc 0.99901  rep_w 1.0   score  -
lanes 2   trainers 2   heads 0   evals 4
===== 2026-09-09 07:39:38 =====
gpu 0, 14644 MiB, 87 %
gpu 1, 9116 MiB, 64 %
k3_r100_09       step 200000  auc 0.999517 rep_w 1.0   score  40k=1.3495 100k=1.3395 200k=1.3910
k32_r100_09      step 40000   auc 0.773158 rep_w 1.0   score  40k=1.4629
k32_r200_08      step 28500   auc 0.534748 rep_w 1.0   score  - COLLAPSED
k3_r100_09_dec   step 40000   auc 0.997382 rep_w 0.0   score  40k=1.3236
k32_r100_09_dec  step 19100   auc 0.501426 rep_w 0.0   score  - COLLAPSED
k8_r100_09       step 40000   auc 0.730208 rep_w 1.0   score  40k=1.4537
k3_r100_09b      step 40000   auc 0.998191 rep_w 1.0   score  40k=1.2927
k3_r100_09_lr33  step 40000   auc 0.997974 rep_w 1.0   score  40k=1.2483
k3_r100_09_lr17  step 40000   auc 0.998509 rep_w 1.0   score  40k=1.2612
k3_r100_09_lr56  step 200000  auc 0.999432 rep_w 1.0   score  40k=1.1820 100k=1.3170 200k=1.3189
k32_r100_09_lr56 step 40000   auc 0.730161 rep_w 1.0   score  40k=1.4404
k3_r100_09_mean  step 27400   auc 0.535472 rep_w 1.0   score  - COLLAPSED
k3_r100_09b_lr56 step 40000   auc 0.99887  rep_w 1.0   score  40k=1.2469
k32_r100_09_sum  step 35600   auc 0.989556 rep_w 1.0   score  -
k3_r100_09_lr45  step 40000   auc 0.997576 rep_w 1.0   score  -
k3_r100_09_lr70  step 40000   auc 0.99832  rep_w 1.0   score  -
lanes 1   trainers 1   heads 1   evals 4
===== 2026-09-09 07:56:41 =====
gpu 0, 14644 MiB, 80 %
gpu 1, 9116 MiB, 82 %
k3_r100_09       step 200000  auc 0.999517 rep_w 1.0   score  40k=1.3495 100k=1.3395 200k=1.3910
k32_r100_09      step 40000   auc 0.773158 rep_w 1.0   score  40k=1.4629
k32_r200_08      step 28500   auc 0.534748 rep_w 1.0   score  - COLLAPSED
k3_r100_09_dec   step 40000   auc 0.997382 rep_w 0.0   score  40k=1.3236
k32_r100_09_dec  step 19100   auc 0.501426 rep_w 0.0   score  - COLLAPSED
k8_r100_09       step 40000   auc 0.730208 rep_w 1.0   score  40k=1.4537
k3_r100_09b      step 40000   auc 0.998191 rep_w 1.0   score  40k=1.2927
k3_r100_09_lr33  step 40000   auc 0.997974 rep_w 1.0   score  40k=1.2483
k3_r100_09_lr17  step 40000   auc 0.998509 rep_w 1.0   score  40k=1.2612
k3_r100_09_lr56  step 200000  auc 0.999432 rep_w 1.0   score  40k=1.1820 100k=1.3170 200k=1.3189
k32_r100_09_lr56 step 40000   auc 0.730161 rep_w 1.0   score  40k=1.4404
k3_r100_09_mean  step 27400   auc 0.535472 rep_w 1.0   score  - COLLAPSED
k3_r100_09b_lr56 step 40000   auc 0.99887  rep_w 1.0   score  40k=1.2469
k32_r100_09_sum  step 36600   auc 0.989096 rep_w 1.0   score  -
k3_r100_09_lr45  step 40000   auc 0.997576 rep_w 1.0   score  -
k3_r100_09_lr70  step 40000   auc 0.99832  rep_w 1.0   score  -
lanes 1   trainers 1   heads 1   evals 4
===== 2026-09-09 08:13:45 =====
gpu 0, 14644 MiB, 62 %
gpu 1, 9116 MiB, 77 %
k3_r100_09       step 200000  auc 0.999517 rep_w 1.0   score  40k=1.3495 100k=1.3395 200k=1.3910
k32_r100_09      step 40000   auc 0.773158 rep_w 1.0   score  40k=1.4629
k32_r200_08      step 28500   auc 0.534748 rep_w 1.0   score  - COLLAPSED
k3_r100_09_dec   step 40000   auc 0.997382 rep_w 0.0   score  40k=1.3236
k32_r100_09_dec  step 19100   auc 0.501426 rep_w 0.0   score  - COLLAPSED
k8_r100_09       step 40000   auc 0.730208 rep_w 1.0   score  40k=1.4537
k3_r100_09b      step 40000   auc 0.998191 rep_w 1.0   score  40k=1.2927
k3_r100_09_lr33  step 40000   auc 0.997974 rep_w 1.0   score  40k=1.2483
k3_r100_09_lr17  step 40000   auc 0.998509 rep_w 1.0   score  40k=1.2612
k3_r100_09_lr56  step 200000  auc 0.999432 rep_w 1.0   score  40k=1.1820 100k=1.3170 200k=1.3189
k32_r100_09_lr56 step 40000   auc 0.730161 rep_w 1.0   score  40k=1.4404
k3_r100_09_mean  step 27400   auc 0.535472 rep_w 1.0   score  - COLLAPSED
k3_r100_09b_lr56 step 40000   auc 0.99887  rep_w 1.0   score  40k=1.2469
k32_r100_09_sum  step 37500   auc 0.992352 rep_w 1.0   score  -
k3_r100_09_lr45  step 40000   auc 0.997576 rep_w 1.0   score  -
k3_r100_09_lr70  step 40000   auc 0.99832  rep_w 1.0   score  -
lanes 1   trainers 1   heads 1   evals 3
===== 2026-09-09 08:30:43 =====
gpu 0, 14644 MiB, 40 %
gpu 1, 9116 MiB, 93 %
k3_r100_09       step 200000  auc 0.999517 rep_w 1.0   score  40k=1.3495 100k=1.3395 200k=1.3910
k32_r100_09      step 40000   auc 0.773158 rep_w 1.0   score  40k=1.4629
k32_r200_08      step 28500   auc 0.534748 rep_w 1.0   score  - COLLAPSED
k3_r100_09_dec   step 40000   auc 0.997382 rep_w 0.0   score  40k=1.3236
k32_r100_09_dec  step 19100   auc 0.501426 rep_w 0.0   score  - COLLAPSED
k8_r100_09       step 40000   auc 0.730208 rep_w 1.0   score  40k=1.4537
k3_r100_09b      step 40000   auc 0.998191 rep_w 1.0   score  40k=1.2927
k3_r100_09_lr33  step 40000   auc 0.997974 rep_w 1.0   score  40k=1.2483
k3_r100_09_lr17  step 40000   auc 0.998509 rep_w 1.0   score  40k=1.2612
k3_r100_09_lr56  step 200000  auc 0.999432 rep_w 1.0   score  40k=1.1820 100k=1.3170 200k=1.3189
k32_r100_09_lr56 step 40000   auc 0.730161 rep_w 1.0   score  40k=1.4404
k3_r100_09_mean  step 27400   auc 0.535472 rep_w 1.0   score  - COLLAPSED
k3_r100_09b_lr56 step 40000   auc 0.99887  rep_w 1.0   score  40k=1.2469
k32_r100_09_sum  step 38500   auc 0.993136 rep_w 1.0   score  -
k3_r100_09_lr45  step 40000   auc 0.997576 rep_w 1.0   score  -
k3_r100_09_lr70  step 40000   auc 0.99832  rep_w 1.0   score  -
lanes 1   trainers 1   heads 1   evals 1
===== 2026-09-09 08:47:33 =====
gpu 0, 14644 MiB, 90 %
gpu 1, 9116 MiB, 91 %
k3_r100_09       step 200000  auc 0.999517 rep_w 1.0   score  40k=1.3495 100k=1.3395 200k=1.3910
k32_r100_09      step 40000   auc 0.773158 rep_w 1.0   score  40k=1.4629
k32_r200_08      step 28500   auc 0.534748 rep_w 1.0   score  - COLLAPSED
k3_r100_09_dec   step 40000   auc 0.997382 rep_w 0.0   score  40k=1.3236
k32_r100_09_dec  step 19100   auc 0.501426 rep_w 0.0   score  - COLLAPSED
k8_r100_09       step 40000   auc 0.730208 rep_w 1.0   score  40k=1.4537
k3_r100_09b      step 40000   auc 0.998191 rep_w 1.0   score  40k=1.2927
k3_r100_09_lr33  step 40000   auc 0.997974 rep_w 1.0   score  40k=1.2483
k3_r100_09_lr17  step 40000   auc 0.998509 rep_w 1.0   score  40k=1.2612
k3_r100_09_lr56  step 200000  auc 0.999432 rep_w 1.0   score  40k=1.1820 100k=1.3170 200k=1.3189
k32_r100_09_lr56 step 40000   auc 0.730161 rep_w 1.0   score  40k=1.4404
k3_r100_09_mean  step 27400   auc 0.535472 rep_w 1.0   score  - COLLAPSED
k3_r100_09b_lr56 step 40000   auc 0.99887  rep_w 1.0   score  40k=1.2469
k32_r100_09_sum  step 39700   auc 0.991321 rep_w 1.0   score  -
k3_r100_09_lr45  step 40000   auc 0.997576 rep_w 1.0   score  -
k3_r100_09_lr70  step 40000   auc 0.99832  rep_w 1.0   score  -
lanes 1   trainers 1   heads 1   evals 1
===== 2026-09-09 09:03:51 =====
gpu 0, 14644 MiB, 85 %
gpu 1, 19198 MiB, 81 %
k3_r100_09       step 200000  auc 0.999517 rep_w 1.0   score  40k=1.3495 100k=1.3395 200k=1.3910
k32_r100_09      step 40000   auc 0.773158 rep_w 1.0   score  40k=1.4629
k32_r200_08      step 28500   auc 0.534748 rep_w 1.0   score  - COLLAPSED
k3_r100_09_dec   step 40000   auc 0.997382 rep_w 0.0   score  40k=1.3236
k32_r100_09_dec  step 19100   auc 0.501426 rep_w 0.0   score  - COLLAPSED
k8_r100_09       step 40000   auc 0.730208 rep_w 1.0   score  40k=1.4537
k3_r100_09b      step 40000   auc 0.998191 rep_w 1.0   score  40k=1.2927
k3_r100_09_lr33  step 40000   auc 0.997974 rep_w 1.0   score  40k=1.2483
k3_r100_09_lr17  step 40000   auc 0.998509 rep_w 1.0   score  40k=1.2612
k3_r100_09_lr56  step 200000  auc 0.999432 rep_w 1.0   score  40k=1.1820 100k=1.3170 200k=1.3189
k32_r100_09_lr56 step 40000   auc 0.730161 rep_w 1.0   score  40k=1.4404
k3_r100_09_mean  step 27400   auc 0.535472 rep_w 1.0   score  - COLLAPSED
k3_r100_09b_lr56 step 40000   auc 0.99887  rep_w 1.0   score  40k=1.2469
k32_r100_09_sum  step 40000   auc 0.991624 rep_w 1.0   score  -
k3_r100_09_lr45  step 40000   auc 0.997576 rep_w 1.0   score  40k=1.2912
k3_r100_09_lr70  step 40000   auc 0.99832  rep_w 1.0   score  -
lanes 0   trainers 0   heads 1   evals 0
===== 2026-09-09 09:20:09 =====
gpu 0, 13784 MiB, 78 %
gpu 1, 19198 MiB, 79 %
k3_r100_09       step 200000  auc 0.999517 rep_w 1.0   score  40k=1.3495 100k=1.3395 200k=1.3910
k32_r100_09      step 40000   auc 0.773158 rep_w 1.0   score  40k=1.4629
k32_r200_08      step 28500   auc 0.534748 rep_w 1.0   score  - COLLAPSED
k3_r100_09_dec   step 40000   auc 0.997382 rep_w 0.0   score  40k=1.3236
k32_r100_09_dec  step 19100   auc 0.501426 rep_w 0.0   score  - COLLAPSED
k8_r100_09       step 40000   auc 0.730208 rep_w 1.0   score  40k=1.4537
k3_r100_09b      step 40000   auc 0.998191 rep_w 1.0   score  40k=1.2927
k3_r100_09_lr33  step 40000   auc 0.997974 rep_w 1.0   score  40k=1.2483
k3_r100_09_lr17  step 40000   auc 0.998509 rep_w 1.0   score  40k=1.2612
k3_r100_09_lr56  step 200000  auc 0.999432 rep_w 1.0   score  40k=1.1820 100k=1.3170 200k=1.3189
k32_r100_09_lr56 step 40000   auc 0.730161 rep_w 1.0   score  40k=1.4404
k3_r100_09_mean  step 27400   auc 0.535472 rep_w 1.0   score  - COLLAPSED
k3_r100_09b_lr56 step 40000   auc 0.99887  rep_w 1.0   score  40k=1.2469
k32_r100_09_sum  step 40000   auc 0.991624 rep_w 1.0   score  -
k3_r100_09_lr45  step 40000   auc 0.997576 rep_w 1.0   score  40k=1.2912
k3_r100_09_lr70  step 40000   auc 0.99832  rep_w 1.0   score  -
lanes 0   trainers 0   heads 1   evals 4
===== 2026-09-09 09:36:32 =====
gpu 0, 13784 MiB, 84 %
gpu 1, 19176 MiB, 77 %
k3_r100_09       step 200000  auc 0.999517 rep_w 1.0   score  40k=1.3495 100k=1.3395 200k=1.3910
k32_r100_09      step 40000   auc 0.773158 rep_w 1.0   score  40k=1.4629
k32_r200_08      step 28500   auc 0.534748 rep_w 1.0   score  - COLLAPSED
k3_r100_09_dec   step 40000   auc 0.997382 rep_w 0.0   score  40k=1.3236
k32_r100_09_dec  step 19100   auc 0.501426 rep_w 0.0   score  - COLLAPSED
k8_r100_09       step 40000   auc 0.730208 rep_w 1.0   score  40k=1.4537
k3_r100_09b      step 40000   auc 0.998191 rep_w 1.0   score  40k=1.2927
k3_r100_09_lr33  step 40000   auc 0.997974 rep_w 1.0   score  40k=1.2483
k3_r100_09_lr17  step 40000   auc 0.998509 rep_w 1.0   score  40k=1.2612
k3_r100_09_lr56  step 200000  auc 0.999432 rep_w 1.0   score  40k=1.1820 100k=1.3170 200k=1.3189
k32_r100_09_lr56 step 40000   auc 0.730161 rep_w 1.0   score  40k=1.4404
k3_r100_09_mean  step 27400   auc 0.535472 rep_w 1.0   score  - COLLAPSED
k3_r100_09b_lr56 step 40000   auc 0.99887  rep_w 1.0   score  40k=1.2469
k32_r100_09_sum  step 40000   auc 0.991624 rep_w 1.0   score  -
k3_r100_09_lr45  step 40000   auc 0.997576 rep_w 1.0   score  40k=1.2912
k3_r100_09_lr70  step 40000   auc 0.99832  rep_w 1.0   score  -
lanes 0   trainers 0   heads 1   evals 4
===== 2026-09-09 09:52:51 =====
gpu 0, 13784 MiB, 78 %
gpu 1, 19176 MiB, 66 %
k3_r100_09       step 200000  auc 0.999517 rep_w 1.0   score  40k=1.3495 100k=1.3395 200k=1.3910
k32_r100_09      step 40000   auc 0.773158 rep_w 1.0   score  40k=1.4629
k32_r200_08      step 28500   auc 0.534748 rep_w 1.0   score  - COLLAPSED
k3_r100_09_dec   step 40000   auc 0.997382 rep_w 0.0   score  40k=1.3236
k32_r100_09_dec  step 19100   auc 0.501426 rep_w 0.0   score  - COLLAPSED
k8_r100_09       step 40000   auc 0.730208 rep_w 1.0   score  40k=1.4537
k3_r100_09b      step 40000   auc 0.998191 rep_w 1.0   score  40k=1.2927
k3_r100_09_lr33  step 40000   auc 0.997974 rep_w 1.0   score  40k=1.2483
k3_r100_09_lr17  step 40000   auc 0.998509 rep_w 1.0   score  40k=1.2612
k3_r100_09_lr56  step 200000  auc 0.999432 rep_w 1.0   score  40k=1.1820 100k=1.3170 200k=1.3189
k32_r100_09_lr56 step 40000   auc 0.730161 rep_w 1.0   score  40k=1.4404
k3_r100_09_mean  step 27400   auc 0.535472 rep_w 1.0   score  - COLLAPSED
k3_r100_09b_lr56 step 40000   auc 0.99887  rep_w 1.0   score  40k=1.2469
k32_r100_09_sum  step 40000   auc 0.991624 rep_w 1.0   score  -
k3_r100_09_lr45  step 40000   auc 0.997576 rep_w 1.0   score  40k=1.2912
k3_r100_09_lr70  step 40000   auc 0.99832  rep_w 1.0   score  -
lanes 0   trainers 0   heads 1   evals 4
===== 2026-09-09 10:09:11 =====
gpu 0, 13784 MiB, 99 %
gpu 1, 18216 MiB, 87 %
k3_r100_09       step 200000  auc 0.999517 rep_w 1.0   score  40k=1.3495 100k=1.3395 200k=1.3910
k32_r100_09      step 40000   auc 0.773158 rep_w 1.0   score  40k=1.4629
k32_r200_08      step 28500   auc 0.534748 rep_w 1.0   score  - COLLAPSED
k3_r100_09_dec   step 40000   auc 0.997382 rep_w 0.0   score  40k=1.3236
k32_r100_09_dec  step 19100   auc 0.501426 rep_w 0.0   score  - COLLAPSED
k8_r100_09       step 40000   auc 0.730208 rep_w 1.0   score  40k=1.4537
k3_r100_09b      step 40000   auc 0.998191 rep_w 1.0   score  40k=1.2927
k3_r100_09_lr33  step 40000   auc 0.997974 rep_w 1.0   score  40k=1.2483
k3_r100_09_lr17  step 40000   auc 0.998509 rep_w 1.0   score  40k=1.2612
k3_r100_09_lr56  step 200000  auc 0.999432 rep_w 1.0   score  40k=1.1820 100k=1.3170 200k=1.3189
k32_r100_09_lr56 step 40000   auc 0.730161 rep_w 1.0   score  40k=1.4404
k3_r100_09_mean  step 27400   auc 0.535472 rep_w 1.0   score  - COLLAPSED
k3_r100_09b_lr56 step 40000   auc 0.99887  rep_w 1.0   score  40k=1.2469
k32_r100_09_sum  step 40000   auc 0.991624 rep_w 1.0   score  -
k3_r100_09_lr45  step 40000   auc 0.997576 rep_w 1.0   score  40k=1.2912
k3_r100_09_lr70  step 40000   auc 0.99832  rep_w 1.0   score  -
lanes 0   trainers 0   heads 1   evals 4
===== 2026-09-09 10:25:32 =====
gpu 0, 13784 MiB, 94 %
gpu 1, 18216 MiB, 79 %
k3_r100_09       step 200000  auc 0.999517 rep_w 1.0   score  40k=1.3495 100k=1.3395 200k=1.3910
k32_r100_09      step 40000   auc 0.773158 rep_w 1.0   score  40k=1.4629
k32_r200_08      step 28500   auc 0.534748 rep_w 1.0   score  - COLLAPSED
k3_r100_09_dec   step 40000   auc 0.997382 rep_w 0.0   score  40k=1.3236
k32_r100_09_dec  step 19100   auc 0.501426 rep_w 0.0   score  - COLLAPSED
k8_r100_09       step 40000   auc 0.730208 rep_w 1.0   score  40k=1.4537
k3_r100_09b      step 40000   auc 0.998191 rep_w 1.0   score  40k=1.2927
k3_r100_09_lr33  step 40000   auc 0.997974 rep_w 1.0   score  40k=1.2483
k3_r100_09_lr17  step 40000   auc 0.998509 rep_w 1.0   score  40k=1.2612
k3_r100_09_lr56  step 200000  auc 0.999432 rep_w 1.0   score  40k=1.1820 100k=1.3170 200k=1.3189
k32_r100_09_lr56 step 40000   auc 0.730161 rep_w 1.0   score  40k=1.4404
k3_r100_09_mean  step 27400   auc 0.535472 rep_w 1.0   score  - COLLAPSED
k3_r100_09b_lr56 step 40000   auc 0.99887  rep_w 1.0   score  40k=1.2469
k32_r100_09_sum  step 40000   auc 0.991624 rep_w 1.0   score  -
k3_r100_09_lr45  step 40000   auc 0.997576 rep_w 1.0   score  40k=1.2912
k3_r100_09_lr70  step 40000   auc 0.99832  rep_w 1.0   score  -
lanes 0   trainers 0   heads 1   evals 4
===== 2026-09-09 10:41:53 =====
gpu 0, 13784 MiB, 90 %
gpu 1, 18216 MiB, 81 %
k3_r100_09       step 200000  auc 0.999517 rep_w 1.0   score  40k=1.3495 100k=1.3395 200k=1.3910
k32_r100_09      step 40000   auc 0.773158 rep_w 1.0   score  40k=1.4629
k32_r200_08      step 28500   auc 0.534748 rep_w 1.0   score  - COLLAPSED
k3_r100_09_dec   step 40000   auc 0.997382 rep_w 0.0   score  40k=1.3236
k32_r100_09_dec  step 19100   auc 0.501426 rep_w 0.0   score  - COLLAPSED
k8_r100_09       step 40000   auc 0.730208 rep_w 1.0   score  40k=1.4537
k3_r100_09b      step 40000   auc 0.998191 rep_w 1.0   score  40k=1.2927
k3_r100_09_lr33  step 40000   auc 0.997974 rep_w 1.0   score  40k=1.2483
k3_r100_09_lr17  step 40000   auc 0.998509 rep_w 1.0   score  40k=1.2612
k3_r100_09_lr56  step 200000  auc 0.999432 rep_w 1.0   score  40k=1.1820 100k=1.3170 200k=1.3189
k32_r100_09_lr56 step 40000   auc 0.730161 rep_w 1.0   score  40k=1.4404
k3_r100_09_mean  step 27400   auc 0.535472 rep_w 1.0   score  - COLLAPSED
k3_r100_09b_lr56 step 40000   auc 0.99887  rep_w 1.0   score  40k=1.2469
k32_r100_09_sum  step 40000   auc 0.991624 rep_w 1.0   score  -
k3_r100_09_lr45  step 40000   auc 0.997576 rep_w 1.0   score  40k=1.2912
k3_r100_09_lr70  step 40000   auc 0.99832  rep_w 1.0   score  -
lanes 0   trainers 0   heads 1   evals 4
===== 2026-09-09 10:58:11 =====
gpu 0, 20039 MiB, 81 %
gpu 1, 18216 MiB, 72 %
k3_r100_09       step 200000  auc 0.999517 rep_w 1.0   score  40k=1.3495 100k=1.3395 200k=1.3910
k32_r100_09      step 40000   auc 0.773158 rep_w 1.0   score  40k=1.4629
k32_r200_08      step 28500   auc 0.534748 rep_w 1.0   score  - COLLAPSED
k3_r100_09_dec   step 40000   auc 0.997382 rep_w 0.0   score  40k=1.3236
k32_r100_09_dec  step 19100   auc 0.501426 rep_w 0.0   score  - COLLAPSED
k8_r100_09       step 40000   auc 0.730208 rep_w 1.0   score  40k=1.4537
k3_r100_09b      step 40000   auc 0.998191 rep_w 1.0   score  40k=1.2927
k3_r100_09_lr33  step 40000   auc 0.997974 rep_w 1.0   score  40k=1.2483
k3_r100_09_lr17  step 40000   auc 0.998509 rep_w 1.0   score  40k=1.2612
k3_r100_09_lr56  step 200000  auc 0.999432 rep_w 1.0   score  40k=1.1820 100k=1.3170 200k=1.3189
k32_r100_09_lr56 step 40000   auc 0.730161 rep_w 1.0   score  40k=1.4404
k3_r100_09_mean  step 27400   auc 0.535472 rep_w 1.0   score  - COLLAPSED
k3_r100_09b_lr56 step 40000   auc 0.99887  rep_w 1.0   score  40k=1.2469
k32_r100_09_sum  step 40000   auc 0.991624 rep_w 1.0   score  -
k3_r100_09_lr45  step 40000   auc 0.997576 rep_w 1.0   score  40k=1.2912
k3_r100_09_lr70  step 40000   auc 0.99832  rep_w 1.0   score  -
lanes 0   trainers 0   heads 0   evals 8
===== 2026-09-09 11:14:37 =====
gpu 0, 20039 MiB, 85 %
gpu 1, 18216 MiB, 86 %
k3_r100_09       step 200000  auc 0.999517 rep_w 1.0   score  40k=1.3495 100k=1.3395 200k=1.3910
k32_r100_09      step 40000   auc 0.773158 rep_w 1.0   score  40k=1.4629
k32_r200_08      step 28500   auc 0.534748 rep_w 1.0   score  - COLLAPSED
k3_r100_09_dec   step 40000   auc 0.997382 rep_w 0.0   score  40k=1.3236
k32_r100_09_dec  step 19100   auc 0.501426 rep_w 0.0   score  - COLLAPSED
k8_r100_09       step 40000   auc 0.730208 rep_w 1.0   score  40k=1.4537
k3_r100_09b      step 40000   auc 0.998191 rep_w 1.0   score  40k=1.2927
k3_r100_09_lr33  step 40000   auc 0.997974 rep_w 1.0   score  40k=1.2483
k3_r100_09_lr17  step 40000   auc 0.998509 rep_w 1.0   score  40k=1.2612
k3_r100_09_lr56  step 200000  auc 0.999432 rep_w 1.0   score  40k=1.1820 100k=1.3170 200k=1.3189
k32_r100_09_lr56 step 40000   auc 0.730161 rep_w 1.0   score  40k=1.4404
k3_r100_09_mean  step 27400   auc 0.535472 rep_w 1.0   score  - COLLAPSED
k3_r100_09b_lr56 step 40000   auc 0.99887  rep_w 1.0   score  40k=1.2469
k32_r100_09_sum  step 40000   auc 0.991624 rep_w 1.0   score  -
k3_r100_09_lr45  step 40000   auc 0.997576 rep_w 1.0   score  40k=1.2912
k3_r100_09_lr70  step 40000   auc 0.99832  rep_w 1.0   score  -
lanes 0   trainers 0   heads 0   evals 8
===== 2026-09-09 11:31:05 =====
gpu 0, 20039 MiB, 61 %
gpu 1, 18216 MiB, 77 %
k3_r100_09       step 200000  auc 0.999517 rep_w 1.0   score  40k=1.3495 100k=1.3395 200k=1.3910
k32_r100_09      step 40000   auc 0.773158 rep_w 1.0   score  40k=1.4629
k32_r200_08      step 28500   auc 0.534748 rep_w 1.0   score  - COLLAPSED
k3_r100_09_dec   step 40000   auc 0.997382 rep_w 0.0   score  40k=1.3236
k32_r100_09_dec  step 19100   auc 0.501426 rep_w 0.0   score  - COLLAPSED
k8_r100_09       step 40000   auc 0.730208 rep_w 1.0   score  40k=1.4537
k3_r100_09b      step 40000   auc 0.998191 rep_w 1.0   score  40k=1.2927
k3_r100_09_lr33  step 40000   auc 0.997974 rep_w 1.0   score  40k=1.2483
k3_r100_09_lr17  step 40000   auc 0.998509 rep_w 1.0   score  40k=1.2612
k3_r100_09_lr56  step 200000  auc 0.999432 rep_w 1.0   score  40k=1.1820 100k=1.3170 200k=1.3189
k32_r100_09_lr56 step 40000   auc 0.730161 rep_w 1.0   score  40k=1.4404
k3_r100_09_mean  step 27400   auc 0.535472 rep_w 1.0   score  - COLLAPSED
k3_r100_09b_lr56 step 40000   auc 0.99887  rep_w 1.0   score  40k=1.2469
k32_r100_09_sum  step 40000   auc 0.991624 rep_w 1.0   score  -
k3_r100_09_lr45  step 40000   auc 0.997576 rep_w 1.0   score  40k=1.2912
k3_r100_09_lr70  step 40000   auc 0.99832  rep_w 1.0   score  -
lanes 0   trainers 0   heads 0   evals 8
===== 2026-09-09 11:47:32 =====
gpu 0, 20039 MiB, 65 %
gpu 1, 18216 MiB, 56 %
k3_r100_09       step 200000  auc 0.999517 rep_w 1.0   score  40k=1.3495 100k=1.3395 200k=1.3910
k32_r100_09      step 40000   auc 0.773158 rep_w 1.0   score  40k=1.4629
k32_r200_08      step 28500   auc 0.534748 rep_w 1.0   score  - COLLAPSED
k3_r100_09_dec   step 40000   auc 0.997382 rep_w 0.0   score  40k=1.3236
k32_r100_09_dec  step 19100   auc 0.501426 rep_w 0.0   score  - COLLAPSED
k8_r100_09       step 40000   auc 0.730208 rep_w 1.0   score  40k=1.4537
k3_r100_09b      step 40000   auc 0.998191 rep_w 1.0   score  40k=1.2927
k3_r100_09_lr33  step 40000   auc 0.997974 rep_w 1.0   score  40k=1.2483
k3_r100_09_lr17  step 40000   auc 0.998509 rep_w 1.0   score  40k=1.2612
k3_r100_09_lr56  step 200000  auc 0.999432 rep_w 1.0   score  40k=1.1820 100k=1.3170 200k=1.3189
k32_r100_09_lr56 step 40000   auc 0.730161 rep_w 1.0   score  40k=1.4404
k3_r100_09_mean  step 27400   auc 0.535472 rep_w 1.0   score  - COLLAPSED
k3_r100_09b_lr56 step 40000   auc 0.99887  rep_w 1.0   score  40k=1.2469
k32_r100_09_sum  step 40000   auc 0.991624 rep_w 1.0   score  -
k3_r100_09_lr45  step 40000   auc 0.997576 rep_w 1.0   score  40k=1.2912
k3_r100_09_lr70  step 40000   auc 0.99832  rep_w 1.0   score  -
lanes 0   trainers 0   heads 0   evals 8
===== 2026-09-09 12:03:59 =====
gpu 0, 20039 MiB, 74 %
gpu 1, 18216 MiB, 76 %
k3_r100_09       step 200000  auc 0.999517 rep_w 1.0   score  40k=1.3495 100k=1.3395 200k=1.3910
k32_r100_09      step 40000   auc 0.773158 rep_w 1.0   score  40k=1.4629
k32_r200_08      step 28500   auc 0.534748 rep_w 1.0   score  - COLLAPSED
k3_r100_09_dec   step 40000   auc 0.997382 rep_w 0.0   score  40k=1.3236
k32_r100_09_dec  step 19100   auc 0.501426 rep_w 0.0   score  - COLLAPSED
k8_r100_09       step 40000   auc 0.730208 rep_w 1.0   score  40k=1.4537
k3_r100_09b      step 40000   auc 0.998191 rep_w 1.0   score  40k=1.2927
k3_r100_09_lr33  step 40000   auc 0.997974 rep_w 1.0   score  40k=1.2483
k3_r100_09_lr17  step 40000   auc 0.998509 rep_w 1.0   score  40k=1.2612
k3_r100_09_lr56  step 200000  auc 0.999432 rep_w 1.0   score  40k=1.1820 100k=1.3170 200k=1.3189
k32_r100_09_lr56 step 40000   auc 0.730161 rep_w 1.0   score  40k=1.4404
k3_r100_09_mean  step 27400   auc 0.535472 rep_w 1.0   score  - COLLAPSED
k3_r100_09b_lr56 step 40000   auc 0.99887  rep_w 1.0   score  40k=1.2469
k32_r100_09_sum  step 40000   auc 0.991624 rep_w 1.0   score  -
k3_r100_09_lr45  step 40000   auc 0.997576 rep_w 1.0   score  40k=1.2912
k3_r100_09_lr70  step 40000   auc 0.99832  rep_w 1.0   score  -
lanes 0   trainers 0   heads 0   evals 8
===== 2026-09-09 12:20:32 =====
gpu 0, 20039 MiB, 58 %
gpu 1, 18216 MiB, 73 %
k3_r100_09       step 200000  auc 0.999517 rep_w 1.0   score  40k=1.3495 100k=1.3395 200k=1.3910
k32_r100_09      step 40000   auc 0.773158 rep_w 1.0   score  40k=1.4629
k32_r200_08      step 28500   auc 0.534748 rep_w 1.0   score  - COLLAPSED
k3_r100_09_dec   step 40000   auc 0.997382 rep_w 0.0   score  40k=1.3236
k32_r100_09_dec  step 19100   auc 0.501426 rep_w 0.0   score  - COLLAPSED
k8_r100_09       step 40000   auc 0.730208 rep_w 1.0   score  40k=1.4537
k3_r100_09b      step 40000   auc 0.998191 rep_w 1.0   score  40k=1.2927
k3_r100_09_lr33  step 40000   auc 0.997974 rep_w 1.0   score  40k=1.2483
k3_r100_09_lr17  step 40000   auc 0.998509 rep_w 1.0   score  40k=1.2612
k3_r100_09_lr56  step 200000  auc 0.999432 rep_w 1.0   score  40k=1.1820 100k=1.3170 200k=1.3189
k32_r100_09_lr56 step 40000   auc 0.730161 rep_w 1.0   score  40k=1.4404
k3_r100_09_mean  step 27400   auc 0.535472 rep_w 1.0   score  - COLLAPSED
k3_r100_09b_lr56 step 40000   auc 0.99887  rep_w 1.0   score  40k=1.2469
k32_r100_09_sum  step 40000   auc 0.991624 rep_w 1.0   score  -
k3_r100_09_lr45  step 40000   auc 0.997576 rep_w 1.0   score  40k=1.2912
k3_r100_09_lr70  step 40000   auc 0.99832  rep_w 1.0   score  -
lanes 0   trainers 0   heads 0   evals 8
===== 2026-09-09 12:37:05 =====
gpu 0, 20039 MiB, 82 %
gpu 1, 18216 MiB, 82 %
k3_r100_09       step 200000  auc 0.999517 rep_w 1.0   score  40k=1.3495 100k=1.3395 200k=1.3910
k32_r100_09      step 40000   auc 0.773158 rep_w 1.0   score  40k=1.4629
k32_r200_08      step 28500   auc 0.534748 rep_w 1.0   score  - COLLAPSED
k3_r100_09_dec   step 40000   auc 0.997382 rep_w 0.0   score  40k=1.3236
k32_r100_09_dec  step 19100   auc 0.501426 rep_w 0.0   score  - COLLAPSED
k8_r100_09       step 40000   auc 0.730208 rep_w 1.0   score  40k=1.4537
k3_r100_09b      step 40000   auc 0.998191 rep_w 1.0   score  40k=1.2927
k3_r100_09_lr33  step 40000   auc 0.997974 rep_w 1.0   score  40k=1.2483
k3_r100_09_lr17  step 40000   auc 0.998509 rep_w 1.0   score  40k=1.2612
k3_r100_09_lr56  step 200000  auc 0.999432 rep_w 1.0   score  40k=1.1820 100k=1.3170 200k=1.3189
k32_r100_09_lr56 step 40000   auc 0.730161 rep_w 1.0   score  40k=1.4404
k3_r100_09_mean  step 27400   auc 0.535472 rep_w 1.0   score  - COLLAPSED
k3_r100_09b_lr56 step 40000   auc 0.99887  rep_w 1.0   score  40k=1.2469
k32_r100_09_sum  step 40000   auc 0.991624 rep_w 1.0   score  -
k3_r100_09_lr45  step 40000   auc 0.997576 rep_w 1.0   score  40k=1.2912
k3_r100_09_lr70  step 40000   auc 0.99832  rep_w 1.0   score  -
lanes 0   trainers 0   heads 0   evals 7
===== 2026-09-09 12:53:23 =====
gpu 0, 20039 MiB, 55 %
gpu 1, 18216 MiB, 68 %
k3_r100_09       step 200000  auc 0.999517 rep_w 1.0   score  40k=1.3495 100k=1.3395 200k=1.3910
k32_r100_09      step 40000   auc 0.773158 rep_w 1.0   score  40k=1.4629
k32_r200_08      step 28500   auc 0.534748 rep_w 1.0   score  - COLLAPSED
k3_r100_09_dec   step 40000   auc 0.997382 rep_w 0.0   score  40k=1.3236
k32_r100_09_dec  step 19100   auc 0.501426 rep_w 0.0   score  - COLLAPSED
k8_r100_09       step 40000   auc 0.730208 rep_w 1.0   score  40k=1.4537
k3_r100_09b      step 40000   auc 0.998191 rep_w 1.0   score  40k=1.2927
k3_r100_09_lr33  step 40000   auc 0.997974 rep_w 1.0   score  40k=1.2483
k3_r100_09_lr17  step 40000   auc 0.998509 rep_w 1.0   score  40k=1.2612
k3_r100_09_lr56  step 200000  auc 0.999432 rep_w 1.0   score  40k=1.1820 100k=1.3170 200k=1.3189
k32_r100_09_lr56 step 40000   auc 0.730161 rep_w 1.0   score  40k=1.4404
k3_r100_09_mean  step 27400   auc 0.535472 rep_w 1.0   score  - COLLAPSED
k3_r100_09b_lr56 step 40000   auc 0.99887  rep_w 1.0   score  40k=1.2469
k32_r100_09_sum  step 40000   auc 0.991624 rep_w 1.0   score  -
k3_r100_09_lr45  step 40000   auc 0.997576 rep_w 1.0   score  40k=1.2912
k3_r100_09_lr70  step 40000   auc 0.99832  rep_w 1.0   score  -
lanes 0   trainers 0   heads 0   evals 5
===== 2026-09-09 13:09:56 =====
gpu 0, 20039 MiB, 32 %
gpu 1, 18216 MiB, 59 %
k3_r100_09       step 200000  auc 0.999517 rep_w 1.0   score  40k=1.3495 100k=1.3395 200k=1.3910
k32_r100_09      step 40000   auc 0.773158 rep_w 1.0   score  40k=1.4629
k32_r200_08      step 28500   auc 0.534748 rep_w 1.0   score  - COLLAPSED
k3_r100_09_dec   step 40000   auc 0.997382 rep_w 0.0   score  40k=1.3236
k32_r100_09_dec  step 19100   auc 0.501426 rep_w 0.0   score  - COLLAPSED
k8_r100_09       step 40000   auc 0.730208 rep_w 1.0   score  40k=1.4537
k3_r100_09b      step 40000   auc 0.998191 rep_w 1.0   score  40k=1.2927
k3_r100_09_lr33  step 40000   auc 0.997974 rep_w 1.0   score  40k=1.2483
k3_r100_09_lr17  step 40000   auc 0.998509 rep_w 1.0   score  40k=1.2612
k3_r100_09_lr56  step 200000  auc 0.999432 rep_w 1.0   score  40k=1.1820 100k=1.3170 200k=1.3189
k32_r100_09_lr56 step 40000   auc 0.730161 rep_w 1.0   score  40k=1.4404
k3_r100_09_mean  step 27400   auc 0.535472 rep_w 1.0   score  - COLLAPSED
k3_r100_09b_lr56 step 40000   auc 0.99887  rep_w 1.0   score  40k=1.2469
k32_r100_09_sum  step 40000   auc 0.991624 rep_w 1.0   score  -
k3_r100_09_lr45  step 40000   auc 0.997576 rep_w 1.0   score  40k=1.2912
k3_r100_09_lr70  step 40000   auc 0.99832  rep_w 1.0   score  -
lanes 0   trainers 0   heads 0   evals 5
===== 2026-09-09 13:26:29 =====
gpu 0, 20039 MiB, 66 %
gpu 1, 18216 MiB, 70 %
k3_r100_09       step 200000  auc 0.999517 rep_w 1.0   score  40k=1.3495 100k=1.3395 200k=1.3910
k32_r100_09      step 40000   auc 0.773158 rep_w 1.0   score  40k=1.4629
k32_r200_08      step 28500   auc 0.534748 rep_w 1.0   score  - COLLAPSED
k3_r100_09_dec   step 40000   auc 0.997382 rep_w 0.0   score  40k=1.3236
k32_r100_09_dec  step 19100   auc 0.501426 rep_w 0.0   score  - COLLAPSED
k8_r100_09       step 40000   auc 0.730208 rep_w 1.0   score  40k=1.4537
k3_r100_09b      step 40000   auc 0.998191 rep_w 1.0   score  40k=1.2927
k3_r100_09_lr33  step 40000   auc 0.997974 rep_w 1.0   score  40k=1.2483
k3_r100_09_lr17  step 40000   auc 0.998509 rep_w 1.0   score  40k=1.2612
k3_r100_09_lr56  step 200000  auc 0.999432 rep_w 1.0   score  40k=1.1820 100k=1.3170 200k=1.3189
k32_r100_09_lr56 step 40000   auc 0.730161 rep_w 1.0   score  40k=1.4404
k3_r100_09_mean  step 27400   auc 0.535472 rep_w 1.0   score  - COLLAPSED
k3_r100_09b_lr56 step 40000   auc 0.99887  rep_w 1.0   score  40k=1.2469
k32_r100_09_sum  step 40000   auc 0.991624 rep_w 1.0   score  -
k3_r100_09_lr45  step 40000   auc 0.997576 rep_w 1.0   score  40k=1.2912
k3_r100_09_lr70  step 40000   auc 0.99832  rep_w 1.0   score  40k=1.2192
lanes 0   trainers 0   heads 0   evals 4
===== 2026-09-09 13:43:08 =====
gpu 0, 20039 MiB, 10 %
gpu 1, 18216 MiB, 70 %
k3_r100_09       step 200000  auc 0.999517 rep_w 1.0   score  40k=1.3495 100k=1.3395 200k=1.3910
k32_r100_09      step 40000   auc 0.773158 rep_w 1.0   score  40k=1.4629
k32_r200_08      step 28500   auc 0.534748 rep_w 1.0   score  - COLLAPSED
k3_r100_09_dec   step 40000   auc 0.997382 rep_w 0.0   score  40k=1.3236
k32_r100_09_dec  step 19100   auc 0.501426 rep_w 0.0   score  - COLLAPSED
k8_r100_09       step 40000   auc 0.730208 rep_w 1.0   score  40k=1.4537
k3_r100_09b      step 40000   auc 0.998191 rep_w 1.0   score  40k=1.2927
k3_r100_09_lr33  step 40000   auc 0.997974 rep_w 1.0   score  40k=1.2483
k3_r100_09_lr17  step 40000   auc 0.998509 rep_w 1.0   score  40k=1.2612
k3_r100_09_lr56  step 200000  auc 0.999432 rep_w 1.0   score  40k=1.1820 100k=1.3170 200k=1.3189
k32_r100_09_lr56 step 40000   auc 0.730161 rep_w 1.0   score  40k=1.4404
k3_r100_09_mean  step 27400   auc 0.535472 rep_w 1.0   score  - COLLAPSED
k3_r100_09b_lr56 step 40000   auc 0.99887  rep_w 1.0   score  40k=1.2469
k32_r100_09_sum  step 40000   auc 0.991624 rep_w 1.0   score  -
k3_r100_09_lr45  step 40000   auc 0.997576 rep_w 1.0   score  40k=1.2912
k3_r100_09_lr70  step 40000   auc 0.99832  rep_w 1.0   score  40k=1.2192
lanes 0   trainers 0   heads 0   evals 4
===== 2026-09-09 13:59:38 =====
gpu 0, 20039 MiB, 65 %
gpu 1, 18216 MiB, 48 %
k3_r100_09       step 200000  auc 0.999517 rep_w 1.0   score  40k=1.3495 100k=1.3395 200k=1.3910
k32_r100_09      step 40000   auc 0.773158 rep_w 1.0   score  40k=1.4629
k32_r200_08      step 28500   auc 0.534748 rep_w 1.0   score  - COLLAPSED
k3_r100_09_dec   step 40000   auc 0.997382 rep_w 0.0   score  40k=1.3236
k32_r100_09_dec  step 19100   auc 0.501426 rep_w 0.0   score  - COLLAPSED
k8_r100_09       step 40000   auc 0.730208 rep_w 1.0   score  40k=1.4537
k3_r100_09b      step 40000   auc 0.998191 rep_w 1.0   score  40k=1.2927
k3_r100_09_lr33  step 40000   auc 0.997974 rep_w 1.0   score  40k=1.2483
k3_r100_09_lr17  step 40000   auc 0.998509 rep_w 1.0   score  40k=1.2612
k3_r100_09_lr56  step 200000  auc 0.999432 rep_w 1.0   score  40k=1.1820 100k=1.3170 200k=1.3189
k32_r100_09_lr56 step 40000   auc 0.730161 rep_w 1.0   score  40k=1.4404
k3_r100_09_mean  step 27400   auc 0.535472 rep_w 1.0   score  - COLLAPSED
k3_r100_09b_lr56 step 40000   auc 0.99887  rep_w 1.0   score  40k=1.2469
k32_r100_09_sum  step 40000   auc 0.991624 rep_w 1.0   score  -
k3_r100_09_lr45  step 40000   auc 0.997576 rep_w 1.0   score  40k=1.2912
k3_r100_09_lr70  step 40000   auc 0.99832  rep_w 1.0   score  40k=1.2192
lanes 0   trainers 0   heads 0   evals 4
===== 2026-09-09 14:16:22 =====
gpu 0, 20039 MiB, 56 %
gpu 1, 18216 MiB, 71 %
k3_r100_09       step 200000  auc 0.999517 rep_w 1.0   score  40k=1.3495 100k=1.3395 200k=1.3910
k32_r100_09      step 40000   auc 0.773158 rep_w 1.0   score  40k=1.4629
k32_r200_08      step 28500   auc 0.534748 rep_w 1.0   score  - COLLAPSED
k3_r100_09_dec   step 40000   auc 0.997382 rep_w 0.0   score  40k=1.3236
k32_r100_09_dec  step 19100   auc 0.501426 rep_w 0.0   score  - COLLAPSED
k8_r100_09       step 40000   auc 0.730208 rep_w 1.0   score  40k=1.4537
k3_r100_09b      step 40000   auc 0.998191 rep_w 1.0   score  40k=1.2927
k3_r100_09_lr33  step 40000   auc 0.997974 rep_w 1.0   score  40k=1.2483
k3_r100_09_lr17  step 40000   auc 0.998509 rep_w 1.0   score  40k=1.2612
k3_r100_09_lr56  step 200000  auc 0.999432 rep_w 1.0   score  40k=1.1820 100k=1.3170 200k=1.3189
k32_r100_09_lr56 step 40000   auc 0.730161 rep_w 1.0   score  40k=1.4404
k3_r100_09_mean  step 27400   auc 0.535472 rep_w 1.0   score  - COLLAPSED
k3_r100_09b_lr56 step 40000   auc 0.99887  rep_w 1.0   score  40k=1.2469
k32_r100_09_sum  step 40000   auc 0.991624 rep_w 1.0   score  -
k3_r100_09_lr45  step 40000   auc 0.997576 rep_w 1.0   score  40k=1.2912
k3_r100_09_lr70  step 40000   auc 0.99832  rep_w 1.0   score  40k=1.2192
lanes 0   trainers 0   heads 0   evals 4
===== 2026-09-09 14:32:58 =====
gpu 0, 20039 MiB, 61 %
gpu 1, 18216 MiB, 73 %
k3_r100_09       step 200000  auc 0.999517 rep_w 1.0   score  40k=1.3495 100k=1.3395 200k=1.3910
k32_r100_09      step 40000   auc 0.773158 rep_w 1.0   score  40k=1.4629
k32_r200_08      step 28500   auc 0.534748 rep_w 1.0   score  - COLLAPSED
k3_r100_09_dec   step 40000   auc 0.997382 rep_w 0.0   score  40k=1.3236
k32_r100_09_dec  step 19100   auc 0.501426 rep_w 0.0   score  - COLLAPSED
k8_r100_09       step 40000   auc 0.730208 rep_w 1.0   score  40k=1.4537
k3_r100_09b      step 40000   auc 0.998191 rep_w 1.0   score  40k=1.2927
k3_r100_09_lr33  step 40000   auc 0.997974 rep_w 1.0   score  40k=1.2483
k3_r100_09_lr17  step 40000   auc 0.998509 rep_w 1.0   score  40k=1.2612
k3_r100_09_lr56  step 200000  auc 0.999432 rep_w 1.0   score  40k=1.1820 100k=1.3170 200k=1.3189
k32_r100_09_lr56 step 40000   auc 0.730161 rep_w 1.0   score  40k=1.4404
k3_r100_09_mean  step 27400   auc 0.535472 rep_w 1.0   score  - COLLAPSED
k3_r100_09b_lr56 step 40000   auc 0.99887  rep_w 1.0   score  40k=1.2469
k32_r100_09_sum  step 40000   auc 0.991624 rep_w 1.0   score  -
k3_r100_09_lr45  step 40000   auc 0.997576 rep_w 1.0   score  40k=1.2912
k3_r100_09_lr70  step 40000   auc 0.99832  rep_w 1.0   score  40k=1.2192
lanes 0   trainers 0   heads 0   evals 3
===== 2026-09-09 14:49:26 =====
gpu 0, 20039 MiB, 79 %
gpu 1, 18216 MiB, 85 %
k3_r100_09       step 200000  auc 0.999517 rep_w 1.0   score  40k=1.3495 100k=1.3395 200k=1.3910
k32_r100_09      step 40000   auc 0.773158 rep_w 1.0   score  40k=1.4629
k32_r200_08      step 28500   auc 0.534748 rep_w 1.0   score  - COLLAPSED
k3_r100_09_dec   step 40000   auc 0.997382 rep_w 0.0   score  40k=1.3236
k32_r100_09_dec  step 19100   auc 0.501426 rep_w 0.0   score  - COLLAPSED
k8_r100_09       step 40000   auc 0.730208 rep_w 1.0   score  40k=1.4537
k3_r100_09b      step 40000   auc 0.998191 rep_w 1.0   score  40k=1.2927
k3_r100_09_lr33  step 40000   auc 0.997974 rep_w 1.0   score  40k=1.2483
k3_r100_09_lr17  step 40000   auc 0.998509 rep_w 1.0   score  40k=1.2612
k3_r100_09_lr56  step 200000  auc 0.999432 rep_w 1.0   score  40k=1.1820 100k=1.3170 200k=1.3189
k32_r100_09_lr56 step 40000   auc 0.730161 rep_w 1.0   score  40k=1.4404
k3_r100_09_mean  step 27400   auc 0.535472 rep_w 1.0   score  - COLLAPSED
k3_r100_09b_lr56 step 40000   auc 0.99887  rep_w 1.0   score  40k=1.2469
k32_r100_09_sum  step 40000   auc 0.991624 rep_w 1.0   score  -
k3_r100_09_lr45  step 40000   auc 0.997576 rep_w 1.0   score  40k=1.2912
k3_r100_09_lr70  step 40000   auc 0.99832  rep_w 1.0   score  40k=1.2192
lanes 0   trainers 0   heads 0   evals 1
===== 2026-09-09 15:05:46 =====
gpu 0, 20039 MiB, 77 %
gpu 1, 18216 MiB, 89 %
k3_r100_09       step 200000  auc 0.999517 rep_w 1.0   score  40k=1.3495 100k=1.3395 200k=1.3910
k32_r100_09      step 40000   auc 0.773158 rep_w 1.0   score  40k=1.4629
k32_r200_08      step 28500   auc 0.534748 rep_w 1.0   score  - COLLAPSED
k3_r100_09_dec   step 40000   auc 0.997382 rep_w 0.0   score  40k=1.3236
k32_r100_09_dec  step 19100   auc 0.501426 rep_w 0.0   score  - COLLAPSED
k8_r100_09       step 40000   auc 0.730208 rep_w 1.0   score  40k=1.4537
k3_r100_09b      step 40000   auc 0.998191 rep_w 1.0   score  40k=1.2927
k3_r100_09_lr33  step 40000   auc 0.997974 rep_w 1.0   score  40k=1.2483
k3_r100_09_lr17  step 40000   auc 0.998509 rep_w 1.0   score  40k=1.2612
k3_r100_09_lr56  step 200000  auc 0.999432 rep_w 1.0   score  40k=1.1820 100k=1.3170 200k=1.3189
k32_r100_09_lr56 step 40000   auc 0.730161 rep_w 1.0   score  40k=1.4404
k3_r100_09_mean  step 27400   auc 0.535472 rep_w 1.0   score  - COLLAPSED
k3_r100_09b_lr56 step 40000   auc 0.99887  rep_w 1.0   score  40k=1.2469
k32_r100_09_sum  step 40000   auc 0.991624 rep_w 1.0   score  40k=1.2161
k3_r100_09_lr45  step 40000   auc 0.997576 rep_w 1.0   score  40k=1.2912
k3_r100_09_lr70  step 40000   auc 0.99832  rep_w 1.0   score  40k=1.2192
lanes 0   trainers 0   heads 0   evals 0
===== 2026-09-09 15:22:05 =====
gpu 0, 20039 MiB, 76 %
gpu 1, 18216 MiB, 82 %
k3_r100_09       step 200000  auc 0.999517 rep_w 1.0   score  40k=1.3495 100k=1.3395 200k=1.3910
k32_r100_09      step 40000   auc 0.773158 rep_w 1.0   score  40k=1.4629
k32_r200_08      step 28500   auc 0.534748 rep_w 1.0   score  - COLLAPSED
k3_r100_09_dec   step 40000   auc 0.997382 rep_w 0.0   score  40k=1.3236
k32_r100_09_dec  step 19100   auc 0.501426 rep_w 0.0   score  - COLLAPSED
k8_r100_09       step 40000   auc 0.730208 rep_w 1.0   score  40k=1.4537
k3_r100_09b      step 40000   auc 0.998191 rep_w 1.0   score  40k=1.2927
k3_r100_09_lr33  step 40000   auc 0.997974 rep_w 1.0   score  40k=1.2483
k3_r100_09_lr17  step 40000   auc 0.998509 rep_w 1.0   score  40k=1.2612
k3_r100_09_lr56  step 200000  auc 0.999432 rep_w 1.0   score  40k=1.1820 100k=1.3170 200k=1.3189
k32_r100_09_lr56 step 40000   auc 0.730161 rep_w 1.0   score  40k=1.4404
k3_r100_09_mean  step 27400   auc 0.535472 rep_w 1.0   score  - COLLAPSED
k3_r100_09b_lr56 step 40000   auc 0.99887  rep_w 1.0   score  40k=1.2469
k32_r100_09_sum  step 40000   auc 0.991624 rep_w 1.0   score  40k=1.2161
k3_r100_09_lr45  step 40000   auc 0.997576 rep_w 1.0   score  40k=1.2912
k3_r100_09_lr70  step 40000   auc 0.99832  rep_w 1.0   score  40k=1.2192
lanes 0   trainers 0   heads 0   evals 0
===== 2026-09-09 15:38:23 =====
gpu 0, 18629 MiB, 69 %
gpu 1, 19904 MiB, 64 %
k3_r100_09       step 200000  auc 0.999517 rep_w 1.0   score  40k=1.3495 100k=1.3395 200k=1.3910
k32_r100_09      step 40000   auc 0.773158 rep_w 1.0   score  40k=1.4629
k32_r200_08      step 28500   auc 0.534748 rep_w 1.0   score  - COLLAPSED
k3_r100_09_dec   step 40000   auc 0.997382 rep_w 0.0   score  40k=1.3236
k32_r100_09_dec  step 19100   auc 0.501426 rep_w 0.0   score  - COLLAPSED
k8_r100_09       step 40000   auc 0.730208 rep_w 1.0   score  40k=1.4537
k3_r100_09b      step 40000   auc 0.998191 rep_w 1.0   score  40k=1.2927
k3_r100_09_lr33  step 40000   auc 0.997974 rep_w 1.0   score  40k=1.2483
k3_r100_09_lr17  step 40000   auc 0.998509 rep_w 1.0   score  40k=1.2612
k3_r100_09_lr56  step 200000  auc 0.999432 rep_w 1.0   score  40k=1.1820 100k=1.3170 200k=1.3189
k32_r100_09_lr56 step 40000   auc 0.730161 rep_w 1.0   score  40k=1.4404
k3_r100_09_mean  step 27400   auc 0.535472 rep_w 1.0   score  - COLLAPSED
k3_r100_09b_lr56 step 40000   auc 0.99887  rep_w 1.0   score  40k=1.2469
k32_r100_09_sum  step 40000   auc 0.991624 rep_w 1.0   score  40k=1.2161
k3_r100_09_lr45  step 40000   auc 0.997576 rep_w 1.0   score  40k=1.2912
k3_r100_09_lr70  step 40000   auc 0.99832  rep_w 1.0   score  40k=1.2192
lanes 0   trainers 0   heads 0   evals 0
===== 2026-09-09 15:54:46 =====
gpu 0, 20039 MiB, 90 %
gpu 1, 19904 MiB, 1 %
k3_r100_09       step 200000  auc 0.999517 rep_w 1.0   score  40k=1.3495 100k=1.3395 200k=1.3910
k32_r100_09      step 40000   auc 0.773158 rep_w 1.0   score  40k=1.4629
k32_r200_08      step 28500   auc 0.534748 rep_w 1.0   score  - COLLAPSED
k3_r100_09_dec   step 40000   auc 0.997382 rep_w 0.0   score  40k=1.3236
k32_r100_09_dec  step 19100   auc 0.501426 rep_w 0.0   score  - COLLAPSED
k8_r100_09       step 40000   auc 0.730208 rep_w 1.0   score  40k=1.4537
k3_r100_09b      step 40000   auc 0.998191 rep_w 1.0   score  40k=1.2927
k3_r100_09_lr33  step 40000   auc 0.997974 rep_w 1.0   score  40k=1.2483
k3_r100_09_lr17  step 40000   auc 0.998509 rep_w 1.0   score  40k=1.2612
k3_r100_09_lr56  step 200000  auc 0.999432 rep_w 1.0   score  40k=1.1820 100k=1.3170 200k=1.3189
k32_r100_09_lr56 step 40000   auc 0.730161 rep_w 1.0   score  40k=1.4404
k3_r100_09_mean  step 27400   auc 0.535472 rep_w 1.0   score  - COLLAPSED
k3_r100_09b_lr56 step 40000   auc 0.99887  rep_w 1.0   score  40k=1.2469
k32_r100_09_sum  step 40000   auc 0.991624 rep_w 1.0   score  40k=1.2161
k3_r100_09_lr45  step 40000   auc 0.997576 rep_w 1.0   score  40k=1.2912
k3_r100_09_lr70  step 40000   auc 0.99832  rep_w 1.0   score  40k=1.2192
lanes 0   trainers 0   heads 0   evals 0
===== 2026-09-09 16:11:06 =====
gpu 0, 20039 MiB, 82 %
gpu 1, 19904 MiB, 73 %
k3_r100_09       step 200000  auc 0.999517 rep_w 1.0   score  40k=1.3495 100k=1.3395 200k=1.3910
k32_r100_09      step 40000   auc 0.773158 rep_w 1.0   score  40k=1.4629
k32_r200_08      step 28500   auc 0.534748 rep_w 1.0   score  - COLLAPSED
k3_r100_09_dec   step 40000   auc 0.997382 rep_w 0.0   score  40k=1.3236
k32_r100_09_dec  step 19100   auc 0.501426 rep_w 0.0   score  - COLLAPSED
k8_r100_09       step 40000   auc 0.730208 rep_w 1.0   score  40k=1.4537
k3_r100_09b      step 40000   auc 0.998191 rep_w 1.0   score  40k=1.2927
k3_r100_09_lr33  step 40000   auc 0.997974 rep_w 1.0   score  40k=1.2483
k3_r100_09_lr17  step 40000   auc 0.998509 rep_w 1.0   score  40k=1.2612
k3_r100_09_lr56  step 200000  auc 0.999432 rep_w 1.0   score  40k=1.1820 100k=1.3170 200k=1.3189
k32_r100_09_lr56 step 40000   auc 0.730161 rep_w 1.0   score  40k=1.4404
k3_r100_09_mean  step 27400   auc 0.535472 rep_w 1.0   score  - COLLAPSED
k3_r100_09b_lr56 step 40000   auc 0.99887  rep_w 1.0   score  40k=1.2469
k32_r100_09_sum  step 40000   auc 0.991624 rep_w 1.0   score  40k=1.2161
k3_r100_09_lr45  step 40000   auc 0.997576 rep_w 1.0   score  40k=1.2912
k3_r100_09_lr70  step 40000   auc 0.99832  rep_w 1.0   score  40k=1.2192
lanes 0   trainers 0   heads 0   evals 0
===== 2026-09-09 16:27:27 =====
gpu 0, 20039 MiB, 0 %
gpu 1, 19904 MiB, 64 %
k3_r100_09       step 200000  auc 0.999517 rep_w 1.0   score  40k=1.3495 100k=1.3395 200k=1.3910
k32_r100_09      step 40000   auc 0.773158 rep_w 1.0   score  40k=1.4629
k32_r200_08      step 28500   auc 0.534748 rep_w 1.0   score  - COLLAPSED
k3_r100_09_dec   step 40000   auc 0.997382 rep_w 0.0   score  40k=1.3236
k32_r100_09_dec  step 19100   auc 0.501426 rep_w 0.0   score  - COLLAPSED
k8_r100_09       step 40000   auc 0.730208 rep_w 1.0   score  40k=1.4537
k3_r100_09b      step 40000   auc 0.998191 rep_w 1.0   score  40k=1.2927
k3_r100_09_lr33  step 40000   auc 0.997974 rep_w 1.0   score  40k=1.2483
k3_r100_09_lr17  step 40000   auc 0.998509 rep_w 1.0   score  40k=1.2612
k3_r100_09_lr56  step 200000  auc 0.999432 rep_w 1.0   score  40k=1.1820 100k=1.3170 200k=1.3189
k32_r100_09_lr56 step 40000   auc 0.730161 rep_w 1.0   score  40k=1.4404
k3_r100_09_mean  step 27400   auc 0.535472 rep_w 1.0   score  - COLLAPSED
k3_r100_09b_lr56 step 40000   auc 0.99887  rep_w 1.0   score  40k=1.2469
k32_r100_09_sum  step 40000   auc 0.991624 rep_w 1.0   score  40k=1.2161
k3_r100_09_lr45  step 40000   auc 0.997576 rep_w 1.0   score  40k=1.2912
k3_r100_09_lr70  step 40000   auc 0.99832  rep_w 1.0   score  40k=1.2192
lanes 0   trainers 0   heads 0   evals 0
===== 2026-09-09 16:43:51 =====
gpu 0, 20039 MiB, 79 %
gpu 1, 19904 MiB, 70 %
k3_r100_09       step 200000  auc 0.999517 rep_w 1.0   score  40k=1.3495 100k=1.3395 200k=1.3910
k32_r100_09      step 40000   auc 0.773158 rep_w 1.0   score  40k=1.4629
k32_r200_08      step 28500   auc 0.534748 rep_w 1.0   score  - COLLAPSED
k3_r100_09_dec   step 40000   auc 0.997382 rep_w 0.0   score  40k=1.3236
k32_r100_09_dec  step 19100   auc 0.501426 rep_w 0.0   score  - COLLAPSED
k8_r100_09       step 40000   auc 0.730208 rep_w 1.0   score  40k=1.4537
k3_r100_09b      step 40000   auc 0.998191 rep_w 1.0   score  40k=1.2927
k3_r100_09_lr33  step 40000   auc 0.997974 rep_w 1.0   score  40k=1.2483
k3_r100_09_lr17  step 40000   auc 0.998509 rep_w 1.0   score  40k=1.2612
k3_r100_09_lr56  step 200000  auc 0.999432 rep_w 1.0   score  40k=1.1820 100k=1.3170 200k=1.3189
k32_r100_09_lr56 step 40000   auc 0.730161 rep_w 1.0   score  40k=1.4404
k3_r100_09_mean  step 27400   auc 0.535472 rep_w 1.0   score  - COLLAPSED
k3_r100_09b_lr56 step 40000   auc 0.99887  rep_w 1.0   score  40k=1.2469
k32_r100_09_sum  step 40000   auc 0.991624 rep_w 1.0   score  40k=1.2161
k3_r100_09_lr45  step 40000   auc 0.997576 rep_w 1.0   score  40k=1.2912
k3_r100_09_lr70  step 40000   auc 0.99832  rep_w 1.0   score  40k=1.2192
lanes 0   trainers 0   heads 0   evals 0
===== 2026-09-09 17:00:14 =====
gpu 0, 20211 MiB, 70 %
gpu 1, 19904 MiB, 73 %
k3_r100_09       step 200000  auc 0.999517 rep_w 1.0   score  40k=1.3495 100k=1.3395 200k=1.3910
k32_r100_09      step 40000   auc 0.773158 rep_w 1.0   score  40k=1.4629
k32_r200_08      step 28500   auc 0.534748 rep_w 1.0   score  - COLLAPSED
k3_r100_09_dec   step 40000   auc 0.997382 rep_w 0.0   score  40k=1.3236
k32_r100_09_dec  step 19100   auc 0.501426 rep_w 0.0   score  - COLLAPSED
k8_r100_09       step 40000   auc 0.730208 rep_w 1.0   score  40k=1.4537
k3_r100_09b      step 40000   auc 0.998191 rep_w 1.0   score  40k=1.2927
k3_r100_09_lr33  step 40000   auc 0.997974 rep_w 1.0   score  40k=1.2483
k3_r100_09_lr17  step 40000   auc 0.998509 rep_w 1.0   score  40k=1.2612
k3_r100_09_lr56  step 200000  auc 0.999432 rep_w 1.0   score  40k=1.1820 100k=1.3170 200k=1.3189
k32_r100_09_lr56 step 40000   auc 0.730161 rep_w 1.0   score  40k=1.4404
k3_r100_09_mean  step 27400   auc 0.535472 rep_w 1.0   score  - COLLAPSED
k3_r100_09b_lr56 step 40000   auc 0.99887  rep_w 1.0   score  40k=1.2469
k32_r100_09_sum  step 40000   auc 0.991624 rep_w 1.0   score  40k=1.2161
k3_r100_09_lr45  step 40000   auc 0.997576 rep_w 1.0   score  40k=1.2912
k3_r100_09_lr70  step 40000   auc 0.99832  rep_w 1.0   score  40k=1.2192
lanes 0   trainers 0   heads 0   evals 0
===== 2026-09-09 17:16:36 =====
gpu 0, 20211 MiB, 90 %
gpu 1, 16750 MiB, 75 %
k3_r100_09       step 200000  auc 0.999517 rep_w 1.0   score  40k=1.3495 100k=1.3395 200k=1.3910
k32_r100_09      step 40000   auc 0.773158 rep_w 1.0   score  40k=1.4629
k32_r200_08      step 28500   auc 0.534748 rep_w 1.0   score  - COLLAPSED
k3_r100_09_dec   step 40000   auc 0.997382 rep_w 0.0   score  40k=1.3236
k32_r100_09_dec  step 19100   auc 0.501426 rep_w 0.0   score  - COLLAPSED
k8_r100_09       step 40000   auc 0.730208 rep_w 1.0   score  40k=1.4537
k3_r100_09b      step 40000   auc 0.998191 rep_w 1.0   score  40k=1.2927
k3_r100_09_lr33  step 40000   auc 0.997974 rep_w 1.0   score  40k=1.2483
k3_r100_09_lr17  step 40000   auc 0.998509 rep_w 1.0   score  40k=1.2612
k3_r100_09_lr56  step 200000  auc 0.999432 rep_w 1.0   score  40k=1.1820 100k=1.3170 200k=1.3189
k32_r100_09_lr56 step 40000   auc 0.730161 rep_w 1.0   score  40k=1.4404
k3_r100_09_mean  step 27400   auc 0.535472 rep_w 1.0   score  - COLLAPSED
k3_r100_09b_lr56 step 40000   auc 0.99887  rep_w 1.0   score  40k=1.2469
k32_r100_09_sum  step 40000   auc 0.991624 rep_w 1.0   score  40k=1.2161
k3_r100_09_lr45  step 40000   auc 0.997576 rep_w 1.0   score  40k=1.2912
k3_r100_09_lr70  step 40000   auc 0.99832  rep_w 1.0   score  40k=1.2192
lanes 0   trainers 0   heads 0   evals 0
===== 2026-09-09 17:32:55 =====
gpu 0, 20211 MiB, 80 %
gpu 1, 16750 MiB, 93 %
k3_r100_09       step 200000  auc 0.999517 rep_w 1.0   score  40k=1.3495 100k=1.3395 200k=1.3910
k32_r100_09      step 40000   auc 0.773158 rep_w 1.0   score  40k=1.4629
k32_r200_08      step 28500   auc 0.534748 rep_w 1.0   score  - COLLAPSED
k3_r100_09_dec   step 40000   auc 0.997382 rep_w 0.0   score  40k=1.3236
k32_r100_09_dec  step 19100   auc 0.501426 rep_w 0.0   score  - COLLAPSED
k8_r100_09       step 40000   auc 0.730208 rep_w 1.0   score  40k=1.4537
k3_r100_09b      step 40000   auc 0.998191 rep_w 1.0   score  40k=1.2927
k3_r100_09_lr33  step 40000   auc 0.997974 rep_w 1.0   score  40k=1.2483
k3_r100_09_lr17  step 40000   auc 0.998509 rep_w 1.0   score  40k=1.2612
k3_r100_09_lr56  step 200000  auc 0.999432 rep_w 1.0   score  40k=1.1820 100k=1.3170 200k=1.3189
k32_r100_09_lr56 step 40000   auc 0.730161 rep_w 1.0   score  40k=1.4404
k3_r100_09_mean  step 27400   auc 0.535472 rep_w 1.0   score  - COLLAPSED
k3_r100_09b_lr56 step 40000   auc 0.99887  rep_w 1.0   score  40k=1.2469
k32_r100_09_sum  step 40000   auc 0.991624 rep_w 1.0   score  40k=1.2161
k3_r100_09_lr45  step 40000   auc 0.997576 rep_w 1.0   score  40k=1.2912
k3_r100_09_lr70  step 40000   auc 0.99832  rep_w 1.0   score  40k=1.2192
lanes 0   trainers 0   heads 0   evals 0
===== 2026-09-09 17:49:12 =====
gpu 0, 20211 MiB, 81 %
gpu 1, 16750 MiB, 88 %
k3_r100_09       step 200000  auc 0.999517 rep_w 1.0   score  40k=1.3495 100k=1.3395 200k=1.3910
k32_r100_09      step 40000   auc 0.773158 rep_w 1.0   score  40k=1.4629
k32_r200_08      step 28500   auc 0.534748 rep_w 1.0   score  - COLLAPSED
k3_r100_09_dec   step 40000   auc 0.997382 rep_w 0.0   score  40k=1.3236
k32_r100_09_dec  step 19100   auc 0.501426 rep_w 0.0   score  - COLLAPSED
k8_r100_09       step 40000   auc 0.730208 rep_w 1.0   score  40k=1.4537
k3_r100_09b      step 40000   auc 0.998191 rep_w 1.0   score  40k=1.2927
k3_r100_09_lr33  step 40000   auc 0.997974 rep_w 1.0   score  40k=1.2483
k3_r100_09_lr17  step 40000   auc 0.998509 rep_w 1.0   score  40k=1.2612
k3_r100_09_lr56  step 200000  auc 0.999432 rep_w 1.0   score  40k=1.1820 100k=1.3170 200k=1.3189
k32_r100_09_lr56 step 40000   auc 0.730161 rep_w 1.0   score  40k=1.4404
k3_r100_09_mean  step 27400   auc 0.535472 rep_w 1.0   score  - COLLAPSED
k3_r100_09b_lr56 step 40000   auc 0.99887  rep_w 1.0   score  40k=1.2469
k32_r100_09_sum  step 40000   auc 0.991624 rep_w 1.0   score  40k=1.2161
k3_r100_09_lr45  step 40000   auc 0.997576 rep_w 1.0   score  40k=1.2912
k3_r100_09_lr70  step 40000   auc 0.99832  rep_w 1.0   score  40k=1.2192
lanes 0   trainers 0   heads 0   evals 0
===== 2026-09-09 18:05:29 =====
gpu 0, 20211 MiB, 85 %
gpu 1, 16750 MiB, 84 %
k3_r100_09       step 200000  auc 0.999517 rep_w 1.0   score  40k=1.3495 100k=1.3395 200k=1.3910
k32_r100_09      step 40000   auc 0.773158 rep_w 1.0   score  40k=1.4629
k32_r200_08      step 28500   auc 0.534748 rep_w 1.0   score  - COLLAPSED
k3_r100_09_dec   step 40000   auc 0.997382 rep_w 0.0   score  40k=1.3236
k32_r100_09_dec  step 19100   auc 0.501426 rep_w 0.0   score  - COLLAPSED
k8_r100_09       step 40000   auc 0.730208 rep_w 1.0   score  40k=1.4537
k3_r100_09b      step 40000   auc 0.998191 rep_w 1.0   score  40k=1.2927
k3_r100_09_lr33  step 40000   auc 0.997974 rep_w 1.0   score  40k=1.2483
k3_r100_09_lr17  step 40000   auc 0.998509 rep_w 1.0   score  40k=1.2612
k3_r100_09_lr56  step 200000  auc 0.999432 rep_w 1.0   score  40k=1.1820 100k=1.3170 200k=1.3189
k32_r100_09_lr56 step 40000   auc 0.730161 rep_w 1.0   score  40k=1.4404
k3_r100_09_mean  step 27400   auc 0.535472 rep_w 1.0   score  - COLLAPSED
k3_r100_09b_lr56 step 40000   auc 0.99887  rep_w 1.0   score  40k=1.2469
k32_r100_09_sum  step 40000   auc 0.991624 rep_w 1.0   score  40k=1.2161
k3_r100_09_lr45  step 40000   auc 0.997576 rep_w 1.0   score  40k=1.2912
k3_r100_09_lr70  step 40000   auc 0.99832  rep_w 1.0   score  40k=1.2192
lanes 0   trainers 0   heads 0   evals 0
===== 2026-09-09 18:21:46 =====
gpu 0, 20211 MiB, 74 %
gpu 1, 16750 MiB, 88 %
k3_r100_09       step 200000  auc 0.999517 rep_w 1.0   score  40k=1.3495 100k=1.3395 200k=1.3910
k32_r100_09      step 40000   auc 0.773158 rep_w 1.0   score  40k=1.4629
k32_r200_08      step 28500   auc 0.534748 rep_w 1.0   score  - COLLAPSED
k3_r100_09_dec   step 40000   auc 0.997382 rep_w 0.0   score  40k=1.3236
k32_r100_09_dec  step 19100   auc 0.501426 rep_w 0.0   score  - COLLAPSED
k8_r100_09       step 40000   auc 0.730208 rep_w 1.0   score  40k=1.4537
k3_r100_09b      step 40000   auc 0.998191 rep_w 1.0   score  40k=1.2927
k3_r100_09_lr33  step 40000   auc 0.997974 rep_w 1.0   score  40k=1.2483
k3_r100_09_lr17  step 40000   auc 0.998509 rep_w 1.0   score  40k=1.2612
k3_r100_09_lr56  step 200000  auc 0.999432 rep_w 1.0   score  40k=1.1820 100k=1.3170 200k=1.3189
k32_r100_09_lr56 step 40000   auc 0.730161 rep_w 1.0   score  40k=1.4404
k3_r100_09_mean  step 27400   auc 0.535472 rep_w 1.0   score  - COLLAPSED
k3_r100_09b_lr56 step 40000   auc 0.99887  rep_w 1.0   score  40k=1.2469
k32_r100_09_sum  step 40000   auc 0.991624 rep_w 1.0   score  40k=1.2161
k3_r100_09_lr45  step 40000   auc 0.997576 rep_w 1.0   score  40k=1.2912
k3_r100_09_lr70  step 40000   auc 0.99832  rep_w 1.0   score  40k=1.2192
lanes 0   trainers 0   heads 0   evals 0
===== 2026-09-09 18:38:04 =====
gpu 0, 20211 MiB, 90 %
gpu 1, 16750 MiB, 89 %
k3_r100_09       step 200000  auc 0.999517 rep_w 1.0   score  40k=1.3495 100k=1.3395 200k=1.3910
k32_r100_09      step 40000   auc 0.773158 rep_w 1.0   score  40k=1.4629
k32_r200_08      step 28500   auc 0.534748 rep_w 1.0   score  - COLLAPSED
k3_r100_09_dec   step 40000   auc 0.997382 rep_w 0.0   score  40k=1.3236
k32_r100_09_dec  step 19100   auc 0.501426 rep_w 0.0   score  - COLLAPSED
k8_r100_09       step 40000   auc 0.730208 rep_w 1.0   score  40k=1.4537
k3_r100_09b      step 40000   auc 0.998191 rep_w 1.0   score  40k=1.2927
k3_r100_09_lr33  step 40000   auc 0.997974 rep_w 1.0   score  40k=1.2483
k3_r100_09_lr17  step 40000   auc 0.998509 rep_w 1.0   score  40k=1.2612
k3_r100_09_lr56  step 200000  auc 0.999432 rep_w 1.0   score  40k=1.1820 100k=1.3170 200k=1.3189
k32_r100_09_lr56 step 40000   auc 0.730161 rep_w 1.0   score  40k=1.4404
k3_r100_09_mean  step 27400   auc 0.535472 rep_w 1.0   score  - COLLAPSED
k3_r100_09b_lr56 step 40000   auc 0.99887  rep_w 1.0   score  40k=1.2469
k32_r100_09_sum  step 40000   auc 0.991624 rep_w 1.0   score  40k=1.2161
k3_r100_09_lr45  step 40000   auc 0.997576 rep_w 1.0   score  40k=1.2912
k3_r100_09_lr70  step 40000   auc 0.99832  rep_w 1.0   score  40k=1.2192
lanes 0   trainers 0   heads 0   evals 0
===== 2026-09-09 18:54:21 =====
gpu 0, 20211 MiB, 82 %
gpu 1, 16750 MiB, 87 %
k3_r100_09       step 200000  auc 0.999517 rep_w 1.0   score  40k=1.3495 100k=1.3395 200k=1.3910
k32_r100_09      step 40000   auc 0.773158 rep_w 1.0   score  40k=1.4629
k32_r200_08      step 28500   auc 0.534748 rep_w 1.0   score  - COLLAPSED
k3_r100_09_dec   step 40000   auc 0.997382 rep_w 0.0   score  40k=1.3236
k32_r100_09_dec  step 19100   auc 0.501426 rep_w 0.0   score  - COLLAPSED
k8_r100_09       step 40000   auc 0.730208 rep_w 1.0   score  40k=1.4537
k3_r100_09b      step 40000   auc 0.998191 rep_w 1.0   score  40k=1.2927
k3_r100_09_lr33  step 40000   auc 0.997974 rep_w 1.0   score  40k=1.2483
k3_r100_09_lr17  step 40000   auc 0.998509 rep_w 1.0   score  40k=1.2612
k3_r100_09_lr56  step 200000  auc 0.999432 rep_w 1.0   score  40k=1.1820 100k=1.3170 200k=1.3189
k32_r100_09_lr56 step 40000   auc 0.730161 rep_w 1.0   score  40k=1.4404
k3_r100_09_mean  step 27400   auc 0.535472 rep_w 1.0   score  - COLLAPSED
k3_r100_09b_lr56 step 40000   auc 0.99887  rep_w 1.0   score  40k=1.2469
k32_r100_09_sum  step 40000   auc 0.991624 rep_w 1.0   score  40k=1.2161
k3_r100_09_lr45  step 40000   auc 0.997576 rep_w 1.0   score  40k=1.2912
k3_r100_09_lr70  step 40000   auc 0.99832  rep_w 1.0   score  40k=1.2192
lanes 0   trainers 0   heads 0   evals 0
===== 2026-09-09 19:10:39 =====
gpu 0, 20211 MiB, 91 %
gpu 1, 16750 MiB, 86 %
k3_r100_09       step 200000  auc 0.999517 rep_w 1.0   score  40k=1.3495 100k=1.3395 200k=1.3910
k32_r100_09      step 40000   auc 0.773158 rep_w 1.0   score  40k=1.4629
k32_r200_08      step 28500   auc 0.534748 rep_w 1.0   score  - COLLAPSED
k3_r100_09_dec   step 40000   auc 0.997382 rep_w 0.0   score  40k=1.3236
k32_r100_09_dec  step 19100   auc 0.501426 rep_w 0.0   score  - COLLAPSED
k8_r100_09       step 40000   auc 0.730208 rep_w 1.0   score  40k=1.4537
k3_r100_09b      step 40000   auc 0.998191 rep_w 1.0   score  40k=1.2927
k3_r100_09_lr33  step 40000   auc 0.997974 rep_w 1.0   score  40k=1.2483
k3_r100_09_lr17  step 40000   auc 0.998509 rep_w 1.0   score  40k=1.2612
k3_r100_09_lr56  step 200000  auc 0.999432 rep_w 1.0   score  40k=1.1820 100k=1.3170 200k=1.3189
k32_r100_09_lr56 step 40000   auc 0.730161 rep_w 1.0   score  40k=1.4404
k3_r100_09_mean  step 27400   auc 0.535472 rep_w 1.0   score  - COLLAPSED
k3_r100_09b_lr56 step 40000   auc 0.99887  rep_w 1.0   score  40k=1.2469
k32_r100_09_sum  step 40000   auc 0.991624 rep_w 1.0   score  40k=1.2161
k3_r100_09_lr45  step 40000   auc 0.997576 rep_w 1.0   score  40k=1.2912
k3_r100_09_lr70  step 40000   auc 0.99832  rep_w 1.0   score  40k=1.2192
lanes 0   trainers 0   heads 0   evals 0
===== 2026-09-09 19:26:57 =====
gpu 0, 20211 MiB, 68 %
gpu 1, 16750 MiB, 81 %
k3_r100_09       step 200000  auc 0.999517 rep_w 1.0   score  40k=1.3495 100k=1.3395 200k=1.3910
k32_r100_09      step 40000   auc 0.773158 rep_w 1.0   score  40k=1.4629
k32_r200_08      step 28500   auc 0.534748 rep_w 1.0   score  - COLLAPSED
k3_r100_09_dec   step 40000   auc 0.997382 rep_w 0.0   score  40k=1.3236
k32_r100_09_dec  step 19100   auc 0.501426 rep_w 0.0   score  - COLLAPSED
k8_r100_09       step 40000   auc 0.730208 rep_w 1.0   score  40k=1.4537
k3_r100_09b      step 40000   auc 0.998191 rep_w 1.0   score  40k=1.2927
k3_r100_09_lr33  step 40000   auc 0.997974 rep_w 1.0   score  40k=1.2483
k3_r100_09_lr17  step 40000   auc 0.998509 rep_w 1.0   score  40k=1.2612
k3_r100_09_lr56  step 200000  auc 0.999432 rep_w 1.0   score  40k=1.1820 100k=1.3170 200k=1.3189
k32_r100_09_lr56 step 40000   auc 0.730161 rep_w 1.0   score  40k=1.4404
k3_r100_09_mean  step 27400   auc 0.535472 rep_w 1.0   score  - COLLAPSED
k3_r100_09b_lr56 step 40000   auc 0.99887  rep_w 1.0   score  40k=1.2469
k32_r100_09_sum  step 40000   auc 0.991624 rep_w 1.0   score  40k=1.2161
k3_r100_09_lr45  step 40000   auc 0.997576 rep_w 1.0   score  40k=1.2912
k3_r100_09_lr70  step 40000   auc 0.99832  rep_w 1.0   score  40k=1.2192
lanes 0   trainers 0   heads 0   evals 0
===== 2026-09-09 19:43:12 =====
gpu 0, 20211 MiB, 83 %
gpu 1, 16750 MiB, 82 %
k3_r100_09       step 200000  auc 0.999517 rep_w 1.0   score  40k=1.3495 100k=1.3395 200k=1.3910
k32_r100_09      step 40000   auc 0.773158 rep_w 1.0   score  40k=1.4629
k32_r200_08      step 28500   auc 0.534748 rep_w 1.0   score  - COLLAPSED
k3_r100_09_dec   step 40000   auc 0.997382 rep_w 0.0   score  40k=1.3236
k32_r100_09_dec  step 19100   auc 0.501426 rep_w 0.0   score  - COLLAPSED
k8_r100_09       step 40000   auc 0.730208 rep_w 1.0   score  40k=1.4537
k3_r100_09b      step 40000   auc 0.998191 rep_w 1.0   score  40k=1.2927
k3_r100_09_lr33  step 40000   auc 0.997974 rep_w 1.0   score  40k=1.2483
k3_r100_09_lr17  step 40000   auc 0.998509 rep_w 1.0   score  40k=1.2612
k3_r100_09_lr56  step 200000  auc 0.999432 rep_w 1.0   score  40k=1.1820 100k=1.3170 200k=1.3189
k32_r100_09_lr56 step 40000   auc 0.730161 rep_w 1.0   score  40k=1.4404
k3_r100_09_mean  step 27400   auc 0.535472 rep_w 1.0   score  - COLLAPSED
k3_r100_09b_lr56 step 40000   auc 0.99887  rep_w 1.0   score  40k=1.2469
k32_r100_09_sum  step 40000   auc 0.991624 rep_w 1.0   score  40k=1.2161
k3_r100_09_lr45  step 40000   auc 0.997576 rep_w 1.0   score  40k=1.2912
k3_r100_09_lr70  step 40000   auc 0.99832  rep_w 1.0   score  40k=1.2192
lanes 0   trainers 0   heads 0   evals 0
===== 2026-09-09 19:59:28 =====
gpu 0, 20211 MiB, 91 %
gpu 1, 16750 MiB, 82 %
k3_r100_09       step 200000  auc 0.999517 rep_w 1.0   score  40k=1.3495 100k=1.3395 200k=1.3910
k32_r100_09      step 40000   auc 0.773158 rep_w 1.0   score  40k=1.4629
k32_r200_08      step 28500   auc 0.534748 rep_w 1.0   score  - COLLAPSED
k3_r100_09_dec   step 40000   auc 0.997382 rep_w 0.0   score  40k=1.3236
k32_r100_09_dec  step 19100   auc 0.501426 rep_w 0.0   score  - COLLAPSED
k8_r100_09       step 40000   auc 0.730208 rep_w 1.0   score  40k=1.4537
k3_r100_09b      step 40000   auc 0.998191 rep_w 1.0   score  40k=1.2927
k3_r100_09_lr33  step 40000   auc 0.997974 rep_w 1.0   score  40k=1.2483
k3_r100_09_lr17  step 40000   auc 0.998509 rep_w 1.0   score  40k=1.2612
k3_r100_09_lr56  step 200000  auc 0.999432 rep_w 1.0   score  40k=1.1820 100k=1.3170 200k=1.3189
k32_r100_09_lr56 step 40000   auc 0.730161 rep_w 1.0   score  40k=1.4404
k3_r100_09_mean  step 27400   auc 0.535472 rep_w 1.0   score  - COLLAPSED
k3_r100_09b_lr56 step 40000   auc 0.99887  rep_w 1.0   score  40k=1.2469
k32_r100_09_sum  step 40000   auc 0.991624 rep_w 1.0   score  40k=1.2161
k3_r100_09_lr45  step 40000   auc 0.997576 rep_w 1.0   score  40k=1.2912
k3_r100_09_lr70  step 40000   auc 0.99832  rep_w 1.0   score  40k=1.2192
lanes 0   trainers 0   heads 0   evals 0
===== 2026-09-09 20:15:43 =====
gpu 0, 20211 MiB, 85 %
gpu 1, 16750 MiB, 85 %
k3_r100_09       step 200000  auc 0.999517 rep_w 1.0   score  40k=1.3495 100k=1.3395 200k=1.3910
k32_r100_09      step 40000   auc 0.773158 rep_w 1.0   score  40k=1.4629
k32_r200_08      step 28500   auc 0.534748 rep_w 1.0   score  - COLLAPSED
k3_r100_09_dec   step 40000   auc 0.997382 rep_w 0.0   score  40k=1.3236
k32_r100_09_dec  step 19100   auc 0.501426 rep_w 0.0   score  - COLLAPSED
k8_r100_09       step 40000   auc 0.730208 rep_w 1.0   score  40k=1.4537
k3_r100_09b      step 40000   auc 0.998191 rep_w 1.0   score  40k=1.2927
k3_r100_09_lr33  step 40000   auc 0.997974 rep_w 1.0   score  40k=1.2483
k3_r100_09_lr17  step 40000   auc 0.998509 rep_w 1.0   score  40k=1.2612
k3_r100_09_lr56  step 200000  auc 0.999432 rep_w 1.0   score  40k=1.1820 100k=1.3170 200k=1.3189
k32_r100_09_lr56 step 40000   auc 0.730161 rep_w 1.0   score  40k=1.4404
k3_r100_09_mean  step 27400   auc 0.535472 rep_w 1.0   score  - COLLAPSED
k3_r100_09b_lr56 step 40000   auc 0.99887  rep_w 1.0   score  40k=1.2469
k32_r100_09_sum  step 40000   auc 0.991624 rep_w 1.0   score  40k=1.2161
k3_r100_09_lr45  step 40000   auc 0.997576 rep_w 1.0   score  40k=1.2912
k3_r100_09_lr70  step 40000   auc 0.99832  rep_w 1.0   score  40k=1.2192
lanes 0   trainers 0   heads 0   evals 0
===== 2026-09-09 20:31:57 =====
gpu 0, 20211 MiB, 91 %
gpu 1, 16750 MiB, 89 %
k3_r100_09       step 200000  auc 0.999517 rep_w 1.0   score  40k=1.3495 100k=1.3395 200k=1.3910
k32_r100_09      step 40000   auc 0.773158 rep_w 1.0   score  40k=1.4629
k32_r200_08      step 28500   auc 0.534748 rep_w 1.0   score  - COLLAPSED
k3_r100_09_dec   step 40000   auc 0.997382 rep_w 0.0   score  40k=1.3236
k32_r100_09_dec  step 19100   auc 0.501426 rep_w 0.0   score  - COLLAPSED
k8_r100_09       step 40000   auc 0.730208 rep_w 1.0   score  40k=1.4537
k3_r100_09b      step 40000   auc 0.998191 rep_w 1.0   score  40k=1.2927
k3_r100_09_lr33  step 40000   auc 0.997974 rep_w 1.0   score  40k=1.2483
k3_r100_09_lr17  step 40000   auc 0.998509 rep_w 1.0   score  40k=1.2612
k3_r100_09_lr56  step 200000  auc 0.999432 rep_w 1.0   score  40k=1.1820 100k=1.3170 200k=1.3189
k32_r100_09_lr56 step 40000   auc 0.730161 rep_w 1.0   score  40k=1.4404
k3_r100_09_mean  step 27400   auc 0.535472 rep_w 1.0   score  - COLLAPSED
k3_r100_09b_lr56 step 40000   auc 0.99887  rep_w 1.0   score  40k=1.2469
k32_r100_09_sum  step 40000   auc 0.991624 rep_w 1.0   score  40k=1.2161
k3_r100_09_lr45  step 40000   auc 0.997576 rep_w 1.0   score  40k=1.2912
k3_r100_09_lr70  step 40000   auc 0.99832  rep_w 1.0   score  40k=1.2192
lanes 0   trainers 0   heads 0   evals 0
===== 2026-09-09 20:48:12 =====
gpu 0, 20211 MiB, 84 %
gpu 1, 16750 MiB, 82 %
k3_r100_09       step 200000  auc 0.999517 rep_w 1.0   score  40k=1.3495 100k=1.3395 200k=1.3910
k32_r100_09      step 40000   auc 0.773158 rep_w 1.0   score  40k=1.4629
k32_r200_08      step 28500   auc 0.534748 rep_w 1.0   score  - COLLAPSED
k3_r100_09_dec   step 40000   auc 0.997382 rep_w 0.0   score  40k=1.3236
k32_r100_09_dec  step 19100   auc 0.501426 rep_w 0.0   score  - COLLAPSED
k8_r100_09       step 40000   auc 0.730208 rep_w 1.0   score  40k=1.4537
k3_r100_09b      step 40000   auc 0.998191 rep_w 1.0   score  40k=1.2927
k3_r100_09_lr33  step 40000   auc 0.997974 rep_w 1.0   score  40k=1.2483
k3_r100_09_lr17  step 40000   auc 0.998509 rep_w 1.0   score  40k=1.2612
k3_r100_09_lr56  step 200000  auc 0.999432 rep_w 1.0   score  40k=1.1820 100k=1.3170 200k=1.3189
k32_r100_09_lr56 step 40000   auc 0.730161 rep_w 1.0   score  40k=1.4404
k3_r100_09_mean  step 27400   auc 0.535472 rep_w 1.0   score  - COLLAPSED
k3_r100_09b_lr56 step 40000   auc 0.99887  rep_w 1.0   score  40k=1.2469
k32_r100_09_sum  step 40000   auc 0.991624 rep_w 1.0   score  40k=1.2161
k3_r100_09_lr45  step 40000   auc 0.997576 rep_w 1.0   score  40k=1.2912
k3_r100_09_lr70  step 40000   auc 0.99832  rep_w 1.0   score  40k=1.2192
lanes 0   trainers 0   heads 0   evals 0
===== 2026-09-09 21:04:27 =====
gpu 0, 20211 MiB, 90 %
gpu 1, 16750 MiB, 88 %
k3_r100_09       step 200000  auc 0.999517 rep_w 1.0   score  40k=1.3495 100k=1.3395 200k=1.3910
k32_r100_09      step 40000   auc 0.773158 rep_w 1.0   score  40k=1.4629
k32_r200_08      step 28500   auc 0.534748 rep_w 1.0   score  - COLLAPSED
k3_r100_09_dec   step 40000   auc 0.997382 rep_w 0.0   score  40k=1.3236
k32_r100_09_dec  step 19100   auc 0.501426 rep_w 0.0   score  - COLLAPSED
k8_r100_09       step 40000   auc 0.730208 rep_w 1.0   score  40k=1.4537
k3_r100_09b      step 40000   auc 0.998191 rep_w 1.0   score  40k=1.2927
k3_r100_09_lr33  step 40000   auc 0.997974 rep_w 1.0   score  40k=1.2483
k3_r100_09_lr17  step 40000   auc 0.998509 rep_w 1.0   score  40k=1.2612
k3_r100_09_lr56  step 200000  auc 0.999432 rep_w 1.0   score  40k=1.1820 100k=1.3170 200k=1.3189
k32_r100_09_lr56 step 40000   auc 0.730161 rep_w 1.0   score  40k=1.4404
k3_r100_09_mean  step 27400   auc 0.535472 rep_w 1.0   score  - COLLAPSED
k3_r100_09b_lr56 step 40000   auc 0.99887  rep_w 1.0   score  40k=1.2469
k32_r100_09_sum  step 40000   auc 0.991624 rep_w 1.0   score  40k=1.2161
k3_r100_09_lr45  step 40000   auc 0.997576 rep_w 1.0   score  40k=1.2912
k3_r100_09_lr70  step 40000   auc 0.99832  rep_w 1.0   score  40k=1.2192
lanes 0   trainers 0   heads 0   evals 0
===== 2026-09-09 21:20:42 =====
gpu 0, 20211 MiB, 86 %
gpu 1, 16750 MiB, 82 %
k3_r100_09       step 200000  auc 0.999517 rep_w 1.0   score  40k=1.3495 100k=1.3395 200k=1.3910
k32_r100_09      step 40000   auc 0.773158 rep_w 1.0   score  40k=1.4629
k32_r200_08      step 28500   auc 0.534748 rep_w 1.0   score  - COLLAPSED
k3_r100_09_dec   step 40000   auc 0.997382 rep_w 0.0   score  40k=1.3236
k32_r100_09_dec  step 19100   auc 0.501426 rep_w 0.0   score  - COLLAPSED
k8_r100_09       step 40000   auc 0.730208 rep_w 1.0   score  40k=1.4537
k3_r100_09b      step 40000   auc 0.998191 rep_w 1.0   score  40k=1.2927
k3_r100_09_lr33  step 40000   auc 0.997974 rep_w 1.0   score  40k=1.2483
k3_r100_09_lr17  step 40000   auc 0.998509 rep_w 1.0   score  40k=1.2612
k3_r100_09_lr56  step 200000  auc 0.999432 rep_w 1.0   score  40k=1.1820 100k=1.3170 200k=1.3189
k32_r100_09_lr56 step 40000   auc 0.730161 rep_w 1.0   score  40k=1.4404
k3_r100_09_mean  step 27400   auc 0.535472 rep_w 1.0   score  - COLLAPSED
k3_r100_09b_lr56 step 40000   auc 0.99887  rep_w 1.0   score  40k=1.2469
k32_r100_09_sum  step 40000   auc 0.991624 rep_w 1.0   score  40k=1.2161
k3_r100_09_lr45  step 40000   auc 0.997576 rep_w 1.0   score  40k=1.2912
k3_r100_09_lr70  step 40000   auc 0.99832  rep_w 1.0   score  40k=1.2192
lanes 0   trainers 0   heads 0   evals 0
===== 2026-09-09 21:36:56 =====
gpu 0, 20211 MiB, 81 %
gpu 1, 16750 MiB, 90 %
k3_r100_09       step 200000  auc 0.999517 rep_w 1.0   score  40k=1.3495 100k=1.3395 200k=1.3910
k32_r100_09      step 40000   auc 0.773158 rep_w 1.0   score  40k=1.4629
k32_r200_08      step 28500   auc 0.534748 rep_w 1.0   score  - COLLAPSED
k3_r100_09_dec   step 40000   auc 0.997382 rep_w 0.0   score  40k=1.3236
k32_r100_09_dec  step 19100   auc 0.501426 rep_w 0.0   score  - COLLAPSED
k8_r100_09       step 40000   auc 0.730208 rep_w 1.0   score  40k=1.4537
k3_r100_09b      step 40000   auc 0.998191 rep_w 1.0   score  40k=1.2927
k3_r100_09_lr33  step 40000   auc 0.997974 rep_w 1.0   score  40k=1.2483
k3_r100_09_lr17  step 40000   auc 0.998509 rep_w 1.0   score  40k=1.2612
k3_r100_09_lr56  step 200000  auc 0.999432 rep_w 1.0   score  40k=1.1820 100k=1.3170 200k=1.3189
k32_r100_09_lr56 step 40000   auc 0.730161 rep_w 1.0   score  40k=1.4404
k3_r100_09_mean  step 27400   auc 0.535472 rep_w 1.0   score  - COLLAPSED
k3_r100_09b_lr56 step 40000   auc 0.99887  rep_w 1.0   score  40k=1.2469
k32_r100_09_sum  step 40000   auc 0.991624 rep_w 1.0   score  40k=1.2161
k3_r100_09_lr45  step 40000   auc 0.997576 rep_w 1.0   score  40k=1.2912
k3_r100_09_lr70  step 40000   auc 0.99832  rep_w 1.0   score  40k=1.2192
lanes 0   trainers 0   heads 0   evals 0
===== 2026-09-09 21:53:11 =====
gpu 0, 20211 MiB, 90 %
gpu 1, 16750 MiB, 83 %
k3_r100_09       step 200000  auc 0.999517 rep_w 1.0   score  40k=1.3495 100k=1.3395 200k=1.3910
k32_r100_09      step 40000   auc 0.773158 rep_w 1.0   score  40k=1.4629
k32_r200_08      step 28500   auc 0.534748 rep_w 1.0   score  - COLLAPSED
k3_r100_09_dec   step 40000   auc 0.997382 rep_w 0.0   score  40k=1.3236
k32_r100_09_dec  step 19100   auc 0.501426 rep_w 0.0   score  - COLLAPSED
k8_r100_09       step 40000   auc 0.730208 rep_w 1.0   score  40k=1.4537
k3_r100_09b      step 40000   auc 0.998191 rep_w 1.0   score  40k=1.2927
k3_r100_09_lr33  step 40000   auc 0.997974 rep_w 1.0   score  40k=1.2483
k3_r100_09_lr17  step 40000   auc 0.998509 rep_w 1.0   score  40k=1.2612
k3_r100_09_lr56  step 200000  auc 0.999432 rep_w 1.0   score  40k=1.1820 100k=1.3170 200k=1.3189
k32_r100_09_lr56 step 40000   auc 0.730161 rep_w 1.0   score  40k=1.4404
k3_r100_09_mean  step 27400   auc 0.535472 rep_w 1.0   score  - COLLAPSED
k3_r100_09b_lr56 step 40000   auc 0.99887  rep_w 1.0   score  40k=1.2469
k32_r100_09_sum  step 40000   auc 0.991624 rep_w 1.0   score  40k=1.2161
k3_r100_09_lr45  step 40000   auc 0.997576 rep_w 1.0   score  40k=1.2912
k3_r100_09_lr70  step 40000   auc 0.99832  rep_w 1.0   score  40k=1.2192
lanes 0   trainers 0   heads 0   evals 0
===== 2026-09-09 22:09:26 =====
gpu 0, 20211 MiB, 91 %
gpu 1, 16750 MiB, 56 %
k3_r100_09       step 200000  auc 0.999517 rep_w 1.0   score  40k=1.3495 100k=1.3395 200k=1.3910
k32_r100_09      step 40000   auc 0.773158 rep_w 1.0   score  40k=1.4629
k32_r200_08      step 28500   auc 0.534748 rep_w 1.0   score  - COLLAPSED
k3_r100_09_dec   step 40000   auc 0.997382 rep_w 0.0   score  40k=1.3236
k32_r100_09_dec  step 19100   auc 0.501426 rep_w 0.0   score  - COLLAPSED
k8_r100_09       step 40000   auc 0.730208 rep_w 1.0   score  40k=1.4537
k3_r100_09b      step 40000   auc 0.998191 rep_w 1.0   score  40k=1.2927
k3_r100_09_lr33  step 40000   auc 0.997974 rep_w 1.0   score  40k=1.2483
k3_r100_09_lr17  step 40000   auc 0.998509 rep_w 1.0   score  40k=1.2612
k3_r100_09_lr56  step 200000  auc 0.999432 rep_w 1.0   score  40k=1.1820 100k=1.3170 200k=1.3189
k32_r100_09_lr56 step 40000   auc 0.730161 rep_w 1.0   score  40k=1.4404
k3_r100_09_mean  step 27400   auc 0.535472 rep_w 1.0   score  - COLLAPSED
k3_r100_09b_lr56 step 40000   auc 0.99887  rep_w 1.0   score  40k=1.2469
k32_r100_09_sum  step 40000   auc 0.991624 rep_w 1.0   score  40k=1.2161
k3_r100_09_lr45  step 40000   auc 0.997576 rep_w 1.0   score  40k=1.2912
k3_r100_09_lr70  step 40000   auc 0.99832  rep_w 1.0   score  40k=1.2192
lanes 0   trainers 0   heads 0   evals 0
===== 2026-09-09 22:25:38 =====
gpu 0, 21443 MiB, 76 %
gpu 1, 16750 MiB, 80 %
k3_r100_09       step 200000  auc 0.999517 rep_w 1.0   score  40k=1.3495 100k=1.3395 200k=1.3910
k32_r100_09      step 40000   auc 0.773158 rep_w 1.0   score  40k=1.4629
k32_r200_08      step 28500   auc 0.534748 rep_w 1.0   score  - COLLAPSED
k3_r100_09_dec   step 40000   auc 0.997382 rep_w 0.0   score  40k=1.3236
k32_r100_09_dec  step 19100   auc 0.501426 rep_w 0.0   score  - COLLAPSED
k8_r100_09       step 40000   auc 0.730208 rep_w 1.0   score  40k=1.4537
k3_r100_09b      step 40000   auc 0.998191 rep_w 1.0   score  40k=1.2927
k3_r100_09_lr33  step 40000   auc 0.997974 rep_w 1.0   score  40k=1.2483
k3_r100_09_lr17  step 40000   auc 0.998509 rep_w 1.0   score  40k=1.2612
k3_r100_09_lr56  step 200000  auc 0.999432 rep_w 1.0   score  40k=1.1820 100k=1.3170 200k=1.3189
k32_r100_09_lr56 step 40000   auc 0.730161 rep_w 1.0   score  40k=1.4404
k3_r100_09_mean  step 27400   auc 0.535472 rep_w 1.0   score  - COLLAPSED
k3_r100_09b_lr56 step 40000   auc 0.99887  rep_w 1.0   score  40k=1.2469
k32_r100_09_sum  step 40000   auc 0.991624 rep_w 1.0   score  40k=1.2161
k3_r100_09_lr45  step 40000   auc 0.997576 rep_w 1.0   score  40k=1.2912
k3_r100_09_lr70  step 40000   auc 0.99832  rep_w 1.0   score  40k=1.2192
lanes 0   trainers 0   heads 0   evals 0
===== 2026-09-09 22:41:56 =====
gpu 0, 21443 MiB, 70 %
gpu 1, 16750 MiB, 19 %
k3_r100_09       step 200000  auc 0.999517 rep_w 1.0   score  40k=1.3495 100k=1.3395 200k=1.3910
k32_r100_09      step 40000   auc 0.773158 rep_w 1.0   score  40k=1.4629
k32_r200_08      step 28500   auc 0.534748 rep_w 1.0   score  - COLLAPSED
k3_r100_09_dec   step 40000   auc 0.997382 rep_w 0.0   score  40k=1.3236
k32_r100_09_dec  step 19100   auc 0.501426 rep_w 0.0   score  - COLLAPSED
k8_r100_09       step 40000   auc 0.730208 rep_w 1.0   score  40k=1.4537
k3_r100_09b      step 40000   auc 0.998191 rep_w 1.0   score  40k=1.2927
k3_r100_09_lr33  step 40000   auc 0.997974 rep_w 1.0   score  40k=1.2483
k3_r100_09_lr17  step 40000   auc 0.998509 rep_w 1.0   score  40k=1.2612
k3_r100_09_lr56  step 200000  auc 0.999432 rep_w 1.0   score  40k=1.1820 100k=1.3170 200k=1.3189
k32_r100_09_lr56 step 40000   auc 0.730161 rep_w 1.0   score  40k=1.4404
k3_r100_09_mean  step 27400   auc 0.535472 rep_w 1.0   score  - COLLAPSED
k3_r100_09b_lr56 step 40000   auc 0.99887  rep_w 1.0   score  40k=1.2469
k32_r100_09_sum  step 40000   auc 0.991624 rep_w 1.0   score  40k=1.2161
k3_r100_09_lr45  step 40000   auc 0.997576 rep_w 1.0   score  40k=1.2912
k3_r100_09_lr70  step 40000   auc 0.99832  rep_w 1.0   score  40k=1.2192
lanes 0   trainers 0   heads 0   evals 0
===== 2026-09-09 22:58:15 =====
gpu 0, 21443 MiB, 71 %
gpu 1, 16750 MiB, 81 %
k3_r100_09       step 200000  auc 0.999517 rep_w 1.0   score  40k=1.3495 100k=1.3395 200k=1.3910
k32_r100_09      step 40000   auc 0.773158 rep_w 1.0   score  40k=1.4629
k32_r200_08      step 28500   auc 0.534748 rep_w 1.0   score  - COLLAPSED
k3_r100_09_dec   step 40000   auc 0.997382 rep_w 0.0   score  40k=1.3236
k32_r100_09_dec  step 19100   auc 0.501426 rep_w 0.0   score  - COLLAPSED
k8_r100_09       step 40000   auc 0.730208 rep_w 1.0   score  40k=1.4537
k3_r100_09b      step 40000   auc 0.998191 rep_w 1.0   score  40k=1.2927
k3_r100_09_lr33  step 40000   auc 0.997974 rep_w 1.0   score  40k=1.2483
k3_r100_09_lr17  step 40000   auc 0.998509 rep_w 1.0   score  40k=1.2612
k3_r100_09_lr56  step 200000  auc 0.999432 rep_w 1.0   score  40k=1.1820 100k=1.3170 200k=1.3189
k32_r100_09_lr56 step 40000   auc 0.730161 rep_w 1.0   score  40k=1.4404
k3_r100_09_mean  step 27400   auc 0.535472 rep_w 1.0   score  - COLLAPSED
k3_r100_09b_lr56 step 40000   auc 0.99887  rep_w 1.0   score  40k=1.2469
k32_r100_09_sum  step 40000   auc 0.991624 rep_w 1.0   score  40k=1.2161
k3_r100_09_lr45  step 40000   auc 0.997576 rep_w 1.0   score  40k=1.2912
k3_r100_09_lr70  step 40000   auc 0.99832  rep_w 1.0   score  40k=1.2192
lanes 0   trainers 0   heads 0   evals 0
===== 2026-09-09 23:14:33 =====
gpu 0, 21443 MiB, 65 %
gpu 1, 16750 MiB, 34 %
k3_r100_09       step 200000  auc 0.999517 rep_w 1.0   score  40k=1.3495 100k=1.3395 200k=1.3910
k32_r100_09      step 40000   auc 0.773158 rep_w 1.0   score  40k=1.4629
k32_r200_08      step 28500   auc 0.534748 rep_w 1.0   score  - COLLAPSED
k3_r100_09_dec   step 40000   auc 0.997382 rep_w 0.0   score  40k=1.3236
k32_r100_09_dec  step 19100   auc 0.501426 rep_w 0.0   score  - COLLAPSED
k8_r100_09       step 40000   auc 0.730208 rep_w 1.0   score  40k=1.4537
k3_r100_09b      step 40000   auc 0.998191 rep_w 1.0   score  40k=1.2927
k3_r100_09_lr33  step 40000   auc 0.997974 rep_w 1.0   score  40k=1.2483
k3_r100_09_lr17  step 40000   auc 0.998509 rep_w 1.0   score  40k=1.2612
k3_r100_09_lr56  step 200000  auc 0.999432 rep_w 1.0   score  40k=1.1820 100k=1.3170 200k=1.3189
k32_r100_09_lr56 step 40000   auc 0.730161 rep_w 1.0   score  40k=1.4404
k3_r100_09_mean  step 27400   auc 0.535472 rep_w 1.0   score  - COLLAPSED
k3_r100_09b_lr56 step 40000   auc 0.99887  rep_w 1.0   score  40k=1.2469
k32_r100_09_sum  step 40000   auc 0.991624 rep_w 1.0   score  40k=1.2161
k3_r100_09_lr45  step 40000   auc 0.997576 rep_w 1.0   score  40k=1.2912
k3_r100_09_lr70  step 40000   auc 0.99832  rep_w 1.0   score  40k=1.2192
lanes 0   trainers 0   heads 0   evals 0
===== 2026-09-09 23:30:52 =====
gpu 0, 21443 MiB, 63 %
gpu 1, 16750 MiB, 73 %
k3_r100_09       step 200000  auc 0.999517 rep_w 1.0   score  40k=1.3495 100k=1.3395 200k=1.3910
k32_r100_09      step 40000   auc 0.773158 rep_w 1.0   score  40k=1.4629
k32_r200_08      step 28500   auc 0.534748 rep_w 1.0   score  - COLLAPSED
k3_r100_09_dec   step 40000   auc 0.997382 rep_w 0.0   score  40k=1.3236
k32_r100_09_dec  step 19100   auc 0.501426 rep_w 0.0   score  - COLLAPSED
k8_r100_09       step 40000   auc 0.730208 rep_w 1.0   score  40k=1.4537
k3_r100_09b      step 40000   auc 0.998191 rep_w 1.0   score  40k=1.2927
k3_r100_09_lr33  step 40000   auc 0.997974 rep_w 1.0   score  40k=1.2483
k3_r100_09_lr17  step 40000   auc 0.998509 rep_w 1.0   score  40k=1.2612
k3_r100_09_lr56  step 200000  auc 0.999432 rep_w 1.0   score  40k=1.1820 100k=1.3170 200k=1.3189
k32_r100_09_lr56 step 40000   auc 0.730161 rep_w 1.0   score  40k=1.4404
k3_r100_09_mean  step 27400   auc 0.535472 rep_w 1.0   score  - COLLAPSED
k3_r100_09b_lr56 step 40000   auc 0.99887  rep_w 1.0   score  40k=1.2469
k32_r100_09_sum  step 40000   auc 0.991624 rep_w 1.0   score  40k=1.2161
k3_r100_09_lr45  step 40000   auc 0.997576 rep_w 1.0   score  40k=1.2912
k3_r100_09_lr70  step 40000   auc 0.99832  rep_w 1.0   score  40k=1.2192
lanes 0   trainers 0   heads 0   evals 0
===== 2026-09-09 23:47:12 =====
gpu 0, 21443 MiB, 72 %
gpu 1, 16750 MiB, 81 %
k3_r100_09       step 200000  auc 0.999517 rep_w 1.0   score  40k=1.3495 100k=1.3395 200k=1.3910
k32_r100_09      step 40000   auc 0.773158 rep_w 1.0   score  40k=1.4629
k32_r200_08      step 28500   auc 0.534748 rep_w 1.0   score  - COLLAPSED
k3_r100_09_dec   step 40000   auc 0.997382 rep_w 0.0   score  40k=1.3236
k32_r100_09_dec  step 19100   auc 0.501426 rep_w 0.0   score  - COLLAPSED
k8_r100_09       step 40000   auc 0.730208 rep_w 1.0   score  40k=1.4537
k3_r100_09b      step 40000   auc 0.998191 rep_w 1.0   score  40k=1.2927
k3_r100_09_lr33  step 40000   auc 0.997974 rep_w 1.0   score  40k=1.2483
k3_r100_09_lr17  step 40000   auc 0.998509 rep_w 1.0   score  40k=1.2612
k3_r100_09_lr56  step 200000  auc 0.999432 rep_w 1.0   score  40k=1.1820 100k=1.3170 200k=1.3189
k32_r100_09_lr56 step 40000   auc 0.730161 rep_w 1.0   score  40k=1.4404
k3_r100_09_mean  step 27400   auc 0.535472 rep_w 1.0   score  - COLLAPSED
k3_r100_09b_lr56 step 40000   auc 0.99887  rep_w 1.0   score  40k=1.2469
k32_r100_09_sum  step 40000   auc 0.991624 rep_w 1.0   score  40k=1.2161
k3_r100_09_lr45  step 40000   auc 0.997576 rep_w 1.0   score  40k=1.2912
k3_r100_09_lr70  step 40000   auc 0.99832  rep_w 1.0   score  40k=1.2192
lanes 0   trainers 0   heads 0   evals 0
===== 2026-09-10 00:03:31 =====
gpu 0, 21443 MiB, 70 %
gpu 1, 18711 MiB, 87 %
k3_r100_09       step 200000  auc 0.999517 rep_w 1.0   score  40k=1.3495 100k=1.3395 200k=1.3910
k32_r100_09      step 40000   auc 0.773158 rep_w 1.0   score  40k=1.4629
k32_r200_08      step 28500   auc 0.534748 rep_w 1.0   score  - COLLAPSED
k3_r100_09_dec   step 40000   auc 0.997382 rep_w 0.0   score  40k=1.3236
k32_r100_09_dec  step 19100   auc 0.501426 rep_w 0.0   score  - COLLAPSED
k8_r100_09       step 40000   auc 0.730208 rep_w 1.0   score  40k=1.4537
k3_r100_09b      step 40000   auc 0.998191 rep_w 1.0   score  40k=1.2927
k3_r100_09_lr33  step 40000   auc 0.997974 rep_w 1.0   score  40k=1.2483
k3_r100_09_lr17  step 40000   auc 0.998509 rep_w 1.0   score  40k=1.2612
k3_r100_09_lr56  step 200000  auc 0.999432 rep_w 1.0   score  40k=1.1820 100k=1.3170 200k=1.3189
k32_r100_09_lr56 step 40000   auc 0.730161 rep_w 1.0   score  40k=1.4404
k3_r100_09_mean  step 27400   auc 0.535472 rep_w 1.0   score  - COLLAPSED
k3_r100_09b_lr56 step 40000   auc 0.99887  rep_w 1.0   score  40k=1.2469
k32_r100_09_sum  step 40000   auc 0.991624 rep_w 1.0   score  40k=1.2161
k3_r100_09_lr45  step 40000   auc 0.997576 rep_w 1.0   score  40k=1.2912
k3_r100_09_lr70  step 40000   auc 0.99832  rep_w 1.0   score  40k=1.2192
lanes 0   trainers 0   heads 0   evals 0
===== 2026-09-10 00:19:51 =====
gpu 0, 5678 MiB, 96 %
gpu 1, 21759 MiB, 68 %
k3_r100_09       step 200000  auc 0.999517 rep_w 1.0   score  40k=1.3495 100k=1.3395 200k=1.3910
k32_r100_09      step 40000   auc 0.773158 rep_w 1.0   score  40k=1.4629
k32_r200_08      step 28500   auc 0.534748 rep_w 1.0   score  - COLLAPSED
k3_r100_09_dec   step 40000   auc 0.997382 rep_w 0.0   score  40k=1.3236
k32_r100_09_dec  step 19100   auc 0.501426 rep_w 0.0   score  - COLLAPSED
k8_r100_09       step 40000   auc 0.730208 rep_w 1.0   score  40k=1.4537
k3_r100_09b      step 40000   auc 0.998191 rep_w 1.0   score  40k=1.2927
k3_r100_09_lr33  step 40000   auc 0.997974 rep_w 1.0   score  40k=1.2483
k3_r100_09_lr17  step 40000   auc 0.998509 rep_w 1.0   score  40k=1.2612
k3_r100_09_lr56  step 200000  auc 0.999432 rep_w 1.0   score  40k=1.1820 100k=1.3170 200k=1.3189
k32_r100_09_lr56 step 40000   auc 0.730161 rep_w 1.0   score  40k=1.4404
k3_r100_09_mean  step 27400   auc 0.535472 rep_w 1.0   score  - COLLAPSED
k3_r100_09b_lr56 step 40000   auc 0.99887  rep_w 1.0   score  40k=1.2469
k32_r100_09_sum  step 40000   auc 0.991624 rep_w 1.0   score  40k=1.2161
k3_r100_09_lr45  step 40000   auc 0.997576 rep_w 1.0   score  40k=1.2912
k3_r100_09_lr70  step 40000   auc 0.99832  rep_w 1.0   score  40k=1.2192
lanes 0   trainers 0   heads 0   evals 0
===== 2026-09-10 00:36:13 =====
gpu 0, 5678 MiB, 98 %
gpu 1, 21759 MiB, 81 %
k3_r100_09       step 200000  auc 0.999517 rep_w 1.0   score  40k=1.3495 100k=1.3395 200k=1.3910
k32_r100_09      step 40000   auc 0.773158 rep_w 1.0   score  40k=1.4629
k32_r200_08      step 28500   auc 0.534748 rep_w 1.0   score  - COLLAPSED
k3_r100_09_dec   step 40000   auc 0.997382 rep_w 0.0   score  40k=1.3236
k32_r100_09_dec  step 19100   auc 0.501426 rep_w 0.0   score  - COLLAPSED
k8_r100_09       step 40000   auc 0.730208 rep_w 1.0   score  40k=1.4537
k3_r100_09b      step 40000   auc 0.998191 rep_w 1.0   score  40k=1.2927
k3_r100_09_lr33  step 40000   auc 0.997974 rep_w 1.0   score  40k=1.2483
k3_r100_09_lr17  step 40000   auc 0.998509 rep_w 1.0   score  40k=1.2612
k3_r100_09_lr56  step 200000  auc 0.999432 rep_w 1.0   score  40k=1.1820 100k=1.3170 200k=1.3189
k32_r100_09_lr56 step 40000   auc 0.730161 rep_w 1.0   score  40k=1.4404
k3_r100_09_mean  step 27400   auc 0.535472 rep_w 1.0   score  - COLLAPSED
k3_r100_09b_lr56 step 40000   auc 0.99887  rep_w 1.0   score  40k=1.2469
k32_r100_09_sum  step 40000   auc 0.991624 rep_w 1.0   score  40k=1.2161
k3_r100_09_lr45  step 40000   auc 0.997576 rep_w 1.0   score  40k=1.2912
k3_r100_09_lr70  step 40000   auc 0.99832  rep_w 1.0   score  40k=1.2192
lanes 0   trainers 0   heads 0   evals 0
===== 2026-09-10 00:52:37 =====
gpu 0, 3336 MiB, 96 %
gpu 1, 21759 MiB, 76 %
k3_r100_09       step 200000  auc 0.999517 rep_w 1.0   score  40k=1.3495 100k=1.3395 200k=1.3910
k32_r100_09      step 40000   auc 0.773158 rep_w 1.0   score  40k=1.4629
k32_r200_08      step 28500   auc 0.534748 rep_w 1.0   score  - COLLAPSED
k3_r100_09_dec   step 40000   auc 0.997382 rep_w 0.0   score  40k=1.3236
k32_r100_09_dec  step 19100   auc 0.501426 rep_w 0.0   score  - COLLAPSED
k8_r100_09       step 40000   auc 0.730208 rep_w 1.0   score  40k=1.4537
k3_r100_09b      step 40000   auc 0.998191 rep_w 1.0   score  40k=1.2927
k3_r100_09_lr33  step 40000   auc 0.997974 rep_w 1.0   score  40k=1.2483
k3_r100_09_lr17  step 40000   auc 0.998509 rep_w 1.0   score  40k=1.2612
k3_r100_09_lr56  step 200000  auc 0.999432 rep_w 1.0   score  40k=1.1820 100k=1.3170 200k=1.3189
k32_r100_09_lr56 step 40000   auc 0.730161 rep_w 1.0   score  40k=1.4404
k3_r100_09_mean  step 27400   auc 0.535472 rep_w 1.0   score  - COLLAPSED
k3_r100_09b_lr56 step 40000   auc 0.99887  rep_w 1.0   score  40k=1.2469
k32_r100_09_sum  step 40000   auc 0.991624 rep_w 1.0   score  40k=1.2161
k3_r100_09_lr45  step 40000   auc 0.997576 rep_w 1.0   score  40k=1.2912
k3_r100_09_lr70  step 40000   auc 0.99832  rep_w 1.0   score  40k=1.2192
lanes 0   trainers 0   heads 0   evals 0
===== 2026-09-10 01:09:08 =====
gpu 0, 5678 MiB, 97 %
gpu 1, 21759 MiB, 66 %
k3_r100_09       step 200000  auc 0.999517 rep_w 1.0   score  40k=1.3495 100k=1.3395 200k=1.3910
k32_r100_09      step 40000   auc 0.773158 rep_w 1.0   score  40k=1.4629
k32_r200_08      step 28500   auc 0.534748 rep_w 1.0   score  - COLLAPSED
k3_r100_09_dec   step 40000   auc 0.997382 rep_w 0.0   score  40k=1.3236
k32_r100_09_dec  step 19100   auc 0.501426 rep_w 0.0   score  - COLLAPSED
k8_r100_09       step 40000   auc 0.730208 rep_w 1.0   score  40k=1.4537
k3_r100_09b      step 40000   auc 0.998191 rep_w 1.0   score  40k=1.2927
k3_r100_09_lr33  step 40000   auc 0.997974 rep_w 1.0   score  40k=1.2483
k3_r100_09_lr17  step 40000   auc 0.998509 rep_w 1.0   score  40k=1.2612
k3_r100_09_lr56  step 200000  auc 0.999432 rep_w 1.0   score  40k=1.1820 100k=1.3170 200k=1.3189
k32_r100_09_lr56 step 40000   auc 0.730161 rep_w 1.0   score  40k=1.4404
k3_r100_09_mean  step 27400   auc 0.535472 rep_w 1.0   score  - COLLAPSED
k3_r100_09b_lr56 step 40000   auc 0.99887  rep_w 1.0   score  40k=1.2469
k32_r100_09_sum  step 40000   auc 0.991624 rep_w 1.0   score  40k=1.2161
k3_r100_09_lr45  step 40000   auc 0.997576 rep_w 1.0   score  40k=1.2912
k3_r100_09_lr70  step 40000   auc 0.99832  rep_w 1.0   score  40k=1.2192
lanes 0   trainers 0   heads 0   evals 0
===== 2026-09-10 01:25:30 =====
gpu 0, 5678 MiB, 97 %
gpu 1, 21759 MiB, 67 %
k3_r100_09       step 200000  auc 0.999517 rep_w 1.0   score  40k=1.3495 100k=1.3395 200k=1.3910
k32_r100_09      step 40000   auc 0.773158 rep_w 1.0   score  40k=1.4629
k32_r200_08      step 28500   auc 0.534748 rep_w 1.0   score  - COLLAPSED
k3_r100_09_dec   step 40000   auc 0.997382 rep_w 0.0   score  40k=1.3236
k32_r100_09_dec  step 19100   auc 0.501426 rep_w 0.0   score  - COLLAPSED
k8_r100_09       step 40000   auc 0.730208 rep_w 1.0   score  40k=1.4537
k3_r100_09b      step 40000   auc 0.998191 rep_w 1.0   score  40k=1.2927
k3_r100_09_lr33  step 40000   auc 0.997974 rep_w 1.0   score  40k=1.2483
k3_r100_09_lr17  step 40000   auc 0.998509 rep_w 1.0   score  40k=1.2612
k3_r100_09_lr56  step 200000  auc 0.999432 rep_w 1.0   score  40k=1.1820 100k=1.3170 200k=1.3189
k32_r100_09_lr56 step 40000   auc 0.730161 rep_w 1.0   score  40k=1.4404
k3_r100_09_mean  step 27400   auc 0.535472 rep_w 1.0   score  - COLLAPSED
k3_r100_09b_lr56 step 40000   auc 0.99887  rep_w 1.0   score  40k=1.2469
k32_r100_09_sum  step 40000   auc 0.991624 rep_w 1.0   score  40k=1.2161
k3_r100_09_lr45  step 40000   auc 0.997576 rep_w 1.0   score  40k=1.2912
k3_r100_09_lr70  step 40000   auc 0.99832  rep_w 1.0   score  40k=1.2192
lanes 0   trainers 0   heads 0   evals 0
===== 2026-09-10 01:41:52 =====
gpu 0, 5678 MiB, 98 %
gpu 1, 21759 MiB, 75 %
k3_r100_09       step 200000  auc 0.999517 rep_w 1.0   score  40k=1.3495 100k=1.3395 200k=1.3910
k32_r100_09      step 40000   auc 0.773158 rep_w 1.0   score  40k=1.4629
k32_r200_08      step 28500   auc 0.534748 rep_w 1.0   score  - COLLAPSED
k3_r100_09_dec   step 40000   auc 0.997382 rep_w 0.0   score  40k=1.3236
k32_r100_09_dec  step 19100   auc 0.501426 rep_w 0.0   score  - COLLAPSED
k8_r100_09       step 40000   auc 0.730208 rep_w 1.0   score  40k=1.4537
k3_r100_09b      step 40000   auc 0.998191 rep_w 1.0   score  40k=1.2927
k3_r100_09_lr33  step 40000   auc 0.997974 rep_w 1.0   score  40k=1.2483
k3_r100_09_lr17  step 40000   auc 0.998509 rep_w 1.0   score  40k=1.2612
k3_r100_09_lr56  step 200000  auc 0.999432 rep_w 1.0   score  40k=1.1820 100k=1.3170 200k=1.3189
k32_r100_09_lr56 step 40000   auc 0.730161 rep_w 1.0   score  40k=1.4404
k3_r100_09_mean  step 27400   auc 0.535472 rep_w 1.0   score  - COLLAPSED
k3_r100_09b_lr56 step 40000   auc 0.99887  rep_w 1.0   score  40k=1.2469
k32_r100_09_sum  step 40000   auc 0.991624 rep_w 1.0   score  40k=1.2161
k3_r100_09_lr45  step 40000   auc 0.997576 rep_w 1.0   score  40k=1.2912
k3_r100_09_lr70  step 40000   auc 0.99832  rep_w 1.0   score  40k=1.2192
lanes 0   trainers 0   heads 0   evals 0
===== 2026-09-10 01:58:14 =====
gpu 0, 5678 MiB, 95 %
gpu 1, 21759 MiB, 62 %
k3_r100_09       step 200000  auc 0.999517 rep_w 1.0   score  40k=1.3495 100k=1.3395 200k=1.3910
k32_r100_09      step 40000   auc 0.773158 rep_w 1.0   score  40k=1.4629
k32_r200_08      step 28500   auc 0.534748 rep_w 1.0   score  - COLLAPSED
k3_r100_09_dec   step 40000   auc 0.997382 rep_w 0.0   score  40k=1.3236
k32_r100_09_dec  step 19100   auc 0.501426 rep_w 0.0   score  - COLLAPSED
k8_r100_09       step 40000   auc 0.730208 rep_w 1.0   score  40k=1.4537
k3_r100_09b      step 40000   auc 0.998191 rep_w 1.0   score  40k=1.2927
k3_r100_09_lr33  step 40000   auc 0.997974 rep_w 1.0   score  40k=1.2483
k3_r100_09_lr17  step 40000   auc 0.998509 rep_w 1.0   score  40k=1.2612
k3_r100_09_lr56  step 200000  auc 0.999432 rep_w 1.0   score  40k=1.1820 100k=1.3170 200k=1.3189
k32_r100_09_lr56 step 40000   auc 0.730161 rep_w 1.0   score  40k=1.4404
k3_r100_09_mean  step 27400   auc 0.535472 rep_w 1.0   score  - COLLAPSED
k3_r100_09b_lr56 step 40000   auc 0.99887  rep_w 1.0   score  40k=1.2469
k32_r100_09_sum  step 40000   auc 0.991624 rep_w 1.0   score  40k=1.2161
k3_r100_09_lr45  step 40000   auc 0.997576 rep_w 1.0   score  40k=1.2912
k3_r100_09_lr70  step 40000   auc 0.99832  rep_w 1.0   score  40k=1.2192
lanes 0   trainers 0   heads 0   evals 0
===== 2026-09-10 02:14:36 =====
gpu 0, 5678 MiB, 92 %
gpu 1, 21759 MiB, 63 %
k3_r100_09       step 200000  auc 0.999517 rep_w 1.0   score  40k=1.3495 100k=1.3395 200k=1.3910
k32_r100_09      step 40000   auc 0.773158 rep_w 1.0   score  40k=1.4629
k32_r200_08      step 28500   auc 0.534748 rep_w 1.0   score  - COLLAPSED
k3_r100_09_dec   step 40000   auc 0.997382 rep_w 0.0   score  40k=1.3236
k32_r100_09_dec  step 19100   auc 0.501426 rep_w 0.0   score  - COLLAPSED
k8_r100_09       step 40000   auc 0.730208 rep_w 1.0   score  40k=1.4537
k3_r100_09b      step 40000   auc 0.998191 rep_w 1.0   score  40k=1.2927
k3_r100_09_lr33  step 40000   auc 0.997974 rep_w 1.0   score  40k=1.2483
k3_r100_09_lr17  step 40000   auc 0.998509 rep_w 1.0   score  40k=1.2612
k3_r100_09_lr56  step 200000  auc 0.999432 rep_w 1.0   score  40k=1.1820 100k=1.3170 200k=1.3189
k32_r100_09_lr56 step 40000   auc 0.730161 rep_w 1.0   score  40k=1.4404
k3_r100_09_mean  step 27400   auc 0.535472 rep_w 1.0   score  - COLLAPSED
k3_r100_09b_lr56 step 40000   auc 0.99887  rep_w 1.0   score  40k=1.2469
k32_r100_09_sum  step 40000   auc 0.991624 rep_w 1.0   score  40k=1.2161
k3_r100_09_lr45  step 40000   auc 0.997576 rep_w 1.0   score  40k=1.2912
k3_r100_09_lr70  step 40000   auc 0.99832  rep_w 1.0   score  40k=1.2192
lanes 0   trainers 0   heads 0   evals 0
===== 2026-09-10 02:30:57 =====
gpu 0, 5678 MiB, 98 %
gpu 1, 21759 MiB, 64 %
k3_r100_09       step 200000  auc 0.999517 rep_w 1.0   score  40k=1.3495 100k=1.3395 200k=1.3910
k32_r100_09      step 40000   auc 0.773158 rep_w 1.0   score  40k=1.4629
k32_r200_08      step 28500   auc 0.534748 rep_w 1.0   score  - COLLAPSED
k3_r100_09_dec   step 40000   auc 0.997382 rep_w 0.0   score  40k=1.3236
k32_r100_09_dec  step 19100   auc 0.501426 rep_w 0.0   score  - COLLAPSED
k8_r100_09       step 40000   auc 0.730208 rep_w 1.0   score  40k=1.4537
k3_r100_09b      step 40000   auc 0.998191 rep_w 1.0   score  40k=1.2927
k3_r100_09_lr33  step 40000   auc 0.997974 rep_w 1.0   score  40k=1.2483
k3_r100_09_lr17  step 40000   auc 0.998509 rep_w 1.0   score  40k=1.2612
k3_r100_09_lr56  step 200000  auc 0.999432 rep_w 1.0   score  40k=1.1820 100k=1.3170 200k=1.3189
k32_r100_09_lr56 step 40000   auc 0.730161 rep_w 1.0   score  40k=1.4404
k3_r100_09_mean  step 27400   auc 0.535472 rep_w 1.0   score  - COLLAPSED
k3_r100_09b_lr56 step 40000   auc 0.99887  rep_w 1.0   score  40k=1.2469
k32_r100_09_sum  step 40000   auc 0.991624 rep_w 1.0   score  40k=1.2161
k3_r100_09_lr45  step 40000   auc 0.997576 rep_w 1.0   score  40k=1.2912
k3_r100_09_lr70  step 40000   auc 0.99832  rep_w 1.0   score  40k=1.2192
lanes 0   trainers 0   heads 0   evals 0
===== 2026-09-10 02:47:20 =====
gpu 0, 5678 MiB, 94 %
gpu 1, 21759 MiB, 47 %
k3_r100_09       step 200000  auc 0.999517 rep_w 1.0   score  40k=1.3495 100k=1.3395 200k=1.3910
k32_r100_09      step 40000   auc 0.773158 rep_w 1.0   score  40k=1.4629
k32_r200_08      step 28500   auc 0.534748 rep_w 1.0   score  - COLLAPSED
k3_r100_09_dec   step 40000   auc 0.997382 rep_w 0.0   score  40k=1.3236
k32_r100_09_dec  step 19100   auc 0.501426 rep_w 0.0   score  - COLLAPSED
k8_r100_09       step 40000   auc 0.730208 rep_w 1.0   score  40k=1.4537
k3_r100_09b      step 40000   auc 0.998191 rep_w 1.0   score  40k=1.2927
k3_r100_09_lr33  step 40000   auc 0.997974 rep_w 1.0   score  40k=1.2483
k3_r100_09_lr17  step 40000   auc 0.998509 rep_w 1.0   score  40k=1.2612
k3_r100_09_lr56  step 200000  auc 0.999432 rep_w 1.0   score  40k=1.1820 100k=1.3170 200k=1.3189
k32_r100_09_lr56 step 40000   auc 0.730161 rep_w 1.0   score  40k=1.4404
k3_r100_09_mean  step 27400   auc 0.535472 rep_w 1.0   score  - COLLAPSED
k3_r100_09b_lr56 step 40000   auc 0.99887  rep_w 1.0   score  40k=1.2469
k32_r100_09_sum  step 40000   auc 0.991624 rep_w 1.0   score  40k=1.2161
k3_r100_09_lr45  step 40000   auc 0.997576 rep_w 1.0   score  40k=1.2912
k3_r100_09_lr70  step 40000   auc 0.99832  rep_w 1.0   score  40k=1.2192
lanes 0   trainers 0   heads 0   evals 0
===== 2026-09-10 03:03:42 =====
gpu 0, 5678 MiB, 80 %
gpu 1, 22167 MiB, 55 %
k3_r100_09       step 200000  auc 0.999517 rep_w 1.0   score  40k=1.3495 100k=1.3395 200k=1.3910
k32_r100_09      step 40000   auc 0.773158 rep_w 1.0   score  40k=1.4629
k32_r200_08      step 28500   auc 0.534748 rep_w 1.0   score  - COLLAPSED
k3_r100_09_dec   step 40000   auc 0.997382 rep_w 0.0   score  40k=1.3236
k32_r100_09_dec  step 19100   auc 0.501426 rep_w 0.0   score  - COLLAPSED
k8_r100_09       step 40000   auc 0.730208 rep_w 1.0   score  40k=1.4537
k3_r100_09b      step 40000   auc 0.998191 rep_w 1.0   score  40k=1.2927
k3_r100_09_lr33  step 40000   auc 0.997974 rep_w 1.0   score  40k=1.2483
k3_r100_09_lr17  step 40000   auc 0.998509 rep_w 1.0   score  40k=1.2612
k3_r100_09_lr56  step 200000  auc 0.999432 rep_w 1.0   score  40k=1.1820 100k=1.3170 200k=1.3189
k32_r100_09_lr56 step 40000   auc 0.730161 rep_w 1.0   score  40k=1.4404
k3_r100_09_mean  step 27400   auc 0.535472 rep_w 1.0   score  - COLLAPSED
k3_r100_09b_lr56 step 40000   auc 0.99887  rep_w 1.0   score  40k=1.2469
k32_r100_09_sum  step 40000   auc 0.991624 rep_w 1.0   score  40k=1.2161
k3_r100_09_lr45  step 40000   auc 0.997576 rep_w 1.0   score  40k=1.2912
k3_r100_09_lr70  step 40000   auc 0.99832  rep_w 1.0   score  40k=1.2192
lanes 0   trainers 0   heads 0   evals 0
===== 2026-09-10 03:20:06 =====
gpu 0, 5678 MiB, 87 %
gpu 1, 22165 MiB, 62 %
k3_r100_09       step 200000  auc 0.999517 rep_w 1.0   score  40k=1.3495 100k=1.3395 200k=1.3910
k32_r100_09      step 40000   auc 0.773158 rep_w 1.0   score  40k=1.4629
k32_r200_08      step 28500   auc 0.534748 rep_w 1.0   score  - COLLAPSED
k3_r100_09_dec   step 40000   auc 0.997382 rep_w 0.0   score  40k=1.3236
k32_r100_09_dec  step 19100   auc 0.501426 rep_w 0.0   score  - COLLAPSED
k8_r100_09       step 40000   auc 0.730208 rep_w 1.0   score  40k=1.4537
k3_r100_09b      step 40000   auc 0.998191 rep_w 1.0   score  40k=1.2927
k3_r100_09_lr33  step 40000   auc 0.997974 rep_w 1.0   score  40k=1.2483
k3_r100_09_lr17  step 40000   auc 0.998509 rep_w 1.0   score  40k=1.2612
k3_r100_09_lr56  step 200000  auc 0.999432 rep_w 1.0   score  40k=1.1820 100k=1.3170 200k=1.3189
k32_r100_09_lr56 step 40000   auc 0.730161 rep_w 1.0   score  40k=1.4404
k3_r100_09_mean  step 27400   auc 0.535472 rep_w 1.0   score  - COLLAPSED
k3_r100_09b_lr56 step 40000   auc 0.99887  rep_w 1.0   score  40k=1.2469
k32_r100_09_sum  step 40000   auc 0.991624 rep_w 1.0   score  40k=1.2161
k3_r100_09_lr45  step 40000   auc 0.997576 rep_w 1.0   score  40k=1.2912
k3_r100_09_lr70  step 40000   auc 0.99832  rep_w 1.0   score  40k=1.2192
lanes 0   trainers 0   heads 0   evals 0
===== 2026-09-10 03:36:30 =====
gpu 0, 5678 MiB, 97 %
gpu 1, 22165 MiB, 55 %
k3_r100_09       step 200000  auc 0.999517 rep_w 1.0   score  40k=1.3495 100k=1.3395 200k=1.3910
k32_r100_09      step 40000   auc 0.773158 rep_w 1.0   score  40k=1.4629
k32_r200_08      step 28500   auc 0.534748 rep_w 1.0   score  - COLLAPSED
k3_r100_09_dec   step 40000   auc 0.997382 rep_w 0.0   score  40k=1.3236
k32_r100_09_dec  step 19100   auc 0.501426 rep_w 0.0   score  - COLLAPSED
k8_r100_09       step 40000   auc 0.730208 rep_w 1.0   score  40k=1.4537
k3_r100_09b      step 40000   auc 0.998191 rep_w 1.0   score  40k=1.2927
k3_r100_09_lr33  step 40000   auc 0.997974 rep_w 1.0   score  40k=1.2483
k3_r100_09_lr17  step 40000   auc 0.998509 rep_w 1.0   score  40k=1.2612
k3_r100_09_lr56  step 200000  auc 0.999432 rep_w 1.0   score  40k=1.1820 100k=1.3170 200k=1.3189
k32_r100_09_lr56 step 40000   auc 0.730161 rep_w 1.0   score  40k=1.4404
k3_r100_09_mean  step 27400   auc 0.535472 rep_w 1.0   score  - COLLAPSED
k3_r100_09b_lr56 step 40000   auc 0.99887  rep_w 1.0   score  40k=1.2469
k32_r100_09_sum  step 40000   auc 0.991624 rep_w 1.0   score  40k=1.2161
k3_r100_09_lr45  step 40000   auc 0.997576 rep_w 1.0   score  40k=1.2912
k3_r100_09_lr70  step 40000   auc 0.99832  rep_w 1.0   score  40k=1.2192
lanes 0   trainers 0   heads 0   evals 0
===== 2026-09-10 03:52:55 =====
gpu 0, 5678 MiB, 97 %
gpu 1, 22165 MiB, 57 %
k3_r100_09       step 200000  auc 0.999517 rep_w 1.0   score  40k=1.3495 100k=1.3395 200k=1.3910
k32_r100_09      step 40000   auc 0.773158 rep_w 1.0   score  40k=1.4629
k32_r200_08      step 28500   auc 0.534748 rep_w 1.0   score  - COLLAPSED
k3_r100_09_dec   step 40000   auc 0.997382 rep_w 0.0   score  40k=1.3236
k32_r100_09_dec  step 19100   auc 0.501426 rep_w 0.0   score  - COLLAPSED
k8_r100_09       step 40000   auc 0.730208 rep_w 1.0   score  40k=1.4537
k3_r100_09b      step 40000   auc 0.998191 rep_w 1.0   score  40k=1.2927
k3_r100_09_lr33  step 40000   auc 0.997974 rep_w 1.0   score  40k=1.2483
k3_r100_09_lr17  step 40000   auc 0.998509 rep_w 1.0   score  40k=1.2612
k3_r100_09_lr56  step 200000  auc 0.999432 rep_w 1.0   score  40k=1.1820 100k=1.3170 200k=1.3189
k32_r100_09_lr56 step 40000   auc 0.730161 rep_w 1.0   score  40k=1.4404
k3_r100_09_mean  step 27400   auc 0.535472 rep_w 1.0   score  - COLLAPSED
k3_r100_09b_lr56 step 40000   auc 0.99887  rep_w 1.0   score  40k=1.2469
k32_r100_09_sum  step 40000   auc 0.991624 rep_w 1.0   score  40k=1.2161
k3_r100_09_lr45  step 40000   auc 0.997576 rep_w 1.0   score  40k=1.2912
k3_r100_09_lr70  step 40000   auc 0.99832  rep_w 1.0   score  40k=1.2192
lanes 0   trainers 0   heads 0   evals 0
===== 2026-09-10 04:09:19 =====
gpu 0, 5678 MiB, 97 %
gpu 1, 22165 MiB, 57 %
k3_r100_09       step 200000  auc 0.999517 rep_w 1.0   score  40k=1.3495 100k=1.3395 200k=1.3910
k32_r100_09      step 40000   auc 0.773158 rep_w 1.0   score  40k=1.4629
k32_r200_08      step 28500   auc 0.534748 rep_w 1.0   score  - COLLAPSED
k3_r100_09_dec   step 40000   auc 0.997382 rep_w 0.0   score  40k=1.3236
k32_r100_09_dec  step 19100   auc 0.501426 rep_w 0.0   score  - COLLAPSED
k8_r100_09       step 40000   auc 0.730208 rep_w 1.0   score  40k=1.4537
k3_r100_09b      step 40000   auc 0.998191 rep_w 1.0   score  40k=1.2927
k3_r100_09_lr33  step 40000   auc 0.997974 rep_w 1.0   score  40k=1.2483
k3_r100_09_lr17  step 40000   auc 0.998509 rep_w 1.0   score  40k=1.2612
k3_r100_09_lr56  step 200000  auc 0.999432 rep_w 1.0   score  40k=1.1820 100k=1.3170 200k=1.3189
k32_r100_09_lr56 step 40000   auc 0.730161 rep_w 1.0   score  40k=1.4404
k3_r100_09_mean  step 27400   auc 0.535472 rep_w 1.0   score  - COLLAPSED
k3_r100_09b_lr56 step 40000   auc 0.99887  rep_w 1.0   score  40k=1.2469
k32_r100_09_sum  step 40000   auc 0.991624 rep_w 1.0   score  40k=1.2161
k3_r100_09_lr45  step 40000   auc 0.997576 rep_w 1.0   score  40k=1.2912
k3_r100_09_lr70  step 40000   auc 0.99832  rep_w 1.0   score  40k=1.2192
lanes 0   trainers 0   heads 0   evals 0
===== 2026-09-10 04:25:44 =====
gpu 0, 5678 MiB, 97 %
gpu 1, 22165 MiB, 0 %
k3_r100_09       step 200000  auc 0.999517 rep_w 1.0   score  40k=1.3495 100k=1.3395 200k=1.3910
k32_r100_09      step 40000   auc 0.773158 rep_w 1.0   score  40k=1.4629
k32_r200_08      step 28500   auc 0.534748 rep_w 1.0   score  - COLLAPSED
k3_r100_09_dec   step 40000   auc 0.997382 rep_w 0.0   score  40k=1.3236
k32_r100_09_dec  step 19100   auc 0.501426 rep_w 0.0   score  - COLLAPSED
k8_r100_09       step 40000   auc 0.730208 rep_w 1.0   score  40k=1.4537
k3_r100_09b      step 40000   auc 0.998191 rep_w 1.0   score  40k=1.2927
k3_r100_09_lr33  step 40000   auc 0.997974 rep_w 1.0   score  40k=1.2483
k3_r100_09_lr17  step 40000   auc 0.998509 rep_w 1.0   score  40k=1.2612
k3_r100_09_lr56  step 200000  auc 0.999432 rep_w 1.0   score  40k=1.1820 100k=1.3170 200k=1.3189
k32_r100_09_lr56 step 40000   auc 0.730161 rep_w 1.0   score  40k=1.4404
k3_r100_09_mean  step 27400   auc 0.535472 rep_w 1.0   score  - COLLAPSED
k3_r100_09b_lr56 step 40000   auc 0.99887  rep_w 1.0   score  40k=1.2469
k32_r100_09_sum  step 40000   auc 0.991624 rep_w 1.0   score  40k=1.2161
k3_r100_09_lr45  step 40000   auc 0.997576 rep_w 1.0   score  40k=1.2912
k3_r100_09_lr70  step 40000   auc 0.99832  rep_w 1.0   score  40k=1.2192
lanes 0   trainers 0   heads 0   evals 0
===== 2026-09-10 04:42:09 =====
gpu 0, 5678 MiB, 96 %
gpu 1, 19871 MiB, 76 %
k3_r100_09       step 200000  auc 0.999517 rep_w 1.0   score  40k=1.3495 100k=1.3395 200k=1.3910
k32_r100_09      step 40000   auc 0.773158 rep_w 1.0   score  40k=1.4629
k32_r200_08      step 28500   auc 0.534748 rep_w 1.0   score  - COLLAPSED
k3_r100_09_dec   step 40000   auc 0.997382 rep_w 0.0   score  40k=1.3236
k32_r100_09_dec  step 19100   auc 0.501426 rep_w 0.0   score  - COLLAPSED
k8_r100_09       step 40000   auc 0.730208 rep_w 1.0   score  40k=1.4537
k3_r100_09b      step 40000   auc 0.998191 rep_w 1.0   score  40k=1.2927
k3_r100_09_lr33  step 40000   auc 0.997974 rep_w 1.0   score  40k=1.2483
k3_r100_09_lr17  step 40000   auc 0.998509 rep_w 1.0   score  40k=1.2612
k3_r100_09_lr56  step 200000  auc 0.999432 rep_w 1.0   score  40k=1.1820 100k=1.3170 200k=1.3189
k32_r100_09_lr56 step 40000   auc 0.730161 rep_w 1.0   score  40k=1.4404
k3_r100_09_mean  step 27400   auc 0.535472 rep_w 1.0   score  - COLLAPSED
k3_r100_09b_lr56 step 40000   auc 0.99887  rep_w 1.0   score  40k=1.2469
k32_r100_09_sum  step 40000   auc 0.991624 rep_w 1.0   score  40k=1.2161
k3_r100_09_lr45  step 40000   auc 0.997576 rep_w 1.0   score  40k=1.2912
k3_r100_09_lr70  step 40000   auc 0.99832  rep_w 1.0   score  40k=1.2192
lanes 0   trainers 0   heads 0   evals 0
===== 2026-09-10 04:58:29 =====
gpu 0, 5678 MiB, 97 %
gpu 1, 19871 MiB, 77 %
k3_r100_09       step 200000  auc 0.999517 rep_w 1.0   score  40k=1.3495 100k=1.3395 200k=1.3910
k32_r100_09      step 40000   auc 0.773158 rep_w 1.0   score  40k=1.4629
k32_r200_08      step 28500   auc 0.534748 rep_w 1.0   score  - COLLAPSED
k3_r100_09_dec   step 40000   auc 0.997382 rep_w 0.0   score  40k=1.3236
k32_r100_09_dec  step 19100   auc 0.501426 rep_w 0.0   score  - COLLAPSED
k8_r100_09       step 40000   auc 0.730208 rep_w 1.0   score  40k=1.4537
k3_r100_09b      step 40000   auc 0.998191 rep_w 1.0   score  40k=1.2927
k3_r100_09_lr33  step 40000   auc 0.997974 rep_w 1.0   score  40k=1.2483
k3_r100_09_lr17  step 40000   auc 0.998509 rep_w 1.0   score  40k=1.2612
k3_r100_09_lr56  step 200000  auc 0.999432 rep_w 1.0   score  40k=1.1820 100k=1.3170 200k=1.3189
k32_r100_09_lr56 step 40000   auc 0.730161 rep_w 1.0   score  40k=1.4404
k3_r100_09_mean  step 27400   auc 0.535472 rep_w 1.0   score  - COLLAPSED
k3_r100_09b_lr56 step 40000   auc 0.99887  rep_w 1.0   score  40k=1.2469
k32_r100_09_sum  step 40000   auc 0.991624 rep_w 1.0   score  40k=1.2161
k3_r100_09_lr45  step 40000   auc 0.997576 rep_w 1.0   score  40k=1.2912
k3_r100_09_lr70  step 40000   auc 0.99832  rep_w 1.0   score  40k=1.2192
lanes 0   trainers 0   heads 0   evals 0
===== 2026-09-10 05:14:47 =====
gpu 0, 5678 MiB, 98 %
gpu 1, 19871 MiB, 88 %
k3_r100_09       step 200000  auc 0.999517 rep_w 1.0   score  40k=1.3495 100k=1.3395 200k=1.3910
k32_r100_09      step 40000   auc 0.773158 rep_w 1.0   score  40k=1.4629
k32_r200_08      step 28500   auc 0.534748 rep_w 1.0   score  - COLLAPSED
k3_r100_09_dec   step 40000   auc 0.997382 rep_w 0.0   score  40k=1.3236
k32_r100_09_dec  step 19100   auc 0.501426 rep_w 0.0   score  - COLLAPSED
k8_r100_09       step 40000   auc 0.730208 rep_w 1.0   score  40k=1.4537
k3_r100_09b      step 40000   auc 0.998191 rep_w 1.0   score  40k=1.2927
k3_r100_09_lr33  step 40000   auc 0.997974 rep_w 1.0   score  40k=1.2483
k3_r100_09_lr17  step 40000   auc 0.998509 rep_w 1.0   score  40k=1.2612
k3_r100_09_lr56  step 200000  auc 0.999432 rep_w 1.0   score  40k=1.1820 100k=1.3170 200k=1.3189
k32_r100_09_lr56 step 40000   auc 0.730161 rep_w 1.0   score  40k=1.4404
k3_r100_09_mean  step 27400   auc 0.535472 rep_w 1.0   score  - COLLAPSED
k3_r100_09b_lr56 step 40000   auc 0.99887  rep_w 1.0   score  40k=1.2469
k32_r100_09_sum  step 40000   auc 0.991624 rep_w 1.0   score  40k=1.2161
k3_r100_09_lr45  step 40000   auc 0.997576 rep_w 1.0   score  40k=1.2912
k3_r100_09_lr70  step 40000   auc 0.99832  rep_w 1.0   score  40k=1.2192
lanes 0   trainers 0   heads 0   evals 0
===== 2026-09-10 05:31:06 =====
gpu 0, 5678 MiB, 96 %
gpu 1, 19871 MiB, 80 %
k3_r100_09       step 200000  auc 0.999517 rep_w 1.0   score  40k=1.3495 100k=1.3395 200k=1.3910
k32_r100_09      step 40000   auc 0.773158 rep_w 1.0   score  40k=1.4629
k32_r200_08      step 28500   auc 0.534748 rep_w 1.0   score  - COLLAPSED
k3_r100_09_dec   step 40000   auc 0.997382 rep_w 0.0   score  40k=1.3236
k32_r100_09_dec  step 19100   auc 0.501426 rep_w 0.0   score  - COLLAPSED
k8_r100_09       step 40000   auc 0.730208 rep_w 1.0   score  40k=1.4537
k3_r100_09b      step 40000   auc 0.998191 rep_w 1.0   score  40k=1.2927
k3_r100_09_lr33  step 40000   auc 0.997974 rep_w 1.0   score  40k=1.2483
k3_r100_09_lr17  step 40000   auc 0.998509 rep_w 1.0   score  40k=1.2612
k3_r100_09_lr56  step 200000  auc 0.999432 rep_w 1.0   score  40k=1.1820 100k=1.3170 200k=1.3189
k32_r100_09_lr56 step 40000   auc 0.730161 rep_w 1.0   score  40k=1.4404
k3_r100_09_mean  step 27400   auc 0.535472 rep_w 1.0   score  - COLLAPSED
k3_r100_09b_lr56 step 40000   auc 0.99887  rep_w 1.0   score  40k=1.2469
k32_r100_09_sum  step 40000   auc 0.991624 rep_w 1.0   score  40k=1.2161
k3_r100_09_lr45  step 40000   auc 0.997576 rep_w 1.0   score  40k=1.2912
k3_r100_09_lr70  step 40000   auc 0.99832  rep_w 1.0   score  40k=1.2192
lanes 0   trainers 0   heads 0   evals 0
===== 2026-09-10 05:47:24 =====
gpu 0, 5678 MiB, 99 %
gpu 1, 19871 MiB, 89 %
k3_r100_09       step 200000  auc 0.999517 rep_w 1.0   score  40k=1.3495 100k=1.3395 200k=1.3910
k32_r100_09      step 40000   auc 0.773158 rep_w 1.0   score  40k=1.4629
k32_r200_08      step 28500   auc 0.534748 rep_w 1.0   score  - COLLAPSED
k3_r100_09_dec   step 40000   auc 0.997382 rep_w 0.0   score  40k=1.3236
k32_r100_09_dec  step 19100   auc 0.501426 rep_w 0.0   score  - COLLAPSED
k8_r100_09       step 40000   auc 0.730208 rep_w 1.0   score  40k=1.4537
k3_r100_09b      step 40000   auc 0.998191 rep_w 1.0   score  40k=1.2927
k3_r100_09_lr33  step 40000   auc 0.997974 rep_w 1.0   score  40k=1.2483
k3_r100_09_lr17  step 40000   auc 0.998509 rep_w 1.0   score  40k=1.2612
k3_r100_09_lr56  step 200000  auc 0.999432 rep_w 1.0   score  40k=1.1820 100k=1.3170 200k=1.3189
k32_r100_09_lr56 step 40000   auc 0.730161 rep_w 1.0   score  40k=1.4404
k3_r100_09_mean  step 27400   auc 0.535472 rep_w 1.0   score  - COLLAPSED
k3_r100_09b_lr56 step 40000   auc 0.99887  rep_w 1.0   score  40k=1.2469
k32_r100_09_sum  step 40000   auc 0.991624 rep_w 1.0   score  40k=1.2161
k3_r100_09_lr45  step 40000   auc 0.997576 rep_w 1.0   score  40k=1.2912
k3_r100_09_lr70  step 40000   auc 0.99832  rep_w 1.0   score  40k=1.2192
lanes 0   trainers 0   heads 0   evals 0
===== 2026-09-10 06:03:42 =====
gpu 0, 5678 MiB, 97 %
gpu 1, 19871 MiB, 87 %
k3_r100_09       step 200000  auc 0.999517 rep_w 1.0   score  40k=1.3495 100k=1.3395 200k=1.3910
k32_r100_09      step 40000   auc 0.773158 rep_w 1.0   score  40k=1.4629
k32_r200_08      step 28500   auc 0.534748 rep_w 1.0   score  - COLLAPSED
k3_r100_09_dec   step 40000   auc 0.997382 rep_w 0.0   score  40k=1.3236
k32_r100_09_dec  step 19100   auc 0.501426 rep_w 0.0   score  - COLLAPSED
k8_r100_09       step 40000   auc 0.730208 rep_w 1.0   score  40k=1.4537
k3_r100_09b      step 40000   auc 0.998191 rep_w 1.0   score  40k=1.2927
k3_r100_09_lr33  step 40000   auc 0.997974 rep_w 1.0   score  40k=1.2483
k3_r100_09_lr17  step 40000   auc 0.998509 rep_w 1.0   score  40k=1.2612
k3_r100_09_lr56  step 200000  auc 0.999432 rep_w 1.0   score  40k=1.1820 100k=1.3170 200k=1.3189
k32_r100_09_lr56 step 40000   auc 0.730161 rep_w 1.0   score  40k=1.4404
k3_r100_09_mean  step 27400   auc 0.535472 rep_w 1.0   score  - COLLAPSED
k3_r100_09b_lr56 step 40000   auc 0.99887  rep_w 1.0   score  40k=1.2469
k32_r100_09_sum  step 40000   auc 0.991624 rep_w 1.0   score  40k=1.2161
k3_r100_09_lr45  step 40000   auc 0.997576 rep_w 1.0   score  40k=1.2912
k3_r100_09_lr70  step 40000   auc 0.99832  rep_w 1.0   score  40k=1.2192
lanes 0   trainers 0   heads 0   evals 0
===== 2026-09-10 06:20:00 =====
gpu 0, 5678 MiB, 91 %
gpu 1, 19871 MiB, 18 %
k3_r100_09       step 200000  auc 0.999517 rep_w 1.0   score  40k=1.3495 100k=1.3395 200k=1.3910
k32_r100_09      step 40000   auc 0.773158 rep_w 1.0   score  40k=1.4629
k32_r200_08      step 28500   auc 0.534748 rep_w 1.0   score  - COLLAPSED
k3_r100_09_dec   step 40000   auc 0.997382 rep_w 0.0   score  40k=1.3236
k32_r100_09_dec  step 19100   auc 0.501426 rep_w 0.0   score  - COLLAPSED
k8_r100_09       step 40000   auc 0.730208 rep_w 1.0   score  40k=1.4537
k3_r100_09b      step 40000   auc 0.998191 rep_w 1.0   score  40k=1.2927
k3_r100_09_lr33  step 40000   auc 0.997974 rep_w 1.0   score  40k=1.2483
k3_r100_09_lr17  step 40000   auc 0.998509 rep_w 1.0   score  40k=1.2612
k3_r100_09_lr56  step 200000  auc 0.999432 rep_w 1.0   score  40k=1.1820 100k=1.3170 200k=1.3189
k32_r100_09_lr56 step 40000   auc 0.730161 rep_w 1.0   score  40k=1.4404
k3_r100_09_mean  step 27400   auc 0.535472 rep_w 1.0   score  - COLLAPSED
k3_r100_09b_lr56 step 40000   auc 0.99887  rep_w 1.0   score  40k=1.2469
k32_r100_09_sum  step 40000   auc 0.991624 rep_w 1.0   score  40k=1.2161
k3_r100_09_lr45  step 40000   auc 0.997576 rep_w 1.0   score  40k=1.2912
k3_r100_09_lr70  step 40000   auc 0.99832  rep_w 1.0   score  40k=1.2192
lanes 0   trainers 0   heads 0   evals 0
===== 2026-09-10 06:36:18 =====
gpu 0, 5678 MiB, 96 %
gpu 1, 19871 MiB, 85 %
k3_r100_09       step 200000  auc 0.999517 rep_w 1.0   score  40k=1.3495 100k=1.3395 200k=1.3910
k32_r100_09      step 40000   auc 0.773158 rep_w 1.0   score  40k=1.4629
k32_r200_08      step 28500   auc 0.534748 rep_w 1.0   score  - COLLAPSED
k3_r100_09_dec   step 40000   auc 0.997382 rep_w 0.0   score  40k=1.3236
k32_r100_09_dec  step 19100   auc 0.501426 rep_w 0.0   score  - COLLAPSED
k8_r100_09       step 40000   auc 0.730208 rep_w 1.0   score  40k=1.4537
k3_r100_09b      step 40000   auc 0.998191 rep_w 1.0   score  40k=1.2927
k3_r100_09_lr33  step 40000   auc 0.997974 rep_w 1.0   score  40k=1.2483
k3_r100_09_lr17  step 40000   auc 0.998509 rep_w 1.0   score  40k=1.2612
k3_r100_09_lr56  step 200000  auc 0.999432 rep_w 1.0   score  40k=1.1820 100k=1.3170 200k=1.3189
k32_r100_09_lr56 step 40000   auc 0.730161 rep_w 1.0   score  40k=1.4404
k3_r100_09_mean  step 27400   auc 0.535472 rep_w 1.0   score  - COLLAPSED
k3_r100_09b_lr56 step 40000   auc 0.99887  rep_w 1.0   score  40k=1.2469
k32_r100_09_sum  step 40000   auc 0.991624 rep_w 1.0   score  40k=1.2161
k3_r100_09_lr45  step 40000   auc 0.997576 rep_w 1.0   score  40k=1.2912
k3_r100_09_lr70  step 40000   auc 0.99832  rep_w 1.0   score  40k=1.2192
lanes 0   trainers 0   heads 0   evals 0
===== 2026-09-10 06:52:36 =====
gpu 0, 5678 MiB, 97 %
gpu 1, 19871 MiB, 86 %
k3_r100_09       step 200000  auc 0.999517 rep_w 1.0   score  40k=1.3495 100k=1.3395 200k=1.3910
k32_r100_09      step 40000   auc 0.773158 rep_w 1.0   score  40k=1.4629
k32_r200_08      step 28500   auc 0.534748 rep_w 1.0   score  - COLLAPSED
k3_r100_09_dec   step 40000   auc 0.997382 rep_w 0.0   score  40k=1.3236
k32_r100_09_dec  step 19100   auc 0.501426 rep_w 0.0   score  - COLLAPSED
k8_r100_09       step 40000   auc 0.730208 rep_w 1.0   score  40k=1.4537
k3_r100_09b      step 40000   auc 0.998191 rep_w 1.0   score  40k=1.2927
k3_r100_09_lr33  step 40000   auc 0.997974 rep_w 1.0   score  40k=1.2483
k3_r100_09_lr17  step 40000   auc 0.998509 rep_w 1.0   score  40k=1.2612
k3_r100_09_lr56  step 200000  auc 0.999432 rep_w 1.0   score  40k=1.1820 100k=1.3170 200k=1.3189
k32_r100_09_lr56 step 40000   auc 0.730161 rep_w 1.0   score  40k=1.4404
k3_r100_09_mean  step 27400   auc 0.535472 rep_w 1.0   score  - COLLAPSED
k3_r100_09b_lr56 step 40000   auc 0.99887  rep_w 1.0   score  40k=1.2469
k32_r100_09_sum  step 40000   auc 0.991624 rep_w 1.0   score  40k=1.2161
k3_r100_09_lr45  step 40000   auc 0.997576 rep_w 1.0   score  40k=1.2912
k3_r100_09_lr70  step 40000   auc 0.99832  rep_w 1.0   score  40k=1.2192
lanes 0   trainers 0   heads 0   evals 0
===== 2026-09-10 07:08:55 =====
gpu 0, 5678 MiB, 98 %
gpu 1, 19871 MiB, 85 %
k3_r100_09       step 200000  auc 0.999517 rep_w 1.0   score  40k=1.3495 100k=1.3395 200k=1.3910
k32_r100_09      step 40000   auc 0.773158 rep_w 1.0   score  40k=1.4629
k32_r200_08      step 28500   auc 0.534748 rep_w 1.0   score  - COLLAPSED
k3_r100_09_dec   step 40000   auc 0.997382 rep_w 0.0   score  40k=1.3236
k32_r100_09_dec  step 19100   auc 0.501426 rep_w 0.0   score  - COLLAPSED
k8_r100_09       step 40000   auc 0.730208 rep_w 1.0   score  40k=1.4537
k3_r100_09b      step 40000   auc 0.998191 rep_w 1.0   score  40k=1.2927
k3_r100_09_lr33  step 40000   auc 0.997974 rep_w 1.0   score  40k=1.2483
k3_r100_09_lr17  step 40000   auc 0.998509 rep_w 1.0   score  40k=1.2612
k3_r100_09_lr56  step 200000  auc 0.999432 rep_w 1.0   score  40k=1.1820 100k=1.3170 200k=1.3189
k32_r100_09_lr56 step 40000   auc 0.730161 rep_w 1.0   score  40k=1.4404
k3_r100_09_mean  step 27400   auc 0.535472 rep_w 1.0   score  - COLLAPSED
k3_r100_09b_lr56 step 40000   auc 0.99887  rep_w 1.0   score  40k=1.2469
k32_r100_09_sum  step 40000   auc 0.991624 rep_w 1.0   score  40k=1.2161
k3_r100_09_lr45  step 40000   auc 0.997576 rep_w 1.0   score  40k=1.2912
k3_r100_09_lr70  step 40000   auc 0.99832  rep_w 1.0   score  40k=1.2192
lanes 0   trainers 0   heads 0   evals 0
===== 2026-09-10 07:25:13 =====
gpu 0, 5678 MiB, 98 %
gpu 1, 19871 MiB, 88 %
k3_r100_09       step 200000  auc 0.999517 rep_w 1.0   score  40k=1.3495 100k=1.3395 200k=1.3910
k32_r100_09      step 40000   auc 0.773158 rep_w 1.0   score  40k=1.4629
k32_r200_08      step 28500   auc 0.534748 rep_w 1.0   score  - COLLAPSED
k3_r100_09_dec   step 40000   auc 0.997382 rep_w 0.0   score  40k=1.3236
k32_r100_09_dec  step 19100   auc 0.501426 rep_w 0.0   score  - COLLAPSED
k8_r100_09       step 40000   auc 0.730208 rep_w 1.0   score  40k=1.4537
k3_r100_09b      step 40000   auc 0.998191 rep_w 1.0   score  40k=1.2927
k3_r100_09_lr33  step 40000   auc 0.997974 rep_w 1.0   score  40k=1.2483
k3_r100_09_lr17  step 40000   auc 0.998509 rep_w 1.0   score  40k=1.2612
k3_r100_09_lr56  step 200000  auc 0.999432 rep_w 1.0   score  40k=1.1820 100k=1.3170 200k=1.3189
k32_r100_09_lr56 step 40000   auc 0.730161 rep_w 1.0   score  40k=1.4404
k3_r100_09_mean  step 27400   auc 0.535472 rep_w 1.0   score  - COLLAPSED
k3_r100_09b_lr56 step 40000   auc 0.99887  rep_w 1.0   score  40k=1.2469
k32_r100_09_sum  step 40000   auc 0.991624 rep_w 1.0   score  40k=1.2161
k3_r100_09_lr45  step 40000   auc 0.997576 rep_w 1.0   score  40k=1.2912
k3_r100_09_lr70  step 40000   auc 0.99832  rep_w 1.0   score  40k=1.2192
lanes 0   trainers 0   heads 0   evals 0
===== 2026-09-10 07:41:31 =====
gpu 0, 5678 MiB, 98 %
gpu 1, 19871 MiB, 86 %
k3_r100_09       step 200000  auc 0.999517 rep_w 1.0   score  40k=1.3495 100k=1.3395 200k=1.3910
k32_r100_09      step 40000   auc 0.773158 rep_w 1.0   score  40k=1.4629
k32_r200_08      step 28500   auc 0.534748 rep_w 1.0   score  - COLLAPSED
k3_r100_09_dec   step 40000   auc 0.997382 rep_w 0.0   score  40k=1.3236
k32_r100_09_dec  step 19100   auc 0.501426 rep_w 0.0   score  - COLLAPSED
k8_r100_09       step 40000   auc 0.730208 rep_w 1.0   score  40k=1.4537
k3_r100_09b      step 40000   auc 0.998191 rep_w 1.0   score  40k=1.2927
k3_r100_09_lr33  step 40000   auc 0.997974 rep_w 1.0   score  40k=1.2483
k3_r100_09_lr17  step 40000   auc 0.998509 rep_w 1.0   score  40k=1.2612
k3_r100_09_lr56  step 200000  auc 0.999432 rep_w 1.0   score  40k=1.1820 100k=1.3170 200k=1.3189
k32_r100_09_lr56 step 40000   auc 0.730161 rep_w 1.0   score  40k=1.4404
k3_r100_09_mean  step 27400   auc 0.535472 rep_w 1.0   score  - COLLAPSED
k3_r100_09b_lr56 step 40000   auc 0.99887  rep_w 1.0   score  40k=1.2469
k32_r100_09_sum  step 40000   auc 0.991624 rep_w 1.0   score  40k=1.2161
k3_r100_09_lr45  step 40000   auc 0.997576 rep_w 1.0   score  40k=1.2912
k3_r100_09_lr70  step 40000   auc 0.99832  rep_w 1.0   score  40k=1.2192
lanes 0   trainers 0   heads 0   evals 0
===== 2026-09-10 07:57:48 =====
gpu 0, 5678 MiB, 99 %
gpu 1, 19871 MiB, 90 %
k3_r100_09       step 200000  auc 0.999517 rep_w 1.0   score  40k=1.3495 100k=1.3395 200k=1.3910
k32_r100_09      step 40000   auc 0.773158 rep_w 1.0   score  40k=1.4629
k32_r200_08      step 28500   auc 0.534748 rep_w 1.0   score  - COLLAPSED
k3_r100_09_dec   step 40000   auc 0.997382 rep_w 0.0   score  40k=1.3236
k32_r100_09_dec  step 19100   auc 0.501426 rep_w 0.0   score  - COLLAPSED
k8_r100_09       step 40000   auc 0.730208 rep_w 1.0   score  40k=1.4537
k3_r100_09b      step 40000   auc 0.998191 rep_w 1.0   score  40k=1.2927
k3_r100_09_lr33  step 40000   auc 0.997974 rep_w 1.0   score  40k=1.2483
k3_r100_09_lr17  step 40000   auc 0.998509 rep_w 1.0   score  40k=1.2612
k3_r100_09_lr56  step 200000  auc 0.999432 rep_w 1.0   score  40k=1.1820 100k=1.3170 200k=1.3189
k32_r100_09_lr56 step 40000   auc 0.730161 rep_w 1.0   score  40k=1.4404
k3_r100_09_mean  step 27400   auc 0.535472 rep_w 1.0   score  - COLLAPSED
k3_r100_09b_lr56 step 40000   auc 0.99887  rep_w 1.0   score  40k=1.2469
k32_r100_09_sum  step 40000   auc 0.991624 rep_w 1.0   score  40k=1.2161
k3_r100_09_lr45  step 40000   auc 0.997576 rep_w 1.0   score  40k=1.2912
k3_r100_09_lr70  step 40000   auc 0.99832  rep_w 1.0   score  40k=1.2192
lanes 0   trainers 0   heads 0   evals 0
===== 2026-09-10 08:13:59 =====
gpu 0, 5678 MiB, 97 %
gpu 1, 20001 MiB, 90 %
k3_r100_09       step 200000  auc 0.999517 rep_w 1.0   score  40k=1.3495 100k=1.3395 200k=1.3910
k32_r100_09      step 40000   auc 0.773158 rep_w 1.0   score  40k=1.4629
k32_r200_08      step 28500   auc 0.534748 rep_w 1.0   score  - COLLAPSED
k3_r100_09_dec   step 40000   auc 0.997382 rep_w 0.0   score  40k=1.3236
k32_r100_09_dec  step 19100   auc 0.501426 rep_w 0.0   score  - COLLAPSED
k8_r100_09       step 40000   auc 0.730208 rep_w 1.0   score  40k=1.4537
k3_r100_09b      step 40000   auc 0.998191 rep_w 1.0   score  40k=1.2927
k3_r100_09_lr33  step 40000   auc 0.997974 rep_w 1.0   score  40k=1.2483
k3_r100_09_lr17  step 40000   auc 0.998509 rep_w 1.0   score  40k=1.2612
k3_r100_09_lr56  step 200000  auc 0.999432 rep_w 1.0   score  40k=1.1820 100k=1.3170 200k=1.3189
k32_r100_09_lr56 step 40000   auc 0.730161 rep_w 1.0   score  40k=1.4404
k3_r100_09_mean  step 27400   auc 0.535472 rep_w 1.0   score  - COLLAPSED
k3_r100_09b_lr56 step 40000   auc 0.99887  rep_w 1.0   score  40k=1.2469
k32_r100_09_sum  step 40000   auc 0.991624 rep_w 1.0   score  40k=1.2161
k3_r100_09_lr45  step 40000   auc 0.997576 rep_w 1.0   score  40k=1.2912
k3_r100_09_lr70  step 40000   auc 0.99832  rep_w 1.0   score  40k=1.2192
lanes 0   trainers 0   heads 0   evals 0
===== 2026-09-10 08:30:10 =====
gpu 0, 5678 MiB, 97 %
gpu 1, 20001 MiB, 88 %
k3_r100_09       step 200000  auc 0.999517 rep_w 1.0   score  40k=1.3495 100k=1.3395 200k=1.3910
k32_r100_09      step 40000   auc 0.773158 rep_w 1.0   score  40k=1.4629
k32_r200_08      step 28500   auc 0.534748 rep_w 1.0   score  - COLLAPSED
k3_r100_09_dec   step 40000   auc 0.997382 rep_w 0.0   score  40k=1.3236
k32_r100_09_dec  step 19100   auc 0.501426 rep_w 0.0   score  - COLLAPSED
k8_r100_09       step 40000   auc 0.730208 rep_w 1.0   score  40k=1.4537
k3_r100_09b      step 40000   auc 0.998191 rep_w 1.0   score  40k=1.2927
k3_r100_09_lr33  step 40000   auc 0.997974 rep_w 1.0   score  40k=1.2483
k3_r100_09_lr17  step 40000   auc 0.998509 rep_w 1.0   score  40k=1.2612
k3_r100_09_lr56  step 200000  auc 0.999432 rep_w 1.0   score  40k=1.1820 100k=1.3170 200k=1.3189
k32_r100_09_lr56 step 40000   auc 0.730161 rep_w 1.0   score  40k=1.4404
k3_r100_09_mean  step 27400   auc 0.535472 rep_w 1.0   score  - COLLAPSED
k3_r100_09b_lr56 step 40000   auc 0.99887  rep_w 1.0   score  40k=1.2469
k32_r100_09_sum  step 40000   auc 0.991624 rep_w 1.0   score  40k=1.2161
k3_r100_09_lr45  step 40000   auc 0.997576 rep_w 1.0   score  40k=1.2912
k3_r100_09_lr70  step 40000   auc 0.99832  rep_w 1.0   score  40k=1.2192
lanes 0   trainers 0   heads 0   evals 0
===== 2026-09-10 08:46:22 =====
gpu 0, 5678 MiB, 98 %
gpu 1, 20001 MiB, 89 %
k3_r100_09       step 200000  auc 0.999517 rep_w 1.0   score  40k=1.3495 100k=1.3395 200k=1.3910
k32_r100_09      step 40000   auc 0.773158 rep_w 1.0   score  40k=1.4629
k32_r200_08      step 28500   auc 0.534748 rep_w 1.0   score  - COLLAPSED
k3_r100_09_dec   step 40000   auc 0.997382 rep_w 0.0   score  40k=1.3236
k32_r100_09_dec  step 19100   auc 0.501426 rep_w 0.0   score  - COLLAPSED
k8_r100_09       step 40000   auc 0.730208 rep_w 1.0   score  40k=1.4537
k3_r100_09b      step 40000   auc 0.998191 rep_w 1.0   score  40k=1.2927
k3_r100_09_lr33  step 40000   auc 0.997974 rep_w 1.0   score  40k=1.2483
k3_r100_09_lr17  step 40000   auc 0.998509 rep_w 1.0   score  40k=1.2612
k3_r100_09_lr56  step 200000  auc 0.999432 rep_w 1.0   score  40k=1.1820 100k=1.3170 200k=1.3189
k32_r100_09_lr56 step 40000   auc 0.730161 rep_w 1.0   score  40k=1.4404
k3_r100_09_mean  step 27400   auc 0.535472 rep_w 1.0   score  - COLLAPSED
k3_r100_09b_lr56 step 40000   auc 0.99887  rep_w 1.0   score  40k=1.2469
k32_r100_09_sum  step 40000   auc 0.991624 rep_w 1.0   score  40k=1.2161
k3_r100_09_lr45  step 40000   auc 0.997576 rep_w 1.0   score  40k=1.2912
k3_r100_09_lr70  step 40000   auc 0.99832  rep_w 1.0   score  40k=1.2192
lanes 0   trainers 0   heads 0   evals 0
===== 2026-09-10 09:02:34 =====
gpu 0, 5678 MiB, 91 %
gpu 1, 20001 MiB, 91 %
k3_r100_09       step 200000  auc 0.999517 rep_w 1.0   score  40k=1.3495 100k=1.3395 200k=1.3910
k32_r100_09      step 40000   auc 0.773158 rep_w 1.0   score  40k=1.4629
k32_r200_08      step 28500   auc 0.534748 rep_w 1.0   score  - COLLAPSED
k3_r100_09_dec   step 40000   auc 0.997382 rep_w 0.0   score  40k=1.3236
k32_r100_09_dec  step 19100   auc 0.501426 rep_w 0.0   score  - COLLAPSED
k8_r100_09       step 40000   auc 0.730208 rep_w 1.0   score  40k=1.4537
k3_r100_09b      step 40000   auc 0.998191 rep_w 1.0   score  40k=1.2927
k3_r100_09_lr33  step 40000   auc 0.997974 rep_w 1.0   score  40k=1.2483
k3_r100_09_lr17  step 40000   auc 0.998509 rep_w 1.0   score  40k=1.2612
k3_r100_09_lr56  step 200000  auc 0.999432 rep_w 1.0   score  40k=1.1820 100k=1.3170 200k=1.3189
k32_r100_09_lr56 step 40000   auc 0.730161 rep_w 1.0   score  40k=1.4404
k3_r100_09_mean  step 27400   auc 0.535472 rep_w 1.0   score  - COLLAPSED
k3_r100_09b_lr56 step 40000   auc 0.99887  rep_w 1.0   score  40k=1.2469
k32_r100_09_sum  step 40000   auc 0.991624 rep_w 1.0   score  40k=1.2161
k3_r100_09_lr45  step 40000   auc 0.997576 rep_w 1.0   score  40k=1.2912
k3_r100_09_lr70  step 40000   auc 0.99832  rep_w 1.0   score  40k=1.2192
lanes 0   trainers 0   heads 0   evals 0
===== 2026-09-10 09:18:46 =====
gpu 0, 5678 MiB, 99 %
gpu 1, 20001 MiB, 88 %
k3_r100_09       step 200000  auc 0.999517 rep_w 1.0   score  40k=1.3495 100k=1.3395 200k=1.3910
k32_r100_09      step 40000   auc 0.773158 rep_w 1.0   score  40k=1.4629
k32_r200_08      step 28500   auc 0.534748 rep_w 1.0   score  - COLLAPSED
k3_r100_09_dec   step 40000   auc 0.997382 rep_w 0.0   score  40k=1.3236
k32_r100_09_dec  step 19100   auc 0.501426 rep_w 0.0   score  - COLLAPSED
k8_r100_09       step 40000   auc 0.730208 rep_w 1.0   score  40k=1.4537
k3_r100_09b      step 40000   auc 0.998191 rep_w 1.0   score  40k=1.2927
k3_r100_09_lr33  step 40000   auc 0.997974 rep_w 1.0   score  40k=1.2483
k3_r100_09_lr17  step 40000   auc 0.998509 rep_w 1.0   score  40k=1.2612
k3_r100_09_lr56  step 200000  auc 0.999432 rep_w 1.0   score  40k=1.1820 100k=1.3170 200k=1.3189
k32_r100_09_lr56 step 40000   auc 0.730161 rep_w 1.0   score  40k=1.4404
k3_r100_09_mean  step 27400   auc 0.535472 rep_w 1.0   score  - COLLAPSED
k3_r100_09b_lr56 step 40000   auc 0.99887  rep_w 1.0   score  40k=1.2469
k32_r100_09_sum  step 40000   auc 0.991624 rep_w 1.0   score  40k=1.2161
k3_r100_09_lr45  step 40000   auc 0.997576 rep_w 1.0   score  40k=1.2912
k3_r100_09_lr70  step 40000   auc 0.99832  rep_w 1.0   score  40k=1.2192
lanes 0   trainers 0   heads 0   evals 0
===== 2026-09-10 09:34:57 =====
gpu 0, 5678 MiB, 98 %
gpu 1, 20001 MiB, 91 %
k3_r100_09       step 200000  auc 0.999517 rep_w 1.0   score  40k=1.3495 100k=1.3395 200k=1.3910
k32_r100_09      step 40000   auc 0.773158 rep_w 1.0   score  40k=1.4629
k32_r200_08      step 28500   auc 0.534748 rep_w 1.0   score  - COLLAPSED
k3_r100_09_dec   step 40000   auc 0.997382 rep_w 0.0   score  40k=1.3236
k32_r100_09_dec  step 19100   auc 0.501426 rep_w 0.0   score  - COLLAPSED
k8_r100_09       step 40000   auc 0.730208 rep_w 1.0   score  40k=1.4537
k3_r100_09b      step 40000   auc 0.998191 rep_w 1.0   score  40k=1.2927
k3_r100_09_lr33  step 40000   auc 0.997974 rep_w 1.0   score  40k=1.2483
k3_r100_09_lr17  step 40000   auc 0.998509 rep_w 1.0   score  40k=1.2612
k3_r100_09_lr56  step 200000  auc 0.999432 rep_w 1.0   score  40k=1.1820 100k=1.3170 200k=1.3189
k32_r100_09_lr56 step 40000   auc 0.730161 rep_w 1.0   score  40k=1.4404
k3_r100_09_mean  step 27400   auc 0.535472 rep_w 1.0   score  - COLLAPSED
k3_r100_09b_lr56 step 40000   auc 0.99887  rep_w 1.0   score  40k=1.2469
k32_r100_09_sum  step 40000   auc 0.991624 rep_w 1.0   score  40k=1.2161
k3_r100_09_lr45  step 40000   auc 0.997576 rep_w 1.0   score  40k=1.2912
k3_r100_09_lr70  step 40000   auc 0.99832  rep_w 1.0   score  40k=1.2192
lanes 0   trainers 0   heads 0   evals 0
===== 2026-09-10 09:51:09 =====
gpu 0, 5678 MiB, 96 %
gpu 1, 20001 MiB, 88 %
k3_r100_09       step 200000  auc 0.999517 rep_w 1.0   score  40k=1.3495 100k=1.3395 200k=1.3910
k32_r100_09      step 40000   auc 0.773158 rep_w 1.0   score  40k=1.4629
k32_r200_08      step 28500   auc 0.534748 rep_w 1.0   score  - COLLAPSED
k3_r100_09_dec   step 40000   auc 0.997382 rep_w 0.0   score  40k=1.3236
k32_r100_09_dec  step 19100   auc 0.501426 rep_w 0.0   score  - COLLAPSED
k8_r100_09       step 40000   auc 0.730208 rep_w 1.0   score  40k=1.4537
k3_r100_09b      step 40000   auc 0.998191 rep_w 1.0   score  40k=1.2927
k3_r100_09_lr33  step 40000   auc 0.997974 rep_w 1.0   score  40k=1.2483
k3_r100_09_lr17  step 40000   auc 0.998509 rep_w 1.0   score  40k=1.2612
k3_r100_09_lr56  step 200000  auc 0.999432 rep_w 1.0   score  40k=1.1820 100k=1.3170 200k=1.3189
k32_r100_09_lr56 step 40000   auc 0.730161 rep_w 1.0   score  40k=1.4404
k3_r100_09_mean  step 27400   auc 0.535472 rep_w 1.0   score  - COLLAPSED
k3_r100_09b_lr56 step 40000   auc 0.99887  rep_w 1.0   score  40k=1.2469
k32_r100_09_sum  step 40000   auc 0.991624 rep_w 1.0   score  40k=1.2161
k3_r100_09_lr45  step 40000   auc 0.997576 rep_w 1.0   score  40k=1.2912
k3_r100_09_lr70  step 40000   auc 0.99832  rep_w 1.0   score  40k=1.2192
lanes 0   trainers 0   heads 0   evals 0
===== 2026-09-10 10:07:20 =====
gpu 0, 5678 MiB, 96 %
gpu 1, 20001 MiB, 92 %
k3_r100_09       step 200000  auc 0.999517 rep_w 1.0   score  40k=1.3495 100k=1.3395 200k=1.3910
k32_r100_09      step 40000   auc 0.773158 rep_w 1.0   score  40k=1.4629
k32_r200_08      step 28500   auc 0.534748 rep_w 1.0   score  - COLLAPSED
k3_r100_09_dec   step 40000   auc 0.997382 rep_w 0.0   score  40k=1.3236
k32_r100_09_dec  step 19100   auc 0.501426 rep_w 0.0   score  - COLLAPSED
k8_r100_09       step 40000   auc 0.730208 rep_w 1.0   score  40k=1.4537
k3_r100_09b      step 40000   auc 0.998191 rep_w 1.0   score  40k=1.2927
k3_r100_09_lr33  step 40000   auc 0.997974 rep_w 1.0   score  40k=1.2483
k3_r100_09_lr17  step 40000   auc 0.998509 rep_w 1.0   score  40k=1.2612
k3_r100_09_lr56  step 200000  auc 0.999432 rep_w 1.0   score  40k=1.1820 100k=1.3170 200k=1.3189
k32_r100_09_lr56 step 40000   auc 0.730161 rep_w 1.0   score  40k=1.4404
k3_r100_09_mean  step 27400   auc 0.535472 rep_w 1.0   score  - COLLAPSED
k3_r100_09b_lr56 step 40000   auc 0.99887  rep_w 1.0   score  40k=1.2469
k32_r100_09_sum  step 40000   auc 0.991624 rep_w 1.0   score  40k=1.2161
k3_r100_09_lr45  step 40000   auc 0.997576 rep_w 1.0   score  40k=1.2912
k3_r100_09_lr70  step 40000   auc 0.99832  rep_w 1.0   score  40k=1.2192
lanes 0   trainers 0   heads 0   evals 0
===== 2026-09-10 10:23:32 =====
gpu 0, 5678 MiB, 89 %
gpu 1, 20001 MiB, 92 %
k3_r100_09       step 200000  auc 0.999517 rep_w 1.0   score  40k=1.3495 100k=1.3395 200k=1.3910
k32_r100_09      step 40000   auc 0.773158 rep_w 1.0   score  40k=1.4629
k32_r200_08      step 28500   auc 0.534748 rep_w 1.0   score  - COLLAPSED
k3_r100_09_dec   step 40000   auc 0.997382 rep_w 0.0   score  40k=1.3236
k32_r100_09_dec  step 19100   auc 0.501426 rep_w 0.0   score  - COLLAPSED
k8_r100_09       step 40000   auc 0.730208 rep_w 1.0   score  40k=1.4537
k3_r100_09b      step 40000   auc 0.998191 rep_w 1.0   score  40k=1.2927
k3_r100_09_lr33  step 40000   auc 0.997974 rep_w 1.0   score  40k=1.2483
k3_r100_09_lr17  step 40000   auc 0.998509 rep_w 1.0   score  40k=1.2612
k3_r100_09_lr56  step 200000  auc 0.999432 rep_w 1.0   score  40k=1.1820 100k=1.3170 200k=1.3189
k32_r100_09_lr56 step 40000   auc 0.730161 rep_w 1.0   score  40k=1.4404
k3_r100_09_mean  step 27400   auc 0.535472 rep_w 1.0   score  - COLLAPSED
k3_r100_09b_lr56 step 40000   auc 0.99887  rep_w 1.0   score  40k=1.2469
k32_r100_09_sum  step 40000   auc 0.991624 rep_w 1.0   score  40k=1.2161
k3_r100_09_lr45  step 40000   auc 0.997576 rep_w 1.0   score  40k=1.2912
k3_r100_09_lr70  step 40000   auc 0.99832  rep_w 1.0   score  40k=1.2192
lanes 0   trainers 0   heads 0   evals 0
===== 2026-09-10 10:39:43 =====
gpu 0, 5678 MiB, 98 %
gpu 1, 20001 MiB, 92 %
k3_r100_09       step 200000  auc 0.999517 rep_w 1.0   score  40k=1.3495 100k=1.3395 200k=1.3910
k32_r100_09      step 40000   auc 0.773158 rep_w 1.0   score  40k=1.4629
k32_r200_08      step 28500   auc 0.534748 rep_w 1.0   score  - COLLAPSED
k3_r100_09_dec   step 40000   auc 0.997382 rep_w 0.0   score  40k=1.3236
k32_r100_09_dec  step 19100   auc 0.501426 rep_w 0.0   score  - COLLAPSED
k8_r100_09       step 40000   auc 0.730208 rep_w 1.0   score  40k=1.4537
k3_r100_09b      step 40000   auc 0.998191 rep_w 1.0   score  40k=1.2927
k3_r100_09_lr33  step 40000   auc 0.997974 rep_w 1.0   score  40k=1.2483
k3_r100_09_lr17  step 40000   auc 0.998509 rep_w 1.0   score  40k=1.2612
k3_r100_09_lr56  step 200000  auc 0.999432 rep_w 1.0   score  40k=1.1820 100k=1.3170 200k=1.3189
k32_r100_09_lr56 step 40000   auc 0.730161 rep_w 1.0   score  40k=1.4404
k3_r100_09_mean  step 27400   auc 0.535472 rep_w 1.0   score  - COLLAPSED
k3_r100_09b_lr56 step 40000   auc 0.99887  rep_w 1.0   score  40k=1.2469
k32_r100_09_sum  step 40000   auc 0.991624 rep_w 1.0   score  40k=1.2161
k3_r100_09_lr45  step 40000   auc 0.997576 rep_w 1.0   score  40k=1.2912
k3_r100_09_lr70  step 40000   auc 0.99832  rep_w 1.0   score  40k=1.2192
lanes 0   trainers 0   heads 0   evals 0
===== 2026-09-10 10:55:55 =====
gpu 0, 5678 MiB, 91 %
gpu 1, 20001 MiB, 90 %
k3_r100_09       step 200000  auc 0.999517 rep_w 1.0   score  40k=1.3495 100k=1.3395 200k=1.3910
k32_r100_09      step 40000   auc 0.773158 rep_w 1.0   score  40k=1.4629
k32_r200_08      step 28500   auc 0.534748 rep_w 1.0   score  - COLLAPSED
k3_r100_09_dec   step 40000   auc 0.997382 rep_w 0.0   score  40k=1.3236
k32_r100_09_dec  step 19100   auc 0.501426 rep_w 0.0   score  - COLLAPSED
k8_r100_09       step 40000   auc 0.730208 rep_w 1.0   score  40k=1.4537
k3_r100_09b      step 40000   auc 0.998191 rep_w 1.0   score  40k=1.2927
k3_r100_09_lr33  step 40000   auc 0.997974 rep_w 1.0   score  40k=1.2483
k3_r100_09_lr17  step 40000   auc 0.998509 rep_w 1.0   score  40k=1.2612
k3_r100_09_lr56  step 200000  auc 0.999432 rep_w 1.0   score  40k=1.1820 100k=1.3170 200k=1.3189
k32_r100_09_lr56 step 40000   auc 0.730161 rep_w 1.0   score  40k=1.4404
k3_r100_09_mean  step 27400   auc 0.535472 rep_w 1.0   score  - COLLAPSED
k3_r100_09b_lr56 step 40000   auc 0.99887  rep_w 1.0   score  40k=1.2469
k32_r100_09_sum  step 40000   auc 0.991624 rep_w 1.0   score  40k=1.2161
k3_r100_09_lr45  step 40000   auc 0.997576 rep_w 1.0   score  40k=1.2912
k3_r100_09_lr70  step 40000   auc 0.99832  rep_w 1.0   score  40k=1.2192
lanes 0   trainers 0   heads 0   evals 0
===== 2026-09-10 11:12:07 =====
gpu 0, 5678 MiB, 98 %
gpu 1, 20001 MiB, 89 %
k3_r100_09       step 200000  auc 0.999517 rep_w 1.0   score  40k=1.3495 100k=1.3395 200k=1.3910
k32_r100_09      step 40000   auc 0.773158 rep_w 1.0   score  40k=1.4629
k32_r200_08      step 28500   auc 0.534748 rep_w 1.0   score  - COLLAPSED
k3_r100_09_dec   step 40000   auc 0.997382 rep_w 0.0   score  40k=1.3236
k32_r100_09_dec  step 19100   auc 0.501426 rep_w 0.0   score  - COLLAPSED
k8_r100_09       step 40000   auc 0.730208 rep_w 1.0   score  40k=1.4537
k3_r100_09b      step 40000   auc 0.998191 rep_w 1.0   score  40k=1.2927
k3_r100_09_lr33  step 40000   auc 0.997974 rep_w 1.0   score  40k=1.2483
k3_r100_09_lr17  step 40000   auc 0.998509 rep_w 1.0   score  40k=1.2612
k3_r100_09_lr56  step 200000  auc 0.999432 rep_w 1.0   score  40k=1.1820 100k=1.3170 200k=1.3189
k32_r100_09_lr56 step 40000   auc 0.730161 rep_w 1.0   score  40k=1.4404
k3_r100_09_mean  step 27400   auc 0.535472 rep_w 1.0   score  - COLLAPSED
k3_r100_09b_lr56 step 40000   auc 0.99887  rep_w 1.0   score  40k=1.2469
k32_r100_09_sum  step 40000   auc 0.991624 rep_w 1.0   score  40k=1.2161
k3_r100_09_lr45  step 40000   auc 0.997576 rep_w 1.0   score  40k=1.2912
k3_r100_09_lr70  step 40000   auc 0.99832  rep_w 1.0   score  40k=1.2192
lanes 0   trainers 0   heads 0   evals 0
===== 2026-09-10 11:28:18 =====
gpu 0, 5678 MiB, 88 %
gpu 1, 20001 MiB, 92 %
k3_r100_09       step 200000  auc 0.999517 rep_w 1.0   score  40k=1.3495 100k=1.3395 200k=1.3910
k32_r100_09      step 40000   auc 0.773158 rep_w 1.0   score  40k=1.4629
k32_r200_08      step 28500   auc 0.534748 rep_w 1.0   score  - COLLAPSED
k3_r100_09_dec   step 40000   auc 0.997382 rep_w 0.0   score  40k=1.3236
k32_r100_09_dec  step 19100   auc 0.501426 rep_w 0.0   score  - COLLAPSED
k8_r100_09       step 40000   auc 0.730208 rep_w 1.0   score  40k=1.4537
k3_r100_09b      step 40000   auc 0.998191 rep_w 1.0   score  40k=1.2927
k3_r100_09_lr33  step 40000   auc 0.997974 rep_w 1.0   score  40k=1.2483
k3_r100_09_lr17  step 40000   auc 0.998509 rep_w 1.0   score  40k=1.2612
k3_r100_09_lr56  step 200000  auc 0.999432 rep_w 1.0   score  40k=1.1820 100k=1.3170 200k=1.3189
k32_r100_09_lr56 step 40000   auc 0.730161 rep_w 1.0   score  40k=1.4404
k3_r100_09_mean  step 27400   auc 0.535472 rep_w 1.0   score  - COLLAPSED
k3_r100_09b_lr56 step 40000   auc 0.99887  rep_w 1.0   score  40k=1.2469
k32_r100_09_sum  step 40000   auc 0.991624 rep_w 1.0   score  40k=1.2161
k3_r100_09_lr45  step 40000   auc 0.997576 rep_w 1.0   score  40k=1.2912
k3_r100_09_lr70  step 40000   auc 0.99832  rep_w 1.0   score  40k=1.2192
lanes 0   trainers 0   heads 0   evals 0
===== 2026-09-10 11:44:31 =====
gpu 0, 5678 MiB, 96 %
gpu 1, 20001 MiB, 91 %
k3_r100_09       step 200000  auc 0.999517 rep_w 1.0   score  40k=1.3495 100k=1.3395 200k=1.3910
k32_r100_09      step 40000   auc 0.773158 rep_w 1.0   score  40k=1.4629
k32_r200_08      step 28500   auc 0.534748 rep_w 1.0   score  - COLLAPSED
k3_r100_09_dec   step 40000   auc 0.997382 rep_w 0.0   score  40k=1.3236
k32_r100_09_dec  step 19100   auc 0.501426 rep_w 0.0   score  - COLLAPSED
k8_r100_09       step 40000   auc 0.730208 rep_w 1.0   score  40k=1.4537
k3_r100_09b      step 40000   auc 0.998191 rep_w 1.0   score  40k=1.2927
k3_r100_09_lr33  step 40000   auc 0.997974 rep_w 1.0   score  40k=1.2483
k3_r100_09_lr17  step 40000   auc 0.998509 rep_w 1.0   score  40k=1.2612
k3_r100_09_lr56  step 200000  auc 0.999432 rep_w 1.0   score  40k=1.1820 100k=1.3170 200k=1.3189
k32_r100_09_lr56 step 40000   auc 0.730161 rep_w 1.0   score  40k=1.4404
k3_r100_09_mean  step 27400   auc 0.535472 rep_w 1.0   score  - COLLAPSED
k3_r100_09b_lr56 step 40000   auc 0.99887  rep_w 1.0   score  40k=1.2469
k32_r100_09_sum  step 40000   auc 0.991624 rep_w 1.0   score  40k=1.2161
k3_r100_09_lr45  step 40000   auc 0.997576 rep_w 1.0   score  40k=1.2912
k3_r100_09_lr70  step 40000   auc 0.99832  rep_w 1.0   score  40k=1.2192
lanes 0   trainers 0   heads 0   evals 0
===== 2026-09-10 12:00:43 =====
gpu 0, 5678 MiB, 98 %
gpu 1, 20001 MiB, 89 %
k3_r100_09       step 200000  auc 0.999517 rep_w 1.0   score  40k=1.3495 100k=1.3395 200k=1.3910
k32_r100_09      step 40000   auc 0.773158 rep_w 1.0   score  40k=1.4629
k32_r200_08      step 28500   auc 0.534748 rep_w 1.0   score  - COLLAPSED
k3_r100_09_dec   step 40000   auc 0.997382 rep_w 0.0   score  40k=1.3236
k32_r100_09_dec  step 19100   auc 0.501426 rep_w 0.0   score  - COLLAPSED
k8_r100_09       step 40000   auc 0.730208 rep_w 1.0   score  40k=1.4537
k3_r100_09b      step 40000   auc 0.998191 rep_w 1.0   score  40k=1.2927
k3_r100_09_lr33  step 40000   auc 0.997974 rep_w 1.0   score  40k=1.2483
k3_r100_09_lr17  step 40000   auc 0.998509 rep_w 1.0   score  40k=1.2612
k3_r100_09_lr56  step 200000  auc 0.999432 rep_w 1.0   score  40k=1.1820 100k=1.3170 200k=1.3189
k32_r100_09_lr56 step 40000   auc 0.730161 rep_w 1.0   score  40k=1.4404
k3_r100_09_mean  step 27400   auc 0.535472 rep_w 1.0   score  - COLLAPSED
k3_r100_09b_lr56 step 40000   auc 0.99887  rep_w 1.0   score  40k=1.2469
k32_r100_09_sum  step 40000   auc 0.991624 rep_w 1.0   score  40k=1.2161
k3_r100_09_lr45  step 40000   auc 0.997576 rep_w 1.0   score  40k=1.2912
k3_r100_09_lr70  step 40000   auc 0.99832  rep_w 1.0   score  40k=1.2192
lanes 0   trainers 0   heads 0   evals 0
===== 2026-09-10 12:16:55 =====
gpu 0, 5678 MiB, 97 %
gpu 1, 20001 MiB, 89 %
k3_r100_09       step 200000  auc 0.999517 rep_w 1.0   score  40k=1.3495 100k=1.3395 200k=1.3910
k32_r100_09      step 40000   auc 0.773158 rep_w 1.0   score  40k=1.4629
k32_r200_08      step 28500   auc 0.534748 rep_w 1.0   score  - COLLAPSED
k3_r100_09_dec   step 40000   auc 0.997382 rep_w 0.0   score  40k=1.3236
k32_r100_09_dec  step 19100   auc 0.501426 rep_w 0.0   score  - COLLAPSED
k8_r100_09       step 40000   auc 0.730208 rep_w 1.0   score  40k=1.4537
k3_r100_09b      step 40000   auc 0.998191 rep_w 1.0   score  40k=1.2927
k3_r100_09_lr33  step 40000   auc 0.997974 rep_w 1.0   score  40k=1.2483
k3_r100_09_lr17  step 40000   auc 0.998509 rep_w 1.0   score  40k=1.2612
k3_r100_09_lr56  step 200000  auc 0.999432 rep_w 1.0   score  40k=1.1820 100k=1.3170 200k=1.3189
k32_r100_09_lr56 step 40000   auc 0.730161 rep_w 1.0   score  40k=1.4404
k3_r100_09_mean  step 27400   auc 0.535472 rep_w 1.0   score  - COLLAPSED
k3_r100_09b_lr56 step 40000   auc 0.99887  rep_w 1.0   score  40k=1.2469
k32_r100_09_sum  step 40000   auc 0.991624 rep_w 1.0   score  40k=1.2161
k3_r100_09_lr45  step 40000   auc 0.997576 rep_w 1.0   score  40k=1.2912
k3_r100_09_lr70  step 40000   auc 0.99832  rep_w 1.0   score  40k=1.2192
lanes 0   trainers 0   heads 0   evals 0
===== 2026-09-10 12:33:08 =====
gpu 0, 5678 MiB, 94 %
gpu 1, 20001 MiB, 90 %
k3_r100_09       step 200000  auc 0.999517 rep_w 1.0   score  40k=1.3495 100k=1.3395 200k=1.3910
k32_r100_09      step 40000   auc 0.773158 rep_w 1.0   score  40k=1.4629
k32_r200_08      step 28500   auc 0.534748 rep_w 1.0   score  - COLLAPSED
k3_r100_09_dec   step 40000   auc 0.997382 rep_w 0.0   score  40k=1.3236
k32_r100_09_dec  step 19100   auc 0.501426 rep_w 0.0   score  - COLLAPSED
k8_r100_09       step 40000   auc 0.730208 rep_w 1.0   score  40k=1.4537
k3_r100_09b      step 40000   auc 0.998191 rep_w 1.0   score  40k=1.2927
k3_r100_09_lr33  step 40000   auc 0.997974 rep_w 1.0   score  40k=1.2483
k3_r100_09_lr17  step 40000   auc 0.998509 rep_w 1.0   score  40k=1.2612
k3_r100_09_lr56  step 200000  auc 0.999432 rep_w 1.0   score  40k=1.1820 100k=1.3170 200k=1.3189
k32_r100_09_lr56 step 40000   auc 0.730161 rep_w 1.0   score  40k=1.4404
k3_r100_09_mean  step 27400   auc 0.535472 rep_w 1.0   score  - COLLAPSED
k3_r100_09b_lr56 step 40000   auc 0.99887  rep_w 1.0   score  40k=1.2469
k32_r100_09_sum  step 40000   auc 0.991624 rep_w 1.0   score  40k=1.2161
k3_r100_09_lr45  step 40000   auc 0.997576 rep_w 1.0   score  40k=1.2912
k3_r100_09_lr70  step 40000   auc 0.99832  rep_w 1.0   score  40k=1.2192
lanes 0   trainers 0   heads 0   evals 0
===== 2026-09-10 12:49:20 =====
gpu 0, 5678 MiB, 98 %
gpu 1, 20001 MiB, 87 %
k3_r100_09       step 200000  auc 0.999517 rep_w 1.0   score  40k=1.3495 100k=1.3395 200k=1.3910
k32_r100_09      step 40000   auc 0.773158 rep_w 1.0   score  40k=1.4629
k32_r200_08      step 28500   auc 0.534748 rep_w 1.0   score  - COLLAPSED
k3_r100_09_dec   step 40000   auc 0.997382 rep_w 0.0   score  40k=1.3236
k32_r100_09_dec  step 19100   auc 0.501426 rep_w 0.0   score  - COLLAPSED
k8_r100_09       step 40000   auc 0.730208 rep_w 1.0   score  40k=1.4537
k3_r100_09b      step 40000   auc 0.998191 rep_w 1.0   score  40k=1.2927
k3_r100_09_lr33  step 40000   auc 0.997974 rep_w 1.0   score  40k=1.2483
k3_r100_09_lr17  step 40000   auc 0.998509 rep_w 1.0   score  40k=1.2612
k3_r100_09_lr56  step 200000  auc 0.999432 rep_w 1.0   score  40k=1.1820 100k=1.3170 200k=1.3189
k32_r100_09_lr56 step 40000   auc 0.730161 rep_w 1.0   score  40k=1.4404
k3_r100_09_mean  step 27400   auc 0.535472 rep_w 1.0   score  - COLLAPSED
k3_r100_09b_lr56 step 40000   auc 0.99887  rep_w 1.0   score  40k=1.2469
k32_r100_09_sum  step 40000   auc 0.991624 rep_w 1.0   score  40k=1.2161
k3_r100_09_lr45  step 40000   auc 0.997576 rep_w 1.0   score  40k=1.2912
k3_r100_09_lr70  step 40000   auc 0.99832  rep_w 1.0   score  40k=1.2192
lanes 0   trainers 0   heads 0   evals 0
===== 2026-09-10 13:05:32 =====
gpu 0, 9296 MiB, 96 %
gpu 1, 20001 MiB, 91 %
k3_r100_09       step 200000  auc 0.999517 rep_w 1.0   score  40k=1.3495 100k=1.3395 200k=1.3910
k32_r100_09      step 40000   auc 0.773158 rep_w 1.0   score  40k=1.4629
k32_r200_08      step 28500   auc 0.534748 rep_w 1.0   score  - COLLAPSED
k3_r100_09_dec   step 40000   auc 0.997382 rep_w 0.0   score  40k=1.3236
k32_r100_09_dec  step 19100   auc 0.501426 rep_w 0.0   score  - COLLAPSED
k8_r100_09       step 40000   auc 0.730208 rep_w 1.0   score  40k=1.4537
k3_r100_09b      step 40000   auc 0.998191 rep_w 1.0   score  40k=1.2927
k3_r100_09_lr33  step 40000   auc 0.997974 rep_w 1.0   score  40k=1.2483
k3_r100_09_lr17  step 40000   auc 0.998509 rep_w 1.0   score  40k=1.2612
k3_r100_09_lr56  step 200000  auc 0.999432 rep_w 1.0   score  40k=1.1820 100k=1.3170 200k=1.3189
k32_r100_09_lr56 step 40000   auc 0.730161 rep_w 1.0   score  40k=1.4404
k3_r100_09_mean  step 27400   auc 0.535472 rep_w 1.0   score  - COLLAPSED
k3_r100_09b_lr56 step 40000   auc 0.99887  rep_w 1.0   score  40k=1.2469
k32_r100_09_sum  step 40000   auc 0.991624 rep_w 1.0   score  40k=1.2161
k3_r100_09_lr45  step 40000   auc 0.997576 rep_w 1.0   score  40k=1.2912
k3_r100_09_lr70  step 40000   auc 0.99832  rep_w 1.0   score  40k=1.2192
lanes 0   trainers 0   heads 0   evals 0
===== 2026-09-10 13:21:43 =====
gpu 0, 9296 MiB, 97 %
gpu 1, 21031 MiB, 85 %
k3_r100_09       step 200000  auc 0.999517 rep_w 1.0   score  40k=1.3495 100k=1.3395 200k=1.3910
k32_r100_09      step 40000   auc 0.773158 rep_w 1.0   score  40k=1.4629
k32_r200_08      step 28500   auc 0.534748 rep_w 1.0   score  - COLLAPSED
k3_r100_09_dec   step 40000   auc 0.997382 rep_w 0.0   score  40k=1.3236
k32_r100_09_dec  step 19100   auc 0.501426 rep_w 0.0   score  - COLLAPSED
k8_r100_09       step 40000   auc 0.730208 rep_w 1.0   score  40k=1.4537
k3_r100_09b      step 40000   auc 0.998191 rep_w 1.0   score  40k=1.2927
k3_r100_09_lr33  step 40000   auc 0.997974 rep_w 1.0   score  40k=1.2483
k3_r100_09_lr17  step 40000   auc 0.998509 rep_w 1.0   score  40k=1.2612
k3_r100_09_lr56  step 200000  auc 0.999432 rep_w 1.0   score  40k=1.1820 100k=1.3170 200k=1.3189
k32_r100_09_lr56 step 40000   auc 0.730161 rep_w 1.0   score  40k=1.4404
k3_r100_09_mean  step 27400   auc 0.535472 rep_w 1.0   score  - COLLAPSED
k3_r100_09b_lr56 step 40000   auc 0.99887  rep_w 1.0   score  40k=1.2469
k32_r100_09_sum  step 40000   auc 0.991624 rep_w 1.0   score  40k=1.2161
k3_r100_09_lr45  step 40000   auc 0.997576 rep_w 1.0   score  40k=1.2912
k3_r100_09_lr70  step 40000   auc 0.99832  rep_w 1.0   score  40k=1.2192
lanes 0   trainers 0   heads 0   evals 0
===== 2026-09-10 13:37:55 =====
gpu 0, 9296 MiB, 96 %
gpu 1, 21031 MiB, 85 %
k3_r100_09       step 200000  auc 0.999517 rep_w 1.0   score  40k=1.3495 100k=1.3395 200k=1.3910
k32_r100_09      step 40000   auc 0.773158 rep_w 1.0   score  40k=1.4629
k32_r200_08      step 28500   auc 0.534748 rep_w 1.0   score  - COLLAPSED
k3_r100_09_dec   step 40000   auc 0.997382 rep_w 0.0   score  40k=1.3236
k32_r100_09_dec  step 19100   auc 0.501426 rep_w 0.0   score  - COLLAPSED
k8_r100_09       step 40000   auc 0.730208 rep_w 1.0   score  40k=1.4537
k3_r100_09b      step 40000   auc 0.998191 rep_w 1.0   score  40k=1.2927
k3_r100_09_lr33  step 40000   auc 0.997974 rep_w 1.0   score  40k=1.2483
k3_r100_09_lr17  step 40000   auc 0.998509 rep_w 1.0   score  40k=1.2612
k3_r100_09_lr56  step 200000  auc 0.999432 rep_w 1.0   score  40k=1.1820 100k=1.3170 200k=1.3189
k32_r100_09_lr56 step 40000   auc 0.730161 rep_w 1.0   score  40k=1.4404
k3_r100_09_mean  step 27400   auc 0.535472 rep_w 1.0   score  - COLLAPSED
k3_r100_09b_lr56 step 40000   auc 0.99887  rep_w 1.0   score  40k=1.2469
k32_r100_09_sum  step 40000   auc 0.991624 rep_w 1.0   score  40k=1.2161
k3_r100_09_lr45  step 40000   auc 0.997576 rep_w 1.0   score  40k=1.2912
k3_r100_09_lr70  step 40000   auc 0.99832  rep_w 1.0   score  40k=1.2192
lanes 0   trainers 0   heads 0   evals 0
===== 2026-09-10 13:54:08 =====
gpu 0, 9296 MiB, 96 %
gpu 1, 21031 MiB, 90 %
k3_r100_09       step 200000  auc 0.999517 rep_w 1.0   score  40k=1.3495 100k=1.3395 200k=1.3910
k32_r100_09      step 40000   auc 0.773158 rep_w 1.0   score  40k=1.4629
k32_r200_08      step 28500   auc 0.534748 rep_w 1.0   score  - COLLAPSED
k3_r100_09_dec   step 40000   auc 0.997382 rep_w 0.0   score  40k=1.3236
k32_r100_09_dec  step 19100   auc 0.501426 rep_w 0.0   score  - COLLAPSED
k8_r100_09       step 40000   auc 0.730208 rep_w 1.0   score  40k=1.4537
k3_r100_09b      step 40000   auc 0.998191 rep_w 1.0   score  40k=1.2927
k3_r100_09_lr33  step 40000   auc 0.997974 rep_w 1.0   score  40k=1.2483
k3_r100_09_lr17  step 40000   auc 0.998509 rep_w 1.0   score  40k=1.2612
k3_r100_09_lr56  step 200000  auc 0.999432 rep_w 1.0   score  40k=1.1820 100k=1.3170 200k=1.3189
k32_r100_09_lr56 step 40000   auc 0.730161 rep_w 1.0   score  40k=1.4404
k3_r100_09_mean  step 27400   auc 0.535472 rep_w 1.0   score  - COLLAPSED
k3_r100_09b_lr56 step 40000   auc 0.99887  rep_w 1.0   score  40k=1.2469
k32_r100_09_sum  step 40000   auc 0.991624 rep_w 1.0   score  40k=1.2161
k3_r100_09_lr45  step 40000   auc 0.997576 rep_w 1.0   score  40k=1.2912
k3_r100_09_lr70  step 40000   auc 0.99832  rep_w 1.0   score  40k=1.2192
lanes 0   trainers 0   heads 0   evals 0
===== 2026-09-10 14:10:19 =====
gpu 0, 9296 MiB, 97 %
gpu 1, 21031 MiB, 85 %
k3_r100_09       step 200000  auc 0.999517 rep_w 1.0   score  40k=1.3495 100k=1.3395 200k=1.3910
k32_r100_09      step 40000   auc 0.773158 rep_w 1.0   score  40k=1.4629
k32_r200_08      step 28500   auc 0.534748 rep_w 1.0   score  - COLLAPSED
k3_r100_09_dec   step 40000   auc 0.997382 rep_w 0.0   score  40k=1.3236
k32_r100_09_dec  step 19100   auc 0.501426 rep_w 0.0   score  - COLLAPSED
k8_r100_09       step 40000   auc 0.730208 rep_w 1.0   score  40k=1.4537
k3_r100_09b      step 40000   auc 0.998191 rep_w 1.0   score  40k=1.2927
k3_r100_09_lr33  step 40000   auc 0.997974 rep_w 1.0   score  40k=1.2483
k3_r100_09_lr17  step 40000   auc 0.998509 rep_w 1.0   score  40k=1.2612
k3_r100_09_lr56  step 200000  auc 0.999432 rep_w 1.0   score  40k=1.1820 100k=1.3170 200k=1.3189
k32_r100_09_lr56 step 40000   auc 0.730161 rep_w 1.0   score  40k=1.4404
k3_r100_09_mean  step 27400   auc 0.535472 rep_w 1.0   score  - COLLAPSED
k3_r100_09b_lr56 step 40000   auc 0.99887  rep_w 1.0   score  40k=1.2469
k32_r100_09_sum  step 40000   auc 0.991624 rep_w 1.0   score  40k=1.2161
k3_r100_09_lr45  step 40000   auc 0.997576 rep_w 1.0   score  40k=1.2912
k3_r100_09_lr70  step 40000   auc 0.99832  rep_w 1.0   score  40k=1.2192
lanes 0   trainers 0   heads 0   evals 0
===== 2026-09-10 14:26:30 =====
gpu 0, 9296 MiB, 97 %
gpu 1, 21031 MiB, 90 %
k3_r100_09       step 200000  auc 0.999517 rep_w 1.0   score  40k=1.3495 100k=1.3395 200k=1.3910
k32_r100_09      step 40000   auc 0.773158 rep_w 1.0   score  40k=1.4629
k32_r200_08      step 28500   auc 0.534748 rep_w 1.0   score  - COLLAPSED
k3_r100_09_dec   step 40000   auc 0.997382 rep_w 0.0   score  40k=1.3236
k32_r100_09_dec  step 19100   auc 0.501426 rep_w 0.0   score  - COLLAPSED
k8_r100_09       step 40000   auc 0.730208 rep_w 1.0   score  40k=1.4537
k3_r100_09b      step 40000   auc 0.998191 rep_w 1.0   score  40k=1.2927
k3_r100_09_lr33  step 40000   auc 0.997974 rep_w 1.0   score  40k=1.2483
k3_r100_09_lr17  step 40000   auc 0.998509 rep_w 1.0   score  40k=1.2612
k3_r100_09_lr56  step 200000  auc 0.999432 rep_w 1.0   score  40k=1.1820 100k=1.3170 200k=1.3189
k32_r100_09_lr56 step 40000   auc 0.730161 rep_w 1.0   score  40k=1.4404
k3_r100_09_mean  step 27400   auc 0.535472 rep_w 1.0   score  - COLLAPSED
k3_r100_09b_lr56 step 40000   auc 0.99887  rep_w 1.0   score  40k=1.2469
k32_r100_09_sum  step 40000   auc 0.991624 rep_w 1.0   score  40k=1.2161
k3_r100_09_lr45  step 40000   auc 0.997576 rep_w 1.0   score  40k=1.2912
k3_r100_09_lr70  step 40000   auc 0.99832  rep_w 1.0   score  40k=1.2192
lanes 0   trainers 0   heads 0   evals 0
===== 2026-09-10 14:42:42 =====
gpu 0, 9296 MiB, 98 %
gpu 1, 21031 MiB, 90 %
k3_r100_09       step 200000  auc 0.999517 rep_w 1.0   score  40k=1.3495 100k=1.3395 200k=1.3910
k32_r100_09      step 40000   auc 0.773158 rep_w 1.0   score  40k=1.4629
k32_r200_08      step 28500   auc 0.534748 rep_w 1.0   score  - COLLAPSED
k3_r100_09_dec   step 40000   auc 0.997382 rep_w 0.0   score  40k=1.3236
k32_r100_09_dec  step 19100   auc 0.501426 rep_w 0.0   score  - COLLAPSED
k8_r100_09       step 40000   auc 0.730208 rep_w 1.0   score  40k=1.4537
k3_r100_09b      step 40000   auc 0.998191 rep_w 1.0   score  40k=1.2927
k3_r100_09_lr33  step 40000   auc 0.997974 rep_w 1.0   score  40k=1.2483
k3_r100_09_lr17  step 40000   auc 0.998509 rep_w 1.0   score  40k=1.2612
k3_r100_09_lr56  step 200000  auc 0.999432 rep_w 1.0   score  40k=1.1820 100k=1.3170 200k=1.3189
k32_r100_09_lr56 step 40000   auc 0.730161 rep_w 1.0   score  40k=1.4404
k3_r100_09_mean  step 27400   auc 0.535472 rep_w 1.0   score  - COLLAPSED
k3_r100_09b_lr56 step 40000   auc 0.99887  rep_w 1.0   score  40k=1.2469
k32_r100_09_sum  step 40000   auc 0.991624 rep_w 1.0   score  40k=1.2161
k3_r100_09_lr45  step 40000   auc 0.997576 rep_w 1.0   score  40k=1.2912
k3_r100_09_lr70  step 40000   auc 0.99832  rep_w 1.0   score  40k=1.2192
lanes 0   trainers 0   heads 0   evals 0
===== 2026-09-10 14:58:54 =====
gpu 0, 9296 MiB, 95 %
gpu 1, 21031 MiB, 61 %
k3_r100_09       step 200000  auc 0.999517 rep_w 1.0   score  40k=1.3495 100k=1.3395 200k=1.3910
k32_r100_09      step 40000   auc 0.773158 rep_w 1.0   score  40k=1.4629
k32_r200_08      step 28500   auc 0.534748 rep_w 1.0   score  - COLLAPSED
k3_r100_09_dec   step 40000   auc 0.997382 rep_w 0.0   score  40k=1.3236
k32_r100_09_dec  step 19100   auc 0.501426 rep_w 0.0   score  - COLLAPSED
k8_r100_09       step 40000   auc 0.730208 rep_w 1.0   score  40k=1.4537
k3_r100_09b      step 40000   auc 0.998191 rep_w 1.0   score  40k=1.2927
k3_r100_09_lr33  step 40000   auc 0.997974 rep_w 1.0   score  40k=1.2483
k3_r100_09_lr17  step 40000   auc 0.998509 rep_w 1.0   score  40k=1.2612
k3_r100_09_lr56  step 200000  auc 0.999432 rep_w 1.0   score  40k=1.1820 100k=1.3170 200k=1.3189
k32_r100_09_lr56 step 40000   auc 0.730161 rep_w 1.0   score  40k=1.4404
k3_r100_09_mean  step 27400   auc 0.535472 rep_w 1.0   score  - COLLAPSED
k3_r100_09b_lr56 step 40000   auc 0.99887  rep_w 1.0   score  40k=1.2469
k32_r100_09_sum  step 40000   auc 0.991624 rep_w 1.0   score  40k=1.2161
k3_r100_09_lr45  step 40000   auc 0.997576 rep_w 1.0   score  40k=1.2912
k3_r100_09_lr70  step 40000   auc 0.99832  rep_w 1.0   score  40k=1.2192
lanes 0   trainers 0   heads 0   evals 0
===== 2026-09-10 15:15:05 =====
gpu 0, 9296 MiB, 96 %
gpu 1, 21031 MiB, 90 %
k3_r100_09       step 200000  auc 0.999517 rep_w 1.0   score  40k=1.3495 100k=1.3395 200k=1.3910
k32_r100_09      step 40000   auc 0.773158 rep_w 1.0   score  40k=1.4629
k32_r200_08      step 28500   auc 0.534748 rep_w 1.0   score  - COLLAPSED
k3_r100_09_dec   step 40000   auc 0.997382 rep_w 0.0   score  40k=1.3236
k32_r100_09_dec  step 19100   auc 0.501426 rep_w 0.0   score  - COLLAPSED
k8_r100_09       step 40000   auc 0.730208 rep_w 1.0   score  40k=1.4537
k3_r100_09b      step 40000   auc 0.998191 rep_w 1.0   score  40k=1.2927
k3_r100_09_lr33  step 40000   auc 0.997974 rep_w 1.0   score  40k=1.2483
k3_r100_09_lr17  step 40000   auc 0.998509 rep_w 1.0   score  40k=1.2612
k3_r100_09_lr56  step 200000  auc 0.999432 rep_w 1.0   score  40k=1.1820 100k=1.3170 200k=1.3189
k32_r100_09_lr56 step 40000   auc 0.730161 rep_w 1.0   score  40k=1.4404
k3_r100_09_mean  step 27400   auc 0.535472 rep_w 1.0   score  - COLLAPSED
k3_r100_09b_lr56 step 40000   auc 0.99887  rep_w 1.0   score  40k=1.2469
k32_r100_09_sum  step 40000   auc 0.991624 rep_w 1.0   score  40k=1.2161
k3_r100_09_lr45  step 40000   auc 0.997576 rep_w 1.0   score  40k=1.2912
k3_r100_09_lr70  step 40000   auc 0.99832  rep_w 1.0   score  40k=1.2192
lanes 0   trainers 0   heads 0   evals 0
===== 2026-09-10 15:31:17 =====
gpu 0, 9296 MiB, 97 %
gpu 1, 21031 MiB, 86 %
k3_r100_09       step 200000  auc 0.999517 rep_w 1.0   score  40k=1.3495 100k=1.3395 200k=1.3910
k32_r100_09      step 40000   auc 0.773158 rep_w 1.0   score  40k=1.4629
k32_r200_08      step 28500   auc 0.534748 rep_w 1.0   score  - COLLAPSED
k3_r100_09_dec   step 40000   auc 0.997382 rep_w 0.0   score  40k=1.3236
k32_r100_09_dec  step 19100   auc 0.501426 rep_w 0.0   score  - COLLAPSED
k8_r100_09       step 40000   auc 0.730208 rep_w 1.0   score  40k=1.4537
k3_r100_09b      step 40000   auc 0.998191 rep_w 1.0   score  40k=1.2927
k3_r100_09_lr33  step 40000   auc 0.997974 rep_w 1.0   score  40k=1.2483
k3_r100_09_lr17  step 40000   auc 0.998509 rep_w 1.0   score  40k=1.2612
k3_r100_09_lr56  step 200000  auc 0.999432 rep_w 1.0   score  40k=1.1820 100k=1.3170 200k=1.3189
k32_r100_09_lr56 step 40000   auc 0.730161 rep_w 1.0   score  40k=1.4404
k3_r100_09_mean  step 27400   auc 0.535472 rep_w 1.0   score  - COLLAPSED
k3_r100_09b_lr56 step 40000   auc 0.99887  rep_w 1.0   score  40k=1.2469
k32_r100_09_sum  step 40000   auc 0.991624 rep_w 1.0   score  40k=1.2161
k3_r100_09_lr45  step 40000   auc 0.997576 rep_w 1.0   score  40k=1.2912
k3_r100_09_lr70  step 40000   auc 0.99832  rep_w 1.0   score  40k=1.2192
lanes 0   trainers 0   heads 0   evals 0
===== 2026-09-10 15:47:30 =====
gpu 0, 9296 MiB, 88 %
gpu 1, 21031 MiB, 72 %
k3_r100_09       step 200000  auc 0.999517 rep_w 1.0   score  40k=1.3495 100k=1.3395 200k=1.3910
k32_r100_09      step 40000   auc 0.773158 rep_w 1.0   score  40k=1.4629
k32_r200_08      step 28500   auc 0.534748 rep_w 1.0   score  - COLLAPSED
k3_r100_09_dec   step 40000   auc 0.997382 rep_w 0.0   score  40k=1.3236
k32_r100_09_dec  step 19100   auc 0.501426 rep_w 0.0   score  - COLLAPSED
k8_r100_09       step 40000   auc 0.730208 rep_w 1.0   score  40k=1.4537
k3_r100_09b      step 40000   auc 0.998191 rep_w 1.0   score  40k=1.2927
k3_r100_09_lr33  step 40000   auc 0.997974 rep_w 1.0   score  40k=1.2483
k3_r100_09_lr17  step 40000   auc 0.998509 rep_w 1.0   score  40k=1.2612
k3_r100_09_lr56  step 200000  auc 0.999432 rep_w 1.0   score  40k=1.1820 100k=1.3170 200k=1.3189
k32_r100_09_lr56 step 40000   auc 0.730161 rep_w 1.0   score  40k=1.4404
k3_r100_09_mean  step 27400   auc 0.535472 rep_w 1.0   score  - COLLAPSED
k3_r100_09b_lr56 step 40000   auc 0.99887  rep_w 1.0   score  40k=1.2469
k32_r100_09_sum  step 40000   auc 0.991624 rep_w 1.0   score  40k=1.2161
k3_r100_09_lr45  step 40000   auc 0.997576 rep_w 1.0   score  40k=1.2912
k3_r100_09_lr70  step 40000   auc 0.99832  rep_w 1.0   score  40k=1.2192
lanes 0   trainers 0   heads 0   evals 0
===== 2026-09-10 16:03:42 =====
gpu 0, 9296 MiB, 96 %
gpu 1, 21031 MiB, 0 %
k3_r100_09       step 200000  auc 0.999517 rep_w 1.0   score  40k=1.3495 100k=1.3395 200k=1.3910
k32_r100_09      step 40000   auc 0.773158 rep_w 1.0   score  40k=1.4629
k32_r200_08      step 28500   auc 0.534748 rep_w 1.0   score  - COLLAPSED
k3_r100_09_dec   step 40000   auc 0.997382 rep_w 0.0   score  40k=1.3236
k32_r100_09_dec  step 19100   auc 0.501426 rep_w 0.0   score  - COLLAPSED
k8_r100_09       step 40000   auc 0.730208 rep_w 1.0   score  40k=1.4537
k3_r100_09b      step 40000   auc 0.998191 rep_w 1.0   score  40k=1.2927
k3_r100_09_lr33  step 40000   auc 0.997974 rep_w 1.0   score  40k=1.2483
k3_r100_09_lr17  step 40000   auc 0.998509 rep_w 1.0   score  40k=1.2612
k3_r100_09_lr56  step 200000  auc 0.999432 rep_w 1.0   score  40k=1.1820 100k=1.3170 200k=1.3189
k32_r100_09_lr56 step 40000   auc 0.730161 rep_w 1.0   score  40k=1.4404
k3_r100_09_mean  step 27400   auc 0.535472 rep_w 1.0   score  - COLLAPSED
k3_r100_09b_lr56 step 40000   auc 0.99887  rep_w 1.0   score  40k=1.2469
k32_r100_09_sum  step 40000   auc 0.991624 rep_w 1.0   score  40k=1.2161
k3_r100_09_lr45  step 40000   auc 0.997576 rep_w 1.0   score  40k=1.2912
k3_r100_09_lr70  step 40000   auc 0.99832  rep_w 1.0   score  40k=1.2192
lanes 0   trainers 0   heads 0   evals 0
===== 2026-09-10 16:19:55 =====
gpu 0, 9296 MiB, 97 %
gpu 1, 21031 MiB, 88 %
k3_r100_09       step 200000  auc 0.999517 rep_w 1.0   score  40k=1.3495 100k=1.3395 200k=1.3910
k32_r100_09      step 40000   auc 0.773158 rep_w 1.0   score  40k=1.4629
k32_r200_08      step 28500   auc 0.534748 rep_w 1.0   score  - COLLAPSED
k3_r100_09_dec   step 40000   auc 0.997382 rep_w 0.0   score  40k=1.3236
k32_r100_09_dec  step 19100   auc 0.501426 rep_w 0.0   score  - COLLAPSED
k8_r100_09       step 40000   auc 0.730208 rep_w 1.0   score  40k=1.4537
k3_r100_09b      step 40000   auc 0.998191 rep_w 1.0   score  40k=1.2927
k3_r100_09_lr33  step 40000   auc 0.997974 rep_w 1.0   score  40k=1.2483
k3_r100_09_lr17  step 40000   auc 0.998509 rep_w 1.0   score  40k=1.2612
k3_r100_09_lr56  step 200000  auc 0.999432 rep_w 1.0   score  40k=1.1820 100k=1.3170 200k=1.3189
k32_r100_09_lr56 step 40000   auc 0.730161 rep_w 1.0   score  40k=1.4404
k3_r100_09_mean  step 27400   auc 0.535472 rep_w 1.0   score  - COLLAPSED
k3_r100_09b_lr56 step 40000   auc 0.99887  rep_w 1.0   score  40k=1.2469
k32_r100_09_sum  step 40000   auc 0.991624 rep_w 1.0   score  40k=1.2161
k3_r100_09_lr45  step 40000   auc 0.997576 rep_w 1.0   score  40k=1.2912
k3_r100_09_lr70  step 40000   auc 0.99832  rep_w 1.0   score  40k=1.2192
lanes 0   trainers 0   heads 0   evals 0
===== 2026-09-10 16:36:08 =====
gpu 0, 9296 MiB, 96 %
gpu 1, 21031 MiB, 86 %
k3_r100_09       step 200000  auc 0.999517 rep_w 1.0   score  40k=1.3495 100k=1.3395 200k=1.3910
k32_r100_09      step 40000   auc 0.773158 rep_w 1.0   score  40k=1.4629
k32_r200_08      step 28500   auc 0.534748 rep_w 1.0   score  - COLLAPSED
k3_r100_09_dec   step 40000   auc 0.997382 rep_w 0.0   score  40k=1.3236
k32_r100_09_dec  step 19100   auc 0.501426 rep_w 0.0   score  - COLLAPSED
k8_r100_09       step 40000   auc 0.730208 rep_w 1.0   score  40k=1.4537
k3_r100_09b      step 40000   auc 0.998191 rep_w 1.0   score  40k=1.2927
k3_r100_09_lr33  step 40000   auc 0.997974 rep_w 1.0   score  40k=1.2483
k3_r100_09_lr17  step 40000   auc 0.998509 rep_w 1.0   score  40k=1.2612
k3_r100_09_lr56  step 200000  auc 0.999432 rep_w 1.0   score  40k=1.1820 100k=1.3170 200k=1.3189
k32_r100_09_lr56 step 40000   auc 0.730161 rep_w 1.0   score  40k=1.4404
k3_r100_09_mean  step 27400   auc 0.535472 rep_w 1.0   score  - COLLAPSED
k3_r100_09b_lr56 step 40000   auc 0.99887  rep_w 1.0   score  40k=1.2469
k32_r100_09_sum  step 40000   auc 0.991624 rep_w 1.0   score  40k=1.2161
k3_r100_09_lr45  step 40000   auc 0.997576 rep_w 1.0   score  40k=1.2912
k3_r100_09_lr70  step 40000   auc 0.99832  rep_w 1.0   score  40k=1.2192
lanes 0   trainers 0   heads 0   evals 0
===== 2026-09-10 16:52:22 =====
gpu 0, 9296 MiB, 96 %
gpu 1, 21031 MiB, 90 %
k3_r100_09       step 200000  auc 0.999517 rep_w 1.0   score  40k=1.3495 100k=1.3395 200k=1.3910
k32_r100_09      step 40000   auc 0.773158 rep_w 1.0   score  40k=1.4629
k32_r200_08      step 28500   auc 0.534748 rep_w 1.0   score  - COLLAPSED
k3_r100_09_dec   step 40000   auc 0.997382 rep_w 0.0   score  40k=1.3236
k32_r100_09_dec  step 19100   auc 0.501426 rep_w 0.0   score  - COLLAPSED
k8_r100_09       step 40000   auc 0.730208 rep_w 1.0   score  40k=1.4537
k3_r100_09b      step 40000   auc 0.998191 rep_w 1.0   score  40k=1.2927
k3_r100_09_lr33  step 40000   auc 0.997974 rep_w 1.0   score  40k=1.2483
k3_r100_09_lr17  step 40000   auc 0.998509 rep_w 1.0   score  40k=1.2612
k3_r100_09_lr56  step 200000  auc 0.999432 rep_w 1.0   score  40k=1.1820 100k=1.3170 200k=1.3189
k32_r100_09_lr56 step 40000   auc 0.730161 rep_w 1.0   score  40k=1.4404
k3_r100_09_mean  step 27400   auc 0.535472 rep_w 1.0   score  - COLLAPSED
k3_r100_09b_lr56 step 40000   auc 0.99887  rep_w 1.0   score  40k=1.2469
k32_r100_09_sum  step 40000   auc 0.991624 rep_w 1.0   score  40k=1.2161
k3_r100_09_lr45  step 40000   auc 0.997576 rep_w 1.0   score  40k=1.2912
k3_r100_09_lr70  step 40000   auc 0.99832  rep_w 1.0   score  40k=1.2192
lanes 0   trainers 0   heads 0   evals 0
===== 2026-09-10 17:08:36 =====
gpu 0, 9296 MiB, 96 %
gpu 1, 21031 MiB, 89 %
k3_r100_09       step 200000  auc 0.999517 rep_w 1.0   score  40k=1.3495 100k=1.3395 200k=1.3910
k32_r100_09      step 40000   auc 0.773158 rep_w 1.0   score  40k=1.4629
k32_r200_08      step 28500   auc 0.534748 rep_w 1.0   score  - COLLAPSED
k3_r100_09_dec   step 40000   auc 0.997382 rep_w 0.0   score  40k=1.3236
k32_r100_09_dec  step 19100   auc 0.501426 rep_w 0.0   score  - COLLAPSED
k8_r100_09       step 40000   auc 0.730208 rep_w 1.0   score  40k=1.4537
k3_r100_09b      step 40000   auc 0.998191 rep_w 1.0   score  40k=1.2927
k3_r100_09_lr33  step 40000   auc 0.997974 rep_w 1.0   score  40k=1.2483
k3_r100_09_lr17  step 40000   auc 0.998509 rep_w 1.0   score  40k=1.2612
k3_r100_09_lr56  step 200000  auc 0.999432 rep_w 1.0   score  40k=1.1820 100k=1.3170 200k=1.3189
k32_r100_09_lr56 step 40000   auc 0.730161 rep_w 1.0   score  40k=1.4404
k3_r100_09_mean  step 27400   auc 0.535472 rep_w 1.0   score  - COLLAPSED
k3_r100_09b_lr56 step 40000   auc 0.99887  rep_w 1.0   score  40k=1.2469
k32_r100_09_sum  step 40000   auc 0.991624 rep_w 1.0   score  40k=1.2161
k3_r100_09_lr45  step 40000   auc 0.997576 rep_w 1.0   score  40k=1.2912
k3_r100_09_lr70  step 40000   auc 0.99832  rep_w 1.0   score  40k=1.2192
lanes 0   trainers 0   heads 0   evals 0
===== 2026-09-10 17:24:48 =====
gpu 0, 9296 MiB, 96 %
gpu 1, 21031 MiB, 90 %
k3_r100_09       step 200000  auc 0.999517 rep_w 1.0   score  40k=1.3495 100k=1.3395 200k=1.3910
k32_r100_09      step 40000   auc 0.773158 rep_w 1.0   score  40k=1.4629
k32_r200_08      step 28500   auc 0.534748 rep_w 1.0   score  - COLLAPSED
k3_r100_09_dec   step 40000   auc 0.997382 rep_w 0.0   score  40k=1.3236
k32_r100_09_dec  step 19100   auc 0.501426 rep_w 0.0   score  - COLLAPSED
k8_r100_09       step 40000   auc 0.730208 rep_w 1.0   score  40k=1.4537
k3_r100_09b      step 40000   auc 0.998191 rep_w 1.0   score  40k=1.2927
k3_r100_09_lr33  step 40000   auc 0.997974 rep_w 1.0   score  40k=1.2483
k3_r100_09_lr17  step 40000   auc 0.998509 rep_w 1.0   score  40k=1.2612
k3_r100_09_lr56  step 200000  auc 0.999432 rep_w 1.0   score  40k=1.1820 100k=1.3170 200k=1.3189
k32_r100_09_lr56 step 40000   auc 0.730161 rep_w 1.0   score  40k=1.4404
k3_r100_09_mean  step 27400   auc 0.535472 rep_w 1.0   score  - COLLAPSED
k3_r100_09b_lr56 step 40000   auc 0.99887  rep_w 1.0   score  40k=1.2469
k32_r100_09_sum  step 40000   auc 0.991624 rep_w 1.0   score  40k=1.2161
k3_r100_09_lr45  step 40000   auc 0.997576 rep_w 1.0   score  40k=1.2912
k3_r100_09_lr70  step 40000   auc 0.99832  rep_w 1.0   score  40k=1.2192
lanes 0   trainers 0   heads 0   evals 0
===== 2026-09-10 17:41:01 =====
gpu 0, 9296 MiB, 4 %
gpu 1, 21031 MiB, 88 %
k3_r100_09       step 200000  auc 0.999517 rep_w 1.0   score  40k=1.3495 100k=1.3395 200k=1.3910
k32_r100_09      step 40000   auc 0.773158 rep_w 1.0   score  40k=1.4629
k32_r200_08      step 28500   auc 0.534748 rep_w 1.0   score  - COLLAPSED
k3_r100_09_dec   step 40000   auc 0.997382 rep_w 0.0   score  40k=1.3236
k32_r100_09_dec  step 19100   auc 0.501426 rep_w 0.0   score  - COLLAPSED
k8_r100_09       step 40000   auc 0.730208 rep_w 1.0   score  40k=1.4537
k3_r100_09b      step 40000   auc 0.998191 rep_w 1.0   score  40k=1.2927
k3_r100_09_lr33  step 40000   auc 0.997974 rep_w 1.0   score  40k=1.2483
k3_r100_09_lr17  step 40000   auc 0.998509 rep_w 1.0   score  40k=1.2612
k3_r100_09_lr56  step 200000  auc 0.999432 rep_w 1.0   score  40k=1.1820 100k=1.3170 200k=1.3189
k32_r100_09_lr56 step 40000   auc 0.730161 rep_w 1.0   score  40k=1.4404
k3_r100_09_mean  step 27400   auc 0.535472 rep_w 1.0   score  - COLLAPSED
k3_r100_09b_lr56 step 40000   auc 0.99887  rep_w 1.0   score  40k=1.2469
k32_r100_09_sum  step 40000   auc 0.991624 rep_w 1.0   score  40k=1.2161
k3_r100_09_lr45  step 40000   auc 0.997576 rep_w 1.0   score  40k=1.2912
k3_r100_09_lr70  step 40000   auc 0.99832  rep_w 1.0   score  40k=1.2192
lanes 0   trainers 0   heads 0   evals 0
===== 2026-09-10 17:57:13 =====
gpu 0, 9296 MiB, 98 %
gpu 1, 21031 MiB, 89 %
k3_r100_09       step 200000  auc 0.999517 rep_w 1.0   score  40k=1.3495 100k=1.3395 200k=1.3910
k32_r100_09      step 40000   auc 0.773158 rep_w 1.0   score  40k=1.4629
k32_r200_08      step 28500   auc 0.534748 rep_w 1.0   score  - COLLAPSED
k3_r100_09_dec   step 40000   auc 0.997382 rep_w 0.0   score  40k=1.3236
k32_r100_09_dec  step 19100   auc 0.501426 rep_w 0.0   score  - COLLAPSED
k8_r100_09       step 40000   auc 0.730208 rep_w 1.0   score  40k=1.4537
k3_r100_09b      step 40000   auc 0.998191 rep_w 1.0   score  40k=1.2927
k3_r100_09_lr33  step 40000   auc 0.997974 rep_w 1.0   score  40k=1.2483
k3_r100_09_lr17  step 40000   auc 0.998509 rep_w 1.0   score  40k=1.2612
k3_r100_09_lr56  step 200000  auc 0.999432 rep_w 1.0   score  40k=1.1820 100k=1.3170 200k=1.3189
k32_r100_09_lr56 step 40000   auc 0.730161 rep_w 1.0   score  40k=1.4404
k3_r100_09_mean  step 27400   auc 0.535472 rep_w 1.0   score  - COLLAPSED
k3_r100_09b_lr56 step 40000   auc 0.99887  rep_w 1.0   score  40k=1.2469
k32_r100_09_sum  step 40000   auc 0.991624 rep_w 1.0   score  40k=1.2161
k3_r100_09_lr45  step 40000   auc 0.997576 rep_w 1.0   score  40k=1.2912
k3_r100_09_lr70  step 40000   auc 0.99832  rep_w 1.0   score  40k=1.2192
lanes 0   trainers 0   heads 0   evals 0
===== 2026-09-10 18:13:25 =====
gpu 0, 9296 MiB, 97 %
gpu 1, 21031 MiB, 81 %
k3_r100_09       step 200000  auc 0.999517 rep_w 1.0   score  40k=1.3495 100k=1.3395 200k=1.3910
k32_r100_09      step 40000   auc 0.773158 rep_w 1.0   score  40k=1.4629
k32_r200_08      step 28500   auc 0.534748 rep_w 1.0   score  - COLLAPSED
k3_r100_09_dec   step 40000   auc 0.997382 rep_w 0.0   score  40k=1.3236
k32_r100_09_dec  step 19100   auc 0.501426 rep_w 0.0   score  - COLLAPSED
k8_r100_09       step 40000   auc 0.730208 rep_w 1.0   score  40k=1.4537
k3_r100_09b      step 40000   auc 0.998191 rep_w 1.0   score  40k=1.2927
k3_r100_09_lr33  step 40000   auc 0.997974 rep_w 1.0   score  40k=1.2483
k3_r100_09_lr17  step 40000   auc 0.998509 rep_w 1.0   score  40k=1.2612
k3_r100_09_lr56  step 200000  auc 0.999432 rep_w 1.0   score  40k=1.1820 100k=1.3170 200k=1.3189
k32_r100_09_lr56 step 40000   auc 0.730161 rep_w 1.0   score  40k=1.4404
k3_r100_09_mean  step 27400   auc 0.535472 rep_w 1.0   score  - COLLAPSED
k3_r100_09b_lr56 step 40000   auc 0.99887  rep_w 1.0   score  40k=1.2469
k32_r100_09_sum  step 40000   auc 0.991624 rep_w 1.0   score  40k=1.2161
k3_r100_09_lr45  step 40000   auc 0.997576 rep_w 1.0   score  40k=1.2912
k3_r100_09_lr70  step 40000   auc 0.99832  rep_w 1.0   score  40k=1.2192
lanes 0   trainers 0   heads 0   evals 0
===== 2026-09-10 18:29:38 =====
gpu 0, 9296 MiB, 97 %
gpu 1, 15648 MiB, 88 %
k3_r100_09       step 200000  auc 0.999517 rep_w 1.0   score  40k=1.3495 100k=1.3395 200k=1.3910
k32_r100_09      step 40000   auc 0.773158 rep_w 1.0   score  40k=1.4629
k32_r200_08      step 28500   auc 0.534748 rep_w 1.0   score  - COLLAPSED
k3_r100_09_dec   step 40000   auc 0.997382 rep_w 0.0   score  40k=1.3236
k32_r100_09_dec  step 19100   auc 0.501426 rep_w 0.0   score  - COLLAPSED
k8_r100_09       step 40000   auc 0.730208 rep_w 1.0   score  40k=1.4537
k3_r100_09b      step 40000   auc 0.998191 rep_w 1.0   score  40k=1.2927
k3_r100_09_lr33  step 40000   auc 0.997974 rep_w 1.0   score  40k=1.2483
k3_r100_09_lr17  step 40000   auc 0.998509 rep_w 1.0   score  40k=1.2612
k3_r100_09_lr56  step 200000  auc 0.999432 rep_w 1.0   score  40k=1.1820 100k=1.3170 200k=1.3189
k32_r100_09_lr56 step 40000   auc 0.730161 rep_w 1.0   score  40k=1.4404
k3_r100_09_mean  step 27400   auc 0.535472 rep_w 1.0   score  - COLLAPSED
k3_r100_09b_lr56 step 40000   auc 0.99887  rep_w 1.0   score  40k=1.2469
k32_r100_09_sum  step 40000   auc 0.991624 rep_w 1.0   score  40k=1.2161
k3_r100_09_lr45  step 40000   auc 0.997576 rep_w 1.0   score  40k=1.2912
k3_r100_09_lr70  step 40000   auc 0.99832  rep_w 1.0   score  40k=1.2192
lanes 1   trainers 1   heads 0   evals 0
===== 2026-09-10 18:37:05 =====
gpu 0, 3876 MiB, 97 %
gpu 1, 15612 MiB, 98 %
k3_r100_09       step 200000  auc 0.999517 rep_w 1.0   score  40k=1.3495 100k=1.3395 200k=1.3910
k32_r100_09      step 40000   auc 0.773158 rep_w 1.0   score  40k=1.4629
k32_r200_08      step 28500   auc 0.534748 rep_w 1.0   score  - COLLAPSED
k3_r100_09_dec   step 40000   auc 0.997382 rep_w 0.0   score  40k=1.3236
k32_r100_09_dec  step 19100   auc 0.501426 rep_w 0.0   score  - COLLAPSED
k8_r100_09       step 40000   auc 0.730208 rep_w 1.0   score  40k=1.4537
k3_r100_09b      step 40000   auc 0.998191 rep_w 1.0   score  40k=1.2927
k3_r100_09_lr33  step 40000   auc 0.997974 rep_w 1.0   score  40k=1.2483
k3_r100_09_lr17  step 40000   auc 0.998509 rep_w 1.0   score  40k=1.2612
k3_r100_09_lr56  step 200000  auc 0.999432 rep_w 1.0   score  40k=1.1820 100k=1.3170 200k=1.3189
k32_r100_09_lr56 step 40000   auc 0.730161 rep_w 1.0   score  40k=1.4404
k3_r100_09_mean  step 27400   auc 0.535472 rep_w 1.0   score  - COLLAPSED
k3_r100_09b_lr56 step 40000   auc 0.99887  rep_w 1.0   score  40k=1.2469
k32_r100_09_sum  step 40000   auc 0.991624 rep_w 1.0   score  40k=1.2161
k3_r100_09_lr45  step 40000   auc 0.997576 rep_w 1.0   score  40k=1.2912
k3_r100_09_lr70  step 40000   auc 0.99832  rep_w 1.0   score  40k=1.2192
k3_r100_09_lr56_dec step 1400    auc 0.995637 rep_w 0.30000000000000004 score  -
k3_r100_09_lr56_dec10k step 1100    auc 0.995833 rep_w 0.89  score  -
k32_r200_08_lr56 step -       auc -        rep_w -     score  -
k32_r100_09_dec_lr56 step -       auc -        rep_w -     score  -
k8_r100_09_lr56  step -       auc -        rep_w -     score  -
lanes 2   trainers 2   heads 0   evals 0
===== 2026-09-10 18:45:51 =====
gpu 0, 3876 MiB, 98 %
gpu 1, 13294 MiB, 98 %
k3_r100_09       step 200000  auc 0.999517 rep_w 1.0   score  40k=1.3495 100k=1.3395 200k=1.3910
k32_r100_09      step 40000   auc 0.773158 rep_w 1.0   score  40k=1.4629
k32_r200_08      step 28500   auc 0.534748 rep_w 1.0   score  - COLLAPSED
k3_r100_09_dec   step 40000   auc 0.997382 rep_w 0.0   score  40k=1.3236
k32_r100_09_dec  step 19100   auc 0.501426 rep_w 0.0   score  - COLLAPSED
k8_r100_09       step 40000   auc 0.730208 rep_w 1.0   score  40k=1.4537
k3_r100_09b      step 40000   auc 0.998191 rep_w 1.0   score  40k=1.2927
k3_r100_09_lr33  step 40000   auc 0.997974 rep_w 1.0   score  40k=1.2483
k3_r100_09_lr17  step 40000   auc 0.998509 rep_w 1.0   score  40k=1.2612
k3_r100_09_lr56  step 200000  auc 0.999432 rep_w 1.0   score  40k=1.1820 100k=1.3170 200k=1.3189
k32_r100_09_lr56 step 40000   auc 0.730161 rep_w 1.0   score  40k=1.4404
k3_r100_09_mean  step 27400   auc 0.535472 rep_w 1.0   score  - COLLAPSED
k3_r100_09b_lr56 step 40000   auc 0.99887  rep_w 1.0   score  40k=1.2469
k32_r100_09_sum  step 40000   auc 0.991624 rep_w 1.0   score  40k=1.2161
k3_r100_09_lr45  step 40000   auc 0.997576 rep_w 1.0   score  40k=1.2912
k3_r100_09_lr70  step 40000   auc 0.99832  rep_w 1.0   score  40k=1.2192
k3_r100_09_lr56_dec step 3500    auc 0.995789 rep_w 0.0   score  -
k3_r100_09_lr56_dec10k step 2600    auc 0.995455 rep_w 0.74  score  -
k32_r200_08_lr56 step -       auc -        rep_w -     score  -
k32_r100_09_dec_lr56 step -       auc -        rep_w -     score  -
k8_r100_09_lr56  step -       auc -        rep_w -     score  -
lanes 2   trainers 2   heads 0   evals 0
===== 2026-09-10 19:02:06 =====
gpu 0, 3876 MiB, 96 %
gpu 1, 13294 MiB, 92 %
k3_r100_09       step 200000  auc 0.999517 rep_w 1.0   score  40k=1.3495 100k=1.3395 200k=1.3910
k32_r100_09      step 40000   auc 0.773158 rep_w 1.0   score  40k=1.4629
k32_r200_08      step 28500   auc 0.534748 rep_w 1.0   score  - COLLAPSED
k3_r100_09_dec   step 40000   auc 0.997382 rep_w 0.0   score  40k=1.3236
k32_r100_09_dec  step 19100   auc 0.501426 rep_w 0.0   score  - COLLAPSED
k8_r100_09       step 40000   auc 0.730208 rep_w 1.0   score  40k=1.4537
k3_r100_09b      step 40000   auc 0.998191 rep_w 1.0   score  40k=1.2927
k3_r100_09_lr33  step 40000   auc 0.997974 rep_w 1.0   score  40k=1.2483
k3_r100_09_lr17  step 40000   auc 0.998509 rep_w 1.0   score  40k=1.2612
k3_r100_09_lr56  step 200000  auc 0.999432 rep_w 1.0   score  40k=1.1820 100k=1.3170 200k=1.3189
k32_r100_09_lr56 step 40000   auc 0.730161 rep_w 1.0   score  40k=1.4404
k3_r100_09_mean  step 27400   auc 0.535472 rep_w 1.0   score  - COLLAPSED
k3_r100_09b_lr56 step 40000   auc 0.99887  rep_w 1.0   score  40k=1.2469
k32_r100_09_sum  step 40000   auc 0.991624 rep_w 1.0   score  40k=1.2161
k3_r100_09_lr45  step 40000   auc 0.997576 rep_w 1.0   score  40k=1.2912
k3_r100_09_lr70  step 40000   auc 0.99832  rep_w 1.0   score  40k=1.2192
k3_r100_09_lr56_dec step 7500    auc 0.984726 rep_w 0.0   score  -
k3_r100_09_lr56_dec10k step 5400    auc 0.992896 rep_w 0.45999999999999996 score  -
k32_r200_08_lr56 step -       auc -        rep_w -     score  -
k32_r100_09_dec_lr56 step -       auc -        rep_w -     score  -
k8_r100_09_lr56  step -       auc -        rep_w -     score  -
lanes 2   trainers 2   heads 0   evals 0
===== 2026-09-10 19:18:21 =====
gpu 0, 3876 MiB, 96 %
gpu 1, 13294 MiB, 99 %
k3_r100_09       step 200000  auc 0.999517 rep_w 1.0   score  40k=1.3495 100k=1.3395 200k=1.3910
k32_r100_09      step 40000   auc 0.773158 rep_w 1.0   score  40k=1.4629
k32_r200_08      step 28500   auc 0.534748 rep_w 1.0   score  - COLLAPSED
k3_r100_09_dec   step 40000   auc 0.997382 rep_w 0.0   score  40k=1.3236
k32_r100_09_dec  step 19100   auc 0.501426 rep_w 0.0   score  - COLLAPSED
k8_r100_09       step 40000   auc 0.730208 rep_w 1.0   score  40k=1.4537
k3_r100_09b      step 40000   auc 0.998191 rep_w 1.0   score  40k=1.2927
k3_r100_09_lr33  step 40000   auc 0.997974 rep_w 1.0   score  40k=1.2483
k3_r100_09_lr17  step 40000   auc 0.998509 rep_w 1.0   score  40k=1.2612
k3_r100_09_lr56  step 200000  auc 0.999432 rep_w 1.0   score  40k=1.1820 100k=1.3170 200k=1.3189
k32_r100_09_lr56 step 40000   auc 0.730161 rep_w 1.0   score  40k=1.4404
k3_r100_09_mean  step 27400   auc 0.535472 rep_w 1.0   score  - COLLAPSED
k3_r100_09b_lr56 step 40000   auc 0.99887  rep_w 1.0   score  40k=1.2469
k32_r100_09_sum  step 40000   auc 0.991624 rep_w 1.0   score  40k=1.2161
k3_r100_09_lr45  step 40000   auc 0.997576 rep_w 1.0   score  40k=1.2912
k3_r100_09_lr70  step 40000   auc 0.99832  rep_w 1.0   score  40k=1.2192
k3_r100_09_lr56_dec step 11600   auc 0.990635 rep_w 0.0   score  -
k3_r100_09_lr56_dec10k step 8400    auc 0.996691 rep_w 0.16000000000000003 score  -
k32_r200_08_lr56 step -       auc -        rep_w -     score  -
k32_r100_09_dec_lr56 step -       auc -        rep_w -     score  -
k8_r100_09_lr56  step -       auc -        rep_w -     score  -
lanes 2   trainers 2   heads 0   evals 0
===== 2026-09-10 19:34:35 =====
gpu 0, 3874 MiB, 98 %
gpu 1, 1598 MiB, 99 %
k3_r100_09       step 200000  auc 0.999517 rep_w 1.0   score  40k=1.3495 100k=1.3395 200k=1.3910
k32_r100_09      step 40000   auc 0.773158 rep_w 1.0   score  40k=1.4629
k32_r200_08      step 28500   auc 0.534748 rep_w 1.0   score  - COLLAPSED
k3_r100_09_dec   step 40000   auc 0.997382 rep_w 0.0   score  40k=1.3236
k32_r100_09_dec  step 19100   auc 0.501426 rep_w 0.0   score  - COLLAPSED
k8_r100_09       step 40000   auc 0.730208 rep_w 1.0   score  40k=1.4537
k3_r100_09b      step 40000   auc 0.998191 rep_w 1.0   score  40k=1.2927
k3_r100_09_lr33  step 40000   auc 0.997974 rep_w 1.0   score  40k=1.2483
k3_r100_09_lr17  step 40000   auc 0.998509 rep_w 1.0   score  40k=1.2612
k3_r100_09_lr56  step 200000  auc 0.999432 rep_w 1.0   score  40k=1.1820 100k=1.3170 200k=1.3189
k32_r100_09_lr56 step 40000   auc 0.730161 rep_w 1.0   score  40k=1.4404
k3_r100_09_mean  step 27400   auc 0.535472 rep_w 1.0   score  - COLLAPSED
k3_r100_09b_lr56 step 40000   auc 0.99887  rep_w 1.0   score  40k=1.2469
k32_r100_09_sum  step 40000   auc 0.991624 rep_w 1.0   score  40k=1.2161
k3_r100_09_lr45  step 40000   auc 0.997576 rep_w 1.0   score  40k=1.2912
k3_r100_09_lr70  step 40000   auc 0.99832  rep_w 1.0   score  40k=1.2192
k3_r100_09_lr56_dec step 15400   auc 0.995919 rep_w 0.0   score  -
k3_r100_09_lr56_dec10k step 11900   auc 0.99473  rep_w 0.0   score  -
k32_r200_08_lr56 step -       auc -        rep_w -     score  -
k32_r100_09_dec_lr56 step -       auc -        rep_w -     score  -
k8_r100_09_lr56  step -       auc -        rep_w -     score  -
lanes 2   trainers 2   heads 0   evals 0
===== 2026-09-10 19:50:53 =====
gpu 0, 3874 MiB, 97 %
gpu 1, 1598 MiB, 96 %
k3_r100_09       step 200000  auc 0.999517 rep_w 1.0   score  40k=1.3495 100k=1.3395 200k=1.3910
k32_r100_09      step 40000   auc 0.773158 rep_w 1.0   score  40k=1.4629
k32_r200_08      step 28500   auc 0.534748 rep_w 1.0   score  - COLLAPSED
k3_r100_09_dec   step 40000   auc 0.997382 rep_w 0.0   score  40k=1.3236
k32_r100_09_dec  step 19100   auc 0.501426 rep_w 0.0   score  - COLLAPSED
k8_r100_09       step 40000   auc 0.730208 rep_w 1.0   score  40k=1.4537
k3_r100_09b      step 40000   auc 0.998191 rep_w 1.0   score  40k=1.2927
k3_r100_09_lr33  step 40000   auc 0.997974 rep_w 1.0   score  40k=1.2483
k3_r100_09_lr17  step 40000   auc 0.998509 rep_w 1.0   score  40k=1.2612
k3_r100_09_lr56  step 200000  auc 0.999432 rep_w 1.0   score  40k=1.1820 100k=1.3170 200k=1.3189
k32_r100_09_lr56 step 40000   auc 0.730161 rep_w 1.0   score  40k=1.4404
k3_r100_09_mean  step 27400   auc 0.535472 rep_w 1.0   score  - COLLAPSED
k3_r100_09b_lr56 step 40000   auc 0.99887  rep_w 1.0   score  40k=1.2469
k32_r100_09_sum  step 40000   auc 0.991624 rep_w 1.0   score  40k=1.2161
k3_r100_09_lr45  step 40000   auc 0.997576 rep_w 1.0   score  40k=1.2912
k3_r100_09_lr70  step 40000   auc 0.99832  rep_w 1.0   score  40k=1.2192
k3_r100_09_lr56_dec step 18700   auc 0.994802 rep_w 0.0   score  -
k3_r100_09_lr56_dec10k step 15300   auc 0.995819 rep_w 0.0   score  -
k32_r200_08_lr56 step -       auc -        rep_w -     score  -
k32_r100_09_dec_lr56 step -       auc -        rep_w -     score  -
k8_r100_09_lr56  step -       auc -        rep_w -     score  -
lanes 2   trainers 2   heads 0   evals 0
===== 2026-09-10 20:07:11 =====
gpu 0, 3874 MiB, 98 %
gpu 1, 542 MiB, 100 %
k3_r100_09       step 200000  auc 0.999517 rep_w 1.0   score  40k=1.3495 100k=1.3395 200k=1.3910
k32_r100_09      step 40000   auc 0.773158 rep_w 1.0   score  40k=1.4629
k32_r200_08      step 28500   auc 0.534748 rep_w 1.0   score  - COLLAPSED
k3_r100_09_dec   step 40000   auc 0.997382 rep_w 0.0   score  40k=1.3236
k32_r100_09_dec  step 19100   auc 0.501426 rep_w 0.0   score  - COLLAPSED
k8_r100_09       step 40000   auc 0.730208 rep_w 1.0   score  40k=1.4537
k3_r100_09b      step 40000   auc 0.998191 rep_w 1.0   score  40k=1.2927
k3_r100_09_lr33  step 40000   auc 0.997974 rep_w 1.0   score  40k=1.2483
k3_r100_09_lr17  step 40000   auc 0.998509 rep_w 1.0   score  40k=1.2612
k3_r100_09_lr56  step 200000  auc 0.999432 rep_w 1.0   score  40k=1.1820 100k=1.3170 200k=1.3189
k32_r100_09_lr56 step 40000   auc 0.730161 rep_w 1.0   score  40k=1.4404
k3_r100_09_mean  step 27400   auc 0.535472 rep_w 1.0   score  - COLLAPSED
k3_r100_09b_lr56 step 40000   auc 0.99887  rep_w 1.0   score  40k=1.2469
k32_r100_09_sum  step 40000   auc 0.991624 rep_w 1.0   score  40k=1.2161
k3_r100_09_lr45  step 40000   auc 0.997576 rep_w 1.0   score  40k=1.2912
k3_r100_09_lr70  step 40000   auc 0.99832  rep_w 1.0   score  40k=1.2192
k3_r100_09_lr56_dec step 22000   auc 0.994961 rep_w 0.0   score  -
k3_r100_09_lr56_dec10k step 18800   auc 0.997131 rep_w 0.0   score  -
k32_r200_08_lr56 step -       auc -        rep_w -     score  -
k32_r100_09_dec_lr56 step -       auc -        rep_w -     score  -
k8_r100_09_lr56  step -       auc -        rep_w -     score  -
lanes 2   trainers 2   heads 0   evals 0
===== 2026-09-10 20:23:30 =====
gpu 0, 2818 MiB, 97 %
gpu 1, 542 MiB, 100 %
k3_r100_09       step 200000  auc 0.999517 rep_w 1.0   score  40k=1.3495 100k=1.3395 200k=1.3910
k32_r100_09      step 40000   auc 0.773158 rep_w 1.0   score  40k=1.4629
k32_r200_08      step 28500   auc 0.534748 rep_w 1.0   score  - COLLAPSED
k3_r100_09_dec   step 40000   auc 0.997382 rep_w 0.0   score  40k=1.3236
k32_r100_09_dec  step 19100   auc 0.501426 rep_w 0.0   score  - COLLAPSED
k8_r100_09       step 40000   auc 0.730208 rep_w 1.0   score  40k=1.4537
k3_r100_09b      step 40000   auc 0.998191 rep_w 1.0   score  40k=1.2927
k3_r100_09_lr33  step 40000   auc 0.997974 rep_w 1.0   score  40k=1.2483
k3_r100_09_lr17  step 40000   auc 0.998509 rep_w 1.0   score  40k=1.2612
k3_r100_09_lr56  step 200000  auc 0.999432 rep_w 1.0   score  40k=1.1820 100k=1.3170 200k=1.3189
k32_r100_09_lr56 step 40000   auc 0.730161 rep_w 1.0   score  40k=1.4404
k3_r100_09_mean  step 27400   auc 0.535472 rep_w 1.0   score  - COLLAPSED
k3_r100_09b_lr56 step 40000   auc 0.99887  rep_w 1.0   score  40k=1.2469
k32_r100_09_sum  step 40000   auc 0.991624 rep_w 1.0   score  40k=1.2161
k3_r100_09_lr45  step 40000   auc 0.997576 rep_w 1.0   score  40k=1.2912
k3_r100_09_lr70  step 40000   auc 0.99832  rep_w 1.0   score  40k=1.2192
k3_r100_09_lr56_dec step 25400   auc 0.994366 rep_w 0.0   score  -
k3_r100_09_lr56_dec10k step 22200   auc 0.996446 rep_w 0.0   score  -
k32_r200_08_lr56 step -       auc -        rep_w -     score  -
k32_r100_09_dec_lr56 step -       auc -        rep_w -     score  -
k8_r100_09_lr56  step -       auc -        rep_w -     score  -
lanes 2   trainers 2   heads 0   evals 0
===== 2026-09-10 20:39:50 =====
gpu 0, 2818 MiB, 97 %
gpu 1, 542 MiB, 99 %
k3_r100_09       step 200000  auc 0.999517 rep_w 1.0   score  40k=1.3495 100k=1.3395 200k=1.3910
k32_r100_09      step 40000   auc 0.773158 rep_w 1.0   score  40k=1.4629
k32_r200_08      step 28500   auc 0.534748 rep_w 1.0   score  - COLLAPSED
k3_r100_09_dec   step 40000   auc 0.997382 rep_w 0.0   score  40k=1.3236
k32_r100_09_dec  step 19100   auc 0.501426 rep_w 0.0   score  - COLLAPSED
k8_r100_09       step 40000   auc 0.730208 rep_w 1.0   score  40k=1.4537
k3_r100_09b      step 40000   auc 0.998191 rep_w 1.0   score  40k=1.2927
k3_r100_09_lr33  step 40000   auc 0.997974 rep_w 1.0   score  40k=1.2483
k3_r100_09_lr17  step 40000   auc 0.998509 rep_w 1.0   score  40k=1.2612
k3_r100_09_lr56  step 200000  auc 0.999432 rep_w 1.0   score  40k=1.1820 100k=1.3170 200k=1.3189
k32_r100_09_lr56 step 40000   auc 0.730161 rep_w 1.0   score  40k=1.4404
k3_r100_09_mean  step 27400   auc 0.535472 rep_w 1.0   score  - COLLAPSED
k3_r100_09b_lr56 step 40000   auc 0.99887  rep_w 1.0   score  40k=1.2469
k32_r100_09_sum  step 40000   auc 0.991624 rep_w 1.0   score  40k=1.2161
k3_r100_09_lr45  step 40000   auc 0.997576 rep_w 1.0   score  40k=1.2912
k3_r100_09_lr70  step 40000   auc 0.99832  rep_w 1.0   score  40k=1.2192
k3_r100_09_lr56_dec step 28700   auc 0.99599  rep_w 0.0   score  -
k3_r100_09_lr56_dec10k step 25700   auc 0.995963 rep_w 0.0   score  -
k32_r200_08_lr56 step -       auc -        rep_w -     score  -
k32_r100_09_dec_lr56 step -       auc -        rep_w -     score  -
k8_r100_09_lr56  step -       auc -        rep_w -     score  -
lanes 2   trainers 2   heads 0   evals 0
===== 2026-09-10 20:56:12 =====
gpu 0, 2818 MiB, 95 %
gpu 1, 542 MiB, 99 %
k3_r100_09       step 200000  auc 0.999517 rep_w 1.0   score  40k=1.3495 100k=1.3395 200k=1.3910
k32_r100_09      step 40000   auc 0.773158 rep_w 1.0   score  40k=1.4629
k32_r200_08      step 28500   auc 0.534748 rep_w 1.0   score  - COLLAPSED
k3_r100_09_dec   step 40000   auc 0.997382 rep_w 0.0   score  40k=1.3236
k32_r100_09_dec  step 19100   auc 0.501426 rep_w 0.0   score  - COLLAPSED
k8_r100_09       step 40000   auc 0.730208 rep_w 1.0   score  40k=1.4537
k3_r100_09b      step 40000   auc 0.998191 rep_w 1.0   score  40k=1.2927
k3_r100_09_lr33  step 40000   auc 0.997974 rep_w 1.0   score  40k=1.2483
k3_r100_09_lr17  step 40000   auc 0.998509 rep_w 1.0   score  40k=1.2612
k3_r100_09_lr56  step 200000  auc 0.999432 rep_w 1.0   score  40k=1.1820 100k=1.3170 200k=1.3189
k32_r100_09_lr56 step 40000   auc 0.730161 rep_w 1.0   score  40k=1.4404
k3_r100_09_mean  step 27400   auc 0.535472 rep_w 1.0   score  - COLLAPSED
k3_r100_09b_lr56 step 40000   auc 0.99887  rep_w 1.0   score  40k=1.2469
k32_r100_09_sum  step 40000   auc 0.991624 rep_w 1.0   score  40k=1.2161
k3_r100_09_lr45  step 40000   auc 0.997576 rep_w 1.0   score  40k=1.2912
k3_r100_09_lr70  step 40000   auc 0.99832  rep_w 1.0   score  40k=1.2192
k3_r100_09_lr56_dec step 32100   auc 0.9929   rep_w 0.0   score  -
k3_r100_09_lr56_dec10k step 29200   auc 0.995917 rep_w 0.0   score  -
k32_r200_08_lr56 step -       auc -        rep_w -     score  -
k32_r100_09_dec_lr56 step -       auc -        rep_w -     score  -
k8_r100_09_lr56  step -       auc -        rep_w -     score  -
lanes 2   trainers 2   heads 0   evals 0
===== 2026-09-10 21:12:33 =====
gpu 0, 2818 MiB, 99 %
gpu 1, 542 MiB, 100 %
k3_r100_09       step 200000  auc 0.999517 rep_w 1.0   score  40k=1.3495 100k=1.3395 200k=1.3910
k32_r100_09      step 40000   auc 0.773158 rep_w 1.0   score  40k=1.4629
k32_r200_08      step 28500   auc 0.534748 rep_w 1.0   score  - COLLAPSED
k3_r100_09_dec   step 40000   auc 0.997382 rep_w 0.0   score  40k=1.3236
k32_r100_09_dec  step 19100   auc 0.501426 rep_w 0.0   score  - COLLAPSED
k8_r100_09       step 40000   auc 0.730208 rep_w 1.0   score  40k=1.4537
k3_r100_09b      step 40000   auc 0.998191 rep_w 1.0   score  40k=1.2927
k3_r100_09_lr33  step 40000   auc 0.997974 rep_w 1.0   score  40k=1.2483
k3_r100_09_lr17  step 40000   auc 0.998509 rep_w 1.0   score  40k=1.2612
k3_r100_09_lr56  step 200000  auc 0.999432 rep_w 1.0   score  40k=1.1820 100k=1.3170 200k=1.3189
k32_r100_09_lr56 step 40000   auc 0.730161 rep_w 1.0   score  40k=1.4404
k3_r100_09_mean  step 27400   auc 0.535472 rep_w 1.0   score  - COLLAPSED
k3_r100_09b_lr56 step 40000   auc 0.99887  rep_w 1.0   score  40k=1.2469
k32_r100_09_sum  step 40000   auc 0.991624 rep_w 1.0   score  40k=1.2161
k3_r100_09_lr45  step 40000   auc 0.997576 rep_w 1.0   score  40k=1.2912
k3_r100_09_lr70  step 40000   auc 0.99832  rep_w 1.0   score  40k=1.2192
k3_r100_09_lr56_dec step 35500   auc 0.995802 rep_w 0.0   score  -
k3_r100_09_lr56_dec10k step 32700   auc 0.994464 rep_w 0.0   score  -
k32_r200_08_lr56 step -       auc -        rep_w -     score  -
k32_r100_09_dec_lr56 step -       auc -        rep_w -     score  -
k8_r100_09_lr56  step -       auc -        rep_w -     score  -
lanes 2   trainers 2   heads 0   evals 0
===== 2026-09-10 21:28:55 =====
gpu 0, 2818 MiB, 96 %
gpu 1, 542 MiB, 100 %
k3_r100_09       step 200000  auc 0.999517 rep_w 1.0   score  40k=1.3495 100k=1.3395 200k=1.3910
k32_r100_09      step 40000   auc 0.773158 rep_w 1.0   score  40k=1.4629
k32_r200_08      step 28500   auc 0.534748 rep_w 1.0   score  - COLLAPSED
k3_r100_09_dec   step 40000   auc 0.997382 rep_w 0.0   score  40k=1.3236
k32_r100_09_dec  step 19100   auc 0.501426 rep_w 0.0   score  - COLLAPSED
k8_r100_09       step 40000   auc 0.730208 rep_w 1.0   score  40k=1.4537
k3_r100_09b      step 40000   auc 0.998191 rep_w 1.0   score  40k=1.2927
k3_r100_09_lr33  step 40000   auc 0.997974 rep_w 1.0   score  40k=1.2483
k3_r100_09_lr17  step 40000   auc 0.998509 rep_w 1.0   score  40k=1.2612
k3_r100_09_lr56  step 200000  auc 0.999432 rep_w 1.0   score  40k=1.1820 100k=1.3170 200k=1.3189
k32_r100_09_lr56 step 40000   auc 0.730161 rep_w 1.0   score  40k=1.4404
k3_r100_09_mean  step 27400   auc 0.535472 rep_w 1.0   score  - COLLAPSED
k3_r100_09b_lr56 step 40000   auc 0.99887  rep_w 1.0   score  40k=1.2469
k32_r100_09_sum  step 40000   auc 0.991624 rep_w 1.0   score  40k=1.2161
k3_r100_09_lr45  step 40000   auc 0.997576 rep_w 1.0   score  40k=1.2912
k3_r100_09_lr70  step 40000   auc 0.99832  rep_w 1.0   score  40k=1.2192
k3_r100_09_lr56_dec step 38900   auc 0.995547 rep_w 0.0   score  -
k3_r100_09_lr56_dec10k step 36100   auc 0.996001 rep_w 0.0   score  -
k32_r200_08_lr56 step -       auc -        rep_w -     score  -
k32_r100_09_dec_lr56 step -       auc -        rep_w -     score  -
k8_r100_09_lr56  step -       auc -        rep_w -     score  -
lanes 2   trainers 2   heads 0   evals 0
===== 2026-09-10 21:45:17 =====
gpu 0, 2818 MiB, 99 %
gpu 1, 7018 MiB, 99 %
k3_r100_09       step 200000  auc 0.999517 rep_w 1.0   score  40k=1.3495 100k=1.3395 200k=1.3910
k32_r100_09      step 40000   auc 0.773158 rep_w 1.0   score  40k=1.4629
k32_r200_08      step 28500   auc 0.534748 rep_w 1.0   score  - COLLAPSED
k3_r100_09_dec   step 40000   auc 0.997382 rep_w 0.0   score  40k=1.3236
k32_r100_09_dec  step 19100   auc 0.501426 rep_w 0.0   score  - COLLAPSED
k8_r100_09       step 40000   auc 0.730208 rep_w 1.0   score  40k=1.4537
k3_r100_09b      step 40000   auc 0.998191 rep_w 1.0   score  40k=1.2927
k3_r100_09_lr33  step 40000   auc 0.997974 rep_w 1.0   score  40k=1.2483
k3_r100_09_lr17  step 40000   auc 0.998509 rep_w 1.0   score  40k=1.2612
k3_r100_09_lr56  step 200000  auc 0.999432 rep_w 1.0   score  40k=1.1820 100k=1.3170 200k=1.3189
k32_r100_09_lr56 step 40000   auc 0.730161 rep_w 1.0   score  40k=1.4404
k3_r100_09_mean  step 27400   auc 0.535472 rep_w 1.0   score  - COLLAPSED
k3_r100_09b_lr56 step 40000   auc 0.99887  rep_w 1.0   score  40k=1.2469
k32_r100_09_sum  step 40000   auc 0.991624 rep_w 1.0   score  40k=1.2161
k3_r100_09_lr45  step 40000   auc 0.997576 rep_w 1.0   score  40k=1.2912
k3_r100_09_lr70  step 40000   auc 0.99832  rep_w 1.0   score  40k=1.2192
k3_r100_09_lr56_dec step 40000   auc 0.996184 rep_w 0.0   score  -
k3_r100_09_lr56_dec10k step 39600   auc 0.995636 rep_w 0.0   score  -
k32_r200_08_lr56 step -       auc -        rep_w -     score  -
k32_r100_09_dec_lr56 step -       auc -        rep_w -     score  -
k8_r100_09_lr56  step -       auc -        rep_w -     score  -
lanes 2   trainers 1   heads 0   evals 0
===== 2026-09-10 22:01:38 =====
gpu 0, 3038 MiB, 95 %
gpu 1, 7018 MiB, 98 %
k3_r100_09       step 200000  auc 0.999517 rep_w 1.0   score  40k=1.3495 100k=1.3395 200k=1.3910
k32_r100_09      step 40000   auc 0.773158 rep_w 1.0   score  40k=1.4629
k32_r200_08      step 28500   auc 0.534748 rep_w 1.0   score  - COLLAPSED
k3_r100_09_dec   step 40000   auc 0.997382 rep_w 0.0   score  40k=1.3236
k32_r100_09_dec  step 19100   auc 0.501426 rep_w 0.0   score  - COLLAPSED
k8_r100_09       step 40000   auc 0.730208 rep_w 1.0   score  40k=1.4537
k3_r100_09b      step 40000   auc 0.998191 rep_w 1.0   score  40k=1.2927
k3_r100_09_lr33  step 40000   auc 0.997974 rep_w 1.0   score  40k=1.2483
k3_r100_09_lr17  step 40000   auc 0.998509 rep_w 1.0   score  40k=1.2612
k3_r100_09_lr56  step 200000  auc 0.999432 rep_w 1.0   score  40k=1.1820 100k=1.3170 200k=1.3189
k32_r100_09_lr56 step 40000   auc 0.730161 rep_w 1.0   score  40k=1.4404
k3_r100_09_mean  step 27400   auc 0.535472 rep_w 1.0   score  - COLLAPSED
k3_r100_09b_lr56 step 40000   auc 0.99887  rep_w 1.0   score  40k=1.2469
k32_r100_09_sum  step 40000   auc 0.991624 rep_w 1.0   score  40k=1.2161
k3_r100_09_lr45  step 40000   auc 0.997576 rep_w 1.0   score  40k=1.2912
k3_r100_09_lr70  step 40000   auc 0.99832  rep_w 1.0   score  40k=1.2192
k3_r100_09_lr56_dec step 40000   auc 0.996184 rep_w 0.0   score  -
k3_r100_09_lr56_dec10k step 40000   auc 0.995656 rep_w 0.0   score  -
k32_r200_08_lr56 step -       auc -        rep_w -     score  -
k32_r100_09_dec_lr56 step -       auc -        rep_w -     score  -
k8_r100_09_lr56  step -       auc -        rep_w -     score  -
lanes 2   trainers 0   heads 1   evals 0
===== 2026-09-10 22:17:59 =====
gpu 0, 3038 MiB, 99 %
gpu 1, 7018 MiB, 99 %
k3_r100_09       step 200000  auc 0.999517 rep_w 1.0   score  40k=1.3495 100k=1.3395 200k=1.3910
k32_r100_09      step 40000   auc 0.773158 rep_w 1.0   score  40k=1.4629
k32_r200_08      step 28500   auc 0.534748 rep_w 1.0   score  - COLLAPSED
k3_r100_09_dec   step 40000   auc 0.997382 rep_w 0.0   score  40k=1.3236
k32_r100_09_dec  step 19100   auc 0.501426 rep_w 0.0   score  - COLLAPSED
k8_r100_09       step 40000   auc 0.730208 rep_w 1.0   score  40k=1.4537
k3_r100_09b      step 40000   auc 0.998191 rep_w 1.0   score  40k=1.2927
k3_r100_09_lr33  step 40000   auc 0.997974 rep_w 1.0   score  40k=1.2483
k3_r100_09_lr17  step 40000   auc 0.998509 rep_w 1.0   score  40k=1.2612
k3_r100_09_lr56  step 200000  auc 0.999432 rep_w 1.0   score  40k=1.1820 100k=1.3170 200k=1.3189
k32_r100_09_lr56 step 40000   auc 0.730161 rep_w 1.0   score  40k=1.4404
k3_r100_09_mean  step 27400   auc 0.535472 rep_w 1.0   score  - COLLAPSED
k3_r100_09b_lr56 step 40000   auc 0.99887  rep_w 1.0   score  40k=1.2469
k32_r100_09_sum  step 40000   auc 0.991624 rep_w 1.0   score  40k=1.2161
k3_r100_09_lr45  step 40000   auc 0.997576 rep_w 1.0   score  40k=1.2912
k3_r100_09_lr70  step 40000   auc 0.99832  rep_w 1.0   score  40k=1.2192
k3_r100_09_lr56_dec step 40000   auc 0.996184 rep_w 0.0   score  -
k3_r100_09_lr56_dec10k step 40000   auc 0.995656 rep_w 0.0   score  -
k32_r200_08_lr56 step -       auc -        rep_w -     score  -
k32_r100_09_dec_lr56 step -       auc -        rep_w -     score  -
k8_r100_09_lr56  step -       auc -        rep_w -     score  -
lanes 2   trainers 0   heads 1   evals 0
===== 2026-09-10 22:34:21 =====
gpu 0, 3038 MiB, 99 %
gpu 1, 7018 MiB, 94 %
k3_r100_09       step 200000  auc 0.999517 rep_w 1.0   score  40k=1.3495 100k=1.3395 200k=1.3910
k32_r100_09      step 40000   auc 0.773158 rep_w 1.0   score  40k=1.4629
k32_r200_08      step 28500   auc 0.534748 rep_w 1.0   score  - COLLAPSED
k3_r100_09_dec   step 40000   auc 0.997382 rep_w 0.0   score  40k=1.3236
k32_r100_09_dec  step 19100   auc 0.501426 rep_w 0.0   score  - COLLAPSED
k8_r100_09       step 40000   auc 0.730208 rep_w 1.0   score  40k=1.4537
k3_r100_09b      step 40000   auc 0.998191 rep_w 1.0   score  40k=1.2927
k3_r100_09_lr33  step 40000   auc 0.997974 rep_w 1.0   score  40k=1.2483
k3_r100_09_lr17  step 40000   auc 0.998509 rep_w 1.0   score  40k=1.2612
k3_r100_09_lr56  step 200000  auc 0.999432 rep_w 1.0   score  40k=1.1820 100k=1.3170 200k=1.3189
k32_r100_09_lr56 step 40000   auc 0.730161 rep_w 1.0   score  40k=1.4404
k3_r100_09_mean  step 27400   auc 0.535472 rep_w 1.0   score  - COLLAPSED
k3_r100_09b_lr56 step 40000   auc 0.99887  rep_w 1.0   score  40k=1.2469
k32_r100_09_sum  step 40000   auc 0.991624 rep_w 1.0   score  40k=1.2161
k3_r100_09_lr45  step 40000   auc 0.997576 rep_w 1.0   score  40k=1.2912
k3_r100_09_lr70  step 40000   auc 0.99832  rep_w 1.0   score  40k=1.2192
k3_r100_09_lr56_dec step 40000   auc 0.996184 rep_w 0.0   score  -
k3_r100_09_lr56_dec10k step 40000   auc 0.995656 rep_w 0.0   score  -
k32_r200_08_lr56 step -       auc -        rep_w -     score  -
k32_r100_09_dec_lr56 step -       auc -        rep_w -     score  -
k8_r100_09_lr56  step -       auc -        rep_w -     score  -
lanes 2   trainers 0   heads 1   evals 0
===== 2026-09-10 22:50:43 =====
gpu 0, 3038 MiB, 97 %
gpu 1, 7018 MiB, 99 %
k3_r100_09       step 200000  auc 0.999517 rep_w 1.0   score  40k=1.3495 100k=1.3395 200k=1.3910
k32_r100_09      step 40000   auc 0.773158 rep_w 1.0   score  40k=1.4629
k32_r200_08      step 28500   auc 0.534748 rep_w 1.0   score  - COLLAPSED
k3_r100_09_dec   step 40000   auc 0.997382 rep_w 0.0   score  40k=1.3236
k32_r100_09_dec  step 19100   auc 0.501426 rep_w 0.0   score  - COLLAPSED
k8_r100_09       step 40000   auc 0.730208 rep_w 1.0   score  40k=1.4537
k3_r100_09b      step 40000   auc 0.998191 rep_w 1.0   score  40k=1.2927
k3_r100_09_lr33  step 40000   auc 0.997974 rep_w 1.0   score  40k=1.2483
k3_r100_09_lr17  step 40000   auc 0.998509 rep_w 1.0   score  40k=1.2612
k3_r100_09_lr56  step 200000  auc 0.999432 rep_w 1.0   score  40k=1.1820 100k=1.3170 200k=1.3189
k32_r100_09_lr56 step 40000   auc 0.730161 rep_w 1.0   score  40k=1.4404
k3_r100_09_mean  step 27400   auc 0.535472 rep_w 1.0   score  - COLLAPSED
k3_r100_09b_lr56 step 40000   auc 0.99887  rep_w 1.0   score  40k=1.2469
k32_r100_09_sum  step 40000   auc 0.991624 rep_w 1.0   score  40k=1.2161
k3_r100_09_lr45  step 40000   auc 0.997576 rep_w 1.0   score  40k=1.2912
k3_r100_09_lr70  step 40000   auc 0.99832  rep_w 1.0   score  40k=1.2192
k3_r100_09_lr56_dec step 40000   auc 0.996184 rep_w 0.0   score  -
k3_r100_09_lr56_dec10k step 40000   auc 0.995656 rep_w 0.0   score  -
k32_r200_08_lr56 step -       auc -        rep_w -     score  -
k32_r100_09_dec_lr56 step -       auc -        rep_w -     score  -
k8_r100_09_lr56  step -       auc -        rep_w -     score  -
lanes 2   trainers 0   heads 1   evals 0
===== 2026-09-10 23:07:04 =====
gpu 0, 3038 MiB, 96 %
gpu 1, 7018 MiB, 97 %
k3_r100_09       step 200000  auc 0.999517 rep_w 1.0   score  40k=1.3495 100k=1.3395 200k=1.3910
k32_r100_09      step 40000   auc 0.773158 rep_w 1.0   score  40k=1.4629
k32_r200_08      step 28500   auc 0.534748 rep_w 1.0   score  - COLLAPSED
k3_r100_09_dec   step 40000   auc 0.997382 rep_w 0.0   score  40k=1.3236
k32_r100_09_dec  step 19100   auc 0.501426 rep_w 0.0   score  - COLLAPSED
k8_r100_09       step 40000   auc 0.730208 rep_w 1.0   score  40k=1.4537
k3_r100_09b      step 40000   auc 0.998191 rep_w 1.0   score  40k=1.2927
k3_r100_09_lr33  step 40000   auc 0.997974 rep_w 1.0   score  40k=1.2483
k3_r100_09_lr17  step 40000   auc 0.998509 rep_w 1.0   score  40k=1.2612
k3_r100_09_lr56  step 200000  auc 0.999432 rep_w 1.0   score  40k=1.1820 100k=1.3170 200k=1.3189
k32_r100_09_lr56 step 40000   auc 0.730161 rep_w 1.0   score  40k=1.4404
k3_r100_09_mean  step 27400   auc 0.535472 rep_w 1.0   score  - COLLAPSED
k3_r100_09b_lr56 step 40000   auc 0.99887  rep_w 1.0   score  40k=1.2469
k32_r100_09_sum  step 40000   auc 0.991624 rep_w 1.0   score  40k=1.2161
k3_r100_09_lr45  step 40000   auc 0.997576 rep_w 1.0   score  40k=1.2912
k3_r100_09_lr70  step 40000   auc 0.99832  rep_w 1.0   score  40k=1.2192
k3_r100_09_lr56_dec step 40000   auc 0.996184 rep_w 0.0   score  -
k3_r100_09_lr56_dec10k step 40000   auc 0.995656 rep_w 0.0   score  -
k32_r200_08_lr56 step -       auc -        rep_w -     score  -
k32_r100_09_dec_lr56 step -       auc -        rep_w -     score  -
k8_r100_09_lr56  step -       auc -        rep_w -     score  -
lanes 2   trainers 0   heads 1   evals 0
===== 2026-09-10 23:23:25 =====
gpu 0, 3038 MiB, 97 %
gpu 1, 7018 MiB, 97 %
k3_r100_09       step 200000  auc 0.999517 rep_w 1.0   score  40k=1.3495 100k=1.3395 200k=1.3910
k32_r100_09      step 40000   auc 0.773158 rep_w 1.0   score  40k=1.4629
k32_r200_08      step 28500   auc 0.534748 rep_w 1.0   score  - COLLAPSED
k3_r100_09_dec   step 40000   auc 0.997382 rep_w 0.0   score  40k=1.3236
k32_r100_09_dec  step 19100   auc 0.501426 rep_w 0.0   score  - COLLAPSED
k8_r100_09       step 40000   auc 0.730208 rep_w 1.0   score  40k=1.4537
k3_r100_09b      step 40000   auc 0.998191 rep_w 1.0   score  40k=1.2927
k3_r100_09_lr33  step 40000   auc 0.997974 rep_w 1.0   score  40k=1.2483
k3_r100_09_lr17  step 40000   auc 0.998509 rep_w 1.0   score  40k=1.2612
k3_r100_09_lr56  step 200000  auc 0.999432 rep_w 1.0   score  40k=1.1820 100k=1.3170 200k=1.3189
k32_r100_09_lr56 step 40000   auc 0.730161 rep_w 1.0   score  40k=1.4404
k3_r100_09_mean  step 27400   auc 0.535472 rep_w 1.0   score  - COLLAPSED
k3_r100_09b_lr56 step 40000   auc 0.99887  rep_w 1.0   score  40k=1.2469
k32_r100_09_sum  step 40000   auc 0.991624 rep_w 1.0   score  40k=1.2161
k3_r100_09_lr45  step 40000   auc 0.997576 rep_w 1.0   score  40k=1.2912
k3_r100_09_lr70  step 40000   auc 0.99832  rep_w 1.0   score  40k=1.2192
k3_r100_09_lr56_dec step 40000   auc 0.996184 rep_w 0.0   score  -
k3_r100_09_lr56_dec10k step 40000   auc 0.995656 rep_w 0.0   score  -
k32_r200_08_lr56 step -       auc -        rep_w -     score  -
k32_r100_09_dec_lr56 step -       auc -        rep_w -     score  -
k8_r100_09_lr56  step -       auc -        rep_w -     score  -
lanes 2   trainers 0   heads 1   evals 0
===== 2026-09-10 23:39:47 =====
gpu 0, 3426 MiB, 100 %
gpu 1, 7018 MiB, 81 %
k3_r100_09       step 200000  auc 0.999517 rep_w 1.0   score  40k=1.3495 100k=1.3395 200k=1.3910
k32_r100_09      step 40000   auc 0.773158 rep_w 1.0   score  40k=1.4629
k32_r200_08      step 28500   auc 0.534748 rep_w 1.0   score  - COLLAPSED
k3_r100_09_dec   step 40000   auc 0.997382 rep_w 0.0   score  40k=1.3236
k32_r100_09_dec  step 19100   auc 0.501426 rep_w 0.0   score  - COLLAPSED
k8_r100_09       step 40000   auc 0.730208 rep_w 1.0   score  40k=1.4537
k3_r100_09b      step 40000   auc 0.998191 rep_w 1.0   score  40k=1.2927
k3_r100_09_lr33  step 40000   auc 0.997974 rep_w 1.0   score  40k=1.2483
k3_r100_09_lr17  step 40000   auc 0.998509 rep_w 1.0   score  40k=1.2612
k3_r100_09_lr56  step 200000  auc 0.999432 rep_w 1.0   score  40k=1.1820 100k=1.3170 200k=1.3189
k32_r100_09_lr56 step 40000   auc 0.730161 rep_w 1.0   score  40k=1.4404
k3_r100_09_mean  step 27400   auc 0.535472 rep_w 1.0   score  - COLLAPSED
k3_r100_09b_lr56 step 40000   auc 0.99887  rep_w 1.0   score  40k=1.2469
k32_r100_09_sum  step 40000   auc 0.991624 rep_w 1.0   score  40k=1.2161
k3_r100_09_lr45  step 40000   auc 0.997576 rep_w 1.0   score  40k=1.2912
k3_r100_09_lr70  step 40000   auc 0.99832  rep_w 1.0   score  40k=1.2192
k3_r100_09_lr56_dec step 40000   auc 0.996184 rep_w 0.0   score  -
k3_r100_09_lr56_dec10k step 40000   auc 0.995656 rep_w 0.0   score  -
k32_r200_08_lr56 step -       auc -        rep_w -     score  -
k32_r100_09_dec_lr56 step -       auc -        rep_w -     score  -
k8_r100_09_lr56  step -       auc -        rep_w -     score  -
lanes 2   trainers 0   heads 1   evals 4
===== 2026-09-10 23:56:16 =====
gpu 0, 3426 MiB, 99 %
gpu 1, 7018 MiB, 96 %
k3_r100_09       step 200000  auc 0.999517 rep_w 1.0   score  40k=1.3495 100k=1.3395 200k=1.3910
k32_r100_09      step 40000   auc 0.773158 rep_w 1.0   score  40k=1.4629
k32_r200_08      step 28500   auc 0.534748 rep_w 1.0   score  - COLLAPSED
k3_r100_09_dec   step 40000   auc 0.997382 rep_w 0.0   score  40k=1.3236
k32_r100_09_dec  step 19100   auc 0.501426 rep_w 0.0   score  - COLLAPSED
k8_r100_09       step 40000   auc 0.730208 rep_w 1.0   score  40k=1.4537
k3_r100_09b      step 40000   auc 0.998191 rep_w 1.0   score  40k=1.2927
k3_r100_09_lr33  step 40000   auc 0.997974 rep_w 1.0   score  40k=1.2483
k3_r100_09_lr17  step 40000   auc 0.998509 rep_w 1.0   score  40k=1.2612
k3_r100_09_lr56  step 200000  auc 0.999432 rep_w 1.0   score  40k=1.1820 100k=1.3170 200k=1.3189
k32_r100_09_lr56 step 40000   auc 0.730161 rep_w 1.0   score  40k=1.4404
k3_r100_09_mean  step 27400   auc 0.535472 rep_w 1.0   score  - COLLAPSED
k3_r100_09b_lr56 step 40000   auc 0.99887  rep_w 1.0   score  40k=1.2469
k32_r100_09_sum  step 40000   auc 0.991624 rep_w 1.0   score  40k=1.2161
k3_r100_09_lr45  step 40000   auc 0.997576 rep_w 1.0   score  40k=1.2912
k3_r100_09_lr70  step 40000   auc 0.99832  rep_w 1.0   score  40k=1.2192
k3_r100_09_lr56_dec step 40000   auc 0.996184 rep_w 0.0   score  -
k3_r100_09_lr56_dec10k step 40000   auc 0.995656 rep_w 0.0   score  -
k32_r200_08_lr56 step -       auc -        rep_w -     score  -
k32_r100_09_dec_lr56 step -       auc -        rep_w -     score  -
k8_r100_09_lr56  step -       auc -        rep_w -     score  -
lanes 3   trainers 0   heads 1   evals 4
===== 2026-09-11 00:12:44 =====
gpu 0, 3426 MiB, 96 %
gpu 1, 7018 MiB, 90 %
k3_r100_09       step 200000  auc 0.999517 rep_w 1.0   score  40k=1.3495 100k=1.3395 200k=1.3910
k32_r100_09      step 40000   auc 0.773158 rep_w 1.0   score  40k=1.4629
k32_r200_08      step 28500   auc 0.534748 rep_w 1.0   score  - COLLAPSED
k3_r100_09_dec   step 40000   auc 0.997382 rep_w 0.0   score  40k=1.3236
k32_r100_09_dec  step 19100   auc 0.501426 rep_w 0.0   score  - COLLAPSED
k8_r100_09       step 40000   auc 0.730208 rep_w 1.0   score  40k=1.4537
k3_r100_09b      step 40000   auc 0.998191 rep_w 1.0   score  40k=1.2927
k3_r100_09_lr33  step 40000   auc 0.997974 rep_w 1.0   score  40k=1.2483
k3_r100_09_lr17  step 40000   auc 0.998509 rep_w 1.0   score  40k=1.2612
k3_r100_09_lr56  step 200000  auc 0.999432 rep_w 1.0   score  40k=1.1820 100k=1.3170 200k=1.3189
k32_r100_09_lr56 step 40000   auc 0.730161 rep_w 1.0   score  40k=1.4404
k3_r100_09_mean  step 27400   auc 0.535472 rep_w 1.0   score  - COLLAPSED
k3_r100_09b_lr56 step 40000   auc 0.99887  rep_w 1.0   score  40k=1.2469
k32_r100_09_sum  step 40000   auc 0.991624 rep_w 1.0   score  40k=1.2161
k3_r100_09_lr45  step 40000   auc 0.997576 rep_w 1.0   score  40k=1.2912
k3_r100_09_lr70  step 40000   auc 0.99832  rep_w 1.0   score  40k=1.2192
k3_r100_09_lr56_dec step 40000   auc 0.996184 rep_w 0.0   score  -
k3_r100_09_lr56_dec10k step 40000   auc 0.995656 rep_w 0.0   score  -
k32_r200_08_lr56 step -       auc -        rep_w -     score  -
k32_r100_09_dec_lr56 step -       auc -        rep_w -     score  -
k8_r100_09_lr56  step -       auc -        rep_w -     score  -
lanes 3   trainers 0   heads 1   evals 4
===== 2026-09-11 00:29:12 =====
gpu 0, 3426 MiB, 95 %
gpu 1, 7018 MiB, 98 %
k3_r100_09       step 200000  auc 0.999517 rep_w 1.0   score  40k=1.3495 100k=1.3395 200k=1.3910
k32_r100_09      step 40000   auc 0.773158 rep_w 1.0   score  40k=1.4629
k32_r200_08      step 28500   auc 0.534748 rep_w 1.0   score  - COLLAPSED
k3_r100_09_dec   step 40000   auc 0.997382 rep_w 0.0   score  40k=1.3236
k32_r100_09_dec  step 19100   auc 0.501426 rep_w 0.0   score  - COLLAPSED
k8_r100_09       step 40000   auc 0.730208 rep_w 1.0   score  40k=1.4537
k3_r100_09b      step 40000   auc 0.998191 rep_w 1.0   score  40k=1.2927
k3_r100_09_lr33  step 40000   auc 0.997974 rep_w 1.0   score  40k=1.2483
k3_r100_09_lr17  step 40000   auc 0.998509 rep_w 1.0   score  40k=1.2612
k3_r100_09_lr56  step 200000  auc 0.999432 rep_w 1.0   score  40k=1.1820 100k=1.3170 200k=1.3189
k32_r100_09_lr56 step 40000   auc 0.730161 rep_w 1.0   score  40k=1.4404
k3_r100_09_mean  step 27400   auc 0.535472 rep_w 1.0   score  - COLLAPSED
k3_r100_09b_lr56 step 40000   auc 0.99887  rep_w 1.0   score  40k=1.2469
k32_r100_09_sum  step 40000   auc 0.991624 rep_w 1.0   score  40k=1.2161
k3_r100_09_lr45  step 40000   auc 0.997576 rep_w 1.0   score  40k=1.2912
k3_r100_09_lr70  step 40000   auc 0.99832  rep_w 1.0   score  40k=1.2192
k3_r100_09_lr56_dec step 40000   auc 0.996184 rep_w 0.0   score  -
k3_r100_09_lr56_dec10k step 40000   auc 0.995656 rep_w 0.0   score  -
k32_r200_08_lr56 step -       auc -        rep_w -     score  -
k32_r100_09_dec_lr56 step -       auc -        rep_w -     score  -
k8_r100_09_lr56  step -       auc -        rep_w -     score  -
lanes 3   trainers 0   heads 1   evals 4
===== 2026-09-11 00:45:40 =====
gpu 0, 3426 MiB, 96 %
gpu 1, 7018 MiB, 88 %
k3_r100_09       step 200000  auc 0.999517 rep_w 1.0   score  40k=1.3495 100k=1.3395 200k=1.3910
k32_r100_09      step 40000   auc 0.773158 rep_w 1.0   score  40k=1.4629
k32_r200_08      step 28500   auc 0.534748 rep_w 1.0   score  - COLLAPSED
k3_r100_09_dec   step 40000   auc 0.997382 rep_w 0.0   score  40k=1.3236
k32_r100_09_dec  step 19100   auc 0.501426 rep_w 0.0   score  - COLLAPSED
k8_r100_09       step 40000   auc 0.730208 rep_w 1.0   score  40k=1.4537
k3_r100_09b      step 40000   auc 0.998191 rep_w 1.0   score  40k=1.2927
k3_r100_09_lr33  step 40000   auc 0.997974 rep_w 1.0   score  40k=1.2483
k3_r100_09_lr17  step 40000   auc 0.998509 rep_w 1.0   score  40k=1.2612
k3_r100_09_lr56  step 200000  auc 0.999432 rep_w 1.0   score  40k=1.1820 100k=1.3170 200k=1.3189
k32_r100_09_lr56 step 40000   auc 0.730161 rep_w 1.0   score  40k=1.4404
k3_r100_09_mean  step 27400   auc 0.535472 rep_w 1.0   score  - COLLAPSED
k3_r100_09b_lr56 step 40000   auc 0.99887  rep_w 1.0   score  40k=1.2469
k32_r100_09_sum  step 40000   auc 0.991624 rep_w 1.0   score  40k=1.2161
k3_r100_09_lr45  step 40000   auc 0.997576 rep_w 1.0   score  40k=1.2912
k3_r100_09_lr70  step 40000   auc 0.99832  rep_w 1.0   score  40k=1.2192
k3_r100_09_lr56_dec step 40000   auc 0.996184 rep_w 0.0   score  -
k3_r100_09_lr56_dec10k step 40000   auc 0.995656 rep_w 0.0   score  -
k32_r200_08_lr56 step -       auc -        rep_w -     score  -
k32_r100_09_dec_lr56 step -       auc -        rep_w -     score  -
k8_r100_09_lr56  step -       auc -        rep_w -     score  -
lanes 3   trainers 0   heads 1   evals 4
===== 2026-09-11 01:02:08 =====
gpu 0, 3426 MiB, 93 %
gpu 1, 7018 MiB, 98 %
k3_r100_09       step 200000  auc 0.999517 rep_w 1.0   score  40k=1.3495 100k=1.3395 200k=1.3910
k32_r100_09      step 40000   auc 0.773158 rep_w 1.0   score  40k=1.4629
k32_r200_08      step 28500   auc 0.534748 rep_w 1.0   score  - COLLAPSED
k3_r100_09_dec   step 40000   auc 0.997382 rep_w 0.0   score  40k=1.3236
k32_r100_09_dec  step 19100   auc 0.501426 rep_w 0.0   score  - COLLAPSED
k8_r100_09       step 40000   auc 0.730208 rep_w 1.0   score  40k=1.4537
k3_r100_09b      step 40000   auc 0.998191 rep_w 1.0   score  40k=1.2927
k3_r100_09_lr33  step 40000   auc 0.997974 rep_w 1.0   score  40k=1.2483
k3_r100_09_lr17  step 40000   auc 0.998509 rep_w 1.0   score  40k=1.2612
k3_r100_09_lr56  step 200000  auc 0.999432 rep_w 1.0   score  40k=1.1820 100k=1.3170 200k=1.3189
k32_r100_09_lr56 step 40000   auc 0.730161 rep_w 1.0   score  40k=1.4404
k3_r100_09_mean  step 27400   auc 0.535472 rep_w 1.0   score  - COLLAPSED
k3_r100_09b_lr56 step 40000   auc 0.99887  rep_w 1.0   score  40k=1.2469
k32_r100_09_sum  step 40000   auc 0.991624 rep_w 1.0   score  40k=1.2161
k3_r100_09_lr45  step 40000   auc 0.997576 rep_w 1.0   score  40k=1.2912
k3_r100_09_lr70  step 40000   auc 0.99832  rep_w 1.0   score  40k=1.2192
k3_r100_09_lr56_dec step 40000   auc 0.996184 rep_w 0.0   score  -
k3_r100_09_lr56_dec10k step 40000   auc 0.995656 rep_w 0.0   score  -
k32_r200_08_lr56 step -       auc -        rep_w -     score  -
k32_r100_09_dec_lr56 step -       auc -        rep_w -     score  -
k8_r100_09_lr56  step -       auc -        rep_w -     score  -
lanes 3   trainers 0   heads 1   evals 4
===== 2026-09-11 01:18:38 =====
gpu 0, 4182 MiB, 94 %
gpu 1, 7018 MiB, 96 %
k3_r100_09       step 200000  auc 0.999517 rep_w 1.0   score  40k=1.3495 100k=1.3395 200k=1.3910
k32_r100_09      step 40000   auc 0.773158 rep_w 1.0   score  40k=1.4629
k32_r200_08      step 28500   auc 0.534748 rep_w 1.0   score  - COLLAPSED
k3_r100_09_dec   step 40000   auc 0.997382 rep_w 0.0   score  40k=1.3236
k32_r100_09_dec  step 19100   auc 0.501426 rep_w 0.0   score  - COLLAPSED
k8_r100_09       step 40000   auc 0.730208 rep_w 1.0   score  40k=1.4537
k3_r100_09b      step 40000   auc 0.998191 rep_w 1.0   score  40k=1.2927
k3_r100_09_lr33  step 40000   auc 0.997974 rep_w 1.0   score  40k=1.2483
k3_r100_09_lr17  step 40000   auc 0.998509 rep_w 1.0   score  40k=1.2612
k3_r100_09_lr56  step 200000  auc 0.999432 rep_w 1.0   score  40k=1.1820 100k=1.3170 200k=1.3189
k32_r100_09_lr56 step 40000   auc 0.730161 rep_w 1.0   score  40k=1.4404
k3_r100_09_mean  step 27400   auc 0.535472 rep_w 1.0   score  - COLLAPSED
k3_r100_09b_lr56 step 40000   auc 0.99887  rep_w 1.0   score  40k=1.2469
k32_r100_09_sum  step 40000   auc 0.991624 rep_w 1.0   score  40k=1.2161
k3_r100_09_lr45  step 40000   auc 0.997576 rep_w 1.0   score  40k=1.2912
k3_r100_09_lr70  step 40000   auc 0.99832  rep_w 1.0   score  40k=1.2192
k3_r100_09_lr56_dec step 42200   auc 0.992989 rep_w 0.0   score  -
k3_r100_09_lr56_dec10k step 40000   auc 0.995656 rep_w 0.0   score  -
k32_r200_08_lr56 step -       auc -        rep_w -     score  -
k32_r100_09_dec_lr56 step -       auc -        rep_w -     score  -
k8_r100_09_lr56  step -       auc -        rep_w -     score  -
lanes 3   trainers 1   heads 0   evals 8
===== 2026-09-11 01:35:14 =====
gpu 0, 4182 MiB, 92 %
gpu 1, 7018 MiB, 90 %
k3_r100_09       step 200000  auc 0.999517 rep_w 1.0   score  40k=1.3495 100k=1.3395 200k=1.3910
k32_r100_09      step 40000   auc 0.773158 rep_w 1.0   score  40k=1.4629
k32_r200_08      step 28500   auc 0.534748 rep_w 1.0   score  - COLLAPSED
k3_r100_09_dec   step 40000   auc 0.997382 rep_w 0.0   score  40k=1.3236
k32_r100_09_dec  step 19100   auc 0.501426 rep_w 0.0   score  - COLLAPSED
k8_r100_09       step 40000   auc 0.730208 rep_w 1.0   score  40k=1.4537
k3_r100_09b      step 40000   auc 0.998191 rep_w 1.0   score  40k=1.2927
k3_r100_09_lr33  step 40000   auc 0.997974 rep_w 1.0   score  40k=1.2483
k3_r100_09_lr17  step 40000   auc 0.998509 rep_w 1.0   score  40k=1.2612
k3_r100_09_lr56  step 200000  auc 0.999432 rep_w 1.0   score  40k=1.1820 100k=1.3170 200k=1.3189
k32_r100_09_lr56 step 40000   auc 0.730161 rep_w 1.0   score  40k=1.4404
k3_r100_09_mean  step 27400   auc 0.535472 rep_w 1.0   score  - COLLAPSED
k3_r100_09b_lr56 step 40000   auc 0.99887  rep_w 1.0   score  40k=1.2469
k32_r100_09_sum  step 40000   auc 0.991624 rep_w 1.0   score  40k=1.2161
k3_r100_09_lr45  step 40000   auc 0.997576 rep_w 1.0   score  40k=1.2912
k3_r100_09_lr70  step 40000   auc 0.99832  rep_w 1.0   score  40k=1.2192
k3_r100_09_lr56_dec step 45600   auc 0.995636 rep_w 0.0   score  -
k3_r100_09_lr56_dec10k step 40000   auc 0.995656 rep_w 0.0   score  -
k32_r200_08_lr56 step -       auc -        rep_w -     score  -
k32_r100_09_dec_lr56 step -       auc -        rep_w -     score  -
k8_r100_09_lr56  step -       auc -        rep_w -     score  -
lanes 3   trainers 1   heads 0   evals 8
===== 2026-09-11 01:51:52 =====
gpu 0, 4182 MiB, 98 %
gpu 1, 7018 MiB, 94 %
k3_r100_09       step 200000  auc 0.999517 rep_w 1.0   score  40k=1.3495 100k=1.3395 200k=1.3910
k32_r100_09      step 40000   auc 0.773158 rep_w 1.0   score  40k=1.4629
k32_r200_08      step 28500   auc 0.534748 rep_w 1.0   score  - COLLAPSED
k3_r100_09_dec   step 40000   auc 0.997382 rep_w 0.0   score  40k=1.3236
k32_r100_09_dec  step 19100   auc 0.501426 rep_w 0.0   score  - COLLAPSED
k8_r100_09       step 40000   auc 0.730208 rep_w 1.0   score  40k=1.4537
k3_r100_09b      step 40000   auc 0.998191 rep_w 1.0   score  40k=1.2927
k3_r100_09_lr33  step 40000   auc 0.997974 rep_w 1.0   score  40k=1.2483
k3_r100_09_lr17  step 40000   auc 0.998509 rep_w 1.0   score  40k=1.2612
k3_r100_09_lr56  step 200000  auc 0.999432 rep_w 1.0   score  40k=1.1820 100k=1.3170 200k=1.3189
k32_r100_09_lr56 step 40000   auc 0.730161 rep_w 1.0   score  40k=1.4404
k3_r100_09_mean  step 27400   auc 0.535472 rep_w 1.0   score  - COLLAPSED
k3_r100_09b_lr56 step 40000   auc 0.99887  rep_w 1.0   score  40k=1.2469
k32_r100_09_sum  step 40000   auc 0.991624 rep_w 1.0   score  40k=1.2161
k3_r100_09_lr45  step 40000   auc 0.997576 rep_w 1.0   score  40k=1.2912
k3_r100_09_lr70  step 40000   auc 0.99832  rep_w 1.0   score  40k=1.2192
k3_r100_09_lr56_dec step 49100   auc 0.997986 rep_w 0.0   score  -
k3_r100_09_lr56_dec10k step 40000   auc 0.995656 rep_w 0.0   score  -
k32_r200_08_lr56 step -       auc -        rep_w -     score  -
k32_r100_09_dec_lr56 step -       auc -        rep_w -     score  -
k8_r100_09_lr56  step -       auc -        rep_w -     score  -
lanes 3   trainers 1   heads 0   evals 8
===== 2026-09-11 02:08:28 =====
gpu 0, 4182 MiB, 88 %
gpu 1, 7018 MiB, 93 %
k3_r100_09       step 200000  auc 0.999517 rep_w 1.0   score  40k=1.3495 100k=1.3395 200k=1.3910
k32_r100_09      step 40000   auc 0.773158 rep_w 1.0   score  40k=1.4629
k32_r200_08      step 28500   auc 0.534748 rep_w 1.0   score  - COLLAPSED
k3_r100_09_dec   step 40000   auc 0.997382 rep_w 0.0   score  40k=1.3236
k32_r100_09_dec  step 19100   auc 0.501426 rep_w 0.0   score  - COLLAPSED
k8_r100_09       step 40000   auc 0.730208 rep_w 1.0   score  40k=1.4537
k3_r100_09b      step 40000   auc 0.998191 rep_w 1.0   score  40k=1.2927
k3_r100_09_lr33  step 40000   auc 0.997974 rep_w 1.0   score  40k=1.2483
k3_r100_09_lr17  step 40000   auc 0.998509 rep_w 1.0   score  40k=1.2612
k3_r100_09_lr56  step 200000  auc 0.999432 rep_w 1.0   score  40k=1.1820 100k=1.3170 200k=1.3189
k32_r100_09_lr56 step 40000   auc 0.730161 rep_w 1.0   score  40k=1.4404
k3_r100_09_mean  step 27400   auc 0.535472 rep_w 1.0   score  - COLLAPSED
k3_r100_09b_lr56 step 40000   auc 0.99887  rep_w 1.0   score  40k=1.2469
k32_r100_09_sum  step 40000   auc 0.991624 rep_w 1.0   score  40k=1.2161
k3_r100_09_lr45  step 40000   auc 0.997576 rep_w 1.0   score  40k=1.2912
k3_r100_09_lr70  step 40000   auc 0.99832  rep_w 1.0   score  40k=1.2192
k3_r100_09_lr56_dec step 52500   auc 0.998037 rep_w 0.0   score  -
k3_r100_09_lr56_dec10k step 40000   auc 0.995656 rep_w 0.0   score  -
k32_r200_08_lr56 step -       auc -        rep_w -     score  -
k32_r100_09_dec_lr56 step -       auc -        rep_w -     score  -
k8_r100_09_lr56  step -       auc -        rep_w -     score  -
lanes 3   trainers 1   heads 0   evals 8
===== 2026-09-11 02:25:05 =====
gpu 0, 4182 MiB, 98 %
gpu 1, 7018 MiB, 95 %
k3_r100_09       step 200000  auc 0.999517 rep_w 1.0   score  40k=1.3495 100k=1.3395 200k=1.3910
k32_r100_09      step 40000   auc 0.773158 rep_w 1.0   score  40k=1.4629
k32_r200_08      step 28500   auc 0.534748 rep_w 1.0   score  - COLLAPSED
k3_r100_09_dec   step 40000   auc 0.997382 rep_w 0.0   score  40k=1.3236
k32_r100_09_dec  step 19100   auc 0.501426 rep_w 0.0   score  - COLLAPSED
k8_r100_09       step 40000   auc 0.730208 rep_w 1.0   score  40k=1.4537
k3_r100_09b      step 40000   auc 0.998191 rep_w 1.0   score  40k=1.2927
k3_r100_09_lr33  step 40000   auc 0.997974 rep_w 1.0   score  40k=1.2483
k3_r100_09_lr17  step 40000   auc 0.998509 rep_w 1.0   score  40k=1.2612
k3_r100_09_lr56  step 200000  auc 0.999432 rep_w 1.0   score  40k=1.1820 100k=1.3170 200k=1.3189
k32_r100_09_lr56 step 40000   auc 0.730161 rep_w 1.0   score  40k=1.4404
k3_r100_09_mean  step 27400   auc 0.535472 rep_w 1.0   score  - COLLAPSED
k3_r100_09b_lr56 step 40000   auc 0.99887  rep_w 1.0   score  40k=1.2469
k32_r100_09_sum  step 40000   auc 0.991624 rep_w 1.0   score  40k=1.2161
k3_r100_09_lr45  step 40000   auc 0.997576 rep_w 1.0   score  40k=1.2912
k3_r100_09_lr70  step 40000   auc 0.99832  rep_w 1.0   score  40k=1.2192
k3_r100_09_lr56_dec step 55900   auc 0.998232 rep_w 0.0   score  -
k3_r100_09_lr56_dec10k step 40000   auc 0.995656 rep_w 0.0   score  -
k32_r200_08_lr56 step -       auc -        rep_w -     score  -
k32_r100_09_dec_lr56 step -       auc -        rep_w -     score  -
k8_r100_09_lr56  step -       auc -        rep_w -     score  -
lanes 2   trainers 1   heads 0   evals 8
===== 2026-09-11 02:41:42 =====
gpu 0, 4182 MiB, 68 %
gpu 1, 7018 MiB, 97 %
k3_r100_09       step 200000  auc 0.999517 rep_w 1.0   score  40k=1.3495 100k=1.3395 200k=1.3910
k32_r100_09      step 40000   auc 0.773158 rep_w 1.0   score  40k=1.4629
k32_r200_08      step 28500   auc 0.534748 rep_w 1.0   score  - COLLAPSED
k3_r100_09_dec   step 40000   auc 0.997382 rep_w 0.0   score  40k=1.3236
k32_r100_09_dec  step 19100   auc 0.501426 rep_w 0.0   score  - COLLAPSED
k8_r100_09       step 40000   auc 0.730208 rep_w 1.0   score  40k=1.4537
k3_r100_09b      step 40000   auc 0.998191 rep_w 1.0   score  40k=1.2927
k3_r100_09_lr33  step 40000   auc 0.997974 rep_w 1.0   score  40k=1.2483
k3_r100_09_lr17  step 40000   auc 0.998509 rep_w 1.0   score  40k=1.2612
k3_r100_09_lr56  step 200000  auc 0.999432 rep_w 1.0   score  40k=1.1820 100k=1.3170 200k=1.3189
k32_r100_09_lr56 step 40000   auc 0.730161 rep_w 1.0   score  40k=1.4404
k3_r100_09_mean  step 27400   auc 0.535472 rep_w 1.0   score  - COLLAPSED
k3_r100_09b_lr56 step 40000   auc 0.99887  rep_w 1.0   score  40k=1.2469
k32_r100_09_sum  step 40000   auc 0.991624 rep_w 1.0   score  40k=1.2161
k3_r100_09_lr45  step 40000   auc 0.997576 rep_w 1.0   score  40k=1.2912
k3_r100_09_lr70  step 40000   auc 0.99832  rep_w 1.0   score  40k=1.2192
k3_r100_09_lr56_dec step 59300   auc 0.998434 rep_w 0.0   score  -
k3_r100_09_lr56_dec10k step 40000   auc 0.995656 rep_w 0.0   score  -
k32_r200_08_lr56 step -       auc -        rep_w -     score  -
k32_r100_09_dec_lr56 step -       auc -        rep_w -     score  -
k8_r100_09_lr56  step -       auc -        rep_w -     score  -
lanes 2   trainers 1   heads 0   evals 8
===== 2026-09-11 02:58:18 =====
gpu 0, 3206 MiB, 99 %
gpu 1, 7018 MiB, 96 %
k3_r100_09       step 200000  auc 0.999517 rep_w 1.0   score  40k=1.3495 100k=1.3395 200k=1.3910
k32_r100_09      step 40000   auc 0.773158 rep_w 1.0   score  40k=1.4629
k32_r200_08      step 28500   auc 0.534748 rep_w 1.0   score  - COLLAPSED
k3_r100_09_dec   step 40000   auc 0.997382 rep_w 0.0   score  40k=1.3236
k32_r100_09_dec  step 19100   auc 0.501426 rep_w 0.0   score  - COLLAPSED
k8_r100_09       step 40000   auc 0.730208 rep_w 1.0   score  40k=1.4537
k3_r100_09b      step 40000   auc 0.998191 rep_w 1.0   score  40k=1.2927
k3_r100_09_lr33  step 40000   auc 0.997974 rep_w 1.0   score  40k=1.2483
k3_r100_09_lr17  step 40000   auc 0.998509 rep_w 1.0   score  40k=1.2612
k3_r100_09_lr56  step 200000  auc 0.999432 rep_w 1.0   score  40k=1.1820 100k=1.3170 200k=1.3189
k32_r100_09_lr56 step 40000   auc 0.730161 rep_w 1.0   score  40k=1.4404
k3_r100_09_mean  step 27400   auc 0.535472 rep_w 1.0   score  - COLLAPSED
k3_r100_09b_lr56 step 40000   auc 0.99887  rep_w 1.0   score  40k=1.2469
k32_r100_09_sum  step 40000   auc 0.991624 rep_w 1.0   score  40k=1.2161
k3_r100_09_lr45  step 40000   auc 0.997576 rep_w 1.0   score  40k=1.2912
k3_r100_09_lr70  step 40000   auc 0.99832  rep_w 1.0   score  40k=1.2192
k3_r100_09_lr56_dec step 62700   auc 0.998619 rep_w 0.0   score  -
k3_r100_09_lr56_dec10k step 40000   auc 0.995656 rep_w 0.0   score  -
k32_r200_08_lr56 step -       auc -        rep_w -     score  -
k32_r100_09_dec_lr56 step -       auc -        rep_w -     score  -
k8_r100_09_lr56  step -       auc -        rep_w -     score  -
lanes 2   trainers 1   heads 0   evals 7
===== 2026-09-11 03:14:55 =====
gpu 0, 3206 MiB, 98 %
gpu 1, 7018 MiB, 94 %
k3_r100_09       step 200000  auc 0.999517 rep_w 1.0   score  40k=1.3495 100k=1.3395 200k=1.3910
k32_r100_09      step 40000   auc 0.773158 rep_w 1.0   score  40k=1.4629
k32_r200_08      step 28500   auc 0.534748 rep_w 1.0   score  - COLLAPSED
k3_r100_09_dec   step 40000   auc 0.997382 rep_w 0.0   score  40k=1.3236
k32_r100_09_dec  step 19100   auc 0.501426 rep_w 0.0   score  - COLLAPSED
k8_r100_09       step 40000   auc 0.730208 rep_w 1.0   score  40k=1.4537
k3_r100_09b      step 40000   auc 0.998191 rep_w 1.0   score  40k=1.2927
k3_r100_09_lr33  step 40000   auc 0.997974 rep_w 1.0   score  40k=1.2483
k3_r100_09_lr17  step 40000   auc 0.998509 rep_w 1.0   score  40k=1.2612
k3_r100_09_lr56  step 200000  auc 0.999432 rep_w 1.0   score  40k=1.1820 100k=1.3170 200k=1.3189
k32_r100_09_lr56 step 40000   auc 0.730161 rep_w 1.0   score  40k=1.4404
k3_r100_09_mean  step 27400   auc 0.535472 rep_w 1.0   score  - COLLAPSED
k3_r100_09b_lr56 step 40000   auc 0.99887  rep_w 1.0   score  40k=1.2469
k32_r100_09_sum  step 40000   auc 0.991624 rep_w 1.0   score  40k=1.2161
k3_r100_09_lr45  step 40000   auc 0.997576 rep_w 1.0   score  40k=1.2912
k3_r100_09_lr70  step 40000   auc 0.99832  rep_w 1.0   score  40k=1.2192
k3_r100_09_lr56_dec step 66300   auc 0.998268 rep_w 0.0   score  -
k3_r100_09_lr56_dec10k step 40000   auc 0.995656 rep_w 0.0   score  -
k32_r200_08_lr56 step -       auc -        rep_w -     score  -
k32_r100_09_dec_lr56 step -       auc -        rep_w -     score  -
k8_r100_09_lr56  step -       auc -        rep_w -     score  -
lanes 2   trainers 1   heads 0   evals 5
===== 2026-09-11 03:31:27 =====
gpu 0, 3206 MiB, 98 %
gpu 1, 7018 MiB, 96 %
k3_r100_09       step 200000  auc 0.999517 rep_w 1.0   score  40k=1.3495 100k=1.3395 200k=1.3910
k32_r100_09      step 40000   auc 0.773158 rep_w 1.0   score  40k=1.4629
k32_r200_08      step 28500   auc 0.534748 rep_w 1.0   score  - COLLAPSED
k3_r100_09_dec   step 40000   auc 0.997382 rep_w 0.0   score  40k=1.3236
k32_r100_09_dec  step 19100   auc 0.501426 rep_w 0.0   score  - COLLAPSED
k8_r100_09       step 40000   auc 0.730208 rep_w 1.0   score  40k=1.4537
k3_r100_09b      step 40000   auc 0.998191 rep_w 1.0   score  40k=1.2927
k3_r100_09_lr33  step 40000   auc 0.997974 rep_w 1.0   score  40k=1.2483
k3_r100_09_lr17  step 40000   auc 0.998509 rep_w 1.0   score  40k=1.2612
k3_r100_09_lr56  step 200000  auc 0.999432 rep_w 1.0   score  40k=1.1820 100k=1.3170 200k=1.3189
k32_r100_09_lr56 step 40000   auc 0.730161 rep_w 1.0   score  40k=1.4404
k3_r100_09_mean  step 27400   auc 0.535472 rep_w 1.0   score  - COLLAPSED
k3_r100_09b_lr56 step 40000   auc 0.99887  rep_w 1.0   score  40k=1.2469
k32_r100_09_sum  step 40000   auc 0.991624 rep_w 1.0   score  40k=1.2161
k3_r100_09_lr45  step 40000   auc 0.997576 rep_w 1.0   score  40k=1.2912
k3_r100_09_lr70  step 40000   auc 0.99832  rep_w 1.0   score  40k=1.2192
k3_r100_09_lr56_dec step 69800   auc 0.998423 rep_w 0.0   score  -
k3_r100_09_lr56_dec10k step 40000   auc 0.995656 rep_w 0.0   score  40k=1.1915
k32_r200_08_lr56 step -       auc -        rep_w -     score  -
k32_r100_09_dec_lr56 step -       auc -        rep_w -     score  -
k8_r100_09_lr56  step -       auc -        rep_w -     score  -
lanes 2   trainers 1   heads 0   evals 4
===== 2026-09-11 03:47:58 =====
gpu 0, 3206 MiB, 93 %
gpu 1, 7018 MiB, 93 %
k3_r100_09       step 200000  auc 0.999517 rep_w 1.0   score  40k=1.3495 100k=1.3395 200k=1.3910
k32_r100_09      step 40000   auc 0.773158 rep_w 1.0   score  40k=1.4629
k32_r200_08      step 28500   auc 0.534748 rep_w 1.0   score  - COLLAPSED
k3_r100_09_dec   step 40000   auc 0.997382 rep_w 0.0   score  40k=1.3236
k32_r100_09_dec  step 19100   auc 0.501426 rep_w 0.0   score  - COLLAPSED
k8_r100_09       step 40000   auc 0.730208 rep_w 1.0   score  40k=1.4537
k3_r100_09b      step 40000   auc 0.998191 rep_w 1.0   score  40k=1.2927
k3_r100_09_lr33  step 40000   auc 0.997974 rep_w 1.0   score  40k=1.2483
k3_r100_09_lr17  step 40000   auc 0.998509 rep_w 1.0   score  40k=1.2612
k3_r100_09_lr56  step 200000  auc 0.999432 rep_w 1.0   score  40k=1.1820 100k=1.3170 200k=1.3189
k32_r100_09_lr56 step 40000   auc 0.730161 rep_w 1.0   score  40k=1.4404
k3_r100_09_mean  step 27400   auc 0.535472 rep_w 1.0   score  - COLLAPSED
k3_r100_09b_lr56 step 40000   auc 0.99887  rep_w 1.0   score  40k=1.2469
k32_r100_09_sum  step 40000   auc 0.991624 rep_w 1.0   score  40k=1.2161
k3_r100_09_lr45  step 40000   auc 0.997576 rep_w 1.0   score  40k=1.2912
k3_r100_09_lr70  step 40000   auc 0.99832  rep_w 1.0   score  40k=1.2192
k3_r100_09_lr56_dec step 73400   auc 0.998394 rep_w 0.0   score  -
k3_r100_09_lr56_dec10k step 40000   auc 0.995656 rep_w 0.0   score  40k=1.1915
k32_r200_08_lr56 step -       auc -        rep_w -     score  -
k32_r100_09_dec_lr56 step -       auc -        rep_w -     score  -
k8_r100_09_lr56  step -       auc -        rep_w -     score  -
lanes 2   trainers 1   heads 0   evals 4
===== 2026-09-11 04:04:30 =====
gpu 0, 3206 MiB, 98 %
gpu 1, 7018 MiB, 95 %
k3_r100_09       step 200000  auc 0.999517 rep_w 1.0   score  40k=1.3495 100k=1.3395 200k=1.3910
k32_r100_09      step 40000   auc 0.773158 rep_w 1.0   score  40k=1.4629
k32_r200_08      step 28500   auc 0.534748 rep_w 1.0   score  - COLLAPSED
k3_r100_09_dec   step 40000   auc 0.997382 rep_w 0.0   score  40k=1.3236
k32_r100_09_dec  step 19100   auc 0.501426 rep_w 0.0   score  - COLLAPSED
k8_r100_09       step 40000   auc 0.730208 rep_w 1.0   score  40k=1.4537
k3_r100_09b      step 40000   auc 0.998191 rep_w 1.0   score  40k=1.2927
k3_r100_09_lr33  step 40000   auc 0.997974 rep_w 1.0   score  40k=1.2483
k3_r100_09_lr17  step 40000   auc 0.998509 rep_w 1.0   score  40k=1.2612
k3_r100_09_lr56  step 200000  auc 0.999432 rep_w 1.0   score  40k=1.1820 100k=1.3170 200k=1.3189
k32_r100_09_lr56 step 40000   auc 0.730161 rep_w 1.0   score  40k=1.4404
k3_r100_09_mean  step 27400   auc 0.535472 rep_w 1.0   score  - COLLAPSED
k3_r100_09b_lr56 step 40000   auc 0.99887  rep_w 1.0   score  40k=1.2469
k32_r100_09_sum  step 40000   auc 0.991624 rep_w 1.0   score  40k=1.2161
k3_r100_09_lr45  step 40000   auc 0.997576 rep_w 1.0   score  40k=1.2912
k3_r100_09_lr70  step 40000   auc 0.99832  rep_w 1.0   score  40k=1.2192
k3_r100_09_lr56_dec step 77000   auc 0.998864 rep_w 0.0   score  -
k3_r100_09_lr56_dec10k step 40000   auc 0.995656 rep_w 0.0   score  40k=1.1915
k32_r200_08_lr56 step -       auc -        rep_w -     score  -
k32_r100_09_dec_lr56 step -       auc -        rep_w -     score  -
k8_r100_09_lr56  step -       auc -        rep_w -     score  -
lanes 2   trainers 1   heads 0   evals 4
===== 2026-09-11 04:21:03 =====
gpu 0, 3206 MiB, 99 %
gpu 1, 7018 MiB, 88 %
k3_r100_09       step 200000  auc 0.999517 rep_w 1.0   score  40k=1.3495 100k=1.3395 200k=1.3910
k32_r100_09      step 40000   auc 0.773158 rep_w 1.0   score  40k=1.4629
k32_r200_08      step 28500   auc 0.534748 rep_w 1.0   score  - COLLAPSED
k3_r100_09_dec   step 40000   auc 0.997382 rep_w 0.0   score  40k=1.3236
k32_r100_09_dec  step 19100   auc 0.501426 rep_w 0.0   score  - COLLAPSED
k8_r100_09       step 40000   auc 0.730208 rep_w 1.0   score  40k=1.4537
k3_r100_09b      step 40000   auc 0.998191 rep_w 1.0   score  40k=1.2927
k3_r100_09_lr33  step 40000   auc 0.997974 rep_w 1.0   score  40k=1.2483
k3_r100_09_lr17  step 40000   auc 0.998509 rep_w 1.0   score  40k=1.2612
k3_r100_09_lr56  step 200000  auc 0.999432 rep_w 1.0   score  40k=1.1820 100k=1.3170 200k=1.3189
k32_r100_09_lr56 step 40000   auc 0.730161 rep_w 1.0   score  40k=1.4404
k3_r100_09_mean  step 27400   auc 0.535472 rep_w 1.0   score  - COLLAPSED
k3_r100_09b_lr56 step 40000   auc 0.99887  rep_w 1.0   score  40k=1.2469
k32_r100_09_sum  step 40000   auc 0.991624 rep_w 1.0   score  40k=1.2161
k3_r100_09_lr45  step 40000   auc 0.997576 rep_w 1.0   score  40k=1.2912
k3_r100_09_lr70  step 40000   auc 0.99832  rep_w 1.0   score  40k=1.2192
k3_r100_09_lr56_dec step 80500   auc 0.999123 rep_w 0.0   score  -
k3_r100_09_lr56_dec10k step 40000   auc 0.995656 rep_w 0.0   score  40k=1.1915
k32_r200_08_lr56 step -       auc -        rep_w -     score  -
k32_r100_09_dec_lr56 step -       auc -        rep_w -     score  -
k8_r100_09_lr56  step -       auc -        rep_w -     score  -
lanes 2   trainers 1   heads 0   evals 4
===== 2026-09-11 04:37:34 =====
gpu 0, 3206 MiB, 94 %
gpu 1, 7018 MiB, 98 %
k3_r100_09       step 200000  auc 0.999517 rep_w 1.0   score  40k=1.3495 100k=1.3395 200k=1.3910
k32_r100_09      step 40000   auc 0.773158 rep_w 1.0   score  40k=1.4629
k32_r200_08      step 28500   auc 0.534748 rep_w 1.0   score  - COLLAPSED
k3_r100_09_dec   step 40000   auc 0.997382 rep_w 0.0   score  40k=1.3236
k32_r100_09_dec  step 19100   auc 0.501426 rep_w 0.0   score  - COLLAPSED
k8_r100_09       step 40000   auc 0.730208 rep_w 1.0   score  40k=1.4537
k3_r100_09b      step 40000   auc 0.998191 rep_w 1.0   score  40k=1.2927
k3_r100_09_lr33  step 40000   auc 0.997974 rep_w 1.0   score  40k=1.2483
k3_r100_09_lr17  step 40000   auc 0.998509 rep_w 1.0   score  40k=1.2612
k3_r100_09_lr56  step 200000  auc 0.999432 rep_w 1.0   score  40k=1.1820 100k=1.3170 200k=1.3189
k32_r100_09_lr56 step 40000   auc 0.730161 rep_w 1.0   score  40k=1.4404
k3_r100_09_mean  step 27400   auc 0.535472 rep_w 1.0   score  - COLLAPSED
k3_r100_09b_lr56 step 40000   auc 0.99887  rep_w 1.0   score  40k=1.2469
k32_r100_09_sum  step 40000   auc 0.991624 rep_w 1.0   score  40k=1.2161
k3_r100_09_lr45  step 40000   auc 0.997576 rep_w 1.0   score  40k=1.2912
k3_r100_09_lr70  step 40000   auc 0.99832  rep_w 1.0   score  40k=1.2192
k3_r100_09_lr56_dec step 84200   auc 0.999131 rep_w 0.0   score  -
k3_r100_09_lr56_dec10k step 40000   auc 0.995656 rep_w 0.0   score  40k=1.1915
k32_r200_08_lr56 step -       auc -        rep_w -     score  -
k32_r100_09_dec_lr56 step -       auc -        rep_w -     score  -
k8_r100_09_lr56  step -       auc -        rep_w -     score  -
lanes 2   trainers 1   heads 0   evals 2
===== 2026-09-11 04:54:02 =====
gpu 0, 3206 MiB, 99 %
gpu 1, 7018 MiB, 92 %
k3_r100_09       step 200000  auc 0.999517 rep_w 1.0   score  40k=1.3495 100k=1.3395 200k=1.3910
k32_r100_09      step 40000   auc 0.773158 rep_w 1.0   score  40k=1.4629
k32_r200_08      step 28500   auc 0.534748 rep_w 1.0   score  - COLLAPSED
k3_r100_09_dec   step 40000   auc 0.997382 rep_w 0.0   score  40k=1.3236
k32_r100_09_dec  step 19100   auc 0.501426 rep_w 0.0   score  - COLLAPSED
k8_r100_09       step 40000   auc 0.730208 rep_w 1.0   score  40k=1.4537
k3_r100_09b      step 40000   auc 0.998191 rep_w 1.0   score  40k=1.2927
k3_r100_09_lr33  step 40000   auc 0.997974 rep_w 1.0   score  40k=1.2483
k3_r100_09_lr17  step 40000   auc 0.998509 rep_w 1.0   score  40k=1.2612
k3_r100_09_lr56  step 200000  auc 0.999432 rep_w 1.0   score  40k=1.1820 100k=1.3170 200k=1.3189
k32_r100_09_lr56 step 40000   auc 0.730161 rep_w 1.0   score  40k=1.4404
k3_r100_09_mean  step 27400   auc 0.535472 rep_w 1.0   score  - COLLAPSED
k3_r100_09b_lr56 step 40000   auc 0.99887  rep_w 1.0   score  40k=1.2469
k32_r100_09_sum  step 40000   auc 0.991624 rep_w 1.0   score  40k=1.2161
k3_r100_09_lr45  step 40000   auc 0.997576 rep_w 1.0   score  40k=1.2912
k3_r100_09_lr70  step 40000   auc 0.99832  rep_w 1.0   score  40k=1.2192
k3_r100_09_lr56_dec step 87800   auc 0.998894 rep_w 0.0   score  -
k3_r100_09_lr56_dec10k step 40000   auc 0.995656 rep_w 0.0   score  40k=1.1915
k32_r200_08_lr56 step -       auc -        rep_w -     score  -
k32_r100_09_dec_lr56 step -       auc -        rep_w -     score  -
k8_r100_09_lr56  step -       auc -        rep_w -     score  -
lanes 2   trainers 1   heads 0   evals 1
===== 2026-09-11 05:10:32 =====
gpu 0, 3206 MiB, 98 %
gpu 1, 7018 MiB, 93 %
k3_r100_09       step 200000  auc 0.999517 rep_w 1.0   score  40k=1.3495 100k=1.3395 200k=1.3910
k32_r100_09      step 40000   auc 0.773158 rep_w 1.0   score  40k=1.4629
k32_r200_08      step 28500   auc 0.534748 rep_w 1.0   score  - COLLAPSED
k3_r100_09_dec   step 40000   auc 0.997382 rep_w 0.0   score  40k=1.3236
k32_r100_09_dec  step 19100   auc 0.501426 rep_w 0.0   score  - COLLAPSED
k8_r100_09       step 40000   auc 0.730208 rep_w 1.0   score  40k=1.4537
k3_r100_09b      step 40000   auc 0.998191 rep_w 1.0   score  40k=1.2927
k3_r100_09_lr33  step 40000   auc 0.997974 rep_w 1.0   score  40k=1.2483
k3_r100_09_lr17  step 40000   auc 0.998509 rep_w 1.0   score  40k=1.2612
k3_r100_09_lr56  step 200000  auc 0.999432 rep_w 1.0   score  40k=1.1820 100k=1.3170 200k=1.3189
k32_r100_09_lr56 step 40000   auc 0.730161 rep_w 1.0   score  40k=1.4404
k3_r100_09_mean  step 27400   auc 0.535472 rep_w 1.0   score  - COLLAPSED
k3_r100_09b_lr56 step 40000   auc 0.99887  rep_w 1.0   score  40k=1.2469
k32_r100_09_sum  step 40000   auc 0.991624 rep_w 1.0   score  40k=1.2161
k3_r100_09_lr45  step 40000   auc 0.997576 rep_w 1.0   score  40k=1.2912
k3_r100_09_lr70  step 40000   auc 0.99832  rep_w 1.0   score  40k=1.2192
k3_r100_09_lr56_dec step 91600   auc 0.999132 rep_w 0.0   score  40k=1.2164
k3_r100_09_lr56_dec10k step 40000   auc 0.995656 rep_w 0.0   score  40k=1.1915
k32_r200_08_lr56 step -       auc -        rep_w -     score  -
k32_r100_09_dec_lr56 step -       auc -        rep_w -     score  -
k8_r100_09_lr56  step -       auc -        rep_w -     score  -
lanes 2   trainers 1   heads 0   evals 0
===== 2026-09-11 05:26:58 =====
gpu 0, 3206 MiB, 98 %
gpu 1, 7018 MiB, 97 %
k3_r100_09       step 200000  auc 0.999517 rep_w 1.0   score  40k=1.3495 100k=1.3395 200k=1.3910
k32_r100_09      step 40000   auc 0.773158 rep_w 1.0   score  40k=1.4629
k32_r200_08      step 28500   auc 0.534748 rep_w 1.0   score  - COLLAPSED
k3_r100_09_dec   step 40000   auc 0.997382 rep_w 0.0   score  40k=1.3236
k32_r100_09_dec  step 19100   auc 0.501426 rep_w 0.0   score  - COLLAPSED
k8_r100_09       step 40000   auc 0.730208 rep_w 1.0   score  40k=1.4537
k3_r100_09b      step 40000   auc 0.998191 rep_w 1.0   score  40k=1.2927
k3_r100_09_lr33  step 40000   auc 0.997974 rep_w 1.0   score  40k=1.2483
k3_r100_09_lr17  step 40000   auc 0.998509 rep_w 1.0   score  40k=1.2612
k3_r100_09_lr56  step 200000  auc 0.999432 rep_w 1.0   score  40k=1.1820 100k=1.3170 200k=1.3189
k32_r100_09_lr56 step 40000   auc 0.730161 rep_w 1.0   score  40k=1.4404
k3_r100_09_mean  step 27400   auc 0.535472 rep_w 1.0   score  - COLLAPSED
k3_r100_09b_lr56 step 40000   auc 0.99887  rep_w 1.0   score  40k=1.2469
k32_r100_09_sum  step 40000   auc 0.991624 rep_w 1.0   score  40k=1.2161
k3_r100_09_lr45  step 40000   auc 0.997576 rep_w 1.0   score  40k=1.2912
k3_r100_09_lr70  step 40000   auc 0.99832  rep_w 1.0   score  40k=1.2192
k3_r100_09_lr56_dec step 95300   auc 0.998919 rep_w 0.0   score  40k=1.2164
k3_r100_09_lr56_dec10k step 40000   auc 0.995656 rep_w 0.0   score  40k=1.1915
k32_r200_08_lr56 step -       auc -        rep_w -     score  -
k32_r100_09_dec_lr56 step -       auc -        rep_w -     score  -
k8_r100_09_lr56  step -       auc -        rep_w -     score  -
lanes 2   trainers 1   heads 0   evals 0
===== 2026-09-11 05:43:23 =====
gpu 0, 3206 MiB, 99 %
gpu 1, 7018 MiB, 98 %
k3_r100_09       step 200000  auc 0.999517 rep_w 1.0   score  40k=1.3495 100k=1.3395 200k=1.3910
k32_r100_09      step 40000   auc 0.773158 rep_w 1.0   score  40k=1.4629
k32_r200_08      step 28500   auc 0.534748 rep_w 1.0   score  - COLLAPSED
k3_r100_09_dec   step 40000   auc 0.997382 rep_w 0.0   score  40k=1.3236
k32_r100_09_dec  step 19100   auc 0.501426 rep_w 0.0   score  - COLLAPSED
k8_r100_09       step 40000   auc 0.730208 rep_w 1.0   score  40k=1.4537
k3_r100_09b      step 40000   auc 0.998191 rep_w 1.0   score  40k=1.2927
k3_r100_09_lr33  step 40000   auc 0.997974 rep_w 1.0   score  40k=1.2483
k3_r100_09_lr17  step 40000   auc 0.998509 rep_w 1.0   score  40k=1.2612
k3_r100_09_lr56  step 200000  auc 0.999432 rep_w 1.0   score  40k=1.1820 100k=1.3170 200k=1.3189
k32_r100_09_lr56 step 40000   auc 0.730161 rep_w 1.0   score  40k=1.4404
k3_r100_09_mean  step 27400   auc 0.535472 rep_w 1.0   score  - COLLAPSED
k3_r100_09b_lr56 step 40000   auc 0.99887  rep_w 1.0   score  40k=1.2469
k32_r100_09_sum  step 40000   auc 0.991624 rep_w 1.0   score  40k=1.2161
k3_r100_09_lr45  step 40000   auc 0.997576 rep_w 1.0   score  40k=1.2912
k3_r100_09_lr70  step 40000   auc 0.99832  rep_w 1.0   score  40k=1.2192
k3_r100_09_lr56_dec step 99000   auc 0.99906  rep_w 0.0   score  40k=1.2164
k3_r100_09_lr56_dec10k step 40000   auc 0.995656 rep_w 0.0   score  40k=1.1915
k32_r200_08_lr56 step -       auc -        rep_w -     score  -
k32_r100_09_dec_lr56 step -       auc -        rep_w -     score  -
k8_r100_09_lr56  step -       auc -        rep_w -     score  -
lanes 2   trainers 1   heads 0   evals 0
===== 2026-09-11 05:59:50 =====
gpu 0, 3426 MiB, 100 %
gpu 1, 7018 MiB, 99 %
k3_r100_09       step 200000  auc 0.999517 rep_w 1.0   score  40k=1.3495 100k=1.3395 200k=1.3910
k32_r100_09      step 40000   auc 0.773158 rep_w 1.0   score  40k=1.4629
k32_r200_08      step 28500   auc 0.534748 rep_w 1.0   score  - COLLAPSED
k3_r100_09_dec   step 40000   auc 0.997382 rep_w 0.0   score  40k=1.3236
k32_r100_09_dec  step 19100   auc 0.501426 rep_w 0.0   score  - COLLAPSED
k8_r100_09       step 40000   auc 0.730208 rep_w 1.0   score  40k=1.4537
k3_r100_09b      step 40000   auc 0.998191 rep_w 1.0   score  40k=1.2927
k3_r100_09_lr33  step 40000   auc 0.997974 rep_w 1.0   score  40k=1.2483
k3_r100_09_lr17  step 40000   auc 0.998509 rep_w 1.0   score  40k=1.2612
k3_r100_09_lr56  step 200000  auc 0.999432 rep_w 1.0   score  40k=1.1820 100k=1.3170 200k=1.3189
k32_r100_09_lr56 step 40000   auc 0.730161 rep_w 1.0   score  40k=1.4404
k3_r100_09_mean  step 27400   auc 0.535472 rep_w 1.0   score  - COLLAPSED
k3_r100_09b_lr56 step 40000   auc 0.99887  rep_w 1.0   score  40k=1.2469
k32_r100_09_sum  step 40000   auc 0.991624 rep_w 1.0   score  40k=1.2161
k3_r100_09_lr45  step 40000   auc 0.997576 rep_w 1.0   score  40k=1.2912
k3_r100_09_lr70  step 40000   auc 0.99832  rep_w 1.0   score  40k=1.2192
k3_r100_09_lr56_dec step 100000  auc 0.999031 rep_w 0.0   score  40k=1.2164
k3_r100_09_lr56_dec10k step 40000   auc 0.995656 rep_w 0.0   score  40k=1.1915
k32_r200_08_lr56 step -       auc -        rep_w -     score  -
k32_r100_09_dec_lr56 step -       auc -        rep_w -     score  -
k8_r100_09_lr56  step -       auc -        rep_w -     score  -
lanes 2   trainers 0   heads 1   evals 0
===== 2026-09-11 06:16:16 =====
gpu 0, 3426 MiB, 99 %
gpu 1, 7018 MiB, 95 %
k3_r100_09       step 200000  auc 0.999517 rep_w 1.0   score  40k=1.3495 100k=1.3395 200k=1.3910
k32_r100_09      step 40000   auc 0.773158 rep_w 1.0   score  40k=1.4629
k32_r200_08      step 28500   auc 0.534748 rep_w 1.0   score  - COLLAPSED
k3_r100_09_dec   step 40000   auc 0.997382 rep_w 0.0   score  40k=1.3236
k32_r100_09_dec  step 19100   auc 0.501426 rep_w 0.0   score  - COLLAPSED
k8_r100_09       step 40000   auc 0.730208 rep_w 1.0   score  40k=1.4537
k3_r100_09b      step 40000   auc 0.998191 rep_w 1.0   score  40k=1.2927
k3_r100_09_lr33  step 40000   auc 0.997974 rep_w 1.0   score  40k=1.2483
k3_r100_09_lr17  step 40000   auc 0.998509 rep_w 1.0   score  40k=1.2612
k3_r100_09_lr56  step 200000  auc 0.999432 rep_w 1.0   score  40k=1.1820 100k=1.3170 200k=1.3189
k32_r100_09_lr56 step 40000   auc 0.730161 rep_w 1.0   score  40k=1.4404
k3_r100_09_mean  step 27400   auc 0.535472 rep_w 1.0   score  - COLLAPSED
k3_r100_09b_lr56 step 40000   auc 0.99887  rep_w 1.0   score  40k=1.2469
k32_r100_09_sum  step 40000   auc 0.991624 rep_w 1.0   score  40k=1.2161
k3_r100_09_lr45  step 40000   auc 0.997576 rep_w 1.0   score  40k=1.2912
k3_r100_09_lr70  step 40000   auc 0.99832  rep_w 1.0   score  40k=1.2192
k3_r100_09_lr56_dec step 100000  auc 0.999031 rep_w 0.0   score  40k=1.2164
k3_r100_09_lr56_dec10k step 40000   auc 0.995656 rep_w 0.0   score  40k=1.1915
k32_r200_08_lr56 step -       auc -        rep_w -     score  -
k32_r100_09_dec_lr56 step -       auc -        rep_w -     score  -
k8_r100_09_lr56  step -       auc -        rep_w -     score  -
lanes 2   trainers 0   heads 1   evals 0
===== 2026-09-11 06:32:43 =====
gpu 0, 3426 MiB, 90 %
gpu 1, 7018 MiB, 98 %
k3_r100_09       step 200000  auc 0.999517 rep_w 1.0   score  40k=1.3495 100k=1.3395 200k=1.3910
k32_r100_09      step 40000   auc 0.773158 rep_w 1.0   score  40k=1.4629
k32_r200_08      step 28500   auc 0.534748 rep_w 1.0   score  - COLLAPSED
k3_r100_09_dec   step 40000   auc 0.997382 rep_w 0.0   score  40k=1.3236
k32_r100_09_dec  step 19100   auc 0.501426 rep_w 0.0   score  - COLLAPSED
k8_r100_09       step 40000   auc 0.730208 rep_w 1.0   score  40k=1.4537
k3_r100_09b      step 40000   auc 0.998191 rep_w 1.0   score  40k=1.2927
k3_r100_09_lr33  step 40000   auc 0.997974 rep_w 1.0   score  40k=1.2483
k3_r100_09_lr17  step 40000   auc 0.998509 rep_w 1.0   score  40k=1.2612
k3_r100_09_lr56  step 200000  auc 0.999432 rep_w 1.0   score  40k=1.1820 100k=1.3170 200k=1.3189
k32_r100_09_lr56 step 40000   auc 0.730161 rep_w 1.0   score  40k=1.4404
k3_r100_09_mean  step 27400   auc 0.535472 rep_w 1.0   score  - COLLAPSED
k3_r100_09b_lr56 step 40000   auc 0.99887  rep_w 1.0   score  40k=1.2469
k32_r100_09_sum  step 40000   auc 0.991624 rep_w 1.0   score  40k=1.2161
k3_r100_09_lr45  step 40000   auc 0.997576 rep_w 1.0   score  40k=1.2912
k3_r100_09_lr70  step 40000   auc 0.99832  rep_w 1.0   score  40k=1.2192
k3_r100_09_lr56_dec step 100000  auc 0.999031 rep_w 0.0   score  40k=1.2164
k3_r100_09_lr56_dec10k step 40000   auc 0.995656 rep_w 0.0   score  40k=1.1915
k32_r200_08_lr56 step -       auc -        rep_w -     score  -
k32_r100_09_dec_lr56 step -       auc -        rep_w -     score  -
k8_r100_09_lr56  step -       auc -        rep_w -     score  -
lanes 2   trainers 0   heads 1   evals 0
===== 2026-09-11 06:49:10 =====
gpu 0, 3426 MiB, 75 %
gpu 1, 7018 MiB, 96 %
k3_r100_09       step 200000  auc 0.999517 rep_w 1.0   score  40k=1.3495 100k=1.3395 200k=1.3910
k32_r100_09      step 40000   auc 0.773158 rep_w 1.0   score  40k=1.4629
k32_r200_08      step 28500   auc 0.534748 rep_w 1.0   score  - COLLAPSED
k3_r100_09_dec   step 40000   auc 0.997382 rep_w 0.0   score  40k=1.3236
k32_r100_09_dec  step 19100   auc 0.501426 rep_w 0.0   score  - COLLAPSED
k8_r100_09       step 40000   auc 0.730208 rep_w 1.0   score  40k=1.4537
k3_r100_09b      step 40000   auc 0.998191 rep_w 1.0   score  40k=1.2927
k3_r100_09_lr33  step 40000   auc 0.997974 rep_w 1.0   score  40k=1.2483
k3_r100_09_lr17  step 40000   auc 0.998509 rep_w 1.0   score  40k=1.2612
k3_r100_09_lr56  step 200000  auc 0.999432 rep_w 1.0   score  40k=1.1820 100k=1.3170 200k=1.3189
k32_r100_09_lr56 step 40000   auc 0.730161 rep_w 1.0   score  40k=1.4404
k3_r100_09_mean  step 27400   auc 0.535472 rep_w 1.0   score  - COLLAPSED
k3_r100_09b_lr56 step 40000   auc 0.99887  rep_w 1.0   score  40k=1.2469
k32_r100_09_sum  step 40000   auc 0.991624 rep_w 1.0   score  40k=1.2161
k3_r100_09_lr45  step 40000   auc 0.997576 rep_w 1.0   score  40k=1.2912
k3_r100_09_lr70  step 40000   auc 0.99832  rep_w 1.0   score  40k=1.2192
k3_r100_09_lr56_dec step 100000  auc 0.999031 rep_w 0.0   score  40k=1.2164
k3_r100_09_lr56_dec10k step 40000   auc 0.995656 rep_w 0.0   score  40k=1.1915
k32_r200_08_lr56 step -       auc -        rep_w -     score  -
k32_r100_09_dec_lr56 step -       auc -        rep_w -     score  -
k8_r100_09_lr56  step -       auc -        rep_w -     score  -
lanes 2   trainers 0   heads 1   evals 0
===== 2026-09-11 07:05:36 =====
gpu 0, 3426 MiB, 99 %
gpu 1, 9572 MiB, 89 %
k3_r100_09       step 200000  auc 0.999517 rep_w 1.0   score  40k=1.3495 100k=1.3395 200k=1.3910
k32_r100_09      step 40000   auc 0.773158 rep_w 1.0   score  40k=1.4629
k32_r200_08      step 28500   auc 0.534748 rep_w 1.0   score  - COLLAPSED
k3_r100_09_dec   step 40000   auc 0.997382 rep_w 0.0   score  40k=1.3236
k32_r100_09_dec  step 19100   auc 0.501426 rep_w 0.0   score  - COLLAPSED
k8_r100_09       step 40000   auc 0.730208 rep_w 1.0   score  40k=1.4537
k3_r100_09b      step 40000   auc 0.998191 rep_w 1.0   score  40k=1.2927
k3_r100_09_lr33  step 40000   auc 0.997974 rep_w 1.0   score  40k=1.2483
k3_r100_09_lr17  step 40000   auc 0.998509 rep_w 1.0   score  40k=1.2612
k3_r100_09_lr56  step 200000  auc 0.999432 rep_w 1.0   score  40k=1.1820 100k=1.3170 200k=1.3189
k32_r100_09_lr56 step 40000   auc 0.730161 rep_w 1.0   score  40k=1.4404
k3_r100_09_mean  step 27400   auc 0.535472 rep_w 1.0   score  - COLLAPSED
k3_r100_09b_lr56 step 40000   auc 0.99887  rep_w 1.0   score  40k=1.2469
k32_r100_09_sum  step 40000   auc 0.991624 rep_w 1.0   score  40k=1.2161
k3_r100_09_lr45  step 40000   auc 0.997576 rep_w 1.0   score  40k=1.2912
k3_r100_09_lr70  step 40000   auc 0.99832  rep_w 1.0   score  40k=1.2192
k3_r100_09_lr56_dec step 100000  auc 0.999031 rep_w 0.0   score  40k=1.2164
k3_r100_09_lr56_dec10k step 40000   auc 0.995656 rep_w 0.0   score  40k=1.1915
k32_r200_08_lr56 step -       auc -        rep_w -     score  -
k32_r100_09_dec_lr56 step -       auc -        rep_w -     score  -
k8_r100_09_lr56  step -       auc -        rep_w -     score  -
lanes 2   trainers 0   heads 1   evals 0
===== 2026-09-11 07:21:59 =====
gpu 0, 4184 MiB, 97 %
gpu 1, 9572 MiB, 82 %
k3_r100_09       step 200000  auc 0.999517 rep_w 1.0   score  40k=1.3495 100k=1.3395 200k=1.3910
k32_r100_09      step 40000   auc 0.773158 rep_w 1.0   score  40k=1.4629
k32_r200_08      step 28500   auc 0.534748 rep_w 1.0   score  - COLLAPSED
k3_r100_09_dec   step 40000   auc 0.997382 rep_w 0.0   score  40k=1.3236
k32_r100_09_dec  step 19100   auc 0.501426 rep_w 0.0   score  - COLLAPSED
k8_r100_09       step 40000   auc 0.730208 rep_w 1.0   score  40k=1.4537
k3_r100_09b      step 40000   auc 0.998191 rep_w 1.0   score  40k=1.2927
k3_r100_09_lr33  step 40000   auc 0.997974 rep_w 1.0   score  40k=1.2483
k3_r100_09_lr17  step 40000   auc 0.998509 rep_w 1.0   score  40k=1.2612
k3_r100_09_lr56  step 200000  auc 0.999432 rep_w 1.0   score  40k=1.1820 100k=1.3170 200k=1.3189
k32_r100_09_lr56 step 40000   auc 0.730161 rep_w 1.0   score  40k=1.4404
k3_r100_09_mean  step 27400   auc 0.535472 rep_w 1.0   score  - COLLAPSED
k3_r100_09b_lr56 step 40000   auc 0.99887  rep_w 1.0   score  40k=1.2469
k32_r100_09_sum  step 40000   auc 0.991624 rep_w 1.0   score  40k=1.2161
k3_r100_09_lr45  step 40000   auc 0.997576 rep_w 1.0   score  40k=1.2912
k3_r100_09_lr70  step 40000   auc 0.99832  rep_w 1.0   score  40k=1.2192
k3_r100_09_lr56_dec step 100000  auc 0.999031 rep_w 0.0   score  40k=1.2164
k3_r100_09_lr56_dec10k step -       auc -        rep_w -     score  40k=1.1915
k32_r200_08_lr56 step -       auc -        rep_w -     score  -
k32_r100_09_dec_lr56 step -       auc -        rep_w -     score  -
k8_r100_09_lr56  step -       auc -        rep_w -     score  -
lanes 2   trainers 1   heads 0   evals 4
===== 2026-09-11 07:38:30 =====
gpu 0, 4968 MiB, 51 %
gpu 1, 9572 MiB, 85 %
k3_r100_09       step 200000  auc 0.999517 rep_w 1.0   score  40k=1.3495 100k=1.3395 200k=1.3910
k32_r100_09      step 40000   auc 0.773158 rep_w 1.0   score  40k=1.4629
k32_r200_08      step 28500   auc 0.534748 rep_w 1.0   score  - COLLAPSED
k3_r100_09_dec   step 40000   auc 0.997382 rep_w 0.0   score  40k=1.3236
k32_r100_09_dec  step 19100   auc 0.501426 rep_w 0.0   score  - COLLAPSED
k8_r100_09       step 40000   auc 0.730208 rep_w 1.0   score  40k=1.4537
k3_r100_09b      step 40000   auc 0.998191 rep_w 1.0   score  40k=1.2927
k3_r100_09_lr33  step 40000   auc 0.997974 rep_w 1.0   score  40k=1.2483
k3_r100_09_lr17  step 40000   auc 0.998509 rep_w 1.0   score  40k=1.2612
k3_r100_09_lr56  step 200000  auc 0.999432 rep_w 1.0   score  40k=1.1820 100k=1.3170 200k=1.3189
k32_r100_09_lr56 step 40000   auc 0.730161 rep_w 1.0   score  40k=1.4404
k3_r100_09_mean  step 27400   auc 0.535472 rep_w 1.0   score  - COLLAPSED
k3_r100_09b_lr56 step 40000   auc 0.99887  rep_w 1.0   score  40k=1.2469
k32_r100_09_sum  step 40000   auc 0.991624 rep_w 1.0   score  40k=1.2161
k3_r100_09_lr45  step 40000   auc 0.997576 rep_w 1.0   score  40k=1.2912
k3_r100_09_lr70  step 40000   auc 0.99832  rep_w 1.0   score  40k=1.2192
k3_r100_09_lr56_dec step 100000  auc 0.999031 rep_w 0.0   score  40k=1.2164
k3_r100_09_lr56_dec10k step 43700   auc 0.995496 rep_w 0.0   score  40k=1.1915
k32_r200_08_lr56 step -       auc -        rep_w -     score  -
k32_r100_09_dec_lr56 step -       auc -        rep_w -     score  -
k8_r100_09_lr56  step -       auc -        rep_w -     score  -
lanes 2   trainers 1   heads 0   evals 4
===== 2026-09-11 07:55:01 =====
gpu 0, 4968 MiB, 99 %
gpu 1, 9572 MiB, 78 %
k3_r100_09       step 200000  auc 0.999517 rep_w 1.0   score  40k=1.3495 100k=1.3395 200k=1.3910
k32_r100_09      step 40000   auc 0.773158 rep_w 1.0   score  40k=1.4629
k32_r200_08      step 28500   auc 0.534748 rep_w 1.0   score  - COLLAPSED
k3_r100_09_dec   step 40000   auc 0.997382 rep_w 0.0   score  40k=1.3236
k32_r100_09_dec  step 19100   auc 0.501426 rep_w 0.0   score  - COLLAPSED
k8_r100_09       step 40000   auc 0.730208 rep_w 1.0   score  40k=1.4537
k3_r100_09b      step 40000   auc 0.998191 rep_w 1.0   score  40k=1.2927
k3_r100_09_lr33  step 40000   auc 0.997974 rep_w 1.0   score  40k=1.2483
k3_r100_09_lr17  step 40000   auc 0.998509 rep_w 1.0   score  40k=1.2612
k3_r100_09_lr56  step 200000  auc 0.999432 rep_w 1.0   score  40k=1.1820 100k=1.3170 200k=1.3189
k32_r100_09_lr56 step 40000   auc 0.730161 rep_w 1.0   score  40k=1.4404
k3_r100_09_mean  step 27400   auc 0.535472 rep_w 1.0   score  - COLLAPSED
k3_r100_09b_lr56 step 40000   auc 0.99887  rep_w 1.0   score  40k=1.2469
k32_r100_09_sum  step 40000   auc 0.991624 rep_w 1.0   score  40k=1.2161
k3_r100_09_lr45  step 40000   auc 0.997576 rep_w 1.0   score  40k=1.2912
k3_r100_09_lr70  step 40000   auc 0.99832  rep_w 1.0   score  40k=1.2192
k3_r100_09_lr56_dec step 100000  auc 0.999031 rep_w 0.0   score  40k=1.2164
k3_r100_09_lr56_dec10k step 47700   auc 0.995586 rep_w 0.0   score  40k=1.1915
k32_r200_08_lr56 step -       auc -        rep_w -     score  -
k32_r100_09_dec_lr56 step -       auc -        rep_w -     score  -
k8_r100_09_lr56  step -       auc -        rep_w -     score  -
lanes 2   trainers 1   heads 0   evals 4
===== 2026-09-11 08:11:32 =====
gpu 0, 4968 MiB, 97 %
gpu 1, 9572 MiB, 78 %
k3_r100_09       step 200000  auc 0.999517 rep_w 1.0   score  40k=1.3495 100k=1.3395 200k=1.3910
k32_r100_09      step 40000   auc 0.773158 rep_w 1.0   score  40k=1.4629
k32_r200_08      step 28500   auc 0.534748 rep_w 1.0   score  - COLLAPSED
k3_r100_09_dec   step 40000   auc 0.997382 rep_w 0.0   score  40k=1.3236
k32_r100_09_dec  step 19100   auc 0.501426 rep_w 0.0   score  - COLLAPSED
k8_r100_09       step 40000   auc 0.730208 rep_w 1.0   score  40k=1.4537
k3_r100_09b      step 40000   auc 0.998191 rep_w 1.0   score  40k=1.2927
k3_r100_09_lr33  step 40000   auc 0.997974 rep_w 1.0   score  40k=1.2483
k3_r100_09_lr17  step 40000   auc 0.998509 rep_w 1.0   score  40k=1.2612
k3_r100_09_lr56  step 200000  auc 0.999432 rep_w 1.0   score  40k=1.1820 100k=1.3170 200k=1.3189
k32_r100_09_lr56 step 40000   auc 0.730161 rep_w 1.0   score  40k=1.4404
k3_r100_09_mean  step 27400   auc 0.535472 rep_w 1.0   score  - COLLAPSED
k3_r100_09b_lr56 step 40000   auc 0.99887  rep_w 1.0   score  40k=1.2469
k32_r100_09_sum  step 40000   auc 0.991624 rep_w 1.0   score  40k=1.2161
k3_r100_09_lr45  step 40000   auc 0.997576 rep_w 1.0   score  40k=1.2912
k3_r100_09_lr70  step 40000   auc 0.99832  rep_w 1.0   score  40k=1.2192
k3_r100_09_lr56_dec step 100000  auc 0.999031 rep_w 0.0   score  40k=1.2164
k3_r100_09_lr56_dec10k step 51800   auc 0.995786 rep_w 0.0   score  40k=1.1915
k32_r200_08_lr56 step -       auc -        rep_w -     score  -
k32_r100_09_dec_lr56 step -       auc -        rep_w -     score  -
k8_r100_09_lr56  step -       auc -        rep_w -     score  -
lanes 2   trainers 1   heads 0   evals 4
===== 2026-09-11 08:28:03 =====
gpu 0, 4968 MiB, 98 %
gpu 1, 9572 MiB, 77 %
k3_r100_09       step 200000  auc 0.999517 rep_w 1.0   score  40k=1.3495 100k=1.3395 200k=1.3910
k32_r100_09      step 40000   auc 0.773158 rep_w 1.0   score  40k=1.4629
k32_r200_08      step 28500   auc 0.534748 rep_w 1.0   score  - COLLAPSED
k3_r100_09_dec   step 40000   auc 0.997382 rep_w 0.0   score  40k=1.3236
k32_r100_09_dec  step 19100   auc 0.501426 rep_w 0.0   score  - COLLAPSED
k8_r100_09       step 40000   auc 0.730208 rep_w 1.0   score  40k=1.4537
k3_r100_09b      step 40000   auc 0.998191 rep_w 1.0   score  40k=1.2927
k3_r100_09_lr33  step 40000   auc 0.997974 rep_w 1.0   score  40k=1.2483
k3_r100_09_lr17  step 40000   auc 0.998509 rep_w 1.0   score  40k=1.2612
k3_r100_09_lr56  step 200000  auc 0.999432 rep_w 1.0   score  40k=1.1820 100k=1.3170 200k=1.3189
k32_r100_09_lr56 step 40000   auc 0.730161 rep_w 1.0   score  40k=1.4404
k3_r100_09_mean  step 27400   auc 0.535472 rep_w 1.0   score  - COLLAPSED
k3_r100_09b_lr56 step 40000   auc 0.99887  rep_w 1.0   score  40k=1.2469
k32_r100_09_sum  step 40000   auc 0.991624 rep_w 1.0   score  40k=1.2161
k3_r100_09_lr45  step 40000   auc 0.997576 rep_w 1.0   score  40k=1.2912
k3_r100_09_lr70  step 40000   auc 0.99832  rep_w 1.0   score  40k=1.2192
k3_r100_09_lr56_dec step 100000  auc 0.999031 rep_w 0.0   score  40k=1.2164
k3_r100_09_lr56_dec10k step 55800   auc 0.995579 rep_w 0.0   score  40k=1.1915
k32_r200_08_lr56 step -       auc -        rep_w -     score  -
k32_r100_09_dec_lr56 step -       auc -        rep_w -     score  -
k8_r100_09_lr56  step -       auc -        rep_w -     score  -
lanes 2   trainers 1   heads 0   evals 4
===== 2026-09-11 08:44:35 =====
gpu 0, 4968 MiB, 99 %
gpu 1, 9572 MiB, 79 %
k3_r100_09       step 200000  auc 0.999517 rep_w 1.0   score  40k=1.3495 100k=1.3395 200k=1.3910
k32_r100_09      step 40000   auc 0.773158 rep_w 1.0   score  40k=1.4629
k32_r200_08      step 28500   auc 0.534748 rep_w 1.0   score  - COLLAPSED
k3_r100_09_dec   step 40000   auc 0.997382 rep_w 0.0   score  40k=1.3236
k32_r100_09_dec  step 19100   auc 0.501426 rep_w 0.0   score  - COLLAPSED
k8_r100_09       step 40000   auc 0.730208 rep_w 1.0   score  40k=1.4537
k3_r100_09b      step 40000   auc 0.998191 rep_w 1.0   score  40k=1.2927
k3_r100_09_lr33  step 40000   auc 0.997974 rep_w 1.0   score  40k=1.2483
k3_r100_09_lr17  step 40000   auc 0.998509 rep_w 1.0   score  40k=1.2612
k3_r100_09_lr56  step 200000  auc 0.999432 rep_w 1.0   score  40k=1.1820 100k=1.3170 200k=1.3189
k32_r100_09_lr56 step 40000   auc 0.730161 rep_w 1.0   score  40k=1.4404
k3_r100_09_mean  step 27400   auc 0.535472 rep_w 1.0   score  - COLLAPSED
k3_r100_09b_lr56 step 40000   auc 0.99887  rep_w 1.0   score  40k=1.2469
k32_r100_09_sum  step 40000   auc 0.991624 rep_w 1.0   score  40k=1.2161
k3_r100_09_lr45  step 40000   auc 0.997576 rep_w 1.0   score  40k=1.2912
k3_r100_09_lr70  step 40000   auc 0.99832  rep_w 1.0   score  40k=1.2192
k3_r100_09_lr56_dec step 100000  auc 0.999031 rep_w 0.0   score  40k=1.2164
k3_r100_09_lr56_dec10k step 59900   auc 0.995153 rep_w 0.0   score  40k=1.1915
k32_r200_08_lr56 step -       auc -        rep_w -     score  -
k32_r100_09_dec_lr56 step -       auc -        rep_w -     score  -
k8_r100_09_lr56  step -       auc -        rep_w -     score  -
lanes 2   trainers 1   heads 0   evals 4
===== 2026-09-11 09:01:10 =====
gpu 0, 3966 MiB, 91 %
gpu 1, 9572 MiB, 88 %
k3_r100_09       step 200000  auc 0.999517 rep_w 1.0   score  40k=1.3495 100k=1.3395 200k=1.3910
k32_r100_09      step 40000   auc 0.773158 rep_w 1.0   score  40k=1.4629
k32_r200_08      step 28500   auc 0.534748 rep_w 1.0   score  - COLLAPSED
k3_r100_09_dec   step 40000   auc 0.997382 rep_w 0.0   score  40k=1.3236
k32_r100_09_dec  step 19100   auc 0.501426 rep_w 0.0   score  - COLLAPSED
k8_r100_09       step 40000   auc 0.730208 rep_w 1.0   score  40k=1.4537
k3_r100_09b      step 40000   auc 0.998191 rep_w 1.0   score  40k=1.2927
k3_r100_09_lr33  step 40000   auc 0.997974 rep_w 1.0   score  40k=1.2483
k3_r100_09_lr17  step 40000   auc 0.998509 rep_w 1.0   score  40k=1.2612
k3_r100_09_lr56  step 200000  auc 0.999432 rep_w 1.0   score  40k=1.1820 100k=1.3170 200k=1.3189
k32_r100_09_lr56 step 40000   auc 0.730161 rep_w 1.0   score  40k=1.4404
k3_r100_09_mean  step 27400   auc 0.535472 rep_w 1.0   score  - COLLAPSED
k3_r100_09b_lr56 step 40000   auc 0.99887  rep_w 1.0   score  40k=1.2469
k32_r100_09_sum  step 40000   auc 0.991624 rep_w 1.0   score  40k=1.2161
k3_r100_09_lr45  step 40000   auc 0.997576 rep_w 1.0   score  40k=1.2912
k3_r100_09_lr70  step 40000   auc 0.99832  rep_w 1.0   score  40k=1.2192
k3_r100_09_lr56_dec step 100000  auc 0.999031 rep_w 0.0   score  40k=1.2164
k3_r100_09_lr56_dec10k step 64000   auc 0.99525  rep_w 0.0   score  40k=1.1915
k32_r200_08_lr56 step -       auc -        rep_w -     score  -
k32_r100_09_dec_lr56 step -       auc -        rep_w -     score  -
k8_r100_09_lr56  step -       auc -        rep_w -     score  -
lanes 2   trainers 1   heads 0   evals 4
===== 2026-09-11 09:17:42 =====
gpu 0, 3171 MiB, 92 %
gpu 1, 9572 MiB, 87 %
k3_r100_09       step 200000  auc 0.999517 rep_w 1.0   score  40k=1.3495 100k=1.3395 200k=1.3910
k32_r100_09      step 40000   auc 0.773158 rep_w 1.0   score  40k=1.4629
k32_r200_08      step 28500   auc 0.534748 rep_w 1.0   score  - COLLAPSED
k3_r100_09_dec   step 40000   auc 0.997382 rep_w 0.0   score  40k=1.3236
k32_r100_09_dec  step 19100   auc 0.501426 rep_w 0.0   score  - COLLAPSED
k8_r100_09       step 40000   auc 0.730208 rep_w 1.0   score  40k=1.4537
k3_r100_09b      step 40000   auc 0.998191 rep_w 1.0   score  40k=1.2927
k3_r100_09_lr33  step 40000   auc 0.997974 rep_w 1.0   score  40k=1.2483
k3_r100_09_lr17  step 40000   auc 0.998509 rep_w 1.0   score  40k=1.2612
k3_r100_09_lr56  step 200000  auc 0.999432 rep_w 1.0   score  40k=1.1820 100k=1.3170 200k=1.3189
k32_r100_09_lr56 step 40000   auc 0.730161 rep_w 1.0   score  40k=1.4404
k3_r100_09_mean  step 27400   auc 0.535472 rep_w 1.0   score  - COLLAPSED
k3_r100_09b_lr56 step 40000   auc 0.99887  rep_w 1.0   score  40k=1.2469
k32_r100_09_sum  step 40000   auc 0.991624 rep_w 1.0   score  40k=1.2161
k3_r100_09_lr45  step 40000   auc 0.997576 rep_w 1.0   score  40k=1.2912
k3_r100_09_lr70  step 40000   auc 0.99832  rep_w 1.0   score  40k=1.2192
k3_r100_09_lr56_dec step 100000  auc 0.999031 rep_w 0.0   score  40k=1.2164
k3_r100_09_lr56_dec10k step 69000   auc 0.994675 rep_w 0.0   score  40k=1.1915
k32_r200_08_lr56 step -       auc -        rep_w -     score  -
k32_r100_09_dec_lr56 step -       auc -        rep_w -     score  -
k8_r100_09_lr56  step -       auc -        rep_w -     score  -
lanes 2   trainers 1   heads 0   evals 4
===== 2026-09-11 09:34:13 =====
gpu 0, 3171 MiB, 92 %
gpu 1, 9572 MiB, 82 %
k3_r100_09       step 200000  auc 0.999517 rep_w 1.0   score  40k=1.3495 100k=1.3395 200k=1.3910
k32_r100_09      step 40000   auc 0.773158 rep_w 1.0   score  40k=1.4629
k32_r200_08      step 28500   auc 0.534748 rep_w 1.0   score  - COLLAPSED
k3_r100_09_dec   step 40000   auc 0.997382 rep_w 0.0   score  40k=1.3236
k32_r100_09_dec  step 19100   auc 0.501426 rep_w 0.0   score  - COLLAPSED
k8_r100_09       step 40000   auc 0.730208 rep_w 1.0   score  40k=1.4537
k3_r100_09b      step 40000   auc 0.998191 rep_w 1.0   score  40k=1.2927
k3_r100_09_lr33  step 40000   auc 0.997974 rep_w 1.0   score  40k=1.2483
k3_r100_09_lr17  step 40000   auc 0.998509 rep_w 1.0   score  40k=1.2612
k3_r100_09_lr56  step 200000  auc 0.999432 rep_w 1.0   score  40k=1.1820 100k=1.3170 200k=1.3189
k32_r100_09_lr56 step 40000   auc 0.730161 rep_w 1.0   score  40k=1.4404
k3_r100_09_mean  step 27400   auc 0.535472 rep_w 1.0   score  - COLLAPSED
k3_r100_09b_lr56 step 40000   auc 0.99887  rep_w 1.0   score  40k=1.2469
k32_r100_09_sum  step 40000   auc 0.991624 rep_w 1.0   score  40k=1.2161
k3_r100_09_lr45  step 40000   auc 0.997576 rep_w 1.0   score  40k=1.2912
k3_r100_09_lr70  step 40000   auc 0.99832  rep_w 1.0   score  40k=1.2192
k3_r100_09_lr56_dec step 100000  auc 0.999031 rep_w 0.0   score  40k=1.2164
k3_r100_09_lr56_dec10k step 74100   auc 0.994573 rep_w 0.0   score  40k=1.1915
k32_r200_08_lr56 step -       auc -        rep_w -     score  -
k32_r100_09_dec_lr56 step -       auc -        rep_w -     score  -
k8_r100_09_lr56  step -       auc -        rep_w -     score  -
lanes 2   trainers 1   heads 0   evals 4
===== 2026-09-11 09:50:45 =====
gpu 0, 3171 MiB, 92 %
gpu 1, 9572 MiB, 86 %
k3_r100_09       step 200000  auc 0.999517 rep_w 1.0   score  40k=1.3495 100k=1.3395 200k=1.3910
k32_r100_09      step 40000   auc 0.773158 rep_w 1.0   score  40k=1.4629
k32_r200_08      step 28500   auc 0.534748 rep_w 1.0   score  - COLLAPSED
k3_r100_09_dec   step 40000   auc 0.997382 rep_w 0.0   score  40k=1.3236
k32_r100_09_dec  step 19100   auc 0.501426 rep_w 0.0   score  - COLLAPSED
k8_r100_09       step 40000   auc 0.730208 rep_w 1.0   score  40k=1.4537
k3_r100_09b      step 40000   auc 0.998191 rep_w 1.0   score  40k=1.2927
k3_r100_09_lr33  step 40000   auc 0.997974 rep_w 1.0   score  40k=1.2483
k3_r100_09_lr17  step 40000   auc 0.998509 rep_w 1.0   score  40k=1.2612
k3_r100_09_lr56  step 200000  auc 0.999432 rep_w 1.0   score  40k=1.1820 100k=1.3170 200k=1.3189
k32_r100_09_lr56 step 40000   auc 0.730161 rep_w 1.0   score  40k=1.4404
k3_r100_09_mean  step 27400   auc 0.535472 rep_w 1.0   score  - COLLAPSED
k3_r100_09b_lr56 step 40000   auc 0.99887  rep_w 1.0   score  40k=1.2469
k32_r100_09_sum  step 40000   auc 0.991624 rep_w 1.0   score  40k=1.2161
k3_r100_09_lr45  step 40000   auc 0.997576 rep_w 1.0   score  40k=1.2912
k3_r100_09_lr70  step 40000   auc 0.99832  rep_w 1.0   score  40k=1.2192
k3_r100_09_lr56_dec step 100000  auc 0.999031 rep_w 0.0   score  40k=1.2164
k3_r100_09_lr56_dec10k step 79200   auc 0.993842 rep_w 0.0   score  40k=1.1915
k32_r200_08_lr56 step -       auc -        rep_w -     score  -
k32_r100_09_dec_lr56 step -       auc -        rep_w -     score  -
k8_r100_09_lr56  step -       auc -        rep_w -     score  -
lanes 2   trainers 1   heads 0   evals 4
===== 2026-09-11 10:07:18 =====
gpu 0, 3171 MiB, 90 %
gpu 1, 9572 MiB, 83 %
k3_r100_09       step 200000  auc 0.999517 rep_w 1.0   score  40k=1.3495 100k=1.3395 200k=1.3910
k32_r100_09      step 40000   auc 0.773158 rep_w 1.0   score  40k=1.4629
k32_r200_08      step 28500   auc 0.534748 rep_w 1.0   score  - COLLAPSED
k3_r100_09_dec   step 40000   auc 0.997382 rep_w 0.0   score  40k=1.3236
k32_r100_09_dec  step 19100   auc 0.501426 rep_w 0.0   score  - COLLAPSED
k8_r100_09       step 40000   auc 0.730208 rep_w 1.0   score  40k=1.4537
k3_r100_09b      step 40000   auc 0.998191 rep_w 1.0   score  40k=1.2927
k3_r100_09_lr33  step 40000   auc 0.997974 rep_w 1.0   score  40k=1.2483
k3_r100_09_lr17  step 40000   auc 0.998509 rep_w 1.0   score  40k=1.2612
k3_r100_09_lr56  step 200000  auc 0.999432 rep_w 1.0   score  40k=1.1820 100k=1.3170 200k=1.3189
k32_r100_09_lr56 step 40000   auc 0.730161 rep_w 1.0   score  40k=1.4404
k3_r100_09_mean  step 27400   auc 0.535472 rep_w 1.0   score  - COLLAPSED
k3_r100_09b_lr56 step 40000   auc 0.99887  rep_w 1.0   score  40k=1.2469
k32_r100_09_sum  step 40000   auc 0.991624 rep_w 1.0   score  40k=1.2161
k3_r100_09_lr45  step 40000   auc 0.997576 rep_w 1.0   score  40k=1.2912
k3_r100_09_lr70  step 40000   auc 0.99832  rep_w 1.0   score  40k=1.2192
k3_r100_09_lr56_dec step 100000  auc 0.999031 rep_w 0.0   score  40k=1.2164
k3_r100_09_lr56_dec10k step 84300   auc 0.993992 rep_w 0.0   score  40k=1.1915
k32_r200_08_lr56 step -       auc -        rep_w -     score  -
k32_r100_09_dec_lr56 step -       auc -        rep_w -     score  -
k8_r100_09_lr56  step -       auc -        rep_w -     score  -
lanes 2   trainers 1   heads 0   evals 4
===== 2026-09-11 10:23:51 =====
gpu 0, 3171 MiB, 92 %
gpu 1, 9572 MiB, 86 %
k3_r100_09       step 200000  auc 0.999517 rep_w 1.0   score  40k=1.3495 100k=1.3395 200k=1.3910
k32_r100_09      step 40000   auc 0.773158 rep_w 1.0   score  40k=1.4629
k32_r200_08      step 28500   auc 0.534748 rep_w 1.0   score  - COLLAPSED
k3_r100_09_dec   step 40000   auc 0.997382 rep_w 0.0   score  40k=1.3236
k32_r100_09_dec  step 19100   auc 0.501426 rep_w 0.0   score  - COLLAPSED
k8_r100_09       step 40000   auc 0.730208 rep_w 1.0   score  40k=1.4537
k3_r100_09b      step 40000   auc 0.998191 rep_w 1.0   score  40k=1.2927
k3_r100_09_lr33  step 40000   auc 0.997974 rep_w 1.0   score  40k=1.2483
k3_r100_09_lr17  step 40000   auc 0.998509 rep_w 1.0   score  40k=1.2612
k3_r100_09_lr56  step 200000  auc 0.999432 rep_w 1.0   score  40k=1.1820 100k=1.3170 200k=1.3189
k32_r100_09_lr56 step 40000   auc 0.730161 rep_w 1.0   score  40k=1.4404
k3_r100_09_mean  step 27400   auc 0.535472 rep_w 1.0   score  - COLLAPSED
k3_r100_09b_lr56 step 40000   auc 0.99887  rep_w 1.0   score  40k=1.2469
k32_r100_09_sum  step 40000   auc 0.991624 rep_w 1.0   score  40k=1.2161
k3_r100_09_lr45  step 40000   auc 0.997576 rep_w 1.0   score  40k=1.2912
k3_r100_09_lr70  step 40000   auc 0.99832  rep_w 1.0   score  40k=1.2192
k3_r100_09_lr56_dec step 100000  auc 0.999031 rep_w 0.0   score  40k=1.2164
k3_r100_09_lr56_dec10k step 89300   auc 0.994093 rep_w 0.0   score  40k=1.1915
k32_r200_08_lr56 step -       auc -        rep_w -     score  -
k32_r100_09_dec_lr56 step -       auc -        rep_w -     score  -
k8_r100_09_lr56  step -       auc -        rep_w -     score  -
lanes 2   trainers 1   heads 0   evals 3
===== 2026-09-11 10:40:23 =====
gpu 0, 725 MiB, 98 %
gpu 1, 9572 MiB, 89 %
k3_r100_09       step 200000  auc 0.999517 rep_w 1.0   score  40k=1.3495 100k=1.3395 200k=1.3910
k32_r100_09      step 40000   auc 0.773158 rep_w 1.0   score  40k=1.4629
k32_r200_08      step 28500   auc 0.534748 rep_w 1.0   score  - COLLAPSED
k3_r100_09_dec   step 40000   auc 0.997382 rep_w 0.0   score  40k=1.3236
k32_r100_09_dec  step 19100   auc 0.501426 rep_w 0.0   score  - COLLAPSED
k8_r100_09       step 40000   auc 0.730208 rep_w 1.0   score  40k=1.4537
k3_r100_09b      step 40000   auc 0.998191 rep_w 1.0   score  40k=1.2927
k3_r100_09_lr33  step 40000   auc 0.997974 rep_w 1.0   score  40k=1.2483
k3_r100_09_lr17  step 40000   auc 0.998509 rep_w 1.0   score  40k=1.2612
k3_r100_09_lr56  step 200000  auc 0.999432 rep_w 1.0   score  40k=1.1820 100k=1.3170 200k=1.3189
k32_r100_09_lr56 step 40000   auc 0.730161 rep_w 1.0   score  40k=1.4404
k3_r100_09_mean  step 27400   auc 0.535472 rep_w 1.0   score  - COLLAPSED
k3_r100_09b_lr56 step 40000   auc 0.99887  rep_w 1.0   score  40k=1.2469
k32_r100_09_sum  step 40000   auc 0.991624 rep_w 1.0   score  40k=1.2161
k3_r100_09_lr45  step 40000   auc 0.997576 rep_w 1.0   score  40k=1.2912
k3_r100_09_lr70  step 40000   auc 0.99832  rep_w 1.0   score  40k=1.2192
k3_r100_09_lr56_dec step 100000  auc 0.999031 rep_w 0.0   score  40k=1.2164
k3_r100_09_lr56_dec10k step 93800   auc 0.992879 rep_w 0.0   score  40k=1.1915
k32_r200_08_lr56 step -       auc -        rep_w -     score  -
k32_r100_09_dec_lr56 step -       auc -        rep_w -     score  -
k8_r100_09_lr56  step -       auc -        rep_w -     score  -
lanes 2   trainers 1   heads 0   evals 1
===== 2026-09-11 10:56:50 =====
gpu 0, 725 MiB, 99 %
gpu 1, 9572 MiB, 88 %
k3_r100_09       step 200000  auc 0.999517 rep_w 1.0   score  40k=1.3495 100k=1.3395 200k=1.3910
k32_r100_09      step 40000   auc 0.773158 rep_w 1.0   score  40k=1.4629
k32_r200_08      step 28500   auc 0.534748 rep_w 1.0   score  - COLLAPSED
k3_r100_09_dec   step 40000   auc 0.997382 rep_w 0.0   score  40k=1.3236
k32_r100_09_dec  step 19100   auc 0.501426 rep_w 0.0   score  - COLLAPSED
k8_r100_09       step 40000   auc 0.730208 rep_w 1.0   score  40k=1.4537
k3_r100_09b      step 40000   auc 0.998191 rep_w 1.0   score  40k=1.2927
k3_r100_09_lr33  step 40000   auc 0.997974 rep_w 1.0   score  40k=1.2483
k3_r100_09_lr17  step 40000   auc 0.998509 rep_w 1.0   score  40k=1.2612
k3_r100_09_lr56  step 200000  auc 0.999432 rep_w 1.0   score  40k=1.1820 100k=1.3170 200k=1.3189
k32_r100_09_lr56 step 40000   auc 0.730161 rep_w 1.0   score  40k=1.4404
k3_r100_09_mean  step 27400   auc 0.535472 rep_w 1.0   score  - COLLAPSED
k3_r100_09b_lr56 step 40000   auc 0.99887  rep_w 1.0   score  40k=1.2469
k32_r100_09_sum  step 40000   auc 0.991624 rep_w 1.0   score  40k=1.2161
k3_r100_09_lr45  step 40000   auc 0.997576 rep_w 1.0   score  40k=1.2912
k3_r100_09_lr70  step 40000   auc 0.99832  rep_w 1.0   score  40k=1.2192
k3_r100_09_lr56_dec step 100000  auc 0.999031 rep_w 0.0   score  40k=1.2164 100k=1.3507
k3_r100_09_lr56_dec10k step 97900   auc 0.992288 rep_w 0.0   score  40k=1.1915
k32_r200_08_lr56 step -       auc -        rep_w -     score  -
k32_r100_09_dec_lr56 step -       auc -        rep_w -     score  -
k8_r100_09_lr56  step -       auc -        rep_w -     score  -
lanes 2   trainers 1   heads 0   evals 0
===== 2026-09-11 11:13:16 =====
gpu 0, 7200 MiB, 92 %
gpu 1, 9572 MiB, 90 %
k3_r100_09       step 200000  auc 0.999517 rep_w 1.0   score  40k=1.3495 100k=1.3395 200k=1.3910
k32_r100_09      step 40000   auc 0.773158 rep_w 1.0   score  40k=1.4629
k32_r200_08      step 28500   auc 0.534748 rep_w 1.0   score  - COLLAPSED
k3_r100_09_dec   step 40000   auc 0.997382 rep_w 0.0   score  40k=1.3236
k32_r100_09_dec  step 19100   auc 0.501426 rep_w 0.0   score  - COLLAPSED
k8_r100_09       step 40000   auc 0.730208 rep_w 1.0   score  40k=1.4537
k3_r100_09b      step 40000   auc 0.998191 rep_w 1.0   score  40k=1.2927
k3_r100_09_lr33  step 40000   auc 0.997974 rep_w 1.0   score  40k=1.2483
k3_r100_09_lr17  step 40000   auc 0.998509 rep_w 1.0   score  40k=1.2612
k3_r100_09_lr56  step 200000  auc 0.999432 rep_w 1.0   score  40k=1.1820 100k=1.3170 200k=1.3189
k32_r100_09_lr56 step 40000   auc 0.730161 rep_w 1.0   score  40k=1.4404
k3_r100_09_mean  step 27400   auc 0.535472 rep_w 1.0   score  - COLLAPSED
k3_r100_09b_lr56 step 40000   auc 0.99887  rep_w 1.0   score  40k=1.2469
k32_r100_09_sum  step 40000   auc 0.991624 rep_w 1.0   score  40k=1.2161
k3_r100_09_lr45  step 40000   auc 0.997576 rep_w 1.0   score  40k=1.2912
k3_r100_09_lr70  step 40000   auc 0.99832  rep_w 1.0   score  40k=1.2192
k3_r100_09_lr56_dec step 100000  auc 0.999031 rep_w 0.0   score  40k=1.2164 100k=1.3507
k3_r100_09_lr56_dec10k step 100000  auc 0.992476 rep_w 0.0   score  40k=1.1915
k32_r200_08_lr56 step -       auc -        rep_w -     score  -
k32_r100_09_dec_lr56 step -       auc -        rep_w -     score  -
k8_r100_09_lr56  step -       auc -        rep_w -     score  -
lanes 2   trainers 0   heads 0   evals 0
===== 2026-09-11 11:29:42 =====
gpu 0, 7200 MiB, 93 %
gpu 1, 9572 MiB, 87 %
k3_r100_09       step 200000  auc 0.999517 rep_w 1.0   score  40k=1.3495 100k=1.3395 200k=1.3910
k32_r100_09      step 40000   auc 0.773158 rep_w 1.0   score  40k=1.4629
k32_r200_08      step 28500   auc 0.534748 rep_w 1.0   score  - COLLAPSED
k3_r100_09_dec   step 40000   auc 0.997382 rep_w 0.0   score  40k=1.3236
k32_r100_09_dec  step 19100   auc 0.501426 rep_w 0.0   score  - COLLAPSED
k8_r100_09       step 40000   auc 0.730208 rep_w 1.0   score  40k=1.4537
k3_r100_09b      step 40000   auc 0.998191 rep_w 1.0   score  40k=1.2927
k3_r100_09_lr33  step 40000   auc 0.997974 rep_w 1.0   score  40k=1.2483
k3_r100_09_lr17  step 40000   auc 0.998509 rep_w 1.0   score  40k=1.2612
k3_r100_09_lr56  step 200000  auc 0.999432 rep_w 1.0   score  40k=1.1820 100k=1.3170 200k=1.3189
k32_r100_09_lr56 step 40000   auc 0.730161 rep_w 1.0   score  40k=1.4404
k3_r100_09_mean  step 27400   auc 0.535472 rep_w 1.0   score  - COLLAPSED
k3_r100_09b_lr56 step 40000   auc 0.99887  rep_w 1.0   score  40k=1.2469
k32_r100_09_sum  step 40000   auc 0.991624 rep_w 1.0   score  40k=1.2161
k3_r100_09_lr45  step 40000   auc 0.997576 rep_w 1.0   score  40k=1.2912
k3_r100_09_lr70  step 40000   auc 0.99832  rep_w 1.0   score  40k=1.2192
k3_r100_09_lr56_dec step 100000  auc 0.999031 rep_w 0.0   score  40k=1.2164 100k=1.3507
k3_r100_09_lr56_dec10k step 100000  auc 0.992476 rep_w 0.0   score  40k=1.1915
k32_r200_08_lr56 step -       auc -        rep_w -     score  -
k32_r100_09_dec_lr56 step -       auc -        rep_w -     score  -
k8_r100_09_lr56  step -       auc -        rep_w -     score  -
lanes 2   trainers 0   heads 0   evals 0
===== 2026-09-11 11:46:06 =====
gpu 0, 7200 MiB, 93 %
gpu 1, 9572 MiB, 0 %
k3_r100_09       step 200000  auc 0.999517 rep_w 1.0   score  40k=1.3495 100k=1.3395 200k=1.3910
k32_r100_09      step 40000   auc 0.773158 rep_w 1.0   score  40k=1.4629
k32_r200_08      step 28500   auc 0.534748 rep_w 1.0   score  - COLLAPSED
k3_r100_09_dec   step 40000   auc 0.997382 rep_w 0.0   score  40k=1.3236
k32_r100_09_dec  step 19100   auc 0.501426 rep_w 0.0   score  - COLLAPSED
k8_r100_09       step 40000   auc 0.730208 rep_w 1.0   score  40k=1.4537
k3_r100_09b      step 40000   auc 0.998191 rep_w 1.0   score  40k=1.2927
k3_r100_09_lr33  step 40000   auc 0.997974 rep_w 1.0   score  40k=1.2483
k3_r100_09_lr17  step 40000   auc 0.998509 rep_w 1.0   score  40k=1.2612
k3_r100_09_lr56  step 200000  auc 0.999432 rep_w 1.0   score  40k=1.1820 100k=1.3170 200k=1.3189
k32_r100_09_lr56 step 40000   auc 0.730161 rep_w 1.0   score  40k=1.4404
k3_r100_09_mean  step 27400   auc 0.535472 rep_w 1.0   score  - COLLAPSED
k3_r100_09b_lr56 step 40000   auc 0.99887  rep_w 1.0   score  40k=1.2469
k32_r100_09_sum  step 40000   auc 0.991624 rep_w 1.0   score  40k=1.2161
k3_r100_09_lr45  step 40000   auc 0.997576 rep_w 1.0   score  40k=1.2912
k3_r100_09_lr70  step 40000   auc 0.99832  rep_w 1.0   score  40k=1.2192
k3_r100_09_lr56_dec step 100000  auc 0.999031 rep_w 0.0   score  40k=1.2164 100k=1.3507
k3_r100_09_lr56_dec10k step 100000  auc 0.992476 rep_w 0.0   score  40k=1.1915
k32_r200_08_lr56 step -       auc -        rep_w -     score  -
k32_r100_09_dec_lr56 step -       auc -        rep_w -     score  -
k8_r100_09_lr56  step -       auc -        rep_w -     score  -
lanes 2   trainers 0   heads 0   evals 0
===== 2026-09-11 12:02:31 =====
gpu 0, 7200 MiB, 93 %
gpu 1, 9572 MiB, 89 %
k3_r100_09       step 200000  auc 0.999517 rep_w 1.0   score  40k=1.3495 100k=1.3395 200k=1.3910
k32_r100_09      step 40000   auc 0.773158 rep_w 1.0   score  40k=1.4629
k32_r200_08      step 28500   auc 0.534748 rep_w 1.0   score  - COLLAPSED
k3_r100_09_dec   step 40000   auc 0.997382 rep_w 0.0   score  40k=1.3236
k32_r100_09_dec  step 19100   auc 0.501426 rep_w 0.0   score  - COLLAPSED
k8_r100_09       step 40000   auc 0.730208 rep_w 1.0   score  40k=1.4537
k3_r100_09b      step 40000   auc 0.998191 rep_w 1.0   score  40k=1.2927
k3_r100_09_lr33  step 40000   auc 0.997974 rep_w 1.0   score  40k=1.2483
k3_r100_09_lr17  step 40000   auc 0.998509 rep_w 1.0   score  40k=1.2612
k3_r100_09_lr56  step 200000  auc 0.999432 rep_w 1.0   score  40k=1.1820 100k=1.3170 200k=1.3189
k32_r100_09_lr56 step 40000   auc 0.730161 rep_w 1.0   score  40k=1.4404
k3_r100_09_mean  step 27400   auc 0.535472 rep_w 1.0   score  - COLLAPSED
k3_r100_09b_lr56 step 40000   auc 0.99887  rep_w 1.0   score  40k=1.2469
k32_r100_09_sum  step 40000   auc 0.991624 rep_w 1.0   score  40k=1.2161
k3_r100_09_lr45  step 40000   auc 0.997576 rep_w 1.0   score  40k=1.2912
k3_r100_09_lr70  step 40000   auc 0.99832  rep_w 1.0   score  40k=1.2192
k3_r100_09_lr56_dec step 100000  auc 0.999031 rep_w 0.0   score  40k=1.2164 100k=1.3507
k3_r100_09_lr56_dec10k step 100000  auc 0.992476 rep_w 0.0   score  40k=1.1915
k32_r200_08_lr56 step -       auc -        rep_w -     score  -
k32_r100_09_dec_lr56 step -       auc -        rep_w -     score  -
k8_r100_09_lr56  step -       auc -        rep_w -     score  -
lanes 2   trainers 0   heads 0   evals 0
===== 2026-09-11 12:18:57 =====
gpu 0, 7200 MiB, 93 %
gpu 1, 9572 MiB, 89 %
k3_r100_09       step 200000  auc 0.999517 rep_w 1.0   score  40k=1.3495 100k=1.3395 200k=1.3910
k32_r100_09      step 40000   auc 0.773158 rep_w 1.0   score  40k=1.4629
k32_r200_08      step 28500   auc 0.534748 rep_w 1.0   score  - COLLAPSED
k3_r100_09_dec   step 40000   auc 0.997382 rep_w 0.0   score  40k=1.3236
k32_r100_09_dec  step 19100   auc 0.501426 rep_w 0.0   score  - COLLAPSED
k8_r100_09       step 40000   auc 0.730208 rep_w 1.0   score  40k=1.4537
k3_r100_09b      step 40000   auc 0.998191 rep_w 1.0   score  40k=1.2927
k3_r100_09_lr33  step 40000   auc 0.997974 rep_w 1.0   score  40k=1.2483
k3_r100_09_lr17  step 40000   auc 0.998509 rep_w 1.0   score  40k=1.2612
k3_r100_09_lr56  step 200000  auc 0.999432 rep_w 1.0   score  40k=1.1820 100k=1.3170 200k=1.3189
k32_r100_09_lr56 step 40000   auc 0.730161 rep_w 1.0   score  40k=1.4404
k3_r100_09_mean  step 27400   auc 0.535472 rep_w 1.0   score  - COLLAPSED
k3_r100_09b_lr56 step 40000   auc 0.99887  rep_w 1.0   score  40k=1.2469
k32_r100_09_sum  step 40000   auc 0.991624 rep_w 1.0   score  40k=1.2161
k3_r100_09_lr45  step 40000   auc 0.997576 rep_w 1.0   score  40k=1.2912
k3_r100_09_lr70  step 40000   auc 0.99832  rep_w 1.0   score  40k=1.2192
k3_r100_09_lr56_dec step 100000  auc 0.999031 rep_w 0.0   score  40k=1.2164 100k=1.3507
k3_r100_09_lr56_dec10k step 100000  auc 0.992476 rep_w 0.0   score  40k=1.1915
k32_r200_08_lr56 step -       auc -        rep_w -     score  -
k32_r100_09_dec_lr56 step -       auc -        rep_w -     score  -
k8_r100_09_lr56  step -       auc -        rep_w -     score  -
lanes 2   trainers 0   heads 0   evals 0
===== 2026-09-11 12:35:23 =====
gpu 0, 7200 MiB, 92 %
gpu 1, 3720 MiB, 97 %
k3_r100_09       step 200000  auc 0.999517 rep_w 1.0   score  40k=1.3495 100k=1.3395 200k=1.3910
k32_r100_09      step 40000   auc 0.773158 rep_w 1.0   score  40k=1.4629
k32_r200_08      step 28500   auc 0.534748 rep_w 1.0   score  - COLLAPSED
k3_r100_09_dec   step 40000   auc 0.997382 rep_w 0.0   score  40k=1.3236
k32_r100_09_dec  step 19100   auc 0.501426 rep_w 0.0   score  - COLLAPSED
k8_r100_09       step 40000   auc 0.730208 rep_w 1.0   score  40k=1.4537
k3_r100_09b      step 40000   auc 0.998191 rep_w 1.0   score  40k=1.2927
k3_r100_09_lr33  step 40000   auc 0.997974 rep_w 1.0   score  40k=1.2483
k3_r100_09_lr17  step 40000   auc 0.998509 rep_w 1.0   score  40k=1.2612
k3_r100_09_lr56  step 200000  auc 0.999432 rep_w 1.0   score  40k=1.1820 100k=1.3170 200k=1.3189
k32_r100_09_lr56 step 40000   auc 0.730161 rep_w 1.0   score  40k=1.4404
k3_r100_09_mean  step 27400   auc 0.535472 rep_w 1.0   score  - COLLAPSED
k3_r100_09b_lr56 step 40000   auc 0.99887  rep_w 1.0   score  40k=1.2469
k32_r100_09_sum  step 40000   auc 0.991624 rep_w 1.0   score  40k=1.2161
k3_r100_09_lr45  step 40000   auc 0.997576 rep_w 1.0   score  40k=1.2912
k3_r100_09_lr70  step 40000   auc 0.99832  rep_w 1.0   score  40k=1.2192
k3_r100_09_lr56_dec step 100000  auc 0.999031 rep_w 0.0   score  40k=1.2164 100k=1.3507
k3_r100_09_lr56_dec10k step 100000  auc 0.992476 rep_w 0.0   score  40k=1.1915
k32_r200_08_lr56 step -       auc -        rep_w -     score  -
k32_r100_09_dec_lr56 step -       auc -        rep_w -     score  -
k8_r100_09_lr56  step 200     auc 0.986995 rep_w 1.0   score  -
lanes 3   trainers 1   heads 0   evals 0
===== 2026-09-11 12:51:49 =====
gpu 0, 357 MiB, 99 %
gpu 1, 15444 MiB, 97 %
k3_r100_09       step 200000  auc 0.999517 rep_w 1.0   score  40k=1.3495 100k=1.3395 200k=1.3910
k32_r100_09      step 40000   auc 0.773158 rep_w 1.0   score  40k=1.4629
k32_r200_08      step 28500   auc 0.534748 rep_w 1.0   score  - COLLAPSED
k3_r100_09_dec   step 40000   auc 0.997382 rep_w 0.0   score  40k=1.3236
k32_r100_09_dec  step 19100   auc 0.501426 rep_w 0.0   score  - COLLAPSED
k8_r100_09       step 40000   auc 0.730208 rep_w 1.0   score  40k=1.4537
k3_r100_09b      step 40000   auc 0.998191 rep_w 1.0   score  40k=1.2927
k3_r100_09_lr33  step 40000   auc 0.997974 rep_w 1.0   score  40k=1.2483
k3_r100_09_lr17  step 40000   auc 0.998509 rep_w 1.0   score  40k=1.2612
k3_r100_09_lr56  step 200000  auc 0.999432 rep_w 1.0   score  40k=1.1820 100k=1.3170 200k=1.3189
k32_r100_09_lr56 step 40000   auc 0.730161 rep_w 1.0   score  40k=1.4404
k3_r100_09_mean  step 27400   auc 0.535472 rep_w 1.0   score  - COLLAPSED
k3_r100_09b_lr56 step 40000   auc 0.99887  rep_w 1.0   score  40k=1.2469
k32_r100_09_sum  step 40000   auc 0.991624 rep_w 1.0   score  40k=1.2161
k3_r100_09_lr45  step 40000   auc 0.997576 rep_w 1.0   score  40k=1.2912
k3_r100_09_lr70  step 40000   auc 0.99832  rep_w 1.0   score  40k=1.2192
k3_r100_09_lr56_dec step 102300  auc 0.999048 rep_w 0.0   score  40k=1.2164 100k=1.3507
k3_r100_09_lr56_dec10k step 100000  auc 0.992476 rep_w 0.0   score  40k=1.1915
k32_r200_08_lr56 step -       auc -        rep_w -     score  -
k32_r100_09_dec_lr56 step -       auc -        rep_w -     score  -
k8_r100_09_lr56  step 3000    auc 0.99771  rep_w 1.0   score  -
lanes 3   trainers 2   heads 1   evals 0
===== 2026-09-11 13:08:19 =====
gpu 0, 349 MiB, 100 %
gpu 1, 15444 MiB, 97 %
k3_r100_09       step 200000  auc 0.999517 rep_w 1.0   score  40k=1.3495 100k=1.3395 200k=1.3910
k32_r100_09      step 40000   auc 0.773158 rep_w 1.0   score  40k=1.4629
k32_r200_08      step 28500   auc 0.534748 rep_w 1.0   score  - COLLAPSED
k3_r100_09_dec   step 40000   auc 0.997382 rep_w 0.0   score  40k=1.3236
k32_r100_09_dec  step 19100   auc 0.501426 rep_w 0.0   score  - COLLAPSED
k8_r100_09       step 40000   auc 0.730208 rep_w 1.0   score  40k=1.4537
k3_r100_09b      step 40000   auc 0.998191 rep_w 1.0   score  40k=1.2927
k3_r100_09_lr33  step 40000   auc 0.997974 rep_w 1.0   score  40k=1.2483
k3_r100_09_lr17  step 40000   auc 0.998509 rep_w 1.0   score  40k=1.2612
k3_r100_09_lr56  step 200000  auc 0.999432 rep_w 1.0   score  40k=1.1820 100k=1.3170 200k=1.3189
k32_r100_09_lr56 step 40000   auc 0.730161 rep_w 1.0   score  40k=1.4404
k3_r100_09_mean  step 27400   auc 0.535472 rep_w 1.0   score  - COLLAPSED
k3_r100_09b_lr56 step 40000   auc 0.99887  rep_w 1.0   score  40k=1.2469
k32_r100_09_sum  step 40000   auc 0.991624 rep_w 1.0   score  40k=1.2161
k3_r100_09_lr45  step 40000   auc 0.997576 rep_w 1.0   score  40k=1.2912
k3_r100_09_lr70  step 40000   auc 0.99832  rep_w 1.0   score  40k=1.2192
k3_r100_09_lr56_dec step 105100  auc 0.999083 rep_w 0.0   score  40k=1.2164 100k=1.3507
k3_r100_09_lr56_dec10k step 100000  auc 0.992476 rep_w 0.0   score  40k=1.1915
k32_r200_08_lr56 step -       auc -        rep_w -     score  -
k32_r100_09_dec_lr56 step -       auc -        rep_w -     score  -
k8_r100_09_lr56  step 5800    auc 0.997857 rep_w 1.0   score  -
lanes 3   trainers 2   heads 1   evals 0
===== 2026-09-11 13:24:50 =====
gpu 0, 357 MiB, 100 %
gpu 1, 15444 MiB, 96 %
k3_r100_09       step 200000  auc 0.999517 rep_w 1.0   score  40k=1.3495 100k=1.3395 200k=1.3910
k32_r100_09      step 40000   auc 0.773158 rep_w 1.0   score  40k=1.4629
k32_r200_08      step 28500   auc 0.534748 rep_w 1.0   score  - COLLAPSED
k3_r100_09_dec   step 40000   auc 0.997382 rep_w 0.0   score  40k=1.3236
k32_r100_09_dec  step 19100   auc 0.501426 rep_w 0.0   score  - COLLAPSED
k8_r100_09       step 40000   auc 0.730208 rep_w 1.0   score  40k=1.4537
k3_r100_09b      step 40000   auc 0.998191 rep_w 1.0   score  40k=1.2927
k3_r100_09_lr33  step 40000   auc 0.997974 rep_w 1.0   score  40k=1.2483
k3_r100_09_lr17  step 40000   auc 0.998509 rep_w 1.0   score  40k=1.2612
k3_r100_09_lr56  step 200000  auc 0.999432 rep_w 1.0   score  40k=1.1820 100k=1.3170 200k=1.3189
k32_r100_09_lr56 step 40000   auc 0.730161 rep_w 1.0   score  40k=1.4404
k3_r100_09_mean  step 27400   auc 0.535472 rep_w 1.0   score  - COLLAPSED
k3_r100_09b_lr56 step 40000   auc 0.99887  rep_w 1.0   score  40k=1.2469
k32_r100_09_sum  step 40000   auc 0.991624 rep_w 1.0   score  40k=1.2161
k3_r100_09_lr45  step 40000   auc 0.997576 rep_w 1.0   score  40k=1.2912
k3_r100_09_lr70  step 40000   auc 0.99832  rep_w 1.0   score  40k=1.2192
k3_r100_09_lr56_dec step 108000  auc 0.999052 rep_w 0.0   score  40k=1.2164 100k=1.3507
k3_r100_09_lr56_dec10k step 100000  auc 0.992476 rep_w 0.0   score  40k=1.1915
k32_r200_08_lr56 step -       auc -        rep_w -     score  -
k32_r100_09_dec_lr56 step -       auc -        rep_w -     score  -
k8_r100_09_lr56  step 8600    auc 0.998653 rep_w 1.0   score  -
lanes 3   trainers 2   heads 1   evals 0
===== 2026-09-11 13:41:21 =====
gpu 0, 377 MiB, 100 %
gpu 1, 15444 MiB, 98 %
k3_r100_09       step 200000  auc 0.999517 rep_w 1.0   score  40k=1.3495 100k=1.3395 200k=1.3910
k32_r100_09      step 40000   auc 0.773158 rep_w 1.0   score  40k=1.4629
k32_r200_08      step 28500   auc 0.534748 rep_w 1.0   score  - COLLAPSED
k3_r100_09_dec   step 40000   auc 0.997382 rep_w 0.0   score  40k=1.3236
k32_r100_09_dec  step 19100   auc 0.501426 rep_w 0.0   score  - COLLAPSED
k8_r100_09       step 40000   auc 0.730208 rep_w 1.0   score  40k=1.4537
k3_r100_09b      step 40000   auc 0.998191 rep_w 1.0   score  40k=1.2927
k3_r100_09_lr33  step 40000   auc 0.997974 rep_w 1.0   score  40k=1.2483
k3_r100_09_lr17  step 40000   auc 0.998509 rep_w 1.0   score  40k=1.2612
k3_r100_09_lr56  step 200000  auc 0.999432 rep_w 1.0   score  40k=1.1820 100k=1.3170 200k=1.3189
k32_r100_09_lr56 step 40000   auc 0.730161 rep_w 1.0   score  40k=1.4404
k3_r100_09_mean  step 27400   auc 0.535472 rep_w 1.0   score  - COLLAPSED
k3_r100_09b_lr56 step 40000   auc 0.99887  rep_w 1.0   score  40k=1.2469
k32_r100_09_sum  step 40000   auc 0.991624 rep_w 1.0   score  40k=1.2161
k3_r100_09_lr45  step 40000   auc 0.997576 rep_w 1.0   score  40k=1.2912
k3_r100_09_lr70  step 40000   auc 0.99832  rep_w 1.0   score  40k=1.2192
k3_r100_09_lr56_dec step 110900  auc 0.999044 rep_w 0.0   score  40k=1.2164 100k=1.3507
k3_r100_09_lr56_dec10k step 100000  auc 0.992476 rep_w 0.0   score  40k=1.1915
k32_r200_08_lr56 step -       auc -        rep_w -     score  -
k32_r100_09_dec_lr56 step -       auc -        rep_w -     score  -
k8_r100_09_lr56  step 11400   auc 0.998479 rep_w 1.0   score  -
lanes 3   trainers 2   heads 1   evals 0
===== 2026-09-11 13:57:52 =====
gpu 0, 371 MiB, 100 %
gpu 1, 15444 MiB, 98 %
k3_r100_09       step 200000  auc 0.999517 rep_w 1.0   score  40k=1.3495 100k=1.3395 200k=1.3910
k32_r100_09      step 40000   auc 0.773158 rep_w 1.0   score  40k=1.4629
k32_r200_08      step 28500   auc 0.534748 rep_w 1.0   score  - COLLAPSED
k3_r100_09_dec   step 40000   auc 0.997382 rep_w 0.0   score  40k=1.3236
k32_r100_09_dec  step 19100   auc 0.501426 rep_w 0.0   score  - COLLAPSED
k8_r100_09       step 40000   auc 0.730208 rep_w 1.0   score  40k=1.4537
k3_r100_09b      step 40000   auc 0.998191 rep_w 1.0   score  40k=1.2927
k3_r100_09_lr33  step 40000   auc 0.997974 rep_w 1.0   score  40k=1.2483
k3_r100_09_lr17  step 40000   auc 0.998509 rep_w 1.0   score  40k=1.2612
k3_r100_09_lr56  step 200000  auc 0.999432 rep_w 1.0   score  40k=1.1820 100k=1.3170 200k=1.3189
k32_r100_09_lr56 step 40000   auc 0.730161 rep_w 1.0   score  40k=1.4404
k3_r100_09_mean  step 27400   auc 0.535472 rep_w 1.0   score  - COLLAPSED
k3_r100_09b_lr56 step 40000   auc 0.99887  rep_w 1.0   score  40k=1.2469
k32_r100_09_sum  step 40000   auc 0.991624 rep_w 1.0   score  40k=1.2161
k3_r100_09_lr45  step 40000   auc 0.997576 rep_w 1.0   score  40k=1.2912
k3_r100_09_lr70  step 40000   auc 0.99832  rep_w 1.0   score  40k=1.2192
k3_r100_09_lr56_dec step 113800  auc 0.999036 rep_w 0.0   score  40k=1.2164 100k=1.3507
k3_r100_09_lr56_dec10k step 100000  auc 0.992476 rep_w 0.0   score  40k=1.1915
k32_r200_08_lr56 step -       auc -        rep_w -     score  -
k32_r100_09_dec_lr56 step -       auc -        rep_w -     score  -
k8_r100_09_lr56  step 14100   auc 0.99871  rep_w 1.0   score  -
lanes 3   trainers 2   heads 1   evals 0
===== 2026-09-11 14:14:23 =====
gpu 0, 357 MiB, 100 %
gpu 1, 15444 MiB, 97 %
k3_r100_09       step 200000  auc 0.999517 rep_w 1.0   score  40k=1.3495 100k=1.3395 200k=1.3910
k32_r100_09      step 40000   auc 0.773158 rep_w 1.0   score  40k=1.4629
k32_r200_08      step 28500   auc 0.534748 rep_w 1.0   score  - COLLAPSED
k3_r100_09_dec   step 40000   auc 0.997382 rep_w 0.0   score  40k=1.3236
k32_r100_09_dec  step 19100   auc 0.501426 rep_w 0.0   score  - COLLAPSED
k8_r100_09       step 40000   auc 0.730208 rep_w 1.0   score  40k=1.4537
k3_r100_09b      step 40000   auc 0.998191 rep_w 1.0   score  40k=1.2927
k3_r100_09_lr33  step 40000   auc 0.997974 rep_w 1.0   score  40k=1.2483
k3_r100_09_lr17  step 40000   auc 0.998509 rep_w 1.0   score  40k=1.2612
k3_r100_09_lr56  step 200000  auc 0.999432 rep_w 1.0   score  40k=1.1820 100k=1.3170 200k=1.3189
k32_r100_09_lr56 step 40000   auc 0.730161 rep_w 1.0   score  40k=1.4404
k3_r100_09_mean  step 27400   auc 0.535472 rep_w 1.0   score  - COLLAPSED
k3_r100_09b_lr56 step 40000   auc 0.99887  rep_w 1.0   score  40k=1.2469
k32_r100_09_sum  step 40000   auc 0.991624 rep_w 1.0   score  40k=1.2161
k3_r100_09_lr45  step 40000   auc 0.997576 rep_w 1.0   score  40k=1.2912
k3_r100_09_lr70  step 40000   auc 0.99832  rep_w 1.0   score  40k=1.2192
k3_r100_09_lr56_dec step 116700  auc 0.999022 rep_w 0.0   score  40k=1.2164 100k=1.3507
k3_r100_09_lr56_dec10k step 100000  auc 0.992476 rep_w 0.0   score  40k=1.1915
k32_r200_08_lr56 step -       auc -        rep_w -     score  -
k32_r100_09_dec_lr56 step -       auc -        rep_w -     score  -
k8_r100_09_lr56  step 16900   auc 0.998556 rep_w 1.0   score  -
lanes 3   trainers 2   heads 1   evals 0
===== 2026-09-11 14:30:54 =====
gpu 0, 4951 MiB, 99 %
gpu 1, 15444 MiB, 91 %
k3_r100_09       step 200000  auc 0.999517 rep_w 1.0   score  40k=1.3495 100k=1.3395 200k=1.3910
k32_r100_09      step 40000   auc 0.773158 rep_w 1.0   score  40k=1.4629
k32_r200_08      step 28500   auc 0.534748 rep_w 1.0   score  - COLLAPSED
k3_r100_09_dec   step 40000   auc 0.997382 rep_w 0.0   score  40k=1.3236
k32_r100_09_dec  step 19100   auc 0.501426 rep_w 0.0   score  - COLLAPSED
k8_r100_09       step 40000   auc 0.730208 rep_w 1.0   score  40k=1.4537
k3_r100_09b      step 40000   auc 0.998191 rep_w 1.0   score  40k=1.2927
k3_r100_09_lr33  step 40000   auc 0.997974 rep_w 1.0   score  40k=1.2483
k3_r100_09_lr17  step 40000   auc 0.998509 rep_w 1.0   score  40k=1.2612
k3_r100_09_lr56  step 200000  auc 0.999432 rep_w 1.0   score  40k=1.1820 100k=1.3170 200k=1.3189
k32_r100_09_lr56 step 40000   auc 0.730161 rep_w 1.0   score  40k=1.4404
k3_r100_09_mean  step 27400   auc 0.535472 rep_w 1.0   score  - COLLAPSED
k3_r100_09b_lr56 step 40000   auc 0.99887  rep_w 1.0   score  40k=1.2469
k32_r100_09_sum  step 40000   auc 0.991624 rep_w 1.0   score  40k=1.2161
k3_r100_09_lr45  step 40000   auc 0.997576 rep_w 1.0   score  40k=1.2912
k3_r100_09_lr70  step 40000   auc 0.99832  rep_w 1.0   score  40k=1.2192
k3_r100_09_lr56_dec step 119500  auc 0.998886 rep_w 0.0   score  40k=1.2164 100k=1.3507
k3_r100_09_lr56_dec10k step 100000  auc 0.992476 rep_w 0.0   score  40k=1.1915
k32_r200_08_lr56 step -       auc -        rep_w -     score  -
k32_r100_09_dec_lr56 step -       auc -        rep_w -     score  -
k8_r100_09_lr56  step 19700   auc 0.99847  rep_w 1.0   score  -
lanes 3   trainers 2   heads 1   evals 0
===== 2026-09-11 14:47:25 =====
gpu 0, 7884 MiB, 95 %
gpu 1, 13728 MiB, 95 %
k3_r100_09       step 200000  auc 0.999517 rep_w 1.0   score  40k=1.3495 100k=1.3395 200k=1.3910
k32_r100_09      step 40000   auc 0.773158 rep_w 1.0   score  40k=1.4629
k32_r200_08      step 28500   auc 0.534748 rep_w 1.0   score  - COLLAPSED
k3_r100_09_dec   step 40000   auc 0.997382 rep_w 0.0   score  40k=1.3236
k32_r100_09_dec  step 19100   auc 0.501426 rep_w 0.0   score  - COLLAPSED
k8_r100_09       step 40000   auc 0.730208 rep_w 1.0   score  40k=1.4537
k3_r100_09b      step 40000   auc 0.998191 rep_w 1.0   score  40k=1.2927
k3_r100_09_lr33  step 40000   auc 0.997974 rep_w 1.0   score  40k=1.2483
k3_r100_09_lr17  step 40000   auc 0.998509 rep_w 1.0   score  40k=1.2612
k3_r100_09_lr56  step 200000  auc 0.999432 rep_w 1.0   score  40k=1.1820 100k=1.3170 200k=1.3189
k32_r100_09_lr56 step 40000   auc 0.730161 rep_w 1.0   score  40k=1.4404
k3_r100_09_mean  step 27400   auc 0.535472 rep_w 1.0   score  - COLLAPSED
k3_r100_09b_lr56 step 40000   auc 0.99887  rep_w 1.0   score  40k=1.2469
k32_r100_09_sum  step 40000   auc 0.991624 rep_w 1.0   score  40k=1.2161
k3_r100_09_lr45  step 40000   auc 0.997576 rep_w 1.0   score  40k=1.2912
k3_r100_09_lr70  step 40000   auc 0.99832  rep_w 1.0   score  40k=1.2192
k3_r100_09_lr56_dec step 120000  auc 0.998935 rep_w 0.0   score  40k=1.2164 100k=1.3507
k3_r100_09_lr56_dec10k step 100000  auc 0.992476 rep_w 0.0   score  40k=1.1915
k32_r200_08_lr56 step -       auc -        rep_w -     score  -
k32_r100_09_dec_lr56 step -       auc -        rep_w -     score  -
k8_r100_09_lr56  step 22400   auc 0.998373 rep_w 1.0   score  -
lanes 3   trainers 1   heads 0   evals 4
===== 2026-09-11 15:04:01 =====
gpu 0, 7884 MiB, 95 %
gpu 1, 13728 MiB, 97 %
k3_r100_09       step 200000  auc 0.999517 rep_w 1.0   score  40k=1.3495 100k=1.3395 200k=1.3910
k32_r100_09      step 40000   auc 0.773158 rep_w 1.0   score  40k=1.4629
k32_r200_08      step 28500   auc 0.534748 rep_w 1.0   score  - COLLAPSED
k3_r100_09_dec   step 40000   auc 0.997382 rep_w 0.0   score  40k=1.3236
k32_r100_09_dec  step 19100   auc 0.501426 rep_w 0.0   score  - COLLAPSED
k8_r100_09       step 40000   auc 0.730208 rep_w 1.0   score  40k=1.4537
k3_r100_09b      step 40000   auc 0.998191 rep_w 1.0   score  40k=1.2927
k3_r100_09_lr33  step 40000   auc 0.997974 rep_w 1.0   score  40k=1.2483
k3_r100_09_lr17  step 40000   auc 0.998509 rep_w 1.0   score  40k=1.2612
k3_r100_09_lr56  step 200000  auc 0.999432 rep_w 1.0   score  40k=1.1820 100k=1.3170 200k=1.3189
k32_r100_09_lr56 step 40000   auc 0.730161 rep_w 1.0   score  40k=1.4404
k3_r100_09_mean  step 27400   auc 0.535472 rep_w 1.0   score  - COLLAPSED
k3_r100_09b_lr56 step 40000   auc 0.99887  rep_w 1.0   score  40k=1.2469
k32_r100_09_sum  step 40000   auc 0.991624 rep_w 1.0   score  40k=1.2161
k3_r100_09_lr45  step 40000   auc 0.997576 rep_w 1.0   score  40k=1.2912
k3_r100_09_lr70  step 40000   auc 0.99832  rep_w 1.0   score  40k=1.2192
k3_r100_09_lr56_dec step 120000  auc 0.998935 rep_w 0.0   score  40k=1.2164 100k=1.3507
k3_r100_09_lr56_dec10k step 100000  auc 0.992476 rep_w 0.0   score  40k=1.1915
k32_r200_08_lr56 step -       auc -        rep_w -     score  -
k32_r100_09_dec_lr56 step -       auc -        rep_w -     score  -
k8_r100_09_lr56  step 24900   auc 0.99782  rep_w 1.0   score  -
lanes 3   trainers 1   heads 0   evals 4
===== 2026-09-11 15:20:36 =====
gpu 0, 7884 MiB, 96 %
gpu 1, 13728 MiB, 96 %
k3_r100_09       step 200000  auc 0.999517 rep_w 1.0   score  40k=1.3495 100k=1.3395 200k=1.3910
k32_r100_09      step 40000   auc 0.773158 rep_w 1.0   score  40k=1.4629
k32_r200_08      step 28500   auc 0.534748 rep_w 1.0   score  - COLLAPSED
k3_r100_09_dec   step 40000   auc 0.997382 rep_w 0.0   score  40k=1.3236
k32_r100_09_dec  step 19100   auc 0.501426 rep_w 0.0   score  - COLLAPSED
k8_r100_09       step 40000   auc 0.730208 rep_w 1.0   score  40k=1.4537
k3_r100_09b      step 40000   auc 0.998191 rep_w 1.0   score  40k=1.2927
k3_r100_09_lr33  step 40000   auc 0.997974 rep_w 1.0   score  40k=1.2483
k3_r100_09_lr17  step 40000   auc 0.998509 rep_w 1.0   score  40k=1.2612
k3_r100_09_lr56  step 200000  auc 0.999432 rep_w 1.0   score  40k=1.1820 100k=1.3170 200k=1.3189
k32_r100_09_lr56 step 40000   auc 0.730161 rep_w 1.0   score  40k=1.4404
k3_r100_09_mean  step 27400   auc 0.535472 rep_w 1.0   score  - COLLAPSED
k3_r100_09b_lr56 step 40000   auc 0.99887  rep_w 1.0   score  40k=1.2469
k32_r100_09_sum  step 40000   auc 0.991624 rep_w 1.0   score  40k=1.2161
k3_r100_09_lr45  step 40000   auc 0.997576 rep_w 1.0   score  40k=1.2912
k3_r100_09_lr70  step 40000   auc 0.99832  rep_w 1.0   score  40k=1.2192
k3_r100_09_lr56_dec step 120000  auc 0.998935 rep_w 0.0   score  40k=1.2164 100k=1.3507
k3_r100_09_lr56_dec10k step 100000  auc 0.992476 rep_w 0.0   score  40k=1.1915
k32_r200_08_lr56 step -       auc -        rep_w -     score  -
k32_r100_09_dec_lr56 step -       auc -        rep_w -     score  -
k8_r100_09_lr56  step 27500   auc 0.998037 rep_w 1.0   score  -
lanes 3   trainers 1   heads 0   evals 4
===== 2026-09-11 15:37:13 =====
gpu 0, 7884 MiB, 96 %
gpu 1, 13728 MiB, 97 %
k3_r100_09       step 200000  auc 0.999517 rep_w 1.0   score  40k=1.3495 100k=1.3395 200k=1.3910
k32_r100_09      step 40000   auc 0.773158 rep_w 1.0   score  40k=1.4629
k32_r200_08      step 28500   auc 0.534748 rep_w 1.0   score  - COLLAPSED
k3_r100_09_dec   step 40000   auc 0.997382 rep_w 0.0   score  40k=1.3236
k32_r100_09_dec  step 19100   auc 0.501426 rep_w 0.0   score  - COLLAPSED
k8_r100_09       step 40000   auc 0.730208 rep_w 1.0   score  40k=1.4537
k3_r100_09b      step 40000   auc 0.998191 rep_w 1.0   score  40k=1.2927
k3_r100_09_lr33  step 40000   auc 0.997974 rep_w 1.0   score  40k=1.2483
k3_r100_09_lr17  step 40000   auc 0.998509 rep_w 1.0   score  40k=1.2612
k3_r100_09_lr56  step 200000  auc 0.999432 rep_w 1.0   score  40k=1.1820 100k=1.3170 200k=1.3189
k32_r100_09_lr56 step 40000   auc 0.730161 rep_w 1.0   score  40k=1.4404
k3_r100_09_mean  step 27400   auc 0.535472 rep_w 1.0   score  - COLLAPSED
k3_r100_09b_lr56 step 40000   auc 0.99887  rep_w 1.0   score  40k=1.2469
k32_r100_09_sum  step 40000   auc 0.991624 rep_w 1.0   score  40k=1.2161
k3_r100_09_lr45  step 40000   auc 0.997576 rep_w 1.0   score  40k=1.2912
k3_r100_09_lr70  step 40000   auc 0.99832  rep_w 1.0   score  40k=1.2192
k3_r100_09_lr56_dec step 120000  auc 0.998935 rep_w 0.0   score  40k=1.2164 100k=1.3507
k3_r100_09_lr56_dec10k step 100000  auc 0.992476 rep_w 0.0   score  40k=1.1915
k32_r200_08_lr56 step -       auc -        rep_w -     score  -
k32_r100_09_dec_lr56 step -       auc -        rep_w -     score  -
k8_r100_09_lr56  step 30100   auc 0.998296 rep_w 1.0   score  -
lanes 3   trainers 1   heads 0   evals 4
===== 2026-09-11 15:53:49 =====
gpu 0, 7884 MiB, 96 %
gpu 1, 13728 MiB, 96 %
k3_r100_09       step 200000  auc 0.999517 rep_w 1.0   score  40k=1.3495 100k=1.3395 200k=1.3910
k32_r100_09      step 40000   auc 0.773158 rep_w 1.0   score  40k=1.4629
k32_r200_08      step 28500   auc 0.534748 rep_w 1.0   score  - COLLAPSED
k3_r100_09_dec   step 40000   auc 0.997382 rep_w 0.0   score  40k=1.3236
k32_r100_09_dec  step 19100   auc 0.501426 rep_w 0.0   score  - COLLAPSED
k8_r100_09       step 40000   auc 0.730208 rep_w 1.0   score  40k=1.4537
k3_r100_09b      step 40000   auc 0.998191 rep_w 1.0   score  40k=1.2927
k3_r100_09_lr33  step 40000   auc 0.997974 rep_w 1.0   score  40k=1.2483
k3_r100_09_lr17  step 40000   auc 0.998509 rep_w 1.0   score  40k=1.2612
k3_r100_09_lr56  step 200000  auc 0.999432 rep_w 1.0   score  40k=1.1820 100k=1.3170 200k=1.3189
k32_r100_09_lr56 step 40000   auc 0.730161 rep_w 1.0   score  40k=1.4404
k3_r100_09_mean  step 27400   auc 0.535472 rep_w 1.0   score  - COLLAPSED
k3_r100_09b_lr56 step 40000   auc 0.99887  rep_w 1.0   score  40k=1.2469
k32_r100_09_sum  step 40000   auc 0.991624 rep_w 1.0   score  40k=1.2161
k3_r100_09_lr45  step 40000   auc 0.997576 rep_w 1.0   score  40k=1.2912
k3_r100_09_lr70  step 40000   auc 0.99832  rep_w 1.0   score  40k=1.2192
k3_r100_09_lr56_dec step 120000  auc 0.998935 rep_w 0.0   score  40k=1.2164 100k=1.3507
k3_r100_09_lr56_dec10k step 100000  auc 0.992476 rep_w 0.0   score  40k=1.1915
k32_r200_08_lr56 step -       auc -        rep_w -     score  -
k32_r100_09_dec_lr56 step -       auc -        rep_w -     score  -
k8_r100_09_lr56  step 32700   auc 0.997629 rep_w 1.0   score  -
lanes 3   trainers 1   heads 0   evals 4
===== 2026-09-11 16:10:24 =====
gpu 0, 7884 MiB, 73 %
gpu 1, 13728 MiB, 96 %
k3_r100_09       step 200000  auc 0.999517 rep_w 1.0   score  40k=1.3495 100k=1.3395 200k=1.3910
k32_r100_09      step 40000   auc 0.773158 rep_w 1.0   score  40k=1.4629
k32_r200_08      step 28500   auc 0.534748 rep_w 1.0   score  - COLLAPSED
k3_r100_09_dec   step 40000   auc 0.997382 rep_w 0.0   score  40k=1.3236
k32_r100_09_dec  step 19100   auc 0.501426 rep_w 0.0   score  - COLLAPSED
k8_r100_09       step 40000   auc 0.730208 rep_w 1.0   score  40k=1.4537
k3_r100_09b      step 40000   auc 0.998191 rep_w 1.0   score  40k=1.2927
k3_r100_09_lr33  step 40000   auc 0.997974 rep_w 1.0   score  40k=1.2483
k3_r100_09_lr17  step 40000   auc 0.998509 rep_w 1.0   score  40k=1.2612
k3_r100_09_lr56  step 200000  auc 0.999432 rep_w 1.0   score  40k=1.1820 100k=1.3170 200k=1.3189
k32_r100_09_lr56 step 40000   auc 0.730161 rep_w 1.0   score  40k=1.4404
k3_r100_09_mean  step 27400   auc 0.535472 rep_w 1.0   score  - COLLAPSED
k3_r100_09b_lr56 step 40000   auc 0.99887  rep_w 1.0   score  40k=1.2469
k32_r100_09_sum  step 40000   auc 0.991624 rep_w 1.0   score  40k=1.2161
k3_r100_09_lr45  step 40000   auc 0.997576 rep_w 1.0   score  40k=1.2912
k3_r100_09_lr70  step 40000   auc 0.99832  rep_w 1.0   score  40k=1.2192
k3_r100_09_lr56_dec step 120000  auc 0.998935 rep_w 0.0   score  40k=1.2164 100k=1.3507
k3_r100_09_lr56_dec10k step 100000  auc 0.992476 rep_w 0.0   score  40k=1.1915
k32_r200_08_lr56 step -       auc -        rep_w -     score  -
k32_r100_09_dec_lr56 step -       auc -        rep_w -     score  -
k8_r100_09_lr56  step 35200   auc 0.997942 rep_w 1.0   score  -
lanes 3   trainers 1   heads 0   evals 4
===== 2026-09-11 16:27:02 =====
gpu 0, 7884 MiB, 96 %
gpu 1, 13728 MiB, 95 %
k3_r100_09       step 200000  auc 0.999517 rep_w 1.0   score  40k=1.3495 100k=1.3395 200k=1.3910
k32_r100_09      step 40000   auc 0.773158 rep_w 1.0   score  40k=1.4629
k32_r200_08      step 28500   auc 0.534748 rep_w 1.0   score  - COLLAPSED
k3_r100_09_dec   step 40000   auc 0.997382 rep_w 0.0   score  40k=1.3236
k32_r100_09_dec  step 19100   auc 0.501426 rep_w 0.0   score  - COLLAPSED
k8_r100_09       step 40000   auc 0.730208 rep_w 1.0   score  40k=1.4537
k3_r100_09b      step 40000   auc 0.998191 rep_w 1.0   score  40k=1.2927
k3_r100_09_lr33  step 40000   auc 0.997974 rep_w 1.0   score  40k=1.2483
k3_r100_09_lr17  step 40000   auc 0.998509 rep_w 1.0   score  40k=1.2612
k3_r100_09_lr56  step 200000  auc 0.999432 rep_w 1.0   score  40k=1.1820 100k=1.3170 200k=1.3189
k32_r100_09_lr56 step 40000   auc 0.730161 rep_w 1.0   score  40k=1.4404
k3_r100_09_mean  step 27400   auc 0.535472 rep_w 1.0   score  - COLLAPSED
k3_r100_09b_lr56 step 40000   auc 0.99887  rep_w 1.0   score  40k=1.2469
k32_r100_09_sum  step 40000   auc 0.991624 rep_w 1.0   score  40k=1.2161
k3_r100_09_lr45  step 40000   auc 0.997576 rep_w 1.0   score  40k=1.2912
k3_r100_09_lr70  step 40000   auc 0.99832  rep_w 1.0   score  40k=1.2192
k3_r100_09_lr56_dec step 120000  auc 0.998935 rep_w 0.0   score  40k=1.2164 100k=1.3507
k3_r100_09_lr56_dec10k step 100000  auc 0.992476 rep_w 0.0   score  40k=1.1915
k32_r200_08_lr56 step -       auc -        rep_w -     score  -
k32_r100_09_dec_lr56 step -       auc -        rep_w -     score  -
k8_r100_09_lr56  step 37700   auc 0.998359 rep_w 1.0   score  -
lanes 3   trainers 1   heads 0   evals 4
===== 2026-09-11 16:43:40 =====
gpu 0, 7884 MiB, 95 %
gpu 1, 14616 MiB, 96 %
k3_r100_09       step 200000  auc 0.999517 rep_w 1.0   score  40k=1.3495 100k=1.3395 200k=1.3910
k32_r100_09      step 40000   auc 0.773158 rep_w 1.0   score  40k=1.4629
k32_r200_08      step 28500   auc 0.534748 rep_w 1.0   score  - COLLAPSED
k3_r100_09_dec   step 40000   auc 0.997382 rep_w 0.0   score  40k=1.3236
k32_r100_09_dec  step 19100   auc 0.501426 rep_w 0.0   score  - COLLAPSED
k8_r100_09       step 40000   auc 0.730208 rep_w 1.0   score  40k=1.4537
k3_r100_09b      step 40000   auc 0.998191 rep_w 1.0   score  40k=1.2927
k3_r100_09_lr33  step 40000   auc 0.997974 rep_w 1.0   score  40k=1.2483
k3_r100_09_lr17  step 40000   auc 0.998509 rep_w 1.0   score  40k=1.2612
k3_r100_09_lr56  step 200000  auc 0.999432 rep_w 1.0   score  40k=1.1820 100k=1.3170 200k=1.3189
k32_r100_09_lr56 step 40000   auc 0.730161 rep_w 1.0   score  40k=1.4404
k3_r100_09_mean  step 27400   auc 0.535472 rep_w 1.0   score  - COLLAPSED
k3_r100_09b_lr56 step 40000   auc 0.99887  rep_w 1.0   score  40k=1.2469
k32_r100_09_sum  step 40000   auc 0.991624 rep_w 1.0   score  40k=1.2161
k3_r100_09_lr45  step 40000   auc 0.997576 rep_w 1.0   score  40k=1.2912
k3_r100_09_lr70  step 40000   auc 0.99832  rep_w 1.0   score  40k=1.2192
k3_r100_09_lr56_dec step 120000  auc 0.998935 rep_w 0.0   score  40k=1.2164 100k=1.3507
k3_r100_09_lr56_dec10k step 100000  auc 0.992476 rep_w 0.0   score  40k=1.1915
k32_r200_08_lr56 step -       auc -        rep_w -     score  -
k32_r100_09_dec_lr56 step -       auc -        rep_w -     score  -
k8_r100_09_lr56  step 40000   auc 0.997913 rep_w 1.0   score  -
lanes 3   trainers 0   heads 1   evals 4
===== 2026-09-11 17:00:17 =====
gpu 0, 7884 MiB, 93 %
gpu 1, 14616 MiB, 99 %
k3_r100_09       step 200000  auc 0.999517 rep_w 1.0   score  40k=1.3495 100k=1.3395 200k=1.3910
k32_r100_09      step 40000   auc 0.773158 rep_w 1.0   score  40k=1.4629
k32_r200_08      step 28500   auc 0.534748 rep_w 1.0   score  - COLLAPSED
k3_r100_09_dec   step 40000   auc 0.997382 rep_w 0.0   score  40k=1.3236
k32_r100_09_dec  step 19100   auc 0.501426 rep_w 0.0   score  - COLLAPSED
k8_r100_09       step 40000   auc 0.730208 rep_w 1.0   score  40k=1.4537
k3_r100_09b      step 40000   auc 0.998191 rep_w 1.0   score  40k=1.2927
k3_r100_09_lr33  step 40000   auc 0.997974 rep_w 1.0   score  40k=1.2483
k3_r100_09_lr17  step 40000   auc 0.998509 rep_w 1.0   score  40k=1.2612
k3_r100_09_lr56  step 200000  auc 0.999432 rep_w 1.0   score  40k=1.1820 100k=1.3170 200k=1.3189
k32_r100_09_lr56 step 40000   auc 0.730161 rep_w 1.0   score  40k=1.4404
k3_r100_09_mean  step 27400   auc 0.535472 rep_w 1.0   score  - COLLAPSED
k3_r100_09b_lr56 step 40000   auc 0.99887  rep_w 1.0   score  40k=1.2469
k32_r100_09_sum  step 40000   auc 0.991624 rep_w 1.0   score  40k=1.2161
k3_r100_09_lr45  step 40000   auc 0.997576 rep_w 1.0   score  40k=1.2912
k3_r100_09_lr70  step 40000   auc 0.99832  rep_w 1.0   score  40k=1.2192
k3_r100_09_lr56_dec step 120000  auc 0.998935 rep_w 0.0   score  40k=1.2164 100k=1.3507
k3_r100_09_lr56_dec10k step 100000  auc 0.992476 rep_w 0.0   score  40k=1.1915
k32_r200_08_lr56 step -       auc -        rep_w -     score  -
k32_r100_09_dec_lr56 step -       auc -        rep_w -     score  -
k8_r100_09_lr56  step 40000   auc 0.997913 rep_w 1.0   score  -
lanes 3   trainers 0   heads 1   evals 4
===== 2026-09-11 17:16:56 =====
gpu 0, 7884 MiB, 96 %
gpu 1, 14616 MiB, 85 %
k3_r100_09       step 200000  auc 0.999517 rep_w 1.0   score  40k=1.3495 100k=1.3395 200k=1.3910
k32_r100_09      step 40000   auc 0.773158 rep_w 1.0   score  40k=1.4629
k32_r200_08      step 28500   auc 0.534748 rep_w 1.0   score  - COLLAPSED
k3_r100_09_dec   step 40000   auc 0.997382 rep_w 0.0   score  40k=1.3236
k32_r100_09_dec  step 19100   auc 0.501426 rep_w 0.0   score  - COLLAPSED
k8_r100_09       step 40000   auc 0.730208 rep_w 1.0   score  40k=1.4537
k3_r100_09b      step 40000   auc 0.998191 rep_w 1.0   score  40k=1.2927
k3_r100_09_lr33  step 40000   auc 0.997974 rep_w 1.0   score  40k=1.2483
k3_r100_09_lr17  step 40000   auc 0.998509 rep_w 1.0   score  40k=1.2612
k3_r100_09_lr56  step 200000  auc 0.999432 rep_w 1.0   score  40k=1.1820 100k=1.3170 200k=1.3189
k32_r100_09_lr56 step 40000   auc 0.730161 rep_w 1.0   score  40k=1.4404
k3_r100_09_mean  step 27400   auc 0.535472 rep_w 1.0   score  - COLLAPSED
k3_r100_09b_lr56 step 40000   auc 0.99887  rep_w 1.0   score  40k=1.2469
k32_r100_09_sum  step 40000   auc 0.991624 rep_w 1.0   score  40k=1.2161
k3_r100_09_lr45  step 40000   auc 0.997576 rep_w 1.0   score  40k=1.2912
k3_r100_09_lr70  step 40000   auc 0.99832  rep_w 1.0   score  40k=1.2192
k3_r100_09_lr56_dec step 120000  auc 0.998935 rep_w 0.0   score  40k=1.2164 100k=1.3507
k3_r100_09_lr56_dec10k step 100000  auc 0.992476 rep_w 0.0   score  40k=1.1915
k32_r200_08_lr56 step -       auc -        rep_w -     score  -
k32_r100_09_dec_lr56 step -       auc -        rep_w -     score  -
k8_r100_09_lr56  step 40000   auc 0.997913 rep_w 1.0   score  -
lanes 3   trainers 0   heads 1   evals 4
===== 2026-09-11 17:33:33 =====
gpu 0, 14220 MiB, 62 %
gpu 1, 14616 MiB, 88 %
k3_r100_09       step 200000  auc 0.999517 rep_w 1.0   score  40k=1.3495 100k=1.3395 200k=1.3910
k32_r100_09      step 40000   auc 0.773158 rep_w 1.0   score  40k=1.4629
k32_r200_08      step 28500   auc 0.534748 rep_w 1.0   score  - COLLAPSED
k3_r100_09_dec   step 40000   auc 0.997382 rep_w 0.0   score  40k=1.3236
k32_r100_09_dec  step 19100   auc 0.501426 rep_w 0.0   score  - COLLAPSED
k8_r100_09       step 40000   auc 0.730208 rep_w 1.0   score  40k=1.4537
k3_r100_09b      step 40000   auc 0.998191 rep_w 1.0   score  40k=1.2927
k3_r100_09_lr33  step 40000   auc 0.997974 rep_w 1.0   score  40k=1.2483
k3_r100_09_lr17  step 40000   auc 0.998509 rep_w 1.0   score  40k=1.2612
k3_r100_09_lr56  step 200000  auc 0.999432 rep_w 1.0   score  40k=1.1820 100k=1.3170 200k=1.3189
k32_r100_09_lr56 step 40000   auc 0.730161 rep_w 1.0   score  40k=1.4404
k3_r100_09_mean  step 27400   auc 0.535472 rep_w 1.0   score  - COLLAPSED
k3_r100_09b_lr56 step 40000   auc 0.99887  rep_w 1.0   score  40k=1.2469
k32_r100_09_sum  step 40000   auc 0.991624 rep_w 1.0   score  40k=1.2161
k3_r100_09_lr45  step 40000   auc 0.997576 rep_w 1.0   score  40k=1.2912
k3_r100_09_lr70  step 40000   auc 0.99832  rep_w 1.0   score  40k=1.2192
k3_r100_09_lr56_dec step 123300  auc 0.998942 rep_w 0.0   score  40k=1.2164 100k=1.3507
k3_r100_09_lr56_dec10k step 100000  auc 0.992476 rep_w 0.0   score  40k=1.1915
k32_r200_08_lr56 step -       auc -        rep_w -     score  -
k32_r100_09_dec_lr56 step -       auc -        rep_w -     score  -
k8_r100_09_lr56  step 40000   auc 0.997913 rep_w 1.0   score  -
lanes 3   trainers 1   heads 1   evals 4
===== 2026-09-11 17:50:08 =====
gpu 0, 14220 MiB, 98 %
gpu 1, 14616 MiB, 27 %
k3_r100_09       step 200000  auc 0.999517 rep_w 1.0   score  40k=1.3495 100k=1.3395 200k=1.3910
k32_r100_09      step 40000   auc 0.773158 rep_w 1.0   score  40k=1.4629
k32_r200_08      step 28500   auc 0.534748 rep_w 1.0   score  - COLLAPSED
k3_r100_09_dec   step 40000   auc 0.997382 rep_w 0.0   score  40k=1.3236
k32_r100_09_dec  step 19100   auc 0.501426 rep_w 0.0   score  - COLLAPSED
k8_r100_09       step 40000   auc 0.730208 rep_w 1.0   score  40k=1.4537
k3_r100_09b      step 40000   auc 0.998191 rep_w 1.0   score  40k=1.2927
k3_r100_09_lr33  step 40000   auc 0.997974 rep_w 1.0   score  40k=1.2483
k3_r100_09_lr17  step 40000   auc 0.998509 rep_w 1.0   score  40k=1.2612
k3_r100_09_lr56  step 200000  auc 0.999432 rep_w 1.0   score  40k=1.1820 100k=1.3170 200k=1.3189
k32_r100_09_lr56 step 40000   auc 0.730161 rep_w 1.0   score  40k=1.4404
k3_r100_09_mean  step 27400   auc 0.535472 rep_w 1.0   score  - COLLAPSED
k3_r100_09b_lr56 step 40000   auc 0.99887  rep_w 1.0   score  40k=1.2469
k32_r100_09_sum  step 40000   auc 0.991624 rep_w 1.0   score  40k=1.2161
k3_r100_09_lr45  step 40000   auc 0.997576 rep_w 1.0   score  40k=1.2912
k3_r100_09_lr70  step 40000   auc 0.99832  rep_w 1.0   score  40k=1.2192
k3_r100_09_lr56_dec step 122600  auc 0.998975 rep_w 0.0   score  40k=1.2164 100k=1.3507
k3_r100_09_lr56_dec10k step 100000  auc 0.992476 rep_w 0.0   score  40k=1.1915
k32_r200_08_lr56 step -       auc -        rep_w -     score  -
k32_r100_09_dec_lr56 step -       auc -        rep_w -     score  -
k8_r100_09_lr56  step 40000   auc 0.997913 rep_w 1.0   score  -
lanes 3   trainers 1   heads 1   evals 3
===== 2026-09-11 18:06:42 =====
gpu 0, 14220 MiB, 97 %
gpu 1, 14616 MiB, 94 %
k3_r100_09       step 200000  auc 0.999517 rep_w 1.0   score  40k=1.3495 100k=1.3395 200k=1.3910
k32_r100_09      step 40000   auc 0.773158 rep_w 1.0   score  40k=1.4629
k32_r200_08      step 28500   auc 0.534748 rep_w 1.0   score  - COLLAPSED
k3_r100_09_dec   step 40000   auc 0.997382 rep_w 0.0   score  40k=1.3236
k32_r100_09_dec  step 19100   auc 0.501426 rep_w 0.0   score  - COLLAPSED
k8_r100_09       step 40000   auc 0.730208 rep_w 1.0   score  40k=1.4537
k3_r100_09b      step 40000   auc 0.998191 rep_w 1.0   score  40k=1.2927
k3_r100_09_lr33  step 40000   auc 0.997974 rep_w 1.0   score  40k=1.2483
k3_r100_09_lr17  step 40000   auc 0.998509 rep_w 1.0   score  40k=1.2612
k3_r100_09_lr56  step 200000  auc 0.999432 rep_w 1.0   score  40k=1.1820 100k=1.3170 200k=1.3189
k32_r100_09_lr56 step 40000   auc 0.730161 rep_w 1.0   score  40k=1.4404
k3_r100_09_mean  step 27400   auc 0.535472 rep_w 1.0   score  - COLLAPSED
k3_r100_09b_lr56 step 40000   auc 0.99887  rep_w 1.0   score  40k=1.2469
k32_r100_09_sum  step 40000   auc 0.991624 rep_w 1.0   score  40k=1.2161
k3_r100_09_lr45  step 40000   auc 0.997576 rep_w 1.0   score  40k=1.2912
k3_r100_09_lr70  step 40000   auc 0.99832  rep_w 1.0   score  40k=1.2192
k3_r100_09_lr56_dec step 126700  auc 0.998946 rep_w 0.0   score  40k=1.2164 100k=1.3507
k3_r100_09_lr56_dec10k step 100000  auc 0.992476 rep_w 0.0   score  40k=1.1915
k32_r200_08_lr56 step -       auc -        rep_w -     score  -
k32_r100_09_dec_lr56 step -       auc -        rep_w -     score  -
k8_r100_09_lr56  step 40000   auc 0.997913 rep_w 1.0   score  -
lanes 3   trainers 1   heads 1   evals 1
===== 2026-09-11 18:23:14 =====
gpu 0, 14220 MiB, 97 %
gpu 1, 14486 MiB, 94 %
k3_r100_09       step 200000  auc 0.999517 rep_w 1.0   score  40k=1.3495 100k=1.3395 200k=1.3910
k32_r100_09      step 40000   auc 0.773158 rep_w 1.0   score  40k=1.4629
k32_r200_08      step 28500   auc 0.534748 rep_w 1.0   score  - COLLAPSED
k3_r100_09_dec   step 40000   auc 0.997382 rep_w 0.0   score  40k=1.3236
k32_r100_09_dec  step 19100   auc 0.501426 rep_w 0.0   score  - COLLAPSED
k8_r100_09       step 40000   auc 0.730208 rep_w 1.0   score  40k=1.4537
k3_r100_09b      step 40000   auc 0.998191 rep_w 1.0   score  40k=1.2927
k3_r100_09_lr33  step 40000   auc 0.997974 rep_w 1.0   score  40k=1.2483
k3_r100_09_lr17  step 40000   auc 0.998509 rep_w 1.0   score  40k=1.2612
k3_r100_09_lr56  step 200000  auc 0.999432 rep_w 1.0   score  40k=1.1820 100k=1.3170 200k=1.3189
k32_r100_09_lr56 step 40000   auc 0.730161 rep_w 1.0   score  40k=1.4404
k3_r100_09_mean  step 27400   auc 0.535472 rep_w 1.0   score  - COLLAPSED
k3_r100_09b_lr56 step 40000   auc 0.99887  rep_w 1.0   score  40k=1.2469
k32_r100_09_sum  step 40000   auc 0.991624 rep_w 1.0   score  40k=1.2161
k3_r100_09_lr45  step 40000   auc 0.997576 rep_w 1.0   score  40k=1.2912
k3_r100_09_lr70  step 40000   auc 0.99832  rep_w 1.0   score  40k=1.2192
k3_r100_09_lr56_dec step 130800  auc 0.99896  rep_w 0.0   score  40k=1.2164 100k=1.3507
k3_r100_09_lr56_dec10k step 100000  auc 0.992476 rep_w 0.0   score  40k=1.1915 100k=1.2151
k32_r200_08_lr56 step 700     auc 0.945556 rep_w 1.0   score  -
k32_r100_09_dec_lr56 step -       auc -        rep_w -     score  -
k8_r100_09_lr56  step 40000   auc 0.997913 rep_w 1.0   score  -
lanes 2   trainers 2   heads 0   evals 4
===== 2026-09-11 18:39:50 =====
gpu 0, 14220 MiB, 97 %
gpu 1, 14486 MiB, 43 %
k3_r100_09       step 200000  auc 0.999517 rep_w 1.0   score  40k=1.3495 100k=1.3395 200k=1.3910
k32_r100_09      step 40000   auc 0.773158 rep_w 1.0   score  40k=1.4629
k32_r200_08      step 28500   auc 0.534748 rep_w 1.0   score  - COLLAPSED
k3_r100_09_dec   step 40000   auc 0.997382 rep_w 0.0   score  40k=1.3236
k32_r100_09_dec  step 19100   auc 0.501426 rep_w 0.0   score  - COLLAPSED
k8_r100_09       step 40000   auc 0.730208 rep_w 1.0   score  40k=1.4537
k3_r100_09b      step 40000   auc 0.998191 rep_w 1.0   score  40k=1.2927
k3_r100_09_lr33  step 40000   auc 0.997974 rep_w 1.0   score  40k=1.2483
k3_r100_09_lr17  step 40000   auc 0.998509 rep_w 1.0   score  40k=1.2612
k3_r100_09_lr56  step 200000  auc 0.999432 rep_w 1.0   score  40k=1.1820 100k=1.3170 200k=1.3189
k32_r100_09_lr56 step 40000   auc 0.730161 rep_w 1.0   score  40k=1.4404
k3_r100_09_mean  step 27400   auc 0.535472 rep_w 1.0   score  - COLLAPSED
k3_r100_09b_lr56 step 40000   auc 0.99887  rep_w 1.0   score  40k=1.2469
k32_r100_09_sum  step 40000   auc 0.991624 rep_w 1.0   score  40k=1.2161
k3_r100_09_lr45  step 40000   auc 0.997576 rep_w 1.0   score  40k=1.2912
k3_r100_09_lr70  step 40000   auc 0.99832  rep_w 1.0   score  40k=1.2192
k3_r100_09_lr56_dec step 134900  auc 0.998905 rep_w 0.0   score  40k=1.2164 100k=1.3507
k3_r100_09_lr56_dec10k step 100000  auc 0.992476 rep_w 0.0   score  40k=1.1915 100k=1.2151
k32_r200_08_lr56 step 2100    auc 0.967035 rep_w 1.0   score  -
k32_r100_09_dec_lr56 step -       auc -        rep_w -     score  -
k8_r100_09_lr56  step 40000   auc 0.997913 rep_w 1.0   score  -
lanes 2   trainers 2   heads 0   evals 4
===== 2026-09-11 18:56:26 =====
gpu 0, 14220 MiB, 97 %
gpu 1, 14486 MiB, 94 %
k3_r100_09       step 200000  auc 0.999517 rep_w 1.0   score  40k=1.3495 100k=1.3395 200k=1.3910
k32_r100_09      step 40000   auc 0.773158 rep_w 1.0   score  40k=1.4629
k32_r200_08      step 28500   auc 0.534748 rep_w 1.0   score  - COLLAPSED
k3_r100_09_dec   step 40000   auc 0.997382 rep_w 0.0   score  40k=1.3236
k32_r100_09_dec  step 19100   auc 0.501426 rep_w 0.0   score  - COLLAPSED
k8_r100_09       step 40000   auc 0.730208 rep_w 1.0   score  40k=1.4537
k3_r100_09b      step 40000   auc 0.998191 rep_w 1.0   score  40k=1.2927
k3_r100_09_lr33  step 40000   auc 0.997974 rep_w 1.0   score  40k=1.2483
k3_r100_09_lr17  step 40000   auc 0.998509 rep_w 1.0   score  40k=1.2612
k3_r100_09_lr56  step 200000  auc 0.999432 rep_w 1.0   score  40k=1.1820 100k=1.3170 200k=1.3189
k32_r100_09_lr56 step 40000   auc 0.730161 rep_w 1.0   score  40k=1.4404
k3_r100_09_mean  step 27400   auc 0.535472 rep_w 1.0   score  - COLLAPSED
k3_r100_09b_lr56 step 40000   auc 0.99887  rep_w 1.0   score  40k=1.2469
k32_r100_09_sum  step 40000   auc 0.991624 rep_w 1.0   score  40k=1.2161
k3_r100_09_lr45  step 40000   auc 0.997576 rep_w 1.0   score  40k=1.2912
k3_r100_09_lr70  step 40000   auc 0.99832  rep_w 1.0   score  40k=1.2192
k3_r100_09_lr56_dec step 138900  auc 0.998822 rep_w 0.0   score  40k=1.2164 100k=1.3507
k3_r100_09_lr56_dec10k step 100000  auc 0.992476 rep_w 0.0   score  40k=1.1915 100k=1.2151
k32_r200_08_lr56 step 3500    auc 0.960148 rep_w 1.0   score  -
k32_r100_09_dec_lr56 step -       auc -        rep_w -     score  -
k8_r100_09_lr56  step 40000   auc 0.997913 rep_w 1.0   score  -
lanes 2   trainers 2   heads 0   evals 4
===== 2026-09-11 19:13:02 =====
gpu 0, 13244 MiB, 97 %
gpu 1, 14486 MiB, 97 %
k3_r100_09       step 200000  auc 0.999517 rep_w 1.0   score  40k=1.3495 100k=1.3395 200k=1.3910
k32_r100_09      step 40000   auc 0.773158 rep_w 1.0   score  40k=1.4629
k32_r200_08      step 28500   auc 0.534748 rep_w 1.0   score  - COLLAPSED
k3_r100_09_dec   step 40000   auc 0.997382 rep_w 0.0   score  40k=1.3236
k32_r100_09_dec  step 19100   auc 0.501426 rep_w 0.0   score  - COLLAPSED
k8_r100_09       step 40000   auc 0.730208 rep_w 1.0   score  40k=1.4537
k3_r100_09b      step 40000   auc 0.998191 rep_w 1.0   score  40k=1.2927
k3_r100_09_lr33  step 40000   auc 0.997974 rep_w 1.0   score  40k=1.2483
k3_r100_09_lr17  step 40000   auc 0.998509 rep_w 1.0   score  40k=1.2612
k3_r100_09_lr56  step 200000  auc 0.999432 rep_w 1.0   score  40k=1.1820 100k=1.3170 200k=1.3189
k32_r100_09_lr56 step 40000   auc 0.730161 rep_w 1.0   score  40k=1.4404
k3_r100_09_mean  step 27400   auc 0.535472 rep_w 1.0   score  - COLLAPSED
k3_r100_09b_lr56 step 40000   auc 0.99887  rep_w 1.0   score  40k=1.2469
k32_r100_09_sum  step 40000   auc 0.991624 rep_w 1.0   score  40k=1.2161
k3_r100_09_lr45  step 40000   auc 0.997576 rep_w 1.0   score  40k=1.2912
k3_r100_09_lr70  step 40000   auc 0.99832  rep_w 1.0   score  40k=1.2192
k3_r100_09_lr56_dec step 143000  auc 0.998767 rep_w 0.0   score  40k=1.2164 100k=1.3507
k3_r100_09_lr56_dec10k step 100000  auc 0.992476 rep_w 0.0   score  40k=1.1915 100k=1.2151
k32_r200_08_lr56 step 4900    auc 0.95864  rep_w 1.0   score  -
k32_r100_09_dec_lr56 step -       auc -        rep_w -     score  -
k8_r100_09_lr56  step 40000   auc 0.997913 rep_w 1.0   score  -
lanes 2   trainers 2   heads 0   evals 4
===== 2026-09-11 19:29:41 =====
gpu 0, 13244 MiB, 96 %
gpu 1, 14486 MiB, 88 %
k3_r100_09       step 200000  auc 0.999517 rep_w 1.0   score  40k=1.3495 100k=1.3395 200k=1.3910
k32_r100_09      step 40000   auc 0.773158 rep_w 1.0   score  40k=1.4629
k32_r200_08      step 28500   auc 0.534748 rep_w 1.0   score  - COLLAPSED
k3_r100_09_dec   step 40000   auc 0.997382 rep_w 0.0   score  40k=1.3236
k32_r100_09_dec  step 19100   auc 0.501426 rep_w 0.0   score  - COLLAPSED
k8_r100_09       step 40000   auc 0.730208 rep_w 1.0   score  40k=1.4537
k3_r100_09b      step 40000   auc 0.998191 rep_w 1.0   score  40k=1.2927
k3_r100_09_lr33  step 40000   auc 0.997974 rep_w 1.0   score  40k=1.2483
k3_r100_09_lr17  step 40000   auc 0.998509 rep_w 1.0   score  40k=1.2612
k3_r100_09_lr56  step 200000  auc 0.999432 rep_w 1.0   score  40k=1.1820 100k=1.3170 200k=1.3189
k32_r100_09_lr56 step 40000   auc 0.730161 rep_w 1.0   score  40k=1.4404
k3_r100_09_mean  step 27400   auc 0.535472 rep_w 1.0   score  - COLLAPSED
k3_r100_09b_lr56 step 40000   auc 0.99887  rep_w 1.0   score  40k=1.2469
k32_r100_09_sum  step 40000   auc 0.991624 rep_w 1.0   score  40k=1.2161
k3_r100_09_lr45  step 40000   auc 0.997576 rep_w 1.0   score  40k=1.2912
k3_r100_09_lr70  step 40000   auc 0.99832  rep_w 1.0   score  40k=1.2192
k3_r100_09_lr56_dec step 147100  auc 0.998811 rep_w 0.0   score  40k=1.2164 100k=1.3507
k3_r100_09_lr56_dec10k step 100000  auc 0.992476 rep_w 0.0   score  40k=1.1915 100k=1.2151
k32_r200_08_lr56 step 6300    auc 0.963877 rep_w 1.0   score  -
k32_r100_09_dec_lr56 step -       auc -        rep_w -     score  -
k8_r100_09_lr56  step 40000   auc 0.997913 rep_w 1.0   score  -
lanes 2   trainers 2   heads 0   evals 4
===== 2026-09-11 19:46:21 =====
gpu 0, 13244 MiB, 97 %
gpu 1, 13994 MiB, 99 %
k3_r100_09       step 200000  auc 0.999517 rep_w 1.0   score  40k=1.3495 100k=1.3395 200k=1.3910
k32_r100_09      step 40000   auc 0.773158 rep_w 1.0   score  40k=1.4629
k32_r200_08      step 28500   auc 0.534748 rep_w 1.0   score  - COLLAPSED
k3_r100_09_dec   step 40000   auc 0.997382 rep_w 0.0   score  40k=1.3236
k32_r100_09_dec  step 19100   auc 0.501426 rep_w 0.0   score  - COLLAPSED
k8_r100_09       step 40000   auc 0.730208 rep_w 1.0   score  40k=1.4537
k3_r100_09b      step 40000   auc 0.998191 rep_w 1.0   score  40k=1.2927
k3_r100_09_lr33  step 40000   auc 0.997974 rep_w 1.0   score  40k=1.2483
k3_r100_09_lr17  step 40000   auc 0.998509 rep_w 1.0   score  40k=1.2612
k3_r100_09_lr56  step 200000  auc 0.999432 rep_w 1.0   score  40k=1.1820 100k=1.3170 200k=1.3189
k32_r100_09_lr56 step 40000   auc 0.730161 rep_w 1.0   score  40k=1.4404
k3_r100_09_mean  step 27400   auc 0.535472 rep_w 1.0   score  - COLLAPSED
k3_r100_09b_lr56 step 40000   auc 0.99887  rep_w 1.0   score  40k=1.2469
k32_r100_09_sum  step 40000   auc 0.991624 rep_w 1.0   score  40k=1.2161
k3_r100_09_lr45  step 40000   auc 0.997576 rep_w 1.0   score  40k=1.2912
k3_r100_09_lr70  step 40000   auc 0.99832  rep_w 1.0   score  40k=1.2192
k3_r100_09_lr56_dec step 151100  auc 0.998693 rep_w 0.0   score  40k=1.2164 100k=1.3507
k3_r100_09_lr56_dec10k step 100000  auc 0.992476 rep_w 0.0   score  40k=1.1915 100k=1.2151
k32_r200_08_lr56 step 7700    auc 0.966625 rep_w 1.0   score  -
k32_r100_09_dec_lr56 step -       auc -        rep_w -     score  -
k8_r100_09_lr56  step 40000   auc 0.997913 rep_w 1.0   score  -
lanes 2   trainers 2   heads 0   evals 4
===== 2026-09-11 20:02:59 =====
gpu 0, 13244 MiB, 97 %
gpu 1, 13994 MiB, 98 %
k3_r100_09       step 200000  auc 0.999517 rep_w 1.0   score  40k=1.3495 100k=1.3395 200k=1.3910
k32_r100_09      step 40000   auc 0.773158 rep_w 1.0   score  40k=1.4629
k32_r200_08      step 28500   auc 0.534748 rep_w 1.0   score  - COLLAPSED
k3_r100_09_dec   step 40000   auc 0.997382 rep_w 0.0   score  40k=1.3236
k32_r100_09_dec  step 19100   auc 0.501426 rep_w 0.0   score  - COLLAPSED
k8_r100_09       step 40000   auc 0.730208 rep_w 1.0   score  40k=1.4537
k3_r100_09b      step 40000   auc 0.998191 rep_w 1.0   score  40k=1.2927
k3_r100_09_lr33  step 40000   auc 0.997974 rep_w 1.0   score  40k=1.2483
k3_r100_09_lr17  step 40000   auc 0.998509 rep_w 1.0   score  40k=1.2612
k3_r100_09_lr56  step 200000  auc 0.999432 rep_w 1.0   score  40k=1.1820 100k=1.3170 200k=1.3189
k32_r100_09_lr56 step 40000   auc 0.730161 rep_w 1.0   score  40k=1.4404
k3_r100_09_mean  step 27400   auc 0.535472 rep_w 1.0   score  - COLLAPSED
k3_r100_09b_lr56 step 40000   auc 0.99887  rep_w 1.0   score  40k=1.2469
k32_r100_09_sum  step 40000   auc 0.991624 rep_w 1.0   score  40k=1.2161
k3_r100_09_lr45  step 40000   auc 0.997576 rep_w 1.0   score  40k=1.2912
k3_r100_09_lr70  step 40000   auc 0.99832  rep_w 1.0   score  40k=1.2192
k3_r100_09_lr56_dec step 155200  auc 0.998612 rep_w 0.0   score  40k=1.2164 100k=1.3507
k3_r100_09_lr56_dec10k step 100000  auc 0.992476 rep_w 0.0   score  40k=1.1915 100k=1.2151
k32_r200_08_lr56 step 9100    auc 0.963815 rep_w 1.0   score  -
k32_r100_09_dec_lr56 step -       auc -        rep_w -     score  -
k8_r100_09_lr56  step 40000   auc 0.997913 rep_w 1.0   score  -
lanes 2   trainers 2   heads 0   evals 4
===== 2026-09-11 20:19:36 =====
gpu 0, 13244 MiB, 97 %
gpu 1, 13994 MiB, 98 %
k3_r100_09       step 200000  auc 0.999517 rep_w 1.0   score  40k=1.3495 100k=1.3395 200k=1.3910
k32_r100_09      step 40000   auc 0.773158 rep_w 1.0   score  40k=1.4629
k32_r200_08      step 28500   auc 0.534748 rep_w 1.0   score  - COLLAPSED
k3_r100_09_dec   step 40000   auc 0.997382 rep_w 0.0   score  40k=1.3236
k32_r100_09_dec  step 19100   auc 0.501426 rep_w 0.0   score  - COLLAPSED
k8_r100_09       step 40000   auc 0.730208 rep_w 1.0   score  40k=1.4537
k3_r100_09b      step 40000   auc 0.998191 rep_w 1.0   score  40k=1.2927
k3_r100_09_lr33  step 40000   auc 0.997974 rep_w 1.0   score  40k=1.2483
k3_r100_09_lr17  step 40000   auc 0.998509 rep_w 1.0   score  40k=1.2612
k3_r100_09_lr56  step 200000  auc 0.999432 rep_w 1.0   score  40k=1.1820 100k=1.3170 200k=1.3189
k32_r100_09_lr56 step 40000   auc 0.730161 rep_w 1.0   score  40k=1.4404
k3_r100_09_mean  step 27400   auc 0.535472 rep_w 1.0   score  - COLLAPSED
k3_r100_09b_lr56 step 40000   auc 0.99887  rep_w 1.0   score  40k=1.2469
k32_r100_09_sum  step 40000   auc 0.991624 rep_w 1.0   score  40k=1.2161
k3_r100_09_lr45  step 40000   auc 0.997576 rep_w 1.0   score  40k=1.2912
k3_r100_09_lr70  step 40000   auc 0.99832  rep_w 1.0   score  40k=1.2192
k3_r100_09_lr56_dec step 159200  auc 0.998559 rep_w 0.0   score  40k=1.2164 100k=1.3507
k3_r100_09_lr56_dec10k step 100000  auc 0.992476 rep_w 0.0   score  40k=1.1915 100k=1.2151
k32_r200_08_lr56 step 10500   auc 0.972851 rep_w 1.0   score  -
k32_r100_09_dec_lr56 step -       auc -        rep_w -     score  -
k8_r100_09_lr56  step 40000   auc 0.997913 rep_w 1.0   score  -
lanes 2   trainers 2   heads 0   evals 4
===== 2026-09-11 20:36:14 =====
gpu 0, 13244 MiB, 97 %
gpu 1, 13994 MiB, 95 %
k3_r100_09       step 200000  auc 0.999517 rep_w 1.0   score  40k=1.3495 100k=1.3395 200k=1.3910
k32_r100_09      step 40000   auc 0.773158 rep_w 1.0   score  40k=1.4629
k32_r200_08      step 28500   auc 0.534748 rep_w 1.0   score  - COLLAPSED
k3_r100_09_dec   step 40000   auc 0.997382 rep_w 0.0   score  40k=1.3236
k32_r100_09_dec  step 19100   auc 0.501426 rep_w 0.0   score  - COLLAPSED
k8_r100_09       step 40000   auc 0.730208 rep_w 1.0   score  40k=1.4537
k3_r100_09b      step 40000   auc 0.998191 rep_w 1.0   score  40k=1.2927
k3_r100_09_lr33  step 40000   auc 0.997974 rep_w 1.0   score  40k=1.2483
k3_r100_09_lr17  step 40000   auc 0.998509 rep_w 1.0   score  40k=1.2612
k3_r100_09_lr56  step 200000  auc 0.999432 rep_w 1.0   score  40k=1.1820 100k=1.3170 200k=1.3189
k32_r100_09_lr56 step 40000   auc 0.730161 rep_w 1.0   score  40k=1.4404
k3_r100_09_mean  step 27400   auc 0.535472 rep_w 1.0   score  - COLLAPSED
k3_r100_09b_lr56 step 40000   auc 0.99887  rep_w 1.0   score  40k=1.2469
k32_r100_09_sum  step 40000   auc 0.991624 rep_w 1.0   score  40k=1.2161
k3_r100_09_lr45  step 40000   auc 0.997576 rep_w 1.0   score  40k=1.2912
k3_r100_09_lr70  step 40000   auc 0.99832  rep_w 1.0   score  40k=1.2192
k3_r100_09_lr56_dec step 163300  auc 0.998571 rep_w 0.0   score  40k=1.2164 100k=1.3507
k3_r100_09_lr56_dec10k step 100000  auc 0.992476 rep_w 0.0   score  40k=1.1915 100k=1.2151
k32_r200_08_lr56 step 11900   auc 0.975559 rep_w 1.0   score  -
k32_r100_09_dec_lr56 step -       auc -        rep_w -     score  -
k8_r100_09_lr56  step 40000   auc 0.997913 rep_w 1.0   score  -
lanes 2   trainers 2   heads 0   evals 4
===== 2026-09-11 20:52:55 =====
gpu 0, 13244 MiB, 97 %
gpu 1, 13994 MiB, 98 %
k3_r100_09       step 200000  auc 0.999517 rep_w 1.0   score  40k=1.3495 100k=1.3395 200k=1.3910
k32_r100_09      step 40000   auc 0.773158 rep_w 1.0   score  40k=1.4629
k32_r200_08      step 28500   auc 0.534748 rep_w 1.0   score  - COLLAPSED
k3_r100_09_dec   step 40000   auc 0.997382 rep_w 0.0   score  40k=1.3236
k32_r100_09_dec  step 19100   auc 0.501426 rep_w 0.0   score  - COLLAPSED
k8_r100_09       step 40000   auc 0.730208 rep_w 1.0   score  40k=1.4537
k3_r100_09b      step 40000   auc 0.998191 rep_w 1.0   score  40k=1.2927
k3_r100_09_lr33  step 40000   auc 0.997974 rep_w 1.0   score  40k=1.2483
k3_r100_09_lr17  step 40000   auc 0.998509 rep_w 1.0   score  40k=1.2612
k3_r100_09_lr56  step 200000  auc 0.999432 rep_w 1.0   score  40k=1.1820 100k=1.3170 200k=1.3189
k32_r100_09_lr56 step 40000   auc 0.730161 rep_w 1.0   score  40k=1.4404
k3_r100_09_mean  step 27400   auc 0.535472 rep_w 1.0   score  - COLLAPSED
k3_r100_09b_lr56 step 40000   auc 0.99887  rep_w 1.0   score  40k=1.2469
k32_r100_09_sum  step 40000   auc 0.991624 rep_w 1.0   score  40k=1.2161
k3_r100_09_lr45  step 40000   auc 0.997576 rep_w 1.0   score  40k=1.2912
k3_r100_09_lr70  step 40000   auc 0.99832  rep_w 1.0   score  40k=1.2192
k3_r100_09_lr56_dec step 167400  auc 0.998489 rep_w 0.0   score  40k=1.2164 100k=1.3507
k3_r100_09_lr56_dec10k step 100000  auc 0.992476 rep_w 0.0   score  40k=1.1915 100k=1.2151
k32_r200_08_lr56 step 13300   auc 0.973186 rep_w 1.0   score  -
k32_r100_09_dec_lr56 step -       auc -        rep_w -     score  -
k8_r100_09_lr56  step 40000   auc 0.997913 rep_w 1.0   score  -
lanes 2   trainers 2   heads 0   evals 4
===== 2026-09-11 21:09:37 =====
gpu 0, 13668 MiB, 94 %
gpu 1, 13994 MiB, 97 %
k3_r100_09       step 200000  auc 0.999517 rep_w 1.0   score  40k=1.3495 100k=1.3395 200k=1.3910
k32_r100_09      step 40000   auc 0.773158 rep_w 1.0   score  40k=1.4629
k32_r200_08      step 28500   auc 0.534748 rep_w 1.0   score  - COLLAPSED
k3_r100_09_dec   step 40000   auc 0.997382 rep_w 0.0   score  40k=1.3236
k32_r100_09_dec  step 19100   auc 0.501426 rep_w 0.0   score  - COLLAPSED
k8_r100_09       step 40000   auc 0.730208 rep_w 1.0   score  40k=1.4537
k3_r100_09b      step 40000   auc 0.998191 rep_w 1.0   score  40k=1.2927
k3_r100_09_lr33  step 40000   auc 0.997974 rep_w 1.0   score  40k=1.2483
k3_r100_09_lr17  step 40000   auc 0.998509 rep_w 1.0   score  40k=1.2612
k3_r100_09_lr56  step 200000  auc 0.999432 rep_w 1.0   score  40k=1.1820 100k=1.3170 200k=1.3189
k32_r100_09_lr56 step 40000   auc 0.730161 rep_w 1.0   score  40k=1.4404
k3_r100_09_mean  step 27400   auc 0.535472 rep_w 1.0   score  - COLLAPSED
k3_r100_09b_lr56 step 40000   auc 0.99887  rep_w 1.0   score  40k=1.2469
k32_r100_09_sum  step 40000   auc 0.991624 rep_w 1.0   score  40k=1.2161
k3_r100_09_lr45  step 40000   auc 0.997576 rep_w 1.0   score  40k=1.2912
k3_r100_09_lr70  step 40000   auc 0.99832  rep_w 1.0   score  40k=1.2192
k3_r100_09_lr56_dec step 172000  auc 0.998446 rep_w 0.0   score  40k=1.2164 100k=1.3507
k3_r100_09_lr56_dec10k step 100000  auc 0.992476 rep_w 0.0   score  40k=1.1915 100k=1.2151
k32_r200_08_lr56 step 14700   auc 0.979868 rep_w 1.0   score  -
k32_r100_09_dec_lr56 step -       auc -        rep_w -     score  -
k8_r100_09_lr56  step 40000   auc 0.997913 rep_w 1.0   score  -
lanes 2   trainers 2   heads 0   evals 4
===== 2026-09-11 21:26:19 =====
gpu 0, 13668 MiB, 96 %
gpu 1, 13994 MiB, 99 %
k3_r100_09       step 200000  auc 0.999517 rep_w 1.0   score  40k=1.3495 100k=1.3395 200k=1.3910
k32_r100_09      step 40000   auc 0.773158 rep_w 1.0   score  40k=1.4629
k32_r200_08      step 28500   auc 0.534748 rep_w 1.0   score  - COLLAPSED
k3_r100_09_dec   step 40000   auc 0.997382 rep_w 0.0   score  40k=1.3236
k32_r100_09_dec  step 19100   auc 0.501426 rep_w 0.0   score  - COLLAPSED
k8_r100_09       step 40000   auc 0.730208 rep_w 1.0   score  40k=1.4537
k3_r100_09b      step 40000   auc 0.998191 rep_w 1.0   score  40k=1.2927
k3_r100_09_lr33  step 40000   auc 0.997974 rep_w 1.0   score  40k=1.2483
k3_r100_09_lr17  step 40000   auc 0.998509 rep_w 1.0   score  40k=1.2612
k3_r100_09_lr56  step 200000  auc 0.999432 rep_w 1.0   score  40k=1.1820 100k=1.3170 200k=1.3189
k32_r100_09_lr56 step 40000   auc 0.730161 rep_w 1.0   score  40k=1.4404
k3_r100_09_mean  step 27400   auc 0.535472 rep_w 1.0   score  - COLLAPSED
k3_r100_09b_lr56 step 40000   auc 0.99887  rep_w 1.0   score  40k=1.2469
k32_r100_09_sum  step 40000   auc 0.991624 rep_w 1.0   score  40k=1.2161
k3_r100_09_lr45  step 40000   auc 0.997576 rep_w 1.0   score  40k=1.2912
k3_r100_09_lr70  step 40000   auc 0.99832  rep_w 1.0   score  40k=1.2192
k3_r100_09_lr56_dec step 176800  auc 0.998314 rep_w 0.0   score  40k=1.2164 100k=1.3507
k3_r100_09_lr56_dec10k step 100000  auc 0.992476 rep_w 0.0   score  40k=1.1915 100k=1.2151
k32_r200_08_lr56 step 16100   auc 0.981226 rep_w 1.0   score  -
k32_r100_09_dec_lr56 step -       auc -        rep_w -     score  -
k8_r100_09_lr56  step 40000   auc 0.997913 rep_w 1.0   score  -
lanes 2   trainers 2   heads 0   evals 2
===== 2026-09-11 21:42:59 =====
gpu 0, 13106 MiB, 94 %
gpu 1, 13994 MiB, 96 %
k3_r100_09       step 200000  auc 0.999517 rep_w 1.0   score  40k=1.3495 100k=1.3395 200k=1.3910
k32_r100_09      step 40000   auc 0.773158 rep_w 1.0   score  40k=1.4629
k32_r200_08      step 28500   auc 0.534748 rep_w 1.0   score  - COLLAPSED
k3_r100_09_dec   step 40000   auc 0.997382 rep_w 0.0   score  40k=1.3236
k32_r100_09_dec  step 19100   auc 0.501426 rep_w 0.0   score  - COLLAPSED
k8_r100_09       step 40000   auc 0.730208 rep_w 1.0   score  40k=1.4537
k3_r100_09b      step 40000   auc 0.998191 rep_w 1.0   score  40k=1.2927
k3_r100_09_lr33  step 40000   auc 0.997974 rep_w 1.0   score  40k=1.2483
k3_r100_09_lr17  step 40000   auc 0.998509 rep_w 1.0   score  40k=1.2612
k3_r100_09_lr56  step 200000  auc 0.999432 rep_w 1.0   score  40k=1.1820 100k=1.3170 200k=1.3189
k32_r100_09_lr56 step 40000   auc 0.730161 rep_w 1.0   score  40k=1.4404
k3_r100_09_mean  step 27400   auc 0.535472 rep_w 1.0   score  - COLLAPSED
k3_r100_09b_lr56 step 40000   auc 0.99887  rep_w 1.0   score  40k=1.2469
k32_r100_09_sum  step 40000   auc 0.991624 rep_w 1.0   score  40k=1.2161
k3_r100_09_lr45  step 40000   auc 0.997576 rep_w 1.0   score  40k=1.2912
k3_r100_09_lr70  step 40000   auc 0.99832  rep_w 1.0   score  40k=1.2192
k3_r100_09_lr56_dec step 181600  auc 0.998158 rep_w 0.0   score  40k=1.2164 100k=1.3507
k3_r100_09_lr56_dec10k step 100000  auc 0.992476 rep_w 0.0   score  40k=1.1915 100k=1.2151
k32_r200_08_lr56 step 17600   auc 0.982938 rep_w 1.0   score  -
k32_r100_09_dec_lr56 step -       auc -        rep_w -     score  -
k8_r100_09_lr56  step 40000   auc 0.997913 rep_w 1.0   score  -
lanes 2   trainers 2   heads 0   evals 1
===== 2026-09-11 21:59:39 =====
gpu 0, 13668 MiB, 96 %
gpu 1, 13994 MiB, 97 %
k3_r100_09       step 200000  auc 0.999517 rep_w 1.0   score  40k=1.3495 100k=1.3395 200k=1.3910
k32_r100_09      step 40000   auc 0.773158 rep_w 1.0   score  40k=1.4629
k32_r200_08      step 28500   auc 0.534748 rep_w 1.0   score  - COLLAPSED
k3_r100_09_dec   step 40000   auc 0.997382 rep_w 0.0   score  40k=1.3236
k32_r100_09_dec  step 19100   auc 0.501426 rep_w 0.0   score  - COLLAPSED
k8_r100_09       step 40000   auc 0.730208 rep_w 1.0   score  40k=1.4537
k3_r100_09b      step 40000   auc 0.998191 rep_w 1.0   score  40k=1.2927
k3_r100_09_lr33  step 40000   auc 0.997974 rep_w 1.0   score  40k=1.2483
k3_r100_09_lr17  step 40000   auc 0.998509 rep_w 1.0   score  40k=1.2612
k3_r100_09_lr56  step 200000  auc 0.999432 rep_w 1.0   score  40k=1.1820 100k=1.3170 200k=1.3189
k32_r100_09_lr56 step 40000   auc 0.730161 rep_w 1.0   score  40k=1.4404
k3_r100_09_mean  step 27400   auc 0.535472 rep_w 1.0   score  - COLLAPSED
k3_r100_09b_lr56 step 40000   auc 0.99887  rep_w 1.0   score  40k=1.2469
k32_r100_09_sum  step 40000   auc 0.991624 rep_w 1.0   score  40k=1.2161
k3_r100_09_lr45  step 40000   auc 0.997576 rep_w 1.0   score  40k=1.2912
k3_r100_09_lr70  step 40000   auc 0.99832  rep_w 1.0   score  40k=1.2192
k3_r100_09_lr56_dec step 186500  auc 0.998045 rep_w 0.0   score  40k=1.2164 100k=1.3507
k3_r100_09_lr56_dec10k step 100000  auc 0.992476 rep_w 0.0   score  40k=1.1915 100k=1.2151
k32_r200_08_lr56 step 19100   auc 0.978874 rep_w 1.0   score  -
k32_r100_09_dec_lr56 step -       auc -        rep_w -     score  -
k8_r100_09_lr56  step 40000   auc 0.997913 rep_w 1.0   score  40k=1.2750
lanes 1   trainers 2   heads 0   evals 0
===== 2026-09-11 22:16:16 =====
gpu 0, 13668 MiB, 96 %
gpu 1, 10298 MiB, 90 %
k3_r100_09       step 200000  auc 0.999517 rep_w 1.0   score  40k=1.3495 100k=1.3395 200k=1.3910
k32_r100_09      step 40000   auc 0.773158 rep_w 1.0   score  40k=1.4629
k32_r200_08      step 28500   auc 0.534748 rep_w 1.0   score  - COLLAPSED
k3_r100_09_dec   step 40000   auc 0.997382 rep_w 0.0   score  40k=1.3236
k32_r100_09_dec  step 19100   auc 0.501426 rep_w 0.0   score  - COLLAPSED
k8_r100_09       step 40000   auc 0.730208 rep_w 1.0   score  40k=1.4537
k3_r100_09b      step 40000   auc 0.998191 rep_w 1.0   score  40k=1.2927
k3_r100_09_lr33  step 40000   auc 0.997974 rep_w 1.0   score  40k=1.2483
k3_r100_09_lr17  step 40000   auc 0.998509 rep_w 1.0   score  40k=1.2612
k3_r100_09_lr56  step 200000  auc 0.999432 rep_w 1.0   score  40k=1.1820 100k=1.3170 200k=1.3189
k32_r100_09_lr56 step 40000   auc 0.730161 rep_w 1.0   score  40k=1.4404
k3_r100_09_mean  step 27400   auc 0.535472 rep_w 1.0   score  - COLLAPSED
k3_r100_09b_lr56 step 40000   auc 0.99887  rep_w 1.0   score  40k=1.2469
k32_r100_09_sum  step 40000   auc 0.991624 rep_w 1.0   score  40k=1.2161
k3_r100_09_lr45  step 40000   auc 0.997576 rep_w 1.0   score  40k=1.2912
k3_r100_09_lr70  step 40000   auc 0.99832  rep_w 1.0   score  40k=1.2192
k3_r100_09_lr56_dec step 191400  auc 0.998017 rep_w 0.0   score  40k=1.2164 100k=1.3507
k3_r100_09_lr56_dec10k step 100000  auc 0.992476 rep_w 0.0   score  40k=1.1915 100k=1.2151
k32_r200_08_lr56 step 20600   auc 0.986297 rep_w 1.0   score  -
k32_r100_09_dec_lr56 step -       auc -        rep_w -     score  -
k8_r100_09_lr56  step 40000   auc 0.997913 rep_w 1.0   score  40k=1.2750
lanes 1   trainers 2   heads 0   evals 0
===== 2026-09-11 22:32:54 =====
gpu 0, 13668 MiB, 41 %
gpu 1, 10298 MiB, 98 %
k3_r100_09       step 200000  auc 0.999517 rep_w 1.0   score  40k=1.3495 100k=1.3395 200k=1.3910
k32_r100_09      step 40000   auc 0.773158 rep_w 1.0   score  40k=1.4629
k32_r200_08      step 28500   auc 0.534748 rep_w 1.0   score  - COLLAPSED
k3_r100_09_dec   step 40000   auc 0.997382 rep_w 0.0   score  40k=1.3236
k32_r100_09_dec  step 19100   auc 0.501426 rep_w 0.0   score  - COLLAPSED
k8_r100_09       step 40000   auc 0.730208 rep_w 1.0   score  40k=1.4537
k3_r100_09b      step 40000   auc 0.998191 rep_w 1.0   score  40k=1.2927
k3_r100_09_lr33  step 40000   auc 0.997974 rep_w 1.0   score  40k=1.2483
k3_r100_09_lr17  step 40000   auc 0.998509 rep_w 1.0   score  40k=1.2612
k3_r100_09_lr56  step 200000  auc 0.999432 rep_w 1.0   score  40k=1.1820 100k=1.3170 200k=1.3189
k32_r100_09_lr56 step 40000   auc 0.730161 rep_w 1.0   score  40k=1.4404
k3_r100_09_mean  step 27400   auc 0.535472 rep_w 1.0   score  - COLLAPSED
k3_r100_09b_lr56 step 40000   auc 0.99887  rep_w 1.0   score  40k=1.2469
k32_r100_09_sum  step 40000   auc 0.991624 rep_w 1.0   score  40k=1.2161
k3_r100_09_lr45  step 40000   auc 0.997576 rep_w 1.0   score  40k=1.2912
k3_r100_09_lr70  step 40000   auc 0.99832  rep_w 1.0   score  40k=1.2192
k3_r100_09_lr56_dec step 196200  auc 0.998006 rep_w 0.0   score  40k=1.2164 100k=1.3507
k3_r100_09_lr56_dec10k step 100000  auc 0.992476 rep_w 0.0   score  40k=1.1915 100k=1.2151
k32_r200_08_lr56 step 22000   auc 0.974632 rep_w 1.0   score  -
k32_r100_09_dec_lr56 step -       auc -        rep_w -     score  -
k8_r100_09_lr56  step 40000   auc 0.997913 rep_w 1.0   score  40k=1.2750
lanes 1   trainers 2   heads 0   evals 0
===== 2026-09-11 22:49:33 =====
gpu 0, 13888 MiB, 97 %
gpu 1, 10298 MiB, 99 %
k3_r100_09       step 200000  auc 0.999517 rep_w 1.0   score  40k=1.3495 100k=1.3395 200k=1.3910
k32_r100_09      step 40000   auc 0.773158 rep_w 1.0   score  40k=1.4629
k32_r200_08      step 28500   auc 0.534748 rep_w 1.0   score  - COLLAPSED
k3_r100_09_dec   step 40000   auc 0.997382 rep_w 0.0   score  40k=1.3236
k32_r100_09_dec  step 19100   auc 0.501426 rep_w 0.0   score  - COLLAPSED
k8_r100_09       step 40000   auc 0.730208 rep_w 1.0   score  40k=1.4537
k3_r100_09b      step 40000   auc 0.998191 rep_w 1.0   score  40k=1.2927
k3_r100_09_lr33  step 40000   auc 0.997974 rep_w 1.0   score  40k=1.2483
k3_r100_09_lr17  step 40000   auc 0.998509 rep_w 1.0   score  40k=1.2612
k3_r100_09_lr56  step 200000  auc 0.999432 rep_w 1.0   score  40k=1.1820 100k=1.3170 200k=1.3189
k32_r100_09_lr56 step 40000   auc 0.730161 rep_w 1.0   score  40k=1.4404
k3_r100_09_mean  step 27400   auc 0.535472 rep_w 1.0   score  - COLLAPSED
k3_r100_09b_lr56 step 40000   auc 0.99887  rep_w 1.0   score  40k=1.2469
k32_r100_09_sum  step 40000   auc 0.991624 rep_w 1.0   score  40k=1.2161
k3_r100_09_lr45  step 40000   auc 0.997576 rep_w 1.0   score  40k=1.2912
k3_r100_09_lr70  step 40000   auc 0.99832  rep_w 1.0   score  40k=1.2192
k3_r100_09_lr56_dec step 200000  auc 0.997967 rep_w 0.0   score  40k=1.2164 100k=1.3507
k3_r100_09_lr56_dec10k step 100000  auc 0.992476 rep_w 0.0   score  40k=1.1915 100k=1.2151
k32_r200_08_lr56 step 23500   auc 0.981552 rep_w 1.0   score  -
k32_r100_09_dec_lr56 step -       auc -        rep_w -     score  -
k8_r100_09_lr56  step 40000   auc 0.997913 rep_w 1.0   score  40k=1.2750
lanes 1   trainers 1   heads 1   evals 0
===== 2026-09-11 23:06:12 =====
gpu 0, 13888 MiB, 95 %
gpu 1, 10298 MiB, 97 %
k3_r100_09       step 200000  auc 0.999517 rep_w 1.0   score  40k=1.3495 100k=1.3395 200k=1.3910
k32_r100_09      step 40000   auc 0.773158 rep_w 1.0   score  40k=1.4629
k32_r200_08      step 28500   auc 0.534748 rep_w 1.0   score  - COLLAPSED
k3_r100_09_dec   step 40000   auc 0.997382 rep_w 0.0   score  40k=1.3236
k32_r100_09_dec  step 19100   auc 0.501426 rep_w 0.0   score  - COLLAPSED
k8_r100_09       step 40000   auc 0.730208 rep_w 1.0   score  40k=1.4537
k3_r100_09b      step 40000   auc 0.998191 rep_w 1.0   score  40k=1.2927
k3_r100_09_lr33  step 40000   auc 0.997974 rep_w 1.0   score  40k=1.2483
k3_r100_09_lr17  step 40000   auc 0.998509 rep_w 1.0   score  40k=1.2612
k3_r100_09_lr56  step 200000  auc 0.999432 rep_w 1.0   score  40k=1.1820 100k=1.3170 200k=1.3189
k32_r100_09_lr56 step 40000   auc 0.730161 rep_w 1.0   score  40k=1.4404
k3_r100_09_mean  step 27400   auc 0.535472 rep_w 1.0   score  - COLLAPSED
k3_r100_09b_lr56 step 40000   auc 0.99887  rep_w 1.0   score  40k=1.2469
k32_r100_09_sum  step 40000   auc 0.991624 rep_w 1.0   score  40k=1.2161
k3_r100_09_lr45  step 40000   auc 0.997576 rep_w 1.0   score  40k=1.2912
k3_r100_09_lr70  step 40000   auc 0.99832  rep_w 1.0   score  40k=1.2192
k3_r100_09_lr56_dec step 200000  auc 0.997967 rep_w 0.0   score  40k=1.2164 100k=1.3507
k3_r100_09_lr56_dec10k step 100000  auc 0.992476 rep_w 0.0   score  40k=1.1915 100k=1.2151
k32_r200_08_lr56 step 24900   auc 0.986054 rep_w 1.0   score  -
k32_r100_09_dec_lr56 step -       auc -        rep_w -     score  -
k8_r100_09_lr56  step 40000   auc 0.997913 rep_w 1.0   score  40k=1.2750
lanes 1   trainers 1   heads 1   evals 0
===== 2026-09-11 23:22:51 =====
gpu 0, 13888 MiB, 75 %
gpu 1, 10298 MiB, 95 %
k3_r100_09       step 200000  auc 0.999517 rep_w 1.0   score  40k=1.3495 100k=1.3395 200k=1.3910
k32_r100_09      step 40000   auc 0.773158 rep_w 1.0   score  40k=1.4629
k32_r200_08      step 28500   auc 0.534748 rep_w 1.0   score  - COLLAPSED
k3_r100_09_dec   step 40000   auc 0.997382 rep_w 0.0   score  40k=1.3236
k32_r100_09_dec  step 19100   auc 0.501426 rep_w 0.0   score  - COLLAPSED
k8_r100_09       step 40000   auc 0.730208 rep_w 1.0   score  40k=1.4537
k3_r100_09b      step 40000   auc 0.998191 rep_w 1.0   score  40k=1.2927
k3_r100_09_lr33  step 40000   auc 0.997974 rep_w 1.0   score  40k=1.2483
k3_r100_09_lr17  step 40000   auc 0.998509 rep_w 1.0   score  40k=1.2612
k3_r100_09_lr56  step 200000  auc 0.999432 rep_w 1.0   score  40k=1.1820 100k=1.3170 200k=1.3189
k32_r100_09_lr56 step 40000   auc 0.730161 rep_w 1.0   score  40k=1.4404
k3_r100_09_mean  step 27400   auc 0.535472 rep_w 1.0   score  - COLLAPSED
k3_r100_09b_lr56 step 40000   auc 0.99887  rep_w 1.0   score  40k=1.2469
k32_r100_09_sum  step 40000   auc 0.991624 rep_w 1.0   score  40k=1.2161
k3_r100_09_lr45  step 40000   auc 0.997576 rep_w 1.0   score  40k=1.2912
k3_r100_09_lr70  step 40000   auc 0.99832  rep_w 1.0   score  40k=1.2192
k3_r100_09_lr56_dec step 200000  auc 0.997967 rep_w 0.0   score  40k=1.2164 100k=1.3507
k3_r100_09_lr56_dec10k step 100000  auc 0.992476 rep_w 0.0   score  40k=1.1915 100k=1.2151
k32_r200_08_lr56 step 26400   auc 0.980962 rep_w 1.0   score  -
k32_r100_09_dec_lr56 step -       auc -        rep_w -     score  -
k8_r100_09_lr56  step 40000   auc 0.997913 rep_w 1.0   score  40k=1.2750
lanes 1   trainers 1   heads 1   evals 0
===== 2026-09-11 23:39:30 =====
gpu 0, 11820 MiB, 100 %
gpu 1, 8230 MiB, 98 %
k3_r100_09       step 200000  auc 0.999517 rep_w 1.0   score  40k=1.3495 100k=1.3395 200k=1.3910
k32_r100_09      step 40000   auc 0.773158 rep_w 1.0   score  40k=1.4629
k32_r200_08      step 28500   auc 0.534748 rep_w 1.0   score  - COLLAPSED
k3_r100_09_dec   step 40000   auc 0.997382 rep_w 0.0   score  40k=1.3236
k32_r100_09_dec  step 19100   auc 0.501426 rep_w 0.0   score  - COLLAPSED
k8_r100_09       step 40000   auc 0.730208 rep_w 1.0   score  40k=1.4537
k3_r100_09b      step 40000   auc 0.998191 rep_w 1.0   score  40k=1.2927
k3_r100_09_lr33  step 40000   auc 0.997974 rep_w 1.0   score  40k=1.2483
k3_r100_09_lr17  step 40000   auc 0.998509 rep_w 1.0   score  40k=1.2612
k3_r100_09_lr56  step 200000  auc 0.999432 rep_w 1.0   score  40k=1.1820 100k=1.3170 200k=1.3189
k32_r100_09_lr56 step 40000   auc 0.730161 rep_w 1.0   score  40k=1.4404
k3_r100_09_mean  step 27400   auc 0.535472 rep_w 1.0   score  - COLLAPSED
k3_r100_09b_lr56 step 40000   auc 0.99887  rep_w 1.0   score  40k=1.2469
k32_r100_09_sum  step 40000   auc 0.991624 rep_w 1.0   score  40k=1.2161
k3_r100_09_lr45  step 40000   auc 0.997576 rep_w 1.0   score  40k=1.2912
k3_r100_09_lr70  step 40000   auc 0.99832  rep_w 1.0   score  40k=1.2192
k3_r100_09_lr56_dec step 200000  auc 0.997967 rep_w 0.0   score  40k=1.2164 100k=1.3507
k3_r100_09_lr56_dec10k step 100000  auc 0.992476 rep_w 0.0   score  40k=1.1915 100k=1.2151
k32_r200_08_lr56 step 27800   auc 0.984899 rep_w 1.0   score  -
k32_r100_09_dec_lr56 step -       auc -        rep_w -     score  -
k8_r100_09_lr56  step 40000   auc 0.997913 rep_w 1.0   score  40k=1.2750
lanes 1   trainers 1   heads 1   evals 0
===== 2026-09-11 23:56:14 =====
gpu 0, 11820 MiB, 100 %
gpu 1, 8230 MiB, 99 %
k3_r100_09       step 200000  auc 0.999517 rep_w 1.0   score  40k=1.3495 100k=1.3395 200k=1.3910
k32_r100_09      step 40000   auc 0.773158 rep_w 1.0   score  40k=1.4629
k32_r200_08      step 28500   auc 0.534748 rep_w 1.0   score  - COLLAPSED
k3_r100_09_dec   step 40000   auc 0.997382 rep_w 0.0   score  40k=1.3236
k32_r100_09_dec  step 19100   auc 0.501426 rep_w 0.0   score  - COLLAPSED
k8_r100_09       step 40000   auc 0.730208 rep_w 1.0   score  40k=1.4537
k3_r100_09b      step 40000   auc 0.998191 rep_w 1.0   score  40k=1.2927
k3_r100_09_lr33  step 40000   auc 0.997974 rep_w 1.0   score  40k=1.2483
k3_r100_09_lr17  step 40000   auc 0.998509 rep_w 1.0   score  40k=1.2612
k3_r100_09_lr56  step 200000  auc 0.999432 rep_w 1.0   score  40k=1.1820 100k=1.3170 200k=1.3189
k32_r100_09_lr56 step 40000   auc 0.730161 rep_w 1.0   score  40k=1.4404
k3_r100_09_mean  step 27400   auc 0.535472 rep_w 1.0   score  - COLLAPSED
k3_r100_09b_lr56 step 40000   auc 0.99887  rep_w 1.0   score  40k=1.2469
k32_r100_09_sum  step 40000   auc 0.991624 rep_w 1.0   score  40k=1.2161
k3_r100_09_lr45  step 40000   auc 0.997576 rep_w 1.0   score  40k=1.2912
k3_r100_09_lr70  step 40000   auc 0.99832  rep_w 1.0   score  40k=1.2192
k3_r100_09_lr56_dec step 200000  auc 0.997967 rep_w 0.0   score  40k=1.2164 100k=1.3507
k3_r100_09_lr56_dec10k step 100000  auc 0.992476 rep_w 0.0   score  40k=1.1915 100k=1.2151
k32_r200_08_lr56 step 29200   auc 0.986756 rep_w 1.0   score  -
k32_r100_09_dec_lr56 step -       auc -        rep_w -     score  -
k8_r100_09_lr56  step 40000   auc 0.997913 rep_w 1.0   score  40k=1.2750
lanes 1   trainers 1   heads 1   evals 0
===== 2026-09-12 00:12:59 =====
gpu 0, 11690 MiB, 94 %
gpu 1, 8230 MiB, 99 %
k3_r100_09       step 200000  auc 0.999517 rep_w 1.0   score  40k=1.3495 100k=1.3395 200k=1.3910
k32_r100_09      step 40000   auc 0.773158 rep_w 1.0   score  40k=1.4629
k32_r200_08      step 28500   auc 0.534748 rep_w 1.0   score  - COLLAPSED
k3_r100_09_dec   step 40000   auc 0.997382 rep_w 0.0   score  40k=1.3236
k32_r100_09_dec  step 19100   auc 0.501426 rep_w 0.0   score  - COLLAPSED
k8_r100_09       step 40000   auc 0.730208 rep_w 1.0   score  40k=1.4537
k3_r100_09b      step 40000   auc 0.998191 rep_w 1.0   score  40k=1.2927
k3_r100_09_lr33  step 40000   auc 0.997974 rep_w 1.0   score  40k=1.2483
k3_r100_09_lr17  step 40000   auc 0.998509 rep_w 1.0   score  40k=1.2612
k3_r100_09_lr56  step 200000  auc 0.999432 rep_w 1.0   score  40k=1.1820 100k=1.3170 200k=1.3189
k32_r100_09_lr56 step 40000   auc 0.730161 rep_w 1.0   score  40k=1.4404
k3_r100_09_mean  step 27400   auc 0.535472 rep_w 1.0   score  - COLLAPSED
k3_r100_09b_lr56 step 40000   auc 0.99887  rep_w 1.0   score  40k=1.2469
k32_r100_09_sum  step 40000   auc 0.991624 rep_w 1.0   score  40k=1.2161
k3_r100_09_lr45  step 40000   auc 0.997576 rep_w 1.0   score  40k=1.2912
k3_r100_09_lr70  step 40000   auc 0.99832  rep_w 1.0   score  40k=1.2192
k3_r100_09_lr56_dec step 200000  auc 0.997967 rep_w 0.0   score  40k=1.2164 100k=1.3507
k3_r100_09_lr56_dec10k step 100000  auc 0.992476 rep_w 0.0   score  40k=1.1915 100k=1.2151
k32_r200_08_lr56 step 30500   auc 0.98696  rep_w 1.0   score  -
k32_r100_09_dec_lr56 step 900     auc 0.973938 rep_w 0.55  score  -
k8_r100_09_lr56  step 40000   auc 0.997913 rep_w 1.0   score  40k=1.2750
lanes 1   trainers 2   heads 0   evals 4
===== 2026-09-12 00:29:52 =====
gpu 0, 11690 MiB, 97 %
gpu 1, 10298 MiB, 98 %
k3_r100_09       step 200000  auc 0.999517 rep_w 1.0   score  40k=1.3495 100k=1.3395 200k=1.3910
k32_r100_09      step 40000   auc 0.773158 rep_w 1.0   score  40k=1.4629
k32_r200_08      step 28500   auc 0.534748 rep_w 1.0   score  - COLLAPSED
k3_r100_09_dec   step 40000   auc 0.997382 rep_w 0.0   score  40k=1.3236
k32_r100_09_dec  step 19100   auc 0.501426 rep_w 0.0   score  - COLLAPSED
k8_r100_09       step 40000   auc 0.730208 rep_w 1.0   score  40k=1.4537
k3_r100_09b      step 40000   auc 0.998191 rep_w 1.0   score  40k=1.2927
k3_r100_09_lr33  step 40000   auc 0.997974 rep_w 1.0   score  40k=1.2483
k3_r100_09_lr17  step 40000   auc 0.998509 rep_w 1.0   score  40k=1.2612
k3_r100_09_lr56  step 200000  auc 0.999432 rep_w 1.0   score  40k=1.1820 100k=1.3170 200k=1.3189
k32_r100_09_lr56 step 40000   auc 0.730161 rep_w 1.0   score  40k=1.4404
k3_r100_09_mean  step 27400   auc 0.535472 rep_w 1.0   score  - COLLAPSED
k3_r100_09b_lr56 step 40000   auc 0.99887  rep_w 1.0   score  40k=1.2469
k32_r100_09_sum  step 40000   auc 0.991624 rep_w 1.0   score  40k=1.2161
k3_r100_09_lr45  step 40000   auc 0.997576 rep_w 1.0   score  40k=1.2912
k3_r100_09_lr70  step 40000   auc 0.99832  rep_w 1.0   score  40k=1.2192
k3_r100_09_lr56_dec step 200000  auc 0.997967 rep_w 0.0   score  40k=1.2164 100k=1.3507
k3_r100_09_lr56_dec10k step 100000  auc 0.992476 rep_w 0.0   score  40k=1.1915 100k=1.2151
k32_r200_08_lr56 step 31800   auc 0.989104 rep_w 1.0   score  -
k32_r100_09_dec_lr56 step 2300    auc 0.975637 rep_w 0.0   score  -
k8_r100_09_lr56  step 40000   auc 0.997913 rep_w 1.0   score  40k=1.2750
lanes 1   trainers 2   heads 0   evals 4
===== 2026-09-12 00:46:45 =====
gpu 0, 11690 MiB, 74 %
gpu 1, 8230 MiB, 92 %
k3_r100_09       step 200000  auc 0.999517 rep_w 1.0   score  40k=1.3495 100k=1.3395 200k=1.3910
k32_r100_09      step 40000   auc 0.773158 rep_w 1.0   score  40k=1.4629
k32_r200_08      step 28500   auc 0.534748 rep_w 1.0   score  - COLLAPSED
k3_r100_09_dec   step 40000   auc 0.997382 rep_w 0.0   score  40k=1.3236
k32_r100_09_dec  step 19100   auc 0.501426 rep_w 0.0   score  - COLLAPSED
k8_r100_09       step 40000   auc 0.730208 rep_w 1.0   score  40k=1.4537
k3_r100_09b      step 40000   auc 0.998191 rep_w 1.0   score  40k=1.2927
k3_r100_09_lr33  step 40000   auc 0.997974 rep_w 1.0   score  40k=1.2483
k3_r100_09_lr17  step 40000   auc 0.998509 rep_w 1.0   score  40k=1.2612
k3_r100_09_lr56  step 200000  auc 0.999432 rep_w 1.0   score  40k=1.1820 100k=1.3170 200k=1.3189
k32_r100_09_lr56 step 40000   auc 0.730161 rep_w 1.0   score  40k=1.4404
k3_r100_09_mean  step 27400   auc 0.535472 rep_w 1.0   score  - COLLAPSED
k3_r100_09b_lr56 step 40000   auc 0.99887  rep_w 1.0   score  40k=1.2469
k32_r100_09_sum  step 40000   auc 0.991624 rep_w 1.0   score  40k=1.2161
k3_r100_09_lr45  step 40000   auc 0.997576 rep_w 1.0   score  40k=1.2912
k3_r100_09_lr70  step 40000   auc 0.99832  rep_w 1.0   score  40k=1.2192
k3_r100_09_lr56_dec step 200000  auc 0.997967 rep_w 0.0   score  40k=1.2164 100k=1.3507
k3_r100_09_lr56_dec10k step 100000  auc 0.992476 rep_w 0.0   score  40k=1.1915 100k=1.2151
k32_r200_08_lr56 step 33100   auc 0.989881 rep_w 1.0   score  -
k32_r100_09_dec_lr56 step 3900    auc 0.968023 rep_w 0.0   score  -
k8_r100_09_lr56  step 40000   auc 0.997913 rep_w 1.0   score  40k=1.2750
lanes 1   trainers 2   heads 0   evals 4
===== 2026-09-12 01:03:41 =====
gpu 0, 11690 MiB, 90 %
gpu 1, 8230 MiB, 99 %
k3_r100_09       step 200000  auc 0.999517 rep_w 1.0   score  40k=1.3495 100k=1.3395 200k=1.3910
k32_r100_09      step 40000   auc 0.773158 rep_w 1.0   score  40k=1.4629
k32_r200_08      step 28500   auc 0.534748 rep_w 1.0   score  - COLLAPSED
k3_r100_09_dec   step 40000   auc 0.997382 rep_w 0.0   score  40k=1.3236
k32_r100_09_dec  step 19100   auc 0.501426 rep_w 0.0   score  - COLLAPSED
k8_r100_09       step 40000   auc 0.730208 rep_w 1.0   score  40k=1.4537
k3_r100_09b      step 40000   auc 0.998191 rep_w 1.0   score  40k=1.2927
k3_r100_09_lr33  step 40000   auc 0.997974 rep_w 1.0   score  40k=1.2483
k3_r100_09_lr17  step 40000   auc 0.998509 rep_w 1.0   score  40k=1.2612
k3_r100_09_lr56  step 200000  auc 0.999432 rep_w 1.0   score  40k=1.1820 100k=1.3170 200k=1.3189
k32_r100_09_lr56 step 40000   auc 0.730161 rep_w 1.0   score  40k=1.4404
k3_r100_09_mean  step 27400   auc 0.535472 rep_w 1.0   score  - COLLAPSED
k3_r100_09b_lr56 step 40000   auc 0.99887  rep_w 1.0   score  40k=1.2469
k32_r100_09_sum  step 40000   auc 0.991624 rep_w 1.0   score  40k=1.2161
k3_r100_09_lr45  step 40000   auc 0.997576 rep_w 1.0   score  40k=1.2912
k3_r100_09_lr70  step 40000   auc 0.99832  rep_w 1.0   score  40k=1.2192
k3_r100_09_lr56_dec step 200000  auc 0.997967 rep_w 0.0   score  40k=1.2164 100k=1.3507
k3_r100_09_lr56_dec10k step 100000  auc 0.992476 rep_w 0.0   score  40k=1.1915 100k=1.2151
k32_r200_08_lr56 step 34300   auc 0.986863 rep_w 1.0   score  -
k32_r100_09_dec_lr56 step 5500    auc 0.947823 rep_w 0.0   score  -
k8_r100_09_lr56  step 40000   auc 0.997913 rep_w 1.0   score  40k=1.2750
lanes 1   trainers 2   heads 0   evals 4
===== 2026-09-12 01:20:35 =====
gpu 0, 11690 MiB, 90 %
gpu 1, 8230 MiB, 98 %
k3_r100_09       step 200000  auc 0.999517 rep_w 1.0   score  40k=1.3495 100k=1.3395 200k=1.3910
k32_r100_09      step 40000   auc 0.773158 rep_w 1.0   score  40k=1.4629
k32_r200_08      step 28500   auc 0.534748 rep_w 1.0   score  - COLLAPSED
k3_r100_09_dec   step 40000   auc 0.997382 rep_w 0.0   score  40k=1.3236
k32_r100_09_dec  step 19100   auc 0.501426 rep_w 0.0   score  - COLLAPSED
k8_r100_09       step 40000   auc 0.730208 rep_w 1.0   score  40k=1.4537
k3_r100_09b      step 40000   auc 0.998191 rep_w 1.0   score  40k=1.2927
k3_r100_09_lr33  step 40000   auc 0.997974 rep_w 1.0   score  40k=1.2483
k3_r100_09_lr17  step 40000   auc 0.998509 rep_w 1.0   score  40k=1.2612
k3_r100_09_lr56  step 200000  auc 0.999432 rep_w 1.0   score  40k=1.1820 100k=1.3170 200k=1.3189
k32_r100_09_lr56 step 40000   auc 0.730161 rep_w 1.0   score  40k=1.4404
k3_r100_09_mean  step 27400   auc 0.535472 rep_w 1.0   score  - COLLAPSED
k3_r100_09b_lr56 step 40000   auc 0.99887  rep_w 1.0   score  40k=1.2469
k32_r100_09_sum  step 40000   auc 0.991624 rep_w 1.0   score  40k=1.2161
k3_r100_09_lr45  step 40000   auc 0.997576 rep_w 1.0   score  40k=1.2912
k3_r100_09_lr70  step 40000   auc 0.99832  rep_w 1.0   score  40k=1.2192
k3_r100_09_lr56_dec step 200000  auc 0.997967 rep_w 0.0   score  40k=1.2164 100k=1.3507
k3_r100_09_lr56_dec10k step 100000  auc 0.992476 rep_w 0.0   score  40k=1.1915 100k=1.2151
k32_r200_08_lr56 step 35600   auc 0.988893 rep_w 1.0   score  -
k32_r100_09_dec_lr56 step 7100    auc 0.95836  rep_w 0.0   score  -
k8_r100_09_lr56  step 40000   auc 0.997913 rep_w 1.0   score  40k=1.2750
lanes 1   trainers 2   heads 0   evals 4
===== 2026-09-12 01:37:30 =====
gpu 0, 11690 MiB, 95 %
gpu 1, 8230 MiB, 98 %
k3_r100_09       step 200000  auc 0.999517 rep_w 1.0   score  40k=1.3495 100k=1.3395 200k=1.3910
k32_r100_09      step 40000   auc 0.773158 rep_w 1.0   score  40k=1.4629
k32_r200_08      step 28500   auc 0.534748 rep_w 1.0   score  - COLLAPSED
k3_r100_09_dec   step 40000   auc 0.997382 rep_w 0.0   score  40k=1.3236
k32_r100_09_dec  step 19100   auc 0.501426 rep_w 0.0   score  - COLLAPSED
k8_r100_09       step 40000   auc 0.730208 rep_w 1.0   score  40k=1.4537
k3_r100_09b      step 40000   auc 0.998191 rep_w 1.0   score  40k=1.2927
k3_r100_09_lr33  step 40000   auc 0.997974 rep_w 1.0   score  40k=1.2483
k3_r100_09_lr17  step 40000   auc 0.998509 rep_w 1.0   score  40k=1.2612
k3_r100_09_lr56  step 200000  auc 0.999432 rep_w 1.0   score  40k=1.1820 100k=1.3170 200k=1.3189
k32_r100_09_lr56 step 40000   auc 0.730161 rep_w 1.0   score  40k=1.4404
k3_r100_09_mean  step 27400   auc 0.535472 rep_w 1.0   score  - COLLAPSED
k3_r100_09b_lr56 step 40000   auc 0.99887  rep_w 1.0   score  40k=1.2469
k32_r100_09_sum  step 40000   auc 0.991624 rep_w 1.0   score  40k=1.2161
k3_r100_09_lr45  step 40000   auc 0.997576 rep_w 1.0   score  40k=1.2912
k3_r100_09_lr70  step 40000   auc 0.99832  rep_w 1.0   score  40k=1.2192
k3_r100_09_lr56_dec step 200000  auc 0.997967 rep_w 0.0   score  40k=1.2164 100k=1.3507
k3_r100_09_lr56_dec10k step 100000  auc 0.992476 rep_w 0.0   score  40k=1.1915 100k=1.2151
k32_r200_08_lr56 step 36900   auc 0.992619 rep_w 1.0   score  -
k32_r100_09_dec_lr56 step 8600    auc 0.960305 rep_w 0.0   score  -
k8_r100_09_lr56  step 40000   auc 0.997913 rep_w 1.0   score  40k=1.2750
lanes 1   trainers 2   heads 0   evals 4
===== 2026-09-12 01:54:26 =====
gpu 0, 11506 MiB, 99 %
gpu 1, 8230 MiB, 99 %
k3_r100_09       step 200000  auc 0.999517 rep_w 1.0   score  40k=1.3495 100k=1.3395 200k=1.3910
k32_r100_09      step 40000   auc 0.773158 rep_w 1.0   score  40k=1.4629
k32_r200_08      step 28500   auc 0.534748 rep_w 1.0   score  - COLLAPSED
k3_r100_09_dec   step 40000   auc 0.997382 rep_w 0.0   score  40k=1.3236
k32_r100_09_dec  step 19100   auc 0.501426 rep_w 0.0   score  - COLLAPSED
k8_r100_09       step 40000   auc 0.730208 rep_w 1.0   score  40k=1.4537
k3_r100_09b      step 40000   auc 0.998191 rep_w 1.0   score  40k=1.2927
k3_r100_09_lr33  step 40000   auc 0.997974 rep_w 1.0   score  40k=1.2483
k3_r100_09_lr17  step 40000   auc 0.998509 rep_w 1.0   score  40k=1.2612
k3_r100_09_lr56  step 200000  auc 0.999432 rep_w 1.0   score  40k=1.1820 100k=1.3170 200k=1.3189
k32_r100_09_lr56 step 40000   auc 0.730161 rep_w 1.0   score  40k=1.4404
k3_r100_09_mean  step 27400   auc 0.535472 rep_w 1.0   score  - COLLAPSED
k3_r100_09b_lr56 step 40000   auc 0.99887  rep_w 1.0   score  40k=1.2469
k32_r100_09_sum  step 40000   auc 0.991624 rep_w 1.0   score  40k=1.2161
k3_r100_09_lr45  step 40000   auc 0.997576 rep_w 1.0   score  40k=1.2912
k3_r100_09_lr70  step 40000   auc 0.99832  rep_w 1.0   score  40k=1.2192
k3_r100_09_lr56_dec step 200000  auc 0.997967 rep_w 0.0   score  40k=1.2164 100k=1.3507
k3_r100_09_lr56_dec10k step 100000  auc 0.992476 rep_w 0.0   score  40k=1.1915 100k=1.2151
k32_r200_08_lr56 step 38200   auc 0.994373 rep_w 1.0   score  -
k32_r100_09_dec_lr56 step 10200   auc 0.967779 rep_w 0.0   score  -
k8_r100_09_lr56  step 40000   auc 0.997913 rep_w 1.0   score  40k=1.2750
lanes 1   trainers 2   heads 0   evals 4
===== 2026-09-12 02:11:18 =====
gpu 0, 11506 MiB, 95 %
gpu 1, 8230 MiB, 99 %
k3_r100_09       step 200000  auc 0.999517 rep_w 1.0   score  40k=1.3495 100k=1.3395 200k=1.3910
k32_r100_09      step 40000   auc 0.773158 rep_w 1.0   score  40k=1.4629
k32_r200_08      step 28500   auc 0.534748 rep_w 1.0   score  - COLLAPSED
k3_r100_09_dec   step 40000   auc 0.997382 rep_w 0.0   score  40k=1.3236
k32_r100_09_dec  step 19100   auc 0.501426 rep_w 0.0   score  - COLLAPSED
k8_r100_09       step 40000   auc 0.730208 rep_w 1.0   score  40k=1.4537
k3_r100_09b      step 40000   auc 0.998191 rep_w 1.0   score  40k=1.2927
k3_r100_09_lr33  step 40000   auc 0.997974 rep_w 1.0   score  40k=1.2483
k3_r100_09_lr17  step 40000   auc 0.998509 rep_w 1.0   score  40k=1.2612
k3_r100_09_lr56  step 200000  auc 0.999432 rep_w 1.0   score  40k=1.1820 100k=1.3170 200k=1.3189
k32_r100_09_lr56 step 40000   auc 0.730161 rep_w 1.0   score  40k=1.4404
k3_r100_09_mean  step 27400   auc 0.535472 rep_w 1.0   score  - COLLAPSED
k3_r100_09b_lr56 step 40000   auc 0.99887  rep_w 1.0   score  40k=1.2469
k32_r100_09_sum  step 40000   auc 0.991624 rep_w 1.0   score  40k=1.2161
k3_r100_09_lr45  step 40000   auc 0.997576 rep_w 1.0   score  40k=1.2912
k3_r100_09_lr70  step 40000   auc 0.99832  rep_w 1.0   score  40k=1.2192
k3_r100_09_lr56_dec step 200000  auc 0.997967 rep_w 0.0   score  40k=1.2164 100k=1.3507
k3_r100_09_lr56_dec10k step 100000  auc 0.992476 rep_w 0.0   score  40k=1.1915 100k=1.2151
k32_r200_08_lr56 step 39500   auc 0.994197 rep_w 1.0   score  -
k32_r100_09_dec_lr56 step 11700   auc 0.968311 rep_w 0.0   score  -
k8_r100_09_lr56  step 40000   auc 0.997913 rep_w 1.0   score  40k=1.2750
lanes 1   trainers 2   heads 0   evals 4
===== 2026-09-12 02:28:12 =====
gpu 0, 11506 MiB, 97 %
gpu 1, 18312 MiB, 94 %
k3_r100_09       step 200000  auc 0.999517 rep_w 1.0   score  40k=1.3495 100k=1.3395 200k=1.3910
k32_r100_09      step 40000   auc 0.773158 rep_w 1.0   score  40k=1.4629
k32_r200_08      step 28500   auc 0.534748 rep_w 1.0   score  - COLLAPSED
k3_r100_09_dec   step 40000   auc 0.997382 rep_w 0.0   score  40k=1.3236
k32_r100_09_dec  step 19100   auc 0.501426 rep_w 0.0   score  - COLLAPSED
k8_r100_09       step 40000   auc 0.730208 rep_w 1.0   score  40k=1.4537
k3_r100_09b      step 40000   auc 0.998191 rep_w 1.0   score  40k=1.2927
k3_r100_09_lr33  step 40000   auc 0.997974 rep_w 1.0   score  40k=1.2483
k3_r100_09_lr17  step 40000   auc 0.998509 rep_w 1.0   score  40k=1.2612
k3_r100_09_lr56  step 200000  auc 0.999432 rep_w 1.0   score  40k=1.1820 100k=1.3170 200k=1.3189
k32_r100_09_lr56 step 40000   auc 0.730161 rep_w 1.0   score  40k=1.4404
k3_r100_09_mean  step 27400   auc 0.535472 rep_w 1.0   score  - COLLAPSED
k3_r100_09b_lr56 step 40000   auc 0.99887  rep_w 1.0   score  40k=1.2469
k32_r100_09_sum  step 40000   auc 0.991624 rep_w 1.0   score  40k=1.2161
k3_r100_09_lr45  step 40000   auc 0.997576 rep_w 1.0   score  40k=1.2912
k3_r100_09_lr70  step 40000   auc 0.99832  rep_w 1.0   score  40k=1.2192
k3_r100_09_lr56_dec step 200000  auc 0.997967 rep_w 0.0   score  40k=1.2164 100k=1.3507
k3_r100_09_lr56_dec10k step 100000  auc 0.992476 rep_w 0.0   score  40k=1.1915 100k=1.2151
k32_r200_08_lr56 step 40000   auc 0.993937 rep_w 1.0   score  -
k32_r100_09_dec_lr56 step 13300   auc 0.967853 rep_w 0.0   score  -
k8_r100_09_lr56  step 40000   auc 0.997913 rep_w 1.0   score  40k=1.2750
lanes 1   trainers 1   heads 0   evals 4
===== 2026-09-12 02:45:06 =====
gpu 0, 11506 MiB, 98 %
gpu 1, 12056 MiB, 88 %
k3_r100_09       step 200000  auc 0.999517 rep_w 1.0   score  40k=1.3495 100k=1.3395 200k=1.3910
k32_r100_09      step 40000   auc 0.773158 rep_w 1.0   score  40k=1.4629
k32_r200_08      step 28500   auc 0.534748 rep_w 1.0   score  - COLLAPSED
k3_r100_09_dec   step 40000   auc 0.997382 rep_w 0.0   score  40k=1.3236
k32_r100_09_dec  step 19100   auc 0.501426 rep_w 0.0   score  - COLLAPSED
k8_r100_09       step 40000   auc 0.730208 rep_w 1.0   score  40k=1.4537
k3_r100_09b      step 40000   auc 0.998191 rep_w 1.0   score  40k=1.2927
k3_r100_09_lr33  step 40000   auc 0.997974 rep_w 1.0   score  40k=1.2483
k3_r100_09_lr17  step 40000   auc 0.998509 rep_w 1.0   score  40k=1.2612
k3_r100_09_lr56  step 200000  auc 0.999432 rep_w 1.0   score  40k=1.1820 100k=1.3170 200k=1.3189
k32_r100_09_lr56 step 40000   auc 0.730161 rep_w 1.0   score  40k=1.4404
k3_r100_09_mean  step 27400   auc 0.535472 rep_w 1.0   score  - COLLAPSED
k3_r100_09b_lr56 step 40000   auc 0.99887  rep_w 1.0   score  40k=1.2469
k32_r100_09_sum  step 40000   auc 0.991624 rep_w 1.0   score  40k=1.2161
k3_r100_09_lr45  step 40000   auc 0.997576 rep_w 1.0   score  40k=1.2912
k3_r100_09_lr70  step 40000   auc 0.99832  rep_w 1.0   score  40k=1.2192
k3_r100_09_lr56_dec step 200000  auc 0.997967 rep_w 0.0   score  40k=1.2164 100k=1.3507
k3_r100_09_lr56_dec10k step 100000  auc 0.992476 rep_w 0.0   score  40k=1.1915 100k=1.2151
k32_r200_08_lr56 step 40000   auc 0.993937 rep_w 1.0   score  -
k32_r100_09_dec_lr56 step 14800   auc 0.968261 rep_w 0.0   score  -
k8_r100_09_lr56  step 40000   auc 0.997913 rep_w 1.0   score  40k=1.2750
lanes 1   trainers 1   heads 1   evals 4
===== 2026-09-12 03:01:59 =====
gpu 0, 11506 MiB, 90 %
gpu 1, 12056 MiB, 99 %
k3_r100_09       step 200000  auc 0.999517 rep_w 1.0   score  40k=1.3495 100k=1.3395 200k=1.3910
k32_r100_09      step 40000   auc 0.773158 rep_w 1.0   score  40k=1.4629
k32_r200_08      step 28500   auc 0.534748 rep_w 1.0   score  - COLLAPSED
k3_r100_09_dec   step 40000   auc 0.997382 rep_w 0.0   score  40k=1.3236
k32_r100_09_dec  step 19100   auc 0.501426 rep_w 0.0   score  - COLLAPSED
k8_r100_09       step 40000   auc 0.730208 rep_w 1.0   score  40k=1.4537
k3_r100_09b      step 40000   auc 0.998191 rep_w 1.0   score  40k=1.2927
k3_r100_09_lr33  step 40000   auc 0.997974 rep_w 1.0   score  40k=1.2483
k3_r100_09_lr17  step 40000   auc 0.998509 rep_w 1.0   score  40k=1.2612
k3_r100_09_lr56  step 200000  auc 0.999432 rep_w 1.0   score  40k=1.1820 100k=1.3170 200k=1.3189
k32_r100_09_lr56 step 40000   auc 0.730161 rep_w 1.0   score  40k=1.4404
k3_r100_09_mean  step 27400   auc 0.535472 rep_w 1.0   score  - COLLAPSED
k3_r100_09b_lr56 step 40000   auc 0.99887  rep_w 1.0   score  40k=1.2469
k32_r100_09_sum  step 40000   auc 0.991624 rep_w 1.0   score  40k=1.2161
k3_r100_09_lr45  step 40000   auc 0.997576 rep_w 1.0   score  40k=1.2912
k3_r100_09_lr70  step 40000   auc 0.99832  rep_w 1.0   score  40k=1.2192
k3_r100_09_lr56_dec step 200000  auc 0.997967 rep_w 0.0   score  40k=1.2164 100k=1.3507
k3_r100_09_lr56_dec10k step 100000  auc 0.992476 rep_w 0.0   score  40k=1.1915 100k=1.2151
k32_r200_08_lr56 step 40000   auc 0.993937 rep_w 1.0   score  -
k32_r100_09_dec_lr56 step 16300   auc 0.971537 rep_w 0.0   score  -
k8_r100_09_lr56  step 40000   auc 0.997913 rep_w 1.0   score  40k=1.2750
lanes 1   trainers 1   heads 1   evals 4
===== 2026-09-12 03:18:55 =====
gpu 0, 11506 MiB, 92 %
gpu 1, 12056 MiB, 95 %
k3_r100_09       step 200000  auc 0.999517 rep_w 1.0   score  40k=1.3495 100k=1.3395 200k=1.3910
k32_r100_09      step 40000   auc 0.773158 rep_w 1.0   score  40k=1.4629
k32_r200_08      step 28500   auc 0.534748 rep_w 1.0   score  - COLLAPSED
k3_r100_09_dec   step 40000   auc 0.997382 rep_w 0.0   score  40k=1.3236
k32_r100_09_dec  step 19100   auc 0.501426 rep_w 0.0   score  - COLLAPSED
k8_r100_09       step 40000   auc 0.730208 rep_w 1.0   score  40k=1.4537
k3_r100_09b      step 40000   auc 0.998191 rep_w 1.0   score  40k=1.2927
k3_r100_09_lr33  step 40000   auc 0.997974 rep_w 1.0   score  40k=1.2483
k3_r100_09_lr17  step 40000   auc 0.998509 rep_w 1.0   score  40k=1.2612
k3_r100_09_lr56  step 200000  auc 0.999432 rep_w 1.0   score  40k=1.1820 100k=1.3170 200k=1.3189
k32_r100_09_lr56 step 40000   auc 0.730161 rep_w 1.0   score  40k=1.4404
k3_r100_09_mean  step 27400   auc 0.535472 rep_w 1.0   score  - COLLAPSED
k3_r100_09b_lr56 step 40000   auc 0.99887  rep_w 1.0   score  40k=1.2469
k32_r100_09_sum  step 40000   auc 0.991624 rep_w 1.0   score  40k=1.2161
k3_r100_09_lr45  step 40000   auc 0.997576 rep_w 1.0   score  40k=1.2912
k3_r100_09_lr70  step 40000   auc 0.99832  rep_w 1.0   score  40k=1.2192
k3_r100_09_lr56_dec step 200000  auc 0.997967 rep_w 0.0   score  40k=1.2164 100k=1.3507
k3_r100_09_lr56_dec10k step 100000  auc 0.992476 rep_w 0.0   score  40k=1.1915 100k=1.2151
k32_r200_08_lr56 step 40000   auc 0.993937 rep_w 1.0   score  -
k32_r100_09_dec_lr56 step 17900   auc 0.971077 rep_w 0.0   score  -
k8_r100_09_lr56  step 40000   auc 0.997913 rep_w 1.0   score  40k=1.2750
lanes 1   trainers 1   heads 1   evals 2
===== 2026-09-12 03:35:45 =====
gpu 0, 12134 MiB, 90 %
gpu 1, 12056 MiB, 94 %
k3_r100_09       step 200000  auc 0.999517 rep_w 1.0   score  40k=1.3495 100k=1.3395 200k=1.3910
k32_r100_09      step 40000   auc 0.773158 rep_w 1.0   score  40k=1.4629
k32_r200_08      step 28500   auc 0.534748 rep_w 1.0   score  - COLLAPSED
k3_r100_09_dec   step 40000   auc 0.997382 rep_w 0.0   score  40k=1.3236
k32_r100_09_dec  step 19100   auc 0.501426 rep_w 0.0   score  - COLLAPSED
k8_r100_09       step 40000   auc 0.730208 rep_w 1.0   score  40k=1.4537
k3_r100_09b      step 40000   auc 0.998191 rep_w 1.0   score  40k=1.2927
k3_r100_09_lr33  step 40000   auc 0.997974 rep_w 1.0   score  40k=1.2483
k3_r100_09_lr17  step 40000   auc 0.998509 rep_w 1.0   score  40k=1.2612
k3_r100_09_lr56  step 200000  auc 0.999432 rep_w 1.0   score  40k=1.1820 100k=1.3170 200k=1.3189
k32_r100_09_lr56 step 40000   auc 0.730161 rep_w 1.0   score  40k=1.4404
k3_r100_09_mean  step 27400   auc 0.535472 rep_w 1.0   score  - COLLAPSED
k3_r100_09b_lr56 step 40000   auc 0.99887  rep_w 1.0   score  40k=1.2469
k32_r100_09_sum  step 40000   auc 0.991624 rep_w 1.0   score  40k=1.2161
k3_r100_09_lr45  step 40000   auc 0.997576 rep_w 1.0   score  40k=1.2912
k3_r100_09_lr70  step 40000   auc 0.99832  rep_w 1.0   score  40k=1.2192
k3_r100_09_lr56_dec step 200000  auc 0.997967 rep_w 0.0   score  40k=1.2164 100k=1.3507
k3_r100_09_lr56_dec10k step 100000  auc 0.992476 rep_w 0.0   score  40k=1.1915 100k=1.2151
k32_r200_08_lr56 step 40000   auc 0.993937 rep_w 1.0   score  -
k32_r100_09_dec_lr56 step 19600   auc 0.973958 rep_w 0.0   score  -
k8_r100_09_lr56  step 40000   auc 0.997913 rep_w 1.0   score  40k=1.2750
lanes 1   trainers 1   heads 1   evals 1
===== 2026-09-12 03:52:33 =====
gpu 0, 7510 MiB, 98 %
gpu 1, 12056 MiB, 99 %
k3_r100_09       step 200000  auc 0.999517 rep_w 1.0   score  40k=1.3495 100k=1.3395 200k=1.3910
k32_r100_09      step 40000   auc 0.773158 rep_w 1.0   score  40k=1.4629
k32_r200_08      step 28500   auc 0.534748 rep_w 1.0   score  - COLLAPSED
k3_r100_09_dec   step 40000   auc 0.997382 rep_w 0.0   score  40k=1.3236
k32_r100_09_dec  step 19100   auc 0.501426 rep_w 0.0   score  - COLLAPSED
k8_r100_09       step 40000   auc 0.730208 rep_w 1.0   score  40k=1.4537
k3_r100_09b      step 40000   auc 0.998191 rep_w 1.0   score  40k=1.2927
k3_r100_09_lr33  step 40000   auc 0.997974 rep_w 1.0   score  40k=1.2483
k3_r100_09_lr17  step 40000   auc 0.998509 rep_w 1.0   score  40k=1.2612
k3_r100_09_lr56  step 200000  auc 0.999432 rep_w 1.0   score  40k=1.1820 100k=1.3170 200k=1.3189
k32_r100_09_lr56 step 40000   auc 0.730161 rep_w 1.0   score  40k=1.4404
k3_r100_09_mean  step 27400   auc 0.535472 rep_w 1.0   score  - COLLAPSED
k3_r100_09b_lr56 step 40000   auc 0.99887  rep_w 1.0   score  40k=1.2469
k32_r100_09_sum  step 40000   auc 0.991624 rep_w 1.0   score  40k=1.2161
k3_r100_09_lr45  step 40000   auc 0.997576 rep_w 1.0   score  40k=1.2912
k3_r100_09_lr70  step 40000   auc 0.99832  rep_w 1.0   score  40k=1.2192
k3_r100_09_lr56_dec step 200000  auc 0.997967 rep_w 0.0   score  40k=1.2164 100k=1.3507 200k=1.2979
k3_r100_09_lr56_dec10k step 100000  auc 0.992476 rep_w 0.0   score  40k=1.1915 100k=1.2151
k32_r200_08_lr56 step 40000   auc 0.993937 rep_w 1.0   score  -
k32_r100_09_dec_lr56 step 21200   auc 0.977699 rep_w 0.0   score  -
k8_r100_09_lr56  step 40000   auc 0.997913 rep_w 1.0   score  40k=1.2750
lanes 0   trainers 1   heads 1   evals 0
===== 2026-09-12 04:09:27 =====
gpu 0, 7510 MiB, 99 %
gpu 1, 20379 MiB, 88 %
k3_r100_09       step 200000  auc 0.999517 rep_w 1.0   score  40k=1.3495 100k=1.3395 200k=1.3910
k32_r100_09      step 40000   auc 0.773158 rep_w 1.0   score  40k=1.4629
k32_r200_08      step 28500   auc 0.534748 rep_w 1.0   score  - COLLAPSED
k3_r100_09_dec   step 40000   auc 0.997382 rep_w 0.0   score  40k=1.3236
k32_r100_09_dec  step 19100   auc 0.501426 rep_w 0.0   score  - COLLAPSED
k8_r100_09       step 40000   auc 0.730208 rep_w 1.0   score  40k=1.4537
k3_r100_09b      step 40000   auc 0.998191 rep_w 1.0   score  40k=1.2927
k3_r100_09_lr33  step 40000   auc 0.997974 rep_w 1.0   score  40k=1.2483
k3_r100_09_lr17  step 40000   auc 0.998509 rep_w 1.0   score  40k=1.2612
k3_r100_09_lr56  step 200000  auc 0.999432 rep_w 1.0   score  40k=1.1820 100k=1.3170 200k=1.3189
k32_r100_09_lr56 step 40000   auc 0.730161 rep_w 1.0   score  40k=1.4404
k3_r100_09_mean  step 27400   auc 0.535472 rep_w 1.0   score  - COLLAPSED
k3_r100_09b_lr56 step 40000   auc 0.99887  rep_w 1.0   score  40k=1.2469
k32_r100_09_sum  step 40000   auc 0.991624 rep_w 1.0   score  40k=1.2161
k3_r100_09_lr45  step 40000   auc 0.997576 rep_w 1.0   score  40k=1.2912
k3_r100_09_lr70  step 40000   auc 0.99832  rep_w 1.0   score  40k=1.2192
k3_r100_09_lr56_dec step 200000  auc 0.997967 rep_w 0.0   score  40k=1.2164 100k=1.3507 200k=1.2979
k3_r100_09_lr56_dec10k step 100000  auc 0.992476 rep_w 0.0   score  40k=1.1915 100k=1.2151
k32_r200_08_lr56 step 40000   auc 0.993937 rep_w 1.0   score  -
k32_r100_09_dec_lr56 step 22700   auc 0.975592 rep_w 0.0   score  -
k8_r100_09_lr56  step 40000   auc 0.997913 rep_w 1.0   score  40k=1.2750
lanes 0   trainers 1   heads 0   evals 4
===== 2026-09-12 04:26:18 =====
gpu 0, 9578 MiB, 96 %
gpu 1, 21663 MiB, 32 %
k3_r100_09       step 200000  auc 0.999517 rep_w 1.0   score  40k=1.3495 100k=1.3395 200k=1.3910
k32_r100_09      step 40000   auc 0.773158 rep_w 1.0   score  40k=1.4629
k32_r200_08      step 28500   auc 0.534748 rep_w 1.0   score  - COLLAPSED
k3_r100_09_dec   step 40000   auc 0.997382 rep_w 0.0   score  40k=1.3236
k32_r100_09_dec  step 19100   auc 0.501426 rep_w 0.0   score  - COLLAPSED
k8_r100_09       step 40000   auc 0.730208 rep_w 1.0   score  40k=1.4537
k3_r100_09b      step 40000   auc 0.998191 rep_w 1.0   score  40k=1.2927
k3_r100_09_lr33  step 40000   auc 0.997974 rep_w 1.0   score  40k=1.2483
k3_r100_09_lr17  step 40000   auc 0.998509 rep_w 1.0   score  40k=1.2612
k3_r100_09_lr56  step 200000  auc 0.999432 rep_w 1.0   score  40k=1.1820 100k=1.3170 200k=1.3189
k32_r100_09_lr56 step 40000   auc 0.730161 rep_w 1.0   score  40k=1.4404
k3_r100_09_mean  step 27400   auc 0.535472 rep_w 1.0   score  - COLLAPSED
k3_r100_09b_lr56 step 40000   auc 0.99887  rep_w 1.0   score  40k=1.2469
k32_r100_09_sum  step 40000   auc 0.991624 rep_w 1.0   score  40k=1.2161
k3_r100_09_lr45  step 40000   auc 0.997576 rep_w 1.0   score  40k=1.2912
k3_r100_09_lr70  step 40000   auc 0.99832  rep_w 1.0   score  40k=1.2192
k3_r100_09_lr56_dec step 200000  auc 0.997967 rep_w 0.0   score  40k=1.2164 100k=1.3507 200k=1.2979
k3_r100_09_lr56_dec10k step 100000  auc 0.992476 rep_w 0.0   score  40k=1.1915 100k=1.2151
k32_r200_08_lr56 step 40000   auc 0.993937 rep_w 1.0   score  -
k32_r100_09_dec_lr56 step 24300   auc 0.974205 rep_w 0.0   score  -
k8_r100_09_lr56  step 40000   auc 0.997913 rep_w 1.0   score  40k=1.2750
lanes 0   trainers 1   heads 0   evals 4
===== 2026-09-12 04:43:06 =====
gpu 0, 9578 MiB, 96 %
gpu 1, 15408 MiB, 96 %
k3_r100_09       step 200000  auc 0.999517 rep_w 1.0   score  40k=1.3495 100k=1.3395 200k=1.3910
k32_r100_09      step 40000   auc 0.773158 rep_w 1.0   score  40k=1.4629
k32_r200_08      step 28500   auc 0.534748 rep_w 1.0   score  - COLLAPSED
k3_r100_09_dec   step 40000   auc 0.997382 rep_w 0.0   score  40k=1.3236
k32_r100_09_dec  step 19100   auc 0.501426 rep_w 0.0   score  - COLLAPSED
k8_r100_09       step 40000   auc 0.730208 rep_w 1.0   score  40k=1.4537
k3_r100_09b      step 40000   auc 0.998191 rep_w 1.0   score  40k=1.2927
k3_r100_09_lr33  step 40000   auc 0.997974 rep_w 1.0   score  40k=1.2483
k3_r100_09_lr17  step 40000   auc 0.998509 rep_w 1.0   score  40k=1.2612
k3_r100_09_lr56  step 200000  auc 0.999432 rep_w 1.0   score  40k=1.1820 100k=1.3170 200k=1.3189
k32_r100_09_lr56 step 40000   auc 0.730161 rep_w 1.0   score  40k=1.4404
k3_r100_09_mean  step 27400   auc 0.535472 rep_w 1.0   score  - COLLAPSED
k3_r100_09b_lr56 step 40000   auc 0.99887  rep_w 1.0   score  40k=1.2469
k32_r100_09_sum  step 40000   auc 0.991624 rep_w 1.0   score  40k=1.2161
k3_r100_09_lr45  step 40000   auc 0.997576 rep_w 1.0   score  40k=1.2912
k3_r100_09_lr70  step 40000   auc 0.99832  rep_w 1.0   score  40k=1.2192
k3_r100_09_lr56_dec step 200000  auc 0.997967 rep_w 0.0   score  40k=1.2164 100k=1.3507 200k=1.2979
k3_r100_09_lr56_dec10k step 100000  auc 0.992476 rep_w 0.0   score  40k=1.1915 100k=1.2151
k32_r200_08_lr56 step 40000   auc 0.993937 rep_w 1.0   score  -
k32_r100_09_dec_lr56 step 25800   auc 0.979377 rep_w 0.0   score  -
k8_r100_09_lr56  step 40000   auc 0.997913 rep_w 1.0   score  40k=1.2750
lanes 0   trainers 1   heads 1   evals 4
===== 2026-09-12 04:59:56 =====
gpu 0, 9578 MiB, 95 %
gpu 1, 15408 MiB, 64 %
k3_r100_09       step 200000  auc 0.999517 rep_w 1.0   score  40k=1.3495 100k=1.3395 200k=1.3910
k32_r100_09      step 40000   auc 0.773158 rep_w 1.0   score  40k=1.4629
k32_r200_08      step 28500   auc 0.534748 rep_w 1.0   score  - COLLAPSED
k3_r100_09_dec   step 40000   auc 0.997382 rep_w 0.0   score  40k=1.3236
k32_r100_09_dec  step 19100   auc 0.501426 rep_w 0.0   score  - COLLAPSED
k8_r100_09       step 40000   auc 0.730208 rep_w 1.0   score  40k=1.4537
k3_r100_09b      step 40000   auc 0.998191 rep_w 1.0   score  40k=1.2927
k3_r100_09_lr33  step 40000   auc 0.997974 rep_w 1.0   score  40k=1.2483
k3_r100_09_lr17  step 40000   auc 0.998509 rep_w 1.0   score  40k=1.2612
k3_r100_09_lr56  step 200000  auc 0.999432 rep_w 1.0   score  40k=1.1820 100k=1.3170 200k=1.3189
k32_r100_09_lr56 step 40000   auc 0.730161 rep_w 1.0   score  40k=1.4404
k3_r100_09_mean  step 27400   auc 0.535472 rep_w 1.0   score  - COLLAPSED
k3_r100_09b_lr56 step 40000   auc 0.99887  rep_w 1.0   score  40k=1.2469
k32_r100_09_sum  step 40000   auc 0.991624 rep_w 1.0   score  40k=1.2161
k3_r100_09_lr45  step 40000   auc 0.997576 rep_w 1.0   score  40k=1.2912
k3_r100_09_lr70  step 40000   auc 0.99832  rep_w 1.0   score  40k=1.2192
k3_r100_09_lr56_dec step 200000  auc 0.997967 rep_w 0.0   score  40k=1.2164 100k=1.3507 200k=1.2979
k3_r100_09_lr56_dec10k step 100000  auc 0.992476 rep_w 0.0   score  40k=1.1915 100k=1.2151
k32_r200_08_lr56 step 40000   auc 0.993937 rep_w 1.0   score  -
k32_r100_09_dec_lr56 step 27400   auc 0.977123 rep_w 0.0   score  -
k8_r100_09_lr56  step 40000   auc 0.997913 rep_w 1.0   score  40k=1.2750
lanes 0   trainers 1   heads 1   evals 4
===== 2026-09-12 05:16:46 =====
gpu 0, 9578 MiB, 95 %
gpu 1, 15408 MiB, 73 %
k3_r100_09       step 200000  auc 0.999517 rep_w 1.0   score  40k=1.3495 100k=1.3395 200k=1.3910
k32_r100_09      step 40000   auc 0.773158 rep_w 1.0   score  40k=1.4629
k32_r200_08      step 28500   auc 0.534748 rep_w 1.0   score  - COLLAPSED
k3_r100_09_dec   step 40000   auc 0.997382 rep_w 0.0   score  40k=1.3236
k32_r100_09_dec  step 19100   auc 0.501426 rep_w 0.0   score  - COLLAPSED
k8_r100_09       step 40000   auc 0.730208 rep_w 1.0   score  40k=1.4537
k3_r100_09b      step 40000   auc 0.998191 rep_w 1.0   score  40k=1.2927
k3_r100_09_lr33  step 40000   auc 0.997974 rep_w 1.0   score  40k=1.2483
k3_r100_09_lr17  step 40000   auc 0.998509 rep_w 1.0   score  40k=1.2612
k3_r100_09_lr56  step 200000  auc 0.999432 rep_w 1.0   score  40k=1.1820 100k=1.3170 200k=1.3189
k32_r100_09_lr56 step 40000   auc 0.730161 rep_w 1.0   score  40k=1.4404
k3_r100_09_mean  step 27400   auc 0.535472 rep_w 1.0   score  - COLLAPSED
k3_r100_09b_lr56 step 40000   auc 0.99887  rep_w 1.0   score  40k=1.2469
k32_r100_09_sum  step 40000   auc 0.991624 rep_w 1.0   score  40k=1.2161
k3_r100_09_lr45  step 40000   auc 0.997576 rep_w 1.0   score  40k=1.2912
k3_r100_09_lr70  step 40000   auc 0.99832  rep_w 1.0   score  40k=1.2192
k3_r100_09_lr56_dec step 200000  auc 0.997967 rep_w 0.0   score  40k=1.2164 100k=1.3507 200k=1.2979
k3_r100_09_lr56_dec10k step 100000  auc 0.992476 rep_w 0.0   score  40k=1.1915 100k=1.2151
k32_r200_08_lr56 step 40000   auc 0.993937 rep_w 1.0   score  -
k32_r100_09_dec_lr56 step 28900   auc 0.974765 rep_w 0.0   score  -
k8_r100_09_lr56  step 40000   auc 0.997913 rep_w 1.0   score  40k=1.2750
lanes 0   trainers 1   heads 1   evals 4
===== 2026-09-12 05:33:35 =====
gpu 0, 9578 MiB, 91 %
gpu 1, 15408 MiB, 56 %
k3_r100_09       step 200000  auc 0.999517 rep_w 1.0   score  40k=1.3495 100k=1.3395 200k=1.3910
k32_r100_09      step 40000   auc 0.773158 rep_w 1.0   score  40k=1.4629
k32_r200_08      step 28500   auc 0.534748 rep_w 1.0   score  - COLLAPSED
k3_r100_09_dec   step 40000   auc 0.997382 rep_w 0.0   score  40k=1.3236
k32_r100_09_dec  step 19100   auc 0.501426 rep_w 0.0   score  - COLLAPSED
k8_r100_09       step 40000   auc 0.730208 rep_w 1.0   score  40k=1.4537
k3_r100_09b      step 40000   auc 0.998191 rep_w 1.0   score  40k=1.2927
k3_r100_09_lr33  step 40000   auc 0.997974 rep_w 1.0   score  40k=1.2483
k3_r100_09_lr17  step 40000   auc 0.998509 rep_w 1.0   score  40k=1.2612
k3_r100_09_lr56  step 200000  auc 0.999432 rep_w 1.0   score  40k=1.1820 100k=1.3170 200k=1.3189
k32_r100_09_lr56 step 40000   auc 0.730161 rep_w 1.0   score  40k=1.4404
k3_r100_09_mean  step 27400   auc 0.535472 rep_w 1.0   score  - COLLAPSED
k3_r100_09b_lr56 step 40000   auc 0.99887  rep_w 1.0   score  40k=1.2469
k32_r100_09_sum  step 40000   auc 0.991624 rep_w 1.0   score  40k=1.2161
k3_r100_09_lr45  step 40000   auc 0.997576 rep_w 1.0   score  40k=1.2912
k3_r100_09_lr70  step 40000   auc 0.99832  rep_w 1.0   score  40k=1.2192
k3_r100_09_lr56_dec step 200000  auc 0.997967 rep_w 0.0   score  40k=1.2164 100k=1.3507 200k=1.2979
k3_r100_09_lr56_dec10k step 100000  auc 0.992476 rep_w 0.0   score  40k=1.1915 100k=1.2151
k32_r200_08_lr56 step 40000   auc 0.993937 rep_w 1.0   score  -
k32_r100_09_dec_lr56 step 30500   auc 0.973985 rep_w 0.0   score  -
k8_r100_09_lr56  step 40000   auc 0.997913 rep_w 1.0   score  40k=1.2750
lanes 0   trainers 1   heads 1   evals 4
===== 2026-09-12 05:50:26 =====
gpu 0, 9578 MiB, 95 %
gpu 1, 21663 MiB, 53 %
k3_r100_09       step 200000  auc 0.999517 rep_w 1.0   score  40k=1.3495 100k=1.3395 200k=1.3910
k32_r100_09      step 40000   auc 0.773158 rep_w 1.0   score  40k=1.4629
k32_r200_08      step 28500   auc 0.534748 rep_w 1.0   score  - COLLAPSED
k3_r100_09_dec   step 40000   auc 0.997382 rep_w 0.0   score  40k=1.3236
k32_r100_09_dec  step 19100   auc 0.501426 rep_w 0.0   score  - COLLAPSED
k8_r100_09       step 40000   auc 0.730208 rep_w 1.0   score  40k=1.4537
k3_r100_09b      step 40000   auc 0.998191 rep_w 1.0   score  40k=1.2927
k3_r100_09_lr33  step 40000   auc 0.997974 rep_w 1.0   score  40k=1.2483
k3_r100_09_lr17  step 40000   auc 0.998509 rep_w 1.0   score  40k=1.2612
k3_r100_09_lr56  step 200000  auc 0.999432 rep_w 1.0   score  40k=1.1820 100k=1.3170 200k=1.3189
k32_r100_09_lr56 step 40000   auc 0.730161 rep_w 1.0   score  40k=1.4404
k3_r100_09_mean  step 27400   auc 0.535472 rep_w 1.0   score  - COLLAPSED
k3_r100_09b_lr56 step 40000   auc 0.99887  rep_w 1.0   score  40k=1.2469
k32_r100_09_sum  step 40000   auc 0.991624 rep_w 1.0   score  40k=1.2161
k3_r100_09_lr45  step 40000   auc 0.997576 rep_w 1.0   score  40k=1.2912
k3_r100_09_lr70  step 40000   auc 0.99832  rep_w 1.0   score  40k=1.2192
k3_r100_09_lr56_dec step 200000  auc 0.997967 rep_w 0.0   score  40k=1.2164 100k=1.3507 200k=1.2979
k3_r100_09_lr56_dec10k step 100000  auc 0.992476 rep_w 0.0   score  40k=1.1915 100k=1.2151
k32_r200_08_lr56 step 40000   auc 0.993937 rep_w 1.0   score  -
k32_r100_09_dec_lr56 step 32000   auc 0.980382 rep_w 0.0   score  -
k8_r100_09_lr56  step 40000   auc 0.997913 rep_w 1.0   score  40k=1.2750
lanes 0   trainers 1   heads 0   evals 8
===== 2026-09-12 06:07:22 =====
gpu 0, 9578 MiB, 94 %
gpu 1, 21663 MiB, 0 %
k3_r100_09       step 200000  auc 0.999517 rep_w 1.0   score  40k=1.3495 100k=1.3395 200k=1.3910
k32_r100_09      step 40000   auc 0.773158 rep_w 1.0   score  40k=1.4629
k32_r200_08      step 28500   auc 0.534748 rep_w 1.0   score  - COLLAPSED
k3_r100_09_dec   step 40000   auc 0.997382 rep_w 0.0   score  40k=1.3236
k32_r100_09_dec  step 19100   auc 0.501426 rep_w 0.0   score  - COLLAPSED
k8_r100_09       step 40000   auc 0.730208 rep_w 1.0   score  40k=1.4537
k3_r100_09b      step 40000   auc 0.998191 rep_w 1.0   score  40k=1.2927
k3_r100_09_lr33  step 40000   auc 0.997974 rep_w 1.0   score  40k=1.2483
k3_r100_09_lr17  step 40000   auc 0.998509 rep_w 1.0   score  40k=1.2612
k3_r100_09_lr56  step 200000  auc 0.999432 rep_w 1.0   score  40k=1.1820 100k=1.3170 200k=1.3189
k32_r100_09_lr56 step 40000   auc 0.730161 rep_w 1.0   score  40k=1.4404
k3_r100_09_mean  step 27400   auc 0.535472 rep_w 1.0   score  - COLLAPSED
k3_r100_09b_lr56 step 40000   auc 0.99887  rep_w 1.0   score  40k=1.2469
k32_r100_09_sum  step 40000   auc 0.991624 rep_w 1.0   score  40k=1.2161
k3_r100_09_lr45  step 40000   auc 0.997576 rep_w 1.0   score  40k=1.2912
k3_r100_09_lr70  step 40000   auc 0.99832  rep_w 1.0   score  40k=1.2192
k3_r100_09_lr56_dec step 200000  auc 0.997967 rep_w 0.0   score  40k=1.2164 100k=1.3507 200k=1.2979
k3_r100_09_lr56_dec10k step 100000  auc 0.992476 rep_w 0.0   score  40k=1.1915 100k=1.2151
k32_r200_08_lr56 step 40000   auc 0.993937 rep_w 1.0   score  -
k32_r100_09_dec_lr56 step 33400   auc 0.979084 rep_w 0.0   score  -
k8_r100_09_lr56  step 40000   auc 0.997913 rep_w 1.0   score  40k=1.2750
lanes 0   trainers 1   heads 0   evals 8
===== 2026-09-12 06:24:17 =====
gpu 0, 9578 MiB, 94 %
gpu 1, 20641 MiB, 84 %
k3_r100_09       step 200000  auc 0.999517 rep_w 1.0   score  40k=1.3495 100k=1.3395 200k=1.3910
k32_r100_09      step 40000   auc 0.773158 rep_w 1.0   score  40k=1.4629
k32_r200_08      step 28500   auc 0.534748 rep_w 1.0   score  - COLLAPSED
k3_r100_09_dec   step 40000   auc 0.997382 rep_w 0.0   score  40k=1.3236
k32_r100_09_dec  step 19100   auc 0.501426 rep_w 0.0   score  - COLLAPSED
k8_r100_09       step 40000   auc 0.730208 rep_w 1.0   score  40k=1.4537
k3_r100_09b      step 40000   auc 0.998191 rep_w 1.0   score  40k=1.2927
k3_r100_09_lr33  step 40000   auc 0.997974 rep_w 1.0   score  40k=1.2483
k3_r100_09_lr17  step 40000   auc 0.998509 rep_w 1.0   score  40k=1.2612
k3_r100_09_lr56  step 200000  auc 0.999432 rep_w 1.0   score  40k=1.1820 100k=1.3170 200k=1.3189
k32_r100_09_lr56 step 40000   auc 0.730161 rep_w 1.0   score  40k=1.4404
k3_r100_09_mean  step 27400   auc 0.535472 rep_w 1.0   score  - COLLAPSED
k3_r100_09b_lr56 step 40000   auc 0.99887  rep_w 1.0   score  40k=1.2469
k32_r100_09_sum  step 40000   auc 0.991624 rep_w 1.0   score  40k=1.2161
k3_r100_09_lr45  step 40000   auc 0.997576 rep_w 1.0   score  40k=1.2912
k3_r100_09_lr70  step 40000   auc 0.99832  rep_w 1.0   score  40k=1.2192
k3_r100_09_lr56_dec step 200000  auc 0.997967 rep_w 0.0   score  40k=1.2164 100k=1.3507 200k=1.2979
k3_r100_09_lr56_dec10k step 100000  auc 0.992476 rep_w 0.0   score  40k=1.1915 100k=1.2151
k32_r200_08_lr56 step 40000   auc 0.993937 rep_w 1.0   score  -
k32_r100_09_dec_lr56 step 34800   auc 0.979271 rep_w 0.0   score  -
k8_r100_09_lr56  step 40000   auc 0.997913 rep_w 1.0   score  40k=1.2750
lanes 0   trainers 1   heads 0   evals 8
===== 2026-09-12 06:41:10 =====
gpu 0, 8191 MiB, 88 %
gpu 1, 14386 MiB, 88 %
k3_r100_09       step 200000  auc 0.999517 rep_w 1.0   score  40k=1.3495 100k=1.3395 200k=1.3910
k32_r100_09      step 40000   auc 0.773158 rep_w 1.0   score  40k=1.4629
k32_r200_08      step 28500   auc 0.534748 rep_w 1.0   score  - COLLAPSED
k3_r100_09_dec   step 40000   auc 0.997382 rep_w 0.0   score  40k=1.3236
k32_r100_09_dec  step 19100   auc 0.501426 rep_w 0.0   score  - COLLAPSED
k8_r100_09       step 40000   auc 0.730208 rep_w 1.0   score  40k=1.4537
k3_r100_09b      step 40000   auc 0.998191 rep_w 1.0   score  40k=1.2927
k3_r100_09_lr33  step 40000   auc 0.997974 rep_w 1.0   score  40k=1.2483
k3_r100_09_lr17  step 40000   auc 0.998509 rep_w 1.0   score  40k=1.2612
k3_r100_09_lr56  step 200000  auc 0.999432 rep_w 1.0   score  40k=1.1820 100k=1.3170 200k=1.3189
k32_r100_09_lr56 step 40000   auc 0.730161 rep_w 1.0   score  40k=1.4404
k3_r100_09_mean  step 27400   auc 0.535472 rep_w 1.0   score  - COLLAPSED
k3_r100_09b_lr56 step 40000   auc 0.99887  rep_w 1.0   score  40k=1.2469
k32_r100_09_sum  step 40000   auc 0.991624 rep_w 1.0   score  40k=1.2161
k3_r100_09_lr45  step 40000   auc 0.997576 rep_w 1.0   score  40k=1.2912
k3_r100_09_lr70  step 40000   auc 0.99832  rep_w 1.0   score  40k=1.2192
k3_r100_09_lr56_dec step 200000  auc 0.997967 rep_w 0.0   score  40k=1.2164 100k=1.3507 200k=1.2979
k3_r100_09_lr56_dec10k step 100000  auc 0.992476 rep_w 0.0   score  40k=1.1915 100k=1.2151
k32_r200_08_lr56 step 40000   auc 0.993937 rep_w 1.0   score  -
k32_r100_09_dec_lr56 step 36200   auc 0.977001 rep_w 0.0   score  -
k8_r100_09_lr56  step 40000   auc 0.997913 rep_w 1.0   score  40k=1.2750
lanes 0   trainers 1   heads 1   evals 8
===== 2026-09-12 06:58:07 =====
gpu 0, 9578 MiB, 67 %
gpu 1, 14386 MiB, 79 %
k3_r100_09       step 200000  auc 0.999517 rep_w 1.0   score  40k=1.3495 100k=1.3395 200k=1.3910
k32_r100_09      step 40000   auc 0.773158 rep_w 1.0   score  40k=1.4629
k32_r200_08      step 28500   auc 0.534748 rep_w 1.0   score  - COLLAPSED
k3_r100_09_dec   step 40000   auc 0.997382 rep_w 0.0   score  40k=1.3236
k32_r100_09_dec  step 19100   auc 0.501426 rep_w 0.0   score  - COLLAPSED
k8_r100_09       step 40000   auc 0.730208 rep_w 1.0   score  40k=1.4537
k3_r100_09b      step 40000   auc 0.998191 rep_w 1.0   score  40k=1.2927
k3_r100_09_lr33  step 40000   auc 0.997974 rep_w 1.0   score  40k=1.2483
k3_r100_09_lr17  step 40000   auc 0.998509 rep_w 1.0   score  40k=1.2612
k3_r100_09_lr56  step 200000  auc 0.999432 rep_w 1.0   score  40k=1.1820 100k=1.3170 200k=1.3189
k32_r100_09_lr56 step 40000   auc 0.730161 rep_w 1.0   score  40k=1.4404
k3_r100_09_mean  step 27400   auc 0.535472 rep_w 1.0   score  - COLLAPSED
k3_r100_09b_lr56 step 40000   auc 0.99887  rep_w 1.0   score  40k=1.2469
k32_r100_09_sum  step 40000   auc 0.991624 rep_w 1.0   score  40k=1.2161
k3_r100_09_lr45  step 40000   auc 0.997576 rep_w 1.0   score  40k=1.2912
k3_r100_09_lr70  step 40000   auc 0.99832  rep_w 1.0   score  40k=1.2192
k3_r100_09_lr56_dec step 200000  auc 0.997967 rep_w 0.0   score  40k=1.2164 100k=1.3507 200k=1.2979
k3_r100_09_lr56_dec10k step 100000  auc 0.992476 rep_w 0.0   score  40k=1.1915 100k=1.2151
k32_r200_08_lr56 step 40000   auc 0.993937 rep_w 1.0   score  -
k32_r100_09_dec_lr56 step 37600   auc 0.9829   rep_w 0.0   score  -
k8_r100_09_lr56  step 40000   auc 0.997913 rep_w 1.0   score  40k=1.2750
lanes 0   trainers 1   heads 1   evals 8
===== 2026-09-12 07:15:02 =====
gpu 0, 9578 MiB, 94 %
gpu 1, 14386 MiB, 98 %
k3_r100_09       step 200000  auc 0.999517 rep_w 1.0   score  40k=1.3495 100k=1.3395 200k=1.3910
k32_r100_09      step 40000   auc 0.773158 rep_w 1.0   score  40k=1.4629
k32_r200_08      step 28500   auc 0.534748 rep_w 1.0   score  - COLLAPSED
k3_r100_09_dec   step 40000   auc 0.997382 rep_w 0.0   score  40k=1.3236
k32_r100_09_dec  step 19100   auc 0.501426 rep_w 0.0   score  - COLLAPSED
k8_r100_09       step 40000   auc 0.730208 rep_w 1.0   score  40k=1.4537
k3_r100_09b      step 40000   auc 0.998191 rep_w 1.0   score  40k=1.2927
k3_r100_09_lr33  step 40000   auc 0.997974 rep_w 1.0   score  40k=1.2483
k3_r100_09_lr17  step 40000   auc 0.998509 rep_w 1.0   score  40k=1.2612
k3_r100_09_lr56  step 200000  auc 0.999432 rep_w 1.0   score  40k=1.1820 100k=1.3170 200k=1.3189
k32_r100_09_lr56 step 40000   auc 0.730161 rep_w 1.0   score  40k=1.4404
k3_r100_09_mean  step 27400   auc 0.535472 rep_w 1.0   score  - COLLAPSED
k3_r100_09b_lr56 step 40000   auc 0.99887  rep_w 1.0   score  40k=1.2469
k32_r100_09_sum  step 40000   auc 0.991624 rep_w 1.0   score  40k=1.2161
k3_r100_09_lr45  step 40000   auc 0.997576 rep_w 1.0   score  40k=1.2912
k3_r100_09_lr70  step 40000   auc 0.99832  rep_w 1.0   score  40k=1.2192
k3_r100_09_lr56_dec step 200000  auc 0.997967 rep_w 0.0   score  40k=1.2164 100k=1.3507 200k=1.2979
k3_r100_09_lr56_dec10k step 100000  auc 0.992476 rep_w 0.0   score  40k=1.1915 100k=1.2151
k32_r200_08_lr56 step 40000   auc 0.993937 rep_w 1.0   score  -
k32_r100_09_dec_lr56 step 39100   auc 0.984055 rep_w 0.0   score  -
k8_r100_09_lr56  step 40000   auc 0.997913 rep_w 1.0   score  40k=1.2750
lanes 0   trainers 1   heads 1   evals 6
===== 2026-09-12 07:31:54 =====
gpu 0, 19959 MiB, 80 %
gpu 1, 14386 MiB, 92 %
k3_r100_09       step 200000  auc 0.999517 rep_w 1.0   score  40k=1.3495 100k=1.3395 200k=1.3910
k32_r100_09      step 40000   auc 0.773158 rep_w 1.0   score  40k=1.4629
k32_r200_08      step 28500   auc 0.534748 rep_w 1.0   score  - COLLAPSED
k3_r100_09_dec   step 40000   auc 0.997382 rep_w 0.0   score  40k=1.3236
k32_r100_09_dec  step 19100   auc 0.501426 rep_w 0.0   score  - COLLAPSED
k8_r100_09       step 40000   auc 0.730208 rep_w 1.0   score  40k=1.4537
k3_r100_09b      step 40000   auc 0.998191 rep_w 1.0   score  40k=1.2927
k3_r100_09_lr33  step 40000   auc 0.997974 rep_w 1.0   score  40k=1.2483
k3_r100_09_lr17  step 40000   auc 0.998509 rep_w 1.0   score  40k=1.2612
k3_r100_09_lr56  step 200000  auc 0.999432 rep_w 1.0   score  40k=1.1820 100k=1.3170 200k=1.3189
k32_r100_09_lr56 step 40000   auc 0.730161 rep_w 1.0   score  40k=1.4404
k3_r100_09_mean  step 27400   auc 0.535472 rep_w 1.0   score  - COLLAPSED
k3_r100_09b_lr56 step 40000   auc 0.99887  rep_w 1.0   score  40k=1.2469
k32_r100_09_sum  step 40000   auc 0.991624 rep_w 1.0   score  40k=1.2161
k3_r100_09_lr45  step 40000   auc 0.997576 rep_w 1.0   score  40k=1.2912
k3_r100_09_lr70  step 40000   auc 0.99832  rep_w 1.0   score  40k=1.2192
k3_r100_09_lr56_dec step 200000  auc 0.997967 rep_w 0.0   score  40k=1.2164 100k=1.3507 200k=1.2979
k3_r100_09_lr56_dec10k step 100000  auc 0.992476 rep_w 0.0   score  40k=1.1915 100k=1.2151
k32_r200_08_lr56 step 40000   auc 0.993937 rep_w 1.0   score  -
k32_r100_09_dec_lr56 step 40000   auc 0.985711 rep_w 0.0   score  -
k8_r100_09_lr56  step 40000   auc 0.997913 rep_w 1.0   score  40k=1.2750
lanes 0   trainers 0   heads 1   evals 5
===== 2026-09-12 07:48:45 =====
gpu 0, 8284 MiB, 100 %
gpu 1, 14386 MiB, 86 %
k3_r100_09       step 200000  auc 0.999517 rep_w 1.0   score  40k=1.3495 100k=1.3395 200k=1.3910
k32_r100_09      step 40000   auc 0.773158 rep_w 1.0   score  40k=1.4629
k32_r200_08      step 28500   auc 0.534748 rep_w 1.0   score  - COLLAPSED
k3_r100_09_dec   step 40000   auc 0.997382 rep_w 0.0   score  40k=1.3236
k32_r100_09_dec  step 19100   auc 0.501426 rep_w 0.0   score  - COLLAPSED
k8_r100_09       step 40000   auc 0.730208 rep_w 1.0   score  40k=1.4537
k3_r100_09b      step 40000   auc 0.998191 rep_w 1.0   score  40k=1.2927
k3_r100_09_lr33  step 40000   auc 0.997974 rep_w 1.0   score  40k=1.2483
k3_r100_09_lr17  step 40000   auc 0.998509 rep_w 1.0   score  40k=1.2612
k3_r100_09_lr56  step 200000  auc 0.999432 rep_w 1.0   score  40k=1.1820 100k=1.3170 200k=1.3189
k32_r100_09_lr56 step 40000   auc 0.730161 rep_w 1.0   score  40k=1.4404
k3_r100_09_mean  step 27400   auc 0.535472 rep_w 1.0   score  - COLLAPSED
k3_r100_09b_lr56 step 40000   auc 0.99887  rep_w 1.0   score  40k=1.2469
k32_r100_09_sum  step 40000   auc 0.991624 rep_w 1.0   score  40k=1.2161
k3_r100_09_lr45  step 40000   auc 0.997576 rep_w 1.0   score  40k=1.2912
k3_r100_09_lr70  step 40000   auc 0.99832  rep_w 1.0   score  40k=1.2192
k3_r100_09_lr56_dec step 200000  auc 0.997967 rep_w 0.0   score  40k=1.2164 100k=1.3507 200k=1.2979
k3_r100_09_lr56_dec10k step 100000  auc 0.992476 rep_w 0.0   score  40k=1.1915 100k=1.2151
k32_r200_08_lr56 step 40000   auc 0.993937 rep_w 1.0   score  40k=1.2318
k32_r100_09_dec_lr56 step 40000   auc 0.985711 rep_w 0.0   score  -
k8_r100_09_lr56  step 40000   auc 0.997913 rep_w 1.0   score  40k=1.2750
lanes 1   trainers 1   heads 2   evals 4
===== 2026-09-12 08:05:36 =====
gpu 0, 8284 MiB, 99 %
gpu 1, 20641 MiB, 79 %
k3_r100_09       step 200000  auc 0.999517 rep_w 1.0   score  40k=1.3495 100k=1.3395 200k=1.3910
k32_r100_09      step 40000   auc 0.773158 rep_w 1.0   score  40k=1.4629
k32_r200_08      step 28500   auc 0.534748 rep_w 1.0   score  - COLLAPSED
k3_r100_09_dec   step 40000   auc 0.997382 rep_w 0.0   score  40k=1.3236
k32_r100_09_dec  step 19100   auc 0.501426 rep_w 0.0   score  - COLLAPSED
k8_r100_09       step 40000   auc 0.730208 rep_w 1.0   score  40k=1.4537
k3_r100_09b      step 40000   auc 0.998191 rep_w 1.0   score  40k=1.2927
k3_r100_09_lr33  step 40000   auc 0.997974 rep_w 1.0   score  40k=1.2483
k3_r100_09_lr17  step 40000   auc 0.998509 rep_w 1.0   score  40k=1.2612
k3_r100_09_lr56  step 200000  auc 0.999432 rep_w 1.0   score  40k=1.1820 100k=1.3170 200k=1.3189
k32_r100_09_lr56 step 40000   auc 0.730161 rep_w 1.0   score  40k=1.4404
k3_r100_09_mean  step 27400   auc 0.535472 rep_w 1.0   score  - COLLAPSED
k3_r100_09b_lr56 step 40000   auc 0.99887  rep_w 1.0   score  40k=1.2469
k32_r100_09_sum  step 40000   auc 0.991624 rep_w 1.0   score  40k=1.2161
k3_r100_09_lr45  step 40000   auc 0.997576 rep_w 1.0   score  40k=1.2912
k3_r100_09_lr70  step 40000   auc 0.99832  rep_w 1.0   score  40k=1.2192
k3_r100_09_lr56_dec step 200000  auc 0.997967 rep_w 0.0   score  40k=1.2164 100k=1.3507 200k=1.2979
k3_r100_09_lr56_dec10k step 100000  auc 0.992476 rep_w 0.0   score  40k=1.1915 100k=1.2151
k32_r200_08_lr56 step 40000   auc 0.993937 rep_w 1.0   score  40k=1.2318
k32_r100_09_dec_lr56 step 40000   auc 0.985711 rep_w 0.0   score  -
k8_r100_09_lr56  step 40000   auc 0.997913 rep_w 1.0   score  40k=1.2750
lanes 1   trainers 1   heads 1   evals 8
===== 2026-09-12 08:22:31 =====
gpu 0, 8284 MiB, 97 %
gpu 1, 20641 MiB, 74 %
k3_r100_09       step 200000  auc 0.999517 rep_w 1.0   score  40k=1.3495 100k=1.3395 200k=1.3910
k32_r100_09      step 40000   auc 0.773158 rep_w 1.0   score  40k=1.4629
k32_r200_08      step 28500   auc 0.534748 rep_w 1.0   score  - COLLAPSED
k3_r100_09_dec   step 40000   auc 0.997382 rep_w 0.0   score  40k=1.3236
k32_r100_09_dec  step 19100   auc 0.501426 rep_w 0.0   score  - COLLAPSED
k8_r100_09       step 40000   auc 0.730208 rep_w 1.0   score  40k=1.4537
k3_r100_09b      step 40000   auc 0.998191 rep_w 1.0   score  40k=1.2927
k3_r100_09_lr33  step 40000   auc 0.997974 rep_w 1.0   score  40k=1.2483
k3_r100_09_lr17  step 40000   auc 0.998509 rep_w 1.0   score  40k=1.2612
k3_r100_09_lr56  step 200000  auc 0.999432 rep_w 1.0   score  40k=1.1820 100k=1.3170 200k=1.3189
k32_r100_09_lr56 step 40000   auc 0.730161 rep_w 1.0   score  40k=1.4404
k3_r100_09_mean  step 27400   auc 0.535472 rep_w 1.0   score  - COLLAPSED
k3_r100_09b_lr56 step 40000   auc 0.99887  rep_w 1.0   score  40k=1.2469
k32_r100_09_sum  step 40000   auc 0.991624 rep_w 1.0   score  40k=1.2161
k3_r100_09_lr45  step 40000   auc 0.997576 rep_w 1.0   score  40k=1.2912
k3_r100_09_lr70  step 40000   auc 0.99832  rep_w 1.0   score  40k=1.2192
k3_r100_09_lr56_dec step 200000  auc 0.997967 rep_w 0.0   score  40k=1.2164 100k=1.3507 200k=1.2979
k3_r100_09_lr56_dec10k step 100000  auc 0.992476 rep_w 0.0   score  40k=1.1915 100k=1.2151
k32_r200_08_lr56 step 40000   auc 0.993937 rep_w 1.0   score  40k=1.2318
k32_r100_09_dec_lr56 step 40000   auc 0.985711 rep_w 0.0   score  -
k8_r100_09_lr56  step 40000   auc 0.997913 rep_w 1.0   score  40k=1.2750
lanes 1   trainers 1   heads 1   evals 8
===== 2026-09-12 08:39:25 =====
gpu 0, 8284 MiB, 98 %
gpu 1, 20641 MiB, 86 %
k3_r100_09       step 200000  auc 0.999517 rep_w 1.0   score  40k=1.3495 100k=1.3395 200k=1.3910
k32_r100_09      step 40000   auc 0.773158 rep_w 1.0   score  40k=1.4629
k32_r200_08      step 28500   auc 0.534748 rep_w 1.0   score  - COLLAPSED
k3_r100_09_dec   step 40000   auc 0.997382 rep_w 0.0   score  40k=1.3236
k32_r100_09_dec  step 19100   auc 0.501426 rep_w 0.0   score  - COLLAPSED
k8_r100_09       step 40000   auc 0.730208 rep_w 1.0   score  40k=1.4537
k3_r100_09b      step 40000   auc 0.998191 rep_w 1.0   score  40k=1.2927
k3_r100_09_lr33  step 40000   auc 0.997974 rep_w 1.0   score  40k=1.2483
k3_r100_09_lr17  step 40000   auc 0.998509 rep_w 1.0   score  40k=1.2612
k3_r100_09_lr56  step 200000  auc 0.999432 rep_w 1.0   score  40k=1.1820 100k=1.3170 200k=1.3189
k32_r100_09_lr56 step 40000   auc 0.730161 rep_w 1.0   score  40k=1.4404
k3_r100_09_mean  step 27400   auc 0.535472 rep_w 1.0   score  - COLLAPSED
k3_r100_09b_lr56 step 40000   auc 0.99887  rep_w 1.0   score  40k=1.2469
k32_r100_09_sum  step 40000   auc 0.991624 rep_w 1.0   score  40k=1.2161
k3_r100_09_lr45  step 40000   auc 0.997576 rep_w 1.0   score  40k=1.2912
k3_r100_09_lr70  step 40000   auc 0.99832  rep_w 1.0   score  40k=1.2192
k3_r100_09_lr56_dec step 200000  auc 0.997967 rep_w 0.0   score  40k=1.2164 100k=1.3507 200k=1.2979
k3_r100_09_lr56_dec10k step 100000  auc 0.992476 rep_w 0.0   score  40k=1.1915 100k=1.2151
k32_r200_08_lr56 step 40000   auc 0.993937 rep_w 1.0   score  40k=1.2318
k32_r100_09_dec_lr56 step 40000   auc 0.985711 rep_w 0.0   score  -
k8_r100_09_lr56  step 40000   auc 0.997913 rep_w 1.0   score  40k=1.2750
lanes 1   trainers 1   heads 1   evals 8
===== 2026-09-12 08:56:20 =====
gpu 0, 8284 MiB, 91 %
gpu 1, 20641 MiB, 78 %
k3_r100_09       step 200000  auc 0.999517 rep_w 1.0   score  40k=1.3495 100k=1.3395 200k=1.3910
k32_r100_09      step 40000   auc 0.773158 rep_w 1.0   score  40k=1.4629
k32_r200_08      step 28500   auc 0.534748 rep_w 1.0   score  - COLLAPSED
k3_r100_09_dec   step 40000   auc 0.997382 rep_w 0.0   score  40k=1.3236
k32_r100_09_dec  step 19100   auc 0.501426 rep_w 0.0   score  - COLLAPSED
k8_r100_09       step 40000   auc 0.730208 rep_w 1.0   score  40k=1.4537
k3_r100_09b      step 40000   auc 0.998191 rep_w 1.0   score  40k=1.2927
k3_r100_09_lr33  step 40000   auc 0.997974 rep_w 1.0   score  40k=1.2483
k3_r100_09_lr17  step 40000   auc 0.998509 rep_w 1.0   score  40k=1.2612
k3_r100_09_lr56  step 200000  auc 0.999432 rep_w 1.0   score  40k=1.1820 100k=1.3170 200k=1.3189
k32_r100_09_lr56 step 40000   auc 0.730161 rep_w 1.0   score  40k=1.4404
k3_r100_09_mean  step 27400   auc 0.535472 rep_w 1.0   score  - COLLAPSED
k3_r100_09b_lr56 step 40000   auc 0.99887  rep_w 1.0   score  40k=1.2469
k32_r100_09_sum  step 40000   auc 0.991624 rep_w 1.0   score  40k=1.2161
k3_r100_09_lr45  step 40000   auc 0.997576 rep_w 1.0   score  40k=1.2912
k3_r100_09_lr70  step 40000   auc 0.99832  rep_w 1.0   score  40k=1.2192
k3_r100_09_lr56_dec step 200000  auc 0.997967 rep_w 0.0   score  40k=1.2164 100k=1.3507 200k=1.2979
k3_r100_09_lr56_dec10k step 100000  auc 0.992476 rep_w 0.0   score  40k=1.1915 100k=1.2151
k32_r200_08_lr56 step 40000   auc 0.993937 rep_w 1.0   score  40k=1.2318
k32_r100_09_dec_lr56 step 40000   auc 0.985711 rep_w 0.0   score  -
k8_r100_09_lr56  step 40000   auc 0.997913 rep_w 1.0   score  40k=1.2750
lanes 1   trainers 1   heads 1   evals 8
===== 2026-09-12 09:13:14 =====
gpu 0, 14540 MiB, 89 %
gpu 1, 20641 MiB, 80 %
k3_r100_09       step 200000  auc 0.999517 rep_w 1.0   score  40k=1.3495 100k=1.3395 200k=1.3910
k32_r100_09      step 40000   auc 0.773158 rep_w 1.0   score  40k=1.4629
k32_r200_08      step 28500   auc 0.534748 rep_w 1.0   score  - COLLAPSED
k3_r100_09_dec   step 40000   auc 0.997382 rep_w 0.0   score  40k=1.3236
k32_r100_09_dec  step 19100   auc 0.501426 rep_w 0.0   score  - COLLAPSED
k8_r100_09       step 40000   auc 0.730208 rep_w 1.0   score  40k=1.4537
k3_r100_09b      step 40000   auc 0.998191 rep_w 1.0   score  40k=1.2927
k3_r100_09_lr33  step 40000   auc 0.997974 rep_w 1.0   score  40k=1.2483
k3_r100_09_lr17  step 40000   auc 0.998509 rep_w 1.0   score  40k=1.2612
k3_r100_09_lr56  step 200000  auc 0.999432 rep_w 1.0   score  40k=1.1820 100k=1.3170 200k=1.3189
k32_r100_09_lr56 step 40000   auc 0.730161 rep_w 1.0   score  40k=1.4404
k3_r100_09_mean  step 27400   auc 0.535472 rep_w 1.0   score  - COLLAPSED
k3_r100_09b_lr56 step 40000   auc 0.99887  rep_w 1.0   score  40k=1.2469
k32_r100_09_sum  step 40000   auc 0.991624 rep_w 1.0   score  40k=1.2161
k3_r100_09_lr45  step 40000   auc 0.997576 rep_w 1.0   score  40k=1.2912
k3_r100_09_lr70  step 40000   auc 0.99832  rep_w 1.0   score  40k=1.2192
k3_r100_09_lr56_dec step 200000  auc 0.997967 rep_w 0.0   score  40k=1.2164 100k=1.3507 200k=1.2979
k3_r100_09_lr56_dec10k step 100000  auc 0.992476 rep_w 0.0   score  40k=1.1915 100k=1.2151
k32_r200_08_lr56 step 40000   auc 0.993937 rep_w 1.0   score  40k=1.2318
k32_r100_09_dec_lr56 step 40000   auc 0.985711 rep_w 0.0   score  -
k8_r100_09_lr56  step 40000   auc 0.997913 rep_w 1.0   score  40k=1.2750
lanes 1   trainers 1   heads 0   evals 10
===== 2026-09-12 09:30:11 =====
gpu 0, 14746 MiB, 94 %
gpu 1, 20641 MiB, 76 %
k3_r100_09       step 200000  auc 0.999517 rep_w 1.0   score  40k=1.3495 100k=1.3395 200k=1.3910
k32_r100_09      step 40000   auc 0.773158 rep_w 1.0   score  40k=1.4629
k32_r200_08      step 28500   auc 0.534748 rep_w 1.0   score  - COLLAPSED
k3_r100_09_dec   step 40000   auc 0.997382 rep_w 0.0   score  40k=1.3236
k32_r100_09_dec  step 19100   auc 0.501426 rep_w 0.0   score  - COLLAPSED
k8_r100_09       step 40000   auc 0.730208 rep_w 1.0   score  40k=1.4537
k3_r100_09b      step 40000   auc 0.998191 rep_w 1.0   score  40k=1.2927
k3_r100_09_lr33  step 40000   auc 0.997974 rep_w 1.0   score  40k=1.2483
k3_r100_09_lr17  step 40000   auc 0.998509 rep_w 1.0   score  40k=1.2612
k3_r100_09_lr56  step 200000  auc 0.999432 rep_w 1.0   score  40k=1.1820 100k=1.3170 200k=1.3189
k32_r100_09_lr56 step 40000   auc 0.730161 rep_w 1.0   score  40k=1.4404
k3_r100_09_mean  step 27400   auc 0.535472 rep_w 1.0   score  - COLLAPSED
k3_r100_09b_lr56 step 40000   auc 0.99887  rep_w 1.0   score  40k=1.2469
k32_r100_09_sum  step 40000   auc 0.991624 rep_w 1.0   score  40k=1.2161
k3_r100_09_lr45  step 40000   auc 0.997576 rep_w 1.0   score  40k=1.2912
k3_r100_09_lr70  step 40000   auc 0.99832  rep_w 1.0   score  40k=1.2192
k3_r100_09_lr56_dec step 200000  auc 0.997967 rep_w 0.0   score  40k=1.2164 100k=1.3507 200k=1.2979
k3_r100_09_lr56_dec10k step 100000  auc 0.992476 rep_w 0.0   score  40k=1.1915 100k=1.2151
k32_r200_08_lr56 step 40000   auc 0.993937 rep_w 1.0   score  40k=1.2318
k32_r100_09_dec_lr56 step 40000   auc 0.985711 rep_w 0.0   score  -
k8_r100_09_lr56  step 40000   auc 0.997913 rep_w 1.0   score  40k=1.2750
lanes 1   trainers 1   heads 0   evals 9
===== 2026-09-12 09:47:09 =====
gpu 0, 14746 MiB, 53 %
gpu 1, 14386 MiB, 92 %
k3_r100_09       step 200000  auc 0.999517 rep_w 1.0   score  40k=1.3495 100k=1.3395 200k=1.3910
k32_r100_09      step 40000   auc 0.773158 rep_w 1.0   score  40k=1.4629
k32_r200_08      step 28500   auc 0.534748 rep_w 1.0   score  - COLLAPSED
k3_r100_09_dec   step 40000   auc 0.997382 rep_w 0.0   score  40k=1.3236
k32_r100_09_dec  step 19100   auc 0.501426 rep_w 0.0   score  - COLLAPSED
k8_r100_09       step 40000   auc 0.730208 rep_w 1.0   score  40k=1.4537
k3_r100_09b      step 40000   auc 0.998191 rep_w 1.0   score  40k=1.2927
k3_r100_09_lr33  step 40000   auc 0.997974 rep_w 1.0   score  40k=1.2483
k3_r100_09_lr17  step 40000   auc 0.998509 rep_w 1.0   score  40k=1.2612
k3_r100_09_lr56  step 200000  auc 0.999432 rep_w 1.0   score  40k=1.1820 100k=1.3170 200k=1.3189
k32_r100_09_lr56 step 40000   auc 0.730161 rep_w 1.0   score  40k=1.4404
k3_r100_09_mean  step 27400   auc 0.535472 rep_w 1.0   score  - COLLAPSED
k3_r100_09b_lr56 step 40000   auc 0.99887  rep_w 1.0   score  40k=1.2469
k32_r100_09_sum  step 40000   auc 0.991624 rep_w 1.0   score  40k=1.2161
k3_r100_09_lr45  step 40000   auc 0.997576 rep_w 1.0   score  40k=1.2912
k3_r100_09_lr70  step 40000   auc 0.99832  rep_w 1.0   score  40k=1.2192
k3_r100_09_lr56_dec step 200000  auc 0.997967 rep_w 0.0   score  40k=1.2164 100k=1.3507 200k=1.2979
k3_r100_09_lr56_dec10k step 100000  auc 0.992476 rep_w 0.0   score  40k=1.1915 100k=1.2151
k32_r200_08_lr56 step 40000   auc 0.993937 rep_w 1.0   score  40k=1.2318
k32_r100_09_dec_lr56 step 40000   auc 0.985711 rep_w 0.0   score  -
k8_r100_09_lr56  step 40000   auc 0.997913 rep_w 1.0   score  40k=1.2750
lanes 1   trainers 1   heads 1   evals 8
===== 2026-09-12 10:04:08 =====
gpu 0, 14746 MiB, 91 %
gpu 1, 14386 MiB, 90 %
k3_r100_09       step 200000  auc 0.999517 rep_w 1.0   score  40k=1.3495 100k=1.3395 200k=1.3910
k32_r100_09      step 40000   auc 0.773158 rep_w 1.0   score  40k=1.4629
k32_r200_08      step 28500   auc 0.534748 rep_w 1.0   score  - COLLAPSED
k3_r100_09_dec   step 40000   auc 0.997382 rep_w 0.0   score  40k=1.3236
k32_r100_09_dec  step 19100   auc 0.501426 rep_w 0.0   score  - COLLAPSED
k8_r100_09       step 40000   auc 0.730208 rep_w 1.0   score  40k=1.4537
k3_r100_09b      step 40000   auc 0.998191 rep_w 1.0   score  40k=1.2927
k3_r100_09_lr33  step 40000   auc 0.997974 rep_w 1.0   score  40k=1.2483
k3_r100_09_lr17  step 40000   auc 0.998509 rep_w 1.0   score  40k=1.2612
k3_r100_09_lr56  step 200000  auc 0.999432 rep_w 1.0   score  40k=1.1820 100k=1.3170 200k=1.3189
k32_r100_09_lr56 step 40000   auc 0.730161 rep_w 1.0   score  40k=1.4404
k3_r100_09_mean  step 27400   auc 0.535472 rep_w 1.0   score  - COLLAPSED
k3_r100_09b_lr56 step 40000   auc 0.99887  rep_w 1.0   score  40k=1.2469
k32_r100_09_sum  step 40000   auc 0.991624 rep_w 1.0   score  40k=1.2161
k3_r100_09_lr45  step 40000   auc 0.997576 rep_w 1.0   score  40k=1.2912
k3_r100_09_lr70  step 40000   auc 0.99832  rep_w 1.0   score  40k=1.2192
k3_r100_09_lr56_dec step 200000  auc 0.997967 rep_w 0.0   score  40k=1.2164 100k=1.3507 200k=1.2979
k3_r100_09_lr56_dec10k step 100000  auc 0.992476 rep_w 0.0   score  40k=1.1915 100k=1.2151
k32_r200_08_lr56 step 40000   auc 0.993937 rep_w 1.0   score  40k=1.2318
k32_r100_09_dec_lr56 step 40000   auc 0.985711 rep_w 0.0   score  -
k8_r100_09_lr56  step 40000   auc 0.997913 rep_w 1.0   score  40k=1.2750
lanes 1   trainers 1   heads 1   evals 8
===== 2026-09-12 10:21:06 =====
gpu 0, 14746 MiB, 91 %
gpu 1, 14386 MiB, 93 %
k3_r100_09       step 200000  auc 0.999517 rep_w 1.0   score  40k=1.3495 100k=1.3395 200k=1.3910
k32_r100_09      step 40000   auc 0.773158 rep_w 1.0   score  40k=1.4629
k32_r200_08      step 28500   auc 0.534748 rep_w 1.0   score  - COLLAPSED
k3_r100_09_dec   step 40000   auc 0.997382 rep_w 0.0   score  40k=1.3236
k32_r100_09_dec  step 19100   auc 0.501426 rep_w 0.0   score  - COLLAPSED
k8_r100_09       step 40000   auc 0.730208 rep_w 1.0   score  40k=1.4537
k3_r100_09b      step 40000   auc 0.998191 rep_w 1.0   score  40k=1.2927
k3_r100_09_lr33  step 40000   auc 0.997974 rep_w 1.0   score  40k=1.2483
k3_r100_09_lr17  step 40000   auc 0.998509 rep_w 1.0   score  40k=1.2612
k3_r100_09_lr56  step 200000  auc 0.999432 rep_w 1.0   score  40k=1.1820 100k=1.3170 200k=1.3189
k32_r100_09_lr56 step 40000   auc 0.730161 rep_w 1.0   score  40k=1.4404
k3_r100_09_mean  step 27400   auc 0.535472 rep_w 1.0   score  - COLLAPSED
k3_r100_09b_lr56 step 40000   auc 0.99887  rep_w 1.0   score  40k=1.2469
k32_r100_09_sum  step 40000   auc 0.991624 rep_w 1.0   score  40k=1.2161
k3_r100_09_lr45  step 40000   auc 0.997576 rep_w 1.0   score  40k=1.2912
k3_r100_09_lr70  step 40000   auc 0.99832  rep_w 1.0   score  40k=1.2192
k3_r100_09_lr56_dec step 200000  auc 0.997967 rep_w 0.0   score  40k=1.2164 100k=1.3507 200k=1.2979
k3_r100_09_lr56_dec10k step 100000  auc 0.992476 rep_w 0.0   score  40k=1.1915 100k=1.2151
k32_r200_08_lr56 step 40000   auc 0.993937 rep_w 1.0   score  40k=1.2318
k32_r100_09_dec_lr56 step 40000   auc 0.985711 rep_w 0.0   score  -
k8_r100_09_lr56  step 40000   auc 0.997913 rep_w 1.0   score  40k=1.2750
lanes 1   trainers 1   heads 1   evals 8
===== 2026-09-12 10:38:04 =====
gpu 0, 14966 MiB, 100 %
gpu 1, 14386 MiB, 98 %
k3_r100_09       step 200000  auc 0.999517 rep_w 1.0   score  40k=1.3495 100k=1.3395 200k=1.3910
k32_r100_09      step 40000   auc 0.773158 rep_w 1.0   score  40k=1.4629
k32_r200_08      step 28500   auc 0.534748 rep_w 1.0   score  - COLLAPSED
k3_r100_09_dec   step 40000   auc 0.997382 rep_w 0.0   score  40k=1.3236
k32_r100_09_dec  step 19100   auc 0.501426 rep_w 0.0   score  - COLLAPSED
k8_r100_09       step 40000   auc 0.730208 rep_w 1.0   score  40k=1.4537
k3_r100_09b      step 40000   auc 0.998191 rep_w 1.0   score  40k=1.2927
k3_r100_09_lr33  step 40000   auc 0.997974 rep_w 1.0   score  40k=1.2483
k3_r100_09_lr17  step 40000   auc 0.998509 rep_w 1.0   score  40k=1.2612
k3_r100_09_lr56  step 200000  auc 0.999432 rep_w 1.0   score  40k=1.1820 100k=1.3170 200k=1.3189
k32_r100_09_lr56 step 40000   auc 0.730161 rep_w 1.0   score  40k=1.4404
k3_r100_09_mean  step 27400   auc 0.535472 rep_w 1.0   score  - COLLAPSED
k3_r100_09b_lr56 step 40000   auc 0.99887  rep_w 1.0   score  40k=1.2469
k32_r100_09_sum  step 40000   auc 0.991624 rep_w 1.0   score  40k=1.2161
k3_r100_09_lr45  step 40000   auc 0.997576 rep_w 1.0   score  40k=1.2912
k3_r100_09_lr70  step 40000   auc 0.99832  rep_w 1.0   score  40k=1.2192
k3_r100_09_lr56_dec step 200000  auc 0.997967 rep_w 0.0   score  40k=1.2164 100k=1.3507 200k=1.2979
k3_r100_09_lr56_dec10k step 100000  auc 0.992476 rep_w 0.0   score  40k=1.1915 100k=1.2151
k32_r200_08_lr56 step 40000   auc 0.993937 rep_w 1.0   score  40k=1.2318
k32_r100_09_dec_lr56 step 40000   auc 0.985711 rep_w 0.0   score  -
k8_r100_09_lr56  step 40000   auc 0.997913 rep_w 1.0   score  40k=1.2750
lanes 1   trainers 0   heads 2   evals 8
===== 2026-09-12 10:55:01 =====
gpu 0, 14966 MiB, 97 %
gpu 1, 14386 MiB, 93 %
k3_r100_09       step 200000  auc 0.999517 rep_w 1.0   score  40k=1.3495 100k=1.3395 200k=1.3910
k32_r100_09      step 40000   auc 0.773158 rep_w 1.0   score  40k=1.4629
k32_r200_08      step 28500   auc 0.534748 rep_w 1.0   score  - COLLAPSED
k3_r100_09_dec   step 40000   auc 0.997382 rep_w 0.0   score  40k=1.3236
k32_r100_09_dec  step 19100   auc 0.501426 rep_w 0.0   score  - COLLAPSED
k8_r100_09       step 40000   auc 0.730208 rep_w 1.0   score  40k=1.4537
k3_r100_09b      step 40000   auc 0.998191 rep_w 1.0   score  40k=1.2927
k3_r100_09_lr33  step 40000   auc 0.997974 rep_w 1.0   score  40k=1.2483
k3_r100_09_lr17  step 40000   auc 0.998509 rep_w 1.0   score  40k=1.2612
k3_r100_09_lr56  step 200000  auc 0.999432 rep_w 1.0   score  40k=1.1820 100k=1.3170 200k=1.3189
k32_r100_09_lr56 step 40000   auc 0.730161 rep_w 1.0   score  40k=1.4404
k3_r100_09_mean  step 27400   auc 0.535472 rep_w 1.0   score  - COLLAPSED
k3_r100_09b_lr56 step 40000   auc 0.99887  rep_w 1.0   score  40k=1.2469
k32_r100_09_sum  step 40000   auc 0.991624 rep_w 1.0   score  40k=1.2161
k3_r100_09_lr45  step 40000   auc 0.997576 rep_w 1.0   score  40k=1.2912
k3_r100_09_lr70  step 40000   auc 0.99832  rep_w 1.0   score  40k=1.2192
k3_r100_09_lr56_dec step 200000  auc 0.997967 rep_w 0.0   score  40k=1.2164 100k=1.3507 200k=1.2979
k3_r100_09_lr56_dec10k step 100000  auc 0.992476 rep_w 0.0   score  40k=1.1915 100k=1.2151
k32_r200_08_lr56 step 40000   auc 0.993937 rep_w 1.0   score  40k=1.2318
k32_r100_09_dec_lr56 step 40000   auc 0.985711 rep_w 0.0   score  -
k8_r100_09_lr56  step 40000   auc 0.997913 rep_w 1.0   score  40k=1.2750
lanes 1   trainers 0   heads 2   evals 8
===== 2026-09-12 11:11:57 =====
gpu 0, 14966 MiB, 51 %
gpu 1, 20641 MiB, 70 %
k3_r100_09       step 200000  auc 0.999517 rep_w 1.0   score  40k=1.3495 100k=1.3395 200k=1.3910
k32_r100_09      step 40000   auc 0.773158 rep_w 1.0   score  40k=1.4629
k32_r200_08      step 28500   auc 0.534748 rep_w 1.0   score  - COLLAPSED
k3_r100_09_dec   step 40000   auc 0.997382 rep_w 0.0   score  40k=1.3236
k32_r100_09_dec  step 19100   auc 0.501426 rep_w 0.0   score  - COLLAPSED
k8_r100_09       step 40000   auc 0.730208 rep_w 1.0   score  40k=1.4537
k3_r100_09b      step 40000   auc 0.998191 rep_w 1.0   score  40k=1.2927
k3_r100_09_lr33  step 40000   auc 0.997974 rep_w 1.0   score  40k=1.2483
k3_r100_09_lr17  step 40000   auc 0.998509 rep_w 1.0   score  40k=1.2612
k3_r100_09_lr56  step 200000  auc 0.999432 rep_w 1.0   score  40k=1.1820 100k=1.3170 200k=1.3189
k32_r100_09_lr56 step 40000   auc 0.730161 rep_w 1.0   score  40k=1.4404
k3_r100_09_mean  step 27400   auc 0.535472 rep_w 1.0   score  - COLLAPSED
k3_r100_09b_lr56 step 40000   auc 0.99887  rep_w 1.0   score  40k=1.2469
k32_r100_09_sum  step 40000   auc 0.991624 rep_w 1.0   score  40k=1.2161
k3_r100_09_lr45  step 40000   auc 0.997576 rep_w 1.0   score  40k=1.2912
k3_r100_09_lr70  step 40000   auc 0.99832  rep_w 1.0   score  40k=1.2192
k3_r100_09_lr56_dec step 200000  auc 0.997967 rep_w 0.0   score  40k=1.2164 100k=1.3507 200k=1.2979
k3_r100_09_lr56_dec10k step 100000  auc 0.992476 rep_w 0.0   score  40k=1.1915 100k=1.2151
k32_r200_08_lr56 step 40000   auc 0.993937 rep_w 1.0   score  40k=1.2318
k32_r100_09_dec_lr56 step 40000   auc 0.985711 rep_w 0.0   score  -
k8_r100_09_lr56  step 40000   auc 0.997913 rep_w 1.0   score  40k=1.2750
lanes 1   trainers 0   heads 1   evals 12
===== 2026-09-12 11:29:01 =====
gpu 0, 14966 MiB, 68 %
gpu 1, 20641 MiB, 64 %
k3_r100_09       step 200000  auc 0.999517 rep_w 1.0   score  40k=1.3495 100k=1.3395 200k=1.3910
k32_r100_09      step 40000   auc 0.773158 rep_w 1.0   score  40k=1.4629
k32_r200_08      step 28500   auc 0.534748 rep_w 1.0   score  - COLLAPSED
k3_r100_09_dec   step 40000   auc 0.997382 rep_w 0.0   score  40k=1.3236
k32_r100_09_dec  step 19100   auc 0.501426 rep_w 0.0   score  - COLLAPSED
k8_r100_09       step 40000   auc 0.730208 rep_w 1.0   score  40k=1.4537
k3_r100_09b      step 40000   auc 0.998191 rep_w 1.0   score  40k=1.2927
k3_r100_09_lr33  step 40000   auc 0.997974 rep_w 1.0   score  40k=1.2483
k3_r100_09_lr17  step 40000   auc 0.998509 rep_w 1.0   score  40k=1.2612
k3_r100_09_lr56  step 200000  auc 0.999432 rep_w 1.0   score  40k=1.1820 100k=1.3170 200k=1.3189
k32_r100_09_lr56 step 40000   auc 0.730161 rep_w 1.0   score  40k=1.4404
k3_r100_09_mean  step 27400   auc 0.535472 rep_w 1.0   score  - COLLAPSED
k3_r100_09b_lr56 step 40000   auc 0.99887  rep_w 1.0   score  40k=1.2469
k32_r100_09_sum  step 40000   auc 0.991624 rep_w 1.0   score  40k=1.2161
k3_r100_09_lr45  step 40000   auc 0.997576 rep_w 1.0   score  40k=1.2912
k3_r100_09_lr70  step 40000   auc 0.99832  rep_w 1.0   score  40k=1.2192
k3_r100_09_lr56_dec step 200000  auc 0.997967 rep_w 0.0   score  40k=1.2164 100k=1.3507 200k=1.2979
k3_r100_09_lr56_dec10k step 100000  auc 0.992476 rep_w 0.0   score  40k=1.1915 100k=1.2151
k32_r200_08_lr56 step 40000   auc 0.993937 rep_w 1.0   score  40k=1.2318
k32_r100_09_dec_lr56 step 40000   auc 0.985711 rep_w 0.0   score  -
k8_r100_09_lr56  step 40000   auc 0.997913 rep_w 1.0   score  40k=1.2750
lanes 1   trainers 0   heads 1   evals 11
===== 2026-09-12 11:46:02 =====
gpu 0, 14966 MiB, 99 %
gpu 1, 14386 MiB, 91 %
k3_r100_09       step 200000  auc 0.999517 rep_w 1.0   score  40k=1.3495 100k=1.3395 200k=1.3910
k32_r100_09      step 40000   auc 0.773158 rep_w 1.0   score  40k=1.4629
k32_r200_08      step 28500   auc 0.534748 rep_w 1.0   score  - COLLAPSED
k3_r100_09_dec   step 40000   auc 0.997382 rep_w 0.0   score  40k=1.3236
k32_r100_09_dec  step 19100   auc 0.501426 rep_w 0.0   score  - COLLAPSED
k8_r100_09       step 40000   auc 0.730208 rep_w 1.0   score  40k=1.4537
k3_r100_09b      step 40000   auc 0.998191 rep_w 1.0   score  40k=1.2927
k3_r100_09_lr33  step 40000   auc 0.997974 rep_w 1.0   score  40k=1.2483
k3_r100_09_lr17  step 40000   auc 0.998509 rep_w 1.0   score  40k=1.2612
k3_r100_09_lr56  step 200000  auc 0.999432 rep_w 1.0   score  40k=1.1820 100k=1.3170 200k=1.3189
k32_r100_09_lr56 step 40000   auc 0.730161 rep_w 1.0   score  40k=1.4404
k3_r100_09_mean  step 27400   auc 0.535472 rep_w 1.0   score  - COLLAPSED
k3_r100_09b_lr56 step 40000   auc 0.99887  rep_w 1.0   score  40k=1.2469
k32_r100_09_sum  step 40000   auc 0.991624 rep_w 1.0   score  40k=1.2161
k3_r100_09_lr45  step 40000   auc 0.997576 rep_w 1.0   score  40k=1.2912
k3_r100_09_lr70  step 40000   auc 0.99832  rep_w 1.0   score  40k=1.2192
k3_r100_09_lr56_dec step 200000  auc 0.997967 rep_w 0.0   score  40k=1.2164 100k=1.3507 200k=1.2979
k3_r100_09_lr56_dec10k step 100000  auc 0.992476 rep_w 0.0   score  40k=1.1915 100k=1.2151
k32_r200_08_lr56 step 40000   auc 0.993937 rep_w 1.0   score  40k=1.2318
k32_r100_09_dec_lr56 step 40000   auc 0.985711 rep_w 0.0   score  -
k8_r100_09_lr56  step 40000   auc 0.997913 rep_w 1.0   score  40k=1.2750
lanes 1   trainers 0   heads 2   evals 9
===== 2026-09-12 12:03:02 =====
gpu 0, 14966 MiB, 0 %
gpu 1, 14386 MiB, 72 %
k3_r100_09       step 200000  auc 0.999517 rep_w 1.0   score  40k=1.3495 100k=1.3395 200k=1.3910
k32_r100_09      step 40000   auc 0.773158 rep_w 1.0   score  40k=1.4629
k32_r200_08      step 28500   auc 0.534748 rep_w 1.0   score  - COLLAPSED
k3_r100_09_dec   step 40000   auc 0.997382 rep_w 0.0   score  40k=1.3236
k32_r100_09_dec  step 19100   auc 0.501426 rep_w 0.0   score  - COLLAPSED
k8_r100_09       step 40000   auc 0.730208 rep_w 1.0   score  40k=1.4537
k3_r100_09b      step 40000   auc 0.998191 rep_w 1.0   score  40k=1.2927
k3_r100_09_lr33  step 40000   auc 0.997974 rep_w 1.0   score  40k=1.2483
k3_r100_09_lr17  step 40000   auc 0.998509 rep_w 1.0   score  40k=1.2612
k3_r100_09_lr56  step 200000  auc 0.999432 rep_w 1.0   score  40k=1.1820 100k=1.3170 200k=1.3189
k32_r100_09_lr56 step 40000   auc 0.730161 rep_w 1.0   score  40k=1.4404
k3_r100_09_mean  step 27400   auc 0.535472 rep_w 1.0   score  - COLLAPSED
k3_r100_09b_lr56 step 40000   auc 0.99887  rep_w 1.0   score  40k=1.2469
k32_r100_09_sum  step 40000   auc 0.991624 rep_w 1.0   score  40k=1.2161
k3_r100_09_lr45  step 40000   auc 0.997576 rep_w 1.0   score  40k=1.2912
k3_r100_09_lr70  step 40000   auc 0.99832  rep_w 1.0   score  40k=1.2192
k3_r100_09_lr56_dec step 200000  auc 0.997967 rep_w 0.0   score  40k=1.2164 100k=1.3507 200k=1.2979
k3_r100_09_lr56_dec10k step 100000  auc 0.992476 rep_w 0.0   score  40k=1.1915 100k=1.2151
k32_r200_08_lr56 step 40000   auc 0.993937 rep_w 1.0   score  40k=1.2318
k32_r100_09_dec_lr56 step 40000   auc 0.985711 rep_w 0.0   score  -
k8_r100_09_lr56  step 40000   auc 0.997913 rep_w 1.0   score  40k=1.2750
lanes 1   trainers 0   heads 2   evals 13
===== 2026-09-12 12:20:17 =====
gpu 0, 14966 MiB, 62 %
gpu 1, 14386 MiB, 73 %
k3_r100_09       step 200000  auc 0.999517 rep_w 1.0   score  40k=1.3495 100k=1.3395 200k=1.3910
k32_r100_09      step 40000   auc 0.773158 rep_w 1.0   score  40k=1.4629
k32_r200_08      step 28500   auc 0.534748 rep_w 1.0   score  - COLLAPSED
k3_r100_09_dec   step 40000   auc 0.997382 rep_w 0.0   score  40k=1.3236
k32_r100_09_dec  step 19100   auc 0.501426 rep_w 0.0   score  - COLLAPSED
k8_r100_09       step 40000   auc 0.730208 rep_w 1.0   score  40k=1.4537
k3_r100_09b      step 40000   auc 0.998191 rep_w 1.0   score  40k=1.2927
k3_r100_09_lr33  step 40000   auc 0.997974 rep_w 1.0   score  40k=1.2483
k3_r100_09_lr17  step 40000   auc 0.998509 rep_w 1.0   score  40k=1.2612
k3_r100_09_lr56  step 200000  auc 0.999432 rep_w 1.0   score  40k=1.1820 100k=1.3170 200k=1.3189
k32_r100_09_lr56 step 40000   auc 0.730161 rep_w 1.0   score  40k=1.4404
k3_r100_09_mean  step 27400   auc 0.535472 rep_w 1.0   score  - COLLAPSED
k3_r100_09b_lr56 step 40000   auc 0.99887  rep_w 1.0   score  40k=1.2469
k32_r100_09_sum  step 40000   auc 0.991624 rep_w 1.0   score  40k=1.2161
k3_r100_09_lr45  step 40000   auc 0.997576 rep_w 1.0   score  40k=1.2912
k3_r100_09_lr70  step 40000   auc 0.99832  rep_w 1.0   score  40k=1.2192
k3_r100_09_lr56_dec step 200000  auc 0.997967 rep_w 0.0   score  40k=1.2164 100k=1.3507 200k=1.2979
k3_r100_09_lr56_dec10k step 100000  auc 0.992476 rep_w 0.0   score  40k=1.1915 100k=1.2151
k32_r200_08_lr56 step 40000   auc 0.993937 rep_w 1.0   score  40k=1.2318
k32_r100_09_dec_lr56 step 40000   auc 0.985711 rep_w 0.0   score  -
k8_r100_09_lr56  step 40000   auc 0.997913 rep_w 1.0   score  40k=1.2750
lanes 1   trainers 0   heads 2   evals 12
===== 2026-09-12 12:37:31 =====
gpu 0, 14966 MiB, 98 %
gpu 1, 14386 MiB, 84 %
k3_r100_09       step 200000  auc 0.999517 rep_w 1.0   score  40k=1.3495 100k=1.3395 200k=1.3910
k32_r100_09      step 40000   auc 0.773158 rep_w 1.0   score  40k=1.4629
k32_r200_08      step 28500   auc 0.534748 rep_w 1.0   score  - COLLAPSED
k3_r100_09_dec   step 40000   auc 0.997382 rep_w 0.0   score  40k=1.3236
k32_r100_09_dec  step 19100   auc 0.501426 rep_w 0.0   score  - COLLAPSED
k8_r100_09       step 40000   auc 0.730208 rep_w 1.0   score  40k=1.4537
k3_r100_09b      step 40000   auc 0.998191 rep_w 1.0   score  40k=1.2927
k3_r100_09_lr33  step 40000   auc 0.997974 rep_w 1.0   score  40k=1.2483
k3_r100_09_lr17  step 40000   auc 0.998509 rep_w 1.0   score  40k=1.2612
k3_r100_09_lr56  step 200000  auc 0.999432 rep_w 1.0   score  40k=1.1820 100k=1.3170 200k=1.3189
k32_r100_09_lr56 step 40000   auc 0.730161 rep_w 1.0   score  40k=1.4404
k3_r100_09_mean  step 27400   auc 0.535472 rep_w 1.0   score  - COLLAPSED
k3_r100_09b_lr56 step 40000   auc 0.99887  rep_w 1.0   score  40k=1.2469
k32_r100_09_sum  step 40000   auc 0.991624 rep_w 1.0   score  40k=1.2161
k3_r100_09_lr45  step 40000   auc 0.997576 rep_w 1.0   score  40k=1.2912
k3_r100_09_lr70  step 40000   auc 0.99832  rep_w 1.0   score  40k=1.2192
k3_r100_09_lr56_dec step 200000  auc 0.997967 rep_w 0.0   score  40k=1.2164 100k=1.3507 200k=1.2979
k3_r100_09_lr56_dec10k step 100000  auc 0.992476 rep_w 0.0   score  40k=1.1915 100k=1.2151
k32_r200_08_lr56 step 40000   auc 0.993937 rep_w 1.0   score  40k=1.2318
k32_r100_09_dec_lr56 step 40000   auc 0.985711 rep_w 0.0   score  -
k8_r100_09_lr56  step 40000   auc 0.997913 rep_w 1.0   score  40k=1.2750
lanes 1   trainers 0   heads 2   evals 12
===== 2026-09-12 12:54:46 =====
gpu 0, 14966 MiB, 91 %
gpu 1, 14386 MiB, 74 %
k3_r100_09       step 200000  auc 0.999517 rep_w 1.0   score  40k=1.3495 100k=1.3395 200k=1.3910
k32_r100_09      step 40000   auc 0.773158 rep_w 1.0   score  40k=1.4629
k32_r200_08      step 28500   auc 0.534748 rep_w 1.0   score  - COLLAPSED
k3_r100_09_dec   step 40000   auc 0.997382 rep_w 0.0   score  40k=1.3236
k32_r100_09_dec  step 19100   auc 0.501426 rep_w 0.0   score  - COLLAPSED
k8_r100_09       step 40000   auc 0.730208 rep_w 1.0   score  40k=1.4537
k3_r100_09b      step 40000   auc 0.998191 rep_w 1.0   score  40k=1.2927
k3_r100_09_lr33  step 40000   auc 0.997974 rep_w 1.0   score  40k=1.2483
k3_r100_09_lr17  step 40000   auc 0.998509 rep_w 1.0   score  40k=1.2612
k3_r100_09_lr56  step 200000  auc 0.999432 rep_w 1.0   score  40k=1.1820 100k=1.3170 200k=1.3189
k32_r100_09_lr56 step 40000   auc 0.730161 rep_w 1.0   score  40k=1.4404
k3_r100_09_mean  step 27400   auc 0.535472 rep_w 1.0   score  - COLLAPSED
k3_r100_09b_lr56 step 40000   auc 0.99887  rep_w 1.0   score  40k=1.2469
k32_r100_09_sum  step 40000   auc 0.991624 rep_w 1.0   score  40k=1.2161
k3_r100_09_lr45  step 40000   auc 0.997576 rep_w 1.0   score  40k=1.2912
k3_r100_09_lr70  step 40000   auc 0.99832  rep_w 1.0   score  40k=1.2192
k3_r100_09_lr56_dec step 200000  auc 0.997967 rep_w 0.0   score  40k=1.2164 100k=1.3507 200k=1.2979
k3_r100_09_lr56_dec10k step 100000  auc 0.992476 rep_w 0.0   score  40k=1.1915 100k=1.2151
k32_r200_08_lr56 step 40000   auc 0.993937 rep_w 1.0   score  40k=1.2318
k32_r100_09_dec_lr56 step 40000   auc 0.985711 rep_w 0.0   score  -
k8_r100_09_lr56  step 40000   auc 0.997913 rep_w 1.0   score  40k=1.2750
lanes 1   trainers 0   heads 2   evals 11
===== 2026-09-12 13:11:55 =====
gpu 0, 14966 MiB, 5 %
gpu 1, 20641 MiB, 64 %
k3_r100_09       step 200000  auc 0.999517 rep_w 1.0   score  40k=1.3495 100k=1.3395 200k=1.3910
k32_r100_09      step 40000   auc 0.773158 rep_w 1.0   score  40k=1.4629
k32_r200_08      step 28500   auc 0.534748 rep_w 1.0   score  - COLLAPSED
k3_r100_09_dec   step 40000   auc 0.997382 rep_w 0.0   score  40k=1.3236
k32_r100_09_dec  step 19100   auc 0.501426 rep_w 0.0   score  - COLLAPSED
k8_r100_09       step 40000   auc 0.730208 rep_w 1.0   score  40k=1.4537
k3_r100_09b      step 40000   auc 0.998191 rep_w 1.0   score  40k=1.2927
k3_r100_09_lr33  step 40000   auc 0.997974 rep_w 1.0   score  40k=1.2483
k3_r100_09_lr17  step 40000   auc 0.998509 rep_w 1.0   score  40k=1.2612
k3_r100_09_lr56  step 200000  auc 0.999432 rep_w 1.0   score  40k=1.1820 100k=1.3170 200k=1.3189
k32_r100_09_lr56 step 40000   auc 0.730161 rep_w 1.0   score  40k=1.4404
k3_r100_09_mean  step 27400   auc 0.535472 rep_w 1.0   score  - COLLAPSED
k3_r100_09b_lr56 step 40000   auc 0.99887  rep_w 1.0   score  40k=1.2469
k32_r100_09_sum  step 40000   auc 0.991624 rep_w 1.0   score  40k=1.2161
k3_r100_09_lr45  step 40000   auc 0.997576 rep_w 1.0   score  40k=1.2912
k3_r100_09_lr70  step 40000   auc 0.99832  rep_w 1.0   score  40k=1.2192
k3_r100_09_lr56_dec step 200000  auc 0.997967 rep_w 0.0   score  40k=1.2164 100k=1.3507 200k=1.2979
k3_r100_09_lr56_dec10k step 100000  auc 0.992476 rep_w 0.0   score  40k=1.1915 100k=1.2151
k32_r200_08_lr56 step 40000   auc 0.993937 rep_w 1.0   score  40k=1.2318
k32_r100_09_dec_lr56 step 40000   auc 0.985711 rep_w 0.0   score  -
k8_r100_09_lr56  step 40000   auc 0.997913 rep_w 1.0   score  40k=1.2750
lanes 1   trainers 0   heads 1   evals 13
===== 2026-09-12 13:29:09 =====
gpu 0, 21665 MiB, 26 %
gpu 1, 17377 MiB, 46 %
k3_r100_09       step 200000  auc 0.999517 rep_w 1.0   score  40k=1.3495 100k=1.3395 200k=1.3910
k32_r100_09      step 40000   auc 0.773158 rep_w 1.0   score  40k=1.4629
k32_r200_08      step 28500   auc 0.534748 rep_w 1.0   score  - COLLAPSED
k3_r100_09_dec   step 40000   auc 0.997382 rep_w 0.0   score  40k=1.3236
k32_r100_09_dec  step 19100   auc 0.501426 rep_w 0.0   score  - COLLAPSED
k8_r100_09       step 40000   auc 0.730208 rep_w 1.0   score  40k=1.4537
k3_r100_09b      step 40000   auc 0.998191 rep_w 1.0   score  40k=1.2927
k3_r100_09_lr33  step 40000   auc 0.997974 rep_w 1.0   score  40k=1.2483
k3_r100_09_lr17  step 40000   auc 0.998509 rep_w 1.0   score  40k=1.2612
k3_r100_09_lr56  step 200000  auc 0.999432 rep_w 1.0   score  40k=1.1820 100k=1.3170 200k=1.3189
k32_r100_09_lr56 step 40000   auc 0.730161 rep_w 1.0   score  40k=1.4404
k3_r100_09_mean  step 27400   auc 0.535472 rep_w 1.0   score  - COLLAPSED
k3_r100_09b_lr56 step 40000   auc 0.99887  rep_w 1.0   score  40k=1.2469
k32_r100_09_sum  step 40000   auc 0.991624 rep_w 1.0   score  40k=1.2161
k3_r100_09_lr45  step 40000   auc 0.997576 rep_w 1.0   score  40k=1.2912
k3_r100_09_lr70  step 40000   auc 0.99832  rep_w 1.0   score  40k=1.2192
k3_r100_09_lr56_dec step 200000  auc 0.997967 rep_w 0.0   score  40k=1.2164 100k=1.3507 200k=1.2979
k3_r100_09_lr56_dec10k step 100000  auc 0.992476 rep_w 0.0   score  40k=1.1915 100k=1.2151
k32_r200_08_lr56 step 40000   auc 0.993937 rep_w 1.0   score  40k=1.2318
k32_r100_09_dec_lr56 step 40000   auc 0.985711 rep_w 0.0   score  -
k8_r100_09_lr56  step 40000   auc 0.997913 rep_w 1.0   score  40k=1.2750
lanes 1   trainers 0   heads 0   evals 17
