Command line: /tmp/contrastive-forecasting-409/experiments/2026-04-27_freq-embedding/scripts/train.py --resume /home/jupyter/checkpoints_backup/cf-409-a4zero/arm6_v2_combab_alignS/leg_40k/cf393_arm6_v2_combab_alignS_cf373k3_cf409_a4zero_40k.pth --qk-norm --attn-out-norm --batch-size 64 --device cuda --total-steps 200000 --lr 1e-3 --weight-decay 0.1 --adam-beta1 0.9 --adam-beta2 0.98 --seed 20260520 --save-every 10000 --extra-save-steps 200000 --save-dir /home/jupyter/checkpoints_backup/cf-409-a4zero/arm6_v2_combab_alignS/leg_200k --run-name cf393_arm6_v2_combab_alignS_cf373k3_cf409_a4zero --log-every 200 --hf-repo jeremycochoy/gift-pretrain-full-4096 --hf-path small_v1 --t-raw 4096 --n-channels 1 --d-model 64 --n-heads 8 --num-encoder-layers 3 --num-layers 3 --encoder-dropkey 0.70 --encoder-dropkey-share-heads --encoder-dropkey-share-layers --depthwise-conv 3 --deprecated-depthwise-conv 0 --loss-shape cosine_similarity_batch_rep_only --align-loss-weight 1.0 --moco-rep-keys --tau-rep 1.0 --align-target student --ema-embedding --ema-encoder --ema-tau 0.9 --ema-tau-end 1.0 --ema-tau-ramp-steps 100000 --cpc-infonce-weight 1.0 --sigreg-embedding --sigreg-encoding --sigreg-n-chunk 2048 --sigreg-embedding-weight 1.0 --sigreg-encoding-weight 1.0 --tau 0.10 --rev-norm-kind ewma --rev-norm-span 128 --encoder-type gru --synth-kind forked-arma --mix-ratio 0.0078125 --crossfade-triplets 1 --mixup-p 0.3 --freq-emb-dim 3 --seasonality-emb-dim 3 --log-attn-amplitude --log-attn-amplitude-every 200 --residual-dtype fp32 --attn-dtype fp16 --ffn-dtype fp16 --conv-dtype fp16 --patch-emb-dtype fp32 --train-rollout-depth 3 --cpc-infonce-weight 0.0 --rep-loss-weight 0.0
  [checkpoint] Restored optimizer from /home/jupyter/checkpoints_backup/cf-409-a4zero/arm6_v2_combab_alignS/leg_40k/cf393_arm6_v2_combab_alignS_cf373k3_cf409_a4zero_40k_optimizer.pth (step=40000, best_ff=0.2279)
Resumed from /home/jupyter/checkpoints_backup/cf-409-a4zero/arm6_v2_combab_alignS/leg_40k/cf393_arm6_v2_combab_alignS_cf373k3_cf409_a4zero_40k.pth at step 40000
Device: cuda | Params: 720,668
Training for 200000 steps, bs=64, lr=0.001, T=4096, C=1, mix_ratio=0.0078125, freq_emb_dim=3, seasonality_emb_dim=3, mixup_p=0.3, rev_norm_kind=ewma(span=128), patch_stats=none, encoder_type=gru
Checkpoints: /home/jupyter/checkpoints_backup/cf-409-a4zero/arm6_v2_combab_alignS/leg_200k/cf393_arm6_v2_combab_alignS_cf373k3_cf409_a4zero_*.pth
Loss CSV: /home/jupyter/checkpoints_backup/cf-409-a4zero/arm6_v2_combab_alignS/leg_200k/cf393_arm6_v2_combab_alignS_cf373k3_cf409_a4zero_losses.csv
Latent-drift CSV: /home/jupyter/checkpoints_backup/cf-409-a4zero/arm6_v2_combab_alignS/leg_200k/cf393_arm6_v2_combab_alignS_cf373k3_cf409_a4zero_latent_drift.csv (every 10000 steps, probe_bs=64, probe_seed=20260722)
Attn-amplitude CSV: /home/jupyter/checkpoints_backup/cf-409-a4zero/arm6_v2_combab_alignS/leg_200k/cf393_arm6_v2_combab_alignS_cf373k3_cf409_a4zero_attn_amplitude.csv (every 200 steps)
Data: MIX 99% HF + 1% synth (forked-arma) + 0% crossfade + 1 triplet(s)=3 rows, hf_bs=64, synth_bs=0, cross_bs=0, total_bs=67
  [dataloader] 4274 shards, 42740000 total rows, target skip 2560000
  [dataloader] Fast-skip: starting at shard 256/4274, then skipping 0 rows within it
[  40200] loss=2.7078  ema_loss=4.0769  gap=0.1628  ema_gap=0.1532  mixup=59/200  3.8 sps  ETA 11.8h
              R²_rand=0.7197  R²_naive=0.5293  U_t=0.0774  U_b=0.1209  AUC=0.9435  Top1=0.2315
  timing: data=79.3ms  fwd=83.7ms  bwd=78.3ms  total=242.0ms
  -> Saved /home/jupyter/checkpoints_backup/cf-409-a4zero/arm6_v2_combab_alignS/leg_200k/cf393_arm6_v2_combab_alignS_cf373k3_cf409_a4zero_best_loss.pth
[  40400] loss=0.5484  ema_loss=1.7645  gap=0.0117  ema_gap=0.0659  mixup=58/200  4.4 sps  ETA 10.1h
              R²_rand=0.5679  R²_naive=0.4942  U_t=0.0206  U_b=0.0208  AUC=0.7212  Top1=0.0369
  timing: data=5.9ms  fwd=84.9ms  bwd=75.3ms  total=166.9ms
  -> Saved /home/jupyter/checkpoints_backup/cf-409-a4zero/arm6_v2_combab_alignS/leg_200k/cf393_arm6_v2_combab_alignS_cf373k3_cf409_a4zero_best_loss.pth
[  40600] loss=0.4057  ema_loss=0.7297  gap=-0.0192  ema_gap=-0.0026  mixup=58/200  4.7 sps  ETA 9.4h
              R²_rand=0.3466  R²_naive=0.3068  U_t=0.0182  U_b=0.0182  AUC=0.5648  Top1=0.0084
  timing: data=5.4ms  fwd=79.1ms  bwd=72.9ms  total=158.1ms
  -> Saved /home/jupyter/checkpoints_backup/cf-409-a4zero/arm6_v2_combab_alignS/leg_200k/cf393_arm6_v2_combab_alignS_cf373k3_cf409_a4zero_best_loss.pth
[  40800] loss=0.4613  ema_loss=0.6795  gap=-0.0320  ema_gap=-0.0246  mixup=56/200  4.6 sps  ETA 9.6h
              R²_rand=0.1593  R²_naive=0.1746  U_t=0.0178  U_b=0.0178  AUC=0.5040  Top1=0.0046
  timing: data=42.9ms  fwd=83.8ms  bwd=76.7ms  total=204.1ms
  -> Saved /home/jupyter/checkpoints_backup/cf-409-a4zero/arm6_v2_combab_alignS/leg_200k/cf393_arm6_v2_combab_alignS_cf373k3_cf409_a4zero_best_loss.pth
[  41000] loss=0.2533  ema_loss=0.4948  gap=-0.0170  ema_gap=-0.0222  mixup=55/200  4.7 sps  ETA 9.3h
              R²_rand=0.2270  R²_naive=0.2311  U_t=0.0168  U_b=0.0168  AUC=0.5315  Top1=0.0046
  timing: data=5.8ms  fwd=83.5ms  bwd=75.3ms  total=165.3ms
  -> Saved /home/jupyter/checkpoints_backup/cf-409-a4zero/arm6_v2_combab_alignS/leg_200k/cf393_arm6_v2_combab_alignS_cf373k3_cf409_a4zero_best_loss.pth
[  41200] loss=0.2513  ema_loss=0.3077  gap=-0.0126  ema_gap=-0.0145  mixup=61/200  4.8 sps  ETA 9.2h
              R²_rand=0.2836  R²_naive=0.2795  U_t=0.0169  U_b=0.0169  AUC=0.5371  Top1=0.0060
  timing: data=5.6ms  fwd=83.3ms  bwd=76.3ms  total=165.9ms
  -> Saved /home/jupyter/checkpoints_backup/cf-409-a4zero/arm6_v2_combab_alignS/leg_200k/cf393_arm6_v2_combab_alignS_cf373k3_cf409_a4zero_best_loss.pth
[  41400] loss=0.4513  ema_loss=0.4678  gap=-0.0272  ema_gap=-0.0210  mixup=59/200  4.7 sps  ETA 9.4h
              R²_rand=0.1444  R²_naive=0.1183  U_t=0.0171  U_b=0.0171  AUC=0.5243  Top1=0.0046
  timing: data=57.8ms  fwd=82.7ms  bwd=75.9ms  total=217.1ms
[  41600] loss=0.5856  ema_loss=0.4765  gap=-0.0312  ema_gap=-0.0202  mixup=56/200  4.8 sps  ETA 9.2h
              R²_rand=0.1539  R²_naive=-0.0389  U_t=0.0178  U_b=0.0181  AUC=0.6367  Top1=0.0147
  timing: data=5.5ms  fwd=84.6ms  bwd=77.9ms  total=168.7ms
[  41800] loss=0.2114  ema_loss=0.2840  gap=-0.0124  ema_gap=-0.0163  mixup=52/200  4.8 sps  ETA 9.1h
              R²_rand=0.3621  R²_naive=0.2866  U_t=0.0169  U_b=0.0169  AUC=0.5341  Top1=0.0052
  timing: data=5.6ms  fwd=83.0ms  bwd=74.5ms  total=163.7ms
  -> Saved /home/jupyter/checkpoints_backup/cf-409-a4zero/arm6_v2_combab_alignS/leg_200k/cf393_arm6_v2_combab_alignS_cf373k3_cf409_a4zero_best_loss.pth
[  42000] loss=0.3849  ema_loss=0.5377  gap=-0.0206  ema_gap=-0.0229  mixup=56/200  4.8 sps  ETA 9.2h
              R²_rand=0.0295  R²_naive=0.0391  U_t=0.0166  U_b=0.0166  AUC=0.4994  Top1=0.0030
  timing: data=43.0ms  fwd=83.9ms  bwd=75.7ms  total=203.4ms
[  42200] loss=0.6332  ema_loss=0.6061  gap=-0.0428  ema_gap=-0.0231  mixup=50/200  4.8 sps  ETA 9.1h
              R²_rand=0.1142  R²_naive=0.1301  U_t=0.0176  U_b=0.0176  AUC=0.5008  Top1=0.0046
  timing: data=5.5ms  fwd=82.6ms  bwd=75.2ms  total=164.0ms
[  42400] loss=0.4413  ema_loss=0.4556  gap=-0.0270  ema_gap=-0.0270  mixup=73/200  4.9 sps  ETA 9.0h
              R²_rand=0.1176  R²_naive=0.1627  U_t=0.0173  U_b=0.0173  AUC=0.5015  Top1=0.0046
  timing: data=5.4ms  fwd=82.9ms  bwd=74.0ms  total=163.0ms
[  42600] loss=0.4978  ema_loss=0.7047  gap=-0.0157  ema_gap=-0.0380  mixup=57/200  4.8 sps  ETA 9.1h
              R²_rand=-0.3072  R²_naive=-0.3077  U_t=0.0165  U_b=0.0165  AUC=0.5034  Top1=0.0054
  timing: data=41.2ms  fwd=81.1ms  bwd=75.0ms  total=198.0ms
[  42800] loss=0.3791  ema_loss=0.6211  gap=-0.0183  ema_gap=-0.0329  mixup=69/200  4.9 sps  ETA 9.0h
              R²_rand=-0.0139  R²_naive=-0.0213  U_t=0.0164  U_b=0.0164  AUC=0.5064  Top1=0.0052
  timing: data=5.7ms  fwd=83.7ms  bwd=76.5ms  total=166.6ms
[  43000] loss=0.3140  ema_loss=0.4007  gap=-0.0268  ema_gap=-0.0256  mixup=62/200  4.9 sps  ETA 8.9h
              R²_rand=0.2248  R²_naive=0.2235  U_t=0.0171  U_b=0.0171  AUC=0.5033  Top1=0.0035
  timing: data=5.6ms  fwd=83.1ms  bwd=75.2ms  total=164.7ms
[  43200] loss=0.3059  ema_loss=0.6189  gap=-0.0245  ema_gap=-0.0308  mixup=65/200  4.8 sps  ETA 9.0h
              R²_rand=0.1614  R²_naive=0.1774  U_t=0.0168  U_b=0.0168  AUC=0.5047  Top1=0.0049
  timing: data=59.9ms  fwd=81.4ms  bwd=76.6ms  total=218.6ms
[  43400] loss=0.5055  ema_loss=0.5771  gap=-0.0331  ema_gap=-0.0300  mixup=56/200  4.8 sps  ETA 9.0h
              R²_rand=0.0755  R²_naive=0.1140  U_t=0.0171  U_b=0.0171  AUC=0.5035  Top1=0.0038
  timing: data=5.6ms  fwd=84.6ms  bwd=76.0ms  total=167.0ms
[  43600] loss=0.5674  ema_loss=0.6814  gap=-0.0341  ema_gap=-0.0444  mixup=62/200  4.9 sps  ETA 8.9h
              R²_rand=-0.0369  R²_naive=-0.0039  U_t=0.0173  U_b=0.0173  AUC=0.4964  Top1=0.0049
  timing: data=5.7ms  fwd=84.1ms  bwd=75.3ms  total=165.9ms
[  43800] loss=0.5394  ema_loss=0.5042  gap=-0.0150  ema_gap=-0.0292  mixup=58/200  4.8 sps  ETA 9.0h
              R²_rand=-0.5797  R²_naive=-0.5703  U_t=0.0165  U_b=0.0165  AUC=0.4954  Top1=0.0027
  timing: data=49.2ms  fwd=82.8ms  bwd=76.5ms  total=209.2ms
[  44000] loss=0.3930  ema_loss=0.5353  gap=-0.0252  ema_gap=-0.0330  mixup=67/200  4.9 sps  ETA 8.9h
              R²_rand=0.0523  R²_naive=0.0893  U_t=0.0169  U_b=0.0168  AUC=0.5031  Top1=0.0054
  timing: data=5.8ms  fwd=83.4ms  bwd=76.3ms  total=166.2ms
[  44200] loss=0.3559  ema_loss=0.6765  gap=-0.0270  ema_gap=-0.0473  mixup=62/200  4.9 sps  ETA 8.9h
              R²_rand=0.1337  R²_naive=0.1500  U_t=0.0168  U_b=0.0168  AUC=0.5017  Top1=0.0043
  timing: data=5.8ms  fwd=81.7ms  bwd=74.6ms  total=162.8ms
[  44400] loss=0.3923  ema_loss=0.4648  gap=-0.0356  ema_gap=-0.0335  mixup=57/200  4.9 sps  ETA 8.9h
              R²_rand=0.1821  R²_naive=0.2017  U_t=0.0174  U_b=0.0174  AUC=0.4973  Top1=0.0024
  timing: data=42.6ms  fwd=81.8ms  bwd=75.6ms  total=200.7ms
[  44600] loss=0.7831  ema_loss=0.5181  gap=-0.0288  ema_gap=-0.0335  mixup=62/200  4.9 sps  ETA 8.9h
              R²_rand=-0.3683  R²_naive=-0.4202  U_t=0.0167  U_b=0.0168  AUC=0.5260  Top1=0.0033
  timing: data=5.6ms  fwd=84.4ms  bwd=75.8ms  total=166.5ms
[  44800] loss=0.2704  ema_loss=0.3892  gap=-0.0187  ema_gap=-0.0253  mixup=67/200  4.9 sps  ETA 8.8h
              R²_rand=0.0619  R²_naive=0.0874  U_t=0.0164  U_b=0.0164  AUC=0.4986  Top1=0.0043
  timing: data=5.8ms  fwd=83.7ms  bwd=76.0ms  total=166.0ms
[  45000] loss=0.2512  ema_loss=0.4253  gap=-0.0174  ema_gap=-0.0290  mixup=65/200  4.9 sps  ETA 8.9h
              R²_rand=0.1414  R²_naive=0.1561  U_t=0.0165  U_b=0.0165  AUC=0.5034  Top1=0.0054
  timing: data=49.3ms  fwd=83.8ms  bwd=75.5ms  total=209.3ms
[  45200] loss=0.5236  ema_loss=0.4888  gap=-0.0420  ema_gap=-0.0318  mixup=58/200  4.9 sps  ETA 8.8h
              R²_rand=0.0259  R²_naive=0.0120  U_t=0.0173  U_b=0.0173  AUC=0.5306  Top1=0.0065
  timing: data=5.8ms  fwd=83.4ms  bwd=75.7ms  total=165.6ms
[  45400] loss=0.2435  ema_loss=0.3267  gap=-0.0208  ema_gap=-0.0260  mixup=56/200  4.9 sps  ETA 8.8h
              R²_rand=0.1895  R²_naive=0.1964  U_t=0.0167  U_b=0.0167  AUC=0.5041  Top1=0.0033
  timing: data=5.9ms  fwd=82.8ms  bwd=76.2ms  total=165.6ms
[  45600] loss=0.2548  ema_loss=0.3207  gap=-0.0196  ema_gap=-0.0241  mixup=66/200  4.9 sps  ETA 8.8h
              R²_rand=0.1762  R²_naive=0.1710  U_t=0.0165  U_b=0.0165  AUC=0.5130  Top1=0.0062
  timing: data=5.8ms  fwd=84.2ms  bwd=76.5ms  total=167.2ms
[  45800] loss=0.4810  ema_loss=0.3109  gap=-0.0279  ema_gap=-0.0192  mixup=57/200  4.9 sps  ETA 8.8h
              R²_rand=-0.0774  R²_naive=-0.0677  U_t=0.0169  U_b=0.0169  AUC=0.5064  Top1=0.0035
  timing: data=47.7ms  fwd=85.1ms  bwd=76.5ms  total=210.1ms
[  46000] loss=0.4302  ema_loss=0.3821  gap=-0.0309  ema_gap=-0.0255  mixup=64/200  4.9 sps  ETA 8.8h
              R²_rand=0.0588  R²_naive=0.0660  U_t=0.0170  U_b=0.0170  AUC=0.5053  Top1=0.0027
  timing: data=5.5ms  fwd=81.9ms  bwd=78.5ms  total=166.8ms
[  46200] loss=0.2664  ema_loss=0.4139  gap=-0.0235  ema_gap=-0.0280  mixup=59/200  4.9 sps  ETA 8.7h
              R²_rand=0.1834  R²_naive=0.1920  U_t=0.0168  U_b=0.0168  AUC=0.4993  Top1=0.0041
  timing: data=5.3ms  fwd=79.4ms  bwd=72.7ms  total=158.2ms
[  46400] loss=0.8273  ema_loss=0.4355  gap=-0.0613  ema_gap=-0.0326  mixup=62/200  4.9 sps  ETA 8.8h
              R²_rand=0.0183  R²_naive=0.0393  U_t=0.0187  U_b=0.0187  AUC=0.4962  Top1=0.0027
  timing: data=91.5ms  fwd=81.9ms  bwd=75.8ms  total=250.0ms
[  46600] loss=0.4697  ema_loss=0.5938  gap=-0.0386  ema_gap=-0.0401  mixup=74/200  4.9 sps  ETA 8.8h
              R²_rand=0.0707  R²_naive=0.0596  U_t=0.0172  U_b=0.0173  AUC=0.5203  Top1=0.0062
  timing: data=5.7ms  fwd=81.4ms  bwd=75.5ms  total=163.3ms
[  46800] loss=0.7364  ema_loss=0.4769  gap=-0.0479  ema_gap=-0.0350  mixup=64/200  4.9 sps  ETA 8.7h
              R²_rand=-0.0442  R²_naive=-0.0396  U_t=0.0176  U_b=0.0176  AUC=0.5198  Top1=0.0041
  timing: data=5.7ms  fwd=84.1ms  bwd=77.0ms  total=167.4ms
[  47000] loss=0.5066  ema_loss=0.5746  gap=-0.0449  ema_gap=-0.0400  mixup=64/200  4.8 sps  ETA 8.8h
              R²_rand=0.2066  R²_naive=0.2157  U_t=0.0179  U_b=0.0179  AUC=0.5020  Top1=0.0030
  timing: data=68.4ms  fwd=81.3ms  bwd=75.0ms  total=225.4ms
[  47200] loss=0.2899  ema_loss=0.4678  gap=-0.0195  ema_gap=-0.0311  mixup=59/200  4.9 sps  ETA 8.7h
              R²_rand=0.1971  R²_naive=0.2194  U_t=0.0169  U_b=0.0169  AUC=0.4978  Top1=0.0038
  timing: data=5.8ms  fwd=84.2ms  bwd=76.8ms  total=167.6ms
[  47400] loss=0.3823  ema_loss=0.4687  gap=-0.0299  ema_gap=-0.0325  mixup=58/200  4.9 sps  ETA 8.7h
              R²_rand=0.1868  R²_naive=0.1925  U_t=0.0173  U_b=0.0173  AUC=0.5040  Top1=0.0033
  timing: data=5.9ms  fwd=81.5ms  bwd=75.2ms  total=163.3ms
[  47600] loss=0.5653  ema_loss=0.5974  gap=-0.0310  ema_gap=-0.0339  mixup=64/200  4.8 sps  ETA 8.8h
              R²_rand=-0.0336  R²_naive=-0.0075  U_t=0.0170  U_b=0.0170  AUC=0.5003  Top1=0.0043
  timing: data=86.5ms  fwd=82.9ms  bwd=76.1ms  total=246.3ms
[  47800] loss=2.4854  ema_loss=0.4623  gap=-0.0859  ema_gap=-0.0318  mixup=40/200  4.8 sps  ETA 8.7h
              R²_rand=-0.4435  R²_naive=-0.4637  U_t=0.0208  U_b=0.0210  AUC=0.5183  Top1=0.0043
  timing: data=5.5ms  fwd=82.5ms  bwd=75.4ms  total=164.1ms
[  48000] loss=0.7067  ema_loss=0.5806  gap=-0.0319  ema_gap=-0.0325  mixup=67/200  4.9 sps  ETA 8.7h
              R²_rand=-0.2487  R²_naive=-0.2412  U_t=0.0172  U_b=0.0172  AUC=0.5157  Top1=0.0052
  timing: data=5.3ms  fwd=78.3ms  bwd=70.8ms  total=155.1ms
[  48200] loss=0.2034  ema_loss=0.3019  gap=-0.0133  ema_gap=-0.0208  mixup=55/200  4.8 sps  ETA 8.8h
              R²_rand=0.3090  R²_naive=0.3127  U_t=0.0168  U_b=0.0168  AUC=0.5031  Top1=0.0054
  timing: data=99.0ms  fwd=82.4ms  bwd=76.3ms  total=258.5ms
[  48400] loss=0.9558  ema_loss=0.3862  gap=-0.0242  ema_gap=-0.0232  mixup=66/200  4.8 sps  ETA 8.7h
              R²_rand=-0.7145  R²_naive=-0.7034  U_t=0.0171  U_b=0.0171  AUC=0.5002  Top1=0.0046
  timing: data=5.7ms  fwd=84.2ms  bwd=76.1ms  total=166.7ms
[  48600] loss=0.3810  ema_loss=0.5244  gap=-0.0273  ema_gap=-0.0337  mixup=60/200  4.8 sps  ETA 8.7h
              R²_rand=0.0874  R²_naive=0.1192  U_t=0.0170  U_b=0.0170  AUC=0.5014  Top1=0.0043
  timing: data=5.8ms  fwd=83.0ms  bwd=76.1ms  total=165.7ms
[  48800] loss=0.3455  ema_loss=0.4334  gap=-0.0263  ema_gap=-0.0312  mixup=61/200  4.8 sps  ETA 8.7h
              R²_rand=0.1773  R²_naive=0.1860  U_t=0.0171  U_b=0.0171  AUC=0.4998  Top1=0.0035
  timing: data=52.7ms  fwd=83.4ms  bwd=75.3ms  total=212.2ms
[  49000] loss=0.6199  ema_loss=0.4361  gap=-0.0227  ema_gap=-0.0316  mixup=62/200  4.8 sps  ETA 8.7h
              R²_rand=-0.3344  R²_naive=-0.3086  U_t=0.0169  U_b=0.0168  AUC=0.5002  Top1=0.0038
  timing: data=5.5ms  fwd=82.4ms  bwd=75.0ms  total=163.6ms
[  49200] loss=0.2470  ema_loss=0.2992  gap=-0.0168  ema_gap=-0.0206  mixup=63/200  4.8 sps  ETA 8.7h
              R²_rand=0.1649  R²_naive=0.1812  U_t=0.0167  U_b=0.0167  AUC=0.4995  Top1=0.0024
  timing: data=6.1ms  fwd=83.0ms  bwd=76.3ms  total=166.2ms
[  49400] loss=0.2125  ema_loss=0.3282  gap=-0.0169  ema_gap=-0.0229  mixup=57/200  4.8 sps  ETA 8.7h
              R²_rand=0.2222  R²_naive=0.2443  U_t=0.0167  U_b=0.0167  AUC=0.5000  Top1=0.0038
  timing: data=65.4ms  fwd=80.6ms  bwd=77.5ms  total=224.2ms
[  49600] loss=0.3390  ema_loss=0.3802  gap=-0.0300  ema_gap=-0.0266  mixup=67/200  4.8 sps  ETA 8.7h
              R²_rand=0.2310  R²_naive=0.2441  U_t=0.0174  U_b=0.0174  AUC=0.5068  Top1=0.0027
  timing: data=5.7ms  fwd=83.1ms  bwd=75.9ms  total=165.5ms
[  49800] loss=0.3366  ema_loss=0.3502  gap=-0.0251  ema_gap=-0.0228  mixup=57/200  4.8 sps  ETA 8.6h
              R²_rand=0.1261  R²_naive=0.1556  U_t=0.0170  U_b=0.0170  AUC=0.4948  Top1=0.0038
  timing: data=5.6ms  fwd=82.9ms  bwd=76.7ms  total=165.9ms
[  50000] loss=0.5411  ema_loss=0.5349  gap=-0.0245  ema_gap=-0.0303  mixup=59/200  4.8 sps  ETA 8.6h
              R²_rand=-0.1873  R²_naive=-0.1705  U_t=0.0168  U_b=0.0168  AUC=0.5072  Top1=0.0027
  timing: data=5.6ms  fwd=83.0ms  bwd=75.1ms  total=164.4ms
  -> Saved /home/jupyter/checkpoints_backup/cf-409-a4zero/arm6_v2_combab_alignS/leg_200k/cf393_arm6_v2_combab_alignS_cf373k3_cf409_a4zero_50k.pth
[  50200] loss=0.7924  ema_loss=0.5819  gap=-0.0418  ema_gap=-0.0287  mixup=55/200  4.8 sps  ETA 8.6h
              R²_rand=-0.1024  R²_naive=-0.0952  U_t=0.0174  U_b=0.0174  AUC=0.5142  Top1=0.0062
  timing: data=61.8ms  fwd=82.5ms  bwd=78.4ms  total=223.4ms
[  50400] loss=0.2440  ema_loss=0.4009  gap=-0.0193  ema_gap=-0.0275  mixup=61/200  4.8 sps  ETA 8.6h
              R²_rand=0.1448  R²_naive=0.1753  U_t=0.0166  U_b=0.0166  AUC=0.5036  Top1=0.0030
  timing: data=5.8ms  fwd=82.5ms  bwd=78.2ms  total=167.3ms
[  50600] loss=0.4312  ema_loss=0.4643  gap=-0.0233  ema_gap=-0.0347  mixup=50/200  4.8 sps  ETA 8.6h
              R²_rand=-0.0048  R²_naive=0.0158  U_t=0.0172  U_b=0.0172  AUC=0.5024  Top1=0.0049
  timing: data=5.5ms  fwd=83.7ms  bwd=77.2ms  total=167.1ms
[  50800] loss=0.2347  ema_loss=0.4765  gap=-0.0154  ema_gap=-0.0293  mixup=63/200  4.8 sps  ETA 8.6h
              R²_rand=0.0891  R²_naive=0.1090  U_t=0.0163  U_b=0.0163  AUC=0.5005  Top1=0.0049
  timing: data=55.8ms  fwd=81.4ms  bwd=75.6ms  total=213.5ms
[  51000] loss=0.4500  ema_loss=0.3939  gap=-0.0405  ema_gap=-0.0288  mixup=70/200  4.8 sps  ETA 8.6h
              R²_rand=0.1559  R²_naive=0.1717  U_t=0.0176  U_b=0.0176  AUC=0.4973  Top1=0.0033
  timing: data=5.7ms  fwd=82.3ms  bwd=75.9ms  total=164.6ms
[  51200] loss=0.4756  ema_loss=0.4685  gap=-0.0331  ema_gap=-0.0268  mixup=61/200  4.8 sps  ETA 8.5h
              R²_rand=0.0239  R²_naive=0.0506  U_t=0.0171  U_b=0.0171  AUC=0.5182  Top1=0.0052
  timing: data=6.0ms  fwd=83.8ms  bwd=76.8ms  total=167.3ms
[  51400] loss=0.4567  ema_loss=0.5226  gap=-0.0292  ema_gap=-0.0302  mixup=66/200  4.8 sps  ETA 8.5h
              R²_rand=-0.0154  R²_naive=-0.0069  U_t=0.0171  U_b=0.0171  AUC=0.5299  Top1=0.0068
  timing: data=58.7ms  fwd=81.6ms  bwd=77.1ms  total=218.1ms
[  51600] loss=0.7418  ema_loss=0.4630  gap=-0.0454  ema_gap=-0.0269  mixup=55/200  4.8 sps  ETA 8.5h
              R²_rand=-0.0672  R²_naive=-0.0647  U_t=0.0176  U_b=0.0176  AUC=0.5005  Top1=0.0057
  timing: data=5.4ms  fwd=80.1ms  bwd=77.3ms  total=163.6ms
[  51800] loss=0.6331  ema_loss=0.4677  gap=-0.0375  ema_gap=-0.0326  mixup=54/200  4.8 sps  ETA 8.5h
              R²_rand=-0.1388  R²_naive=-0.0604  U_t=0.0174  U_b=0.0174  AUC=0.4984  Top1=0.0033
  timing: data=5.5ms  fwd=82.0ms  bwd=77.9ms  total=166.0ms
[  52000] loss=0.2098  ema_loss=0.4173  gap=-0.0118  ema_gap=-0.0288  mixup=58/200  4.8 sps  ETA 8.5h
              R²_rand=0.1904  R²_naive=0.1850  U_t=0.0166  U_b=0.0166  AUC=0.4997  Top1=0.0033
  timing: data=44.8ms  fwd=83.5ms  bwd=77.9ms  total=207.0ms
[  52200] loss=0.3469  ema_loss=0.3152  gap=-0.0083  ema_gap=-0.0209  mixup=53/200  4.8 sps  ETA 8.5h
              R²_rand=-0.6810  R²_naive=-0.6555  U_t=0.0163  U_b=0.0163  AUC=0.5010  Top1=0.0041
  timing: data=5.6ms  fwd=82.8ms  bwd=77.1ms  total=166.3ms
[  52400] loss=0.6708  ema_loss=0.4795  gap=-0.0392  ema_gap=-0.0265  mixup=61/200  4.8 sps  ETA 8.5h
              R²_rand=0.0051  R²_naive=0.0470  U_t=0.0174  U_b=0.0174  AUC=0.5048  Top1=0.0049
  timing: data=5.7ms  fwd=83.5ms  bwd=79.1ms  total=169.2ms
[  52600] loss=0.3054  ema_loss=0.4139  gap=-0.0211  ema_gap=-0.0258  mixup=58/200  4.8 sps  ETA 8.5h
              R²_rand=0.0417  R²_naive=0.0538  U_t=0.0167  U_b=0.0167  AUC=0.5094  Top1=0.0049
  timing: data=51.2ms  fwd=83.0ms  bwd=77.6ms  total=212.6ms
[  52800] loss=0.2465  ema_loss=0.4324  gap=-0.0217  ema_gap=-0.0269  mixup=59/200  4.8 sps  ETA 8.4h
              R²_rand=0.1830  R²_naive=0.1908  U_t=0.0167  U_b=0.0167  AUC=0.4968  Top1=0.0049
  timing: data=5.5ms  fwd=82.7ms  bwd=77.1ms  total=166.1ms
[  53000] loss=0.3302  ema_loss=0.3442  gap=-0.0211  ema_gap=-0.0249  mixup=63/200  4.8 sps  ETA 8.4h
              R²_rand=0.1125  R²_naive=0.1510  U_t=0.0171  U_b=0.0171  AUC=0.5021  Top1=0.0027
  timing: data=6.9ms  fwd=83.5ms  bwd=77.9ms  total=169.1ms
[  53200] loss=0.5226  ema_loss=0.5028  gap=-0.0357  ema_gap=-0.0302  mixup=51/200  4.8 sps  ETA 8.4h
              R²_rand=0.1454  R²_naive=0.1421  U_t=0.0176  U_b=0.0176  AUC=0.5014  Top1=0.0024
  timing: data=43.4ms  fwd=81.7ms  bwd=77.5ms  total=203.5ms
[  53400] loss=0.9328  ema_loss=0.4891  gap=-0.0488  ema_gap=-0.0223  mixup=50/200  4.8 sps  ETA 8.4h
              R²_rand=-0.2288  R²_naive=-0.2027  U_t=0.0178  U_b=0.0178  AUC=0.5040  Top1=0.0022
  timing: data=5.7ms  fwd=84.2ms  bwd=76.8ms  total=167.4ms
[  53600] loss=0.3105  ema_loss=0.4080  gap=-0.0228  ema_gap=-0.0268  mixup=74/200  4.9 sps  ETA 8.4h
              R²_rand=0.1370  R²_naive=0.1423  U_t=0.0170  U_b=0.0170  AUC=0.5035  Top1=0.0054
  timing: data=5.6ms  fwd=80.3ms  bwd=74.4ms  total=161.0ms
[  53800] loss=0.5729  ema_loss=0.5478  gap=-0.0304  ema_gap=-0.0316  mixup=50/200  4.8 sps  ETA 8.4h
              R²_rand=0.0057  R²_naive=0.0141  U_t=0.0175  U_b=0.0175  AUC=0.5038  Top1=0.0027
  timing: data=49.1ms  fwd=83.0ms  bwd=77.1ms  total=209.9ms
[  54000] loss=0.2663  ema_loss=0.4895  gap=-0.0196  ema_gap=-0.0343  mixup=64/200  4.8 sps  ETA 8.4h
              R²_rand=0.1944  R²_naive=0.2166  U_t=0.0170  U_b=0.0170  AUC=0.5003  Top1=0.0033
  timing: data=6.0ms  fwd=82.9ms  bwd=78.1ms  total=167.9ms
[  54200] loss=0.3010  ema_loss=0.3914  gap=-0.0157  ema_gap=-0.0259  mixup=73/200  4.9 sps  ETA 8.3h
              R²_rand=0.0326  R²_naive=0.0133  U_t=0.0168  U_b=0.0168  AUC=0.5175  Top1=0.0062
  timing: data=6.1ms  fwd=85.8ms  bwd=80.4ms  total=173.2ms
[  54400] loss=0.2151  ema_loss=0.4273  gap=-0.0159  ema_gap=-0.0222  mixup=58/200  4.8 sps  ETA 8.4h
              R²_rand=0.1998  R²_naive=0.2082  U_t=0.0166  U_b=0.0166  AUC=0.5016  Top1=0.0041
  timing: data=78.7ms  fwd=82.0ms  bwd=80.2ms  total=241.8ms
[  54600] loss=0.5120  ema_loss=0.5031  gap=-0.0346  ema_gap=-0.0283  mixup=57/200  4.8 sps  ETA 8.4h
              R²_rand=0.1265  R²_naive=0.1263  U_t=0.0175  U_b=0.0175  AUC=0.5017  Top1=0.0046
  timing: data=7.0ms  fwd=82.3ms  bwd=77.3ms  total=167.4ms
[  54800] loss=0.4580  ema_loss=0.5704  gap=-0.0357  ema_gap=-0.0376  mixup=62/200  4.8 sps  ETA 8.3h
              R²_rand=0.1551  R²_naive=0.1684  U_t=0.0176  U_b=0.0175  AUC=0.4964  Top1=0.0054
  timing: data=9.0ms  fwd=86.3ms  bwd=80.8ms  total=177.0ms
[  55000] loss=0.5242  ema_loss=0.4472  gap=-0.0284  ema_gap=-0.0249  mixup=51/200  4.8 sps  ETA 8.3h
              R²_rand=0.0644  R²_naive=0.0791  U_t=0.0176  U_b=0.0176  AUC=0.5128  Top1=0.0052
  timing: data=6.6ms  fwd=88.7ms  bwd=83.3ms  total=179.6ms
[  55200] loss=0.4212  ema_loss=0.5347  gap=-0.0313  ema_gap=-0.0352  mixup=65/200  4.8 sps  ETA 8.3h
              R²_rand=0.1448  R²_naive=0.1401  U_t=0.0174  U_b=0.0174  AUC=0.5074  Top1=0.0052
  timing: data=48.0ms  fwd=82.7ms  bwd=79.7ms  total=211.2ms
[  55400] loss=0.5503  ema_loss=0.5875  gap=-0.0329  ema_gap=-0.0416  mixup=60/200  4.8 sps  ETA 8.3h
              R²_rand=0.0908  R²_naive=0.1342  U_t=0.0181  U_b=0.0181  AUC=0.5019  Top1=0.0046
  timing: data=6.6ms  fwd=92.9ms  bwd=88.5ms  total=188.9ms
[  55600] loss=0.8389  ema_loss=0.8831  gap=-0.0464  ema_gap=-0.0345  mixup=60/200  4.8 sps  ETA 8.3h
              R²_rand=-0.1045  R²_naive=-0.0946  U_t=0.0176  U_b=0.0176  AUC=0.5057  Top1=0.0035
  timing: data=6.0ms  fwd=84.6ms  bwd=81.1ms  total=172.4ms
[  55800] loss=0.2656  ema_loss=0.4509  gap=-0.0191  ema_gap=-0.0267  mixup=56/200  4.8 sps  ETA 8.3h
              R²_rand=0.2210  R²_naive=0.2240  U_t=0.0170  U_b=0.0170  AUC=0.5011  Top1=0.0030
  timing: data=60.1ms  fwd=84.1ms  bwd=79.3ms  total=224.3ms
[  56000] loss=0.4174  ema_loss=0.6312  gap=-0.0329  ema_gap=-0.0348  mixup=59/200  4.8 sps  ETA 8.3h
              R²_rand=0.1638  R²_naive=0.1599  U_t=0.0173  U_b=0.0173  AUC=0.5035  Top1=0.0052
  timing: data=6.3ms  fwd=84.5ms  bwd=79.8ms  total=171.5ms
[  56200] loss=0.3866  ema_loss=0.5570  gap=-0.0350  ema_gap=-0.0411  mixup=61/200  4.8 sps  ETA 8.3h
              R²_rand=0.1923  R²_naive=0.2132  U_t=0.0176  U_b=0.0176  AUC=0.5018  Top1=0.0049
  timing: data=7.4ms  fwd=83.9ms  bwd=81.0ms  total=173.0ms
[  56400] loss=0.4390  ema_loss=0.6649  gap=-0.0321  ema_gap=-0.0451  mixup=67/200  4.8 sps  ETA 8.3h
              R²_rand=0.1547  R²_naive=0.1697  U_t=0.0175  U_b=0.0175  AUC=0.4986  Top1=0.0046
  timing: data=51.8ms  fwd=83.5ms  bwd=78.2ms  total=214.3ms
[  56600] loss=0.7432  ema_loss=0.6311  gap=-0.0311  ema_gap=-0.0413  mixup=65/200  4.8 sps  ETA 8.3h
              R²_rand=-0.2627  R²_naive=-0.2274  U_t=0.0173  U_b=0.0173  AUC=0.4984  Top1=0.0022
  timing: data=7.4ms  fwd=91.6ms  bwd=87.9ms  total=187.7ms
[  56800] loss=0.5290  ema_loss=0.6227  gap=-0.0463  ema_gap=-0.0444  mixup=57/200  4.8 sps  ETA 8.3h
              R²_rand=0.2242  R²_naive=0.2577  U_t=0.0184  U_b=0.0184  AUC=0.4999  Top1=0.0027
  timing: data=6.1ms  fwd=83.4ms  bwd=77.8ms  total=168.1ms
[  57000] loss=0.5771  ema_loss=0.6012  gap=-0.0294  ema_gap=-0.0431  mixup=51/200  4.8 sps  ETA 8.3h
              R²_rand=-0.0536  R²_naive=-0.0375  U_t=0.0175  U_b=0.0175  AUC=0.4975  Top1=0.0052
  timing: data=55.1ms  fwd=81.5ms  bwd=77.6ms  total=215.0ms
[  57200] loss=0.3760  ema_loss=0.6297  gap=-0.0250  ema_gap=-0.0415  mixup=66/200  4.8 sps  ETA 8.2h
              R²_rand=0.2532  R²_naive=0.2608  U_t=0.0174  U_b=0.0174  AUC=0.5010  Top1=0.0049
  timing: data=6.1ms  fwd=83.2ms  bwd=76.9ms  total=167.1ms
[  57400] loss=1.0146  ema_loss=0.7174  gap=-0.0752  ema_gap=-0.0456  mixup=60/200  4.8 sps  ETA 8.2h
              R²_rand=0.0182  R²_naive=-0.0050  U_t=0.0189  U_b=0.0189  AUC=0.5326  Top1=0.0062
  timing: data=5.6ms  fwd=82.2ms  bwd=76.8ms  total=165.4ms
[  57600] loss=0.6706  ema_loss=0.6264  gap=-0.0545  ema_gap=-0.0445  mixup=57/200  4.8 sps  ETA 8.2h
              R²_rand=0.1421  R²_naive=0.1586  U_t=0.0185  U_b=0.0185  AUC=0.4997  Top1=0.0030
  timing: data=51.8ms  fwd=81.5ms  bwd=76.4ms  total=210.4ms
[  57800] loss=0.7259  ema_loss=0.6858  gap=-0.0622  ema_gap=-0.0457  mixup=62/200  4.8 sps  ETA 8.2h
              R²_rand=0.1055  R²_naive=0.1032  U_t=0.0184  U_b=0.0184  AUC=0.5020  Top1=0.0049
  timing: data=5.8ms  fwd=82.2ms  bwd=77.6ms  total=166.3ms
[  58000] loss=1.3308  ema_loss=0.7031  gap=-0.1063  ema_gap=-0.0443  mixup=57/200  4.8 sps  ETA 8.2h
              R²_rand=-0.0521  R²_naive=-0.0224  U_t=0.0202  U_b=0.0202  AUC=0.5050  Top1=0.0043
  timing: data=5.8ms  fwd=83.0ms  bwd=78.1ms  total=167.8ms
[  58200] loss=0.5133  ema_loss=0.6762  gap=-0.0346  ema_gap=-0.0400  mixup=58/200  4.8 sps  ETA 8.2h
              R²_rand=0.0472  R²_naive=0.0633  U_t=0.0174  U_b=0.0174  AUC=0.4979  Top1=0.0043
  timing: data=79.5ms  fwd=82.6ms  bwd=77.6ms  total=240.6ms
[  58400] loss=0.4410  ema_loss=0.5989  gap=-0.0377  ema_gap=-0.0423  mixup=61/200  4.8 sps  ETA 8.2h
              R²_rand=0.2212  R²_naive=0.2196  U_t=0.0178  U_b=0.0178  AUC=0.5054  Top1=0.0052
  timing: data=5.9ms  fwd=83.6ms  bwd=78.9ms  total=169.2ms
[  58600] loss=0.2942  ema_loss=0.4803  gap=-0.0187  ema_gap=-0.0310  mixup=61/200  4.8 sps  ETA 8.2h
              R²_rand=0.2126  R²_naive=0.2209  U_t=0.0169  U_b=0.0169  AUC=0.4973  Top1=0.0043
  timing: data=7.2ms  fwd=81.2ms  bwd=76.7ms  total=165.9ms
[  58800] loss=1.3531  ema_loss=0.5650  gap=-0.0661  ema_gap=-0.0350  mixup=67/200  4.8 sps  ETA 8.2h
              R²_rand=-0.2479  R²_naive=-0.2315  U_t=0.0189  U_b=0.0189  AUC=0.5190  Top1=0.0035
  timing: data=51.1ms  fwd=82.4ms  bwd=77.6ms  total=211.9ms
[  59000] loss=0.5865  ema_loss=0.8577  gap=-0.0430  ema_gap=-0.0418  mixup=52/200  4.8 sps  ETA 8.1h
              R²_rand=0.0989  R²_naive=0.1110  U_t=0.0176  U_b=0.0176  AUC=0.5034  Top1=0.0041
  timing: data=6.1ms  fwd=81.8ms  bwd=76.6ms  total=165.3ms
[  59200] loss=0.5459  ema_loss=0.5669  gap=-0.0432  ema_gap=-0.0352  mixup=59/200  4.8 sps  ETA 8.1h
              R²_rand=0.1425  R²_naive=0.1564  U_t=0.0177  U_b=0.0177  AUC=0.5012  Top1=0.0035
  timing: data=7.0ms  fwd=80.5ms  bwd=77.8ms  total=166.1ms
[  59400] loss=0.5631  ema_loss=0.5527  gap=-0.0322  ema_gap=-0.0299  mixup=74/200  4.8 sps  ETA 8.1h
              R²_rand=0.0016  R²_naive=0.0161  U_t=0.0172  U_b=0.0172  AUC=0.5030  Top1=0.0038
  timing: data=46.2ms  fwd=80.8ms  bwd=79.5ms  total=207.3ms
[  59600] loss=0.4609  ema_loss=0.4543  gap=-0.0423  ema_gap=-0.0307  mixup=64/200  4.8 sps  ETA 8.1h
              R²_rand=0.1119  R²_naive=0.1513  U_t=0.0175  U_b=0.0175  AUC=0.5270  Top1=0.0065
  timing: data=7.2ms  fwd=82.8ms  bwd=78.5ms  total=169.3ms
[  59800] loss=0.4134  ema_loss=0.4290  gap=-0.0272  ema_gap=-0.0286  mixup=63/200  4.8 sps  ETA 8.1h
              R²_rand=0.1976  R²_naive=0.1936  U_t=0.0175  U_b=0.0175  AUC=0.5019  Top1=0.0033
  timing: data=7.3ms  fwd=81.3ms  bwd=79.4ms  total=168.9ms
[  60000] loss=0.2933  ema_loss=0.4370  gap=-0.0205  ema_gap=-0.0295  mixup=56/200  4.8 sps  ETA 8.1h
              R²_rand=0.2710  R²_naive=0.2695  U_t=0.0173  U_b=0.0173  AUC=0.5018  Top1=0.0043
  timing: data=7.3ms  fwd=84.0ms  bwd=79.4ms  total=171.5ms
  -> Saved /home/jupyter/checkpoints_backup/cf-409-a4zero/arm6_v2_combab_alignS/leg_200k/cf393_arm6_v2_combab_alignS_cf373k3_cf409_a4zero_60k.pth
[  60200] loss=0.6235  ema_loss=0.4986  gap=-0.0411  ema_gap=-0.0254  mixup=62/200  4.8 sps  ETA 8.1h
              R²_rand=0.1332  R²_naive=0.1345  U_t=0.0180  U_b=0.0180  AUC=0.5057  Top1=0.0041
  timing: data=66.6ms  fwd=86.7ms  bwd=84.4ms  total=238.7ms
[  60400] loss=0.3662  ema_loss=0.5404  gap=-0.0269  ema_gap=-0.0326  mixup=61/200  4.8 sps  ETA 8.1h
              R²_rand=0.2841  R²_naive=0.2840  U_t=0.0178  U_b=0.0178  AUC=0.5061  Top1=0.0046
  timing: data=6.4ms  fwd=86.0ms  bwd=79.1ms  total=172.4ms
[  60600] loss=0.7336  ema_loss=0.5634  gap=-0.0438  ema_gap=-0.0334  mixup=54/200  4.8 sps  ETA 8.1h
              R²_rand=-0.0436  R²_naive=-0.0190  U_t=0.0176  U_b=0.0176  AUC=0.5068  Top1=0.0019
  timing: data=9.8ms  fwd=85.4ms  bwd=82.9ms  total=179.1ms
[  60800] loss=0.9353  ema_loss=0.5775  gap=-0.0485  ema_gap=-0.0382  mixup=66/200  4.8 sps  ETA 8.1h
              R²_rand=-0.0544  R²_naive=-0.0783  U_t=0.0186  U_b=0.0187  AUC=0.5305  Top1=0.0049
  timing: data=58.9ms  fwd=86.8ms  bwd=82.4ms  total=228.9ms
[  61000] loss=0.6025  ema_loss=0.4811  gap=-0.0348  ema_gap=-0.0269  mixup=64/200  4.8 sps  ETA 8.0h
              R²_rand=0.1040  R²_naive=0.0983  U_t=0.0181  U_b=0.0181  AUC=0.5028  Top1=0.0033
  timing: data=8.1ms  fwd=85.4ms  bwd=81.3ms  total=175.8ms
[  61200] loss=0.4965  ema_loss=0.7686  gap=-0.0269  ema_gap=-0.0324  mixup=55/200  4.8 sps  ETA 8.0h
              R²_rand=-0.0817  R²_naive=-0.0732  U_t=0.0171  U_b=0.0171  AUC=0.5056  Top1=0.0041
  timing: data=7.8ms  fwd=92.4ms  bwd=87.5ms  total=188.5ms
[  61400] loss=0.6188  ema_loss=0.4173  gap=-0.0389  ema_gap=-0.0252  mixup=57/200  4.8 sps  ETA 8.0h
              R²_rand=0.0246  R²_naive=0.0501  U_t=0.0178  U_b=0.0178  AUC=0.5241  Top1=0.0030
  timing: data=52.7ms  fwd=86.6ms  bwd=82.2ms  total=222.4ms
[  61600] loss=0.3569  ema_loss=0.5508  gap=-0.0282  ema_gap=-0.0343  mixup=67/200  4.8 sps  ETA 8.0h
              R²_rand=0.1653  R²_naive=0.2155  U_t=0.0172  U_b=0.0172  AUC=0.5011  Top1=0.0024
  timing: data=6.3ms  fwd=84.6ms  bwd=78.4ms  total=170.2ms
[  61800] loss=0.3805  ema_loss=0.5841  gap=-0.0221  ema_gap=-0.0338  mixup=65/200  4.8 sps  ETA 8.0h
              R²_rand=0.1088  R²_naive=0.1129  U_t=0.0170  U_b=0.0170  AUC=0.4976  Top1=0.0043
  timing: data=8.6ms  fwd=82.4ms  bwd=79.6ms  total=171.5ms
[  62000] loss=0.4433  ema_loss=0.5782  gap=-0.0303  ema_gap=-0.0258  mixup=57/200  4.8 sps  ETA 8.0h
              R²_rand=0.0483  R²_naive=0.0503  U_t=0.0171  U_b=0.0171  AUC=0.5017  Top1=0.0027
  timing: data=46.5ms  fwd=85.7ms  bwd=79.1ms  total=212.3ms
[  62200] loss=0.4403  ema_loss=0.4018  gap=-0.0427  ema_gap=-0.0307  mixup=66/200  4.8 sps  ETA 8.0h
              R²_rand=0.1589  R²_naive=0.1948  U_t=0.0178  U_b=0.0178  AUC=0.5034  Top1=0.0038
  timing: data=6.2ms  fwd=83.0ms  bwd=80.0ms  total=170.0ms
[  62400] loss=0.2289  ema_loss=0.3718  gap=-0.0170  ema_gap=-0.0255  mixup=47/200  4.8 sps  ETA 8.0h
              R²_rand=0.1831  R²_naive=0.1986  U_t=0.0167  U_b=0.0167  AUC=0.4996  Top1=0.0016
  timing: data=5.7ms  fwd=82.5ms  bwd=77.5ms  total=166.6ms
[  62600] loss=0.4010  ema_loss=0.4752  gap=-0.0362  ema_gap=-0.0332  mixup=73/200  4.8 sps  ETA 8.0h
              R²_rand=0.1890  R²_naive=0.2044  U_t=0.0175  U_b=0.0175  AUC=0.5008  Top1=0.0041
  timing: data=49.3ms  fwd=81.2ms  bwd=78.2ms  total=209.5ms
[  62800] loss=0.6851  ema_loss=0.4808  gap=-0.0240  ema_gap=-0.0282  mixup=59/200  4.8 sps  ETA 7.9h
              R²_rand=-0.3487  R²_naive=-0.3251  U_t=0.0170  U_b=0.0170  AUC=0.4993  Top1=0.0052
  timing: data=7.0ms  fwd=81.6ms  bwd=76.6ms  total=165.9ms
[  63000] loss=0.5650  ema_loss=0.4304  gap=-0.0259  ema_gap=-0.0246  mixup=62/200  4.8 sps  ETA 7.9h
              R²_rand=-0.0103  R²_naive=-0.0009  U_t=0.0175  U_b=0.0175  AUC=0.5039  Top1=0.0033
  timing: data=8.1ms  fwd=79.0ms  bwd=75.8ms  total=163.6ms
[  63200] loss=0.2702  ema_loss=0.3511  gap=-0.0223  ema_gap=-0.0239  mixup=62/200  4.8 sps  ETA 7.9h
              R²_rand=0.1813  R²_naive=0.1811  U_t=0.0169  U_b=0.0169  AUC=0.4988  Top1=0.0068
  timing: data=55.6ms  fwd=81.4ms  bwd=78.2ms  total=216.0ms
[  63400] loss=0.2564  ema_loss=0.4504  gap=-0.0201  ema_gap=-0.0245  mixup=58/200  4.8 sps  ETA 7.9h
              R²_rand=0.1738  R²_naive=0.1720  U_t=0.0165  U_b=0.0165  AUC=0.5091  Top1=0.0035
  timing: data=6.9ms  fwd=80.9ms  bwd=78.1ms  total=166.6ms
[  63600] loss=0.3956  ema_loss=0.4056  gap=-0.0275  ema_gap=-0.0261  mixup=73/200  4.8 sps  ETA 7.9h
              R²_rand=0.1553  R²_naive=0.1521  U_t=0.0171  U_b=0.0171  AUC=0.5015  Top1=0.0030
  timing: data=7.0ms  fwd=82.4ms  bwd=77.1ms  total=167.2ms
[  63800] loss=1.0995  ema_loss=0.4570  gap=-0.0648  ema_gap=-0.0241  mixup=58/200  4.8 sps  ETA 7.9h
              R²_rand=-0.0661  R²_naive=-0.0706  U_t=0.0182  U_b=0.0183  AUC=0.5454  Top1=0.0041
  timing: data=51.6ms  fwd=82.0ms  bwd=78.1ms  total=212.4ms
[  64000] loss=0.4152  ema_loss=0.4551  gap=-0.0202  ema_gap=-0.0308  mixup=50/200  4.8 sps  ETA 7.9h
              R²_rand=0.0533  R²_naive=-0.0535  U_t=0.0168  U_b=0.0168  AUC=0.5465  Top1=0.0043
  timing: data=8.2ms  fwd=80.6ms  bwd=77.5ms  total=167.1ms
[  64200] loss=0.2156  ema_loss=0.2595  gap=-0.0121  ema_gap=-0.0185  mixup=58/200  4.8 sps  ETA 7.9h
              R²_rand=0.0204  R²_naive=0.0250  U_t=0.0163  U_b=0.0162  AUC=0.4956  Top1=0.0054
  timing: data=7.0ms  fwd=81.6ms  bwd=78.3ms  total=167.6ms
  -> Saved /home/jupyter/checkpoints_backup/cf-409-a4zero/arm6_v2_combab_alignS/leg_200k/cf393_arm6_v2_combab_alignS_cf373k3_cf409_a4zero_best_loss.pth
[  64400] loss=0.6117  ema_loss=0.3335  gap=-0.0296  ema_gap=-0.0204  mixup=54/200  4.8 sps  ETA 7.8h
              R²_rand=-0.0734  R²_naive=-0.0800  U_t=0.0171  U_b=0.0171  AUC=0.5042  Top1=0.0033
  timing: data=46.4ms  fwd=82.4ms  bwd=76.8ms  total=206.2ms
[  64600] loss=0.1739  ema_loss=0.3156  gap=-0.0145  ema_gap=-0.0216  mixup=62/200  4.8 sps  ETA 7.8h
              R²_rand=0.1518  R²_naive=0.1547  U_t=0.0163  U_b=0.0163  AUC=0.5000  Top1=0.0057
  timing: data=5.7ms  fwd=82.7ms  bwd=76.4ms  total=165.6ms
[  64800] loss=0.3865  ema_loss=0.2205  gap=-0.0277  ema_gap=-0.0153  mixup=61/200  4.8 sps  ETA 7.8h
              R²_rand=0.0244  R²_naive=0.0691  U_t=0.0169  U_b=0.0169  AUC=0.5150  Top1=0.0060
  timing: data=7.9ms  fwd=79.7ms  bwd=75.8ms  total=164.1ms
  -> Saved /home/jupyter/checkpoints_backup/cf-409-a4zero/arm6_v2_combab_alignS/leg_200k/cf393_arm6_v2_combab_alignS_cf373k3_cf409_a4zero_best_loss.pth
[  65000] loss=0.1223  ema_loss=0.2192  gap=-0.0092  ema_gap=-0.0139  mixup=60/200  4.8 sps  ETA 7.8h
              R²_rand=0.1784  R²_naive=0.1706  U_t=0.0161  U_b=0.0161  AUC=0.5018  Top1=0.0054
  timing: data=5.6ms  fwd=81.2ms  bwd=76.1ms  total=163.6ms
  -> Saved /home/jupyter/checkpoints_backup/cf-409-a4zero/arm6_v2_combab_alignS/leg_200k/cf393_arm6_v2_combab_alignS_cf373k3_cf409_a4zero_best_loss.pth
[  65200] loss=0.4860  ema_loss=0.2817  gap=-0.0384  ema_gap=-0.0223  mixup=62/200  4.8 sps  ETA 7.8h
              R²_rand=0.1406  R²_naive=0.1440  U_t=0.0177  U_b=0.0177  AUC=0.5072  Top1=0.0046
  timing: data=52.9ms  fwd=80.6ms  bwd=76.2ms  total=210.3ms
[  65400] loss=0.1498  ema_loss=0.3298  gap=-0.0099  ema_gap=-0.0181  mixup=64/200  4.8 sps  ETA 7.8h
              R²_rand=0.0738  R²_naive=0.0987  U_t=0.0160  U_b=0.0160  AUC=0.5063  Top1=0.0049
  timing: data=6.8ms  fwd=82.3ms  bwd=77.1ms  total=166.8ms
[  65600] loss=0.2905  ema_loss=0.3305  gap=-0.0183  ema_gap=-0.0234  mixup=58/200  4.8 sps  ETA 7.8h
              R²_rand=0.1545  R²_naive=0.1549  U_t=0.0167  U_b=0.0167  AUC=0.4976  Top1=0.0035
  timing: data=5.9ms  fwd=82.3ms  bwd=77.1ms  total=166.0ms
[  65800] loss=0.1580  ema_loss=0.2763  gap=-0.0118  ema_gap=-0.0185  mixup=53/200  4.8 sps  ETA 7.8h
              R²_rand=0.2239  R²_naive=0.2345  U_t=0.0163  U_b=0.0163  AUC=0.4989  Top1=0.0038
  timing: data=46.9ms  fwd=83.4ms  bwd=77.0ms  total=208.1ms
[  66000] loss=0.5871  ema_loss=0.4188  gap=-0.0211  ema_gap=-0.0221  mixup=60/200  4.8 sps  ETA 7.7h
              R²_rand=-0.2820  R²_naive=-0.2742  U_t=0.0169  U_b=0.0169  AUC=0.5014  Top1=0.0041
  timing: data=6.8ms  fwd=80.8ms  bwd=75.6ms  total=163.8ms
[  66200] loss=0.2695  ema_loss=0.3432  gap=-0.0186  ema_gap=-0.0225  mixup=66/200  4.8 sps  ETA 7.7h
              R²_rand=0.1532  R²_naive=0.1506  U_t=0.0168  U_b=0.0168  AUC=0.5007  Top1=0.0049
  timing: data=6.9ms  fwd=83.2ms  bwd=77.3ms  total=168.1ms
[  66400] loss=0.1864  ema_loss=0.3524  gap=-0.0157  ema_gap=-0.0223  mixup=61/200  4.8 sps  ETA 7.7h
              R²_rand=0.1500  R²_naive=0.1545  U_t=0.0163  U_b=0.0163  AUC=0.4986  Top1=0.0024
  timing: data=44.0ms  fwd=82.3ms  bwd=78.2ms  total=205.2ms
[  66600] loss=0.5586  ema_loss=0.3589  gap=-0.0283  ema_gap=-0.0231  mixup=60/200  4.8 sps  ETA 7.7h
              R²_rand=-0.0667  R²_naive=-0.0483  U_t=0.0171  U_b=0.0170  AUC=0.4949  Top1=0.0035
  timing: data=6.2ms  fwd=84.8ms  bwd=77.0ms  total=168.6ms
[  66800] loss=0.2202  ema_loss=0.4546  gap=-0.0155  ema_gap=-0.0321  mixup=63/200  4.8 sps  ETA 7.7h
              R²_rand=0.1058  R²_naive=0.1303  U_t=0.0165  U_b=0.0165  AUC=0.5015  Top1=0.0041
  timing: data=5.7ms  fwd=84.0ms  bwd=81.1ms  total=171.5ms
[  67000] loss=0.2120  ema_loss=0.3132  gap=-0.0181  ema_gap=-0.0225  mixup=60/200  4.8 sps  ETA 7.7h
              R²_rand=0.2188  R²_naive=0.2373  U_t=0.0167  U_b=0.0167  AUC=0.5027  Top1=0.0035
  timing: data=81.8ms  fwd=87.6ms  bwd=84.9ms  total=255.1ms
[  67200] loss=0.1054  ema_loss=0.2006  gap=-0.0068  ema_gap=-0.0128  mixup=54/200  4.8 sps  ETA 7.7h
              R²_rand=0.1540  R²_naive=0.1511  U_t=0.0161  U_b=0.0161  AUC=0.4996  Top1=0.0046
  timing: data=7.3ms  fwd=89.0ms  bwd=84.3ms  total=181.3ms
  -> Saved /home/jupyter/checkpoints_backup/cf-409-a4zero/arm6_v2_combab_alignS/leg_200k/cf393_arm6_v2_combab_alignS_cf373k3_cf409_a4zero_best_loss.pth
[  67400] loss=0.1486  ema_loss=0.2759  gap=-0.0121  ema_gap=-0.0154  mixup=71/200  4.8 sps  ETA 7.7h
              R²_rand=0.1705  R²_naive=0.1814  U_t=0.0162  U_b=0.0162  AUC=0.5031  Top1=0.0049
  timing: data=7.1ms  fwd=81.6ms  bwd=77.3ms  total=166.7ms
[  67600] loss=0.7195  ema_loss=0.2610  gap=-0.0718  ema_gap=-0.0193  mixup=60/200  4.8 sps  ETA 7.7h
              R²_rand=0.0496  R²_naive=0.1236  U_t=0.0183  U_b=0.0183  AUC=0.5441  Top1=0.0043
  timing: data=45.3ms  fwd=81.8ms  bwd=77.4ms  total=205.2ms
[  67800] loss=0.1569  ema_loss=0.2724  gap=-0.0137  ema_gap=-0.0185  mixup=65/200  4.8 sps  ETA 7.6h
              R²_rand=0.1312  R²_naive=0.1272  U_t=0.0162  U_b=0.0162  AUC=0.5130  Top1=0.0049
  timing: data=5.9ms  fwd=82.9ms  bwd=77.2ms  total=166.7ms
[  68000] loss=0.2637  ema_loss=0.2812  gap=-0.0247  ema_gap=-0.0232  mixup=71/200  4.8 sps  ETA 7.6h
              R²_rand=0.2388  R²_naive=0.2352  U_t=0.0170  U_b=0.0170  AUC=0.5007  Top1=0.0030
  timing: data=7.9ms  fwd=80.1ms  bwd=77.4ms  total=166.1ms
[  68200] loss=0.4361  ema_loss=0.2888  gap=-0.0379  ema_gap=-0.0211  mixup=51/200  4.8 sps  ETA 7.6h
              R²_rand=0.1339  R²_naive=0.1584  U_t=0.0176  U_b=0.0176  AUC=0.5009  Top1=0.0035
  timing: data=77.2ms  fwd=84.6ms  bwd=75.4ms  total=238.0ms
[  68400] loss=0.2957  ema_loss=0.3604  gap=-0.0131  ema_gap=-0.0250  mixup=58/200  4.8 sps  ETA 7.6h
              R²_rand=-0.1889  R²_naive=-0.1491  U_t=0.0164  U_b=0.0164  AUC=0.5012  Top1=0.0043
  timing: data=7.9ms  fwd=79.5ms  bwd=78.1ms  total=166.3ms
[  68600] loss=0.2459  ema_loss=0.2785  gap=-0.0199  ema_gap=-0.0200  mixup=56/200  4.8 sps  ETA 7.6h
              R²_rand=0.1986  R²_naive=0.2204  U_t=0.0168  U_b=0.0168  AUC=0.4989  Top1=0.0033
  timing: data=5.8ms  fwd=82.8ms  bwd=77.1ms  total=166.5ms
[  68800] loss=0.7329  ema_loss=0.4003  gap=-0.0296  ema_gap=-0.0279  mixup=60/200  4.8 sps  ETA 7.6h
              R²_rand=-0.2563  R²_naive=-0.2859  U_t=0.0171  U_b=0.0171  AUC=0.5173  Top1=0.0043
  timing: data=51.8ms  fwd=80.7ms  bwd=77.2ms  total=210.4ms
[  69000] loss=0.1852  ema_loss=0.3893  gap=-0.0170  ema_gap=-0.0268  mixup=59/200  4.8 sps  ETA 7.6h
              R²_rand=0.1369  R²_naive=0.1431  U_t=0.0164  U_b=0.0164  AUC=0.5013  Top1=0.0052
  timing: data=7.9ms  fwd=80.4ms  bwd=77.2ms  total=166.2ms
[  69200] loss=0.2871  ema_loss=0.2410  gap=-0.0280  ema_gap=-0.0184  mixup=65/200  4.8 sps  ETA 7.6h
              R²_rand=0.1075  R²_naive=0.1497  U_t=0.0169  U_b=0.0169  AUC=0.4973  Top1=0.0038
  timing: data=5.8ms  fwd=82.2ms  bwd=76.3ms  total=165.0ms
[  69400] loss=0.3381  ema_loss=0.4006  gap=-0.0106  ema_gap=-0.0272  mixup=66/200  4.8 sps  ETA 7.6h
              R²_rand=-0.3836  R²_naive=-0.3782  U_t=0.0162  U_b=0.0162  AUC=0.5074  Top1=0.0030
  timing: data=43.2ms  fwd=82.5ms  bwd=77.4ms  total=203.9ms
[  69600] loss=0.2173  ema_loss=0.2827  gap=-0.0184  ema_gap=-0.0202  mixup=65/200  4.8 sps  ETA 7.5h
              R²_rand=0.2152  R²_naive=0.2152  U_t=0.0166  U_b=0.0166  AUC=0.4995  Top1=0.0030
  timing: data=5.9ms  fwd=83.8ms  bwd=77.0ms  total=167.4ms
[  69800] loss=0.2617  ema_loss=0.3134  gap=-0.0199  ema_gap=-0.0219  mixup=59/200  4.8 sps  ETA 7.5h
              R²_rand=0.0656  R²_naive=0.0706  U_t=0.0165  U_b=0.0165  AUC=0.5022  Top1=0.0030
  timing: data=6.2ms  fwd=86.5ms  bwd=79.2ms  total=172.7ms
[  70000] loss=0.3574  ema_loss=0.4035  gap=-0.0283  ema_gap=-0.0307  mixup=56/200  4.8 sps  ETA 7.5h
              R²_rand=0.1275  R²_naive=0.1570  U_t=0.0170  U_b=0.0170  AUC=0.5019  Top1=0.0043
  timing: data=6.2ms  fwd=85.9ms  bwd=78.5ms  total=171.3ms
  -> Saved /home/jupyter/checkpoints_backup/cf-409-a4zero/arm6_v2_combab_alignS/leg_200k/cf393_arm6_v2_combab_alignS_cf373k3_cf409_a4zero_70k.pth
[  70200] loss=0.3998  ema_loss=0.3579  gap=-0.0234  ema_gap=-0.0261  mixup=61/200  4.8 sps  ETA 7.5h
              R²_rand=0.0170  R²_naive=0.0087  U_t=0.0168  U_b=0.0168  AUC=0.5041  Top1=0.0043
  timing: data=59.1ms  fwd=91.5ms  bwd=88.0ms  total=239.4ms
[  70400] loss=0.3670  ema_loss=0.2860  gap=-0.0252  ema_gap=-0.0201  mixup=76/200  4.8 sps  ETA 7.5h
              R²_rand=0.0004  R²_naive=0.0570  U_t=0.0168  U_b=0.0168  AUC=0.5037  Top1=0.0052
  timing: data=6.9ms  fwd=82.7ms  bwd=79.2ms  total=169.6ms
[  70600] loss=0.1444  ema_loss=0.3342  gap=-0.0096  ema_gap=-0.0205  mixup=55/200  4.8 sps  ETA 7.5h
              R²_rand=0.1152  R²_naive=0.1105  U_t=0.0161  U_b=0.0161  AUC=0.5060  Top1=0.0043
  timing: data=5.9ms  fwd=84.0ms  bwd=76.1ms  total=166.7ms
[  70800] loss=0.3548  ema_loss=0.3372  gap=-0.0325  ema_gap=-0.0269  mixup=55/200  4.8 sps  ETA 7.5h
              R²_rand=0.1354  R²_naive=0.1502  U_t=0.0172  U_b=0.0172  AUC=0.4936  Top1=0.0041
  timing: data=48.8ms  fwd=81.0ms  bwd=76.0ms  total=206.6ms
[  71000] loss=0.1266  ema_loss=0.2041  gap=-0.0077  ema_gap=-0.0157  mixup=61/200  4.8 sps  ETA 7.5h
              R²_rand=0.0389  R²_naive=0.0646  U_t=0.0160  U_b=0.0160  AUC=0.5037  Top1=0.0054
  timing: data=5.7ms  fwd=81.7ms  bwd=78.0ms  total=166.1ms
[  71200] loss=0.4444  ema_loss=0.3333  gap=-0.0198  ema_gap=-0.0258  mixup=63/200  4.8 sps  ETA 7.4h
              R²_rand=-0.4264  R²_naive=-0.3950  U_t=0.0165  U_b=0.0165  AUC=0.4949  Top1=0.0016
  timing: data=5.9ms  fwd=82.8ms  bwd=76.9ms  total=166.4ms
[  71400] loss=0.3810  ema_loss=0.4193  gap=-0.0299  ema_gap=-0.0311  mixup=52/200  4.8 sps  ETA 7.4h
              R²_rand=0.1323  R²_naive=0.1571  U_t=0.0173  U_b=0.0173  AUC=0.5044  Top1=0.0049
  timing: data=59.5ms  fwd=82.8ms  bwd=76.3ms  total=219.3ms
[  71600] loss=0.3645  ema_loss=0.3655  gap=-0.0191  ema_gap=-0.0248  mixup=58/200  4.8 sps  ETA 7.4h
              R²_rand=-0.0079  R²_naive=-0.0105  U_t=0.0166  U_b=0.0166  AUC=0.5006  Top1=0.0038
  timing: data=6.9ms  fwd=81.4ms  bwd=77.2ms  total=166.2ms
[  71800] loss=0.1720  ema_loss=0.3646  gap=-0.0133  ema_gap=-0.0267  mixup=49/200  4.8 sps  ETA 7.4h
              R²_rand=0.1719  R²_naive=0.1923  U_t=0.0164  U_b=0.0164  AUC=0.5014  Top1=0.0043
  timing: data=6.3ms  fwd=83.7ms  bwd=78.0ms  total=168.7ms
[  72000] loss=0.2806  ema_loss=0.3244  gap=-0.0118  ema_gap=-0.0201  mixup=59/200  4.8 sps  ETA 7.4h
              R²_rand=-0.1484  R²_naive=-0.1218  U_t=0.0163  U_b=0.0163  AUC=0.4985  Top1=0.0033
  timing: data=73.0ms  fwd=80.8ms  bwd=76.8ms  total=231.4ms
[  72200] loss=0.0903  ema_loss=0.1403  gap=-0.0058  ema_gap=-0.0092  mixup=62/200  4.8 sps  ETA 7.4h
              R²_rand=0.2062  R²_naive=0.2124  U_t=0.0161  U_b=0.0161  AUC=0.4983  Top1=0.0046
  timing: data=5.4ms  fwd=76.8ms  bwd=72.4ms  total=155.2ms
  -> Saved /home/jupyter/checkpoints_backup/cf-409-a4zero/arm6_v2_combab_alignS/leg_200k/cf393_arm6_v2_combab_alignS_cf373k3_cf409_a4zero_best_loss.pth
[  72400] loss=0.2419  ema_loss=0.2378  gap=-0.0178  ema_gap=-0.0162  mixup=64/200  4.8 sps  ETA 7.4h
              R²_rand=0.2083  R²_naive=0.2286  U_t=0.0168  U_b=0.0168  AUC=0.4974  Top1=0.0030
  timing: data=5.6ms  fwd=81.1ms  bwd=76.0ms  total=163.4ms
[  72600] loss=0.4970  ema_loss=0.3665  gap=-0.0400  ema_gap=-0.0251  mixup=56/200  4.8 sps  ETA 7.4h
              R²_rand=0.1256  R²_naive=0.1329  U_t=0.0174  U_b=0.0174  AUC=0.5098  Top1=0.0049
  timing: data=44.8ms  fwd=80.4ms  bwd=76.6ms  total=202.5ms
[  72800] loss=0.1569  ema_loss=0.3277  gap=-0.0121  ema_gap=-0.0207  mixup=58/200  4.8 sps  ETA 7.3h
              R²_rand=0.1691  R²_naive=0.1866  U_t=0.0162  U_b=0.0162  AUC=0.5028  Top1=0.0068
  timing: data=6.0ms  fwd=82.4ms  bwd=77.9ms  total=167.1ms
[  73000] loss=0.3800  ema_loss=0.2472  gap=-0.0137  ema_gap=-0.0172  mixup=64/200  4.8 sps  ETA 7.3h
              R²_rand=-0.3326  R²_naive=-0.3222  U_t=0.0163  U_b=0.0163  AUC=0.4991  Top1=0.0060
  timing: data=6.2ms  fwd=85.2ms  bwd=79.4ms  total=171.5ms
[  73200] loss=0.2689  ema_loss=0.2569  gap=-0.0227  ema_gap=-0.0206  mixup=64/200  4.8 sps  ETA 7.3h
              R²_rand=0.1844  R²_naive=0.1847  U_t=0.0169  U_b=0.0169  AUC=0.4995  Top1=0.0043
  timing: data=141.9ms  fwd=85.6ms  bwd=80.3ms  total=308.4ms
[  73400] loss=0.1856  ema_loss=0.3350  gap=-0.0162  ema_gap=-0.0249  mixup=69/200  4.8 sps  ETA 7.3h
              R²_rand=0.1868  R²_naive=0.2121  U_t=0.0164  U_b=0.0164  AUC=0.5021  Top1=0.0022
  timing: data=7.4ms  fwd=84.0ms  bwd=79.6ms  total=171.6ms
[  73600] loss=0.3278  ema_loss=0.3604  gap=-0.0268  ema_gap=-0.0239  mixup=74/200  4.8 sps  ETA 7.3h
              R²_rand=0.1288  R²_naive=0.1378  U_t=0.0168  U_b=0.0168  AUC=0.5039  Top1=0.0065
  timing: data=8.6ms  fwd=83.9ms  bwd=79.3ms  total=172.5ms
[  73800] loss=0.2065  ema_loss=0.2759  gap=-0.0150  ema_gap=-0.0187  mixup=67/200  4.8 sps  ETA 7.3h
              R²_rand=0.1105  R²_naive=0.1346  U_t=0.0164  U_b=0.0164  AUC=0.5064  Top1=0.0038
  timing: data=77.4ms  fwd=81.7ms  bwd=77.0ms  total=236.8ms
[  74000] loss=0.1381  ema_loss=0.2253  gap=-0.0068  ema_gap=-0.0176  mixup=52/200  4.8 sps  ETA 7.3h
              R²_rand=-0.0354  R²_naive=-0.0203  U_t=0.0160  U_b=0.0160  AUC=0.5011  Top1=0.0038
  timing: data=6.1ms  fwd=81.5ms  bwd=77.2ms  total=165.5ms
[  74200] loss=0.2280  ema_loss=0.4039  gap=-0.0151  ema_gap=-0.0215  mixup=58/200  4.8 sps  ETA 7.3h
              R²_rand=-0.0144  R²_naive=-0.0100  U_t=0.0162  U_b=0.0162  AUC=0.5069  Top1=0.0060
  timing: data=5.8ms  fwd=86.2ms  bwd=80.4ms  total=173.0ms
[  74400] loss=0.3863  ema_loss=0.2450  gap=-0.0388  ema_gap=-0.0177  mixup=39/200  4.8 sps  ETA 7.3h
              R²_rand=0.0515  R²_naive=0.1123  U_t=0.0171  U_b=0.0171  AUC=0.5300  Top1=0.0076
  timing: data=46.5ms  fwd=85.7ms  bwd=81.5ms  total=214.4ms
[  74600] loss=0.2572  ema_loss=0.2102  gap=-0.0263  ema_gap=-0.0163  mixup=64/200  4.8 sps  ETA 7.3h
              R²_rand=0.2083  R²_naive=0.2024  U_t=0.0169  U_b=0.0169  AUC=0.5055  Top1=0.0033
  timing: data=6.0ms  fwd=91.2ms  bwd=86.7ms  total=184.7ms
[  74800] loss=0.3842  ema_loss=0.3207  gap=-0.0204  ema_gap=-0.0215  mixup=55/200  4.8 sps  ETA 7.3h
              R²_rand=-0.0601  R²_naive=-0.0626  U_t=0.0165  U_b=0.0165  AUC=0.5150  Top1=0.0038
  timing: data=6.6ms  fwd=81.5ms  bwd=77.0ms  total=165.7ms
[  75000] loss=0.1834  ema_loss=0.2764  gap=-0.0152  ema_gap=-0.0182  mixup=51/200  4.8 sps  ETA 7.2h
              R²_rand=0.1000  R²_naive=0.0865  U_t=0.0162  U_b=0.0162  AUC=0.5031  Top1=0.0030
  timing: data=5.8ms  fwd=80.6ms  bwd=76.5ms  total=163.6ms
[  75200] loss=0.2782  ema_loss=0.1331  gap=-0.0283  ema_gap=-0.0088  mixup=59/200  4.8 sps  ETA 7.2h
              R²_rand=0.1143  R²_naive=0.1221  U_t=0.0168  U_b=0.0168  AUC=0.5487  Top1=0.0052
  timing: data=47.3ms  fwd=82.4ms  bwd=76.9ms  total=207.2ms
  -> Saved /home/jupyter/checkpoints_backup/cf-409-a4zero/arm6_v2_combab_alignS/leg_200k/cf393_arm6_v2_combab_alignS_cf373k3_cf409_a4zero_best_loss.pth
[  75400] loss=0.0929  ema_loss=0.1863  gap=-0.0064  ema_gap=-0.0154  mixup=64/200  4.8 sps  ETA 7.2h
              R²_rand=0.1325  R²_naive=0.1594  U_t=0.0160  U_b=0.0160  AUC=0.5045  Top1=0.0041
  timing: data=6.0ms  fwd=82.9ms  bwd=75.3ms  total=164.9ms
[  75600] loss=0.0604  ema_loss=0.1270  gap=-0.0034  ema_gap=-0.0086  mixup=59/200  4.8 sps  ETA 7.2h
              R²_rand=0.0930  R²_naive=0.1063  U_t=0.0158  U_b=0.0158  AUC=0.5016  Top1=0.0024
  timing: data=8.0ms  fwd=81.4ms  bwd=77.3ms  total=167.4ms
  -> Saved /home/jupyter/checkpoints_backup/cf-409-a4zero/arm6_v2_combab_alignS/leg_200k/cf393_arm6_v2_combab_alignS_cf373k3_cf409_a4zero_best_loss.pth
[  75800] loss=0.2040  ema_loss=0.1468  gap=-0.0182  ema_gap=-0.0117  mixup=56/200  4.8 sps  ETA 7.2h
              R²_rand=0.2554  R²_naive=0.2689  U_t=0.0168  U_b=0.0168  AUC=0.4994  Top1=0.0043
  timing: data=58.3ms  fwd=79.5ms  bwd=74.7ms  total=213.2ms
[  76000] loss=0.0554  ema_loss=0.1584  gap=-0.0033  ema_gap=-0.0100  mixup=69/200  4.8 sps  ETA 7.2h
              R²_rand=0.0999  R²_naive=0.0910  U_t=0.0158  U_b=0.0158  AUC=0.5051  Top1=0.0054
  timing: data=5.8ms  fwd=81.0ms  bwd=75.5ms  total=163.0ms
[  76200] loss=0.0509  ema_loss=0.0872  gap=-0.0032  ema_gap=-0.0053  mixup=51/200  4.8 sps  ETA 7.2h
              R²_rand=0.0840  R²_naive=0.0883  U_t=0.0158  U_b=0.0158  AUC=0.5024  Top1=0.0041
  timing: data=5.8ms  fwd=81.9ms  bwd=77.5ms  total=166.0ms
  -> Saved /home/jupyter/checkpoints_backup/cf-409-a4zero/arm6_v2_combab_alignS/leg_200k/cf393_arm6_v2_combab_alignS_cf373k3_cf409_a4zero_best_loss.pth
[  76400] loss=0.0792  ema_loss=0.1122  gap=-0.0049  ema_gap=-0.0074  mixup=70/200  4.8 sps  ETA 7.2h
              R²_rand=0.0495  R²_naive=0.0825  U_t=0.0159  U_b=0.0159  AUC=0.4971  Top1=0.0035
  timing: data=56.9ms  fwd=80.9ms  bwd=76.8ms  total=215.3ms
[  76600] loss=0.2751  ema_loss=0.1660  gap=-0.0146  ema_gap=-0.0114  mixup=63/200  4.8 sps  ETA 7.1h
              R²_rand=-0.0638  R²_naive=-0.0449  U_t=0.0163  U_b=0.0163  AUC=0.5005  Top1=0.0041
  timing: data=7.3ms  fwd=80.0ms  bwd=76.4ms  total=164.4ms
[  76800] loss=0.0448  ema_loss=0.1072  gap=-0.0026  ema_gap=-0.0071  mixup=58/200  4.8 sps  ETA 7.1h
              R²_rand=-0.0022  R²_naive=0.0437  U_t=0.0158  U_b=0.0158  AUC=0.5023  Top1=0.0038
  timing: data=5.8ms  fwd=83.0ms  bwd=76.5ms  total=166.1ms
[  77000] loss=0.6364  ema_loss=0.2144  gap=-0.0492  ema_gap=-0.0174  mixup=55/200  4.8 sps  ETA 7.1h
              R²_rand=0.2013  R²_naive=0.0780  U_t=0.0182  U_b=0.0185  AUC=0.5611  Top1=0.0062
  timing: data=45.3ms  fwd=81.9ms  bwd=77.5ms  total=205.4ms
[  77200] loss=0.0700  ema_loss=0.1739  gap=-0.0030  ema_gap=-0.0111  mixup=68/200  4.8 sps  ETA 7.1h
              R²_rand=0.0337  R²_naive=0.0334  U_t=0.0158  U_b=0.0158  AUC=0.5007  Top1=0.0043
  timing: data=6.1ms  fwd=83.5ms  bwd=77.2ms  total=167.6ms
[  77400] loss=0.0884  ema_loss=0.2437  gap=-0.0069  ema_gap=-0.0177  mixup=63/200  4.8 sps  ETA 7.1h
              R²_rand=0.1539  R²_naive=0.1742  U_t=0.0160  U_b=0.0160  AUC=0.5069  Top1=0.0038
  timing: data=7.5ms  fwd=81.6ms  bwd=77.3ms  total=167.0ms
[  77600] loss=0.0538  ema_loss=0.1326  gap=-0.0023  ema_gap=-0.0085  mixup=56/200  4.8 sps  ETA 7.1h
              R²_rand=-0.0283  R²_naive=-0.0149  U_t=0.0157  U_b=0.0157  AUC=0.5033  Top1=0.0046
  timing: data=44.0ms  fwd=80.6ms  bwd=77.1ms  total=202.5ms
[  77800] loss=0.0878  ema_loss=0.1435  gap=-0.0058  ema_gap=-0.0108  mixup=58/200  4.8 sps  ETA 7.1h
              R²_rand=0.1714  R²_naive=0.1999  U_t=0.0160  U_b=0.0160  AUC=0.5009  Top1=0.0052
  timing: data=7.1ms  fwd=79.9ms  bwd=77.1ms  total=164.9ms
[  78000] loss=0.0787  ema_loss=0.1682  gap=-0.0056  ema_gap=-0.0127  mixup=55/200  4.8 sps  ETA 7.1h
              R²_rand=0.2166  R²_naive=0.2217  U_t=0.0160  U_b=0.0160  AUC=0.4985  Top1=0.0022
  timing: data=7.1ms  fwd=82.6ms  bwd=78.2ms  total=168.6ms
[  78200] loss=0.0242  ema_loss=0.0544  gap=-0.0008  ema_gap=-0.0033  mixup=56/200  4.8 sps  ETA 7.0h
              R²_rand=0.3463  R²_naive=0.3442  U_t=0.0157  U_b=0.0157  AUC=0.5007  Top1=0.0038
  timing: data=45.5ms  fwd=82.1ms  bwd=77.5ms  total=205.9ms
  -> Saved /home/jupyter/checkpoints_backup/cf-409-a4zero/arm6_v2_combab_alignS/leg_200k/cf393_arm6_v2_combab_alignS_cf373k3_cf409_a4zero_best_loss.pth
[  78400] loss=0.0194  ema_loss=0.0270  gap=-0.0005  ema_gap=-0.0010  mixup=58/200  4.8 sps  ETA 7.0h
              R²_rand=-0.2625  R²_naive=-0.2493  U_t=0.0157  U_b=0.0157  AUC=0.4978  Top1=0.0019
  timing: data=6.2ms  fwd=83.3ms  bwd=77.8ms  total=168.1ms
  -> Saved /home/jupyter/checkpoints_backup/cf-409-a4zero/arm6_v2_combab_alignS/leg_200k/cf393_arm6_v2_combab_alignS_cf373k3_cf409_a4zero_best_loss.pth
[  78600] loss=0.0235  ema_loss=0.0540  gap=-0.0009  ema_gap=-0.0026  mixup=57/200  4.8 sps  ETA 7.0h
              R²_rand=0.0916  R²_naive=0.0963  U_t=0.0157  U_b=0.0157  AUC=0.5049  Top1=0.0049
  timing: data=6.3ms  fwd=83.4ms  bwd=78.1ms  total=168.6ms
[  78800] loss=0.0243  ema_loss=0.0205  gap=-0.0007  ema_gap=-0.0007  mixup=67/200  4.8 sps  ETA 7.0h
              R²_rand=-0.3535  R²_naive=-0.3557  U_t=0.0157  U_b=0.0157  AUC=0.5004  Top1=0.0030
  timing: data=51.4ms  fwd=80.7ms  bwd=78.2ms  total=211.0ms
  -> Saved /home/jupyter/checkpoints_backup/cf-409-a4zero/arm6_v2_combab_alignS/leg_200k/cf393_arm6_v2_combab_alignS_cf373k3_cf409_a4zero_best_loss.pth
[  79000] loss=0.0110  ema_loss=0.0149  gap=-0.0002  ema_gap=-0.0004  mixup=59/200  4.8 sps  ETA 7.0h
              R²_rand=-0.5038  R²_naive=-0.4336  U_t=0.0156  U_b=0.0156  AUC=0.4977  Top1=0.0035
  timing: data=6.0ms  fwd=81.5ms  bwd=78.4ms  total=166.6ms
  -> Saved /home/jupyter/checkpoints_backup/cf-409-a4zero/arm6_v2_combab_alignS/leg_200k/cf393_arm6_v2_combab_alignS_cf373k3_cf409_a4zero_best_loss.pth
[  79200] loss=0.0104  ema_loss=0.0113  gap=-0.0002  ema_gap=-0.0002  mixup=58/200  4.8 sps  ETA 7.0h
              R²_rand=-0.6927  R²_naive=-0.6822  U_t=0.0156  U_b=0.0156  AUC=0.5041  Top1=0.0035
  timing: data=6.3ms  fwd=83.5ms  bwd=78.4ms  total=169.0ms
  -> Saved /home/jupyter/checkpoints_backup/cf-409-a4zero/arm6_v2_combab_alignS/leg_200k/cf393_arm6_v2_combab_alignS_cf373k3_cf409_a4zero_best_loss.pth
[  79400] loss=0.0131  ema_loss=0.0097  gap=-0.0001  ema_gap=-0.0001  mixup=60/200  4.8 sps  ETA 7.0h
              R²_rand=-1.6305  R²_naive=-1.4548  U_t=0.0156  U_b=0.0156  AUC=0.4985  Top1=0.0041
  timing: data=47.2ms  fwd=82.0ms  bwd=77.7ms  total=207.8ms
  -> Saved /home/jupyter/checkpoints_backup/cf-409-a4zero/arm6_v2_combab_alignS/leg_200k/cf393_arm6_v2_combab_alignS_cf373k3_cf409_a4zero_best_loss.pth
[  79600] loss=0.0094  ema_loss=0.0118  gap=-0.0001  ema_gap=-0.0002  mixup=64/200  4.8 sps  ETA 7.0h
              R²_rand=-1.4385  R²_naive=-1.4412  U_t=0.0156  U_b=0.0156  AUC=0.5026  Top1=0.0046
  timing: data=5.9ms  fwd=80.7ms  bwd=75.5ms  total=162.9ms
[  79800] loss=0.0039  ema_loss=0.0062  gap=-0.0000  ema_gap=-0.0001  mixup=66/200  4.8 sps  ETA 6.9h
              R²_rand=-1.2178  R²_naive=-1.1674  U_t=0.0156  U_b=0.0156  AUC=0.5012  Top1=0.0035
  timing: data=6.1ms  fwd=81.5ms  bwd=75.8ms  total=164.1ms
  -> Saved /home/jupyter/checkpoints_backup/cf-409-a4zero/arm6_v2_combab_alignS/leg_200k/cf393_arm6_v2_combab_alignS_cf373k3_cf409_a4zero_best_loss.pth
[  80000] loss=0.0051  ema_loss=0.0054  gap=-0.0000  ema_gap=-0.0001  mixup=56/200  4.8 sps  ETA 6.9h
              R²_rand=-0.8883  R²_naive=-0.8838  U_t=0.0156  U_b=0.0156  AUC=0.4976  Top1=0.0016
  timing: data=6.2ms  fwd=81.0ms  bwd=77.6ms  total=165.5ms
  -> Saved /home/jupyter/checkpoints_backup/cf-409-a4zero/arm6_v2_combab_alignS/leg_200k/cf393_arm6_v2_combab_alignS_cf373k3_cf409_a4zero_best_loss.pth
  -> Saved /home/jupyter/checkpoints_backup/cf-409-a4zero/arm6_v2_combab_alignS/leg_200k/cf393_arm6_v2_combab_alignS_cf373k3_cf409_a4zero_80k.pth
[  80200] loss=0.0037  ema_loss=0.0041  gap=-0.0000  ema_gap=-0.0000  mixup=58/200  4.8 sps  ETA 6.9h
              R²_rand=-0.4739  R²_naive=-0.4525  U_t=0.0156  U_b=0.0156  AUC=0.5018  Top1=0.0016
  timing: data=50.2ms  fwd=80.9ms  bwd=78.8ms  total=210.7ms
  -> Saved /home/jupyter/checkpoints_backup/cf-409-a4zero/arm6_v2_combab_alignS/leg_200k/cf393_arm6_v2_combab_alignS_cf373k3_cf409_a4zero_best_loss.pth
[  80400] loss=0.0037  ema_loss=0.0038  gap=-0.0000  ema_gap=-0.0000  mixup=60/200  4.8 sps  ETA 6.9h
              R²_rand=-2.0030  R²_naive=-1.8970  U_t=0.0156  U_b=0.0156  AUC=0.5026  Top1=0.0022
  timing: data=6.0ms  fwd=83.2ms  bwd=78.2ms  total=168.1ms
  -> Saved /home/jupyter/checkpoints_backup/cf-409-a4zero/arm6_v2_combab_alignS/leg_200k/cf393_arm6_v2_combab_alignS_cf373k3_cf409_a4zero_best_loss.pth
[  80600] loss=0.0041  ema_loss=0.0036  gap=-0.0000  ema_gap=-0.0000  mixup=51/200  4.8 sps  ETA 6.9h
              R²_rand=-0.9192  R²_naive=-0.8968  U_t=0.0156  U_b=0.0156  AUC=0.5043  Top1=0.0035
  timing: data=6.9ms  fwd=83.0ms  bwd=79.2ms  total=170.0ms
  -> Saved /home/jupyter/checkpoints_backup/cf-409-a4zero/arm6_v2_combab_alignS/leg_200k/cf393_arm6_v2_combab_alignS_cf373k3_cf409_a4zero_best_loss.pth
[  80800] loss=0.0057  ema_loss=0.0047  gap=-0.0000  ema_gap=-0.0000  mixup=57/200  4.8 sps  ETA 6.9h
              R²_rand=-3.0070  R²_naive=-2.7651  U_t=0.0156  U_b=0.0156  AUC=0.5033  Top1=0.0024
  timing: data=41.8ms  fwd=82.7ms  bwd=78.0ms  total=203.3ms
[  81000] loss=0.0086  ema_loss=0.0067  gap=-0.0001  ema_gap=-0.0001  mixup=59/200  4.8 sps  ETA 6.9h
              R²_rand=-1.4431  R²_naive=-1.3287  U_t=0.0156  U_b=0.0156  AUC=0.4989  Top1=0.0057
  timing: data=6.1ms  fwd=84.9ms  bwd=78.7ms  total=170.5ms
[  81200] loss=0.0089  ema_loss=0.0050  gap=-0.0001  ema_gap=-0.0000  mixup=50/200  4.8 sps  ETA 6.9h
              R²_rand=-0.4962  R²_naive=-0.5014  U_t=0.0156  U_b=0.0156  AUC=0.4991  Top1=0.0060
  timing: data=5.8ms  fwd=81.3ms  bwd=77.6ms  total=165.4ms
[  81400] loss=0.0061  ema_loss=0.0063  gap=-0.0001  ema_gap=-0.0001  mixup=69/200  4.8 sps  ETA 6.9h
              R²_rand=-0.6300  R²_naive=-0.6329  U_t=0.0156  U_b=0.0156  AUC=0.5049  Top1=0.0024
  timing: data=47.2ms  fwd=80.9ms  bwd=77.1ms  total=206.0ms
[  81600] loss=0.0027  ema_loss=0.0034  gap=-0.0000  ema_gap=-0.0000  mixup=62/200  4.8 sps  ETA 6.8h
              R²_rand=-0.3576  R²_naive=-0.3293  U_t=0.0156  U_b=0.0156  AUC=0.4999  Top1=0.0024
  timing: data=8.0ms  fwd=79.0ms  bwd=75.2ms  total=163.0ms
  -> Saved /home/jupyter/checkpoints_backup/cf-409-a4zero/arm6_v2_combab_alignS/leg_200k/cf393_arm6_v2_combab_alignS_cf373k3_cf409_a4zero_best_loss.pth
[  81800] loss=0.0061  ema_loss=0.0064  gap=-0.0000  ema_gap=-0.0001  mixup=61/200  4.8 sps  ETA 6.8h
              R²_rand=-1.0375  R²_naive=-0.9792  U_t=0.0156  U_b=0.0156  AUC=0.5009  Top1=0.0033
  timing: data=5.7ms  fwd=83.7ms  bwd=78.2ms  total=168.3ms
[  82000] loss=0.0015  ema_loss=0.0030  gap=-0.0000  ema_gap=-0.0000  mixup=63/200  4.8 sps  ETA 6.8h
              R²_rand=-1.0723  R²_naive=-1.0338  U_t=0.0156  U_b=0.0156  AUC=0.4994  Top1=0.0046
  timing: data=50.3ms  fwd=80.4ms  bwd=78.5ms  total=209.8ms
  -> Saved /home/jupyter/checkpoints_backup/cf-409-a4zero/arm6_v2_combab_alignS/leg_200k/cf393_arm6_v2_combab_alignS_cf373k3_cf409_a4zero_best_loss.pth
[  82200] loss=0.0054  ema_loss=0.0034  gap=-0.0000  ema_gap=-0.0000  mixup=57/200  4.8 sps  ETA 6.8h
              R²_rand=-1.8713  R²_naive=-1.8107  U_t=0.0156  U_b=0.0156  AUC=0.4995  Top1=0.0022
  timing: data=7.1ms  fwd=82.5ms  bwd=76.2ms  total=166.5ms
[  82400] loss=0.0015  ema_loss=0.0023  gap=-0.0000  ema_gap=-0.0000  mixup=69/200  4.8 sps  ETA 6.8h
              R²_rand=-0.9055  R²_naive=-0.8374  U_t=0.0156  U_b=0.0156  AUC=0.5012  Top1=0.0038
  timing: data=6.0ms  fwd=82.7ms  bwd=77.5ms  total=167.1ms
  -> Saved /home/jupyter/checkpoints_backup/cf-409-a4zero/arm6_v2_combab_alignS/leg_200k/cf393_arm6_v2_combab_alignS_cf373k3_cf409_a4zero_best_loss.pth
[  82600] loss=0.0066  ema_loss=0.0031  gap=-0.0001  ema_gap=-0.0000  mixup=53/200  4.8 sps  ETA 6.8h
              R²_rand=-0.4024  R²_naive=-0.3934  U_t=0.0156  U_b=0.0156  AUC=0.5019  Top1=0.0043
  timing: data=50.8ms  fwd=84.7ms  bwd=78.6ms  total=215.0ms
[  82800] loss=0.0327  ema_loss=0.0306  gap=-0.0010  ema_gap=-0.0008  mixup=55/200  4.8 sps  ETA 6.8h
              R²_rand=-0.4015  R²_naive=-0.3421  U_t=0.0157  U_b=0.0157  AUC=0.4974  Top1=0.0027
  timing: data=6.1ms  fwd=82.5ms  bwd=77.5ms  total=166.9ms
[  83000] loss=0.0064  ema_loss=0.0123  gap=-0.0001  ema_gap=-0.0003  mixup=61/200  4.8 sps  ETA 6.8h
              R²_rand=-0.3088  R²_naive=-0.2885  U_t=0.0156  U_b=0.0156  AUC=0.5003  Top1=0.0060
  timing: data=5.9ms  fwd=83.4ms  bwd=77.1ms  total=167.2ms
[  83200] loss=0.0155  ema_loss=0.0153  gap=-0.0002  ema_gap=-0.0003  mixup=64/200  4.8 sps  ETA 6.7h
              R²_rand=-1.3299  R²_naive=-1.3411  U_t=0.0156  U_b=0.0156  AUC=0.4994  Top1=0.0041
  timing: data=50.1ms  fwd=82.4ms  bwd=77.8ms  total=211.2ms
[  83400] loss=0.0012  ema_loss=0.0053  gap=-0.0000  ema_gap=-0.0001  mixup=74/200  4.8 sps  ETA 6.7h
              R²_rand=-0.8204  R²_naive=-0.7840  U_t=0.0156  U_b=0.0156  AUC=0.4989  Top1=0.0033
  timing: data=7.1ms  fwd=80.6ms  bwd=75.6ms  total=164.0ms
[  83600] loss=0.0021  ema_loss=0.0020  gap=-0.0000  ema_gap=-0.0000  mixup=62/200  4.8 sps  ETA 6.7h
              R²_rand=-0.6315  R²_naive=-0.6141  U_t=0.0156  U_b=0.0156  AUC=0.5009  Top1=0.0033
  timing: data=6.8ms  fwd=81.6ms  bwd=78.1ms  total=167.3ms
  -> Saved /home/jupyter/checkpoints_backup/cf-409-a4zero/arm6_v2_combab_alignS/leg_200k/cf393_arm6_v2_combab_alignS_cf373k3_cf409_a4zero_best_loss.pth
[  83800] loss=0.0019  ema_loss=0.0040  gap=-0.0000  ema_gap=-0.0000  mixup=67/200  4.8 sps  ETA 6.7h
              R²_rand=-0.1467  R²_naive=-0.1065  U_t=0.0156  U_b=0.0156  AUC=0.5002  Top1=0.0049
  timing: data=46.1ms  fwd=82.4ms  bwd=77.2ms  total=206.5ms
[  84000] loss=0.0013  ema_loss=0.0020  gap=-0.0000  ema_gap=-0.0000  mixup=78/200  4.8 sps  ETA 6.7h
              R²_rand=-1.1426  R²_naive=-1.0798  U_t=0.0156  U_b=0.0156  AUC=0.5010  Top1=0.0033
  timing: data=7.3ms  fwd=80.7ms  bwd=78.5ms  total=167.3ms
[  84200] loss=0.0090  ema_loss=0.0068  gap=-0.0001  ema_gap=-0.0001  mixup=56/200  4.8 sps  ETA 6.7h
              R²_rand=-0.5464  R²_naive=-0.5101  U_t=0.0156  U_b=0.0156  AUC=0.4956  Top1=0.0035
  timing: data=5.9ms  fwd=82.7ms  bwd=78.2ms  total=167.6ms
[  84400] loss=0.0154  ema_loss=0.0324  gap=-0.0006  ema_gap=-0.0016  mixup=58/200  4.8 sps  ETA 6.7h
              R²_rand=0.0116  R²_naive=0.0766  U_t=0.0157  U_b=0.0157  AUC=0.5026  Top1=0.0038
  timing: data=38.7ms  fwd=83.8ms  bwd=80.4ms  total=203.8ms
[  84600] loss=0.0018  ema_loss=0.0082  gap=-0.0000  ema_gap=-0.0003  mixup=64/200  4.8 sps  ETA 6.7h
              R²_rand=-0.8217  R²_naive=-0.7862  U_t=0.0156  U_b=0.0156  AUC=0.4991  Top1=0.0027
  timing: data=6.1ms  fwd=83.4ms  bwd=78.1ms  total=168.4ms
[  84800] loss=0.0050  ema_loss=0.0039  gap=-0.0000  ema_gap=-0.0001  mixup=61/200  4.8 sps  ETA 6.6h
              R²_rand=-1.5588  R²_naive=-1.4798  U_t=0.0156  U_b=0.0156  AUC=0.4995  Top1=0.0038
  timing: data=7.2ms  fwd=81.3ms  bwd=78.0ms  total=167.3ms
[  85000] loss=0.0048  ema_loss=0.0109  gap=-0.0001  ema_gap=-0.0003  mixup=55/200  4.8 sps  ETA 6.6h
              R²_rand=0.0096  R²_naive=0.0261  U_t=0.0156  U_b=0.0156  AUC=0.5001  Top1=0.0041
  timing: data=6.2ms  fwd=82.5ms  bwd=77.2ms  total=166.6ms
[  85200] loss=0.0039  ema_loss=0.0043  gap=-0.0001  ema_gap=-0.0001  mixup=59/200  4.8 sps  ETA 6.6h
              R²_rand=-0.3075  R²_naive=-0.3031  U_t=0.0156  U_b=0.0156  AUC=0.4981  Top1=0.0043
  timing: data=42.0ms  fwd=82.7ms  bwd=78.4ms  total=204.0ms
[  85400] loss=0.0034  ema_loss=0.0024  gap=-0.0000  ema_gap=-0.0000  mixup=59/200  4.8 sps  ETA 6.6h
              R²_rand=-3.0572  R²_naive=-2.9132  U_t=0.0156  U_b=0.0156  AUC=0.5029  Top1=0.0046
  timing: data=6.7ms  fwd=77.4ms  bwd=72.4ms  total=157.2ms
[  85600] loss=0.0023  ema_loss=0.0025  gap=-0.0000  ema_gap=-0.0000  mixup=52/200  4.8 sps  ETA 6.6h
              R²_rand=-0.3644  R²_naive=-0.3674  U_t=0.0156  U_b=0.0156  AUC=0.5022  Top1=0.0033
  timing: data=5.9ms  fwd=80.5ms  bwd=76.8ms  total=163.9ms
[  85800] loss=0.0178  ema_loss=0.0110  gap=-0.0004  ema_gap=-0.0002  mixup=59/200  4.8 sps  ETA 6.6h
              R²_rand=-0.6128  R²_naive=-0.5838  U_t=0.0157  U_b=0.0157  AUC=0.5048  Top1=0.0052
  timing: data=47.5ms  fwd=84.2ms  bwd=78.5ms  total=211.1ms
[  86000] loss=0.0028  ema_loss=0.0076  gap=-0.0000  ema_gap=-0.0001  mixup=58/200  4.8 sps  ETA 6.6h
              R²_rand=-0.7527  R²_naive=-0.7220  U_t=0.0156  U_b=0.0156  AUC=0.5038  Top1=0.0043
  timing: data=7.7ms  fwd=86.0ms  bwd=80.8ms  total=175.5ms
[  86200] loss=0.0057  ema_loss=0.0029  gap=-0.0000  ema_gap=-0.0000  mixup=71/200  4.8 sps  ETA 6.6h
              R²_rand=-0.5443  R²_naive=-0.5157  U_t=0.0156  U_b=0.0156  AUC=0.4975  Top1=0.0024
  timing: data=9.2ms  fwd=84.2ms  bwd=80.1ms  total=174.4ms
[  86400] loss=0.0011  ema_loss=0.0018  gap=-0.0000  ema_gap=-0.0000  mixup=57/200  4.8 sps  ETA 6.6h
              R²_rand=-0.8115  R²_naive=-0.7992  U_t=0.0156  U_b=0.0156  AUC=0.5012  Top1=0.0016
  timing: data=48.5ms  fwd=84.0ms  bwd=80.6ms  total=214.0ms
  -> Saved /home/jupyter/checkpoints_backup/cf-409-a4zero/arm6_v2_combab_alignS/leg_200k/cf393_arm6_v2_combab_alignS_cf373k3_cf409_a4zero_best_loss.pth
[  86600] loss=0.0244  ema_loss=0.0131  gap=-0.0008  ema_gap=-0.0002  mixup=57/200  4.8 sps  ETA 6.5h
              R²_rand=-0.3345  R²_naive=-0.2884  U_t=0.0157  U_b=0.0157  AUC=0.4958  Top1=0.0038
  timing: data=7.6ms  fwd=86.6ms  bwd=81.2ms  total=176.3ms
[  86800] loss=0.0422  ema_loss=0.0587  gap=-0.0029  ema_gap=-0.0035  mixup=64/200  4.8 sps  ETA 6.5h
              R²_rand=0.0064  R²_naive=0.0231  U_t=0.0157  U_b=0.0157  AUC=0.5013  Top1=0.0014
  timing: data=6.6ms  fwd=83.4ms  bwd=79.8ms  total=170.7ms
[  87000] loss=0.0076  ema_loss=0.0293  gap=-0.0002  ema_gap=-0.0017  mixup=67/200  4.8 sps  ETA 6.5h
              R²_rand=-0.0862  R²_naive=-0.0693  U_t=0.0156  U_b=0.0156  AUC=0.5031  Top1=0.0033
  timing: data=61.2ms  fwd=82.1ms  bwd=80.8ms  total=225.0ms
[  87200] loss=0.0024  ema_loss=0.0077  gap=-0.0000  ema_gap=-0.0003  mixup=68/200  4.8 sps  ETA 6.5h
              R²_rand=-0.6108  R²_naive=-0.5020  U_t=0.0156  U_b=0.0156  AUC=0.5068  Top1=0.0035
  timing: data=7.3ms  fwd=84.8ms  bwd=78.0ms  total=171.0ms
[  87400] loss=0.0310  ema_loss=0.0165  gap=-0.0012  ema_gap=-0.0004  mixup=62/200  4.8 sps  ETA 6.5h
              R²_rand=-0.4418  R²_naive=-0.4385  U_t=0.0157  U_b=0.0157  AUC=0.5112  Top1=0.0049
  timing: data=5.8ms  fwd=77.0ms  bwd=74.8ms  total=158.4ms
[  87600] loss=0.0035  ema_loss=0.0075  gap=-0.0000  ema_gap=-0.0002  mixup=64/200  4.8 sps  ETA 6.5h
              R²_rand=-0.4817  R²_naive=-0.4481  U_t=0.0156  U_b=0.0156  AUC=0.5013  Top1=0.0049
  timing: data=50.6ms  fwd=71.3ms  bwd=69.1ms  total=191.9ms
[  87800] loss=0.0062  ema_loss=0.0037  gap=-0.0001  ema_gap=-0.0001  mixup=63/200  4.8 sps  ETA 6.5h
              R²_rand=-1.6173  R²_naive=-1.5870  U_t=0.0156  U_b=0.0156  AUC=0.5056  Top1=0.0041
  timing: data=6.3ms  fwd=83.8ms  bwd=79.4ms  total=170.5ms
[  88000] loss=0.0027  ema_loss=0.0093  gap=-0.0000  ema_gap=-0.0003  mixup=48/200  4.8 sps  ETA 6.5h
              R²_rand=-0.0808  R²_naive=-0.0585  U_t=0.0156  U_b=0.0156  AUC=0.4958  Top1=0.0024
  timing: data=6.3ms  fwd=85.0ms  bwd=78.9ms  total=171.0ms
[  88200] loss=0.0015  ema_loss=0.0030  gap=-0.0000  ema_gap=-0.0001  mixup=52/200  4.8 sps  ETA 6.4h
              R²_rand=-1.0176  R²_naive=-1.0007  U_t=0.0156  U_b=0.0156  AUC=0.5002  Top1=0.0035
  timing: data=70.7ms  fwd=82.6ms  bwd=79.5ms  total=233.7ms
[  88400] loss=0.0015  ema_loss=0.0022  gap=-0.0000  ema_gap=-0.0000  mixup=57/200  4.8 sps  ETA 6.4h
              R²_rand=-0.3739  R²_naive=-0.3410  U_t=0.0156  U_b=0.0156  AUC=0.5033  Top1=0.0030
  timing: data=9.3ms  fwd=81.2ms  bwd=79.4ms  total=170.7ms
[  88600] loss=0.0023  ema_loss=0.0033  gap=-0.0000  ema_gap=-0.0001  mixup=73/200  4.8 sps  ETA 6.4h
              R²_rand=-0.8590  R²_naive=-0.8322  U_t=0.0156  U_b=0.0156  AUC=0.5050  Top1=0.0049
  timing: data=6.2ms  fwd=82.0ms  bwd=77.3ms  total=166.4ms
[  88800] loss=0.0057  ema_loss=0.0029  gap=-0.0001  ema_gap=-0.0000  mixup=58/200  4.8 sps  ETA 6.4h
              R²_rand=-1.4539  R²_naive=-1.2970  U_t=0.0156  U_b=0.0156  AUC=0.5034  Top1=0.0033
  timing: data=42.1ms  fwd=83.6ms  bwd=78.2ms  total=204.7ms
[  89000] loss=0.0055  ema_loss=0.0135  gap=-0.0001  ema_gap=-0.0006  mixup=61/200  4.8 sps  ETA 6.4h
              R²_rand=-0.1783  R²_naive=-0.1333  U_t=0.0156  U_b=0.0156  AUC=0.5008  Top1=0.0043
  timing: data=6.3ms  fwd=83.1ms  bwd=77.1ms  total=167.3ms
[  89200] loss=0.0016  ema_loss=0.0040  gap=-0.0000  ema_gap=-0.0001  mixup=61/200  4.8 sps  ETA 6.4h
              R²_rand=-1.1702  R²_naive=-1.1084  U_t=0.0156  U_b=0.0156  AUC=0.4999  Top1=0.0049
  timing: data=7.2ms  fwd=85.3ms  bwd=78.5ms  total=171.9ms
[  89400] loss=0.0017  ema_loss=0.0026  gap=-0.0000  ema_gap=-0.0001  mixup=56/200  4.8 sps  ETA 6.4h
              R²_rand=-0.3584  R²_naive=-0.3363  U_t=0.0156  U_b=0.0156  AUC=0.4997  Top1=0.0035
  timing: data=52.0ms  fwd=83.0ms  bwd=79.8ms  total=215.6ms
[  89600] loss=0.0019  ema_loss=0.0026  gap=-0.0000  ema_gap=-0.0000  mixup=55/200  4.8 sps  ETA 6.4h
              R²_rand=-1.5522  R²_naive=-1.5168  U_t=0.0156  U_b=0.0156  AUC=0.5019  Top1=0.0038
  timing: data=6.3ms  fwd=83.4ms  bwd=77.3ms  total=167.9ms
[  89800] loss=0.0056  ema_loss=0.0066  gap=-0.0001  ema_gap=-0.0002  mixup=70/200  4.8 sps  ETA 6.4h
              R²_rand=-0.8198  R²_naive=-0.7410  U_t=0.0156  U_b=0.0156  AUC=0.5004  Top1=0.0043
  timing: data=7.3ms  fwd=81.9ms  bwd=79.3ms  total=169.4ms
[  90000] loss=0.0028  ema_loss=0.0041  gap=-0.0000  ema_gap=-0.0001  mixup=67/200  4.8 sps  ETA 6.3h
              R²_rand=-0.9101  R²_naive=-0.8341  U_t=0.0156  U_b=0.0156  AUC=0.4996  Top1=0.0046
  timing: data=46.2ms  fwd=83.9ms  bwd=78.9ms  total=209.9ms
  -> Saved /home/jupyter/checkpoints_backup/cf-409-a4zero/arm6_v2_combab_alignS/leg_200k/cf393_arm6_v2_combab_alignS_cf373k3_cf409_a4zero_90k.pth
[  90200] loss=0.0021  ema_loss=0.0022  gap=-0.0000  ema_gap=-0.0000  mixup=64/200  4.8 sps  ETA 6.3h
              R²_rand=-0.2698  R²_naive=-0.2600  U_t=0.0156  U_b=0.0156  AUC=0.5018  Top1=0.0046
  timing: data=6.4ms  fwd=82.4ms  bwd=79.6ms  total=169.3ms
[  90400] loss=0.0047  ema_loss=0.0067  gap=-0.0001  ema_gap=-0.0001  mixup=57/200  4.8 sps  ETA 6.3h
              R²_rand=0.0399  R²_naive=0.0687  U_t=0.0156  U_b=0.0156  AUC=0.4994  Top1=0.0049
  timing: data=5.9ms  fwd=85.2ms  bwd=78.2ms  total=170.1ms
[  90600] loss=0.0034  ema_loss=0.0041  gap=-0.0001  ema_gap=-0.0001  mixup=64/200  4.8 sps  ETA 6.3h
              R²_rand=0.0057  R²_naive=0.0572  U_t=0.0156  U_b=0.0156  AUC=0.4979  Top1=0.0038
  timing: data=6.2ms  fwd=83.1ms  bwd=78.0ms  total=168.1ms
[  90800] loss=0.0013  ema_loss=0.0030  gap=-0.0000  ema_gap=-0.0000  mixup=63/200  4.8 sps  ETA 6.3h
              R²_rand=-1.5658  R²_naive=-1.4998  U_t=0.0156  U_b=0.0156  AUC=0.4975  Top1=0.0016
  timing: data=51.4ms  fwd=82.3ms  bwd=78.1ms  total=212.5ms
[  91000] loss=0.0027  ema_loss=0.0039  gap=-0.0000  ema_gap=-0.0001  mixup=56/200  4.8 sps  ETA 6.3h
              R²_rand=-1.2859  R²_naive=-1.2522  U_t=0.0156  U_b=0.0156  AUC=0.5010  Top1=0.0043
  timing: data=6.0ms  fwd=83.0ms  bwd=79.2ms  total=169.0ms
[  91200] loss=0.0081  ema_loss=0.0044  gap=-0.0001  ema_gap=-0.0001  mixup=53/200  4.8 sps  ETA 6.3h
              R²_rand=-0.5573  R²_naive=-0.5039  U_t=0.0156  U_b=0.0156  AUC=0.4995  Top1=0.0043
  timing: data=5.8ms  fwd=83.6ms  bwd=78.5ms  total=168.6ms
[  91400] loss=0.0013  ema_loss=0.0037  gap=-0.0000  ema_gap=-0.0001  mixup=59/200  4.8 sps  ETA 6.3h
              R²_rand=-0.9952  R²_naive=-0.9779  U_t=0.0156  U_b=0.0156  AUC=0.4995  Top1=0.0038
  timing: data=45.8ms  fwd=80.0ms  bwd=79.0ms  total=205.5ms
[  91600] loss=0.0037  ema_loss=0.0106  gap=-0.0000  ema_gap=-0.0002  mixup=58/200  4.8 sps  ETA 6.2h
              R²_rand=-0.9570  R²_naive=-0.9197  U_t=0.0156  U_b=0.0156  AUC=0.4993  Top1=0.0030
  timing: data=7.1ms  fwd=80.4ms  bwd=75.5ms  total=163.8ms
[  91800] loss=0.0067  ema_loss=0.0069  gap=-0.0002  ema_gap=-0.0002  mixup=52/200  4.8 sps  ETA 6.2h
              R²_rand=-0.2583  R²_naive=-0.2347  U_t=0.0156  U_b=0.0156  AUC=0.5004  Top1=0.0041
  timing: data=7.1ms  fwd=81.2ms  bwd=77.2ms  total=166.3ms
[  92000] loss=0.0028  ema_loss=0.0024  gap=-0.0000  ema_gap=-0.0000  mixup=62/200  4.8 sps  ETA 6.2h
              R²_rand=-0.5259  R²_naive=-0.5587  U_t=0.0156  U_b=0.0156  AUC=0.4983  Top1=0.0043
  timing: data=51.9ms  fwd=80.9ms  bwd=77.4ms  total=211.0ms
[  92200] loss=0.0021  ema_loss=0.0019  gap=-0.0000  ema_gap=-0.0000  mixup=57/200  4.8 sps  ETA 6.2h
              R²_rand=-0.5909  R²_naive=-0.5127  U_t=0.0156  U_b=0.0156  AUC=0.4964  Top1=0.0030
  timing: data=6.2ms  fwd=81.9ms  bwd=76.7ms  total=165.6ms
[  92400] loss=0.0027  ema_loss=0.0088  gap=-0.0000  ema_gap=-0.0002  mixup=57/200  4.8 sps  ETA 6.2h
              R²_rand=-1.4105  R²_naive=-1.3822  U_t=0.0156  U_b=0.0156  AUC=0.4985  Top1=0.0043
  timing: data=6.1ms  fwd=82.9ms  bwd=77.9ms  total=167.7ms
[  92600] loss=0.0011  ema_loss=0.0025  gap=-0.0000  ema_gap=-0.0000  mixup=71/200  4.8 sps  ETA 6.2h
              R²_rand=-0.0429  R²_naive=-0.0427  U_t=0.0156  U_b=0.0156  AUC=0.4996  Top1=0.0049
  timing: data=47.9ms  fwd=81.4ms  bwd=76.3ms  total=206.4ms
[  92800] loss=0.0014  ema_loss=0.0015  gap=-0.0000  ema_gap=-0.0000  mixup=60/200  4.8 sps  ETA 6.2h
              R²_rand=-0.3119  R²_naive=-0.2963  U_t=0.0156  U_b=0.0156  AUC=0.5035  Top1=0.0033
  timing: data=6.3ms  fwd=82.9ms  bwd=79.2ms  total=169.1ms
  -> Saved /home/jupyter/checkpoints_backup/cf-409-a4zero/arm6_v2_combab_alignS/leg_200k/cf393_arm6_v2_combab_alignS_cf373k3_cf409_a4zero_best_loss.pth
[  93000] loss=0.0043  ema_loss=0.0132  gap=-0.0001  ema_gap=-0.0006  mixup=60/200  4.8 sps  ETA 6.2h
              R²_rand=-0.2764  R²_naive=-0.2611  U_t=0.0156  U_b=0.0156  AUC=0.4979  Top1=0.0035
  timing: data=6.1ms  fwd=84.2ms  bwd=80.1ms  total=171.1ms
[  93200] loss=0.0023  ema_loss=0.0035  gap=-0.0000  ema_gap=-0.0001  mixup=60/200  4.8 sps  ETA 6.2h
              R²_rand=-0.0749  R²_naive=-0.0233  U_t=0.0156  U_b=0.0156  AUC=0.4955  Top1=0.0049
  timing: data=45.8ms  fwd=84.4ms  bwd=76.7ms  total=207.8ms
[  93400] loss=0.0014  ema_loss=0.0056  gap=-0.0000  ema_gap=-0.0002  mixup=56/200  4.8 sps  ETA 6.1h
              R²_rand=0.0588  R²_naive=0.0656  U_t=0.0156  U_b=0.0156  AUC=0.4981  Top1=0.0014
  timing: data=6.8ms  fwd=79.7ms  bwd=74.8ms  total=162.1ms
[  93600] loss=0.0018  ema_loss=0.0047  gap=-0.0000  ema_gap=-0.0001  mixup=59/200  4.8 sps  ETA 6.1h
              R²_rand=-0.0705  R²_naive=-0.0414  U_t=0.0156  U_b=0.0156  AUC=0.5005  Top1=0.0043
  timing: data=7.5ms  fwd=83.0ms  bwd=77.2ms  total=168.4ms
[  93800] loss=0.0033  ema_loss=0.0032  gap=-0.0001  ema_gap=-0.0001  mixup=58/200  4.8 sps  ETA 6.1h
              R²_rand=0.0808  R²_naive=0.0731  U_t=0.0156  U_b=0.0156  AUC=0.4976  Top1=0.0038
  timing: data=48.9ms  fwd=80.9ms  bwd=79.0ms  total=209.5ms
[  94000] loss=0.0457  ema_loss=0.0091  gap=-0.0025  ema_gap=-0.0004  mixup=64/200  4.8 sps  ETA 6.1h
              R²_rand=-0.0224  R²_naive=-0.0263  U_t=0.0158  U_b=0.0158  AUC=0.4987  Top1=0.0049
  timing: data=7.1ms  fwd=83.7ms  bwd=77.6ms  total=169.1ms
[  94200] loss=0.0088  ema_loss=0.0187  gap=-0.0003  ema_gap=-0.0009  mixup=59/200  4.8 sps  ETA 6.1h
              R²_rand=-0.0237  R²_naive=-0.0026  U_t=0.0156  U_b=0.0156  AUC=0.4964  Top1=0.0041
  timing: data=7.5ms  fwd=82.6ms  bwd=78.1ms  total=169.0ms
[  94400] loss=0.0161  ema_loss=0.0059  gap=-0.0006  ema_gap=-0.0002  mixup=57/200  4.8 sps  ETA 6.1h
              R²_rand=-0.1087  R²_naive=-0.0697  U_t=0.0157  U_b=0.0157  AUC=0.4991  Top1=0.0030
  timing: data=50.6ms  fwd=81.3ms  bwd=77.3ms  total=210.0ms
[  94600] loss=0.0018  ema_loss=0.0036  gap=-0.0000  ema_gap=-0.0001  mixup=57/200  4.8 sps  ETA 6.1h
              R²_rand=-0.5865  R²_naive=-0.4972  U_t=0.0156  U_b=0.0156  AUC=0.5057  Top1=0.0033
  timing: data=6.1ms  fwd=83.5ms  bwd=77.9ms  total=168.3ms
[  94800] loss=0.0062  ema_loss=0.0130  gap=-0.0001  ema_gap=-0.0004  mixup=59/200  4.8 sps  ETA 6.1h
              R²_rand=-0.5007  R²_naive=-0.4882  U_t=0.0156  U_b=0.0156  AUC=0.4999  Top1=0.0033
  timing: data=6.2ms  fwd=84.3ms  bwd=77.3ms  total=168.6ms
[  95000] loss=0.0016  ema_loss=0.0036  gap=-0.0000  ema_gap=-0.0001  mixup=74/200  4.8 sps  ETA 6.0h
              R²_rand=-0.9633  R²_naive=-0.9348  U_t=0.0156  U_b=0.0156  AUC=0.5014  Top1=0.0033
  timing: data=53.0ms  fwd=81.6ms  bwd=77.6ms  total=212.9ms
[  95200] loss=0.0092  ema_loss=0.0146  gap=-0.0003  ema_gap=-0.0006  mixup=59/200  4.8 sps  ETA 6.0h
              R²_rand=-0.0442  R²_naive=0.0401  U_t=0.0157  U_b=0.0157  AUC=0.5047  Top1=0.0035
  timing: data=7.5ms  fwd=81.9ms  bwd=76.7ms  total=166.9ms
[  95400] loss=0.0049  ema_loss=0.0072  gap=-0.0000  ema_gap=-0.0001  mixup=57/200  4.8 sps  ETA 6.0h
              R²_rand=-1.0397  R²_naive=-0.9380  U_t=0.0156  U_b=0.0156  AUC=0.5011  Top1=0.0049
  timing: data=6.1ms  fwd=82.1ms  bwd=76.0ms  total=164.8ms
[  95600] loss=0.0011  ema_loss=0.0024  gap=-0.0000  ema_gap=-0.0000  mixup=76/200  4.8 sps  ETA 6.0h
              R²_rand=-0.3365  R²_naive=-0.3271  U_t=0.0156  U_b=0.0156  AUC=0.4992  Top1=0.0035
  timing: data=6.5ms  fwd=83.9ms  bwd=78.1ms  total=169.3ms
[  95800] loss=0.0013  ema_loss=0.0023  gap=-0.0000  ema_gap=-0.0000  mixup=74/200  4.8 sps  ETA 6.0h
              R²_rand=-0.1605  R²_naive=-0.1331  U_t=0.0156  U_b=0.0156  AUC=0.4994  Top1=0.0035
  timing: data=108.9ms  fwd=78.9ms  bwd=77.1ms  total=265.8ms
[  96000] loss=0.1295  ema_loss=0.0297  gap=-0.0076  ema_gap=-0.0013  mixup=57/200  4.8 sps  ETA 6.0h
              R²_rand=-0.2381  R²_naive=-0.1780  U_t=0.0160  U_b=0.0160  AUC=0.4962  Top1=0.0057
  timing: data=6.0ms  fwd=82.5ms  bwd=76.9ms  total=166.2ms
[  96200] loss=0.0056  ema_loss=0.0178  gap=-0.0002  ema_gap=-0.0007  mixup=48/200  4.8 sps  ETA 6.0h
              R²_rand=0.0742  R²_naive=0.0853  U_t=0.0156  U_b=0.0156  AUC=0.5021  Top1=0.0024
  timing: data=7.6ms  fwd=84.9ms  bwd=77.8ms  total=171.2ms
[  96400] loss=0.0025  ema_loss=0.0057  gap=-0.0000  ema_gap=-0.0001  mixup=62/200  4.8 sps  ETA 6.0h
              R²_rand=-0.8642  R²_naive=-0.7947  U_t=0.0156  U_b=0.0156  AUC=0.5008  Top1=0.0027
  timing: data=42.2ms  fwd=83.5ms  bwd=80.8ms  total=207.3ms
[  96600] loss=0.0019  ema_loss=0.0041  gap=-0.0000  ema_gap=-0.0001  mixup=63/200  4.8 sps  ETA 6.0h
              R²_rand=-0.3307  R²_naive=-0.3083  U_t=0.0156  U_b=0.0156  AUC=0.4982  Top1=0.0033
  timing: data=6.2ms  fwd=85.3ms  bwd=80.4ms  total=172.7ms
[  96800] loss=0.0069  ema_loss=0.0067  gap=-0.0001  ema_gap=-0.0002  mixup=62/200  4.8 sps  ETA 5.9h
              R²_rand=-0.3534  R²_naive=-0.3482  U_t=0.0156  U_b=0.0156  AUC=0.4982  Top1=0.0033
  timing: data=6.9ms  fwd=94.0ms  bwd=86.2ms  total=187.9ms
[  97000] loss=0.0015  ema_loss=0.0025  gap=-0.0000  ema_gap=-0.0000  mixup=71/200  4.8 sps  ETA 5.9h
              R²_rand=-0.5178  R²_naive=-0.4873  U_t=0.0156  U_b=0.0156  AUC=0.4999  Top1=0.0038
  timing: data=54.3ms  fwd=83.5ms  bwd=78.6ms  total=217.2ms
[  97200] loss=0.0099  ema_loss=0.0030  gap=-0.0004  ema_gap=-0.0000  mixup=60/200  4.8 sps  ETA 5.9h
              R²_rand=-0.1112  R²_naive=-0.0400  U_t=0.0157  U_b=0.0157  AUC=0.4993  Top1=0.0033
  timing: data=6.2ms  fwd=82.3ms  bwd=75.7ms  total=165.0ms
[  97400] loss=0.0155  ema_loss=0.0059  gap=-0.0006  ema_gap=-0.0002  mixup=55/200  4.8 sps  ETA 5.9h
              R²_rand=-0.3160  R²_naive=-0.2927  U_t=0.0157  U_b=0.0157  AUC=0.5007  Top1=0.0046
  timing: data=6.2ms  fwd=81.7ms  bwd=77.0ms  total=165.7ms
[  97600] loss=0.0011  ema_loss=0.0038  gap=-0.0000  ema_gap=-0.0001  mixup=62/200  4.8 sps  ETA 5.9h
              R²_rand=-0.6708  R²_naive=-0.5594  U_t=0.0156  U_b=0.0156  AUC=0.4974  Top1=0.0041
  timing: data=43.2ms  fwd=81.2ms  bwd=76.9ms  total=202.0ms
[  97800] loss=0.0021  ema_loss=0.0013  gap=-0.0000  ema_gap=-0.0000  mixup=72/200  4.8 sps  ETA 5.9h
              R²_rand=-3.0098  R²_naive=-2.8199  U_t=0.0156  U_b=0.0156  AUC=0.5006  Top1=0.0049
  timing: data=7.1ms  fwd=82.8ms  bwd=77.2ms  total=167.8ms
  -> Saved /home/jupyter/checkpoints_backup/cf-409-a4zero/arm6_v2_combab_alignS/leg_200k/cf393_arm6_v2_combab_alignS_cf373k3_cf409_a4zero_best_loss.pth
[  98000] loss=0.0010  ema_loss=0.0035  gap=-0.0000  ema_gap=-0.0001  mixup=68/200  4.8 sps  ETA 5.9h
              R²_rand=0.0256  R²_naive=0.0471  U_t=0.0156  U_b=0.0156  AUC=0.5032  Top1=0.0035
  timing: data=6.1ms  fwd=81.6ms  bwd=77.5ms  total=166.1ms
[  98200] loss=0.0023  ema_loss=0.0011  gap=-0.0000  ema_gap=-0.0000  mixup=56/200  4.8 sps  ETA 5.9h
              R²_rand=-1.9508  R²_naive=-1.8494  U_t=0.0156  U_b=0.0156  AUC=0.5014  Top1=0.0052
  timing: data=130.5ms  fwd=80.7ms  bwd=75.8ms  total=287.7ms
  -> Saved /home/jupyter/checkpoints_backup/cf-409-a4zero/arm6_v2_combab_alignS/leg_200k/cf393_arm6_v2_combab_alignS_cf373k3_cf409_a4zero_best_loss.pth
[  98400] loss=0.0292  ema_loss=0.0039  gap=-0.0020  ema_gap=-0.0002  mixup=58/200  4.8 sps  ETA 5.9h
              R²_rand=0.0051  R²_naive=0.0679  U_t=0.0157  U_b=0.0157  AUC=0.5015  Top1=0.0033
  timing: data=6.3ms  fwd=84.9ms  bwd=80.4ms  total=172.3ms
[  98600] loss=0.0016  ema_loss=0.0086  gap=-0.0000  ema_gap=-0.0003  mixup=64/200  4.8 sps  ETA 5.9h
              R²_rand=-1.1139  R²_naive=-1.0208  U_t=0.0156  U_b=0.0156  AUC=0.5016  Top1=0.0052
  timing: data=7.5ms  fwd=93.5ms  bwd=87.2ms  total=188.9ms
[  98800] loss=0.0047  ema_loss=0.0058  gap=-0.0001  ema_gap=-0.0001  mixup=63/200  4.8 sps  ETA 5.8h
              R²_rand=-0.3852  R²_naive=-0.3662  U_t=0.0156  U_b=0.0156  AUC=0.5004  Top1=0.0035
  timing: data=46.4ms  fwd=84.6ms  bwd=80.3ms  total=212.1ms
[  99000] loss=0.0018  ema_loss=0.0025  gap=-0.0000  ema_gap=-0.0000  mixup=49/200  4.8 sps  ETA 5.8h
              R²_rand=-0.1654  R²_naive=-0.1244  U_t=0.0156  U_b=0.0156  AUC=0.4997  Top1=0.0019
  timing: data=5.7ms  fwd=81.2ms  bwd=74.6ms  total=162.2ms
[  99200] loss=0.0009  ema_loss=0.0027  gap=-0.0000  ema_gap=-0.0000  mixup=60/200  4.8 sps  ETA 5.8h
              R²_rand=-0.6274  R²_naive=-0.5268  U_t=0.0156  U_b=0.0156  AUC=0.4966  Top1=0.0027
  timing: data=6.8ms  fwd=79.9ms  bwd=75.2ms  total=162.5ms
[  99400] loss=0.0040  ema_loss=0.0014  gap=-0.0000  ema_gap=-0.0000  mixup=61/200  4.8 sps  ETA 5.8h
              R²_rand=-1.6639  R²_naive=-1.5053  U_t=0.0156  U_b=0.0156  AUC=0.5009  Top1=0.0043
  timing: data=51.5ms  fwd=83.5ms  bwd=77.5ms  total=213.2ms
[  99600] loss=0.0021  ema_loss=0.0071  gap=-0.0000  ema_gap=-0.0003  mixup=65/200  4.8 sps  ETA 5.8h
              R²_rand=-0.0820  R²_naive=-0.0791  U_t=0.0156  U_b=0.0156  AUC=0.4993  Top1=0.0033
  timing: data=6.2ms  fwd=81.9ms  bwd=77.8ms  total=166.6ms
[  99800] loss=0.0010  ema_loss=0.0042  gap=-0.0000  ema_gap=-0.0001  mixup=60/200  4.8 sps  ETA 5.8h
              R²_rand=-0.2706  R²_naive=-0.2200  U_t=0.0156  U_b=0.0156  AUC=0.4961  Top1=0.0030
  timing: data=7.9ms  fwd=80.2ms  bwd=77.6ms  total=166.3ms
[ 100000] loss=0.0021  ema_loss=0.0038  gap=-0.0000  ema_gap=-0.0001  mixup=45/200  4.8 sps  ETA 5.8h
              R²_rand=-0.1928  R²_naive=-0.1061  U_t=0.0156  U_b=0.0156  AUC=0.5021  Top1=0.0035
  timing: data=85.5ms  fwd=80.4ms  bwd=75.8ms  total=242.3ms
  -> Saved /home/jupyter/checkpoints_backup/cf-409-a4zero/arm6_v2_combab_alignS/leg_200k/cf393_arm6_v2_combab_alignS_cf373k3_cf409_a4zero_100k.pth
[ 100200] loss=0.0027  ema_loss=0.0059  gap=-0.0000  ema_gap=-0.0002  mixup=55/200  4.8 sps  ETA 5.8h
              R²_rand=-1.5295  R²_naive=-1.5178  U_t=0.0156  U_b=0.0156  AUC=0.5013  Top1=0.0052
  timing: data=9.1ms  fwd=80.4ms  bwd=77.8ms  total=168.0ms
[ 100400] loss=0.0114  ema_loss=0.0411  gap=-0.0005  ema_gap=-0.0018  mixup=57/200  4.8 sps  ETA 5.7h
              R²_rand=0.0231  R²_naive=0.0506  U_t=0.0157  U_b=0.0157  AUC=0.5010  Top1=0.0027
  timing: data=5.9ms  fwd=83.0ms  bwd=76.3ms  total=165.9ms
[ 100600] loss=0.0054  ema_loss=0.0132  gap=-0.0001  ema_gap=-0.0005  mixup=68/200  4.8 sps  ETA 5.7h
              R²_rand=-0.1053  R²_naive=-0.1025  U_t=0.0156  U_b=0.0156  AUC=0.5036  Top1=0.0060
  timing: data=6.1ms  fwd=83.7ms  bwd=78.0ms  total=168.5ms
[ 100800] loss=0.0032  ema_loss=0.0059  gap=-0.0000  ema_gap=-0.0001  mixup=51/200  4.8 sps  ETA 5.7h
              R²_rand=-0.2138  R²_naive=-0.2009  U_t=0.0156  U_b=0.0156  AUC=0.4987  Top1=0.0049
  timing: data=44.5ms  fwd=80.4ms  bwd=75.0ms  total=200.6ms
[ 101000] loss=0.0025  ema_loss=0.0026  gap=-0.0000  ema_gap=-0.0000  mixup=56/200  4.8 sps  ETA 5.7h
              R²_rand=-0.1528  R²_naive=-0.1381  U_t=0.0156  U_b=0.0156  AUC=0.5047  Top1=0.0046
  timing: data=8.1ms  fwd=81.5ms  bwd=76.3ms  total=166.5ms
[ 101200] loss=0.0008  ema_loss=0.0015  gap=-0.0000  ema_gap=-0.0000  mixup=66/200  4.8 sps  ETA 5.7h
              R²_rand=-0.1245  R²_naive=-0.1038  U_t=0.0156  U_b=0.0156  AUC=0.5013  Top1=0.0049
  timing: data=6.0ms  fwd=82.1ms  bwd=76.0ms  total=164.7ms
[ 101400] loss=0.0019  ema_loss=0.0027  gap=-0.0000  ema_gap=-0.0000  mixup=49/200  4.8 sps  ETA 5.7h
              R²_rand=-2.4954  R²_naive=-2.3823  U_t=0.0156  U_b=0.0156  AUC=0.5013  Top1=0.0043
  timing: data=54.4ms  fwd=81.4ms  bwd=75.3ms  total=211.8ms
[ 101600] loss=0.0183  ema_loss=0.0023  gap=-0.0004  ema_gap=-0.0000  mixup=69/200  4.8 sps  ETA 5.7h
              R²_rand=-0.3907  R²_naive=-0.3516  U_t=0.0157  U_b=0.0157  AUC=0.4978  Top1=0.0041
  timing: data=7.5ms  fwd=80.0ms  bwd=77.0ms  total=165.1ms
[ 101800] loss=0.0360  ema_loss=0.0561  gap=-0.0029  ema_gap=-0.0046  mixup=57/200  4.8 sps  ETA 5.7h
              R²_rand=0.2969  R²_naive=0.3173  U_t=0.0158  U_b=0.0158  AUC=0.5028  Top1=0.0033
  timing: data=6.6ms  fwd=85.4ms  bwd=76.5ms  total=169.2ms
[ 102000] loss=0.0018  ema_loss=0.0138  gap=-0.0000  ema_gap=-0.0009  mixup=61/200  4.8 sps  ETA 5.7h
              R²_rand=-0.0615  R²_naive=-0.0237  U_t=0.0156  U_b=0.0156  AUC=0.5094  Top1=0.0033
  timing: data=132.2ms  fwd=83.4ms  bwd=79.0ms  total=295.3ms
[ 102200] loss=0.0105  ema_loss=0.0299  gap=-0.0007  ema_gap=-0.0020  mixup=50/200  4.8 sps  ETA 5.6h
              R²_rand=0.2059  R²_naive=0.2340  U_t=0.0157  U_b=0.0157  AUC=0.4994  Top1=0.0033
  timing: data=7.5ms  fwd=90.6ms  bwd=84.9ms  total=183.7ms
[ 102400] loss=0.0032  ema_loss=0.0060  gap=-0.0000  ema_gap=-0.0003  mixup=63/200  4.8 sps  ETA 5.6h
              R²_rand=-6.6795  R²_naive=-6.5896  U_t=0.0156  U_b=0.0156  AUC=0.5024  Top1=0.0024
  timing: data=7.8ms  fwd=89.6ms  bwd=84.4ms  total=182.5ms
[ 102600] loss=0.0032  ema_loss=0.0164  gap=-0.0000  ema_gap=-0.0008  mixup=58/200  4.8 sps  ETA 5.6h
              R²_rand=-0.3090  R²_naive=-0.3188  U_t=0.0156  U_b=0.0156  AUC=0.5056  Top1=0.0033
  timing: data=40.2ms  fwd=79.6ms  bwd=75.5ms  total=196.1ms
[ 102800] loss=0.0021  ema_loss=0.0040  gap=-0.0000  ema_gap=-0.0001  mixup=62/200  4.8 sps  ETA 5.6h
              R²_rand=-0.2722  R²_naive=-0.2698  U_t=0.0156  U_b=0.0156  AUC=0.5089  Top1=0.0049
  timing: data=5.9ms  fwd=82.7ms  bwd=76.1ms  total=165.4ms
[ 103000] loss=0.0016  ema_loss=0.0034  gap=-0.0000  ema_gap=-0.0001  mixup=65/200  4.8 sps  ETA 5.6h
              R²_rand=-1.3183  R²_naive=-1.2986  U_t=0.0156  U_b=0.0156  AUC=0.4987  Top1=0.0027
  timing: data=6.9ms  fwd=80.3ms  bwd=77.1ms  total=165.1ms
[ 103200] loss=0.0013  ema_loss=0.0016  gap=-0.0000  ema_gap=-0.0000  mixup=69/200  4.8 sps  ETA 5.6h
              R²_rand=-0.8169  R²_naive=-0.8303  U_t=0.0156  U_b=0.0156  AUC=0.5053  Top1=0.0038
  timing: data=58.9ms  fwd=83.2ms  bwd=76.1ms  total=218.9ms
[ 103400] loss=0.0024  ema_loss=0.0014  gap=-0.0000  ema_gap=-0.0000  mixup=64/200  4.8 sps  ETA 5.6h
              R²_rand=-2.7858  R²_naive=-2.8137  U_t=0.0156  U_b=0.0156  AUC=0.5089  Top1=0.0052
  timing: data=6.0ms  fwd=80.4ms  bwd=76.1ms  total=163.2ms
[ 103600] loss=0.0006  ema_loss=0.0012  gap=-0.0000  ema_gap=-0.0000  mixup=66/200  4.8 sps  ETA 5.6h
              R²_rand=-1.3782  R²_naive=-1.2949  U_t=0.0156  U_b=0.0156  AUC=0.4982  Top1=0.0030
  timing: data=5.9ms  fwd=82.9ms  bwd=77.7ms  total=167.1ms
[ 103800] loss=0.0007  ema_loss=0.0016  gap=-0.0000  ema_gap=-0.0001  mixup=65/200  4.8 sps  ETA 5.6h
              R²_rand=-0.0516  R²_naive=-0.0298  U_t=0.0156  U_b=0.0156  AUC=0.4970  Top1=0.0038
  timing: data=48.6ms  fwd=81.1ms  bwd=76.7ms  total=207.1ms
[ 104000] loss=0.0015  ema_loss=0.0038  gap=-0.0000  ema_gap=-0.0001  mixup=56/200  4.8 sps  ETA 5.5h
              R²_rand=-0.3769  R²_naive=-0.3581  U_t=0.0156  U_b=0.0156  AUC=0.4986  Top1=0.0035
  timing: data=5.7ms  fwd=82.5ms  bwd=76.3ms  total=165.2ms
[ 104200] loss=0.0021  ema_loss=0.0029  gap=-0.0000  ema_gap=-0.0001  mixup=55/200  4.8 sps  ETA 5.5h
              R²_rand=-0.8754  R²_naive=-0.8711  U_t=0.0156  U_b=0.0156  AUC=0.5031  Top1=0.0052
  timing: data=6.7ms  fwd=79.5ms  bwd=76.2ms  total=163.0ms
[ 104400] loss=0.0085  ema_loss=0.0065  gap=-0.0003  ema_gap=-0.0002  mixup=66/200  4.8 sps  ETA 5.5h
              R²_rand=-0.0402  R²_naive=0.0183  U_t=0.0156  U_b=0.0156  AUC=0.4939  Top1=0.0027
  timing: data=45.4ms  fwd=81.3ms  bwd=75.4ms  total=202.8ms
[ 104600] loss=0.0023  ema_loss=0.0048  gap=-0.0000  ema_gap=-0.0002  mixup=57/200  4.8 sps  ETA 5.5h
              R²_rand=-0.4802  R²_naive=-0.4509  U_t=0.0156  U_b=0.0156  AUC=0.5034  Top1=0.0049
  timing: data=7.2ms  fwd=80.8ms  bwd=76.5ms  total=165.2ms
[ 104800] loss=0.0184  ema_loss=0.0046  gap=-0.0006  ema_gap=-0.0001  mixup=62/200  4.8 sps  ETA 5.5h
              R²_rand=-0.0096  R²_naive=-0.0177  U_t=0.0157  U_b=0.0157  AUC=0.5006  Top1=0.0016
  timing: data=7.2ms  fwd=83.3ms  bwd=77.6ms  total=168.9ms
[ 105000] loss=0.0052  ema_loss=0.0107  gap=-0.0001  ema_gap=-0.0004  mixup=67/200  4.8 sps  ETA 5.5h
              R²_rand=0.1468  R²_naive=0.1413  U_t=0.0156  U_b=0.0156  AUC=0.4998  Top1=0.0049
  timing: data=59.6ms  fwd=84.4ms  bwd=79.1ms  total=223.9ms
[ 105200] loss=0.0060  ema_loss=0.0039  gap=-0.0001  ema_gap=-0.0001  mixup=64/200  4.8 sps  ETA 5.5h
              R²_rand=-0.9894  R²_naive=-0.9794  U_t=0.0156  U_b=0.0156  AUC=0.4998  Top1=0.0038
  timing: data=7.3ms  fwd=86.0ms  bwd=79.1ms  total=173.2ms
[ 105400] loss=0.0013  ema_loss=0.0018  gap=-0.0000  ema_gap=-0.0000  mixup=62/200  4.8 sps  ETA 5.5h
              R²_rand=-0.3435  R²_naive=-0.3231  U_t=0.0156  U_b=0.0156  AUC=0.4985  Top1=0.0033
  timing: data=6.4ms  fwd=92.0ms  bwd=86.2ms  total=185.3ms
[ 105600] loss=0.0077  ema_loss=0.0146  gap=-0.0002  ema_gap=-0.0004  mixup=66/200  4.8 sps  ETA 5.5h
              R²_rand=-0.0966  R²_naive=-0.0677  U_t=0.0156  U_b=0.0156  AUC=0.5019  Top1=0.0033
  timing: data=8.4ms  fwd=87.4ms  bwd=81.3ms  total=177.8ms
[ 105800] loss=0.0029  ema_loss=0.0045  gap=-0.0001  ema_gap=-0.0001  mixup=58/200  4.8 sps  ETA 5.4h
              R²_rand=-0.0355  R²_naive=0.0077  U_t=0.0156  U_b=0.0156  AUC=0.4985  Top1=0.0030
  timing: data=70.4ms  fwd=84.6ms  bwd=79.0ms  total=234.7ms
[ 106000] loss=0.0012  ema_loss=0.0031  gap=-0.0000  ema_gap=-0.0001  mixup=46/200  4.8 sps  ETA 5.4h
              R²_rand=-0.4467  R²_naive=-0.3979  U_t=0.0156  U_b=0.0156  AUC=0.5040  Top1=0.0041
  timing: data=6.2ms  fwd=86.5ms  bwd=80.6ms  total=174.1ms
[ 106200] loss=0.0049  ema_loss=0.0089  gap=-0.0002  ema_gap=-0.0003  mixup=64/200  4.8 sps  ETA 5.4h
              R²_rand=0.2057  R²_naive=0.1985  U_t=0.0156  U_b=0.0156  AUC=0.5050  Top1=0.0041
  timing: data=6.5ms  fwd=94.7ms  bwd=86.6ms  total=188.5ms
[ 106400] loss=0.0075  ema_loss=0.0035  gap=-0.0000  ema_gap=-0.0001  mixup=51/200  4.8 sps  ETA 5.4h
              R²_rand=-1.3680  R²_naive=-1.3117  U_t=0.0156  U_b=0.0156  AUC=0.4974  Top1=0.0030
  timing: data=53.6ms  fwd=90.9ms  bwd=84.7ms  total=230.0ms
[ 106600] loss=0.0111  ema_loss=0.0105  gap=-0.0003  ema_gap=-0.0002  mixup=59/200  4.8 sps  ETA 5.4h
              R²_rand=-0.0626  R²_naive=-0.0403  U_t=0.0157  U_b=0.0157  AUC=0.5013  Top1=0.0043
  timing: data=8.4ms  fwd=92.2ms  bwd=86.7ms  total=188.1ms
[ 106800] loss=0.0014  ema_loss=0.0036  gap=-0.0000  ema_gap=-0.0001  mixup=56/200  4.8 sps  ETA 5.4h
              R²_rand=-0.6329  R²_naive=-0.6000  U_t=0.0156  U_b=0.0156  AUC=0.5008  Top1=0.0035
  timing: data=5.9ms  fwd=83.4ms  bwd=78.2ms  total=168.2ms
[ 107000] loss=0.0223  ema_loss=0.0117  gap=-0.0006  ema_gap=-0.0004  mixup=52/200  4.8 sps  ETA 5.4h
              R²_rand=-0.5925  R²_naive=-0.5375  U_t=0.0157  U_b=0.0157  AUC=0.5021  Top1=0.0052
  timing: data=44.0ms  fwd=81.9ms  bwd=77.2ms  total=203.8ms
[ 107200] loss=0.0013  ema_loss=0.0062  gap=-0.0000  ema_gap=-0.0002  mixup=65/200  4.8 sps  ETA 5.4h
              R²_rand=-0.1793  R²_naive=-0.1405  U_t=0.0156  U_b=0.0156  AUC=0.4964  Top1=0.0030
  timing: data=6.1ms  fwd=84.1ms  bwd=79.0ms  total=170.0ms
[ 107400] loss=0.0011  ema_loss=0.0032  gap=-0.0000  ema_gap=-0.0001  mixup=59/200  4.8 sps  ETA 5.4h
              R²_rand=-0.8820  R²_naive=-0.8095  U_t=0.0156  U_b=0.0156  AUC=0.5008  Top1=0.0043
  timing: data=6.2ms  fwd=82.0ms  bwd=76.2ms  total=165.1ms
[ 107600] loss=0.0156  ema_loss=0.0077  gap=-0.0007  ema_gap=-0.0002  mixup=62/200  4.8 sps  ETA 5.3h
              R²_rand=-0.2165  R²_naive=-0.4648  U_t=0.0157  U_b=0.0157  AUC=0.5711  Top1=0.0079
  timing: data=50.3ms  fwd=80.2ms  bwd=78.0ms  total=209.3ms
[ 107800] loss=0.0025  ema_loss=0.0049  gap=-0.0000  ema_gap=-0.0001  mixup=60/200  4.8 sps  ETA 5.3h
              R²_rand=-2.4081  R²_naive=-2.3312  U_t=0.0156  U_b=0.0156  AUC=0.4990  Top1=0.0049
  timing: data=7.9ms  fwd=81.3ms  bwd=78.8ms  total=168.9ms
[ 108000] loss=0.0084  ema_loss=0.0110  gap=-0.0003  ema_gap=-0.0003  mixup=57/200  4.8 sps  ETA 5.3h
              R²_rand=-0.1098  R²_naive=-0.0660  U_t=0.0156  U_b=0.0156  AUC=0.4996  Top1=0.0038
  timing: data=6.7ms  fwd=86.4ms  bwd=78.0ms  total=171.9ms
[ 108200] loss=0.0014  ema_loss=0.0029  gap=-0.0000  ema_gap=-0.0001  mixup=68/200  4.8 sps  ETA 5.3h
              R²_rand=-1.1961  R²_naive=-1.0706  U_t=0.0156  U_b=0.0156  AUC=0.5010  Top1=0.0027
  timing: data=54.0ms  fwd=79.8ms  bwd=76.6ms  total=211.0ms
[ 108400] loss=0.0097  ema_loss=0.0137  gap=-0.0002  ema_gap=-0.0006  mixup=52/200  4.8 sps  ETA 5.3h
              R²_rand=-0.6620  R²_naive=-0.6389  U_t=0.0156  U_b=0.0156  AUC=0.5088  Top1=0.0043
  timing: data=5.8ms  fwd=82.8ms  bwd=78.0ms  total=167.3ms
[ 108600] loss=0.0015  ema_loss=0.0047  gap=-0.0000  ema_gap=-0.0001  mixup=63/200  4.8 sps  ETA 5.3h
              R²_rand=-0.2725  R²_naive=-0.2081  U_t=0.0156  U_b=0.0156  AUC=0.5002  Top1=0.0035
  timing: data=9.8ms  fwd=82.7ms  bwd=80.4ms  total=173.8ms
[ 108800] loss=0.0235  ema_loss=0.0125  gap=-0.0004  ema_gap=-0.0003  mixup=66/200  4.8 sps  ETA 5.3h
              R²_rand=-1.8293  R²_naive=-1.7806  U_t=0.0156  U_b=0.0156  AUC=0.4971  Top1=0.0033
  timing: data=48.4ms  fwd=83.5ms  bwd=79.7ms  total=212.4ms
[ 109000] loss=0.0085  ema_loss=0.0275  gap=-0.0003  ema_gap=-0.0010  mixup=49/200  4.8 sps  ETA 5.3h
              R²_rand=-0.0119  R²_naive=0.0427  U_t=0.0156  U_b=0.0156  AUC=0.5033  Top1=0.0022
  timing: data=6.6ms  fwd=84.5ms  bwd=78.1ms  total=170.0ms
[ 109200] loss=0.0033  ema_loss=0.0092  gap=-0.0000  ema_gap=-0.0003  mixup=61/200  4.8 sps  ETA 5.2h
              R²_rand=-0.2441  R²_naive=-0.2250  U_t=0.0156  U_b=0.0156  AUC=0.5005  Top1=0.0027
  timing: data=8.5ms  fwd=85.3ms  bwd=79.6ms  total=174.2ms
[ 109400] loss=0.0023  ema_loss=0.0025  gap=-0.0000  ema_gap=-0.0000  mixup=48/200  4.8 sps  ETA 5.2h
              R²_rand=-0.2016  R²_naive=-0.2028  U_t=0.0156  U_b=0.0156  AUC=0.5086  Top1=0.0035
  timing: data=47.2ms  fwd=82.2ms  bwd=82.0ms  total=212.2ms
[ 109600] loss=0.0056  ema_loss=0.0097  gap=-0.0002  ema_gap=-0.0003  mixup=58/200  4.8 sps  ETA 5.2h
              R²_rand=-0.0835  R²_naive=0.0011  U_t=0.0156  U_b=0.0156  AUC=0.4994  Top1=0.0038
  timing: data=5.9ms  fwd=84.2ms  bwd=77.4ms  total=168.3ms
[ 109800] loss=0.0106  ema_loss=0.0072  gap=-0.0004  ema_gap=-0.0002  mixup=48/200  4.8 sps  ETA 5.2h
              R²_rand=-0.0711  R²_naive=-0.1339  U_t=0.0157  U_b=0.0157  AUC=0.5598  Top1=0.0054
  timing: data=6.2ms  fwd=82.4ms  bwd=77.9ms  total=167.3ms
[ 110000] loss=0.0020  ema_loss=0.0087  gap=-0.0000  ema_gap=-0.0003  mixup=71/200  4.8 sps  ETA 5.2h
              R²_rand=-0.9755  R²_naive=-0.9745  U_t=0.0156  U_b=0.0156  AUC=0.5043  Top1=0.0046
  timing: data=39.9ms  fwd=81.3ms  bwd=78.0ms  total=200.0ms
  -> Saved /home/jupyter/checkpoints_backup/cf-409-a4zero/arm6_v2_combab_alignS/leg_200k/cf393_arm6_v2_combab_alignS_cf373k3_cf409_a4zero_110k.pth
[ 110200] loss=0.0015  ema_loss=0.0030  gap=-0.0000  ema_gap=-0.0001  mixup=64/200  4.8 sps  ETA 5.2h
              R²_rand=-1.0190  R²_naive=-0.9837  U_t=0.0156  U_b=0.0156  AUC=0.5007  Top1=0.0041
  timing: data=6.5ms  fwd=84.5ms  bwd=79.0ms  total=170.9ms
[ 110400] loss=0.0024  ema_loss=0.0069  gap=-0.0000  ema_gap=-0.0001  mixup=62/200  4.8 sps  ETA 5.2h
              R²_rand=0.1150  R²_naive=0.1139  U_t=0.0156  U_b=0.0156  AUC=0.5011  Top1=0.0027
  timing: data=7.4ms  fwd=82.7ms  bwd=76.6ms  total=167.4ms
[ 110600] loss=0.0014  ema_loss=0.0023  gap=-0.0000  ema_gap=-0.0000  mixup=66/200  4.8 sps  ETA 5.2h
              R²_rand=-0.4066  R²_naive=-0.3888  U_t=0.0156  U_b=0.0156  AUC=0.5015  Top1=0.0033
  timing: data=6.2ms  fwd=82.3ms  bwd=78.1ms  total=167.4ms
[ 110800] loss=0.0100  ema_loss=0.0129  gap=-0.0002  ema_gap=-0.0005  mixup=54/200  4.8 sps  ETA 5.2h
              R²_rand=-0.7485  R²_naive=-0.6662  U_t=0.0156  U_b=0.0156  AUC=0.4978  Top1=0.0046
  timing: data=40.6ms  fwd=80.6ms  bwd=76.9ms  total=198.9ms
[ 111000] loss=0.0010  ema_loss=0.0034  gap=-0.0000  ema_gap=-0.0001  mixup=61/200  4.8 sps  ETA 5.1h
              R²_rand=-1.6065  R²_naive=-1.5838  U_t=0.0156  U_b=0.0156  AUC=0.4995  Top1=0.0041
  timing: data=6.4ms  fwd=83.2ms  bwd=77.0ms  total=167.4ms
[ 111200] loss=0.0018  ema_loss=0.0022  gap=-0.0000  ema_gap=-0.0000  mixup=50/200  4.8 sps  ETA 5.1h
              R²_rand=-0.6033  R²_naive=-0.5688  U_t=0.0156  U_b=0.0156  AUC=0.4976  Top1=0.0052
  timing: data=7.4ms  fwd=82.9ms  bwd=76.6ms  total=167.6ms
[ 111400] loss=0.0019  ema_loss=0.0016  gap=-0.0000  ema_gap=-0.0000  mixup=52/200  4.8 sps  ETA 5.1h
              R²_rand=-0.7350  R²_naive=-0.6320  U_t=0.0156  U_b=0.0156  AUC=0.4982  Top1=0.0022
  timing: data=47.4ms  fwd=84.3ms  bwd=77.7ms  total=210.2ms
[ 111600] loss=0.0510  ema_loss=0.0136  gap=-0.0031  ema_gap=-0.0005  mixup=55/200  4.8 sps  ETA 5.1h
              R²_rand=0.1268  R²_naive=0.1475  U_t=0.0159  U_b=0.0159  AUC=0.4995  Top1=0.0041
  timing: data=9.3ms  fwd=80.1ms  bwd=76.6ms  total=166.7ms
[ 111800] loss=0.0011  ema_loss=0.0048  gap=-0.0000  ema_gap=-0.0002  mixup=61/200  4.8 sps  ETA 5.1h
              R²_rand=-1.2565  R²_naive=-1.2122  U_t=0.0156  U_b=0.0156  AUC=0.5016  Top1=0.0043
  timing: data=7.3ms  fwd=82.5ms  bwd=76.8ms  total=167.4ms
[ 112000] loss=0.0013  ema_loss=0.0036  gap=-0.0000  ema_gap=-0.0001  mixup=50/200  4.8 sps  ETA 5.1h
              R²_rand=-0.6207  R²_naive=-0.6020  U_t=0.0156  U_b=0.0156  AUC=0.4952  Top1=0.0024
  timing: data=42.7ms  fwd=82.2ms  bwd=78.8ms  total=204.5ms
[ 112200] loss=0.0026  ema_loss=0.0049  gap=-0.0000  ema_gap=-0.0002  mixup=45/200  4.8 sps  ETA 5.1h
              R²_rand=-0.0439  R²_naive=-0.0369  U_t=0.0156  U_b=0.0156  AUC=0.5032  Top1=0.0041
  timing: data=7.2ms  fwd=80.9ms  bwd=77.1ms  total=166.0ms
[ 112400] loss=0.0056  ema_loss=0.0018  gap=-0.0001  ema_gap=-0.0000  mixup=65/200  4.8 sps  ETA 5.1h
              R²_rand=-0.9992  R²_naive=-0.9612  U_t=0.0156  U_b=0.0156  AUC=0.4990  Top1=0.0030
  timing: data=6.1ms  fwd=82.8ms  bwd=77.1ms  total=166.8ms
[ 112600] loss=0.0198  ema_loss=0.0373  gap=-0.0007  ema_gap=-0.0019  mixup=71/200  4.8 sps  ETA 5.0h
              R²_rand=-0.1280  R²_naive=-0.1265  U_t=0.0157  U_b=0.0157  AUC=0.4989  Top1=0.0057
  timing: data=52.4ms  fwd=82.1ms  bwd=78.5ms  total=213.8ms
[ 112800] loss=0.0029  ema_loss=0.0103  gap=-0.0001  ema_gap=-0.0004  mixup=58/200  4.8 sps  ETA 5.0h
              R²_rand=-0.4022  R²_naive=-0.3819  U_t=0.0156  U_b=0.0156  AUC=0.4985  Top1=0.0041
  timing: data=6.5ms  fwd=82.3ms  bwd=77.6ms  total=167.3ms
[ 113000] loss=0.0017  ema_loss=0.0036  gap=-0.0000  ema_gap=-0.0001  mixup=62/200  4.8 sps  ETA 5.0h
              R²_rand=-0.7196  R²_naive=-0.7366  U_t=0.0156  U_b=0.0156  AUC=0.5033  Top1=0.0038
  timing: data=7.2ms  fwd=82.3ms  bwd=77.8ms  total=168.0ms
[ 113200] loss=0.0151  ema_loss=0.0059  gap=-0.0003  ema_gap=-0.0001  mixup=56/200  4.8 sps  ETA 5.0h
              R²_rand=-1.4021  R²_naive=-1.3704  U_t=0.0156  U_b=0.0156  AUC=0.5007  Top1=0.0024
  timing: data=47.0ms  fwd=80.9ms  bwd=77.8ms  total=206.5ms
[ 113400] loss=0.0110  ema_loss=0.0113  gap=-0.0004  ema_gap=-0.0004  mixup=57/200  4.8 sps  ETA 5.0h
              R²_rand=-0.1324  R²_naive=-0.1096  U_t=0.0156  U_b=0.0156  AUC=0.4984  Top1=0.0046
  timing: data=6.6ms  fwd=85.2ms  bwd=77.8ms  total=170.4ms
[ 113600] loss=0.0023  ema_loss=0.0046  gap=-0.0000  ema_gap=-0.0001  mixup=63/200  4.8 sps  ETA 5.0h
              R²_rand=-0.5353  R²_naive=-0.5378  U_t=0.0156  U_b=0.0156  AUC=0.4985  Top1=0.0030
  timing: data=8.1ms  fwd=79.7ms  bwd=77.4ms  total=166.0ms
[ 113800] loss=0.0023  ema_loss=0.0044  gap=-0.0000  ema_gap=-0.0001  mixup=46/200  4.8 sps  ETA 5.0h
              R²_rand=-0.8158  R²_naive=-0.8150  U_t=0.0156  U_b=0.0156  AUC=0.5035  Top1=0.0027
  timing: data=43.9ms  fwd=82.8ms  bwd=77.4ms  total=204.7ms
[ 114000] loss=0.0069  ema_loss=0.0032  gap=-0.0005  ema_gap=-0.0001  mixup=72/200  4.8 sps  ETA 5.0h
              R²_rand=0.0305  R²_naive=0.0527  U_t=0.0156  U_b=0.0156  AUC=0.4976  Top1=0.0052
  timing: data=6.2ms  fwd=82.0ms  bwd=77.9ms  total=167.0ms
[ 114200] loss=0.0009  ema_loss=0.0015  gap=-0.0000  ema_gap=-0.0000  mixup=54/200  4.8 sps  ETA 5.0h
              R²_rand=0.0304  R²_naive=0.0609  U_t=0.0156  U_b=0.0156  AUC=0.4985  Top1=0.0038
  timing: data=6.0ms  fwd=83.3ms  bwd=78.1ms  total=168.2ms
[ 114400] loss=0.0049  ema_loss=0.0030  gap=-0.0001  ema_gap=-0.0001  mixup=55/200  4.8 sps  ETA 4.9h
              R²_rand=-0.8099  R²_naive=-0.7128  U_t=0.0156  U_b=0.0156  AUC=0.5026  Top1=0.0035
  timing: data=48.8ms  fwd=80.9ms  bwd=76.9ms  total=207.4ms
[ 114600] loss=0.0009  ema_loss=0.0027  gap=-0.0000  ema_gap=-0.0001  mixup=56/200  4.8 sps  ETA 4.9h
              R²_rand=-0.7383  R²_naive=-0.6993  U_t=0.0156  U_b=0.0156  AUC=0.4985  Top1=0.0049
  timing: data=7.8ms  fwd=81.9ms  bwd=78.0ms  total=168.5ms
[ 114800] loss=0.0015  ema_loss=0.0014  gap=-0.0000  ema_gap=-0.0000  mixup=62/200  4.8 sps  ETA 4.9h
              R²_rand=-1.7673  R²_naive=-1.7720  U_t=0.0156  U_b=0.0156  AUC=0.5000  Top1=0.0027
  timing: data=8.3ms  fwd=80.3ms  bwd=77.3ms  total=166.7ms
[ 115000] loss=0.0026  ema_loss=0.0043  gap=-0.0001  ema_gap=-0.0001  mixup=62/200  4.8 sps  ETA 4.9h
              R²_rand=-0.2463  R²_naive=-0.1983  U_t=0.0156  U_b=0.0156  AUC=0.4984  Top1=0.0033
  timing: data=48.8ms  fwd=83.5ms  bwd=77.2ms  total=210.3ms
[ 115200] loss=0.0014  ema_loss=0.0030  gap=-0.0000  ema_gap=-0.0001  mixup=64/200  4.8 sps  ETA 4.9h
              R²_rand=-1.1187  R²_naive=-1.1074  U_t=0.0156  U_b=0.0156  AUC=0.5012  Top1=0.0033
  timing: data=6.4ms  fwd=81.9ms  bwd=77.8ms  total=166.8ms
[ 115400] loss=0.0015  ema_loss=0.0042  gap=-0.0000  ema_gap=-0.0001  mixup=68/200  4.8 sps  ETA 4.9h
              R²_rand=-0.1870  R²_naive=-0.1485  U_t=0.0156  U_b=0.0156  AUC=0.4989  Top1=0.0024
  timing: data=6.8ms  fwd=83.9ms  bwd=76.4ms  total=167.7ms
[ 115600] loss=0.0016  ema_loss=0.0023  gap=-0.0000  ema_gap=-0.0000  mixup=57/200  4.8 sps  ETA 4.9h
              R²_rand=-1.1976  R²_naive=-1.1409  U_t=0.0156  U_b=0.0156  AUC=0.4960  Top1=0.0035
  timing: data=7.1ms  fwd=81.0ms  bwd=75.6ms  total=164.5ms
[ 115800] loss=0.0039  ema_loss=0.0035  gap=-0.0002  ema_gap=-0.0001  mixup=51/200  4.8 sps  ETA 4.9h
              R²_rand=0.0037  R²_naive=0.0437  U_t=0.0156  U_b=0.0156  AUC=0.5020  Top1=0.0035
  timing: data=51.2ms  fwd=81.0ms  bwd=75.2ms  total=208.2ms
[ 116000] loss=0.0076  ema_loss=0.0030  gap=-0.0006  ema_gap=-0.0001  mixup=54/200  4.8 sps  ETA 4.8h
              R²_rand=0.0512  R²_naive=0.0565  U_t=0.0157  U_b=0.0157  AUC=0.5011  Top1=0.0035
  timing: data=6.0ms  fwd=82.8ms  bwd=77.4ms  total=167.0ms
[ 116200] loss=0.0057  ema_loss=0.0021  gap=-0.0001  ema_gap=-0.0000  mixup=68/200  4.8 sps  ETA 4.8h
              R²_rand=-2.6944  R²_naive=-2.3923  U_t=0.0156  U_b=0.0156  AUC=0.4982  Top1=0.0033
  timing: data=6.3ms  fwd=83.7ms  bwd=78.7ms  total=169.5ms
[ 116400] loss=0.0030  ema_loss=0.0031  gap=-0.0000  ema_gap=-0.0001  mixup=62/200  4.8 sps  ETA 4.8h
              R²_rand=-0.2319  R²_naive=-0.1748  U_t=0.0156  U_b=0.0156  AUC=0.4994  Top1=0.0038
  timing: data=45.1ms  fwd=81.1ms  bwd=78.1ms  total=205.2ms
[ 116600] loss=0.0010  ema_loss=0.0023  gap=-0.0000  ema_gap=-0.0000  mixup=69/200  4.8 sps  ETA 4.8h
              R²_rand=-1.0510  R²_naive=-0.9889  U_t=0.0156  U_b=0.0156  AUC=0.5014  Top1=0.0035
  timing: data=6.2ms  fwd=83.5ms  bwd=77.6ms  total=168.2ms
[ 116800] loss=0.0008  ema_loss=0.0018  gap=-0.0000  ema_gap=-0.0000  mixup=61/200  4.8 sps  ETA 4.8h
              R²_rand=-0.3010  R²_naive=-0.2661  U_t=0.0156  U_b=0.0156  AUC=0.5025  Top1=0.0052
  timing: data=6.3ms  fwd=84.0ms  bwd=77.4ms  total=168.5ms
[ 117000] loss=0.0004  ema_loss=0.0008  gap=-0.0000  ema_gap=-0.0000  mixup=69/200  4.8 sps  ETA 4.8h
              R²_rand=-0.7039  R²_naive=-0.6737  U_t=0.0156  U_b=0.0156  AUC=0.4955  Top1=0.0022
  timing: data=43.7ms  fwd=82.2ms  bwd=77.1ms  total=203.8ms
  -> Saved /home/jupyter/checkpoints_backup/cf-409-a4zero/arm6_v2_combab_alignS/leg_200k/cf393_arm6_v2_combab_alignS_cf373k3_cf409_a4zero_best_loss.pth
[ 117200] loss=0.0008  ema_loss=0.0030  gap=-0.0000  ema_gap=-0.0001  mixup=64/200  4.8 sps  ETA 4.8h
              R²_rand=-0.5024  R²_naive=-0.5076  U_t=0.0156  U_b=0.0156  AUC=0.4957  Top1=0.0057
  timing: data=5.9ms  fwd=82.0ms  bwd=76.5ms  total=165.1ms
[ 117400] loss=0.0022  ema_loss=0.0075  gap=-0.0000  ema_gap=-0.0003  mixup=56/200  4.8 sps  ETA 4.8h
              R²_rand=0.0674  R²_naive=0.1359  U_t=0.0156  U_b=0.0156  AUC=0.4956  Top1=0.0030
  timing: data=7.1ms  fwd=82.0ms  bwd=77.0ms  total=166.9ms
[ 117600] loss=0.0043  ema_loss=0.0022  gap=-0.0004  ema_gap=-0.0001  mixup=55/200  4.8 sps  ETA 4.8h
              R²_rand=-0.0351  R²_naive=0.0015  U_t=0.0156  U_b=0.0156  AUC=0.5033  Top1=0.0033
  timing: data=58.3ms  fwd=80.7ms  bwd=78.6ms  total=218.3ms
[ 117800] loss=0.0007  ema_loss=0.0014  gap=-0.0000  ema_gap=-0.0000  mixup=60/200  4.8 sps  ETA 4.7h
              R²_rand=-1.9323  R²_naive=-1.9315  U_t=0.0156  U_b=0.0156  AUC=0.4971  Top1=0.0038
  timing: data=5.9ms  fwd=83.4ms  bwd=78.6ms  total=168.6ms
[ 118000] loss=0.0015  ema_loss=0.0015  gap=-0.0000  ema_gap=-0.0000  mixup=57/200  4.8 sps  ETA 4.7h
              R²_rand=-0.3269  R²_naive=-0.2989  U_t=0.0156  U_b=0.0156  AUC=0.5004  Top1=0.0035
  timing: data=6.2ms  fwd=83.5ms  bwd=78.4ms  total=169.0ms
[ 118200] loss=0.0290  ema_loss=0.0169  gap=-0.0019  ema_gap=-0.0005  mixup=61/200  4.8 sps  ETA 4.7h
              R²_rand=-0.2304  R²_naive=-0.1396  U_t=0.0157  U_b=0.0157  AUC=0.4983  Top1=0.0035
  timing: data=46.2ms  fwd=84.6ms  bwd=77.6ms  total=209.2ms
[ 118400] loss=0.0038  ema_loss=0.0111  gap=-0.0001  ema_gap=-0.0004  mixup=57/200  4.8 sps  ETA 4.7h
              R²_rand=-0.3615  R²_naive=-0.3058  U_t=0.0156  U_b=0.0156  AUC=0.4985  Top1=0.0041
  timing: data=6.3ms  fwd=82.6ms  bwd=77.7ms  total=167.4ms
[ 118600] loss=0.0501  ema_loss=0.0114  gap=-0.0031  ema_gap=-0.0005  mixup=60/200  4.8 sps  ETA 4.7h
              R²_rand=0.2153  R²_naive=0.2211  U_t=0.0159  U_b=0.0159  AUC=0.5041  Top1=0.0024
  timing: data=7.0ms  fwd=82.2ms  bwd=76.5ms  total=166.5ms
[ 118800] loss=0.0008  ema_loss=0.0038  gap=-0.0000  ema_gap=-0.0001  mixup=56/200  4.8 sps  ETA 4.7h
              R²_rand=-1.0099  R²_naive=-0.9999  U_t=0.0156  U_b=0.0156  AUC=0.4965  Top1=0.0043
  timing: data=48.0ms  fwd=80.6ms  bwd=78.6ms  total=208.1ms
[ 119000] loss=0.0397  ema_loss=0.0593  gap=-0.0010  ema_gap=-0.0021  mixup=59/200  4.8 sps  ETA 4.7h
              R²_rand=0.3957  R²_naive=0.4018  U_t=0.0159  U_b=0.0159  AUC=0.5045  Top1=0.0035
  timing: data=6.3ms  fwd=81.9ms  bwd=78.3ms  total=167.3ms
[ 119200] loss=0.0035  ema_loss=0.0180  gap=-0.0000  ema_gap=-0.0007  mixup=59/200  4.8 sps  ETA 4.7h
              R²_rand=0.0475  R²_naive=0.0531  U_t=0.0156  U_b=0.0156  AUC=0.5011  Top1=0.0049
  timing: data=7.9ms  fwd=83.1ms  bwd=77.9ms  total=169.8ms
[ 119400] loss=0.0017  ema_loss=0.0048  gap=-0.0000  ema_gap=-0.0001  mixup=67/200  4.8 sps  ETA 4.6h
              R²_rand=-0.6168  R²_naive=-0.5447  U_t=0.0156  U_b=0.0156  AUC=0.5038  Top1=0.0019
  timing: data=50.0ms  fwd=81.2ms  bwd=76.8ms  total=208.8ms
[ 119600] loss=0.0057  ema_loss=0.0078  gap=-0.0001  ema_gap=-0.0002  mixup=60/200  4.8 sps  ETA 4.6h
              R²_rand=0.0630  R²_naive=0.0965  U_t=0.0156  U_b=0.0156  AUC=0.4996  Top1=0.0035
  timing: data=6.0ms  fwd=82.0ms  bwd=76.3ms  total=165.2ms
[ 119800] loss=0.0093  ema_loss=0.0040  gap=-0.0002  ema_gap=-0.0001  mixup=59/200  4.8 sps  ETA 4.6h
              R²_rand=-0.9002  R²_naive=-0.8203  U_t=0.0156  U_b=0.0156  AUC=0.4951  Top1=0.0041
  timing: data=6.1ms  fwd=82.7ms  bwd=76.8ms  total=166.4ms
[ 120000] loss=0.0202  ema_loss=0.0171  gap=-0.0014  ema_gap=-0.0006  mixup=54/200  4.8 sps  ETA 4.6h
              R²_rand=-0.0999  R²_naive=-0.0356  U_t=0.0157  U_b=0.0157  AUC=0.5023  Top1=0.0022
  timing: data=64.8ms  fwd=83.2ms  bwd=77.3ms  total=226.0ms
  -> Saved /home/jupyter/checkpoints_backup/cf-409-a4zero/arm6_v2_combab_alignS/leg_200k/cf393_arm6_v2_combab_alignS_cf373k3_cf409_a4zero_120k.pth
[ 120200] loss=0.0029  ema_loss=0.0103  gap=-0.0000  ema_gap=-0.0004  mixup=58/200  4.8 sps  ETA 4.6h
              R²_rand=-0.8128  R²_naive=-0.7495  U_t=0.0156  U_b=0.0156  AUC=0.5017  Top1=0.0041
  timing: data=6.3ms  fwd=82.8ms  bwd=77.4ms  total=167.3ms
[ 120400] loss=0.0030  ema_loss=0.0047  gap=-0.0000  ema_gap=-0.0001  mixup=62/200  4.8 sps  ETA 4.6h
              R²_rand=-1.9777  R²_naive=-1.8497  U_t=0.0156  U_b=0.0156  AUC=0.4955  Top1=0.0030
  timing: data=6.1ms  fwd=84.4ms  bwd=76.4ms  total=167.7ms
[ 120600] loss=0.0016  ema_loss=0.0025  gap=-0.0000  ema_gap=-0.0000  mixup=57/200  4.8 sps  ETA 4.6h
              R²_rand=-0.3198  R²_naive=-0.3015  U_t=0.0156  U_b=0.0156  AUC=0.4983  Top1=0.0035
  timing: data=6.1ms  fwd=82.5ms  bwd=76.7ms  total=166.1ms
[ 120800] loss=0.0028  ema_loss=0.0037  gap=-0.0000  ema_gap=-0.0001  mixup=59/200  4.8 sps  ETA 4.6h
              R²_rand=0.1116  R²_naive=0.1568  U_t=0.0156  U_b=0.0156  AUC=0.4991  Top1=0.0035
  timing: data=48.9ms  fwd=80.0ms  bwd=76.9ms  total=206.5ms
[ 121000] loss=0.0010  ema_loss=0.0043  gap=-0.0000  ema_gap=-0.0001  mixup=63/200  4.8 sps  ETA 4.6h
              R²_rand=-6.6299  R²_naive=-6.4229  U_t=0.0156  U_b=0.0156  AUC=0.4985  Top1=0.0035
  timing: data=6.0ms  fwd=82.0ms  bwd=76.5ms  total=165.3ms
[ 121200] loss=0.0009  ema_loss=0.0019  gap=-0.0000  ema_gap=-0.0000  mixup=60/200  4.8 sps  ETA 4.5h
              R²_rand=-0.4677  R²_naive=-0.4577  U_t=0.0156  U_b=0.0156  AUC=0.4995  Top1=0.0019
  timing: data=6.9ms  fwd=82.4ms  bwd=78.1ms  total=168.2ms
[ 121400] loss=0.0011  ema_loss=0.0021  gap=-0.0000  ema_gap=-0.0000  mixup=65/200  4.8 sps  ETA 4.5h
              R²_rand=-0.4571  R²_naive=-0.4438  U_t=0.0156  U_b=0.0156  AUC=0.4955  Top1=0.0033
  timing: data=38.2ms  fwd=81.0ms  bwd=77.0ms  total=197.1ms
[ 121600] loss=0.0064  ema_loss=0.0238  gap=-0.0001  ema_gap=-0.0016  mixup=57/200  4.8 sps  ETA 4.5h
              R²_rand=0.1763  R²_naive=0.2057  U_t=0.0156  U_b=0.0156  AUC=0.5002  Top1=0.0035
  timing: data=7.8ms  fwd=82.9ms  bwd=77.1ms  total=168.6ms
[ 121800] loss=0.0643  ema_loss=0.0073  gap=-0.0011  ema_gap=-0.0003  mixup=71/200  4.8 sps  ETA 4.5h
              R²_rand=-0.0986  R²_naive=-0.0895  U_t=0.0158  U_b=0.0158  AUC=0.5002  Top1=0.0043
  timing: data=6.2ms  fwd=83.1ms  bwd=77.8ms  total=167.9ms
[ 122000] loss=0.0011  ema_loss=0.0074  gap=-0.0000  ema_gap=-0.0003  mixup=55/200  4.8 sps  ETA 4.5h
              R²_rand=-2.4501  R²_naive=-2.3568  U_t=0.0156  U_b=0.0156  AUC=0.4959  Top1=0.0035
  timing: data=47.3ms  fwd=83.0ms  bwd=77.3ms  total=208.4ms
[ 122200] loss=0.0020  ema_loss=0.0047  gap=-0.0000  ema_gap=-0.0001  mixup=58/200  4.8 sps  ETA 4.5h
              R²_rand=-0.0475  R²_naive=-0.0270  U_t=0.0156  U_b=0.0156  AUC=0.4967  Top1=0.0022
  timing: data=6.2ms  fwd=81.4ms  bwd=77.8ms  total=166.2ms
[ 122400] loss=0.0126  ema_loss=0.0111  gap=-0.0005  ema_gap=-0.0004  mixup=58/200  4.8 sps  ETA 4.5h
              R²_rand=-0.0880  R²_naive=-0.0430  U_t=0.0157  U_b=0.0157  AUC=0.5003  Top1=0.0035
  timing: data=8.4ms  fwd=84.0ms  bwd=78.7ms  total=172.0ms
'(ReadTimeoutError("HTTPSConnectionPool(host='huggingface.co', port=443): Read timed out. (read timeout=10)"), '(Request ID: 8c9dbb74-5702-496e-b8ec-b2dcf543ac34)')' thrown while requesting GET https://huggingface.co/datasets/jeremycochoy/gift-pretrain-full-4096/resolve/main/small_v1/shard_00389.parquet
Retrying in 1s [Retry 1/5].
'(ReadTimeoutError("HTTPSConnectionPool(host='huggingface.co', port=443): Read timed out. (read timeout=10)"), '(Request ID: 6f7adc9a-230e-4908-b807-c7940e40a318)')' thrown while requesting GET https://huggingface.co/datasets/jeremycochoy/gift-pretrain-full-4096/resolve/main/small_v1/shard_00389.parquet
Retrying in 2s [Retry 2/5].
'(ReadTimeoutError("HTTPSConnectionPool(host='huggingface.co', port=443): Read timed out. (read timeout=10)"), '(Request ID: 8044b95f-752f-420d-87b1-f9c20f44b86b)')' thrown while requesting GET https://huggingface.co/datasets/jeremycochoy/gift-pretrain-full-4096/resolve/main/small_v1/shard_00389.parquet
Retrying in 1s [Retry 1/5].
[ 122600] loss=0.0044  ema_loss=0.0041  gap=-0.0000  ema_gap=-0.0001  mixup=46/200  4.8 sps  ETA 4.5h
              R²_rand=-0.8844  R²_naive=-0.8625  U_t=0.0156  U_b=0.0156  AUC=0.5007  Top1=0.0038
  timing: data=285.0ms  fwd=82.6ms  bwd=77.9ms  total=446.4ms
[ 122800] loss=0.0009  ema_loss=0.0029  gap=-0.0000  ema_gap=-0.0000  mixup=66/200  4.8 sps  ETA 4.5h
              R²_rand=-0.2358  R²_naive=-0.1969  U_t=0.0156  U_b=0.0156  AUC=0.4974  Top1=0.0030
  timing: data=5.9ms  fwd=81.8ms  bwd=77.7ms  total=166.2ms
[ 123000] loss=0.0016  ema_loss=0.0013  gap=-0.0000  ema_gap=-0.0000  mixup=48/200  4.8 sps  ETA 4.4h
              R²_rand=-0.3462  R²_naive=-0.3142  U_t=0.0156  U_b=0.0156  AUC=0.4985  Top1=0.0019
  timing: data=5.6ms  fwd=83.3ms  bwd=79.2ms  total=169.0ms
[ 123200] loss=0.0012  ema_loss=0.0059  gap=-0.0000  ema_gap=-0.0003  mixup=68/200  4.8 sps  ETA 4.4h
              R²_rand=0.0888  R²_naive=0.1267  U_t=0.0156  U_b=0.0156  AUC=0.5008  Top1=0.0046
  timing: data=43.7ms  fwd=82.1ms  bwd=76.4ms  total=203.0ms
[ 123400] loss=0.0007  ema_loss=0.0018  gap=-0.0000  ema_gap=-0.0000  mixup=44/200  4.8 sps  ETA 4.4h
              R²_rand=-0.0031  R²_naive=0.0042  U_t=0.0156  U_b=0.0156  AUC=0.4976  Top1=0.0030
  timing: data=5.7ms  fwd=82.4ms  bwd=77.3ms  total=166.3ms
[ 123600] loss=0.0067  ema_loss=0.0139  gap=-0.0001  ema_gap=-0.0005  mixup=54/200  4.8 sps  ETA 4.4h
              R²_rand=-0.9022  R²_naive=-0.7860  U_t=0.0156  U_b=0.0156  AUC=0.5000  Top1=0.0043
  timing: data=6.7ms  fwd=82.3ms  bwd=79.4ms  total=169.2ms
'(ReadTimeoutError("HTTPSConnectionPool(host='huggingface.co', port=443): Read timed out. (read timeout=10)"), '(Request ID: 1a6dbc16-3a53-4460-a5c3-873cea797a43)')' thrown while requesting GET https://huggingface.co/datasets/jeremycochoy/gift-pretrain-full-4096/resolve/main/small_v1/shard_00391.parquet
Retrying in 1s [Retry 1/5].
'(ReadTimeoutError("HTTPSConnectionPool(host='huggingface.co', port=443): Read timed out. (read timeout=10)"), '(Request ID: a04d8523-5945-4c22-b000-9dd33dea2f13)')' thrown while requesting GET https://huggingface.co/datasets/jeremycochoy/gift-pretrain-full-4096/resolve/main/small_v1/shard_00391.parquet
Retrying in 2s [Retry 2/5].
[ 123800] loss=0.0065  ema_loss=0.0099  gap=-0.0001  ema_gap=-0.0003  mixup=63/200  4.8 sps  ETA 4.4h
              R²_rand=-0.3046  R²_naive=-0.2882  U_t=0.0156  U_b=0.0156  AUC=0.4998  Top1=0.0049
  timing: data=210.7ms  fwd=81.6ms  bwd=77.4ms  total=370.4ms
[ 124000] loss=0.0019  ema_loss=0.0028  gap=-0.0000  ema_gap=-0.0001  mixup=63/200  4.8 sps  ETA 4.4h
              R²_rand=-0.2113  R²_naive=-0.1848  U_t=0.0156  U_b=0.0156  AUC=0.5019  Top1=0.0043
  timing: data=5.8ms  fwd=82.7ms  bwd=77.3ms  total=166.5ms
[ 124200] loss=0.0099  ema_loss=0.0027  gap=-0.0001  ema_gap=-0.0000  mixup=60/200  4.8 sps  ETA 4.4h
              R²_rand=-1.7197  R²_naive=-1.6298  U_t=0.0156  U_b=0.0156  AUC=0.5018  Top1=0.0033
  timing: data=5.6ms  fwd=82.0ms  bwd=77.8ms  total=166.2ms
[ 124400] loss=0.0009  ema_loss=0.0025  gap=-0.0000  ema_gap=-0.0000  mixup=58/200  4.8 sps  ETA 4.4h
              R²_rand=-1.2529  R²_naive=-1.2235  U_t=0.0156  U_b=0.0156  AUC=0.4977  Top1=0.0033
  timing: data=48.4ms  fwd=81.5ms  bwd=76.8ms  total=207.4ms
[ 124600] loss=0.0009  ema_loss=0.0033  gap=-0.0000  ema_gap=-0.0001  mixup=64/200  4.8 sps  ETA 4.4h
              R²_rand=-1.1935  R²_naive=-1.1545  U_t=0.0156  U_b=0.0156  AUC=0.4952  Top1=0.0038
  timing: data=5.7ms  fwd=81.7ms  bwd=79.7ms  total=167.9ms
[ 124800] loss=0.0471  ema_loss=0.0348  gap=-0.0028  ema_gap=-0.0011  mixup=66/200  4.8 sps  ETA 4.4h
              R²_rand=-0.0079  R²_naive=-0.0141  U_t=0.0158  U_b=0.0158  AUC=0.5008  Top1=0.0022
  timing: data=5.3ms  fwd=79.8ms  bwd=75.8ms  total=161.7ms
[ 125000] loss=0.0025  ema_loss=0.0170  gap=-0.0000  ema_gap=-0.0008  mixup=53/200  4.8 sps  ETA 4.3h
              R²_rand=0.0062  R²_naive=-0.0058  U_t=0.0156  U_b=0.0156  AUC=0.5055  Top1=0.0052
  timing: data=52.1ms  fwd=79.3ms  bwd=76.4ms  total=208.6ms
[ 125200] loss=0.0015  ema_loss=0.0035  gap=-0.0000  ema_gap=-0.0001  mixup=62/200  4.8 sps  ETA 4.3h
              R²_rand=-1.7089  R²_naive=-1.5899  U_t=0.0156  U_b=0.0156  AUC=0.5076  Top1=0.0041
  timing: data=6.0ms  fwd=84.5ms  bwd=76.8ms  total=168.1ms
[ 125400] loss=0.0136  ema_loss=0.0105  gap=-0.0004  ema_gap=-0.0003  mixup=65/200  4.8 sps  ETA 4.3h
              R²_rand=-0.4543  R²_naive=-0.4249  U_t=0.0156  U_b=0.0156  AUC=0.4991  Top1=0.0046
  timing: data=5.6ms  fwd=81.7ms  bwd=76.8ms  total=164.9ms
[ 125600] loss=0.0010  ema_loss=0.0032  gap=-0.0000  ema_gap=-0.0001  mixup=57/200  4.8 sps  ETA 4.3h
              R²_rand=-1.4855  R²_naive=-1.4072  U_t=0.0156  U_b=0.0156  AUC=0.4988  Top1=0.0038
  timing: data=7.2ms  fwd=79.9ms  bwd=77.7ms  total=165.7ms
[ 125800] loss=0.0006  ema_loss=0.0013  gap=-0.0000  ema_gap=-0.0000  mixup=52/200  4.8 sps  ETA 4.3h
              R²_rand=-1.1315  R²_naive=-1.1363  U_t=0.0156  U_b=0.0156  AUC=0.4986  Top1=0.0038
  timing: data=45.9ms  fwd=82.5ms  bwd=77.4ms  total=206.7ms
[ 126000] loss=0.0026  ema_loss=0.0047  gap=-0.0000  ema_gap=-0.0001  mixup=60/200  4.8 sps  ETA 4.3h
              R²_rand=-0.8832  R²_naive=-0.8341  U_t=0.0156  U_b=0.0156  AUC=0.4975  Top1=0.0027
  timing: data=6.9ms  fwd=82.8ms  bwd=77.8ms  total=168.2ms
[ 126200] loss=0.0017  ema_loss=0.0035  gap=-0.0000  ema_gap=-0.0001  mixup=66/200  4.8 sps  ETA 4.3h
              R²_rand=-0.2530  R²_naive=-0.2068  U_t=0.0156  U_b=0.0156  AUC=0.4998  Top1=0.0054
  timing: data=5.7ms  fwd=81.5ms  bwd=76.6ms  total=164.7ms
[ 126400] loss=0.0012  ema_loss=0.0015  gap=-0.0000  ema_gap=-0.0000  mixup=62/200  4.8 sps  ETA 4.3h
              R²_rand=-0.8757  R²_naive=-0.7971  U_t=0.0156  U_b=0.0156  AUC=0.4982  Top1=0.0033
  timing: data=38.5ms  fwd=80.1ms  bwd=78.5ms  total=197.9ms
[ 126600] loss=0.0007  ema_loss=0.0027  gap=-0.0000  ema_gap=-0.0001  mixup=64/200  4.8 sps  ETA 4.2h
              R²_rand=-1.7292  R²_naive=-1.5598  U_t=0.0156  U_b=0.0156  AUC=0.4921  Top1=0.0043
  timing: data=5.6ms  fwd=83.7ms  bwd=77.4ms  total=167.5ms
[ 126800] loss=0.0024  ema_loss=0.0063  gap=-0.0000  ema_gap=-0.0002  mixup=64/200  4.8 sps  ETA 4.2h
              R²_rand=0.0167  R²_naive=0.0255  U_t=0.0156  U_b=0.0156  AUC=0.4996  Top1=0.0046
  timing: data=8.4ms  fwd=77.0ms  bwd=75.5ms  total=161.6ms
[ 127000] loss=0.0018  ema_loss=0.0058  gap=-0.0000  ema_gap=-0.0001  mixup=50/200  4.8 sps  ETA 4.2h
              R²_rand=-0.1514  R²_naive=-0.1368  U_t=0.0156  U_b=0.0156  AUC=0.4988  Top1=0.0022
  timing: data=49.3ms  fwd=83.0ms  bwd=77.6ms  total=210.6ms
[ 127200] loss=0.0102  ema_loss=0.0021  gap=-0.0001  ema_gap=-0.0000  mixup=61/200  4.8 sps  ETA 4.2h
              R²_rand=-2.5619  R²_naive=-2.5459  U_t=0.0156  U_b=0.0156  AUC=0.4998  Top1=0.0049
  timing: data=6.6ms  fwd=80.8ms  bwd=76.8ms  total=164.9ms
[ 127400] loss=0.0006  ema_loss=0.0037  gap=-0.0000  ema_gap=-0.0001  mixup=49/200  4.8 sps  ETA 4.2h
              R²_rand=-0.3195  R²_naive=-0.2702  U_t=0.0156  U_b=0.0156  AUC=0.4903  Top1=0.0024
  timing: data=6.7ms  fwd=83.3ms  bwd=79.8ms  total=170.6ms
[ 127600] loss=0.0035  ema_loss=0.0087  gap=-0.0000  ema_gap=-0.0004  mixup=53/200  4.8 sps  ETA 4.2h
              R²_rand=-1.9792  R²_naive=-1.8843  U_t=0.0156  U_b=0.0156  AUC=0.4992  Top1=0.0035
  timing: data=38.6ms  fwd=80.2ms  bwd=77.0ms  total=196.6ms
[ 127800] loss=0.0012  ema_loss=0.0036  gap=-0.0000  ema_gap=-0.0001  mixup=59/200  4.8 sps  ETA 4.2h
              R²_rand=-0.4647  R²_naive=-0.4204  U_t=0.0156  U_b=0.0156  AUC=0.4996  Top1=0.0030
  timing: data=5.6ms  fwd=82.5ms  bwd=75.2ms  total=164.0ms
[ 128000] loss=0.0092  ema_loss=0.0035  gap=-0.0002  ema_gap=-0.0002  mixup=61/200  4.8 sps  ETA 4.2h
              R²_rand=-0.8934  R²_naive=-0.7914  U_t=0.0156  U_b=0.0156  AUC=0.4986  Top1=0.0038
  timing: data=5.5ms  fwd=81.4ms  bwd=78.0ms  total=165.6ms
[ 128200] loss=0.0009  ema_loss=0.0030  gap=-0.0000  ema_gap=-0.0001  mixup=58/200  4.8 sps  ETA 4.2h
              R²_rand=0.0276  R²_naive=0.0601  U_t=0.0156  U_b=0.0156  AUC=0.4965  Top1=0.0043
  timing: data=82.1ms  fwd=83.4ms  bwd=77.8ms  total=244.2ms
[ 128400] loss=0.0063  ema_loss=0.0116  gap=-0.0002  ema_gap=-0.0006  mixup=54/200  4.8 sps  ETA 4.1h
              R²_rand=0.1159  R²_naive=0.1199  U_t=0.0156  U_b=0.0156  AUC=0.5049  Top1=0.0046
  timing: data=5.9ms  fwd=81.3ms  bwd=77.9ms  total=165.8ms
[ 128600] loss=0.0013  ema_loss=0.0034  gap=-0.0000  ema_gap=-0.0001  mixup=60/200  4.8 sps  ETA 4.1h
              R²_rand=-0.4582  R²_naive=-0.4432  U_t=0.0156  U_b=0.0156  AUC=0.4967  Top1=0.0027
  timing: data=6.5ms  fwd=81.1ms  bwd=76.3ms  total=164.8ms
[ 128800] loss=0.0043  ema_loss=0.0109  gap=-0.0000  ema_gap=-0.0003  mixup=54/200  4.8 sps  ETA 4.1h
              R²_rand=-0.7873  R²_naive=-0.7418  U_t=0.0156  U_b=0.0156  AUC=0.5007  Top1=0.0033
  timing: data=38.2ms  fwd=81.7ms  bwd=79.4ms  total=200.1ms
[ 129000] loss=0.0009  ema_loss=0.0028  gap=-0.0000  ema_gap=-0.0001  mixup=54/200  4.8 sps  ETA 4.1h
              R²_rand=-3.7051  R²_naive=-3.6470  U_t=0.0156  U_b=0.0156  AUC=0.4989  Top1=0.0038
  timing: data=6.0ms  fwd=83.2ms  bwd=76.6ms  total=166.5ms
[ 129200] loss=0.0030  ema_loss=0.0074  gap=-0.0000  ema_gap=-0.0002  mixup=63/200  4.8 sps  ETA 4.1h
              R²_rand=-0.3446  R²_naive=-0.3409  U_t=0.0156  U_b=0.0156  AUC=0.5006  Top1=0.0041
  timing: data=6.7ms  fwd=80.4ms  bwd=77.3ms  total=165.2ms
[ 129400] loss=0.0020  ema_loss=0.0023  gap=-0.0000  ema_gap=-0.0000  mixup=60/200  4.8 sps  ETA 4.1h
              R²_rand=0.0836  R²_naive=0.1240  U_t=0.0156  U_b=0.0156  AUC=0.4974  Top1=0.0022
  timing: data=46.9ms  fwd=80.7ms  bwd=78.0ms  total=206.4ms
[ 129600] loss=0.0013  ema_loss=0.0029  gap=-0.0000  ema_gap=-0.0001  mixup=59/200  4.8 sps  ETA 4.1h
              R²_rand=-0.1362  R²_naive=-0.1106  U_t=0.0156  U_b=0.0156  AUC=0.5009  Top1=0.0027
  timing: data=5.7ms  fwd=84.0ms  bwd=77.8ms  total=168.3ms
[ 129800] loss=0.0199  ema_loss=0.0078  gap=-0.0005  ema_gap=-0.0001  mixup=55/200  4.8 sps  ETA 4.1h
              R²_rand=-0.5693  R²_naive=-0.4845  U_t=0.0157  U_b=0.0157  AUC=0.4988  Top1=0.0030
  timing: data=5.4ms  fwd=81.9ms  bwd=77.1ms  total=165.3ms
[ 130000] loss=0.0158  ema_loss=0.0215  gap=-0.0007  ema_gap=-0.0009  mixup=54/200  4.8 sps  ETA 4.0h
              R²_rand=0.2606  R²_naive=0.2873  U_t=0.0157  U_b=0.0157  AUC=0.4986  Top1=0.0038
  timing: data=41.4ms  fwd=81.9ms  bwd=78.1ms  total=202.2ms
  -> Saved /home/jupyter/checkpoints_backup/cf-409-a4zero/arm6_v2_combab_alignS/leg_200k/cf393_arm6_v2_combab_alignS_cf373k3_cf409_a4zero_130k.pth
[ 130200] loss=0.0042  ema_loss=0.0053  gap=-0.0001  ema_gap=-0.0001  mixup=56/200  4.8 sps  ETA 4.0h
              R²_rand=-0.1035  R²_naive=-0.1080  U_t=0.0156  U_b=0.0156  AUC=0.5015  Top1=0.0035
  timing: data=5.7ms  fwd=81.4ms  bwd=77.2ms  total=165.1ms
[ 130400] loss=0.0008  ema_loss=0.0017  gap=-0.0000  ema_gap=-0.0000  mixup=61/200  4.8 sps  ETA 4.0h
              R²_rand=-0.2489  R²_naive=-0.2084  U_t=0.0156  U_b=0.0156  AUC=0.4966  Top1=0.0046
  timing: data=5.5ms  fwd=83.3ms  bwd=77.5ms  total=167.2ms
[ 130600] loss=0.0051  ema_loss=0.0140  gap=-0.0002  ema_gap=-0.0004  mixup=55/200  4.8 sps  ETA 4.0h
              R²_rand=0.1281  R²_naive=0.1269  U_t=0.0156  U_b=0.0156  AUC=0.4986  Top1=0.0038
  timing: data=44.8ms  fwd=78.8ms  bwd=76.8ms  total=201.1ms
[ 130800] loss=0.0023  ema_loss=0.0063  gap=-0.0000  ema_gap=-0.0002  mixup=63/200  4.8 sps  ETA 4.0h
              R²_rand=0.0321  R²_naive=0.0462  U_t=0.0156  U_b=0.0156  AUC=0.5019  Top1=0.0043
  timing: data=5.9ms  fwd=83.2ms  bwd=77.8ms  total=167.7ms
[ 131000] loss=0.0010  ema_loss=0.0027  gap=-0.0000  ema_gap=-0.0000  mixup=69/200  4.8 sps  ETA 4.0h
              R²_rand=-0.3131  R²_naive=-0.2539  U_t=0.0156  U_b=0.0156  AUC=0.5016  Top1=0.0033
  timing: data=6.0ms  fwd=81.5ms  bwd=78.5ms  total=166.7ms
[ 131200] loss=0.0024  ema_loss=0.0017  gap=-0.0000  ema_gap=-0.0000  mixup=56/200  4.8 sps  ETA 4.0h
              R²_rand=-1.4015  R²_naive=-1.3368  U_t=0.0156  U_b=0.0156  AUC=0.4992  Top1=0.0052
  timing: data=42.8ms  fwd=83.8ms  bwd=77.9ms  total=205.3ms
[ 131400] loss=0.0711  ema_loss=0.0355  gap=-0.0019  ema_gap=-0.0007  mixup=55/200  4.8 sps  ETA 4.0h
              R²_rand=-0.7118  R²_naive=-0.6523  U_t=0.0158  U_b=0.0158  AUC=0.4994  Top1=0.0019
  timing: data=5.6ms  fwd=82.8ms  bwd=77.5ms  total=166.8ms
[ 131600] loss=0.0102  ema_loss=0.0306  gap=-0.0005  ema_gap=-0.0010  mixup=59/200  4.8 sps  ETA 4.0h
              R²_rand=-0.0117  R²_naive=0.0161  U_t=0.0156  U_b=0.0156  AUC=0.5037  Top1=0.0054
  timing: data=5.9ms  fwd=83.1ms  bwd=76.2ms  total=165.9ms
[ 131800] loss=0.0014  ema_loss=0.0068  gap=-0.0000  ema_gap=-0.0002  mixup=60/200  4.8 sps  ETA 3.9h
              R²_rand=0.0538  R²_naive=0.0847  U_t=0.0156  U_b=0.0156  AUC=0.5005  Top1=0.0033
  timing: data=39.8ms  fwd=81.7ms  bwd=77.4ms  total=199.7ms
[ 132000] loss=0.0033  ema_loss=0.0032  gap=-0.0000  ema_gap=-0.0001  mixup=48/200  4.8 sps  ETA 3.9h
              R²_rand=-1.8057  R²_naive=-1.7896  U_t=0.0156  U_b=0.0156  AUC=0.4999  Top1=0.0041
  timing: data=9.2ms  fwd=79.9ms  bwd=78.3ms  total=168.2ms
[ 132200] loss=0.0094  ema_loss=0.0257  gap=-0.0003  ema_gap=-0.0008  mixup=52/200  4.8 sps  ETA 3.9h
              R²_rand=0.0997  R²_naive=0.1207  U_t=0.0156  U_b=0.0156  AUC=0.4944  Top1=0.0049
  timing: data=5.6ms  fwd=82.6ms  bwd=76.8ms  total=165.8ms
[ 132400] loss=0.0044  ema_loss=0.0162  gap=-0.0001  ema_gap=-0.0006  mixup=60/200  4.8 sps  ETA 3.9h
              R²_rand=0.0279  R²_naive=0.0537  U_t=0.0156  U_b=0.0156  AUC=0.5065  Top1=0.0038
  timing: data=5.8ms  fwd=82.6ms  bwd=77.5ms  total=166.6ms
[ 132600] loss=0.0034  ema_loss=0.0044  gap=-0.0000  ema_gap=-0.0001  mixup=63/200  4.8 sps  ETA 3.9h
              R²_rand=-2.3213  R²_naive=-2.2139  U_t=0.0156  U_b=0.0156  AUC=0.5009  Top1=0.0046
  timing: data=44.9ms  fwd=80.5ms  bwd=78.2ms  total=204.4ms
[ 132800] loss=0.0013  ema_loss=0.0021  gap=-0.0000  ema_gap=-0.0000  mixup=71/200  4.8 sps  ETA 3.9h
              R²_rand=-1.5505  R²_naive=-1.4957  U_t=0.0156  U_b=0.0156  AUC=0.4990  Top1=0.0043
  timing: data=5.6ms  fwd=82.1ms  bwd=77.1ms  total=165.6ms
[ 133000] loss=0.0018  ema_loss=0.0012  gap=-0.0000  ema_gap=-0.0000  mixup=60/200  4.8 sps  ETA 3.9h
              R²_rand=-0.3314  R²_naive=-0.3159  U_t=0.0156  U_b=0.0156  AUC=0.5047  Top1=0.0041
  timing: data=6.0ms  fwd=83.6ms  bwd=78.7ms  total=169.1ms
[ 133200] loss=0.0229  ema_loss=0.0207  gap=-0.0016  ema_gap=-0.0009  mixup=60/200  4.8 sps  ETA 3.9h
              R²_rand=-0.1118  R²_naive=-0.0804  U_t=0.0157  U_b=0.0157  AUC=0.4961  Top1=0.0041
  timing: data=48.3ms  fwd=81.4ms  bwd=77.2ms  total=207.7ms
[ 133400] loss=0.0031  ema_loss=0.0081  gap=-0.0000  ema_gap=-0.0003  mixup=57/200  4.8 sps  ETA 3.8h
              R²_rand=-0.0716  R²_naive=-0.0216  U_t=0.0156  U_b=0.0156  AUC=0.5045  Top1=0.0027
  timing: data=5.5ms  fwd=80.7ms  bwd=77.5ms  total=164.5ms
[ 133600] loss=0.0016  ema_loss=0.0035  gap=-0.0000  ema_gap=-0.0001  mixup=59/200  4.8 sps  ETA 3.8h
              R²_rand=-0.5436  R²_naive=-0.5163  U_t=0.0156  U_b=0.0156  AUC=0.5007  Top1=0.0027
  timing: data=6.5ms  fwd=81.3ms  bwd=77.2ms  total=165.9ms
[ 133800] loss=0.0021  ema_loss=0.0038  gap=-0.0000  ema_gap=-0.0001  mixup=65/200  4.8 sps  ETA 3.8h
              R²_rand=-0.3670  R²_naive=-0.3366  U_t=0.0156  U_b=0.0156  AUC=0.5044  Top1=0.0054
  timing: data=48.7ms  fwd=79.5ms  bwd=76.8ms  total=205.7ms
[ 134000] loss=0.0020  ema_loss=0.0110  gap=-0.0000  ema_gap=-0.0007  mixup=60/200  4.8 sps  ETA 3.8h
              R²_rand=-0.7742  R²_naive=-0.7631  U_t=0.0156  U_b=0.0156  AUC=0.5119  Top1=0.0027
  timing: data=5.7ms  fwd=82.3ms  bwd=76.5ms  total=165.3ms
[ 134200] loss=0.0010  ema_loss=0.0027  gap=-0.0000  ema_gap=-0.0001  mixup=58/200  4.8 sps  ETA 3.8h
              R²_rand=-0.9249  R²_naive=-0.9288  U_t=0.0156  U_b=0.0156  AUC=0.5029  Top1=0.0033
  timing: data=5.7ms  fwd=80.2ms  bwd=76.2ms  total=162.9ms
[ 134400] loss=0.0007  ema_loss=0.0018  gap=-0.0000  ema_gap=-0.0001  mixup=49/200  4.8 sps  ETA 3.8h
              R²_rand=-0.9989  R²_naive=-0.9904  U_t=0.0156  U_b=0.0156  AUC=0.4994  Top1=0.0035
  timing: data=39.5ms  fwd=79.6ms  bwd=75.6ms  total=195.4ms
[ 134600] loss=0.0483  ema_loss=0.0250  gap=-0.0006  ema_gap=-0.0006  mixup=61/200  4.8 sps  ETA 3.8h
              R²_rand=-1.5166  R²_naive=-1.4469  U_t=0.0157  U_b=0.0157  AUC=0.4997  Top1=0.0033
  timing: data=5.4ms  fwd=83.3ms  bwd=78.2ms  total=167.8ms
[ 134800] loss=0.1107  ema_loss=0.0961  gap=-0.0074  ema_gap=-0.0077  mixup=57/200  4.8 sps  ETA 3.8h
              R²_rand=-0.0536  R²_naive=-0.0043  U_t=0.0160  U_b=0.0160  AUC=0.4932  Top1=0.0041
  timing: data=5.8ms  fwd=83.9ms  bwd=77.4ms  total=168.0ms
[ 135000] loss=0.0305  ema_loss=0.0854  gap=-0.0019  ema_gap=-0.0042  mixup=58/200  4.8 sps  ETA 3.8h
              R²_rand=0.0995  R²_naive=0.1245  U_t=0.0157  U_b=0.0157  AUC=0.5007  Top1=0.0035
  timing: data=41.6ms  fwd=82.4ms  bwd=78.3ms  total=203.1ms
[ 135200] loss=0.0068  ema_loss=0.0223  gap=-0.0002  ema_gap=-0.0011  mixup=52/200  4.8 sps  ETA 3.7h
              R²_rand=0.1367  R²_naive=0.1636  U_t=0.0156  U_b=0.0156  AUC=0.5037  Top1=0.0049
  timing: data=5.6ms  fwd=82.6ms  bwd=77.0ms  total=166.0ms
[ 135400] loss=0.0054  ema_loss=0.0130  gap=-0.0001  ema_gap=-0.0005  mixup=59/200  4.8 sps  ETA 3.7h
              R²_rand=-0.3729  R²_naive=-0.3500  U_t=0.0156  U_b=0.0156  AUC=0.5034  Top1=0.0054
  timing: data=6.5ms  fwd=82.6ms  bwd=77.9ms  total=167.9ms
[ 135600] loss=0.0063  ema_loss=0.0058  gap=-0.0000  ema_gap=-0.0001  mixup=55/200  4.8 sps  ETA 3.7h
              R²_rand=-3.5368  R²_naive=-3.5454  U_t=0.0156  U_b=0.0156  AUC=0.5052  Top1=0.0038
  timing: data=48.5ms  fwd=81.8ms  bwd=76.8ms  total=207.9ms
[ 135800] loss=0.0106  ema_loss=0.0447  gap=-0.0004  ema_gap=-0.0021  mixup=59/200  4.8 sps  ETA 3.7h
              R²_rand=0.3009  R²_naive=0.3159  U_t=0.0157  U_b=0.0157  AUC=0.5020  Top1=0.0033
  timing: data=6.6ms  fwd=81.6ms  bwd=78.2ms  total=167.2ms
[ 136000] loss=0.0034  ema_loss=0.0102  gap=-0.0000  ema_gap=-0.0004  mixup=66/200  4.8 sps  ETA 3.7h
              R²_rand=-0.4015  R²_naive=-0.3134  U_t=0.0156  U_b=0.0156  AUC=0.4979  Top1=0.0049
  timing: data=6.5ms  fwd=80.4ms  bwd=78.8ms  total=166.6ms
[ 136200] loss=0.0018  ema_loss=0.0035  gap=-0.0000  ema_gap=-0.0001  mixup=62/200  4.8 sps  ETA 3.7h
              R²_rand=-1.0741  R²_naive=-1.0082  U_t=0.0156  U_b=0.0156  AUC=0.4977  Top1=0.0052
  timing: data=43.2ms  fwd=81.8ms  bwd=77.8ms  total=203.7ms
[ 136400] loss=0.0025  ema_loss=0.0027  gap=-0.0000  ema_gap=-0.0000  mixup=53/200  4.8 sps  ETA 3.7h
              R²_rand=-1.1950  R²_naive=-1.1847  U_t=0.0156  U_b=0.0156  AUC=0.4995  Top1=0.0043
  timing: data=5.8ms  fwd=82.1ms  bwd=77.3ms  total=166.0ms
[ 136600] loss=0.0025  ema_loss=0.0028  gap=-0.0000  ema_gap=-0.0000  mixup=59/200  4.8 sps  ETA 3.7h
              R²_rand=-0.9972  R²_naive=-0.9893  U_t=0.0156  U_b=0.0156  AUC=0.4994  Top1=0.0041
  timing: data=7.0ms  fwd=83.0ms  bwd=78.1ms  total=168.9ms
[ 136800] loss=0.0012  ema_loss=0.0043  gap=-0.0000  ema_gap=-0.0001  mixup=60/200  4.8 sps  ETA 3.6h
              R²_rand=-0.6935  R²_naive=-0.6513  U_t=0.0156  U_b=0.0156  AUC=0.5078  Top1=0.0043
  timing: data=47.8ms  fwd=78.8ms  bwd=77.8ms  total=205.2ms
[ 137000] loss=0.0008  ema_loss=0.0016  gap=-0.0000  ema_gap=-0.0000  mixup=70/200  4.8 sps  ETA 3.6h
              R²_rand=-0.3368  R²_naive=-0.3592  U_t=0.0156  U_b=0.0156  AUC=0.5012  Top1=0.0038
  timing: data=7.0ms  fwd=81.5ms  bwd=78.7ms  total=168.0ms
[ 137200] loss=0.0258  ema_loss=0.0710  gap=-0.0022  ema_gap=-0.0040  mixup=70/200  4.8 sps  ETA 3.6h
              R²_rand=0.1483  R²_naive=0.1622  U_t=0.0157  U_b=0.0157  AUC=0.5159  Top1=0.0041
  timing: data=5.7ms  fwd=81.9ms  bwd=78.1ms  total=166.5ms
[ 137400] loss=0.0035  ema_loss=0.0157  gap=-0.0001  ema_gap=-0.0008  mixup=58/200  4.8 sps  ETA 3.6h
              R²_rand=0.2640  R²_naive=0.2661  U_t=0.0156  U_b=0.0156  AUC=0.5047  Top1=0.0041
  timing: data=5.3ms  fwd=85.0ms  bwd=78.8ms  total=170.0ms
[ 137600] loss=0.0090  ema_loss=0.0080  gap=-0.0001  ema_gap=-0.0003  mixup=70/200  4.8 sps  ETA 3.6h
              R²_rand=-1.1212  R²_naive=-1.1015  U_t=0.0156  U_b=0.0156  AUC=0.5059  Top1=0.0038
  timing: data=42.3ms  fwd=81.7ms  bwd=77.5ms  total=202.3ms
[ 137800] loss=0.0042  ema_loss=0.0138  gap=-0.0000  ema_gap=-0.0003  mixup=56/200  4.8 sps  ETA 3.6h
              R²_rand=-0.0192  R²_naive=-0.0144  U_t=0.0156  U_b=0.0156  AUC=0.4970  Top1=0.0038
  timing: data=5.8ms  fwd=85.2ms  bwd=77.4ms  total=169.3ms
[ 138000] loss=0.0018  ema_loss=0.0038  gap=-0.0000  ema_gap=-0.0001  mixup=63/200  4.8 sps  ETA 3.6h
              R²_rand=-0.7090  R²_naive=-0.6452  U_t=0.0156  U_b=0.0156  AUC=0.5034  Top1=0.0052
  timing: data=5.6ms  fwd=81.6ms  bwd=78.3ms  total=166.4ms
[ 138200] loss=0.0241  ema_loss=0.0042  gap=-0.0004  ema_gap=-0.0000  mixup=63/200  4.8 sps  ETA 3.6h
              R²_rand=-1.0414  R²_naive=-0.9217  U_t=0.0157  U_b=0.0157  AUC=0.4956  Top1=0.0038
  timing: data=46.9ms  fwd=83.0ms  bwd=76.6ms  total=207.4ms
[ 138400] loss=0.0043  ema_loss=0.0211  gap=-0.0000  ema_gap=-0.0009  mixup=75/200  4.8 sps  ETA 3.6h
              R²_rand=0.1334  R²_naive=0.1454  U_t=0.0156  U_b=0.0156  AUC=0.4987  Top1=0.0016
  timing: data=5.9ms  fwd=83.5ms  bwd=77.9ms  total=168.2ms
[ 138600] loss=0.0039  ema_loss=0.0079  gap=-0.0001  ema_gap=-0.0002  mixup=57/200  4.8 sps  ETA 3.5h
              R²_rand=-0.5821  R²_naive=-0.5349  U_t=0.0156  U_b=0.0156  AUC=0.4973  Top1=0.0033
  timing: data=5.6ms  fwd=84.3ms  bwd=80.3ms  total=171.0ms
[ 138800] loss=0.0173  ema_loss=0.0198  gap=-0.0014  ema_gap=-0.0010  mixup=64/200  4.8 sps  ETA 3.5h
              R²_rand=0.0741  R²_naive=0.1342  U_t=0.0157  U_b=0.0157  AUC=0.5019  Top1=0.0038
  timing: data=47.5ms  fwd=82.3ms  bwd=77.5ms  total=208.2ms
[ 139000] loss=0.0013  ema_loss=0.0047  gap=-0.0000  ema_gap=-0.0002  mixup=67/200  4.8 sps  ETA 3.5h
              R²_rand=-0.9619  R²_naive=-0.9511  U_t=0.0156  U_b=0.0156  AUC=0.5119  Top1=0.0030
  timing: data=6.9ms  fwd=81.6ms  bwd=78.1ms  total=167.4ms
[ 139200] loss=0.0022  ema_loss=0.0045  gap=-0.0000  ema_gap=-0.0001  mixup=66/200  4.8 sps  ETA 3.5h
              R²_rand=-1.8913  R²_naive=-1.7752  U_t=0.0156  U_b=0.0156  AUC=0.4981  Top1=0.0022
  timing: data=5.7ms  fwd=80.9ms  bwd=78.2ms  total=165.5ms
[ 139400] loss=0.0254  ema_loss=0.0062  gap=-0.0014  ema_gap=-0.0002  mixup=62/200  4.8 sps  ETA 3.5h
              R²_rand=-0.0251  R²_naive=0.0095  U_t=0.0157  U_b=0.0157  AUC=0.4976  Top1=0.0057
  timing: data=49.4ms  fwd=81.4ms  bwd=77.1ms  total=208.7ms
[ 139600] loss=0.0016  ema_loss=0.0062  gap=-0.0000  ema_gap=-0.0002  mixup=57/200  4.8 sps  ETA 3.5h
              R²_rand=-0.2460  R²_naive=-0.2665  U_t=0.0156  U_b=0.0156  AUC=0.5030  Top1=0.0027
  timing: data=5.9ms  fwd=82.6ms  bwd=78.9ms  total=168.3ms
[ 139800] loss=0.0027  ema_loss=0.0024  gap=-0.0001  ema_gap=-0.0001  mixup=71/200  4.8 sps  ETA 3.5h
              R²_rand=-0.7065  R²_naive=-0.6873  U_t=0.0156  U_b=0.0156  AUC=0.5025  Top1=0.0030
  timing: data=5.8ms  fwd=82.8ms  bwd=78.6ms  total=168.1ms
[ 140000] loss=0.0014  ema_loss=0.0029  gap=-0.0000  ema_gap=-0.0001  mixup=65/200  4.8 sps  ETA 3.5h
              R²_rand=-0.3398  R²_naive=-0.3146  U_t=0.0156  U_b=0.0156  AUC=0.4983  Top1=0.0035
  timing: data=40.2ms  fwd=82.5ms  bwd=78.7ms  total=202.4ms
  -> Saved /home/jupyter/checkpoints_backup/cf-409-a4zero/arm6_v2_combab_alignS/leg_200k/cf393_arm6_v2_combab_alignS_cf373k3_cf409_a4zero_140k.pth
[ 140200] loss=0.0628  ema_loss=0.0083  gap=-0.0036  ema_gap=-0.0002  mixup=54/200  4.8 sps  ETA 3.4h
              R²_rand=0.0263  R²_naive=0.0514  U_t=0.0159  U_b=0.0159  AUC=0.5003  Top1=0.0049
  timing: data=5.3ms  fwd=76.7ms  bwd=72.5ms  total=155.3ms
[ 140400] loss=0.0137  ema_loss=0.0279  gap=-0.0003  ema_gap=-0.0012  mixup=61/200  4.8 sps  ETA 3.4h
              R²_rand=-0.5397  R²_naive=-0.4761  U_t=0.0156  U_b=0.0156  AUC=0.5022  Top1=0.0038
  timing: data=5.7ms  fwd=81.0ms  bwd=77.5ms  total=165.0ms
[ 140600] loss=0.0015  ema_loss=0.0069  gap=-0.0000  ema_gap=-0.0002  mixup=55/200  4.8 sps  ETA 3.4h
              R²_rand=-0.1798  R²_naive=-0.2018  U_t=0.0156  U_b=0.0156  AUC=0.5008  Top1=0.0035
  timing: data=34.8ms  fwd=83.3ms  bwd=78.0ms  total=196.9ms
[ 140800] loss=0.0092  ema_loss=0.0032  gap=-0.0000  ema_gap=-0.0000  mixup=56/200  4.8 sps  ETA 3.4h
              R²_rand=-1.9759  R²_naive=-1.8493  U_t=0.0156  U_b=0.0156  AUC=0.5008  Top1=0.0038
  timing: data=5.7ms  fwd=82.0ms  bwd=77.6ms  total=166.1ms
[ 141000] loss=0.0024  ema_loss=0.0060  gap=-0.0000  ema_gap=-0.0002  mixup=74/200  4.8 sps  ETA 3.4h
              R²_rand=-0.1224  R²_naive=-0.0702  U_t=0.0156  U_b=0.0156  AUC=0.5030  Top1=0.0046
  timing: data=5.9ms  fwd=83.2ms  bwd=77.8ms  total=167.8ms
[ 141200] loss=0.0251  ema_loss=0.0116  gap=-0.0010  ema_gap=-0.0005  mixup=48/200  4.8 sps  ETA 3.4h
              R²_rand=-0.2519  R²_naive=-0.2209  U_t=0.0157  U_b=0.0157  AUC=0.5021  Top1=0.0046
  timing: data=72.2ms  fwd=81.1ms  bwd=76.9ms  total=231.0ms
[ 141400] loss=0.0021  ema_loss=0.0065  gap=-0.0000  ema_gap=-0.0002  mixup=66/200  4.8 sps  ETA 3.4h
              R²_rand=-0.6120  R²_naive=-0.6056  U_t=0.0156  U_b=0.0156  AUC=0.4996  Top1=0.0019
  timing: data=5.8ms  fwd=83.8ms  bwd=77.2ms  total=167.6ms
[ 141600] loss=0.0032  ema_loss=0.0141  gap=-0.0000  ema_gap=-0.0008  mixup=66/200  4.8 sps  ETA 3.4h
              R²_rand=-0.5570  R²_naive=-0.5141  U_t=0.0156  U_b=0.0156  AUC=0.5022  Top1=0.0027
  timing: data=6.8ms  fwd=82.5ms  bwd=76.4ms  total=166.6ms
[ 141800] loss=0.0427  ema_loss=0.0307  gap=-0.0032  ema_gap=-0.0018  mixup=56/200  4.8 sps  ETA 3.4h
              R²_rand=0.1260  R²_naive=0.1459  U_t=0.0158  U_b=0.0158  AUC=0.4949  Top1=0.0041
  timing: data=45.4ms  fwd=81.5ms  bwd=77.7ms  total=205.4ms
[ 142000] loss=0.0015  ema_loss=0.0113  gap=-0.0000  ema_gap=-0.0006  mixup=58/200  4.8 sps  ETA 3.3h
              R²_rand=0.0428  R²_naive=0.0826  U_t=0.0156  U_b=0.0156  AUC=0.4993  Top1=0.0030
  timing: data=7.0ms  fwd=80.0ms  bwd=77.1ms  total=164.8ms
[ 142200] loss=0.0040  ema_loss=0.0154  gap=-0.0001  ema_gap=-0.0010  mixup=66/200  4.8 sps  ETA 3.3h
              R²_rand=0.1195  R²_naive=0.1451  U_t=0.0156  U_b=0.0156  AUC=0.5048  Top1=0.0038
  timing: data=5.7ms  fwd=81.8ms  bwd=78.4ms  total=166.7ms
[ 142400] loss=0.0018  ema_loss=0.0072  gap=-0.0000  ema_gap=-0.0003  mixup=56/200  4.8 sps  ETA 3.3h
              R²_rand=-0.7456  R²_naive=-0.7105  U_t=0.0156  U_b=0.0156  AUC=0.5019  Top1=0.0030
  timing: data=6.8ms  fwd=81.6ms  bwd=77.7ms  total=166.9ms
[ 142600] loss=0.0026  ema_loss=0.0074  gap=-0.0000  ema_gap=-0.0002  mixup=61/200  4.8 sps  ETA 3.3h
              R²_rand=-0.6895  R²_naive=-0.6367  U_t=0.0156  U_b=0.0156  AUC=0.5003  Top1=0.0033
  timing: data=44.5ms  fwd=80.8ms  bwd=75.9ms  total=201.9ms
[ 142800] loss=0.0012  ema_loss=0.0029  gap=-0.0000  ema_gap=-0.0001  mixup=46/200  4.8 sps  ETA 3.3h
              R²_rand=-4.9626  R²_naive=-4.9166  U_t=0.0156  U_b=0.0156  AUC=0.4933  Top1=0.0033
  timing: data=5.9ms  fwd=83.6ms  bwd=78.8ms  total=169.2ms
[ 143000] loss=0.0263  ema_loss=0.0057  gap=-0.0011  ema_gap=-0.0001  mixup=68/200  4.8 sps  ETA 3.3h
              R²_rand=0.1807  R²_naive=0.1789  U_t=0.0157  U_b=0.0157  AUC=0.5003  Top1=0.0038
  timing: data=6.7ms  fwd=80.1ms  bwd=78.1ms  total=165.7ms
[ 143200] loss=0.0012  ema_loss=0.0030  gap=-0.0000  ema_gap=-0.0001  mixup=69/200  4.8 sps  ETA 3.3h
              R²_rand=-0.4916  R²_naive=-0.4576  U_t=0.0156  U_b=0.0156  AUC=0.4994  Top1=0.0035
  timing: data=45.1ms  fwd=82.5ms  bwd=77.8ms  total=206.2ms
[ 143400] loss=0.2052  ema_loss=0.0191  gap=-0.0066  ema_gap=-0.0006  mixup=65/200  4.8 sps  ETA 3.3h
              R²_rand=-0.2492  R²_naive=-0.2212  U_t=0.0161  U_b=0.0161  AUC=0.5001  Top1=0.0041
  timing: data=6.8ms  fwd=80.6ms  bwd=77.7ms  total=165.9ms
[ 143600] loss=0.0560  ema_loss=0.0566  gap=-0.0019  ema_gap=-0.0036  mixup=51/200  4.8 sps  ETA 3.2h
              R²_rand=-0.6912  R²_naive=-0.6414  U_t=0.0157  U_b=0.0157  AUC=0.5027  Top1=0.0033
  timing: data=5.3ms  fwd=82.4ms  bwd=77.3ms  total=165.8ms
[ 143800] loss=0.0025  ema_loss=0.0161  gap=-0.0000  ema_gap=-0.0008  mixup=53/200  4.8 sps  ETA 3.2h
              R²_rand=0.0746  R²_naive=0.0749  U_t=0.0156  U_b=0.0156  AUC=0.5033  Top1=0.0030
  timing: data=47.1ms  fwd=80.5ms  bwd=75.4ms  total=203.8ms
[ 144000] loss=0.0023  ema_loss=0.0044  gap=-0.0000  ema_gap=-0.0001  mixup=52/200  4.8 sps  ETA 3.2h
              R²_rand=-0.7789  R²_naive=-0.7388  U_t=0.0156  U_b=0.0156  AUC=0.4995  Top1=0.0033
  timing: data=5.4ms  fwd=82.1ms  bwd=75.8ms  total=164.0ms
[ 144200] loss=0.0077  ema_loss=0.0067  gap=-0.0002  ema_gap=-0.0002  mixup=55/200  4.8 sps  ETA 3.2h
              R²_rand=-0.0446  R²_naive=-0.0136  U_t=0.0156  U_b=0.0156  AUC=0.4964  Top1=0.0035
  timing: data=6.0ms  fwd=81.1ms  bwd=76.9ms  total=164.8ms
[ 144400] loss=0.0023  ema_loss=0.0026  gap=-0.0000  ema_gap=-0.0000  mixup=68/200  4.8 sps  ETA 3.2h
              R²_rand=-3.4817  R²_naive=-3.3309  U_t=0.0156  U_b=0.0156  AUC=0.4996  Top1=0.0046
  timing: data=44.3ms  fwd=81.9ms  bwd=77.2ms  total=204.2ms
[ 144600] loss=0.0020  ema_loss=0.0044  gap=-0.0000  ema_gap=-0.0001  mixup=61/200  4.8 sps  ETA 3.2h
              R²_rand=-0.3078  R²_naive=-0.2786  U_t=0.0156  U_b=0.0156  AUC=0.4991  Top1=0.0035
  timing: data=5.8ms  fwd=81.0ms  bwd=76.7ms  total=164.2ms
[ 144800] loss=0.0060  ema_loss=0.0088  gap=-0.0001  ema_gap=-0.0002  mixup=65/200  4.8 sps  ETA 3.2h
              R²_rand=-1.7170  R²_naive=-1.6511  U_t=0.0156  U_b=0.0156  AUC=0.4947  Top1=0.0022
  timing: data=5.3ms  fwd=82.9ms  bwd=77.6ms  total=166.7ms
[ 145000] loss=0.0011  ema_loss=0.0031  gap=-0.0000  ema_gap=-0.0001  mixup=53/200  4.8 sps  ETA 3.2h
              R²_rand=0.0785  R²_naive=0.1047  U_t=0.0156  U_b=0.0156  AUC=0.5001  Top1=0.0033
  timing: data=65.3ms  fwd=81.5ms  bwd=77.3ms  total=224.9ms
[ 145200] loss=0.0014  ema_loss=0.0018  gap=-0.0000  ema_gap=-0.0000  mixup=59/200  4.8 sps  ETA 3.2h
              R²_rand=-0.7075  R²_naive=-0.6780  U_t=0.0156  U_b=0.0156  AUC=0.4996  Top1=0.0016
  timing: data=6.9ms  fwd=81.5ms  bwd=77.4ms  total=166.6ms
[ 145400] loss=0.0011  ema_loss=0.0018  gap=-0.0000  ema_gap=-0.0000  mixup=64/200  4.8 sps  ETA 3.1h
              R²_rand=-2.9071  R²_naive=-2.8330  U_t=0.0156  U_b=0.0156  AUC=0.5021  Top1=0.0035
  timing: data=5.4ms  fwd=81.5ms  bwd=78.1ms  total=165.8ms
[ 145600] loss=0.0658  ema_loss=0.0259  gap=-0.0029  ema_gap=-0.0008  mixup=66/200  4.8 sps  ETA 3.1h
              R²_rand=-0.5265  R²_naive=-0.5256  U_t=0.0158  U_b=0.0158  AUC=0.5027  Top1=0.0030
  timing: data=40.5ms  fwd=81.8ms  bwd=76.9ms  total=200.0ms
[ 145800] loss=0.0145  ema_loss=0.0391  gap=-0.0005  ema_gap=-0.0027  mixup=67/200  4.8 sps  ETA 3.1h
              R²_rand=0.0945  R²_naive=0.1267  U_t=0.0157  U_b=0.0157  AUC=0.5037  Top1=0.0016
  timing: data=5.5ms  fwd=83.0ms  bwd=78.1ms  total=167.5ms
[ 146000] loss=0.0026  ema_loss=0.0178  gap=-0.0000  ema_gap=-0.0010  mixup=63/200  4.8 sps  ETA 3.1h
              R²_rand=-0.3734  R²_naive=-0.3718  U_t=0.0156  U_b=0.0156  AUC=0.4944  Top1=0.0038
  timing: data=5.6ms  fwd=82.5ms  bwd=76.9ms  total=165.8ms
[ 146200] loss=0.0029  ema_loss=0.0061  gap=-0.0000  ema_gap=-0.0002  mixup=65/200  4.8 sps  ETA 3.1h
              R²_rand=-0.2303  R²_naive=-0.2066  U_t=0.0156  U_b=0.0156  AUC=0.4995  Top1=0.0038
  timing: data=45.7ms  fwd=81.1ms  bwd=77.8ms  total=205.4ms
[ 146400] loss=0.1012  ema_loss=0.0760  gap=-0.0100  ema_gap=-0.0052  mixup=61/200  4.8 sps  ETA 3.1h
              R²_rand=0.1620  R²_naive=0.1665  U_t=0.0161  U_b=0.0161  AUC=0.5012  Top1=0.0035
  timing: data=5.9ms  fwd=83.3ms  bwd=77.8ms  total=167.8ms
[ 146600] loss=0.0060  ema_loss=0.0277  gap=-0.0002  ema_gap=-0.0020  mixup=61/200  4.8 sps  ETA 3.1h
              R²_rand=-0.0006  R²_naive=0.0139  U_t=0.0156  U_b=0.0156  AUC=0.5023  Top1=0.0060
  timing: data=5.6ms  fwd=81.7ms  bwd=77.4ms  total=165.5ms
[ 146800] loss=0.0054  ema_loss=0.0093  gap=-0.0002  ema_gap=-0.0005  mixup=49/200  4.8 sps  ETA 3.1h
              R²_rand=0.0108  R²_naive=0.0152  U_t=0.0156  U_b=0.0156  AUC=0.4977  Top1=0.0041
  timing: data=48.1ms  fwd=82.6ms  bwd=77.8ms  total=209.3ms
[ 147000] loss=0.0096  ema_loss=0.0171  gap=-0.0004  ema_gap=-0.0007  mixup=64/200  4.8 sps  ETA 3.1h
              R²_rand=0.1344  R²_naive=0.1667  U_t=0.0157  U_b=0.0157  AUC=0.4975  Top1=0.0043
  timing: data=5.3ms  fwd=81.7ms  bwd=75.7ms  total=163.4ms
[ 147200] loss=0.0022  ema_loss=0.0051  gap=-0.0000  ema_gap=-0.0001  mixup=59/200  4.8 sps  ETA 3.0h
              R²_rand=-0.3042  R²_naive=-0.2899  U_t=0.0156  U_b=0.0156  AUC=0.5005  Top1=0.0030
  timing: data=7.1ms  fwd=82.3ms  bwd=78.4ms  total=168.7ms
[ 147400] loss=0.0019  ema_loss=0.0031  gap=-0.0000  ema_gap=-0.0000  mixup=73/200  4.8 sps  ETA 3.0h
              R²_rand=-1.5300  R²_naive=-1.4980  U_t=0.0156  U_b=0.0156  AUC=0.4994  Top1=0.0043
  timing: data=6.9ms  fwd=82.2ms  bwd=78.2ms  total=168.1ms
[ 147600] loss=0.0011  ema_loss=0.0048  gap=-0.0000  ema_gap=-0.0002  mixup=69/200  4.8 sps  ETA 3.0h
              R²_rand=-0.5711  R²_naive=-0.5544  U_t=0.0156  U_b=0.0156  AUC=0.5051  Top1=0.0033
  timing: data=44.7ms  fwd=80.7ms  bwd=78.4ms  total=204.7ms
[ 147800] loss=0.0129  ema_loss=0.0202  gap=-0.0003  ema_gap=-0.0008  mixup=56/200  4.8 sps  ETA 3.0h
              R²_rand=-0.3278  R²_naive=-0.2986  U_t=0.0156  U_b=0.0156  AUC=0.5033  Top1=0.0027
  timing: data=5.4ms  fwd=81.7ms  bwd=78.0ms  total=165.9ms
[ 148000] loss=0.0016  ema_loss=0.0055  gap=-0.0000  ema_gap=-0.0001  mixup=72/200  4.8 sps  ETA 3.0h
              R²_rand=-0.4606  R²_naive=-0.4484  U_t=0.0156  U_b=0.0156  AUC=0.5053  Top1=0.0033
  timing: data=5.7ms  fwd=82.4ms  bwd=79.3ms  total=168.3ms
[ 148200] loss=0.0220  ema_loss=0.0073  gap=-0.0005  ema_gap=-0.0002  mixup=73/200  4.8 sps  ETA 3.0h
              R²_rand=-1.0109  R²_naive=-1.0150  U_t=0.0157  U_b=0.0157  AUC=0.5008  Top1=0.0038
  timing: data=45.4ms  fwd=82.0ms  bwd=77.4ms  total=205.7ms
[ 148400] loss=0.0014  ema_loss=0.0045  gap=-0.0000  ema_gap=-0.0001  mixup=57/200  4.8 sps  ETA 3.0h
              R²_rand=0.0806  R²_naive=0.0899  U_t=0.0156  U_b=0.0156  AUC=0.4986  Top1=0.0035
  timing: data=5.5ms  fwd=83.2ms  bwd=77.3ms  total=166.8ms
[ 148600] loss=0.0018  ema_loss=0.0023  gap=-0.0000  ema_gap=-0.0000  mixup=62/200  4.8 sps  ETA 3.0h
              R²_rand=-0.2504  R²_naive=-0.2428  U_t=0.0156  U_b=0.0156  AUC=0.4990  Top1=0.0041
  timing: data=5.5ms  fwd=82.4ms  bwd=77.0ms  total=165.7ms
[ 148800] loss=0.0129  ema_loss=0.0100  gap=-0.0008  ema_gap=-0.0004  mixup=61/200  4.8 sps  ETA 2.9h
              R²_rand=-0.0762  R²_naive=0.0287  U_t=0.0157  U_b=0.0157  AUC=0.4973  Top1=0.0043
  timing: data=45.1ms  fwd=80.4ms  bwd=76.8ms  total=203.1ms
[ 149000] loss=0.0008  ema_loss=0.0030  gap=-0.0000  ema_gap=-0.0001  mixup=61/200  4.8 sps  ETA 2.9h
              R²_rand=-1.0650  R²_naive=-0.9410  U_t=0.0156  U_b=0.0156  AUC=0.5038  Top1=0.0030
  timing: data=5.6ms  fwd=82.0ms  bwd=78.3ms  total=166.6ms
[ 149200] loss=0.0016  ema_loss=0.0042  gap=-0.0000  ema_gap=-0.0001  mixup=65/200  4.8 sps  ETA 2.9h
              R²_rand=0.0128  R²_naive=0.0113  U_t=0.0156  U_b=0.0156  AUC=0.5004  Top1=0.0057
  timing: data=5.5ms  fwd=83.2ms  bwd=79.1ms  total=168.6ms
[ 149400] loss=0.0011  ema_loss=0.0015  gap=-0.0000  ema_gap=-0.0000  mixup=63/200  4.8 sps  ETA 2.9h
              R²_rand=-1.6958  R²_naive=-1.6699  U_t=0.0156  U_b=0.0156  AUC=0.5015  Top1=0.0014
  timing: data=40.3ms  fwd=82.3ms  bwd=77.5ms  total=200.9ms
[ 149600] loss=0.0085  ema_loss=0.0163  gap=-0.0002  ema_gap=-0.0008  mixup=58/200  4.8 sps  ETA 2.9h
              R²_rand=-0.5147  R²_naive=-0.4937  U_t=0.0156  U_b=0.0156  AUC=0.5014  Top1=0.0054
  timing: data=5.9ms  fwd=82.2ms  bwd=79.0ms  total=167.8ms
[ 149800] loss=0.0040  ema_loss=0.0055  gap=-0.0001  ema_gap=-0.0002  mixup=55/200  4.8 sps  ETA 2.9h
              R²_rand=-0.6051  R²_naive=-0.5458  U_t=0.0156  U_b=0.0156  AUC=0.4967  Top1=0.0035
  timing: data=5.6ms  fwd=81.2ms  bwd=77.8ms  total=165.4ms
[ 150000] loss=0.0013  ema_loss=0.0018  gap=-0.0000  ema_gap=-0.0000  mixup=56/200  4.8 sps  ETA 2.9h
              R²_rand=-0.0274  R²_naive=0.0295  U_t=0.0156  U_b=0.0156  AUC=0.4993  Top1=0.0027
  timing: data=46.8ms  fwd=81.5ms  bwd=77.1ms  total=206.2ms
  -> Saved /home/jupyter/checkpoints_backup/cf-409-a4zero/arm6_v2_combab_alignS/leg_200k/cf393_arm6_v2_combab_alignS_cf373k3_cf409_a4zero_150k.pth
[ 150200] loss=0.0044  ema_loss=0.0033  gap=-0.0000  ema_gap=-0.0000  mixup=67/200  4.8 sps  ETA 2.9h
              R²_rand=-0.9122  R²_naive=-0.9340  U_t=0.0156  U_b=0.0156  AUC=0.4978  Top1=0.0035
  timing: data=5.7ms  fwd=81.6ms  bwd=79.3ms  total=167.4ms
[ 150400] loss=0.0007  ema_loss=0.0014  gap=-0.0000  ema_gap=-0.0000  mixup=69/200  4.8 sps  ETA 2.9h
              R²_rand=-1.2130  R²_naive=-1.2006  U_t=0.0156  U_b=0.0156  AUC=0.5004  Top1=0.0043
  timing: data=5.6ms  fwd=83.4ms  bwd=77.5ms  total=167.3ms
[ 150600] loss=0.0015  ema_loss=0.0065  gap=-0.0000  ema_gap=-0.0002  mixup=52/200  4.8 sps  ETA 2.8h
              R²_rand=0.0572  R²_naive=0.0965  U_t=0.0156  U_b=0.0156  AUC=0.4983  Top1=0.0030
  timing: data=47.3ms  fwd=81.0ms  bwd=78.0ms  total=207.1ms
[ 150800] loss=0.0009  ema_loss=0.0020  gap=-0.0000  ema_gap=-0.0000  mixup=55/200  4.8 sps  ETA 2.8h
              R²_rand=-0.2380  R²_naive=-0.1796  U_t=0.0156  U_b=0.0156  AUC=0.4984  Top1=0.0043
  timing: data=6.5ms  fwd=80.0ms  bwd=76.6ms  total=163.9ms
[ 151000] loss=0.0171  ema_loss=0.0181  gap=-0.0013  ema_gap=-0.0012  mixup=63/200  4.8 sps  ETA 2.8h
              R²_rand=0.2398  R²_naive=0.2536  U_t=0.0157  U_b=0.0157  AUC=0.5033  Top1=0.0052
  timing: data=6.7ms  fwd=82.9ms  bwd=77.8ms  total=168.2ms
[ 151200] loss=0.0010  ema_loss=0.0047  gap=-0.0000  ema_gap=-0.0003  mixup=46/200  4.8 sps  ETA 2.8h
              R²_rand=-2.3657  R²_naive=-2.3491  U_t=0.0156  U_b=0.0156  AUC=0.5040  Top1=0.0046
  timing: data=41.3ms  fwd=79.6ms  bwd=78.6ms  total=200.3ms
[ 151400] loss=0.0070  ema_loss=0.0131  gap=-0.0002  ema_gap=-0.0003  mixup=60/200  4.8 sps  ETA 2.8h
              R²_rand=-0.4569  R²_naive=-0.4346  U_t=0.0156  U_b=0.0156  AUC=0.4953  Top1=0.0033
  timing: data=5.9ms  fwd=83.2ms  bwd=79.1ms  total=169.1ms
[ 151600] loss=0.0011  ema_loss=0.0033  gap=-0.0000  ema_gap=-0.0001  mixup=50/200  4.8 sps  ETA 2.8h
              R²_rand=-1.3477  R²_naive=-1.2453  U_t=0.0156  U_b=0.0156  AUC=0.5058  Top1=0.0027
  timing: data=5.4ms  fwd=79.4ms  bwd=75.3ms  total=160.9ms
[ 151800] loss=0.0194  ema_loss=0.0233  gap=-0.0017  ema_gap=-0.0014  mixup=60/200  4.8 sps  ETA 2.8h
              R²_rand=0.1117  R²_naive=0.1323  U_t=0.0157  U_b=0.0157  AUC=0.4971  Top1=0.0041
  timing: data=40.0ms  fwd=74.0ms  bwd=72.4ms  total=187.1ms
[ 152000] loss=0.0026  ema_loss=0.0057  gap=-0.0000  ema_gap=-0.0002  mixup=58/200  4.8 sps  ETA 2.8h
              R²_rand=-0.5172  R²_naive=-0.4667  U_t=0.0156  U_b=0.0156  AUC=0.5050  Top1=0.0041
  timing: data=4.5ms  fwd=68.3ms  bwd=67.6ms  total=141.2ms
[ 152200] loss=0.0082  ema_loss=0.0034  gap=-0.0001  ema_gap=-0.0001  mixup=47/200  4.8 sps  ETA 2.7h
              R²_rand=-1.2915  R²_naive=-1.1960  U_t=0.0156  U_b=0.0156  AUC=0.4974  Top1=0.0035
  timing: data=4.5ms  fwd=70.2ms  bwd=66.2ms  total=141.6ms
[ 152400] loss=0.0135  ema_loss=0.0149  gap=-0.0003  ema_gap=-0.0004  mixup=54/200  4.8 sps  ETA 2.7h
              R²_rand=-0.7957  R²_naive=-0.7222  U_t=0.0156  U_b=0.0156  AUC=0.4990  Top1=0.0027
  timing: data=4.5ms  fwd=68.3ms  bwd=65.8ms  total=139.4ms
[ 152600] loss=0.0098  ema_loss=0.0091  gap=-0.0002  ema_gap=-0.0003  mixup=47/200  4.8 sps  ETA 2.7h
              R²_rand=-0.7182  R²_naive=-0.6998  U_t=0.0156  U_b=0.0156  AUC=0.4957  Top1=0.0022
  timing: data=54.3ms  fwd=68.1ms  bwd=67.1ms  total=190.3ms
[ 152800] loss=0.0021  ema_loss=0.0029  gap=-0.0000  ema_gap=-0.0001  mixup=56/200  4.8 sps  ETA 2.7h
              R²_rand=-1.1571  R²_naive=-1.0990  U_t=0.0156  U_b=0.0156  AUC=0.4999  Top1=0.0033
  timing: data=4.9ms  fwd=68.0ms  bwd=66.3ms  total=140.1ms
[ 153000] loss=0.0040  ema_loss=0.0193  gap=-0.0001  ema_gap=-0.0012  mixup=65/200  4.8 sps  ETA 2.7h
              R²_rand=0.1140  R²_naive=0.1477  U_t=0.0156  U_b=0.0156  AUC=0.5000  Top1=0.0038
  timing: data=4.8ms  fwd=70.0ms  bwd=67.6ms  total=143.2ms
[ 153200] loss=0.0010  ema_loss=0.0038  gap=-0.0000  ema_gap=-0.0002  mixup=61/200  4.8 sps  ETA 2.7h
              R²_rand=-0.7320  R²_naive=-0.6736  U_t=0.0156  U_b=0.0156  AUC=0.5002  Top1=0.0030
  timing: data=47.1ms  fwd=69.6ms  bwd=69.1ms  total=186.6ms
[ 153400] loss=0.0008  ema_loss=0.0015  gap=-0.0000  ema_gap=-0.0000  mixup=58/200  4.8 sps  ETA 2.7h
              R²_rand=-0.8998  R²_naive=-0.8876  U_t=0.0156  U_b=0.0156  AUC=0.5029  Top1=0.0030
  timing: data=4.8ms  fwd=69.9ms  bwd=67.2ms  total=142.6ms
[ 153600] loss=0.0016  ema_loss=0.0068  gap=-0.0000  ema_gap=-0.0003  mixup=64/200  4.8 sps  ETA 2.7h
              R²_rand=-0.1116  R²_naive=-0.0786  U_t=0.0156  U_b=0.0156  AUC=0.5017  Top1=0.0030
  timing: data=4.6ms  fwd=68.2ms  bwd=67.0ms  total=140.6ms
[ 153800] loss=0.0018  ema_loss=0.0022  gap=-0.0000  ema_gap=-0.0000  mixup=62/200  4.8 sps  ETA 2.6h
              R²_rand=-1.4562  R²_naive=-1.3882  U_t=0.0156  U_b=0.0156  AUC=0.5007  Top1=0.0054
  timing: data=50.3ms  fwd=67.7ms  bwd=68.3ms  total=187.0ms
[ 154000] loss=0.0458  ema_loss=0.0355  gap=-0.0003  ema_gap=-0.0010  mixup=58/200  4.8 sps  ETA 2.6h
              R²_rand=-4.5941  R²_naive=-4.4840  U_t=0.0156  U_b=0.0156  AUC=0.5031  Top1=0.0035
  timing: data=4.5ms  fwd=69.2ms  bwd=67.8ms  total=142.2ms
[ 154200] loss=0.0024  ema_loss=0.0090  gap=-0.0000  ema_gap=-0.0003  mixup=55/200  4.8 sps  ETA 2.6h
              R²_rand=0.0925  R²_naive=0.1052  U_t=0.0156  U_b=0.0156  AUC=0.5071  Top1=0.0027
  timing: data=4.5ms  fwd=71.1ms  bwd=68.4ms  total=144.9ms
[ 154400] loss=0.0018  ema_loss=0.0036  gap=-0.0000  ema_gap=-0.0001  mixup=59/200  4.8 sps  ETA 2.6h
              R²_rand=-1.3205  R²_naive=-1.3174  U_t=0.0156  U_b=0.0156  AUC=0.4998  Top1=0.0033
  timing: data=38.1ms  fwd=67.6ms  bwd=67.3ms  total=173.8ms
[ 154600] loss=0.0020  ema_loss=0.0036  gap=-0.0000  ema_gap=-0.0001  mixup=64/200  4.8 sps  ETA 2.6h
              R²_rand=-1.0831  R²_naive=-1.0493  U_t=0.0156  U_b=0.0156  AUC=0.4981  Top1=0.0046
  timing: data=4.7ms  fwd=71.8ms  bwd=68.7ms  total=146.0ms
[ 154800] loss=0.0138  ema_loss=0.0110  gap=-0.0007  ema_gap=-0.0004  mixup=65/200  4.9 sps  ETA 2.6h
              R²_rand=-0.2608  R²_naive=-0.1366  U_t=0.0157  U_b=0.0157  AUC=0.5012  Top1=0.0052
  timing: data=4.7ms  fwd=68.3ms  bwd=67.4ms  total=141.2ms
[ 155000] loss=0.0011  ema_loss=0.0035  gap=-0.0000  ema_gap=-0.0001  mixup=64/200  4.9 sps  ETA 2.6h
              R²_rand=0.1868  R²_naive=0.1932  U_t=0.0156  U_b=0.0156  AUC=0.5031  Top1=0.0049
  timing: data=44.2ms  fwd=68.4ms  bwd=67.3ms  total=180.6ms
[ 155200] loss=0.0037  ema_loss=0.0128  gap=-0.0001  ema_gap=-0.0005  mixup=56/200  4.9 sps  ETA 2.6h
              R²_rand=0.0666  R²_naive=0.1179  U_t=0.0156  U_b=0.0156  AUC=0.4963  Top1=0.0049
  timing: data=4.9ms  fwd=67.5ms  bwd=66.0ms  total=139.1ms
[ 155400] loss=0.0036  ema_loss=0.0038  gap=-0.0001  ema_gap=-0.0001  mixup=74/200  4.9 sps  ETA 2.6h
              R²_rand=0.0828  R²_naive=0.0893  U_t=0.0156  U_b=0.0156  AUC=0.5002  Top1=0.0065
  timing: data=4.7ms  fwd=70.7ms  bwd=67.8ms  total=143.9ms
[ 155600] loss=0.0055  ema_loss=0.0050  gap=-0.0000  ema_gap=-0.0001  mixup=72/200  4.9 sps  ETA 2.5h
              R²_rand=-1.2967  R²_naive=-1.2855  U_t=0.0156  U_b=0.0156  AUC=0.5072  Top1=0.0024
  timing: data=48.8ms  fwd=67.8ms  bwd=66.3ms  total=183.6ms
[ 155800] loss=0.0071  ema_loss=0.0097  gap=-0.0001  ema_gap=-0.0002  mixup=72/200  4.9 sps  ETA 2.5h
              R²_rand=0.1414  R²_naive=0.1285  U_t=0.0156  U_b=0.0156  AUC=0.4980  Top1=0.0046
  timing: data=4.8ms  fwd=69.6ms  bwd=67.8ms  total=142.9ms
[ 156000] loss=0.0022  ema_loss=0.0030  gap=-0.0000  ema_gap=-0.0000  mixup=66/200  4.9 sps  ETA 2.5h
              R²_rand=0.0720  R²_naive=0.0719  U_t=0.0156  U_b=0.0156  AUC=0.4997  Top1=0.0062
  timing: data=4.5ms  fwd=67.7ms  bwd=65.9ms  total=138.9ms
[ 156200] loss=0.0006  ema_loss=0.0022  gap=-0.0000  ema_gap=-0.0000  mixup=60/200  4.9 sps  ETA 2.5h
              R²_rand=-1.8020  R²_naive=-1.6479  U_t=0.0156  U_b=0.0156  AUC=0.4983  Top1=0.0033
  timing: data=43.7ms  fwd=69.5ms  bwd=67.6ms  total=181.5ms
[ 156400] loss=0.0345  ema_loss=0.0136  gap=-0.0019  ema_gap=-0.0007  mixup=60/200  4.9 sps  ETA 2.5h
              R²_rand=-0.0957  R²_naive=-0.0175  U_t=0.0157  U_b=0.0157  AUC=0.5015  Top1=0.0057
  timing: data=4.6ms  fwd=68.5ms  bwd=67.5ms  total=141.4ms
[ 156600] loss=0.0010  ema_loss=0.0043  gap=-0.0000  ema_gap=-0.0002  mixup=59/200  4.9 sps  ETA 2.5h
              R²_rand=-0.1539  R²_naive=-0.1237  U_t=0.0156  U_b=0.0156  AUC=0.5028  Top1=0.0024
  timing: data=4.8ms  fwd=71.4ms  bwd=66.7ms  total=143.7ms
[ 156800] loss=0.0018  ema_loss=0.0022  gap=-0.0000  ema_gap=-0.0000  mixup=53/200  4.9 sps  ETA 2.5h
              R²_rand=-1.4382  R²_naive=-1.3773  U_t=0.0156  U_b=0.0156  AUC=0.5002  Top1=0.0022
  timing: data=53.3ms  fwd=67.1ms  bwd=65.2ms  total=186.3ms
[ 157000] loss=0.0021  ema_loss=0.0060  gap=-0.0000  ema_gap=-0.0002  mixup=74/200  4.9 sps  ETA 2.5h
              R²_rand=-1.4157  R²_naive=-1.2795  U_t=0.0156  U_b=0.0156  AUC=0.5045  Top1=0.0033
  timing: data=4.6ms  fwd=69.6ms  bwd=67.2ms  total=142.2ms
[ 157200] loss=0.0008  ema_loss=0.0019  gap=-0.0000  ema_gap=-0.0000  mixup=57/200  4.9 sps  ETA 2.4h
              R²_rand=-0.0737  R²_naive=-0.0450  U_t=0.0156  U_b=0.0156  AUC=0.4987  Top1=0.0035
  timing: data=4.4ms  fwd=67.8ms  bwd=65.8ms  total=138.6ms
[ 157400] loss=0.0030  ema_loss=0.0111  gap=-0.0000  ema_gap=-0.0005  mixup=66/200  4.9 sps  ETA 2.4h
              R²_rand=-0.4485  R²_naive=-0.4439  U_t=0.0156  U_b=0.0156  AUC=0.5005  Top1=0.0030
  timing: data=4.9ms  fwd=68.6ms  bwd=66.4ms  total=140.7ms
[ 157600] loss=0.0010  ema_loss=0.0028  gap=-0.0000  ema_gap=-0.0001  mixup=61/200  4.9 sps  ETA 2.4h
              R²_rand=-0.9934  R²_naive=-0.9541  U_t=0.0156  U_b=0.0156  AUC=0.5000  Top1=0.0054
  timing: data=40.6ms  fwd=68.8ms  bwd=66.2ms  total=176.2ms
[ 157800] loss=0.0006  ema_loss=0.0015  gap=-0.0000  ema_gap=-0.0000  mixup=50/200  4.9 sps  ETA 2.4h
              R²_rand=-0.1980  R²_naive=-0.1839  U_t=0.0156  U_b=0.0156  AUC=0.4958  Top1=0.0016
  timing: data=4.5ms  fwd=69.5ms  bwd=67.4ms  total=142.1ms
[ 158000] loss=0.0026  ema_loss=0.0214  gap=-0.0001  ema_gap=-0.0009  mixup=70/200  4.9 sps  ETA 2.4h
              R²_rand=-0.1784  R²_naive=-0.1825  U_t=0.0156  U_b=0.0156  AUC=0.5042  Top1=0.0057
  timing: data=4.5ms  fwd=68.6ms  bwd=66.8ms  total=140.8ms
[ 158200] loss=0.0080  ema_loss=0.0069  gap=-0.0004  ema_gap=-0.0003  mixup=71/200  4.9 sps  ETA 2.4h
              R²_rand=0.2372  R²_naive=0.2704  U_t=0.0157  U_b=0.0157  AUC=0.5053  Top1=0.0043
  timing: data=42.1ms  fwd=68.9ms  bwd=67.2ms  total=179.1ms
[ 158400] loss=0.0010  ema_loss=0.0020  gap=-0.0000  ema_gap=-0.0001  mixup=62/200  4.9 sps  ETA 2.4h
              R²_rand=-1.2762  R²_naive=-1.2175  U_t=0.0156  U_b=0.0156  AUC=0.4990  Top1=0.0041
  timing: data=4.8ms  fwd=70.1ms  bwd=67.5ms  total=143.2ms
[ 158600] loss=0.0532  ema_loss=0.0111  gap=-0.0023  ema_gap=-0.0004  mixup=47/200  4.9 sps  ETA 2.4h
              R²_rand=-0.1155  R²_naive=-0.0526  U_t=0.0158  U_b=0.0158  AUC=0.5023  Top1=0.0027
  timing: data=4.7ms  fwd=69.5ms  bwd=67.3ms  total=142.4ms
[ 158800] loss=0.0040  ema_loss=0.0079  gap=-0.0001  ema_gap=-0.0002  mixup=74/200  4.9 sps  ETA 2.3h
              R²_rand=-0.0088  R²_naive=0.0415  U_t=0.0156  U_b=0.0156  AUC=0.5001  Top1=0.0033
  timing: data=48.4ms  fwd=67.8ms  bwd=67.1ms  total=184.1ms
[ 159000] loss=0.0083  ema_loss=0.0025  gap=-0.0002  ema_gap=-0.0000  mixup=67/200  4.9 sps  ETA 2.3h
              R²_rand=-0.6782  R²_naive=-0.6024  U_t=0.0156  U_b=0.0156  AUC=0.4957  Top1=0.0043
  timing: data=4.8ms  fwd=69.0ms  bwd=66.9ms  total=141.5ms
[ 159200] loss=0.0029  ema_loss=0.0134  gap=-0.0000  ema_gap=-0.0005  mixup=60/200  4.9 sps  ETA 2.3h
              R²_rand=0.1452  R²_naive=0.1565  U_t=0.0156  U_b=0.0156  AUC=0.5042  Top1=0.0052
  timing: data=4.5ms  fwd=68.5ms  bwd=66.0ms  total=139.9ms
[ 159400] loss=0.0014  ema_loss=0.0028  gap=-0.0000  ema_gap=-0.0001  mixup=60/200  4.9 sps  ETA 2.3h
              R²_rand=-16.4987  R²_naive=-16.1852  U_t=0.0156  U_b=0.0156  AUC=0.5025  Top1=0.0041
  timing: data=36.7ms  fwd=67.9ms  bwd=67.7ms  total=173.1ms
[ 159600] loss=0.0076  ema_loss=0.0412  gap=-0.0002  ema_gap=-0.0026  mixup=63/200  4.9 sps  ETA 2.3h
              R²_rand=-0.0814  R²_naive=-0.0409  U_t=0.0156  U_b=0.0156  AUC=0.5022  Top1=0.0027
  timing: data=4.7ms  fwd=69.4ms  bwd=66.5ms  total=141.4ms
[ 159800] loss=0.0028  ema_loss=0.0081  gap=-0.0001  ema_gap=-0.0004  mixup=51/200  4.9 sps  ETA 2.3h
              R²_rand=-0.3247  R²_naive=-0.3125  U_t=0.0156  U_b=0.0156  AUC=0.5047  Top1=0.0038
  timing: data=4.8ms  fwd=68.5ms  bwd=66.9ms  total=140.9ms
[ 160000] loss=0.0018  ema_loss=0.0029  gap=-0.0000  ema_gap=-0.0001  mixup=69/200  4.9 sps  ETA 2.3h
              R²_rand=-1.8394  R²_naive=-1.8491  U_t=0.0156  U_b=0.0156  AUC=0.5024  Top1=0.0024
  timing: data=42.0ms  fwd=68.1ms  bwd=66.3ms  total=177.2ms
  -> Saved /home/jupyter/checkpoints_backup/cf-409-a4zero/arm6_v2_combab_alignS/leg_200k/cf393_arm6_v2_combab_alignS_cf373k3_cf409_a4zero_160k.pth
[ 160200] loss=0.0056  ema_loss=0.0019  gap=-0.0000  ema_gap=-0.0000  mixup=67/200  4.9 sps  ETA 2.3h
              R²_rand=-1.0549  R²_naive=-0.9888  U_t=0.0156  U_b=0.0156  AUC=0.5001  Top1=0.0038
  timing: data=4.6ms  fwd=68.3ms  bwd=65.3ms  total=139.1ms
[ 160400] loss=0.0040  ema_loss=0.0161  gap=-0.0001  ema_gap=-0.0007  mixup=51/200  4.9 sps  ETA 2.3h
              R²_rand=0.1221  R²_naive=0.1461  U_t=0.0156  U_b=0.0156  AUC=0.5023  Top1=0.0027
  timing: data=4.7ms  fwd=70.8ms  bwd=68.0ms  total=144.3ms
[ 160600] loss=0.0010  ema_loss=0.0036  gap=-0.0000  ema_gap=-0.0001  mixup=57/200  4.9 sps  ETA 2.2h
              R²_rand=-0.1867  R²_naive=-0.1278  U_t=0.0156  U_b=0.0156  AUC=0.5039  Top1=0.0046
  timing: data=46.0ms  fwd=69.2ms  bwd=66.2ms  total=182.1ms
[ 160800] loss=0.0013  ema_loss=0.0052  gap=-0.0000  ema_gap=-0.0002  mixup=57/200  4.9 sps  ETA 2.2h
              R²_rand=-0.6653  R²_naive=-0.6237  U_t=0.0156  U_b=0.0156  AUC=0.5028  Top1=0.0038
  timing: data=4.5ms  fwd=69.4ms  bwd=66.4ms  total=141.2ms
[ 161000] loss=0.0374  ema_loss=0.0100  gap=-0.0014  ema_gap=-0.0003  mixup=56/200  4.9 sps  ETA 2.2h
              R²_rand=-0.3555  R²_naive=-0.3286  U_t=0.0157  U_b=0.0157  AUC=0.4975  Top1=0.0035
  timing: data=4.8ms  fwd=68.7ms  bwd=66.6ms  total=140.9ms
[ 161200] loss=0.0012  ema_loss=0.0061  gap=-0.0000  ema_gap=-0.0002  mixup=57/200  4.9 sps  ETA 2.2h
              R²_rand=0.0282  R²_naive=0.0459  U_t=0.0156  U_b=0.0156  AUC=0.4941  Top1=0.0052
  timing: data=45.1ms  fwd=67.8ms  bwd=68.9ms  total=182.6ms
[ 161400] loss=0.0008  ema_loss=0.0017  gap=-0.0000  ema_gap=-0.0000  mixup=67/200  4.9 sps  ETA 2.2h
              R²_rand=-2.5124  R²_naive=-2.4818  U_t=0.0156  U_b=0.0156  AUC=0.4988  Top1=0.0046
  timing: data=4.8ms  fwd=68.6ms  bwd=66.8ms  total=140.9ms
[ 161600] loss=0.0043  ema_loss=0.0296  gap=-0.0001  ema_gap=-0.0022  mixup=55/200  4.9 sps  ETA 2.2h
              R²_rand=0.2158  R²_naive=0.2275  U_t=0.0156  U_b=0.0156  AUC=0.5038  Top1=0.0030
  timing: data=4.7ms  fwd=70.8ms  bwd=66.5ms  total=142.8ms
[ 161800] loss=0.0061  ema_loss=0.0059  gap=-0.0001  ema_gap=-0.0003  mixup=68/200  4.9 sps  ETA 2.2h
              R²_rand=-0.8288  R²_naive=-0.8310  U_t=0.0156  U_b=0.0156  AUC=0.5067  Top1=0.0024
  timing: data=42.8ms  fwd=68.2ms  bwd=66.7ms  total=178.5ms
[ 162000] loss=0.0012  ema_loss=0.0043  gap=-0.0000  ema_gap=-0.0001  mixup=61/200  4.9 sps  ETA 2.2h
              R²_rand=-1.2951  R²_naive=-1.2284  U_t=0.0156  U_b=0.0156  AUC=0.4922  Top1=0.0022
  timing: data=4.8ms  fwd=69.5ms  bwd=67.4ms  total=142.5ms
[ 162200] loss=0.0055  ema_loss=0.0180  gap=-0.0001  ema_gap=-0.0006  mixup=55/200  4.9 sps  ETA 2.1h
              R²_rand=-0.1839  R²_naive=-0.1631  U_t=0.0156  U_b=0.0156  AUC=0.4975  Top1=0.0038
  timing: data=5.0ms  fwd=69.2ms  bwd=66.5ms  total=141.6ms
[ 162400] loss=0.0014  ema_loss=0.0043  gap=-0.0000  ema_gap=-0.0001  mixup=63/200  4.9 sps  ETA 2.1h
              R²_rand=-1.0186  R²_naive=-0.9821  U_t=0.0156  U_b=0.0156  AUC=0.4998  Top1=0.0049
  timing: data=71.5ms  fwd=68.2ms  bwd=65.5ms  total=205.9ms
[ 162600] loss=0.0258  ema_loss=0.0129  gap=-0.0009  ema_gap=-0.0004  mixup=62/200  4.9 sps  ETA 2.1h
              R²_rand=-0.4624  R²_naive=-0.4015  U_t=0.0157  U_b=0.0157  AUC=0.4986  Top1=0.0054
  timing: data=4.8ms  fwd=69.3ms  bwd=67.9ms  total=142.8ms
[ 162800] loss=0.0012  ema_loss=0.0047  gap=-0.0000  ema_gap=-0.0001  mixup=50/200  4.9 sps  ETA 2.1h
              R²_rand=-1.0704  R²_naive=-1.0459  U_t=0.0156  U_b=0.0156  AUC=0.4973  Top1=0.0038
  timing: data=4.8ms  fwd=69.1ms  bwd=64.7ms  total=139.4ms
[ 163000] loss=0.0017  ema_loss=0.0024  gap=-0.0000  ema_gap=-0.0000  mixup=61/200  4.9 sps  ETA 2.1h
              R²_rand=-1.8087  R²_naive=-1.7305  U_t=0.0156  U_b=0.0156  AUC=0.5011  Top1=0.0046
  timing: data=4.7ms  fwd=68.9ms  bwd=66.0ms  total=140.3ms
[ 163200] loss=0.0532  ema_loss=0.0232  gap=-0.0044  ema_gap=-0.0011  mixup=61/200  4.9 sps  ETA 2.1h
              R²_rand=0.0879  R²_naive=0.0828  U_t=0.0158  U_b=0.0158  AUC=0.5044  Top1=0.0033
  timing: data=39.0ms  fwd=68.5ms  bwd=66.1ms  total=174.3ms
[ 163400] loss=0.0024  ema_loss=0.0142  gap=-0.0000  ema_gap=-0.0008  mixup=59/200  4.9 sps  ETA 2.1h
              R²_rand=-0.7700  R²_naive=-0.7467  U_t=0.0156  U_b=0.0156  AUC=0.5015  Top1=0.0038
  timing: data=4.7ms  fwd=68.2ms  bwd=66.1ms  total=139.7ms
[ 163600] loss=0.0010  ema_loss=0.0030  gap=-0.0000  ema_gap=-0.0001  mixup=57/200  4.9 sps  ETA 2.1h
              R²_rand=-0.1351  R²_naive=-0.1197  U_t=0.0156  U_b=0.0156  AUC=0.5003  Top1=0.0057
  timing: data=4.5ms  fwd=69.8ms  bwd=66.5ms  total=141.6ms
[ 163800] loss=0.0030  ema_loss=0.0034  gap=-0.0001  ema_gap=-0.0001  mixup=53/200  4.9 sps  ETA 2.0h
              R²_rand=0.1335  R²_naive=0.1479  U_t=0.0156  U_b=0.0156  AUC=0.4972  Top1=0.0024
  timing: data=33.3ms  fwd=70.3ms  bwd=68.1ms  total=172.6ms
[ 164000] loss=0.0008  ema_loss=0.0019  gap=-0.0000  ema_gap=-0.0000  mixup=60/200  4.9 sps  ETA 2.0h
              R²_rand=-1.6506  R²_naive=-1.6349  U_t=0.0156  U_b=0.0156  AUC=0.4989  Top1=0.0041
  timing: data=4.9ms  fwd=69.3ms  bwd=67.6ms  total=142.6ms
[ 164200] loss=0.0043  ema_loss=0.0015  gap=-0.0000  ema_gap=-0.0000  mixup=62/200  4.9 sps  ETA 2.0h
              R²_rand=-1.1496  R²_naive=-1.1699  U_t=0.0156  U_b=0.0156  AUC=0.5019  Top1=0.0046
  timing: data=5.0ms  fwd=70.2ms  bwd=68.8ms  total=144.8ms
[ 164400] loss=0.0008  ema_loss=0.0030  gap=-0.0000  ema_gap=-0.0001  mixup=67/200  4.9 sps  ETA 2.0h
              R²_rand=-0.1021  R²_naive=-0.1136  U_t=0.0156  U_b=0.0156  AUC=0.5018  Top1=0.0046
  timing: data=36.4ms  fwd=70.9ms  bwd=68.5ms  total=176.7ms
[ 164600] loss=0.0027  ema_loss=0.0041  gap=-0.0001  ema_gap=-0.0001  mixup=60/200  4.9 sps  ETA 2.0h
              R²_rand=0.0573  R²_naive=0.0660  U_t=0.0156  U_b=0.0156  AUC=0.5029  Top1=0.0041
  timing: data=4.8ms  fwd=69.8ms  bwd=66.9ms  total=142.4ms
[ 164800] loss=0.0007  ema_loss=0.0015  gap=-0.0000  ema_gap=-0.0000  mixup=59/200  4.9 sps  ETA 2.0h
              R²_rand=-0.3241  R²_naive=-0.3014  U_t=0.0156  U_b=0.0156  AUC=0.5039  Top1=0.0046
  timing: data=5.0ms  fwd=70.9ms  bwd=68.3ms  total=145.1ms
[ 165000] loss=0.0010  ema_loss=0.0083  gap=-0.0000  ema_gap=-0.0004  mixup=60/200  4.9 sps  ETA 2.0h
              R²_rand=-0.2324  R²_naive=-0.2400  U_t=0.0156  U_b=0.0156  AUC=0.5033  Top1=0.0030
  timing: data=36.3ms  fwd=70.4ms  bwd=68.4ms  total=176.0ms
[ 165200] loss=0.0018  ema_loss=0.0056  gap=-0.0000  ema_gap=-0.0002  mixup=61/200  4.9 sps  ETA 2.0h
              R²_rand=-0.1317  R²_naive=-0.1024  U_t=0.0156  U_b=0.0156  AUC=0.4989  Top1=0.0033
  timing: data=4.8ms  fwd=71.8ms  bwd=68.3ms  total=145.7ms
[ 165400] loss=0.0015  ema_loss=0.0021  gap=-0.0000  ema_gap=-0.0000  mixup=70/200  4.9 sps  ETA 2.0h
              R²_rand=-0.2157  R²_naive=-0.1587  U_t=0.0156  U_b=0.0156  AUC=0.4971  Top1=0.0041
  timing: data=4.6ms  fwd=70.1ms  bwd=67.5ms  total=143.2ms
[ 165600] loss=0.0048  ema_loss=0.0043  gap=-0.0002  ema_gap=-0.0002  mixup=58/200  4.9 sps  ETA 1.9h
              R²_rand=0.2450  R²_naive=0.2723  U_t=0.0156  U_b=0.0156  AUC=0.5022  Top1=0.0041
  timing: data=43.1ms  fwd=73.3ms  bwd=69.7ms  total=187.0ms
[ 165800] loss=0.0023  ema_loss=0.0015  gap=-0.0000  ema_gap=-0.0000  mixup=61/200  4.9 sps  ETA 1.9h
              R²_rand=-0.1865  R²_naive=-0.2069  U_t=0.0156  U_b=0.0156  AUC=0.4998  Top1=0.0030
  timing: data=4.9ms  fwd=70.3ms  bwd=68.9ms  total=144.9ms
[ 166000] loss=0.0124  ema_loss=0.0057  gap=-0.0005  ema_gap=-0.0001  mixup=64/200  4.9 sps  ETA 1.9h
              R²_rand=0.1462  R²_naive=0.1643  U_t=0.0157  U_b=0.0157  AUC=0.5019  Top1=0.0038
  timing: data=4.9ms  fwd=71.6ms  bwd=68.7ms  total=146.1ms
[ 166200] loss=0.0020  ema_loss=0.0047  gap=-0.0000  ema_gap=-0.0001  mixup=56/200  4.9 sps  ETA 1.9h
              R²_rand=-0.7103  R²_naive=-0.7073  U_t=0.0156  U_b=0.0156  AUC=0.4991  Top1=0.0054
  timing: data=40.7ms  fwd=68.5ms  bwd=68.5ms  total=178.7ms
[ 166400] loss=0.0014  ema_loss=0.0136  gap=-0.0000  ema_gap=-0.0002  mixup=52/200  4.9 sps  ETA 1.9h
              R²_rand=0.1633  R²_naive=0.1753  U_t=0.0156  U_b=0.0156  AUC=0.5009  Top1=0.0052
  timing: data=4.6ms  fwd=69.5ms  bwd=65.8ms  total=140.7ms
[ 166600] loss=0.0009  ema_loss=0.0027  gap=-0.0000  ema_gap=-0.0000  mixup=59/200  4.9 sps  ETA 1.9h
              R²_rand=0.0675  R²_naive=0.0933  U_t=0.0156  U_b=0.0156  AUC=0.4980  Top1=0.0041
  timing: data=4.7ms  fwd=70.1ms  bwd=65.9ms  total=141.5ms
[ 166800] loss=0.0008  ema_loss=0.0018  gap=-0.0000  ema_gap=-0.0000  mixup=58/200  4.9 sps  ETA 1.9h
              R²_rand=0.0725  R²_naive=0.1693  U_t=0.0156  U_b=0.0156  AUC=0.4991  Top1=0.0019
  timing: data=39.1ms  fwd=69.3ms  bwd=66.6ms  total=175.7ms
[ 167000] loss=0.0011  ema_loss=0.0022  gap=-0.0000  ema_gap=-0.0000  mixup=56/200  4.9 sps  ETA 1.9h
              R²_rand=-0.4209  R²_naive=-0.4202  U_t=0.0156  U_b=0.0156  AUC=0.4978  Top1=0.0030
  timing: data=5.1ms  fwd=68.7ms  bwd=68.3ms  total=142.9ms
[ 167200] loss=0.0005  ema_loss=0.0009  gap=-0.0000  ema_gap=-0.0000  mixup=53/200  4.9 sps  ETA 1.8h
              R²_rand=-0.2656  R²_naive=-0.2236  U_t=0.0156  U_b=0.0156  AUC=0.4968  Top1=0.0030
  timing: data=4.7ms  fwd=69.6ms  bwd=67.3ms  total=142.4ms
[ 167400] loss=0.0107  ema_loss=0.0133  gap=-0.0003  ema_gap=-0.0004  mixup=68/200  4.9 sps  ETA 1.8h
              R²_rand=-0.3886  R²_naive=-0.3753  U_t=0.0156  U_b=0.0156  AUC=0.5011  Top1=0.0038
  timing: data=80.9ms  fwd=67.5ms  bwd=67.6ms  total=216.8ms
[ 167600] loss=0.0010  ema_loss=0.0048  gap=-0.0000  ema_gap=-0.0001  mixup=58/200  4.9 sps  ETA 1.8h
              R²_rand=-1.0212  R²_naive=-0.9872  U_t=0.0156  U_b=0.0156  AUC=0.4975  Top1=0.0054
  timing: data=4.8ms  fwd=69.7ms  bwd=67.5ms  total=142.8ms
[ 167800] loss=0.0009  ema_loss=0.0016  gap=-0.0000  ema_gap=-0.0000  mixup=60/200  4.9 sps  ETA 1.8h
              R²_rand=0.2064  R²_naive=0.2340  U_t=0.0156  U_b=0.0156  AUC=0.4988  Top1=0.0035
  timing: data=4.8ms  fwd=69.8ms  bwd=67.7ms  total=143.1ms
[ 168000] loss=0.0019  ema_loss=0.0030  gap=-0.0000  ema_gap=-0.0001  mixup=66/200  4.9 sps  ETA 1.8h
              R²_rand=0.2171  R²_naive=0.2538  U_t=0.0156  U_b=0.0156  AUC=0.4986  Top1=0.0030
  timing: data=4.9ms  fwd=71.0ms  bwd=68.2ms  total=144.8ms
[ 168200] loss=0.0088  ema_loss=0.0017  gap=-0.0000  ema_gap=-0.0000  mixup=52/200  4.9 sps  ETA 1.8h
              R²_rand=-3.7962  R²_naive=-3.5926  U_t=0.0156  U_b=0.0156  AUC=0.5008  Top1=0.0038
  timing: data=38.8ms  fwd=68.6ms  bwd=67.9ms  total=176.1ms
[ 168400] loss=0.0021  ema_loss=0.0049  gap=-0.0000  ema_gap=-0.0002  mixup=53/200  4.9 sps  ETA 1.8h
              R²_rand=-0.5191  R²_naive=-0.4875  U_t=0.0156  U_b=0.0156  AUC=0.5036  Top1=0.0041
  timing: data=4.7ms  fwd=69.1ms  bwd=67.8ms  total=142.4ms
[ 168600] loss=0.0011  ema_loss=0.0017  gap=-0.0000  ema_gap=-0.0000  mixup=58/200  4.9 sps  ETA 1.8h
              R²_rand=-0.1578  R²_naive=-0.0941  U_t=0.0156  U_b=0.0156  AUC=0.4991  Top1=0.0027
  timing: data=4.8ms  fwd=71.3ms  bwd=66.5ms  total=143.5ms
[ 168800] loss=0.0110  ema_loss=0.0195  gap=-0.0001  ema_gap=-0.0011  mixup=60/200  4.9 sps  ETA 1.8h
              R²_rand=0.3735  R²_naive=0.3821  U_t=0.0157  U_b=0.0157  AUC=0.5047  Top1=0.0049
  timing: data=40.6ms  fwd=70.3ms  bwd=69.2ms  total=181.0ms
[ 169000] loss=0.0274  ema_loss=0.0348  gap=-0.0015  ema_gap=-0.0019  mixup=70/200  4.9 sps  ETA 1.7h
              R²_rand=0.2529  R²_naive=0.2563  U_t=0.0157  U_b=0.0157  AUC=0.5026  Top1=0.0030
  timing: data=5.1ms  fwd=69.9ms  bwd=66.9ms  total=142.6ms
[ 169200] loss=0.0020  ema_loss=0.0097  gap=-0.0000  ema_gap=-0.0003  mixup=51/200  4.9 sps  ETA 1.7h
              R²_rand=-0.1861  R²_naive=-0.0908  U_t=0.0156  U_b=0.0156  AUC=0.4972  Top1=0.0030
  timing: data=5.0ms  fwd=69.9ms  bwd=67.2ms  total=142.9ms
[ 169400] loss=0.0009  ema_loss=0.0030  gap=-0.0000  ema_gap=-0.0001  mixup=65/200  4.9 sps  ETA 1.7h
              R²_rand=-0.1622  R²_naive=-0.1028  U_t=0.0156  U_b=0.0156  AUC=0.4966  Top1=0.0033
  timing: data=36.9ms  fwd=68.6ms  bwd=67.1ms  total=173.4ms
[ 169600] loss=0.0024  ema_loss=0.0036  gap=-0.0000  ema_gap=-0.0000  mixup=61/200  4.9 sps  ETA 1.7h
              R²_rand=-0.4010  R²_naive=-0.3670  U_t=0.0156  U_b=0.0156  AUC=0.4999  Top1=0.0046
  timing: data=4.6ms  fwd=67.7ms  bwd=65.3ms  total=138.3ms
[ 169800] loss=0.0400  ema_loss=0.0452  gap=-0.0027  ema_gap=-0.0024  mixup=56/200  4.9 sps  ETA 1.7h
              R²_rand=0.0784  R²_naive=0.1001  U_t=0.0158  U_b=0.0158  AUC=0.5046  Top1=0.0049
  timing: data=4.7ms  fwd=68.2ms  bwd=65.8ms  total=139.4ms
[ 170000] loss=0.0022  ema_loss=0.0104  gap=-0.0000  ema_gap=-0.0004  mixup=63/200  4.9 sps  ETA 1.7h
              R²_rand=-2.0160  R²_naive=-1.9816  U_t=0.0156  U_b=0.0156  AUC=0.5041  Top1=0.0046
  timing: data=41.5ms  fwd=68.0ms  bwd=65.7ms  total=175.9ms
  -> Saved /home/jupyter/checkpoints_backup/cf-409-a4zero/arm6_v2_combab_alignS/leg_200k/cf393_arm6_v2_combab_alignS_cf373k3_cf409_a4zero_170k.pth
[ 170200] loss=0.0015  ema_loss=0.0042  gap=-0.0000  ema_gap=-0.0001  mixup=61/200  4.9 sps  ETA 1.7h
              R²_rand=-0.6495  R²_naive=-0.6108  U_t=0.0156  U_b=0.0156  AUC=0.5010  Top1=0.0024
  timing: data=4.7ms  fwd=69.5ms  bwd=66.2ms  total=141.1ms
[ 170400] loss=0.0010  ema_loss=0.0027  gap=-0.0000  ema_gap=-0.0000  mixup=66/200  4.9 sps  ETA 1.7h
              R²_rand=-0.9912  R²_naive=-0.9658  U_t=0.0156  U_b=0.0156  AUC=0.4995  Top1=0.0038
  timing: data=4.8ms  fwd=70.3ms  bwd=67.7ms  total=143.7ms
[ 170600] loss=0.0013  ema_loss=0.0018  gap=-0.0000  ema_gap=-0.0000  mixup=50/200  4.9 sps  ETA 1.7h
              R²_rand=-0.8879  R²_naive=-0.8398  U_t=0.0156  U_b=0.0156  AUC=0.5000  Top1=0.0057
  timing: data=40.2ms  fwd=68.5ms  bwd=66.3ms  total=175.8ms
[ 170800] loss=0.0227  ema_loss=0.0208  gap=-0.0005  ema_gap=-0.0011  mixup=53/200  4.9 sps  ETA 1.6h
              R²_rand=-1.6149  R²_naive=-1.4619  U_t=0.0157  U_b=0.0157  AUC=0.5012  Top1=0.0033
  timing: data=4.9ms  fwd=69.4ms  bwd=67.1ms  total=142.2ms
[ 171000] loss=0.0040  ema_loss=0.0154  gap=-0.0000  ema_gap=-0.0007  mixup=64/200  4.9 sps  ETA 1.6h
              R²_rand=0.1408  R²_naive=0.1372  U_t=0.0156  U_b=0.0156  AUC=0.5017  Top1=0.0027
  timing: data=4.6ms  fwd=70.4ms  bwd=65.7ms  total=141.5ms
[ 171200] loss=0.0059  ema_loss=0.0113  gap=-0.0001  ema_gap=-0.0004  mixup=68/200  4.9 sps  ETA 1.6h
              R²_rand=0.2301  R²_naive=0.2426  U_t=0.0156  U_b=0.0156  AUC=0.5079  Top1=0.0057
  timing: data=43.7ms  fwd=68.7ms  bwd=67.1ms  total=180.2ms
[ 171400] loss=0.0014  ema_loss=0.0036  gap=-0.0000  ema_gap=-0.0001  mixup=60/200  4.9 sps  ETA 1.6h
              R²_rand=-1.5811  R²_naive=-1.3952  U_t=0.0156  U_b=0.0156  AUC=0.5017  Top1=0.0038
  timing: data=4.9ms  fwd=71.2ms  bwd=69.1ms  total=146.1ms
[ 171600] loss=0.0012  ema_loss=0.0023  gap=-0.0000  ema_gap=-0.0000  mixup=58/200  4.9 sps  ETA 1.6h
              R²_rand=-1.5980  R²_naive=-1.5886  U_t=0.0156  U_b=0.0156  AUC=0.4994  Top1=0.0033
  timing: data=4.8ms  fwd=69.5ms  bwd=68.0ms  total=143.0ms
[ 171800] loss=0.0015  ema_loss=0.0019  gap=-0.0000  ema_gap=-0.0000  mixup=78/200  4.9 sps  ETA 1.6h
              R²_rand=-0.0905  R²_naive=-0.0516  U_t=0.0156  U_b=0.0156  AUC=0.4969  Top1=0.0033
  timing: data=40.2ms  fwd=70.4ms  bwd=67.6ms  total=179.0ms
[ 172000] loss=0.0011  ema_loss=0.0018  gap=-0.0000  ema_gap=-0.0000  mixup=50/200  4.9 sps  ETA 1.6h
              R²_rand=-0.5969  R²_naive=-0.5685  U_t=0.0156  U_b=0.0156  AUC=0.5025  Top1=0.0049
  timing: data=4.6ms  fwd=69.5ms  bwd=67.0ms  total=141.9ms
[ 172200] loss=0.0256  ema_loss=0.0193  gap=-0.0020  ema_gap=-0.0012  mixup=71/200  5.0 sps  ETA 1.6h
              R²_rand=0.2460  R²_naive=0.3109  U_t=0.0158  U_b=0.0158  AUC=0.4998  Top1=0.0041
  timing: data=4.7ms  fwd=70.0ms  bwd=66.4ms  total=141.9ms
[ 172400] loss=0.0355  ema_loss=0.0441  gap=-0.0016  ema_gap=-0.0027  mixup=60/200  5.0 sps  ETA 1.5h
              R²_rand=-0.1320  R²_naive=-0.0911  U_t=0.0157  U_b=0.0157  AUC=0.4987  Top1=0.0043
  timing: data=54.9ms  fwd=69.4ms  bwd=66.8ms  total=191.8ms
[ 172600] loss=0.1473  ema_loss=0.1572  gap=-0.0097  ema_gap=-0.0136  mixup=69/200  5.0 sps  ETA 1.5h
              R²_rand=0.1579  R²_naive=0.1668  U_t=0.0163  U_b=0.0163  AUC=0.5030  Top1=0.0038
  timing: data=4.9ms  fwd=70.0ms  bwd=66.8ms  total=142.5ms
[ 172800] loss=0.3261  ema_loss=0.2672  gap=-0.0321  ema_gap=-0.0224  mixup=60/200  5.0 sps  ETA 1.5h
              R²_rand=0.1904  R²_naive=0.1932  U_t=0.0172  U_b=0.0172  AUC=0.5031  Top1=0.0049
  timing: data=4.8ms  fwd=68.9ms  bwd=66.3ms  total=140.8ms
[ 173000] loss=0.3548  ema_loss=0.3971  gap=-0.0329  ema_gap=-0.0308  mixup=73/200  5.0 sps  ETA 1.5h
              R²_rand=0.1043  R²_naive=0.1557  U_t=0.0170  U_b=0.0170  AUC=0.4998  Top1=0.0038
  timing: data=4.7ms  fwd=71.2ms  bwd=67.4ms  total=144.0ms
[ 173200] loss=0.2845  ema_loss=0.4939  gap=-0.0248  ema_gap=-0.0328  mixup=59/200  5.0 sps  ETA 1.5h
              R²_rand=0.1852  R²_naive=0.1989  U_t=0.0167  U_b=0.0167  AUC=0.5007  Top1=0.0038
  timing: data=44.2ms  fwd=69.0ms  bwd=67.1ms  total=181.0ms
[ 173400] loss=0.3008  ema_loss=0.3714  gap=-0.0194  ema_gap=-0.0271  mixup=80/200  5.0 sps  ETA 1.5h
              R²_rand=0.1512  R²_naive=0.1555  U_t=0.0169  U_b=0.0169  AUC=0.5001  Top1=0.0033
  timing: data=4.9ms  fwd=70.8ms  bwd=67.0ms  total=143.4ms
[ 173600] loss=0.7278  ema_loss=0.4047  gap=-0.0156  ema_gap=-0.0295  mixup=55/200  5.0 sps  ETA 1.5h
              R²_rand=-1.0996  R²_naive=-1.0646  U_t=0.0166  U_b=0.0166  AUC=0.4990  Top1=0.0033
  timing: data=4.7ms  fwd=68.4ms  bwd=66.0ms  total=139.8ms
[ 173800] loss=0.2910  ema_loss=0.5906  gap=-0.0239  ema_gap=-0.0479  mixup=61/200  5.0 sps  ETA 1.5h
              R²_rand=0.1882  R²_naive=0.1885  U_t=0.0168  U_b=0.0168  AUC=0.5031  Top1=0.0024
  timing: data=39.6ms  fwd=67.9ms  bwd=67.1ms  total=175.4ms
[ 174000] loss=0.5048  ema_loss=0.5601  gap=-0.0474  ema_gap=-0.0487  mixup=51/200  5.0 sps  ETA 1.5h
              R²_rand=0.2190  R²_naive=0.2211  U_t=0.0184  U_b=0.0184  AUC=0.5033  Top1=0.0060
  timing: data=4.7ms  fwd=68.7ms  bwd=67.0ms  total=141.3ms
[ 174200] loss=0.6515  ema_loss=0.5581  gap=-0.0483  ema_gap=-0.0382  mixup=56/200  5.0 sps  ETA 1.4h
              R²_rand=0.0574  R²_naive=0.0691  U_t=0.0183  U_b=0.0183  AUC=0.4970  Top1=0.0043
  timing: data=4.8ms  fwd=70.3ms  bwd=67.5ms  total=143.3ms
[ 174400] loss=0.6899  ema_loss=0.5122  gap=-0.0571  ema_gap=-0.0364  mixup=55/200  5.0 sps  ETA 1.4h
              R²_rand=0.1430  R²_naive=0.1587  U_t=0.0185  U_b=0.0185  AUC=0.4987  Top1=0.0065
  timing: data=36.6ms  fwd=67.7ms  bwd=67.2ms  total=172.4ms
[ 174600] loss=0.5044  ema_loss=0.4577  gap=-0.0375  ema_gap=-0.0289  mixup=53/200  5.0 sps  ETA 1.4h
              R²_rand=0.0855  R²_naive=0.1128  U_t=0.0176  U_b=0.0176  AUC=0.4990  Top1=0.0060
  timing: data=5.0ms  fwd=71.0ms  bwd=66.5ms  total=143.4ms
[ 174800] loss=0.2908  ema_loss=0.3009  gap=-0.0211  ema_gap=-0.0221  mixup=56/200  5.0 sps  ETA 1.4h
              R²_rand=0.1889  R²_naive=0.1891  U_t=0.0170  U_b=0.0170  AUC=0.5028  Top1=0.0033
  timing: data=4.6ms  fwd=69.7ms  bwd=65.6ms  total=140.6ms
[ 175000] loss=0.6350  ema_loss=0.7120  gap=-0.0585  ema_gap=-0.0520  mixup=64/200  5.0 sps  ETA 1.4h
              R²_rand=0.1534  R²_naive=0.1479  U_t=0.0186  U_b=0.0186  AUC=0.5061  Top1=0.0030
  timing: data=35.7ms  fwd=68.8ms  bwd=67.3ms  total=172.6ms
[ 175200] loss=0.4547  ema_loss=0.5229  gap=-0.0381  ema_gap=-0.0363  mixup=50/200  5.0 sps  ETA 1.4h
              R²_rand=0.1188  R²_naive=0.1327  U_t=0.0174  U_b=0.0174  AUC=0.5031  Top1=0.0054
  timing: data=4.7ms  fwd=70.9ms  bwd=66.9ms  total=143.3ms
[ 175400] loss=0.9982  ema_loss=0.6206  gap=-0.0584  ema_gap=-0.0339  mixup=61/200  5.0 sps  ETA 1.4h
              R²_rand=-0.0833  R²_naive=-0.1096  U_t=0.0183  U_b=0.0184  AUC=0.5152  Top1=0.0043
  timing: data=4.9ms  fwd=69.9ms  bwd=66.6ms  total=142.2ms
[ 175600] loss=2.7872  ema_loss=0.5545  gap=-0.0885  ema_gap=-0.0364  mixup=63/200  5.0 sps  ETA 1.4h
              R²_rand=-0.7579  R²_naive=-0.8113  U_t=0.0191  U_b=0.0192  AUC=0.5195  Top1=0.0035
  timing: data=39.9ms  fwd=67.9ms  bwd=67.1ms  total=175.7ms
[ 175800] loss=0.3683  ema_loss=0.4036  gap=-0.0258  ema_gap=-0.0305  mixup=63/200  5.0 sps  ETA 1.4h
              R²_rand=0.0835  R²_naive=0.0993  U_t=0.0170  U_b=0.0170  AUC=0.5024  Top1=0.0049
  timing: data=4.9ms  fwd=69.4ms  bwd=66.7ms  total=141.8ms
[ 176000] loss=0.3708  ema_loss=0.4908  gap=-0.0347  ema_gap=-0.0354  mixup=60/200  5.0 sps  ETA 1.3h
              R²_rand=0.0572  R²_naive=0.0835  U_t=0.0170  U_b=0.0170  AUC=0.4966  Top1=0.0024
  timing: data=4.5ms  fwd=69.4ms  bwd=66.6ms  total=141.2ms
[ 176200] loss=0.2344  ema_loss=0.3667  gap=-0.0189  ema_gap=-0.0282  mixup=67/200  5.0 sps  ETA 1.3h
              R²_rand=0.1546  R²_naive=0.1835  U_t=0.0166  U_b=0.0166  AUC=0.5077  Top1=0.0057
  timing: data=41.6ms  fwd=68.0ms  bwd=67.8ms  total=178.1ms
[ 176400] loss=0.5028  ema_loss=0.5675  gap=-0.0322  ema_gap=-0.0365  mixup=53/200  5.0 sps  ETA 1.3h
              R²_rand=0.0713  R²_naive=0.0983  U_t=0.0172  U_b=0.0172  AUC=0.5002  Top1=0.0033
  timing: data=4.5ms  fwd=69.7ms  bwd=67.4ms  total=142.3ms
[ 176600] loss=0.4704  ema_loss=0.5622  gap=-0.0307  ema_gap=-0.0394  mixup=61/200  5.0 sps  ETA 1.3h
              R²_rand=0.0448  R²_naive=0.0774  U_t=0.0171  U_b=0.0171  AUC=0.4968  Top1=0.0030
  timing: data=4.5ms  fwd=69.2ms  bwd=65.8ms  total=140.2ms
[ 176800] loss=0.3524  ema_loss=0.5921  gap=-0.0320  ema_gap=-0.0395  mixup=68/200  5.0 sps  ETA 1.3h
              R²_rand=0.2115  R²_naive=0.2127  U_t=0.0173  U_b=0.0173  AUC=0.5025  Top1=0.0054
  timing: data=43.8ms  fwd=68.2ms  bwd=66.0ms  total=178.8ms
[ 177000] loss=0.6730  ema_loss=0.5069  gap=-0.0487  ema_gap=-0.0325  mixup=54/200  5.0 sps  ETA 1.3h
              R²_rand=0.0718  R²_naive=0.0702  U_t=0.0177  U_b=0.0177  AUC=0.5012  Top1=0.0030
  timing: data=4.9ms  fwd=69.5ms  bwd=67.0ms  total=142.2ms
[ 177200] loss=0.4390  ema_loss=0.4809  gap=-0.0233  ema_gap=-0.0301  mixup=62/200  5.0 sps  ETA 1.3h
              R²_rand=-0.1002  R²_naive=-0.0435  U_t=0.0167  U_b=0.0167  AUC=0.5030  Top1=0.0043
  timing: data=4.6ms  fwd=72.1ms  bwd=67.9ms  total=145.3ms
[ 177400] loss=0.2546  ema_loss=0.4789  gap=-0.0233  ema_gap=-0.0365  mixup=67/200  5.0 sps  ETA 1.3h
              R²_rand=0.1661  R²_naive=0.1718  U_t=0.0167  U_b=0.0167  AUC=0.5045  Top1=0.0043
  timing: data=70.2ms  fwd=69.3ms  bwd=68.6ms  total=208.9ms
[ 177600] loss=0.4721  ema_loss=0.5346  gap=-0.0440  ema_gap=-0.0368  mixup=54/200  5.0 sps  ETA 1.3h
              R²_rand=0.1657  R²_naive=0.1630  U_t=0.0176  U_b=0.0176  AUC=0.4995  Top1=0.0035
  timing: data=4.9ms  fwd=70.7ms  bwd=68.4ms  total=144.9ms
[ 177800] loss=0.5273  ema_loss=0.4610  gap=-0.0407  ema_gap=-0.0340  mixup=53/200  5.0 sps  ETA 1.2h
              R²_rand=0.1154  R²_naive=0.1198  U_t=0.0177  U_b=0.0177  AUC=0.4987  Top1=0.0027
  timing: data=4.8ms  fwd=71.4ms  bwd=67.7ms  total=144.8ms
[ 178000] loss=0.6563  ema_loss=0.5706  gap=-0.0217  ema_gap=-0.0376  mixup=64/200  5.0 sps  ETA 1.2h
              R²_rand=-0.4039  R²_naive=-0.3872  U_t=0.0168  U_b=0.0168  AUC=0.5016  Top1=0.0038
  timing: data=4.8ms  fwd=70.9ms  bwd=67.2ms  total=143.7ms
[ 178200] loss=0.3169  ema_loss=0.5418  gap=-0.0236  ema_gap=-0.0373  mixup=60/200  5.0 sps  ETA 1.2h
              R²_rand=0.0796  R²_naive=0.1041  U_t=0.0167  U_b=0.0166  AUC=0.5006  Top1=0.0022
  timing: data=37.4ms  fwd=69.7ms  bwd=68.0ms  total=176.0ms
[ 178400] loss=0.6091  ema_loss=0.4495  gap=-0.0408  ema_gap=-0.0276  mixup=63/200  5.0 sps  ETA 1.2h
              R²_rand=-0.0138  R²_naive=0.0022  U_t=0.0173  U_b=0.0173  AUC=0.4984  Top1=0.0019
  timing: data=4.7ms  fwd=71.4ms  bwd=67.6ms  total=144.6ms
[ 178600] loss=0.3674  ema_loss=0.4313  gap=-0.0279  ema_gap=-0.0245  mixup=55/200  5.0 sps  ETA 1.2h
              R²_rand=0.1309  R²_naive=0.1340  U_t=0.0169  U_b=0.0169  AUC=0.4984  Top1=0.0054
  timing: data=4.9ms  fwd=68.6ms  bwd=67.8ms  total=142.1ms
[ 178800] loss=0.6574  ema_loss=0.3041  gap=-0.0398  ema_gap=-0.0198  mixup=51/200  5.0 sps  ETA 1.2h
              R²_rand=-0.0342  R²_naive=-0.0339  U_t=0.0174  U_b=0.0174  AUC=0.5023  Top1=0.0043
  timing: data=37.2ms  fwd=69.6ms  bwd=67.1ms  total=174.7ms
[ 179000] loss=0.5167  ema_loss=0.3475  gap=-0.0475  ema_gap=-0.0220  mixup=75/200  5.0 sps  ETA 1.2h
              R²_rand=0.1265  R²_naive=0.1296  U_t=0.0177  U_b=0.0177  AUC=0.4967  Top1=0.0027
  timing: data=4.9ms  fwd=69.1ms  bwd=67.3ms  total=142.1ms
[ 179200] loss=0.5116  ema_loss=0.4248  gap=-0.0397  ema_gap=-0.0334  mixup=45/200  5.0 sps  ETA 1.2h
              R²_rand=0.0999  R²_naive=0.1034  U_t=0.0176  U_b=0.0176  AUC=0.4954  Top1=0.0030
  timing: data=4.5ms  fwd=69.2ms  bwd=66.3ms  total=140.8ms
[ 179400] loss=0.4164  ema_loss=0.3942  gap=-0.0434  ema_gap=-0.0318  mixup=61/200  5.0 sps  ETA 1.1h
              R²_rand=0.1807  R²_naive=0.1877  U_t=0.0177  U_b=0.0177  AUC=0.4975  Top1=0.0038
  timing: data=38.8ms  fwd=67.3ms  bwd=66.1ms  total=172.8ms
[ 179600] loss=0.3844  ema_loss=0.3980  gap=-0.0346  ema_gap=-0.0282  mixup=57/200  5.0 sps  ETA 1.1h
              R²_rand=0.0984  R²_naive=0.0826  U_t=0.0171  U_b=0.0171  AUC=0.5392  Top1=0.0060
  timing: data=4.7ms  fwd=69.9ms  bwd=65.9ms  total=141.2ms
[ 179800] loss=0.3867  ema_loss=0.3594  gap=-0.0295  ema_gap=-0.0268  mixup=57/200  5.0 sps  ETA 1.1h
              R²_rand=0.0676  R²_naive=0.0767  U_t=0.0170  U_b=0.0170  AUC=0.5068  Top1=0.0022
  timing: data=4.6ms  fwd=69.4ms  bwd=67.5ms  total=142.4ms
[ 180000] loss=0.1586  ema_loss=0.3683  gap=-0.0091  ema_gap=-0.0231  mixup=58/200  5.0 sps  ETA 1.1h
              R²_rand=0.1064  R²_naive=0.1039  U_t=0.0161  U_b=0.0161  AUC=0.4992  Top1=0.0030
  timing: data=37.5ms  fwd=69.7ms  bwd=68.3ms  total=176.3ms
  -> Saved /home/jupyter/checkpoints_backup/cf-409-a4zero/arm6_v2_combab_alignS/leg_200k/cf393_arm6_v2_combab_alignS_cf373k3_cf409_a4zero_180k.pth
[ 180200] loss=0.2867  ema_loss=0.4437  gap=-0.0163  ema_gap=-0.0193  mixup=56/200  5.0 sps  ETA 1.1h
              R²_rand=-0.0297  R²_naive=0.0262  U_t=0.0163  U_b=0.0163  AUC=0.4968  Top1=0.0022
  timing: data=4.6ms  fwd=68.1ms  bwd=66.0ms  total=139.5ms
[ 180400] loss=0.3117  ema_loss=0.3828  gap=-0.0248  ema_gap=-0.0230  mixup=57/200  5.0 sps  ETA 1.1h
              R²_rand=0.1200  R²_naive=0.1484  U_t=0.0167  U_b=0.0167  AUC=0.5002  Top1=0.0041
  timing: data=4.9ms  fwd=70.2ms  bwd=66.7ms  total=142.6ms
[ 180600] loss=0.2882  ema_loss=0.2763  gap=-0.0167  ema_gap=-0.0158  mixup=69/200  5.0 sps  ETA 1.1h
              R²_rand=-0.0148  R²_naive=-0.0287  U_t=0.0165  U_b=0.0165  AUC=0.5098  Top1=0.0041
  timing: data=38.6ms  fwd=70.2ms  bwd=67.6ms  total=177.2ms
[ 180800] loss=0.2571  ema_loss=0.3934  gap=-0.0200  ema_gap=-0.0223  mixup=53/200  5.0 sps  ETA 1.1h
              R²_rand=0.1420  R²_naive=0.1463  U_t=0.0165  U_b=0.0165  AUC=0.4956  Top1=0.0030
  timing: data=4.6ms  fwd=72.2ms  bwd=68.1ms  total=145.7ms
[ 181000] loss=0.2121  ema_loss=0.4032  gap=-0.0179  ema_gap=-0.0264  mixup=53/200  5.0 sps  ETA 1.1h
              R²_rand=0.1672  R²_naive=0.1807  U_t=0.0165  U_b=0.0165  AUC=0.4960  Top1=0.0046
  timing: data=4.4ms  fwd=70.2ms  bwd=67.7ms  total=143.2ms
[ 181200] loss=0.4850  ema_loss=0.3797  gap=-0.0325  ema_gap=-0.0211  mixup=68/200  5.0 sps  ETA 1.0h
              R²_rand=-0.0070  R²_naive=-0.0035  U_t=0.0171  U_b=0.0171  AUC=0.5011  Top1=0.0043
  timing: data=40.5ms  fwd=72.4ms  bwd=69.3ms  total=183.1ms
[ 181400] loss=0.2548  ema_loss=0.3647  gap=-0.0195  ema_gap=-0.0188  mixup=49/200  5.0 sps  ETA 1.0h
              R²_rand=0.1062  R²_naive=0.1069  U_t=0.0164  U_b=0.0164  AUC=0.4993  Top1=0.0041
  timing: data=5.0ms  fwd=71.2ms  bwd=69.2ms  total=146.3ms
[ 181600] loss=0.2474  ema_loss=0.2615  gap=-0.0211  ema_gap=-0.0193  mixup=59/200  5.0 sps  ETA 1.0h
              R²_rand=0.1831  R²_naive=0.1902  U_t=0.0167  U_b=0.0167  AUC=0.4987  Top1=0.0035
  timing: data=4.9ms  fwd=75.6ms  bwd=72.3ms  total=153.7ms
[ 181800] loss=0.4145  ema_loss=0.4928  gap=-0.0224  ema_gap=-0.0331  mixup=58/200  5.0 sps  ETA 1.0h
              R²_rand=-0.0031  R²_naive=-0.0037  U_t=0.0169  U_b=0.0169  AUC=0.5128  Top1=0.0041
  timing: data=41.4ms  fwd=75.4ms  bwd=73.5ms  total=191.1ms
[ 182000] loss=0.3587  ema_loss=0.4565  gap=-0.0304  ema_gap=-0.0295  mixup=50/200  5.0 sps  ETA 1.0h
              R²_rand=0.0563  R²_naive=0.0971  U_t=0.0169  U_b=0.0169  AUC=0.5053  Top1=0.0052
  timing: data=4.8ms  fwd=70.2ms  bwd=66.9ms  total=142.7ms
[ 182200] loss=0.1744  ema_loss=0.2559  gap=-0.0130  ema_gap=-0.0181  mixup=68/200  5.0 sps  ETA 1.0h
              R²_rand=0.1572  R²_naive=0.1910  U_t=0.0164  U_b=0.0164  AUC=0.5037  Top1=0.0054
  timing: data=4.7ms  fwd=67.9ms  bwd=66.4ms  total=139.9ms
[ 182400] loss=0.4725  ema_loss=0.4993  gap=-0.0157  ema_gap=-0.0246  mixup=73/200  5.0 sps  ETA 1.0h
              R²_rand=-0.4861  R²_naive=-0.4560  U_t=0.0163  U_b=0.0163  AUC=0.5004  Top1=0.0038
  timing: data=77.9ms  fwd=70.8ms  bwd=67.3ms  total=216.7ms
[ 182600] loss=0.4442  ema_loss=0.4213  gap=-0.0142  ema_gap=-0.0214  mixup=65/200  5.0 sps  ETA 1.0h
              R²_rand=-0.3574  R²_naive=-0.3435  U_t=0.0162  U_b=0.0162  AUC=0.5009  Top1=0.0046
  timing: data=5.8ms  fwd=74.2ms  bwd=71.1ms  total=152.1ms
[ 182800] loss=0.2463  ema_loss=0.2118  gap=-0.0075  ema_gap=-0.0129  mixup=61/200  5.0 sps  ETA 1.0h
              R²_rand=-0.4762  R²_naive=-0.4850  U_t=0.0160  U_b=0.0160  AUC=0.5029  Top1=0.0052
  timing: data=5.6ms  fwd=73.7ms  bwd=70.6ms  total=150.8ms
[ 183000] loss=0.2093  ema_loss=0.3516  gap=-0.0111  ema_gap=-0.0172  mixup=56/200  5.0 sps  ETA 0.9h
              R²_rand=-0.0332  R²_naive=-0.0248  U_t=0.0161  U_b=0.0161  AUC=0.4998  Top1=0.0027
  timing: data=4.8ms  fwd=70.7ms  bwd=67.8ms  total=144.1ms
[ 183200] loss=0.1135  ema_loss=0.2396  gap=-0.0068  ema_gap=-0.0112  mixup=67/200  5.0 sps  ETA 0.9h
              R²_rand=0.0714  R²_naive=0.0652  U_t=0.0159  U_b=0.0159  AUC=0.5019  Top1=0.0038
  timing: data=38.1ms  fwd=70.3ms  bwd=67.4ms  total=176.7ms
[ 183400] loss=0.3102  ema_loss=0.3702  gap=-0.0274  ema_gap=-0.0254  mixup=51/200  5.0 sps  ETA 0.9h
              R²_rand=0.2083  R²_naive=0.2094  U_t=0.0170  U_b=0.0170  AUC=0.4993  Top1=0.0030
  timing: data=4.7ms  fwd=70.1ms  bwd=68.0ms  total=143.7ms
[ 183600] loss=0.6364  ema_loss=0.4930  gap=-0.0450  ema_gap=-0.0300  mixup=70/200  5.0 sps  ETA 0.9h
              R²_rand=0.0200  R²_naive=0.0419  U_t=0.0177  U_b=0.0177  AUC=0.5014  Top1=0.0046
  timing: data=4.9ms  fwd=73.5ms  bwd=69.0ms  total=148.3ms
[ 183800] loss=0.1502  ema_loss=0.3157  gap=-0.0116  ema_gap=-0.0218  mixup=49/200  5.0 sps  ETA 0.9h
              R²_rand=0.1882  R²_naive=0.2078  U_t=0.0163  U_b=0.0163  AUC=0.5034  Top1=0.0057
  timing: data=34.7ms  fwd=70.8ms  bwd=67.8ms  total=174.1ms
[ 184000] loss=0.2617  ema_loss=0.3675  gap=-0.0275  ema_gap=-0.0263  mixup=50/200  5.0 sps  ETA 0.9h
              R²_rand=0.1971  R²_naive=0.2003  U_t=0.0169  U_b=0.0169  AUC=0.5012  Top1=0.0054
  timing: data=4.7ms  fwd=70.7ms  bwd=67.5ms  total=143.7ms
[ 184200] loss=0.3216  ema_loss=0.2677  gap=-0.0244  ema_gap=-0.0193  mixup=62/200  5.0 sps  ETA 0.9h
              R²_rand=0.1661  R²_naive=0.1853  U_t=0.0171  U_b=0.0171  AUC=0.4973  Top1=0.0038
  timing: data=4.7ms  fwd=69.8ms  bwd=67.5ms  total=142.8ms
[ 184400] loss=0.7510  ema_loss=0.4303  gap=-0.0321  ema_gap=-0.0265  mixup=60/200  5.0 sps  ETA 0.9h
              R²_rand=-0.2126  R²_naive=-0.2016  U_t=0.0171  U_b=0.0171  AUC=0.5032  Top1=0.0038
  timing: data=37.8ms  fwd=70.1ms  bwd=68.4ms  total=177.2ms
[ 184600] loss=0.2893  ema_loss=0.4055  gap=-0.0155  ema_gap=-0.0179  mixup=59/200  5.0 sps  ETA 0.9h
              R²_rand=-0.0059  R²_naive=-0.0371  U_t=0.0163  U_b=0.0163  AUC=0.5184  Top1=0.0035
  timing: data=5.1ms  fwd=72.8ms  bwd=70.6ms  total=149.4ms
[ 184800] loss=0.3447  ema_loss=0.2581  gap=-0.0330  ema_gap=-0.0189  mixup=59/200  5.0 sps  ETA 0.8h
              R²_rand=0.1777  R²_naive=0.2039  U_t=0.0173  U_b=0.0173  AUC=0.4994  Top1=0.0046
  timing: data=4.8ms  fwd=69.5ms  bwd=66.7ms  total=141.7ms
[ 185000] loss=0.1700  ema_loss=0.3312  gap=-0.0095  ema_gap=-0.0176  mixup=56/200  5.0 sps  ETA 0.8h
              R²_rand=0.0026  R²_naive=0.0087  U_t=0.0160  U_b=0.0160  AUC=0.5000  Top1=0.0035
  timing: data=44.8ms  fwd=69.8ms  bwd=67.8ms  total=183.2ms
[ 185200] loss=0.0701  ema_loss=0.1689  gap=-0.0033  ema_gap=-0.0089  mixup=56/200  5.0 sps  ETA 0.8h
              R²_rand=-0.0133  R²_naive=0.0196  U_t=0.0158  U_b=0.0158  AUC=0.5026  Top1=0.0041
  timing: data=4.8ms  fwd=69.6ms  bwd=67.6ms  total=142.9ms
[ 185400] loss=0.0366  ema_loss=0.0885  gap=-0.0024  ema_gap=-0.0050  mixup=56/200  5.0 sps  ETA 0.8h
              R²_rand=0.0634  R²_naive=0.0732  U_t=0.0157  U_b=0.0157  AUC=0.5035  Top1=0.0035
  timing: data=4.8ms  fwd=70.1ms  bwd=66.8ms  total=142.6ms
[ 185600] loss=0.0677  ema_loss=0.1244  gap=-0.0045  ema_gap=-0.0091  mixup=54/200  5.0 sps  ETA 0.8h
              R²_rand=0.1073  R²_naive=0.1123  U_t=0.0158  U_b=0.0158  AUC=0.4996  Top1=0.0049
  timing: data=39.9ms  fwd=69.5ms  bwd=69.4ms  total=179.7ms
[ 185800] loss=0.1296  ema_loss=0.1540  gap=-0.0072  ema_gap=-0.0123  mixup=53/200  5.0 sps  ETA 0.8h
              R²_rand=-0.0455  R²_naive=-0.0195  U_t=0.0160  U_b=0.0160  AUC=0.4981  Top1=0.0052
  timing: data=4.7ms  fwd=68.6ms  bwd=68.5ms  total=142.6ms
[ 186000] loss=0.0462  ema_loss=0.1080  gap=-0.0022  ema_gap=-0.0063  mixup=57/200  5.0 sps  ETA 0.8h
              R²_rand=-0.0288  R²_naive=-0.0272  U_t=0.0157  U_b=0.0157  AUC=0.4961  Top1=0.0033
  timing: data=4.9ms  fwd=69.5ms  bwd=66.4ms  total=141.5ms
[ 186200] loss=0.0481  ema_loss=0.0947  gap=-0.0025  ema_gap=-0.0063  mixup=57/200  5.0 sps  ETA 0.8h
              R²_rand=-0.0305  R²_naive=-0.0258  U_t=0.0157  U_b=0.0157  AUC=0.5058  Top1=0.0022
  timing: data=44.1ms  fwd=70.4ms  bwd=68.0ms  total=183.4ms
[ 186400] loss=0.0193  ema_loss=0.0367  gap=-0.0010  ema_gap=-0.0021  mixup=60/200  5.0 sps  ETA 0.8h
              R²_rand=-0.1327  R²_naive=-0.1187  U_t=0.0157  U_b=0.0157  AUC=0.5063  Top1=0.0041
  timing: data=4.7ms  fwd=71.7ms  bwd=68.7ms  total=146.0ms
[ 186600] loss=0.0424  ema_loss=0.0866  gap=-0.0020  ema_gap=-0.0031  mixup=49/200  5.0 sps  ETA 0.7h
              R²_rand=-0.0290  R²_naive=-0.0282  U_t=0.0157  U_b=0.0157  AUC=0.4994  Top1=0.0038
  timing: data=4.7ms  fwd=72.8ms  bwd=69.7ms  total=148.0ms
[ 186800] loss=0.0196  ema_loss=0.0379  gap=-0.0010  ema_gap=-0.0020  mixup=53/200  5.0 sps  ETA 0.7h
              R²_rand=-0.0983  R²_naive=-0.0997  U_t=0.0157  U_b=0.0157  AUC=0.5067  Top1=0.0038
  timing: data=39.8ms  fwd=70.7ms  bwd=66.5ms  total=177.8ms
[ 187000] loss=0.0169  ema_loss=0.0476  gap=-0.0007  ema_gap=-0.0018  mixup=57/200  5.0 sps  ETA 0.7h
              R²_rand=-0.0163  R²_naive=-0.0091  U_t=0.0157  U_b=0.0157  AUC=0.5036  Top1=0.0033
  timing: data=4.6ms  fwd=71.2ms  bwd=67.8ms  total=144.5ms
[ 187200] loss=0.0098  ema_loss=0.0162  gap=-0.0004  ema_gap=-0.0006  mixup=54/200  5.0 sps  ETA 0.7h
              R²_rand=-0.0625  R²_naive=-0.0424  U_t=0.0156  U_b=0.0156  AUC=0.5015  Top1=0.0049
  timing: data=4.9ms  fwd=69.1ms  bwd=67.2ms  total=142.1ms
[ 187400] loss=0.0289  ema_loss=0.0303  gap=-0.0008  ema_gap=-0.0009  mixup=59/200  5.0 sps  ETA 0.7h
              R²_rand=0.0251  R²_naive=0.0253  U_t=0.0157  U_b=0.0157  AUC=0.5018  Top1=0.0033
  timing: data=37.3ms  fwd=69.4ms  bwd=67.3ms  total=174.8ms
[ 187600] loss=0.0072  ema_loss=0.0112  gap=-0.0002  ema_gap=-0.0003  mixup=55/200  5.0 sps  ETA 0.7h
              R²_rand=-0.4432  R²_naive=-0.3920  U_t=0.0156  U_b=0.0156  AUC=0.5004  Top1=0.0065
  timing: data=4.8ms  fwd=69.3ms  bwd=68.2ms  total=143.2ms
[ 187800] loss=0.0046  ema_loss=0.0059  gap=-0.0001  ema_gap=-0.0001  mixup=63/200  5.0 sps  ETA 0.7h
              R²_rand=-2.2000  R²_naive=-2.1051  U_t=0.0156  U_b=0.0156  AUC=0.4981  Top1=0.0052
  timing: data=4.7ms  fwd=70.9ms  bwd=67.2ms  total=143.6ms
[ 188000] loss=0.0049  ema_loss=0.0081  gap=-0.0000  ema_gap=-0.0002  mixup=63/200  5.0 sps  ETA 0.7h
              R²_rand=-1.5591  R²_naive=-1.5910  U_t=0.0156  U_b=0.0156  AUC=0.5162  Top1=0.0046
  timing: data=4.6ms  fwd=69.1ms  bwd=66.3ms  total=140.8ms
[ 188200] loss=0.0073  ema_loss=0.0063  gap=-0.0001  ema_gap=-0.0001  mixup=58/200  5.0 sps  ETA 0.7h
              R²_rand=-1.5637  R²_naive=-1.5116  U_t=0.0156  U_b=0.0156  AUC=0.4994  Top1=0.0049
  timing: data=40.3ms  fwd=69.2ms  bwd=67.3ms  total=177.6ms
[ 188400] loss=0.0053  ema_loss=0.0050  gap=-0.0001  ema_gap=-0.0001  mixup=64/200  5.0 sps  ETA 0.6h
              R²_rand=-0.9164  R²_naive=-0.9207  U_t=0.0156  U_b=0.0156  AUC=0.5063  Top1=0.0038
  timing: data=4.8ms  fwd=69.2ms  bwd=66.5ms  total=141.3ms
[ 188600] loss=0.0027  ema_loss=0.0037  gap=-0.0000  ema_gap=-0.0000  mixup=60/200  5.0 sps  ETA 0.6h
              R²_rand=-1.6135  R²_naive=-1.5651  U_t=0.0156  U_b=0.0156  AUC=0.4984  Top1=0.0022
  timing: data=4.7ms  fwd=69.4ms  bwd=67.0ms  total=142.0ms
[ 188800] loss=0.0123  ema_loss=0.0112  gap=-0.0003  ema_gap=-0.0002  mixup=61/200  5.0 sps  ETA 0.6h
              R²_rand=-0.2573  R²_naive=-0.2499  U_t=0.0156  U_b=0.0156  AUC=0.5032  Top1=0.0033
  timing: data=37.4ms  fwd=69.8ms  bwd=67.9ms  total=175.9ms
[ 189000] loss=0.0018  ema_loss=0.0061  gap=-0.0000  ema_gap=-0.0001  mixup=60/200  5.0 sps  ETA 0.6h
              R²_rand=-2.5103  R²_naive=-2.4188  U_t=0.0156  U_b=0.0156  AUC=0.4999  Top1=0.0030
  timing: data=4.6ms  fwd=69.9ms  bwd=65.5ms  total=140.7ms
[ 189200] loss=0.0036  ema_loss=0.0033  gap=-0.0000  ema_gap=-0.0000  mixup=66/200  5.0 sps  ETA 0.6h
              R²_rand=-3.8971  R²_naive=-3.7780  U_t=0.0156  U_b=0.0156  AUC=0.4991  Top1=0.0041
  timing: data=4.5ms  fwd=67.3ms  bwd=64.6ms  total=137.1ms
[ 189400] loss=0.0120  ema_loss=0.0058  gap=-0.0001  ema_gap=-0.0001  mixup=68/200  5.0 sps  ETA 0.6h
              R²_rand=-3.2569  R²_naive=-3.1985  U_t=0.0156  U_b=0.0156  AUC=0.5012  Top1=0.0033
  timing: data=39.2ms  fwd=69.0ms  bwd=67.0ms  total=176.1ms
[ 189600] loss=0.0034  ema_loss=0.0091  gap=-0.0000  ema_gap=-0.0001  mixup=60/200  5.0 sps  ETA 0.6h
              R²_rand=-0.8836  R²_naive=-0.8704  U_t=0.0156  U_b=0.0156  AUC=0.5030  Top1=0.0049
  timing: data=4.5ms  fwd=68.3ms  bwd=66.7ms  total=140.2ms
[ 189800] loss=0.0030  ema_loss=0.0035  gap=-0.0000  ema_gap=-0.0000  mixup=70/200  5.0 sps  ETA 0.6h
              R²_rand=-0.7326  R²_naive=-0.7155  U_t=0.0156  U_b=0.0156  AUC=0.5011  Top1=0.0033
  timing: data=4.3ms  fwd=69.4ms  bwd=66.7ms  total=141.2ms
[ 190000] loss=0.0040  ema_loss=0.0073  gap=-0.0000  ema_gap=-0.0001  mixup=67/200  5.0 sps  ETA 0.6h
              R²_rand=-1.6626  R²_naive=-1.6417  U_t=0.0156  U_b=0.0156  AUC=0.5004  Top1=0.0049
  timing: data=41.7ms  fwd=67.2ms  bwd=65.8ms  total=175.5ms
  -> Saved /home/jupyter/checkpoints_backup/cf-409-a4zero/arm6_v2_combab_alignS/leg_200k/cf393_arm6_v2_combab_alignS_cf373k3_cf409_a4zero_190k.pth
[ 190200] loss=0.0028  ema_loss=0.0033  gap=-0.0000  ema_gap=-0.0000  mixup=67/200  5.0 sps  ETA 0.5h
              R²_rand=-0.8338  R²_naive=-0.8281  U_t=0.0156  U_b=0.0156  AUC=0.4986  Top1=0.0027
  timing: data=4.7ms  fwd=69.8ms  bwd=67.0ms  total=142.3ms
[ 190400] loss=0.0013  ema_loss=0.0023  gap=-0.0000  ema_gap=-0.0000  mixup=61/200  5.0 sps  ETA 0.5h
              R²_rand=-2.0270  R²_naive=-1.9964  U_t=0.0156  U_b=0.0156  AUC=0.4982  Top1=0.0043
  timing: data=4.6ms  fwd=67.4ms  bwd=66.8ms  total=139.7ms
[ 190600] loss=0.0200  ema_loss=0.0253  gap=-0.0005  ema_gap=-0.0007  mixup=63/200  5.0 sps  ETA 0.5h
              R²_rand=-0.0966  R²_naive=-0.0744  U_t=0.0156  U_b=0.0156  AUC=0.5046  Top1=0.0024
  timing: data=39.4ms  fwd=70.2ms  bwd=67.5ms  total=177.9ms
[ 190800] loss=0.0037  ema_loss=0.0125  gap=-0.0000  ema_gap=-0.0003  mixup=64/200  5.0 sps  ETA 0.5h
              R²_rand=-0.4267  R²_naive=-0.4261  U_t=0.0156  U_b=0.0156  AUC=0.5057  Top1=0.0043
  timing: data=4.5ms  fwd=67.6ms  bwd=65.7ms  total=138.5ms
[ 191000] loss=0.0020  ema_loss=0.0056  gap=-0.0000  ema_gap=-0.0001  mixup=53/200  5.0 sps  ETA 0.5h
              R²_rand=-0.7493  R²_naive=-0.6283  U_t=0.0156  U_b=0.0156  AUC=0.5010  Top1=0.0022
  timing: data=4.9ms  fwd=71.0ms  bwd=67.1ms  total=143.7ms
[ 191200] loss=0.0013  ema_loss=0.0024  gap=-0.0000  ema_gap=-0.0000  mixup=59/200  5.0 sps  ETA 0.5h
              R²_rand=-1.6112  R²_naive=-1.5970  U_t=0.0156  U_b=0.0156  AUC=0.4990  Top1=0.0041
  timing: data=40.1ms  fwd=68.6ms  bwd=67.4ms  total=176.8ms
[ 191400] loss=0.0051  ema_loss=0.0024  gap=-0.0000  ema_gap=-0.0000  mixup=68/200  5.0 sps  ETA 0.5h
              R²_rand=-1.6806  R²_naive=-1.6514  U_t=0.0156  U_b=0.0156  AUC=0.5010  Top1=0.0024
  timing: data=4.5ms  fwd=71.9ms  bwd=68.5ms  total=145.7ms
[ 191600] loss=0.0014  ema_loss=0.0019  gap=-0.0000  ema_gap=-0.0000  mixup=63/200  5.0 sps  ETA 0.5h
              R²_rand=-2.0872  R²_naive=-2.0279  U_t=0.0156  U_b=0.0156  AUC=0.4974  Top1=0.0033
  timing: data=4.7ms  fwd=69.1ms  bwd=67.8ms  total=142.5ms
[ 191800] loss=0.0051  ema_loss=0.0077  gap=-0.0000  ema_gap=-0.0001  mixup=61/200  5.0 sps  ETA 0.5h
              R²_rand=-1.2896  R²_naive=-1.2972  U_t=0.0156  U_b=0.0156  AUC=0.5037  Top1=0.0041
  timing: data=38.7ms  fwd=69.0ms  bwd=67.5ms  total=176.1ms
[ 192000] loss=0.0023  ema_loss=0.0036  gap=-0.0000  ema_gap=-0.0000  mixup=70/200  5.0 sps  ETA 0.4h
              R²_rand=-0.3762  R²_naive=-0.3857  U_t=0.0156  U_b=0.0156  AUC=0.5021  Top1=0.0035
  timing: data=4.5ms  fwd=68.2ms  bwd=65.0ms  total=138.6ms
[ 192200] loss=0.0061  ema_loss=0.0023  gap=-0.0000  ema_gap=-0.0000  mixup=49/200  5.0 sps  ETA 0.4h
              R²_rand=-1.7288  R²_naive=-1.7491  U_t=0.0156  U_b=0.0156  AUC=0.5022  Top1=0.0043
  timing: data=4.5ms  fwd=69.0ms  bwd=65.2ms  total=139.4ms
[ 192400] loss=0.0014  ema_loss=0.0023  gap=-0.0000  ema_gap=-0.0000  mixup=65/200  5.0 sps  ETA 0.4h
              R²_rand=-0.3712  R²_naive=-0.3396  U_t=0.0156  U_b=0.0156  AUC=0.5007  Top1=0.0041
  timing: data=44.2ms  fwd=67.7ms  bwd=66.8ms  total=179.5ms
[ 192600] loss=0.0009  ema_loss=0.0015  gap=-0.0000  ema_gap=-0.0000  mixup=68/200  5.0 sps  ETA 0.4h
              R²_rand=-0.4927  R²_naive=-0.4822  U_t=0.0156  U_b=0.0156  AUC=0.4994  Top1=0.0041
  timing: data=4.5ms  fwd=72.2ms  bwd=68.6ms  total=146.1ms
[ 192800] loss=0.0011  ema_loss=0.0012  gap=-0.0000  ema_gap=-0.0000  mixup=61/200  5.0 sps  ETA 0.4h
              R²_rand=-0.7503  R²_naive=-0.7221  U_t=0.0156  U_b=0.0156  AUC=0.5009  Top1=0.0035
  timing: data=4.4ms  fwd=67.6ms  bwd=64.9ms  total=137.7ms
[ 193000] loss=0.0007  ema_loss=0.0009  gap=-0.0000  ema_gap=-0.0000  mixup=69/200  5.0 sps  ETA 0.4h
              R²_rand=-0.1096  R²_naive=-0.1007  U_t=0.0156  U_b=0.0156  AUC=0.5003  Top1=0.0030
  timing: data=4.7ms  fwd=69.7ms  bwd=67.6ms  total=142.9ms
[ 193200] loss=0.0009  ema_loss=0.0013  gap=-0.0000  ema_gap=-0.0000  mixup=58/200  5.0 sps  ETA 0.4h
              R²_rand=-1.3724  R²_naive=-1.2980  U_t=0.0156  U_b=0.0156  AUC=0.4999  Top1=0.0035
  timing: data=43.0ms  fwd=71.8ms  bwd=69.7ms  total=185.3ms
[ 193400] loss=0.0595  ema_loss=0.0462  gap=-0.0048  ema_gap=-0.0017  mixup=59/200  5.0 sps  ETA 0.4h
              R²_rand=0.0928  R²_naive=0.1510  U_t=0.0158  U_b=0.0158  AUC=0.4939  Top1=0.0022
  timing: data=4.4ms  fwd=68.7ms  bwd=66.4ms  total=140.3ms
[ 193600] loss=0.1054  ema_loss=0.0744  gap=-0.0057  ema_gap=-0.0049  mixup=62/200  5.0 sps  ETA 0.4h
              R²_rand=-0.0832  R²_naive=-0.0713  U_t=0.0159  U_b=0.0159  AUC=0.5012  Top1=0.0033
  timing: data=4.6ms  fwd=71.4ms  bwd=68.5ms  total=145.4ms
[ 193800] loss=0.2062  ema_loss=0.1798  gap=-0.0203  ema_gap=-0.0131  mixup=60/200  5.0 sps  ETA 0.3h
              R²_rand=0.1136  R²_naive=0.1431  U_t=0.0166  U_b=0.0166  AUC=0.5062  Top1=0.0030
  timing: data=44.0ms  fwd=67.9ms  bwd=67.1ms  total=179.7ms
[ 194000] loss=0.2432  ema_loss=0.2604  gap=-0.0218  ema_gap=-0.0173  mixup=69/200  5.0 sps  ETA 0.3h
              R²_rand=0.1046  R²_naive=0.1073  U_t=0.0166  U_b=0.0167  AUC=0.5071  Top1=0.0038
  timing: data=4.4ms  fwd=68.9ms  bwd=65.7ms  total=139.7ms
[ 194200] loss=0.0574  ema_loss=0.1541  gap=-0.0034  ema_gap=-0.0105  mixup=57/200  5.0 sps  ETA 0.3h
              R²_rand=0.0554  R²_naive=0.0611  U_t=0.0158  U_b=0.0158  AUC=0.5041  Top1=0.0052
  timing: data=4.4ms  fwd=70.1ms  bwd=68.6ms  total=143.9ms
[ 194400] loss=0.0767  ema_loss=0.1092  gap=-0.0051  ema_gap=-0.0078  mixup=48/200  5.0 sps  ETA 0.3h
              R²_rand=0.1277  R²_naive=0.1298  U_t=0.0159  U_b=0.0159  AUC=0.4996  Top1=0.0033
  timing: data=42.7ms  fwd=70.2ms  bwd=68.4ms  total=182.1ms
[ 194600] loss=0.6266  ema_loss=0.2147  gap=-0.0197  ema_gap=-0.0144  mixup=58/200  5.0 sps  ETA 0.3h
              R²_rand=-0.7169  R²_naive=-0.5692  U_t=0.0166  U_b=0.0166  AUC=0.5050  Top1=0.0035
  timing: data=6.1ms  fwd=70.4ms  bwd=68.8ms  total=146.1ms
[ 194800] loss=0.0788  ema_loss=0.1433  gap=-0.0040  ema_gap=-0.0094  mixup=62/200  5.0 sps  ETA 0.3h
              R²_rand=0.3027  R²_naive=0.3454  U_t=0.0160  U_b=0.0160  AUC=0.5091  Top1=0.0027
  timing: data=4.4ms  fwd=70.0ms  bwd=66.9ms  total=142.0ms
[ 195000] loss=0.0354  ema_loss=0.0554  gap=-0.0015  ema_gap=-0.0028  mixup=62/200  5.0 sps  ETA 0.3h
              R²_rand=0.1607  R²_naive=0.1708  U_t=0.0158  U_b=0.0158  AUC=0.4994  Top1=0.0049
  timing: data=38.6ms  fwd=68.0ms  bwd=67.1ms  total=174.4ms
[ 195200] loss=0.1260  ema_loss=0.0988  gap=-0.0070  ema_gap=-0.0027  mixup=48/200  5.0 sps  ETA 0.3h
              R²_rand=-0.1129  R²_naive=-0.0916  U_t=0.0160  U_b=0.0160  AUC=0.5015  Top1=0.0041
  timing: data=4.5ms  fwd=69.2ms  bwd=65.9ms  total=140.2ms
[ 195400] loss=0.1046  ema_loss=0.0877  gap=-0.0076  ema_gap=-0.0054  mixup=64/200  5.1 sps  ETA 0.3h
              R²_rand=0.1261  R²_naive=0.1273  U_t=0.0160  U_b=0.0160  AUC=0.5031  Top1=0.0030
  timing: data=4.5ms  fwd=67.3ms  bwd=64.5ms  total=137.0ms
[ 195600] loss=0.3119  ema_loss=0.2331  gap=-0.0107  ema_gap=-0.0165  mixup=73/200  5.1 sps  ETA 0.2h
              R²_rand=-0.4133  R²_naive=-0.3810  U_t=0.0163  U_b=0.0163  AUC=0.4985  Top1=0.0030
  timing: data=35.7ms  fwd=67.4ms  bwd=65.8ms  total=169.5ms
[ 195800] loss=0.7099  ema_loss=0.4912  gap=-0.0229  ema_gap=-0.0216  mixup=63/200  5.1 sps  ETA 0.2h
              R²_rand=-0.3272  R²_naive=-0.3158  U_t=0.0165  U_b=0.0165  AUC=0.5045  Top1=0.0022
  timing: data=4.4ms  fwd=67.7ms  bwd=65.8ms  total=138.4ms
[ 196000] loss=0.2482  ema_loss=0.3286  gap=-0.0118  ema_gap=-0.0159  mixup=57/200  5.1 sps  ETA 0.2h
              R²_rand=-0.1578  R²_naive=-0.1557  U_t=0.0161  U_b=0.0161  AUC=0.5095  Top1=0.0033
  timing: data=4.4ms  fwd=69.2ms  bwd=66.0ms  total=140.3ms
[ 196200] loss=0.1843  ema_loss=0.1964  gap=-0.0068  ema_gap=-0.0096  mixup=65/200  5.1 sps  ETA 0.2h
              R²_rand=-0.4447  R²_naive=-0.4207  U_t=0.0159  U_b=0.0159  AUC=0.4988  Top1=0.0043
  timing: data=37.0ms  fwd=66.0ms  bwd=64.7ms  total=168.3ms
[ 196400] loss=0.2194  ema_loss=0.2569  gap=-0.0184  ema_gap=-0.0179  mixup=51/200  5.1 sps  ETA 0.2h
              R²_rand=0.0971  R²_naive=0.1022  U_t=0.0164  U_b=0.0164  AUC=0.4997  Top1=0.0049
  timing: data=4.4ms  fwd=67.3ms  bwd=64.0ms  total=136.3ms
[ 196600] loss=0.1964  ema_loss=0.2798  gap=-0.0149  ema_gap=-0.0185  mixup=64/200  5.1 sps  ETA 0.2h
              R²_rand=0.0765  R²_naive=0.0977  U_t=0.0162  U_b=0.0162  AUC=0.4965  Top1=0.0046
  timing: data=4.1ms  fwd=67.5ms  bwd=66.8ms  total=139.0ms
[ 196800] loss=0.2380  ema_loss=0.2498  gap=-0.0206  ema_gap=-0.0178  mixup=60/200  5.1 sps  ETA 0.2h
              R²_rand=0.1608  R²_naive=0.1576  U_t=0.0166  U_b=0.0166  AUC=0.5006  Top1=0.0030
  timing: data=43.2ms  fwd=67.2ms  bwd=65.7ms  total=176.9ms
[ 197000] loss=0.3818  ema_loss=0.1865  gap=-0.0246  ema_gap=-0.0127  mixup=68/200  5.1 sps  ETA 0.2h
              R²_rand=0.0389  R²_naive=0.0223  U_t=0.0169  U_b=0.0169  AUC=0.5164  Top1=0.0033
  timing: data=4.4ms  fwd=66.1ms  bwd=63.2ms  total=134.4ms
[ 197200] loss=0.2761  ema_loss=0.3390  gap=-0.0238  ema_gap=-0.0240  mixup=73/200  5.1 sps  ETA 0.2h
              R²_rand=0.1335  R²_naive=0.1380  U_t=0.0167  U_b=0.0167  AUC=0.4950  Top1=0.0024
  timing: data=4.3ms  fwd=68.2ms  bwd=64.6ms  total=137.8ms
[ 197400] loss=0.3657  ema_loss=0.3962  gap=-0.0364  ema_gap=-0.0288  mixup=65/200  5.1 sps  ETA 0.1h
              R²_rand=0.1604  R²_naive=0.1839  U_t=0.0173  U_b=0.0173  AUC=0.4976  Top1=0.0046
  timing: data=36.3ms  fwd=66.9ms  bwd=65.2ms  total=169.0ms
[ 197600] loss=0.4686  ema_loss=0.4276  gap=-0.0365  ema_gap=-0.0291  mixup=60/200  5.1 sps  ETA 0.1h
              R²_rand=-0.0025  R²_naive=0.0450  U_t=0.0171  U_b=0.0171  AUC=0.5047  Top1=0.0030
  timing: data=4.6ms  fwd=68.9ms  bwd=65.3ms  total=139.5ms
[ 197800] loss=1.0529  ema_loss=0.2873  gap=-0.0148  ema_gap=-0.0216  mixup=49/200  5.1 sps  ETA 0.1h
              R²_rand=-1.5137  R²_naive=-1.5184  U_t=0.0165  U_b=0.0165  AUC=0.5033  Top1=0.0043
  timing: data=4.7ms  fwd=68.5ms  bwd=66.5ms  total=140.4ms
[ 198000] loss=0.2523  ema_loss=0.3604  gap=-0.0209  ema_gap=-0.0267  mixup=51/200  5.1 sps  ETA 0.1h
              R²_rand=0.0865  R²_naive=0.1130  U_t=0.0165  U_b=0.0165  AUC=0.5054  Top1=0.0041
  timing: data=4.7ms  fwd=69.1ms  bwd=66.4ms  total=140.9ms
[ 198200] loss=0.7760  ema_loss=0.4134  gap=-0.0392  ema_gap=-0.0274  mixup=62/200  5.1 sps  ETA 0.1h
              R²_rand=-0.2227  R²_naive=-0.3162  U_t=0.0172  U_b=0.0173  AUC=0.5376  Top1=0.0084
  timing: data=35.8ms  fwd=65.8ms  bwd=64.3ms  total=166.5ms
[ 198400] loss=0.2117  ema_loss=0.2680  gap=-0.0184  ema_gap=-0.0216  mixup=66/200  5.1 sps  ETA 0.1h
              R²_rand=0.1640  R²_naive=0.1604  U_t=0.0165  U_b=0.0165  AUC=0.5089  Top1=0.0049
  timing: data=4.6ms  fwd=69.4ms  bwd=66.5ms  total=141.3ms
[ 198600] loss=0.2554  ema_loss=0.3079  gap=-0.0227  ema_gap=-0.0251  mixup=60/200  5.1 sps  ETA 0.1h
              R²_rand=0.1697  R²_naive=0.1778  U_t=0.0167  U_b=0.0167  AUC=0.4979  Top1=0.0027
  timing: data=4.5ms  fwd=68.1ms  bwd=65.4ms  total=138.7ms
[ 198800] loss=0.1108  ema_loss=0.2373  gap=-0.0072  ema_gap=-0.0155  mixup=49/200  5.1 sps  ETA 0.1h
              R²_rand=0.1311  R²_naive=0.1313  U_t=0.0159  U_b=0.0159  AUC=0.5123  Top1=0.0043
  timing: data=40.1ms  fwd=67.1ms  bwd=65.2ms  total=173.1ms
[ 199000] loss=0.3175  ema_loss=0.3362  gap=-0.0194  ema_gap=-0.0230  mixup=57/200  5.1 sps  ETA 0.1h
              R²_rand=0.0597  R²_naive=0.0593  U_t=0.0166  U_b=0.0166  AUC=0.5019  Top1=0.0041
  timing: data=4.9ms  fwd=69.1ms  bwd=66.3ms  total=141.1ms
[ 199200] loss=0.1013  ema_loss=0.1911  gap=-0.0067  ema_gap=-0.0126  mixup=73/200  5.1 sps  ETA 0.0h
              R²_rand=0.0775  R²_naive=0.0970  U_t=0.0159  U_b=0.0159  AUC=0.5089  Top1=0.0054
  timing: data=4.6ms  fwd=69.3ms  bwd=64.9ms  total=139.5ms
[ 199400] loss=0.1839  ema_loss=0.2677  gap=-0.0153  ema_gap=-0.0146  mixup=72/200  5.1 sps  ETA 0.0h
              R²_rand=0.0877  R²_naive=0.1044  U_t=0.0163  U_b=0.0163  AUC=0.5120  Top1=0.0049
  timing: data=45.8ms  fwd=66.6ms  bwd=66.6ms  total=179.8ms
[ 199600] loss=0.0809  ema_loss=0.1169  gap=-0.0050  ema_gap=-0.0076  mixup=61/200  5.1 sps  ETA 0.0h
              R²_rand=0.0432  R²_naive=0.0538  U_t=0.0159  U_b=0.0159  AUC=0.5077  Top1=0.0035
  timing: data=4.5ms  fwd=68.5ms  bwd=64.6ms  total=138.4ms
[ 199800] loss=0.1238  ema_loss=0.1704  gap=-0.0108  ema_gap=-0.0122  mixup=43/200  5.1 sps  ETA 0.0h
              R²_rand=0.1282  R²_naive=0.1467  U_t=0.0161  U_b=0.0161  AUC=0.4976  Top1=0.0038
  timing: data=4.8ms  fwd=66.9ms  bwd=64.2ms  total=136.5ms
[ 200000] loss=0.1595  ema_loss=0.1750  gap=-0.0142  ema_gap=-0.0107  mixup=66/200  5.1 sps  ETA 0.0h
              R²_rand=0.0394  R²_naive=0.0784  U_t=0.0162  U_b=0.0162  AUC=0.5019  Top1=0.0041
  timing: data=34.6ms  fwd=67.4ms  bwd=65.0ms  total=167.8ms
  -> Saved /home/jupyter/checkpoints_backup/cf-409-a4zero/arm6_v2_combab_alignS/leg_200k/cf393_arm6_v2_combab_alignS_cf373k3_cf409_a4zero_200k.pth
  -> Saved /home/jupyter/checkpoints_backup/cf-409-a4zero/arm6_v2_combab_alignS/leg_200k/cf393_arm6_v2_combab_alignS_cf373k3_cf409_a4zero_final.pth

Done in 8.8h. Best gap=0.2279 at step 39000, Best loss=0.0008 at step 117000
