Device: cuda | Params: 13,200,060
Training for 150000 steps, bs=256, lr=0.001, T=4096, C=1, mix_ratio=0.0, freq_emb_dim=3, seasonality_emb_dim=3, mixup_p=0.3, rev_norm_kind=ewma(span=128), patch_stats=none, encoder_type=gru
Checkpoints: /home/jupyter/contrastive-forecasting/checkpoints/enc_fcst_dk09_fp32_150k_*.pth
Loss CSV: /home/jupyter/contrastive-forecasting/checkpoints/enc_fcst_dk09_fp32_150k_losses.csv
Data: MIX 100% HF + 0% synth (periodic), hf_bs=256, synth_bs=0
[    100] loss=5.7595  ema_loss=9.4511  gap=0.3458  ema_gap=-0.1387  mixup=26/100  2.7 sps  ETA 15.5h
              R²_rand=0.8853  R²_naive=0.7707  U_t=0.0288  U_b=0.0311  AUC=1.0000  Top1=0.9976
  timing: data=62.7ms  fwd=98.7ms  bwd=10.8ms  total=172.7ms
  -> Saved /home/jupyter/contrastive-forecasting/checkpoints/enc_fcst_dk09_fp32_150k_best_gap.pth
  -> Saved /home/jupyter/contrastive-forecasting/checkpoints/enc_fcst_dk09_fp32_150k_best_loss.pth
[    200] loss=4.6373  ema_loss=6.6851  gap=0.5274  ema_gap=0.2536  mixup=20/100  2.9 sps  ETA 14.4h
              R²_rand=0.9056  R²_naive=0.8546  U_t=0.0425  U_b=0.0458  AUC=1.0000  Top1=1.0000
  timing: data=15.8ms  fwd=93.5ms  bwd=9.7ms  total=119.5ms
  -> Saved /home/jupyter/contrastive-forecasting/checkpoints/enc_fcst_dk09_fp32_150k_best_gap.pth
  -> Saved /home/jupyter/contrastive-forecasting/checkpoints/enc_fcst_dk09_fp32_150k_best_loss.pth
[    300] loss=4.0592  ema_loss=5.1245  gap=0.6091  ema_gap=0.4603  mixup=35/100  3.0 sps  ETA 14.0h
              R²_rand=0.9178  R²_naive=0.8841  U_t=0.0538  U_b=0.0580  AUC=1.0000  Top1=1.0000
  timing: data=4.0ms  fwd=95.9ms  bwd=9.6ms  total=110.0ms
  -> Saved /home/jupyter/contrastive-forecasting/checkpoints/enc_fcst_dk09_fp32_150k_best_gap.pth
  -> Saved /home/jupyter/contrastive-forecasting/checkpoints/enc_fcst_dk09_fp32_150k_best_loss.pth
[    400] loss=3.5938  ema_loss=4.2677  gap=0.6061  ema_gap=0.5587  mixup=36/100  3.0 sps  ETA 13.8h
              R²_rand=0.9263  R²_naive=0.8957  U_t=0.0642  U_b=0.0712  AUC=1.0000  Top1=1.0000
  timing: data=16.4ms  fwd=92.8ms  bwd=9.0ms  total=118.7ms
  -> Saved /home/jupyter/contrastive-forecasting/checkpoints/enc_fcst_dk09_fp32_150k_best_gap.pth
  -> Saved /home/jupyter/contrastive-forecasting/checkpoints/enc_fcst_dk09_fp32_150k_best_loss.pth
[    500] loss=3.3745  ema_loss=3.7660  gap=0.6737  ema_gap=0.6192  mixup=29/100  3.0 sps  ETA 13.8h
              R²_rand=0.9331  R²_naive=0.9124  U_t=0.0724  U_b=0.0779  AUC=1.0000  Top1=1.0000
  timing: data=16.0ms  fwd=92.4ms  bwd=10.0ms  total=118.9ms
  -> Saved /home/jupyter/contrastive-forecasting/checkpoints/enc_fcst_dk09_fp32_150k_best_gap.pth
  -> Saved /home/jupyter/contrastive-forecasting/checkpoints/enc_fcst_dk09_fp32_150k_best_loss.pth
[    600] loss=3.2848  ema_loss=3.4629  gap=0.6986  ema_gap=0.6639  mixup=23/100  3.0 sps  ETA 13.6h
              R²_rand=0.9376  R²_naive=0.9194  U_t=0.0788  U_b=0.0844  AUC=1.0000  Top1=1.0000
  timing: data=3.2ms  fwd=94.5ms  bwd=10.0ms  total=108.2ms
  -> Saved /home/jupyter/contrastive-forecasting/checkpoints/enc_fcst_dk09_fp32_150k_best_gap.pth
  -> Saved /home/jupyter/contrastive-forecasting/checkpoints/enc_fcst_dk09_fp32_150k_best_loss.pth
[    700] loss=3.0790  ema_loss=3.2567  gap=0.7379  ema_gap=0.7003  mixup=39/100  3.0 sps  ETA 13.6h
              R²_rand=0.9411  R²_naive=0.9274  U_t=0.0848  U_b=0.0909  AUC=1.0000  Top1=1.0000
  timing: data=16.2ms  fwd=93.5ms  bwd=9.9ms  total=120.2ms
  -> Saved /home/jupyter/contrastive-forecasting/checkpoints/enc_fcst_dk09_fp32_150k_best_gap.pth
  -> Saved /home/jupyter/contrastive-forecasting/checkpoints/enc_fcst_dk09_fp32_150k_best_loss.pth
[    800] loss=2.9938  ema_loss=3.1105  gap=0.7561  ema_gap=0.7334  mixup=27/100  3.1 sps  ETA 13.6h
              R²_rand=0.9463  R²_naive=0.9349  U_t=0.0895  U_b=0.0935  AUC=1.0000  Top1=1.0000
  timing: data=14.8ms  fwd=94.9ms  bwd=9.7ms  total=119.9ms
  -> Saved /home/jupyter/contrastive-forecasting/checkpoints/enc_fcst_dk09_fp32_150k_best_gap.pth
  -> Saved /home/jupyter/contrastive-forecasting/checkpoints/enc_fcst_dk09_fp32_150k_best_loss.pth
[    900] loss=2.8826  ema_loss=2.9932  gap=0.7971  ema_gap=0.7635  mixup=22/100  3.1 sps  ETA 13.5h
              R²_rand=0.9507  R²_naive=0.9425  U_t=0.0930  U_b=0.0970  AUC=1.0000  Top1=1.0000
  timing: data=3.0ms  fwd=95.6ms  bwd=9.8ms  total=108.9ms
  -> Saved /home/jupyter/contrastive-forecasting/checkpoints/enc_fcst_dk09_fp32_150k_best_gap.pth
  -> Saved /home/jupyter/contrastive-forecasting/checkpoints/enc_fcst_dk09_fp32_150k_best_loss.pth
[   1000] loss=2.8270  ema_loss=2.8906  gap=0.8208  ema_gap=0.7887  mixup=24/100  3.1 sps  ETA 13.5h
              R²_rand=0.9547  R²_naive=0.9479  U_t=0.0981  U_b=0.1000  AUC=1.0000  Top1=1.0000
  timing: data=15.4ms  fwd=93.6ms  bwd=9.8ms  total=119.4ms
  -> Saved /home/jupyter/contrastive-forecasting/checkpoints/enc_fcst_dk09_fp32_150k_best_gap.pth
  -> Saved /home/jupyter/contrastive-forecasting/checkpoints/enc_fcst_dk09_fp32_150k_best_loss.pth
[   1100] loss=2.7267  ema_loss=2.8115  gap=0.8480  ema_gap=0.8134  mixup=30/100  3.1 sps  ETA 13.5h
              R²_rand=0.9572  R²_naive=0.9526  U_t=0.0996  U_b=0.1038  AUC=1.0000  Top1=1.0000
  timing: data=18.2ms  fwd=92.8ms  bwd=9.6ms  total=121.1ms
  -> Saved /home/jupyter/contrastive-forecasting/checkpoints/enc_fcst_dk09_fp32_150k_best_gap.pth
  -> Saved /home/jupyter/contrastive-forecasting/checkpoints/enc_fcst_dk09_fp32_150k_best_loss.pth
[   1200] loss=2.6629  ema_loss=2.7427  gap=0.8367  ema_gap=0.8318  mixup=33/100  3.1 sps  ETA 13.4h
              R²_rand=0.9600  R²_naive=0.9545  U_t=0.1034  U_b=0.1072  AUC=1.0000  Top1=1.0000
  timing: data=3.9ms  fwd=93.1ms  bwd=9.3ms  total=106.9ms
  -> Saved /home/jupyter/contrastive-forecasting/checkpoints/enc_fcst_dk09_fp32_150k_best_gap.pth
  -> Saved /home/jupyter/contrastive-forecasting/checkpoints/enc_fcst_dk09_fp32_150k_best_loss.pth
[   1300] loss=2.6109  ema_loss=2.6799  gap=0.8788  ema_gap=0.8452  mixup=32/100  3.1 sps  ETA 13.4h
              R²_rand=0.9633  R²_naive=0.9604  U_t=0.1085  U_b=0.1079  AUC=1.0000  Top1=1.0000
  timing: data=16.3ms  fwd=92.6ms  bwd=10.3ms  total=119.7ms
  -> Saved /home/jupyter/contrastive-forecasting/checkpoints/enc_fcst_dk09_fp32_150k_best_gap.pth
  -> Saved /home/jupyter/contrastive-forecasting/checkpoints/enc_fcst_dk09_fp32_150k_best_loss.pth
[   1400] loss=2.5593  ema_loss=2.6230  gap=0.8751  ema_gap=0.8566  mixup=33/100  3.1 sps  ETA 13.4h
              R²_rand=0.9677  R²_naive=0.9647  U_t=0.1094  U_b=0.1098  AUC=1.0000  Top1=1.0000
  timing: data=4.2ms  fwd=94.0ms  bwd=9.2ms  total=107.8ms
  -> Saved /home/jupyter/contrastive-forecasting/checkpoints/enc_fcst_dk09_fp32_150k_best_gap.pth
  -> Saved /home/jupyter/contrastive-forecasting/checkpoints/enc_fcst_dk09_fp32_150k_best_loss.pth
[   1500] loss=2.5237  ema_loss=2.5768  gap=0.8708  ema_gap=0.8660  mixup=34/100  3.1 sps  ETA 13.4h
              R²_rand=0.9708  R²_naive=0.9680  U_t=0.1126  U_b=0.1105  AUC=1.0000  Top1=1.0000
  timing: data=16.6ms  fwd=93.0ms  bwd=9.8ms  total=120.0ms
  -> Saved /home/jupyter/contrastive-forecasting/checkpoints/enc_fcst_dk09_fp32_150k_best_gap.pth
  -> Saved /home/jupyter/contrastive-forecasting/checkpoints/enc_fcst_dk09_fp32_150k_best_loss.pth
[   1600] loss=2.4853  ema_loss=2.5283  gap=0.8943  ema_gap=0.8702  mixup=37/100  3.1 sps  ETA 13.4h
              R²_rand=0.9728  R²_naive=0.9708  U_t=0.1129  U_b=0.1133  AUC=1.0000  Top1=1.0000
  timing: data=15.3ms  fwd=92.9ms  bwd=9.7ms  total=118.3ms
  -> Saved /home/jupyter/contrastive-forecasting/checkpoints/enc_fcst_dk09_fp32_150k_best_gap.pth
  -> Saved /home/jupyter/contrastive-forecasting/checkpoints/enc_fcst_dk09_fp32_150k_best_loss.pth
[   1700] loss=2.4702  ema_loss=2.4833  gap=0.8910  ema_gap=0.8750  mixup=33/100  3.1 sps  ETA 13.3h
              R²_rand=0.9761  R²_naive=0.9741  U_t=0.1158  U_b=0.1130  AUC=1.0000  Top1=1.0000
  timing: data=3.6ms  fwd=95.3ms  bwd=9.7ms  total=109.2ms
  -> Saved /home/jupyter/contrastive-forecasting/checkpoints/enc_fcst_dk09_fp32_150k_best_gap.pth
  -> Saved /home/jupyter/contrastive-forecasting/checkpoints/enc_fcst_dk09_fp32_150k_best_loss.pth
[   1800] loss=2.4158  ema_loss=2.4508  gap=0.8805  ema_gap=0.8800  mixup=32/100  3.1 sps  ETA 13.3h
              R²_rand=0.9773  R²_naive=0.9753  U_t=0.1160  U_b=0.1163  AUC=1.0000  Top1=1.0000
  timing: data=15.0ms  fwd=93.3ms  bwd=10.3ms  total=119.1ms
  -> Saved /home/jupyter/contrastive-forecasting/checkpoints/enc_fcst_dk09_fp32_150k_best_gap.pth
  -> Saved /home/jupyter/contrastive-forecasting/checkpoints/enc_fcst_dk09_fp32_150k_best_loss.pth
[   1900] loss=2.3829  ema_loss=2.4178  gap=0.8926  ema_gap=0.8838  mixup=36/100  3.1 sps  ETA 13.3h
              R²_rand=0.9781  R²_naive=0.9761  U_t=0.1199  U_b=0.1193  AUC=1.0000  Top1=1.0000
  timing: data=16.1ms  fwd=93.2ms  bwd=10.0ms  total=119.7ms
  -> Saved /home/jupyter/contrastive-forecasting/checkpoints/enc_fcst_dk09_fp32_150k_best_gap.pth
  -> Saved /home/jupyter/contrastive-forecasting/checkpoints/enc_fcst_dk09_fp32_150k_best_loss.pth
[   2000] loss=2.3832  ema_loss=2.3903  gap=0.8964  ema_gap=0.8906  mixup=37/100  3.1 sps  ETA 13.3h
              R²_rand=0.9795  R²_naive=0.9779  U_t=0.1214  U_b=0.1177  AUC=1.0000  Top1=1.0000
  timing: data=3.7ms  fwd=95.1ms  bwd=10.3ms  total=109.6ms
  -> Saved /home/jupyter/contrastive-forecasting/checkpoints/enc_fcst_dk09_fp32_150k_best_gap.pth
  -> Saved /home/jupyter/contrastive-forecasting/checkpoints/enc_fcst_dk09_fp32_150k_best_loss.pth
[   2100] loss=2.3464  ema_loss=2.3693  gap=0.9076  ema_gap=0.8965  mixup=31/100  3.1 sps  ETA 13.3h
              R²_rand=0.9809  R²_naive=0.9797  U_t=0.1200  U_b=0.1184  AUC=1.0000  Top1=1.0000
  timing: data=15.3ms  fwd=94.0ms  bwd=9.6ms  total=119.5ms
  -> Saved /home/jupyter/contrastive-forecasting/checkpoints/enc_fcst_dk09_fp32_150k_best_gap.pth
  -> Saved /home/jupyter/contrastive-forecasting/checkpoints/enc_fcst_dk09_fp32_150k_best_loss.pth
[   2200] loss=2.3390  ema_loss=2.3545  gap=0.9093  ema_gap=0.9021  mixup=34/100  3.1 sps  ETA 13.3h
              R²_rand=0.9819  R²_naive=0.9805  U_t=0.1212  U_b=0.1192  AUC=1.0000  Top1=1.0000
  timing: data=15.9ms  fwd=94.0ms  bwd=9.9ms  total=120.3ms
  -> Saved /home/jupyter/contrastive-forecasting/checkpoints/enc_fcst_dk09_fp32_150k_best_gap.pth
  -> Saved /home/jupyter/contrastive-forecasting/checkpoints/enc_fcst_dk09_fp32_150k_best_loss.pth
[   2300] loss=2.3285  ema_loss=2.3428  gap=0.8996  ema_gap=0.9053  mixup=35/100  3.1 sps  ETA 13.3h
              R²_rand=0.9818  R²_naive=0.9803  U_t=0.1207  U_b=0.1204  AUC=1.0000  Top1=1.0000
  timing: data=4.3ms  fwd=95.1ms  bwd=9.3ms  total=109.3ms
  -> Saved /home/jupyter/contrastive-forecasting/checkpoints/enc_fcst_dk09_fp32_150k_best_gap.pth
  -> Saved /home/jupyter/contrastive-forecasting/checkpoints/enc_fcst_dk09_fp32_150k_best_loss.pth
[   2400] loss=2.3074  ema_loss=2.3272  gap=0.9131  ema_gap=0.9079  mixup=26/100  3.1 sps  ETA 13.3h
              R²_rand=0.9825  R²_naive=0.9813  U_t=0.1252  U_b=0.1218  AUC=1.0000  Top1=1.0000
  timing: data=16.4ms  fwd=92.5ms  bwd=9.2ms  total=118.6ms
  -> Saved /home/jupyter/contrastive-forecasting/checkpoints/enc_fcst_dk09_fp32_150k_best_gap.pth
  -> Saved /home/jupyter/contrastive-forecasting/checkpoints/enc_fcst_dk09_fp32_150k_best_loss.pth
[   2500] loss=2.3056  ema_loss=2.3152  gap=0.9102  ema_gap=0.9118  mixup=25/100  3.1 sps  ETA 13.3h
              R²_rand=0.9834  R²_naive=0.9822  U_t=0.1239  U_b=0.1218  AUC=1.0000  Top1=1.0000
  timing: data=15.7ms  fwd=93.5ms  bwd=9.7ms  total=119.3ms
  -> Saved /home/jupyter/contrastive-forecasting/checkpoints/enc_fcst_dk09_fp32_150k_best_gap.pth
  -> Saved /home/jupyter/contrastive-forecasting/checkpoints/enc_fcst_dk09_fp32_150k_best_loss.pth
[   2600] loss=2.3077  ema_loss=2.3055  gap=0.9203  ema_gap=0.9164  mixup=23/100  3.1 sps  ETA 13.2h
              R²_rand=0.9838  R²_naive=0.9829  U_t=0.1246  U_b=0.1209  AUC=1.0000  Top1=1.0000
  timing: data=3.3ms  fwd=97.1ms  bwd=9.6ms  total=110.5ms
  -> Saved /home/jupyter/contrastive-forecasting/checkpoints/enc_fcst_dk09_fp32_150k_best_gap.pth
  -> Saved /home/jupyter/contrastive-forecasting/checkpoints/enc_fcst_dk09_fp32_150k_best_loss.pth
[   2700] loss=2.3050  ema_loss=2.2998  gap=0.9353  ema_gap=0.9206  mixup=28/100  3.1 sps  ETA 13.2h
              R²_rand=0.9838  R²_naive=0.9832  U_t=0.1237  U_b=0.1209  AUC=1.0000  Top1=1.0000
  timing: data=15.4ms  fwd=93.3ms  bwd=9.1ms  total=118.3ms
  -> Saved /home/jupyter/contrastive-forecasting/checkpoints/enc_fcst_dk09_fp32_150k_best_gap.pth
  -> Saved /home/jupyter/contrastive-forecasting/checkpoints/enc_fcst_dk09_fp32_150k_best_loss.pth
[   2800] loss=2.2764  ema_loss=2.2879  gap=0.9232  ema_gap=0.9222  mixup=34/100  3.1 sps  ETA 13.2h
              R²_rand=0.9842  R²_naive=0.9833  U_t=0.1263  U_b=0.1234  AUC=1.0000  Top1=1.0000
  timing: data=3.8ms  fwd=96.6ms  bwd=9.1ms  total=109.9ms
  -> Saved /home/jupyter/contrastive-forecasting/checkpoints/enc_fcst_dk09_fp32_150k_best_gap.pth
  -> Saved /home/jupyter/contrastive-forecasting/checkpoints/enc_fcst_dk09_fp32_150k_best_loss.pth
[   2900] loss=2.2648  ema_loss=2.2769  gap=0.9256  ema_gap=0.9242  mixup=26/100  3.1 sps  ETA 13.2h
              R²_rand=0.9846  R²_naive=0.9837  U_t=0.1272  U_b=0.1239  AUC=1.0000  Top1=1.0000
  timing: data=39.8ms  fwd=94.8ms  bwd=9.4ms  total=144.5ms
  -> Saved /home/jupyter/contrastive-forecasting/checkpoints/enc_fcst_dk09_fp32_150k_best_gap.pth
  -> Saved /home/jupyter/contrastive-forecasting/checkpoints/enc_fcst_dk09_fp32_150k_best_loss.pth
[   3000] loss=2.2696  ema_loss=2.2693  gap=0.9299  ema_gap=0.9271  mixup=39/100  3.1 sps  ETA 13.2h
              R²_rand=0.9850  R²_naive=0.9842  U_t=0.1281  U_b=0.1231  AUC=1.0000  Top1=1.0000
  timing: data=15.8ms  fwd=93.9ms  bwd=10.2ms  total=120.5ms
  -> Saved /home/jupyter/contrastive-forecasting/checkpoints/enc_fcst_dk09_fp32_150k_best_gap.pth
  -> Saved /home/jupyter/contrastive-forecasting/checkpoints/enc_fcst_dk09_fp32_150k_best_loss.pth
[   3100] loss=2.2569  ema_loss=2.2635  gap=0.9200  ema_gap=0.9297  mixup=34/100  3.1 sps  ETA 13.2h
              R²_rand=0.9853  R²_naive=0.9843  U_t=0.1270  U_b=0.1240  AUC=1.0000  Top1=1.0000
  timing: data=3.6ms  fwd=95.4ms  bwd=9.6ms  total=109.1ms
  -> Saved /home/jupyter/contrastive-forecasting/checkpoints/enc_fcst_dk09_fp32_150k_best_gap.pth
  -> Saved /home/jupyter/contrastive-forecasting/checkpoints/enc_fcst_dk09_fp32_150k_best_loss.pth
[   3200] loss=2.2587  ema_loss=2.2591  gap=0.9330  ema_gap=0.9315  mixup=21/100  3.1 sps  ETA 13.2h
              R²_rand=0.9851  R²_naive=0.9847  U_t=0.1270  U_b=0.1234  AUC=1.0000  Top1=1.0000
  timing: data=15.3ms  fwd=89.9ms  bwd=9.6ms  total=115.3ms
  -> Saved /home/jupyter/contrastive-forecasting/checkpoints/enc_fcst_dk09_fp32_150k_best_gap.pth
  -> Saved /home/jupyter/contrastive-forecasting/checkpoints/enc_fcst_dk09_fp32_150k_best_loss.pth
[   3300] loss=2.2609  ema_loss=2.2566  gap=0.9466  ema_gap=0.9348  mixup=34/100  3.1 sps  ETA 13.2h
              R²_rand=0.9856  R²_naive=0.9850  U_t=0.1272  U_b=0.1238  AUC=1.0000  Top1=1.0000
  timing: data=16.0ms  fwd=92.3ms  bwd=10.1ms  total=118.9ms
  -> Saved /home/jupyter/contrastive-forecasting/checkpoints/enc_fcst_dk09_fp32_150k_best_gap.pth
  -> Saved /home/jupyter/contrastive-forecasting/checkpoints/enc_fcst_dk09_fp32_150k_best_loss.pth
[   3400] loss=2.2576  ema_loss=2.2533  gap=0.9484  ema_gap=0.9388  mixup=29/100  3.1 sps  ETA 13.2h
              R²_rand=0.9858  R²_naive=0.9855  U_t=0.1265  U_b=0.1235  AUC=1.0000  Top1=1.0000
  timing: data=4.0ms  fwd=93.7ms  bwd=9.2ms  total=107.4ms
  -> Saved /home/jupyter/contrastive-forecasting/checkpoints/enc_fcst_dk09_fp32_150k_best_gap.pth
  -> Saved /home/jupyter/contrastive-forecasting/checkpoints/enc_fcst_dk09_fp32_150k_best_loss.pth
[   3500] loss=2.2506  ema_loss=2.2498  gap=0.9425  ema_gap=0.9400  mixup=31/100  3.1 sps  ETA 13.2h
              R²_rand=0.9859  R²_naive=0.9854  U_t=0.1277  U_b=0.1235  AUC=1.0000  Top1=1.0000
  timing: data=15.9ms  fwd=92.3ms  bwd=9.7ms  total=118.4ms
  -> Saved /home/jupyter/contrastive-forecasting/checkpoints/enc_fcst_dk09_fp32_150k_best_gap.pth
  -> Saved /home/jupyter/contrastive-forecasting/checkpoints/enc_fcst_dk09_fp32_150k_best_loss.pth
[   3600] loss=2.2440  ema_loss=2.2475  gap=0.9554  ema_gap=0.9424  mixup=40/100  3.1 sps  ETA 13.2h
              R²_rand=0.9862  R²_naive=0.9859  U_t=0.1254  U_b=0.1240  AUC=1.0000  Top1=1.0000
  timing: data=16.2ms  fwd=92.0ms  bwd=9.4ms  total=118.0ms
  -> Saved /home/jupyter/contrastive-forecasting/checkpoints/enc_fcst_dk09_fp32_150k_best_gap.pth
  -> Saved /home/jupyter/contrastive-forecasting/checkpoints/enc_fcst_dk09_fp32_150k_best_loss.pth
[   3700] loss=2.2554  ema_loss=2.2459  gap=0.9453  ema_gap=0.9432  mixup=29/100  3.1 sps  ETA 13.1h
              R²_rand=0.9862  R²_naive=0.9857  U_t=0.1292  U_b=0.1232  AUC=1.0000  Top1=1.0000
  timing: data=3.8ms  fwd=93.7ms  bwd=10.2ms  total=108.3ms
  -> Saved /home/jupyter/contrastive-forecasting/checkpoints/enc_fcst_dk09_fp32_150k_best_gap.pth
  -> Saved /home/jupyter/contrastive-forecasting/checkpoints/enc_fcst_dk09_fp32_150k_best_loss.pth
[   3800] loss=2.2381  ema_loss=2.2425  gap=0.9467  ema_gap=0.9452  mixup=25/100  3.1 sps  ETA 13.1h
              R²_rand=0.9862  R²_naive=0.9859  U_t=0.1281  U_b=0.1245  AUC=1.0000  Top1=1.0000
  timing: data=15.5ms  fwd=92.0ms  bwd=10.3ms  total=118.3ms
  -> Saved /home/jupyter/contrastive-forecasting/checkpoints/enc_fcst_dk09_fp32_150k_best_gap.pth
  -> Saved /home/jupyter/contrastive-forecasting/checkpoints/enc_fcst_dk09_fp32_150k_best_loss.pth
[   3900] loss=2.2205  ema_loss=2.2338  gap=0.9456  ema_gap=0.9474  mixup=29/100  3.1 sps  ETA 13.1h
              R²_rand=0.9864  R²_naive=0.9860  U_t=0.1317  U_b=0.1263  AUC=1.0000  Top1=1.0000
  timing: data=3.6ms  fwd=94.0ms  bwd=9.3ms  total=107.4ms
  -> Saved /home/jupyter/contrastive-forecasting/checkpoints/enc_fcst_dk09_fp32_150k_best_gap.pth
  -> Saved /home/jupyter/contrastive-forecasting/checkpoints/enc_fcst_dk09_fp32_150k_best_loss.pth
[   4000] loss=2.2155  ema_loss=2.2259  gap=0.9507  ema_gap=0.9489  mixup=23/100  3.1 sps  ETA 13.1h
              R²_rand=0.9868  R²_naive=0.9863  U_t=0.1327  U_b=0.1269  AUC=1.0000  Top1=1.0000
  timing: data=15.0ms  fwd=94.5ms  bwd=9.7ms  total=119.7ms
  -> Saved /home/jupyter/contrastive-forecasting/checkpoints/enc_fcst_dk09_fp32_150k_best_gap.pth
  -> Saved /home/jupyter/contrastive-forecasting/checkpoints/enc_fcst_dk09_fp32_150k_best_loss.pth
[   4100] loss=2.2127  ema_loss=2.2215  gap=0.9586  ema_gap=0.9509  mixup=40/100  3.1 sps  ETA 13.1h
              R²_rand=0.9868  R²_naive=0.9864  U_t=0.1318  U_b=0.1268  AUC=1.0000  Top1=1.0000
  timing: data=16.6ms  fwd=92.6ms  bwd=9.8ms  total=119.4ms
  -> Saved /home/jupyter/contrastive-forecasting/checkpoints/enc_fcst_dk09_fp32_150k_best_gap.pth
  -> Saved /home/jupyter/contrastive-forecasting/checkpoints/enc_fcst_dk09_fp32_150k_best_loss.pth
[   4200] loss=2.2218  ema_loss=2.2189  gap=0.9503  ema_gap=0.9526  mixup=32/100  3.1 sps  ETA 13.1h
              R²_rand=0.9869  R²_naive=0.9866  U_t=0.1314  U_b=0.1266  AUC=1.0000  Top1=1.0000
  timing: data=3.6ms  fwd=94.5ms  bwd=9.4ms  total=108.0ms
  -> Saved /home/jupyter/contrastive-forecasting/checkpoints/enc_fcst_dk09_fp32_150k_best_gap.pth
  -> Saved /home/jupyter/contrastive-forecasting/checkpoints/enc_fcst_dk09_fp32_150k_best_loss.pth
[   4300] loss=2.2113  ema_loss=2.2169  gap=0.9551  ema_gap=0.9544  mixup=24/100  3.1 sps  ETA 13.1h
              R²_rand=0.9870  R²_naive=0.9867  U_t=0.1316  U_b=0.1267  AUC=1.0000  Top1=1.0000
  timing: data=18.7ms  fwd=92.0ms  bwd=9.8ms  total=120.9ms
  -> Saved /home/jupyter/contrastive-forecasting/checkpoints/enc_fcst_dk09_fp32_150k_best_gap.pth
  -> Saved /home/jupyter/contrastive-forecasting/checkpoints/enc_fcst_dk09_fp32_150k_best_loss.pth
[   4400] loss=2.2156  ema_loss=2.2158  gap=0.9598  ema_gap=0.9567  mixup=35/100  3.1 sps  ETA 13.1h
              R²_rand=0.9869  R²_naive=0.9866  U_t=0.1306  U_b=0.1268  AUC=1.0000  Top1=1.0000
  timing: data=17.1ms  fwd=91.4ms  bwd=9.3ms  total=118.3ms
  -> Saved /home/jupyter/contrastive-forecasting/checkpoints/enc_fcst_dk09_fp32_150k_best_gap.pth
  -> Saved /home/jupyter/contrastive-forecasting/checkpoints/enc_fcst_dk09_fp32_150k_best_loss.pth
[   4500] loss=2.2049  ema_loss=2.2139  gap=0.9554  ema_gap=0.9586  mixup=37/100  3.1 sps  ETA 13.0h
              R²_rand=0.9870  R²_naive=0.9867  U_t=0.1316  U_b=0.1273  AUC=1.0000  Top1=1.0000
  timing: data=4.3ms  fwd=94.2ms  bwd=9.5ms  total=108.6ms
  -> Saved /home/jupyter/contrastive-forecasting/checkpoints/enc_fcst_dk09_fp32_150k_best_gap.pth
  -> Saved /home/jupyter/contrastive-forecasting/checkpoints/enc_fcst_dk09_fp32_150k_best_loss.pth
[   4600] loss=2.2108  ema_loss=2.2116  gap=0.9607  ema_gap=0.9600  mixup=26/100  3.1 sps  ETA 13.0h
              R²_rand=0.9871  R²_naive=0.9870  U_t=0.1312  U_b=0.1264  AUC=1.0000  Top1=1.0000
  timing: data=18.8ms  fwd=91.8ms  bwd=9.8ms  total=120.9ms
  -> Saved /home/jupyter/contrastive-forecasting/checkpoints/enc_fcst_dk09_fp32_150k_best_gap.pth
  -> Saved /home/jupyter/contrastive-forecasting/checkpoints/enc_fcst_dk09_fp32_150k_best_loss.pth
[   4700] loss=2.2132  ema_loss=2.2108  gap=0.9633  ema_gap=0.9613  mixup=27/100  3.1 sps  ETA 13.0h
              R²_rand=0.9873  R²_naive=0.9871  U_t=0.1308  U_b=0.1266  AUC=1.0000  Top1=1.0000
  timing: data=31.5ms  fwd=92.1ms  bwd=9.2ms  total=133.4ms
  -> Saved /home/jupyter/contrastive-forecasting/checkpoints/enc_fcst_dk09_fp32_150k_best_gap.pth
  -> Saved /home/jupyter/contrastive-forecasting/checkpoints/enc_fcst_dk09_fp32_150k_best_loss.pth
[   4800] loss=2.2035  ema_loss=2.2088  gap=0.9617  ema_gap=0.9629  mixup=31/100  3.1 sps  ETA 13.0h
              R²_rand=0.9875  R²_naive=0.9872  U_t=0.1321  U_b=0.1271  AUC=1.0000  Top1=1.0000
  timing: data=3.8ms  fwd=94.6ms  bwd=10.6ms  total=109.5ms
  -> Saved /home/jupyter/contrastive-forecasting/checkpoints/enc_fcst_dk09_fp32_150k_best_gap.pth
  -> Saved /home/jupyter/contrastive-forecasting/checkpoints/enc_fcst_dk09_fp32_150k_best_loss.pth
[   4900] loss=2.2028  ema_loss=2.2073  gap=0.9590  ema_gap=0.9639  mixup=31/100  3.1 sps  ETA 13.0h
              R²_rand=0.9875  R²_naive=0.9872  U_t=0.1319  U_b=0.1270  AUC=1.0000  Top1=1.0000
  timing: data=16.1ms  fwd=92.5ms  bwd=9.4ms  total=118.5ms
  -> Saved /home/jupyter/contrastive-forecasting/checkpoints/enc_fcst_dk09_fp32_150k_best_gap.pth
  -> Saved /home/jupyter/contrastive-forecasting/checkpoints/enc_fcst_dk09_fp32_150k_best_loss.pth
[   5000] loss=2.2043  ema_loss=2.2062  gap=0.9643  ema_gap=0.9653  mixup=36/100  3.1 sps  ETA 13.0h
              R²_rand=0.9876  R²_naive=0.9874  U_t=0.1322  U_b=0.1271  AUC=1.0000  Top1=1.0000
  timing: data=16.0ms  fwd=92.8ms  bwd=9.1ms  total=118.3ms
  -> Saved /home/jupyter/contrastive-forecasting/checkpoints/enc_fcst_dk09_fp32_150k_best_gap.pth
  -> Saved /home/jupyter/contrastive-forecasting/checkpoints/enc_fcst_dk09_fp32_150k_best_loss.pth
  -> Saved /home/jupyter/contrastive-forecasting/checkpoints/enc_fcst_dk09_fp32_150k_5k.pth
[   5100] loss=2.2053  ema_loss=2.2051  gap=0.9758  ema_gap=0.9663  mixup=24/100  3.1 sps  ETA 13.0h
              R²_rand=0.9875  R²_naive=0.9874  U_t=0.1332  U_b=0.1267  AUC=1.0000  Top1=1.0000
  timing: data=3.4ms  fwd=94.6ms  bwd=9.5ms  total=108.0ms
  -> Saved /home/jupyter/contrastive-forecasting/checkpoints/enc_fcst_dk09_fp32_150k_best_gap.pth
  -> Saved /home/jupyter/contrastive-forecasting/checkpoints/enc_fcst_dk09_fp32_150k_best_loss.pth
[   5200] loss=2.2064  ema_loss=2.2035  gap=0.9654  ema_gap=0.9674  mixup=30/100  3.1 sps  ETA 13.0h
              R²_rand=0.9875  R²_naive=0.9874  U_t=0.1335  U_b=0.1264  AUC=1.0000  Top1=1.0000
  timing: data=16.1ms  fwd=93.5ms  bwd=9.5ms  total=119.6ms
  -> Saved /home/jupyter/contrastive-forecasting/checkpoints/enc_fcst_dk09_fp32_150k_best_gap.pth
  -> Saved /home/jupyter/contrastive-forecasting/checkpoints/enc_fcst_dk09_fp32_150k_best_loss.pth
[   5300] loss=2.2106  ema_loss=2.2030  gap=0.9736  ema_gap=0.9697  mixup=31/100  3.1 sps  ETA 13.0h
              R²_rand=0.9878  R²_naive=0.9877  U_t=0.1312  U_b=0.1262  AUC=1.0000  Top1=1.0000
  timing: data=4.0ms  fwd=95.9ms  bwd=9.5ms  total=109.9ms
  -> Saved /home/jupyter/contrastive-forecasting/checkpoints/enc_fcst_dk09_fp32_150k_best_gap.pth
  -> Saved /home/jupyter/contrastive-forecasting/checkpoints/enc_fcst_dk09_fp32_150k_best_loss.pth
[   5400] loss=2.1959  ema_loss=2.2014  gap=0.9731  ema_gap=0.9703  mixup=36/100  3.1 sps  ETA 13.0h
              R²_rand=0.9879  R²_naive=0.9878  U_t=0.1331  U_b=0.1272  AUC=1.0000  Top1=1.0000
  timing: data=16.6ms  fwd=90.4ms  bwd=10.2ms  total=117.7ms
  -> Saved /home/jupyter/contrastive-forecasting/checkpoints/enc_fcst_dk09_fp32_150k_best_gap.pth
  -> Saved /home/jupyter/contrastive-forecasting/checkpoints/enc_fcst_dk09_fp32_150k_best_loss.pth
[   5500] loss=2.2008  ema_loss=2.2006  gap=0.9741  ema_gap=0.9707  mixup=34/100  3.1 sps  ETA 13.0h
              R²_rand=0.9880  R²_naive=0.9879  U_t=0.1337  U_b=0.1270  AUC=1.0000  Top1=1.0000
  timing: data=15.7ms  fwd=91.5ms  bwd=9.8ms  total=117.5ms
  -> Saved /home/jupyter/contrastive-forecasting/checkpoints/enc_fcst_dk09_fp32_150k_best_gap.pth
  -> Saved /home/jupyter/contrastive-forecasting/checkpoints/enc_fcst_dk09_fp32_150k_best_loss.pth
[   5600] loss=2.2042  ema_loss=2.1995  gap=0.9723  ema_gap=0.9717  mixup=31/100  3.1 sps  ETA 12.9h
              R²_rand=0.9880  R²_naive=0.9879  U_t=0.1318  U_b=0.1268  AUC=1.0000  Top1=1.0000
  timing: data=3.8ms  fwd=93.9ms  bwd=10.0ms  total=108.3ms
  -> Saved /home/jupyter/contrastive-forecasting/checkpoints/enc_fcst_dk09_fp32_150k_best_gap.pth
  -> Saved /home/jupyter/contrastive-forecasting/checkpoints/enc_fcst_dk09_fp32_150k_best_loss.pth
[   5700] loss=2.2045  ema_loss=2.1993  gap=0.9764  ema_gap=0.9731  mixup=28/100  3.1 sps  ETA 12.9h
              R²_rand=0.9881  R²_naive=0.9880  U_t=0.1332  U_b=0.1269  AUC=1.0000  Top1=1.0000
  timing: data=16.0ms  fwd=93.0ms  bwd=9.5ms  total=119.1ms
  -> Saved /home/jupyter/contrastive-forecasting/checkpoints/enc_fcst_dk09_fp32_150k_best_gap.pth
  -> Saved /home/jupyter/contrastive-forecasting/checkpoints/enc_fcst_dk09_fp32_150k_best_loss.pth
[   5800] loss=2.2023  ema_loss=2.1986  gap=0.9806  ema_gap=0.9752  mixup=29/100  3.1 sps  ETA 13.0h
              R²_rand=0.9880  R²_naive=0.9880  U_t=0.1331  U_b=0.1271  AUC=1.0000  Top1=1.0000
  timing: data=45.6ms  fwd=92.5ms  bwd=9.9ms  total=148.4ms
  -> Saved /home/jupyter/contrastive-forecasting/checkpoints/enc_fcst_dk09_fp32_150k_best_gap.pth
  -> Saved /home/jupyter/contrastive-forecasting/checkpoints/enc_fcst_dk09_fp32_150k_best_loss.pth
[   5900] loss=2.1970  ema_loss=2.1980  gap=0.9704  ema_gap=0.9763  mixup=31/100  3.1 sps  ETA 12.9h
              R²_rand=0.9880  R²_naive=0.9879  U_t=0.1330  U_b=0.1272  AUC=1.0000  Top1=1.0000
  timing: data=3.8ms  fwd=94.8ms  bwd=9.1ms  total=108.2ms
  -> Saved /home/jupyter/contrastive-forecasting/checkpoints/enc_fcst_dk09_fp32_150k_best_gap.pth
  -> Saved /home/jupyter/contrastive-forecasting/checkpoints/enc_fcst_dk09_fp32_150k_best_loss.pth
[   6000] loss=2.1922  ema_loss=2.1966  gap=0.9766  ema_gap=0.9774  mixup=28/100  3.1 sps  ETA 12.9h
              R²_rand=0.9882  R²_naive=0.9882  U_t=0.1329  U_b=0.1273  AUC=1.0000  Top1=1.0000
  timing: data=15.3ms  fwd=93.5ms  bwd=8.7ms  total=117.9ms
  -> Saved /home/jupyter/contrastive-forecasting/checkpoints/enc_fcst_dk09_fp32_150k_best_gap.pth
  -> Saved /home/jupyter/contrastive-forecasting/checkpoints/enc_fcst_dk09_fp32_150k_best_loss.pth
[   6100] loss=2.1962  ema_loss=2.1960  gap=0.9753  ema_gap=0.9784  mixup=38/100  3.1 sps  ETA 12.9h
              R²_rand=0.9883  R²_naive=0.9882  U_t=0.1343  U_b=0.1273  AUC=1.0000  Top1=1.0000
  timing: data=23.4ms  fwd=92.6ms  bwd=9.7ms  total=126.3ms
  -> Saved /home/jupyter/contrastive-forecasting/checkpoints/enc_fcst_dk09_fp32_150k_best_gap.pth
  -> Saved /home/jupyter/contrastive-forecasting/checkpoints/enc_fcst_dk09_fp32_150k_best_loss.pth
[   6200] loss=2.1981  ema_loss=2.1952  gap=0.9797  ema_gap=0.9790  mixup=25/100  3.1 sps  ETA 12.9h
              R²_rand=0.9883  R²_naive=0.9883  U_t=0.1333  U_b=0.1269  AUC=1.0000  Top1=1.0000
  timing: data=4.0ms  fwd=94.2ms  bwd=9.7ms  total=108.4ms
  -> Saved /home/jupyter/contrastive-forecasting/checkpoints/enc_fcst_dk09_fp32_150k_best_gap.pth
  -> Saved /home/jupyter/contrastive-forecasting/checkpoints/enc_fcst_dk09_fp32_150k_best_loss.pth
[   6300] loss=2.1962  ema_loss=2.1946  gap=0.9782  ema_gap=0.9808  mixup=27/100  3.1 sps  ETA 12.9h
              R²_rand=0.9884  R²_naive=0.9883  U_t=0.1324  U_b=0.1271  AUC=1.0000  Top1=1.0000
  timing: data=49.4ms  fwd=91.6ms  bwd=9.3ms  total=150.9ms
  -> Saved /home/jupyter/contrastive-forecasting/checkpoints/enc_fcst_dk09_fp32_150k_best_gap.pth
  -> Saved /home/jupyter/contrastive-forecasting/checkpoints/enc_fcst_dk09_fp32_150k_best_loss.pth
[   6400] loss=2.1955  ema_loss=2.1942  gap=0.9834  ema_gap=0.9824  mixup=23/100  3.1 sps  ETA 12.9h
              R²_rand=0.9881  R²_naive=0.9882  U_t=0.1337  U_b=0.1272  AUC=1.0000  Top1=1.0000
  timing: data=4.0ms  fwd=92.2ms  bwd=9.4ms  total=106.1ms
  -> Saved /home/jupyter/contrastive-forecasting/checkpoints/enc_fcst_dk09_fp32_150k_best_gap.pth
  -> Saved /home/jupyter/contrastive-forecasting/checkpoints/enc_fcst_dk09_fp32_150k_best_loss.pth
[   6500] loss=2.1882  ema_loss=2.1932  gap=0.9836  ema_gap=0.9822  mixup=38/100  3.1 sps  ETA 12.9h
              R²_rand=0.9884  R²_naive=0.9884  U_t=0.1338  U_b=0.1274  AUC=1.0000  Top1=1.0000
  timing: data=11.1ms  fwd=96.3ms  bwd=9.3ms  total=117.2ms
  -> Saved /home/jupyter/contrastive-forecasting/checkpoints/enc_fcst_dk09_fp32_150k_best_loss.pth
[   6600] loss=2.1955  ema_loss=2.1925  gap=0.9838  ema_gap=0.9825  mixup=35/100  3.1 sps  ETA 12.9h
              R²_rand=0.9886  R²_naive=0.9886  U_t=0.1343  U_b=0.1271  AUC=1.0000  Top1=1.0000
  timing: data=16.2ms  fwd=92.7ms  bwd=9.3ms  total=118.7ms
  -> Saved /home/jupyter/contrastive-forecasting/checkpoints/enc_fcst_dk09_fp32_150k_best_gap.pth
  -> Saved /home/jupyter/contrastive-forecasting/checkpoints/enc_fcst_dk09_fp32_150k_best_loss.pth
[   6700] loss=2.1881  ema_loss=2.1918  gap=0.9812  ema_gap=0.9836  mixup=40/100  3.1 sps  ETA 12.9h
              R²_rand=0.9885  R²_naive=0.9886  U_t=0.1330  U_b=0.1274  AUC=1.0000  Top1=1.0000
  timing: data=4.5ms  fwd=92.0ms  bwd=9.0ms  total=105.9ms
  -> Saved /home/jupyter/contrastive-forecasting/checkpoints/enc_fcst_dk09_fp32_150k_best_gap.pth
  -> Saved /home/jupyter/contrastive-forecasting/checkpoints/enc_fcst_dk09_fp32_150k_best_loss.pth
[   6800] loss=2.1865  ema_loss=2.1907  gap=0.9870  ema_gap=0.9846  mixup=38/100  3.1 sps  ETA 12.9h
              R²_rand=0.9885  R²_naive=0.9887  U_t=0.1342  U_b=0.1274  AUC=1.0000  Top1=1.0000
  timing: data=16.3ms  fwd=91.9ms  bwd=9.5ms  total=118.1ms
  -> Saved /home/jupyter/contrastive-forecasting/checkpoints/enc_fcst_dk09_fp32_150k_best_gap.pth
  -> Saved /home/jupyter/contrastive-forecasting/checkpoints/enc_fcst_dk09_fp32_150k_best_loss.pth
[   6900] loss=2.1877  ema_loss=2.1904  gap=0.9804  ema_gap=0.9849  mixup=32/100  3.1 sps  ETA 12.9h
              R²_rand=0.9887  R²_naive=0.9886  U_t=0.1337  U_b=0.1270  AUC=1.0000  Top1=1.0000
  timing: data=15.3ms  fwd=92.3ms  bwd=9.6ms  total=117.8ms
  -> Saved /home/jupyter/contrastive-forecasting/checkpoints/enc_fcst_dk09_fp32_150k_best_gap.pth
  -> Saved /home/jupyter/contrastive-forecasting/checkpoints/enc_fcst_dk09_fp32_150k_best_loss.pth
[   7000] loss=2.1938  ema_loss=2.1901  gap=0.9838  ema_gap=0.9852  mixup=32/100  3.1 sps  ETA 12.8h
              R²_rand=0.9887  R²_naive=0.9887  U_t=0.1344  U_b=0.1271  AUC=1.0000  Top1=1.0000
  timing: data=3.8ms  fwd=94.2ms  bwd=9.7ms  total=108.2ms
  -> Saved /home/jupyter/contrastive-forecasting/checkpoints/enc_fcst_dk09_fp32_150k_best_gap.pth
  -> Saved /home/jupyter/contrastive-forecasting/checkpoints/enc_fcst_dk09_fp32_150k_best_loss.pth
[   7100] loss=2.1893  ema_loss=2.1898  gap=0.9830  ema_gap=0.9865  mixup=30/100  3.1 sps  ETA 12.8h
              R²_rand=0.9887  R²_naive=0.9887  U_t=0.1333  U_b=0.1274  AUC=1.0000  Top1=1.0000
  timing: data=16.3ms  fwd=92.4ms  bwd=9.7ms  total=118.8ms
  -> Saved /home/jupyter/contrastive-forecasting/checkpoints/enc_fcst_dk09_fp32_150k_best_gap.pth
  -> Saved /home/jupyter/contrastive-forecasting/checkpoints/enc_fcst_dk09_fp32_150k_best_loss.pth
[   7200] loss=2.1904  ema_loss=2.1898  gap=0.9869  ema_gap=0.9871  mixup=21/100  3.1 sps  ETA 12.8h
              R²_rand=0.9887  R²_naive=0.9887  U_t=0.1334  U_b=0.1270  AUC=1.0000  Top1=1.0000
  timing: data=29.9ms  fwd=93.4ms  bwd=9.2ms  total=133.0ms
  -> Saved /home/jupyter/contrastive-forecasting/checkpoints/enc_fcst_dk09_fp32_150k_best_gap.pth
  -> Saved /home/jupyter/contrastive-forecasting/checkpoints/enc_fcst_dk09_fp32_150k_best_loss.pth
[   7300] loss=2.1891  ema_loss=2.1887  gap=0.9864  ema_gap=0.9874  mixup=31/100  3.1 sps  ETA 12.8h
              R²_rand=0.9888  R²_naive=0.9889  U_t=0.1337  U_b=0.1270  AUC=1.0000  Top1=1.0000
  timing: data=3.3ms  fwd=95.5ms  bwd=9.6ms  total=109.0ms
  -> Saved /home/jupyter/contrastive-forecasting/checkpoints/enc_fcst_dk09_fp32_150k_best_gap.pth
  -> Saved /home/jupyter/contrastive-forecasting/checkpoints/enc_fcst_dk09_fp32_150k_best_loss.pth
[   7400] loss=2.1851  ema_loss=2.1884  gap=0.9951  ema_gap=0.9888  mixup=26/100  3.1 sps  ETA 12.8h
              R²_rand=0.9888  R²_naive=0.9890  U_t=0.1332  U_b=0.1271  AUC=1.0000  Top1=1.0000
  timing: data=20.8ms  fwd=89.7ms  bwd=9.4ms  total=120.5ms
  -> Saved /home/jupyter/contrastive-forecasting/checkpoints/enc_fcst_dk09_fp32_150k_best_gap.pth
  -> Saved /home/jupyter/contrastive-forecasting/checkpoints/enc_fcst_dk09_fp32_150k_best_loss.pth
[   7500] loss=2.1832  ema_loss=2.1876  gap=0.9929  ema_gap=0.9902  mixup=26/100  3.1 sps  ETA 12.8h
              R²_rand=0.9888  R²_naive=0.9889  U_t=0.1343  U_b=0.1272  AUC=1.0000  Top1=1.0000
  timing: data=15.8ms  fwd=91.5ms  bwd=9.8ms  total=117.7ms
  -> Saved /home/jupyter/contrastive-forecasting/checkpoints/enc_fcst_dk09_fp32_150k_best_gap.pth
  -> Saved /home/jupyter/contrastive-forecasting/checkpoints/enc_fcst_dk09_fp32_150k_best_loss.pth
[   7600] loss=2.1951  ema_loss=2.1872  gap=0.9872  ema_gap=0.9900  mixup=31/100  3.1 sps  ETA 12.8h
              R²_rand=0.9889  R²_naive=0.9889  U_t=0.1345  U_b=0.1268  AUC=1.0000  Top1=1.0000
  timing: data=4.3ms  fwd=92.9ms  bwd=9.4ms  total=107.2ms
  -> Saved /home/jupyter/contrastive-forecasting/checkpoints/enc_fcst_dk09_fp32_150k_best_loss.pth
[   7700] loss=2.1876  ema_loss=2.1870  gap=0.9872  ema_gap=0.9910  mixup=41/100  3.1 sps  ETA 12.8h
              R²_rand=0.9887  R²_naive=0.9887  U_t=0.1344  U_b=0.1270  AUC=1.0000  Top1=1.0000
  timing: data=16.4ms  fwd=91.3ms  bwd=9.4ms  total=117.6ms
  -> Saved /home/jupyter/contrastive-forecasting/checkpoints/enc_fcst_dk09_fp32_150k_best_gap.pth
  -> Saved /home/jupyter/contrastive-forecasting/checkpoints/enc_fcst_dk09_fp32_150k_best_loss.pth
[   7800] loss=2.1908  ema_loss=2.1870  gap=0.9916  ema_gap=0.9923  mixup=31/100  3.1 sps  ETA 12.8h
              R²_rand=0.9888  R²_naive=0.9889  U_t=0.1339  U_b=0.1273  AUC=1.0000  Top1=1.0000
  timing: data=3.8ms  fwd=94.0ms  bwd=10.1ms  total=108.3ms
  -> Saved /home/jupyter/contrastive-forecasting/checkpoints/enc_fcst_dk09_fp32_150k_best_gap.pth
[   7900] loss=2.1864  ema_loss=2.1864  gap=1.0011  ema_gap=0.9932  mixup=22/100  3.1 sps  ETA 12.8h
              R²_rand=0.9889  R²_naive=0.9891  U_t=0.1330  U_b=0.1273  AUC=1.0000  Top1=1.0000
  timing: data=15.2ms  fwd=93.5ms  bwd=9.5ms  total=118.8ms
  -> Saved /home/jupyter/contrastive-forecasting/checkpoints/enc_fcst_dk09_fp32_150k_best_gap.pth
  -> Saved /home/jupyter/contrastive-forecasting/checkpoints/enc_fcst_dk09_fp32_150k_best_loss.pth
[   8000] loss=2.1881  ema_loss=2.1862  gap=0.9934  ema_gap=0.9933  mixup=27/100  3.1 sps  ETA 12.8h
              R²_rand=0.9889  R²_naive=0.9891  U_t=0.1336  U_b=0.1270  AUC=1.0000  Top1=1.0000
  timing: data=46.7ms  fwd=92.6ms  bwd=9.6ms  total=149.5ms
  -> Saved /home/jupyter/contrastive-forecasting/checkpoints/enc_fcst_dk09_fp32_150k_best_gap.pth
  -> Saved /home/jupyter/contrastive-forecasting/checkpoints/enc_fcst_dk09_fp32_150k_best_loss.pth
[   8100] loss=2.1876  ema_loss=2.1856  gap=0.9958  ema_gap=0.9941  mixup=26/100  3.1 sps  ETA 12.7h
              R²_rand=0.9889  R²_naive=0.9891  U_t=0.1336  U_b=0.1274  AUC=1.0000  Top1=1.0000
  timing: data=3.7ms  fwd=96.2ms  bwd=9.6ms  total=110.0ms
  -> Saved /home/jupyter/contrastive-forecasting/checkpoints/enc_fcst_dk09_fp32_150k_best_gap.pth
  -> Saved /home/jupyter/contrastive-forecasting/checkpoints/enc_fcst_dk09_fp32_150k_best_loss.pth
[   8200] loss=2.1891  ema_loss=2.1858  gap=0.9917  ema_gap=0.9947  mixup=37/100  3.1 sps  ETA 12.7h
              R²_rand=0.9886  R²_naive=0.9890  U_t=0.1347  U_b=0.1274  AUC=1.0000  Top1=1.0000
  timing: data=23.6ms  fwd=93.3ms  bwd=9.4ms  total=126.8ms
  -> Saved /home/jupyter/contrastive-forecasting/checkpoints/enc_fcst_dk09_fp32_150k_best_gap.pth
[   8300] loss=2.1854  ema_loss=2.1846  gap=0.9958  ema_gap=0.9956  mixup=32/100  3.1 sps  ETA 12.7h
              R²_rand=0.9889  R²_naive=0.9891  U_t=0.1342  U_b=0.1271  AUC=1.0000  Top1=1.0000
  timing: data=15.4ms  fwd=92.7ms  bwd=10.0ms  total=118.5ms
  -> Saved /home/jupyter/contrastive-forecasting/checkpoints/enc_fcst_dk09_fp32_150k_best_gap.pth
  -> Saved /home/jupyter/contrastive-forecasting/checkpoints/enc_fcst_dk09_fp32_150k_best_loss.pth
[   8400] loss=2.1809  ema_loss=2.1840  gap=0.9917  ema_gap=0.9959  mixup=29/100  3.1 sps  ETA 12.7h
              R²_rand=0.9891  R²_naive=0.9892  U_t=0.1341  U_b=0.1271  AUC=1.0000  Top1=1.0000
  timing: data=3.4ms  fwd=95.9ms  bwd=9.3ms  total=109.0ms
  -> Saved /home/jupyter/contrastive-forecasting/checkpoints/enc_fcst_dk09_fp32_150k_best_gap.pth
  -> Saved /home/jupyter/contrastive-forecasting/checkpoints/enc_fcst_dk09_fp32_150k_best_loss.pth
[   8500] loss=2.1834  ema_loss=2.1834  gap=0.9927  ema_gap=0.9967  mixup=33/100  3.1 sps  ETA 12.7h
              R²_rand=0.9893  R²_naive=0.9894  U_t=0.1339  U_b=0.1275  AUC=1.0000  Top1=1.0000
  timing: data=16.6ms  fwd=92.4ms  bwd=10.5ms  total=120.1ms
  -> Saved /home/jupyter/contrastive-forecasting/checkpoints/enc_fcst_dk09_fp32_150k_best_gap.pth
  -> Saved /home/jupyter/contrastive-forecasting/checkpoints/enc_fcst_dk09_fp32_150k_best_loss.pth
[   8600] loss=2.1871  ema_loss=2.1836  gap=0.9970  ema_gap=0.9981  mixup=35/100  3.1 sps  ETA 12.7h
              R²_rand=0.9892  R²_naive=0.9894  U_t=0.1352  U_b=0.1273  AUC=1.0000  Top1=1.0000
  timing: data=54.9ms  fwd=92.4ms  bwd=10.7ms  total=158.5ms
  -> Saved /home/jupyter/contrastive-forecasting/checkpoints/enc_fcst_dk09_fp32_150k_best_gap.pth
[   8700] loss=2.1825  ema_loss=2.1835  gap=1.0005  ema_gap=0.9993  mixup=27/100  3.1 sps  ETA 12.7h
              R²_rand=0.9891  R²_naive=0.9893  U_t=0.1340  U_b=0.1273  AUC=1.0000  Top1=1.0000
  timing: data=3.9ms  fwd=95.1ms  bwd=9.5ms  total=108.9ms
  -> Saved /home/jupyter/contrastive-forecasting/checkpoints/enc_fcst_dk09_fp32_150k_best_gap.pth
[   8800] loss=2.1885  ema_loss=2.1843  gap=1.0026  ema_gap=1.0013  mixup=30/100  3.1 sps  ETA 12.7h
              R²_rand=0.9891  R²_naive=0.9893  U_t=0.1351  U_b=0.1271  AUC=1.0000  Top1=1.0000
  timing: data=16.1ms  fwd=91.6ms  bwd=9.4ms  total=117.6ms
  -> Saved /home/jupyter/contrastive-forecasting/checkpoints/enc_fcst_dk09_fp32_150k_best_gap.pth
[   8900] loss=2.1751  ema_loss=2.1837  gap=1.0000  ema_gap=1.0011  mixup=25/100  3.1 sps  ETA 12.7h
              R²_rand=0.9891  R²_naive=0.9893  U_t=0.1352  U_b=0.1276  AUC=1.0000  Top1=1.0000
  timing: data=3.6ms  fwd=93.5ms  bwd=9.9ms  total=107.5ms
[   9000] loss=2.1780  ema_loss=2.1829  gap=0.9972  ema_gap=1.0010  mixup=33/100  3.1 sps  ETA 12.7h
              R²_rand=0.9889  R²_naive=0.9892  U_t=0.1342  U_b=0.1275  AUC=1.0000  Top1=1.0000
  timing: data=19.0ms  fwd=95.2ms  bwd=9.9ms  total=124.6ms
  -> Saved /home/jupyter/contrastive-forecasting/checkpoints/enc_fcst_dk09_fp32_150k_best_loss.pth
[   9100] loss=2.1838  ema_loss=2.1829  gap=1.0080  ema_gap=1.0012  mixup=29/100  3.1 sps  ETA 12.7h
              R²_rand=0.9890  R²_naive=0.9893  U_t=0.1342  U_b=0.1272  AUC=1.0000  Top1=1.0000
  timing: data=16.4ms  fwd=94.1ms  bwd=9.4ms  total=120.5ms
  -> Saved /home/jupyter/contrastive-forecasting/checkpoints/enc_fcst_dk09_fp32_150k_best_loss.pth
[   9200] loss=2.1797  ema_loss=2.1824  gap=1.0045  ema_gap=1.0016  mixup=29/100  3.1 sps  ETA 12.7h
              R²_rand=0.9892  R²_naive=0.9894  U_t=0.1352  U_b=0.1274  AUC=1.0000  Top1=1.0000
  timing: data=4.1ms  fwd=95.5ms  bwd=9.5ms  total=109.6ms
  -> Saved /home/jupyter/contrastive-forecasting/checkpoints/enc_fcst_dk09_fp32_150k_best_gap.pth
  -> Saved /home/jupyter/contrastive-forecasting/checkpoints/enc_fcst_dk09_fp32_150k_best_loss.pth
[   9300] loss=2.1849  ema_loss=2.1821  gap=1.0055  ema_gap=1.0022  mixup=28/100  3.1 sps  ETA 12.6h
              R²_rand=0.9891  R²_naive=0.9893  U_t=0.1340  U_b=0.1272  AUC=1.0000  Top1=1.0000
  timing: data=21.5ms  fwd=93.4ms  bwd=9.5ms  total=124.8ms
  -> Saved /home/jupyter/contrastive-forecasting/checkpoints/enc_fcst_dk09_fp32_150k_best_gap.pth
  -> Saved /home/jupyter/contrastive-forecasting/checkpoints/enc_fcst_dk09_fp32_150k_best_loss.pth
[   9400] loss=2.1843  ema_loss=2.1815  gap=1.0055  ema_gap=1.0027  mixup=30/100  3.1 sps  ETA 12.6h
              R²_rand=0.9890  R²_naive=0.9894  U_t=0.1344  U_b=0.1273  AUC=1.0000  Top1=1.0000
  timing: data=16.0ms  fwd=92.3ms  bwd=9.9ms  total=118.7ms
  -> Saved /home/jupyter/contrastive-forecasting/checkpoints/enc_fcst_dk09_fp32_150k_best_gap.pth
  -> Saved /home/jupyter/contrastive-forecasting/checkpoints/enc_fcst_dk09_fp32_150k_best_loss.pth
[   9500] loss=2.1798  ema_loss=2.1810  gap=1.0052  ema_gap=1.0037  mixup=33/100  3.1 sps  ETA 12.6h
              R²_rand=0.9892  R²_naive=0.9895  U_t=0.1344  U_b=0.1274  AUC=1.0000  Top1=1.0000
  timing: data=4.8ms  fwd=94.2ms  bwd=10.1ms  total=109.7ms
  -> Saved /home/jupyter/contrastive-forecasting/checkpoints/enc_fcst_dk09_fp32_150k_best_gap.pth
  -> Saved /home/jupyter/contrastive-forecasting/checkpoints/enc_fcst_dk09_fp32_150k_best_loss.pth
[   9600] loss=2.1841  ema_loss=2.1808  gap=0.9988  ema_gap=1.0041  mixup=28/100  3.1 sps  ETA 12.6h
              R²_rand=0.9892  R²_naive=0.9894  U_t=0.1340  U_b=0.1270  AUC=1.0000  Top1=1.0000
  timing: data=16.1ms  fwd=92.6ms  bwd=9.7ms  total=118.9ms
  -> Saved /home/jupyter/contrastive-forecasting/checkpoints/enc_fcst_dk09_fp32_150k_best_gap.pth
  -> Saved /home/jupyter/contrastive-forecasting/checkpoints/enc_fcst_dk09_fp32_150k_best_loss.pth
[   9700] loss=2.1782  ema_loss=2.1802  gap=1.0037  ema_gap=1.0046  mixup=36/100  3.1 sps  ETA 12.6h
              R²_rand=0.9893  R²_naive=0.9895  U_t=0.1353  U_b=0.1274  AUC=1.0000  Top1=1.0000
  timing: data=16.1ms  fwd=92.1ms  bwd=9.5ms  total=118.2ms
  -> Saved /home/jupyter/contrastive-forecasting/checkpoints/enc_fcst_dk09_fp32_150k_best_gap.pth
  -> Saved /home/jupyter/contrastive-forecasting/checkpoints/enc_fcst_dk09_fp32_150k_best_loss.pth
[   9800] loss=2.1796  ema_loss=2.1806  gap=0.9997  ema_gap=1.0053  mixup=35/100  3.1 sps  ETA 12.6h
              R²_rand=0.9894  R²_naive=0.9895  U_t=0.1346  U_b=0.1272  AUC=1.0000  Top1=1.0000
  timing: data=4.1ms  fwd=94.6ms  bwd=9.3ms  total=108.5ms
  -> Saved /home/jupyter/contrastive-forecasting/checkpoints/enc_fcst_dk09_fp32_150k_best_gap.pth
[   9900] loss=2.1784  ema_loss=2.1801  gap=1.0132  ema_gap=1.0061  mixup=29/100  3.1 sps  ETA 12.6h
              R²_rand=0.9893  R²_naive=0.9896  U_t=0.1344  U_b=0.1272  AUC=1.0000  Top1=1.0000
  timing: data=16.0ms  fwd=91.9ms  bwd=9.7ms  total=118.1ms
  -> Saved /home/jupyter/contrastive-forecasting/checkpoints/enc_fcst_dk09_fp32_150k_best_gap.pth
  -> Saved /home/jupyter/contrastive-forecasting/checkpoints/enc_fcst_dk09_fp32_150k_best_loss.pth
[  10000] loss=2.1845  ema_loss=2.1798  gap=1.0041  ema_gap=1.0072  mixup=17/100  3.1 sps  ETA 12.6h
              R²_rand=0.9893  R²_naive=0.9896  U_t=0.1337  U_b=0.1269  AUC=1.0000  Top1=1.0000
  timing: data=15.2ms  fwd=94.2ms  bwd=9.7ms  total=119.5ms
  -> Saved /home/jupyter/contrastive-forecasting/checkpoints/enc_fcst_dk09_fp32_150k_best_gap.pth
  -> Saved /home/jupyter/contrastive-forecasting/checkpoints/enc_fcst_dk09_fp32_150k_best_loss.pth
  -> Saved /home/jupyter/contrastive-forecasting/checkpoints/enc_fcst_dk09_fp32_150k_10k.pth
[  10100] loss=2.1768  ema_loss=2.1795  gap=1.0041  ema_gap=1.0072  mixup=35/100  3.1 sps  ETA 12.6h
              R²_rand=0.9894  R²_naive=0.9896  U_t=0.1338  U_b=0.1276  AUC=1.0000  Top1=1.0000
  timing: data=4.1ms  fwd=94.8ms  bwd=9.9ms  total=109.3ms
  -> Saved /home/jupyter/contrastive-forecasting/checkpoints/enc_fcst_dk09_fp32_150k_best_loss.pth
[  10200] loss=2.1803  ema_loss=2.1792  gap=1.0084  ema_gap=1.0075  mixup=25/100  3.1 sps  ETA 12.6h
              R²_rand=0.9892  R²_naive=0.9895  U_t=0.1351  U_b=0.1271  AUC=1.0000  Top1=1.0000
  timing: data=16.0ms  fwd=94.1ms  bwd=10.2ms  total=120.8ms
  -> Saved /home/jupyter/contrastive-forecasting/checkpoints/enc_fcst_dk09_fp32_150k_best_gap.pth
  -> Saved /home/jupyter/contrastive-forecasting/checkpoints/enc_fcst_dk09_fp32_150k_best_loss.pth
[  10300] loss=2.1811  ema_loss=2.1791  gap=1.0097  ema_gap=1.0072  mixup=28/100  3.1 sps  ETA 12.5h
              R²_rand=0.9893  R²_naive=0.9896  U_t=0.1343  U_b=0.1272  AUC=1.0000  Top1=1.0000
  timing: data=3.8ms  fwd=95.5ms  bwd=10.5ms  total=110.4ms
  -> Saved /home/jupyter/contrastive-forecasting/checkpoints/enc_fcst_dk09_fp32_150k_best_loss.pth
[  10400] loss=2.1790  ema_loss=2.1788  gap=1.0083  ema_gap=1.0074  mixup=32/100  3.1 sps  ETA 12.5h
              R²_rand=0.9895  R²_naive=0.9897  U_t=0.1339  U_b=0.1269  AUC=1.0000  Top1=1.0000
  timing: data=17.0ms  fwd=92.7ms  bwd=10.1ms  total=120.4ms
  -> Saved /home/jupyter/contrastive-forecasting/checkpoints/enc_fcst_dk09_fp32_150k_best_loss.pth
[  10500] loss=2.1731  ema_loss=2.1788  gap=1.0114  ema_gap=1.0089  mixup=26/100  3.1 sps  ETA 12.5h
              R²_rand=0.9895  R²_naive=0.9898  U_t=0.1353  U_b=0.1275  AUC=1.0000  Top1=1.0000
  timing: data=16.4ms  fwd=92.5ms  bwd=9.7ms  total=119.1ms
  -> Saved /home/jupyter/contrastive-forecasting/checkpoints/enc_fcst_dk09_fp32_150k_best_gap.pth
  -> Saved /home/jupyter/contrastive-forecasting/checkpoints/enc_fcst_dk09_fp32_150k_best_loss.pth
[  10600] loss=2.1783  ema_loss=2.1789  gap=1.0185  ema_gap=1.0105  mixup=28/100  3.1 sps  ETA 12.5h
              R²_rand=0.9894  R²_naive=0.9897  U_t=0.1351  U_b=0.1274  AUC=1.0000  Top1=1.0000
  timing: data=4.9ms  fwd=93.9ms  bwd=9.2ms  total=108.5ms
  -> Saved /home/jupyter/contrastive-forecasting/checkpoints/enc_fcst_dk09_fp32_150k_best_gap.pth
[  10700] loss=2.1771  ema_loss=2.1786  gap=1.0178  ema_gap=1.0121  mixup=28/100  3.1 sps  ETA 12.5h
              R²_rand=0.9894  R²_naive=0.9897  U_t=0.1326  U_b=0.1274  AUC=1.0000  Top1=1.0000
  timing: data=16.2ms  fwd=93.1ms  bwd=9.5ms  total=119.3ms
  -> Saved /home/jupyter/contrastive-forecasting/checkpoints/enc_fcst_dk09_fp32_150k_best_gap.pth
  -> Saved /home/jupyter/contrastive-forecasting/checkpoints/enc_fcst_dk09_fp32_150k_best_loss.pth
[  10800] loss=2.1784  ema_loss=2.1783  gap=1.0126  ema_gap=1.0133  mixup=30/100  3.1 sps  ETA 12.5h
              R²_rand=0.9895  R²_naive=0.9898  U_t=0.1339  U_b=0.1273  AUC=1.0000  Top1=1.0000
  timing: data=16.4ms  fwd=93.1ms  bwd=9.3ms  total=119.3ms
  -> Saved /home/jupyter/contrastive-forecasting/checkpoints/enc_fcst_dk09_fp32_150k_best_gap.pth
  -> Saved /home/jupyter/contrastive-forecasting/checkpoints/enc_fcst_dk09_fp32_150k_best_loss.pth
[  10900] loss=2.1736  ema_loss=2.1786  gap=1.0156  ema_gap=1.0146  mixup=30/100  3.1 sps  ETA 12.5h
              R²_rand=0.9894  R²_naive=0.9898  U_t=0.1345  U_b=0.1279  AUC=1.0000  Top1=1.0000
  timing: data=4.1ms  fwd=95.2ms  bwd=10.2ms  total=110.1ms
  -> Saved /home/jupyter/contrastive-forecasting/checkpoints/enc_fcst_dk09_fp32_150k_best_gap.pth
[  11000] loss=2.1757  ema_loss=2.1781  gap=1.0150  ema_gap=1.0155  mixup=34/100  3.1 sps  ETA 12.5h
              R²_rand=0.9894  R²_naive=0.9898  U_t=0.1338  U_b=0.1278  AUC=1.0000  Top1=1.0000
  timing: data=15.6ms  fwd=93.5ms  bwd=9.8ms  total=119.4ms
  -> Saved /home/jupyter/contrastive-forecasting/checkpoints/enc_fcst_dk09_fp32_150k_best_gap.pth
  -> Saved /home/jupyter/contrastive-forecasting/checkpoints/enc_fcst_dk09_fp32_150k_best_loss.pth
[  11100] loss=2.1750  ema_loss=2.1804  gap=1.0224  ema_gap=1.0183  mixup=35/100  3.1 sps  ETA 12.5h
              R²_rand=0.9895  R²_naive=0.9899  U_t=0.1344  U_b=0.1277  AUC=1.0000  Top1=1.0000
  timing: data=16.1ms  fwd=92.8ms  bwd=9.2ms  total=118.5ms
  -> Saved /home/jupyter/contrastive-forecasting/checkpoints/enc_fcst_dk09_fp32_150k_best_gap.pth
[  11200] loss=2.1768  ema_loss=2.1786  gap=1.0226  ema_gap=1.0183  mixup=29/100  3.1 sps  ETA 12.5h
              R²_rand=0.9895  R²_naive=0.9899  U_t=0.1328  U_b=0.1276  AUC=1.0000  Top1=1.0000
  timing: data=3.5ms  fwd=95.5ms  bwd=10.0ms  total=109.5ms
  -> Saved /home/jupyter/contrastive-forecasting/checkpoints/enc_fcst_dk09_fp32_150k_best_gap.pth
[  11300] loss=2.1771  ema_loss=2.1775  gap=1.0240  ema_gap=1.0183  mixup=27/100  3.1 sps  ETA 12.5h
              R²_rand=0.9896  R²_naive=0.9900  U_t=0.1342  U_b=0.1275  AUC=1.0000  Top1=1.0000
  timing: data=40.7ms  fwd=92.3ms  bwd=10.0ms  total=143.6ms
  -> Saved /home/jupyter/contrastive-forecasting/checkpoints/enc_fcst_dk09_fp32_150k_best_loss.pth
[  11400] loss=2.1740  ema_loss=2.1772  gap=1.0152  ema_gap=1.0178  mixup=35/100  3.1 sps  ETA 12.4h
              R²_rand=0.9896  R²_naive=0.9899  U_t=0.1342  U_b=0.1274  AUC=1.0000  Top1=1.0000
  timing: data=15.7ms  fwd=90.9ms  bwd=9.5ms  total=116.6ms
  -> Saved /home/jupyter/contrastive-forecasting/checkpoints/enc_fcst_dk09_fp32_150k_best_loss.pth
[  11500] loss=2.1769  ema_loss=2.1771  gap=1.0232  ema_gap=1.0180  mixup=19/100  3.1 sps  ETA 12.4h
              R²_rand=0.9896  R²_naive=0.9899  U_t=0.1335  U_b=0.1275  AUC=1.0000  Top1=1.0000
  timing: data=4.7ms  fwd=94.1ms  bwd=9.5ms  total=108.8ms
  -> Saved /home/jupyter/contrastive-forecasting/checkpoints/enc_fcst_dk09_fp32_150k_best_loss.pth
[  11600] loss=2.1737  ema_loss=2.1769  gap=1.0227  ema_gap=1.0189  mixup=28/100  3.1 sps  ETA 12.4h
              R²_rand=0.9895  R²_naive=0.9899  U_t=0.1342  U_b=0.1278  AUC=1.0000  Top1=1.0000
  timing: data=16.0ms  fwd=93.0ms  bwd=9.7ms  total=119.3ms
  -> Saved /home/jupyter/contrastive-forecasting/checkpoints/enc_fcst_dk09_fp32_150k_best_gap.pth
  -> Saved /home/jupyter/contrastive-forecasting/checkpoints/enc_fcst_dk09_fp32_150k_best_loss.pth
[  11700] loss=2.1729  ema_loss=2.1768  gap=1.0181  ema_gap=1.0188  mixup=36/100  3.1 sps  ETA 12.4h
              R²_rand=0.9895  R²_naive=0.9898  U_t=0.1341  U_b=0.1277  AUC=1.0000  Top1=1.0000
  timing: data=4.7ms  fwd=94.0ms  bwd=10.6ms  total=109.8ms
  -> Saved /home/jupyter/contrastive-forecasting/checkpoints/enc_fcst_dk09_fp32_150k_best_loss.pth
[  11800] loss=2.1754  ema_loss=2.1764  gap=1.0190  ema_gap=1.0198  mixup=32/100  3.1 sps  ETA 12.4h
              R²_rand=0.9896  R²_naive=0.9899  U_t=0.1333  U_b=0.1273  AUC=1.0000  Top1=1.0000
  timing: data=16.1ms  fwd=93.1ms  bwd=9.4ms  total=119.1ms
  -> Saved /home/jupyter/contrastive-forecasting/checkpoints/enc_fcst_dk09_fp32_150k_best_gap.pth
  -> Saved /home/jupyter/contrastive-forecasting/checkpoints/enc_fcst_dk09_fp32_150k_best_loss.pth
[  11900] loss=2.1757  ema_loss=2.1763  gap=1.0253  ema_gap=1.0213  mixup=26/100  3.1 sps  ETA 12.4h
              R²_rand=0.9894  R²_naive=0.9900  U_t=0.1325  U_b=0.1273  AUC=1.0000  Top1=1.0000
  timing: data=17.3ms  fwd=92.6ms  bwd=9.2ms  total=119.6ms
  -> Saved /home/jupyter/contrastive-forecasting/checkpoints/enc_fcst_dk09_fp32_150k_best_gap.pth
  -> Saved /home/jupyter/contrastive-forecasting/checkpoints/enc_fcst_dk09_fp32_150k_best_loss.pth
[  12000] loss=2.1741  ema_loss=2.1762  gap=1.0191  ema_gap=1.0227  mixup=24/100  3.1 sps  ETA 12.4h
              R²_rand=0.9897  R²_naive=0.9899  U_t=0.1332  U_b=0.1274  AUC=1.0000  Top1=1.0000
  timing: data=3.8ms  fwd=95.8ms  bwd=10.4ms  total=110.5ms
  -> Saved /home/jupyter/contrastive-forecasting/checkpoints/enc_fcst_dk09_fp32_150k_best_gap.pth
  -> Saved /home/jupyter/contrastive-forecasting/checkpoints/enc_fcst_dk09_fp32_150k_best_loss.pth
[  12100] loss=2.1788  ema_loss=2.1757  gap=1.0157  ema_gap=1.0235  mixup=33/100  3.1 sps  ETA 12.4h
              R²_rand=0.9896  R²_naive=0.9900  U_t=0.1337  U_b=0.1272  AUC=1.0000  Top1=1.0000
  timing: data=15.2ms  fwd=93.0ms  bwd=9.3ms  total=118.0ms
  -> Saved /home/jupyter/contrastive-forecasting/checkpoints/enc_fcst_dk09_fp32_150k_best_gap.pth
  -> Saved /home/jupyter/contrastive-forecasting/checkpoints/enc_fcst_dk09_fp32_150k_best_loss.pth
[  12200] loss=2.1801  ema_loss=2.1757  gap=1.0246  ema_gap=1.0240  mixup=30/100  3.1 sps  ETA 12.4h
              R²_rand=0.9896  R²_naive=0.9900  U_t=0.1336  U_b=0.1272  AUC=1.0000  Top1=1.0000
  timing: data=15.6ms  fwd=94.5ms  bwd=9.2ms  total=119.9ms
  -> Saved /home/jupyter/contrastive-forecasting/checkpoints/enc_fcst_dk09_fp32_150k_best_gap.pth
  -> Saved /home/jupyter/contrastive-forecasting/checkpoints/enc_fcst_dk09_fp32_150k_best_loss.pth
[  12300] loss=2.1718  ema_loss=2.1751  gap=1.0227  ema_gap=1.0250  mixup=31/100  3.1 sps  ETA 12.4h
              R²_rand=0.9895  R²_naive=0.9900  U_t=0.1334  U_b=0.1277  AUC=1.0000  Top1=1.0000
  timing: data=3.8ms  fwd=95.7ms  bwd=9.3ms  total=109.3ms
  -> Saved /home/jupyter/contrastive-forecasting/checkpoints/enc_fcst_dk09_fp32_150k_best_gap.pth
  -> Saved /home/jupyter/contrastive-forecasting/checkpoints/enc_fcst_dk09_fp32_150k_best_loss.pth
[  12400] loss=2.1675  ema_loss=2.1750  gap=1.0261  ema_gap=1.0249  mixup=32/100  3.1 sps  ETA 12.3h
              R²_rand=0.9896  R²_naive=0.9900  U_t=0.1329  U_b=0.1281  AUC=1.0000  Top1=1.0000
  timing: data=16.1ms  fwd=92.1ms  bwd=9.4ms  total=118.2ms
  -> Saved /home/jupyter/contrastive-forecasting/checkpoints/enc_fcst_dk09_fp32_150k_best_loss.pth
[  12500] loss=2.1722  ema_loss=2.1749  gap=1.0319  ema_gap=1.0263  mixup=37/100  3.1 sps  ETA 12.3h
              R²_rand=0.9896  R²_naive=0.9901  U_t=0.1342  U_b=0.1276  AUC=1.0000  Top1=1.0000
  timing: data=15.4ms  fwd=93.3ms  bwd=9.8ms  total=119.0ms
  -> Saved /home/jupyter/contrastive-forecasting/checkpoints/enc_fcst_dk09_fp32_150k_best_gap.pth
  -> Saved /home/jupyter/contrastive-forecasting/checkpoints/enc_fcst_dk09_fp32_150k_best_loss.pth
[  12600] loss=2.1620  ema_loss=2.1743  gap=1.0265  ema_gap=1.0275  mixup=27/100  3.1 sps  ETA 12.3h
              R²_rand=0.9886  R²_naive=0.9891  U_t=0.1359  U_b=0.1302  AUC=1.0000  Top1=1.0000
  timing: data=4.7ms  fwd=94.0ms  bwd=9.2ms  total=108.5ms
  -> Saved /home/jupyter/contrastive-forecasting/checkpoints/enc_fcst_dk09_fp32_150k_best_gap.pth
  -> Saved /home/jupyter/contrastive-forecasting/checkpoints/enc_fcst_dk09_fp32_150k_best_loss.pth
[  12700] loss=2.1593  ema_loss=2.1647  gap=1.0357  ema_gap=1.0281  mixup=29/100  3.1 sps  ETA 12.3h
              R²_rand=0.9894  R²_naive=0.9899  U_t=0.1354  U_b=0.1299  AUC=1.0000  Top1=1.0000
  timing: data=16.3ms  fwd=92.7ms  bwd=9.2ms  total=118.7ms
  -> Saved /home/jupyter/contrastive-forecasting/checkpoints/enc_fcst_dk09_fp32_150k_best_gap.pth
  -> Saved /home/jupyter/contrastive-forecasting/checkpoints/enc_fcst_dk09_fp32_150k_best_loss.pth
[  12800] loss=2.1566  ema_loss=2.1607  gap=1.0277  ema_gap=1.0290  mixup=34/100  3.1 sps  ETA 12.3h
              R²_rand=0.9896  R²_naive=0.9901  U_t=0.1356  U_b=0.1299  AUC=1.0000  Top1=1.0000
  timing: data=4.9ms  fwd=94.5ms  bwd=9.4ms  total=109.3ms
  -> Saved /home/jupyter/contrastive-forecasting/checkpoints/enc_fcst_dk09_fp32_150k_best_gap.pth
  -> Saved /home/jupyter/contrastive-forecasting/checkpoints/enc_fcst_dk09_fp32_150k_best_loss.pth
[  12900] loss=2.1575  ema_loss=2.1583  gap=1.0278  ema_gap=1.0303  mixup=28/100  3.1 sps  ETA 12.3h
              R²_rand=0.9894  R²_naive=0.9898  U_t=0.1358  U_b=0.1302  AUC=1.0000  Top1=1.0000
  timing: data=15.4ms  fwd=93.8ms  bwd=9.0ms  total=118.7ms
  -> Saved /home/jupyter/contrastive-forecasting/checkpoints/enc_fcst_dk09_fp32_150k_best_gap.pth
  -> Saved /home/jupyter/contrastive-forecasting/checkpoints/enc_fcst_dk09_fp32_150k_best_loss.pth
[  13000] loss=2.1615  ema_loss=2.1572  gap=1.0334  ema_gap=1.0308  mixup=31/100  3.1 sps  ETA 12.3h
              R²_rand=0.9896  R²_naive=0.9901  U_t=0.1356  U_b=0.1301  AUC=1.0000  Top1=1.0000
  timing: data=15.3ms  fwd=93.3ms  bwd=9.5ms  total=118.6ms
  -> Saved /home/jupyter/contrastive-forecasting/checkpoints/enc_fcst_dk09_fp32_150k_best_gap.pth
  -> Saved /home/jupyter/contrastive-forecasting/checkpoints/enc_fcst_dk09_fp32_150k_best_loss.pth
[  13100] loss=2.1561  ema_loss=2.1570  gap=1.0301  ema_gap=1.0313  mixup=26/100  3.1 sps  ETA 12.3h
              R²_rand=0.9897  R²_naive=0.9901  U_t=0.1360  U_b=0.1302  AUC=1.0000  Top1=1.0000
  timing: data=4.1ms  fwd=95.0ms  bwd=9.7ms  total=109.3ms
  -> Saved /home/jupyter/contrastive-forecasting/checkpoints/enc_fcst_dk09_fp32_150k_best_gap.pth
  -> Saved /home/jupyter/contrastive-forecasting/checkpoints/enc_fcst_dk09_fp32_150k_best_loss.pth
[  13200] loss=2.1554  ema_loss=2.1563  gap=1.0360  ema_gap=1.0326  mixup=32/100  3.1 sps  ETA 12.3h
              R²_rand=0.9895  R²_naive=0.9901  U_t=0.1354  U_b=0.1305  AUC=1.0000  Top1=1.0000
  timing: data=15.9ms  fwd=93.2ms  bwd=9.2ms  total=118.8ms
  -> Saved /home/jupyter/contrastive-forecasting/checkpoints/enc_fcst_dk09_fp32_150k_best_gap.pth
  -> Saved /home/jupyter/contrastive-forecasting/checkpoints/enc_fcst_dk09_fp32_150k_best_loss.pth
[  13300] loss=2.1530  ema_loss=2.1562  gap=1.0310  ema_gap=1.0333  mixup=33/100  3.1 sps  ETA 12.3h
              R²_rand=0.9896  R²_naive=0.9901  U_t=0.1354  U_b=0.1301  AUC=1.0000  Top1=1.0000
  timing: data=33.6ms  fwd=94.4ms  bwd=9.7ms  total=138.3ms
  -> Saved /home/jupyter/contrastive-forecasting/checkpoints/enc_fcst_dk09_fp32_150k_best_gap.pth
  -> Saved /home/jupyter/contrastive-forecasting/checkpoints/enc_fcst_dk09_fp32_150k_best_loss.pth
[  13400] loss=2.1548  ema_loss=2.1562  gap=1.0382  ema_gap=1.0333  mixup=29/100  3.1 sps  ETA 12.3h
              R²_rand=0.9897  R²_naive=0.9902  U_t=0.1348  U_b=0.1300  AUC=1.0000  Top1=1.0000
  timing: data=3.7ms  fwd=95.9ms  bwd=9.1ms  total=109.1ms
  -> Saved /home/jupyter/contrastive-forecasting/checkpoints/enc_fcst_dk09_fp32_150k_best_gap.pth
[  13500] loss=2.1562  ema_loss=2.1561  gap=1.0374  ema_gap=1.0332  mixup=31/100  3.1 sps  ETA 12.2h
              R²_rand=0.9897  R²_naive=0.9902  U_t=0.1346  U_b=0.1298  AUC=1.0000  Top1=1.0000
  timing: data=16.5ms  fwd=95.1ms  bwd=9.3ms  total=121.4ms
  -> Saved /home/jupyter/contrastive-forecasting/checkpoints/enc_fcst_dk09_fp32_150k_best_loss.pth
[  13600] loss=2.1392  ema_loss=2.1531  gap=1.0287  ema_gap=1.0330  mixup=28/100  3.1 sps  ETA 12.2h
              R²_rand=0.9894  R²_naive=0.9898  U_t=0.1381  U_b=0.1326  AUC=1.0000  Top1=1.0000
  timing: data=42.5ms  fwd=97.4ms  bwd=9.6ms  total=150.0ms
  -> Saved /home/jupyter/contrastive-forecasting/checkpoints/enc_fcst_dk09_fp32_150k_best_loss.pth
[  13700] loss=2.1414  ema_loss=2.1455  gap=1.0354  ema_gap=1.0339  mixup=23/100  3.1 sps  ETA 12.2h
              R²_rand=0.9894  R²_naive=0.9900  U_t=0.1378  U_b=0.1322  AUC=1.0000  Top1=1.0000
  timing: data=5.1ms  fwd=93.5ms  bwd=9.9ms  total=109.1ms
  -> Saved /home/jupyter/contrastive-forecasting/checkpoints/enc_fcst_dk09_fp32_150k_best_gap.pth
  -> Saved /home/jupyter/contrastive-forecasting/checkpoints/enc_fcst_dk09_fp32_150k_best_loss.pth
[  13800] loss=2.1360  ema_loss=2.1414  gap=1.0427  ema_gap=1.0349  mixup=31/100  3.1 sps  ETA 12.2h
              R²_rand=0.9895  R²_naive=0.9902  U_t=0.1369  U_b=0.1326  AUC=1.0000  Top1=1.0000
  timing: data=23.7ms  fwd=92.6ms  bwd=10.8ms  total=127.6ms
  -> Saved /home/jupyter/contrastive-forecasting/checkpoints/enc_fcst_dk09_fp32_150k_best_gap.pth
  -> Saved /home/jupyter/contrastive-forecasting/checkpoints/enc_fcst_dk09_fp32_150k_best_loss.pth
[  13900] loss=2.1336  ema_loss=2.1394  gap=1.0338  ema_gap=1.0353  mixup=28/100  3.1 sps  ETA 12.2h
              R²_rand=0.9896  R²_naive=0.9901  U_t=0.1380  U_b=0.1330  AUC=1.0000  Top1=1.0000
  timing: data=16.5ms  fwd=94.2ms  bwd=9.7ms  total=121.0ms
  -> Saved /home/jupyter/contrastive-forecasting/checkpoints/enc_fcst_dk09_fp32_150k_best_gap.pth
  -> Saved /home/jupyter/contrastive-forecasting/checkpoints/enc_fcst_dk09_fp32_150k_best_loss.pth
[  14000] loss=2.1241  ema_loss=2.1361  gap=1.0372  ema_gap=1.0364  mixup=31/100  3.1 sps  ETA 12.2h
              R²_rand=0.9894  R²_naive=0.9898  U_t=0.1405  U_b=0.1353  AUC=1.0000  Top1=1.0000
  timing: data=4.3ms  fwd=96.4ms  bwd=9.2ms  total=110.4ms
  -> Saved /home/jupyter/contrastive-forecasting/checkpoints/enc_fcst_dk09_fp32_150k_best_gap.pth
  -> Saved /home/jupyter/contrastive-forecasting/checkpoints/enc_fcst_dk09_fp32_150k_best_loss.pth
[  14100] loss=2.1193  ema_loss=2.1288  gap=1.0413  ema_gap=1.0369  mixup=26/100  3.1 sps  ETA 12.2h
              R²_rand=0.9894  R²_naive=0.9900  U_t=0.1405  U_b=0.1354  AUC=1.0000  Top1=1.0000
  timing: data=15.7ms  fwd=94.8ms  bwd=10.0ms  total=120.9ms
  -> Saved /home/jupyter/contrastive-forecasting/checkpoints/enc_fcst_dk09_fp32_150k_best_gap.pth
  -> Saved /home/jupyter/contrastive-forecasting/checkpoints/enc_fcst_dk09_fp32_150k_best_loss.pth
[  14200] loss=2.1226  ema_loss=2.1248  gap=1.0392  ema_gap=1.0373  mixup=30/100  3.1 sps  ETA 12.2h
              R²_rand=0.9895  R²_naive=0.9901  U_t=0.1393  U_b=0.1355  AUC=1.0000  Top1=1.0000
  timing: data=3.6ms  fwd=95.2ms  bwd=10.1ms  total=109.4ms
  -> Saved /home/jupyter/contrastive-forecasting/checkpoints/enc_fcst_dk09_fp32_150k_best_gap.pth
  -> Saved /home/jupyter/contrastive-forecasting/checkpoints/enc_fcst_dk09_fp32_150k_best_loss.pth
[  14300] loss=2.1224  ema_loss=2.1234  gap=1.0408  ema_gap=1.0379  mixup=29/100  3.1 sps  ETA 12.2h
              R²_rand=0.9896  R²_naive=0.9902  U_t=0.1389  U_b=0.1354  AUC=1.0000  Top1=1.0000
  timing: data=15.4ms  fwd=94.8ms  bwd=9.6ms  total=120.3ms
  -> Saved /home/jupyter/contrastive-forecasting/checkpoints/enc_fcst_dk09_fp32_150k_best_gap.pth
  -> Saved /home/jupyter/contrastive-forecasting/checkpoints/enc_fcst_dk09_fp32_150k_best_loss.pth
[  14400] loss=2.1230  ema_loss=2.1222  gap=1.0403  ema_gap=1.0397  mixup=29/100  3.1 sps  ETA 12.2h
              R²_rand=0.9896  R²_naive=0.9901  U_t=0.1394  U_b=0.1351  AUC=1.0000  Top1=1.0000
  timing: data=104.6ms  fwd=94.2ms  bwd=9.5ms  total=208.8ms
  -> Saved /home/jupyter/contrastive-forecasting/checkpoints/enc_fcst_dk09_fp32_150k_best_gap.pth
  -> Saved /home/jupyter/contrastive-forecasting/checkpoints/enc_fcst_dk09_fp32_150k_best_loss.pth
[  14500] loss=2.1190  ema_loss=2.1218  gap=1.0444  ema_gap=1.0406  mixup=40/100  3.1 sps  ETA 12.2h
              R²_rand=0.9898  R²_naive=0.9903  U_t=0.1396  U_b=0.1352  AUC=1.0000  Top1=1.0000
  timing: data=5.4ms  fwd=93.3ms  bwd=9.7ms  total=108.9ms
  -> Saved /home/jupyter/contrastive-forecasting/checkpoints/enc_fcst_dk09_fp32_150k_best_gap.pth
  -> Saved /home/jupyter/contrastive-forecasting/checkpoints/enc_fcst_dk09_fp32_150k_best_loss.pth
[  14600] loss=2.1181  ema_loss=2.1214  gap=1.0422  ema_gap=1.0418  mixup=25/100  3.1 sps  ETA 12.2h
              R²_rand=0.9897  R²_naive=0.9902  U_t=0.1395  U_b=0.1357  AUC=1.0000  Top1=1.0000
  timing: data=22.6ms  fwd=93.2ms  bwd=9.6ms  total=125.9ms
  -> Saved /home/jupyter/contrastive-forecasting/checkpoints/enc_fcst_dk09_fp32_150k_best_gap.pth
  -> Saved /home/jupyter/contrastive-forecasting/checkpoints/enc_fcst_dk09_fp32_150k_best_loss.pth
[  14700] loss=2.1223  ema_loss=2.1214  gap=1.0450  ema_gap=1.0438  mixup=35/100  3.1 sps  ETA 12.2h
              R²_rand=0.9897  R²_naive=0.9903  U_t=0.1391  U_b=0.1353  AUC=1.0000  Top1=1.0000
  timing: data=16.6ms  fwd=91.8ms  bwd=9.6ms  total=118.5ms
  -> Saved /home/jupyter/contrastive-forecasting/checkpoints/enc_fcst_dk09_fp32_150k_best_gap.pth
[  14800] loss=2.1241  ema_loss=2.1211  gap=1.0470  ema_gap=1.0449  mixup=34/100  3.1 sps  ETA 12.2h
              R²_rand=0.9897  R²_naive=0.9903  U_t=0.1402  U_b=0.1354  AUC=1.0000  Top1=1.0000
  timing: data=4.3ms  fwd=95.3ms  bwd=9.7ms  total=109.9ms
  -> Saved /home/jupyter/contrastive-forecasting/checkpoints/enc_fcst_dk09_fp32_150k_best_gap.pth
  -> Saved /home/jupyter/contrastive-forecasting/checkpoints/enc_fcst_dk09_fp32_150k_best_loss.pth
[  14900] loss=2.1212  ema_loss=2.1211  gap=1.0504  ema_gap=1.0447  mixup=45/100  3.1 sps  ETA 12.2h
              R²_rand=0.9898  R²_naive=0.9904  U_t=0.1393  U_b=0.1352  AUC=1.0000  Top1=1.0000
  timing: data=17.4ms  fwd=93.7ms  bwd=10.7ms  total=122.4ms
[  15000] loss=2.1196  ema_loss=2.1225  gap=1.0478  ema_gap=1.0466  mixup=34/100  3.1 sps  ETA 12.1h
              R²_rand=0.9896  R²_naive=0.9903  U_t=0.1399  U_b=0.1355  AUC=1.0000  Top1=1.0000
  timing: data=17.2ms  fwd=94.2ms  bwd=9.6ms  total=121.5ms
  -> Saved /home/jupyter/contrastive-forecasting/checkpoints/enc_fcst_dk09_fp32_150k_best_gap.pth
  -> Saved /home/jupyter/contrastive-forecasting/checkpoints/enc_fcst_dk09_fp32_150k_15k.pth
[  15100] loss=2.1210  ema_loss=2.1223  gap=1.0531  ema_gap=1.0484  mixup=25/100  3.1 sps  ETA 12.1h
              R²_rand=0.9898  R²_naive=0.9905  U_t=0.1394  U_b=0.1353  AUC=1.0000  Top1=1.0000
  timing: data=3.4ms  fwd=96.8ms  bwd=10.0ms  total=110.8ms
  -> Saved /home/jupyter/contrastive-forecasting/checkpoints/enc_fcst_dk09_fp32_150k_best_gap.pth
[  15200] loss=2.1257  ema_loss=2.1215  gap=1.0532  ema_gap=1.0508  mixup=33/100  3.1 sps  ETA 12.1h
              R²_rand=0.9896  R²_naive=0.9903  U_t=0.1387  U_b=0.1351  AUC=1.0000  Top1=1.0000
  timing: data=16.6ms  fwd=91.4ms  bwd=9.6ms  total=118.2ms
  -> Saved /home/jupyter/contrastive-forecasting/checkpoints/enc_fcst_dk09_fp32_150k_best_gap.pth
[  15300] loss=2.1179  ema_loss=2.1213  gap=1.0459  ema_gap=1.0514  mixup=27/100  3.1 sps  ETA 12.1h
              R²_rand=0.9898  R²_naive=0.9904  U_t=0.1393  U_b=0.1359  AUC=1.0000  Top1=1.0000
  timing: data=4.0ms  fwd=96.2ms  bwd=9.8ms  total=110.4ms
  -> Saved /home/jupyter/contrastive-forecasting/checkpoints/enc_fcst_dk09_fp32_150k_best_gap.pth
[  15400] loss=2.1232  ema_loss=2.1251  gap=1.0678  ema_gap=1.0567  mixup=32/100  3.1 sps  ETA 12.1h
              R²_rand=0.9897  R²_naive=0.9905  U_t=0.1377  U_b=0.1357  AUC=1.0000  Top1=1.0000
  timing: data=16.6ms  fwd=92.7ms  bwd=9.2ms  total=119.0ms
  -> Saved /home/jupyter/contrastive-forecasting/checkpoints/enc_fcst_dk09_fp32_150k_best_gap.pth
[  15500] loss=2.1225  ema_loss=2.1232  gap=1.0617  ema_gap=1.0604  mixup=34/100  3.1 sps  ETA 12.1h
              R²_rand=0.9897  R²_naive=0.9905  U_t=0.1388  U_b=0.1356  AUC=1.0000  Top1=1.0000
  timing: data=16.5ms  fwd=92.2ms  bwd=9.7ms  total=118.9ms
  -> Saved /home/jupyter/contrastive-forecasting/checkpoints/enc_fcst_dk09_fp32_150k_best_gap.pth
[  15600] loss=2.1044  ema_loss=2.1209  gap=1.0655  ema_gap=1.0609  mixup=26/100  3.1 sps  ETA 12.1h
              R²_rand=0.9889  R²_naive=0.9898  U_t=0.1405  U_b=0.1381  AUC=1.0000  Top1=1.0000
  timing: data=4.6ms  fwd=96.1ms  bwd=9.3ms  total=110.5ms
  -> Saved /home/jupyter/contrastive-forecasting/checkpoints/enc_fcst_dk09_fp32_150k_best_gap.pth
  -> Saved /home/jupyter/contrastive-forecasting/checkpoints/enc_fcst_dk09_fp32_150k_best_loss.pth
[  15700] loss=2.1082  ema_loss=2.1118  gap=1.0531  ema_gap=1.0591  mixup=37/100  3.1 sps  ETA 12.1h
              R²_rand=0.9898  R²_naive=0.9904  U_t=0.1417  U_b=0.1378  AUC=1.0000  Top1=1.0000
  timing: data=16.9ms  fwd=93.0ms  bwd=9.3ms  total=119.7ms
  -> Saved /home/jupyter/contrastive-forecasting/checkpoints/enc_fcst_dk09_fp32_150k_best_loss.pth
[  15800] loss=2.1144  ema_loss=2.1086  gap=1.0776  ema_gap=1.0577  mixup=29/100  3.1 sps  ETA 12.1h
              R²_rand=0.9896  R²_naive=0.9904  U_t=0.1417  U_b=0.1373  AUC=1.0000  Top1=1.0000
  timing: data=16.9ms  fwd=93.9ms  bwd=9.7ms  total=121.0ms
  -> Saved /home/jupyter/contrastive-forecasting/checkpoints/enc_fcst_dk09_fp32_150k_best_loss.pth
[  15900] loss=2.1033  ema_loss=2.1057  gap=1.0579  ema_gap=1.0578  mixup=29/100  3.1 sps  ETA 12.0h
              R²_rand=0.9897  R²_naive=0.9904  U_t=0.1417  U_b=0.1385  AUC=1.0000  Top1=1.0000
  timing: data=3.9ms  fwd=95.5ms  bwd=9.7ms  total=109.6ms
  -> Saved /home/jupyter/contrastive-forecasting/checkpoints/enc_fcst_dk09_fp32_150k_best_loss.pth
[  16000] loss=2.1056  ema_loss=2.1056  gap=1.0489  ema_gap=1.0575  mixup=28/100  3.1 sps  ETA 12.0h
              R²_rand=0.9897  R²_naive=0.9904  U_t=0.1407  U_b=0.1380  AUC=1.0000  Top1=1.0000
  timing: data=15.8ms  fwd=93.8ms  bwd=9.9ms  total=120.0ms
  -> Saved /home/jupyter/contrastive-forecasting/checkpoints/enc_fcst_dk09_fp32_150k_best_loss.pth
[  16100] loss=2.1025  ema_loss=2.1048  gap=1.0629  ema_gap=1.0591  mixup=31/100  3.1 sps  ETA 12.0h
              R²_rand=0.9896  R²_naive=0.9905  U_t=0.1412  U_b=0.1381  AUC=1.0000  Top1=1.0000
  timing: data=16.2ms  fwd=93.6ms  bwd=9.7ms  total=120.0ms
  -> Saved /home/jupyter/contrastive-forecasting/checkpoints/enc_fcst_dk09_fp32_150k_best_loss.pth
[  16200] loss=2.1057  ema_loss=2.1044  gap=1.0567  ema_gap=1.0586  mixup=27/100  3.1 sps  ETA 12.0h
              R²_rand=0.9897  R²_naive=0.9904  U_t=0.1405  U_b=0.1379  AUC=1.0000  Top1=1.0000
  timing: data=3.8ms  fwd=97.1ms  bwd=9.8ms  total=111.2ms
  -> Saved /home/jupyter/contrastive-forecasting/checkpoints/enc_fcst_dk09_fp32_150k_best_loss.pth
[  16300] loss=2.1078  ema_loss=2.1041  gap=1.0555  ema_gap=1.0595  mixup=33/100  3.1 sps  ETA 12.0h
              R²_rand=0.9895  R²_naive=0.9903  U_t=0.1404  U_b=0.1377  AUC=1.0000  Top1=1.0000
  timing: data=46.5ms  fwd=93.8ms  bwd=9.2ms  total=150.0ms
  -> Saved /home/jupyter/contrastive-forecasting/checkpoints/enc_fcst_dk09_fp32_150k_best_loss.pth
[  16400] loss=2.0992  ema_loss=2.1038  gap=1.0601  ema_gap=1.0612  mixup=35/100  3.1 sps  ETA 12.0h
              R²_rand=0.9896  R²_naive=0.9904  U_t=0.1416  U_b=0.1384  AUC=1.0000  Top1=1.0000
  timing: data=86.7ms  fwd=95.2ms  bwd=9.8ms  total=192.2ms
  -> Saved /home/jupyter/contrastive-forecasting/checkpoints/enc_fcst_dk09_fp32_150k_best_gap.pth
  -> Saved /home/jupyter/contrastive-forecasting/checkpoints/enc_fcst_dk09_fp32_150k_best_loss.pth
[  16500] loss=2.1098  ema_loss=2.1037  gap=1.0594  ema_gap=1.0620  mixup=33/100  3.1 sps  ETA 12.0h
              R²_rand=0.9897  R²_naive=0.9904  U_t=0.1398  U_b=0.1379  AUC=1.0000  Top1=1.0000
  timing: data=5.4ms  fwd=93.8ms  bwd=9.2ms  total=108.9ms
  -> Saved /home/jupyter/contrastive-forecasting/checkpoints/enc_fcst_dk09_fp32_150k_best_gap.pth
  -> Saved /home/jupyter/contrastive-forecasting/checkpoints/enc_fcst_dk09_fp32_150k_best_loss.pth
[  16600] loss=2.1091  ema_loss=2.1036  gap=1.0562  ema_gap=1.0614  mixup=24/100  3.1 sps  ETA 12.0h
              R²_rand=0.9898  R²_naive=0.9905  U_t=0.1405  U_b=0.1381  AUC=1.0000  Top1=1.0000
  timing: data=32.3ms  fwd=94.8ms  bwd=10.3ms  total=137.9ms
  -> Saved /home/jupyter/contrastive-forecasting/checkpoints/enc_fcst_dk09_fp32_150k_best_loss.pth
[  16700] loss=2.0970  ema_loss=2.1039  gap=1.0591  ema_gap=1.0616  mixup=28/100  3.1 sps  ETA 12.0h
              R²_rand=0.9899  R²_naive=0.9906  U_t=0.1413  U_b=0.1384  AUC=1.0000  Top1=1.0000
  timing: data=3.9ms  fwd=94.6ms  bwd=9.2ms  total=108.2ms
[  16800] loss=2.1016  ema_loss=2.1041  gap=1.0581  ema_gap=1.0628  mixup=27/100  3.1 sps  ETA 12.0h
              R²_rand=0.9897  R²_naive=0.9904  U_t=0.1408  U_b=0.1383  AUC=1.0000  Top1=1.0000
  timing: data=84.4ms  fwd=94.2ms  bwd=9.4ms  total=188.5ms
  -> Saved /home/jupyter/contrastive-forecasting/checkpoints/enc_fcst_dk09_fp32_150k_best_gap.pth
[  16900] loss=2.1029  ema_loss=2.1035  gap=1.0689  ema_gap=1.0635  mixup=33/100  3.1 sps  ETA 12.0h
              R²_rand=0.9898  R²_naive=0.9906  U_t=0.1399  U_b=0.1379  AUC=1.0000  Top1=1.0000
  timing: data=16.3ms  fwd=94.2ms  bwd=8.9ms  total=119.9ms
  -> Saved /home/jupyter/contrastive-forecasting/checkpoints/enc_fcst_dk09_fp32_150k_best_gap.pth
  -> Saved /home/jupyter/contrastive-forecasting/checkpoints/enc_fcst_dk09_fp32_150k_best_loss.pth
[  17000] loss=2.1002  ema_loss=2.1034  gap=1.0699  ema_gap=1.0641  mixup=36/100  3.1 sps  ETA 12.0h
              R²_rand=0.9897  R²_naive=0.9905  U_t=0.1396  U_b=0.1381  AUC=1.0000  Top1=1.0000
  timing: data=4.6ms  fwd=96.5ms  bwd=9.5ms  total=111.2ms
  -> Saved /home/jupyter/contrastive-forecasting/checkpoints/enc_fcst_dk09_fp32_150k_best_gap.pth
  -> Saved /home/jupyter/contrastive-forecasting/checkpoints/enc_fcst_dk09_fp32_150k_best_loss.pth
[  17100] loss=2.1035  ema_loss=2.1034  gap=1.0682  ema_gap=1.0655  mixup=27/100  3.1 sps  ETA 12.0h
              R²_rand=0.9898  R²_naive=0.9905  U_t=0.1401  U_b=0.1381  AUC=1.0000  Top1=1.0000
  timing: data=15.3ms  fwd=95.1ms  bwd=9.8ms  total=120.7ms
  -> Saved /home/jupyter/contrastive-forecasting/checkpoints/enc_fcst_dk09_fp32_150k_best_gap.pth
  -> Saved /home/jupyter/contrastive-forecasting/checkpoints/enc_fcst_dk09_fp32_150k_best_loss.pth
[  17200] loss=2.1024  ema_loss=2.1028  gap=1.0684  ema_gap=1.0658  mixup=38/100  3.1 sps  ETA 12.0h
              R²_rand=0.9899  R²_naive=0.9907  U_t=0.1409  U_b=0.1379  AUC=1.0000  Top1=1.0000
  timing: data=17.1ms  fwd=94.3ms  bwd=10.2ms  total=122.1ms
  -> Saved /home/jupyter/contrastive-forecasting/checkpoints/enc_fcst_dk09_fp32_150k_best_gap.pth
  -> Saved /home/jupyter/contrastive-forecasting/checkpoints/enc_fcst_dk09_fp32_150k_best_loss.pth
[  17300] loss=2.1077  ema_loss=2.1032  gap=1.0727  ema_gap=1.0679  mixup=27/100  3.1 sps  ETA 12.0h
              R²_rand=0.9897  R²_naive=0.9905  U_t=0.1397  U_b=0.1379  AUC=1.0000  Top1=1.0000
  timing: data=4.0ms  fwd=95.8ms  bwd=9.5ms  total=109.8ms
  -> Saved /home/jupyter/contrastive-forecasting/checkpoints/enc_fcst_dk09_fp32_150k_best_gap.pth
[  17400] loss=2.1014  ema_loss=2.1037  gap=1.0697  ema_gap=1.0703  mixup=32/100  3.1 sps  ETA 11.9h
              R²_rand=0.9899  R²_naive=0.9906  U_t=0.1397  U_b=0.1382  AUC=1.0000  Top1=1.0000
  timing: data=17.0ms  fwd=94.1ms  bwd=9.8ms  total=121.4ms
  -> Saved /home/jupyter/contrastive-forecasting/checkpoints/enc_fcst_dk09_fp32_150k_best_gap.pth
[  17500] loss=2.1043  ema_loss=2.1033  gap=1.0681  ema_gap=1.0682  mixup=33/100  3.1 sps  ETA 11.9h
              R²_rand=0.9898  R²_naive=0.9906  U_t=0.1394  U_b=0.1378  AUC=1.0000  Top1=1.0000
  timing: data=17.0ms  fwd=93.8ms  bwd=9.8ms  total=121.1ms
[  17600] loss=2.1059  ema_loss=2.1028  gap=1.0690  ema_gap=1.0698  mixup=23/100  3.1 sps  ETA 11.9h
              R²_rand=0.9898  R²_naive=0.9906  U_t=0.1387  U_b=0.1378  AUC=1.0000  Top1=1.0000
  timing: data=4.7ms  fwd=95.2ms  bwd=9.3ms  total=109.8ms
  -> Saved /home/jupyter/contrastive-forecasting/checkpoints/enc_fcst_dk09_fp32_150k_best_loss.pth
[  17700] loss=2.1044  ema_loss=2.1027  gap=1.0750  ema_gap=1.0714  mixup=31/100  3.1 sps  ETA 11.9h
              R²_rand=0.9898  R²_naive=0.9906  U_t=0.1396  U_b=0.1380  AUC=1.0000  Top1=1.0000
  timing: data=23.0ms  fwd=92.9ms  bwd=9.5ms  total=125.9ms
  -> Saved /home/jupyter/contrastive-forecasting/checkpoints/enc_fcst_dk09_fp32_150k_best_gap.pth
  -> Saved /home/jupyter/contrastive-forecasting/checkpoints/enc_fcst_dk09_fp32_150k_best_loss.pth
[  17800] loss=2.1031  ema_loss=2.1028  gap=1.0713  ema_gap=1.0722  mixup=35/100  3.1 sps  ETA 11.9h
              R²_rand=0.9898  R²_naive=0.9906  U_t=0.1393  U_b=0.1381  AUC=1.0000  Top1=1.0000
  timing: data=4.9ms  fwd=93.5ms  bwd=9.3ms  total=108.2ms
  -> Saved /home/jupyter/contrastive-forecasting/checkpoints/enc_fcst_dk09_fp32_150k_best_gap.pth
[  17900] loss=2.1058  ema_loss=2.1028  gap=1.0800  ema_gap=1.0725  mixup=31/100  3.1 sps  ETA 11.9h
              R²_rand=0.9894  R²_naive=0.9904  U_t=0.1396  U_b=0.1387  AUC=1.0000  Top1=1.0000
  timing: data=59.0ms  fwd=95.7ms  bwd=9.6ms  total=164.7ms
  -> Saved /home/jupyter/contrastive-forecasting/checkpoints/enc_fcst_dk09_fp32_150k_best_gap.pth
[  18000] loss=2.0882  ema_loss=2.0955  gap=1.0700  ema_gap=1.0712  mixup=34/100  3.1 sps  ETA 11.9h
              R²_rand=0.9896  R²_naive=0.9904  U_t=0.1424  U_b=0.1414  AUC=1.0000  Top1=1.0000
  timing: data=16.4ms  fwd=93.8ms  bwd=9.4ms  total=120.1ms
  -> Saved /home/jupyter/contrastive-forecasting/checkpoints/enc_fcst_dk09_fp32_150k_best_loss.pth
[  18100] loss=2.0959  ema_loss=2.0912  gap=1.0737  ema_gap=1.0719  mixup=30/100  3.1 sps  ETA 11.9h
              R²_rand=0.9897  R²_naive=0.9905  U_t=0.1411  U_b=0.1407  AUC=1.0000  Top1=1.0000
  timing: data=4.2ms  fwd=97.1ms  bwd=9.3ms  total=111.1ms
  -> Saved /home/jupyter/contrastive-forecasting/checkpoints/enc_fcst_dk09_fp32_150k_best_loss.pth
[  18200] loss=2.0815  ema_loss=2.0889  gap=1.0734  ema_gap=1.0728  mixup=38/100  3.1 sps  ETA 11.9h
              R²_rand=0.9897  R²_naive=0.9905  U_t=0.1422  U_b=0.1410  AUC=1.0000  Top1=1.0000
  timing: data=16.1ms  fwd=95.2ms  bwd=9.7ms  total=121.6ms
  -> Saved /home/jupyter/contrastive-forecasting/checkpoints/enc_fcst_dk09_fp32_150k_best_gap.pth
  -> Saved /home/jupyter/contrastive-forecasting/checkpoints/enc_fcst_dk09_fp32_150k_best_loss.pth
[  18300] loss=2.0725  ema_loss=2.0821  gap=1.0753  ema_gap=1.0717  mixup=34/100  3.1 sps  ETA 11.9h
              R²_rand=0.9896  R²_naive=0.9905  U_t=0.1437  U_b=0.1436  AUC=1.0000  Top1=1.0000
  timing: data=89.3ms  fwd=93.7ms  bwd=9.3ms  total=192.8ms
  -> Saved /home/jupyter/contrastive-forecasting/checkpoints/enc_fcst_dk09_fp32_150k_best_loss.pth
[  18400] loss=2.0815  ema_loss=2.0774  gap=1.0731  ema_gap=1.0732  mixup=36/100  3.1 sps  ETA 11.9h
              R²_rand=0.9895  R²_naive=0.9904  U_t=0.1439  U_b=0.1430  AUC=1.0000  Top1=1.0000
  timing: data=4.6ms  fwd=95.4ms  bwd=9.3ms  total=109.8ms
  -> Saved /home/jupyter/contrastive-forecasting/checkpoints/enc_fcst_dk09_fp32_150k_best_gap.pth
  -> Saved /home/jupyter/contrastive-forecasting/checkpoints/enc_fcst_dk09_fp32_150k_best_loss.pth
[  18500] loss=2.0760  ema_loss=2.0749  gap=1.0772  ema_gap=1.0742  mixup=36/100  3.1 sps  ETA 11.9h
              R²_rand=0.9897  R²_naive=0.9906  U_t=0.1441  U_b=0.1434  AUC=1.0000  Top1=1.0000
  timing: data=17.1ms  fwd=92.6ms  bwd=9.7ms  total=120.0ms
  -> Saved /home/jupyter/contrastive-forecasting/checkpoints/enc_fcst_dk09_fp32_150k_best_gap.pth
  -> Saved /home/jupyter/contrastive-forecasting/checkpoints/enc_fcst_dk09_fp32_150k_best_loss.pth
[  18600] loss=2.0691  ema_loss=2.0739  gap=1.0792  ema_gap=1.0768  mixup=31/100  3.1 sps  ETA 11.9h
              R²_rand=0.9897  R²_naive=0.9907  U_t=0.1432  U_b=0.1437  AUC=1.0000  Top1=1.0000
  timing: data=16.7ms  fwd=93.9ms  bwd=10.2ms  total=121.3ms
  -> Saved /home/jupyter/contrastive-forecasting/checkpoints/enc_fcst_dk09_fp32_150k_best_gap.pth
  -> Saved /home/jupyter/contrastive-forecasting/checkpoints/enc_fcst_dk09_fp32_150k_best_loss.pth
[  18700] loss=2.0738  ema_loss=2.0735  gap=1.0777  ema_gap=1.0770  mixup=27/100  3.1 sps  ETA 11.8h
              R²_rand=0.9897  R²_naive=0.9906  U_t=0.1429  U_b=0.1431  AUC=1.0000  Top1=1.0000
  timing: data=4.1ms  fwd=95.2ms  bwd=9.2ms  total=109.0ms
  -> Saved /home/jupyter/contrastive-forecasting/checkpoints/enc_fcst_dk09_fp32_150k_best_gap.pth
  -> Saved /home/jupyter/contrastive-forecasting/checkpoints/enc_fcst_dk09_fp32_150k_best_loss.pth
[  18800] loss=2.0776  ema_loss=2.0730  gap=1.0795  ema_gap=1.0783  mixup=29/100  3.1 sps  ETA 11.8h
              R²_rand=0.9898  R²_naive=0.9907  U_t=0.1435  U_b=0.1430  AUC=1.0000  Top1=1.0000
  timing: data=16.9ms  fwd=93.7ms  bwd=9.7ms  total=120.8ms
  -> Saved /home/jupyter/contrastive-forecasting/checkpoints/enc_fcst_dk09_fp32_150k_best_gap.pth
  -> Saved /home/jupyter/contrastive-forecasting/checkpoints/enc_fcst_dk09_fp32_150k_best_loss.pth
[  18900] loss=2.0765  ema_loss=2.0725  gap=1.0802  ema_gap=1.0791  mixup=24/100  3.1 sps  ETA 11.8h
              R²_rand=0.9897  R²_naive=0.9906  U_t=0.1439  U_b=0.1429  AUC=1.0000  Top1=1.0000
  timing: data=16.3ms  fwd=95.5ms  bwd=9.7ms  total=121.9ms
  -> Saved /home/jupyter/contrastive-forecasting/checkpoints/enc_fcst_dk09_fp32_150k_best_gap.pth
  -> Saved /home/jupyter/contrastive-forecasting/checkpoints/enc_fcst_dk09_fp32_150k_best_loss.pth
[  19000] loss=2.0734  ema_loss=2.0722  gap=1.0745  ema_gap=1.0809  mixup=25/100  3.1 sps  ETA 11.8h
              R²_rand=0.9897  R²_naive=0.9906  U_t=0.1443  U_b=0.1429  AUC=1.0000  Top1=1.0000
  timing: data=3.8ms  fwd=96.3ms  bwd=9.4ms  total=110.0ms
  -> Saved /home/jupyter/contrastive-forecasting/checkpoints/enc_fcst_dk09_fp32_150k_best_gap.pth
  -> Saved /home/jupyter/contrastive-forecasting/checkpoints/enc_fcst_dk09_fp32_150k_best_loss.pth
[  19100] loss=2.0693  ema_loss=2.0721  gap=1.0799  ema_gap=1.0812  mixup=27/100  3.1 sps  ETA 11.8h
              R²_rand=0.9899  R²_naive=0.9907  U_t=0.1436  U_b=0.1432  AUC=1.0000  Top1=1.0000
  timing: data=184.2ms  fwd=94.7ms  bwd=9.2ms  total=288.7ms
  -> Saved /home/jupyter/contrastive-forecasting/checkpoints/enc_fcst_dk09_fp32_150k_best_gap.pth
  -> Saved /home/jupyter/contrastive-forecasting/checkpoints/enc_fcst_dk09_fp32_150k_best_loss.pth
[  19200] loss=2.0730  ema_loss=2.0718  gap=1.0799  ema_gap=1.0817  mixup=35/100  3.1 sps  ETA 11.8h
              R²_rand=0.9898  R²_naive=0.9907  U_t=0.1440  U_b=0.1432  AUC=1.0000  Top1=1.0000
  timing: data=4.0ms  fwd=95.8ms  bwd=9.9ms  total=110.2ms
  -> Saved /home/jupyter/contrastive-forecasting/checkpoints/enc_fcst_dk09_fp32_150k_best_gap.pth
  -> Saved /home/jupyter/contrastive-forecasting/checkpoints/enc_fcst_dk09_fp32_150k_best_loss.pth
[  19300] loss=2.0727  ema_loss=2.0716  gap=1.0882  ema_gap=1.0831  mixup=29/100  3.1 sps  ETA 11.8h
              R²_rand=0.9898  R²_naive=0.9907  U_t=0.1429  U_b=0.1430  AUC=1.0000  Top1=1.0000
  timing: data=17.0ms  fwd=95.9ms  bwd=9.6ms  total=123.1ms
  -> Saved /home/jupyter/contrastive-forecasting/checkpoints/enc_fcst_dk09_fp32_150k_best_gap.pth
  -> Saved /home/jupyter/contrastive-forecasting/checkpoints/enc_fcst_dk09_fp32_150k_best_loss.pth
[  19400] loss=2.0706  ema_loss=2.0718  gap=1.0866  ema_gap=1.0834  mixup=34/100  3.1 sps  ETA 11.8h
              R²_rand=0.9899  R²_naive=0.9908  U_t=0.1428  U_b=0.1430  AUC=1.0000  Top1=1.0000
  timing: data=16.9ms  fwd=92.3ms  bwd=9.8ms  total=119.6ms
  -> Saved /home/jupyter/contrastive-forecasting/checkpoints/enc_fcst_dk09_fp32_150k_best_gap.pth
[  19500] loss=2.0702  ema_loss=2.0720  gap=1.0850  ema_gap=1.0854  mixup=27/100  3.1 sps  ETA 11.8h
              R²_rand=0.9898  R²_naive=0.9907  U_t=0.1436  U_b=0.1433  AUC=1.0000  Top1=1.0000
  timing: data=4.4ms  fwd=97.4ms  bwd=9.6ms  total=112.0ms
  -> Saved /home/jupyter/contrastive-forecasting/checkpoints/enc_fcst_dk09_fp32_150k_best_gap.pth
[  19600] loss=2.0696  ema_loss=2.0720  gap=1.0905  ema_gap=1.0868  mixup=32/100  3.1 sps  ETA 11.8h
              R²_rand=0.9898  R²_naive=0.9908  U_t=0.1428  U_b=0.1432  AUC=1.0000  Top1=1.0000
  timing: data=17.1ms  fwd=92.0ms  bwd=9.5ms  total=119.1ms
  -> Saved /home/jupyter/contrastive-forecasting/checkpoints/enc_fcst_dk09_fp32_150k_best_gap.pth
[  19700] loss=2.0727  ema_loss=2.0712  gap=1.0821  ema_gap=1.0866  mixup=24/100  3.1 sps  ETA 11.8h
              R²_rand=0.9898  R²_naive=0.9907  U_t=0.1435  U_b=0.1432  AUC=1.0000  Top1=1.0000
  timing: data=16.7ms  fwd=93.0ms  bwd=9.7ms  total=119.9ms
  -> Saved /home/jupyter/contrastive-forecasting/checkpoints/enc_fcst_dk09_fp32_150k_best_loss.pth
[  19800] loss=2.0698  ema_loss=2.0712  gap=1.0861  ema_gap=1.0851  mixup=39/100  3.1 sps  ETA 11.8h
              R²_rand=0.9897  R²_naive=0.9907  U_t=0.1435  U_b=0.1434  AUC=1.0000  Top1=1.0000
  timing: data=5.4ms  fwd=95.1ms  bwd=9.1ms  total=110.0ms
  -> Saved /home/jupyter/contrastive-forecasting/checkpoints/enc_fcst_dk09_fp32_150k_best_loss.pth
[  19900] loss=2.0670  ema_loss=2.0713  gap=1.0825  ema_gap=1.0857  mixup=38/100  3.1 sps  ETA 11.8h
              R²_rand=0.9900  R²_naive=0.9909  U_t=0.1440  U_b=0.1435  AUC=1.0000  Top1=1.0000
  timing: data=23.6ms  fwd=93.1ms  bwd=10.2ms  total=127.4ms
[  20000] loss=2.0725  ema_loss=2.0734  gap=1.0885  ema_gap=1.0893  mixup=24/100  3.1 sps  ETA 11.8h
              R²_rand=0.9897  R²_naive=0.9907  U_t=0.1425  U_b=0.1431  AUC=1.0000  Top1=1.0000
  timing: data=16.6ms  fwd=93.4ms  bwd=10.0ms  total=120.6ms
  -> Saved /home/jupyter/contrastive-forecasting/checkpoints/enc_fcst_dk09_fp32_150k_best_gap.pth
  -> Saved /home/jupyter/contrastive-forecasting/checkpoints/enc_fcst_dk09_fp32_150k_20k.pth
[  20100] loss=2.0715  ema_loss=2.0717  gap=1.0885  ema_gap=1.0897  mixup=30/100  3.1 sps  ETA 11.7h
              R²_rand=0.9898  R²_naive=0.9908  U_t=0.1432  U_b=0.1432  AUC=1.0000  Top1=1.0000
  timing: data=4.1ms  fwd=95.8ms  bwd=10.0ms  total=110.4ms
  -> Saved /home/jupyter/contrastive-forecasting/checkpoints/enc_fcst_dk09_fp32_150k_best_gap.pth
[  20200] loss=2.0595  ema_loss=2.0677  gap=1.0831  ema_gap=1.0860  mixup=35/100  3.1 sps  ETA 11.7h
              R²_rand=0.9894  R²_naive=0.9904  U_t=0.1465  U_b=0.1459  AUC=1.0000  Top1=1.0000
  timing: data=17.4ms  fwd=95.1ms  bwd=9.6ms  total=122.6ms
  -> Saved /home/jupyter/contrastive-forecasting/checkpoints/enc_fcst_dk09_fp32_150k_best_loss.pth
[  20300] loss=2.0582  ema_loss=2.0615  gap=1.0852  ema_gap=1.0841  mixup=27/100  3.1 sps  ETA 11.7h
              R²_rand=0.9897  R²_naive=0.9906  U_t=0.1452  U_b=0.1453  AUC=1.0000  Top1=1.0000
  timing: data=16.5ms  fwd=94.6ms  bwd=9.6ms  total=121.2ms
  -> Saved /home/jupyter/contrastive-forecasting/checkpoints/enc_fcst_dk09_fp32_150k_best_loss.pth
[  20400] loss=2.0542  ema_loss=2.0587  gap=1.0883  ema_gap=1.0838  mixup=30/100  3.1 sps  ETA 11.7h
              R²_rand=0.9897  R²_naive=0.9907  U_t=0.1451  U_b=0.1457  AUC=1.0000  Top1=1.0000
  timing: data=3.8ms  fwd=98.2ms  bwd=10.0ms  total=112.4ms
  -> Saved /home/jupyter/contrastive-forecasting/checkpoints/enc_fcst_dk09_fp32_150k_best_loss.pth
[  20500] loss=2.0546  ema_loss=2.0575  gap=1.0926  ema_gap=1.0845  mixup=23/100  3.1 sps  ETA 11.7h
              R²_rand=0.9898  R²_naive=0.9908  U_t=0.1455  U_b=0.1458  AUC=1.0000  Top1=1.0000
  timing: data=16.9ms  fwd=94.6ms  bwd=9.4ms  total=121.5ms
  -> Saved /home/jupyter/contrastive-forecasting/checkpoints/enc_fcst_dk09_fp32_150k_best_loss.pth
[  20600] loss=2.0577  ema_loss=2.0569  gap=1.0832  ema_gap=1.0851  mixup=27/100  3.1 sps  ETA 11.7h
              R²_rand=0.9897  R²_naive=0.9907  U_t=0.1454  U_b=0.1455  AUC=1.0000  Top1=1.0000
  timing: data=5.2ms  fwd=94.7ms  bwd=9.0ms  total=109.4ms
  -> Saved /home/jupyter/contrastive-forecasting/checkpoints/enc_fcst_dk09_fp32_150k_best_loss.pth
[  20700] loss=2.0613  ema_loss=2.0566  gap=1.0876  ema_gap=1.0858  mixup=39/100  3.1 sps  ETA 11.7h
              R²_rand=0.9898  R²_naive=0.9907  U_t=0.1452  U_b=0.1453  AUC=1.0000  Top1=1.0000
  timing: data=15.9ms  fwd=92.8ms  bwd=9.2ms  total=118.3ms
  -> Saved /home/jupyter/contrastive-forecasting/checkpoints/enc_fcst_dk09_fp32_150k_best_loss.pth
[  20800] loss=2.0591  ema_loss=2.0557  gap=1.0816  ema_gap=1.0858  mixup=28/100  3.1 sps  ETA 11.7h
              R²_rand=0.9898  R²_naive=0.9907  U_t=0.1460  U_b=0.1456  AUC=1.0000  Top1=1.0000
  timing: data=15.4ms  fwd=94.3ms  bwd=9.6ms  total=119.8ms
  -> Saved /home/jupyter/contrastive-forecasting/checkpoints/enc_fcst_dk09_fp32_150k_best_loss.pth
[  20900] loss=2.0529  ema_loss=2.0560  gap=1.0854  ema_gap=1.0859  mixup=43/100  3.1 sps  ETA 11.7h
              R²_rand=0.9898  R²_naive=0.9909  U_t=0.1454  U_b=0.1458  AUC=1.0000  Top1=1.0000
  timing: data=4.2ms  fwd=97.3ms  bwd=10.2ms  total=112.3ms
[  21000] loss=2.0540  ema_loss=2.0561  gap=1.0848  ema_gap=1.0869  mixup=26/100  3.1 sps  ETA 11.7h
              R²_rand=0.9899  R²_naive=0.9908  U_t=0.1455  U_b=0.1459  AUC=1.0000  Top1=1.0000
  timing: data=33.6ms  fwd=94.5ms  bwd=10.2ms  total=138.8ms
[  21100] loss=2.0530  ema_loss=2.0559  gap=1.0928  ema_gap=1.0867  mixup=30/100  3.1 sps  ETA 11.6h
              R²_rand=0.9899  R²_naive=0.9909  U_t=0.1455  U_b=0.1458  AUC=1.0000  Top1=1.0000
  timing: data=17.4ms  fwd=94.2ms  bwd=9.6ms  total=121.8ms
[  21200] loss=2.0517  ema_loss=2.0561  gap=1.0882  ema_gap=1.0875  mixup=23/100  3.1 sps  ETA 11.6h
              R²_rand=0.9900  R²_naive=0.9910  U_t=0.1458  U_b=0.1458  AUC=1.0000  Top1=1.0000
  timing: data=4.9ms  fwd=94.9ms  bwd=9.3ms  total=109.6ms
[  21300] loss=2.0591  ema_loss=2.0556  gap=1.0888  ema_gap=1.0864  mixup=31/100  3.1 sps  ETA 11.6h
              R²_rand=0.9900  R²_naive=0.9909  U_t=0.1465  U_b=0.1453  AUC=1.0000  Top1=1.0000
  timing: data=34.9ms  fwd=94.6ms  bwd=9.2ms  total=139.2ms
  -> Saved /home/jupyter/contrastive-forecasting/checkpoints/enc_fcst_dk09_fp32_150k_best_loss.pth
[  21400] loss=2.0503  ema_loss=2.0552  gap=1.0896  ema_gap=1.0859  mixup=37/100  3.1 sps  ETA 11.6h
              R²_rand=0.9899  R²_naive=0.9909  U_t=0.1458  U_b=0.1462  AUC=1.0000  Top1=1.0000
  timing: data=18.8ms  fwd=95.3ms  bwd=10.1ms  total=124.7ms
  -> Saved /home/jupyter/contrastive-forecasting/checkpoints/enc_fcst_dk09_fp32_150k_best_loss.pth
[  21500] loss=2.0517  ema_loss=2.0555  gap=1.0831  ema_gap=1.0866  mixup=34/100  3.1 sps  ETA 11.6h
              R²_rand=0.9900  R²_naive=0.9909  U_t=0.1458  U_b=0.1458  AUC=1.0000  Top1=1.0000
  timing: data=4.4ms  fwd=95.6ms  bwd=9.5ms  total=110.0ms
[  21600] loss=2.0532  ema_loss=2.0552  gap=1.0883  ema_gap=1.0868  mixup=31/100  3.1 sps  ETA 11.6h
              R²_rand=0.9899  R²_naive=0.9909  U_t=0.1464  U_b=0.1460  AUC=1.0000  Top1=1.0000
  timing: data=17.5ms  fwd=94.0ms  bwd=10.5ms  total=122.6ms
[  21700] loss=2.0551  ema_loss=2.0551  gap=1.0847  ema_gap=1.0861  mixup=37/100  3.1 sps  ETA 11.6h
              R²_rand=0.9901  R²_naive=0.9909  U_t=0.1454  U_b=0.1453  AUC=1.0000  Top1=1.0000
  timing: data=18.7ms  fwd=94.6ms  bwd=9.7ms  total=123.5ms
  -> Saved /home/jupyter/contrastive-forecasting/checkpoints/enc_fcst_dk09_fp32_150k_best_loss.pth
[  21800] loss=2.0601  ema_loss=2.0556  gap=1.0847  ema_gap=1.0875  mixup=29/100  3.1 sps  ETA 11.6h
              R²_rand=0.9899  R²_naive=0.9908  U_t=0.1454  U_b=0.1457  AUC=1.0000  Top1=1.0000
  timing: data=3.8ms  fwd=97.7ms  bwd=10.4ms  total=112.4ms
[  21900] loss=2.0564  ema_loss=2.0557  gap=1.0887  ema_gap=1.0907  mixup=36/100  3.1 sps  ETA 11.6h
              R²_rand=0.9899  R²_naive=0.9908  U_t=0.1455  U_b=0.1461  AUC=1.0000  Top1=1.0000
  timing: data=17.6ms  fwd=94.3ms  bwd=10.1ms  total=122.6ms
  -> Saved /home/jupyter/contrastive-forecasting/checkpoints/enc_fcst_dk09_fp32_150k_best_gap.pth
[  22000] loss=2.0575  ema_loss=2.0551  gap=1.0975  ema_gap=1.0896  mixup=34/100  3.1 sps  ETA 11.6h
              R²_rand=0.9899  R²_naive=0.9909  U_t=0.1449  U_b=0.1452  AUC=1.0000  Top1=1.0000
  timing: data=4.7ms  fwd=96.9ms  bwd=9.3ms  total=111.4ms
  -> Saved /home/jupyter/contrastive-forecasting/checkpoints/enc_fcst_dk09_fp32_150k_best_loss.pth
[  22100] loss=2.0612  ema_loss=2.0553  gap=1.0870  ema_gap=1.0879  mixup=31/100  3.1 sps  ETA 11.5h
              R²_rand=0.9898  R²_naive=0.9908  U_t=0.1460  U_b=0.1459  AUC=1.0000  Top1=1.0000
  timing: data=19.5ms  fwd=92.6ms  bwd=10.0ms  total=122.6ms
[  22200] loss=2.0516  ema_loss=2.0555  gap=1.0864  ema_gap=1.0894  mixup=28/100  3.1 sps  ETA 11.5h
              R²_rand=0.9900  R²_naive=0.9909  U_t=0.1460  U_b=0.1458  AUC=1.0000  Top1=1.0000
  timing: data=17.8ms  fwd=93.6ms  bwd=9.4ms  total=121.3ms
[  22300] loss=2.0549  ema_loss=2.0554  gap=1.0929  ema_gap=1.0911  mixup=40/100  3.1 sps  ETA 11.5h
              R²_rand=0.9900  R²_naive=0.9910  U_t=0.1449  U_b=0.1456  AUC=1.0000  Top1=1.0000
  timing: data=5.0ms  fwd=95.8ms  bwd=9.7ms  total=111.1ms
  -> Saved /home/jupyter/contrastive-forecasting/checkpoints/enc_fcst_dk09_fp32_150k_best_gap.pth
[  22400] loss=2.0504  ema_loss=2.0550  gap=1.0871  ema_gap=1.0899  mixup=33/100  3.1 sps  ETA 11.5h
              R²_rand=0.9900  R²_naive=0.9910  U_t=0.1455  U_b=0.1459  AUC=1.0000  Top1=1.0000
  timing: data=16.1ms  fwd=94.7ms  bwd=9.2ms  total=120.5ms
  -> Saved /home/jupyter/contrastive-forecasting/checkpoints/enc_fcst_dk09_fp32_150k_best_loss.pth
[  22500] loss=2.0570  ema_loss=2.0550  gap=1.0950  ema_gap=1.0907  mixup=27/100  3.1 sps  ETA 11.5h
              R²_rand=0.9898  R²_naive=0.9908  U_t=0.1452  U_b=0.1454  AUC=1.0000  Top1=1.0000
  timing: data=15.8ms  fwd=94.0ms  bwd=8.9ms  total=119.2ms
  -> Saved /home/jupyter/contrastive-forecasting/checkpoints/enc_fcst_dk09_fp32_150k_best_loss.pth
[  22600] loss=2.0561  ema_loss=2.0549  gap=1.0909  ema_gap=1.0894  mixup=29/100  3.1 sps  ETA 11.5h
              R²_rand=0.9900  R²_naive=0.9909  U_t=0.1449  U_b=0.1452  AUC=1.0000  Top1=1.0000
  timing: data=3.5ms  fwd=95.6ms  bwd=9.0ms  total=108.5ms
  -> Saved /home/jupyter/contrastive-forecasting/checkpoints/enc_fcst_dk09_fp32_150k_best_loss.pth
[  22700] loss=2.0530  ema_loss=2.0547  gap=1.0897  ema_gap=1.0894  mixup=22/100  3.1 sps  ETA 11.5h
              R²_rand=0.9900  R²_naive=0.9909  U_t=0.1456  U_b=0.1456  AUC=1.0000  Top1=1.0000
  timing: data=15.6ms  fwd=94.7ms  bwd=9.7ms  total=120.5ms
  -> Saved /home/jupyter/contrastive-forecasting/checkpoints/enc_fcst_dk09_fp32_150k_best_loss.pth
[  22800] loss=2.0551  ema_loss=2.0550  gap=1.0880  ema_gap=1.0899  mixup=31/100  3.1 sps  ETA 11.5h
              R²_rand=0.9901  R²_naive=0.9910  U_t=0.1460  U_b=0.1456  AUC=1.0000  Top1=1.0000
  timing: data=16.3ms  fwd=94.7ms  bwd=11.0ms  total=122.5ms
[  22900] loss=2.0600  ema_loss=2.0548  gap=1.0869  ema_gap=1.0901  mixup=26/100  3.1 sps  ETA 11.5h
              R²_rand=0.9899  R²_naive=0.9908  U_t=0.1458  U_b=0.1455  AUC=1.0000  Top1=1.0000
  timing: data=3.4ms  fwd=97.1ms  bwd=10.0ms  total=111.1ms
[  23000] loss=2.0548  ema_loss=2.0549  gap=1.0961  ema_gap=1.0904  mixup=36/100  3.1 sps  ETA 11.5h
              R²_rand=0.9900  R²_naive=0.9910  U_t=0.1453  U_b=0.1455  AUC=1.0000  Top1=1.0000
  timing: data=18.4ms  fwd=93.3ms  bwd=10.9ms  total=123.2ms
[  23100] loss=2.0560  ema_loss=2.0550  gap=1.0822  ema_gap=1.0902  mixup=33/100  3.1 sps  ETA 11.4h
              R²_rand=0.9901  R²_naive=0.9910  U_t=0.1464  U_b=0.1454  AUC=1.0000  Top1=1.0000
  timing: data=6.0ms  fwd=93.7ms  bwd=9.5ms  total=109.8ms
[  23200] loss=2.0532  ema_loss=2.0560  gap=1.0968  ema_gap=1.0908  mixup=27/100  3.1 sps  ETA 11.5h
              R²_rand=0.9900  R²_naive=0.9910  U_t=0.1457  U_b=0.1459  AUC=1.0000  Top1=1.0000
  timing: data=104.1ms  fwd=95.4ms  bwd=9.7ms  total=209.7ms
[  23300] loss=2.0525  ema_loss=2.0552  gap=1.0878  ema_gap=1.0898  mixup=34/100  3.1 sps  ETA 11.4h
              R²_rand=0.9899  R²_naive=0.9908  U_t=0.1459  U_b=0.1457  AUC=1.0000  Top1=1.0000
  timing: data=38.8ms  fwd=94.0ms  bwd=9.6ms  total=143.0ms
[  23400] loss=2.0580  ema_loss=2.0548  gap=1.0848  ema_gap=1.0892  mixup=24/100  3.1 sps  ETA 11.4h
              R²_rand=0.9899  R²_naive=0.9909  U_t=0.1461  U_b=0.1458  AUC=1.0000  Top1=1.0000
  timing: data=3.9ms  fwd=96.9ms  bwd=9.7ms  total=111.1ms
[  23500] loss=2.0555  ema_loss=2.0552  gap=1.0901  ema_gap=1.0901  mixup=25/100  3.1 sps  ETA 11.4h
              R²_rand=0.9899  R²_naive=0.9908  U_t=0.1458  U_b=0.1457  AUC=1.0000  Top1=1.0000
  timing: data=18.0ms  fwd=93.6ms  bwd=9.6ms  total=121.7ms
[  23600] loss=2.0557  ema_loss=2.0550  gap=1.0901  ema_gap=1.0909  mixup=28/100  3.1 sps  ETA 11.4h
              R²_rand=0.9900  R²_naive=0.9910  U_t=0.1458  U_b=0.1456  AUC=1.0000  Top1=1.0000
  timing: data=16.1ms  fwd=95.7ms  bwd=9.3ms  total=121.7ms
[  23700] loss=2.0514  ema_loss=2.0545  gap=1.0964  ema_gap=1.0917  mixup=36/100  3.1 sps  ETA 11.4h
              R²_rand=0.9900  R²_naive=0.9910  U_t=0.1459  U_b=0.1460  AUC=1.0000  Top1=1.0000
  timing: data=4.2ms  fwd=96.2ms  bwd=9.3ms  total=110.3ms
  -> Saved /home/jupyter/contrastive-forecasting/checkpoints/enc_fcst_dk09_fp32_150k_best_gap.pth
  -> Saved /home/jupyter/contrastive-forecasting/checkpoints/enc_fcst_dk09_fp32_150k_best_loss.pth
[  23800] loss=2.0564  ema_loss=2.0546  gap=1.0901  ema_gap=1.0917  mixup=26/100  3.1 sps  ETA 11.4h
              R²_rand=0.9900  R²_naive=0.9910  U_t=0.1456  U_b=0.1455  AUC=1.0000  Top1=1.0000
  timing: data=15.8ms  fwd=94.8ms  bwd=9.9ms  total=121.1ms
[  23900] loss=2.0507  ema_loss=2.0548  gap=1.0969  ema_gap=1.0923  mixup=33/100  3.1 sps  ETA 11.4h
              R²_rand=0.9899  R²_naive=0.9909  U_t=0.1454  U_b=0.1456  AUC=1.0000  Top1=1.0000
  timing: data=21.9ms  fwd=91.0ms  bwd=9.3ms  total=122.8ms
  -> Saved /home/jupyter/contrastive-forecasting/checkpoints/enc_fcst_dk09_fp32_150k_best_gap.pth
[  24000] loss=2.0527  ema_loss=2.0542  gap=1.0967  ema_gap=1.0917  mixup=30/100  3.1 sps  ETA 11.4h
              R²_rand=0.9901  R²_naive=0.9911  U_t=0.1457  U_b=0.1458  AUC=1.0000  Top1=1.0000
  timing: data=5.2ms  fwd=94.4ms  bwd=9.2ms  total=109.3ms
  -> Saved /home/jupyter/contrastive-forecasting/checkpoints/enc_fcst_dk09_fp32_150k_best_loss.pth
[  24100] loss=2.0583  ema_loss=2.0541  gap=1.0952  ema_gap=1.0919  mixup=25/100  3.1 sps  ETA 11.4h
              R²_rand=0.9899  R²_naive=0.9910  U_t=0.1457  U_b=0.1451  AUC=1.0000  Top1=1.0000
  timing: data=16.3ms  fwd=93.2ms  bwd=9.7ms  total=119.7ms
  -> Saved /home/jupyter/contrastive-forecasting/checkpoints/enc_fcst_dk09_fp32_150k_best_loss.pth
[  24200] loss=2.0541  ema_loss=2.0542  gap=1.0959  ema_gap=1.0925  mixup=31/100  3.1 sps  ETA 11.4h
              R²_rand=0.9899  R²_naive=0.9910  U_t=0.1458  U_b=0.1460  AUC=1.0000  Top1=1.0000
  timing: data=35.9ms  fwd=93.7ms  bwd=9.1ms  total=139.2ms
  -> Saved /home/jupyter/contrastive-forecasting/checkpoints/enc_fcst_dk09_fp32_150k_best_gap.pth
[  24300] loss=2.0535  ema_loss=2.0545  gap=1.0892  ema_gap=1.0929  mixup=26/100  3.1 sps  ETA 11.3h
              R²_rand=0.9899  R²_naive=0.9909  U_t=0.1455  U_b=0.1458  AUC=1.0000  Top1=1.0000
  timing: data=4.0ms  fwd=96.8ms  bwd=10.0ms  total=111.4ms
  -> Saved /home/jupyter/contrastive-forecasting/checkpoints/enc_fcst_dk09_fp32_150k_best_gap.pth
[  24400] loss=2.0526  ema_loss=2.0541  gap=1.0978  ema_gap=1.0932  mixup=31/100  3.1 sps  ETA 11.3h
              R²_rand=0.9899  R²_naive=0.9910  U_t=0.1456  U_b=0.1461  AUC=1.0000  Top1=1.0000
  timing: data=16.7ms  fwd=93.5ms  bwd=9.5ms  total=120.3ms
  -> Saved /home/jupyter/contrastive-forecasting/checkpoints/enc_fcst_dk09_fp32_150k_best_gap.pth
[  24500] loss=2.0540  ema_loss=2.0543  gap=1.0951  ema_gap=1.0934  mixup=27/100  3.1 sps  ETA 11.3h
              R²_rand=0.9899  R²_naive=0.9909  U_t=0.1452  U_b=0.1455  AUC=1.0000  Top1=1.0000
  timing: data=4.1ms  fwd=98.1ms  bwd=10.2ms  total=112.9ms
  -> Saved /home/jupyter/contrastive-forecasting/checkpoints/enc_fcst_dk09_fp32_150k_best_gap.pth
[  24600] loss=2.0571  ema_loss=2.0548  gap=1.0905  ema_gap=1.0943  mixup=29/100  3.1 sps  ETA 11.3h
              R²_rand=0.9899  R²_naive=0.9908  U_t=0.1449  U_b=0.1456  AUC=1.0000  Top1=1.0000
  timing: data=16.2ms  fwd=94.2ms  bwd=10.0ms  total=120.8ms
  -> Saved /home/jupyter/contrastive-forecasting/checkpoints/enc_fcst_dk09_fp32_150k_best_gap.pth
[  24700] loss=2.0555  ema_loss=2.0550  gap=1.0985  ema_gap=1.0941  mixup=23/100  3.1 sps  ETA 11.3h
              R²_rand=0.9900  R²_naive=0.9910  U_t=0.1445  U_b=0.1457  AUC=1.0000  Top1=1.0000
  timing: data=15.6ms  fwd=95.8ms  bwd=9.6ms  total=121.5ms
[  24800] loss=2.0563  ema_loss=2.0541  gap=1.0911  ema_gap=1.0930  mixup=27/100  3.1 sps  ETA 11.3h
              R²_rand=0.9901  R²_naive=0.9910  U_t=0.1458  U_b=0.1453  AUC=1.0000  Top1=1.0000
  timing: data=3.6ms  fwd=95.9ms  bwd=9.3ms  total=109.3ms
  -> Saved /home/jupyter/contrastive-forecasting/checkpoints/enc_fcst_dk09_fp32_150k_best_loss.pth
[  24900] loss=2.0537  ema_loss=2.0540  gap=1.0873  ema_gap=1.0924  mixup=31/100  3.1 sps  ETA 11.3h
              R²_rand=0.9899  R²_naive=0.9909  U_t=0.1461  U_b=0.1456  AUC=1.0000  Top1=1.0000
  timing: data=15.6ms  fwd=94.0ms  bwd=9.2ms  total=119.3ms
  -> Saved /home/jupyter/contrastive-forecasting/checkpoints/enc_fcst_dk09_fp32_150k_best_loss.pth
[  25000] loss=2.0582  ema_loss=2.0539  gap=1.0980  ema_gap=1.0942  mixup=32/100  3.1 sps  ETA 11.3h
              R²_rand=0.9901  R²_naive=0.9911  U_t=0.1457  U_b=0.1454  AUC=1.0000  Top1=1.0000
  timing: data=21.8ms  fwd=93.6ms  bwd=9.5ms  total=125.4ms
  -> Saved /home/jupyter/contrastive-forecasting/checkpoints/enc_fcst_dk09_fp32_150k_best_loss.pth
  -> Saved /home/jupyter/contrastive-forecasting/checkpoints/enc_fcst_dk09_fp32_150k_25k.pth
[  25100] loss=2.0521  ema_loss=2.0541  gap=1.0910  ema_gap=1.0934  mixup=27/100  3.1 sps  ETA 11.3h
              R²_rand=0.9901  R²_naive=0.9910  U_t=0.1446  U_b=0.1454  AUC=1.0000  Top1=1.0000
  timing: data=5.4ms  fwd=94.7ms  bwd=9.9ms  total=110.5ms
[  25200] loss=2.0511  ema_loss=2.0539  gap=1.0992  ema_gap=1.0932  mixup=34/100  3.1 sps  ETA 11.3h
              R²_rand=0.9899  R²_naive=0.9910  U_t=0.1454  U_b=0.1456  AUC=1.0000  Top1=1.0000
  timing: data=17.3ms  fwd=94.4ms  bwd=9.4ms  total=121.6ms
  -> Saved /home/jupyter/contrastive-forecasting/checkpoints/enc_fcst_dk09_fp32_150k_best_loss.pth
[  25300] loss=2.0581  ema_loss=2.0539  gap=1.0968  ema_gap=1.0945  mixup=32/100  3.1 sps  ETA 11.3h
              R²_rand=0.9901  R²_naive=0.9910  U_t=0.1452  U_b=0.1453  AUC=1.0000  Top1=1.0000
  timing: data=16.5ms  fwd=94.1ms  bwd=9.2ms  total=120.3ms
  -> Saved /home/jupyter/contrastive-forecasting/checkpoints/enc_fcst_dk09_fp32_150k_best_gap.pth
  -> Saved /home/jupyter/contrastive-forecasting/checkpoints/enc_fcst_dk09_fp32_150k_best_loss.pth
[  25400] loss=2.0544  ema_loss=2.0538  gap=1.1010  ema_gap=1.0933  mixup=30/100  3.1 sps  ETA 11.2h
              R²_rand=0.9901  R²_naive=0.9911  U_t=0.1448  U_b=0.1454  AUC=1.0000  Top1=1.0000
  timing: data=4.3ms  fwd=95.3ms  bwd=9.5ms  total=109.6ms
  -> Saved /home/jupyter/contrastive-forecasting/checkpoints/enc_fcst_dk09_fp32_150k_best_loss.pth
[  25500] loss=2.0542  ema_loss=2.0538  gap=1.0981  ema_gap=1.0939  mixup=31/100  3.1 sps  ETA 11.2h
              R²_rand=0.9900  R²_naive=0.9910  U_t=0.1456  U_b=0.1458  AUC=1.0000  Top1=1.0000
  timing: data=16.3ms  fwd=94.7ms  bwd=9.5ms  total=121.0ms
[  25600] loss=2.0519  ema_loss=2.0536  gap=1.0940  ema_gap=1.0931  mixup=36/100  3.1 sps  ETA 11.2h
              R²_rand=0.9902  R²_naive=0.9911  U_t=0.1459  U_b=0.1455  AUC=1.0000  Top1=1.0000
  timing: data=4.3ms  fwd=94.2ms  bwd=9.3ms  total=108.4ms
  -> Saved /home/jupyter/contrastive-forecasting/checkpoints/enc_fcst_dk09_fp32_150k_best_loss.pth
[  25700] loss=2.0552  ema_loss=2.0536  gap=1.0930  ema_gap=1.0931  mixup=42/100  3.1 sps  ETA 11.2h
              R²_rand=0.9900  R²_naive=0.9910  U_t=0.1463  U_b=0.1458  AUC=1.0000  Top1=1.0000
  timing: data=30.1ms  fwd=96.6ms  bwd=9.0ms  total=136.2ms
  -> Saved /home/jupyter/contrastive-forecasting/checkpoints/enc_fcst_dk09_fp32_150k_best_loss.pth
[  25800] loss=2.0574  ema_loss=2.0539  gap=1.0948  ema_gap=1.0939  mixup=30/100  3.1 sps  ETA 11.2h
              R²_rand=0.9900  R²_naive=0.9910  U_t=0.1463  U_b=0.1451  AUC=1.0000  Top1=1.0000
  timing: data=35.4ms  fwd=94.7ms  bwd=10.2ms  total=140.9ms
[  25900] loss=2.0527  ema_loss=2.0536  gap=1.0991  ema_gap=1.0942  mixup=37/100  3.1 sps  ETA 11.2h
              R²_rand=0.9899  R²_naive=0.9910  U_t=0.1450  U_b=0.1453  AUC=1.0000  Top1=1.0000
  timing: data=4.5ms  fwd=95.9ms  bwd=10.0ms  total=110.9ms
[  26000] loss=2.0566  ema_loss=2.0541  gap=1.0975  ema_gap=1.0955  mixup=37/100  3.1 sps  ETA 11.2h
              R²_rand=0.9899  R²_naive=0.9910  U_t=0.1455  U_b=0.1451  AUC=1.0000  Top1=1.0000
  timing: data=17.0ms  fwd=92.7ms  bwd=9.4ms  total=119.7ms
  -> Saved /home/jupyter/contrastive-forecasting/checkpoints/enc_fcst_dk09_fp32_150k_best_gap.pth
[  26100] loss=2.0542  ema_loss=2.0539  gap=1.0948  ema_gap=1.0965  mixup=32/100  3.1 sps  ETA 11.2h
              R²_rand=0.9900  R²_naive=0.9910  U_t=0.1451  U_b=0.1455  AUC=1.0000  Top1=1.0000
  timing: data=18.6ms  fwd=94.0ms  bwd=9.9ms  total=123.0ms
  -> Saved /home/jupyter/contrastive-forecasting/checkpoints/enc_fcst_dk09_fp32_150k_best_gap.pth
[  26200] loss=2.0567  ema_loss=2.0541  gap=1.0913  ema_gap=1.0963  mixup=31/100  3.1 sps  ETA 11.2h
              R²_rand=0.9901  R²_naive=0.9910  U_t=0.1456  U_b=0.1454  AUC=1.0000  Top1=1.0000
  timing: data=4.4ms  fwd=95.8ms  bwd=9.3ms  total=110.1ms
[  26300] loss=2.0542  ema_loss=2.0540  gap=1.1034  ema_gap=1.0959  mixup=25/100  3.1 sps  ETA 11.2h
              R²_rand=0.9900  R²_naive=0.9911  U_t=0.1458  U_b=0.1458  AUC=1.0000  Top1=1.0000
  timing: data=45.8ms  fwd=95.1ms  bwd=10.4ms  total=151.9ms
[  26400] loss=2.0540  ema_loss=2.0542  gap=1.0936  ema_gap=1.0958  mixup=27/100  3.1 sps  ETA 11.2h
              R²_rand=0.9899  R²_naive=0.9909  U_t=0.1456  U_b=0.1459  AUC=1.0000  Top1=1.0000
  timing: data=23.9ms  fwd=94.4ms  bwd=10.0ms  total=128.8ms
[  26500] loss=2.0533  ema_loss=2.0542  gap=1.0969  ema_gap=1.0959  mixup=30/100  3.1 sps  ETA 11.1h
              R²_rand=0.9900  R²_naive=0.9910  U_t=0.1462  U_b=0.1455  AUC=1.0000  Top1=1.0000
  timing: data=3.8ms  fwd=97.0ms  bwd=9.3ms  total=110.5ms
[  26600] loss=2.0574  ema_loss=2.0538  gap=1.0961  ema_gap=1.0959  mixup=33/100  3.1 sps  ETA 11.1h
              R²_rand=0.9900  R²_naive=0.9910  U_t=0.1454  U_b=0.1449  AUC=1.0000  Top1=1.0000
  timing: data=19.1ms  fwd=95.3ms  bwd=9.3ms  total=124.2ms
[  26700] loss=2.0562  ema_loss=2.0540  gap=1.0949  ema_gap=1.0949  mixup=33/100  3.1 sps  ETA 11.1h
              R²_rand=0.9900  R²_naive=0.9910  U_t=0.1461  U_b=0.1455  AUC=1.0000  Top1=1.0000
  timing: data=16.4ms  fwd=94.3ms  bwd=9.6ms  total=121.0ms
[  26800] loss=2.0535  ema_loss=2.0536  gap=1.0966  ema_gap=1.0954  mixup=30/100  3.1 sps  ETA 11.1h
              R²_rand=0.9900  R²_naive=0.9911  U_t=0.1452  U_b=0.1458  AUC=1.0000  Top1=1.0000
  timing: data=4.2ms  fwd=95.6ms  bwd=9.4ms  total=109.8ms
[  26900] loss=2.0498  ema_loss=2.0534  gap=1.0933  ema_gap=1.0951  mixup=30/100  3.1 sps  ETA 11.1h
              R²_rand=0.9901  R²_naive=0.9911  U_t=0.1462  U_b=0.1455  AUC=1.0000  Top1=1.0000
  timing: data=21.9ms  fwd=95.3ms  bwd=9.5ms  total=127.2ms
  -> Saved /home/jupyter/contrastive-forecasting/checkpoints/enc_fcst_dk09_fp32_150k_best_loss.pth
[  27000] loss=2.0586  ema_loss=2.0534  gap=1.0975  ema_gap=1.0950  mixup=23/100  3.1 sps  ETA 11.1h
              R²_rand=0.9901  R²_naive=0.9911  U_t=0.1454  U_b=0.1452  AUC=1.0000  Top1=1.0000
  timing: data=5.2ms  fwd=96.0ms  bwd=9.6ms  total=111.4ms
  -> Saved /home/jupyter/contrastive-forecasting/checkpoints/enc_fcst_dk09_fp32_150k_best_loss.pth
[  27100] loss=2.0531  ema_loss=2.0536  gap=1.1012  ema_gap=1.0966  mixup=30/100  3.1 sps  ETA 11.1h
              R²_rand=0.9898  R²_naive=0.9910  U_t=0.1457  U_b=0.1455  AUC=1.0000  Top1=1.0000
  timing: data=15.9ms  fwd=94.0ms  bwd=10.1ms  total=120.5ms
  -> Saved /home/jupyter/contrastive-forecasting/checkpoints/enc_fcst_dk09_fp32_150k_best_gap.pth
[  27200] loss=2.0534  ema_loss=2.0534  gap=1.0920  ema_gap=1.0970  mixup=28/100  3.1 sps  ETA 11.1h
              R²_rand=0.9901  R²_naive=0.9911  U_t=0.1458  U_b=0.1462  AUC=1.0000  Top1=1.0000
  timing: data=60.6ms  fwd=94.9ms  bwd=9.1ms  total=165.1ms
  -> Saved /home/jupyter/contrastive-forecasting/checkpoints/enc_fcst_dk09_fp32_150k_best_gap.pth
[  27300] loss=2.0554  ema_loss=2.0534  gap=1.0930  ema_gap=1.0951  mixup=35/100  3.1 sps  ETA 11.1h
              R²_rand=0.9901  R²_naive=0.9910  U_t=0.1453  U_b=0.1450  AUC=1.0000  Top1=1.0000
  timing: data=4.4ms  fwd=96.4ms  bwd=9.4ms  total=110.7ms
  -> Saved /home/jupyter/contrastive-forecasting/checkpoints/enc_fcst_dk09_fp32_150k_best_loss.pth
[  27400] loss=2.0517  ema_loss=2.0532  gap=1.0908  ema_gap=1.0949  mixup=38/100  3.1 sps  ETA 11.1h
              R²_rand=0.9900  R²_naive=0.9911  U_t=0.1453  U_b=0.1454  AUC=1.0000  Top1=1.0000
  timing: data=16.6ms  fwd=94.6ms  bwd=9.7ms  total=121.4ms
  -> Saved /home/jupyter/contrastive-forecasting/checkpoints/enc_fcst_dk09_fp32_150k_best_loss.pth
[  27500] loss=2.0535  ema_loss=2.0534  gap=1.0969  ema_gap=1.0951  mixup=31/100  3.1 sps  ETA 11.1h
              R²_rand=0.9901  R²_naive=0.9912  U_t=0.1454  U_b=0.1455  AUC=1.0000  Top1=1.0000
  timing: data=16.6ms  fwd=95.9ms  bwd=9.9ms  total=122.8ms
[  27600] loss=2.0555  ema_loss=2.0540  gap=1.1024  ema_gap=1.0962  mixup=35/100  3.1 sps  ETA 11.0h
              R²_rand=0.9900  R²_naive=0.9910  U_t=0.1452  U_b=0.1454  AUC=1.0000  Top1=1.0000
  timing: data=4.2ms  fwd=97.2ms  bwd=9.9ms  total=111.8ms
[  27700] loss=2.0394  ema_loss=2.0491  gap=1.0962  ema_gap=1.0961  mixup=25/100  3.1 sps  ETA 11.0h
              R²_rand=0.9900  R²_naive=0.9910  U_t=0.1486  U_b=0.1483  AUC=1.0000  Top1=1.0000
  timing: data=17.7ms  fwd=93.5ms  bwd=9.9ms  total=121.7ms
  -> Saved /home/jupyter/contrastive-forecasting/checkpoints/enc_fcst_dk09_fp32_150k_best_loss.pth
[  27800] loss=2.0404  ema_loss=2.0431  gap=1.0944  ema_gap=1.0954  mixup=26/100  3.1 sps  ETA 11.0h
              R²_rand=0.9900  R²_naive=0.9910  U_t=0.1487  U_b=0.1480  AUC=1.0000  Top1=1.0000
  timing: data=16.7ms  fwd=94.7ms  bwd=9.7ms  total=121.6ms
  -> Saved /home/jupyter/contrastive-forecasting/checkpoints/enc_fcst_dk09_fp32_150k_best_loss.pth
[  27900] loss=2.0491  ema_loss=2.0409  gap=1.0871  ema_gap=1.0941  mixup=36/100  3.1 sps  ETA 11.0h
              R²_rand=0.9898  R²_naive=0.9908  U_t=0.1477  U_b=0.1482  AUC=1.0000  Top1=1.0000
  timing: data=5.7ms  fwd=94.2ms  bwd=9.9ms  total=110.3ms
  -> Saved /home/jupyter/contrastive-forecasting/checkpoints/enc_fcst_dk09_fp32_150k_best_loss.pth
[  28000] loss=2.0414  ema_loss=2.0405  gap=1.0885  ema_gap=1.0939  mixup=30/100  3.1 sps  ETA 11.0h
              R²_rand=0.9899  R²_naive=0.9909  U_t=0.1483  U_b=0.1478  AUC=1.0000  Top1=1.0000
  timing: data=70.6ms  fwd=93.8ms  bwd=10.1ms  total=175.1ms
  -> Saved /home/jupyter/contrastive-forecasting/checkpoints/enc_fcst_dk09_fp32_150k_best_loss.pth
[  28100] loss=2.0415  ema_loss=2.0401  gap=1.0941  ema_gap=1.0935  mixup=33/100  3.1 sps  ETA 11.0h
              R²_rand=0.9901  R²_naive=0.9911  U_t=0.1484  U_b=0.1483  AUC=1.0000  Top1=1.0000
  timing: data=86.1ms  fwd=93.5ms  bwd=10.1ms  total=190.3ms
  -> Saved /home/jupyter/contrastive-forecasting/checkpoints/enc_fcst_dk09_fp32_150k_best_loss.pth
[  28200] loss=2.0376  ema_loss=2.0400  gap=1.0874  ema_gap=1.0934  mixup=26/100  3.1 sps  ETA 11.0h
              R²_rand=0.9899  R²_naive=0.9909  U_t=0.1484  U_b=0.1485  AUC=1.0000  Top1=1.0000
  timing: data=3.9ms  fwd=97.3ms  bwd=9.9ms  total=111.7ms
  -> Saved /home/jupyter/contrastive-forecasting/checkpoints/enc_fcst_dk09_fp32_150k_best_loss.pth
[  28300] loss=2.0453  ema_loss=2.0410  gap=1.0963  ema_gap=1.0950  mixup=27/100  3.1 sps  ETA 11.0h
              R²_rand=0.9899  R²_naive=0.9909  U_t=0.1473  U_b=0.1481  AUC=1.0000  Top1=1.0000
  timing: data=15.7ms  fwd=95.4ms  bwd=9.5ms  total=121.2ms
[  28400] loss=2.0410  ema_loss=2.0406  gap=1.0884  ema_gap=1.0946  mixup=27/100  3.1 sps  ETA 11.0h
              R²_rand=0.9900  R²_naive=0.9909  U_t=0.1493  U_b=0.1476  AUC=1.0000  Top1=1.0000
  timing: data=4.0ms  fwd=96.0ms  bwd=9.3ms  total=109.7ms
[  28500] loss=2.0379  ema_loss=2.0394  gap=1.0983  ema_gap=1.0934  mixup=24/100  3.1 sps  ETA 11.0h
              R²_rand=0.9899  R²_naive=0.9910  U_t=0.1476  U_b=0.1478  AUC=1.0000  Top1=1.0000
  timing: data=16.0ms  fwd=94.9ms  bwd=9.9ms  total=121.4ms
  -> Saved /home/jupyter/contrastive-forecasting/checkpoints/enc_fcst_dk09_fp32_150k_best_loss.pth
[  28600] loss=2.0421  ema_loss=2.0398  gap=1.0892  ema_gap=1.0912  mixup=24/100  3.1 sps  ETA 11.0h
              R²_rand=0.9900  R²_naive=0.9909  U_t=0.1483  U_b=0.1480  AUC=1.0000  Top1=1.0000
  timing: data=15.8ms  fwd=96.1ms  bwd=9.5ms  total=121.9ms
[  28700] loss=2.0393  ema_loss=2.0395  gap=1.0914  ema_gap=1.0917  mixup=30/100  3.1 sps  ETA 10.9h
              R²_rand=0.9901  R²_naive=0.9910  U_t=0.1486  U_b=0.1479  AUC=1.0000  Top1=1.0000
  timing: data=4.0ms  fwd=96.4ms  bwd=9.3ms  total=110.2ms
[  28800] loss=2.0382  ema_loss=2.0397  gap=1.0892  ema_gap=1.0913  mixup=26/100  3.1 sps  ETA 10.9h
              R²_rand=0.9901  R²_naive=0.9910  U_t=0.1494  U_b=0.1480  AUC=1.0000  Top1=1.0000
  timing: data=16.5ms  fwd=93.6ms  bwd=9.2ms  total=119.8ms
[  28900] loss=2.0416  ema_loss=2.0394  gap=1.0967  ema_gap=1.0908  mixup=31/100  3.1 sps  ETA 10.9h
              R²_rand=0.9898  R²_naive=0.9909  U_t=0.1484  U_b=0.1478  AUC=1.0000  Top1=1.0000
  timing: data=17.0ms  fwd=93.7ms  bwd=9.3ms  total=120.4ms
[  29000] loss=2.0390  ema_loss=2.0396  gap=1.0902  ema_gap=1.0909  mixup=31/100  3.1 sps  ETA 10.9h
              R²_rand=0.9898  R²_naive=0.9909  U_t=0.1484  U_b=0.1484  AUC=1.0000  Top1=1.0000
  timing: data=5.4ms  fwd=95.6ms  bwd=9.5ms  total=111.0ms
[  29100] loss=2.0429  ema_loss=2.0396  gap=1.0926  ema_gap=1.0907  mixup=31/100  3.1 sps  ETA 10.9h
              R²_rand=0.9901  R²_naive=0.9911  U_t=0.1484  U_b=0.1480  AUC=1.0000  Top1=1.0000
  timing: data=31.9ms  fwd=93.9ms  bwd=9.4ms  total=135.8ms
[  29200] loss=2.0338  ema_loss=2.0389  gap=1.0884  ema_gap=1.0904  mixup=32/100  3.1 sps  ETA 10.9h
              R²_rand=0.9899  R²_naive=0.9910  U_t=0.1493  U_b=0.1482  AUC=1.0000  Top1=1.0000
  timing: data=15.9ms  fwd=96.1ms  bwd=9.4ms  total=121.9ms
  -> Saved /home/jupyter/contrastive-forecasting/checkpoints/enc_fcst_dk09_fp32_150k_best_loss.pth
[  29300] loss=2.0367  ema_loss=2.0392  gap=1.0951  ema_gap=1.0908  mixup=29/100  3.1 sps  ETA 10.9h
              R²_rand=0.9900  R²_naive=0.9910  U_t=0.1482  U_b=0.1476  AUC=1.0000  Top1=1.0000
  timing: data=4.0ms  fwd=97.1ms  bwd=9.3ms  total=110.9ms
[  29400] loss=2.0345  ema_loss=2.0394  gap=1.0881  ema_gap=1.0910  mixup=18/100  3.1 sps  ETA 10.9h
              R²_rand=0.9901  R²_naive=0.9910  U_t=0.1490  U_b=0.1487  AUC=1.0000  Top1=1.0000
  timing: data=15.4ms  fwd=96.3ms  bwd=9.4ms  total=121.6ms
[  29500] loss=2.0376  ema_loss=2.0392  gap=1.0919  ema_gap=1.0910  mixup=38/100  3.1 sps  ETA 10.9h
              R²_rand=0.9901  R²_naive=0.9910  U_t=0.1488  U_b=0.1484  AUC=1.0000  Top1=1.0000
  timing: data=3.9ms  fwd=96.8ms  bwd=9.2ms  total=110.2ms
[  29600] loss=2.0373  ema_loss=2.0401  gap=1.0933  ema_gap=1.0924  mixup=35/100  3.1 sps  ETA 10.9h
              R²_rand=0.9899  R²_naive=0.9909  U_t=0.1483  U_b=0.1477  AUC=1.0000  Top1=1.0000
  timing: data=33.6ms  fwd=95.3ms  bwd=9.7ms  total=139.1ms
[  29700] loss=2.0417  ema_loss=2.0398  gap=1.0936  ema_gap=1.0929  mixup=34/100  3.1 sps  ETA 10.9h
              R²_rand=0.9901  R²_naive=0.9911  U_t=0.1486  U_b=0.1481  AUC=1.0000  Top1=1.0000
  timing: data=16.7ms  fwd=94.5ms  bwd=9.0ms  total=120.7ms
[  29800] loss=2.0456  ema_loss=2.0400  gap=1.0903  ema_gap=1.0916  mixup=27/100  3.1 sps  ETA 10.8h
              R²_rand=0.9898  R²_naive=0.9908  U_t=0.1488  U_b=0.1473  AUC=1.0000  Top1=1.0000
  timing: data=5.5ms  fwd=95.2ms  bwd=9.3ms  total=110.5ms
[  29900] loss=2.0400  ema_loss=2.0398  gap=1.0912  ema_gap=1.0897  mixup=26/100  3.1 sps  ETA 10.8h
              R²_rand=0.9900  R²_naive=0.9909  U_t=0.1491  U_b=0.1481  AUC=1.0000  Top1=1.0000
  timing: data=17.3ms  fwd=94.2ms  bwd=9.3ms  total=121.2ms
[  30000] loss=2.0374  ema_loss=2.0395  gap=1.0874  ema_gap=1.0894  mixup=25/100  3.1 sps  ETA 10.8h
              R²_rand=0.9901  R²_naive=0.9910  U_t=0.1489  U_b=0.1481  AUC=1.0000  Top1=1.0000
  timing: data=17.0ms  fwd=93.8ms  bwd=10.1ms  total=121.4ms
  -> Saved /home/jupyter/contrastive-forecasting/checkpoints/enc_fcst_dk09_fp32_150k_30k.pth
[  30100] loss=2.0380  ema_loss=2.0396  gap=1.0883  ema_gap=1.0895  mixup=29/100  3.1 sps  ETA 10.8h
              R²_rand=0.9901  R²_naive=0.9910  U_t=0.1493  U_b=0.1478  AUC=1.0000  Top1=1.0000
  timing: data=4.2ms  fwd=95.9ms  bwd=10.4ms  total=110.9ms
[  30200] loss=2.0356  ema_loss=2.0398  gap=1.0911  ema_gap=1.0896  mixup=29/100  3.1 sps  ETA 10.8h
              R²_rand=0.9900  R²_naive=0.9910  U_t=0.1484  U_b=0.1487  AUC=1.0000  Top1=1.0000
  timing: data=17.2ms  fwd=94.4ms  bwd=9.7ms  total=121.8ms
[  30300] loss=2.0394  ema_loss=2.0396  gap=1.0970  ema_gap=1.0908  mixup=27/100  3.1 sps  ETA 10.8h
              R²_rand=0.9900  R²_naive=0.9911  U_t=0.1493  U_b=0.1483  AUC=1.0000  Top1=1.0000
  timing: data=15.3ms  fwd=95.3ms  bwd=9.7ms  total=120.8ms
[  30400] loss=2.0413  ema_loss=2.0395  gap=1.0929  ema_gap=1.0921  mixup=33/100  3.1 sps  ETA 10.8h
              R²_rand=0.9900  R²_naive=0.9910  U_t=0.1481  U_b=0.1478  AUC=1.0000  Top1=1.0000
  timing: data=4.4ms  fwd=96.9ms  bwd=10.5ms  total=112.3ms
[  30500] loss=2.0431  ema_loss=2.0394  gap=1.1002  ema_gap=1.0918  mixup=25/100  3.1 sps  ETA 10.8h
              R²_rand=0.9899  R²_naive=0.9910  U_t=0.1481  U_b=0.1477  AUC=1.0000  Top1=1.0000
  timing: data=16.0ms  fwd=94.9ms  bwd=9.5ms  total=121.0ms
[  30600] loss=2.0419  ema_loss=2.0395  gap=1.0872  ema_gap=1.0909  mixup=20/100  3.1 sps  ETA 10.8h
              R²_rand=0.9901  R²_naive=0.9911  U_t=0.1490  U_b=0.1484  AUC=1.0000  Top1=1.0000
  timing: data=43.8ms  fwd=95.8ms  bwd=9.6ms  total=149.8ms
[  30700] loss=2.0358  ema_loss=2.0394  gap=1.0930  ema_gap=1.0903  mixup=20/100  3.1 sps  ETA 10.8h
              R²_rand=0.9901  R²_naive=0.9910  U_t=0.1493  U_b=0.1482  AUC=1.0000  Top1=1.0000
  timing: data=3.2ms  fwd=98.8ms  bwd=9.8ms  total=112.3ms
[  30800] loss=2.0423  ema_loss=2.0395  gap=1.0844  ema_gap=1.0895  mixup=29/100  3.1 sps  ETA 10.7h
              R²_rand=0.9900  R²_naive=0.9909  U_t=0.1493  U_b=0.1474  AUC=1.0000  Top1=1.0000
  timing: data=16.6ms  fwd=94.5ms  bwd=9.6ms  total=121.3ms
[  30900] loss=2.0444  ema_loss=2.0395  gap=1.0906  ema_gap=1.0901  mixup=34/100  3.1 sps  ETA 10.7h
              R²_rand=0.9899  R²_naive=0.9909  U_t=0.1488  U_b=0.1480  AUC=1.0000  Top1=1.0000
  timing: data=5.5ms  fwd=94.2ms  bwd=9.6ms  total=109.9ms
[  31000] loss=2.0360  ema_loss=2.0400  gap=1.0902  ema_gap=1.0920  mixup=19/100  3.1 sps  ETA 10.7h
              R²_rand=0.9899  R²_naive=0.9909  U_t=0.1487  U_b=0.1482  AUC=1.0000  Top1=1.0000
  timing: data=16.5ms  fwd=93.5ms  bwd=9.4ms  total=120.0ms
[  31100] loss=2.0427  ema_loss=2.0403  gap=1.1015  ema_gap=1.0962  mixup=39/100  3.1 sps  ETA 10.7h
              R²_rand=0.9899  R²_naive=0.9910  U_t=0.1474  U_b=0.1479  AUC=1.0000  Top1=1.0000
  timing: data=17.0ms  fwd=95.3ms  bwd=9.1ms  total=121.9ms
[  31200] loss=2.0393  ema_loss=2.0403  gap=1.0976  ema_gap=1.0954  mixup=30/100  3.1 sps  ETA 10.7h
              R²_rand=0.9900  R²_naive=0.9910  U_t=0.1484  U_b=0.1479  AUC=1.0000  Top1=1.0000
  timing: data=4.7ms  fwd=95.5ms  bwd=9.0ms  total=109.8ms
[  31300] loss=2.0376  ema_loss=2.0399  gap=1.0905  ema_gap=1.0942  mixup=26/100  3.1 sps  ETA 10.7h
              R²_rand=0.9901  R²_naive=0.9910  U_t=0.1485  U_b=0.1484  AUC=1.0000  Top1=1.0000
  timing: data=15.8ms  fwd=95.4ms  bwd=9.2ms  total=120.9ms
[  31400] loss=2.0413  ema_loss=2.0406  gap=1.1039  ema_gap=1.0962  mixup=30/100  3.1 sps  ETA 10.7h
              R²_rand=0.9899  R²_naive=0.9910  U_t=0.1482  U_b=0.1479  AUC=1.0000  Top1=1.0000
  timing: data=17.0ms  fwd=94.9ms  bwd=9.3ms  total=121.8ms
[  31500] loss=2.0396  ema_loss=2.0404  gap=1.0906  ema_gap=1.0966  mixup=33/100  3.1 sps  ETA 10.7h
              R²_rand=0.9899  R²_naive=0.9909  U_t=0.1480  U_b=0.1479  AUC=1.0000  Top1=1.0000
  timing: data=4.3ms  fwd=96.8ms  bwd=9.6ms  total=111.3ms
[  31600] loss=2.0393  ema_loss=2.0407  gap=1.0934  ema_gap=1.0962  mixup=29/100  3.1 sps  ETA 10.7h
              R²_rand=0.9899  R²_naive=0.9910  U_t=0.1485  U_b=0.1481  AUC=1.0000  Top1=1.0000
  timing: data=16.1ms  fwd=95.8ms  bwd=9.4ms  total=121.7ms
[  31700] loss=2.0379  ema_loss=2.0399  gap=1.0973  ema_gap=1.0971  mixup=44/100  3.1 sps  ETA 10.7h
              R²_rand=0.9902  R²_naive=0.9911  U_t=0.1485  U_b=0.1482  AUC=1.0000  Top1=1.0000
  timing: data=16.7ms  fwd=92.8ms  bwd=11.0ms  total=121.1ms
  -> Saved /home/jupyter/contrastive-forecasting/checkpoints/enc_fcst_dk09_fp32_150k_best_gap.pth
[  31800] loss=2.0407  ema_loss=2.0399  gap=1.1016  ema_gap=1.0971  mixup=23/100  3.1 sps  ETA 10.7h
              R²_rand=0.9901  R²_naive=0.9911  U_t=0.1488  U_b=0.1482  AUC=1.0000  Top1=1.0000
  timing: data=5.2ms  fwd=95.8ms  bwd=9.2ms  total=110.7ms
  -> Saved /home/jupyter/contrastive-forecasting/checkpoints/enc_fcst_dk09_fp32_150k_best_gap.pth
[  31900] loss=2.0386  ema_loss=2.0395  gap=1.0977  ema_gap=1.0957  mixup=33/100  3.1 sps  ETA 10.6h
              R²_rand=0.9900  R²_naive=0.9911  U_t=0.1485  U_b=0.1481  AUC=1.0000  Top1=1.0000
  timing: data=16.7ms  fwd=94.0ms  bwd=10.6ms  total=121.9ms
[  32000] loss=2.0401  ema_loss=2.0391  gap=1.0993  ema_gap=1.0944  mixup=20/100  3.1 sps  ETA 10.6h
              R²_rand=0.9902  R²_naive=0.9912  U_t=0.1485  U_b=0.1479  AUC=1.0000  Top1=1.0000
  timing: data=4.6ms  fwd=94.8ms  bwd=9.3ms  total=109.2ms
[  32100] loss=2.0376  ema_loss=2.0394  gap=1.0866  ema_gap=1.0912  mixup=25/100  3.1 sps  ETA 10.6h
              R²_rand=0.9900  R²_naive=0.9909  U_t=0.1489  U_b=0.1480  AUC=1.0000  Top1=1.0000
  timing: data=17.3ms  fwd=95.7ms  bwd=9.9ms  total=123.4ms
[  32200] loss=2.0437  ema_loss=2.0396  gap=1.0916  ema_gap=1.0911  mixup=29/100  3.1 sps  ETA 10.6h
              R²_rand=0.9901  R²_naive=0.9911  U_t=0.1487  U_b=0.1475  AUC=1.0000  Top1=1.0000
  timing: data=17.9ms  fwd=95.7ms  bwd=9.9ms  total=124.0ms
[  32300] loss=2.0438  ema_loss=2.0398  gap=1.0946  ema_gap=1.0936  mixup=36/100  3.1 sps  ETA 10.6h
              R²_rand=0.9901  R²_naive=0.9910  U_t=0.1490  U_b=0.1478  AUC=1.0000  Top1=1.0000
  timing: data=4.5ms  fwd=96.3ms  bwd=9.7ms  total=111.0ms
[  32400] loss=2.0427  ema_loss=2.0393  gap=1.0951  ema_gap=1.0934  mixup=24/100  3.1 sps  ETA 10.6h
              R²_rand=0.9898  R²_naive=0.9908  U_t=0.1480  U_b=0.1480  AUC=1.0000  Top1=1.0000
  timing: data=16.3ms  fwd=96.2ms  bwd=9.6ms  total=122.6ms
[  32500] loss=2.0417  ema_loss=2.0392  gap=1.0958  ema_gap=1.0934  mixup=32/100  3.1 sps  ETA 10.6h
              R²_rand=0.9901  R²_naive=0.9912  U_t=0.1489  U_b=0.1479  AUC=1.0000  Top1=1.0000
  timing: data=16.5ms  fwd=95.0ms  bwd=9.1ms  total=121.2ms
[  32600] loss=2.0395  ema_loss=2.0393  gap=1.0973  ema_gap=1.0953  mixup=29/100  3.1 sps  ETA 10.6h
              R²_rand=0.9901  R²_naive=0.9911  U_t=0.1471  U_b=0.1480  AUC=1.0000  Top1=1.0000
  timing: data=3.8ms  fwd=96.7ms  bwd=9.3ms  total=110.4ms
[  32700] loss=2.0337  ema_loss=2.0394  gap=1.0946  ema_gap=1.0958  mixup=26/100  3.1 sps  ETA 10.6h
              R²_rand=0.9901  R²_naive=0.9911  U_t=0.1482  U_b=0.1483  AUC=1.0000  Top1=1.0000
  timing: data=16.7ms  fwd=94.3ms  bwd=9.7ms  total=121.2ms
[  32800] loss=2.0376  ema_loss=2.0394  gap=1.0908  ema_gap=1.0942  mixup=31/100  3.1 sps  ETA 10.6h
              R²_rand=0.9900  R²_naive=0.9909  U_t=0.1495  U_b=0.1478  AUC=1.0000  Top1=1.0000
  timing: data=16.1ms  fwd=95.5ms  bwd=9.6ms  total=121.8ms
[  32900] loss=2.0328  ema_loss=2.0387  gap=1.0972  ema_gap=1.0940  mixup=36/100  3.1 sps  ETA 10.5h
              R²_rand=0.9901  R²_naive=0.9912  U_t=0.1482  U_b=0.1483  AUC=1.0000  Top1=1.0000
  timing: data=5.8ms  fwd=94.9ms  bwd=9.7ms  total=110.9ms
  -> Saved /home/jupyter/contrastive-forecasting/checkpoints/enc_fcst_dk09_fp32_150k_best_loss.pth
[  33000] loss=2.0398  ema_loss=2.0388  gap=1.0856  ema_gap=1.0928  mixup=34/100  3.1 sps  ETA 10.5h
              R²_rand=0.9901  R²_naive=0.9910  U_t=0.1500  U_b=0.1478  AUC=1.0000  Top1=1.0000
  timing: data=18.8ms  fwd=94.1ms  bwd=9.6ms  total=123.1ms
[  33100] loss=2.0420  ema_loss=2.0392  gap=1.0981  ema_gap=1.0939  mixup=30/100  3.1 sps  ETA 10.5h
              R²_rand=0.9899  R²_naive=0.9909  U_t=0.1483  U_b=0.1478  AUC=1.0000  Top1=1.0000
  timing: data=16.4ms  fwd=93.6ms  bwd=10.1ms  total=120.7ms
[  33200] loss=2.0402  ema_loss=2.0390  gap=1.0838  ema_gap=1.0931  mixup=20/100  3.1 sps  ETA 10.5h
              R²_rand=0.9898  R²_naive=0.9908  U_t=0.1488  U_b=0.1483  AUC=1.0000  Top1=1.0000
  timing: data=3.6ms  fwd=95.7ms  bwd=9.7ms  total=109.5ms
[  33300] loss=2.0341  ema_loss=2.0387  gap=1.0989  ema_gap=1.0938  mixup=25/100  3.1 sps  ETA 10.5h
              R²_rand=0.9900  R²_naive=0.9910  U_t=0.1483  U_b=0.1483  AUC=1.0000  Top1=1.0000
  timing: data=16.6ms  fwd=95.1ms  bwd=9.6ms  total=121.8ms
[  33400] loss=2.0392  ema_loss=2.0389  gap=1.0881  ema_gap=1.0951  mixup=24/100  3.1 sps  ETA 10.5h
              R²_rand=0.9901  R²_naive=0.9911  U_t=0.1474  U_b=0.1479  AUC=1.0000  Top1=1.0000
  timing: data=3.5ms  fwd=97.5ms  bwd=9.2ms  total=110.7ms
[  33500] loss=2.0350  ema_loss=2.0388  gap=1.0948  ema_gap=1.0943  mixup=22/100  3.1 sps  ETA 10.5h
              R²_rand=0.9899  R²_naive=0.9910  U_t=0.1480  U_b=0.1483  AUC=1.0000  Top1=1.0000
  timing: data=17.1ms  fwd=94.0ms  bwd=9.4ms  total=121.1ms
[  33600] loss=2.0393  ema_loss=2.0389  gap=1.0976  ema_gap=1.0936  mixup=31/100  3.1 sps  ETA 10.5h
              R²_rand=0.9899  R²_naive=0.9910  U_t=0.1489  U_b=0.1476  AUC=1.0000  Top1=1.0000
  timing: data=16.1ms  fwd=93.2ms  bwd=9.8ms  total=119.6ms
[  33700] loss=2.0377  ema_loss=2.0394  gap=1.0954  ema_gap=1.0944  mixup=27/100  3.1 sps  ETA 10.5h
              R²_rand=0.9901  R²_naive=0.9911  U_t=0.1485  U_b=0.1481  AUC=1.0000  Top1=1.0000
  timing: data=3.3ms  fwd=94.9ms  bwd=9.8ms  total=108.5ms
[  33800] loss=2.0387  ema_loss=2.0390  gap=1.0991  ema_gap=1.0971  mixup=31/100  3.1 sps  ETA 10.5h
              R²_rand=0.9900  R²_naive=0.9910  U_t=0.1482  U_b=0.1479  AUC=1.0000  Top1=1.0000
  timing: data=16.1ms  fwd=92.0ms  bwd=9.8ms  total=118.4ms
  -> Saved /home/jupyter/contrastive-forecasting/checkpoints/enc_fcst_dk09_fp32_150k_best_gap.pth
[  33900] loss=2.0401  ema_loss=2.0383  gap=1.0948  ema_gap=1.0963  mixup=29/100  3.1 sps  ETA 10.4h
              R²_rand=0.9901  R²_naive=0.9911  U_t=0.1485  U_b=0.1477  AUC=1.0000  Top1=1.0000
  timing: data=16.5ms  fwd=93.0ms  bwd=9.3ms  total=119.3ms
  -> Saved /home/jupyter/contrastive-forecasting/checkpoints/enc_fcst_dk09_fp32_150k_best_loss.pth
[  34000] loss=2.0361  ema_loss=2.0385  gap=1.0964  ema_gap=1.0949  mixup=25/100  3.1 sps  ETA 10.4h
              R²_rand=0.9900  R²_naive=0.9910  U_t=0.1486  U_b=0.1478  AUC=1.0000  Top1=1.0000
  timing: data=4.8ms  fwd=94.1ms  bwd=9.0ms  total=108.3ms
[  34100] loss=2.0438  ema_loss=2.0384  gap=1.0939  ema_gap=1.0946  mixup=26/100  3.1 sps  ETA 10.4h
              R²_rand=0.9901  R²_naive=0.9910  U_t=0.1486  U_b=0.1482  AUC=1.0000  Top1=1.0000
  timing: data=16.7ms  fwd=93.5ms  bwd=9.8ms  total=120.5ms
[  34200] loss=2.0393  ema_loss=2.0387  gap=1.0957  ema_gap=1.0944  mixup=30/100  3.1 sps  ETA 10.4h
              R²_rand=0.9901  R²_naive=0.9911  U_t=0.1481  U_b=0.1479  AUC=1.0000  Top1=1.0000
  timing: data=16.8ms  fwd=92.9ms  bwd=10.6ms  total=120.9ms
[  34300] loss=2.0393  ema_loss=2.0388  gap=1.0942  ema_gap=1.0948  mixup=45/100  3.1 sps  ETA 10.4h
              R²_rand=0.9899  R²_naive=0.9909  U_t=0.1481  U_b=0.1480  AUC=1.0000  Top1=1.0000
  timing: data=4.8ms  fwd=96.3ms  bwd=9.7ms  total=111.2ms
[  34400] loss=2.0427  ema_loss=2.0391  gap=1.0959  ema_gap=1.0946  mixup=35/100  3.1 sps  ETA 10.4h
              R²_rand=0.9898  R²_naive=0.9910  U_t=0.1481  U_b=0.1478  AUC=1.0000  Top1=1.0000
  timing: data=17.1ms  fwd=93.5ms  bwd=9.2ms  total=120.3ms
[  34500] loss=2.0415  ema_loss=2.0388  gap=1.0993  ema_gap=1.0945  mixup=28/100  3.1 sps  ETA 10.4h
              R²_rand=0.9901  R²_naive=0.9911  U_t=0.1479  U_b=0.1475  AUC=1.0000  Top1=1.0000
  timing: data=3.4ms  fwd=93.0ms  bwd=8.7ms  total=105.6ms
[  34600] loss=2.0407  ema_loss=2.0386  gap=1.0929  ema_gap=1.0943  mixup=34/100  3.1 sps  ETA 10.4h
              R²_rand=0.9901  R²_naive=0.9911  U_t=0.1487  U_b=0.1481  AUC=1.0000  Top1=1.0000
  timing: data=21.0ms  fwd=95.2ms  bwd=9.3ms  total=125.9ms
[  34700] loss=2.0414  ema_loss=2.0387  gap=1.0960  ema_gap=1.0962  mixup=24/100  3.1 sps  ETA 10.4h
              R²_rand=0.9901  R²_naive=0.9911  U_t=0.1490  U_b=0.1479  AUC=1.0000  Top1=1.0000
  timing: data=16.4ms  fwd=94.1ms  bwd=9.0ms  total=120.1ms
[  34800] loss=2.0382  ema_loss=2.0388  gap=1.0964  ema_gap=1.0958  mixup=34/100  3.1 sps  ETA 10.4h
              R²_rand=0.9901  R²_naive=0.9911  U_t=0.1490  U_b=0.1477  AUC=1.0000  Top1=1.0000
  timing: data=3.4ms  fwd=95.5ms  bwd=8.7ms  total=108.0ms
[  34900] loss=2.0397  ema_loss=2.0385  gap=1.0896  ema_gap=1.0946  mixup=30/100  3.1 sps  ETA 10.4h
              R²_rand=0.9900  R²_naive=0.9910  U_t=0.1498  U_b=0.1481  AUC=1.0000  Top1=1.0000
  timing: data=67.8ms  fwd=94.0ms  bwd=9.0ms  total=171.1ms
[  35000] loss=2.0369  ema_loss=2.0386  gap=1.0937  ema_gap=1.0948  mixup=34/100  3.1 sps  ETA 10.4h
              R²_rand=0.9901  R²_naive=0.9911  U_t=0.1485  U_b=0.1477  AUC=1.0000  Top1=1.0000
  timing: data=73.9ms  fwd=93.6ms  bwd=9.3ms  total=177.2ms
  -> Saved /home/jupyter/contrastive-forecasting/checkpoints/enc_fcst_dk09_fp32_150k_35k.pth
[  35100] loss=2.0335  ema_loss=2.0386  gap=1.1007  ema_gap=1.0933  mixup=32/100  3.1 sps  ETA 10.3h
              R²_rand=0.9902  R²_naive=0.9911  U_t=0.1475  U_b=0.1482  AUC=1.0000  Top1=1.0000
  timing: data=5.3ms  fwd=93.4ms  bwd=8.9ms  total=108.0ms
[  35200] loss=2.0401  ema_loss=2.0384  gap=1.0918  ema_gap=1.0944  mixup=35/100  3.1 sps  ETA 10.3h
              R²_rand=0.9902  R²_naive=0.9910  U_t=0.1497  U_b=0.1482  AUC=1.0000  Top1=1.0000
  timing: data=35.6ms  fwd=93.2ms  bwd=9.8ms  total=139.1ms
[  35300] loss=2.0360  ema_loss=2.0380  gap=1.0910  ema_gap=1.0939  mixup=33/100  3.1 sps  ETA 10.3h
              R²_rand=0.9901  R²_naive=0.9911  U_t=0.1492  U_b=0.1481  AUC=1.0000  Top1=1.0000
  timing: data=16.5ms  fwd=92.9ms  bwd=9.3ms  total=119.3ms
  -> Saved /home/jupyter/contrastive-forecasting/checkpoints/enc_fcst_dk09_fp32_150k_best_loss.pth
[  35400] loss=2.0388  ema_loss=2.0383  gap=1.0936  ema_gap=1.0948  mixup=28/100  3.1 sps  ETA 10.3h
              R²_rand=0.9901  R²_naive=0.9910  U_t=0.1486  U_b=0.1481  AUC=1.0000  Top1=1.0000
  timing: data=3.6ms  fwd=94.3ms  bwd=8.8ms  total=107.0ms
[  35500] loss=2.0444  ema_loss=2.0381  gap=1.0917  ema_gap=1.0946  mixup=35/100  3.1 sps  ETA 10.3h
              R²_rand=0.9900  R²_naive=0.9910  U_t=0.1496  U_b=0.1475  AUC=1.0000  Top1=1.0000
  timing: data=16.3ms  fwd=92.4ms  bwd=8.8ms  total=117.9ms
[  35600] loss=2.0418  ema_loss=2.0380  gap=1.0941  ema_gap=1.0944  mixup=32/100  3.1 sps  ETA 10.3h
              R²_rand=0.9901  R²_naive=0.9910  U_t=0.1484  U_b=0.1477  AUC=1.0000  Top1=1.0000
  timing: data=15.2ms  fwd=94.4ms  bwd=10.3ms  total=120.4ms
  -> Saved /home/jupyter/contrastive-forecasting/checkpoints/enc_fcst_dk09_fp32_150k_best_loss.pth
[  35700] loss=2.0422  ema_loss=2.0379  gap=1.0992  ema_gap=1.0948  mixup=24/100  3.1 sps  ETA 10.3h
              R²_rand=0.9902  R²_naive=0.9911  U_t=0.1481  U_b=0.1479  AUC=1.0000  Top1=1.0000
  timing: data=3.6ms  fwd=95.6ms  bwd=10.6ms  total=110.2ms
  -> Saved /home/jupyter/contrastive-forecasting/checkpoints/enc_fcst_dk09_fp32_150k_best_loss.pth
[  35800] loss=2.0371  ema_loss=2.0377  gap=1.0973  ema_gap=1.0953  mixup=19/100  3.1 sps  ETA 10.3h
              R²_rand=0.9899  R²_naive=0.9910  U_t=0.1478  U_b=0.1483  AUC=1.0000  Top1=1.0000
  timing: data=14.9ms  fwd=95.9ms  bwd=9.6ms  total=120.9ms
  -> Saved /home/jupyter/contrastive-forecasting/checkpoints/enc_fcst_dk09_fp32_150k_best_loss.pth
[  35900] loss=2.0361  ema_loss=2.0382  gap=1.0955  ema_gap=1.0957  mixup=45/100  3.1 sps  ETA 10.3h
              R²_rand=0.9900  R²_naive=0.9910  U_t=0.1478  U_b=0.1480  AUC=1.0000  Top1=1.0000
  timing: data=4.6ms  fwd=94.8ms  bwd=9.0ms  total=108.8ms
[  36000] loss=2.0417  ema_loss=2.0384  gap=1.1065  ema_gap=1.0978  mixup=29/100  3.1 sps  ETA 10.3h
              R²_rand=0.9899  R²_naive=0.9909  U_t=0.1473  U_b=0.1479  AUC=1.0000  Top1=1.0000
  timing: data=14.9ms  fwd=94.1ms  bwd=8.9ms  total=118.4ms
  -> Saved /home/jupyter/contrastive-forecasting/checkpoints/enc_fcst_dk09_fp32_150k_best_gap.pth
[  36100] loss=2.0375  ema_loss=2.0383  gap=1.1032  ema_gap=1.0982  mixup=22/100  3.1 sps  ETA 10.2h
              R²_rand=0.9901  R²_naive=0.9912  U_t=0.1478  U_b=0.1480  AUC=1.0000  Top1=1.0000
  timing: data=15.6ms  fwd=91.8ms  bwd=9.7ms  total=117.5ms
  -> Saved /home/jupyter/contrastive-forecasting/checkpoints/enc_fcst_dk09_fp32_150k_best_gap.pth
[  36200] loss=2.0372  ema_loss=2.0382  gap=1.0955  ema_gap=1.0974  mixup=33/100  3.1 sps  ETA 10.2h
              R²_rand=0.9901  R²_naive=0.9911  U_t=0.1492  U_b=0.1477  AUC=1.0000  Top1=1.0000
  timing: data=4.9ms  fwd=96.2ms  bwd=9.3ms  total=110.9ms
[  36300] loss=2.0419  ema_loss=2.0380  gap=1.1020  ema_gap=1.0977  mixup=35/100  3.1 sps  ETA 10.2h
              R²_rand=0.9901  R²_naive=0.9912  U_t=0.1476  U_b=0.1472  AUC=1.0000  Top1=1.0000
  timing: data=17.4ms  fwd=91.2ms  bwd=9.8ms  total=119.0ms
[  36400] loss=2.0417  ema_loss=2.0380  gap=1.0881  ema_gap=1.0964  mixup=34/100  3.1 sps  ETA 10.2h
              R²_rand=0.9902  R²_naive=0.9911  U_t=0.1495  U_b=0.1474  AUC=1.0000  Top1=1.0000
  timing: data=16.5ms  fwd=92.0ms  bwd=9.5ms  total=118.5ms
[  36500] loss=2.0388  ema_loss=2.0381  gap=1.0956  ema_gap=1.0948  mixup=22/100  3.1 sps  ETA 10.2h
              R²_rand=0.9901  R²_naive=0.9911  U_t=0.1483  U_b=0.1478  AUC=1.0000  Top1=1.0000
  timing: data=3.5ms  fwd=95.1ms  bwd=9.7ms  total=108.8ms
[  36600] loss=2.0413  ema_loss=2.0381  gap=1.0924  ema_gap=1.0942  mixup=35/100  3.1 sps  ETA 10.2h
              R²_rand=0.9902  R²_naive=0.9911  U_t=0.1498  U_b=0.1473  AUC=1.0000  Top1=1.0000
  timing: data=18.0ms  fwd=92.8ms  bwd=9.2ms  total=120.5ms
[  36700] loss=2.0330  ema_loss=2.0377  gap=1.0977  ema_gap=1.0944  mixup=24/100  3.1 sps  ETA 10.2h
              R²_rand=0.9901  R²_naive=0.9912  U_t=0.1482  U_b=0.1483  AUC=1.0000  Top1=1.0000
  timing: data=15.3ms  fwd=93.9ms  bwd=9.5ms  total=119.2ms
[  36800] loss=2.0409  ema_loss=2.0381  gap=1.0983  ema_gap=1.0972  mixup=39/100  3.1 sps  ETA 10.2h
              R²_rand=0.9901  R²_naive=0.9911  U_t=0.1481  U_b=0.1478  AUC=1.0000  Top1=1.0000
  timing: data=4.6ms  fwd=95.1ms  bwd=9.4ms  total=109.6ms
[  36900] loss=2.0406  ema_loss=2.0378  gap=1.1005  ema_gap=1.0985  mixup=28/100  3.1 sps  ETA 10.2h
              R²_rand=0.9902  R²_naive=0.9913  U_t=0.1484  U_b=0.1481  AUC=1.0000  Top1=1.0000
  timing: data=15.1ms  fwd=94.7ms  bwd=9.1ms  total=119.3ms
  -> Saved /home/jupyter/contrastive-forecasting/checkpoints/enc_fcst_dk09_fp32_150k_best_gap.pth
[  37000] loss=2.0408  ema_loss=2.0396  gap=1.1086  ema_gap=1.1004  mixup=24/100  3.1 sps  ETA 10.2h
              R²_rand=0.9900  R²_naive=0.9911  U_t=0.1483  U_b=0.1483  AUC=1.0000  Top1=1.0000
  timing: data=3.3ms  fwd=93.4ms  bwd=8.7ms  total=105.8ms
  -> Saved /home/jupyter/contrastive-forecasting/checkpoints/enc_fcst_dk09_fp32_150k_best_gap.pth
[  37100] loss=2.0381  ema_loss=2.0384  gap=1.0916  ema_gap=1.0988  mixup=29/100  3.1 sps  ETA 10.1h
              R²_rand=0.9902  R²_naive=0.9911  U_t=0.1492  U_b=0.1480  AUC=1.0000  Top1=1.0000
  timing: data=15.0ms  fwd=94.1ms  bwd=9.6ms  total=119.2ms
[  37200] loss=2.0344  ema_loss=2.0382  gap=1.0986  ema_gap=1.0980  mixup=30/100  3.1 sps  ETA 10.1h
              R²_rand=0.9902  R²_naive=0.9912  U_t=0.1489  U_b=0.1481  AUC=1.0000  Top1=1.0000
  timing: data=17.0ms  fwd=91.9ms  bwd=9.3ms  total=118.7ms
[  37300] loss=2.0405  ema_loss=2.0388  gap=1.1030  ema_gap=1.0992  mixup=33/100  3.1 sps  ETA 10.1h
              R²_rand=0.9901  R²_naive=0.9911  U_t=0.1482  U_b=0.1477  AUC=1.0000  Top1=1.0000
  timing: data=5.5ms  fwd=93.6ms  bwd=9.7ms  total=109.3ms
[  37400] loss=2.0414  ema_loss=2.0382  gap=1.1048  ema_gap=1.0989  mixup=32/100  3.1 sps  ETA 10.1h
              R²_rand=0.9901  R²_naive=0.9912  U_t=0.1480  U_b=0.1480  AUC=1.0000  Top1=1.0000
  timing: data=16.2ms  fwd=93.7ms  bwd=9.0ms  total=119.4ms
[  37500] loss=2.0349  ema_loss=2.0386  gap=1.1014  ema_gap=1.0990  mixup=26/100  3.1 sps  ETA 10.1h
              R²_rand=0.9901  R²_naive=0.9911  U_t=0.1490  U_b=0.1480  AUC=1.0000  Top1=1.0000
  timing: data=16.3ms  fwd=92.9ms  bwd=9.1ms  total=118.8ms
[  37600] loss=2.0398  ema_loss=2.0387  gap=1.0984  ema_gap=1.0987  mixup=35/100  3.1 sps  ETA 10.1h
              R²_rand=0.9901  R²_naive=0.9911  U_t=0.1490  U_b=0.1479  AUC=1.0000  Top1=1.0000
  timing: data=4.3ms  fwd=95.0ms  bwd=9.7ms  total=109.4ms
[  37700] loss=2.0411  ema_loss=2.0381  gap=1.0958  ema_gap=1.0979  mixup=33/100  3.1 sps  ETA 10.1h
              R²_rand=0.9902  R²_naive=0.9912  U_t=0.1486  U_b=0.1480  AUC=1.0000  Top1=1.0000
  timing: data=19.0ms  fwd=93.7ms  bwd=9.8ms  total=123.0ms
[  37800] loss=2.0364  ema_loss=2.0382  gap=1.0988  ema_gap=1.0979  mixup=38/100  3.1 sps  ETA 10.1h
              R²_rand=0.9901  R²_naive=0.9911  U_t=0.1478  U_b=0.1479  AUC=1.0000  Top1=1.0000
  timing: data=16.7ms  fwd=92.5ms  bwd=9.0ms  total=118.7ms
[  37900] loss=2.0331  ema_loss=2.0377  gap=1.0989  ema_gap=1.0971  mixup=27/100  3.1 sps  ETA 10.1h
              R²_rand=0.9903  R²_naive=0.9912  U_t=0.1490  U_b=0.1481  AUC=1.0000  Top1=1.0000
  timing: data=3.5ms  fwd=96.0ms  bwd=8.7ms  total=108.7ms
[  38000] loss=2.0361  ema_loss=2.0378  gap=1.0962  ema_gap=1.0970  mixup=24/100  3.1 sps  ETA 10.1h
              R²_rand=0.9900  R²_naive=0.9910  U_t=0.1491  U_b=0.1481  AUC=1.0000  Top1=1.0000
  timing: data=22.5ms  fwd=93.2ms  bwd=8.7ms  total=124.8ms
[  38100] loss=2.0385  ema_loss=2.0379  gap=1.0939  ema_gap=1.0957  mixup=33/100  3.1 sps  ETA 10.1h
              R²_rand=0.9903  R²_naive=0.9913  U_t=0.1479  U_b=0.1482  AUC=1.0000  Top1=1.0000
  timing: data=77.4ms  fwd=93.5ms  bwd=8.7ms  total=180.0ms
[  38200] loss=2.0401  ema_loss=2.0385  gap=1.1034  ema_gap=1.0975  mixup=28/100  3.1 sps  ETA 10.0h
              R²_rand=0.9901  R²_naive=0.9911  U_t=0.1489  U_b=0.1479  AUC=1.0000  Top1=1.0000
  timing: data=4.8ms  fwd=93.8ms  bwd=8.7ms  total=107.7ms
[  38300] loss=2.0374  ema_loss=2.0383  gap=1.0942  ema_gap=1.0986  mixup=29/100  3.1 sps  ETA 10.0h
              R²_rand=0.9902  R²_naive=0.9912  U_t=0.1483  U_b=0.1478  AUC=1.0000  Top1=1.0000
  timing: data=16.9ms  fwd=92.5ms  bwd=9.7ms  total=119.6ms
[  38400] loss=2.0388  ema_loss=2.0384  gap=1.0931  ema_gap=1.0982  mixup=34/100  3.1 sps  ETA 10.0h
              R²_rand=0.9901  R²_naive=0.9910  U_t=0.1495  U_b=0.1477  AUC=1.0000  Top1=1.0000
  timing: data=4.6ms  fwd=94.2ms  bwd=9.5ms  total=108.7ms
[  38500] loss=2.0402  ema_loss=2.0381  gap=1.0930  ema_gap=1.0970  mixup=28/100  3.1 sps  ETA 10.0h
              R²_rand=0.9901  R²_naive=0.9911  U_t=0.1481  U_b=0.1481  AUC=1.0000  Top1=1.0000
  timing: data=18.8ms  fwd=92.6ms  bwd=8.8ms  total=120.7ms
[  38600] loss=2.0357  ema_loss=2.0384  gap=1.1058  ema_gap=1.0979  mixup=25/100  3.1 sps  ETA 10.0h
              R²_rand=0.9902  R²_naive=0.9913  U_t=0.1481  U_b=0.1482  AUC=1.0000  Top1=1.0000
  timing: data=15.5ms  fwd=93.7ms  bwd=9.0ms  total=118.6ms
[  38700] loss=2.0411  ema_loss=2.0386  gap=1.1080  ema_gap=1.1009  mixup=31/100  3.1 sps  ETA 10.0h
              R²_rand=0.9902  R²_naive=0.9912  U_t=0.1479  U_b=0.1479  AUC=1.0000  Top1=1.0000
  timing: data=3.7ms  fwd=95.6ms  bwd=9.6ms  total=109.3ms
  -> Saved /home/jupyter/contrastive-forecasting/checkpoints/enc_fcst_dk09_fp32_150k_best_gap.pth
[  38800] loss=2.0353  ema_loss=2.0385  gap=1.1090  ema_gap=1.1033  mixup=34/100  3.1 sps  ETA 10.0h
              R²_rand=0.9900  R²_naive=0.9911  U_t=0.1478  U_b=0.1483  AUC=1.0000  Top1=1.0000
  timing: data=16.0ms  fwd=94.6ms  bwd=9.8ms  total=120.9ms
  -> Saved /home/jupyter/contrastive-forecasting/checkpoints/enc_fcst_dk09_fp32_150k_best_gap.pth
[  38900] loss=2.0390  ema_loss=2.0381  gap=1.0989  ema_gap=1.1015  mixup=31/100  3.1 sps  ETA 10.0h
              R²_rand=0.9902  R²_naive=0.9912  U_t=0.1480  U_b=0.1478  AUC=1.0000  Top1=1.0000
  timing: data=16.8ms  fwd=93.5ms  bwd=9.8ms  total=120.6ms
[  39000] loss=2.0451  ema_loss=2.0380  gap=1.0953  ema_gap=1.1007  mixup=21/100  3.1 sps  ETA 10.0h
              R²_rand=0.9901  R²_naive=0.9910  U_t=0.1478  U_b=0.1479  AUC=1.0000  Top1=1.0000
  timing: data=3.1ms  fwd=96.6ms  bwd=9.3ms  total=109.5ms
[  39100] loss=2.0412  ema_loss=2.0380  gap=1.0955  ema_gap=1.0996  mixup=28/100  3.1 sps  ETA 10.0h
              R²_rand=0.9901  R²_naive=0.9911  U_t=0.1484  U_b=0.1476  AUC=1.0000  Top1=1.0000
  timing: data=15.9ms  fwd=93.1ms  bwd=9.3ms  total=118.9ms
[  39200] loss=2.0371  ema_loss=2.0376  gap=1.0955  ema_gap=1.0981  mixup=36/100  3.1 sps  ETA 10.0h
              R²_rand=0.9902  R²_naive=0.9911  U_t=0.1494  U_b=0.1479  AUC=1.0000  Top1=1.0000
  timing: data=16.0ms  fwd=93.7ms  bwd=9.5ms  total=119.7ms
  -> Saved /home/jupyter/contrastive-forecasting/checkpoints/enc_fcst_dk09_fp32_150k_best_loss.pth
[  39300] loss=2.0386  ema_loss=2.0376  gap=1.0933  ema_gap=1.0973  mixup=31/100  3.1 sps  ETA 9.9h
              R²_rand=0.9900  R²_naive=0.9910  U_t=0.1487  U_b=0.1482  AUC=1.0000  Top1=1.0000
  timing: data=5.0ms  fwd=93.4ms  bwd=8.8ms  total=107.6ms
  -> Saved /home/jupyter/contrastive-forecasting/checkpoints/enc_fcst_dk09_fp32_150k_best_loss.pth
[  39400] loss=2.0378  ema_loss=2.0379  gap=1.0996  ema_gap=1.0990  mixup=32/100  3.1 sps  ETA 9.9h
              R²_rand=0.9899  R²_naive=0.9911  U_t=0.1484  U_b=0.1482  AUC=1.0000  Top1=1.0000
  timing: data=20.0ms  fwd=92.3ms  bwd=8.8ms  total=121.5ms
[  39500] loss=2.0405  ema_loss=2.0379  gap=1.0973  ema_gap=1.0990  mixup=34/100  3.1 sps  ETA 9.9h
              R²_rand=0.9901  R²_naive=0.9912  U_t=0.1482  U_b=0.1479  AUC=1.0000  Top1=1.0000
  timing: data=17.6ms  fwd=92.1ms  bwd=8.8ms  total=118.9ms
[  39600] loss=2.0341  ema_loss=2.0375  gap=1.1007  ema_gap=1.0978  mixup=38/100  3.1 sps  ETA 9.9h
              R²_rand=0.9901  R²_naive=0.9912  U_t=0.1484  U_b=0.1480  AUC=1.0000  Top1=1.0000
  timing: data=4.6ms  fwd=93.5ms  bwd=8.8ms  total=107.4ms
  -> Saved /home/jupyter/contrastive-forecasting/checkpoints/enc_fcst_dk09_fp32_150k_best_loss.pth
[  39700] loss=2.0371  ema_loss=2.0374  gap=1.0936  ema_gap=1.0979  mixup=35/100  3.1 sps  ETA 9.9h
              R²_rand=0.9902  R²_naive=0.9911  U_t=0.1485  U_b=0.1478  AUC=1.0000  Top1=1.0000
  timing: data=24.8ms  fwd=93.2ms  bwd=9.2ms  total=127.7ms
  -> Saved /home/jupyter/contrastive-forecasting/checkpoints/enc_fcst_dk09_fp32_150k_best_loss.pth
[  39800] loss=2.0370  ema_loss=2.0378  gap=1.0876  ema_gap=1.0979  mixup=26/100  3.1 sps  ETA 9.9h
              R²_rand=0.9903  R²_naive=0.9912  U_t=0.1492  U_b=0.1483  AUC=1.0000  Top1=1.0000
  timing: data=3.5ms  fwd=96.2ms  bwd=9.5ms  total=109.6ms
[  39900] loss=2.0384  ema_loss=2.0378  gap=1.1083  ema_gap=1.0985  mixup=26/100  3.1 sps  ETA 9.9h
              R²_rand=0.9901  R²_naive=0.9912  U_t=0.1477  U_b=0.1478  AUC=1.0000  Top1=1.0000
  timing: data=16.0ms  fwd=94.4ms  bwd=9.2ms  total=120.0ms
[  40000] loss=2.0313  ema_loss=2.0377  gap=1.0943  ema_gap=1.0979  mixup=29/100  3.1 sps  ETA 9.9h
              R²_rand=0.9901  R²_naive=0.9911  U_t=0.1495  U_b=0.1483  AUC=1.0000  Top1=1.0000
  timing: data=15.5ms  fwd=92.8ms  bwd=8.9ms  total=117.7ms
  -> Saved /home/jupyter/contrastive-forecasting/checkpoints/enc_fcst_dk09_fp32_150k_40k.pth
[  40100] loss=2.0390  ema_loss=2.0376  gap=1.0982  ema_gap=1.0988  mixup=29/100  3.1 sps  ETA 9.9h
              R²_rand=0.9903  R²_naive=0.9912  U_t=0.1479  U_b=0.1477  AUC=1.0000  Top1=1.0000
  timing: data=3.4ms  fwd=95.8ms  bwd=9.0ms  total=108.6ms
[  40200] loss=2.0326  ema_loss=2.0374  gap=1.0964  ema_gap=1.0981  mixup=30/100  3.1 sps  ETA 9.9h
              R²_rand=0.9902  R²_naive=0.9912  U_t=0.1484  U_b=0.1484  AUC=1.0000  Top1=1.0000
  timing: data=16.5ms  fwd=92.7ms  bwd=9.4ms  total=119.1ms
[  40300] loss=2.0394  ema_loss=2.0373  gap=1.1002  ema_gap=1.0983  mixup=27/100  3.1 sps  ETA 9.8h
              R²_rand=0.9902  R²_naive=0.9912  U_t=0.1480  U_b=0.1481  AUC=1.0000  Top1=1.0000
  timing: data=15.7ms  fwd=90.2ms  bwd=9.0ms  total=115.3ms
  -> Saved /home/jupyter/contrastive-forecasting/checkpoints/enc_fcst_dk09_fp32_150k_best_loss.pth
[  40400] loss=2.0385  ema_loss=2.0374  gap=1.0923  ema_gap=1.0985  mixup=31/100  3.1 sps  ETA 9.8h
              R²_rand=0.9902  R²_naive=0.9912  U_t=0.1485  U_b=0.1479  AUC=1.0000  Top1=1.0000
  timing: data=5.2ms  fwd=94.3ms  bwd=10.2ms  total=110.2ms
[  40500] loss=2.0374  ema_loss=2.0374  gap=1.0972  ema_gap=1.0974  mixup=34/100  3.1 sps  ETA 9.8h
              R²_rand=0.9902  R²_naive=0.9911  U_t=0.1484  U_b=0.1479  AUC=1.0000  Top1=1.0000
  timing: data=15.9ms  fwd=92.0ms  bwd=9.2ms  total=117.6ms
[  40600] loss=2.0359  ema_loss=2.0372  gap=1.1006  ema_gap=1.0982  mixup=26/100  3.1 sps  ETA 9.8h
              R²_rand=0.9902  R²_naive=0.9912  U_t=0.1484  U_b=0.1480  AUC=1.0000  Top1=1.0000
  timing: data=16.9ms  fwd=91.6ms  bwd=8.8ms  total=117.9ms
  -> Saved /home/jupyter/contrastive-forecasting/checkpoints/enc_fcst_dk09_fp32_150k_best_loss.pth
[  40700] loss=2.0352  ema_loss=2.0372  gap=1.1057  ema_gap=1.0980  mixup=24/100  3.1 sps  ETA 9.8h
              R²_rand=0.9902  R²_naive=0.9913  U_t=0.1474  U_b=0.1481  AUC=1.0000  Top1=1.0000
  timing: data=3.6ms  fwd=94.5ms  bwd=9.5ms  total=108.0ms
[  40800] loss=2.0385  ema_loss=2.0376  gap=1.0979  ema_gap=1.0974  mixup=27/100  3.1 sps  ETA 9.8h
              R²_rand=0.9900  R²_naive=0.9910  U_t=0.1483  U_b=0.1478  AUC=1.0000  Top1=1.0000
  timing: data=16.3ms  fwd=92.1ms  bwd=9.7ms  total=118.6ms
[  40900] loss=2.0393  ema_loss=2.0377  gap=1.0949  ema_gap=1.0962  mixup=22/100  3.1 sps  ETA 9.8h
              R²_rand=0.9901  R²_naive=0.9911  U_t=0.1487  U_b=0.1477  AUC=1.0000  Top1=1.0000
  timing: data=3.7ms  fwd=95.3ms  bwd=9.9ms  total=109.3ms
[  41000] loss=2.0415  ema_loss=2.0378  gap=1.0904  ema_gap=1.0975  mixup=27/100  3.1 sps  ETA 9.8h
              R²_rand=0.9901  R²_naive=0.9911  U_t=0.1493  U_b=0.1476  AUC=1.0000  Top1=1.0000
  timing: data=106.6ms  fwd=94.0ms  bwd=9.3ms  total=210.5ms
[  41100] loss=2.0349  ema_loss=2.0373  gap=1.1005  ema_gap=1.0970  mixup=26/100  3.1 sps  ETA 9.8h
              R²_rand=0.9902  R²_naive=0.9912  U_t=0.1483  U_b=0.1479  AUC=1.0000  Top1=1.0000
  timing: data=58.6ms  fwd=94.1ms  bwd=10.1ms  total=163.3ms
[  41200] loss=2.0348  ema_loss=2.0372  gap=1.0979  ema_gap=1.0966  mixup=35/100  3.1 sps  ETA 9.8h
              R²_rand=0.9902  R²_naive=0.9912  U_t=0.1484  U_b=0.1479  AUC=1.0000  Top1=1.0000
  timing: data=3.7ms  fwd=96.6ms  bwd=9.3ms  total=110.0ms
[  41300] loss=2.0417  ema_loss=2.0375  gap=1.0963  ema_gap=1.0981  mixup=29/100  3.1 sps  ETA 9.8h
              R²_rand=0.9901  R²_naive=0.9911  U_t=0.1488  U_b=0.1481  AUC=1.0000  Top1=1.0000
  timing: data=17.3ms  fwd=91.8ms  bwd=8.7ms  total=118.3ms
[  41400] loss=2.0351  ema_loss=2.0375  gap=1.1019  ema_gap=1.0978  mixup=33/100  3.1 sps  ETA 9.8h
              R²_rand=0.9902  R²_naive=0.9912  U_t=0.1483  U_b=0.1478  AUC=1.0000  Top1=1.0000
  timing: data=16.9ms  fwd=91.7ms  bwd=8.8ms  total=117.8ms
[  41500] loss=2.0402  ema_loss=2.0377  gap=1.0975  ema_gap=1.0985  mixup=36/100  3.1 sps  ETA 9.7h
              R²_rand=0.9902  R²_naive=0.9912  U_t=0.1480  U_b=0.1476  AUC=1.0000  Top1=1.0000
  timing: data=4.0ms  fwd=94.0ms  bwd=8.7ms  total=107.2ms
[  41600] loss=2.0362  ema_loss=2.0375  gap=1.0985  ema_gap=1.0974  mixup=33/100  3.1 sps  ETA 9.7h
              R²_rand=0.9902  R²_naive=0.9912  U_t=0.1478  U_b=0.1479  AUC=1.0000  Top1=1.0000
  timing: data=15.7ms  fwd=92.8ms  bwd=9.4ms  total=118.4ms
[  41700] loss=2.0398  ema_loss=2.0377  gap=1.1031  ema_gap=1.0980  mixup=30/100  3.1 sps  ETA 9.7h
              R²_rand=0.9901  R²_naive=0.9912  U_t=0.1487  U_b=0.1480  AUC=1.0000  Top1=1.0000
  timing: data=17.3ms  fwd=90.9ms  bwd=9.4ms  total=118.0ms
[  41800] loss=2.0370  ema_loss=2.0379  gap=1.0927  ema_gap=1.0987  mixup=36/100  3.1 sps  ETA 9.7h
              R²_rand=0.9902  R²_naive=0.9911  U_t=0.1484  U_b=0.1478  AUC=1.0000  Top1=1.0000
  timing: data=5.2ms  fwd=94.3ms  bwd=9.4ms  total=109.4ms
[  41900] loss=2.0354  ema_loss=2.0374  gap=1.0961  ema_gap=1.0976  mixup=31/100  3.1 sps  ETA 9.7h
              R²_rand=0.9902  R²_naive=0.9911  U_t=0.1499  U_b=0.1482  AUC=1.0000  Top1=1.0000
  timing: data=16.6ms  fwd=91.9ms  bwd=9.4ms  total=118.4ms
[  42000] loss=2.0345  ema_loss=2.0377  gap=1.0990  ema_gap=1.0974  mixup=39/100  3.1 sps  ETA 9.7h
              R²_rand=0.9901  R²_naive=0.9912  U_t=0.1494  U_b=0.1482  AUC=1.0000  Top1=1.0000
  timing: data=5.3ms  fwd=92.8ms  bwd=9.6ms  total=108.1ms
[  42100] loss=2.0372  ema_loss=2.0377  gap=1.1004  ema_gap=1.0985  mixup=29/100  3.1 sps  ETA 9.7h
              R²_rand=0.9900  R²_naive=0.9911  U_t=0.1482  U_b=0.1482  AUC=1.0000  Top1=1.0000
  timing: data=15.9ms  fwd=92.9ms  bwd=9.9ms  total=119.2ms
[  42200] loss=2.0394  ema_loss=2.0377  gap=1.0983  ema_gap=1.1000  mixup=32/100  3.1 sps  ETA 9.7h
              R²_rand=0.9901  R²_naive=0.9911  U_t=0.1489  U_b=0.1479  AUC=1.0000  Top1=1.0000
  timing: data=16.7ms  fwd=93.1ms  bwd=9.2ms  total=119.4ms
[  42300] loss=2.0345  ema_loss=2.0377  gap=1.0987  ema_gap=1.1001  mixup=25/100  3.1 sps  ETA 9.7h
              R²_rand=0.9902  R²_naive=0.9912  U_t=0.1486  U_b=0.1485  AUC=1.0000  Top1=1.0000
  timing: data=3.5ms  fwd=95.1ms  bwd=8.8ms  total=107.9ms
[  42400] loss=2.0381  ema_loss=2.0374  gap=1.0973  ema_gap=1.0975  mixup=31/100  3.1 sps  ETA 9.7h
              R²_rand=0.9901  R²_naive=0.9911  U_t=0.1485  U_b=0.1479  AUC=1.0000  Top1=1.0000
  timing: data=15.5ms  fwd=92.9ms  bwd=8.7ms  total=117.6ms
[  42500] loss=2.0393  ema_loss=2.0376  gap=1.0969  ema_gap=1.0972  mixup=29/100  3.1 sps  ETA 9.6h
              R²_rand=0.9902  R²_naive=0.9911  U_t=0.1485  U_b=0.1476  AUC=1.0000  Top1=1.0000
  timing: data=16.2ms  fwd=92.7ms  bwd=9.2ms  total=118.5ms
[  42600] loss=2.0382  ema_loss=2.0373  gap=1.0993  ema_gap=1.0994  mixup=28/100  3.1 sps  ETA 9.6h
              R²_rand=0.9901  R²_naive=0.9911  U_t=0.1483  U_b=0.1484  AUC=1.0000  Top1=1.0000
  timing: data=3.2ms  fwd=96.0ms  bwd=9.3ms  total=109.1ms
[  42700] loss=2.0389  ema_loss=2.0412  gap=1.1215  ema_gap=1.1039  mixup=36/100  3.1 sps  ETA 9.6h
              R²_rand=0.9899  R²_naive=0.9912  U_t=0.1466  U_b=0.1483  AUC=1.0000  Top1=1.0000
  timing: data=17.1ms  fwd=92.0ms  bwd=10.0ms  total=119.7ms
  -> Saved /home/jupyter/contrastive-forecasting/checkpoints/enc_fcst_dk09_fp32_150k_best_gap.pth
[  42800] loss=2.0388  ema_loss=2.0413  gap=1.1214  ema_gap=1.1114  mixup=27/100  3.1 sps  ETA 9.6h
              R²_rand=0.9900  R²_naive=0.9912  U_t=0.1472  U_b=0.1481  AUC=1.0000  Top1=1.0000
  timing: data=16.0ms  fwd=91.4ms  bwd=8.7ms  total=116.5ms
  -> Saved /home/jupyter/contrastive-forecasting/checkpoints/enc_fcst_dk09_fp32_150k_best_gap.pth
[  42900] loss=2.0408  ema_loss=2.0407  gap=1.1124  ema_gap=1.1138  mixup=30/100  3.1 sps  ETA 9.6h
              R²_rand=0.9902  R²_naive=0.9913  U_t=0.1470  U_b=0.1483  AUC=1.0000  Top1=1.0000
  timing: data=3.6ms  fwd=94.2ms  bwd=8.7ms  total=106.9ms
  -> Saved /home/jupyter/contrastive-forecasting/checkpoints/enc_fcst_dk09_fp32_150k_best_gap.pth
[  43000] loss=2.0441  ema_loss=2.0405  gap=1.1111  ema_gap=1.1143  mixup=32/100  3.1 sps  ETA 9.6h
              R²_rand=0.9898  R²_naive=0.9911  U_t=0.1464  U_b=0.1485  AUC=1.0000  Top1=1.0000
  timing: data=16.0ms  fwd=92.1ms  bwd=8.9ms  total=117.5ms
  -> Saved /home/jupyter/contrastive-forecasting/checkpoints/enc_fcst_dk09_fp32_150k_best_gap.pth
[  43100] loss=2.0411  ema_loss=2.0404  gap=1.1173  ema_gap=1.1146  mixup=32/100  3.1 sps  ETA 9.6h
              R²_rand=0.9902  R²_naive=0.9913  U_t=0.1471  U_b=0.1479  AUC=1.0000  Top1=1.0000
  timing: data=15.5ms  fwd=92.4ms  bwd=9.5ms  total=117.8ms
  -> Saved /home/jupyter/contrastive-forecasting/checkpoints/enc_fcst_dk09_fp32_150k_best_gap.pth
[  43200] loss=2.0430  ema_loss=2.0401  gap=1.1165  ema_gap=1.1146  mixup=28/100  3.1 sps  ETA 9.6h
              R²_rand=0.9902  R²_naive=0.9914  U_t=0.1465  U_b=0.1474  AUC=1.0000  Top1=1.0000
  timing: data=3.6ms  fwd=95.3ms  bwd=10.0ms  total=109.4ms
[  43300] loss=2.0474  ema_loss=2.0406  gap=1.1151  ema_gap=1.1152  mixup=30/100  3.1 sps  ETA 9.6h
              R²_rand=0.9900  R²_naive=0.9913  U_t=0.1471  U_b=0.1478  AUC=1.0000  Top1=1.0000
  timing: data=15.9ms  fwd=93.5ms  bwd=9.0ms  total=118.8ms
  -> Saved /home/jupyter/contrastive-forecasting/checkpoints/enc_fcst_dk09_fp32_150k_best_gap.pth
[  43400] loss=2.0373  ema_loss=2.0401  gap=1.1106  ema_gap=1.1159  mixup=21/100  3.1 sps  ETA 9.6h
              R²_rand=0.9901  R²_naive=0.9912  U_t=0.1466  U_b=0.1481  AUC=1.0000  Top1=1.0000
  timing: data=3.1ms  fwd=97.9ms  bwd=8.8ms  total=110.2ms
  -> Saved /home/jupyter/contrastive-forecasting/checkpoints/enc_fcst_dk09_fp32_150k_best_gap.pth
[  43500] loss=2.0421  ema_loss=2.0402  gap=1.1115  ema_gap=1.1146  mixup=21/100  3.1 sps  ETA 9.6h
              R²_rand=0.9899  R²_naive=0.9912  U_t=0.1472  U_b=0.1483  AUC=1.0000  Top1=1.0000
  timing: data=15.4ms  fwd=92.7ms  bwd=8.9ms  total=117.4ms
[  43600] loss=2.0398  ema_loss=2.0403  gap=1.1186  ema_gap=1.1149  mixup=28/100  3.1 sps  ETA 9.5h
              R²_rand=0.9900  R²_naive=0.9912  U_t=0.1462  U_b=0.1484  AUC=1.0000  Top1=1.0000
  timing: data=17.2ms  fwd=92.7ms  bwd=9.0ms  total=119.4ms
[  43700] loss=2.0445  ema_loss=2.0397  gap=1.1159  ema_gap=1.1142  mixup=29/100  3.1 sps  ETA 9.5h
              R²_rand=0.9901  R²_naive=0.9913  U_t=0.1460  U_b=0.1475  AUC=1.0000  Top1=1.0000
  timing: data=4.9ms  fwd=93.6ms  bwd=10.3ms  total=109.2ms
[  43800] loss=2.0377  ema_loss=2.0396  gap=1.1151  ema_gap=1.1141  mixup=27/100  3.1 sps  ETA 9.5h
              R²_rand=0.9902  R²_naive=0.9913  U_t=0.1462  U_b=0.1480  AUC=1.0000  Top1=1.0000
  timing: data=16.6ms  fwd=95.3ms  bwd=10.1ms  total=122.5ms
[  43900] loss=2.0380  ema_loss=2.0397  gap=1.1147  ema_gap=1.1146  mixup=34/100  3.1 sps  ETA 9.5h
              R²_rand=0.9900  R²_naive=0.9912  U_t=0.1465  U_b=0.1481  AUC=1.0000  Top1=1.0000
  timing: data=16.9ms  fwd=95.7ms  bwd=9.3ms  total=122.3ms
[  44000] loss=2.0381  ema_loss=2.0394  gap=1.1201  ema_gap=1.1157  mixup=31/100  3.1 sps  ETA 9.5h
              R²_rand=0.9901  R²_naive=0.9913  U_t=0.1461  U_b=0.1485  AUC=1.0000  Top1=1.0000
  timing: data=3.7ms  fwd=95.5ms  bwd=9.3ms  total=109.0ms
[  44100] loss=2.0385  ema_loss=2.0393  gap=1.1130  ema_gap=1.1159  mixup=31/100  3.1 sps  ETA 9.5h
              R²_rand=0.9901  R²_naive=0.9912  U_t=0.1466  U_b=0.1479  AUC=1.0000  Top1=1.0000
  timing: data=16.7ms  fwd=92.7ms  bwd=8.7ms  total=118.6ms
  -> Saved /home/jupyter/contrastive-forecasting/checkpoints/enc_fcst_dk09_fp32_150k_best_gap.pth
[  44200] loss=2.0382  ema_loss=2.0395  gap=1.1159  ema_gap=1.1176  mixup=31/100  3.1 sps  ETA 9.5h
              R²_rand=0.9902  R²_naive=0.9913  U_t=0.1463  U_b=0.1486  AUC=1.0000  Top1=1.0000
  timing: data=16.7ms  fwd=92.9ms  bwd=8.8ms  total=118.8ms
  -> Saved /home/jupyter/contrastive-forecasting/checkpoints/enc_fcst_dk09_fp32_150k_best_gap.pth
[  44300] loss=2.0450  ema_loss=2.0396  gap=1.1181  ema_gap=1.1169  mixup=38/100  3.1 sps  ETA 9.5h
              R²_rand=0.9901  R²_naive=0.9913  U_t=0.1470  U_b=0.1475  AUC=1.0000  Top1=1.0000
  timing: data=4.1ms  fwd=95.3ms  bwd=10.0ms  total=109.9ms
[  44400] loss=2.0450  ema_loss=2.0397  gap=1.1182  ema_gap=1.1165  mixup=36/100  3.1 sps  ETA 9.5h
              R²_rand=0.9901  R²_naive=0.9913  U_t=0.1452  U_b=0.1480  AUC=1.0000  Top1=1.0000
  timing: data=16.7ms  fwd=92.6ms  bwd=9.6ms  total=119.4ms
[  44500] loss=2.0397  ema_loss=2.0396  gap=1.1101  ema_gap=1.1180  mixup=23/100  3.1 sps  ETA 9.5h
              R²_rand=0.9902  R²_naive=0.9913  U_t=0.1461  U_b=0.1478  AUC=1.0000  Top1=1.0000
  timing: data=3.6ms  fwd=94.0ms  bwd=10.4ms  total=108.4ms
  -> Saved /home/jupyter/contrastive-forecasting/checkpoints/enc_fcst_dk09_fp32_150k_best_gap.pth
[  44600] loss=2.0395  ema_loss=2.0395  gap=1.1132  ema_gap=1.1181  mixup=29/100  3.1 sps  ETA 9.5h
              R²_rand=0.9902  R²_naive=0.9913  U_t=0.1461  U_b=0.1484  AUC=1.0000  Top1=1.0000
  timing: data=14.2ms  fwd=93.7ms  bwd=9.1ms  total=117.4ms
  -> Saved /home/jupyter/contrastive-forecasting/checkpoints/enc_fcst_dk09_fp32_150k_best_gap.pth
[  44700] loss=2.0391  ema_loss=2.0394  gap=1.1178  ema_gap=1.1184  mixup=28/100  3.1 sps  ETA 9.4h
              R²_rand=0.9902  R²_naive=0.9914  U_t=0.1456  U_b=0.1481  AUC=1.0000  Top1=1.0000
  timing: data=16.1ms  fwd=92.3ms  bwd=9.2ms  total=118.0ms
  -> Saved /home/jupyter/contrastive-forecasting/checkpoints/enc_fcst_dk09_fp32_150k_best_gap.pth
[  44800] loss=2.0371  ema_loss=2.0392  gap=1.1203  ema_gap=1.1184  mixup=22/100  3.1 sps  ETA 9.4h
              R²_rand=0.9902  R²_naive=0.9914  U_t=0.1454  U_b=0.1478  AUC=1.0000  Top1=1.0000
  timing: data=4.6ms  fwd=93.1ms  bwd=9.6ms  total=107.7ms
[  44900] loss=2.0374  ema_loss=2.0392  gap=1.1189  ema_gap=1.1196  mixup=24/100  3.1 sps  ETA 9.4h
              R²_rand=0.9901  R²_naive=0.9912  U_t=0.1457  U_b=0.1480  AUC=1.0000  Top1=1.0000
  timing: data=21.4ms  fwd=92.6ms  bwd=8.8ms  total=123.2ms
  -> Saved /home/jupyter/contrastive-forecasting/checkpoints/enc_fcst_dk09_fp32_150k_best_gap.pth
[  45000] loss=2.0439  ema_loss=2.0396  gap=1.1223  ema_gap=1.1201  mixup=31/100  3.1 sps  ETA 9.4h
              R²_rand=0.9901  R²_naive=0.9913  U_t=0.1461  U_b=0.1478  AUC=1.0000  Top1=1.0000
  timing: data=15.2ms  fwd=92.8ms  bwd=8.9ms  total=117.3ms
  -> Saved /home/jupyter/contrastive-forecasting/checkpoints/enc_fcst_dk09_fp32_150k_best_gap.pth
  -> Saved /home/jupyter/contrastive-forecasting/checkpoints/enc_fcst_dk09_fp32_150k_45k.pth
[  45100] loss=2.0397  ema_loss=2.0392  gap=1.1215  ema_gap=1.1191  mixup=33/100  3.1 sps  ETA 9.4h
              R²_rand=0.9902  R²_naive=0.9914  U_t=0.1457  U_b=0.1478  AUC=1.0000  Top1=1.0000
  timing: data=3.9ms  fwd=94.4ms  bwd=8.9ms  total=107.6ms
[  45200] loss=2.0348  ema_loss=2.0395  gap=1.1234  ema_gap=1.1191  mixup=33/100  3.1 sps  ETA 9.4h
              R²_rand=0.9899  R²_naive=0.9913  U_t=0.1446  U_b=0.1481  AUC=1.0000  Top1=1.0000
  timing: data=15.9ms  fwd=91.9ms  bwd=8.8ms  total=117.0ms
[  45300] loss=2.0446  ema_loss=2.0390  gap=1.1119  ema_gap=1.1190  mixup=40/100  3.1 sps  ETA 9.4h
              R²_rand=0.9901  R²_naive=0.9913  U_t=0.1458  U_b=0.1476  AUC=1.0000  Top1=1.0000
  timing: data=57.1ms  fwd=92.5ms  bwd=9.4ms  total=159.5ms
[  45400] loss=2.0480  ema_loss=2.0388  gap=1.1234  ema_gap=1.1181  mixup=38/100  3.1 sps  ETA 9.4h
              R²_rand=0.9901  R²_naive=0.9914  U_t=0.1453  U_b=0.1476  AUC=1.0000  Top1=1.0000
  timing: data=3.5ms  fwd=95.1ms  bwd=8.7ms  total=107.7ms
[  45500] loss=2.0412  ema_loss=2.0392  gap=1.1112  ema_gap=1.1184  mixup=22/100  3.1 sps  ETA 9.4h
              R²_rand=0.9901  R²_naive=0.9913  U_t=0.1459  U_b=0.1482  AUC=1.0000  Top1=1.0000
  timing: data=15.6ms  fwd=93.2ms  bwd=9.5ms  total=118.7ms
[  45600] loss=2.0378  ema_loss=2.0393  gap=1.1228  ema_gap=1.1188  mixup=28/100  3.1 sps  ETA 9.4h
              R²_rand=0.9902  R²_naive=0.9914  U_t=0.1453  U_b=0.1483  AUC=1.0000  Top1=1.0000
  timing: data=16.0ms  fwd=92.0ms  bwd=9.5ms  total=118.0ms
[  45700] loss=2.0334  ema_loss=2.0393  gap=1.1208  ema_gap=1.1192  mixup=32/100  3.1 sps  ETA 9.4h
              R²_rand=0.9902  R²_naive=0.9914  U_t=0.1451  U_b=0.1483  AUC=1.0000  Top1=1.0000
  timing: data=4.6ms  fwd=93.0ms  bwd=8.7ms  total=106.6ms
[  45800] loss=2.0413  ema_loss=2.0392  gap=1.1207  ema_gap=1.1184  mixup=42/100  3.1 sps  ETA 9.3h
              R²_rand=0.9900  R²_naive=0.9912  U_t=0.1458  U_b=0.1480  AUC=1.0000  Top1=1.0000
  timing: data=16.2ms  fwd=90.4ms  bwd=8.7ms  total=115.7ms
[  45900] loss=2.0326  ema_loss=2.0386  gap=1.1111  ema_gap=1.1194  mixup=39/100  3.1 sps  ETA 9.3h
              R²_rand=0.9902  R²_naive=0.9913  U_t=0.1459  U_b=0.1482  AUC=1.0000  Top1=1.0000
  timing: data=4.7ms  fwd=93.8ms  bwd=9.3ms  total=108.2ms
[  46000] loss=2.0360  ema_loss=2.0390  gap=1.1184  ema_gap=1.1200  mixup=34/100  3.1 sps  ETA 9.3h
              R²_rand=0.9902  R²_naive=0.9913  U_t=0.1461  U_b=0.1484  AUC=1.0000  Top1=1.0000
  timing: data=18.2ms  fwd=93.0ms  bwd=9.8ms  total=121.5ms
[  46100] loss=2.0399  ema_loss=2.0391  gap=1.1286  ema_gap=1.1207  mixup=31/100  3.1 sps  ETA 9.3h
              R²_rand=0.9901  R²_naive=0.9914  U_t=0.1448  U_b=0.1479  AUC=1.0000  Top1=1.0000
  timing: data=16.6ms  fwd=93.3ms  bwd=9.4ms  total=119.8ms
  -> Saved /home/jupyter/contrastive-forecasting/checkpoints/enc_fcst_dk09_fp32_150k_best_gap.pth
[  46200] loss=2.0355  ema_loss=2.0391  gap=1.1154  ema_gap=1.1210  mixup=39/100  3.1 sps  ETA 9.3h
              R²_rand=0.9902  R²_naive=0.9914  U_t=0.1456  U_b=0.1476  AUC=1.0000  Top1=1.0000
  timing: data=4.6ms  fwd=94.9ms  bwd=9.2ms  total=109.2ms
  -> Saved /home/jupyter/contrastive-forecasting/checkpoints/enc_fcst_dk09_fp32_150k_best_gap.pth
[  46300] loss=2.0423  ema_loss=2.0390  gap=1.1123  ema_gap=1.1195  mixup=30/100  3.1 sps  ETA 9.3h
              R²_rand=0.9902  R²_naive=0.9913  U_t=0.1451  U_b=0.1478  AUC=1.0000  Top1=1.0000
  timing: data=16.5ms  fwd=93.7ms  bwd=9.3ms  total=120.0ms
[  46400] loss=2.0372  ema_loss=2.0389  gap=1.1250  ema_gap=1.1205  mixup=34/100  3.1 sps  ETA 9.3h
              R²_rand=0.9901  R²_naive=0.9913  U_t=0.1442  U_b=0.1484  AUC=1.0000  Top1=1.0000
  timing: data=15.8ms  fwd=93.0ms  bwd=8.8ms  total=118.0ms
[  46500] loss=2.0418  ema_loss=2.0395  gap=1.1185  ema_gap=1.1204  mixup=23/100  3.1 sps  ETA 9.3h
              R²_rand=0.9901  R²_naive=0.9913  U_t=0.1451  U_b=0.1478  AUC=1.0000  Top1=1.0000
  timing: data=3.1ms  fwd=95.4ms  bwd=8.9ms  total=107.9ms
[  46600] loss=2.0375  ema_loss=2.0394  gap=1.1188  ema_gap=1.1210  mixup=34/100  3.1 sps  ETA 9.3h
              R²_rand=0.9901  R²_naive=0.9913  U_t=0.1449  U_b=0.1479  AUC=1.0000  Top1=1.0000
  timing: data=15.9ms  fwd=91.8ms  bwd=8.9ms  total=117.0ms
  -> Saved /home/jupyter/contrastive-forecasting/checkpoints/enc_fcst_dk09_fp32_150k_best_gap.pth
[  46700] loss=2.0418  ema_loss=2.0394  gap=1.1236  ema_gap=1.1202  mixup=32/100  3.1 sps  ETA 9.3h
              R²_rand=0.9900  R²_naive=0.9912  U_t=0.1458  U_b=0.1480  AUC=1.0000  Top1=1.0000
  timing: data=16.0ms  fwd=91.8ms  bwd=8.7ms  total=116.9ms
[  46800] loss=2.0357  ema_loss=2.0391  gap=1.1219  ema_gap=1.1213  mixup=29/100  3.1 sps  ETA 9.2h
              R²_rand=0.9901  R²_naive=0.9914  U_t=0.1445  U_b=0.1482  AUC=1.0000  Top1=1.0000
  timing: data=5.1ms  fwd=94.2ms  bwd=8.9ms  total=108.7ms
  -> Saved /home/jupyter/contrastive-forecasting/checkpoints/enc_fcst_dk09_fp32_150k_best_gap.pth
[  46900] loss=2.0368  ema_loss=2.0391  gap=1.1173  ema_gap=1.1216  mixup=30/100  3.1 sps  ETA 9.2h
              R²_rand=0.9902  R²_naive=0.9913  U_t=0.1453  U_b=0.1480  AUC=1.0000  Top1=1.0000
  timing: data=17.0ms  fwd=92.0ms  bwd=8.8ms  total=118.2ms
  -> Saved /home/jupyter/contrastive-forecasting/checkpoints/enc_fcst_dk09_fp32_150k_best_gap.pth
[  47000] loss=2.0404  ema_loss=2.0390  gap=1.1146  ema_gap=1.1207  mixup=24/100  3.1 sps  ETA 9.2h
              R²_rand=0.9902  R²_naive=0.9913  U_t=0.1458  U_b=0.1481  AUC=1.0000  Top1=1.0000
  timing: data=3.8ms  fwd=93.3ms  bwd=8.8ms  total=106.4ms
[  47100] loss=2.0380  ema_loss=2.0391  gap=1.1245  ema_gap=1.1230  mixup=33/100  3.1 sps  ETA 9.2h
              R²_rand=0.9901  R²_naive=0.9913  U_t=0.1442  U_b=0.1477  AUC=1.0000  Top1=1.0000
  timing: data=105.7ms  fwd=92.8ms  bwd=9.0ms  total=208.0ms
  -> Saved /home/jupyter/contrastive-forecasting/checkpoints/enc_fcst_dk09_fp32_150k_best_gap.pth
[  47200] loss=2.0400  ema_loss=2.0392  gap=1.1200  ema_gap=1.1238  mixup=31/100  3.1 sps  ETA 9.2h
              R²_rand=0.9901  R²_naive=0.9913  U_t=0.1453  U_b=0.1479  AUC=1.0000  Top1=1.0000
  timing: data=15.9ms  fwd=93.3ms  bwd=8.9ms  total=118.6ms
  -> Saved /home/jupyter/contrastive-forecasting/checkpoints/enc_fcst_dk09_fp32_150k_best_gap.pth
[  47300] loss=2.0441  ema_loss=2.0390  gap=1.1207  ema_gap=1.1225  mixup=34/100  3.1 sps  ETA 9.2h
              R²_rand=0.9901  R²_naive=0.9913  U_t=0.1443  U_b=0.1475  AUC=1.0000  Top1=1.0000
  timing: data=4.4ms  fwd=93.7ms  bwd=8.9ms  total=107.5ms
[  47400] loss=2.0391  ema_loss=2.0392  gap=1.1244  ema_gap=1.1223  mixup=32/100  3.1 sps  ETA 9.2h
              R²_rand=0.9901  R²_naive=0.9913  U_t=0.1448  U_b=0.1476  AUC=1.0000  Top1=1.0000
  timing: data=16.2ms  fwd=93.3ms  bwd=9.1ms  total=119.2ms
[  47500] loss=2.0393  ema_loss=2.0393  gap=1.1235  ema_gap=1.1226  mixup=30/100  3.1 sps  ETA 9.2h
              R²_rand=0.9901  R²_naive=0.9912  U_t=0.1450  U_b=0.1481  AUC=1.0000  Top1=1.0000
  timing: data=17.2ms  fwd=92.2ms  bwd=8.8ms  total=118.6ms
[  47600] loss=2.0431  ema_loss=2.0392  gap=1.1232  ema_gap=1.1225  mixup=27/100  3.1 sps  ETA 9.2h
              R²_rand=0.9900  R²_naive=0.9913  U_t=0.1442  U_b=0.1480  AUC=1.0000  Top1=1.0000
  timing: data=3.6ms  fwd=93.9ms  bwd=8.8ms  total=106.8ms
[  47700] loss=2.0431  ema_loss=2.0392  gap=1.1148  ema_gap=1.1227  mixup=33/100  3.1 sps  ETA 9.2h
              R²_rand=0.9900  R²_naive=0.9912  U_t=0.1449  U_b=0.1479  AUC=1.0000  Top1=1.0000
  timing: data=17.0ms  fwd=91.8ms  bwd=9.8ms  total=119.1ms
[  47800] loss=2.0370  ema_loss=2.0389  gap=1.1188  ema_gap=1.1220  mixup=32/100  3.1 sps  ETA 9.2h
              R²_rand=0.9900  R²_naive=0.9912  U_t=0.1450  U_b=0.1485  AUC=1.0000  Top1=1.0000
  timing: data=17.4ms  fwd=90.7ms  bwd=10.1ms  total=118.7ms
[  47900] loss=2.0386  ema_loss=2.0390  gap=1.1149  ema_gap=1.1222  mixup=33/100  3.1 sps  ETA 9.1h
              R²_rand=0.9901  R²_naive=0.9913  U_t=0.1452  U_b=0.1478  AUC=1.0000  Top1=1.0000
  timing: data=4.6ms  fwd=92.6ms  bwd=9.6ms  total=107.3ms
[  48000] loss=2.0373  ema_loss=2.0389  gap=1.1260  ema_gap=1.1231  mixup=32/100  3.1 sps  ETA 9.1h
              R²_rand=0.9901  R²_naive=0.9914  U_t=0.1437  U_b=0.1478  AUC=1.0000  Top1=1.0000
  timing: data=17.8ms  fwd=93.0ms  bwd=10.1ms  total=121.4ms
[  48100] loss=2.0393  ema_loss=2.0387  gap=1.1215  ema_gap=1.1234  mixup=24/100  3.1 sps  ETA 9.1h
              R²_rand=0.9901  R²_naive=0.9913  U_t=0.1441  U_b=0.1479  AUC=1.0000  Top1=1.0000
  timing: data=31.6ms  fwd=93.1ms  bwd=9.0ms  total=134.2ms
[  48200] loss=2.0406  ema_loss=2.0384  gap=1.1183  ema_gap=1.1227  mixup=38/100  3.1 sps  ETA 9.1h
              R²_rand=0.9900  R²_naive=0.9913  U_t=0.1434  U_b=0.1479  AUC=1.0000  Top1=1.0000
  timing: data=3.7ms  fwd=94.8ms  bwd=8.8ms  total=107.7ms
[  48300] loss=2.0451  ema_loss=2.0387  gap=1.1181  ema_gap=1.1221  mixup=31/100  3.1 sps  ETA 9.1h
              R²_rand=0.9901  R²_naive=0.9913  U_t=0.1443  U_b=0.1480  AUC=1.0000  Top1=1.0000
  timing: data=16.3ms  fwd=93.2ms  bwd=9.1ms  total=119.1ms
[  48400] loss=2.0377  ema_loss=2.0390  gap=1.1198  ema_gap=1.1209  mixup=27/100  3.1 sps  ETA 9.1h
              R²_rand=0.9901  R²_naive=0.9913  U_t=0.1440  U_b=0.1480  AUC=1.0000  Top1=1.0000
  timing: data=3.4ms  fwd=96.0ms  bwd=9.2ms  total=109.1ms
[  48500] loss=2.0414  ema_loss=2.0389  gap=1.1191  ema_gap=1.1210  mixup=32/100  3.1 sps  ETA 9.1h
              R²_rand=0.9900  R²_naive=0.9912  U_t=0.1444  U_b=0.1478  AUC=1.0000  Top1=1.0000
  timing: data=17.1ms  fwd=91.8ms  bwd=9.3ms  total=118.7ms
[  48600] loss=2.0356  ema_loss=2.0389  gap=1.1183  ema_gap=1.1218  mixup=31/100  3.1 sps  ETA 9.1h
              R²_rand=0.9902  R²_naive=0.9913  U_t=0.1434  U_b=0.1481  AUC=1.0000  Top1=1.0000
  timing: data=16.4ms  fwd=93.1ms  bwd=9.5ms  total=119.5ms
[  48700] loss=2.0366  ema_loss=2.0390  gap=1.1250  ema_gap=1.1234  mixup=23/100  3.1 sps  ETA 9.1h
              R²_rand=0.9904  R²_naive=0.9915  U_t=0.1437  U_b=0.1481  AUC=1.0000  Top1=1.0000
  timing: data=3.6ms  fwd=95.3ms  bwd=9.3ms  total=108.6ms
[  48800] loss=2.0389  ema_loss=2.0389  gap=1.1198  ema_gap=1.1220  mixup=30/100  3.1 sps  ETA 9.1h
              R²_rand=0.9902  R²_naive=0.9913  U_t=0.1442  U_b=0.1481  AUC=1.0000  Top1=1.0000
  timing: data=15.4ms  fwd=92.5ms  bwd=9.2ms  total=117.6ms
[  48900] loss=2.0444  ema_loss=2.0389  gap=1.1186  ema_gap=1.1216  mixup=25/100  3.1 sps  ETA 9.1h
              R²_rand=0.9901  R²_naive=0.9913  U_t=0.1429  U_b=0.1478  AUC=1.0000  Top1=1.0000
  timing: data=110.7ms  fwd=93.7ms  bwd=9.7ms  total=214.6ms
[  49000] loss=2.0336  ema_loss=2.0385  gap=1.1207  ema_gap=1.1235  mixup=27/100  3.1 sps  ETA 9.1h
              R²_rand=0.9902  R²_naive=0.9914  U_t=0.1440  U_b=0.1474  AUC=1.0000  Top1=1.0000
  timing: data=3.4ms  fwd=95.8ms  bwd=8.9ms  total=108.7ms
[  49100] loss=2.0357  ema_loss=2.0384  gap=1.1221  ema_gap=1.1234  mixup=30/100  3.1 sps  ETA 9.0h
              R²_rand=0.9900  R²_naive=0.9913  U_t=0.1438  U_b=0.1479  AUC=1.0000  Top1=1.0000
  timing: data=45.4ms  fwd=93.0ms  bwd=9.3ms  total=148.2ms
[  49200] loss=2.0341  ema_loss=2.0383  gap=1.1212  ema_gap=1.1233  mixup=30/100  3.1 sps  ETA 9.0h
              R²_rand=0.9901  R²_naive=0.9913  U_t=0.1430  U_b=0.1482  AUC=1.0000  Top1=1.0000
  timing: data=16.0ms  fwd=90.5ms  bwd=8.9ms  total=115.9ms
[  49300] loss=2.0386  ema_loss=2.0383  gap=1.1265  ema_gap=1.1243  mixup=33/100  3.1 sps  ETA 9.0h
              R²_rand=0.9902  R²_naive=0.9914  U_t=0.1440  U_b=0.1483  AUC=1.0000  Top1=1.0000
  timing: data=4.2ms  fwd=94.9ms  bwd=8.8ms  total=108.2ms
  -> Saved /home/jupyter/contrastive-forecasting/checkpoints/enc_fcst_dk09_fp32_150k_best_gap.pth
[  49400] loss=2.0430  ema_loss=2.0385  gap=1.1240  ema_gap=1.1230  mixup=30/100  3.1 sps  ETA 9.0h
              R²_rand=0.9900  R²_naive=0.9913  U_t=0.1446  U_b=0.1475  AUC=1.0000  Top1=1.0000
  timing: data=130.6ms  fwd=89.3ms  bwd=8.8ms  total=229.1ms
[  49500] loss=2.0356  ema_loss=2.0385  gap=1.1187  ema_gap=1.1216  mixup=32/100  3.1 sps  ETA 9.0h
              R²_rand=0.9901  R²_naive=0.9913  U_t=0.1439  U_b=0.1479  AUC=1.0000  Top1=1.0000
  timing: data=23.2ms  fwd=90.2ms  bwd=9.2ms  total=123.0ms
[  49600] loss=2.0383  ema_loss=2.0388  gap=1.1235  ema_gap=1.1217  mixup=33/100  3.1 sps  ETA 9.0h
              R²_rand=0.9902  R²_naive=0.9914  U_t=0.1435  U_b=0.1477  AUC=1.0000  Top1=1.0000
  timing: data=4.0ms  fwd=93.7ms  bwd=8.8ms  total=107.0ms
[  49700] loss=2.0404  ema_loss=2.0387  gap=1.1224  ema_gap=1.1229  mixup=33/100  3.1 sps  ETA 9.0h
              R²_rand=0.9900  R²_naive=0.9913  U_t=0.1432  U_b=0.1479  AUC=1.0000  Top1=1.0000
  timing: data=16.2ms  fwd=91.4ms  bwd=8.7ms  total=116.8ms
[  49800] loss=2.0360  ema_loss=2.0387  gap=1.1179  ema_gap=1.1222  mixup=28/100  3.1 sps  ETA 9.0h
              R²_rand=0.9900  R²_naive=0.9913  U_t=0.1436  U_b=0.1477  AUC=1.0000  Top1=1.0000
  timing: data=3.6ms  fwd=94.0ms  bwd=9.1ms  total=107.2ms
[  49900] loss=2.0451  ema_loss=2.0388  gap=1.1292  ema_gap=1.1224  mixup=41/100  3.1 sps  ETA 9.0h
              R²_rand=0.9901  R²_naive=0.9913  U_t=0.1431  U_b=0.1473  AUC=1.0000  Top1=1.0000
  timing: data=16.1ms  fwd=92.8ms  bwd=9.0ms  total=118.5ms
[  50000] loss=2.0336  ema_loss=2.0388  gap=1.1230  ema_gap=1.1245  mixup=29/100  3.1 sps  ETA 9.0h
              R²_rand=0.9901  R²_naive=0.9913  U_t=0.1422  U_b=0.1483  AUC=1.0000  Top1=1.0000
  timing: data=16.1ms  fwd=93.9ms  bwd=9.1ms  total=119.6ms
  -> Saved /home/jupyter/contrastive-forecasting/checkpoints/enc_fcst_dk09_fp32_150k_best_gap.pth
  -> Saved /home/jupyter/contrastive-forecasting/checkpoints/enc_fcst_dk09_fp32_150k_50k.pth
[  50100] loss=2.0385  ema_loss=2.0388  gap=1.1260  ema_gap=1.1254  mixup=32/100  3.1 sps  ETA 9.0h
              R²_rand=0.9902  R²_naive=0.9914  U_t=0.1432  U_b=0.1476  AUC=1.0000  Top1=1.0000
  timing: data=3.7ms  fwd=95.9ms  bwd=8.9ms  total=109.0ms
  -> Saved /home/jupyter/contrastive-forecasting/checkpoints/enc_fcst_dk09_fp32_150k_best_gap.pth
[  50200] loss=2.0404  ema_loss=2.0387  gap=1.1280  ema_gap=1.1252  mixup=27/100  3.1 sps  ETA 9.0h
              R²_rand=0.9903  R²_naive=0.9915  U_t=0.1429  U_b=0.1477  AUC=1.0000  Top1=1.0000
  timing: data=57.6ms  fwd=93.4ms  bwd=9.4ms  total=160.9ms
[  50300] loss=2.0370  ema_loss=2.0389  gap=1.1298  ema_gap=1.1247  mixup=36/100  3.1 sps  ETA 8.9h
              R²_rand=0.9901  R²_naive=0.9914  U_t=0.1421  U_b=0.1478  AUC=1.0000  Top1=1.0000
  timing: data=53.0ms  fwd=93.8ms  bwd=9.9ms  total=157.3ms
[  50400] loss=2.0356  ema_loss=2.0385  gap=1.1164  ema_gap=1.1233  mixup=26/100  3.1 sps  ETA 8.9h
              R²_rand=0.9902  R²_naive=0.9914  U_t=0.1431  U_b=0.1484  AUC=1.0000  Top1=1.0000
  timing: data=4.5ms  fwd=92.5ms  bwd=9.4ms  total=106.9ms
[  50500] loss=2.0361  ema_loss=2.0384  gap=1.1193  ema_gap=1.1220  mixup=32/100  3.1 sps  ETA 8.9h
              R²_rand=0.9901  R²_naive=0.9913  U_t=0.1426  U_b=0.1477  AUC=1.0000  Top1=1.0000
  timing: data=16.7ms  fwd=91.8ms  bwd=9.0ms  total=118.0ms
[  50600] loss=2.0362  ema_loss=2.0384  gap=1.1223  ema_gap=1.1212  mixup=27/100  3.1 sps  ETA 8.9h
              R²_rand=0.9900  R²_naive=0.9912  U_t=0.1426  U_b=0.1480  AUC=1.0000  Top1=1.0000
  timing: data=46.5ms  fwd=92.0ms  bwd=8.9ms  total=147.9ms
[  50700] loss=2.0401  ema_loss=2.0385  gap=1.1264  ema_gap=1.1216  mixup=31/100  3.1 sps  ETA 8.9h
              R²_rand=0.9902  R²_naive=0.9913  U_t=0.1428  U_b=0.1476  AUC=1.0000  Top1=1.0000
  timing: data=3.6ms  fwd=93.6ms  bwd=9.2ms  total=106.8ms
[  50800] loss=2.0385  ema_loss=2.0383  gap=1.1188  ema_gap=1.1226  mixup=29/100  3.1 sps  ETA 8.9h
              R²_rand=0.9903  R²_naive=0.9914  U_t=0.1428  U_b=0.1476  AUC=1.0000  Top1=1.0000
  timing: data=47.4ms  fwd=92.0ms  bwd=9.7ms  total=149.5ms
[  50900] loss=2.0431  ema_loss=2.0382  gap=1.1217  ema_gap=1.1228  mixup=31/100  3.1 sps  ETA 8.9h
              R²_rand=0.9900  R²_naive=0.9913  U_t=0.1431  U_b=0.1479  AUC=1.0000  Top1=1.0000
  timing: data=3.9ms  fwd=93.8ms  bwd=9.0ms  total=107.1ms
[  51000] loss=2.0420  ema_loss=2.0382  gap=1.1246  ema_gap=1.1227  mixup=42/100  3.1 sps  ETA 8.9h
              R²_rand=0.9901  R²_naive=0.9914  U_t=0.1426  U_b=0.1479  AUC=1.0000  Top1=1.0000
  timing: data=53.1ms  fwd=93.4ms  bwd=9.6ms  total=156.5ms
[  51100] loss=2.0357  ema_loss=2.0386  gap=1.1269  ema_gap=1.1222  mixup=30/100  3.1 sps  ETA 8.9h
              R²_rand=0.9902  R²_naive=0.9914  U_t=0.1425  U_b=0.1483  AUC=1.0000  Top1=1.0000
  timing: data=51.7ms  fwd=91.7ms  bwd=8.7ms  total=152.5ms
[  51200] loss=2.0397  ema_loss=2.0385  gap=1.1238  ema_gap=1.1240  mixup=26/100  3.1 sps  ETA 8.9h
              R²_rand=0.9901  R²_naive=0.9913  U_t=0.1426  U_b=0.1481  AUC=1.0000  Top1=1.0000
  timing: data=3.9ms  fwd=93.2ms  bwd=8.8ms  total=106.4ms
[  51300] loss=2.0363  ema_loss=2.0384  gap=1.1230  ema_gap=1.1243  mixup=34/100  3.1 sps  ETA 8.9h
              R²_rand=0.9900  R²_naive=0.9913  U_t=0.1420  U_b=0.1479  AUC=1.0000  Top1=1.0000
  timing: data=47.8ms  fwd=89.8ms  bwd=8.7ms  total=146.8ms
[  51400] loss=2.0382  ema_loss=2.0386  gap=1.1143  ema_gap=1.1231  mixup=32/100  3.1 sps  ETA 8.8h
              R²_rand=0.9902  R²_naive=0.9913  U_t=0.1429  U_b=0.1478  AUC=1.0000  Top1=1.0000
  timing: data=47.4ms  fwd=90.8ms  bwd=9.1ms  total=147.8ms
[  51500] loss=2.0325  ema_loss=2.0387  gap=1.1217  ema_gap=1.1221  mixup=33/100  3.1 sps  ETA 8.8h
              R²_rand=0.9902  R²_naive=0.9914  U_t=0.1425  U_b=0.1479  AUC=1.0000  Top1=1.0000
  timing: data=3.9ms  fwd=92.8ms  bwd=9.5ms  total=106.6ms
[  51600] loss=2.0419  ema_loss=2.0386  gap=1.1194  ema_gap=1.1222  mixup=35/100  3.1 sps  ETA 8.8h
              R²_rand=0.9901  R²_naive=0.9914  U_t=0.1423  U_b=0.1474  AUC=1.0000  Top1=1.0000
  timing: data=49.6ms  fwd=92.8ms  bwd=9.0ms  total=151.9ms
[  51700] loss=2.0376  ema_loss=2.0387  gap=1.1224  ema_gap=1.1227  mixup=36/100  3.1 sps  ETA 8.8h
              R²_rand=0.9902  R²_naive=0.9914  U_t=0.1422  U_b=0.1480  AUC=1.0000  Top1=1.0000
  timing: data=21.7ms  fwd=92.7ms  bwd=8.8ms  total=123.7ms
[  51800] loss=2.0372  ema_loss=2.0383  gap=1.1248  ema_gap=1.1227  mixup=20/100  3.1 sps  ETA 8.8h
              R²_rand=0.9901  R²_naive=0.9913  U_t=0.1423  U_b=0.1483  AUC=1.0000  Top1=1.0000
  timing: data=2.8ms  fwd=98.3ms  bwd=8.9ms  total=110.5ms
[  51900] loss=2.0375  ema_loss=2.0381  gap=1.1182  ema_gap=1.1230  mixup=29/100  3.1 sps  ETA 8.8h
              R²_rand=0.9902  R²_naive=0.9914  U_t=0.1422  U_b=0.1482  AUC=1.0000  Top1=1.0000
  timing: data=43.2ms  fwd=93.4ms  bwd=8.7ms  total=145.8ms
[  52000] loss=2.0400  ema_loss=2.0382  gap=1.1224  ema_gap=1.1239  mixup=34/100  3.1 sps  ETA 8.8h
              R²_rand=0.9902  R²_naive=0.9915  U_t=0.1426  U_b=0.1476  AUC=1.0000  Top1=1.0000
  timing: data=49.5ms  fwd=92.3ms  bwd=9.4ms  total=151.6ms
[  52100] loss=2.0411  ema_loss=2.0387  gap=1.1186  ema_gap=1.1222  mixup=36/100  3.1 sps  ETA 8.8h
              R²_rand=0.9901  R²_naive=0.9913  U_t=0.1432  U_b=0.1482  AUC=1.0000  Top1=1.0000
  timing: data=5.1ms  fwd=92.0ms  bwd=9.4ms  total=107.0ms
[  52200] loss=2.0412  ema_loss=2.0384  gap=1.1211  ema_gap=1.1223  mixup=31/100  3.1 sps  ETA 8.8h
              R²_rand=0.9900  R²_naive=0.9913  U_t=0.1426  U_b=0.1481  AUC=1.0000  Top1=1.0000
  timing: data=57.2ms  fwd=90.7ms  bwd=8.8ms  total=157.3ms
[  52300] loss=2.0352  ema_loss=2.0387  gap=1.1247  ema_gap=1.1233  mixup=39/100  3.1 sps  ETA 8.8h
              R²_rand=0.9901  R²_naive=0.9913  U_t=0.1413  U_b=0.1482  AUC=1.0000  Top1=1.0000
  timing: data=4.7ms  fwd=92.4ms  bwd=9.2ms  total=106.7ms
[  52400] loss=2.0345  ema_loss=2.0386  gap=1.1167  ema_gap=1.1223  mixup=19/100  3.1 sps  ETA 8.8h
              R²_rand=0.9902  R²_naive=0.9913  U_t=0.1427  U_b=0.1482  AUC=1.0000  Top1=1.0000
  timing: data=43.2ms  fwd=94.2ms  bwd=9.8ms  total=147.8ms
[  52500] loss=2.0366  ema_loss=2.0383  gap=1.1260  ema_gap=1.1217  mixup=33/100  3.1 sps  ETA 8.8h
              R²_rand=0.9901  R²_naive=0.9913  U_t=0.1422  U_b=0.1476  AUC=1.0000  Top1=1.0000
  timing: data=60.4ms  fwd=92.4ms  bwd=9.3ms  total=162.6ms
[  52600] loss=2.0409  ema_loss=2.0387  gap=1.1296  ema_gap=1.1215  mixup=24/100  3.1 sps  ETA 8.7h
              R²_rand=0.9900  R²_naive=0.9913  U_t=0.1426  U_b=0.1479  AUC=1.0000  Top1=1.0000
  timing: data=3.6ms  fwd=93.9ms  bwd=9.2ms  total=107.3ms
[  52700] loss=2.0440  ema_loss=2.0386  gap=1.1235  ema_gap=1.1218  mixup=36/100  3.1 sps  ETA 8.7h
              R²_rand=0.9900  R²_naive=0.9913  U_t=0.1430  U_b=0.1478  AUC=1.0000  Top1=1.0000
  timing: data=50.1ms  fwd=91.7ms  bwd=8.7ms  total=151.1ms
[  52800] loss=2.0355  ema_loss=2.0381  gap=1.1184  ema_gap=1.1206  mixup=30/100  3.1 sps  ETA 8.7h
              R²_rand=0.9900  R²_naive=0.9913  U_t=0.1426  U_b=0.1480  AUC=1.0000  Top1=1.0000
  timing: data=40.3ms  fwd=93.9ms  bwd=9.0ms  total=143.8ms
[  52900] loss=2.0369  ema_loss=2.0383  gap=1.1265  ema_gap=1.1222  mixup=31/100  3.1 sps  ETA 8.7h
              R²_rand=0.9901  R²_naive=0.9913  U_t=0.1422  U_b=0.1483  AUC=1.0000  Top1=1.0000
  timing: data=3.6ms  fwd=94.7ms  bwd=9.7ms  total=108.5ms
[  53000] loss=2.0323  ema_loss=2.0382  gap=1.1217  ema_gap=1.1219  mixup=30/100  3.1 sps  ETA 8.7h
              R²_rand=0.9902  R²_naive=0.9914  U_t=0.1429  U_b=0.1485  AUC=1.0000  Top1=1.0000
  timing: data=41.4ms  fwd=89.7ms  bwd=9.8ms  total=141.4ms
[  53100] loss=2.0370  ema_loss=2.0387  gap=1.1242  ema_gap=1.1211  mixup=31/100  3.1 sps  ETA 8.7h
              R²_rand=0.9902  R²_naive=0.9914  U_t=0.1428  U_b=0.1478  AUC=1.0000  Top1=1.0000
  timing: data=42.0ms  fwd=91.0ms  bwd=9.1ms  total=142.5ms
[  53200] loss=2.0419  ema_loss=2.0388  gap=1.1188  ema_gap=1.1223  mixup=34/100  3.1 sps  ETA 8.7h
              R²_rand=0.9901  R²_naive=0.9912  U_t=0.1430  U_b=0.1479  AUC=1.0000  Top1=1.0000
  timing: data=4.7ms  fwd=94.5ms  bwd=8.9ms  total=108.6ms
[  53300] loss=2.0372  ema_loss=2.0385  gap=1.1202  ema_gap=1.1225  mixup=27/100  3.1 sps  ETA 8.7h
              R²_rand=0.9902  R²_naive=0.9914  U_t=0.1429  U_b=0.1479  AUC=1.0000  Top1=1.0000
  timing: data=42.0ms  fwd=92.5ms  bwd=8.9ms  total=143.9ms
[  53400] loss=2.0365  ema_loss=2.0383  gap=1.1271  ema_gap=1.1220  mixup=31/100  3.1 sps  ETA 8.7h
              R²_rand=0.9900  R²_naive=0.9913  U_t=0.1412  U_b=0.1481  AUC=1.0000  Top1=1.0000
  timing: data=3.8ms  fwd=94.1ms  bwd=8.9ms  total=107.2ms
[  53500] loss=2.0372  ema_loss=2.0384  gap=1.1276  ema_gap=1.1221  mixup=28/100  3.1 sps  ETA 8.7h
              R²_rand=0.9900  R²_naive=0.9913  U_t=0.1426  U_b=0.1481  AUC=1.0000  Top1=1.0000
  timing: data=57.5ms  fwd=92.5ms  bwd=9.6ms  total=160.1ms
[  53600] loss=2.0386  ema_loss=2.0382  gap=1.1155  ema_gap=1.1215  mixup=32/100  3.1 sps  ETA 8.7h
              R²_rand=0.9903  R²_naive=0.9914  U_t=0.1422  U_b=0.1481  AUC=1.0000  Top1=1.0000
  timing: data=45.9ms  fwd=91.6ms  bwd=10.0ms  total=148.0ms
[  53700] loss=2.0348  ema_loss=2.0380  gap=1.1240  ema_gap=1.1223  mixup=37/100  3.1 sps  ETA 8.7h
              R²_rand=0.9902  R²_naive=0.9914  U_t=0.1421  U_b=0.1480  AUC=1.0000  Top1=1.0000
  timing: data=4.5ms  fwd=92.9ms  bwd=9.0ms  total=106.9ms
[  53800] loss=2.0391  ema_loss=2.0381  gap=1.1226  ema_gap=1.1212  mixup=32/100  3.1 sps  ETA 8.6h
              R²_rand=0.9901  R²_naive=0.9913  U_t=0.1419  U_b=0.1481  AUC=1.0000  Top1=1.0000
  timing: data=41.9ms  fwd=92.4ms  bwd=9.4ms  total=144.2ms
[  53900] loss=2.0351  ema_loss=2.0384  gap=1.1176  ema_gap=1.1213  mixup=22/100  3.1 sps  ETA 8.6h
              R²_rand=0.9901  R²_naive=0.9912  U_t=0.1425  U_b=0.1480  AUC=1.0000  Top1=1.0000
  timing: data=44.0ms  fwd=92.9ms  bwd=9.2ms  total=146.7ms
[  54000] loss=2.0416  ema_loss=2.0385  gap=1.1272  ema_gap=1.1204  mixup=29/100  3.1 sps  ETA 8.6h
              R²_rand=0.9903  R²_naive=0.9915  U_t=0.1432  U_b=0.1477  AUC=1.0000  Top1=1.0000
  timing: data=3.5ms  fwd=95.6ms  bwd=9.1ms  total=108.7ms
[  54100] loss=2.0440  ema_loss=2.0389  gap=1.1227  ema_gap=1.1216  mixup=27/100  3.1 sps  ETA 8.6h
              R²_rand=0.9901  R²_naive=0.9913  U_t=0.1435  U_b=0.1475  AUC=1.0000  Top1=1.0000
  timing: data=17.1ms  fwd=92.8ms  bwd=8.9ms  total=119.2ms
[  54200] loss=2.0389  ema_loss=2.0387  gap=1.1188  ema_gap=1.1204  mixup=21/100  3.1 sps  ETA 8.6h
              R²_rand=0.9901  R²_naive=0.9912  U_t=0.1420  U_b=0.1477  AUC=1.0000  Top1=1.0000
  timing: data=52.8ms  fwd=91.7ms  bwd=8.9ms  total=153.9ms
[  54300] loss=2.0366  ema_loss=2.0383  gap=1.1188  ema_gap=1.1197  mixup=23/100  3.1 sps  ETA 8.6h
              R²_rand=0.9902  R²_naive=0.9914  U_t=0.1429  U_b=0.1483  AUC=1.0000  Top1=1.0000
  timing: data=3.8ms  fwd=92.8ms  bwd=8.9ms  total=106.0ms
[  54400] loss=2.0399  ema_loss=2.0383  gap=1.1198  ema_gap=1.1208  mixup=34/100  3.1 sps  ETA 8.6h
              R²_rand=0.9902  R²_naive=0.9913  U_t=0.1419  U_b=0.1478  AUC=1.0000  Top1=1.0000
  timing: data=43.0ms  fwd=91.8ms  bwd=9.2ms  total=144.5ms
[  54500] loss=2.0400  ema_loss=2.0383  gap=1.1223  ema_gap=1.1229  mixup=29/100  3.1 sps  ETA 8.6h
              R²_rand=0.9902  R²_naive=0.9913  U_t=0.1425  U_b=0.1481  AUC=1.0000  Top1=1.0000
  timing: data=47.2ms  fwd=92.8ms  bwd=9.4ms  total=149.9ms
[  54600] loss=2.0406  ema_loss=2.0382  gap=1.1179  ema_gap=1.1208  mixup=29/100  3.1 sps  ETA 8.6h
              R²_rand=0.9901  R²_naive=0.9913  U_t=0.1416  U_b=0.1473  AUC=1.0000  Top1=1.0000
  timing: data=3.9ms  fwd=94.6ms  bwd=9.9ms  total=109.0ms
[  54700] loss=2.0409  ema_loss=2.0384  gap=1.1269  ema_gap=1.1208  mixup=30/100  3.1 sps  ETA 8.6h
              R²_rand=0.9902  R²_naive=0.9914  U_t=0.1428  U_b=0.1476  AUC=1.0000  Top1=1.0000
  timing: data=46.9ms  fwd=92.8ms  bwd=9.1ms  total=149.4ms
[  54800] loss=2.0430  ema_loss=2.0388  gap=1.1178  ema_gap=1.1220  mixup=29/100  3.1 sps  ETA 8.6h
              R²_rand=0.9901  R²_naive=0.9913  U_t=0.1427  U_b=0.1479  AUC=1.0000  Top1=1.0000
  timing: data=3.9ms  fwd=96.4ms  bwd=8.9ms  total=109.7ms
[  54900] loss=2.0403  ema_loss=2.0383  gap=1.1197  ema_gap=1.1217  mixup=34/100  3.1 sps  ETA 8.6h
              R²_rand=0.9901  R²_naive=0.9913  U_t=0.1427  U_b=0.1474  AUC=1.0000  Top1=1.0000
  timing: data=57.7ms  fwd=93.4ms  bwd=9.0ms  total=160.7ms
[  55000] loss=2.0409  ema_loss=2.0386  gap=1.1216  ema_gap=1.1205  mixup=29/100  3.1 sps  ETA 8.5h
              R²_rand=0.9900  R²_naive=0.9912  U_t=0.1419  U_b=0.1479  AUC=1.0000  Top1=1.0000
  timing: data=44.5ms  fwd=93.4ms  bwd=9.0ms  total=147.4ms
  -> Saved /home/jupyter/contrastive-forecasting/checkpoints/enc_fcst_dk09_fp32_150k_55k.pth
[  55100] loss=2.0373  ema_loss=2.0380  gap=1.1258  ema_gap=1.1199  mixup=29/100  3.1 sps  ETA 8.5h
              R²_rand=0.9902  R²_naive=0.9914  U_t=0.1426  U_b=0.1482  AUC=1.0000  Top1=1.0000
  timing: data=4.5ms  fwd=94.6ms  bwd=9.2ms  total=108.8ms
[  55200] loss=2.0394  ema_loss=2.0381  gap=1.1236  ema_gap=1.1198  mixup=37/100  3.1 sps  ETA 8.5h
              R²_rand=0.9902  R²_naive=0.9914  U_t=0.1419  U_b=0.1480  AUC=1.0000  Top1=1.0000
  timing: data=48.6ms  fwd=93.0ms  bwd=9.8ms  total=151.9ms
[  55300] loss=2.0329  ema_loss=2.0379  gap=1.1132  ema_gap=1.1197  mixup=32/100  3.1 sps  ETA 8.5h
              R²_rand=0.9903  R²_naive=0.9914  U_t=0.1427  U_b=0.1483  AUC=1.0000  Top1=1.0000
  timing: data=50.8ms  fwd=92.0ms  bwd=9.6ms  total=153.0ms
[  55400] loss=2.0361  ema_loss=2.0384  gap=1.1183  ema_gap=1.1200  mixup=36/100  3.1 sps  ETA 8.5h
              R²_rand=0.9903  R²_naive=0.9914  U_t=0.1430  U_b=0.1481  AUC=1.0000  Top1=1.0000
  timing: data=4.4ms  fwd=95.2ms  bwd=10.0ms  total=110.2ms
[  55500] loss=2.0363  ema_loss=2.0381  gap=1.1192  ema_gap=1.1204  mixup=29/100  3.1 sps  ETA 8.5h
              R²_rand=0.9902  R²_naive=0.9913  U_t=0.1420  U_b=0.1483  AUC=1.0000  Top1=1.0000
  timing: data=42.8ms  fwd=92.7ms  bwd=9.3ms  total=145.4ms
[  55600] loss=2.0373  ema_loss=2.0382  gap=1.1245  ema_gap=1.1212  mixup=33/100  3.1 sps  ETA 8.5h
              R²_rand=0.9903  R²_naive=0.9914  U_t=0.1424  U_b=0.1477  AUC=1.0000  Top1=1.0000
  timing: data=47.5ms  fwd=93.1ms  bwd=9.2ms  total=150.4ms
[  55700] loss=2.0380  ema_loss=2.0380  gap=1.1150  ema_gap=1.1205  mixup=37/100  3.1 sps  ETA 8.5h
              R²_rand=0.9902  R²_naive=0.9913  U_t=0.1420  U_b=0.1479  AUC=1.0000  Top1=1.0000
  timing: data=4.3ms  fwd=95.0ms  bwd=9.3ms  total=109.1ms
[  55800] loss=2.0407  ema_loss=2.0380  gap=1.1201  ema_gap=1.1213  mixup=29/100  3.1 sps  ETA 8.5h
              R²_rand=0.9901  R²_naive=0.9914  U_t=0.1421  U_b=0.1478  AUC=1.0000  Top1=1.0000
  timing: data=43.8ms  fwd=93.0ms  bwd=9.3ms  total=146.6ms
[  55900] loss=2.0368  ema_loss=2.0380  gap=1.1199  ema_gap=1.1195  mixup=24/100  3.1 sps  ETA 8.5h
              R²_rand=0.9901  R²_naive=0.9913  U_t=0.1427  U_b=0.1480  AUC=1.0000  Top1=1.0000
  timing: data=3.3ms  fwd=93.5ms  bwd=8.9ms  total=106.2ms
[  56000] loss=2.0359  ema_loss=2.0379  gap=1.1190  ema_gap=1.1195  mixup=38/100  3.1 sps  ETA 8.5h
              R²_rand=0.9900  R²_naive=0.9913  U_t=0.1423  U_b=0.1478  AUC=1.0000  Top1=1.0000
  timing: data=40.4ms  fwd=94.8ms  bwd=9.0ms  total=144.8ms
[  56100] loss=2.0397  ema_loss=2.0379  gap=1.1218  ema_gap=1.1199  mixup=36/100  3.1 sps  ETA 8.4h
              R²_rand=0.9902  R²_naive=0.9913  U_t=0.1421  U_b=0.1481  AUC=1.0000  Top1=1.0000
  timing: data=47.8ms  fwd=92.1ms  bwd=9.2ms  total=149.6ms
[  56200] loss=2.0390  ema_loss=2.0379  gap=1.1226  ema_gap=1.1200  mixup=34/100  3.1 sps  ETA 8.4h
              R²_rand=0.9903  R²_naive=0.9914  U_t=0.1412  U_b=0.1480  AUC=1.0000  Top1=1.0000
  timing: data=5.2ms  fwd=93.8ms  bwd=9.4ms  total=109.0ms
[  56300] loss=2.0392  ema_loss=2.0379  gap=1.1160  ema_gap=1.1182  mixup=30/100  3.1 sps  ETA 8.4h
              R²_rand=0.9902  R²_naive=0.9914  U_t=0.1424  U_b=0.1480  AUC=1.0000  Top1=1.0000
  timing: data=46.7ms  fwd=91.7ms  bwd=9.3ms  total=148.2ms
[  56400] loss=2.0374  ema_loss=2.0380  gap=1.1216  ema_gap=1.1196  mixup=28/100  3.1 sps  ETA 8.4h
              R²_rand=0.9902  R²_naive=0.9914  U_t=0.1415  U_b=0.1478  AUC=1.0000  Top1=1.0000
  timing: data=43.1ms  fwd=92.5ms  bwd=9.3ms  total=145.5ms
[  56500] loss=2.0400  ema_loss=2.0379  gap=1.1167  ema_gap=1.1200  mixup=29/100  3.1 sps  ETA 8.4h
              R²_rand=0.9901  R²_naive=0.9913  U_t=0.1426  U_b=0.1479  AUC=1.0000  Top1=1.0000
  timing: data=3.7ms  fwd=93.6ms  bwd=10.1ms  total=107.9ms
[  56600] loss=2.0420  ema_loss=2.0384  gap=1.1176  ema_gap=1.1195  mixup=28/100  3.1 sps  ETA 8.4h
              R²_rand=0.9901  R²_naive=0.9912  U_t=0.1426  U_b=0.1477  AUC=1.0000  Top1=1.0000
  timing: data=42.7ms  fwd=92.8ms  bwd=8.9ms  total=144.9ms
[  56700] loss=2.0431  ema_loss=2.0379  gap=1.1269  ema_gap=1.1208  mixup=32/100  3.1 sps  ETA 8.4h
              R²_rand=0.9901  R²_naive=0.9913  U_t=0.1423  U_b=0.1476  AUC=1.0000  Top1=1.0000
  timing: data=46.1ms  fwd=91.6ms  bwd=9.3ms  total=147.6ms
[  56800] loss=2.0396  ema_loss=2.0380  gap=1.1199  ema_gap=1.1209  mixup=29/100  3.1 sps  ETA 8.4h
              R²_rand=0.9901  R²_naive=0.9912  U_t=0.1409  U_b=0.1478  AUC=1.0000  Top1=1.0000
  timing: data=3.8ms  fwd=94.5ms  bwd=9.0ms  total=107.8ms
[  56900] loss=2.0394  ema_loss=2.0378  gap=1.1197  ema_gap=1.1204  mixup=32/100  3.1 sps  ETA 8.4h
              R²_rand=0.9901  R²_naive=0.9913  U_t=0.1422  U_b=0.1479  AUC=1.0000  Top1=1.0000
  timing: data=46.9ms  fwd=93.1ms  bwd=8.8ms  total=149.2ms
[  57000] loss=2.0396  ema_loss=2.0376  gap=1.1237  ema_gap=1.1201  mixup=29/100  3.1 sps  ETA 8.4h
              R²_rand=0.9903  R²_naive=0.9914  U_t=0.1424  U_b=0.1485  AUC=1.0000  Top1=1.0000
  timing: data=43.0ms  fwd=91.0ms  bwd=8.9ms  total=143.4ms
[  57100] loss=2.0366  ema_loss=2.0378  gap=1.1310  ema_gap=1.1210  mixup=32/100  3.1 sps  ETA 8.4h
              R²_rand=0.9901  R²_naive=0.9914  U_t=0.1417  U_b=0.1477  AUC=1.0000  Top1=1.0000
  timing: data=5.1ms  fwd=93.8ms  bwd=9.0ms  total=108.5ms
[  57200] loss=2.0342  ema_loss=2.0379  gap=1.1162  ema_gap=1.1212  mixup=34/100  3.1 sps  ETA 8.4h
              R²_rand=0.9902  R²_naive=0.9914  U_t=0.1423  U_b=0.1479  AUC=1.0000  Top1=1.0000
  timing: data=43.4ms  fwd=90.9ms  bwd=8.9ms  total=143.7ms
[  57300] loss=2.0369  ema_loss=2.0378  gap=1.1220  ema_gap=1.1212  mixup=31/100  3.1 sps  ETA 8.3h
              R²_rand=0.9901  R²_naive=0.9913  U_t=0.1416  U_b=0.1480  AUC=1.0000  Top1=1.0000
  timing: data=4.7ms  fwd=92.2ms  bwd=8.9ms  total=106.4ms
[  57400] loss=2.0354  ema_loss=2.0382  gap=1.1233  ema_gap=1.1194  mixup=35/100  3.1 sps  ETA 8.3h
              R²_rand=0.9902  R²_naive=0.9914  U_t=0.1428  U_b=0.1480  AUC=1.0000  Top1=1.0000
  timing: data=43.9ms  fwd=92.4ms  bwd=9.7ms  total=146.6ms
[  57500] loss=2.0390  ema_loss=2.0383  gap=1.1204  ema_gap=1.1194  mixup=32/100  3.1 sps  ETA 8.3h
              R²_rand=0.9902  R²_naive=0.9914  U_t=0.1421  U_b=0.1476  AUC=1.0000  Top1=1.0000
  timing: data=43.5ms  fwd=93.5ms  bwd=9.4ms  total=146.9ms
[  57600] loss=2.0366  ema_loss=2.0381  gap=1.1247  ema_gap=1.1192  mixup=41/100  3.1 sps  ETA 8.3h
              R²_rand=0.9902  R²_naive=0.9913  U_t=0.1426  U_b=0.1480  AUC=1.0000  Top1=1.0000
  timing: data=4.3ms  fwd=93.1ms  bwd=8.9ms  total=106.8ms
[  57700] loss=2.0477  ema_loss=2.0378  gap=1.1201  ema_gap=1.1191  mixup=25/100  3.1 sps  ETA 8.3h
              R²_rand=0.9901  R²_naive=0.9913  U_t=0.1414  U_b=0.1478  AUC=1.0000  Top1=1.0000
  timing: data=51.2ms  fwd=93.4ms  bwd=9.3ms  total=154.4ms
[  57800] loss=2.0347  ema_loss=2.0379  gap=1.1145  ema_gap=1.1196  mixup=29/100  3.1 sps  ETA 8.3h
              R²_rand=0.9901  R²_naive=0.9913  U_t=0.1424  U_b=0.1484  AUC=1.0000  Top1=1.0000
  timing: data=19.3ms  fwd=92.2ms  bwd=8.9ms  total=120.9ms
[  57900] loss=2.0321  ema_loss=2.0380  gap=1.1221  ema_gap=1.1203  mixup=26/100  3.1 sps  ETA 8.3h
              R²_rand=0.9902  R²_naive=0.9914  U_t=0.1418  U_b=0.1480  AUC=1.0000  Top1=1.0000
  timing: data=3.2ms  fwd=93.9ms  bwd=9.0ms  total=106.6ms
[  58000] loss=2.0381  ema_loss=2.0383  gap=1.1123  ema_gap=1.1199  mixup=32/100  3.1 sps  ETA 8.3h
              R²_rand=0.9901  R²_naive=0.9912  U_t=0.1419  U_b=0.1479  AUC=1.0000  Top1=1.0000
  timing: data=42.8ms  fwd=90.2ms  bwd=8.9ms  total=142.4ms
[  58100] loss=2.0352  ema_loss=2.0379  gap=1.1177  ema_gap=1.1198  mixup=27/100  3.1 sps  ETA 8.3h
              R²_rand=0.9903  R²_naive=0.9914  U_t=0.1423  U_b=0.1480  AUC=1.0000  Top1=1.0000
  timing: data=47.0ms  fwd=92.4ms  bwd=9.5ms  total=149.4ms
[  58200] loss=2.0380  ema_loss=2.0379  gap=1.1147  ema_gap=1.1205  mixup=28/100  3.1 sps  ETA 8.3h
              R²_rand=0.9903  R²_naive=0.9914  U_t=0.1424  U_b=0.1478  AUC=1.0000  Top1=1.0000
  timing: data=3.6ms  fwd=93.8ms  bwd=8.7ms  total=106.5ms
[  58300] loss=2.0374  ema_loss=2.0384  gap=1.1220  ema_gap=1.1182  mixup=37/100  3.1 sps  ETA 8.3h
              R²_rand=0.9901  R²_naive=0.9913  U_t=0.1420  U_b=0.1476  AUC=1.0000  Top1=1.0000
  timing: data=44.0ms  fwd=92.7ms  bwd=8.7ms  total=145.9ms
[  58400] loss=2.0371  ema_loss=2.0382  gap=1.1207  ema_gap=1.1188  mixup=28/100  3.1 sps  ETA 8.2h
              R²_rand=0.9902  R²_naive=0.9913  U_t=0.1424  U_b=0.1482  AUC=1.0000  Top1=1.0000
  timing: data=3.7ms  fwd=93.8ms  bwd=9.4ms  total=107.3ms
[  58500] loss=2.0352  ema_loss=2.0379  gap=1.1212  ema_gap=1.1185  mixup=41/100  3.1 sps  ETA 8.2h
              R²_rand=0.9901  R²_naive=0.9913  U_t=0.1421  U_b=0.1480  AUC=1.0000  Top1=1.0000
  timing: data=16.3ms  fwd=93.0ms  bwd=9.3ms  total=119.1ms
[  58600] loss=2.0408  ema_loss=2.0379  gap=1.1208  ema_gap=1.1194  mixup=36/100  3.1 sps  ETA 8.2h
              R²_rand=0.9902  R²_naive=0.9914  U_t=0.1411  U_b=0.1479  AUC=1.0000  Top1=1.0000
  timing: data=46.3ms  fwd=91.9ms  bwd=9.1ms  total=147.8ms
[  58700] loss=2.0347  ema_loss=2.0380  gap=1.1176  ema_gap=1.1194  mixup=21/100  3.1 sps  ETA 8.2h
              R²_rand=0.9902  R²_naive=0.9914  U_t=0.1417  U_b=0.1484  AUC=1.0000  Top1=1.0000
  timing: data=3.2ms  fwd=93.6ms  bwd=8.9ms  total=106.2ms
[  58800] loss=2.0364  ema_loss=2.0380  gap=1.1224  ema_gap=1.1195  mixup=19/100  3.1 sps  ETA 8.2h
              R²_rand=0.9902  R²_naive=0.9914  U_t=0.1421  U_b=0.1476  AUC=1.0000  Top1=1.0000
  timing: data=42.1ms  fwd=93.3ms  bwd=8.9ms  total=144.9ms
[  58900] loss=2.0374  ema_loss=2.0382  gap=1.1186  ema_gap=1.1198  mixup=23/100  3.1 sps  ETA 8.2h
              R²_rand=0.9901  R²_naive=0.9913  U_t=0.1421  U_b=0.1482  AUC=1.0000  Top1=1.0000
  timing: data=40.9ms  fwd=91.9ms  bwd=8.9ms  total=142.1ms
[  59000] loss=2.0386  ema_loss=2.0381  gap=1.1210  ema_gap=1.1199  mixup=20/100  3.1 sps  ETA 8.2h
              R²_rand=0.9901  R²_naive=0.9913  U_t=0.1419  U_b=0.1481  AUC=1.0000  Top1=1.0000
  timing: data=3.1ms  fwd=95.8ms  bwd=9.1ms  total=108.3ms
[  59100] loss=2.0337  ema_loss=2.0380  gap=1.1225  ema_gap=1.1199  mixup=39/100  3.1 sps  ETA 8.2h
              R²_rand=0.9901  R²_naive=0.9913  U_t=0.1422  U_b=0.1480  AUC=1.0000  Top1=1.0000
  timing: data=17.2ms  fwd=89.9ms  bwd=9.6ms  total=117.1ms
[  59200] loss=2.0358  ema_loss=2.0379  gap=1.1174  ema_gap=1.1186  mixup=30/100  3.1 sps  ETA 8.2h
              R²_rand=0.9901  R²_naive=0.9914  U_t=0.1430  U_b=0.1479  AUC=1.0000  Top1=1.0000
  timing: data=42.0ms  fwd=90.8ms  bwd=8.9ms  total=142.1ms
[  59300] loss=2.0388  ema_loss=2.0381  gap=1.1137  ema_gap=1.1180  mixup=37/100  3.1 sps  ETA 8.2h
              R²_rand=0.9902  R²_naive=0.9913  U_t=0.1421  U_b=0.1476  AUC=1.0000  Top1=1.0000
  timing: data=4.3ms  fwd=93.1ms  bwd=8.9ms  total=106.7ms
[  59400] loss=2.0335  ema_loss=2.0381  gap=1.1155  ema_gap=1.1169  mixup=23/100  3.1 sps  ETA 8.2h
              R²_rand=0.9903  R²_naive=0.9915  U_t=0.1430  U_b=0.1483  AUC=1.0000  Top1=1.0000
  timing: data=15.3ms  fwd=91.6ms  bwd=9.4ms  total=116.8ms
[  59500] loss=2.0367  ema_loss=2.0382  gap=1.1189  ema_gap=1.1175  mixup=27/100  3.1 sps  ETA 8.2h
              R²_rand=0.9902  R²_naive=0.9914  U_t=0.1421  U_b=0.1478  AUC=1.0000  Top1=1.0000
  timing: data=42.9ms  fwd=93.4ms  bwd=9.2ms  total=146.0ms
[  59600] loss=2.0373  ema_loss=2.0376  gap=1.1140  ema_gap=1.1187  mixup=22/100  3.1 sps  ETA 8.1h
              R²_rand=0.9902  R²_naive=0.9913  U_t=0.1418  U_b=0.1476  AUC=1.0000  Top1=1.0000
  timing: data=3.5ms  fwd=95.4ms  bwd=9.8ms  total=109.3ms
[  59700] loss=2.0388  ema_loss=2.0379  gap=1.1182  ema_gap=1.1182  mixup=32/100  3.1 sps  ETA 8.1h
              R²_rand=0.9901  R²_naive=0.9913  U_t=0.1420  U_b=0.1479  AUC=1.0000  Top1=1.0000
  timing: data=50.4ms  fwd=93.1ms  bwd=10.1ms  total=154.1ms
[  59800] loss=2.0382  ema_loss=2.0382  gap=1.1237  ema_gap=1.1204  mixup=23/100  3.1 sps  ETA 8.1h
              R²_rand=0.9899  R²_naive=0.9913  U_t=0.1412  U_b=0.1482  AUC=1.0000  Top1=1.0000
  timing: data=3.3ms  fwd=93.1ms  bwd=10.4ms  total=107.2ms
[  59900] loss=2.0410  ema_loss=2.0381  gap=1.1105  ema_gap=1.1206  mixup=28/100  3.1 sps  ETA 8.1h
              R²_rand=0.9900  R²_naive=0.9913  U_t=0.1429  U_b=0.1481  AUC=1.0000  Top1=1.0000
  timing: data=17.3ms  fwd=93.0ms  bwd=8.9ms  total=119.7ms
[  60000] loss=2.0354  ema_loss=2.0381  gap=1.1266  ema_gap=1.1205  mixup=36/100  3.1 sps  ETA 8.1h
              R²_rand=0.9901  R²_naive=0.9913  U_t=0.1417  U_b=0.1479  AUC=1.0000  Top1=1.0000
  timing: data=16.4ms  fwd=92.1ms  bwd=9.0ms  total=118.1ms
  -> Saved /home/jupyter/contrastive-forecasting/checkpoints/enc_fcst_dk09_fp32_150k_60k.pth
[  60100] loss=2.0347  ema_loss=2.0379  gap=1.1175  ema_gap=1.1200  mixup=27/100  3.1 sps  ETA 8.1h
              R²_rand=0.9903  R²_naive=0.9915  U_t=0.1419  U_b=0.1478  AUC=1.0000  Top1=1.0000
  timing: data=4.9ms  fwd=95.2ms  bwd=9.0ms  total=109.6ms
[  60200] loss=2.0379  ema_loss=2.0383  gap=1.1215  ema_gap=1.1194  mixup=33/100  3.1 sps  ETA 8.1h
              R²_rand=0.9901  R²_naive=0.9914  U_t=0.1421  U_b=0.1480  AUC=1.0000  Top1=1.0000
  timing: data=17.3ms  fwd=91.1ms  bwd=9.8ms  total=118.8ms
[  60300] loss=2.0381  ema_loss=2.0384  gap=1.1161  ema_gap=1.1190  mixup=27/100  3.1 sps  ETA 8.1h
              R²_rand=0.9901  R²_naive=0.9912  U_t=0.1426  U_b=0.1482  AUC=1.0000  Top1=1.0000
  timing: data=16.9ms  fwd=92.6ms  bwd=10.0ms  total=120.1ms
[  60400] loss=2.0397  ema_loss=2.0382  gap=1.1210  ema_gap=1.1194  mixup=36/100  3.1 sps  ETA 8.1h
              R²_rand=0.9901  R²_naive=0.9913  U_t=0.1410  U_b=0.1480  AUC=1.0000  Top1=1.0000
  timing: data=4.7ms  fwd=94.2ms  bwd=9.4ms  total=108.8ms
[  60500] loss=2.0447  ema_loss=2.0383  gap=1.1220  ema_gap=1.1192  mixup=35/100  3.1 sps  ETA 8.1h
              R²_rand=0.9901  R²_naive=0.9914  U_t=0.1415  U_b=0.1473  AUC=1.0000  Top1=1.0000
  timing: data=16.1ms  fwd=92.6ms  bwd=9.0ms  total=118.2ms
[  60600] loss=2.0361  ema_loss=2.0380  gap=1.1195  ema_gap=1.1198  mixup=31/100  3.1 sps  ETA 8.0h
              R²_rand=0.9902  R²_naive=0.9913  U_t=0.1414  U_b=0.1476  AUC=1.0000  Top1=1.0000
  timing: data=15.7ms  fwd=92.0ms  bwd=9.2ms  total=117.3ms
[  60700] loss=2.0374  ema_loss=2.0380  gap=1.1217  ema_gap=1.1195  mixup=40/100  3.1 sps  ETA 8.0h
              R²_rand=0.9901  R²_naive=0.9913  U_t=0.1430  U_b=0.1481  AUC=1.0000  Top1=1.0000
  timing: data=4.6ms  fwd=94.5ms  bwd=9.0ms  total=108.6ms
[  60800] loss=2.0403  ema_loss=2.0380  gap=1.1157  ema_gap=1.1185  mixup=23/100  3.1 sps  ETA 8.0h
              R²_rand=0.9902  R²_naive=0.9913  U_t=0.1421  U_b=0.1478  AUC=1.0000  Top1=1.0000
  timing: data=15.1ms  fwd=93.5ms  bwd=9.7ms  total=119.0ms
[  60900] loss=2.0385  ema_loss=2.0380  gap=1.1210  ema_gap=1.1189  mixup=28/100  3.1 sps  ETA 8.0h
              R²_rand=0.9902  R²_naive=0.9913  U_t=0.1419  U_b=0.1475  AUC=1.0000  Top1=1.0000
  timing: data=16.0ms  fwd=90.7ms  bwd=9.1ms  total=116.3ms
[  61000] loss=2.0376  ema_loss=2.0378  gap=1.1205  ema_gap=1.1186  mixup=24/100  3.1 sps  ETA 8.0h
              R²_rand=0.9902  R²_naive=0.9914  U_t=0.1412  U_b=0.1479  AUC=1.0000  Top1=1.0000
  timing: data=4.4ms  fwd=92.6ms  bwd=8.7ms  total=106.1ms
[  61100] loss=2.0364  ema_loss=2.0381  gap=1.1145  ema_gap=1.1181  mixup=25/100  3.1 sps  ETA 8.0h
              R²_rand=0.9901  R²_naive=0.9913  U_t=0.1419  U_b=0.1480  AUC=1.0000  Top1=1.0000
  timing: data=16.8ms  fwd=91.0ms  bwd=8.7ms  total=116.8ms
[  61200] loss=2.0337  ema_loss=2.0381  gap=1.1184  ema_gap=1.1173  mixup=26/100  3.1 sps  ETA 8.0h
              R²_rand=0.9901  R²_naive=0.9914  U_t=0.1427  U_b=0.1479  AUC=1.0000  Top1=1.0000
  timing: data=4.2ms  fwd=92.5ms  bwd=8.8ms  total=105.8ms
[  61300] loss=2.0378  ema_loss=2.0375  gap=1.1227  ema_gap=1.1185  mixup=23/100  3.1 sps  ETA 8.0h
              R²_rand=0.9901  R²_naive=0.9913  U_t=0.1417  U_b=0.1481  AUC=1.0000  Top1=1.0000
  timing: data=15.5ms  fwd=93.5ms  bwd=8.8ms  total=118.2ms
[  61400] loss=2.0379  ema_loss=2.0378  gap=1.1181  ema_gap=1.1179  mixup=33/100  3.1 sps  ETA 8.0h
              R²_rand=0.9902  R²_naive=0.9913  U_t=0.1427  U_b=0.1478  AUC=1.0000  Top1=1.0000
  timing: data=16.7ms  fwd=93.1ms  bwd=8.9ms  total=119.2ms
[  61500] loss=2.0339  ema_loss=2.0383  gap=1.1200  ema_gap=1.1175  mixup=31/100  3.1 sps  ETA 8.0h
              R²_rand=0.9903  R²_naive=0.9915  U_t=0.1415  U_b=0.1481  AUC=1.0000  Top1=1.0000
  timing: data=4.2ms  fwd=95.1ms  bwd=8.8ms  total=108.6ms
[  61600] loss=2.0413  ema_loss=2.0380  gap=1.1211  ema_gap=1.1191  mixup=20/100  3.1 sps  ETA 8.0h
              R²_rand=0.9901  R²_naive=0.9914  U_t=0.1422  U_b=0.1478  AUC=1.0000  Top1=1.0000
  timing: data=14.8ms  fwd=92.5ms  bwd=8.7ms  total=116.4ms
[  61700] loss=2.0346  ema_loss=2.0378  gap=1.1141  ema_gap=1.1177  mixup=31/100  3.1 sps  ETA 7.9h
              R²_rand=0.9904  R²_naive=0.9914  U_t=0.1420  U_b=0.1479  AUC=1.0000  Top1=1.0000
  timing: data=15.6ms  fwd=93.7ms  bwd=9.4ms  total=119.2ms
[  61800] loss=2.0339  ema_loss=2.0378  gap=1.1135  ema_gap=1.1170  mixup=23/100  3.1 sps  ETA 7.9h
              R²_rand=0.9901  R²_naive=0.9913  U_t=0.1429  U_b=0.1482  AUC=1.0000  Top1=1.0000
  timing: data=3.7ms  fwd=93.9ms  bwd=9.1ms  total=107.2ms
[  61900] loss=2.0400  ema_loss=2.0381  gap=1.1086  ema_gap=1.1165  mixup=38/100  3.1 sps  ETA 7.9h
              R²_rand=0.9902  R²_naive=0.9912  U_t=0.1421  U_b=0.1478  AUC=1.0000  Top1=1.0000
  timing: data=17.3ms  fwd=91.1ms  bwd=9.0ms  total=118.0ms
[  62000] loss=2.0406  ema_loss=2.0377  gap=1.1232  ema_gap=1.1176  mixup=43/100  3.1 sps  ETA 7.9h
              R²_rand=0.9901  R²_naive=0.9914  U_t=0.1427  U_b=0.1479  AUC=1.0000  Top1=1.0000
  timing: data=20.4ms  fwd=91.3ms  bwd=9.2ms  total=121.5ms
[  62100] loss=2.0375  ema_loss=2.0379  gap=1.1148  ema_gap=1.1184  mixup=32/100  3.1 sps  ETA 7.9h
              R²_rand=0.9903  R²_naive=0.9914  U_t=0.1423  U_b=0.1484  AUC=1.0000  Top1=1.0000
  timing: data=5.1ms  fwd=92.0ms  bwd=10.1ms  total=107.8ms
[  62200] loss=2.0383  ema_loss=2.0380  gap=1.1230  ema_gap=1.1174  mixup=32/100  3.1 sps  ETA 7.9h
              R²_rand=0.9902  R²_naive=0.9913  U_t=0.1421  U_b=0.1481  AUC=1.0000  Top1=1.0000
  timing: data=15.2ms  fwd=92.1ms  bwd=9.8ms  total=117.6ms
[  62300] loss=2.0357  ema_loss=2.0381  gap=1.1155  ema_gap=1.1188  mixup=27/100  3.1 sps  ETA 7.9h
              R²_rand=0.9901  R²_naive=0.9913  U_t=0.1420  U_b=0.1483  AUC=1.0000  Top1=1.0000
  timing: data=16.5ms  fwd=94.3ms  bwd=10.4ms  total=121.6ms
[  62400] loss=2.0383  ema_loss=2.0378  gap=1.1273  ema_gap=1.1185  mixup=32/100  3.1 sps  ETA 7.9h
              R²_rand=0.9903  R²_naive=0.9915  U_t=0.1423  U_b=0.1480  AUC=1.0000  Top1=1.0000
  timing: data=4.0ms  fwd=95.1ms  bwd=9.1ms  total=108.7ms
[  62500] loss=2.0355  ema_loss=2.0377  gap=1.1185  ema_gap=1.1199  mixup=33/100  3.1 sps  ETA 7.9h
              R²_rand=0.9901  R²_naive=0.9913  U_t=0.1408  U_b=0.1484  AUC=1.0000  Top1=1.0000
  timing: data=16.1ms  fwd=92.7ms  bwd=8.6ms  total=117.8ms
[  62600] loss=2.0389  ema_loss=2.0380  gap=1.1185  ema_gap=1.1194  mixup=26/100  3.1 sps  ETA 7.9h
              R²_rand=0.9901  R²_naive=0.9912  U_t=0.1424  U_b=0.1481  AUC=1.0000  Top1=1.0000
  timing: data=3.7ms  fwd=94.8ms  bwd=8.8ms  total=107.8ms
[  62700] loss=2.0432  ema_loss=2.0383  gap=1.1214  ema_gap=1.1188  mixup=28/100  3.1 sps  ETA 7.9h
              R²_rand=0.9902  R²_naive=0.9914  U_t=0.1418  U_b=0.1474  AUC=1.0000  Top1=1.0000
  timing: data=15.8ms  fwd=94.4ms  bwd=9.6ms  total=120.4ms
[  62800] loss=2.0417  ema_loss=2.0378  gap=1.1168  ema_gap=1.1188  mixup=33/100  3.1 sps  ETA 7.8h
              R²_rand=0.9901  R²_naive=0.9913  U_t=0.1419  U_b=0.1481  AUC=1.0000  Top1=1.0000
  timing: data=16.3ms  fwd=93.1ms  bwd=10.1ms  total=120.0ms
[  62900] loss=2.0229  ema_loss=2.0351  gap=1.1157  ema_gap=1.1167  mixup=29/100  3.1 sps  ETA 7.8h
              R²_rand=0.9900  R²_naive=0.9912  U_t=0.1462  U_b=0.1511  AUC=1.0000  Top1=1.0000
  timing: data=3.6ms  fwd=95.5ms  bwd=9.0ms  total=108.6ms
  -> Saved /home/jupyter/contrastive-forecasting/checkpoints/enc_fcst_dk09_fp32_150k_best_loss.pth
[  63000] loss=2.0216  ema_loss=2.0289  gap=1.1184  ema_gap=1.1166  mixup=32/100  3.1 sps  ETA 7.8h
              R²_rand=0.9901  R²_naive=0.9914  U_t=0.1455  U_b=0.1504  AUC=1.0000  Top1=1.0000
  timing: data=17.2ms  fwd=90.1ms  bwd=9.3ms  total=117.2ms
  -> Saved /home/jupyter/contrastive-forecasting/checkpoints/enc_fcst_dk09_fp32_150k_best_loss.pth
[  63100] loss=2.0216  ema_loss=2.0268  gap=1.1195  ema_gap=1.1165  mixup=36/100  3.1 sps  ETA 7.8h
              R²_rand=0.9901  R²_naive=0.9913  U_t=0.1448  U_b=0.1512  AUC=1.0000  Top1=1.0000
  timing: data=16.5ms  fwd=92.2ms  bwd=9.7ms  total=118.9ms
  -> Saved /home/jupyter/contrastive-forecasting/checkpoints/enc_fcst_dk09_fp32_150k_best_loss.pth
[  63200] loss=2.0246  ema_loss=2.0256  gap=1.1118  ema_gap=1.1170  mixup=36/100  3.1 sps  ETA 7.8h
              R²_rand=0.9901  R²_naive=0.9912  U_t=0.1454  U_b=0.1504  AUC=1.0000  Top1=1.0000
  timing: data=5.0ms  fwd=94.0ms  bwd=9.0ms  total=108.4ms
  -> Saved /home/jupyter/contrastive-forecasting/checkpoints/enc_fcst_dk09_fp32_150k_best_loss.pth
[  63300] loss=2.0263  ema_loss=2.0252  gap=1.1150  ema_gap=1.1178  mixup=32/100  3.1 sps  ETA 7.8h
              R²_rand=0.9901  R²_naive=0.9913  U_t=0.1450  U_b=0.1504  AUC=1.0000  Top1=1.0000
  timing: data=16.7ms  fwd=92.9ms  bwd=8.7ms  total=118.8ms
  -> Saved /home/jupyter/contrastive-forecasting/checkpoints/enc_fcst_dk09_fp32_150k_best_loss.pth
[  63400] loss=2.0199  ema_loss=2.0248  gap=1.1142  ema_gap=1.1172  mixup=30/100  3.1 sps  ETA 7.8h
              R²_rand=0.9903  R²_naive=0.9914  U_t=0.1447  U_b=0.1509  AUC=1.0000  Top1=1.0000
  timing: data=15.3ms  fwd=92.2ms  bwd=9.2ms  total=117.2ms
  -> Saved /home/jupyter/contrastive-forecasting/checkpoints/enc_fcst_dk09_fp32_150k_best_loss.pth
[  63500] loss=2.0266  ema_loss=2.0250  gap=1.1216  ema_gap=1.1167  mixup=29/100  3.1 sps  ETA 7.8h
              R²_rand=0.9902  R²_naive=0.9914  U_t=0.1442  U_b=0.1504  AUC=1.0000  Top1=1.0000
  timing: data=3.4ms  fwd=92.7ms  bwd=8.7ms  total=105.3ms
[  63600] loss=2.0258  ema_loss=2.0246  gap=1.1153  ema_gap=1.1166  mixup=22/100  3.1 sps  ETA 7.8h
              R²_rand=0.9901  R²_naive=0.9913  U_t=0.1461  U_b=0.1501  AUC=1.0000  Top1=1.0000
  timing: data=15.7ms  fwd=93.4ms  bwd=8.7ms  total=118.2ms
  -> Saved /home/jupyter/contrastive-forecasting/checkpoints/enc_fcst_dk09_fp32_150k_best_loss.pth
[  63700] loss=2.0241  ema_loss=2.0250  gap=1.1103  ema_gap=1.1151  mixup=37/100  3.1 sps  ETA 7.8h
              R²_rand=0.9901  R²_naive=0.9912  U_t=0.1453  U_b=0.1503  AUC=1.0000  Top1=1.0000
  timing: data=21.8ms  fwd=93.3ms  bwd=9.0ms  total=124.5ms
[  63800] loss=2.0243  ema_loss=2.0246  gap=1.1123  ema_gap=1.1143  mixup=18/100  3.1 sps  ETA 7.8h
              R²_rand=0.9900  R²_naive=0.9911  U_t=0.1452  U_b=0.1507  AUC=1.0000  Top1=1.0000
  timing: data=2.7ms  fwd=94.2ms  bwd=8.7ms  total=106.0ms
  -> Saved /home/jupyter/contrastive-forecasting/checkpoints/enc_fcst_dk09_fp32_150k_best_loss.pth
[  63900] loss=2.0278  ema_loss=2.0251  gap=1.1157  ema_gap=1.1150  mixup=41/100  3.1 sps  ETA 7.7h
              R²_rand=0.9901  R²_naive=0.9912  U_t=0.1436  U_b=0.1500  AUC=1.0000  Top1=1.0000
  timing: data=16.3ms  fwd=91.2ms  bwd=9.2ms  total=117.1ms
[  64000] loss=2.0228  ema_loss=2.0249  gap=1.1143  ema_gap=1.1148  mixup=28/100  3.1 sps  ETA 7.7h
              R²_rand=0.9903  R²_naive=0.9914  U_t=0.1453  U_b=0.1507  AUC=1.0000  Top1=1.0000
  timing: data=3.2ms  fwd=94.4ms  bwd=8.6ms  total=106.6ms
[  64100] loss=2.0276  ema_loss=2.0254  gap=1.1123  ema_gap=1.1148  mixup=33/100  3.1 sps  ETA 7.7h
              R²_rand=0.9901  R²_naive=0.9912  U_t=0.1448  U_b=0.1505  AUC=1.0000  Top1=1.0000
  timing: data=16.9ms  fwd=91.3ms  bwd=8.9ms  total=117.6ms
[  64200] loss=2.0199  ema_loss=2.0251  gap=1.1140  ema_gap=1.1152  mixup=29/100  3.1 sps  ETA 7.7h
              R²_rand=0.9902  R²_naive=0.9913  U_t=0.1447  U_b=0.1508  AUC=1.0000  Top1=1.0000
  timing: data=16.6ms  fwd=90.9ms  bwd=9.3ms  total=117.4ms
[  64300] loss=2.0220  ema_loss=2.0249  gap=1.1129  ema_gap=1.1142  mixup=38/100  3.1 sps  ETA 7.7h
              R²_rand=0.9903  R²_naive=0.9914  U_t=0.1446  U_b=0.1506  AUC=1.0000  Top1=1.0000
  timing: data=5.0ms  fwd=94.2ms  bwd=9.3ms  total=108.9ms
[  64400] loss=2.0235  ema_loss=2.0249  gap=1.1154  ema_gap=1.1143  mixup=31/100  3.1 sps  ETA 7.7h
              R²_rand=0.9901  R²_naive=0.9912  U_t=0.1451  U_b=0.1509  AUC=1.0000  Top1=1.0000
  timing: data=41.6ms  fwd=92.9ms  bwd=9.5ms  total=144.5ms
[  64500] loss=2.0216  ema_loss=2.0250  gap=1.1207  ema_gap=1.1143  mixup=28/100  3.1 sps  ETA 7.7h
              R²_rand=0.9902  R²_naive=0.9914  U_t=0.1441  U_b=0.1506  AUC=1.0000  Top1=1.0000
  timing: data=15.3ms  fwd=92.6ms  bwd=8.9ms  total=117.2ms
[  64600] loss=2.0264  ema_loss=2.0250  gap=1.1135  ema_gap=1.1139  mixup=36/100  3.1 sps  ETA 7.7h
              R²_rand=0.9901  R²_naive=0.9913  U_t=0.1447  U_b=0.1507  AUC=1.0000  Top1=1.0000
  timing: data=3.8ms  fwd=94.0ms  bwd=8.8ms  total=107.1ms
[  64700] loss=2.0219  ema_loss=2.0253  gap=1.1169  ema_gap=1.1132  mixup=24/100  3.1 sps  ETA 7.7h
              R²_rand=0.9901  R²_naive=0.9913  U_t=0.1460  U_b=0.1506  AUC=1.0000  Top1=1.0000
  timing: data=15.4ms  fwd=92.0ms  bwd=8.8ms  total=116.6ms
[  64800] loss=2.0300  ema_loss=2.0252  gap=1.1075  ema_gap=1.1136  mixup=31/100  3.1 sps  ETA 7.7h
              R²_rand=0.9901  R²_naive=0.9913  U_t=0.1452  U_b=0.1499  AUC=1.0000  Top1=1.0000
  timing: data=17.0ms  fwd=93.1ms  bwd=8.9ms  total=119.5ms
[  64900] loss=2.0191  ema_loss=2.0250  gap=1.1161  ema_gap=1.1137  mixup=23/100  3.1 sps  ETA 7.6h
              R²_rand=0.9902  R²_naive=0.9914  U_t=0.1453  U_b=0.1510  AUC=1.0000  Top1=1.0000
  timing: data=3.6ms  fwd=96.3ms  bwd=8.7ms  total=109.1ms
[  65000] loss=2.0233  ema_loss=2.0249  gap=1.1152  ema_gap=1.1138  mixup=21/100  3.1 sps  ETA 7.6h
              R²_rand=0.9901  R²_naive=0.9912  U_t=0.1445  U_b=0.1506  AUC=1.0000  Top1=1.0000
  timing: data=15.5ms  fwd=92.2ms  bwd=8.9ms  total=117.1ms
  -> Saved /home/jupyter/contrastive-forecasting/checkpoints/enc_fcst_dk09_fp32_150k_65k.pth
[  65100] loss=2.0256  ema_loss=2.0250  gap=1.1120  ema_gap=1.1126  mixup=34/100  3.1 sps  ETA 7.6h
              R²_rand=0.9902  R²_naive=0.9913  U_t=0.1444  U_b=0.1503  AUC=1.0000  Top1=1.0000
  timing: data=4.3ms  fwd=92.4ms  bwd=10.2ms  total=107.4ms
[  65200] loss=2.0264  ema_loss=2.0252  gap=1.1099  ema_gap=1.1130  mixup=27/100  3.1 sps  ETA 7.6h
              R²_rand=0.9901  R²_naive=0.9912  U_t=0.1457  U_b=0.1505  AUC=1.0000  Top1=1.0000
  timing: data=16.6ms  fwd=94.6ms  bwd=9.8ms  total=121.5ms
[  65300] loss=2.0251  ema_loss=2.0251  gap=1.1136  ema_gap=1.1126  mixup=28/100  3.1 sps  ETA 7.6h
              R²_rand=0.9900  R²_naive=0.9911  U_t=0.1458  U_b=0.1507  AUC=1.0000  Top1=1.0000
  timing: data=19.0ms  fwd=92.0ms  bwd=9.4ms  total=120.8ms
[  65400] loss=2.0267  ema_loss=2.0254  gap=1.1125  ema_gap=1.1130  mixup=29/100  3.1 sps  ETA 7.6h
              R²_rand=0.9901  R²_naive=0.9912  U_t=0.1450  U_b=0.1501  AUC=1.0000  Top1=1.0000
  timing: data=3.3ms  fwd=93.7ms  bwd=8.7ms  total=106.2ms
[  65500] loss=2.0265  ema_loss=2.0251  gap=1.1173  ema_gap=1.1129  mixup=37/100  3.1 sps  ETA 7.6h
              R²_rand=0.9900  R²_naive=0.9912  U_t=0.1452  U_b=0.1502  AUC=1.0000  Top1=1.0000
  timing: data=15.9ms  fwd=92.9ms  bwd=9.3ms  total=118.7ms
[  65600] loss=2.0226  ema_loss=2.0248  gap=1.1158  ema_gap=1.1136  mixup=37/100  3.1 sps  ETA 7.6h
              R²_rand=0.9902  R²_naive=0.9913  U_t=0.1461  U_b=0.1506  AUC=1.0000  Top1=1.0000
  timing: data=16.5ms  fwd=92.7ms  bwd=9.3ms  total=119.0ms
[  65700] loss=2.0235  ema_loss=2.0244  gap=1.1113  ema_gap=1.1146  mixup=32/100  3.1 sps  ETA 7.6h
              R²_rand=0.9902  R²_naive=0.9914  U_t=0.1452  U_b=0.1510  AUC=1.0000  Top1=1.0000
  timing: data=4.2ms  fwd=95.5ms  bwd=9.4ms  total=109.7ms
  -> Saved /home/jupyter/contrastive-forecasting/checkpoints/enc_fcst_dk09_fp32_150k_best_loss.pth
[  65800] loss=2.0249  ema_loss=2.0242  gap=1.1062  ema_gap=1.1133  mixup=34/100  3.1 sps  ETA 7.6h
              R²_rand=0.9900  R²_naive=0.9912  U_t=0.1447  U_b=0.1503  AUC=1.0000  Top1=1.0000
  timing: data=15.8ms  fwd=94.1ms  bwd=9.2ms  total=119.7ms
  -> Saved /home/jupyter/contrastive-forecasting/checkpoints/enc_fcst_dk09_fp32_150k_best_loss.pth
[  65900] loss=2.0283  ema_loss=2.0243  gap=1.1117  ema_gap=1.1143  mixup=30/100  3.1 sps  ETA 7.6h
              R²_rand=0.9902  R²_naive=0.9913  U_t=0.1447  U_b=0.1502  AUC=1.0000  Top1=1.0000
  timing: data=17.1ms  fwd=93.7ms  bwd=9.4ms  total=120.7ms
[  66000] loss=2.0298  ema_loss=2.0248  gap=1.1159  ema_gap=1.1145  mixup=36/100  3.1 sps  ETA 7.5h
              R²_rand=0.9901  R²_naive=0.9913  U_t=0.1453  U_b=0.1508  AUC=1.0000  Top1=1.0000
  timing: data=5.3ms  fwd=92.8ms  bwd=9.2ms  total=107.9ms
[  66100] loss=2.0214  ema_loss=2.0248  gap=1.1116  ema_gap=1.1129  mixup=25/100  3.1 sps  ETA 7.5h
              R²_rand=0.9901  R²_naive=0.9913  U_t=0.1453  U_b=0.1508  AUC=1.0000  Top1=1.0000
  timing: data=16.2ms  fwd=92.4ms  bwd=9.2ms  total=118.4ms
[  66200] loss=2.0261  ema_loss=2.0248  gap=1.1133  ema_gap=1.1144  mixup=31/100  3.1 sps  ETA 7.5h
              R²_rand=0.9901  R²_naive=0.9913  U_t=0.1441  U_b=0.1501  AUC=1.0000  Top1=1.0000
  timing: data=18.5ms  fwd=93.3ms  bwd=9.2ms  total=121.5ms
[  66300] loss=2.0249  ema_loss=2.0251  gap=1.1124  ema_gap=1.1142  mixup=26/100  3.1 sps  ETA 7.5h
              R²_rand=0.9902  R²_naive=0.9913  U_t=0.1456  U_b=0.1504  AUC=1.0000  Top1=1.0000
  timing: data=3.5ms  fwd=93.4ms  bwd=9.1ms  total=106.6ms
[  66400] loss=2.0266  ema_loss=2.0250  gap=1.1077  ema_gap=1.1139  mixup=26/100  3.1 sps  ETA 7.5h
              R²_rand=0.9901  R²_naive=0.9912  U_t=0.1447  U_b=0.1501  AUC=1.0000  Top1=1.0000
  timing: data=39.5ms  fwd=92.7ms  bwd=9.4ms  total=142.1ms
[  66500] loss=2.0282  ema_loss=2.0249  gap=1.1093  ema_gap=1.1136  mixup=36/100  3.1 sps  ETA 7.5h
              R²_rand=0.9902  R²_naive=0.9913  U_t=0.1448  U_b=0.1504  AUC=1.0000  Top1=1.0000
  timing: data=3.8ms  fwd=93.3ms  bwd=8.7ms  total=106.1ms
[  66600] loss=2.0258  ema_loss=2.0246  gap=1.1071  ema_gap=1.1138  mixup=29/100  3.1 sps  ETA 7.5h
              R²_rand=0.9900  R²_naive=0.9912  U_t=0.1453  U_b=0.1505  AUC=1.0000  Top1=1.0000
  timing: data=20.6ms  fwd=94.0ms  bwd=8.6ms  total=123.6ms
[  66700] loss=2.0258  ema_loss=2.0247  gap=1.1153  ema_gap=1.1138  mixup=26/100  3.1 sps  ETA 7.5h
              R²_rand=0.9902  R²_naive=0.9912  U_t=0.1457  U_b=0.1501  AUC=1.0000  Top1=1.0000
  timing: data=16.1ms  fwd=93.7ms  bwd=10.0ms  total=120.3ms
[  66800] loss=2.0244  ema_loss=2.0245  gap=1.1066  ema_gap=1.1138  mixup=43/100  3.1 sps  ETA 7.5h
              R²_rand=0.9900  R²_naive=0.9911  U_t=0.1454  U_b=0.1502  AUC=1.0000  Top1=1.0000
  timing: data=5.0ms  fwd=94.3ms  bwd=9.3ms  total=109.2ms
[  66900] loss=2.0250  ema_loss=2.0241  gap=1.1097  ema_gap=1.1130  mixup=33/100  3.1 sps  ETA 7.5h
              R²_rand=0.9901  R²_naive=0.9912  U_t=0.1447  U_b=0.1507  AUC=1.0000  Top1=1.0000
  timing: data=15.7ms  fwd=93.6ms  bwd=9.3ms  total=119.1ms
  -> Saved /home/jupyter/contrastive-forecasting/checkpoints/enc_fcst_dk09_fp32_150k_best_loss.pth
[  67000] loss=2.0303  ema_loss=2.0246  gap=1.1071  ema_gap=1.1128  mixup=30/100  3.1 sps  ETA 7.5h
              R²_rand=0.9902  R²_naive=0.9913  U_t=0.1439  U_b=0.1500  AUC=1.0000  Top1=1.0000
  timing: data=17.9ms  fwd=90.3ms  bwd=9.2ms  total=117.9ms
[  67100] loss=2.0276  ema_loss=2.0247  gap=1.1145  ema_gap=1.1138  mixup=28/100  3.1 sps  ETA 7.4h
              R²_rand=0.9901  R²_naive=0.9912  U_t=0.1457  U_b=0.1502  AUC=1.0000  Top1=1.0000
  timing: data=4.9ms  fwd=95.4ms  bwd=9.3ms  total=110.2ms
[  67200] loss=2.0275  ema_loss=2.0246  gap=1.1116  ema_gap=1.1145  mixup=34/100  3.1 sps  ETA 7.4h
              R²_rand=0.9901  R²_naive=0.9912  U_t=0.1457  U_b=0.1506  AUC=1.0000  Top1=1.0000
  timing: data=17.7ms  fwd=90.3ms  bwd=9.1ms  total=117.7ms
[  67300] loss=2.0250  ema_loss=2.0246  gap=1.1180  ema_gap=1.1141  mixup=27/100  3.1 sps  ETA 7.4h
              R²_rand=0.9901  R²_naive=0.9913  U_t=0.1460  U_b=0.1503  AUC=1.0000  Top1=1.0000
  timing: data=16.4ms  fwd=91.8ms  bwd=9.7ms  total=118.6ms
[  67400] loss=2.0292  ema_loss=2.0248  gap=1.1176  ema_gap=1.1137  mixup=37/100  3.1 sps  ETA 7.4h
              R²_rand=0.9901  R²_naive=0.9912  U_t=0.1455  U_b=0.1506  AUC=1.0000  Top1=1.0000
  timing: data=4.6ms  fwd=94.2ms  bwd=10.0ms  total=109.3ms
[  67500] loss=2.0291  ema_loss=2.0243  gap=1.1151  ema_gap=1.1141  mixup=28/100  3.1 sps  ETA 7.4h
              R²_rand=0.9899  R²_naive=0.9911  U_t=0.1452  U_b=0.1502  AUC=1.0000  Top1=1.0000
  timing: data=17.8ms  fwd=93.1ms  bwd=9.5ms  total=120.9ms
[  67600] loss=2.0287  ema_loss=2.0247  gap=1.1204  ema_gap=1.1142  mixup=33/100  3.1 sps  ETA 7.4h
              R²_rand=0.9901  R²_naive=0.9913  U_t=0.1455  U_b=0.1504  AUC=1.0000  Top1=1.0000
  timing: data=16.2ms  fwd=93.4ms  bwd=9.0ms  total=119.1ms
[  67700] loss=2.0237  ema_loss=2.0243  gap=1.1085  ema_gap=1.1157  mixup=20/100  3.1 sps  ETA 7.4h
              R²_rand=0.9902  R²_naive=0.9913  U_t=0.1454  U_b=0.1505  AUC=1.0000  Top1=1.0000
  timing: data=3.5ms  fwd=96.4ms  bwd=9.1ms  total=109.5ms
[  67800] loss=2.0252  ema_loss=2.0246  gap=1.1140  ema_gap=1.1151  mixup=28/100  3.1 sps  ETA 7.4h
              R²_rand=0.9902  R²_naive=0.9913  U_t=0.1455  U_b=0.1505  AUC=1.0000  Top1=1.0000
  timing: data=15.5ms  fwd=94.1ms  bwd=9.1ms  total=119.2ms
[  67900] loss=2.0214  ema_loss=2.0242  gap=1.1142  ema_gap=1.1139  mixup=32/100  3.1 sps  ETA 7.4h
              R²_rand=0.9902  R²_naive=0.9912  U_t=0.1451  U_b=0.1508  AUC=1.0000  Top1=1.0000
  timing: data=4.4ms  fwd=95.4ms  bwd=10.0ms  total=110.4ms
[  68000] loss=2.0277  ema_loss=2.0246  gap=1.1192  ema_gap=1.1135  mixup=25/100  3.1 sps  ETA 7.4h
              R²_rand=0.9902  R²_naive=0.9913  U_t=0.1450  U_b=0.1503  AUC=1.0000  Top1=1.0000
  timing: data=15.1ms  fwd=92.4ms  bwd=9.8ms  total=117.8ms
[  68100] loss=2.0196  ema_loss=2.0246  gap=1.1125  ema_gap=1.1152  mixup=31/100  3.1 sps  ETA 7.4h
              R²_rand=0.9902  R²_naive=0.9913  U_t=0.1451  U_b=0.1504  AUC=1.0000  Top1=1.0000
  timing: data=17.5ms  fwd=92.9ms  bwd=9.4ms  total=120.3ms
[  68200] loss=2.0270  ema_loss=2.0247  gap=1.1103  ema_gap=1.1153  mixup=27/100  3.1 sps  ETA 7.3h
              R²_rand=0.9903  R²_naive=0.9914  U_t=0.1442  U_b=0.1500  AUC=1.0000  Top1=1.0000
  timing: data=4.8ms  fwd=93.7ms  bwd=8.9ms  total=107.8ms
[  68300] loss=2.0213  ema_loss=2.0246  gap=1.1096  ema_gap=1.1142  mixup=27/100  3.1 sps  ETA 7.3h
              R²_rand=0.9902  R²_naive=0.9912  U_t=0.1452  U_b=0.1507  AUC=1.0000  Top1=1.0000
  timing: data=17.0ms  fwd=91.4ms  bwd=10.0ms  total=118.9ms
[  68400] loss=2.0296  ema_loss=2.0245  gap=1.1161  ema_gap=1.1146  mixup=25/100  3.1 sps  ETA 7.3h
              R²_rand=0.9901  R²_naive=0.9912  U_t=0.1443  U_b=0.1503  AUC=1.0000  Top1=1.0000
  timing: data=17.2ms  fwd=92.0ms  bwd=12.1ms  total=121.9ms
[  68500] loss=2.0221  ema_loss=2.0247  gap=1.1178  ema_gap=1.1143  mixup=25/100  3.1 sps  ETA 7.3h
              R²_rand=0.9902  R²_naive=0.9913  U_t=0.1441  U_b=0.1502  AUC=1.0000  Top1=1.0000
  timing: data=3.8ms  fwd=93.9ms  bwd=10.1ms  total=108.4ms
[  68600] loss=2.0234  ema_loss=2.0243  gap=1.1086  ema_gap=1.1140  mixup=28/100  3.1 sps  ETA 7.3h
              R²_rand=0.9900  R²_naive=0.9912  U_t=0.1443  U_b=0.1504  AUC=1.0000  Top1=1.0000
  timing: data=16.2ms  fwd=93.2ms  bwd=9.2ms  total=119.2ms
[  68700] loss=2.0247  ema_loss=2.0247  gap=1.1118  ema_gap=1.1145  mixup=25/100  3.1 sps  ETA 7.3h
              R²_rand=0.9901  R²_naive=0.9913  U_t=0.1456  U_b=0.1505  AUC=1.0000  Top1=1.0000
  timing: data=16.8ms  fwd=91.7ms  bwd=9.5ms  total=118.6ms
[  68800] loss=2.0265  ema_loss=2.0247  gap=1.1178  ema_gap=1.1154  mixup=24/100  3.1 sps  ETA 7.3h
              R²_rand=0.9900  R²_naive=0.9912  U_t=0.1466  U_b=0.1508  AUC=1.0000  Top1=1.0000
  timing: data=3.8ms  fwd=93.9ms  bwd=9.5ms  total=107.7ms
[  68900] loss=2.0222  ema_loss=2.0246  gap=1.1201  ema_gap=1.1162  mixup=20/100  3.1 sps  ETA 7.3h
              R²_rand=0.9902  R²_naive=0.9914  U_t=0.1446  U_b=0.1509  AUC=1.0000  Top1=1.0000
  timing: data=16.6ms  fwd=93.3ms  bwd=9.3ms  total=119.8ms
[  69000] loss=2.0231  ema_loss=2.0243  gap=1.1190  ema_gap=1.1160  mixup=29/100  3.1 sps  ETA 7.3h
              R²_rand=0.9902  R²_naive=0.9913  U_t=0.1445  U_b=0.1512  AUC=1.0000  Top1=1.0000
  timing: data=3.7ms  fwd=93.3ms  bwd=9.5ms  total=107.0ms
[  69100] loss=2.0253  ema_loss=2.0241  gap=1.1173  ema_gap=1.1150  mixup=22/100  3.1 sps  ETA 7.3h
              R²_rand=0.9902  R²_naive=0.9913  U_t=0.1450  U_b=0.1505  AUC=1.0000  Top1=1.0000
  timing: data=16.9ms  fwd=91.1ms  bwd=8.9ms  total=117.4ms
  -> Saved /home/jupyter/contrastive-forecasting/checkpoints/enc_fcst_dk09_fp32_150k_best_loss.pth
[  69200] loss=2.0259  ema_loss=2.0241  gap=1.1210  ema_gap=1.1161  mixup=33/100  3.1 sps  ETA 7.3h
              R²_rand=0.9902  R²_naive=0.9913  U_t=0.1442  U_b=0.1503  AUC=1.0000  Top1=1.0000
  timing: data=17.0ms  fwd=92.5ms  bwd=9.7ms  total=119.7ms
  -> Saved /home/jupyter/contrastive-forecasting/checkpoints/enc_fcst_dk09_fp32_150k_best_loss.pth
[  69300] loss=2.0217  ema_loss=2.0243  gap=1.1117  ema_gap=1.1174  mixup=28/100  3.1 sps  ETA 7.2h
              R²_rand=0.9902  R²_naive=0.9913  U_t=0.1442  U_b=0.1506  AUC=1.0000  Top1=1.0000
  timing: data=4.3ms  fwd=93.5ms  bwd=9.0ms  total=107.2ms
[  69400] loss=2.0286  ema_loss=2.0244  gap=1.1119  ema_gap=1.1169  mixup=29/100  3.1 sps  ETA 7.2h
              R²_rand=0.9899  R²_naive=0.9911  U_t=0.1456  U_b=0.1502  AUC=1.0000  Top1=1.0000
  timing: data=15.4ms  fwd=91.9ms  bwd=8.8ms  total=116.6ms
[  69500] loss=2.0228  ema_loss=2.0243  gap=1.1213  ema_gap=1.1154  mixup=36/100  3.1 sps  ETA 7.2h
              R²_rand=0.9901  R²_naive=0.9914  U_t=0.1442  U_b=0.1508  AUC=1.0000  Top1=1.0000
  timing: data=16.9ms  fwd=91.4ms  bwd=9.2ms  total=118.0ms
[  69600] loss=2.0239  ema_loss=2.0241  gap=1.1133  ema_gap=1.1166  mixup=28/100  3.1 sps  ETA 7.2h
              R²_rand=0.9903  R²_naive=0.9914  U_t=0.1452  U_b=0.1509  AUC=1.0000  Top1=1.0000
  timing: data=4.0ms  fwd=93.7ms  bwd=9.6ms  total=107.7ms
[  69700] loss=2.0230  ema_loss=2.0243  gap=1.1115  ema_gap=1.1159  mixup=26/100  3.1 sps  ETA 7.2h
              R²_rand=0.9902  R²_naive=0.9913  U_t=0.1446  U_b=0.1506  AUC=1.0000  Top1=1.0000
  timing: data=16.6ms  fwd=93.5ms  bwd=10.6ms  total=121.2ms
[  69800] loss=2.0242  ema_loss=2.0244  gap=1.1121  ema_gap=1.1156  mixup=33/100  3.1 sps  ETA 7.2h
              R²_rand=0.9902  R²_naive=0.9913  U_t=0.1454  U_b=0.1505  AUC=1.0000  Top1=1.0000
  timing: data=16.5ms  fwd=92.4ms  bwd=9.9ms  total=119.4ms
[  69900] loss=2.0254  ema_loss=2.0242  gap=1.1196  ema_gap=1.1154  mixup=31/100  3.1 sps  ETA 7.2h
              R²_rand=0.9901  R²_naive=0.9913  U_t=0.1444  U_b=0.1506  AUC=1.0000  Top1=1.0000
  timing: data=4.2ms  fwd=94.3ms  bwd=9.3ms  total=108.3ms
[  70000] loss=2.0250  ema_loss=2.0243  gap=1.1241  ema_gap=1.1150  mixup=24/100  3.1 sps  ETA 7.2h
              R²_rand=0.9902  R²_naive=0.9914  U_t=0.1441  U_b=0.1508  AUC=1.0000  Top1=1.0000
  timing: data=16.3ms  fwd=92.9ms  bwd=8.8ms  total=118.6ms
  -> Saved /home/jupyter/contrastive-forecasting/checkpoints/enc_fcst_dk09_fp32_150k_70k.pth
[  70100] loss=2.0200  ema_loss=2.0244  gap=1.1197  ema_gap=1.1166  mixup=30/100  3.1 sps  ETA 7.2h
              R²_rand=0.9901  R²_naive=0.9914  U_t=0.1446  U_b=0.1506  AUC=1.0000  Top1=1.0000
  timing: data=16.5ms  fwd=93.5ms  bwd=9.8ms  total=120.4ms
[  70200] loss=2.0241  ema_loss=2.0243  gap=1.1144  ema_gap=1.1166  mixup=27/100  3.1 sps  ETA 7.2h
              R²_rand=0.9900  R²_naive=0.9912  U_t=0.1445  U_b=0.1508  AUC=1.0000  Top1=1.0000
  timing: data=5.1ms  fwd=94.2ms  bwd=9.7ms  total=109.6ms
[  70300] loss=2.0255  ema_loss=2.0241  gap=1.1177  ema_gap=1.1166  mixup=24/100  3.1 sps  ETA 7.2h
              R²_rand=0.9903  R²_naive=0.9914  U_t=0.1453  U_b=0.1506  AUC=1.0000  Top1=1.0000
  timing: data=15.7ms  fwd=93.3ms  bwd=9.9ms  total=119.5ms
[  70400] loss=2.0216  ema_loss=2.0240  gap=1.1230  ema_gap=1.1170  mixup=18/100  3.1 sps  ETA 7.1h
              R²_rand=0.9902  R²_naive=0.9914  U_t=0.1439  U_b=0.1505  AUC=1.0000  Top1=1.0000
  timing: data=4.7ms  fwd=94.3ms  bwd=9.9ms  total=109.5ms
  -> Saved /home/jupyter/contrastive-forecasting/checkpoints/enc_fcst_dk09_fp32_150k_best_loss.pth
[  70500] loss=2.0223  ema_loss=2.0240  gap=1.1204  ema_gap=1.1167  mixup=25/100  3.1 sps  ETA 7.1h
              R²_rand=0.9901  R²_naive=0.9913  U_t=0.1448  U_b=0.1507  AUC=1.0000  Top1=1.0000
  timing: data=16.2ms  fwd=94.4ms  bwd=10.0ms  total=121.1ms
[  70600] loss=2.0286  ema_loss=2.0242  gap=1.1090  ema_gap=1.1149  mixup=26/100  3.1 sps  ETA 7.1h
              R²_rand=0.9902  R²_naive=0.9913  U_t=0.1452  U_b=0.1503  AUC=1.0000  Top1=1.0000
  timing: data=16.0ms  fwd=93.6ms  bwd=10.0ms  total=120.2ms
[  70700] loss=2.0215  ema_loss=2.0244  gap=1.1129  ema_gap=1.1142  mixup=26/100  3.1 sps  ETA 7.1h
              R²_rand=0.9902  R²_naive=0.9913  U_t=0.1448  U_b=0.1504  AUC=1.0000  Top1=1.0000
  timing: data=4.1ms  fwd=94.8ms  bwd=9.6ms  total=109.1ms
[  70800] loss=2.0273  ema_loss=2.0239  gap=1.1174  ema_gap=1.1152  mixup=30/100  3.1 sps  ETA 7.1h
              R²_rand=0.9902  R²_naive=0.9913  U_t=0.1451  U_b=0.1499  AUC=1.0000  Top1=1.0000
  timing: data=16.4ms  fwd=93.2ms  bwd=9.3ms  total=119.5ms
  -> Saved /home/jupyter/contrastive-forecasting/checkpoints/enc_fcst_dk09_fp32_150k_best_loss.pth
[  70900] loss=2.0260  ema_loss=2.0242  gap=1.1098  ema_gap=1.1143  mixup=27/100  3.1 sps  ETA 7.1h
              R²_rand=0.9901  R²_naive=0.9913  U_t=0.1450  U_b=0.1505  AUC=1.0000  Top1=1.0000
  timing: data=16.7ms  fwd=92.2ms  bwd=9.9ms  total=119.4ms
[  71000] loss=2.0286  ema_loss=2.0240  gap=1.1164  ema_gap=1.1145  mixup=26/100  3.1 sps  ETA 7.1h
              R²_rand=0.9901  R²_naive=0.9913  U_t=0.1451  U_b=0.1505  AUC=1.0000  Top1=1.0000
  timing: data=4.0ms  fwd=95.4ms  bwd=9.9ms  total=109.8ms
[  71100] loss=2.0207  ema_loss=2.0239  gap=1.1148  ema_gap=1.1149  mixup=32/100  3.1 sps  ETA 7.1h
              R²_rand=0.9902  R²_naive=0.9913  U_t=0.1443  U_b=0.1503  AUC=1.0000  Top1=1.0000
  timing: data=23.0ms  fwd=90.9ms  bwd=9.8ms  total=124.3ms
  -> Saved /home/jupyter/contrastive-forecasting/checkpoints/enc_fcst_dk09_fp32_150k_best_loss.pth
[  71200] loss=2.0239  ema_loss=2.0240  gap=1.1133  ema_gap=1.1169  mixup=29/100  3.1 sps  ETA 7.1h
              R²_rand=0.9901  R²_naive=0.9912  U_t=0.1455  U_b=0.1505  AUC=1.0000  Top1=1.0000
  timing: data=16.7ms  fwd=92.8ms  bwd=8.7ms  total=118.6ms
[  71300] loss=2.0220  ema_loss=2.0243  gap=1.1153  ema_gap=1.1163  mixup=25/100  3.1 sps  ETA 7.1h
              R²_rand=0.9902  R²_naive=0.9913  U_t=0.1455  U_b=0.1509  AUC=1.0000  Top1=1.0000
  timing: data=4.4ms  fwd=93.8ms  bwd=9.8ms  total=108.5ms
[  71400] loss=2.0259  ema_loss=2.0243  gap=1.1084  ema_gap=1.1164  mixup=32/100  3.1 sps  ETA 7.0h
              R²_rand=0.9901  R²_naive=0.9912  U_t=0.1446  U_b=0.1505  AUC=1.0000  Top1=1.0000
  timing: data=16.9ms  fwd=91.3ms  bwd=10.0ms  total=118.6ms
[  71500] loss=2.0235  ema_loss=2.0241  gap=1.1217  ema_gap=1.1161  mixup=29/100  3.1 sps  ETA 7.0h
              R²_rand=0.9903  R²_naive=0.9915  U_t=0.1444  U_b=0.1503  AUC=1.0000  Top1=1.0000
  timing: data=4.8ms  fwd=93.7ms  bwd=10.1ms  total=109.2ms
[  71600] loss=2.0203  ema_loss=2.0239  gap=1.1209  ema_gap=1.1163  mixup=21/100  3.1 sps  ETA 7.0h
              R²_rand=0.9901  R²_naive=0.9913  U_t=0.1439  U_b=0.1505  AUC=1.0000  Top1=1.0000
  timing: data=15.3ms  fwd=93.0ms  bwd=9.9ms  total=118.7ms
[  71700] loss=2.0259  ema_loss=2.0243  gap=1.1186  ema_gap=1.1168  mixup=29/100  3.1 sps  ETA 7.0h
              R²_rand=0.9902  R²_naive=0.9914  U_t=0.1443  U_b=0.1508  AUC=1.0000  Top1=1.0000
  timing: data=17.3ms  fwd=93.2ms  bwd=10.1ms  total=121.2ms
[  71800] loss=2.0222  ema_loss=2.0241  gap=1.1201  ema_gap=1.1168  mixup=24/100  3.1 sps  ETA 7.0h
              R²_rand=0.9903  R²_naive=0.9915  U_t=0.1443  U_b=0.1505  AUC=1.0000  Top1=1.0000
  timing: data=4.0ms  fwd=94.2ms  bwd=9.3ms  total=108.0ms
[  71900] loss=2.0245  ema_loss=2.0239  gap=1.1178  ema_gap=1.1157  mixup=21/100  3.1 sps  ETA 7.0h
              R²_rand=0.9902  R²_naive=0.9913  U_t=0.1446  U_b=0.1509  AUC=1.0000  Top1=1.0000
  timing: data=15.4ms  fwd=93.2ms  bwd=12.2ms  total=121.4ms
[  72000] loss=2.0266  ema_loss=2.0242  gap=1.1160  ema_gap=1.1164  mixup=21/100  3.1 sps  ETA 7.0h
              R²_rand=0.9902  R²_naive=0.9914  U_t=0.1448  U_b=0.1505  AUC=1.0000  Top1=1.0000
  timing: data=17.6ms  fwd=92.4ms  bwd=9.5ms  total=119.9ms
[  72100] loss=2.0235  ema_loss=2.0245  gap=1.1163  ema_gap=1.1162  mixup=32/100  3.1 sps  ETA 7.0h
              R²_rand=0.9902  R²_naive=0.9913  U_t=0.1444  U_b=0.1506  AUC=1.0000  Top1=1.0000
  timing: data=4.1ms  fwd=94.9ms  bwd=9.2ms  total=108.8ms
[  72200] loss=2.0230  ema_loss=2.0243  gap=1.1110  ema_gap=1.1163  mixup=23/100  3.1 sps  ETA 7.0h
              R²_rand=0.9902  R²_naive=0.9913  U_t=0.1452  U_b=0.1506  AUC=1.0000  Top1=1.0000
  timing: data=17.7ms  fwd=92.1ms  bwd=9.6ms  total=120.1ms
[  72300] loss=2.0254  ema_loss=2.0241  gap=1.1224  ema_gap=1.1166  mixup=35/100  3.1 sps  ETA 7.0h
              R²_rand=0.9902  R²_naive=0.9914  U_t=0.1447  U_b=0.1503  AUC=1.0000  Top1=1.0000
  timing: data=17.5ms  fwd=92.7ms  bwd=9.9ms  total=120.7ms
[  72400] loss=2.0286  ema_loss=2.0240  gap=1.1166  ema_gap=1.1179  mixup=32/100  3.1 sps  ETA 7.0h
              R²_rand=0.9902  R²_naive=0.9913  U_t=0.1449  U_b=0.1502  AUC=1.0000  Top1=1.0000
  timing: data=5.4ms  fwd=94.1ms  bwd=9.8ms  total=109.8ms
[  72500] loss=2.0210  ema_loss=2.0238  gap=1.1108  ema_gap=1.1161  mixup=30/100  3.1 sps  ETA 6.9h
              R²_rand=0.9903  R²_naive=0.9914  U_t=0.1444  U_b=0.1505  AUC=1.0000  Top1=1.0000
  timing: data=17.5ms  fwd=92.6ms  bwd=9.4ms  total=120.1ms
  -> Saved /home/jupyter/contrastive-forecasting/checkpoints/enc_fcst_dk09_fp32_150k_best_loss.pth
[  72600] loss=2.0223  ema_loss=2.0237  gap=1.1172  ema_gap=1.1163  mixup=29/100  3.1 sps  ETA 6.9h
              R²_rand=0.9902  R²_naive=0.9914  U_t=0.1441  U_b=0.1509  AUC=1.0000  Top1=1.0000
  timing: data=16.2ms  fwd=93.8ms  bwd=9.6ms  total=120.2ms
  -> Saved /home/jupyter/contrastive-forecasting/checkpoints/enc_fcst_dk09_fp32_150k_best_loss.pth
[  72700] loss=2.0243  ema_loss=2.0236  gap=1.1234  ema_gap=1.1163  mixup=28/100  3.1 sps  ETA 6.9h
              R²_rand=0.9901  R²_naive=0.9913  U_t=0.1446  U_b=0.1505  AUC=1.0000  Top1=1.0000
  timing: data=3.8ms  fwd=95.1ms  bwd=9.8ms  total=109.3ms
  -> Saved /home/jupyter/contrastive-forecasting/checkpoints/enc_fcst_dk09_fp32_150k_best_loss.pth
[  72800] loss=2.0250  ema_loss=2.0240  gap=1.1143  ema_gap=1.1172  mixup=29/100  3.1 sps  ETA 6.9h
              R²_rand=0.9901  R²_naive=0.9913  U_t=0.1436  U_b=0.1506  AUC=1.0000  Top1=1.0000
  timing: data=16.0ms  fwd=93.0ms  bwd=8.9ms  total=118.3ms
[  72900] loss=2.0254  ema_loss=2.0239  gap=1.1162  ema_gap=1.1169  mixup=28/100  3.1 sps  ETA 6.9h
              R²_rand=0.9901  R²_naive=0.9913  U_t=0.1445  U_b=0.1500  AUC=1.0000  Top1=1.0000
  timing: data=4.0ms  fwd=93.6ms  bwd=8.8ms  total=106.8ms
[  73000] loss=2.0229  ema_loss=2.0238  gap=1.1176  ema_gap=1.1175  mixup=40/100  3.1 sps  ETA 6.9h
              R²_rand=0.9903  R²_naive=0.9914  U_t=0.1454  U_b=0.1506  AUC=1.0000  Top1=1.0000
  timing: data=17.8ms  fwd=91.9ms  bwd=8.8ms  total=118.9ms
[  73100] loss=2.0252  ema_loss=2.0238  gap=1.1196  ema_gap=1.1170  mixup=40/100  3.1 sps  ETA 6.9h
              R²_rand=0.9901  R²_naive=0.9912  U_t=0.1445  U_b=0.1507  AUC=1.0000  Top1=1.0000
  timing: data=18.0ms  fwd=91.1ms  bwd=8.9ms  total=118.5ms
[  73200] loss=2.0238  ema_loss=2.0241  gap=1.1190  ema_gap=1.1168  mixup=31/100  3.1 sps  ETA 6.9h
              R²_rand=0.9901  R²_naive=0.9913  U_t=0.1442  U_b=0.1504  AUC=1.0000  Top1=1.0000
  timing: data=4.9ms  fwd=92.5ms  bwd=9.3ms  total=107.2ms
[  73300] loss=2.0158  ema_loss=2.0237  gap=1.1160  ema_gap=1.1164  mixup=38/100  3.1 sps  ETA 6.9h
              R²_rand=0.9901  R²_naive=0.9912  U_t=0.1443  U_b=0.1508  AUC=1.0000  Top1=1.0000
  timing: data=17.2ms  fwd=91.5ms  bwd=9.7ms  total=119.0ms
[  73400] loss=2.0227  ema_loss=2.0238  gap=1.1172  ema_gap=1.1168  mixup=31/100  3.1 sps  ETA 6.9h
              R²_rand=0.9901  R²_naive=0.9914  U_t=0.1439  U_b=0.1504  AUC=1.0000  Top1=1.0000
  timing: data=16.5ms  fwd=92.1ms  bwd=8.7ms  total=117.8ms
[  73500] loss=2.0262  ema_loss=2.0240  gap=1.1130  ema_gap=1.1161  mixup=29/100  3.1 sps  ETA 6.9h
              R²_rand=0.9902  R²_naive=0.9914  U_t=0.1451  U_b=0.1503  AUC=1.0000  Top1=1.0000
  timing: data=3.9ms  fwd=93.8ms  bwd=8.7ms  total=106.8ms
[  73600] loss=2.0216  ema_loss=2.0239  gap=1.1177  ema_gap=1.1149  mixup=32/100  3.1 sps  ETA 6.8h
              R²_rand=0.9901  R²_naive=0.9914  U_t=0.1444  U_b=0.1511  AUC=1.0000  Top1=1.0000
  timing: data=17.3ms  fwd=93.5ms  bwd=9.9ms  total=121.2ms
[  73700] loss=2.0219  ema_loss=2.0239  gap=1.1177  ema_gap=1.1159  mixup=29/100  3.1 sps  ETA 6.8h
              R²_rand=0.9902  R²_naive=0.9913  U_t=0.1450  U_b=0.1507  AUC=1.0000  Top1=1.0000
  timing: data=16.1ms  fwd=93.3ms  bwd=10.3ms  total=120.2ms
[  73800] loss=2.0284  ema_loss=2.0242  gap=1.1158  ema_gap=1.1163  mixup=31/100  3.1 sps  ETA 6.8h
              R²_rand=0.9902  R²_naive=0.9913  U_t=0.1445  U_b=0.1500  AUC=1.0000  Top1=1.0000
  timing: data=3.8ms  fwd=94.3ms  bwd=9.1ms  total=107.8ms
[  73900] loss=2.0219  ema_loss=2.0235  gap=1.1183  ema_gap=1.1168  mixup=26/100  3.1 sps  ETA 6.8h
              R²_rand=0.9902  R²_naive=0.9914  U_t=0.1445  U_b=0.1508  AUC=1.0000  Top1=1.0000
  timing: data=16.0ms  fwd=92.8ms  bwd=9.7ms  total=119.1ms
  -> Saved /home/jupyter/contrastive-forecasting/checkpoints/enc_fcst_dk09_fp32_150k_best_loss.pth
[  74000] loss=2.0245  ema_loss=2.0238  gap=1.1183  ema_gap=1.1172  mixup=38/100  3.1 sps  ETA 6.8h
              R²_rand=0.9902  R²_naive=0.9914  U_t=0.1446  U_b=0.1503  AUC=1.0000  Top1=1.0000
  timing: data=4.6ms  fwd=91.7ms  bwd=9.8ms  total=106.7ms
[  74100] loss=2.0218  ema_loss=2.0240  gap=1.1203  ema_gap=1.1181  mixup=28/100  3.1 sps  ETA 6.8h
              R²_rand=0.9903  R²_naive=0.9914  U_t=0.1446  U_b=0.1505  AUC=1.0000  Top1=1.0000
  timing: data=15.5ms  fwd=95.5ms  bwd=12.3ms  total=123.8ms
[  74200] loss=2.0213  ema_loss=2.0235  gap=1.1109  ema_gap=1.1171  mixup=33/100  3.1 sps  ETA 6.8h
              R²_rand=0.9902  R²_naive=0.9912  U_t=0.1434  U_b=0.1510  AUC=1.0000  Top1=1.0000
  timing: data=17.0ms  fwd=93.2ms  bwd=11.5ms  total=122.3ms
  -> Saved /home/jupyter/contrastive-forecasting/checkpoints/enc_fcst_dk09_fp32_150k_best_loss.pth
[  74300] loss=2.0266  ema_loss=2.0241  gap=1.1188  ema_gap=1.1171  mixup=33/100  3.1 sps  ETA 6.8h
              R²_rand=0.9902  R²_naive=0.9913  U_t=0.1446  U_b=0.1502  AUC=1.0000  Top1=1.0000
  timing: data=5.4ms  fwd=92.7ms  bwd=9.8ms  total=108.5ms
[  74400] loss=2.0212  ema_loss=2.0240  gap=1.1214  ema_gap=1.1182  mixup=30/100  3.1 sps  ETA 6.8h
              R²_rand=0.9902  R²_naive=0.9914  U_t=0.1442  U_b=0.1507  AUC=1.0000  Top1=1.0000
  timing: data=17.6ms  fwd=92.2ms  bwd=9.8ms  total=120.2ms
[  74500] loss=2.0193  ema_loss=2.0239  gap=1.1103  ema_gap=1.1179  mixup=34/100  3.1 sps  ETA 6.8h
              R²_rand=0.9902  R²_naive=0.9913  U_t=0.1455  U_b=0.1505  AUC=1.0000  Top1=1.0000
  timing: data=17.0ms  fwd=92.3ms  bwd=9.9ms  total=119.8ms
[  74600] loss=2.0223  ema_loss=2.0235  gap=1.1148  ema_gap=1.1162  mixup=33/100  3.1 sps  ETA 6.8h
              R²_rand=0.9902  R²_naive=0.9914  U_t=0.1449  U_b=0.1505  AUC=1.0000  Top1=1.0000
  timing: data=4.7ms  fwd=93.1ms  bwd=9.8ms  total=108.2ms
  -> Saved /home/jupyter/contrastive-forecasting/checkpoints/enc_fcst_dk09_fp32_150k_best_loss.pth
[  74700] loss=2.0246  ema_loss=2.0239  gap=1.1163  ema_gap=1.1161  mixup=27/100  3.1 sps  ETA 6.7h
              R²_rand=0.9900  R²_naive=0.9912  U_t=0.1455  U_b=0.1507  AUC=1.0000  Top1=1.0000
  timing: data=16.9ms  fwd=91.5ms  bwd=9.8ms  total=118.8ms
[  74800] loss=2.0269  ema_loss=2.0237  gap=1.1127  ema_gap=1.1160  mixup=29/100  3.1 sps  ETA 6.7h
              R²_rand=0.9901  R²_naive=0.9913  U_t=0.1445  U_b=0.1500  AUC=1.0000  Top1=1.0000
  timing: data=16.4ms  fwd=92.3ms  bwd=9.8ms  total=119.1ms
[  74900] loss=2.0235  ema_loss=2.0236  gap=1.1170  ema_gap=1.1164  mixup=34/100  3.1 sps  ETA 6.7h
              R²_rand=0.9902  R²_naive=0.9913  U_t=0.1444  U_b=0.1503  AUC=1.0000  Top1=1.0000
  timing: data=4.5ms  fwd=94.8ms  bwd=9.7ms  total=109.6ms
[  75000] loss=2.0207  ema_loss=2.0233  gap=1.1196  ema_gap=1.1166  mixup=32/100  3.1 sps  ETA 6.7h
              R²_rand=0.9901  R²_naive=0.9913  U_t=0.1440  U_b=0.1507  AUC=1.0000  Top1=1.0000
  timing: data=16.1ms  fwd=92.4ms  bwd=9.8ms  total=118.9ms
  -> Saved /home/jupyter/contrastive-forecasting/checkpoints/enc_fcst_dk09_fp32_150k_best_loss.pth
  -> Saved /home/jupyter/contrastive-forecasting/checkpoints/enc_fcst_dk09_fp32_150k_75k.pth
[  75100] loss=2.0243  ema_loss=2.0237  gap=1.1154  ema_gap=1.1175  mixup=30/100  3.1 sps  ETA 6.7h
              R²_rand=0.9901  R²_naive=0.9912  U_t=0.1446  U_b=0.1506  AUC=1.0000  Top1=1.0000
  timing: data=15.3ms  fwd=94.2ms  bwd=9.9ms  total=120.0ms
[  75200] loss=2.0244  ema_loss=2.0235  gap=1.1168  ema_gap=1.1162  mixup=28/100  3.1 sps  ETA 6.7h
              R²_rand=0.9901  R²_naive=0.9912  U_t=0.1448  U_b=0.1510  AUC=1.0000  Top1=1.0000
  timing: data=3.4ms  fwd=93.3ms  bwd=9.6ms  total=106.7ms
[  75300] loss=2.0261  ema_loss=2.0238  gap=1.1251  ema_gap=1.1159  mixup=31/100  3.1 sps  ETA 6.7h
              R²_rand=0.9901  R²_naive=0.9914  U_t=0.1433  U_b=0.1503  AUC=1.0000  Top1=1.0000
  timing: data=17.4ms  fwd=89.1ms  bwd=8.6ms  total=115.5ms
[  75400] loss=2.0249  ema_loss=2.0236  gap=1.1199  ema_gap=1.1170  mixup=33/100  3.1 sps  ETA 6.7h
              R²_rand=0.9902  R²_naive=0.9914  U_t=0.1446  U_b=0.1500  AUC=1.0000  Top1=1.0000
  timing: data=4.0ms  fwd=94.1ms  bwd=8.7ms  total=107.3ms
[  75500] loss=2.0271  ema_loss=2.0238  gap=1.1108  ema_gap=1.1165  mixup=35/100  3.1 sps  ETA 6.7h
              R²_rand=0.9903  R²_naive=0.9914  U_t=0.1450  U_b=0.1503  AUC=1.0000  Top1=1.0000
  timing: data=17.5ms  fwd=90.0ms  bwd=9.7ms  total=117.6ms
[  75600] loss=2.0211  ema_loss=2.0242  gap=1.1212  ema_gap=1.1159  mixup=29/100  3.1 sps  ETA 6.7h
              R²_rand=0.9902  R²_naive=0.9914  U_t=0.1446  U_b=0.1508  AUC=1.0000  Top1=1.0000
  timing: data=17.5ms  fwd=91.1ms  bwd=9.9ms  total=119.0ms
[  75700] loss=2.0236  ema_loss=2.0238  gap=1.1166  ema_gap=1.1174  mixup=40/100  3.1 sps  ETA 6.7h
              R²_rand=0.9900  R²_naive=0.9912  U_t=0.1447  U_b=0.1504  AUC=1.0000  Top1=1.0000
  timing: data=5.2ms  fwd=92.8ms  bwd=9.6ms  total=108.2ms
[  75800] loss=2.0261  ema_loss=2.0239  gap=1.1171  ema_gap=1.1177  mixup=19/100  3.1 sps  ETA 6.6h
              R²_rand=0.9902  R²_naive=0.9913  U_t=0.1443  U_b=0.1499  AUC=1.0000  Top1=1.0000
  timing: data=15.3ms  fwd=93.5ms  bwd=9.6ms  total=119.0ms
[  75900] loss=2.0231  ema_loss=2.0239  gap=1.1208  ema_gap=1.1177  mixup=43/100  3.1 sps  ETA 6.6h
              R²_rand=0.9902  R²_naive=0.9914  U_t=0.1443  U_b=0.1503  AUC=1.0000  Top1=1.0000
  timing: data=17.4ms  fwd=92.3ms  bwd=9.9ms  total=120.1ms
[  76000] loss=2.0216  ema_loss=2.0237  gap=1.1193  ema_gap=1.1167  mixup=34/100  3.1 sps  ETA 6.6h
              R²_rand=0.9903  R²_naive=0.9914  U_t=0.1439  U_b=0.1504  AUC=1.0000  Top1=1.0000
  timing: data=4.4ms  fwd=93.3ms  bwd=9.7ms  total=108.0ms
[  76100] loss=2.0206  ema_loss=2.0239  gap=1.1168  ema_gap=1.1167  mixup=30/100  3.1 sps  ETA 6.6h
              R²_rand=0.9902  R²_naive=0.9913  U_t=0.1442  U_b=0.1505  AUC=1.0000  Top1=1.0000
  timing: data=15.9ms  fwd=92.9ms  bwd=9.1ms  total=118.3ms
[  76200] loss=2.0206  ema_loss=2.0236  gap=1.1151  ema_gap=1.1177  mixup=41/100  3.1 sps  ETA 6.6h
              R²_rand=0.9902  R²_naive=0.9913  U_t=0.1450  U_b=0.1506  AUC=1.0000  Top1=1.0000
  timing: data=17.0ms  fwd=91.8ms  bwd=8.7ms  total=118.0ms
[  76300] loss=2.0218  ema_loss=2.0239  gap=1.1171  ema_gap=1.1167  mixup=28/100  3.1 sps  ETA 6.6h
              R²_rand=0.9900  R²_naive=0.9913  U_t=0.1438  U_b=0.1506  AUC=1.0000  Top1=1.0000
  timing: data=3.2ms  fwd=95.3ms  bwd=8.7ms  total=107.7ms
[  76400] loss=2.0292  ema_loss=2.0240  gap=1.1242  ema_gap=1.1170  mixup=30/100  3.1 sps  ETA 6.6h
              R²_rand=0.9901  R²_naive=0.9913  U_t=0.1439  U_b=0.1505  AUC=1.0000  Top1=1.0000
  timing: data=16.7ms  fwd=91.2ms  bwd=8.9ms  total=117.2ms
[  76500] loss=2.0225  ema_loss=2.0237  gap=1.1206  ema_gap=1.1179  mixup=26/100  3.1 sps  ETA 6.6h
              R²_rand=0.9901  R²_naive=0.9913  U_t=0.1450  U_b=0.1507  AUC=1.0000  Top1=1.0000
  timing: data=3.9ms  fwd=93.2ms  bwd=8.8ms  total=106.3ms
[  76600] loss=2.0250  ema_loss=2.0236  gap=1.1200  ema_gap=1.1177  mixup=38/100  3.1 sps  ETA 6.6h
              R²_rand=0.9902  R²_naive=0.9913  U_t=0.1446  U_b=0.1504  AUC=1.0000  Top1=1.0000
  timing: data=17.1ms  fwd=94.1ms  bwd=9.4ms  total=121.2ms
[  76700] loss=2.0242  ema_loss=2.0237  gap=1.1177  ema_gap=1.1167  mixup=27/100  3.1 sps  ETA 6.6h
              R²_rand=0.9902  R²_naive=0.9914  U_t=0.1449  U_b=0.1506  AUC=1.0000  Top1=1.0000
  timing: data=18.3ms  fwd=92.5ms  bwd=9.2ms  total=120.6ms
[  76800] loss=2.0238  ema_loss=2.0236  gap=1.1096  ema_gap=1.1165  mixup=25/100  3.1 sps  ETA 6.6h
              R²_rand=0.9902  R²_naive=0.9913  U_t=0.1453  U_b=0.1504  AUC=1.0000  Top1=1.0000
  timing: data=4.2ms  fwd=94.5ms  bwd=9.1ms  total=108.4ms
[  76900] loss=2.0255  ema_loss=2.0237  gap=1.1166  ema_gap=1.1170  mixup=27/100  3.1 sps  ETA 6.5h
              R²_rand=0.9900  R²_naive=0.9912  U_t=0.1450  U_b=0.1501  AUC=1.0000  Top1=1.0000
  timing: data=15.2ms  fwd=92.4ms  bwd=9.3ms  total=117.5ms
[  77000] loss=2.0249  ema_loss=2.0234  gap=1.1142  ema_gap=1.1167  mixup=26/100  3.1 sps  ETA 6.5h
              R²_rand=0.9904  R²_naive=0.9914  U_t=0.1446  U_b=0.1501  AUC=1.0000  Top1=1.0000
  timing: data=16.3ms  fwd=92.4ms  bwd=9.5ms  total=118.7ms
[  77100] loss=2.0277  ema_loss=2.0235  gap=1.1158  ema_gap=1.1163  mixup=35/100  3.1 sps  ETA 6.5h
              R²_rand=0.9902  R²_naive=0.9913  U_t=0.1453  U_b=0.1504  AUC=1.0000  Top1=1.0000
  timing: data=4.5ms  fwd=93.7ms  bwd=9.6ms  total=108.4ms
[  77200] loss=2.0244  ema_loss=2.0235  gap=1.1130  ema_gap=1.1153  mixup=28/100  3.1 sps  ETA 6.5h
              R²_rand=0.9902  R²_naive=0.9914  U_t=0.1448  U_b=0.1502  AUC=1.0000  Top1=1.0000
  timing: data=15.1ms  fwd=93.7ms  bwd=9.8ms  total=119.1ms
[  77300] loss=2.0236  ema_loss=2.0238  gap=1.1176  ema_gap=1.1154  mixup=27/100  3.1 sps  ETA 6.5h
              R²_rand=0.9901  R²_naive=0.9913  U_t=0.1449  U_b=0.1510  AUC=1.0000  Top1=1.0000
  timing: data=16.1ms  fwd=92.3ms  bwd=10.1ms  total=119.1ms
[  77400] loss=2.0260  ema_loss=2.0234  gap=1.1129  ema_gap=1.1156  mixup=34/100  3.1 sps  ETA 6.5h
              R²_rand=0.9902  R²_naive=0.9913  U_t=0.1458  U_b=0.1505  AUC=1.0000  Top1=1.0000
  timing: data=3.4ms  fwd=94.3ms  bwd=10.1ms  total=108.3ms
[  77500] loss=2.0166  ema_loss=2.0215  gap=1.1080  ema_gap=1.1152  mixup=32/100  3.1 sps  ETA 6.5h
              R²_rand=0.9899  R²_naive=0.9910  U_t=0.1481  U_b=0.1529  AUC=1.0000  Top1=1.0000
  timing: data=16.8ms  fwd=91.4ms  bwd=9.0ms  total=117.6ms
  -> Saved /home/jupyter/contrastive-forecasting/checkpoints/enc_fcst_dk09_fp32_150k_best_loss.pth
[  77600] loss=2.0131  ema_loss=2.0150  gap=1.1162  ema_gap=1.1141  mixup=30/100  3.1 sps  ETA 6.5h
              R²_rand=0.9902  R²_naive=0.9913  U_t=0.1480  U_b=0.1530  AUC=1.0000  Top1=1.0000
  timing: data=16.4ms  fwd=91.3ms  bwd=8.6ms  total=116.7ms
  -> Saved /home/jupyter/contrastive-forecasting/checkpoints/enc_fcst_dk09_fp32_150k_best_loss.pth
[  77700] loss=2.0085  ema_loss=2.0126  gap=1.1172  ema_gap=1.1140  mixup=32/100  3.1 sps  ETA 6.5h
              R²_rand=0.9902  R²_naive=0.9913  U_t=0.1463  U_b=0.1534  AUC=1.0000  Top1=1.0000
  timing: data=4.6ms  fwd=93.1ms  bwd=9.5ms  total=107.6ms
  -> Saved /home/jupyter/contrastive-forecasting/checkpoints/enc_fcst_dk09_fp32_150k_best_loss.pth
[  77800] loss=2.0136  ema_loss=2.0115  gap=1.1198  ema_gap=1.1145  mixup=28/100  3.1 sps  ETA 6.5h
              R²_rand=0.9902  R²_naive=0.9914  U_t=0.1459  U_b=0.1526  AUC=1.0000  Top1=1.0000
  timing: data=15.5ms  fwd=92.3ms  bwd=9.9ms  total=118.1ms
  -> Saved /home/jupyter/contrastive-forecasting/checkpoints/enc_fcst_dk09_fp32_150k_best_loss.pth
[  77900] loss=2.0138  ema_loss=2.0110  gap=1.1151  ema_gap=1.1144  mixup=33/100  3.1 sps  ETA 6.5h
              R²_rand=0.9903  R²_naive=0.9913  U_t=0.1475  U_b=0.1527  AUC=1.0000  Top1=1.0000
  timing: data=4.4ms  fwd=93.2ms  bwd=9.4ms  total=107.4ms
  -> Saved /home/jupyter/contrastive-forecasting/checkpoints/enc_fcst_dk09_fp32_150k_best_loss.pth
[  78000] loss=2.0126  ema_loss=2.0109  gap=1.1127  ema_gap=1.1148  mixup=28/100  3.1 sps  ETA 6.4h
              R²_rand=0.9902  R²_naive=0.9913  U_t=0.1470  U_b=0.1528  AUC=1.0000  Top1=1.0000
  timing: data=15.0ms  fwd=92.3ms  bwd=8.7ms  total=116.4ms
  -> Saved /home/jupyter/contrastive-forecasting/checkpoints/enc_fcst_dk09_fp32_150k_best_loss.pth
[  78100] loss=2.0096  ema_loss=2.0108  gap=1.1246  ema_gap=1.1160  mixup=29/100  3.1 sps  ETA 6.4h
              R²_rand=0.9901  R²_naive=0.9913  U_t=0.1477  U_b=0.1527  AUC=1.0000  Top1=1.0000
  timing: data=15.8ms  fwd=92.0ms  bwd=9.4ms  total=117.7ms
  -> Saved /home/jupyter/contrastive-forecasting/checkpoints/enc_fcst_dk09_fp32_150k_best_loss.pth
[  78200] loss=2.0122  ema_loss=2.0110  gap=1.1104  ema_gap=1.1159  mixup=30/100  3.1 sps  ETA 6.4h
              R²_rand=0.9901  R²_naive=0.9913  U_t=0.1470  U_b=0.1531  AUC=1.0000  Top1=1.0000
  timing: data=3.7ms  fwd=93.9ms  bwd=9.1ms  total=107.3ms
[  78300] loss=2.0118  ema_loss=2.0104  gap=1.1173  ema_gap=1.1167  mixup=31/100  3.1 sps  ETA 6.4h
              R²_rand=0.9903  R²_naive=0.9915  U_t=0.1477  U_b=0.1526  AUC=1.0000  Top1=1.0000
  timing: data=16.1ms  fwd=92.9ms  bwd=10.2ms  total=119.8ms
  -> Saved /home/jupyter/contrastive-forecasting/checkpoints/enc_fcst_dk09_fp32_150k_best_loss.pth
[  78400] loss=2.0119  ema_loss=2.0107  gap=1.1162  ema_gap=1.1166  mixup=35/100  3.1 sps  ETA 6.4h
              R²_rand=0.9902  R²_naive=0.9914  U_t=0.1482  U_b=0.1534  AUC=1.0000  Top1=1.0000
  timing: data=19.0ms  fwd=92.9ms  bwd=9.7ms  total=122.1ms
[  78500] loss=2.0125  ema_loss=2.0107  gap=1.1198  ema_gap=1.1161  mixup=32/100  3.1 sps  ETA 6.4h
              R²_rand=0.9901  R²_naive=0.9913  U_t=0.1474  U_b=0.1531  AUC=1.0000  Top1=1.0000
  timing: data=3.7ms  fwd=94.0ms  bwd=9.9ms  total=108.1ms
[  78600] loss=2.0106  ema_loss=2.0106  gap=1.1154  ema_gap=1.1157  mixup=30/100  3.1 sps  ETA 6.4h
              R²_rand=0.9901  R²_naive=0.9913  U_t=0.1475  U_b=0.1529  AUC=1.0000  Top1=1.0000
  timing: data=20.0ms  fwd=90.9ms  bwd=9.4ms  total=120.8ms
[  78700] loss=2.0089  ema_loss=2.0108  gap=1.1119  ema_gap=1.1163  mixup=30/100  3.1 sps  ETA 6.4h
              R²_rand=0.9902  R²_naive=0.9914  U_t=0.1464  U_b=0.1531  AUC=1.0000  Top1=1.0000
  timing: data=17.6ms  fwd=91.2ms  bwd=9.5ms  total=118.8ms
[  78800] loss=2.0092  ema_loss=2.0107  gap=1.1101  ema_gap=1.1161  mixup=25/100  3.1 sps  ETA 6.4h
              R²_rand=0.9901  R²_naive=0.9912  U_t=0.1472  U_b=0.1534  AUC=1.0000  Top1=1.0000
  timing: data=4.7ms  fwd=93.3ms  bwd=9.5ms  total=108.0ms
[  78900] loss=2.0081  ema_loss=2.0109  gap=1.1159  ema_gap=1.1159  mixup=31/100  3.1 sps  ETA 6.4h
              R²_rand=0.9904  R²_naive=0.9915  U_t=0.1460  U_b=0.1532  AUC=1.0000  Top1=1.0000
  timing: data=17.4ms  fwd=92.1ms  bwd=10.1ms  total=120.1ms
[  79000] loss=2.0100  ema_loss=2.0103  gap=1.1178  ema_gap=1.1152  mixup=33/100  3.1 sps  ETA 6.4h
              R²_rand=0.9902  R²_naive=0.9913  U_t=0.1472  U_b=0.1534  AUC=1.0000  Top1=1.0000
  timing: data=16.2ms  fwd=91.8ms  bwd=10.0ms  total=118.5ms
  -> Saved /home/jupyter/contrastive-forecasting/checkpoints/enc_fcst_dk09_fp32_150k_best_loss.pth
[  79100] loss=2.0103  ema_loss=2.0105  gap=1.1090  ema_gap=1.1160  mixup=36/100  3.1 sps  ETA 6.3h
              R²_rand=0.9901  R²_naive=0.9912  U_t=0.1471  U_b=0.1529  AUC=1.0000  Top1=1.0000
  timing: data=4.1ms  fwd=93.5ms  bwd=8.9ms  total=107.0ms
[  79200] loss=2.0081  ema_loss=2.0103  gap=1.1142  ema_gap=1.1177  mixup=39/100  3.1 sps  ETA 6.3h
              R²_rand=0.9902  R²_naive=0.9913  U_t=0.1473  U_b=0.1532  AUC=1.0000  Top1=1.0000
  timing: data=15.9ms  fwd=91.9ms  bwd=8.7ms  total=117.0ms
  -> Saved /home/jupyter/contrastive-forecasting/checkpoints/enc_fcst_dk09_fp32_150k_best_loss.pth
[  79300] loss=2.0065  ema_loss=2.0104  gap=1.1119  ema_gap=1.1173  mixup=23/100  3.1 sps  ETA 6.3h
              R²_rand=0.9902  R²_naive=0.9914  U_t=0.1481  U_b=0.1532  AUC=1.0000  Top1=1.0000
  timing: data=3.2ms  fwd=95.3ms  bwd=8.8ms  total=107.8ms
[  79400] loss=2.0067  ema_loss=2.0103  gap=1.1119  ema_gap=1.1163  mixup=35/100  3.1 sps  ETA 6.3h
              R²_rand=0.9903  R²_naive=0.9914  U_t=0.1474  U_b=0.1532  AUC=1.0000  Top1=1.0000
  timing: data=15.4ms  fwd=92.7ms  bwd=8.8ms  total=117.4ms
[  79500] loss=2.0163  ema_loss=2.0106  gap=1.1102  ema_gap=1.1165  mixup=32/100  3.1 sps  ETA 6.3h
              R²_rand=0.9902  R²_naive=0.9913  U_t=0.1475  U_b=0.1526  AUC=1.0000  Top1=1.0000
  timing: data=15.9ms  fwd=92.9ms  bwd=9.2ms  total=118.5ms
[  79600] loss=2.0170  ema_loss=2.0106  gap=1.1222  ema_gap=1.1172  mixup=26/100  3.1 sps  ETA 6.3h
              R²_rand=0.9902  R²_naive=0.9913  U_t=0.1472  U_b=0.1525  AUC=1.0000  Top1=1.0000
  timing: data=3.5ms  fwd=95.8ms  bwd=9.2ms  total=109.0ms
[  79700] loss=2.0085  ema_loss=2.0103  gap=1.1247  ema_gap=1.1179  mixup=32/100  3.1 sps  ETA 6.3h
              R²_rand=0.9903  R²_naive=0.9915  U_t=0.1466  U_b=0.1532  AUC=1.0000  Top1=1.0000
  timing: data=17.3ms  fwd=90.1ms  bwd=9.4ms  total=117.3ms
[  79800] loss=2.0108  ema_loss=2.0105  gap=1.1181  ema_gap=1.1176  mixup=34/100  3.1 sps  ETA 6.3h
              R²_rand=0.9901  R²_naive=0.9913  U_t=0.1473  U_b=0.1531  AUC=1.0000  Top1=1.0000
  timing: data=17.8ms  fwd=92.0ms  bwd=9.9ms  total=120.3ms
[  79900] loss=2.0124  ema_loss=2.0107  gap=1.1199  ema_gap=1.1170  mixup=31/100  3.1 sps  ETA 6.3h
              R²_rand=0.9902  R²_naive=0.9913  U_t=0.1473  U_b=0.1531  AUC=1.0000  Top1=1.0000
  timing: data=4.8ms  fwd=91.9ms  bwd=8.9ms  total=106.2ms
[  80000] loss=2.0065  ema_loss=2.0106  gap=1.1183  ema_gap=1.1157  mixup=23/100  3.1 sps  ETA 6.3h
              R²_rand=0.9903  R²_naive=0.9915  U_t=0.1476  U_b=0.1525  AUC=1.0000  Top1=1.0000
  timing: data=15.6ms  fwd=92.1ms  bwd=9.1ms  total=117.2ms
  -> Saved /home/jupyter/contrastive-forecasting/checkpoints/enc_fcst_dk09_fp32_150k_80k.pth
[  80100] loss=2.0121  ema_loss=2.0106  gap=1.1175  ema_gap=1.1164  mixup=34/100  3.1 sps  ETA 6.3h
              R²_rand=0.9901  R²_naive=0.9913  U_t=0.1472  U_b=0.1526  AUC=1.0000  Top1=1.0000
  timing: data=17.1ms  fwd=91.0ms  bwd=9.0ms  total=117.7ms
[  80200] loss=2.0101  ema_loss=2.0100  gap=1.1187  ema_gap=1.1158  mixup=23/100  3.1 sps  ETA 6.2h
              R²_rand=0.9902  R²_naive=0.9914  U_t=0.1478  U_b=0.1529  AUC=1.0000  Top1=1.0000
  timing: data=3.7ms  fwd=94.0ms  bwd=9.0ms  total=107.3ms
  -> Saved /home/jupyter/contrastive-forecasting/checkpoints/enc_fcst_dk09_fp32_150k_best_loss.pth
[  80300] loss=2.0084  ema_loss=2.0102  gap=1.1145  ema_gap=1.1150  mixup=26/100  3.1 sps  ETA 6.2h
              R²_rand=0.9902  R²_naive=0.9913  U_t=0.1480  U_b=0.1532  AUC=1.0000  Top1=1.0000
  timing: data=16.2ms  fwd=92.7ms  bwd=9.3ms  total=118.8ms
[  80400] loss=2.0090  ema_loss=2.0102  gap=1.1146  ema_gap=1.1162  mixup=21/100  3.1 sps  ETA 6.2h
              R²_rand=0.9902  R²_naive=0.9914  U_t=0.1472  U_b=0.1530  AUC=1.0000  Top1=1.0000
  timing: data=3.3ms  fwd=94.1ms  bwd=9.0ms  total=106.9ms
[  80500] loss=2.0110  ema_loss=2.0107  gap=1.1183  ema_gap=1.1158  mixup=26/100  3.1 sps  ETA 6.2h
              R²_rand=0.9902  R²_naive=0.9914  U_t=0.1474  U_b=0.1527  AUC=1.0000  Top1=1.0000
  timing: data=15.6ms  fwd=93.0ms  bwd=8.9ms  total=118.1ms
[  80600] loss=2.0148  ema_loss=2.0101  gap=1.1182  ema_gap=1.1162  mixup=37/100  3.1 sps  ETA 6.2h
              R²_rand=0.9901  R²_naive=0.9912  U_t=0.1467  U_b=0.1529  AUC=1.0000  Top1=1.0000
  timing: data=15.8ms  fwd=92.7ms  bwd=9.4ms  total=118.4ms
[  80700] loss=2.0128  ema_loss=2.0102  gap=1.1185  ema_gap=1.1158  mixup=35/100  3.1 sps  ETA 6.2h
              R²_rand=0.9903  R²_naive=0.9914  U_t=0.1473  U_b=0.1533  AUC=1.0000  Top1=1.0000
  timing: data=3.6ms  fwd=93.3ms  bwd=9.1ms  total=106.5ms
[  80800] loss=2.0048  ema_loss=2.0101  gap=1.1121  ema_gap=1.1158  mixup=26/100  3.1 sps  ETA 6.2h
              R²_rand=0.9903  R²_naive=0.9914  U_t=0.1476  U_b=0.1533  AUC=1.0000  Top1=1.0000
  timing: data=17.4ms  fwd=92.3ms  bwd=8.8ms  total=119.0ms
[  80900] loss=2.0125  ema_loss=2.0103  gap=1.1171  ema_gap=1.1151  mixup=33/100  3.1 sps  ETA 6.2h
              R²_rand=0.9901  R²_naive=0.9913  U_t=0.1468  U_b=0.1528  AUC=1.0000  Top1=1.0000
  timing: data=54.3ms  fwd=92.3ms  bwd=9.0ms  total=156.2ms
[  81000] loss=2.0105  ema_loss=2.0105  gap=1.1166  ema_gap=1.1153  mixup=32/100  3.1 sps  ETA 6.2h
              R²_rand=0.9902  R²_naive=0.9914  U_t=0.1470  U_b=0.1532  AUC=1.0000  Top1=1.0000
  timing: data=4.4ms  fwd=93.1ms  bwd=8.7ms  total=106.5ms
[  81100] loss=2.0090  ema_loss=2.0106  gap=1.1137  ema_gap=1.1145  mixup=33/100  3.1 sps  ETA 6.2h
              R²_rand=0.9902  R²_naive=0.9913  U_t=0.1466  U_b=0.1532  AUC=1.0000  Top1=1.0000
  timing: data=38.5ms  fwd=93.1ms  bwd=9.8ms  total=141.9ms
[  81200] loss=2.0111  ema_loss=2.0108  gap=1.1132  ema_gap=1.1144  mixup=27/100  3.1 sps  ETA 6.2h
              R²_rand=0.9901  R²_naive=0.9913  U_t=0.1480  U_b=0.1526  AUC=1.0000  Top1=1.0000
  timing: data=41.7ms  fwd=92.1ms  bwd=9.1ms  total=143.5ms
[  81300] loss=2.0130  ema_loss=2.0106  gap=1.1111  ema_gap=1.1151  mixup=34/100  3.1 sps  ETA 6.1h
              R²_rand=0.9902  R²_naive=0.9913  U_t=0.1470  U_b=0.1533  AUC=1.0000  Top1=1.0000
  timing: data=4.4ms  fwd=95.1ms  bwd=9.3ms  total=109.3ms
[  81400] loss=2.0113  ema_loss=2.0104  gap=1.1237  ema_gap=1.1163  mixup=30/100  3.1 sps  ETA 6.1h
              R²_rand=0.9901  R²_naive=0.9913  U_t=0.1472  U_b=0.1534  AUC=1.0000  Top1=1.0000
  timing: data=41.8ms  fwd=91.4ms  bwd=9.1ms  total=142.7ms
[  81500] loss=2.0105  ema_loss=2.0105  gap=1.1195  ema_gap=1.1158  mixup=29/100  3.1 sps  ETA 6.1h
              R²_rand=0.9902  R²_naive=0.9914  U_t=0.1478  U_b=0.1529  AUC=1.0000  Top1=1.0000
  timing: data=57.3ms  fwd=91.3ms  bwd=9.0ms  total=158.0ms
[  81600] loss=2.0070  ema_loss=2.0102  gap=1.1121  ema_gap=1.1168  mixup=23/100  3.1 sps  ETA 6.1h
              R²_rand=0.9902  R²_naive=0.9913  U_t=0.1478  U_b=0.1532  AUC=1.0000  Top1=1.0000
  timing: data=3.3ms  fwd=95.5ms  bwd=9.7ms  total=109.0ms
[  81700] loss=2.0130  ema_loss=2.0100  gap=1.1208  ema_gap=1.1165  mixup=29/100  3.1 sps  ETA 6.1h
              R²_rand=0.9901  R²_naive=0.9913  U_t=0.1471  U_b=0.1529  AUC=1.0000  Top1=1.0000
  timing: data=45.2ms  fwd=91.8ms  bwd=9.1ms  total=146.7ms
  -> Saved /home/jupyter/contrastive-forecasting/checkpoints/enc_fcst_dk09_fp32_150k_best_loss.pth
[  81800] loss=2.0145  ema_loss=2.0103  gap=1.1196  ema_gap=1.1169  mixup=29/100  3.1 sps  ETA 6.1h
              R²_rand=0.9900  R²_naive=0.9913  U_t=0.1465  U_b=0.1526  AUC=1.0000  Top1=1.0000
  timing: data=4.2ms  fwd=93.5ms  bwd=8.8ms  total=106.9ms
[  81900] loss=2.0088  ema_loss=2.0102  gap=1.1191  ema_gap=1.1179  mixup=36/100  3.1 sps  ETA 6.1h
              R²_rand=0.9902  R²_naive=0.9914  U_t=0.1481  U_b=0.1534  AUC=1.0000  Top1=1.0000
  timing: data=42.7ms  fwd=91.7ms  bwd=9.6ms  total=144.6ms
[  82000] loss=2.0105  ema_loss=2.0104  gap=1.1134  ema_gap=1.1171  mixup=30/100  3.1 sps  ETA 6.1h
              R²_rand=0.9902  R²_naive=0.9913  U_t=0.1479  U_b=0.1532  AUC=1.0000  Top1=1.0000
  timing: data=46.6ms  fwd=92.5ms  bwd=9.1ms  total=148.8ms
[  82100] loss=2.0108  ema_loss=2.0103  gap=1.1192  ema_gap=1.1172  mixup=25/100  3.1 sps  ETA 6.1h
              R²_rand=0.9901  R²_naive=0.9913  U_t=0.1471  U_b=0.1529  AUC=1.0000  Top1=1.0000
  timing: data=3.7ms  fwd=94.9ms  bwd=9.2ms  total=108.2ms
[  82200] loss=2.0124  ema_loss=2.0106  gap=1.1240  ema_gap=1.1176  mixup=33/100  3.1 sps  ETA 6.1h
              R²_rand=0.9901  R²_naive=0.9913  U_t=0.1466  U_b=0.1528  AUC=1.0000  Top1=1.0000
  timing: data=55.6ms  fwd=91.8ms  bwd=8.8ms  total=156.6ms
[  82300] loss=2.0082  ema_loss=2.0103  gap=1.1161  ema_gap=1.1179  mixup=38/100  3.1 sps  ETA 6.1h
              R²_rand=0.9901  R²_naive=0.9913  U_t=0.1476  U_b=0.1532  AUC=1.0000  Top1=1.0000
  timing: data=56.0ms  fwd=91.0ms  bwd=9.5ms  total=157.1ms
[  82400] loss=2.0123  ema_loss=2.0101  gap=1.1235  ema_gap=1.1176  mixup=37/100  3.1 sps  ETA 6.1h
              R²_rand=0.9902  R²_naive=0.9914  U_t=0.1473  U_b=0.1527  AUC=1.0000  Top1=1.0000
  timing: data=4.1ms  fwd=93.6ms  bwd=9.4ms  total=107.7ms
[  82500] loss=2.0084  ema_loss=2.0101  gap=1.1106  ema_gap=1.1164  mixup=27/100  3.1 sps  ETA 6.0h
              R²_rand=0.9903  R²_naive=0.9914  U_t=0.1470  U_b=0.1529  AUC=1.0000  Top1=1.0000
  timing: data=40.0ms  fwd=92.8ms  bwd=9.2ms  total=142.5ms
[  82600] loss=2.0112  ema_loss=2.0101  gap=1.1117  ema_gap=1.1149  mixup=18/100  3.1 sps  ETA 6.0h
              R²_rand=0.9902  R²_naive=0.9913  U_t=0.1482  U_b=0.1528  AUC=1.0000  Top1=1.0000
  timing: data=42.7ms  fwd=93.4ms  bwd=9.0ms  total=145.7ms
[  82700] loss=2.0093  ema_loss=2.0101  gap=1.1226  ema_gap=1.1151  mixup=27/100  3.1 sps  ETA 6.0h
              R²_rand=0.9903  R²_naive=0.9914  U_t=0.1466  U_b=0.1532  AUC=1.0000  Top1=1.0000
  timing: data=4.9ms  fwd=91.7ms  bwd=9.0ms  total=106.1ms
[  82800] loss=2.0096  ema_loss=2.0102  gap=1.1129  ema_gap=1.1152  mixup=23/100  3.1 sps  ETA 6.0h
              R²_rand=0.9902  R²_naive=0.9914  U_t=0.1466  U_b=0.1533  AUC=1.0000  Top1=1.0000
  timing: data=52.3ms  fwd=91.4ms  bwd=9.0ms  total=153.1ms
[  82900] loss=2.0124  ema_loss=2.0102  gap=1.1189  ema_gap=1.1156  mixup=25/100  3.1 sps  ETA 6.0h
              R²_rand=0.9900  R²_naive=0.9913  U_t=0.1474  U_b=0.1532  AUC=1.0000  Top1=1.0000
  timing: data=4.9ms  fwd=92.3ms  bwd=9.8ms  total=107.5ms
[  83000] loss=2.0079  ema_loss=2.0105  gap=1.1170  ema_gap=1.1161  mixup=34/100  3.1 sps  ETA 6.0h
              R²_rand=0.9902  R²_naive=0.9914  U_t=0.1467  U_b=0.1532  AUC=1.0000  Top1=1.0000
  timing: data=41.4ms  fwd=93.0ms  bwd=9.1ms  total=144.0ms
[  83100] loss=2.0139  ema_loss=2.0101  gap=1.1122  ema_gap=1.1164  mixup=35/100  3.1 sps  ETA 6.0h
              R²_rand=0.9903  R²_naive=0.9913  U_t=0.1478  U_b=0.1531  AUC=1.0000  Top1=1.0000
  timing: data=44.7ms  fwd=91.2ms  bwd=8.8ms  total=145.3ms
[  83200] loss=2.0073  ema_loss=2.0100  gap=1.1150  ema_gap=1.1161  mixup=24/100  3.1 sps  ETA 6.0h
              R²_rand=0.9901  R²_naive=0.9913  U_t=0.1473  U_b=0.1530  AUC=1.0000  Top1=1.0000
  timing: data=3.4ms  fwd=94.0ms  bwd=8.8ms  total=106.7ms
  -> Saved /home/jupyter/contrastive-forecasting/checkpoints/enc_fcst_dk09_fp32_150k_best_loss.pth
[  83300] loss=2.0126  ema_loss=2.0102  gap=1.1172  ema_gap=1.1179  mixup=23/100  3.1 sps  ETA 6.0h
              R²_rand=0.9901  R²_naive=0.9913  U_t=0.1478  U_b=0.1529  AUC=1.0000  Top1=1.0000
  timing: data=42.7ms  fwd=93.0ms  bwd=8.9ms  total=145.0ms
[  83400] loss=2.0119  ema_loss=2.0104  gap=1.1170  ema_gap=1.1177  mixup=33/100  3.1 sps  ETA 6.0h
              R²_rand=0.9901  R²_naive=0.9914  U_t=0.1476  U_b=0.1533  AUC=1.0000  Top1=1.0000
  timing: data=53.1ms  fwd=91.2ms  bwd=9.2ms  total=154.0ms
[  83500] loss=2.0128  ema_loss=2.0103  gap=1.1202  ema_gap=1.1165  mixup=33/100  3.1 sps  ETA 6.0h
              R²_rand=0.9902  R²_naive=0.9914  U_t=0.1472  U_b=0.1528  AUC=1.0000  Top1=1.0000
  timing: data=5.1ms  fwd=93.0ms  bwd=9.5ms  total=108.1ms
[  83600] loss=2.0146  ema_loss=2.0103  gap=1.1210  ema_gap=1.1166  mixup=24/100  3.1 sps  ETA 5.9h
              R²_rand=0.9902  R²_naive=0.9914  U_t=0.1461  U_b=0.1528  AUC=1.0000  Top1=1.0000
  timing: data=47.1ms  fwd=91.9ms  bwd=9.0ms  total=148.5ms
[  83700] loss=2.0098  ema_loss=2.0105  gap=1.1161  ema_gap=1.1159  mixup=29/100  3.1 sps  ETA 5.9h
              R²_rand=0.9903  R²_naive=0.9914  U_t=0.1469  U_b=0.1529  AUC=1.0000  Top1=1.0000
  timing: data=52.5ms  fwd=92.1ms  bwd=9.4ms  total=154.5ms
[  83800] loss=2.0102  ema_loss=2.0103  gap=1.1178  ema_gap=1.1168  mixup=31/100  3.1 sps  ETA 5.9h
              R²_rand=0.9902  R²_naive=0.9914  U_t=0.1463  U_b=0.1530  AUC=1.0000  Top1=1.0000
  timing: data=3.9ms  fwd=93.7ms  bwd=9.0ms  total=107.1ms
[  83900] loss=2.0099  ema_loss=2.0102  gap=1.1180  ema_gap=1.1166  mixup=41/100  3.1 sps  ETA 5.9h
              R²_rand=0.9902  R²_naive=0.9914  U_t=0.1467  U_b=0.1527  AUC=1.0000  Top1=1.0000
  timing: data=46.4ms  fwd=92.2ms  bwd=9.2ms  total=148.3ms
[  84000] loss=2.0136  ema_loss=2.0104  gap=1.1190  ema_gap=1.1171  mixup=28/100  3.1 sps  ETA 5.9h
              R²_rand=0.9901  R²_naive=0.9913  U_t=0.1472  U_b=0.1530  AUC=1.0000  Top1=1.0000
  timing: data=45.5ms  fwd=92.6ms  bwd=10.5ms  total=149.1ms
[  84100] loss=2.0116  ema_loss=2.0101  gap=1.1177  ema_gap=1.1158  mixup=31/100  3.1 sps  ETA 5.9h
              R²_rand=0.9902  R²_naive=0.9914  U_t=0.1475  U_b=0.1534  AUC=1.0000  Top1=1.0000
  timing: data=3.4ms  fwd=92.9ms  bwd=10.0ms  total=106.8ms
[  84200] loss=2.0070  ema_loss=2.0103  gap=1.1199  ema_gap=1.1152  mixup=37/100  3.1 sps  ETA 5.9h
              R²_rand=0.9902  R²_naive=0.9914  U_t=0.1471  U_b=0.1535  AUC=1.0000  Top1=1.0000
  timing: data=41.8ms  fwd=91.6ms  bwd=8.9ms  total=142.8ms
[  84300] loss=2.0081  ema_loss=2.0103  gap=1.1143  ema_gap=1.1157  mixup=38/100  3.1 sps  ETA 5.9h
              R²_rand=0.9902  R²_naive=0.9913  U_t=0.1477  U_b=0.1531  AUC=1.0000  Top1=1.0000
  timing: data=42.2ms  fwd=90.5ms  bwd=9.1ms  total=142.3ms
[  84400] loss=2.0080  ema_loss=2.0104  gap=1.1189  ema_gap=1.1169  mixup=31/100  3.1 sps  ETA 5.9h
              R²_rand=0.9902  R²_naive=0.9913  U_t=0.1473  U_b=0.1528  AUC=1.0000  Top1=1.0000
  timing: data=4.5ms  fwd=93.4ms  bwd=8.8ms  total=107.0ms
[  84500] loss=2.0107  ema_loss=2.0105  gap=1.1152  ema_gap=1.1165  mixup=33/100  3.1 sps  ETA 5.9h
              R²_rand=0.9902  R²_naive=0.9914  U_t=0.1469  U_b=0.1528  AUC=1.0000  Top1=1.0000
  timing: data=47.6ms  fwd=90.8ms  bwd=8.9ms  total=147.8ms
[  84600] loss=2.0146  ema_loss=2.0104  gap=1.1142  ema_gap=1.1158  mixup=27/100  3.1 sps  ETA 5.9h
              R²_rand=0.9901  R²_naive=0.9913  U_t=0.1482  U_b=0.1526  AUC=1.0000  Top1=1.0000
  timing: data=4.8ms  fwd=92.3ms  bwd=9.9ms  total=107.5ms
[  84700] loss=2.0101  ema_loss=2.0102  gap=1.1107  ema_gap=1.1164  mixup=25/100  3.1 sps  ETA 5.9h
              R²_rand=0.9901  R²_naive=0.9912  U_t=0.1475  U_b=0.1531  AUC=1.0000  Top1=1.0000
  timing: data=42.4ms  fwd=93.2ms  bwd=10.0ms  total=146.0ms
[  84800] loss=2.0109  ema_loss=2.0103  gap=1.1166  ema_gap=1.1167  mixup=26/100  3.1 sps  ETA 5.8h
              R²_rand=0.9902  R²_naive=0.9914  U_t=0.1465  U_b=0.1529  AUC=1.0000  Top1=1.0000
  timing: data=49.7ms  fwd=93.0ms  bwd=8.9ms  total=152.1ms
[  84900] loss=2.0094  ema_loss=2.0102  gap=1.1155  ema_gap=1.1158  mixup=40/100  3.1 sps  ETA 5.8h
              R²_rand=0.9901  R²_naive=0.9913  U_t=0.1484  U_b=0.1529  AUC=1.0000  Top1=1.0000
  timing: data=4.9ms  fwd=94.8ms  bwd=9.1ms  total=109.4ms
[  85000] loss=2.0083  ema_loss=2.0102  gap=1.1104  ema_gap=1.1161  mixup=37/100  3.1 sps  ETA 5.8h
              R²_rand=0.9901  R²_naive=0.9913  U_t=0.1473  U_b=0.1530  AUC=1.0000  Top1=1.0000
  timing: data=47.9ms  fwd=93.2ms  bwd=9.0ms  total=150.6ms
  -> Saved /home/jupyter/contrastive-forecasting/checkpoints/enc_fcst_dk09_fp32_150k_85k.pth
[  85100] loss=2.0040  ema_loss=2.0103  gap=1.1164  ema_gap=1.1157  mixup=24/100  3.1 sps  ETA 5.8h
              R²_rand=0.9903  R²_naive=0.9915  U_t=0.1480  U_b=0.1533  AUC=1.0000  Top1=1.0000
  timing: data=42.2ms  fwd=93.7ms  bwd=8.8ms  total=145.1ms
[  85200] loss=2.0113  ema_loss=2.0102  gap=1.1156  ema_gap=1.1153  mixup=23/100  3.1 sps  ETA 5.8h
              R²_rand=0.9901  R²_naive=0.9913  U_t=0.1471  U_b=0.1528  AUC=1.0000  Top1=1.0000
  timing: data=3.3ms  fwd=95.1ms  bwd=9.1ms  total=108.1ms
[  85300] loss=2.0122  ema_loss=2.0103  gap=1.1117  ema_gap=1.1167  mixup=32/100  3.1 sps  ETA 5.8h
              R²_rand=0.9903  R²_naive=0.9913  U_t=0.1483  U_b=0.1532  AUC=1.0000  Top1=1.0000
  timing: data=42.9ms  fwd=93.1ms  bwd=9.1ms  total=145.6ms
[  85400] loss=2.0161  ema_loss=2.0104  gap=1.1152  ema_gap=1.1168  mixup=37/100  3.1 sps  ETA 5.8h
              R²_rand=0.9903  R²_naive=0.9914  U_t=0.1473  U_b=0.1525  AUC=1.0000  Top1=1.0000
  timing: data=48.0ms  fwd=92.0ms  bwd=9.2ms  total=149.7ms
[  85500] loss=2.0114  ema_loss=2.0108  gap=1.1159  ema_gap=1.1167  mixup=33/100  3.1 sps  ETA 5.8h
              R²_rand=0.9900  R²_naive=0.9913  U_t=0.1473  U_b=0.1529  AUC=1.0000  Top1=1.0000
  timing: data=5.4ms  fwd=92.9ms  bwd=9.1ms  total=107.9ms
[  85600] loss=2.0120  ema_loss=2.0105  gap=1.1213  ema_gap=1.1171  mixup=28/100  3.1 sps  ETA 5.8h
              R²_rand=0.9901  R²_naive=0.9913  U_t=0.1467  U_b=0.1529  AUC=1.0000  Top1=1.0000
  timing: data=40.7ms  fwd=91.7ms  bwd=9.4ms  total=142.3ms
[  85700] loss=2.0065  ema_loss=2.0102  gap=1.1163  ema_gap=1.1162  mixup=41/100  3.1 sps  ETA 5.8h
              R²_rand=0.9902  R²_naive=0.9914  U_t=0.1470  U_b=0.1528  AUC=1.0000  Top1=1.0000
  timing: data=4.6ms  fwd=93.7ms  bwd=9.3ms  total=108.0ms
[  85800] loss=2.0112  ema_loss=2.0100  gap=1.1182  ema_gap=1.1152  mixup=34/100  3.1 sps  ETA 5.8h
              R²_rand=0.9901  R²_naive=0.9913  U_t=0.1476  U_b=0.1527  AUC=1.0000  Top1=1.0000
  timing: data=43.9ms  fwd=91.8ms  bwd=9.3ms  total=145.5ms
[  85900] loss=2.0077  ema_loss=2.0097  gap=1.1075  ema_gap=1.1154  mixup=21/100  3.1 sps  ETA 5.7h
              R²_rand=0.9902  R²_naive=0.9913  U_t=0.1474  U_b=0.1534  AUC=1.0000  Top1=1.0000
  timing: data=40.8ms  fwd=93.3ms  bwd=9.1ms  total=143.7ms
  -> Saved /home/jupyter/contrastive-forecasting/checkpoints/enc_fcst_dk09_fp32_150k_best_loss.pth
[  86000] loss=2.0121  ema_loss=2.0102  gap=1.1162  ema_gap=1.1145  mixup=28/100  3.1 sps  ETA 5.7h
              R²_rand=0.9902  R²_naive=0.9913  U_t=0.1475  U_b=0.1533  AUC=1.0000  Top1=1.0000
  timing: data=3.8ms  fwd=95.3ms  bwd=9.4ms  total=109.0ms
[  86100] loss=2.0115  ema_loss=2.0103  gap=1.1106  ema_gap=1.1143  mixup=35/100  3.1 sps  ETA 5.7h
              R²_rand=0.9901  R²_naive=0.9912  U_t=0.1478  U_b=0.1526  AUC=1.0000  Top1=1.0000
  timing: data=48.4ms  fwd=92.9ms  bwd=9.1ms  total=150.8ms
[  86200] loss=2.0102  ema_loss=2.0097  gap=1.1122  ema_gap=1.1143  mixup=32/100  3.1 sps  ETA 5.7h
              R²_rand=0.9903  R²_naive=0.9914  U_t=0.1479  U_b=0.1529  AUC=1.0000  Top1=1.0000
  timing: data=43.6ms  fwd=93.0ms  bwd=9.2ms  total=146.3ms
[  86300] loss=2.0081  ema_loss=2.0096  gap=1.1134  ema_gap=1.1149  mixup=28/100  3.1 sps  ETA 5.7h
              R²_rand=0.9902  R²_naive=0.9913  U_t=0.1470  U_b=0.1533  AUC=1.0000  Top1=1.0000
  timing: data=4.5ms  fwd=93.1ms  bwd=9.2ms  total=107.3ms
  -> Saved /home/jupyter/contrastive-forecasting/checkpoints/enc_fcst_dk09_fp32_150k_best_loss.pth
[  86400] loss=2.0117  ema_loss=2.0102  gap=1.1153  ema_gap=1.1157  mixup=28/100  3.1 sps  ETA 5.7h
              R²_rand=0.9903  R²_naive=0.9914  U_t=0.1470  U_b=0.1528  AUC=1.0000  Top1=1.0000
  timing: data=42.1ms  fwd=91.2ms  bwd=8.8ms  total=142.6ms
[  86500] loss=2.0092  ema_loss=2.0099  gap=1.1143  ema_gap=1.1161  mixup=24/100  3.1 sps  ETA 5.7h
              R²_rand=0.9901  R²_naive=0.9913  U_t=0.1473  U_b=0.1531  AUC=1.0000  Top1=1.0000
  timing: data=44.3ms  fwd=91.4ms  bwd=8.8ms  total=144.9ms
[  86600] loss=2.0099  ema_loss=2.0099  gap=1.1171  ema_gap=1.1154  mixup=33/100  3.1 sps  ETA 5.7h
              R²_rand=0.9901  R²_naive=0.9913  U_t=0.1472  U_b=0.1533  AUC=1.0000  Top1=1.0000
  timing: data=4.5ms  fwd=94.3ms  bwd=9.4ms  total=108.7ms
[  86700] loss=2.0133  ema_loss=2.0101  gap=1.1149  ema_gap=1.1155  mixup=31/100  3.1 sps  ETA 5.7h
              R²_rand=0.9902  R²_naive=0.9913  U_t=0.1476  U_b=0.1533  AUC=1.0000  Top1=1.0000
  timing: data=46.6ms  fwd=91.9ms  bwd=9.0ms  total=147.9ms
[  86800] loss=2.0077  ema_loss=2.0096  gap=1.1166  ema_gap=1.1150  mixup=26/100  3.1 sps  ETA 5.7h
              R²_rand=0.9902  R²_naive=0.9913  U_t=0.1466  U_b=0.1533  AUC=1.0000  Top1=1.0000
  timing: data=43.1ms  fwd=92.8ms  bwd=8.8ms  total=145.2ms
[  86900] loss=2.0085  ema_loss=2.0100  gap=1.1170  ema_gap=1.1167  mixup=25/100  3.1 sps  ETA 5.7h
              R²_rand=0.9902  R²_naive=0.9914  U_t=0.1476  U_b=0.1529  AUC=1.0000  Top1=1.0000
  timing: data=3.5ms  fwd=94.3ms  bwd=8.8ms  total=107.0ms
[  87000] loss=2.0095  ema_loss=2.0100  gap=1.1176  ema_gap=1.1161  mixup=34/100  3.1 sps  ETA 5.6h
              R²_rand=0.9903  R²_naive=0.9914  U_t=0.1480  U_b=0.1530  AUC=1.0000  Top1=1.0000
  timing: data=43.1ms  fwd=92.0ms  bwd=9.0ms  total=144.5ms
[  87100] loss=2.0117  ema_loss=2.0102  gap=1.1133  ema_gap=1.1159  mixup=24/100  3.1 sps  ETA 5.6h
              R²_rand=0.9902  R²_naive=0.9913  U_t=0.1473  U_b=0.1533  AUC=1.0000  Top1=1.0000
  timing: data=3.3ms  fwd=94.2ms  bwd=8.7ms  total=106.6ms
[  87200] loss=2.0120  ema_loss=2.0100  gap=1.1231  ema_gap=1.1158  mixup=25/100  3.1 sps  ETA 5.6h
              R²_rand=0.9901  R²_naive=0.9913  U_t=0.1471  U_b=0.1529  AUC=1.0000  Top1=1.0000
  timing: data=37.5ms  fwd=92.7ms  bwd=9.4ms  total=140.0ms
[  87300] loss=2.0110  ema_loss=2.0106  gap=1.1216  ema_gap=1.1159  mixup=27/100  3.1 sps  ETA 5.6h
              R²_rand=0.9901  R²_naive=0.9913  U_t=0.1471  U_b=0.1532  AUC=1.0000  Top1=1.0000
  timing: data=40.8ms  fwd=92.4ms  bwd=8.7ms  total=142.3ms
[  87400] loss=2.0123  ema_loss=2.0104  gap=1.1149  ema_gap=1.1170  mixup=41/100  3.1 sps  ETA 5.6h
              R²_rand=0.9901  R²_naive=0.9913  U_t=0.1475  U_b=0.1528  AUC=1.0000  Top1=1.0000
  timing: data=3.9ms  fwd=93.6ms  bwd=9.0ms  total=107.0ms
[  87500] loss=2.0118  ema_loss=2.0103  gap=1.1206  ema_gap=1.1158  mixup=29/100  3.1 sps  ETA 5.6h
              R²_rand=0.9902  R²_naive=0.9913  U_t=0.1480  U_b=0.1531  AUC=1.0000  Top1=1.0000
  timing: data=46.9ms  fwd=90.6ms  bwd=9.1ms  total=147.2ms
[  87600] loss=2.0070  ema_loss=2.0102  gap=1.1194  ema_gap=1.1164  mixup=35/100  3.1 sps  ETA 5.6h
              R²_rand=0.9902  R²_naive=0.9914  U_t=0.1468  U_b=0.1534  AUC=1.0000  Top1=1.0000
  timing: data=48.0ms  fwd=90.6ms  bwd=9.0ms  total=148.1ms
[  87700] loss=2.0132  ema_loss=2.0103  gap=1.1208  ema_gap=1.1158  mixup=26/100  3.1 sps  ETA 5.6h
              R²_rand=0.9902  R²_naive=0.9913  U_t=0.1471  U_b=0.1527  AUC=1.0000  Top1=1.0000
  timing: data=4.4ms  fwd=93.3ms  bwd=8.8ms  total=107.0ms
[  87800] loss=2.0076  ema_loss=2.0103  gap=1.1161  ema_gap=1.1156  mixup=41/100  3.1 sps  ETA 5.6h
              R²_rand=0.9902  R²_naive=0.9914  U_t=0.1477  U_b=0.1530  AUC=1.0000  Top1=1.0000
  timing: data=49.0ms  fwd=91.7ms  bwd=9.1ms  total=150.2ms
[  87900] loss=2.0093  ema_loss=2.0102  gap=1.1226  ema_gap=1.1161  mixup=35/100  3.1 sps  ETA 5.6h
              R²_rand=0.9900  R²_naive=0.9914  U_t=0.1472  U_b=0.1527  AUC=1.0000  Top1=1.0000
  timing: data=47.3ms  fwd=92.8ms  bwd=10.2ms  total=150.8ms
[  88000] loss=2.0133  ema_loss=2.0100  gap=1.1115  ema_gap=1.1148  mixup=25/100  3.1 sps  ETA 5.6h
              R²_rand=0.9901  R²_naive=0.9913  U_t=0.1477  U_b=0.1531  AUC=1.0000  Top1=1.0000
  timing: data=3.7ms  fwd=94.1ms  bwd=9.0ms  total=107.4ms
[  88100] loss=2.0122  ema_loss=2.0100  gap=1.1194  ema_gap=1.1161  mixup=42/100  3.1 sps  ETA 5.6h
              R²_rand=0.9901  R²_naive=0.9914  U_t=0.1469  U_b=0.1530  AUC=1.0000  Top1=1.0000
  timing: data=43.7ms  fwd=91.3ms  bwd=9.3ms  total=144.8ms
[  88200] loss=2.0105  ema_loss=2.0100  gap=1.1150  ema_gap=1.1167  mixup=29/100  3.1 sps  ETA 5.5h
              R²_rand=0.9901  R²_naive=0.9912  U_t=0.1474  U_b=0.1532  AUC=1.0000  Top1=1.0000
  timing: data=3.6ms  fwd=92.4ms  bwd=8.7ms  total=105.2ms
[  88300] loss=2.0138  ema_loss=2.0100  gap=1.1168  ema_gap=1.1173  mixup=28/100  3.1 sps  ETA 5.5h
              R²_rand=0.9902  R²_naive=0.9914  U_t=0.1463  U_b=0.1530  AUC=1.0000  Top1=1.0000
  timing: data=42.2ms  fwd=93.7ms  bwd=9.6ms  total=146.0ms
[  88400] loss=2.0085  ema_loss=2.0102  gap=1.1182  ema_gap=1.1168  mixup=35/100  3.1 sps  ETA 5.5h
              R²_rand=0.9902  R²_naive=0.9914  U_t=0.1476  U_b=0.1533  AUC=1.0000  Top1=1.0000
  timing: data=46.8ms  fwd=92.0ms  bwd=10.4ms  total=149.6ms
[  88500] loss=2.0101  ema_loss=2.0105  gap=1.1181  ema_gap=1.1168  mixup=29/100  3.1 sps  ETA 5.5h
              R²_rand=0.9902  R²_naive=0.9914  U_t=0.1478  U_b=0.1528  AUC=1.0000  Top1=1.0000
  timing: data=3.2ms  fwd=93.4ms  bwd=9.2ms  total=106.1ms
[  88600] loss=2.0086  ema_loss=2.0102  gap=1.1125  ema_gap=1.1162  mixup=30/100  3.1 sps  ETA 5.5h
              R²_rand=0.9902  R²_naive=0.9913  U_t=0.1474  U_b=0.1533  AUC=1.0000  Top1=1.0000
  timing: data=45.3ms  fwd=90.8ms  bwd=8.9ms  total=145.4ms
[  88700] loss=2.0098  ema_loss=2.0104  gap=1.1187  ema_gap=1.1163  mixup=28/100  3.1 sps  ETA 5.5h
              R²_rand=0.9902  R²_naive=0.9913  U_t=0.1478  U_b=0.1530  AUC=1.0000  Top1=1.0000
  timing: data=43.3ms  fwd=92.1ms  bwd=9.3ms  total=145.3ms
[  88800] loss=2.0090  ema_loss=2.0103  gap=1.1136  ema_gap=1.1170  mixup=23/100  3.1 sps  ETA 5.5h
              R²_rand=0.9903  R²_naive=0.9914  U_t=0.1471  U_b=0.1531  AUC=1.0000  Top1=1.0000
  timing: data=4.9ms  fwd=93.6ms  bwd=9.2ms  total=108.3ms
[  88900] loss=2.0133  ema_loss=2.0103  gap=1.1111  ema_gap=1.1153  mixup=35/100  3.1 sps  ETA 5.5h
              R²_rand=0.9903  R²_naive=0.9914  U_t=0.1472  U_b=0.1529  AUC=1.0000  Top1=1.0000
  timing: data=42.6ms  fwd=92.6ms  bwd=9.6ms  total=145.3ms
[  89000] loss=2.0096  ema_loss=2.0100  gap=1.1224  ema_gap=1.1159  mixup=35/100  3.1 sps  ETA 5.5h
              R²_rand=0.9903  R²_naive=0.9915  U_t=0.1464  U_b=0.1531  AUC=1.0000  Top1=1.0000
  timing: data=57.7ms  fwd=91.9ms  bwd=9.6ms  total=159.7ms
[  89100] loss=2.0105  ema_loss=2.0100  gap=1.1164  ema_gap=1.1156  mixup=36/100  3.1 sps  ETA 5.5h
              R²_rand=0.9903  R²_naive=0.9914  U_t=0.1474  U_b=0.1527  AUC=1.0000  Top1=1.0000
  timing: data=4.5ms  fwd=93.4ms  bwd=9.2ms  total=107.5ms
[  89200] loss=2.0111  ema_loss=2.0099  gap=1.1128  ema_gap=1.1148  mixup=25/100  3.1 sps  ETA 5.5h
              R²_rand=0.9902  R²_naive=0.9914  U_t=0.1476  U_b=0.1528  AUC=1.0000  Top1=1.0000
  timing: data=42.8ms  fwd=92.5ms  bwd=9.0ms  total=144.9ms
[  89300] loss=2.0106  ema_loss=2.0100  gap=1.1152  ema_gap=1.1146  mixup=34/100  3.1 sps  ETA 5.4h
              R²_rand=0.9902  R²_naive=0.9914  U_t=0.1477  U_b=0.1531  AUC=1.0000  Top1=1.0000
  timing: data=41.3ms  fwd=91.8ms  bwd=9.2ms  total=142.9ms
[  89400] loss=2.0123  ema_loss=2.0100  gap=1.1164  ema_gap=1.1161  mixup=29/100  3.1 sps  ETA 5.4h
              R²_rand=0.9901  R²_naive=0.9913  U_t=0.1471  U_b=0.1527  AUC=1.0000  Top1=1.0000
  timing: data=3.4ms  fwd=94.6ms  bwd=9.3ms  total=107.8ms
[  89500] loss=2.0070  ema_loss=2.0101  gap=1.1172  ema_gap=1.1168  mixup=31/100  3.1 sps  ETA 5.4h
              R²_rand=0.9903  R²_naive=0.9915  U_t=0.1466  U_b=0.1532  AUC=1.0000  Top1=1.0000
  timing: data=47.9ms  fwd=92.8ms  bwd=8.8ms  total=149.9ms
[  89600] loss=2.0101  ema_loss=2.0100  gap=1.1194  ema_gap=1.1167  mixup=30/100  3.1 sps  ETA 5.4h
              R²_rand=0.9901  R²_naive=0.9913  U_t=0.1475  U_b=0.1528  AUC=1.0000  Top1=1.0000
  timing: data=4.5ms  fwd=93.9ms  bwd=9.0ms  total=107.9ms
[  89700] loss=2.0093  ema_loss=2.0104  gap=1.1154  ema_gap=1.1152  mixup=27/100  3.1 sps  ETA 5.4h
              R²_rand=0.9901  R²_naive=0.9912  U_t=0.1478  U_b=0.1534  AUC=1.0000  Top1=1.0000
  timing: data=44.1ms  fwd=92.0ms  bwd=9.7ms  total=146.2ms
[  89800] loss=2.0118  ema_loss=2.0100  gap=1.1115  ema_gap=1.1146  mixup=24/100  3.1 sps  ETA 5.4h
              R²_rand=0.9902  R²_naive=0.9913  U_t=0.1478  U_b=0.1527  AUC=1.0000  Top1=1.0000
  timing: data=39.5ms  fwd=92.0ms  bwd=8.8ms  total=140.7ms
[  89900] loss=2.0157  ema_loss=2.0101  gap=1.1143  ema_gap=1.1152  mixup=28/100  3.1 sps  ETA 5.4h
              R²_rand=0.9902  R²_naive=0.9913  U_t=0.1471  U_b=0.1528  AUC=1.0000  Top1=1.0000
  timing: data=3.7ms  fwd=93.3ms  bwd=9.7ms  total=107.2ms
[  90000] loss=2.0082  ema_loss=2.0100  gap=1.1171  ema_gap=1.1153  mixup=31/100  3.1 sps  ETA 5.4h
              R²_rand=0.9903  R²_naive=0.9914  U_t=0.1474  U_b=0.1528  AUC=1.0000  Top1=1.0000
  timing: data=44.8ms  fwd=92.6ms  bwd=9.6ms  total=147.4ms
  -> Saved /home/jupyter/contrastive-forecasting/checkpoints/enc_fcst_dk09_fp32_150k_90k.pth
[  90100] loss=2.0156  ema_loss=2.0100  gap=1.1160  ema_gap=1.1148  mixup=27/100  3.1 sps  ETA 5.4h
              R²_rand=0.9902  R²_naive=0.9914  U_t=0.1473  U_b=0.1530  AUC=1.0000  Top1=1.0000
  timing: data=41.0ms  fwd=93.1ms  bwd=10.1ms  total=144.6ms
[  90200] loss=2.0112  ema_loss=2.0100  gap=1.1118  ema_gap=1.1158  mixup=31/100  3.1 sps  ETA 5.4h
              R²_rand=0.9902  R²_naive=0.9913  U_t=0.1484  U_b=0.1532  AUC=1.0000  Top1=1.0000
  timing: data=3.6ms  fwd=93.7ms  bwd=10.0ms  total=107.8ms
[  90300] loss=2.0099  ema_loss=2.0101  gap=1.1155  ema_gap=1.1149  mixup=33/100  3.1 sps  ETA 5.4h
              R²_rand=0.9904  R²_naive=0.9914  U_t=0.1479  U_b=0.1530  AUC=1.0000  Top1=1.0000
  timing: data=39.6ms  fwd=92.2ms  bwd=9.9ms  total=142.2ms
[  90400] loss=2.0163  ema_loss=2.0100  gap=1.1127  ema_gap=1.1148  mixup=32/100  3.1 sps  ETA 5.4h
              R²_rand=0.9900  R²_naive=0.9912  U_t=0.1475  U_b=0.1526  AUC=1.0000  Top1=1.0000
  timing: data=37.8ms  fwd=92.5ms  bwd=9.9ms  total=140.7ms
[  90500] loss=2.0077  ema_loss=2.0102  gap=1.1140  ema_gap=1.1155  mixup=32/100  3.1 sps  ETA 5.3h
              R²_rand=0.9902  R²_naive=0.9913  U_t=0.1484  U_b=0.1532  AUC=1.0000  Top1=1.0000
  timing: data=5.2ms  fwd=92.9ms  bwd=10.0ms  total=108.6ms
[  90600] loss=2.0097  ema_loss=2.0101  gap=1.1163  ema_gap=1.1161  mixup=30/100  3.1 sps  ETA 5.3h
              R²_rand=0.9904  R²_naive=0.9915  U_t=0.1485  U_b=0.1532  AUC=1.0000  Top1=1.0000
  timing: data=41.8ms  fwd=92.3ms  bwd=10.9ms  total=145.6ms
[  90700] loss=2.0101  ema_loss=2.0099  gap=1.1128  ema_gap=1.1158  mixup=28/100  3.1 sps  ETA 5.3h
              R²_rand=0.9901  R²_naive=0.9913  U_t=0.1481  U_b=0.1528  AUC=1.0000  Top1=1.0000
  timing: data=5.1ms  fwd=91.6ms  bwd=10.0ms  total=107.3ms
[  90800] loss=2.0188  ema_loss=2.0102  gap=1.1120  ema_gap=1.1142  mixup=24/100  3.1 sps  ETA 5.3h
              R²_rand=0.9902  R²_naive=0.9913  U_t=0.1475  U_b=0.1526  AUC=1.0000  Top1=1.0000
  timing: data=45.1ms  fwd=94.3ms  bwd=9.7ms  total=149.6ms
[  90900] loss=2.0077  ema_loss=2.0101  gap=1.1229  ema_gap=1.1146  mixup=33/100  3.1 sps  ETA 5.3h
              R²_rand=0.9902  R²_naive=0.9914  U_t=0.1471  U_b=0.1535  AUC=1.0000  Top1=1.0000
  timing: data=42.1ms  fwd=92.9ms  bwd=9.1ms  total=144.5ms
[  91000] loss=2.0123  ema_loss=2.0101  gap=1.1111  ema_gap=1.1148  mixup=32/100  3.1 sps  ETA 5.3h
              R²_rand=0.9903  R²_naive=0.9914  U_t=0.1472  U_b=0.1526  AUC=1.0000  Top1=1.0000
  timing: data=4.0ms  fwd=92.9ms  bwd=9.7ms  total=107.0ms
[  91100] loss=2.0064  ema_loss=2.0100  gap=1.1175  ema_gap=1.1146  mixup=38/100  3.1 sps  ETA 5.3h
              R²_rand=0.9902  R²_naive=0.9914  U_t=0.1466  U_b=0.1533  AUC=1.0000  Top1=1.0000
  timing: data=41.5ms  fwd=92.0ms  bwd=9.2ms  total=143.2ms
[  91200] loss=2.0105  ema_loss=2.0099  gap=1.1204  ema_gap=1.1157  mixup=31/100  3.1 sps  ETA 5.3h
              R²_rand=0.9903  R²_naive=0.9915  U_t=0.1476  U_b=0.1528  AUC=1.0000  Top1=1.0000
  timing: data=43.9ms  fwd=91.7ms  bwd=9.2ms  total=145.4ms
[  91300] loss=2.0074  ema_loss=2.0098  gap=1.1102  ema_gap=1.1144  mixup=26/100  3.1 sps  ETA 5.3h
              R²_rand=0.9903  R²_naive=0.9914  U_t=0.1462  U_b=0.1527  AUC=1.0000  Top1=1.0000
  timing: data=3.4ms  fwd=95.1ms  bwd=8.8ms  total=107.7ms
[  91400] loss=2.0198  ema_loss=2.0099  gap=1.1125  ema_gap=1.1143  mixup=25/100  3.1 sps  ETA 5.3h
              R²_rand=0.9902  R²_naive=0.9914  U_t=0.1472  U_b=0.1526  AUC=1.0000  Top1=1.0000
  timing: data=40.9ms  fwd=91.3ms  bwd=9.1ms  total=141.8ms
[  91500] loss=2.0139  ema_loss=2.0098  gap=1.1097  ema_gap=1.1139  mixup=27/100  3.1 sps  ETA 5.3h
              R²_rand=0.9901  R²_naive=0.9913  U_t=0.1469  U_b=0.1532  AUC=1.0000  Top1=1.0000
  timing: data=40.4ms  fwd=93.6ms  bwd=9.9ms  total=144.4ms
[  91600] loss=2.0109  ema_loss=2.0097  gap=1.1166  ema_gap=1.1147  mixup=31/100  3.1 sps  ETA 5.2h
              R²_rand=0.9902  R²_naive=0.9913  U_t=0.1470  U_b=0.1530  AUC=1.0000  Top1=1.0000
  timing: data=4.7ms  fwd=93.1ms  bwd=10.0ms  total=108.3ms
[  91700] loss=2.0073  ema_loss=2.0101  gap=1.1225  ema_gap=1.1153  mixup=22/100  3.1 sps  ETA 5.2h
              R²_rand=0.9902  R²_naive=0.9914  U_t=0.1475  U_b=0.1533  AUC=1.0000  Top1=1.0000
  timing: data=45.5ms  fwd=91.9ms  bwd=9.1ms  total=146.9ms
[  91800] loss=2.0139  ema_loss=2.0101  gap=1.1144  ema_gap=1.1150  mixup=27/100  3.1 sps  ETA 5.2h
              R²_rand=0.9902  R²_naive=0.9913  U_t=0.1467  U_b=0.1527  AUC=1.0000  Top1=1.0000
  timing: data=42.9ms  fwd=93.0ms  bwd=9.4ms  total=145.8ms
[  91900] loss=2.0111  ema_loss=2.0100  gap=1.1172  ema_gap=1.1153  mixup=31/100  3.1 sps  ETA 5.2h
              R²_rand=0.9902  R²_naive=0.9914  U_t=0.1480  U_b=0.1529  AUC=1.0000  Top1=1.0000
  timing: data=4.0ms  fwd=93.4ms  bwd=10.2ms  total=108.0ms
[  92000] loss=2.0092  ema_loss=2.0096  gap=1.1162  ema_gap=1.1151  mixup=28/100  3.1 sps  ETA 5.2h
              R²_rand=0.9902  R²_naive=0.9914  U_t=0.1475  U_b=0.1533  AUC=1.0000  Top1=1.0000
  timing: data=43.6ms  fwd=91.7ms  bwd=9.4ms  total=145.2ms
[  92100] loss=2.0089  ema_loss=2.0099  gap=1.1208  ema_gap=1.1157  mixup=29/100  3.1 sps  ETA 5.2h
              R²_rand=0.9902  R²_naive=0.9914  U_t=0.1466  U_b=0.1529  AUC=1.0000  Top1=1.0000
  timing: data=3.6ms  fwd=94.1ms  bwd=8.8ms  total=106.9ms
[  92200] loss=2.0123  ema_loss=2.0100  gap=1.1165  ema_gap=1.1157  mixup=29/100  3.1 sps  ETA 5.2h
              R²_rand=0.9900  R²_naive=0.9912  U_t=0.1472  U_b=0.1534  AUC=1.0000  Top1=1.0000
  timing: data=42.9ms  fwd=92.6ms  bwd=9.0ms  total=144.9ms
[  92300] loss=2.0012  ema_loss=2.0079  gap=1.1073  ema_gap=1.1141  mixup=29/100  3.1 sps  ETA 5.2h
              R²_rand=0.9899  R²_naive=0.9910  U_t=0.1512  U_b=0.1558  AUC=1.0000  Top1=1.0000
  timing: data=39.6ms  fwd=91.4ms  bwd=9.0ms  total=140.5ms
  -> Saved /home/jupyter/contrastive-forecasting/checkpoints/enc_fcst_dk09_fp32_150k_best_loss.pth
[  92400] loss=1.9959  ema_loss=2.0020  gap=1.1029  ema_gap=1.1121  mixup=31/100  3.1 sps  ETA 5.2h
              R²_rand=0.9902  R²_naive=0.9912  U_t=0.1507  U_b=0.1558  AUC=1.0000  Top1=1.0000
  timing: data=3.5ms  fwd=94.5ms  bwd=9.8ms  total=108.3ms
  -> Saved /home/jupyter/contrastive-forecasting/checkpoints/enc_fcst_dk09_fp32_150k_best_loss.pth
[  92500] loss=1.9960  ema_loss=1.9996  gap=1.1094  ema_gap=1.1108  mixup=20/100  3.1 sps  ETA 5.2h
              R²_rand=0.9902  R²_naive=0.9913  U_t=0.1508  U_b=0.1559  AUC=1.0000  Top1=1.0000
  timing: data=43.6ms  fwd=92.5ms  bwd=9.0ms  total=145.6ms
  -> Saved /home/jupyter/contrastive-forecasting/checkpoints/enc_fcst_dk09_fp32_150k_best_loss.pth
[  92600] loss=1.9995  ema_loss=1.9985  gap=1.1127  ema_gap=1.1105  mixup=32/100  3.1 sps  ETA 5.2h
              R²_rand=0.9900  R²_naive=0.9912  U_t=0.1501  U_b=0.1557  AUC=1.0000  Top1=1.0000
  timing: data=50.4ms  fwd=90.7ms  bwd=9.4ms  total=151.1ms
  -> Saved /home/jupyter/contrastive-forecasting/checkpoints/enc_fcst_dk09_fp32_150k_best_loss.pth
[  92700] loss=1.9994  ema_loss=1.9979  gap=1.1119  ema_gap=1.1113  mixup=24/100  3.1 sps  ETA 5.1h
              R²_rand=0.9902  R²_naive=0.9913  U_t=0.1504  U_b=0.1551  AUC=1.0000  Top1=1.0000
  timing: data=5.0ms  fwd=94.7ms  bwd=9.7ms  total=109.9ms
  -> Saved /home/jupyter/contrastive-forecasting/checkpoints/enc_fcst_dk09_fp32_150k_best_loss.pth
[  92800] loss=1.9977  ema_loss=1.9978  gap=1.1104  ema_gap=1.1119  mixup=31/100  3.1 sps  ETA 5.1h
              R²_rand=0.9904  R²_naive=0.9914  U_t=0.1505  U_b=0.1556  AUC=1.0000  Top1=1.0000
  timing: data=41.7ms  fwd=91.6ms  bwd=9.1ms  total=142.9ms
  -> Saved /home/jupyter/contrastive-forecasting/checkpoints/enc_fcst_dk09_fp32_150k_best_loss.pth
[  92900] loss=1.9943  ema_loss=1.9980  gap=1.1097  ema_gap=1.1124  mixup=28/100  3.1 sps  ETA 5.1h
              R²_rand=0.9902  R²_naive=0.9913  U_t=0.1501  U_b=0.1554  AUC=1.0000  Top1=1.0000
  timing: data=39.7ms  fwd=92.4ms  bwd=9.1ms  total=141.9ms
[  93000] loss=1.9975  ema_loss=1.9979  gap=1.1115  ema_gap=1.1109  mixup=34/100  3.1 sps  ETA 5.1h
              R²_rand=0.9902  R²_naive=0.9914  U_t=0.1502  U_b=0.1557  AUC=1.0000  Top1=1.0000
  timing: data=4.3ms  fwd=94.0ms  bwd=9.4ms  total=108.3ms
[  93100] loss=1.9942  ema_loss=1.9976  gap=1.1114  ema_gap=1.1115  mixup=30/100  3.1 sps  ETA 5.1h
              R²_rand=0.9904  R²_naive=0.9914  U_t=0.1504  U_b=0.1558  AUC=1.0000  Top1=1.0000
  timing: data=39.5ms  fwd=93.2ms  bwd=9.1ms  total=142.3ms
  -> Saved /home/jupyter/contrastive-forecasting/checkpoints/enc_fcst_dk09_fp32_150k_best_loss.pth
[  93200] loss=1.9949  ema_loss=1.9972  gap=1.1080  ema_gap=1.1130  mixup=39/100  3.1 sps  ETA 5.1h
              R²_rand=0.9902  R²_naive=0.9913  U_t=0.1510  U_b=0.1555  AUC=1.0000  Top1=1.0000
  timing: data=40.8ms  fwd=92.7ms  bwd=9.0ms  total=143.0ms
  -> Saved /home/jupyter/contrastive-forecasting/checkpoints/enc_fcst_dk09_fp32_150k_best_loss.pth
[  93300] loss=2.0000  ema_loss=1.9973  gap=1.1126  ema_gap=1.1129  mixup=26/100  3.1 sps  ETA 5.1h
              R²_rand=0.9902  R²_naive=0.9913  U_t=0.1506  U_b=0.1561  AUC=1.0000  Top1=1.0000
  timing: data=3.4ms  fwd=95.6ms  bwd=9.5ms  total=109.0ms
[  93400] loss=1.9972  ema_loss=1.9973  gap=1.1097  ema_gap=1.1127  mixup=31/100  3.1 sps  ETA 5.1h
              R²_rand=0.9902  R²_naive=0.9913  U_t=0.1497  U_b=0.1558  AUC=1.0000  Top1=1.0000
  timing: data=49.4ms  fwd=92.5ms  bwd=9.0ms  total=151.4ms
[  93500] loss=1.9961  ema_loss=1.9972  gap=1.1162  ema_gap=1.1128  mixup=29/100  3.1 sps  ETA 5.1h
              R²_rand=0.9903  R²_naive=0.9914  U_t=0.1506  U_b=0.1561  AUC=1.0000  Top1=1.0000
  timing: data=3.6ms  fwd=96.1ms  bwd=9.2ms  total=109.5ms
[  93600] loss=2.0042  ema_loss=1.9976  gap=1.1121  ema_gap=1.1123  mixup=28/100  3.1 sps  ETA 5.1h
              R²_rand=0.9902  R²_naive=0.9912  U_t=0.1513  U_b=0.1549  AUC=1.0000  Top1=1.0000
  timing: data=63.2ms  fwd=92.6ms  bwd=9.7ms  total=166.0ms
[  93700] loss=1.9961  ema_loss=1.9972  gap=1.1087  ema_gap=1.1113  mixup=33/100  3.1 sps  ETA 5.1h
              R²_rand=0.9903  R²_naive=0.9914  U_t=0.1504  U_b=0.1557  AUC=1.0000  Top1=1.0000
  timing: data=43.5ms  fwd=91.8ms  bwd=10.0ms  total=145.8ms
  -> Saved /home/jupyter/contrastive-forecasting/checkpoints/enc_fcst_dk09_fp32_150k_best_loss.pth
[  93800] loss=2.0006  ema_loss=1.9972  gap=1.1195  ema_gap=1.1121  mixup=19/100  3.1 sps  ETA 5.1h
              R²_rand=0.9902  R²_naive=0.9914  U_t=0.1497  U_b=0.1553  AUC=1.0000  Top1=1.0000
  timing: data=3.9ms  fwd=95.6ms  bwd=9.4ms  total=109.5ms
[  93900] loss=1.9989  ema_loss=1.9972  gap=1.1170  ema_gap=1.1133  mixup=31/100  3.1 sps  ETA 5.0h
              R²_rand=0.9901  R²_naive=0.9913  U_t=0.1498  U_b=0.1558  AUC=1.0000  Top1=1.0000
  timing: data=45.6ms  fwd=93.0ms  bwd=9.8ms  total=148.9ms
[  94000] loss=1.9940  ema_loss=1.9971  gap=1.1155  ema_gap=1.1116  mixup=27/100  3.1 sps  ETA 5.0h
              R²_rand=0.9902  R²_naive=0.9913  U_t=0.1513  U_b=0.1558  AUC=1.0000  Top1=1.0000
  timing: data=44.5ms  fwd=91.9ms  bwd=9.2ms  total=146.1ms
  -> Saved /home/jupyter/contrastive-forecasting/checkpoints/enc_fcst_dk09_fp32_150k_best_loss.pth
[  94100] loss=1.9970  ema_loss=1.9968  gap=1.1128  ema_gap=1.1117  mixup=33/100  3.1 sps  ETA 5.0h
              R²_rand=0.9904  R²_naive=0.9915  U_t=0.1495  U_b=0.1558  AUC=1.0000  Top1=1.0000
  timing: data=4.2ms  fwd=94.1ms  bwd=10.0ms  total=108.9ms
  -> Saved /home/jupyter/contrastive-forecasting/checkpoints/enc_fcst_dk09_fp32_150k_best_loss.pth
[  94200] loss=1.9982  ema_loss=1.9970  gap=1.1166  ema_gap=1.1121  mixup=33/100  3.1 sps  ETA 5.0h
              R²_rand=0.9903  R²_naive=0.9914  U_t=0.1510  U_b=0.1551  AUC=1.0000  Top1=1.0000
  timing: data=57.8ms  fwd=92.8ms  bwd=9.9ms  total=161.1ms
[  94300] loss=1.9981  ema_loss=1.9972  gap=1.1073  ema_gap=1.1120  mixup=30/100  3.1 sps  ETA 5.0h
              R²_rand=0.9903  R²_naive=0.9914  U_t=0.1519  U_b=0.1554  AUC=1.0000  Top1=1.0000
  timing: data=45.3ms  fwd=93.1ms  bwd=9.5ms  total=148.4ms
[  94400] loss=1.9998  ema_loss=1.9976  gap=1.1200  ema_gap=1.1118  mixup=31/100  3.1 sps  ETA 5.0h
              R²_rand=0.9901  R²_naive=0.9914  U_t=0.1504  U_b=0.1556  AUC=1.0000  Top1=1.0000
  timing: data=5.4ms  fwd=93.7ms  bwd=9.9ms  total=109.6ms
[  94500] loss=1.9972  ema_loss=1.9973  gap=1.1114  ema_gap=1.1119  mixup=35/100  3.1 sps  ETA 5.0h
              R²_rand=0.9902  R²_naive=0.9913  U_t=0.1503  U_b=0.1558  AUC=1.0000  Top1=1.0000
  timing: data=44.3ms  fwd=91.8ms  bwd=9.4ms  total=146.1ms
[  94600] loss=2.0026  ema_loss=1.9973  gap=1.1128  ema_gap=1.1124  mixup=30/100  3.1 sps  ETA 5.0h
              R²_rand=0.9901  R²_naive=0.9913  U_t=0.1500  U_b=0.1549  AUC=1.0000  Top1=1.0000
  timing: data=5.1ms  fwd=93.7ms  bwd=9.9ms  total=109.2ms
[  94700] loss=1.9969  ema_loss=1.9976  gap=1.1146  ema_gap=1.1122  mixup=25/100  3.1 sps  ETA 5.0h
              R²_rand=0.9900  R²_naive=0.9913  U_t=0.1505  U_b=0.1557  AUC=1.0000  Top1=1.0000
  timing: data=46.2ms  fwd=93.3ms  bwd=10.1ms  total=150.1ms
[  94800] loss=1.9997  ema_loss=1.9976  gap=1.1123  ema_gap=1.1117  mixup=28/100  3.1 sps  ETA 5.0h
              R²_rand=0.9902  R²_naive=0.9913  U_t=0.1501  U_b=0.1554  AUC=1.0000  Top1=1.0000
  timing: data=44.2ms  fwd=92.4ms  bwd=9.6ms  total=146.7ms
[  94900] loss=1.9951  ema_loss=1.9973  gap=1.1139  ema_gap=1.1121  mixup=30/100  3.1 sps  ETA 5.0h
              R²_rand=0.9903  R²_naive=0.9914  U_t=0.1495  U_b=0.1557  AUC=1.0000  Top1=1.0000
  timing: data=4.0ms  fwd=94.9ms  bwd=10.1ms  total=109.6ms
[  95000] loss=1.9955  ema_loss=1.9969  gap=1.1105  ema_gap=1.1125  mixup=29/100  3.1 sps  ETA 4.9h
              R²_rand=0.9903  R²_naive=0.9914  U_t=0.1501  U_b=0.1560  AUC=1.0000  Top1=1.0000
  timing: data=48.7ms  fwd=93.3ms  bwd=9.9ms  total=152.4ms
  -> Saved /home/jupyter/contrastive-forecasting/checkpoints/enc_fcst_dk09_fp32_150k_95k.pth
[  95100] loss=1.9968  ema_loss=1.9971  gap=1.1185  ema_gap=1.1128  mixup=37/100  3.1 sps  ETA 4.9h
              R²_rand=0.9902  R²_naive=0.9913  U_t=0.1495  U_b=0.1560  AUC=1.0000  Top1=1.0000
  timing: data=43.5ms  fwd=94.3ms  bwd=9.1ms  total=147.5ms
[  95200] loss=1.9967  ema_loss=1.9973  gap=1.1140  ema_gap=1.1134  mixup=29/100  3.1 sps  ETA 4.9h
              R²_rand=0.9902  R²_naive=0.9913  U_t=0.1506  U_b=0.1552  AUC=1.0000  Top1=1.0000
  timing: data=4.2ms  fwd=94.8ms  bwd=9.9ms  total=109.5ms
[  95300] loss=1.9980  ema_loss=1.9973  gap=1.1103  ema_gap=1.1129  mixup=27/100  3.1 sps  ETA 4.9h
              R²_rand=0.9901  R²_naive=0.9912  U_t=0.1503  U_b=0.1556  AUC=1.0000  Top1=1.0000
  timing: data=40.4ms  fwd=93.4ms  bwd=9.3ms  total=143.7ms
[  95400] loss=1.9944  ema_loss=1.9973  gap=1.1040  ema_gap=1.1113  mixup=26/100  3.1 sps  ETA 4.9h
              R²_rand=0.9903  R²_naive=0.9913  U_t=0.1509  U_b=0.1556  AUC=1.0000  Top1=1.0000
  timing: data=41.4ms  fwd=93.5ms  bwd=9.0ms  total=144.4ms
[  95500] loss=1.9986  ema_loss=1.9967  gap=1.1115  ema_gap=1.1116  mixup=40/100  3.1 sps  ETA 4.9h
              R²_rand=0.9901  R²_naive=0.9913  U_t=0.1501  U_b=0.1556  AUC=1.0000  Top1=1.0000
  timing: data=5.4ms  fwd=93.4ms  bwd=9.1ms  total=108.4ms
  -> Saved /home/jupyter/contrastive-forecasting/checkpoints/enc_fcst_dk09_fp32_150k_best_loss.pth
[  95600] loss=1.9962  ema_loss=1.9973  gap=1.1128  ema_gap=1.1106  mixup=29/100  3.1 sps  ETA 4.9h
              R²_rand=0.9902  R²_naive=0.9913  U_t=0.1507  U_b=0.1557  AUC=1.0000  Top1=1.0000
  timing: data=46.9ms  fwd=93.5ms  bwd=10.1ms  total=150.9ms
[  95700] loss=1.9965  ema_loss=1.9973  gap=1.1116  ema_gap=1.1124  mixup=27/100  3.1 sps  ETA 4.9h
              R²_rand=0.9903  R²_naive=0.9914  U_t=0.1510  U_b=0.1557  AUC=1.0000  Top1=1.0000
  timing: data=46.4ms  fwd=92.5ms  bwd=9.8ms  total=149.3ms
[  95800] loss=1.9987  ema_loss=1.9970  gap=1.1153  ema_gap=1.1138  mixup=25/100  3.1 sps  ETA 4.9h
              R²_rand=0.9901  R²_naive=0.9913  U_t=0.1495  U_b=0.1554  AUC=1.0000  Top1=1.0000
  timing: data=4.0ms  fwd=94.0ms  bwd=10.1ms  total=108.6ms
[  95900] loss=1.9994  ema_loss=1.9977  gap=1.1159  ema_gap=1.1129  mixup=31/100  3.1 sps  ETA 4.9h
              R²_rand=0.9900  R²_naive=0.9912  U_t=0.1499  U_b=0.1558  AUC=1.0000  Top1=1.0000
  timing: data=50.1ms  fwd=92.7ms  bwd=9.4ms  total=152.7ms
[  96000] loss=2.0003  ema_loss=1.9978  gap=1.1156  ema_gap=1.1130  mixup=34/100  3.1 sps  ETA 4.9h
              R²_rand=0.9902  R²_naive=0.9914  U_t=0.1498  U_b=0.1555  AUC=1.0000  Top1=1.0000
  timing: data=4.5ms  fwd=93.7ms  bwd=9.3ms  total=108.0ms
[  96100] loss=1.9964  ema_loss=1.9976  gap=1.1115  ema_gap=1.1122  mixup=25/100  3.1 sps  ETA 4.8h
              R²_rand=0.9902  R²_naive=0.9913  U_t=0.1508  U_b=0.1560  AUC=1.0000  Top1=1.0000
  timing: data=41.4ms  fwd=93.5ms  bwd=9.2ms  total=144.6ms
[  96200] loss=1.9952  ema_loss=1.9972  gap=1.1043  ema_gap=1.1124  mixup=33/100  3.1 sps  ETA 4.8h
              R²_rand=0.9902  R²_naive=0.9913  U_t=0.1505  U_b=0.1558  AUC=1.0000  Top1=1.0000
  timing: data=48.5ms  fwd=93.6ms  bwd=10.1ms  total=152.8ms
[  96300] loss=1.9991  ema_loss=1.9973  gap=1.1110  ema_gap=1.1116  mixup=26/100  3.1 sps  ETA 4.8h
              R²_rand=0.9901  R²_naive=0.9913  U_t=0.1496  U_b=0.1556  AUC=1.0000  Top1=1.0000
  timing: data=3.7ms  fwd=95.1ms  bwd=9.3ms  total=108.6ms
[  96400] loss=1.9960  ema_loss=1.9967  gap=1.1111  ema_gap=1.1110  mixup=26/100  3.1 sps  ETA 4.8h
              R²_rand=0.9903  R²_naive=0.9914  U_t=0.1502  U_b=0.1557  AUC=1.0000  Top1=1.0000
  timing: data=41.5ms  fwd=93.1ms  bwd=9.2ms  total=144.3ms
[  96500] loss=1.9924  ema_loss=1.9970  gap=1.1053  ema_gap=1.1112  mixup=22/100  3.1 sps  ETA 4.8h
              R²_rand=0.9903  R²_naive=0.9913  U_t=0.1499  U_b=0.1558  AUC=1.0000  Top1=1.0000
  timing: data=43.8ms  fwd=91.1ms  bwd=9.0ms  total=144.3ms
[  96600] loss=1.9963  ema_loss=1.9972  gap=1.1067  ema_gap=1.1109  mixup=28/100  3.1 sps  ETA 4.8h
              R²_rand=0.9904  R²_naive=0.9914  U_t=0.1513  U_b=0.1557  AUC=1.0000  Top1=1.0000
  timing: data=5.1ms  fwd=93.9ms  bwd=9.2ms  total=108.7ms
[  96700] loss=2.0008  ema_loss=1.9974  gap=1.1149  ema_gap=1.1116  mixup=27/100  3.1 sps  ETA 4.8h
              R²_rand=0.9900  R²_naive=0.9912  U_t=0.1507  U_b=0.1554  AUC=1.0000  Top1=1.0000
  timing: data=42.3ms  fwd=92.7ms  bwd=9.2ms  total=144.7ms
[  96800] loss=1.9981  ema_loss=1.9975  gap=1.1072  ema_gap=1.1121  mixup=26/100  3.1 sps  ETA 4.8h
              R²_rand=0.9903  R²_naive=0.9914  U_t=0.1508  U_b=0.1556  AUC=1.0000  Top1=1.0000
  timing: data=42.4ms  fwd=92.9ms  bwd=9.1ms  total=144.9ms
[  96900] loss=1.9996  ema_loss=1.9977  gap=1.1095  ema_gap=1.1126  mixup=30/100  3.1 sps  ETA 4.8h
              R²_rand=0.9901  R²_naive=0.9912  U_t=0.1504  U_b=0.1554  AUC=1.0000  Top1=1.0000
  timing: data=3.9ms  fwd=94.6ms  bwd=9.2ms  total=108.2ms
[  97000] loss=1.9925  ema_loss=1.9974  gap=1.1157  ema_gap=1.1129  mixup=36/100  3.1 sps  ETA 4.8h
              R²_rand=0.9903  R²_naive=0.9914  U_t=0.1501  U_b=0.1557  AUC=1.0000  Top1=1.0000
  timing: data=72.0ms  fwd=92.3ms  bwd=9.6ms  total=174.5ms
[  97100] loss=1.9966  ema_loss=1.9971  gap=1.1075  ema_gap=1.1127  mixup=36/100  3.1 sps  ETA 4.8h
              R²_rand=0.9903  R²_naive=0.9914  U_t=0.1506  U_b=0.1554  AUC=1.0000  Top1=1.0000
  timing: data=4.5ms  fwd=95.2ms  bwd=9.9ms  total=110.2ms
[  97200] loss=1.9930  ema_loss=1.9972  gap=1.1130  ema_gap=1.1121  mixup=29/100  3.1 sps  ETA 4.8h
              R²_rand=0.9902  R²_naive=0.9914  U_t=0.1492  U_b=0.1558  AUC=1.0000  Top1=1.0000
  timing: data=108.0ms  fwd=94.1ms  bwd=9.4ms  total=212.1ms
[  97300] loss=2.0027  ema_loss=1.9972  gap=1.1160  ema_gap=1.1130  mixup=37/100  3.1 sps  ETA 4.7h
              R²_rand=0.9903  R²_naive=0.9914  U_t=0.1503  U_b=0.1558  AUC=1.0000  Top1=1.0000
  timing: data=42.5ms  fwd=93.1ms  bwd=9.5ms  total=145.6ms
[  97400] loss=1.9976  ema_loss=1.9971  gap=1.1133  ema_gap=1.1114  mixup=30/100  3.1 sps  ETA 4.7h
              R²_rand=0.9901  R²_naive=0.9913  U_t=0.1499  U_b=0.1553  AUC=1.0000  Top1=1.0000
  timing: data=3.5ms  fwd=94.8ms  bwd=9.0ms  total=107.8ms
[  97500] loss=1.9999  ema_loss=1.9972  gap=1.1130  ema_gap=1.1104  mixup=29/100  3.1 sps  ETA 4.7h
              R²_rand=0.9901  R²_naive=0.9913  U_t=0.1512  U_b=0.1555  AUC=1.0000  Top1=1.0000
  timing: data=42.0ms  fwd=90.7ms  bwd=8.8ms  total=141.9ms
[  97600] loss=1.9968  ema_loss=1.9970  gap=1.1092  ema_gap=1.1114  mixup=32/100  3.1 sps  ETA 4.7h
              R²_rand=0.9903  R²_naive=0.9914  U_t=0.1505  U_b=0.1549  AUC=1.0000  Top1=1.0000
  timing: data=44.3ms  fwd=92.0ms  bwd=9.2ms  total=146.0ms
[  97700] loss=1.9965  ema_loss=1.9970  gap=1.1109  ema_gap=1.1125  mixup=35/100  3.1 sps  ETA 4.7h
              R²_rand=0.9903  R²_naive=0.9914  U_t=0.1502  U_b=0.1555  AUC=1.0000  Top1=1.0000
  timing: data=4.2ms  fwd=93.1ms  bwd=9.1ms  total=106.9ms
[  97800] loss=1.9990  ema_loss=1.9971  gap=1.1118  ema_gap=1.1130  mixup=41/100  3.1 sps  ETA 4.7h
              R²_rand=0.9902  R²_naive=0.9913  U_t=0.1494  U_b=0.1552  AUC=1.0000  Top1=1.0000
  timing: data=40.8ms  fwd=92.9ms  bwd=9.2ms  total=143.3ms
[  97900] loss=1.9959  ema_loss=1.9969  gap=1.1106  ema_gap=1.1130  mixup=34/100  3.1 sps  ETA 4.7h
              R²_rand=0.9902  R²_naive=0.9913  U_t=0.1507  U_b=0.1557  AUC=1.0000  Top1=1.0000
  timing: data=41.1ms  fwd=93.1ms  bwd=9.2ms  total=143.9ms
[  98000] loss=1.9949  ema_loss=1.9972  gap=1.1141  ema_gap=1.1130  mixup=25/100  3.1 sps  ETA 4.7h
              R²_rand=0.9903  R²_naive=0.9914  U_t=0.1491  U_b=0.1553  AUC=1.0000  Top1=1.0000
  timing: data=4.0ms  fwd=94.4ms  bwd=9.0ms  total=108.0ms
[  98100] loss=1.9973  ema_loss=1.9971  gap=1.1091  ema_gap=1.1131  mixup=26/100  3.1 sps  ETA 4.7h
              R²_rand=0.9903  R²_naive=0.9914  U_t=0.1508  U_b=0.1557  AUC=1.0000  Top1=1.0000
  timing: data=41.4ms  fwd=92.5ms  bwd=9.0ms  total=143.4ms
[  98200] loss=1.9980  ema_loss=1.9971  gap=1.1226  ema_gap=1.1139  mixup=35/100  3.1 sps  ETA 4.7h
              R²_rand=0.9901  R²_naive=0.9913  U_t=0.1501  U_b=0.1559  AUC=1.0000  Top1=1.0000
  timing: data=42.6ms  fwd=93.0ms  bwd=9.1ms  total=145.1ms
[  98300] loss=2.0016  ema_loss=1.9975  gap=1.1115  ema_gap=1.1127  mixup=32/100  3.1 sps  ETA 4.7h
              R²_rand=0.9903  R²_naive=0.9914  U_t=0.1503  U_b=0.1553  AUC=1.0000  Top1=1.0000
  timing: data=3.4ms  fwd=94.5ms  bwd=9.6ms  total=107.9ms
[  98400] loss=1.9980  ema_loss=1.9973  gap=1.1115  ema_gap=1.1132  mixup=34/100  3.1 sps  ETA 4.6h
              R²_rand=0.9901  R²_naive=0.9913  U_t=0.1506  U_b=0.1556  AUC=1.0000  Top1=1.0000
  timing: data=41.4ms  fwd=91.7ms  bwd=9.0ms  total=142.5ms
[  98500] loss=1.9989  ema_loss=1.9972  gap=1.1109  ema_gap=1.1132  mixup=39/100  3.1 sps  ETA 4.6h
              R²_rand=0.9903  R²_naive=0.9914  U_t=0.1498  U_b=0.1556  AUC=1.0000  Top1=1.0000
  timing: data=5.1ms  fwd=92.9ms  bwd=8.7ms  total=107.1ms
[  98600] loss=2.0010  ema_loss=1.9974  gap=1.1077  ema_gap=1.1121  mixup=18/100  3.1 sps  ETA 4.6h
              R²_rand=0.9902  R²_naive=0.9913  U_t=0.1501  U_b=0.1554  AUC=1.0000  Top1=1.0000
  timing: data=49.0ms  fwd=92.5ms  bwd=9.0ms  total=151.0ms
[  98700] loss=1.9955  ema_loss=1.9972  gap=1.1101  ema_gap=1.1114  mixup=37/100  3.1 sps  ETA 4.6h
              R²_rand=0.9903  R²_naive=0.9913  U_t=0.1510  U_b=0.1556  AUC=1.0000  Top1=1.0000
  timing: data=44.5ms  fwd=91.2ms  bwd=9.8ms  total=146.0ms
[  98800] loss=1.9955  ema_loss=1.9970  gap=1.1090  ema_gap=1.1123  mixup=26/100  3.1 sps  ETA 4.6h
              R²_rand=0.9902  R²_naive=0.9914  U_t=0.1506  U_b=0.1558  AUC=1.0000  Top1=1.0000
  timing: data=3.8ms  fwd=94.5ms  bwd=9.6ms  total=108.4ms
[  98900] loss=1.9978  ema_loss=1.9970  gap=1.1133  ema_gap=1.1124  mixup=26/100  3.1 sps  ETA 4.6h
              R²_rand=0.9903  R²_naive=0.9915  U_t=0.1509  U_b=0.1558  AUC=1.0000  Top1=1.0000
  timing: data=47.8ms  fwd=92.5ms  bwd=9.9ms  total=150.6ms
[  99000] loss=1.9974  ema_loss=1.9970  gap=1.1145  ema_gap=1.1131  mixup=33/100  3.1 sps  ETA 4.6h
              R²_rand=0.9900  R²_naive=0.9912  U_t=0.1502  U_b=0.1555  AUC=1.0000  Top1=1.0000
  timing: data=41.9ms  fwd=93.4ms  bwd=10.0ms  total=145.6ms
[  99100] loss=1.9972  ema_loss=1.9972  gap=1.1168  ema_gap=1.1132  mixup=32/100  3.1 sps  ETA 4.6h
              R²_rand=0.9902  R²_naive=0.9914  U_t=0.1493  U_b=0.1557  AUC=1.0000  Top1=1.0000
  timing: data=3.5ms  fwd=95.2ms  bwd=9.1ms  total=108.3ms
[  99200] loss=1.9971  ema_loss=1.9969  gap=1.1134  ema_gap=1.1133  mixup=30/100  3.1 sps  ETA 4.6h
              R²_rand=0.9902  R²_naive=0.9913  U_t=0.1514  U_b=0.1560  AUC=1.0000  Top1=1.0000
  timing: data=45.9ms  fwd=93.8ms  bwd=9.4ms  total=149.6ms
[  99300] loss=1.9950  ema_loss=1.9970  gap=1.1127  ema_gap=1.1135  mixup=26/100  3.1 sps  ETA 4.6h
              R²_rand=0.9902  R²_naive=0.9914  U_t=0.1506  U_b=0.1560  AUC=1.0000  Top1=1.0000
  timing: data=42.7ms  fwd=92.6ms  bwd=8.7ms  total=144.5ms
[  99400] loss=1.9952  ema_loss=1.9970  gap=1.1199  ema_gap=1.1140  mixup=34/100  3.1 sps  ETA 4.6h
              R²_rand=0.9902  R²_naive=0.9914  U_t=0.1506  U_b=0.1556  AUC=1.0000  Top1=1.0000
  timing: data=5.2ms  fwd=93.9ms  bwd=9.3ms  total=108.8ms
[  99500] loss=1.9973  ema_loss=1.9969  gap=1.1209  ema_gap=1.1144  mixup=27/100  3.1 sps  ETA 4.5h
              R²_rand=0.9901  R²_naive=0.9913  U_t=0.1498  U_b=0.1561  AUC=1.0000  Top1=1.0000
  timing: data=41.5ms  fwd=92.3ms  bwd=9.8ms  total=144.1ms
[  99600] loss=1.9946  ema_loss=1.9968  gap=1.1047  ema_gap=1.1133  mixup=37/100  3.1 sps  ETA 4.5h
              R²_rand=0.9902  R²_naive=0.9913  U_t=0.1508  U_b=0.1559  AUC=1.0000  Top1=1.0000
  timing: data=4.1ms  fwd=91.5ms  bwd=9.1ms  total=105.2ms
[  99700] loss=1.9961  ema_loss=1.9970  gap=1.1123  ema_gap=1.1132  mixup=24/100  3.1 sps  ETA 4.5h
              R²_rand=0.9901  R²_naive=0.9913  U_t=0.1500  U_b=0.1558  AUC=1.0000  Top1=1.0000
  timing: data=43.0ms  fwd=93.6ms  bwd=9.1ms  total=146.2ms
[  99800] loss=1.9966  ema_loss=1.9968  gap=1.1109  ema_gap=1.1126  mixup=22/100  3.1 sps  ETA 4.5h
              R²_rand=0.9903  R²_naive=0.9914  U_t=0.1506  U_b=0.1554  AUC=1.0000  Top1=1.0000
  timing: data=15.9ms  fwd=93.4ms  bwd=9.0ms  total=118.7ms
[  99900] loss=1.9970  ema_loss=1.9965  gap=1.1124  ema_gap=1.1128  mixup=24/100  3.1 sps  ETA 4.5h
              R²_rand=0.9901  R²_naive=0.9912  U_t=0.1504  U_b=0.1556  AUC=1.0000  Top1=1.0000
  timing: data=3.5ms  fwd=94.9ms  bwd=9.4ms  total=108.3ms
  -> Saved /home/jupyter/contrastive-forecasting/checkpoints/enc_fcst_dk09_fp32_150k_best_loss.pth
[ 100000] loss=1.9985  ema_loss=1.9973  gap=1.1166  ema_gap=1.1129  mixup=30/100  3.1 sps  ETA 4.5h
              R²_rand=0.9900  R²_naive=0.9912  U_t=0.1503  U_b=0.1556  AUC=1.0000  Top1=1.0000
  timing: data=42.5ms  fwd=93.2ms  bwd=9.1ms  total=145.1ms
  -> Saved /home/jupyter/contrastive-forecasting/checkpoints/enc_fcst_dk09_fp32_150k_100k.pth
[ 100100] loss=1.9931  ema_loss=1.9969  gap=1.1151  ema_gap=1.1133  mixup=31/100  3.1 sps  ETA 4.5h
              R²_rand=0.9903  R²_naive=0.9915  U_t=0.1510  U_b=0.1554  AUC=1.0000  Top1=1.0000
  timing: data=37.4ms  fwd=93.3ms  bwd=8.9ms  total=140.1ms
[ 100200] loss=1.9985  ema_loss=1.9965  gap=1.1173  ema_gap=1.1129  mixup=41/100  3.1 sps  ETA 4.5h
              R²_rand=0.9901  R²_naive=0.9913  U_t=0.1508  U_b=0.1553  AUC=1.0000  Top1=1.0000
  timing: data=3.7ms  fwd=94.4ms  bwd=9.8ms  total=108.2ms
  -> Saved /home/jupyter/contrastive-forecasting/checkpoints/enc_fcst_dk09_fp32_150k_best_loss.pth
[ 100300] loss=1.9958  ema_loss=1.9970  gap=1.1102  ema_gap=1.1128  mixup=29/100  3.1 sps  ETA 4.5h
              R²_rand=0.9903  R²_naive=0.9914  U_t=0.1503  U_b=0.1557  AUC=1.0000  Top1=1.0000
  timing: data=46.8ms  fwd=90.0ms  bwd=8.6ms  total=145.8ms
[ 100400] loss=1.9963  ema_loss=1.9970  gap=1.1107  ema_gap=1.1143  mixup=28/100  3.1 sps  ETA 4.5h
              R²_rand=0.9901  R²_naive=0.9913  U_t=0.1501  U_b=0.1553  AUC=1.0000  Top1=1.0000
  timing: data=41.8ms  fwd=90.9ms  bwd=9.0ms  total=142.1ms
[ 100500] loss=2.0020  ema_loss=1.9969  gap=1.1091  ema_gap=1.1134  mixup=31/100  3.1 sps  ETA 4.5h
              R²_rand=0.9901  R²_naive=0.9912  U_t=0.1505  U_b=0.1552  AUC=1.0000  Top1=1.0000
  timing: data=4.3ms  fwd=93.3ms  bwd=9.1ms  total=107.1ms
[ 100600] loss=2.0005  ema_loss=1.9971  gap=1.1164  ema_gap=1.1135  mixup=36/100  3.1 sps  ETA 4.4h
              R²_rand=0.9903  R²_naive=0.9914  U_t=0.1502  U_b=0.1554  AUC=1.0000  Top1=1.0000
  timing: data=39.2ms  fwd=91.7ms  bwd=9.0ms  total=140.4ms
[ 100700] loss=1.9962  ema_loss=1.9969  gap=1.1136  ema_gap=1.1139  mixup=21/100  3.1 sps  ETA 4.4h
              R²_rand=0.9902  R²_naive=0.9913  U_t=0.1502  U_b=0.1561  AUC=1.0000  Top1=1.0000
  timing: data=52.3ms  fwd=93.0ms  bwd=9.4ms  total=155.2ms
[ 100800] loss=1.9953  ema_loss=1.9971  gap=1.1205  ema_gap=1.1128  mixup=39/100  3.1 sps  ETA 4.4h
              R²_rand=0.9901  R²_naive=0.9913  U_t=0.1495  U_b=0.1560  AUC=1.0000  Top1=1.0000
  timing: data=4.4ms  fwd=93.6ms  bwd=9.0ms  total=107.5ms
[ 100900] loss=1.9980  ema_loss=1.9971  gap=1.1098  ema_gap=1.1118  mixup=41/100  3.1 sps  ETA 4.4h
              R²_rand=0.9902  R²_naive=0.9913  U_t=0.1504  U_b=0.1556  AUC=1.0000  Top1=1.0000
  timing: data=40.8ms  fwd=92.4ms  bwd=9.8ms  total=143.5ms
[ 101000] loss=1.9960  ema_loss=1.9970  gap=1.1164  ema_gap=1.1131  mixup=35/100  3.1 sps  ETA 4.4h
              R²_rand=0.9901  R²_naive=0.9914  U_t=0.1501  U_b=0.1555  AUC=1.0000  Top1=1.0000
  timing: data=4.0ms  fwd=94.3ms  bwd=9.9ms  total=108.7ms
[ 101100] loss=1.9940  ema_loss=1.9970  gap=1.1186  ema_gap=1.1127  mixup=31/100  3.1 sps  ETA 4.4h
              R²_rand=0.9903  R²_naive=0.9914  U_t=0.1503  U_b=0.1556  AUC=1.0000  Top1=1.0000
  timing: data=40.3ms  fwd=92.9ms  bwd=9.2ms  total=142.9ms
[ 101200] loss=2.0005  ema_loss=1.9971  gap=1.1154  ema_gap=1.1118  mixup=25/100  3.1 sps  ETA 4.4h
              R²_rand=0.9902  R²_naive=0.9913  U_t=0.1504  U_b=0.1554  AUC=1.0000  Top1=1.0000
  timing: data=40.5ms  fwd=92.7ms  bwd=8.9ms  total=142.6ms
[ 101300] loss=1.9979  ema_loss=1.9968  gap=1.1106  ema_gap=1.1117  mixup=23/100  3.1 sps  ETA 4.4h
              R²_rand=0.9903  R²_naive=0.9914  U_t=0.1504  U_b=0.1554  AUC=1.0000  Top1=1.0000
  timing: data=4.6ms  fwd=93.0ms  bwd=8.9ms  total=107.0ms
[ 101400] loss=1.9964  ema_loss=1.9970  gap=1.1111  ema_gap=1.1122  mixup=24/100  3.1 sps  ETA 4.4h
              R²_rand=0.9902  R²_naive=0.9913  U_t=0.1500  U_b=0.1557  AUC=1.0000  Top1=1.0000
  timing: data=44.3ms  fwd=91.0ms  bwd=9.4ms  total=145.2ms
[ 101500] loss=1.9982  ema_loss=1.9968  gap=1.1144  ema_gap=1.1120  mixup=35/100  3.1 sps  ETA 4.4h
              R²_rand=0.9903  R²_naive=0.9914  U_t=0.1500  U_b=0.1550  AUC=1.0000  Top1=1.0000
  timing: data=41.7ms  fwd=92.6ms  bwd=9.5ms  total=144.3ms
[ 101600] loss=2.0020  ema_loss=1.9970  gap=1.1110  ema_gap=1.1116  mixup=27/100  3.1 sps  ETA 4.4h
              R²_rand=0.9901  R²_naive=0.9912  U_t=0.1509  U_b=0.1555  AUC=1.0000  Top1=1.0000
  timing: data=3.7ms  fwd=95.0ms  bwd=9.8ms  total=109.0ms
[ 101700] loss=1.9954  ema_loss=1.9968  gap=1.1124  ema_gap=1.1128  mixup=37/100  3.1 sps  ETA 4.4h
              R²_rand=0.9903  R²_naive=0.9913  U_t=0.1507  U_b=0.1560  AUC=1.0000  Top1=1.0000
  timing: data=41.6ms  fwd=92.4ms  bwd=9.9ms  total=144.4ms
[ 101800] loss=1.9966  ema_loss=1.9971  gap=1.1150  ema_gap=1.1126  mixup=31/100  3.1 sps  ETA 4.3h
              R²_rand=0.9903  R²_naive=0.9914  U_t=0.1520  U_b=0.1560  AUC=1.0000  Top1=1.0000
  timing: data=43.2ms  fwd=93.3ms  bwd=9.8ms  total=146.8ms
[ 101900] loss=1.9984  ema_loss=1.9967  gap=1.1151  ema_gap=1.1134  mixup=35/100  3.1 sps  ETA 4.3h
              R²_rand=0.9902  R²_naive=0.9914  U_t=0.1514  U_b=0.1554  AUC=1.0000  Top1=1.0000
  timing: data=3.9ms  fwd=94.6ms  bwd=8.9ms  total=107.7ms
[ 102000] loss=1.9986  ema_loss=1.9968  gap=1.1159  ema_gap=1.1129  mixup=31/100  3.1 sps  ETA 4.3h
              R²_rand=0.9904  R²_naive=0.9915  U_t=0.1504  U_b=0.1551  AUC=1.0000  Top1=1.0000
  timing: data=45.9ms  fwd=92.6ms  bwd=9.0ms  total=148.0ms
[ 102100] loss=1.9921  ema_loss=1.9969  gap=1.1169  ema_gap=1.1133  mixup=26/100  3.1 sps  ETA 4.3h
              R²_rand=0.9903  R²_naive=0.9914  U_t=0.1506  U_b=0.1557  AUC=1.0000  Top1=1.0000
  timing: data=3.4ms  fwd=92.2ms  bwd=9.1ms  total=105.1ms
[ 102200] loss=1.9944  ema_loss=1.9971  gap=1.1100  ema_gap=1.1134  mixup=26/100  3.1 sps  ETA 4.3h
              R²_rand=0.9904  R²_naive=0.9914  U_t=0.1516  U_b=0.1556  AUC=1.0000  Top1=1.0000
  timing: data=39.8ms  fwd=93.8ms  bwd=10.1ms  total=144.0ms
[ 102300] loss=1.9957  ema_loss=1.9971  gap=1.1183  ema_gap=1.1131  mixup=29/100  3.1 sps  ETA 4.3h
              R²_rand=0.9901  R²_naive=0.9913  U_t=0.1499  U_b=0.1560  AUC=1.0000  Top1=1.0000
  timing: data=43.7ms  fwd=91.6ms  bwd=9.3ms  total=145.0ms
[ 102400] loss=1.9987  ema_loss=1.9970  gap=1.1177  ema_gap=1.1122  mixup=30/100  3.1 sps  ETA 4.3h
              R²_rand=0.9903  R²_naive=0.9914  U_t=0.1497  U_b=0.1558  AUC=1.0000  Top1=1.0000
  timing: data=4.8ms  fwd=92.8ms  bwd=8.8ms  total=106.8ms
[ 102500] loss=2.0027  ema_loss=1.9974  gap=1.1121  ema_gap=1.1117  mixup=33/100  3.1 sps  ETA 4.3h
              R²_rand=0.9902  R²_naive=0.9913  U_t=0.1505  U_b=0.1553  AUC=1.0000  Top1=1.0000
  timing: data=41.6ms  fwd=91.3ms  bwd=9.7ms  total=143.1ms
[ 102600] loss=1.9937  ema_loss=1.9972  gap=1.1144  ema_gap=1.1116  mixup=34/100  3.1 sps  ETA 4.3h
              R²_rand=0.9902  R²_naive=0.9914  U_t=0.1496  U_b=0.1557  AUC=1.0000  Top1=1.0000
  timing: data=41.0ms  fwd=92.0ms  bwd=8.6ms  total=142.0ms
[ 102700] loss=1.9970  ema_loss=1.9968  gap=1.1137  ema_gap=1.1113  mixup=27/100  3.1 sps  ETA 4.3h
              R²_rand=0.9904  R²_naive=0.9915  U_t=0.1503  U_b=0.1556  AUC=1.0000  Top1=1.0000
  timing: data=3.5ms  fwd=94.2ms  bwd=8.6ms  total=106.7ms
[ 102800] loss=1.9972  ema_loss=1.9966  gap=1.1111  ema_gap=1.1124  mixup=36/100  3.1 sps  ETA 4.3h
              R²_rand=0.9902  R²_naive=0.9913  U_t=0.1506  U_b=0.1556  AUC=1.0000  Top1=1.0000
  timing: data=44.7ms  fwd=91.6ms  bwd=9.0ms  total=145.7ms
[ 102900] loss=1.9979  ema_loss=1.9968  gap=1.1118  ema_gap=1.1114  mixup=24/100  3.1 sps  ETA 4.2h
              R²_rand=0.9902  R²_naive=0.9914  U_t=0.1493  U_b=0.1556  AUC=1.0000  Top1=1.0000
  timing: data=38.8ms  fwd=92.1ms  bwd=8.8ms  total=140.2ms
[ 103000] loss=1.9957  ema_loss=1.9965  gap=1.1071  ema_gap=1.1125  mixup=25/100  3.1 sps  ETA 4.2h
              R²_rand=0.9903  R²_naive=0.9914  U_t=0.1506  U_b=0.1558  AUC=1.0000  Top1=1.0000
  timing: data=3.5ms  fwd=94.2ms  bwd=9.5ms  total=107.7ms
  -> Saved /home/jupyter/contrastive-forecasting/checkpoints/enc_fcst_dk09_fp32_150k_best_loss.pth
[ 103100] loss=1.9982  ema_loss=1.9966  gap=1.1186  ema_gap=1.1121  mixup=27/100  3.1 sps  ETA 4.2h
              R²_rand=0.9902  R²_naive=0.9913  U_t=0.1495  U_b=0.1548  AUC=1.0000  Top1=1.0000
  timing: data=42.3ms  fwd=92.3ms  bwd=10.4ms  total=145.6ms
[ 103200] loss=1.9958  ema_loss=1.9972  gap=1.1051  ema_gap=1.1113  mixup=32/100  3.1 sps  ETA 4.2h
              R²_rand=0.9902  R²_naive=0.9914  U_t=0.1503  U_b=0.1557  AUC=1.0000  Top1=1.0000
  timing: data=39.7ms  fwd=92.1ms  bwd=9.4ms  total=141.7ms
[ 103300] loss=1.9949  ema_loss=1.9970  gap=1.1139  ema_gap=1.1114  mixup=30/100  3.1 sps  ETA 4.2h
              R²_rand=0.9903  R²_naive=0.9915  U_t=0.1505  U_b=0.1558  AUC=1.0000  Top1=1.0000
  timing: data=3.9ms  fwd=93.1ms  bwd=10.1ms  total=107.6ms
[ 103400] loss=1.9966  ema_loss=1.9968  gap=1.1087  ema_gap=1.1114  mixup=27/100  3.1 sps  ETA 4.2h
              R²_rand=0.9902  R²_naive=0.9913  U_t=0.1511  U_b=0.1559  AUC=1.0000  Top1=1.0000
  timing: data=40.2ms  fwd=92.6ms  bwd=8.9ms  total=142.1ms
[ 103500] loss=1.9918  ema_loss=1.9969  gap=1.1179  ema_gap=1.1126  mixup=24/100  3.1 sps  ETA 4.2h
              R²_rand=0.9902  R²_naive=0.9913  U_t=0.1511  U_b=0.1555  AUC=1.0000  Top1=1.0000
  timing: data=4.6ms  fwd=92.5ms  bwd=8.9ms  total=106.4ms
[ 103600] loss=1.9944  ema_loss=1.9972  gap=1.1070  ema_gap=1.1125  mixup=33/100  3.1 sps  ETA 4.2h
              R²_rand=0.9903  R²_naive=0.9914  U_t=0.1511  U_b=0.1556  AUC=1.0000  Top1=1.0000
  timing: data=47.7ms  fwd=91.4ms  bwd=8.8ms  total=148.3ms
[ 103700] loss=1.9956  ema_loss=1.9971  gap=1.1127  ema_gap=1.1132  mixup=27/100  3.1 sps  ETA 4.2h
              R²_rand=0.9903  R²_naive=0.9914  U_t=0.1507  U_b=0.1560  AUC=1.0000  Top1=1.0000
  timing: data=51.1ms  fwd=91.5ms  bwd=8.9ms  total=151.9ms
[ 103800] loss=2.0005  ema_loss=1.9967  gap=1.1129  ema_gap=1.1135  mixup=22/100  3.1 sps  ETA 4.2h
              R²_rand=0.9902  R²_naive=0.9913  U_t=0.1500  U_b=0.1556  AUC=1.0000  Top1=1.0000
  timing: data=3.4ms  fwd=94.9ms  bwd=9.5ms  total=108.4ms
[ 103900] loss=1.9944  ema_loss=1.9968  gap=1.1147  ema_gap=1.1140  mixup=33/100  3.1 sps  ETA 4.2h
              R²_rand=0.9903  R²_naive=0.9914  U_t=0.1504  U_b=0.1556  AUC=1.0000  Top1=1.0000
  timing: data=52.4ms  fwd=90.3ms  bwd=9.3ms  total=152.5ms
[ 104000] loss=1.9978  ema_loss=1.9966  gap=1.1067  ema_gap=1.1133  mixup=39/100  3.1 sps  ETA 4.1h
              R²_rand=0.9902  R²_naive=0.9913  U_t=0.1506  U_b=0.1558  AUC=1.0000  Top1=1.0000
  timing: data=40.8ms  fwd=92.6ms  bwd=9.7ms  total=143.5ms
[ 104100] loss=1.9939  ema_loss=1.9966  gap=1.1073  ema_gap=1.1130  mixup=34/100  3.1 sps  ETA 4.1h
              R²_rand=0.9903  R²_naive=0.9913  U_t=0.1500  U_b=0.1558  AUC=1.0000  Top1=1.0000
  timing: data=5.3ms  fwd=94.2ms  bwd=10.0ms  total=110.1ms
[ 104200] loss=1.9952  ema_loss=1.9967  gap=1.1200  ema_gap=1.1127  mixup=28/100  3.1 sps  ETA 4.1h
              R²_rand=0.9902  R²_naive=0.9914  U_t=0.1501  U_b=0.1555  AUC=1.0000  Top1=1.0000
  timing: data=46.1ms  fwd=91.4ms  bwd=9.4ms  total=147.4ms
[ 104300] loss=1.9968  ema_loss=1.9970  gap=1.1096  ema_gap=1.1120  mixup=30/100  3.1 sps  ETA 4.1h
              R²_rand=0.9901  R²_naive=0.9912  U_t=0.1502  U_b=0.1559  AUC=1.0000  Top1=1.0000
  timing: data=47.6ms  fwd=91.8ms  bwd=9.3ms  total=149.2ms
[ 104400] loss=1.9946  ema_loss=1.9968  gap=1.1148  ema_gap=1.1117  mixup=28/100  3.1 sps  ETA 4.1h
              R²_rand=0.9902  R²_naive=0.9913  U_t=0.1496  U_b=0.1559  AUC=1.0000  Top1=1.0000
  timing: data=3.7ms  fwd=94.5ms  bwd=9.6ms  total=108.2ms
[ 104500] loss=1.9952  ema_loss=1.9968  gap=1.1092  ema_gap=1.1115  mixup=31/100  3.1 sps  ETA 4.1h
              R²_rand=0.9903  R²_naive=0.9914  U_t=0.1501  U_b=0.1553  AUC=1.0000  Top1=1.0000
  timing: data=43.3ms  fwd=92.3ms  bwd=9.4ms  total=145.4ms
[ 104600] loss=1.9952  ema_loss=1.9970  gap=1.1123  ema_gap=1.1118  mixup=23/100  3.1 sps  ETA 4.1h
              R²_rand=0.9904  R²_naive=0.9914  U_t=0.1509  U_b=0.1558  AUC=1.0000  Top1=1.0000
  timing: data=3.5ms  fwd=95.9ms  bwd=9.8ms  total=109.8ms
[ 104700] loss=1.9970  ema_loss=1.9970  gap=1.1058  ema_gap=1.1122  mixup=27/100  3.1 sps  ETA 4.1h
              R²_rand=0.9903  R²_naive=0.9914  U_t=0.1501  U_b=0.1557  AUC=1.0000  Top1=1.0000
  timing: data=41.9ms  fwd=92.9ms  bwd=8.9ms  total=144.2ms
[ 104800] loss=1.9953  ema_loss=1.9967  gap=1.1093  ema_gap=1.1117  mixup=34/100  3.1 sps  ETA 4.1h
              R²_rand=0.9904  R²_naive=0.9915  U_t=0.1509  U_b=0.1557  AUC=1.0000  Top1=1.0000
  timing: data=46.7ms  fwd=92.7ms  bwd=8.9ms  total=148.7ms
[ 104900] loss=1.9986  ema_loss=1.9970  gap=1.1130  ema_gap=1.1129  mixup=33/100  3.1 sps  ETA 4.1h
              R²_rand=0.9902  R²_naive=0.9913  U_t=0.1501  U_b=0.1553  AUC=1.0000  Top1=1.0000
  timing: data=3.7ms  fwd=94.6ms  bwd=8.9ms  total=107.6ms
[ 105000] loss=1.9947  ema_loss=1.9973  gap=1.1161  ema_gap=1.1133  mixup=29/100  3.1 sps  ETA 4.1h
              R²_rand=0.9903  R²_naive=0.9914  U_t=0.1500  U_b=0.1552  AUC=1.0000  Top1=1.0000
  timing: data=43.0ms  fwd=93.4ms  bwd=8.9ms  total=145.8ms
  -> Saved /home/jupyter/contrastive-forecasting/checkpoints/enc_fcst_dk09_fp32_150k_105k.pth
[ 105100] loss=1.9922  ema_loss=1.9967  gap=1.1148  ema_gap=1.1130  mixup=32/100  3.1 sps  ETA 4.0h
              R²_rand=0.9902  R²_naive=0.9913  U_t=0.1492  U_b=0.1559  AUC=1.0000  Top1=1.0000
  timing: data=41.9ms  fwd=90.8ms  bwd=9.2ms  total=142.4ms
[ 105200] loss=2.0003  ema_loss=1.9971  gap=1.1119  ema_gap=1.1128  mixup=35/100  3.1 sps  ETA 4.0h
              R²_rand=0.9901  R²_naive=0.9913  U_t=0.1503  U_b=0.1555  AUC=1.0000  Top1=1.0000
  timing: data=3.8ms  fwd=95.7ms  bwd=8.8ms  total=108.7ms
[ 105300] loss=1.9989  ema_loss=1.9969  gap=1.1127  ema_gap=1.1128  mixup=35/100  3.1 sps  ETA 4.0h
              R²_rand=0.9902  R²_naive=0.9914  U_t=0.1502  U_b=0.1557  AUC=1.0000  Top1=1.0000
  timing: data=43.9ms  fwd=89.4ms  bwd=8.9ms  total=142.7ms
[ 105400] loss=1.9968  ema_loss=1.9968  gap=1.1100  ema_gap=1.1123  mixup=27/100  3.1 sps  ETA 4.0h
              R²_rand=0.9901  R²_naive=0.9913  U_t=0.1508  U_b=0.1555  AUC=1.0000  Top1=1.0000
  timing: data=49.8ms  fwd=91.3ms  bwd=8.8ms  total=150.3ms
[ 105500] loss=1.9975  ema_loss=1.9968  gap=1.1097  ema_gap=1.1123  mixup=29/100  3.1 sps  ETA 4.0h
              R²_rand=0.9903  R²_naive=0.9914  U_t=0.1509  U_b=0.1560  AUC=1.0000  Top1=1.0000
  timing: data=3.7ms  fwd=94.6ms  bwd=9.0ms  total=107.9ms
[ 105600] loss=2.0003  ema_loss=1.9969  gap=1.1042  ema_gap=1.1122  mixup=23/100  3.1 sps  ETA 4.0h
              R²_rand=0.9903  R²_naive=0.9913  U_t=0.1498  U_b=0.1557  AUC=1.0000  Top1=1.0000
  timing: data=41.4ms  fwd=92.7ms  bwd=9.3ms  total=143.8ms
[ 105700] loss=1.9933  ema_loss=1.9970  gap=1.1118  ema_gap=1.1124  mixup=25/100  3.1 sps  ETA 4.0h
              R²_rand=0.9902  R²_naive=0.9914  U_t=0.1509  U_b=0.1560  AUC=1.0000  Top1=1.0000
  timing: data=42.8ms  fwd=92.2ms  bwd=9.1ms  total=144.6ms
[ 105800] loss=2.0015  ema_loss=1.9970  gap=1.1049  ema_gap=1.1119  mixup=27/100  3.1 sps  ETA 4.0h
              R²_rand=0.9903  R²_naive=0.9913  U_t=0.1500  U_b=0.1554  AUC=1.0000  Top1=1.0000
  timing: data=3.4ms  fwd=95.2ms  bwd=9.0ms  total=108.0ms
[ 105900] loss=1.9975  ema_loss=1.9971  gap=1.1209  ema_gap=1.1113  mixup=25/100  3.1 sps  ETA 4.0h
              R²_rand=0.9903  R²_naive=0.9915  U_t=0.1502  U_b=0.1552  AUC=1.0000  Top1=1.0000
  timing: data=48.4ms  fwd=92.7ms  bwd=9.5ms  total=151.1ms
[ 106000] loss=1.9983  ema_loss=1.9970  gap=1.1122  ema_gap=1.1112  mixup=33/100  3.1 sps  ETA 4.0h
              R²_rand=0.9904  R²_naive=0.9914  U_t=0.1497  U_b=0.1557  AUC=1.0000  Top1=1.0000
  timing: data=3.4ms  fwd=93.7ms  bwd=8.6ms  total=106.1ms
[ 106100] loss=1.9961  ema_loss=1.9972  gap=1.1096  ema_gap=1.1117  mixup=35/100  3.1 sps  ETA 4.0h
              R²_rand=0.9901  R²_naive=0.9913  U_t=0.1507  U_b=0.1556  AUC=1.0000  Top1=1.0000
  timing: data=45.2ms  fwd=91.5ms  bwd=9.7ms  total=146.9ms
[ 106200] loss=1.9983  ema_loss=1.9971  gap=1.1120  ema_gap=1.1115  mixup=24/100  3.1 sps  ETA 3.9h
              R²_rand=0.9903  R²_naive=0.9914  U_t=0.1500  U_b=0.1553  AUC=1.0000  Top1=1.0000
  timing: data=48.2ms  fwd=91.9ms  bwd=10.2ms  total=150.9ms
[ 106300] loss=1.9988  ema_loss=1.9969  gap=1.1082  ema_gap=1.1112  mixup=30/100  3.1 sps  ETA 3.9h
              R²_rand=0.9901  R²_naive=0.9913  U_t=0.1500  U_b=0.1552  AUC=1.0000  Top1=1.0000
  timing: data=5.0ms  fwd=93.6ms  bwd=9.4ms  total=108.4ms
[ 106400] loss=1.9979  ema_loss=1.9969  gap=1.1123  ema_gap=1.1119  mixup=25/100  3.1 sps  ETA 3.9h
              R²_rand=0.9902  R²_naive=0.9913  U_t=0.1493  U_b=0.1554  AUC=1.0000  Top1=1.0000
  timing: data=41.8ms  fwd=92.0ms  bwd=8.8ms  total=143.1ms
[ 106500] loss=1.9951  ema_loss=1.9970  gap=1.1080  ema_gap=1.1124  mixup=32/100  3.1 sps  ETA 3.9h
              R²_rand=0.9902  R²_naive=0.9913  U_t=0.1505  U_b=0.1555  AUC=1.0000  Top1=1.0000
  timing: data=55.8ms  fwd=91.4ms  bwd=8.9ms  total=156.5ms
[ 106600] loss=1.9984  ema_loss=1.9971  gap=1.1079  ema_gap=1.1127  mixup=32/100  3.1 sps  ETA 3.9h
              R²_rand=0.9901  R²_naive=0.9913  U_t=0.1505  U_b=0.1555  AUC=1.0000  Top1=1.0000
  timing: data=3.9ms  fwd=94.2ms  bwd=9.8ms  total=108.4ms
[ 106700] loss=1.9913  ema_loss=1.9968  gap=1.1111  ema_gap=1.1110  mixup=30/100  3.1 sps  ETA 3.9h
              R²_rand=0.9902  R²_naive=0.9913  U_t=0.1505  U_b=0.1562  AUC=1.0000  Top1=1.0000
  timing: data=41.3ms  fwd=91.8ms  bwd=9.8ms  total=143.4ms
[ 106800] loss=1.9997  ema_loss=1.9965  gap=1.1104  ema_gap=1.1117  mixup=21/100  3.1 sps  ETA 3.9h
              R²_rand=0.9903  R²_naive=0.9914  U_t=0.1513  U_b=0.1555  AUC=1.0000  Top1=1.0000
  timing: data=40.9ms  fwd=92.4ms  bwd=9.0ms  total=142.9ms
[ 106900] loss=1.9961  ema_loss=1.9970  gap=1.1112  ema_gap=1.1118  mixup=34/100  3.1 sps  ETA 3.9h
              R²_rand=0.9902  R²_naive=0.9914  U_t=0.1495  U_b=0.1553  AUC=1.0000  Top1=1.0000
  timing: data=3.6ms  fwd=94.7ms  bwd=8.9ms  total=107.6ms
[ 107000] loss=1.9957  ema_loss=1.9968  gap=1.1135  ema_gap=1.1120  mixup=36/100  3.1 sps  ETA 3.9h
              R²_rand=0.9902  R²_naive=0.9913  U_t=0.1493  U_b=0.1554  AUC=1.0000  Top1=1.0000
  timing: data=43.5ms  fwd=92.1ms  bwd=8.7ms  total=144.8ms
[ 107100] loss=1.9987  ema_loss=1.9966  gap=1.1119  ema_gap=1.1113  mixup=31/100  3.1 sps  ETA 3.9h
              R²_rand=0.9904  R²_naive=0.9915  U_t=0.1502  U_b=0.1560  AUC=1.0000  Top1=1.0000
  timing: data=3.5ms  fwd=94.7ms  bwd=8.9ms  total=107.5ms
[ 107200] loss=1.9930  ema_loss=1.9970  gap=1.1168  ema_gap=1.1128  mixup=43/100  3.1 sps  ETA 3.9h
              R²_rand=0.9903  R²_naive=0.9914  U_t=0.1503  U_b=0.1559  AUC=1.0000  Top1=1.0000
  timing: data=43.7ms  fwd=92.3ms  bwd=8.8ms  total=145.3ms
[ 107300] loss=1.9956  ema_loss=1.9965  gap=1.1089  ema_gap=1.1126  mixup=28/100  3.1 sps  ETA 3.9h
              R²_rand=0.9903  R²_naive=0.9913  U_t=0.1502  U_b=0.1557  AUC=1.0000  Top1=1.0000
  timing: data=46.6ms  fwd=93.0ms  bwd=9.4ms  total=149.4ms
[ 107400] loss=1.9976  ema_loss=1.9969  gap=1.1148  ema_gap=1.1130  mixup=31/100  3.1 sps  ETA 3.8h
              R²_rand=0.9904  R²_naive=0.9915  U_t=0.1505  U_b=0.1556  AUC=1.0000  Top1=1.0000
  timing: data=4.4ms  fwd=92.5ms  bwd=9.7ms  total=107.1ms
[ 107500] loss=1.9968  ema_loss=1.9971  gap=1.1071  ema_gap=1.1128  mixup=24/100  3.1 sps  ETA 3.8h
              R²_rand=0.9903  R²_naive=0.9914  U_t=0.1496  U_b=0.1553  AUC=1.0000  Top1=1.0000
  timing: data=43.9ms  fwd=92.7ms  bwd=8.7ms  total=145.7ms
[ 107600] loss=1.9967  ema_loss=1.9970  gap=1.1148  ema_gap=1.1119  mixup=22/100  3.1 sps  ETA 3.8h
              R²_rand=0.9902  R²_naive=0.9913  U_t=0.1504  U_b=0.1556  AUC=1.0000  Top1=1.0000
  timing: data=44.0ms  fwd=92.9ms  bwd=10.0ms  total=147.3ms
[ 107700] loss=1.9930  ema_loss=1.9968  gap=1.1147  ema_gap=1.1128  mixup=38/100  3.1 sps  ETA 3.8h
              R²_rand=0.9902  R²_naive=0.9913  U_t=0.1505  U_b=0.1556  AUC=1.0000  Top1=1.0000
  timing: data=4.2ms  fwd=93.0ms  bwd=9.2ms  total=106.9ms
[ 107800] loss=1.9972  ema_loss=1.9968  gap=1.1140  ema_gap=1.1132  mixup=32/100  3.1 sps  ETA 3.8h
              R²_rand=0.9903  R²_naive=0.9914  U_t=0.1497  U_b=0.1556  AUC=1.0000  Top1=1.0000
  timing: data=44.3ms  fwd=92.3ms  bwd=9.5ms  total=146.7ms
[ 107900] loss=1.9931  ema_loss=1.9969  gap=1.1143  ema_gap=1.1134  mixup=24/100  3.1 sps  ETA 3.8h
              R²_rand=0.9902  R²_naive=0.9913  U_t=0.1501  U_b=0.1561  AUC=1.0000  Top1=1.0000
  timing: data=38.2ms  fwd=92.3ms  bwd=8.9ms  total=139.9ms
[ 108000] loss=1.9971  ema_loss=1.9967  gap=1.1115  ema_gap=1.1130  mixup=29/100  3.1 sps  ETA 3.8h
              R²_rand=0.9902  R²_naive=0.9912  U_t=0.1511  U_b=0.1556  AUC=1.0000  Top1=1.0000
  timing: data=3.5ms  fwd=94.4ms  bwd=9.8ms  total=108.2ms
[ 108100] loss=1.9964  ema_loss=1.9966  gap=1.1200  ema_gap=1.1137  mixup=30/100  3.1 sps  ETA 3.8h
              R²_rand=0.9903  R²_naive=0.9914  U_t=0.1496  U_b=0.1557  AUC=1.0000  Top1=1.0000
  timing: data=38.5ms  fwd=93.2ms  bwd=8.8ms  total=141.0ms
[ 108200] loss=2.0031  ema_loss=1.9968  gap=1.1136  ema_gap=1.1130  mixup=36/100  3.1 sps  ETA 3.8h
              R²_rand=0.9901  R²_naive=0.9913  U_t=0.1503  U_b=0.1552  AUC=1.0000  Top1=1.0000
  timing: data=43.4ms  fwd=92.9ms  bwd=9.6ms  total=146.4ms
[ 108300] loss=1.9994  ema_loss=1.9973  gap=1.1152  ema_gap=1.1136  mixup=41/100  3.1 sps  ETA 3.8h
              R²_rand=0.9900  R²_naive=0.9913  U_t=0.1507  U_b=0.1556  AUC=1.0000  Top1=1.0000
  timing: data=4.1ms  fwd=93.9ms  bwd=10.0ms  total=108.6ms
[ 108400] loss=1.9953  ema_loss=1.9971  gap=1.1194  ema_gap=1.1140  mixup=32/100  3.1 sps  ETA 3.8h
              R²_rand=0.9903  R²_naive=0.9915  U_t=0.1508  U_b=0.1556  AUC=1.0000  Top1=1.0000
  timing: data=40.8ms  fwd=91.5ms  bwd=9.4ms  total=142.2ms
[ 108500] loss=2.0025  ema_loss=1.9969  gap=1.1140  ema_gap=1.1136  mixup=28/100  3.1 sps  ETA 3.7h
              R²_rand=0.9902  R²_naive=0.9913  U_t=0.1502  U_b=0.1551  AUC=1.0000  Top1=1.0000
  timing: data=4.6ms  fwd=92.5ms  bwd=8.6ms  total=106.1ms
[ 108600] loss=1.9947  ema_loss=1.9968  gap=1.1099  ema_gap=1.1138  mixup=25/100  3.1 sps  ETA 3.7h
              R²_rand=0.9902  R²_naive=0.9914  U_t=0.1512  U_b=0.1560  AUC=1.0000  Top1=1.0000
  timing: data=42.7ms  fwd=93.3ms  bwd=9.7ms  total=146.2ms
[ 108700] loss=2.0002  ema_loss=1.9971  gap=1.1050  ema_gap=1.1122  mixup=29/100  3.1 sps  ETA 3.7h
              R²_rand=0.9901  R²_naive=0.9911  U_t=0.1507  U_b=0.1555  AUC=1.0000  Top1=1.0000
  timing: data=43.5ms  fwd=92.4ms  bwd=10.1ms  total=146.4ms
[ 108800] loss=1.9999  ema_loss=1.9966  gap=1.1113  ema_gap=1.1111  mixup=18/100  3.1 sps  ETA 3.7h
              R²_rand=0.9903  R²_naive=0.9914  U_t=0.1506  U_b=0.1552  AUC=1.0000  Top1=1.0000
  timing: data=3.0ms  fwd=94.8ms  bwd=9.4ms  total=107.7ms
[ 108900] loss=2.0000  ema_loss=1.9966  gap=1.1173  ema_gap=1.1116  mixup=28/100  3.1 sps  ETA 3.7h
              R²_rand=0.9902  R²_naive=0.9914  U_t=0.1498  U_b=0.1555  AUC=1.0000  Top1=1.0000
  timing: data=41.6ms  fwd=92.7ms  bwd=9.1ms  total=143.7ms
[ 109000] loss=1.9931  ema_loss=1.9965  gap=1.1070  ema_gap=1.1124  mixup=28/100  3.1 sps  ETA 3.7h
              R²_rand=0.9903  R²_naive=0.9914  U_t=0.1502  U_b=0.1561  AUC=1.0000  Top1=1.0000
  timing: data=40.0ms  fwd=92.8ms  bwd=9.1ms  total=142.3ms
[ 109100] loss=1.9976  ema_loss=1.9968  gap=1.1139  ema_gap=1.1125  mixup=32/100  3.1 sps  ETA 3.7h
              R²_rand=0.9899  R²_naive=0.9912  U_t=0.1505  U_b=0.1554  AUC=1.0000  Top1=1.0000
  timing: data=3.6ms  fwd=93.7ms  bwd=8.8ms  total=106.5ms
[ 109200] loss=1.9979  ema_loss=1.9969  gap=1.1174  ema_gap=1.1135  mixup=34/100  3.1 sps  ETA 3.7h
              R²_rand=0.9901  R²_naive=0.9912  U_t=0.1502  U_b=0.1550  AUC=1.0000  Top1=1.0000
  timing: data=42.6ms  fwd=92.4ms  bwd=9.8ms  total=145.3ms
[ 109300] loss=1.9960  ema_loss=1.9966  gap=1.1116  ema_gap=1.1133  mixup=30/100  3.1 sps  ETA 3.7h
              R²_rand=0.9903  R²_naive=0.9914  U_t=0.1502  U_b=0.1553  AUC=1.0000  Top1=1.0000
  timing: data=45.0ms  fwd=91.3ms  bwd=11.1ms  total=147.9ms
[ 109400] loss=1.9987  ema_loss=1.9966  gap=1.1140  ema_gap=1.1127  mixup=33/100  3.1 sps  ETA 3.7h
              R²_rand=0.9901  R²_naive=0.9913  U_t=0.1501  U_b=0.1554  AUC=1.0000  Top1=1.0000
  timing: data=5.1ms  fwd=92.5ms  bwd=10.3ms  total=108.4ms
[ 109500] loss=1.9982  ema_loss=1.9968  gap=1.1086  ema_gap=1.1124  mixup=32/100  3.1 sps  ETA 3.7h
              R²_rand=0.9902  R²_naive=0.9913  U_t=0.1499  U_b=0.1556  AUC=1.0000  Top1=1.0000
  timing: data=45.1ms  fwd=91.8ms  bwd=8.8ms  total=146.2ms
[ 109600] loss=1.9959  ema_loss=1.9965  gap=1.1144  ema_gap=1.1127  mixup=25/100  3.1 sps  ETA 3.6h
              R²_rand=0.9903  R²_naive=0.9914  U_t=0.1494  U_b=0.1555  AUC=1.0000  Top1=1.0000
  timing: data=3.5ms  fwd=94.2ms  bwd=9.4ms  total=107.5ms
[ 109700] loss=1.9932  ema_loss=1.9963  gap=1.1088  ema_gap=1.1128  mixup=39/100  3.1 sps  ETA 3.6h
              R²_rand=0.9902  R²_naive=0.9913  U_t=0.1502  U_b=0.1561  AUC=1.0000  Top1=1.0000
  timing: data=42.0ms  fwd=92.6ms  bwd=9.9ms  total=145.0ms
  -> Saved /home/jupyter/contrastive-forecasting/checkpoints/enc_fcst_dk09_fp32_150k_best_loss.pth
[ 109800] loss=1.9966  ema_loss=1.9968  gap=1.1151  ema_gap=1.1127  mixup=30/100  3.1 sps  ETA 3.6h
              R²_rand=0.9903  R²_naive=0.9914  U_t=0.1504  U_b=0.1559  AUC=1.0000  Top1=1.0000
  timing: data=42.6ms  fwd=92.0ms  bwd=9.7ms  total=144.7ms
[ 109900] loss=1.9925  ema_loss=1.9967  gap=1.1186  ema_gap=1.1129  mixup=16/100  3.1 sps  ETA 3.6h
              R²_rand=0.9903  R²_naive=0.9914  U_t=0.1496  U_b=0.1563  AUC=1.0000  Top1=1.0000
  timing: data=3.1ms  fwd=95.4ms  bwd=9.1ms  total=108.1ms
[ 110000] loss=1.9939  ema_loss=1.9965  gap=1.1083  ema_gap=1.1126  mixup=26/100  3.1 sps  ETA 3.6h
              R²_rand=0.9903  R²_naive=0.9914  U_t=0.1500  U_b=0.1554  AUC=1.0000  Top1=1.0000
  timing: data=44.4ms  fwd=93.0ms  bwd=9.0ms  total=146.8ms
  -> Saved /home/jupyter/contrastive-forecasting/checkpoints/enc_fcst_dk09_fp32_150k_110k.pth
[ 110100] loss=2.0008  ema_loss=1.9968  gap=1.1063  ema_gap=1.1135  mixup=26/100  3.1 sps  ETA 3.6h
              R²_rand=0.9903  R²_naive=0.9914  U_t=0.1504  U_b=0.1546  AUC=1.0000  Top1=1.0000
  timing: data=41.5ms  fwd=92.6ms  bwd=8.7ms  total=143.2ms
[ 110200] loss=1.9946  ema_loss=1.9969  gap=1.1138  ema_gap=1.1138  mixup=33/100  3.1 sps  ETA 3.6h
              R²_rand=0.9902  R²_naive=0.9914  U_t=0.1507  U_b=0.1557  AUC=1.0000  Top1=1.0000
  timing: data=3.5ms  fwd=94.4ms  bwd=8.7ms  total=107.0ms
[ 110300] loss=1.9946  ema_loss=1.9971  gap=1.1092  ema_gap=1.1132  mixup=29/100  3.1 sps  ETA 3.6h
              R²_rand=0.9904  R²_naive=0.9914  U_t=0.1508  U_b=0.1552  AUC=1.0000  Top1=1.0000
  timing: data=41.7ms  fwd=91.6ms  bwd=8.8ms  total=142.5ms
[ 110400] loss=1.9986  ema_loss=1.9973  gap=1.1108  ema_gap=1.1123  mixup=37/100  3.1 sps  ETA 3.6h
              R²_rand=0.9902  R²_naive=0.9913  U_t=0.1496  U_b=0.1556  AUC=1.0000  Top1=1.0000
  timing: data=43.7ms  fwd=91.8ms  bwd=8.9ms  total=144.8ms
[ 110500] loss=2.0023  ema_loss=1.9968  gap=1.1162  ema_gap=1.1121  mixup=25/100  3.1 sps  ETA 3.6h
              R²_rand=0.9901  R²_naive=0.9913  U_t=0.1501  U_b=0.1553  AUC=1.0000  Top1=1.0000
  timing: data=3.3ms  fwd=94.6ms  bwd=9.2ms  total=107.5ms
[ 110600] loss=1.9932  ema_loss=1.9968  gap=1.1087  ema_gap=1.1124  mixup=30/100  3.1 sps  ETA 3.6h
              R²_rand=0.9902  R²_naive=0.9914  U_t=0.1506  U_b=0.1562  AUC=1.0000  Top1=1.0000
  timing: data=41.7ms  fwd=92.9ms  bwd=8.8ms  total=143.7ms
[ 110700] loss=1.9964  ema_loss=1.9964  gap=1.1098  ema_gap=1.1116  mixup=33/100  3.1 sps  ETA 3.5h
              R²_rand=0.9902  R²_naive=0.9914  U_t=0.1507  U_b=0.1555  AUC=1.0000  Top1=1.0000
  timing: data=42.3ms  fwd=91.5ms  bwd=8.8ms  total=143.0ms
[ 110800] loss=1.9966  ema_loss=1.9968  gap=1.1128  ema_gap=1.1115  mixup=27/100  3.1 sps  ETA 3.5h
              R²_rand=0.9903  R²_naive=0.9914  U_t=0.1507  U_b=0.1557  AUC=1.0000  Top1=1.0000
  timing: data=3.6ms  fwd=94.2ms  bwd=9.5ms  total=107.8ms
[ 110900] loss=2.0009  ema_loss=1.9969  gap=1.1100  ema_gap=1.1116  mixup=25/100  3.1 sps  ETA 3.5h
              R²_rand=0.9902  R²_naive=0.9913  U_t=0.1504  U_b=0.1555  AUC=1.0000  Top1=1.0000
  timing: data=41.5ms  fwd=92.3ms  bwd=9.8ms  total=144.1ms
[ 111000] loss=1.9935  ema_loss=1.9968  gap=1.1162  ema_gap=1.1121  mixup=26/100  3.1 sps  ETA 3.5h
              R²_rand=0.9903  R²_naive=0.9914  U_t=0.1507  U_b=0.1555  AUC=1.0000  Top1=1.0000
  timing: data=3.5ms  fwd=93.9ms  bwd=9.3ms  total=107.1ms
[ 111100] loss=1.9939  ema_loss=1.9971  gap=1.1142  ema_gap=1.1116  mixup=27/100  3.1 sps  ETA 3.5h
              R²_rand=0.9902  R²_naive=0.9914  U_t=0.1505  U_b=0.1563  AUC=1.0000  Top1=1.0000
  timing: data=44.3ms  fwd=92.0ms  bwd=9.9ms  total=146.6ms
[ 111200] loss=1.9908  ema_loss=1.9964  gap=1.1145  ema_gap=1.1121  mixup=31/100  3.1 sps  ETA 3.5h
              R²_rand=0.9903  R²_naive=0.9914  U_t=0.1503  U_b=0.1557  AUC=1.0000  Top1=1.0000
  timing: data=41.7ms  fwd=91.8ms  bwd=8.9ms  total=142.9ms
[ 111300] loss=1.9964  ema_loss=1.9964  gap=1.1110  ema_gap=1.1117  mixup=33/100  3.1 sps  ETA 3.5h
              R²_rand=0.9905  R²_naive=0.9915  U_t=0.1502  U_b=0.1558  AUC=1.0000  Top1=1.0000
  timing: data=3.4ms  fwd=93.9ms  bwd=8.8ms  total=106.6ms
[ 111400] loss=2.0010  ema_loss=1.9964  gap=1.1136  ema_gap=1.1130  mixup=24/100  3.1 sps  ETA 3.5h
              R²_rand=0.9901  R²_naive=0.9913  U_t=0.1501  U_b=0.1552  AUC=1.0000  Top1=1.0000
  timing: data=40.9ms  fwd=91.9ms  bwd=9.6ms  total=142.8ms
[ 111500] loss=1.9935  ema_loss=1.9967  gap=1.1072  ema_gap=1.1126  mixup=39/100  3.1 sps  ETA 3.5h
              R²_rand=0.9902  R²_naive=0.9913  U_t=0.1503  U_b=0.1555  AUC=1.0000  Top1=1.0000
  timing: data=43.2ms  fwd=91.9ms  bwd=9.2ms  total=144.7ms
[ 111600] loss=1.9972  ema_loss=1.9967  gap=1.1123  ema_gap=1.1134  mixup=26/100  3.1 sps  ETA 3.5h
              R²_rand=0.9903  R²_naive=0.9914  U_t=0.1497  U_b=0.1554  AUC=1.0000  Top1=1.0000
  timing: data=4.9ms  fwd=94.1ms  bwd=9.4ms  total=109.0ms
[ 111700] loss=1.9974  ema_loss=1.9968  gap=1.1121  ema_gap=1.1129  mixup=40/100  3.1 sps  ETA 3.5h
              R²_rand=0.9903  R²_naive=0.9914  U_t=0.1508  U_b=0.1554  AUC=1.0000  Top1=1.0000
  timing: data=42.7ms  fwd=91.9ms  bwd=9.4ms  total=144.5ms
[ 111800] loss=1.9963  ema_loss=1.9965  gap=1.1086  ema_gap=1.1123  mixup=37/100  3.1 sps  ETA 3.4h
              R²_rand=0.9904  R²_naive=0.9914  U_t=0.1509  U_b=0.1557  AUC=1.0000  Top1=1.0000
  timing: data=42.1ms  fwd=92.2ms  bwd=8.8ms  total=143.6ms
[ 111900] loss=1.9979  ema_loss=1.9969  gap=1.1162  ema_gap=1.1124  mixup=26/100  3.1 sps  ETA 3.4h
              R²_rand=0.9902  R²_naive=0.9913  U_t=0.1503  U_b=0.1549  AUC=1.0000  Top1=1.0000
  timing: data=3.5ms  fwd=93.0ms  bwd=8.8ms  total=105.7ms
[ 112000] loss=2.0003  ema_loss=1.9969  gap=1.1110  ema_gap=1.1129  mixup=37/100  3.1 sps  ETA 3.4h
              R²_rand=0.9903  R²_naive=0.9914  U_t=0.1500  U_b=0.1551  AUC=1.0000  Top1=1.0000
  timing: data=41.2ms  fwd=92.2ms  bwd=9.1ms  total=142.9ms
[ 112100] loss=1.9916  ema_loss=1.9965  gap=1.1170  ema_gap=1.1138  mixup=22/100  3.1 sps  ETA 3.4h
              R²_rand=0.9903  R²_naive=0.9914  U_t=0.1504  U_b=0.1560  AUC=1.0000  Top1=1.0000
  timing: data=3.1ms  fwd=92.8ms  bwd=9.6ms  total=106.0ms
[ 112200] loss=1.9992  ema_loss=1.9964  gap=1.1151  ema_gap=1.1137  mixup=30/100  3.1 sps  ETA 3.4h
              R²_rand=0.9903  R²_naive=0.9914  U_t=0.1496  U_b=0.1557  AUC=1.0000  Top1=1.0000
  timing: data=45.1ms  fwd=94.1ms  bwd=9.7ms  total=149.3ms
[ 112300] loss=1.9997  ema_loss=1.9968  gap=1.1125  ema_gap=1.1131  mixup=26/100  3.1 sps  ETA 3.4h
              R²_rand=0.9902  R²_naive=0.9912  U_t=0.1496  U_b=0.1553  AUC=1.0000  Top1=1.0000
  timing: data=44.0ms  fwd=93.6ms  bwd=9.5ms  total=147.6ms
[ 112400] loss=2.0001  ema_loss=1.9973  gap=1.1139  ema_gap=1.1130  mixup=34/100  3.1 sps  ETA 3.4h
              R²_rand=0.9901  R²_naive=0.9912  U_t=0.1492  U_b=0.1554  AUC=1.0000  Top1=1.0000
  timing: data=3.7ms  fwd=93.8ms  bwd=9.0ms  total=106.9ms
[ 112500] loss=1.9997  ema_loss=1.9968  gap=1.1162  ema_gap=1.1136  mixup=29/100  3.1 sps  ETA 3.4h
              R²_rand=0.9902  R²_naive=0.9914  U_t=0.1500  U_b=0.1556  AUC=1.0000  Top1=1.0000
  timing: data=62.6ms  fwd=91.2ms  bwd=10.3ms  total=164.5ms
[ 112600] loss=2.0014  ema_loss=1.9968  gap=1.1128  ema_gap=1.1128  mixup=18/100  3.1 sps  ETA 3.4h
              R²_rand=0.9902  R²_naive=0.9913  U_t=0.1508  U_b=0.1550  AUC=1.0000  Top1=1.0000
  timing: data=41.9ms  fwd=91.2ms  bwd=9.7ms  total=143.3ms
[ 112700] loss=1.9990  ema_loss=1.9968  gap=1.1069  ema_gap=1.1128  mixup=23/100  3.1 sps  ETA 3.4h
              R²_rand=0.9903  R²_naive=0.9914  U_t=0.1502  U_b=0.1559  AUC=1.0000  Top1=1.0000
  timing: data=4.7ms  fwd=93.1ms  bwd=9.5ms  total=107.9ms
[ 112800] loss=1.9983  ema_loss=1.9969  gap=1.1057  ema_gap=1.1116  mixup=33/100  3.1 sps  ETA 3.4h
              R²_rand=0.9902  R²_naive=0.9913  U_t=0.1496  U_b=0.1554  AUC=1.0000  Top1=1.0000
  timing: data=41.2ms  fwd=92.6ms  bwd=10.0ms  total=144.2ms
[ 112900] loss=1.9980  ema_loss=1.9965  gap=1.1123  ema_gap=1.1131  mixup=28/100  3.1 sps  ETA 3.3h
              R²_rand=0.9902  R²_naive=0.9914  U_t=0.1501  U_b=0.1557  AUC=1.0000  Top1=1.0000
  timing: data=42.3ms  fwd=93.5ms  bwd=10.1ms  total=146.3ms
[ 113000] loss=1.9971  ema_loss=1.9967  gap=1.1109  ema_gap=1.1128  mixup=26/100  3.1 sps  ETA 3.3h
              R²_rand=0.9902  R²_naive=0.9913  U_t=0.1514  U_b=0.1558  AUC=1.0000  Top1=1.0000
  timing: data=3.6ms  fwd=94.5ms  bwd=9.3ms  total=107.9ms
[ 113100] loss=1.9966  ema_loss=1.9966  gap=1.1131  ema_gap=1.1133  mixup=35/100  3.1 sps  ETA 3.3h
              R²_rand=0.9903  R²_naive=0.9915  U_t=0.1491  U_b=0.1553  AUC=1.0000  Top1=1.0000
  timing: data=39.2ms  fwd=92.7ms  bwd=9.0ms  total=141.3ms
[ 113200] loss=1.9955  ema_loss=1.9959  gap=1.1130  ema_gap=1.1126  mixup=24/100  3.1 sps  ETA 3.3h
              R²_rand=0.9903  R²_naive=0.9913  U_t=0.1505  U_b=0.1556  AUC=1.0000  Top1=1.0000
  timing: data=40.5ms  fwd=93.4ms  bwd=8.9ms  total=143.1ms
  -> Saved /home/jupyter/contrastive-forecasting/checkpoints/enc_fcst_dk09_fp32_150k_best_loss.pth
[ 113300] loss=1.9938  ema_loss=1.9962  gap=1.1134  ema_gap=1.1129  mixup=31/100  3.1 sps  ETA 3.3h
              R²_rand=0.9902  R²_naive=0.9914  U_t=0.1505  U_b=0.1555  AUC=1.0000  Top1=1.0000
  timing: data=3.4ms  fwd=94.2ms  bwd=9.4ms  total=107.4ms
[ 113400] loss=1.9923  ema_loss=1.9968  gap=1.1163  ema_gap=1.1130  mixup=35/100  3.1 sps  ETA 3.3h
              R²_rand=0.9902  R²_naive=0.9915  U_t=0.1503  U_b=0.1558  AUC=1.0000  Top1=1.0000
  timing: data=43.7ms  fwd=91.8ms  bwd=9.2ms  total=145.2ms
[ 113500] loss=1.9949  ema_loss=1.9969  gap=1.1187  ema_gap=1.1130  mixup=25/100  3.1 sps  ETA 3.3h
              R²_rand=0.9903  R²_naive=0.9914  U_t=0.1492  U_b=0.1559  AUC=1.0000  Top1=1.0000
  timing: data=3.2ms  fwd=93.7ms  bwd=9.4ms  total=106.7ms
[ 113600] loss=2.0020  ema_loss=1.9967  gap=1.1176  ema_gap=1.1136  mixup=27/100  3.1 sps  ETA 3.3h
              R²_rand=0.9901  R²_naive=0.9913  U_t=0.1497  U_b=0.1553  AUC=1.0000  Top1=1.0000
  timing: data=111.9ms  fwd=89.3ms  bwd=9.4ms  total=211.0ms
[ 113700] loss=1.9926  ema_loss=1.9964  gap=1.1173  ema_gap=1.1130  mixup=32/100  3.1 sps  ETA 3.3h
              R²_rand=0.9904  R²_naive=0.9915  U_t=0.1504  U_b=0.1554  AUC=1.0000  Top1=1.0000
  timing: data=45.9ms  fwd=92.1ms  bwd=8.8ms  total=147.2ms
[ 113800] loss=2.0008  ema_loss=1.9963  gap=1.1123  ema_gap=1.1130  mixup=28/100  3.1 sps  ETA 3.3h
              R²_rand=0.9904  R²_naive=0.9915  U_t=0.1506  U_b=0.1553  AUC=1.0000  Top1=1.0000
  timing: data=4.1ms  fwd=92.9ms  bwd=9.0ms  total=106.4ms
[ 113900] loss=2.0023  ema_loss=1.9964  gap=1.1086  ema_gap=1.1128  mixup=30/100  3.1 sps  ETA 3.3h
              R²_rand=0.9904  R²_naive=0.9914  U_t=0.1503  U_b=0.1552  AUC=1.0000  Top1=1.0000
  timing: data=42.8ms  fwd=91.8ms  bwd=8.7ms  total=143.6ms
[ 114000] loss=1.9997  ema_loss=1.9966  gap=1.1088  ema_gap=1.1138  mixup=38/100  3.1 sps  ETA 3.3h
              R²_rand=0.9902  R²_naive=0.9912  U_t=0.1500  U_b=0.1554  AUC=1.0000  Top1=1.0000
  timing: data=41.4ms  fwd=92.2ms  bwd=9.6ms  total=143.6ms
[ 114100] loss=1.9961  ema_loss=1.9968  gap=1.1130  ema_gap=1.1134  mixup=39/100  3.1 sps  ETA 3.2h
              R²_rand=0.9902  R²_naive=0.9913  U_t=0.1501  U_b=0.1559  AUC=1.0000  Top1=1.0000
  timing: data=4.5ms  fwd=94.3ms  bwd=9.6ms  total=108.8ms
[ 114200] loss=1.9950  ema_loss=1.9968  gap=1.1079  ema_gap=1.1140  mixup=27/100  3.1 sps  ETA 3.2h
              R²_rand=0.9901  R²_naive=0.9912  U_t=0.1504  U_b=0.1565  AUC=1.0000  Top1=1.0000
  timing: data=38.1ms  fwd=92.9ms  bwd=9.2ms  total=140.7ms
[ 114300] loss=2.0004  ema_loss=1.9965  gap=1.1109  ema_gap=1.1143  mixup=33/100  3.1 sps  ETA 3.2h
              R²_rand=0.9902  R²_naive=0.9914  U_t=0.1511  U_b=0.1556  AUC=1.0000  Top1=1.0000
  timing: data=46.9ms  fwd=92.5ms  bwd=8.9ms  total=148.8ms
[ 114400] loss=1.9986  ema_loss=1.9965  gap=1.1097  ema_gap=1.1131  mixup=42/100  3.1 sps  ETA 3.2h
              R²_rand=0.9902  R²_naive=0.9913  U_t=0.1507  U_b=0.1553  AUC=1.0000  Top1=1.0000
  timing: data=4.1ms  fwd=93.8ms  bwd=10.0ms  total=108.3ms
[ 114500] loss=1.9968  ema_loss=1.9962  gap=1.1158  ema_gap=1.1138  mixup=31/100  3.1 sps  ETA 3.2h
              R²_rand=0.9902  R²_naive=0.9913  U_t=0.1495  U_b=0.1556  AUC=1.0000  Top1=1.0000
  timing: data=41.9ms  fwd=91.0ms  bwd=9.4ms  total=142.8ms
[ 114600] loss=1.9920  ema_loss=1.9970  gap=1.1130  ema_gap=1.1132  mixup=34/100  3.1 sps  ETA 3.2h
              R²_rand=0.9903  R²_naive=0.9914  U_t=0.1506  U_b=0.1558  AUC=1.0000  Top1=1.0000
  timing: data=5.5ms  fwd=92.0ms  bwd=9.0ms  total=107.0ms
[ 114700] loss=1.9979  ema_loss=1.9969  gap=1.1115  ema_gap=1.1133  mixup=30/100  3.1 sps  ETA 3.2h
              R²_rand=0.9902  R²_naive=0.9913  U_t=0.1499  U_b=0.1553  AUC=1.0000  Top1=1.0000
  timing: data=45.6ms  fwd=94.4ms  bwd=9.4ms  total=149.8ms
[ 114800] loss=1.9908  ema_loss=1.9963  gap=1.1124  ema_gap=1.1123  mixup=38/100  3.1 sps  ETA 3.2h
              R²_rand=0.9903  R²_naive=0.9914  U_t=0.1499  U_b=0.1558  AUC=1.0000  Top1=1.0000
  timing: data=39.7ms  fwd=91.8ms  bwd=9.9ms  total=141.9ms
[ 114900] loss=1.9960  ema_loss=1.9968  gap=1.1176  ema_gap=1.1124  mixup=39/100  3.1 sps  ETA 3.2h
              R²_rand=0.9904  R²_naive=0.9915  U_t=0.1501  U_b=0.1552  AUC=1.0000  Top1=1.0000
  timing: data=4.5ms  fwd=93.7ms  bwd=9.1ms  total=107.7ms
[ 115000] loss=1.9991  ema_loss=1.9968  gap=1.1141  ema_gap=1.1122  mixup=22/100  3.1 sps  ETA 3.2h
              R²_rand=0.9903  R²_naive=0.9914  U_t=0.1495  U_b=0.1554  AUC=1.0000  Top1=1.0000
  timing: data=44.9ms  fwd=93.0ms  bwd=9.1ms  total=147.4ms
  -> Saved /home/jupyter/contrastive-forecasting/checkpoints/enc_fcst_dk09_fp32_150k_115k.pth
[ 115100] loss=1.9953  ema_loss=1.9966  gap=1.1112  ema_gap=1.1134  mixup=32/100  3.1 sps  ETA 3.2h
              R²_rand=0.9904  R²_naive=0.9914  U_t=0.1511  U_b=0.1559  AUC=1.0000  Top1=1.0000
  timing: data=42.6ms  fwd=91.5ms  bwd=9.9ms  total=144.5ms
[ 115200] loss=1.9971  ema_loss=1.9966  gap=1.1175  ema_gap=1.1138  mixup=31/100  3.1 sps  ETA 3.1h
              R²_rand=0.9903  R²_naive=0.9914  U_t=0.1511  U_b=0.1556  AUC=1.0000  Top1=1.0000
  timing: data=3.6ms  fwd=93.6ms  bwd=9.8ms  total=107.4ms
[ 115300] loss=1.9998  ema_loss=1.9965  gap=1.1133  ema_gap=1.1136  mixup=34/100  3.1 sps  ETA 3.1h
              R²_rand=0.9904  R²_naive=0.9915  U_t=0.1502  U_b=0.1556  AUC=1.0000  Top1=1.0000
  timing: data=44.9ms  fwd=92.2ms  bwd=10.1ms  total=147.6ms
[ 115400] loss=1.9986  ema_loss=1.9967  gap=1.1146  ema_gap=1.1131  mixup=33/100  3.1 sps  ETA 3.1h
              R²_rand=0.9904  R²_naive=0.9915  U_t=0.1502  U_b=0.1555  AUC=1.0000  Top1=1.0000
  timing: data=42.8ms  fwd=92.7ms  bwd=8.7ms  total=144.7ms
[ 115500] loss=2.0007  ema_loss=1.9968  gap=1.1108  ema_gap=1.1115  mixup=24/100  3.1 sps  ETA 3.1h
              R²_rand=0.9900  R²_naive=0.9912  U_t=0.1501  U_b=0.1556  AUC=1.0000  Top1=1.0000
  timing: data=4.6ms  fwd=93.2ms  bwd=8.8ms  total=107.0ms
[ 115600] loss=1.9997  ema_loss=1.9969  gap=1.1130  ema_gap=1.1120  mixup=33/100  3.1 sps  ETA 3.1h
              R²_rand=0.9902  R²_naive=0.9913  U_t=0.1498  U_b=0.1555  AUC=1.0000  Top1=1.0000
  timing: data=42.2ms  fwd=92.5ms  bwd=9.2ms  total=144.4ms
[ 115700] loss=1.9941  ema_loss=1.9969  gap=1.1077  ema_gap=1.1113  mixup=28/100  3.1 sps  ETA 3.1h
              R²_rand=0.9901  R²_naive=0.9912  U_t=0.1507  U_b=0.1559  AUC=1.0000  Top1=1.0000
  timing: data=42.5ms  fwd=92.7ms  bwd=9.0ms  total=144.7ms
[ 115800] loss=1.9996  ema_loss=1.9970  gap=1.1184  ema_gap=1.1113  mixup=25/100  3.1 sps  ETA 3.1h
              R²_rand=0.9902  R²_naive=0.9914  U_t=0.1503  U_b=0.1557  AUC=1.0000  Top1=1.0000
  timing: data=3.5ms  fwd=94.4ms  bwd=9.1ms  total=107.5ms
[ 115900] loss=1.9974  ema_loss=1.9967  gap=1.1179  ema_gap=1.1116  mixup=35/100  3.1 sps  ETA 3.1h
              R²_rand=0.9902  R²_naive=0.9914  U_t=0.1496  U_b=0.1555  AUC=1.0000  Top1=1.0000
  timing: data=44.8ms  fwd=92.0ms  bwd=9.2ms  total=146.4ms
[ 116000] loss=1.9954  ema_loss=1.9970  gap=1.1092  ema_gap=1.1119  mixup=39/100  3.1 sps  ETA 3.1h
              R²_rand=0.9901  R²_naive=0.9912  U_t=0.1515  U_b=0.1562  AUC=1.0000  Top1=1.0000
  timing: data=4.5ms  fwd=93.3ms  bwd=10.1ms  total=108.4ms
[ 116100] loss=1.9848  ema_loss=1.9928  gap=1.1077  ema_gap=1.1103  mixup=24/100  3.1 sps  ETA 3.1h
              R²_rand=0.9901  R²_naive=0.9912  U_t=0.1545  U_b=0.1583  AUC=1.0000  Top1=1.0000
  timing: data=43.9ms  fwd=92.8ms  bwd=9.4ms  total=146.5ms
  -> Saved /home/jupyter/contrastive-forecasting/checkpoints/enc_fcst_dk09_fp32_150k_best_loss.pth
[ 116200] loss=1.9852  ema_loss=1.9881  gap=1.1074  ema_gap=1.1093  mixup=31/100  3.1 sps  ETA 3.1h
              R²_rand=0.9903  R²_naive=0.9913  U_t=0.1533  U_b=0.1583  AUC=1.0000  Top1=1.0000
  timing: data=44.9ms  fwd=93.4ms  bwd=8.8ms  total=147.5ms
  -> Saved /home/jupyter/contrastive-forecasting/checkpoints/enc_fcst_dk09_fp32_150k_best_loss.pth
[ 116300] loss=1.9822  ema_loss=1.9863  gap=1.1073  ema_gap=1.1085  mixup=29/100  3.1 sps  ETA 3.0h
              R²_rand=0.9902  R²_naive=0.9912  U_t=0.1528  U_b=0.1579  AUC=1.0000  Top1=1.0000
  timing: data=3.6ms  fwd=94.8ms  bwd=9.1ms  total=108.1ms
  -> Saved /home/jupyter/contrastive-forecasting/checkpoints/enc_fcst_dk09_fp32_150k_best_loss.pth
[ 116400] loss=1.9831  ema_loss=1.9853  gap=1.1107  ema_gap=1.1097  mixup=30/100  3.1 sps  ETA 3.0h
              R²_rand=0.9901  R²_naive=0.9913  U_t=0.1536  U_b=0.1583  AUC=1.0000  Top1=1.0000
  timing: data=74.5ms  fwd=91.8ms  bwd=9.1ms  total=175.8ms
  -> Saved /home/jupyter/contrastive-forecasting/checkpoints/enc_fcst_dk09_fp32_150k_best_loss.pth
[ 116500] loss=1.9806  ema_loss=1.9852  gap=1.1079  ema_gap=1.1089  mixup=40/100  3.1 sps  ETA 3.0h
              R²_rand=0.9903  R²_naive=0.9914  U_t=0.1534  U_b=0.1581  AUC=1.0000  Top1=1.0000
  timing: data=45.1ms  fwd=92.7ms  bwd=10.3ms  total=148.6ms
  -> Saved /home/jupyter/contrastive-forecasting/checkpoints/enc_fcst_dk09_fp32_150k_best_loss.pth
[ 116600] loss=1.9832  ema_loss=1.9852  gap=1.1122  ema_gap=1.1089  mixup=33/100  3.1 sps  ETA 3.0h
              R²_rand=0.9899  R²_naive=0.9912  U_t=0.1537  U_b=0.1581  AUC=1.0000  Top1=1.0000
  timing: data=4.7ms  fwd=92.5ms  bwd=9.1ms  total=106.7ms
  -> Saved /home/jupyter/contrastive-forecasting/checkpoints/enc_fcst_dk09_fp32_150k_best_loss.pth
[ 116700] loss=1.9873  ema_loss=1.9849  gap=1.1139  ema_gap=1.1090  mixup=30/100  3.1 sps  ETA 3.0h
              R²_rand=0.9902  R²_naive=0.9913  U_t=0.1526  U_b=0.1577  AUC=1.0000  Top1=1.0000
  timing: data=46.7ms  fwd=92.5ms  bwd=8.8ms  total=148.5ms
  -> Saved /home/jupyter/contrastive-forecasting/checkpoints/enc_fcst_dk09_fp32_150k_best_loss.pth
[ 116800] loss=1.9828  ema_loss=1.9853  gap=1.1085  ema_gap=1.1096  mixup=30/100  3.1 sps  ETA 3.0h
              R²_rand=0.9903  R²_naive=0.9914  U_t=0.1531  U_b=0.1581  AUC=1.0000  Top1=1.0000
  timing: data=40.8ms  fwd=92.0ms  bwd=9.4ms  total=142.6ms
[ 116900] loss=1.9877  ema_loss=1.9855  gap=1.1044  ema_gap=1.1089  mixup=28/100  3.1 sps  ETA 3.0h
              R²_rand=0.9903  R²_naive=0.9913  U_t=0.1534  U_b=0.1577  AUC=1.0000  Top1=1.0000
  timing: data=3.4ms  fwd=95.2ms  bwd=9.1ms  total=108.2ms
[ 117000] loss=1.9812  ema_loss=1.9853  gap=1.1025  ema_gap=1.1088  mixup=31/100  3.1 sps  ETA 3.0h
              R²_rand=0.9904  R²_naive=0.9914  U_t=0.1534  U_b=0.1585  AUC=1.0000  Top1=1.0000
  timing: data=42.7ms  fwd=92.0ms  bwd=9.1ms  total=144.3ms
[ 117100] loss=1.9811  ema_loss=1.9852  gap=1.1101  ema_gap=1.1091  mixup=34/100  3.1 sps  ETA 3.0h
              R²_rand=0.9902  R²_naive=0.9913  U_t=0.1535  U_b=0.1583  AUC=1.0000  Top1=1.0000
  timing: data=41.1ms  fwd=91.5ms  bwd=9.6ms  total=142.6ms
[ 117200] loss=1.9896  ema_loss=1.9853  gap=1.1043  ema_gap=1.1089  mixup=23/100  3.1 sps  ETA 3.0h
              R²_rand=0.9902  R²_naive=0.9913  U_t=0.1532  U_b=0.1580  AUC=1.0000  Top1=1.0000
  timing: data=3.1ms  fwd=95.0ms  bwd=8.7ms  total=107.2ms
[ 117300] loss=1.9846  ema_loss=1.9853  gap=1.1102  ema_gap=1.1080  mixup=30/100  3.1 sps  ETA 3.0h
              R²_rand=0.9901  R²_naive=0.9912  U_t=0.1539  U_b=0.1579  AUC=1.0000  Top1=1.0000
  timing: data=39.0ms  fwd=89.9ms  bwd=9.6ms  total=139.0ms
[ 117400] loss=1.9851  ema_loss=1.9853  gap=1.1003  ema_gap=1.1073  mixup=23/100  3.1 sps  ETA 2.9h
              R²_rand=0.9901  R²_naive=0.9911  U_t=0.1531  U_b=0.1582  AUC=1.0000  Top1=1.0000
  timing: data=4.7ms  fwd=94.0ms  bwd=9.2ms  total=108.3ms
[ 117500] loss=1.9876  ema_loss=1.9848  gap=1.1054  ema_gap=1.1074  mixup=28/100  3.1 sps  ETA 2.9h
              R²_rand=0.9901  R²_naive=0.9912  U_t=0.1530  U_b=0.1583  AUC=1.0000  Top1=1.0000
  timing: data=45.7ms  fwd=92.1ms  bwd=9.3ms  total=147.6ms
  -> Saved /home/jupyter/contrastive-forecasting/checkpoints/enc_fcst_dk09_fp32_150k_best_loss.pth
[ 117600] loss=1.9868  ema_loss=1.9849  gap=1.1015  ema_gap=1.1080  mixup=20/100  3.1 sps  ETA 2.9h
              R²_rand=0.9902  R²_naive=0.9912  U_t=0.1534  U_b=0.1579  AUC=1.0000  Top1=1.0000
  timing: data=41.0ms  fwd=92.7ms  bwd=9.5ms  total=143.7ms
[ 117700] loss=1.9800  ema_loss=1.9849  gap=1.1082  ema_gap=1.1070  mixup=27/100  3.1 sps  ETA 2.9h
              R²_rand=0.9904  R²_naive=0.9914  U_t=0.1533  U_b=0.1585  AUC=1.0000  Top1=1.0000
  timing: data=3.9ms  fwd=93.9ms  bwd=9.2ms  total=107.4ms
[ 117800] loss=1.9847  ema_loss=1.9851  gap=1.1101  ema_gap=1.1068  mixup=26/100  3.1 sps  ETA 2.9h
              R²_rand=0.9903  R²_naive=0.9914  U_t=0.1531  U_b=0.1582  AUC=1.0000  Top1=1.0000
  timing: data=40.2ms  fwd=93.3ms  bwd=9.5ms  total=143.4ms
[ 117900] loss=1.9927  ema_loss=1.9848  gap=1.1042  ema_gap=1.1074  mixup=31/100  3.1 sps  ETA 2.9h
              R²_rand=0.9900  R²_naive=0.9910  U_t=0.1533  U_b=0.1579  AUC=1.0000  Top1=1.0000
  timing: data=43.6ms  fwd=92.2ms  bwd=9.5ms  total=145.8ms
  -> Saved /home/jupyter/contrastive-forecasting/checkpoints/enc_fcst_dk09_fp32_150k_best_loss.pth
[ 118000] loss=1.9845  ema_loss=1.9849  gap=1.1083  ema_gap=1.1081  mixup=33/100  3.1 sps  ETA 2.9h
              R²_rand=0.9901  R²_naive=0.9912  U_t=0.1544  U_b=0.1581  AUC=1.0000  Top1=1.0000
  timing: data=4.0ms  fwd=94.9ms  bwd=9.1ms  total=108.5ms
[ 118100] loss=1.9878  ema_loss=1.9854  gap=1.1083  ema_gap=1.1082  mixup=25/100  3.1 sps  ETA 2.9h
              R²_rand=0.9902  R²_naive=0.9913  U_t=0.1532  U_b=0.1580  AUC=1.0000  Top1=1.0000
  timing: data=38.6ms  fwd=92.5ms  bwd=9.1ms  total=140.6ms
[ 118200] loss=1.9888  ema_loss=1.9852  gap=1.1050  ema_gap=1.1076  mixup=29/100  3.1 sps  ETA 2.9h
              R²_rand=0.9901  R²_naive=0.9912  U_t=0.1530  U_b=0.1574  AUC=1.0000  Top1=1.0000
  timing: data=48.4ms  fwd=93.2ms  bwd=9.2ms  total=151.2ms
[ 118300] loss=1.9867  ema_loss=1.9852  gap=1.1068  ema_gap=1.1071  mixup=30/100  3.1 sps  ETA 2.9h
              R²_rand=0.9900  R²_naive=0.9912  U_t=0.1540  U_b=0.1582  AUC=1.0000  Top1=1.0000
  timing: data=5.0ms  fwd=92.9ms  bwd=9.7ms  total=108.1ms
[ 118400] loss=1.9829  ema_loss=1.9851  gap=1.1041  ema_gap=1.1080  mixup=25/100  3.1 sps  ETA 2.9h
              R²_rand=0.9902  R²_naive=0.9913  U_t=0.1548  U_b=0.1585  AUC=1.0000  Top1=1.0000
  timing: data=45.8ms  fwd=91.8ms  bwd=9.0ms  total=147.1ms
[ 118500] loss=1.9835  ema_loss=1.9852  gap=1.1078  ema_gap=1.1073  mixup=23/100  3.1 sps  ETA 2.8h
              R²_rand=0.9902  R²_naive=0.9913  U_t=0.1539  U_b=0.1586  AUC=1.0000  Top1=1.0000
  timing: data=3.5ms  fwd=95.4ms  bwd=9.0ms  total=108.4ms
[ 118600] loss=1.9817  ema_loss=1.9852  gap=1.1020  ema_gap=1.1072  mixup=32/100  3.1 sps  ETA 2.8h
              R²_rand=0.9903  R²_naive=0.9913  U_t=0.1547  U_b=0.1583  AUC=1.0000  Top1=1.0000
  timing: data=46.7ms  fwd=91.9ms  bwd=9.3ms  total=148.4ms
[ 118700] loss=1.9788  ema_loss=1.9851  gap=1.1018  ema_gap=1.1066  mixup=26/100  3.1 sps  ETA 2.8h
              R²_rand=0.9904  R²_naive=0.9914  U_t=0.1523  U_b=0.1584  AUC=1.0000  Top1=1.0000
  timing: data=47.7ms  fwd=92.2ms  bwd=9.2ms  total=149.6ms
[ 118800] loss=1.9848  ema_loss=1.9848  gap=1.1089  ema_gap=1.1072  mixup=29/100  3.1 sps  ETA 2.8h
              R²_rand=0.9902  R²_naive=0.9913  U_t=0.1531  U_b=0.1583  AUC=1.0000  Top1=1.0000
  timing: data=3.5ms  fwd=94.3ms  bwd=9.7ms  total=108.0ms
  -> Saved /home/jupyter/contrastive-forecasting/checkpoints/enc_fcst_dk09_fp32_150k_best_loss.pth
[ 118900] loss=1.9825  ema_loss=1.9852  gap=1.1127  ema_gap=1.1076  mixup=28/100  3.1 sps  ETA 2.8h
              R²_rand=0.9902  R²_naive=0.9914  U_t=0.1527  U_b=0.1583  AUC=1.0000  Top1=1.0000
  timing: data=41.0ms  fwd=94.2ms  bwd=9.8ms  total=145.4ms
[ 119000] loss=1.9879  ema_loss=1.9849  gap=1.1093  ema_gap=1.1067  mixup=30/100  3.1 sps  ETA 2.8h
              R²_rand=0.9902  R²_naive=0.9913  U_t=0.1527  U_b=0.1579  AUC=1.0000  Top1=1.0000
  timing: data=84.6ms  fwd=92.4ms  bwd=9.0ms  total=186.4ms
[ 119100] loss=1.9834  ema_loss=1.9852  gap=1.1091  ema_gap=1.1069  mixup=39/100  3.1 sps  ETA 2.8h
              R²_rand=0.9901  R²_naive=0.9912  U_t=0.1538  U_b=0.1581  AUC=1.0000  Top1=1.0000
  timing: data=3.8ms  fwd=95.5ms  bwd=9.0ms  total=108.8ms
[ 119200] loss=1.9829  ema_loss=1.9851  gap=1.1081  ema_gap=1.1078  mixup=32/100  3.1 sps  ETA 2.8h
              R²_rand=0.9903  R²_naive=0.9914  U_t=0.1536  U_b=0.1583  AUC=1.0000  Top1=1.0000
  timing: data=42.9ms  fwd=91.7ms  bwd=8.9ms  total=144.0ms
[ 119300] loss=1.9867  ema_loss=1.9848  gap=1.1072  ema_gap=1.1080  mixup=30/100  3.1 sps  ETA 2.8h
              R²_rand=0.9902  R²_naive=0.9913  U_t=0.1540  U_b=0.1586  AUC=1.0000  Top1=1.0000
  timing: data=54.1ms  fwd=90.4ms  bwd=8.7ms  total=153.7ms
  -> Saved /home/jupyter/contrastive-forecasting/checkpoints/enc_fcst_dk09_fp32_150k_best_loss.pth
[ 119400] loss=1.9855  ema_loss=1.9850  gap=1.1041  ema_gap=1.1083  mixup=31/100  3.1 sps  ETA 2.8h
              R²_rand=0.9902  R²_naive=0.9912  U_t=0.1531  U_b=0.1583  AUC=1.0000  Top1=1.0000
  timing: data=4.0ms  fwd=94.8ms  bwd=9.1ms  total=108.5ms
[ 119500] loss=1.9838  ema_loss=1.9845  gap=1.1071  ema_gap=1.1076  mixup=24/100  3.1 sps  ETA 2.8h
              R²_rand=0.9902  R²_naive=0.9913  U_t=0.1540  U_b=0.1583  AUC=1.0000  Top1=1.0000
  timing: data=40.4ms  fwd=93.2ms  bwd=9.9ms  total=144.1ms
  -> Saved /home/jupyter/contrastive-forecasting/checkpoints/enc_fcst_dk09_fp32_150k_best_loss.pth
[ 119600] loss=1.9821  ema_loss=1.9847  gap=1.1023  ema_gap=1.1062  mixup=31/100  3.1 sps  ETA 2.7h
              R²_rand=0.9902  R²_naive=0.9913  U_t=0.1543  U_b=0.1578  AUC=1.0000  Top1=1.0000
  timing: data=44.9ms  fwd=92.6ms  bwd=8.7ms  total=146.6ms
[ 119700] loss=1.9842  ema_loss=1.9849  gap=1.1162  ema_gap=1.1069  mixup=28/100  3.1 sps  ETA 2.7h
              R²_rand=0.9902  R²_naive=0.9914  U_t=0.1535  U_b=0.1580  AUC=1.0000  Top1=1.0000
  timing: data=4.1ms  fwd=94.6ms  bwd=9.6ms  total=108.9ms
[ 119800] loss=1.9854  ema_loss=1.9850  gap=1.1090  ema_gap=1.1083  mixup=31/100  3.1 sps  ETA 2.7h
              R²_rand=0.9904  R²_naive=0.9914  U_t=0.1534  U_b=0.1576  AUC=1.0000  Top1=1.0000
  timing: data=39.4ms  fwd=91.9ms  bwd=9.6ms  total=141.5ms
[ 119900] loss=1.9818  ema_loss=1.9844  gap=1.1080  ema_gap=1.1090  mixup=33/100  3.1 sps  ETA 2.7h
              R²_rand=0.9903  R²_naive=0.9914  U_t=0.1538  U_b=0.1584  AUC=1.0000  Top1=1.0000
  timing: data=3.9ms  fwd=94.8ms  bwd=9.3ms  total=108.5ms
  -> Saved /home/jupyter/contrastive-forecasting/checkpoints/enc_fcst_dk09_fp32_150k_best_loss.pth
[ 120000] loss=1.9867  ema_loss=1.9846  gap=1.1094  ema_gap=1.1093  mixup=39/100  3.1 sps  ETA 2.7h
              R²_rand=0.9902  R²_naive=0.9912  U_t=0.1524  U_b=0.1586  AUC=1.0000  Top1=1.0000
  timing: data=51.1ms  fwd=93.0ms  bwd=9.6ms  total=154.2ms
  -> Saved /home/jupyter/contrastive-forecasting/checkpoints/enc_fcst_dk09_fp32_150k_120k.pth
[ 120100] loss=1.9835  ema_loss=1.9848  gap=1.1102  ema_gap=1.1090  mixup=30/100  3.1 sps  ETA 2.7h
              R²_rand=0.9902  R²_naive=0.9913  U_t=0.1537  U_b=0.1580  AUC=1.0000  Top1=1.0000
  timing: data=47.9ms  fwd=92.4ms  bwd=9.7ms  total=150.5ms
[ 120200] loss=1.9887  ema_loss=1.9848  gap=1.1094  ema_gap=1.1091  mixup=25/100  3.1 sps  ETA 2.7h
              R²_rand=0.9901  R²_naive=0.9913  U_t=0.1536  U_b=0.1579  AUC=1.0000  Top1=1.0000
  timing: data=4.7ms  fwd=93.3ms  bwd=9.1ms  total=107.5ms
[ 120300] loss=1.9795  ema_loss=1.9846  gap=1.1164  ema_gap=1.1098  mixup=36/100  3.1 sps  ETA 2.7h
              R²_rand=0.9902  R²_naive=0.9914  U_t=0.1528  U_b=0.1583  AUC=1.0000  Top1=1.0000
  timing: data=39.9ms  fwd=91.7ms  bwd=8.8ms  total=140.7ms
[ 120400] loss=1.9849  ema_loss=1.9845  gap=1.1097  ema_gap=1.1096  mixup=34/100  3.1 sps  ETA 2.7h
              R²_rand=0.9901  R²_naive=0.9912  U_t=0.1532  U_b=0.1583  AUC=1.0000  Top1=1.0000
  timing: data=46.4ms  fwd=92.4ms  bwd=9.5ms  total=148.8ms
[ 120500] loss=1.9868  ema_loss=1.9845  gap=1.1156  ema_gap=1.1102  mixup=29/100  3.1 sps  ETA 2.7h
              R²_rand=0.9901  R²_naive=0.9913  U_t=0.1519  U_b=0.1581  AUC=1.0000  Top1=1.0000
  timing: data=3.8ms  fwd=94.4ms  bwd=9.0ms  total=107.7ms
[ 120600] loss=1.9856  ema_loss=1.9847  gap=1.1108  ema_gap=1.1090  mixup=29/100  3.1 sps  ETA 2.7h
              R²_rand=0.9903  R²_naive=0.9914  U_t=0.1527  U_b=0.1584  AUC=1.0000  Top1=1.0000
  timing: data=44.5ms  fwd=93.2ms  bwd=8.9ms  total=147.1ms
[ 120700] loss=1.9873  ema_loss=1.9848  gap=1.1089  ema_gap=1.1088  mixup=30/100  3.1 sps  ETA 2.7h
              R²_rand=0.9901  R²_naive=0.9913  U_t=0.1532  U_b=0.1583  AUC=1.0000  Top1=1.0000
  timing: data=45.3ms  fwd=92.5ms  bwd=9.2ms  total=147.5ms
[ 120800] loss=1.9831  ema_loss=1.9845  gap=1.1103  ema_gap=1.1079  mixup=35/100  3.1 sps  ETA 2.6h
              R²_rand=0.9903  R²_naive=0.9913  U_t=0.1538  U_b=0.1580  AUC=1.0000  Top1=1.0000
  timing: data=4.2ms  fwd=93.8ms  bwd=8.8ms  total=107.3ms
[ 120900] loss=1.9863  ema_loss=1.9845  gap=1.1071  ema_gap=1.1086  mixup=29/100  3.1 sps  ETA 2.6h
              R²_rand=0.9902  R²_naive=0.9913  U_t=0.1533  U_b=0.1578  AUC=1.0000  Top1=1.0000
  timing: data=42.0ms  fwd=93.2ms  bwd=9.9ms  total=145.5ms
[ 121000] loss=1.9871  ema_loss=1.9851  gap=1.1103  ema_gap=1.1088  mixup=28/100  3.1 sps  ETA 2.6h
              R²_rand=0.9903  R²_naive=0.9914  U_t=0.1538  U_b=0.1584  AUC=1.0000  Top1=1.0000
  timing: data=3.3ms  fwd=91.5ms  bwd=11.1ms  total=106.4ms
[ 121100] loss=1.9890  ema_loss=1.9845  gap=1.1124  ema_gap=1.1095  mixup=24/100  3.1 sps  ETA 2.6h
              R²_rand=0.9900  R²_naive=0.9912  U_t=0.1529  U_b=0.1581  AUC=1.0000  Top1=1.0000
  timing: data=42.5ms  fwd=95.1ms  bwd=9.8ms  total=147.8ms
[ 121200] loss=1.9868  ema_loss=1.9848  gap=1.1103  ema_gap=1.1088  mixup=38/100  3.1 sps  ETA 2.6h
              R²_rand=0.9902  R²_naive=0.9914  U_t=0.1534  U_b=0.1577  AUC=1.0000  Top1=1.0000
  timing: data=43.6ms  fwd=90.4ms  bwd=9.3ms  total=143.8ms
[ 121300] loss=1.9870  ema_loss=1.9848  gap=1.1095  ema_gap=1.1086  mixup=36/100  3.1 sps  ETA 2.6h
              R²_rand=0.9903  R²_naive=0.9914  U_t=0.1536  U_b=0.1579  AUC=1.0000  Top1=1.0000
  timing: data=3.9ms  fwd=95.1ms  bwd=8.9ms  total=108.3ms
[ 121400] loss=1.9857  ema_loss=1.9844  gap=1.1083  ema_gap=1.1089  mixup=23/100  3.1 sps  ETA 2.6h
              R²_rand=0.9903  R²_naive=0.9914  U_t=0.1539  U_b=0.1580  AUC=1.0000  Top1=1.0000
  timing: data=71.4ms  fwd=89.9ms  bwd=9.4ms  total=171.2ms
  -> Saved /home/jupyter/contrastive-forecasting/checkpoints/enc_fcst_dk09_fp32_150k_best_loss.pth
[ 121500] loss=1.9860  ema_loss=1.9846  gap=1.1062  ema_gap=1.1092  mixup=26/100  3.1 sps  ETA 2.6h
              R²_rand=0.9902  R²_naive=0.9913  U_t=0.1535  U_b=0.1580  AUC=1.0000  Top1=1.0000
  timing: data=39.9ms  fwd=92.7ms  bwd=10.0ms  total=143.1ms
[ 121600] loss=1.9847  ema_loss=1.9845  gap=1.0990  ema_gap=1.1088  mixup=34/100  3.1 sps  ETA 2.6h
              R²_rand=0.9904  R²_naive=0.9914  U_t=0.1547  U_b=0.1582  AUC=1.0000  Top1=1.0000
  timing: data=4.4ms  fwd=94.1ms  bwd=9.6ms  total=108.6ms
[ 121700] loss=1.9842  ema_loss=1.9843  gap=1.1112  ema_gap=1.1086  mixup=24/100  3.1 sps  ETA 2.6h
              R²_rand=0.9902  R²_naive=0.9912  U_t=0.1538  U_b=0.1579  AUC=1.0000  Top1=1.0000
  timing: data=42.5ms  fwd=93.1ms  bwd=9.6ms  total=145.7ms
  -> Saved /home/jupyter/contrastive-forecasting/checkpoints/enc_fcst_dk09_fp32_150k_best_loss.pth
[ 121800] loss=1.9853  ema_loss=1.9845  gap=1.1072  ema_gap=1.1082  mixup=32/100  3.1 sps  ETA 2.6h
              R²_rand=0.9903  R²_naive=0.9914  U_t=0.1542  U_b=0.1578  AUC=1.0000  Top1=1.0000
  timing: data=39.7ms  fwd=92.0ms  bwd=8.9ms  total=141.1ms
[ 121900] loss=1.9825  ema_loss=1.9847  gap=1.1041  ema_gap=1.1074  mixup=25/100  3.1 sps  ETA 2.5h
              R²_rand=0.9903  R²_naive=0.9913  U_t=0.1543  U_b=0.1580  AUC=1.0000  Top1=1.0000
  timing: data=3.6ms  fwd=94.5ms  bwd=8.8ms  total=107.4ms
[ 122000] loss=1.9876  ema_loss=1.9846  gap=1.1056  ema_gap=1.1084  mixup=35/100  3.1 sps  ETA 2.5h
              R²_rand=0.9903  R²_naive=0.9913  U_t=0.1534  U_b=0.1580  AUC=1.0000  Top1=1.0000
  timing: data=56.3ms  fwd=93.6ms  bwd=9.6ms  total=159.9ms
[ 122100] loss=1.9862  ema_loss=1.9845  gap=1.1142  ema_gap=1.1088  mixup=35/100  3.1 sps  ETA 2.5h
              R²_rand=0.9903  R²_naive=0.9914  U_t=0.1531  U_b=0.1581  AUC=1.0000  Top1=1.0000
  timing: data=41.2ms  fwd=93.7ms  bwd=9.3ms  total=144.6ms
[ 122200] loss=1.9885  ema_loss=1.9845  gap=1.1042  ema_gap=1.1090  mixup=26/100  3.1 sps  ETA 2.5h
              R²_rand=0.9902  R²_naive=0.9913  U_t=0.1535  U_b=0.1579  AUC=1.0000  Top1=1.0000
  timing: data=3.4ms  fwd=93.9ms  bwd=9.5ms  total=107.4ms
[ 122300] loss=1.9865  ema_loss=1.9844  gap=1.1115  ema_gap=1.1106  mixup=23/100  3.1 sps  ETA 2.5h
              R²_rand=0.9903  R²_naive=0.9914  U_t=0.1537  U_b=0.1581  AUC=1.0000  Top1=1.0000
  timing: data=43.0ms  fwd=93.5ms  bwd=9.1ms  total=146.0ms
[ 122400] loss=1.9870  ema_loss=1.9843  gap=1.1141  ema_gap=1.1109  mixup=25/100  3.1 sps  ETA 2.5h
              R²_rand=0.9901  R²_naive=0.9912  U_t=0.1532  U_b=0.1576  AUC=1.0000  Top1=1.0000
  timing: data=3.3ms  fwd=95.4ms  bwd=9.0ms  total=108.2ms
[ 122500] loss=1.9879  ema_loss=1.9843  gap=1.1061  ema_gap=1.1095  mixup=26/100  3.1 sps  ETA 2.5h
              R²_rand=0.9902  R²_naive=0.9912  U_t=0.1530  U_b=0.1580  AUC=1.0000  Top1=1.0000
  timing: data=41.8ms  fwd=90.4ms  bwd=8.8ms  total=141.4ms
  -> Saved /home/jupyter/contrastive-forecasting/checkpoints/enc_fcst_dk09_fp32_150k_best_loss.pth
[ 122600] loss=1.9889  ema_loss=1.9844  gap=1.1153  ema_gap=1.1095  mixup=26/100  3.1 sps  ETA 2.5h
              R²_rand=0.9902  R²_naive=0.9913  U_t=0.1530  U_b=0.1579  AUC=1.0000  Top1=1.0000
  timing: data=39.4ms  fwd=91.3ms  bwd=9.0ms  total=140.1ms
[ 122700] loss=1.9873  ema_loss=1.9843  gap=1.1077  ema_gap=1.1101  mixup=31/100  3.1 sps  ETA 2.5h
              R²_rand=0.9903  R²_naive=0.9914  U_t=0.1523  U_b=0.1579  AUC=1.0000  Top1=1.0000
  timing: data=3.9ms  fwd=93.5ms  bwd=8.7ms  total=106.5ms
[ 122800] loss=1.9832  ema_loss=1.9844  gap=1.1073  ema_gap=1.1081  mixup=30/100  3.1 sps  ETA 2.5h
              R²_rand=0.9903  R²_naive=0.9914  U_t=0.1543  U_b=0.1581  AUC=1.0000  Top1=1.0000
  timing: data=39.0ms  fwd=92.0ms  bwd=8.6ms  total=140.0ms
[ 122900] loss=1.9800  ema_loss=1.9845  gap=1.1130  ema_gap=1.1088  mixup=27/100  3.1 sps  ETA 2.5h
              R²_rand=0.9903  R²_naive=0.9914  U_t=0.1524  U_b=0.1585  AUC=1.0000  Top1=1.0000
  timing: data=43.5ms  fwd=92.4ms  bwd=8.9ms  total=145.2ms
[ 123000] loss=1.9881  ema_loss=1.9846  gap=1.1143  ema_gap=1.1088  mixup=27/100  3.1 sps  ETA 2.4h
              R²_rand=0.9902  R²_naive=0.9913  U_t=0.1534  U_b=0.1582  AUC=1.0000  Top1=1.0000
  timing: data=3.4ms  fwd=93.4ms  bwd=8.7ms  total=105.9ms
[ 123100] loss=1.9829  ema_loss=1.9847  gap=1.1010  ema_gap=1.1094  mixup=32/100  3.1 sps  ETA 2.4h
              R²_rand=0.9902  R²_naive=0.9912  U_t=0.1533  U_b=0.1585  AUC=1.0000  Top1=1.0000
  timing: data=40.7ms  fwd=92.2ms  bwd=9.0ms  total=142.4ms
[ 123200] loss=1.9847  ema_loss=1.9847  gap=1.1058  ema_gap=1.1097  mixup=26/100  3.1 sps  ETA 2.4h
              R²_rand=0.9903  R²_naive=0.9914  U_t=0.1538  U_b=0.1584  AUC=1.0000  Top1=1.0000
  timing: data=46.8ms  fwd=92.4ms  bwd=8.7ms  total=148.3ms
[ 123300] loss=1.9824  ema_loss=1.9848  gap=1.1093  ema_gap=1.1097  mixup=30/100  3.1 sps  ETA 2.4h
              R²_rand=0.9903  R²_naive=0.9913  U_t=0.1534  U_b=0.1584  AUC=1.0000  Top1=1.0000
  timing: data=3.0ms  fwd=94.0ms  bwd=8.7ms  total=106.1ms
[ 123400] loss=1.9792  ema_loss=1.9842  gap=1.1100  ema_gap=1.1093  mixup=38/100  3.1 sps  ETA 2.4h
              R²_rand=0.9902  R²_naive=0.9913  U_t=0.1543  U_b=0.1586  AUC=1.0000  Top1=1.0000
  timing: data=41.3ms  fwd=91.1ms  bwd=9.7ms  total=142.5ms
  -> Saved /home/jupyter/contrastive-forecasting/checkpoints/enc_fcst_dk09_fp32_150k_best_loss.pth
[ 123500] loss=1.9810  ema_loss=1.9842  gap=1.1083  ema_gap=1.1092  mixup=21/100  3.1 sps  ETA 2.4h
              R²_rand=0.9902  R²_naive=0.9914  U_t=0.1535  U_b=0.1582  AUC=1.0000  Top1=1.0000
  timing: data=3.7ms  fwd=92.3ms  bwd=8.9ms  total=105.4ms
  -> Saved /home/jupyter/contrastive-forecasting/checkpoints/enc_fcst_dk09_fp32_150k_best_loss.pth
[ 123600] loss=1.9836  ema_loss=1.9841  gap=1.1151  ema_gap=1.1105  mixup=22/100  3.1 sps  ETA 2.4h
              R²_rand=0.9901  R²_naive=0.9912  U_t=0.1530  U_b=0.1584  AUC=1.0000  Top1=1.0000
  timing: data=39.7ms  fwd=93.4ms  bwd=8.8ms  total=142.3ms
  -> Saved /home/jupyter/contrastive-forecasting/checkpoints/enc_fcst_dk09_fp32_150k_best_loss.pth
[ 123700] loss=1.9812  ema_loss=1.9845  gap=1.1145  ema_gap=1.1109  mixup=30/100  3.1 sps  ETA 2.4h
              R²_rand=0.9902  R²_naive=0.9913  U_t=0.1528  U_b=0.1585  AUC=1.0000  Top1=1.0000
  timing: data=39.2ms  fwd=91.8ms  bwd=9.8ms  total=141.3ms
[ 123800] loss=1.9853  ema_loss=1.9843  gap=1.1121  ema_gap=1.1105  mixup=35/100  3.1 sps  ETA 2.4h
              R²_rand=0.9903  R²_naive=0.9914  U_t=0.1522  U_b=0.1581  AUC=1.0000  Top1=1.0000
  timing: data=4.8ms  fwd=94.3ms  bwd=9.9ms  total=109.6ms
[ 123900] loss=1.9818  ema_loss=1.9844  gap=1.1102  ema_gap=1.1105  mixup=28/100  3.1 sps  ETA 2.4h
              R²_rand=0.9903  R²_naive=0.9913  U_t=0.1536  U_b=0.1581  AUC=1.0000  Top1=1.0000
  timing: data=40.5ms  fwd=92.7ms  bwd=9.1ms  total=142.8ms
[ 124000] loss=1.9836  ema_loss=1.9842  gap=1.1109  ema_gap=1.1104  mixup=30/100  3.1 sps  ETA 2.4h
              R²_rand=0.9902  R²_naive=0.9913  U_t=0.1527  U_b=0.1582  AUC=1.0000  Top1=1.0000
  timing: data=38.9ms  fwd=92.3ms  bwd=8.7ms  total=140.3ms
[ 124100] loss=1.9850  ema_loss=1.9844  gap=1.1064  ema_gap=1.1089  mixup=26/100  3.1 sps  ETA 2.3h
              R²_rand=0.9901  R²_naive=0.9912  U_t=0.1533  U_b=0.1585  AUC=1.0000  Top1=1.0000
  timing: data=3.2ms  fwd=94.5ms  bwd=8.8ms  total=107.0ms
[ 124200] loss=1.9851  ema_loss=1.9844  gap=1.1098  ema_gap=1.1093  mixup=27/100  3.1 sps  ETA 2.3h
              R²_rand=0.9901  R²_naive=0.9912  U_t=0.1522  U_b=0.1583  AUC=1.0000  Top1=1.0000
  timing: data=39.7ms  fwd=93.2ms  bwd=9.1ms  total=142.5ms
[ 124300] loss=1.9878  ema_loss=1.9847  gap=1.1045  ema_gap=1.1099  mixup=25/100  3.1 sps  ETA 2.3h
              R²_rand=0.9903  R²_naive=0.9914  U_t=0.1533  U_b=0.1583  AUC=1.0000  Top1=1.0000
  timing: data=40.6ms  fwd=91.8ms  bwd=8.8ms  total=141.6ms
[ 124400] loss=1.9868  ema_loss=1.9844  gap=1.1130  ema_gap=1.1107  mixup=28/100  3.1 sps  ETA 2.3h
              R²_rand=0.9902  R²_naive=0.9913  U_t=0.1532  U_b=0.1576  AUC=1.0000  Top1=1.0000
  timing: data=3.6ms  fwd=96.1ms  bwd=9.4ms  total=109.6ms
[ 124500] loss=1.9846  ema_loss=1.9844  gap=1.1113  ema_gap=1.1107  mixup=38/100  3.1 sps  ETA 2.3h
              R²_rand=0.9902  R²_naive=0.9914  U_t=0.1526  U_b=0.1584  AUC=1.0000  Top1=1.0000
  timing: data=47.5ms  fwd=92.0ms  bwd=9.2ms  total=149.1ms
[ 124600] loss=1.9836  ema_loss=1.9842  gap=1.1152  ema_gap=1.1119  mixup=34/100  3.1 sps  ETA 2.3h
              R²_rand=0.9903  R²_naive=0.9914  U_t=0.1534  U_b=0.1578  AUC=1.0000  Top1=1.0000
  timing: data=15.5ms  fwd=91.2ms  bwd=9.4ms  total=116.5ms
[ 124700] loss=1.9822  ema_loss=1.9842  gap=1.1044  ema_gap=1.1109  mixup=31/100  3.1 sps  ETA 2.3h
              R²_rand=0.9903  R²_naive=0.9913  U_t=0.1532  U_b=0.1583  AUC=1.0000  Top1=1.0000
  timing: data=39.8ms  fwd=90.0ms  bwd=8.9ms  total=139.2ms
[ 124800] loss=1.9841  ema_loss=1.9844  gap=1.1055  ema_gap=1.1096  mixup=28/100  3.1 sps  ETA 2.3h
              R²_rand=0.9901  R²_naive=0.9912  U_t=0.1528  U_b=0.1584  AUC=1.0000  Top1=1.0000
  timing: data=48.0ms  fwd=91.9ms  bwd=9.1ms  total=149.4ms
[ 124900] loss=1.9837  ema_loss=1.9843  gap=1.1064  ema_gap=1.1100  mixup=28/100  3.1 sps  ETA 2.3h
              R²_rand=0.9903  R²_naive=0.9913  U_t=0.1527  U_b=0.1579  AUC=1.0000  Top1=1.0000
  timing: data=3.7ms  fwd=95.7ms  bwd=9.0ms  total=108.9ms
[ 125000] loss=1.9819  ema_loss=1.9843  gap=1.1088  ema_gap=1.1101  mixup=35/100  3.1 sps  ETA 2.3h
              R²_rand=0.9903  R²_naive=0.9914  U_t=0.1528  U_b=0.1580  AUC=1.0000  Top1=1.0000
  timing: data=45.3ms  fwd=91.9ms  bwd=8.7ms  total=146.4ms
  -> Saved /home/jupyter/contrastive-forecasting/checkpoints/enc_fcst_dk09_fp32_150k_125k.pth
[ 125100] loss=1.9835  ema_loss=1.9839  gap=1.1051  ema_gap=1.1094  mixup=32/100  3.1 sps  ETA 2.3h
              R²_rand=0.9904  R²_naive=0.9914  U_t=0.1536  U_b=0.1584  AUC=1.0000  Top1=1.0000
  timing: data=45.2ms  fwd=92.4ms  bwd=9.5ms  total=147.5ms
  -> Saved /home/jupyter/contrastive-forecasting/checkpoints/enc_fcst_dk09_fp32_150k_best_loss.pth
[ 125200] loss=1.9845  ema_loss=1.9846  gap=1.1091  ema_gap=1.1090  mixup=26/100  3.1 sps  ETA 2.2h
              R²_rand=0.9904  R²_naive=0.9914  U_t=0.1534  U_b=0.1579  AUC=1.0000  Top1=1.0000
  timing: data=3.6ms  fwd=93.4ms  bwd=8.7ms  total=106.1ms
[ 125300] loss=1.9784  ema_loss=1.9844  gap=1.1119  ema_gap=1.1089  mixup=28/100  3.1 sps  ETA 2.2h
              R²_rand=0.9904  R²_naive=0.9914  U_t=0.1524  U_b=0.1585  AUC=1.0000  Top1=1.0000
  timing: data=156.2ms  fwd=92.1ms  bwd=8.8ms  total=257.5ms
[ 125400] loss=1.9860  ema_loss=1.9839  gap=1.1105  ema_gap=1.1095  mixup=32/100  3.1 sps  ETA 2.2h
              R²_rand=0.9903  R²_naive=0.9913  U_t=0.1529  U_b=0.1579  AUC=1.0000  Top1=1.0000
  timing: data=44.9ms  fwd=92.0ms  bwd=8.7ms  total=146.0ms
[ 125500] loss=1.9871  ema_loss=1.9843  gap=1.1074  ema_gap=1.1098  mixup=31/100  3.1 sps  ETA 2.2h
              R²_rand=0.9901  R²_naive=0.9912  U_t=0.1538  U_b=0.1575  AUC=1.0000  Top1=1.0000
  timing: data=4.3ms  fwd=92.7ms  bwd=8.7ms  total=106.2ms
[ 125600] loss=1.9835  ema_loss=1.9844  gap=1.1066  ema_gap=1.1093  mixup=25/100  3.1 sps  ETA 2.2h
              R²_rand=0.9902  R²_naive=0.9913  U_t=0.1535  U_b=0.1579  AUC=1.0000  Top1=1.0000
  timing: data=51.2ms  fwd=91.9ms  bwd=9.6ms  total=153.2ms
[ 125700] loss=1.9875  ema_loss=1.9844  gap=1.1116  ema_gap=1.1086  mixup=33/100  3.1 sps  ETA 2.2h
              R²_rand=0.9902  R²_naive=0.9914  U_t=0.1529  U_b=0.1578  AUC=1.0000  Top1=1.0000
  timing: data=5.1ms  fwd=90.5ms  bwd=9.8ms  total=106.0ms
[ 125800] loss=1.9875  ema_loss=1.9845  gap=1.1065  ema_gap=1.1097  mixup=34/100  3.1 sps  ETA 2.2h
              R²_rand=0.9902  R²_naive=0.9913  U_t=0.1533  U_b=0.1583  AUC=1.0000  Top1=1.0000
  timing: data=45.6ms  fwd=93.8ms  bwd=9.0ms  total=148.9ms
[ 125900] loss=1.9879  ema_loss=1.9842  gap=1.1110  ema_gap=1.1091  mixup=28/100  3.1 sps  ETA 2.2h
              R²_rand=0.9902  R²_naive=0.9913  U_t=0.1531  U_b=0.1579  AUC=1.0000  Top1=1.0000
  timing: data=47.6ms  fwd=93.2ms  bwd=9.1ms  total=150.4ms
[ 126000] loss=1.9797  ema_loss=1.9843  gap=1.1079  ema_gap=1.1095  mixup=35/100  3.1 sps  ETA 2.2h
              R²_rand=0.9903  R²_naive=0.9914  U_t=0.1535  U_b=0.1585  AUC=1.0000  Top1=1.0000
  timing: data=4.1ms  fwd=93.9ms  bwd=9.7ms  total=108.2ms
[ 126100] loss=1.9823  ema_loss=1.9844  gap=1.1134  ema_gap=1.1097  mixup=27/100  3.1 sps  ETA 2.2h
              R²_rand=0.9903  R²_naive=0.9914  U_t=0.1527  U_b=0.1584  AUC=1.0000  Top1=1.0000
  timing: data=39.6ms  fwd=93.0ms  bwd=8.8ms  total=141.8ms
[ 126200] loss=1.9836  ema_loss=1.9841  gap=1.1192  ema_gap=1.1101  mixup=27/100  3.1 sps  ETA 2.2h
              R²_rand=0.9903  R²_naive=0.9914  U_t=0.1533  U_b=0.1578  AUC=1.0000  Top1=1.0000
  timing: data=40.6ms  fwd=91.6ms  bwd=8.6ms  total=141.2ms
[ 126300] loss=1.9833  ema_loss=1.9844  gap=1.1131  ema_gap=1.1108  mixup=25/100  3.1 sps  ETA 2.1h
              R²_rand=0.9900  R²_naive=0.9913  U_t=0.1528  U_b=0.1580  AUC=1.0000  Top1=1.0000
  timing: data=3.2ms  fwd=94.9ms  bwd=8.7ms  total=107.3ms
[ 126400] loss=1.9844  ema_loss=1.9843  gap=1.1127  ema_gap=1.1104  mixup=30/100  3.1 sps  ETA 2.1h
              R²_rand=0.9902  R²_naive=0.9913  U_t=0.1516  U_b=0.1581  AUC=1.0000  Top1=1.0000
  timing: data=40.1ms  fwd=92.6ms  bwd=8.7ms  total=141.8ms
[ 126500] loss=1.9856  ema_loss=1.9844  gap=1.1095  ema_gap=1.1089  mixup=32/100  3.1 sps  ETA 2.1h
              R²_rand=0.9903  R²_naive=0.9914  U_t=0.1529  U_b=0.1583  AUC=1.0000  Top1=1.0000
  timing: data=41.9ms  fwd=90.6ms  bwd=9.0ms  total=141.9ms
[ 126600] loss=1.9848  ema_loss=1.9844  gap=1.1070  ema_gap=1.1101  mixup=31/100  3.1 sps  ETA 2.1h
              R²_rand=0.9902  R²_naive=0.9913  U_t=0.1536  U_b=0.1582  AUC=1.0000  Top1=1.0000
  timing: data=4.7ms  fwd=95.2ms  bwd=9.8ms  total=110.1ms
[ 126700] loss=1.9833  ema_loss=1.9842  gap=1.1144  ema_gap=1.1095  mixup=35/100  3.1 sps  ETA 2.1h
              R²_rand=0.9902  R²_naive=0.9913  U_t=0.1533  U_b=0.1583  AUC=1.0000  Top1=1.0000
  timing: data=77.0ms  fwd=91.2ms  bwd=9.9ms  total=178.6ms
[ 126800] loss=1.9859  ema_loss=1.9843  gap=1.1071  ema_gap=1.1097  mixup=38/100  3.1 sps  ETA 2.1h
              R²_rand=0.9902  R²_naive=0.9914  U_t=0.1532  U_b=0.1578  AUC=1.0000  Top1=1.0000
  timing: data=44.7ms  fwd=92.0ms  bwd=10.0ms  total=147.2ms
[ 126900] loss=1.9785  ema_loss=1.9845  gap=1.1075  ema_gap=1.1099  mixup=30/100  3.1 sps  ETA 2.1h
              R²_rand=0.9904  R²_naive=0.9914  U_t=0.1532  U_b=0.1584  AUC=1.0000  Top1=1.0000
  timing: data=4.0ms  fwd=94.8ms  bwd=9.6ms  total=108.8ms
[ 127000] loss=1.9807  ema_loss=1.9841  gap=1.1170  ema_gap=1.1101  mixup=24/100  3.1 sps  ETA 2.1h
              R²_rand=0.9902  R²_naive=0.9914  U_t=0.1524  U_b=0.1582  AUC=1.0000  Top1=1.0000
  timing: data=43.4ms  fwd=92.7ms  bwd=9.3ms  total=145.8ms
[ 127100] loss=1.9803  ema_loss=1.9842  gap=1.1066  ema_gap=1.1092  mixup=24/100  3.1 sps  ETA 2.1h
              R²_rand=0.9903  R²_naive=0.9914  U_t=0.1532  U_b=0.1584  AUC=1.0000  Top1=1.0000
  timing: data=3.4ms  fwd=95.4ms  bwd=9.5ms  total=108.8ms
[ 127200] loss=1.9802  ema_loss=1.9843  gap=1.1068  ema_gap=1.1098  mixup=25/100  3.1 sps  ETA 2.1h
              R²_rand=0.9903  R²_naive=0.9913  U_t=0.1531  U_b=0.1583  AUC=1.0000  Top1=1.0000
  timing: data=48.4ms  fwd=93.5ms  bwd=9.1ms  total=151.5ms
[ 127300] loss=1.9761  ema_loss=1.9841  gap=1.1087  ema_gap=1.1101  mixup=29/100  3.1 sps  ETA 2.1h
              R²_rand=0.9904  R²_naive=0.9914  U_t=0.1527  U_b=0.1587  AUC=1.0000  Top1=1.0000
  timing: data=46.6ms  fwd=93.8ms  bwd=8.9ms  total=149.7ms
[ 127400] loss=1.9829  ema_loss=1.9842  gap=1.1057  ema_gap=1.1097  mixup=24/100  3.1 sps  ETA 2.0h
              R²_rand=0.9902  R²_naive=0.9913  U_t=0.1538  U_b=0.1585  AUC=1.0000  Top1=1.0000
  timing: data=3.2ms  fwd=94.5ms  bwd=8.8ms  total=107.0ms
[ 127500] loss=1.9843  ema_loss=1.9841  gap=1.1137  ema_gap=1.1107  mixup=37/100  3.1 sps  ETA 2.0h
              R²_rand=0.9902  R²_naive=0.9913  U_t=0.1516  U_b=0.1580  AUC=1.0000  Top1=1.0000
  timing: data=42.4ms  fwd=93.2ms  bwd=9.7ms  total=145.8ms
[ 127600] loss=1.9892  ema_loss=1.9842  gap=1.1088  ema_gap=1.1108  mixup=27/100  3.1 sps  ETA 2.0h
              R²_rand=0.9903  R²_naive=0.9914  U_t=0.1534  U_b=0.1579  AUC=1.0000  Top1=1.0000
  timing: data=44.4ms  fwd=92.2ms  bwd=9.8ms  total=146.9ms
[ 127700] loss=1.9796  ema_loss=1.9842  gap=1.1187  ema_gap=1.1102  mixup=28/100  3.1 sps  ETA 2.0h
              R²_rand=0.9904  R²_naive=0.9915  U_t=0.1541  U_b=0.1584  AUC=1.0000  Top1=1.0000
  timing: data=4.4ms  fwd=92.9ms  bwd=8.7ms  total=106.3ms
[ 127800] loss=1.9823  ema_loss=1.9841  gap=1.1052  ema_gap=1.1097  mixup=42/100  3.1 sps  ETA 2.0h
              R²_rand=0.9902  R²_naive=0.9913  U_t=0.1537  U_b=0.1580  AUC=1.0000  Top1=1.0000
  timing: data=57.0ms  fwd=91.4ms  bwd=8.8ms  total=157.8ms
[ 127900] loss=1.9844  ema_loss=1.9841  gap=1.1112  ema_gap=1.1095  mixup=27/100  3.1 sps  ETA 2.0h
              R²_rand=0.9903  R²_naive=0.9914  U_t=0.1533  U_b=0.1581  AUC=1.0000  Top1=1.0000
  timing: data=40.8ms  fwd=92.3ms  bwd=8.9ms  total=142.4ms
[ 128000] loss=1.9805  ema_loss=1.9841  gap=1.1104  ema_gap=1.1097  mixup=25/100  3.1 sps  ETA 2.0h
              R²_rand=0.9903  R²_naive=0.9914  U_t=0.1526  U_b=0.1584  AUC=1.0000  Top1=1.0000
  timing: data=3.6ms  fwd=93.8ms  bwd=8.6ms  total=106.3ms
[ 128100] loss=1.9854  ema_loss=1.9838  gap=1.1109  ema_gap=1.1102  mixup=27/100  3.1 sps  ETA 2.0h
              R²_rand=0.9903  R²_naive=0.9914  U_t=0.1532  U_b=0.1581  AUC=1.0000  Top1=1.0000
  timing: data=44.8ms  fwd=92.4ms  bwd=8.8ms  total=146.4ms
  -> Saved /home/jupyter/contrastive-forecasting/checkpoints/enc_fcst_dk09_fp32_150k_best_loss.pth
[ 128200] loss=1.9847  ema_loss=1.9842  gap=1.1087  ema_gap=1.1102  mixup=24/100  3.1 sps  ETA 2.0h
              R²_rand=0.9902  R²_naive=0.9913  U_t=0.1535  U_b=0.1582  AUC=1.0000  Top1=1.0000
  timing: data=3.2ms  fwd=92.9ms  bwd=9.2ms  total=105.7ms
[ 128300] loss=1.9810  ema_loss=1.9842  gap=1.1125  ema_gap=1.1102  mixup=27/100  3.1 sps  ETA 2.0h
              R²_rand=0.9901  R²_naive=0.9914  U_t=0.1536  U_b=0.1579  AUC=1.0000  Top1=1.0000
  timing: data=41.9ms  fwd=94.6ms  bwd=8.8ms  total=145.7ms
[ 128400] loss=1.9860  ema_loss=1.9840  gap=1.1072  ema_gap=1.1099  mixup=33/100  3.1 sps  ETA 2.0h
              R²_rand=0.9902  R²_naive=0.9913  U_t=0.1525  U_b=0.1581  AUC=1.0000  Top1=1.0000
  timing: data=40.5ms  fwd=91.6ms  bwd=8.7ms  total=141.2ms
[ 128500] loss=1.9874  ema_loss=1.9843  gap=1.1117  ema_gap=1.1107  mixup=27/100  3.1 sps  ETA 1.9h
              R²_rand=0.9901  R²_naive=0.9913  U_t=0.1528  U_b=0.1580  AUC=1.0000  Top1=1.0000
  timing: data=3.8ms  fwd=94.1ms  bwd=9.9ms  total=108.3ms
[ 128600] loss=1.9814  ema_loss=1.9842  gap=1.1005  ema_gap=1.1105  mixup=30/100  3.1 sps  ETA 1.9h
              R²_rand=0.9903  R²_naive=0.9914  U_t=0.1534  U_b=0.1585  AUC=1.0000  Top1=1.0000
  timing: data=40.7ms  fwd=92.1ms  bwd=8.8ms  total=142.0ms
[ 128700] loss=1.9801  ema_loss=1.9843  gap=1.1082  ema_gap=1.1090  mixup=32/100  3.1 sps  ETA 1.9h
              R²_rand=0.9901  R²_naive=0.9912  U_t=0.1528  U_b=0.1586  AUC=1.0000  Top1=1.0000
  timing: data=42.5ms  fwd=91.7ms  bwd=9.5ms  total=144.1ms
[ 128800] loss=1.9824  ema_loss=1.9838  gap=1.1078  ema_gap=1.1101  mixup=36/100  3.1 sps  ETA 1.9h
              R²_rand=0.9903  R²_naive=0.9913  U_t=0.1534  U_b=0.1582  AUC=1.0000  Top1=1.0000
  timing: data=4.8ms  fwd=92.0ms  bwd=8.7ms  total=105.9ms
  -> Saved /home/jupyter/contrastive-forecasting/checkpoints/enc_fcst_dk09_fp32_150k_best_loss.pth
[ 128900] loss=1.9849  ema_loss=1.9844  gap=1.1131  ema_gap=1.1107  mixup=28/100  3.1 sps  ETA 1.9h
              R²_rand=0.9902  R²_naive=0.9913  U_t=0.1531  U_b=0.1581  AUC=1.0000  Top1=1.0000
  timing: data=45.8ms  fwd=91.4ms  bwd=8.8ms  total=146.4ms
[ 129000] loss=1.9883  ema_loss=1.9841  gap=1.1052  ema_gap=1.1098  mixup=26/100  3.1 sps  ETA 1.9h
              R²_rand=0.9902  R²_naive=0.9913  U_t=0.1534  U_b=0.1574  AUC=1.0000  Top1=1.0000
  timing: data=43.3ms  fwd=91.9ms  bwd=8.8ms  total=144.3ms
[ 129100] loss=1.9858  ema_loss=1.9843  gap=1.1129  ema_gap=1.1101  mixup=32/100  3.1 sps  ETA 1.9h
              R²_rand=0.9902  R²_naive=0.9913  U_t=0.1525  U_b=0.1581  AUC=1.0000  Top1=1.0000
  timing: data=3.8ms  fwd=93.7ms  bwd=9.2ms  total=107.2ms
[ 129200] loss=1.9863  ema_loss=1.9841  gap=1.1150  ema_gap=1.1105  mixup=21/100  3.1 sps  ETA 1.9h
              R²_rand=0.9902  R²_naive=0.9914  U_t=0.1519  U_b=0.1583  AUC=1.0000  Top1=1.0000
  timing: data=39.2ms  fwd=92.3ms  bwd=8.9ms  total=140.9ms
[ 129300] loss=1.9825  ema_loss=1.9841  gap=1.1036  ema_gap=1.1107  mixup=23/100  3.1 sps  ETA 1.9h
              R²_rand=0.9903  R²_naive=0.9913  U_t=0.1538  U_b=0.1581  AUC=1.0000  Top1=1.0000
  timing: data=45.0ms  fwd=92.0ms  bwd=8.8ms  total=146.1ms
[ 129400] loss=1.9863  ema_loss=1.9840  gap=1.1111  ema_gap=1.1098  mixup=30/100  3.1 sps  ETA 1.9h
              R²_rand=0.9903  R²_naive=0.9914  U_t=0.1532  U_b=0.1583  AUC=1.0000  Top1=1.0000
  timing: data=4.0ms  fwd=94.1ms  bwd=9.8ms  total=108.5ms
[ 129500] loss=1.9870  ema_loss=1.9839  gap=1.1168  ema_gap=1.1102  mixup=33/100  3.1 sps  ETA 1.9h
              R²_rand=0.9903  R²_naive=0.9914  U_t=0.1540  U_b=0.1580  AUC=1.0000  Top1=1.0000
  timing: data=42.4ms  fwd=92.1ms  bwd=9.3ms  total=144.4ms
[ 129600] loss=1.9873  ema_loss=1.9842  gap=1.1121  ema_gap=1.1105  mixup=36/100  3.1 sps  ETA 1.8h
              R²_rand=0.9900  R²_naive=0.9912  U_t=0.1528  U_b=0.1581  AUC=1.0000  Top1=1.0000
  timing: data=3.5ms  fwd=94.9ms  bwd=8.7ms  total=107.5ms
[ 129700] loss=1.9820  ema_loss=1.9845  gap=1.1105  ema_gap=1.1106  mixup=31/100  3.1 sps  ETA 1.8h
              R²_rand=0.9902  R²_naive=0.9913  U_t=0.1523  U_b=0.1583  AUC=1.0000  Top1=1.0000
  timing: data=42.3ms  fwd=93.6ms  bwd=9.1ms  total=145.4ms
[ 129800] loss=1.9876  ema_loss=1.9843  gap=1.1075  ema_gap=1.1098  mixup=27/100  3.1 sps  ETA 1.8h
              R²_rand=0.9902  R²_naive=0.9913  U_t=0.1532  U_b=0.1581  AUC=1.0000  Top1=1.0000
  timing: data=44.1ms  fwd=93.0ms  bwd=8.8ms  total=146.3ms
[ 129900] loss=1.9852  ema_loss=1.9840  gap=1.1125  ema_gap=1.1100  mixup=28/100  3.1 sps  ETA 1.8h
              R²_rand=0.9902  R²_naive=0.9913  U_t=0.1529  U_b=0.1581  AUC=1.0000  Top1=1.0000
  timing: data=4.8ms  fwd=93.7ms  bwd=9.4ms  total=108.4ms
[ 130000] loss=1.9830  ema_loss=1.9841  gap=1.1186  ema_gap=1.1112  mixup=29/100  3.1 sps  ETA 1.8h
              R²_rand=0.9902  R²_naive=0.9913  U_t=0.1520  U_b=0.1587  AUC=1.0000  Top1=1.0000
  timing: data=45.1ms  fwd=91.0ms  bwd=9.8ms  total=146.4ms
  -> Saved /home/jupyter/contrastive-forecasting/checkpoints/enc_fcst_dk09_fp32_150k_130k.pth
[ 130100] loss=1.9848  ema_loss=1.9842  gap=1.1125  ema_gap=1.1117  mixup=38/100  3.1 sps  ETA 1.8h
              R²_rand=0.9903  R²_naive=0.9914  U_t=0.1541  U_b=0.1577  AUC=1.0000  Top1=1.0000
  timing: data=45.0ms  fwd=90.9ms  bwd=9.3ms  total=145.6ms
[ 130200] loss=1.9851  ema_loss=1.9841  gap=1.1107  ema_gap=1.1109  mixup=25/100  3.1 sps  ETA 1.8h
              R²_rand=0.9903  R²_naive=0.9914  U_t=0.1530  U_b=0.1581  AUC=1.0000  Top1=1.0000
  timing: data=3.7ms  fwd=93.4ms  bwd=9.5ms  total=107.0ms
[ 130300] loss=1.9848  ema_loss=1.9842  gap=1.1177  ema_gap=1.1115  mixup=27/100  3.1 sps  ETA 1.8h
              R²_rand=0.9902  R²_naive=0.9914  U_t=0.1521  U_b=0.1578  AUC=1.0000  Top1=1.0000
  timing: data=41.9ms  fwd=92.1ms  bwd=9.1ms  total=143.5ms
[ 130400] loss=1.9880  ema_loss=1.9844  gap=1.1100  ema_gap=1.1115  mixup=31/100  3.1 sps  ETA 1.8h
              R²_rand=0.9901  R²_naive=0.9913  U_t=0.1525  U_b=0.1578  AUC=1.0000  Top1=1.0000
  timing: data=40.2ms  fwd=93.6ms  bwd=9.1ms  total=143.4ms
[ 130500] loss=1.9811  ema_loss=1.9844  gap=1.1096  ema_gap=1.1113  mixup=30/100  3.1 sps  ETA 1.8h
              R²_rand=0.9902  R²_naive=0.9913  U_t=0.1528  U_b=0.1579  AUC=1.0000  Top1=1.0000
  timing: data=3.5ms  fwd=95.3ms  bwd=8.9ms  total=108.2ms
[ 130600] loss=1.9813  ema_loss=1.9838  gap=1.1133  ema_gap=1.1101  mixup=35/100  3.1 sps  ETA 1.8h
              R²_rand=0.9904  R²_naive=0.9915  U_t=0.1534  U_b=0.1581  AUC=1.0000  Top1=1.0000
  timing: data=43.9ms  fwd=92.3ms  bwd=8.9ms  total=145.6ms
[ 130700] loss=1.9840  ema_loss=1.9844  gap=1.1082  ema_gap=1.1098  mixup=27/100  3.1 sps  ETA 1.7h
              R²_rand=0.9903  R²_naive=0.9913  U_t=0.1530  U_b=0.1581  AUC=1.0000  Top1=1.0000
  timing: data=38.6ms  fwd=90.4ms  bwd=9.2ms  total=138.7ms
[ 130800] loss=1.9871  ema_loss=1.9841  gap=1.1126  ema_gap=1.1104  mixup=32/100  3.1 sps  ETA 1.7h
              R²_rand=0.9904  R²_naive=0.9914  U_t=0.1527  U_b=0.1582  AUC=1.0000  Top1=1.0000
  timing: data=4.8ms  fwd=92.9ms  bwd=9.1ms  total=107.3ms
[ 130900] loss=1.9843  ema_loss=1.9843  gap=1.1132  ema_gap=1.1105  mixup=35/100  3.1 sps  ETA 1.7h
              R²_rand=0.9902  R²_naive=0.9914  U_t=0.1525  U_b=0.1581  AUC=1.0000  Top1=1.0000
  timing: data=42.8ms  fwd=92.3ms  bwd=8.9ms  total=144.5ms
[ 131000] loss=1.9804  ema_loss=1.9840  gap=1.1103  ema_gap=1.1109  mixup=31/100  3.1 sps  ETA 1.7h
              R²_rand=0.9903  R²_naive=0.9914  U_t=0.1521  U_b=0.1585  AUC=1.0000  Top1=1.0000
  timing: data=4.8ms  fwd=93.2ms  bwd=9.0ms  total=107.5ms
[ 131100] loss=1.9855  ema_loss=1.9841  gap=1.1119  ema_gap=1.1120  mixup=24/100  3.1 sps  ETA 1.7h
              R²_rand=0.9903  R²_naive=0.9914  U_t=0.1529  U_b=0.1583  AUC=1.0000  Top1=1.0000
  timing: data=46.4ms  fwd=92.8ms  bwd=8.7ms  total=148.3ms
[ 131200] loss=1.9812  ema_loss=1.9842  gap=1.1054  ema_gap=1.1121  mixup=28/100  3.1 sps  ETA 1.7h
              R²_rand=0.9902  R²_naive=0.9914  U_t=0.1531  U_b=0.1578  AUC=1.0000  Top1=1.0000
  timing: data=41.8ms  fwd=92.6ms  bwd=8.8ms  total=143.7ms
[ 131300] loss=1.9860  ema_loss=1.9840  gap=1.1123  ema_gap=1.1121  mixup=33/100  3.1 sps  ETA 1.7h
              R²_rand=0.9901  R²_naive=0.9913  U_t=0.1530  U_b=0.1578  AUC=1.0000  Top1=1.0000
  timing: data=4.0ms  fwd=94.5ms  bwd=9.0ms  total=108.0ms
[ 131400] loss=1.9822  ema_loss=1.9840  gap=1.1083  ema_gap=1.1122  mixup=34/100  3.1 sps  ETA 1.7h
              R²_rand=0.9904  R²_naive=0.9914  U_t=0.1528  U_b=0.1579  AUC=1.0000  Top1=1.0000
  timing: data=46.7ms  fwd=92.8ms  bwd=8.8ms  total=148.8ms
[ 131500] loss=1.9836  ema_loss=1.9840  gap=1.1117  ema_gap=1.1117  mixup=29/100  3.1 sps  ETA 1.7h
              R²_rand=0.9902  R²_naive=0.9913  U_t=0.1526  U_b=0.1582  AUC=1.0000  Top1=1.0000
  timing: data=40.5ms  fwd=91.8ms  bwd=8.8ms  total=141.6ms
[ 131600] loss=1.9815  ema_loss=1.9840  gap=1.1144  ema_gap=1.1119  mixup=33/100  3.1 sps  ETA 1.7h
              R²_rand=0.9902  R²_naive=0.9913  U_t=0.1529  U_b=0.1582  AUC=1.0000  Top1=1.0000
  timing: data=3.3ms  fwd=93.0ms  bwd=8.7ms  total=105.5ms
[ 131700] loss=1.9842  ema_loss=1.9842  gap=1.1107  ema_gap=1.1126  mixup=36/100  3.1 sps  ETA 1.7h
              R²_rand=0.9903  R²_naive=0.9914  U_t=0.1525  U_b=0.1587  AUC=1.0000  Top1=1.0000
  timing: data=40.8ms  fwd=91.2ms  bwd=9.0ms  total=141.5ms
[ 131800] loss=1.9744  ema_loss=1.9832  gap=1.1100  ema_gap=1.1116  mixup=31/100  3.1 sps  ETA 1.6h
              R²_rand=0.9899  R²_naive=0.9910  U_t=0.1553  U_b=0.1605  AUC=1.0000  Top1=1.0000
  timing: data=42.8ms  fwd=91.2ms  bwd=9.8ms  total=144.2ms
  -> Saved /home/jupyter/contrastive-forecasting/checkpoints/enc_fcst_dk09_fp32_150k_best_loss.pth
[ 131900] loss=1.9720  ema_loss=1.9772  gap=1.1097  ema_gap=1.1116  mixup=29/100  3.1 sps  ETA 1.6h
              R²_rand=0.9901  R²_naive=0.9913  U_t=0.1556  U_b=0.1603  AUC=1.0000  Top1=1.0000
  timing: data=4.7ms  fwd=92.0ms  bwd=9.7ms  total=106.8ms
  -> Saved /home/jupyter/contrastive-forecasting/checkpoints/enc_fcst_dk09_fp32_150k_best_loss.pth
[ 132000] loss=1.9716  ema_loss=1.9744  gap=1.1099  ema_gap=1.1101  mixup=29/100  3.1 sps  ETA 1.6h
              R²_rand=0.9902  R²_naive=0.9913  U_t=0.1545  U_b=0.1604  AUC=1.0000  Top1=1.0000
  timing: data=45.6ms  fwd=89.9ms  bwd=8.8ms  total=144.7ms
  -> Saved /home/jupyter/contrastive-forecasting/checkpoints/enc_fcst_dk09_fp32_150k_best_loss.pth
[ 132100] loss=1.9703  ema_loss=1.9733  gap=1.1119  ema_gap=1.1113  mixup=22/100  3.1 sps  ETA 1.6h
              R²_rand=0.9902  R²_naive=0.9913  U_t=0.1542  U_b=0.1608  AUC=1.0000  Top1=1.0000
  timing: data=4.7ms  fwd=91.6ms  bwd=9.3ms  total=106.1ms
  -> Saved /home/jupyter/contrastive-forecasting/checkpoints/enc_fcst_dk09_fp32_150k_best_loss.pth
[ 132200] loss=1.9726  ema_loss=1.9729  gap=1.1149  ema_gap=1.1112  mixup=23/100  3.1 sps  ETA 1.6h
              R²_rand=0.9903  R²_naive=0.9914  U_t=0.1533  U_b=0.1606  AUC=1.0000  Top1=1.0000
  timing: data=43.8ms  fwd=91.0ms  bwd=9.8ms  total=145.0ms
  -> Saved /home/jupyter/contrastive-forecasting/checkpoints/enc_fcst_dk09_fp32_150k_best_loss.pth
[ 132300] loss=1.9690  ema_loss=1.9725  gap=1.1143  ema_gap=1.1112  mixup=35/100  3.1 sps  ETA 1.6h
              R²_rand=0.9902  R²_naive=0.9913  U_t=0.1543  U_b=0.1608  AUC=1.0000  Top1=1.0000
  timing: data=44.8ms  fwd=91.2ms  bwd=9.7ms  total=146.0ms
  -> Saved /home/jupyter/contrastive-forecasting/checkpoints/enc_fcst_dk09_fp32_150k_best_loss.pth
[ 132400] loss=1.9793  ema_loss=1.9723  gap=1.1123  ema_gap=1.1100  mixup=39/100  3.1 sps  ETA 1.6h
              R²_rand=0.9903  R²_naive=0.9914  U_t=0.1550  U_b=0.1604  AUC=1.0000  Top1=1.0000
  timing: data=4.7ms  fwd=93.8ms  bwd=9.6ms  total=108.5ms
  -> Saved /home/jupyter/contrastive-forecasting/checkpoints/enc_fcst_dk09_fp32_150k_best_loss.pth
[ 132500] loss=1.9725  ema_loss=1.9724  gap=1.1137  ema_gap=1.1098  mixup=33/100  3.1 sps  ETA 1.6h
              R²_rand=0.9901  R²_naive=0.9912  U_t=0.1530  U_b=0.1606  AUC=1.0000  Top1=1.0000
  timing: data=43.5ms  fwd=90.6ms  bwd=9.7ms  total=144.2ms
[ 132600] loss=1.9757  ema_loss=1.9721  gap=1.1112  ema_gap=1.1111  mixup=31/100  3.1 sps  ETA 1.6h
              R²_rand=0.9900  R²_naive=0.9913  U_t=0.1547  U_b=0.1609  AUC=1.0000  Top1=1.0000
  timing: data=45.5ms  fwd=91.1ms  bwd=9.7ms  total=146.7ms
  -> Saved /home/jupyter/contrastive-forecasting/checkpoints/enc_fcst_dk09_fp32_150k_best_loss.pth
[ 132700] loss=1.9722  ema_loss=1.9721  gap=1.1133  ema_gap=1.1103  mixup=31/100  3.1 sps  ETA 1.6h
              R²_rand=0.9900  R²_naive=0.9912  U_t=0.1539  U_b=0.1606  AUC=1.0000  Top1=1.0000
  timing: data=3.4ms  fwd=92.3ms  bwd=9.6ms  total=105.7ms
[ 132800] loss=1.9711  ema_loss=1.9721  gap=1.1094  ema_gap=1.1097  mixup=30/100  3.1 sps  ETA 1.6h
              R²_rand=0.9901  R²_naive=0.9913  U_t=0.1543  U_b=0.1608  AUC=1.0000  Top1=1.0000
  timing: data=48.0ms  fwd=91.2ms  bwd=9.6ms  total=149.2ms
[ 132900] loss=1.9688  ema_loss=1.9723  gap=1.1130  ema_gap=1.1097  mixup=21/100  3.1 sps  ETA 1.6h
              R²_rand=0.9902  R²_naive=0.9913  U_t=0.1542  U_b=0.1611  AUC=1.0000  Top1=1.0000
  timing: data=39.9ms  fwd=91.3ms  bwd=9.8ms  total=141.4ms
[ 133000] loss=1.9695  ema_loss=1.9723  gap=1.1085  ema_gap=1.1102  mixup=39/100  3.1 sps  ETA 1.5h
              R²_rand=0.9901  R²_naive=0.9913  U_t=0.1552  U_b=0.1607  AUC=1.0000  Top1=1.0000
  timing: data=5.1ms  fwd=91.3ms  bwd=10.1ms  total=106.8ms
[ 133100] loss=1.9725  ema_loss=1.9723  gap=1.1162  ema_gap=1.1106  mixup=26/100  3.1 sps  ETA 1.5h
              R²_rand=0.9901  R²_naive=0.9912  U_t=0.1536  U_b=0.1611  AUC=1.0000  Top1=1.0000
  timing: data=40.3ms  fwd=91.1ms  bwd=9.7ms  total=141.4ms
[ 133200] loss=1.9762  ema_loss=1.9723  gap=1.1092  ema_gap=1.1109  mixup=34/100  3.1 sps  ETA 1.5h
              R²_rand=0.9902  R²_naive=0.9913  U_t=0.1549  U_b=0.1605  AUC=1.0000  Top1=1.0000
  timing: data=53.4ms  fwd=90.2ms  bwd=8.7ms  total=152.8ms
[ 133300] loss=1.9710  ema_loss=1.9723  gap=1.1104  ema_gap=1.1123  mixup=25/100  3.1 sps  ETA 1.5h
              R²_rand=0.9902  R²_naive=0.9913  U_t=0.1536  U_b=0.1606  AUC=1.0000  Top1=1.0000
  timing: data=3.3ms  fwd=92.6ms  bwd=8.7ms  total=105.0ms
[ 133400] loss=1.9684  ema_loss=1.9719  gap=1.1068  ema_gap=1.1131  mixup=26/100  3.1 sps  ETA 1.5h
              R²_rand=0.9901  R²_naive=0.9913  U_t=0.1549  U_b=0.1611  AUC=1.0000  Top1=1.0000
  timing: data=40.1ms  fwd=90.9ms  bwd=8.7ms  total=140.1ms
  -> Saved /home/jupyter/contrastive-forecasting/checkpoints/enc_fcst_dk09_fp32_150k_best_loss.pth
[ 133500] loss=1.9713  ema_loss=1.9719  gap=1.1147  ema_gap=1.1129  mixup=27/100  3.1 sps  ETA 1.5h
              R²_rand=0.9904  R²_naive=0.9915  U_t=0.1532  U_b=0.1600  AUC=1.0000  Top1=1.0000
  timing: data=3.6ms  fwd=92.6ms  bwd=8.5ms  total=105.1ms
[ 133600] loss=1.9714  ema_loss=1.9722  gap=1.1115  ema_gap=1.1127  mixup=39/100  3.1 sps  ETA 1.5h
              R²_rand=0.9902  R²_naive=0.9913  U_t=0.1541  U_b=0.1606  AUC=1.0000  Top1=1.0000
  timing: data=42.5ms  fwd=90.3ms  bwd=8.3ms  total=141.5ms
[ 133700] loss=1.9716  ema_loss=1.9719  gap=1.1109  ema_gap=1.1114  mixup=37/100  3.1 sps  ETA 1.5h
              R²_rand=0.9901  R²_naive=0.9913  U_t=0.1544  U_b=0.1606  AUC=1.0000  Top1=1.0000
  timing: data=43.5ms  fwd=90.4ms  bwd=8.4ms  total=142.7ms
[ 133800] loss=1.9745  ema_loss=1.9722  gap=1.1117  ema_gap=1.1114  mixup=32/100  3.1 sps  ETA 1.5h
              R²_rand=0.9901  R²_naive=0.9912  U_t=0.1532  U_b=0.1603  AUC=1.0000  Top1=1.0000
  timing: data=3.3ms  fwd=92.4ms  bwd=8.6ms  total=104.7ms
[ 133900] loss=1.9730  ema_loss=1.9720  gap=1.1133  ema_gap=1.1119  mixup=22/100  3.1 sps  ETA 1.5h
              R²_rand=0.9901  R²_naive=0.9913  U_t=0.1538  U_b=0.1607  AUC=1.0000  Top1=1.0000
  timing: data=39.9ms  fwd=91.5ms  bwd=8.6ms  total=140.4ms
[ 134000] loss=1.9711  ema_loss=1.9725  gap=1.1053  ema_gap=1.1107  mixup=30/100  3.1 sps  ETA 1.5h
              R²_rand=0.9903  R²_naive=0.9914  U_t=0.1544  U_b=0.1608  AUC=1.0000  Top1=1.0000
  timing: data=51.8ms  fwd=90.8ms  bwd=8.6ms  total=151.6ms
[ 134100] loss=1.9703  ema_loss=1.9720  gap=1.1091  ema_gap=1.1100  mixup=24/100  3.1 sps  ETA 1.4h
              R²_rand=0.9902  R²_naive=0.9913  U_t=0.1542  U_b=0.1610  AUC=1.0000  Top1=1.0000
  timing: data=4.4ms  fwd=91.1ms  bwd=8.6ms  total=104.6ms
[ 134200] loss=1.9679  ema_loss=1.9718  gap=1.1125  ema_gap=1.1098  mixup=29/100  3.1 sps  ETA 1.4h
              R²_rand=0.9903  R²_naive=0.9913  U_t=0.1537  U_b=0.1609  AUC=1.0000  Top1=1.0000
  timing: data=39.3ms  fwd=91.9ms  bwd=8.7ms  total=140.3ms
  -> Saved /home/jupyter/contrastive-forecasting/checkpoints/enc_fcst_dk09_fp32_150k_best_loss.pth
[ 134300] loss=1.9701  ema_loss=1.9716  gap=1.1123  ema_gap=1.1099  mixup=30/100  3.1 sps  ETA 1.4h
              R²_rand=0.9904  R²_naive=0.9915  U_t=0.1538  U_b=0.1609  AUC=1.0000  Top1=1.0000
  timing: data=44.6ms  fwd=91.3ms  bwd=9.0ms  total=145.3ms
  -> Saved /home/jupyter/contrastive-forecasting/checkpoints/enc_fcst_dk09_fp32_150k_best_loss.pth
[ 134400] loss=1.9696  ema_loss=1.9719  gap=1.1069  ema_gap=1.1102  mixup=30/100  3.1 sps  ETA 1.4h
              R²_rand=0.9903  R²_naive=0.9914  U_t=0.1553  U_b=0.1609  AUC=1.0000  Top1=1.0000
  timing: data=3.7ms  fwd=92.7ms  bwd=9.4ms  total=106.2ms
[ 134500] loss=1.9750  ema_loss=1.9719  gap=1.1087  ema_gap=1.1109  mixup=31/100  3.1 sps  ETA 1.4h
              R²_rand=0.9901  R²_naive=0.9913  U_t=0.1536  U_b=0.1608  AUC=1.0000  Top1=1.0000
  timing: data=46.0ms  fwd=90.4ms  bwd=9.7ms  total=146.6ms
[ 134600] loss=1.9726  ema_loss=1.9718  gap=1.1084  ema_gap=1.1099  mixup=28/100  3.1 sps  ETA 1.4h
              R²_rand=0.9902  R²_naive=0.9913  U_t=0.1540  U_b=0.1606  AUC=1.0000  Top1=1.0000
  timing: data=3.5ms  fwd=91.0ms  bwd=11.8ms  total=106.7ms
[ 134700] loss=1.9699  ema_loss=1.9719  gap=1.1102  ema_gap=1.1103  mixup=28/100  3.1 sps  ETA 1.4h
              R²_rand=0.9902  R²_naive=0.9913  U_t=0.1546  U_b=0.1607  AUC=1.0000  Top1=1.0000
  timing: data=45.0ms  fwd=93.0ms  bwd=8.6ms  total=147.0ms
[ 134800] loss=1.9716  ema_loss=1.9718  gap=1.1056  ema_gap=1.1095  mixup=30/100  3.1 sps  ETA 1.4h
              R²_rand=0.9904  R²_naive=0.9914  U_t=0.1550  U_b=0.1607  AUC=1.0000  Top1=1.0000
  timing: data=44.2ms  fwd=88.4ms  bwd=8.6ms  total=141.5ms
[ 134900] loss=1.9690  ema_loss=1.9718  gap=1.1102  ema_gap=1.1105  mixup=27/100  3.1 sps  ETA 1.4h
              R²_rand=0.9903  R²_naive=0.9914  U_t=0.1551  U_b=0.1601  AUC=1.0000  Top1=1.0000
  timing: data=3.5ms  fwd=93.5ms  bwd=8.6ms  total=105.9ms
[ 135000] loss=1.9731  ema_loss=1.9718  gap=1.1087  ema_gap=1.1109  mixup=26/100  3.1 sps  ETA 1.4h
              R²_rand=0.9904  R²_naive=0.9915  U_t=0.1541  U_b=0.1604  AUC=1.0000  Top1=1.0000
  timing: data=46.7ms  fwd=88.2ms  bwd=8.6ms  total=143.9ms
  -> Saved /home/jupyter/contrastive-forecasting/checkpoints/enc_fcst_dk09_fp32_150k_135k.pth
[ 135100] loss=1.9749  ema_loss=1.9722  gap=1.1146  ema_gap=1.1113  mixup=32/100  3.1 sps  ETA 1.4h
              R²_rand=0.9902  R²_naive=0.9913  U_t=0.1537  U_b=0.1602  AUC=1.0000  Top1=1.0000
  timing: data=49.0ms  fwd=90.0ms  bwd=8.6ms  total=148.0ms
[ 135200] loss=1.9761  ema_loss=1.9720  gap=1.1072  ema_gap=1.1107  mixup=41/100  3.1 sps  ETA 1.3h
              R²_rand=0.9902  R²_naive=0.9913  U_t=0.1549  U_b=0.1607  AUC=1.0000  Top1=1.0000
  timing: data=4.2ms  fwd=92.2ms  bwd=8.6ms  total=105.4ms
[ 135300] loss=1.9738  ema_loss=1.9716  gap=1.1097  ema_gap=1.1118  mixup=38/100  3.1 sps  ETA 1.3h
              R²_rand=0.9902  R²_naive=0.9914  U_t=0.1547  U_b=0.1607  AUC=1.0000  Top1=1.0000
  timing: data=42.9ms  fwd=90.3ms  bwd=8.6ms  total=142.1ms
[ 135400] loss=1.9758  ema_loss=1.9717  gap=1.1143  ema_gap=1.1123  mixup=25/100  3.1 sps  ETA 1.3h
              R²_rand=0.9902  R²_naive=0.9913  U_t=0.1543  U_b=0.1608  AUC=1.0000  Top1=1.0000
  timing: data=40.4ms  fwd=90.6ms  bwd=8.6ms  total=140.0ms
[ 135500] loss=1.9715  ema_loss=1.9720  gap=1.1098  ema_gap=1.1114  mixup=29/100  3.1 sps  ETA 1.3h
              R²_rand=0.9903  R²_naive=0.9914  U_t=0.1543  U_b=0.1604  AUC=1.0000  Top1=1.0000
  timing: data=3.5ms  fwd=91.7ms  bwd=8.2ms  total=103.8ms
[ 135600] loss=1.9752  ema_loss=1.9719  gap=1.1070  ema_gap=1.1103  mixup=26/100  3.1 sps  ETA 1.3h
              R²_rand=0.9903  R²_naive=0.9914  U_t=0.1550  U_b=0.1604  AUC=1.0000  Top1=1.0000
  timing: data=38.9ms  fwd=91.1ms  bwd=8.5ms  total=138.8ms
[ 135700] loss=1.9716  ema_loss=1.9715  gap=1.1054  ema_gap=1.1100  mixup=36/100  3.1 sps  ETA 1.3h
              R²_rand=0.9902  R²_naive=0.9913  U_t=0.1559  U_b=0.1609  AUC=1.0000  Top1=1.0000
  timing: data=41.0ms  fwd=90.5ms  bwd=8.6ms  total=140.4ms
  -> Saved /home/jupyter/contrastive-forecasting/checkpoints/enc_fcst_dk09_fp32_150k_best_loss.pth
[ 135800] loss=1.9721  ema_loss=1.9718  gap=1.1092  ema_gap=1.1099  mixup=24/100  3.1 sps  ETA 1.3h
              R²_rand=0.9901  R²_naive=0.9913  U_t=0.1546  U_b=0.1605  AUC=1.0000  Top1=1.0000
  timing: data=3.0ms  fwd=93.4ms  bwd=8.6ms  total=105.5ms
[ 135900] loss=1.9720  ema_loss=1.9716  gap=1.1158  ema_gap=1.1110  mixup=36/100  3.1 sps  ETA 1.3h
              R²_rand=0.9903  R²_naive=0.9915  U_t=0.1541  U_b=0.1607  AUC=1.0000  Top1=1.0000
  timing: data=53.2ms  fwd=90.8ms  bwd=8.6ms  total=153.0ms
[ 136000] loss=1.9730  ema_loss=1.9719  gap=1.1138  ema_gap=1.1116  mixup=25/100  3.1 sps  ETA 1.3h
              R²_rand=0.9901  R²_naive=0.9913  U_t=0.1540  U_b=0.1603  AUC=1.0000  Top1=1.0000
  timing: data=3.9ms  fwd=92.5ms  bwd=8.6ms  total=105.4ms
[ 136100] loss=1.9723  ema_loss=1.9717  gap=1.1125  ema_gap=1.1112  mixup=40/100  3.1 sps  ETA 1.3h
              R²_rand=0.9903  R²_naive=0.9914  U_t=0.1545  U_b=0.1601  AUC=1.0000  Top1=1.0000
  timing: data=46.9ms  fwd=90.7ms  bwd=8.6ms  total=146.5ms
[ 136200] loss=1.9729  ema_loss=1.9716  gap=1.1095  ema_gap=1.1107  mixup=31/100  3.1 sps  ETA 1.3h
              R²_rand=0.9902  R²_naive=0.9913  U_t=0.1545  U_b=0.1608  AUC=1.0000  Top1=1.0000
  timing: data=44.0ms  fwd=90.6ms  bwd=8.6ms  total=143.6ms
[ 136300] loss=1.9647  ema_loss=1.9717  gap=1.1077  ema_gap=1.1106  mixup=24/100  3.1 sps  ETA 1.2h
              R²_rand=0.9903  R²_naive=0.9914  U_t=0.1542  U_b=0.1611  AUC=1.0000  Top1=1.0000
  timing: data=3.3ms  fwd=92.5ms  bwd=8.6ms  total=104.8ms
[ 136400] loss=1.9710  ema_loss=1.9718  gap=1.1109  ema_gap=1.1106  mixup=32/100  3.1 sps  ETA 1.2h
              R²_rand=0.9902  R²_naive=0.9914  U_t=0.1552  U_b=0.1609  AUC=1.0000  Top1=1.0000
  timing: data=44.8ms  fwd=90.3ms  bwd=8.6ms  total=144.1ms
[ 136500] loss=1.9701  ema_loss=1.9718  gap=1.1119  ema_gap=1.1107  mixup=38/100  3.1 sps  ETA 1.2h
              R²_rand=0.9903  R²_naive=0.9914  U_t=0.1529  U_b=0.1609  AUC=1.0000  Top1=1.0000
  timing: data=48.5ms  fwd=90.5ms  bwd=8.6ms  total=148.0ms
[ 136600] loss=1.9731  ema_loss=1.9717  gap=1.1075  ema_gap=1.1111  mixup=27/100  3.1 sps  ETA 1.2h
              R²_rand=0.9902  R²_naive=0.9914  U_t=0.1547  U_b=0.1602  AUC=1.0000  Top1=1.0000
  timing: data=3.3ms  fwd=92.6ms  bwd=8.6ms  total=104.9ms
[ 136700] loss=1.9746  ema_loss=1.9717  gap=1.1134  ema_gap=1.1120  mixup=35/100  3.1 sps  ETA 1.2h
              R²_rand=0.9903  R²_naive=0.9914  U_t=0.1536  U_b=0.1605  AUC=1.0000  Top1=1.0000
  timing: data=45.2ms  fwd=90.9ms  bwd=8.6ms  total=145.1ms
[ 136800] loss=1.9720  ema_loss=1.9716  gap=1.1094  ema_gap=1.1113  mixup=28/100  3.1 sps  ETA 1.2h
              R²_rand=0.9904  R²_naive=0.9915  U_t=0.1543  U_b=0.1605  AUC=1.0000  Top1=1.0000
  timing: data=44.5ms  fwd=91.1ms  bwd=9.1ms  total=145.1ms
[ 136900] loss=1.9665  ema_loss=1.9715  gap=1.1094  ema_gap=1.1111  mixup=28/100  3.1 sps  ETA 1.2h
              R²_rand=0.9902  R²_naive=0.9913  U_t=0.1544  U_b=0.1610  AUC=1.0000  Top1=1.0000
  timing: data=4.5ms  fwd=91.8ms  bwd=9.4ms  total=106.1ms
[ 137000] loss=1.9744  ema_loss=1.9717  gap=1.1041  ema_gap=1.1106  mixup=34/100  3.1 sps  ETA 1.2h
              R²_rand=0.9903  R²_naive=0.9914  U_t=0.1543  U_b=0.1608  AUC=1.0000  Top1=1.0000
  timing: data=46.4ms  fwd=90.7ms  bwd=8.6ms  total=146.0ms
[ 137100] loss=1.9720  ema_loss=1.9715  gap=1.1104  ema_gap=1.1110  mixup=30/100  3.1 sps  ETA 1.2h
              R²_rand=0.9901  R²_naive=0.9912  U_t=0.1540  U_b=0.1610  AUC=1.0000  Top1=1.0000
  timing: data=4.4ms  fwd=90.1ms  bwd=8.6ms  total=103.5ms
  -> Saved /home/jupyter/contrastive-forecasting/checkpoints/enc_fcst_dk09_fp32_150k_best_loss.pth
[ 137200] loss=1.9759  ema_loss=1.9719  gap=1.1048  ema_gap=1.1109  mixup=30/100  3.1 sps  ETA 1.2h
              R²_rand=0.9903  R²_naive=0.9914  U_t=0.1534  U_b=0.1606  AUC=1.0000  Top1=1.0000
  timing: data=40.3ms  fwd=92.9ms  bwd=8.6ms  total=142.1ms
[ 137300] loss=1.9774  ema_loss=1.9718  gap=1.1107  ema_gap=1.1108  mixup=37/100  3.1 sps  ETA 1.2h
              R²_rand=0.9901  R²_naive=0.9913  U_t=0.1547  U_b=0.1606  AUC=1.0000  Top1=1.0000
  timing: data=52.6ms  fwd=90.5ms  bwd=8.6ms  total=152.0ms
[ 137400] loss=1.9721  ema_loss=1.9717  gap=1.1143  ema_gap=1.1119  mixup=33/100  3.1 sps  ETA 1.1h
              R²_rand=0.9903  R²_naive=0.9913  U_t=0.1537  U_b=0.1605  AUC=1.0000  Top1=1.0000
  timing: data=3.8ms  fwd=92.5ms  bwd=8.7ms  total=105.3ms
[ 137500] loss=1.9728  ema_loss=1.9716  gap=1.1205  ema_gap=1.1117  mixup=26/100  3.1 sps  ETA 1.1h
              R²_rand=0.9901  R²_naive=0.9913  U_t=0.1545  U_b=0.1607  AUC=1.0000  Top1=1.0000
  timing: data=45.4ms  fwd=91.0ms  bwd=9.1ms  total=145.9ms
[ 137600] loss=1.9724  ema_loss=1.9717  gap=1.1165  ema_gap=1.1113  mixup=27/100  3.1 sps  ETA 1.1h
              R²_rand=0.9903  R²_naive=0.9914  U_t=0.1546  U_b=0.1608  AUC=1.0000  Top1=1.0000
  timing: data=47.5ms  fwd=91.6ms  bwd=9.7ms  total=149.3ms
[ 137700] loss=1.9694  ema_loss=1.9720  gap=1.1107  ema_gap=1.1109  mixup=29/100  3.1 sps  ETA 1.1h
              R²_rand=0.9903  R²_naive=0.9913  U_t=0.1547  U_b=0.1610  AUC=1.0000  Top1=1.0000
  timing: data=3.4ms  fwd=92.2ms  bwd=9.7ms  total=105.6ms
[ 137800] loss=1.9704  ema_loss=1.9721  gap=1.1131  ema_gap=1.1113  mixup=33/100  3.1 sps  ETA 1.1h
              R²_rand=0.9902  R²_naive=0.9914  U_t=0.1535  U_b=0.1604  AUC=1.0000  Top1=1.0000
  timing: data=50.9ms  fwd=90.9ms  bwd=9.7ms  total=152.0ms
[ 137900] loss=1.9705  ema_loss=1.9717  gap=1.1150  ema_gap=1.1114  mixup=31/100  3.1 sps  ETA 1.1h
              R²_rand=0.9902  R²_naive=0.9914  U_t=0.1544  U_b=0.1605  AUC=1.0000  Top1=1.0000
  timing: data=40.2ms  fwd=90.4ms  bwd=9.7ms  total=140.7ms
[ 138000] loss=1.9761  ema_loss=1.9717  gap=1.1136  ema_gap=1.1110  mixup=27/100  3.1 sps  ETA 1.1h
              R²_rand=0.9902  R²_naive=0.9914  U_t=0.1541  U_b=0.1604  AUC=1.0000  Top1=1.0000
  timing: data=4.8ms  fwd=92.5ms  bwd=9.6ms  total=107.3ms
[ 138100] loss=1.9697  ema_loss=1.9718  gap=1.1070  ema_gap=1.1103  mixup=34/100  3.1 sps  ETA 1.1h
              R²_rand=0.9903  R²_naive=0.9913  U_t=0.1553  U_b=0.1608  AUC=1.0000  Top1=1.0000
  timing: data=43.7ms  fwd=89.9ms  bwd=9.0ms  total=143.0ms
[ 138200] loss=1.9724  ema_loss=1.9719  gap=1.1095  ema_gap=1.1111  mixup=33/100  3.1 sps  ETA 1.1h
              R²_rand=0.9903  R²_naive=0.9914  U_t=0.1542  U_b=0.1608  AUC=1.0000  Top1=1.0000
  timing: data=45.9ms  fwd=89.5ms  bwd=8.7ms  total=144.5ms
[ 138300] loss=1.9710  ema_loss=1.9716  gap=1.1096  ema_gap=1.1113  mixup=23/100  3.1 sps  ETA 1.1h
              R²_rand=0.9903  R²_naive=0.9914  U_t=0.1544  U_b=0.1613  AUC=1.0000  Top1=1.0000
  timing: data=3.7ms  fwd=94.9ms  bwd=8.5ms  total=107.5ms
[ 138400] loss=1.9698  ema_loss=1.9718  gap=1.1147  ema_gap=1.1122  mixup=29/100  3.1 sps  ETA 1.1h
              R²_rand=0.9904  R²_naive=0.9915  U_t=0.1538  U_b=0.1608  AUC=1.0000  Top1=1.0000
  timing: data=41.4ms  fwd=91.0ms  bwd=8.9ms  total=141.6ms
[ 138500] loss=1.9724  ema_loss=1.9719  gap=1.1083  ema_gap=1.1114  mixup=22/100  3.1 sps  ETA 1.0h
              R²_rand=0.9902  R²_naive=0.9913  U_t=0.1552  U_b=0.1609  AUC=1.0000  Top1=1.0000
  timing: data=3.3ms  fwd=92.0ms  bwd=9.7ms  total=105.4ms
[ 138600] loss=1.9723  ema_loss=1.9719  gap=1.1121  ema_gap=1.1115  mixup=30/100  3.1 sps  ETA 1.0h
              R²_rand=0.9902  R²_naive=0.9913  U_t=0.1530  U_b=0.1605  AUC=1.0000  Top1=1.0000
  timing: data=43.3ms  fwd=91.6ms  bwd=8.6ms  total=143.9ms
[ 138700] loss=1.9677  ema_loss=1.9717  gap=1.1092  ema_gap=1.1115  mixup=37/100  3.1 sps  ETA 1.0h
              R²_rand=0.9904  R²_naive=0.9914  U_t=0.1542  U_b=0.1610  AUC=1.0000  Top1=1.0000
  timing: data=45.8ms  fwd=90.8ms  bwd=9.2ms  total=146.2ms
[ 138800] loss=1.9657  ema_loss=1.9696  gap=1.1027  ema_gap=1.1086  mixup=29/100  3.1 sps  ETA 1.0h
              R²_rand=0.9900  R²_naive=0.9911  U_t=0.1574  U_b=0.1633  AUC=1.0000  Top1=1.0000
  timing: data=3.4ms  fwd=93.0ms  bwd=8.7ms  total=105.6ms
  -> Saved /home/jupyter/contrastive-forecasting/checkpoints/enc_fcst_dk09_fp32_150k_best_loss.pth
[ 138900] loss=1.9621  ema_loss=1.9648  gap=1.1088  ema_gap=1.1071  mixup=42/100  3.1 sps  ETA 1.0h
              R²_rand=0.9902  R²_naive=0.9912  U_t=0.1567  U_b=0.1636  AUC=1.0000  Top1=1.0000
  timing: data=48.0ms  fwd=91.5ms  bwd=9.7ms  total=149.6ms
  -> Saved /home/jupyter/contrastive-forecasting/checkpoints/enc_fcst_dk09_fp32_150k_best_loss.pth
[ 139000] loss=1.9579  ema_loss=1.9626  gap=1.1092  ema_gap=1.1063  mixup=21/100  3.1 sps  ETA 1.0h
              R²_rand=0.9902  R²_naive=0.9913  U_t=0.1578  U_b=0.1634  AUC=1.0000  Top1=1.0000
  timing: data=45.5ms  fwd=91.1ms  bwd=9.6ms  total=146.6ms
  -> Saved /home/jupyter/contrastive-forecasting/checkpoints/enc_fcst_dk09_fp32_150k_best_loss.pth
[ 139100] loss=1.9604  ema_loss=1.9615  gap=1.1108  ema_gap=1.1065  mixup=31/100  3.1 sps  ETA 1.0h
              R²_rand=0.9902  R²_naive=0.9912  U_t=0.1572  U_b=0.1632  AUC=1.0000  Top1=1.0000
  timing: data=3.3ms  fwd=93.1ms  bwd=8.7ms  total=105.5ms
  -> Saved /home/jupyter/contrastive-forecasting/checkpoints/enc_fcst_dk09_fp32_150k_best_loss.pth
[ 139200] loss=1.9571  ema_loss=1.9613  gap=1.1123  ema_gap=1.1075  mixup=35/100  3.1 sps  ETA 1.0h
              R²_rand=0.9903  R²_naive=0.9914  U_t=0.1568  U_b=0.1634  AUC=1.0000  Top1=1.0000
  timing: data=44.0ms  fwd=87.7ms  bwd=8.5ms  total=140.6ms
  -> Saved /home/jupyter/contrastive-forecasting/checkpoints/enc_fcst_dk09_fp32_150k_best_loss.pth
[ 139300] loss=1.9585  ema_loss=1.9612  gap=1.1047  ema_gap=1.1073  mixup=41/100  3.1 sps  ETA 1.0h
              R²_rand=0.9902  R²_naive=0.9912  U_t=0.1576  U_b=0.1632  AUC=1.0000  Top1=1.0000
  timing: data=39.1ms  fwd=89.9ms  bwd=8.7ms  total=138.1ms
  -> Saved /home/jupyter/contrastive-forecasting/checkpoints/enc_fcst_dk09_fp32_150k_best_loss.pth
[ 139400] loss=1.9558  ema_loss=1.9610  gap=1.1036  ema_gap=1.1065  mixup=24/100  3.1 sps  ETA 1.0h
              R²_rand=0.9903  R²_naive=0.9913  U_t=0.1572  U_b=0.1632  AUC=1.0000  Top1=1.0000
  timing: data=4.2ms  fwd=92.5ms  bwd=8.8ms  total=106.0ms
  -> Saved /home/jupyter/contrastive-forecasting/checkpoints/enc_fcst_dk09_fp32_150k_best_loss.pth
[ 139500] loss=1.9596  ema_loss=1.9609  gap=1.1065  ema_gap=1.1067  mixup=26/100  3.1 sps  ETA 1.0h
              R²_rand=0.9901  R²_naive=0.9912  U_t=0.1578  U_b=0.1638  AUC=1.0000  Top1=1.0000
  timing: data=45.4ms  fwd=91.0ms  bwd=8.6ms  total=145.3ms
  -> Saved /home/jupyter/contrastive-forecasting/checkpoints/enc_fcst_dk09_fp32_150k_best_loss.pth
[ 139600] loss=1.9629  ema_loss=1.9612  gap=1.1028  ema_gap=1.1070  mixup=25/100  3.1 sps  ETA 0.9h
              R²_rand=0.9902  R²_naive=0.9913  U_t=0.1569  U_b=0.1633  AUC=1.0000  Top1=1.0000
  timing: data=46.7ms  fwd=90.8ms  bwd=8.6ms  total=146.5ms
[ 139700] loss=1.9574  ema_loss=1.9611  gap=1.1049  ema_gap=1.1066  mixup=33/100  3.1 sps  ETA 0.9h
              R²_rand=0.9904  R²_naive=0.9914  U_t=0.1573  U_b=0.1634  AUC=1.0000  Top1=1.0000
  timing: data=3.6ms  fwd=92.0ms  bwd=8.6ms  total=104.5ms
[ 139800] loss=1.9629  ema_loss=1.9608  gap=1.1104  ema_gap=1.1070  mixup=27/100  3.1 sps  ETA 0.9h
              R²_rand=0.9901  R²_naive=0.9913  U_t=0.1576  U_b=0.1630  AUC=1.0000  Top1=1.0000
  timing: data=41.4ms  fwd=90.8ms  bwd=8.6ms  total=141.2ms
  -> Saved /home/jupyter/contrastive-forecasting/checkpoints/enc_fcst_dk09_fp32_150k_best_loss.pth
[ 139900] loss=1.9600  ema_loss=1.9607  gap=1.1051  ema_gap=1.1070  mixup=28/100  3.1 sps  ETA 0.9h
              R²_rand=0.9902  R²_naive=0.9912  U_t=0.1576  U_b=0.1632  AUC=1.0000  Top1=1.0000
  timing: data=3.4ms  fwd=94.1ms  bwd=8.6ms  total=106.5ms
  -> Saved /home/jupyter/contrastive-forecasting/checkpoints/enc_fcst_dk09_fp32_150k_best_loss.pth
[ 140000] loss=1.9603  ema_loss=1.9608  gap=1.1130  ema_gap=1.1075  mixup=22/100  3.1 sps  ETA 0.9h
              R²_rand=0.9900  R²_naive=0.9912  U_t=0.1565  U_b=0.1630  AUC=1.0000  Top1=1.0000
  timing: data=44.1ms  fwd=91.4ms  bwd=8.6ms  total=144.4ms
  -> Saved /home/jupyter/contrastive-forecasting/checkpoints/enc_fcst_dk09_fp32_150k_140k.pth
[ 140100] loss=1.9598  ema_loss=1.9607  gap=1.1083  ema_gap=1.1072  mixup=29/100  3.1 sps  ETA 0.9h
              R²_rand=0.9902  R²_naive=0.9913  U_t=0.1573  U_b=0.1634  AUC=1.0000  Top1=1.0000
  timing: data=45.6ms  fwd=90.6ms  bwd=8.6ms  total=145.1ms
  -> Saved /home/jupyter/contrastive-forecasting/checkpoints/enc_fcst_dk09_fp32_150k_best_loss.pth
[ 140200] loss=1.9588  ema_loss=1.9611  gap=1.0948  ema_gap=1.1060  mixup=30/100  3.1 sps  ETA 0.9h
              R²_rand=0.9903  R²_naive=0.9913  U_t=0.1577  U_b=0.1629  AUC=1.0000  Top1=1.0000
  timing: data=4.0ms  fwd=92.4ms  bwd=8.6ms  total=105.3ms
[ 140300] loss=1.9624  ema_loss=1.9610  gap=1.1084  ema_gap=1.1064  mixup=25/100  3.1 sps  ETA 0.9h
              R²_rand=0.9901  R²_naive=0.9912  U_t=0.1581  U_b=0.1632  AUC=1.0000  Top1=1.0000
  timing: data=38.7ms  fwd=90.5ms  bwd=8.6ms  total=138.3ms
[ 140400] loss=1.9602  ema_loss=1.9614  gap=1.1138  ema_gap=1.1073  mixup=27/100  3.1 sps  ETA 0.9h
              R²_rand=0.9901  R²_naive=0.9912  U_t=0.1577  U_b=0.1635  AUC=1.0000  Top1=1.0000
  timing: data=45.4ms  fwd=89.8ms  bwd=8.6ms  total=144.1ms
[ 140500] loss=1.9618  ema_loss=1.9608  gap=1.1014  ema_gap=1.1066  mixup=32/100  3.1 sps  ETA 0.9h
              R²_rand=0.9902  R²_naive=0.9912  U_t=0.1582  U_b=0.1634  AUC=1.0000  Top1=1.0000
  timing: data=3.5ms  fwd=92.4ms  bwd=9.6ms  total=105.9ms
[ 140600] loss=1.9587  ema_loss=1.9611  gap=1.1090  ema_gap=1.1072  mixup=33/100  3.1 sps  ETA 0.9h
              R²_rand=0.9903  R²_naive=0.9914  U_t=0.1566  U_b=0.1630  AUC=1.0000  Top1=1.0000
  timing: data=45.6ms  fwd=90.9ms  bwd=9.5ms  total=146.4ms
[ 140700] loss=1.9612  ema_loss=1.9612  gap=1.1044  ema_gap=1.1068  mixup=30/100  3.1 sps  ETA 0.8h
              R²_rand=0.9902  R²_naive=0.9912  U_t=0.1583  U_b=0.1631  AUC=1.0000  Top1=1.0000
  timing: data=54.9ms  fwd=91.0ms  bwd=8.7ms  total=155.0ms
[ 140800] loss=1.9649  ema_loss=1.9613  gap=1.1089  ema_gap=1.1056  mixup=33/100  3.1 sps  ETA 0.8h
              R²_rand=0.9902  R²_naive=0.9912  U_t=0.1582  U_b=0.1634  AUC=1.0000  Top1=1.0000
  timing: data=3.4ms  fwd=92.5ms  bwd=8.6ms  total=104.9ms
[ 140900] loss=1.9625  ema_loss=1.9609  gap=1.1015  ema_gap=1.1063  mixup=30/100  3.1 sps  ETA 0.8h
              R²_rand=0.9903  R²_naive=0.9913  U_t=0.1573  U_b=0.1629  AUC=1.0000  Top1=1.0000
  timing: data=39.7ms  fwd=91.1ms  bwd=8.6ms  total=139.8ms
[ 141000] loss=1.9584  ema_loss=1.9607  gap=1.1075  ema_gap=1.1068  mixup=29/100  3.1 sps  ETA 0.8h
              R²_rand=0.9902  R²_naive=0.9913  U_t=0.1569  U_b=0.1631  AUC=1.0000  Top1=1.0000
  timing: data=3.2ms  fwd=93.2ms  bwd=8.6ms  total=105.4ms
[ 141100] loss=1.9610  ema_loss=1.9609  gap=1.1029  ema_gap=1.1064  mixup=34/100  3.1 sps  ETA 0.8h
              R²_rand=0.9902  R²_naive=0.9913  U_t=0.1579  U_b=0.1637  AUC=1.0000  Top1=1.0000
  timing: data=45.0ms  fwd=89.3ms  bwd=8.6ms  total=143.3ms
[ 141200] loss=1.9589  ema_loss=1.9605  gap=1.0996  ema_gap=1.1059  mixup=35/100  3.1 sps  ETA 0.8h
              R²_rand=0.9902  R²_naive=0.9912  U_t=0.1564  U_b=0.1633  AUC=1.0000  Top1=1.0000
  timing: data=48.0ms  fwd=89.8ms  bwd=8.6ms  total=146.8ms
  -> Saved /home/jupyter/contrastive-forecasting/checkpoints/enc_fcst_dk09_fp32_150k_best_loss.pth
[ 141300] loss=1.9621  ema_loss=1.9610  gap=1.1043  ema_gap=1.1059  mixup=29/100  3.1 sps  ETA 0.8h
              R²_rand=0.9901  R²_naive=0.9912  U_t=0.1580  U_b=0.1627  AUC=1.0000  Top1=1.0000
  timing: data=4.3ms  fwd=91.6ms  bwd=8.6ms  total=104.9ms
[ 141400] loss=1.9634  ema_loss=1.9611  gap=1.1011  ema_gap=1.1056  mixup=26/100  3.1 sps  ETA 0.8h
              R²_rand=0.9900  R²_naive=0.9912  U_t=0.1574  U_b=0.1634  AUC=1.0000  Top1=1.0000
  timing: data=42.0ms  fwd=90.8ms  bwd=8.6ms  total=141.8ms
[ 141500] loss=1.9568  ema_loss=1.9609  gap=1.1035  ema_gap=1.1065  mixup=34/100  3.1 sps  ETA 0.8h
              R²_rand=0.9903  R²_naive=0.9914  U_t=0.1575  U_b=0.1633  AUC=1.0000  Top1=1.0000
  timing: data=40.3ms  fwd=90.7ms  bwd=9.1ms  total=140.6ms
[ 141600] loss=1.9633  ema_loss=1.9612  gap=1.1087  ema_gap=1.1074  mixup=31/100  3.1 sps  ETA 0.8h
              R²_rand=0.9902  R²_naive=0.9913  U_t=0.1573  U_b=0.1633  AUC=1.0000  Top1=1.0000
  timing: data=3.5ms  fwd=92.9ms  bwd=9.1ms  total=105.9ms
[ 141700] loss=1.9625  ema_loss=1.9610  gap=1.1025  ema_gap=1.1072  mixup=25/100  3.1 sps  ETA 0.8h
              R²_rand=0.9903  R²_naive=0.9913  U_t=0.1572  U_b=0.1631  AUC=1.0000  Top1=1.0000
  timing: data=42.2ms  fwd=90.5ms  bwd=9.7ms  total=142.8ms
[ 141800] loss=1.9588  ema_loss=1.9611  gap=1.1131  ema_gap=1.1076  mixup=28/100  3.1 sps  ETA 0.7h
              R²_rand=0.9903  R²_naive=0.9914  U_t=0.1566  U_b=0.1634  AUC=1.0000  Top1=1.0000
  timing: data=41.6ms  fwd=91.1ms  bwd=9.8ms  total=142.9ms
[ 141900] loss=1.9587  ema_loss=1.9612  gap=1.1107  ema_gap=1.1077  mixup=30/100  3.1 sps  ETA 0.7h
              R²_rand=0.9901  R²_naive=0.9913  U_t=0.1573  U_b=0.1631  AUC=1.0000  Top1=1.0000
  timing: data=3.1ms  fwd=92.4ms  bwd=8.6ms  total=104.5ms
[ 142000] loss=1.9622  ema_loss=1.9610  gap=1.1090  ema_gap=1.1063  mixup=29/100  3.1 sps  ETA 0.7h
              R²_rand=0.9901  R²_naive=0.9913  U_t=0.1579  U_b=0.1634  AUC=1.0000  Top1=1.0000
  timing: data=42.1ms  fwd=91.1ms  bwd=8.6ms  total=142.1ms
[ 142100] loss=1.9597  ema_loss=1.9606  gap=1.1093  ema_gap=1.1066  mixup=31/100  3.1 sps  ETA 0.7h
              R²_rand=0.9902  R²_naive=0.9914  U_t=0.1584  U_b=0.1633  AUC=1.0000  Top1=1.0000
  timing: data=40.8ms  fwd=90.9ms  bwd=8.6ms  total=140.6ms
[ 142200] loss=1.9575  ema_loss=1.9606  gap=1.1092  ema_gap=1.1066  mixup=33/100  3.1 sps  ETA 0.7h
              R²_rand=0.9902  R²_naive=0.9913  U_t=0.1576  U_b=0.1639  AUC=1.0000  Top1=1.0000
  timing: data=4.7ms  fwd=92.1ms  bwd=8.6ms  total=105.7ms
[ 142300] loss=1.9585  ema_loss=1.9603  gap=1.1145  ema_gap=1.1077  mixup=30/100  3.1 sps  ETA 0.7h
              R²_rand=0.9903  R²_naive=0.9914  U_t=0.1572  U_b=0.1637  AUC=1.0000  Top1=1.0000
  timing: data=39.7ms  fwd=89.5ms  bwd=8.8ms  total=138.4ms
  -> Saved /home/jupyter/contrastive-forecasting/checkpoints/enc_fcst_dk09_fp32_150k_best_loss.pth
[ 142400] loss=1.9596  ema_loss=1.9604  gap=1.1065  ema_gap=1.1082  mixup=35/100  3.1 sps  ETA 0.7h
              R²_rand=0.9903  R²_naive=0.9913  U_t=0.1567  U_b=0.1634  AUC=1.0000  Top1=1.0000
  timing: data=4.6ms  fwd=90.7ms  bwd=8.7ms  total=104.4ms
[ 142500] loss=1.9628  ema_loss=1.9606  gap=1.1012  ema_gap=1.1069  mixup=23/100  3.1 sps  ETA 0.7h
              R²_rand=0.9901  R²_naive=0.9912  U_t=0.1570  U_b=0.1634  AUC=1.0000  Top1=1.0000
  timing: data=40.8ms  fwd=91.5ms  bwd=8.8ms  total=141.5ms
[ 142600] loss=1.9599  ema_loss=1.9613  gap=1.1098  ema_gap=1.1058  mixup=26/100  3.1 sps  ETA 0.7h
              R²_rand=0.9902  R²_naive=0.9913  U_t=0.1570  U_b=0.1631  AUC=1.0000  Top1=1.0000
  timing: data=48.4ms  fwd=91.7ms  bwd=9.2ms  total=149.7ms
[ 142700] loss=1.9661  ema_loss=1.9607  gap=1.1066  ema_gap=1.1065  mixup=31/100  3.1 sps  ETA 0.7h
              R²_rand=0.9902  R²_naive=0.9912  U_t=0.1576  U_b=0.1625  AUC=1.0000  Top1=1.0000
  timing: data=3.8ms  fwd=92.1ms  bwd=10.0ms  total=106.3ms
[ 142800] loss=1.9636  ema_loss=1.9605  gap=1.1110  ema_gap=1.1063  mixup=31/100  3.1 sps  ETA 0.7h
              R²_rand=0.9902  R²_naive=0.9913  U_t=0.1571  U_b=0.1632  AUC=1.0000  Top1=1.0000
  timing: data=44.7ms  fwd=90.8ms  bwd=9.7ms  total=145.7ms
[ 142900] loss=1.9559  ema_loss=1.9607  gap=1.1119  ema_gap=1.1067  mixup=29/100  3.1 sps  ETA 0.6h
              R²_rand=0.9902  R²_naive=0.9914  U_t=0.1582  U_b=0.1636  AUC=1.0000  Top1=1.0000
  timing: data=44.9ms  fwd=91.3ms  bwd=9.6ms  total=146.2ms
[ 143000] loss=1.9609  ema_loss=1.9609  gap=1.1105  ema_gap=1.1076  mixup=28/100  3.1 sps  ETA 0.6h
              R²_rand=0.9903  R²_naive=0.9914  U_t=0.1581  U_b=0.1628  AUC=1.0000  Top1=1.0000
  timing: data=3.2ms  fwd=92.9ms  bwd=9.9ms  total=106.4ms
[ 143100] loss=1.9600  ema_loss=1.9607  gap=1.1028  ema_gap=1.1074  mixup=32/100  3.1 sps  ETA 0.6h
              R²_rand=0.9903  R²_naive=0.9913  U_t=0.1582  U_b=0.1632  AUC=1.0000  Top1=1.0000
  timing: data=41.2ms  fwd=91.0ms  bwd=9.1ms  total=141.7ms
[ 143200] loss=1.9649  ema_loss=1.9606  gap=1.1058  ema_gap=1.1074  mixup=26/100  3.1 sps  ETA 0.6h
              R²_rand=0.9900  R²_naive=0.9912  U_t=0.1575  U_b=0.1631  AUC=1.0000  Top1=1.0000
  timing: data=41.1ms  fwd=89.4ms  bwd=8.7ms  total=139.5ms
[ 143300] loss=1.9621  ema_loss=1.9607  gap=1.1031  ema_gap=1.1077  mixup=29/100  3.1 sps  ETA 0.6h
              R²_rand=0.9902  R²_naive=0.9914  U_t=0.1572  U_b=0.1630  AUC=1.0000  Top1=1.0000
  timing: data=4.4ms  fwd=93.2ms  bwd=9.6ms  total=107.6ms
[ 143400] loss=1.9601  ema_loss=1.9607  gap=1.1066  ema_gap=1.1074  mixup=39/100  3.1 sps  ETA 0.6h
              R²_rand=0.9902  R²_naive=0.9913  U_t=0.1565  U_b=0.1634  AUC=1.0000  Top1=1.0000
  timing: data=46.8ms  fwd=88.2ms  bwd=9.9ms  total=145.3ms
[ 143500] loss=1.9635  ema_loss=1.9605  gap=1.1090  ema_gap=1.1078  mixup=33/100  3.1 sps  ETA 0.6h
              R²_rand=0.9902  R²_naive=0.9913  U_t=0.1573  U_b=0.1633  AUC=1.0000  Top1=1.0000
  timing: data=4.7ms  fwd=91.1ms  bwd=10.0ms  total=106.2ms
[ 143600] loss=1.9613  ema_loss=1.9609  gap=1.1000  ema_gap=1.1071  mixup=34/100  3.1 sps  ETA 0.6h
              R²_rand=0.9901  R²_naive=0.9912  U_t=0.1577  U_b=0.1635  AUC=1.0000  Top1=1.0000
  timing: data=41.5ms  fwd=91.0ms  bwd=9.2ms  total=142.1ms
[ 143700] loss=1.9593  ema_loss=1.9606  gap=1.1089  ema_gap=1.1078  mixup=28/100  3.1 sps  ETA 0.6h
              R²_rand=0.9903  R²_naive=0.9914  U_t=0.1575  U_b=0.1632  AUC=1.0000  Top1=1.0000
  timing: data=41.6ms  fwd=91.2ms  bwd=8.6ms  total=141.8ms
[ 143800] loss=1.9556  ema_loss=1.9605  gap=1.1099  ema_gap=1.1073  mixup=30/100  3.1 sps  ETA 0.6h
              R²_rand=0.9904  R²_naive=0.9915  U_t=0.1576  U_b=0.1632  AUC=1.0000  Top1=1.0000
  timing: data=3.5ms  fwd=92.9ms  bwd=8.6ms  total=105.4ms
[ 143900] loss=1.9592  ema_loss=1.9602  gap=1.1043  ema_gap=1.1077  mixup=28/100  3.1 sps  ETA 0.6h
              R²_rand=0.9903  R²_naive=0.9913  U_t=0.1580  U_b=0.1634  AUC=1.0000  Top1=1.0000
  timing: data=43.9ms  fwd=92.8ms  bwd=8.8ms  total=145.9ms
  -> Saved /home/jupyter/contrastive-forecasting/checkpoints/enc_fcst_dk09_fp32_150k_best_loss.pth
[ 144000] loss=1.9632  ema_loss=1.9608  gap=1.1022  ema_gap=1.1085  mixup=36/100  3.1 sps  ETA 0.5h
              R²_rand=0.9901  R²_naive=0.9912  U_t=0.1576  U_b=0.1630  AUC=1.0000  Top1=1.0000
  timing: data=42.0ms  fwd=91.9ms  bwd=9.0ms  total=143.3ms
[ 144100] loss=1.9553  ema_loss=1.9608  gap=1.1185  ema_gap=1.1089  mixup=36/100  3.1 sps  ETA 0.5h
              R²_rand=0.9902  R²_naive=0.9914  U_t=0.1569  U_b=0.1632  AUC=1.0000  Top1=1.0000
  timing: data=3.4ms  fwd=92.9ms  bwd=8.7ms  total=105.4ms
[ 144200] loss=1.9638  ema_loss=1.9605  gap=1.1022  ema_gap=1.1091  mixup=38/100  3.1 sps  ETA 0.5h
              R²_rand=0.9903  R²_naive=0.9914  U_t=0.1571  U_b=0.1630  AUC=1.0000  Top1=1.0000
  timing: data=48.0ms  fwd=91.1ms  bwd=8.7ms  total=148.1ms
[ 144300] loss=1.9613  ema_loss=1.9607  gap=1.1053  ema_gap=1.1080  mixup=26/100  3.1 sps  ETA 0.5h
              R²_rand=0.9902  R²_naive=0.9913  U_t=0.1574  U_b=0.1634  AUC=1.0000  Top1=1.0000
  timing: data=40.8ms  fwd=92.4ms  bwd=8.7ms  total=142.3ms
[ 144400] loss=1.9612  ema_loss=1.9605  gap=1.1025  ema_gap=1.1080  mixup=32/100  3.1 sps  ETA 0.5h
              R²_rand=0.9903  R²_naive=0.9913  U_t=0.1571  U_b=0.1631  AUC=1.0000  Top1=1.0000
  timing: data=5.1ms  fwd=92.0ms  bwd=9.2ms  total=106.7ms
[ 144500] loss=1.9579  ema_loss=1.9603  gap=1.1115  ema_gap=1.1084  mixup=33/100  3.1 sps  ETA 0.5h
              R²_rand=0.9903  R²_naive=0.9914  U_t=0.1573  U_b=0.1633  AUC=1.0000  Top1=1.0000
  timing: data=43.0ms  fwd=90.3ms  bwd=9.8ms  total=143.5ms
[ 144600] loss=1.9643  ema_loss=1.9605  gap=1.1104  ema_gap=1.1092  mixup=25/100  3.1 sps  ETA 0.5h
              R²_rand=0.9905  R²_naive=0.9915  U_t=0.1571  U_b=0.1625  AUC=1.0000  Top1=1.0000
  timing: data=45.1ms  fwd=89.3ms  bwd=9.8ms  total=144.6ms
[ 144700] loss=1.9592  ema_loss=1.9607  gap=1.1108  ema_gap=1.1091  mixup=24/100  3.1 sps  ETA 0.5h
              R²_rand=0.9901  R²_naive=0.9912  U_t=0.1579  U_b=0.1634  AUC=1.0000  Top1=1.0000
  timing: data=3.3ms  fwd=92.0ms  bwd=9.9ms  total=105.6ms
[ 144800] loss=1.9616  ema_loss=1.9605  gap=1.1077  ema_gap=1.1095  mixup=30/100  3.1 sps  ETA 0.5h
              R²_rand=0.9902  R²_naive=0.9913  U_t=0.1574  U_b=0.1634  AUC=1.0000  Top1=1.0000
  timing: data=41.8ms  fwd=90.5ms  bwd=9.7ms  total=142.4ms
[ 144900] loss=1.9593  ema_loss=1.9603  gap=1.1077  ema_gap=1.1093  mixup=25/100  3.1 sps  ETA 0.5h
              R²_rand=0.9901  R²_naive=0.9913  U_t=0.1569  U_b=0.1636  AUC=1.0000  Top1=1.0000
  timing: data=3.3ms  fwd=92.3ms  bwd=9.8ms  total=105.9ms
[ 145000] loss=1.9632  ema_loss=1.9603  gap=1.1116  ema_gap=1.1083  mixup=27/100  3.1 sps  ETA 0.5h
              R²_rand=0.9900  R²_naive=0.9913  U_t=0.1576  U_b=0.1627  AUC=1.0000  Top1=1.0000
  timing: data=40.8ms  fwd=90.6ms  bwd=9.8ms  total=141.6ms
  -> Saved /home/jupyter/contrastive-forecasting/checkpoints/enc_fcst_dk09_fp32_150k_145k.pth
[ 145100] loss=1.9611  ema_loss=1.9605  gap=1.1079  ema_gap=1.1085  mixup=26/100  3.1 sps  ETA 0.4h
              R²_rand=0.9903  R²_naive=0.9914  U_t=0.1558  U_b=0.1631  AUC=1.0000  Top1=1.0000
  timing: data=57.2ms  fwd=91.2ms  bwd=8.7ms  total=157.6ms
[ 145200] loss=1.9600  ema_loss=1.9604  gap=1.1086  ema_gap=1.1093  mixup=39/100  3.1 sps  ETA 0.4h
              R²_rand=0.9903  R²_naive=0.9913  U_t=0.1567  U_b=0.1634  AUC=1.0000  Top1=1.0000
  timing: data=3.5ms  fwd=92.2ms  bwd=8.6ms  total=104.7ms
[ 145300] loss=1.9601  ema_loss=1.9606  gap=1.1121  ema_gap=1.1093  mixup=27/100  3.1 sps  ETA 0.4h
              R²_rand=0.9902  R²_naive=0.9913  U_t=0.1565  U_b=0.1633  AUC=1.0000  Top1=1.0000
  timing: data=41.6ms  fwd=90.8ms  bwd=8.6ms  total=141.5ms
[ 145400] loss=1.9679  ema_loss=1.9606  gap=1.1105  ema_gap=1.1096  mixup=22/100  3.1 sps  ETA 0.4h
              R²_rand=0.9903  R²_naive=0.9914  U_t=0.1567  U_b=0.1630  AUC=1.0000  Top1=1.0000
  timing: data=62.7ms  fwd=89.8ms  bwd=9.5ms  total=162.3ms
[ 145500] loss=1.9673  ema_loss=1.9602  gap=1.1068  ema_gap=1.1085  mixup=37/100  3.1 sps  ETA 0.4h
              R²_rand=0.9901  R²_naive=0.9912  U_t=0.1579  U_b=0.1628  AUC=1.0000  Top1=1.0000
  timing: data=3.9ms  fwd=91.8ms  bwd=9.8ms  total=106.0ms
  -> Saved /home/jupyter/contrastive-forecasting/checkpoints/enc_fcst_dk09_fp32_150k_best_loss.pth
[ 145600] loss=1.9585  ema_loss=1.9607  gap=1.1086  ema_gap=1.1090  mixup=31/100  3.1 sps  ETA 0.4h
              R²_rand=0.9902  R²_naive=0.9913  U_t=0.1559  U_b=0.1633  AUC=1.0000  Top1=1.0000
  timing: data=41.8ms  fwd=91.1ms  bwd=9.8ms  total=143.1ms
[ 145700] loss=1.9575  ema_loss=1.9607  gap=1.1153  ema_gap=1.1091  mixup=43/100  3.1 sps  ETA 0.4h
              R²_rand=0.9903  R²_naive=0.9915  U_t=0.1569  U_b=0.1633  AUC=1.0000  Top1=1.0000
  timing: data=4.3ms  fwd=90.8ms  bwd=9.9ms  total=105.4ms
[ 145800] loss=1.9625  ema_loss=1.9602  gap=1.1108  ema_gap=1.1095  mixup=28/100  3.1 sps  ETA 0.4h
              R²_rand=0.9902  R²_naive=0.9913  U_t=0.1575  U_b=0.1631  AUC=1.0000  Top1=1.0000
  timing: data=39.0ms  fwd=92.7ms  bwd=8.6ms  total=140.8ms
[ 145900] loss=1.9588  ema_loss=1.9604  gap=1.1107  ema_gap=1.1095  mixup=24/100  3.1 sps  ETA 0.4h
              R²_rand=0.9902  R²_naive=0.9914  U_t=0.1569  U_b=0.1630  AUC=1.0000  Top1=1.0000
  timing: data=40.9ms  fwd=91.9ms  bwd=8.7ms  total=141.9ms
[ 146000] loss=1.9611  ema_loss=1.9605  gap=1.1090  ema_gap=1.1087  mixup=28/100  3.1 sps  ETA 0.4h
              R²_rand=0.9903  R²_naive=0.9913  U_t=0.1582  U_b=0.1633  AUC=1.0000  Top1=1.0000
  timing: data=3.2ms  fwd=94.0ms  bwd=8.9ms  total=106.5ms
[ 146100] loss=1.9596  ema_loss=1.9605  gap=1.1042  ema_gap=1.1089  mixup=31/100  3.1 sps  ETA 0.4h
              R²_rand=0.9902  R²_naive=0.9912  U_t=0.1560  U_b=0.1638  AUC=1.0000  Top1=1.0000
  timing: data=143.1ms  fwd=89.8ms  bwd=9.0ms  total=242.3ms
[ 146200] loss=1.9617  ema_loss=1.9605  gap=1.1125  ema_gap=1.1088  mixup=32/100  3.1 sps  ETA 0.3h
              R²_rand=0.9903  R²_naive=0.9914  U_t=0.1571  U_b=0.1630  AUC=1.0000  Top1=1.0000
  timing: data=46.1ms  fwd=90.0ms  bwd=9.6ms  total=146.0ms
[ 146300] loss=1.9644  ema_loss=1.9604  gap=1.1094  ema_gap=1.1088  mixup=35/100  3.1 sps  ETA 0.3h
              R²_rand=0.9901  R²_naive=0.9913  U_t=0.1565  U_b=0.1632  AUC=1.0000  Top1=1.0000
  timing: data=4.5ms  fwd=91.6ms  bwd=8.7ms  total=105.1ms
[ 146400] loss=1.9567  ema_loss=1.9602  gap=1.1133  ema_gap=1.1094  mixup=32/100  3.1 sps  ETA 0.3h
              R²_rand=0.9904  R²_naive=0.9915  U_t=0.1571  U_b=0.1632  AUC=1.0000  Top1=1.0000
  timing: data=40.6ms  fwd=91.6ms  bwd=9.2ms  total=141.7ms
[ 146500] loss=1.9588  ema_loss=1.9602  gap=1.1024  ema_gap=1.1090  mixup=30/100  3.1 sps  ETA 0.3h
              R²_rand=0.9902  R²_naive=0.9913  U_t=0.1568  U_b=0.1634  AUC=1.0000  Top1=1.0000
  timing: data=39.2ms  fwd=90.5ms  bwd=10.6ms  total=140.7ms
[ 146600] loss=1.9638  ema_loss=1.9602  gap=1.1053  ema_gap=1.1089  mixup=25/100  3.1 sps  ETA 0.3h
              R²_rand=0.9902  R²_naive=0.9913  U_t=0.1568  U_b=0.1628  AUC=1.0000  Top1=1.0000
  timing: data=3.5ms  fwd=92.1ms  bwd=10.4ms  total=106.3ms
  -> Saved /home/jupyter/contrastive-forecasting/checkpoints/enc_fcst_dk09_fp32_150k_best_loss.pth
[ 146700] loss=1.9597  ema_loss=1.9603  gap=1.1119  ema_gap=1.1099  mixup=33/100  3.1 sps  ETA 0.3h
              R²_rand=0.9903  R²_naive=0.9914  U_t=0.1565  U_b=0.1631  AUC=1.0000  Top1=1.0000
  timing: data=41.9ms  fwd=90.8ms  bwd=10.3ms  total=143.5ms
[ 146800] loss=1.9614  ema_loss=1.9603  gap=1.1096  ema_gap=1.1102  mixup=32/100  3.1 sps  ETA 0.3h
              R²_rand=0.9903  R²_naive=0.9914  U_t=0.1569  U_b=0.1632  AUC=1.0000  Top1=1.0000
  timing: data=43.4ms  fwd=91.4ms  bwd=9.8ms  total=145.1ms
[ 146900] loss=1.9642  ema_loss=1.9605  gap=1.1103  ema_gap=1.1106  mixup=30/100  3.1 sps  ETA 0.3h
              R²_rand=0.9901  R²_naive=0.9913  U_t=0.1574  U_b=0.1631  AUC=1.0000  Top1=1.0000
  timing: data=3.4ms  fwd=93.3ms  bwd=9.9ms  total=107.0ms
[ 147000] loss=1.9628  ema_loss=1.9603  gap=1.1067  ema_gap=1.1105  mixup=30/100  3.1 sps  ETA 0.3h
              R²_rand=0.9903  R²_naive=0.9913  U_t=0.1554  U_b=0.1629  AUC=1.0000  Top1=1.0000
  timing: data=42.4ms  fwd=90.3ms  bwd=9.8ms  total=142.9ms
[ 147100] loss=1.9593  ema_loss=1.9604  gap=1.1108  ema_gap=1.1101  mixup=28/100  3.1 sps  ETA 0.3h
              R²_rand=0.9903  R²_naive=0.9914  U_t=0.1564  U_b=0.1631  AUC=1.0000  Top1=1.0000
  timing: data=3.2ms  fwd=92.9ms  bwd=8.7ms  total=105.2ms
[ 147200] loss=1.9611  ema_loss=1.9602  gap=1.1099  ema_gap=1.1099  mixup=31/100  3.1 sps  ETA 0.3h
              R²_rand=0.9903  R²_naive=0.9914  U_t=0.1563  U_b=0.1630  AUC=1.0000  Top1=1.0000
  timing: data=44.2ms  fwd=89.4ms  bwd=8.7ms  total=142.7ms
  -> Saved /home/jupyter/contrastive-forecasting/checkpoints/enc_fcst_dk09_fp32_150k_best_loss.pth
[ 147300] loss=1.9639  ema_loss=1.9603  gap=1.1101  ema_gap=1.1094  mixup=31/100  3.1 sps  ETA 0.2h
              R²_rand=0.9903  R²_naive=0.9914  U_t=0.1574  U_b=0.1630  AUC=1.0000  Top1=1.0000
  timing: data=44.0ms  fwd=89.6ms  bwd=8.9ms  total=143.0ms
[ 147400] loss=1.9562  ema_loss=1.9602  gap=1.1071  ema_gap=1.1090  mixup=23/100  3.1 sps  ETA 0.2h
              R²_rand=0.9904  R²_naive=0.9914  U_t=0.1566  U_b=0.1635  AUC=1.0000  Top1=1.0000
  timing: data=3.2ms  fwd=92.3ms  bwd=9.9ms  total=105.7ms
  -> Saved /home/jupyter/contrastive-forecasting/checkpoints/enc_fcst_dk09_fp32_150k_best_loss.pth
[ 147500] loss=1.9639  ema_loss=1.9605  gap=1.1157  ema_gap=1.1095  mixup=34/100  3.1 sps  ETA 0.2h
              R²_rand=0.9900  R²_naive=0.9913  U_t=0.1565  U_b=0.1630  AUC=1.0000  Top1=1.0000
  timing: data=44.0ms  fwd=90.5ms  bwd=9.9ms  total=144.8ms
[ 147600] loss=1.9580  ema_loss=1.9601  gap=1.1069  ema_gap=1.1096  mixup=24/100  3.1 sps  ETA 0.2h
              R²_rand=0.9903  R²_naive=0.9914  U_t=0.1578  U_b=0.1630  AUC=1.0000  Top1=1.0000
  timing: data=42.8ms  fwd=91.2ms  bwd=10.9ms  total=145.2ms
  -> Saved /home/jupyter/contrastive-forecasting/checkpoints/enc_fcst_dk09_fp32_150k_best_loss.pth
[ 147700] loss=1.9626  ema_loss=1.9604  gap=1.1083  ema_gap=1.1087  mixup=32/100  3.1 sps  ETA 0.2h
              R²_rand=0.9902  R²_naive=0.9913  U_t=0.1578  U_b=0.1629  AUC=1.0000  Top1=1.0000
  timing: data=3.4ms  fwd=93.3ms  bwd=9.2ms  total=106.3ms
[ 147800] loss=1.9551  ema_loss=1.9600  gap=1.1110  ema_gap=1.1095  mixup=31/100  3.1 sps  ETA 0.2h
              R²_rand=0.9903  R²_naive=0.9914  U_t=0.1570  U_b=0.1635  AUC=1.0000  Top1=1.0000
  timing: data=45.1ms  fwd=91.6ms  bwd=8.7ms  total=145.7ms
  -> Saved /home/jupyter/contrastive-forecasting/checkpoints/enc_fcst_dk09_fp32_150k_best_loss.pth
[ 147900] loss=1.9562  ema_loss=1.9601  gap=1.1103  ema_gap=1.1103  mixup=28/100  3.1 sps  ETA 0.2h
              R²_rand=0.9903  R²_naive=0.9914  U_t=0.1569  U_b=0.1633  AUC=1.0000  Top1=1.0000
  timing: data=48.1ms  fwd=89.8ms  bwd=8.7ms  total=147.0ms
[ 148000] loss=1.9652  ema_loss=1.9602  gap=1.1096  ema_gap=1.1098  mixup=37/100  3.1 sps  ETA 0.2h
              R²_rand=0.9902  R²_naive=0.9912  U_t=0.1564  U_b=0.1627  AUC=1.0000  Top1=1.0000
  timing: data=5.0ms  fwd=90.9ms  bwd=9.7ms  total=106.1ms
[ 148100] loss=1.9677  ema_loss=1.9600  gap=1.1067  ema_gap=1.1095  mixup=32/100  3.1 sps  ETA 0.2h
              R²_rand=0.9902  R²_naive=0.9913  U_t=0.1559  U_b=0.1626  AUC=1.0000  Top1=1.0000
  timing: data=44.7ms  fwd=89.4ms  bwd=9.9ms  total=144.4ms
  -> Saved /home/jupyter/contrastive-forecasting/checkpoints/enc_fcst_dk09_fp32_150k_best_loss.pth
[ 148200] loss=1.9655  ema_loss=1.9600  gap=1.1137  ema_gap=1.1101  mixup=36/100  3.1 sps  ETA 0.2h
              R²_rand=0.9902  R²_naive=0.9913  U_t=0.1563  U_b=0.1626  AUC=1.0000  Top1=1.0000
  timing: data=43.9ms  fwd=90.0ms  bwd=9.9ms  total=144.2ms
  -> Saved /home/jupyter/contrastive-forecasting/checkpoints/enc_fcst_dk09_fp32_150k_best_loss.pth
[ 148300] loss=1.9593  ema_loss=1.9600  gap=1.1093  ema_gap=1.1097  mixup=26/100  3.1 sps  ETA 0.2h
              R²_rand=0.9901  R²_naive=0.9912  U_t=0.1572  U_b=0.1630  AUC=1.0000  Top1=1.0000
  timing: data=3.4ms  fwd=92.0ms  bwd=10.7ms  total=106.4ms
[ 148400] loss=1.9593  ema_loss=1.9603  gap=1.1083  ema_gap=1.1087  mixup=38/100  3.1 sps  ETA 0.1h
              R²_rand=0.9901  R²_naive=0.9912  U_t=0.1572  U_b=0.1631  AUC=1.0000  Top1=1.0000
  timing: data=39.5ms  fwd=91.7ms  bwd=9.5ms  total=141.2ms
[ 148500] loss=1.9611  ema_loss=1.9602  gap=1.1135  ema_gap=1.1087  mixup=31/100  3.1 sps  ETA 0.1h
              R²_rand=0.9903  R²_naive=0.9915  U_t=0.1570  U_b=0.1636  AUC=1.0000  Top1=1.0000
  timing: data=4.1ms  fwd=94.0ms  bwd=9.8ms  total=108.5ms
[ 148600] loss=1.9584  ema_loss=1.9600  gap=1.1087  ema_gap=1.1097  mixup=28/100  3.1 sps  ETA 0.1h
              R²_rand=0.9902  R²_naive=0.9913  U_t=0.1565  U_b=0.1631  AUC=1.0000  Top1=1.0000
  timing: data=41.7ms  fwd=91.7ms  bwd=9.8ms  total=143.6ms
[ 148700] loss=1.9619  ema_loss=1.9600  gap=1.1058  ema_gap=1.1095  mixup=32/100  3.1 sps  ETA 0.1h
              R²_rand=0.9903  R²_naive=0.9914  U_t=0.1567  U_b=0.1630  AUC=1.0000  Top1=1.0000
  timing: data=45.6ms  fwd=90.3ms  bwd=9.9ms  total=146.2ms
[ 148800] loss=1.9575  ema_loss=1.9599  gap=1.1140  ema_gap=1.1107  mixup=36/100  3.1 sps  ETA 0.1h
              R²_rand=0.9901  R²_naive=0.9913  U_t=0.1565  U_b=0.1637  AUC=1.0000  Top1=1.0000
  timing: data=5.0ms  fwd=92.8ms  bwd=9.3ms  total=107.5ms
  -> Saved /home/jupyter/contrastive-forecasting/checkpoints/enc_fcst_dk09_fp32_150k_best_loss.pth
[ 148900] loss=1.9591  ema_loss=1.9600  gap=1.1113  ema_gap=1.1111  mixup=32/100  3.1 sps  ETA 0.1h
              R²_rand=0.9902  R²_naive=0.9913  U_t=0.1567  U_b=0.1634  AUC=1.0000  Top1=1.0000
  timing: data=44.3ms  fwd=89.6ms  bwd=8.7ms  total=143.0ms
[ 149000] loss=1.9624  ema_loss=1.9602  gap=1.1092  ema_gap=1.1097  mixup=32/100  3.1 sps  ETA 0.1h
              R²_rand=0.9903  R²_naive=0.9914  U_t=0.1578  U_b=0.1629  AUC=1.0000  Top1=1.0000
  timing: data=41.9ms  fwd=90.8ms  bwd=8.8ms  total=141.9ms
[ 149100] loss=1.9605  ema_loss=1.9602  gap=1.1128  ema_gap=1.1108  mixup=38/100  3.1 sps  ETA 0.1h
              R²_rand=0.9903  R²_naive=0.9914  U_t=0.1568  U_b=0.1630  AUC=1.0000  Top1=1.0000
  timing: data=4.2ms  fwd=91.5ms  bwd=9.8ms  total=105.9ms
[ 149200] loss=1.9628  ema_loss=1.9604  gap=1.1082  ema_gap=1.1100  mixup=25/100  3.1 sps  ETA 0.1h
              R²_rand=0.9903  R²_naive=0.9913  U_t=0.1567  U_b=0.1632  AUC=1.0000  Top1=1.0000
  timing: data=43.7ms  fwd=90.3ms  bwd=9.8ms  total=144.2ms
[ 149300] loss=1.9608  ema_loss=1.9599  gap=1.1109  ema_gap=1.1096  mixup=31/100  3.1 sps  ETA 0.1h
              R²_rand=0.9902  R²_naive=0.9913  U_t=0.1572  U_b=0.1633  AUC=1.0000  Top1=1.0000
  timing: data=42.0ms  fwd=90.6ms  bwd=9.8ms  total=142.9ms
[ 149400] loss=1.9579  ema_loss=1.9601  gap=1.1075  ema_gap=1.1093  mixup=35/100  3.1 sps  ETA 0.1h
              R²_rand=0.9902  R²_naive=0.9913  U_t=0.1565  U_b=0.1635  AUC=1.0000  Top1=1.0000
  timing: data=3.8ms  fwd=92.7ms  bwd=8.8ms  total=105.7ms
[ 149500] loss=1.9633  ema_loss=1.9601  gap=1.1048  ema_gap=1.1090  mixup=28/100  3.1 sps  ETA 0.0h
              R²_rand=0.9901  R²_naive=0.9912  U_t=0.1565  U_b=0.1630  AUC=1.0000  Top1=1.0000
  timing: data=42.3ms  fwd=91.6ms  bwd=8.7ms  total=143.1ms
[ 149600] loss=1.9579  ema_loss=1.9603  gap=1.1119  ema_gap=1.1101  mixup=23/100  3.1 sps  ETA 0.0h
              R²_rand=0.9903  R²_naive=0.9914  U_t=0.1576  U_b=0.1632  AUC=1.0000  Top1=1.0000
  timing: data=3.2ms  fwd=92.5ms  bwd=8.7ms  total=104.9ms
[ 149700] loss=1.9596  ema_loss=1.9603  gap=1.1114  ema_gap=1.1094  mixup=40/100  3.1 sps  ETA 0.0h
              R²_rand=0.9902  R²_naive=0.9913  U_t=0.1565  U_b=0.1636  AUC=1.0000  Top1=1.0000
  timing: data=44.2ms  fwd=91.2ms  bwd=8.7ms  total=144.5ms
[ 149800] loss=1.9614  ema_loss=1.9604  gap=1.1079  ema_gap=1.1092  mixup=39/100  3.1 sps  ETA 0.0h
              R²_rand=0.9903  R²_naive=0.9914  U_t=0.1569  U_b=0.1631  AUC=1.0000  Top1=1.0000
  timing: data=40.6ms  fwd=89.7ms  bwd=8.8ms  total=139.5ms
[ 149900] loss=1.9624  ema_loss=1.9602  gap=1.1112  ema_gap=1.1098  mixup=25/100  3.1 sps  ETA 0.0h
              R²_rand=0.9903  R²_naive=0.9914  U_t=0.1575  U_b=0.1628  AUC=1.0000  Top1=1.0000
  timing: data=4.5ms  fwd=91.3ms  bwd=9.8ms  total=106.0ms
[ 150000] loss=1.9636  ema_loss=1.9598  gap=1.1097  ema_gap=1.1095  mixup=24/100  3.1 sps  ETA 0.0h
              R²_rand=0.9903  R²_naive=0.9913  U_t=0.1567  U_b=0.1627  AUC=1.0000  Top1=1.0000
  timing: data=40.1ms  fwd=90.2ms  bwd=8.8ms  total=139.6ms
  -> Saved /home/jupyter/contrastive-forecasting/checkpoints/enc_fcst_dk09_fp32_150k_best_loss.pth
  -> Saved /home/jupyter/contrastive-forecasting/checkpoints/enc_fcst_dk09_fp32_150k_150k.pth
  -> Saved /home/jupyter/contrastive-forecasting/checkpoints/enc_fcst_dk09_fp32_150k_final.pth

Done in 13.6h. Best gap=1.1254 at step 50100, Best loss=1.9598 at step 150000
