step,layer_idx,block,qk_logit_maxabs,sa_in_maxabs,sa_out_maxabs,resid_post_sa_maxabs,resid_post_ffn_maxabs
200,0,enc,3.122044324874878,5.2692790031433105,2.2578125,5.985507011413574,6.645076751708984
200,1,enc,3.217451572418213,6.371218681335449,2.224609375,7.151790618896484,7.9579973220825195
200,2,enc,3.7016193866729736,5.489816665649414,2.263671875,9.211627960205078,8.738945960998535
200,0,fcst,2.4774649143218994,5.186104774475098,2.275390625,9.664198875427246,10.594583511352539
200,1,fcst,2.959418773651123,6.353693962097168,1.849609375,12.941043853759766,15.337188720703125
200,2,fcst,2.943650245666504,5.550844192504883,2.1328125,18.155132293701172,19.903573989868164
200,0,enc,3.1229212284088135,5.3453755378723145,1.85546875,5.400547027587891,6.231367588043213
200,1,enc,3.176126718521118,6.2720513343811035,1.662109375,6.795632839202881,7.03835391998291
200,2,enc,3.617946147918701,5.363896369934082,1.5234375,8.713364601135254,7.2437639236450195
400,0,enc,3.3016560077667236,4.719142913818359,3.005859375,6.306780815124512,6.160571575164795
400,1,enc,3.5377578735351562,6.112979888916016,2.48046875,6.382593154907227,6.148654937744141
400,2,enc,4.764389991760254,5.439916610717773,2.306640625,7.75076961517334,7.641371726989746
400,0,fcst,2.349283456802368,5.530238151550293,3.6015625,8.775299072265625,11.30015754699707
400,1,fcst,2.959110736846924,5.488206386566162,2.03515625,12.898245811462402,15.111787796020508
400,2,fcst,2.7547998428344727,6.269464492797852,1.9453125,17.563705444335938,23.551223754882812
400,0,enc,3.3085336685180664,4.7707600593566895,2.294921875,5.35476541519165,5.318032264709473
400,1,enc,3.5175108909606934,5.861236095428467,1.8515625,5.798694610595703,5.683866500854492
400,2,enc,4.713093280792236,5.7744526863098145,2.01171875,6.97165584564209,6.641000747680664
600,0,enc,3.448518753051758,4.690062999725342,4.40234375,6.077090263366699,5.6270575523376465
600,1,enc,3.8119516372680664,6.182956695556641,2.49609375,6.3603668212890625,6.685528755187988
600,2,enc,5.7787556648254395,5.363831043243408,2.755859375,6.797366142272949,6.833376884460449
600,0,fcst,2.4750194549560547,5.030256748199463,3.3125,8.248220443725586,9.636080741882324
600,1,fcst,2.8290042877197266,5.634254455566406,3.095703125,12.317473411560059,13.803049087524414
600,2,fcst,2.8472044467926025,5.872509002685547,2.294921875,17.684814453125,26.261526107788086
600,0,enc,3.4351983070373535,4.699677467346191,3.39453125,5.167329788208008,4.917557716369629
600,1,enc,3.7831482887268066,6.543989658355713,1.8916015625,5.51848030090332,5.9744873046875
600,2,enc,5.74464750289917,5.00961446762085,2.30078125,6.083570957183838,6.042652130126953
800,0,enc,3.7245404720306396,4.507341384887695,8.359375,6.096549987792969,5.972803592681885
800,1,enc,4.167596817016602,5.969666481018066,2.431640625,6.3344316482543945,5.694991588592529
800,2,enc,6.802270412445068,5.136074542999268,3.328125,7.071773529052734,6.877546310424805
800,0,fcst,2.6557607650756836,5.239903450012207,4.1015625,7.804486274719238,9.094949722290039
800,1,fcst,3.0419833660125732,5.343530178070068,2.595703125,10.482083320617676,13.362604141235352
800,2,fcst,2.967223644256592,5.052350997924805,2.3046875,14.496278762817383,29.641841888427734
800,0,enc,3.7044830322265625,4.480611801147461,6.8359375,5.804949760437012,4.723803520202637
800,1,enc,4.1450910568237305,6.2533674240112305,2.037109375,5.403713226318359,5.201661109924316
800,2,enc,6.764567852020264,4.787563800811768,2.60546875,6.084206581115723,5.4807844161987305
1000,0,enc,3.8982038497924805,4.839242935180664,12.96875,5.920301914215088,5.5708394050598145
1000,1,enc,4.399660110473633,6.683982849121094,3.03515625,5.9278106689453125,5.593392372131348
1000,2,enc,7.85659646987915,4.5555806159973145,2.712890625,5.989448070526123,5.9726243019104
1000,0,fcst,2.7976315021514893,5.233500957489014,3.111328125,6.993661880493164,9.129049301147461
1000,1,fcst,3.255397319793701,5.025023937225342,2.408203125,10.7621488571167,12.557938575744629
1000,2,fcst,3.0837247371673584,6.4332098960876465,2.36328125,15.245266914367676,26.545955657958984
1000,0,enc,3.8844950199127197,4.831167221069336,11.125,5.354249477386475,4.531524181365967
1000,1,enc,4.382439613342285,6.348686695098877,2.5703125,4.9086809158325195,4.752241611480713
1000,2,enc,7.816504001617432,4.7053632736206055,2.548828125,5.447706699371338,5.195226669311523
1200,0,enc,4.096648216247559,4.953771591186523,21.78125,5.285674571990967,5.194855213165283
1200,1,enc,4.540899276733398,6.3151679039001465,3.630859375,5.089949607849121,5.494512557983398
1200,2,enc,8.99046516418457,4.664229393005371,2.947265625,5.897610664367676,6.099026679992676
1200,0,fcst,2.9419820308685303,5.4797163009643555,3.609375,6.099026679992676,8.633560180664062
1200,1,fcst,3.6489944458007812,4.854578018188477,2.599609375,10.091912269592285,11.597079277038574
1200,2,fcst,3.3450284004211426,5.001455783843994,2.427734375,13.292425155639648,25.000633239746094
1200,0,enc,4.098083019256592,4.8778510093688965,15.984375,5.073238372802734,4.359107971191406
1200,1,enc,4.543588638305664,6.465198516845703,2.955078125,4.70831823348999,5.215564250946045
1200,2,enc,8.939193725585938,4.450932502746582,2.90625,5.113550186157227,4.883403301239014
1400,0,enc,4.4101643562316895,4.615720748901367,23.9375,4.862785339355469,4.67637300491333
1400,1,enc,4.62985372543335,6.923415184020996,5.79296875,5.152085781097412,5.254402160644531
1400,2,enc,9.898719787597656,4.453761577606201,2.9296875,5.258230209350586,5.498844146728516
1400,0,fcst,3.117964029312134,4.9002909660339355,3.328125,5.9369378089904785,9.165237426757812
1400,1,fcst,4.083191871643066,4.633335590362549,3.0078125,10.536700248718262,12.000471115112305
1400,2,fcst,3.5887975692749023,4.608880043029785,2.537109375,13.121828079223633,21.67928695678711
1400,0,enc,4.372633457183838,4.597910404205322,20.40625,4.677326679229736,4.412092208862305
1400,1,enc,4.628037452697754,6.851682186126709,4.58984375,4.815863132476807,5.214788913726807
1400,2,enc,9.875809669494629,4.7983598709106445,2.607421875,5.254670143127441,5.246874809265137
1600,0,enc,4.547848701477051,4.624321937561035,25.8125,4.177312850952148,4.322342872619629
1600,1,enc,4.69345760345459,6.669139385223389,7.50390625,4.264700412750244,4.808872222900391
1600,2,enc,10.70681381225586,5.114078998565674,2.9140625,5.652777671813965,5.20166015625
1600,0,fcst,3.3538033962249756,5.379456520080566,3.474609375,5.611029624938965,8.19581413269043
1600,1,fcst,4.428715705871582,4.629326820373535,2.84375,10.255586624145508,11.415602684020996
1600,2,fcst,3.811995029449463,4.887862682342529,3.53515625,12.73344612121582,24.269975662231445
1600,0,enc,4.546286582946777,4.651259422302246,20.84375,4.018465995788574,4.184725761413574
1600,1,enc,4.717938423156738,6.7019500732421875,6.1015625,4.212159156799316,4.825804710388184
1600,2,enc,10.652337074279785,4.4743828773498535,2.462890625,5.498210906982422,5.272136688232422
1800,0,enc,4.614046573638916,4.978819847106934,30.578125,4.338662624359131,4.313570499420166
1800,1,enc,4.6469407081604,6.792872428894043,8.828125,4.655549049377441,5.440596580505371
1800,2,enc,11.711676597595215,4.647989273071289,2.828125,5.271557331085205,5.604370594024658
1800,0,fcst,3.4509522914886475,4.926350116729736,3.20703125,5.807890892028809,8.348409652709961
1800,1,fcst,4.7813944816589355,4.808443069458008,2.466796875,10.177315711975098,11.279254913330078
1800,2,fcst,4.012855529785156,4.141991138458252,2.4140625,13.93838119506836,21.3376407623291
1800,0,enc,4.642107963562012,4.947043418884277,27.015625,4.029016494750977,4.178918838500977
1800,1,enc,4.684982776641846,6.659623146057129,7.5234375,4.350986003875732,4.301797866821289
1800,2,enc,11.670536041259766,4.879648208618164,2.46875,5.059061527252197,4.793924808502197
2000,0,enc,4.772290229797363,4.9422221183776855,34.625,3.5985260009765625,3.477879762649536
2000,1,enc,4.619015216827393,6.824036121368408,9.4453125,4.065304756164551,4.236335277557373
2000,2,enc,12.717021942138672,5.060957431793213,2.587890625,4.549053192138672,4.549053192138672
2000,0,fcst,3.6664328575134277,4.855223178863525,3.611328125,5.716301918029785,8.109423637390137
2000,1,fcst,5.282898426055908,4.4381632804870605,2.5078125,10.771333694458008,12.355535507202148
2000,2,fcst,4.265276908874512,4.251543045043945,2.28125,15.262307167053223,19.84311866760254
2000,0,enc,4.7505717277526855,4.992600440979004,26.46875,3.404222011566162,3.511070728302002
2000,1,enc,4.62411642074585,6.8698410987854,8.125,3.6534106731414795,3.9668381214141846
2000,2,enc,12.670525550842285,4.745193004608154,2.451171875,4.158241271972656,4.202713966369629
2200,0,enc,4.665712833404541,4.964893341064453,32.84375,3.398245334625244,3.5637612342834473
2200,1,enc,4.651562690734863,6.271791934967041,10.203125,4.172934532165527,4.446638584136963
2200,2,enc,13.552417755126953,4.7662458419799805,2.759765625,4.743442058563232,4.743806838989258
2200,0,fcst,3.924576997756958,4.759953498840332,3.337890625,5.175974369049072,7.839327812194824
2200,1,fcst,5.788803577423096,3.959857940673828,2.1328125,9.129484176635742,11.669244766235352
2200,2,fcst,4.448025703430176,3.7169156074523926,2.390625,14.2138090133667,19.088823318481445
2200,0,enc,4.673889636993408,4.993679046630859,28.203125,3.2941536903381348,3.6151866912841797
2200,1,enc,4.613875389099121,6.385005950927734,8.71875,3.722748279571533,4.066911697387695
2200,2,enc,13.508814811706543,4.630860805511475,2.57421875,4.60420036315918,4.43012809753418
2400,0,enc,4.6307268142700195,5.004462718963623,34.25,3.1895627975463867,3.215012550354004
2400,1,enc,4.651342391967773,6.211118221282959,10.40625,3.486311912536621,4.279621601104736
2400,2,enc,14.359979629516602,4.990272045135498,2.705078125,4.619276523590088,4.665561676025391
2400,0,fcst,4.190718650817871,4.422295570373535,3.0078125,5.264082431793213,8.394575119018555
2400,1,fcst,6.293948650360107,3.923668146133423,2.5390625,10.326362609863281,12.299764633178711
2400,2,fcst,4.654476642608643,3.676947593688965,2.7109375,13.817184448242188,20.645877838134766
2400,0,enc,4.657328128814697,4.987614154815674,28.984375,3.1168060302734375,3.0598626136779785
2400,1,enc,4.703183174133301,6.2977824211120605,9.140625,3.582348108291626,3.8026580810546875
2400,2,enc,14.330390930175781,4.661225318908691,2.212890625,4.321015357971191,4.423676490783691
2600,0,enc,4.677844047546387,5.169782638549805,33.09375,3.1151785850524902,3.155921459197998
2600,1,enc,4.756287574768066,5.800182819366455,12.3515625,3.7709569931030273,3.9119644165039062
2600,2,enc,15.227595329284668,4.932704925537109,2.59375,4.0567474365234375,4.348902225494385
2600,0,fcst,4.456276893615723,4.29505729675293,3.384765625,5.518049716949463,8.162142753601074
2600,1,fcst,6.5566911697387695,4.147880554199219,2.390625,9.844964981079102,11.21348762512207
2600,2,fcst,4.8927903175354,4.439554691314697,2.56640625,11.794862747192383,16.547080993652344
2600,0,enc,4.643670082092285,5.196263313293457,28.703125,3.0676660537719727,3.0318691730499268
2600,1,enc,4.7673187255859375,5.929210662841797,9.8671875,3.4439406394958496,3.607557773590088
2600,2,enc,15.183460235595703,4.629462242126465,2.3515625,3.692213535308838,3.7832653522491455
2800,0,enc,4.617690086364746,4.9762043952941895,33.15625,3.131596326828003,3.233036756515503
2800,1,enc,4.82925271987915,5.721743583679199,13.5,3.4251155853271484,3.994777202606201
2800,2,enc,15.75405502319336,4.605105400085449,2.521484375,4.3213791847229,4.203988075256348
2800,0,fcst,4.703197956085205,4.066539287567139,3.44921875,5.720864295959473,7.905927658081055
2800,1,fcst,6.854180812835693,4.039464950561523,2.576171875,9.918222427368164,11.630461692810059
2800,2,fcst,5.154763221740723,3.9187586307525635,2.59765625,12.679632186889648,17.488496780395508
2800,0,enc,4.65974760055542,4.954230308532715,29.203125,3.117305278778076,3.179990768432617
2800,1,enc,4.8220648765563965,5.7699079513549805,10.9375,3.1190385818481445,3.7949748039245605
2800,2,enc,15.728475570678711,4.162784576416016,2.166015625,3.773352861404419,4.039546012878418
3000,0,enc,4.564394950866699,5.060574054718018,36.28125,3.1503872871398926,3.1503872871398926
3000,1,enc,4.649888515472412,5.880969524383545,12.59375,3.430185079574585,3.2796926498413086
3000,2,enc,16.474716186523438,4.608222484588623,2.845703125,3.8948755264282227,3.8481059074401855
3000,0,fcst,4.985755443572998,4.10764741897583,2.984375,5.842135429382324,7.966754913330078
3000,1,fcst,7.216477870941162,3.736276626586914,2.43359375,9.92991828918457,11.3350830078125
3000,2,fcst,5.392596244812012,4.0980024337768555,2.134765625,11.965022087097168,14.948248863220215
3000,0,enc,4.5742082595825195,5.065849781036377,31.15625,3.0290210247039795,3.096823215484619
3000,1,enc,4.609165668487549,5.861856937408447,11.3515625,3.0368990898132324,3.2967021465301514
3000,2,enc,16.446931838989258,4.715187072753906,2.904296875,3.7706995010375977,3.6156702041625977
3200,0,enc,4.618585586547852,4.904337406158447,35.96875,3.127866268157959,3.2683827877044678
3200,1,enc,4.622350215911865,5.827260494232178,12.1015625,3.493299961090088,3.493299961090088
3200,2,enc,16.990161895751953,4.766912937164307,3.330078125,3.95792818069458,4.135608196258545
3200,0,fcst,5.405195713043213,3.9554483890533447,2.97265625,5.3988752365112305,8.017256736755371
3200,1,fcst,7.46658992767334,3.6953232288360596,2.275390625,9.264100074768066,10.739019393920898
3200,2,fcst,5.692296504974365,4.35591459274292,2.244140625,12.081206321716309,14.416576385498047
3200,0,enc,4.6589484214782715,4.8888020515441895,28.9375,3.1290335655212402,3.2352957725524902
3200,1,enc,4.56752872467041,5.864718437194824,10.7578125,3.1150355339050293,3.4325625896453857
3200,2,enc,16.96601104736328,4.746224403381348,3.056640625,3.778895378112793,3.791499137878418
3400,0,enc,4.599189281463623,5.081881046295166,30.765625,3.119926929473877,3.202256679534912
3400,1,enc,4.57641077041626,5.846022605895996,11.5703125,3.4556450843811035,3.6773452758789062
3400,2,enc,17.525373458862305,4.455422878265381,2.740234375,3.6773452758789062,3.759403705596924
3400,0,fcst,5.618766784667969,3.795450210571289,2.79296875,5.848682880401611,7.298940658569336
3400,1,fcst,7.588265419006348,3.9664127826690674,2.125,9.616116523742676,10.728312492370605
3400,2,fcst,5.826988697052002,3.5393784046173096,2.1875,11.922935485839844,13.911803245544434
3400,0,enc,4.567320823669434,5.106759548187256,28.453125,3.1150929927825928,3.1936452388763428
3400,1,enc,4.52333402633667,5.85441780090332,10.65625,3.134068250656128,3.8824806213378906
3400,2,enc,17.484962463378906,4.681509971618652,2.10546875,3.9918088912963867,3.9370603561401367
3600,0,enc,4.761173725128174,4.96372652053833,31.28125,3.0043041706085205,3.063610076904297
3600,1,enc,4.516556739807129,6.101280689239502,11.3125,3.9069554805755615,3.5922226905822754
3600,2,enc,17.911205291748047,4.6535210609436035,3.400390625,4.193728446960449,4.240047454833984
3600,0,fcst,5.8312249183654785,4.128537654876709,2.703125,5.315534591674805,7.715941429138184
3600,1,fcst,7.577061176300049,3.7844197750091553,2.12109375,9.187276840209961,11.02212905883789
3600,2,fcst,5.8501057624816895,3.8237226009368896,1.8310546875,12.000526428222656,14.152409553527832
3600,0,enc,4.62861442565918,4.977973461151123,26.265625,3.0322320461273193,3.0774590969085693
3600,1,enc,4.5224690437316895,6.073611259460449,10.125,3.292628765106201,3.5077810287475586
3600,2,enc,17.858034133911133,4.803149700164795,3.10546875,3.732455015182495,3.749178647994995
3800,0,enc,4.491196155548096,5.002099990844727,32.125,3.1753034591674805,3.2027015686035156
3800,1,enc,4.587252616882324,6.026917934417725,11.0859375,3.5965166091918945,3.361910343170166
3800,2,enc,18.379518508911133,4.368837833404541,2.658203125,4.2419753074646,3.7801201343536377
3800,0,fcst,6.068429946899414,4.015927791595459,3.28515625,5.537817478179932,8.039520263671875
3800,1,fcst,7.71566104888916,3.838981866836548,1.8173828125,9.454721450805664,11.401335716247559
3800,2,fcst,5.819034576416016,3.889482021331787,1.8896484375,12.105131149291992,13.859688758850098
3800,0,enc,4.485790252685547,5.003772735595703,26.953125,3.1693739891052246,3.189347743988037
3800,1,enc,4.58176326751709,6.029038906097412,9.484375,2.859954595565796,3.1654458045959473
3800,2,enc,18.37432289123535,4.323978424072266,2.34765625,3.618960380554199,3.5792860984802246
4000,0,enc,4.389292240142822,5.119053363800049,31.046875,3.01278018951416,3.1428990364074707
4000,1,enc,4.6471147537231445,5.872981548309326,10.3359375,3.7581608295440674,3.0723206996917725
4000,2,enc,18.872459411621094,4.516297817230225,2.435546875,3.580267906188965,3.541884183883667
4000,0,fcst,6.254610538482666,3.6511588096618652,2.638671875,6.268459320068359,8.093875885009766
4000,1,fcst,7.81196403503418,3.5200576782226562,1.7353515625,9.331387519836426,10.587760925292969
4000,2,fcst,5.7563395500183105,3.807990312576294,1.966796875,11.57373046875,13.318614959716797
4000,0,enc,4.429261207580566,5.118842124938965,26.03125,2.997307777404785,3.0682225227355957
4000,1,enc,4.652803897857666,5.89082670211792,8.9296875,3.1434595584869385,3.4686548709869385
4000,2,enc,18.824745178222656,4.128161907196045,2.154296875,3.298927068710327,3.377662420272827
4200,0,enc,4.389090061187744,4.832508563995361,30.84375,2.935511589050293,3.0475449562072754
4200,1,enc,4.711906433105469,5.865181922912598,9.421875,4.292719841003418,3.449526309967041
4200,2,enc,19.366962432861328,4.074720859527588,2.515625,3.721126079559326,3.688767671585083
4200,0,fcst,6.543202877044678,3.6965980529785156,2.71484375,5.708148956298828,7.588277339935303
4200,1,fcst,7.781419277191162,3.8316214084625244,2.21875,8.974494934082031,10.10917854309082
4200,2,fcst,5.5934038162231445,3.5630106925964355,2.265625,11.184462547302246,12.808453559875488
4200,0,enc,4.4914398193359375,4.866489410400391,28.3125,2.9620633125305176,3.0189125537872314
4200,1,enc,4.659032344818115,5.892641544342041,8.2890625,3.50046443939209,2.9508614540100098
4200,2,enc,19.365631103515625,4.0621771812438965,2.18359375,3.2604119777679443,3.4011776447296143
4400,0,enc,4.473810195922852,4.907472133636475,30.734375,3.1031367778778076,3.1031367778778076
4400,1,enc,4.5966081619262695,5.9283037185668945,8.7578125,4.695522308349609,3.673386812210083
4400,2,enc,19.687034606933594,4.2360453605651855,2.68359375,3.6142969131469727,3.810011863708496
4400,0,fcst,6.737593173980713,3.4380619525909424,2.73046875,6.271985054016113,7.85888671875
4400,1,fcst,7.7747650146484375,3.5289976596832275,1.8798828125,9.692200660705566,11.125577926635742
4400,2,fcst,5.405737400054932,3.5203857421875,2.005859375,11.629640579223633,13.050923347473145
4400,0,enc,4.508930683135986,4.91742467880249,24.0,3.091170072555542,3.112257719039917
4400,1,enc,4.561243057250977,5.943395614624023,7.7890625,3.1722655296325684,2.862083911895752
4400,2,enc,19.6701717376709,4.122498512268066,1.9296875,3.033902883529663,3.108051300048828
4600,0,enc,4.393826961517334,4.9944891929626465,29.453125,2.8170881271362305,2.8446388244628906
4600,1,enc,4.613003253936768,5.845968723297119,8.171875,3.3866214752197266,3.3866214752197266
4600,2,enc,20.129413604736328,4.3694844245910645,2.109375,3.3866515159606934,3.4842448234558105
4600,0,fcst,6.809879779815674,3.3163723945617676,2.716796875,5.732028007507324,7.945206642150879
4600,1,fcst,7.667949199676514,3.741283416748047,1.6982421875,9.438762664794922,10.384352684020996
4600,2,fcst,5.2028374671936035,3.41648006439209,2.087890625,11.944854736328125,13.314031600952148
4600,0,enc,4.38340950012207,4.95960807800293,25.125,2.8559770584106445,2.866574287414551
4600,1,enc,4.584220886230469,5.827156066894531,7.0078125,3.279996633529663,2.837123155593872
4600,2,enc,20.07326889038086,4.1795973777771,2.509765625,3.011620283126831,3.0361135005950928
4800,0,enc,4.346767425537109,5.086587429046631,27.40625,2.895172357559204,2.8817784786224365
4800,1,enc,4.616793155670166,5.659735679626465,7.109375,3.771242618560791,3.323694944381714
4800,2,enc,20.38088607788086,4.383338928222656,2.41796875,4.213162899017334,3.8713736534118652
4800,0,fcst,6.9746599197387695,3.4898390769958496,2.61328125,6.642406463623047,8.758292198181152
4800,1,fcst,7.720335006713867,3.4653513431549072,1.72265625,10.248700141906738,10.440215110778809
4800,2,fcst,5.164592266082764,3.858973503112793,1.611328125,10.953861236572266,13.592177391052246
4800,0,enc,4.362658500671387,5.0895867347717285,24.25,2.867483615875244,2.874142646789551
4800,1,enc,4.614659309387207,5.69127082824707,6.32421875,3.0787999629974365,2.96317720413208
4800,2,enc,20.371824264526367,4.206453323364258,2.05078125,3.0865254402160645,3.1922383308410645
5000,0,enc,4.355729579925537,4.725306034088135,26.3125,2.816089153289795,2.837468385696411
5000,1,enc,4.6123127937316895,5.646881580352783,6.859375,3.983426570892334,2.8281948566436768
5000,2,enc,20.515893936157227,4.491470813751221,2.5234375,3.5198984146118164,3.599738359451294
5000,0,fcst,6.994769096374512,3.092256546020508,2.48828125,6.362985610961914,8.61181926727295
5000,1,fcst,7.666024208068848,3.175041437149048,1.689453125,10.383118629455566,10.9334135055542
5000,2,fcst,4.956223011016846,3.4419355392456055,1.5322265625,11.418813705444336,12.127385139465332
5000,0,enc,4.3464436531066895,4.726508617401123,22.75,2.815221071243286,2.825772523880005
5000,1,enc,4.674383640289307,5.6709113121032715,6.1171875,3.2744698524475098,2.9244630336761475
5000,2,enc,20.52140998840332,4.04392671585083,2.25390625,3.046165943145752,3.198753833770752
5200,0,enc,4.310823917388916,4.759313583374023,27.171875,2.9457883834838867,2.938659191131592
5200,1,enc,4.668639183044434,5.601060390472412,6.125,3.897402763366699,3.1458168029785156
5200,2,enc,20.846698760986328,3.982781171798706,2.7578125,3.5856266021728516,3.654942274093628
5200,0,fcst,7.162195682525635,3.606105089187622,2.751953125,6.586009979248047,8.237485885620117
5200,1,fcst,7.561899662017822,3.4536213874816895,1.59765625,9.914752960205078,10.40333366394043
5200,2,fcst,4.916082859039307,3.3817391395568848,2.169921875,11.837782859802246,12.122993469238281
5200,0,enc,4.284515857696533,4.752047538757324,22.90625,2.9231908321380615,2.918201208114624
5200,1,enc,4.668026447296143,5.619212627410889,5.67578125,3.3540902137756348,3.0364081859588623
5200,2,enc,20.81216812133789,4.008784770965576,2.197265625,3.278623104095459,3.474179744720459
5400,0,enc,4.3449201583862305,4.729376316070557,26.1875,2.6805579662323,2.7300591468811035
5400,1,enc,4.7232666015625,5.353593349456787,6.203125,3.1967077255249023,3.0595803260803223
5400,2,enc,21.118379592895508,4.161555290222168,2.427734375,3.69185209274292,3.5088822841644287
5400,0,fcst,7.142636299133301,3.1621921062469482,2.5078125,6.064506530761719,7.704412460327148
5400,1,fcst,7.4040141105651855,3.4510791301727295,1.806640625,10.229207992553711,10.924737930297852
5400,2,fcst,4.713868141174316,3.4553751945495605,1.916015625,11.483465194702148,12.2423095703125
5400,0,enc,4.254418849945068,4.7211384773254395,21.890625,2.7299578189849854,2.716270685195923
5400,1,enc,4.715620517730713,5.403471946716309,5.66015625,2.924239158630371,2.9030728340148926
5400,2,enc,21.0606632232666,4.614747524261475,2.16796875,3.2488136291503906,3.1368141174316406
5600,0,enc,4.24545431137085,4.600776195526123,22.859375,2.645292043685913,2.6665186882019043
5600,1,enc,4.634559631347656,5.452678203582764,6.16015625,3.479771614074707,3.004004716873169
5600,2,enc,21.160608291625977,4.449708938598633,2.361328125,3.7987375259399414,3.3240842819213867
5600,0,fcst,7.324749946594238,3.126410484313965,2.64453125,6.194072246551514,8.370115280151367
5600,1,fcst,7.50022554397583,3.076704263687134,1.9658203125,10.381717681884766,11.309452056884766
5600,2,fcst,4.594241142272949,3.5723252296447754,1.9013671875,12.319534301757812,13.093189239501953
5600,0,enc,4.314565181732178,4.657166957855225,20.75,2.682537317276001,2.6824045181274414
5600,1,enc,4.649881839752197,5.429163455963135,5.3515625,3.211717128753662,2.6380906105041504
5600,2,enc,21.146177291870117,3.364686965942383,1.9111328125,2.9103283882141113,2.8970227241516113
5800,0,enc,4.274380207061768,4.742291450500488,23.546875,2.761507987976074,2.7808358669281006
5800,1,enc,4.6746625900268555,5.340016841888428,5.875,3.0561537742614746,2.651517868041992
5800,2,enc,21.569272994995117,4.37612247467041,2.193359375,3.0145514011383057,2.9454617500305176
5800,0,fcst,7.548507213592529,3.21238374710083,2.666015625,7.153317451477051,8.519792556762695
5800,1,fcst,7.360625743865967,3.055788993835449,1.43359375,10.771416664123535,11.487020492553711
5800,2,fcst,4.616153240203857,3.853360414505005,2.134765625,11.537617683410645,11.565999031066895
5800,0,enc,4.2573747634887695,4.741715908050537,20.890625,2.773488759994507,2.7905633449554443
5800,1,enc,4.798605442047119,5.329153537750244,5.28515625,2.7818422317504883,2.4399023056030273
5800,2,enc,21.535524368286133,3.587712526321411,2.0078125,2.7375540733337402,2.9221243858337402
6000,0,enc,4.295429229736328,4.486035346984863,24.390625,2.5868163108825684,2.5809712409973145
6000,1,enc,4.634188652038574,5.2723517417907715,5.28125,3.0046472549438477,2.911161422729492
6000,2,enc,21.835771560668945,3.949906587600708,2.177734375,3.2115697860717773,3.2186880111694336
6000,0,fcst,7.5256476402282715,3.1082069873809814,2.83984375,6.758570671081543,8.580541610717773
6000,1,fcst,7.438944339752197,3.0574467182159424,1.607421875,9.865179061889648,10.36600399017334
6000,2,fcst,4.523148536682129,3.4298055171966553,2.263671875,11.19701862335205,11.689862251281738
6000,0,enc,4.271889686584473,4.463438510894775,20.953125,2.55928111076355,2.565495252609253
6000,1,enc,4.682827949523926,5.28828763961792,4.95703125,2.689500093460083,2.8219447135925293
6000,2,enc,21.842483520507812,3.5042409896850586,1.966796875,2.911719799041748,3.025367259979248
6200,0,enc,4.249243259429932,4.531774997711182,23.015625,2.623309373855591,2.6395537853240967
6200,1,enc,4.8507466316223145,5.254934310913086,4.953125,2.874624729156494,3.0545804500579834
6200,2,enc,21.834062576293945,3.697711229324341,2.44140625,2.976496696472168,3.063952684402466
6200,0,fcst,7.63093900680542,3.103043794631958,2.681640625,6.602325439453125,8.429374694824219
6200,1,fcst,7.420238971710205,2.886148691177368,1.5625,9.89132308959961,10.785420417785645
6200,2,fcst,4.418549537658691,3.6880433559417725,2.203125,10.941337585449219,11.536266326904297
6200,0,enc,4.2307000160217285,4.5675201416015625,19.84375,2.612332582473755,2.627049684524536
6200,1,enc,4.891072750091553,5.2414069175720215,4.45703125,2.8260231018066406,2.4740819931030273
6200,2,enc,21.837324142456055,3.2924489974975586,2.318359375,2.7310967445373535,2.8250908851623535
6400,0,enc,4.338447093963623,4.57521915435791,22.375,2.5172457695007324,2.5087051391601562
6400,1,enc,5.0970635414123535,5.085748195648193,4.484375,3.0290322303771973,2.935589551925659
6400,2,enc,21.914756774902344,3.8851075172424316,2.2109375,3.1241753101348877,2.848663568496704
6400,0,fcst,7.758260726928711,3.146493911743164,2.734375,6.99367618560791,8.149593353271484
6400,1,fcst,7.5520219802856445,2.853085994720459,1.390625,9.311297416687012,9.817854881286621
6400,2,fcst,4.43930196762085,3.4921817779541016,1.9462890625,10.249761581420898,11.186718940734863
6400,0,enc,4.301538467407227,4.574067115783691,18.140625,2.519150495529175,2.503220319747925
6400,1,enc,5.160641193389893,5.106689929962158,4.21875,2.840268135070801,2.8787107467651367
6400,2,enc,21.975055694580078,4.051604270935059,2.091796875,2.704594135284424,2.716099262237549
6600,0,enc,4.401200771331787,4.559617519378662,20.4375,2.514073610305786,2.52752685546875
6600,1,enc,5.218666076660156,5.006247043609619,4.21484375,3.283991813659668,2.825258255004883
6600,2,enc,22.236774444580078,3.5415782928466797,2.423828125,3.0181567668914795,3.298577308654785
6600,0,fcst,7.707760810852051,2.9447436332702637,2.927734375,6.829341411590576,9.118896484375
6600,1,fcst,7.425877571105957,2.661999464035034,1.376953125,9.85622501373291,10.804033279418945
6600,2,fcst,4.4070563316345215,3.421363115310669,1.564453125,10.643070220947266,11.09662914276123
6600,0,enc,4.38075065612793,4.576590061187744,17.796875,2.537280321121216,2.550677537918091
6600,1,enc,5.252239227294922,4.992550373077393,3.853515625,2.9126908779144287,2.3566789627075195
6600,2,enc,22.174413681030273,3.345280170440674,1.9755859375,3.0988450050354004,2.9219651222229004
6800,0,enc,4.430737495422363,4.442534446716309,18.75,2.4725587368011475,2.4689581394195557
6800,1,enc,5.258119583129883,4.895751476287842,4.1640625,3.4180209636688232,2.9023666381835938
6800,2,enc,22.185312271118164,3.5368311405181885,2.212890625,3.5283989906311035,2.6467316150665283
6800,0,fcst,7.75482177734375,2.953399181365967,2.38671875,6.929287910461426,8.747893333435059
6800,1,fcst,7.491654872894287,2.697681188583374,1.375,9.147913932800293,9.692347526550293
6800,2,fcst,4.404947757720947,3.6220693588256836,1.677734375,10.25814437866211,11.32748031616211
6800,0,enc,4.374855041503906,4.44823694229126,17.171875,2.483722686767578,2.498706817626953
6800,1,enc,5.262333393096924,4.915585517883301,3.791015625,2.743961811065674,2.2532126903533936
6800,2,enc,22.190662384033203,3.647507905960083,1.998046875,2.511610269546509,2.343775987625122
7000,0,enc,4.45006799697876,4.408380508422852,18.125,2.4886765480041504,2.468447685241699
7000,1,enc,5.428142547607422,4.7742533683776855,4.3359375,2.8067660331726074,2.3932411670684814
7000,2,enc,22.270910263061523,3.7414779663085938,2.080078125,3.0924911499023438,3.1511077880859375
7000,0,fcst,7.691720962524414,3.251100778579712,2.53515625,7.1712493896484375,8.365792274475098
7000,1,fcst,7.390867233276367,2.5231354236602783,1.443359375,9.564888954162598,10.261503219604492
7000,2,fcst,4.493168354034424,3.34335994720459,1.80859375,10.373605728149414,10.626875877380371
7000,0,enc,4.440088272094727,4.406818866729736,17.34375,2.4658820629119873,2.461601734161377
7000,1,enc,5.391191005706787,4.823164463043213,3.666015625,2.8368709087371826,2.4026830196380615
7000,2,enc,22.190296173095703,3.511516809463501,1.8427734375,2.3954720497131348,2.3619332313537598
7200,0,enc,4.363587379455566,4.32552433013916,17.625,2.446864128112793,2.4747369289398193
7200,1,enc,5.344745635986328,4.671420097351074,3.8125,2.5175352096557617,2.4747369289398193
7200,2,enc,22.25641441345215,3.894650459289551,2.142578125,3.1559677124023438,2.7564456462860107
7200,0,fcst,7.609800815582275,2.6055123805999756,2.45703125,6.501903057098389,8.350459098815918
7200,1,fcst,7.385734558105469,2.4091155529022217,1.2646484375,9.121077537536621,10.198177337646484
7200,2,fcst,4.383749485015869,3.682661771774292,1.994140625,10.216639518737793,10.826448440551758
7200,0,enc,4.499059200286865,4.360532283782959,15.9375,2.4475021362304688,2.4700088500976562
7200,1,enc,5.349684238433838,4.692462921142578,3.28515625,2.4068660736083984,2.4899282455444336
7200,2,enc,22.275047302246094,3.7466320991516113,1.998046875,2.9907801151275635,2.5811121463775635
7400,0,enc,4.363795757293701,4.399918556213379,19.015625,2.2933359146118164,2.308475971221924
7400,1,enc,5.281585216522217,4.618853569030762,3.92578125,2.780799388885498,2.4524285793304443
7400,2,enc,22.263547897338867,3.608236074447632,2.1171875,2.808197259902954,2.787358522415161
7400,0,fcst,7.716581344604492,2.5841150283813477,2.583984375,6.672433376312256,8.921523094177246
7400,1,fcst,7.349196910858154,2.611917018890381,1.2197265625,9.442353248596191,10.39781379699707
7400,2,fcst,4.236783027648926,3.583218574523926,2.263671875,11.032145500183105,11.402968406677246
7400,0,enc,4.423948287963867,4.406097412109375,16.3125,2.3075504302978516,2.324686050415039
7400,1,enc,5.303781032562256,4.638232231140137,3.529296875,2.628828287124634,2.224822998046875
7400,2,enc,22.27264976501465,3.255560874938965,1.943359375,2.2768235206604004,2.275373935699463
7600,0,enc,4.290229797363281,4.193403720855713,17.609375,2.311962366104126,2.3193867206573486
7600,1,enc,5.3720784187316895,4.468047618865967,3.4921875,2.873605489730835,2.406898260116577
7600,2,enc,22.414016723632812,3.960639715194702,2.16015625,2.7188596725463867,2.5174436569213867
7600,0,fcst,7.743166923522949,2.616447925567627,2.373046875,7.16566801071167,8.820399284362793
7600,1,fcst,7.367590427398682,2.4130425453186035,1.1240234375,9.522193908691406,10.097823143005371
7600,2,fcst,4.210085868835449,3.5306317806243896,2.6015625,10.097823143005371,10.64893913269043
7600,0,enc,4.2951979637146,4.20434045791626,15.9375,2.2812588214874268,2.2995998859405518
7600,1,enc,5.487898826599121,4.461193561553955,3.189453125,3.056823253631592,2.246952533721924
7600,2,enc,22.3430118560791,3.367229700088501,1.9560546875,2.299414873123169,2.312354326248169
7800,0,enc,4.368246555328369,4.245639324188232,16.171875,2.1822092533111572,2.178171396255493
7800,1,enc,5.360039234161377,4.429215431213379,3.611328125,2.639805793762207,2.5745434761047363
7800,2,enc,22.431137084960938,3.3094069957733154,1.966796875,2.917574882507324,2.917574882507324
7800,0,fcst,7.785236835479736,2.663633108139038,2.658203125,7.246936798095703,8.708073616027832
7800,1,fcst,7.461093902587891,2.566089153289795,1.1708984375,10.325441360473633,11.366023063659668
7800,2,fcst,4.087069511413574,3.415400505065918,2.6796875,11.77701473236084,11.547115325927734
7800,0,enc,4.36121940612793,4.24556303024292,16.0,2.198369264602661,2.1876652240753174
7800,1,enc,5.322758674621582,4.428938865661621,3.357421875,2.5026745796203613,2.182009220123291
7800,2,enc,22.368873596191406,3.412480592727661,1.8271484375,2.375340700149536,2.316594362258911
8000,0,enc,4.1858439445495605,4.263406276702881,16.9375,2.18310284614563,2.18310284614563
8000,1,enc,5.196833610534668,4.365830898284912,3.53125,2.6870040893554688,2.289273262023926
8000,2,enc,22.344341278076172,3.1838858127593994,2.32421875,2.9516446590423584,2.3928699493408203
8000,0,fcst,7.789597988128662,2.7408955097198486,2.1875,6.816433906555176,8.31160831451416
8000,1,fcst,7.237412929534912,2.3177435398101807,1.09765625,9.271199226379395,9.494452476501465
8000,2,fcst,3.986382484436035,3.480834484100342,2.796875,9.86791706085205,10.910669326782227
8000,0,enc,4.191661357879639,4.272829055786133,13.890625,2.238736152648926,2.2418432235717773
8000,1,enc,5.2430524826049805,4.37984037399292,3.1328125,2.9465737342834473,2.095557928085327
8000,2,enc,22.39570426940918,2.9799764156341553,1.9013671875,2.237295389175415,2.232665777206421
8200,0,enc,4.176678657531738,4.197027683258057,14.9921875,2.1754543781280518,2.1734867095947266
8200,1,enc,5.2831597328186035,4.285057544708252,3.0859375,2.608612537384033,2.284519672393799
8200,2,enc,22.37091636657715,2.5903141498565674,1.97265625,2.677422523498535,2.3723955154418945
8200,0,fcst,7.705632209777832,2.5991060733795166,2.3671875,6.7708420753479,8.155390739440918
8200,1,fcst,7.175686836242676,2.294724941253662,1.109375,9.440271377563477,10.150991439819336
8200,2,fcst,4.0430169105529785,3.5119779109954834,2.703125,10.185294151306152,10.185294151306152
8200,0,enc,4.223906517028809,4.204655647277832,12.6796875,2.1818487644195557,2.177534341812134
8200,1,enc,5.32361364364624,4.310486793518066,2.83984375,2.5544395446777344,1.9514154195785522
8200,2,enc,22.27350425720215,2.732383966445923,1.8525390625,2.320146083831787,2.2119386196136475
8400,0,enc,4.299187183380127,4.143550872802734,14.390625,2.126159191131592,2.1308767795562744
8400,1,enc,5.212366104125977,4.168496608734131,3.263671875,2.5564627647399902,2.1876235008239746
8400,2,enc,22.186017990112305,3.1166887283325195,2.060546875,2.480119466781616,2.490117311477661
8400,0,fcst,7.622432708740234,2.60329270362854,2.419921875,6.778704643249512,8.558073043823242
8400,1,fcst,7.1626715660095215,2.3501827716827393,1.1708984375,10.099031448364258,10.174444198608398
8400,2,fcst,4.000377655029297,3.3091752529144287,3.09375,10.845102310180664,10.821332931518555
8400,0,enc,4.322747230529785,4.147275447845459,13.046875,2.1266074180603027,2.1200804710388184
8400,1,enc,5.24277400970459,4.159356594085693,2.90625,2.483581066131592,1.943501591682434
8400,2,enc,22.166887283325195,2.7132456302642822,1.8544921875,2.175126075744629,2.093656539916992
8600,0,enc,4.297194004058838,4.145089149475098,14.6171875,2.121347427368164,2.1154050827026367
8600,1,enc,5.155731201171875,4.10125732421875,2.986328125,2.8720130920410156,2.263101577758789
8600,2,enc,22.210752487182617,2.758741617202759,1.9501953125,2.3785972595214844,2.493072032928467
8600,0,fcst,7.689432621002197,2.548642158508301,2.27734375,7.033401012420654,8.231189727783203
8600,1,fcst,7.005430698394775,2.230862855911255,1.099609375,9.095014572143555,10.48324966430664
8600,2,fcst,3.9155659675598145,3.4893476963043213,3.166015625,10.928319931030273,11.096912384033203
8600,0,enc,4.324417591094971,4.131563186645508,12.6796875,2.1147913932800293,2.108069896697998
8600,1,enc,5.132025718688965,4.090554714202881,2.685546875,2.8452115058898926,2.108867645263672
8600,2,enc,22.233379364013672,3.1035447120666504,1.6982421875,2.261688232421875,2.381927490234375
8800,0,enc,4.377075672149658,4.123642921447754,14.4453125,2.030062437057495,2.015023946762085
8800,1,enc,5.130437850952148,3.989084243774414,2.818359375,2.5786635875701904,2.2316031455993652
8800,2,enc,22.22978401184082,2.6934549808502197,1.830078125,2.352538585662842,2.4489259719848633
8800,0,fcst,7.624807357788086,2.583138942718506,2.31640625,6.619535446166992,8.091307640075684
8800,1,fcst,7.0550665855407715,2.2420871257781982,1.125,9.840920448303223,10.522886276245117
8800,2,fcst,3.792510986328125,3.1884548664093018,3.00390625,10.517773628234863,10.517773628234863
8800,0,enc,4.384505271911621,4.144753932952881,12.71875,2.0321359634399414,2.030257225036621
8800,1,enc,5.1033453941345215,3.9829142093658447,2.552734375,2.431020498275757,2.1854963302612305
8800,2,enc,22.245147705078125,2.555689811706543,1.7353515625,2.2376656532287598,2.3030343055725098
9000,0,enc,4.382161617279053,4.052946090698242,13.6171875,1.9585477113723755,1.948705792427063
9000,1,enc,5.10237979888916,3.8900625705718994,2.822265625,2.6367130279541016,2.319727897644043
9000,2,enc,21.92987060546875,2.706949234008789,1.92578125,2.5453343391418457,2.3280422687530518
9000,0,fcst,7.569111347198486,2.6261587142944336,2.23046875,6.85738468170166,8.458511352539062
9000,1,fcst,7.030580997467041,2.094447135925293,1.0087890625,9.10067081451416,9.96981143951416
9000,2,fcst,3.6837589740753174,3.317262649536133,2.759765625,10.561446189880371,10.985437393188477
9000,0,enc,4.424006462097168,4.07485818862915,12.0234375,1.9657227993011475,1.959836721420288
9000,1,enc,5.093423843383789,3.8936452865600586,2.517578125,2.3275880813598633,1.9704843759536743
9000,2,enc,21.950231552124023,2.998643398284912,1.8798828125,2.1396689414978027,2.087766647338867
9200,0,enc,4.65805721282959,4.005688190460205,13.671875,2.0856339931488037,2.089643716812134
9200,1,enc,5.086217403411865,3.817964553833008,2.90234375,2.6944727897644043,2.2909345626831055
9200,2,enc,22.044994354248047,2.6941208839416504,1.8544921875,2.6359550952911377,2.413853645324707
9200,0,fcst,7.621244430541992,2.559649705886841,2.11328125,6.367688179016113,8.309442520141602
9200,1,fcst,7.061212539672852,2.186140298843384,1.0322265625,9.671091079711914,10.451255798339844
9200,2,fcst,3.6309597492218018,3.152170181274414,2.4375,10.154670715332031,10.145808219909668
9200,0,enc,4.625826835632324,4.0072174072265625,11.203125,2.074483871459961,2.082937240600586
9200,1,enc,5.080165386199951,3.9121458530426025,2.626953125,2.4578704833984375,2.229238748550415
9200,2,enc,22.021970748901367,2.5055484771728516,1.8310546875,2.223477363586426,2.334439277648926
9400,0,enc,4.393163681030273,3.9398152828216553,12.234375,2.0762743949890137,2.077965497970581
9400,1,enc,4.930552005767822,3.6952881813049316,2.783203125,2.474071741104126,2.315629482269287
9400,2,enc,21.925474166870117,2.5512826442718506,1.8837890625,2.8051486015319824,2.8051486015319824
9400,0,fcst,7.659803867340088,2.248614549636841,2.0859375,6.782675266265869,8.814414024353027
9400,1,fcst,7.06869649887085,2.078007698059082,0.9892578125,9.6483736038208,9.825240135192871
9400,2,fcst,3.623993396759033,3.174450397491455,2.533203125,9.87171745300293,10.33375072479248
9400,0,enc,4.437500953674316,3.9419803619384766,11.171875,2.086660146713257,2.087794065475464
9400,1,enc,4.969110012054443,3.706498622894287,2.48828125,2.216289520263672,1.8332818746566772
9400,2,enc,21.938199996948242,2.317852020263672,1.7705078125,2.1851842403411865,1.941251516342163
9600,0,enc,4.520176410675049,3.809293746948242,11.9140625,1.9728171825408936,1.9723795652389526
9600,1,enc,4.898815631866455,3.995896577835083,3.02734375,2.455143451690674,2.1293632984161377
9600,2,enc,21.930255889892578,2.854426622390747,1.8193359375,2.5602033138275146,2.530787706375122
9600,0,fcst,7.734170913696289,2.4350168704986572,2.1953125,7.10736608505249,8.517426490783691
9600,1,fcst,7.011258125305176,1.9822773933410645,1.1201171875,9.153440475463867,9.802648544311523
9600,2,fcst,3.532099962234497,3.5647435188293457,2.919921875,9.802648544311523,10.316699981689453
9600,0,enc,4.5527801513671875,3.8093361854553223,10.4296875,1.9345065355300903,1.93238365650177
9600,1,enc,4.937802791595459,4.010229587554932,2.693359375,2.2712326049804688,1.9946402311325073
9600,2,enc,21.95923614501953,2.444279193878174,2.048828125,2.1846413612365723,2.132207155227661
9800,0,enc,4.479430198669434,3.763477325439453,12.2265625,2.0951454639434814,2.0876517295837402
9800,1,enc,4.922670841217041,3.5496037006378174,3.158203125,2.5855278968811035,2.581541061401367
9800,2,enc,22.068313598632812,3.4649081230163574,1.9013671875,2.4704349040985107,2.471390724182129
9800,0,fcst,7.796528339385986,2.464688777923584,2.17578125,6.973355770111084,8.413776397705078
9800,1,fcst,7.152820587158203,1.9464221000671387,1.0517578125,9.050588607788086,9.57738971710205
9800,2,fcst,3.5617835521698,3.320582151412964,2.64453125,9.913473129272461,9.950738906860352
9800,0,enc,4.348787784576416,3.7583189010620117,10.390625,2.0927321910858154,2.082371473312378
9800,1,enc,4.919607639312744,3.560535430908203,2.740234375,2.227902412414551,2.022794246673584
9800,2,enc,22.02509117126465,2.6032044887542725,1.5849609375,1.931667447090149,2.0085105895996094
10000,0,enc,4.186973571777344,3.724440574645996,11.46875,1.9017120599746704,1.903365135192871
10000,1,enc,4.91949987411499,3.7427473068237305,2.73046875,2.830336332321167,2.2888901233673096
10000,2,enc,21.977523803710938,2.7484755516052246,1.7802734375,2.5478243827819824,2.3720295429229736
10000,0,fcst,7.7660980224609375,2.3820571899414062,2.083984375,6.757426738739014,9.112028121948242
10000,1,fcst,7.095407009124756,1.9407308101654053,0.908203125,9.75580883026123,10.381351470947266
10000,2,fcst,3.469727039337158,3.2181036472320557,3.232421875,10.381351470947266,11.118427276611328
10000,0,enc,4.252018928527832,3.7269139289855957,9.96875,1.9056391716003418,1.9096522331237793
10000,1,enc,4.895492076873779,3.7887136936187744,2.568359375,2.4942519664764404,1.815652847290039
10000,2,enc,22.013044357299805,2.1682069301605225,1.84765625,2.0886483192443848,1.8973325490951538
10200,0,enc,4.404435157775879,3.6048128604888916,10.5703125,1.8118319511413574,1.8118319511413574
10200,1,enc,4.898517608642578,3.8511393070220947,2.63671875,2.4249167442321777,2.0566725730895996
10200,2,enc,21.86857795715332,2.4656548500061035,1.8271484375,2.238976001739502,2.3306527137756348
10200,0,fcst,7.7408647537231445,2.1841068267822266,2.072265625,7.367641448974609,8.83465576171875
10200,1,fcst,7.002908706665039,1.8551912307739258,0.97802734375,10.451763153076172,10.349563598632812
10200,2,fcst,3.444704294204712,3.156283140182495,3.158203125,10.425846099853516,10.642586708068848
10200,0,enc,4.225867748260498,3.6084978580474854,9.1328125,1.8131812810897827,1.8219550848007202
10200,1,enc,4.894155979156494,3.8581883907318115,2.314453125,2.2312183380126953,1.8303285837173462
10200,2,enc,21.894960403442383,2.462432622909546,1.6806640625,1.8944981098175049,1.9709275960922241
10400,0,enc,4.249597549438477,3.54486083984375,10.453125,1.82035493850708,1.8314175605773926
10400,1,enc,4.9772443771362305,3.575806140899658,2.568359375,2.630847215652466,2.085343837738037
10400,2,enc,21.938100814819336,2.781256675720215,1.81640625,2.346982955932617,2.21032977104187
10400,0,fcst,7.782346725463867,2.1428122520446777,1.888671875,6.490691661834717,8.903448104858398
10400,1,fcst,6.897302150726318,1.7102452516555786,0.8603515625,9.33370590209961,9.718234062194824
10400,2,fcst,3.428624391555786,3.339468002319336,3.115234375,9.71809196472168,9.882003784179688
10400,0,enc,4.3347554206848145,3.5486559867858887,9.0703125,1.8437246084213257,1.853436827659607
10400,1,enc,5.003824710845947,3.6131536960601807,2.296875,2.8443925380706787,1.6834471225738525
10400,2,enc,21.97269058227539,2.7622387409210205,1.7392578125,1.994296669960022,1.9166256189346313
10600,0,enc,4.487250328063965,3.570195436477661,9.9921875,1.8042583465576172,1.800106406211853
10600,1,enc,5.018016815185547,3.7078135013580322,2.421875,2.5204501152038574,2.1192517280578613
10600,2,enc,22.045616149902344,2.822597026824951,1.787109375,2.4513916969299316,2.1796300411224365
10600,0,fcst,7.681868553161621,2.2634761333465576,1.873046875,6.989900588989258,8.047750473022461
10600,1,fcst,6.82550048828125,1.9450428485870361,0.771484375,9.152327537536621,9.270923614501953
10600,2,fcst,3.292501926422119,3.342808961868286,2.982421875,9.189729690551758,9.817163467407227
10600,0,enc,4.432132720947266,3.569362163543701,8.8359375,1.7990527153015137,1.8027909994125366
10600,1,enc,4.971715450286865,3.730783462524414,2.150390625,2.3423495292663574,1.7366969585418701
10600,2,enc,22.016489028930664,2.443960189819336,1.9130859375,1.948259711265564,1.9313987493515015
10800,0,enc,4.291119575500488,3.5618481636047363,9.15625,1.7466671466827393,1.7492272853851318
10800,1,enc,4.981841087341309,3.6410930156707764,2.369140625,2.5572431087493896,2.215393543243408
10800,2,enc,21.85411262512207,2.6070666313171387,2.125,2.3280813694000244,2.3280813694000244
10800,0,fcst,7.651041507720947,2.2238850593566895,1.9140625,6.841719150543213,8.895002365112305
10800,1,fcst,7.018681526184082,1.741648554801941,0.85302734375,9.368501663208008,9.704330444335938
10800,2,fcst,3.311596155166626,3.053138017654419,2.685546875,9.634324073791504,10.116637229919434
10800,0,enc,4.269177436828613,3.56721568107605,7.94921875,1.7271579504013062,1.7337154150009155
10800,1,enc,4.994369983673096,3.664024591445923,1.9462890625,2.1599700450897217,1.6368428468704224
10800,2,enc,21.863052368164062,2.457397222518921,1.6982421875,1.8445794582366943,1.9549586772918701
11000,0,enc,4.278591632843018,3.4700067043304443,8.6796875,1.7650065422058105,1.763865351676941
11000,1,enc,5.032843589782715,3.6710753440856934,2.689453125,2.2130537033081055,1.8889858722686768
11000,2,enc,21.956802368164062,2.2751762866973877,1.6376953125,2.1236355304718018,2.2021613121032715
11000,0,fcst,7.5869574546813965,2.058652400970459,1.8720703125,6.859853744506836,8.094802856445312
11000,1,fcst,6.855863094329834,1.9265060424804688,0.7607421875,9.42501163482666,9.534807205200195
11000,2,fcst,3.2665340900421143,3.2876222133636475,2.6484375,9.6668062210083,9.43880558013916
11000,0,enc,4.268874168395996,3.481334924697876,8.0078125,1.7631843090057373,1.7630221843719482
11000,1,enc,4.9909210205078125,3.6130950450897217,2.076171875,2.1408915519714355,1.601807713508606
11000,2,enc,21.9813232421875,2.3215906620025635,1.515625,1.9806197881698608,1.8476972579956055
11200,0,enc,4.32568883895874,3.417788028717041,9.0625,1.7734278440475464,1.787703275680542
11200,1,enc,4.996346473693848,3.693077564239502,2.248046875,2.530123233795166,2.038663625717163
11200,2,enc,21.89541244506836,2.339016914367676,1.6904296875,2.4599177837371826,2.354252338409424
11200,0,fcst,7.544350624084473,1.9340041875839233,1.953125,6.870598793029785,8.25698184967041
11200,1,fcst,6.876871109008789,1.6529958248138428,0.7998046875,8.747394561767578,9.900228500366211
11200,2,fcst,3.336459159851074,3.213789701461792,2.98046875,10.113056182861328,10.710387229919434
11200,0,enc,4.327950477600098,3.4093925952911377,7.77734375,1.7694426774978638,1.7816344499588013
11200,1,enc,4.969279766082764,3.696869373321533,2.12109375,2.3131213188171387,1.723886489868164
11200,2,enc,21.872461318969727,2.0672552585601807,1.5341796875,1.937375545501709,1.901334285736084
11400,0,enc,4.405632972717285,3.322312116622925,8.140625,1.7871816158294678,1.7869994640350342
11400,1,enc,4.989438056945801,3.4986724853515625,2.486328125,2.192734956741333,1.8591697216033936
11400,2,enc,21.824708938598633,2.380661964416504,1.86328125,2.509695053100586,2.2497012615203857
11400,0,fcst,7.546431541442871,2.0222084522247314,1.765625,7.097928047180176,9.106392860412598
11400,1,fcst,6.833302021026611,1.955399513244629,0.66748046875,10.284146308898926,10.638692855834961
11400,2,fcst,3.2836711406707764,3.22098970413208,2.755859375,10.578811645507812,11.072789192199707
11400,0,enc,4.4303998947143555,3.324690103530884,7.1796875,1.7934367656707764,1.793771505355835
11400,1,enc,4.968342304229736,3.5135228633880615,2.0625,2.103011131286621,1.5506625175476074
11400,2,enc,21.840572357177734,2.3330893516540527,1.62890625,1.671027660369873,1.6185060739517212
11600,0,enc,4.25091028213501,3.3401389122009277,8.1015625,1.7166191339492798,1.7272664308547974
11600,1,enc,5.050055027008057,3.514793634414673,2.46484375,2.306276559829712,1.8533567190170288
11600,2,enc,21.52935218811035,2.7622578144073486,1.7021484375,2.281513214111328,1.9762178659439087
11600,0,fcst,7.620009899139404,2.234180212020874,1.798828125,7.2324957847595215,8.895779609680176
11600,1,fcst,6.777456760406494,1.778082013130188,0.7177734375,9.376368522644043,9.906153678894043
11600,2,fcst,3.3145835399627686,3.5475380420684814,2.912109375,9.893335342407227,10.199053764343262
11600,0,enc,4.282695770263672,3.3392231464385986,7.1015625,1.7201364040374756,1.726340889930725
11600,1,enc,5.049044132232666,3.5396888256073,2.169921875,2.2426810264587402,1.6681241989135742
11600,2,enc,21.55620765686035,2.5223565101623535,1.4638671875,1.8943986892700195,1.877690315246582
11800,0,enc,4.353850841522217,3.2648327350616455,7.29296875,1.698039174079895,1.7110600471496582
11800,1,enc,5.147315979003906,3.520206928253174,2.419921875,2.282362699508667,1.81647789478302
11800,2,enc,21.632848739624023,2.2306995391845703,1.701171875,2.230105400085449,2.230105400085449
11800,0,fcst,7.599454402923584,2.0731618404388428,1.8203125,6.701458930969238,8.383552551269531
11800,1,fcst,6.905613899230957,1.654087781906128,0.9189453125,9.209874153137207,9.706564903259277
11800,2,fcst,3.3083930015563965,3.050041437149048,3.037109375,9.706564903259277,10.393413543701172
11800,0,enc,4.359817981719971,3.2622432708740234,6.6484375,1.6714813709259033,1.6910431385040283
11800,1,enc,5.122570514678955,3.5467731952667236,2.041015625,1.9057480096817017,1.5923866033554077
11800,2,enc,21.631494522094727,2.2895538806915283,1.8525390625,1.747094988822937,1.787195086479187
12000,0,enc,4.356878757476807,3.2372281551361084,7.33203125,1.7349945306777954,1.7456163167953491
12000,1,enc,5.204044818878174,3.4339590072631836,2.1953125,2.390357255935669,1.9564735889434814
12000,2,enc,21.542421340942383,1.9958494901657104,1.6845703125,2.398284912109375,2.2732462882995605
12000,0,fcst,7.520778656005859,2.256401777267456,1.6494140625,6.90598726272583,8.486721992492676
12000,1,fcst,6.832711219787598,1.5831729173660278,0.95068359375,9.390226364135742,10.206741333007812
12000,2,fcst,3.2582569122314453,3.0577361583709717,3.029296875,10.093809127807617,10.123071670532227
12000,0,enc,4.38444185256958,3.2301361560821533,6.47265625,1.7341372966766357,1.747420072555542
12000,1,enc,5.241637706756592,3.440007448196411,1.7744140625,2.135340690612793,1.6239938735961914
12000,2,enc,21.536836624145508,2.0874693393707275,1.443359375,1.6784194707870483,1.7012771368026733
12200,0,enc,4.300632476806641,3.1601462364196777,7.12890625,1.6308388710021973,1.6415624618530273
12200,1,enc,5.3536763191223145,3.4237990379333496,2.1796875,2.0151965618133545,2.1749138832092285
12200,2,enc,21.436084747314453,2.0318667888641357,1.626953125,2.592209815979004,2.1736443042755127
12200,0,fcst,7.7865471839904785,1.9277513027191162,1.80078125,6.971078395843506,7.972863674163818
12200,1,fcst,6.846817493438721,1.7075268030166626,0.8134765625,9.511223793029785,9.97590446472168
12200,2,fcst,3.295275926589966,2.9550838470458984,3.228515625,9.77530574798584,10.0490140914917
12200,0,enc,4.327775001525879,3.1515133380889893,5.40625,1.6490261554718018,1.6574108600616455
12200,1,enc,5.317239761352539,3.4363791942596436,1.947265625,1.9555565118789673,1.5807960033416748
12200,2,enc,21.45062255859375,2.0887339115142822,1.52734375,1.7691766023635864,1.7807809114456177
12400,0,enc,4.2232232093811035,3.1608963012695312,6.41015625,1.6436220407485962,1.6452218294143677
12400,1,enc,5.3323564529418945,3.2101597785949707,2.107421875,2.1075382232666016,1.8086155652999878
12400,2,enc,21.43709373474121,1.8998122215270996,1.7041015625,1.920171856880188,1.9823118448257446
12400,0,fcst,7.828230857849121,2.0022895336151123,1.7353515625,6.525476932525635,8.226816177368164
12400,1,fcst,6.771427154541016,1.4967495203018188,0.79296875,9.357772827148438,9.904376983642578
12400,2,fcst,3.238917827606201,2.9298813343048096,3.04296875,9.913071632385254,10.22475814819336
12400,0,enc,4.234611988067627,3.1579205989837646,5.66015625,1.653113842010498,1.6579089164733887
12400,1,enc,5.3162617683410645,3.25504732131958,1.68359375,1.995452880859375,1.519722819328308
12400,2,enc,21.41851806640625,2.065319776535034,1.556640625,1.736142635345459,1.7885764837265015
12600,0,enc,4.322066307067871,3.1079373359680176,6.54296875,1.636852741241455,1.6394551992416382
12600,1,enc,5.449004650115967,3.419569730758667,2.09765625,1.922530174255371,1.656190276145935
12600,2,enc,21.486339569091797,2.222102642059326,1.4296875,2.2640132904052734,2.1908223628997803
12600,0,fcst,8.051356315612793,1.9649310111999512,1.70703125,6.4515299797058105,8.31553840637207
12600,1,fcst,6.879138469696045,1.4763176441192627,0.77978515625,9.269356727600098,9.831422805786133
12600,2,fcst,3.218360185623169,2.84273362159729,3.203125,9.714845657348633,9.69964599609375
12600,0,enc,4.353640556335449,3.115110158920288,5.74609375,1.6482603549957275,1.649383783340454
12600,1,enc,5.46414041519165,3.4122836589813232,1.591796875,2.084416389465332,1.488656997680664
12600,2,enc,21.42723274230957,2.0840139389038086,1.486328125,1.7741562128067017,1.686924695968628
12800,0,enc,4.360044002532959,3.037877321243286,5.6015625,1.6500433683395386,1.6479156017303467
12800,1,enc,5.6376142501831055,3.235032558441162,1.81640625,2.329695463180542,1.7273061275482178
12800,2,enc,21.379409790039062,1.8860169649124146,1.685546875,1.8618123531341553,1.9128674268722534
12800,0,fcst,7.9821977615356445,1.9108020067214966,1.7021484375,6.614211082458496,8.217546463012695
12800,1,fcst,6.85707950592041,1.448516607284546,0.90869140625,9.486394882202148,9.81576156616211
12800,2,fcst,3.223337411880493,2.8856687545776367,2.48828125,9.99899959564209,10.36249828338623
12800,0,enc,4.402146816253662,3.036371946334839,5.16796875,1.6521861553192139,1.6457545757293701
12800,1,enc,5.639609336853027,3.224853754043579,1.5126953125,1.8981027603149414,1.5598739385604858
12800,2,enc,21.318037033081055,2.0642313957214355,1.4267578125,1.704513669013977,1.750595211982727
13000,0,enc,4.214864730834961,3.005673408508301,5.76171875,1.6195536851882935,1.6218191385269165
13000,1,enc,5.681473255157471,3.285411834716797,2.0546875,1.8296258449554443,2.4535114765167236
13000,2,enc,21.301002502441406,2.032057285308838,1.681640625,2.38932204246521,2.162135601043701
13000,0,fcst,7.895538330078125,1.8951380252838135,1.923828125,6.998633861541748,7.831984043121338
13000,1,fcst,6.764660835266113,1.4881035089492798,0.97509765625,8.919654846191406,9.731271743774414
13000,2,fcst,3.2863543033599854,3.002598524093628,2.5703125,9.605134010314941,9.978398323059082
13000,0,enc,4.218604564666748,3.0016465187072754,5.22265625,1.6029045581817627,1.603820562362671
13000,1,enc,5.623103618621826,3.317033052444458,1.5537109375,1.8184025287628174,1.4775066375732422
13000,2,enc,21.440288543701172,2.0703375339508057,1.439453125,1.8115450143814087,1.8405824899673462
13200,0,enc,4.172791481018066,2.990457773208618,5.375,1.5709309577941895,1.574995756149292
13200,1,enc,5.819674491882324,3.0879127979278564,1.9638671875,1.7594878673553467,1.7594878673553467
13200,2,enc,21.077640533447266,2.149108409881592,1.4755859375,2.0187270641326904,2.0187270641326904
13200,0,fcst,7.89065408706665,1.8224035501480103,1.7763671875,6.815106391906738,8.467667579650879
13200,1,fcst,6.8198676109313965,1.3568559885025024,1.060546875,9.64244270324707,9.950453758239746
13200,2,fcst,3.250521421432495,2.6802315711975098,2.66015625,10.277734756469727,10.735633850097656
13200,0,enc,4.16827917098999,2.985570192337036,4.69921875,1.5850768089294434,1.5904746055603027
13200,1,enc,5.752137660980225,3.0924298763275146,1.5087890625,1.5784214735031128,1.399064540863037
13200,2,enc,21.165679931640625,2.0922889709472656,1.40234375,2.017212152481079,1.956146478652954
13400,0,enc,4.299008369445801,2.859598159790039,5.5,1.5329349040985107,1.5329349040985107
13400,1,enc,5.923078536987305,3.030296802520752,1.8779296875,1.7037066221237183,1.6210540533065796
13400,2,enc,21.0252628326416,2.214473009109497,1.4794921875,2.145153522491455,2.1205191612243652
13400,0,fcst,7.847724914550781,1.76114821434021,1.5009765625,6.68314790725708,8.12515640258789
13400,1,fcst,6.840799331665039,1.4066386222839355,1.2685546875,8.936440467834473,9.824503898620605
13400,2,fcst,3.1856682300567627,2.4709584712982178,2.501953125,9.89102554321289,10.181282043457031
13400,0,enc,4.309140205383301,2.8650717735290527,4.19921875,1.531351923942566,1.5260533094406128
13400,1,enc,5.816503524780273,3.057371139526367,1.4443359375,1.6053717136383057,1.5437253713607788
13400,2,enc,21.062183380126953,1.8516920804977417,1.2880859375,1.8785796165466309,1.8178496360778809
13600,0,enc,4.107959747314453,2.834731340408325,5.546875,1.5053441524505615,1.5053441524505615
13600,1,enc,5.870824813842773,2.9892027378082275,1.7939453125,1.7421023845672607,1.867342472076416
13600,2,enc,20.83364486694336,1.9098237752914429,1.443359375,1.9531407356262207,1.8694173097610474
13600,0,fcst,7.866793632507324,1.7920459508895874,1.5166015625,6.338387966156006,7.520778656005859
13600,1,fcst,6.895980358123779,1.4045096635818481,0.83935546875,8.825202941894531,9.370809555053711
13600,2,fcst,3.1650583744049072,2.6836588382720947,3.041015625,9.252317428588867,10.093789100646973
13600,0,enc,4.112765789031982,2.8361239433288574,4.96875,1.4894702434539795,1.4867198467254639
13600,1,enc,5.866264820098877,3.0146400928497314,1.390625,1.6701534986495972,1.3985822200775146
13600,2,enc,20.852100372314453,1.973299264907837,1.4501953125,1.6136045455932617,1.5381685495376587
13800,0,enc,4.159649848937988,2.8181142807006836,5.51171875,1.5207585096359253,1.5207585096359253
13800,1,enc,6.051517009735107,3.028175115585327,1.7900390625,1.907750129699707,1.5990265607833862
13800,2,enc,20.691137313842773,1.8172940015792847,1.3779296875,1.8633593320846558,1.9176859855651855
13800,0,fcst,7.777597904205322,2.19445538520813,1.328125,6.266362190246582,7.967818260192871
13800,1,fcst,6.812693119049072,1.487486481666565,1.1494140625,9.114011764526367,9.970674514770508
13800,2,fcst,3.2631330490112305,2.6387827396392822,3.34375,10.465335845947266,11.06537914276123
13800,0,enc,4.122992038726807,2.8195977210998535,4.875,1.5235233306884766,1.5258235931396484
13800,1,enc,6.047551155090332,2.993091106414795,1.30078125,2.0007433891296387,1.6492995023727417
13800,2,enc,20.693944931030273,1.7222551107406616,1.521484375,1.6379188299179077,1.7220863103866577
14000,0,enc,4.077897071838379,2.735640525817871,5.34765625,1.4476319551467896,1.4486995935440063
14000,1,enc,6.146900653839111,2.9881105422973633,1.8076171875,1.85275137424469,1.7448145151138306
14000,2,enc,20.68359375,1.9554170370101929,1.431640625,1.9606083631515503,2.0970559120178223
14000,0,fcst,7.817336559295654,1.963818907737732,1.525390625,6.477217674255371,7.8509521484375
14000,1,fcst,6.954495429992676,1.6305270195007324,1.052734375,8.805724143981934,9.910835266113281
14000,2,fcst,3.2162983417510986,2.646798610687256,2.720703125,9.948958396911621,10.43262767791748
14000,0,enc,4.117879390716553,2.742077589035034,4.48828125,1.4555723667144775,1.4589426517486572
14000,1,enc,6.138258934020996,2.96317195892334,1.3486328125,1.6928868293762207,1.540405035018921
14000,2,enc,20.649070739746094,2.196577548980713,1.30859375,1.575850248336792,1.622511625289917
14200,0,enc,4.082507133483887,2.6663918495178223,4.9296875,1.4710214138031006,1.4784473180770874
14200,1,enc,6.110259056091309,2.986149311065674,1.59375,1.816030502319336,2.0014209747314453
14200,2,enc,20.73091697692871,1.613795518875122,1.568359375,1.9144424200057983,2.382948637008667
14200,0,fcst,7.709350109100342,1.7299308776855469,1.404296875,6.646866321563721,8.267183303833008
14200,1,fcst,7.048877716064453,1.3349262475967407,0.9560546875,8.840193748474121,9.149981498718262
14200,2,fcst,3.239837408065796,2.643465042114258,2.9296875,9.346031188964844,9.69168472290039
14200,0,enc,4.087147235870361,2.6674139499664307,4.69140625,1.4814022779464722,1.4895581007003784
14200,1,enc,6.159641265869141,2.9757139682769775,1.3154296875,1.6907680034637451,1.4029889106750488
14200,2,enc,20.719663619995117,1.8478118181228638,1.3525390625,1.4709943532943726,1.5691606998443604
14400,0,enc,4.079185962677002,2.6098597049713135,4.86328125,1.4491298198699951,1.4513866901397705
14400,1,enc,6.205056667327881,3.038058042526245,1.6806640625,2.0838820934295654,1.7761142253875732
14400,2,enc,20.355178833007812,1.911542296409607,1.365234375,1.9181277751922607,1.7296744585037231
14400,0,fcst,7.763424873352051,1.5882796049118042,1.341796875,6.857507228851318,8.704751968383789
14400,1,fcst,7.056948661804199,1.2613383531570435,0.95263671875,8.868095397949219,9.684026718139648
14400,2,fcst,3.1917684078216553,2.402285099029541,2.859375,9.679472923278809,10.091257095336914
14400,0,enc,4.102356910705566,2.6181373596191406,4.36328125,1.4519728422164917,1.4568709135055542
14400,1,enc,6.1836090087890625,3.029423475265503,1.3193359375,1.7574472427368164,1.432401418685913
14400,2,enc,20.369699478149414,1.6751827001571655,1.263671875,1.5966682434082031,1.6879158020019531
14600,0,enc,4.096874713897705,2.5498650074005127,4.65234375,1.484286904335022,1.484286904335022
14600,1,enc,6.200634956359863,2.940612554550171,1.41015625,1.849884033203125,1.598422646522522
14600,2,enc,20.256601333618164,1.7292031049728394,1.5634765625,1.9981303215026855,1.8588371276855469
14600,0,fcst,7.690223693847656,1.6125869750976562,1.3818359375,6.95459508895874,8.344569206237793
14600,1,fcst,7.098910808563232,1.2244915962219238,0.85986328125,9.507466316223145,10.205384254455566
14600,2,fcst,3.1923084259033203,2.4805517196655273,2.591796875,10.310011863708496,10.692227363586426
14600,0,enc,4.0908732414245605,2.554744243621826,3.998046875,1.4752683639526367,1.5021848678588867
14600,1,enc,6.237298965454102,2.956028699874878,1.23828125,1.8216979503631592,1.6051019430160522
14600,2,enc,20.270078659057617,1.7538342475891113,1.396484375,1.6039855480194092,1.6675125360488892
14800,0,enc,4.00376558303833,2.4970219135284424,4.15234375,1.4643696546554565,1.4701722860336304
14800,1,enc,6.196619510650635,2.8069050312042236,1.626953125,1.7265264987945557,1.7265264987945557
14800,2,enc,20.399024963378906,1.9077339172363281,1.3115234375,1.9790568351745605,1.8199585676193237
14800,0,fcst,7.606184482574463,1.7485471963882446,1.248046875,6.444063186645508,8.448392868041992
14800,1,fcst,7.244235992431641,1.2334750890731812,0.7392578125,9.642821311950684,10.414305686950684
14800,2,fcst,3.2396137714385986,2.6074485778808594,2.48828125,10.131185531616211,10.47922134399414
14800,0,enc,4.013215065002441,2.4986448287963867,3.830078125,1.4545921087265015,1.4582160711288452
14800,1,enc,6.12355375289917,2.8285164833068848,1.1953125,1.7657949924468994,1.3777037858963013
14800,2,enc,20.387853622436523,1.7389341592788696,1.2548828125,1.5122921466827393,1.6136105060577393
15000,0,enc,3.99777889251709,2.444794178009033,4.37109375,1.5212175846099854,1.5250682830810547
15000,1,enc,6.211254596710205,2.742443323135376,1.724609375,1.6889690160751343,1.6635618209838867
15000,2,enc,20.424152374267578,1.747679591178894,1.4287109375,1.7596626281738281,1.7596626281738281
15000,0,fcst,7.672824859619141,1.566495418548584,1.2421875,6.619485855102539,8.129902839660645
15000,1,fcst,7.085415363311768,1.3383116722106934,0.8505859375,9.372596740722656,9.372596740722656
15000,2,fcst,3.118055820465088,2.24560546875,2.8125,9.922527313232422,10.133892059326172
15000,0,enc,3.9918112754821777,2.4499778747558594,3.52734375,1.5238734483718872,1.5251113176345825
15000,1,enc,6.254368305206299,2.733328342437744,1.455078125,1.7934441566467285,1.4442641735076904
15000,2,enc,20.38978385925293,1.669724941253662,1.3330078125,1.6415636539459229,1.5880968570709229
15200,0,enc,4.078690052032471,2.4071242809295654,3.91015625,1.4466744661331177,1.456312894821167
15200,1,enc,6.110947132110596,2.9348793029785156,1.412109375,1.752439022064209,1.6268718242645264
15200,2,enc,20.332164764404297,1.6694210767745972,1.337890625,1.8347892761230469,1.7384284734725952
15200,0,fcst,7.783250331878662,1.619713544845581,1.333984375,6.281508922576904,8.565391540527344
15200,1,fcst,7.257157802581787,1.287732720375061,1.1669921875,8.714357376098633,9.132927894592285
15200,2,fcst,3.140582799911499,2.4788715839385986,2.736328125,9.13267707824707,9.50667953491211
15200,0,enc,4.0698323249816895,2.415703058242798,3.322265625,1.459655523300171,1.4669339656829834
15200,1,enc,6.047001838684082,2.932715892791748,1.1748046875,1.5356889963150024,1.430883526802063
15200,2,enc,20.31371307373047,1.7713358402252197,1.2685546875,1.6995253562927246,1.5203583240509033
15400,0,enc,4.001646518707275,2.36100435256958,4.203125,1.4269994497299194,1.4364959001541138
15400,1,enc,6.063747406005859,2.8162713050842285,1.310546875,1.7987585067749023,1.52591872215271
15400,2,enc,20.22435760498047,1.9228026866912842,1.236328125,1.7720210552215576,1.8317676782608032
15400,0,fcst,7.727713584899902,1.501526117324829,1.3974609375,6.41537618637085,8.091358184814453
15400,1,fcst,7.153645992279053,1.234777808189392,0.97607421875,9.201080322265625,9.607352256774902
15400,2,fcst,3.2774651050567627,2.504722833633423,2.677734375,9.663823127746582,10.227517127990723
15400,0,enc,3.9998674392700195,2.3593900203704834,3.55859375,1.4301947355270386,1.4397691488265991
15400,1,enc,6.120820045471191,2.778095245361328,1.0908203125,1.639413833618164,1.6181855201721191
15400,2,enc,20.214582443237305,1.7888636589050293,1.154296875,1.5928754806518555,1.64286470413208
15600,0,enc,4.082695960998535,2.3038463592529297,3.791015625,1.3785330057144165,1.387467861175537
15600,1,enc,5.929625034332275,2.764366626739502,1.3291015625,1.5888314247131348,1.5889513492584229
15600,2,enc,20.30788803100586,1.6612563133239746,1.4560546875,1.6148616075515747,1.5594953298568726
15600,0,fcst,7.8084306716918945,1.5356675386428833,1.3447265625,6.743265151977539,8.527251243591309
15600,1,fcst,7.155119895935059,1.1399037837982178,1.0029296875,9.2247953414917,9.77458381652832
15600,2,fcst,3.289290428161621,2.311995506286621,2.384765625,9.78925895690918,10.40069580078125
15600,0,enc,4.086036682128906,2.304344654083252,3.4765625,1.3951084613800049,1.4012653827667236
15600,1,enc,5.96484899520874,2.7702879905700684,1.0576171875,1.5469948053359985,1.2787401676177979
15600,2,enc,20.239770889282227,1.633787989616394,1.1923828125,1.3434209823608398,1.409472942352295
15800,0,enc,4.151139736175537,2.236832857131958,4.0390625,1.4868419170379639,1.490217924118042
15800,1,enc,5.928204536437988,2.796987533569336,1.3056640625,1.6083486080169678,1.5309313535690308
15800,2,enc,20.265178680419922,1.5595276355743408,1.306640625,1.7200840711593628,1.6990591287612915
15800,0,fcst,8.073739051818848,1.7016205787658691,1.318359375,6.888684272766113,8.224618911743164
15800,1,fcst,7.16626501083374,1.0877106189727783,0.7744140625,8.899115562438965,9.199137687683105
15800,2,fcst,3.2538979053497314,2.215679407119751,2.591796875,9.272669792175293,9.802454948425293
15800,0,enc,4.198716640472412,2.2414629459381104,3.1328125,1.4727451801300049,1.4764111042022705
15800,1,enc,6.033358573913574,2.7770655155181885,1.1494140625,1.5612432956695557,1.4976739883422852
15800,2,enc,20.21357536315918,1.5314819812774658,1.25,1.4216946363449097,1.5100089311599731
16000,0,enc,4.172059535980225,2.2204067707061768,3.529296875,1.4015076160430908,1.4116716384887695
16000,1,enc,5.879284381866455,2.735231637954712,1.3291015625,1.5643118619918823,1.7163498401641846
16000,2,enc,20.45443344116211,1.5840686559677124,1.2626953125,1.9623022079467773,1.7503880262374878
16000,0,fcst,8.182455062866211,1.9315935373306274,1.310546875,6.510034084320068,8.20165729522705
16000,1,fcst,7.258573055267334,1.1036875247955322,1.01953125,9.653122901916504,10.117532730102539
16000,2,fcst,3.325080394744873,2.278003692626953,2.37109375,10.055731773376465,10.85922622680664
16000,0,enc,4.1453857421875,2.225205898284912,2.8125,1.408258318901062,1.4167956113815308
16000,1,enc,5.955811500549316,2.732799530029297,1.1298828125,1.627907633781433,1.388713002204895
16000,2,enc,20.499074935913086,1.541270136833191,1.125,1.6013437509536743,1.6936289072036743
16200,0,enc,4.2661213874816895,2.185565948486328,3.298828125,1.3261661529541016,1.3200032711029053
16200,1,enc,5.679833889007568,2.5550150871276855,1.384765625,1.5663433074951172,1.6323829889297485
16200,2,enc,20.34267234802246,1.7243013381958008,1.267578125,1.8460181951522827,1.8460181951522827
16200,0,fcst,8.147699356079102,1.5382347106933594,1.1923828125,6.827216148376465,9.2642822265625
16200,1,fcst,7.245624542236328,1.0858770608901978,0.7607421875,9.690467834472656,10.097640037536621
16200,2,fcst,3.2977187633514404,2.416529893875122,2.623046875,9.926755905151367,10.240883827209473
16200,0,enc,4.275209903717041,2.1913161277770996,2.71484375,1.3322477340698242,1.3274221420288086
16200,1,enc,5.770916938781738,2.546039342880249,1.1044921875,1.4356818199157715,1.370202660560608
16200,2,enc,20.464967727661133,1.48124361038208,1.1240234375,1.5035467147827148,1.4881259202957153
16400,0,enc,4.185409069061279,2.1540939807891846,3.181640625,1.3139477968215942,1.3187458515167236
16400,1,enc,5.875544548034668,2.5838394165039062,1.2666015625,1.8845733404159546,1.505944848060608
16400,2,enc,20.272459030151367,1.5664451122283936,1.2802734375,1.7110177278518677,1.692622423171997
16400,0,fcst,8.312043190002441,1.545106053352356,1.2587890625,6.367517471313477,7.812150478363037
16400,1,fcst,7.1888556480407715,1.1357516050338745,0.630859375,8.742213249206543,9.085061073303223
16400,2,fcst,3.3290841579437256,2.3443126678466797,2.15625,9.666130065917969,10.433274269104004
16400,0,enc,4.180342197418213,2.159162998199463,2.865234375,1.3303855657577515,1.336077094078064
16400,1,enc,5.854343414306641,2.591883420944214,1.05859375,1.4896132946014404,1.513465404510498
16400,2,enc,20.3531494140625,1.4815014600753784,1.0810546875,1.5260618925094604,1.6371551752090454
16600,0,enc,4.143283843994141,2.0873281955718994,3.16796875,1.317110300064087,1.3227475881576538
16600,1,enc,5.69694709777832,2.4748618602752686,1.2548828125,1.8579307794570923,1.5256248712539673
16600,2,enc,20.194400787353516,1.6919727325439453,1.2626953125,1.7353334426879883,1.7996238470077515
16600,0,fcst,8.344346046447754,1.4234710931777954,1.1962890625,6.606230735778809,8.463945388793945
16600,1,fcst,7.144999980926514,0.9895001649856567,0.60009765625,9.737787246704102,9.578824996948242
16600,2,fcst,3.2161269187927246,2.245652437210083,2.37890625,9.839887619018555,9.839887619018555
16600,0,enc,4.115865230560303,2.085542678833008,2.73828125,1.315629243850708,1.3205158710479736
16600,1,enc,5.784974575042725,2.5073349475860596,1.0146484375,1.6379390954971313,1.4172112941741943
16600,2,enc,20.22999382019043,1.471736192703247,1.099609375,1.685685396194458,1.705369234085083
16800,0,enc,4.366607189178467,2.075411081314087,3.21484375,1.3765108585357666,1.4214733839035034
16800,1,enc,5.705801963806152,2.365232229232788,1.224609375,1.5402867794036865,1.458071231842041
16800,2,enc,20.163156509399414,1.7340325117111206,1.3505859375,1.732467770576477,1.7184908390045166
16800,0,fcst,8.229816436767578,1.525632381439209,1.2880859375,6.416372299194336,8.167950630187988
16800,1,fcst,7.0796589851379395,1.0351344347000122,0.52685546875,9.046613693237305,10.00418758392334
16800,2,fcst,3.254450559616089,1.8999601602554321,2.43359375,9.848184585571289,10.144950866699219
16800,0,enc,4.136713027954102,2.0715250968933105,2.693359375,1.390303373336792,1.431502103805542
16800,1,enc,5.674665927886963,2.3828208446502686,1.0009765625,1.4213826656341553,1.4599568843841553
16800,2,enc,20.193836212158203,1.39310884475708,1.130859375,1.624137282371521,1.6311715841293335
17000,0,enc,4.3943772315979,2.0351171493530273,2.96484375,1.4143931865692139,1.4866859912872314
17000,1,enc,5.745784759521484,2.2765026092529297,1.220703125,1.6428978443145752,1.5663866996765137
17000,2,enc,20.195514678955078,1.493727207183838,1.1767578125,1.7100120782852173,1.7975636720657349
17000,0,fcst,8.167930603027344,1.3981529474258423,1.1640625,6.836623668670654,8.288752555847168
17000,1,fcst,7.260112285614014,0.9979890584945679,0.5849609375,10.387636184692383,10.717496871948242
17000,2,fcst,3.266352653503418,1.8232425451278687,2.3515625,10.726493835449219,11.318942070007324
17000,0,enc,4.392817497253418,2.038398265838623,2.400390625,1.4170430898666382,1.4635823965072632
17000,1,enc,5.756407260894775,2.2857160568237305,0.95263671875,1.665163278579712,1.6066007614135742
17000,2,enc,20.194122314453125,1.426498532295227,1.0634765625,1.5738695859909058,1.6634879112243652
17200,0,enc,4.532654762268066,2.007377862930298,2.86328125,1.2691491842269897,1.3240808248519897
17200,1,enc,5.686490535736084,2.163526773452759,1.185546875,1.6848983764648438,1.6848983764648438
17200,2,enc,19.994295120239258,1.5337342023849487,1.099609375,1.6072651147842407,1.5765620470046997
17200,0,fcst,8.17560863494873,1.435409665107727,1.1591796875,6.405564308166504,7.951162815093994
17200,1,fcst,7.174841403961182,1.0615440607070923,0.64404296875,8.595849990844727,9.362946510314941
17200,2,fcst,3.195235252380371,1.9096322059631348,2.439453125,9.43993091583252,10.212259292602539
17200,0,enc,4.489359378814697,2.0096404552459717,2.689453125,1.272565245628357,1.326093077659607
17200,1,enc,5.649216651916504,2.2065956592559814,0.9814453125,1.5073832273483276,1.4732121229171753
17200,2,enc,19.989789962768555,1.3825780153274536,1.1865234375,1.482237458229065,1.562864899635315
17400,0,enc,4.631965160369873,1.973939299583435,3.068359375,1.2185553312301636,1.245688796043396
17400,1,enc,5.7845282554626465,2.0622785091400146,1.1416015625,1.6702905893325806,1.4294888973236084
17400,2,enc,20.064041137695312,1.9178740978240967,1.107421875,1.7261476516723633,1.7832155227661133
17400,0,fcst,8.283355712890625,1.5771173238754272,1.1904296875,6.145193576812744,7.5819807052612305
17400,1,fcst,7.0516510009765625,0.912643551826477,0.486083984375,8.516558647155762,9.34842300415039
17400,2,fcst,3.274968147277832,1.727826476097107,2.134765625,9.313611030578613,9.836614608764648
17400,0,enc,4.645656108856201,1.9796912670135498,2.74609375,1.2220431566238403,1.2349390983581543
17400,1,enc,5.816978931427002,2.0787196159362793,0.890625,1.5978176593780518,1.4300427436828613
17400,2,enc,19.978893280029297,1.6215089559555054,1.17578125,1.4413971900939941,1.4830763339996338
17600,0,enc,4.448830604553223,1.9200180768966675,3.1328125,1.1555767059326172,1.1734803915023804
17600,1,enc,5.754605293273926,1.9912738800048828,1.0263671875,1.5210981369018555,1.3710527420043945
17600,2,enc,20.019704818725586,1.3705999851226807,1.1904296875,1.6594007015228271,1.7512009143829346
17600,0,fcst,8.438604354858398,1.4671016931533813,1.1376953125,6.620672702789307,7.983520030975342
17600,1,fcst,7.135074138641357,0.9789780974388123,0.6171875,9.496199607849121,10.226993560791016
17600,2,fcst,3.2972090244293213,1.78866446018219,2.09375,10.199848175048828,10.837326049804688
17600,0,enc,4.367236137390137,1.9243046045303345,2.65234375,1.1627051830291748,1.1711268424987793
17600,1,enc,5.731047630310059,2.022566080093384,0.7744140625,1.334669589996338,1.2852423191070557
17600,2,enc,19.997488021850586,1.3818585872650146,1.1484375,1.4931080341339111,1.5813648700714111
17800,0,enc,4.440441608428955,1.8916321992874146,3.44140625,1.1727124452590942,1.3168084621429443
17800,1,enc,5.72282600402832,1.9058914184570312,0.87353515625,1.3425467014312744,1.3941755294799805
17800,2,enc,19.977893829345703,1.4871795177459717,1.1142578125,1.612823247909546,1.7335978746414185
17800,0,fcst,8.108912467956543,1.2674479484558105,1.052734375,6.502737998962402,7.725625514984131
17800,1,fcst,7.146549701690674,0.8664862513542175,0.560546875,7.991672039031982,8.541714668273926
17800,2,fcst,3.438056230545044,1.6292529106140137,2.07421875,8.518387794494629,9.346439361572266
17800,0,enc,4.480005741119385,1.8929404020309448,2.80859375,1.1581289768218994,1.1581339836120605
17800,1,enc,5.684017658233643,1.877112627029419,0.865234375,1.4554154872894287,1.3192076683044434
17800,2,enc,20.022005081176758,1.4683746099472046,1.0146484375,1.5521377325057983,1.7231366634368896
18000,0,enc,4.692429065704346,1.8095746040344238,3.33203125,1.126845121383667,1.1841557025909424
18000,1,enc,5.593714237213135,1.7437195777893066,1.0107421875,1.3740339279174805,1.4942731857299805
18000,2,enc,19.83649444580078,1.5069657564163208,1.029296875,1.5677253007888794,1.6200318336486816
18000,0,fcst,8.086067199707031,1.5639666318893433,1.0361328125,6.1844868659973145,7.950406551361084
18000,1,fcst,7.128648281097412,0.8830702304840088,0.6181640625,8.788015365600586,9.46413516998291
18000,2,fcst,3.3623242378234863,1.6649086475372314,1.921875,9.46413516998291,9.774937629699707
18000,0,enc,4.645665168762207,1.8135321140289307,2.658203125,1.1327221393585205,1.2198293209075928
18000,1,enc,5.646526336669922,1.7794784307479858,0.65478515625,1.431832194328308,1.385057806968689
18000,2,enc,19.826860427856445,1.6007673740386963,0.9951171875,1.4056235551834106,1.4753257036209106
18200,0,enc,4.4825849533081055,1.7919377088546753,3.576171875,1.076960563659668,1.3124103546142578
18200,1,enc,5.538659572601318,1.8092621564865112,1.08203125,1.488097906112671,1.4800841808319092
18200,2,enc,19.988801956176758,1.2664203643798828,1.2060546875,1.4981499910354614,1.5061014890670776
18200,0,fcst,8.04855728149414,1.2976375818252563,1.033203125,6.122034072875977,7.033454418182373
18200,1,fcst,7.2333221435546875,1.072676181793213,0.5126953125,8.034502029418945,8.616135597229004
18200,2,fcst,3.5032875537872314,1.6073435544967651,2.0234375,8.55319881439209,9.463678359985352
18200,0,enc,4.5069780349731445,1.8001539707183838,2.7421875,1.0434510707855225,1.2388942241668701
18200,1,enc,5.4767537117004395,1.796537160873413,0.7353515625,1.405288577079773,1.3596642017364502
18200,2,enc,19.980911254882812,1.3088446855545044,1.0107421875,1.4523688554763794,1.4695428609848022
18400,0,enc,4.606917381286621,1.723814845085144,3.2734375,1.235581874847412,1.499366044998169
18400,1,enc,5.540101051330566,1.7078611850738525,1.087890625,1.425333023071289,1.6526551246643066
18400,2,enc,19.802780151367188,1.3044512271881104,1.087890625,1.6701501607894897,1.7284048795700073
18400,0,fcst,8.102386474609375,1.227285623550415,0.9619140625,6.34985876083374,8.597358703613281
18400,1,fcst,7.36396598815918,0.9105697274208069,0.47900390625,9.4865083694458,9.97370433807373
18400,2,fcst,3.384852409362793,1.5449819564819336,1.8310546875,9.963521957397461,10.373678207397461
18400,0,enc,4.58980131149292,1.7269948720932007,2.64453125,1.240508794784546,1.3334789276123047
18400,1,enc,5.515750408172607,1.6811634302139282,0.63671875,1.3590452671051025,1.5335530042648315
18400,2,enc,19.87250518798828,1.5271011590957642,0.94921875,1.5768808126449585,1.6300729513168335
18600,0,enc,4.6400651931762695,1.6688247919082642,3.6953125,1.212066888809204,1.2466704845428467
18600,1,enc,5.465347766876221,1.7676106691360474,0.845703125,1.290877103805542,1.3165937662124634
18600,2,enc,19.778989791870117,1.3487080335617065,1.138671875,1.4423770904541016,1.3904142379760742
18600,0,fcst,8.028939247131348,1.2909774780273438,1.16796875,6.149787425994873,8.168705940246582
18600,1,fcst,7.406179428100586,0.877249002456665,0.56689453125,8.469375610351562,9.029813766479492
18600,2,fcst,3.3996901512145996,1.5864527225494385,1.9462890625,9.113226890563965,10.01491928100586
18600,0,enc,4.496033668518066,1.673643708229065,2.685546875,1.2354233264923096,1.2696945667266846
18600,1,enc,5.543992042541504,1.7901594638824463,0.697265625,1.4197803735733032,1.3324674367904663
18600,2,enc,19.780364990234375,1.2906242609024048,0.92578125,1.3548855781555176,1.4311883449554443
18800,0,enc,5.067794322967529,1.6041936874389648,3.52734375,1.2484205961227417,1.2733262777328491
18800,1,enc,5.510670185089111,1.8917319774627686,0.86767578125,1.2847387790679932,1.403975009918213
18800,2,enc,19.799375534057617,1.500529408454895,1.0009765625,1.5497946739196777,1.447296142578125
18800,0,fcst,7.9623823165893555,1.2023274898529053,1.00390625,6.035306453704834,7.423501968383789
18800,1,fcst,7.38747501373291,0.8428407907485962,0.460693359375,8.812344551086426,9.036728858947754
18800,2,fcst,3.3054120540618896,1.4719904661178589,1.6552734375,9.052162170410156,9.998342514038086
18800,0,enc,4.971959114074707,1.606820821762085,2.78515625,1.2371715307235718,1.2550395727157593
18800,1,enc,5.488293170928955,1.9038821458816528,0.60986328125,1.3277950286865234,1.3183985948562622
18800,2,enc,19.785615921020508,1.2930010557174683,0.97900390625,1.374220371246338,1.4002370834350586
19000,0,enc,4.968050003051758,1.5733197927474976,3.095703125,1.122468113899231,1.1270118951797485
19000,1,enc,5.662387371063232,1.8066880702972412,0.8134765625,1.2573760747909546,1.2682901620864868
19000,2,enc,19.81729507446289,1.230460524559021,1.1328125,1.5801854133605957,1.3687257766723633
19000,0,fcst,7.905721664428711,1.184448480606079,1.0380859375,6.246236801147461,7.927945137023926
19000,1,fcst,7.475203514099121,0.85120689868927,0.451416015625,9.343574523925781,9.459473609924316
19000,2,fcst,3.264934539794922,1.5260788202285767,1.72265625,9.650057792663574,9.789896011352539
19000,0,enc,4.976573467254639,1.574289083480835,2.482421875,1.1132798194885254,1.1093354225158691
19000,1,enc,5.599841117858887,1.785504698753357,0.6494140625,1.3289306163787842,1.2531569004058838
19000,2,enc,19.81621551513672,1.312687635421753,0.91259765625,1.3902156352996826,1.3900091648101807
19200,0,enc,5.1547698974609375,1.5752402544021606,2.900390625,1.3007395267486572,1.3345801830291748
19200,1,enc,5.759087562561035,1.8148447275161743,0.71435546875,1.4014047384262085,1.325994849205017
19200,2,enc,19.74444007873535,1.2271380424499512,1.0927734375,1.4512803554534912,1.382086992263794
19200,0,fcst,8.012864112854004,1.1900296211242676,0.9765625,6.214114665985107,7.612213134765625
19200,1,fcst,7.514312267303467,0.8606679439544678,0.53662109375,8.336038589477539,8.684346199035645
19200,2,fcst,3.2240402698516846,1.5260967016220093,1.85546875,8.7415132522583,9.505675315856934
19200,0,enc,5.252220153808594,1.578370451927185,2.466796875,1.3130978345870972,1.3473995923995972
19200,1,enc,5.79109001159668,1.8283443450927734,0.63427734375,1.3463164567947388,1.3519355058670044
19200,2,enc,19.74734115600586,1.2500687837600708,0.88037109375,1.384586215019226,1.448062777519226
19400,0,enc,5.045041084289551,1.5230087041854858,2.955078125,1.0168477296829224,1.0622260570526123
19400,1,enc,5.862637996673584,1.785685658454895,0.74072265625,1.2945678234100342,1.6157313585281372
19400,2,enc,19.837791442871094,1.1847597360610962,1.1591796875,1.9231300354003906,1.5292497873306274
19400,0,fcst,8.150673866271973,1.0847082138061523,1.126953125,6.1123857498168945,7.587520122528076
19400,1,fcst,7.603107929229736,0.7552903294563293,0.57763671875,8.85729694366455,9.687479972839355
19400,2,fcst,3.178769111633301,1.4386693239212036,1.7509765625,9.687479972839355,10.566386222839355
19400,0,enc,4.98696756362915,1.5246849060058594,2.265625,1.0214508771896362,1.0277985334396362
19400,1,enc,5.824670314788818,1.7880192995071411,0.64697265625,1.4491283893585205,1.3614330291748047
19400,2,enc,19.841693878173828,1.2279154062271118,0.91552734375,1.4045097827911377,1.4474480152130127
19600,0,enc,5.153505325317383,1.4977542161941528,2.802734375,1.2701895236968994,1.316542387008667
19600,1,enc,5.932319164276123,1.6587486267089844,0.8330078125,1.5498719215393066,1.3558260202407837
19600,2,enc,19.839595794677734,1.195430874824524,0.98486328125,1.5064760446548462,1.4934707880020142
19600,0,fcst,8.178500175476074,1.1457220315933228,1.025390625,6.419956207275391,8.122812271118164
19600,1,fcst,7.694778919219971,0.7795702219009399,0.5703125,9.144174575805664,9.643577575683594
19600,2,fcst,3.141887903213501,1.6879278421401978,1.4423828125,9.418843269348145,9.81380844116211
19600,0,enc,5.131402492523193,1.496772289276123,2.2890625,1.2088181972503662,1.2838304042816162
19600,1,enc,5.930389881134033,1.6568957567214966,0.63037109375,1.4589083194732666,1.281455397605896
19600,2,enc,19.824935913085938,1.1646476984024048,0.9111328125,1.3295387029647827,1.4111427068710327
19800,0,enc,5.274933815002441,1.49962317943573,2.791015625,1.1331381797790527,1.256022334098816
19800,1,enc,6.0879435539245605,1.6928353309631348,0.82958984375,1.323664665222168,1.4337992668151855
19800,2,enc,19.90074920654297,1.1942588090896606,0.970703125,1.3757692575454712,1.4460328817367554
19800,0,fcst,8.249128341674805,1.0943242311477661,1.1025390625,6.065667152404785,8.38337516784668
19800,1,fcst,7.584178447723389,0.7371788024902344,0.493896484375,9.90970230102539,10.29327392578125
19800,2,fcst,3.1028361320495605,1.461502194404602,1.537109375,10.279082298278809,10.170100212097168
19800,0,enc,5.270156383514404,1.502129316329956,2.140625,1.1169520616531372,1.213504433631897
19800,1,enc,6.047459602355957,1.692478060722351,0.63134765625,1.3607805967330933,1.2961360216140747
19800,2,enc,19.92222785949707,1.2000731229782104,0.892578125,1.3865838050842285,1.401684045791626
20000,0,enc,5.311982154846191,1.4622236490249634,3.05078125,1.271906852722168,1.3142584562301636
20000,1,enc,6.142765045166016,1.6924161911010742,0.92041015625,1.5044373273849487,1.3831124305725098
20000,2,enc,19.577543258666992,1.2289315462112427,1.001953125,1.5242865085601807,1.4942200183868408
20000,0,fcst,8.290112495422363,1.073175072669983,0.99609375,6.220015048980713,8.616586685180664
20000,1,fcst,7.6264262199401855,0.7375229597091675,0.6201171875,9.384737014770508,10.053139686584473
20000,2,fcst,3.1837098598480225,1.4095444679260254,1.4560546875,10.249329566955566,10.714552879333496
20000,0,enc,5.34417724609375,1.4660248756408691,2.2265625,1.2736297845840454,1.3071380853652954
20000,1,enc,6.066996097564697,1.706576943397522,0.65380859375,1.4078752994537354,1.3826568126678467
20000,2,enc,19.548437118530273,1.1309401988983154,0.8798828125,1.4700037240982056,1.5414758920669556
20200,0,enc,5.174497604370117,1.4437355995178223,2.93359375,1.0038492679595947,1.0155911445617676
20200,1,enc,6.118275165557861,1.5768107175827026,0.748046875,1.2007534503936768,1.2007534503936768
20200,2,enc,19.653594970703125,1.2688900232315063,0.98779296875,1.2997004985809326,1.481006383895874
20200,0,fcst,8.330731391906738,1.089771032333374,0.92431640625,6.01737642288208,7.910432815551758
20200,1,fcst,7.708559989929199,0.7304196357727051,0.405517578125,8.649311065673828,8.918001174926758
20200,2,fcst,3.26665997505188,1.3518317937850952,1.591796875,8.929688453674316,9.594836235046387
20200,0,enc,5.164555549621582,1.4417283535003662,2.396484375,1.005754828453064,1.0242491960525513
20200,1,enc,6.111165523529053,1.5747239589691162,0.59130859375,1.0833649635314941,1.1705824136734009
20200,2,enc,19.643890380859375,1.225746989250183,0.9189453125,1.232432246208191,1.284403681755066
20400,0,enc,5.297183036804199,1.3983941078186035,2.962890625,1.0211228132247925,1.0865181684494019
20400,1,enc,6.084374904632568,1.6377559900283813,0.75048828125,1.2649798393249512,1.2640514373779297
20400,2,enc,19.577613830566406,1.2043980360031128,1.0,1.3079783916473389,1.5827722549438477
20400,0,fcst,8.643414497375488,1.0178781747817993,0.9423828125,6.019999027252197,8.141020774841309
20400,1,fcst,7.74218225479126,0.7529505491256714,0.46337890625,8.96973705291748,9.689697265625
20400,2,fcst,3.2469773292541504,1.3811886310577393,1.5009765625,9.680004119873047,10.251835823059082
20400,0,enc,5.320875644683838,1.3964769840240479,2.068359375,1.0389649868011475,1.0940964221954346
20400,1,enc,6.1194305419921875,1.6584287881851196,0.666015625,1.218157172203064,1.1446595191955566
20400,2,enc,19.59408950805664,1.083046317100525,0.80419921875,1.2182238101959229,1.3318777084350586
20600,0,enc,5.213553428649902,1.3834009170532227,2.583984375,1.4131898880004883,1.4190391302108765
20600,1,enc,5.926451683044434,1.528486728668213,0.72509765625,1.4162886142730713,1.458199381828308
20600,2,enc,19.627155303955078,1.2434991598129272,1.0712890625,1.550230860710144,1.6029571294784546
20600,0,fcst,8.630151748657227,1.0053582191467285,0.931640625,6.682524681091309,7.546721458435059
20600,1,fcst,7.555063724517822,0.6939045190811157,0.5126953125,8.420022964477539,8.979357719421387
20600,2,fcst,3.2155253887176514,1.385657548904419,1.26953125,8.979357719421387,9.455431938171387
20600,0,enc,5.448052406311035,1.3826439380645752,2.2578125,1.4049999713897705,1.4331066608428955
20600,1,enc,5.972588062286377,1.523080825805664,0.55615234375,1.4295156002044678,1.4773061275482178
20600,2,enc,19.664121627807617,1.1738413572311401,0.8212890625,1.5192383527755737,1.5987061262130737
20800,0,enc,5.041864395141602,1.3606152534484863,3.03125,0.9389469027519226,1.0665817260742188
20800,1,enc,5.882078647613525,1.400897741317749,0.73046875,1.179150938987732,1.4926576614379883
20800,2,enc,19.564176559448242,1.1090167760849,1.0146484375,1.6207088232040405,1.888720989227295
20800,0,fcst,8.62662410736084,1.069225549697876,0.98095703125,6.118714809417725,7.356867790222168
20800,1,fcst,7.613912582397461,0.6892346143722534,0.56103515625,8.243795394897461,9.014737129211426
20800,2,fcst,3.27929949760437,1.3473504781723022,1.2685546875,8.953178405761719,9.657388687133789
20800,0,enc,5.020031452178955,1.3659993410110474,2.201171875,0.9865597486495972,1.0545306205749512
20800,1,enc,5.792599201202393,1.4064967632293701,0.53271484375,1.2083015441894531,1.1859710216522217
20800,2,enc,19.596158981323242,1.0690768957138062,0.94189453125,1.2290550470352173,1.2701011896133423
21000,0,enc,5.168395519256592,1.2991210222244263,3.244140625,1.0846672058105469,1.106351613998413
21000,1,enc,5.7740960121154785,1.3395041227340698,0.75830078125,1.274677038192749,1.278749704360962
21000,2,enc,19.72698974609375,1.1037981510162354,0.98779296875,1.3513871431350708,1.372041940689087
21000,0,fcst,8.591886520385742,0.9970877766609192,0.9296875,5.914133548736572,7.518148899078369
21000,1,fcst,7.553595066070557,0.690334141254425,0.35693359375,8.458531379699707,9.367277145385742
21000,2,fcst,3.2695653438568115,1.2990479469299316,1.3974609375,9.291496276855469,9.712555885314941
21000,0,enc,5.191202163696289,1.302863597869873,2.439453125,1.0926707983016968,1.1236779689788818
21000,1,enc,5.905763149261475,1.3326383829116821,0.56298828125,1.208457350730896,1.304038405418396
21000,2,enc,19.704647064208984,1.0853217840194702,0.83447265625,1.3752907514572144,1.4102028608322144
21200,0,enc,5.344221591949463,1.2780696153640747,3.591796875,0.9046475887298584,0.9637042880058289
21200,1,enc,5.792975425720215,1.3873214721679688,0.68896484375,1.1549400091171265,1.3098832368850708
21200,2,enc,19.680110931396484,1.2375024557113647,0.98046875,1.5725740194320679,1.675460696220398
21200,0,fcst,8.613728523254395,0.9379895329475403,0.87890625,5.804760456085205,7.70471715927124
21200,1,fcst,7.519829750061035,0.6431766748428345,0.3798828125,8.978623390197754,9.310383796691895
21200,2,fcst,3.238504409790039,1.2947057485580444,1.1943359375,9.2819242477417,9.724272727966309
21200,0,enc,5.277888774871826,1.281615138053894,2.38671875,0.8787606358528137,0.9932469725608826
21200,1,enc,5.788942813873291,1.4306280612945557,0.5673828125,1.096379280090332,1.1707929372787476
21200,2,enc,19.71344757080078,1.0816240310668945,0.8779296875,1.1844218969345093,1.2010207176208496
21400,0,enc,5.321163654327393,1.2205747365951538,2.955078125,1.011980414390564,1.0390223264694214
21400,1,enc,5.456954002380371,1.3282004594802856,0.65966796875,1.3231066465377808,1.342221975326538
21400,2,enc,19.853900909423828,1.11232328414917,0.923828125,1.3926647901535034,1.362993836402893
21400,0,fcst,8.630470275878906,0.9834480285644531,0.91357421875,6.627988815307617,7.279417991638184
21400,1,fcst,7.590862274169922,0.6782337427139282,0.398193359375,9.020604133605957,9.420181274414062
21400,2,fcst,3.2696197032928467,1.3336783647537231,1.2998046875,9.420181274414062,10.257338523864746
21400,0,enc,5.329427242279053,1.2238398790359497,2.54296875,1.011315107345581,1.0335471630096436
21400,1,enc,5.729314804077148,1.311528205871582,0.53369140625,1.2123675346374512,1.2019312381744385
21400,2,enc,19.824962615966797,1.080397367477417,1.12109375,1.2763645648956299,1.4049991369247437
21600,0,enc,5.468911170959473,1.1826837062835693,3.16796875,1.1153141260147095,1.0991652011871338
21600,1,enc,5.422876358032227,1.3074884414672852,0.662109375,1.1506787538528442,1.1803408861160278
21600,2,enc,19.703731536865234,1.0378881692886353,0.8564453125,1.3798264265060425,1.3798264265060425
21600,0,fcst,8.738393783569336,1.0230257511138916,0.861328125,6.177077770233154,7.9696125984191895
21600,1,fcst,7.461668491363525,0.6739178895950317,0.351806640625,8.581270217895508,9.168978691101074
21600,2,fcst,3.3349428176879883,1.323514699935913,1.29296875,9.168596267700195,9.38886547088623
21600,0,enc,5.679388046264648,1.185380220413208,2.208984375,1.1278612613677979,1.1146471500396729
21600,1,enc,5.439467430114746,1.3335434198379517,0.5478515625,1.1057353019714355,1.1678359508514404
21600,2,enc,19.70085906982422,1.0802686214447021,0.97265625,1.2462482452392578,1.262189507484436
21800,0,enc,5.234842300415039,1.1465744972229004,2.9765625,1.1006399393081665,1.1290212869644165
21800,1,enc,5.61843204498291,1.2487244606018066,0.69482421875,1.128861665725708,1.2519207000732422
21800,2,enc,19.615447998046875,1.199832797050476,0.9541015625,1.4453448057174683,1.497055172920227
21800,0,fcst,8.713191986083984,0.9455974102020264,0.85107421875,6.290030479431152,7.763038158416748
21800,1,fcst,7.439095497131348,0.6532827615737915,0.3046875,8.608497619628906,8.976006507873535
21800,2,fcst,3.290153980255127,1.5340365171432495,1.330078125,8.98140811920166,9.927045822143555
21800,0,enc,5.296660900115967,1.1511610746383667,2.2890625,1.103579044342041,1.1301751136779785
21800,1,enc,5.659579753875732,1.2402946949005127,0.59423828125,1.131334900856018,1.1849663257598877
21800,2,enc,19.601299285888672,1.1516728401184082,0.82861328125,1.2500535249710083,1.382807731628418
22000,0,enc,5.5656232833862305,1.2067776918411255,2.759765625,0.9069260358810425,0.9381619691848755
22000,1,enc,5.634461402893066,1.2159961462020874,0.68408203125,1.130948543548584,1.265223741531372
22000,2,enc,19.65695571899414,1.1567167043685913,0.9013671875,1.4618511199951172,1.397517442703247
22000,0,fcst,8.811771392822266,0.9364976286888123,0.95556640625,6.02730131149292,7.924984455108643
22000,1,fcst,7.430307865142822,0.6405966877937317,0.349853515625,8.970998764038086,9.666528701782227
22000,2,fcst,3.2373225688934326,1.2874647378921509,1.2578125,9.461810111999512,10.066380500793457
22000,0,enc,5.329875469207764,1.207261562347412,2.046875,0.8841813206672668,0.9078179001808167
22000,1,enc,5.425065517425537,1.2249270677566528,0.59326171875,1.2609069347381592,1.3646056652069092
22000,2,enc,19.6673583984375,1.2115978002548218,0.8720703125,1.3964000940322876,1.3990894556045532
22200,0,enc,5.674249649047852,1.230647325515747,2.689453125,0.8680437803268433,0.8898472785949707
22200,1,enc,5.6124701499938965,1.2733256816864014,0.7275390625,1.188802719116211,1.2455029487609863
22200,2,enc,19.8420467376709,1.2364213466644287,0.9560546875,1.339430332183838,1.2494087219238281
22200,0,fcst,8.858216285705566,1.0322520732879639,0.86669921875,6.1789398193359375,7.492005825042725
22200,1,fcst,7.271953582763672,0.6412490010261536,0.31591796875,8.66795825958252,9.13535213470459
22200,2,fcst,3.1568546295166016,1.3289190530776978,1.2734375,9.127388000488281,9.387126922607422
22200,0,enc,5.604062557220459,1.2336913347244263,1.9482421875,0.8751345872879028,0.9006840586662292
22200,1,enc,5.583448886871338,1.2706236839294434,0.61083984375,1.102658748626709,1.180112361907959
22200,2,enc,19.868696212768555,1.105610966682434,0.892578125,1.186754584312439,1.205919623374939
22400,0,enc,5.502623081207275,1.1765209436416626,2.197265625,0.8829529881477356,0.9092769622802734
22400,1,enc,5.549984455108643,1.257828950881958,0.724609375,1.2926901578903198,1.2685894966125488
22400,2,enc,19.79254722595215,1.0811254978179932,0.951171875,1.3775255680084229,1.3180890083312988
22400,0,fcst,9.011134147644043,0.9483934640884399,0.88720703125,6.3138933181762695,8.07795524597168
22400,1,fcst,7.154169082641602,0.688582181930542,0.38330078125,9.128910064697266,9.751739501953125
22400,2,fcst,3.186896562576294,1.2707295417785645,1.216796875,9.737195014953613,10.382183074951172
22400,0,enc,5.533449172973633,1.180220365524292,1.7763671875,0.8732767105102539,0.9377415180206299
22400,1,enc,5.505440711975098,1.2590525150299072,0.6162109375,1.1387104988098145,1.1139063835144043
22400,2,enc,19.803138732910156,1.083173394203186,0.86865234375,1.3455891609191895,1.1545495986938477
22600,0,enc,5.299152374267578,1.1600819826126099,2.318359375,1.1010615825653076,1.1137263774871826
22600,1,enc,5.467479705810547,1.243162751197815,0.7783203125,1.1824626922607422,1.2842118740081787
22600,2,enc,19.71542739868164,1.2207103967666626,0.92578125,1.4313520193099976,1.321986436843872
22600,0,fcst,8.822456359863281,0.9771775007247925,0.853515625,6.261500835418701,7.636569976806641
22600,1,fcst,7.158618450164795,0.6907046437263489,0.28271484375,8.858564376831055,9.209856033325195
22600,2,fcst,3.1609201431274414,1.2180927991867065,1.162109375,9.160971641540527,9.754783630371094
22600,0,enc,5.288483142852783,1.1603633165359497,1.654296875,1.112136721611023,1.1209944486618042
22600,1,enc,5.345808029174805,1.2577284574508667,0.65234375,1.1181284189224243,1.2330279350280762
22600,2,enc,19.68111228942871,1.0577327013015747,0.8583984375,1.2530158758163452,1.242845892906189
22800,0,enc,5.425186634063721,1.145423412322998,2.171875,1.287119746208191,1.3149585723876953
22800,1,enc,5.3376383781433105,1.2257475852966309,0.71337890625,1.3117228746414185,1.354074478149414
22800,2,enc,19.789060592651367,1.1222096681594849,0.90576171875,1.4935015439987183,1.4149646759033203
22800,0,fcst,8.948090553283691,1.1449689865112305,0.8544921875,6.307076454162598,8.901888847351074
22800,1,fcst,7.268689155578613,0.7006646394729614,0.417724609375,9.038962364196777,9.344138145446777
22800,2,fcst,3.1495132446289062,1.3758121728897095,1.07421875,9.347814559936523,9.768633842468262
22800,0,enc,5.4129319190979,1.1449369192123413,1.666015625,1.3085854053497314,1.3462440967559814
22800,1,enc,5.221412658691406,1.2358496189117432,0.65185546875,1.3398499488830566,1.3577790260314941
22800,2,enc,19.7772274017334,1.0985515117645264,0.82275390625,1.3653020858764648,1.4186646938323975
23000,0,enc,5.380796909332275,1.1110423803329468,2.197265625,0.9016342163085938,0.980708658695221
23000,1,enc,5.2262983322143555,1.203649640083313,0.69287109375,1.0995852947235107,1.2945301532745361
23000,2,enc,19.80268669128418,1.0907150506973267,1.083984375,1.418421983718872,1.426439881324768
23000,0,fcst,8.934621810913086,0.9666908979415894,0.88818359375,6.206494331359863,7.587230682373047
23000,1,fcst,7.318313121795654,0.6240218281745911,0.296142578125,9.157209396362305,9.799053192138672
23000,2,fcst,3.2095842361450195,1.214382290840149,0.9326171875,9.920999526977539,10.746194839477539
23000,0,enc,5.45031213760376,1.1094067096710205,1.8798828125,0.9108925461769104,0.9467201828956604
23000,1,enc,5.297407627105713,1.2123970985412598,0.61962890625,1.1360008716583252,1.1611032485961914
23000,2,enc,19.81014060974121,1.0662894248962402,0.90576171875,1.2178131341934204,1.3120067119598389
23200,0,enc,5.472598552703857,1.0740971565246582,2.087890625,0.9839298725128174,0.9651829600334167
23200,1,enc,5.349186897277832,1.1806882619857788,0.720703125,1.4107797145843506,1.4643549919128418
23200,2,enc,19.806413650512695,1.0907022953033447,0.892578125,1.4818295240402222,1.6400721073150635
23200,0,fcst,8.889363288879395,1.0347806215286255,0.9091796875,6.105319976806641,7.7189412117004395
23200,1,fcst,7.403337478637695,0.600273847579956,0.27001953125,9.17225456237793,9.88731861114502
23200,2,fcst,3.3094594478607178,1.1639865636825562,1.044921875,9.8360595703125,10.15371322631836
23200,0,enc,5.429658889770508,1.0773011445999146,1.6630859375,0.9637715816497803,0.9891774654388428
23200,1,enc,5.556218147277832,1.1798986196517944,0.6728515625,1.1769353151321411,1.197716236114502
23200,2,enc,19.78449249267578,1.2665202617645264,0.9345703125,1.1987885236740112,1.3580783605575562
23400,0,enc,5.422415733337402,1.0708715915679932,2.033203125,0.9206261038780212,0.9486305117607117
23400,1,enc,5.305936336517334,1.1834900379180908,0.708984375,1.1421267986297607,1.2783715724945068
23400,2,enc,19.75130271911621,1.3002506494522095,0.93310546875,1.5395671129226685,1.5610311031341553
23400,0,fcst,8.86214828491211,1.0147134065628052,0.86474609375,6.102847576141357,7.803151607513428
23400,1,fcst,7.43925666809082,0.6198739409446716,0.2978515625,8.650233268737793,9.128206253051758
23400,2,fcst,3.422131061553955,1.4159213304519653,1.1748046875,9.141525268554688,9.735845565795898
23400,0,enc,5.3894829750061035,1.0699379444122314,1.568359375,0.9313501715660095,0.9756006598472595
23400,1,enc,5.450794696807861,1.1920764446258545,0.59765625,1.2534880638122559,1.1163063049316406
23400,2,enc,19.795124053955078,1.0496941804885864,0.88232421875,1.2518746852874756,1.2521836757659912
23600,0,enc,5.466881275177002,1.0174380540847778,1.9296875,0.9433750510215759,0.9607206583023071
23600,1,enc,5.501869201660156,1.1748028993606567,0.697265625,1.1047048568725586,1.2334553003311157
23600,2,enc,19.845090866088867,1.120847463607788,0.91796875,1.3212625980377197,1.391583800315857
23600,0,fcst,8.848407745361328,0.9599232077598572,0.8388671875,6.033267498016357,7.3253936767578125
23600,1,fcst,7.536111831665039,0.6327723264694214,0.32958984375,8.326366424560547,9.214926719665527
23600,2,fcst,3.439079523086548,1.1487640142440796,1.1767578125,9.230029106140137,10.035150527954102
23600,0,enc,5.59561014175415,1.0199620723724365,1.5107421875,0.931557297706604,0.9811298251152039
23600,1,enc,5.559967041015625,1.1761401891708374,0.58251953125,1.0461483001708984,1.149572730064392
23600,2,enc,19.864850997924805,1.011678695678711,0.8291015625,1.1733243465423584,1.3232474327087402
23800,0,enc,5.515652179718018,1.0725350379943848,1.9580078125,1.1709638833999634,1.1857479810714722
23800,1,enc,5.877133846282959,1.1726739406585693,0.65185546875,1.188947081565857,1.2257192134857178
23800,2,enc,19.903181076049805,1.0393257141113281,0.86474609375,1.5906232595443726,1.4554102420806885
23800,0,fcst,8.933760643005371,0.9818292260169983,0.86181640625,6.377769470214844,8.2462158203125
23800,1,fcst,7.705753326416016,0.5829272270202637,0.339111328125,8.568397521972656,9.14527702331543
23800,2,fcst,3.3151540756225586,1.0915310382843018,1.140625,9.2483491897583,9.823978424072266
23800,0,enc,5.461498260498047,1.069656491279602,1.5263671875,1.1632004976272583,1.1755067110061646
23800,1,enc,5.662765979766846,1.1721909046173096,0.55078125,1.2570486068725586,1.1786526441574097
23800,2,enc,19.87995147705078,1.118246078491211,0.76220703125,1.2034162282943726,1.23471200466156
24000,0,enc,5.518547058105469,1.0254848003387451,1.8349609375,1.0149633884429932,1.0723702907562256
24000,1,enc,5.716970443725586,1.150154948234558,0.66015625,1.2576932907104492,1.3455160856246948
24000,2,enc,19.86819076538086,1.1283197402954102,0.94140625,1.6287810802459717,1.5508456230163574
24000,0,fcst,8.933907508850098,0.9893857836723328,0.919921875,6.881610870361328,8.246627807617188
24000,1,fcst,7.580204963684082,0.6121146082878113,0.3369140625,9.617156982421875,10.289426803588867
24000,2,fcst,3.3550522327423096,1.132529377937317,0.99267578125,10.472492218017578,11.070907592773438
24000,0,enc,5.477064609527588,1.0265923738479614,1.376953125,0.997634768486023,1.0037174224853516
24000,1,enc,5.741846561431885,1.1507936716079712,0.5986328125,1.2456214427947998,1.3995883464813232
24000,2,enc,19.904478073120117,1.0822991132736206,0.89990234375,1.3991446495056152,1.5345097780227661
24200,0,enc,5.602632999420166,1.0214828252792358,1.8515625,1.259320616722107,1.259320616722107
24200,1,enc,5.794997215270996,1.1558912992477417,0.61083984375,1.3257458209991455,1.262795329093933
24200,2,enc,19.6674747467041,1.0090649127960205,0.9267578125,1.370700478553772,1.386111855506897
24200,0,fcst,8.7682466506958,1.0033990144729614,0.87158203125,6.861252307891846,8.147059440612793
24200,1,fcst,7.613291263580322,0.6485386490821838,0.2841796875,9.253620147705078,9.319503784179688
24200,2,fcst,3.3945775032043457,1.1045867204666138,1.08984375,9.319503784179688,10.159173965454102
24200,0,enc,5.668059825897217,1.0235729217529297,1.3447265625,1.256760597229004,1.2689523696899414
24200,1,enc,5.707393169403076,1.1710084676742554,0.51904296875,1.3434932231903076,1.28754723072052
24200,2,enc,19.665075302124023,0.9999369382858276,0.859375,1.3928266763687134,1.4402451515197754
24400,0,enc,5.44607400894165,0.999430239200592,1.69921875,1.0859955549240112,1.1138513088226318
24400,1,enc,5.699704170227051,1.1778165102005005,0.58984375,1.2796177864074707,1.2796177864074707
24400,2,enc,19.840890884399414,1.054194450378418,0.87109375,1.3355435132980347,1.33699369430542
24400,0,fcst,8.85046100616455,0.9763357043266296,0.92431640625,6.2019267082214355,7.7695722579956055
24400,1,fcst,7.5952606201171875,0.6264011263847351,0.290283203125,9.1195650100708,9.548709869384766
24400,2,fcst,3.3399438858032227,1.0681394338607788,1.20703125,9.578113555908203,9.879077911376953
24400,0,enc,5.432000637054443,0.9995481371879578,1.349609375,1.0862436294555664,1.111344337463379
24400,1,enc,5.663856506347656,1.1389073133468628,0.51416015625,1.3071346282958984,1.1748511791229248
24400,2,enc,19.832963943481445,1.0319571495056152,0.82080078125,1.240871787071228,1.2326620817184448
24600,0,enc,5.49440336227417,0.9754584431648254,1.783203125,1.0989797115325928,1.1229021549224854
24600,1,enc,5.911386013031006,1.0913180112838745,0.55322265625,1.35849928855896,1.212554693222046
24600,2,enc,19.822158813476562,1.0261327028274536,0.9619140625,1.3945491313934326,1.3944294452667236
24600,0,fcst,8.749969482421875,0.9639332890510559,0.8583984375,6.852888584136963,7.377120018005371
24600,1,fcst,7.537911891937256,0.5769455432891846,0.322998046875,8.358253479003906,9.181467056274414
24600,2,fcst,3.434915065765381,1.1048099994659424,1.0703125,9.181467056274414,9.979536056518555
24600,0,enc,5.535297393798828,0.9742097854614258,1.287109375,1.1136318445205688,1.1314083337783813
24600,1,enc,5.769282341003418,1.09372878074646,0.486572265625,1.2775864601135254,1.2269372940063477
24600,2,enc,19.833547592163086,0.9954432845115662,0.76708984375,1.2234264612197876,1.2555521726608276
24800,0,enc,5.4822916984558105,0.9891337752342224,1.625,1.2635307312011719,1.2743560075759888
24800,1,enc,5.8769612312316895,1.1225495338439941,0.58642578125,1.4216911792755127,1.491339087486267
24800,2,enc,19.893232345581055,0.9567967057228088,0.8720703125,1.4791561365127563,1.4800059795379639
24800,0,fcst,8.727452278137207,0.9409348964691162,0.82470703125,6.312616348266602,7.681387901306152
24800,1,fcst,7.64539098739624,0.6247482895851135,0.375244140625,9.38892936706543,9.8319091796875
24800,2,fcst,3.3557538986206055,1.0936239957809448,0.98828125,9.821500778198242,10.084222793579102
24800,0,enc,5.493003845214844,0.9788314700126648,1.205078125,1.2628518342971802,1.273464322090149
24800,1,enc,5.734798908233643,1.0941475629806519,0.499755859375,1.271164894104004,1.335740089416504
24800,2,enc,19.874134063720703,0.9444230198860168,0.7724609375,1.311506986618042,1.3468728065490723
25000,0,enc,5.475758075714111,0.9133875370025635,1.654296875,1.0436773300170898,1.0436773300170898
25000,1,enc,5.877899169921875,1.0723329782485962,0.58203125,1.4367115497589111,1.2500561475753784
25000,2,enc,19.83027458190918,1.0013288259506226,0.9189453125,1.2666189670562744,1.4823949337005615
25000,0,fcst,8.563919067382812,0.9104076027870178,0.82763671875,6.12946891784668,8.181377410888672
25000,1,fcst,7.649599552154541,0.5495404005050659,0.282470703125,9.440773010253906,10.40617561340332
25000,2,fcst,3.3738629817962646,0.9839617609977722,1.0625,10.45980453491211,11.000983238220215
25000,0,enc,5.5353803634643555,0.9154371023178101,1.2783203125,1.0454288721084595,1.061801552772522
25000,1,enc,5.875833511352539,1.0559216737747192,0.51025390625,1.248584508895874,1.2742910385131836
25000,2,enc,19.834882736206055,1.031532645225525,0.8056640625,1.2690062522888184,1.2925493717193604
25200,0,enc,5.52202844619751,0.8886597156524658,1.5029296875,1.0513460636138916,1.0525836944580078
25200,1,enc,6.0837578773498535,1.0977041721343994,0.5859375,1.2568647861480713,1.2566255331039429
25200,2,enc,19.780458450317383,0.9992018938064575,0.9755859375,1.3483210802078247,1.3885427713394165
25200,0,fcst,8.533526420593262,0.8598582744598389,0.8681640625,6.5657219886779785,8.078948020935059
25200,1,fcst,7.554586410522461,0.5443951487541199,0.284912109375,9.129387855529785,9.43402099609375
25200,2,fcst,3.355835199356079,1.0133094787597656,1.0078125,9.37993335723877,10.03531551361084
25200,0,enc,5.616129398345947,0.8931410312652588,1.3349609375,1.0409371852874756,1.042550802230835
25200,1,enc,5.733879566192627,1.0899808406829834,0.48583984375,1.1435847282409668,1.1781611442565918
25200,2,enc,19.780929565429688,0.9577358961105347,0.94921875,1.1510330438613892,1.1588608026504517
25400,0,enc,5.769761085510254,0.9004921317100525,1.837890625,0.9070529937744141,0.941577136516571
25400,1,enc,5.994509220123291,1.0417283773422241,0.5439453125,1.2248561382293701,1.3403105735778809
25400,2,enc,19.906906127929688,1.019284725189209,0.87939453125,1.4740312099456787,1.4693759679794312
25400,0,fcst,8.285117149353027,0.8880009651184082,0.84228515625,6.7284393310546875,8.540505409240723
25400,1,fcst,7.6360368728637695,0.5542358756065369,0.265380859375,10.759002685546875,11.30913257598877
25400,2,fcst,3.3587162494659424,1.0394119024276733,0.892578125,11.28705883026123,11.450225830078125
25400,0,enc,5.815098285675049,0.9019156694412231,1.4296875,0.896139919757843,0.9486708641052246
25400,1,enc,5.923739433288574,1.015078067779541,0.463623046875,1.2425885200500488,1.0980603694915771
25400,2,enc,19.89482307434082,0.9535781145095825,0.78662109375,1.2294977903366089,1.1513117551803589
25600,0,enc,5.465004920959473,0.8200644254684448,1.6767578125,0.8736240863800049,1.0072910785675049
25600,1,enc,5.97233247756958,1.033311367034912,0.5654296875,1.2105183601379395,1.391466498374939
25600,2,enc,19.827898025512695,0.975766658782959,0.89453125,1.3943126201629639,1.3964260816574097
25600,0,fcst,8.466573715209961,0.9641483426094055,0.8671875,6.701821804046631,8.103967666625977
25600,1,fcst,7.6584391593933105,0.5935758352279663,0.282958984375,8.989352226257324,9.510185241699219
25600,2,fcst,3.3574702739715576,0.9747898578643799,0.76953125,9.75160026550293,9.927142143249512
25600,0,enc,5.5739030838012695,0.8216395378112793,1.3359375,0.8807698488235474,1.0004597902297974
25600,1,enc,6.201775074005127,1.0503593683242798,0.46728515625,1.2164909839630127,1.2707810401916504
25600,2,enc,19.820812225341797,0.9431924223899841,0.78857421875,1.271388053894043,1.280146598815918
25800,0,enc,5.940449237823486,0.8283368945121765,1.7841796875,1.236783742904663,1.2613334655761719
25800,1,enc,5.972476005554199,1.0366454124450684,0.495849609375,1.2613334655761719,1.345778226852417
25800,2,enc,19.708162307739258,0.9889881610870361,0.8212890625,1.464823842048645,1.3845586776733398
25800,0,fcst,8.35896110534668,0.9937998056411743,0.9091796875,6.023412227630615,8.110952377319336
25800,1,fcst,7.619511604309082,0.5537053942680359,0.26806640625,9.280875205993652,9.6613130569458
25800,2,fcst,3.6237759590148926,1.0013457536697388,0.859375,9.721903800964355,9.83902359008789
25800,0,enc,5.808854579925537,0.8260698914527893,1.47265625,1.248534917831421,1.2668302059173584
25800,1,enc,5.810546398162842,1.0520375967025757,0.4404296875,1.265350341796875,1.2905555963516235
25800,2,enc,19.69610023498535,1.0579099655151367,0.7490234375,1.3366892337799072,1.3410770893096924
26000,0,enc,5.740285873413086,0.8115476369857788,1.9853515625,1.084571361541748,1.1298390626907349
26000,1,enc,5.45359992980957,1.0338023900985718,0.47998046875,1.1418472528457642,1.1502370834350586
26000,2,enc,19.621503829956055,0.9039208292961121,0.88623046875,1.3471630811691284,1.3285930156707764
26000,0,fcst,8.3237886428833,1.084946632385254,0.8017578125,6.019552707672119,7.429245471954346
26000,1,fcst,7.538341999053955,0.5376139879226685,0.2763671875,8.763967514038086,9.605981826782227
26000,2,fcst,3.580017566680908,0.9864178895950317,0.9833984375,9.729948043823242,10.192459106445312
26000,0,enc,5.696450710296631,0.8114665746688843,1.5048828125,1.0503592491149902,1.0840201377868652
26000,1,enc,5.443624496459961,1.0634512901306152,0.421630859375,1.1240516901016235,1.1759741306304932
26000,2,enc,19.61896324157715,0.9522140026092529,0.8203125,1.187698245048523,1.2075496912002563
26200,0,enc,5.969419956207275,0.7838459014892578,1.8125,0.924010694026947,0.924010694026947
26200,1,enc,6.030057430267334,1.1102784872055054,0.4765625,1.2029869556427002,1.3642723560333252
26200,2,enc,19.471168518066406,1.0476813316345215,0.86572265625,1.370292067527771,1.4551681280136108
26200,0,fcst,8.432645797729492,1.1658793687820435,0.7705078125,6.210992813110352,7.746650695800781
26200,1,fcst,7.6046528816223145,0.5654448866844177,0.3134765625,8.688868522644043,9.489649772644043
26200,2,fcst,3.5106821060180664,0.9436929225921631,0.94287109375,9.588872909545898,10.147880554199219
26200,0,enc,5.9926958084106445,0.7881340384483337,1.6357421875,0.9291170835494995,0.9386996030807495
26200,1,enc,5.929592609405518,1.1011781692504883,0.428955078125,1.2324392795562744,1.1366922855377197
26200,2,enc,19.495346069335938,1.0495420694351196,0.88671875,1.142659306526184,1.2112008333206177
26400,0,enc,6.221911907196045,0.7904573678970337,1.88671875,0.9687572121620178,0.9855069518089294
26400,1,enc,5.733605861663818,1.0046041011810303,0.5283203125,1.0611138343811035,1.2698062658309937
26400,2,enc,19.704402923583984,0.9883915185928345,0.82080078125,1.5241925716400146,1.5652133226394653
26400,0,fcst,8.553203582763672,1.0201600790023804,0.80810546875,6.562331676483154,7.589649200439453
26400,1,fcst,7.674772262573242,0.5149452090263367,0.265625,8.809304237365723,9.069178581237793
26400,2,fcst,3.521228790283203,0.9376141428947449,0.9296875,9.232402801513672,9.439651489257812
26400,0,enc,6.170889854431152,0.788349449634552,1.4716796875,0.9901664853096008,0.9967623949050903
26400,1,enc,5.75814962387085,0.9802765846252441,0.41552734375,1.1512404680252075,1.0294220447540283
26400,2,enc,19.67125701904297,1.028733491897583,0.810546875,1.0876253843307495,1.1369348764419556
26600,0,enc,6.274518013000488,0.7467189431190491,1.779296875,0.8983874320983887,0.9516900181770325
26600,1,enc,6.097846508026123,1.0599839687347412,0.51953125,1.1477124691009521,1.1584134101867676
26600,2,enc,19.564659118652344,0.941904604434967,0.8798828125,1.3621689081192017,1.4401845932006836
26600,0,fcst,8.417630195617676,0.9964196681976318,0.8779296875,6.502816200256348,8.066662788391113
26600,1,fcst,7.672157287597656,0.5180149078369141,0.271240234375,9.356352806091309,9.625585556030273
26600,2,fcst,3.441709518432617,0.8877955675125122,0.958984375,9.621353149414062,10.059992790222168
26600,0,enc,6.2440643310546875,0.7477778792381287,1.3779296875,0.9344550371170044,0.9771796464920044
26600,1,enc,6.047749042510986,1.0554777383804321,0.436767578125,1.066381812095642,1.0518410205841064
26600,2,enc,19.56783676147461,1.0090489387512207,0.76171875,1.1264522075653076,1.214662790298462
26800,0,enc,6.319979667663574,0.776438295841217,1.798828125,0.9117187857627869,0.8705886602401733
26800,1,enc,6.4311323165893555,1.065314531326294,0.478271484375,1.1665866374969482,1.248270034790039
26800,2,enc,19.526107788085938,0.9654144644737244,0.876953125,1.621673345565796,1.4468414783477783
26800,0,fcst,8.316116333007812,0.9920707941055298,0.8017578125,6.430548191070557,8.239632606506348
26800,1,fcst,7.557273864746094,0.5187260508537292,0.2357177734375,9.16263198852539,10.131056785583496
26800,2,fcst,3.469987392425537,0.9285333156585693,0.7578125,10.09488582611084,10.775224685668945
26800,0,enc,6.388499736785889,0.7739102244377136,1.388671875,0.9007747173309326,0.906660795211792
26800,1,enc,6.367897987365723,1.059917688369751,0.38330078125,1.098865032196045,1.0874996185302734
26800,2,enc,19.550500869750977,0.9860995411872864,0.75439453125,1.0573482513427734,1.0846004486083984
27000,0,enc,6.504657745361328,0.7588043212890625,1.62890625,1.1286767721176147,1.1556316614151
27000,1,enc,6.51263952255249,1.1339701414108276,0.449951171875,1.1889216899871826,1.2331886291503906
27000,2,enc,19.530399322509766,0.8696033358573914,0.8505859375,1.2449158430099487,1.3812295198440552
27000,0,fcst,8.386954307556152,1.046852946281433,0.822265625,6.031635284423828,7.865818023681641
27000,1,fcst,7.579589366912842,0.4796564280986786,0.33740234375,8.854669570922852,9.235898971557617
27000,2,fcst,3.5263566970825195,0.8841956853866577,0.79296875,9.39462661743164,9.740763664245605
27000,0,enc,6.564469337463379,0.7623986005783081,1.388671875,1.1378707885742188,1.1544113159179688
27000,1,enc,6.471541881561279,1.1231074333190918,0.3818359375,1.2021729946136475,1.2018054723739624
27000,2,enc,19.54170036315918,0.9264799356460571,0.75537109375,1.2240678071975708,1.2520829439163208
27200,0,enc,6.438170433044434,0.7549504637718201,1.6044921875,0.8137664794921875,0.9639129638671875
27200,1,enc,6.371059894561768,1.0870944261550903,0.4501953125,1.1222445964813232,1.2528109550476074
27200,2,enc,19.630338668823242,0.9789681434631348,0.82666015625,1.419506311416626,1.419506311416626
27200,0,fcst,8.346302032470703,1.0138148069381714,0.7666015625,5.928147315979004,7.893884181976318
27200,1,fcst,7.544360160827637,0.4891777038574219,0.28466796875,9.009293556213379,9.368180274963379
27200,2,fcst,3.276069402694702,0.8281201720237732,0.77294921875,9.369583129882812,9.649259567260742
27200,0,enc,6.519442558288574,0.7597100734710693,1.23046875,0.8033074736595154,0.8549858331680298
27200,1,enc,6.461455821990967,1.0876047611236572,0.375,1.214950442314148,1.073645830154419
27200,2,enc,19.62488555908203,0.8966627717018127,0.798828125,1.143395185470581,1.194603681564331
27400,0,enc,6.425526142120361,0.6870695352554321,1.423828125,0.8873893022537231,0.9079642295837402
27400,1,enc,6.4855427742004395,1.089571475982666,0.417724609375,1.2144381999969482,1.4265934228897095
27400,2,enc,19.48343276977539,0.957255482673645,0.8564453125,1.4470365047454834,1.2759442329406738
27400,0,fcst,8.274251937866211,0.9575839638710022,0.8583984375,6.10206413269043,8.297410011291504
27400,1,fcst,7.6208815574646,0.4821258783340454,0.27783203125,8.745368957519531,9.240249633789062
27400,2,fcst,3.387383222579956,0.892736554145813,0.673828125,9.212674140930176,9.74815559387207
27400,0,enc,6.569578170776367,0.6998946070671082,1.0966796875,0.8997618556022644,0.9486510157585144
27400,1,enc,6.556737422943115,1.074857234954834,0.36962890625,1.119802713394165,1.249563455581665
27400,2,enc,19.46849822998047,0.9923436045646667,0.76025390625,1.2550663948059082,1.2473454475402832
27600,0,enc,6.416492938995361,0.7075789570808411,1.4990234375,0.9999561309814453,1.0225391387939453
27600,1,enc,6.3971781730651855,1.0363205671310425,0.443115234375,1.2517156600952148,1.2226234674453735
27600,2,enc,19.288593292236328,0.923488974571228,0.8212890625,1.4377405643463135,1.2044310569763184
27600,0,fcst,8.260993957519531,0.9820018410682678,0.74462890625,6.2614922523498535,8.36883544921875
27600,1,fcst,7.430590629577637,0.5109991431236267,0.26708984375,9.220507621765137,9.220507621765137
27600,2,fcst,3.4024839401245117,0.9028193950653076,0.77294921875,9.201712608337402,9.699488639831543
27600,0,enc,6.16229248046875,0.7064514756202698,1.072265625,1.0079455375671387,1.0264391899108887
27600,1,enc,6.3389811515808105,1.056378722190857,0.365966796875,1.241371750831604,1.0824271440505981
27600,2,enc,19.35394287109375,0.9208152890205383,0.755859375,1.108093500137329,1.150512933731079
27800,0,enc,6.06972599029541,0.7306076288223267,1.3447265625,0.9127163887023926,0.9669551253318787
27800,1,enc,6.999263763427734,1.055101990699768,0.4453125,1.2033425569534302,1.378596305847168
27800,2,enc,19.46980857849121,0.8505336046218872,0.83447265625,1.4209156036376953,1.2366899251937866
27800,0,fcst,8.260175704956055,0.89908766746521,0.7744140625,6.105594158172607,7.680230140686035
27800,1,fcst,7.525742530822754,0.4804185628890991,0.298095703125,8.710105895996094,9.439815521240234
27800,2,fcst,3.5386786460876465,0.8679365515708923,0.7060546875,9.423116683959961,9.458122253417969
27800,0,enc,6.068999767303467,0.7357943654060364,1.076171875,0.840437650680542,0.9481725692749023
27800,1,enc,7.013960838317871,1.0427966117858887,0.37060546875,1.2056893110275269,1.0590721368789673
27800,2,enc,19.432411193847656,0.8794342875480652,0.7783203125,1.0507208108901978,1.0988564491271973
28000,0,enc,6.33720588684082,0.7305949926376343,1.2880859375,0.8499265313148499,1.0269018411636353
28000,1,enc,6.933557510375977,1.0311923027038574,0.4365234375,1.1158523559570312,1.194786548614502
28000,2,enc,19.419275283813477,0.854332685470581,0.80224609375,1.283332109451294,1.3173654079437256
28000,0,fcst,8.260034561157227,0.9963331818580627,0.77685546875,6.142871379852295,7.6337175369262695
28000,1,fcst,7.52555513381958,0.45545831322669983,0.360595703125,9.40543270111084,9.40543270111084
28000,2,fcst,3.4088902473449707,0.8404393792152405,0.72607421875,9.41661262512207,9.722331047058105
28000,0,enc,6.3341383934021,0.7282450795173645,1.0380859375,0.8475642800331116,0.9777635335922241
28000,1,enc,6.753940105438232,1.0354562997817993,0.384765625,1.0324958562850952,1.062397837638855
28000,2,enc,19.393936157226562,0.8973039388656616,0.77392578125,1.053659439086914,1.092660903930664
28200,0,enc,5.874027252197266,0.7191485166549683,1.505859375,1.0019105672836304,0.9883471727371216
28200,1,enc,6.976634979248047,1.0760308504104614,0.42578125,1.1216967105865479,1.2131712436676025
28200,2,enc,19.328500747680664,0.9013502597808838,0.93212890625,1.5077279806137085,1.2914950847625732
28200,0,fcst,8.304079055786133,1.022400140762329,0.87744140625,6.203670501708984,8.022247314453125
28200,1,fcst,7.6734795570373535,0.48700475692749023,0.28271484375,9.905611991882324,10.121676445007324
28200,2,fcst,3.375493049621582,0.8988661170005798,0.69140625,10.121676445007324,10.258259773254395
28200,0,enc,5.872570037841797,0.7201480269432068,1.0,0.9793766736984253,0.9740208387374878
28200,1,enc,7.055074691772461,1.08159601688385,0.386474609375,0.9905123710632324,0.9992298483848572
28200,2,enc,19.344444274902344,0.9056245684623718,0.85009765625,1.1493303775787354,1.1677782535552979
28400,0,enc,6.200985908508301,0.6839888691902161,1.3818359375,0.808616578578949,0.8878012895584106
28400,1,enc,7.193443298339844,0.9366166591644287,0.44140625,1.159839153289795,1.326061487197876
28400,2,enc,19.430072784423828,0.9017319679260254,0.8271484375,1.2892664670944214,1.271600604057312
28400,0,fcst,8.347246170043945,0.9772226810455322,0.7919921875,6.261937618255615,7.541604995727539
28400,1,fcst,7.814838886260986,0.48143333196640015,0.2464599609375,8.605718612670898,9.138496398925781
28400,2,fcst,3.4105374813079834,0.8385354280471802,0.83544921875,9.14919662475586,9.649955749511719
28400,0,enc,6.173154830932617,0.6869603991508484,0.986328125,0.8195592164993286,0.8563274145126343
28400,1,enc,6.879692554473877,0.9548142552375793,0.379150390625,1.1143863201141357,0.9835253953933716
28400,2,enc,19.50720977783203,0.9556361436843872,0.8818359375,1.080952763557434,1.118200659751892
28600,0,enc,6.239367485046387,0.7083971500396729,1.244140625,0.855232834815979,0.8979913592338562
28600,1,enc,6.874310493469238,1.024131178855896,0.4365234375,1.2407491207122803,1.2575948238372803
28600,2,enc,19.236583709716797,0.9161680936813354,0.88916015625,1.3557274341583252,1.4008256196975708
28600,0,fcst,8.378579139709473,0.9220114350318909,0.7861328125,6.097126483917236,8.088981628417969
28600,1,fcst,7.7664265632629395,0.4528651833534241,0.261474609375,9.205987930297852,9.860827445983887
28600,2,fcst,3.4737532138824463,0.8769389986991882,0.81396484375,9.860827445983887,10.346396446228027
28600,0,enc,6.055724620819092,0.7045114636421204,1.1689453125,0.8624032139778137,0.9009469151496887
28600,1,enc,6.871582984924316,1.00490140914917,0.395751953125,1.3337628841400146,1.0253801345825195
28600,2,enc,19.237911224365234,0.901811420917511,0.8662109375,1.0816535949707031,1.1710940599441528
28800,0,enc,6.369544506072998,0.7281142473220825,1.2021484375,0.8364615440368652,0.904787003993988
28800,1,enc,7.032194137573242,0.8682749271392822,0.42529296875,1.212050437927246,1.4310089349746704
28800,2,enc,19.351634979248047,0.9205071330070496,0.81298828125,1.4568551778793335,1.2652413845062256
28800,0,fcst,8.457110404968262,1.0858755111694336,0.818359375,6.205301761627197,8.003433227539062
28800,1,fcst,7.681230068206787,0.4291086494922638,0.270751953125,8.741117477416992,8.835599899291992
28800,2,fcst,3.4960620403289795,0.7844499945640564,0.81591796875,9.002427101135254,9.324468612670898
28800,0,enc,6.401405334472656,0.7222625613212585,1.0302734375,0.8486360311508179,0.9184602499008179
28800,1,enc,7.056347370147705,0.8718219995498657,0.36474609375,1.1102654933929443,0.9885306358337402
28800,2,enc,19.307493209838867,0.8476150631904602,0.79541015625,1.1028448343276978,1.1660772562026978
29000,0,enc,6.7077813148498535,0.6581519246101379,1.208984375,0.7999740839004517,0.816386878490448
29000,1,enc,6.827068328857422,0.9143351316452026,0.39794921875,1.2904289960861206,1.203343152999878
29000,2,enc,19.18360710144043,0.9142839908599854,0.77001953125,1.2329213619232178,1.2789030075073242
29000,0,fcst,8.6304292678833,0.9543583989143372,0.74560546875,6.149747371673584,7.6674089431762695
29000,1,fcst,7.733672142028809,0.4326992332935333,0.242919921875,8.746367454528809,9.378602027893066
29000,2,fcst,3.2563915252685547,0.8027156591415405,0.89892578125,9.378602027893066,10.025303840637207
29000,0,enc,6.776296138763428,0.6654151082038879,0.99658203125,0.8080064654350281,0.9270666837692261
29000,1,enc,7.165037631988525,0.9020629525184631,0.3408203125,1.1440060138702393,1.0147705078125
29000,2,enc,19.172882080078125,0.8636308312416077,0.736328125,1.0839402675628662,1.1895921230316162
29200,0,enc,6.461594581604004,0.6928521990776062,1.146484375,0.8346017003059387,0.8787075877189636
29200,1,enc,7.117891311645508,0.8921696543693542,0.405517578125,1.363271951675415,1.2128077745437622
29200,2,enc,19.141138076782227,1.013749599456787,0.89697265625,1.293954849243164,1.3013750314712524
29200,0,fcst,8.503643989562988,1.1620234251022339,0.78369140625,6.354869365692139,7.564517021179199
29200,1,fcst,7.727294921875,0.4512951672077179,0.2122802734375,8.442195892333984,8.719295501708984
29200,2,fcst,3.2600104808807373,0.8241433501243591,0.70263671875,8.879863739013672,9.07481575012207
29200,0,enc,6.6550116539001465,0.6763765811920166,0.89990234375,0.7928249835968018,0.8428738117218018
29200,1,enc,6.970356464385986,0.8722560405731201,0.3349609375,1.2298064231872559,0.960564374923706
29200,2,enc,19.149776458740234,1.238222360610962,0.79638671875,1.0371794700622559,1.1403899192810059
29400,0,enc,6.8826518058776855,0.7317031025886536,1.19921875,0.9634836912155151,0.9634836912155151
29400,1,enc,7.097069263458252,0.8765696287155151,0.419677734375,1.2545166015625,1.2486330270767212
29400,2,enc,19.268707275390625,0.9371105432510376,0.74853515625,1.232566475868225,1.3045599460601807
29400,0,fcst,8.659906387329102,0.9734824895858765,0.76025390625,6.313686370849609,8.053150177001953
29400,1,fcst,7.679859638214111,0.47123146057128906,0.267578125,8.673726081848145,9.214632987976074
29400,2,fcst,3.2264633178710938,0.8827418684959412,0.66943359375,9.235039710998535,9.90649700164795
29400,0,enc,6.787068843841553,0.7308456897735596,1.04296875,0.9585768580436707,0.9858748316764832
29400,1,enc,7.267241954803467,0.8799681663513184,0.36279296875,1.0956660509109497,0.9858014583587646
29400,2,enc,19.259021759033203,0.855516254901886,0.76708984375,1.14711332321167,1.139248013496399
29600,0,enc,6.473409652709961,0.7086468935012817,1.310546875,0.8593789935112,0.9491709470748901
29600,1,enc,7.260376453399658,0.8640458583831787,0.40478515625,1.1536121368408203,1.2443773746490479
29600,2,enc,19.27345848083496,0.8117740154266357,0.7919921875,1.42629075050354,1.3594051599502563
29600,0,fcst,8.515033721923828,0.941929042339325,0.7548828125,6.212738513946533,8.098356246948242
29600,1,fcst,7.732518196105957,0.46980786323547363,0.23193359375,9.148448944091797,10.018674850463867
29600,2,fcst,3.260570764541626,0.8134162425994873,0.78955078125,9.957316398620605,10.74290657043457
29600,0,enc,6.471360683441162,0.6996775269508362,0.966796875,0.8889865279197693,0.9228305220603943
29600,1,enc,7.163568019866943,0.8617715835571289,0.356689453125,1.0652408599853516,1.0191165208816528
29600,2,enc,19.263769149780273,0.8201490044593811,0.70849609375,1.1397150754928589,1.1709377765655518
29800,0,enc,6.747433662414551,0.7291936278343201,1.1962890625,0.9390174150466919,0.9390174150466919
29800,1,enc,7.15087366104126,0.8687706589698792,0.442138671875,1.3651278018951416,1.1726205348968506
29800,2,enc,19.27779769897461,0.8890141248703003,0.85009765625,1.4048094749450684,1.4048094749450684
29800,0,fcst,8.392582893371582,0.9319209456443787,0.71875,6.646273612976074,8.61567497253418
29800,1,fcst,7.843471527099609,0.4217032194137573,0.260986328125,9.052989959716797,9.604747772216797
29800,2,fcst,3.282426118850708,0.8406620621681213,0.759765625,9.638189315795898,10.164719581604004
29800,0,enc,6.596072673797607,0.7371950745582581,0.8955078125,0.94981449842453,0.9273993372917175
29800,1,enc,7.345395565032959,0.8531581163406372,0.373046875,1.2755370140075684,1.0030767917633057
29800,2,enc,19.28843879699707,0.9115486145019531,0.71337890625,1.1260383129119873,1.1905686855316162
30000,0,enc,6.427384376525879,0.7075333595275879,1.0810546875,0.8229287266731262,0.8292340040206909
30000,1,enc,7.385690689086914,0.8773223161697388,0.437744140625,1.2985689640045166,1.241119146347046
30000,2,enc,19.316661834716797,0.8942983150482178,0.85205078125,1.5720394849777222,1.5979794263839722
30000,0,fcst,8.359713554382324,1.0045878887176514,0.876953125,6.34976863861084,7.792222023010254
30000,1,fcst,7.66963529586792,0.445356547832489,0.23193359375,8.631078720092773,8.915637969970703
30000,2,fcst,3.33149790763855,0.7268145084381104,0.63720703125,8.946578025817871,9.652803421020508
30000,0,enc,6.476524829864502,0.7105144262313843,0.845703125,0.8115525841712952,0.8336896300315857
30000,1,enc,7.461930751800537,0.8826262354850769,0.36474609375,1.1897482872009277,0.9940445423126221
30000,2,enc,19.33112335205078,0.8717847466468811,0.7490234375,1.1844103336334229,1.2133409976959229
30200,0,enc,6.4765400886535645,0.7252115607261658,0.99609375,0.8122958540916443,0.8902043104171753
30200,1,enc,7.375354290008545,0.8907659649848938,0.393310546875,1.2800164222717285,1.3086588382720947
30200,2,enc,19.193822860717773,0.9687368273735046,0.771484375,1.4972831010818481,1.3285207748413086
30200,0,fcst,8.246501922607422,0.9303667545318604,0.7724609375,6.328042030334473,7.940822601318359
30200,1,fcst,7.650317192077637,0.5484209656715393,0.257080078125,8.930296897888184,9.04010009765625
30200,2,fcst,3.428576946258545,0.7782666087150574,0.78271484375,9.04010009765625,9.433709144592285
30200,0,enc,6.490787982940674,0.7368493676185608,0.77392578125,0.8074209690093994,0.8531134128570557
30200,1,enc,7.162159442901611,0.8821365237236023,0.347412109375,1.2025864124298096,1.0188357830047607
30200,2,enc,19.227426528930664,1.12655508518219,0.79541015625,1.1704519987106323,1.3198660612106323
30400,0,enc,5.806116104125977,0.7942750453948975,1.107421875,0.832568347454071,0.9029622077941895
30400,1,enc,7.356855869293213,0.8007624745368958,0.419189453125,1.4394209384918213,1.4394209384918213
30400,2,enc,19.207500457763672,0.9155350923538208,0.8232421875,1.3547470569610596,1.3382235765457153
30400,0,fcst,8.256052017211914,0.9587599039077759,0.7978515625,6.501369953155518,7.11009407043457
30400,1,fcst,7.758022785186768,0.5542721152305603,0.219970703125,8.017370223999023,8.061025619506836
30400,2,fcst,3.3346145153045654,0.7627107501029968,0.6875,8.1110258102417,8.740767478942871
30400,0,enc,5.733923435211182,0.784489631652832,0.74755859375,0.836098313331604,0.8671460747718811
30400,1,enc,7.316352367401123,0.8071969151496887,0.330078125,1.3580658435821533,1.0607969760894775
30400,2,enc,19.189666748046875,0.8524554967880249,0.7119140625,1.2349456548690796,1.244297981262207
30600,0,enc,5.541945457458496,0.8261377215385437,0.93701171875,0.8008860349655151,0.9085967540740967
30600,1,enc,7.572362422943115,0.846099853515625,0.4404296875,1.4199118614196777,1.2019877433776855
30600,2,enc,19.54435920715332,0.8667069673538208,0.7578125,1.3419594764709473,1.3576222658157349
30600,0,fcst,8.445770263671875,0.9840977787971497,0.80908203125,6.476796627044678,7.625240325927734
30600,1,fcst,7.727169990539551,0.6010539531707764,0.280517578125,8.281848907470703,9.029568672180176
30600,2,fcst,3.35536527633667,0.7518361806869507,0.841796875,9.025459289550781,9.339315414428711
30600,0,enc,5.539296627044678,0.8266245126724243,0.73193359375,0.8147157430648804,0.8707224726676941
30600,1,enc,7.5813164710998535,0.8528901934623718,0.359375,1.2195947170257568,1.1096279621124268
30600,2,enc,19.507869720458984,0.8850079774856567,0.720703125,1.3893495798110962,1.2523683309555054
30800,0,enc,5.664979457855225,0.7945508360862732,1.00390625,0.8774797916412354,0.8936032652854919
30800,1,enc,7.684182167053223,0.7967150211334229,0.41943359375,1.2624292373657227,1.378373146057129
30800,2,enc,19.51898193359375,0.8579343557357788,0.7568359375,1.6254501342773438,1.5780516862869263
30800,0,fcst,8.427781105041504,0.862795352935791,0.7646484375,6.624875545501709,7.904229164123535
30800,1,fcst,7.676412582397461,0.6000434756278992,0.26708984375,8.628873825073242,9.256044387817383
30800,2,fcst,3.4345715045928955,0.750231146812439,0.71728515625,9.204492568969727,9.617090225219727
30800,0,enc,5.602776050567627,0.7877426147460938,0.74169921875,0.8783037066459656,0.9236346483230591
30800,1,enc,7.685072898864746,0.7949087023735046,0.361572265625,1.128188133239746,1.2227250337600708
30800,2,enc,19.59258270263672,0.8235677480697632,0.6982421875,1.2784860134124756,1.2521458864212036
31000,0,enc,5.5377197265625,0.8341758251190186,0.99755859375,0.8560490608215332,0.8840574026107788
31000,1,enc,7.767003059387207,0.7488178610801697,0.43701171875,1.1772642135620117,1.336715817451477
31000,2,enc,19.484113693237305,1.0321404933929443,0.7568359375,1.401475429534912,1.3347020149230957
31000,0,fcst,8.440909385681152,0.8899670839309692,0.845703125,6.356934547424316,7.2431640625
31000,1,fcst,7.615427017211914,0.6249136328697205,0.2276611328125,8.687671661376953,9.523175239562988
31000,2,fcst,3.396740198135376,0.7546016573905945,0.67431640625,9.512678146362305,10.135507583618164
31000,0,enc,5.576682090759277,0.8398616909980774,0.71240234375,0.8687626719474792,0.9015385508537292
31000,1,enc,7.733926296234131,0.7489049434661865,0.396240234375,1.1422719955444336,1.0301581621170044
31000,2,enc,19.507511138916016,0.8627741932868958,0.751953125,1.2893238067626953,1.2545032501220703
31200,0,enc,5.679602146148682,0.7983412742614746,0.95361328125,0.8837331533432007,0.9612436890602112
31200,1,enc,7.65403938293457,0.6979563236236572,0.367431640625,1.493029236793518,1.298283576965332
31200,2,enc,19.7041072845459,0.9994493722915649,0.88232421875,1.5468358993530273,1.5306639671325684
31200,0,fcst,8.403892517089844,1.0130478143692017,0.7353515625,6.085673809051514,7.1455302238464355
31200,1,fcst,7.545168399810791,0.6622126698493958,0.271484375,7.791984558105469,8.547196388244629
31200,2,fcst,3.397475004196167,0.7182015776634216,0.748046875,8.578841209411621,8.95749568939209
31200,0,enc,5.62741756439209,0.8070780038833618,0.76708984375,0.8660421967506409,0.9606055617332458
31200,1,enc,7.718945503234863,0.6976881623268127,0.32568359375,1.4387974739074707,1.0435640811920166
31200,2,enc,19.71122169494629,1.0710517168045044,0.783203125,1.3652572631835938,1.3077926635742188
31400,0,enc,5.61556339263916,0.8401010036468506,0.87353515625,0.8739480972290039,0.8875623345375061
31400,1,enc,7.398464202880859,0.7007879614830017,0.41015625,1.238053560256958,1.017142415046692
31400,2,enc,19.745441436767578,0.8080747127532959,0.8134765625,1.3032944202423096,1.3516817092895508
31400,0,fcst,8.476509094238281,0.8985313773155212,0.783203125,6.437920570373535,7.982654571533203
31400,1,fcst,7.6270751953125,0.7028342485427856,0.2449951171875,8.176589012145996,8.48990249633789
31400,2,fcst,3.502711296081543,0.7350194454193115,0.7568359375,8.4929838180542,8.678287506103516
31400,0,enc,5.635941028594971,0.8466143012046814,0.70751953125,0.8757996559143066,0.8871674537658691
31400,1,enc,7.2121052742004395,0.7002187371253967,0.3291015625,1.220920443534851,1.0272835493087769
31400,2,enc,19.73673439025879,0.7646541595458984,0.740234375,1.368560791015625,1.35247802734375
31600,0,enc,5.6302170753479,0.7979112267494202,0.84912109375,0.9907383918762207,0.9907383918762207
31600,1,enc,7.46823263168335,0.7276002764701843,0.37939453125,1.2005996704101562,1.2929949760437012
31600,2,enc,19.451915740966797,0.8472679853439331,0.75830078125,1.565523624420166,1.3192129135131836
31600,0,fcst,8.490005493164062,1.0198440551757812,0.7353515625,6.0357866287231445,7.596557140350342
31600,1,fcst,7.62319803237915,0.7039778828620911,0.25146484375,8.04123306274414,8.694149017333984
31600,2,fcst,3.6783721446990967,0.7410606145858765,0.67333984375,8.711297988891602,9.456740379333496
31600,0,enc,5.694674968719482,0.7890406250953674,0.658203125,0.9924368858337402,0.9998297691345215
31600,1,enc,7.595164775848389,0.729155421257019,0.32568359375,1.1676310300827026,1.0855729579925537
31600,2,enc,19.473928451538086,0.8767984509468079,0.74755859375,1.1875771284103394,1.125645399093628
31800,0,enc,5.680538654327393,0.7578352689743042,0.8798828125,0.8331012725830078,0.8957898616790771
31800,1,enc,7.785135746002197,0.6850386261940002,0.4716796875,1.018686294555664,1.2454752922058105
31800,2,enc,19.617755889892578,0.9405591487884521,0.8193359375,1.4967973232269287,1.502633810043335
31800,0,fcst,8.319172859191895,0.8175133466720581,0.7783203125,6.5154876708984375,7.547389030456543
31800,1,fcst,7.584582328796387,0.7656041979789734,0.252197265625,8.508400917053223,9.144251823425293
31800,2,fcst,3.4602508544921875,0.7756269574165344,0.80908203125,9.141541481018066,9.337124824523926
31800,0,enc,5.749598026275635,0.7621005773544312,0.669921875,0.8402115106582642,0.9119424819946289
31800,1,enc,7.521140098571777,0.6859754323959351,0.355224609375,0.9419458508491516,1.1920086145401
31800,2,enc,19.671140670776367,1.02117919921875,0.7265625,1.3001660108566284,1.271644949913025
32000,0,enc,5.644378185272217,0.7164087891578674,0.88134765625,0.8309980034828186,0.8397077322006226
32000,1,enc,7.490965843200684,0.6784904599189758,0.43212890625,1.138572096824646,1.355786681175232
32000,2,enc,19.757221221923828,0.809851884841919,0.8837890625,1.4248247146606445,1.3972786664962769
32000,0,fcst,8.126285552978516,0.9146620631217957,0.87646484375,6.466280937194824,8.207679748535156
32000,1,fcst,7.550780296325684,0.7214458584785461,0.2432861328125,9.442163467407227,9.693085670471191
32000,2,fcst,3.5790936946868896,0.657929003238678,0.7177734375,9.704501152038574,10.173521995544434
32000,0,enc,5.604252338409424,0.7247143983840942,0.64404296875,0.8331483006477356,0.8212535977363586
32000,1,enc,7.273902416229248,0.6794387698173523,0.355224609375,1.0504118204116821,1.1496036052703857
32000,2,enc,19.809553146362305,0.813210666179657,0.6875,1.2842390537261963,1.3250410556793213
32200,0,enc,5.764398097991943,0.74643874168396,0.8095703125,0.8532550930976868,0.8736851811408997
32200,1,enc,7.325168132781982,0.6686047315597534,0.5166015625,1.020269751548767,1.1743412017822266
32200,2,enc,19.629135131835938,0.8206385374069214,0.7939453125,1.5160233974456787,1.4962717294692993
32200,0,fcst,8.15153980255127,0.9649394750595093,0.8076171875,6.317480564117432,7.871300220489502
32200,1,fcst,7.600193977355957,0.7425229549407959,0.24853515625,8.398021697998047,9.064102172851562
32200,2,fcst,3.601079225540161,0.6568110585212708,0.77001953125,9.000865936279297,9.281356811523438
32200,0,enc,5.764068126678467,0.7508640885353088,0.66748046875,0.8808931708335876,0.9255403876304626
32200,1,enc,7.36539888381958,0.6683685183525085,0.423095703125,1.0119192600250244,0.9985183477401733
32200,2,enc,19.579790115356445,0.9089274406433105,0.7412109375,1.4104472398757935,1.392487645149231
32400,0,enc,5.906123638153076,0.7104805707931519,0.82373046875,0.9186875224113464,0.9321407079696655
32400,1,enc,7.483433246612549,0.6508758068084717,0.43359375,1.0732272863388062,1.1423823833465576
32400,2,enc,19.608173370361328,0.8987159729003906,0.796875,1.5202820301055908,1.544255256652832
32400,0,fcst,8.00000286102295,0.9424806833267212,0.77880859375,6.32266902923584,7.874870300292969
32400,1,fcst,7.639232158660889,0.810583233833313,0.25,7.955043315887451,8.402484893798828
32400,2,fcst,3.6356217861175537,0.6985275149345398,0.73046875,8.402484893798828,8.728713989257812
32400,0,enc,5.9209442138671875,0.7125309705734253,0.630859375,0.9144419431686401,0.9285258054733276
32400,1,enc,7.461568832397461,0.6515704393386841,0.369384765625,1.0250647068023682,1.0716712474822998
32400,2,enc,19.55370330810547,0.9663055539131165,0.69140625,1.2642848491668701,1.3338038921356201
32600,0,enc,5.9098615646362305,0.6812495589256287,0.83544921875,0.917843222618103,1.0145500898361206
32600,1,enc,7.4785475730896,0.6666352152824402,0.469970703125,1.0145500898361206,1.076839804649353
32600,2,enc,19.4470272064209,0.9588446617126465,0.7158203125,1.2968642711639404,1.3849751949310303
32600,0,fcst,7.981107234954834,0.9137460589408875,0.7392578125,6.520023345947266,7.53707218170166
32600,1,fcst,7.555948734283447,0.743502140045166,0.234130859375,8.379618644714355,8.65115737915039
32600,2,fcst,3.708848714828491,0.7039044499397278,0.63525390625,8.652857780456543,9.131916046142578
32600,0,enc,5.957879543304443,0.6785356402397156,0.7255859375,0.912708580493927,0.990284264087677
32600,1,enc,7.3252129554748535,0.6629433631896973,0.396484375,0.9822662472724915,1.0663726329803467
32600,2,enc,19.486827850341797,1.049564003944397,0.74853515625,1.2315359115600586,1.2286443710327148
32800,0,enc,5.8427910804748535,0.6698294878005981,0.86962890625,0.9288976192474365,1.0237056016921997
32800,1,enc,7.728733062744141,0.6680387258529663,0.47509765625,1.0641809701919556,1.1701786518096924
32800,2,enc,19.658573150634766,0.8897207379341125,0.77490234375,1.218078851699829,1.2655800580978394
32800,0,fcst,7.982161998748779,0.8007259368896484,0.783203125,5.937310695648193,7.0169548988342285
32800,1,fcst,7.50816535949707,0.8229475617408752,0.2188720703125,8.535048484802246,9.361329078674316
32800,2,fcst,3.7168350219726562,0.674592912197113,0.6083984375,9.296923637390137,9.524109840393066
32800,0,enc,5.8794965744018555,0.6715222597122192,0.7275390625,0.9048982262611389,1.0100243091583252
32800,1,enc,7.740628719329834,0.6691932678222656,0.3935546875,1.014486312866211,1.066884994506836
32800,2,enc,19.602577209472656,0.8243774175643921,0.78076171875,1.103664755821228,1.0874651670455933
33000,0,enc,5.909264087677002,0.6819292306900024,0.86865234375,0.8766363263130188,0.9659510850906372
33000,1,enc,7.600332736968994,0.6669360399246216,0.45068359375,0.965613603591919,1.098592758178711
33000,2,enc,19.488393783569336,1.0056947469711304,0.74658203125,1.2392405271530151,1.3025368452072144
33000,0,fcst,7.875313758850098,0.9594606161117554,0.76220703125,6.551581382751465,7.712738037109375
33000,1,fcst,7.561191082000732,0.7770312428474426,0.2509765625,9.075263977050781,9.55155086517334
33000,2,fcst,3.6970696449279785,0.6701521277427673,0.6943359375,9.558733940124512,9.996830940246582
33000,0,enc,5.873221397399902,0.6825795769691467,0.7353515625,0.9079524278640747,0.9219465255737305
33000,1,enc,7.4447431564331055,0.6668848991394043,0.39892578125,0.9221577048301697,1.0382256507873535
33000,2,enc,19.475454330444336,0.8242911100387573,0.703125,1.121448040008545,1.1110796928405762
33200,0,enc,5.80246114730835,0.6879991292953491,0.84130859375,1.1249464750289917,1.1396287679672241
33200,1,enc,7.569305419921875,0.6607787013053894,0.439697265625,1.1368480920791626,1.14649498462677
33200,2,enc,19.441238403320312,0.889991283416748,0.85888671875,1.3118698596954346,1.2332770824432373
33200,0,fcst,7.7869553565979,0.9747387170791626,0.7314453125,6.009041786193848,7.583188533782959
33200,1,fcst,7.480353355407715,0.7158109545707703,0.335693359375,8.4021635055542,8.806370735168457
33200,2,fcst,3.7558836936950684,0.6668127179145813,0.87255859375,8.793956756591797,9.140281677246094
33200,0,enc,5.903854846954346,0.6863391995429993,0.669921875,1.120832085609436,1.1330925226211548
33200,1,enc,7.504936695098877,0.6620163321495056,0.359619140625,1.133495807647705,1.145885944366455
33200,2,enc,19.418609619140625,0.8506810665130615,0.78173828125,1.1627861261367798,1.1551834344863892
33400,0,enc,6.054666519165039,0.645616352558136,0.79150390625,1.0053378343582153,1.0212069749832153
33400,1,enc,7.969789505004883,0.6513569951057434,0.43701171875,1.0212889909744263,1.0246649980545044
33400,2,enc,19.420747756958008,0.9993242025375366,0.84716796875,1.3648130893707275,1.3814024925231934
33400,0,fcst,7.787687301635742,0.8791313171386719,0.7646484375,6.224626064300537,8.066675186157227
33400,1,fcst,7.600809574127197,0.7250056862831116,0.288330078125,8.066675186157227,8.547154426574707
33400,2,fcst,3.9413864612579346,0.756633460521698,0.6875,8.536421775817871,8.85291576385498
33400,0,enc,5.998742580413818,0.6599874496459961,0.65576171875,1.0253907442092896,1.0400162935256958
33400,1,enc,7.882067680358887,0.652148425579071,0.3720703125,1.0392987728118896,1.0419366359710693
33400,2,enc,19.418455123901367,0.8300552368164062,0.70654296875,1.170682668685913,1.1595513820648193
33600,0,enc,5.837337017059326,0.6209129095077515,0.74267578125,0.903498649597168,0.936457633972168
33600,1,enc,7.827835559844971,0.6441141963005066,0.408447265625,1.0826621055603027,1.0354546308517456
33600,2,enc,19.328371047973633,0.7879930734634399,0.759765625,1.2607492208480835,1.335754632949829
33600,0,fcst,7.721954822540283,0.9159419536590576,0.720703125,5.953308582305908,7.197173118591309
33600,1,fcst,7.532308101654053,0.66252201795578,0.25634765625,8.23381233215332,8.614921569824219
33600,2,fcst,3.6851487159729004,0.6306557655334473,0.5546875,8.594799041748047,9.256436347961426
33600,0,enc,5.755738735198975,0.6203666925430298,0.63232421875,0.8957646489143372,0.9292729496955872
33600,1,enc,7.673161506652832,0.6447804570198059,0.33740234375,1.0449457168579102,1.0699572563171387
33600,2,enc,19.30865478515625,0.8224488496780396,0.6767578125,1.099981427192688,1.1794004440307617
33800,0,enc,5.824403762817383,0.5987136960029602,0.73193359375,0.8718343377113342,0.8949101567268372
33800,1,enc,7.884867191314697,0.6411363482475281,0.40625,1.0829216241836548,1.019111156463623
33800,2,enc,19.280561447143555,0.8455893993377686,0.7705078125,1.3241876363754272,1.4569675922393799
33800,0,fcst,7.710043430328369,0.902393102645874,0.705078125,5.7062788009643555,7.296082496643066
33800,1,fcst,7.532284259796143,0.6983874440193176,0.281982421875,8.300203323364258,8.639016151428223
33800,2,fcst,3.964107036590576,0.669434666633606,0.59716796875,8.63514518737793,9.005548477172852
33800,0,enc,5.803811073303223,0.5957385301589966,0.60302734375,0.8747291564941406,0.8760156631469727
33800,1,enc,7.800732612609863,0.6422402858734131,0.349365234375,1.0136125087738037,0.9482137560844421
33800,2,enc,19.315181732177734,0.9462572932243347,0.68603515625,1.1291505098342896,1.1733399629592896
34000,0,enc,5.702240467071533,0.6610684990882874,0.6728515625,0.8630619645118713,0.8644521832466125
34000,1,enc,7.8592939376831055,0.637608528137207,0.3779296875,1.1969811916351318,0.9944226741790771
34000,2,enc,19.235563278198242,0.8551797270774841,0.92333984375,1.1666820049285889,1.2381407022476196
34000,0,fcst,7.6281561851501465,0.9970895648002625,0.72998046875,6.265377998352051,7.8344926834106445
34000,1,fcst,7.499609470367432,0.6283867955207825,0.288330078125,8.620808601379395,9.00287914276123
34000,2,fcst,3.8782641887664795,0.6855570077896118,0.6865234375,9.005345344543457,9.294516563415527
34000,0,enc,5.813680171966553,0.6586840748786926,0.58837890625,0.8588286638259888,0.8588008880615234
34000,1,enc,7.769212245941162,0.6385811567306519,0.3388671875,1.0800330638885498,0.9610707759857178
34000,2,enc,19.26093101501465,0.84175044298172,0.7607421875,1.1446090936660767,1.1635452508926392
34200,0,enc,5.526257038116455,0.5879530906677246,0.70654296875,0.8665682077407837,0.8696135878562927
34200,1,enc,7.635821342468262,0.6378931403160095,0.387939453125,1.128132939338684,1.128132939338684
34200,2,enc,19.18621826171875,0.8186938166618347,0.837890625,1.2166283130645752,1.2834620475769043
34200,0,fcst,7.618539810180664,1.0196856260299683,0.72412109375,6.2263946533203125,8.070343971252441
34200,1,fcst,7.414669036865234,0.6506279110908508,0.2396240234375,8.580906867980957,8.991333961486816
34200,2,fcst,4.011046886444092,0.6772139668464661,0.55810546875,8.968478202819824,9.22645378112793
34200,0,enc,5.567869186401367,0.5854166746139526,0.59326171875,0.86492520570755,0.8645482659339905
34200,1,enc,7.735055923461914,0.6375529766082764,0.328857421875,1.1317708492279053,0.9563907384872437
34200,2,enc,19.196630477905273,0.8993757367134094,0.72998046875,1.0453269481658936,1.08616042137146
34400,0,enc,5.628588676452637,0.5935232043266296,0.66650390625,0.8831356167793274,0.9074040651321411
34400,1,enc,7.752735137939453,0.6268811821937561,0.3974609375,1.2314057350158691,1.0648128986358643
34400,2,enc,19.26333999633789,0.8895026445388794,0.71923828125,1.2265957593917847,1.207377314567566
34400,0,fcst,7.513614177703857,0.9157932996749878,0.71533203125,6.319100856781006,7.13095235824585
34400,1,fcst,7.426993370056152,0.6382250189781189,0.27490234375,8.389718055725098,8.803671836853027
34400,2,fcst,3.7686262130737305,0.6473416686058044,0.6025390625,8.85830020904541,9.28554630279541
34400,0,enc,5.626046657562256,0.5960584878921509,0.5791015625,0.8826315402984619,0.8776165843009949
34400,1,enc,7.648414611816406,0.6277234554290771,0.344482421875,1.2143089771270752,0.9710579514503479
34400,2,enc,19.310762405395508,0.8682975769042969,0.6826171875,1.0692020654678345,1.0811573266983032
34600,0,enc,5.426387310028076,0.5909307599067688,0.7138671875,0.8211983442306519,0.9026463627815247
34600,1,enc,7.62827730178833,0.6122721433639526,0.395263671875,1.1596730947494507,1.1596730947494507
34600,2,enc,19.224239349365234,0.8169941902160645,0.7861328125,1.219618558883667,1.2604104280471802
34600,0,fcst,7.551203727722168,0.8533300757408142,0.88232421875,5.9414448738098145,7.353386878967285
34600,1,fcst,7.477479457855225,0.6357961297035217,0.25927734375,8.781394958496094,9.097421646118164
34600,2,fcst,3.918245315551758,0.6766085624694824,0.55615234375,9.156211853027344,9.735095977783203
34600,0,enc,5.4231696128845215,0.5955836176872253,0.541015625,0.8235020637512207,0.8800511360168457
34600,1,enc,7.524850368499756,0.6123031973838806,0.338134765625,1.1331541538238525,1.0037059783935547
34600,2,enc,19.20598602294922,0.8466020822525024,0.71337890625,1.0020723342895508,1.1125078201293945
34800,0,enc,5.7905778884887695,0.5773627161979675,0.67822265625,0.880745530128479,0.8936900496482849
34800,1,enc,7.87057638168335,0.6032305955886841,0.410888671875,1.1425838470458984,1.2337009906768799
34800,2,enc,19.36289405822754,0.823540985584259,0.787109375,1.2729289531707764,1.2936300039291382
34800,0,fcst,7.490260124206543,0.9636160731315613,0.71533203125,6.470736026763916,7.245102882385254
34800,1,fcst,7.661423206329346,0.6736437082290649,0.29248046875,8.028874397277832,8.254433631896973
34800,2,fcst,3.898509979248047,0.6511257290840149,0.5205078125,8.265301704406738,8.718716621398926
34800,0,enc,5.698948860168457,0.5681711435317993,0.5576171875,0.8639557957649231,0.8735306859016418
34800,1,enc,7.834432601928711,0.6063094735145569,0.364990234375,1.1291409730911255,1.0124671459197998
34800,2,enc,19.415027618408203,1.0624908208847046,0.69140625,1.0899449586868286,1.105684518814087
35000,0,enc,5.838225364685059,0.5069195032119751,0.62890625,0.8732896447181702,0.8723788857460022
35000,1,enc,7.844699859619141,0.608316957950592,0.408935546875,1.1882774829864502,1.1656999588012695
35000,2,enc,19.28690528869629,0.8287339210510254,0.68505859375,1.168549656867981,1.2776451110839844
35000,0,fcst,7.534797191619873,0.8537894487380981,0.77880859375,6.595812797546387,7.244141578674316
35000,1,fcst,7.570796489715576,0.625677764415741,0.24853515625,8.323953628540039,8.82661247253418
35000,2,fcst,3.8759915828704834,0.6993911862373352,0.56884765625,8.791582107543945,9.023462295532227
35000,0,enc,5.758204936981201,0.5066834688186646,0.54736328125,0.8732256889343262,0.8761591911315918
35000,1,enc,7.86984395980835,0.6083928942680359,0.33251953125,1.1225783824920654,0.9696880578994751
35000,2,enc,19.267108917236328,0.8562300205230713,0.6806640625,1.0481423139572144,1.114314079284668
35200,0,enc,5.627779006958008,0.513623833656311,0.6591796875,0.8921371102333069,0.8956890106201172
35200,1,enc,7.663949966430664,0.630000650882721,0.3994140625,1.3271663188934326,1.3271663188934326
35200,2,enc,19.28904151916504,0.8802213668823242,0.7861328125,1.2655738592147827,1.2147451639175415
35200,0,fcst,7.5601887702941895,0.8109500408172607,0.767578125,6.465153694152832,7.755179405212402
35200,1,fcst,7.467106342315674,0.6551441550254822,0.291015625,8.069107055664062,8.490811347961426
35200,2,fcst,3.9212493896484375,0.6810531616210938,0.5654296875,8.406253814697266,8.69027042388916
35200,0,enc,5.649075984954834,0.5107219815254211,0.5380859375,0.8640870451927185,0.8775376677513123
35200,1,enc,7.810551166534424,0.6284545063972473,0.370849609375,1.0998996496200562,1.0246219635009766
35200,2,enc,19.294599533081055,0.8329924941062927,0.724609375,1.0820049047470093,1.1126152276992798
35400,0,enc,5.476813793182373,0.5158196091651917,0.64892578125,0.8500069975852966,0.8602116107940674
35400,1,enc,7.892487049102783,0.6283672451972961,0.394775390625,1.2788199186325073,1.1882379055023193
35400,2,enc,19.091066360473633,0.8213341236114502,0.71875,1.295067548751831,1.390234351158142
35400,0,fcst,7.631951332092285,0.9583733677864075,0.7880859375,5.8401570320129395,7.517718315124512
35400,1,fcst,7.456613540649414,0.7073065638542175,0.2305908203125,8.566400527954102,9.297737121582031
35400,2,fcst,4.020195960998535,0.6833157539367676,0.60400390625,9.287639617919922,9.793010711669922
35400,0,enc,5.484530925750732,0.5176994204521179,0.48291015625,0.868593692779541,0.8681573867797852
35400,1,enc,7.88242769241333,0.6326216459274292,0.345947265625,1.2391858100891113,1.012007474899292
35400,2,enc,19.091249465942383,0.850871205329895,0.71044921875,1.212770938873291,1.2102017402648926
35600,0,enc,5.5773024559021,0.5144366025924683,0.5556640625,0.8844221234321594,0.9150617122650146
35600,1,enc,8.066075325012207,0.6202772259712219,0.373779296875,1.3777400255203247,1.2033569812774658
35600,2,enc,19.262924194335938,0.8057119846343994,0.78369140625,1.3029927015304565,1.3294413089752197
35600,0,fcst,7.684950828552246,0.9076714515686035,0.7490234375,6.254191875457764,7.19740629196167
35600,1,fcst,7.569811820983887,0.7790481448173523,0.2666015625,8.535269737243652,8.864588737487793
35600,2,fcst,4.127786636352539,0.756620466709137,0.6259765625,8.881508827209473,9.231900215148926
35600,0,enc,5.498615264892578,0.5122662782669067,0.46875,0.8622444272041321,0.8916201591491699
35600,1,enc,8.088390350341797,0.6196286082267761,0.328125,1.1874698400497437,1.11295485496521
35600,2,enc,19.22978401184082,0.8325082659721375,0.6845703125,1.1807537078857422,1.2014141082763672
35800,0,enc,5.35037088394165,0.5071048140525818,0.5888671875,1.0493124723434448,1.073624849319458
35800,1,enc,7.804157257080078,0.6052965521812439,0.3681640625,1.1607381105422974,1.1394392251968384
35800,2,enc,19.174903869628906,0.8245423436164856,0.79736328125,1.245482325553894,1.2977690696716309
35800,0,fcst,7.5512003898620605,0.9959396719932556,0.7001953125,6.435482978820801,7.630759239196777
35800,1,fcst,7.472733974456787,0.7292919158935547,0.1741943359375,8.863969802856445,9.31617259979248
35800,2,fcst,3.9703521728515625,0.7006266713142395,0.615234375,9.312410354614258,9.312410354614258
35800,0,enc,5.451449394226074,0.5079644918441772,0.454833984375,1.0223820209503174,1.0557987689971924
35800,1,enc,7.870841026306152,0.6094661355018616,0.31103515625,1.1213043928146362,1.0784670114517212
35800,2,enc,19.162473678588867,0.8672180771827698,0.7353515625,1.175313115119934,1.234761357307434
36000,0,enc,5.354703426361084,0.5549029111862183,0.55078125,0.8875348567962646,0.8875348567962646
36000,1,enc,7.773789882659912,0.6160351634025574,0.36083984375,1.1963145732879639,1.0987915992736816
36000,2,enc,19.192337036132812,0.9046468734741211,0.736328125,1.3787238597869873,1.4091566801071167
36000,0,fcst,7.499512195587158,0.9260657429695129,0.82666015625,6.382099151611328,8.145337104797363
36000,1,fcst,7.5696587562561035,0.7727214694023132,0.231201171875,8.723489761352539,9.253545761108398
36000,2,fcst,3.812495708465576,0.6444373726844788,0.57421875,9.489463806152344,9.489463806152344
36000,0,enc,5.39855432510376,0.5477753281593323,0.45751953125,0.85908043384552,0.8844558000564575
36000,1,enc,7.530898094177246,0.6186044216156006,0.31640625,1.0983169078826904,1.0358150005340576
36000,2,enc,19.186363220214844,0.8437761068344116,0.73876953125,1.0762693881988525,1.1125038862228394
36200,0,enc,5.670464038848877,0.5059602856636047,0.55810546875,0.8874505758285522,0.8897234201431274
36200,1,enc,7.737784385681152,0.617616593837738,0.3779296875,1.2893551588058472,1.1117936372756958
36200,2,enc,19.080595016479492,0.8993435502052307,0.8603515625,1.332108974456787,1.3349089622497559
36200,0,fcst,7.535242557525635,0.9606533646583557,0.8134765625,6.343268394470215,7.443084716796875
36200,1,fcst,7.654019355773926,0.685940146446228,0.255126953125,8.163435935974121,8.37156867980957
36200,2,fcst,3.9374735355377197,0.677260160446167,0.61279296875,8.435351371765137,8.431581497192383
36200,0,enc,5.525069236755371,0.5059850811958313,0.433837890625,0.8735568523406982,0.8736987113952637
36200,1,enc,7.716177940368652,0.6127978563308716,0.304931640625,1.2050058841705322,0.9806696772575378
36200,2,enc,19.11258888244629,0.9124384522438049,0.70751953125,1.0778872966766357,1.0684704780578613
36400,0,enc,6.053714275360107,0.5234472155570984,0.4697265625,0.8665257692337036,0.9155209064483643
36400,1,enc,7.734687805175781,0.6086238622665405,0.366455078125,1.2429699897766113,1.0767438411712646
36400,2,enc,19.274290084838867,0.7982811331748962,0.78759765625,1.2277085781097412,1.2437727451324463
36400,0,fcst,7.680025100708008,0.960319995880127,0.74462890625,5.979959487915039,7.233494758605957
36400,1,fcst,7.887434005737305,0.7837405800819397,0.2218017578125,9.074381828308105,9.232123374938965
36400,2,fcst,3.736692428588867,0.7619211673736572,0.57763671875,9.236050605773926,9.453335762023926
36400,0,enc,6.0655837059021,0.5243628621101379,0.400390625,0.8622807860374451,0.8667980432510376
36400,1,enc,7.819439888000488,0.6241154670715332,0.28369140625,1.1374043226242065,1.0877954959869385
36400,2,enc,19.31340789794922,0.8270059823989868,0.67724609375,1.0900417566299438,1.1293789148330688
36600,0,enc,6.114473819732666,0.5210368037223816,0.468994140625,0.8951017260551453,0.9000311493873596
36600,1,enc,7.600280284881592,0.6198441982269287,0.34326171875,1.2048406600952148,1.1462771892547607
36600,2,enc,19.322975158691406,0.8944138884544373,0.74560546875,1.30237877368927,1.3613115549087524
36600,0,fcst,7.528232097625732,1.1100120544433594,0.69970703125,5.799045085906982,7.356730937957764
36600,1,fcst,7.873325347900391,0.6981659531593323,0.225830078125,7.863909721374512,8.680424690246582
36600,2,fcst,3.931885242462158,0.6911783814430237,0.490478515625,8.710107803344727,9.481592178344727
36600,0,enc,6.172615051269531,0.524863064289093,0.373779296875,0.9030352234840393,0.9071589112281799
36600,1,enc,7.72255277633667,0.6047608852386475,0.287353515625,1.183539867401123,1.0422000885009766
36600,2,enc,19.318904876708984,0.8284987211227417,0.69677734375,1.1272474527359009,1.2078748941421509
36800,0,enc,6.126489162445068,0.5667230486869812,0.482666015625,0.8951408863067627,0.970883846282959
36800,1,enc,7.463786602020264,0.592379093170166,0.33642578125,1.3759688138961792,1.0483156442642212
36800,2,enc,19.249570846557617,0.8211221098899841,0.8642578125,1.2513420581817627,1.2283425331115723
36800,0,fcst,7.610650539398193,0.9736219644546509,0.79248046875,6.260170936584473,7.786863803863525
36800,1,fcst,7.921997547149658,0.7485113739967346,0.229248046875,8.456729888916016,8.822940826416016
36800,2,fcst,3.747360944747925,0.7299440503120422,0.587890625,8.945635795593262,9.133624076843262
36800,0,enc,6.151958465576172,0.5759978294372559,0.343505859375,0.8813806772232056,0.9384616613388062
36800,1,enc,7.4307966232299805,0.5907519459724426,0.275634765625,1.3041260242462158,1.0618808269500732
36800,2,enc,19.27345848083496,0.8130237460136414,0.7158203125,1.1351029872894287,1.0698391199111938
37000,0,enc,6.010053634643555,0.4694133698940277,0.5166015625,0.8654386401176453,0.8780378103256226
37000,1,enc,7.5545654296875,0.6065366864204407,0.344482421875,1.0787065029144287,1.0624899864196777
37000,2,enc,19.180374145507812,0.8949413299560547,0.77294921875,1.3294168710708618,1.288362979888916
37000,0,fcst,7.539201736450195,0.9041922688484192,0.83642578125,6.426836013793945,7.367837905883789
37000,1,fcst,7.953741550445557,0.7237840890884399,0.193603515625,8.025368690490723,8.490556716918945
37000,2,fcst,3.859750747680664,0.7353211045265198,0.5283203125,8.490556716918945,8.490556716918945
37000,0,enc,5.976878643035889,0.4719357192516327,0.338623046875,0.8705307841300964,0.8860516548156738
37000,1,enc,7.388308048248291,0.6028968691825867,0.29052734375,1.1209895610809326,1.032834768295288
37000,2,enc,19.146656036376953,0.8582267165184021,0.72900390625,1.2227615118026733,1.1476515531539917
37200,0,enc,5.962419033050537,0.48023805022239685,0.4208984375,0.8859081268310547,0.8922538757324219
37200,1,enc,7.82216215133667,0.5776693820953369,0.370361328125,1.0351284742355347,1.0728963613510132
37200,2,enc,19.333250045776367,0.8789163827896118,0.78173828125,1.3081742525100708,1.4299215078353882
37200,0,fcst,7.5601067543029785,0.9588044881820679,0.71435546875,6.648162364959717,7.404455661773682
37200,1,fcst,7.847287654876709,0.7734849452972412,0.2276611328125,7.932539463043213,7.932539463043213
37200,2,fcst,3.75565505027771,0.7481909394264221,0.5380859375,7.926784515380859,8.321123123168945
37200,0,enc,6.143434524536133,0.4782399535179138,0.323486328125,0.8992535471916199,0.9018399119377136
37200,1,enc,7.558795928955078,0.5795914530754089,0.28369140625,1.0085020065307617,0.9946244955062866
37200,2,enc,19.27997398376465,0.8633041977882385,0.8212890625,1.1124351024627686,1.1588565111160278
37400,0,enc,6.367110729217529,0.45312461256980896,0.404052734375,0.8856543898582458,0.9481450915336609
37400,1,enc,7.710204124450684,0.5786914825439453,0.424560546875,1.0609253644943237,1.132095217704773
37400,2,enc,19.368824005126953,0.7821866869926453,0.76123046875,1.3054454326629639,1.399631142616272
37400,0,fcst,7.499241828918457,1.1013144254684448,0.76513671875,6.439319133758545,7.200550556182861
37400,1,fcst,7.692288398742676,0.7599948644638062,0.1796875,8.085763931274414,8.703710556030273
37400,2,fcst,3.7097537517547607,0.7809262871742249,0.5185546875,8.694990158081055,9.113555908203125
37400,0,enc,6.401885032653809,0.4574483633041382,0.3369140625,0.8900638222694397,0.9000187516212463
37400,1,enc,7.568944931030273,0.5854440331459045,0.300537109375,1.00076162815094,1.03892183303833
37400,2,enc,19.30517578125,0.8036167621612549,0.72998046875,1.228667140007019,1.322478175163269
37600,0,enc,6.365070819854736,0.45660388469696045,0.400146484375,0.9329320192337036,0.934674084186554
37600,1,enc,7.613279819488525,0.6032077670097351,0.367919921875,1.0727125406265259,1.1484230756759644
37600,2,enc,19.238500595092773,0.8432639837265015,0.8037109375,1.1930224895477295,1.1845694780349731
37600,0,fcst,7.446345329284668,0.9705624580383301,0.70751953125,6.204583168029785,7.632735252380371
37600,1,fcst,7.5677361488342285,0.6741788387298584,0.160400390625,7.939828395843506,8.691239356994629
37600,2,fcst,4.004056453704834,0.7859241962432861,0.46142578125,8.407614707946777,9.246915817260742
37600,0,enc,6.327272415161133,0.4568054974079132,0.34130859375,0.9515314102172852,0.9526376724243164
37600,1,enc,7.544960021972656,0.6089818477630615,0.31640625,1.025962233543396,1.1056489944458008
37600,2,enc,19.217924118041992,0.8595677614212036,0.7392578125,1.1687489748001099,1.1965841054916382
37800,0,enc,6.206497669219971,0.4454464912414551,0.39013671875,0.9619044661521912,0.9619044661521912
37800,1,enc,7.784441947937012,0.5878539681434631,0.3671875,1.0812618732452393,0.9987583756446838
37800,2,enc,19.19845199584961,0.9720093011856079,0.828125,1.4660502672195435,1.4435350894927979
37800,0,fcst,7.574944972991943,0.9792368412017822,0.72021484375,6.148223876953125,8.424055099487305
37800,1,fcst,7.298624038696289,0.6883797645568848,0.143310546875,8.916500091552734,9.601179122924805
37800,2,fcst,3.7103710174560547,0.8056540489196777,0.446533203125,9.816998481750488,10.312874794006348
37800,0,enc,6.192918300628662,0.45010611414909363,0.348388671875,0.9495512247085571,0.9493657350540161
37800,1,enc,7.826843738555908,0.5838477611541748,0.320556640625,1.0348966121673584,1.0645544528961182
37800,2,enc,19.213054656982422,0.9221301674842834,0.75439453125,1.2053700685501099,1.2108975648880005
38000,0,enc,5.933421611785889,0.4339867830276489,0.40576171875,0.9230499863624573,0.9311922192573547
38000,1,enc,7.620006561279297,0.5851262807846069,0.367919921875,1.1258330345153809,1.0349693298339844
38000,2,enc,19.166324615478516,0.8046923875808716,0.7353515625,1.1390957832336426,1.1645468473434448
38000,0,fcst,7.507139205932617,1.0681052207946777,0.67724609375,6.456243991851807,7.341599464416504
38000,1,fcst,7.408047676086426,0.7347997426986694,0.1864013671875,7.67280912399292,8.268190383911133
38000,2,fcst,3.8354244232177734,0.715537965297699,0.53955078125,8.351919174194336,8.512955665588379
38000,0,enc,6.0524115562438965,0.4384172260761261,0.33935546875,0.9301429986953735,0.9361511468887329
38000,1,enc,7.614403247833252,0.5842402577400208,0.315673828125,1.0911623239517212,1.0277899503707886
38000,2,enc,19.190290451049805,0.7954722046852112,0.65771484375,1.0021580457687378,1.037030816078186
38200,0,enc,6.228793144226074,0.43776175379753113,0.411376953125,0.9749760031700134,0.9749760031700134
38200,1,enc,7.53356409072876,0.5861201286315918,0.3798828125,1.2146669626235962,1.1196787357330322
38200,2,enc,19.096954345703125,0.8773015737533569,0.74755859375,1.210552453994751,1.2408326864242554
38200,0,fcst,7.389328479766846,1.0326251983642578,0.6943359375,5.976077556610107,7.137394428253174
38200,1,fcst,7.149413108825684,0.7458283305168152,0.140625,8.540088653564453,8.540088653564453
38200,2,fcst,3.639507532119751,0.7295719385147095,0.521484375,8.561108589172363,8.913930892944336
38200,0,enc,6.264726161956787,0.4384578466415405,0.34375,0.9701428413391113,0.9706830978393555
38200,1,enc,7.51311731338501,0.5867567658424377,0.324951171875,1.1888985633850098,1.0877056121826172
38200,2,enc,19.098770141601562,0.8684409856796265,0.69091796875,1.0547105073928833,1.0651780366897583
38400,0,enc,6.381722450256348,0.4350038170814514,0.404541015625,0.9733412265777588,0.9711933135986328
38400,1,enc,7.993260860443115,0.5897260308265686,0.376953125,1.1546764373779297,1.181933879852295
38400,2,enc,19.17921257019043,0.8528434038162231,0.7783203125,1.2827767133712769,1.3685650825500488
38400,0,fcst,7.473475456237793,1.0823501348495483,0.7333984375,6.02570915222168,7.956291198730469
38400,1,fcst,7.157671928405762,0.6558797359466553,0.166748046875,8.255265235900879,8.413549423217773
38400,2,fcst,3.6834042072296143,0.7804705500602722,0.461669921875,8.453242301940918,9.237826347351074
38400,0,enc,6.31988000869751,0.4374925196170807,0.353515625,0.9664887189865112,0.9657233953475952
38400,1,enc,7.718123435974121,0.5890775322914124,0.328125,1.2638673782348633,1.0508313179016113
38400,2,enc,19.147506713867188,0.8541287779808044,0.671875,1.1089469194412231,1.1183310747146606
38600,0,enc,6.392183780670166,0.4337767958641052,0.395263671875,0.9655210971832275,0.9644826650619507
38600,1,enc,7.951395511627197,0.5935165882110596,0.373779296875,1.094406247138977,1.0173941850662231
38600,2,enc,19.258411407470703,0.8323150873184204,0.8134765625,1.317562222480774,1.4455325603485107
38600,0,fcst,7.413073539733887,0.9794044494628906,0.73291015625,5.845763683319092,7.234897136688232
38600,1,fcst,7.097785949707031,0.6345831751823425,0.167724609375,7.806882858276367,8.162514686584473
38600,2,fcst,3.712146282196045,0.7528908252716064,0.56787109375,8.105579376220703,8.925278663635254
38600,0,enc,6.381222248077393,0.4348964989185333,0.35595703125,0.9732779264450073,0.9731829166412354
38600,1,enc,7.8963398933410645,0.5926764011383057,0.3310546875,1.0969256162643433,1.0799627304077148
38600,2,enc,19.255451202392578,0.80619877576828,0.6826171875,1.0962319374084473,1.109529972076416
38800,0,enc,6.511176109313965,0.42690056562423706,0.3779296875,0.9628487229347229,0.9618722796440125
38800,1,enc,8.067035675048828,0.5913299322128296,0.378662109375,1.1580278873443604,1.1580278873443604
38800,2,enc,19.11503791809082,0.7803089022636414,0.8095703125,1.335249662399292,1.3910629749298096
38800,0,fcst,7.385004997253418,1.0205072164535522,0.69287109375,5.9045538902282715,7.941838264465332
38800,1,fcst,7.054693222045898,0.7413856983184814,0.14013671875,8.732029914855957,9.084948539733887
38800,2,fcst,3.6854259967803955,0.7241039276123047,0.5244140625,9.018774032592773,9.464737892150879
38800,0,enc,6.303863525390625,0.4263945519924164,0.361572265625,0.9757667779922485,0.9728847742080688
38800,1,enc,8.175933837890625,0.5918979644775391,0.341552734375,1.0804722309112549,0.99163818359375
38800,2,enc,19.16257095336914,0.7731260657310486,0.7314453125,1.0894211530685425,1.0688419342041016
39000,0,enc,6.505000591278076,0.41689324378967285,0.418701171875,0.946373462677002,0.9690428972244263
39000,1,enc,8.002034187316895,0.5788379907608032,0.373291015625,1.0659962892532349,1.1134014129638672
39000,2,enc,19.215898513793945,0.8262597322463989,0.7333984375,1.1963250637054443,1.1592971086502075
39000,0,fcst,7.434138298034668,1.1004748344421387,0.697265625,5.669454097747803,8.069543838500977
39000,1,fcst,6.95275354385376,0.6817489266395569,0.1875,8.666833877563477,9.079339981079102
39000,2,fcst,3.6419506072998047,0.7541707754135132,0.50732421875,9.190122604370117,9.788537979125977
39000,0,enc,6.525051116943359,0.41917774081230164,0.33447265625,0.9639885425567627,0.9640038013458252
39000,1,enc,7.928934097290039,0.5799714922904968,0.330078125,1.086127758026123,1.0046372413635254
39000,2,enc,19.231477737426758,0.8006051778793335,0.69140625,1.0620063543319702,1.0251411199569702
39200,0,enc,6.70173454284668,0.4196793735027313,0.334228515625,1.0023897886276245,1.0030276775360107
39200,1,enc,7.948086738586426,0.5718781352043152,0.380859375,1.1383739709854126,1.1383739709854126
39200,2,enc,19.134050369262695,0.7941696643829346,0.71435546875,1.2404038906097412,1.3318288326263428
39200,0,fcst,7.3436970710754395,0.9114457368850708,0.70361328125,6.205320358276367,7.547569751739502
39200,1,fcst,6.842507839202881,0.7174530029296875,0.176025390625,8.168783187866211,8.531196594238281
39200,2,fcst,3.804037570953369,0.6962751150131226,0.5986328125,8.534991264343262,9.126896858215332
39200,0,enc,6.694811820983887,0.41958513855934143,0.32568359375,0.9989036321640015,0.9959415197372437
39200,1,enc,7.763062477111816,0.5706678628921509,0.326904296875,1.1226441860198975,1.1232253313064575
39200,2,enc,19.12697410583496,0.7648870348930359,0.69921875,1.1781458854675293,1.2200270891189575
39400,0,enc,6.471324920654297,0.4181753993034363,0.358642578125,0.9978201985359192,0.999012291431427
39400,1,enc,8.02673053741455,0.5695319175720215,0.377685546875,1.1618669033050537,1.2463667392730713
39400,2,enc,18.803829193115234,0.9331421256065369,0.75830078125,1.286975622177124,1.3510963916778564
39400,0,fcst,7.266708850860596,1.0715457201004028,0.77880859375,6.34255838394165,7.787972450256348
39400,1,fcst,6.881344318389893,0.6385806798934937,0.142822265625,8.190381050109863,8.4593505859375
39400,2,fcst,3.7050986289978027,0.7043910622596741,0.54541015625,8.441141128540039,8.883768081665039
39400,0,enc,6.569433689117432,0.4184446632862091,0.32763671875,1.003947138786316,1.004318356513977
39400,1,enc,8.084379196166992,0.5689608454704285,0.33203125,1.1188874244689941,1.1549592018127441
39400,2,enc,18.83702278137207,0.9284300208091736,0.705078125,1.1303389072418213,1.1502270698547363
39600,0,enc,6.84384822845459,0.41300836205482483,0.33642578125,0.9692808389663696,0.9695754051208496
39600,1,enc,8.099681854248047,0.5718352198600769,0.357421875,1.2115542888641357,1.1841481924057007
39600,2,enc,18.692279815673828,0.8191041350364685,0.72314453125,1.3374077081680298,1.3240267038345337
39600,0,fcst,7.267674446105957,1.2035095691680908,0.65576171875,6.407743453979492,7.241873264312744
39600,1,fcst,6.900608539581299,0.7755204439163208,0.1553955078125,8.506819725036621,9.378673553466797
39600,2,fcst,3.6267571449279785,0.7389578223228455,0.5234375,9.378602981567383,9.664247512817383
39600,0,enc,6.845815181732178,0.4139433205127716,0.30810546875,0.9739651083946228,0.9710926413536072
39600,1,enc,8.169483184814453,0.573129415512085,0.31640625,1.1838620901107788,1.014284610748291
39600,2,enc,18.693740844726562,0.7481010556221008,0.70751953125,1.237654209136963,1.193190097808838
39800,0,enc,6.738912582397461,0.40425223112106323,0.34521484375,1.0229227542877197,1.0263919830322266
39800,1,enc,8.345393180847168,0.5631682276725769,0.34765625,1.255807638168335,1.063593864440918
39800,2,enc,18.690507888793945,0.8120493292808533,0.7890625,1.3668268918991089,1.3756345510482788
39800,0,fcst,7.266515254974365,1.2261921167373657,0.73876953125,6.213042736053467,7.150382995605469
39800,1,fcst,6.822549819946289,0.6050079464912415,0.1741943359375,8.393339157104492,8.947469711303711
39800,2,fcst,3.767860174179077,0.7381895780563354,0.482666015625,8.911491394042969,9.19198226928711
39800,0,enc,6.8287529945373535,0.40612536668777466,0.304931640625,1.0194780826568604,1.02315354347229
39800,1,enc,8.1468505859375,0.5648680329322815,0.306640625,1.1872830390930176,0.990169882774353
39800,2,enc,18.72930335998535,0.8068149089813232,0.67431640625,1.1582744121551514,1.1397415399551392
40000,0,enc,6.544177532196045,0.4075077176094055,0.32373046875,0.9783525466918945,0.9813092350959778
40000,1,enc,8.39211368560791,0.5611979365348816,0.37744140625,1.1720176935195923,1.0270994901657104
40000,2,enc,18.85721778869629,0.8217458128929138,0.73681640625,1.339708924293518,1.3714871406555176
40000,0,fcst,7.456057071685791,1.1727261543273926,0.64013671875,5.779379367828369,7.481921195983887
40000,1,fcst,6.893784999847412,0.5749179720878601,0.1461181640625,8.109243392944336,8.628449440002441
40000,2,fcst,3.800018787384033,0.7176693081855774,0.51513671875,8.622649192810059,8.929901123046875
40000,0,enc,6.637829780578613,0.4075724482536316,0.282958984375,0.9765955805778503,0.9796385765075684
40000,1,enc,8.334189414978027,0.5597892999649048,0.315673828125,1.1596825122833252,0.9934619665145874
40000,2,enc,18.8685359954834,0.7798213362693787,0.658203125,1.3430503606796265,1.2929099798202515
40200,0,enc,6.792957305908203,0.39060404896736145,0.364013671875,1.025824785232544,1.0220651626586914
40200,1,enc,8.400007247924805,0.5726476907730103,0.373046875,1.0885035991668701,1.058771014213562
40200,2,enc,18.795795440673828,0.7760382890701294,0.728515625,1.4505958557128906,1.4505958557128906
40200,0,fcst,7.341440677642822,1.3562402725219727,0.65234375,6.119880676269531,7.019826889038086
40200,1,fcst,6.959418296813965,0.5735435485839844,0.137939453125,8.08133316040039,8.608134269714355
40200,2,fcst,3.661433219909668,0.6822839379310608,0.5703125,8.612848281860352,9.218859672546387
40200,0,enc,6.833198070526123,0.38932228088378906,0.3115234375,1.031208872795105,1.028258204460144
40200,1,enc,8.341073989868164,0.5710613131523132,0.3271484375,1.0393025875091553,1.034600853919983
40200,2,enc,18.782142639160156,0.7413803339004517,0.71630859375,1.201920986175537,1.1208033561706543
40400,0,enc,6.803402900695801,0.39374780654907227,0.353759765625,1.0014638900756836,1.0014638900756836
40400,1,enc,8.293217658996582,0.5984730124473572,0.37353515625,1.1730988025665283,1.1730988025665283
40400,2,enc,18.528894424438477,0.790661633014679,0.76953125,1.4210954904556274,1.5207862854003906
40400,0,fcst,7.2748613357543945,1.2658345699310303,0.7177734375,6.333245754241943,7.740581035614014
40400,1,fcst,6.96793794631958,0.5131513476371765,0.148193359375,7.940555095672607,8.62252140045166
40400,2,fcst,3.6806252002716064,0.7835777401924133,0.497314453125,8.632024765014648,9.182426452636719
40400,0,enc,6.704412460327148,0.394084095954895,0.315185546875,1.009845495223999,1.0059564113616943
40400,1,enc,8.297250747680664,0.5992222428321838,0.3232421875,1.0932601690292358,1.075972557067871
40400,2,enc,18.540977478027344,0.8201096653938293,0.77880859375,1.2110334634780884,1.2152715921401978
40600,0,enc,6.758579730987549,0.3807450830936432,0.33349609375,0.9913209676742554,0.9983018636703491
40600,1,enc,8.574453353881836,0.6032369136810303,0.397216796875,1.3424460887908936,1.2209502458572388
40600,2,enc,18.45963478088379,0.8451391458511353,0.77001953125,1.3489290475845337,1.411342978477478
40600,0,fcst,7.318449974060059,1.2524638175964355,0.669921875,5.794230937957764,7.4745283126831055
40600,1,fcst,7.203030586242676,0.5231630206108093,0.156982421875,9.061945915222168,9.320056915283203
40600,2,fcst,3.748159885406494,0.6938577890396118,0.56298828125,9.320056915283203,9.453588485717773
40600,0,enc,6.893989086151123,0.38442492485046387,0.3095703125,0.9954966306686401,0.9995783567428589
40600,1,enc,8.5567045211792,0.6028393507003784,0.356689453125,1.1729249954223633,1.1056697368621826
40600,2,enc,18.468154907226562,0.8201446533203125,0.6669921875,1.2430365085601807,1.223015546798706
40800,0,enc,7.031972408294678,0.37827736139297485,0.32177734375,1.0251083374023438,1.0217747688293457
40800,1,enc,8.41596508026123,0.5997098684310913,0.392578125,1.4458580017089844,1.1810715198516846
40800,2,enc,18.525781631469727,0.7665607929229736,0.8134765625,1.318061113357544,1.318061113357544
40800,0,fcst,7.35053014755249,1.386132836341858,0.6396484375,6.245461940765381,7.277913570404053
40800,1,fcst,7.018791675567627,0.5531474351882935,0.1519775390625,8.085740089416504,8.571309089660645
40800,2,fcst,3.732722759246826,0.7219303846359253,0.5458984375,8.551469802856445,9.20413875579834
40800,0,enc,6.947501182556152,0.3760668933391571,0.3017578125,1.0078130960464478,1.0078396797180176
40800,1,enc,8.471419334411621,0.6002426147460938,0.353271484375,1.3932939767837524,1.1091268062591553
40800,2,enc,18.538732528686523,0.8546412587165833,0.65771484375,1.166136384010315,1.1942278146743774
41000,0,enc,7.052676677703857,0.37153613567352295,0.328125,0.993441641330719,0.9935544729232788
41000,1,enc,8.371212005615234,0.5928218364715576,0.390380859375,1.2546966075897217,1.1528120040893555
41000,2,enc,18.667261123657227,0.8456416726112366,0.765625,1.3945904970169067,1.4452496767044067
41000,0,fcst,7.414493560791016,1.192381739616394,0.6884765625,6.281473159790039,7.394803047180176
41000,1,fcst,7.059359073638916,0.5330965518951416,0.1370849609375,8.633157730102539,8.802428245544434
41000,2,fcst,3.9129350185394287,0.7606863379478455,0.525390625,8.803340911865234,8.965505599975586
41000,0,enc,6.992164134979248,0.3727302849292755,0.2958984375,1.004887580871582,1.0031766891479492
41000,1,enc,8.28110408782959,0.593068540096283,0.34619140625,1.1584656238555908,1.1088427305221558
41000,2,enc,18.670795440673828,0.808125913143158,0.7197265625,1.258090853691101,1.315006136894226
41200,0,enc,7.061983585357666,0.3730708360671997,0.35595703125,0.9798738956451416,0.9825102686882019
41200,1,enc,8.210979461669922,0.5862640738487244,0.3681640625,1.1758100986480713,1.231245756149292
41200,2,enc,18.700178146362305,0.7876284718513489,0.85107421875,1.3723090887069702,1.3810319900512695
41200,0,fcst,7.397407054901123,1.260318398475647,0.7431640625,6.1264519691467285,7.452223300933838
41200,1,fcst,7.028524398803711,0.4954112470149994,0.1376953125,8.930545806884766,9.577247619628906
41200,2,fcst,3.8422422409057617,0.6692271828651428,0.580078125,9.561651229858398,9.822837829589844
41200,0,enc,7.0356621742248535,0.3715446889400482,0.296630859375,0.9846579432487488,0.9853851199150085
41200,1,enc,8.222558975219727,0.5874631404876709,0.32470703125,1.1325633525848389,1.200780987739563
41200,2,enc,18.727428436279297,0.7936801910400391,0.7373046875,1.2824093103408813,1.2664943933486938
41400,0,enc,6.933114051818848,0.3566398322582245,0.306396484375,1.0022952556610107,1.0629414319992065
41400,1,enc,7.970437526702881,0.6088359951972961,0.388671875,1.2066566944122314,1.1478451490402222
41400,2,enc,18.788881301879883,0.8245532512664795,0.76611328125,1.3889509439468384,1.3963052034378052
41400,0,fcst,7.472776412963867,1.282010555267334,0.685546875,6.039406776428223,7.362669944763184
41400,1,fcst,7.165439605712891,0.59555584192276,0.118896484375,7.863536357879639,8.410411834716797
41400,2,fcst,3.8183493614196777,0.7070413827896118,0.5791015625,8.410411834716797,8.93768310546875
41400,0,enc,6.9649128913879395,0.35606974363327026,0.2578125,1.0063881874084473,1.0050921440124512
41400,1,enc,7.971739292144775,0.6080502867698669,0.3388671875,1.0702530145645142,1.140653371810913
41400,2,enc,18.844789505004883,0.8462916016578674,0.6953125,1.3729726076126099,1.2848988771438599
41600,0,enc,6.842984676361084,0.38012444972991943,0.29052734375,1.0212386846542358,1.0818827152252197
41600,1,enc,7.990135192871094,0.6118495464324951,0.373291015625,1.2366737127304077,1.198527455329895
41600,2,enc,18.769041061401367,0.7899554967880249,0.79052734375,1.3085553646087646,1.4027693271636963
41600,0,fcst,7.492492198944092,1.31186044216156,0.70263671875,6.22559118270874,7.630051136016846
41600,1,fcst,7.173836708068848,0.5246357321739197,0.123291015625,8.479700088500977,9.205184936523438
41600,2,fcst,3.854112148284912,0.6711429953575134,0.58056640625,9.17795181274414,9.671929359436035
41600,0,enc,6.8076581954956055,0.38745883107185364,0.259521484375,1.0261361598968506,1.0246083736419678
41600,1,enc,7.966578483581543,0.6116665601730347,0.33251953125,1.202887773513794,1.0014986991882324
41600,2,enc,18.819358825683594,0.8259613513946533,0.7724609375,1.2213447093963623,1.2853853702545166
41800,0,enc,6.687224388122559,0.37854334712028503,0.296630859375,1.0076268911361694,1.0287853479385376
41800,1,enc,8.076227188110352,0.6009398698806763,0.361328125,1.2045097351074219,1.1033772230148315
41800,2,enc,18.738901138305664,0.7848793864250183,0.7275390625,1.459181308746338,1.4825584888458252
41800,0,fcst,7.4865007400512695,1.1411978006362915,0.68212890625,6.831179141998291,7.857112407684326
41800,1,fcst,7.09165620803833,0.4768486022949219,0.1549072265625,9.251338958740234,9.775970458984375
41800,2,fcst,3.836705446243286,0.6483182907104492,0.53515625,9.818260192871094,10.342619895935059
41800,0,enc,6.684539794921875,0.37978044152259827,0.254150390625,0.9931263327598572,1.0093868970870972
41800,1,enc,8.180524826049805,0.5967540740966797,0.307373046875,1.1203105449676514,1.0453510284423828
41800,2,enc,18.773324966430664,0.7798060178756714,0.70361328125,1.2806228399276733,1.2783145904541016
42000,0,enc,6.741536617279053,0.3954429030418396,0.290283203125,1.018993616104126,1.019762396812439
42000,1,enc,8.309295654296875,0.5974214673042297,0.406982421875,1.2438910007476807,1.2296282052993774
42000,2,enc,18.772863388061523,0.7835716605186462,0.79345703125,1.342347502708435,1.4035183191299438
42000,0,fcst,7.510140895843506,1.408782720565796,0.6923828125,6.424887657165527,7.943439483642578
42000,1,fcst,7.1051926612854,0.5198765993118286,0.1466064453125,9.100382804870605,9.775296211242676
42000,2,fcst,3.7456421852111816,0.7004225850105286,0.5927734375,9.772551536560059,9.98474407196045
42000,0,enc,6.738905906677246,0.4005849063396454,0.252685546875,1.0170111656188965,1.0152392387390137
42000,1,enc,8.306083679199219,0.5963897109031677,0.3291015625,1.1112985610961914,1.1151793003082275
42000,2,enc,18.755395889282227,0.7746908664703369,0.68701171875,1.1583338975906372,1.2232142686843872
42200,0,enc,6.686356544494629,0.3615235984325409,0.28515625,1.013742446899414,1.015442132949829
42200,1,enc,7.922721862792969,0.6034947037696838,0.390380859375,1.2751033306121826,1.2751033306121826
42200,2,enc,18.78468894958496,0.7779816389083862,0.76025390625,1.4091057777404785,1.4091057777404785
42200,0,fcst,7.476283073425293,1.2851637601852417,0.65673828125,6.3042473793029785,8.22092342376709
42200,1,fcst,7.1416850090026855,0.5017129778862,0.1397705078125,8.954970359802246,9.585395812988281
42200,2,fcst,3.7704074382781982,0.6207582950592041,0.50341796875,9.584013938903809,10.27943229675293
42200,0,enc,6.685567855834961,0.36352768540382385,0.251708984375,1.0170248746871948,1.0172845125198364
42200,1,enc,8.128275871276855,0.6021133065223694,0.33935546875,1.2102617025375366,1.2119417190551758
42200,2,enc,18.80035400390625,0.7387560606002808,0.71728515625,1.2486963272094727,1.2569695711135864
42400,0,enc,6.929139137268066,0.38925692439079285,0.283935546875,1.003714919090271,1.004378080368042
42400,1,enc,7.9584431648254395,0.6141422390937805,0.3955078125,1.1613186597824097,1.1276122331619263
42400,2,enc,18.827646255493164,0.7543397545814514,0.76123046875,1.381726861000061,1.387516736984253
42400,0,fcst,7.513761520385742,1.294447898864746,0.67431640625,6.236966133117676,7.601312160491943
42400,1,fcst,7.224739074707031,0.49438658356666565,0.1309814453125,8.759969711303711,9.004695892333984
42400,2,fcst,3.808279275894165,0.6706287860870361,0.5751953125,9.004695892333984,9.431078910827637
42400,0,enc,6.943105220794678,0.3851267993450165,0.2474365234375,1.0105793476104736,1.008765459060669
42400,1,enc,7.93048620223999,0.6151272654533386,0.353271484375,1.1093542575836182,1.167211890220642
42400,2,enc,18.819551467895508,0.7939107418060303,0.7421875,1.2744779586791992,1.2881574630737305
42600,0,enc,6.951539039611816,0.3719702959060669,0.260498046875,1.0174974203109741,1.017805814743042
42600,1,enc,8.059835433959961,0.6024174094200134,0.38818359375,1.153487205505371,1.1881966590881348
42600,2,enc,18.74810028076172,0.7979046702384949,0.75927734375,1.2901074886322021,1.3048068284988403
42600,0,fcst,7.470518112182617,1.2255735397338867,0.6474609375,6.202883243560791,7.543911457061768
42600,1,fcst,7.2178425788879395,0.4642905592918396,0.1319580078125,8.701398849487305,9.036956787109375
42600,2,fcst,3.7654507160186768,0.6066190600395203,0.59521484375,9.051807403564453,9.236540794372559
42600,0,enc,6.972002983093262,0.37397629022598267,0.232666015625,1.006394863128662,1.0060858726501465
42600,1,enc,7.993825912475586,0.6032059788703918,0.35009765625,1.0501595735549927,1.1069011688232422
42600,2,enc,18.789505004882812,0.8312221765518188,0.7001953125,1.2870838642120361,1.3344471454620361
42800,0,enc,6.892329216003418,0.3947376608848572,0.2421875,1.020434021949768,1.021219253540039
42800,1,enc,7.911679267883301,0.5897791385650635,0.400634765625,1.1107804775238037,1.1728051900863647
42800,2,enc,18.772550582885742,0.7759472727775574,0.74755859375,1.4236528873443604,1.4448456764221191
42800,0,fcst,7.501302719116211,1.3395838737487793,0.6962890625,6.366507530212402,7.877888202667236
42800,1,fcst,7.288215160369873,0.5315923094749451,0.11669921875,8.90183162689209,9.433244705200195
42800,2,fcst,3.813843011856079,0.629518985748291,0.55908203125,9.433244705200195,9.823598861694336
42800,0,enc,6.914363861083984,0.3971400856971741,0.214111328125,1.0211418867111206,1.0214349031448364
42800,1,enc,7.843275547027588,0.5902629494667053,0.345458984375,1.0860289335250854,1.1521910429000854
42800,2,enc,18.72907066345215,0.7890358567237854,0.73779296875,1.2719577550888062,1.2717729806900024
43000,0,enc,6.737949848175049,0.38951557874679565,0.2264404296875,0.9820418357849121,0.9821648001670837
43000,1,enc,7.88027286529541,0.5885365009307861,0.377685546875,1.2120593786239624,1.04573392868042
43000,2,enc,18.679656982421875,0.7424036860466003,0.7001953125,1.241079568862915,1.359144926071167
43000,0,fcst,7.456963539123535,1.1821773052215576,0.6787109375,6.383744716644287,7.843959808349609
43000,1,fcst,7.225499153137207,0.4958634376525879,0.1357421875,8.30443286895752,8.5033540725708
43000,2,fcst,3.834151268005371,0.6200288534164429,0.50927734375,8.453514099121094,9.000659942626953
43000,0,enc,6.778208255767822,0.4021499454975128,0.1973876953125,0.9723138809204102,0.9696075320243835
43000,1,enc,7.851056098937988,0.5898759961128235,0.33349609375,1.1808351278305054,1.1123608350753784
43000,2,enc,18.65699577331543,0.7186045050621033,0.65869140625,1.1607650518417358,1.2159349918365479
43200,0,enc,6.826467514038086,0.3835715055465698,0.249755859375,1.0162562131881714,1.0125771760940552
43200,1,enc,7.714128017425537,0.5971022248268127,0.37353515625,1.329603910446167,1.1458179950714111
43200,2,enc,18.632043838500977,0.8024557828903198,0.74853515625,1.3624365329742432,1.3624365329742432
43200,0,fcst,7.473726749420166,1.220353126525879,0.708984375,6.227328777313232,7.582464694976807
43200,1,fcst,7.203289985656738,0.49825364351272583,0.1146240234375,8.722505569458008,9.407727241516113
43200,2,fcst,3.9121081829071045,0.6567792892456055,0.5556640625,9.351456642150879,9.683758735656738
43200,0,enc,6.810389995574951,0.37950459122657776,0.1917724609375,1.0196070671081543,1.0174765586853027
43200,1,enc,7.605782985687256,0.595660388469696,0.336181640625,1.2643444538116455,1.086026668548584
43200,2,enc,18.67447280883789,0.8142801523208618,0.7021484375,1.1420542001724243,1.2154335975646973
43400,0,enc,6.714619159698486,0.42579299211502075,0.2315673828125,0.9966813921928406,0.9883950352668762
43400,1,enc,7.8877854347229,0.565963864326477,0.35595703125,1.18583083152771,1.0423986911773682
43400,2,enc,18.59991455078125,0.75766921043396,0.7626953125,1.4246201515197754,1.3924241065979004
43400,0,fcst,7.515250205993652,1.3705387115478516,0.6845703125,6.463039875030518,7.937722206115723
43400,1,fcst,7.367429256439209,0.4947884678840637,0.130859375,9.648351669311523,9.811383247375488
43400,2,fcst,3.872575521469116,0.6615058183670044,0.59912109375,9.825459480285645,9.86184310913086
43400,0,enc,6.775732040405273,0.4213283360004425,0.19384765625,0.9845970273017883,0.9772995114326477
43400,1,enc,7.820457458496094,0.5624313354492188,0.30859375,1.1134686470031738,1.0809091329574585
43400,2,enc,18.582809448242188,0.7837859392166138,0.6943359375,1.2857534885406494,1.3322927951812744
43600,0,enc,6.626981735229492,0.3692447245121002,0.220703125,1.0197557210922241,1.0147347450256348
43600,1,enc,7.788226127624512,0.580892026424408,0.37109375,1.3442533016204834,1.1707255840301514
43600,2,enc,18.522977828979492,0.7951275706291199,0.77783203125,1.4479432106018066,1.4174383878707886
43600,0,fcst,7.3842315673828125,1.1903117895126343,0.64306640625,6.1867194175720215,7.742681980133057
43600,1,fcst,7.399749755859375,0.48494720458984375,0.126708984375,9.001012802124023,9.488051414489746
43600,2,fcst,3.7392899990081787,0.5794664025306702,0.611328125,9.474331855773926,10.454691886901855
43600,0,enc,6.682923316955566,0.3668910264968872,0.1787109375,1.0319643020629883,1.0258607864379883
43600,1,enc,7.5904765129089355,0.5833373665809631,0.332275390625,1.3508248329162598,1.098917007446289
43600,2,enc,18.52056121826172,0.8353098034858704,0.73095703125,1.3686093091964722,1.3959630727767944
43800,0,enc,6.415075778961182,0.3811313807964325,0.250244140625,1.0424216985702515,1.047554612159729
43800,1,enc,7.9348931312561035,0.5890080332756042,0.36669921875,1.461503267288208,1.0594987869262695
43800,2,enc,18.5646915435791,0.7882318496704102,0.7021484375,1.2829152345657349,1.4222774505615234
43800,0,fcst,7.33811092376709,1.2755167484283447,0.6943359375,6.340444564819336,8.028218269348145
43800,1,fcst,7.420176982879639,0.44458094239234924,0.1322021484375,9.193133354187012,10.008020401000977
43800,2,fcst,3.6697282791137695,0.539760947227478,0.498046875,10.000398635864258,10.560294151306152
43800,0,enc,6.4604339599609375,0.38317185640335083,0.1795654296875,1.0373376607894897,1.0411885976791382
43800,1,enc,7.882812023162842,0.5866300463676453,0.321044921875,1.2084606885910034,1.01883864402771
43800,2,enc,18.547510147094727,0.776323139667511,0.638671875,1.048811912536621,1.2075116634368896
44000,0,enc,6.2971510887146,0.38024452328681946,0.2403564453125,1.0743688344955444,1.0746300220489502
44000,1,enc,8.017929077148438,0.577848494052887,0.402587890625,1.2280527353286743,1.0654213428497314
44000,2,enc,18.418399810791016,0.8912721872329712,0.6943359375,1.2697312831878662,1.3589491844177246
44000,0,fcst,7.434413433074951,1.1733652353286743,0.67919921875,6.200824737548828,7.679774284362793
44000,1,fcst,7.547810077667236,0.4092254936695099,0.1431884765625,8.542794227600098,9.219404220581055
44000,2,fcst,3.734130382537842,0.530868649482727,0.60205078125,9.211074829101562,9.747370719909668
44000,0,enc,6.318701267242432,0.37392517924308777,0.1705322265625,1.0643982887268066,1.064741849899292
44000,1,enc,7.937422752380371,0.5791061520576477,0.340087890625,1.1134041547775269,1.0526227951049805
44000,2,enc,18.419523239135742,0.9026849269866943,0.708984375,1.1084449291229248,1.0975348949432373
44200,0,enc,6.3955912590026855,0.3959021270275116,0.2159423828125,1.073166012763977,1.0736831426620483
44200,1,enc,8.114371299743652,0.5716520547866821,0.373046875,1.3073208332061768,1.308979868888855
44200,2,enc,18.438203811645508,0.7911892533302307,0.74560546875,1.4020752906799316,1.327341079711914
44200,0,fcst,7.5952043533325195,1.1398783922195435,0.62548828125,6.461166858673096,7.9619832038879395
44200,1,fcst,7.556079387664795,0.45551395416259766,0.110107421875,9.219063758850098,9.935209274291992
44200,2,fcst,3.71642804145813,0.5633159279823303,0.5810546875,9.928791999816895,10.276827812194824
44200,0,enc,6.466341972351074,0.39635181427001953,0.168701171875,1.0774158239364624,1.0777922868728638
44200,1,enc,8.108404159545898,0.5704789161682129,0.3271484375,1.054542064666748,1.1081061363220215
44200,2,enc,18.43853759765625,0.8927578926086426,0.68408203125,1.2438682317733765,1.3355430364608765
44400,0,enc,6.457703590393066,0.36632925271987915,0.2215576171875,1.0622998476028442,1.0629178285598755
44400,1,enc,8.002144813537598,0.5644174814224243,0.36376953125,1.273470163345337,1.1677364110946655
44400,2,enc,18.459253311157227,0.8089485764503479,0.7177734375,1.4628546237945557,1.440454125404358
44400,0,fcst,7.558081150054932,1.2648783922195435,0.66259765625,6.218260765075684,7.8838348388671875
44400,1,fcst,7.599973678588867,0.5164948105812073,0.1165771484375,8.747374534606934,10.282748222351074
44400,2,fcst,3.6719517707824707,0.5377710461616516,0.55615234375,10.243467330932617,10.243467330932617
44400,0,enc,6.435943126678467,0.3715004026889801,0.1751708984375,1.0692269802093506,1.0686943531036377
44400,1,enc,7.941449165344238,0.5639464855194092,0.314208984375,1.1558904647827148,1.0895061492919922
44400,2,enc,18.481552124023438,0.9139781594276428,0.7138671875,1.2082817554473877,1.2130730152130127
44600,0,enc,6.394540786743164,0.3362519145011902,0.255615234375,1.1037042140960693,1.10719895362854
44600,1,enc,7.903907775878906,0.5722607374191284,0.358642578125,1.3683545589447021,1.281579852104187
44600,2,enc,18.622068405151367,0.9091089963912964,0.8134765625,1.3153071403503418,1.3625205755233765
44600,0,fcst,7.353950500488281,1.1864378452301025,0.68896484375,6.5062079429626465,8.103811264038086
44600,1,fcst,7.4853010177612305,0.4255055785179138,0.1112060546875,9.198236465454102,9.843310356140137
44600,2,fcst,3.877809524536133,0.5634940266609192,0.5791015625,9.840489387512207,10.367562294006348
44600,0,enc,6.386837005615234,0.34464868903160095,0.1676025390625,1.0999631881713867,1.1024961471557617
44600,1,enc,7.892857074737549,0.5696528553962708,0.31787109375,1.1156426668167114,1.1177130937576294
44600,2,enc,18.619070053100586,0.804600715637207,0.74951171875,1.2700697183609009,1.2991377115249634
44800,0,enc,6.382558822631836,0.4010937809944153,0.2191162109375,1.148838996887207,1.148515224456787
44800,1,enc,7.850231170654297,0.5787972211837769,0.3740234375,1.2864490747451782,1.160332441329956
44800,2,enc,18.82187271118164,0.9190219640731812,0.8330078125,1.249359130859375,1.2806371450424194
44800,0,fcst,7.452465534210205,1.1638411283493042,0.755859375,6.119317054748535,9.449210166931152
44800,1,fcst,7.586357116699219,0.44825276732444763,0.11712646484375,9.722993850708008,9.877615928649902
44800,2,fcst,3.7818443775177,0.5387234687805176,0.5908203125,9.912920951843262,10.083819389343262
44800,0,enc,6.370729446411133,0.4004926383495331,0.1702880859375,1.1478906869888306,1.1485401391983032
44800,1,enc,7.716522216796875,0.5749157071113586,0.326416015625,1.2498433589935303,1.0281331539154053
44800,2,enc,18.729482650756836,0.7741141319274902,0.75146484375,1.102950096130371,1.202315330505371
45000,0,enc,6.30689811706543,0.3961118757724762,0.2279052734375,1.098457932472229,1.0978751182556152
45000,1,enc,7.698678016662598,0.5730239748954773,0.365966796875,1.2822885513305664,1.2116215229034424
45000,2,enc,18.507850646972656,0.9478356838226318,0.73828125,1.4138480424880981,1.528729796409607
45000,0,fcst,7.354373931884766,1.1877142190933228,0.63232421875,6.435075759887695,7.873036861419678
45000,1,fcst,7.694725513458252,0.44878682494163513,0.10943603515625,8.71750259399414,8.978034019470215
45000,2,fcst,3.7919423580169678,0.5724008679389954,0.5302734375,8.953362464904785,9.428470611572266
45000,0,enc,6.3312177658081055,0.39545074105262756,0.158447265625,1.1006395816802979,1.100935935974121
45000,1,enc,7.811178684234619,0.5719449520111084,0.3193359375,1.1024638414382935,1.027014970779419
45000,2,enc,18.53333854675293,0.8711538910865784,0.67822265625,1.418873906135559,1.464619755744934
45200,0,enc,6.177971839904785,0.34731945395469666,0.23486328125,1.0604196786880493,1.060513973236084
45200,1,enc,7.814778804779053,0.5741534233093262,0.3544921875,1.3792686462402344,1.3792686462402344
45200,2,enc,18.4703426361084,0.7778056859970093,0.8408203125,1.5738945007324219,1.3862059116363525
45200,0,fcst,7.541428565979004,1.145541787147522,0.71142578125,6.1451897621154785,7.602128505706787
45200,1,fcst,7.588111877441406,0.4489271938800812,0.11395263671875,8.604608535766602,9.189460754394531
45200,2,fcst,3.734666347503662,0.569707989692688,0.56298828125,9.125678062438965,9.904215812683105
45200,0,enc,6.1580915451049805,0.35165759921073914,0.1641845703125,1.0530064105987549,1.0530372858047485
45200,1,enc,7.934439659118652,0.5743739604949951,0.315185546875,1.1359922885894775,1.10428786277771
45200,2,enc,18.4866886138916,0.8021117448806763,0.71533203125,1.330930471420288,1.410093069076538
45400,0,enc,6.042843818664551,0.363280713558197,0.238037109375,1.0918331146240234,1.096618413925171
45400,1,enc,7.908224105834961,0.5707641243934631,0.351806640625,1.2734888792037964,1.1744494438171387
45400,2,enc,18.500839233398438,1.1104519367218018,0.75732421875,1.3937697410583496,1.3831733465194702
45400,0,fcst,7.600154876708984,1.0939536094665527,0.673828125,6.311119556427002,7.663971900939941
45400,1,fcst,7.536932468414307,0.4147026538848877,0.140625,8.747607231140137,9.289056777954102
45400,2,fcst,3.867414951324463,0.568465530872345,0.591796875,9.297595024108887,9.869674682617188
45400,0,enc,6.0845537185668945,0.36382466554641724,0.162109375,1.0866748094558716,1.090729832649231
45400,1,enc,7.952413082122803,0.5673815011978149,0.305419921875,1.1159204244613647,1.080405592918396
45400,2,enc,18.54323387145996,0.8171370029449463,0.6953125,1.3285492658615112,1.3980072736740112
45600,0,enc,5.888673305511475,0.3398602306842804,0.257568359375,1.1646775007247925,1.1655724048614502
45600,1,enc,8.097733497619629,0.5811042189598083,0.359375,1.3860116004943848,1.1017029285430908
45600,2,enc,18.48112678527832,0.7535097599029541,0.771484375,1.3782237768173218,1.3990044593811035
45600,0,fcst,7.610636234283447,1.2036205530166626,0.64111328125,6.86254358291626,7.724843502044678
45600,1,fcst,7.557856559753418,0.41308221220970154,0.130126953125,8.482810974121094,9.258537292480469
45600,2,fcst,3.9214675426483154,0.5486171841621399,0.6611328125,9.241490364074707,9.936477661132812
45600,0,enc,5.89705228805542,0.35037967562675476,0.1553955078125,1.1589821577072144,1.1597989797592163
45600,1,enc,8.056106567382812,0.5748583674430847,0.322021484375,1.2031728029251099,1.252730131149292
45600,2,enc,18.481060028076172,0.8108698129653931,0.70068359375,1.3934016227722168,1.402961254119873
45800,0,enc,5.750950336456299,0.32731717824935913,0.22412109375,1.1158448457717896,1.116348385810852
45800,1,enc,8.09569263458252,0.5659257173538208,0.33984375,1.347475528717041,1.3218642473220825
45800,2,enc,18.386125564575195,0.9109926819801331,0.810546875,1.3662196397781372,1.4110709428787231
45800,0,fcst,7.558398723602295,1.1321419477462769,0.6416015625,6.033605098724365,8.076537132263184
45800,1,fcst,7.701594829559326,0.5020419359207153,0.11529541015625,9.068328857421875,9.70960521697998
45800,2,fcst,3.7886552810668945,0.6021756529808044,0.60302734375,9.64793872833252,10.092545509338379
45800,0,enc,5.752480506896973,0.3350640535354614,0.14892578125,1.1026718616485596,1.1018774509429932
45800,1,enc,8.008401870727539,0.5662521123886108,0.2958984375,1.173052191734314,1.240435004234314
45800,2,enc,18.41267204284668,0.8646388649940491,0.6796875,1.2645667791366577,1.2529243230819702
46000,0,enc,5.755635738372803,0.3452579975128174,0.2435302734375,1.0713207721710205,1.1294158697128296
46000,1,enc,7.985109329223633,0.5593334436416626,0.3681640625,1.3658406734466553,1.208389401435852
46000,2,enc,18.31381607055664,0.7664430737495422,0.8330078125,1.3626238107681274,1.3831044435501099
46000,0,fcst,7.702700614929199,1.182007074356079,0.61572265625,6.472776412963867,8.213411331176758
46000,1,fcst,7.6376824378967285,0.44953492283821106,0.1468505859375,9.85416316986084,10.250494003295898
46000,2,fcst,3.7048842906951904,0.6193637251853943,0.564453125,10.271721839904785,10.307586669921875
46000,0,enc,5.761402606964111,0.3450923264026642,0.15380859375,1.079552412033081,1.0827853679656982
46000,1,enc,8.04047966003418,0.5579984784126282,0.32568359375,1.0873515605926514,1.2049052715301514
46000,2,enc,18.311214447021484,0.800070583820343,0.73291015625,1.2566620111465454,1.3028050661087036
46200,0,enc,5.723773956298828,0.3072742223739624,0.19189453125,1.052738904953003,1.0515457391738892
46200,1,enc,7.936354637145996,0.5686413049697876,0.376708984375,1.1300605535507202,1.1523054838180542
46200,2,enc,18.425182342529297,0.7862794995307922,0.72998046875,1.3523374795913696,1.4507397413253784
46200,0,fcst,7.689283847808838,1.072831392288208,0.6162109375,6.707098007202148,7.911525249481201
46200,1,fcst,7.661949634552002,0.3583724796772003,0.11669921875,9.649286270141602,10.116408348083496
46200,2,fcst,3.791966438293457,0.5488791465759277,0.5673828125,10.116408348083496,10.448982238769531
46200,0,enc,5.740303039550781,0.31674450635910034,0.154541015625,1.0347645282745361,1.033855676651001
46200,1,enc,7.947679042816162,0.5675018429756165,0.326171875,1.0971285104751587,1.1531587839126587
46200,2,enc,18.384485244750977,0.7975302934646606,0.66357421875,1.3219250440597534,1.2674511671066284
46400,0,enc,5.712021827697754,0.38354602456092834,0.168212890625,1.0907801389694214,1.0891292095184326
46400,1,enc,7.973432540893555,0.568356990814209,0.391845703125,1.4818484783172607,1.220848560333252
46400,2,enc,18.403907775878906,0.8471589088439941,0.73974609375,1.5216281414031982,1.5037753582000732
46400,0,fcst,7.757002353668213,1.060296893119812,0.61376953125,6.193854331970215,8.021111488342285
46400,1,fcst,7.583804130554199,0.36047106981277466,0.1546630859375,8.67164421081543,9.16480827331543
46400,2,fcst,3.8441927433013916,0.5401800274848938,0.4892578125,9.206419944763184,9.403303146362305
46400,0,enc,5.7027268409729,0.38057732582092285,0.146240234375,1.0897048711776733,1.087276816368103
46400,1,enc,7.97556734085083,0.5715869069099426,0.342041015625,1.2495089769363403,1.1336522102355957
46400,2,enc,18.44715690612793,0.8512251973152161,0.6552734375,1.2774450778961182,1.2431738376617432
46600,0,enc,5.617197513580322,0.335640013217926,0.2003173828125,1.0896408557891846,1.0846986770629883
46600,1,enc,8.084897994995117,0.5654819011688232,0.367431640625,1.2368247509002686,1.1925989389419556
46600,2,enc,18.488134384155273,0.742627739906311,0.75830078125,1.337928295135498,1.3086302280426025
46600,0,fcst,7.723458290100098,1.0657494068145752,0.64501953125,6.099279403686523,7.791690826416016
46600,1,fcst,7.576454162597656,0.36779165267944336,0.1275634765625,8.41552448272705,8.77685260772705
46600,2,fcst,3.737156867980957,0.5126492381095886,0.61279296875,8.711396217346191,8.883922576904297
46600,0,enc,5.616492748260498,0.3352404236793518,0.1451416015625,1.0845260620117188,1.0804367065429688
46600,1,enc,7.954195022583008,0.5634048581123352,0.328857421875,1.0999492406845093,1.149057388305664
46600,2,enc,18.418476104736328,0.8040787577629089,0.65283203125,1.2325758934020996,1.2984938621520996
46800,0,enc,5.691437721252441,0.3309587240219116,0.1875,1.0960118770599365,1.091552972793579
46800,1,enc,8.17318344116211,0.5671228170394897,0.370849609375,1.4338874816894531,1.2189465761184692
46800,2,enc,18.380298614501953,0.7671431303024292,0.73193359375,1.2318546772003174,1.2802734375
46800,0,fcst,7.911603927612305,1.0377558469772339,0.71435546875,6.64266300201416,8.421887397766113
46800,1,fcst,7.620291709899902,0.3233923316001892,0.10528564453125,9.337355613708496,9.825636863708496
46800,2,fcst,3.6677322387695312,0.5498466491699219,0.5791015625,9.841947555541992,10.071846961975098
46800,0,enc,5.700335502624512,0.33133989572525024,0.1551513671875,1.093680739402771,1.0900071859359741
46800,1,enc,8.130791664123535,0.5670334100723267,0.314697265625,1.2452633380889893,1.1404640674591064
46800,2,enc,18.38545036315918,0.7678189277648926,0.68359375,1.2238132953643799,1.2240406274795532
47000,0,enc,5.684942722320557,0.33203360438346863,0.1944580078125,1.136805534362793,1.1361145973205566
47000,1,enc,7.915456295013428,0.5623878240585327,0.350830078125,1.4947929382324219,1.2768601179122925
47000,2,enc,18.46158218383789,0.8047081232070923,0.7744140625,1.3785910606384277,1.420874834060669
47000,0,fcst,7.77677583694458,1.192401647567749,0.60009765625,6.265042304992676,8.376708030700684
47000,1,fcst,7.518032550811768,0.38975322246551514,0.1185302734375,8.552666664123535,9.22703742980957
47000,2,fcst,3.58913254737854,0.5500082969665527,0.54638671875,9.216766357421875,9.765811920166016
47000,0,enc,5.686574935913086,0.34250369668006897,0.1505126953125,1.123651146888733,1.122240662574768
47000,1,enc,7.877926349639893,0.5631884336471558,0.309326171875,1.2050559520721436,1.1699957847595215
47000,2,enc,18.43390464782715,0.8244059085845947,0.6669921875,1.224517583847046,1.2858812808990479
47200,0,enc,5.559114456176758,0.32503649592399597,0.21826171875,1.1527323722839355,1.1547266244888306
47200,1,enc,7.971372127532959,0.5580767393112183,0.33447265625,1.2566959857940674,1.2193454504013062
47200,2,enc,18.56210708618164,0.8735814094543457,0.7841796875,1.4527103900909424,1.4666467905044556
47200,0,fcst,7.917911052703857,1.0534111261367798,0.66943359375,6.388383388519287,8.206811904907227
47200,1,fcst,7.557236671447754,0.3334251642227173,0.1142578125,9.139525413513184,9.560165405273438
47200,2,fcst,3.7160801887512207,0.5083041191101074,0.51953125,9.560104370117188,9.941261291503906
47200,0,enc,5.581328868865967,0.31935563683509827,0.1456298828125,1.1447055339813232,1.1475627422332764
47200,1,enc,8.051263809204102,0.5604011416435242,0.294921875,1.4320452213287354,1.271976113319397
47200,2,enc,18.54890251159668,0.8470902442932129,0.71826171875,1.358868956565857,1.3591471910476685
47400,0,enc,5.777090549468994,0.3423821032047272,0.1986083984375,1.1476242542266846,1.1465741395950317
47400,1,enc,7.889649391174316,0.559511661529541,0.31298828125,1.2051362991333008,1.1686460971832275
47400,2,enc,18.53106689453125,0.8222309350967407,0.79443359375,1.3608026504516602,1.4351977109909058
47400,0,fcst,7.828355312347412,0.9448518753051758,0.646484375,6.121831893920898,8.34844970703125
47400,1,fcst,7.5695109367370605,0.36655646562576294,0.11669921875,9.370711326599121,9.90673542022705
47400,2,fcst,3.6979124546051025,0.5313777923583984,0.60009765625,9.976189613342285,10.535543441772461
47400,0,enc,5.767307281494141,0.3410094380378723,0.139404296875,1.1431185007095337,1.1412817239761353
47400,1,enc,7.921123027801514,0.5608183145523071,0.283447265625,1.3021385669708252,1.0840590000152588
47400,2,enc,18.538681030273438,0.7599645256996155,0.63427734375,1.3050408363342285,1.3801140785217285
47600,0,enc,5.64246940612793,0.350379079580307,0.182373046875,1.1008518934249878,1.0970484018325806
47600,1,enc,7.908751964569092,0.5595921874046326,0.314697265625,1.4543641805648804,1.4543641805648804
47600,2,enc,18.446678161621094,0.8409966826438904,0.66015625,1.6051476001739502,1.6051476001739502
47600,0,fcst,7.828038692474365,1.0382943153381348,0.67431640625,6.192704677581787,7.894138813018799
47600,1,fcst,7.687461853027344,0.3667076528072357,0.10357666015625,8.999687194824219,9.19717025756836
47600,2,fcst,3.832315444946289,0.5036854147911072,0.544921875,9.141278266906738,9.579841613769531
47600,0,enc,5.643348693847656,0.35248002409935,0.141357421875,1.1057394742965698,1.1022788286209106
47600,1,enc,8.014852523803711,0.5595064759254456,0.27490234375,1.0973193645477295,1.0950266122817993
47600,2,enc,18.481252670288086,0.7944058179855347,0.68359375,1.288246750831604,1.2685515880584717
47800,0,enc,5.7649664878845215,0.3315351605415344,0.1734619140625,1.1138041019439697,1.1147228479385376
47800,1,enc,7.885025978088379,0.5665178894996643,0.317138671875,1.131981611251831,1.1273934841156006
47800,2,enc,18.455276489257812,0.8709189295768738,0.7841796875,1.493830919265747,1.4644323587417603
47800,0,fcst,7.821316719055176,0.9375393986701965,0.61865234375,6.562605381011963,7.86067008972168
47800,1,fcst,7.744879245758057,0.3653404116630554,0.11541748046875,8.62668228149414,9.22049617767334
47800,2,fcst,3.57991623878479,0.5243499875068665,0.56298828125,9.381172180175781,9.787259101867676
47800,0,enc,5.759943962097168,0.3329191207885742,0.1390380859375,1.128556728363037,1.1297049522399902
47800,1,enc,7.763000965118408,0.5664823651313782,0.27734375,1.0022153854370117,1.0647892951965332
47800,2,enc,18.470584869384766,0.7751207947731018,0.65966796875,1.2516858577728271,1.3262708187103271
48000,0,enc,5.64724588394165,0.3332700729370117,0.1788330078125,1.098580002784729,1.098580002784729
48000,1,enc,8.151937484741211,0.56847083568573,0.315673828125,1.3513221740722656,1.2193011045455933
48000,2,enc,18.41960906982422,0.7426188588142395,0.73291015625,1.5249872207641602,1.504523515701294
48000,0,fcst,7.801033020019531,0.8899818658828735,0.64990234375,6.095715522766113,8.048372268676758
48000,1,fcst,7.753681182861328,0.342510461807251,0.12237548828125,8.431567192077637,9.07630729675293
48000,2,fcst,3.613300085067749,0.4898243248462677,0.58740234375,9.080578804016113,9.238931655883789
48000,0,enc,5.649003505706787,0.332451730966568,0.1307373046875,1.0953824520111084,1.093768835067749
48000,1,enc,8.081110954284668,0.5673277974128723,0.264892578125,1.1903822422027588,1.0781338214874268
48000,2,enc,18.418689727783203,0.7996564507484436,0.65966796875,1.34719717502594,1.3235613107681274
48200,0,enc,5.687668323516846,0.35106316208839417,0.2020263671875,1.054362416267395,1.0553171634674072
48200,1,enc,8.097140312194824,0.5640869140625,0.3017578125,1.3113375902175903,1.3113375902175903
48200,2,enc,18.36174774169922,0.9987553358078003,0.70068359375,1.4332669973373413,1.4076178073883057
48200,0,fcst,7.6897430419921875,0.8427621722221375,0.6708984375,6.741003036499023,8.21810531616211
48200,1,fcst,7.849104404449463,0.37227973341941833,0.1231689453125,9.099393844604492,9.701539993286133
48200,2,fcst,3.646369218826294,0.6455476880073547,0.5625,9.695714950561523,10.34903335571289
48200,0,enc,5.692160606384277,0.349358469247818,0.134033203125,1.0506058931350708,1.051937222480774
48200,1,enc,8.087520599365234,0.562943696975708,0.254150390625,1.00041925907135,1.0110249519348145
48200,2,enc,18.41315460205078,0.8396892547607422,0.658203125,1.198803186416626,1.276195764541626
48400,0,enc,5.772305965423584,0.3566349744796753,0.2186279296875,1.040198802947998,1.0392429828643799
48400,1,enc,8.176352500915527,0.5634331107139587,0.307861328125,1.2004300355911255,1.0848126411437988
48400,2,enc,18.25249481201172,1.0667566061019897,0.65673828125,1.5874820947647095,1.566458821296692
48400,0,fcst,7.7357659339904785,0.8463926911354065,0.630859375,6.539078712463379,8.43758773803711
48400,1,fcst,7.691190719604492,0.3348756432533264,0.1270751953125,9.83505916595459,10.79805850982666
48400,2,fcst,3.4906516075134277,0.5636784434318542,0.6025390625,10.79805850982666,11.31563663482666
48400,0,enc,5.8223490715026855,0.3580452501773834,0.144287109375,1.0427008867263794,1.041530728340149
48400,1,enc,8.2136812210083,0.5627027153968811,0.256591796875,1.0726187229156494,1.0780242681503296
48400,2,enc,18.265920639038086,0.742396354675293,0.638671875,1.4301401376724243,1.4503580331802368
48600,0,enc,5.765438556671143,0.30793097615242004,0.1820068359375,1.0871156454086304,1.0871344804763794
48600,1,enc,7.989553928375244,0.5575240850448608,0.296142578125,1.3051495552062988,1.2949600219726562
48600,2,enc,18.049034118652344,0.7352033257484436,0.66162109375,1.571301817893982,1.5838055610656738
48600,0,fcst,7.753314018249512,0.9210584759712219,0.62255859375,6.4654860496521,7.817485332489014
48600,1,fcst,7.654566287994385,0.382442831993103,0.11578369140625,8.714958190917969,9.162525177001953
48600,2,fcst,3.485760450363159,0.5955278277397156,0.564453125,9.183324813842773,9.75930404663086
48600,0,enc,5.806269645690918,0.30760082602500916,0.1456298828125,1.075388789176941,1.0750590562820435
48600,1,enc,7.949572563171387,0.557169497013092,0.25439453125,1.089247465133667,1.126997709274292
48600,2,enc,18.050113677978516,0.9508260488510132,0.6494140625,1.3686023950576782,1.3678280115127563
48800,0,enc,5.66863489151001,0.3304983377456665,0.16650390625,1.051639437675476,1.052400827407837
48800,1,enc,7.791986465454102,0.5516261458396912,0.292724609375,1.1943237781524658,1.1474965810775757
48800,2,enc,18.210201263427734,0.7600407600402832,0.673828125,1.5276765823364258,1.4746776819229126
48800,0,fcst,7.772969722747803,0.7819069623947144,0.6484375,6.986837387084961,7.802331924438477
48800,1,fcst,7.741397380828857,0.418304979801178,0.1109619140625,8.907685279846191,9.407066345214844
48800,2,fcst,3.619798183441162,0.48756131529808044,0.65234375,9.397573471069336,9.8926362991333
48800,0,enc,5.675146102905273,0.3323884904384613,0.1429443359375,1.0516815185546875,1.0521631240844727
48800,1,enc,7.6169281005859375,0.5534969568252563,0.25390625,1.0797474384307861,1.046006202697754
48800,2,enc,18.2205753326416,0.741430938243866,0.61474609375,1.2675625085830688,1.225149393081665
49000,0,enc,5.746696949005127,0.30938035249710083,0.201904296875,1.07936429977417,1.079324722290039
49000,1,enc,7.661549091339111,0.5499657988548279,0.292724609375,1.3028380870819092,1.1027395725250244
49000,2,enc,18.180519104003906,0.7360920906066895,0.63818359375,1.6045937538146973,1.5955413579940796
49000,0,fcst,7.854744911193848,0.9995893239974976,0.66845703125,6.792773246765137,8.630598068237305
49000,1,fcst,7.792327880859375,0.38135045766830444,0.11041259765625,9.103421211242676,9.647330284118652
49000,2,fcst,3.4946277141571045,0.513045608997345,0.6728515625,9.631492614746094,10.348723411560059
49000,0,enc,5.758023262023926,0.31352418661117554,0.1671142578125,1.0689483880996704,1.0683637857437134
49000,1,enc,7.80064582824707,0.5502997636795044,0.259765625,1.134530782699585,1.1272635459899902
49000,2,enc,18.189085006713867,0.7305539846420288,0.609375,1.4365817308425903,1.4357532262802124
49200,0,enc,5.627056121826172,0.3339553475379944,0.2073974609375,1.0497874021530151,1.0480977296829224
49200,1,enc,7.98402214050293,0.5425339937210083,0.294921875,1.3277018070220947,1.199026107788086
49200,2,enc,18.237136840820312,0.7579930424690247,0.66748046875,1.4405488967895508,1.4405488967895508
49200,0,fcst,7.820377349853516,0.9521279335021973,0.6796875,6.8476738929748535,7.734531402587891
49200,1,fcst,7.7942986488342285,0.38696107268333435,0.12335205078125,8.640888214111328,8.808475494384766
49200,2,fcst,3.4741077423095703,0.5089666843414307,0.59716796875,9.015179634094238,9.32581901550293
49200,0,enc,5.64202356338501,0.3271726369857788,0.1680908203125,1.0404592752456665,1.0388761758804321
49200,1,enc,7.8893961906433105,0.5418016910552979,0.255126953125,1.1785869598388672,1.1665726900100708
49200,2,enc,18.202621459960938,0.7379993200302124,0.568359375,1.2680907249450684,1.2116026878356934
49400,0,enc,5.560115814208984,0.35696664452552795,0.1898193359375,1.0715997219085693,1.0745327472686768
49400,1,enc,8.007454872131348,0.5361615419387817,0.2861328125,1.3388218879699707,1.1859636306762695
49400,2,enc,18.467533111572266,0.7448410987854004,0.6865234375,1.4340523481369019,1.3887120485305786
49400,0,fcst,7.8988447189331055,0.8800615072250366,0.72314453125,6.779670238494873,8.012138366699219
49400,1,fcst,7.712302207946777,0.3918813467025757,0.105712890625,9.173630714416504,9.59725284576416
49400,2,fcst,3.4962456226348877,0.4783267378807068,0.625,9.589218139648438,10.1370849609375
49400,0,enc,5.578981399536133,0.35973021388053894,0.16357421875,1.0719472169876099,1.0723220109939575
49400,1,enc,7.9574408531188965,0.5370718836784363,0.2496337890625,1.2158375978469849,1.1578960418701172
49400,2,enc,18.410367965698242,0.7548050880432129,0.64794921875,1.4049694538116455,1.3682315349578857
49600,0,enc,5.761936664581299,0.313031941652298,0.1922607421875,1.0618349313735962,1.0596076250076294
49600,1,enc,8.140166282653809,0.5245473980903625,0.283935546875,1.360490083694458,1.2513437271118164
49600,2,enc,18.361995697021484,0.7627472877502441,0.68212890625,1.4987854957580566,1.4987854957580566
49600,0,fcst,7.919403553009033,0.9526734352111816,0.71240234375,7.005987167358398,8.605379104614258
49600,1,fcst,7.706995964050293,0.34172487258911133,0.1171875,9.505788803100586,10.517616271972656
49600,2,fcst,3.5164334774017334,0.5096396207809448,0.6865234375,10.48510456085205,10.91262149810791
49600,0,enc,5.768637180328369,0.31125158071517944,0.157470703125,1.0553739070892334,1.0532500743865967
49600,1,enc,8.189687728881836,0.5246708989143372,0.2420654296875,1.2466492652893066,1.1844373941421509
49600,2,enc,18.337478637695312,0.7497775554656982,0.6591796875,1.3650391101837158,1.3343079090118408
49800,0,enc,5.815229892730713,0.3089551329612732,0.176513671875,1.0888869762420654,1.0890907049179077
49800,1,enc,7.884933948516846,0.5160037279129028,0.268798828125,1.599665641784668,1.1612555980682373
49800,2,enc,18.351747512817383,0.761601984500885,0.689453125,1.5898292064666748,1.4835469722747803
49800,0,fcst,7.909661293029785,1.0639830827713013,0.6337890625,7.036133766174316,8.951281547546387
49800,1,fcst,7.756870269775391,0.351796418428421,0.1131591796875,10.500082015991211,10.978326797485352
49800,2,fcst,3.3733713626861572,0.4820130467414856,0.56103515625,11.003998756408691,11.25573444366455
49800,0,enc,5.828628063201904,0.30694228410720825,0.16015625,1.0907189846038818,1.0913593769073486
49800,1,enc,7.996514797210693,0.5173567533493042,0.2437744140625,1.1628310680389404,1.115510106086731
49800,2,enc,18.32006072998047,0.7881662249565125,0.62939453125,1.427243947982788,1.441098928451538
50000,0,enc,5.700292587280273,0.33198636770248413,0.203369140625,1.1564141511917114,1.1561418771743774
50000,1,enc,7.864307880401611,0.5114187598228455,0.264404296875,1.3516020774841309,1.1599763631820679
50000,2,enc,18.162860870361328,0.8456255793571472,0.66845703125,1.4841707944869995,1.4561834335327148
50000,0,fcst,7.826385498046875,0.8365298509597778,0.6953125,6.655891418457031,7.447389602661133
50000,1,fcst,7.720776557922363,0.32979825139045715,0.138671875,9.091705322265625,9.88109302520752
50000,2,fcst,3.4110209941864014,0.44699475169181824,0.63916015625,9.783225059509277,10.469532012939453
50000,0,enc,5.6329498291015625,0.34511256217956543,0.1539306640625,1.1572848558425903,1.1573697328567505
50000,1,enc,7.880524635314941,0.5111972689628601,0.2255859375,1.045888066291809,1.1360958814620972
50000,2,enc,18.128860473632812,0.7362239360809326,0.63916015625,1.2518351078033447,1.2560936212539673
50200,0,enc,5.8447489738464355,0.3243822455406189,0.2169189453125,1.1298704147338867,1.128674030303955
50200,1,enc,7.854028701782227,0.5058169960975647,0.246826171875,1.1554455757141113,1.1080833673477173
50200,2,enc,18.23027801513672,0.7508360147476196,0.6845703125,1.560843825340271,1.574118971824646
50200,0,fcst,7.993544101715088,1.1638742685317993,0.7060546875,6.609920501708984,8.378583908081055
50200,1,fcst,7.720693588256836,0.3274758458137512,0.132568359375,10.379838943481445,10.81033992767334
50200,2,fcst,3.4462778568267822,0.4918838441371918,0.5947265625,10.807233810424805,11.202470779418945
50200,0,enc,5.798767566680908,0.3226155638694763,0.1336669921875,1.1257569789886475,1.1244266033172607
50200,1,enc,7.719933032989502,0.5073292851448059,0.2325439453125,1.0932140350341797,1.1657108068466187
50200,2,enc,18.233552932739258,0.7077608108520508,0.6298828125,1.459590196609497,1.433039903640747
50400,0,enc,5.880617618560791,0.3241773843765259,0.2734375,1.0863574743270874,1.0863574743270874
50400,1,enc,7.891209602355957,0.5048196911811829,0.241943359375,1.3709381818771362,1.2611579895019531
50400,2,enc,18.12026596069336,0.7585461735725403,0.76220703125,1.4944376945495605,1.4341901540756226
50400,0,fcst,7.777980804443359,1.1151028871536255,0.68359375,6.414602756500244,9.001801490783691
50400,1,fcst,7.703685283660889,0.37201184034347534,0.11273193359375,9.83232307434082,9.871164321899414
50400,2,fcst,3.5152676105499268,0.5303676128387451,0.67431640625,9.828919410705566,10.437047958374023
50400,0,enc,5.916197299957275,0.3185034692287445,0.1473388671875,1.089202880859375,1.0893192291259766
50400,1,enc,7.965786457061768,0.5037358999252319,0.2271728515625,1.1266648769378662,1.0481061935424805
50400,2,enc,18.135234832763672,0.7067646384239197,0.669921875,1.4316283464431763,1.3821593523025513
50600,0,enc,5.822278022766113,0.33597978949546814,0.18115234375,1.1175246238708496,1.1203984022140503
50600,1,enc,7.797869682312012,0.48793405294418335,0.2646484375,1.468637466430664,1.1532148122787476
50600,2,enc,18.106477737426758,0.7597200274467468,0.71240234375,1.4225683212280273,1.4225683212280273
50600,0,fcst,7.743619441986084,1.0323389768600464,0.70263671875,6.928917407989502,9.083086967468262
50600,1,fcst,7.647655963897705,0.3089107275009155,0.11187744140625,9.976984977722168,10.557497024536133
50600,2,fcst,3.4000611305236816,0.5427231192588806,0.64794921875,10.581510543823242,10.907845497131348
50600,0,enc,5.79263162612915,0.3249279260635376,0.142333984375,1.121663212776184,1.1244555711746216
50600,1,enc,7.753638744354248,0.4883875250816345,0.25341796875,1.4229280948638916,1.102362871170044
50600,2,enc,18.118974685668945,0.8065416216850281,0.6357421875,1.4427244663238525,1.4426047801971436
50800,0,enc,5.6963725090026855,0.37638455629348755,0.2271728515625,1.1422098875045776,1.1427394151687622
50800,1,enc,8.02625846862793,0.49417319893836975,0.26416015625,1.2313023805618286,1.2266017198562622
50800,2,enc,18.00049591064453,0.7212903499603271,0.72119140625,1.3471354246139526,1.293893814086914
50800,0,fcst,7.792827606201172,1.0549960136413574,0.69384765625,6.9087324142456055,7.637953281402588
50800,1,fcst,7.732107162475586,0.3461797535419464,0.1307373046875,8.920247077941895,9.57237434387207
50800,2,fcst,3.5579681396484375,0.5694125294685364,0.62109375,9.609480857849121,10.318573951721191
50800,0,enc,5.673871994018555,0.37482377886772156,0.14697265625,1.135318398475647,1.1348999738693237
50800,1,enc,7.96136474609375,0.4951436221599579,0.2357177734375,1.1721400022506714,1.2718729972839355
50800,2,enc,18.00184440612793,0.7502766251564026,0.66259765625,1.2696702480316162,1.3336598873138428
51000,0,enc,5.668004035949707,0.32591667771339417,0.2215576171875,1.1315706968307495,1.1334823369979858
51000,1,enc,8.02391529083252,0.48687127232551575,0.26904296875,1.4514871835708618,1.189633846282959
51000,2,enc,17.923389434814453,0.7936875820159912,0.73388671875,1.4858965873718262,1.5546289682388306
51000,0,fcst,7.720606803894043,1.0383356809616089,0.6708984375,6.92817497253418,8.339850425720215
51000,1,fcst,7.632197380065918,0.3359077274799347,0.11944580078125,9.069547653198242,9.482687950134277
51000,2,fcst,3.485064744949341,0.4837002754211426,0.58203125,9.47999382019043,10.123982429504395
51000,0,enc,5.653361797332764,0.3274528980255127,0.1497802734375,1.13264799118042,1.1330928802490234
51000,1,enc,8.036299705505371,0.48662084341049194,0.232421875,1.119891881942749,1.115338921546936
51000,2,enc,17.913625717163086,1.1194055080413818,0.69091796875,1.2533270120620728,1.3210209608078003
51200,0,enc,5.644752502441406,0.3102085292339325,0.184326171875,1.1554397344589233,1.1554397344589233
51200,1,enc,8.038256645202637,0.47913694381713867,0.255615234375,1.210339903831482,1.198352336883545
51200,2,enc,17.847057342529297,0.7423524260520935,0.71240234375,1.4369157552719116,1.4369157552719116
51200,0,fcst,7.752677917480469,1.1847440004348755,0.705078125,6.652763843536377,8.683675765991211
51200,1,fcst,7.775655269622803,0.3324231207370758,0.1180419921875,9.903788566589355,10.60528564453125
51200,2,fcst,3.4223432540893555,0.525081992149353,0.67724609375,10.606409072875977,11.215132713317871
51200,0,enc,5.6866631507873535,0.3130623996257782,0.16259765625,1.1443794965744019,1.1445494890213013
51200,1,enc,7.917103290557861,0.4790290892124176,0.2305908203125,1.1465606689453125,1.093587875366211
51200,2,enc,17.827667236328125,0.7136155962944031,0.6650390625,1.3416246175765991,1.2202867269515991
51400,0,enc,5.891534328460693,0.2952727675437927,0.218017578125,1.1602298021316528,1.1640698909759521
51400,1,enc,8.112130165100098,0.4696437418460846,0.240478515625,1.2581861019134521,1.1279386281967163
51400,2,enc,17.78813934326172,0.7701376080513,0.6630859375,1.4747238159179688,1.4715067148208618
51400,0,fcst,7.635085582733154,1.2346025705337524,0.66943359375,6.521392822265625,8.339164733886719
51400,1,fcst,7.641078472137451,0.3252645432949066,0.12109375,9.047174453735352,9.647217750549316
51400,2,fcst,3.323640823364258,0.5001010298728943,0.64794921875,9.680011749267578,10.071450233459473
51400,0,enc,5.8877272605896,0.2960299849510193,0.1605224609375,1.1669931411743164,1.1698312759399414
51400,1,enc,7.9032158851623535,0.46870535612106323,0.2178955078125,1.050475001335144,1.138731837272644
51400,2,enc,17.797958374023438,0.7729822397232056,0.63720703125,1.443544626235962,1.377260446548462
51600,0,enc,6.0179924964904785,0.31802281737327576,0.194580078125,1.1493408679962158,1.1502691507339478
51600,1,enc,8.195605278015137,0.46998682618141174,0.2388916015625,1.2738673686981201,1.1978932619094849
51600,2,enc,17.77815055847168,0.7718336582183838,0.6826171875,1.5295805931091309,1.514479160308838
51600,0,fcst,7.558108806610107,1.1421409845352173,0.650390625,6.726710796356201,8.483345985412598
51600,1,fcst,7.570755481719971,0.36261382699012756,0.1199951171875,9.13296127319336,9.67909049987793
51600,2,fcst,3.4718010425567627,0.5211222171783447,0.67041015625,9.665059089660645,9.908114433288574
51600,0,enc,5.997507095336914,0.3207620680332184,0.1546630859375,1.1440242528915405,1.1445854902267456
51600,1,enc,8.029437065124512,0.4698944389820099,0.2093505859375,1.127827763557434,1.1297118663787842
51600,2,enc,17.773338317871094,0.7420014142990112,0.64794921875,1.3250983953475952,1.2895454168319702
51800,0,enc,6.122615814208984,0.3401433229446411,0.2203369140625,1.112871766090393,1.1145470142364502
51800,1,enc,8.37057876586914,0.46237802505493164,0.2337646484375,1.245254635810852,1.1673004627227783
51800,2,enc,17.840131759643555,0.8860146403312683,0.6689453125,1.4173718690872192,1.4173718690872192
51800,0,fcst,7.586528301239014,1.2275394201278687,0.72509765625,6.677170276641846,8.482137680053711
51800,1,fcst,7.590113162994385,0.36562955379486084,0.112548828125,10.056266784667969,10.71761703491211
51800,2,fcst,3.2661538124084473,0.5327323079109192,0.53564453125,10.714775085449219,11.306680679321289
51800,0,enc,6.140012264251709,0.3420334756374359,0.140625,1.118358850479126,1.11958909034729
51800,1,enc,8.100613594055176,0.46315985918045044,0.207275390625,1.1055457592010498,1.1135016679763794
51800,2,enc,17.854562759399414,0.9651052951812744,0.6630859375,1.2384883165359497,1.2413016557693481
52000,0,enc,6.020795822143555,0.3172222971916199,0.2152099609375,1.1347136497497559,1.1338436603546143
52000,1,enc,8.239758491516113,0.4569973349571228,0.2462158203125,1.4483450651168823,1.3006467819213867
52000,2,enc,17.837160110473633,0.7477678656578064,0.6767578125,1.5482170581817627,1.5660020112991333
52000,0,fcst,7.615870475769043,1.3419798612594604,0.64111328125,6.14862060546875,7.992852210998535
52000,1,fcst,7.5945611000061035,0.36409977078437805,0.12451171875,8.383881568908691,8.79968547821045
52000,2,fcst,3.390629529953003,0.5034689903259277,0.61181640625,8.914933204650879,9.221199035644531
52000,0,enc,6.023444175720215,0.3224075734615326,0.14794921875,1.1312707662582397,1.1317733526229858
52000,1,enc,8.223447799682617,0.4554702341556549,0.208984375,1.103226661682129,1.160874366760254
52000,2,enc,17.8102970123291,0.7048528790473938,0.6259765625,1.3665330410003662,1.3438279628753662
52200,0,enc,6.01596212387085,0.3108643591403961,0.2103271484375,1.1489375829696655,1.1483484506607056
52200,1,enc,8.359545707702637,0.4591212570667267,0.2379150390625,1.5141093730926514,1.11227285861969
52200,2,enc,17.81008529663086,0.8552564382553101,0.74267578125,1.5128629207611084,1.4046772718429565
52200,0,fcst,7.560832977294922,1.0947480201721191,0.7001953125,6.762277603149414,8.257111549377441
52200,1,fcst,7.546014308929443,0.37404006719589233,0.1204833984375,9.042661666870117,9.591164588928223
52200,2,fcst,3.325557231903076,0.4997149705886841,0.548828125,9.590057373046875,9.79825496673584
52200,0,enc,6.030097007751465,0.31881725788116455,0.1514892578125,1.1657856702804565,1.1654237508773804
52200,1,enc,8.208706855773926,0.45352116227149963,0.206298828125,1.1271085739135742,1.1947355270385742
52200,2,enc,17.801708221435547,0.8781840205192566,0.65673828125,1.285799264907837,1.226808786392212
52400,0,enc,5.990208148956299,0.3139801025390625,0.18798828125,1.1663215160369873,1.1668574810028076
52400,1,enc,8.372814178466797,0.445829302072525,0.25634765625,1.2450299263000488,1.2333091497421265
52400,2,enc,17.935405731201172,0.9706559181213379,0.81201171875,1.572350025177002,1.5400183200836182
52400,0,fcst,7.703983306884766,1.1984540224075317,0.6748046875,6.211246490478516,7.297403335571289
52400,1,fcst,7.522752285003662,0.37755581736564636,0.111572265625,8.762313842773438,9.338485717773438
52400,2,fcst,3.4075818061828613,0.537555456161499,0.59228515625,9.338391304016113,9.672050476074219
52400,0,enc,5.968093395233154,0.3109319806098938,0.1546630859375,1.1655126810073853,1.165280818939209
52400,1,enc,8.208035469055176,0.4456437826156616,0.221435546875,1.2026088237762451,1.0312261581420898
52400,2,enc,17.94289779663086,0.8520830273628235,0.69873046875,1.3108923435211182,1.3153822422027588
52600,0,enc,6.000916004180908,0.30634739995002747,0.19384765625,1.1336042881011963,1.1315538883209229
52600,1,enc,8.291367530822754,0.4433700144290924,0.255615234375,1.2772762775421143,1.21209716796875
52600,2,enc,18.051382064819336,0.7995846271514893,0.67236328125,1.5248630046844482,1.3935538530349731
52600,0,fcst,7.669903755187988,1.1486210823059082,0.6806640625,7.098456382751465,8.12059211730957
52600,1,fcst,7.638865947723389,0.37114715576171875,0.1475830078125,9.55971908569336,10.238547325134277
52600,2,fcst,3.3145663738250732,0.551161527633667,0.6611328125,10.221735000610352,10.906414031982422
52600,0,enc,6.007905006408691,0.30718615651130676,0.149658203125,1.1452161073684692,1.1426736116409302
52600,1,enc,8.34915542602539,0.445366233587265,0.2158203125,1.1737282276153564,1.1560592651367188
52600,2,enc,18.083784103393555,0.7477572560310364,0.625,1.359788179397583,1.3561818599700928
52800,0,enc,6.091241836547852,0.31629443168640137,0.230712890625,1.1368721723556519,1.1359126567840576
52800,1,enc,8.424323081970215,0.43293753266334534,0.251708984375,1.2588391304016113,1.2997745275497437
52800,2,enc,18.153654098510742,0.792285144329071,0.7197265625,1.462146520614624,1.4843716621398926
52800,0,fcst,7.9023895263671875,1.0658844709396362,0.69970703125,6.709127902984619,8.68369197845459
52800,1,fcst,7.5811944007873535,0.33537670969963074,0.11639404296875,9.239422798156738,9.536731719970703
52800,2,fcst,3.397913932800293,0.5220773816108704,0.54931640625,9.536731719970703,9.618130683898926
52800,0,enc,6.07245397567749,0.3176765739917755,0.1553955078125,1.1379437446594238,1.1380163431167603
52800,1,enc,8.312759399414062,0.4341449439525604,0.214111328125,1.0386017560958862,1.1300764083862305
52800,2,enc,18.120288848876953,0.8151882290840149,0.62255859375,1.3952341079711914,1.3947319984436035
53000,0,enc,6.027955532073975,0.31068912148475647,0.20458984375,1.1054452657699585,1.1057155132293701
53000,1,enc,8.566702842712402,0.42700496315956116,0.25537109375,1.0875900983810425,1.1360787153244019
53000,2,enc,18.02953338623047,0.7668774127960205,0.69970703125,1.3702926635742188,1.3969314098358154
53000,0,fcst,7.949604034423828,1.357486367225647,0.619140625,6.872198581695557,8.31318187713623
53000,1,fcst,7.585915565490723,0.3123726546764374,0.1346435546875,9.027545928955078,9.439168930053711
53000,2,fcst,3.393503427505493,0.498551607131958,0.64697265625,9.395906448364258,9.757524490356445
53000,0,enc,6.017453670501709,0.3111821711063385,0.1473388671875,1.1298177242279053,1.1283795833587646
53000,1,enc,8.533920288085938,0.4275779128074646,0.2103271484375,1.2329754829406738,1.1046661138534546
53000,2,enc,18.056262969970703,0.7738494873046875,0.630859375,1.2296713590621948,1.243405818939209
53200,0,enc,6.014034748077393,0.3401280641555786,0.2066650390625,1.1183077096939087,1.11666738986969
53200,1,enc,8.662296295166016,0.42340031266212463,0.26953125,1.4015092849731445,1.0298112630844116
53200,2,enc,17.853281021118164,0.7691630125045776,0.78515625,1.478907823562622,1.477962613105774
53200,0,fcst,7.802180767059326,1.1997361183166504,0.66650390625,6.629716396331787,7.898039817810059
53200,1,fcst,7.5353474617004395,0.3423669636249542,0.1270751953125,8.992595672607422,9.352127075195312
53200,2,fcst,3.489975690841675,0.5186368823051453,0.69482421875,9.353641510009766,9.72799015045166
53200,0,enc,5.999230861663818,0.3337131142616272,0.1441650390625,1.1313031911849976,1.1289018392562866
53200,1,enc,8.651162147521973,0.4248162806034088,0.2156982421875,1.0621318817138672,1.031936526298523
53200,2,enc,17.8572998046875,0.7181527614593506,0.6103515625,1.3191659450531006,1.3173625469207764
53400,0,enc,6.078393936157227,0.32998478412628174,0.189697265625,1.1043263673782349,1.1031628847122192
53400,1,enc,8.70755386352539,0.4221060872077942,0.252685546875,1.449307918548584,1.449307918548584
53400,2,enc,17.959190368652344,0.7165419459342957,0.69287109375,1.4511463642120361,1.5338828563690186
53400,0,fcst,7.867374897003174,1.1015955209732056,0.6513671875,6.418211936950684,8.703180313110352
53400,1,fcst,7.588105201721191,0.3056122064590454,0.1302490234375,9.765361785888672,9.765361785888672
53400,2,fcst,3.391242265701294,0.4817158579826355,0.60986328125,9.766478538513184,9.973255157470703
53400,0,enc,6.067434787750244,0.3285685181617737,0.1544189453125,1.1036789417266846,1.102966547012329
53400,1,enc,8.671792030334473,0.42047297954559326,0.2169189453125,1.0624706745147705,1.0105817317962646
53400,2,enc,17.954090118408203,0.7279444932937622,0.66064453125,1.4168473482131958,1.4060364961624146
53600,0,enc,6.181739330291748,0.33096665143966675,0.2213134765625,1.1250393390655518,1.1235473155975342
53600,1,enc,8.735355377197266,0.4163399934768677,0.25732421875,1.4533907175064087,1.1554584503173828
53600,2,enc,17.94988441467285,0.7219687104225159,0.67333984375,1.4224789142608643,1.4518096446990967
53600,0,fcst,7.863087177276611,1.1423228979110718,0.6376953125,6.720391273498535,8.20418643951416
53600,1,fcst,7.591719627380371,0.31279388070106506,0.1229248046875,9.169427871704102,9.797283172607422
53600,2,fcst,3.5844268798828125,0.49372512102127075,0.60888671875,9.836155891418457,10.431316375732422
53600,0,enc,6.163059234619141,0.33840471506118774,0.18310546875,1.1389247179031372,1.1371957063674927
53600,1,enc,8.526782989501953,0.41724520921707153,0.209228515625,1.081329107284546,1.0218596458435059
53600,2,enc,17.98748779296875,0.7634521126747131,0.66259765625,1.286517858505249,1.341754674911499
53800,0,enc,6.079829692840576,0.3272377848625183,0.25634765625,1.0919368267059326,1.0911309719085693
53800,1,enc,8.588147163391113,0.42178261280059814,0.259521484375,1.356062650680542,1.356062650680542
53800,2,enc,17.858200073242188,0.7594349980354309,0.7021484375,1.4840002059936523,1.4556188583374023
53800,0,fcst,7.823258876800537,1.0697563886642456,0.6064453125,6.513643741607666,8.539464950561523
53800,1,fcst,7.553351879119873,0.3227868974208832,0.14990234375,9.897531509399414,10.539892196655273
53800,2,fcst,3.521009683609009,0.5009834170341492,0.56787109375,10.539892196655273,11.297813415527344
53800,0,enc,6.0539374351501465,0.3325575292110443,0.1932373046875,1.096275806427002,1.09671950340271
53800,1,enc,8.584634780883789,0.4219706058502197,0.2005615234375,1.1294490098953247,1.0236353874206543
53800,2,enc,17.88297462463379,0.7611677646636963,0.59326171875,1.3027268648147583,1.3627854585647583
54000,0,enc,5.939062118530273,0.32278841733932495,0.223876953125,1.0715792179107666,1.0719951391220093
54000,1,enc,8.818822860717773,0.4239811599254608,0.260986328125,1.4357733726501465,1.1786621809005737
54000,2,enc,17.8901424407959,0.7724626660346985,0.68359375,1.418654441833496,1.4152021408081055
54000,0,fcst,7.808464050292969,1.0768972635269165,0.6103515625,6.627139091491699,8.486948013305664
54000,1,fcst,7.552156925201416,0.3158765137195587,0.115966796875,9.709304809570312,10.442811965942383
54000,2,fcst,3.5092713832855225,0.4695656895637512,0.529296875,10.442811965942383,10.743647575378418
54000,0,enc,5.945794105529785,0.3231482207775116,0.1524658203125,1.0807976722717285,1.0840058326721191
54000,1,enc,8.584209442138672,0.4254864454269409,0.2247314453125,1.0176640748977661,1.034189224243164
54000,2,enc,17.90860939025879,0.7441650629043579,0.62890625,1.3078973293304443,1.3324029445648193
54200,0,enc,5.921361923217773,0.3286924958229065,0.2236328125,1.069990873336792,1.0691262483596802
54200,1,enc,8.73161792755127,0.42176902294158936,0.259521484375,1.2713621854782104,1.0941362380981445
54200,2,enc,17.79785919189453,0.7434514760971069,0.6875,1.4044294357299805,1.3957234621047974
54200,0,fcst,7.866466522216797,1.1510571241378784,0.64013671875,6.54441499710083,8.02987003326416
54200,1,fcst,7.612270832061768,0.3926820755004883,0.131591796875,9.011919975280762,9.719192504882812
54200,2,fcst,3.5207173824310303,0.4926554262638092,0.57763671875,9.719192504882812,10.273391723632812
54200,0,enc,5.940392017364502,0.32949042320251465,0.160400390625,1.0692988634109497,1.0641223192214966
54200,1,enc,8.610308647155762,0.4228839874267578,0.2208251953125,1.0028190612792969,1.0700880289077759
54200,2,enc,17.813858032226562,0.7724487781524658,0.67236328125,1.2610018253326416,1.2984387874603271
54400,0,enc,5.9588117599487305,0.32088083028793335,0.240966796875,1.065667986869812,1.0647069215774536
54400,1,enc,8.603034019470215,0.42201876640319824,0.26123046875,1.162978172302246,1.1233642101287842
54400,2,enc,17.724512100219727,0.7757946848869324,0.68896484375,1.3477158546447754,1.3001984357833862
54400,0,fcst,7.875458240509033,1.063006043434143,0.64697265625,6.595245838165283,7.687164306640625
54400,1,fcst,7.850601673126221,0.3109082579612732,0.10546875,9.578119277954102,10.055278778076172
54400,2,fcst,3.598501205444336,0.5030280947685242,0.52294921875,10.052471160888672,10.348694801330566
54400,0,enc,5.954716205596924,0.32044199109077454,0.15283203125,1.0535151958465576,1.0531419515609741
54400,1,enc,8.674309730529785,0.420369029045105,0.226806640625,1.0490951538085938,1.093548059463501
54400,2,enc,17.72439193725586,0.7107453942298889,0.6416015625,1.2720742225646973,1.2623848915100098
54600,0,enc,5.9161529541015625,0.3279687464237213,0.2327880859375,1.0618940591812134,1.061539649963379
54600,1,enc,8.790346145629883,0.41801443696022034,0.291015625,1.130565881729126,1.118781328201294
54600,2,enc,17.676698684692383,0.7371056079864502,0.6552734375,1.4175407886505127,1.3352925777435303
54600,0,fcst,7.8223371505737305,1.1902735233306885,0.59619140625,6.388497829437256,7.790517330169678
54600,1,fcst,8.015686988830566,0.337413489818573,0.1405029296875,9.379718780517578,9.677299499511719
54600,2,fcst,3.5324409008026123,0.5743783116340637,0.578125,9.681029319763184,9.840127944946289
54600,0,enc,5.931613922119141,0.326172798871994,0.151611328125,1.056960105895996,1.0563721656799316
54600,1,enc,8.917438507080078,0.41934752464294434,0.228515625,1.173699140548706,1.102016568183899
54600,2,enc,17.676610946655273,0.8171213269233704,0.6337890625,1.1308016777038574,1.1695349216461182
54800,0,enc,5.732469081878662,0.3264648914337158,0.2431640625,1.0768080949783325,1.0759201049804688
54800,1,enc,8.84278678894043,0.4248782992362976,0.27001953125,1.3476072549819946,1.0611228942871094
54800,2,enc,17.539772033691406,0.7852542996406555,0.6953125,1.3742718696594238,1.3674392700195312
54800,0,fcst,7.730401992797852,1.2700116634368896,0.6064453125,6.93142032623291,8.172611236572266
54800,1,fcst,7.7753496170043945,0.3129141926765442,0.1190185546875,9.096282005310059,9.673377990722656
54800,2,fcst,3.659590244293213,0.5008932948112488,0.55419921875,9.674050331115723,10.125167846679688
54800,0,enc,5.741158485412598,0.3287225663661957,0.14990234375,1.0707992315292358,1.0714291334152222
54800,1,enc,8.850223541259766,0.42332229018211365,0.2274169921875,1.0771962404251099,1.0045435428619385
54800,2,enc,17.562597274780273,0.8205676078796387,0.646484375,1.2561986446380615,1.278699278831482
55000,0,enc,5.708871364593506,0.3447133004665375,0.291015625,1.0695360898971558,1.0649160146713257
55000,1,enc,8.749702453613281,0.42278096079826355,0.265869140625,1.0927289724349976,1.0383825302124023
55000,2,enc,17.431785583496094,0.821095883846283,0.7783203125,1.3865870237350464,1.3081907033920288
55000,0,fcst,7.662071704864502,1.2223819494247437,0.67822265625,6.714240550994873,8.391458511352539
55000,1,fcst,7.82383918762207,0.3290223777294159,0.135986328125,9.709721565246582,10.578094482421875
55000,2,fcst,3.5723354816436768,0.514298677444458,0.6005859375,10.6293306350708,11.213640213012695
55000,0,enc,5.713173866271973,0.3443680703639984,0.15673828125,1.0656092166900635,1.062175989151001
55000,1,enc,8.739829063415527,0.42157840728759766,0.229248046875,1.0554533004760742,0.9995652437210083
55000,2,enc,17.456462860107422,0.7635524272918701,0.63818359375,1.4112684726715088,1.4206526279449463
55200,0,enc,5.785031318664551,0.3447364866733551,0.233154296875,1.0592601299285889,1.0593854188919067
55200,1,enc,8.744723320007324,0.42488592863082886,0.251708984375,1.073205828666687,1.0980037450790405
55200,2,enc,17.534055709838867,0.7518277168273926,0.69921875,1.462708592414856,1.4767975807189941
55200,0,fcst,7.714288711547852,1.1905560493469238,0.69091796875,7.352919101715088,8.61212158203125
55200,1,fcst,7.866738796234131,0.3132217228412628,0.11962890625,9.320050239562988,9.764115333557129
55200,2,fcst,3.6279006004333496,0.5357905626296997,0.59130859375,9.771039962768555,10.04470157623291
55200,0,enc,5.770661354064941,0.3441178500652313,0.145263671875,1.0723341703414917,1.0708731412887573
55200,1,enc,8.71939754486084,0.42506834864616394,0.2225341796875,1.0450315475463867,1.0565440654754639
55200,2,enc,17.484176635742188,0.8349793553352356,0.67724609375,1.4427560567855835,1.4546693563461304
55400,0,enc,5.738670825958252,0.34737154841423035,0.2098388671875,1.0982977151870728,1.0964772701263428
55400,1,enc,8.743678092956543,0.4228198528289795,0.25244140625,1.2698185443878174,1.2698185443878174
55400,2,enc,17.631126403808594,0.757193386554718,0.7275390625,1.497517466545105,1.503913402557373
55400,0,fcst,7.746958255767822,1.21793532371521,0.6328125,6.737238883972168,8.111763000488281
55400,1,fcst,7.899961948394775,0.32305434346199036,0.1107177734375,8.676995277404785,9.026387214660645
55400,2,fcst,3.6615095138549805,0.5328462719917297,0.548828125,9.035539627075195,9.673017501831055
55400,0,enc,5.747126579284668,0.3515802323818207,0.15380859375,1.1025176048278809,1.1003565788269043
55400,1,enc,8.800209999084473,0.4238656163215637,0.2252197265625,1.0962902307510376,1.0376417636871338
55400,2,enc,17.640939712524414,0.7877679467201233,0.65576171875,1.2326056957244873,1.2767341136932373
55600,0,enc,5.817839622497559,0.3469611704349518,0.2110595703125,1.1173655986785889,1.1119784116744995
55600,1,enc,8.709772109985352,0.41837552189826965,0.2373046875,1.1596784591674805,1.134280800819397
55600,2,enc,17.520143508911133,0.7498349547386169,0.689453125,1.6022471189498901,1.698479175567627
55600,0,fcst,7.714163303375244,1.0705279111862183,0.625,6.4757208824157715,8.378364562988281
55600,1,fcst,7.946910858154297,0.31647729873657227,0.12646484375,9.524222373962402,9.73618221282959
55600,2,fcst,3.6799495220184326,0.541526734828949,0.57470703125,9.705410957336426,10.197218894958496
55600,0,enc,5.795721054077148,0.3500434458255768,0.143798828125,1.1268532276153564,1.1269667148590088
55600,1,enc,8.888799667358398,0.4190293848514557,0.210693359375,1.0648858547210693,1.0379772186279297
55600,2,enc,17.540159225463867,0.7499447464942932,0.63232421875,1.317983865737915,1.306204080581665
55800,0,enc,5.951347351074219,0.35270142555236816,0.2666015625,1.1705509424209595,1.1697620153427124
55800,1,enc,8.865568161010742,0.41353023052215576,0.263671875,1.2344108819961548,1.2149648666381836
55800,2,enc,17.463951110839844,0.7490476369857788,0.68408203125,1.4260268211364746,1.3584812879562378
55800,0,fcst,7.758660316467285,1.1555111408233643,0.7099609375,6.756232261657715,8.138664245605469
55800,1,fcst,7.868412494659424,0.3151053786277771,0.12005615234375,9.367115020751953,9.719220161437988
55800,2,fcst,3.632929801940918,0.5678333640098572,0.57861328125,9.73408317565918,10.006842613220215
55800,0,enc,5.958431243896484,0.35175564885139465,0.1441650390625,1.1645762920379639,1.1627824306488037
55800,1,enc,8.944805145263672,0.41365402936935425,0.207763671875,1.076193928718567,1.0567257404327393
55800,2,enc,17.45672035217285,0.745893657207489,0.65185546875,1.3324884176254272,1.2375177145004272
56000,0,enc,5.9260783195495605,0.3504074215888977,0.2255859375,1.057602882385254,1.0546824932098389
56000,1,enc,9.135965347290039,0.4087877869606018,0.2401123046875,1.1731706857681274,1.3148045539855957
56000,2,enc,17.368959426879883,0.793482780456543,0.7021484375,1.6264780759811401,1.5578135251998901
56000,0,fcst,7.79272985458374,1.0223348140716553,0.68359375,6.843823432922363,8.298540115356445
56000,1,fcst,7.918298721313477,0.3150038719177246,0.1131591796875,9.508769035339355,9.943339347839355
56000,2,fcst,3.4821994304656982,0.5392564535140991,0.50634765625,9.940242767333984,10.31920337677002
56000,0,enc,5.925579071044922,0.34772011637687683,0.12890625,1.0576717853546143,1.0562889575958252
56000,1,enc,9.035688400268555,0.40949133038520813,0.205322265625,1.0354973077774048,1.2315235137939453
56000,2,enc,17.37040138244629,0.7624409794807434,0.6767578125,1.322283387184143,1.3395410776138306
56200,0,enc,6.030196189880371,0.33061695098876953,0.1986083984375,1.101809024810791,1.1009782552719116
56200,1,enc,8.86561393737793,0.40632790327072144,0.2705078125,1.1907368898391724,1.2340879440307617
56200,2,enc,17.376005172729492,0.7981699705123901,0.712890625,1.6609562635421753,1.730943202972412
56200,0,fcst,7.86432409286499,1.0306529998779297,0.611328125,6.8248748779296875,8.62109661102295
56200,1,fcst,7.990261554718018,0.31945979595184326,0.11651611328125,9.965585708618164,10.954626083374023
56200,2,fcst,3.568063735961914,0.5846706628799438,0.51708984375,10.937551498413086,11.69384479522705
56200,0,enc,6.03524112701416,0.3299557566642761,0.15966796875,1.108107089996338,1.106269359588623
56200,1,enc,8.968134880065918,0.40730053186416626,0.2198486328125,1.1139277219772339,1.082825779914856
56200,2,enc,17.36358642578125,0.8496766090393066,0.71923828125,1.3470628261566162,1.3706834316253662
56400,0,enc,6.174170017242432,0.334083616733551,0.2264404296875,1.0851918458938599,1.085531234741211
56400,1,enc,8.918596267700195,0.41105780005455017,0.24853515625,1.2650535106658936,1.1061887741088867
56400,2,enc,17.368728637695312,0.774143636226654,0.8232421875,1.418209433555603,1.427322268486023
56400,0,fcst,7.855154037475586,1.1153565645217896,0.67578125,7.4012651443481445,9.568148612976074
56400,1,fcst,7.886496067047119,0.2962374687194824,0.1240234375,10.395740509033203,10.563112258911133
56400,2,fcst,3.680396556854248,0.5920166373252869,0.541015625,10.564072608947754,11.074326515197754
56400,0,enc,6.162327766418457,0.3303527534008026,0.12249755859375,1.0883537530899048,1.088174819946289
56400,1,enc,8.884275436401367,0.4107186496257782,0.2125244140625,1.0334292650222778,1.0578150749206543
56400,2,enc,17.41848373413086,0.7560818791389465,0.791015625,1.2753362655639648,1.2915563583374023
56600,0,enc,6.224902629852295,0.33173874020576477,0.2237548828125,1.1439611911773682,1.147286295890808
56600,1,enc,8.7550687789917,0.41614198684692383,0.251220703125,1.2149039506912231,1.1273928880691528
56600,2,enc,17.603981018066406,0.7176670432090759,0.78125,1.4997954368591309,1.5492000579833984
56600,0,fcst,7.62987756729126,1.1382834911346436,0.59521484375,6.848532676696777,8.752037048339844
56600,1,fcst,7.837820053100586,0.2985885441303253,0.1181640625,9.077902793884277,10.095479965209961
56600,2,fcst,3.5565242767333984,0.4987979531288147,0.52001953125,10.095479965209961,11.130093574523926
56600,0,enc,6.220017433166504,0.33102166652679443,0.1397705078125,1.1473350524902344,1.1493110656738281
56600,1,enc,8.84106731414795,0.4173051714897156,0.2125244140625,1.0329478979110718,1.069984793663025
56600,2,enc,17.49675750732422,0.7718442678451538,0.669921875,1.3173823356628418,1.3510706424713135
56800,0,enc,6.487467288970947,0.3422127962112427,0.238525390625,1.0713623762130737,1.0722286701202393
56800,1,enc,9.128488540649414,0.4454559087753296,0.249267578125,1.1455864906311035,1.2213425636291504
56800,2,enc,17.33409881591797,0.8278022408485413,0.8330078125,1.4693888425827026,1.4479926824569702
56800,0,fcst,7.6265363693237305,1.1493884325027466,0.61083984375,7.410342693328857,8.346928596496582
56800,1,fcst,7.7779436111450195,0.28967130184173584,0.121337890625,10.066274642944336,10.816057205200195
56800,2,fcst,3.580911159515381,0.5410342812538147,0.4755859375,10.80486011505127,10.944833755493164
56800,0,enc,6.487630367279053,0.3414599299430847,0.1435546875,1.0791959762573242,1.080296516418457
56800,1,enc,9.228170394897461,0.43941935896873474,0.2203369140625,1.0286881923675537,1.1177995204925537
56800,2,enc,17.352262496948242,0.8043674826622009,0.7265625,1.3509432077407837,1.3881820440292358
57000,0,enc,6.548391342163086,0.3380395174026489,0.209228515625,1.1278294324874878,1.1282042264938354
57000,1,enc,9.054373741149902,0.4234689474105835,0.273681640625,1.1469719409942627,1.1546905040740967
57000,2,enc,17.27024269104004,0.797787606716156,0.73779296875,1.386309027671814,1.373427152633667
57000,0,fcst,7.622750282287598,1.0307434797286987,0.63818359375,6.5090765953063965,8.156657218933105
57000,1,fcst,7.938065528869629,0.31883248686790466,0.0975341796875,8.879838943481445,9.566959381103516
57000,2,fcst,3.6465723514556885,0.5402997732162476,0.578125,9.575630187988281,9.979004859924316
57000,0,enc,6.552724361419678,0.33511215448379517,0.1390380859375,1.1218992471694946,1.123059868812561
57000,1,enc,8.956220626831055,0.4279618561267853,0.2249755859375,1.0785053968429565,1.0549159049987793
57000,2,enc,17.2498722076416,0.7831301093101501,0.732421875,1.392690896987915,1.3670103549957275
57200,0,enc,6.465838432312012,0.3317359387874603,0.24267578125,1.1113256216049194,1.1122400760650635
57200,1,enc,9.12912368774414,0.41167986392974854,0.25830078125,1.1786911487579346,1.1475690603256226
57200,2,enc,17.353469848632812,0.8468989729881287,0.7431640625,1.667554259300232,1.6279152631759644
57200,0,fcst,7.729299068450928,1.0161978006362915,0.77685546875,6.767665386199951,7.72276496887207
57200,1,fcst,7.861102104187012,0.3312099874019623,0.1275634765625,9.517396926879883,9.869502067565918
57200,2,fcst,3.686213493347168,0.5591245293617249,0.53662109375,9.926642417907715,10.43282699584961
57200,0,enc,6.479086399078369,0.330197811126709,0.1572265625,1.1093332767486572,1.1094257831573486
57200,1,enc,9.016240119934082,0.4193321168422699,0.2198486328125,1.1746251583099365,1.0119218826293945
57200,2,enc,17.359399795532227,0.8233367800712585,0.7080078125,1.4136426448822021,1.4120681285858154
57400,0,enc,6.367740631103516,0.35798633098602295,0.291748046875,1.0992002487182617,1.098939061164856
57400,1,enc,8.947443008422852,0.4077063500881195,0.2413330078125,1.2211581468582153,1.1486247777938843
57400,2,enc,17.35894775390625,0.8519738912582397,0.74853515625,1.4665944576263428,1.4323084354400635
57400,0,fcst,7.792088508605957,1.0763840675354004,0.65234375,6.441861152648926,8.200597763061523
57400,1,fcst,7.747610092163086,0.2984848618507385,0.10748291015625,8.973291397094727,9.231826782226562
57400,2,fcst,3.675889492034912,0.5236810445785522,0.51171875,9.231826782226562,9.840007781982422
57400,0,enc,6.37994384765625,0.35755857825279236,0.1309814453125,1.1024587154388428,1.1039531230926514
57400,1,enc,9.026610374450684,0.40639960765838623,0.2100830078125,1.0409867763519287,1.0447232723236084
57400,2,enc,17.34577178955078,0.9682958722114563,0.71435546875,1.3541301488876343,1.3007549047470093
57600,0,enc,6.4164299964904785,0.36231404542922974,0.267333984375,1.149164080619812,1.145796537399292
57600,1,enc,9.052215576171875,0.4334581792354584,0.277099609375,1.3610789775848389,1.0820012092590332
57600,2,enc,17.416717529296875,0.7482537031173706,0.7802734375,1.4706531763076782,1.4706531763076782
57600,0,fcst,7.7202935218811035,1.166833758354187,0.6220703125,6.586409568786621,7.923736095428467
57600,1,fcst,7.594480514526367,0.33952033519744873,0.10113525390625,8.945799827575684,9.418347358703613
57600,2,fcst,3.529493808746338,0.503450870513916,0.5263671875,9.414287567138672,9.755541801452637
57600,0,enc,6.397502899169922,0.36477434635162354,0.171875,1.1471717357635498,1.1452910900115967
57600,1,enc,9.042014122009277,0.43313685059547424,0.215576171875,1.124135136604309,1.0123968124389648
57600,2,enc,17.484195709228516,0.7358256578445435,0.73095703125,1.4466304779052734,1.4046077728271484
57800,0,enc,6.379387855529785,0.3457146883010864,0.28076171875,1.1017206907272339,1.1017206907272339
57800,1,enc,8.922844886779785,0.44398045539855957,0.2435302734375,1.1768748760223389,1.08449387550354
57800,2,enc,17.345680236816406,0.7559952139854431,0.76318359375,1.5472654104232788,1.3638197183609009
57800,0,fcst,7.626981735229492,1.1705803871154785,0.697265625,6.975712776184082,8.670124053955078
57800,1,fcst,7.6584086418151855,0.3155949115753174,0.11187744140625,10.205733299255371,10.7149019241333
57800,2,fcst,3.5292441844940186,0.5143066048622131,0.404541015625,10.7149019241333,11.035811424255371
57800,0,enc,6.395999431610107,0.345429003238678,0.1207275390625,1.1058248281478882,1.1032899618148804
57800,1,enc,9.038619041442871,0.4420941174030304,0.2196044921875,1.052787184715271,0.9775252342224121
57800,2,enc,17.329118728637695,0.7857415080070496,0.7158203125,1.383549690246582,1.4407169818878174
58000,0,enc,6.29702091217041,0.36614540219306946,0.27392578125,1.1039594411849976,1.1047446727752686
58000,1,enc,8.923240661621094,0.42963483929634094,0.23828125,1.1180386543273926,1.2617367506027222
58000,2,enc,17.377872467041016,0.8160009980201721,0.783203125,1.4355288743972778,1.4355288743972778
58000,0,fcst,7.558992862701416,1.1502971649169922,0.6416015625,6.495248317718506,8.343659400939941
58000,1,fcst,7.536194324493408,0.3107093870639801,0.11669921875,9.395843505859375,9.935394287109375
58000,2,fcst,3.50032901763916,0.45709019899368286,0.50634765625,9.935394287109375,10.372406005859375
58000,0,enc,6.287242889404297,0.3666379749774933,0.2379150390625,1.0999969244003296,1.0989593267440796
58000,1,enc,8.918603897094727,0.4343869090080261,0.2099609375,1.0360617637634277,1.037709355354309
58000,2,enc,17.38448143005371,0.9447702169418335,0.7568359375,1.2509589195251465,1.3126349449157715
58200,0,enc,6.242745876312256,0.3575490713119507,0.234130859375,1.145947813987732,1.1454404592514038
58200,1,enc,9.1085786819458,0.4107644259929657,0.2313232421875,1.2756706476211548,1.2546297311782837
58200,2,enc,17.36538314819336,0.7860114574432373,0.7744140625,1.6260576248168945,1.672478199005127
58200,0,fcst,7.605074882507324,1.1358256340026855,0.609375,6.399146556854248,7.813386917114258
58200,1,fcst,7.476376533508301,0.32952794432640076,0.1143798828125,9.074938774108887,9.3521146774292
58200,2,fcst,3.6567866802215576,0.528178334236145,0.466552734375,9.379833221435547,9.880592346191406
58200,0,enc,6.225343704223633,0.3556603491306305,0.1387939453125,1.1419793367385864,1.1420226097106934
58200,1,enc,9.026177406311035,0.41115325689315796,0.2154541015625,1.1185098886489868,1.0672746896743774
58200,2,enc,17.341350555419922,0.7977096438407898,0.7099609375,1.3164095878601074,1.3688632249832153
58400,0,enc,6.440546989440918,0.36867833137512207,0.223388671875,1.1523218154907227,1.1539525985717773
58400,1,enc,8.85216236114502,0.4343385398387909,0.2332763671875,1.2704755067825317,1.1609879732131958
58400,2,enc,17.36627197265625,0.7634044885635376,0.73486328125,1.5592186450958252,1.5554420948028564
58400,0,fcst,7.558206558227539,1.0522085428237915,0.6396484375,6.436243534088135,8.151947975158691
58400,1,fcst,7.378218173980713,0.30172601342201233,0.1175537109375,9.099568367004395,9.699069023132324
58400,2,fcst,3.6939945220947266,0.5319555997848511,0.450439453125,9.657805442810059,10.142831802368164
58400,0,enc,6.440578460693359,0.368377149105072,0.160888671875,1.1608655452728271,1.1616013050079346
58400,1,enc,8.990488052368164,0.4346387982368469,0.2137451171875,1.1071168184280396,0.9771198630332947
58400,2,enc,17.351497650146484,0.8345991969108582,0.6630859375,1.3858693838119507,1.3862930536270142
58600,0,enc,6.484809875488281,0.3627960979938507,0.2166748046875,1.1223968267440796,1.1219210624694824
58600,1,enc,9.131304740905762,0.4121808409690857,0.263916015625,1.1285184621810913,1.035698413848877
58600,2,enc,17.43376922607422,0.7789693474769592,0.76220703125,1.446284532546997,1.503962755203247
58600,0,fcst,7.608649253845215,1.1887128353118896,0.66943359375,7.3125715255737305,9.4913911819458
58600,1,fcst,7.505321979522705,0.29159387946128845,0.0963134765625,11.417783737182617,11.633170127868652
58600,2,fcst,3.5347373485565186,0.5070239305496216,0.474609375,11.825479507446289,11.825479507446289
58600,0,enc,6.496496677398682,0.35970252752304077,0.1436767578125,1.1195347309112549,1.1202771663665771
58600,1,enc,9.104888916015625,0.4160156548023224,0.2216796875,1.0866965055465698,0.9812047481536865
58600,2,enc,17.42997932434082,0.7863098978996277,0.74609375,1.2769625186920166,1.293518304824829
58800,0,enc,6.584193229675293,0.38789570331573486,0.252197265625,1.1754767894744873,1.173120141029358
58800,1,enc,8.867825508117676,0.45212066173553467,0.240234375,1.161763072013855,1.0643863677978516
58800,2,enc,17.3542423248291,0.8118924498558044,0.76025390625,1.4439235925674438,1.4439235925674438
58800,0,fcst,7.436080455780029,1.1238116025924683,0.642578125,6.669729232788086,8.438739776611328
58800,1,fcst,7.496622085571289,0.2998957633972168,0.12481689453125,9.604105949401855,9.755202293395996
58800,2,fcst,3.774209499359131,0.6248843669891357,0.4697265625,9.969367027282715,10.550421714782715
58800,0,enc,6.608165740966797,0.38647833466529846,0.1959228515625,1.1797106266021729,1.1783173084259033
58800,1,enc,9.062080383300781,0.4551284611225128,0.21337890625,1.092527151107788,1.1070879697799683
58800,2,enc,17.390777587890625,0.8443687558174133,0.69677734375,1.3472414016723633,1.3712587356567383
59000,0,enc,6.484142780303955,0.3855481743812561,0.265380859375,1.1395238637924194,1.1431541442871094
59000,1,enc,8.997065544128418,0.42580747604370117,0.24560546875,1.3999011516571045,1.0456922054290771
59000,2,enc,17.231725692749023,0.795456051826477,0.72119140625,1.4286025762557983,1.4286025762557983
59000,0,fcst,7.4207940101623535,1.2423032522201538,0.69970703125,7.088793754577637,8.987042427062988
59000,1,fcst,7.466742515563965,0.35995760560035706,0.11932373046875,9.47214126586914,9.898031234741211
59000,2,fcst,3.673351287841797,0.47499796748161316,0.5224609375,9.863710403442383,10.415197372436523
59000,0,enc,6.490334510803223,0.3826131522655487,0.1453857421875,1.1403489112854004,1.1435894966125488
59000,1,enc,8.988061904907227,0.4315902590751648,0.2130126953125,1.0587624311447144,0.9725527763366699
59000,2,enc,17.26146125793457,0.855063259601593,0.6982421875,1.3504598140716553,1.3562047481536865
59200,0,enc,6.517298698425293,0.3846800923347473,0.296875,1.1321769952774048,1.1302707195281982
59200,1,enc,9.429269790649414,0.39874517917633057,0.2373046875,1.1972512006759644,1.1621378660202026
59200,2,enc,17.388916015625,0.7905638217926025,0.78076171875,1.2805719375610352,1.3120388984680176
59200,0,fcst,7.545139312744141,1.1617478132247925,0.68017578125,6.848671913146973,8.195242881774902
59200,1,fcst,7.624235153198242,0.3021141290664673,0.11651611328125,8.796857833862305,9.1364107131958
59200,2,fcst,3.5974719524383545,0.4660658538341522,0.4736328125,9.12550163269043,9.61622428894043
59200,0,enc,6.57510232925415,0.3858068287372589,0.16845703125,1.145573377609253,1.1449706554412842
59200,1,enc,9.368390083312988,0.3966631293296814,0.2222900390625,1.3649696111679077,1.0663936138153076
59200,2,enc,17.339147567749023,0.8232625722885132,0.73291015625,1.4899040460586548,1.4624992609024048
59400,0,enc,6.650856018066406,0.37695392966270447,0.26953125,1.1878293752670288,1.1883946657180786
59400,1,enc,9.152644157409668,0.4042319655418396,0.2249755859375,1.2039941549301147,1.066511869430542
59400,2,enc,17.304157257080078,0.8740147948265076,0.73779296875,1.4799824953079224,1.4165059328079224
59400,0,fcst,7.590567111968994,1.2543160915374756,0.63525390625,6.750345706939697,7.853595733642578
59400,1,fcst,7.558234214782715,0.2827517092227936,0.10321044921875,9.390534400939941,9.41940689086914
59400,2,fcst,3.7646749019622803,0.4571760892868042,0.490234375,9.483885765075684,9.966045379638672
59400,0,enc,6.625336647033691,0.37246769666671753,0.1494140625,1.1690477132797241,1.169916033744812
59400,1,enc,9.134418487548828,0.41227948665618896,0.2122802734375,1.0874520540237427,1.13040292263031
59400,2,enc,17.29836654663086,0.7734992504119873,0.68359375,1.352483868598938,1.325379490852356
59600,0,enc,6.49586820602417,0.3802413046360016,0.291259765625,1.1528677940368652,1.1504327058792114
59600,1,enc,9.253377914428711,0.3775729835033417,0.23681640625,1.3101576566696167,1.0856585502624512
59600,2,enc,17.29711151123047,0.7654381394386292,0.72998046875,1.3922667503356934,1.3498526811599731
59600,0,fcst,7.475523471832275,1.1468095779418945,0.59521484375,6.972452640533447,7.686031341552734
59600,1,fcst,7.440659999847412,0.3239787220954895,0.09625244140625,8.703383445739746,9.296273231506348
59600,2,fcst,3.6546850204467773,0.4868604838848114,0.458251953125,9.296273231506348,9.940804481506348
59600,0,enc,6.498991966247559,0.37792977690696716,0.1654052734375,1.1509807109832764,1.1489818096160889
59600,1,enc,9.118783950805664,0.38794755935668945,0.2200927734375,1.1011148691177368,1.1317119598388672
59600,2,enc,17.299741744995117,0.8311373591423035,0.6875,1.1846798658370972,1.142992615699768
59800,0,enc,6.588536739349365,0.3874875605106354,0.2880859375,1.1475002765655518,1.1475002765655518
59800,1,enc,9.21829891204834,0.41589686274528503,0.232666015625,1.2972502708435059,1.1542612314224243
59800,2,enc,17.367860794067383,0.7993853092193604,0.853515625,1.3998479843139648,1.3208760023117065
59800,0,fcst,7.4427618980407715,1.2172508239746094,0.595703125,6.738827228546143,8.263984680175781
59800,1,fcst,7.491097927093506,0.32902395725250244,0.10211181640625,8.379914283752441,9.190183639526367
59800,2,fcst,3.6694095134735107,0.5143222808837891,0.472900390625,9.196372985839844,9.761693954467773
59800,0,enc,6.549343109130859,0.3884689509868622,0.1607666015625,1.153375267982483,1.1534976959228516
59800,1,enc,9.183473587036133,0.4169902801513672,0.2135009765625,1.0441395044326782,1.0843006372451782
59800,2,enc,17.337635040283203,0.8284612894058228,0.70654296875,1.243298888206482,1.2780927419662476
60000,0,enc,6.61862850189209,0.40527215600013733,0.275390625,1.1257026195526123,1.1253103017807007
60000,1,enc,9.347049713134766,0.40518417954444885,0.236083984375,1.2645628452301025,1.119714379310608
60000,2,enc,17.345014572143555,0.8129493594169617,0.77783203125,1.5425143241882324,1.5312929153442383
60000,0,fcst,7.450718879699707,1.077245831489563,0.71923828125,7.010891437530518,8.007527351379395
60000,1,fcst,7.640258312225342,0.31762614846229553,0.09942626953125,9.30459976196289,9.910611152648926
60000,2,fcst,3.6238746643066406,0.5438011884689331,0.423583984375,9.967686653137207,10.323318481445312
60000,0,enc,6.629538059234619,0.4051949083805084,0.1748046875,1.1433665752410889,1.1415631771087646
60000,1,enc,9.162439346313477,0.4073837399482727,0.19482421875,1.1033663749694824,1.2110202312469482
60000,2,enc,17.292964935302734,0.8064377903938293,0.7236328125,1.3872926235198975,1.3420960903167725
60200,0,enc,6.383580684661865,0.4016891121864319,0.258544921875,1.0951099395751953,1.0922987461090088
60200,1,enc,9.253347396850586,0.4014184772968292,0.222900390625,1.3566808700561523,1.0775833129882812
60200,2,enc,17.159923553466797,0.9295899868011475,0.7421875,1.918563961982727,1.918563961982727
60200,0,fcst,7.504001617431641,1.271779179573059,0.6611328125,6.937436103820801,9.006851196289062
60200,1,fcst,7.631242275238037,0.3139208257198334,0.110595703125,10.511823654174805,11.098846435546875
60200,2,fcst,3.728976011276245,0.5493326783180237,0.43310546875,11.065640449523926,11.345046043395996
60200,0,enc,6.425771236419678,0.4011615216732025,0.1846923828125,1.1011887788772583,1.1001391410827637
60200,1,enc,9.142828941345215,0.39994102716445923,0.197021484375,1.0294811725616455,1.1091320514678955
60200,2,enc,17.113262176513672,0.7561660408973694,0.69677734375,1.3349474668502808,1.2725695371627808
60400,0,enc,6.6567816734313965,0.3826723098754883,0.3544921875,1.1123204231262207,1.114647388458252
60400,1,enc,9.416459083557129,0.4269323945045471,0.241943359375,1.2850908041000366,1.2341511249542236
60400,2,enc,17.46171760559082,0.8503768444061279,0.787109375,1.752052903175354,1.7901660203933716
60400,0,fcst,7.515774250030518,1.2209924459457397,0.6591796875,7.23787784576416,7.807835578918457
60400,1,fcst,7.6483283042907715,0.316038578748703,0.1029052734375,8.69155502319336,8.944869995117188
60400,2,fcst,3.6931324005126953,0.4923219680786133,0.477294921875,8.911338806152344,9.169254302978516
60400,0,enc,6.631996154785156,0.3824995458126068,0.16845703125,1.116813063621521,1.1211198568344116
60400,1,enc,9.439505577087402,0.4235474467277527,0.1998291015625,1.0452176332473755,1.0244419574737549
60400,2,enc,17.390453338623047,0.8585473299026489,0.689453125,1.3233997821807861,1.3353440761566162
60600,0,enc,6.624070167541504,0.3940550982952118,0.2978515625,1.13588547706604,1.1396429538726807
60600,1,enc,9.507847785949707,0.42565280199050903,0.235595703125,1.2046575546264648,1.2046575546264648
60600,2,enc,17.247665405273438,0.8221085071563721,0.7294921875,1.6337178945541382,1.5473791360855103
60600,0,fcst,7.561987400054932,1.1707533597946167,0.6259765625,6.399925231933594,8.667472839355469
60600,1,fcst,7.441342353820801,0.30668145418167114,0.12353515625,9.385964393615723,9.756515502929688
60600,2,fcst,3.7377986907958984,0.5393661856651306,0.42529296875,9.755338668823242,9.741317749023438
60600,0,enc,6.642420291900635,0.3939815163612366,0.1873779296875,1.1262967586517334,1.1282012462615967
60600,1,enc,9.4251708984375,0.4205784797668457,0.2113037109375,1.0415927171707153,1.1243563890457153
60600,2,enc,17.2539119720459,0.7929581999778748,0.673828125,1.473897933959961,1.354757308959961
60800,0,enc,6.694466590881348,0.3970918655395508,0.24560546875,1.098388910293579,1.1001965999603271
60800,1,enc,9.581934928894043,0.3815649747848511,0.2330322265625,1.153841257095337,1.1523898839950562
60800,2,enc,17.27635955810547,0.8324655294418335,0.75927734375,1.6831512451171875,1.55043363571167
60800,0,fcst,7.535032272338867,1.122495412826538,0.66162109375,6.591236591339111,7.93758487701416
60800,1,fcst,7.340816974639893,0.2948249876499176,0.1142578125,9.333955764770508,9.617972373962402
60800,2,fcst,3.6078014373779297,0.4800119698047638,0.4521484375,9.618102073669434,9.672457695007324
60800,0,enc,6.674766540527344,0.39771541953086853,0.1787109375,1.0918676853179932,1.0924856662750244
60800,1,enc,9.45198917388916,0.39119139313697815,0.2076416015625,1.0086896419525146,0.9926220774650574
60800,2,enc,17.249670028686523,0.8412354588508606,0.75341796875,1.2965366840362549,1.2580235004425049
61000,0,enc,6.657505512237549,0.40076738595962524,0.26123046875,1.135558843612671,1.1349140405654907
61000,1,enc,9.41208553314209,0.4011986553668976,0.22509765625,1.0983400344848633,1.1237397193908691
61000,2,enc,17.064916610717773,0.7650904655456543,0.7763671875,1.571988821029663,1.51715886592865
61000,0,fcst,7.539645671844482,1.0568692684173584,0.63232421875,6.554508209228516,8.602385520935059
61000,1,fcst,7.371777534484863,0.29902908205986023,0.10821533203125,9.537036895751953,10.055428504943848
61000,2,fcst,3.6760690212249756,0.5515767931938171,0.456298828125,10.05947494506836,10.51601791381836
61000,0,enc,6.657444000244141,0.40038663148880005,0.1995849609375,1.1292933225631714,1.1281460523605347
61000,1,enc,9.414205551147461,0.39843353629112244,0.2049560546875,1.0097854137420654,1.1158232688903809
61000,2,enc,17.10346794128418,0.8125795722007751,0.712890625,1.2875432968139648,1.2600092887878418
61200,0,enc,6.875890731811523,0.40279439091682434,0.368408203125,1.0809077024459839,1.0837496519088745
61200,1,enc,9.417970657348633,0.40067166090011597,0.2244873046875,1.1895067691802979,1.038509726524353
61200,2,enc,17.163074493408203,0.7439730763435364,0.79736328125,1.5099637508392334,1.4346307516098022
61200,0,fcst,7.75639009475708,1.034320592880249,0.67529296875,6.172717094421387,7.81374454498291
61200,1,fcst,7.486741542816162,0.3210356831550598,0.13330078125,9.070090293884277,9.399292945861816
61200,2,fcst,3.7231152057647705,0.5096574425697327,0.434814453125,9.376068115234375,10.30434513092041
61200,0,enc,6.883153915405273,0.40247899293899536,0.1861572265625,1.0935755968093872,1.0982600450515747
61200,1,enc,9.293599128723145,0.40263107419013977,0.2081298828125,0.9986041784286499,1.0024588108062744
61200,2,enc,17.15167236328125,0.7328776717185974,0.7109375,1.259366512298584,1.275593876838684
61400,0,enc,7.029353618621826,0.4263700544834137,0.297607421875,1.0808788537979126,1.0808788537979126
61400,1,enc,9.409308433532715,0.366872638463974,0.22216796875,1.3127208948135376,1.358004093170166
61400,2,enc,17.254283905029297,0.7951089143753052,0.7451171875,1.501739501953125,1.5502963066101074
61400,0,fcst,7.6429524421691895,1.1533403396606445,0.6767578125,6.714545726776123,8.395977973937988
61400,1,fcst,7.421973705291748,0.32098188996315,0.10992431640625,8.921038627624512,9.23403263092041
61400,2,fcst,3.619018316268921,0.5393320918083191,0.46044921875,9.257708549499512,9.800514221191406
61400,0,enc,7.004557132720947,0.4252578914165497,0.21826171875,1.0777748823165894,1.0793169736862183
61400,1,enc,9.27912712097168,0.373727411031723,0.1947021484375,1.0148028135299683,1.192962646484375
61400,2,enc,17.225563049316406,0.7570964097976685,0.76171875,1.337847352027893,1.306597352027893
61600,0,enc,6.863554954528809,0.4108094871044159,0.310546875,1.1192922592163086,1.1167851686477661
61600,1,enc,9.021112442016602,0.38427507877349854,0.2171630859375,1.1434369087219238,0.9824824333190918
61600,2,enc,17.24688148498535,0.7635691165924072,0.70703125,1.496058464050293,1.4985020160675049
61600,0,fcst,7.724717617034912,1.1718335151672363,0.642578125,6.853522777557373,9.773918151855469
61600,1,fcst,7.364829063415527,0.3266087770462036,0.11614990234375,10.177331924438477,10.432147979736328
61600,2,fcst,3.800624132156372,0.5612536668777466,0.4638671875,10.431818008422852,10.431818008422852
61600,0,enc,6.865368366241455,0.4109824299812317,0.291259765625,1.114425539970398,1.1118086576461792
61600,1,enc,9.090685844421387,0.38256365060806274,0.188720703125,1.0443806648254395,1.0020971298217773
61600,2,enc,17.270776748657227,0.7264531850814819,0.6904296875,1.3455109596252441,1.3997716903686523
61800,0,enc,6.912938117980957,0.42474880814552307,0.30126953125,1.0470387935638428,1.0466623306274414
61800,1,enc,9.17984676361084,0.42506545782089233,0.225341796875,1.1561907529830933,1.0295616388320923
61800,2,enc,17.42849349975586,0.8322609066963196,0.76904296875,1.387843370437622,1.4015424251556396
61800,0,fcst,7.807860851287842,1.035597324371338,0.61865234375,7.2575297355651855,8.942642211914062
61800,1,fcst,7.34283447265625,0.35589486360549927,0.10693359375,9.569377899169922,10.387519836425781
61800,2,fcst,3.678752899169922,0.4879983365535736,0.424072265625,10.400470733642578,10.964706420898438
61800,0,enc,6.958983421325684,0.42302215099334717,0.222900390625,1.0554255247116089,1.0576342344284058
61800,1,enc,9.13642406463623,0.4277265965938568,0.1956787109375,0.9941535592079163,1.0204681158065796
61800,2,enc,17.35824966430664,0.7210416197776794,0.7060546875,1.3099784851074219,1.3262474536895752
62000,0,enc,6.943921089172363,0.4323251247406006,0.306640625,1.1017194986343384,1.1034584045410156
62000,1,enc,9.176055908203125,0.43994593620300293,0.2125244140625,1.0554689168930054,1.2193163633346558
62000,2,enc,17.34290885925293,0.7432173490524292,0.740234375,1.4311379194259644,1.4970276355743408
62000,0,fcst,7.847270965576172,1.0113528966903687,0.65673828125,6.704274654388428,8.097845077514648
62000,1,fcst,7.345724105834961,0.33508190512657166,0.12347412109375,8.791400909423828,9.17258071899414
62000,2,fcst,3.6701560020446777,0.5149708986282349,0.37109375,9.143560409545898,9.600913047790527
62000,0,enc,6.9664435386657715,0.43047264218330383,0.2142333984375,1.1006662845611572,1.1030809879302979
62000,1,enc,9.085319519042969,0.4362003207206726,0.19189453125,1.002434492111206,1.108304738998413
62000,2,enc,17.310205459594727,0.8017547130584717,0.7041015625,1.4501864910125732,1.5467441082000732
62200,0,enc,6.827666759490967,0.4363139569759369,0.3125,1.0491846799850464,1.046838641166687
62200,1,enc,9.05774974822998,0.41274693608283997,0.2274169921875,1.1485644578933716,1.072636365890503
62200,2,enc,17.34345054626465,0.740627110004425,0.751953125,1.4845656156539917,1.5632222890853882
62200,0,fcst,7.7403059005737305,1.0621281862258911,0.62109375,6.305074214935303,7.818949222564697
62200,1,fcst,7.2311577796936035,0.34572547674179077,0.119873046875,8.94019889831543,9.170504570007324
62200,2,fcst,3.747936487197876,0.5908668637275696,0.394287109375,9.170504570007324,9.8128662109375
62200,0,enc,6.914883613586426,0.43393880128860474,0.1817626953125,1.0524239540100098,1.0511565208435059
62200,1,enc,9.09892749786377,0.4003910422325134,0.20068359375,0.9956598281860352,1.0778353214263916
62200,2,enc,17.330320358276367,0.776875376701355,0.64892578125,1.4937762022018433,1.5269488096237183
62400,0,enc,6.850248336791992,0.4688786268234253,0.320068359375,1.0656882524490356,1.066070556640625
62400,1,enc,9.224885940551758,0.401152104139328,0.2332763671875,1.4412448406219482,1.0307633876800537
62400,2,enc,17.368459701538086,0.8155128359794617,0.72314453125,1.3878692388534546,1.5621585845947266
62400,0,fcst,7.641579627990723,0.9380821585655212,0.71142578125,6.51096248626709,7.935617923736572
62400,1,fcst,7.287771224975586,0.3450494408607483,0.11077880859375,8.56643295288086,9.044778823852539
62400,2,fcst,3.586940288543701,0.5665943026542664,0.42431640625,9.044778823852539,9.749531745910645
62400,0,enc,6.814300537109375,0.46479472517967224,0.266845703125,1.0709258317947388,1.0724183320999146
62400,1,enc,9.229872703552246,0.40186989307403564,0.2047119140625,1.0670409202575684,1.051427960395813
62400,2,enc,17.36705780029297,0.7451605200767517,0.73779296875,1.2249537706375122,1.180646300315857
62600,0,enc,6.811422348022461,0.4744391441345215,0.4150390625,1.0953586101531982,1.0943652391433716
62600,1,enc,9.467406272888184,0.4259980022907257,0.2203369140625,1.2099721431732178,1.183301329612732
62600,2,enc,17.295806884765625,0.732880175113678,0.7724609375,1.554185152053833,1.4973207712173462
62600,0,fcst,7.466742992401123,1.003791332244873,0.6923828125,6.897743225097656,8.111498832702637
62600,1,fcst,7.367381572723389,0.35590600967407227,0.12158203125,8.631890296936035,9.099693298339844
62600,2,fcst,3.6255264282226562,0.5352455377578735,0.3896484375,9.097825050354004,9.283947944641113
62600,0,enc,6.794872283935547,0.47176969051361084,0.261962890625,1.09110689163208,1.0899558067321777
62600,1,enc,9.47868537902832,0.42409035563468933,0.201904296875,1.0203474760055542,1.1756209135055542
62600,2,enc,17.312685012817383,0.769788920879364,0.6552734375,1.2416408061981201,1.2261836528778076
62800,0,enc,6.858692169189453,0.46853604912757874,0.3701171875,1.094146728515625,1.094146728515625
62800,1,enc,9.479159355163574,0.4081989824771881,0.2213134765625,1.0898185968399048,1.0615065097808838
62800,2,enc,17.30194664001465,0.7744060754776001,0.75537109375,1.546356439590454,1.4733177423477173
62800,0,fcst,7.638124942779541,1.168110966682434,0.6015625,6.529270172119141,7.377313137054443
62800,1,fcst,7.177734375,0.3786807358264923,0.1317138671875,9.22021484375,9.322661399841309
62800,2,fcst,3.7074010372161865,0.5479319095611572,0.4130859375,9.327641487121582,10.037277221679688
62800,0,enc,6.856261253356934,0.46649035811424255,0.182861328125,1.0847820043563843,1.0846196413040161
62800,1,enc,9.44198989868164,0.40911686420440674,0.2008056640625,1.0207109451293945,1.0898258686065674
62800,2,enc,17.341663360595703,0.7517099976539612,0.6591796875,1.3009928464889526,1.3384379148483276
63000,0,enc,6.911829948425293,0.5031025409698486,0.32763671875,1.0796875953674316,1.0844008922576904
63000,1,enc,9.495444297790527,0.42842522263526917,0.2322998046875,1.1651841402053833,1.0578527450561523
63000,2,enc,17.500898361206055,0.7235291004180908,0.712890625,1.4382165670394897,1.4740114212036133
63000,0,fcst,7.695871353149414,1.0043948888778687,0.65771484375,6.5883097648620605,8.134132385253906
63000,1,fcst,7.246702194213867,0.3982285261154175,0.10601806640625,9.792034149169922,10.372003555297852
63000,2,fcst,3.692800283432007,0.5130889415740967,0.414306640625,10.374680519104004,10.730040550231934
63000,0,enc,6.913733959197998,0.5057297945022583,0.262451171875,1.0867284536361694,1.0918821096420288
63000,1,enc,9.528343200683594,0.42930465936660767,0.2060546875,0.9585500955581665,1.0176995992660522
63000,2,enc,17.413616180419922,0.7238616943359375,0.6962890625,1.3622534275054932,1.3439000844955444
63200,0,enc,6.8700432777404785,0.46681591868400574,0.34228515625,1.05056631565094,1.0570088624954224
63200,1,enc,9.594269752502441,0.4140689969062805,0.220458984375,1.0449752807617188,1.1338286399841309
63200,2,enc,17.421730041503906,0.7602422833442688,0.76708984375,1.333870768547058,1.4216257333755493
63200,0,fcst,7.646913051605225,1.108749270439148,0.63232421875,6.596402168273926,8.653197288513184
63200,1,fcst,7.1916327476501465,0.3675370514392853,0.1168212890625,9.51470947265625,9.843485832214355
63200,2,fcst,3.7763564586639404,0.5590481162071228,0.453125,9.843485832214355,9.91454029083252
63200,0,enc,6.854677200317383,0.46908190846443176,0.3193359375,1.0455232858657837,1.0525232553482056
63200,1,enc,9.649195671081543,0.42220908403396606,0.207275390625,1.0215153694152832,1.0124062299728394
63200,2,enc,17.386585235595703,0.7063949108123779,0.7021484375,1.3248956203460693,1.3394372463226318
63400,0,enc,6.882268905639648,0.48159027099609375,0.32666015625,1.0855110883712769,1.0953783988952637
63400,1,enc,9.729156494140625,0.413980096578598,0.22216796875,1.213098406791687,1.5089048147201538
63400,2,enc,17.20836067199707,0.7673186659812927,0.76123046875,1.5833357572555542,1.5093766450881958
63400,0,fcst,7.708849906921387,1.1723600625991821,0.69091796875,6.618743896484375,8.072736740112305
63400,1,fcst,7.285984992980957,0.3844570815563202,0.1324462890625,8.971803665161133,9.635323524475098
63400,2,fcst,3.6921615600585938,0.5783905982971191,0.436767578125,9.666763305664062,9.972481727600098
63400,0,enc,6.894416332244873,0.4824073314666748,0.228759765625,1.0795809030532837,1.0890032052993774
63400,1,enc,9.61857795715332,0.40635058283805847,0.210205078125,0.9521064758300781,0.9979608058929443
63400,2,enc,17.16048240661621,0.8213599324226379,0.74560546875,1.388216257095337,1.410585641860962
63600,0,enc,6.977476596832275,0.4925341308116913,0.33447265625,1.074096918106079,1.0836505889892578
63600,1,enc,9.650415420532227,0.39714956283569336,0.2288818359375,1.0488070249557495,1.5019862651824951
63600,2,enc,17.20731544494629,0.7701703310012817,0.84423828125,1.6435540914535522,1.6469957828521729
63600,0,fcst,7.721668243408203,1.0259298086166382,0.64208984375,6.611150741577148,8.148303985595703
63600,1,fcst,7.33249568939209,0.3728305995464325,0.10296630859375,9.128679275512695,9.53693675994873
63600,2,fcst,3.6256282329559326,0.5297883749008179,0.445556640625,9.542037963867188,10.049850463867188
63600,0,enc,6.991540908813477,0.49093014001846313,0.227783203125,1.0714586973190308,1.0805453062057495
63600,1,enc,9.61870288848877,0.39282986521720886,0.204345703125,1.0180599689483643,1.0715267658233643
63600,2,enc,17.159704208374023,0.886437177658081,0.8046875,1.3055778741836548,1.3197331428527832
63800,0,enc,7.0234551429748535,0.486972451210022,0.4208984375,1.0748306512832642,1.072209119796753
63800,1,enc,9.599452018737793,0.4139619767665863,0.219970703125,1.1461944580078125,1.074617624282837
63800,2,enc,17.056495666503906,0.7644021511077881,0.69970703125,1.4041391611099243,1.4075214862823486
63800,0,fcst,7.580362796783447,1.1280986070632935,0.6826171875,7.693017482757568,7.753115653991699
63800,1,fcst,7.449835777282715,0.39841407537460327,0.11224365234375,9.33384895324707,9.715521812438965
63800,2,fcst,3.6902403831481934,0.5478583574295044,0.42919921875,9.843921661376953,10.351191520690918
63800,0,enc,7.0310139656066895,0.4872966408729553,0.27197265625,1.0898061990737915,1.0859190225601196
63800,1,enc,9.691595077514648,0.40044790506362915,0.2061767578125,1.0075316429138184,1.0536060333251953
63800,2,enc,17.05155372619629,0.7720166444778442,0.6640625,1.4215973615646362,1.3578722476959229
64000,0,enc,7.122480869293213,0.49879640340805054,0.310791015625,1.0391005277633667,1.044674277305603
64000,1,enc,9.68369197845459,0.39934661984443665,0.21484375,1.131252408027649,1.0048909187316895
64000,2,enc,17.146085739135742,0.7561538219451904,0.751953125,1.5328580141067505,1.5230839252471924
64000,0,fcst,7.562197208404541,1.252643346786499,0.6611328125,6.8565449714660645,7.871724605560303
64000,1,fcst,7.520106315612793,0.3619233965873718,0.1087646484375,8.565956115722656,8.958834648132324
64000,2,fcst,3.7553048133850098,0.5692880749702454,0.41650390625,8.958834648132324,10.017862319946289
64000,0,enc,7.113381862640381,0.4947578012943268,0.267333984375,1.0333749055862427,1.0372201204299927
64000,1,enc,9.506011009216309,0.40532761812210083,0.19970703125,0.9745768904685974,0.9733564257621765
64000,2,enc,17.13255500793457,0.7543288469314575,0.69189453125,1.4455405473709106,1.4440585374832153
64200,0,enc,7.119752407073975,0.4989130198955536,0.3095703125,1.0118530988693237,1.0104438066482544
64200,1,enc,9.827005386352539,0.4245210587978363,0.225830078125,1.0865259170532227,1.2052903175354004
64200,2,enc,17.302000045776367,0.8148097991943359,0.744140625,1.6107063293457031,1.6107063293457031
64200,0,fcst,7.630646228790283,0.9142399430274963,0.666015625,6.731462001800537,8.221368789672852
64200,1,fcst,7.487451076507568,0.36608824133872986,0.10491943359375,8.583311080932617,9.448654174804688
64200,2,fcst,3.6980297565460205,0.5458327531814575,0.424560546875,9.288789749145508,9.759438514709473
64200,0,enc,7.096585273742676,0.49807894229888916,0.216552734375,1.0139039754867554,1.0122417211532593
64200,1,enc,9.8406982421875,0.416617751121521,0.1976318359375,0.9493117332458496,1.0972094535827637
64200,2,enc,17.20111083984375,0.8687974214553833,0.67822265625,1.4006271362304688,1.3869781494140625
64400,0,enc,7.086667537689209,0.48975619673728943,0.270263671875,1.0324666500091553,1.038421869277954
64400,1,enc,9.893627166748047,0.399488627910614,0.1953125,1.031650185585022,1.0553343296051025
64400,2,enc,16.859540939331055,0.7853375673294067,0.74267578125,1.5113575458526611,1.4856040477752686
64400,0,fcst,7.4837541580200195,1.0123265981674194,0.66455078125,6.632781505584717,8.087860107421875
64400,1,fcst,7.402252674102783,0.37280938029289246,0.11956787109375,10.364178657531738,11.072729110717773
64400,2,fcst,3.5702931880950928,0.5559003949165344,0.412109375,11.024100303649902,11.024100303649902
64400,0,enc,7.079577445983887,0.4900379180908203,0.2337646484375,1.025402307510376,1.0303194522857666
64400,1,enc,9.8284330368042,0.40443891286849976,0.18212890625,0.9668504595756531,1.0706722736358643
64400,2,enc,16.915706634521484,0.854490339756012,0.8310546875,1.2037038803100586,1.2073094844818115
64600,0,enc,7.1651811599731445,0.5159015655517578,0.29833984375,1.0600990056991577,1.0631592273712158
64600,1,enc,10.016030311584473,0.40507206320762634,0.1978759765625,1.1559011936187744,1.0513858795166016
64600,2,enc,16.832592010498047,0.7638804912567139,0.859375,1.5034842491149902,1.5840668678283691
64600,0,fcst,7.430996417999268,1.0175621509552002,0.62451171875,6.627473831176758,8.527419090270996
64600,1,fcst,7.432003974914551,0.38016432523727417,0.10302734375,9.495498657226562,9.872771263122559
64600,2,fcst,3.5922129154205322,0.5615342259407043,0.3779296875,9.874809265136719,10.200601577758789
64600,0,enc,7.197691440582275,0.514037549495697,0.26708984375,1.0588798522949219,1.0605487823486328
64600,1,enc,9.668635368347168,0.39655256271362305,0.188232421875,0.9551540017127991,1.0531787872314453
64600,2,enc,16.82696533203125,0.748184323310852,0.693359375,1.2655603885650635,1.2700222730636597
64800,0,enc,7.018531322479248,0.5111506581306458,0.31982421875,1.0593082904815674,1.0593082904815674
64800,1,enc,9.920568466186523,0.4023387134075165,0.2022705078125,1.1547620296478271,1.0196921825408936
64800,2,enc,16.775440216064453,0.8699244856834412,0.82177734375,1.368285059928894,1.368285059928894
64800,0,fcst,7.531926155090332,0.9744832515716553,0.66748046875,6.741537094116211,8.691988945007324
64800,1,fcst,7.288806915283203,0.35241660475730896,0.108154296875,9.17764663696289,9.723708152770996
64800,2,fcst,3.568718671798706,0.5324535965919495,0.4208984375,9.699905395507812,10.111579895019531
64800,0,enc,7.017353057861328,0.5091739296913147,0.1983642578125,1.0572317838668823,1.0567396879196167
64800,1,enc,9.896154403686523,0.4059867858886719,0.1861572265625,0.9758700132369995,0.9554477334022522
64800,2,enc,16.78610610961914,0.7785755395889282,0.74658203125,1.3343150615692139,1.2997658252716064
65000,0,enc,7.037078380584717,0.5286284685134888,0.303466796875,1.0665853023529053,1.0716164112091064
65000,1,enc,9.872176170349121,0.389694482088089,0.2078857421875,1.0565481185913086,1.0783934593200684
65000,2,enc,16.81162452697754,0.7068544626235962,0.73779296875,1.349028468132019,1.3303991556167603
65000,0,fcst,7.526810169219971,0.9379079937934875,0.6376953125,6.762269020080566,7.845346450805664
65000,1,fcst,7.303450107574463,0.3433130085468292,0.1204833984375,9.155054092407227,9.807723045349121
65000,2,fcst,3.7063286304473877,0.5310847163200378,0.4228515625,9.843894958496094,9.994854927062988
65000,0,enc,7.031078815460205,0.5242226123809814,0.268310546875,1.0612934827804565,1.0651272535324097
65000,1,enc,10.052913665771484,0.3870794475078583,0.1961669921875,0.9882200956344604,1.054736852645874
65000,2,enc,16.807491302490234,0.7501400113105774,0.7177734375,1.2424527406692505,1.3043118715286255
65200,0,enc,7.017556667327881,0.5232579708099365,0.3388671875,1.0808355808258057,1.0882488489151
65200,1,enc,9.69804573059082,0.40388959646224976,0.2137451171875,1.0747692584991455,1.1742289066314697
65200,2,enc,16.855295181274414,0.7188513278961182,0.78173828125,1.4052084684371948,1.3929251432418823
65200,0,fcst,7.615309715270996,1.052220106124878,0.66455078125,6.70442008972168,8.635322570800781
65200,1,fcst,7.275863170623779,0.3714134097099304,0.10760498046875,9.267144203186035,9.46652603149414
65200,2,fcst,3.6349453926086426,0.653157114982605,0.40087890625,9.344860076904297,9.391648292541504
65200,0,enc,7.008726596832275,0.5250993967056274,0.2318115234375,1.087076187133789,1.084524154663086
65200,1,enc,9.703718185424805,0.399260938167572,0.1932373046875,0.9785649180412292,1.095264196395874
65200,2,enc,16.831764221191406,0.6966898441314697,0.8134765625,1.3207666873931885,1.3598597049713135
65400,0,enc,6.882453441619873,0.5043617486953735,0.32177734375,1.0851339101791382,1.0839873552322388
65400,1,enc,9.904190063476562,0.41838496923446655,0.2188720703125,1.2546226978302002,1.1042544841766357
65400,2,enc,16.82927703857422,0.7180154919624329,0.716796875,1.437669277191162,1.4658132791519165
65400,0,fcst,7.6054229736328125,1.092138648033142,0.638671875,6.628734588623047,8.447685241699219
65400,1,fcst,7.288605213165283,0.36229369044303894,0.0908203125,8.987883567810059,9.348398208618164
65400,2,fcst,3.729588031768799,0.5469239950180054,0.3955078125,9.319487571716309,9.713096618652344
65400,0,enc,6.874044895172119,0.5059893727302551,0.26123046875,1.082759976387024,1.0860577821731567
65400,1,enc,9.792337417602539,0.4179058074951172,0.19970703125,0.9728424549102783,1.0315784215927124
65400,2,enc,16.80481719970703,0.6728631258010864,0.71484375,1.2735552787780762,1.2659754753112793
65600,0,enc,6.987659931182861,0.5161429643630981,0.30419921875,1.1045916080474854,1.1081138849258423
65600,1,enc,9.996947288513184,0.4218699336051941,0.2030029296875,1.1245124340057373,1.0040287971496582
65600,2,enc,16.688980102539062,0.7385453581809998,0.734375,1.518344521522522,1.5425431728363037
65600,0,fcst,7.660520076751709,0.8474140167236328,0.66796875,6.3881611824035645,8.40228271484375
65600,1,fcst,7.268748760223389,0.3372739851474762,0.1058349609375,9.853819847106934,9.853819847106934
65600,2,fcst,3.60561466217041,0.5667078495025635,0.420166015625,9.855314254760742,9.898784637451172
65600,0,enc,6.96481990814209,0.5143604278564453,0.2100830078125,1.1224366426467896,1.1245461702346802
65600,1,enc,10.006423950195312,0.4230019450187683,0.1893310546875,1.0274667739868164,0.9235842227935791
65600,2,enc,16.688936233520508,0.7149307727813721,0.7734375,1.2917470932006836,1.3191618919372559
65800,0,enc,6.930633544921875,0.5248836278915405,0.283935546875,1.0826640129089355,1.081531286239624
65800,1,enc,10.082100868225098,0.40462708473205566,0.2177734375,1.0970430374145508,1.148901104927063
65800,2,enc,16.724063873291016,0.7570011615753174,0.74072265625,1.5872153043746948,1.579573154449463
65800,0,fcst,7.573344707489014,1.0087302923202515,0.62939453125,6.993210792541504,7.922326564788818
65800,1,fcst,7.416964054107666,0.3185586929321289,0.09515380859375,9.442755699157715,10.195296287536621
65800,2,fcst,3.6343088150024414,0.5653408169746399,0.384033203125,10.388545036315918,11.505081176757812
65800,0,enc,6.914887428283691,0.5217379331588745,0.26416015625,1.0772212743759155,1.07577645778656
65800,1,enc,10.141796112060547,0.4104708135128021,0.1884765625,0.980725884437561,0.9066754579544067
65800,2,enc,16.73834800720215,0.693604052066803,0.703125,1.2834162712097168,1.2060915231704712
66000,0,enc,6.871270179748535,0.5193796157836914,0.284423828125,1.0540984869003296,1.0575464963912964
66000,1,enc,9.938493728637695,0.4238321781158447,0.206787109375,1.0849288702011108,1.0849288702011108
66000,2,enc,16.823867797851562,0.8201079964637756,0.8603515625,1.5367686748504639,1.5715248584747314
66000,0,fcst,7.562682628631592,0.8710904717445374,0.64306640625,6.6526265144348145,9.122213363647461
66000,1,fcst,7.339889049530029,0.36259692907333374,0.09716796875,9.761561393737793,9.954975128173828
66000,2,fcst,3.6981160640716553,0.6337804794311523,0.3818359375,9.954975128173828,10.552848815917969
66000,0,enc,6.852904319763184,0.5205579996109009,0.2357177734375,1.0581551790237427,1.0602971315383911
66000,1,enc,9.978134155273438,0.40443044900894165,0.183837890625,1.0385230779647827,0.9898365139961243
66000,2,enc,16.844213485717773,0.698835551738739,0.72509765625,1.2753708362579346,1.258692979812622
66200,0,enc,6.868706226348877,0.5134983658790588,0.2900390625,1.05070960521698,1.0574700832366943
66200,1,enc,9.901845932006836,0.39388927817344666,0.2032470703125,1.1739014387130737,1.0196866989135742
66200,2,enc,16.686904907226562,0.7494425773620605,0.7421875,1.6628843545913696,1.6355032920837402
66200,0,fcst,7.475476264953613,0.9682912230491638,0.63818359375,6.306874752044678,8.23701000213623
66200,1,fcst,7.342270851135254,0.3805624544620514,0.11407470703125,9.813053131103516,10.031288146972656
66200,2,fcst,3.6877193450927734,0.6147517561912537,0.421630859375,9.882455825805664,10.331403732299805
66200,0,enc,6.871799468994141,0.5140705108642578,0.21044921875,1.0448756217956543,1.0487009286880493
66200,1,enc,9.892208099365234,0.3901229798793793,0.18505859375,0.9816171526908875,0.9658750891685486
66200,2,enc,16.665225982666016,0.6773425340652466,0.66796875,1.3093315362930298,1.2873283624649048
66400,0,enc,7.023488998413086,0.5073238611221313,0.31201171875,1.0422077178955078,1.0441499948501587
66400,1,enc,9.979645729064941,0.4350544512271881,0.2181396484375,1.0958797931671143,1.1208059787750244
66400,2,enc,16.73816680908203,0.8266760110855103,0.70849609375,1.5301084518432617,1.5787330865859985
66400,0,fcst,7.525926113128662,0.8638332486152649,0.67236328125,6.852355003356934,8.485384941101074
66400,1,fcst,7.456690311431885,0.41375622153282166,0.11541748046875,9.092568397521973,9.300823211669922
66400,2,fcst,3.666705369949341,0.622404932975769,0.425537109375,9.302477836608887,9.833076477050781
66400,0,enc,7.042078018188477,0.5091504454612732,0.2132568359375,1.0485299825668335,1.0527414083480835
66400,1,enc,9.985725402832031,0.43533238768577576,0.1968994140625,0.9855424165725708,0.9376744627952576
66400,2,enc,16.731630325317383,0.721378743648529,0.68115234375,1.3576165437698364,1.3158379793167114
66600,0,enc,6.936172962188721,0.49263155460357666,0.293701171875,1.0221256017684937,1.0535343885421753
66600,1,enc,10.164251327514648,0.40048494935035706,0.2135009765625,1.2148646116256714,1.2681479454040527
66600,2,enc,16.868772506713867,0.807072103023529,0.76171875,1.381859540939331,1.5538430213928223
66600,0,fcst,7.5333356857299805,0.8513419032096863,0.62744140625,6.473382949829102,8.79879379272461
66600,1,fcst,7.555331707000732,0.39281412959098816,0.10992431640625,9.815031051635742,10.301413536071777
66600,2,fcst,3.641016960144043,0.6481688618659973,0.424072265625,10.295933723449707,10.443638801574707
66600,0,enc,6.9519829750061035,0.48802366852760315,0.1873779296875,1.014164924621582,1.0537148714065552
66600,1,enc,10.058917045593262,0.40563783049583435,0.1951904296875,1.0298141241073608,1.0915511846542358
66600,2,enc,16.892887115478516,0.7172124981880188,0.6328125,1.2314692735671997,1.2124016284942627
66800,0,enc,7.125770092010498,0.466487318277359,0.285400390625,0.9892000555992126,0.9880831837654114
66800,1,enc,10.092117309570312,0.3903000056743622,0.208984375,1.2434405088424683,1.0784454345703125
66800,2,enc,16.80367088317871,0.952907145023346,0.6796875,1.4096698760986328,1.4844040870666504
66800,0,fcst,7.4794511795043945,0.9111335873603821,0.6015625,7.281508445739746,8.171890258789062
66800,1,fcst,7.457852363586426,0.3328040838241577,0.11724853515625,9.214159965515137,9.565993309020996
66800,2,fcst,3.751145362854004,0.5830813646316528,0.4208984375,9.571919441223145,10.290409088134766
66800,0,enc,7.110005855560303,0.46889135241508484,0.227294921875,0.9956473112106323,0.9944876432418823
66800,1,enc,10.068855285644531,0.40108034014701843,0.1837158203125,1.141092300415039,1.068204402923584
66800,2,enc,16.785308837890625,0.7329272627830505,0.7216796875,1.3073747158050537,1.2986161708831787
67000,0,enc,7.267404556274414,0.4895089864730835,0.307861328125,1.019791603088379,1.0204565525054932
67000,1,enc,10.245940208435059,0.4181407392024994,0.21533203125,1.1121902465820312,1.063610553741455
67000,2,enc,16.73896026611328,0.8166252970695496,0.71630859375,1.422969102859497,1.409227728843689
67000,0,fcst,7.5174970626831055,0.9333727955818176,0.62646484375,6.664960861206055,8.874162673950195
67000,1,fcst,7.321718215942383,0.3759991228580475,0.1123046875,9.910711288452148,10.540594100952148
67000,2,fcst,3.748122453689575,0.6161322593688965,0.471923828125,10.539679527282715,10.904534339904785
67000,0,enc,7.253261566162109,0.4899905025959015,0.2314453125,1.0302573442459106,1.0290271043777466
67000,1,enc,10.094522476196289,0.420640230178833,0.1788330078125,1.0742921829223633,1.044367790222168
67000,2,enc,16.73923683166504,0.6433110237121582,0.67333984375,1.3213046789169312,1.2961124181747437
67200,0,enc,7.207563400268555,0.49401426315307617,0.315673828125,1.0419601202011108,1.0479958057403564
67200,1,enc,9.947294235229492,0.3784765601158142,0.20068359375,1.1214275360107422,1.1214275360107422
67200,2,enc,16.721158981323242,0.7910979390144348,0.7431640625,1.480743646621704,1.460737705230713
67200,0,fcst,7.656477451324463,0.8247357606887817,0.6689453125,6.88592004776001,8.469521522521973
67200,1,fcst,7.3603105545043945,0.37847837805747986,0.1162109375,9.530564308166504,9.92037582397461
67200,2,fcst,3.7898550033569336,0.7239415049552917,0.4248046875,9.856632232666016,10.298797607421875
67200,0,enc,7.173332214355469,0.4915701150894165,0.232421875,1.0441006422042847,1.0487316846847534
67200,1,enc,10.002706527709961,0.37567996978759766,0.176025390625,1.0010334253311157,1.1459308862686157
67200,2,enc,16.662025451660156,0.7172566652297974,0.671875,1.2358046770095825,1.2521620988845825
67400,0,enc,7.0834503173828125,0.4752340614795685,0.270751953125,1.0074493885040283,1.0126585960388184
67400,1,enc,10.017300605773926,0.3982071280479431,0.220947265625,1.3462586402893066,1.0482815504074097
67400,2,enc,16.773324966430664,0.7883421182632446,0.7822265625,1.4601563215255737,1.4366950988769531
67400,0,fcst,7.692137718200684,0.9331042766571045,0.6494140625,6.544235706329346,8.923471450805664
67400,1,fcst,7.456622123718262,0.37941911816596985,0.1121826171875,9.370536804199219,9.830606460571289
67400,2,fcst,3.9098191261291504,0.6581908464431763,0.39794921875,9.894725799560547,10.481205940246582
67400,0,enc,7.073744297027588,0.47806882858276367,0.2235107421875,1.0096287727355957,1.0110564231872559
67400,1,enc,9.997279167175293,0.4108264744281769,0.1826171875,0.977199912071228,0.9467547535896301
67400,2,enc,16.77236557006836,0.7378787994384766,0.65478515625,1.2948811054229736,1.2074177265167236
67600,0,enc,7.108499050140381,0.47685956954956055,0.25927734375,1.042645812034607,1.050559163093567
67600,1,enc,10.047327041625977,0.4341900944709778,0.204833984375,1.200368881225586,1.156614065170288
67600,2,enc,16.858278274536133,0.782261073589325,0.66796875,1.5122302770614624,1.5122302770614624
67600,0,fcst,7.771503925323486,1.010142207145691,0.69140625,6.339982509613037,7.861527919769287
67600,1,fcst,7.546486854553223,0.4170575439929962,0.10589599609375,9.144298553466797,9.156912803649902
67600,2,fcst,3.966508388519287,0.5998689532279968,0.4521484375,9.146811485290527,9.520618438720703
67600,0,enc,7.129451751708984,0.4790753424167633,0.2171630859375,1.0506839752197266,1.0563373565673828
67600,1,enc,10.038463592529297,0.43817299604415894,0.1890869140625,1.0172431468963623,0.9981421828269958
67600,2,enc,16.831584930419922,0.7611474394798279,0.66943359375,1.2896203994750977,1.2210168838500977
67800,0,enc,7.068614482879639,0.5360427498817444,0.3447265625,1.0284929275512695,1.0266830921173096
67800,1,enc,9.98790454864502,0.39363381266593933,0.2110595703125,1.264068603515625,1.0794496536254883
67800,2,enc,16.936540603637695,0.7569300532341003,0.72509765625,1.6044738292694092,1.581873893737793
67800,0,fcst,7.743730068206787,0.9957754611968994,0.58740234375,6.441981792449951,7.606098651885986
67800,1,fcst,7.4526166915893555,0.42556852102279663,0.09869384765625,8.476609230041504,8.847413063049316
67800,2,fcst,3.809251308441162,0.6063147783279419,0.3935546875,9.13803482055664,9.694377899169922
67800,0,enc,7.056333065032959,0.5326185822486877,0.2333984375,1.0413907766342163,1.0397027730941772
67800,1,enc,10.03389835357666,0.4031669497489929,0.190185546875,0.9729019999504089,1.035569429397583
67800,2,enc,16.94876480102539,0.7696892619132996,0.65771484375,1.3601746559143066,1.3033223152160645
68000,0,enc,6.934569835662842,0.5407816171646118,0.372802734375,1.068692922592163,1.066854476928711
68000,1,enc,9.829751014709473,0.43194907903671265,0.2054443359375,1.1070897579193115,1.0380741357803345
68000,2,enc,16.894325256347656,0.7662741541862488,0.76123046875,1.3907785415649414,1.4339932203292847
68000,0,fcst,7.883943557739258,1.0406550168991089,0.66162109375,6.532938480377197,8.896552085876465
68000,1,fcst,7.527931213378906,0.35096490383148193,0.09844970703125,10.040153503417969,10.220139503479004
68000,2,fcst,3.9152798652648926,0.551560640335083,0.392578125,10.092974662780762,10.453489303588867
68000,0,enc,6.945609092712402,0.54500412940979,0.31005859375,1.0517513751983643,1.0511763095855713
68000,1,enc,9.89915657043457,0.43687546253204346,0.1817626953125,1.0287630558013916,1.0746474266052246
68000,2,enc,16.894044876098633,0.808175265789032,0.69677734375,1.2317575216293335,1.2623666524887085
68200,0,enc,6.938539981842041,0.5260977149009705,0.331787109375,1.0398849248886108,1.0391792058944702
68200,1,enc,9.916668891906738,0.4003048539161682,0.2105712890625,1.110453724861145,1.0613727569580078
68200,2,enc,16.96497917175293,0.7981333136558533,0.7109375,1.434026837348938,1.3768223524093628
68200,0,fcst,7.926167964935303,1.0562775135040283,0.62158203125,6.560275077819824,7.492001533508301
68200,1,fcst,7.536099910736084,0.3174617290496826,0.11572265625,8.94564151763916,9.311038970947266
68200,2,fcst,3.7571983337402344,0.5288018584251404,0.4140625,9.354613304138184,9.44770336151123
68200,0,enc,6.909444808959961,0.5256330370903015,0.280029296875,1.042232871055603,1.0417183637619019
68200,1,enc,10.00181770324707,0.40513625741004944,0.18359375,1.0305668115615845,1.053628921508789
68200,2,enc,16.968523025512695,0.7903979420661926,0.630859375,1.2203412055969238,1.1634259223937988
68400,0,enc,6.828044414520264,0.5313206315040588,0.32177734375,1.0763839483261108,1.0734550952911377
68400,1,enc,9.887953758239746,0.4369652271270752,0.21240234375,1.2733654975891113,1.0919992923736572
68400,2,enc,17.07019805908203,0.7491653561592102,0.767578125,1.4880614280700684,1.414141058921814
68400,0,fcst,7.811831474304199,1.0483133792877197,0.70751953125,6.416679382324219,8.177621841430664
68400,1,fcst,7.2683281898498535,0.38140493631362915,0.1199951171875,8.7008056640625,8.82972526550293
68400,2,fcst,3.826887845993042,0.564716637134552,0.3984375,8.83959674835205,9.207435607910156
68400,0,enc,6.860732555389404,0.5275248885154724,0.296875,1.0944420099258423,1.0913540124893188
68400,1,enc,9.917682647705078,0.43985462188720703,0.1859130859375,1.0355300903320312,1.040879726409912
68400,2,enc,17.04944610595703,0.649239718914032,0.68310546875,1.3306492567062378,1.4075535535812378
68600,0,enc,6.870656967163086,0.522741436958313,0.339599609375,1.0417839288711548,1.0445855855941772
68600,1,enc,9.935715675354004,0.4130282700061798,0.2047119140625,1.1067018508911133,1.0366122722625732
68600,2,enc,16.923866271972656,0.7183111906051636,0.736328125,1.3859261274337769,1.3581911325454712
68600,0,fcst,7.823541164398193,0.9892913103103638,0.60498046875,6.189431190490723,7.537173271179199
68600,1,fcst,7.542326927185059,0.37276312708854675,0.09490966796875,8.437881469726562,9.04567813873291
68600,2,fcst,3.8455405235290527,0.5444416403770447,0.388427734375,9.013754844665527,9.323813438415527
68600,0,enc,6.887689590454102,0.5210264921188354,0.2362060546875,1.0363339185714722,1.0354994535446167
68600,1,enc,10.105463027954102,0.4146617650985718,0.18505859375,1.0072295665740967,1.0878328084945679
68600,2,enc,16.911523818969727,0.717517614364624,0.62158203125,1.273724913597107,1.2713840007781982
68800,0,enc,6.843652248382568,0.5400238037109375,0.354248046875,1.0030856132507324,1.0007777214050293
68800,1,enc,9.904061317443848,0.3995427191257477,0.2113037109375,1.2012999057769775,1.2012999057769775
68800,2,enc,16.84759521484375,0.6624961495399475,0.7314453125,1.2732182741165161,1.2879430055618286
68800,0,fcst,7.825816631317139,1.0016098022460938,0.6376953125,6.321653366088867,8.515581130981445
68800,1,fcst,7.283025741577148,0.3540325462818146,0.09906005859375,8.966227531433105,9.398085594177246
68800,2,fcst,3.9841768741607666,0.5427666902542114,0.40234375,9.412986755371094,9.633255958557129
68800,0,enc,6.8075761795043945,0.5359452366828918,0.234375,0.998292088508606,0.9971257448196411
68800,1,enc,9.95795726776123,0.4067344069480896,0.1920166015625,1.1474872827529907,1.0125292539596558
68800,2,enc,16.8305721282959,0.6501490473747253,0.63720703125,1.1675372123718262,1.1226458549499512
69000,0,enc,6.803160190582275,0.5339953303337097,0.33984375,1.0517594814300537,1.0541330575942993
69000,1,enc,9.953560829162598,0.41990214586257935,0.2086181640625,1.3274049758911133,1.1864304542541504
69000,2,enc,16.801137924194336,0.7319718599319458,0.70166015625,1.3223426342010498,1.1871682405471802
69000,0,fcst,7.8851823806762695,1.0004723072052002,0.59521484375,6.421107292175293,8.67658519744873
69000,1,fcst,7.283198356628418,0.36372822523117065,0.10797119140625,9.629962921142578,10.046087265014648
69000,2,fcst,3.999790906906128,0.6042963266372681,0.367919921875,10.119468688964844,10.654679298400879
69000,0,enc,6.801313877105713,0.535680890083313,0.303466796875,1.056833028793335,1.0578820705413818
69000,1,enc,9.908500671386719,0.4060709476470947,0.18798828125,1.219590187072754,0.9932761192321777
69000,2,enc,16.743267059326172,0.6718841791152954,0.6953125,1.2811336517333984,1.1933013200759888
69200,0,enc,6.798327445983887,0.5491321682929993,0.313720703125,1.019412636756897,1.019412636756897
69200,1,enc,10.03711223602295,0.3946942090988159,0.2271728515625,1.2115200757980347,1.0599926710128784
69200,2,enc,16.759254455566406,0.771953284740448,0.66845703125,1.4264768362045288,1.413100004196167
69200,0,fcst,7.820071697235107,1.0249698162078857,0.619140625,6.703736305236816,7.926609516143799
69200,1,fcst,7.351606369018555,0.4052692949771881,0.09222412109375,8.746929168701172,9.092252731323242
69200,2,fcst,3.926760673522949,0.5846351981163025,0.409912109375,9.089428901672363,9.634928703308105
69200,0,enc,6.807528495788574,0.5490289926528931,0.238037109375,1.0242117643356323,1.0226353406906128
69200,1,enc,9.960397720336914,0.3988814353942871,0.19970703125,1.0766112804412842,1.0438120365142822
69200,2,enc,16.76561164855957,0.7872432470321655,0.69189453125,1.2448296546936035,1.2121148109436035
69400,0,enc,6.856693267822266,0.5481932163238525,0.28857421875,0.9863103628158569,0.9835234880447388
69400,1,enc,10.094766616821289,0.3727833926677704,0.21044921875,1.1095964908599854,1.0254054069519043
69400,2,enc,16.7640438079834,0.7657877802848816,0.7177734375,1.3724530935287476,1.3928320407867432
69400,0,fcst,7.913658142089844,0.9194368720054626,0.63134765625,6.464809894561768,8.508341789245605
69400,1,fcst,7.327814102172852,0.3693889081478119,0.136962890625,9.821295738220215,10.280009269714355
69400,2,fcst,3.966062545776367,0.5635074377059937,0.361572265625,10.277937889099121,10.487085342407227
69400,0,enc,6.844486236572266,0.5480121374130249,0.2342529296875,0.98716139793396,0.9861171245574951
69400,1,enc,10.150457382202148,0.374418169260025,0.1893310546875,0.9960771799087524,0.9380263090133667
69400,2,enc,16.714296340942383,0.6902681589126587,0.63232421875,1.1555469036102295,1.16429603099823
69600,0,enc,7.097083568572998,0.5379936695098877,0.400146484375,1.042348861694336,1.0430541038513184
69600,1,enc,10.109530448913574,0.41926848888397217,0.232421875,1.1480530500411987,1.2251421213150024
69600,2,enc,16.597524642944336,0.7377140522003174,0.67822265625,1.3366838693618774,1.3173730373382568
69600,0,fcst,8.126450538635254,1.0191481113433838,0.59765625,6.239226341247559,7.6649651527404785
69600,1,fcst,7.371029376983643,0.39040496945381165,0.10809326171875,9.041454315185547,9.328184127807617
69600,2,fcst,4.076570510864258,0.5938743948936462,0.34326171875,9.323046684265137,9.937195777893066
69600,0,enc,7.07658576965332,0.5399196147918701,0.2257080078125,1.0410213470458984,1.0415616035461426
69600,1,enc,10.106558799743652,0.3959033787250519,0.199951171875,1.0487627983093262,1.004112720489502
69600,2,enc,16.61722183227539,0.8040885329246521,0.69091796875,1.1664953231811523,1.1717748641967773
69800,0,enc,7.072909355163574,0.5584815740585327,0.32958984375,1.0117284059524536,1.0139981508255005
69800,1,enc,10.23316764831543,0.3990108370780945,0.2149658203125,1.1293914318084717,0.9903712868690491
69800,2,enc,16.665409088134766,0.7122144103050232,0.67041015625,1.5048733949661255,1.4586223363876343
69800,0,fcst,8.048853874206543,1.0605790615081787,0.6337890625,6.310481071472168,7.852599620819092
69800,1,fcst,7.221855640411377,0.37562039494514465,0.1019287109375,9.396064758300781,9.880005836486816
69800,2,fcst,3.850450277328491,0.5569742918014526,0.378662109375,9.916632652282715,10.218281745910645
69800,0,enc,7.052542686462402,0.5591548085212708,0.265869140625,1.0209980010986328,1.022623062133789
69800,1,enc,10.229337692260742,0.3912924826145172,0.2098388671875,1.0414820909500122,0.98337322473526
69800,2,enc,16.67709732055664,0.6833489537239075,0.615234375,1.211768388748169,1.205345869064331
70000,0,enc,6.998660087585449,0.5540102124214172,0.305908203125,1.0000685453414917,0.9974830150604248
70000,1,enc,10.223546981811523,0.3841218650341034,0.2042236328125,1.424866795539856,1.039572834968567
70000,2,enc,16.751296997070312,0.7102776169776917,0.68994140625,1.5477036237716675,1.522950530052185
70000,0,fcst,8.046043395996094,1.0242849588394165,0.64111328125,6.649728298187256,7.9388909339904785
70000,1,fcst,7.368290424346924,0.39846932888031006,0.099365234375,8.620277404785156,9.039250373840332
70000,2,fcst,4.050643444061279,0.5771595239639282,0.353271484375,9.076030731201172,9.799229621887207
70000,0,enc,7.00745964050293,0.550566554069519,0.2401123046875,0.9968487620353699,0.9920002818107605
70000,1,enc,10.256875038146973,0.3866845965385437,0.2071533203125,1.1196577548980713,1.063666820526123
70000,2,enc,16.745149612426758,0.6751503348350525,0.64306640625,1.3367656469345093,1.3039238452911377
70200,0,enc,6.942593097686768,0.5367095470428467,0.3017578125,0.9559164047241211,0.9578735828399658
70200,1,enc,10.383667945861816,0.3892008066177368,0.2125244140625,1.3373411893844604,1.0266985893249512
70200,2,enc,16.905874252319336,0.8039379119873047,0.720703125,1.506900668144226,1.506900668144226
70200,0,fcst,8.134140968322754,0.9068008065223694,0.6142578125,6.499371528625488,8.758514404296875
70200,1,fcst,7.401519298553467,0.38706156611442566,0.094482421875,9.918811798095703,10.073570251464844
70200,2,fcst,3.9622676372528076,0.515067458152771,0.35107421875,10.066751480102539,10.11056137084961
70200,0,enc,6.9583516120910645,0.5381647944450378,0.25537109375,0.9598900675773621,0.9619786143302917
70200,1,enc,10.3503999710083,0.38479968905448914,0.19482421875,1.11580491065979,0.9577823877334595
70200,2,enc,16.87685203552246,0.6918805241584778,0.61279296875,1.4763237237930298,1.460981011390686
70400,0,enc,6.99917459487915,0.539370059967041,0.334228515625,1.0018318891525269,1.039451003074646
70400,1,enc,10.568432807922363,0.40040165185928345,0.2109375,1.116454839706421,1.049331545829773
70400,2,enc,16.66475486755371,0.677294135093689,0.73193359375,1.5513551235198975,1.4690254926681519
70400,0,fcst,8.216737747192383,1.0314738750457764,0.58447265625,6.072146892547607,7.860341548919678
70400,1,fcst,7.3892974853515625,0.382980614900589,0.112548828125,8.957687377929688,9.076909065246582
70400,2,fcst,4.070175647735596,0.6198716759681702,0.349853515625,9.111165046691895,9.38405990600586
70400,0,enc,7.017820358276367,0.5418763160705566,0.2470703125,1.0045058727264404,1.0378329753875732
70400,1,enc,10.564554214477539,0.40857449173927307,0.170166015625,1.1573963165283203,1.0681135654449463
70400,2,enc,16.65790367126465,0.6676329374313354,0.63818359375,1.3786782026290894,1.3026283979415894
70600,0,enc,6.886346340179443,0.5330208539962769,0.34423828125,0.9418213963508606,1.0245466232299805
70600,1,enc,10.346731185913086,0.39957788586616516,0.19580078125,1.0777677297592163,1.138056755065918
70600,2,enc,16.722803115844727,0.6938027143478394,0.6953125,1.5389240980148315,1.4857218265533447
70600,0,fcst,7.962971210479736,1.0971896648406982,0.62060546875,6.860884666442871,7.552231788635254
70600,1,fcst,7.417814254760742,0.42410844564437866,0.12091064453125,8.541102409362793,9.072515487670898
70600,2,fcst,3.8942925930023193,0.6050791144371033,0.36474609375,9.074071884155273,9.652414321899414
70600,0,enc,6.913910388946533,0.5359457731246948,0.328369140625,0.9498909711837769,0.965205192565918
70600,1,enc,10.466472625732422,0.39751318097114563,0.1695556640625,1.1280555725097656,1.0756452083587646
70600,2,enc,16.754751205444336,0.6810002326965332,0.62255859375,1.2845540046691895,1.2720011472702026
70800,0,enc,6.910520553588867,0.5398450493812561,0.319091796875,0.9597304463386536,1.0486180782318115
70800,1,enc,10.62059497833252,0.41687679290771484,0.207275390625,1.0729573965072632,1.0801252126693726
70800,2,enc,16.591129302978516,0.7613763809204102,0.6630859375,1.2746860980987549,1.2746860980987549
70800,0,fcst,8.073769569396973,1.0626775026321411,0.61181640625,6.417875289916992,7.990344047546387
70800,1,fcst,7.421025276184082,0.4678345322608948,0.108642578125,8.60555362701416,9.343400955200195
70800,2,fcst,3.92682147026062,0.6307916045188904,0.351806640625,9.26329517364502,9.590986251831055
70800,0,enc,6.864131450653076,0.5407968163490295,0.271728515625,0.9639981985092163,1.040327548980713
70800,1,enc,10.469618797302246,0.41623300313949585,0.1873779296875,1.025268793106079,1.062195062637329
70800,2,enc,16.578927993774414,0.6835467219352722,0.63427734375,1.2841814756393433,1.3046740293502808
71000,0,enc,6.876863956451416,0.5305976271629333,0.42529296875,0.9848566055297852,1.0093580484390259
71000,1,enc,10.601038932800293,0.4074605703353882,0.19775390625,1.1901016235351562,1.4480676651000977
71000,2,enc,16.6601505279541,0.7694208025932312,0.6943359375,1.5726650953292847,1.548527717590332
71000,0,fcst,8.06345272064209,1.005113959312439,0.67138671875,6.723663330078125,7.455081939697266
71000,1,fcst,7.384244441986084,0.3743191957473755,0.1158447265625,8.578312873840332,8.902749061584473
71000,2,fcst,4.159964561462402,0.637569010257721,0.3671875,8.87362289428711,9.193584442138672
71000,0,enc,6.8633904457092285,0.5322883129119873,0.298095703125,0.9828625917434692,0.9829382300376892
71000,1,enc,10.562325477600098,0.405947744846344,0.1754150390625,1.1492314338684082,1.0641391277313232
71000,2,enc,16.66402816772461,0.8121107220649719,0.65576171875,1.2579187154769897,1.1833947896957397
71200,0,enc,6.782331943511963,0.5073652863502502,0.3681640625,0.9677029252052307,1.0515923500061035
71200,1,enc,10.695913314819336,0.39400210976600647,0.1934814453125,1.0978915691375732,1.15794038772583
71200,2,enc,16.61063003540039,0.8972512483596802,0.70947265625,1.4282463788986206,1.413352131843567
71200,0,fcst,8.019689559936523,0.9491401314735413,0.78662109375,6.291435718536377,7.836970329284668
71200,1,fcst,7.421047687530518,0.4524015486240387,0.11175537109375,8.517221450805664,8.78740406036377
71200,2,fcst,4.164764404296875,0.6400056481361389,0.352294921875,9.002017974853516,9.68886661529541
71200,0,enc,6.819429397583008,0.5184040665626526,0.357421875,0.9400239586830139,1.0326752662658691
71200,1,enc,10.785855293273926,0.4010538160800934,0.1707763671875,1.026768445968628,1.101597547531128
71200,2,enc,16.598007202148438,0.8326806426048279,0.64892578125,1.426196575164795,1.406604290008545
71400,0,enc,6.84170389175415,0.5096305012702942,0.345703125,0.9777671694755554,0.9971637725830078
71400,1,enc,10.69111442565918,0.3920438885688782,0.227783203125,1.192065954208374,0.9699012041091919
71400,2,enc,16.643524169921875,0.8037772178649902,0.7109375,1.6141728162765503,1.5727027654647827
71400,0,fcst,7.903036117553711,1.1303958892822266,0.6064453125,6.439306259155273,7.698988914489746
71400,1,fcst,7.445374965667725,0.46929940581321716,0.1129150390625,8.517117500305176,9.147000312805176
71400,2,fcst,4.087713718414307,0.6434067487716675,0.376953125,9.101473808288574,9.798088073730469
71400,0,enc,6.821023464202881,0.50929194688797,0.27197265625,0.9869690537452698,0.9876647591590881
71400,1,enc,10.84862232208252,0.3963361382484436,0.1776123046875,1.0443994998931885,0.9931557774543762
71400,2,enc,16.636247634887695,0.6550144553184509,0.646484375,1.4430162906646729,1.3902981281280518
71600,0,enc,6.904050350189209,0.5072741508483887,0.343017578125,0.9445212483406067,1.0580991506576538
71600,1,enc,10.811665534973145,0.37724655866622925,0.2296142578125,1.0714792013168335,1.193481683731079
71600,2,enc,16.745319366455078,0.7654147148132324,0.70458984375,1.6053916215896606,1.6297718286514282
71600,0,fcst,7.819602012634277,1.0048004388809204,0.681640625,6.685141086578369,8.137991905212402
71600,1,fcst,7.433979511260986,0.378207266330719,0.12274169921875,9.213669776916504,9.591816902160645
71600,2,fcst,4.185222625732422,0.6181434392929077,0.34716796875,9.645547866821289,9.645547866821289
71600,0,enc,6.918756484985352,0.5060558915138245,0.3076171875,0.9461996555328369,0.9579452276229858
71600,1,enc,10.800150871276855,0.38063618540763855,0.190673828125,0.9999986886978149,1.0350812673568726
71600,2,enc,16.727096557617188,0.7946162223815918,0.66552734375,1.43003249168396,1.4170396327972412
71800,0,enc,6.8131489753723145,0.5244892239570618,0.438720703125,0.980303168296814,0.9758060574531555
71800,1,enc,10.811728477478027,0.39209485054016113,0.1966552734375,0.9833469390869141,1.0695544481277466
71800,2,enc,16.607458114624023,0.7424110174179077,0.75634765625,1.398754358291626,1.4029865264892578
71800,0,fcst,7.832843780517578,0.9361258745193481,0.60986328125,6.305273056030273,8.488432884216309
71800,1,fcst,7.336214542388916,0.3964594900608063,0.122314453125,9.085874557495117,9.540518760681152
71800,2,fcst,4.212344646453857,0.7138551473617554,0.364013671875,9.497352600097656,9.782726287841797
71800,0,enc,6.787779331207275,0.5254742503166199,0.309814453125,0.9794760346412659,0.9774084687232971
71800,1,enc,10.928004264831543,0.395224928855896,0.192138671875,0.9721032381057739,1.051448941230774
71800,2,enc,16.63302993774414,0.7234416007995605,0.658203125,1.3501652479171753,1.2801579236984253
72000,0,enc,6.721062183380127,0.534946858882904,0.368408203125,0.9338986873626709,0.9734123945236206
72000,1,enc,10.80732536315918,0.38822996616363525,0.203125,1.112662434577942,1.0101978778839111
72000,2,enc,16.652502059936523,0.8836202025413513,0.7041015625,1.4946259260177612,1.3714027404785156
72000,0,fcst,7.829718589782715,0.8962397575378418,0.61474609375,6.29689359664917,7.924881935119629
72000,1,fcst,7.4529523849487305,0.43227314949035645,0.11102294921875,8.324261665344238,8.891210556030273
72000,2,fcst,4.297789096832275,0.633700966835022,0.361328125,8.712762832641602,8.913396835327148
72000,0,enc,6.725091934204102,0.5360831618309021,0.3623046875,0.9356322884559631,0.9355039000511169
72000,1,enc,10.929080963134766,0.3914426565170288,0.1759033203125,0.9209051132202148,0.97008216381073
72000,2,enc,16.63776969909668,0.8621370792388916,0.62158203125,1.2380342483520508,1.276574730873108
72200,0,enc,6.720407485961914,0.49891743063926697,0.370361328125,0.9552404284477234,0.9754442572593689
72200,1,enc,11.08060073852539,0.40230271220207214,0.201904296875,1.200163722038269,1.0625218152999878
72200,2,enc,16.75188636779785,0.6496438384056091,0.79931640625,1.4410901069641113,1.3358582258224487
72200,0,fcst,7.736351490020752,0.9950722455978394,0.69677734375,6.9574360847473145,7.504919528961182
72200,1,fcst,7.42496919631958,0.3957322835922241,0.1103515625,8.372810363769531,9.242098808288574
72200,2,fcst,4.262376308441162,0.6723250150680542,0.383056640625,9.17339038848877,9.39176082611084
72200,0,enc,6.759616851806641,0.5057283043861389,0.2939453125,0.9487884044647217,0.9551147818565369
72200,1,enc,11.00462532043457,0.4012969434261322,0.1802978515625,0.9683385491371155,1.0149574279785156
72200,2,enc,16.72152328491211,0.6470144391059875,0.693359375,1.1511811017990112,1.207732081413269
72400,0,enc,6.805964469909668,0.5264571309089661,0.431396484375,1.0414706468582153,1.113763451576233
72400,1,enc,11.106217384338379,0.3887515664100647,0.21826171875,1.0935217142105103,1.2264069318771362
72400,2,enc,16.888280868530273,0.6812278628349304,0.720703125,1.560652256011963,1.537015438079834
72400,0,fcst,7.699437618255615,1.126894474029541,0.6171875,6.408411026000977,8.1080322265625
72400,1,fcst,7.333958148956299,0.3984595239162445,0.1339111328125,8.540574073791504,9.128682136535645
72400,2,fcst,4.377554893493652,0.72551029920578,0.38330078125,9.17841911315918,9.40316390991211
72400,0,enc,6.799977779388428,0.5260941386222839,0.3896484375,0.999751627445221,0.9389845132827759
72400,1,enc,11.110572814941406,0.3860166072845459,0.213134765625,0.9625604152679443,0.9714467525482178
72400,2,enc,16.90524673461914,0.7868862748146057,0.685546875,1.2994325160980225,1.347385048866272
72600,0,enc,6.99213981628418,0.499347984790802,0.4140625,0.9669474959373474,0.9069852828979492
72600,1,enc,10.822218894958496,0.4173007309436798,0.20947265625,1.1315531730651855,0.9814059138298035
72600,2,enc,16.80918312072754,0.6868599057197571,0.7333984375,1.3520711660385132,1.3400273323059082
72600,0,fcst,7.652458667755127,0.9702075719833374,0.7080078125,6.799294948577881,7.508819580078125
72600,1,fcst,7.48624849319458,0.4251050055027008,0.1314697265625,9.091687202453613,9.091687202453613
72600,2,fcst,4.404414176940918,0.6502742171287537,0.37548828125,9.129400253295898,9.514057159423828
72600,0,enc,6.978947639465332,0.5053241848945618,0.353271484375,0.9146746397018433,0.9211825132369995
72600,1,enc,11.037191390991211,0.42532482743263245,0.191650390625,0.9124170541763306,0.9311853647232056
72600,2,enc,16.796510696411133,0.707423210144043,0.71337890625,1.2669827938079834,1.236804723739624
72800,0,enc,6.9591898918151855,0.5066741704940796,0.443115234375,0.9400874972343445,0.9398050904273987
72800,1,enc,10.894335746765137,0.4203132092952728,0.2286376953125,1.0545628070831299,1.1566866636276245
72800,2,enc,16.714990615844727,0.7277547121047974,0.71923828125,1.3682692050933838,1.4156731367111206
72800,0,fcst,7.6679863929748535,0.7985164523124695,0.611328125,6.245893955230713,7.766275405883789
72800,1,fcst,7.4683990478515625,0.35140421986579895,0.11541748046875,8.216107368469238,8.567615509033203
72800,2,fcst,4.229717254638672,0.7074130177497864,0.381103515625,8.525620460510254,8.957260131835938
72800,0,enc,6.944688320159912,0.5049810409545898,0.400634765625,0.9438520669937134,0.9436100721359253
72800,1,enc,10.791702270507812,0.41931089758872986,0.2032470703125,0.9709912538528442,1.0471575260162354
72800,2,enc,16.732099533081055,0.6415926814079285,0.6845703125,1.3287643194198608,1.2987350225448608
73000,0,enc,6.843512535095215,0.5382786989212036,0.373291015625,0.9887076020240784,1.0688774585723877
73000,1,enc,10.763738632202148,0.41463154554367065,0.2286376953125,1.1808310747146606,1.0667243003845215
73000,2,enc,16.82695770263672,0.7276816368103027,0.73828125,1.3131805658340454,1.348819613456726
73000,0,fcst,7.706788539886475,0.8956619501113892,0.6357421875,6.10967493057251,7.5127058029174805
73000,1,fcst,7.417984962463379,0.3413436710834503,0.1319580078125,8.741678237915039,9.134040832519531
73000,2,fcst,4.469293594360352,0.6358632445335388,0.408447265625,9.134040832519531,9.692343711853027
73000,0,enc,6.8368916511535645,0.540972113609314,0.3681640625,0.9715712666511536,0.9916430115699768
73000,1,enc,10.858015060424805,0.4203285872936249,0.209228515625,0.9697051048278809,1.037064552307129
73000,2,enc,16.77622413635254,0.7201386094093323,0.64697265625,1.384653091430664,1.3541505336761475
73200,0,enc,6.96543025970459,0.5571061372756958,0.410400390625,1.1615803241729736,1.1757371425628662
73200,1,enc,10.851216316223145,0.4089750647544861,0.2469482421875,1.1940643787384033,1.2185759544372559
73200,2,enc,16.909442901611328,0.7177406549453735,0.70458984375,1.4905506372451782,1.4049657583236694
73200,0,fcst,7.663885593414307,0.9997134804725647,0.685546875,6.087833881378174,9.33193302154541
73200,1,fcst,7.254461288452148,0.3757827579975128,0.11639404296875,8.101466178894043,8.484585762023926
73200,2,fcst,4.402359962463379,0.6212237477302551,0.3984375,8.665119171142578,9.550536155700684
73200,0,enc,6.9503302574157715,0.5537267923355103,0.37255859375,1.193690299987793,1.2016324996948242
73200,1,enc,10.825030326843262,0.4187183976173401,0.2159423828125,1.217246651649475,1.2274318933486938
73200,2,enc,16.914552688598633,0.7390943169593811,0.63525390625,1.3001818656921387,1.2777730226516724
73400,0,enc,7.037314414978027,0.584230899810791,0.43359375,0.9244520664215088,0.9243411421775818
73400,1,enc,11.09305477142334,0.4219129979610443,0.2314453125,0.9705184698104858,0.9944080710411072
73400,2,enc,16.99064064025879,0.8028435111045837,0.73046875,1.537682056427002,1.4941381216049194
73400,0,fcst,7.77608060836792,1.0768805742263794,0.7216796875,6.457208156585693,8.351778030395508
73400,1,fcst,7.227022647857666,0.3780483603477478,0.10980224609375,9.836468696594238,9.836468696594238
73400,2,fcst,4.192281723022461,0.5886311531066895,0.37548828125,9.836468696594238,10.354046821594238
73400,0,enc,7.036157131195068,0.5825986266136169,0.29833984375,0.9154235124588013,0.9160114526748657
73400,1,enc,11.050889015197754,0.4244209825992584,0.2296142578125,0.9276179075241089,0.9615168571472168
73400,2,enc,16.966554641723633,0.6565183401107788,0.66259765625,1.5454174280166626,1.4598461389541626
73600,0,enc,6.81951904296875,0.6010279655456543,0.354736328125,0.9576359391212463,0.9605287313461304
73600,1,enc,10.720961570739746,0.42915722727775574,0.2425537109375,1.0824040174484253,0.9953973293304443
73600,2,enc,16.969465255737305,0.6956137418746948,0.7470703125,1.678949236869812,1.678949236869812
73600,0,fcst,7.826763153076172,0.985885739326477,0.65966796875,6.638171195983887,7.51014518737793
73600,1,fcst,7.180290699005127,0.38211795687675476,0.1314697265625,8.926451683044434,9.317076683044434
73600,2,fcst,4.214599609375,0.671806275844574,0.475341796875,9.297784805297852,9.891860008239746
73600,0,enc,6.852270126342773,0.6032446622848511,0.32373046875,0.9469569325447083,0.947676956653595
73600,1,enc,10.463558197021484,0.4297482371330261,0.2171630859375,0.9842057228088379,1.0062329769134521
73600,2,enc,16.93497657775879,0.6903324723243713,0.6455078125,1.3892346620559692,1.5316907167434692
73800,0,enc,6.778615951538086,0.5914102792739868,0.369384765625,0.9439964890480042,0.9439964890480042
73800,1,enc,10.303074836730957,0.42809033393859863,0.27392578125,1.2334250211715698,1.1392910480499268
73800,2,enc,16.688833236694336,0.8809617161750793,0.7314453125,1.7960306406021118,1.7006123065948486
73800,0,fcst,7.836862564086914,0.9003700017929077,0.70947265625,6.243174076080322,7.70982551574707
73800,1,fcst,7.096224308013916,0.3758922517299652,0.11297607421875,8.173048973083496,8.597582817077637
73800,2,fcst,4.337174415588379,0.6896356344223022,0.382568359375,8.586274147033691,9.216699600219727
73800,0,enc,6.775031089782715,0.5900512933731079,0.2919921875,0.9365457892417908,0.9377273917198181
73800,1,enc,10.40995979309082,0.42575526237487793,0.239501953125,0.9949180483818054,1.0146818161010742
73800,2,enc,16.689104080200195,0.801296591758728,0.64208984375,1.460728645324707,1.365452766418457
74000,0,enc,6.767894744873047,0.577853262424469,0.50634765625,1.0319150686264038,0.9094251990318298
74000,1,enc,10.352398872375488,0.4023856520652771,0.275146484375,1.1643760204315186,1.4739774465560913
74000,2,enc,16.783424377441406,0.8062751889228821,0.771484375,1.636991262435913,1.636991262435913
74000,0,fcst,7.839561939239502,0.9363685250282288,0.6328125,6.110324382781982,7.332806587219238
74000,1,fcst,7.045133113861084,0.3787652552127838,0.113037109375,8.713613510131836,8.967655181884766
74000,2,fcst,4.151172637939453,0.6406527161598206,0.34521484375,8.917098999023438,9.015705108642578
74000,0,enc,6.767684459686279,0.5790026783943176,0.359619140625,0.9096266031265259,0.9138151407241821
74000,1,enc,10.154873847961426,0.4021490514278412,0.2452392578125,0.9556665420532227,1.1147630214691162
74000,2,enc,16.77396011352539,0.7548726797103882,0.6640625,1.290591835975647,1.2882258892059326
74200,0,enc,6.796633720397949,0.5985448956489563,0.372314453125,0.9298981428146362,0.968011200428009
74200,1,enc,10.398673057556152,0.41068318486213684,0.24072265625,1.0205073356628418,1.0205073356628418
74200,2,enc,16.940317153930664,0.9153054356575012,0.73583984375,1.4296573400497437,1.3661553859710693
74200,0,fcst,7.9992194175720215,1.1196931600570679,0.677734375,6.1833014488220215,7.683783531188965
74200,1,fcst,7.042490005493164,0.37709563970565796,0.138671875,8.70695686340332,8.939027786254883
74200,2,fcst,4.185182094573975,0.6447045207023621,0.388916015625,8.91107177734375,9.10217571258545
74200,0,enc,6.780477523803711,0.5942687392234802,0.3330078125,0.9544306993484497,0.9894648790359497
74200,1,enc,10.48254108428955,0.4123910963535309,0.2462158203125,0.9873111248016357,1.0434939861297607
74200,2,enc,16.948867797851562,0.8493800163269043,0.6142578125,1.318677544593811,1.2847334146499634
74400,0,enc,6.684054374694824,0.6149994730949402,0.36279296875,0.917716920375824,0.9473496079444885
74400,1,enc,10.389575958251953,0.4195423722267151,0.265625,1.1573559045791626,1.0473048686981201
74400,2,enc,17.072181701660156,0.7253498435020447,0.81201171875,1.4531872272491455,1.399423360824585
74400,0,fcst,8.002697944641113,1.0202970504760742,0.6708984375,6.169210433959961,8.026041030883789
74400,1,fcst,7.08408784866333,0.39252224564552307,0.12353515625,9.214921951293945,9.93323802947998
74400,2,fcst,4.311323642730713,0.5850799083709717,0.37451171875,9.958632469177246,10.646023750305176
74400,0,enc,6.6996541023254395,0.6101820468902588,0.268310546875,0.9207647442817688,0.9255132675170898
74400,1,enc,10.323592185974121,0.40933823585510254,0.22412109375,1.1546106338500977,1.0070064067840576
74400,2,enc,17.049646377563477,0.6715611219406128,0.75,1.284660816192627,1.1992508172988892
74600,0,enc,6.686789512634277,0.6758981943130493,0.391845703125,1.0220890045166016,1.0219659805297852
74600,1,enc,10.009617805480957,0.3816128373146057,0.245361328125,1.0297349691390991,1.0844296216964722
74600,2,enc,17.1469669342041,0.9734342694282532,0.72607421875,1.2940647602081299,1.3814955949783325
74600,0,fcst,8.02030086517334,1.0404598712921143,0.7021484375,6.42112398147583,7.6331467628479
74600,1,fcst,6.990407943725586,0.3863459527492523,0.1368408203125,8.5082368850708,9.293827056884766
74600,2,fcst,4.09378719329834,0.5997700095176697,0.3486328125,9.28573989868164,9.892836570739746
74600,0,enc,6.675959587097168,0.6737979650497437,0.333740234375,0.9993155002593994,1.023484706878662
74600,1,enc,9.961739540100098,0.3811236619949341,0.2156982421875,1.0185961723327637,1.0548276901245117
74600,2,enc,17.12607192993164,0.7568351030349731,0.67919921875,1.184406042098999,1.291888952255249
74800,0,enc,6.601519584655762,0.6877520084381104,0.39892578125,0.9867558479309082,1.0505714416503906
74800,1,enc,10.144819259643555,0.4181218445301056,0.2548828125,1.1126810312271118,1.1620194911956787
74800,2,enc,17.083127975463867,0.777618944644928,0.7607421875,1.4319900274276733,1.4899076223373413
74800,0,fcst,8.088356018066406,0.9687740802764893,0.63720703125,6.107198238372803,8.67460823059082
74800,1,fcst,6.9168829917907715,0.377409964799881,0.11138916015625,9.376989364624023,9.914098739624023
74800,2,fcst,4.111948013305664,0.5865603089332581,0.353759765625,9.950095176696777,9.950095176696777
74800,0,enc,6.601832866668701,0.6831973195075989,0.339111328125,0.9975210428237915,1.0466543436050415
74800,1,enc,10.050132751464844,0.4203091859817505,0.2303466796875,1.0586971044540405,1.1293758153915405
74800,2,enc,17.048948287963867,0.7997234463691711,0.69482421875,1.2280280590057373,1.2617194652557373
75000,0,enc,6.549417972564697,0.689407229423523,0.42529296875,0.8964006900787354,0.9515531063079834
75000,1,enc,10.08200454711914,0.3949277698993683,0.2396240234375,1.0858244895935059,1.0621490478515625
75000,2,enc,17.05487823486328,0.8827612400054932,0.73291015625,1.3955638408660889,1.4417132139205933
75000,0,fcst,8.06978702545166,1.0997642278671265,0.64599609375,6.750487327575684,8.195799827575684
75000,1,fcst,7.077021598815918,0.4029622972011566,0.1287841796875,9.30364990234375,9.673930168151855
75000,2,fcst,4.068288326263428,0.6152589917182922,0.322509765625,9.673930168151855,9.934725761413574
75000,0,enc,6.5547661781311035,0.6912720799446106,0.339111328125,0.9070628881454468,0.9059995412826538
75000,1,enc,10.133074760437012,0.39882761240005493,0.21728515625,0.9746652245521545,0.9967501759529114
75000,2,enc,17.045984268188477,0.7346898913383484,0.71826171875,1.2245837450027466,1.3062487840652466
75200,0,enc,6.517238616943359,0.6950920820236206,0.43896484375,0.9442440867424011,0.9475480318069458
75200,1,enc,10.32286262512207,0.37973830103874207,0.259765625,1.2807316780090332,1.2807316780090332
75200,2,enc,17.09014892578125,0.8867613077163696,0.74951171875,1.3875806331634521,1.3754583597183228
75200,0,fcst,8.133914947509766,0.9998235702514648,0.62939453125,6.185777187347412,7.219895362854004
75200,1,fcst,7.274174213409424,0.3698342740535736,0.115234375,8.360150337219238,8.548952102661133
75200,2,fcst,4.129757404327393,0.6451830267906189,0.356201171875,8.548952102661133,8.955853462219238
75200,0,enc,6.52977991104126,0.6913903951644897,0.36669921875,0.9501649141311646,0.9497913122177124
75200,1,enc,10.19873046875,0.39439281821250916,0.2177734375,1.0347012281417847,0.9855900406837463
75200,2,enc,17.044645309448242,0.6889945864677429,0.6591796875,1.273266315460205,1.2421778440475464
75400,0,enc,6.708434104919434,0.6932836771011353,0.44677734375,0.949968159198761,0.9513340592384338
75400,1,enc,10.054755210876465,0.382107675075531,0.263427734375,1.0797414779663086,1.2045190334320068
75400,2,enc,17.024925231933594,0.8895965218544006,0.78369140625,1.4014025926589966,1.3730381727218628
75400,0,fcst,8.106812477111816,0.9655458927154541,0.63671875,6.242975234985352,7.847966194152832
75400,1,fcst,7.106333255767822,0.3797447681427002,0.11370849609375,8.694496154785156,9.080572128295898
75400,2,fcst,4.126486778259277,0.6959806680679321,0.3642578125,9.045881271362305,9.69475269317627
75400,0,enc,6.716116905212402,0.6982680559158325,0.40478515625,0.9512263536453247,0.9524585008621216
75400,1,enc,10.45462703704834,0.38402655720710754,0.216796875,1.1178607940673828,0.9823979139328003
75400,2,enc,17.004383087158203,0.7651234269142151,0.7568359375,1.201478123664856,1.1499123573303223
75600,0,enc,6.783578395843506,0.6795613169670105,0.412109375,0.9742851853370667,0.9739667177200317
75600,1,enc,10.33410930633545,0.40730127692222595,0.2490234375,1.3989026546478271,1.073269248008728
75600,2,enc,16.974409103393555,0.8061338663101196,0.80615234375,1.2416437864303589,1.2132455110549927
75600,0,fcst,8.197587966918945,0.9744002223014832,0.65380859375,6.136987686157227,8.395565032958984
75600,1,fcst,7.289544582366943,0.39681676030158997,0.117919921875,10.149269104003906,10.282596588134766
75600,2,fcst,4.005446910858154,0.6092260479927063,0.384521484375,10.382798194885254,10.498154640197754
75600,0,enc,6.780044078826904,0.6836575865745544,0.33740234375,0.9670879244804382,0.9651705026626587
75600,1,enc,10.364136695861816,0.4082319140434265,0.2059326171875,0.9875445365905762,1.0247728824615479
75600,2,enc,16.973543167114258,0.8647781014442444,0.8359375,1.2144228219985962,1.1688295602798462
75800,0,enc,6.593912601470947,0.6976868510246277,0.42041015625,0.946854829788208,0.9481083750724792
75800,1,enc,10.331940650939941,0.38988661766052246,0.255126953125,1.2511587142944336,1.040907382965088
75800,2,enc,16.918991088867188,0.6748948693275452,0.74169921875,1.3903450965881348,1.4435628652572632
75800,0,fcst,7.9181365966796875,1.0330777168273926,0.62841796875,6.321611404418945,8.44125747680664
75800,1,fcst,7.1651811599731445,0.38230904936790466,0.1123046875,8.554165840148926,8.991177558898926
75800,2,fcst,4.248927116394043,0.6095248460769653,0.34423828125,8.935273170471191,9.208575248718262
75800,0,enc,6.598080158233643,0.6968134641647339,0.39208984375,0.9498254656791687,0.9643337726593018
75800,1,enc,10.375782012939453,0.39625659584999084,0.245361328125,1.1381878852844238,0.977586030960083
75800,2,enc,16.902023315429688,0.7170723676681519,0.73876953125,1.1595077514648438,1.1367207765579224
76000,0,enc,6.663173675537109,0.701045572757721,0.42041015625,0.9488573670387268,0.9640385508537292
76000,1,enc,10.38102912902832,0.4146099388599396,0.2529296875,1.2492337226867676,1.0763096809387207
76000,2,enc,16.975635528564453,0.6815431118011475,0.80517578125,1.4110076427459717,1.3598397970199585
76000,0,fcst,7.920341968536377,1.0027192831039429,0.6884765625,6.640920639038086,7.4005327224731445
76000,1,fcst,7.179140090942383,0.37595975399017334,0.1051025390625,8.637840270996094,9.023039817810059
76000,2,fcst,3.8851804733276367,0.5609911680221558,0.382080078125,9.018149375915527,9.261069297790527
76000,0,enc,6.655788898468018,0.7030107975006104,0.346923828125,0.9570786356925964,0.9579045176506042
76000,1,enc,10.291254043579102,0.4133278429508209,0.21240234375,1.1315197944641113,1.0595347881317139
76000,2,enc,16.96280860900879,0.6762834787368774,0.65869140625,1.3321201801300049,1.332262396812439
76200,0,enc,6.707881450653076,0.718855082988739,0.560546875,0.9763340353965759,0.9757959842681885
76200,1,enc,10.452746391296387,0.4024270176887512,0.2491455078125,1.155293345451355,1.155293345451355
76200,2,enc,17.025684356689453,0.903685450553894,0.7041015625,1.3402976989746094,1.34852933883667
76200,0,fcst,7.908787250518799,0.9844609498977661,0.6240234375,6.3822479248046875,7.540799140930176
76200,1,fcst,7.206414222717285,0.36909371614456177,0.1085205078125,8.9544038772583,9.322513580322266
76200,2,fcst,4.210034370422363,0.6331884860992432,0.323974609375,9.325846672058105,9.730034828186035
76200,0,enc,6.7049336433410645,0.7188739776611328,0.371337890625,0.9749231934547424,0.9741507172584534
76200,1,enc,10.21495246887207,0.40711671113967896,0.2252197265625,1.055949330329895,0.9283440113067627
76200,2,enc,17.02107810974121,0.7165871858596802,0.64599609375,1.2142341136932373,1.1531074047088623
76400,0,enc,6.853373050689697,0.6922927498817444,0.4287109375,0.9273805022239685,0.9241783022880554
76400,1,enc,10.35403823852539,0.37667757272720337,0.2369384765625,1.308225154876709,1.0048388242721558
76400,2,enc,17.070154190063477,0.6679055690765381,0.72900390625,1.3840758800506592,1.2685436010360718
76400,0,fcst,7.676999568939209,0.9696592688560486,0.58203125,6.775038242340088,7.313423156738281
76400,1,fcst,7.102622985839844,0.3725550174713135,0.0992431640625,8.526121139526367,8.786538124084473
76400,2,fcst,4.230368137359619,0.6200176477432251,0.345947265625,8.87549114227295,9.337187767028809
76400,0,enc,6.894213676452637,0.700160562992096,0.325927734375,0.9325757622718811,0.9291253685951233
76400,1,enc,10.315742492675781,0.3759298324584961,0.2156982421875,1.2418115139007568,0.9725087881088257
76400,2,enc,17.057804107666016,0.6991245746612549,0.66748046875,1.112012505531311,1.1143203973770142
76600,0,enc,6.910231113433838,0.7201670408248901,0.463134765625,0.9804955124855042,0.9807372689247131
76600,1,enc,10.368425369262695,0.3851470649242401,0.229248046875,1.2477996349334717,1.1434787511825562
76600,2,enc,17.081647872924805,0.7816426753997803,0.81005859375,1.4048322439193726,1.5079652070999146
76600,0,fcst,7.566626071929932,1.052614688873291,0.671875,6.411330223083496,8.584724426269531
76600,1,fcst,7.1945271492004395,0.3815397620201111,0.1043701171875,9.903697967529297,11.051701545715332
76600,2,fcst,4.227784156799316,0.6905584931373596,0.353515625,11.086273193359375,11.907670974731445
76600,0,enc,6.880251884460449,0.7188536524772644,0.354736328125,0.9777414798736572,0.9768106937408447
76600,1,enc,10.239444732666016,0.39486443996429443,0.2099609375,1.1796517372131348,0.9855547547340393
76600,2,enc,17.080333709716797,0.716254472732544,0.72998046875,1.3441858291625977,1.2635583877563477
76800,0,enc,7.0459489822387695,0.6963794231414795,0.405517578125,0.9197927713394165,0.9746300578117371
76800,1,enc,10.464361190795898,0.3822350800037384,0.258056640625,1.1766371726989746,1.015952467918396
76800,2,enc,17.192895889282227,0.7286805510520935,0.78271484375,1.2804104089736938,1.3280516862869263
76800,0,fcst,7.526652812957764,1.1422587633132935,0.6337890625,6.506470680236816,7.656505584716797
76800,1,fcst,7.15206241607666,0.3901855945587158,0.10675048828125,8.34664249420166,8.902740478515625
76800,2,fcst,4.24649715423584,0.5885488986968994,0.319091796875,8.897629737854004,9.0514554977417
76800,0,enc,7.0399651527404785,0.6959033012390137,0.35205078125,0.924405038356781,0.9195718169212341
76800,1,enc,10.47323226928711,0.38618335127830505,0.230712890625,1.1686906814575195,1.0795201063156128
76800,2,enc,17.178083419799805,0.6713231205940247,0.70849609375,1.230384111404419,1.228852391242981
77000,0,enc,7.197851657867432,0.6852630376815796,0.50146484375,0.9536938667297363,0.9536938667297363
77000,1,enc,10.491815567016602,0.40172991156578064,0.25830078125,1.0594580173492432,1.0594580173492432
77000,2,enc,17.293598175048828,0.7572609186172485,0.794921875,1.321792721748352,1.2684768438339233
77000,0,fcst,7.548554420471191,1.1363204717636108,0.6328125,6.30144739151001,7.757347106933594
77000,1,fcst,7.223371505737305,0.3587193191051483,0.09722900390625,8.6564359664917,9.334061622619629
77000,2,fcst,4.2050557136535645,0.6308090686798096,0.33935546875,9.272591590881348,9.686545372009277
77000,0,enc,7.221724033355713,0.68951416015625,0.340087890625,0.9445863366127014,0.9448426365852356
77000,1,enc,10.45388126373291,0.40292611718177795,0.228759765625,1.0614310503005981,1.0335242748260498
77000,2,enc,17.335689544677734,0.7739205956459045,0.6376953125,1.1608903408050537,1.1605088710784912
77200,0,enc,7.1078715324401855,0.6726741194725037,0.401123046875,0.9348147511482239,1.016258716583252
77200,1,enc,10.564987182617188,0.4043852984905243,0.281982421875,1.1433483362197876,1.120737075805664
77200,2,enc,17.367923736572266,0.7342090606689453,0.69140625,1.2099344730377197,1.2077516317367554
77200,0,fcst,7.807774543762207,0.9964820146560669,0.640625,6.48549222946167,7.883570671081543
77200,1,fcst,7.28621768951416,0.3823239505290985,0.11309814453125,9.192100524902344,9.36548137664795
77200,2,fcst,4.03820276260376,0.5901969075202942,0.372314453125,9.36221694946289,9.51995849609375
77200,0,enc,7.106204032897949,0.6720036268234253,0.3603515625,0.9356240630149841,1.001114845275879
77200,1,enc,10.498148918151855,0.4094913601875305,0.2275390625,1.0431504249572754,1.0628507137298584
77200,2,enc,17.375001907348633,0.7991676926612854,0.64404296875,1.2194708585739136,1.2154654264450073
77400,0,enc,7.085069179534912,0.6532745957374573,0.3603515625,0.9371728301048279,0.9386976361274719
77400,1,enc,10.515151023864746,0.3798193633556366,0.26806640625,1.3699661493301392,1.041637659072876
77400,2,enc,17.588560104370117,0.7645511031150818,0.7119140625,1.5321757793426514,1.5082025527954102
77400,0,fcst,7.586454391479492,1.0936280488967896,0.681640625,6.760329723358154,9.121440887451172
77400,1,fcst,7.183073043823242,0.3633881211280823,0.111328125,10.008981704711914,10.364070892333984
77400,2,fcst,4.146653175354004,0.6134675145149231,0.337158203125,10.339580535888672,10.299602508544922
77400,0,enc,7.0607075691223145,0.6564334034919739,0.320556640625,0.9415417313575745,0.9405403733253479
77400,1,enc,10.561073303222656,0.3740328252315521,0.231689453125,1.2214853763580322,0.9792225956916809
77400,2,enc,17.549503326416016,0.6827511191368103,0.65478515625,1.2882025241851807,1.2771093845367432
77600,0,enc,6.998337745666504,0.6812001466751099,0.537109375,0.9410315752029419,0.9439646601676941
77600,1,enc,10.562605857849121,0.40855419635772705,0.291259765625,1.1420776844024658,1.0263731479644775
77600,2,enc,17.61591148376465,0.8697337508201599,0.76513671875,1.3360083103179932,1.3431246280670166
77600,0,fcst,7.622992992401123,1.1287864446640015,0.6806640625,6.294824123382568,7.507447242736816
77600,1,fcst,7.063700199127197,0.3890855610370636,0.10546875,8.463586807250977,9.092926979064941
77600,2,fcst,4.24365758895874,0.6447460651397705,0.3388671875,9.08519172668457,9.40257453918457
77600,0,enc,6.997569561004639,0.682823657989502,0.365966796875,0.9306721091270447,0.9323820471763611
77600,1,enc,10.435791969299316,0.39812564849853516,0.2318115234375,1.0438815355300903,0.9828456044197083
77600,2,enc,17.59317970275879,0.7671264410018921,0.7001953125,1.2750332355499268,1.2982418537139893
77800,0,enc,7.019963264465332,0.6980485916137695,0.44091796875,0.9136540293693542,0.9595999717712402
77800,1,enc,10.296466827392578,0.40547364950180054,0.262451171875,1.0841392278671265,1.0182085037231445
77800,2,enc,17.600744247436523,0.7741504907608032,0.69384765625,1.446320652961731,1.4999299049377441
77800,0,fcst,7.692091941833496,1.0810527801513672,0.60400390625,6.687844753265381,7.614779472351074
77800,1,fcst,7.073326587677002,0.3589179217815399,0.11859130859375,8.535027503967285,9.01652717590332
77800,2,fcst,3.9900615215301514,0.57805997133255,0.302978515625,9.013667106628418,9.084264755249023
77800,0,enc,7.023240089416504,0.6989607810974121,0.38818359375,0.917625367641449,0.9155005812644958
77800,1,enc,10.260573387145996,0.39863982796669006,0.2271728515625,1.0520343780517578,0.9965144395828247
77800,2,enc,17.62140464782715,0.6662683486938477,0.64453125,1.33658766746521,1.37973952293396
78000,0,enc,6.706554889678955,0.6812886595726013,0.44140625,1.0002552270889282,0.9972119331359863
78000,1,enc,10.183541297912598,0.4137338101863861,0.244873046875,1.1492910385131836,1.0784275531768799
78000,2,enc,17.513303756713867,0.7689577341079712,0.7529296875,1.3610012531280518,1.4159049987792969
78000,0,fcst,7.663671016693115,1.0501198768615723,0.68310546875,6.1470537185668945,8.257572174072266
78000,1,fcst,6.920773983001709,0.35992002487182617,0.1258544921875,8.25999641418457,8.748294830322266
78000,2,fcst,4.19053316116333,0.6202462911605835,0.36279296875,8.738475799560547,8.879399299621582
78000,0,enc,6.714522361755371,0.687634289264679,0.36181640625,0.9870920181274414,0.9635934829711914
78000,1,enc,10.152716636657715,0.40998852252960205,0.2293701171875,1.0539774894714355,1.0444207191467285
78000,2,enc,17.529199600219727,0.8122471570968628,0.8896484375,1.3611946105957031,1.3632583618164062
78200,0,enc,6.836554527282715,0.6977053880691528,0.46630859375,0.9232036471366882,0.9262045621871948
78200,1,enc,10.191893577575684,0.41339316964149475,0.2457275390625,1.1091490983963013,0.9865213632583618
78200,2,enc,17.33234214782715,0.8049761652946472,0.74169921875,1.4255415201187134,1.3822404146194458
78200,0,fcst,7.693090915679932,1.0457804203033447,0.6240234375,6.329678058624268,7.722725868225098
78200,1,fcst,7.131244659423828,0.3884030878543854,0.130859375,8.450589179992676,9.220121383666992
78200,2,fcst,4.140002727508545,0.6173138618469238,0.38427734375,9.228590965270996,9.628101348876953
78200,0,enc,6.841152191162109,0.6995806694030762,0.315673828125,0.9222537279129028,0.9250670671463013
78200,1,enc,10.34101676940918,0.4034116566181183,0.224609375,1.0467323064804077,0.9814116358757019
78200,2,enc,17.32277488708496,0.6788430213928223,0.69287109375,1.3798089027404785,1.277390718460083
78400,0,enc,6.736973285675049,0.710723340511322,0.413330078125,0.9120787382125854,0.992761492729187
78400,1,enc,10.264679908752441,0.40117067098617554,0.2366943359375,1.177095890045166,1.0476802587509155
78400,2,enc,17.364147186279297,0.7313559055328369,0.74853515625,1.3594970703125,1.349092960357666
78400,0,fcst,7.660749912261963,1.1205745935440063,0.61572265625,6.171392917633057,7.714794158935547
78400,1,fcst,7.185508728027344,0.3647553622722626,0.110595703125,9.088517189025879,9.598228454589844
78400,2,fcst,4.046445846557617,0.6795880198478699,0.3466796875,9.558943748474121,9.807153701782227
78400,0,enc,6.759137153625488,0.7149207592010498,0.381103515625,0.9203628301620483,0.9683396816253662
78400,1,enc,10.420916557312012,0.4000510275363922,0.2247314453125,1.1373307704925537,1.071800708770752
78400,2,enc,17.362886428833008,0.6880170702934265,0.6279296875,1.310478925704956,1.343865156173706
78600,0,enc,6.66854190826416,0.7056587934494019,0.44921875,0.9108145833015442,0.9552451372146606
78600,1,enc,10.097843170166016,0.3866492807865143,0.2349853515625,1.1233278512954712,1.060771107673645
78600,2,enc,17.35126304626465,0.8832665085792542,0.94287109375,1.390168309211731,1.3619228601455688
78600,0,fcst,7.6592326164245605,1.0184390544891357,0.63427734375,6.432877063751221,7.495035171508789
78600,1,fcst,7.0472941398620605,0.36046943068504333,0.11505126953125,8.458900451660156,9.06845474243164
78600,2,fcst,4.197839736938477,0.6668918132781982,0.382080078125,9.067014694213867,9.966117858886719
78600,0,enc,6.652585983276367,0.7047531604766846,0.39892578125,0.9218702912330627,0.9278428554534912
78600,1,enc,10.14021110534668,0.3841184377670288,0.2196044921875,1.1973447799682617,0.9396606087684631
78600,2,enc,17.324016571044922,0.7178176641464233,0.8330078125,1.4228792190551758,1.3107576370239258
78800,0,enc,6.734375953674316,0.7126631736755371,0.400634765625,0.9472107887268066,0.9472107887268066
78800,1,enc,10.085281372070312,0.3801151514053345,0.25927734375,1.3450901508331299,1.3450901508331299
78800,2,enc,17.41739845275879,0.720759391784668,0.697265625,1.397820234298706,1.447444200515747
78800,0,fcst,7.77598237991333,1.0189404487609863,0.6455078125,6.316971302032471,7.962655067443848
78800,1,fcst,7.134811878204346,0.3403196334838867,0.1422119140625,9.361710548400879,9.885527610778809
78800,2,fcst,3.9212868213653564,0.6432955861091614,0.34912109375,9.88568115234375,10.257588386535645
78800,0,enc,6.767874717712402,0.7140132188796997,0.337890625,0.9481215476989746,0.9507555961608887
78800,1,enc,9.880084991455078,0.38214683532714844,0.2259521484375,1.2126047611236572,0.9744446277618408
78800,2,enc,17.479389190673828,0.6844454407691956,0.70556640625,1.3730663061141968,1.3283885717391968
79000,0,enc,6.814044952392578,0.7285200953483582,0.480224609375,0.9287020564079285,0.9242727756500244
79000,1,enc,10.208093643188477,0.39556610584259033,0.2423095703125,1.323809027671814,1.2431731224060059
79000,2,enc,17.427780151367188,0.9268826246261597,0.68896484375,1.3676844835281372,1.2515820264816284
79000,0,fcst,7.83812141418457,1.1609071493148804,0.638671875,6.272985458374023,7.400445938110352
79000,1,fcst,7.16340970993042,0.3931272625923157,0.10662841796875,8.994258880615234,9.4380521774292
79000,2,fcst,4.020174503326416,0.6874117851257324,0.341064453125,9.4380521774292,9.974348068237305
79000,0,enc,6.7909698486328125,0.7315289378166199,0.32666015625,0.9237393736839294,0.9225711226463318
79000,1,enc,10.19721794128418,0.39375925064086914,0.2259521484375,1.2631990909576416,0.9265344738960266
79000,2,enc,17.428382873535156,0.8343175649642944,0.68310546875,1.3265254497528076,1.3458925485610962
79200,0,enc,6.786062717437744,0.744105339050293,0.4189453125,0.9648148417472839,0.962676465511322
79200,1,enc,10.104721069335938,0.38470861315727234,0.25146484375,1.1033480167388916,1.0895802974700928
79200,2,enc,17.220314025878906,0.7183996438980103,0.71044921875,1.5905249118804932,1.578758716583252
79200,0,fcst,7.693378448486328,1.1209369897842407,0.59521484375,6.749926567077637,7.517326831817627
79200,1,fcst,7.122771263122559,0.44162049889564514,0.12103271484375,8.963144302368164,9.170256614685059
79200,2,fcst,3.8585448265075684,0.6574175953865051,0.31298828125,9.170256614685059,9.2944974899292
79200,0,enc,6.786341190338135,0.7381575107574463,0.375732421875,0.9520573616027832,0.9571574926376343
79200,1,enc,10.114985466003418,0.3883795440196991,0.2208251953125,1.017577886581421,1.0415717363357544
79200,2,enc,17.247711181640625,0.7527165412902832,0.68408203125,1.3348536491394043,1.2797389030456543
79400,0,enc,6.605171203613281,0.7381306886672974,0.445068359375,0.9090678691864014,0.9077503085136414
79400,1,enc,10.299379348754883,0.3928094804286957,0.251708984375,1.2038993835449219,1.1570391654968262
79400,2,enc,17.20720100402832,0.7001997232437134,0.70068359375,1.439868450164795,1.4403961896896362
79400,0,fcst,7.606872081756592,0.960862934589386,0.6171875,6.296746253967285,8.088871002197266
79400,1,fcst,6.979377746582031,0.3757462203502655,0.10675048828125,8.804204940795898,9.499025344848633
79400,2,fcst,3.995134115219116,0.6367242932319641,0.369384765625,9.499025344848633,9.831056594848633
79400,0,enc,6.591202735900879,0.7347177863121033,0.35546875,0.9131245017051697,0.9182182550430298
79400,1,enc,10.423800468444824,0.3873904347419739,0.212158203125,1.109384536743164,0.9519439935684204
79400,2,enc,17.146169662475586,0.7681019902229309,0.6640625,1.3331834077835083,1.2712632417678833
79600,0,enc,6.740365505218506,0.7307729125022888,0.446533203125,0.9305926561355591,0.9336415529251099
79600,1,enc,10.145004272460938,0.37460604310035706,0.2392578125,1.4289042949676514,1.4289042949676514
79600,2,enc,17.194992065429688,0.83942711353302,0.70556640625,1.5062423944473267,1.4722261428833008
79600,0,fcst,7.717708110809326,1.171586275100708,0.650390625,6.097323417663574,7.265585422515869
79600,1,fcst,7.099820137023926,0.3763013780117035,0.1270751953125,8.25456428527832,8.585411071777344
79600,2,fcst,4.190373420715332,0.6776814460754395,0.3291015625,8.5892972946167,9.07407283782959
79600,0,enc,6.726308345794678,0.7328455448150635,0.325439453125,0.9423863887786865,0.944197416305542
79600,1,enc,10.231557846069336,0.37731435894966125,0.2193603515625,1.1550168991088867,1.1216398477554321
79600,2,enc,17.231908798217773,0.7241009473800659,0.67578125,1.3093565702438354,1.3021034002304077
79800,0,enc,6.764101982116699,0.699421763420105,0.492431640625,0.9305586814880371,0.9303635954856873
79800,1,enc,10.403413772583008,0.37458324432373047,0.2266845703125,1.0928171873092651,1.172179102897644
79800,2,enc,17.269838333129883,0.7240267395973206,0.76123046875,1.4714993238449097,1.4690388441085815
79800,0,fcst,7.6124091148376465,1.1455696821212769,0.6259765625,6.694446563720703,7.828189849853516
79800,1,fcst,7.159088611602783,0.3472799062728882,0.11199951171875,8.443347930908203,8.906790733337402
79800,2,fcst,4.267159461975098,0.681374728679657,0.336181640625,8.884533882141113,9.547511100769043
79800,0,enc,6.756310939788818,0.7018013596534729,0.3486328125,0.9360273480415344,0.9400981664657593
79800,1,enc,10.403463363647461,0.376108855009079,0.2113037109375,1.0311005115509033,1.0831232070922852
79800,2,enc,17.257144927978516,0.7570203542709351,0.61865234375,1.4476556777954102,1.4109125137329102
80000,0,enc,6.59909200668335,0.7177767753601074,0.47412109375,0.9207620620727539,0.9207620620727539
80000,1,enc,10.089841842651367,0.38920295238494873,0.22216796875,1.1678208112716675,1.0661786794662476
80000,2,enc,17.35283088684082,0.7907699346542358,0.7626953125,1.3958723545074463,1.3357888460159302
80000,0,fcst,7.47747802734375,1.1165728569030762,0.6474609375,6.644361972808838,8.41667366027832
80000,1,fcst,7.053738117218018,0.3710326552391052,0.109130859375,9.308223724365234,9.486175537109375
80000,2,fcst,4.0219502449035645,0.7151091694831848,0.357177734375,9.491438865661621,10.258748054504395
80000,0,enc,6.581031799316406,0.7115880846977234,0.34912109375,0.9196843504905701,0.961419939994812
80000,1,enc,10.215205192565918,0.3943789601325989,0.2091064453125,1.0110290050506592,1.091036081314087
80000,2,enc,17.36545181274414,0.7260311841964722,0.65283203125,1.3295929431915283,1.281990647315979
80200,0,enc,6.772634983062744,0.7495298385620117,0.47509765625,0.9356540441513062,0.9376482963562012
80200,1,enc,10.209517478942871,0.35610833764076233,0.266357421875,1.0332170724868774,1.0485937595367432
80200,2,enc,17.184972763061523,0.6945034265518188,0.72021484375,1.4801961183547974,1.4573588371276855
80200,0,fcst,7.487667560577393,1.088452935218811,0.65283203125,6.010986328125,7.951411247253418
80200,1,fcst,7.157098293304443,0.38921064138412476,0.1004638671875,9.752910614013672,10.248245239257812
80200,2,fcst,3.9813432693481445,0.6444607973098755,0.30859375,10.248245239257812,10.248245239257812
80200,0,enc,6.768836975097656,0.7505500316619873,0.37451171875,0.9348604679107666,0.9357326030731201
80200,1,enc,10.205107688903809,0.34812551736831665,0.2161865234375,1.0728346109390259,1.0409752130508423
80200,2,enc,17.24493980407715,0.6763282418251038,0.66162109375,1.5138568878173828,1.4808979034423828
80400,0,enc,6.738386154174805,0.7309151887893677,0.513671875,0.9765673279762268,0.9753158688545227
80400,1,enc,10.615201950073242,0.3757408559322357,0.26708984375,1.0465173721313477,1.0346571207046509
80400,2,enc,17.180063247680664,0.7010205388069153,0.8037109375,1.5841482877731323,1.504159927368164
80400,0,fcst,7.590407371520996,1.2416025400161743,0.57861328125,6.461074352264404,9.57183837890625
80400,1,fcst,7.141924858093262,0.34042513370513916,0.11151123046875,9.81755256652832,10.455573081970215
80400,2,fcst,4.160926818847656,0.6441498398780823,0.314697265625,10.568402290344238,11.091405868530273
80400,0,enc,6.7685394287109375,0.7337854504585266,0.427734375,0.9745805859565735,0.9729507565498352
80400,1,enc,10.62319278717041,0.3752269744873047,0.2216796875,0.9827982783317566,0.987452507019043
80400,2,enc,17.16016387939453,0.7107036709785461,0.7333984375,1.408074975013733,1.3895660638809204
80600,0,enc,6.60662841796875,0.723528265953064,0.483642578125,0.9365074038505554,0.9366950392723083
80600,1,enc,9.999881744384766,0.379737913608551,0.26953125,1.1040122509002686,1.008793830871582
80600,2,enc,16.956058502197266,0.6665475368499756,0.685546875,1.5178372859954834,1.5279589891433716
80600,0,fcst,7.476968288421631,1.27436363697052,0.66357421875,6.3520636558532715,7.708691596984863
80600,1,fcst,7.182176113128662,0.35557910799980164,0.142578125,8.900735855102539,9.271286964416504
80600,2,fcst,3.9801838397979736,0.6595509052276611,0.343994140625,9.276632308959961,9.497603416442871
80600,0,enc,6.668458938598633,0.7281081080436707,0.329345703125,0.9434236288070679,0.939505934715271
80600,1,enc,10.053572654724121,0.3823659121990204,0.214111328125,1.0561926364898682,1.029529094696045
80600,2,enc,16.94997215270996,0.6864091157913208,0.63427734375,1.3369128704071045,1.362593412399292
80800,0,enc,6.605147361755371,0.7192949652671814,0.48583984375,0.9542878866195679,0.9514946937561035
80800,1,enc,10.443641662597656,0.37429279088974,0.254638671875,1.0450489521026611,1.0508726835250854
80800,2,enc,17.01490020751953,0.8199474811553955,0.68896484375,1.441524863243103,1.4208238124847412
80800,0,fcst,7.3832855224609375,1.1206246614456177,0.58935546875,6.197922229766846,7.6049652099609375
80800,1,fcst,7.2807936668396,0.3781227469444275,0.12457275390625,8.83763313293457,8.878018379211426
80800,2,fcst,4.161447525024414,0.6592748761177063,0.396240234375,8.881071090698242,9.254592895507812
80800,0,enc,6.583465099334717,0.7187231183052063,0.4296875,0.9523611664772034,0.9493322968482971
80800,1,enc,10.359187126159668,0.3855588734149933,0.2188720703125,1.0383398532867432,0.9960059523582458
80800,2,enc,17.032121658325195,0.7637267708778381,0.71240234375,1.2552344799041748,1.2678771018981934
81000,0,enc,6.437838554382324,0.7271395921707153,0.4755859375,0.9175474047660828,0.930810272693634
81000,1,enc,10.636178970336914,0.3653464913368225,0.261474609375,1.070932149887085,1.1668930053710938
81000,2,enc,17.07100486755371,0.8417966961860657,0.71240234375,1.4664353132247925,1.4664353132247925
81000,0,fcst,7.500350475311279,1.178210735321045,0.60498046875,6.578653335571289,8.60230827331543
81000,1,fcst,7.282333850860596,0.3620917499065399,0.11376953125,9.793225288391113,10.450777053833008
81000,2,fcst,4.0282416343688965,0.6601315140724182,0.3173828125,10.510764122009277,10.682340621948242
81000,0,enc,6.435513973236084,0.7247886061668396,0.367431640625,0.9113208055496216,0.9089747667312622
81000,1,enc,10.731705665588379,0.3617209792137146,0.236572265625,1.0663425922393799,1.0555813312530518
81000,2,enc,17.06333351135254,0.8832067251205444,0.64697265625,1.3585820198059082,1.3438572883605957
81200,0,enc,6.409488201141357,0.7078570127487183,0.5810546875,0.9125346541404724,0.9105967283248901
81200,1,enc,10.355975151062012,0.39127299189567566,0.255859375,1.0224430561065674,0.9766693115234375
81200,2,enc,17.07986831665039,0.8577100038528442,0.71484375,1.553468942642212,1.6128425598144531
81200,0,fcst,7.579071998596191,1.016522765159607,0.6181640625,6.353623867034912,7.130132675170898
81200,1,fcst,7.2114577293396,0.37384265661239624,0.12255859375,8.105743408203125,8.599180221557617
81200,2,fcst,4.117197036743164,0.6357557773590088,0.353759765625,8.711264610290527,9.051372528076172
81200,0,enc,6.400331497192383,0.7117584943771362,0.43701171875,0.9266543984413147,0.9268485903739929
81200,1,enc,10.524213790893555,0.39107030630111694,0.23828125,1.0136163234710693,0.9692305326461792
81200,2,enc,17.062360763549805,0.9738195538520813,0.71875,1.3605929613113403,1.2780083417892456
81400,0,enc,6.071598052978516,0.7073976397514343,0.4931640625,0.9181362390518188,0.9201887845993042
81400,1,enc,10.350462913513184,0.3928516209125519,0.2607421875,1.1583350896835327,1.1583350896835327
81400,2,enc,17.147401809692383,0.8189053535461426,0.7275390625,1.4216811656951904,1.3542373180389404
81400,0,fcst,7.4803032875061035,1.0786106586456299,0.66796875,6.300124645233154,7.574365139007568
81400,1,fcst,7.211015224456787,0.4091881215572357,0.125732421875,8.25592041015625,8.636772155761719
81400,2,fcst,3.9875564575195312,0.6695952415466309,0.352294921875,8.64513874053955,9.437474250793457
81400,0,enc,6.068742275238037,0.7035630941390991,0.385009765625,0.9247635006904602,0.9273231625556946
81400,1,enc,10.396002769470215,0.392633318901062,0.235107421875,1.0125666856765747,0.9780001640319824
81400,2,enc,17.094148635864258,0.7816225290298462,0.69580078125,1.2600146532058716,1.2787744998931885
81600,0,enc,6.219059944152832,0.7177881002426147,0.54931640625,0.9398308992385864,0.9431772232055664
81600,1,enc,10.590466499328613,0.36620041728019714,0.25927734375,0.9649145603179932,0.999972403049469
81600,2,enc,17.193300247192383,0.7491689324378967,0.79931640625,1.6462901830673218,1.6126699447631836
81600,0,fcst,7.49154806137085,1.1870694160461426,0.62841796875,6.333792209625244,8.544563293457031
81600,1,fcst,7.251840114593506,0.4148118197917938,0.119873046875,9.948127746582031,10.546001434326172
81600,2,fcst,4.04984188079834,0.6636435985565186,0.4091796875,10.550240516662598,10.930557250976562
81600,0,enc,6.21451473236084,0.7202854156494141,0.40380859375,0.9343014359474182,0.9361544251441956
81600,1,enc,10.347192764282227,0.3708115518093109,0.21240234375,0.967937707901001,0.9531542062759399
81600,2,enc,17.221145629882812,0.7262983322143555,0.65673828125,1.5114760398864746,1.4513564109802246
81800,0,enc,5.967616558074951,0.7067173719406128,0.544921875,0.8886466026306152,0.8893440365791321
81800,1,enc,10.322027206420898,0.36510491371154785,0.271728515625,1.1551997661590576,1.0258309841156006
81800,2,enc,16.9659481048584,0.7991621494293213,0.712890625,1.634719729423523,1.660338044166565
81800,0,fcst,7.431567668914795,1.1405763626098633,0.6708984375,6.915388107299805,7.581620693206787
81800,1,fcst,7.212170124053955,0.40160349011421204,0.1298828125,8.24586296081543,8.70728874206543
81800,2,fcst,4.080929279327393,0.6290701031684875,0.326171875,8.70728874206543,9.072450637817383
81800,0,enc,5.942775726318359,0.7089205980300903,0.4599609375,0.9037572145462036,0.908086895942688
81800,1,enc,10.21612548828125,0.3703438937664032,0.2265625,0.998567521572113,0.9869500398635864
81800,2,enc,16.97895050048828,0.81500244140625,0.6259765625,1.3261224031448364,1.3774529695510864
82000,0,enc,5.911356449127197,0.708433985710144,0.5888671875,0.9223273396492004,0.9209371209144592
82000,1,enc,10.425094604492188,0.37691301107406616,0.27294921875,1.059717059135437,1.0970677137374878
82000,2,enc,17.05785369873047,0.7588601112365723,0.765625,1.695112705230713,1.7252572774887085
82000,0,fcst,7.622034072875977,1.1045281887054443,0.62451171875,6.064968109130859,7.5716657638549805
82000,1,fcst,7.203893661499023,0.41382548213005066,0.125244140625,8.316610336303711,8.744941711425781
82000,2,fcst,3.9863085746765137,0.6892780661582947,0.302001953125,8.740679740905762,8.914426803588867
82000,0,enc,5.991262912750244,0.7138137221336365,0.43408203125,0.9239162802696228,0.9237528443336487
82000,1,enc,10.280928611755371,0.382556289434433,0.236328125,1.0102565288543701,1.0302590131759644
82000,2,enc,17.042469024658203,0.7357186079025269,0.6826171875,1.457764744758606,1.433716893196106
82200,0,enc,6.148412704467773,0.7255550026893616,0.52197265625,1.103562831878662,1.1315711736679077
82200,1,enc,10.434870719909668,0.3698710501194,0.255859375,1.223623514175415,1.288931131362915
82200,2,enc,16.961437225341797,0.7616358995437622,0.72021484375,1.5392683744430542,1.4658905267715454
82200,0,fcst,7.673014163970947,0.938433051109314,0.56005859375,6.161111354827881,7.718445777893066
82200,1,fcst,7.2324137687683105,0.387351930141449,0.11663818359375,8.588432312011719,9.089734077453613
82200,2,fcst,4.200648307800293,0.6804671883583069,0.2763671875,9.027314186096191,9.15572452545166
82200,0,enc,6.114037036895752,0.7276914715766907,0.35107421875,1.041360855102539,1.066019058227539
82200,1,enc,10.156737327575684,0.3684425950050354,0.227783203125,1.0947980880737305,1.1642200946807861
82200,2,enc,16.998004913330078,0.7536513805389404,0.6591796875,1.3079127073287964,1.2401026487350464
82400,0,enc,6.109757423400879,0.7022088766098022,0.50927734375,0.8777197599411011,0.8817313313484192
82400,1,enc,10.369855880737305,0.38267645239830017,0.26904296875,1.2057117223739624,1.0480244159698486
82400,2,enc,16.967134475708008,0.8692863583564758,0.83349609375,1.761890172958374,1.6659293174743652
82400,0,fcst,7.750364780426025,1.0237462520599365,0.68359375,6.395717144012451,7.629117965698242
82400,1,fcst,7.152034282684326,0.371826708316803,0.11376953125,8.99914836883545,9.079511642456055
82400,2,fcst,4.061267375946045,0.6641703248023987,0.33154296875,9.082341194152832,8.955998420715332
82400,0,enc,6.134680271148682,0.7027904987335205,0.368896484375,0.8870784044265747,0.9052624106407166
82400,1,enc,10.378950119018555,0.384628564119339,0.2279052734375,1.1555793285369873,1.004899024963379
82400,2,enc,16.960670471191406,0.7575904130935669,0.68115234375,1.5090192556381226,1.4770042896270752
82600,0,enc,6.011491298675537,0.6997830867767334,0.5380859375,0.9037302136421204,0.9155820608139038
82600,1,enc,10.490190505981445,0.3874168395996094,0.2724609375,1.2280309200286865,1.144736886024475
82600,2,enc,16.83875846862793,0.755312979221344,0.7353515625,1.6184251308441162,1.6259019374847412
82600,0,fcst,7.760318279266357,0.9583261609077454,0.625,6.528389930725098,7.5141754150390625
82600,1,fcst,7.209469318389893,0.3606100082397461,0.11700439453125,8.334156036376953,9.019580841064453
82600,2,fcst,4.080585956573486,0.6521012783050537,0.33203125,9.096552848815918,9.956470489501953
82600,0,enc,6.030233383178711,0.6974951028823853,0.390380859375,0.9117105603218079,0.9122655987739563
82600,1,enc,10.27242660522461,0.383273720741272,0.231689453125,1.1072841882705688,0.9884606599807739
82600,2,enc,16.874486923217773,0.7122378349304199,0.65380859375,1.37007474899292,1.45686674118042
82800,0,enc,6.121360778808594,0.6956093311309814,0.60595703125,0.9037226438522339,0.903276264667511
82800,1,enc,10.345870018005371,0.40300610661506653,0.2568359375,1.0516527891159058,1.0516527891159058
82800,2,enc,16.77210807800293,0.8836091756820679,0.82568359375,1.7576003074645996,1.699684739112854
82800,0,fcst,7.6886749267578125,0.872744619846344,0.5888671875,6.31161642074585,7.203948497772217
82800,1,fcst,7.238087177276611,0.40098610520362854,0.10723876953125,8.768244743347168,9.612971305847168
82800,2,fcst,3.8090648651123047,0.6136074662208557,0.31591796875,9.8417387008667,10.679954528808594
82800,0,enc,6.146003246307373,0.6939170956611633,0.4267578125,0.8998247385025024,0.898013710975647
82800,1,enc,10.225796699523926,0.4058736264705658,0.2208251953125,1.0835391283035278,0.9322301149368286
82800,2,enc,16.786640167236328,0.7333652973175049,0.677734375,1.4857866764068604,1.4539263248443604
83000,0,enc,6.0793657302856445,0.7424018979072571,0.55029296875,0.8749982118606567,0.8808982968330383
83000,1,enc,10.106026649475098,0.39086300134658813,0.284912109375,0.9780161380767822,1.0482699871063232
83000,2,enc,16.814393997192383,1.143141269683838,0.72119140625,1.3824782371520996,1.357155442237854
83000,0,fcst,7.7642316818237305,0.9798747897148132,0.57373046875,6.414597511291504,7.840652942657471
83000,1,fcst,7.257256507873535,0.3716959059238434,0.11224365234375,8.093084335327148,8.421046257019043
83000,2,fcst,4.139601230621338,0.6835452914237976,0.34033203125,8.460541725158691,8.774924278259277
83000,0,enc,5.99539041519165,0.7439656257629395,0.375,0.8794043660163879,0.8826315999031067
83000,1,enc,10.184614181518555,0.40145057439804077,0.218017578125,1.0596693754196167,1.0745294094085693
83000,2,enc,16.806209564208984,0.848761260509491,0.64697265625,1.4210270643234253,1.3902958631515503
83200,0,enc,6.101743698120117,0.7263756394386292,0.5908203125,0.891597330570221,0.892676055431366
83200,1,enc,9.767172813415527,0.40508702397346497,0.25048828125,1.0888745784759521,1.0605270862579346
83200,2,enc,16.832897186279297,0.8733656406402588,0.9541015625,1.5572437047958374,1.5156381130218506
83200,0,fcst,7.732073783874512,0.8909019827842712,0.61767578125,6.392899513244629,7.450809478759766
83200,1,fcst,7.256202220916748,0.36975041031837463,0.126220703125,8.634719848632812,9.43714714050293
83200,2,fcst,3.9670708179473877,0.6536121368408203,0.3251953125,9.480006217956543,9.814404487609863
83200,0,enc,6.1129841804504395,0.7281990647315979,0.42724609375,0.8925169706344604,0.8899878263473511
83200,1,enc,9.749336242675781,0.40713515877723694,0.218017578125,0.9634778499603271,0.965161144733429
83200,2,enc,16.815105438232422,0.7354831099510193,0.685546875,1.315874457359314,1.277513861656189
83400,0,enc,6.138063430786133,0.7417261600494385,0.59326171875,0.8927689790725708,0.9161149263381958
83400,1,enc,9.60568618774414,0.3671857714653015,0.264892578125,1.0603818893432617,0.9938561916351318
83400,2,enc,16.79938316345215,0.8049644231796265,0.73974609375,1.4868344068527222,1.5149275064468384
83400,0,fcst,7.742637634277344,0.872918426990509,0.576171875,6.31537389755249,7.792870044708252
83400,1,fcst,7.351759433746338,0.3612135350704193,0.11322021484375,8.288835525512695,8.905155181884766
83400,2,fcst,4.002668380737305,0.6157921552658081,0.362060546875,8.88672161102295,9.287925720214844
83400,0,enc,6.058422088623047,0.7378112077713013,0.441162109375,0.8881351947784424,0.8951745629310608
83400,1,enc,9.735163688659668,0.36867237091064453,0.2110595703125,1.0735785961151123,1.0320419073104858
83400,2,enc,16.78279685974121,0.7890528440475464,0.685546875,1.3426666259765625,1.3547064065933228
83600,0,enc,6.058091640472412,0.7387351393699646,0.65185546875,0.8640556931495667,0.8737735152244568
83600,1,enc,9.636126518249512,0.36574801802635193,0.2353515625,1.009378433227539,0.9544585347175598
83600,2,enc,16.9172420501709,0.8745450377464294,0.7578125,1.56981360912323,1.5189849138259888
83600,0,fcst,7.767748832702637,0.9527692198753357,0.58056640625,6.455846786499023,8.046598434448242
83600,1,fcst,7.277566432952881,0.3383629024028778,0.0982666015625,9.269148826599121,9.413599014282227
83600,2,fcst,4.058943748474121,0.6293449997901917,0.304931640625,9.358979225158691,9.534895896911621
83600,0,enc,6.057193756103516,0.733538031578064,0.53369140625,0.8702694177627563,0.8720108270645142
83600,1,enc,9.646437644958496,0.36615076661109924,0.193359375,1.104352355003357,0.9598621726036072
83600,2,enc,16.89151954650879,0.7415317296981812,0.6728515625,1.1985821723937988,1.202513337135315
83800,0,enc,6.069235324859619,0.7452062368392944,0.63037109375,0.9107485413551331,0.9110240340232849
83800,1,enc,9.771261215209961,0.38252922892570496,0.240966796875,1.1562235355377197,1.2194966077804565
83800,2,enc,17.09406089782715,0.8656454682350159,0.76171875,1.3952006101608276,1.3451179265975952
83800,0,fcst,7.763227462768555,0.9758225679397583,0.5947265625,6.00564432144165,7.902097225189209
83800,1,fcst,7.221015453338623,0.3696436882019043,0.12127685546875,8.674012184143066,8.973968505859375
83800,2,fcst,4.029521465301514,0.6004723310470581,0.31201171875,8.954660415649414,9.205351829528809
83800,0,enc,6.073045253753662,0.7458460927009583,0.4931640625,0.9068422317504883,0.906334400177002
83800,1,enc,9.758472442626953,0.3794233202934265,0.20361328125,1.0711724758148193,0.9452359676361084
83800,2,enc,17.05108070373535,0.7735688090324402,0.6591796875,1.3602135181427002,1.283300757408142
84000,0,enc,6.118170738220215,0.7732046246528625,0.70458984375,0.873816967010498,0.8767428398132324
84000,1,enc,9.44073486328125,0.37366318702697754,0.281005859375,0.9819072484970093,1.0408740043640137
84000,2,enc,17.247509002685547,0.781623899936676,0.857421875,1.348629355430603,1.3205870389938354
84000,0,fcst,7.62813663482666,0.8808194994926453,0.6083984375,6.630232810974121,7.457611083984375
84000,1,fcst,7.040083885192871,0.3584243357181549,0.1512451171875,8.518878936767578,9.071722030639648
84000,2,fcst,4.104585647583008,0.6039860844612122,0.33154296875,9.208778381347656,9.633312225341797
84000,0,enc,6.097079753875732,0.7719407081604004,0.533203125,0.8670852184295654,0.8780523538589478
84000,1,enc,9.802284240722656,0.37484845519065857,0.221435546875,1.0079289674758911,0.9777256846427917
84000,2,enc,17.193716049194336,0.7477860450744629,0.71923828125,1.2458696365356445,1.2013275623321533
84200,0,enc,5.977406024932861,0.7795704007148743,0.58447265625,0.856937050819397,0.8582308888435364
84200,1,enc,9.724365234375,0.38783299922943115,0.265625,1.078374981880188,1.0810290575027466
84200,2,enc,17.307689666748047,0.8486797213554382,0.75634765625,1.341526985168457,1.2985492944717407
84200,0,fcst,7.740532875061035,0.9451988935470581,0.6435546875,6.18686056137085,7.568727493286133
84200,1,fcst,7.020361423492432,0.4222962558269501,0.09234619140625,8.606375694274902,8.795313835144043
84200,2,fcst,3.9463953971862793,0.6007892489433289,0.36181640625,8.870269775390625,8.888275146484375
84200,0,enc,5.9983649253845215,0.778094470500946,0.4775390625,0.8564940094947815,0.8589290380477905
84200,1,enc,9.618851661682129,0.39069756865501404,0.2200927734375,1.043601632118225,1.0763120651245117
84200,2,enc,17.272342681884766,0.7081111073493958,0.646484375,1.3180434703826904,1.2389975786209106
84400,0,enc,5.832078456878662,0.7371063232421875,0.58642578125,0.8547798991203308,0.9342964887619019
84400,1,enc,9.31876277923584,0.3831908404827118,0.252685546875,1.0931476354599,1.0402162075042725
84400,2,enc,17.118438720703125,0.7117609977722168,0.88037109375,1.4563102722167969,1.3601280450820923
84400,0,fcst,7.718619346618652,0.9235401749610901,0.630859375,6.095824718475342,7.3709540367126465
84400,1,fcst,6.9919328689575195,0.3926328122615814,0.11962890625,8.390786170959473,8.757267951965332
84400,2,fcst,4.034728050231934,0.5628972053527832,0.316650390625,8.711122512817383,8.652257919311523
84400,0,enc,5.8112874031066895,0.7383056879043579,0.488525390625,0.8732190728187561,0.9007064700126648
84400,1,enc,9.480663299560547,0.3814821243286133,0.2218017578125,1.003113865852356,1.0251353979110718
84400,2,enc,17.11809730529785,0.7125837802886963,0.63916015625,1.3189789056777954,1.1938568353652954
84600,0,enc,6.075189590454102,0.7662314176559448,0.63134765625,0.8401125073432922,0.8718211054801941
84600,1,enc,9.53329086303711,0.4153596758842468,0.25048828125,1.0462639331817627,1.0140081644058228
84600,2,enc,17.198482513427734,0.7216244339942932,0.72265625,1.3798614740371704,1.5161824226379395
84600,0,fcst,7.709506988525391,0.9960451126098633,0.6474609375,6.627359390258789,7.7276530265808105
84600,1,fcst,6.977118015289307,0.38262778520584106,0.1307373046875,8.614002227783203,9.162914276123047
84600,2,fcst,3.8541293144226074,0.5596970915794373,0.37646484375,9.161606788635254,9.668334007263184
84600,0,enc,6.117303848266602,0.762951135635376,0.5654296875,0.84065842628479,0.8720419406890869
84600,1,enc,9.473329544067383,0.4180840253829956,0.21533203125,1.0594773292541504,1.0484402179718018
84600,2,enc,17.19345474243164,0.8496659398078918,0.69140625,1.2644338607788086,1.2141408920288086
84800,0,enc,6.396885395050049,0.7435261607170105,0.55419921875,0.8847512602806091,0.8840717673301697
84800,1,enc,9.05093765258789,0.4190741777420044,0.250244140625,1.1050164699554443,1.0794473886489868
84800,2,enc,17.247400283813477,0.7849293947219849,0.72607421875,1.3720741271972656,1.3233816623687744
84800,0,fcst,7.811278343200684,0.9050425887107849,0.6083984375,6.609503746032715,7.141296863555908
84800,1,fcst,6.9754719734191895,0.3761776387691498,0.12005615234375,8.00486946105957,8.340497016906738
84800,2,fcst,3.9387311935424805,0.6198136806488037,0.3515625,8.342057228088379,8.615765571594238
84800,0,enc,6.4116530418396,0.7541179656982422,0.472412109375,0.8769945502281189,0.9079117178916931
84800,1,enc,9.152982711791992,0.420059472322464,0.221435546875,1.082090139389038,1.023970365524292
84800,2,enc,17.216394424438477,0.6769001483917236,0.63671875,1.1986712217330933,1.1592050790786743
85000,0,enc,6.250882625579834,0.7880263924598694,0.59619140625,0.8692446947097778,0.905958890914917
85000,1,enc,9.288115501403809,0.4164164662361145,0.255859375,1.014571189880371,1.0827665328979492
85000,2,enc,17.021024703979492,0.7427886128425598,0.71240234375,1.406053066253662,1.366685390472412
85000,0,fcst,7.869909763336182,0.8830302953720093,0.60009765625,6.207247734069824,7.933593273162842
85000,1,fcst,7.104636192321777,0.4394623041152954,0.12457275390625,8.443516731262207,9.061933517456055
85000,2,fcst,3.9161934852600098,0.5931062698364258,0.364990234375,8.942142486572266,9.276615142822266
85000,0,enc,6.187632083892822,0.7953143119812012,0.52001953125,0.8720104098320007,0.9600116014480591
85000,1,enc,9.109661102294922,0.41684168577194214,0.2183837890625,1.015869140625,1.0395596027374268
85000,2,enc,17.00754737854004,0.8531248569488525,0.8642578125,1.2143232822418213,1.2121336460113525
85200,0,enc,6.225392818450928,0.787357747554779,0.67236328125,0.9584636092185974,0.9863702654838562
85200,1,enc,8.82557487487793,0.4415906071662903,0.236083984375,1.0933287143707275,1.0319347381591797
85200,2,enc,17.07329750061035,0.7285857796669006,0.8154296875,1.348401427268982,1.3404803276062012
85200,0,fcst,7.925586700439453,0.9110051989555359,0.59326171875,6.133335113525391,8.045742988586426
85200,1,fcst,7.109053134918213,0.39277350902557373,0.11492919921875,8.604509353637695,9.2994966506958
85200,2,fcst,4.1190571784973145,0.6254403591156006,0.380615234375,9.312828063964844,9.694500923156738
85200,0,enc,6.2261576652526855,0.786590039730072,0.490234375,0.9234150052070618,1.015150785446167
85200,1,enc,9.0050687789917,0.44218721985816956,0.2078857421875,1.0582947731018066,1.0353193283081055
85200,2,enc,17.074731826782227,0.745708167552948,0.74462890625,1.2857530117034912,1.3364732265472412
85400,0,enc,6.1159987449646,0.7740158438682556,0.57275390625,0.9117947220802307,0.9211704134941101
85400,1,enc,8.99858570098877,0.4038698673248291,0.259033203125,1.0146564245224,0.979415774345398
85400,2,enc,17.249011993408203,0.785984218120575,0.68408203125,1.5268927812576294,1.5178275108337402
85400,0,fcst,7.927975177764893,0.8708447217941284,0.55078125,6.105358123779297,8.239224433898926
85400,1,fcst,7.06397008895874,0.43024539947509766,0.1400146484375,8.658952713012695,9.032617568969727
85400,2,fcst,3.959092855453491,0.5942578315734863,0.34033203125,9.07873249053955,9.443044662475586
85400,0,enc,6.210464000701904,0.7753369808197021,0.552734375,0.9102460145950317,0.9266034364700317
85400,1,enc,9.025495529174805,0.4076947569847107,0.2144775390625,1.0372540950775146,0.9754125475883484
85400,2,enc,17.221742630004883,0.6892386078834534,0.6396484375,1.4235801696777344,1.4537162780761719
85600,0,enc,5.943649768829346,0.7890671491622925,0.61669921875,0.9256803393363953,0.9341863989830017
85600,1,enc,9.111873626708984,0.4282098710536957,0.270263671875,1.199095368385315,1.0177686214447021
85600,2,enc,17.308700561523438,0.7882956266403198,0.791015625,1.478338360786438,1.478338360786438
85600,0,fcst,7.903994560241699,0.8305780291557312,0.6171875,6.057310581207275,8.019210815429688
85600,1,fcst,7.187076091766357,0.4051477015018463,0.11163330078125,8.985898971557617,9.324440956115723
85600,2,fcst,4.043165683746338,0.653348445892334,0.34326171875,9.325508117675781,9.325508117675781
85600,0,enc,5.9793596267700195,0.7909191250801086,0.436767578125,0.9153303503990173,0.9259878993034363
85600,1,enc,9.11393928527832,0.43062782287597656,0.2174072265625,1.1930716037750244,1.004827857017517
85600,2,enc,17.31915855407715,0.7021708488464355,0.65966796875,1.3889774084091187,1.3382571935653687
85800,0,enc,6.328835964202881,0.771498441696167,0.52294921875,0.9215294718742371,0.9582402110099792
85800,1,enc,9.196290969848633,0.4036453068256378,0.24267578125,1.0325366258621216,1.1614357233047485
85800,2,enc,17.287424087524414,0.9948810935020447,0.9052734375,1.2783126831054688,1.2799675464630127
85800,0,fcst,7.893123626708984,0.8088507056236267,0.625,6.067079067230225,7.371478080749512
85800,1,fcst,7.168807029724121,0.3987816274166107,0.1002197265625,8.355477333068848,8.882550239562988
85800,2,fcst,3.8777945041656494,0.5826992392539978,0.33740234375,8.98965835571289,9.791524887084961
85800,0,enc,6.262685298919678,0.7729173302650452,0.405029296875,0.9261173605918884,0.9255146384239197
85800,1,enc,9.143933296203613,0.4056994318962097,0.2222900390625,1.0460643768310547,1.1047148704528809
85800,2,enc,17.263160705566406,0.8207665681838989,0.7255859375,1.2635295391082764,1.3664414882659912
86000,0,enc,6.112013339996338,0.7642583847045898,0.52392578125,0.9151431322097778,0.9151431322097778
86000,1,enc,9.3522310256958,0.40161192417144775,0.2447509765625,1.130424976348877,1.0184242725372314
86000,2,enc,17.212858200073242,0.6908863186836243,0.66748046875,1.5358022451400757,1.5193058252334595
86000,0,fcst,7.6796393394470215,0.8995594382286072,0.6064453125,6.342360496520996,7.880989074707031
86000,1,fcst,7.312302112579346,0.4029184877872467,0.1275634765625,9.385113716125488,9.488059997558594
86000,2,fcst,3.8778014183044434,0.6934471726417542,0.3193359375,9.49692440032959,9.775136947631836
86000,0,enc,6.0470757484436035,0.7628454566001892,0.409423828125,0.9361496567726135,0.935756266117096
86000,1,enc,9.166327476501465,0.4019383192062378,0.2117919921875,1.0809117555618286,0.9654743671417236
86000,2,enc,17.19390106201172,0.6884596347808838,0.62451171875,1.2754145860671997,1.2461888790130615
86200,0,enc,6.108755588531494,0.759405791759491,0.5595703125,0.9115070700645447,0.9139528870582581
86200,1,enc,9.186891555786133,0.40121445059776306,0.252197265625,1.0770487785339355,1.2479746341705322
86200,2,enc,17.21265411376953,0.7366167902946472,0.73779296875,1.419898509979248,1.4092342853546143
86200,0,fcst,7.708924293518066,0.997260332107544,0.6484375,6.334670066833496,8.335487365722656
86200,1,fcst,7.076712131500244,0.38639065623283386,0.110107421875,9.439690589904785,9.805630683898926
86200,2,fcst,4.092989444732666,0.5659093856811523,0.313232421875,9.81710433959961,10.07806396484375
86200,0,enc,6.074130058288574,0.7598015666007996,0.45068359375,0.9071802496910095,0.9063877463340759
86200,1,enc,9.225931167602539,0.4048868417739868,0.2225341796875,1.1088405847549438,0.9631762504577637
86200,2,enc,17.2076473236084,0.7027631402015686,0.64794921875,1.2697482109069824,1.2740702629089355
86400,0,enc,6.3582377433776855,0.7352503538131714,0.53076171875,0.8830137252807617,0.8854127526283264
86400,1,enc,9.202194213867188,0.41018247604370117,0.236328125,1.156116247177124,1.2747645378112793
86400,2,enc,17.21782875061035,0.7468840479850769,0.6884765625,1.3280384540557861,1.3812068700790405
86400,0,fcst,7.631628036499023,1.0045510530471802,0.63232421875,6.163528919219971,7.614170551300049
86400,1,fcst,7.055179119110107,0.4203512370586395,0.115966796875,8.483551979064941,9.007852554321289
86400,2,fcst,4.143930912017822,0.6719977259635925,0.30859375,8.963706016540527,9.770827293395996
86400,0,enc,6.340717315673828,0.7383776307106018,0.406494140625,0.8857357501983643,0.8853335380554199
86400,1,enc,9.162609100341797,0.41274404525756836,0.2081298828125,1.0260810852050781,1.011163592338562
86400,2,enc,17.247880935668945,0.753585159778595,0.61083984375,1.3044322729110718,1.3104671239852905
86600,0,enc,6.270979404449463,0.731638491153717,0.52978515625,0.8920741081237793,0.8916817903518677
86600,1,enc,9.187600135803223,0.4151878356933594,0.240234375,1.1512808799743652,1.1427589654922485
86600,2,enc,17.290382385253906,0.7332152724266052,0.68701171875,1.2844785451889038,1.303957462310791
86600,0,fcst,7.667026042938232,1.0916787385940552,0.623046875,6.579084873199463,8.172372817993164
86600,1,fcst,7.0677080154418945,0.40737053751945496,0.10986328125,9.300722122192383,9.708166122436523
86600,2,fcst,3.902965784072876,0.6382604837417603,0.293701171875,9.708166122436523,9.800464630126953
86600,0,enc,6.323981285095215,0.7306514382362366,0.39306640625,0.8993989825248718,0.8990582823753357
86600,1,enc,9.222514152526855,0.40409916639328003,0.2120361328125,1.1479092836380005,1.004030466079712
86600,2,enc,17.28125762939453,0.7433785200119019,0.60888671875,1.2489830255508423,1.2186332941055298
86800,0,enc,6.2331132888793945,0.6846933960914612,0.53466796875,0.8719719648361206,0.8910185098648071
86800,1,enc,9.13771915435791,0.39633268117904663,0.273193359375,1.0544781684875488,1.0443763732910156
86800,2,enc,17.27626609802246,0.6916674375534058,0.71923828125,1.4069730043411255,1.3720473051071167
86800,0,fcst,7.671141147613525,0.9840224981307983,0.580078125,6.792906761169434,7.780155181884766
86800,1,fcst,7.040454864501953,0.4042086899280548,0.118408203125,8.370649337768555,9.23848819732666
86800,2,fcst,3.976550340652466,0.5793444514274597,0.3095703125,9.316254615783691,10.513086318969727
86800,0,enc,6.348384857177734,0.693371057510376,0.3955078125,0.8736068606376648,0.9069211483001709
86800,1,enc,9.273945808410645,0.3984023630619049,0.2291259765625,1.1160831451416016,0.9905595779418945
86800,2,enc,17.28045082092285,0.6447809934616089,0.60986328125,1.2371793985366821,1.1997648477554321
87000,0,enc,5.987109661102295,0.659873902797699,0.5390625,0.8766801357269287,0.880395233631134
87000,1,enc,9.222588539123535,0.40493857860565186,0.267333984375,1.0820930004119873,1.0038514137268066
87000,2,enc,17.403430938720703,0.724717915058136,0.68310546875,1.3404978513717651,1.3129642009735107
87000,0,fcst,7.703605651855469,0.8167870044708252,0.55615234375,6.190080165863037,7.073593616485596
87000,1,fcst,7.238259792327881,0.43847745656967163,0.10626220703125,8.167527198791504,8.709579467773438
87000,2,fcst,4.151556968688965,0.6200399398803711,0.284423828125,8.90937328338623,9.24031925201416
87000,0,enc,6.017230033874512,0.6589735746383667,0.412353515625,0.8773386478424072,0.879507303237915
87000,1,enc,9.264158248901367,0.4051177203655243,0.2274169921875,1.153244972229004,1.0121915340423584
87000,2,enc,17.37343406677246,0.878760814666748,0.68505859375,1.3736720085144043,1.2433009147644043
87200,0,enc,5.772871494293213,0.6907668113708496,0.52734375,0.8661841750144958,0.86713045835495
87200,1,enc,9.356325149536133,0.39387500286102295,0.270263671875,1.2033237218856812,1.0969651937484741
87200,2,enc,17.452402114868164,0.9641786217689514,0.66552734375,1.4670857191085815,1.3439373970031738
87200,0,fcst,7.838694095611572,0.8843926191329956,0.63525390625,6.748180389404297,7.879417419433594
87200,1,fcst,7.251103401184082,0.3881458640098572,0.1351318359375,8.306687355041504,8.736374855041504
87200,2,fcst,4.106444358825684,0.5752452611923218,0.31787109375,8.684253692626953,9.428611755371094
87200,0,enc,5.862629413604736,0.6884979009628296,0.392578125,0.8887648582458496,0.8903403282165527
87200,1,enc,9.355979919433594,0.3967505097389221,0.229736328125,1.128928303718567,1.0937594175338745
87200,2,enc,17.415422439575195,0.7962445020675659,0.59765625,1.2523467540740967,1.2594021558761597
87400,0,enc,5.9638566970825195,0.7113025188446045,0.5380859375,0.8997395634651184,0.9003292322158813
87400,1,enc,9.537193298339844,0.39789071679115295,0.2900390625,1.2175804376602173,1.040467381477356
87400,2,enc,17.551000595092773,0.7970824837684631,0.673828125,1.4711620807647705,1.431828260421753
87400,0,fcst,7.854859352111816,0.9949638247489929,0.61474609375,6.150390625,7.542534828186035
87400,1,fcst,7.155728816986084,0.411977618932724,0.11944580078125,8.250225067138672,8.574920654296875
87400,2,fcst,4.00287389755249,0.6233847737312317,0.322265625,8.574920654296875,9.064558029174805
87400,0,enc,5.91386079788208,0.7126966118812561,0.45166015625,0.8995958566665649,0.9009181261062622
87400,1,enc,9.554896354675293,0.398696631193161,0.2330322265625,1.1897354125976562,0.9546985030174255
87400,2,enc,17.546419143676758,0.8705220818519592,0.65380859375,1.322239875793457,1.257664680480957
87600,0,enc,5.876222610473633,0.7264028787612915,0.53857421875,0.9361637830734253,0.9333726763725281
87600,1,enc,9.443626403808594,0.38815897703170776,0.29150390625,1.1683202981948853,1.1683202981948853
87600,2,enc,17.450910568237305,0.7421894669532776,0.63330078125,1.51533842086792,1.4317880868911743
87600,0,fcst,7.7227396965026855,0.9993654489517212,0.56787109375,5.9998931884765625,7.253041744232178
87600,1,fcst,6.98745059967041,0.411407470703125,0.1181640625,8.556640625,8.46217155456543
87600,2,fcst,4.01152229309082,0.6166349053382874,0.315673828125,8.458934783935547,8.749732971191406
87600,0,enc,5.8817267417907715,0.7274829149246216,0.39990234375,0.9347426891326904,0.9335029125213623
87600,1,enc,9.25648021697998,0.39292997121810913,0.2374267578125,1.061045527458191,1.0405265092849731
87600,2,enc,17.434471130371094,0.7215580940246582,0.61865234375,1.3868179321289062,1.3330459594726562
87800,0,enc,5.859912395477295,0.739795982837677,0.5751953125,0.9309052228927612,0.9317836761474609
87800,1,enc,9.334793090820312,0.41811758279800415,0.30419921875,1.0694890022277832,1.0220134258270264
87800,2,enc,17.341276168823242,0.922529399394989,0.69677734375,1.574218511581421,1.5024683475494385
87800,0,fcst,7.577061176300049,0.9302113652229309,0.58251953125,6.335423469543457,8.132298469543457
87800,1,fcst,6.992590427398682,0.43419349193573,0.1138916015625,8.772466659545898,9.126218795776367
87800,2,fcst,3.9316461086273193,0.5858258605003357,0.33984375,9.098686218261719,9.410100936889648
87800,0,enc,5.952542304992676,0.7407214045524597,0.39599609375,0.9264386296272278,0.9260147213935852
87800,1,enc,9.397625923156738,0.4210481345653534,0.24755859375,1.0607554912567139,0.941124439239502
87800,2,enc,17.350475311279297,0.7070929408073425,0.591796875,1.3571983575820923,1.3228050470352173
88000,0,enc,6.091997146606445,0.7479420900344849,0.54052734375,0.8949399590492249,0.8964383006095886
88000,1,enc,9.513381004333496,0.3941834270954132,0.297607421875,0.9977065324783325,1.0198373794555664
88000,2,enc,17.453739166259766,0.7594966888427734,0.66064453125,1.5560029745101929,1.5435572862625122
88000,0,fcst,7.628835201263428,0.9147816896438599,0.64892578125,6.019343852996826,7.237216949462891
88000,1,fcst,6.971935749053955,0.38548266887664795,0.1317138671875,9.037425994873047,9.105445861816406
88000,2,fcst,3.9993717670440674,0.6071651577949524,0.340576171875,9.115413665771484,9.702436447143555
88000,0,enc,6.105111122131348,0.7503151297569275,0.424072265625,0.9000633358955383,0.9005778431892395
88000,1,enc,9.289375305175781,0.39555516839027405,0.265380859375,1.0210516452789307,0.9913846254348755
88000,2,enc,17.4519100189209,0.7425785660743713,0.60205078125,1.3887243270874023,1.4045782089233398
88200,0,enc,6.021789073944092,0.7651153802871704,0.46533203125,0.8909156918525696,0.8910202980041504
88200,1,enc,9.475448608398438,0.41363850235939026,0.309326171875,1.0087560415267944,1.074959635734558
88200,2,enc,17.525041580200195,0.6742733716964722,0.72216796875,1.3788591623306274,1.3185206651687622
88200,0,fcst,7.681456089019775,0.978602945804596,0.556640625,6.066790580749512,7.311550140380859
88200,1,fcst,6.974181175231934,0.3896847665309906,0.126953125,8.644525527954102,9.844858169555664
88200,2,fcst,3.9350249767303467,0.6169110536575317,0.31201171875,9.8174409866333,10.160367965698242
88200,0,enc,6.012423038482666,0.7674953937530518,0.404052734375,0.8969449400901794,0.8984984755516052
88200,1,enc,9.505045890808105,0.4122192859649658,0.267822265625,0.9776221513748169,1.0407443046569824
88200,2,enc,17.56402015686035,0.6737098097801208,0.66015625,1.3603489398956299,1.3186743259429932
88400,0,enc,5.957342147827148,0.7423735857009888,0.451904296875,0.9263932704925537,0.9258880615234375
88400,1,enc,9.688385009765625,0.3863433599472046,0.309814453125,1.0174676179885864,0.9683537483215332
88400,2,enc,17.3294734954834,0.7167400121688843,0.72216796875,1.5187666416168213,1.5187666416168213
88400,0,fcst,7.612452983856201,0.9125622510910034,0.5439453125,6.295524597167969,7.474645137786865
88400,1,fcst,7.101058006286621,0.3836982846260071,0.12249755859375,8.338811874389648,8.784503936767578
88400,2,fcst,3.9109280109405518,0.6601325869560242,0.358642578125,8.872285842895508,9.076580047607422
88400,0,enc,5.92195987701416,0.740817129611969,0.36279296875,0.9210330843925476,0.9207760691642761
88400,1,enc,9.436960220336914,0.37973910570144653,0.259521484375,0.9955017566680908,0.9295992851257324
88400,2,enc,17.327646255493164,0.6622681617736816,0.59228515625,1.3143036365509033,1.3023731708526611
88600,0,enc,6.06456184387207,0.7254419326782227,0.470947265625,0.9054953455924988,0.9143303632736206
88600,1,enc,9.560236930847168,0.38096287846565247,0.308837890625,0.9946928024291992,0.9884459972381592
88600,2,enc,17.480016708374023,0.7274074554443359,0.66552734375,1.5715055465698242,1.5715055465698242
88600,0,fcst,7.796942234039307,0.9091580510139465,0.60400390625,6.447807788848877,7.679366588592529
88600,1,fcst,7.248903274536133,0.39893653988838196,0.137451171875,9.117265701293945,9.720563888549805
88600,2,fcst,3.8133256435394287,0.5844579935073853,0.337158203125,9.709247589111328,10.294099807739258
88600,0,enc,6.018089771270752,0.7218679189682007,0.427978515625,0.8985939621925354,0.8960495591163635
88600,1,enc,9.407540321350098,0.38244524598121643,0.260986328125,1.0589309930801392,0.9783899784088135
88600,2,enc,17.462263107299805,0.7101921439170837,0.607421875,1.3360201120376587,1.2875581979751587
88800,0,enc,5.674294948577881,0.7289288640022278,0.427978515625,0.9120968580245972,0.9188941717147827
88800,1,enc,9.659913063049316,0.3851911425590515,0.3037109375,1.057170033454895,0.9854674339294434
88800,2,enc,17.511489868164062,0.6821828484535217,0.6982421875,1.5059295892715454,1.4518117904663086
88800,0,fcst,7.6490983963012695,1.0935407876968384,0.576171875,5.833990097045898,8.588985443115234
88800,1,fcst,7.102816581726074,0.38358086347579956,0.12469482421875,8.665364265441895,8.980305671691895
88800,2,fcst,4.045659065246582,0.6534500122070312,0.367431640625,8.979321479797363,9.083691596984863
88800,0,enc,5.714950084686279,0.7307645082473755,0.39501953125,0.9196908473968506,0.9163129329681396
88800,1,enc,9.661582946777344,0.38715407252311707,0.26220703125,0.983576774597168,0.9256274104118347
88800,2,enc,17.490314483642578,0.6887848973274231,0.56884765625,1.3042280673980713,1.2559187412261963
89000,0,enc,5.901484489440918,0.7196768522262573,0.43115234375,0.9169051647186279,0.9291421175003052
89000,1,enc,9.63508129119873,0.4117562472820282,0.30224609375,1.0315439701080322,1.0991355180740356
89000,2,enc,17.373693466186523,0.8271484375,0.7236328125,1.3941212892532349,1.3807779550552368
89000,0,fcst,7.597379207611084,0.9109178781509399,0.58935546875,6.394175052642822,7.494840145111084
89000,1,fcst,7.053391456604004,0.42126673460006714,0.1163330078125,8.471190452575684,8.761714935302734
89000,2,fcst,3.950793981552124,0.6018808484077454,0.32763671875,8.754951477050781,9.132284164428711
89000,0,enc,5.97452449798584,0.7185618877410889,0.3974609375,0.9209456443786621,0.924436092376709
89000,1,enc,9.721452713012695,0.4111606478691101,0.2529296875,1.0298939943313599,0.9785894751548767
89000,2,enc,17.353839874267578,0.6886968612670898,0.60595703125,1.2810673713684082,1.2567071914672852
89200,0,enc,5.752133846282959,0.7053382992744446,0.45751953125,0.9229186773300171,0.9281151294708252
89200,1,enc,9.57411003112793,0.38379666209220886,0.29541015625,1.0990548133850098,0.9646264910697937
89200,2,enc,17.515844345092773,0.64178466796875,0.63427734375,1.4094692468643188,1.3779668807983398
89200,0,fcst,7.598925590515137,0.9488704800605774,0.57177734375,6.115557670593262,7.299697399139404
89200,1,fcst,7.039587020874023,0.37819981575012207,0.13525390625,8.040797233581543,8.420028686523438
89200,2,fcst,3.9464263916015625,0.6250792741775513,0.338623046875,8.42495059967041,8.97914981842041
89200,0,enc,5.8339338302612305,0.7068904042243958,0.363037109375,0.9205394387245178,0.9253535866737366
89200,1,enc,9.45255184173584,0.38293471932411194,0.25830078125,1.048663854598999,1.0765488147735596
89200,2,enc,17.554424285888672,0.6799958944320679,0.5556640625,1.1952612400054932,1.2275365591049194
89400,0,enc,5.894515037536621,0.7088610529899597,0.453369140625,0.9433653950691223,0.9529117345809937
89400,1,enc,9.855574607849121,0.3784412741661072,0.30126953125,1.0736439228057861,1.0828003883361816
89400,2,enc,17.377561569213867,0.8085419535636902,0.65625,1.3447972536087036,1.3996692895889282
89400,0,fcst,7.513476848602295,0.9701300859451294,0.56201171875,6.272556781768799,7.604715347290039
89400,1,fcst,6.830598831176758,0.37951958179473877,0.12255859375,7.99708890914917,8.991427421569824
89400,2,fcst,3.938296318054199,0.5876772999763489,0.34130859375,8.99213981628418,9.467400550842285
89400,0,enc,5.83158016204834,0.7077513933181763,0.369873046875,0.9485867619514465,0.9456437230110168
89400,1,enc,9.974103927612305,0.37831106781959534,0.265380859375,1.0684260129928589,1.0573348999023438
89400,2,enc,17.36457061767578,0.7222182750701904,0.56884765625,1.3433878421783447,1.2744791507720947
89600,0,enc,5.925563335418701,0.7087786197662354,0.461181640625,0.9715768694877625,1.0115209817886353
89600,1,enc,9.971146583557129,0.3843073546886444,0.280517578125,1.0551975965499878,1.0551975965499878
89600,2,enc,17.46839714050293,0.8929215669631958,0.71923828125,1.311241626739502,1.4157474040985107
89600,0,fcst,7.614234924316406,0.9123067259788513,0.57861328125,6.035422325134277,7.498231887817383
89600,1,fcst,6.788083553314209,0.3449689745903015,0.11993408203125,8.19456672668457,8.691332817077637
89600,2,fcst,4.267781734466553,0.571854293346405,0.34716796875,8.641534805297852,8.710264205932617
89600,0,enc,5.896827697753906,0.7007822394371033,0.36376953125,0.9660759568214417,1.0095329284667969
89600,1,enc,9.880707740783691,0.37995821237564087,0.2452392578125,1.1082515716552734,1.0345985889434814
89600,2,enc,17.35991859436035,0.8472045660018921,0.6103515625,1.415303111076355,1.328816294670105
89800,0,enc,6.016052722930908,0.683907687664032,0.47216796875,0.9857156872749329,0.9882100820541382
89800,1,enc,10.03414535522461,0.38422858715057373,0.264892578125,1.1515319347381592,1.048882007598877
89800,2,enc,17.39421272277832,0.8023227453231812,0.76904296875,1.33427894115448,1.4168541431427002
89800,0,fcst,7.475974082946777,0.8454657793045044,0.57666015625,6.373704433441162,7.647101879119873
89800,1,fcst,6.703723907470703,0.3896845877170563,0.1361083984375,8.94497299194336,9.455497741699219
89800,2,fcst,4.046225547790527,0.5943357348442078,0.344482421875,9.410124778747559,9.7321195602417
89800,0,enc,5.974032402038574,0.686182975769043,0.398193359375,0.9759259819984436,0.9767332673072815
89800,1,enc,9.986161231994629,0.38857540488243103,0.2318115234375,1.0701714754104614,0.9354783892631531
89800,2,enc,17.444698333740234,0.7034963965415955,0.69384765625,1.3088098764419556,1.2736536264419556
90000,0,enc,5.905705451965332,0.6877138614654541,0.43115234375,1.008795976638794,1.0311914682388306
90000,1,enc,10.093969345092773,0.3729708790779114,0.275390625,1.0554356575012207,1.0360586643218994
90000,2,enc,17.383535385131836,0.7759441137313843,0.6982421875,1.40185546875,1.3941709995269775
90000,0,fcst,7.4494194984436035,0.9233168959617615,0.64404296875,5.971858501434326,8.694958686828613
90000,1,fcst,6.786972999572754,0.39699551463127136,0.1256103515625,9.84525203704834,10.43824291229248
90000,2,fcst,3.868711471557617,0.5901168584823608,0.32568359375,10.46217155456543,11.038886070251465
90000,0,enc,5.896179676055908,0.6846044063568115,0.347900390625,1.0015428066253662,1.0004756450653076
90000,1,enc,10.014861106872559,0.372518390417099,0.239501953125,1.0971932411193848,1.1163195371627808
90000,2,enc,17.385461807250977,0.6609002947807312,0.64599609375,1.2317970991134644,1.176479458808899
90200,0,enc,6.0193562507629395,0.6811609864234924,0.50146484375,0.9760589003562927,0.9760589003562927
90200,1,enc,10.049849510192871,0.379747599363327,0.2763671875,1.021806001663208,1.0313748121261597
90200,2,enc,17.275333404541016,0.8535382747650146,0.7431640625,1.3764065504074097,1.3987860679626465
90200,0,fcst,7.473001003265381,0.9752886295318604,0.556640625,6.471712112426758,7.302033424377441
90200,1,fcst,6.794447422027588,0.43356865644454956,0.11236572265625,8.42828369140625,8.75570297241211
90200,2,fcst,3.799145221710205,0.6127175688743591,0.32275390625,8.734999656677246,8.734999656677246
90200,0,enc,6.0490803718566895,0.6789405941963196,0.353271484375,0.9699940085411072,0.9674839377403259
90200,1,enc,9.988515853881836,0.3817186951637268,0.237548828125,1.0149706602096558,0.9657881259918213
90200,2,enc,17.244972229003906,0.7384583353996277,0.6533203125,1.2865902185440063,1.2555996179580688
90400,0,enc,6.006398677825928,0.6619452238082886,0.440673828125,1.0058642625808716,1.0048421621322632
90400,1,enc,10.009439468383789,0.3899964988231659,0.289306640625,1.1330608129501343,1.1382324695587158
90400,2,enc,17.196849822998047,0.7885814309120178,0.67333984375,1.4125568866729736,1.3446722030639648
90400,0,fcst,7.429311275482178,0.8637315034866333,0.61572265625,6.088239669799805,7.342292785644531
90400,1,fcst,6.953793525695801,0.37544605135917664,0.10906982421875,8.215291976928711,8.270684242248535
90400,2,fcst,3.7300519943237305,0.606553852558136,0.346923828125,8.248567581176758,8.709607124328613
90400,0,enc,5.947554588317871,0.6641722917556763,0.4091796875,1.0072158575057983,1.0037254095077515
90400,1,enc,9.931105613708496,0.3916894793510437,0.23583984375,1.0842288732528687,0.9621222019195557
90400,2,enc,17.20369529724121,0.6704882383346558,0.60693359375,1.38288414478302,1.332865834236145
90600,0,enc,6.163875102996826,0.6789942383766174,0.46630859375,1.0077368021011353,1.00787353515625
90600,1,enc,10.169100761413574,0.40153011679649353,0.276123046875,1.1315209865570068,1.0983638763427734
90600,2,enc,17.241783142089844,0.7885907292366028,0.73046875,1.3882105350494385,1.2916967868804932
90600,0,fcst,7.443055152893066,0.9895296096801758,0.57421875,6.311765193939209,7.713815689086914
90600,1,fcst,6.993459701538086,0.3690778613090515,0.1312255859375,8.34501838684082,8.524544715881348
90600,2,fcst,3.9275925159454346,0.6049549579620361,0.300048828125,8.527682304382324,8.953550338745117
90600,0,enc,6.1182122230529785,0.6785229444503784,0.360595703125,1.0244905948638916,1.0236995220184326
90600,1,enc,10.102859497070312,0.39691081643104553,0.2430419921875,1.0493502616882324,1.107395052909851
90600,2,enc,17.193408966064453,0.7149013876914978,0.63720703125,1.2954996824264526,1.3169747591018677
90800,0,enc,6.3300065994262695,0.6856947541236877,0.423583984375,1.0010422468185425,1.003731608390808
90800,1,enc,9.992812156677246,0.37367236614227295,0.2587890625,1.1423890590667725,1.1145198345184326
90800,2,enc,17.191625595092773,0.8166964054107666,0.62646484375,1.5468873977661133,1.5468873977661133
90800,0,fcst,7.550991535186768,1.04121994972229,0.56787109375,6.674896717071533,8.595667839050293
90800,1,fcst,6.841794013977051,0.3780888319015503,0.120361328125,9.431035995483398,9.431035995483398
90800,2,fcst,3.910428762435913,0.6416802406311035,0.34619140625,9.448151588439941,9.618914604187012
90800,0,enc,6.282889366149902,0.6884662508964539,0.3583984375,1.0121498107910156,1.0133113861083984
90800,1,enc,9.99962043762207,0.37238240242004395,0.2335205078125,1.1202527284622192,1.0676801204681396
90800,2,enc,17.210838317871094,0.7417449951171875,0.60888671875,1.4612178802490234,1.4229488372802734
91000,0,enc,6.389948844909668,0.6792854070663452,0.457763671875,0.9984086155891418,1.0016893148422241
91000,1,enc,10.042548179626465,0.3807514011859894,0.2484130859375,1.1435171365737915,1.0959978103637695
91000,2,enc,17.279489517211914,0.7173380851745605,0.67138671875,1.3811763525009155,1.365664005279541
91000,0,fcst,7.48609733581543,1.056733250617981,0.5673828125,6.367366313934326,7.28281307220459
91000,1,fcst,6.9421257972717285,0.47313255071640015,0.1072998046875,8.3411865234375,8.828619956970215
91000,2,fcst,3.955672264099121,0.6299428939819336,0.325439453125,8.84078598022461,9.20211410522461
91000,0,enc,6.392672061920166,0.682842493057251,0.334228515625,0.9938422441482544,0.9952059984207153
91000,1,enc,10.021580696105957,0.36847469210624695,0.21533203125,1.0824553966522217,0.9526374340057373
91000,2,enc,17.226741790771484,0.6822130084037781,0.60009765625,1.1947276592254639,1.1717021465301514
91200,0,enc,6.497741222381592,0.7194699048995972,0.50146484375,1.0343338251113892,1.0343338251113892
91200,1,enc,10.075963973999023,0.39001673460006714,0.2724609375,1.191882848739624,1.0430792570114136
91200,2,enc,17.277515411376953,1.018524169921875,0.6435546875,1.6130088567733765,1.6030312776565552
91200,0,fcst,7.356711387634277,0.9561750292778015,0.5869140625,6.126535892486572,7.5054216384887695
91200,1,fcst,6.988266944885254,0.4084796905517578,0.11297607421875,8.095815658569336,8.538252830505371
91200,2,fcst,3.8721954822540283,0.6043300032615662,0.323486328125,8.67187213897705,9.019094467163086
91200,0,enc,6.61183500289917,0.7256273031234741,0.406494140625,1.03549325466156,1.0354630947113037
91200,1,enc,10.016745567321777,0.3845475912094116,0.2364501953125,1.0795282125473022,0.9270758628845215
91200,2,enc,17.322561264038086,0.9555292129516602,0.5908203125,1.269535779953003,1.220402479171753
91400,0,enc,6.5927534103393555,0.7257699370384216,0.53466796875,1.0069549083709717,1.0027439594268799
91400,1,enc,9.862039566040039,0.39357614517211914,0.2666015625,1.2692285776138306,1.053734302520752
91400,2,enc,17.18445587158203,0.9441790580749512,0.68896484375,1.3242326974868774,1.3242326974868774
91400,0,fcst,7.251615524291992,0.9805141091346741,0.576171875,7.042686462402344,7.832616806030273
91400,1,fcst,6.969516754150391,0.4355360269546509,0.1297607421875,9.184371948242188,9.184371948242188
91400,2,fcst,3.852017879486084,0.6006456613540649,0.367919921875,9.041415214538574,9.041415214538574
91400,0,enc,6.742977142333984,0.7230198979377747,0.44580078125,0.9917111992835999,0.987864077091217
91400,1,enc,9.937397003173828,0.39382174611091614,0.2283935546875,1.1576427221298218,1.0473785400390625
91400,2,enc,17.1916561126709,0.7837408781051636,0.75732421875,1.3093559741973877,1.3279304504394531
91600,0,enc,6.524972438812256,0.7017557621002197,0.480224609375,0.9945952892303467,0.9933608174324036
91600,1,enc,9.97192096710205,0.3936733603477478,0.273681640625,1.1325633525848389,1.048189640045166
91600,2,enc,17.10698890686035,0.9996420741081238,0.84130859375,1.3605194091796875,1.38169527053833
91600,0,fcst,7.3097124099731445,0.8683009147644043,0.5634765625,5.956289291381836,7.396979808807373
91600,1,fcst,7.007576942443848,0.49032267928123474,0.1343994140625,8.277490615844727,8.774994850158691
91600,2,fcst,3.891676425933838,0.6393297910690308,0.339599609375,8.772452354431152,9.079880714416504
91600,0,enc,6.59410285949707,0.7076363563537598,0.446533203125,1.003828525543213,1.0021650791168213
91600,1,enc,9.886689186096191,0.3951108455657959,0.2344970703125,1.0864810943603516,0.9476608633995056
91600,2,enc,17.123517990112305,0.7065226435661316,0.6181640625,1.2656536102294922,1.2857341766357422
91800,0,enc,6.702988624572754,0.7098225355148315,0.490478515625,0.9934847354888916,1.012315273284912
91800,1,enc,10.015095710754395,0.36316850781440735,0.267333984375,1.1927049160003662,1.1339234113693237
91800,2,enc,17.08677864074707,0.8610778450965881,0.6376953125,1.4793400764465332,1.4813491106033325
91800,0,fcst,7.470640182495117,0.7711674571037292,0.58935546875,6.881010055541992,7.797351360321045
91800,1,fcst,7.02308988571167,0.4292720854282379,0.1082763671875,8.642498970031738,8.836183547973633
91800,2,fcst,3.8896145820617676,0.5557970404624939,0.320068359375,8.802525520324707,9.046918869018555
91800,0,enc,6.680851459503174,0.709983229637146,0.413330078125,1.0137898921966553,1.0138626098632812
91800,1,enc,10.010553359985352,0.358165979385376,0.2337646484375,1.1289554834365845,1.0551612377166748
91800,2,enc,17.052732467651367,0.6937829256057739,0.66845703125,1.3345460891723633,1.319310188293457
92000,0,enc,6.301466464996338,0.7096961736679077,0.499755859375,0.9835962653160095,0.9844911098480225
92000,1,enc,10.068268775939941,0.3799387812614441,0.271484375,1.069703459739685,1.0829957723617554
92000,2,enc,16.990787506103516,0.7704228162765503,0.68994140625,1.3473271131515503,1.3639971017837524
92000,0,fcst,7.2928314208984375,0.8326776027679443,0.59375,6.281184673309326,7.616568565368652
92000,1,fcst,7.05417537689209,0.44929367303848267,0.119873046875,8.514101028442383,8.738303184509277
92000,2,fcst,4.022047519683838,0.6819123029708862,0.365234375,8.758803367614746,9.107405662536621
92000,0,enc,6.341603755950928,0.7070465683937073,0.412353515625,0.9782162308692932,0.9785085320472717
92000,1,enc,10.107751846313477,0.38187360763549805,0.238037109375,0.9907453060150146,0.9779637455940247
92000,2,enc,17.060279846191406,0.7020854949951172,0.59326171875,1.4000918865203857,1.3976733684539795
92200,0,enc,6.264556884765625,0.7087636590003967,0.49853515625,0.9772376418113708,0.9759618639945984
92200,1,enc,10.022098541259766,0.3702433705329895,0.2685546875,1.0436674356460571,1.1487752199172974
92200,2,enc,17.075000762939453,0.7706379294395447,0.7060546875,1.3933947086334229,1.3856593370437622
92200,0,fcst,7.22195291519165,0.8366196155548096,0.59033203125,5.98186731338501,7.4032745361328125
92200,1,fcst,7.094745635986328,0.41386502981185913,0.142578125,9.248418807983398,9.248418807983398
92200,2,fcst,3.900697946548462,0.5619829893112183,0.349609375,9.248418807983398,9.423792839050293
92200,0,enc,6.234414100646973,0.7066644430160522,0.41259765625,0.9879812598228455,0.9831556677818298
92200,1,enc,10.193127632141113,0.36917978525161743,0.2364501953125,1.0489739179611206,0.923235297203064
92200,2,enc,17.096298217773438,0.6406419277191162,0.64404296875,1.2286769151687622,1.1833277940750122
92400,0,enc,6.587467193603516,0.7139064073562622,0.4755859375,0.9945406317710876,0.992162823677063
92400,1,enc,9.762786865234375,0.37299755215644836,0.267333984375,1.129180908203125,1.1466437578201294
92400,2,enc,16.917505264282227,0.7209038734436035,0.67822265625,1.2947200536727905,1.3627326488494873
92400,0,fcst,7.319316864013672,0.7579437494277954,0.640625,6.046236038208008,7.7194132804870605
92400,1,fcst,6.975307464599609,0.43886831402778625,0.11761474609375,8.746530532836914,9.109757423400879
92400,2,fcst,3.80653715133667,0.5920380353927612,0.34375,9.088423728942871,9.451431274414062
92400,0,enc,6.576080799102783,0.7164472341537476,0.430908203125,1.0028657913208008,1.0037646293640137
92400,1,enc,9.745264053344727,0.36242780089378357,0.227294921875,1.1153571605682373,1.1461341381072998
92400,2,enc,16.953441619873047,0.6909844875335693,0.591796875,1.168323278427124,1.138995885848999
92600,0,enc,6.400053977966309,0.7270918488502502,0.458984375,1.003240942955017,0.9996212124824524
92600,1,enc,9.81697940826416,0.370580792427063,0.279541015625,1.0615688562393188,1.0877748727798462
92600,2,enc,16.968793869018555,0.8298273682594299,0.6962890625,1.2151437997817993,1.279534101486206
92600,0,fcst,7.3956427574157715,0.7306230068206787,0.6015625,6.0087714195251465,7.170261383056641
92600,1,fcst,7.026199817657471,0.42937856912612915,0.121337890625,8.395793914794922,8.787504196166992
92600,2,fcst,3.8023898601531982,0.5418044924736023,0.360107421875,8.695137023925781,8.97250747680664
92600,0,enc,6.4127326011657715,0.7297849059104919,0.396484375,1.0120749473571777,1.0093836784362793
92600,1,enc,9.844846725463867,0.37364912033081055,0.244384765625,1.0562776327133179,0.9991931319236755
92600,2,enc,16.995119094848633,0.7126187086105347,0.91064453125,1.1282464265823364,1.1543389558792114
92800,0,enc,6.371284484863281,0.7378785014152527,0.4814453125,1.013656497001648,1.0148156881332397
92800,1,enc,9.869256973266602,0.38738659024238586,0.283447265625,1.2350423336029053,1.0887885093688965
92800,2,enc,17.01073455810547,0.8690717220306396,0.7060546875,1.3213473558425903,1.2929028272628784
92800,0,fcst,7.257674217224121,0.8200704455375671,0.6044921875,5.86742639541626,7.37891960144043
92800,1,fcst,6.8423662185668945,0.41454556584358215,0.1376953125,8.613423347473145,8.741551399230957
92800,2,fcst,3.958771228790283,0.6268057823181152,0.330322265625,8.740720748901367,9.016308784484863
92800,0,enc,6.375171184539795,0.7368624210357666,0.3994140625,1.0131155252456665,1.0133399963378906
92800,1,enc,10.068099021911621,0.3889267146587372,0.24365234375,1.0867509841918945,0.9742835164070129
92800,2,enc,16.999483108520508,0.7961682677268982,0.595703125,1.4477908611297607,1.4050967693328857
93000,0,enc,6.378561973571777,0.7249123454093933,0.5,0.9512381553649902,0.9534358382225037
93000,1,enc,10.10904598236084,0.38569140434265137,0.320068359375,1.0425419807434082,1.0154778957366943
93000,2,enc,16.893095016479492,0.7467338442802429,0.6767578125,1.2703126668930054,1.2721363306045532
93000,0,fcst,7.215535640716553,0.6986993551254272,0.55859375,6.268787384033203,7.786153793334961
93000,1,fcst,7.127066135406494,0.40765002369880676,0.1260986328125,8.669809341430664,9.3930082321167
93000,2,fcst,4.016536235809326,0.6074586510658264,0.3564453125,9.4423246383667,9.822641372680664
93000,0,enc,6.375561714172363,0.723413348197937,0.453125,0.9525874257087708,0.9489291310310364
93000,1,enc,9.959229469299316,0.3814394176006317,0.254638671875,1.027771234512329,0.9879988431930542
93000,2,enc,16.888023376464844,0.7673586010932922,0.61328125,1.0814863443374634,1.0825048685073853
93200,0,enc,6.477445125579834,0.7445800304412842,0.59765625,0.9844980239868164,0.9810541868209839
93200,1,enc,10.051392555236816,0.3716573119163513,0.31982421875,1.2092794179916382,1.0335183143615723
93200,2,enc,16.943359375,0.901748776435852,0.6904296875,1.29636812210083,1.3261396884918213
93200,0,fcst,7.235589504241943,0.7887766361236572,0.58154296875,6.072083950042725,7.828371524810791
93200,1,fcst,7.127737998962402,0.45187368988990784,0.135009765625,7.969968795776367,8.607451438903809
93200,2,fcst,3.9256086349487305,0.5300052762031555,0.3466796875,8.607451438903809,9.346384048461914
93200,0,enc,6.480130672454834,0.7447388172149658,0.47265625,0.9945915937423706,0.9924191236495972
93200,1,enc,10.173744201660156,0.3706243634223938,0.2890625,1.1645901203155518,0.9697946310043335
93200,2,enc,16.94061279296875,0.7786464095115662,0.63623046875,1.014388084411621,0.9878414273262024
93400,0,enc,6.355377674102783,0.7515869736671448,0.5390625,1.0167628526687622,1.0188672542572021
93400,1,enc,10.214031219482422,0.3592776656150818,0.370361328125,1.0627028942108154,1.0476869344711304
93400,2,enc,16.798057556152344,0.8595590591430664,0.6923828125,1.1965527534484863,1.2233877182006836
93400,0,fcst,7.2745041847229,0.8766865134239197,0.61865234375,6.062505722045898,7.390313148498535
93400,1,fcst,7.099580764770508,0.429948627948761,0.1370849609375,8.204131126403809,8.722794532775879
93400,2,fcst,4.036410331726074,0.5717309713363647,0.367431640625,8.526164054870605,9.001967430114746
93400,0,enc,6.347198009490967,0.7503422498703003,0.4794921875,1.016209363937378,1.0168683528900146
93400,1,enc,10.062479972839355,0.3569764792919159,0.268798828125,1.0249651670455933,0.9656447172164917
93400,2,enc,16.795703887939453,0.7265539765357971,0.6298828125,1.1091904640197754,1.0352849960327148
93600,0,enc,6.177212715148926,0.7918514609336853,0.56298828125,0.9763869047164917,0.9784923791885376
93600,1,enc,10.319012641906738,0.37135744094848633,0.314697265625,1.262298822402954,1.0822252035140991
93600,2,enc,16.820350646972656,0.7692257761955261,0.7041015625,1.3137586116790771,1.3312383890151978
93600,0,fcst,7.3192949295043945,0.8666442036628723,0.65771484375,6.227398872375488,7.9349164962768555
93600,1,fcst,7.237007141113281,0.4408884048461914,0.12646484375,8.829967498779297,9.751733779907227
93600,2,fcst,3.8918371200561523,0.5851577520370483,0.378662109375,9.750885963439941,10.408437728881836
93600,0,enc,6.140297889709473,0.7845903635025024,0.46484375,0.9746013283729553,0.9759164452552795
93600,1,enc,10.370365142822266,0.3676393926143646,0.269775390625,1.0332070589065552,1.032489538192749
93600,2,enc,16.7994327545166,0.7761731743812561,0.60888671875,1.1575030088424683,1.0766924619674683
93800,0,enc,6.082988262176514,0.7817161679267883,0.48583984375,1.0479824542999268,1.0482698678970337
93800,1,enc,10.043135643005371,0.39481082558631897,0.30517578125,1.0644855499267578,1.0267956256866455
93800,2,enc,16.96636199951172,0.9036811590194702,0.64404296875,1.3046455383300781,1.284487009048462
93800,0,fcst,7.3639702796936035,0.8176037669181824,0.65380859375,6.864777088165283,7.2790021896362305
93800,1,fcst,7.215884208679199,0.45031264424324036,0.11773681640625,8.420928001403809,9.255346298217773
93800,2,fcst,3.85493540763855,0.5722233653068542,0.341552734375,9.560066223144531,10.175843238830566
93800,0,enc,6.092306137084961,0.7812604308128357,0.4189453125,1.0486249923706055,1.0500125885009766
93800,1,enc,10.150055885314941,0.3706723749637604,0.265625,1.0814385414123535,1.0157742500305176
93800,2,enc,16.974599838256836,0.7732577323913574,0.63671875,1.1752398014068604,1.1135637760162354
94000,0,enc,6.045799255371094,0.7664658427238464,0.5087890625,0.9856432676315308,0.9866054058074951
94000,1,enc,10.02501106262207,0.37411823868751526,0.29052734375,1.0327057838439941,1.1012855768203735
94000,2,enc,17.158540725708008,0.7919639348983765,0.791015625,1.4329437017440796,1.4329437017440796
94000,0,fcst,7.385343551635742,0.7663162350654602,0.6943359375,6.45241641998291,8.253318786621094
94000,1,fcst,7.231974124908447,0.4052472412586212,0.10400390625,9.366743087768555,9.533843994140625
94000,2,fcst,3.881556987762451,0.5460288524627686,0.36376953125,9.493972778320312,9.709494590759277
94000,0,enc,6.066230773925781,0.7649209499359131,0.42578125,0.990028977394104,0.9915507435798645
94000,1,enc,10.033967018127441,0.38048410415649414,0.2457275390625,0.9972417950630188,0.9978452920913696
94000,2,enc,17.09541130065918,0.7975575923919678,0.59228515625,1.0868430137634277,1.0415188074111938
94200,0,enc,5.871297836303711,0.7757648825645447,0.5283203125,1.0298007726669312,1.0268210172653198
94200,1,enc,10.244514465332031,0.3476012349128723,0.280029296875,1.0817301273345947,0.9832805395126343
94200,2,enc,16.907596588134766,0.8746889233589172,0.6875,1.3121728897094727,1.250648856163025
94200,0,fcst,7.601227760314941,0.8054974675178528,0.58056640625,6.038904190063477,8.284997940063477
94200,1,fcst,7.170475482940674,0.3974778950214386,0.1256103515625,8.920398712158203,9.472826957702637
94200,2,fcst,3.8205621242523193,0.497555673122406,0.384033203125,9.517345428466797,9.998653411865234
94200,0,enc,5.851353645324707,0.7742185592651367,0.440185546875,1.0209344625473022,1.018800139427185
94200,1,enc,10.158595085144043,0.3551675081253052,0.2484130859375,1.1053649187088013,0.9529907703399658
94200,2,enc,16.932069778442383,0.7607274055480957,0.619140625,0.9846146106719971,1.023763656616211
94400,0,enc,5.890216827392578,0.7715429067611694,0.5068359375,1.023743748664856,1.0225344896316528
94400,1,enc,10.009119033813477,0.37819886207580566,0.2841796875,1.191393494606018,1.0710132122039795
94400,2,enc,17.21626091003418,0.8398550748825073,0.703125,1.3809807300567627,1.3591437339782715
94400,0,fcst,7.60330057144165,0.7575556635856628,0.59765625,6.032871723175049,7.153476715087891
94400,1,fcst,7.324500560760498,0.4267506003379822,0.1236572265625,7.369922637939453,8.023022651672363
94400,2,fcst,3.9750490188598633,0.5392627120018005,0.36572265625,8.032341003417969,8.221071243286133
94400,0,enc,5.90502405166626,0.7739981412887573,0.440185546875,1.0148130655288696,1.0164228677749634
94400,1,enc,10.065442085266113,0.3850567042827606,0.2427978515625,1.1582456827163696,0.9560728669166565
94400,2,enc,17.146350860595703,0.7619656920433044,0.5859375,1.0109341144561768,0.9884341955184937
94600,0,enc,5.714505195617676,0.7592630982398987,0.4677734375,1.0053117275238037,1.008115530014038
94600,1,enc,10.01937198638916,0.3589361906051636,0.3115234375,1.0697993040084839,1.0218760967254639
94600,2,enc,17.217182159423828,0.8995764851570129,0.6865234375,1.2567658424377441,1.2555630207061768
94600,0,fcst,7.560657024383545,0.7419065237045288,0.70166015625,6.104844570159912,8.226583480834961
94600,1,fcst,7.294924259185791,0.43973326683044434,0.1182861328125,9.327661514282227,10.141463279724121
94600,2,fcst,4.087650775909424,0.5386710166931152,0.321533203125,9.995308876037598,10.648192405700684
94600,0,enc,5.705563068389893,0.75635826587677,0.426513671875,0.9975965619087219,0.9979639649391174
94600,1,enc,9.98498821258545,0.36056438088417053,0.248291015625,1.0285691022872925,0.9803718328475952
94600,2,enc,17.166032791137695,0.767902672290802,0.61181640625,1.2547723054885864,1.2684518098831177
94800,0,enc,5.730048179626465,0.7601776719093323,0.5146484375,1.0683486461639404,1.066572666168213
94800,1,enc,10.038044929504395,0.38463205099105835,0.298095703125,1.1049597263336182,1.1049597263336182
94800,2,enc,17.318490982055664,0.820180356502533,0.7197265625,1.4483109712600708,1.4799644947052002
94800,0,fcst,7.522270202636719,0.7998273372650146,0.59033203125,6.255422115325928,7.754554748535156
94800,1,fcst,7.153866291046143,0.43962615728378296,0.11944580078125,8.80696964263916,9.18159008026123
94800,2,fcst,3.9693186283111572,0.5978918075561523,0.3115234375,9.265144348144531,9.700528144836426
94800,0,enc,5.714668273925781,0.7562307119369507,0.4521484375,1.0661319494247437,1.0654009580612183
94800,1,enc,9.828984260559082,0.3846670091152191,0.259521484375,1.069522500038147,0.9465147256851196
94800,2,enc,17.317913055419922,0.7262501120567322,0.57763671875,1.2437019348144531,1.2041816711425781
95000,0,enc,5.5963215827941895,0.7737081050872803,0.4990234375,1.0501227378845215,1.0505671501159668
95000,1,enc,10.019988059997559,0.36515527963638306,0.291259765625,1.112344741821289,1.0775164365768433
95000,2,enc,17.224449157714844,0.801943838596344,0.6240234375,1.4938057661056519,1.4989556074142456
95000,0,fcst,7.705024242401123,0.8228380084037781,0.54833984375,5.8699727058410645,7.771944999694824
95000,1,fcst,7.023314952850342,0.4236447513103485,0.1259765625,8.641056060791016,8.734710693359375
95000,2,fcst,3.8182551860809326,0.5441408753395081,0.312255859375,8.703255653381348,8.757034301757812
95000,0,enc,5.620556354522705,0.7696560025215149,0.41748046875,1.0538668632507324,1.0548062324523926
95000,1,enc,10.069215774536133,0.37301796674728394,0.271484375,1.1091279983520508,0.9737178087234497
95000,2,enc,17.15585708618164,0.7268915176391602,0.61572265625,1.2180839776992798,1.2298866510391235
95200,0,enc,5.624290943145752,0.7511888742446899,0.501953125,1.079533338546753,1.0803645849227905
95200,1,enc,9.757083892822266,0.38883140683174133,0.322998046875,1.0458170175552368,1.0871572494506836
95200,2,enc,17.112119674682617,0.8656060695648193,0.705078125,1.4021552801132202,1.387455940246582
95200,0,fcst,7.527647495269775,0.8050510287284851,0.5771484375,6.096608638763428,7.943565368652344
95200,1,fcst,7.110204696655273,0.4280216097831726,0.11700439453125,8.582131385803223,8.596702575683594
95200,2,fcst,3.769223213195801,0.5271263718605042,0.33642578125,8.858558654785156,9.232636451721191
95200,0,enc,5.622587203979492,0.7497633695602417,0.41162109375,1.082884430885315,1.0831953287124634
95200,1,enc,9.692431449890137,0.38331761956214905,0.2705078125,1.1348416805267334,0.9816031455993652
95200,2,enc,17.148902893066406,0.7341132760047913,0.75537109375,1.2107298374176025,1.1208969354629517
95400,0,enc,5.4996795654296875,0.7389282584190369,0.484619140625,1.0859586000442505,1.0877091884613037
95400,1,enc,9.800800323486328,0.37461379170417786,0.29150390625,1.1475838422775269,1.1336702108383179
95400,2,enc,16.987953186035156,0.7268865704536438,0.63671875,1.3776888847351074,1.314841866493225
95400,0,fcst,7.521609306335449,0.7575211524963379,0.61474609375,5.98008918762207,7.629014492034912
95400,1,fcst,6.995769023895264,0.4131876230239868,0.119873046875,8.70082950592041,9.10339069366455
95400,2,fcst,4.0553507804870605,0.5221327543258667,0.31982421875,9.198692321777344,9.46521282196045
95400,0,enc,5.485777854919434,0.7404798269271851,0.39501953125,1.0927411317825317,1.0934382677078247
95400,1,enc,9.834089279174805,0.3751436173915863,0.26220703125,1.1030290126800537,1.0365080833435059
95400,2,enc,17.00071144104004,0.739164412021637,0.599609375,1.2895002365112305,1.2633161544799805
95600,0,enc,5.588432312011719,0.7860425114631653,0.52685546875,1.106334924697876,1.1072615385055542
95600,1,enc,9.824707984924316,0.40110793709754944,0.2939453125,1.1359602212905884,1.0423623323440552
95600,2,enc,17.19454002380371,0.741081178188324,0.810546875,1.3812918663024902,1.3196221590042114
95600,0,fcst,7.544469833374023,0.7824064493179321,0.62255859375,6.9643874168396,7.829835414886475
95600,1,fcst,7.034724235534668,0.41754281520843506,0.12249755859375,8.798786163330078,8.993827819824219
95600,2,fcst,4.024806976318359,0.5641428232192993,0.341552734375,8.96047592163086,9.122422218322754
95600,0,enc,5.589054584503174,0.7871071696281433,0.430908203125,1.1185948848724365,1.1190147399902344
95600,1,enc,9.863168716430664,0.3981987237930298,0.248291015625,1.1176822185516357,0.8983823657035828
95600,2,enc,17.109302520751953,0.7343612313270569,0.68505859375,1.3230515718460083,1.3092423677444458
95800,0,enc,5.8186421394348145,0.8286087512969971,0.419189453125,1.1085416078567505,1.1095260381698608
95800,1,enc,10.035531044006348,0.4012586176395416,0.295166015625,1.1159119606018066,1.3383723497390747
95800,2,enc,17.079120635986328,0.8548058867454529,0.66552734375,1.427897334098816,1.3531595468521118
95800,0,fcst,7.577410697937012,0.6728546023368835,0.6259765625,6.231252670288086,7.399916172027588
95800,1,fcst,7.144798278808594,0.42148518562316895,0.1192626953125,8.588868141174316,9.784614562988281
95800,2,fcst,4.07492208480835,0.5117483735084534,0.330078125,9.663016319274902,10.369396209716797
95800,0,enc,5.802346229553223,0.8233931660652161,0.38818359375,1.1113530397415161,1.1133862733840942
95800,1,enc,9.986852645874023,0.3995993137359619,0.258056640625,1.076277732849121,0.9508965611457825
95800,2,enc,17.081336975097656,0.7964286804199219,0.638671875,1.2687008380889893,1.1668331623077393
96000,0,enc,5.712967395782471,0.8741593360900879,0.374755859375,0.9945115447044373,0.9960713386535645
96000,1,enc,10.134078979492188,0.40833398699760437,0.302978515625,1.0024775266647339,1.2677953243255615
96000,2,enc,17.1561336517334,0.7987866401672363,0.68701171875,1.674894094467163,1.3194113969802856
96000,0,fcst,7.401976585388184,0.7125913500785828,0.55908203125,6.610561370849609,7.137597560882568
96000,1,fcst,7.142883777618408,0.46354904770851135,0.1328125,7.90449333190918,7.9692535400390625
96000,2,fcst,3.6697492599487305,0.5493142008781433,0.33544921875,7.924790859222412,8.5543794631958
96000,0,enc,5.702232360839844,0.8773744702339172,0.317138671875,0.9917522072792053,0.9943729043006897
96000,1,enc,10.041975021362305,0.395224004983902,0.257080078125,1.0040347576141357,0.9514236450195312
96000,2,enc,17.141891479492188,0.8854984045028687,0.62109375,1.192907452583313,1.1103988885879517
96200,0,enc,5.552079677581787,0.8948677182197571,0.48486328125,1.0200365781784058,1.021592140197754
96200,1,enc,9.72415542602539,0.3765638768672943,0.29541015625,1.098454475402832,1.0431311130523682
96200,2,enc,17.24123764038086,0.9958686828613281,0.6865234375,1.36025071144104,1.36025071144104
96200,0,fcst,7.548604965209961,0.7574778199195862,0.5986328125,6.139782428741455,7.423492431640625
96200,1,fcst,7.199466705322266,0.4361691474914551,0.1279296875,7.885753154754639,8.02733325958252
96200,2,fcst,4.035151481628418,0.5356376767158508,0.295166015625,8.204776763916016,8.726966857910156
96200,0,enc,5.600172996520996,0.894649088382721,0.348388671875,1.0179425477981567,1.0228444337844849
96200,1,enc,9.705018997192383,0.37701305747032166,0.251708984375,1.066901683807373,0.9403742551803589
96200,2,enc,17.205183029174805,0.7722419500350952,0.62744140625,1.3398127555847168,1.2760920524597168
96400,0,enc,5.514837265014648,0.986849844455719,0.45068359375,0.9857335090637207,0.990805983543396
96400,1,enc,9.718442916870117,0.3766513168811798,0.307373046875,1.329413890838623,1.3071773052215576
96400,2,enc,17.17148208618164,0.7989804744720459,0.72998046875,1.5026191473007202,1.3216716051101685
96400,0,fcst,7.54746675491333,0.7957153916358948,0.58056640625,6.151841640472412,7.868389129638672
96400,1,fcst,7.099432945251465,0.45415982604026794,0.1534423828125,8.20213794708252,8.639617919921875
96400,2,fcst,3.8377532958984375,0.5615657567977905,0.33056640625,8.869980812072754,9.01198959350586
96400,0,enc,5.544912338256836,0.9839033484458923,0.422119140625,0.9984113574028015,0.9996492266654968
96400,1,enc,9.792933464050293,0.37086549401283264,0.248046875,1.1404505968093872,0.992188572883606
96400,2,enc,17.175426483154297,0.7478265166282654,0.7353515625,1.259490728378296,1.222503423690796
96600,0,enc,5.373105049133301,0.9429978132247925,0.412841796875,0.9767630100250244,0.9767630100250244
96600,1,enc,9.745070457458496,0.35109472274780273,0.38818359375,1.2024493217468262,1.0334255695343018
96600,2,enc,17.361074447631836,0.8717639446258545,0.69140625,1.4665093421936035,1.3766520023345947
96600,0,fcst,7.588887691497803,0.8235527873039246,0.60791015625,6.111191749572754,7.513401508331299
96600,1,fcst,7.040014743804932,0.5130605697631836,0.125244140625,8.069734573364258,8.272371292114258
96600,2,fcst,4.034213066101074,0.5816172957420349,0.321044921875,8.304548263549805,8.559714317321777
96600,0,enc,5.440780162811279,0.9520987272262573,0.37646484375,0.9889823198318481,0.9926482439041138
96600,1,enc,9.74093246459961,0.353119432926178,0.266357421875,1.1329388618469238,1.0433639287948608
96600,2,enc,17.317419052124023,0.7692774534225464,0.63671875,1.1922334432601929,1.1250337362289429
96800,0,enc,5.365245342254639,0.9634520411491394,0.4521484375,0.9671702980995178,0.9845016598701477
96800,1,enc,9.528680801391602,0.39397841691970825,0.285888671875,1.0910038948059082,1.2119213342666626
96800,2,enc,17.26460075378418,0.7448084354400635,0.71630859375,1.5795899629592896,1.5117663145065308
96800,0,fcst,7.4716901779174805,0.9235163927078247,0.61279296875,6.799735069274902,8.751298904418945
96800,1,fcst,6.977006912231445,0.4328034818172455,0.11846923828125,9.416016578674316,9.662055969238281
96800,2,fcst,3.9390485286712646,0.5809733867645264,0.34375,9.243895530700684,9.548528671264648
96800,0,enc,5.361017227172852,0.9642025232315063,0.4140625,0.9698598384857178,0.9707634449005127
96800,1,enc,9.504647254943848,0.40533772110939026,0.2498779296875,1.0509252548217773,1.077131748199463
96800,2,enc,17.263425827026367,0.8691149950027466,0.697265625,1.5026228427886963,1.4020369052886963
97000,0,enc,5.319207191467285,0.9500226974487305,0.421630859375,0.9664984941482544,0.9649513959884644
97000,1,enc,9.637110710144043,0.3603918254375458,0.306640625,1.0899913311004639,1.0030419826507568
97000,2,enc,17.131099700927734,0.7976574897766113,0.7021484375,1.573987364768982,1.6036063432693481
97000,0,fcst,7.493206024169922,0.7855375409126282,0.6318359375,6.147012710571289,7.148319244384766
97000,1,fcst,6.843888282775879,0.4123845100402832,0.123291015625,8.333149909973145,9.13447380065918
97000,2,fcst,3.8797786235809326,0.5847049355506897,0.355712890625,9.148727416992188,9.401820182800293
97000,0,enc,5.34736967086792,0.9514381885528564,0.375244140625,0.9738646149635315,0.9736654162406921
97000,1,enc,9.559565544128418,0.3645501434803009,0.254150390625,1.1350220441818237,1.013242483139038
97000,2,enc,17.131818771362305,0.7578044533729553,0.73876953125,1.2498880624771118,1.1816507577896118
97200,0,enc,5.516209602355957,0.9448373317718506,0.427490234375,0.946359395980835,0.9498476982116699
97200,1,enc,9.702714920043945,0.3898085355758667,0.2998046875,1.2365785837173462,1.0663464069366455
97200,2,enc,17.236093521118164,0.7935555577278137,0.66259765625,1.4298782348632812,1.4274308681488037
97200,0,fcst,7.5261054039001465,0.7669320106506348,0.59765625,5.963686943054199,7.552228927612305
97200,1,fcst,6.906594276428223,0.4343043565750122,0.11773681640625,8.656988143920898,8.937207221984863
97200,2,fcst,3.825409173965454,0.6428883075714111,0.390380859375,9.040914535522461,9.615458488464355
97200,0,enc,5.5645880699157715,0.9472749829292297,0.376708984375,0.962019145488739,0.9651147723197937
97200,1,enc,9.547148704528809,0.3895757496356964,0.25927734375,1.1549057960510254,1.0146809816360474
97200,2,enc,17.188465118408203,0.7082908153533936,0.60009765625,1.38748037815094,1.30813467502594
97400,0,enc,5.498977184295654,0.9133954644203186,0.432373046875,0.957320511341095,0.9549511671066284
97400,1,enc,9.741365432739258,0.40033990144729614,0.32470703125,1.1071505546569824,1.1171221733093262
97400,2,enc,17.216773986816406,0.7824615240097046,0.720703125,1.5155677795410156,1.4925100803375244
97400,0,fcst,7.479786396026611,0.7392460107803345,0.66796875,6.249813556671143,7.306158065795898
97400,1,fcst,6.750056266784668,0.41527503728866577,0.1312255859375,8.593010902404785,8.96844482421875
97400,2,fcst,3.80257248878479,0.5935493111610413,0.378662109375,9.115918159484863,9.71036434173584
97400,0,enc,5.495125770568848,0.914946436882019,0.383056640625,0.9558305740356445,0.9511308670043945
97400,1,enc,9.48344898223877,0.3990420997142792,0.291015625,1.147706151008606,1.1430130004882812
97400,2,enc,17.264209747314453,0.6983049511909485,0.60595703125,1.3170652389526367,1.2989377975463867
97600,0,enc,5.449604511260986,0.8881675601005554,0.43115234375,0.9520782828330994,0.9654227495193481
97600,1,enc,9.3729829788208,0.3940536677837372,0.309814453125,1.2705166339874268,1.1958409547805786
97600,2,enc,17.129758834838867,0.7431607842445374,0.70263671875,1.52347731590271,1.5199168920516968
97600,0,fcst,7.391132831573486,0.8109831809997559,0.5712890625,5.891664981842041,7.730034828186035
97600,1,fcst,6.8993425369262695,0.38358229398727417,0.1363525390625,8.972053527832031,9.224331855773926
97600,2,fcst,3.8545989990234375,0.6039693355560303,0.34521484375,9.26584243774414,9.386013984680176
97600,0,enc,5.454935073852539,0.8916757702827454,0.38623046875,0.9561675190925598,0.95515376329422
97600,1,enc,9.50706672668457,0.39090049266815186,0.271484375,1.0511302947998047,0.9590771794319153
97600,2,enc,17.129051208496094,0.7139695882797241,0.638671875,1.2266255617141724,1.2929097414016724
97800,0,enc,5.767641544342041,0.8764273524284363,0.43017578125,0.9210101962089539,0.9965649247169495
97800,1,enc,9.195260047912598,0.3969116508960724,0.3271484375,1.221269130706787,1.1579874753952026
97800,2,enc,16.944284439086914,0.7538277506828308,0.69970703125,1.6242542266845703,1.6189390420913696
97800,0,fcst,7.389840126037598,0.7599448561668396,0.58056640625,6.4398040771484375,7.401521682739258
97800,1,fcst,6.912065505981445,0.41375622153282166,0.130615234375,8.165916442871094,8.648229598999023
97800,2,fcst,4.03774881362915,0.5943442583084106,0.35888671875,8.646568298339844,9.105913162231445
97800,0,enc,5.699650287628174,0.8765605092048645,0.38671875,0.931383490562439,0.9755721688270569
97800,1,enc,9.153669357299805,0.4118902385234833,0.278076171875,1.1470731496810913,1.0360727310180664
97800,2,enc,17.002490997314453,0.7856037020683289,0.78662109375,1.3585695028305054,1.3413575887680054
98000,0,enc,5.764524936676025,0.8890300393104553,0.453369140625,0.9512031078338623,1.0406534671783447
98000,1,enc,9.030508041381836,0.40172088146209717,0.2998046875,1.1388795375823975,1.1590012311935425
98000,2,enc,17.180091857910156,0.802199125289917,0.68701171875,1.5163408517837524,1.506693959236145
98000,0,fcst,7.441202163696289,0.7702732086181641,0.5810546875,6.48082160949707,7.835533618927002
98000,1,fcst,6.916015625,0.45915400981903076,0.15869140625,8.414074897766113,8.906153678894043
98000,2,fcst,3.9625141620635986,0.6810368299484253,0.366943359375,8.89962100982666,8.89962100982666
98000,0,enc,5.788290500640869,0.8893935680389404,0.41455078125,0.9427287578582764,0.9441344738006592
98000,1,enc,8.949542045593262,0.40461766719818115,0.2509765625,1.1402623653411865,1.0485241413116455
98000,2,enc,17.181116104125977,1.064592719078064,0.7841796875,1.4006363153457642,1.3270279169082642
98200,0,enc,5.794130325317383,0.8889913558959961,0.445068359375,0.961395263671875,0.961395263671875
98200,1,enc,9.1295166015625,0.41518473625183105,0.3349609375,1.0811316967010498,1.0660284757614136
98200,2,enc,16.98952293395996,0.7911374568939209,0.74951171875,1.8485019207000732,1.8864115476608276
98200,0,fcst,7.364045143127441,0.8661981821060181,0.6513671875,6.051643371582031,7.521862030029297
98200,1,fcst,6.976040363311768,0.461622029542923,0.1224365234375,8.580835342407227,8.976072311401367
98200,2,fcst,4.0204339027404785,0.6166747808456421,0.340087890625,8.888711929321289,9.320027351379395
98200,0,enc,5.818775653839111,0.8900712728500366,0.40771484375,0.9643086791038513,0.9638420939445496
98200,1,enc,9.198184967041016,0.41611960530281067,0.27392578125,1.0746406316757202,1.0965791940689087
98200,2,enc,16.98505973815918,0.8074101805686951,0.67919921875,1.442550778388977,1.495254635810852
98400,0,enc,5.799916744232178,0.8817980289459229,0.3994140625,0.9254381656646729,0.9156470894813538
98400,1,enc,9.08250904083252,0.4147186279296875,0.3642578125,1.1227284669876099,1.1402076482772827
98400,2,enc,16.977210998535156,0.7804904580116272,0.74462890625,1.3990689516067505,1.366042137145996
98400,0,fcst,7.2528839111328125,0.9002086520195007,0.60107421875,6.193086624145508,7.388377666473389
98400,1,fcst,7.089933395385742,0.42439958453178406,0.1304931640625,8.603652000427246,8.948975563049316
98400,2,fcst,3.681171417236328,0.5847035646438599,0.369873046875,8.947673797607422,9.155147552490234
98400,0,enc,5.732438564300537,0.8825914859771729,0.370849609375,0.9114478230476379,0.9095602631568909
98400,1,enc,9.02008056640625,0.4150085151195526,0.280517578125,1.003309965133667,0.9696730375289917
98400,2,enc,16.949655532836914,0.8653969764709473,0.6201171875,1.3589346408843994,1.2860239744186401
98600,0,enc,5.990058898925781,0.8758794069290161,0.396728515625,0.9381300806999207,0.941476047039032
98600,1,enc,8.568159103393555,0.4054948091506958,0.32275390625,1.107176661491394,1.1161344051361084
98600,2,enc,16.97568702697754,0.9100286960601807,0.72216796875,1.709542989730835,1.6019176244735718
98600,0,fcst,7.205796718597412,0.8469007015228271,0.7255859375,6.457615852355957,7.799403190612793
98600,1,fcst,7.061845302581787,0.4396882951259613,0.155517578125,9.057417869567871,9.182276725769043
98600,2,fcst,4.022917747497559,0.6320051550865173,0.341064453125,9.127930641174316,9.507976531982422
98600,0,enc,6.005382061004639,0.8728590607643127,0.360107421875,0.9562439918518066,1.0151734352111816
98600,1,enc,8.470033645629883,0.40524816513061523,0.263671875,1.0673108100891113,1.022436499595642
98600,2,enc,16.985191345214844,0.8029764890670776,0.6181640625,1.4387925863265991,1.3170884847640991
98800,0,enc,5.921087741851807,0.8516789674758911,0.398681640625,0.9140962362289429,0.9516233205795288
98800,1,enc,8.703547477722168,0.38520851731300354,0.355224609375,1.115625262260437,1.2113866806030273
98800,2,enc,17.008563995361328,0.754199743270874,0.7041015625,1.4537512063980103,1.3911901712417603
98800,0,fcst,7.2728352546691895,0.8785691261291504,0.576171875,5.994167327880859,7.889242172241211
98800,1,fcst,6.923338413238525,0.45234814286231995,0.1268310546875,8.22716999053955,8.517965316772461
98800,2,fcst,3.6995582580566406,0.5850206017494202,0.338134765625,8.512418746948242,8.918848991394043
98800,0,enc,5.988767147064209,0.8556511402130127,0.362060546875,0.9019241333007812,0.9377580881118774
98800,1,enc,8.764507293701172,0.395549476146698,0.280029296875,1.3107914924621582,1.0204768180847168
98800,2,enc,16.975833892822266,0.6975111961364746,0.66552734375,1.190144419670105,1.137410044670105
99000,0,enc,5.971240043640137,0.8228846192359924,0.39111328125,1.0337847471237183,1.0997366905212402
99000,1,enc,8.549498558044434,0.39273393154144287,0.3134765625,1.1288249492645264,1.1557384729385376
99000,2,enc,17.054256439208984,0.7577210664749146,0.77197265625,1.737850308418274,1.659386157989502
99000,0,fcst,7.200987339019775,0.8364921808242798,0.61669921875,6.246349334716797,7.7167277336120605
99000,1,fcst,6.820565700531006,0.44374966621398926,0.1187744140625,8.23572063446045,8.594874382019043
99000,2,fcst,3.9126780033111572,0.4968808591365814,0.375244140625,8.536545753479004,9.384561538696289
99000,0,enc,6.0072245597839355,0.8234726190567017,0.340087890625,1.0255085229873657,1.095625400543213
99000,1,enc,8.478641510009766,0.38963842391967773,0.2509765625,1.084614634513855,1.132710337638855
99000,2,enc,17.073877334594727,0.9672232866287231,0.6982421875,1.3375495672225952,1.3328269720077515
99200,0,enc,5.916288375854492,0.8231346011161804,0.392822265625,0.9593092203140259,0.9513958692550659
99200,1,enc,8.67724323272705,0.40799596905708313,0.334716796875,1.189179539680481,1.1404143571853638
99200,2,enc,17.104894638061523,0.9957374930381775,0.71435546875,1.684230923652649,1.5992563962936401
99200,0,fcst,7.292682647705078,0.8026949763298035,0.56494140625,5.797152996063232,7.798470497131348
99200,1,fcst,6.722957611083984,0.41230064630508423,0.122314453125,8.625849723815918,8.746914863586426
99200,2,fcst,3.829714059829712,0.5810134410858154,0.359619140625,8.73709487915039,9.25223159790039
99200,0,enc,6.0323805809021,0.826343834400177,0.352783203125,0.9648124575614929,0.9599716067314148
99200,1,enc,8.52446174621582,0.4074813425540924,0.2744140625,1.057342529296875,1.167022705078125
99200,2,enc,17.06731414794922,0.7216393351554871,0.64453125,1.4539299011230469,1.3820915222167969
99400,0,enc,5.8456010818481445,0.8113663196563721,0.392333984375,0.9298385381698608,0.9741151928901672
99400,1,enc,8.325618743896484,0.3926587998867035,0.34521484375,1.338466763496399,1.338466763496399
99400,2,enc,17.198951721191406,0.8984100818634033,0.73291015625,1.7019875049591064,1.6309832334518433
99400,0,fcst,7.102397918701172,0.8869711756706238,0.634765625,6.2544660568237305,8.269351959228516
99400,1,fcst,6.599060535430908,0.3861862123012543,0.1368408203125,8.810355186462402,8.89364242553711
99400,2,fcst,3.862893581390381,0.5812211632728577,0.361572265625,8.826266288757324,8.98916244506836
99400,0,enc,5.83482027053833,0.8102196455001831,0.29638671875,0.946464478969574,0.9521176218986511
99400,1,enc,8.483537673950195,0.39623358845710754,0.28271484375,1.160744071006775,1.0974751710891724
99400,2,enc,17.185068130493164,0.7617088556289673,0.62255859375,1.5257179737091064,1.462812066078186
99600,0,enc,5.614199161529541,0.7813440561294556,0.386474609375,0.9314570426940918,0.9723901748657227
99600,1,enc,8.325423240661621,0.36747533082962036,0.33740234375,1.1773509979248047,1.1773509979248047
99600,2,enc,17.10402488708496,0.7765350937843323,0.7607421875,1.7266961336135864,1.6982131004333496
99600,0,fcst,7.154722690582275,0.8543440103530884,0.59130859375,6.284196853637695,8.167877197265625
99600,1,fcst,6.473475456237793,0.39204779267311096,0.1302490234375,8.75757122039795,9.14439868927002
99600,2,fcst,3.84637451171875,0.6018357872962952,0.39697265625,9.14439868927002,9.412275314331055
99600,0,enc,5.686960697174072,0.7832633256912231,0.2861328125,0.9295151829719543,0.9419603943824768
99600,1,enc,8.382794380187988,0.3843737244606018,0.29345703125,1.1156423091888428,1.0256667137145996
99600,2,enc,17.114025115966797,0.7147204875946045,0.79150390625,1.535982370376587,1.503053903579712
99800,0,enc,5.5254597663879395,0.7736464142799377,0.350830078125,0.9311023354530334,0.9414097666740417
99800,1,enc,8.650245666503906,0.3851877450942993,0.4091796875,1.0748733282089233,1.0522969961166382
99800,2,enc,17.019916534423828,0.7639135718345642,0.93115234375,1.6071799993515015,1.6092196702957153
99800,0,fcst,7.239538192749023,0.7964518666267395,0.578125,6.499115467071533,8.44030475616455
99800,1,fcst,6.490049362182617,0.4050281345844269,0.1671142578125,9.025413513183594,9.465137481689453
99800,2,fcst,3.7361764907836914,0.5544445514678955,0.36376953125,9.465137481689453,9.509760856628418
99800,0,enc,5.491755485534668,0.7699698805809021,0.30029296875,0.9245381355285645,0.9243378043174744
99800,1,enc,8.66711711883545,0.381032258272171,0.31298828125,1.0319589376449585,1.0030912160873413
99800,2,enc,17.002689361572266,0.7492779493331909,0.73779296875,1.3354284763336182,1.3667242527008057
100000,0,enc,5.307347774505615,0.7805519700050354,0.39501953125,0.9821357131004333,0.9884241819381714
100000,1,enc,8.039684295654297,0.3992065489292145,0.35693359375,1.1606743335723877,1.176891565322876
100000,2,enc,17.19572639465332,0.7892614603042603,0.8623046875,1.7101893424987793,1.6623106002807617
100000,0,fcst,7.2235002517700195,0.8159329295158386,0.59912109375,6.343954563140869,7.440016746520996
100000,1,fcst,6.561236381530762,0.411644846200943,0.136474609375,8.79831600189209,9.114885330200195
100000,2,fcst,3.8251824378967285,0.6150954961776733,0.367919921875,9.111156463623047,9.398157119750977
100000,0,enc,5.336889743804932,0.7835025191307068,0.32373046875,0.9864398241043091,0.9866824150085449
100000,1,enc,8.3663330078125,0.40726709365844727,0.31005859375,1.1917262077331543,1.0969765186309814
100000,2,enc,17.13444709777832,0.7183116674423218,0.66015625,1.3821046352386475,1.3202455043792725
100200,0,enc,5.332490921020508,0.7723512053489685,0.35546875,0.9873324632644653,0.9955552816390991
100200,1,enc,8.259549140930176,0.38903599977493286,0.357666015625,1.055586814880371,1.0587108135223389
100200,2,enc,17.144638061523438,0.8328326344490051,0.72314453125,1.5829737186431885,1.5601024627685547
100200,0,fcst,7.199598789215088,0.7873073816299438,0.611328125,6.100228309631348,7.844399929046631
100200,1,fcst,6.482418537139893,0.4366946518421173,0.16015625,8.680356979370117,8.828604698181152
100200,2,fcst,3.5803463459014893,0.5954597592353821,0.4462890625,8.828604698181152,8.877847671508789
100200,0,enc,5.3475470542907715,0.7769072651863098,0.30615234375,0.9842963218688965,0.987951397895813
100200,1,enc,8.053709030151367,0.39538854360580444,0.3037109375,1.0781199932098389,0.9890924692153931
100200,2,enc,17.14409637451172,0.6704594492912292,0.62890625,1.4850435256958008,1.5060396194458008
100400,0,enc,5.534055233001709,0.7490345239639282,0.34326171875,0.9400986433029175,0.9345970153808594
100400,1,enc,8.119746208190918,0.40971827507019043,0.374267578125,1.2117228507995605,1.1044859886169434
100400,2,enc,17.0269775390625,1.0523432493209839,0.70947265625,1.5283372402191162,1.607208251953125
100400,0,fcst,7.193280220031738,0.7559096813201904,0.615234375,6.685523986816406,7.573301315307617
100400,1,fcst,6.619534492492676,0.4070134162902832,0.16796875,8.30064582824707,8.907506942749023
100400,2,fcst,3.750230312347412,0.5853871703147888,0.416015625,8.906755447387695,9.6066255569458
100400,0,enc,5.45550537109375,0.7516398429870605,0.3095703125,0.9311186671257019,0.9298014044761658
100400,1,enc,8.196731567382812,0.407400906085968,0.289794921875,1.1408942937850952,1.0622894763946533
100400,2,enc,17.06124496459961,0.7233237624168396,0.68310546875,1.3454946279525757,1.2964528799057007
100600,0,enc,5.602662563323975,0.743765115737915,0.414794921875,0.9585433602333069,0.9585433602333069
100600,1,enc,8.345969200134277,0.3874446153640747,0.3623046875,1.0766589641571045,1.1726610660552979
100600,2,enc,17.091875076293945,0.8156517744064331,0.77392578125,1.566173791885376,1.590206265449524
100600,0,fcst,7.182721138000488,0.726233959197998,0.56884765625,6.277448654174805,7.444204807281494
100600,1,fcst,6.708954811096191,0.39673492312431335,0.16845703125,8.479314804077148,8.845254898071289
100600,2,fcst,3.958211660385132,0.5927066206932068,0.4091796875,8.85240364074707,8.756375312805176
100600,0,enc,5.569920539855957,0.7417413592338562,0.358154296875,0.9549584984779358,0.9546683430671692
100600,1,enc,8.221217155456543,0.3911387622356415,0.297607421875,1.1081020832061768,1.0929818153381348
100600,2,enc,17.125757217407227,0.7015893459320068,0.66064453125,1.2734252214431763,1.2705470323562622
100800,0,enc,5.613694190979004,0.761456310749054,0.53759765625,0.9220969080924988,0.9189243316650391
100800,1,enc,8.128385543823242,0.4022168219089508,0.362548828125,1.1334930658340454,1.2324987649917603
100800,2,enc,17.187824249267578,0.8390557765960693,0.814453125,1.5173944234848022,1.4109219312667847
100800,0,fcst,7.230257511138916,0.7640742063522339,0.609375,6.713446617126465,8.23672103881836
100800,1,fcst,6.695220470428467,0.41965240240097046,0.163818359375,8.916668891906738,9.225642204284668
100800,2,fcst,3.8050336837768555,0.574315071105957,0.383544921875,9.28426456451416,9.449466705322266
100800,0,enc,5.624885559082031,0.7592909932136536,0.432861328125,0.914842426776886,0.9132803082466125
100800,1,enc,8.228476524353027,0.4055635631084442,0.316162109375,0.9249695539474487,0.9906581044197083
100800,2,enc,17.158384323120117,0.7835848331451416,0.8486328125,1.404895544052124,1.342398762702942
101000,0,enc,5.473231315612793,0.7413372993469238,0.498779296875,0.8913028836250305,0.9503558874130249
101000,1,enc,7.5085883140563965,0.4300681948661804,0.3408203125,1.229295253753662,1.1264402866363525
101000,2,enc,17.483064651489258,0.8287466168403625,0.806640625,1.5534467697143555,1.5534467697143555
101000,0,fcst,7.471250534057617,0.7342795133590698,0.64013671875,6.417137622833252,7.937042236328125
101000,1,fcst,6.6357879638671875,0.4174443781375885,0.143798828125,8.75041675567627,9.41447925567627
101000,2,fcst,3.6522374153137207,0.5418906211853027,0.371826171875,9.237013816833496,9.558194160461426
101000,0,enc,5.471168518066406,0.7447446584701538,0.43896484375,0.8871338367462158,0.8925110101699829
101000,1,enc,7.884337902069092,0.42295098304748535,0.286376953125,1.2105236053466797,1.052938461303711
101000,2,enc,17.464391708374023,0.7913019061088562,0.669921875,1.3172916173934937,1.30268132686615
101200,0,enc,5.5182342529296875,0.7528635859489441,0.52001953125,0.9126945734024048,0.9117869734764099
101200,1,enc,7.816993236541748,0.4151672124862671,0.3984375,1.198687195777893,1.233332872390747
101200,2,enc,17.49597930908203,1.1376769542694092,0.72998046875,1.7865500450134277,1.6914708614349365
101200,0,fcst,7.342127799987793,0.7844281792640686,0.599609375,6.212742328643799,7.5318522453308105
101200,1,fcst,6.544441223144531,0.37748318910598755,0.14599609375,8.707293510437012,9.242329597473145
101200,2,fcst,3.6033623218536377,0.5175531506538391,0.39501953125,9.240936279296875,9.50053882598877
101200,0,enc,5.464878082275391,0.7548468112945557,0.477294921875,0.9199914336204529,0.9232358336448669
101200,1,enc,7.823668003082275,0.415083646774292,0.306396484375,1.088274359703064,1.0776784420013428
101200,2,enc,17.484092712402344,0.6935691833496094,0.67529296875,1.4029208421707153,1.4272433519363403
101400,0,enc,5.425809383392334,0.7519540190696716,0.5380859375,0.9044305086135864,0.9125651121139526
101400,1,enc,8.148687362670898,0.44497013092041016,0.339111328125,1.2453373670578003,1.1303890943527222
101400,2,enc,17.302963256835938,0.839081883430481,0.763671875,1.3838540315628052,1.3231579065322876
101400,0,fcst,7.370854377746582,0.780360996723175,0.61669921875,6.396897792816162,7.026804447174072
101400,1,fcst,6.480514049530029,0.47020694613456726,0.1416015625,8.326286315917969,8.653705596923828
101400,2,fcst,3.864468812942505,0.5638783574104309,0.492919921875,8.716602325439453,9.039166450500488
101400,0,enc,5.4723029136657715,0.7496956586837769,0.475341796875,0.9040772318840027,0.904582679271698
101400,1,enc,7.96343994140625,0.4435741603374481,0.2880859375,0.9993107318878174,1.0618717670440674
101400,2,enc,17.261343002319336,0.757902979850769,0.681640625,1.3118853569030762,1.3618121147155762
101600,0,enc,5.437733173370361,0.7505425214767456,0.541015625,0.9355506896972656,0.9374940395355225
101600,1,enc,8.166766166687012,0.4421025514602661,0.38525390625,1.2060908079147339,1.1487339735031128
101600,2,enc,17.34739875793457,0.8620359301567078,0.74755859375,1.4509460926055908,1.4509460926055908
101600,0,fcst,7.4288763999938965,0.8898865580558777,0.6259765625,6.250974655151367,7.785595893859863
101600,1,fcst,6.41624116897583,0.4550063908100128,0.17431640625,8.773144721984863,9.298318862915039
101600,2,fcst,3.6364071369171143,0.5748810768127441,0.416015625,9.244222640991211,9.834500312805176
101600,0,enc,5.438779830932617,0.7492881417274475,0.477294921875,0.9401519298553467,0.9731332659721375
101600,1,enc,8.216947555541992,0.43754807114601135,0.299072265625,1.152595043182373,1.1308510303497314
101600,2,enc,17.363462448120117,0.7156743407249451,0.64794921875,1.3344247341156006,1.315061330795288
101800,0,enc,5.397708415985107,0.7460675835609436,0.52490234375,0.9491325616836548,1.0185662508010864
101800,1,enc,7.9960036277771,0.42768409848213196,0.352783203125,1.2213363647460938,1.319806456565857
101800,2,enc,17.432863235473633,1.040535569190979,0.78466796875,1.371610164642334,1.365833044052124
101800,0,fcst,7.415077209472656,0.8393681049346924,0.79345703125,6.715339183807373,8.039725303649902
101800,1,fcst,6.426939010620117,0.4868074059486389,0.1409912109375,8.95466423034668,9.526495933532715
101800,2,fcst,3.5543808937072754,0.5391908288002014,0.420654296875,9.503669738769531,9.900262832641602
101800,0,enc,5.413309574127197,0.7497866749763489,0.486572265625,0.9477686285972595,1.015299916267395
101800,1,enc,8.26032543182373,0.4374566674232483,0.313720703125,1.1593691110610962,1.142296314239502
101800,2,enc,17.406511306762695,0.7777796983718872,0.75732421875,1.2401082515716553,1.3035237789154053
102000,0,enc,5.29905891418457,0.7279031872749329,0.498046875,0.932124674320221,0.9339416027069092
102000,1,enc,8.419663429260254,0.42737770080566406,0.356201171875,1.1226294040679932,1.1551411151885986
102000,2,enc,17.442840576171875,0.9982777237892151,0.81689453125,1.687848687171936,1.687848687171936
102000,0,fcst,7.465747833251953,0.8231823444366455,0.61865234375,6.446963787078857,7.53523588180542
102000,1,fcst,6.512056350708008,0.4445728361606598,0.14892578125,8.484417915344238,8.993438720703125
102000,2,fcst,3.445335865020752,0.5185163617134094,0.446533203125,8.992286682128906,9.290989875793457
102000,0,enc,5.302825450897217,0.7284178733825684,0.452880859375,0.9255238771438599,0.9227639436721802
102000,1,enc,8.081461906433105,0.4271324872970581,0.306640625,1.1247870922088623,1.1871345043182373
102000,2,enc,17.50367546081543,0.8718010783195496,0.69921875,1.272263526916504,1.3083314895629883
102200,0,enc,5.3968892097473145,0.7245367765426636,0.496337890625,0.9377090930938721,0.9410363435745239
102200,1,enc,8.352435111999512,0.4352206289768219,0.41357421875,1.2448055744171143,1.2998050451278687
102200,2,enc,17.4427433013916,0.8164470195770264,0.77392578125,1.5883010625839233,1.5218827724456787
102200,0,fcst,7.533425331115723,0.8842887878417969,0.65771484375,6.246073246002197,8.097286224365234
102200,1,fcst,6.412698745727539,0.48028671741485596,0.164306640625,9.825804710388184,10.272039413452148
102200,2,fcst,3.6131949424743652,0.5625832676887512,0.402099609375,10.27780532836914,10.298980712890625
102200,0,enc,5.413518905639648,0.7216968536376953,0.4423828125,0.9362784624099731,0.937048077583313
102200,1,enc,8.173554420471191,0.4354742169380188,0.34765625,1.1903326511383057,1.2380011081695557
102200,2,enc,17.46885108947754,0.8394383192062378,0.72705078125,1.3178850412368774,1.3023210763931274
102400,0,enc,5.435046195983887,0.6866854429244995,0.405517578125,0.911632776260376,0.9982025027275085
102400,1,enc,8.20893669128418,0.45536336302757263,0.409423828125,1.261122465133667,1.1419376134872437
102400,2,enc,17.36375617980957,0.8651207089424133,0.81591796875,1.5838780403137207,1.4572484493255615
102400,0,fcst,7.395619869232178,0.782606840133667,0.6083984375,6.3680033683776855,7.595418930053711
102400,1,fcst,6.337585926055908,0.4443824589252472,0.1793212890625,8.361711502075195,8.955244064331055
102400,2,fcst,3.4885361194610596,0.5468180775642395,0.367919921875,8.998978614807129,9.454672813415527
102400,0,enc,5.435526371002197,0.6908829808235168,0.365966796875,0.907473623752594,0.9292140007019043
102400,1,enc,8.363641738891602,0.4550400376319885,0.35498046875,1.2607221603393555,1.0493093729019165
102400,2,enc,17.3237361907959,0.7599115967750549,0.70654296875,1.2175114154815674,1.2187578678131104
102600,0,enc,5.428586006164551,0.6702591180801392,0.448486328125,0.9064480662345886,0.9556164741516113
102600,1,enc,8.126520156860352,0.4545097053050995,0.42626953125,1.2251429557800293,1.304794192314148
102600,2,enc,17.406261444091797,0.9195777177810669,0.787109375,1.5988917350769043,1.6633358001708984
102600,0,fcst,7.450068473815918,0.8092763423919678,0.7744140625,6.351861476898193,7.922170639038086
102600,1,fcst,6.490640163421631,0.46312904357910156,0.1494140625,8.298656463623047,8.621735572814941
102600,2,fcst,3.652092218399048,0.5147488117218018,0.389404296875,8.648833274841309,8.965538024902344
102600,0,enc,5.430531978607178,0.6691655516624451,0.37646484375,0.9075067043304443,0.9083435535430908
102600,1,enc,8.146540641784668,0.4567868113517761,0.368896484375,1.2023605108261108,1.0369482040405273
102600,2,enc,17.39369010925293,0.873184859752655,0.67529296875,1.2419464588165283,1.240165114402771
102800,0,enc,5.406390190124512,0.6573995351791382,0.398681640625,0.9466765522956848,1.0144391059875488
102800,1,enc,7.925599575042725,0.46402448415756226,0.443115234375,1.2872650623321533,1.1823577880859375
102800,2,enc,17.586183547973633,1.0878081321716309,0.6982421875,1.6154121160507202,1.6154121160507202
102800,0,fcst,7.415663719177246,0.7799731492996216,0.62158203125,6.402441501617432,8.926036834716797
102800,1,fcst,6.456137657165527,0.4651276469230652,0.17333984375,8.955137252807617,9.351730346679688
102800,2,fcst,3.52612566947937,0.5208633542060852,0.3916015625,9.353438377380371,9.752123832702637
102800,0,enc,5.418718338012695,0.6557342410087585,0.348388671875,0.9328972697257996,0.9334896206855774
102800,1,enc,7.686069965362549,0.46319520473480225,0.37548828125,1.2369425296783447,1.0462316274642944
102800,2,enc,17.608230590820312,0.8385347127914429,0.72021484375,1.5432008504867554,1.5300859212875366
103000,0,enc,5.49437141418457,0.6838954091072083,0.4443359375,1.0187482833862305,1.0492979288101196
103000,1,enc,7.6490797996521,0.4581509232521057,0.463623046875,1.3661129474639893,1.139987826347351
103000,2,enc,17.761056900024414,0.9480655789375305,0.71533203125,1.464911937713623,1.4802300930023193
103000,0,fcst,7.387416362762451,0.788888156414032,0.66845703125,6.793913841247559,7.541743755340576
103000,1,fcst,6.433168888092041,0.5011911988258362,0.236083984375,8.44174575805664,8.410204887390137
103000,2,fcst,3.4410979747772217,0.550653338432312,0.434326171875,8.441253662109375,9.424394607543945
103000,0,enc,5.462554931640625,0.6811768412590027,0.378173828125,1.013548493385315,1.010933518409729
103000,1,enc,7.522883415222168,0.4573793113231659,0.36572265625,1.3201565742492676,1.0674254894256592
103000,2,enc,17.710472106933594,0.7669366598129272,0.69384765625,1.4045569896697998,1.393669843673706
103200,0,enc,5.454745292663574,0.6888603568077087,0.43994140625,1.0655912160873413,1.0942065715789795
103200,1,enc,7.5921125411987305,0.4544428586959839,0.433349609375,1.385132908821106,1.3159129619598389
103200,2,enc,18.015493392944336,1.0073695182800293,0.74609375,1.606486439704895,1.6783722639083862
103200,0,fcst,7.470881938934326,0.7589997053146362,0.63525390625,6.1334710121154785,7.780298233032227
103200,1,fcst,6.444005489349365,0.4568679928779602,0.2099609375,8.89779281616211,9.394211769104004
103200,2,fcst,3.6354010105133057,0.5329382419586182,0.417724609375,9.397370338439941,9.901927947998047
103200,0,enc,5.511183738708496,0.6892015337944031,0.39794921875,1.0717813968658447,1.0692648887634277
103200,1,enc,7.643259525299072,0.45526203513145447,0.373046875,1.3729907274246216,1.1057744026184082
103200,2,enc,18.014204025268555,0.8235445022583008,0.74072265625,1.3414864540100098,1.3038277626037598
103400,0,enc,5.386670112609863,0.7015990614891052,0.3916015625,1.02596914768219,1.0334932804107666
103400,1,enc,7.6380534172058105,0.4541011154651642,0.428955078125,1.3165597915649414,1.227567195892334
103400,2,enc,18.015281677246094,0.8250477910041809,0.724609375,1.4000325202941895,1.3817799091339111
103400,0,fcst,7.603808403015137,0.721940815448761,0.61376953125,6.4115071296691895,7.5366973876953125
103400,1,fcst,6.523672580718994,0.42645740509033203,0.1904296875,8.531440734863281,8.880290985107422
103400,2,fcst,3.4825387001037598,0.5050815939903259,0.404296875,8.851726531982422,9.350858688354492
103400,0,enc,5.375394344329834,0.7005915641784668,0.3505859375,1.0350981950759888,1.031046986579895
103400,1,enc,7.459109783172607,0.4519769549369812,0.370849609375,1.3058549165725708,1.0936517715454102
103400,2,enc,18.007274627685547,0.749045193195343,0.73291015625,1.4171162843704224,1.3010884523391724
103600,0,enc,5.488641262054443,0.6964983344078064,0.353759765625,1.0320857763290405,1.03188955783844
103600,1,enc,7.574434757232666,0.4516094923019409,0.41455078125,1.4084758758544922,1.3803730010986328
103600,2,enc,17.797683715820312,0.9661663770675659,0.7353515625,1.6234371662139893,1.5784600973129272
103600,0,fcst,7.428780555725098,0.7876925468444824,0.62060546875,6.365743637084961,7.366615295410156
103600,1,fcst,6.5449347496032715,0.4158945381641388,0.2073974609375,8.497668266296387,8.652860641479492
103600,2,fcst,3.5837960243225098,0.530552089214325,0.38916015625,8.650060653686523,8.981821060180664
103600,0,enc,5.490983963012695,0.6961504817008972,0.30859375,1.0346571207046509,1.0338718891143799
103600,1,enc,7.548109531402588,0.44936472177505493,0.35986328125,1.366548776626587,1.0368999242782593
103600,2,enc,17.771684646606445,0.7890685200691223,0.693359375,1.3775062561035156,1.3242835998535156
103800,0,enc,5.333130836486816,0.690048098564148,0.36181640625,1.0719364881515503,1.0685011148452759
103800,1,enc,7.9033989906311035,0.4408611059188843,0.39501953125,1.369511604309082,1.284644603729248
103800,2,enc,17.906089782714844,0.8389453291893005,0.72900390625,1.476485013961792,1.434716820716858
103800,0,fcst,7.424505710601807,0.6576151251792908,0.65087890625,6.168157577514648,7.668645858764648
103800,1,fcst,6.484287261962891,0.3999556005001068,0.232177734375,8.072063446044922,8.720392227172852
103800,2,fcst,3.381138563156128,0.5008240938186646,0.376708984375,8.72568130493164,8.852508544921875
103800,0,enc,5.3729681968688965,0.6894063353538513,0.31982421875,1.0757005214691162,1.0746161937713623
103800,1,enc,7.924615383148193,0.44145455956459045,0.33837890625,1.3508726358413696,1.046892523765564
103800,2,enc,17.8798885345459,0.7417030334472656,0.64892578125,1.3823026418685913,1.3559201955795288
104000,0,enc,5.067472457885742,0.6766675710678101,0.362060546875,1.0185431241989136,1.0219826698303223
104000,1,enc,7.815188884735107,0.4426763951778412,0.40380859375,1.3507561683654785,1.2854164838790894
104000,2,enc,17.743946075439453,0.8416016697883606,0.77783203125,1.6709011793136597,1.6709011793136597
104000,0,fcst,7.495162010192871,0.7627752423286438,0.77685546875,6.668068885803223,7.797731399536133
104000,1,fcst,6.425299644470215,0.4398588538169861,0.275390625,9.256377220153809,9.256377220153809
104000,2,fcst,3.3540327548980713,0.5430922508239746,0.421142578125,9.26724910736084,9.763668060302734
104000,0,enc,5.0754547119140625,0.6785388588905334,0.29833984375,1.0070933103561401,1.0080820322036743
104000,1,enc,7.522490978240967,0.4402177929878235,0.34423828125,1.3483083248138428,1.0751667022705078
104000,2,enc,17.74359893798828,0.8101277947425842,0.68017578125,1.3978208303451538,1.3628171682357788
104200,0,enc,5.034229278564453,0.6778531074523926,0.358154296875,1.0034303665161133,1.0034303665161133
104200,1,enc,7.841157913208008,0.44458869099617004,0.396728515625,1.2976157665252686,1.2301461696624756
104200,2,enc,17.84256935119629,0.8002678155899048,0.73046875,1.5213441848754883,1.5154017210006714
104200,0,fcst,7.536466121673584,0.6604940295219421,0.64453125,6.4228434562683105,7.664000511169434
104200,1,fcst,6.387491226196289,0.43472954630851746,0.283203125,8.873506546020508,9.353920936584473
104200,2,fcst,3.491969585418701,0.5078136920928955,0.43115234375,9.358519554138184,9.770303726196289
104200,0,enc,5.015572547912598,0.6794657707214355,0.30322265625,0.9967468976974487,0.9983500242233276
104200,1,enc,7.759173393249512,0.45216816663742065,0.334716796875,1.3985700607299805,1.0588109493255615
104200,2,enc,17.874488830566406,0.6914454102516174,0.666015625,1.3075662851333618,1.30648672580719
104400,0,enc,5.009850025177002,0.6694750189781189,0.3544921875,0.989507257938385,1.0662033557891846
104400,1,enc,7.902785301208496,0.4409034252166748,0.410888671875,1.2782915830612183,1.187209129333496
104400,2,enc,17.902677536010742,0.8048206567764282,0.7646484375,1.4975498914718628,1.5477778911590576
104400,0,fcst,7.6069841384887695,0.6960951089859009,0.64990234375,6.323763370513916,7.240563869476318
104400,1,fcst,6.4996867179870605,0.46463099122047424,0.2498779296875,8.84233283996582,9.508565902709961
104400,2,fcst,3.520326852798462,0.5801674127578735,0.4208984375,9.521369934082031,10.003412246704102
104400,0,enc,5.089932441711426,0.6661025285720825,0.3154296875,0.9846755862236023,0.9847941994667053
104400,1,enc,7.83368444442749,0.44013091921806335,0.338134765625,1.2434223890304565,1.0132687091827393
104400,2,enc,17.915395736694336,0.779105544090271,0.666015625,1.2775887250900269,1.279579997062683
104600,0,enc,5.148525714874268,0.6608632802963257,0.35302734375,1.0042940378189087,1.008299469947815
104600,1,enc,7.7588582038879395,0.4425286054611206,0.490234375,1.2165628671646118,1.1838014125823975
104600,2,enc,17.87028694152832,0.8555498123168945,0.685546875,1.5456550121307373,1.4409458637237549
104600,0,fcst,7.713659286499023,0.674828052520752,0.6689453125,7.042198657989502,7.8418731689453125
104600,1,fcst,6.441710948944092,0.4725089371204376,0.23974609375,8.258779525756836,8.723895072937012
104600,2,fcst,3.61171817779541,0.47981294989585876,0.362060546875,8.711570739746094,9.097042083740234
104600,0,enc,5.164841175079346,0.6604108810424805,0.2861328125,1.0016908645629883,1.001185417175293
104600,1,enc,7.873112678527832,0.4412064254283905,0.34765625,1.2645100355148315,1.064159870147705
104600,2,enc,17.890552520751953,0.6960341930389404,0.6513671875,1.3301031589508057,1.3116552829742432
104800,0,enc,5.283065319061279,0.6815782785415649,0.34814453125,0.950291097164154,0.986707329750061
104800,1,enc,7.734722137451172,0.45655256509780884,0.41845703125,1.5568426847457886,1.2421218156814575
104800,2,enc,17.9063720703125,0.9517250657081604,0.86474609375,1.596944808959961,1.4901542663574219
104800,0,fcst,7.791155815124512,0.6867711544036865,0.66162109375,6.648913860321045,7.672389030456543
104800,1,fcst,6.468963146209717,0.45162105560302734,0.2493896484375,8.444109916687012,8.761221885681152
104800,2,fcst,3.5044443607330322,0.525730311870575,0.38720703125,8.688739776611328,8.893275260925293
104800,0,enc,5.223379611968994,0.6821382641792297,0.310302734375,0.9507558941841125,0.949388325214386
104800,1,enc,7.702704429626465,0.4550415873527527,0.35791015625,1.3192286491394043,1.0076417922973633
104800,2,enc,17.865848541259766,0.964809238910675,0.65771484375,1.3339653015136719,1.3490104675292969
105000,0,enc,5.257553577423096,0.678892195224762,0.3896484375,0.9695208668708801,0.9711664915084839
105000,1,enc,7.583199977874756,0.4594249725341797,0.4755859375,1.2438437938690186,1.1365232467651367
105000,2,enc,17.902435302734375,1.0845355987548828,0.72265625,1.4585731029510498,1.472365379333496
105000,0,fcst,7.801850318908691,0.7635439038276672,0.66357421875,6.140515327453613,7.869030952453613
105000,1,fcst,6.417534828186035,0.393056184053421,0.232666015625,9.171621322631836,9.159914016723633
105000,2,fcst,3.481472969055176,0.5356355309486389,0.421875,9.161660194396973,9.476330757141113
105000,0,enc,5.312009811401367,0.6773161292076111,0.34716796875,0.968399703502655,0.9693886637687683
105000,1,enc,7.59682035446167,0.46179941296577454,0.380615234375,1.2911012172698975,1.0477522611618042
105000,2,enc,17.86610221862793,1.0271120071411133,0.767578125,1.2866994142532349,1.3176289796829224
105200,0,enc,5.080968379974365,0.6592622399330139,0.372314453125,0.9681907296180725,0.9709394574165344
105200,1,enc,7.689572811126709,0.470668226480484,0.452880859375,1.2938203811645508,1.3091059923171997
105200,2,enc,17.929887771606445,1.0096683502197266,0.93408203125,1.6782888174057007,1.5849050283432007
105200,0,fcst,7.773695468902588,0.6795099377632141,0.6669921875,6.609707832336426,8.643128395080566
105200,1,fcst,6.426952362060547,0.4596312344074249,0.1904296875,9.841874122619629,10.358909606933594
105200,2,fcst,3.4751992225646973,0.6067355275154114,0.482666015625,10.388940811157227,10.777124404907227
105200,0,enc,5.090329170227051,0.6584577560424805,0.324462890625,0.9605656266212463,0.9656691551208496
105200,1,enc,7.691592216491699,0.4691159129142761,0.39453125,1.2642199993133545,1.088294506072998
105200,2,enc,17.945268630981445,0.7622044682502747,0.802734375,1.3514518737792969,1.3042852878570557
105400,0,enc,5.014686107635498,0.6522428393363953,0.37744140625,0.9933979511260986,1.1984117031097412
105400,1,enc,7.9362568855285645,0.47593802213668823,0.47998046875,1.3482849597930908,1.216180682182312
105400,2,enc,17.980998992919922,0.9116226434707642,0.71630859375,1.649501085281372,1.5413331985473633
105400,0,fcst,7.686101913452148,0.7152032852172852,0.65478515625,6.867694854736328,8.220649719238281
105400,1,fcst,6.360164165496826,0.3779345750808716,0.25,9.652506828308105,9.856771469116211
105400,2,fcst,3.4655649662017822,0.6185381412506104,0.4248046875,9.834662437438965,9.924304008483887
105400,0,enc,5.055722236633301,0.6524698138237,0.334716796875,0.9941216707229614,1.0564448833465576
105400,1,enc,7.9150824546813965,0.4761924743652344,0.383056640625,1.2874135971069336,1.405168056488037
105400,2,enc,17.950496673583984,0.8160844445228577,0.65380859375,1.4194307327270508,1.4379589557647705
105600,0,enc,5.111308574676514,0.6572473645210266,0.400146484375,1.0699386596679688,1.0810587406158447
105600,1,enc,7.7514801025390625,0.48257753252983093,0.4833984375,1.4798051118850708,1.2885676622390747
105600,2,enc,18.109201431274414,0.8912798166275024,0.884765625,1.4926035404205322,1.451371669769287
105600,0,fcst,7.720074653625488,0.7658066153526306,0.66455078125,7.200913906097412,8.572442054748535
105600,1,fcst,6.402171611785889,0.41113996505737305,0.2177734375,9.838456153869629,10.36064624786377
105600,2,fcst,3.3424148559570312,0.5773403644561768,0.4423828125,10.36064624786377,10.664194107055664
105600,0,enc,5.107962131500244,0.6568915843963623,0.34326171875,1.0617296695709229,1.0594370365142822
105600,1,enc,7.848838806152344,0.48350510001182556,0.40087890625,1.4318456649780273,1.1186914443969727
105600,2,enc,18.107521057128906,0.9260169267654419,0.77197265625,1.3198257684707642,1.3330391645431519
105800,0,enc,5.035979270935059,0.626496434211731,0.370849609375,1.0427567958831787,1.0455987453460693
105800,1,enc,8.017001152038574,0.4787442982196808,0.4599609375,1.2894877195358276,1.1486252546310425
105800,2,enc,18.072452545166016,0.9372544884681702,0.75048828125,1.509445309638977,1.516272783279419
105800,0,fcst,7.799870491027832,0.6723671555519104,0.6650390625,6.371136665344238,8.275287628173828
105800,1,fcst,6.445060729980469,0.3932868540287018,0.220703125,8.907732009887695,9.77253246307373
105800,2,fcst,3.3402483463287354,0.6148949265480042,0.39697265625,9.775874137878418,10.215056419372559
105800,0,enc,5.068460464477539,0.6338514685630798,0.335693359375,1.0422073602676392,1.044406533241272
105800,1,enc,7.995658874511719,0.4788913428783417,0.391357421875,1.2443645000457764,1.0541962385177612
105800,2,enc,18.088565826416016,0.8736511468887329,0.7197265625,1.383409857749939,1.4091209173202515
106000,0,enc,5.122008800506592,0.6468612551689148,0.425048828125,1.0448145866394043,1.0367317199707031
106000,1,enc,7.792496204376221,0.4758152961730957,0.470458984375,1.3047406673431396,1.3327434062957764
106000,2,enc,18.29315948486328,1.0000369548797607,0.74755859375,1.5083909034729004,1.409644365310669
106000,0,fcst,7.786038875579834,0.7093183398246765,0.71630859375,6.694201946258545,8.52132511138916
106000,1,fcst,6.448488712310791,0.4234374463558197,0.2220458984375,10.242361068725586,10.649805068969727
106000,2,fcst,3.4058749675750732,0.5376052856445312,0.43212890625,10.600460052490234,11.428367614746094
106000,0,enc,5.13284158706665,0.64689701795578,0.374755859375,1.0408432483673096,1.034907579421997
106000,1,enc,7.779634952545166,0.4780566692352295,0.394775390625,1.2787775993347168,1.243459939956665
106000,2,enc,18.317733764648438,0.9261700510978699,0.68798828125,1.400934100151062,1.4083681106567383
106200,0,enc,5.191549301147461,0.651020348072052,0.425048828125,1.0823500156402588,1.1507720947265625
106200,1,enc,7.806468963623047,0.4768255054950714,0.463623046875,1.2838127613067627,1.2170385122299194
106200,2,enc,17.966045379638672,0.8567149639129639,0.7412109375,1.547230839729309,1.5919476747512817
106200,0,fcst,7.8224287033081055,0.7404104471206665,0.7021484375,6.833787441253662,8.16191291809082
106200,1,fcst,6.530439853668213,0.401544988155365,0.2132568359375,8.953865051269531,8.984288215637207
106200,2,fcst,3.3771917819976807,0.6453818678855896,0.427001953125,8.961402893066406,9.332496643066406
106200,0,enc,5.181678295135498,0.6531139016151428,0.3759765625,1.0789711475372314,1.0844600200653076
106200,1,enc,7.761669635772705,0.47624021768569946,0.390625,1.3612282276153564,1.2401694059371948
106200,2,enc,18.02277183532715,0.8007287979125977,0.61376953125,1.445111870765686,1.4398056268692017
106400,0,enc,5.226008415222168,0.6427210569381714,0.40576171875,1.1158843040466309,1.127328872680664
106400,1,enc,7.805599689483643,0.47541168332099915,0.453857421875,1.4645888805389404,1.3075571060180664
106400,2,enc,18.252758026123047,0.9138001203536987,0.73681640625,1.5631293058395386,1.5879935026168823
106400,0,fcst,7.895291328430176,0.6949863433837891,0.7275390625,6.728016376495361,8.478936195373535
106400,1,fcst,6.429259777069092,0.43885529041290283,0.1680908203125,8.902167320251465,9.16285514831543
106400,2,fcst,3.6113877296447754,0.6266909837722778,0.51220703125,9.16285514831543,9.661452293395996
106400,0,enc,5.211764335632324,0.6413679718971252,0.369384765625,1.115502119064331,1.1071465015411377
106400,1,enc,7.860795974731445,0.47616860270500183,0.373291015625,1.362778663635254,1.1131527423858643
106400,2,enc,18.25636100769043,0.8737847805023193,0.68994140625,1.5542171001434326,1.5087764263153076
106600,0,enc,5.296471118927002,0.6378518342971802,0.3994140625,1.1499274969100952,1.150490164756775
106600,1,enc,7.716245651245117,0.4753541648387909,0.457763671875,1.6086395978927612,1.223292589187622
106600,2,enc,18.278791427612305,0.9356685876846313,0.740234375,1.6670571565628052,1.618391990661621
106600,0,fcst,7.713753700256348,0.7813491225242615,0.67041015625,7.002495288848877,8.583441734313965
106600,1,fcst,6.487696647644043,0.41434985399246216,0.1759033203125,9.005267143249512,9.397062301635742
106600,2,fcst,3.5524046421051025,0.6529906988143921,0.51513671875,9.396354675292969,9.93565845489502
106600,0,enc,5.305037021636963,0.638107180595398,0.353271484375,1.1483378410339355,1.1499743461608887
106600,1,enc,7.698482990264893,0.4751467704772949,0.369873046875,1.491023302078247,1.0902643203735352
106600,2,enc,18.310606002807617,0.791249692440033,0.62548828125,1.385192632675171,1.349962830543518
106800,0,enc,5.359411716461182,0.6270567178726196,0.3994140625,1.1026710271835327,1.1065938472747803
106800,1,enc,7.603176116943359,0.46426084637641907,0.4814453125,1.3019769191741943,1.1727911233901978
106800,2,enc,18.279563903808594,0.7884259819984436,0.70458984375,1.6180707216262817,1.4539645910263062
106800,0,fcst,7.768798828125,0.6748111248016357,0.7197265625,6.161961555480957,7.477533340454102
106800,1,fcst,6.493340492248535,0.4138449430465698,0.1905517578125,7.9902238845825195,8.44698429107666
106800,2,fcst,3.409172773361206,0.6143260598182678,0.455078125,8.467144966125488,8.874046325683594
106800,0,enc,5.373875617980957,0.628014326095581,0.3544921875,1.1126141548156738,1.1153225898742676
106800,1,enc,7.577760696411133,0.465151846408844,0.38916015625,1.2755138874053955,1.1104992628097534
106800,2,enc,18.309675216674805,0.8637223243713379,0.6943359375,1.3665980100631714,1.404956340789795
107000,0,enc,5.295619964599609,0.624688982963562,0.420654296875,1.1153039932250977,1.2796422243118286
107000,1,enc,7.760535717010498,0.4703652560710907,0.4482421875,1.409787654876709,1.409787654876709
107000,2,enc,18.253131866455078,0.899324357509613,0.7353515625,1.602050542831421,1.4709572792053223
107000,0,fcst,7.7212605476379395,0.6850703954696655,0.78466796875,6.772965908050537,8.421186447143555
107000,1,fcst,6.522886276245117,0.42605915665626526,0.161376953125,8.9439058303833,9.909074783325195
107000,2,fcst,3.4433608055114746,0.7095248699188232,0.415771484375,9.951465606689453,10.763097763061523
107000,0,enc,5.296477317810059,0.6236459016799927,0.36279296875,1.121362328529358,1.2036705017089844
107000,1,enc,7.814233303070068,0.4790334105491638,0.37353515625,1.4123649597167969,1.2069777250289917
107000,2,enc,18.21573257446289,0.7471110820770264,0.64794921875,1.4701656103134155,1.4423472881317139
107200,0,enc,5.298038005828857,0.6295384764671326,0.416259765625,1.1734516620635986,1.1790423393249512
107200,1,enc,7.6172380447387695,0.4714759290218353,0.443359375,1.4324352741241455,1.3503179550170898
107200,2,enc,18.1551513671875,0.7932150363922119,0.79248046875,1.4614027738571167,1.4163099527359009
107200,0,fcst,7.561015605926514,0.7430969476699829,0.68310546875,6.546634674072266,8.32740592956543
107200,1,fcst,6.5330400466918945,0.40962085127830505,0.144775390625,9.606343269348145,9.606343269348145
107200,2,fcst,3.4459030628204346,0.6006852984428406,0.425048828125,9.619956970214844,9.780818939208984
107200,0,enc,5.304769039154053,0.6264669895172119,0.3642578125,1.1560742855072021,1.1596448421478271
107200,1,enc,7.613300800323486,0.47266092896461487,0.3369140625,1.3553329706192017,1.1235578060150146
107200,2,enc,18.182065963745117,0.7919666171073914,0.6474609375,1.3829926252365112,1.3675812482833862
107400,0,enc,5.387146472930908,0.6194578409194946,0.41650390625,1.152511715888977,1.1486122608184814
107400,1,enc,7.622792720794678,0.45702505111694336,0.41455078125,1.4727003574371338,1.3389170169830322
107400,2,enc,18.17390251159668,0.8219051361083984,0.80712890625,1.6685322523117065,1.5555493831634521
107400,0,fcst,7.447495460510254,0.6504450440406799,0.76025390625,6.321868419647217,7.644543647766113
107400,1,fcst,6.546077728271484,0.40300893783569336,0.17138671875,8.587278366088867,8.942166328430176
107400,2,fcst,3.5114920139312744,0.5984012484550476,0.436767578125,8.888260841369629,9.04176139831543
107400,0,enc,5.38597297668457,0.6191655397415161,0.354736328125,1.162399172782898,1.1625034809112549
107400,1,enc,7.713334560394287,0.4601594805717468,0.351806640625,1.4106402397155762,1.2385972738265991
107400,2,enc,18.195581436157227,0.8127061724662781,0.69482421875,1.3583171367645264,1.4350993633270264
107600,0,enc,5.404331684112549,0.6296594738960266,0.41748046875,1.1562951803207397,1.1576441526412964
107600,1,enc,7.689751148223877,0.4573497176170349,0.412109375,1.5574204921722412,1.5574204921722412
107600,2,enc,18.38174057006836,0.9410878419876099,0.77734375,1.7589573860168457,1.7389005422592163
107600,0,fcst,7.381908416748047,0.7260589003562927,0.73779296875,6.507628440856934,9.017337799072266
107600,1,fcst,6.489839553833008,0.45755627751350403,0.1533203125,10.041232109069824,10.351290702819824
107600,2,fcst,3.473313331604004,0.6790193915367126,0.4345703125,10.35251235961914,10.509033203125
107600,0,enc,5.423610210418701,0.6280454397201538,0.36865234375,1.1577894687652588,1.1582701206207275
107600,1,enc,7.64874267578125,0.4565541446208954,0.316650390625,1.5207966566085815,1.2118818759918213
107600,2,enc,18.37127113342285,0.8194977641105652,0.7138671875,1.3349156379699707,1.3309826850891113
107800,0,enc,5.4277849197387695,0.6208223104476929,0.4072265625,1.1934757232666016,1.1934757232666016
107800,1,enc,7.683115005493164,0.46804383397102356,0.4462890625,1.406034231185913,1.426988124847412
107800,2,enc,18.326173782348633,0.8498553037643433,0.81494140625,1.5223612785339355,1.4678254127502441
107800,0,fcst,7.439451217651367,0.6862360239028931,0.6865234375,6.410732269287109,8.16854476928711
107800,1,fcst,6.550955295562744,0.46575966477394104,0.1632080078125,9.470438957214355,9.825798988342285
107800,2,fcst,3.587946653366089,0.6272515654563904,0.461181640625,9.92430591583252,9.919533729553223
107800,0,enc,5.410140514373779,0.6210440397262573,0.364013671875,1.1904690265655518,1.190983533859253
107800,1,enc,7.765374660491943,0.46758604049682617,0.35205078125,1.3289263248443604,1.2040672302246094
107800,2,enc,18.355241775512695,0.8054772019386292,0.68359375,1.4694304466247559,1.4488463401794434
108000,0,enc,5.363572120666504,0.6282176375389099,0.401611328125,1.2271244525909424,1.3338735103607178
108000,1,enc,7.938681125640869,0.4514888823032379,0.4580078125,1.4006913900375366,1.446639060974121
108000,2,enc,18.345670700073242,0.8185662627220154,0.69189453125,1.6979708671569824,1.561184287071228
108000,0,fcst,7.321593761444092,0.735698401927948,0.70068359375,6.2964982986450195,8.410345077514648
108000,1,fcst,6.572153091430664,0.4459978938102722,0.1561279296875,9.786865234375,9.786865234375
108000,2,fcst,3.35866117477417,0.6315817832946777,0.414794921875,9.759554862976074,9.759554862976074
108000,0,enc,5.356918811798096,0.6263079047203064,0.36181640625,1.2211374044418335,1.2186959981918335
108000,1,enc,7.889817237854004,0.4580524265766144,0.35986328125,1.3710535764694214,1.2677656412124634
108000,2,enc,18.295989990234375,0.8886934518814087,0.7490234375,1.2715632915496826,1.2683093547821045
108200,0,enc,5.2720255851745605,0.6134718060493469,0.377197265625,1.202284812927246,1.2005226612091064
108200,1,enc,7.970136642456055,0.4539470374584198,0.4091796875,1.4626986980438232,1.2662066221237183
108200,2,enc,18.287086486816406,1.1281644105911255,0.76416015625,1.5592392683029175,1.5643763542175293
108200,0,fcst,7.255425453186035,0.7191867232322693,0.70166015625,6.4723381996154785,8.415953636169434
108200,1,fcst,6.616403579711914,0.43783608078956604,0.1456298828125,9.33476448059082,10.22723388671875
108200,2,fcst,3.417513132095337,0.6245027780532837,0.40234375,10.30424976348877,10.842172622680664
108200,0,enc,5.2920732498168945,0.616557776927948,0.331787109375,1.2114793062210083,1.2092152833938599
108200,1,enc,7.912948131561279,0.4532887041568756,0.361328125,1.3794400691986084,1.1409411430358887
108200,2,enc,18.275041580200195,0.7504701018333435,0.6982421875,1.3937921524047852,1.3952436447143555
108400,0,enc,5.287040710449219,0.6020041704177856,0.377197265625,1.1999149322509766,1.1985787153244019
108400,1,enc,8.034598350524902,0.4454701840877533,0.41259765625,1.3266278505325317,1.3009679317474365
108400,2,enc,18.249248504638672,0.8721002340316772,0.73486328125,1.531469702720642,1.5269520282745361
108400,0,fcst,7.277847766876221,0.6867031455039978,0.697265625,6.16127347946167,8.235697746276855
108400,1,fcst,6.639481067657471,0.4549444317817688,0.1495361328125,8.848018646240234,9.2527494430542
108400,2,fcst,3.437114953994751,0.6703321933746338,0.38720703125,9.243569374084473,9.882129669189453
108400,0,enc,5.284331321716309,0.5996832847595215,0.327880859375,1.1954988241195679,1.1931127309799194
108400,1,enc,8.136006355285645,0.4451713562011719,0.326171875,1.3299548625946045,1.1556702852249146
108400,2,enc,18.244155883789062,0.7698805332183838,0.8017578125,1.3977800607681274,1.3779850006103516
108600,0,enc,5.177219867706299,0.6095549464225769,0.403076171875,1.2568514347076416,1.2568514347076416
108600,1,enc,7.986913204193115,0.45609626173973083,0.38916015625,1.3797563314437866,1.3073787689208984
108600,2,enc,18.382022857666016,0.9538381695747375,0.83056640625,1.5482195615768433,1.5792796611785889
108600,0,fcst,7.153341770172119,0.8001364469528198,0.66357421875,6.260799884796143,7.914480686187744
108600,1,fcst,6.744335174560547,0.4451744556427002,0.163818359375,8.49203109741211,8.95345687866211
108600,2,fcst,3.3685786724090576,0.691216766834259,0.437744140625,8.937520980834961,9.340335845947266
108600,0,enc,5.199423789978027,0.6106648445129395,0.349609375,1.2483086585998535,1.2505269050598145
108600,1,enc,8.138671875,0.45964208245277405,0.310546875,1.3337212800979614,1.1651513576507568
108600,2,enc,18.37067985534668,0.8354419469833374,0.7744140625,1.4355924129486084,1.4674832820892334
108800,0,enc,5.22623348236084,0.6128274202346802,0.370849609375,1.2165554761886597,1.2179415225982666
108800,1,enc,8.177287101745605,0.4697130024433136,0.349853515625,1.6105352640151978,1.506467342376709
108800,2,enc,18.26631736755371,0.9285231828689575,0.8193359375,1.6764640808105469,1.472247838973999
108800,0,fcst,7.119612216949463,0.7309375405311584,0.66259765625,6.219147205352783,7.6697587966918945
108800,1,fcst,6.745694160461426,0.4782601296901703,0.1494140625,8.858373641967773,8.949112892150879
108800,2,fcst,3.4907212257385254,0.6907925009727478,0.420166015625,9.019834518432617,9.353547096252441
108800,0,enc,5.23947811126709,0.6112157106399536,0.330078125,1.2115660905838013,1.2125483751296997
108800,1,enc,8.225951194763184,0.44033730030059814,0.296875,1.5891695022583008,1.1591635942459106
108800,2,enc,18.2473087310791,0.958803653717041,0.68359375,1.3714560270309448,1.4013785123825073
109000,0,enc,5.374420642852783,0.5934134125709534,0.381591796875,1.2404371500015259,1.2404371500015259
109000,1,enc,7.965098857879639,0.46088066697120667,0.3583984375,1.7463124990463257,1.7463124990463257
109000,2,enc,18.195358276367188,0.8904423713684082,0.75439453125,1.674291729927063,1.6756480932235718
109000,0,fcst,7.059256553649902,0.6994669437408447,0.6318359375,6.294025421142578,8.143446922302246
109000,1,fcst,6.675960063934326,0.48116791248321533,0.15283203125,9.117545127868652,9.724641799926758
109000,2,fcst,3.5862045288085938,0.6264439225196838,0.45654296875,9.769073486328125,10.026777267456055
109000,0,enc,5.311299800872803,0.5929217338562012,0.352783203125,1.250596284866333,1.2477924823760986
109000,1,enc,8.036609649658203,0.4494248330593109,0.306884765625,1.4951106309890747,1.1570321321487427
109000,2,enc,18.24829864501953,0.8200781345367432,0.73046875,1.4799959659576416,1.4942318201065063
109200,0,enc,5.095393180847168,0.594914972782135,0.3759765625,1.2483932971954346,1.2488974332809448
109200,1,enc,7.771629333496094,0.43322324752807617,0.349853515625,1.3937714099884033,1.190253496170044
109200,2,enc,18.24127197265625,0.8500356078147888,0.79638671875,1.4640367031097412,1.5879456996917725
109200,0,fcst,7.234819412231445,0.6984285712242126,0.63330078125,6.676059722900391,9.271601676940918
109200,1,fcst,6.7329206466674805,0.5307141542434692,0.178955078125,10.854270935058594,11.203662872314453
109200,2,fcst,3.4872264862060547,0.7137376666069031,0.383056640625,11.175029754638672,10.954760551452637
109200,0,enc,5.096023082733154,0.59404057264328,0.324951171875,1.2547165155410767,1.2556215524673462
109200,1,enc,7.944906711578369,0.43260905146598816,0.293701171875,1.4218910932540894,1.1496317386627197
109200,2,enc,18.202510833740234,0.7990848422050476,0.7001953125,1.3188354969024658,1.3688925504684448
109400,0,enc,5.056821823120117,0.6045632362365723,0.383056640625,1.1815072298049927,1.181456208229065
109400,1,enc,7.961315155029297,0.43381327390670776,0.357666015625,1.3088204860687256,1.2594082355499268
109400,2,enc,18.36680793762207,1.1448838710784912,0.73779296875,1.4471479654312134,1.4838615655899048
109400,0,fcst,7.313106536865234,0.7025808691978455,0.677734375,6.32050085067749,7.953691005706787
109400,1,fcst,6.7660369873046875,0.5168658494949341,0.1448974609375,8.917472839355469,9.420402526855469
109400,2,fcst,3.502732753753662,0.6630096435546875,0.39990234375,9.417604446411133,9.457514762878418
109400,0,enc,5.040453910827637,0.6037861108779907,0.345947265625,1.1971769332885742,1.1964950561523438
109400,1,enc,7.942412376403809,0.4484812319278717,0.291748046875,1.3525084257125854,1.2190401554107666
109400,2,enc,18.3798770904541,0.8468374609947205,0.703125,1.4498825073242188,1.4044113159179688
109600,0,enc,5.281888008117676,0.6044211387634277,0.41259765625,1.1223065853118896,1.1230882406234741
109600,1,enc,7.943685531616211,0.4360525608062744,0.378662109375,1.32670259475708,1.3018264770507812
109600,2,enc,18.229856491088867,0.9556493759155273,0.83447265625,1.8850138187408447,1.5905089378356934
109600,0,fcst,7.116229057312012,0.6849462985992432,0.72998046875,6.666847229003906,7.921624183654785
109600,1,fcst,6.727803707122803,0.5347386598587036,0.14599609375,8.854774475097656,9.568207740783691
109600,2,fcst,3.566153049468994,0.6324095129966736,0.4375,9.778255462646484,10.454795837402344
109600,0,enc,5.274874210357666,0.6027325987815857,0.340087890625,1.1207776069641113,1.1210651397705078
109600,1,enc,7.876383304595947,0.43291348218917847,0.31884765625,1.3663262128829956,1.0302760601043701
109600,2,enc,18.274410247802734,0.8760024309158325,0.72021484375,1.413196086883545,1.388613224029541
109800,0,enc,5.180118083953857,0.5817462205886841,0.371826171875,1.137831687927246,1.140537977218628
109800,1,enc,7.982436180114746,0.4441409707069397,0.355224609375,1.3711965084075928,1.2835822105407715
109800,2,enc,18.380319595336914,0.8458161950111389,0.78369140625,1.5171419382095337,1.6091015338897705
109800,0,fcst,7.211633682250977,0.7227992415428162,0.82958984375,6.942746162414551,8.031070709228516
109800,1,fcst,6.815062522888184,0.4820869266986847,0.138427734375,9.39482307434082,10.155495643615723
109800,2,fcst,3.579132318496704,0.5982516407966614,0.453369140625,10.225318908691406,10.601295471191406
109800,0,enc,5.176549434661865,0.580251157283783,0.314208984375,1.1373785734176636,1.139480471611023
109800,1,enc,7.99747371673584,0.4439586400985718,0.294921875,1.3591737747192383,1.1032445430755615
109800,2,enc,18.39386749267578,0.965679407119751,0.73193359375,1.3886058330535889,1.4389293193817139
110000,0,enc,5.239443778991699,0.5884228944778442,0.371337890625,1.168442964553833,1.1678187847137451
110000,1,enc,7.911712646484375,0.43584972620010376,0.353271484375,1.4827415943145752,1.3044519424438477
110000,2,enc,18.219247817993164,0.9941632747650146,0.83349609375,1.484365463256836,1.5480364561080933
110000,0,fcst,7.047173976898193,0.7045467495918274,0.71142578125,6.471750736236572,8.162741661071777
110000,1,fcst,6.755414962768555,0.5129429697990417,0.147705078125,9.402362823486328,9.945711135864258
110000,2,fcst,3.412038803100586,0.660464882850647,0.447265625,9.94644832611084,10.23073673248291
110000,0,enc,5.247623443603516,0.5838350057601929,0.328125,1.176831603050232,1.175573706626892
110000,1,enc,7.915755271911621,0.43691861629486084,0.28662109375,1.3548446893692017,1.1930663585662842
110000,2,enc,18.25127410888672,0.8534011244773865,0.7158203125,1.4045554399490356,1.4728055000305176
110200,0,enc,5.2527875900268555,0.5955695509910583,0.3720703125,1.2068018913269043,1.2086095809936523
110200,1,enc,7.77703332901001,0.4730537533760071,0.35302734375,1.503810167312622,1.382174015045166
110200,2,enc,18.447202682495117,0.923618495464325,0.75830078125,1.6851035356521606,1.5983481407165527
110200,0,fcst,7.168799877166748,0.6621541380882263,0.66650390625,6.544972896575928,8.54367446899414
110200,1,fcst,6.61509895324707,0.5093132853507996,0.135498046875,10.412070274353027,10.784791946411133
110200,2,fcst,3.471597671508789,0.6383998394012451,0.447509765625,10.784791946411133,11.349570274353027
110200,0,enc,5.298312664031982,0.5920280814170837,0.318359375,1.2097842693328857,1.2079894542694092
110200,1,enc,7.886892318725586,0.4581965506076813,0.279052734375,1.454833745956421,1.1572922468185425
110200,2,enc,18.406496047973633,0.9882404208183289,0.7705078125,1.4024498462677002,1.4179909229278564
110400,0,enc,5.226141452789307,0.5867745280265808,0.3916015625,1.1363368034362793,1.1412111520767212
110400,1,enc,7.6447296142578125,0.42373549938201904,0.3154296875,1.5739954710006714,1.3256556987762451
110400,2,enc,18.34667205810547,1.0233712196350098,0.87548828125,1.5949865579605103,1.5363249778747559
110400,0,fcst,7.298536777496338,0.6718366146087646,0.6689453125,6.6032328605651855,7.841297149658203
110400,1,fcst,6.620099067687988,0.49837303161621094,0.1824951171875,9.179868698120117,9.370162963867188
110400,2,fcst,3.6990599632263184,0.655745267868042,0.427734375,9.422638893127441,9.536578178405762
110400,0,enc,5.201202392578125,0.5885401964187622,0.322265625,1.15450918674469,1.154421091079712
110400,1,enc,7.635595321655273,0.42422083020210266,0.27001953125,1.368279218673706,1.1165950298309326
110400,2,enc,18.27802848815918,0.8927067518234253,0.8359375,1.4429677724838257,1.4073537588119507
110600,0,enc,5.187291622161865,0.5837019681930542,0.394775390625,1.1761194467544556,1.1716053485870361
110600,1,enc,7.6248955726623535,0.4237430691719055,0.316650390625,1.385580062866211,1.3095768690109253
110600,2,enc,18.220317840576172,0.9197955131530762,0.78369140625,1.7484722137451172,1.5802865028381348
110600,0,fcst,7.122889995574951,0.7068377733230591,0.68359375,6.876439094543457,8.529000282287598
110600,1,fcst,6.666565895080566,0.5246099233627319,0.1785888671875,8.749626159667969,9.229497909545898
110600,2,fcst,3.6048433780670166,0.6886826157569885,0.420654296875,9.221363067626953,9.564109802246094
110600,0,enc,5.166926860809326,0.5846500396728516,0.328125,1.179360270500183,1.1765393018722534
110600,1,enc,7.710376739501953,0.4239954650402069,0.268798828125,1.316909909248352,1.187320351600647
110600,2,enc,18.15850830078125,0.8165820837020874,0.81396484375,1.558670997619629,1.509063720703125
110800,0,enc,5.105197906494141,0.5826622843742371,0.41162109375,1.1980094909667969,1.214802622795105
110800,1,enc,7.53028678894043,0.42916473746299744,0.354248046875,1.3845024108886719,1.3310863971710205
110800,2,enc,18.101747512817383,1.0424189567565918,0.97021484375,1.548007845878601,1.5777286291122437
110800,0,fcst,7.205676078796387,0.6312427520751953,0.69580078125,6.839084625244141,8.326008796691895
110800,1,fcst,6.721150875091553,0.5251708626747131,0.146728515625,8.77411937713623,9.033329963684082
110800,2,fcst,3.5770576000213623,0.5673996210098267,0.403564453125,9.040849685668945,9.476475715637207
110800,0,enc,5.116340637207031,0.5830528140068054,0.332763671875,1.19391667842865,1.2060779333114624
110800,1,enc,7.458302974700928,0.4283769428730011,0.2783203125,1.365945816040039,1.1381715536117554
110800,2,enc,18.045085906982422,0.9842866659164429,0.72705078125,1.4179478883743286,1.4431308507919312
111000,0,enc,5.251893043518066,0.5767222046852112,0.42822265625,1.183144211769104,1.181758165359497
111000,1,enc,7.779782772064209,0.4331229031085968,0.3193359375,1.4587302207946777,1.3415323495864868
111000,2,enc,17.856565475463867,0.8338249921798706,0.826171875,1.4295774698257446,1.4308903217315674
111000,0,fcst,7.046524524688721,0.6620558500289917,0.654296875,6.119909286499023,7.728334426879883
111000,1,fcst,6.581778526306152,0.5113533139228821,0.1265869140625,8.666943550109863,9.178553581237793
111000,2,fcst,3.56858229637146,0.6019507050514221,0.366455078125,9.288223266601562,9.662571907043457
111000,0,enc,5.321539402008057,0.5743370056152344,0.333251953125,1.2019861936569214,1.204126238822937
111000,1,enc,7.791182518005371,0.4439936876296997,0.278076171875,1.4497449398040771,1.1888766288757324
111000,2,enc,17.87958526611328,0.855840802192688,0.7421875,1.3150633573532104,1.3082808256149292
111200,0,enc,5.21681547164917,0.5731485486030579,0.409912109375,1.179687261581421,1.1861850023269653
111200,1,enc,7.78653621673584,0.41985464096069336,0.332763671875,1.492903709411621,1.3860112428665161
111200,2,enc,17.752704620361328,0.8886945247650146,0.77099609375,1.5811671018600464,1.6443724632263184
111200,0,fcst,6.963895320892334,0.6504381895065308,0.69091796875,6.801286220550537,8.104254722595215
111200,1,fcst,6.556112289428711,0.6167728304862976,0.1712646484375,9.116789817810059,9.116789817810059
111200,2,fcst,3.594883441925049,0.6208953261375427,0.36572265625,9.073134422302246,9.281332015991211
111200,0,enc,5.214076042175293,0.5764604806900024,0.350341796875,1.1746572256088257,1.1774247884750366
111200,1,enc,7.670101642608643,0.4185648262500763,0.2607421875,1.4819893836975098,1.112778663635254
111200,2,enc,17.71860694885254,0.7858318090438843,0.71435546875,1.340667486190796,1.408782720565796
111400,0,enc,5.140617847442627,0.5767104029655457,0.44189453125,1.2069473266601562,1.2043936252593994
111400,1,enc,7.4784417152404785,0.4216271638870239,0.296630859375,1.4434070587158203,1.1778315305709839
111400,2,enc,17.963455200195312,0.9451326727867126,0.78173828125,1.4362590312957764,1.4744398593902588
111400,0,fcst,7.036081790924072,0.6985498070716858,0.6181640625,6.179993152618408,7.429568290710449
111400,1,fcst,6.634951591491699,0.5671499371528625,0.1627197265625,9.109349250793457,9.492578506469727
111400,2,fcst,3.7386269569396973,0.6305012106895447,0.33837890625,9.5164794921875,10.04165267944336
111400,0,enc,5.091512680053711,0.5747085213661194,0.36279296875,1.1881529092788696,1.1956793069839478
111400,1,enc,7.568535804748535,0.42286109924316406,0.263671875,1.3801522254943848,1.0391623973846436
111400,2,enc,17.9409122467041,0.9187337756156921,0.78662109375,1.4686024188995361,1.4024916887283325
111600,0,enc,5.172651290893555,0.5633037686347961,0.459716796875,1.1994043588638306,1.204626202583313
111600,1,enc,7.739418029785156,0.4307634234428406,0.315185546875,1.4095501899719238,1.4040868282318115
111600,2,enc,18.09944725036621,0.8954585790634155,0.78125,1.5005193948745728,1.4279505014419556
111600,0,fcst,6.9452362060546875,0.6903610825538635,0.6904296875,6.395191669464111,7.640151023864746
111600,1,fcst,6.583262920379639,0.6885939836502075,0.158447265625,8.230875015258789,8.796738624572754
111600,2,fcst,3.5317187309265137,0.6658036708831787,0.3681640625,8.798813819885254,9.189709663391113
111600,0,enc,5.249820709228516,0.5638315677642822,0.395751953125,1.206331729888916,1.2094330787658691
111600,1,enc,7.685624122619629,0.43080317974090576,0.266845703125,1.432672142982483,1.1023011207580566
111600,2,enc,18.10588836669922,0.8784009218215942,0.7587890625,1.4906442165374756,1.4455087184906006
111800,0,enc,4.889084339141846,0.560095489025116,0.498779296875,1.181448221206665,1.1848348379135132
111800,1,enc,7.643059253692627,0.42454642057418823,0.299560546875,1.4764903783798218,1.2882765531539917
111800,2,enc,17.952449798583984,0.7601714730262756,0.77685546875,1.7168608903884888,1.6351416110992432
111800,0,fcst,6.9616475105285645,0.6854108572006226,0.6630859375,6.502730369567871,7.52438497543335
111800,1,fcst,6.648483753204346,0.6318048238754272,0.1689453125,8.70543384552002,9.330976486206055
111800,2,fcst,3.5349724292755127,0.6756601929664612,0.36669921875,9.332682609558105,9.602187156677246
111800,0,enc,4.949771881103516,0.5574967265129089,0.393798828125,1.172858715057373,1.1729234457015991
111800,1,enc,7.746673583984375,0.42361482977867126,0.258056640625,1.3694926500320435,1.0834732055664062
111800,2,enc,17.966598510742188,0.7386501431465149,0.7451171875,1.5786879062652588,1.5952742099761963
112000,0,enc,5.031766414642334,0.5650438666343689,0.483154296875,1.1940993070602417,1.1974647045135498
112000,1,enc,7.816195487976074,0.4240812063217163,0.300048828125,1.5899302959442139,1.2369648218154907
112000,2,enc,17.911691665649414,0.7944464683532715,0.86376953125,1.5096280574798584,1.504851222038269
112000,0,fcst,6.96734619140625,0.7101938724517822,0.6943359375,6.264242172241211,7.769425392150879
112000,1,fcst,6.757538795471191,0.6572553515434265,0.15771484375,9.555248260498047,9.930021286010742
112000,2,fcst,3.5340631008148193,0.7174293398857117,0.44140625,9.917048454284668,9.936877250671387
112000,0,enc,5.033349990844727,0.5630325675010681,0.378173828125,1.1886543035507202,1.190283179283142
112000,1,enc,7.681319713592529,0.42206084728240967,0.262939453125,1.548248052597046,1.2206547260284424
112000,2,enc,17.887170791625977,0.7647873759269714,0.7314453125,1.289177417755127,1.359123706817627
112200,0,enc,5.0220465660095215,0.593116819858551,0.5244140625,1.1662440299987793,1.1597349643707275
112200,1,enc,7.690445423126221,0.4461669921875,0.29345703125,1.4794620275497437,1.23158597946167
112200,2,enc,17.959440231323242,0.9901676774024963,0.798828125,1.4762024879455566,1.4608913660049438
112200,0,fcst,7.084465026855469,0.6658170223236084,0.703125,6.396181106567383,7.5178751945495605
112200,1,fcst,6.770364284515381,0.5713387131690979,0.1590576171875,9.00021743774414,9.594953536987305
112200,2,fcst,3.5534889698028564,0.6571034789085388,0.423583984375,9.591014862060547,10.293045997619629
112200,0,enc,4.9934821128845215,0.5942256450653076,0.410400390625,1.1717795133590698,1.1682528257369995
112200,1,enc,7.501817226409912,0.4601868987083435,0.260498046875,1.340869426727295,1.1247012615203857
112200,2,enc,17.994749069213867,0.7905377149581909,0.734375,1.3571670055389404,1.4116714000701904
112400,0,enc,4.986456394195557,0.6092542409896851,0.5400390625,1.1409183740615845,1.1320825815200806
112400,1,enc,7.577233791351318,0.48729047179222107,0.3193359375,1.4155919551849365,1.1290934085845947
112400,2,enc,17.9422607421875,0.8592180013656616,0.80859375,1.4535578489303589,1.3826603889465332
112400,0,fcst,7.02076530456543,0.685064435005188,0.79736328125,6.485645771026611,9.139725685119629
112400,1,fcst,6.772541046142578,0.6371326446533203,0.14599609375,10.519287109375,10.84426498413086
112400,2,fcst,3.4359748363494873,0.6703400015830994,0.412109375,10.845476150512695,10.87492561340332
112400,0,enc,4.998286247253418,0.605178713798523,0.43798828125,1.1321160793304443,1.1438426971435547
112400,1,enc,7.739532947540283,0.47603052854537964,0.27099609375,1.4197828769683838,1.085176706314087
112400,2,enc,17.933359146118164,0.7822616696357727,0.703125,1.3154184818267822,1.364983081817627
112600,0,enc,5.081387519836426,0.6036055684089661,0.54638671875,1.0910090208053589,1.0934101343154907
112600,1,enc,7.749186992645264,0.45058611035346985,0.317138671875,1.3522450923919678,1.4942030906677246
112600,2,enc,17.978307723999023,0.7404459714889526,0.80712890625,1.6446670293807983,1.4699153900146484
112600,0,fcst,6.957728385925293,0.655523955821991,0.67822265625,6.393620014190674,9.21012020111084
112600,1,fcst,6.722301959991455,0.589036226272583,0.1346435546875,9.632055282592773,10.046009063720703
112600,2,fcst,3.4757015705108643,0.6129509806632996,0.451416015625,10.036818504333496,10.445075988769531
112600,0,enc,5.076690196990967,0.605436384677887,0.43017578125,1.11370050907135,1.1188732385635376
112600,1,enc,7.655834197998047,0.4504546523094177,0.252685546875,1.3320705890655518,1.0903679132461548
112600,2,enc,17.995882034301758,0.7992861270904541,0.81298828125,1.3241175413131714,1.3692225217819214
112800,0,enc,5.049565315246582,0.6153489351272583,0.5732421875,1.0808640718460083,1.0794028043746948
112800,1,enc,7.527227878570557,0.49582964181900024,0.3154296875,1.3181015253067017,1.2685997486114502
112800,2,enc,18.017013549804688,0.7631974816322327,0.7529296875,1.5378154516220093,1.6162117719650269
112800,0,fcst,7.051235198974609,0.6635104417800903,0.69091796875,6.572953701019287,7.94691276550293
112800,1,fcst,6.730681419372559,0.5988319516181946,0.1455078125,9.038524627685547,9.344331741333008
112800,2,fcst,3.4237172603607178,0.6306254863739014,0.46142578125,9.398427963256836,9.645009994506836
112800,0,enc,5.054119110107422,0.6176573634147644,0.485595703125,1.0895781517028809,1.088658332824707
112800,1,enc,7.408503532409668,0.476283997297287,0.2607421875,1.2476143836975098,1.1683855056762695
112800,2,enc,17.997920989990234,0.7583109736442566,0.74365234375,1.250217318534851,1.2486032247543335
113000,0,enc,5.112645626068115,0.6150299310684204,0.54345703125,1.0784283876419067,1.0727190971374512
113000,1,enc,7.5623321533203125,0.43458011746406555,0.2880859375,1.253583550453186,1.2317235469818115
113000,2,enc,17.956552505493164,0.8447034358978271,0.8154296875,1.5089911222457886,1.5241905450820923
113000,0,fcst,6.999564170837402,0.6583759784698486,0.66552734375,6.683419704437256,8.353447914123535
113000,1,fcst,6.6690449714660645,0.5536280870437622,0.138427734375,9.609966278076172,10.143278121948242
113000,2,fcst,3.4851036071777344,0.6242089867591858,0.431640625,10.106034278869629,10.706344604492188
113000,0,enc,5.106730937957764,0.618762195110321,0.4775390625,1.0884021520614624,1.0853904485702515
113000,1,enc,7.354502201080322,0.4347415566444397,0.255859375,1.2327561378479004,1.1989113092422485
113000,2,enc,17.923797607421875,0.8418093919754028,0.76123046875,1.284042477607727,1.2579150199890137
113200,0,enc,5.0403242111206055,0.6205751895904541,0.5322265625,1.063804030418396,1.0642837285995483
113200,1,enc,7.629212856292725,0.44492655992507935,0.3017578125,1.3503444194793701,1.3125636577606201
113200,2,enc,17.96476173400879,0.9318422675132751,0.75537109375,1.4669277667999268,1.4669277667999268
113200,0,fcst,6.962631702423096,0.7291422486305237,0.7451171875,6.763008117675781,7.790604591369629
113200,1,fcst,6.816655158996582,0.5852735042572021,0.1796875,9.082612037658691,9.759695053100586
113200,2,fcst,3.5006887912750244,0.6406921744346619,0.43310546875,9.825698852539062,10.268406867980957
113200,0,enc,5.04423713684082,0.6285659670829773,0.46826171875,1.0616044998168945,1.0627813339233398
113200,1,enc,7.7273664474487305,0.43837568163871765,0.2398681640625,1.428900957107544,1.1445105075836182
113200,2,enc,17.958932876586914,0.7385715246200562,0.830078125,1.284286379814148,1.3478457927703857
113400,0,enc,5.180105686187744,0.6451059579849243,0.5732421875,1.0367110967636108,1.0389024019241333
113400,1,enc,7.83923864364624,0.436983585357666,0.28955078125,1.2423913478851318,1.1673777103424072
113400,2,enc,18.119150161743164,0.7588893175125122,0.8525390625,1.3429017066955566,1.4362494945526123
113400,0,fcst,7.012294769287109,0.6201758980751038,0.68994140625,6.50599479675293,8.563297271728516
113400,1,fcst,6.797939300537109,0.6125530004501343,0.190673828125,8.920241355895996,9.30679702758789
113400,2,fcst,3.3558509349823,0.7102688550949097,0.47900390625,9.307162284851074,9.497321128845215
113400,0,enc,5.141531944274902,0.6430515050888062,0.50830078125,1.040480613708496,1.041616439819336
113400,1,enc,7.8579912185668945,0.4356975257396698,0.263427734375,1.3446208238601685,1.1550993919372559
113400,2,enc,18.10430908203125,0.8007547855377197,0.7578125,1.3313393592834473,1.3690896034240723
113600,0,enc,5.036285400390625,0.6199346780776978,0.62158203125,1.031597375869751,1.0264984369277954
113600,1,enc,7.5864577293396,0.46831321716308594,0.295166015625,1.3641771078109741,1.2130777835845947
113600,2,enc,18.014373779296875,0.838167130947113,0.8291015625,1.5954561233520508,1.5954561233520508
113600,0,fcst,7.063016414642334,0.6598089933395386,0.67333984375,6.520251750946045,8.004853248596191
113600,1,fcst,6.835516929626465,0.6699594855308533,0.136474609375,9.70493221282959,10.421077728271484
113600,2,fcst,3.365149736404419,0.7018871307373047,0.46875,10.402116775512695,10.798709869384766
113600,0,enc,4.969679355621338,0.6202999353408813,0.51025390625,1.0296287536621094,1.024082064628601
113600,1,enc,7.832870960235596,0.4413343369960785,0.25244140625,1.2454617023468018,1.1089147329330444
113600,2,enc,18.029769897460938,0.7548433542251587,0.83642578125,1.3028761148452759,1.2870606184005737
113800,0,enc,4.970884799957275,0.641911506652832,0.6162109375,1.0233782529830933,1.1682093143463135
113800,1,enc,7.693711280822754,0.4384666085243225,0.294921875,1.2862582206726074,1.2307703495025635
113800,2,enc,17.995214462280273,0.7584062814712524,0.822265625,1.3258496522903442,1.4263548851013184
113800,0,fcst,6.996771335601807,0.7336627840995789,0.64501953125,6.505349636077881,8.702299118041992
113800,1,fcst,6.753658771514893,0.6034796833992004,0.1519775390625,9.530078887939453,10.064204216003418
113800,2,fcst,3.331763505935669,0.6123356223106384,0.464599609375,9.968954086303711,10.498739242553711
113800,0,enc,5.020540714263916,0.634317934513092,0.5322265625,1.025400161743164,1.020944595336914
113800,1,enc,7.602112770080566,0.43914225697517395,0.24560546875,1.2286189794540405,1.1718531847000122
113800,2,enc,17.970579147338867,0.767032265663147,0.72314453125,1.281919002532959,1.2594122886657715
114000,0,enc,5.08742094039917,0.6595429182052612,0.62939453125,1.0227627754211426,1.02235746383667
114000,1,enc,7.941215991973877,0.43817275762557983,0.286376953125,1.213523507118225,1.1936726570129395
114000,2,enc,17.746356964111328,0.840280294418335,0.86572265625,1.3879274129867554,1.3661751747131348
114000,0,fcst,6.952513694763184,0.6790821552276611,0.65234375,6.793887615203857,8.206201553344727
114000,1,fcst,6.7759013175964355,0.5902889966964722,0.130126953125,9.357934951782227,9.815563201904297
114000,2,fcst,3.461505889892578,0.6463445425033569,0.459228515625,9.815563201904297,9.815563201904297
114000,0,enc,5.083374977111816,0.6621794700622559,0.52001953125,1.0308574438095093,1.0298370122909546
114000,1,enc,7.7564496994018555,0.43956488370895386,0.2432861328125,1.2068707942962646,1.1073589324951172
114000,2,enc,17.79842758178711,0.743456244468689,0.7568359375,1.2613310813903809,1.2273039817810059
114200,0,enc,5.063483715057373,0.6537533402442932,0.658203125,1.0026674270629883,1.021454095840454
114200,1,enc,7.7946672439575195,0.4624998867511749,0.3125,1.2883830070495605,1.1018056869506836
114200,2,enc,17.719167709350586,0.7828376293182373,0.72607421875,1.5146795511245728,1.4402166604995728
114200,0,fcst,6.881860256195068,0.6520469784736633,0.634765625,6.43046760559082,7.740260601043701
114200,1,fcst,6.722766876220703,0.6110128164291382,0.1558837890625,8.41916275024414,8.977190971374512
114200,2,fcst,3.514516830444336,0.6602327823638916,0.4521484375,8.975364685058594,9.435006141662598
114200,0,enc,5.129305362701416,0.6557720899581909,0.53515625,1.0020132064819336,1.008587121963501
114200,1,enc,7.809895038604736,0.4563039541244507,0.23046875,1.213363766670227,1.0377099514007568
114200,2,enc,17.77082061767578,0.7528908848762512,0.74072265625,1.2369129657745361,1.1973216533660889
114400,0,enc,4.9965410232543945,0.6780105233192444,0.60888671875,1.0190162658691406,1.0164307355880737
114400,1,enc,7.8345184326171875,0.45966359972953796,0.266357421875,1.2578142881393433,1.2044129371643066
114400,2,enc,17.63654899597168,0.8903096914291382,0.771484375,1.4828081130981445,1.4863494634628296
114400,0,fcst,7.104085922241211,0.7128124237060547,0.63525390625,6.5923333168029785,7.7565155029296875
114400,1,fcst,6.768487930297852,0.5973821878433228,0.12139892578125,9.372135162353516,9.56581974029541
114400,2,fcst,3.514160394668579,0.6296566128730774,0.4765625,9.739912033081055,9.941598892211914
114400,0,enc,5.064755916595459,0.6818035840988159,0.52294921875,1.030947208404541,1.0288853645324707
114400,1,enc,7.9047322273254395,0.4506796598434448,0.219970703125,1.1992440223693848,0.9721938967704773
114400,2,enc,17.610841751098633,0.8124090433120728,0.72705078125,1.3367900848388672,1.3214102983474731
114600,0,enc,5.10836124420166,0.6838669180870056,0.60498046875,0.9803664088249207,0.979343831539154
114600,1,enc,7.867639064788818,0.42166346311569214,0.251953125,1.1658177375793457,1.0620044469833374
114600,2,enc,17.874927520751953,0.7776200175285339,0.83447265625,1.4569891691207886,1.3952882289886475
114600,0,fcst,7.076323509216309,0.7601156234741211,0.68701171875,6.728259086608887,8.17192554473877
114600,1,fcst,6.769898414611816,0.585695207118988,0.12213134765625,8.428878784179688,9.129291534423828
114600,2,fcst,3.570113182067871,0.6675430536270142,0.43359375,8.997602462768555,9.366254806518555
114600,0,enc,5.085622787475586,0.6840834021568298,0.497314453125,0.9849781394004822,0.9842337965965271
114600,1,enc,7.841144561767578,0.42132872343063354,0.2247314453125,1.140278935432434,1.0193977355957031
114600,2,enc,17.850332260131836,0.757487416267395,0.76025390625,1.2747443914413452,1.2026008367538452
114800,0,enc,4.903054237365723,0.6671923398971558,0.60302734375,1.0368109941482544,1.0394177436828613
114800,1,enc,8.247858047485352,0.4248073101043701,0.262451171875,1.3605382442474365,1.067713737487793
114800,2,enc,17.80229377746582,0.775505542755127,0.79736328125,1.4241992235183716,1.5350886583328247
114800,0,fcst,6.9874982833862305,0.6953662037849426,0.6220703125,6.76331901550293,8.182589530944824
114800,1,fcst,6.558202743530273,0.5648185610771179,0.10699462890625,8.402117729187012,8.762345314025879
114800,2,fcst,3.4344639778137207,0.6259947419166565,0.44921875,8.737054824829102,9.478801727294922
114800,0,enc,4.897477626800537,0.669995903968811,0.461181640625,1.0375654697418213,1.0372443199157715
114800,1,enc,8.179503440856934,0.42722994089126587,0.2080078125,1.3343596458435059,1.0724645853042603
114800,2,enc,17.828807830810547,0.8328173756599426,0.68408203125,1.343686580657959,1.3271002769470215
115000,0,enc,4.888077259063721,0.6871203184127808,0.65625,1.0384328365325928,1.038377046585083
115000,1,enc,8.304339408874512,0.4415777027606964,0.2607421875,1.0984543561935425,1.0497363805770874
115000,2,enc,17.97119140625,0.8394889831542969,0.794921875,1.4331927299499512,1.4737074375152588
115000,0,fcst,6.89757776260376,0.711317241191864,0.6923828125,6.633697509765625,7.828606128692627
115000,1,fcst,6.6184234619140625,0.5300915241241455,0.1448974609375,9.062024116516113,9.71672534942627
115000,2,fcst,3.5593082904815674,0.6734662055969238,0.466552734375,9.731499671936035,10.444719314575195
115000,0,enc,4.881584644317627,0.6870754957199097,0.533203125,1.0281988382339478,1.0271469354629517
115000,1,enc,8.295205116271973,0.44034630060195923,0.2142333984375,1.1278233528137207,1.0298988819122314
115000,2,enc,17.949892044067383,0.9591619372367859,0.75634765625,1.382728934288025,1.418068289756775
115200,0,enc,4.989649295806885,0.6957613825798035,0.63037109375,1.0252504348754883,1.0225886106491089
115200,1,enc,8.1152982711792,0.4585990309715271,0.280517578125,1.2172048091888428,1.1580123901367188
115200,2,enc,18.0559139251709,0.759100079536438,0.79150390625,1.4722886085510254,1.4482430219650269
115200,0,fcst,6.839937210083008,0.7243831157684326,0.63916015625,6.556217193603516,8.503746032714844
115200,1,fcst,6.6387457847595215,0.6086354851722717,0.12371826171875,8.552727699279785,9.327128410339355
115200,2,fcst,3.4859206676483154,0.680076539516449,0.46435546875,9.390477180480957,9.648316383361816
115200,0,enc,4.947160720825195,0.6951236724853516,0.55029296875,1.0148266553878784,1.0139507055282593
115200,1,enc,8.214889526367188,0.47053277492523193,0.2196044921875,1.1552374362945557,0.9983240962028503
115200,2,enc,18.05689239501953,0.7414467334747314,0.74560546875,1.2769397497177124,1.3218549489974976
115400,0,enc,5.163158893585205,0.6986060738563538,0.62255859375,1.0157750844955444,1.01872718334198
115400,1,enc,8.420394897460938,0.45230036973953247,0.294189453125,1.1134800910949707,1.1306118965148926
115400,2,enc,18.081012725830078,0.8734297156333923,0.8037109375,1.3401252031326294,1.440526008605957
115400,0,fcst,6.846609592437744,0.7202181220054626,0.61328125,6.4766058921813965,8.157930374145508
115400,1,fcst,6.606801509857178,0.5644450187683105,0.12841796875,8.943282127380371,9.349369049072266
115400,2,fcst,3.565408229827881,0.5988147854804993,0.485107421875,9.425617218017578,9.911457061767578
115400,0,enc,5.142550468444824,0.6930307149887085,0.493896484375,1.0221949815750122,1.0242854356765747
115400,1,enc,8.292257308959961,0.45690569281578064,0.22412109375,1.2653467655181885,1.1557607650756836
115400,2,enc,18.11716079711914,0.832381010055542,0.73974609375,1.2692813873291016,1.3219852447509766
115600,0,enc,5.200310230255127,0.6947591304779053,0.6650390625,0.9905029535293579,0.9901071786880493
115600,1,enc,8.44112491607666,0.4285992383956909,0.261474609375,1.225809097290039,1.103347659111023
115600,2,enc,17.84608268737793,0.7975151538848877,0.7255859375,1.4698406457901,1.4274550676345825
115600,0,fcst,6.672569751739502,0.9296600818634033,0.60302734375,6.485996246337891,8.16351318359375
115600,1,fcst,6.3888983726501465,0.6526670455932617,0.1370849609375,8.3433837890625,9.070380210876465
115600,2,fcst,3.3390281200408936,0.6772409677505493,0.529296875,9.165897369384766,9.876075744628906
115600,0,enc,5.231699466705322,0.6956228017807007,0.52587890625,0.9897222518920898,0.9898165464401245
115600,1,enc,8.364097595214844,0.4325330853462219,0.2237548828125,1.1316337585449219,1.0571151971817017
115600,2,enc,17.914098739624023,0.7621369957923889,0.71875,1.20484459400177,1.1897536516189575
115800,0,enc,5.31908655166626,0.7071199417114258,0.66748046875,1.0008890628814697,1.0008890628814697
115800,1,enc,8.239584922790527,0.42923298478126526,0.26708984375,1.1483839750289917,1.093644380569458
115800,2,enc,17.697458267211914,0.9924790859222412,0.74609375,1.4973435401916504,1.5395759344100952
115800,0,fcst,6.561868190765381,0.8221708536148071,0.59716796875,6.248497009277344,7.58668851852417
115800,1,fcst,6.592496871948242,0.6374068856239319,0.127197265625,8.88254451751709,8.96553897857666
115800,2,fcst,3.5163590908050537,0.6200852990150452,0.46826171875,9.218033790588379,9.09813404083252
115800,0,enc,5.357134819030762,0.7067309617996216,0.54541015625,1.0031087398529053,1.0035252571105957
115800,1,enc,7.987643718719482,0.42862024903297424,0.22216796875,1.084155797958374,1.010993242263794
115800,2,enc,17.71989631652832,0.746048092842102,0.71240234375,1.2842668294906616,1.3652604818344116
116000,0,enc,5.548275947570801,0.7146244645118713,0.69287109375,1.0113729238510132,1.0097389221191406
116000,1,enc,8.172479629516602,0.4634128212928772,0.269287109375,1.1767380237579346,1.0626214742660522
116000,2,enc,17.730079650878906,0.7765251398086548,0.82373046875,1.385819673538208,1.387946367263794
116000,0,fcst,6.657770156860352,0.7855103611946106,0.64404296875,7.0291748046875,8.6795654296875
116000,1,fcst,6.5586934089660645,0.6016233563423157,0.12420654296875,9.468894004821777,9.651728630065918
116000,2,fcst,3.440446615219116,0.6963513493537903,0.454833984375,9.545981407165527,9.853598594665527
116000,0,enc,5.580934047698975,0.7125743627548218,0.5732421875,1.0186694860458374,1.016762137413025
116000,1,enc,8.134201049804688,0.46833181381225586,0.227294921875,1.120908260345459,1.0093975067138672
116000,2,enc,17.747234344482422,0.780732274055481,0.71630859375,1.2603962421417236,1.288036584854126
116200,0,enc,5.450185775756836,0.6583185791969299,0.61328125,0.9908034801483154,1.0205581188201904
116200,1,enc,8.175068855285645,0.4370301067829132,0.3056640625,1.14478600025177,1.1167666912078857
116200,2,enc,17.816993713378906,0.8617150783538818,0.81591796875,1.3431482315063477,1.2599817514419556
116200,0,fcst,6.740577697753906,0.708017885684967,0.60986328125,6.428149700164795,8.054655075073242
116200,1,fcst,6.645855903625488,0.6350727081298828,0.157470703125,9.713739395141602,9.624288558959961
116200,2,fcst,3.417506217956543,0.6536583304405212,0.451171875,9.285507202148438,9.453421592712402
116200,0,enc,5.465185642242432,0.6645932197570801,0.5009765625,0.9728802442550659,1.006541132926941
116200,1,enc,8.139699935913086,0.43620017170906067,0.23486328125,1.1783238649368286,0.9947044253349304
116200,2,enc,17.769624710083008,0.7652753591537476,0.80126953125,1.2875534296035767,1.2566086053848267
116400,0,enc,5.641990661621094,0.6750845313072205,0.69677734375,0.9281861186027527,0.9276539087295532
116400,1,enc,8.185681343078613,0.45487019419670105,0.326171875,1.3198087215423584,1.0539350509643555
116400,2,enc,17.719545364379883,0.7784960865974426,0.81298828125,1.397749423980713,1.425367832183838
116400,0,fcst,6.871298313140869,0.7148222327232361,0.640625,6.495512008666992,7.9261980056762695
116400,1,fcst,6.805372714996338,0.5431446433067322,0.1405029296875,8.808675765991211,9.253097534179688
116400,2,fcst,3.5440289974212646,0.6052563786506653,0.52392578125,9.256503105163574,9.26918888092041
116400,0,enc,5.63314962387085,0.6754527688026428,0.59521484375,0.9399859309196472,0.9378954768180847
116400,1,enc,8.21479320526123,0.45142537355422974,0.243896484375,1.2531366348266602,0.999840259552002
116400,2,enc,17.725914001464844,0.7541110515594482,0.74560546875,1.2942659854888916,1.3292696475982666
116600,0,enc,5.997172832489014,0.6631416082382202,0.72314453125,0.9451662302017212,0.9461659789085388
116600,1,enc,8.14950942993164,0.4746541976928711,0.30126953125,1.0844231843948364,1.1074305772781372
116600,2,enc,17.711633682250977,0.8671634793281555,0.78662109375,1.3538893461227417,1.3932387828826904
116600,0,fcst,6.850135803222656,0.7920329570770264,0.671875,6.924838066101074,8.806330680847168
116600,1,fcst,6.821979999542236,0.6000267863273621,0.1357421875,9.801271438598633,10.862469673156738
116600,2,fcst,3.430634021759033,0.6649393439292908,0.37158203125,10.93750286102295,11.58420467376709
116600,0,enc,5.86435604095459,0.660470724105835,0.5341796875,0.9534924626350403,0.9549372792243958
116600,1,enc,8.419964790344238,0.4748237431049347,0.2403564453125,1.1694002151489258,0.9915958046913147
116600,2,enc,17.733858108520508,0.779327392578125,0.7255859375,1.222795844078064,1.178087592124939
116800,0,enc,5.981884002685547,0.6962435245513916,0.71337890625,0.9687184691429138,0.9695683717727661
116800,1,enc,8.208501815795898,0.43792787194252014,0.28857421875,1.190547227859497,1.1403801441192627
116800,2,enc,17.67154312133789,0.9360038638114929,0.75537109375,1.4422146081924438,1.4422146081924438
116800,0,fcst,7.0158209800720215,0.7595922946929932,0.64990234375,6.491662979125977,8.158520698547363
116800,1,fcst,6.797857761383057,0.5407232046127319,0.140869140625,9.193732261657715,9.58842658996582
116800,2,fcst,3.5780956745147705,0.6898820400238037,0.456298828125,9.565022468566895,9.91360092163086
116800,0,enc,5.983623504638672,0.692474365234375,0.58837890625,0.9631046056747437,0.9663045406341553
116800,1,enc,8.144989967346191,0.443515807390213,0.27099609375,1.148266077041626,1.065340280532837
116800,2,enc,17.699953079223633,0.7795233726501465,0.71044921875,1.2530373334884644,1.2564916610717773
117000,0,enc,6.012905120849609,0.7145329117774963,0.68115234375,0.9875741004943848,0.9855077862739563
117000,1,enc,8.205169677734375,0.4399074912071228,0.281982421875,1.1980602741241455,1.1980602741241455
117000,2,enc,17.785085678100586,0.9748064279556274,0.85009765625,1.3299493789672852,1.517613172531128
117000,0,fcst,6.856315612792969,0.7490283250808716,0.662109375,6.481832027435303,8.791958808898926
117000,1,fcst,6.75813102722168,0.525495707988739,0.1485595703125,10.12295913696289,10.437087059020996
117000,2,fcst,3.637099266052246,0.6762546300888062,0.4541015625,10.413568496704102,10.779508590698242
117000,0,enc,5.992819786071777,0.7149074077606201,0.587890625,0.9896074533462524,0.9874635934829712
117000,1,enc,8.203031539916992,0.4425680637359619,0.2313232421875,1.1245838403701782,1.0320631265640259
117000,2,enc,17.814315795898438,0.9026451706886292,0.72900390625,1.3217734098434448,1.2980501651763916
117200,0,enc,5.999824523925781,0.7002663016319275,0.67578125,0.9659674167633057,1.0361952781677246
117200,1,enc,8.169123649597168,0.46220502257347107,0.263671875,1.2488782405853271,1.2812049388885498
117200,2,enc,17.715158462524414,1.0373897552490234,0.71630859375,1.3015339374542236,1.3539855480194092
117200,0,fcst,6.907624244689941,0.7457699179649353,0.61572265625,6.200245380401611,7.833643913269043
117200,1,fcst,6.883707046508789,0.5688687562942505,0.1380615234375,8.397394180297852,8.957289695739746
117200,2,fcst,3.537461519241333,0.7060235142707825,0.419677734375,8.970037460327148,9.327591896057129
117200,0,enc,5.946094989776611,0.7002862095832825,0.6015625,0.9697141647338867,1.0243721008300781
117200,1,enc,8.162137031555176,0.46020057797431946,0.2115478515625,1.1189393997192383,1.180105447769165
117200,2,enc,17.690052032470703,0.7562057375907898,0.72998046875,1.3654024600982666,1.3208162784576416
117400,0,enc,6.14601469039917,0.7099428772926331,0.673828125,1.0191200971603394,1.021820068359375
117400,1,enc,8.177112579345703,0.47973716259002686,0.2398681640625,1.1101810932159424,1.2207070589065552
117400,2,enc,17.82067108154297,0.824715256690979,0.837890625,1.3735682964324951,1.3643136024475098
117400,0,fcst,6.715044975280762,0.8433870673179626,0.6220703125,6.387409687042236,7.9209489822387695
117400,1,fcst,6.982876300811768,0.52591872215271,0.12890625,8.518974304199219,8.850507736206055
117400,2,fcst,3.54720139503479,0.6987648606300354,0.4697265625,8.867368698120117,9.367283821105957
117400,0,enc,6.146956443786621,0.7107207179069519,0.57958984375,1.029038429260254,1.031184196472168
117400,1,enc,8.222314834594727,0.4706626832485199,0.192138671875,1.160526156425476,1.030189037322998
117400,2,enc,17.85840606689453,0.7599548101425171,0.71533203125,1.2166523933410645,1.2233433723449707
117600,0,enc,6.1143646240234375,0.7091383934020996,0.73486328125,1.0430803298950195,1.0431013107299805
117600,1,enc,8.62159538269043,0.49331051111221313,0.261962890625,1.200173258781433,1.1343662738800049
117600,2,enc,17.72331428527832,0.8304572701454163,0.75390625,1.5090298652648926,1.5090298652648926
117600,0,fcst,6.419886112213135,0.8365433216094971,0.5849609375,6.326014518737793,7.436558246612549
117600,1,fcst,6.914725303649902,0.6139979958534241,0.150634765625,8.288342475891113,8.591890335083008
117600,2,fcst,3.577852249145508,0.6852707862854004,0.411376953125,8.556532859802246,8.856219291687012
117600,0,enc,6.103211402893066,0.7066470384597778,0.6552734375,1.0451624393463135,1.0461385250091553
117600,1,enc,8.407459259033203,0.472657710313797,0.2015380859375,1.2029602527618408,0.9545121788978577
117600,2,enc,17.73080062866211,0.8340654373168945,0.70947265625,1.2100368738174438,1.2290620803833008
117800,0,enc,6.085718154907227,0.7161667346954346,0.72705078125,1.0750033855438232,1.080263376235962
117800,1,enc,8.344914436340332,0.504090428352356,0.2286376953125,1.2252813577651978,1.1649856567382812
117800,2,enc,17.65706443786621,0.7964991331100464,0.837890625,1.4295334815979004,1.3974090814590454
117800,0,fcst,6.276598930358887,0.8734275698661804,0.64990234375,6.750553131103516,8.21865177154541
117800,1,fcst,6.718003749847412,0.5468965172767639,0.18603515625,9.043277740478516,9.74561882019043
117800,2,fcst,3.528876304626465,0.7950224280357361,0.41552734375,9.845480918884277,10.205995559692383
117800,0,enc,6.088378429412842,0.7155447006225586,0.630859375,1.06854248046875,1.0732345581054688
117800,1,enc,8.441251754760742,0.47875434160232544,0.16748046875,1.1911282539367676,1.0296109914779663
117800,2,enc,17.618785858154297,0.7428853511810303,0.6865234375,1.2833290100097656,1.323185682296753
118000,0,enc,6.019742488861084,0.7053700089454651,0.783203125,1.0939675569534302,1.0939675569534302
118000,1,enc,8.31529712677002,0.48114120960235596,0.2315673828125,1.2433466911315918,1.0953450202941895
118000,2,enc,17.562009811401367,0.9989818334579468,0.869140625,1.5106321573257446,1.4574637413024902
118000,0,fcst,6.283364772796631,0.8767359852790833,0.63671875,6.189579486846924,8.021177291870117
118000,1,fcst,6.640346527099609,0.5432784557342529,0.1488037109375,9.181652069091797,9.718179702758789
118000,2,fcst,3.614866256713867,0.7058718204498291,0.380615234375,9.827835083007812,10.133824348449707
118000,0,enc,6.025002479553223,0.704984188079834,0.67041015625,1.0981602668762207,1.0978965759277344
118000,1,enc,8.459393501281738,0.4709502160549164,0.180908203125,1.155767560005188,1.0115002393722534
118000,2,enc,17.58746910095215,0.896420955657959,0.7001953125,1.4097052812576294,1.336556315422058
118200,0,enc,5.832472324371338,0.7116052508354187,0.7939453125,1.1491910219192505,1.1491910219192505
118200,1,enc,8.670623779296875,0.4640589654445648,0.2003173828125,1.2384909391403198,1.1871113777160645
118200,2,enc,17.574485778808594,0.7636664509773254,0.72900390625,1.326069951057434,1.3444914817810059
118200,0,fcst,6.565234661102295,0.8745984435081482,0.7353515625,6.413435935974121,8.41057300567627
118200,1,fcst,6.564112663269043,0.5631421804428101,0.14404296875,8.911014556884766,9.616851806640625
118200,2,fcst,3.7041573524475098,0.6146956086158752,0.456787109375,9.599113464355469,10.111266136169434
118200,0,enc,5.914331436157227,0.7108404040336609,0.71435546875,1.1544089317321777,1.159165859222412
118200,1,enc,8.643131256103516,0.46422815322875977,0.164794921875,1.1597795486450195,1.0240851640701294
118200,2,enc,17.59164810180664,0.7565204501152039,0.7333984375,1.3040721416473389,1.3398082256317139
118400,0,enc,5.779189109802246,0.6806232333183289,0.80078125,1.1421977281570435,1.1438369750976562
118400,1,enc,8.2180814743042,0.4950411319732666,0.188720703125,1.2232239246368408,1.109576940536499
118400,2,enc,17.52031707763672,0.7798442840576172,0.75830078125,1.4965980052947998,1.448583722114563
118400,0,fcst,6.371973037719727,0.8560150861740112,0.63916015625,6.537209987640381,7.954433917999268
118400,1,fcst,6.683056354522705,0.6691672205924988,0.1507568359375,9.07934856414795,9.539689064025879
118400,2,fcst,3.554037570953369,0.6327528953552246,0.3740234375,9.512804985046387,10.025229454040527
118400,0,enc,5.766768932342529,0.6801829934120178,0.70361328125,1.1349992752075195,1.1384954452514648
118400,1,enc,8.144950866699219,0.49615293741226196,0.159912109375,1.2943882942199707,1.025085687637329
118400,2,enc,17.5034122467041,0.730709969997406,0.703125,1.4308221340179443,1.4028680324554443
118600,0,enc,5.1869611740112305,0.687955379486084,0.83349609375,1.0656524896621704,1.064691185951233
118600,1,enc,8.626298904418945,0.488045871257782,0.207763671875,1.2471404075622559,1.2471404075622559
118600,2,enc,17.631254196166992,0.8069406151771545,0.7041015625,1.5477468967437744,1.5477468967437744
118600,0,fcst,6.554447174072266,0.844871997833252,0.59326171875,6.804419994354248,7.7453742027282715
118600,1,fcst,6.749540328979492,0.5992791652679443,0.1591796875,9.017969131469727,9.017969131469727
118600,2,fcst,3.6418724060058594,0.6022692322731018,0.389404296875,9.107895851135254,9.565524101257324
118600,0,enc,5.166258811950684,0.6856146454811096,0.76611328125,1.0659911632537842,1.0678966045379639
118600,1,enc,8.408096313476562,0.5047993659973145,0.1697998046875,1.2157939672470093,0.9654089212417603
118600,2,enc,17.620773315429688,0.7891889214515686,0.65087890625,1.337404727935791,1.265444278717041
118800,0,enc,4.966604232788086,0.7106247544288635,0.87939453125,1.0505298376083374,1.0537363290786743
118800,1,enc,7.697889804840088,0.5062569379806519,0.225341796875,1.1054719686508179,1.1325955390930176
118800,2,enc,17.758460998535156,0.8290524482727051,0.76123046875,1.5734533071517944,1.5734533071517944
118800,0,fcst,6.76366662979126,0.7297952175140381,0.7939453125,6.46408748626709,8.029842376708984
118800,1,fcst,6.815577507019043,0.667710542678833,0.1492919921875,8.822409629821777,9.493525505065918
118800,2,fcst,3.786576986312866,0.597296416759491,0.443603515625,9.493525505065918,9.668067932128906
118800,0,enc,4.999063014984131,0.7099102735519409,0.794921875,1.0636658668518066,1.0665593147277832
118800,1,enc,7.779821872711182,0.5073152184486389,0.1910400390625,1.1976863145828247,0.9649629592895508
118800,2,enc,17.738767623901367,0.7828712463378906,0.73876953125,1.576279878616333,1.502610445022583
119000,0,enc,5.139990329742432,0.693725049495697,0.83154296875,1.0712437629699707,1.0734901428222656
119000,1,enc,7.688488006591797,0.4859110116958618,0.256591796875,1.1062259674072266,1.1907273530960083
119000,2,enc,17.760454177856445,0.8723317980766296,0.83154296875,1.7277579307556152,1.5995841026306152
119000,0,fcst,7.045726299285889,0.7511540651321411,0.5986328125,6.209066390991211,7.368574142456055
119000,1,fcst,6.930548191070557,0.6019849181175232,0.128662109375,8.241628646850586,9.038612365722656
119000,2,fcst,3.8871028423309326,0.6630274653434753,0.384033203125,9.019539833068848,9.600051879882812
119000,0,enc,5.274089336395264,0.6965590119361877,0.74462890625,1.0790849924087524,1.082069993019104
119000,1,enc,7.395284175872803,0.4813579022884369,0.197509765625,1.1057275533676147,1.039668083190918
119000,2,enc,17.722118377685547,0.8250083327293396,0.71240234375,1.5602726936340332,1.4559636116027832
119200,0,enc,5.15324592590332,0.696817934513092,0.83056640625,1.0442014932632446,1.0402405261993408
119200,1,enc,7.764153957366943,0.47425171732902527,0.236083984375,1.2621524333953857,1.1070809364318848
119200,2,enc,17.73906707763672,0.7874501347541809,0.79248046875,1.3807650804519653,1.3200958967208862
119200,0,fcst,7.088683605194092,0.7658641934394836,0.6796875,6.343715667724609,7.981256484985352
119200,1,fcst,6.940073490142822,0.6771401762962341,0.14990234375,9.010684967041016,9.095611572265625
119200,2,fcst,3.654209852218628,0.6490201354026794,0.43408203125,9.169022560119629,9.333410263061523
119200,0,enc,5.204926490783691,0.699354350566864,0.751953125,1.0540745258331299,1.050593614578247
119200,1,enc,7.766357898712158,0.4913366138935089,0.1839599609375,1.2141108512878418,1.002665638923645
119200,2,enc,17.743061065673828,0.7523136138916016,0.7109375,1.2761412858963013,1.2142211198806763
119400,0,enc,5.309537887573242,0.7153902649879456,0.87451171875,1.0084795951843262,1.0078946352005005
119400,1,enc,7.358480930328369,0.4851435422897339,0.32861328125,1.3129734992980957,1.3129734992980957
119400,2,enc,17.83717918395996,0.7747890949249268,0.75048828125,1.3795281648635864,1.3415513038635254
119400,0,fcst,7.161662578582764,0.7159444093704224,0.66650390625,6.616098403930664,7.83431339263916
119400,1,fcst,6.884730815887451,0.671088457107544,0.1583251953125,9.317181587219238,9.761246681213379
119400,2,fcst,3.590104579925537,0.6495890021324158,0.411865234375,9.791407585144043,10.062403678894043
119400,0,enc,5.301011562347412,0.714158296585083,0.77978515625,1.0081336498260498,1.0061633586883545
119400,1,enc,7.5224103927612305,0.48603883385658264,0.2138671875,1.257995843887329,1.0225682258605957
119400,2,enc,17.835010528564453,0.7223212718963623,0.72314453125,1.3762539625167847,1.3287380933761597
119600,0,enc,5.222873210906982,0.7028006315231323,0.82666015625,0.9625012874603271,1.0310791730880737
119600,1,enc,7.244790077209473,0.4701530933380127,0.307861328125,1.3773752450942993,1.1807184219360352
119600,2,enc,17.915668487548828,0.7955513596534729,0.826171875,1.3967831134796143,1.3768110275268555
119600,0,fcst,7.352748394012451,0.6942799091339111,0.68505859375,6.418829917907715,7.525731086730957
119600,1,fcst,6.778501987457275,0.7064876556396484,0.164306640625,8.520641326904297,8.978269577026367
119600,2,fcst,3.6372830867767334,0.5971908569335938,0.4306640625,9.000280380249023,9.364592552185059
119600,0,enc,5.13901948928833,0.699152946472168,0.7333984375,0.9635323882102966,1.0387494564056396
119600,1,enc,7.014073848724365,0.44874340295791626,0.2056884765625,1.273037314414978,1.1148364543914795
119600,2,enc,17.873912811279297,0.7387282252311707,0.767578125,1.4866894483566284,1.479258418083191
119800,0,enc,5.045230865478516,0.711664617061615,0.82373046875,0.9994916319847107,1.000330924987793
119800,1,enc,7.299564838409424,0.4646465480327606,0.2666015625,1.1714732646942139,1.0421925783157349
119800,2,enc,18.23240852355957,0.8065305948257446,0.77001953125,1.5308866500854492,1.5378929376602173
119800,0,fcst,7.368446350097656,0.6454795598983765,0.81005859375,7.20477819442749,8.059270858764648
119800,1,fcst,6.636931419372559,0.6501966118812561,0.1807861328125,8.961021423339844,9.244596481323242
119800,2,fcst,3.50825834274292,0.5894710421562195,0.406982421875,9.084085464477539,9.238656997680664
119800,0,enc,5.084698677062988,0.7080141305923462,0.74560546875,1.0011277198791504,1.0028815269470215
119800,1,enc,7.375475883483887,0.4558018743991852,0.193359375,1.1314870119094849,1.0140738487243652
119800,2,enc,18.237112045288086,0.7060253024101257,0.70751953125,1.3134273290634155,1.2780574560165405
120000,0,enc,5.0982208251953125,0.7388800978660583,0.9248046875,1.0002989768981934,1.0037215948104858
120000,1,enc,7.464068412780762,0.48476865887641907,0.272216796875,1.1754343509674072,1.0860546827316284
120000,2,enc,18.038867950439453,0.976129949092865,0.84423828125,1.4222362041473389,1.3444076776504517
120000,0,fcst,7.302306652069092,0.7008885145187378,0.77587890625,6.271341323852539,7.959421157836914
120000,1,fcst,6.631002902984619,0.6752951741218567,0.1629638671875,8.127118110656738,8.816994667053223
120000,2,fcst,3.4918625354766846,0.6685613393783569,0.4658203125,8.863568305969238,8.863568305969238
120000,0,enc,5.072972774505615,0.7347118854522705,0.77783203125,1.0234873294830322,1.0276682376861572
120000,1,enc,7.482240676879883,0.4643547236919403,0.223876953125,1.1758131980895996,0.9667680263519287
120000,2,enc,18.090063095092773,0.9464327692985535,0.76220703125,1.3135563135147095,1.2576546669006348
120200,0,enc,4.7018561363220215,0.7562387585639954,0.93115234375,1.0069537162780762,1.0095243453979492
120200,1,enc,7.449123382568359,0.48150569200515747,0.27783203125,1.4339436292648315,1.13104248046875
120200,2,enc,17.905458450317383,0.7666677236557007,0.87451171875,1.455373764038086,1.3775200843811035
120200,0,fcst,7.2995476722717285,0.6984044313430786,0.67626953125,6.5505266189575195,7.477842807769775
120200,1,fcst,6.650749206542969,0.6655914783477783,0.1888427734375,8.49948787689209,9.083176612854004
120200,2,fcst,3.4205377101898193,0.6556990146636963,0.5048828125,9.083176612854004,9.72445297241211
120200,0,enc,4.75175666809082,0.7548297643661499,0.82958984375,1.0022597312927246,1.0042719841003418
120200,1,enc,7.1808648109436035,0.477180153131485,0.1986083984375,1.3384356498718262,0.9829173684120178
120200,2,enc,17.891666412353516,0.7507399916648865,0.7373046875,1.3319817781448364,1.2511755228042603
120400,0,enc,4.896631717681885,0.7877167463302612,0.8583984375,0.9211814403533936,0.9203517436981201
120400,1,enc,6.7363057136535645,0.45796942710876465,0.27587890625,1.289724349975586,1.2005796432495117
120400,2,enc,17.782398223876953,0.9670645594596863,0.8720703125,1.4324853420257568,1.4285433292388916
120400,0,fcst,7.2518792152404785,0.701837956905365,0.73193359375,6.229536056518555,7.889692306518555
120400,1,fcst,6.8116021156311035,0.6712417602539062,0.189697265625,9.153353691101074,10.186738967895508
120400,2,fcst,3.519871711730957,0.6086888313293457,0.384765625,10.18742561340332,10.541158676147461
120400,0,enc,4.880247116088867,0.7902157306671143,0.75146484375,0.9314106702804565,0.9312198162078857
120400,1,enc,7.173155307769775,0.4706692099571228,0.2437744140625,1.2926857471466064,1.007354736328125
120400,2,enc,17.769081115722656,0.8020928502082825,0.724609375,1.4021209478378296,1.3594878911972046
120600,0,enc,5.0379791259765625,0.7740941047668457,0.80859375,0.9498209357261658,0.950342059135437
120600,1,enc,6.990878105163574,0.4522934556007385,0.266357421875,1.2128551006317139,0.9907277822494507
120600,2,enc,17.756366729736328,0.8464049696922302,0.80126953125,1.371513843536377,1.4713401794433594
120600,0,fcst,7.369194030761719,0.677985429763794,0.66552734375,6.2798638343811035,7.357878684997559
120600,1,fcst,6.716464519500732,0.6752352714538574,0.175537109375,8.133611679077148,8.515556335449219
120600,2,fcst,3.6717286109924316,0.6178914308547974,0.3828125,8.56552505493164,9.828516960144043
120600,0,enc,4.940551280975342,0.7735306620597839,0.68408203125,0.9134135842323303,0.9621813297271729
120600,1,enc,7.078897476196289,0.43595319986343384,0.2333984375,1.1708552837371826,1.0210723876953125
120600,2,enc,17.751163482666016,0.8208202719688416,0.73681640625,1.4796358346939087,1.3933931589126587
120800,0,enc,4.964118957519531,0.779391348361969,0.8134765625,0.9699938893318176,0.971888542175293
120800,1,enc,7.1114726066589355,0.48785558342933655,0.2357177734375,1.1633071899414062,1.1343060731887817
120800,2,enc,18.054365158081055,0.8386775851249695,0.77783203125,1.3499605655670166,1.3937186002731323
120800,0,fcst,7.363147258758545,0.6810632944107056,0.6669921875,6.209458827972412,7.8426127433776855
120800,1,fcst,6.872562885284424,0.7445416450500488,0.203125,9.240482330322266,9.2357177734375
120800,2,fcst,3.570896625518799,0.634113609790802,0.447265625,9.243715286254883,9.153290748596191
120800,0,enc,4.938333034515381,0.7791144251823425,0.71728515625,0.9902651906013489,1.001220941543579
120800,1,enc,7.109397888183594,0.4481404423713684,0.20703125,1.1977168321609497,1.0324513912200928
120800,2,enc,18.031084060668945,0.7543311715126038,0.73095703125,1.2131072282791138,1.2418255805969238
121000,0,enc,4.83582878112793,0.7788785696029663,0.82275390625,0.935684859752655,0.9375466704368591
121000,1,enc,7.066864013671875,0.4821363091468811,0.26513671875,1.2680131196975708,1.2798455953598022
121000,2,enc,17.941802978515625,0.9031771421432495,0.7734375,1.5363155603408813,1.5066626071929932
121000,0,fcst,7.304116249084473,0.7826699614524841,0.67919921875,6.400261878967285,7.669349193572998
121000,1,fcst,6.673406600952148,0.6206281781196594,0.21337890625,8.374573707580566,8.782831192016602
121000,2,fcst,3.5111899375915527,0.6720156073570251,0.44970703125,8.785621643066406,9.553308486938477
121000,0,enc,4.838466644287109,0.7774016261100769,0.70166015625,0.9440812468528748,0.9462937712669373
121000,1,enc,7.454408645629883,0.4507059156894684,0.2156982421875,1.2338403463363647,1.117457389831543
121000,2,enc,18.008209228515625,0.8785064220428467,0.7802734375,1.2631072998046875,1.252734899520874
121200,0,enc,4.802116870880127,0.7700926065444946,0.74755859375,0.903649091720581,0.903649091720581
121200,1,enc,7.452197074890137,0.48902976512908936,0.302978515625,1.185044288635254,1.185044288635254
121200,2,enc,17.978086471557617,0.7945381999015808,0.8291015625,1.4468462467193604,1.4001543521881104
121200,0,fcst,7.08172082901001,0.7307815551757812,0.68798828125,5.991434097290039,8.019039154052734
121200,1,fcst,6.627590656280518,0.5821511149406433,0.2183837890625,8.285679817199707,9.166213989257812
121200,2,fcst,3.590575695037842,0.6692907214164734,0.47412109375,9.166213989257812,9.337247848510742
121200,0,enc,4.843111991882324,0.7716249823570251,0.6484375,0.91428542137146,0.9130513668060303
121200,1,enc,7.419683456420898,0.45947155356407166,0.24267578125,1.1564534902572632,1.1580532789230347
121200,2,enc,18.004114151000977,0.8644248247146606,0.7138671875,1.2232099771499634,1.2324186563491821
121400,0,enc,4.68119478225708,0.7555131912231445,0.76025390625,0.9360226988792419,0.9419165253639221
121400,1,enc,7.279941558837891,0.4758438169956207,0.287109375,1.2358471155166626,1.2015857696533203
121400,2,enc,17.689916610717773,0.8416650891304016,0.80224609375,1.7541900873184204,1.8043651580810547
121400,0,fcst,7.125349998474121,0.7101202011108398,0.658203125,6.543694972991943,7.365797996520996
121400,1,fcst,6.579622745513916,0.5519877672195435,0.23779296875,8.293380737304688,8.643857955932617
121400,2,fcst,3.6354236602783203,0.6450594067573547,0.453369140625,8.719672203063965,9.19737434387207
121400,0,enc,4.708805084228516,0.7576675415039062,0.65673828125,0.94307941198349,0.9405941367149353
121400,1,enc,7.265659332275391,0.4579055905342102,0.2393798828125,1.1761856079101562,0.9927011728286743
121400,2,enc,17.703365325927734,0.7587336301803589,0.87158203125,1.4064428806304932,1.4061555862426758
121600,0,enc,4.829094409942627,0.7531228065490723,0.71435546875,1.0210950374603271,1.015614628791809
121600,1,enc,7.3033127784729,0.44883719086647034,0.290771484375,1.1439844369888306,1.0850625038146973
121600,2,enc,17.65281867980957,0.7827939391136169,0.798828125,1.386136770248413,1.3886299133300781
121600,0,fcst,7.1047210693359375,0.7817532420158386,0.7509765625,6.478945255279541,8.849567413330078
121600,1,fcst,6.584913730621338,0.5288206934928894,0.248779296875,8.911678314208984,9.301410675048828
121600,2,fcst,3.581861972808838,0.6435109972953796,0.37939453125,9.308609008789062,9.847074508666992
121600,0,enc,4.808474540710449,0.7527094483375549,0.6142578125,1.0136924982070923,1.003797173500061
121600,1,enc,7.303246974945068,0.45229122042655945,0.237060546875,1.1056113243103027,1.0918493270874023
121600,2,enc,17.624156951904297,0.7364376187324524,0.783203125,1.3448023796081543,1.3301692008972168
121800,0,enc,5.057981014251709,0.7545803785324097,0.70556640625,0.9554250836372375,0.9825747609138489
121800,1,enc,7.4448394775390625,0.43939414620399475,0.2587890625,1.257238745689392,1.1684256792068481
121800,2,enc,17.544099807739258,0.84593665599823,0.80419921875,1.5769639015197754,1.6339300870895386
121800,0,fcst,7.068935394287109,0.7700230479240417,0.68896484375,6.074306011199951,7.221704006195068
121800,1,fcst,6.547046184539795,0.7250677943229675,0.23046875,8.666494369506836,9.000153541564941
121800,2,fcst,3.530008316040039,0.6619336605072021,0.415771484375,9.007275581359863,9.43617057800293
121800,0,enc,5.0255889892578125,0.7548148036003113,0.56640625,0.9546317458152771,0.9616818428039551
121800,1,enc,7.494140625,0.4406609535217285,0.2158203125,1.1290568113327026,1.0269747972488403
121800,2,enc,17.54019546508789,0.875167191028595,0.8447265625,1.321645736694336,1.3091375827789307
122000,0,enc,5.1841301918029785,0.7523097991943359,0.69970703125,0.967932403087616,0.972531259059906
122000,1,enc,7.284440517425537,0.4654616117477417,0.276123046875,1.2055116891860962,1.1111023426055908
122000,2,enc,17.51708984375,0.7232223153114319,0.82373046875,1.2723519802093506,1.3274990320205688
122000,0,fcst,7.152825832366943,0.7069674730300903,0.7119140625,6.01971435546875,8.17032241821289
122000,1,fcst,6.539746284484863,0.7291908264160156,0.2239990234375,9.045225143432617,9.568771362304688
122000,2,fcst,3.6154730319976807,0.626458466053009,0.422119140625,9.626818656921387,9.981847763061523
122000,0,enc,5.179222106933594,0.751237690448761,0.60400390625,0.9644185900688171,0.9663583636283875
122000,1,enc,7.495280742645264,0.4555167257785797,0.2362060546875,1.1545062065124512,0.9962371587753296
122000,2,enc,17.523534774780273,0.9024480581283569,0.759765625,1.3535680770874023,1.2283239364624023
122200,0,enc,5.174752712249756,0.751545786857605,0.66943359375,0.9755306839942932,0.98210608959198
122200,1,enc,7.459172248840332,0.48227936029434204,0.25732421875,1.1677049398422241,1.3014256954193115
122200,2,enc,17.641267776489258,0.7993154525756836,0.7900390625,1.5699905157089233,1.5681753158569336
122200,0,fcst,7.163345813751221,0.6822919845581055,0.7109375,6.020452976226807,7.27459716796875
122200,1,fcst,6.598058223724365,0.6577960848808289,0.275146484375,7.822183609008789,8.551350593566895
122200,2,fcst,3.5198440551757812,0.7063186168670654,0.40673828125,8.54138469696045,8.630903244018555
122200,0,enc,5.186328887939453,0.7507888078689575,0.57861328125,0.9899932146072388,1.0000640153884888
122200,1,enc,7.503357410430908,0.4469396471977234,0.253662109375,1.1408076286315918,1.2622122764587402
122200,2,enc,17.635433197021484,0.7266769409179688,0.85107421875,1.4098336696624756,1.3766305446624756
122400,0,enc,5.260164737701416,0.7770764231681824,0.71240234375,1.030840516090393,1.0282189846038818
122400,1,enc,7.907254219055176,0.4715861976146698,0.27734375,1.2068783044815063,1.1310508251190186
122400,2,enc,17.575931549072266,0.7668741941452026,0.79833984375,1.5547645092010498,1.4821326732635498
122400,0,fcst,7.031625747680664,0.6583966016769409,0.76025390625,6.098970890045166,7.634886741638184
122400,1,fcst,6.665964126586914,0.6630969047546387,0.256591796875,8.217162132263184,8.517184257507324
122400,2,fcst,3.671900749206543,0.6634951233863831,0.4189453125,8.516977310180664,8.752437591552734
122400,0,enc,5.229348182678223,0.7761393785476685,0.5556640625,1.041743516921997,1.0391266345977783
122400,1,enc,7.904753684997559,0.4649195373058319,0.2320556640625,1.2758920192718506,1.0261958837509155
122400,2,enc,17.57841682434082,0.7490464448928833,0.69287109375,1.290350079536438,1.3420076370239258
122600,0,enc,5.195939064025879,0.783051073551178,0.70654296875,1.0267152786254883,1.0267152786254883
122600,1,enc,7.889158725738525,0.4689415395259857,0.308349609375,1.3830504417419434,1.0335147380828857
122600,2,enc,17.497928619384766,0.7408473491668701,0.791015625,1.5671322345733643,1.721347689628601
122600,0,fcst,7.096253871917725,0.6862289905548096,0.70947265625,6.203856945037842,7.226276397705078
122600,1,fcst,6.979547500610352,0.6936361789703369,0.2264404296875,8.352310180664062,8.7922945022583
122600,2,fcst,3.6755921840667725,0.7703413963317871,0.406982421875,8.78803539276123,9.351729393005371
122600,0,enc,5.152026176452637,0.7816661596298218,0.591796875,1.032257080078125,1.0362586975097656
122600,1,enc,7.7887139320373535,0.4771144688129425,0.2509765625,1.3892518281936646,0.9335594177246094
122600,2,enc,17.489774703979492,0.7709522247314453,0.71337890625,1.4678558111190796,1.5348113775253296
122800,0,enc,5.154499053955078,0.7845205664634705,0.74072265625,1.0029538869857788,1.0516124963760376
122800,1,enc,7.542598724365234,0.4707430899143219,0.261962890625,1.2455530166625977,1.2455530166625977
122800,2,enc,17.367389678955078,0.7996375560760498,0.8271484375,1.5152807235717773,1.515058159828186
122800,0,fcst,7.0848283767700195,0.7340790033340454,0.66845703125,6.004796028137207,7.275516033172607
122800,1,fcst,7.052985668182373,0.6441689729690552,0.2119140625,8.151532173156738,8.241066932678223
122800,2,fcst,3.8178772926330566,0.7142120003700256,0.414794921875,8.223335266113281,8.788737297058105
122800,0,enc,5.146787166595459,0.7861245274543762,0.61279296875,1.014052152633667,1.056685209274292
122800,1,enc,7.506838321685791,0.4609217345714569,0.2171630859375,1.2495412826538086,1.0931845903396606
122800,2,enc,17.391767501831055,0.7580586671829224,0.74755859375,1.2691667079925537,1.265491247177124
123000,0,enc,5.179539203643799,0.7505176663398743,0.74853515625,0.9273267984390259,0.9284236431121826
123000,1,enc,7.742917537689209,0.4801965057849884,0.2666015625,1.2276619672775269,1.016310691833496
123000,2,enc,17.46781349182129,0.8859996795654297,0.767578125,1.4666249752044678,1.6197553873062134
123000,0,fcst,7.054229259490967,0.7069346308708191,0.76171875,6.098213195800781,7.798716068267822
123000,1,fcst,7.480454444885254,0.6236835718154907,0.204833984375,8.766580581665039,9.212544441223145
123000,2,fcst,3.7882752418518066,0.7034489512443542,0.415283203125,9.286261558532715,9.79190444946289
123000,0,enc,5.1721510887146,0.7519945502281189,0.59423828125,0.936295211315155,0.9403464198112488
123000,1,enc,7.609800815582275,0.49203065037727356,0.22216796875,1.2020868062973022,0.9845455884933472
123000,2,enc,17.452180862426758,0.781267523765564,0.75244140625,1.3907780647277832,1.4298701286315918
123200,0,enc,5.106168270111084,0.7560634613037109,0.697265625,0.9795881509780884,0.9784863591194153
123200,1,enc,7.4896979331970215,0.47901496291160583,0.313232421875,1.181302785873413,1.0730915069580078
123200,2,enc,17.48438262939453,0.776894211769104,0.892578125,1.404384970664978,1.4003392457962036
123200,0,fcst,7.090271949768066,0.7014850378036499,0.68603515625,6.015866756439209,7.676385879516602
123200,1,fcst,7.868544101715088,0.725890040397644,0.283935546875,8.203391075134277,8.509003639221191
123200,2,fcst,3.7580602169036865,0.76582932472229,0.377685546875,8.508879661560059,8.633607864379883
123200,0,enc,5.094645023345947,0.7557520866394043,0.58642578125,0.9800543785095215,0.9871605634689331
123200,1,enc,7.401731491088867,0.4726763963699341,0.2406005859375,1.1957730054855347,1.0797500610351562
123200,2,enc,17.51856231689453,0.7597869038581848,0.73974609375,1.2194578647613525,1.2322142124176025
123400,0,enc,5.058701992034912,0.7538527250289917,0.68505859375,1.0075126886367798,1.0515669584274292
123400,1,enc,7.570063591003418,0.48581013083457947,0.265625,1.2782107591629028,1.174191951751709
123400,2,enc,17.45123291015625,0.7888333201408386,0.82568359375,1.469515323638916,1.4730291366577148
123400,0,fcst,7.116156578063965,0.6760255694389343,0.6884765625,6.260334491729736,7.7750139236450195
123400,1,fcst,7.9778923988342285,0.6303136348724365,0.263427734375,8.6090726852417,8.895259857177734
123400,2,fcst,3.7920608520507812,0.7015774250030518,0.404541015625,8.895259857177734,9.296463966369629
123400,0,enc,5.059408187866211,0.7551946043968201,0.58203125,1.0223876237869263,1.0278578996658325
123400,1,enc,7.5453948974609375,0.4717656075954437,0.2366943359375,1.2377607822418213,1.1473031044006348
123400,2,enc,17.469545364379883,0.7578402757644653,0.7373046875,1.3960226774215698,1.4908102750778198
123600,0,enc,4.980565071105957,0.7508945465087891,0.76318359375,1.0275728702545166,1.0426452159881592
123600,1,enc,7.474295616149902,0.5013149976730347,0.29150390625,1.3855656385421753,1.0614380836486816
123600,2,enc,17.443119049072266,0.8696500062942505,0.892578125,1.415610432624817,1.444924235343933
123600,0,fcst,7.112712383270264,0.6931176781654358,0.69921875,5.938723564147949,7.287492752075195
123600,1,fcst,8.004150390625,0.7748056054115295,0.345703125,7.987596035003662,8.18946361541748
123600,2,fcst,3.794621229171753,0.6661049127578735,0.43212890625,8.232194900512695,8.661077499389648
123600,0,enc,5.0138983726501465,0.7519281506538391,0.6396484375,1.022929310798645,1.035233736038208
123600,1,enc,7.565245151519775,0.4992780387401581,0.2315673828125,1.2985389232635498,0.9821816086769104
123600,2,enc,17.444435119628906,0.7560612559318542,0.82470703125,1.2692921161651611,1.2831318378448486
123800,0,enc,4.915081977844238,0.7580511569976807,0.7724609375,1.0162553787231445,1.023698329925537
123800,1,enc,7.4125657081604,0.5014862418174744,0.293701171875,1.378105640411377,1.3122966289520264
123800,2,enc,17.568214416503906,0.8032417893409729,0.8701171875,1.3947508335113525,1.3257256746292114
123800,0,fcst,7.223107814788818,0.7019281983375549,0.70068359375,6.1780853271484375,7.721456050872803
123800,1,fcst,8.504094123840332,0.6752680540084839,0.2125244140625,8.216054916381836,8.53500747680664
123800,2,fcst,4.005370140075684,0.6188963651657104,0.413818359375,8.527664184570312,9.142871856689453
123800,0,enc,4.908639430999756,0.7581056356430054,0.62939453125,1.013628363609314,1.019548773765564
123800,1,enc,7.484143257141113,0.5004553198814392,0.23388671875,1.3759618997573853,0.9700920581817627
123800,2,enc,17.545812606811523,0.8559359908103943,0.75927734375,1.46672523021698,1.40330970287323
124000,0,enc,4.893370628356934,0.7594800591468811,0.8046875,1.0243474245071411,1.0235188007354736
124000,1,enc,7.60632848739624,0.48382169008255005,0.29638671875,1.440017580986023,1.2857393026351929
124000,2,enc,17.460247039794922,0.8494194149971008,0.86669921875,1.4588088989257812,1.510485291481018
124000,0,fcst,7.223908424377441,0.7151184678077698,0.7373046875,6.663201332092285,8.167962074279785
124000,1,fcst,8.6766996383667,0.7281168699264526,0.262451171875,8.328546524047852,8.693672180175781
124000,2,fcst,3.790011167526245,0.7775707840919495,0.397216796875,8.70517349243164,8.721291542053223
124000,0,enc,4.898492813110352,0.7585827708244324,0.66845703125,1.0194382667541504,1.0188822746276855
124000,1,enc,7.650335311889648,0.48466596007347107,0.2374267578125,1.3042972087860107,1.0077364444732666
124000,2,enc,17.445709228515625,0.9119670987129211,0.8046875,1.2981194257736206,1.3121041059494019
124200,0,enc,5.011161804199219,0.7373847365379333,0.7705078125,1.0296995639801025,1.0278494358062744
124200,1,enc,7.286501407623291,0.4866180121898651,0.28369140625,1.399713397026062,1.1702489852905273
124200,2,enc,17.654569625854492,0.8305658102035522,0.83544921875,1.3834182024002075,1.4700202941894531
124200,0,fcst,7.171679973602295,0.7726777195930481,0.765625,6.201669692993164,8.216114044189453
124200,1,fcst,8.590521812438965,0.6808891892433167,0.2371826171875,8.297151565551758,8.836516380310059
124200,2,fcst,3.776127338409424,0.7454719543457031,0.469482421875,8.839773178100586,9.253998756408691
124200,0,enc,4.992198467254639,0.7333191633224487,0.64501953125,1.0042078495025635,1.0024635791778564
124200,1,enc,7.515946388244629,0.487857848405838,0.220947265625,1.3582336902618408,0.9649362564086914
124200,2,enc,17.63892936706543,0.7771095037460327,0.73583984375,1.2290089130401611,1.3568165302276611
124400,0,enc,5.012712001800537,0.7294339537620544,0.76025390625,0.9418021440505981,1.0558068752288818
124400,1,enc,7.766157627105713,0.4925342798233032,0.281005859375,1.2950446605682373,1.2205238342285156
124400,2,enc,17.74920082092285,0.7825291752815247,0.84228515625,1.3717352151870728,1.3597421646118164
124400,0,fcst,7.138263702392578,0.8587443232536316,0.689453125,6.106147766113281,7.8500471115112305
124400,1,fcst,8.565266609191895,0.6170085072517395,0.3046875,7.823990345001221,8.889183044433594
124400,2,fcst,3.699288845062256,0.8003318905830383,0.436279296875,8.889851570129395,9.433199882507324
124400,0,enc,5.013753890991211,0.7273856401443481,0.59765625,0.9472068548202515,0.9993855953216553
124400,1,enc,7.798312664031982,0.49142971634864807,0.243408203125,1.2486227750778198,1.0704562664031982
124400,2,enc,17.683643341064453,0.7390539646148682,0.80224609375,1.2357420921325684,1.2264494895935059
124600,0,enc,5.061277389526367,0.7205867171287537,0.701171875,0.9531289339065552,1.0460176467895508
124600,1,enc,7.710748195648193,0.49539899826049805,0.318359375,1.2482441663742065,1.077825903892517
124600,2,enc,17.576946258544922,0.9235202670097351,0.78564453125,1.3695223331451416,1.3695223331451416
124600,0,fcst,7.042712688446045,0.7912297248840332,0.6650390625,6.10720682144165,7.644983291625977
124600,1,fcst,8.693218231201172,0.6783000826835632,0.225830078125,7.870546340942383,8.161394119262695
124600,2,fcst,3.7407829761505127,0.8036201000213623,0.49951171875,8.169933319091797,8.515799522399902
124600,0,enc,5.052600383758545,0.7191194295883179,0.59619140625,0.9547975063323975,0.9916040301322937
124600,1,enc,7.641715049743652,0.49458765983581543,0.2454833984375,1.2280932664871216,0.9987134337425232
124600,2,enc,17.603172302246094,0.9024571180343628,0.728515625,1.287635087966919,1.342231035232544
124800,0,enc,5.137877941131592,0.7223969101905823,0.69775390625,0.9826780557632446,0.9814202785491943
124800,1,enc,7.514871120452881,0.5025366544723511,0.32470703125,1.1970036029815674,1.1019797325134277
124800,2,enc,17.59787940979004,0.8920031785964966,0.8349609375,1.3374664783477783,1.2934577465057373
124800,0,fcst,7.13630485534668,0.7010751962661743,0.740234375,6.0908379554748535,7.431196212768555
124800,1,fcst,8.384743690490723,0.7383787035942078,0.335693359375,8.364852905273438,8.680248260498047
124800,2,fcst,3.720214605331421,0.7685559988021851,0.47265625,8.775537490844727,9.30572509765625
124800,0,enc,5.1396565437316895,0.7214692831039429,0.5556640625,0.967886209487915,0.9669415950775146
124800,1,enc,7.38947057723999,0.5025795698165894,0.254638671875,1.2741570472717285,1.005664587020874
124800,2,enc,17.570648193359375,0.8879745602607727,0.8623046875,1.2005705833435059,1.2067533731460571
125000,0,enc,5.0094895362854,0.7357428073883057,0.68798828125,0.9955304265022278,0.9921861886978149
125000,1,enc,7.382011413574219,0.5219377279281616,0.30615234375,1.2783560752868652,1.146505355834961
125000,2,enc,17.675268173217773,0.8035691976547241,0.91259765625,1.3347567319869995,1.3398230075836182
125000,0,fcst,7.141059875488281,0.7293469309806824,0.71044921875,5.873826026916504,7.456155776977539
125000,1,fcst,8.89464282989502,0.7132328152656555,0.256103515625,8.197969436645508,8.592567443847656
125000,2,fcst,3.7606334686279297,0.7778139710426331,0.5517578125,8.592567443847656,8.983735084533691
125000,0,enc,5.025987148284912,0.7345215678215027,0.58154296875,0.9938020706176758,0.9912996292114258
125000,1,enc,7.521960735321045,0.5187264084815979,0.2459716796875,1.2493870258331299,1.00882089138031
125000,2,enc,17.677263259887695,0.8143618702888489,0.74609375,1.218374490737915,1.20235276222229
125200,0,enc,4.989378452301025,0.7227286100387573,0.68505859375,0.9416771531105042,0.9470855593681335
125200,1,enc,7.635459899902344,0.5336804389953613,0.3076171875,1.2588497400283813,1.2177292108535767
125200,2,enc,17.65122413635254,0.7609655857086182,0.810546875,1.4984099864959717,1.4527692794799805
125200,0,fcst,7.143486976623535,0.7519488334655762,0.72900390625,6.166871547698975,7.468510627746582
125200,1,fcst,8.860269546508789,0.6745558381080627,0.283203125,8.194595336914062,8.194595336914062
125200,2,fcst,3.8424363136291504,0.842896580696106,0.497802734375,8.171911239624023,8.534867286682129
125200,0,enc,5.027680397033691,0.7255287170410156,0.556640625,0.9666163921356201,0.9703948497772217
125200,1,enc,7.535209655761719,0.5310857892036438,0.264892578125,1.2381553649902344,1.0193095207214355
125200,2,enc,17.62457847595215,0.7759827375411987,0.75634765625,1.1727101802825928,1.18009352684021
125400,0,enc,4.94938850402832,0.6988809108734131,0.64892578125,0.955507218837738,0.9542102217674255
125400,1,enc,7.598567485809326,0.5312393307685852,0.32421875,1.3152782917022705,1.040575385093689
125400,2,enc,17.639358520507812,0.9362506866455078,0.7705078125,1.3648250102996826,1.4132122993469238
125400,0,fcst,7.190646171569824,0.7538881897926331,0.6611328125,6.096118450164795,7.326889991760254
125400,1,fcst,9.083087921142578,0.699608325958252,0.2763671875,9.0523099899292,9.51237964630127
125400,2,fcst,3.907069206237793,0.785290539264679,0.54345703125,9.514704704284668,9.727377891540527
125400,0,enc,5.036708354949951,0.6984570622444153,0.53515625,0.9488344788551331,0.9493182301521301
125400,1,enc,7.450838565826416,0.5334703922271729,0.259765625,1.2618807554244995,0.9869366884231567
125400,2,enc,17.643688201904297,0.859305202960968,0.74365234375,1.1554402112960815,1.1748621463775635
125600,0,enc,4.992572784423828,0.6718530058860779,0.63671875,0.9695308208465576,0.9702545404434204
125600,1,enc,7.49813175201416,0.5360636115074158,0.309814453125,1.2611932754516602,1.1974785327911377
125600,2,enc,17.68035888671875,0.8720875382423401,0.78466796875,1.4206657409667969,1.2535755634307861
125600,0,fcst,7.161133766174316,0.7594022154808044,0.66845703125,6.54166316986084,7.094208717346191
125600,1,fcst,9.185518264770508,0.7188014388084412,0.25244140625,8.02483081817627,9.011701583862305
125600,2,fcst,3.9287240505218506,0.7995659708976746,0.544921875,9.011117935180664,9.109384536743164
125600,0,enc,5.034112453460693,0.6723086833953857,0.50927734375,0.9664032459259033,0.9653723239898682
125600,1,enc,7.538029193878174,0.5354078412055969,0.25537109375,1.2490147352218628,1.0017735958099365
125600,2,enc,17.684072494506836,0.879389226436615,0.71142578125,1.2913949489593506,1.3315560817718506
125800,0,enc,5.064258098602295,0.668850302696228,0.6376953125,0.947331428527832,0.9483322501182556
125800,1,enc,7.33217191696167,0.5437037348747253,0.3388671875,1.2007116079330444,1.2007116079330444
125800,2,enc,17.775833129882812,0.7791476845741272,0.82080078125,1.350564956665039,1.3958390951156616
125800,0,fcst,7.064849376678467,0.7364362478256226,0.6494140625,5.864160060882568,7.495423316955566
125800,1,fcst,9.439146041870117,0.7107425928115845,0.306884765625,7.786118030548096,8.15492057800293
125800,2,fcst,3.947589159011841,0.8208373785018921,0.59814453125,8.108915328979492,8.752361297607422
125800,0,enc,5.047757625579834,0.668178915977478,0.53125,0.9511152505874634,0.9526678323745728
125800,1,enc,7.5849761962890625,0.5432990789413452,0.27001953125,1.1521254777908325,1.0840210914611816
125800,2,enc,17.798349380493164,0.7247989177703857,0.74365234375,1.221914291381836,1.327871322631836
126000,0,enc,5.103154182434082,0.67439866065979,0.69384765625,0.9744703769683838,0.9755247235298157
126000,1,enc,7.483978748321533,0.5432872772216797,0.348876953125,1.2395005226135254,1.2852716445922852
126000,2,enc,17.681241989135742,0.7985926866531372,0.8291015625,1.2218471765518188,1.2783194780349731
126000,0,fcst,7.177194118499756,0.7548360824584961,0.66162109375,5.948566436767578,7.27225399017334
126000,1,fcst,9.523323059082031,0.7122437953948975,0.357421875,8.035978317260742,8.837844848632812
126000,2,fcst,3.979970693588257,0.8066925406455994,0.58740234375,8.94333553314209,9.38251781463623
126000,0,enc,5.048311233520508,0.6717425584793091,0.5732421875,0.9807884693145752,0.9823477268218994
126000,1,enc,7.277691841125488,0.5444480180740356,0.2841796875,1.2227699756622314,0.9800487160682678
126000,2,enc,17.647188186645508,0.784936785697937,0.7275390625,1.1389163732528687,1.1869510412216187
126200,0,enc,5.153284072875977,0.6713464260101318,0.71630859375,0.961001992225647,0.9621199369430542
126200,1,enc,7.239371299743652,0.5444512367248535,0.334228515625,1.2763502597808838,1.182212471961975
126200,2,enc,17.543445587158203,0.7675160765647888,0.92578125,1.3214707374572754,1.3214707374572754
126200,0,fcst,7.19122314453125,0.7602955102920532,0.64453125,5.9820637702941895,6.880566120147705
126200,1,fcst,9.894221305847168,0.6748587489128113,0.308837890625,8.449505805969238,8.554486274719238
126200,2,fcst,3.9835760593414307,0.810421347618103,0.53662109375,8.503433227539062,8.527304649353027
126200,0,enc,5.1681413650512695,0.6705110669136047,0.59814453125,0.9851688146591187,0.9863399267196655
126200,1,enc,7.2328410148620605,0.5442147254943848,0.28564453125,1.1734076738357544,1.093447208404541
126200,2,enc,17.51149559020996,0.8272700905799866,0.77734375,1.1651432514190674,1.1908848285675049
126400,0,enc,5.193609714508057,0.6610586643218994,0.76806640625,0.9859078526496887,0.9842007756233215
126400,1,enc,7.37283992767334,0.5604373216629028,0.35107421875,1.1485044956207275,1.1088944673538208
126400,2,enc,17.532114028930664,0.8143110871315002,0.78662109375,1.3262455463409424,1.3185780048370361
126400,0,fcst,7.290762901306152,0.650657057762146,0.68798828125,6.146429538726807,7.077083587646484
126400,1,fcst,9.815460205078125,0.798607349395752,0.2666015625,8.623849868774414,9.263498306274414
126400,2,fcst,4.123826026916504,0.7827861309051514,0.580078125,9.269962310791016,9.492537498474121
126400,0,enc,5.215267181396484,0.660858690738678,0.6259765625,0.9774617552757263,0.977290689945221
126400,1,enc,7.384332180023193,0.5580925345420837,0.27783203125,1.1874969005584717,0.9844799041748047
126400,2,enc,17.543991088867188,0.7735254168510437,0.71923828125,1.131679892539978,1.1335859298706055
126600,0,enc,5.357619762420654,0.6523144841194153,0.73681640625,1.0056043863296509,1.0056043863296509
126600,1,enc,7.238708972930908,0.5529300570487976,0.33544921875,1.173313021659851,1.067633032798767
126600,2,enc,17.60561180114746,0.7356711030006409,0.90576171875,1.3068381547927856,1.3660238981246948
126600,0,fcst,7.260593414306641,0.6693968772888184,0.6474609375,6.214533805847168,8.14224624633789
126600,1,fcst,10.223501205444336,0.6705881357192993,0.28857421875,8.803849220275879,9.715665817260742
126600,2,fcst,4.039956569671631,0.7622857689857483,0.55712890625,9.591309547424316,10.004178047180176
126600,0,enc,5.340339183807373,0.6533809900283813,0.61865234375,1.0012872219085693,1.004363775253296
126600,1,enc,7.34450626373291,0.552998960018158,0.281494140625,1.1653823852539062,0.9668047428131104
126600,2,enc,17.613922119140625,0.6988078951835632,0.724609375,1.1568739414215088,1.1658005714416504
126800,0,enc,5.418135166168213,0.6482518911361694,0.716796875,0.9887083768844604,0.9901208877563477
126800,1,enc,7.433897972106934,0.5523128509521484,0.3271484375,1.2349207401275635,1.0781478881835938
126800,2,enc,17.6823787689209,0.7915136218070984,0.82568359375,1.3427599668502808,1.271611213684082
126800,0,fcst,7.237228870391846,0.6517374515533447,0.67919921875,5.955749988555908,7.495068550109863
126800,1,fcst,10.397210121154785,0.7107705473899841,0.2454833984375,9.170212745666504,9.442700386047363
126800,2,fcst,4.07935094833374,0.8239436149597168,0.56640625,9.438502311706543,9.438502311706543
126800,0,enc,5.510800361633301,0.6490320563316345,0.60546875,0.9850056171417236,0.9856216907501221
126800,1,enc,7.382535457611084,0.5508517026901245,0.2958984375,1.221176266670227,0.9711675643920898
126800,2,enc,17.70979881286621,0.6735045313835144,0.728515625,1.1606618165969849,1.2409071922302246
127000,0,enc,5.536611557006836,0.6557146310806274,0.72119140625,0.9820296168327332,0.9850190877914429
127000,1,enc,7.48668909072876,0.5611879229545593,0.3251953125,1.2964553833007812,1.1068236827850342
127000,2,enc,17.83649444580078,0.8761255145072937,0.8095703125,1.305837631225586,1.3289462327957153
127000,0,fcst,7.361815452575684,0.7189971208572388,0.64306640625,5.971995830535889,7.2808709144592285
127000,1,fcst,10.315524101257324,0.7430740594863892,0.258544921875,8.016496658325195,8.80208683013916
127000,2,fcst,4.119913101196289,0.7639766335487366,0.50830078125,8.802606582641602,8.802606582641602
127000,0,enc,5.464453220367432,0.6575214862823486,0.6044921875,0.9745176434516907,0.975252091884613
127000,1,enc,7.3243608474731445,0.5571771860122681,0.275146484375,1.2673026323318481,1.0568251609802246
127000,2,enc,17.846485137939453,0.7911310195922852,0.71630859375,1.1721528768539429,1.1480499505996704
127200,0,enc,5.462634563446045,0.6617034077644348,0.73681640625,1.0157712697982788,1.0115623474121094
127200,1,enc,7.164863586425781,0.5502315759658813,0.309814453125,1.2578535079956055,1.117538332939148
127200,2,enc,17.87559700012207,0.8159330487251282,0.923828125,1.3164453506469727,1.3987339735031128
127200,0,fcst,7.239267826080322,0.7170993089675903,0.7138671875,6.111189365386963,7.409096717834473
127200,1,fcst,10.631832122802734,0.7397217750549316,0.2349853515625,8.628421783447266,9.1489839553833
127200,2,fcst,4.126386642456055,0.8212609887123108,0.468505859375,9.147377014160156,9.396943092346191
127200,0,enc,5.478153228759766,0.6600638628005981,0.640625,1.013248324394226,1.011351466178894
127200,1,enc,7.063117980957031,0.5501207709312439,0.263427734375,1.212913990020752,0.9529805183410645
127200,2,enc,17.953466415405273,0.6899716258049011,0.87060546875,1.1526463031768799,1.2151157855987549
127400,0,enc,5.472013473510742,0.6588567495346069,0.8125,0.9947097897529602,0.9979205131530762
127400,1,enc,7.1178998947143555,0.5436503887176514,0.29541015625,1.0869247913360596,1.0141572952270508
127400,2,enc,17.75692367553711,0.7711394429206848,0.8349609375,1.2852236032485962,1.4018685817718506
127400,0,fcst,7.216568946838379,0.7078639268875122,0.72412109375,6.545596122741699,7.981463432312012
127400,1,fcst,10.706480026245117,0.6900947690010071,0.2509765625,8.647743225097656,9.030501365661621
127400,2,fcst,4.119725704193115,0.8675646781921387,0.46435546875,8.99388313293457,8.99388313293457
127400,0,enc,5.450772285461426,0.6604434251785278,0.65771484375,1.0014970302581787,1.00370192527771
127400,1,enc,7.243119716644287,0.5427210927009583,0.25830078125,1.1719309091567993,1.0134373903274536
127400,2,enc,17.79434585571289,0.7498574256896973,0.79345703125,1.1463567018508911,1.1525815725326538
127600,0,enc,5.580455780029297,0.6867130398750305,0.818359375,1.0097336769104004,0.9847180843353271
127600,1,enc,7.365429878234863,0.5575256943702698,0.324951171875,1.2096564769744873,1.2096564769744873
127600,2,enc,17.719968795776367,0.7929399609565735,0.91748046875,1.4527344703674316,1.4527344703674316
127600,0,fcst,7.3082661628723145,0.673149049282074,0.6630859375,5.650736331939697,7.566352844238281
127600,1,fcst,10.395966529846191,0.6732845306396484,0.2366943359375,8.355279922485352,8.779541969299316
127600,2,fcst,4.334219455718994,0.8831923007965088,0.51611328125,8.854729652404785,9.41950798034668
127600,0,enc,5.6514129638671875,0.6862544417381287,0.66064453125,1.0133099555969238,0.9899640083312988
127600,1,enc,7.280015468597412,0.5568883419036865,0.25439453125,1.2446800470352173,1.001947283744812
127600,2,enc,17.73729133605957,0.7336230278015137,0.7724609375,1.1986275911331177,1.2292977571487427
127800,0,enc,5.77169942855835,0.6689614057540894,0.8173828125,1.0116380453109741,1.0123385190963745
127800,1,enc,7.5747833251953125,0.560834527015686,0.311767578125,1.1803971529006958,1.0646084547042847
127800,2,enc,17.704456329345703,0.7291094064712524,0.8046875,1.388974905014038,1.4000290632247925
127800,0,fcst,7.295577049255371,0.7168582677841187,0.67529296875,6.149124622344971,7.5458197593688965
127800,1,fcst,10.212447166442871,0.7309584021568298,0.2056884765625,7.970710277557373,8.353264808654785
127800,2,fcst,4.16188907623291,0.8247162699699402,0.560546875,8.3994722366333,9.061787605285645
127800,0,enc,5.778804302215576,0.6654461622238159,0.6357421875,1.0091605186462402,1.011613368988037
127800,1,enc,7.383676528930664,0.5617859363555908,0.26171875,1.181484580039978,0.9948052167892456
127800,2,enc,17.701251983642578,0.6736829280853271,0.7744140625,1.2641727924346924,1.2409183979034424
128000,0,enc,5.441612243652344,0.6832886338233948,0.84619140625,0.93612140417099,0.9794850945472717
128000,1,enc,7.372045993804932,0.5547713041305542,0.372314453125,1.1840717792510986,1.1512315273284912
128000,2,enc,17.81221580505371,0.8630726933479309,0.77392578125,1.329342246055603,1.339099407196045
128000,0,fcst,7.478010654449463,0.6798180937767029,0.6298828125,6.029282093048096,7.237236976623535
128000,1,fcst,10.399648666381836,0.7077590823173523,0.2529296875,8.536466598510742,9.143868446350098
128000,2,fcst,4.225341320037842,0.8265832662582397,0.48291015625,9.155146598815918,9.908185005187988
128000,0,enc,5.5947136878967285,0.6815763115882874,0.67578125,0.9357505440711975,0.9359137415885925
128000,1,enc,7.349246978759766,0.5565203428268433,0.30712890625,1.2358269691467285,0.9932732582092285
128000,2,enc,17.806629180908203,0.842082142829895,0.72265625,1.2305516004562378,1.2451390027999878
128200,0,enc,5.42504358291626,0.6904522180557251,0.7822265625,0.9540164470672607,0.9536429047584534
128200,1,enc,7.26313591003418,0.5555419921875,0.320556640625,1.1909089088439941,1.1312810182571411
128200,2,enc,17.981046676635742,0.800900399684906,0.8310546875,1.346771240234375,1.3353430032730103
128200,0,fcst,7.495937824249268,0.6810838580131531,0.64208984375,6.311532974243164,8.081281661987305
128200,1,fcst,10.77852725982666,0.6967089772224426,0.27880859375,8.527246475219727,9.054319381713867
128200,2,fcst,4.304184913635254,0.8609365224838257,0.5673828125,9.054319381713867,9.467187881469727
128200,0,enc,5.615096092224121,0.6919558644294739,0.65771484375,0.9657576084136963,0.9659652709960938
128200,1,enc,7.351811408996582,0.5556455850601196,0.293212890625,1.1729658842086792,1.120720624923706
128200,2,enc,17.956911087036133,0.7933840155601501,0.76123046875,1.2807480096817017,1.2222152948379517
128400,0,enc,5.519543647766113,0.6857788562774658,0.8388671875,0.9535864591598511,0.9580520987510681
128400,1,enc,7.4206132888793945,0.5664517879486084,0.31591796875,1.1405339241027832,1.0223907232284546
128400,2,enc,18.133960723876953,0.8285919427871704,0.78759765625,1.2874579429626465,1.330451488494873
128400,0,fcst,7.365248203277588,0.6720256805419922,0.77197265625,6.507669448852539,7.459817886352539
128400,1,fcst,10.731609344482422,0.7689641118049622,0.2568359375,7.459817886352539,7.727694511413574
128400,2,fcst,4.2530622482299805,0.8747479915618896,0.5849609375,7.657360076904297,7.762877464294434
128400,0,enc,5.542238712310791,0.6834509968757629,0.6875,0.9568488597869873,0.9502608776092529
128400,1,enc,7.352545738220215,0.5652360320091248,0.275634765625,1.0673755407333374,0.981000542640686
128400,2,enc,18.08172035217285,0.7387484908103943,0.72607421875,1.2274938821792603,1.1595559120178223
128600,0,enc,5.923597812652588,0.6742788553237915,0.8076171875,0.9985203146934509,0.9959877729415894
128600,1,enc,7.243622303009033,0.5587373971939087,0.3447265625,1.114396572113037,1.0024858713150024
128600,2,enc,18.1135196685791,0.8100444078445435,0.81494140625,1.3553247451782227,1.311198353767395
128600,0,fcst,7.383836269378662,0.6797869801521301,0.67626953125,5.744621753692627,6.911787033081055
128600,1,fcst,10.675373077392578,0.761451780796051,0.280029296875,7.940792083740234,8.4724760055542
128600,2,fcst,4.400778770446777,0.8043746948242188,0.583984375,8.785490036010742,9.170418739318848
128600,0,enc,5.858131408691406,0.6760465502738953,0.6962890625,0.9901025295257568,0.9880921840667725
128600,1,enc,7.303869247436523,0.5607846975326538,0.28662109375,1.1031397581100464,0.9864662289619446
128600,2,enc,18.15663719177246,0.7493850588798523,0.712890625,1.290625810623169,1.342780351638794
128800,0,enc,6.0332465171813965,0.6541334986686707,0.76025390625,0.9946848154067993,0.9952756762504578
128800,1,enc,7.661074161529541,0.5578469634056091,0.327392578125,1.2325611114501953,1.0767048597335815
128800,2,enc,18.194141387939453,0.7636892795562744,0.82763671875,1.3465931415557861,1.4042549133300781
128800,0,fcst,7.2761149406433105,0.6766433715820312,0.63916015625,5.6986870765686035,7.292654037475586
128800,1,fcst,10.455930709838867,0.8071589469909668,0.25537109375,8.124395370483398,8.184820175170898
128800,2,fcst,4.442461013793945,0.8708202838897705,0.46826171875,8.139897346496582,8.402755737304688
128800,0,enc,6.02807092666626,0.6559679508209229,0.6357421875,1.010629415512085,1.0071370601654053
128800,1,enc,7.546806335449219,0.5585793256759644,0.280517578125,1.2360856533050537,0.9162179827690125
128800,2,enc,18.186946868896484,0.711166501045227,0.7490234375,1.1233173608779907,1.0861036777496338
129000,0,enc,5.755068302154541,0.6436691880226135,0.78076171875,0.9745433926582336,0.9738042950630188
129000,1,enc,7.535769939422607,0.5714259147644043,0.322265625,1.1244146823883057,1.0334234237670898
129000,2,enc,18.057388305664062,0.8429945707321167,0.77978515625,1.1584457159042358,1.388551950454712
129000,0,fcst,7.434134006500244,0.7115499973297119,0.67578125,5.696460723876953,7.341248512268066
129000,1,fcst,10.57075023651123,0.6620943546295166,0.2239990234375,8.012389183044434,8.228501319885254
129000,2,fcst,4.391870021820068,0.9024400115013123,0.53369140625,8.232136726379395,8.945993423461914
129000,0,enc,5.705087661743164,0.6445795297622681,0.619140625,0.9777293801307678,0.9749999642372131
129000,1,enc,7.452927589416504,0.5481365323066711,0.2880859375,1.094014048576355,1.0627636909484863
129000,2,enc,18.05936050415039,0.7747244834899902,0.74072265625,1.0678168535232544,1.101897954940796
129200,0,enc,5.99047327041626,0.6437544226646423,0.82861328125,0.990405261516571,0.992553174495697
129200,1,enc,7.619212627410889,0.5602941513061523,0.3662109375,1.1565608978271484,1.0515804290771484
129200,2,enc,18.108247756958008,0.80221027135849,0.79248046875,1.1352976560592651,1.1316574811935425
129200,0,fcst,7.283766269683838,0.6598160862922668,0.72021484375,5.869662284851074,6.7473297119140625
129200,1,fcst,10.495471000671387,0.6449598073959351,0.2509765625,7.241448879241943,8.384027481079102
129200,2,fcst,4.634139537811279,0.878960132598877,0.49169921875,8.291004180908203,8.912206649780273
129200,0,enc,5.973439693450928,0.6430244445800781,0.68017578125,0.9930691719055176,0.9930479526519775
129200,1,enc,7.548271656036377,0.5598068833351135,0.298095703125,1.051109790802002,0.9332057237625122
129200,2,enc,18.13668441772461,0.763123095035553,0.68701171875,1.0724650621414185,1.0558634996414185
129400,0,enc,5.696292877197266,0.6380228400230408,0.7841796875,0.9809963703155518,0.9844147562980652
129400,1,enc,7.772835731506348,0.5556211471557617,0.33837890625,1.2082630395889282,1.161308765411377
129400,2,enc,18.05284309387207,0.8443172574043274,0.8076171875,1.3827366828918457,1.3041479587554932
129400,0,fcst,7.216919422149658,0.685429036617279,0.6298828125,6.305567741394043,7.008408069610596
129400,1,fcst,10.141554832458496,0.6234843134880066,0.2386474609375,7.510845184326172,8.253414154052734
129400,2,fcst,4.689126968383789,0.8427153825759888,0.56103515625,8.250093460083008,8.722912788391113
129400,0,enc,5.801849365234375,0.641110897064209,0.61962890625,0.9999154210090637,1.0028221607208252
129400,1,enc,7.77813196182251,0.5564444661140442,0.31591796875,1.1279656887054443,0.9520223140716553
129400,2,enc,18.066551208496094,0.8033888936042786,0.74560546875,1.153282880783081,1.1685998439788818
129600,0,enc,5.728208541870117,0.6434438824653625,0.88427734375,0.9855520725250244,0.9823646545410156
129600,1,enc,7.827154636383057,0.5514832139015198,0.345458984375,1.176336407661438,1.0997785329818726
129600,2,enc,18.023027420043945,0.8002957701683044,0.81884765625,1.2175850868225098,1.2743477821350098
129600,0,fcst,7.22628116607666,0.7334377765655518,0.64599609375,5.947617530822754,7.4943766593933105
129600,1,fcst,10.171762466430664,0.676509439945221,0.23291015625,9.04853343963623,9.294572830200195
129600,2,fcst,4.555027484893799,0.8433560729026794,0.52197265625,9.315141677856445,9.409406661987305
129600,0,enc,5.764291763305664,0.6427679657936096,0.64794921875,0.9861453771591187,0.9848798513412476
129600,1,enc,7.830386161804199,0.552058756351471,0.287353515625,1.132224202156067,0.939305305480957
129600,2,enc,18.050050735473633,0.7807257175445557,0.82763671875,1.0422195196151733,1.0760512351989746
129800,0,enc,5.847940444946289,0.6503450870513916,0.822265625,1.012712836265564,1.0100213289260864
129800,1,enc,7.7659912109375,0.5652511119842529,0.3447265625,1.2117611169815063,1.0081688165664673
129800,2,enc,17.979806900024414,0.9302839636802673,0.845703125,1.2477569580078125,1.1661783456802368
129800,0,fcst,7.282808780670166,0.7766148447990417,0.662109375,6.170017242431641,7.635946273803711
129800,1,fcst,10.595162391662598,0.8050969243049622,0.27197265625,8.580803871154785,8.874043464660645
129800,2,fcst,4.793930530548096,0.8264722228050232,0.499267578125,8.910722732543945,9.21182918548584
129800,0,enc,5.88895320892334,0.6500951051712036,0.6494140625,1.024280071258545,1.022204875946045
129800,1,enc,7.777434825897217,0.5746840238571167,0.311279296875,1.1767327785491943,0.9870805740356445
129800,2,enc,18.004127502441406,1.029086947441101,0.8427734375,1.009942650794983,1.0592458248138428
130000,0,enc,5.7001729011535645,0.6526748538017273,0.857421875,0.9815478920936584,0.9799234867095947
130000,1,enc,7.7562127113342285,0.5390686392784119,0.317138671875,1.325996994972229,1.1617987155914307
130000,2,enc,17.93697738647461,0.9270792007446289,0.87890625,1.2453444004058838,1.1551138162612915
130000,0,fcst,7.160676002502441,0.6876766681671143,0.677734375,5.786905288696289,6.992099285125732
130000,1,fcst,10.475284576416016,0.7027126550674438,0.19921875,8.210674285888672,8.782505989074707
130000,2,fcst,4.849644660949707,0.8172588348388672,0.48486328125,8.809062004089355,9.05889892578125
130000,0,enc,5.80958890914917,0.6499199867248535,0.6826171875,0.9892622232437134,0.9869829416275024
130000,1,enc,7.682418346405029,0.5392577052116394,0.283203125,1.2686187028884888,0.9951387643814087
130000,2,enc,17.887765884399414,0.8567087054252625,0.80517578125,1.0293903350830078,1.0661334991455078
130200,0,enc,5.876934051513672,0.6543090343475342,0.9287109375,0.9930778741836548,0.9968268871307373
130200,1,enc,7.828988552093506,0.5733702778816223,0.345947265625,1.164149284362793,1.164149284362793
130200,2,enc,17.781034469604492,0.9110119938850403,0.87939453125,1.2799961566925049,1.2621095180511475
130200,0,fcst,7.1756391525268555,0.6589450240135193,0.705078125,5.755329608917236,7.445812225341797
130200,1,fcst,11.159280776977539,0.7895899415016174,0.2216796875,7.786275863647461,8.109667778015137
130200,2,fcst,4.844663619995117,0.8807282447814941,0.5390625,8.274452209472656,8.844655990600586
130200,0,enc,5.887356281280518,0.6564347743988037,0.71533203125,0.9919509887695312,0.9936437606811523
130200,1,enc,7.840145111083984,0.5803762078285217,0.28564453125,1.2552850246429443,0.9986782073974609
130200,2,enc,17.83293914794922,0.8092982769012451,0.79638671875,1.0228034257888794,1.0324866771697998
130400,0,enc,5.616411209106445,0.6590720415115356,0.9580078125,0.9591320753097534,0.9594091773033142
130400,1,enc,7.765141487121582,0.541815996170044,0.354736328125,1.235589623451233,1.0232932567596436
130400,2,enc,17.874603271484375,0.943694531917572,0.92626953125,1.2518733739852905,1.1783201694488525
130400,0,fcst,7.150662422180176,0.7088296413421631,0.689453125,5.844560146331787,7.812876224517822
130400,1,fcst,10.501070022583008,0.745599627494812,0.24609375,9.752817153930664,10.443464279174805
130400,2,fcst,4.853265285491943,0.8124637603759766,0.513671875,10.704183578491211,10.704183578491211
130400,0,enc,5.526162624359131,0.660176694393158,0.74609375,0.9673423767089844,0.9698734283447266
130400,1,enc,7.768104553222656,0.5419097542762756,0.315673828125,1.1718425750732422,1.0145423412322998
130400,2,enc,17.866668701171875,0.8478558659553528,0.81005859375,1.0709697008132935,1.1158915758132935
130600,0,enc,5.724411964416504,0.6419394612312317,0.96923828125,0.9983365535736084,0.9974750876426697
130600,1,enc,7.728501319885254,0.5307935476303101,0.34619140625,1.2652602195739746,1.1155767440795898
130600,2,enc,18.044605255126953,0.9761655926704407,0.7646484375,1.2409181594848633,1.273900032043457
130600,0,fcst,7.122629642486572,0.8360335826873779,0.62890625,5.622711658477783,6.869134902954102
130600,1,fcst,10.698784828186035,0.7554770112037659,0.2261962890625,8.05994987487793,8.352375984191895
130600,2,fcst,4.486931800842285,0.751147449016571,0.5341796875,8.29885196685791,8.17059326171875
130600,0,enc,5.617401599884033,0.6423743367195129,0.79443359375,0.9901225566864014,0.9897792339324951
130600,1,enc,7.774680137634277,0.5324875116348267,0.29443359375,1.246645450592041,0.9862565994262695
130600,2,enc,18.11528778076172,0.8332358598709106,0.7373046875,1.0209450721740723,1.0384316444396973
130800,0,enc,5.486825466156006,0.6441354751586914,0.958984375,0.9592452645301819,0.9623334407806396
130800,1,enc,7.63344669342041,0.559229850769043,0.365478515625,1.1988881826400757,1.072911024093628
130800,2,enc,18.0041561126709,0.8007537126541138,0.96044921875,1.1542019844055176,1.2247661352157593
130800,0,fcst,7.107485294342041,0.7748299837112427,0.6103515625,5.76926851272583,6.948025226593018
130800,1,fcst,10.451265335083008,0.76962810754776,0.238525390625,7.765410423278809,7.9061665534973145
130800,2,fcst,4.80418062210083,0.8611562252044678,0.60693359375,8.094864845275879,8.602707862854004
130800,0,enc,5.519033908843994,0.6442630290985107,0.75341796875,0.9614408612251282,0.9641874432563782
130800,1,enc,7.69782829284668,0.5423563122749329,0.310791015625,1.1468416452407837,0.969092071056366
130800,2,enc,17.99898910522461,0.7309659123420715,0.85302734375,1.0683398246765137,1.112475037574768
131000,0,enc,6.01895809173584,0.6409363746643066,0.947265625,0.950916051864624,0.9474107623100281
131000,1,enc,7.569137096405029,0.5104972124099731,0.3369140625,1.131705403327942,1.1231613159179688
131000,2,enc,17.977706909179688,0.840495765209198,0.7841796875,1.213609218597412,1.169330358505249
131000,0,fcst,7.161319255828857,0.7350705862045288,0.6806640625,6.101430892944336,7.389548301696777
131000,1,fcst,9.868474960327148,0.7499717473983765,0.25927734375,8.436992645263672,8.718839645385742
131000,2,fcst,4.913633346557617,0.7447068095207214,0.5693359375,8.946297645568848,8.946297645568848
131000,0,enc,5.94204044342041,0.6398696899414062,0.75537109375,0.9538371562957764,0.9521949291229248
131000,1,enc,7.5336480140686035,0.5191846489906311,0.290283203125,1.0821735858917236,0.9703389406204224
131000,2,enc,18.00860023498535,0.7510476112365723,0.69384765625,1.079596757888794,1.0586721897125244
131200,0,enc,5.764383316040039,0.6318730115890503,0.912109375,0.9418887495994568,0.948335587978363
131200,1,enc,7.459648132324219,0.5205397605895996,0.39794921875,1.1989405155181885,1.1989405155181885
131200,2,enc,18.154592514038086,0.6894670724868774,0.787109375,1.2672879695892334,1.242229700088501
131200,0,fcst,7.1936516761779785,0.7044833302497864,0.6533203125,6.2265448570251465,7.081079483032227
131200,1,fcst,9.951552391052246,0.721204936504364,0.194091796875,7.674922466278076,7.962194442749023
131200,2,fcst,4.981327533721924,0.7370067238807678,0.65478515625,7.794994354248047,7.942503452301025
131200,0,enc,5.771321773529053,0.6329780220985413,0.71826171875,0.9254537224769592,0.9575582146644592
131200,1,enc,7.488672256469727,0.5324021577835083,0.35546875,1.1859549283981323,0.9895796775817871
131200,2,enc,18.224225997924805,0.7069704532623291,0.744140625,1.1380506753921509,1.173309087753296
131400,0,enc,5.8341169357299805,0.6407676935195923,0.89111328125,0.8636420965194702,0.9156986474990845
131400,1,enc,7.431525230407715,0.52635258436203,0.366943359375,1.1678333282470703,1.025553822517395
131400,2,enc,18.06159210205078,0.753398060798645,0.76611328125,1.183232069015503,1.2833749055862427
131400,0,fcst,7.205803871154785,0.7070311307907104,0.61083984375,6.1317315101623535,7.992908000946045
131400,1,fcst,9.679500579833984,0.6625345349311829,0.1815185546875,8.18206787109375,8.401954650878906
131400,2,fcst,4.864856719970703,0.7588847279548645,0.67724609375,8.438572883605957,8.844931602478027
131400,0,enc,5.8562116622924805,0.6398265957832336,0.69091796875,0.8658210039138794,0.9259662628173828
131400,1,enc,7.348214626312256,0.5298236608505249,0.318603515625,1.2614901065826416,1.0194470882415771
131400,2,enc,18.074848175048828,0.7411639094352722,0.69775390625,1.118415355682373,1.0987635850906372
131600,0,enc,5.825936317443848,0.649255633354187,0.8369140625,0.8821737766265869,0.8818201422691345
131600,1,enc,7.412601947784424,0.5108060240745544,0.392822265625,1.0398304462432861,0.9990475177764893
131600,2,enc,18.023712158203125,0.7368080019950867,0.8115234375,1.3494809865951538,1.3494809865951538
131600,0,fcst,7.178250312805176,0.6964003443717957,0.6181640625,5.705773830413818,7.1272149085998535
131600,1,fcst,9.584697723388672,0.7050031423568726,0.2095947265625,7.876461029052734,8.21635913848877
131600,2,fcst,5.11046028137207,0.7694821357727051,0.54931640625,8.23144245147705,8.86054801940918
131600,0,enc,5.829532623291016,0.6482244729995728,0.71875,0.893815279006958,0.8795464038848877
131600,1,enc,7.529736518859863,0.5112929940223694,0.32177734375,1.1423941850662231,0.8953169584274292
131600,2,enc,18.0028076171875,0.7232126593589783,0.697265625,1.0221099853515625,1.030515193939209
131800,0,enc,5.672868728637695,0.6219384670257568,0.78564453125,0.9374505281448364,0.963780403137207
131800,1,enc,7.452878475189209,0.5116757154464722,0.422607421875,1.1541987657546997,1.0644643306732178
131800,2,enc,18.070751190185547,0.8101365566253662,0.82470703125,1.1725587844848633,1.3197705745697021
131800,0,fcst,7.32086706161499,0.7523137331008911,0.5888671875,6.006468296051025,6.867767810821533
131800,1,fcst,9.150840759277344,0.7940893173217773,0.2037353515625,9.372286796569824,9.45095443725586
131800,2,fcst,5.06162691116333,0.8263698220252991,0.67919921875,9.256902694702148,9.365952491760254
131800,0,enc,5.6834397315979,0.6241194605827332,0.6396484375,0.9609360098838806,0.9687179923057556
131800,1,enc,7.479540824890137,0.5117164850234985,0.369873046875,1.1303982734680176,1.009945034980774
131800,2,enc,18.082998275756836,0.7548596262931824,0.79248046875,1.0298229455947876,1.0575876235961914
132000,0,enc,5.330903053283691,0.6233106851577759,0.724609375,0.9060930609703064,0.9683150053024292
132000,1,enc,7.520533084869385,0.5110633969306946,0.40771484375,1.1580862998962402,1.110496163368225
132000,2,enc,18.073949813842773,0.8101873397827148,0.791015625,1.2184176445007324,1.2274541854858398
132000,0,fcst,7.239923477172852,0.7098499536514282,0.6767578125,6.159267902374268,7.423373699188232
132000,1,fcst,8.56077766418457,0.8062626123428345,0.1544189453125,7.683203220367432,8.200239181518555
132000,2,fcst,5.037123203277588,0.8614706993103027,0.64697265625,8.200239181518555,8.4561185836792
132000,0,enc,5.432114601135254,0.6245417594909668,0.67138671875,0.8869390487670898,0.9451360702514648
132000,1,enc,7.489799499511719,0.5113967657089233,0.35302734375,1.1184576749801636,1.0342803001403809
132000,2,enc,18.03793716430664,0.701398491859436,0.69091796875,1.1290017366409302,1.1974831819534302
132200,0,enc,5.440496921539307,0.585747241973877,0.68701171875,0.9902759194374084,1.01051926612854
132200,1,enc,7.1893630027771,0.5111050009727478,0.463134765625,1.3253858089447021,1.0651942491531372
132200,2,enc,18.00115394592285,0.6881020665168762,0.72119140625,1.220313310623169,1.2533376216888428
132200,0,fcst,7.290762901306152,0.8340396285057068,0.6572265625,6.184678554534912,8.10041618347168
132200,1,fcst,8.33565616607666,0.7608779072761536,0.1661376953125,8.895729064941406,9.050080299377441
132200,2,fcst,5.232978820800781,0.8541411757469177,0.65087890625,8.997278213500977,9.062653541564941
132200,0,enc,5.441997051239014,0.5894767642021179,0.62060546875,1.0054082870483398,1.0322484970092773
132200,1,enc,7.201790809631348,0.5088463425636292,0.378173828125,1.2522938251495361,1.0678422451019287
132200,2,enc,17.957948684692383,0.7770726680755615,0.74560546875,1.1205459833145142,1.1831070184707642
132400,0,enc,5.2288689613342285,0.6089621186256409,0.71533203125,0.8332216143608093,0.8857265114784241
132400,1,enc,7.087008476257324,0.5270035862922668,0.42236328125,1.2692995071411133,1.2692995071411133
132400,2,enc,18.10677719116211,0.7690890431404114,0.802734375,1.3386131525039673,1.263574242591858
132400,0,fcst,7.291468620300293,0.723365843296051,0.66552734375,5.8585944175720215,7.045345306396484
132400,1,fcst,8.594930648803711,0.8110266923904419,0.16015625,8.343172073364258,8.427197456359863
132400,2,fcst,5.087069034576416,0.8320640325546265,0.66455078125,8.46396255493164,8.650464057922363
132400,0,enc,5.3077263832092285,0.6087501645088196,0.6357421875,0.8473592400550842,0.8946248292922974
132400,1,enc,7.155776023864746,0.5255393385887146,0.372314453125,1.1420437097549438,0.9399316310882568
132400,2,enc,18.11624526977539,0.723940372467041,0.68408203125,1.198861002922058,1.231484293937683
132600,0,enc,5.146754264831543,0.6025272011756897,0.689453125,0.9945618510246277,1.0294973850250244
132600,1,enc,7.121522426605225,0.5241552591323853,0.47509765625,1.0533196926116943,1.0960893630981445
132600,2,enc,17.940418243408203,0.762420654296875,0.85107421875,1.2386407852172852,1.3430109024047852
132600,0,fcst,7.3247222900390625,0.7658018469810486,0.6533203125,5.734837055206299,6.951851844787598
132600,1,fcst,8.160706520080566,0.8063027858734131,0.21240234375,8.143471717834473,8.598386764526367
132600,2,fcst,5.259947299957275,0.7534332275390625,0.607421875,8.660515785217285,9.10051155090332
132600,0,enc,5.215893268585205,0.6034741997718811,0.63232421875,0.9915385246276855,1.018073558807373
132600,1,enc,7.029873847961426,0.5260312557220459,0.419921875,1.021466612815857,1.040295958518982
132600,2,enc,17.93229866027832,0.9155988693237305,0.81982421875,1.1283149719238281,1.1247141361236572
132800,0,enc,5.133625507354736,0.6220166087150574,0.64990234375,0.8811929225921631,0.9125751852989197
132800,1,enc,7.411892890930176,0.5617446303367615,0.464599609375,1.123291015625,1.123291015625
132800,2,enc,17.870800018310547,0.8106683492660522,0.75390625,1.1591589450836182,1.2632416486740112
132800,0,fcst,7.464094161987305,0.7409232258796692,0.74462890625,6.278024196624756,7.0425567626953125
132800,1,fcst,7.717536449432373,0.7447451949119568,0.208984375,7.769712448120117,8.326353073120117
132800,2,fcst,4.7808732986450195,0.8081834316253662,0.6337890625,8.325514793395996,8.908197402954102
132800,0,enc,5.1332173347473145,0.6186155080795288,0.5966796875,0.8724831342697144,0.9155129194259644
132800,1,enc,7.457752704620361,0.5658031105995178,0.42138671875,1.1643176078796387,1.0394431352615356
132800,2,enc,17.871946334838867,0.7152789235115051,0.7177734375,1.063717007637024,1.1197363138198853
133000,0,enc,5.219924449920654,0.6141272187232971,0.68359375,0.9343880414962769,0.9343880414962769
133000,1,enc,6.9838972091674805,0.5467628836631775,0.5283203125,1.2136173248291016,1.1342203617095947
133000,2,enc,17.82262420654297,0.8388925194740295,0.78564453125,1.2880855798721313,1.2127488851547241
133000,0,fcst,7.380193710327148,0.8050093650817871,0.6416015625,5.4072065353393555,7.1393632888793945
133000,1,fcst,7.748600006103516,0.6785344481468201,0.173583984375,7.618192195892334,8.302328109741211
133000,2,fcst,4.8799943923950195,0.8462368845939636,0.66357421875,8.468613624572754,8.959336280822754
133000,0,enc,5.211325645446777,0.6171331405639648,0.57958984375,0.855827808380127,0.8557298183441162
133000,1,enc,6.905346870422363,0.5434356331825256,0.4326171875,1.1226235628128052,0.9195336699485779
133000,2,enc,17.823518753051758,0.7842594385147095,0.73974609375,0.9761790633201599,1.0094131231307983
133200,0,enc,5.429157733917236,0.6142648458480835,0.6689453125,0.8850974440574646,0.908649206161499
133200,1,enc,7.100271224975586,0.5474168062210083,0.5029296875,1.1047024726867676,1.3690299987792969
133200,2,enc,17.832643508911133,0.9118936657905579,0.84521484375,1.4141207933425903,1.3644659519195557
133200,0,fcst,7.546459674835205,0.760611891746521,0.7392578125,5.742845058441162,6.93328857421875
133200,1,fcst,7.786928653717041,0.6431084871292114,0.2421875,7.513261795043945,7.811036586761475
133200,2,fcst,4.758965015411377,0.7012578845024109,0.6416015625,7.9012131690979,8.517532348632812
133200,0,enc,5.453596591949463,0.6173704266548157,0.599609375,0.8891065716743469,0.9378516674041748
133200,1,enc,7.149860858917236,0.5411260724067688,0.4404296875,1.1098499298095703,1.1512680053710938
133200,2,enc,17.763526916503906,0.9138272404670715,0.7333984375,1.1959962844848633,1.1890586614608765
133400,0,enc,5.393716335296631,0.5927847623825073,0.69873046875,0.8880375027656555,0.9363923072814941
133400,1,enc,6.978376388549805,0.5714671611785889,0.497314453125,1.014865756034851,1.1313221454620361
133400,2,enc,17.968242645263672,0.8345450162887573,0.7607421875,1.264971137046814,1.1934789419174194
133400,0,fcst,7.659631729125977,0.7496364116668701,0.671875,6.5267558097839355,7.081445217132568
133400,1,fcst,7.5598297119140625,0.6663297414779663,0.2142333984375,7.9313883781433105,8.324996948242188
133400,2,fcst,4.66768741607666,0.7398157715797424,0.662109375,8.241716384887695,9.705464363098145
133400,0,enc,5.40749979019165,0.5921154618263245,0.60693359375,0.8937634229660034,0.8977078199386597
133400,1,enc,7.069077491760254,0.5680397152900696,0.450927734375,1.0402791500091553,0.9838612079620361
133400,2,enc,18.01640510559082,0.8026540875434875,0.81982421875,1.1382774114608765,1.131819486618042
133600,0,enc,5.349165439605713,0.5847855806350708,0.72119140625,0.9017342329025269,0.914309024810791
133600,1,enc,7.4342145919799805,0.5737572908401489,0.5263671875,1.0701518058776855,1.3311114311218262
133600,2,enc,17.985273361206055,0.7972366809844971,0.802734375,1.4879573583602905,1.3194305896759033
133600,0,fcst,7.502504348754883,0.7568752765655518,0.69580078125,5.8041205406188965,7.31548547744751
133600,1,fcst,7.525334358215332,0.6318872570991516,0.20654296875,8.311905860900879,8.958065032958984
133600,2,fcst,4.318119049072266,0.7570591568946838,0.6328125,8.958065032958984,9.282772064208984
133600,0,enc,5.436801433563232,0.5833247303962708,0.63720703125,0.8997920155525208,0.8976972699165344
133600,1,enc,7.218798637390137,0.5738701820373535,0.463623046875,1.0174932479858398,1.163794755935669
133600,2,enc,17.995014190673828,0.8359506726264954,0.712890625,1.2854254245758057,1.1986899375915527
133800,0,enc,5.184421062469482,0.5638195276260376,0.70263671875,0.931459903717041,0.9325979351997375
133800,1,enc,7.357388496398926,0.5855152606964111,0.5546875,1.1333930492401123,1.1986486911773682
133800,2,enc,18.128002166748047,0.8500967621803284,0.77587890625,1.3689157962799072,1.3689157962799072
133800,0,fcst,7.36728048324585,0.7884761095046997,0.70361328125,5.693727016448975,7.0477705001831055
133800,1,fcst,7.218780517578125,0.6350935697555542,0.217041015625,7.67939567565918,8.55070686340332
133800,2,fcst,4.364394664764404,0.8003507852554321,0.6640625,8.516156196594238,8.980836868286133
133800,0,enc,5.354395389556885,0.5626007914543152,0.62060546875,0.9265003800392151,0.9291954636573792
133800,1,enc,7.354212760925293,0.5771477222442627,0.4951171875,0.9339343309402466,1.0972644090652466
133800,2,enc,18.12241554260254,0.7143840789794922,0.74267578125,1.2965320348739624,1.3641589879989624
134000,0,enc,4.88208532333374,0.559431791305542,0.6787109375,0.9729535579681396,0.9791460633277893
134000,1,enc,7.284055709838867,0.5785183310508728,0.55419921875,1.03208327293396,1.1725988388061523
134000,2,enc,18.121719360351562,0.8252772092819214,0.80419921875,1.3931667804718018,1.3532562255859375
134000,0,fcst,7.482624053955078,0.813397228717804,0.66162109375,6.26138973236084,7.2554707527160645
134000,1,fcst,7.244751930236816,0.6085774302482605,0.2076416015625,8.160881996154785,8.654316902160645
134000,2,fcst,4.1576433181762695,0.7339181303977966,0.7744140625,8.617949485778809,8.73059368133545
134000,0,enc,5.006597518920898,0.5628771185874939,0.59423828125,1.0465401411056519,1.0666207075119019
134000,1,enc,7.225269794464111,0.5715896487236023,0.467041015625,1.1123254299163818,1.1836144924163818
134000,2,enc,18.162473678588867,0.7683769464492798,0.75,1.431105613708496,1.4304370880126953
134200,0,enc,5.077770709991455,0.5799189805984497,0.650390625,0.936258852481842,1.0162789821624756
134200,1,enc,7.3612751960754395,0.5759611129760742,0.53564453125,1.0419681072235107,1.2641700506210327
134200,2,enc,18.002174377441406,0.8332279324531555,0.92626953125,1.4639657735824585,1.5456219911575317
134200,0,fcst,7.586523056030273,0.8188962936401367,0.70654296875,5.639560222625732,7.9094743728637695
134200,1,fcst,6.968355655670166,0.5618124604225159,0.2122802734375,8.927234649658203,9.133126258850098
134200,2,fcst,4.523989677429199,0.7425646185874939,0.70263671875,9.119965553283691,9.642426490783691
134200,0,enc,5.084485054016113,0.5796802639961243,0.564453125,0.8983777761459351,0.9447919726371765
134200,1,enc,7.439401626586914,0.5748993754386902,0.47509765625,0.9562718868255615,1.0955146551132202
134200,2,enc,17.990413665771484,0.8184491395950317,0.79345703125,1.4195759296417236,1.3366901874542236
134400,0,enc,5.178228378295898,0.6333975195884705,0.68359375,0.8937036991119385,0.9488613605499268
134400,1,enc,7.381932258605957,0.5651867389678955,0.5654296875,1.0268970727920532,1.1647701263427734
134400,2,enc,17.994592666625977,0.7761114835739136,0.76513671875,1.4246807098388672,1.4128975868225098
134400,0,fcst,7.485935688018799,0.745388925075531,0.70166015625,5.9092230796813965,7.481698989868164
134400,1,fcst,6.703818321228027,0.6082799434661865,0.1824951171875,8.661964416503906,9.323314666748047
134400,2,fcst,4.221693515777588,0.7032814621925354,0.70361328125,9.329248428344727,9.494721412658691
134400,0,enc,5.13022518157959,0.6314834952354431,0.6015625,0.9096954464912415,0.935192883014679
134400,1,enc,7.356846332550049,0.5627526044845581,0.475830078125,1.054250717163086,1.1169812679290771
134400,2,enc,17.964494705200195,0.7776739597320557,0.8173828125,1.382161259651184,1.349568486213684
134600,0,enc,4.969667911529541,0.6366129517555237,0.68408203125,0.9256519079208374,0.9998842477798462
134600,1,enc,7.615572452545166,0.5645798444747925,0.5771484375,1.1796455383300781,1.2905938625335693
134600,2,enc,18.036706924438477,0.7449851632118225,0.7890625,1.4905062913894653,1.4905062913894653
134600,0,fcst,7.416270732879639,0.8174896240234375,0.72021484375,5.585015296936035,7.453042984008789
134600,1,fcst,6.584139347076416,0.5881578326225281,0.180908203125,8.305188179016113,8.222248077392578
134600,2,fcst,4.302360534667969,0.7470875382423401,0.68310546875,8.219972610473633,11.455793380737305
134600,0,enc,5.03726053237915,0.639489471912384,0.60888671875,0.9026403427124023,0.9266921877861023
134600,1,enc,7.542903423309326,0.5636901259422302,0.51416015625,1.0420055389404297,1.1308727264404297
134600,2,enc,18.030200958251953,0.7783122062683105,0.77197265625,1.5667448043823242,1.5239591598510742
134800,0,enc,5.2043986320495605,0.6618916988372803,0.69091796875,0.9898029565811157,1.0335816144943237
134800,1,enc,7.473353385925293,0.5651859641075134,0.56787109375,1.1036715507507324,1.2070019245147705
134800,2,enc,18.12367820739746,0.7317325472831726,0.791015625,1.5789241790771484,1.5527468919754028
134800,0,fcst,7.311960697174072,0.7696923613548279,0.6865234375,5.545799732208252,7.184752941131592
134800,1,fcst,6.471672534942627,0.6175053715705872,0.1953125,8.069269180297852,8.615601539611816
134800,2,fcst,4.423340797424316,0.7285628318786621,0.63134765625,8.615601539611816,8.887004852294922
134800,0,enc,5.222537517547607,0.6623694896697998,0.61376953125,0.9764689207077026,1.0216654539108276
134800,1,enc,7.6085638999938965,0.5578381419181824,0.50439453125,0.9811831116676331,1.0705995559692383
134800,2,enc,18.123409271240234,0.734129786491394,0.7421875,1.4936796426773071,1.4392362833023071
135000,0,enc,5.294590473175049,0.6485396027565002,0.697265625,0.9421517252922058,0.9418558478355408
135000,1,enc,7.679022312164307,0.5405672788619995,0.62353515625,0.9958069920539856,1.180947184562683
135000,2,enc,18.090538024902344,0.790040135383606,0.84423828125,1.3899437189102173,1.4628713130950928
135000,0,fcst,7.221979141235352,0.8169257640838623,0.6435546875,5.680132865905762,7.500879287719727
135000,1,fcst,6.50507926940918,0.6197455525398254,0.179931640625,8.771245956420898,8.960184097290039
135000,2,fcst,4.061741828918457,0.7609428763389587,0.75537109375,8.977197647094727,9.29764461517334
135000,0,enc,5.392622947692871,0.6480656266212463,0.64208984375,0.9373323321342468,0.9387218356132507
135000,1,enc,7.655429840087891,0.5394479632377625,0.51220703125,1.03109610080719,1.0670087337493896
135000,2,enc,18.09755516052246,0.7312920093536377,0.759765625,1.1920621395111084,1.2858731746673584
135200,0,enc,5.3385138511657715,0.657260537147522,0.75,0.9794303178787231,0.9770948886871338
135200,1,enc,7.715029239654541,0.5471104979515076,0.57958984375,1.0161817073822021,1.1976083517074585
135200,2,enc,18.172670364379883,0.8684766888618469,0.857421875,1.604535460472107,1.5425405502319336
135200,0,fcst,7.208850860595703,0.7848036885261536,0.73779296875,5.690333366394043,7.149779319763184
135200,1,fcst,6.605734348297119,0.599538266658783,0.16650390625,8.065178871154785,8.248555183410645
135200,2,fcst,4.042198657989502,0.6707524061203003,0.6455078125,8.279781341552734,9.145234107971191
135200,0,enc,5.321816921234131,0.6558120250701904,0.634765625,0.9833216071128845,0.9820131659507751
135200,1,enc,7.639895915985107,0.5439786911010742,0.5263671875,1.0341726541519165,1.1467643976211548
135200,2,enc,18.169092178344727,0.8296590447425842,0.72998046875,1.4215140342712402,1.2943109273910522
135400,0,enc,5.437803745269775,0.6600496172904968,0.708984375,0.9387468695640564,0.9540837407112122
135400,1,enc,7.789207458496094,0.5558112263679504,0.55078125,1.0291200876235962,1.1677567958831787
135400,2,enc,18.17226791381836,0.8911221623420715,0.93212890625,1.4853363037109375,1.5916926860809326
135400,0,fcst,7.233730316162109,0.776752769947052,0.69580078125,5.793509483337402,7.829216480255127
135400,1,fcst,6.764740943908691,0.548636794090271,0.1982421875,8.04014778137207,8.568034172058105
135400,2,fcst,4.085793495178223,0.7054722905158997,0.62255859375,8.619277954101562,9.196191787719727
135400,0,enc,5.4467620849609375,0.6546993851661682,0.62646484375,0.9494784474372864,1.0320271253585815
135400,1,enc,7.8056440353393555,0.5288817882537842,0.49609375,1.0310420989990234,1.1097899675369263
135400,2,enc,18.180768966674805,0.7768757939338684,0.796875,1.2917720079421997,1.3183680772781372
135600,0,enc,5.474733352661133,0.6497410535812378,0.7138671875,1.0190755128860474,1.0808566808700562
135600,1,enc,7.978291034698486,0.5376969575881958,0.5615234375,1.120753526687622,1.4503284692764282
135600,2,enc,18.291378021240234,0.7042863965034485,0.82177734375,1.6595954895019531,1.3992927074432373
135600,0,fcst,7.164747714996338,0.8291890621185303,0.72412109375,6.081482887268066,7.329145431518555
135600,1,fcst,6.64520263671875,0.6215815544128418,0.16259765625,7.961244583129883,8.540700912475586
135600,2,fcst,4.087548732757568,0.7272050976753235,0.65966796875,8.605006217956543,9.448647499084473
135600,0,enc,5.532628059387207,0.6487886905670166,0.609375,0.9783551692962646,0.9757115840911865
135600,1,enc,7.942615509033203,0.5295349359512329,0.4892578125,0.9923974275588989,1.0925087928771973
135600,2,enc,18.326934814453125,0.721096932888031,0.69140625,1.3033313751220703,1.2672117948532104
135800,0,enc,5.478410243988037,0.6199061274528503,0.65966796875,0.974186360836029,1.0196927785873413
135800,1,enc,7.893179893493652,0.515451192855835,0.53857421875,1.0418822765350342,1.4171139001846313
135800,2,enc,18.34187126159668,0.8672505617141724,0.845703125,1.5573582649230957,1.448304533958435
135800,0,fcst,7.28683614730835,0.733057975769043,0.73388671875,6.127934455871582,7.61839485168457
135800,1,fcst,6.745052814483643,0.5054546594619751,0.173095703125,8.267294883728027,9.209135055541992
135800,2,fcst,3.9399187564849854,0.68967604637146,0.69921875,9.159148216247559,9.4518461227417
135800,0,enc,5.470925331115723,0.6243689060211182,0.59326171875,0.9872750639915466,1.0152549743652344
135800,1,enc,7.762600898742676,0.5145317316055298,0.466552734375,1.084920883178711,1.1066300868988037
135800,2,enc,18.34781837463379,0.8770231008529663,0.7763671875,1.315291166305542,1.3162620067596436
136000,0,enc,5.531185626983643,0.6260106563568115,0.6767578125,0.985919713973999,0.9881237745285034
136000,1,enc,7.853623867034912,0.5408042073249817,0.5166015625,1.0970532894134521,1.1230374574661255
136000,2,enc,18.297529220581055,0.7636299133300781,0.8720703125,1.4057968854904175,1.4309817552566528
136000,0,fcst,7.338341236114502,0.7624642848968506,0.7138671875,5.798811435699463,6.844283103942871
136000,1,fcst,6.52437162399292,0.4986634850502014,0.185302734375,7.489928245544434,8.010883331298828
136000,2,fcst,3.919450521469116,0.6286607980728149,0.697265625,8.043760299682617,8.728981971740723
136000,0,enc,5.451520919799805,0.6289191246032715,0.60546875,0.9943608641624451,0.9997166991233826
136000,1,enc,7.91012716293335,0.5458556413650513,0.45263671875,1.0731890201568604,1.0371077060699463
136000,2,enc,18.319360733032227,0.7549272179603577,0.716796875,1.2733725309371948,1.3155783414840698
136200,0,enc,5.633248805999756,0.6451349854469299,0.71533203125,1.0060079097747803,1.0039236545562744
136200,1,enc,7.6999592781066895,0.5071316361427307,0.5615234375,1.0921509265899658,1.0972474813461304
136200,2,enc,18.17160987854004,0.7199134230613708,0.7236328125,1.449701189994812,1.4061474800109863
136200,0,fcst,7.3125104904174805,0.8633236289024353,0.67529296875,5.93794584274292,7.685729026794434
136200,1,fcst,6.603004455566406,0.5152260661125183,0.1849365234375,8.585658073425293,8.803756713867188
136200,2,fcst,3.9551849365234375,0.6612980365753174,0.755859375,8.766478538513184,8.980372428894043
136200,0,enc,5.670248031616211,0.6470484137535095,0.6103515625,1.0160778760910034,1.014555811882019
136200,1,enc,7.717199802398682,0.5240302085876465,0.438720703125,1.0329560041427612,1.1406220197677612
136200,2,enc,18.206613540649414,0.7000560164451599,0.68310546875,1.2366758584976196,1.3124518394470215
136400,0,enc,5.693512916564941,0.6331642270088196,0.76220703125,0.9523891806602478,1.001251220703125
136400,1,enc,7.836330890655518,0.5167697668075562,0.5283203125,1.159612774848938,1.130375862121582
136400,2,enc,18.201719284057617,0.8184757232666016,0.78857421875,1.4893779754638672,1.5028399229049683
136400,0,fcst,7.4279890060424805,0.8450037837028503,0.73193359375,6.344365119934082,7.085843086242676
136400,1,fcst,6.463945388793945,0.5501831769943237,0.159912109375,7.78839111328125,8.34720230102539
136400,2,fcst,3.960388660430908,0.6673868298530579,0.740234375,8.378552436828613,9.076794624328613
136400,0,enc,5.708463668823242,0.6339635252952576,0.6484375,0.95810467004776,1.0037894248962402
136400,1,enc,7.796976566314697,0.5223242044448853,0.465087890625,1.0369726419448853,1.0450440645217896
136400,2,enc,18.2052059173584,0.7787178158760071,0.78759765625,1.2671023607254028,1.1905642747879028
136600,0,enc,5.623562335968018,0.6441332101821899,0.7548828125,0.9691698551177979,1.0447856187820435
136600,1,enc,7.6598310470581055,0.5420166254043579,0.5029296875,1.0455302000045776,1.2872602939605713
136600,2,enc,18.22313117980957,0.878643274307251,0.81396484375,1.4910588264465332,1.531172513961792
136600,0,fcst,7.389631271362305,0.7456870675086975,0.71826171875,5.813050746917725,6.829252243041992
136600,1,fcst,6.196438789367676,0.5263428688049316,0.1885986328125,7.697624206542969,8.58358383178711
136600,2,fcst,4.012008190155029,0.7048056125640869,0.69091796875,8.587114334106445,9.152435302734375
136600,0,enc,5.611889362335205,0.6437048316001892,0.63623046875,1.0197317600250244,1.0756094455718994
136600,1,enc,7.624573230743408,0.5389416217803955,0.429443359375,1.0844696760177612,1.0353457927703857
136600,2,enc,18.235015869140625,0.85276859998703,0.71240234375,1.2032307386398315,1.190367579460144
136800,0,enc,5.7752485275268555,0.6529396772384644,0.76171875,0.9942601323127747,1.0287706851959229
136800,1,enc,7.807560443878174,0.567085325717926,0.52001953125,1.052685260772705,1.1984611749649048
136800,2,enc,18.234743118286133,0.8540785908699036,0.75634765625,1.4740028381347656,1.5388163328170776
136800,0,fcst,7.470390319824219,0.7208788990974426,0.6904296875,5.64885950088501,7.496200084686279
136800,1,fcst,6.154563903808594,0.6237375140190125,0.259033203125,7.998348712921143,8.545626640319824
136800,2,fcst,3.9477968215942383,0.6470643281936646,0.71044921875,8.543977737426758,8.960644721984863
136800,0,enc,5.775375843048096,0.6524537801742554,0.6337890625,0.9742792844772339,1.015101671218872
136800,1,enc,7.933112144470215,0.588324248790741,0.458251953125,1.0076794624328613,1.0864439010620117
136800,2,enc,18.234407424926758,0.7282123565673828,0.701171875,1.3338507413864136,1.3478964567184448
137000,0,enc,5.8100409507751465,0.632134735584259,0.72216796875,0.9673066139221191,0.9654501080513
137000,1,enc,8.019681930541992,0.5678829550743103,0.52587890625,1.0047485828399658,1.2288181781768799
137000,2,enc,18.24190902709961,0.8090116381645203,0.77685546875,1.4645123481750488,1.5280227661132812
137000,0,fcst,7.458069324493408,0.7936872839927673,0.68408203125,6.241688251495361,7.622415542602539
137000,1,fcst,6.161345958709717,0.5653223395347595,0.2352294921875,7.921197414398193,8.320503234863281
137000,2,fcst,3.8778316974639893,0.6353388428688049,0.72705078125,8.216798782348633,8.42386531829834
137000,0,enc,5.956783294677734,0.6341845393180847,0.63134765625,0.9633224606513977,0.9614437222480774
137000,1,enc,7.999083995819092,0.5689732432365417,0.4404296875,0.9689167737960815,0.9859540462493896
137000,2,enc,18.23028564453125,0.8294835686683655,0.77685546875,1.3713858127593994,1.3239309787750244
137200,0,enc,5.811667442321777,0.6076952219009399,0.693359375,1.0607255697250366,1.0667866468429565
137200,1,enc,8.007807731628418,0.5596182346343994,0.51318359375,1.0890854597091675,1.2601534128189087
137200,2,enc,18.15301513671875,0.7792909145355225,0.8505859375,1.4761018753051758,1.4952771663665771
137200,0,fcst,7.454108238220215,0.7284934520721436,0.69970703125,5.579802989959717,7.861839771270752
137200,1,fcst,6.236217021942139,0.5894171595573425,0.295654296875,9.017132759094238,9.322308540344238
137200,2,fcst,4.065445899963379,0.6757158041000366,0.912109375,9.324828147888184,9.670422554016113
137200,0,enc,5.793049335479736,0.6085219383239746,0.60791015625,1.0362306833267212,1.0515581369400024
137200,1,enc,7.87308931350708,0.5594572424888611,0.435546875,1.0678279399871826,1.0719283819198608
137200,2,enc,18.155853271484375,0.7402849197387695,0.72705078125,1.1250699758529663,1.105065941810608
137400,0,enc,5.746380805969238,0.6254533529281616,0.6630859375,0.9787423610687256,1.045518398284912
137400,1,enc,8.027599334716797,0.5921137928962708,0.55859375,1.046535611152649,1.1723358631134033
137400,2,enc,18.12093734741211,0.7816760540008545,0.7451171875,1.3422026634216309,1.3578144311904907
137400,0,fcst,7.36040735244751,0.715596079826355,0.68115234375,6.2731218338012695,7.511903762817383
137400,1,fcst,6.281829833984375,0.5335561633110046,0.3427734375,8.038106918334961,8.58958625793457
137400,2,fcst,3.95802903175354,0.6023720502853394,0.76171875,8.610753059387207,9.138368606567383
137400,0,enc,5.734551906585693,0.6239529252052307,0.58203125,0.9810287952423096,1.0505456924438477
137400,1,enc,7.980981826782227,0.5627157688140869,0.446044921875,1.0505503416061401,1.1753672361373901
137400,2,enc,18.16446876525879,0.8087888360023499,0.70263671875,1.1754627227783203,1.2323169708251953
137600,0,enc,5.660444259643555,0.6222068667411804,0.65380859375,1.0002682209014893,0.9899346232414246
137600,1,enc,8.243035316467285,0.5354558825492859,0.5302734375,1.0148475170135498,1.1209808588027954
137600,2,enc,18.111984252929688,0.7176154851913452,0.8515625,1.3749747276306152,1.3749747276306152
137600,0,fcst,7.352771282196045,0.791717529296875,0.71044921875,6.080458164215088,7.765976428985596
137600,1,fcst,6.3272504806518555,0.5450164079666138,0.252197265625,8.32923412322998,8.806968688964844
137600,2,fcst,4.0905585289001465,0.5881943106651306,0.70703125,8.751240730285645,9.47552490234375
137600,0,enc,5.67824649810791,0.6263047456741333,0.56689453125,0.9917706251144409,0.9701923131942749
137600,1,enc,8.300080299377441,0.5270505547523499,0.455078125,0.9881415963172913,1.0608344078063965
137600,2,enc,18.11399269104004,0.6834150552749634,0.67822265625,1.2229021787643433,1.1514716148376465
137800,0,enc,5.6750054359436035,0.6315694451332092,0.6318359375,0.9576734900474548,0.9276425838470459
137800,1,enc,8.468125343322754,0.5241798758506775,0.52685546875,1.0044944286346436,1.4964966773986816
137800,2,enc,18.092119216918945,0.7870187759399414,0.912109375,1.6716742515563965,1.475412368774414
137800,0,fcst,7.276430606842041,0.7152606248855591,0.65234375,5.843988418579102,7.228503227233887
137800,1,fcst,6.546118259429932,0.639561653137207,0.29443359375,7.635807037353516,8.33242130279541
137800,2,fcst,4.1396989822387695,0.5738312602043152,0.70849609375,8.366647720336914,9.15283489227295
137800,0,enc,5.616777420043945,0.6276187896728516,0.5537109375,0.9578047394752502,0.9592848420143127
137800,1,enc,8.51580810546875,0.5328891277313232,0.458251953125,0.9780957698822021,1.0214533805847168
137800,2,enc,18.07576560974121,0.8209587335586548,0.71630859375,1.1943259239196777,1.2190604209899902
138000,0,enc,5.5816969871521,0.6382467746734619,0.6787109375,0.9529840350151062,0.9601635932922363
138000,1,enc,8.506528854370117,0.5162851214408875,0.5419921875,0.9674662947654724,1.18355393409729
138000,2,enc,18.147233963012695,0.7446417212486267,0.88330078125,1.2790476083755493,1.329918622970581
138000,0,fcst,7.2470703125,0.6934586763381958,0.75732421875,5.892598628997803,7.644342422485352
138000,1,fcst,6.4725871086120605,0.5796026587486267,0.343994140625,8.848045349121094,9.175533294677734
138000,2,fcst,4.17513370513916,0.6302341222763062,0.8115234375,9.175533294677734,9.086625099182129
138000,0,enc,5.605072975158691,0.6337745785713196,0.5927734375,0.9537990093231201,0.9569556713104248
138000,1,enc,8.523594856262207,0.5120971202850342,0.46337890625,0.9824331998825073,1.0582035779953003
138000,2,enc,18.13282585144043,0.748075544834137,0.8193359375,1.158400058746338,1.131330966949463
138200,0,enc,5.460813045501709,0.6583916544914246,0.6875,0.9947389364242554,0.9776575565338135
138200,1,enc,8.679727554321289,0.5744195580482483,0.560546875,1.1151456832885742,1.1331007480621338
138200,2,enc,18.168777465820312,0.877362847328186,0.83642578125,1.6724562644958496,1.3742724657058716
138200,0,fcst,7.287315368652344,0.7592304944992065,0.71337890625,5.730658531188965,8.239240646362305
138200,1,fcst,6.525479793548584,0.6066554188728333,0.330810546875,8.278316497802734,8.911996841430664
138200,2,fcst,4.108310699462891,0.5822787880897522,0.87255859375,9.020742416381836,9.41874885559082
138200,0,enc,5.481139659881592,0.6554240584373474,0.59765625,0.9627194404602051,0.9626489877700806
138200,1,enc,8.490537643432617,0.5608900785446167,0.4716796875,0.9685547947883606,1.108666181564331
138200,2,enc,18.144506454467773,0.7761273384094238,0.7734375,1.138427495956421,1.1526192426681519
138400,0,enc,5.499997138977051,0.6607630848884583,0.68505859375,0.9238343238830566,1.017229437828064
138400,1,enc,8.779653549194336,0.5369552373886108,0.603515625,1.013764500617981,1.374786138534546
138400,2,enc,18.23087501525879,0.7192379832267761,0.8740234375,1.4968910217285156,1.4968910217285156
138400,0,fcst,7.34486722946167,0.7107128500938416,0.7529296875,6.088350772857666,7.332281112670898
138400,1,fcst,6.482063293457031,0.5434362888336182,0.27783203125,7.83265495300293,8.649712562561035
138400,2,fcst,4.141782760620117,0.5744791030883789,0.74462890625,8.786928176879883,9.736906051635742
138400,0,enc,5.502814292907715,0.6592758297920227,0.61474609375,0.9348078966140747,0.9903498888015747
138400,1,enc,8.734548568725586,0.5087130665779114,0.4716796875,0.9950762391090393,1.2518844604492188
138400,2,enc,18.231998443603516,0.7365318536758423,0.70068359375,1.2729127407073975,1.3644654750823975
138600,0,enc,5.5534987449646,0.6413781046867371,0.64990234375,1.1014270782470703,1.1014270782470703
138600,1,enc,8.75804328918457,0.5286015868186951,0.58447265625,1.1014270782470703,1.227980375289917
138600,2,enc,18.168163299560547,0.779599130153656,0.751953125,1.379805564880371,1.4250000715255737
138600,0,fcst,7.269828796386719,0.7685457468032837,0.7578125,5.997242450714111,6.863613128662109
138600,1,fcst,6.779706954956055,0.58481764793396,0.255615234375,7.777235984802246,8.058032035827637
138600,2,fcst,4.108703136444092,0.6173616051673889,0.7421875,8.113224029541016,8.877655029296875
138600,0,enc,5.486666202545166,0.6412140727043152,0.60302734375,1.0940412282943726,1.1271528005599976
138600,1,enc,8.835000991821289,0.5203590393066406,0.474853515625,1.126710057258606,1.191529393196106
138600,2,enc,18.165952682495117,0.7195987701416016,0.720703125,1.2371617555618286,1.221541166305542
138800,0,enc,5.635031700134277,0.6615704894065857,0.66455078125,0.9276328682899475,0.9487295150756836
138800,1,enc,8.628710746765137,0.5174518823623657,0.56396484375,0.9768013954162598,1.1709229946136475
138800,2,enc,18.206195831298828,0.8476728200912476,0.83447265625,1.4747925996780396,1.3845962285995483
138800,0,fcst,7.177545547485352,0.6899168491363525,0.72802734375,5.8709845542907715,7.105018615722656
138800,1,fcst,6.711511135101318,0.6622040271759033,0.263671875,8.060099601745605,9.183146476745605
138800,2,fcst,4.144996643066406,0.5504183769226074,0.72216796875,9.181660652160645,10.290059089660645
138800,0,enc,5.671151161193848,0.6609625816345215,0.5869140625,0.9398159384727478,0.9401909708976746
138800,1,enc,8.527587890625,0.5320701599121094,0.466796875,1.047504186630249,1.150592565536499
138800,2,enc,18.19660758972168,0.7224757075309753,0.71533203125,1.211343765258789,1.1773754358291626
139000,0,enc,5.63324499130249,0.7134547829627991,0.7060546875,0.9382365942001343,0.9806507229804993
139000,1,enc,8.794827461242676,0.5321639180183411,0.5390625,0.9886674880981445,1.2735464572906494
139000,2,enc,18.191457748413086,0.7032971978187561,0.8427734375,1.3867346048355103,1.2830379009246826
139000,0,fcst,7.137240886688232,0.7089648246765137,0.716796875,5.946495056152344,7.536599159240723
139000,1,fcst,6.721943378448486,0.6012619137763977,0.288330078125,8.362127304077148,8.831962585449219
139000,2,fcst,4.03322696685791,0.5866848230361938,0.8427734375,8.864278793334961,8.977668762207031
139000,0,enc,5.648331642150879,0.7120625376701355,0.623046875,0.94289630651474,1.029374599456787
139000,1,enc,8.47590446472168,0.4988560676574707,0.468994140625,1.0281888246536255,1.0888577699661255
139000,2,enc,18.20712661743164,0.7946746945381165,0.826171875,1.161620855331421,1.213287115097046
139200,0,enc,5.68048620223999,0.7277801632881165,0.71875,0.8902206420898438,0.9440917372703552
139200,1,enc,8.828994750976562,0.48970794677734375,0.56103515625,1.0291519165039062,1.332378625869751
139200,2,enc,18.338638305664062,0.8221979141235352,0.8388671875,1.5164475440979004,1.599997878074646
139200,0,fcst,7.218210220336914,0.7237656712532043,0.7255859375,5.917900562286377,6.950973033905029
139200,1,fcst,6.667606830596924,0.5604545474052429,0.2880859375,7.977689743041992,8.52588176727295
139200,2,fcst,4.192985534667969,0.5695024728775024,0.7900390625,8.54487133026123,8.941335678100586
139200,0,enc,5.667734622955322,0.7226669192314148,0.6337890625,0.8935334086418152,0.9553645253181458
139200,1,enc,8.71204662322998,0.493690550327301,0.4580078125,0.9641433954238892,1.1444212198257446
139200,2,enc,18.306529998779297,0.820160448551178,0.76611328125,1.4241546392440796,1.5265716314315796
139400,0,enc,5.4456305503845215,0.7071499228477478,0.759765625,0.9615976214408875,0.9796196222305298
139400,1,enc,9.090779304504395,0.4835048019886017,0.525390625,1.0553003549575806,1.2399072647094727
139400,2,enc,18.427949905395508,0.8658996224403381,0.875,1.481037974357605,1.4386523962020874
139400,0,fcst,7.2623467445373535,0.7288599610328674,0.76904296875,5.765780448913574,7.502684593200684
139400,1,fcst,6.767674922943115,0.5321136713027954,0.2384033203125,8.160394668579102,8.625954627990723
139400,2,fcst,4.080577373504639,0.5915117859840393,0.6962890625,8.63222885131836,8.929266929626465
139400,0,enc,5.534571170806885,0.7052825689315796,0.65234375,0.9685904383659363,0.98143070936203
139400,1,enc,8.923134803771973,0.4903539717197418,0.4345703125,0.9890037178993225,1.0944106578826904
139400,2,enc,18.417980194091797,0.8532133102416992,0.76806640625,1.2595891952514648,1.2445745468139648
139600,0,enc,5.480771541595459,0.7046406269073486,0.69970703125,1.0541564226150513,1.0429836511611938
139600,1,enc,9.089692115783691,0.5182985663414001,0.556640625,1.241229772567749,1.3408005237579346
139600,2,enc,18.576807022094727,0.9092192649841309,0.8681640625,1.5528727769851685,1.3926255702972412
139600,0,fcst,7.335089683532715,0.7350431084632874,0.82861328125,6.377938747406006,7.101985931396484
139600,1,fcst,6.626499176025391,0.5661527514457703,0.324951171875,7.3532843589782715,7.848679542541504
139600,2,fcst,4.210287094116211,0.5943907499313354,0.75927734375,7.834616661071777,8.919976234436035
139600,0,enc,5.497250556945801,0.6972630023956299,0.6181640625,1.0769504308700562,1.0746482610702515
139600,1,enc,8.750740051269531,0.5096379518508911,0.462890625,1.0742387771606445,1.0850163698196411
139600,2,enc,18.550113677978516,0.7313498258590698,0.79150390625,1.3411636352539062,1.196096420288086
139800,0,enc,5.275241374969482,0.6826576590538025,0.71630859375,1.0683245658874512,1.0683245658874512
139800,1,enc,9.143537521362305,0.5094568133354187,0.57666015625,1.0860192775726318,1.272443175315857
139800,2,enc,18.65924835205078,0.7433242797851562,0.82568359375,1.334234595298767,1.3459815979003906
139800,0,fcst,7.397330284118652,0.8213998079299927,0.7412109375,5.777719020843506,7.301389217376709
139800,1,fcst,6.6203155517578125,0.6211742758750916,0.283447265625,8.085247039794922,9.337417602539062
139800,2,fcst,4.126079559326172,0.5812888741493225,0.7109375,9.290847778320312,9.773975372314453
139800,0,enc,5.2580485343933105,0.6783756017684937,0.6044921875,1.0753734111785889,1.0943706035614014
139800,1,enc,8.635614395141602,0.5166266560554504,0.464111328125,1.1108096837997437,1.1942447423934937
139800,2,enc,18.660625457763672,0.7283521294593811,0.7998046875,1.2789727449417114,1.2527837753295898
140000,0,enc,5.066616058349609,0.6761005520820618,0.78369140625,1.004290223121643,1.0405375957489014
140000,1,enc,9.009369850158691,0.5560354590415955,0.54541015625,1.0677907466888428,1.3182199001312256
140000,2,enc,18.773761749267578,0.7633656859397888,0.833984375,1.4493364095687866,1.477960467338562
140000,0,fcst,7.4542059898376465,0.7800033092498779,0.71923828125,5.841396331787109,6.83447265625
140000,1,fcst,6.65000581741333,0.6168436408042908,0.34326171875,7.349565505981445,8.22901439666748
140000,2,fcst,4.079086780548096,0.6368652582168579,0.74365234375,8.227608680725098,8.60012149810791
140000,0,enc,5.047036170959473,0.6768169403076172,0.6923828125,1.0276846885681152,1.0437521934509277
140000,1,enc,8.727974891662598,0.49970006942749023,0.4638671875,1.0420905351638794,1.137465476989746
140000,2,enc,18.78978157043457,0.7752362489700317,0.72998046875,1.234819769859314,1.2431360483169556
140200,0,enc,5.011728286743164,0.6512176990509033,0.78466796875,0.9796741604804993,1.0603747367858887
140200,1,enc,8.983586311340332,0.5200055241584778,0.55712890625,1.0622693300247192,1.3014049530029297
140200,2,enc,18.78740119934082,0.7517516613006592,0.87841796875,1.3783271312713623,1.7619061470031738
140200,0,fcst,7.5086283683776855,0.7648027539253235,0.78125,6.053417682647705,7.456412315368652
140200,1,fcst,6.638919353485107,0.5114251971244812,0.3046875,7.8835954666137695,8.635005950927734
140200,2,fcst,4.294473171234131,0.6208943724632263,0.70947265625,8.650646209716797,9.300060272216797
140200,0,enc,4.925609111785889,0.663368821144104,0.7236328125,1.0009894371032715,1.0792365074157715
140200,1,enc,8.812529563903809,0.48738425970077515,0.468994140625,1.0795084238052368,1.1884170770645142
140200,2,enc,18.747901916503906,0.7081825137138367,0.8037109375,1.301457405090332,1.207977533340454
140400,0,enc,4.913602352142334,0.6445419192314148,0.81640625,0.9747721552848816,1.0265164375305176
140400,1,enc,8.8475923538208,0.5003328323364258,0.5361328125,1.0370714664459229,1.2632575035095215
140400,2,enc,18.703277587890625,0.7921827435493469,0.927734375,1.3519617319107056,1.5080864429473877
140400,0,fcst,7.6421332359313965,0.7405736446380615,0.76708984375,5.773075580596924,7.015775203704834
140400,1,fcst,6.631596088409424,0.5770329236984253,0.3623046875,7.989890098571777,8.517505645751953
140400,2,fcst,4.310161590576172,0.5885512232780457,0.7568359375,8.509469032287598,8.86097240447998
140400,0,enc,4.920340538024902,0.6487783789634705,0.736328125,0.9882881045341492,1.029334306716919
140400,1,enc,8.620356559753418,0.4861069321632385,0.4609375,1.0507895946502686,1.2528462409973145
140400,2,enc,18.691614151000977,0.7971987724304199,0.81689453125,1.19450044631958,1.289047360420227
140600,0,enc,4.934447765350342,0.6462275385856628,0.8681640625,0.8903606534004211,0.9533286094665527
140600,1,enc,8.818588256835938,0.5185977816581726,0.52001953125,1.0122030973434448,1.4444035291671753
140600,2,enc,18.740753173828125,0.8891584873199463,0.9853515625,1.6185081005096436,1.4639601707458496
140600,0,fcst,7.663433074951172,0.7791069149971008,0.748046875,5.9695048332214355,8.193487167358398
140600,1,fcst,6.684117794036865,0.5337902307510376,0.405517578125,8.810342788696289,8.67715072631836
140600,2,fcst,4.199002265930176,0.6042190790176392,0.697265625,8.70587158203125,8.704662322998047
140600,0,enc,4.9327592849731445,0.649687647819519,0.80078125,0.8775978088378906,0.941274881362915
140600,1,enc,8.747359275817871,0.5139061808586121,0.466064453125,0.9590248465538025,1.158371925354004
140600,2,enc,18.785768508911133,0.8001428246498108,0.84521484375,1.3204339742660522,1.2182066440582275
140800,0,enc,4.889087677001953,0.634376585483551,0.845703125,0.9729946851730347,1.0316205024719238
140800,1,enc,8.931595802307129,0.5406362414360046,0.63623046875,1.0757733583450317,1.2771893739700317
140800,2,enc,18.707962036132812,0.8864636421203613,0.8984375,1.279560923576355,1.4775588512420654
140800,0,fcst,7.687089443206787,0.745229184627533,0.76708984375,5.6806440353393555,7.661894798278809
140800,1,fcst,6.744339942932129,0.6176155209541321,0.406982421875,8.58434009552002,9.184383392333984
140800,2,fcst,4.30274772644043,0.5664516091346741,0.7109375,9.265371322631836,9.526330947875977
140800,0,enc,4.886057376861572,0.6425093412399292,0.76025390625,0.9617613554000854,0.974075198173523
140800,1,enc,8.975335121154785,0.49551427364349365,0.489501953125,0.9776713848114014,1.1033498048782349
140800,2,enc,18.72467041015625,0.832933247089386,0.86962890625,1.2737468481063843,1.3255958557128906
141000,0,enc,4.891103744506836,0.644760012626648,0.88916015625,1.1009975671768188,1.1164089441299438
141000,1,enc,8.753878593444824,0.5001657605171204,0.56298828125,1.0918638706207275,1.1342843770980835
141000,2,enc,18.66901969909668,0.7752377390861511,0.8515625,1.3304401636123657,1.362234354019165
141000,0,fcst,7.72719144821167,0.7426326870918274,0.76806640625,5.807365417480469,7.846491813659668
141000,1,fcst,6.69706392288208,0.5482302308082581,0.345947265625,8.526680946350098,9.190743446350098
141000,2,fcst,4.237176418304443,0.5946457982063293,0.6875,9.197603225708008,9.369451522827148
141000,0,enc,4.885230541229248,0.6435939073562622,0.77783203125,1.1156028509140015,1.1254066228866577
141000,1,enc,8.593158721923828,0.4959579110145569,0.474365234375,1.107670783996582,1.175602912902832
141000,2,enc,18.62851905822754,0.7692952752113342,0.8125,1.1845853328704834,1.2801220417022705
141200,0,enc,4.783812999725342,0.6343778967857361,0.7900390625,0.9732820391654968,0.9868199825286865
141200,1,enc,8.693081855773926,0.518949568271637,0.55322265625,1.0584449768066406,1.248332142829895
141200,2,enc,18.829519271850586,0.8302987217903137,0.92578125,1.312069296836853,1.7989470958709717
141200,0,fcst,7.7019877433776855,0.7676506042480469,0.90185546875,6.139754772186279,7.4275007247924805
141200,1,fcst,6.786031723022461,0.4836944341659546,0.32177734375,7.599503517150879,8.475496292114258
141200,2,fcst,4.308626651763916,0.5751942992210388,0.6474609375,8.60330867767334,9.114376068115234
141200,0,enc,4.767261505126953,0.6322818994522095,0.70849609375,1.0068418979644775,1.0249998569488525
141200,1,enc,8.587250709533691,0.524757444858551,0.48291015625,1.0271087884902954,1.1167727708816528
141200,2,enc,18.8576602935791,0.9285154938697815,0.9169921875,1.2128703594207764,1.2506492137908936
141400,0,enc,4.799128532409668,0.6326265931129456,0.83544921875,0.9215418696403503,0.9215418696403503
141400,1,enc,8.754508018493652,0.4993385970592499,0.58349609375,0.9241394996643066,1.1626667976379395
141400,2,enc,18.7962703704834,0.8009777665138245,1.029296875,1.3466947078704834,1.411975383758545
141400,0,fcst,7.697543621063232,0.7684776782989502,0.7763671875,5.727962493896484,7.495012283325195
141400,1,fcst,6.827552795410156,0.472385972738266,0.31396484375,7.5029120445251465,8.473851203918457
141400,2,fcst,4.281591892242432,0.5931114554405212,0.61474609375,8.473952293395996,8.473952293395996
141400,0,enc,4.7894439697265625,0.6326561570167542,0.720703125,0.9260148406028748,0.9459733366966248
141400,1,enc,8.667726516723633,0.4947049021720886,0.505859375,0.9494937062263489,1.140662431716919
141400,2,enc,18.823579788208008,0.7849480509757996,0.81982421875,1.1908133029937744,1.1885287761688232
141600,0,enc,4.753340721130371,0.6371893286705017,0.826171875,0.9843223094940186,1.013805627822876
141600,1,enc,8.883822441101074,0.5025271773338318,0.60107421875,1.0931847095489502,1.216458797454834
141600,2,enc,18.95926856994629,0.8692577481269836,0.88623046875,1.4237650632858276,1.3195769786834717
141600,0,fcst,7.716270446777344,0.7708392143249512,0.76513671875,6.078212738037109,7.62226676940918
141600,1,fcst,6.995461463928223,0.5571831464767456,0.423095703125,8.380781173706055,9.120256423950195
141600,2,fcst,4.2899603843688965,0.6719817519187927,0.64599609375,9.155187606811523,9.678191184997559
141600,0,enc,4.745164394378662,0.6374130249023438,0.7470703125,0.9623502492904663,0.9946378469467163
141600,1,enc,8.765531539916992,0.5095494389533997,0.497314453125,1.0051705837249756,1.0731602907180786
141600,2,enc,18.953414916992188,0.8120782971382141,0.806640625,1.3864237070083618,1.3412576913833618
141800,0,enc,4.76114559173584,0.6504166722297668,0.849609375,0.9908148050308228,0.9894457459449768
141800,1,enc,9.029388427734375,0.5133094787597656,0.5185546875,0.9892128705978394,1.191789150238037
141800,2,enc,18.79691505432129,0.805277407169342,0.9267578125,1.334532618522644,1.8722517490386963
141800,0,fcst,7.604966640472412,0.9211759567260742,0.80517578125,5.917203903198242,7.1197991371154785
141800,1,fcst,6.910269737243652,0.5207971930503845,0.339111328125,7.887913227081299,8.418240547180176
141800,2,fcst,4.275168418884277,0.5893877148628235,0.6689453125,8.500325202941895,9.165081024169922
141800,0,enc,4.799789905548096,0.6480700969696045,0.7431640625,1.0017170906066895,1.0005593299865723
141800,1,enc,8.995986938476562,0.5066985487937927,0.4677734375,0.9994325041770935,1.0372047424316406
141800,2,enc,18.82181167602539,0.8601654767990112,0.84716796875,1.190561056137085,1.21433424949646
142000,0,enc,4.792308807373047,0.6954908967018127,0.87255859375,1.002181053161621,1.0059894323349
142000,1,enc,8.876479148864746,0.4870363175868988,0.498291015625,1.02149498462677,1.2934656143188477
142000,2,enc,18.852155685424805,0.7645079493522644,0.8544921875,1.3578591346740723,1.7823047637939453
142000,0,fcst,7.569417953491211,0.7745866775512695,0.75146484375,6.093338966369629,7.41165828704834
142000,1,fcst,7.012763500213623,0.5130694508552551,0.2998046875,8.22760009765625,8.6423978805542
142000,2,fcst,4.303487300872803,0.6038628220558167,0.63427734375,8.747220993041992,8.888687133789062
142000,0,enc,4.825096130371094,0.692093014717102,0.7978515625,0.9909019470214844,0.9898567199707031
142000,1,enc,8.805063247680664,0.4855925738811493,0.443115234375,1.001083493232727,1.0659608840942383
142000,2,enc,18.878469467163086,0.7325776219367981,0.78173828125,1.2562415599822998,1.1724402904510498
142200,0,enc,4.820291519165039,0.694072425365448,0.86572265625,1.040023922920227,1.0375105142593384
142200,1,enc,8.9937105178833,0.4895424246788025,0.53076171875,1.036834955215454,1.1785396337509155
142200,2,enc,18.954444885253906,0.8255661129951477,0.93798828125,1.4008545875549316,1.2459681034088135
142200,0,fcst,7.506270408630371,0.8436128497123718,0.79443359375,5.81698751449585,7.249300479888916
142200,1,fcst,7.058394432067871,0.516101598739624,0.380126953125,7.547851085662842,7.949823379516602
142200,2,fcst,4.370500087738037,0.5714607834815979,0.70751953125,7.917604923248291,8.605308532714844
142200,0,enc,4.832064151763916,0.6924307346343994,0.787109375,1.044351577758789,1.0421199798583984
142200,1,enc,8.842290878295898,0.48131227493286133,0.441650390625,1.0421099662780762,1.1070520877838135
142200,2,enc,18.951698303222656,0.8162264823913574,0.86767578125,1.395800232887268,1.1890965700149536
142400,0,enc,4.811196804046631,0.7003223299980164,0.8388671875,1.036663293838501,1.0030691623687744
142400,1,enc,9.043709754943848,0.47362610697746277,0.52197265625,0.995018482208252,1.1573758125305176
142400,2,enc,18.89679527282715,0.7747289538383484,0.85791015625,1.3937690258026123,1.2963801622390747
142400,0,fcst,7.547626495361328,0.7606649398803711,0.86376953125,6.452637672424316,7.509495258331299
142400,1,fcst,7.2849836349487305,0.5088614225387573,0.303955078125,7.8937554359436035,8.332379341125488
142400,2,fcst,4.367735385894775,0.5676160454750061,0.66748046875,8.37467098236084,8.8534574508667
142400,0,enc,4.786923885345459,0.7008544206619263,0.80908203125,1.0200417041778564,1.0258158445358276
142400,1,enc,8.965474128723145,0.4699571132659912,0.447021484375,1.0206844806671143,1.062406063079834
142400,2,enc,18.84236717224121,0.7792674899101257,0.76904296875,1.3369534015655518,1.3974697589874268
142600,0,enc,4.8413405418396,0.6911494135856628,0.8798828125,1.0174405574798584,1.0574524402618408
142600,1,enc,8.925427436828613,0.48589152097702026,0.52294921875,1.0613141059875488,1.313802719116211
142600,2,enc,18.8303279876709,0.8479999303817749,0.8876953125,1.3622589111328125,1.446419596672058
142600,0,fcst,7.543529987335205,0.7610768675804138,0.7158203125,5.715449333190918,7.736946105957031
142600,1,fcst,7.302816867828369,0.47504091262817383,0.31982421875,8.49748706817627,9.11760425567627
142600,2,fcst,4.456486225128174,0.5769454836845398,0.67041015625,9.123384475708008,9.384479522705078
142600,0,enc,4.8239641189575195,0.6894128918647766,0.81005859375,1.0165172815322876,1.0533825159072876
142600,1,enc,8.87641429901123,0.48658132553100586,0.44677734375,1.0542397499084473,1.1585063934326172
142600,2,enc,18.857919692993164,0.7941601276397705,0.84033203125,1.3556642532348633,1.4209723472595215
142800,0,enc,4.985518455505371,0.7005886435508728,0.8857421875,0.9319047331809998,0.9633152484893799
142800,1,enc,8.843838691711426,0.5205416679382324,0.49658203125,0.9553708434104919,1.178895354270935
142800,2,enc,19.056163787841797,0.8169289231300354,0.951171875,1.5548555850982666,1.5066055059432983
142800,0,fcst,7.4978203773498535,0.7406003475189209,0.82275390625,5.954172134399414,7.067271709442139
142800,1,fcst,7.407044887542725,0.5566918253898621,0.3720703125,9.089516639709473,9.549314498901367
142800,2,fcst,4.465478897094727,0.5988618731498718,0.66259765625,9.426054954528809,9.571725845336914
142800,0,enc,5.01953649520874,0.7018360495567322,0.77197265625,0.9219109416007996,0.9447892904281616
142800,1,enc,8.740906715393066,0.49051371216773987,0.438232421875,0.956082284450531,1.053805947303772
142800,2,enc,18.98870277404785,0.7569462656974792,0.89111328125,1.3373751640319824,1.3780856132507324
143000,0,enc,5.0438032150268555,0.7284791469573975,0.8857421875,0.9735068082809448,0.9794720411300659
143000,1,enc,8.962589263916016,0.4587218463420868,0.52880859375,1.04634690284729,1.2031394243240356
143000,2,enc,18.882726669311523,0.7575063705444336,0.9267578125,1.4759470224380493,1.498038411140442
143000,0,fcst,7.465099811553955,0.7280710339546204,0.791015625,6.3244781494140625,7.32328462600708
143000,1,fcst,7.5372538566589355,0.5752810835838318,0.295654296875,7.696928977966309,8.611499786376953
143000,2,fcst,4.459634780883789,0.5455812215805054,0.66455078125,8.804285049438477,9.255131721496582
143000,0,enc,5.080108165740967,0.7261738181114197,0.76904296875,0.9722893238067627,0.9754650592803955
143000,1,enc,8.825051307678223,0.46994665265083313,0.436767578125,0.9840837121009827,1.1744621992111206
143000,2,enc,18.89617919921875,0.826488733291626,0.8037109375,1.2841957807540894,1.2885658740997314
143200,0,enc,5.158513069152832,0.7319117784500122,0.86083984375,0.922975480556488,0.9367062449455261
143200,1,enc,8.651911735534668,0.5267966985702515,0.475341796875,1.011652946472168,1.1135138273239136
143200,2,enc,18.96866226196289,0.779039740562439,0.83984375,1.490578055381775,1.4806315898895264
143200,0,fcst,7.609364032745361,0.8149533271789551,0.751953125,6.205732345581055,7.146487712860107
143200,1,fcst,7.6425371170043945,0.49133652448654175,0.31396484375,8.027271270751953,8.605613708496094
143200,2,fcst,4.50260591506958,0.5825217962265015,0.64111328125,8.66379451751709,8.875975608825684
143200,0,enc,5.170856952667236,0.7348898649215698,0.79052734375,0.9038610458374023,0.9449030756950378
143200,1,enc,8.520792961120605,0.4851963520050049,0.40283203125,1.0799734592437744,1.1773037910461426
143200,2,enc,18.93425750732422,0.8667654991149902,0.83349609375,1.2060176134109497,1.2118713855743408
143400,0,enc,5.215981960296631,0.7857243418693542,0.8681640625,0.9232717156410217,0.9993363618850708
143400,1,enc,9.031919479370117,0.4879001975059509,0.453369140625,1.1490600109100342,1.179992437362671
143400,2,enc,18.962095260620117,0.861527144908905,0.8876953125,1.3304224014282227,1.3927242755889893
143400,0,fcst,7.509324550628662,0.7996503710746765,0.83056640625,6.044002056121826,7.656963348388672
143400,1,fcst,7.65386438369751,0.5428214073181152,0.2490234375,7.979011058807373,8.679423332214355
143400,2,fcst,4.518457889556885,0.6009184718132019,0.72509765625,8.713998794555664,9.3590726852417
143400,0,enc,5.225600242614746,0.7806884050369263,0.77587890625,0.9284900426864624,0.9651414155960083
143400,1,enc,8.487480163574219,0.5046354532241821,0.4052734375,0.9704046845436096,1.0956206321716309
143400,2,enc,18.96078872680664,0.7790659666061401,0.8447265625,1.2543714046478271,1.2768956422805786
143600,0,enc,5.287628173828125,0.7961879372596741,0.876953125,0.949666440486908,0.9484001994132996
143600,1,enc,9.003378868103027,0.49785470962524414,0.485107421875,0.9518952369689941,1.1198097467422485
143600,2,enc,18.911434173583984,0.7733762860298157,0.95068359375,1.540318489074707,1.540318489074707
143600,0,fcst,7.534529209136963,0.7920159101486206,0.7578125,6.048793792724609,7.415560722351074
143600,1,fcst,7.694407939910889,0.5150222778320312,0.31494140625,8.107419967651367,8.833331108093262
143600,2,fcst,4.534778594970703,0.5352301597595215,0.64111328125,8.754168510437012,8.922760963439941
143600,0,enc,5.275594234466553,0.7972322702407837,0.73291015625,0.9805566072463989,0.9665795564651489
143600,1,enc,9.057204246520996,0.5024732351303101,0.396728515625,0.9637972712516785,1.1154600381851196
143600,2,enc,18.916255950927734,0.8242144584655762,0.9384765625,1.1779755353927612,1.1845000982284546
143800,0,enc,5.2792887687683105,0.8514308333396912,0.916015625,0.9694170951843262,1.0648608207702637
143800,1,enc,9.155932426452637,0.5041524767875671,0.479736328125,1.0511542558670044,1.1245577335357666
143800,2,enc,18.98030662536621,0.7432165145874023,0.88037109375,1.3727819919586182,1.3484927415847778
143800,0,fcst,7.482687950134277,0.7867032289505005,0.74853515625,5.9947991371154785,7.4426116943359375
143800,1,fcst,7.720036029815674,0.4808812141418457,0.2286376953125,8.144587516784668,8.776640892028809
143800,2,fcst,4.598209381103516,0.6015839576721191,0.6396484375,8.545450210571289,8.958340644836426
143800,0,enc,5.295145034790039,0.8513888120651245,0.73681640625,0.968433141708374,0.9708911776542664
143800,1,enc,9.02586841583252,0.527954638004303,0.39111328125,0.9665610790252686,1.0549713373184204
143800,2,enc,18.95722007751465,0.743522047996521,0.79443359375,1.3393621444702148,1.2789334058761597
144000,0,enc,5.313077926635742,0.853675127029419,0.85595703125,1.0148078203201294,1.0855398178100586
144000,1,enc,9.14474105834961,0.5571150779724121,0.5498046875,1.0878798961639404,1.2232850790023804
144000,2,enc,19.105546951293945,0.7950580716133118,0.8544921875,1.3855682611465454,1.4702036380767822
144000,0,fcst,7.478013515472412,0.795010507106781,0.83740234375,6.046196937561035,7.952230930328369
144000,1,fcst,7.820566654205322,0.4441937804222107,0.256103515625,9.334748268127441,9.975481986999512
144000,2,fcst,4.689380168914795,0.5751997828483582,0.62548828125,10.005561828613281,10.399713516235352
144000,0,enc,5.248876571655273,0.8547736406326294,0.7197265625,1.0206245183944702,1.0807700157165527
144000,1,enc,9.322221755981445,0.5317803025245667,0.417236328125,1.0869818925857544,1.1107245683670044
144000,2,enc,19.14613151550293,0.8027578592300415,0.78466796875,1.3667542934417725,1.379647970199585
144200,0,enc,5.4139227867126465,0.8794707655906677,0.89990234375,1.0164541006088257,1.0581614971160889
144200,1,enc,9.224905967712402,0.49086707830429077,0.48095703125,1.0581614971160889,1.1577844619750977
144200,2,enc,19.051803588867188,0.7412632703781128,0.86962890625,1.2754675149917603,1.3954594135284424
144200,0,fcst,7.529551029205322,0.7666957974433899,0.75,6.523707389831543,8.383285522460938
144200,1,fcst,7.866198539733887,0.4619327485561371,0.22119140625,9.188410758972168,9.701648712158203
144200,2,fcst,4.654030799865723,0.5835031867027283,0.7060546875,9.702645301818848,10.170039176940918
144200,0,enc,5.410514831542969,0.8789546489715576,0.703125,1.0012621879577637,1.0372424125671387
144200,1,enc,9.121957778930664,0.4977876842021942,0.4072265625,1.034592866897583,1.089768648147583
144200,2,enc,19.085041046142578,0.7835388779640198,0.78515625,1.2819401025772095,1.3619571924209595
144400,0,enc,5.4572954177856445,0.9027385115623474,0.86328125,0.9576168060302734,0.9576168060302734
144400,1,enc,9.034666061401367,0.49575668573379517,0.4443359375,1.0164427757263184,1.2786850929260254
144400,2,enc,18.944515228271484,0.7070654630661011,0.90283203125,1.4240424633026123,1.4035099744796753
144400,0,fcst,7.587467193603516,0.8365012407302856,0.84619140625,5.88151741027832,7.324000835418701
144400,1,fcst,7.693681240081787,0.40644609928131104,0.2056884765625,8.242965698242188,8.660988807678223
144400,2,fcst,4.671446323394775,0.5443899035453796,0.650390625,8.64716911315918,8.740121841430664
144400,0,enc,5.464296340942383,0.9092774987220764,0.662109375,1.0061743259429932,1.0366003513336182
144400,1,enc,8.694931030273438,0.4811783730983734,0.404541015625,1.0545003414154053,1.1078755855560303
144400,2,enc,18.945173263549805,0.766503095626831,0.8017578125,1.1580678224563599,1.257335901260376
144600,0,enc,5.540390491485596,0.9034905433654785,0.865234375,1.0224685668945312,1.0910612344741821
144600,1,enc,9.179363250732422,0.4959186911582947,0.436767578125,1.0909801721572876,1.2004365921020508
144600,2,enc,18.8045597076416,0.8052825927734375,0.90576171875,1.3523112535476685,1.3247631788253784
144600,0,fcst,7.464150905609131,0.7511561512947083,0.771484375,6.15716028213501,8.35317611694336
144600,1,fcst,7.561832427978516,0.3695388734340668,0.1864013671875,9.268149375915527,9.635445594787598
144600,2,fcst,4.610818386077881,0.640701174736023,0.7490234375,9.775176048278809,9.692710876464844
144600,0,enc,5.5410051345825195,0.9067181944847107,0.7333984375,1.0090185403823853,1.0616613626480103
144600,1,enc,9.00887680053711,0.4824891984462738,0.378173828125,1.0506558418273926,1.1311612129211426
144600,2,enc,18.809486389160156,0.842573881149292,0.8349609375,1.2481977939605713,1.2405951023101807
144800,0,enc,5.790594577789307,0.888399064540863,0.90234375,1.02003812789917,1.1368865966796875
144800,1,enc,9.027746200561523,0.47455617785453796,0.4365234375,1.1677157878875732,1.20291268825531
144800,2,enc,18.870189666748047,0.7350593209266663,0.958984375,1.6993168592453003,1.6581181287765503
144800,0,fcst,7.518528938293457,0.768953263759613,0.82177734375,6.153796672821045,7.683803558349609
144800,1,fcst,7.472690105438232,0.42095237970352173,0.196044921875,8.711654663085938,9.243067741394043
144800,2,fcst,4.562722206115723,0.6165503859519958,0.69970703125,9.286856651306152,9.326970100402832
144800,0,enc,5.797316551208496,0.8873854279518127,0.72509765625,1.0005449056625366,1.0936235189437866
144800,1,enc,9.052388191223145,0.4763350188732147,0.363525390625,1.1292372941970825,1.146037220954895
144800,2,enc,18.85940170288086,0.7089470624923706,0.84814453125,1.5539648532867432,1.5603125095367432
145000,0,enc,5.992246150970459,0.9047794938087463,0.8388671875,1.0260707139968872,1.0260707139968872
145000,1,enc,9.153081893920898,0.470552533864975,0.427001953125,1.0207669734954834,1.125946283340454
145000,2,enc,18.781579971313477,0.7711500525474548,0.8564453125,1.5671876668930054,1.5309734344482422
145000,0,fcst,7.5967864990234375,0.8216404914855957,0.748046875,5.973816871643066,8.117639541625977
145000,1,fcst,7.49096155166626,0.44359907507896423,0.2100830078125,8.450217247009277,8.795811653137207
145000,2,fcst,4.547787666320801,0.5729301571846008,0.7021484375,8.92652702331543,9.161309242248535
145000,0,enc,5.990732669830322,0.9008580446243286,0.71630859375,1.027113676071167,1.0352847576141357
145000,1,enc,8.95124626159668,0.5054867267608643,0.356689453125,1.0379260778427124,1.0535244941711426
145000,2,enc,18.77070426940918,0.7609330415725708,0.8056640625,1.4235296249389648,1.4156713485717773
145200,0,enc,6.026189804077148,0.9018022418022156,0.8779296875,1.076651692390442,1.0372161865234375
145200,1,enc,9.075396537780762,0.5286908149719238,0.409423828125,1.0519229173660278,1.1457781791687012
145200,2,enc,18.706872940063477,0.7670266628265381,0.81884765625,1.5251741409301758,1.356560468673706
145200,0,fcst,7.6576032638549805,0.7850233316421509,0.75,5.913906097412109,7.64906120300293
145200,1,fcst,7.476597309112549,0.4053715467453003,0.193603515625,8.283231735229492,8.881105422973633
145200,2,fcst,4.599781036376953,0.6233745217323303,0.6787109375,8.857460021972656,9.355506896972656
145200,0,enc,6.008868217468262,0.8991936445236206,0.73828125,1.074867844581604,1.0518728494644165
145200,1,enc,9.065350532531738,0.48172205686569214,0.35986328125,1.0586190223693848,1.0765328407287598
145200,2,enc,18.760089874267578,0.7865298390388489,0.7646484375,1.3300668001174927,1.2592891454696655
145400,0,enc,5.937577247619629,0.9259311556816101,0.890625,0.9077500700950623,1.0008379220962524
145400,1,enc,8.891478538513184,0.4892307221889496,0.404296875,0.9825586080551147,1.0767216682434082
145400,2,enc,18.490053176879883,0.7321760654449463,0.7998046875,1.6505985260009766,1.433470368385315
145400,0,fcst,7.501428127288818,0.8456661105155945,0.7646484375,6.104621410369873,7.4392828941345215
145400,1,fcst,7.496096611022949,0.39856836199760437,0.1812744140625,8.088207244873047,8.602651596069336
145400,2,fcst,4.640746593475342,0.6061632633209229,0.68603515625,8.602651596069336,9.033695220947266
145400,0,enc,5.943725109100342,0.9320109486579895,0.77783203125,0.9060768485069275,0.9597631096839905
145400,1,enc,8.85694408416748,0.46673738956451416,0.34326171875,0.9362504482269287,1.0662553310394287
145400,2,enc,18.530967712402344,0.7990691661834717,0.71923828125,1.307493805885315,1.2876726388931274
145600,0,enc,5.923486709594727,0.9146305918693542,0.9716796875,0.8991338610649109,0.9371452331542969
145600,1,enc,9.24985408782959,0.49313175678253174,0.41552734375,0.9644451141357422,1.0934327840805054
145600,2,enc,18.686433792114258,0.7551125884056091,0.85546875,1.5785218477249146,1.5525649785995483
145600,0,fcst,7.57777214050293,0.7612693309783936,0.81884765625,6.26588773727417,7.7089080810546875
145600,1,fcst,7.488978862762451,0.45519304275512695,0.20068359375,9.303996086120605,9.730971336364746
145600,2,fcst,4.562810897827148,0.6422762870788574,0.779296875,9.724611282348633,10.132596969604492
145600,0,enc,5.951982498168945,0.9177924990653992,0.8212890625,0.9005734324455261,0.9569088816642761
145600,1,enc,9.026021003723145,0.469779372215271,0.3681640625,1.0753661394119263,1.1062804460525513
145600,2,enc,18.674728393554688,0.7758089900016785,0.7998046875,1.29792320728302,1.2903823852539062
145800,0,enc,5.865309715270996,0.9098400473594666,0.97216796875,0.9348464608192444,0.968163013458252
145800,1,enc,8.92514419555664,0.5164812207221985,0.4189453125,1.1447609663009644,1.1319668292999268
145800,2,enc,18.60748863220215,0.8294327855110168,0.98828125,1.567618727684021,1.4291738271713257
145800,0,fcst,7.50698184967041,0.8286333680152893,0.74853515625,6.680344581604004,7.500657081604004
145800,1,fcst,7.479786396026611,0.4622717499732971,0.2261962890625,7.783503532409668,8.441248893737793
145800,2,fcst,4.621751308441162,0.6878919005393982,0.73828125,8.43691635131836,9.06191635131836
145800,0,enc,5.88052225112915,0.9133413434028625,0.82861328125,0.9397638440132141,0.9583337903022766
145800,1,enc,8.962505340576172,0.5139736533164978,0.367431640625,0.956081211566925,1.026493787765503
145800,2,enc,18.591928482055664,0.8005632162094116,0.75146484375,1.4309579133987427,1.3714791536331177
146000,0,enc,5.800936222076416,0.8935442566871643,0.93798828125,0.9469436407089233,0.9931269288063049
146000,1,enc,9.066718101501465,0.47906994819641113,0.44189453125,1.0207995176315308,1.1106996536254883
146000,2,enc,18.56302833557129,0.8342850804328918,0.8310546875,1.5543649196624756,1.4097163677215576
146000,0,fcst,7.5326714515686035,0.7755143046379089,0.740234375,5.925852298736572,7.7040019035339355
146000,1,fcst,7.466925144195557,0.5135374069213867,0.20654296875,8.583761215209961,9.114243507385254
146000,2,fcst,4.519822597503662,0.6833885908126831,0.7236328125,9.10660171508789,9.187100410461426
146000,0,enc,5.790538787841797,0.8919177651405334,0.75830078125,0.9511321187019348,0.9813597798347473
146000,1,enc,8.657219886779785,0.4753475487232208,0.349853515625,1.021781086921692,1.1772215366363525
146000,2,enc,18.548131942749023,0.8125988245010376,0.79443359375,1.2329117059707642,1.2938083410263062
146200,0,enc,5.690860271453857,0.8167867064476013,0.86328125,0.9050530791282654,0.9485312104225159
146200,1,enc,8.874300003051758,0.4852328598499298,0.4169921875,0.9527084231376648,1.399155616760254
146200,2,enc,18.60749626159668,0.7739070057868958,0.8046875,1.572788953781128,1.572788953781128
146200,0,fcst,7.508133411407471,0.7639724612236023,0.83349609375,5.877971172332764,7.474955081939697
146200,1,fcst,7.424043655395508,0.41869354248046875,0.217041015625,7.688783645629883,8.343701362609863
146200,2,fcst,4.449592590332031,0.6237739324569702,0.68505859375,8.350537300109863,8.927251815795898
146200,0,enc,5.6845383644104,0.8162077069282532,0.728515625,1.0068464279174805,0.9573469161987305
146200,1,enc,8.794508934020996,0.47442305088043213,0.33056640625,0.9460529088973999,1.0889815092086792
146200,2,enc,18.580951690673828,0.7982749342918396,0.76708984375,1.4617469310760498,1.2808767557144165
146400,0,enc,5.724173069000244,0.826073944568634,0.8095703125,0.9149484038352966,0.917425811290741
146400,1,enc,8.834976196289062,0.4828020930290222,0.3876953125,0.9506900310516357,1.2208027839660645
146400,2,enc,18.76230239868164,0.8002991676330566,0.88671875,1.4857797622680664,1.5610564947128296
146400,0,fcst,7.490621089935303,0.8614347577095032,0.77392578125,6.443204879760742,7.378641128540039
146400,1,fcst,7.47711706161499,0.468353807926178,0.241943359375,7.9946417808532715,9.10745906829834
146400,2,fcst,4.502623081207275,0.649215042591095,0.716796875,9.128355979919434,9.128355979919434
146400,0,enc,5.742076873779297,0.8332468271255493,0.6982421875,1.0410230159759521,1.0899121761322021
146400,1,enc,8.71357250213623,0.5049393177032471,0.3291015625,1.1099522113800049,1.2411777973175049
146400,2,enc,18.733362197875977,0.791908323764801,0.71875,1.3207951784133911,1.405325174331665
146600,0,enc,5.7209906578063965,0.8045910000801086,0.81787109375,1.0709396600723267,1.1407232284545898
146600,1,enc,9.033443450927734,0.5057454705238342,0.361083984375,1.1024771928787231,1.2354660034179688
146600,2,enc,18.7635498046875,0.7461552619934082,0.7939453125,1.5301802158355713,1.3287850618362427
146600,0,fcst,7.560893535614014,0.7283331155776978,0.8115234375,5.7625837326049805,7.564092636108398
146600,1,fcst,7.451686859130859,0.4087051451206207,0.267333984375,8.339082717895508,8.756059646606445
146600,2,fcst,4.370796203613281,0.6266077160835266,0.58837890625,8.833045959472656,9.247271537780762
146600,0,enc,5.745429992675781,0.8097183108329773,0.6884765625,1.0710115432739258,1.1258211135864258
146600,1,enc,8.644438743591309,0.46990111470222473,0.3251953125,1.0962648391723633,1.1507692337036133
146600,2,enc,18.784454345703125,0.7881472110748291,0.796875,1.341630220413208,1.304063081741333
146800,0,enc,5.7844557762146,0.8479009866714478,0.8994140625,0.960507333278656,0.9743251800537109
146800,1,enc,8.65889835357666,0.49514591693878174,0.37060546875,1.0403953790664673,1.2027488946914673
146800,2,enc,18.582523345947266,0.8205465078353882,0.7607421875,1.5090363025665283,1.451541543006897
146800,0,fcst,7.429549694061279,0.8240468502044678,0.6962890625,5.942749500274658,7.994143486022949
146800,1,fcst,7.434998512268066,0.42111244797706604,0.2393798828125,9.310312271118164,9.589717864990234
146800,2,fcst,4.440372943878174,0.6296091079711914,0.60986328125,9.588066101074219,9.479220390319824
146800,0,enc,5.762497901916504,0.85805344581604,0.73974609375,0.9626075625419617,0.9803354740142822
146800,1,enc,8.400339126586914,0.4739760756492615,0.3291015625,0.9608006477355957,1.038893461227417
146800,2,enc,18.60183334350586,0.7720760107040405,0.73388671875,1.5253745317459106,1.2862030267715454
147000,0,enc,5.702292442321777,0.772237241268158,0.8447265625,1.0003644227981567,1.0751664638519287
147000,1,enc,8.843374252319336,0.4808027744293213,0.413818359375,1.078608512878418,1.102257251739502
147000,2,enc,18.6594181060791,0.8459815382957458,0.76171875,1.556307077407837,1.478851318359375
147000,0,fcst,7.539483070373535,0.7599201798439026,0.765625,6.125703811645508,8.6771879196167
147000,1,fcst,7.450168132781982,0.4032531678676605,0.2255859375,9.2761812210083,9.6350679397583
147000,2,fcst,4.509613037109375,0.576876163482666,0.6142578125,9.70168685913086,9.9345703125
147000,0,enc,5.752424240112305,0.7871895432472229,0.69775390625,0.9907944202423096,1.0489609241485596
147000,1,enc,8.639054298400879,0.4706211984157562,0.3505859375,1.0519790649414062,1.0603713989257812
147000,2,enc,18.61054801940918,0.7501617074012756,0.7158203125,1.2405283451080322,1.1466255187988281
147200,0,enc,5.652343273162842,0.8427071571350098,0.82421875,0.8983163237571716,0.8983163237571716
147200,1,enc,8.751219749450684,0.5063932538032532,0.385986328125,0.9504256844520569,1.1534667015075684
147200,2,enc,18.568395614624023,0.7165803909301758,0.75732421875,1.5724540948867798,1.376648187637329
147200,0,fcst,7.584475040435791,0.8176066875457764,0.7138671875,6.403797149658203,7.814403057098389
147200,1,fcst,7.436222076416016,0.3737400770187378,0.2288818359375,8.532679557800293,9.178296089172363
147200,2,fcst,4.4151458740234375,0.6205283403396606,0.6044921875,9.193180084228516,9.543929100036621
147200,0,enc,5.6942243576049805,0.85785311460495,0.6875,0.9030188918113708,0.8982657790184021
147200,1,enc,8.747406005859375,0.46329522132873535,0.32421875,1.0053939819335938,1.1565170288085938
147200,2,enc,18.557708740234375,0.7635743618011475,0.77197265625,1.3148343563079834,1.3308000564575195
147400,0,enc,5.559922695159912,0.8290572762489319,0.84912109375,0.8653755187988281,0.9181370139122009
147400,1,enc,8.672403335571289,0.4721655547618866,0.390380859375,1.058197021484375,1.15333092212677
147400,2,enc,18.434412002563477,0.8689279556274414,0.83544921875,1.412255883216858,1.6101627349853516
147400,0,fcst,7.715570449829102,0.7621625661849976,0.69140625,6.0975542068481445,7.2848405838012695
147400,1,fcst,7.168299674987793,0.36273324489593506,0.214111328125,7.885504245758057,8.168978691101074
147400,2,fcst,4.445187091827393,0.6224018335342407,0.576171875,8.17082405090332,8.664754867553711
147400,0,enc,5.557356357574463,0.8278447389602661,0.673828125,0.8622906804084778,0.9122174382209778
147400,1,enc,8.64478874206543,0.45746463537216187,0.32177734375,0.9887415170669556,1.135257363319397
147400,2,enc,18.48090362548828,0.9388655424118042,0.77685546875,1.3369184732437134,1.3742109537124634
147600,0,enc,5.5011186599731445,0.8178667426109314,0.82080078125,0.9229114651679993,0.9966744184494019
147600,1,enc,8.897077560424805,0.4733678996562958,0.3876953125,1.0788495540618896,1.1471668481826782
147600,2,enc,18.593412399291992,0.7543425559997559,0.7646484375,1.4441521167755127,1.398149847984314
147600,0,fcst,7.5781683921813965,0.80842125415802,0.70947265625,5.917426109313965,10.019195556640625
147600,1,fcst,7.198756217956543,0.3928234279155731,0.18603515625,9.928650856018066,9.928650856018066
147600,2,fcst,4.421003818511963,0.5918568968772888,0.578125,9.938685417175293,10.448668479919434
147600,0,enc,5.526342391967773,0.8257622122764587,0.70751953125,0.9505770206451416,1.0622713565826416
147600,1,enc,8.538983345031738,0.4719671905040741,0.333984375,1.0719575881958008,1.1613130569458008
147600,2,enc,18.594356536865234,0.7852185964584351,0.71630859375,1.5042084455490112,1.5398834943771362
147800,0,enc,5.55847692489624,0.8444851636886597,0.82763671875,0.8746455311775208,0.8725459575653076
147800,1,enc,9.167110443115234,0.5294487476348877,0.422607421875,1.077275037765503,1.1497730016708374
147800,2,enc,18.567949295043945,0.7795537710189819,0.7626953125,1.6082746982574463,1.4125521183013916
147800,0,fcst,7.590944766998291,0.7403904795646667,0.759765625,6.813785552978516,8.026893615722656
147800,1,fcst,7.236511707305908,0.3761511445045471,0.1781005859375,8.925919532775879,9.697403907775879
147800,2,fcst,4.401349067687988,0.6227493286132812,0.57373046875,9.749391555786133,10.139473915100098
147800,0,enc,5.580522060394287,0.8445242047309875,0.662109375,0.8826696872711182,0.880535364151001
147800,1,enc,8.819890975952148,0.5053826570510864,0.3486328125,0.9575344324111938,1.0108031034469604
147800,2,enc,18.571048736572266,0.8089308738708496,0.73486328125,1.3068101406097412,1.234145164489746
148000,0,enc,5.620480537414551,0.8295515179634094,0.830078125,0.8920395374298096,0.8859921097755432
148000,1,enc,8.99472713470459,0.465469092130661,0.46826171875,1.0165855884552002,1.10227632522583
148000,2,enc,18.660783767700195,0.7153704166412354,0.814453125,1.484786033630371,1.4405701160430908
148000,0,fcst,7.540328502655029,0.8426891565322876,0.74658203125,6.358829975128174,7.772006988525391
148000,1,fcst,7.16025447845459,0.3837663233280182,0.1962890625,9.240333557128906,9.5975923538208
148000,2,fcst,4.348568916320801,0.6017970442771912,0.5986328125,9.548897743225098,10.062176704406738
148000,0,enc,5.639622211456299,0.83189457654953,0.66552734375,0.882087230682373,0.9010790586471558
148000,1,enc,8.802019119262695,0.46569740772247314,0.374755859375,1.0860989093780518,1.2250149250030518
148000,2,enc,18.662349700927734,0.7716580033302307,0.74169921875,1.547518253326416,1.486025333404541
148200,0,enc,5.552462100982666,0.8240258097648621,0.7998046875,0.8691561818122864,0.9487534165382385
148200,1,enc,8.79953384399414,0.4778428375720978,0.36865234375,1.2041873931884766,1.2211743593215942
148200,2,enc,18.583837509155273,0.6913362145423889,0.76904296875,1.5990734100341797,1.637559413909912
148200,0,fcst,7.513232707977295,0.7845942378044128,0.6865234375,6.374252796173096,8.318583488464355
148200,1,fcst,7.222621917724609,0.4034477174282074,0.2056884765625,9.062402725219727,9.134648323059082
148200,2,fcst,4.249340057373047,0.6406921744346619,0.5419921875,9.553314208984375,10.13111400604248
148200,0,enc,5.558981895446777,0.8297383189201355,0.67919921875,0.8902367353439331,0.9747089743614197
148200,1,enc,8.639510154724121,0.4664342999458313,0.34619140625,0.9835533499717712,1.1324814558029175
148200,2,enc,18.65458106994629,0.7280134558677673,0.7333984375,1.4648449420928955,1.498553991317749
148400,0,enc,5.42946195602417,0.8345937132835388,0.79052734375,0.930185079574585,0.9317883253097534
148400,1,enc,8.806504249572754,0.4646468162536621,0.413330078125,1.1257171630859375,1.2428070306777954
148400,2,enc,18.51267433166504,0.8047739267349243,0.77294921875,1.6410517692565918,1.5912725925445557
148400,0,fcst,7.489069938659668,0.7666836977005005,0.65869140625,6.140786170959473,7.938948631286621
148400,1,fcst,7.04738187789917,0.41853490471839905,0.1884765625,8.384693145751953,9.13664722442627
148400,2,fcst,4.378042697906494,0.6131703853607178,0.615234375,9.139002799987793,9.610736846923828
148400,0,enc,5.409548759460449,0.8341184258460999,0.66552734375,0.9532968401908875,0.9467470049858093
148400,1,enc,8.603028297424316,0.46000710129737854,0.318115234375,1.1676188707351685,1.2957926988601685
148400,2,enc,18.503314971923828,0.8166130781173706,0.71728515625,1.434628963470459,1.354917049407959
148600,0,enc,5.2575364112854,0.8328515291213989,0.80712890625,0.9533132314682007,0.9627397656440735
148600,1,enc,8.816275596618652,0.4838075637817383,0.367431640625,1.0545932054519653,1.1368454694747925
148600,2,enc,18.475101470947266,0.8026589751243591,0.75537109375,1.551226258277893,1.54494047164917
148600,0,fcst,7.4490485191345215,0.8311485052108765,0.740234375,6.1828179359436035,7.678005218505859
148600,1,fcst,7.069763660430908,0.4119711220264435,0.20458984375,8.861801147460938,9.346284866333008
148600,2,fcst,4.219028472900391,0.6412087678909302,0.55859375,9.409747123718262,9.700003623962402
148600,0,enc,5.325532913208008,0.8275406956672668,0.71435546875,0.9769429564476013,0.9771580100059509
148600,1,enc,8.604159355163574,0.46487849950790405,0.313720703125,0.9534212350845337,1.0158188343048096
148600,2,enc,18.536781311035156,0.7651675343513489,0.73193359375,1.4851405620574951,1.3912074565887451
148800,0,enc,5.2374348640441895,0.822364866733551,0.78662109375,0.8951482176780701,0.9005905389785767
148800,1,enc,8.757883071899414,0.4725034832954407,0.38427734375,1.1244527101516724,1.2303826808929443
148800,2,enc,18.41082000732422,0.8057547807693481,0.78125,1.4825921058654785,1.4019345045089722
148800,0,fcst,7.505650043487549,0.724396824836731,0.67333984375,5.929695129394531,7.73030948638916
148800,1,fcst,6.94757080078125,0.357499361038208,0.1739501953125,8.77503490447998,9.550786972045898
148800,2,fcst,4.206498622894287,0.6940323114395142,0.53759765625,9.550944328308105,9.85422134399414
148800,0,enc,5.206652641296387,0.8263491988182068,0.6591796875,0.86991947889328,0.8816654682159424
148800,1,enc,8.593033790588379,0.4623018503189087,0.32177734375,1.0330359935760498,1.1407630443572998
148800,2,enc,18.42129135131836,0.8326886892318726,0.787109375,1.4644451141357422,1.4115581512451172
149000,0,enc,5.048244953155518,0.7618504762649536,0.8740234375,0.8739369511604309,0.9358990788459778
149000,1,enc,8.801664352416992,0.46914756298065186,0.35546875,0.9292159080505371,1.3751341104507446
149000,2,enc,18.563692092895508,0.7694175839424133,0.74853515625,1.585141897201538,1.435910940170288
149000,0,fcst,7.358479976654053,0.7136550545692444,0.75439453125,6.271005630493164,7.646873474121094
149000,1,fcst,6.990292549133301,0.34722259640693665,0.186767578125,8.217548370361328,8.217548370361328
149000,2,fcst,4.245175838470459,0.5986235737800598,0.57666015625,8.18392276763916,8.987765312194824
149000,0,enc,5.054332733154297,0.7639326453208923,0.712890625,0.8753327131271362,0.9469269514083862
149000,1,enc,8.444668769836426,0.4603286683559418,0.310302734375,0.9386577010154724,1.0492534637451172
149000,2,enc,18.553356170654297,0.7592114806175232,0.73681640625,1.3273468017578125,1.2360882759094238
149200,0,enc,4.928377628326416,0.7747238278388977,0.79638671875,0.9355289936065674,1.0104660987854004
149200,1,enc,8.806426048278809,0.4588161110877991,0.3447265625,1.0835763216018677,1.1431694030761719
149200,2,enc,18.43801498413086,0.7276173830032349,0.81591796875,1.6054446697235107,1.4730874300003052
149200,0,fcst,7.358668327331543,0.7443222999572754,0.6396484375,5.9738664627075195,7.559697151184082
149200,1,fcst,6.991900444030762,0.33281660079956055,0.1744384765625,7.975512504577637,8.489004135131836
149200,2,fcst,4.272488594055176,0.6159260272979736,0.58154296875,8.552650451660156,9.673933982849121
149200,0,enc,4.9461798667907715,0.7691298127174377,0.69580078125,0.9198191165924072,0.9411156177520752
149200,1,enc,8.701146125793457,0.45770543813705444,0.30224609375,0.9631169438362122,1.062973141670227
149200,2,enc,18.42844581604004,0.7470265030860901,0.72802734375,1.4056425094604492,1.347808837890625
149400,0,enc,4.93047571182251,0.7883219122886658,0.8330078125,0.9429320693016052,0.9533023238182068
149400,1,enc,8.959540367126465,0.45873406529426575,0.3330078125,1.0095279216766357,1.2768335342407227
149400,2,enc,18.528392791748047,0.7577118277549744,0.75048828125,1.5495539903640747,1.51016366481781
149400,0,fcst,7.342839241027832,0.6933485269546509,0.6591796875,6.556029796600342,7.624375820159912
149400,1,fcst,6.8589348793029785,0.3564468324184418,0.2017822265625,8.366862297058105,8.851346015930176
149400,2,fcst,4.290561199188232,0.6764236092567444,0.54248046875,8.842203140258789,9.447530746459961
149400,0,enc,4.929688930511475,0.7864717245101929,0.6572265625,0.9403533339500427,0.9389418959617615
149400,1,enc,8.720026016235352,0.4556546211242676,0.29541015625,1.0311048030853271,1.1346814632415771
149400,2,enc,18.476957321166992,0.7493841648101807,0.6796875,1.4096133708953857,1.3724430799484253
149600,0,enc,4.898666858673096,0.7568283677101135,0.83544921875,0.9362607002258301,0.952884316444397
149600,1,enc,8.8502197265625,0.4692140817642212,0.363037109375,0.9241189956665039,1.1322476863861084
149600,2,enc,18.38933563232422,0.7719228863716125,0.78564453125,1.410351037979126,1.3115932941436768
149600,0,fcst,7.456221580505371,0.7013639211654663,0.6328125,5.977855682373047,7.6302361488342285
149600,1,fcst,6.91513729095459,0.35863056778907776,0.192138671875,8.352272033691406,8.823734283447266
149600,2,fcst,4.327531337738037,0.6104053854942322,0.5615234375,8.823882102966309,9.316232681274414
149600,0,enc,4.9006853103637695,0.755608856678009,0.67236328125,0.9562559723854065,0.975955069065094
149600,1,enc,8.74358081817627,0.47088882327079773,0.306884765625,0.9223632216453552,1.0157723426818848
149600,2,enc,18.357999801635742,0.7924278974533081,0.85400390625,1.2711968421936035,1.2811074256896973
149800,0,enc,4.94580602645874,0.7740077972412109,0.830078125,0.9888466000556946,0.993343710899353
149800,1,enc,8.839041709899902,0.4678027629852295,0.396240234375,0.9970226287841797,1.1314290761947632
149800,2,enc,18.549285888671875,0.7291730642318726,0.82568359375,1.582545518875122,1.5748525857925415
149800,0,fcst,7.518392086029053,0.7290265560150146,0.677734375,6.746484279632568,7.8193840980529785
149800,1,fcst,6.930163860321045,0.368000864982605,0.1748046875,8.92684268951416,8.98835277557373
149800,2,fcst,4.286056041717529,0.6294562816619873,0.498291015625,8.98835277557373,9.2262544631958
149800,0,enc,4.9975810050964355,0.7713732719421387,0.697265625,0.9799032211303711,0.9804568290710449
149800,1,enc,8.819186210632324,0.46748003363609314,0.32080078125,0.9946479797363281,1.0836372375488281
149800,2,enc,18.59002685546875,0.7251617908477783,0.77685546875,1.5186171531677246,1.4205904006958008
150000,0,enc,4.989018440246582,0.8030105233192444,0.876953125,0.9269985556602478,0.9854905605316162
150000,1,enc,8.728431701660156,0.4787681996822357,0.359130859375,1.0358238220214844,1.1039247512817383
150000,2,enc,18.565073013305664,0.7795507311820984,0.80615234375,1.5361188650131226,1.5765715837478638
150000,0,fcst,7.451322555541992,0.7112932801246643,0.68017578125,6.3811421394348145,8.44083309173584
150000,1,fcst,7.034858703613281,0.4237614572048187,0.237060546875,8.892066955566406,8.676981925964355
150000,2,fcst,4.406457901000977,0.6425408124923706,0.5908203125,8.767980575561523,9.503114700317383
150000,0,enc,4.991366386413574,0.8050523400306702,0.73291015625,0.9201771020889282,0.9773049354553223
150000,1,enc,8.732114791870117,0.4829941987991333,0.3125,0.9563321471214294,1.0733765363693237
150000,2,enc,18.557371139526367,0.7387078404426575,0.744140625,1.380692481994629,1.3496047258377075
150200,0,enc,4.848026275634766,0.7781464457511902,0.84521484375,0.9487143158912659,0.9407588839530945
150200,1,enc,9.146637916564941,0.48831072449684143,0.395263671875,1.119823932647705,1.1920276880264282
150200,2,enc,18.73349380493164,0.728550910949707,0.76318359375,1.6172020435333252,1.6470754146575928
150200,0,fcst,7.516829490661621,0.7062369585037231,0.69873046875,6.744182586669922,7.936674118041992
150200,1,fcst,7.221608638763428,0.41833868622779846,0.20361328125,8.299138069152832,8.565337181091309
150200,2,fcst,4.276824951171875,0.6015579104423523,0.5791015625,8.565337181091309,9.490696907043457
150200,0,enc,4.842082500457764,0.7825637459754944,0.7021484375,0.9240862727165222,0.9268719553947449
150200,1,enc,9.152758598327637,0.4873429536819458,0.2998046875,0.8914381861686707,0.9937941431999207
150200,2,enc,18.765901565551758,0.7304908633232117,0.720703125,1.367177963256836,1.4235073328018188
150400,0,enc,4.876699924468994,0.7468323707580566,0.810546875,0.9458919763565063,0.9133059978485107
150400,1,enc,8.98646354675293,0.49066439270973206,0.358642578125,0.9893800020217896,1.2407095432281494
150400,2,enc,18.848875045776367,0.7937333583831787,0.73876953125,1.73175048828125,1.7350417375564575
150400,0,fcst,7.458967685699463,0.6769852042198181,0.6767578125,6.135154724121094,7.472835540771484
150400,1,fcst,7.285913467407227,0.3874524235725403,0.1788330078125,8.183831214904785,8.306047439575195
150400,2,fcst,4.163651466369629,0.5407902598381042,0.58154296875,8.297499656677246,8.760824203491211
150400,0,enc,4.837069511413574,0.7545989155769348,0.65869140625,0.9465309977531433,0.9329125285148621
150400,1,enc,8.928694725036621,0.4933953881263733,0.307373046875,0.9514704942703247,1.1648201942443848
150400,2,enc,18.874055862426758,0.7523605227470398,0.6904296875,1.5687854290008545,1.5415942668914795
150600,0,enc,4.864598274230957,0.7730187773704529,0.85693359375,1.0380555391311646,1.0465284585952759
150600,1,enc,8.79015064239502,0.48690658807754517,0.330322265625,1.0465284585952759,1.1206523180007935
150600,2,enc,18.94005012512207,0.7462018132209778,0.73095703125,1.4899628162384033,1.4044346809387207
150600,0,fcst,7.429490089416504,0.6611420512199402,0.650390625,6.214789390563965,7.784060478210449
150600,1,fcst,7.359280109405518,0.4528270959854126,0.194580078125,8.6502103805542,9.036223411560059
150600,2,fcst,4.094629764556885,0.6128875613212585,0.6630859375,9.037737846374512,9.223827362060547
150600,0,enc,4.834765911102295,0.7687558531761169,0.6875,0.9500598907470703,0.9370850920677185
150600,1,enc,8.626738548278809,0.4849541187286377,0.30126953125,0.9448039531707764,1.052349328994751
150600,2,enc,18.954023361206055,0.7208717465400696,0.66943359375,1.3138643503189087,1.2779427766799927
150800,0,enc,4.80621862411499,0.8073642253875732,0.83740234375,0.8804468512535095,0.948521614074707
150800,1,enc,8.943365097045898,0.4807513952255249,0.344482421875,0.9865535497665405,1.275555968284607
150800,2,enc,18.888439178466797,0.7352190017700195,0.81494140625,1.6320699453353882,1.6320699453353882
150800,0,fcst,7.540149211883545,0.6983881592750549,0.67919921875,6.449819564819336,7.497551441192627
150800,1,fcst,7.285323619842529,0.4395536482334137,0.2081298828125,8.37902545928955,8.38127326965332
150800,2,fcst,4.046475887298584,0.639477014541626,0.62060546875,8.38127326965332,8.732453346252441
150800,0,enc,4.706050872802734,0.8130599856376648,0.70068359375,0.9013689756393433,0.9649676084518433
150800,1,enc,8.72706413269043,0.47540733218193054,0.304931640625,0.9621315598487854,1.025876522064209
150800,2,enc,18.948701858520508,0.7701349258422852,0.69140625,1.3772900104522705,1.3327343463897705
151000,0,enc,4.653151512145996,0.7682024836540222,0.75732421875,0.9352670311927795,1.0184909105300903
151000,1,enc,8.56069278717041,0.49926918745040894,0.34814453125,1.0013870000839233,1.1958730220794678
151000,2,enc,18.893749237060547,0.7388479709625244,0.82958984375,1.4671542644500732,1.4844305515289307
151000,0,fcst,7.579954624176025,0.6487562656402588,0.6298828125,6.225318431854248,7.25076961517334
151000,1,fcst,7.323581218719482,0.4115273058414459,0.22021484375,8.471356391906738,8.614856719970703
151000,2,fcst,4.039182662963867,0.6442834138870239,0.642578125,8.735578536987305,9.216264724731445
151000,0,enc,4.637953281402588,0.7707527279853821,0.7001953125,0.9659556746482849,1.0223217010498047
151000,1,enc,8.450702667236328,0.4959867000579834,0.290771484375,1.0254303216934204,1.1174713373184204
151000,2,enc,18.89730453491211,0.7111432552337646,0.70751953125,1.4177358150482178,1.4013783931732178
151200,0,enc,4.769658088684082,0.7758926749229431,0.76220703125,0.9327036142349243,0.9364073872566223
151200,1,enc,8.385926246643066,0.5184760689735413,0.352783203125,0.9475130438804626,1.4393566846847534
151200,2,enc,18.77923583984375,0.7672836780548096,0.775390625,1.507727026939392,1.6110121011734009
151200,0,fcst,7.420722007751465,0.6954199075698853,0.71533203125,6.7298054695129395,7.939658164978027
151200,1,fcst,7.221179962158203,0.41810959577560425,0.168212890625,9.084789276123047,9.109091758728027
151200,2,fcst,4.0331878662109375,0.6053100824356079,0.5498046875,9.141833305358887,9.914402961730957
151200,0,enc,4.77997350692749,0.7734023928642273,0.66552734375,0.9240540266036987,0.9375004768371582
151200,1,enc,8.525978088378906,0.5233355164527893,0.275390625,0.9280679225921631,1.0178402662277222
151200,2,enc,18.763378143310547,0.7777051329612732,0.693359375,1.4934394359588623,1.4897582530975342
151400,0,enc,4.895793914794922,0.7966134548187256,0.80908203125,0.8902513980865479,0.9152079820632935
151400,1,enc,8.513627052307129,0.49100348353385925,0.3330078125,1.0323193073272705,1.140766978263855
151400,2,enc,18.711769104003906,0.7649452090263367,0.75927734375,1.4595242738723755,1.544634461402893
151400,0,fcst,7.3474249839782715,0.7201391458511353,0.62939453125,6.05783748626709,8.204105377197266
151400,1,fcst,7.233219146728516,0.42705702781677246,0.1978759765625,8.296051979064941,8.902677536010742
151400,2,fcst,3.9975075721740723,0.5964064598083496,0.55224609375,8.899958610534668,9.29080867767334
151400,0,enc,4.847543716430664,0.7940810322761536,0.66943359375,0.8643584847450256,0.8991177082061768
151400,1,enc,8.538841247558594,0.48821696639060974,0.264892578125,0.8960806727409363,1.0301058292388916
151400,2,enc,18.72977066040039,0.7477767467498779,0.6953125,1.5323480367660522,1.5384057760238647
151600,0,enc,4.880748271942139,0.7825673222541809,0.822265625,0.9634678959846497,0.9634678959846497
151600,1,enc,8.576459884643555,0.4775664210319519,0.303955078125,0.975887656211853,1.2492679357528687
151600,2,enc,18.767454147338867,0.737511932849884,0.716796875,1.5444614887237549,1.5385233163833618
151600,0,fcst,7.406937599182129,0.6862653493881226,0.61083984375,6.4086079597473145,7.508262634277344
151600,1,fcst,7.123946666717529,0.4092765748500824,0.19091796875,7.9129414558410645,8.433232307434082
151600,2,fcst,3.958944082260132,0.6078342795372009,0.580078125,8.398305892944336,9.170465469360352
151600,0,enc,4.854752540588379,0.7754669189453125,0.7060546875,0.9944396615028381,0.9779143929481506
151600,1,enc,8.485289573669434,0.4742453098297119,0.271728515625,0.9788047671318054,0.9824840426445007
151600,2,enc,18.765573501586914,0.7082287073135376,0.68701171875,1.4557809829711914,1.4880990982055664
151800,0,enc,5.035610675811768,0.7275130748748779,0.77685546875,0.8993911743164062,0.9208043217658997
151800,1,enc,8.611462593078613,0.481186181306839,0.3193359375,1.0446186065673828,1.0696285963058472
151800,2,enc,18.800920486450195,0.7072202563285828,0.7626953125,1.5830706357955933,1.67075777053833
151800,0,fcst,7.46868896484375,0.7050365209579468,0.765625,6.6350297927856445,7.820550918579102
151800,1,fcst,7.280921936035156,0.4086523950099945,0.1776123046875,8.192631721496582,8.427006721496582
151800,2,fcst,3.952918767929077,0.5907512903213501,0.5556640625,8.444818496704102,8.98768138885498
151800,0,enc,5.033660411834717,0.7300937175750732,0.65478515625,0.8583465218544006,0.8826229572296143
151800,1,enc,8.792104721069336,0.482745885848999,0.25732421875,1.0274873971939087,1.1356416940689087
151800,2,enc,18.80208969116211,0.7293843626976013,0.66455078125,1.3937010765075684,1.4112944602966309
152000,0,enc,5.064075469970703,0.749447226524353,0.86669921875,1.017008900642395,1.0321320295333862
152000,1,enc,8.702897071838379,0.4711531102657318,0.296875,1.1116974353790283,1.2641013860702515
152000,2,enc,18.77918243408203,0.7553766369819641,0.7138671875,1.47938072681427,1.47938072681427
152000,0,fcst,7.414870738983154,0.7065759301185608,0.61962890625,6.946903228759766,8.114608764648438
152000,1,fcst,7.2111287117004395,0.5301026105880737,0.171142578125,8.710090637207031,8.892518043518066
152000,2,fcst,3.9781205654144287,0.5988244414329529,0.53662109375,8.890360832214355,8.963467597961426
152000,0,enc,5.0536580085754395,0.750501275062561,0.6796875,1.0063631534576416,1.0673372745513916
152000,1,enc,8.437734603881836,0.4755586087703705,0.2587890625,1.042893409729004,1.0901451110839844
152000,2,enc,18.774505615234375,0.7316527366638184,0.69580078125,1.3434616327285767,1.3990931510925293
152200,0,enc,5.167610168457031,0.7211228609085083,0.79736328125,1.0051745176315308,1.0269945859909058
152200,1,enc,8.519510269165039,0.4804326593875885,0.285400390625,1.0388866662979126,1.1377325057983398
152200,2,enc,18.777915954589844,0.7266096472740173,0.78466796875,1.5531489849090576,1.5837537050247192
152200,0,fcst,7.478713512420654,0.6839185357093811,0.65625,6.310542583465576,8.007368087768555
152200,1,fcst,7.1647467613220215,0.4372102916240692,0.1798095703125,8.765169143676758,9.329404830932617
152200,2,fcst,4.043070316314697,0.5695645809173584,0.52734375,9.331941604614258,9.798445701599121
152200,0,enc,5.141613483428955,0.7143242359161377,0.69970703125,0.9940424561500549,0.9910269379615784
152200,1,enc,8.538978576660156,0.47939378023147583,0.250732421875,0.9998649954795837,1.0429863929748535
152200,2,enc,18.8084716796875,0.7358033657073975,0.69580078125,1.3531438112258911,1.385443925857544
152400,0,enc,5.206714630126953,0.7087007761001587,0.84228515625,1.0107892751693726,0.985510528087616
152400,1,enc,8.474067687988281,0.4720359444618225,0.2626953125,0.985510528087616,1.1330424547195435
152400,2,enc,18.774810791015625,0.7461146116256714,0.7275390625,1.6112780570983887,1.645712971687317
152400,0,fcst,7.4715681076049805,0.6643635630607605,0.67138671875,6.379395484924316,7.580813884735107
152400,1,fcst,7.182957172393799,0.437284380197525,0.1666259765625,8.567987442016602,8.792461395263672
152400,2,fcst,3.9756977558135986,0.5515914559364319,0.5703125,8.79581069946289,9.352346420288086
152400,0,enc,5.2146687507629395,0.706570565700531,0.62744140625,1.1388957500457764,1.1168773174285889
152400,1,enc,8.259275436401367,0.48309212923049927,0.2392578125,1.1117030382156372,1.0798426866531372
152400,2,enc,18.722143173217773,0.9468392133712769,0.62548828125,1.3408704996109009,1.33538818359375
152600,0,enc,5.344361305236816,0.7188819050788879,0.779296875,0.9306053519248962,0.9433549046516418
152600,1,enc,8.602545738220215,0.46396833658218384,0.282470703125,1.0194472074508667,1.0970492362976074
152600,2,enc,18.803796768188477,0.8657621145248413,0.7138671875,1.5292210578918457,1.4601496458053589
152600,0,fcst,7.419844150543213,0.6630251407623291,0.64990234375,6.085550308227539,7.307277679443359
152600,1,fcst,7.31682014465332,0.5282192826271057,0.177978515625,8.385741233825684,8.718629837036133
152600,2,fcst,4.107162952423096,0.624114990234375,0.5263671875,8.718629837036133,9.272286415100098
152600,0,enc,5.324499607086182,0.717719554901123,0.68017578125,0.9772611856460571,1.0112577676773071
152600,1,enc,8.509309768676758,0.471598744392395,0.230712890625,1.0089167356491089,1.0634821653366089
152600,2,enc,18.8654727935791,0.8132975101470947,0.6474609375,1.4083000421524048,1.3775078058242798
152800,0,enc,5.333523273468018,0.7345913052558899,0.75244140625,1.0165047645568848,1.067277193069458
152800,1,enc,8.505859375,0.47427091002464294,0.275390625,1.0567469596862793,1.1203107833862305
152800,2,enc,18.621061325073242,0.688897967338562,0.70361328125,1.486026406288147,1.4793168306350708
152800,0,fcst,7.304599761962891,0.6151507496833801,0.64990234375,6.73175573348999,8.174342155456543
152800,1,fcst,7.322256088256836,0.43149030208587646,0.1778564453125,8.452791213989258,8.887632369995117
152800,2,fcst,4.174405574798584,0.6368175148963928,0.48974609375,8.87672233581543,9.29908561706543
152800,0,enc,5.300386905670166,0.7354375720024109,0.67626953125,0.9139752984046936,0.9670453667640686
152800,1,enc,8.472845077514648,0.4906376302242279,0.2403564453125,0.9439845085144043,1.0190577507019043
152800,2,enc,18.665103912353516,0.7235913276672363,0.69384765625,1.4447343349456787,1.4030473232269287
153000,0,enc,5.153439044952393,0.7348223924636841,0.77734375,0.9751806259155273,1.0036976337432861
153000,1,enc,8.797375679016113,0.4701537787914276,0.2734375,1.031651258468628,1.104398250579834
153000,2,enc,18.510332107543945,0.7358176112174988,0.7998046875,1.5067217350006104,1.5422577857971191
153000,0,fcst,7.30692195892334,0.6528562903404236,0.70361328125,6.303931713104248,7.6439924240112305
153000,1,fcst,7.375158309936523,0.45122280716896057,0.18896484375,8.223275184631348,8.677376747131348
153000,2,fcst,4.1094183921813965,0.5772029161453247,0.479248046875,8.619389533996582,9.160898208618164
153000,0,enc,5.140647888183594,0.728377640247345,0.68017578125,0.9146356582641602,0.8960995674133301
153000,1,enc,8.747960090637207,0.479741632938385,0.250244140625,0.9696924686431885,1.0332887172698975
153000,2,enc,18.53186798095703,0.7250491976737976,0.67041015625,1.4008054733276367,1.3936758041381836
153200,0,enc,5.261051177978516,0.7834513187408447,0.8408203125,0.9141506552696228,0.9675315022468567
153200,1,enc,8.730586051940918,0.46093228459358215,0.290283203125,1.0279967784881592,1.1561027765274048
153200,2,enc,18.44258689880371,0.7506875991821289,0.744140625,1.4726673364639282,1.4639019966125488
153200,0,fcst,7.257287502288818,0.645988404750824,0.59716796875,6.514258861541748,7.630257606506348
153200,1,fcst,7.339709758758545,0.4459800124168396,0.1978759765625,7.966292381286621,8.621674537658691
153200,2,fcst,4.178546905517578,0.5896168351173401,0.470458984375,8.610280990600586,9.113248825073242
153200,0,enc,5.268375396728516,0.7838987708091736,0.6474609375,0.9269764423370361,0.9418842792510986
153200,1,enc,8.691413879394531,0.4526991546154022,0.2421875,0.9495347142219543,1.0813360214233398
153200,2,enc,18.466075897216797,0.7716938257217407,0.6572265625,1.4140788316726685,1.389466404914856
153400,0,enc,5.289494514465332,0.8460104465484619,0.8828125,0.92685866355896,0.97171950340271
153400,1,enc,8.590779304504395,0.4780659079551697,0.269287109375,0.9843176007270813,1.0935893058776855
153400,2,enc,18.660877227783203,0.7270157933235168,0.74560546875,1.4693175554275513,1.4022257328033447
153400,0,fcst,7.217806339263916,0.6483786106109619,0.6533203125,6.152998924255371,7.302952289581299
153400,1,fcst,7.482878684997559,0.4671393930912018,0.197265625,7.8658223152160645,8.409171104431152
153400,2,fcst,4.113705158233643,0.5977391004562378,0.482666015625,8.30390739440918,8.825825691223145
153400,0,enc,5.337655067443848,0.8467181324958801,0.7119140625,0.9005459547042847,0.9149960279464722
153400,1,enc,8.519000053405762,0.4756912887096405,0.2384033203125,0.9148657917976379,1.095996379852295
153400,2,enc,18.649824142456055,0.7446179389953613,0.6748046875,1.455047607421875,1.4205322265625
153600,0,enc,5.230893611907959,0.8428420424461365,0.85595703125,0.8843082189559937,1.0041406154632568
153600,1,enc,8.7987642288208,0.4814211428165436,0.317626953125,0.9935487508773804,1.2161833047866821
153600,2,enc,18.66291046142578,0.7435116171836853,0.71533203125,1.355754017829895,1.3550724983215332
153600,0,fcst,7.253307342529297,0.6505113840103149,0.70166015625,6.342100143432617,7.979470252990723
153600,1,fcst,7.491343975067139,0.534068763256073,0.206298828125,9.074851989746094,9.098113059997559
153600,2,fcst,4.209897994995117,0.5974400639533997,0.5400390625,9.098465919494629,9.376850128173828
153600,0,enc,5.215475082397461,0.8430551290512085,0.70166015625,0.8961031436920166,0.9188387393951416
153600,1,enc,8.491759300231934,0.4658307135105133,0.2484130859375,0.9000108242034912,1.0072693824768066
153600,2,enc,18.641130447387695,0.718141496181488,0.6728515625,1.217713475227356,1.2827664613723755
153800,0,enc,5.159289836883545,0.8787171840667725,0.841796875,0.9115582704544067,0.9113184213638306
153800,1,enc,8.741527557373047,0.4969683587551117,0.2998046875,0.9148108959197998,1.0087287425994873
153800,2,enc,18.460391998291016,0.7064377069473267,0.7099609375,1.3901945352554321,1.585858941078186
153800,0,fcst,7.1409807205200195,0.662322998046875,0.63623046875,6.723215103149414,7.968938827514648
153800,1,fcst,7.618401050567627,0.4841277003288269,0.1917724609375,8.071795463562012,8.424714088439941
153800,2,fcst,4.150097370147705,0.6110283136367798,0.458251953125,8.438021659851074,8.675973892211914
153800,0,enc,5.094245433807373,0.8698115348815918,0.65234375,0.9107840061187744,0.9666922688484192
153800,1,enc,8.89013385772705,0.48396021127700806,0.258056640625,0.9725520610809326,0.9856898784637451
153800,2,enc,18.461729049682617,0.7308876514434814,0.69970703125,1.3200970888137817,1.2783490419387817
154000,0,enc,5.371405124664307,0.9380388855934143,0.75634765625,1.0787932872772217,1.046594500541687
154000,1,enc,8.709898948669434,0.4638940393924713,0.302490234375,1.0541884899139404,1.218136191368103
154000,2,enc,18.580427169799805,0.7224534749984741,0.79150390625,1.5023540258407593,1.5446395874023438
154000,0,fcst,7.1376190185546875,0.6598159670829773,0.63037109375,6.666729927062988,7.325057029724121
154000,1,fcst,7.798262596130371,0.5064728856086731,0.1949462890625,8.210360527038574,8.861869812011719
154000,2,fcst,4.2225661277771,0.5751102566719055,0.450439453125,8.858057975769043,9.197684288024902
154000,0,enc,5.388938903808594,0.9389272332191467,0.6533203125,0.9996405839920044,1.0072944164276123
154000,1,enc,8.846718788146973,0.47282907366752625,0.273193359375,1.0215396881103516,1.1695674657821655
154000,2,enc,18.580839157104492,0.7789563536643982,0.7177734375,1.3287057876586914,1.3252229690551758
154200,0,enc,5.08390474319458,0.9789922833442688,0.87353515625,1.146864652633667,1.1609196662902832
154200,1,enc,8.926337242126465,0.4845046401023865,0.305419921875,1.1501646041870117,1.2039772272109985
154200,2,enc,18.51467514038086,0.7834455370903015,0.70947265625,1.4239610433578491,1.447866439819336
154200,0,fcst,7.1279215812683105,0.7197550535202026,0.6435546875,6.444267272949219,7.646305084228516
154200,1,fcst,7.887389183044434,0.5121356844902039,0.22021484375,8.005298614501953,8.487349510192871
154200,2,fcst,4.189531326293945,0.6129247546195984,0.53955078125,8.5216703414917,8.687143325805664
154200,0,enc,5.00468111038208,0.981040358543396,0.69580078125,1.0880240201950073,1.1002463102340698
154200,1,enc,8.854822158813477,0.48271381855010986,0.271484375,1.0952916145324707,1.1308140754699707
154200,2,enc,18.543567657470703,0.7564030289649963,0.638671875,1.2738406658172607,1.3588320016860962
154400,0,enc,5.286175727844238,0.9670655131340027,0.78515625,0.9505876898765564,1.021541953086853
154400,1,enc,9.082797050476074,0.45336857438087463,0.313232421875,1.0463184118270874,1.2028673887252808
154400,2,enc,18.376239776611328,0.7105535268783569,0.779296875,1.5032446384429932,1.505961537361145
154400,0,fcst,7.097795009613037,0.6718125343322754,0.65087890625,6.192455291748047,8.000432968139648
154400,1,fcst,8.092806816101074,0.5240018963813782,0.17431640625,8.192941665649414,8.57357120513916
154400,2,fcst,4.283171653747559,0.6256870031356812,0.5458984375,8.642991065979004,8.938943862915039
154400,0,enc,5.37631368637085,0.9646927714347839,0.64111328125,0.9136998653411865,0.9630467891693115
154400,1,enc,8.867502212524414,0.4619006812572479,0.2724609375,0.9665078520774841,1.1294207572937012
154400,2,enc,18.38404655456543,0.6935766935348511,0.740234375,1.2652719020843506,1.2519395351409912
154600,0,enc,5.75347375869751,0.9597811102867126,0.77734375,0.983282744884491,1.0299068689346313
154600,1,enc,9.068315505981445,0.45914915204048157,0.318115234375,1.026752233505249,1.026752233505249
154600,2,enc,18.404094696044922,0.8114479184150696,0.80419921875,1.4836304187774658,1.4731696844100952
154600,0,fcst,7.104212760925293,0.6446123719215393,0.6318359375,6.482301235198975,7.577855110168457
154600,1,fcst,7.881524562835693,0.4601369798183441,0.1817626953125,8.551362037658691,9.193723678588867
154600,2,fcst,4.214743614196777,0.6091660857200623,0.60498046875,9.133537292480469,9.641349792480469
154600,0,enc,5.756600379943848,0.9592225551605225,0.6416015625,0.9828886985778809,1.0094542503356934
154600,1,enc,9.085981369018555,0.4722049832344055,0.2744140625,1.016372561454773,1.118057131767273
154600,2,enc,18.432302474975586,0.7744167447090149,0.69482421875,1.3208414316177368,1.2894223928451538
154800,0,enc,5.943588733673096,0.9043178558349609,0.7939453125,0.9083573818206787,0.9054116010665894
154800,1,enc,8.86777400970459,0.47276735305786133,0.313232421875,0.9532836079597473,1.1298266649246216
154800,2,enc,18.524377822875977,0.8903261423110962,0.68017578125,1.6437382698059082,1.6033533811569214
154800,0,fcst,7.042271137237549,0.6127296686172485,0.6748046875,6.358696937561035,7.455702304840088
154800,1,fcst,7.685225486755371,0.4485837519168854,0.1688232421875,8.51266860961914,8.748549461364746
154800,2,fcst,4.277472019195557,0.6052341461181641,0.477783203125,8.724236488342285,9.047719955444336
154800,0,enc,6.0060296058654785,0.9078568816184998,0.64404296875,0.900285005569458,0.9314929246902466
154800,1,enc,8.711294174194336,0.46621963381767273,0.273193359375,0.9406707286834717,1.069023847579956
154800,2,enc,18.50362205505371,0.7560911178588867,0.654296875,1.5419600009918213,1.4925495386123657
155000,0,enc,5.780681133270264,0.8981594443321228,0.73095703125,0.9042685031890869,0.9728652238845825
155000,1,enc,8.683382987976074,0.4484538733959198,0.325439453125,0.9309709072113037,1.1349880695343018
155000,2,enc,18.3111629486084,0.730426013469696,0.70654296875,1.5422192811965942,1.5727877616882324
155000,0,fcst,7.04836368560791,0.6287395358085632,0.64599609375,6.436715126037598,8.136554718017578
155000,1,fcst,7.660808563232422,0.48108217120170593,0.180419921875,9.379059791564941,9.645851135253906
155000,2,fcst,4.289674282073975,0.5781931281089783,0.525390625,9.598011016845703,10.148955345153809
155000,0,enc,5.749391078948975,0.9019330739974976,0.546875,0.9008594751358032,0.9355771541595459
155000,1,enc,8.561800003051758,0.44637030363082886,0.27392578125,0.9604912400245667,1.0521562099456787
155000,2,enc,18.319826126098633,0.7542759776115417,0.677734375,1.436771273612976,1.403903841972351
155200,0,enc,5.2704362869262695,0.8564466238021851,0.6796875,0.9037396907806396,0.9075494408607483
155200,1,enc,8.509257316589355,0.4396822452545166,0.336181640625,0.9874656200408936,1.0585068464279175
155200,2,enc,18.24909210205078,0.7446712851524353,0.75341796875,1.443720817565918,1.527338981628418
155200,0,fcst,7.018344402313232,0.6568132638931274,0.62841796875,6.78679084777832,7.7785444259643555
155200,1,fcst,7.55903434753418,0.4680401682853699,0.1947021484375,7.947535991668701,8.058762550354004
155200,2,fcst,4.276308059692383,0.5825305581092834,0.55029296875,8.081355094909668,8.761367797851562
155200,0,enc,5.400766849517822,0.8562427759170532,0.6044921875,0.8813639879226685,0.8881914019584656
155200,1,enc,8.370495796203613,0.4395829737186432,0.2744140625,0.9444156289100647,1.0382733345031738
155200,2,enc,18.244653701782227,0.7349171042442322,0.72509765625,1.2222175598144531,1.3417285680770874
155400,0,enc,5.156223773956299,0.8652624487876892,0.73046875,0.9667280316352844,0.9739759564399719
155400,1,enc,8.472900390625,0.46070390939712524,0.35107421875,0.9561941623687744,1.0377562046051025
155400,2,enc,18.31412124633789,0.6829882860183716,0.7080078125,1.4190361499786377,1.464205265045166
155400,0,fcst,6.999786376953125,0.6450988054275513,0.68359375,6.790869235992432,8.443403244018555
155400,1,fcst,7.760671138763428,0.48863306641578674,0.18408203125,9.319110870361328,9.862730979919434
155400,2,fcst,4.391551971435547,0.6125597953796387,0.60302734375,9.786861419677734,10.511543273925781
155400,0,enc,5.198945045471191,0.8647864460945129,0.5126953125,0.9524263143539429,0.9659608602523804
155400,1,enc,8.580826759338379,0.45873352885246277,0.2880859375,0.9110018014907837,1.014681339263916
155400,2,enc,18.3105525970459,0.7162302732467651,0.693359375,1.339011549949646,1.3432291746139526
155600,0,enc,5.020971775054932,0.880615234375,0.619140625,0.8541078567504883,0.9390361309051514
155600,1,enc,8.684091567993164,0.46904003620147705,0.330322265625,0.948298990726471,1.0655860900878906
155600,2,enc,18.18014144897461,0.7036396265029907,0.72021484375,1.489858627319336,1.5262782573699951
155600,0,fcst,7.19819450378418,0.6079155802726746,0.5927734375,6.553710460662842,7.882920742034912
155600,1,fcst,7.581813812255859,0.3614611029624939,0.181396484375,9.795865058898926,10.615092277526855
155600,2,fcst,4.188531398773193,0.580538272857666,0.5361328125,10.651114463806152,11.156485557556152
155600,0,enc,5.030385494232178,0.8779230117797852,0.5009765625,0.8564255237579346,0.8739432096481323
155600,1,enc,8.574254035949707,0.45791488885879517,0.27490234375,0.87398761510849,0.9514467716217041
155600,2,enc,18.18729591369629,0.7263873219490051,0.6474609375,1.2870994806289673,1.3511717319488525
155800,0,enc,5.073032855987549,0.8677219152450562,0.693359375,1.0440661907196045,1.0623936653137207
155800,1,enc,8.85390567779541,0.44601625204086304,0.323486328125,1.0623936653137207,1.111990213394165
155800,2,enc,18.260149002075195,0.7073832154273987,0.72021484375,1.3917579650878906,1.5558747053146362
155800,0,fcst,7.1469502449035645,0.5800257325172424,0.626953125,6.465755939483643,7.777817726135254
155800,1,fcst,7.621537685394287,0.43259191513061523,0.189697265625,8.132984161376953,8.642126083374023
155800,2,fcst,4.422352313995361,0.5162116885185242,0.6171875,8.665691375732422,9.310765266418457
155800,0,enc,5.09003210067749,0.872486412525177,0.63818359375,0.968058168888092,1.0010170936584473
155800,1,enc,8.679737091064453,0.43355560302734375,0.27294921875,0.9772460460662842,1.0032775402069092
155800,2,enc,18.25686264038086,0.7338505983352661,0.66015625,1.2685831785202026,1.4038687944412231
156000,0,enc,5.100588321685791,0.839978039264679,0.6455078125,1.0995290279388428,1.0777089595794678
156000,1,enc,8.5375337600708,0.4575919210910797,0.296875,1.0777089595794678,1.0927305221557617
156000,2,enc,18.219202041625977,0.7026548385620117,0.7041015625,1.4134440422058105,1.4771919250488281
156000,0,fcst,7.1626200675964355,0.6412355899810791,0.58056640625,6.450794696807861,7.456505298614502
156000,1,fcst,7.5940728187561035,0.4037899374961853,0.1427001953125,8.273765563964844,8.59132194519043
156000,2,fcst,4.402054309844971,0.6013233065605164,0.525390625,8.542628288269043,9.149996757507324
156000,0,enc,5.102292537689209,0.8385389447212219,0.55810546875,1.090671420097351,1.0694464445114136
156000,1,enc,8.701356887817383,0.45032718777656555,0.2626953125,1.0048032999038696,1.1191831827163696
156000,2,enc,18.218597412109375,0.7106085419654846,0.63671875,1.243454098701477,1.293228268623352
156200,0,enc,4.990816116333008,0.8188874125480652,0.61572265625,0.9350026845932007,0.9307429194450378
156200,1,enc,8.777822494506836,0.42407140135765076,0.291748046875,0.9685696959495544,1.153039574623108
156200,2,enc,18.20469856262207,0.7208911180496216,0.74072265625,1.5346715450286865,1.5255671739578247
156200,0,fcst,7.236453056335449,0.6113988757133484,0.58349609375,6.282466888427734,7.141014099121094
156200,1,fcst,7.657900810241699,0.3950902819633484,0.1553955078125,7.674356937408447,8.07583236694336
156200,2,fcst,4.361641883850098,0.5929697751998901,0.513671875,8.061455726623535,8.534003257751465
156200,0,enc,5.011873722076416,0.8169089555740356,0.57373046875,0.9240323901176453,0.924052357673645
156200,1,enc,8.429676055908203,0.4497913122177124,0.2646484375,0.9769799709320068,1.0216882228851318
156200,2,enc,18.20621109008789,0.7998308539390564,0.658203125,1.257633924484253,1.2695494890213013
156400,0,enc,5.077974796295166,0.8048147559165955,0.6689453125,0.8284410834312439,0.8538566827774048
156400,1,enc,8.747385025024414,0.4421308636665344,0.322998046875,0.888266921043396,1.1019608974456787
156400,2,enc,18.138994216918945,0.8327819108963013,0.6806640625,1.8010050058364868,1.7806599140167236
156400,0,fcst,7.266844749450684,0.6513717770576477,0.61474609375,6.319875717163086,7.769871711730957
156400,1,fcst,7.609670162200928,0.38299131393432617,0.169921875,8.255437850952148,9.226114273071289
156400,2,fcst,4.315248966217041,0.5769408941268921,0.55615234375,9.293329238891602,9.995911598205566
156400,0,enc,5.105042934417725,0.795796275138855,0.55126953125,0.8199125528335571,0.85148686170578
156400,1,enc,8.689858436584473,0.46674031019210815,0.255859375,0.9412707090377808,1.0063081979751587
156400,2,enc,18.12251091003418,0.7209833264350891,0.67529296875,1.327677845954895,1.3157302141189575
156600,0,enc,5.071341037750244,0.8322582840919495,0.62060546875,0.8458892703056335,0.9429654479026794
156600,1,enc,8.65207576751709,0.44115927815437317,0.27001953125,0.9295417070388794,1.1121584177017212
156600,2,enc,18.449954986572266,0.7834804058074951,0.72021484375,1.4946081638336182,1.4946081638336182
156600,0,fcst,7.30642557144165,0.6527828574180603,0.61474609375,6.5413665771484375,8.573040008544922
156600,1,fcst,7.665813446044922,0.42627638578414917,0.15185546875,9.296808242797852,9.596015930175781
156600,2,fcst,4.419284343719482,0.5669335722923279,0.51123046875,9.527464866638184,9.538612365722656
156600,0,enc,5.072933197021484,0.8365505337715149,0.54443359375,0.8457306027412415,0.9171302318572998
156600,1,enc,8.734818458557129,0.4606361389160156,0.2357177734375,0.9476480484008789,1.100968360900879
156600,2,enc,18.404422760009766,0.7840079665184021,0.65234375,1.2089349031448364,1.2491116523742676
156800,0,enc,4.956235885620117,0.8466430902481079,0.58203125,0.8443365693092346,0.8858743906021118
156800,1,enc,8.57118034362793,0.47681477665901184,0.274169921875,0.9606420993804932,1.070044994354248
156800,2,enc,18.37795066833496,0.7555912137031555,0.69482421875,1.5977349281311035,1.5812638998031616
156800,0,fcst,7.232632637023926,0.5834840536117554,0.5634765625,6.3146443367004395,7.616641998291016
156800,1,fcst,7.720320701599121,0.3728179633617401,0.157958984375,8.144981384277344,8.763470649719238
156800,2,fcst,4.330550670623779,0.5678910613059998,0.56201171875,8.777131080627441,8.976512908935547
156800,0,enc,4.972429275512695,0.8513256311416626,0.497314453125,0.8371964693069458,0.8813859224319458
156800,1,enc,8.744888305664062,0.4834606945514679,0.2366943359375,0.9557965993881226,1.0531803369522095
156800,2,enc,18.403900146484375,0.7472588419914246,0.6669921875,1.3258284330368042,1.4409844875335693
157000,0,enc,4.964241027832031,0.8469194769859314,0.58935546875,0.881524384021759,0.9489234089851379
157000,1,enc,8.709378242492676,0.433310866355896,0.2958984375,1.1237932443618774,1.1299476623535156
157000,2,enc,18.25185203552246,0.727958083152771,0.818359375,1.3901962041854858,1.411832332611084
157000,0,fcst,7.179118633270264,0.6428256630897522,0.58056640625,6.574889183044434,7.8075079917907715
157000,1,fcst,7.874923229217529,0.4387885332107544,0.1705322265625,8.990270614624023,9.342541694641113
157000,2,fcst,4.2196879386901855,0.5409836769104004,0.58154296875,9.335756301879883,10.100187301635742
157000,0,enc,4.956104278564453,0.8472224473953247,0.5146484375,0.8728257417678833,0.8917986154556274
157000,1,enc,8.659202575683594,0.44078290462493896,0.24658203125,0.9389743804931641,1.015313982963562
157000,2,enc,18.31584358215332,0.7262844443321228,0.72314453125,1.3813233375549316,1.4046692848205566
157200,0,enc,4.913393020629883,0.8617814779281616,0.58935546875,0.9227684140205383,0.9923892021179199
157200,1,enc,8.884037971496582,0.5182305574417114,0.274169921875,1.0314514636993408,1.0873327255249023
157200,2,enc,18.2117977142334,0.7212915420532227,0.85546875,1.5406361818313599,1.4902143478393555
157200,0,fcst,7.204930305480957,0.6283574104309082,0.60302734375,6.208197593688965,7.25250768661499
157200,1,fcst,7.7882843017578125,0.383121132850647,0.1632080078125,8.261524200439453,8.893461227416992
157200,2,fcst,4.260876178741455,0.5626482367515564,0.5791015625,8.88450813293457,9.2569580078125
157200,0,enc,4.930476188659668,0.8636109232902527,0.5185546875,0.9188815951347351,0.9391025304794312
157200,1,enc,8.851110458374023,0.507413923740387,0.238037109375,0.9470957517623901,1.0594773292541504
157200,2,enc,18.214879989624023,0.7510164976119995,0.7001953125,1.3420414924621582,1.3101201057434082
157400,0,enc,4.726861476898193,0.9185393452644348,0.62158203125,0.9002252221107483,0.9539544582366943
157400,1,enc,8.606294631958008,0.46462878584861755,0.28125,0.9713001251220703,1.1843806505203247
157400,2,enc,18.225475311279297,0.7046230435371399,0.69873046875,1.4945651292800903,1.4935579299926758
157400,0,fcst,7.168549537658691,0.6474438905715942,0.55615234375,6.141907215118408,7.296017169952393
157400,1,fcst,8.006092071533203,0.451616495847702,0.2059326171875,8.504928588867188,8.717535972595215
157400,2,fcst,4.329381942749023,0.5703349113464355,0.58203125,8.717535972595215,9.14581298828125
157400,0,enc,4.743564128875732,0.9088158011436462,0.537109375,1.0090638399124146,1.1495667695999146
157400,1,enc,8.714763641357422,0.4603870213031769,0.2269287109375,1.1495815515518188,1.1292873620986938
157400,2,enc,18.23210906982422,0.7018458843231201,0.650390625,1.2655009031295776,1.2344950437545776
157600,0,enc,4.721809387207031,0.8784195780754089,0.60986328125,0.9911498427391052,0.9739837050437927
157600,1,enc,8.859280586242676,0.48393380641937256,0.30859375,1.1210317611694336,1.1210317611694336
157600,2,enc,18.205650329589844,0.7081246972084045,0.69970703125,1.5359611511230469,1.5154634714126587
157600,0,fcst,7.191009521484375,0.617477536201477,0.55859375,6.491507530212402,7.91511869430542
157600,1,fcst,8.247066497802734,0.4593958556652069,0.1583251953125,9.061391830444336,9.444067001342773
157600,2,fcst,4.303459644317627,0.5398624539375305,0.55126953125,9.608156204223633,9.924182891845703
157600,0,enc,4.698311805725098,0.8798788189888,0.484619140625,1.0070154666900635,0.9679529666900635
157600,1,enc,8.923903465270996,0.4933188855648041,0.24853515625,1.0240141153335571,1.0682951211929321
157600,2,enc,18.185007095336914,0.6991393566131592,0.7041015625,1.1915396451950073,1.2664432525634766
157800,0,enc,4.656305313110352,0.8668030500411987,0.66845703125,0.8807784914970398,0.922316312789917
157800,1,enc,8.747268676757812,0.46930065751075745,0.263427734375,0.9228777885437012,1.0480170249938965
157800,2,enc,18.28742218017578,0.7121862173080444,0.7265625,1.6010775566101074,1.5818853378295898
157800,0,fcst,7.059489727020264,0.6248383522033691,0.5908203125,6.327272415161133,7.3278117179870605
157800,1,fcst,8.313617706298828,0.46980032324790955,0.1690673828125,7.9804229736328125,8.496644973754883
157800,2,fcst,4.404680252075195,0.5685439705848694,0.52392578125,8.45905876159668,9.35749626159668
157800,0,enc,4.677151203155518,0.8622251749038696,0.5791015625,0.8650556802749634,0.9094282388687134
157800,1,enc,8.650883674621582,0.4576375186443329,0.23046875,0.9155503511428833,0.9677659273147583
157800,2,enc,18.290599822998047,0.7653865218162537,0.73388671875,1.34807288646698,1.3884673118591309
158000,0,enc,4.575770378112793,0.8765648007392883,0.64990234375,0.8965235352516174,0.9394427537918091
158000,1,enc,8.92155933380127,0.48096781969070435,0.25732421875,0.9331920742988586,0.9924997687339783
158000,2,enc,18.28622055053711,0.711910605430603,0.7265625,1.6594988107681274,1.6627455949783325
158000,0,fcst,7.04242467880249,0.6840535402297974,0.5810546875,6.373404026031494,7.739757537841797
158000,1,fcst,8.386209487915039,0.4952913820743561,0.17529296875,8.117318153381348,8.83675765991211
158000,2,fcst,4.43032693862915,0.568840742111206,0.492919921875,8.83675765991211,9.616922378540039
158000,0,enc,4.591054439544678,0.8911837935447693,0.52587890625,0.8944075107574463,0.9128482341766357
158000,1,enc,8.732991218566895,0.47224143147468567,0.22119140625,0.8454794883728027,0.9838934540748596
158000,2,enc,18.268993377685547,0.7312052249908447,0.66748046875,1.4385616779327393,1.3896725177764893
158200,0,enc,4.481696605682373,0.8616026043891907,0.59423828125,0.9049468040466309,0.9563180804252625
158200,1,enc,8.68753433227539,0.4617663621902466,0.26513671875,1.023238182067871,1.1354072093963623
158200,2,enc,18.20680046081543,0.7479186654090881,0.7744140625,1.5858715772628784,1.4417097568511963
158200,0,fcst,7.037965297698975,0.6169174313545227,0.55908203125,6.1255717277526855,8.739290237426758
158200,1,fcst,8.289219856262207,0.46817177534103394,0.178466796875,9.767020225524902,9.765483856201172
158200,2,fcst,4.439702033996582,0.6372135877609253,0.48974609375,9.816192626953125,9.817852973937988
158200,0,enc,4.4941582679748535,0.8593928813934326,0.5263671875,0.8807175159454346,0.9081223011016846
158200,1,enc,8.63062858581543,0.465861976146698,0.215576171875,0.9637660980224609,1.049032211303711
158200,2,enc,18.200037002563477,0.7012985348701477,0.65478515625,1.3583481311798096,1.2981107234954834
158400,0,enc,4.384422302246094,0.8182031512260437,0.60546875,0.9081763029098511,0.9431358575820923
158400,1,enc,8.866920471191406,0.4690963923931122,0.2459716796875,0.918465793132782,1.3345612287521362
158400,2,enc,18.32500648498535,0.7477381229400635,0.75390625,1.558463215827942,1.5078965425491333
158400,0,fcst,7.029110908508301,0.6653376817703247,0.56494140625,6.0549635887146,8.22136402130127
158400,1,fcst,8.034193992614746,0.4038413465023041,0.1365966796875,8.809361457824707,9.453350067138672
158400,2,fcst,4.476080417633057,0.5944581031799316,0.5712890625,9.474053382873535,9.6260986328125
158400,0,enc,4.386877059936523,0.8147892951965332,0.482666015625,0.9263584613800049,0.9587986469268799
158400,1,enc,8.27363395690918,0.4813891351222992,0.21630859375,0.9245911240577698,0.9401703476905823
158400,2,enc,18.311935424804688,0.7272970676422119,0.677734375,1.4933295249938965,1.4399847984313965
158600,0,enc,4.330049991607666,0.833606481552124,0.63623046875,0.9676125645637512,1.0062342882156372
158600,1,enc,8.818282127380371,0.5309228897094727,0.2440185546875,1.0015978813171387,1.0973751544952393
158600,2,enc,18.214988708496094,0.7761906981468201,0.7451171875,1.832304835319519,1.7820864915847778
158600,0,fcst,6.947045803070068,0.6325913667678833,0.56103515625,6.5691447257995605,7.835285186767578
158600,1,fcst,7.956623554229736,0.425263375043869,0.17529296875,8.86016845703125,9.24455451965332
158600,2,fcst,4.514121055603027,0.5988717079162598,0.55712890625,9.181682586669922,9.600790977478027
158600,0,enc,4.347509384155273,0.8421652913093567,0.515625,0.9701177477836609,1.0075323581695557
158600,1,enc,8.87867546081543,0.5120837092399597,0.21044921875,1.0105036497116089,1.0767878293991089
158600,2,enc,18.23325538635254,0.771135687828064,0.78857421875,1.481737732887268,1.385241150856018
158800,0,enc,4.368582248687744,0.816094160079956,0.64794921875,0.9874395728111267,0.9887365698814392
158800,1,enc,8.641496658325195,0.47166934609413147,0.26416015625,1.0009102821350098,1.050416111946106
158800,2,enc,18.606595993041992,0.7660980820655823,0.81201171875,1.4078264236450195,1.4340111017227173
158800,0,fcst,6.8731536865234375,0.6383056640625,0.57177734375,6.7230048179626465,7.465803146362305
158800,1,fcst,7.882328987121582,0.48698315024375916,0.154541015625,8.262380599975586,8.517372131347656
158800,2,fcst,4.630252838134766,0.6047908067703247,0.54443359375,8.523014068603516,9.907085418701172
158800,0,enc,4.367690563201904,0.8201426267623901,0.55517578125,1.0116562843322754,1.0213685035705566
158800,1,enc,8.184813499450684,0.49052146077156067,0.2232666015625,0.9994480013847351,1.0122113227844238
158800,2,enc,18.559650421142578,0.7691373825073242,0.70068359375,1.2207015752792358,1.2795519828796387
159000,0,enc,4.31234884262085,0.8290746212005615,0.6484375,0.8745074272155762,0.902719259262085
159000,1,enc,8.642044067382812,0.4883204996585846,0.25732421875,1.0403056144714355,1.25582754611969
159000,2,enc,18.40024757385254,0.7272930145263672,0.818359375,1.5399283170700073,1.4944909811019897
159000,0,fcst,6.985065937042236,0.6457228064537048,0.533203125,6.498765468597412,8.082114219665527
159000,1,fcst,7.728353023529053,0.4434814453125,0.1673583984375,8.95499324798584,9.1029691696167
159000,2,fcst,4.58009672164917,0.5837034583091736,0.6005859375,8.899177551269531,9.234867095947266
159000,0,enc,4.328533172607422,0.8275009393692017,0.54443359375,0.8959364295005798,0.9415602087974548
159000,1,enc,8.623927116394043,0.48124516010284424,0.2164306640625,0.9774152040481567,0.9798794984817505
159000,2,enc,18.38636016845703,0.7702042460441589,0.78515625,1.6464145183563232,1.6052157878875732
159200,0,enc,4.24697208404541,0.8112176656723022,0.59716796875,0.993346631526947,0.940551221370697
159200,1,enc,8.795927047729492,0.5209814310073853,0.259765625,1.0321788787841797,1.0411391258239746
159200,2,enc,18.2683162689209,0.8068984150886536,0.69189453125,1.584486722946167,1.5546473264694214
159200,0,fcst,6.858876705169678,0.6788527965545654,0.59228515625,6.509090423583984,7.909900188446045
159200,1,fcst,7.698245048522949,0.4027794599533081,0.163330078125,8.981038093566895,8.875582695007324
159200,2,fcst,4.6328125,0.632911741733551,0.54638671875,8.875582695007324,8.980563163757324
159200,0,enc,4.266902923583984,0.8235489726066589,0.5166015625,1.0046111345291138,0.9554167985916138
159200,1,enc,8.57882022857666,0.5140831470489502,0.20947265625,0.9138569831848145,1.089560627937317
159200,2,enc,18.297605514526367,0.7588668465614319,0.673828125,1.3936183452606201,1.4173610210418701
159400,0,enc,4.346050262451172,0.8294379711151123,0.6015625,0.9211568236351013,0.9522320628166199
159400,1,enc,8.76497745513916,0.5205061435699463,0.2509765625,1.0174922943115234,1.1153520345687866
159400,2,enc,18.258121490478516,0.7209540009498596,0.72216796875,1.7831212282180786,1.697400689125061
159400,0,fcst,6.996470928192139,0.6145703196525574,0.65771484375,6.305906295776367,8.385339736938477
159400,1,fcst,7.598155975341797,0.4080151617527008,0.1826171875,8.849188804626465,9.103072166442871
159400,2,fcst,4.6275835037231445,0.6402308940887451,0.57177734375,9.341327667236328,9.789190292358398
159400,0,enc,4.352014541625977,0.8272103071212769,0.587890625,0.8878722190856934,0.9079245924949646
159400,1,enc,8.396807670593262,0.5172919034957886,0.2255859375,0.8999812602996826,1.0564501285552979
159400,2,enc,18.266300201416016,0.7037200331687927,0.68359375,1.4653257131576538,1.4044418334960938
159600,0,enc,4.484893321990967,0.8892526030540466,0.63232421875,0.8657287955284119,0.8646780252456665
159600,1,enc,8.938638687133789,0.5073210597038269,0.261962890625,1.0426727533340454,1.1692521572113037
159600,2,enc,18.333101272583008,0.703140914440155,0.77734375,1.7413578033447266,1.6924279928207397
159600,0,fcst,6.980264663696289,0.6938318014144897,0.54296875,6.279198169708252,7.810779571533203
159600,1,fcst,7.563345432281494,0.4405115842819214,0.1697998046875,8.274992942810059,8.782032012939453
159600,2,fcst,4.633371829986572,0.6719552278518677,0.5615234375,8.788884162902832,8.918777465820312
159600,0,enc,4.4748663902282715,0.8859891891479492,0.57275390625,0.8631840944290161,0.8568679094314575
159600,1,enc,8.746268272399902,0.4710182249546051,0.220703125,1.024450659751892,1.113134741783142
159600,2,enc,18.3040828704834,0.7583969235420227,0.67919921875,1.535858154296875,1.449432373046875
159800,0,enc,4.568978309631348,0.864732563495636,0.63330078125,0.960078775882721,0.9556036591529846
159800,1,enc,8.935115814208984,0.5008895397186279,0.267578125,0.9962926506996155,1.091553807258606
159800,2,enc,18.31024742126465,0.759690523147583,0.875,1.5698808431625366,1.5196963548660278
159800,0,fcst,7.037747859954834,0.6454458236694336,0.61376953125,6.702725410461426,8.148037910461426
159800,1,fcst,7.591294765472412,0.4233683943748474,0.193359375,9.493268013000488,9.800614356994629
159800,2,fcst,4.619391441345215,0.6603104472160339,0.59228515625,9.792414665222168,9.342925071716309
159800,0,enc,4.58132791519165,0.8762251734733582,0.5361328125,0.9670032262802124,0.9707530736923218
159800,1,enc,8.740949630737305,0.4947086274623871,0.22021484375,0.9294115900993347,1.0500420331954956
159800,2,enc,18.272558212280273,0.721017062664032,0.6875,1.3237357139587402,1.2846732139587402
160000,0,enc,4.502993106842041,0.852770209312439,0.58154296875,0.8542510867118835,0.9137356877326965
160000,1,enc,8.873087882995605,0.5278505086898804,0.2666015625,1.0196115970611572,1.0196115970611572
160000,2,enc,18.111154556274414,0.7148264050483704,0.71484375,1.6487542390823364,1.5945686101913452
160000,0,fcst,7.0699687004089355,0.666141927242279,0.599609375,6.160112380981445,7.640597343444824
160000,1,fcst,7.525967121124268,0.377409428358078,0.18408203125,8.72861385345459,8.80212688446045
160000,2,fcst,4.650147914886475,0.6387628316879272,0.55810546875,8.833137512207031,9.020583152770996
160000,0,enc,4.5087385177612305,0.8432760238647461,0.5791015625,0.8601928353309631,0.8894886374473572
160000,1,enc,8.838129043579102,0.4967411160469055,0.207763671875,0.9224638938903809,0.9602196216583252
160000,2,enc,18.10346031188965,0.7266337275505066,0.73828125,1.5499420166015625,1.4298248291015625
160200,0,enc,4.442950248718262,0.8240839242935181,0.57568359375,0.9073805212974548,0.9402886629104614
160200,1,enc,8.843948364257812,0.47842851281166077,0.2412109375,1.064680576324463,1.1847776174545288
160200,2,enc,17.920387268066406,0.7523607611656189,0.79150390625,1.5341211557388306,1.6254017353057861
160200,0,fcst,7.040097713470459,0.6646031141281128,0.57568359375,6.912716865539551,8.857786178588867
160200,1,fcst,7.574665069580078,0.36592790484428406,0.1474609375,9.602510452270508,10.033283233642578
160200,2,fcst,4.548932075500488,0.5999535918235779,0.6416015625,10.073983192443848,10.328024864196777
160200,0,enc,4.426140785217285,0.8266485333442688,0.490234375,0.883945882320404,0.9265052080154419
160200,1,enc,8.796452522277832,0.48631206154823303,0.198974609375,0.9491977095603943,1.009404182434082
160200,2,enc,17.932735443115234,0.782314658164978,0.7119140625,1.5327590703964233,1.4456764459609985
160400,0,enc,4.453937530517578,0.7938123345375061,0.57373046875,1.0204038619995117,1.0747251510620117
160400,1,enc,8.937034606933594,0.5539800524711609,0.243408203125,1.0410174131393433,1.0887597799301147
160400,2,enc,17.903709411621094,0.7764801383018494,0.72705078125,1.5614908933639526,1.5368903875350952
160400,0,fcst,6.973546504974365,0.6344494819641113,0.5556640625,6.520495414733887,8.0380220413208
160400,1,fcst,7.5248517990112305,0.378080278635025,0.1793212890625,8.797492027282715,9.146392822265625
160400,2,fcst,4.636806488037109,0.6006036996841431,0.625,9.323641777038574,9.71480941772461
160400,0,enc,4.4347710609436035,0.7971417903900146,0.498291015625,1.0299888849258423,1.0679832696914673
160400,1,enc,8.755632400512695,0.5220643877983093,0.2281494140625,0.9858836531639099,0.9982583522796631
160400,2,enc,17.971296310424805,0.7643733620643616,0.69384765625,1.4402827024459839,1.3961007595062256
160600,0,enc,4.558500289916992,0.7419779300689697,0.6142578125,0.9079951643943787,0.9393943548202515
160600,1,enc,8.891459465026855,0.4956354796886444,0.2330322265625,1.060905933380127,1.0804710388183594
160600,2,enc,17.833200454711914,0.7508449554443359,0.7177734375,1.4078607559204102,1.4019763469696045
160600,0,fcst,6.921647548675537,0.7025338411331177,0.56689453125,6.2878289222717285,7.839069366455078
160600,1,fcst,7.66579532623291,0.42212730646133423,0.1754150390625,8.943668365478516,9.45093822479248
160600,2,fcst,4.591973304748535,0.6554563641548157,0.53662109375,9.45093822479248,10.06128978729248
160600,0,enc,4.515124320983887,0.7489507794380188,0.52880859375,0.9672122001647949,0.9433321952819824
160600,1,enc,8.537192344665527,0.48828497529029846,0.1973876953125,0.9581856727600098,1.0027952194213867
160600,2,enc,17.8181095123291,0.7614142298698425,0.71630859375,1.563900113105774,1.538448452949524
160800,0,enc,4.521613597869873,0.7128620743751526,0.5205078125,0.842082679271698,0.8874413371086121
160800,1,enc,8.724282264709473,0.4603745937347412,0.2705078125,1.0658820867538452,1.327519416809082
160800,2,enc,17.84693717956543,0.761419415473938,0.75,1.367836833000183,1.3871307373046875
160800,0,fcst,7.022136211395264,0.6684255003929138,0.5673828125,6.701624393463135,7.718863010406494
160800,1,fcst,7.6474223136901855,0.3782525658607483,0.1651611328125,8.704720497131348,8.924717903137207
160800,2,fcst,4.615686416625977,0.6349039673805237,0.57568359375,8.94757080078125,9.349438667297363
160800,0,enc,4.518969535827637,0.7134063839912415,0.4375,0.8575233817100525,0.88204425573349
160800,1,enc,8.657652854919434,0.4636574685573578,0.2171630859375,0.9301557540893555,1.0862836837768555
160800,2,enc,17.861915588378906,0.8041119575500488,0.689453125,1.3903851509094238,1.3760491609573364
161000,0,enc,4.515389919281006,0.737225353717804,0.55712890625,0.8596639633178711,0.8736598491668701
161000,1,enc,8.644232749938965,0.4795113801956177,0.2420654296875,1.0532532930374146,1.5291699171066284
161000,2,enc,17.73526382446289,0.8045769333839417,0.7158203125,1.6395187377929688,1.6395187377929688
161000,0,fcst,6.907395839691162,0.6991559267044067,0.60498046875,6.211848258972168,7.949773788452148
161000,1,fcst,7.451713562011719,0.33646172285079956,0.1766357421875,8.516475677490234,9.370967864990234
161000,2,fcst,4.546896457672119,0.5725197196006775,0.52734375,9.40864372253418,9.736063003540039
161000,0,enc,4.52096700668335,0.7369921803474426,0.48583984375,0.8352504372596741,0.8664639592170715
161000,1,enc,8.435602188110352,0.4846930205821991,0.2015380859375,0.9280129075050354,1.2000123262405396
161000,2,enc,17.735111236572266,0.8105226159095764,0.6923828125,1.261487603187561,1.3430755138397217
161200,0,enc,4.68890905380249,0.7437362670898438,0.53271484375,0.9945685863494873,0.9945685863494873
161200,1,enc,8.679988861083984,0.4497060477733612,0.2470703125,1.068780779838562,1.0184211730957031
161200,2,enc,17.72103500366211,0.8087488412857056,0.81005859375,1.654906153678894,1.654906153678894
161200,0,fcst,6.880934238433838,0.6096788644790649,0.54541015625,6.3419671058654785,7.51671028137207
161200,1,fcst,7.46696662902832,0.3543909192085266,0.1549072265625,8.400443077087402,8.738170623779297
161200,2,fcst,4.534182071685791,0.6666080355644226,0.642578125,8.43509578704834,8.659297943115234
161200,0,enc,4.67845344543457,0.747096598148346,0.46875,0.981926441192627,1.061089038848877
161200,1,enc,8.574589729309082,0.471394807100296,0.1981201171875,1.0527894496917725,0.9686830043792725
161200,2,enc,17.689130783081055,0.7807884216308594,0.70458984375,1.3610055446624756,1.273179531097412
161400,0,enc,4.756115436553955,0.7338156700134277,0.5283203125,0.8863622546195984,0.9900829792022705
161400,1,enc,8.862585067749023,0.4466586112976074,0.2486572265625,1.1196104288101196,1.210010290145874
161400,2,enc,17.716331481933594,0.8077511787414551,0.7333984375,1.726660966873169,1.6638964414596558
161400,0,fcst,6.971005916595459,0.6463910937309265,0.5849609375,6.187549591064453,7.524476051330566
161400,1,fcst,7.512185573577881,0.3509753942489624,0.1370849609375,8.245524406433105,8.575927734375
161400,2,fcst,4.618758201599121,0.6183410286903381,0.50634765625,9.011293411254883,9.12507438659668
161400,0,enc,4.775142669677734,0.7318103909492493,0.48486328125,0.8821426033973694,0.9358859062194824
161400,1,enc,8.580157279968262,0.4581911861896515,0.2001953125,0.9962296485900879,1.106398105621338
161400,2,enc,17.712331771850586,0.7742282152175903,0.6611328125,1.4504846334457397,1.4222863912582397
161600,0,enc,4.7802934646606445,0.7138457894325256,0.494384765625,0.9048148989677429,0.9151945114135742
161600,1,enc,8.974806785583496,0.47866180539131165,0.24365234375,1.0715413093566895,1.1812011003494263
161600,2,enc,17.664403915405273,0.7863758206367493,0.75048828125,1.6465450525283813,1.622978687286377
161600,0,fcst,7.011521816253662,0.6099777817726135,0.64599609375,6.704172134399414,8.521663665771484
161600,1,fcst,7.4975056648254395,0.3047136068344116,0.146728515625,8.521663665771484,9.06311321258545
161600,2,fcst,4.527886867523193,0.5473140478134155,0.5517578125,9.07361125946045,9.961197853088379
161600,0,enc,4.788537979125977,0.7170252203941345,0.4697265625,0.8923006653785706,0.8888121247291565
161600,1,enc,8.76109790802002,0.4893858730792999,0.2105712890625,0.8840874433517456,0.9703317284584045
161600,2,enc,17.607728958129883,0.7630216479301453,0.70361328125,1.5521810054779053,1.4999654293060303
161800,0,enc,4.8739776611328125,0.6718457341194153,0.51611328125,0.9487114548683167,0.9883503913879395
161800,1,enc,9.103387832641602,0.5006382465362549,0.266357421875,1.0250532627105713,1.03208327293396
161800,2,enc,17.755970001220703,0.7141298055648804,0.7802734375,1.4875004291534424,1.512151837348938
161800,0,fcst,6.862072467803955,0.6237540245056152,0.5830078125,6.250690460205078,8.828754425048828
161800,1,fcst,7.637073040008545,0.31259122490882874,0.14794921875,8.670539855957031,8.614871978759766
161800,2,fcst,4.607079982757568,0.5181618928909302,0.52392578125,8.593414306640625,9.356436729431152
161800,0,enc,4.8479905128479,0.6798129677772522,0.448974609375,0.9362927079200745,0.962949812412262
161800,1,enc,9.04263687133789,0.4563847780227661,0.2181396484375,0.9626870155334473,1.0301018953323364
161800,2,enc,17.731159210205078,0.7783624529838562,0.744140625,1.3730835914611816,1.4340271949768066
162000,0,enc,4.783501148223877,0.6536891460418701,0.48486328125,0.956203281879425,0.9200485348701477
162000,1,enc,8.81718635559082,0.44584134221076965,0.2408447265625,1.210927963256836,1.1956945657730103
162000,2,enc,17.59885025024414,0.6875669956207275,0.71484375,1.4164760112762451,1.3397752046585083
162000,0,fcst,6.813652992248535,0.740172803401947,0.60791015625,6.592860698699951,8.436393737792969
162000,1,fcst,7.55272912979126,0.29738670587539673,0.1453857421875,9.421772956848145,9.617356300354004
162000,2,fcst,4.540277004241943,0.6375626921653748,0.56787109375,9.58803653717041,10.05787181854248
162000,0,enc,4.8231282234191895,0.6589725017547607,0.412109375,0.9043932557106018,0.9173327088356018
162000,1,enc,8.727850914001465,0.4583775997161865,0.2080078125,0.911924421787262,0.986644446849823
162000,2,enc,17.639806747436523,0.7290360331535339,0.6806640625,1.344321846961975,1.31304132938385
162200,0,enc,4.78769063949585,0.6364068388938904,0.48486328125,0.8221448063850403,0.8556268811225891
162200,1,enc,8.973404884338379,0.4836407005786896,0.24609375,1.1379013061523438,1.0911526679992676
162200,2,enc,17.5748233795166,0.7565502524375916,0.7529296875,1.7195568084716797,1.688038945198059
162200,0,fcst,6.97190523147583,0.6808861494064331,0.54248046875,6.838460922241211,8.434496879577637
162200,1,fcst,7.577755928039551,0.33613908290863037,0.1734619140625,9.660928726196289,10.13076400756836
162200,2,fcst,4.51136589050293,0.6320792436599731,0.54443359375,10.113093376159668,10.086856842041016
162200,0,enc,4.808934211730957,0.6394792795181274,0.428955078125,0.8334680795669556,0.8848831057548523
162200,1,enc,9.055113792419434,0.45271244645118713,0.2171630859375,0.8832115530967712,0.9814171195030212
162200,2,enc,17.575206756591797,0.7643871307373047,0.818359375,1.4188780784606934,1.3846542835235596
162400,0,enc,4.9309773445129395,0.6093189120292664,0.45068359375,0.9174327850341797,0.9244772791862488
162400,1,enc,8.831587791442871,0.4576025605201721,0.24169921875,1.0053136348724365,1.0455209016799927
162400,2,enc,17.638214111328125,0.80184006690979,0.794921875,1.4630833864212036,1.4991958141326904
162400,0,fcst,6.912057399749756,0.6982277631759644,0.53955078125,6.07509708404541,8.379551887512207
162400,1,fcst,7.7367167472839355,0.35207894444465637,0.15966796875,8.718788146972656,9.281939506530762
162400,2,fcst,4.399756908416748,0.6481808423995972,0.54931640625,9.280586242675781,9.992934226989746
162400,0,enc,4.970795631408691,0.6099793314933777,0.37890625,0.9339345693588257,0.9275754690170288
162400,1,enc,8.833109855651855,0.44125401973724365,0.21826171875,0.9969948530197144,1.0624245405197144
162400,2,enc,17.639585494995117,0.7335457801818848,0.7080078125,1.3192763328552246,1.342942714691162
162600,0,enc,4.8509111404418945,0.6150291562080383,0.435546875,0.9169807434082031,0.8964005708694458
162600,1,enc,8.863067626953125,0.4601714313030243,0.2392578125,1.009943962097168,1.1841106414794922
162600,2,enc,17.504993438720703,0.7338945269584656,0.75244140625,1.475706696510315,1.4769096374511719
162600,0,fcst,6.915478229522705,0.658721387386322,0.62841796875,6.381949424743652,7.964869976043701
162600,1,fcst,7.642769813537598,0.3212692439556122,0.159423828125,9.1741304397583,9.500465393066406
162600,2,fcst,4.524562358856201,0.5795738697052002,0.5439453125,9.614371299743652,9.948843955993652
162600,0,enc,4.841599941253662,0.6116200685501099,0.389404296875,0.9247732758522034,0.9075406789779663
162600,1,enc,8.822908401489258,0.4722720980644226,0.2115478515625,0.9048687219619751,0.9876323938369751
162600,2,enc,17.512670516967773,0.7116052508354187,0.6845703125,1.3703649044036865,1.3418809175491333
162800,0,enc,4.916164875030518,0.5825887322425842,0.443359375,0.8975244164466858,0.8855547308921814
162800,1,enc,9.112521171569824,0.48493337631225586,0.24267578125,1.1732194423675537,1.1569383144378662
162800,2,enc,17.3915958404541,0.7462424635887146,0.68994140625,1.463653802871704,1.4777302742004395
162800,0,fcst,6.927608489990234,0.6589705348014832,0.53173828125,6.149640083312988,7.684474945068359
162800,1,fcst,7.5427680015563965,0.3471201956272125,0.160400390625,9.250226974487305,9.250226974487305
162800,2,fcst,4.433603286743164,0.6229538321495056,0.493408203125,9.250226974487305,9.3474760055542
162800,0,enc,4.989211559295654,0.5901399254798889,0.3896484375,0.8424966931343079,0.8723167777061462
162800,1,enc,8.734603881835938,0.44641485810279846,0.2139892578125,0.9100522994995117,0.9996941089630127
162800,2,enc,17.41887855529785,0.7202320098876953,0.662109375,1.4235731363296509,1.4163633584976196
163000,0,enc,5.068710803985596,0.5625704526901245,0.431640625,0.9214040040969849,0.9397947788238525
163000,1,enc,8.881351470947266,0.47275957465171814,0.2449951171875,0.9542096257209778,1.1057651042938232
163000,2,enc,17.47052764892578,0.7498075366020203,0.6982421875,1.5622090101242065,1.5814859867095947
163000,0,fcst,7.025437831878662,0.6637358069419861,0.50732421875,6.325629711151123,7.578006267547607
163000,1,fcst,7.523660182952881,0.35702645778656006,0.1339111328125,8.065773963928223,8.56201171875
163000,2,fcst,4.357180118560791,0.6444833874702454,0.52685546875,8.861629486083984,9.18932056427002
163000,0,enc,5.039109706878662,0.5628714561462402,0.392822265625,0.893383800983429,0.916496992111206
163000,1,enc,8.603440284729004,0.4760827422142029,0.2056884765625,0.9667913913726807,1.0514638423919678
163000,2,enc,17.47796630859375,0.7342826128005981,0.697265625,1.5144011974334717,1.4873168468475342
163200,0,enc,5.476902484893799,0.5505619049072266,0.46728515625,0.9932889342308044,0.9628732800483704
163200,1,enc,8.7311372756958,0.48592835664749146,0.2318115234375,0.9628732800483704,1.0451058149337769
163200,2,enc,17.373428344726562,0.7908827066421509,0.77978515625,1.5562855005264282,1.5129166841506958
163200,0,fcst,7.077430725097656,0.6508616805076599,0.5419921875,6.385236740112305,7.544896125793457
163200,1,fcst,7.431009292602539,0.3196792006492615,0.14306640625,9.301856994628906,9.517378807067871
163200,2,fcst,4.372876167297363,0.6285236477851868,0.50439453125,9.517378807067871,10.261736869812012
163200,0,enc,5.424495697021484,0.5519424080848694,0.382080078125,0.9832624793052673,1.0065321922302246
163200,1,enc,8.722738265991211,0.49127742648124695,0.2061767578125,0.9759616255760193,0.9765166640281677
163200,2,enc,17.34311866760254,0.7398509979248047,0.70556640625,1.477166771888733,1.4919427633285522
163400,0,enc,5.718629360198975,0.5136718153953552,0.449951171875,0.9079049229621887,0.9536134600639343
163400,1,enc,9.03711223602295,0.4337453544139862,0.230712890625,1.0456974506378174,1.1246389150619507
163400,2,enc,17.37625503540039,0.7596545815467834,0.72119140625,1.4332246780395508,1.5291997194290161
163400,0,fcst,6.923372268676758,0.6812686324119568,0.52001953125,6.295121192932129,8.336067199707031
163400,1,fcst,7.343819618225098,0.3063742220401764,0.18798828125,8.775416374206543,9.198322296142578
163400,2,fcst,4.440998077392578,0.6332679390907288,0.54541015625,9.193857192993164,9.576887130737305
163400,0,enc,5.682524681091309,0.5159881114959717,0.337646484375,0.9217200875282288,0.9657264351844788
163400,1,enc,8.981891632080078,0.45628994703292847,0.2093505859375,0.9449046850204468,1.0205882787704468
163400,2,enc,17.397539138793945,0.9169667959213257,0.71484375,1.4355685710906982,1.4283664226531982
163600,0,enc,5.877767086029053,0.505639910697937,0.41064453125,0.8877685070037842,0.9802706837654114
163600,1,enc,8.649587631225586,0.43174663186073303,0.239013671875,1.0020054578781128,1.224856972694397
163600,2,enc,17.223731994628906,0.7713497281074524,0.77197265625,1.5129677057266235,1.4916563034057617
163600,0,fcst,7.00778341293335,0.6808332204818726,0.525390625,6.938000202178955,7.835885047912598
163600,1,fcst,7.18641996383667,0.3250126540660858,0.14111328125,8.624427795410156,8.836288452148438
163600,2,fcst,4.592292785644531,0.615692675113678,0.54638671875,8.83690071105957,9.296427726745605
163600,0,enc,5.88454008102417,0.5111203193664551,0.326904296875,0.9008914232254028,0.9821292161941528
163600,1,enc,8.754688262939453,0.43658119440078735,0.2139892578125,0.9861346483230591,1.085438847541809
163600,2,enc,17.200876235961914,0.7307219505310059,0.66796875,1.4859554767608643,1.4657986164093018
163800,0,enc,6.172840118408203,0.5086028575897217,0.41259765625,0.7794429063796997,0.8662670850753784
163800,1,enc,8.928563117980957,0.4570561945438385,0.21826171875,1.1179497241973877,1.1494522094726562
163800,2,enc,17.400678634643555,0.723086953163147,0.6962890625,1.7874033451080322,1.7538509368896484
163800,0,fcst,7.041927814483643,0.6543668508529663,0.489013671875,6.167130947113037,7.808265686035156
163800,1,fcst,7.173086166381836,0.3486282229423523,0.166748046875,8.820460319519043,8.820460319519043
163800,2,fcst,4.342889308929443,0.5860275030136108,0.5107421875,8.970481872558594,8.980035781860352
163800,0,enc,6.170637607574463,0.5091930031776428,0.343994140625,0.7883006930351257,0.8229465484619141
163800,1,enc,8.818275451660156,0.4545607566833496,0.199462890625,0.8913344740867615,0.9532613158226013
163800,2,enc,17.348569869995117,0.7095480561256409,0.6796875,1.5442607402801514,1.5076701641082764
164000,0,enc,6.286993980407715,0.47731053829193115,0.369873046875,0.8634325265884399,0.9465025663375854
164000,1,enc,9.075780868530273,0.442166805267334,0.213134765625,0.9510815739631653,1.1253494024276733
164000,2,enc,17.312292098999023,0.7400796413421631,0.6962890625,1.544627070426941,1.4964407682418823
164000,0,fcst,7.012945652008057,0.6206627488136292,0.50439453125,6.243637561798096,7.530905723571777
164000,1,fcst,7.027363300323486,0.3311084508895874,0.11572265625,9.053826332092285,9.79547119140625
164000,2,fcst,4.3756818771362305,0.6098341941833496,0.4990234375,9.778510093688965,10.560302734375
164000,0,enc,6.262701034545898,0.479012668132782,0.3017578125,0.8592094779014587,0.9560081958770752
164000,1,enc,8.673160552978516,0.4438936412334442,0.191162109375,0.950011134147644,0.9982794523239136
164000,2,enc,17.30336570739746,0.7511704564094543,0.68603515625,1.4790947437286377,1.4606773853302002
164200,0,enc,6.384240627288818,0.4863704442977905,0.3876953125,0.8755389451980591,0.9698043465614319
164200,1,enc,8.68137264251709,0.4855480492115021,0.2099609375,1.028552770614624,1.0537976026535034
164200,2,enc,17.236202239990234,0.7512205839157104,0.7373046875,1.7135694026947021,1.668199896812439
164200,0,fcst,7.02924108505249,0.6381180882453918,0.5341796875,6.498249053955078,7.249330997467041
164200,1,fcst,7.022121429443359,0.3198007047176361,0.12261962890625,8.59494400024414,8.962350845336914
164200,2,fcst,4.280782699584961,0.6104697585105896,0.50146484375,9.040760040283203,9.354170799255371
164200,0,enc,6.366375923156738,0.4849303960800171,0.30810546875,0.9029222726821899,0.9659715890884399
164200,1,enc,8.825061798095703,0.45460617542266846,0.1876220703125,0.953416109085083,1.030832290649414
164200,2,enc,17.27524757385254,0.7824921607971191,0.6650390625,1.3398014307022095,1.2811161279678345
164400,0,enc,6.543986797332764,0.4814899265766144,0.41259765625,0.8597080111503601,0.9540306925773621
164400,1,enc,8.578519821166992,0.4527755379676819,0.225341796875,0.9446471929550171,1.1027960777282715
164400,2,enc,17.053529739379883,0.7681969404220581,0.7041015625,1.5491013526916504,1.5172613859176636
164400,0,fcst,6.993173122406006,0.6535791158676147,0.4755859375,6.187986850738525,7.95918083190918
164400,1,fcst,6.960095405578613,0.32672739028930664,0.11669921875,8.920869827270508,9.185219764709473
164400,2,fcst,4.553447723388672,0.6203913688659668,0.478515625,9.184696197509766,10.171490669250488
164400,0,enc,6.528721332550049,0.4814453125,0.3017578125,0.8545255661010742,0.8860794305801392
164400,1,enc,8.811779975891113,0.46952930092811584,0.2027587890625,0.9087838530540466,1.0185445547103882
164400,2,enc,17.09009552001953,0.8807832598686218,0.73291015625,1.522462010383606,1.4932109117507935
164600,0,enc,6.809820652008057,0.48366591334342957,0.37109375,0.8048250079154968,0.9348152279853821
164600,1,enc,8.898017883300781,0.4466039538383484,0.211181640625,0.9219664335250854,1.1365185976028442
164600,2,enc,17.05040168762207,0.7779561877250671,0.83154296875,1.581679344177246,1.5358927249908447
164600,0,fcst,7.023868560791016,0.6245477199554443,0.5224609375,6.545238971710205,8.523487091064453
164600,1,fcst,7.011981964111328,0.3210841417312622,0.12261962890625,8.329882621765137,8.688880920410156
164600,2,fcst,4.37910270690918,0.5640987753868103,0.5029296875,8.646231651306152,9.405075073242188
164600,0,enc,6.807772159576416,0.47782015800476074,0.3115234375,0.7974305748939514,0.8893892168998718
164600,1,enc,8.774991035461426,0.4291006624698639,0.1903076171875,0.9408057928085327,1.00676691532135
164600,2,enc,17.04512596130371,0.9169686436653137,0.677734375,1.5894992351531982,1.5533969402313232
164800,0,enc,7.315771102905273,0.4637346863746643,0.399169921875,0.9004577398300171,0.9004577398300171
164800,1,enc,8.620739936828613,0.4540121853351593,0.2037353515625,1.1017131805419922,1.1704115867614746
164800,2,enc,16.939987182617188,0.7322506308555603,0.74169921875,1.4328606128692627,1.4384766817092896
164800,0,fcst,7.081179618835449,0.6829460263252258,0.51904296875,6.455808639526367,7.481863975524902
164800,1,fcst,7.003988265991211,0.3189171850681305,0.1314697265625,8.471900939941406,8.930885314941406
164800,2,fcst,4.293659210205078,0.573630690574646,0.5595703125,8.930885314941406,8.930885314941406
164800,0,enc,7.278743267059326,0.4580436944961548,0.296630859375,0.9025130867958069,0.9421554207801819
164800,1,enc,8.591804504394531,0.41888049244880676,0.1856689453125,0.9138129949569702,1.0718940496444702
164800,2,enc,16.880643844604492,0.7165737748146057,0.76025390625,1.444981575012207,1.397099494934082
165000,0,enc,7.442348480224609,0.4632807672023773,0.3583984375,1.066806674003601,1.0761314630508423
165000,1,enc,8.32481861114502,0.43232157826423645,0.223388671875,1.0509510040283203,1.117445468902588
165000,2,enc,16.944772720336914,0.7743645310401917,0.76611328125,1.5677788257598877,1.5373969078063965
165000,0,fcst,7.086461544036865,0.7050461769104004,0.50341796875,6.191947937011719,7.886904716491699
165000,1,fcst,7.012572765350342,0.2890385389328003,0.13623046875,8.227204322814941,9.001394271850586
165000,2,fcst,4.6134185791015625,0.5841740369796753,0.583984375,10.170710563659668,10.181374549865723
165000,0,enc,7.393078327178955,0.46411141753196716,0.319580078125,1.0643562078475952,1.1269172430038452
165000,1,enc,8.204300880432129,0.4680487811565399,0.1846923828125,1.0900591611862183,1.1501177549362183
165000,2,enc,17.001352310180664,0.7794835567474365,0.708984375,1.3229066133499146,1.3460694551467896
165200,0,enc,7.773263931274414,0.45961499214172363,0.385986328125,0.8711895942687988,1.0096553564071655
165200,1,enc,8.736172676086426,0.4299512803554535,0.205322265625,0.9871495962142944,0.9905112385749817
165200,2,enc,16.98551368713379,0.7758966684341431,0.77294921875,1.620002031326294,1.6093039512634277
165200,0,fcst,7.054478168487549,0.594046413898468,0.55517578125,6.482269763946533,8.046882629394531
165200,1,fcst,7.120512962341309,0.2994479835033417,0.10711669921875,8.617293357849121,8.929222106933594
165200,2,fcst,4.275002479553223,0.6054841876029968,0.58642578125,8.906682014465332,9.31918716430664
165200,0,enc,7.766092300415039,0.4594787359237671,0.280517578125,0.8590836524963379,0.8925173878669739
165200,1,enc,8.370624542236328,0.43846502900123596,0.177734375,0.8890115022659302,0.9840532541275024
165200,2,enc,16.98989486694336,0.7477491497993469,0.74755859375,1.568297266960144,1.584288477897644
165400,0,enc,7.845161437988281,0.4710184931755066,0.348388671875,0.8749863505363464,0.9099798202514648
165400,1,enc,8.368654251098633,0.41443365812301636,0.211181640625,0.9538000226020813,0.9973862171173096
165400,2,enc,16.896337509155273,0.7343931198120117,0.72802734375,1.4541077613830566,1.4692054986953735
165400,0,fcst,7.048562526702881,0.6094343662261963,0.58984375,6.189763069152832,9.595171928405762
165400,1,fcst,7.08162260055542,0.29757294058799744,0.1126708984375,8.845393180847168,9.362157821655273
165400,2,fcst,4.388433456420898,0.6172179579734802,0.513671875,9.364053726196289,10.071518898010254
165400,0,enc,7.924485206604004,0.4765501022338867,0.281005859375,0.8677498698234558,0.8739269971847534
165400,1,enc,8.461343765258789,0.4162878394126892,0.1844482421875,0.922520101070404,0.9437755942344666
165400,2,enc,16.89398956298828,0.795494019985199,0.71044921875,1.304394245147705,1.315746784210205
165600,0,enc,7.83536958694458,0.4844103157520294,0.361083984375,0.856176495552063,0.9182484745979309
165600,1,enc,8.869608879089355,0.4294910430908203,0.2061767578125,0.9140727519989014,1.0236715078353882
165600,2,enc,17.00913429260254,0.7149844765663147,0.74951171875,1.5162713527679443,1.4961806535720825
165600,0,fcst,7.044219017028809,0.6145054697990417,0.494384765625,6.093601703643799,7.7923407554626465
165600,1,fcst,6.987071514129639,0.27583369612693787,0.11114501953125,8.330826759338379,8.785304069519043
165600,2,fcst,4.365360260009766,0.5600571036338806,0.564453125,8.83132266998291,9.00222110748291
165600,0,enc,7.920456886291504,0.48556435108184814,0.287109375,0.8401470184326172,0.8851685523986816
165600,1,enc,8.447240829467773,0.40511927008628845,0.186279296875,0.8846276998519897,0.9897400736808777
165600,2,enc,16.985929489135742,0.705470621585846,0.6669921875,1.3497731685638428,1.4021718502044678
165800,0,enc,7.868592739105225,0.512241005897522,0.34375,0.8499182462692261,0.9522360563278198
165800,1,enc,8.522919654846191,0.4077374339103699,0.2056884765625,0.9863143563270569,1.0471209287643433
165800,2,enc,17.026838302612305,0.7934162616729736,0.7373046875,1.4558217525482178,1.4681260585784912
165800,0,fcst,6.954767227172852,0.7412796020507812,0.53076171875,6.054995059967041,7.41388463973999
165800,1,fcst,7.010541915893555,0.3458996117115021,0.111328125,8.318618774414062,9.047785758972168
165800,2,fcst,4.517414569854736,0.5350632071495056,0.5029296875,9.079089164733887,9.533190727233887
165800,0,enc,7.8239006996154785,0.5068901181221008,0.313720703125,0.9025895595550537,0.9753434658050537
165800,1,enc,8.312860488891602,0.39641815423965454,0.1737060546875,0.9794644117355347,0.9536177515983582
165800,2,enc,17.002248764038086,0.7378078699111938,0.67822265625,1.5502673387527466,1.4892932176589966
166000,0,enc,7.747231960296631,0.5007824897766113,0.363525390625,0.9147672057151794,0.9609705209732056
166000,1,enc,8.34442138671875,0.4022926390171051,0.2059326171875,0.9879499673843384,1.090760350227356
166000,2,enc,16.929719924926758,0.7776384949684143,0.74658203125,1.640999436378479,1.7083028554916382
166000,0,fcst,7.01494026184082,0.6623364090919495,0.5615234375,6.306275844573975,7.869165420532227
166000,1,fcst,7.115442752838135,0.30133944749832153,0.1273193359375,8.517866134643555,8.795236587524414
166000,2,fcst,4.382951736450195,0.5597642064094543,0.54248046875,8.75405502319336,8.963421821594238
166000,0,enc,7.719148635864258,0.5022197365760803,0.277587890625,0.8992416858673096,0.8962814807891846
166000,1,enc,8.562591552734375,0.4107513725757599,0.174560546875,0.8920113444328308,0.9697679877281189
166000,2,enc,16.963302612304688,0.7846070528030396,0.71142578125,1.3620017766952515,1.354386329650879
166200,0,enc,8.042502403259277,0.5015260577201843,0.392822265625,0.8676717877388,0.8885564208030701
166200,1,enc,8.763191223144531,0.401918888092041,0.2109375,0.9071673154830933,1.0824060440063477
166200,2,enc,17.066410064697266,0.7731906771659851,0.82373046875,1.48647141456604,1.4458491802215576
166200,0,fcst,7.070145130157471,0.6255700588226318,0.48974609375,6.313767433166504,7.4157209396362305
166200,1,fcst,7.119184494018555,0.2837584912776947,0.11865234375,7.90074348449707,8.415075302124023
166200,2,fcst,4.573841571807861,0.6747780442237854,0.53759765625,8.344520568847656,8.700016021728516
166200,0,enc,8.016408920288086,0.5064332485198975,0.2666015625,0.8434688448905945,0.9361812472343445
166200,1,enc,8.480887413024902,0.35870975255966187,0.1790771484375,0.9152917861938477,1.0063562393188477
166200,2,enc,17.04692268371582,0.766643226146698,0.69970703125,1.2432482242584229,1.2728461027145386
166400,0,enc,8.328829765319824,0.495678573846817,0.3447265625,0.8726809024810791,0.9452449083328247
166400,1,enc,8.619194030761719,0.36705631017684937,0.1927490234375,0.9175785779953003,1.0908108949661255
166400,2,enc,16.92392349243164,0.7910633087158203,0.74365234375,1.619934320449829,1.617953896522522
166400,0,fcst,7.018973350524902,0.6944304704666138,0.49658203125,6.304832935333252,7.631150245666504
166400,1,fcst,7.077208518981934,0.2977106273174286,0.1400146484375,8.394699096679688,8.873162269592285
166400,2,fcst,4.478574752807617,0.4985606074333191,0.5078125,8.869296073913574,9.569876670837402
166400,0,enc,8.24010181427002,0.49026742577552795,0.29052734375,0.8758774399757385,0.9414291977882385
166400,1,enc,8.64136028289795,0.3583381175994873,0.16796875,0.9327738285064697,0.9607584476470947
166400,2,enc,16.87151336669922,0.7605326175689697,0.708984375,1.4381041526794434,1.3279356956481934
166600,0,enc,8.198324203491211,0.491089403629303,0.33154296875,0.9747272729873657,0.9801783561706543
166600,1,enc,8.974396705627441,0.3590654134750366,0.1846923828125,1.0039820671081543,1.0252366065979004
166600,2,enc,16.85050392150879,0.8201570510864258,0.7900390625,1.5146450996398926,1.498343586921692
166600,0,fcst,7.151339054107666,0.687211811542511,0.54345703125,6.402401447296143,7.807519435882568
166600,1,fcst,7.068094253540039,0.27327868342399597,0.11328125,8.820655822753906,8.983551979064941
166600,2,fcst,4.322946071624756,0.5768552422523499,0.53759765625,8.986956596374512,9.358263969421387
166600,0,enc,8.280597686767578,0.49558502435684204,0.27392578125,0.9926931858062744,1.013246774673462
166600,1,enc,8.995092391967773,0.350126713514328,0.15771484375,1.0388054847717285,1.0225090980529785
166600,2,enc,16.840320587158203,0.7748520970344543,0.71044921875,1.555741310119629,1.601914405822754
166800,0,enc,8.332027435302734,0.4945768415927887,0.34814453125,0.9357205033302307,0.9730064272880554
166800,1,enc,8.702617645263672,0.42452552914619446,0.171630859375,0.9892083406448364,1.099290132522583
166800,2,enc,16.747461318969727,0.7229369878768921,0.75244140625,1.589842677116394,1.4620420932769775
166800,0,fcst,6.993663787841797,0.6546508073806763,0.51513671875,6.220220565795898,8.147090911865234
166800,1,fcst,7.089375019073486,0.29908663034439087,0.131591796875,8.560577392578125,8.7813138961792
166800,2,fcst,4.544888019561768,0.5339763164520264,0.498046875,8.763029098510742,9.452590942382812
166800,0,enc,8.308509826660156,0.4927404820919037,0.2529296875,0.9289804100990295,0.9350457787513733
166800,1,enc,8.931768417358398,0.4175741970539093,0.1512451171875,0.9303881525993347,0.9645983576774597
166800,2,enc,16.7520751953125,0.737339437007904,0.74609375,1.4038183689117432,1.4112951755523682
167000,0,enc,8.301376342773438,0.5169237852096558,0.335205078125,0.8418557047843933,0.883690357208252
167000,1,enc,8.733850479125977,0.3548666536808014,0.1849365234375,0.8838613629341125,0.9755821824073792
167000,2,enc,16.794445037841797,0.717374324798584,0.70849609375,1.562009334564209,1.5160634517669678
167000,0,fcst,7.047967910766602,0.6819218397140503,0.5302734375,6.445345401763916,8.02564811706543
167000,1,fcst,7.068605422973633,0.3092004358768463,0.1361083984375,9.068402290344238,9.341161727905273
167000,2,fcst,4.95267391204834,0.5311415195465088,0.465087890625,9.341161727905273,9.341161727905273
167000,0,enc,8.353418350219727,0.5164172649383545,0.2484130859375,0.9082013368606567,0.9348126649856567
167000,1,enc,8.617545127868652,0.35170865058898926,0.16064453125,0.934732973575592,1.0345864295959473
167000,2,enc,16.821809768676758,0.7462410926818848,0.720703125,1.4395699501037598,1.3718209266662598
167200,0,enc,8.33796501159668,0.5112369656562805,0.355224609375,0.8141378164291382,0.8774930238723755
167200,1,enc,9.077899932861328,0.36900824308395386,0.170166015625,0.8901654481887817,1.0663535594940186
167200,2,enc,16.792375564575195,0.7360512018203735,0.77392578125,1.4452439546585083,1.391160011291504
167200,0,fcst,7.1828203201293945,0.6347219347953796,0.53076171875,6.342724800109863,8.752982139587402
167200,1,fcst,7.044912815093994,0.29968053102493286,0.1395263671875,8.301307678222656,8.838428497314453
167200,2,fcst,4.8047590255737305,0.5515713095664978,0.48828125,8.79137134552002,9.00974178314209
167200,0,enc,8.340489387512207,0.507506251335144,0.266845703125,0.81553715467453,0.84658282995224
167200,1,enc,9.060747146606445,0.33796951174736023,0.1524658203125,0.8512830138206482,1.005335807800293
167200,2,enc,16.780332565307617,0.7597464919090271,0.69482421875,1.3737081289291382,1.3735148906707764
167400,0,enc,8.297215461730957,0.5150975584983826,0.367919921875,0.8903665542602539,0.9208163022994995
167400,1,enc,9.103928565979004,0.34994393587112427,0.17919921875,0.9082013368606567,0.9836857318878174
167400,2,enc,16.722158432006836,0.7505528330802917,0.7666015625,1.5967564582824707,1.5834097862243652
167400,0,fcst,7.196900844573975,0.620123028755188,0.52197265625,5.963472366333008,7.851073265075684
167400,1,fcst,6.968022346496582,0.30692607164382935,0.1329345703125,8.107568740844727,8.526667594909668
167400,2,fcst,4.786914825439453,0.5279319286346436,0.48291015625,8.567286491394043,9.199150085449219
167400,0,enc,8.376843452453613,0.5223809480667114,0.297607421875,0.8818187713623047,0.9423656463623047
167400,1,enc,9.0972318649292,0.34462594985961914,0.15576171875,0.9225867390632629,0.9543378353118896
167400,2,enc,16.656600952148438,0.8051554560661316,0.71484375,1.3288975954055786,1.2762852907180786
167600,0,enc,8.30437183380127,0.5249812006950378,0.349853515625,1.0225341320037842,1.1403319835662842
167600,1,enc,8.918553352355957,0.3474581241607666,0.176513671875,1.15520441532135,1.2061009407043457
167600,2,enc,16.880128860473633,0.846668004989624,0.75244140625,1.5302097797393799,1.5549290180206299
167600,0,fcst,7.273380756378174,0.6862353086471558,0.541015625,6.192644119262695,7.995985984802246
167600,1,fcst,6.88389253616333,0.32800185680389404,0.1427001953125,8.113000869750977,8.656349182128906
167600,2,fcst,5.0732102394104,0.49794429540634155,0.470947265625,8.637396812438965,9.28518295288086
167600,0,enc,8.249409675598145,0.5242529511451721,0.289794921875,0.9035757780075073,0.9983023405075073
167600,1,enc,9.085963249206543,0.31394004821777344,0.152099609375,1.0098375082015991,1.0432847738265991
167600,2,enc,16.840620040893555,0.7959901690483093,0.66748046875,1.4428009986877441,1.455061435699463
167800,0,enc,8.369089126586914,0.5167504549026489,0.29736328125,0.8689538836479187,0.9472145438194275
167800,1,enc,9.374022483825684,0.3423627018928528,0.1680908203125,0.9444419741630554,0.9408349394798279
167800,2,enc,16.683704376220703,0.7716468572616577,0.73779296875,1.400795817375183,1.3547821044921875
167800,0,fcst,7.251139163970947,0.6096859574317932,0.46826171875,6.102592468261719,7.4118547439575195
167800,1,fcst,7.025869369506836,0.34022730588912964,0.1710205078125,9.068193435668945,9.522024154663086
167800,2,fcst,4.921993255615234,0.4661802649497986,0.453857421875,9.314781188964844,10.368926048278809
167800,0,enc,8.299375534057617,0.5223029255867004,0.270751953125,0.8065836429595947,0.8661539554595947
167800,1,enc,9.460771560668945,0.327059268951416,0.143310546875,0.8672055006027222,0.9577816724777222
167800,2,enc,16.70197296142578,0.7650523781776428,0.70703125,1.3534919023513794,1.3140631914138794
168000,0,enc,8.718358993530273,0.5393004417419434,0.3388671875,0.9629719257354736,0.982723593711853
168000,1,enc,9.1329345703125,0.3366015553474426,0.178955078125,0.9666684865951538,0.9701113104820251
168000,2,enc,16.632238388061523,0.836687445640564,0.7080078125,1.458274006843567,1.5171728134155273
168000,0,fcst,7.314106464385986,0.6376596093177795,0.5810546875,6.550506591796875,7.517060279846191
168000,1,fcst,7.082109451293945,0.34138503670692444,0.1787109375,8.82084846496582,9.318352699279785
168000,2,fcst,5.081140518188477,0.4860927164554596,0.48583984375,9.076011657714844,9.253284454345703
168000,0,enc,8.654397010803223,0.5338860154151917,0.2978515625,0.9764572381973267,1.0016189813613892
168000,1,enc,9.325750350952148,0.3200148940086365,0.1534423828125,1.0035938024520874,1.0053399801254272
168000,2,enc,16.66094970703125,0.7920752763748169,0.7802734375,1.4045628309249878,1.3992565870285034
168200,0,enc,8.469822883605957,0.5484433174133301,0.340576171875,0.8985523581504822,0.9812607169151306
168200,1,enc,9.059839248657227,0.33667758107185364,0.1864013671875,0.9925220608711243,1.0168513059616089
168200,2,enc,16.672292709350586,0.8400105834007263,0.73876953125,1.631345272064209,1.6784440279006958
168200,0,fcst,7.365031719207764,0.6222296357154846,0.505859375,6.272457122802734,8.36772632598877
168200,1,fcst,7.1236042976379395,0.332431435585022,0.134033203125,8.774820327758789,9.099798202514648
168200,2,fcst,5.134314060211182,0.5176970362663269,0.4482421875,9.096301078796387,9.314536094665527
168200,0,enc,8.50577163696289,0.5477762222290039,0.293701171875,0.8701074123382568,0.9130456447601318
168200,1,enc,9.09619140625,0.3058767318725586,0.153564453125,0.9120908975601196,0.9994932413101196
168200,2,enc,16.69009780883789,0.841091513633728,0.69970703125,1.2215155363082886,1.2707115411758423
168400,0,enc,8.543468475341797,0.5585017204284668,0.356689453125,0.8648085594177246,0.9010636210441589
168400,1,enc,9.106637954711914,0.33541998267173767,0.186767578125,0.8946476578712463,0.9922411441802979
168400,2,enc,16.628782272338867,0.6810768246650696,0.7255859375,1.5526858568191528,1.5423352718353271
168400,0,fcst,7.430451393127441,0.5845324993133545,0.5029296875,6.436650276184082,7.812893867492676
168400,1,fcst,7.172272205352783,0.3823544383049011,0.188232421875,8.550045013427734,8.486738204956055
168400,2,fcst,5.162215232849121,0.4511215090751648,0.47216796875,8.51381778717041,8.826860427856445
168400,0,enc,8.560267448425293,0.5564345717430115,0.3173828125,0.8607717156410217,0.8872169256210327
168400,1,enc,8.961481094360352,0.30406051874160767,0.15869140625,0.8833582997322083,0.9462378025054932
168400,2,enc,16.65074920654297,0.730987012386322,0.73193359375,1.2921581268310547,1.2755053043365479
168600,0,enc,8.377363204956055,0.5676028728485107,0.366455078125,0.8589290380477905,0.8779904246330261
168600,1,enc,8.888182640075684,0.32805681228637695,0.19189453125,0.8779904246330261,1.069758653640747
168600,2,enc,16.590347290039062,0.7580943703651428,0.74853515625,1.4034053087234497,1.392783522605896
168600,0,fcst,7.443376541137695,0.6224595904350281,0.482666015625,6.224125385284424,7.742199420928955
168600,1,fcst,7.240461826324463,0.39738786220550537,0.15673828125,8.265810012817383,8.827333450317383
168600,2,fcst,5.184787750244141,0.49898073077201843,0.478759765625,8.827333450317383,9.384040832519531
168600,0,enc,8.378528594970703,0.5695445537567139,0.289794921875,0.8402943015098572,0.8210333585739136
168600,1,enc,8.906928062438965,0.3044223189353943,0.1676025390625,0.8645199537277222,1.01450514793396
168600,2,enc,16.588335037231445,0.7464174032211304,0.705078125,1.2884942293167114,1.1883223056793213
168800,0,enc,8.358282089233398,0.5823672413825989,0.368896484375,0.8405173420906067,0.9237046241760254
168800,1,enc,9.048333168029785,0.30601054430007935,0.2158203125,0.9679753184318542,1.0684525966644287
168800,2,enc,16.816370010375977,0.7930395603179932,0.8037109375,1.3892091512680054,1.330276370048523
168800,0,fcst,7.323599338531494,0.6173600554466248,0.48046875,5.979835510253906,7.7841477394104
168800,1,fcst,7.285284042358398,0.3958319127559662,0.1441650390625,8.191024780273438,8.952743530273438
168800,2,fcst,5.290145397186279,0.48348572850227356,0.50927734375,8.73807430267334,9.247514724731445
168800,0,enc,8.364415168762207,0.5836864709854126,0.34716796875,0.8456000089645386,0.9003485441207886
168800,1,enc,9.105628967285156,0.3091355562210083,0.1917724609375,0.9367114305496216,1.000732421875
168800,2,enc,16.757587432861328,0.7363452315330505,0.6962890625,1.4588133096694946,1.3836179971694946
169000,0,enc,8.42993450164795,0.602397084236145,0.370849609375,0.8774024248123169,0.8904175162315369
169000,1,enc,8.73603343963623,0.3388480544090271,0.2449951171875,0.8940290808677673,1.0187034606933594
169000,2,enc,16.662687301635742,0.7567800879478455,0.76611328125,1.4096441268920898,1.3788374662399292
169000,0,fcst,7.360934734344482,0.5999254584312439,0.475830078125,6.240389347076416,7.564411163330078
169000,1,fcst,7.278692722320557,0.4298543334007263,0.162841796875,8.281859397888184,8.942266464233398
169000,2,fcst,5.435083389282227,0.4863334596157074,0.48193359375,9.056239128112793,9.239209175109863
169000,0,enc,8.378870010375977,0.6040531396865845,0.307861328125,0.8813470602035522,0.894034743309021
169000,1,enc,8.95622444152832,0.3297116458415985,0.219970703125,0.88877934217453,0.9448219537734985
169000,2,enc,16.684581756591797,0.7499934434890747,0.69921875,1.2721548080444336,1.298567771911621
169200,0,enc,8.256514549255371,0.6028902530670166,0.3955078125,0.8768758773803711,0.8852393627166748
169200,1,enc,8.60734748840332,0.34082695841789246,0.25244140625,0.8931654095649719,0.983001172542572
169200,2,enc,16.643007278442383,0.7153782248497009,0.8193359375,1.4769679307937622,1.4357353448867798
169200,0,fcst,7.3991312980651855,0.6660613417625427,0.5107421875,6.446052074432373,7.798463344573975
169200,1,fcst,7.294825553894043,0.47521740198135376,0.1873779296875,8.45285415649414,9.255805969238281
169200,2,fcst,5.485072135925293,0.4858704209327698,0.490234375,9.44526481628418,9.85406494140625
169200,0,enc,8.142510414123535,0.6039867401123047,0.33642578125,0.8857728838920593,0.8887254595756531
169200,1,enc,8.772407531738281,0.31920233368873596,0.2294921875,0.8886131644248962,0.8992955088615417
169200,2,enc,16.631179809570312,0.8132877945899963,0.68408203125,1.2541770935058594,1.246046781539917
169400,0,enc,8.118250846862793,0.6054645776748657,0.383544921875,0.9575261473655701,1.0059473514556885
169400,1,enc,8.562110900878906,0.3331591784954071,0.271728515625,1.0090172290802002,1.0706627368927002
169400,2,enc,16.576980590820312,0.7171462178230286,0.767578125,1.5626040697097778,1.5944440364837646
169400,0,fcst,7.1881608963012695,0.6638583540916443,0.49560546875,6.15001916885376,7.50283145904541
169400,1,fcst,7.326230049133301,0.43602147698402405,0.1712646484375,8.680633544921875,9.189802169799805
169400,2,fcst,5.514869689941406,0.4981584846973419,0.4580078125,9.106658935546875,9.406681060791016
169400,0,enc,8.12523078918457,0.605221688747406,0.3720703125,0.9175647497177124,0.9770435094833374
169400,1,enc,8.669699668884277,0.32815760374069214,0.25048828125,0.9805635213851929,1.0156282186508179
169400,2,enc,16.557340621948242,0.7315320372581482,0.7490234375,1.330415964126587,1.309480905532837
169600,0,enc,8.13087272644043,0.6333767771720886,0.41064453125,0.8211185336112976,0.8336183428764343
169600,1,enc,8.810532569885254,0.3240016996860504,0.297607421875,0.8807089924812317,1.0440473556518555
169600,2,enc,16.444244384765625,0.7493239641189575,0.716796875,1.5326099395751953,1.4816794395446777
169600,0,fcst,7.349124431610107,0.6258785128593445,0.50634765625,6.192286968231201,7.145115375518799
169600,1,fcst,7.224781036376953,0.5008181929588318,0.2138671875,7.510597229003906,8.404449462890625
169600,2,fcst,5.569889068603516,0.5034022331237793,0.49365234375,8.444643020629883,9.222095489501953
169600,0,enc,8.228776931762695,0.6301450729370117,0.3330078125,0.8125736117362976,0.7892855405807495
169600,1,enc,8.688156127929688,0.31989142298698425,0.26318359375,0.9091012477874756,0.9306830167770386
169600,2,enc,16.444345474243164,0.9180591702461243,0.69482421875,1.4205024242401123,1.2573620080947876
169800,0,enc,8.232715606689453,0.6414238810539246,0.388916015625,0.9080471992492676,0.8689418435096741
169800,1,enc,8.492701530456543,0.3399866819381714,0.357421875,0.9690313339233398,0.9798226952552795
169800,2,enc,16.389816284179688,0.7476262450218201,0.83447265625,1.4533785581588745,1.4106296300888062
169800,0,fcst,7.278403282165527,0.6137019991874695,0.52490234375,5.915806293487549,8.745798110961914
169800,1,fcst,7.20698881149292,0.5385172963142395,0.2261962890625,9.350549697875977,9.588044166564941
169800,2,fcst,5.717052459716797,0.4944567084312439,0.50146484375,9.724475860595703,9.724475860595703
169800,0,enc,8.327680587768555,0.6426764726638794,0.33935546875,0.8576860427856445,0.838627815246582
169800,1,enc,8.483339309692383,0.33644357323646545,0.3173828125,0.9007490277290344,0.9555585980415344
169800,2,enc,16.37395668029785,0.8072106838226318,0.71826171875,1.2170320749282837,1.2084782123565674
170000,0,enc,8.071785926818848,0.6537620425224304,0.386962890625,0.8158026933670044,0.8687441349029541
170000,1,enc,8.574736595153809,0.33838075399398804,0.366943359375,1.0058190822601318,1.0928280353546143
170000,2,enc,16.51694679260254,0.7663201689720154,0.744140625,1.214294672012329,1.1629875898361206
170000,0,fcst,7.2996015548706055,0.6813632249832153,0.486328125,5.830747127532959,7.468595504760742
170000,1,fcst,7.188778877258301,0.5182864665985107,0.185791015625,8.181854248046875,8.65058422088623
170000,2,fcst,5.724308490753174,0.5152465105056763,0.470947265625,8.640216827392578,8.717510223388672
170000,0,enc,8.06844711303711,0.6555028557777405,0.337158203125,0.8181730508804321,0.8925320506095886
170000,1,enc,8.581855773925781,0.335338830947876,0.33154296875,1.01898992061615,1.11823308467865
170000,2,enc,16.49981689453125,0.815649151802063,0.732421875,1.174811840057373,1.240387201309204
170200,0,enc,8.092333793640137,0.6446127891540527,0.38330078125,0.8542772531509399,0.8608288764953613
170200,1,enc,8.472607612609863,0.36002063751220703,0.423583984375,0.9223163723945618,0.9442031383514404
170200,2,enc,16.446014404296875,0.7085090279579163,0.7607421875,1.4279699325561523,1.1975406408309937
170200,0,fcst,7.278855800628662,0.656951367855072,0.462646484375,5.709637641906738,7.242796897888184
170200,1,fcst,7.011014938354492,0.5120447874069214,0.150390625,7.98884916305542,8.679495811462402
170200,2,fcst,5.888684272766113,0.4601643681526184,0.439697265625,8.749503135681152,9.803872108459473
170200,0,enc,8.033275604248047,0.6455238461494446,0.348876953125,0.8369140028953552,0.9036902189254761
170200,1,enc,8.586189270019531,0.36101898550987244,0.3837890625,0.8970962762832642,0.9393083453178406
170200,2,enc,16.42766761779785,0.7381677031517029,0.7744140625,1.2362769842147827,0.9680559039115906
170400,0,enc,8.287142753601074,0.6824878454208374,0.458251953125,0.9697077870368958,0.9697077870368958
170400,1,enc,8.264715194702148,0.333710640668869,0.45751953125,0.927356481552124,0.979449987411499
170400,2,enc,16.513355255126953,0.7914312481880188,0.77685546875,1.2935924530029297,1.2755022048950195
170400,0,fcst,7.2085089683532715,0.6058017611503601,0.484375,6.5130743980407715,7.427755355834961
170400,1,fcst,6.960318088531494,0.5449963808059692,0.167724609375,8.731718063354492,9.291070938110352
170400,2,fcst,5.86436653137207,0.48727816343307495,0.544921875,9.909072875976562,9.660723686218262
170400,0,enc,8.247418403625488,0.6732445359230042,0.35888671875,0.9188894033432007,0.9184631109237671
170400,1,enc,8.380280494689941,0.32546737790107727,0.40478515625,0.9087985157966614,0.9598239064216614
170400,2,enc,16.49382209777832,0.7366226315498352,0.7216796875,1.2017526626586914,1.1064976453781128
170600,0,enc,8.163612365722656,0.687207818031311,0.39794921875,0.9964531064033508,1.0067613124847412
170600,1,enc,8.224087715148926,0.3541621267795563,0.427001953125,1.0472513437271118,1.1212395429611206
170600,2,enc,16.50165557861328,0.7986841797828674,0.74267578125,1.4045664072036743,1.4235042333602905
170600,0,fcst,7.284301280975342,0.6201165318489075,0.5068359375,6.184316635131836,8.341261863708496
170600,1,fcst,7.000020980834961,0.49096450209617615,0.180908203125,8.365582466125488,8.939300537109375
170600,2,fcst,5.856858730316162,0.48130160570144653,0.64794921875,8.915687561035156,9.626121520996094
170600,0,enc,8.117379188537598,0.6878497004508972,0.36083984375,1.064955472946167,1.101515531539917
170600,1,enc,8.277690887451172,0.3315170109272003,0.3916015625,1.2202016115188599,1.3052846193313599
170600,2,enc,16.48894691467285,0.9230963587760925,0.76513671875,1.2993943691253662,1.3325364589691162
170800,0,enc,7.996109962463379,0.6625789403915405,0.405517578125,0.917839765548706,0.9449325799942017
170800,1,enc,8.220325469970703,0.33904191851615906,0.466552734375,0.9582654237747192,1.0005693435668945
170800,2,enc,16.624847412109375,0.7132806777954102,0.8359375,1.4483072757720947,1.1244595050811768
170800,0,fcst,7.223353385925293,0.6025809645652771,0.50390625,6.222437858581543,8.192312240600586
170800,1,fcst,7.060966491699219,0.49947887659072876,0.1861572265625,9.140085220336914,9.326861381530762
170800,2,fcst,5.829787254333496,0.4685312807559967,0.64453125,9.770044326782227,9.650411605834961
170800,0,enc,8.006498336791992,0.6636528968811035,0.35400390625,0.9300040602684021,0.934928834438324
170800,1,enc,8.317666053771973,0.3411608636379242,0.400634765625,0.9414998888969421,0.9858419299125671
170800,2,enc,16.56131935119629,0.7737851142883301,0.6875,1.1951630115509033,1.1449863910675049
171000,0,enc,7.6155171394348145,0.690563976764679,0.388671875,0.9345358610153198,0.9877043962478638
171000,1,enc,8.18127155303955,0.3281536102294922,0.5126953125,0.9795758128166199,1.0401455163955688
171000,2,enc,16.555036544799805,0.8318331837654114,0.81494140625,1.315049648284912,1.181095838546753
171000,0,fcst,7.261901378631592,0.5862169861793518,0.4697265625,6.130800247192383,8.913947105407715
171000,1,fcst,7.1496758460998535,0.5226093530654907,0.164794921875,8.952958106994629,9.5546293258667
171000,2,fcst,5.756686210632324,0.5211076140403748,0.5419921875,9.636577606201172,10.286534309387207
171000,0,enc,7.653090000152588,0.6939014196395874,0.330078125,0.903648853302002,0.961906909942627
171000,1,enc,8.137667655944824,0.3276689946651459,0.443359375,0.9613361358642578,1.0217697620391846
171000,2,enc,16.58540153503418,0.787825882434845,0.73876953125,1.1135722398757935,1.0220624208450317
171200,0,enc,7.360696315765381,0.7125077843666077,0.45703125,0.8851190209388733,0.8997931480407715
171200,1,enc,8.128480911254883,0.33930450677871704,0.43701171875,0.998157799243927,1.0836070775985718
171200,2,enc,16.653270721435547,0.7510346174240112,0.84619140625,1.325229525566101,1.2313848733901978
171200,0,fcst,7.378135681152344,0.5912771224975586,0.52734375,6.295289516448975,7.859654903411865
171200,1,fcst,7.107861518859863,0.5448742508888245,0.173583984375,8.598163604736328,9.340893745422363
171200,2,fcst,5.791900157928467,0.4570332467556,0.58203125,9.448256492614746,10.011407852172852
171200,0,enc,7.500656604766846,0.7098008990287781,0.39404296875,0.8510068655014038,0.9040598273277283
171200,1,enc,8.150192260742188,0.33639827370643616,0.390869140625,0.9971188306808472,1.0662106275558472
171200,2,enc,16.64885711669922,0.7849970459938049,0.6962890625,1.2967243194580078,1.117777705192566
171400,0,enc,7.150147438049316,0.7211507558822632,0.477783203125,0.9568312168121338,1.0161370038986206
171400,1,enc,8.22038459777832,0.3366878628730774,0.45556640625,1.0484052896499634,1.1840389966964722
171400,2,enc,16.653789520263672,0.7878816723823547,0.7197265625,1.3489038944244385,1.363942265510559
171400,0,fcst,7.2689642906188965,0.6174442172050476,0.50048828125,6.380255222320557,7.571001052856445
171400,1,fcst,6.937045574188232,0.5172879099845886,0.1995849609375,8.717955589294434,9.402634620666504
171400,2,fcst,5.630345821380615,0.4930012822151184,0.59228515625,9.402634620666504,9.402634620666504
171400,0,enc,7.141242027282715,0.7250613570213318,0.38623046875,0.9914019703865051,1.0659258365631104
171400,1,enc,8.214152336120605,0.3342016339302063,0.39697265625,1.086708664894104,1.227211594581604
171400,2,enc,16.68726348876953,0.7910565733909607,0.69873046875,1.2492127418518066,1.240828037261963
171600,0,enc,6.559967517852783,0.7166191935539246,0.427001953125,0.9508517980575562,0.9843024611473083
171600,1,enc,8.016386032104492,0.322073370218277,0.460205078125,0.9590219855308533,1.0452171564102173
171600,2,enc,16.564455032348633,0.7416951656341553,0.77099609375,1.3257594108581543,1.3111251592636108
171600,0,fcst,7.143872261047363,0.6440076231956482,0.49853515625,6.711558818817139,7.9192891120910645
171600,1,fcst,6.830698013305664,0.4799249470233917,0.173583984375,8.419711112976074,9.126091003417969
171600,2,fcst,5.603237152099609,0.572313129901886,0.5751953125,9.186811447143555,9.258625984191895
171600,0,enc,6.66883659362793,0.7183374762535095,0.343505859375,0.9428726434707642,0.9813553094863892
171600,1,enc,8.069718360900879,0.3214114010334015,0.455078125,0.9580086469650269,1.0307015180587769
171600,2,enc,16.52765655517578,0.7431513071060181,0.734375,1.1039838790893555,1.063949465751648
171800,0,enc,6.8209662437438965,0.7188036441802979,0.461669921875,0.8766511678695679,0.9319057464599609
171800,1,enc,7.886736869812012,0.3477891683578491,0.45263671875,0.9569653272628784,1.093091368675232
171800,2,enc,16.604398727416992,0.7959161400794983,0.67041015625,1.338742971420288,1.2665623426437378
171800,0,fcst,7.099621772766113,0.6521938443183899,0.55517578125,6.104111194610596,8.090507507324219
171800,1,fcst,6.781863212585449,0.47135573625564575,0.173095703125,8.641512870788574,8.670755386352539
171800,2,fcst,5.505673885345459,0.5999957919120789,0.603515625,8.641512870788574,9.20901870727539
171800,0,enc,6.7115583419799805,0.7180966138839722,0.377685546875,0.8950168490409851,0.9266771078109741
171800,1,enc,7.978012561798096,0.3496294915676117,0.44189453125,0.9687606692314148,1.0532333850860596
171800,2,enc,16.580354690551758,0.8034341335296631,0.69970703125,1.2059526443481445,1.1261541843414307
172000,0,enc,6.590539455413818,0.7120331525802612,0.398193359375,0.8749819397926331,0.9333814978599548
172000,1,enc,7.877990245819092,0.35148313641548157,0.55322265625,0.913098931312561,0.9796169996261597
172000,2,enc,16.596860885620117,0.7637913823127747,0.79541015625,1.4730210304260254,1.103981852531433
172000,0,fcst,7.145444869995117,0.6082492470741272,0.50537109375,6.098907470703125,7.591100692749023
172000,1,fcst,6.746353626251221,0.44705730676651,0.1485595703125,8.75652027130127,9.27871036529541
172000,2,fcst,5.471917152404785,0.6285681128501892,0.58447265625,9.27871036529541,9.557844161987305
172000,0,enc,6.686969757080078,0.7136792540550232,0.343505859375,0.8694697618484497,0.9354426264762878
172000,1,enc,7.922904014587402,0.3277270793914795,0.51025390625,0.8921485543251038,1.0182349681854248
172000,2,enc,16.597686767578125,0.8342441916465759,0.71923828125,1.2529096603393555,1.0758740901947021
172200,0,enc,6.662396430969238,0.7500801086425781,0.453125,0.9683536291122437,1.0006853342056274
172200,1,enc,7.700591087341309,0.32607337832450867,0.47314453125,0.9868409633636475,1.085039734840393
172200,2,enc,16.535795211791992,0.7508898973464966,0.68505859375,1.3443855047225952,1.3044633865356445
172200,0,fcst,7.070466995239258,0.6968334317207336,0.5791015625,6.119178295135498,7.5813517570495605
172200,1,fcst,6.7647881507873535,0.46924296021461487,0.14111328125,8.36617374420166,8.99497127532959
172200,2,fcst,5.329261302947998,0.6962612867355347,0.59423828125,9.012362480163574,9.65960693359375
172200,0,enc,6.722047328948975,0.7467189431190491,0.359375,0.9241486191749573,0.9627228379249573
172200,1,enc,7.7766828536987305,0.32248231768608093,0.4169921875,0.9780245423316956,1.0632905960083008
172200,2,enc,16.5367488861084,0.7524387240409851,0.67138671875,1.1859657764434814,1.1131465435028076
172400,0,enc,6.5571794509887695,0.746277928352356,0.4423828125,0.9213939905166626,0.9294934868812561
172400,1,enc,7.8648762702941895,0.3397548496723175,0.3955078125,0.9950755834579468,1.0383578538894653
172400,2,enc,16.507953643798828,0.8471969962120056,0.76416015625,1.5736294984817505,1.2194186449050903
172400,0,fcst,6.949839115142822,0.620801568031311,0.5107421875,6.32105016708374,7.874995708465576
172400,1,fcst,6.550252914428711,0.46602341532707214,0.1495361328125,8.459969520568848,8.857105255126953
172400,2,fcst,5.337805271148682,0.6278292536735535,0.55078125,8.83211898803711,9.316330909729004
172400,0,enc,6.524965763092041,0.7464089393615723,0.341552734375,0.9121330976486206,0.8825310468673706
172400,1,enc,7.774446487426758,0.34004566073417664,0.36865234375,0.9412182569503784,0.9956380724906921
172400,2,enc,16.495941162109375,0.8264651298522949,0.73681640625,1.4427375793457031,1.0962684154510498
172600,0,enc,6.641575336456299,0.7587696313858032,0.437255859375,0.9469329714775085,0.9864023923873901
172600,1,enc,7.918295383453369,0.32974109053611755,0.455322265625,0.9668736457824707,1.093438744544983
172600,2,enc,16.55986976623535,0.8415398001670837,0.76953125,1.4179257154464722,1.368283748626709
172600,0,fcst,7.0671610832214355,0.7065485715866089,0.525390625,5.943106174468994,7.602100372314453
172600,1,fcst,6.598006725311279,0.48063012957572937,0.1531982421875,9.523560523986816,9.714397430419922
172600,2,fcst,5.3014302253723145,0.7037124633789062,0.6630859375,9.700395584106445,10.44261360168457
172600,0,enc,6.597411155700684,0.7574316263198853,0.31005859375,0.9625988602638245,0.990232527256012
172600,1,enc,7.790208339691162,0.33141010999679565,0.409912109375,0.9625648260116577,1.0315206050872803
172600,2,enc,16.540653228759766,0.8966251611709595,0.6728515625,1.2713319063186646,1.094261884689331
172800,0,enc,6.625563144683838,0.7530422210693359,0.4501953125,0.9498599767684937,1.0151675939559937
172800,1,enc,7.899533748626709,0.34666237235069275,0.41455078125,1.0150721073150635,1.057295322418213
172800,2,enc,16.601573944091797,0.9978586435317993,0.81982421875,1.3563929796218872,1.27388596534729
172800,0,fcst,7.053177833557129,0.6521669030189514,0.513671875,6.291278839111328,8.452282905578613
172800,1,fcst,6.694828987121582,0.4641018807888031,0.12353515625,8.777698516845703,9.312095642089844
172800,2,fcst,5.310332775115967,0.7268149852752686,0.619140625,9.312095642089844,9.831572532653809
172800,0,enc,6.653660774230957,0.7540769577026367,0.3203125,0.911383867263794,0.942023515701294
172800,1,enc,8.088455200195312,0.34784582257270813,0.369384765625,0.9558076858520508,0.9993205070495605
172800,2,enc,16.575305938720703,1.0254015922546387,0.6982421875,1.462257981300354,1.1782861948013306
173000,0,enc,6.729659557342529,0.7392764687538147,0.426513671875,0.9667190909385681,1.0026280879974365
173000,1,enc,7.996111869812012,0.32258856296539307,0.39697265625,1.0281814336776733,1.0339628458023071
173000,2,enc,16.693035125732422,0.8087770938873291,0.7314453125,1.3898929357528687,1.4115221500396729
173000,0,fcst,7.017530918121338,0.6869428157806396,0.49853515625,6.014066219329834,7.622533798217773
173000,1,fcst,6.828868865966797,0.5164287686347961,0.1326904296875,8.242225646972656,8.956201553344727
173000,2,fcst,5.414747714996338,0.7978973984718323,0.57763671875,8.985933303833008,9.489263534545898
173000,0,enc,6.741189479827881,0.7327176332473755,0.32177734375,0.9785491824150085,0.9971038699150085
173000,1,enc,8.01636791229248,0.3341241478919983,0.37939453125,1.0181689262390137,1.0375323295593262
173000,2,enc,16.65239143371582,0.8546145558357239,0.70849609375,1.256301760673523,1.2319080829620361
173200,0,enc,6.791635513305664,0.736046314239502,0.423095703125,0.9580848217010498,0.9804474115371704
173200,1,enc,8.027212142944336,0.3369191586971283,0.44482421875,0.990554928779602,1.0157017707824707
173200,2,enc,16.568950653076172,0.7950106263160706,0.75732421875,1.2687453031539917,1.1853983402252197
173200,0,fcst,7.0455403327941895,0.686966061592102,0.48193359375,6.395095348358154,8.192583084106445
173200,1,fcst,6.871589660644531,0.4674958288669586,0.1298828125,9.044227600097656,9.967079162597656
173200,2,fcst,5.480822563171387,0.7028791904449463,0.6015625,10.03358268737793,10.538411140441895
173200,0,enc,6.794180870056152,0.7336432337760925,0.311279296875,0.9522563815116882,0.9591190218925476
173200,1,enc,8.009305953979492,0.33656784892082214,0.3955078125,0.9720602631568909,1.010146141052246
173200,2,enc,16.538719177246094,0.8380240201950073,0.69287109375,1.3510322570800781,1.2697334289550781
173400,0,enc,6.867743968963623,0.7230677008628845,0.414794921875,0.9267355799674988,0.9562698006629944
173400,1,enc,8.038252830505371,0.33163151144981384,0.475830078125,1.0090938806533813,1.1023420095443726
173400,2,enc,16.564321517944336,0.7924879789352417,0.72998046875,1.372244119644165,1.372244119644165
173400,0,fcst,7.081017017364502,0.7008423805236816,0.50830078125,6.499670505523682,7.706788063049316
173400,1,fcst,6.7877888679504395,0.4114835560321808,0.122802734375,9.265406608581543,9.265406608581543
173400,2,fcst,5.419012546539307,0.7492684721946716,0.591796875,9.365903854370117,9.943338394165039
173400,0,enc,6.879733085632324,0.7252330780029297,0.287353515625,0.9009231925010681,0.9052742719650269
173400,1,enc,8.023770332336426,0.33537107706069946,0.38818359375,0.9711305499076843,1.024627923965454
173400,2,enc,16.597082138061523,0.7780040502548218,0.69921875,1.2874916791915894,1.1712197065353394
173600,0,enc,6.9073991775512695,0.7175536751747131,0.385498046875,0.938382625579834,0.9443511962890625
173600,1,enc,8.175915718078613,0.4115416407585144,0.457763671875,0.9359679818153381,1.1467030048370361
173600,2,enc,16.637020111083984,0.8467159271240234,0.841796875,1.3984990119934082,1.2255330085754395
173600,0,fcst,7.042542934417725,0.7632540464401245,0.4833984375,6.2054972648620605,8.080437660217285
173600,1,fcst,6.85884428024292,0.4264654219150543,0.1119384765625,8.553054809570312,8.87232494354248
173600,2,fcst,5.406981945037842,0.745792806148529,0.60302734375,10.175668716430664,9.587778091430664
173600,0,enc,6.9446539878845215,0.7177329659461975,0.290771484375,0.9327549338340759,0.9520729780197144
173600,1,enc,8.19258975982666,0.3742096424102783,0.357666015625,0.9478643536567688,1.1022837162017822
173600,2,enc,16.6083984375,0.8358631730079651,0.7333984375,1.3363760709762573,1.2904471158981323
173800,0,enc,6.8987627029418945,0.714946448802948,0.36279296875,0.8882519006729126,0.9396231770515442
173800,1,enc,8.019325256347656,0.3862266540527344,0.398193359375,1.0109999179840088,1.1435818672180176
173800,2,enc,16.760066986083984,0.7552339434623718,0.81396484375,1.4997963905334473,1.2268400192260742
173800,0,fcst,6.971856594085693,0.6070778965950012,0.5048828125,6.280989170074463,7.720515727996826
173800,1,fcst,6.8594889640808105,0.46605733036994934,0.107421875,8.815436363220215,9.57498550415039
173800,2,fcst,5.56176233291626,0.8049811720848083,0.63525390625,9.54263973236084,10.076038360595703
173800,0,enc,6.917646884918213,0.7130447626113892,0.267578125,0.8955462574958801,0.9240284562110901
173800,1,enc,8.042339324951172,0.3860050141811371,0.38916015625,0.9449319839477539,0.9981829524040222
173800,2,enc,16.73927879333496,0.7338381409645081,0.6943359375,1.2733588218688965,1.2590644359588623
174000,0,enc,6.890692710876465,0.7046718597412109,0.3505859375,0.9456918835639954,0.9521344900131226
174000,1,enc,8.151487350463867,0.3735884428024292,0.382568359375,0.9854167103767395,1.0285420417785645
174000,2,enc,16.82126235961914,0.7267023324966431,0.72900390625,1.263558030128479,1.4335018396377563
174000,0,fcst,6.809852123260498,0.6271151900291443,0.471435546875,6.172622203826904,7.761905670166016
174000,1,fcst,6.82307243347168,0.46645107865333557,0.11468505859375,8.274742126464844,9.065215110778809
174000,2,fcst,5.555415630340576,0.7043668031692505,0.54248046875,10.385004043579102,9.480055809020996
174000,0,enc,6.880337238311768,0.7070121169090271,0.2484130859375,0.9445405602455139,0.9543595910072327
174000,1,enc,8.147378921508789,0.3840848207473755,0.3447265625,0.9626594185829163,1.0235121250152588
174000,2,enc,16.814247131347656,0.790414571762085,0.69140625,1.3445671796798706,1.3175725936889648
174200,0,enc,6.937653064727783,0.7168260216712952,0.359130859375,0.8646000027656555,0.9094608426094055
174200,1,enc,8.109611511230469,0.37409186363220215,0.389892578125,0.9158362150192261,1.0143866539001465
174200,2,enc,16.66883087158203,0.7509011030197144,0.73828125,1.561915636062622,1.4046357870101929
174200,0,fcst,6.320779800415039,0.6615254878997803,0.469482421875,6.092004299163818,7.3966383934021
174200,1,fcst,6.85044527053833,0.4203442931175232,0.1182861328125,8.003786087036133,8.701528549194336
174200,2,fcst,5.60374116897583,0.6864432096481323,0.61669921875,8.80787467956543,9.421122550964355
174200,0,enc,6.958688735961914,0.7173228859901428,0.259765625,0.852914035320282,0.904275119304657
174200,1,enc,8.08714485168457,0.38776418566703796,0.3671875,0.8952716588973999,0.951511800289154
174200,2,enc,16.690217971801758,0.7478232979774475,0.744140625,1.3246842622756958,1.2576165199279785
174400,0,enc,6.916060447692871,0.7046340107917786,0.3466796875,1.035532832145691,1.0268522500991821
174400,1,enc,8.015129089355469,0.4184178411960602,0.32958984375,1.0318567752838135,1.1295130252838135
174400,2,enc,16.601097106933594,0.8818232417106628,0.78759765625,1.5073037147521973,1.4382323026657104
174400,0,fcst,6.0994110107421875,0.6127567291259766,0.47216796875,6.431667804718018,7.877840518951416
174400,1,fcst,6.8645830154418945,0.47838103771209717,0.180908203125,8.43037223815918,9.01739501953125
174400,2,fcst,5.677030563354492,0.6149563789367676,0.63134765625,9.01739501953125,9.39310073852539
174400,0,enc,6.948070526123047,0.710945188999176,0.2412109375,0.9961826205253601,1.0066959857940674
174400,1,enc,8.114973068237305,0.3864217698574066,0.315185546875,1.0275903940200806,1.1019922494888306
174400,2,enc,16.590497970581055,0.7389761209487915,0.66650390625,1.500805139541626,1.447368860244751
174600,0,enc,6.9505815505981445,0.7308470010757446,0.342041015625,0.998828649520874,0.9921274781227112
174600,1,enc,8.117210388183594,0.4258904457092285,0.3544921875,1.037292718887329,1.0962388515472412
174600,2,enc,16.570449829101562,0.8396540880203247,0.7255859375,1.5994572639465332,1.533980131149292
174600,0,fcst,6.1323466300964355,0.5993112921714783,0.478271484375,6.289793491363525,7.7611470222473145
174600,1,fcst,6.84236478805542,0.4683201014995575,0.142822265625,8.30151653289795,8.8012113571167
174600,2,fcst,5.493261337280273,0.6401950120925903,0.67529296875,8.787191390991211,9.005290031433105
174600,0,enc,6.947080612182617,0.7288998365402222,0.2509765625,1.0379854440689087,1.0551058053970337
174600,1,enc,8.136675834655762,0.4087677001953125,0.32373046875,1.0759189128875732,1.076208233833313
174600,2,enc,16.580787658691406,0.7757745981216431,0.70947265625,1.4874223470687866,1.1898393630981445
174800,0,enc,7.0193281173706055,0.7510164380073547,0.369873046875,1.016350269317627,1.0658904314041138
174800,1,enc,8.030451774597168,0.42569074034690857,0.322998046875,1.019680380821228,1.0754526853561401
174800,2,enc,16.468685150146484,0.8250958919525146,0.771484375,1.58052396774292,1.6037342548370361
174800,0,fcst,6.297451972961426,0.6382578611373901,0.458251953125,6.369695663452148,7.761178016662598
174800,1,fcst,6.724852085113525,0.49213916063308716,0.1434326171875,8.61269760131836,9.294528007507324
174800,2,fcst,5.466004848480225,0.6088671088218689,0.78466796875,9.409205436706543,9.546892166137695
174800,0,enc,7.008735656738281,0.7474169731140137,0.260009765625,0.9996451139450073,1.0411490201950073
174800,1,enc,7.994808673858643,0.42761126160621643,0.28466796875,1.009785771369934,1.084126591682434
174800,2,enc,16.517555236816406,0.8270778656005859,0.73486328125,1.446851372718811,1.400342583656311
175000,0,enc,7.067853927612305,0.7394399642944336,0.353515625,1.0790952444076538,1.0717922449111938
175000,1,enc,8.10716724395752,0.4207328259944916,0.304931640625,1.0184235572814941,1.1034659147262573
175000,2,enc,16.46210479736328,0.7187519073486328,0.72216796875,1.723283052444458,1.4050135612487793
175000,0,fcst,6.441540241241455,0.5825881361961365,0.45166015625,6.124263763427734,7.884523391723633
175000,1,fcst,6.82859468460083,0.4863278865814209,0.1552734375,9.228005409240723,9.349058151245117
175000,2,fcst,5.75863790512085,0.786320686340332,0.60986328125,9.349058151245117,9.952601432800293
175000,0,enc,7.034617900848389,0.7378447651863098,0.2724609375,1.0518461465835571,1.0656248331069946
175000,1,enc,8.125587463378906,0.4245370626449585,0.2841796875,1.0175737142562866,1.1025956869125366
175000,2,enc,16.567588806152344,0.7446359992027283,0.74755859375,1.5467512607574463,1.1725246906280518
175200,0,enc,7.128506660461426,0.744223952293396,0.327392578125,0.8929247856140137,0.906242311000824
175200,1,enc,7.653493404388428,0.4295766055583954,0.2802734375,1.0091807842254639,1.2425510883331299
175200,2,enc,16.496389389038086,0.7385901212692261,0.74169921875,1.4340102672576904,1.3751791715621948
175200,0,fcst,6.792898654937744,0.6202116012573242,0.495849609375,6.226161956787109,8.17128849029541
175200,1,fcst,6.790775775909424,0.5772603750228882,0.1439208984375,9.34272289276123,10.10444164276123
175200,2,fcst,5.845448017120361,0.6761126518249512,0.5986328125,10.10444164276123,11.987273216247559
175200,0,enc,7.1298041343688965,0.7465159296989441,0.279296875,0.9011480212211609,0.8946163654327393
175200,1,enc,7.73952054977417,0.43281784653663635,0.25341796875,0.9514551162719727,1.1804537773132324
175200,2,enc,16.474103927612305,0.7370303273200989,0.69091796875,1.302164077758789,1.211277723312378
175400,0,enc,7.220341205596924,0.7763755321502686,0.338623046875,0.9742003679275513,0.9744315147399902
175400,1,enc,7.559406757354736,0.4265403747558594,0.2362060546875,1.1715624332427979,1.079221248626709
175400,2,enc,16.340612411499023,0.7181292772293091,0.763671875,1.5120489597320557,1.143325686454773
175400,0,fcst,6.75774621963501,0.5624335408210754,0.481201171875,6.387499809265137,7.720193862915039
175400,1,fcst,6.80139684677124,0.6078841686248779,0.1566162109375,8.682546615600586,8.808686256408691
175400,2,fcst,5.691791534423828,0.673614501953125,0.6005859375,8.989483833312988,9.645316123962402
175400,0,enc,7.253597259521484,0.7749589085578918,0.26025390625,0.9844260215759277,0.9808573722839355
175400,1,enc,7.621052265167236,0.423961341381073,0.2108154296875,0.9741224646568298,1.0566420555114746
175400,2,enc,16.33460235595703,0.737916111946106,0.666015625,1.304922342300415,1.1168307065963745
175600,0,enc,7.110882759094238,0.779626190662384,0.341796875,1.0276803970336914,1.0576554536819458
175600,1,enc,7.35697078704834,0.43840518593788147,0.191162109375,1.2516446113586426,1.1023119688034058
175600,2,enc,16.336851119995117,0.7353796362876892,0.74365234375,1.500449776649475,1.2552635669708252
175600,0,fcst,6.776313304901123,0.6431665420532227,0.44677734375,6.102901935577393,7.077928066253662
175600,1,fcst,6.754064559936523,0.5890101194381714,0.12408447265625,8.061923027038574,8.741719245910645
175600,2,fcst,5.652678489685059,0.6366140246391296,0.68212890625,8.814159393310547,9.417457580566406
175600,0,enc,7.0839314460754395,0.7760918736457825,0.272216796875,0.9926394820213318,0.978181779384613
175600,1,enc,7.1855878829956055,0.4407626688480377,0.172119140625,0.9379892349243164,0.986466109752655
175600,2,enc,16.345548629760742,0.7198546528816223,0.60498046875,1.307512640953064,1.0180085897445679
175800,0,enc,7.029305458068848,0.8084689378738403,0.3662109375,1.0185778141021729,1.0185778141021729
175800,1,enc,7.333400249481201,0.4391409456729889,0.204833984375,1.097645878791809,1.1770864725112915
175800,2,enc,16.46779441833496,0.8033275008201599,0.8095703125,1.4702234268188477,1.3243029117584229
175800,0,fcst,6.624117374420166,0.5953449010848999,0.466064453125,6.593338489532471,9.1826810836792
175800,1,fcst,6.79706335067749,0.6014095544815063,0.15478515625,9.503849983215332,10.275876998901367
175800,2,fcst,5.705835342407227,0.606698215007782,0.59814453125,10.242095947265625,10.913753509521484
175800,0,enc,7.084153652191162,0.808856725692749,0.294677734375,0.9265230894088745,0.9444979429244995
175800,1,enc,7.413912296295166,0.4363674521446228,0.1678466796875,0.9435783624649048,1.0102897882461548
175800,2,enc,16.407554626464844,0.7708922028541565,0.701171875,1.3596293926239014,1.1669247150421143
176000,0,enc,6.961636066436768,0.8207474946975708,0.4091796875,1.1710705757141113,1.153183937072754
176000,1,enc,7.200344085693359,0.45873576402664185,0.1883544921875,1.1686347723007202,1.0982518196105957
176000,2,enc,16.312429428100586,0.7322079539299011,0.72021484375,1.5664944648742676,1.460282325744629
176000,0,fcst,6.506973743438721,0.5928941965103149,0.4384765625,6.746913433074951,8.27231502532959
176000,1,fcst,6.773463249206543,0.5992447733879089,0.11651611328125,8.603337287902832,9.078326225280762
176000,2,fcst,5.708740711212158,0.7399225234985352,0.5283203125,9.078190803527832,9.058045387268066
176000,0,enc,6.981862545013428,0.8160094618797302,0.321044921875,0.8607097864151001,0.8806078433990479
176000,1,enc,7.176507472991943,0.4587549865245819,0.149658203125,0.9286986589431763,1.044529676437378
176000,2,enc,16.364089965820312,0.7645099759101868,0.74267578125,1.2905775308609009,1.1408398151397705
176200,0,enc,6.933296203613281,0.8560187816619873,0.395751953125,1.1061068773269653,1.075826644897461
176200,1,enc,7.101337432861328,0.4895148277282715,0.1710205078125,1.4563475847244263,1.0677547454833984
176200,2,enc,16.353364944458008,0.867224931716919,0.72998046875,1.7140504121780396,1.4149693250656128
176200,0,fcst,6.729212284088135,0.6057844161987305,0.480712890625,6.195542335510254,7.933199405670166
176200,1,fcst,6.779785633087158,0.6473289132118225,0.1514892578125,8.575301170349121,9.376082420349121
176200,2,fcst,5.846054553985596,0.6190140247344971,0.56640625,9.451478958129883,9.985333442687988
176200,0,enc,6.923376560211182,0.8566464185714722,0.31396484375,0.9995896220207214,1.0271317958831787
176200,1,enc,7.175706386566162,0.4891352355480194,0.1239013671875,1.0047383308410645,1.0741353034973145
176200,2,enc,16.37531089782715,0.7601795196533203,0.7626953125,1.3193721771240234,1.2960872650146484
176400,0,enc,6.72545051574707,0.8804385662078857,0.396484375,1.1204109191894531,1.0685393810272217
176400,1,enc,6.941124439239502,0.4393862783908844,0.148193359375,1.4145714044570923,1.4145714044570923
176400,2,enc,16.04218101501465,0.7497854828834534,0.7470703125,1.8162696361541748,1.3297961950302124
176400,0,fcst,6.989677906036377,0.625045895576477,0.46533203125,6.252330303192139,8.175232887268066
176400,1,fcst,6.724233627319336,0.6942358016967773,0.132080078125,8.720819473266602,9.122838020324707
176400,2,fcst,6.02070951461792,0.7157384157180786,0.60498046875,9.118980407714844,9.608856201171875
176400,0,enc,6.742769241333008,0.8776448369026184,0.330078125,0.9982320666313171,1.047548532485962
176400,1,enc,6.816248416900635,0.44714435935020447,0.10968017578125,0.9796714782714844,1.0691112279891968
176400,2,enc,16.06683921813965,0.7658665180206299,0.732421875,1.3725547790527344,1.199608564376831
176600,0,enc,6.6869330406188965,0.9263595938682556,0.44140625,1.1695183515548706,1.1336432695388794
176600,1,enc,6.6542744636535645,0.45477160811424255,0.1351318359375,1.3127083778381348,1.3779538869857788
176600,2,enc,16.213912963867188,0.7481727004051208,0.705078125,1.5507094860076904,1.411470890045166
176600,0,fcst,7.0952019691467285,0.6122345328330994,0.4384765625,6.180441379547119,7.673529148101807
176600,1,fcst,6.660014629364014,0.6603768467903137,0.10650634765625,8.297815322875977,8.918277740478516
176600,2,fcst,5.881743431091309,0.669161856174469,0.64697265625,9.061699867248535,9.61109447479248
176600,0,enc,6.777000904083252,0.9164782166481018,0.38232421875,0.9701486825942993,0.9888254404067993
176600,1,enc,6.856317043304443,0.449256032705307,0.105712890625,1.053419589996338,1.1673591136932373
176600,2,enc,16.164487838745117,0.8048285245895386,0.66650390625,1.3769885301589966,1.27321195602417
176800,0,enc,6.653745174407959,0.9318370819091797,0.449462890625,1.216604232788086,1.213692307472229
176800,1,enc,6.6816086769104,0.4518401622772217,0.144775390625,1.5049997568130493,1.202362060546875
176800,2,enc,16.149425506591797,0.8177558779716492,0.69921875,1.5047540664672852,1.3177872896194458
176800,0,fcst,7.1771240234375,0.6314226984977722,0.416748046875,6.424859523773193,8.348406791687012
176800,1,fcst,6.599157333374023,0.686440646648407,0.127197265625,9.148833274841309,9.67346477508545
176800,2,fcst,5.9116387367248535,0.6591318845748901,0.67626953125,9.718709945678711,10.069729804992676
176800,0,enc,6.642754077911377,0.9342238903045654,0.377685546875,1.1101657152175903,1.1429110765457153
176800,1,enc,6.430465221405029,0.461186945438385,0.10223388671875,1.1921454668045044,1.2028037309646606
176800,2,enc,16.167755126953125,0.8367138504981995,0.666015625,1.380383014678955,1.1984868049621582
177000,0,enc,6.6458964347839355,0.9874963760375977,0.50146484375,1.2865147590637207,1.2928895950317383
177000,1,enc,6.904020309448242,0.47018706798553467,0.1590576171875,1.2810378074645996,1.1513793468475342
177000,2,enc,16.08502960205078,0.6698673963546753,0.7177734375,1.6084480285644531,1.2354789972305298
177000,0,fcst,7.305744171142578,0.5328758358955383,0.407958984375,5.951406002044678,7.171853065490723
177000,1,fcst,6.670961856842041,0.6860741972923279,0.128662109375,8.071322441101074,8.586845397949219
177000,2,fcst,6.023436069488525,0.6748384237289429,0.60205078125,8.580305099487305,9.328383445739746
177000,0,enc,6.633782386779785,0.9826103448867798,0.39501953125,0.9488525390625,0.9647624492645264
177000,1,enc,6.694226264953613,0.47194936871528625,0.11444091796875,1.0360114574432373,1.0480546951293945
177000,2,enc,16.08010482788086,0.812080979347229,0.7255859375,1.2090438604354858,1.103701114654541
177200,0,enc,6.599057197570801,0.9890602231025696,0.470703125,1.2137900590896606,1.1648262739181519
177200,1,enc,6.78228759765625,0.4967450797557831,0.1617431640625,1.42994225025177,1.4630742073059082
177200,2,enc,15.909099578857422,0.7122132778167725,0.69189453125,1.4363431930541992,1.4851034879684448
177200,0,fcst,7.451558589935303,0.571424663066864,0.42041015625,6.485998153686523,8.560568809509277
177200,1,fcst,6.700760841369629,0.6120606064796448,0.10858154296875,9.68538761138916,10.252336502075195
177200,2,fcst,5.925448417663574,0.5805455446243286,0.489990234375,10.252336502075195,10.075199127197266
177200,0,enc,6.6012139320373535,0.9831487536430359,0.416259765625,0.9720414876937866,1.0494575500488281
177200,1,enc,6.593382835388184,0.5091040730476379,0.1263427734375,1.096305251121521,1.194083571434021
177200,2,enc,15.913143157958984,0.8435665965080261,0.67236328125,1.2403197288513184,1.1145954132080078
177400,0,enc,6.638597011566162,0.9996641278266907,0.51904296875,1.0024614334106445,0.9850258827209473
177400,1,enc,6.516880989074707,0.49559980630874634,0.1768798828125,1.1462514400482178,1.1217586994171143
177400,2,enc,15.863859176635742,0.6928452849388123,0.71044921875,1.3634380102157593,1.2030922174453735
177400,0,fcst,7.551329135894775,0.530042290687561,0.4140625,6.086696147918701,8.252227783203125
177400,1,fcst,6.763890743255615,0.7049479484558105,0.10113525390625,9.422844886779785,9.828389167785645
177400,2,fcst,5.869798183441162,0.6260572671890259,0.57666015625,9.90440845489502,9.90440845489502
177400,0,enc,6.667347431182861,1.0011560916900635,0.4306640625,0.8795797824859619,0.9166830778121948
177400,1,enc,6.545151233673096,0.4801051616668701,0.1328125,1.0796988010406494,1.1412527561187744
177400,2,enc,15.867036819458008,0.7690096497535706,0.7470703125,1.2809209823608398,1.169179916381836
177600,0,enc,6.596157550811768,0.9610889554023743,0.45849609375,1.1681360006332397,1.3024133443832397
177600,1,enc,7.290197372436523,0.48349854350090027,0.2060546875,1.416670560836792,1.4662107229232788
177600,2,enc,15.933280944824219,0.7656156420707703,0.7490234375,1.499383568763733,1.4883633852005005
177600,0,fcst,7.556521892547607,0.5301663279533386,0.371826171875,6.181044101715088,8.697665214538574
177600,1,fcst,6.778838157653809,0.5575881600379944,0.1085205078125,9.241990089416504,10.043313980102539
177600,2,fcst,5.993365287780762,0.6450982093811035,0.60986328125,9.874568939208984,10.44640064239502
177600,0,enc,6.575709819793701,0.9570786356925964,0.4248046875,1.1769518852233887,1.2572741508483887
177600,1,enc,7.097123146057129,0.4862738251686096,0.1290283203125,1.2632009983062744,1.2577574253082275
177600,2,enc,15.88976764678955,0.7492803335189819,0.68115234375,1.2877227067947388,1.2415554523468018
177800,0,enc,6.313154697418213,0.9445140957832336,0.439697265625,0.9973388314247131,1.0655626058578491
177800,1,enc,7.50919246673584,0.47135645151138306,0.1845703125,1.4954333305358887,1.5156596899032593
177800,2,enc,16.172094345092773,0.728195309638977,0.72998046875,1.5156596899032593,1.5567227602005005
177800,0,fcst,7.6213765144348145,0.5825579762458801,0.3642578125,6.231492519378662,7.824551105499268
177800,1,fcst,6.914604663848877,0.5853881239891052,0.106689453125,8.809706687927246,9.327013969421387
177800,2,fcst,6.152790546417236,0.64972323179245,0.7431640625,9.276820182800293,9.937085151672363
177800,0,enc,6.343246936798096,0.9594613909721375,0.404052734375,0.9854696393013,1.0335652828216553
177800,1,enc,7.503197193145752,0.4859011769294739,0.1431884765625,1.4232522249221802,1.4380582571029663
177800,2,enc,16.12902069091797,0.7261069416999817,0.69677734375,1.462120771408081,1.508080244064331
178000,0,enc,6.342845916748047,0.9844574928283691,0.483642578125,0.9445359110832214,0.977828860282898
178000,1,enc,7.799225807189941,0.472530722618103,0.1812744140625,1.506162405014038,1.4432283639907837
178000,2,enc,16.069223403930664,0.7777953743934631,0.72998046875,1.5148817300796509,1.620676040649414
178000,0,fcst,7.683694839477539,0.5887009501457214,0.387939453125,6.077943325042725,8.933846473693848
178000,1,fcst,7.061947345733643,0.5601948499679565,0.09796142578125,9.595901489257812,9.824308395385742
178000,2,fcst,6.130238056182861,0.6129204630851746,0.90380859375,9.835348129272461,10.146492004394531
178000,0,enc,6.373289108276367,0.9794909358024597,0.435302734375,0.9007701873779297,0.9739435315132141
178000,1,enc,7.882604122161865,0.4765491485595703,0.1312255859375,1.1249594688415527,1.1735129356384277
178000,2,enc,16.073471069335938,0.7757552862167358,0.66845703125,1.2815918922424316,1.2376095056533813
178200,0,enc,6.227484703063965,0.9930344820022583,0.4453125,0.9675746560096741,1.0112943649291992
178200,1,enc,7.372617244720459,0.47092166543006897,0.1739501953125,1.270695447921753,1.211491346359253
178200,2,enc,15.888394355773926,0.7259934544563293,0.68359375,1.3673287630081177,1.279840111732483
178200,0,fcst,7.780735492706299,0.5595942735671997,0.38720703125,6.315428733825684,8.616498947143555
178200,1,fcst,7.053900241851807,0.5670665502548218,0.1011962890625,9.0538330078125,9.242363929748535
178200,2,fcst,6.193199634552002,0.6590368747711182,0.77001953125,9.153267860412598,9.606245040893555
178200,0,enc,6.276589393615723,0.9945006370544434,0.43994140625,0.9085296392440796,0.9520626664161682
178200,1,enc,7.42313814163208,0.47658005356788635,0.156494140625,1.152119517326355,1.1595810651779175
178200,2,enc,15.899208068847656,0.7271720767021179,0.64208984375,1.1633530855178833,1.1544266939163208
178400,0,enc,6.2034382820129395,0.9977943301200867,0.49365234375,0.8967462778091431,0.9490691423416138
178400,1,enc,6.977009296417236,0.4771427512168884,0.15771484375,1.380779504776001,1.3563145399093628
178400,2,enc,15.949614524841309,0.8150433897972107,0.7666015625,1.4191133975982666,1.3481091260910034
178400,0,fcst,7.698087215423584,0.5346630215644836,0.35498046875,6.522433280944824,7.868371963500977
178400,1,fcst,7.064805507659912,0.49053895473480225,0.09747314453125,8.36791706085205,8.862979888916016
178400,2,fcst,6.165471076965332,0.6465506553649902,0.83154296875,9.644147872924805,9.706421852111816
178400,0,enc,6.22194242477417,0.9984976649284363,0.443603515625,0.8897030353546143,0.9108381867408752
178400,1,enc,6.987178802490234,0.44999784231185913,0.1351318359375,1.1873873472213745,1.2101229429244995
178400,2,enc,15.963288307189941,0.8785937428474426,0.7255859375,1.2767133712768555,1.1669721603393555
178600,0,enc,6.045454978942871,0.9775382280349731,0.468505859375,0.9163137674331665,0.981216311454773
178600,1,enc,6.8170671463012695,0.4192892014980316,0.1505126953125,1.543279767036438,1.4839061498641968
178600,2,enc,15.85701847076416,0.6914243102073669,0.7578125,1.5923454761505127,1.5309994220733643
178600,0,fcst,7.732117652893066,0.6281757950782776,0.33984375,5.948770999908447,8.0209321975708
178600,1,fcst,7.070235729217529,0.49048900604248047,0.0931396484375,8.244743347167969,8.316704750061035
178600,2,fcst,6.248323917388916,0.6974400877952576,0.765625,10.232087135314941,10.361617088317871
178600,0,enc,6.024716377258301,0.9716936349868774,0.410400390625,0.9081107974052429,0.9442414045333862
178600,1,enc,6.786529064178467,0.4473969042301178,0.12109375,1.1847236156463623,1.1972261667251587
178600,2,enc,15.835661888122559,0.7800531387329102,0.63916015625,1.2298346757888794,1.1748499870300293
178800,0,enc,5.818668842315674,0.9462042450904846,0.46728515625,0.9110813140869141,0.9841878414154053
178800,1,enc,6.675972938537598,0.44441038370132446,0.143310546875,1.5908784866333008,1.6164454221725464
178800,2,enc,15.81747817993164,0.7176855206489563,0.71142578125,1.515475869178772,1.5086475610733032
178800,0,fcst,7.73333740234375,0.539759635925293,0.369140625,6.51917028427124,7.007833480834961
178800,1,fcst,7.114049434661865,0.43567031621932983,0.10247802734375,8.264524459838867,8.668712615966797
178800,2,fcst,6.350604057312012,0.6385716199874878,0.69970703125,10.08647632598877,10.338619232177734
178800,0,enc,5.865981578826904,0.9495917558670044,0.4375,0.8883538842201233,0.9748407006263733
178800,1,enc,6.688762664794922,0.4425590932369232,0.124267578125,1.4771150350570679,1.4141267538070679
178800,2,enc,15.814451217651367,0.7245314717292786,0.6083984375,1.3910094499588013,1.3484679460525513
179000,0,enc,5.7218708992004395,0.9758875966072083,0.474853515625,0.9829855561256409,1.0856602191925049
179000,1,enc,6.599141597747803,0.4138420522212982,0.1434326171875,1.0532227754592896,1.0249347686767578
179000,2,enc,15.760401725769043,0.803784966468811,0.771484375,1.5229742527008057,1.3556954860687256
179000,0,fcst,7.631002426147461,0.49359166622161865,0.383544921875,6.194918632507324,7.52628231048584
179000,1,fcst,7.158515930175781,0.49288737773895264,0.09765625,8.556772232055664,8.93405532836914
179000,2,fcst,6.533228874206543,0.6023107171058655,0.6484375,8.838936805725098,9.639585494995117
179000,0,enc,5.720397472381592,0.9744272828102112,0.40576171875,0.9902067184448242,1.0765714645385742
179000,1,enc,6.723491191864014,0.4256945848464966,0.13427734375,1.0558667182922363,1.0507893562316895
179000,2,enc,15.712323188781738,0.8636008501052856,0.662109375,1.2924180030822754,1.2313828468322754
179200,0,enc,5.6128129959106445,0.9389186501502991,0.46630859375,1.0073349475860596,0.9779021143913269
179200,1,enc,6.5381550788879395,0.4484083950519562,0.12408447265625,1.69414484500885,1.6512845754623413
179200,2,enc,15.782146453857422,0.7893757224082947,0.6640625,1.760383129119873,1.7914772033691406
179200,0,fcst,7.64711332321167,0.6915341019630432,0.341796875,6.189365386962891,8.254559516906738
179200,1,fcst,7.0428009033203125,0.43860313296318054,0.10699462890625,8.604068756103516,9.007936477661133
179200,2,fcst,6.715687274932861,0.5901681780815125,0.73193359375,9.234820365905762,9.616586685180664
179200,0,enc,5.635327339172363,0.9387616515159607,0.429443359375,1.0305033922195435,0.9984294176101685
179200,1,enc,6.51235294342041,0.4493735432624817,0.10711669921875,1.0019476413726807,1.1135107278823853
179200,2,enc,15.758994102478027,0.7400760650634766,0.658203125,1.2366746664047241,1.1616624593734741
179400,0,enc,5.720330715179443,0.8876246809959412,0.463134765625,1.0079489946365356,1.0457907915115356
179400,1,enc,6.451742172241211,0.4461222290992737,0.12255859375,1.4441397190093994,1.4310256242752075
179400,2,enc,15.762475967407227,0.7416719198226929,0.81005859375,1.3671865463256836,1.4153364896774292
179400,0,fcst,7.607469081878662,0.5430547595024109,0.324951171875,6.081432819366455,7.083665370941162
179400,1,fcst,7.09743595123291,0.4376952648162842,0.11260986328125,7.85173225402832,8.50880241394043
179400,2,fcst,6.660008430480957,0.6553875207901001,0.68701171875,8.85326099395752,9.197770118713379
179400,0,enc,5.729299545288086,0.8912127017974854,0.393310546875,0.9718558192253113,0.9750353693962097
179400,1,enc,6.507704734802246,0.465881884098053,0.103759765625,1.1777358055114746,1.1810832023620605
179400,2,enc,15.754240989685059,0.7717602252960205,0.65966796875,1.244314193725586,1.2344337701797485
179600,0,enc,5.878358364105225,0.8957071304321289,0.447998046875,0.9316960573196411,0.9766543507575989
179600,1,enc,6.594645977020264,0.4348430633544922,0.1494140625,1.5702412128448486,1.5679651498794556
179600,2,enc,15.793892860412598,0.767585039138794,0.77978515625,1.6900086402893066,1.7435500621795654
179600,0,fcst,7.638971328735352,0.5995999574661255,0.357666015625,6.464654922485352,7.751659393310547
179600,1,fcst,7.086849689483643,0.480686217546463,0.11309814453125,8.331123352050781,8.615702629089355
179600,2,fcst,6.968632698059082,0.6402115225791931,0.6767578125,8.750167846679688,9.150824546813965
179600,0,enc,5.927371501922607,0.8873298168182373,0.376708984375,0.9159775376319885,0.9622063636779785
179600,1,enc,6.546563148498535,0.452872097492218,0.09722900390625,1.2491648197174072,1.2361414432525635
179600,2,enc,15.746786117553711,0.8183872103691101,0.73974609375,1.2896537780761719,1.3265800476074219
179800,0,enc,6.04253625869751,0.8977423310279846,0.435791015625,1.0060007572174072,1.0558526515960693
179800,1,enc,6.540337085723877,0.4722115099430084,0.143310546875,1.2214521169662476,1.1961055994033813
179800,2,enc,15.806771278381348,0.7670459747314453,0.6484375,1.429004430770874,1.3880770206451416
179800,0,fcst,7.6253156661987305,0.47077882289886475,0.32861328125,5.9714555740356445,7.5234270095825195
179800,1,fcst,7.165999412536621,0.4123017191886902,0.0936279296875,9.159078598022461,9.485305786132812
179800,2,fcst,7.1901092529296875,0.6033308506011963,0.63525390625,9.494696617126465,9.75172233581543
179800,0,enc,6.076883792877197,0.893534243106842,0.378173828125,0.9582093954086304,0.9592069387435913
179800,1,enc,6.545897006988525,0.4977048933506012,0.10479736328125,0.9747394323348999,1.0243414640426636
179800,2,enc,15.789146423339844,0.7466950416564941,0.64404296875,1.3028182983398438,1.2368392944335938
180000,0,enc,6.150535583496094,0.8792409300804138,0.447998046875,0.9801011085510254,1.0366942882537842
180000,1,enc,6.5218634605407715,0.5528106689453125,0.1558837890625,1.561691403388977,1.561691403388977
180000,2,enc,15.764832496643066,0.7111366987228394,0.68115234375,1.730653166770935,1.74754798412323
180000,0,fcst,7.592742443084717,0.585347056388855,0.3544921875,6.664158821105957,8.113811492919922
180000,1,fcst,7.11258602142334,0.45627546310424805,0.11029052734375,9.737157821655273,10.055896759033203
180000,2,fcst,7.438636302947998,0.5791164040565491,0.68359375,9.975963592529297,10.170326232910156
180000,0,enc,6.122220039367676,0.8817806839942932,0.3837890625,1.0092209577560425,1.0518540143966675
180000,1,enc,6.505573749542236,0.5402163863182068,0.1182861328125,1.2745451927185059,1.2632689476013184
180000,2,enc,15.720705032348633,0.724561333656311,0.626953125,1.3340201377868652,1.2906025648117065
180200,0,enc,6.341174125671387,0.8772487640380859,0.4345703125,0.9653597474098206,0.9625940918922424
180200,1,enc,6.593949317932129,0.4755058288574219,0.137451171875,1.6247531175613403,1.6045547723770142
180200,2,enc,15.848786354064941,0.6706596612930298,0.7197265625,1.6045547723770142,1.6399213075637817
180200,0,fcst,7.516584873199463,0.5610607266426086,0.34228515625,6.182048320770264,8.109590530395508
180200,1,fcst,7.145700454711914,0.45546507835388184,0.11651611328125,8.693016052246094,9.318016052246094
180200,2,fcst,7.422811031341553,0.6234375834465027,0.63623046875,9.326286315917969,9.584834098815918
180200,0,enc,6.340269565582275,0.880260705947876,0.364990234375,0.9663540124893188,0.9615551233291626
180200,1,enc,6.577841758728027,0.4619598984718323,0.10638427734375,1.3626316785812378,1.3768147230148315
180200,2,enc,15.83271598815918,0.6792945265769958,0.7021484375,1.5010929107666016,1.496713638305664
180400,0,enc,6.531189441680908,0.9050318598747253,0.465087890625,1.0348860025405884,1.0854419469833374
180400,1,enc,6.572234630584717,0.509529173374176,0.1416015625,1.5184545516967773,1.5148221254348755
180400,2,enc,15.702900886535645,0.6995906233787537,0.72265625,1.55970299243927,1.5788103342056274
180400,0,fcst,7.517259120941162,0.6799813508987427,0.3876953125,6.0733208656311035,8.319422721862793
180400,1,fcst,7.047473430633545,0.4195737838745117,0.11907958984375,9.443794250488281,9.94699478149414
180400,2,fcst,7.693500518798828,0.5979382395744324,0.6640625,10.116665840148926,11.82890510559082
180400,0,enc,6.524467468261719,0.9077258110046387,0.396484375,1.0210437774658203,1.0735950469970703
180400,1,enc,6.54500150680542,0.5008754730224609,0.1182861328125,1.2774603366851807,1.2779796123504639
180400,2,enc,15.70555305480957,0.7052794098854065,0.7255859375,1.3266044855117798,1.2909400463104248
180600,0,enc,6.678077220916748,0.9100679159164429,0.444091796875,0.9744353890419006,0.9221566915512085
180600,1,enc,6.4855523109436035,0.5202042460441589,0.13671875,1.5409018993377686,1.4862415790557861
180600,2,enc,15.812758445739746,0.6365633606910706,0.66162109375,1.4529433250427246,1.4659736156463623
180600,0,fcst,7.3657450675964355,0.5825966596603394,0.3271484375,6.366398811340332,7.878378391265869
180600,1,fcst,7.116069793701172,0.4200941026210785,0.1259765625,8.149317741394043,8.831283569335938
180600,2,fcst,7.715940952301025,0.678480327129364,0.60595703125,9.079991340637207,9.369976043701172
180600,0,enc,6.692000865936279,0.9134819507598877,0.413818359375,0.9912554025650024,1.040754795074463
180600,1,enc,6.503470420837402,0.5166254639625549,0.11993408203125,1.231554388999939,1.220293402671814
180600,2,enc,15.791666984558105,0.6845478415489197,0.67041015625,1.1472516059875488,1.1787457466125488
180800,0,enc,6.850796222686768,0.9091445803642273,0.441650390625,1.082111120223999,1.1392128467559814
180800,1,enc,6.5137810707092285,0.5077922940254211,0.1527099609375,1.505658745765686,1.5540121793746948
180800,2,enc,15.821319580078125,0.7112241983413696,0.61865234375,1.595955491065979,1.6840848922729492
180800,0,fcst,7.473832607269287,0.6166989803314209,0.342041015625,6.136281967163086,7.372091770172119
180800,1,fcst,7.265416622161865,0.4932601749897003,0.116455078125,7.9161696434021,8.360335350036621
180800,2,fcst,7.930428981781006,0.7072187066078186,0.6630859375,9.600849151611328,9.992559432983398
180800,0,enc,6.84519624710083,0.910611093044281,0.399658203125,1.0963858366012573,1.1392325162887573
180800,1,enc,6.5316162109375,0.507798433303833,0.12493896484375,1.440299391746521,1.4659188985824585
180800,2,enc,15.821456909179688,0.718550443649292,0.60498046875,1.5511549711227417,1.5912245512008667
181000,0,enc,6.958668231964111,0.9256813526153564,0.457763671875,0.9477590322494507,1.002249836921692
181000,1,enc,6.490996837615967,0.5057988166809082,0.1400146484375,1.725454568862915,1.7309774160385132
181000,2,enc,15.799262046813965,0.6900780200958252,0.630859375,1.692404866218567,1.6822171211242676
181000,0,fcst,7.564295291900635,0.665530264377594,0.3349609375,5.794034004211426,7.665136337280273
181000,1,fcst,7.449717044830322,0.4357414245605469,0.1146240234375,8.719361305236816,8.970418930053711
181000,2,fcst,7.974106788635254,0.6597517132759094,0.64892578125,9.424847602844238,9.452987670898438
181000,0,enc,6.932827472686768,0.9237870573997498,0.406494140625,0.9067018032073975,0.9925227165222168
181000,1,enc,6.485555648803711,0.49806392192840576,0.10552978515625,1.6108465194702148,1.6137323379516602
181000,2,enc,15.817890167236328,0.7139303088188171,0.61083984375,1.5390033721923828,1.5785846710205078
181200,0,enc,7.074905872344971,0.9230452179908752,0.457763671875,1.0353423357009888,1.0474052429199219
181200,1,enc,6.442142963409424,0.47022920846939087,0.123046875,1.6164910793304443,1.6482293605804443
181200,2,enc,15.70878791809082,0.6991078853607178,0.65576171875,1.7206743955612183,1.7628225088119507
181200,0,fcst,7.499703884124756,0.6165105104446411,0.326904296875,5.891470909118652,8.12398910522461
181200,1,fcst,7.518730163574219,0.42057743668556213,0.11602783203125,8.690110206604004,9.25462532043457
181200,2,fcst,7.99357795715332,0.6149408221244812,0.578125,9.519143104553223,10.330232620239258
181200,0,enc,7.06757116317749,0.9149565100669861,0.410888671875,1.0085030794143677,1.0272256135940552
181200,1,enc,6.420607566833496,0.4635790288448334,0.11688232421875,1.3162168264389038,1.3446592092514038
181200,2,enc,15.7197847366333,0.6669553518295288,0.61328125,1.3127219676971436,1.322533369064331
181400,0,enc,6.9547119140625,0.966415524482727,0.4658203125,0.9943988919258118,0.9428195953369141
181400,1,enc,6.333535671234131,0.5029456615447998,0.127197265625,1.5949993133544922,1.6510918140411377
181400,2,enc,15.720794677734375,0.6894277334213257,0.623046875,1.7004733085632324,1.7697820663452148
181400,0,fcst,7.499194145202637,0.6160256862640381,0.31201171875,6.195508003234863,7.829039573669434
181400,1,fcst,7.5290632247924805,0.4406745731830597,0.09881591796875,9.005376815795898,9.127379417419434
181400,2,fcst,8.184720039367676,0.597000002861023,0.56591796875,10.676791191101074,11.493306159973145
181400,0,enc,7.009159564971924,0.9618543386459351,0.3916015625,0.9953235387802124,0.9482707381248474
181400,1,enc,6.315941333770752,0.49608176946640015,0.09820556640625,1.5532236099243164,1.6076364517211914
181400,2,enc,15.716291427612305,0.7108024954795837,0.6005859375,1.6238088607788086,1.6877737045288086
181600,0,enc,7.076070785522461,0.9279986619949341,0.451904296875,1.1008719205856323,1.1241669654846191
181600,1,enc,6.269191741943359,0.4892593324184418,0.1241455078125,1.7238694429397583,1.7683912515640259
181600,2,enc,15.756638526916504,0.6935156583786011,0.7021484375,1.913653016090393,1.9420852661132812
181600,0,fcst,7.414073467254639,0.5725303292274475,0.292236328125,5.954225540161133,7.021897792816162
181600,1,fcst,7.517314910888672,0.4441733658313751,0.10308837890625,7.993505954742432,8.735601425170898
181600,2,fcst,8.261519432067871,0.6225975751876831,0.53955078125,11.437703132629395,11.523353576660156
181600,0,enc,7.054832935333252,0.9293456673622131,0.37890625,1.104422688484192,1.136466145515442
181600,1,enc,6.282510280609131,0.45298048853874207,0.1036376953125,1.4046595096588135,1.43528151512146
181600,2,enc,15.732926368713379,0.8033323287963867,0.6044921875,1.398701786994934,1.4098559617996216
181800,0,enc,7.164082050323486,0.9277932643890381,0.4775390625,1.0337743759155273,1.0452895164489746
181800,1,enc,6.316385746002197,0.4575003981590271,0.1268310546875,1.3041154146194458,1.3302044868469238
181800,2,enc,15.645358085632324,0.746889054775238,0.646484375,1.4170571565628052,1.4188107252120972
181800,0,fcst,7.545201301574707,0.5361206531524658,0.32421875,6.349975109100342,7.377267837524414
181800,1,fcst,7.574855327606201,0.4599177837371826,0.1290283203125,7.894343376159668,8.295783996582031
181800,2,fcst,8.25149154663086,0.6097877025604248,0.537109375,8.620307922363281,9.182916641235352
181800,0,enc,7.217951774597168,0.9383653402328491,0.386962890625,1.0431140661239624,1.033974051475525
181800,1,enc,6.306853771209717,0.43984219431877136,0.09967041015625,1.1119757890701294,1.0560370683670044
181800,2,enc,15.617660522460938,0.6789987087249756,0.646484375,1.0986706018447876,1.0958915948867798
182000,0,enc,7.196276664733887,0.9529503583908081,0.49658203125,0.9145082235336304,1.0282033681869507
182000,1,enc,6.271029472351074,0.4689660370349884,0.11993408203125,1.6318697929382324,1.6230790615081787
182000,2,enc,15.744622230529785,0.6997743248939514,0.689453125,1.617861032485962,1.6627464294433594
182000,0,fcst,7.620004653930664,0.5391010642051697,0.319580078125,6.217686176300049,7.261771202087402
182000,1,fcst,7.382246494293213,0.4963267743587494,0.1220703125,7.9505133628845215,8.679679870605469
182000,2,fcst,8.108942031860352,0.5808915495872498,0.64111328125,8.683557510375977,9.374541282653809
182000,0,enc,7.226430416107178,0.9524007439613342,0.45068359375,0.9087052941322327,0.9356195330619812
182000,1,enc,6.261041164398193,0.47866711020469666,0.10626220703125,1.2812060117721558,1.2649459838867188
182000,2,enc,15.726813316345215,0.7150377035140991,0.6328125,1.2453601360321045,1.2936351299285889
182200,0,enc,7.198413372039795,0.9570162296295166,0.47900390625,0.9699438810348511,0.970965564250946
182200,1,enc,6.285243988037109,0.5254107117652893,0.17822265625,1.3690298795700073,1.3690298795700073
182200,2,enc,15.815123558044434,0.6402187943458557,0.6337890625,1.3612897396087646,1.3085960149765015
182200,0,fcst,7.582376956939697,0.5306109189987183,0.33740234375,6.400961399078369,7.512899875640869
182200,1,fcst,7.482474327087402,0.4961673617362976,0.11492919921875,8.447951316833496,9.28128433227539
182200,2,fcst,8.289970397949219,0.5954803824424744,0.71044921875,9.820186614990234,10.113171577453613
182200,0,enc,7.2111334800720215,0.9596328139305115,0.426025390625,1.0041892528533936,0.982414960861206
182200,1,enc,6.283771991729736,0.46232762932777405,0.10693359375,0.9712383151054382,1.114655613899231
182200,2,enc,15.831587791442871,0.691473662853241,0.61962890625,1.1360461711883545,1.2035510540008545
182400,0,enc,7.29895544052124,1.0028457641601562,0.49951171875,1.1436917781829834,1.1678459644317627
182400,1,enc,6.197432518005371,0.5063756108283997,0.1466064453125,1.8767914772033691,1.9264334440231323
182400,2,enc,15.899917602539062,0.6371588706970215,0.64111328125,1.9382392168045044,1.9382392168045044
182400,0,fcst,7.5820231437683105,0.6540597677230835,0.34814453125,6.01235294342041,7.705179214477539
182400,1,fcst,7.58317232131958,0.5095338225364685,0.1331787109375,8.247942924499512,8.464723587036133
182400,2,fcst,8.496419906616211,0.6038012504577637,0.67529296875,9.180610656738281,9.466139793395996
182400,0,enc,7.291102409362793,1.0004068613052368,0.440185546875,1.0373107194900513,1.0777770280838013
182400,1,enc,6.206859111785889,0.5145358443260193,0.1077880859375,1.5832570791244507,1.576539397239685
182400,2,enc,15.883650779724121,0.7000967264175415,0.6904296875,1.5522903203964233,1.560156226158142
182600,0,enc,7.364312648773193,1.0047162771224976,0.5595703125,0.9624667167663574,0.9514055848121643
182600,1,enc,6.0694684982299805,0.49427610635757446,0.134521484375,1.7068208456039429,1.7568696737289429
182600,2,enc,16.107812881469727,0.7115216255187988,0.71728515625,1.6834986209869385,1.6998424530029297
182600,0,fcst,7.527680397033691,0.6012037396430969,0.335693359375,6.323307037353516,7.318850517272949
182600,1,fcst,7.471550464630127,0.5731034874916077,0.1400146484375,7.4804792404174805,8.046043395996094
182600,2,fcst,8.468208312988281,0.6342253088951111,0.6943359375,10.160877227783203,9.965564727783203
182600,0,enc,7.361794471740723,1.0089246034622192,0.50390625,0.9549558758735657,0.9517171382904053
182600,1,enc,6.086289882659912,0.48720037937164307,0.119873046875,1.6395034790039062,1.7290420532226562
182600,2,enc,16.099323272705078,0.6908327341079712,0.64404296875,1.7948391437530518,1.8197109699249268
182800,0,enc,7.326034069061279,1.021777868270874,0.59912109375,1.0561789274215698,1.1249113082885742
182800,1,enc,5.886552333831787,0.507899284362793,0.1263427734375,1.1916043758392334,1.250881552696228
182800,2,enc,16.131853103637695,0.6427998542785645,0.65966796875,1.291490077972412,1.3450121879577637
182800,0,fcst,7.49595308303833,0.48924410343170166,0.29833984375,6.126511573791504,7.229321479797363
182800,1,fcst,7.315587043762207,0.5457754135131836,0.11529541015625,8.142386436462402,8.950763702392578
182800,2,fcst,8.533066749572754,0.6448253393173218,0.6689453125,8.950763702392578,9.695663452148438
182800,0,enc,7.292990684509277,1.0241491794586182,0.51611328125,1.0541856288909912,1.1141831874847412
182800,1,enc,5.849107265472412,0.5314365029335022,0.1044921875,1.0898607969284058,1.0910252332687378
182800,2,enc,16.125246047973633,0.6383986473083496,0.6376953125,1.1299080848693848,1.1622753143310547
183000,0,enc,7.148906707763672,1.0321288108825684,0.576171875,0.9327123761177063,0.9878470301628113
183000,1,enc,5.839233875274658,0.550704300403595,0.1258544921875,1.2062069177627563,1.2032759189605713
183000,2,enc,16.45587921142578,0.6450731158256531,0.72705078125,1.2624893188476562,1.2567682266235352
183000,0,fcst,7.4817352294921875,0.5361949801445007,0.441162109375,6.764708995819092,7.738016128540039
183000,1,fcst,7.276805877685547,0.5729647874832153,0.126220703125,8.386427879333496,9.197608947753906
183000,2,fcst,8.575236320495605,0.7056137323379517,0.669921875,9.181888580322266,9.591231346130371
183000,0,enc,7.191488265991211,1.0361512899398804,0.4755859375,0.939069926738739,1.0124342441558838
183000,1,enc,5.847003936767578,0.5586702227592468,0.10711669921875,0.9663451910018921,1.071111798286438
183000,2,enc,16.482824325561523,0.6817097663879395,0.66015625,1.0931848287582397,1.1426538228988647
183200,0,enc,7.339149475097656,1.086002230644226,0.59423828125,0.9163942933082581,0.9423850774765015
183200,1,enc,5.778512001037598,0.4667128026485443,0.1376953125,1.7025784254074097,1.7622010707855225
183200,2,enc,16.358858108520508,0.638809859752655,0.6220703125,1.7906603813171387,1.8940132856369019
183200,0,fcst,7.5662841796875,0.6377472281455994,0.304443359375,5.740488052368164,7.614963054656982
183200,1,fcst,7.358964920043945,0.5940396785736084,0.13818359375,8.563014030456543,9.299233436584473
183200,2,fcst,8.379932403564453,0.6044831275939941,0.607421875,9.333124160766602,9.909838676452637
183200,0,enc,7.310177326202393,1.0738494396209717,0.4765625,0.917718231678009,0.9783926606178284
183200,1,enc,5.784948825836182,0.4710066318511963,0.10308837890625,1.3102866411209106,1.3401633501052856
183200,2,enc,16.345056533813477,0.6747972369194031,0.6396484375,1.3396342992782593,1.4048808813095093
183400,0,enc,7.387026786804199,1.050399661064148,0.5869140625,0.876011848449707,0.9138661623001099
183400,1,enc,5.718351364135742,0.4648055136203766,0.118408203125,1.337250828742981,1.337250828742981
183400,2,enc,16.513219833374023,0.7221470475196838,0.6845703125,1.4037972688674927,1.3333007097244263
183400,0,fcst,7.623331546783447,0.5747857689857483,0.333740234375,5.754518032073975,7.149153709411621
183400,1,fcst,7.2217206954956055,0.5177152752876282,0.1717529296875,7.467178821563721,7.763983249664307
183400,2,fcst,8.418563842773438,0.6532762050628662,0.71728515625,9.089330673217773,9.381756782531738
183400,0,enc,7.397359848022461,1.0510886907577515,0.5341796875,0.8709017634391785,0.844458281993866
183400,1,enc,5.752640247344971,0.47389405965805054,0.09716796875,1.0033296346664429,1.0881685018539429
183400,2,enc,16.466121673583984,0.7343930006027222,0.6591796875,1.1804202795028687,1.1937607526779175
183600,0,enc,7.261307716369629,1.0702437162399292,0.6689453125,0.8593266010284424,0.9424209594726562
183600,1,enc,5.810637474060059,0.5275967717170715,0.1541748046875,1.3056830167770386,1.3833333253860474
183600,2,enc,16.43102264404297,0.627084493637085,0.671875,1.38675057888031,1.3902961015701294
183600,0,fcst,7.722419261932373,0.5329275727272034,0.293701171875,5.8434672355651855,7.247773170471191
183600,1,fcst,7.116482257843018,0.556799054145813,0.1258544921875,7.60020637512207,8.091986656188965
183600,2,fcst,8.330061912536621,0.6899190545082092,0.63037109375,9.013683319091797,9.185802459716797
183600,0,enc,7.3066725730896,1.0701162815093994,0.5302734375,0.8732588887214661,0.9338780045509338
183600,1,enc,5.792440414428711,0.5141460299491882,0.1097412109375,1.1739205121994019,1.1453678607940674
183600,2,enc,16.411087036132812,0.6386758089065552,0.6982421875,1.2354527711868286,1.3813267946243286
183800,0,enc,7.049063682556152,1.0332564115524292,0.62353515625,1.1477875709533691,1.1695889234542847
183800,1,enc,5.686408042907715,0.4974764585494995,0.140625,1.3906786441802979,1.4120240211486816
183800,2,enc,16.432817459106445,0.6611811518669128,0.74560546875,1.4120240211486816,1.4120240211486816
183800,0,fcst,7.704020977020264,0.5542541146278381,0.354736328125,6.03734827041626,7.708883762359619
183800,1,fcst,7.204277992248535,0.5967951416969299,0.132568359375,8.520844459533691,9.216917037963867
183800,2,fcst,8.473699569702148,0.6742004752159119,0.6708984375,9.206342697143555,9.89319133758545
183800,0,enc,7.064870357513428,1.037855863571167,0.556640625,1.1185319423675537,1.1420152187347412
183800,1,enc,5.676194667816162,0.5156160593032837,0.1033935546875,1.0738815069198608,1.1551192998886108
183800,2,enc,16.38295555114746,0.6352903246879578,0.6767578125,1.1995407342910767,1.2102371454238892
184000,0,enc,6.9035325050354,1.0312116146087646,0.63671875,1.1177563667297363,1.1429672241210938
184000,1,enc,5.607159614562988,0.47997355461120605,0.11834716796875,1.6755342483520508,1.7204289436340332
184000,2,enc,16.517925262451172,0.6413747668266296,0.67041015625,1.8139971494674683,1.83683443069458
184000,0,fcst,7.6831955909729,0.6227463483810425,0.322998046875,6.063589096069336,7.227959156036377
184000,1,fcst,7.200865268707275,0.5279324650764465,0.1204833984375,7.881147384643555,8.582101821899414
184000,2,fcst,8.267501831054688,0.672286868095398,0.67431640625,10.041311264038086,10.646780014038086
184000,0,enc,6.972627639770508,1.0280042886734009,0.499267578125,1.125557780265808,1.155648112297058
184000,1,enc,5.56192684173584,0.4824519157409668,0.1058349609375,1.4501909017562866,1.4413942098617554
184000,2,enc,16.52019691467285,0.6723854541778564,0.60791015625,1.5324244499206543,1.5415339469909668
184200,0,enc,6.687623977661133,1.0261880159378052,0.61767578125,1.2138786315917969,1.23117196559906
184200,1,enc,5.6285400390625,0.4565497040748596,0.1309814453125,1.577878475189209,1.6109222173690796
184200,2,enc,16.435651779174805,0.6989877820014954,0.6767578125,1.6109222173690796,1.6220186948776245
184200,0,fcst,7.720271587371826,0.5620012879371643,0.3876953125,6.297096252441406,7.322004318237305
184200,1,fcst,7.202050685882568,0.5202025175094604,0.125244140625,8.398736000061035,8.878607749938965
184200,2,fcst,8.273293495178223,0.6942301392555237,0.685546875,8.874903678894043,9.180079460144043
184200,0,enc,6.733081817626953,1.0363249778747559,0.4765625,1.2254756689071655,1.2450374364852905
184200,1,enc,5.613894939422607,0.4652928411960602,0.1007080078125,1.3154268264770508,1.3344392776489258
184200,2,enc,16.39210319519043,0.7055166363716125,0.65283203125,1.395358920097351,1.3914241790771484
184400,0,enc,6.54625129699707,0.9799482226371765,0.58544921875,1.1970391273498535,1.158553123474121
184400,1,enc,5.628728866577148,0.5492889881134033,0.1348876953125,1.6851693391799927,1.693892240524292
184400,2,enc,16.483095169067383,0.7239702939987183,0.669921875,1.655917763710022,1.7467244863510132
184400,0,fcst,7.713287830352783,0.5866347551345825,0.38525390625,6.481677532196045,7.593207359313965
184400,1,fcst,7.1804423332214355,0.5468031167984009,0.1383056640625,9.015087127685547,9.556265830993652
184400,2,fcst,8.10615062713623,0.6753963232040405,0.6298828125,9.566664695739746,9.809991836547852
184400,0,enc,6.5998854637146,0.9881991147994995,0.47216796875,1.1820131540298462,1.1514192819595337
184400,1,enc,5.615769863128662,0.5645799040794373,0.10784912109375,1.2226386070251465,1.227525234222412
184400,2,enc,16.444580078125,0.7097435593605042,0.60205078125,1.2175785303115845,1.2834964990615845
184600,0,enc,6.460145473480225,0.9691958427429199,0.568359375,0.9871264100074768,0.9871264100074768
184600,1,enc,5.648082256317139,0.5933183431625366,0.13916015625,1.3661659955978394,1.3228988647460938
184600,2,enc,16.359111785888672,0.7984510064125061,0.64111328125,1.3819527626037598,1.4635510444641113
184600,0,fcst,7.630932331085205,0.5542531609535217,0.332275390625,6.290705680847168,7.973788261413574
184600,1,fcst,7.050485134124756,0.5768784880638123,0.1468505859375,8.640148162841797,8.640148162841797
184600,2,fcst,8.062332153320312,0.6641009449958801,0.6611328125,8.950777053833008,9.846502304077148
184600,0,enc,6.469820976257324,0.9692350029945374,0.471923828125,0.9449912309646606,1.0056601762771606
184600,1,enc,5.652322292327881,0.5943530797958374,0.1015625,0.9896750450134277,1.0386396646499634
184600,2,enc,16.39944839477539,0.6906207799911499,0.5966796875,1.175450086593628,1.1848647594451904
184800,0,enc,6.377269744873047,0.9689595699310303,0.5322265625,0.9839791655540466,1.0604087114334106
184800,1,enc,5.62074613571167,0.4743558168411255,0.1318359375,1.272207260131836,1.2652729749679565
184800,2,enc,16.27397346496582,0.7337652444839478,0.6767578125,1.2966221570968628,1.3530464172363281
184800,0,fcst,7.719560146331787,0.48987317085266113,0.315185546875,6.010729789733887,7.442285537719727
184800,1,fcst,7.0049262046813965,0.44562575221061707,0.1160888671875,8.564726829528809,8.564726829528809
184800,2,fcst,8.102395057678223,0.660493791103363,0.80517578125,9.81386947631836,9.934651374816895
184800,0,enc,6.403726577758789,0.9730340838432312,0.421630859375,0.9684662818908691,1.0105500221252441
184800,1,enc,5.631859302520752,0.5492658615112305,0.1121826171875,1.2777708768844604,1.2716788053512573
184800,2,enc,16.28041648864746,0.6770027279853821,0.6572265625,1.2927685976028442,1.2758724689483643
185000,0,enc,6.447994232177734,0.9723941683769226,0.54248046875,1.061759114265442,1.0935990810394287
185000,1,enc,5.616219997406006,0.5335720777511597,0.140380859375,1.4028276205062866,1.4084055423736572
185000,2,enc,16.376720428466797,0.7251157164573669,0.7353515625,1.42591392993927,1.4736716747283936
185000,0,fcst,7.580071449279785,0.5027252435684204,0.325439453125,5.903735160827637,6.746337890625
185000,1,fcst,7.030486106872559,0.42825764417648315,0.12420654296875,7.652419090270996,8.263313293457031
185000,2,fcst,8.144899368286133,0.6043447256088257,0.6318359375,9.826288223266602,10.080686569213867
185000,0,enc,6.4554762840271,0.9678590297698975,0.48974609375,1.0531744956970215,1.0783514976501465
185000,1,enc,5.629276752471924,0.4847866892814636,0.1123046875,1.0846574306488037,1.0951783657073975
185000,2,enc,16.321636199951172,0.6867648363113403,0.64794921875,1.236870288848877,1.2598347663879395
185200,0,enc,6.154232978820801,0.9635261297225952,0.5693359375,1.063948392868042,1.1536022424697876
185200,1,enc,5.721469879150391,0.5250238180160522,0.1500244140625,1.6325366497039795,1.7263273000717163
185200,2,enc,16.442119598388672,0.7136422395706177,0.6923828125,1.846742868423462,1.8464946746826172
185200,0,fcst,7.621031284332275,0.605891764163971,0.311279296875,5.847114562988281,6.929737567901611
185200,1,fcst,6.93873405456543,0.4740978479385376,0.1199951171875,7.950101852416992,8.405780792236328
185200,2,fcst,8.338632583618164,0.6340587735176086,0.71826171875,9.567085266113281,9.640271186828613
185200,0,enc,6.159068584442139,0.9638802409172058,0.429931640625,1.0941753387451172,1.1608257293701172
185200,1,enc,5.713978290557861,0.5336513519287109,0.104248046875,1.2107274532318115,1.2854909896850586
185200,2,enc,16.43224334716797,0.6541398763656616,0.662109375,1.398155927658081,1.4064338207244873
185400,0,enc,6.12353515625,0.9302991032600403,0.57080078125,0.9330206513404846,0.9606605768203735
185400,1,enc,5.674726486206055,0.5321312546730042,0.12890625,1.2670412063598633,1.2988917827606201
185400,2,enc,16.276708602905273,0.6997023820877075,0.81005859375,1.3497174978256226,1.4506938457489014
185400,0,fcst,7.607522964477539,0.4886262118816376,0.335693359375,5.989089012145996,7.249573707580566
185400,1,fcst,6.772551536560059,0.4476862847805023,0.1351318359375,8.081748008728027,8.531620979309082
185400,2,fcst,8.34946346282959,0.6041587591171265,0.61865234375,8.531620979309082,9.543991088867188
185400,0,enc,6.150717258453369,0.9314425587654114,0.445068359375,0.9123333096504211,0.9281039834022522
185400,1,enc,5.6804022789001465,0.5768107771873474,0.11212158203125,1.3159003257751465,1.3291831016540527
185400,2,enc,16.260358810424805,0.7520702481269836,0.77099609375,1.3899083137512207,1.3910765647888184
185600,0,enc,6.166667938232422,0.8810432553291321,0.53466796875,1.0318849086761475,1.0149900913238525
185600,1,enc,5.619874954223633,0.5084363222122192,0.1751708984375,1.1686830520629883,1.1702587604522705
185600,2,enc,16.280834197998047,0.8518487215042114,0.791015625,1.4120954275131226,1.3119977712631226
185600,0,fcst,7.55661678314209,0.5160807967185974,0.337890625,6.206845760345459,8.382729530334473
185600,1,fcst,6.884832382202148,0.5153449773788452,0.11676025390625,9.754477500915527,10.612767219543457
185600,2,fcst,8.339908599853516,0.6364493370056152,0.5830078125,10.499805450439453,11.172005653381348
185600,0,enc,6.198437690734863,0.8806487917900085,0.442138671875,0.9604301452636719,0.9629783630371094
185600,1,enc,5.633739948272705,0.5229426622390747,0.14501953125,1.0805658102035522,1.0808929204940796
185600,2,enc,16.282360076904297,0.7482471466064453,0.64404296875,1.2138445377349854,1.2342913150787354
185800,0,enc,6.2268967628479,0.8443998694419861,0.467041015625,0.993328332901001,1.048870325088501
185800,1,enc,5.683643341064453,0.5293866395950317,0.1251220703125,1.5540797710418701,1.605450987815857
185800,2,enc,16.374731063842773,0.7312524914741516,0.6787109375,1.6313475370407104,1.6599153280258179
185800,0,fcst,7.530391693115234,0.5413427352905273,0.32080078125,6.300869464874268,7.390003204345703
185800,1,fcst,6.873968601226807,0.5264292359352112,0.1123046875,8.205940246582031,8.615825653076172
185800,2,fcst,8.328205108642578,0.6356183290481567,0.6533203125,9.862412452697754,10.026936531066895
185800,0,enc,6.273433685302734,0.8520697951316833,0.38818359375,0.9769030809402466,1.0370227098464966
185800,1,enc,5.683765411376953,0.538987934589386,0.10577392578125,1.4849045276641846,1.497340440750122
185800,2,enc,16.33243751525879,0.6890171766281128,0.68115234375,1.638593077659607,1.658185362815857
186000,0,enc,6.355976581573486,0.9011515974998474,0.443359375,1.0024058818817139,1.0528277158737183
186000,1,enc,5.6938252449035645,0.5090109705924988,0.11993408203125,1.5303726196289062,1.5352129936218262
186000,2,enc,16.284975051879883,0.7482210397720337,0.716796875,1.5352129936218262,1.5352129936218262
186000,0,fcst,7.5254902839660645,0.4923841953277588,0.318359375,6.147404193878174,7.799450397491455
186000,1,fcst,6.933446407318115,0.44550126791000366,0.11279296875,7.881627559661865,8.346308708190918
186000,2,fcst,8.16488265991211,0.6596468091011047,0.6474609375,10.40263557434082,10.341973304748535
186000,0,enc,6.321343898773193,0.9041542410850525,0.39208984375,0.9732249975204468,0.9736276865005493
186000,1,enc,5.701241970062256,0.5094932913780212,0.1126708984375,1.538783073425293,1.536834716796875
186000,2,enc,16.268028259277344,0.6595438718795776,0.59912109375,1.5549663305282593,1.5680665969848633
186200,0,enc,6.315903186798096,0.8710912466049194,0.444091796875,0.949650764465332,0.9917989373207092
186200,1,enc,5.546980381011963,0.5202067494392395,0.1453857421875,1.4868757724761963,1.533499836921692
186200,2,enc,16.258638381958008,0.7098488807678223,0.6943359375,1.6776772737503052,1.704634428024292
186200,0,fcst,7.581574440002441,0.6288140416145325,0.3173828125,6.12660026550293,7.5195393562316895
186200,1,fcst,6.979547500610352,0.44881343841552734,0.1268310546875,8.208224296569824,8.49929428100586
186200,2,fcst,8.21395206451416,0.5599642992019653,0.65380859375,10.065820693969727,10.969141006469727
186200,0,enc,6.347232341766357,0.8761941194534302,0.3671875,0.9564507603645325,1.0080254077911377
186200,1,enc,5.540838241577148,0.5199545621871948,0.1165771484375,1.4131965637207031,1.4194679260253906
186200,2,enc,16.220443725585938,0.7172991633415222,0.62060546875,1.4876030683517456,1.4479901790618896
186400,0,enc,6.34214448928833,0.8572377562522888,0.44873046875,0.8952285647392273,0.9743688106536865
186400,1,enc,5.45511531829834,0.5041057467460632,0.17626953125,2.1591930389404297,2.1452226638793945
186400,2,enc,16.363697052001953,0.6679607033729553,0.64111328125,2.1666300296783447,2.2600138187408447
186400,0,fcst,7.5350260734558105,0.7003380060195923,0.31640625,6.024724006652832,7.8042378425598145
186400,1,fcst,6.926397323608398,0.49125412106513977,0.107421875,7.98694372177124,8.271231651306152
186400,2,fcst,8.251479148864746,0.6495880484580994,0.7392578125,11.711276054382324,11.711276054382324
186400,0,enc,6.365907669067383,0.8574108481407166,0.322265625,0.8643772006034851,0.9330195188522339
186400,1,enc,5.453265190124512,0.4893248379230499,0.10888671875,1.6016321182250977,1.6261224746704102
186400,2,enc,16.324716567993164,0.6446564793586731,0.63818359375,1.7306551933288574,1.701526165008545
186600,0,enc,6.440534591674805,0.8427752256393433,0.468017578125,0.917521059513092,0.9333723783493042
186600,1,enc,5.4370551109313965,0.5735714435577393,0.1553955078125,0.9807665348052979,1.0227643251419067
186600,2,enc,16.312782287597656,0.7462273836135864,0.71142578125,1.359340786933899,1.4068964719772339
186600,0,fcst,7.575154781341553,0.4188692271709442,0.303466796875,6.278987407684326,6.995611667633057
186600,1,fcst,6.938522815704346,0.4714360237121582,0.109130859375,8.104473114013672,8.340476036071777
186600,2,fcst,8.143781661987305,0.5928099751472473,0.623046875,8.26607608795166,9.206119537353516
186600,0,enc,6.433971405029297,0.8420846462249756,0.410400390625,0.9051089882850647,0.9336748123168945
186600,1,enc,5.467175006866455,0.5744528770446777,0.1334228515625,0.9409942626953125,0.9864774942398071
186600,2,enc,16.260540008544922,0.731871485710144,0.62255859375,1.2130959033966064,1.218695878982544
186800,0,enc,6.338169574737549,0.8716726303100586,0.44677734375,0.9637373089790344,0.9543156027793884
186800,1,enc,5.38448429107666,0.5296112895011902,0.151123046875,1.6694931983947754,1.6626691818237305
186800,2,enc,16.404680252075195,0.8342936635017395,0.67041015625,1.7687642574310303,1.7788904905319214
186800,0,fcst,7.560181617736816,0.6229546070098877,0.309326171875,6.154324531555176,7.289619445800781
186800,1,fcst,6.9681315422058105,0.4227762818336487,0.10333251953125,8.037851333618164,8.333532333374023
186800,2,fcst,8.260048866271973,0.5676862597465515,0.70166015625,9.081939697265625,9.18773365020752
186800,0,enc,6.33538818359375,0.8659877777099609,0.36376953125,0.9472054243087769,0.9454725980758667
186800,1,enc,5.398920059204102,0.528895914554596,0.1112060546875,1.613692045211792,1.6107337474822998
186800,2,enc,16.362049102783203,0.7853443026542664,0.62060546875,1.6292178630828857,1.6141955852508545
187000,0,enc,6.418249607086182,0.8501158356666565,0.50146484375,0.9959486722946167,0.9708395004272461
187000,1,enc,5.394701957702637,0.5053408145904541,0.138671875,1.6396785974502563,1.6317609548568726
187000,2,enc,16.492704391479492,0.7757886052131653,0.6748046875,1.8263307809829712,1.8478795289993286
187000,0,fcst,7.554662704467773,0.6065539121627808,0.28857421875,5.891326427459717,7.128613471984863
187000,1,fcst,6.9659857749938965,0.4694126844406128,0.12200927734375,8.72623348236084,8.726283073425293
187000,2,fcst,8.332385063171387,0.6112058758735657,0.6943359375,9.28964614868164,9.485289573669434
187000,0,enc,6.5285115242004395,0.8444727659225464,0.383056640625,0.9954234957695007,0.9600169062614441
187000,1,enc,5.405704498291016,0.5070986151695251,0.109130859375,1.314954161643982,1.3058370351791382
187000,2,enc,16.476764678955078,0.7032985687255859,0.63818359375,1.4755301475524902,1.4976706504821777
187200,0,enc,6.436563968658447,0.8659059405326843,0.475341796875,1.080389142036438,1.1174510717391968
187200,1,enc,5.405758857727051,0.5394399762153625,0.175537109375,1.6010198593139648,1.561211347579956
187200,2,enc,16.317773818969727,0.7600052952766418,0.74072265625,1.520377278327942,1.534706711769104
187200,0,fcst,7.490979194641113,0.5413350462913513,0.33984375,6.017220497131348,7.923142910003662
187200,1,fcst,7.009532451629639,0.48789387941360474,0.114501953125,8.52949333190918,8.833855628967285
187200,2,fcst,8.469650268554688,0.6709097623825073,0.85595703125,8.833855628967285,9.061141967773438
187200,0,enc,6.4312615394592285,0.8587800860404968,0.39794921875,1.0282620191574097,1.0677822828292847
187200,1,enc,5.406872749328613,0.5382348895072937,0.11859130859375,1.330551266670227,1.311508297920227
187200,2,enc,16.293073654174805,0.6397402882575989,0.681640625,1.388522744178772,1.3656803369522095
187400,0,enc,6.648257255554199,0.840533435344696,0.454345703125,0.839530348777771,0.8733370304107666
187400,1,enc,5.438610553741455,0.5028077960014343,0.1646728515625,1.1824536323547363,1.1953219175338745
187400,2,enc,16.3826961517334,0.658223032951355,0.62158203125,1.2768540382385254,1.265626311302185
187400,0,fcst,7.437959671020508,0.4788648784160614,0.312744140625,6.70840311050415,7.13109827041626
187400,1,fcst,7.0933685302734375,0.5548452734947205,0.13232421875,7.695085525512695,8.070527076721191
187400,2,fcst,8.544888496398926,0.628506064414978,0.71142578125,8.103328704833984,8.782356262207031
187400,0,enc,6.661600112915039,0.8397811651229858,0.351318359375,0.896613359451294,0.963385820388794
187400,1,enc,5.43299674987793,0.5120992064476013,0.1297607421875,1.1391088962554932,1.1679168939590454
187400,2,enc,16.35764503479004,0.683418869972229,0.63037109375,1.3675838708877563,1.3182064294815063
187600,0,enc,6.577184677124023,0.8634213209152222,0.4443359375,1.017204761505127,1.0653886795043945
187600,1,enc,5.380804538726807,0.5704005360603333,0.163330078125,1.8633415699005127,1.8380458354949951
187600,2,enc,16.419010162353516,0.6335887312889099,0.6767578125,1.9017059803009033,1.9604014158248901
187600,0,fcst,7.474017143249512,0.6151536107063293,0.315673828125,5.855349063873291,7.530694007873535
187600,1,fcst,7.207243919372559,0.47776293754577637,0.11676025390625,7.73927640914917,8.437519073486328
187600,2,fcst,8.590627670288086,0.6132535338401794,0.65234375,8.868538856506348,9.436030387878418
187600,0,enc,6.594618797302246,0.8607501983642578,0.368408203125,0.9893039464950562,1.0576022863388062
187600,1,enc,5.394918441772461,0.568476140499115,0.10797119140625,1.5875022411346436,1.5531089305877686
187600,2,enc,16.39712142944336,0.644048810005188,0.5908203125,1.6284561157226562,1.6571884155273438
187800,0,enc,6.484782695770264,0.8288933634757996,0.462890625,0.8612565994262695,0.9240888953208923
187800,1,enc,5.369657516479492,0.5343407392501831,0.2138671875,1.7386642694473267,1.7047388553619385
187800,2,enc,16.484086990356445,0.7152552604675293,0.61279296875,1.6576753854751587,1.7617743015289307
187800,0,fcst,7.478312015533447,0.5017115473747253,0.299560546875,5.8876495361328125,7.493552207946777
187800,1,fcst,6.972580909729004,0.57536780834198,0.11260986328125,8.828288078308105,9.25634765625
187800,2,fcst,8.608890533447266,0.5713760852813721,0.771484375,9.609912872314453,9.918343544006348
187800,0,enc,6.4998650550842285,0.8317185044288635,0.3720703125,0.8684934973716736,0.8726281523704529
187800,1,enc,5.36002779006958,0.5355505347251892,0.1455078125,1.3041486740112305,1.2999486923217773
187800,2,enc,16.468664169311523,0.6254518032073975,0.59423828125,1.2931185960769653,1.3074688911437988
188000,0,enc,6.611294746398926,0.8495751619338989,0.4853515625,0.9165347814559937,0.912439227104187
188000,1,enc,5.408504486083984,0.5060527324676514,0.146728515625,1.743263602256775,1.7278097867965698
188000,2,enc,16.406770706176758,0.7302071452140808,0.73095703125,1.6496334075927734,1.7334550619125366
188000,0,fcst,7.503922462463379,0.6385102868080139,0.315185546875,6.057368278503418,7.505979537963867
188000,1,fcst,6.991429805755615,0.46771007776260376,0.106201171875,8.886341094970703,9.495607376098633
188000,2,fcst,8.538972854614258,0.60319983959198,0.70654296875,9.50736141204834,9.9080228805542
188000,0,enc,6.599712371826172,0.8461230397224426,0.404541015625,0.9134382605552673,0.9095625281333923
188000,1,enc,5.401406288146973,0.5118814706802368,0.11444091796875,1.3806757926940918,1.369513988494873
188000,2,enc,16.42984390258789,0.6556552648544312,0.6298828125,1.3981070518493652,1.4752554893493652
188200,0,enc,6.790353298187256,0.8215272426605225,0.454345703125,0.9206461906433105,0.9342564344406128
188200,1,enc,5.419031620025635,0.5704619288444519,0.1572265625,1.8944525718688965,1.8406399488449097
188200,2,enc,16.417089462280273,0.7536960244178772,0.69384765625,1.7722400426864624,1.819474458694458
188200,0,fcst,7.428062915802002,0.6570391654968262,0.349609375,6.024047374725342,7.365863800048828
188200,1,fcst,7.0095534324646,0.5238053798675537,0.1531982421875,8.137568473815918,8.590555191040039
188200,2,fcst,8.351615905761719,0.6075415015220642,0.68017578125,11.289970397949219,11.071329116821289
188200,0,enc,6.822477340698242,0.8216840624809265,0.405029296875,0.9451636075973511,0.9594992399215698
188200,1,enc,5.416908264160156,0.5744701027870178,0.136474609375,1.691271424293518,1.650347352027893
188200,2,enc,16.355703353881836,0.6887068152427673,0.59912109375,1.6146056652069092,1.5830929279327393
188400,0,enc,6.903996467590332,0.8248004913330078,0.47412109375,1.0475120544433594,1.0282752513885498
188400,1,enc,5.295315265655518,0.5312145948410034,0.1834716796875,1.3188496828079224,1.2347568273544312
188400,2,enc,16.449275970458984,0.7120727300643921,0.66552734375,1.4120910167694092,1.3370856046676636
188400,0,fcst,7.48029088973999,0.42764225602149963,0.33837890625,5.921231269836426,7.154608249664307
188400,1,fcst,7.015058994293213,0.4706210196018219,0.1292724609375,8.54796028137207,9.02783203125
188400,2,fcst,8.46607780456543,0.6046758890151978,0.61962890625,9.01759147644043,9.35097885131836
188400,0,enc,6.94523811340332,0.8216855525970459,0.404052734375,1.0581620931625366,1.0414537191390991
188400,1,enc,5.322548866271973,0.5324130058288574,0.1590576171875,1.033294439315796,1.1486308574676514
188400,2,enc,16.456592559814453,0.6788909435272217,0.6201171875,1.2048310041427612,1.2247589826583862
188600,0,enc,7.082951545715332,0.8304880857467651,0.42529296875,0.8746582865715027,0.9758410453796387
188600,1,enc,5.268964767456055,0.5282495021820068,0.1400146484375,1.6720939874649048,1.5851527452468872
188600,2,enc,16.266796112060547,0.7188088297843933,0.69287109375,1.688676118850708,1.6990001201629639
188600,0,fcst,7.403041362762451,0.5920907855033875,0.307373046875,5.925422668457031,7.605432033538818
188600,1,fcst,6.950922966003418,0.493722528219223,0.11663818359375,8.277251243591309,8.553130149841309
188600,2,fcst,8.478622436523438,0.5985717177391052,0.60205078125,8.553130149841309,8.952164649963379
188600,0,enc,7.107459545135498,0.8265249729156494,0.373779296875,0.8836439847946167,0.947938084602356
188600,1,enc,5.25274133682251,0.5304107666015625,0.1287841796875,1.786728858947754,1.7607126235961914
188600,2,enc,16.269561767578125,0.7224672436714172,0.65234375,1.7253960371017456,1.744332194328308
188800,0,enc,7.047139644622803,0.789996325969696,0.4521484375,0.9732069969177246,0.9712146520614624
188800,1,enc,5.183627128601074,0.5413517355918884,0.1451416015625,1.4248363971710205,1.4344813823699951
188800,2,enc,16.391010284423828,0.7738884687423706,0.63623046875,1.486284852027893,1.4235543012619019
188800,0,fcst,7.4301252365112305,0.5657911896705627,0.317626953125,6.485909461975098,7.496651649475098
188800,1,fcst,7.0294976234436035,0.49402567744255066,0.12261962890625,8.565202713012695,8.877973556518555
188800,2,fcst,8.303138732910156,0.5957438349723816,0.65283203125,8.886999130249023,9.381647109985352
188800,0,enc,6.969412326812744,0.7920827269554138,0.4091796875,1.0251600742340088,1.0913221836090088
188800,1,enc,5.192964553833008,0.542043924331665,0.1270751953125,1.0222430229187012,1.0865130424499512
188800,2,enc,16.385845184326172,0.7198336124420166,0.6015625,1.1951998472213745,1.1278215646743774
189000,0,enc,7.149084568023682,0.7883546948432922,0.4033203125,0.9056541919708252,0.994426429271698
189000,1,enc,5.190945148468018,0.5571284890174866,0.1729736328125,1.5496801137924194,1.5496801137924194
189000,2,enc,16.3351993560791,0.7379056811332703,0.64111328125,1.5334126949310303,1.526071548461914
189000,0,fcst,7.422560214996338,0.5830308198928833,0.330078125,5.799989223480225,7.279146194458008
189000,1,fcst,6.844313621520996,0.508937656879425,0.1256103515625,8.418866157531738,8.709744453430176
189000,2,fcst,8.104060173034668,0.6017811894416809,0.58935546875,9.030017852783203,10.459053993225098
189000,0,enc,7.165780067443848,0.7898604273796082,0.340087890625,0.936177134513855,0.992573618888855
189000,1,enc,5.203592300415039,0.5627767443656921,0.1324462890625,1.2459771633148193,1.2268579006195068
189000,2,enc,16.31725311279297,0.709450364112854,0.59326171875,1.2838749885559082,1.2481999397277832
189200,0,enc,7.115411758422852,0.8025844693183899,0.4052734375,0.9786088466644287,0.9736486673355103
189200,1,enc,5.164949417114258,0.5109768509864807,0.1439208984375,1.5305700302124023,1.4567174911499023
189200,2,enc,16.283985137939453,0.6847454905509949,0.65283203125,1.5874089002609253,1.5853002071380615
189200,0,fcst,7.407476902008057,0.5870551466941833,0.30712890625,5.788547515869141,7.666457176208496
189200,1,fcst,6.967578411102295,0.4654707610607147,0.111572265625,8.224138259887695,8.41158390045166
189200,2,fcst,7.563870429992676,0.6232712864875793,0.56591796875,9.097807884216309,10.006136894226074
189200,0,enc,7.2018232345581055,0.7937976717948914,0.326171875,1.0031970739364624,0.9845660924911499
189200,1,enc,5.157787322998047,0.5133976340293884,0.1273193359375,1.330180287361145,1.3034011125564575
189200,2,enc,16.27397918701172,0.6968026757240295,0.615234375,1.2984145879745483,1.3063703775405884
189400,0,enc,7.098640441894531,0.773371160030365,0.4267578125,0.8805935382843018,0.8825930953025818
189400,1,enc,5.0867390632629395,0.542302668094635,0.15087890625,1.2711243629455566,1.27763032913208
189400,2,enc,16.3365478515625,0.6742112636566162,0.640625,1.4022704362869263,1.3640556335449219
189400,0,fcst,7.412720680236816,0.4533667266368866,0.294189453125,6.228785037994385,6.904783248901367
189400,1,fcst,6.935866832733154,0.5200179815292358,0.1109619140625,8.173809051513672,8.690301895141602
189400,2,fcst,7.686532974243164,0.6135400533676147,0.634765625,8.702953338623047,9.03959846496582
189400,0,enc,7.1185994148254395,0.7717331647872925,0.350830078125,0.8762129545211792,0.877883791923523
189400,1,enc,5.039364337921143,0.5242416858673096,0.11785888671875,0.9568482041358948,1.0006167888641357
189400,2,enc,16.332792282104492,0.6779837012290955,0.607421875,1.2384836673736572,1.1894676685333252
189600,0,enc,7.157144546508789,0.7797989845275879,0.401123046875,0.8843495845794678,0.9175289869308472
189600,1,enc,5.055651664733887,0.5110795497894287,0.1453857421875,1.5107640027999878,1.472176194190979
189600,2,enc,16.342567443847656,0.696972668170929,0.66552734375,1.463808298110962,1.463808298110962
189600,0,fcst,7.554605484008789,0.5955202579498291,0.2783203125,5.745060443878174,7.757516860961914
189600,1,fcst,6.924415588378906,0.47890156507492065,0.1263427734375,7.546452522277832,8.278874397277832
189600,2,fcst,7.688488483428955,0.5922048091888428,0.57958984375,9.977018356323242,10.464486122131348
189600,0,enc,7.075892448425293,0.7747012376785278,0.344970703125,0.843319833278656,0.9162809252738953
189600,1,enc,5.038224697113037,0.5089355707168579,0.12213134765625,1.2681745290756226,1.2978986501693726
189600,2,enc,16.36554718017578,0.6538393497467041,0.63427734375,1.3407455682754517,1.3493379354476929
189800,0,enc,7.104551315307617,0.7872656583786011,0.4150390625,0.98418790102005,0.9530091285705566
189800,1,enc,5.050723075866699,0.5375282764434814,0.1483154296875,1.74267578125,1.6982557773590088
189800,2,enc,16.418127059936523,0.6887112855911255,0.64892578125,1.6501729488372803,1.6493008136749268
189800,0,fcst,7.590631008148193,0.6229451298713684,0.31884765625,5.9776506423950195,6.831342697143555
189800,1,fcst,6.8727240562438965,0.5196641087532043,0.09979248046875,7.71861457824707,8.33981704711914
189800,2,fcst,7.751830101013184,0.623134195804596,0.5908203125,10.211030960083008,10.887029647827148
189800,0,enc,7.080004692077637,0.7900633215904236,0.35009765625,0.9206187129020691,0.9425998330116272
189800,1,enc,5.007449626922607,0.5353637337684631,0.1322021484375,1.3854438066482544,1.2953559160232544
189800,2,enc,16.41715431213379,0.6676981449127197,0.58935546875,1.4048670530319214,1.3765162229537964
190000,0,enc,7.289764881134033,0.8095130324363708,0.447021484375,1.199610710144043,1.199610710144043
190000,1,enc,5.02325439453125,0.48106393218040466,0.1485595703125,1.731480598449707,1.6829915046691895
190000,2,enc,16.572689056396484,0.6967644095420837,0.6572265625,1.8320503234863281,1.8400696516036987
190000,0,fcst,7.5859222412109375,0.7132536172866821,0.30615234375,5.854333400726318,6.721729278564453
190000,1,fcst,6.924863338470459,0.5312991142272949,0.1209716796875,7.313296318054199,7.602499485015869
190000,2,fcst,7.724764823913574,0.6111142039299011,0.59521484375,10.123259544372559,10.996740341186523
190000,0,enc,7.336799621582031,0.7973069548606873,0.377685546875,1.161879539489746,1.151198387145996
190000,1,enc,5.010870456695557,0.48836323618888855,0.1292724609375,1.3278260231018066,1.3283734321594238
190000,2,enc,16.51109504699707,0.612905740737915,0.55810546875,1.3122040033340454,1.3451496362686157
190200,0,enc,7.153709888458252,0.8281844258308411,0.5009765625,0.8823502659797668,0.9315279722213745
190200,1,enc,4.986950397491455,0.4611424505710602,0.15087890625,2.0032548904418945,1.937099575996399
190200,2,enc,16.33597183227539,0.7562355399131775,0.64306640625,1.874490737915039,1.8368862867355347
190200,0,fcst,7.59867525100708,0.6557361483573914,0.33349609375,5.824273586273193,6.890078544616699
190200,1,fcst,6.800812721252441,0.5463361144065857,0.11468505859375,7.637657642364502,7.870129585266113
190200,2,fcst,7.5022735595703125,0.5934644937515259,0.5419921875,8.864973068237305,9.829599380493164
190200,0,enc,7.202988147735596,0.8263805508613586,0.381591796875,0.8681777119636536,0.9198134541511536
190200,1,enc,4.9839253425598145,0.4569673538208008,0.129638671875,1.4508106708526611,1.4423267841339111
190200,2,enc,16.348485946655273,0.6568958759307861,0.63134765625,1.487566590309143,1.449724793434143
190400,0,enc,7.128317356109619,0.8111029863357544,0.484130859375,0.9134318232536316,0.9914572834968567
190400,1,enc,4.982558250427246,0.5013024210929871,0.18896484375,1.579316258430481,1.5966774225234985
190400,2,enc,16.287935256958008,0.7077991962432861,0.63623046875,1.5524784326553345,1.6234827041625977
190400,0,fcst,7.522981643676758,0.5023362040519714,0.288818359375,6.213878154754639,7.342892646789551
190400,1,fcst,6.847400188446045,0.6275098919868469,0.113525390625,8.660683631896973,9.3653564453125
190400,2,fcst,7.365173816680908,0.6292892098426819,0.5302734375,9.3653564453125,9.667694091796875
190400,0,enc,7.065235137939453,0.8147464990615845,0.41943359375,0.9257138967514038,0.9748166799545288
190400,1,enc,4.970449447631836,0.5162204504013062,0.125732421875,1.0352040529251099,1.1199979782104492
190400,2,enc,16.33208656311035,0.705677330493927,0.6201171875,1.3052589893341064,1.3007729053497314
190600,0,enc,7.070833206176758,0.828834056854248,0.45068359375,0.854835033416748,0.9117571711540222
190600,1,enc,5.043279647827148,0.4915001392364502,0.1605224609375,1.66351318359375,1.6186861991882324
190600,2,enc,16.245655059814453,0.7677818536758423,0.65087890625,1.6936936378479004,1.6897857189178467
190600,0,fcst,7.488367557525635,0.6505739688873291,0.337158203125,6.162008762359619,7.260098934173584
190600,1,fcst,6.810004711151123,0.5330906510353088,0.1019287109375,7.754075050354004,8.394286155700684
190600,2,fcst,6.878542423248291,0.6276897192001343,0.45166015625,9.121793746948242,9.821879386901855
190600,0,enc,7.112700462341309,0.8217655420303345,0.349853515625,0.8753451704978943,0.9246615767478943
190600,1,enc,5.027700901031494,0.5012524724006653,0.13623046875,1.4805059432983398,1.4326543807983398
190600,2,enc,16.240310668945312,0.643225371837616,0.6884765625,1.4901002645492554,1.478287935256958
190800,0,enc,6.970882415771484,0.8431278467178345,0.501953125,0.9851236939430237,0.9247328042984009
190800,1,enc,5.140219688415527,0.5153735876083374,0.1673583984375,1.8034727573394775,1.840161681175232
190800,2,enc,16.37389373779297,0.7202653288841248,0.67236328125,1.7662349939346313,1.8273379802703857
190800,0,fcst,7.529356956481934,0.6581461429595947,0.317626953125,5.759768962860107,7.077664375305176
190800,1,fcst,6.778785228729248,0.5527597069740295,0.11590576171875,7.7470598220825195,8.297189712524414
190800,2,fcst,6.779007434844971,0.7273280620574951,0.50439453125,9.251155853271484,9.408404350280762
190800,0,enc,7.04415225982666,0.8426650166511536,0.4150390625,0.9438788294792175,0.9350460171699524
190800,1,enc,5.110711097717285,0.5140894055366516,0.12176513671875,1.3878347873687744,1.4352896213531494
190800,2,enc,16.34726333618164,0.6686170697212219,0.654296875,1.3624975681304932,1.4278662204742432
191000,0,enc,6.967929840087891,0.8394727110862732,0.46240234375,0.9916373491287231,0.9974441528320312
191000,1,enc,5.002146244049072,0.48747196793556213,0.1571044921875,1.5172778367996216,1.5313243865966797
191000,2,enc,16.18155288696289,0.7661820650100708,0.7353515625,1.5952677726745605,1.5706332921981812
191000,0,fcst,7.487075328826904,0.5834301114082336,0.312255859375,6.297326564788818,7.246180057525635
191000,1,fcst,6.798880577087402,0.5596689581871033,0.10821533203125,7.7884063720703125,8.189875602722168
191000,2,fcst,6.598518371582031,0.6121625304222107,0.5341796875,9.681757926940918,9.665557861328125
191000,0,enc,6.974587917327881,0.8424406051635742,0.41064453125,0.9722362756729126,0.9639889001846313
191000,1,enc,4.997466564178467,0.4977549910545349,0.144287109375,1.8398691415786743,1.8800913095474243
191000,2,enc,16.181550979614258,0.6840291023254395,0.59765625,1.9436033964157104,1.9626768827438354
191200,0,enc,7.108871936798096,0.8168267011642456,0.4462890625,0.8907766342163086,0.9935869574546814
191200,1,enc,5.016642093658447,0.4541519582271576,0.168212890625,1.3969084024429321,1.3699681758880615
191200,2,enc,16.377199172973633,0.7448799014091492,0.64013671875,1.6186366081237793,1.5539393424987793
191200,0,fcst,7.414299964904785,0.562627911567688,0.2939453125,5.876955986022949,7.5857672691345215
191200,1,fcst,6.788942813873291,0.4557552635669708,0.1041259765625,7.5857672691345215,8.149460792541504
191200,2,fcst,6.488163948059082,0.5823778510093689,0.51904296875,9.00135612487793,9.855305671691895
191200,0,enc,7.152042388916016,0.8147977590560913,0.364501953125,0.916324257850647,0.964908242225647
191200,1,enc,4.986192226409912,0.45297086238861084,0.1407470703125,1.4174178838729858,1.3951858282089233
191200,2,enc,16.392518997192383,0.6909381747245789,0.61767578125,1.2866278886795044,1.2941595315933228
191400,0,enc,7.133267879486084,0.8504227995872498,0.460205078125,0.9974053502082825,1.0614583492279053
191400,1,enc,5.068154335021973,0.5281074643135071,0.1600341796875,1.9928092956542969,1.9561882019042969
191400,2,enc,16.504222869873047,0.7684046030044556,0.60302734375,1.9203481674194336,1.9272403717041016
191400,0,fcst,7.476120948791504,0.6948968768119812,0.299072265625,6.376190185546875,7.3656110763549805
191400,1,fcst,6.776803970336914,0.46060073375701904,0.107421875,8.347931861877441,8.734759330749512
191400,2,fcst,6.807366847991943,0.6386018991470337,0.541015625,9.765625,10.5810546875
191400,0,enc,7.153247356414795,0.8494349122047424,0.395751953125,0.9889470934867859,1.0482122898101807
191400,1,enc,5.042913436889648,0.5338327288627625,0.12103271484375,1.751878261566162,1.709214687347412
191400,2,enc,16.50902557373047,0.6577686071395874,0.60107421875,1.7038286924362183,1.6960161924362183
191600,0,enc,7.031224250793457,0.8626993894577026,0.4873046875,0.8892467617988586,0.930513322353363
191600,1,enc,5.109475135803223,0.4980611205101013,0.179443359375,1.8572790622711182,1.8052635192871094
191600,2,enc,16.284574508666992,0.8037234544754028,0.65673828125,1.6653993129730225,1.6653993129730225
191600,0,fcst,7.476747512817383,0.5897484421730042,0.295166015625,6.309610843658447,7.5815558433532715
191600,1,fcst,6.741676330566406,0.4690360426902771,0.1083984375,8.485856056213379,8.75658130645752
191600,2,fcst,6.509640216827393,0.6546501517295837,0.51513671875,9.535017013549805,9.756075859069824
191600,0,enc,7.095901966094971,0.8696322441101074,0.39599609375,0.9118815660476685,0.9493266344070435
191600,1,enc,5.11918830871582,0.5055302977561951,0.132080078125,1.8696290254592896,1.8695249557495117
191600,2,enc,16.255773544311523,0.6622510552406311,0.64208984375,1.9060848951339722,1.8840664625167847
191800,0,enc,6.834728240966797,0.8734107613563538,0.50048828125,0.8575408458709717,0.884067714214325
191800,1,enc,5.036600112915039,0.49755045771598816,0.1549072265625,1.5565694570541382,1.5343515872955322
191800,2,enc,16.29404640197754,0.7943146824836731,0.701171875,1.6620445251464844,1.6788207292556763
191800,0,fcst,7.425506591796875,0.6389151811599731,0.270263671875,6.02350378036499,8.207794189453125
191800,1,fcst,6.834786415100098,0.500460684299469,0.1273193359375,9.069995880126953,9.607105255126953
191800,2,fcst,6.624648094177246,0.6275003552436829,0.5791015625,10.533355712890625,10.93713092803955
191800,0,enc,6.8326873779296875,0.8783581852912903,0.44384765625,0.8622088432312012,0.9163540601730347
191800,1,enc,5.0354509353637695,0.4950735867023468,0.1680908203125,1.728206753730774,1.692134976387024
191800,2,enc,16.2117862701416,0.7416553497314453,0.6220703125,1.7021621465682983,1.7017682790756226
192000,0,enc,6.822628498077393,0.845634937286377,0.4794921875,0.9459317326545715,0.9457322359085083
192000,1,enc,5.106606483459473,0.46082809567451477,0.21142578125,1.8444454669952393,1.8057559728622437
192000,2,enc,16.294212341308594,0.7780196666717529,0.6689453125,1.8228142261505127,1.7924904823303223
192000,0,fcst,7.539947032928467,0.6718543171882629,0.277587890625,5.724920749664307,6.780287742614746
192000,1,fcst,6.884320259094238,0.42667803168296814,0.12646484375,7.7156758308410645,8.176559448242188
192000,2,fcst,6.866575717926025,0.6490462422370911,0.62841796875,11.272453308105469,11.392082214355469
192000,0,enc,6.853662014007568,0.844000518321991,0.41015625,0.907752513885498,0.954230785369873
192000,1,enc,5.096470832824707,0.47152549028396606,0.1573486328125,1.6261777877807617,1.6106138229370117
192000,2,enc,16.308937072753906,0.681060791015625,0.6630859375,1.6149635314941406,1.5956916809082031
192200,0,enc,6.614835739135742,0.823358416557312,0.461669921875,0.881145715713501,0.9795479774475098
192200,1,enc,5.143706321716309,0.4813268482685089,0.15869140625,1.026639461517334,1.0352798700332642
192200,2,enc,16.10301399230957,0.7940356135368347,0.63623046875,1.359232783317566,1.2437362670898438
192200,0,fcst,7.529104232788086,0.45643895864486694,0.32080078125,6.457309722900391,7.411284923553467
192200,1,fcst,6.974573135375977,0.42201608419418335,0.11846923828125,7.981271743774414,8.488541603088379
192200,2,fcst,6.618514537811279,0.6144778728485107,0.6416015625,9.026782035827637,8.904847145080566
192200,0,enc,6.569997787475586,0.8232644200325012,0.39599609375,0.8897734880447388,0.9666777849197388
192200,1,enc,5.142045497894287,0.48151326179504395,0.12646484375,0.9568135142326355,1.0253560543060303
192200,2,enc,16.110471725463867,0.6799337267875671,0.56982421875,1.235093593597412,1.110948085784912
192400,0,enc,6.586266994476318,0.8538517355918884,0.517578125,0.8430777192115784,0.9147601127624512
192400,1,enc,5.164255142211914,0.5042589902877808,0.1636962890625,1.5778815746307373,1.5323765277862549
192400,2,enc,16.11262321472168,0.8200028538703918,0.60693359375,1.5158902406692505,1.537438988685608
192400,0,fcst,7.493331432342529,0.5275319814682007,0.310302734375,6.06722354888916,7.086606979370117
192400,1,fcst,7.048190593719482,0.4850422143936157,0.1043701171875,8.458897590637207,9.011740684509277
192400,2,fcst,6.896239280700684,0.6958512663841248,0.68310546875,9.843414306640625,9.996273040771484
192400,0,enc,6.543941974639893,0.8470341563224792,0.50244140625,0.8768907785415649,0.9238573312759399
192400,1,enc,5.1744465827941895,0.5038425922393799,0.1644287109375,1.3380696773529053,1.2840535640716553
192400,2,enc,16.146209716796875,0.6519098281860352,0.6162109375,1.2258884906768799,1.2357838153839111
192600,0,enc,6.618794918060303,0.8330094814300537,0.5009765625,0.8724225163459778,0.9683816432952881
192600,1,enc,5.147312641143799,0.5095510482788086,0.1666259765625,1.1107782125473022,1.1165893077850342
192600,2,enc,16.07103157043457,0.6822141408920288,0.61181640625,1.36029851436615,1.31574285030365
192600,0,fcst,7.528799533843994,0.4832981824874878,0.30322265625,5.823343276977539,7.572517395019531
192600,1,fcst,6.96412467956543,0.4634372293949127,0.11981201171875,8.043734550476074,8.966586112976074
192600,2,fcst,6.907191276550293,0.7153603434562683,0.68017578125,8.971332550048828,8.971332550048828
192600,0,enc,6.647431373596191,0.8356658816337585,0.453125,0.8708629012107849,0.9322224259376526
192600,1,enc,5.1388678550720215,0.49471554160118103,0.1424560546875,0.9415601491928101,1.02426278591156
192600,2,enc,16.038713455200195,0.6574844121932983,0.57080078125,1.2994493246078491,1.2210801839828491
192800,0,enc,6.5353264808654785,0.8431389331817627,0.487548828125,0.8587043285369873,0.9011178612709045
192800,1,enc,5.11300802230835,0.4688408076763153,0.196044921875,1.6968222856521606,1.654310941696167
192800,2,enc,16.017370223999023,0.7341254949569702,0.6376953125,1.8045003414154053,1.7935224771499634
192800,0,fcst,7.480273723602295,0.7125617861747742,0.3115234375,6.155430793762207,7.166043758392334
192800,1,fcst,7.025268077850342,0.44769999384880066,0.11053466796875,7.587347507476807,8.377480506896973
192800,2,fcst,6.909532070159912,0.6618603467941284,0.61669921875,10.659416198730469,10.876358985900879
192800,0,enc,6.560298919677734,0.8462135791778564,0.423828125,0.8819012641906738,0.8940548896789551
192800,1,enc,5.129496097564697,0.47304487228393555,0.1474609375,1.547065019607544,1.514655351638794
192800,2,enc,16.007339477539062,0.6614483594894409,0.62353515625,1.6603584289550781,1.6622486114501953
193000,0,enc,6.565576553344727,0.8273656368255615,0.484619140625,1.143308401107788,1.158406138420105
193000,1,enc,5.20427942276001,0.5232611298561096,0.18359375,2.1810643672943115,2.1810643672943115
193000,2,enc,16.076311111450195,0.7105086445808411,0.65234375,2.2182576656341553,2.2222163677215576
193000,0,fcst,7.473880767822266,0.7975587248802185,0.300048828125,6.161502361297607,7.538318634033203
193000,1,fcst,7.112735748291016,0.3904643654823303,0.101318359375,8.268508911132812,8.268508911132812
193000,2,fcst,6.7975850105285645,0.6311511993408203,0.67822265625,12.165851593017578,12.287786483764648
193000,0,enc,6.5122199058532715,0.833117663860321,0.423583984375,1.1347832679748535,1.1412758827209473
193000,1,enc,5.21360445022583,0.5391149520874023,0.153076171875,1.5910917520523071,1.5089384317398071
193000,2,enc,16.04202651977539,0.6295579671859741,0.62939453125,1.414061427116394,1.3981159925460815
193200,0,enc,6.667091369628906,0.8356252908706665,0.50537109375,0.9556602239608765,1.0249691009521484
193200,1,enc,5.225953102111816,0.47315070033073425,0.1590576171875,1.6239144802093506,1.5386687517166138
193200,2,enc,16.02890968322754,0.7883601784706116,0.689453125,1.4496691226959229,1.4608927965164185
193200,0,fcst,7.554950714111328,0.47150883078575134,0.28759765625,6.279214859008789,7.895241737365723
193200,1,fcst,7.1283698081970215,0.5027561783790588,0.09625244140625,9.068809509277344,9.860910415649414
193200,2,fcst,7.06057596206665,0.6354764103889465,0.55126953125,9.866706848144531,9.754334449768066
193200,0,enc,6.62263822555542,0.8325088620185852,0.414306640625,0.9534159898757935,0.9948893785476685
193200,1,enc,5.217708110809326,0.47845742106437683,0.1473388671875,1.3229031562805176,1.2901250123977661
193200,2,enc,16.028400421142578,0.6498942971229553,0.67724609375,1.3571062088012695,1.3756608963012695
193400,0,enc,6.747491359710693,0.8209155797958374,0.481201171875,0.962531566619873,1.0230920314788818
193400,1,enc,5.1424360275268555,0.5377220511436462,0.1466064453125,1.557555079460144,1.5312590599060059
193400,2,enc,16.24359893798828,0.7646609544754028,0.6650390625,1.5219247341156006,1.5364205837249756
193400,0,fcst,7.557966232299805,0.6248041987419128,0.29638671875,5.797210216522217,7.086169242858887
193400,1,fcst,7.166886806488037,0.3900161385536194,0.1259765625,7.583866119384766,8.23044490814209
193400,2,fcst,6.834151268005371,0.5920794606208801,0.6005859375,9.275856018066406,9.41433048248291
193400,0,enc,6.774500846862793,0.8208729028701782,0.438232421875,0.9646508693695068,0.9998681545257568
193400,1,enc,5.1450676918029785,0.5503407716751099,0.1368408203125,1.5962378978729248,1.5010567903518677
193400,2,enc,16.210098266601562,0.6791320443153381,0.5966796875,1.5166746377944946,1.5398069620132446
193600,0,enc,6.91874361038208,0.8781633377075195,0.475830078125,1.1249464750289917,1.1252535581588745
193600,1,enc,5.181501865386963,0.5127779245376587,0.160888671875,1.3304132223129272,1.2718873023986816
193600,2,enc,16.39450454711914,0.8714168071746826,0.6220703125,1.253019094467163,1.3518474102020264
193600,0,fcst,7.594158172607422,0.46200937032699585,0.314453125,6.104966163635254,7.488430023193359
193600,1,fcst,7.105095863342285,0.5258944630622864,0.0947265625,8.902960777282715,9.40019416809082
193600,2,fcst,6.616337776184082,0.6383273601531982,0.5498046875,9.200307846069336,9.88227367401123
193600,0,enc,6.92389440536499,0.8768268823623657,0.426513671875,1.1161527633666992,1.108881950378418
193600,1,enc,5.186600685119629,0.5265542268753052,0.1279296875,1.5624043941497803,1.5012776851654053
193600,2,enc,16.368967056274414,0.6765936613082886,0.603515625,1.6402442455291748,1.6018836498260498
193800,0,enc,7.109647274017334,0.8586564064025879,0.525390625,0.9270606637001038,0.9724979400634766
193800,1,enc,5.117464065551758,0.45380982756614685,0.123779296875,1.7755314111709595,1.7197859287261963
193800,2,enc,16.33089256286621,0.8593065142631531,0.65234375,1.7483034133911133,1.741814136505127
193800,0,fcst,7.495222091674805,0.5792847275733948,0.296142578125,5.87645959854126,7.493213176727295
193800,1,fcst,7.117069721221924,0.47928881645202637,0.11334228515625,7.5238566398620605,8.081582069396973
193800,2,fcst,6.797134876251221,0.6539178490638733,0.583984375,9.381143569946289,9.715519905090332
193800,0,enc,7.030666828155518,0.8579462766647339,0.441650390625,0.9194575548171997,0.9495631456375122
193800,1,enc,5.103590488433838,0.4658004343509674,0.11566162109375,1.364238977432251,1.316967248916626
193800,2,enc,16.304039001464844,0.6836161017417908,0.626953125,1.3393828868865967,1.3217437267303467
194000,0,enc,7.071162700653076,0.8659080862998962,0.4970703125,0.918350100517273,1.017227053642273
194000,1,enc,5.046984672546387,0.49475544691085815,0.12109375,1.5250612497329712,1.4688072204589844
194000,2,enc,16.39653778076172,0.8498948812484741,0.68310546875,1.4568326473236084,1.5062711238861084
194000,0,fcst,7.52028226852417,0.5414320826530457,0.28173828125,5.957556247711182,7.552608489990234
194000,1,fcst,7.191034317016602,0.44903796911239624,0.1063232421875,7.274325847625732,7.942277431488037
194000,2,fcst,6.519641399383545,0.6602957248687744,0.59326171875,8.26679515838623,8.6609468460083
194000,0,enc,7.162886619567871,0.8668318390846252,0.423583984375,0.8706650137901306,0.919460654258728
194000,1,enc,5.062425136566162,0.4901277422904968,0.10260009765625,0.9344981908798218,0.9437112212181091
194000,2,enc,16.37738800048828,0.6756019592285156,0.603515625,1.0350390672683716,1.017323613166809
194200,0,enc,7.16606330871582,0.84434574842453,0.462646484375,0.8897212147712708,0.9878296852111816
194200,1,enc,5.0385918617248535,0.45725104212760925,0.1082763671875,1.7476346492767334,1.7142348289489746
194200,2,enc,16.2945613861084,0.853013277053833,0.7099609375,1.7515451908111572,1.7666938304901123
194200,0,fcst,7.420619010925293,0.6735231876373291,0.304443359375,5.59895658493042,7.017449855804443
194200,1,fcst,7.1577467918396,0.4609423577785492,0.1256103515625,7.9925737380981445,8.44190788269043
194200,2,fcst,6.425900459289551,0.6615163087844849,0.65966796875,9.872184753417969,10.054476737976074
194200,0,enc,7.17451286315918,0.8441324830055237,0.4267578125,0.9632127285003662,0.9922654628753662
194200,1,enc,5.04017972946167,0.4422783851623535,0.0858154296875,1.2317010164260864,1.211940884590149
194200,2,enc,16.257646560668945,0.6659125685691833,0.62353515625,1.3044184446334839,1.2527216672897339
194400,0,enc,7.209549427032471,0.8589047789573669,0.505859375,0.9347324371337891,1.00455904006958
194400,1,enc,5.0736894607543945,0.46102166175842285,0.11553955078125,1.7068564891815186,1.6540272235870361
194400,2,enc,16.23965835571289,0.8179413676261902,0.611328125,1.7523826360702515,1.7489006519317627
194400,0,fcst,7.483243465423584,0.6655868291854858,0.3173828125,5.891901016235352,7.910130500793457
194400,1,fcst,7.066649913787842,0.4635484218597412,0.11785888671875,8.105952262878418,8.659880638122559
194400,2,fcst,6.238924503326416,0.7433132529258728,0.7880859375,8.770891189575195,9.233402252197266
194400,0,enc,7.197739601135254,0.859021008014679,0.47314453125,0.9559878706932068,0.9733065962791443
194400,1,enc,5.099210739135742,0.45674800872802734,0.09619140625,1.0238696336746216,1.0544403791427612
194400,2,enc,16.185226440429688,0.6521549224853516,0.5869140625,1.054732084274292,1.0920907258987427
194600,0,enc,7.250113487243652,0.8730596899986267,0.4677734375,1.0265682935714722,1.0084633827209473
194600,1,enc,5.086241722106934,0.47305333614349365,0.12347412109375,1.4399735927581787,1.4521721601486206
194600,2,enc,16.362228393554688,0.8683748245239258,0.63427734375,1.56223464012146,1.4636290073394775
194600,0,fcst,7.473254680633545,0.5983595848083496,0.2802734375,5.837114334106445,7.010533332824707
194600,1,fcst,7.21962308883667,0.4947556257247925,0.1260986328125,8.309447288513184,8.814769744873047
194600,2,fcst,6.2057085037231445,0.7114174365997314,0.67822265625,8.977524757385254,9.564004898071289
194600,0,enc,7.329331398010254,0.865628719329834,0.467529296875,1.030327320098877,1.005028247833252
194600,1,enc,5.089426517486572,0.47778284549713135,0.105224609375,1.4001960754394531,1.3603401184082031
194600,2,enc,16.316967010498047,0.6647214293479919,0.59423828125,1.425144910812378,1.3937333822250366
194800,0,enc,7.289210796356201,0.8633589744567871,0.5341796875,0.9853572249412537,1.080504298210144
194800,1,enc,4.939004421234131,0.49895337224006653,0.0926513671875,1.9017040729522705,1.9017040729522705
194800,2,enc,16.197429656982422,0.731787383556366,0.63623046875,1.8526616096496582,1.8417091369628906
194800,0,fcst,7.5121660232543945,0.6109471321105957,0.286865234375,6.314641952514648,7.596159934997559
194800,1,fcst,7.358437538146973,0.5011298656463623,0.159912109375,8.258309364318848,8.734112739562988
194800,2,fcst,6.224349498748779,0.7116670608520508,0.74609375,8.769694328308105,9.69010066986084
194800,0,enc,7.303258895874023,0.8640761971473694,0.458740234375,0.8420833349227905,0.8938853740692139
194800,1,enc,4.966973304748535,0.5038139820098877,0.07574462890625,1.3754494190216064,1.3463356494903564
194800,2,enc,16.162355422973633,0.6575363874435425,0.57763671875,1.3223785161972046,1.2935088872909546
195000,0,enc,7.222635269165039,0.8491631150245667,0.50439453125,0.8962160348892212,1.012925624847412
195000,1,enc,4.950401782989502,0.451884001493454,0.09735107421875,1.8679852485656738,1.8679852485656738
195000,2,enc,15.958381652832031,0.8106083869934082,0.70556640625,1.9652204513549805,1.9652204513549805
195000,0,fcst,7.454197406768799,0.717655599117279,0.27783203125,6.0420098304748535,6.905735015869141
195000,1,fcst,7.17275333404541,0.4990904629230499,0.145263671875,8.01531982421875,8.23059368133545
195000,2,fcst,6.457386493682861,0.6746236085891724,0.72021484375,8.628804206848145,8.867439270019531
195000,0,enc,7.282292366027832,0.8511884212493896,0.459716796875,0.9208621382713318,0.9727115035057068
195000,1,enc,4.944079399108887,0.45638731122016907,0.08685302734375,1.7402187585830688,1.7103573083877563
195000,2,enc,15.953740119934082,0.6503733396530151,0.63037109375,1.7535227537155151,1.6905955076217651
195200,0,enc,7.35166072845459,0.8707206845283508,0.53076171875,0.9131152629852295,1.0497325658798218
195200,1,enc,4.93540620803833,0.4548878073692322,0.10772705078125,1.7358869314193726,1.635246753692627
195200,2,enc,15.95688533782959,0.730832040309906,0.6318359375,1.6617366075515747,1.597819209098816
195200,0,fcst,7.401354789733887,0.7043538093566895,0.269775390625,6.08978796005249,7.186941623687744
195200,1,fcst,7.37373685836792,0.5924017429351807,0.13037109375,8.20744514465332,8.75540542602539
195200,2,fcst,6.318022727966309,0.7672039866447449,0.66650390625,10.032565116882324,10.285250663757324
195200,0,enc,7.376278877258301,0.8698970079421997,0.462646484375,0.925101101398468,0.9586509466171265
195200,1,enc,4.9347004890441895,0.46106189489364624,0.090576171875,1.6133915185928345,1.5548412799835205
195200,2,enc,15.992444038391113,0.6757325530052185,0.60986328125,1.5514402389526367,1.5346555709838867
195400,0,enc,7.396582126617432,0.878425657749176,0.480712890625,0.9818342924118042,1.018591046333313
195400,1,enc,4.899015426635742,0.4741664230823517,0.1156005859375,1.859678030014038,1.7887415885925293
195400,2,enc,16.035568237304688,0.7930787205696106,0.654296875,1.8029389381408691,1.7636051177978516
195400,0,fcst,7.4768595695495605,0.7365664839744568,0.2861328125,6.019481182098389,7.267566680908203
195400,1,fcst,7.267337322235107,0.5315871238708496,0.1361083984375,8.555703163146973,9.692668914794922
195400,2,fcst,6.41903829574585,0.6452265381813049,0.779296875,10.274576187133789,10.967935562133789
195400,0,enc,7.402205467224121,0.8837442398071289,0.447265625,0.9813483357429504,1.0115149021148682
195400,1,enc,4.838476181030273,0.48533543944358826,0.09808349609375,1.8414932489395142,1.7985550165176392
195400,2,enc,15.994091033935547,0.6949213743209839,0.6123046875,1.756717324256897,1.7566313743591309
195600,0,enc,7.440577030181885,0.8492980003356934,0.50537109375,1.0444728136062622,1.082145094871521
195600,1,enc,4.918473243713379,0.4646690785884857,0.0972900390625,1.051615595817566,1.0957982540130615
195600,2,enc,15.978938102722168,0.7750393152236938,0.69091796875,1.3641724586486816,1.2408814430236816
195600,0,fcst,7.470378875732422,0.413032591342926,0.2763671875,5.691705226898193,7.1424431800842285
195600,1,fcst,7.360634803771973,0.47192513942718506,0.122802734375,8.59937858581543,9.10610580444336
195600,2,fcst,6.228672027587891,0.6638904809951782,0.74951171875,9.194814682006836,9.416860580444336
195600,0,enc,7.427128314971924,0.8498685359954834,0.448974609375,0.9666861295700073,1.0212903022766113
195600,1,enc,4.920223236083984,0.4639792740345001,0.0838623046875,1.0297636985778809,1.0571074485778809
195600,2,enc,15.9675874710083,0.6667753458023071,0.5830078125,1.0628875494003296,1.0731796026229858
195800,0,enc,7.280682563781738,0.8556743264198303,0.501953125,1.0449331998825073,1.1066125631332397
195800,1,enc,4.885588645935059,0.4236293435096741,0.11834716796875,2.021976947784424,2.001699686050415
195800,2,enc,16.1229190826416,0.6824963092803955,0.6171875,1.991508960723877,1.9824215173721313
195800,0,fcst,7.423175811767578,0.7186059355735779,0.286376953125,6.348665714263916,7.281857013702393
195800,1,fcst,7.292041778564453,0.46276986598968506,0.1337890625,7.973167419433594,8.679004669189453
195800,2,fcst,6.52069616317749,0.617216944694519,0.7578125,10.54469108581543,11.046807289123535
195800,0,enc,7.365307807922363,0.8609861135482788,0.4091796875,0.9910046458244324,1.0299146175384521
195800,1,enc,4.8824615478515625,0.41644078493118286,0.0791015625,1.8362581729888916,1.8299944400787354
195800,2,enc,16.163427352905273,0.6925884485244751,0.61083984375,1.837119698524475,1.8393398523330688
196000,0,enc,7.410604953765869,0.8666367530822754,0.49755859375,0.9564723372459412,0.9940428733825684
196000,1,enc,4.8641037940979,0.43474140763282776,0.109375,2.0005762577056885,1.9362519979476929
196000,2,enc,15.988941192626953,0.8245649933815002,0.6025390625,1.9362519979476929,1.833373785018921
196000,0,fcst,7.446452617645264,0.6640653610229492,0.297607421875,5.9121479988098145,6.912280082702637
196000,1,fcst,7.181074142456055,0.5673864483833313,0.123046875,7.642251014709473,8.033862113952637
196000,2,fcst,6.467770099639893,0.5514608025550842,0.71142578125,11.304637908935547,11.431794166564941
196000,0,enc,7.435321807861328,0.8647974729537964,0.409423828125,0.9170706868171692,0.9546661376953125
196000,1,enc,4.849912166595459,0.4248354732990265,0.08172607421875,1.396392583847046,1.360564947128296
196000,2,enc,15.968270301818848,0.7039970755577087,0.59912109375,1.3705968856811523,1.3773915767669678
196200,0,enc,7.402925968170166,0.8625524640083313,0.469482421875,0.9245998859405518,1.0156779289245605
196200,1,enc,4.824032306671143,0.4310777485370636,0.126220703125,1.0255725383758545,1.0261666774749756
196200,2,enc,16.1060848236084,0.8593493700027466,0.626953125,1.404523491859436,1.40387761592865
196200,0,fcst,7.393921375274658,0.4243897795677185,0.269775390625,5.782833099365234,6.922269821166992
196200,1,fcst,7.1908087730407715,0.4862455725669861,0.129638671875,7.514793395996094,8.230938911437988
196200,2,fcst,6.111408233642578,0.5457378625869751,0.830078125,8.705795288085938,8.699832916259766
196200,0,enc,7.486686706542969,0.8549696207046509,0.413818359375,0.824998676776886,0.9142933487892151
196200,1,enc,4.833093166351318,0.4307419955730438,0.08502197265625,1.2428624629974365,1.2152745723724365
196200,2,enc,16.09916114807129,0.7026997804641724,0.599609375,1.083856225013733,1.090539574623108
196400,0,enc,7.577417373657227,0.8579085469245911,0.491455078125,0.9552638530731201,1.0976792573928833
196400,1,enc,4.775054931640625,0.46333569288253784,0.1092529296875,1.758570671081543,1.7415401935577393
196400,2,enc,16.184829711914062,0.7788117527961731,0.701171875,1.8169822692871094,1.8170862197875977
196400,0,fcst,7.298879146575928,0.6751211285591125,0.294921875,5.827136516571045,6.897429466247559
196400,1,fcst,7.032042980194092,0.4699980616569519,0.12335205078125,7.804956912994385,8.431417465209961
196400,2,fcst,6.402857303619385,0.6953092813491821,0.69189453125,9.810418128967285,10.190070152282715
196400,0,enc,7.549822807312012,0.862956702709198,0.446533203125,0.8951984643936157,0.9742853045463562
196400,1,enc,4.787332534790039,0.4661639928817749,0.10748291015625,1.395866870880127,1.4187703132629395
196400,2,enc,16.124425888061523,0.698119044303894,0.6162109375,1.4234808683395386,1.4221383333206177
196600,0,enc,7.447238922119141,0.8851562738418579,0.477294921875,0.9897785186767578,1.0080955028533936
196600,1,enc,4.826071262359619,0.46368685364723206,0.1265869140625,1.755232334136963,1.739668369293213
196600,2,enc,16.07697868347168,0.768386721611023,0.6572265625,1.7621464729309082,1.7212190628051758
196600,0,fcst,7.366539478302002,0.6350325345993042,0.302978515625,6.209532260894775,7.289783477783203
196600,1,fcst,7.0252814292907715,0.51604825258255,0.12469482421875,8.716670989990234,9.271683692932129
196600,2,fcst,6.21610689163208,0.5609605312347412,0.67822265625,9.970287322998047,10.42805290222168
196600,0,enc,7.4377851486206055,0.8782734274864197,0.391357421875,0.9873728156089783,0.9952158331871033
196600,1,enc,4.822242259979248,0.4705533981323242,0.10321044921875,1.5488523244857788,1.5275052785873413
196600,2,enc,16.0965633392334,0.7012504935264587,0.599609375,1.5328229665756226,1.5310920476913452
196800,0,enc,7.652594566345215,0.8507452607154846,0.48779296875,0.8709501028060913,0.9200003743171692
196800,1,enc,4.864188194274902,0.47359851002693176,0.1419677734375,2.136582374572754,2.083040952682495
196800,2,enc,15.959428787231445,0.7988089919090271,0.685546875,2.0259132385253906,2.035933256149292
196800,0,fcst,7.3602118492126465,0.7393931746482849,0.26708984375,5.87027645111084,7.2723164558410645
196800,1,fcst,7.037234783172607,0.43073421716690063,0.1119384765625,8.4556303024292,8.774369239807129
196800,2,fcst,6.394334316253662,0.5884194374084473,0.6357421875,9.971612930297852,10.63044548034668
196800,0,enc,7.67199182510376,0.8478066325187683,0.4228515625,0.8642112016677856,0.9022055864334106
196800,1,enc,4.859525203704834,0.4697716534137726,0.127685546875,1.6723459959030151,1.6287974119186401
196800,2,enc,15.938321113586426,0.6852545142173767,0.56640625,1.5642876625061035,1.566511631011963
197000,0,enc,7.603758811950684,0.9083850383758545,0.45751953125,0.8952686786651611,0.9323306083679199
197000,1,enc,4.8497514724731445,0.4604499936103821,0.117431640625,1.9364433288574219,1.9364433288574219
197000,2,enc,16.061748504638672,0.7379099130630493,0.64599609375,1.8979545831680298,1.8345458507537842
197000,0,fcst,7.288578987121582,0.5310789346694946,0.27587890625,6.216254711151123,7.440767288208008
197000,1,fcst,6.81397008895874,0.5648080706596375,0.1153564453125,7.920724868774414,8.56200122833252
197000,2,fcst,6.106943607330322,0.643192708492279,0.697265625,10.305156707763672,10.305156707763672
197000,0,enc,7.56295919418335,0.9042392373085022,0.405517578125,0.9006600379943848,0.9355416297912598
197000,1,enc,4.8287577629089355,0.45834335684776306,0.09234619140625,1.7553552389144897,1.7230371236801147
197000,2,enc,16.018531799316406,0.6580572128295898,0.62060546875,1.68421471118927,1.632914662361145
197200,0,enc,7.494451522827148,0.9041104316711426,0.4736328125,0.8962383270263672,0.9437928795814514
197200,1,enc,4.929171085357666,0.44760867953300476,0.103271484375,1.4528391361236572,1.4256106615066528
197200,2,enc,16.22425651550293,0.8134313821792603,0.67626953125,1.4239200353622437,1.3661401271820068
197200,0,fcst,7.3768534660339355,0.4941827356815338,0.27099609375,6.525628089904785,7.432609558105469
197200,1,fcst,6.780949115753174,0.4523749351501465,0.1141357421875,8.04687786102295,8.61739444732666
197200,2,fcst,6.059630870819092,0.5611691474914551,0.6796875,10.473287582397461,9.630487442016602
197200,0,enc,7.4744391441345215,0.9005364179611206,0.443603515625,0.90434330701828,0.95878666639328
197200,1,enc,4.916940212249756,0.4527796804904938,0.09869384765625,1.4691362380981445,1.4136857986450195
197200,2,enc,16.14803123474121,0.6758815050125122,0.6826171875,1.4480314254760742,1.3819303512573242
197400,0,enc,7.342615604400635,0.8593684434890747,0.45263671875,1.069854497909546,1.1175297498703003
197400,1,enc,5.041201591491699,0.4449131190776825,0.12042236328125,1.5906157493591309,1.6746407747268677
197400,2,enc,16.040386199951172,0.7901495695114136,0.626953125,1.6001007556915283,1.5757883787155151
197400,0,fcst,7.431732654571533,0.5618640780448914,0.25830078125,6.429818153381348,7.762424945831299
197400,1,fcst,6.779903888702393,0.4361597001552582,0.1197509765625,8.622336387634277,8.974169731140137
197400,2,fcst,6.342044353485107,0.6302657127380371,0.66796875,9.502607345581055,9.642162322998047
197400,0,enc,7.332388877868652,0.856551468372345,0.400390625,0.9527568817138672,1.0163577795028687
197400,1,enc,5.019867420196533,0.45529091358184814,0.1053466796875,1.3700029850006104,1.3576815128326416
197400,2,enc,16.01317596435547,0.6663280725479126,0.59814453125,1.3423528671264648,1.3374319076538086
197600,0,enc,7.222397804260254,0.9248579740524292,0.51708984375,1.0239640474319458,0.9946879744529724
197600,1,enc,5.139647960662842,0.45469868183135986,0.10821533203125,1.0221493244171143,1.106174349784851
197600,2,enc,15.968012809753418,0.7504690289497375,0.69140625,1.1764658689498901,1.1764658689498901
197600,0,fcst,7.503161907196045,0.4166106879711151,0.280517578125,6.120301723480225,7.298893928527832
197600,1,fcst,6.760221004486084,0.4849114418029785,0.115234375,7.549137115478516,7.987918853759766
197600,2,fcst,6.36010217666626,0.5777397155761719,0.67431640625,7.8007354736328125,8.748001098632812
197600,0,enc,7.213822841644287,0.9112932682037354,0.43603515625,0.9766385555267334,0.9869687557220459
197600,1,enc,5.115166664123535,0.4566563665866852,0.09857177734375,0.9661777019500732,1.0298354625701904
197600,2,enc,15.935970306396484,0.6894341707229614,0.65966796875,1.0338788032531738,1.081005573272705
197800,0,enc,7.128011703491211,0.9180272221565247,0.460205078125,0.9916850328445435,1.1088725328445435
197800,1,enc,5.224853038787842,0.4955056607723236,0.126708984375,1.920571208000183,1.920571208000183
197800,2,enc,15.823145866394043,0.738953173160553,0.66845703125,2.0020620822906494,1.9583202600479126
197800,0,fcst,7.339418411254883,0.6296489834785461,0.31298828125,6.125592231750488,7.615283012390137
197800,1,fcst,6.752425193786621,0.4713275134563446,0.11236572265625,8.429573059082031,8.880147933959961
197800,2,fcst,6.757236003875732,0.6472865343093872,0.77490234375,10.338768005371094,9.818748474121094
197800,0,enc,7.141402244567871,0.9193565845489502,0.39404296875,0.8619835376739502,0.9518156051635742
197800,1,enc,5.240306854248047,0.49669149518013,0.1202392578125,1.5695065259933472,1.5389736890792847
197800,2,enc,15.820768356323242,0.6862517595291138,0.64404296875,1.587071180343628,1.541447401046753
198000,0,enc,7.093073844909668,0.8896311521530151,0.452880859375,0.9900489449501038,1.1000478267669678
198000,1,enc,5.326174736022949,0.46262624859809875,0.12744140625,1.5614922046661377,1.5971648693084717
198000,2,enc,15.902555465698242,0.7840250134468079,0.701171875,1.5932812690734863,1.575979471206665
198000,0,fcst,7.343715190887451,0.553679347038269,0.294921875,6.709769248962402,7.3339924812316895
198000,1,fcst,6.64034366607666,0.44491130113601685,0.1265869140625,8.207830429077148,8.605237007141113
198000,2,fcst,6.269339561462402,0.5154010057449341,0.912109375,8.466608047485352,8.809218406677246
198000,0,enc,7.0031208992004395,0.8879465460777283,0.384765625,0.9634200930595398,0.9820803999900818
198000,1,enc,5.314007759094238,0.46791571378707886,0.135986328125,1.4161598682403564,1.3944772481918335
198000,2,enc,15.898711204528809,0.6826423406600952,0.6435546875,1.3477123975753784,1.3522480726242065
198200,0,enc,7.064733982086182,0.8795254826545715,0.435791015625,0.9357075691223145,1.0288076400756836
198200,1,enc,5.33497428894043,0.4607428312301636,0.125,1.8955856561660767,1.8737317323684692
198200,2,enc,15.944110870361328,0.7954991459846497,0.6650390625,1.8737317323684692,1.8295490741729736
198200,0,fcst,7.405806541442871,0.631591796875,0.265625,6.092954635620117,8.881794929504395
198200,1,fcst,6.587607383728027,0.4777528643608093,0.1507568359375,9.279033660888672,9.724725723266602
198200,2,fcst,6.662353992462158,0.6378697156906128,0.7529296875,10.128561019897461,10.08475112915039
198200,0,enc,7.076679706573486,0.8844193816184998,0.388427734375,0.85295569896698,0.9418573379516602
198200,1,enc,5.313481330871582,0.46307262778282166,0.10638427734375,1.7124042510986328,1.727365493774414
198200,2,enc,15.892376899719238,0.7933111190795898,0.6435546875,1.7270146608352661,1.6861821413040161
198400,0,enc,6.86194372177124,0.8922128677368164,0.471923828125,0.9397339224815369,1.0331177711486816
198400,1,enc,5.349538326263428,0.47826796770095825,0.10919189453125,2.0395376682281494,2.0236260890960693
198400,2,enc,15.671846389770508,0.7281097173690796,0.6943359375,1.973451852798462,1.9624061584472656
198400,0,fcst,7.310405731201172,0.6710551381111145,0.2724609375,6.295416355133057,7.282417297363281
198400,1,fcst,6.670550346374512,0.4451376497745514,0.1175537109375,8.306163787841797,8.891558647155762
198400,2,fcst,6.454416751861572,0.6479694247245789,0.79833984375,8.900357246398926,9.034387588500977
198400,0,enc,6.878233909606934,0.8948901891708374,0.3701171875,0.9159197211265564,0.9738009572029114
198400,1,enc,5.322982311248779,0.4803139865398407,0.09344482421875,1.4051073789596558,1.4061884880065918
198400,2,enc,15.669005393981934,0.6970042586326599,0.6513671875,1.3772159814834595,1.3635560274124146
198600,0,enc,6.785383701324463,0.890492856502533,0.4423828125,1.005387544631958,1.0570518970489502
198600,1,enc,5.360767841339111,0.49615567922592163,0.11566162109375,1.7645219564437866,1.7201697826385498
198600,2,enc,15.701057434082031,0.7706419229507446,0.634765625,1.7279952764511108,1.7294225692749023
198600,0,fcst,7.329663276672363,0.5737435221672058,0.267333984375,5.959018230438232,7.398003578186035
198600,1,fcst,6.653398036956787,0.49061694741249084,0.1343994140625,8.312542915344238,8.745757102966309
198600,2,fcst,6.489614009857178,0.5295590758323669,0.66064453125,8.952094078063965,9.150965690612793
198600,0,enc,6.759608745574951,0.8850811123847961,0.3662109375,0.9551628828048706,0.9595177173614502
198600,1,enc,5.348982334136963,0.49235743284225464,0.1085205078125,1.697187900543213,1.6970340013504028
198600,2,enc,15.695837020874023,0.6687262654304504,0.64697265625,1.6285258531570435,1.7150737047195435
198800,0,enc,6.84820032119751,0.8693705797195435,0.44384765625,0.9984068274497986,1.0597903728485107
198800,1,enc,5.3730363845825195,0.4934684932231903,0.11016845703125,1.0977808237075806,1.0923280715942383
198800,2,enc,15.67926025390625,0.7293338775634766,0.67431640625,1.0797171592712402,1.0797171592712402
198800,0,fcst,7.2968950271606445,0.4419081509113312,0.27978515625,5.939877510070801,7.361048698425293
198800,1,fcst,6.681929111480713,0.4992467164993286,0.1072998046875,8.478533744812012,9.295591354370117
198800,2,fcst,6.248458385467529,0.6068783402442932,0.6025390625,9.289426803588867,10.231809616088867
198800,0,enc,6.83977746963501,0.8766555786132812,0.38330078125,0.9893847703933716,0.9698687791824341
198800,1,enc,5.374233722686768,0.4927475154399872,0.09271240234375,0.9640002250671387,0.9951256513595581
198800,2,enc,15.659760475158691,0.743095338344574,0.673828125,1.0086872577667236,1.0536396503448486
199000,0,enc,6.810057163238525,0.8785722851753235,0.456298828125,0.9873213171958923,1.0748728513717651
199000,1,enc,5.42613410949707,0.503416121006012,0.10009765625,1.8163291215896606,1.8315540552139282
199000,2,enc,15.66340446472168,0.7447819709777832,0.6748046875,1.9182528257369995,1.9098223447799683
199000,0,fcst,7.27914571762085,0.6160609722137451,0.268798828125,6.121737480163574,6.752064228057861
199000,1,fcst,6.69318962097168,0.5050140619277954,0.11090087890625,7.645664691925049,7.874614238739014
199000,2,fcst,6.722410202026367,0.5199253559112549,0.6494140625,8.871272087097168,9.272747993469238
199000,0,enc,6.781431674957275,0.8800112009048462,0.391357421875,0.9044983386993408,0.9453109502792358
199000,1,enc,5.411413669586182,0.508245050907135,0.08953857421875,1.479729413986206,1.466865062713623
199000,2,enc,15.696821212768555,0.7171567678451538,0.6875,1.562743902206421,1.530029058456421
199200,0,enc,6.8526177406311035,0.8682422637939453,0.415283203125,0.9977829456329346,1.0466516017913818
199200,1,enc,5.4513959884643555,0.475240021944046,0.1043701171875,1.913370966911316,1.8791234493255615
199200,2,enc,15.666969299316406,0.7903313040733337,0.6806640625,1.9085663557052612,1.9299964904785156
199200,0,fcst,7.27660608291626,0.6981808543205261,0.294189453125,6.440141677856445,7.237146377563477
199200,1,fcst,6.7526164054870605,0.48358121514320374,0.148193359375,8.520118713378906,9.051259994506836
199200,2,fcst,6.734716892242432,0.5229930281639099,0.6240234375,10.197872161865234,10.197872161865234
199200,0,enc,6.862210273742676,0.8645967245101929,0.379638671875,0.9750491380691528,0.9625827074050903
199200,1,enc,5.446063041687012,0.47327834367752075,0.09210205078125,1.7174043655395508,1.6984834671020508
199200,2,enc,15.641377449035645,0.7119544744491577,0.6474609375,1.722669005393982,1.744611144065857
199400,0,enc,7.025961875915527,0.8725683689117432,0.3955078125,0.9816172122955322,1.0549124479293823
199400,1,enc,5.434250354766846,0.4663781523704529,0.0960693359375,1.9684087038040161,1.9174104928970337
199400,2,enc,15.624838829040527,0.7783211469650269,0.6728515625,2.0861899852752686,2.0936880111694336
199400,0,fcst,7.241184711456299,0.7297754883766174,0.273193359375,6.28247594833374,7.292133331298828
199400,1,fcst,6.7699875831604,0.5294185876846313,0.1258544921875,7.823369979858398,8.302212715148926
199400,2,fcst,6.300768852233887,0.5619761347770691,0.68798828125,9.387725830078125,10.25632381439209
199400,0,enc,6.981886863708496,0.8709027171134949,0.35400390625,0.8830046653747559,0.9678435325622559
199400,1,enc,5.4377241134643555,0.4839661419391632,0.077392578125,1.7507798671722412,1.6865708827972412
199400,2,enc,15.618476867675781,0.6985652446746826,0.66064453125,1.7558420896530151,1.7248972654342651
199600,0,enc,7.047589302062988,0.8569672107696533,0.422119140625,1.0455492734909058,1.108647108078003
199600,1,enc,5.524374961853027,0.4919643700122833,0.10577392578125,1.475091814994812,1.475091814994812
199600,2,enc,15.647710800170898,0.6958304643630981,0.73193359375,1.3862218856811523,1.47987699508667
199600,0,fcst,7.215330600738525,0.4932432472705841,0.328857421875,6.086490631103516,7.824473857879639
199600,1,fcst,6.809999465942383,0.41786059737205505,0.11614990234375,8.627881050109863,9.150884628295898
199600,2,fcst,6.116630554199219,0.574684202671051,0.6845703125,9.14830493927002,9.14830493927002
199600,0,enc,7.071799278259277,0.8634865880012512,0.35009765625,1.0715928077697754,1.1544785499572754
199600,1,enc,5.5064377784729,0.4908851981163025,0.075439453125,1.5795913934707642,1.5684829950332642
199600,2,enc,15.64338493347168,0.7057939767837524,0.62255859375,1.5921566486358643,1.5859577655792236
199800,0,enc,6.9514007568359375,0.8131597638130188,0.406982421875,1.01225745677948,1.0981813669204712
199800,1,enc,5.604578018188477,0.527015209197998,0.11279296875,1.7114899158477783,1.7320383787155151
199800,2,enc,15.545746803283691,0.6936517357826233,0.7109375,1.6723140478134155,1.6556650400161743
199800,0,fcst,7.206796169281006,0.5840137004852295,0.270751953125,6.0967559814453125,7.420312404632568
199800,1,fcst,6.749861717224121,0.41986116766929626,0.10394287109375,8.63746452331543,8.523736000061035
199800,2,fcst,6.237964153289795,0.5710437893867493,0.63427734375,10.223350524902344,10.223350524902344
199800,0,enc,6.944507122039795,0.8154346942901611,0.36669921875,1.0128511190414429,1.0472139120101929
199800,1,enc,5.59608793258667,0.5212622880935669,0.0667724609375,1.665465235710144,1.6645034551620483
199800,2,enc,15.522256851196289,0.6961671710014343,0.60400390625,1.6488587856292725,1.6166322231292725
200000,0,enc,6.894367218017578,0.7986710667610168,0.366943359375,0.9757632613182068,1.0440887212753296
200000,1,enc,5.735658645629883,0.5080294609069824,0.091552734375,1.4320542812347412,1.4330625534057617
200000,2,enc,15.537208557128906,0.8541881442070007,0.6669921875,1.3884007930755615,1.4148494005203247
200000,0,fcst,7.186703681945801,0.48896658420562744,0.26708984375,5.950154781341553,6.659671306610107
200000,1,fcst,6.637955665588379,0.4376893937587738,0.10931396484375,7.3849945068359375,7.972559452056885
200000,2,fcst,5.531571865081787,0.5163324475288391,0.57763671875,7.894306182861328,8.291719436645508
200000,0,enc,6.888739109039307,0.7980800867080688,0.345458984375,0.9691805243492126,1.0012850761413574
200000,1,enc,5.719870090484619,0.5087526440620422,0.07574462890625,0.9637263417243958,0.9903804659843445
200000,2,enc,15.509761810302734,0.7587641477584839,0.6181640625,1.0457103252410889,1.0303294658660889
