  [checkpoint] Branching to 'bb_small_arm5_combab_lalign_lrep_enc3l3_b64_200k_sigreg_ema_qk_aon_cpc_tau090_alignteacher_cf373k3_r3'.
  [checkpoint] Restored optimizer from /root/cf373_runs/bb_small_arm5_combab_lalign_lrep_enc3l3_b64_200k_sigreg_ema_qk_aon_cpc_tau090_alignteacher_cf373k3/bb_small_arm5_combab_lalign_lrep_enc3l3_b64_200k_sigreg_ema_qk_aon_cpc_tau090_alignteacher_cf373k3_r2_100k_optimizer.pth (step=100000, best_ff=-0.1176)
Resumed from /root/cf373_runs/bb_small_arm5_combab_lalign_lrep_enc3l3_b64_200k_sigreg_ema_qk_aon_cpc_tau090_alignteacher_cf373k3/bb_small_arm5_combab_lalign_lrep_enc3l3_b64_200k_sigreg_ema_qk_aon_cpc_tau090_alignteacher_cf373k3_r2_100k.pth at step 100000
Device: cuda | Params: 720,668
Training for 200000 steps, bs=64, lr=0.001, T=4096, C=1, mix_ratio=0.0078125, freq_emb_dim=3, seasonality_emb_dim=3, mixup_p=0.3, rev_norm_kind=ewma(span=128), patch_stats=none, encoder_type=gru
Checkpoints: /root/cf373_runs/bb_small_arm5_combab_lalign_lrep_enc3l3_b64_200k_sigreg_ema_qk_aon_cpc_tau090_alignteacher_cf373k3/bb_small_arm5_combab_lalign_lrep_enc3l3_b64_200k_sigreg_ema_qk_aon_cpc_tau090_alignteacher_cf373k3_r3_*.pth
Loss CSV: /root/cf373_runs/bb_small_arm5_combab_lalign_lrep_enc3l3_b64_200k_sigreg_ema_qk_aon_cpc_tau090_alignteacher_cf373k3/bb_small_arm5_combab_lalign_lrep_enc3l3_b64_200k_sigreg_ema_qk_aon_cpc_tau090_alignteacher_cf373k3_r3_losses.csv
Latent-drift CSV: /root/cf373_runs/bb_small_arm5_combab_lalign_lrep_enc3l3_b64_200k_sigreg_ema_qk_aon_cpc_tau090_alignteacher_cf373k3/bb_small_arm5_combab_lalign_lrep_enc3l3_b64_200k_sigreg_ema_qk_aon_cpc_tau090_alignteacher_cf373k3_r3_latent_drift.csv (every 20000 steps, probe_bs=64, probe_seed=20260722)
Attn-amplitude CSV: /root/cf373_runs/bb_small_arm5_combab_lalign_lrep_enc3l3_b64_200k_sigreg_ema_qk_aon_cpc_tau090_alignteacher_cf373k3/bb_small_arm5_combab_lalign_lrep_enc3l3_b64_200k_sigreg_ema_qk_aon_cpc_tau090_alignteacher_cf373k3_r3_attn_amplitude.csv (every 200 steps)
Data: MIX 99% HF + 1% synth (forked-arma) + 0% crossfade + 1 triplet(s)=3 rows, hf_bs=64, synth_bs=0, cross_bs=0, total_bs=67
  [dataloader] 4274 shards, 42740000 total rows, target skip 6400000
  [dataloader] Fast-skip: starting at shard 640/4274, then skipping 0 rows within it
[ 100200] loss=14.6069  ema_loss=14.4467  gap=-0.1844  ema_gap=-0.1717  mixup=55/200  2.7 sps  ETA 10.2h
              R²_rand=0.5025  R²_naive=0.2035  U_t=0.1335  U_b=0.5312  AUC=0.9781  Top1=0.5297
  timing: data=50.8ms  fwd=162.5ms  bwd=145.7ms  total=359.8ms
[ 100400] loss=14.4937  ema_loss=14.4581  gap=-0.1768  ema_gap=-0.1743  mixup=57/200  2.9 sps  ETA 9.5h
              R²_rand=0.5485  R²_naive=0.2058  U_t=0.1252  U_b=0.5424  AUC=0.9840  Top1=0.5867
  timing: data=5.2ms  fwd=158.0ms  bwd=141.3ms  total=305.3ms
[ 100600] loss=14.3711  ema_loss=14.4770  gap=-0.1726  ema_gap=-0.1749  mixup=68/200  3.0 sps  ETA 9.2h
              R²_rand=0.5464  R²_naive=0.2039  U_t=0.1177  U_b=0.5275  AUC=0.9856  Top1=0.5756
  timing: data=5.4ms  fwd=160.7ms  bwd=144.8ms  total=311.6ms
[ 100800] loss=14.7137  ema_loss=14.4764  gap=-0.1827  ema_gap=-0.1750  mixup=51/200  3.0 sps  ETA 9.3h
              R²_rand=0.4754  R²_naive=0.1835  U_t=0.1595  U_b=0.4656  AUC=0.9722  Top1=0.4361
  timing: data=32.0ms  fwd=159.1ms  bwd=139.6ms  total=331.5ms
[ 101000] loss=14.5636  ema_loss=14.4740  gap=-0.1851  ema_gap=-0.1754  mixup=56/200  3.0 sps  ETA 9.1h
              R²_rand=0.5143  R²_naive=0.1974  U_t=0.1326  U_b=0.5115  AUC=0.9796  Top1=0.5631
  timing: data=5.0ms  fwd=160.2ms  bwd=142.4ms  total=308.4ms
[ 101200] loss=14.4877  ema_loss=14.4885  gap=-0.1789  ema_gap=-0.1775  mixup=66/200  3.0 sps  ETA 9.1h
              R²_rand=0.5344  R²_naive=0.1990  U_t=0.1371  U_b=0.5388  AUC=0.9748  Top1=0.5330
  timing: data=5.0ms  fwd=160.1ms  bwd=141.8ms  total=307.7ms
[ 101400] loss=14.6934  ema_loss=14.5061  gap=-0.1855  ema_gap=-0.1787  mixup=49/200  3.0 sps  ETA 9.1h
              R²_rand=0.4633  R²_naive=0.1978  U_t=0.1457  U_b=0.5084  AUC=0.9785  Top1=0.5593
  timing: data=44.6ms  fwd=158.0ms  bwd=143.6ms  total=346.9ms
[ 101600] loss=14.4660  ema_loss=14.5084  gap=-0.1731  ema_gap=-0.1762  mixup=69/200  3.0 sps  ETA 9.1h
              R²_rand=0.5470  R²_naive=0.1972  U_t=0.1246  U_b=0.5302  AUC=0.9804  Top1=0.5691
  timing: data=5.2ms  fwd=157.7ms  bwd=143.5ms  total=307.1ms
[ 101800] loss=14.4663  ema_loss=14.5023  gap=-0.1767  ema_gap=-0.1766  mixup=57/200  3.0 sps  ETA 9.0h
              R²_rand=0.5219  R²_naive=0.1992  U_t=0.1225  U_b=0.4984  AUC=0.9828  Top1=0.5729
  timing: data=5.2ms  fwd=155.6ms  bwd=141.4ms  total=303.0ms
[ 102000] loss=14.4916  ema_loss=14.5065  gap=-0.1700  ema_gap=-0.1771  mixup=61/200  3.0 sps  ETA 9.0h
              R²_rand=0.5369  R²_naive=0.2010  U_t=0.1307  U_b=0.4502  AUC=0.9818  Top1=0.5311
  timing: data=25.1ms  fwd=160.1ms  bwd=142.3ms  total=328.3ms
[ 102200] loss=14.6590  ema_loss=14.5035  gap=-0.1797  ema_gap=-0.1770  mixup=50/200  3.0 sps  ETA 8.9h
              R²_rand=0.5132  R²_naive=0.1838  U_t=0.1404  U_b=0.4697  AUC=0.9812  Top1=0.5631
  timing: data=5.1ms  fwd=159.6ms  bwd=144.3ms  total=309.8ms
[ 102400] loss=14.5951  ema_loss=14.5005  gap=-0.1804  ema_gap=-0.1753  mixup=63/200  3.0 sps  ETA 8.9h
              R²_rand=0.5270  R²_naive=0.2065  U_t=0.1237  U_b=0.4986  AUC=0.9817  Top1=0.5498
  timing: data=4.7ms  fwd=159.9ms  bwd=146.3ms  total=311.7ms
[ 102600] loss=14.5530  ema_loss=14.5126  gap=-0.1695  ema_gap=-0.1767  mixup=58/200  3.0 sps  ETA 8.9h
              R²_rand=0.5482  R²_naive=0.2022  U_t=0.1316  U_b=0.4412  AUC=0.9741  Top1=0.5186
  timing: data=20.7ms  fwd=161.1ms  bwd=145.0ms  total=327.7ms
[ 102800] loss=14.4367  ema_loss=14.5264  gap=-0.1690  ema_gap=-0.1782  mixup=62/200  3.0 sps  ETA 8.9h
              R²_rand=0.5546  R²_naive=0.1987  U_t=0.1229  U_b=0.4287  AUC=0.9772  Top1=0.5240
  timing: data=5.0ms  fwd=160.8ms  bwd=140.7ms  total=307.3ms
[ 103000] loss=14.6236  ema_loss=14.4997  gap=-0.1782  ema_gap=-0.1765  mixup=65/200  3.1 sps  ETA 8.8h
              R²_rand=0.5030  R²_naive=0.1993  U_t=0.1439  U_b=0.5055  AUC=0.9765  Top1=0.5300
  timing: data=5.0ms  fwd=160.6ms  bwd=142.9ms  total=309.3ms
[ 103200] loss=14.4992  ema_loss=14.4811  gap=-0.1736  ema_gap=-0.1761  mixup=69/200  3.1 sps  ETA 8.8h
              R²_rand=0.5173  R²_naive=0.2055  U_t=0.1339  U_b=0.4987  AUC=0.9817  Top1=0.5501
  timing: data=18.8ms  fwd=159.4ms  bwd=143.8ms  total=322.9ms
[ 103400] loss=14.5238  ema_loss=14.4570  gap=-0.1918  ema_gap=-0.1720  mixup=64/200  3.1 sps  ETA 8.8h
              R²_rand=0.5177  R²_naive=0.2071  U_t=0.1312  U_b=0.5023  AUC=0.9800  Top1=0.4681
  timing: data=4.8ms  fwd=161.1ms  bwd=144.6ms  total=311.3ms
[ 103600] loss=14.5591  ema_loss=14.4460  gap=-0.1832  ema_gap=-0.1725  mixup=66/200  3.1 sps  ETA 8.7h
              R²_rand=0.5061  R²_naive=0.1959  U_t=0.1351  U_b=0.5105  AUC=0.9779  Top1=0.5045
  timing: data=4.8ms  fwd=158.6ms  bwd=145.4ms  total=309.5ms
[ 103800] loss=14.3112  ema_loss=14.4535  gap=-0.1600  ema_gap=-0.1725  mixup=65/200  3.1 sps  ETA 8.7h
              R²_rand=0.5843  R²_naive=0.2139  U_t=0.1093  U_b=0.4868  AUC=0.9835  Top1=0.4806
  timing: data=27.6ms  fwd=159.8ms  bwd=145.6ms  total=333.8ms
[ 104000] loss=14.5138  ema_loss=14.4365  gap=-0.1888  ema_gap=-0.1711  mixup=56/200  3.1 sps  ETA 8.7h
              R²_rand=0.4911  R²_naive=0.2071  U_t=0.1413  U_b=0.5473  AUC=0.9765  Top1=0.5208
  timing: data=4.8ms  fwd=157.9ms  bwd=141.0ms  total=304.6ms
[ 104200] loss=14.4433  ema_loss=14.4381  gap=-0.1712  ema_gap=-0.1716  mixup=55/200  3.1 sps  ETA 8.7h
              R²_rand=0.5490  R²_naive=0.1912  U_t=0.1273  U_b=0.4854  AUC=0.9823  Top1=0.5669
  timing: data=5.2ms  fwd=158.4ms  bwd=141.4ms  total=305.7ms
[ 104400] loss=14.3421  ema_loss=14.4517  gap=-0.1630  ema_gap=-0.1731  mixup=66/200  3.1 sps  ETA 8.7h
              R²_rand=0.5562  R²_naive=0.1971  U_t=0.1157  U_b=0.5193  AUC=0.9836  Top1=0.6076
  timing: data=18.4ms  fwd=158.2ms  bwd=144.8ms  total=322.3ms
[ 104600] loss=14.6721  ema_loss=14.4463  gap=-0.1801  ema_gap=-0.1726  mixup=57/200  3.1 sps  ETA 8.6h
              R²_rand=0.5210  R²_naive=0.2076  U_t=0.1417  U_b=0.5375  AUC=0.9795  Top1=0.6027
  timing: data=5.3ms  fwd=158.6ms  bwd=141.8ms  total=306.5ms
[ 104800] loss=14.5811  ema_loss=14.4122  gap=-0.1848  ema_gap=-0.1714  mixup=62/200  3.1 sps  ETA 8.6h
              R²_rand=0.4870  R²_naive=0.1890  U_t=0.1486  U_b=0.4949  AUC=0.9763  Top1=0.4953
  timing: data=4.9ms  fwd=160.6ms  bwd=143.6ms  total=310.0ms
[ 105000] loss=14.4870  ema_loss=14.3793  gap=-0.1744  ema_gap=-0.1693  mixup=67/200  3.1 sps  ETA 8.6h
              R²_rand=0.5570  R²_naive=0.2108  U_t=0.1184  U_b=0.5640  AUC=0.9844  Top1=0.5970
  timing: data=21.1ms  fwd=159.8ms  bwd=146.6ms  total=328.4ms
[ 105200] loss=14.6531  ema_loss=14.3824  gap=-0.1942  ema_gap=-0.1691  mixup=64/200  3.1 sps  ETA 8.6h
              R²_rand=0.4642  R²_naive=0.1956  U_t=0.1458  U_b=0.5690  AUC=0.9777  Top1=0.5889
  timing: data=4.8ms  fwd=159.5ms  bwd=139.7ms  total=304.8ms
[ 105400] loss=14.3879  ema_loss=14.3703  gap=-0.1745  ema_gap=-0.1690  mixup=62/200  3.1 sps  ETA 8.5h
              R²_rand=0.5096  R²_naive=0.1927  U_t=0.1410  U_b=0.4434  AUC=0.9737  Top1=0.5012
  timing: data=5.1ms  fwd=159.3ms  bwd=139.8ms  total=304.9ms
[ 105600] loss=14.3205  ema_loss=14.3571  gap=-0.1729  ema_gap=-0.1692  mixup=66/200  3.1 sps  ETA 8.5h
              R²_rand=0.5448  R²_naive=0.2169  U_t=0.1248  U_b=0.5689  AUC=0.9822  Top1=0.5585
  timing: data=5.0ms  fwd=157.1ms  bwd=138.2ms  total=301.0ms
[ 105800] loss=14.2956  ema_loss=14.3518  gap=-0.1563  ema_gap=-0.1685  mixup=58/200  3.1 sps  ETA 8.5h
              R²_rand=0.5699  R²_naive=0.2180  U_t=0.1084  U_b=0.4928  AUC=0.9806  Top1=0.4532
  timing: data=27.7ms  fwd=160.2ms  bwd=144.5ms  total=333.2ms
[ 106000] loss=14.2754  ema_loss=14.3511  gap=-0.1550  ema_gap=-0.1653  mixup=46/200  3.1 sps  ETA 8.5h
              R²_rand=0.5746  R²_naive=0.2190  U_t=0.1073  U_b=0.5050  AUC=0.9839  Top1=0.5691
  timing: data=5.7ms  fwd=159.2ms  bwd=142.4ms  total=308.1ms
[ 106200] loss=14.4035  ema_loss=14.3955  gap=-0.1657  ema_gap=-0.1684  mixup=64/200  3.1 sps  ETA 8.5h
              R²_rand=0.5412  R²_naive=0.2119  U_t=0.1152  U_b=0.5660  AUC=0.9857  Top1=0.5848
  timing: data=5.0ms  fwd=157.0ms  bwd=137.3ms  total=300.1ms
[ 106400] loss=14.5470  ema_loss=14.3688  gap=-0.1719  ema_gap=-0.1662  mixup=51/200  3.1 sps  ETA 8.4h
              R²_rand=0.5321  R²_naive=0.2038  U_t=0.1372  U_b=0.4910  AUC=0.9833  Top1=0.6282
  timing: data=25.4ms  fwd=158.8ms  bwd=141.7ms  total=326.6ms
[ 106600] loss=14.5378  ema_loss=14.4033  gap=-0.1757  ema_gap=-0.1686  mixup=59/200  3.1 sps  ETA 8.4h
              R²_rand=0.5310  R²_naive=0.2043  U_t=0.1332  U_b=0.5284  AUC=0.9782  Top1=0.5373
  timing: data=5.1ms  fwd=158.0ms  bwd=139.4ms  total=303.3ms
[ 106800] loss=14.2772  ema_loss=14.3940  gap=-0.1625  ema_gap=-0.1698  mixup=56/200  3.1 sps  ETA 8.4h
              R²_rand=0.5817  R²_naive=0.2058  U_t=0.1147  U_b=0.4701  AUC=0.9856  Top1=0.4944
  timing: data=4.9ms  fwd=156.7ms  bwd=139.4ms  total=301.7ms
[ 107000] loss=14.6454  ema_loss=14.4473  gap=-0.1814  ema_gap=-0.1738  mixup=52/200  3.1 sps  ETA 8.4h
              R²_rand=0.4992  R²_naive=0.1920  U_t=0.1427  U_b=0.4432  AUC=0.9725  Top1=0.4659
  timing: data=76.6ms  fwd=157.9ms  bwd=139.1ms  total=374.4ms
[ 107200] loss=14.2936  ema_loss=14.4716  gap=-0.1696  ema_gap=-0.1736  mixup=65/200  3.1 sps  ETA 8.4h
              R²_rand=0.5752  R²_naive=0.2141  U_t=0.1095  U_b=0.5706  AUC=0.9837  Top1=0.5579
  timing: data=5.2ms  fwd=159.0ms  bwd=142.2ms  total=307.1ms
[ 107400] loss=14.4630  ema_loss=14.4418  gap=-0.1728  ema_gap=-0.1722  mixup=59/200  3.1 sps  ETA 8.4h
              R²_rand=0.5308  R²_naive=0.2072  U_t=0.1262  U_b=0.5311  AUC=0.9805  Top1=0.5387
  timing: data=5.3ms  fwd=158.4ms  bwd=145.5ms  total=310.1ms
[ 107600] loss=14.3191  ema_loss=14.4104  gap=-0.1686  ema_gap=-0.1707  mixup=62/200  3.1 sps  ETA 8.4h
              R²_rand=0.5564  R²_naive=0.2157  U_t=0.1097  U_b=0.5271  AUC=0.9856  Top1=0.5566
  timing: data=29.3ms  fwd=157.1ms  bwd=143.7ms  total=330.9ms
[ 107800] loss=14.4254  ema_loss=14.3925  gap=-0.1745  ema_gap=-0.1707  mixup=60/200  3.1 sps  ETA 8.3h
              R²_rand=0.5407  R²_naive=0.2069  U_t=0.1290  U_b=0.5129  AUC=0.9816  Top1=0.5951
  timing: data=4.9ms  fwd=159.2ms  bwd=145.3ms  total=310.2ms
[ 108000] loss=14.3153  ema_loss=14.4078  gap=-0.1712  ema_gap=-0.1736  mixup=57/200  3.1 sps  ETA 8.3h
              R²_rand=0.5683  R²_naive=0.2195  U_t=0.1114  U_b=0.5148  AUC=0.9847  Top1=0.5780
  timing: data=5.0ms  fwd=159.9ms  bwd=143.6ms  total=309.3ms
[ 108200] loss=14.4190  ema_loss=14.4074  gap=-0.1636  ema_gap=-0.1726  mixup=68/200  3.1 sps  ETA 8.3h
              R²_rand=0.5389  R²_naive=0.1963  U_t=0.1277  U_b=0.4889  AUC=0.9800  Top1=0.5859
  timing: data=23.0ms  fwd=160.4ms  bwd=142.5ms  total=326.7ms
[ 108400] loss=14.2574  ema_loss=14.3707  gap=-0.1614  ema_gap=-0.1671  mixup=52/200  3.1 sps  ETA 8.3h
              R²_rand=0.5869  R²_naive=0.2117  U_t=0.1099  U_b=0.4673  AUC=0.9841  Top1=0.5083
  timing: data=5.1ms  fwd=160.1ms  bwd=144.6ms  total=310.7ms
[ 108600] loss=14.4335  ema_loss=14.3619  gap=-0.1611  ema_gap=-0.1649  mixup=63/200  3.1 sps  ETA 8.3h
              R²_rand=0.5504  R²_naive=0.2160  U_t=0.1175  U_b=0.5546  AUC=0.9849  Top1=0.6092
  timing: data=5.0ms  fwd=158.9ms  bwd=139.6ms  total=304.3ms
[ 108800] loss=14.3554  ema_loss=14.3744  gap=-0.1722  ema_gap=-0.1641  mixup=66/200  3.1 sps  ETA 8.2h
              R²_rand=0.5409  R²_naive=0.2127  U_t=0.1271  U_b=0.5271  AUC=0.9829  Top1=0.5617
  timing: data=38.7ms  fwd=159.2ms  bwd=140.8ms  total=339.5ms
[ 109000] loss=14.1526  ema_loss=14.3617  gap=-0.1542  ema_gap=-0.1631  mixup=49/200  3.1 sps  ETA 8.2h
              R²_rand=0.6108  R²_naive=0.2138  U_t=0.0924  U_b=0.4121  AUC=0.9857  Top1=0.5444
  timing: data=5.2ms  fwd=157.7ms  bwd=142.7ms  total=306.4ms
[ 109200] loss=14.5763  ema_loss=14.3738  gap=-0.1726  ema_gap=-0.1632  mixup=61/200  3.1 sps  ETA 8.2h
              R²_rand=0.5477  R²_naive=0.2158  U_t=0.1188  U_b=0.5319  AUC=0.9884  Top1=0.6602
  timing: data=5.0ms  fwd=158.6ms  bwd=140.8ms  total=305.1ms
[ 109400] loss=14.4046  ema_loss=14.3375  gap=-0.1665  ema_gap=-0.1600  mixup=48/200  3.1 sps  ETA 8.2h
              R²_rand=0.5779  R²_naive=0.2138  U_t=0.1052  U_b=0.4615  AUC=0.9864  Top1=0.5579
  timing: data=17.8ms  fwd=158.5ms  bwd=142.2ms  total=319.2ms
[ 109600] loss=14.2767  ema_loss=14.3122  gap=-0.1482  ema_gap=-0.1577  mixup=58/200  3.1 sps  ETA 8.2h
              R²_rand=0.6126  R²_naive=0.2179  U_t=0.0962  U_b=0.4700  AUC=0.9880  Top1=0.5965
  timing: data=5.4ms  fwd=159.2ms  bwd=143.1ms  total=308.5ms
[ 109800] loss=14.2223  ema_loss=14.3201  gap=-0.1515  ema_gap=-0.1574  mixup=48/200  3.1 sps  ETA 8.1h
              R²_rand=0.6037  R²_naive=0.2243  U_t=0.0973  U_b=0.4609  AUC=0.9859  Top1=0.5541
  timing: data=5.1ms  fwd=158.3ms  bwd=141.9ms  total=306.1ms
[ 110000] loss=14.3154  ema_loss=14.3588  gap=-0.1570  ema_gap=-0.1595  mixup=71/200  3.1 sps  ETA 8.1h
              R²_rand=0.5640  R²_naive=0.2097  U_t=0.1075  U_b=0.4542  AUC=0.9853  Top1=0.6244
  timing: data=23.2ms  fwd=158.9ms  bwd=143.4ms  total=326.4ms
[ 110200] loss=14.2607  ema_loss=14.3099  gap=-0.1565  ema_gap=-0.1560  mixup=64/200  3.1 sps  ETA 8.1h
              R²_rand=0.5798  R²_naive=0.2247  U_t=0.1028  U_b=0.5095  AUC=0.9893  Top1=0.5889
  timing: data=5.3ms  fwd=160.2ms  bwd=143.2ms  total=309.5ms
[ 110400] loss=14.3543  ema_loss=14.3258  gap=-0.1525  ema_gap=-0.1572  mixup=62/200  3.1 sps  ETA 8.1h
              R²_rand=0.5648  R²_naive=0.2046  U_t=0.1048  U_b=0.4929  AUC=0.9870  Top1=0.6247
  timing: data=5.1ms  fwd=159.8ms  bwd=143.8ms  total=309.5ms
[ 110600] loss=14.3539  ema_loss=14.3132  gap=-0.1589  ema_gap=-0.1588  mixup=66/200  3.1 sps  ETA 8.1h
              R²_rand=0.5634  R²_naive=0.2285  U_t=0.1175  U_b=0.5415  AUC=0.9857  Top1=0.5786
  timing: data=5.3ms  fwd=158.6ms  bwd=146.2ms  total=311.0ms
[ 110800] loss=14.3136  ema_loss=14.3107  gap=-0.1588  ema_gap=-0.1601  mixup=54/200  3.1 sps  ETA 8.1h
              R²_rand=0.5738  R²_naive=0.2164  U_t=0.1014  U_b=0.4310  AUC=0.9829  Top1=0.4567
  timing: data=30.8ms  fwd=159.5ms  bwd=149.5ms  total=340.5ms
[ 111000] loss=14.1120  ema_loss=14.2838  gap=-0.1448  ema_gap=-0.1570  mixup=61/200  3.1 sps  ETA 8.0h
              R²_rand=0.6147  R²_naive=0.2206  U_t=0.0910  U_b=0.4139  AUC=0.9857  Top1=0.5574
  timing: data=5.0ms  fwd=161.3ms  bwd=149.7ms  total=316.9ms
[ 111200] loss=14.2183  ema_loss=14.2709  gap=-0.1551  ema_gap=-0.1561  mixup=50/200  3.1 sps  ETA 8.0h
              R²_rand=0.6249  R²_naive=0.2320  U_t=0.0831  U_b=0.4724  AUC=0.9887  Top1=0.5829
  timing: data=5.3ms  fwd=159.6ms  bwd=146.4ms  total=312.2ms
[ 111400] loss=14.2542  ema_loss=14.2787  gap=-0.1550  ema_gap=-0.1583  mixup=52/200  3.1 sps  ETA 8.0h
              R²_rand=0.5796  R²_naive=0.2090  U_t=0.0949  U_b=0.4800  AUC=0.9848  Top1=0.6087
  timing: data=29.6ms  fwd=158.6ms  bwd=142.5ms  total=331.5ms
[ 111600] loss=14.3066  ema_loss=14.2971  gap=-0.1595  ema_gap=-0.1605  mixup=55/200  3.1 sps  ETA 8.0h
              R²_rand=0.5846  R²_naive=0.2162  U_t=0.0974  U_b=0.4953  AUC=0.9859  Top1=0.6147
  timing: data=5.3ms  fwd=158.2ms  bwd=143.7ms  total=308.1ms
[ 111800] loss=14.2477  ema_loss=14.2968  gap=-0.1573  ema_gap=-0.1602  mixup=61/200  3.1 sps  ETA 8.0h
              R²_rand=0.6015  R²_naive=0.2153  U_t=0.0914  U_b=0.4684  AUC=0.9843  Top1=0.4703
  timing: data=5.0ms  fwd=160.7ms  bwd=145.8ms  total=312.3ms
[ 112000] loss=14.4137  ema_loss=14.2917  gap=-0.1655  ema_gap=-0.1603  mixup=50/200  3.1 sps  ETA 8.0h
              R²_rand=0.5686  R²_naive=0.2213  U_t=0.1075  U_b=0.4809  AUC=0.9858  Top1=0.5805
  timing: data=37.0ms  fwd=162.2ms  bwd=143.0ms  total=343.1ms
[ 112200] loss=14.2625  ema_loss=14.3065  gap=-0.1640  ema_gap=-0.1625  mixup=45/200  3.1 sps  ETA 7.9h
              R²_rand=0.5809  R²_naive=0.2214  U_t=0.0893  U_b=0.4765  AUC=0.9798  Top1=0.5286
  timing: data=4.9ms  fwd=162.6ms  bwd=145.3ms  total=313.7ms
[ 112400] loss=14.2811  ema_loss=14.2704  gap=-0.1489  ema_gap=-0.1603  mixup=65/200  3.1 sps  ETA 7.9h
              R²_rand=0.5932  R²_naive=0.2221  U_t=0.0859  U_b=0.3712  AUC=0.9744  Top1=0.5126
  timing: data=5.1ms  fwd=160.5ms  bwd=139.9ms  total=306.3ms
[ 112600] loss=14.4648  ema_loss=14.2769  gap=-0.1807  ema_gap=-0.1611  mixup=71/200  3.1 sps  ETA 7.9h
              R²_rand=0.5433  R²_naive=0.2001  U_t=0.1162  U_b=0.4697  AUC=0.9785  Top1=0.4231
  timing: data=22.6ms  fwd=158.2ms  bwd=139.4ms  total=320.9ms
[ 112800] loss=14.0859  ema_loss=14.2723  gap=-0.1469  ema_gap=-0.1604  mixup=58/200  3.1 sps  ETA 7.9h
              R²_rand=0.6190  R²_naive=0.2231  U_t=0.0867  U_b=0.4605  AUC=0.9822  Top1=0.5232
  timing: data=5.3ms  fwd=158.1ms  bwd=139.9ms  total=304.0ms
[ 113000] loss=14.3330  ema_loss=14.2390  gap=-0.1597  ema_gap=-0.1571  mixup=62/200  3.1 sps  ETA 7.9h
              R²_rand=0.5713  R²_naive=0.2119  U_t=0.0956  U_b=0.4510  AUC=0.9768  Top1=0.4904
  timing: data=5.3ms  fwd=158.6ms  bwd=141.7ms  total=306.4ms
[ 113200] loss=14.3672  ema_loss=14.2621  gap=-0.1621  ema_gap=-0.1581  mixup=56/200  3.1 sps  ETA 7.8h
              R²_rand=0.5810  R²_naive=0.2097  U_t=0.0991  U_b=0.4531  AUC=0.9849  Top1=0.6092
  timing: data=24.5ms  fwd=159.8ms  bwd=142.7ms  total=327.8ms
[ 113400] loss=14.3780  ema_loss=14.2657  gap=-0.1618  ema_gap=-0.1562  mixup=57/200  3.1 sps  ETA 7.8h
              R²_rand=0.5855  R²_naive=0.2082  U_t=0.0956  U_b=0.4596  AUC=0.9839  Top1=0.5254
  timing: data=5.4ms  fwd=158.4ms  bwd=141.7ms  total=306.2ms
[ 113600] loss=14.0112  ema_loss=14.2918  gap=-0.1463  ema_gap=-0.1587  mixup=63/200  3.1 sps  ETA 7.8h
              R²_rand=0.6352  R²_naive=0.2184  U_t=0.0790  U_b=0.4890  AUC=0.9868  Top1=0.5362
  timing: data=5.3ms  fwd=158.8ms  bwd=138.9ms  total=303.8ms
[ 113800] loss=14.3037  ema_loss=14.3021  gap=-0.1665  ema_gap=-0.1604  mixup=46/200  3.1 sps  ETA 7.8h
              R²_rand=0.5932  R²_naive=0.2157  U_t=0.0983  U_b=0.5297  AUC=0.9871  Top1=0.5864
  timing: data=30.9ms  fwd=158.1ms  bwd=139.6ms  total=329.3ms
[ 114000] loss=14.4854  ema_loss=14.2996  gap=-0.1733  ema_gap=-0.1630  mixup=72/200  3.1 sps  ETA 7.8h
              R²_rand=0.5704  R²_naive=0.2047  U_t=0.1207  U_b=0.4537  AUC=0.9843  Top1=0.4640
  timing: data=5.1ms  fwd=157.2ms  bwd=139.8ms  total=302.9ms
[ 114200] loss=14.4428  ema_loss=14.2976  gap=-0.1708  ema_gap=-0.1614  mixup=54/200  3.1 sps  ETA 7.7h
              R²_rand=0.5569  R²_naive=0.2009  U_t=0.1092  U_b=0.4652  AUC=0.9852  Top1=0.5802
  timing: data=5.1ms  fwd=158.5ms  bwd=138.8ms  total=303.1ms
[ 114400] loss=14.0664  ema_loss=14.3037  gap=-0.1456  ema_gap=-0.1618  mixup=55/200  3.1 sps  ETA 7.7h
              R²_rand=0.6471  R²_naive=0.2191  U_t=0.0810  U_b=0.4424  AUC=0.9857  Top1=0.5335
  timing: data=32.7ms  fwd=160.4ms  bwd=139.1ms  total=332.9ms
[ 114600] loss=14.3741  ema_loss=14.3424  gap=-0.1696  ema_gap=-0.1636  mixup=56/200  3.1 sps  ETA 7.7h
              R²_rand=0.5359  R²_naive=0.2126  U_t=0.1080  U_b=0.4791  AUC=0.9845  Top1=0.6005
  timing: data=5.4ms  fwd=159.6ms  bwd=141.4ms  total=307.2ms
[ 114800] loss=14.2888  ema_loss=14.3583  gap=-0.1595  ema_gap=-0.1670  mixup=62/200  3.1 sps  ETA 7.7h
              R²_rand=0.5744  R²_naive=0.2073  U_t=0.1082  U_b=0.5115  AUC=0.9850  Top1=0.5332
  timing: data=5.5ms  fwd=159.2ms  bwd=145.9ms  total=311.4ms
[ 115000] loss=14.4300  ema_loss=14.3398  gap=-0.1575  ema_gap=-0.1655  mixup=62/200  3.1 sps  ETA 7.7h
              R²_rand=0.5843  R²_naive=0.2238  U_t=0.0979  U_b=0.4323  AUC=0.9837  Top1=0.4776
  timing: data=36.6ms  fwd=159.6ms  bwd=145.4ms  total=342.4ms
[ 115200] loss=14.2684  ema_loss=14.3326  gap=-0.1555  ema_gap=-0.1637  mixup=64/200  3.1 sps  ETA 7.7h
              R²_rand=0.5761  R²_naive=0.2008  U_t=0.1012  U_b=0.5028  AUC=0.9870  Top1=0.5818
  timing: data=5.6ms  fwd=161.6ms  bwd=141.6ms  total=309.7ms
[ 115400] loss=14.4655  ema_loss=14.3252  gap=-0.1707  ema_gap=-0.1628  mixup=68/200  3.1 sps  ETA 7.6h
              R²_rand=0.5472  R²_naive=0.2044  U_t=0.1163  U_b=0.5184  AUC=0.9828  Top1=0.6084
  timing: data=5.6ms  fwd=161.7ms  bwd=145.6ms  total=313.7ms
[ 115600] loss=14.0949  ema_loss=14.3276  gap=-0.1530  ema_gap=-0.1633  mixup=57/200  3.1 sps  ETA 7.6h
              R²_rand=0.6278  R²_naive=0.2111  U_t=0.0845  U_b=0.5005  AUC=0.9860  Top1=0.5417
  timing: data=4.9ms  fwd=161.5ms  bwd=143.4ms  total=310.7ms
[ 115800] loss=14.1707  ema_loss=14.3511  gap=-0.1628  ema_gap=-0.1654  mixup=51/200  3.1 sps  ETA 7.6h
              R²_rand=0.5757  R²_naive=0.2281  U_t=0.1028  U_b=0.4772  AUC=0.9808  Top1=0.4052
  timing: data=49.6ms  fwd=158.4ms  bwd=141.3ms  total=350.1ms
[ 116000] loss=14.3448  ema_loss=14.3535  gap=-0.1541  ema_gap=-0.1639  mixup=54/200  3.1 sps  ETA 7.6h
              R²_rand=0.5836  R²_naive=0.2107  U_t=0.1080  U_b=0.5243  AUC=0.9832  Top1=0.5723
  timing: data=5.1ms  fwd=159.9ms  bwd=144.8ms  total=310.6ms
[ 116200] loss=14.2430  ema_loss=14.3742  gap=-0.1737  ema_gap=-0.1649  mixup=68/200  3.1 sps  ETA 7.6h
              R²_rand=0.5752  R²_naive=0.2031  U_t=0.1092  U_b=0.5087  AUC=0.9843  Top1=0.5256
  timing: data=5.3ms  fwd=160.1ms  bwd=144.0ms  total=310.2ms
[ 116400] loss=14.5110  ema_loss=14.3469  gap=-0.1866  ema_gap=-0.1652  mixup=62/200  3.1 sps  ETA 7.6h
              R²_rand=0.5093  R²_naive=0.2112  U_t=0.1306  U_b=0.5134  AUC=0.9783  Top1=0.5349
  timing: data=44.8ms  fwd=158.7ms  bwd=142.5ms  total=346.7ms
[ 116600] loss=14.4001  ema_loss=14.3369  gap=-0.1656  ema_gap=-0.1648  mixup=69/200  3.1 sps  ETA 7.5h
              R²_rand=0.5717  R²_naive=0.2192  U_t=0.1051  U_b=0.5101  AUC=0.9873  Top1=0.6236
  timing: data=5.2ms  fwd=158.4ms  bwd=140.8ms  total=305.2ms
[ 116800] loss=14.5253  ema_loss=14.3755  gap=-0.1758  ema_gap=-0.1672  mixup=61/200  3.1 sps  ETA 7.5h
              R²_rand=0.5418  R²_naive=0.2044  U_t=0.1207  U_b=0.5074  AUC=0.9815  Top1=0.5935
  timing: data=5.4ms  fwd=157.7ms  bwd=142.1ms  total=306.0ms
[ 117000] loss=14.4254  ema_loss=14.3971  gap=-0.1797  ema_gap=-0.1677  mixup=69/200  3.1 sps  ETA 7.5h
              R²_rand=0.5611  R²_naive=0.1908  U_t=0.1244  U_b=0.4793  AUC=0.9799  Top1=0.4453
  timing: data=44.4ms  fwd=159.4ms  bwd=144.5ms  total=349.0ms
[ 117200] loss=14.3850  ema_loss=14.3972  gap=-0.1684  ema_gap=-0.1663  mixup=64/200  3.1 sps  ETA 7.5h
              R²_rand=0.5448  R²_naive=0.2129  U_t=0.1087  U_b=0.5505  AUC=0.9844  Top1=0.5859
  timing: data=5.3ms  fwd=159.6ms  bwd=141.2ms  total=306.9ms
[ 117400] loss=14.4601  ema_loss=14.3618  gap=-0.1734  ema_gap=-0.1631  mixup=56/200  3.1 sps  ETA 7.5h
              R²_rand=0.5623  R²_naive=0.2049  U_t=0.1102  U_b=0.5355  AUC=0.9821  Top1=0.5967
  timing: data=5.3ms  fwd=160.1ms  bwd=143.2ms  total=309.3ms
[ 117600] loss=14.3627  ema_loss=14.3447  gap=-0.1719  ema_gap=-0.1625  mixup=55/200  3.1 sps  ETA 7.5h
              R²_rand=0.5467  R²_naive=0.2130  U_t=0.1169  U_b=0.4996  AUC=0.9816  Top1=0.4735
  timing: data=38.2ms  fwd=156.7ms  bwd=143.8ms  total=339.4ms
[ 117800] loss=14.3563  ema_loss=14.3363  gap=-0.1583  ema_gap=-0.1601  mixup=60/200  3.1 sps  ETA 7.4h
              R²_rand=0.5464  R²_naive=0.2081  U_t=0.1049  U_b=0.5045  AUC=0.9857  Top1=0.5642
  timing: data=5.3ms  fwd=160.2ms  bwd=142.4ms  total=308.8ms
[ 118000] loss=14.1688  ema_loss=14.2984  gap=-0.1572  ema_gap=-0.1595  mixup=57/200  3.1 sps  ETA 7.4h
              R²_rand=0.5819  R²_naive=0.2140  U_t=0.0936  U_b=0.4555  AUC=0.9804  Top1=0.5053
  timing: data=5.2ms  fwd=159.4ms  bwd=143.5ms  total=308.8ms
[ 118200] loss=14.3939  ema_loss=14.3024  gap=-0.1752  ema_gap=-0.1586  mixup=61/200  3.1 sps  ETA 7.4h
              R²_rand=0.5638  R²_naive=0.2118  U_t=0.1095  U_b=0.5224  AUC=0.9861  Top1=0.5796
  timing: data=38.2ms  fwd=160.5ms  bwd=140.6ms  total=340.1ms
[ 118400] loss=14.0450  ema_loss=14.2899  gap=-0.1452  ema_gap=-0.1569  mixup=57/200  3.1 sps  ETA 7.4h
              R²_rand=0.6262  R²_naive=0.2318  U_t=0.0824  U_b=0.4588  AUC=0.9850  Top1=0.5503
  timing: data=5.1ms  fwd=157.4ms  bwd=141.4ms  total=304.7ms
[ 118600] loss=14.3641  ema_loss=14.3185  gap=-0.1602  ema_gap=-0.1578  mixup=60/200  3.1 sps  ETA 7.4h
              R²_rand=0.5790  R²_naive=0.2216  U_t=0.1099  U_b=0.4944  AUC=0.9854  Top1=0.5373
  timing: data=5.1ms  fwd=161.0ms  bwd=143.2ms  total=310.1ms
[ 118800] loss=14.3831  ema_loss=14.3134  gap=-0.1620  ema_gap=-0.1607  mixup=56/200  3.1 sps  ETA 7.4h
              R²_rand=0.5895  R²_naive=0.1900  U_t=0.1093  U_b=0.3806  AUC=0.9809  Top1=0.5330
  timing: data=41.3ms  fwd=159.7ms  bwd=142.5ms  total=344.3ms
[ 119000] loss=14.3452  ema_loss=14.3003  gap=-0.1693  ema_gap=-0.1607  mixup=59/200  3.1 sps  ETA 7.3h
              R²_rand=0.5648  R²_naive=0.2113  U_t=0.1093  U_b=0.4853  AUC=0.9835  Top1=0.6168
  timing: data=5.0ms  fwd=158.8ms  bwd=143.8ms  total=308.4ms
[ 119200] loss=14.3050  ema_loss=14.2918  gap=-0.1631  ema_gap=-0.1596  mixup=59/200  3.1 sps  ETA 7.3h
              R²_rand=0.5982  R²_naive=0.2070  U_t=0.0993  U_b=0.5235  AUC=0.9867  Top1=0.5851
  timing: data=5.2ms  fwd=163.1ms  bwd=144.6ms  total=313.7ms
[ 119400] loss=14.1858  ema_loss=14.2853  gap=-0.1514  ema_gap=-0.1591  mixup=67/200  3.1 sps  ETA 7.3h
              R²_rand=0.6167  R²_naive=0.2168  U_t=0.0813  U_b=0.5139  AUC=0.9883  Top1=0.5856
  timing: data=45.4ms  fwd=160.6ms  bwd=141.3ms  total=348.1ms
[ 119600] loss=14.2406  ema_loss=14.3049  gap=-0.1521  ema_gap=-0.1580  mixup=60/200  3.1 sps  ETA 7.3h
              R²_rand=0.6103  R²_naive=0.2127  U_t=0.0959  U_b=0.4538  AUC=0.9827  Top1=0.5360
  timing: data=5.5ms  fwd=161.4ms  bwd=143.7ms  total=311.5ms
[ 119800] loss=14.5149  ema_loss=14.3090  gap=-0.1604  ema_gap=-0.1594  mixup=59/200  3.1 sps  ETA 7.3h
              R²_rand=0.5661  R²_naive=0.2038  U_t=0.1049  U_b=0.5198  AUC=0.9880  Top1=0.6678
  timing: data=5.0ms  fwd=159.6ms  bwd=141.8ms  total=307.2ms
[ 120000] loss=14.1180  ema_loss=14.3341  gap=-0.1557  ema_gap=-0.1626  mixup=54/200  3.1 sps  ETA 7.2h
              R²_rand=0.6140  R²_naive=0.2194  U_t=0.1007  U_b=0.4530  AUC=0.9769  Top1=0.4993
  timing: data=5.3ms  fwd=160.0ms  bwd=141.1ms  total=307.1ms
  -> Saved /root/cf373_runs/bb_small_arm5_combab_lalign_lrep_enc3l3_b64_200k_sigreg_ema_qk_aon_cpc_tau090_alignteacher_cf373k3/bb_small_arm5_combab_lalign_lrep_enc3l3_b64_200k_sigreg_ema_qk_aon_cpc_tau090_alignteacher_cf373k3_r3_120k.pth
[ 120200] loss=14.5914  ema_loss=14.3543  gap=-0.1714  ema_gap=-0.1639  mixup=58/200  3.1 sps  ETA 7.2h
              R²_rand=0.5526  R²_naive=0.2005  U_t=0.1217  U_b=0.5003  AUC=0.9893  Top1=0.6771
  timing: data=40.0ms  fwd=160.4ms  bwd=143.3ms  total=344.5ms
[ 120400] loss=14.2766  ema_loss=14.3610  gap=-0.1557  ema_gap=-0.1620  mixup=62/200  3.1 sps  ETA 7.2h
              R²_rand=0.5694  R²_naive=0.2077  U_t=0.1050  U_b=0.4225  AUC=0.9816  Top1=0.5734
  timing: data=5.1ms  fwd=157.9ms  bwd=140.7ms  total=304.5ms
[ 120600] loss=14.5123  ema_loss=14.3649  gap=-0.1688  ema_gap=-0.1632  mixup=57/200  3.1 sps  ETA 7.2h
              R²_rand=0.5402  R²_naive=0.2081  U_t=0.1207  U_b=0.5191  AUC=0.9861  Top1=0.6193
  timing: data=5.2ms  fwd=158.2ms  bwd=145.7ms  total=310.0ms
[ 120800] loss=14.4117  ema_loss=14.3572  gap=-0.1663  ema_gap=-0.1627  mixup=59/200  3.1 sps  ETA 7.2h
              R²_rand=0.5377  R²_naive=0.2116  U_t=0.1081  U_b=0.5144  AUC=0.9837  Top1=0.5986
  timing: data=44.1ms  fwd=159.5ms  bwd=146.4ms  total=350.8ms
[ 121000] loss=14.4669  ema_loss=14.3525  gap=-0.1751  ema_gap=-0.1639  mixup=63/200  3.1 sps  ETA 7.2h
              R²_rand=0.5038  R²_naive=0.2092  U_t=0.1227  U_b=0.4410  AUC=0.9715  Top1=0.4651
  timing: data=5.1ms  fwd=158.3ms  bwd=147.4ms  total=311.6ms
[ 121200] loss=14.4515  ema_loss=14.3391  gap=-0.1677  ema_gap=-0.1651  mixup=60/200  3.1 sps  ETA 7.1h
              R²_rand=0.5514  R²_naive=0.2066  U_t=0.1203  U_b=0.4934  AUC=0.9819  Top1=0.4768
  timing: data=5.2ms  fwd=160.6ms  bwd=150.1ms  total=316.6ms
[ 121400] loss=14.1572  ema_loss=14.3554  gap=-0.1584  ema_gap=-0.1657  mixup=65/200  3.1 sps  ETA 7.1h
              R²_rand=0.5834  R²_naive=0.2087  U_t=0.0991  U_b=0.4631  AUC=0.9783  Top1=0.4849
  timing: data=38.9ms  fwd=157.9ms  bwd=142.4ms  total=340.0ms
[ 121600] loss=14.2050  ema_loss=14.3268  gap=-0.1627  ema_gap=-0.1631  mixup=57/200  3.1 sps  ETA 7.1h
              R²_rand=0.5672  R²_naive=0.2130  U_t=0.0980  U_b=0.5494  AUC=0.9874  Top1=0.5970
  timing: data=5.0ms  fwd=157.3ms  bwd=138.3ms  total=301.3ms
[ 121800] loss=14.3709  ema_loss=14.3309  gap=-0.1679  ema_gap=-0.1628  mixup=71/200  3.1 sps  ETA 7.1h
              R²_rand=0.5385  R²_naive=0.2003  U_t=0.1173  U_b=0.5213  AUC=0.9800  Top1=0.4410
  timing: data=5.1ms  fwd=158.7ms  bwd=140.6ms  total=305.2ms
[ 122000] loss=14.3621  ema_loss=14.3166  gap=-0.1628  ema_gap=-0.1618  mixup=55/200  3.1 sps  ETA 7.1h
              R²_rand=0.5552  R²_naive=0.2194  U_t=0.1131  U_b=0.5037  AUC=0.9743  Top1=0.4301
  timing: data=57.8ms  fwd=160.2ms  bwd=142.0ms  total=360.8ms
[ 122200] loss=14.1975  ema_loss=14.3033  gap=-0.1573  ema_gap=-0.1571  mixup=58/200  3.1 sps  ETA 7.1h
              R²_rand=0.5792  R²_naive=0.2055  U_t=0.1053  U_b=0.5416  AUC=0.9861  Top1=0.5810
  timing: data=5.1ms  fwd=161.3ms  bwd=142.7ms  total=309.9ms
[ 122400] loss=14.3771  ema_loss=14.3047  gap=-0.1592  ema_gap=-0.1594  mixup=58/200  3.1 sps  ETA 7.0h
              R²_rand=0.5482  R²_naive=0.2123  U_t=0.1123  U_b=0.5308  AUC=0.9852  Top1=0.5300
  timing: data=5.0ms  fwd=160.2ms  bwd=143.6ms  total=309.6ms
[ 122600] loss=14.3559  ema_loss=14.3157  gap=-0.1580  ema_gap=-0.1598  mixup=46/200  3.1 sps  ETA 7.0h
              R²_rand=0.5548  R²_naive=0.2085  U_t=0.1170  U_b=0.5762  AUC=0.9866  Top1=0.5978
  timing: data=43.5ms  fwd=160.3ms  bwd=141.4ms  total=346.0ms
[ 122800] loss=14.2342  ema_loss=14.3180  gap=-0.1521  ema_gap=-0.1608  mixup=66/200  3.1 sps  ETA 7.0h
              R²_rand=0.5786  R²_naive=0.2082  U_t=0.1029  U_b=0.5538  AUC=0.9873  Top1=0.5981
  timing: data=5.4ms  fwd=158.7ms  bwd=139.9ms  total=304.8ms
[ 123000] loss=14.5876  ema_loss=14.3124  gap=-0.1735  ema_gap=-0.1606  mixup=48/200  3.1 sps  ETA 7.0h
              R²_rand=0.5185  R²_naive=0.1935  U_t=0.1304  U_b=0.5598  AUC=0.9852  Top1=0.6407
  timing: data=5.1ms  fwd=158.6ms  bwd=139.8ms  total=304.3ms
[ 123200] loss=14.3270  ema_loss=14.3145  gap=-0.1555  ema_gap=-0.1604  mixup=68/200  3.1 sps  ETA 7.0h
              R²_rand=0.5650  R²_naive=0.1954  U_t=0.1061  U_b=0.4791  AUC=0.9796  Top1=0.4830
  timing: data=48.3ms  fwd=160.5ms  bwd=144.1ms  total=353.8ms
[ 123400] loss=14.2237  ema_loss=14.3026  gap=-0.1561  ema_gap=-0.1592  mixup=44/200  3.1 sps  ETA 7.0h
              R²_rand=0.6035  R²_naive=0.2274  U_t=0.0940  U_b=0.4913  AUC=0.9860  Top1=0.5753
  timing: data=5.5ms  fwd=158.7ms  bwd=143.2ms  total=308.3ms
[ 123600] loss=14.1961  ema_loss=14.3030  gap=-0.1560  ema_gap=-0.1577  mixup=54/200  3.1 sps  ETA 6.9h
              R²_rand=0.5800  R²_naive=0.2096  U_t=0.1019  U_b=0.4214  AUC=0.9831  Top1=0.5634
  timing: data=5.1ms  fwd=161.0ms  bwd=143.2ms  total=310.2ms
[ 123800] loss=14.4227  ema_loss=14.3163  gap=-0.1643  ema_gap=-0.1594  mixup=63/200  3.1 sps  ETA 6.9h
              R²_rand=0.5500  R²_naive=0.2080  U_t=0.1210  U_b=0.5311  AUC=0.9848  Top1=0.5796
  timing: data=87.9ms  fwd=159.5ms  bwd=141.9ms  total=390.2ms
[ 124000] loss=14.1900  ema_loss=14.3250  gap=-0.1558  ema_gap=-0.1620  mixup=63/200  3.1 sps  ETA 6.9h
              R²_rand=0.5936  R²_naive=0.2226  U_t=0.1015  U_b=0.5971  AUC=0.9872  Top1=0.6128
  timing: data=5.2ms  fwd=160.1ms  bwd=142.0ms  total=308.1ms
[ 124200] loss=14.4040  ema_loss=14.3110  gap=-0.1688  ema_gap=-0.1628  mixup=60/200  3.1 sps  ETA 6.9h
              R²_rand=0.5381  R²_naive=0.1999  U_t=0.1220  U_b=0.5128  AUC=0.9848  Top1=0.4727
  timing: data=5.2ms  fwd=158.5ms  bwd=144.3ms  total=308.9ms
[ 124400] loss=14.2129  ema_loss=14.3092  gap=-0.1647  ema_gap=-0.1609  mixup=58/200  3.1 sps  ETA 6.9h
              R²_rand=0.5863  R²_naive=0.2213  U_t=0.1030  U_b=0.5575  AUC=0.9874  Top1=0.5626
  timing: data=40.7ms  fwd=159.1ms  bwd=143.3ms  total=343.9ms
[ 124600] loss=14.3172  ema_loss=14.2786  gap=-0.1550  ema_gap=-0.1586  mixup=64/200  3.1 sps  ETA 6.9h
              R²_rand=0.5661  R²_naive=0.2247  U_t=0.0977  U_b=0.4824  AUC=0.9862  Top1=0.5726
  timing: data=5.1ms  fwd=158.4ms  bwd=140.2ms  total=304.5ms
[ 124800] loss=14.4030  ema_loss=14.2430  gap=-0.1636  ema_gap=-0.1570  mixup=66/200  3.1 sps  ETA 6.8h
              R²_rand=0.5391  R²_naive=0.2028  U_t=0.1130  U_b=0.4847  AUC=0.9821  Top1=0.4497
  timing: data=5.3ms  fwd=160.9ms  bwd=139.5ms  total=306.5ms
[ 125000] loss=14.4202  ema_loss=14.2609  gap=-0.1739  ema_gap=-0.1616  mixup=53/200  3.1 sps  ETA 6.8h
              R²_rand=0.5421  R²_naive=0.1981  U_t=0.1143  U_b=0.4794  AUC=0.9811  Top1=0.5395
  timing: data=5.2ms  fwd=161.6ms  bwd=139.9ms  total=307.4ms
[ 125200] loss=14.0424  ema_loss=14.2686  gap=-0.1488  ema_gap=-0.1623  mixup=62/200  3.1 sps  ETA 6.8h
              R²_rand=0.6346  R²_naive=0.2141  U_t=0.0819  U_b=0.5088  AUC=0.9861  Top1=0.5767
  timing: data=43.5ms  fwd=158.8ms  bwd=138.7ms  total=341.8ms
[ 125400] loss=14.4418  ema_loss=14.2782  gap=-0.1665  ema_gap=-0.1654  mixup=65/200  3.1 sps  ETA 6.8h
              R²_rand=0.5394  R²_naive=0.1967  U_t=0.1239  U_b=0.5561  AUC=0.9826  Top1=0.5802
  timing: data=5.1ms  fwd=157.4ms  bwd=138.6ms  total=301.8ms
[ 125600] loss=14.3864  ema_loss=14.2793  gap=-0.1743  ema_gap=-0.1655  mixup=57/200  3.1 sps  ETA 6.8h
              R²_rand=0.5320  R²_naive=0.1920  U_t=0.1226  U_b=0.5101  AUC=0.9813  Top1=0.5370
  timing: data=5.2ms  fwd=160.4ms  bwd=140.4ms  total=306.8ms
[ 125800] loss=14.3086  ema_loss=14.2545  gap=-0.1751  ema_gap=-0.1648  mixup=52/200  3.1 sps  ETA 6.7h
              R²_rand=0.5436  R²_naive=0.2047  U_t=0.1193  U_b=0.5096  AUC=0.9725  Top1=0.4581
  timing: data=40.6ms  fwd=158.0ms  bwd=141.6ms  total=340.9ms
[ 126000] loss=14.3435  ema_loss=14.2320  gap=-0.1583  ema_gap=-0.1611  mixup=60/200  3.1 sps  ETA 6.7h
              R²_rand=0.5827  R²_naive=0.2024  U_t=0.1020  U_b=0.5094  AUC=0.9869  Top1=0.6060
  timing: data=5.2ms  fwd=156.1ms  bwd=143.6ms  total=305.6ms
[ 126200] loss=14.1009  ema_loss=14.1437  gap=-0.1387  ema_gap=-0.1530  mixup=66/200  3.1 sps  ETA 6.7h
              R²_rand=0.6270  R²_naive=0.2193  U_t=0.0799  U_b=0.4605  AUC=0.9881  Top1=0.6168
  timing: data=5.1ms  fwd=157.7ms  bwd=141.6ms  total=305.1ms
[ 126400] loss=14.1585  ema_loss=14.1395  gap=-0.1502  ema_gap=-0.1528  mixup=62/200  3.1 sps  ETA 6.7h
              R²_rand=0.6061  R²_naive=0.2200  U_t=0.0905  U_b=0.4616  AUC=0.9866  Top1=0.5940
  timing: data=39.3ms  fwd=159.7ms  bwd=145.8ms  total=345.5ms
[ 126600] loss=14.2982  ema_loss=14.1808  gap=-0.1631  ema_gap=-0.1533  mixup=64/200  3.1 sps  ETA 6.7h
              R²_rand=0.5735  R²_naive=0.2057  U_t=0.1014  U_b=0.4850  AUC=0.9856  Top1=0.5265
  timing: data=5.0ms  fwd=159.8ms  bwd=143.9ms  total=309.5ms
[ 126800] loss=14.1434  ema_loss=14.2407  gap=-0.1568  ema_gap=-0.1558  mixup=64/200  3.1 sps  ETA 6.6h
              R²_rand=0.6053  R²_naive=0.2150  U_t=0.0889  U_b=0.3561  AUC=0.9777  Top1=0.4312
  timing: data=4.8ms  fwd=159.3ms  bwd=140.7ms  total=305.6ms
[ 127000] loss=14.2819  ema_loss=14.2442  gap=-0.1633  ema_gap=-0.1547  mixup=50/200  3.1 sps  ETA 6.6h
              R²_rand=0.5775  R²_naive=0.2033  U_t=0.0962  U_b=0.4302  AUC=0.9737  Top1=0.4288
  timing: data=50.0ms  fwd=161.5ms  bwd=140.8ms  total=353.0ms
[ 127200] loss=14.2584  ema_loss=14.2832  gap=-0.1610  ema_gap=-0.1574  mixup=61/200  3.1 sps  ETA 6.6h
              R²_rand=0.5999  R²_naive=0.2128  U_t=0.0933  U_b=0.4740  AUC=0.9830  Top1=0.5750
  timing: data=5.1ms  fwd=158.2ms  bwd=138.3ms  total=302.3ms
[ 127400] loss=14.5570  ema_loss=14.2924  gap=-0.1665  ema_gap=-0.1598  mixup=49/200  3.1 sps  ETA 6.6h
              R²_rand=0.5423  R²_naive=0.1978  U_t=0.1120  U_b=0.5010  AUC=0.9865  Top1=0.6274
  timing: data=5.1ms  fwd=157.9ms  bwd=139.3ms  total=303.1ms
[ 127600] loss=14.0142  ema_loss=14.2479  gap=-0.1473  ema_gap=-0.1574  mixup=53/200  3.1 sps  ETA 6.6h
              R²_rand=0.6037  R²_naive=0.2211  U_t=0.0822  U_b=0.4761  AUC=0.9846  Top1=0.5674
  timing: data=40.9ms  fwd=157.9ms  bwd=138.0ms  total=337.6ms
[ 127800] loss=14.2611  ema_loss=14.2706  gap=-0.1614  ema_gap=-0.1580  mixup=59/200  3.1 sps  ETA 6.6h
              R²_rand=0.5898  R²_naive=0.2166  U_t=0.0955  U_b=0.4784  AUC=0.9850  Top1=0.5704
  timing: data=5.1ms  fwd=156.6ms  bwd=139.3ms  total=301.8ms
[ 128000] loss=14.5496  ema_loss=14.2603  gap=-0.1747  ema_gap=-0.1579  mixup=61/200  3.1 sps  ETA 6.5h
              R²_rand=0.5246  R²_naive=0.1830  U_t=0.1141  U_b=0.4891  AUC=0.9849  Top1=0.5156
  timing: data=5.3ms  fwd=158.3ms  bwd=141.3ms  total=305.6ms
[ 128200] loss=14.4787  ema_loss=14.2420  gap=-0.1709  ema_gap=-0.1559  mixup=58/200  3.1 sps  ETA 6.5h
              R²_rand=0.5646  R²_naive=0.1879  U_t=0.1084  U_b=0.4660  AUC=0.9848  Top1=0.5487
  timing: data=42.3ms  fwd=159.0ms  bwd=140.1ms  total=342.2ms
[ 128400] loss=14.4359  ema_loss=14.2370  gap=-0.1637  ema_gap=-0.1547  mixup=54/200  3.1 sps  ETA 6.5h
              R²_rand=0.5766  R²_naive=0.1959  U_t=0.1078  U_b=0.4854  AUC=0.9875  Top1=0.6163
  timing: data=5.0ms  fwd=158.0ms  bwd=139.6ms  total=303.4ms
[ 128600] loss=14.4019  ema_loss=14.2402  gap=-0.1646  ema_gap=-0.1563  mixup=60/200  3.1 sps  ETA 6.5h
              R²_rand=0.5701  R²_naive=0.2130  U_t=0.0987  U_b=0.5033  AUC=0.9872  Top1=0.6450
  timing: data=5.0ms  fwd=156.5ms  bwd=139.8ms  total=302.0ms
[ 128800] loss=14.3633  ema_loss=14.2487  gap=-0.1661  ema_gap=-0.1557  mixup=54/200  3.1 sps  ETA 6.5h
              R²_rand=0.5729  R²_naive=0.2001  U_t=0.1030  U_b=0.4430  AUC=0.9833  Top1=0.4996
  timing: data=50.4ms  fwd=158.2ms  bwd=141.5ms  total=350.9ms
[ 129000] loss=14.2667  ema_loss=14.2545  gap=-0.1601  ema_gap=-0.1586  mixup=54/200  3.1 sps  ETA 6.5h
              R²_rand=0.6053  R²_naive=0.2119  U_t=0.0869  U_b=0.4486  AUC=0.9906  Top1=0.5997
  timing: data=5.2ms  fwd=162.1ms  bwd=145.4ms  total=313.6ms
[ 129200] loss=14.3930  ema_loss=14.2506  gap=-0.1617  ema_gap=-0.1594  mixup=63/200  3.1 sps  ETA 6.4h
              R²_rand=0.5559  R²_naive=0.1873  U_t=0.1160  U_b=0.4960  AUC=0.9838  Top1=0.5436
  timing: data=5.1ms  fwd=157.2ms  bwd=139.6ms  total=302.7ms
[ 129400] loss=14.3870  ema_loss=14.2425  gap=-0.1755  ema_gap=-0.1600  mixup=60/200  3.1 sps  ETA 6.4h
              R²_rand=0.5721  R²_naive=0.1866  U_t=0.1108  U_b=0.5023  AUC=0.9834  Top1=0.5593
  timing: data=61.0ms  fwd=158.4ms  bwd=139.6ms  total=359.7ms
[ 129600] loss=14.4291  ema_loss=14.2507  gap=-0.1650  ema_gap=-0.1593  mixup=59/200  3.1 sps  ETA 6.4h
              R²_rand=0.5682  R²_naive=0.1804  U_t=0.1061  U_b=0.4054  AUC=0.9786  Top1=0.5574
  timing: data=5.2ms  fwd=158.6ms  bwd=142.0ms  total=306.5ms
[ 129800] loss=14.2892  ema_loss=14.2637  gap=-0.1716  ema_gap=-0.1610  mixup=55/200  3.1 sps  ETA 6.4h
              R²_rand=0.5560  R²_naive=0.1946  U_t=0.1030  U_b=0.4608  AUC=0.9870  Top1=0.6057
  timing: data=4.9ms  fwd=158.9ms  bwd=142.4ms  total=307.0ms
[ 130000] loss=14.3577  ema_loss=14.2563  gap=-0.1595  ema_gap=-0.1597  mixup=54/200  3.1 sps  ETA 6.4h
              R²_rand=0.6040  R²_naive=0.2021  U_t=0.0904  U_b=0.4677  AUC=0.9903  Top1=0.6757
  timing: data=5.1ms  fwd=161.7ms  bwd=144.9ms  total=312.5ms
[ 130200] loss=14.2931  ema_loss=14.2751  gap=-0.1582  ema_gap=-0.1614  mixup=56/200  3.1 sps  ETA 6.3h
              R²_rand=0.6011  R²_naive=0.2021  U_t=0.0949  U_b=0.4684  AUC=0.9869  Top1=0.4920
  timing: data=52.7ms  fwd=159.7ms  bwd=141.8ms  total=355.0ms
[ 130400] loss=14.3450  ema_loss=14.2822  gap=-0.1560  ema_gap=-0.1610  mixup=61/200  3.1 sps  ETA 6.3h
              R²_rand=0.5808  R²_naive=0.1945  U_t=0.1058  U_b=0.3890  AUC=0.9824  Top1=0.5229
  timing: data=5.1ms  fwd=159.4ms  bwd=140.5ms  total=305.8ms
[ 130600] loss=14.2586  ema_loss=14.2531  gap=-0.1606  ema_gap=-0.1591  mixup=55/200  3.1 sps  ETA 6.3h
              R²_rand=0.5728  R²_naive=0.2101  U_t=0.1090  U_b=0.4946  AUC=0.9854  Top1=0.5701
  timing: data=5.3ms  fwd=157.1ms  bwd=142.6ms  total=305.8ms
[ 130800] loss=14.3686  ema_loss=14.2782  gap=-0.1676  ema_gap=-0.1620  mixup=63/200  3.1 sps  ETA 6.3h
              R²_rand=0.5642  R²_naive=0.2060  U_t=0.1072  U_b=0.4968  AUC=0.9854  Top1=0.5957
  timing: data=41.3ms  fwd=161.1ms  bwd=144.6ms  total=347.9ms
[ 131000] loss=14.4201  ema_loss=14.2830  gap=-0.1744  ema_gap=-0.1623  mixup=69/200  3.1 sps  ETA 6.3h
              R²_rand=0.5437  R²_naive=0.1925  U_t=0.1146  U_b=0.4895  AUC=0.9844  Top1=0.6060
  timing: data=5.1ms  fwd=156.7ms  bwd=142.0ms  total=304.6ms
[ 131200] loss=14.2724  ema_loss=14.2698  gap=-0.1655  ema_gap=-0.1619  mixup=56/200  3.1 sps  ETA 6.3h
              R²_rand=0.5897  R²_naive=0.1922  U_t=0.1077  U_b=0.4149  AUC=0.9790  Top1=0.5455
  timing: data=5.2ms  fwd=157.1ms  bwd=140.3ms  total=303.5ms
[ 131400] loss=14.5615  ema_loss=14.3060  gap=-0.1753  ema_gap=-0.1659  mixup=55/200  3.1 sps  ETA 6.2h
              R²_rand=0.5006  R²_naive=0.1872  U_t=0.1356  U_b=0.4726  AUC=0.9755  Top1=0.5332
  timing: data=46.5ms  fwd=156.8ms  bwd=143.3ms  total=347.5ms
[ 131600] loss=14.2797  ema_loss=14.3377  gap=-0.1613  ema_gap=-0.1681  mixup=59/200  3.1 sps  ETA 6.2h
              R²_rand=0.5999  R²_naive=0.1928  U_t=0.1001  U_b=0.4506  AUC=0.9876  Top1=0.5601
  timing: data=5.5ms  fwd=159.7ms  bwd=144.2ms  total=310.2ms
[ 131800] loss=14.3996  ema_loss=14.3264  gap=-0.1721  ema_gap=-0.1690  mixup=60/200  3.1 sps  ETA 6.2h
              R²_rand=0.5626  R²_naive=0.1946  U_t=0.1144  U_b=0.4653  AUC=0.9849  Top1=0.5889
  timing: data=4.9ms  fwd=161.3ms  bwd=144.5ms  total=311.5ms
[ 132000] loss=14.2498  ema_loss=14.3198  gap=-0.1768  ema_gap=-0.1697  mixup=48/200  3.1 sps  ETA 6.2h
              R²_rand=0.5901  R²_naive=0.1919  U_t=0.1128  U_b=0.5022  AUC=0.9828  Top1=0.5115
  timing: data=53.0ms  fwd=159.3ms  bwd=143.8ms  total=356.8ms
[ 132200] loss=14.2015  ema_loss=14.3023  gap=-0.1649  ema_gap=-0.1670  mixup=52/200  3.1 sps  ETA 6.2h
              R²_rand=0.5849  R²_naive=0.2029  U_t=0.0989  U_b=0.5004  AUC=0.9838  Top1=0.4969
  timing: data=5.2ms  fwd=158.1ms  bwd=141.8ms  total=305.8ms
[ 132400] loss=14.2325  ema_loss=14.2981  gap=-0.1573  ema_gap=-0.1660  mixup=60/200  3.1 sps  ETA 6.1h
              R²_rand=0.5956  R²_naive=0.1969  U_t=0.0968  U_b=0.4418  AUC=0.9841  Top1=0.5463
  timing: data=5.3ms  fwd=159.9ms  bwd=142.1ms  total=308.0ms
[ 132600] loss=14.0651  ema_loss=14.2729  gap=-0.1460  ema_gap=-0.1628  mixup=63/200  3.1 sps  ETA 6.1h
              R²_rand=0.6309  R²_naive=0.2043  U_t=0.0898  U_b=0.5176  AUC=0.9874  Top1=0.5398
  timing: data=38.4ms  fwd=158.6ms  bwd=144.0ms  total=341.8ms
[ 132800] loss=14.3152  ema_loss=14.2796  gap=-0.1635  ema_gap=-0.1622  mixup=71/200  3.1 sps  ETA 6.1h
              R²_rand=0.6066  R²_naive=0.2020  U_t=0.0950  U_b=0.4479  AUC=0.9867  Top1=0.5712
  timing: data=5.3ms  fwd=159.1ms  bwd=141.0ms  total=306.2ms
[ 133000] loss=14.1378  ema_loss=14.2726  gap=-0.1571  ema_gap=-0.1622  mixup=60/200  3.1 sps  ETA 6.1h
              R²_rand=0.6106  R²_naive=0.2139  U_t=0.0839  U_b=0.4799  AUC=0.9881  Top1=0.5693
  timing: data=5.1ms  fwd=156.4ms  bwd=137.1ms  total=299.4ms
[ 133200] loss=14.4523  ema_loss=14.2740  gap=-0.1734  ema_gap=-0.1634  mixup=60/200  3.1 sps  ETA 6.1h
              R²_rand=0.5522  R²_naive=0.2008  U_t=0.1121  U_b=0.4690  AUC=0.9823  Top1=0.5696
  timing: data=43.5ms  fwd=158.9ms  bwd=138.7ms  total=341.9ms
[ 133400] loss=14.1564  ema_loss=14.2588  gap=-0.1559  ema_gap=-0.1612  mixup=57/200  3.1 sps  ETA 6.1h
              R²_rand=0.6195  R²_naive=0.2069  U_t=0.0948  U_b=0.4883  AUC=0.9874  Top1=0.5783
  timing: data=5.1ms  fwd=158.8ms  bwd=139.7ms  total=304.4ms
[ 133600] loss=14.5186  ema_loss=14.2796  gap=-0.1687  ema_gap=-0.1616  mixup=59/200  3.1 sps  ETA 6.0h
              R²_rand=0.5522  R²_naive=0.2032  U_t=0.1123  U_b=0.4483  AUC=0.9832  Top1=0.5908
  timing: data=5.3ms  fwd=156.0ms  bwd=138.2ms  total=300.3ms
[ 133800] loss=14.2185  ema_loss=14.2753  gap=-0.1632  ema_gap=-0.1624  mixup=65/200  3.1 sps  ETA 6.0h
              R²_rand=0.5717  R²_naive=0.2067  U_t=0.1012  U_b=0.4358  AUC=0.9781  Top1=0.4597
  timing: data=37.8ms  fwd=158.3ms  bwd=138.2ms  total=335.1ms
[ 134000] loss=14.3561  ema_loss=14.2479  gap=-0.1681  ema_gap=-0.1617  mixup=60/200  3.1 sps  ETA 6.0h
              R²_rand=0.5521  R²_naive=0.2054  U_t=0.1101  U_b=0.4481  AUC=0.9737  Top1=0.4809
  timing: data=5.1ms  fwd=157.9ms  bwd=138.2ms  total=302.0ms
[ 134200] loss=14.4122  ema_loss=14.2527  gap=-0.1667  ema_gap=-0.1633  mixup=58/200  3.1 sps  ETA 6.0h
              R²_rand=0.5572  R²_naive=0.1993  U_t=0.1081  U_b=0.4487  AUC=0.9827  Top1=0.5479
  timing: data=5.1ms  fwd=159.0ms  bwd=139.4ms  total=304.2ms
[ 134400] loss=14.2610  ema_loss=14.2828  gap=-0.1484  ema_gap=-0.1620  mixup=49/200  3.1 sps  ETA 6.0h
              R²_rand=0.5954  R²_naive=0.2137  U_t=0.0884  U_b=0.4364  AUC=0.9867  Top1=0.6195
  timing: data=43.2ms  fwd=160.9ms  bwd=143.2ms  total=348.1ms
[ 134600] loss=14.2301  ema_loss=14.3114  gap=-0.1633  ema_gap=-0.1649  mixup=61/200  3.1 sps  ETA 5.9h
              R²_rand=0.5971  R²_naive=0.2042  U_t=0.0995  U_b=0.4492  AUC=0.9823  Top1=0.5544
  timing: data=5.1ms  fwd=159.0ms  bwd=145.5ms  total=310.4ms
[ 134800] loss=14.2144  ema_loss=14.2915  gap=-0.1558  ema_gap=-0.1646  mixup=57/200  3.1 sps  ETA 5.9h
              R²_rand=0.5991  R²_naive=0.2042  U_t=0.0903  U_b=0.4396  AUC=0.9790  Top1=0.4258
  timing: data=4.9ms  fwd=158.9ms  bwd=141.6ms  total=306.2ms
[ 135000] loss=14.3678  ema_loss=14.2502  gap=-0.1692  ema_gap=-0.1619  mixup=58/200  3.1 sps  ETA 5.9h
              R²_rand=0.5824  R²_naive=0.1910  U_t=0.0998  U_b=0.4473  AUC=0.9818  Top1=0.5674
  timing: data=5.2ms  fwd=160.3ms  bwd=139.9ms  total=306.1ms
[ 135200] loss=14.2343  ema_loss=14.2351  gap=-0.1535  ema_gap=-0.1604  mixup=52/200  3.1 sps  ETA 5.9h
              R²_rand=0.5903  R²_naive=0.1959  U_t=0.0905  U_b=0.3928  AUC=0.9762  Top1=0.4090
  timing: data=37.9ms  fwd=160.6ms  bwd=143.7ms  total=343.1ms
[ 135400] loss=14.1005  ema_loss=14.2540  gap=-0.1593  ema_gap=-0.1626  mixup=59/200  3.1 sps  ETA 5.9h
              R²_rand=0.5929  R²_naive=0.1969  U_t=0.0933  U_b=0.4678  AUC=0.9821  Top1=0.4776
  timing: data=5.2ms  fwd=156.9ms  bwd=141.4ms  total=304.3ms
[ 135600] loss=14.3110  ema_loss=14.2901  gap=-0.1596  ema_gap=-0.1642  mixup=55/200  3.1 sps  ETA 5.9h
              R²_rand=0.5858  R²_naive=0.2100  U_t=0.0924  U_b=0.4642  AUC=0.9845  Top1=0.5297
  timing: data=5.1ms  fwd=160.3ms  bwd=142.4ms  total=308.7ms
[ 135800] loss=14.1815  ema_loss=14.2812  gap=-0.1524  ema_gap=-0.1631  mixup=59/200  3.1 sps  ETA 5.8h
              R²_rand=0.6065  R²_naive=0.2045  U_t=0.0831  U_b=0.3733  AUC=0.9817  Top1=0.3715
  timing: data=44.0ms  fwd=161.3ms  bwd=143.8ms  total=349.9ms
[ 136000] loss=14.2120  ema_loss=14.2568  gap=-0.1625  ema_gap=-0.1632  mixup=66/200  3.1 sps  ETA 5.8h
              R²_rand=0.6191  R²_naive=0.2077  U_t=0.0877  U_b=0.4812  AUC=0.9889  Top1=0.5571
  timing: data=5.4ms  fwd=159.6ms  bwd=141.3ms  total=307.1ms
[ 136200] loss=14.2527  ema_loss=14.2729  gap=-0.1612  ema_gap=-0.1631  mixup=62/200  3.1 sps  ETA 5.8h
              R²_rand=0.5994  R²_naive=0.1977  U_t=0.0967  U_b=0.4461  AUC=0.9840  Top1=0.5550
  timing: data=5.4ms  fwd=159.8ms  bwd=143.9ms  total=309.9ms
[ 136400] loss=14.1187  ema_loss=14.2751  gap=-0.1542  ema_gap=-0.1643  mixup=53/200  3.1 sps  ETA 5.8h
              R²_rand=0.6091  R²_naive=0.2113  U_t=0.0899  U_b=0.4785  AUC=0.9856  Top1=0.5430
  timing: data=50.6ms  fwd=161.2ms  bwd=143.9ms  total=356.6ms
[ 136600] loss=14.2895  ema_loss=14.2729  gap=-0.1560  ema_gap=-0.1638  mixup=59/200  3.1 sps  ETA 5.8h
              R²_rand=0.6064  R²_naive=0.2046  U_t=0.1009  U_b=0.4859  AUC=0.9870  Top1=0.5560
  timing: data=5.4ms  fwd=160.3ms  bwd=142.4ms  total=308.8ms
[ 136800] loss=14.5209  ema_loss=14.3045  gap=-0.1759  ema_gap=-0.1665  mixup=60/200  3.1 sps  ETA 5.7h
              R²_rand=0.5477  R²_naive=0.1961  U_t=0.1050  U_b=0.4893  AUC=0.9844  Top1=0.5457
  timing: data=5.1ms  fwd=160.4ms  bwd=144.1ms  total=310.4ms
[ 137000] loss=14.3586  ema_loss=14.3085  gap=-0.1758  ema_gap=-0.1680  mixup=70/200  3.1 sps  ETA 5.7h
              R²_rand=0.5659  R²_naive=0.2057  U_t=0.1083  U_b=0.5052  AUC=0.9857  Top1=0.5978
  timing: data=40.2ms  fwd=162.2ms  bwd=142.0ms  total=345.2ms
[ 137200] loss=14.7077  ema_loss=14.3171  gap=-0.1846  ema_gap=-0.1675  mixup=70/200  3.1 sps  ETA 5.7h
              R²_rand=0.5081  R²_naive=0.1887  U_t=0.1264  U_b=0.4840  AUC=0.9795  Top1=0.5009
  timing: data=5.3ms  fwd=160.7ms  bwd=142.9ms  total=309.7ms
[ 137400] loss=14.4422  ema_loss=14.3473  gap=-0.1740  ema_gap=-0.1707  mixup=58/200  3.1 sps  ETA 5.7h
              R²_rand=0.5660  R²_naive=0.1936  U_t=0.1149  U_b=0.5110  AUC=0.9856  Top1=0.5992
  timing: data=5.6ms  fwd=157.6ms  bwd=142.0ms  total=306.0ms
[ 137600] loss=14.3754  ema_loss=14.3502  gap=-0.1719  ema_gap=-0.1713  mixup=70/200  3.1 sps  ETA 5.7h
              R²_rand=0.5969  R²_naive=0.2061  U_t=0.0982  U_b=0.4943  AUC=0.9861  Top1=0.5612
  timing: data=52.6ms  fwd=160.5ms  bwd=145.0ms  total=358.9ms
[ 137800] loss=14.1661  ema_loss=14.3176  gap=-0.1624  ema_gap=-0.1687  mixup=56/200  3.1 sps  ETA 5.7h
              R²_rand=0.5989  R²_naive=0.2059  U_t=0.1032  U_b=0.4361  AUC=0.9773  Top1=0.4730
  timing: data=5.4ms  fwd=160.3ms  bwd=146.7ms  total=313.3ms
[ 138000] loss=14.2223  ema_loss=14.3193  gap=-0.1559  ema_gap=-0.1705  mixup=63/200  3.1 sps  ETA 5.6h
              R²_rand=0.6226  R²_naive=0.2068  U_t=0.0873  U_b=0.4667  AUC=0.9898  Top1=0.5753
  timing: data=5.2ms  fwd=159.0ms  bwd=143.2ms  total=308.2ms
[ 138200] loss=14.5449  ema_loss=14.3584  gap=-0.1919  ema_gap=-0.1735  mixup=63/200  3.1 sps  ETA 5.6h
              R²_rand=0.5198  R²_naive=0.1962  U_t=0.1235  U_b=0.5088  AUC=0.9801  Top1=0.5419
  timing: data=44.1ms  fwd=159.8ms  bwd=141.0ms  total=345.6ms
[ 138400] loss=14.2280  ema_loss=14.3237  gap=-0.1725  ema_gap=-0.1718  mixup=75/200  3.1 sps  ETA 5.6h
              R²_rand=0.5682  R²_naive=0.1956  U_t=0.0993  U_b=0.4463  AUC=0.9834  Top1=0.4882
  timing: data=5.3ms  fwd=157.5ms  bwd=145.3ms  total=308.9ms
[ 138600] loss=14.4301  ema_loss=14.3610  gap=-0.1857  ema_gap=-0.1745  mixup=57/200  3.1 sps  ETA 5.6h
              R²_rand=0.5163  R²_naive=0.1945  U_t=0.1279  U_b=0.5016  AUC=0.9734  Top1=0.4423
  timing: data=5.5ms  fwd=161.2ms  bwd=146.0ms  total=313.6ms
[ 138800] loss=14.5302  ema_loss=14.3761  gap=-0.1853  ema_gap=-0.1775  mixup=64/200  3.1 sps  ETA 5.6h
              R²_rand=0.5261  R²_naive=0.1845  U_t=0.1239  U_b=0.5067  AUC=0.9799  Top1=0.5653
  timing: data=44.3ms  fwd=160.1ms  bwd=141.9ms  total=347.1ms
[ 139000] loss=14.4634  ema_loss=14.3871  gap=-0.1920  ema_gap=-0.1785  mixup=67/200  3.1 sps  ETA 5.6h
              R²_rand=0.5208  R²_naive=0.1943  U_t=0.1209  U_b=0.4740  AUC=0.9809  Top1=0.5457
  timing: data=5.5ms  fwd=161.0ms  bwd=144.0ms  total=311.2ms
[ 139200] loss=14.3282  ema_loss=14.3872  gap=-0.1740  ema_gap=-0.1781  mixup=66/200  3.1 sps  ETA 5.5h
              R²_rand=0.5958  R²_naive=0.2108  U_t=0.0964  U_b=0.4925  AUC=0.9831  Top1=0.5373
  timing: data=5.4ms  fwd=159.6ms  bwd=142.1ms  total=307.9ms
[ 139400] loss=14.4767  ema_loss=14.3810  gap=-0.1787  ema_gap=-0.1778  mixup=62/200  3.1 sps  ETA 5.5h
              R²_rand=0.5559  R²_naive=0.2013  U_t=0.1113  U_b=0.4785  AUC=0.9815  Top1=0.5560
  timing: data=44.1ms  fwd=158.2ms  bwd=139.0ms  total=342.0ms
[ 139600] loss=14.3933  ema_loss=14.3547  gap=-0.1721  ema_gap=-0.1744  mixup=57/200  3.1 sps  ETA 5.5h
              R²_rand=0.5650  R²_naive=0.2078  U_t=0.1083  U_b=0.4971  AUC=0.9821  Top1=0.4847
  timing: data=5.4ms  fwd=161.9ms  bwd=143.7ms  total=311.8ms
[ 139800] loss=14.4435  ema_loss=14.3431  gap=-0.1775  ema_gap=-0.1733  mixup=71/200  3.1 sps  ETA 5.5h
              R²_rand=0.5640  R²_naive=0.2052  U_t=0.1148  U_b=0.5044  AUC=0.9821  Top1=0.5604
  timing: data=5.3ms  fwd=160.6ms  bwd=142.0ms  total=308.7ms
[ 140000] loss=14.2829  ema_loss=14.3320  gap=-0.1648  ema_gap=-0.1735  mixup=65/200  3.1 sps  ETA 5.5h
              R²_rand=0.6044  R²_naive=0.1952  U_t=0.0971  U_b=0.4592  AUC=0.9826  Top1=0.5066
  timing: data=5.0ms  fwd=159.2ms  bwd=142.2ms  total=307.1ms
  -> Saved /root/cf373_runs/bb_small_arm5_combab_lalign_lrep_enc3l3_b64_200k_sigreg_ema_qk_aon_cpc_tau090_alignteacher_cf373k3/bb_small_arm5_combab_lalign_lrep_enc3l3_b64_200k_sigreg_ema_qk_aon_cpc_tau090_alignteacher_cf373k3_r3_140k.pth
[ 140200] loss=14.3091  ema_loss=14.3415  gap=-0.1804  ema_gap=-0.1745  mixup=54/200  3.1 sps  ETA 5.4h
              R²_rand=0.5438  R²_naive=0.1945  U_t=0.1137  U_b=0.4899  AUC=0.9786  Top1=0.3870
  timing: data=41.6ms  fwd=161.2ms  bwd=143.2ms  total=346.7ms
[ 140400] loss=14.2741  ema_loss=14.3321  gap=-0.1782  ema_gap=-0.1746  mixup=61/200  3.1 sps  ETA 5.4h
              R²_rand=0.5537  R²_naive=0.1954  U_t=0.1176  U_b=0.4632  AUC=0.9766  Top1=0.4950
  timing: data=5.1ms  fwd=159.1ms  bwd=140.7ms  total=305.6ms
[ 140600] loss=13.9981  ema_loss=14.3434  gap=-0.1595  ema_gap=-0.1752  mixup=55/200  3.1 sps  ETA 5.4h
              R²_rand=0.6221  R²_naive=0.2199  U_t=0.0855  U_b=0.4802  AUC=0.9863  Top1=0.5596
  timing: data=5.2ms  fwd=158.4ms  bwd=139.1ms  total=303.5ms
[ 140800] loss=14.5304  ema_loss=14.3284  gap=-0.1837  ema_gap=-0.1738  mixup=56/200  3.1 sps  ETA 5.4h
              R²_rand=0.5463  R²_naive=0.1812  U_t=0.1255  U_b=0.4941  AUC=0.9783  Top1=0.5069
  timing: data=41.7ms  fwd=157.9ms  bwd=140.4ms  total=340.7ms
[ 141000] loss=14.3513  ema_loss=14.3612  gap=-0.1726  ema_gap=-0.1764  mixup=74/200  3.1 sps  ETA 5.4h
              R²_rand=0.5907  R²_naive=0.2071  U_t=0.1036  U_b=0.4530  AUC=0.9815  Top1=0.5197
  timing: data=5.3ms  fwd=159.0ms  bwd=139.9ms  total=304.9ms
[ 141200] loss=14.2463  ema_loss=14.3237  gap=-0.1673  ema_gap=-0.1741  mixup=48/200  3.1 sps  ETA 5.4h
              R²_rand=0.5782  R²_naive=0.2045  U_t=0.1034  U_b=0.4867  AUC=0.9830  Top1=0.5748
  timing: data=5.1ms  fwd=157.4ms  bwd=138.6ms  total=301.8ms
[ 141400] loss=14.2615  ema_loss=14.3306  gap=-0.1731  ema_gap=-0.1748  mixup=66/200  3.1 sps  ETA 5.3h
              R²_rand=0.5685  R²_naive=0.2013  U_t=0.1053  U_b=0.4835  AUC=0.9849  Top1=0.5395
  timing: data=42.9ms  fwd=159.4ms  bwd=140.7ms  total=343.8ms
[ 141600] loss=14.3560  ema_loss=14.3314  gap=-0.1771  ema_gap=-0.1766  mixup=66/200  3.1 sps  ETA 5.3h
              R²_rand=0.5548  R²_naive=0.1842  U_t=0.1173  U_b=0.3854  AUC=0.9765  Top1=0.4792
  timing: data=5.3ms  fwd=159.0ms  bwd=143.2ms  total=308.3ms
[ 141800] loss=14.3855  ema_loss=14.3123  gap=-0.1724  ema_gap=-0.1726  mixup=56/200  3.1 sps  ETA 5.3h
              R²_rand=0.5680  R²_naive=0.1956  U_t=0.1133  U_b=0.4848  AUC=0.9838  Top1=0.5550
  timing: data=5.2ms  fwd=159.4ms  bwd=144.9ms  total=310.3ms
[ 142000] loss=14.1307  ema_loss=14.3189  gap=-0.1603  ema_gap=-0.1732  mixup=58/200  3.1 sps  ETA 5.3h
              R²_rand=0.6192  R²_naive=0.1937  U_t=0.0964  U_b=0.4433  AUC=0.9847  Top1=0.5191
  timing: data=45.7ms  fwd=159.3ms  bwd=142.8ms  total=348.6ms
[ 142200] loss=14.1674  ema_loss=14.3259  gap=-0.1740  ema_gap=-0.1724  mixup=66/200  3.1 sps  ETA 5.3h
              R²_rand=0.6153  R²_naive=0.2011  U_t=0.0896  U_b=0.4707  AUC=0.9824  Top1=0.5050
  timing: data=5.3ms  fwd=158.2ms  bwd=144.9ms  total=309.2ms
[ 142400] loss=14.1640  ema_loss=14.2922  gap=-0.1653  ema_gap=-0.1706  mixup=56/200  3.1 sps  ETA 5.2h
              R²_rand=0.5992  R²_naive=0.2070  U_t=0.0946  U_b=0.4643  AUC=0.9861  Top1=0.5552
  timing: data=4.9ms  fwd=158.9ms  bwd=147.4ms  total=312.0ms
[ 142600] loss=14.3137  ema_loss=14.2743  gap=-0.1666  ema_gap=-0.1684  mixup=61/200  3.1 sps  ETA 5.2h
              R²_rand=0.5714  R²_naive=0.1963  U_t=0.1065  U_b=0.5158  AUC=0.9848  Top1=0.5872
  timing: data=39.1ms  fwd=159.2ms  bwd=148.0ms  total=347.2ms
[ 142800] loss=14.2850  ema_loss=14.2843  gap=-0.1604  ema_gap=-0.1676  mixup=46/200  3.1 sps  ETA 5.2h
              R²_rand=0.6012  R²_naive=0.2052  U_t=0.0968  U_b=0.4896  AUC=0.9880  Top1=0.6355
  timing: data=5.4ms  fwd=160.7ms  bwd=149.5ms  total=316.4ms
[ 143000] loss=14.3937  ema_loss=14.2695  gap=-0.1681  ema_gap=-0.1670  mixup=68/200  3.1 sps  ETA 5.2h
              R²_rand=0.5697  R²_naive=0.1858  U_t=0.1129  U_b=0.4354  AUC=0.9823  Top1=0.5132
  timing: data=5.2ms  fwd=162.4ms  bwd=149.0ms  total=317.5ms
[ 143200] loss=14.4704  ema_loss=14.3012  gap=-0.1755  ema_gap=-0.1678  mixup=69/200  3.0 sps  ETA 5.2h
              R²_rand=0.5824  R²_naive=0.1923  U_t=0.1032  U_b=0.4942  AUC=0.9878  Top1=0.5815
  timing: data=45.5ms  fwd=160.2ms  bwd=143.4ms  total=349.9ms
[ 143400] loss=14.3896  ema_loss=14.2885  gap=-0.1762  ema_gap=-0.1688  mixup=65/200  3.0 sps  ETA 5.2h
              R²_rand=0.5912  R²_naive=0.2007  U_t=0.1037  U_b=0.4695  AUC=0.9843  Top1=0.4909
  timing: data=5.3ms  fwd=161.7ms  bwd=147.2ms  total=315.1ms
[ 143600] loss=14.3252  ema_loss=14.2914  gap=-0.1706  ema_gap=-0.1691  mixup=51/200  3.0 sps  ETA 5.1h
              R²_rand=0.5714  R²_naive=0.1815  U_t=0.1008  U_b=0.4683  AUC=0.9823  Top1=0.5270
  timing: data=5.1ms  fwd=160.0ms  bwd=148.8ms  total=314.7ms
[ 143800] loss=14.0448  ema_loss=14.2762  gap=-0.1614  ema_gap=-0.1702  mixup=53/200  3.0 sps  ETA 5.1h
              R²_rand=0.6280  R²_naive=0.2162  U_t=0.0875  U_b=0.4634  AUC=0.9863  Top1=0.5365
  timing: data=39.2ms  fwd=160.1ms  bwd=144.3ms  total=344.4ms
[ 144000] loss=14.5300  ema_loss=14.2734  gap=-0.1814  ema_gap=-0.1673  mixup=52/200  3.0 sps  ETA 5.1h
              R²_rand=0.5507  R²_naive=0.1851  U_t=0.1181  U_b=0.5123  AUC=0.9827  Top1=0.5522
  timing: data=5.2ms  fwd=157.2ms  bwd=144.5ms  total=307.7ms
[ 144200] loss=14.3519  ema_loss=14.2850  gap=-0.1735  ema_gap=-0.1673  mixup=55/200  3.0 sps  ETA 5.1h
              R²_rand=0.6139  R²_naive=0.1978  U_t=0.0952  U_b=0.4852  AUC=0.9832  Top1=0.5305
  timing: data=5.1ms  fwd=160.6ms  bwd=144.5ms  total=311.0ms
[ 144400] loss=14.3017  ema_loss=14.2867  gap=-0.1789  ema_gap=-0.1671  mixup=68/200  3.0 sps  ETA 5.1h
              R²_rand=0.6068  R²_naive=0.2045  U_t=0.0937  U_b=0.4807  AUC=0.9842  Top1=0.4950
  timing: data=36.4ms  fwd=161.2ms  bwd=143.0ms  total=341.4ms
[ 144600] loss=14.1021  ema_loss=14.2677  gap=-0.1612  ema_gap=-0.1669  mixup=61/200  3.0 sps  ETA 5.0h
              R²_rand=0.6134  R²_naive=0.2259  U_t=0.0882  U_b=0.4914  AUC=0.9815  Top1=0.5080
  timing: data=5.3ms  fwd=160.7ms  bwd=145.2ms  total=312.0ms
[ 144800] loss=14.2639  ema_loss=14.2955  gap=-0.1660  ema_gap=-0.1682  mixup=65/200  3.0 sps  ETA 5.0h
              R²_rand=0.6024  R²_naive=0.1876  U_t=0.0980  U_b=0.4620  AUC=0.9850  Top1=0.4673
  timing: data=5.1ms  fwd=162.2ms  bwd=145.0ms  total=313.1ms
[ 145000] loss=14.2585  ema_loss=14.2894  gap=-0.1721  ema_gap=-0.1658  mixup=53/200  3.0 sps  ETA 5.0h
              R²_rand=0.5667  R²_naive=0.2124  U_t=0.0937  U_b=0.4690  AUC=0.9820  Top1=0.4225
  timing: data=5.4ms  fwd=157.2ms  bwd=140.6ms  total=303.9ms
[ 145200] loss=14.3290  ema_loss=14.3009  gap=-0.1697  ema_gap=-0.1673  mixup=59/200  3.0 sps  ETA 5.0h
              R²_rand=0.5600  R²_naive=0.2015  U_t=0.1061  U_b=0.5079  AUC=0.9849  Top1=0.5248
  timing: data=87.4ms  fwd=159.2ms  bwd=141.5ms  total=388.8ms
[ 145400] loss=14.2490  ema_loss=14.3200  gap=-0.1727  ema_gap=-0.1692  mixup=64/200  3.0 sps  ETA 5.0h
              R²_rand=0.5795  R²_naive=0.2090  U_t=0.0963  U_b=0.4560  AUC=0.9773  Top1=0.5023
  timing: data=5.3ms  fwd=158.2ms  bwd=140.9ms  total=305.2ms
[ 145600] loss=14.0955  ema_loss=14.2796  gap=-0.1568  ema_gap=-0.1653  mixup=66/200  3.0 sps  ETA 5.0h
              R²_rand=0.6237  R²_naive=0.1955  U_t=0.0852  U_b=0.4646  AUC=0.9873  Top1=0.5902
  timing: data=5.2ms  fwd=160.7ms  bwd=141.5ms  total=308.3ms
[ 145800] loss=14.3830  ema_loss=14.2473  gap=-0.1699  ema_gap=-0.1630  mixup=67/200  3.0 sps  ETA 4.9h
              R²_rand=0.5845  R²_naive=0.2049  U_t=0.0993  U_b=0.4954  AUC=0.9827  Top1=0.5796
  timing: data=40.3ms  fwd=161.1ms  bwd=143.6ms  total=345.8ms
[ 146000] loss=14.1680  ema_loss=14.2462  gap=-0.1574  ema_gap=-0.1627  mixup=63/200  3.0 sps  ETA 4.9h
              R²_rand=0.6085  R²_naive=0.2101  U_t=0.0908  U_b=0.4497  AUC=0.9804  Top1=0.5159
  timing: data=5.4ms  fwd=159.5ms  bwd=144.5ms  total=310.3ms
[ 146200] loss=14.2285  ema_loss=14.2217  gap=-0.1565  ema_gap=-0.1588  mixup=65/200  3.0 sps  ETA 4.9h
              R²_rand=0.6100  R²_naive=0.2080  U_t=0.0952  U_b=0.3876  AUC=0.9795  Top1=0.5126
  timing: data=5.4ms  fwd=158.8ms  bwd=140.8ms  total=305.7ms
[ 146400] loss=14.3660  ema_loss=14.2276  gap=-0.1757  ema_gap=-0.1594  mixup=61/200  3.0 sps  ETA 4.9h
              R²_rand=0.5703  R²_naive=0.1900  U_t=0.1040  U_b=0.4932  AUC=0.9845  Top1=0.5628
  timing: data=40.9ms  fwd=160.9ms  bwd=143.0ms  total=345.6ms
[ 146600] loss=14.1981  ema_loss=14.2231  gap=-0.1579  ema_gap=-0.1601  mixup=61/200  3.0 sps  ETA 4.9h
              R²_rand=0.6159  R²_naive=0.2120  U_t=0.0854  U_b=0.4751  AUC=0.9880  Top1=0.5666
  timing: data=5.6ms  fwd=159.2ms  bwd=147.6ms  total=313.2ms
[ 146800] loss=14.3100  ema_loss=14.2305  gap=-0.1634  ema_gap=-0.1596  mixup=49/200  3.0 sps  ETA 4.8h
              R²_rand=0.5629  R²_naive=0.1993  U_t=0.1052  U_b=0.4186  AUC=0.9760  Top1=0.4887
  timing: data=5.5ms  fwd=159.9ms  bwd=141.8ms  total=308.0ms
[ 147000] loss=14.4010  ema_loss=14.2130  gap=-0.1675  ema_gap=-0.1582  mixup=64/200  3.0 sps  ETA 4.8h
              R²_rand=0.5864  R²_naive=0.2019  U_t=0.1003  U_b=0.4891  AUC=0.9854  Top1=0.5780
  timing: data=41.1ms  fwd=158.1ms  bwd=141.8ms  total=341.8ms
[ 147200] loss=14.4228  ema_loss=14.2474  gap=-0.1742  ema_gap=-0.1610  mixup=59/200  3.0 sps  ETA 4.8h
              R²_rand=0.5854  R²_naive=0.1923  U_t=0.0996  U_b=0.4741  AUC=0.9823  Top1=0.5164
  timing: data=5.2ms  fwd=159.9ms  bwd=144.3ms  total=310.2ms
[ 147400] loss=14.3729  ema_loss=14.2659  gap=-0.1804  ema_gap=-0.1625  mixup=73/200  3.0 sps  ETA 4.8h
              R²_rand=0.5760  R²_naive=0.2061  U_t=0.1025  U_b=0.4816  AUC=0.9803  Top1=0.5164
  timing: data=5.4ms  fwd=160.1ms  bwd=145.1ms  total=311.4ms
[ 147600] loss=14.2764  ema_loss=14.2506  gap=-0.1583  ema_gap=-0.1603  mixup=69/200  3.0 sps  ETA 4.8h
              R²_rand=0.5845  R²_naive=0.1988  U_t=0.0993  U_b=0.4559  AUC=0.9842  Top1=0.4950
  timing: data=45.5ms  fwd=159.0ms  bwd=142.0ms  total=347.3ms
[ 147800] loss=14.2786  ema_loss=14.2573  gap=-0.1716  ema_gap=-0.1611  mixup=56/200  3.0 sps  ETA 4.8h
              R²_rand=0.5941  R²_naive=0.2079  U_t=0.0927  U_b=0.5025  AUC=0.9842  Top1=0.5617
  timing: data=5.2ms  fwd=160.2ms  bwd=141.5ms  total=307.7ms
[ 148000] loss=14.1110  ema_loss=14.2144  gap=-0.1496  ema_gap=-0.1592  mixup=72/200  3.0 sps  ETA 4.7h
              R²_rand=0.6368  R²_naive=0.2346  U_t=0.0740  U_b=0.3962  AUC=0.9775  Top1=0.3620
  timing: data=5.2ms  fwd=159.1ms  bwd=142.3ms  total=307.3ms
[ 148200] loss=14.2660  ema_loss=14.2291  gap=-0.1649  ema_gap=-0.1598  mixup=73/200  3.0 sps  ETA 4.7h
              R²_rand=0.6140  R²_naive=0.2014  U_t=0.0963  U_b=0.5195  AUC=0.9851  Top1=0.5319
  timing: data=37.8ms  fwd=160.0ms  bwd=143.3ms  total=341.9ms
[ 148400] loss=13.9767  ema_loss=14.2418  gap=-0.1416  ema_gap=-0.1609  mixup=57/200  3.0 sps  ETA 4.7h
              R²_rand=0.6486  R²_naive=0.2180  U_t=0.0819  U_b=0.4895  AUC=0.9883  Top1=0.5360
  timing: data=5.1ms  fwd=161.9ms  bwd=146.3ms  total=314.2ms
[ 148600] loss=14.0873  ema_loss=14.2715  gap=-0.1551  ema_gap=-0.1640  mixup=62/200  3.0 sps  ETA 4.7h
              R²_rand=0.6275  R²_naive=0.2236  U_t=0.0873  U_b=0.4973  AUC=0.9862  Top1=0.5050
  timing: data=5.5ms  fwd=159.7ms  bwd=145.3ms  total=311.3ms
[ 148800] loss=14.3896  ema_loss=14.2716  gap=-0.1820  ema_gap=-0.1636  mixup=61/200  3.0 sps  ETA 4.7h
              R²_rand=0.5399  R²_naive=0.1867  U_t=0.1131  U_b=0.4518  AUC=0.9768  Top1=0.4100
  timing: data=39.8ms  fwd=177.1ms  bwd=162.4ms  total=380.0ms
[ 149000] loss=14.4777  ema_loss=14.2908  gap=-0.1785  ema_gap=-0.1656  mixup=61/200  3.0 sps  ETA 4.7h
              R²_rand=0.5743  R²_naive=0.1940  U_t=0.1097  U_b=0.5089  AUC=0.9816  Top1=0.5419
  timing: data=6.3ms  fwd=178.4ms  bwd=162.7ms  total=348.1ms
[ 149200] loss=14.1771  ema_loss=14.2898  gap=-0.1550  ema_gap=-0.1639  mixup=65/200  3.0 sps  ETA 4.6h
              R²_rand=0.6385  R²_naive=0.2122  U_t=0.0864  U_b=0.5009  AUC=0.9888  Top1=0.5566
  timing: data=6.5ms  fwd=177.0ms  bwd=161.8ms  total=346.1ms
[ 149400] loss=14.5114  ema_loss=14.2648  gap=-0.1716  ema_gap=-0.1625  mixup=63/200  3.0 sps  ETA 4.6h
              R²_rand=0.5583  R²_naive=0.1956  U_t=0.1128  U_b=0.4959  AUC=0.9865  Top1=0.6255
  timing: data=37.2ms  fwd=182.5ms  bwd=168.4ms  total=388.9ms
[ 149600] loss=14.5202  ema_loss=14.2583  gap=-0.1775  ema_gap=-0.1620  mixup=58/200  3.0 sps  ETA 4.6h
              R²_rand=0.5543  R²_naive=0.1877  U_t=0.1031  U_b=0.5023  AUC=0.9845  Top1=0.5292
  timing: data=6.2ms  fwd=178.9ms  bwd=163.3ms  total=349.2ms
[ 149800] loss=14.1410  ema_loss=14.2439  gap=-0.1634  ema_gap=-0.1616  mixup=55/200  3.0 sps  ETA 4.6h
              R²_rand=0.6059  R²_naive=0.2084  U_t=0.0903  U_b=0.5194  AUC=0.9888  Top1=0.6266
  timing: data=6.3ms  fwd=180.2ms  bwd=161.6ms  total=348.9ms
[ 150000] loss=14.0678  ema_loss=14.2366  gap=-0.1527  ema_gap=-0.1602  mixup=56/200  3.0 sps  ETA 4.6h
              R²_rand=0.6290  R²_naive=0.2129  U_t=0.0814  U_b=0.5019  AUC=0.9892  Top1=0.5446
  timing: data=39.3ms  fwd=180.8ms  bwd=162.1ms  total=383.0ms
[ 150200] loss=14.2312  ema_loss=14.2678  gap=-0.1607  ema_gap=-0.1641  mixup=67/200  3.0 sps  ETA 4.6h
              R²_rand=0.5861  R²_naive=0.2039  U_t=0.0968  U_b=0.4919  AUC=0.9851  Top1=0.5541
  timing: data=6.6ms  fwd=180.0ms  bwd=164.9ms  total=352.3ms
[ 150400] loss=14.5187  ema_loss=14.2988  gap=-0.1902  ema_gap=-0.1661  mixup=69/200  3.0 sps  ETA 4.5h
              R²_rand=0.5246  R²_naive=0.1920  U_t=0.1202  U_b=0.4790  AUC=0.9785  Top1=0.5254
  timing: data=6.4ms  fwd=177.4ms  bwd=163.1ms  total=347.7ms
[ 150600] loss=14.3993  ema_loss=14.3132  gap=-0.1685  ema_gap=-0.1666  mixup=52/200  3.0 sps  ETA 4.5h
              R²_rand=0.5625  R²_naive=0.2086  U_t=0.0994  U_b=0.4963  AUC=0.9868  Top1=0.6027
  timing: data=6.6ms  fwd=177.3ms  bwd=166.1ms  total=350.8ms
[ 150800] loss=14.2357  ema_loss=14.2774  gap=-0.1554  ema_gap=-0.1656  mixup=55/200  3.0 sps  ETA 4.5h
              R²_rand=0.6179  R²_naive=0.2148  U_t=0.0878  U_b=0.4930  AUC=0.9884  Top1=0.5927
  timing: data=50.6ms  fwd=180.4ms  bwd=165.0ms  total=396.7ms
[ 151000] loss=14.1424  ema_loss=14.2381  gap=-0.1629  ema_gap=-0.1647  mixup=63/200  3.0 sps  ETA 4.5h
              R²_rand=0.6085  R²_naive=0.2003  U_t=0.0897  U_b=0.4580  AUC=0.9854  Top1=0.5300
  timing: data=6.5ms  fwd=179.4ms  bwd=163.9ms  total=350.6ms
[ 151200] loss=14.4212  ema_loss=14.2397  gap=-0.1734  ema_gap=-0.1650  mixup=46/200  3.0 sps  ETA 4.5h
              R²_rand=0.5610  R²_naive=0.2025  U_t=0.1100  U_b=0.5351  AUC=0.9818  Top1=0.5365
  timing: data=6.7ms  fwd=180.6ms  bwd=163.9ms  total=352.0ms
[ 151400] loss=14.3223  ema_loss=14.2318  gap=-0.1648  ema_gap=-0.1646  mixup=60/200  3.0 sps  ETA 4.5h
              R²_rand=0.5939  R²_naive=0.2007  U_t=0.0967  U_b=0.4853  AUC=0.9836  Top1=0.5186
  timing: data=46.9ms  fwd=179.2ms  bwd=164.6ms  total=391.4ms
[ 151600] loss=14.1791  ema_loss=14.2736  gap=-0.1564  ema_gap=-0.1656  mixup=50/200  3.0 sps  ETA 4.5h
              R²_rand=0.6149  R²_naive=0.2122  U_t=0.0939  U_b=0.3775  AUC=0.9793  Top1=0.4198
  timing: data=6.4ms  fwd=180.9ms  bwd=163.1ms  total=351.1ms
[ 151800] loss=14.3530  ema_loss=14.3184  gap=-0.1721  ema_gap=-0.1692  mixup=60/200  3.0 sps  ETA 4.4h
              R²_rand=0.5853  R²_naive=0.1954  U_t=0.1036  U_b=0.4685  AUC=0.9827  Top1=0.5221
  timing: data=6.3ms  fwd=180.0ms  bwd=165.6ms  total=352.7ms
[ 152000] loss=14.3843  ema_loss=14.3137  gap=-0.1646  ema_gap=-0.1684  mixup=58/200  3.0 sps  ETA 4.4h
              R²_rand=0.5783  R²_naive=0.1971  U_t=0.1008  U_b=0.4425  AUC=0.9827  Top1=0.5110
  timing: data=45.6ms  fwd=177.0ms  bwd=161.7ms  total=385.1ms
[ 152200] loss=14.5099  ema_loss=14.3023  gap=-0.1777  ema_gap=-0.1669  mixup=47/200  3.0 sps  ETA 4.4h
              R²_rand=0.5612  R²_naive=0.1871  U_t=0.1092  U_b=0.4781  AUC=0.9844  Top1=0.5815
  timing: data=6.3ms  fwd=178.3ms  bwd=162.4ms  total=347.9ms
[ 152400] loss=14.4316  ema_loss=14.2953  gap=-0.1932  ema_gap=-0.1680  mixup=54/200  3.0 sps  ETA 4.4h
              R²_rand=0.5599  R²_naive=0.1999  U_t=0.1097  U_b=0.4077  AUC=0.9768  Top1=0.4518
  timing: data=6.0ms  fwd=175.2ms  bwd=158.5ms  total=340.5ms
[ 152600] loss=14.4293  ema_loss=14.2920  gap=-0.1682  ema_gap=-0.1674  mixup=47/200  3.0 sps  ETA 4.4h
              R²_rand=0.5634  R²_naive=0.2014  U_t=0.1086  U_b=0.4990  AUC=0.9834  Top1=0.5924
  timing: data=38.3ms  fwd=161.8ms  bwd=143.3ms  total=344.1ms
[ 152800] loss=13.9107  ema_loss=14.2685  gap=-0.1534  ema_gap=-0.1650  mixup=56/200  3.0 sps  ETA 4.4h
              R²_rand=0.6518  R²_naive=0.2203  U_t=0.0755  U_b=0.4392  AUC=0.9864  Top1=0.4505
  timing: data=5.3ms  fwd=160.8ms  bwd=140.7ms  total=307.6ms
[ 153000] loss=14.3188  ema_loss=14.2692  gap=-0.1669  ema_gap=-0.1645  mixup=65/200  3.0 sps  ETA 4.3h
              R²_rand=0.5857  R²_naive=0.2035  U_t=0.0964  U_b=0.4143  AUC=0.9797  Top1=0.4204
  timing: data=5.3ms  fwd=158.5ms  bwd=139.3ms  total=303.8ms
[ 153200] loss=14.2626  ema_loss=14.3086  gap=-0.1683  ema_gap=-0.1666  mixup=61/200  3.0 sps  ETA 4.3h
              R²_rand=0.5744  R²_naive=0.2055  U_t=0.1040  U_b=0.4621  AUC=0.9849  Top1=0.5275
  timing: data=45.8ms  fwd=159.9ms  bwd=141.7ms  total=348.1ms
[ 153400] loss=14.3204  ema_loss=14.3050  gap=-0.1816  ema_gap=-0.1666  mixup=58/200  3.0 sps  ETA 4.3h
              R²_rand=0.5419  R²_naive=0.2013  U_t=0.1077  U_b=0.4658  AUC=0.9786  Top1=0.4187
  timing: data=6.1ms  fwd=169.9ms  bwd=158.5ms  total=335.3ms
[ 153600] loss=14.4060  ema_loss=14.2859  gap=-0.1661  ema_gap=-0.1660  mixup=64/200  3.0 sps  ETA 4.3h
              R²_rand=0.5572  R²_naive=0.1720  U_t=0.1132  U_b=0.4531  AUC=0.9827  Top1=0.5449
  timing: data=5.9ms  fwd=170.9ms  bwd=156.9ms  total=334.5ms
[ 153800] loss=14.4635  ema_loss=14.2964  gap=-0.1709  ema_gap=-0.1674  mixup=62/200  3.0 sps  ETA 4.3h
              R²_rand=0.5472  R²_naive=0.2043  U_t=0.1109  U_b=0.5008  AUC=0.9824  Top1=0.5248
  timing: data=46.4ms  fwd=170.4ms  bwd=156.6ms  total=374.2ms
[ 154000] loss=14.1778  ema_loss=14.3090  gap=-0.1610  ema_gap=-0.1672  mixup=58/200  3.0 sps  ETA 4.2h
              R²_rand=0.5947  R²_naive=0.1996  U_t=0.0984  U_b=0.5071  AUC=0.9837  Top1=0.4988
  timing: data=6.8ms  fwd=176.3ms  bwd=160.7ms  total=344.7ms
[ 154200] loss=14.2972  ema_loss=14.3152  gap=-0.1784  ema_gap=-0.1687  mixup=55/200  3.0 sps  ETA 4.2h
              R²_rand=0.5558  R²_naive=0.1962  U_t=0.1113  U_b=0.5060  AUC=0.9828  Top1=0.5018
  timing: data=6.1ms  fwd=173.9ms  bwd=159.9ms  total=340.8ms
[ 154400] loss=14.3241  ema_loss=14.3082  gap=-0.1696  ema_gap=-0.1670  mixup=59/200  3.0 sps  ETA 4.2h
              R²_rand=0.5370  R²_naive=0.2038  U_t=0.1036  U_b=0.3888  AUC=0.9711  Top1=0.3471
  timing: data=44.3ms  fwd=169.9ms  bwd=154.3ms  total=369.3ms
[ 154600] loss=14.3796  ema_loss=14.3597  gap=-0.1681  ema_gap=-0.1681  mixup=64/200  3.0 sps  ETA 4.2h
              R²_rand=0.5717  R²_naive=0.1913  U_t=0.1099  U_b=0.4580  AUC=0.9841  Top1=0.5297
  timing: data=6.2ms  fwd=172.3ms  bwd=158.0ms  total=337.3ms
[ 154800] loss=14.2861  ema_loss=14.3474  gap=-0.1730  ema_gap=-0.1701  mixup=65/200  3.0 sps  ETA 4.2h
              R²_rand=0.5591  R²_naive=0.1796  U_t=0.1135  U_b=0.4768  AUC=0.9802  Top1=0.5118
  timing: data=5.8ms  fwd=174.2ms  bwd=158.0ms  total=338.9ms
[ 155000] loss=14.4712  ema_loss=14.3685  gap=-0.1836  ema_gap=-0.1716  mixup=64/200  3.0 sps  ETA 4.2h
              R²_rand=0.4964  R²_naive=0.1881  U_t=0.1352  U_b=0.5068  AUC=0.9726  Top1=0.4860
  timing: data=41.9ms  fwd=172.9ms  bwd=159.5ms  total=375.1ms
[ 155200] loss=14.5221  ema_loss=14.3771  gap=-0.1780  ema_gap=-0.1746  mixup=56/200  3.0 sps  ETA 4.1h
              R²_rand=0.5397  R²_naive=0.1840  U_t=0.1259  U_b=0.5155  AUC=0.9792  Top1=0.5107
  timing: data=5.8ms  fwd=173.3ms  bwd=158.3ms  total=338.3ms
[ 155400] loss=14.2376  ema_loss=14.3877  gap=-0.1735  ema_gap=-0.1770  mixup=74/200  3.0 sps  ETA 4.1h
              R²_rand=0.5776  R²_naive=0.1880  U_t=0.1083  U_b=0.4928  AUC=0.9814  Top1=0.4600
  timing: data=5.7ms  fwd=172.7ms  bwd=160.4ms  total=339.8ms
[ 155600] loss=14.1798  ema_loss=14.3814  gap=-0.1709  ema_gap=-0.1766  mixup=72/200  3.0 sps  ETA 4.1h
              R²_rand=0.5807  R²_naive=0.2008  U_t=0.0995  U_b=0.4132  AUC=0.9730  Top1=0.3495
  timing: data=6.5ms  fwd=171.8ms  bwd=159.9ms  total=339.1ms
[ 155800] loss=14.5264  ema_loss=14.3760  gap=-0.1843  ema_gap=-0.1768  mixup=72/200  3.0 sps  ETA 4.1h
              R²_rand=0.5293  R²_naive=0.1829  U_t=0.1317  U_b=0.4491  AUC=0.9731  Top1=0.4858
  timing: data=37.6ms  fwd=170.1ms  bwd=157.3ms  total=365.8ms
[ 156000] loss=14.6456  ema_loss=14.3853  gap=-0.1976  ema_gap=-0.1781  mixup=66/200  3.0 sps  ETA 4.1h
              R²_rand=0.4876  R²_naive=0.1740  U_t=0.1475  U_b=0.5217  AUC=0.9726  Top1=0.4999
  timing: data=5.9ms  fwd=171.2ms  bwd=154.8ms  total=332.7ms
[ 156200] loss=14.3608  ema_loss=14.4087  gap=-0.1719  ema_gap=-0.1776  mixup=60/200  3.0 sps  ETA 4.1h
              R²_rand=0.5629  R²_naive=0.2022  U_t=0.1055  U_b=0.4767  AUC=0.9824  Top1=0.5427
  timing: data=5.6ms  fwd=170.2ms  bwd=154.4ms  total=330.9ms
[ 156400] loss=14.3405  ema_loss=14.3818  gap=-0.1677  ema_gap=-0.1746  mixup=60/200  3.0 sps  ETA 4.0h
              R²_rand=0.5455  R²_naive=0.1941  U_t=0.1187  U_b=0.4682  AUC=0.9753  Top1=0.4890
  timing: data=38.2ms  fwd=169.7ms  bwd=154.4ms  total=362.9ms
[ 156600] loss=14.5009  ema_loss=14.4047  gap=-0.1870  ema_gap=-0.1758  mixup=59/200  3.0 sps  ETA 4.0h
              R²_rand=0.5248  R²_naive=0.1924  U_t=0.1326  U_b=0.4801  AUC=0.9729  Top1=0.5303
  timing: data=5.9ms  fwd=172.0ms  bwd=158.3ms  total=337.1ms
[ 156800] loss=14.5562  ema_loss=14.3818  gap=-0.1887  ema_gap=-0.1758  mixup=53/200  3.0 sps  ETA 4.0h
              R²_rand=0.5016  R²_naive=0.1955  U_t=0.1355  U_b=0.4929  AUC=0.9708  Top1=0.4263
  timing: data=5.6ms  fwd=170.7ms  bwd=158.5ms  total=335.6ms
[ 157000] loss=14.4371  ema_loss=14.4273  gap=-0.1775  ema_gap=-0.1789  mixup=74/200  3.0 sps  ETA 4.0h
              R²_rand=0.5358  R²_naive=0.1899  U_t=0.1287  U_b=0.4831  AUC=0.9771  Top1=0.4608
  timing: data=40.6ms  fwd=170.8ms  bwd=158.9ms  total=371.1ms
[ 157200] loss=14.5926  ema_loss=14.4443  gap=-0.1861  ema_gap=-0.1789  mixup=57/200  3.0 sps  ETA 4.0h
              R²_rand=0.5154  R²_naive=0.1789  U_t=0.1390  U_b=0.5235  AUC=0.9759  Top1=0.5140
  timing: data=6.0ms  fwd=171.3ms  bwd=157.9ms  total=336.1ms
[ 157400] loss=14.3734  ema_loss=14.4504  gap=-0.1787  ema_gap=-0.1812  mixup=66/200  3.0 sps  ETA 4.0h
              R²_rand=0.5203  R²_naive=0.1809  U_t=0.1168  U_b=0.4565  AUC=0.9777  Top1=0.5132
  timing: data=6.0ms  fwd=171.8ms  bwd=158.4ms  total=337.1ms
[ 157600] loss=14.6114  ema_loss=14.4268  gap=-0.1870  ema_gap=-0.1803  mixup=61/200  3.0 sps  ETA 3.9h
              R²_rand=0.5066  R²_naive=0.1765  U_t=0.1324  U_b=0.5041  AUC=0.9781  Top1=0.5294
  timing: data=38.6ms  fwd=172.2ms  bwd=156.1ms  total=367.8ms
[ 157800] loss=14.3176  ema_loss=14.4269  gap=-0.1852  ema_gap=-0.1791  mixup=50/200  3.0 sps  ETA 3.9h
              R²_rand=0.5527  R²_naive=0.2001  U_t=0.1187  U_b=0.5239  AUC=0.9791  Top1=0.4806
  timing: data=5.9ms  fwd=170.8ms  bwd=155.7ms  total=333.2ms
[ 158000] loss=14.4751  ema_loss=14.4444  gap=-0.1816  ema_gap=-0.1799  mixup=70/200  3.0 sps  ETA 3.9h
              R²_rand=0.5169  R²_naive=0.1883  U_t=0.1234  U_b=0.5709  AUC=0.9804  Top1=0.5691
  timing: data=5.9ms  fwd=169.7ms  bwd=156.4ms  total=332.8ms
[ 158200] loss=14.2510  ema_loss=14.3985  gap=-0.1684  ema_gap=-0.1764  mixup=71/200  3.0 sps  ETA 3.9h
              R²_rand=0.5775  R²_naive=0.2036  U_t=0.1066  U_b=0.5003  AUC=0.9824  Top1=0.5639
  timing: data=40.0ms  fwd=169.9ms  bwd=156.3ms  total=367.0ms
[ 158400] loss=14.3482  ema_loss=14.3990  gap=-0.1689  ema_gap=-0.1762  mixup=62/200  3.0 sps  ETA 3.9h
              R²_rand=0.5648  R²_naive=0.1878  U_t=0.1045  U_b=0.4869  AUC=0.9843  Top1=0.4806
  timing: data=5.7ms  fwd=168.6ms  bwd=154.3ms  total=329.4ms
[ 158600] loss=14.7717  ema_loss=14.4280  gap=-0.1912  ema_gap=-0.1769  mixup=47/200  3.0 sps  ETA 3.8h
              R²_rand=0.5030  R²_naive=0.1737  U_t=0.1402  U_b=0.5048  AUC=0.9772  Top1=0.5446
  timing: data=5.6ms  fwd=169.3ms  bwd=155.6ms  total=331.3ms
[ 158800] loss=14.3015  ema_loss=14.4097  gap=-0.1812  ema_gap=-0.1764  mixup=74/200  3.0 sps  ETA 3.8h
              R²_rand=0.5242  R²_naive=0.1981  U_t=0.1188  U_b=0.5567  AUC=0.9792  Top1=0.5775
  timing: data=35.1ms  fwd=169.6ms  bwd=156.5ms  total=362.0ms
[ 159000] loss=14.4929  ema_loss=14.4407  gap=-0.1782  ema_gap=-0.1793  mixup=67/200  3.0 sps  ETA 3.8h
              R²_rand=0.5387  R²_naive=0.1934  U_t=0.1180  U_b=0.5396  AUC=0.9826  Top1=0.5688
  timing: data=6.0ms  fwd=170.5ms  bwd=154.4ms  total=331.7ms
[ 159200] loss=14.4889  ema_loss=14.4497  gap=-0.1797  ema_gap=-0.1795  mixup=60/200  3.0 sps  ETA 3.8h
              R²_rand=0.5491  R²_naive=0.1915  U_t=0.1163  U_b=0.5084  AUC=0.9837  Top1=0.6185
  timing: data=5.8ms  fwd=169.7ms  bwd=155.3ms  total=331.6ms
[ 159400] loss=14.4044  ema_loss=14.4222  gap=-0.1739  ema_gap=-0.1778  mixup=60/200  3.0 sps  ETA 3.8h
              R²_rand=0.5595  R²_naive=0.1902  U_t=0.1155  U_b=0.4207  AUC=0.9774  Top1=0.3886
  timing: data=116.6ms  fwd=169.7ms  bwd=153.6ms  total=440.7ms
[ 159600] loss=14.2504  ema_loss=14.4243  gap=-0.1539  ema_gap=-0.1763  mixup=63/200  3.0 sps  ETA 3.8h
              R²_rand=0.6183  R²_naive=0.1886  U_t=0.0999  U_b=0.2841  AUC=0.9709  Top1=0.4915
  timing: data=6.1ms  fwd=168.9ms  bwd=153.9ms  total=329.7ms
[ 159800] loss=14.4214  ema_loss=14.4467  gap=-0.1733  ema_gap=-0.1770  mixup=51/200  3.0 sps  ETA 3.7h
              R²_rand=0.5560  R²_naive=0.1994  U_t=0.1061  U_b=0.5072  AUC=0.9879  Top1=0.6119
  timing: data=6.0ms  fwd=168.2ms  bwd=156.2ms  total=331.1ms
[ 160000] loss=14.2851  ema_loss=14.4488  gap=-0.1701  ema_gap=-0.1756  mixup=69/200  3.0 sps  ETA 3.7h
              R²_rand=0.5523  R²_naive=0.2047  U_t=0.1082  U_b=0.4930  AUC=0.9842  Top1=0.6068
  timing: data=35.8ms  fwd=168.9ms  bwd=156.8ms  total=362.4ms
  -> Saved /root/cf373_runs/bb_small_arm5_combab_lalign_lrep_enc3l3_b64_200k_sigreg_ema_qk_aon_cpc_tau090_alignteacher_cf373k3/bb_small_arm5_combab_lalign_lrep_enc3l3_b64_200k_sigreg_ema_qk_aon_cpc_tau090_alignteacher_cf373k3_r3_160k.pth
[ 160200] loss=14.2931  ema_loss=14.4369  gap=-0.1651  ema_gap=-0.1736  mixup=67/200  3.0 sps  ETA 3.7h
              R²_rand=0.5706  R²_naive=0.2015  U_t=0.1076  U_b=0.4794  AUC=0.9802  Top1=0.5259
  timing: data=6.5ms  fwd=170.0ms  bwd=156.5ms  total=333.8ms
[ 160400] loss=14.5157  ema_loss=14.4420  gap=-0.1760  ema_gap=-0.1760  mixup=51/200  3.0 sps  ETA 3.7h
              R²_rand=0.5390  R²_naive=0.1927  U_t=0.1166  U_b=0.5046  AUC=0.9817  Top1=0.5843
  timing: data=6.4ms  fwd=172.5ms  bwd=160.4ms  total=340.1ms
[ 160600] loss=14.6329  ema_loss=14.4675  gap=-0.1779  ema_gap=-0.1779  mixup=57/200  3.0 sps  ETA 3.7h
              R²_rand=0.5232  R²_naive=0.1800  U_t=0.1286  U_b=0.4738  AUC=0.9781  Top1=0.5441
  timing: data=6.6ms  fwd=173.2ms  bwd=158.8ms  total=339.5ms
[ 160800] loss=14.5884  ema_loss=14.4398  gap=-0.1863  ema_gap=-0.1774  mixup=57/200  3.0 sps  ETA 3.7h
              R²_rand=0.5008  R²_naive=0.1770  U_t=0.1334  U_b=0.5372  AUC=0.9799  Top1=0.5862
  timing: data=41.2ms  fwd=169.9ms  bwd=157.8ms  total=369.6ms
[ 161000] loss=14.3972  ema_loss=14.4368  gap=-0.1644  ema_gap=-0.1770  mixup=56/200  3.0 sps  ETA 3.6h
              R²_rand=0.5744  R²_naive=0.1908  U_t=0.1091  U_b=0.5715  AUC=0.9861  Top1=0.6529
  timing: data=5.7ms  fwd=170.7ms  bwd=157.9ms  total=335.0ms
[ 161200] loss=14.4306  ema_loss=14.4196  gap=-0.1734  ema_gap=-0.1764  mixup=57/200  3.0 sps  ETA 3.6h
              R²_rand=0.5400  R²_naive=0.1888  U_t=0.1199  U_b=0.5108  AUC=0.9806  Top1=0.5550
  timing: data=5.7ms  fwd=172.0ms  bwd=156.6ms  total=335.2ms
[ 161400] loss=14.2839  ema_loss=14.4122  gap=-0.1658  ema_gap=-0.1748  mixup=67/200  3.0 sps  ETA 3.6h
              R²_rand=0.5779  R²_naive=0.2011  U_t=0.1090  U_b=0.5355  AUC=0.9842  Top1=0.5582
  timing: data=41.4ms  fwd=171.8ms  bwd=160.3ms  total=374.3ms
[ 161600] loss=14.4707  ema_loss=14.4116  gap=-0.1855  ema_gap=-0.1774  mixup=55/200  3.0 sps  ETA 3.6h
              R²_rand=0.5121  R²_naive=0.1805  U_t=0.1368  U_b=0.5425  AUC=0.9784  Top1=0.5479
  timing: data=6.3ms  fwd=169.6ms  bwd=158.0ms  total=334.7ms
[ 161800] loss=14.5738  ema_loss=14.4008  gap=-0.1907  ema_gap=-0.1763  mixup=68/200  3.0 sps  ETA 3.6h
              R²_rand=0.4848  R²_naive=0.1698  U_t=0.1410  U_b=0.5124  AUC=0.9785  Top1=0.5373
  timing: data=6.1ms  fwd=171.3ms  bwd=160.1ms  total=338.3ms
[ 162000] loss=14.4955  ema_loss=14.3838  gap=-0.1884  ema_gap=-0.1778  mixup=61/200  3.0 sps  ETA 3.5h
              R²_rand=0.5147  R²_naive=0.1959  U_t=0.1202  U_b=0.5260  AUC=0.9799  Top1=0.5886
  timing: data=36.7ms  fwd=169.3ms  bwd=157.5ms  total=364.3ms
[ 162200] loss=14.2845  ema_loss=14.3892  gap=-0.1657  ema_gap=-0.1777  mixup=55/200  3.0 sps  ETA 3.5h
              R²_rand=0.5698  R²_naive=0.2093  U_t=0.1060  U_b=0.5130  AUC=0.9839  Top1=0.5853
  timing: data=5.9ms  fwd=172.0ms  bwd=156.0ms  total=334.7ms
[ 162400] loss=14.3547  ema_loss=14.4137  gap=-0.1744  ema_gap=-0.1805  mixup=63/200  3.0 sps  ETA 3.5h
              R²_rand=0.5497  R²_naive=0.1923  U_t=0.1124  U_b=0.4963  AUC=0.9813  Top1=0.5582
  timing: data=6.2ms  fwd=171.1ms  bwd=158.8ms  total=336.9ms
[ 162600] loss=14.4895  ema_loss=14.4421  gap=-0.1937  ema_gap=-0.1832  mixup=62/200  3.0 sps  ETA 3.5h
              R²_rand=0.5044  R²_naive=0.1838  U_t=0.1343  U_b=0.5270  AUC=0.9777  Top1=0.5813
  timing: data=41.2ms  fwd=172.3ms  bwd=161.1ms  total=375.5ms
[ 162800] loss=14.3790  ema_loss=14.4395  gap=-0.1812  ema_gap=-0.1821  mixup=50/200  3.0 sps  ETA 3.5h
              R²_rand=0.5320  R²_naive=0.1877  U_t=0.1233  U_b=0.5083  AUC=0.9783  Top1=0.5313
  timing: data=5.5ms  fwd=174.3ms  bwd=157.2ms  total=337.9ms
[ 163000] loss=14.3135  ema_loss=14.4008  gap=-0.1794  ema_gap=-0.1786  mixup=61/200  3.0 sps  ETA 3.5h
              R²_rand=0.5848  R²_naive=0.2123  U_t=0.1039  U_b=0.4079  AUC=0.9769  Top1=0.4624
  timing: data=5.7ms  fwd=172.7ms  bwd=157.4ms  total=336.6ms
[ 163200] loss=14.3512  ema_loss=14.3623  gap=-0.1781  ema_gap=-0.1759  mixup=61/200  3.0 sps  ETA 3.4h
              R²_rand=0.5595  R²_naive=0.2015  U_t=0.1043  U_b=0.5024  AUC=0.9847  Top1=0.6000
  timing: data=40.8ms  fwd=169.2ms  bwd=157.4ms  total=368.2ms
[ 163400] loss=14.1683  ema_loss=14.3968  gap=-0.1734  ema_gap=-0.1790  mixup=59/200  3.0 sps  ETA 3.4h
              R²_rand=0.5998  R²_naive=0.1914  U_t=0.0985  U_b=0.3850  AUC=0.9800  Top1=0.4307
  timing: data=5.9ms  fwd=170.9ms  bwd=157.3ms  total=334.9ms
[ 163600] loss=14.3889  ema_loss=14.4199  gap=-0.1904  ema_gap=-0.1793  mixup=57/200  3.0 sps  ETA 3.4h
              R²_rand=0.5233  R²_naive=0.1914  U_t=0.1205  U_b=0.5299  AUC=0.9765  Top1=0.4776
  timing: data=5.7ms  fwd=167.5ms  bwd=154.4ms  total=328.4ms
[ 163800] loss=14.1613  ema_loss=14.3702  gap=-0.1663  ema_gap=-0.1738  mixup=53/200  3.0 sps  ETA 3.4h
              R²_rand=0.6067  R²_naive=0.2124  U_t=0.0906  U_b=0.4945  AUC=0.9860  Top1=0.5476
  timing: data=47.4ms  fwd=170.0ms  bwd=157.9ms  total=376.0ms
[ 164000] loss=14.5234  ema_loss=14.3673  gap=-0.1845  ema_gap=-0.1766  mixup=60/200  3.0 sps  ETA 3.4h
              R²_rand=0.5006  R²_naive=0.1968  U_t=0.1279  U_b=0.4914  AUC=0.9772  Top1=0.5647
  timing: data=5.6ms  fwd=169.5ms  bwd=157.5ms  total=333.4ms
[ 164200] loss=14.3903  ema_loss=14.3842  gap=-0.1844  ema_gap=-0.1777  mixup=62/200  3.0 sps  ETA 3.3h
              R²_rand=0.5589  R²_naive=0.1948  U_t=0.1089  U_b=0.4691  AUC=0.9793  Top1=0.4795
  timing: data=6.0ms  fwd=171.9ms  bwd=159.1ms  total=337.9ms
[ 164400] loss=14.2002  ema_loss=14.3522  gap=-0.1578  ema_gap=-0.1740  mixup=67/200  3.0 sps  ETA 3.3h
              R²_rand=0.6139  R²_naive=0.1936  U_t=0.0929  U_b=0.3925  AUC=0.9818  Top1=0.4122
  timing: data=42.3ms  fwd=171.2ms  bwd=154.9ms  total=369.2ms
[ 164600] loss=14.3332  ema_loss=14.3571  gap=-0.1756  ema_gap=-0.1745  mixup=60/200  3.0 sps  ETA 3.3h
              R²_rand=0.5650  R²_naive=0.1974  U_t=0.1146  U_b=0.3482  AUC=0.9749  Top1=0.4065
  timing: data=5.8ms  fwd=173.7ms  bwd=161.1ms  total=341.4ms
[ 164800] loss=14.5892  ema_loss=14.3832  gap=-0.1964  ema_gap=-0.1761  mixup=59/200  3.0 sps  ETA 3.3h
              R²_rand=0.4961  R²_naive=0.1927  U_t=0.1343  U_b=0.5142  AUC=0.9792  Top1=0.5446
  timing: data=5.4ms  fwd=170.9ms  bwd=155.3ms  total=332.4ms
[ 165000] loss=14.3831  ema_loss=14.3918  gap=-0.1703  ema_gap=-0.1759  mixup=60/200  3.0 sps  ETA 3.3h
              R²_rand=0.5734  R²_naive=0.1904  U_t=0.1032  U_b=0.4440  AUC=0.9834  Top1=0.5851
  timing: data=34.5ms  fwd=168.4ms  bwd=153.3ms  total=357.0ms
[ 165200] loss=14.6203  ema_loss=14.3885  gap=-0.1842  ema_gap=-0.1768  mixup=61/200  3.0 sps  ETA 3.3h
              R²_rand=0.5135  R²_naive=0.1743  U_t=0.1241  U_b=0.4356  AUC=0.9755  Top1=0.4060
  timing: data=5.7ms  fwd=172.5ms  bwd=158.8ms  total=337.9ms
[ 165400] loss=14.3867  ema_loss=14.3937  gap=-0.1800  ema_gap=-0.1769  mixup=70/200  3.0 sps  ETA 3.2h
              R²_rand=0.5409  R²_naive=0.1935  U_t=0.1130  U_b=0.5042  AUC=0.9842  Top1=0.6068
  timing: data=6.1ms  fwd=172.6ms  bwd=162.0ms  total=341.5ms
[ 165600] loss=14.1861  ema_loss=14.3536  gap=-0.1598  ema_gap=-0.1745  mixup=58/200  3.0 sps  ETA 3.2h
              R²_rand=0.5890  R²_naive=0.2062  U_t=0.1000  U_b=0.4752  AUC=0.9861  Top1=0.5729
  timing: data=5.6ms  fwd=171.5ms  bwd=158.6ms  total=336.6ms
[ 165800] loss=14.4689  ema_loss=14.3724  gap=-0.1724  ema_gap=-0.1735  mixup=61/200  3.0 sps  ETA 3.2h
              R²_rand=0.5507  R²_naive=0.2045  U_t=0.1118  U_b=0.5033  AUC=0.9856  Top1=0.6312
  timing: data=34.7ms  fwd=168.2ms  bwd=154.2ms  total=357.8ms
[ 166000] loss=14.3940  ema_loss=14.3694  gap=-0.1766  ema_gap=-0.1724  mixup=64/200  3.0 sps  ETA 3.2h
              R²_rand=0.5487  R²_naive=0.2002  U_t=0.1148  U_b=0.4892  AUC=0.9825  Top1=0.5905
  timing: data=6.0ms  fwd=170.9ms  bwd=157.2ms  total=334.8ms
[ 166200] loss=14.4748  ema_loss=14.3809  gap=-0.1797  ema_gap=-0.1731  mixup=56/200  3.0 sps  ETA 3.2h
              R²_rand=0.5506  R²_naive=0.1823  U_t=0.1113  U_b=0.4688  AUC=0.9807  Top1=0.5075
  timing: data=5.8ms  fwd=169.5ms  bwd=155.8ms  total=331.8ms
[ 166400] loss=14.4331  ema_loss=14.3821  gap=-0.1710  ema_gap=-0.1736  mixup=52/200  3.0 sps  ETA 3.1h
              R²_rand=0.5452  R²_naive=0.1937  U_t=0.1175  U_b=0.4724  AUC=0.9830  Top1=0.5718
  timing: data=50.0ms  fwd=171.4ms  bwd=159.8ms  total=382.1ms
[ 166600] loss=14.1293  ema_loss=14.3338  gap=-0.1636  ema_gap=-0.1694  mixup=59/200  3.0 sps  ETA 3.1h
              R²_rand=0.5899  R²_naive=0.2123  U_t=0.0962  U_b=0.4772  AUC=0.9871  Top1=0.5531
  timing: data=5.7ms  fwd=169.2ms  bwd=158.0ms  total=333.6ms
[ 166800] loss=14.4953  ema_loss=14.3569  gap=-0.1818  ema_gap=-0.1718  mixup=58/200  3.0 sps  ETA 3.1h
              R²_rand=0.5380  R²_naive=0.1865  U_t=0.1241  U_b=0.5308  AUC=0.9812  Top1=0.5520
  timing: data=5.6ms  fwd=171.1ms  bwd=155.3ms  total=332.8ms
[ 167000] loss=14.3430  ema_loss=14.3669  gap=-0.1819  ema_gap=-0.1742  mixup=56/200  3.0 sps  ETA 3.1h
              R²_rand=0.5648  R²_naive=0.2057  U_t=0.1082  U_b=0.4778  AUC=0.9809  Top1=0.4703
  timing: data=42.4ms  fwd=168.6ms  bwd=153.2ms  total=365.0ms
[ 167200] loss=14.5407  ema_loss=14.3943  gap=-0.1763  ema_gap=-0.1768  mixup=53/200  3.0 sps  ETA 3.1h
              R²_rand=0.5078  R²_naive=0.1923  U_t=0.1265  U_b=0.5292  AUC=0.9829  Top1=0.5775
  timing: data=5.9ms  fwd=171.2ms  bwd=156.3ms  total=334.1ms
[ 167400] loss=14.6499  ema_loss=14.4380  gap=-0.2030  ema_gap=-0.1795  mixup=68/200  3.0 sps  ETA 3.1h
              R²_rand=0.5014  R²_naive=0.1843  U_t=0.1391  U_b=0.5175  AUC=0.9786  Top1=0.5601
  timing: data=6.2ms  fwd=169.6ms  bwd=156.3ms  total=332.8ms
[ 167600] loss=14.0882  ema_loss=14.4101  gap=-0.1543  ema_gap=-0.1791  mixup=58/200  3.0 sps  ETA 3.0h
              R²_rand=0.6202  R²_naive=0.2013  U_t=0.0960  U_b=0.4460  AUC=0.9811  Top1=0.5259
  timing: data=37.2ms  fwd=169.1ms  bwd=154.4ms  total=361.4ms
[ 167800] loss=14.6186  ema_loss=14.4217  gap=-0.1985  ema_gap=-0.1796  mixup=60/200  3.0 sps  ETA 3.0h
              R²_rand=0.4929  R²_naive=0.1837  U_t=0.1429  U_b=0.4991  AUC=0.9717  Top1=0.4521
  timing: data=5.9ms  fwd=171.9ms  bwd=156.9ms  total=335.4ms
[ 168000] loss=14.6094  ema_loss=14.4318  gap=-0.1952  ema_gap=-0.1778  mixup=66/200  3.0 sps  ETA 3.0h
              R²_rand=0.5060  R²_naive=0.1872  U_t=0.1283  U_b=0.5292  AUC=0.9796  Top1=0.5723
  timing: data=6.1ms  fwd=171.2ms  bwd=157.6ms  total=335.7ms
[ 168200] loss=14.1880  ema_loss=14.4182  gap=-0.1643  ema_gap=-0.1782  mixup=52/200  3.0 sps  ETA 3.0h
              R²_rand=0.5880  R²_naive=0.2025  U_t=0.1015  U_b=0.5583  AUC=0.9858  Top1=0.5341
  timing: data=39.0ms  fwd=170.4ms  bwd=157.2ms  total=367.5ms
[ 168400] loss=14.3525  ema_loss=14.4206  gap=-0.1696  ema_gap=-0.1782  mixup=53/200  3.0 sps  ETA 3.0h
              R²_rand=0.5663  R²_naive=0.1998  U_t=0.1059  U_b=0.5103  AUC=0.9872  Top1=0.6266
  timing: data=5.8ms  fwd=171.3ms  bwd=156.9ms  total=334.8ms
[ 168600] loss=14.2350  ema_loss=14.4182  gap=-0.1697  ema_gap=-0.1770  mixup=58/200  3.0 sps  ETA 2.9h
              R²_rand=0.5633  R²_naive=0.2033  U_t=0.1166  U_b=0.5615  AUC=0.9786  Top1=0.5498
  timing: data=5.8ms  fwd=174.0ms  bwd=157.2ms  total=337.8ms
[ 168800] loss=14.4401  ema_loss=14.4162  gap=-0.1765  ema_gap=-0.1762  mixup=60/200  3.0 sps  ETA 2.9h
              R²_rand=0.5481  R²_naive=0.2037  U_t=0.1083  U_b=0.5212  AUC=0.9840  Top1=0.6255
  timing: data=38.1ms  fwd=172.6ms  bwd=156.3ms  total=367.8ms
[ 169000] loss=14.3564  ema_loss=14.4146  gap=-0.1724  ema_gap=-0.1753  mixup=70/200  3.0 sps  ETA 2.9h
              R²_rand=0.5538  R²_naive=0.2014  U_t=0.1092  U_b=0.5536  AUC=0.9841  Top1=0.6407
  timing: data=5.5ms  fwd=172.1ms  bwd=158.4ms  total=336.8ms
[ 169200] loss=14.3561  ema_loss=14.4273  gap=-0.1630  ema_gap=-0.1766  mixup=51/200  3.0 sps  ETA 2.9h
              R²_rand=0.5716  R²_naive=0.1938  U_t=0.1101  U_b=0.4156  AUC=0.9747  Top1=0.4906
  timing: data=5.9ms  fwd=168.1ms  bwd=155.8ms  total=330.6ms
[ 169400] loss=14.5629  ema_loss=14.4185  gap=-0.1799  ema_gap=-0.1766  mixup=65/200  3.0 sps  ETA 2.9h
              R²_rand=0.5095  R²_naive=0.1890  U_t=0.1324  U_b=0.5027  AUC=0.9759  Top1=0.4605
  timing: data=41.2ms  fwd=170.4ms  bwd=159.6ms  total=372.2ms
[ 169600] loss=14.4293  ema_loss=14.4056  gap=-0.1696  ema_gap=-0.1767  mixup=61/200  3.0 sps  ETA 2.9h
              R²_rand=0.5399  R²_naive=0.1895  U_t=0.1214  U_b=0.5050  AUC=0.9826  Top1=0.5853
  timing: data=6.3ms  fwd=172.7ms  bwd=159.6ms  total=339.4ms
[ 169800] loss=14.4341  ema_loss=14.4019  gap=-0.1737  ema_gap=-0.1774  mixup=56/200  3.0 sps  ETA 2.8h
              R²_rand=0.5641  R²_naive=0.2032  U_t=0.1131  U_b=0.5292  AUC=0.9832  Top1=0.5883
  timing: data=5.9ms  fwd=169.1ms  bwd=154.8ms  total=330.5ms
[ 170000] loss=14.3304  ema_loss=14.3874  gap=-0.1697  ema_gap=-0.1760  mixup=63/200  3.0 sps  ETA 2.8h
              R²_rand=0.5518  R²_naive=0.2150  U_t=0.1111  U_b=0.5274  AUC=0.9821  Top1=0.5807
  timing: data=43.7ms  fwd=170.2ms  bwd=154.1ms  total=368.8ms
[ 170200] loss=14.1427  ema_loss=14.3812  gap=-0.1632  ema_gap=-0.1764  mixup=61/200  3.0 sps  ETA 2.8h
              R²_rand=0.5652  R²_naive=0.2012  U_t=0.1115  U_b=0.4066  AUC=0.9711  Top1=0.4551
  timing: data=5.7ms  fwd=167.5ms  bwd=154.7ms  total=328.8ms
[ 170400] loss=14.3667  ema_loss=14.3769  gap=-0.1709  ema_gap=-0.1732  mixup=66/200  3.0 sps  ETA 2.8h
              R²_rand=0.5577  R²_naive=0.1968  U_t=0.1095  U_b=0.5273  AUC=0.9848  Top1=0.6396
  timing: data=5.9ms  fwd=168.8ms  bwd=156.2ms  total=331.7ms
[ 170600] loss=14.5817  ema_loss=14.3783  gap=-0.1962  ema_gap=-0.1731  mixup=50/200  3.0 sps  ETA 2.8h
              R²_rand=0.5130  R²_naive=0.1958  U_t=0.1389  U_b=0.5628  AUC=0.9798  Top1=0.5696
  timing: data=6.6ms  fwd=169.0ms  bwd=157.4ms  total=333.7ms
[ 170800] loss=14.5653  ema_loss=14.3761  gap=-0.1862  ema_gap=-0.1735  mixup=53/200  3.0 sps  ETA 2.7h
              R²_rand=0.5009  R²_naive=0.1815  U_t=0.1350  U_b=0.5276  AUC=0.9748  Top1=0.5604
  timing: data=40.1ms  fwd=170.7ms  bwd=159.3ms  total=371.0ms
[ 171000] loss=14.5755  ema_loss=14.3973  gap=-0.1863  ema_gap=-0.1731  mixup=64/200  3.0 sps  ETA 2.7h
              R²_rand=0.4876  R²_naive=0.1907  U_t=0.1385  U_b=0.5214  AUC=0.9767  Top1=0.5582
  timing: data=5.9ms  fwd=168.6ms  bwd=157.2ms  total=332.4ms
[ 171200] loss=14.2951  ema_loss=14.3775  gap=-0.1529  ema_gap=-0.1725  mixup=68/200  3.0 sps  ETA 2.7h
              R²_rand=0.5915  R²_naive=0.1970  U_t=0.0963  U_b=0.4404  AUC=0.9832  Top1=0.4982
  timing: data=6.0ms  fwd=167.7ms  bwd=156.6ms  total=331.0ms
[ 171400] loss=14.0239  ema_loss=14.3769  gap=-0.1514  ema_gap=-0.1712  mixup=60/200  3.0 sps  ETA 2.7h
              R²_rand=0.6285  R²_naive=0.2146  U_t=0.0852  U_b=0.4354  AUC=0.9852  Top1=0.5550
  timing: data=52.8ms  fwd=169.8ms  bwd=155.9ms  total=379.2ms
[ 171600] loss=14.2794  ema_loss=14.3349  gap=-0.1696  ema_gap=-0.1689  mixup=58/200  3.0 sps  ETA 2.7h
              R²_rand=0.5912  R²_naive=0.1979  U_t=0.1027  U_b=0.5219  AUC=0.9821  Top1=0.5870
  timing: data=5.8ms  fwd=171.5ms  bwd=156.1ms  total=334.1ms
[ 171800] loss=14.4999  ema_loss=14.3834  gap=-0.1784  ema_gap=-0.1724  mixup=78/200  3.0 sps  ETA 2.7h
              R²_rand=0.5373  R²_naive=0.1974  U_t=0.1142  U_b=0.5299  AUC=0.9849  Top1=0.6163
  timing: data=6.0ms  fwd=172.0ms  bwd=160.1ms  total=339.0ms
[ 172000] loss=14.4322  ema_loss=14.3992  gap=-0.1814  ema_gap=-0.1736  mixup=50/200  3.0 sps  ETA 2.6h
              R²_rand=0.5444  R²_naive=0.1973  U_t=0.1155  U_b=0.5044  AUC=0.9846  Top1=0.6000
  timing: data=35.6ms  fwd=170.5ms  bwd=157.3ms  total=364.3ms
[ 172200] loss=14.2040  ema_loss=14.3774  gap=-0.1645  ema_gap=-0.1701  mixup=71/200  2.9 sps  ETA 2.6h
              R²_rand=0.5966  R²_naive=0.2063  U_t=0.0903  U_b=0.5088  AUC=0.9869  Top1=0.5821
  timing: data=5.8ms  fwd=170.0ms  bwd=157.5ms  total=334.1ms
[ 172400] loss=14.6360  ema_loss=14.3864  gap=-0.1807  ema_gap=-0.1718  mixup=60/200  2.9 sps  ETA 2.6h
              R²_rand=0.5038  R²_naive=0.1843  U_t=0.1279  U_b=0.4875  AUC=0.9830  Top1=0.6366
  timing: data=5.6ms  fwd=169.9ms  bwd=155.1ms  total=331.4ms
[ 172600] loss=14.3645  ema_loss=14.3848  gap=-0.1739  ema_gap=-0.1712  mixup=69/200  2.9 sps  ETA 2.6h
              R²_rand=0.5640  R²_naive=0.2081  U_t=0.1089  U_b=0.5342  AUC=0.9847  Top1=0.5729
  timing: data=49.2ms  fwd=168.5ms  bwd=156.2ms  total=374.7ms
[ 172800] loss=14.0537  ema_loss=14.3516  gap=-0.1493  ema_gap=-0.1693  mixup=60/200  2.9 sps  ETA 2.6h
              R²_rand=0.6229  R²_naive=0.2045  U_t=0.0830  U_b=0.4138  AUC=0.9859  Top1=0.5685
  timing: data=6.0ms  fwd=169.3ms  bwd=156.4ms  total=332.4ms
[ 173000] loss=14.3542  ema_loss=14.3373  gap=-0.1625  ema_gap=-0.1669  mixup=73/200  2.9 sps  ETA 2.5h
              R²_rand=0.5506  R²_naive=0.1928  U_t=0.1153  U_b=0.5119  AUC=0.9811  Top1=0.5664
  timing: data=6.3ms  fwd=170.0ms  bwd=158.2ms  total=335.3ms
[ 173200] loss=14.4087  ema_loss=14.3740  gap=-0.1742  ema_gap=-0.1699  mixup=59/200  2.9 sps  ETA 2.5h
              R²_rand=0.5621  R²_naive=0.1971  U_t=0.1096  U_b=0.5049  AUC=0.9867  Top1=0.6307
  timing: data=49.9ms  fwd=171.5ms  bwd=158.0ms  total=380.3ms
[ 173400] loss=14.5660  ema_loss=14.3793  gap=-0.1771  ema_gap=-0.1720  mixup=80/200  2.9 sps  ETA 2.5h
              R²_rand=0.5314  R²_naive=0.2001  U_t=0.1209  U_b=0.4855  AUC=0.9776  Top1=0.4939
  timing: data=5.9ms  fwd=172.3ms  bwd=160.0ms  total=339.1ms
[ 173600] loss=14.3114  ema_loss=14.3672  gap=-0.1711  ema_gap=-0.1704  mixup=55/200  2.9 sps  ETA 2.5h
              R²_rand=0.5443  R²_naive=0.2119  U_t=0.1118  U_b=0.5117  AUC=0.9793  Top1=0.4684
  timing: data=5.9ms  fwd=171.5ms  bwd=158.5ms  total=336.7ms
[ 173800] loss=14.4881  ema_loss=14.3766  gap=-0.1864  ema_gap=-0.1717  mixup=61/200  2.9 sps  ETA 2.5h
              R²_rand=0.5490  R²_naive=0.1935  U_t=0.1205  U_b=0.4472  AUC=0.9793  Top1=0.4687
  timing: data=42.7ms  fwd=170.2ms  bwd=161.4ms  total=375.1ms
[ 174000] loss=14.3892  ema_loss=14.3765  gap=-0.1799  ema_gap=-0.1699  mixup=51/200  2.9 sps  ETA 2.5h
              R²_rand=0.5328  R²_naive=0.2024  U_t=0.1164  U_b=0.5501  AUC=0.9850  Top1=0.6258
  timing: data=5.7ms  fwd=171.5ms  bwd=158.9ms  total=336.8ms
[ 174200] loss=14.3399  ema_loss=14.3357  gap=-0.1664  ema_gap=-0.1675  mixup=56/200  2.9 sps  ETA 2.4h
              R²_rand=0.5470  R²_naive=0.2032  U_t=0.1105  U_b=0.5343  AUC=0.9855  Top1=0.6280
  timing: data=5.9ms  fwd=172.2ms  bwd=159.5ms  total=338.6ms
[ 174400] loss=14.5860  ema_loss=14.3758  gap=-0.1760  ema_gap=-0.1694  mixup=55/200  2.9 sps  ETA 2.4h
              R²_rand=0.5018  R²_naive=0.1930  U_t=0.1289  U_b=0.5266  AUC=0.9817  Top1=0.5870
  timing: data=38.3ms  fwd=170.8ms  bwd=158.2ms  total=368.1ms
[ 174600] loss=14.3930  ema_loss=14.3242  gap=-0.1735  ema_gap=-0.1678  mixup=53/200  2.9 sps  ETA 2.4h
              R²_rand=0.5783  R²_naive=0.1965  U_t=0.1104  U_b=0.5457  AUC=0.9840  Top1=0.6350
  timing: data=6.1ms  fwd=169.6ms  bwd=156.8ms  total=333.3ms
[ 174800] loss=14.2373  ema_loss=14.3555  gap=-0.1603  ema_gap=-0.1707  mixup=56/200  2.9 sps  ETA 2.4h
              R²_rand=0.6054  R²_naive=0.2101  U_t=0.0932  U_b=0.4700  AUC=0.9859  Top1=0.5739
  timing: data=5.7ms  fwd=172.6ms  bwd=159.9ms  total=339.1ms
[ 175000] loss=14.3388  ema_loss=14.3701  gap=-0.1602  ema_gap=-0.1707  mixup=64/200  2.9 sps  ETA 2.4h
              R²_rand=0.5652  R²_naive=0.1948  U_t=0.1159  U_b=0.4743  AUC=0.9826  Top1=0.5739
  timing: data=38.6ms  fwd=170.8ms  bwd=160.0ms  total=370.2ms
[ 175200] loss=13.9821  ema_loss=14.3412  gap=-0.1514  ema_gap=-0.1680  mixup=50/200  2.9 sps  ETA 2.3h
              R²_rand=0.6378  R²_naive=0.2323  U_t=0.0814  U_b=0.3806  AUC=0.9804  Top1=0.5148
  timing: data=6.0ms  fwd=171.8ms  bwd=162.4ms  total=340.9ms
[ 175400] loss=14.3860  ema_loss=14.3249  gap=-0.1662  ema_gap=-0.1667  mixup=61/200  2.9 sps  ETA 2.3h
              R²_rand=0.5583  R²_naive=0.1968  U_t=0.1064  U_b=0.4799  AUC=0.9835  Top1=0.5647
  timing: data=5.9ms  fwd=170.5ms  bwd=158.5ms  total=335.8ms
[ 175600] loss=14.3714  ema_loss=14.3138  gap=-0.1597  ema_gap=-0.1665  mixup=63/200  2.9 sps  ETA 2.3h
              R²_rand=0.6001  R²_naive=0.1903  U_t=0.0999  U_b=0.4228  AUC=0.9864  Top1=0.6271
  timing: data=5.7ms  fwd=168.5ms  bwd=156.7ms  total=331.7ms
[ 175800] loss=14.4151  ema_loss=14.3444  gap=-0.1702  ema_gap=-0.1680  mixup=63/200  2.9 sps  ETA 2.3h
              R²_rand=0.5514  R²_naive=0.1980  U_t=0.1078  U_b=0.4950  AUC=0.9860  Top1=0.6296
  timing: data=45.8ms  fwd=173.0ms  bwd=160.0ms  total=379.6ms
[ 176000] loss=14.4046  ema_loss=14.3396  gap=-0.1703  ema_gap=-0.1689  mixup=60/200  2.9 sps  ETA 2.3h
              R²_rand=0.5513  R²_naive=0.2030  U_t=0.1084  U_b=0.4485  AUC=0.9845  Top1=0.5446
  timing: data=5.6ms  fwd=173.2ms  bwd=158.0ms  total=337.6ms
[ 176200] loss=14.3753  ema_loss=14.3442  gap=-0.1735  ema_gap=-0.1703  mixup=67/200  2.9 sps  ETA 2.2h
              R²_rand=0.5762  R²_naive=0.1967  U_t=0.1090  U_b=0.5083  AUC=0.9853  Top1=0.6223
  timing: data=6.1ms  fwd=171.7ms  bwd=157.7ms  total=336.4ms
[ 176400] loss=14.4921  ema_loss=14.3249  gap=-0.1777  ema_gap=-0.1678  mixup=53/200  2.9 sps  ETA 2.2h
              R²_rand=0.5433  R²_naive=0.2047  U_t=0.1168  U_b=0.5046  AUC=0.9835  Top1=0.5498
  timing: data=34.7ms  fwd=174.1ms  bwd=158.9ms  total=368.6ms
[ 176600] loss=14.2107  ema_loss=14.3223  gap=-0.1615  ema_gap=-0.1682  mixup=61/200  2.9 sps  ETA 2.2h
              R²_rand=0.6065  R²_naive=0.2114  U_t=0.1008  U_b=0.5036  AUC=0.9862  Top1=0.5834
  timing: data=5.8ms  fwd=171.0ms  bwd=160.4ms  total=338.0ms
[ 176800] loss=14.1668  ema_loss=14.3192  gap=-0.1544  ema_gap=-0.1674  mixup=68/200  2.9 sps  ETA 2.2h
              R²_rand=0.5957  R²_naive=0.2222  U_t=0.0915  U_b=0.4828  AUC=0.9859  Top1=0.5938
  timing: data=6.0ms  fwd=169.8ms  bwd=156.4ms  total=332.9ms
[ 177000] loss=14.2627  ema_loss=14.3054  gap=-0.1638  ema_gap=-0.1672  mixup=54/200  2.9 sps  ETA 2.2h
              R²_rand=0.5817  R²_naive=0.2041  U_t=0.1006  U_b=0.5128  AUC=0.9871  Top1=0.5889
  timing: data=38.9ms  fwd=173.4ms  bwd=158.8ms  total=371.9ms
[ 177200] loss=14.1654  ema_loss=14.2918  gap=-0.1593  ema_gap=-0.1668  mixup=62/200  2.9 sps  ETA 2.2h
              R²_rand=0.5999  R²_naive=0.2104  U_t=0.0977  U_b=0.4806  AUC=0.9846  Top1=0.5512
  timing: data=5.9ms  fwd=172.9ms  bwd=159.1ms  total=338.8ms
[ 177400] loss=14.3846  ema_loss=14.2823  gap=-0.1663  ema_gap=-0.1627  mixup=67/200  2.9 sps  ETA 2.1h
              R²_rand=0.5621  R²_naive=0.1896  U_t=0.1101  U_b=0.4494  AUC=0.9823  Top1=0.5153
  timing: data=6.0ms  fwd=173.8ms  bwd=163.0ms  total=343.8ms
[ 177600] loss=14.3285  ema_loss=14.2470  gap=-0.1711  ema_gap=-0.1618  mixup=54/200  2.9 sps  ETA 2.1h
              R²_rand=0.5736  R²_naive=0.2197  U_t=0.1021  U_b=0.4301  AUC=0.9808  Top1=0.5617
  timing: data=34.0ms  fwd=171.5ms  bwd=157.8ms  total=364.2ms
[ 177800] loss=14.5094  ema_loss=14.2291  gap=-0.1756  ema_gap=-0.1574  mixup=53/200  2.9 sps  ETA 2.1h
              R²_rand=0.5432  R²_naive=0.2054  U_t=0.1094  U_b=0.5021  AUC=0.9854  Top1=0.6212
  timing: data=5.6ms  fwd=172.6ms  bwd=154.9ms  total=333.9ms
[ 178000] loss=14.0729  ema_loss=14.3209  gap=-0.1558  ema_gap=-0.1634  mixup=64/200  2.9 sps  ETA 2.1h
              R²_rand=0.6343  R²_naive=0.2211  U_t=0.0814  U_b=0.4391  AUC=0.9889  Top1=0.5452
  timing: data=5.9ms  fwd=173.6ms  bwd=158.9ms  total=339.3ms
[ 178200] loss=14.4808  ema_loss=14.3705  gap=-0.1778  ema_gap=-0.1702  mixup=60/200  2.9 sps  ETA 2.1h
              R²_rand=0.5098  R²_naive=0.2019  U_t=0.1109  U_b=0.5232  AUC=0.9801  Top1=0.5476
  timing: data=58.7ms  fwd=170.7ms  bwd=158.9ms  total=389.1ms
[ 178400] loss=14.5276  ema_loss=14.3967  gap=-0.1811  ema_gap=-0.1730  mixup=63/200  2.9 sps  ETA 2.0h
              R²_rand=0.5242  R²_naive=0.2033  U_t=0.1288  U_b=0.5427  AUC=0.9812  Top1=0.5848
  timing: data=5.8ms  fwd=169.6ms  bwd=154.5ms  total=330.7ms
[ 178600] loss=14.1342  ema_loss=14.3801  gap=-0.1572  ema_gap=-0.1706  mixup=55/200  2.9 sps  ETA 2.0h
              R²_rand=0.5996  R²_naive=0.2165  U_t=0.0923  U_b=0.4869  AUC=0.9868  Top1=0.5531
  timing: data=6.1ms  fwd=171.8ms  bwd=157.1ms  total=335.7ms
[ 178800] loss=14.3595  ema_loss=14.3684  gap=-0.1695  ema_gap=-0.1697  mixup=51/200  2.9 sps  ETA 2.0h
              R²_rand=0.5778  R²_naive=0.2017  U_t=0.1095  U_b=0.5125  AUC=0.9841  Top1=0.5824
  timing: data=41.6ms  fwd=168.9ms  bwd=155.6ms  total=366.9ms
[ 179000] loss=14.2436  ema_loss=14.3803  gap=-0.1671  ema_gap=-0.1700  mixup=75/200  2.9 sps  ETA 2.0h
              R²_rand=0.5607  R²_naive=0.2137  U_t=0.1086  U_b=0.5333  AUC=0.9845  Top1=0.5522
  timing: data=6.0ms  fwd=168.6ms  bwd=154.4ms  total=329.8ms
[ 179200] loss=14.4900  ema_loss=14.3613  gap=-0.1691  ema_gap=-0.1700  mixup=45/200  2.9 sps  ETA 2.0h
              R²_rand=0.5360  R²_naive=0.2017  U_t=0.1188  U_b=0.5317  AUC=0.9833  Top1=0.6242
  timing: data=5.8ms  fwd=171.9ms  bwd=157.8ms  total=336.4ms
[ 179400] loss=14.3513  ema_loss=14.3598  gap=-0.1784  ema_gap=-0.1707  mixup=61/200  2.9 sps  ETA 2.0h
              R²_rand=0.5746  R²_naive=0.2159  U_t=0.0986  U_b=0.5452  AUC=0.9862  Top1=0.5460
  timing: data=38.2ms  fwd=174.2ms  bwd=157.0ms  total=370.3ms
[ 179600] loss=14.4049  ema_loss=14.3418  gap=-0.1784  ema_gap=-0.1702  mixup=57/200  2.9 sps  ETA 1.9h
              R²_rand=0.5278  R²_naive=0.1958  U_t=0.1197  U_b=0.5525  AUC=0.9812  Top1=0.5970
  timing: data=6.1ms  fwd=170.1ms  bwd=156.6ms  total=333.5ms
[ 179800] loss=14.1472  ema_loss=14.3462  gap=-0.1587  ema_gap=-0.1698  mixup=57/200  2.9 sps  ETA 1.9h
              R²_rand=0.5966  R²_naive=0.2193  U_t=0.0915  U_b=0.5227  AUC=0.9841  Top1=0.5284
  timing: data=5.8ms  fwd=169.2ms  bwd=155.8ms  total=331.6ms
[ 180000] loss=14.4144  ema_loss=14.3301  gap=-0.1755  ema_gap=-0.1682  mixup=58/200  2.9 sps  ETA 1.9h
              R²_rand=0.5218  R²_naive=0.1883  U_t=0.1174  U_b=0.5313  AUC=0.9833  Top1=0.5712
  timing: data=38.0ms  fwd=169.0ms  bwd=155.3ms  total=363.0ms
  -> Saved /root/cf373_runs/bb_small_arm5_combab_lalign_lrep_enc3l3_b64_200k_sigreg_ema_qk_aon_cpc_tau090_alignteacher_cf373k3/bb_small_arm5_combab_lalign_lrep_enc3l3_b64_200k_sigreg_ema_qk_aon_cpc_tau090_alignteacher_cf373k3_r3_180k.pth
[ 180200] loss=14.5580  ema_loss=14.3466  gap=-0.1771  ema_gap=-0.1678  mixup=56/200  2.9 sps  ETA 1.9h
              R²_rand=0.5485  R²_naive=0.1936  U_t=0.1116  U_b=0.4739  AUC=0.9847  Top1=0.6138
  timing: data=6.0ms  fwd=171.3ms  bwd=157.3ms  total=335.4ms
[ 180400] loss=14.3049  ema_loss=14.3301  gap=-0.1747  ema_gap=-0.1687  mixup=57/200  2.9 sps  ETA 1.9h
              R²_rand=0.5491  R²_naive=0.1944  U_t=0.1102  U_b=0.5138  AUC=0.9839  Top1=0.5701
  timing: data=5.7ms  fwd=170.8ms  bwd=159.7ms  total=337.1ms
[ 180600] loss=14.4069  ema_loss=14.3545  gap=-0.1652  ema_gap=-0.1690  mixup=69/200  2.9 sps  ETA 1.8h
              R²_rand=0.5559  R²_naive=0.2034  U_t=0.1077  U_b=0.5228  AUC=0.9874  Top1=0.6220
  timing: data=5.8ms  fwd=171.5ms  bwd=157.6ms  total=335.7ms
[ 180800] loss=14.3422  ema_loss=14.3161  gap=-0.1696  ema_gap=-0.1671  mixup=53/200  2.9 sps  ETA 1.8h
              R²_rand=0.5730  R²_naive=0.2106  U_t=0.0979  U_b=0.5589  AUC=0.9864  Top1=0.6404
  timing: data=41.8ms  fwd=172.6ms  bwd=158.4ms  total=373.7ms
[ 181000] loss=14.2075  ema_loss=14.3308  gap=-0.1523  ema_gap=-0.1694  mixup=53/200  2.9 sps  ETA 1.8h
              R²_rand=0.6100  R²_naive=0.2091  U_t=0.0943  U_b=0.4166  AUC=0.9834  Top1=0.6065
  timing: data=5.3ms  fwd=167.9ms  bwd=154.1ms  total=328.1ms
[ 181200] loss=14.2593  ema_loss=14.3530  gap=-0.1691  ema_gap=-0.1693  mixup=68/200  2.9 sps  ETA 1.8h
              R²_rand=0.5634  R²_naive=0.2100  U_t=0.0981  U_b=0.5614  AUC=0.9899  Top1=0.6928
  timing: data=5.8ms  fwd=169.5ms  bwd=155.7ms  total=331.8ms
[ 181400] loss=14.2334  ema_loss=14.3560  gap=-0.1739  ema_gap=-0.1697  mixup=49/200  2.9 sps  ETA 1.8h
              R²_rand=0.5667  R²_naive=0.2064  U_t=0.1041  U_b=0.5063  AUC=0.9835  Top1=0.5715
  timing: data=41.1ms  fwd=172.0ms  bwd=156.2ms  total=370.1ms
[ 181600] loss=14.4475  ema_loss=14.3683  gap=-0.1688  ema_gap=-0.1698  mixup=59/200  2.9 sps  ETA 1.7h
              R²_rand=0.5420  R²_naive=0.1973  U_t=0.1087  U_b=0.5282  AUC=0.9873  Top1=0.6212
  timing: data=5.7ms  fwd=171.0ms  bwd=156.4ms  total=333.9ms
[ 181800] loss=14.4825  ema_loss=14.3353  gap=-0.1840  ema_gap=-0.1677  mixup=58/200  2.9 sps  ETA 1.7h
              R²_rand=0.5518  R²_naive=0.1897  U_t=0.1187  U_b=0.5542  AUC=0.9844  Top1=0.5946
  timing: data=6.0ms  fwd=168.9ms  bwd=154.3ms  total=330.0ms
[ 182000] loss=14.1483  ema_loss=14.2891  gap=-0.1635  ema_gap=-0.1651  mixup=50/200  2.9 sps  ETA 1.7h
              R²_rand=0.6043  R²_naive=0.2063  U_t=0.0895  U_b=0.4779  AUC=0.9879  Top1=0.6079
  timing: data=33.2ms  fwd=169.6ms  bwd=154.1ms  total=357.7ms
[ 182200] loss=14.2073  ema_loss=14.3426  gap=-0.1572  ema_gap=-0.1687  mixup=68/200  2.9 sps  ETA 1.7h
              R²_rand=0.5899  R²_naive=0.2091  U_t=0.0964  U_b=0.4739  AUC=0.9852  Top1=0.4532
  timing: data=5.9ms  fwd=168.1ms  bwd=157.8ms  total=332.5ms
[ 182400] loss=14.2891  ema_loss=14.3066  gap=-0.1590  ema_gap=-0.1685  mixup=73/200  2.9 sps  ETA 1.7h
              R²_rand=0.5940  R²_naive=0.1920  U_t=0.0991  U_b=0.4268  AUC=0.9816  Top1=0.5699
  timing: data=5.7ms  fwd=167.7ms  bwd=155.2ms  total=329.3ms
[ 182600] loss=14.5218  ema_loss=14.3183  gap=-0.1820  ema_gap=-0.1683  mixup=65/200  2.9 sps  ETA 1.7h
              R²_rand=0.5324  R²_naive=0.1939  U_t=0.1149  U_b=0.5045  AUC=0.9854  Top1=0.6201
  timing: data=38.0ms  fwd=173.4ms  bwd=159.8ms  total=372.0ms
[ 182800] loss=14.2736  ema_loss=14.3157  gap=-0.1604  ema_gap=-0.1685  mixup=61/200  2.9 sps  ETA 1.6h
              R²_rand=0.6141  R²_naive=0.2046  U_t=0.0917  U_b=0.3433  AUC=0.9817  Top1=0.5199
  timing: data=6.1ms  fwd=172.3ms  bwd=159.9ms  total=339.0ms
[ 183000] loss=14.1996  ema_loss=14.3296  gap=-0.1676  ema_gap=-0.1706  mixup=56/200  2.9 sps  ETA 1.6h
              R²_rand=0.5899  R²_naive=0.2062  U_t=0.0894  U_b=0.4219  AUC=0.9842  Top1=0.5734
  timing: data=5.7ms  fwd=170.0ms  bwd=158.0ms  total=334.5ms
[ 183200] loss=14.4149  ema_loss=14.3305  gap=-0.1768  ema_gap=-0.1698  mixup=67/200  2.9 sps  ETA 1.6h
              R²_rand=0.5641  R²_naive=0.1964  U_t=0.1110  U_b=0.5441  AUC=0.9859  Top1=0.6225
  timing: data=39.5ms  fwd=169.0ms  bwd=155.3ms  total=364.5ms
[ 183400] loss=14.3764  ema_loss=14.3100  gap=-0.1672  ema_gap=-0.1689  mixup=51/200  2.9 sps  ETA 1.6h
              R²_rand=0.5629  R²_naive=0.1900  U_t=0.1059  U_b=0.5363  AUC=0.9838  Top1=0.6326
  timing: data=5.9ms  fwd=170.7ms  bwd=158.9ms  total=336.4ms
[ 183600] loss=14.3886  ema_loss=14.3428  gap=-0.1761  ema_gap=-0.1715  mixup=70/200  2.9 sps  ETA 1.6h
              R²_rand=0.5425  R²_naive=0.2009  U_t=0.1044  U_b=0.5245  AUC=0.9861  Top1=0.5962
  timing: data=5.7ms  fwd=169.6ms  bwd=155.7ms  total=331.7ms
[ 183800] loss=14.4131  ema_loss=14.3380  gap=-0.1726  ema_gap=-0.1710  mixup=49/200  2.9 sps  ETA 1.5h
              R²_rand=0.5628  R²_naive=0.2104  U_t=0.1087  U_b=0.5200  AUC=0.9848  Top1=0.5881
  timing: data=38.5ms  fwd=171.0ms  bwd=155.3ms  total=365.5ms
[ 184000] loss=14.1640  ema_loss=14.3373  gap=-0.1725  ema_gap=-0.1711  mixup=50/200  2.9 sps  ETA 1.5h
              R²_rand=0.5682  R²_naive=0.1978  U_t=0.1007  U_b=0.4650  AUC=0.9763  Top1=0.4678
  timing: data=6.0ms  fwd=169.3ms  bwd=155.2ms  total=331.2ms
[ 184200] loss=14.3537  ema_loss=14.3681  gap=-0.1704  ema_gap=-0.1737  mixup=62/200  2.9 sps  ETA 1.5h
              R²_rand=0.5603  R²_naive=0.2030  U_t=0.1057  U_b=0.5159  AUC=0.9862  Top1=0.6385
  timing: data=5.7ms  fwd=168.9ms  bwd=154.4ms  total=329.8ms
[ 184400] loss=14.4753  ema_loss=14.3629  gap=-0.1707  ema_gap=-0.1722  mixup=60/200  2.9 sps  ETA 1.5h
              R²_rand=0.5331  R²_naive=0.1903  U_t=0.1176  U_b=0.4734  AUC=0.9846  Top1=0.6106
  timing: data=34.0ms  fwd=171.5ms  bwd=154.0ms  total=360.2ms
[ 184600] loss=14.4379  ema_loss=14.3369  gap=-0.1751  ema_gap=-0.1708  mixup=59/200  2.9 sps  ETA 1.5h
              R²_rand=0.5334  R²_naive=0.1892  U_t=0.1159  U_b=0.4760  AUC=0.9857  Top1=0.6022
  timing: data=5.7ms  fwd=171.9ms  bwd=154.8ms  total=333.1ms
[ 184800] loss=14.4738  ema_loss=14.3541  gap=-0.1778  ema_gap=-0.1713  mixup=59/200  2.9 sps  ETA 1.4h
              R²_rand=0.5463  R²_naive=0.1999  U_t=0.1091  U_b=0.4728  AUC=0.9835  Top1=0.5153
  timing: data=5.8ms  fwd=169.7ms  bwd=156.0ms  total=332.1ms
[ 185000] loss=14.3672  ema_loss=14.3594  gap=-0.1734  ema_gap=-0.1723  mixup=56/200  2.9 sps  ETA 1.4h
              R²_rand=0.5120  R²_naive=0.1859  U_t=0.1191  U_b=0.5156  AUC=0.9804  Top1=0.5682
  timing: data=35.9ms  fwd=169.5ms  bwd=153.7ms  total=359.8ms
[ 185200] loss=14.3951  ema_loss=14.3835  gap=-0.1708  ema_gap=-0.1767  mixup=56/200  2.9 sps  ETA 1.4h
              R²_rand=0.5345  R²_naive=0.1977  U_t=0.1099  U_b=0.4987  AUC=0.9808  Top1=0.4239
  timing: data=5.9ms  fwd=171.9ms  bwd=158.8ms  total=337.4ms
[ 185400] loss=14.5045  ema_loss=14.4028  gap=-0.1896  ema_gap=-0.1793  mixup=56/200  2.9 sps  ETA 1.4h
              R²_rand=0.5078  R²_naive=0.2004  U_t=0.1234  U_b=0.5724  AUC=0.9797  Top1=0.5954
  timing: data=5.8ms  fwd=168.0ms  bwd=156.7ms  total=331.3ms
[ 185600] loss=14.4944  ema_loss=14.3848  gap=-0.1847  ema_gap=-0.1762  mixup=54/200  2.9 sps  ETA 1.4h
              R²_rand=0.5222  R²_naive=0.1908  U_t=0.1229  U_b=0.5329  AUC=0.9816  Top1=0.5571
  timing: data=5.8ms  fwd=167.2ms  bwd=157.7ms  total=331.5ms
[ 185800] loss=14.4815  ema_loss=14.3542  gap=-0.1792  ema_gap=-0.1737  mixup=53/200  2.9 sps  ETA 1.3h
              R²_rand=0.5127  R²_naive=0.1970  U_t=0.1201  U_b=0.5010  AUC=0.9789  Top1=0.5161
  timing: data=35.9ms  fwd=168.7ms  bwd=157.7ms  total=363.0ms
[ 186000] loss=14.3870  ema_loss=14.3946  gap=-0.1763  ema_gap=-0.1767  mixup=57/200  2.9 sps  ETA 1.3h
              R²_rand=0.5529  R²_naive=0.1882  U_t=0.1121  U_b=0.5251  AUC=0.9862  Top1=0.6087
  timing: data=5.6ms  fwd=170.7ms  bwd=155.7ms  total=332.7ms
[ 186200] loss=14.4571  ema_loss=14.3812  gap=-0.1761  ema_gap=-0.1757  mixup=57/200  2.9 sps  ETA 1.3h
              R²_rand=0.5335  R²_naive=0.1882  U_t=0.1132  U_b=0.5140  AUC=0.9858  Top1=0.6494
  timing: data=5.7ms  fwd=171.2ms  bwd=155.5ms  total=333.2ms
[ 186400] loss=14.2936  ema_loss=14.3722  gap=-0.1694  ema_gap=-0.1760  mixup=60/200  2.9 sps  ETA 1.3h
              R²_rand=0.5521  R²_naive=0.1916  U_t=0.1121  U_b=0.5555  AUC=0.9834  Top1=0.5739
  timing: data=106.4ms  fwd=170.3ms  bwd=155.4ms  total=432.8ms
[ 186600] loss=14.5366  ema_loss=14.3649  gap=-0.1855  ema_gap=-0.1767  mixup=49/200  2.9 sps  ETA 1.3h
              R²_rand=0.5156  R²_naive=0.1938  U_t=0.1239  U_b=0.5680  AUC=0.9808  Top1=0.5927
  timing: data=5.7ms  fwd=170.5ms  bwd=157.1ms  total=333.9ms
[ 186800] loss=14.5032  ema_loss=14.4016  gap=-0.1849  ema_gap=-0.1797  mixup=53/200  2.9 sps  ETA 1.3h
              R²_rand=0.5189  R²_naive=0.2047  U_t=0.1189  U_b=0.5608  AUC=0.9844  Top1=0.6130
  timing: data=6.0ms  fwd=170.8ms  bwd=158.9ms  total=336.5ms
[ 187000] loss=14.5305  ema_loss=14.3718  gap=-0.1917  ema_gap=-0.1779  mixup=57/200  2.9 sps  ETA 1.2h
              R²_rand=0.5074  R²_naive=0.1857  U_t=0.1277  U_b=0.5441  AUC=0.9780  Top1=0.5791
  timing: data=37.0ms  fwd=171.0ms  bwd=157.2ms  total=366.0ms
[ 187200] loss=14.2094  ema_loss=14.3350  gap=-0.1718  ema_gap=-0.1763  mixup=54/200  2.9 sps  ETA 1.2h
              R²_rand=0.5690  R²_naive=0.2069  U_t=0.1039  U_b=0.4875  AUC=0.9826  Top1=0.5544
  timing: data=5.7ms  fwd=168.7ms  bwd=154.8ms  total=330.0ms
[ 187400] loss=14.4540  ema_loss=14.3555  gap=-0.1806  ema_gap=-0.1759  mixup=59/200  2.9 sps  ETA 1.2h
              R²_rand=0.5496  R²_naive=0.1990  U_t=0.1054  U_b=0.5386  AUC=0.9866  Top1=0.6266
  timing: data=5.6ms  fwd=169.7ms  bwd=156.0ms  total=332.1ms
[ 187600] loss=14.2730  ema_loss=14.3211  gap=-0.1702  ema_gap=-0.1741  mixup=55/200  2.9 sps  ETA 1.2h
              R²_rand=0.5634  R²_naive=0.2114  U_t=0.0999  U_b=0.5632  AUC=0.9871  Top1=0.6347
  timing: data=34.6ms  fwd=170.1ms  bwd=155.8ms  total=361.3ms
[ 187800] loss=14.3769  ema_loss=14.3540  gap=-0.1785  ema_gap=-0.1753  mixup=63/200  2.9 sps  ETA 1.2h
              R²_rand=0.5445  R²_naive=0.1908  U_t=0.1102  U_b=0.5207  AUC=0.9789  Top1=0.4974
  timing: data=5.7ms  fwd=167.7ms  bwd=155.1ms  total=329.4ms
[ 188000] loss=14.5066  ema_loss=14.3650  gap=-0.1820  ema_gap=-0.1760  mixup=63/200  2.9 sps  ETA 1.1h
              R²_rand=0.5212  R²_naive=0.1819  U_t=0.1177  U_b=0.5549  AUC=0.9838  Top1=0.6350
  timing: data=5.7ms  fwd=171.0ms  bwd=154.5ms  total=331.9ms
[ 188200] loss=14.2074  ema_loss=14.3519  gap=-0.1645  ema_gap=-0.1747  mixup=58/200  2.9 sps  ETA 1.1h
              R²_rand=0.5734  R²_naive=0.1986  U_t=0.1014  U_b=0.5499  AUC=0.9834  Top1=0.6176
  timing: data=33.9ms  fwd=172.1ms  bwd=155.6ms  total=362.5ms
[ 188400] loss=14.2276  ema_loss=14.3504  gap=-0.1664  ema_gap=-0.1737  mixup=64/200  2.9 sps  ETA 1.1h
              R²_rand=0.5974  R²_naive=0.1982  U_t=0.0949  U_b=0.5315  AUC=0.9870  Top1=0.5965
  timing: data=5.9ms  fwd=172.2ms  bwd=157.4ms  total=336.4ms
