step,layer_idx,block,qk_logit_maxabs,sa_in_maxabs,sa_out_maxabs,resid_post_sa_maxabs,resid_post_ffn_maxabs
40200,0,enc,7.870110034942627,0.42710593342781067,0.13134765625,0.9551891684532166,1.2217202186584473
40200,1,enc,4.807995319366455,0.6064942479133606,0.393310546875,1.5056424140930176,1.8878756761550903
40200,2,enc,8.04515552520752,0.8944308757781982,0.30322265625,1.9510235786437988,2.2500081062316895
40200,0,fcst,4.105918884277344,0.5147885680198669,0.0726318359375,3.754804849624634,3.8740267753601074
40200,1,fcst,8.10025691986084,1.0203455686569214,0.356201171875,3.9504494667053223,3.9372081756591797
40200,2,fcst,5.914498805999756,0.6977234482765198,0.258544921875,5.407649517059326,5.359740257263184
40200,0,enc,7.8513689041137695,0.42227816581726074,0.1148681640625,1.0294965505599976,1.1829389333724976
40200,1,enc,4.809816360473633,0.5590469241142273,0.40087890625,1.6676530838012695,1.800363302230835
40200,2,enc,8.006027221679688,0.7652266621589661,0.2498779296875,1.9030499458312988,1.866763949394226
40400,0,enc,7.926204204559326,0.40141764283180237,0.1295166015625,0.9468816518783569,1.468614101409912
40400,1,enc,4.8299641609191895,0.5651111602783203,0.37548828125,1.4694429636001587,1.9046305418014526
40400,2,enc,8.02112102508545,0.9183143377304077,0.309326171875,1.92786705493927,2.4451699256896973
40400,0,fcst,4.06002950668335,0.5819007754325867,0.08306884765625,4.119898796081543,4.095722198486328
40400,1,fcst,8.333989143371582,0.9701881408691406,0.319091796875,4.095722198486328,4.167404651641846
40400,2,fcst,5.949395179748535,0.7253131866455078,0.2415771484375,5.025705337524414,5.235124111175537
40400,0,enc,7.969011306762695,0.40281161665916443,0.1119384765625,0.829472005367279,0.983524739742279
40400,1,enc,4.761941909790039,0.5278419256210327,0.356201171875,1.420063853263855,1.5410442352294922
40400,2,enc,7.976325988769531,0.6182105541229248,0.231689453125,1.612083911895752,1.775619626045227
40600,0,enc,8.033263206481934,0.3825971782207489,0.1361083984375,0.886189341545105,1.2870635986328125
40600,1,enc,4.9003682136535645,0.6021922826766968,0.451171875,1.478215217590332,1.84239661693573
40600,2,enc,8.070427894592285,0.8850840330123901,0.35205078125,1.8366796970367432,1.9596316814422607
40600,0,fcst,4.107168674468994,0.588054895401001,0.07208251953125,3.4786627292633057,3.37383770942688
40600,1,fcst,8.253774642944336,0.9735760688781738,0.366455078125,3.6452112197875977,3.659478187561035
40600,2,fcst,6.05526065826416,0.6644699573516846,0.2459716796875,5.484992504119873,5.071038246154785
40600,0,enc,8.027257919311523,0.40068069100379944,0.11273193359375,0.8237446546554565,1.0517551898956299
40600,1,enc,4.886582851409912,0.5869582891464233,0.457763671875,1.4519884586334229,1.9016954898834229
40600,2,enc,8.03549861907959,0.7322810292243958,0.26123046875,1.8953378200531006,1.921506643295288
40800,0,enc,8.053681373596191,0.40056702494621277,0.1328125,0.9374307990074158,1.269911766052246
40800,1,enc,4.936384201049805,0.5910143852233887,0.44775390625,1.517118215560913,1.658601999282837
40800,2,enc,8.009713172912598,0.9776406288146973,0.384521484375,1.7905646562576294,2.290911912918091
40800,0,fcst,4.142072677612305,0.5748967528343201,0.07232666015625,3.804063320159912,3.8788652420043945
40800,1,fcst,8.287630081176758,1.145043134689331,0.356201171875,3.934694766998291,3.8908352851867676
40800,2,fcst,6.000696182250977,0.7260960936546326,0.257568359375,5.252640724182129,5.563784599304199
40800,0,enc,8.051283836364746,0.41003113985061646,0.11651611328125,0.8548161387443542,1.1591778993606567
40800,1,enc,4.865970611572266,0.5989177823066711,0.403076171875,1.464782476425171,1.670994520187378
40800,2,enc,7.980506420135498,0.7464413642883301,0.285888671875,1.7139102220535278,1.8751651048660278
41000,0,enc,8.00380802154541,0.38756439089775085,0.1446533203125,0.885301411151886,1.3501622676849365
41000,1,enc,4.952174663543701,0.6079173684120178,0.38232421875,1.3501622676849365,1.6243212223052979
41000,2,enc,8.084193229675293,0.7923479080200195,0.32275390625,1.6718637943267822,1.942274570465088
41000,0,fcst,4.092825889587402,0.5570124387741089,0.075439453125,3.473121404647827,3.6432061195373535
41000,1,fcst,8.463776588439941,0.9674614667892456,0.342041015625,3.483590602874756,3.6676571369171143
41000,2,fcst,5.983922004699707,0.7465052604675293,0.234130859375,5.265787601470947,5.5631208419799805
41000,0,enc,8.033361434936523,0.393092542886734,0.1171875,1.0000349283218384,1.1454206705093384
41000,1,enc,4.884914398193359,0.5080370306968689,0.401123046875,1.5408023595809937,1.658012866973877
41000,2,enc,8.01649284362793,0.5751504302024841,0.29736328125,1.6903090476989746,1.6639207601547241
41200,0,enc,8.079050064086914,0.41486847400665283,0.1357421875,1.0087872743606567,1.7707083225250244
41200,1,enc,4.98708963394165,0.591488778591156,0.505859375,1.897511601448059,1.8888143301010132
41200,2,enc,8.084980010986328,0.77934330701828,0.368896484375,1.8973582983016968,2.08371901512146
41200,0,fcst,4.12665319442749,0.5772175788879395,0.0699462890625,3.8176183700561523,3.8157079219818115
41200,1,fcst,8.334389686584473,0.904300332069397,0.322509765625,3.67952299118042,3.8631858825683594
41200,2,fcst,5.947498321533203,0.6536061763763428,0.262451171875,5.129367828369141,5.4565935134887695
41200,0,enc,8.078429222106934,0.41182637214660645,0.1180419921875,0.8298652768135071,1.5225732326507568
41200,1,enc,4.875925540924072,0.6069667339324951,0.41552734375,1.58567476272583,1.8211233615875244
41200,2,enc,8.093379974365234,0.6038010716438293,0.29248046875,1.8149566650390625,2.103187084197998
41400,0,enc,7.920144557952881,0.42851653695106506,0.138916015625,0.8637797832489014,1.4245045185089111
41400,1,enc,5.082237720489502,0.668479323387146,0.457275390625,1.460370421409607,1.7611249685287476
41400,2,enc,7.965725898742676,0.8278583884239197,0.359375,1.7618199586868286,2.4731128215789795
41400,0,fcst,4.127131462097168,0.5982407927513123,0.073974609375,3.8166379928588867,3.8715696334838867
41400,1,fcst,8.40843391418457,0.9945939779281616,0.347412109375,3.4997291564941406,3.6323418617248535
41400,2,fcst,6.067619800567627,0.7208535075187683,0.2462158203125,5.354817867279053,5.250949859619141
41400,0,enc,7.929360866546631,0.4296383857727051,0.12432861328125,0.8674989342689514,1.1579211950302124
41400,1,enc,5.001163482666016,0.6450701951980591,0.43359375,1.5794098377227783,1.5375689268112183
41400,2,enc,7.8804097175598145,0.6235270500183105,0.318359375,1.7746351957321167,1.9751008749008179
41600,0,enc,7.8980488777160645,0.42326468229293823,0.136474609375,0.9511728286743164,1.1734453439712524
41600,1,enc,5.094158172607422,0.6262446045875549,0.405517578125,1.5438451766967773,1.762893557548523
41600,2,enc,7.771279811859131,0.7937967777252197,0.363525390625,1.7940083742141724,2.0327565670013428
41600,0,fcst,4.1163787841796875,0.6784088015556335,0.09112548828125,3.649043083190918,3.5614266395568848
41600,1,fcst,8.424877166748047,1.0098168849945068,0.360107421875,3.5858049392700195,3.8479061126708984
41600,2,fcst,6.122612476348877,0.6395127177238464,0.238037109375,5.07918643951416,5.666474342346191
41600,0,enc,7.887688636779785,0.4201277196407318,0.12261962890625,0.9210783243179321,1.3442606925964355
41600,1,enc,4.971920490264893,0.5721378922462463,0.42529296875,1.5414537191390991,1.5532335042953491
41600,2,enc,7.734569072723389,0.6793110966682434,0.30810546875,1.753434181213379,1.9576152563095093
41800,0,enc,7.920423984527588,0.3913249969482422,0.136962890625,0.9520834684371948,1.2351257801055908
41800,1,enc,4.996777534484863,0.5884917974472046,0.3740234375,1.6115543842315674,1.8658651113510132
41800,2,enc,7.989140033721924,0.7730387449264526,0.358154296875,1.8656225204467773,2.5379490852355957
41800,0,fcst,4.061888694763184,0.5839521884918213,0.0745849609375,4.002439022064209,4.145181179046631
41800,1,fcst,8.313925743103027,0.9767175912857056,0.340576171875,3.9343338012695312,4.013001441955566
41800,2,fcst,6.061192989349365,0.7107091546058655,0.2415771484375,5.43831729888916,5.7600908279418945
41800,0,enc,7.920204162597656,0.39736515283584595,0.11065673828125,0.885348379611969,1.0395536422729492
41800,1,enc,4.938632011413574,0.571716845035553,0.4453125,1.4894723892211914,1.5942261219024658
41800,2,enc,7.862494945526123,0.7456484436988831,0.323974609375,1.6533470153808594,1.8326045274734497
42000,0,enc,7.938508987426758,0.433931440114975,0.1622314453125,0.8841110467910767,1.3661205768585205
42000,1,enc,5.035971641540527,0.6291471123695374,0.513671875,1.4296926259994507,1.5596975088119507
42000,2,enc,7.904616355895996,0.9362028241157532,0.345703125,1.6922142505645752,1.7952120304107666
42000,0,fcst,4.065744876861572,0.6070391535758972,0.08197021484375,3.8123586177825928,3.881124973297119
42000,1,fcst,8.352500915527344,1.0417392253875732,0.35009765625,3.803616762161255,3.753805160522461
42000,2,fcst,5.9892897605896,0.7096965312957764,0.246337890625,5.153979778289795,5.344217777252197
42000,0,enc,7.957496166229248,0.4413745105266571,0.106689453125,0.8453271389007568,1.2147057056427002
42000,1,enc,4.946940898895264,0.6200439929962158,0.44287109375,1.5039340257644653,1.6428500413894653
42000,2,enc,7.859245300292969,0.8971849083900452,0.266357421875,1.7612724304199219,1.8282890319824219
42200,0,enc,8.135204315185547,0.4002794623374939,0.141845703125,0.8591353297233582,1.3225537538528442
42200,1,enc,5.04672908782959,0.6127192974090576,0.44775390625,1.366904854774475,1.475276231765747
42200,2,enc,7.8828444480896,0.9701635241508484,0.325439453125,1.7546944618225098,1.817716360092163
42200,0,fcst,4.049203395843506,0.6768527030944824,0.0810546875,3.1292080879211426,3.239561080932617
42200,1,fcst,8.42540454864502,0.9395055174827576,0.356689453125,3.770551919937134,3.616272211074829
42200,2,fcst,5.9747538566589355,0.7388907074928284,0.262939453125,5.484255313873291,5.320756912231445
42200,0,enc,8.151296615600586,0.4012506306171417,0.126953125,0.793172299861908,1.1905126571655273
42200,1,enc,4.9636030197143555,0.5915138125419617,0.45068359375,1.3028314113616943,1.4778058528900146
42200,2,enc,7.720823764801025,0.8399720191955566,0.287841796875,1.709446668624878,1.755256175994873
42400,0,enc,8.139235496520996,0.3885791599750519,0.1287841796875,0.9852063655853271,1.4266670942306519
42400,1,enc,5.024921417236328,0.6453907489776611,0.4306640625,1.510367512702942,1.656445026397705
42400,2,enc,7.852652549743652,0.8671215176582336,0.4013671875,1.662222981452942,2.036862373352051
42400,0,fcst,3.9870800971984863,0.554776668548584,0.08154296875,3.48528790473938,3.458585023880005
42400,1,fcst,8.320225715637207,0.9803391695022583,0.359375,3.1766300201416016,3.5782082080841064
42400,2,fcst,6.066565990447998,0.7370703220367432,0.23681640625,4.909450054168701,5.265207767486572
42400,0,enc,8.150189399719238,0.3969714641571045,0.1292724609375,0.8924332857131958,1.1029540300369263
42400,1,enc,5.006227970123291,0.7030194997787476,0.389404296875,1.5519013404846191,1.6484347581863403
42400,2,enc,7.81878662109375,0.8244905471801758,0.3203125,1.6722023487091064,1.6994953155517578
42600,0,enc,8.141444206237793,0.41939738392829895,0.1497802734375,0.928571879863739,1.3824635744094849
42600,1,enc,4.98931360244751,0.6053038239479065,0.473876953125,1.4441683292388916,1.4655516147613525
42600,2,enc,7.7463836669921875,0.7402875423431396,0.44287109375,1.7593486309051514,2.025540828704834
42600,0,fcst,3.996474027633667,0.6517614126205444,0.09527587890625,3.457658290863037,3.41615629196167
42600,1,fcst,8.435541152954102,0.947760820388794,0.357177734375,3.4808573722839355,3.4551119804382324
42600,2,fcst,6.097102642059326,0.7164446115493774,0.2244873046875,5.017670631408691,5.08297061920166
42600,0,enc,8.102195739746094,0.4168541133403778,0.135986328125,0.7168103456497192,1.0422089099884033
42600,1,enc,4.933470726013184,0.6108382940292358,0.394775390625,1.4552817344665527,1.2989879846572876
42600,2,enc,7.604081630706787,0.6866679191589355,0.294189453125,1.4364042282104492,1.629549503326416
42800,0,enc,8.240158081054688,0.4045620560646057,0.14453125,0.9308212399482727,1.3027663230895996
42800,1,enc,5.099766731262207,0.5897648334503174,0.456787109375,1.595371961593628,1.7189030647277832
42800,2,enc,7.676632881164551,0.7933348417282104,0.383544921875,1.790812611579895,2.177802562713623
42800,0,fcst,4.010790824890137,0.5534947514533997,0.073974609375,3.825706958770752,3.8032596111297607
42800,1,fcst,8.48127269744873,0.9933504462242126,0.35009765625,3.681643486022949,3.7253708839416504
42800,2,fcst,6.062035083770752,0.6770333051681519,0.2327880859375,4.860462188720703,4.851469993591309
42800,0,enc,8.233023643493652,0.4140505790710449,0.12078857421875,0.7685611248016357,1.035258173942566
42800,1,enc,5.066461563110352,0.6193283796310425,0.40576171875,1.338875651359558,1.3541878461837769
42800,2,enc,7.6482834815979,0.6926046013832092,0.329833984375,1.4541091918945312,1.5873701572418213
43000,0,enc,8.253469467163086,0.403825044631958,0.1378173828125,1.1169484853744507,1.8656375408172607
43000,1,enc,5.049631595611572,0.5771637558937073,0.3974609375,1.7763279676437378,1.942207932472229
43000,2,enc,7.660161972045898,0.9078852534294128,0.362548828125,2.1526477336883545,2.4072322845458984
43000,0,fcst,4.096683502197266,0.547988772392273,0.08203125,3.6045331954956055,3.589552879333496
43000,1,fcst,8.466530799865723,0.9962637424468994,0.36181640625,3.5411086082458496,3.706063985824585
43000,2,fcst,6.1727375984191895,0.64899080991745,0.27734375,4.934815406799316,5.207071781158447
43000,0,enc,8.234602928161621,0.405005544424057,0.10577392578125,0.9551154971122742,1.3360540866851807
43000,1,enc,4.991159915924072,0.5701871514320374,0.3857421875,1.3256165981292725,1.5363109111785889
43000,2,enc,7.551435947418213,0.7941749095916748,0.3212890625,1.6439015865325928,1.8463722467422485
43200,0,enc,8.339634895324707,0.46075794100761414,0.157958984375,0.9154049158096313,1.5783883333206177
43200,1,enc,5.177144527435303,0.5708567500114441,0.358642578125,1.5217715501785278,1.7036750316619873
43200,2,enc,7.691044330596924,0.7816051840782166,0.32958984375,1.8803046941757202,1.9575339555740356
43200,0,fcst,4.082165241241455,0.5557085275650024,0.08831787109375,3.808117389678955,3.7878031730651855
43200,1,fcst,8.317559242248535,0.9530816078186035,0.40234375,3.6829490661621094,3.6582467555999756
43200,2,fcst,6.202338218688965,0.7587424516677856,0.22509765625,5.03546667098999,4.903698444366455
43200,0,enc,8.341235160827637,0.4589712619781494,0.11767578125,0.875447690486908,1.4403345584869385
43200,1,enc,5.048647403717041,0.5325635075569153,0.40087890625,1.5370153188705444,1.7556432485580444
43200,2,enc,7.50139856338501,0.6563972234725952,0.2900390625,1.9004079103469849,2.001288890838623
43400,0,enc,8.372515678405762,0.4257855713367462,0.144775390625,0.8873423337936401,1.1838736534118652
43400,1,enc,5.263478755950928,0.47382068634033203,0.37646484375,1.3825961351394653,1.609074354171753
43400,2,enc,7.678516387939453,0.8227894306182861,0.3818359375,1.6734594106674194,1.8436830043792725
43400,0,fcst,4.029865264892578,0.6313385367393494,0.09381103515625,3.6701345443725586,3.7568044662475586
43400,1,fcst,8.385016441345215,0.9750325679779053,0.42333984375,3.2837231159210205,3.773405075073242
43400,2,fcst,6.246758460998535,0.6514540910720825,0.238525390625,5.010080337524414,5.321844577789307
43400,0,enc,8.385595321655273,0.43163415789604187,0.10858154296875,0.8931081295013428,1.0752156972885132
43400,1,enc,5.116336345672607,0.4577874541282654,0.357666015625,1.402991533279419,1.452582597732544
43400,2,enc,7.435358047485352,0.7780922055244446,0.303466796875,1.527725100517273,1.6598156690597534
43600,0,enc,8.37710189819336,0.4547572731971741,0.140625,0.8294093608856201,1.24522066116333
43600,1,enc,5.265078067779541,0.5210192799568176,0.46240234375,1.3065986633300781,1.4708386659622192
43600,2,enc,7.662791728973389,0.7518498301506042,0.3203125,1.6253249645233154,1.8959698677062988
43600,0,fcst,4.077001094818115,0.6645779013633728,0.0745849609375,3.2530221939086914,3.2765884399414062
43600,1,fcst,8.305814743041992,0.9226174354553223,0.337646484375,3.175377368927002,3.6202640533447266
43600,2,fcst,6.0310893058776855,0.710806131362915,0.24560546875,4.968008041381836,5.175276279449463
43600,0,enc,8.387258529663086,0.4525648057460785,0.126953125,0.7646983861923218,1.1195025444030762
43600,1,enc,5.2168965339660645,0.5144988298416138,0.43115234375,1.3765336275100708,1.320573091506958
43600,2,enc,7.526661396026611,0.6447500586509705,0.27587890625,1.486015796661377,1.7629438638687134
43800,0,enc,8.369004249572754,0.4134388267993927,0.1361083984375,0.9695613384246826,1.2065786123275757
43800,1,enc,5.286276817321777,0.4425857663154602,0.4150390625,1.371395468711853,1.6365593671798706
43800,2,enc,7.6939191818237305,0.8661229014396667,0.330810546875,1.632107138633728,1.9115124940872192
43800,0,fcst,4.107407569885254,0.5575966835021973,0.0948486328125,3.7766146659851074,3.94968318939209
43800,1,fcst,8.24984073638916,0.9839375615119934,0.4052734375,3.94968318939209,4.068498134613037
43800,2,fcst,6.1573381423950195,0.6295651793479919,0.245849609375,5.0130510330200195,5.316056728363037
43800,0,enc,8.384173393249512,0.39851126074790955,0.11712646484375,0.8013359308242798,0.9965093731880188
43800,1,enc,5.1816840171813965,0.4617067575454712,0.454833984375,1.3903549909591675,1.5135091543197632
43800,2,enc,7.5331854820251465,0.7552958726882935,0.23291015625,1.666839599609375,1.757965087890625
44000,0,enc,8.333888053894043,0.47473251819610596,0.1531982421875,0.9732969999313354,1.3188010454177856
44000,1,enc,5.38660192489624,0.4883379340171814,0.4091796875,1.3821794986724854,1.5670723915100098
44000,2,enc,7.646958827972412,0.7769519090652466,0.30078125,1.8258581161499023,2.167262077331543
44000,0,fcst,4.111756324768066,0.5590799450874329,0.08380126953125,3.8761072158813477,3.86550235748291
44000,1,fcst,8.209190368652344,1.0356879234313965,0.326904296875,3.6392574310302734,3.7545299530029297
44000,2,fcst,6.210173606872559,0.7675715088844299,0.2369384765625,5.047119140625,5.078160762786865
44000,0,enc,8.335412979125977,0.4762505292892456,0.138671875,0.9262150526046753,1.097921371459961
44000,1,enc,5.407317638397217,0.4575434923171997,0.3974609375,1.4821761846542358,1.6448959112167358
44000,2,enc,7.425490856170654,0.6949892044067383,0.2393798828125,1.8053449392318726,2.1085987091064453
44200,0,enc,8.25461483001709,0.484322726726532,0.1470947265625,0.8767408728599548,1.2676730155944824
44200,1,enc,5.317904949188232,0.5060774087905884,0.4169921875,1.6011909246444702,1.8038276433944702
44200,2,enc,7.444968223571777,0.6734026074409485,0.353759765625,1.8751534223556519,2.406012773513794
44200,0,fcst,4.181558609008789,0.544429361820221,0.0740966796875,3.7741832733154297,3.7047388553619385
44200,1,fcst,8.214661598205566,0.9584864377975464,0.361328125,3.763528823852539,3.769853353500366
44200,2,fcst,6.20979642868042,0.6149230003356934,0.261474609375,5.241862773895264,5.504619121551514
44200,0,enc,8.254133224487305,0.47544360160827637,0.1317138671875,0.8055106401443481,1.1238847970962524
44200,1,enc,5.293692111968994,0.45657750964164734,0.377685546875,1.191557765007019,1.387540578842163
44200,2,enc,7.313333988189697,0.5447694063186646,0.278076171875,1.3962165117263794,2.0519115924835205
44400,0,enc,8.274171829223633,0.45756325125694275,0.1365966796875,1.0745295286178589,1.340414047241211
44400,1,enc,5.3806562423706055,0.4626483619213104,0.3984375,1.5385099649429321,1.5789417028427124
44400,2,enc,7.357106685638428,0.7177963852882385,0.3369140625,1.671822190284729,2.1383631229400635
44400,0,fcst,4.200286865234375,0.5380253791809082,0.07330322265625,3.4891741275787354,3.474489688873291
44400,1,fcst,8.349903106689453,1.015332579612732,0.346435546875,3.5269651412963867,3.7181594371795654
44400,2,fcst,6.182095050811768,0.7028809189796448,0.2420654296875,5.0657782554626465,5.067967414855957
44400,0,enc,8.249608993530273,0.46416807174682617,0.130859375,0.8543391227722168,1.13016939163208
44400,1,enc,5.344180107116699,0.4575686752796173,0.3427734375,1.4655845165252686,1.3785470724105835
44400,2,enc,7.178922653198242,0.7492735385894775,0.26220703125,1.4635565280914307,1.6174120903015137
44600,0,enc,8.162337303161621,0.4386776387691498,0.153564453125,1.1703375577926636,1.366342306137085
44600,1,enc,5.351417064666748,0.5431898832321167,0.359130859375,1.633492112159729,1.7426093816757202
44600,2,enc,7.336936950683594,0.7634648084640503,0.357177734375,1.8436156511306763,2.102452516555786
44600,0,fcst,4.225779056549072,0.5498856902122498,0.08013916015625,3.591553211212158,3.567359447479248
44600,1,fcst,8.23915958404541,0.9396754503250122,0.4052734375,3.5432727336883545,3.568653106689453
44600,2,fcst,6.224532604217529,0.6799029111862183,0.2366943359375,4.875209331512451,4.9202189445495605
44600,0,enc,8.153665542602539,0.44074371457099915,0.1383056640625,1.0103507041931152,1.1658648252487183
44600,1,enc,5.271468639373779,0.4660615921020508,0.362548828125,1.6157041788101196,1.7598692178726196
44600,2,enc,7.207433223724365,0.6274331212043762,0.2783203125,1.8627185821533203,1.7875092029571533
44800,0,enc,8.03879451751709,0.4736487865447998,0.1407470703125,1.0755165815353394,1.5086090564727783
44800,1,enc,5.407449245452881,0.5038104057312012,0.403564453125,1.5626211166381836,1.6248769760131836
44800,2,enc,7.283974647521973,0.7906521558761597,0.413330078125,1.6808820962905884,1.9709677696228027
44800,0,fcst,4.229436874389648,0.6037657856941223,0.07763671875,3.798035144805908,3.784963369369507
44800,1,fcst,8.15719223022461,1.0305321216583252,0.407958984375,3.6559500694274902,3.6707510948181152
44800,2,fcst,6.2140913009643555,0.6765400767326355,0.2490234375,5.0669474601745605,5.093227863311768
44800,0,enc,8.03403091430664,0.47540169954299927,0.11920166015625,0.9665887355804443,1.2731249332427979
44800,1,enc,5.358774662017822,0.4659232795238495,0.406005859375,1.6018823385238647,1.6703027486801147
44800,2,enc,7.185744762420654,0.6538391709327698,0.42041015625,1.7318083047866821,1.6170852184295654
45000,0,enc,8.049678802490234,0.3790211081504822,0.1298828125,0.9866387248039246,1.6360228061676025
45000,1,enc,5.433075904846191,0.4698491394519806,0.50244140625,1.5770313739776611,1.6951295137405396
45000,2,enc,7.190043926239014,0.934968113899231,0.348388671875,1.8407230377197266,2.00056791305542
45000,0,fcst,4.244630336761475,0.5613757967948914,0.0872802734375,3.5235562324523926,3.749250650405884
45000,1,fcst,8.247835159301758,0.9563859105110168,0.33935546875,3.27316951751709,3.815173625946045
45000,2,fcst,6.097234725952148,0.7117391228675842,0.2403564453125,5.25787878036499,5.5236968994140625
45000,0,enc,8.03458309173584,0.37997135519981384,0.11199951171875,0.9175434112548828,1.2805064916610718
45000,1,enc,5.331834316253662,0.4483081102371216,0.4091796875,1.388880729675293,1.479764461517334
45000,2,enc,7.092689514160156,0.7666930556297302,0.330078125,1.7625281810760498,1.8603065013885498
45200,0,enc,8.013540267944336,0.44231516122817993,0.12078857421875,1.112911581993103,1.4638183116912842
45200,1,enc,5.534968376159668,0.47040846943855286,0.338623046875,1.4638183116912842,1.503792643547058
45200,2,enc,7.242590427398682,0.7874629497528076,0.347412109375,1.666341781616211,1.9429078102111816
45200,0,fcst,4.2367939949035645,0.5690879225730896,0.07452392578125,3.757185459136963,3.729374885559082
45200,1,fcst,8.17319393157959,1.075937032699585,0.30810546875,3.7135684490203857,3.746476650238037
45200,2,fcst,6.088734149932861,0.6435832381248474,0.2388916015625,5.30643367767334,5.5983171463012695
45200,0,enc,8.020340919494629,0.43853139877319336,0.10595703125,1.0677870512008667,1.1828993558883667
45200,1,enc,5.3833818435668945,0.41398826241493225,0.368408203125,1.4315924644470215,1.430967926979065
45200,2,enc,7.087776184082031,0.6819161772727966,0.3388671875,1.4702813625335693,1.6712887287139893
45400,0,enc,7.933423042297363,0.3623265326023102,0.137939453125,0.9954407811164856,1.573549509048462
45400,1,enc,5.66945219039917,0.44832420349121094,0.3193359375,1.723151445388794,1.5045511722564697
45400,2,enc,7.15224027633667,0.923261821269989,0.486083984375,1.7159950733184814,1.8282749652862549
45400,0,fcst,4.274948596954346,0.6126611232757568,0.07928466796875,3.6612112522125244,3.6289303302764893
45400,1,fcst,8.39148998260498,1.047227144241333,0.39208984375,3.636809825897217,3.6625497341156006
45400,2,fcst,6.048692226409912,0.6415755748748779,0.248291015625,5.219126224517822,5.414438724517822
45400,0,enc,7.997488498687744,0.36771446466445923,0.1212158203125,0.7797672152519226,1.2766542434692383
45400,1,enc,5.59163761138916,0.4159039258956909,0.31103515625,1.424118161201477,1.4671669006347656
45400,2,enc,7.172732830047607,0.7465130686759949,0.369873046875,1.5596544742584229,1.6473619937896729
45600,0,enc,7.978487491607666,0.37440115213394165,0.12744140625,0.8629521131515503,1.3973472118377686
45600,1,enc,5.720824241638184,0.47092404961586,0.326904296875,1.4404963254928589,1.5543642044067383
45600,2,enc,7.1435041427612305,0.8448917865753174,0.408203125,1.7648855447769165,2.20192289352417
45600,0,fcst,4.279060363769531,0.573038637638092,0.0792236328125,4.010641574859619,4.027273654937744
45600,1,fcst,8.33558177947998,0.9929520487785339,0.335693359375,3.9029290676116943,3.9296658039093018
45600,2,fcst,6.135037422180176,0.7884230017662048,0.2491455078125,4.8578925132751465,5.191893100738525
45600,0,enc,7.965325832366943,0.37380874156951904,0.11163330078125,0.7991366982460022,1.355475902557373
45600,1,enc,5.676150798797607,0.4561446011066437,0.260498046875,1.5245118141174316,1.5816997289657593
45600,2,enc,6.971216678619385,0.7256725430488586,0.3427734375,1.755576491355896,1.9560626745224
45800,0,enc,7.941007137298584,0.3655216693878174,0.1280517578125,0.9858044385910034,1.9814071655273438
45800,1,enc,5.775452136993408,0.45542851090431213,0.21630859375,1.9788768291473389,1.9509379863739014
45800,2,enc,6.9773149490356445,0.7305084466934204,0.359130859375,2.1627423763275146,2.008798122406006
45800,0,fcst,4.378710746765137,0.6216183304786682,0.06854248046875,3.7005300521850586,3.7849619388580322
45800,1,fcst,8.29065227508545,0.9494050145149231,0.355712890625,3.7512741088867188,3.883517026901245
45800,2,fcst,6.075161457061768,0.6533966064453125,0.2376708984375,5.121054649353027,5.1760687828063965
45800,0,enc,7.935912132263184,0.36124274134635925,0.125244140625,0.9509251713752747,1.5094351768493652
45800,1,enc,5.749453067779541,0.4209638237953186,0.1986083984375,1.439916729927063,1.4815075397491455
45800,2,enc,6.872641086578369,0.6628851294517517,0.37890625,1.5732277631759644,1.600944995880127
46000,0,enc,7.7126383781433105,0.38572195172309875,0.14404296875,1.03120756149292,1.3513851165771484
46000,1,enc,5.782174110412598,0.4695742726325989,0.22900390625,1.495785117149353,1.5973536968231201
46000,2,enc,6.907736301422119,0.9307170510292053,0.371337890625,1.8584775924682617,2.1081528663635254
46000,0,fcst,4.332754611968994,0.5681852102279663,0.08782958984375,3.680867910385132,3.615255117416382
46000,1,fcst,8.169515609741211,0.9602177143096924,0.36865234375,3.4182629585266113,3.4494078159332275
46000,2,fcst,6.250870704650879,0.637761652469635,0.28173828125,5.394161224365234,5.14207649230957
46000,0,enc,7.7680792808532715,0.3840350806713104,0.11822509765625,0.9915501475334167,1.2495464086532593
46000,1,enc,5.775020599365234,0.42249590158462524,0.1810302734375,1.3788460493087769,1.5224777460098267
46000,2,enc,6.655417442321777,0.6640292406082153,0.39306640625,1.5844460725784302,1.827947974205017
46200,0,enc,7.7814249992370605,0.4153463542461395,0.1334228515625,0.8476707935333252,1.3477962017059326
46200,1,enc,5.6085309982299805,0.4259181022644043,0.2445068359375,1.3644236326217651,1.657989263534546
46200,2,enc,6.899985313415527,0.8224037885665894,0.333984375,1.5847529172897339,1.860722541809082
46200,0,fcst,4.398045539855957,0.5828195214271545,0.07159423828125,3.1789870262145996,3.2599170207977295
46200,1,fcst,8.282720565795898,0.9572709202766418,0.330078125,3.202463150024414,3.4604568481445312
46200,2,fcst,6.1218581199646,0.6990124583244324,0.259765625,4.8204450607299805,5.030035495758057
46200,0,enc,7.781635761260986,0.4238181412220001,0.11932373046875,0.8326519727706909,1.237212896347046
46200,1,enc,5.663869857788086,0.41732141375541687,0.198486328125,1.3339108228683472,1.4534815549850464
46200,2,enc,6.650552272796631,0.659529447555542,0.3271484375,1.5385656356811523,1.9437799453735352
46400,0,enc,7.62406587600708,0.4217492938041687,0.1451416015625,0.8970667123794556,1.469376802444458
46400,1,enc,5.701696395874023,0.46295562386512756,0.299072265625,1.6404467821121216,1.6143218278884888
46400,2,enc,6.908114433288574,0.9072998762130737,0.390380859375,1.705308198928833,2.1953847408294678
46400,0,fcst,4.376237392425537,0.5820896625518799,0.08917236328125,4.067451477050781,4.171753883361816
46400,1,fcst,8.086050987243652,0.8951998353004456,0.3701171875,3.7698330879211426,3.7234463691711426
46400,2,fcst,6.042294025421143,0.6419844627380371,0.226318359375,5.330904006958008,4.984764575958252
46400,0,enc,7.61887264251709,0.4355827867984772,0.129638671875,0.8649048805236816,1.190873622894287
46400,1,enc,5.66010856628418,0.44832828640937805,0.2296142578125,1.366539716720581,1.572716474533081
46400,2,enc,6.765210151672363,0.6644219756126404,0.372802734375,1.6705042123794556,1.925715446472168
46600,0,enc,7.53526496887207,0.4623677730560303,0.13525390625,1.162667155265808,1.424235463142395
46600,1,enc,5.588869094848633,0.5180214047431946,0.309326171875,1.6483187675476074,1.755401611328125
46600,2,enc,6.856463432312012,0.8010497689247131,0.427978515625,1.89040207862854,2.4389586448669434
46600,0,fcst,4.412820339202881,0.5788754820823669,0.0802001953125,3.734651565551758,3.734651565551758
46600,1,fcst,8.175688743591309,1.0447320938110352,0.3388671875,3.4871461391448975,3.4786343574523926
46600,2,fcst,6.239895343780518,0.637357234954834,0.2362060546875,4.860846996307373,5.193963527679443
46600,0,enc,7.507277965545654,0.46032387018203735,0.12841796875,0.8760521411895752,1.334294319152832
46600,1,enc,5.573893070220947,0.5536750555038452,0.28564453125,1.5617098808288574,1.6002230644226074
46600,2,enc,6.730207443237305,0.7262589931488037,0.353759765625,1.6936142444610596,2.340223789215088
46800,0,enc,7.434244155883789,0.39530089497566223,0.1304931640625,0.7966840863227844,1.4017866849899292
46800,1,enc,5.485692977905273,0.46585604548454285,0.357177734375,1.5791820287704468,1.5542943477630615
46800,2,enc,6.78804874420166,0.7599847316741943,0.354736328125,1.6863821744918823,2.107931613922119
46800,0,fcst,4.417205810546875,0.5583365559577942,0.0692138671875,3.8106374740600586,3.7651662826538086
46800,1,fcst,8.159053802490234,0.9066768884658813,0.3291015625,3.7651662826538086,3.6730031967163086
46800,2,fcst,6.173442840576172,0.6293622255325317,0.246826171875,4.801892280578613,4.798237323760986
46800,0,enc,7.53747034072876,0.39171722531318665,0.11798095703125,0.8027794361114502,1.1760467290878296
46800,1,enc,5.4555583000183105,0.4144247770309448,0.309326171875,1.3512669801712036,1.331896424293518
46800,2,enc,6.764130115509033,0.7534761428833008,0.32275390625,1.4531939029693604,1.7480521202087402
47000,0,enc,7.6791534423828125,0.3812292516231537,0.1280517578125,1.029718279838562,1.2883877754211426
47000,1,enc,5.393899440765381,0.5237140655517578,0.373046875,1.485807180404663,1.5604057312011719
47000,2,enc,6.812375068664551,0.7831243276596069,0.392822265625,1.583471655845642,2.1251614093780518
47000,0,fcst,4.364114284515381,0.5956738591194153,0.06768798828125,3.362698793411255,3.362698793411255
47000,1,fcst,8.108809471130371,0.9672947525978088,0.32275390625,3.2851762771606445,3.5690674781799316
47000,2,fcst,6.111181735992432,0.6410408020019531,0.2398681640625,4.966044902801514,5.219001770019531
47000,0,enc,7.712063312530518,0.38170236349105835,0.11419677734375,0.8060882091522217,1.0798617601394653
47000,1,enc,5.400567054748535,0.48664093017578125,0.363525390625,1.294169306755066,1.4813504219055176
47000,2,enc,6.719788074493408,0.7657562494277954,0.384033203125,1.562910556793213,1.940438151359558
47200,0,enc,7.80086088180542,0.42784416675567627,0.1290283203125,0.9941451549530029,1.5528616905212402
47200,1,enc,5.265407562255859,0.5728167295455933,0.453857421875,1.8373796939849854,2.006108045578003
47200,2,enc,6.811094284057617,0.7835322618484497,0.37353515625,1.9246418476104736,2.081163167953491
47200,0,fcst,4.3470988273620605,0.4819135367870331,0.071044921875,3.6472268104553223,3.5286152362823486
47200,1,fcst,8.147939682006836,0.9174038767814636,0.344482421875,3.335015058517456,3.439016819000244
47200,2,fcst,6.139519691467285,0.6039868593215942,0.251953125,5.012334823608398,5.140508651733398
47200,0,enc,7.822585105895996,0.43222978711128235,0.11505126953125,0.9318928122520447,1.3142352104187012
47200,1,enc,5.198493480682373,0.5257737040519714,0.385009765625,1.8720489740371704,2.079690456390381
47200,2,enc,6.787723541259766,0.5916042923927307,0.378173828125,1.9902199506759644,2.135972023010254
47400,0,enc,7.855784893035889,0.373661607503891,0.12744140625,0.971329391002655,1.497148036956787
47400,1,enc,5.092400074005127,0.5876256227493286,0.441162109375,1.4982357025146484,1.6055608987808228
47400,2,enc,6.943548679351807,0.8908411860466003,0.33349609375,1.7332018613815308,1.9605419635772705
47400,0,fcst,4.291438102722168,0.5166090130805969,0.06927490234375,3.609750509262085,3.614650249481201
47400,1,fcst,8.012483596801758,0.940824568271637,0.35546875,3.5239639282226562,3.5239639282226562
47400,2,fcst,6.255040645599365,0.6363497376441956,0.22216796875,5.552051544189453,5.1811442375183105
47400,0,enc,7.823431491851807,0.3690888285636902,0.10498046875,0.8135170340538025,1.1348241567611694
47400,1,enc,5.060318470001221,0.4799247980117798,0.3642578125,1.3075090646743774,1.4603266716003418
47400,2,enc,6.893600940704346,0.7001238465309143,0.289794921875,1.6325926780700684,1.7269494533538818
47600,0,enc,7.863947868347168,0.3783177137374878,0.12744140625,1.0363497734069824,1.306457281112671
47600,1,enc,5.033518314361572,0.4764493703842163,0.437255859375,1.4496867656707764,1.493903398513794
47600,2,enc,6.951181888580322,0.8334198594093323,0.367919921875,1.6110844612121582,1.905369758605957
47600,0,fcst,4.323307991027832,0.5913166999816895,0.0697021484375,3.332695484161377,3.4145710468292236
47600,1,fcst,8.150075912475586,0.9461947679519653,0.31201171875,3.4371395111083984,3.6268625259399414
47600,2,fcst,6.310571193695068,0.6831825375556946,0.218017578125,5.103456497192383,5.312061309814453
47600,0,enc,7.879810333251953,0.3839276432991028,0.10833740234375,0.856395423412323,1.2409231662750244
47600,1,enc,5.007269382476807,0.5004295110702515,0.39208984375,1.4004178047180176,1.5414090156555176
47600,2,enc,6.883148670196533,0.6327900886535645,0.37060546875,1.5935388803482056,1.8669551610946655
47800,0,enc,7.814605712890625,0.37766003608703613,0.134765625,1.03341543674469,1.492128610610962
47800,1,enc,5.022651672363281,0.5073498487472534,0.46435546875,1.5774575471878052,1.75063955783844
47800,2,enc,6.910885334014893,0.8775491118431091,0.41259765625,1.903433084487915,2.275883197784424
47800,0,fcst,4.294537544250488,0.6424570679664612,0.07830810546875,4.077536582946777,3.8889827728271484
47800,1,fcst,7.978686332702637,0.9264183044433594,0.2763671875,3.867204189300537,3.7864491939544678
47800,2,fcst,6.213550567626953,0.6501709222793579,0.2403564453125,5.270798683166504,4.998356819152832
47800,0,enc,7.787773609161377,0.38329240679740906,0.095458984375,0.8768395781517029,1.0592992305755615
47800,1,enc,4.990453720092773,0.44553714990615845,0.420654296875,1.5217022895812988,1.6283307075500488
47800,2,enc,6.873575210571289,0.632921576499939,0.309326171875,1.7767963409423828,2.018005132675171
48000,0,enc,7.863851070404053,0.3950706422328949,0.1304931640625,0.949744462966919,1.5496246814727783
48000,1,enc,4.991779327392578,0.46989646553993225,0.493896484375,1.569127082824707,1.7882999181747437
48000,2,enc,6.802635192871094,0.8153033256530762,0.35302734375,1.9443433284759521,2.0193819999694824
48000,0,fcst,4.325016975402832,0.6245231032371521,0.0787353515625,3.7265942096710205,3.709428071975708
48000,1,fcst,7.997002124786377,0.9315347075462341,0.330810546875,3.4870893955230713,3.486863851547241
48000,2,fcst,6.234838962554932,0.6851131319999695,0.251953125,5.123773097991943,4.907855033874512
48000,0,enc,7.853713512420654,0.3940805494785309,0.12445068359375,0.8637135028839111,1.2322633266448975
48000,1,enc,4.966191291809082,0.40002840757369995,0.446533203125,1.531978964805603,1.688595175743103
48000,2,enc,6.776698589324951,0.6636922955513,0.321044921875,1.7477333545684814,1.714294672012329
48200,0,enc,7.826767444610596,0.3944263756275177,0.1142578125,1.2200485467910767,1.5501809120178223
48200,1,enc,5.017691135406494,0.4743444621562958,0.4677734375,1.7827550172805786,1.8773595094680786
48200,2,enc,6.8344855308532715,0.8767356276512146,0.379638671875,1.8823870420455933,2.125849485397339
48200,0,fcst,4.293073654174805,0.5223787426948547,0.080810546875,3.3337044715881348,3.241405725479126
48200,1,fcst,7.806197166442871,0.9619648456573486,0.324462890625,3.241027355194092,3.3962149620056152
48200,2,fcst,6.41018533706665,0.6452948451042175,0.249267578125,4.849853515625,4.941647529602051
48200,0,enc,7.857476711273193,0.39740443229675293,0.1041259765625,1.0183600187301636,1.103407382965088
48200,1,enc,5.026483058929443,0.3734549283981323,0.42236328125,1.3724372386932373,1.466495156288147
48200,2,enc,6.769252300262451,0.6269585490226746,0.35498046875,1.6264241933822632,1.718909740447998
48400,0,enc,8.05974006652832,0.36160939931869507,0.1165771484375,0.9373571872711182,1.1851720809936523
48400,1,enc,5.011063575744629,0.477483868598938,0.4638671875,1.402766227722168,1.5564391613006592
48400,2,enc,6.812632083892822,0.8887771368026733,0.364013671875,1.5877652168273926,2.053884267807007
48400,0,fcst,4.284732341766357,0.547785758972168,0.07244873046875,3.3949832916259766,3.47270131111145
48400,1,fcst,7.94920015335083,0.9845197796821594,0.296142578125,3.4570555686950684,3.624281167984009
48400,2,fcst,6.111120223999023,0.6489172577857971,0.23388671875,4.929075241088867,5.1081767082214355
48400,0,enc,8.044397354125977,0.37209415435791016,0.1160888671875,0.8758804202079773,0.9855692982673645
48400,1,enc,4.9918742179870605,0.35650497674942017,0.45361328125,1.4881654977798462,1.5336366891860962
48400,2,enc,6.777424335479736,0.6299428939819336,0.343505859375,1.6877590417861938,1.982933759689331
48600,0,enc,8.11027717590332,0.379518061876297,0.12078857421875,0.9751539826393127,1.2842262983322144
48600,1,enc,5.062099456787109,0.45537394285202026,0.4658203125,1.4633184671401978,1.578878402709961
48600,2,enc,6.866404056549072,0.7686944007873535,0.412841796875,1.6822996139526367,1.9660649299621582
48600,0,fcst,4.278526306152344,0.509750247001648,0.07611083984375,3.427699327468872,3.473611354827881
48600,1,fcst,8.055888175964355,0.9095600247383118,0.30419921875,3.272106647491455,3.7424585819244385
48600,2,fcst,6.198304176330566,0.6843084096908569,0.2344970703125,5.232963562011719,5.232963562011719
48600,0,enc,8.100468635559082,0.37350785732269287,0.10260009765625,0.9986254572868347,1.1703784465789795
48600,1,enc,5.0409135818481445,0.4133155345916748,0.44091796875,1.4624208211898804,1.5743032693862915
48600,2,enc,6.83966588973999,0.6112776398658752,0.363037109375,1.6541142463684082,1.6412053108215332
48800,0,enc,8.172432899475098,0.3935047686100006,0.119384765625,0.9554139971733093,1.1627426147460938
48800,1,enc,4.958764553070068,0.6023075580596924,0.5625,1.2660702466964722,1.392305612564087
48800,2,enc,6.808000564575195,0.7809446454048157,0.3994140625,1.5157148838043213,2.1022236347198486
48800,0,fcst,4.279627799987793,0.5181629061698914,0.0677490234375,3.3054089546203613,3.250089406967163
48800,1,fcst,7.963786602020264,0.9265673160552979,0.295166015625,3.1808876991271973,3.514309883117676
48800,2,fcst,6.22843074798584,0.6923606991767883,0.2255859375,5.192853927612305,5.146967887878418
48800,0,enc,8.16736125946045,0.39004430174827576,0.1065673828125,0.8969826698303223,1.0661721229553223
48800,1,enc,4.905307769775391,0.3950177729129791,0.464111328125,1.3853387832641602,1.5052778720855713
48800,2,enc,6.7811198234558105,0.5817441344261169,0.350341796875,1.6038426160812378,1.6243810653686523
49000,0,enc,8.21590518951416,0.3938013017177582,0.11456298828125,0.9790406823158264,1.4515533447265625
49000,1,enc,4.969761848449707,0.47977423667907715,0.53759765625,1.6586861610412598,1.7444067001342773
49000,2,enc,6.878609657287598,0.682492196559906,0.433837890625,1.76295804977417,1.9852169752120972
49000,0,fcst,4.24293851852417,0.5448845028877258,0.0703125,3.9484059810638428,3.9647583961486816
49000,1,fcst,8.009407997131348,0.8915886282920837,0.34033203125,3.5575366020202637,3.667738914489746
49000,2,fcst,6.15528678894043,0.674538791179657,0.2230224609375,5.576176166534424,5.3773980140686035
49000,0,enc,8.192666053771973,0.40011176466941833,0.1044921875,0.8543817400932312,1.2048194408416748
49000,1,enc,4.941528797149658,0.4520457088947296,0.473876953125,1.4534027576446533,1.460822343826294
49000,2,enc,6.8791375160217285,0.5728471279144287,0.359130859375,1.5402145385742188,1.6666181087493896
49200,0,enc,8.26211929321289,0.39356356859207153,0.11712646484375,1.0246751308441162,1.28494393825531
49200,1,enc,4.987006664276123,0.5780336856842041,0.450927734375,1.3213878870010376,1.427874207496643
49200,2,enc,6.917377948760986,0.6504186987876892,0.333251953125,1.5021321773529053,1.9657044410705566
49200,0,fcst,4.188363075256348,0.5316723585128784,0.07232666015625,3.4646525382995605,3.4070420265197754
49200,1,fcst,7.854602336883545,0.9524006247520447,0.349853515625,3.318701982498169,3.318701982498169
49200,2,fcst,6.173737525939941,0.6524800658226013,0.1981201171875,4.783036231994629,5.097497940063477
49200,0,enc,8.281999588012695,0.39704328775405884,0.09478759765625,0.8699045181274414,1.0168747901916504
49200,1,enc,4.938616752624512,0.3753702938556671,0.4130859375,1.3142707347869873,1.371525526046753
49200,2,enc,6.872004985809326,0.5445146560668945,0.33203125,1.5194779634475708,1.695373773574829
49400,0,enc,8.293510437011719,0.38592803478240967,0.11474609375,0.9470263719558716,1.6562426090240479
49400,1,enc,4.941401958465576,0.649957537651062,0.52099609375,1.6638283729553223,1.8367613554000854
49400,2,enc,6.9146037101745605,0.773106575012207,0.35595703125,1.7789703607559204,1.8275271654129028
49400,0,fcst,4.259227275848389,0.5943934917449951,0.0712890625,3.3370494842529297,3.411431074142456
49400,1,fcst,7.793519973754883,1.0110465288162231,0.325927734375,3.6749660968780518,3.639192819595337
49400,2,fcst,6.155297756195068,0.6404757499694824,0.244140625,4.783996105194092,5.166078090667725
49400,0,enc,8.291296005249023,0.3851671814918518,0.10235595703125,0.8533875346183777,1.0412538051605225
49400,1,enc,4.925793170928955,0.5423713326454163,0.442138671875,1.3866653442382812,1.5504837036132812
49400,2,enc,6.915396213531494,0.6380629539489746,0.367431640625,1.7567921876907349,1.9486867189407349
49600,0,enc,8.234502792358398,0.3947417736053467,0.12005615234375,1.1453826427459717,1.1854482889175415
49600,1,enc,4.907703876495361,0.4094189703464508,0.4755859375,1.362538456916809,1.6568635702133179
49600,2,enc,6.903775215148926,0.904018759727478,0.351806640625,1.6708269119262695,1.734754204750061
49600,0,fcst,4.240271091461182,0.515708327293396,0.07305908203125,3.6141602993011475,3.66515851020813
49600,1,fcst,7.968705654144287,0.9565275311470032,0.3076171875,3.621492862701416,3.908566951751709
49600,2,fcst,6.157064914703369,0.7756723761558533,0.23095703125,5.266404151916504,5.152284145355225
49600,0,enc,8.295975685119629,0.3924291729927063,0.0927734375,0.9142646193504333,1.0711506605148315
49600,1,enc,4.857993125915527,0.4139986038208008,0.383056640625,1.4193650484085083,1.6991502046585083
49600,2,enc,6.8500518798828125,0.624454915523529,0.356201171875,1.760534405708313,1.736120343208313
49800,0,enc,8.255435943603516,0.3645752966403961,0.1243896484375,1.042915940284729,1.421333909034729
49800,1,enc,4.874561786651611,0.45918112993240356,0.461669921875,1.6634749174118042,1.6995195150375366
49800,2,enc,6.938149452209473,0.7618312239646912,0.327880859375,1.9179069995880127,1.9059951305389404
49800,0,fcst,4.176724910736084,0.5485484004020691,0.0794677734375,3.5699141025543213,3.502244472503662
49800,1,fcst,7.780491352081299,0.8697780966758728,0.3125,3.4543910026550293,3.6919679641723633
49800,2,fcst,6.24508810043335,0.6193512678146362,0.20068359375,5.047572135925293,4.721051216125488
49800,0,enc,8.255314826965332,0.3678836524486542,0.08917236328125,0.9671140313148499,1.1974596977233887
49800,1,enc,4.873104572296143,0.3909701704978943,0.40576171875,1.4836905002593994,1.6779714822769165
49800,2,enc,6.935667514801025,0.5392953157424927,0.282470703125,1.7527737617492676,1.7873196601867676
50000,0,enc,8.43453598022461,0.3707912862300873,0.1070556640625,1.1839834451675415,1.2625194787979126
50000,1,enc,4.921009540557861,0.4633706212043762,0.41259765625,1.5591511726379395,1.651856780052185
50000,2,enc,7.029794216156006,0.8026708364486694,0.315185546875,1.8038907051086426,1.9215528964996338
50000,0,fcst,4.235724925994873,0.5934169888496399,0.068115234375,3.7560293674468994,3.808248281478882
50000,1,fcst,7.972321033477783,0.9129184484481812,0.2880859375,3.808248281478882,3.8198280334472656
50000,2,fcst,6.310730934143066,0.7691828608512878,0.2308349609375,4.86489200592041,4.9425740242004395
50000,0,enc,8.454899787902832,0.3703828454017639,0.09820556640625,0.9673219323158264,1.1424663066864014
50000,1,enc,4.913193702697754,0.4352755546569824,0.389404296875,1.5452227592468262,1.5884945392608643
50000,2,enc,6.935525417327881,0.5769245624542236,0.31201171875,1.6746797561645508,1.7646955251693726
50200,0,enc,8.402724266052246,0.43629369139671326,0.1199951171875,1.0114195346832275,1.3905918598175049
50200,1,enc,4.880141258239746,0.5149702429771423,0.391357421875,1.469288945198059,1.5635792016983032
50200,2,enc,7.052158832550049,0.8015244603157043,0.322265625,1.5948840379714966,2.178011655807495
50200,0,fcst,4.2494282722473145,0.5056782364845276,0.07220458984375,3.8429713249206543,3.9161407947540283
50200,1,fcst,7.827136993408203,0.9259526133537292,0.30029296875,4.136029243469238,4.0644145011901855
50200,2,fcst,6.1417694091796875,0.6307298541069031,0.2181396484375,5.163556098937988,5.255680084228516
50200,0,enc,8.404106140136719,0.42975202202796936,0.10357666015625,0.9497482776641846,1.209246039390564
50200,1,enc,4.902554988861084,0.4152645766735077,0.359619140625,1.3113263845443726,1.3699026107788086
50200,2,enc,6.984299182891846,0.6082958579063416,0.31494140625,1.4935702085494995,2.201958179473877
50400,0,enc,8.393486976623535,0.36651289463043213,0.11651611328125,1.0592721700668335,1.1688481569290161
50400,1,enc,5.097016334533691,0.43179553747177124,0.4013671875,1.3420665264129639,1.3923321962356567
50400,2,enc,7.089879989624023,0.7820107340812683,0.316162109375,1.563523769378662,2.0137312412261963
50400,0,fcst,4.1861186027526855,0.5565739274024963,0.07763671875,3.437044620513916,3.437044620513916
50400,1,fcst,7.677871227264404,0.899673581123352,0.31640625,3.6811013221740723,3.5797173976898193
50400,2,fcst,6.295658111572266,0.6251919865608215,0.234130859375,5.002864360809326,5.452696800231934
50400,0,enc,8.405303001403809,0.3660963177680969,0.0958251953125,0.9070041179656982,1.0216281414031982
50400,1,enc,5.043673515319824,0.4549092948436737,0.3662109375,1.5848548412322998,1.6755530834197998
50400,2,enc,7.038114070892334,0.6472692489624023,0.2734375,1.8256981372833252,2.0202953815460205
50600,0,enc,8.484981536865234,0.3801661729812622,0.112548828125,1.1678317785263062,1.3829821348190308
50600,1,enc,4.882564067840576,0.43083709478378296,0.383056640625,1.674751877784729,1.7294121980667114
50600,2,enc,7.1107916831970215,0.7360624074935913,0.37646484375,1.7377915382385254,1.908182978630066
50600,0,fcst,4.2284979820251465,0.6707780361175537,0.076904296875,3.4286251068115234,3.4936275482177734
50600,1,fcst,7.877107620239258,0.8843889832496643,0.341064453125,3.4079108238220215,3.4788689613342285
50600,2,fcst,6.272114276885986,0.6533448100090027,0.20361328125,5.260814666748047,5.391811370849609
50600,0,enc,8.476116180419922,0.38298019766807556,0.09271240234375,0.9441335797309875,1.2155346870422363
50600,1,enc,4.898666858673096,0.42485129833221436,0.35546875,1.630612850189209,1.735410213470459
50600,2,enc,7.072235107421875,0.5931143164634705,0.3251953125,1.7286659479141235,1.8977333307266235
50800,0,enc,8.611441612243652,0.3717617690563202,0.107177734375,0.9565703272819519,1.615159034729004
50800,1,enc,4.956695556640625,0.5332543849945068,0.335205078125,1.6564340591430664,1.4795677661895752
50800,2,enc,7.0638580322265625,0.8005849123001099,0.297119140625,1.7268987894058228,1.9443278312683105
50800,0,fcst,4.22873067855835,0.5657715201377869,0.0753173828125,3.5406041145324707,3.540706157684326
50800,1,fcst,7.93120002746582,0.9424965381622314,0.28662109375,3.5359370708465576,3.50545334815979
50800,2,fcst,6.114788055419922,0.6647362112998962,0.2296142578125,4.989345073699951,5.035664081573486
50800,0,enc,8.61111068725586,0.3788962662220001,0.09014892578125,0.8996461033821106,1.235292911529541
50800,1,enc,4.939678192138672,0.43591704964637756,0.38818359375,1.3935247659683228,1.2881195545196533
50800,2,enc,6.987314224243164,0.5638700723648071,0.283935546875,1.5236797332763672,1.541883945465088
51000,0,enc,8.65976333618164,0.4025486707687378,0.1185302734375,1.0641071796417236,1.2736413478851318
51000,1,enc,4.974780082702637,0.469150573015213,0.40087890625,1.4660015106201172,1.5020519495010376
51000,2,enc,7.019648551940918,0.7984437942504883,0.331298828125,1.6088464260101318,2.10931134223938
51000,0,fcst,4.2375383377075195,0.5415056943893433,0.07977294921875,3.49560546875,3.5100080966949463
51000,1,fcst,7.785552501678467,0.8825113773345947,0.30615234375,3.307558536529541,3.307558536529541
51000,2,fcst,6.006814479827881,0.6393530964851379,0.2239990234375,4.832336902618408,4.987360954284668
51000,0,enc,8.664495468139648,0.3992239832878113,0.09466552734375,0.9771873950958252,1.1284135580062866
51000,1,enc,4.983832836151123,0.4544547200202942,0.428955078125,1.5192060470581055,1.5539045333862305
51000,2,enc,6.9466118812561035,0.663762092590332,0.273193359375,1.725080966949463,1.6570605039596558
51200,0,enc,8.808858871459961,0.4218807518482208,0.1346435546875,1.0539580583572388,1.2761507034301758
51200,1,enc,5.063353538513184,0.5951080918312073,0.302001953125,1.456444263458252,1.5783110857009888
51200,2,enc,7.1059699058532715,0.8047258257865906,0.271484375,1.6660854816436768,1.8926661014556885
51200,0,fcst,4.299668788909912,0.6315599083900452,0.07611083984375,3.6272294521331787,3.821728229522705
51200,1,fcst,7.736288070678711,0.9095894694328308,0.32373046875,3.654466152191162,3.6565160751342773
51200,2,fcst,6.188846588134766,0.6394773721694946,0.2203369140625,4.861706733703613,4.9520063400268555
51200,0,enc,8.772955894470215,0.42369750142097473,0.09088134765625,0.9053930640220642,1.176389217376709
51200,1,enc,5.0047407150268555,0.462129682302475,0.36474609375,1.4767178297042847,1.5461758375167847
51200,2,enc,7.109719276428223,0.5844167470932007,0.298095703125,1.4818059206008911,1.5986301898956299
51400,0,enc,8.780192375183105,0.40593576431274414,0.10345458984375,1.1716361045837402,1.2609031200408936
51400,1,enc,5.062665939331055,0.45454663038253784,0.391357421875,1.3017693758010864,1.4101959466934204
51400,2,enc,7.042643070220947,0.618280291557312,0.30517578125,1.5647177696228027,1.871083378791809
51400,0,fcst,4.259152889251709,0.5431835055351257,0.07470703125,3.559446334838867,3.706608772277832
51400,1,fcst,7.821106910705566,0.9013767838478088,0.343505859375,3.6205191612243652,3.6856234073638916
51400,2,fcst,6.154993534088135,0.6685110330581665,0.2265625,4.973193645477295,4.873658180236816
51400,0,enc,8.803372383117676,0.4013065695762634,0.091064453125,0.851455807685852,1.014946460723877
51400,1,enc,5.047154903411865,0.4232645630836487,0.36376953125,1.3875521421432495,1.4431653022766113
51400,2,enc,7.050809383392334,0.5969860553741455,0.283935546875,1.6402627229690552,1.6803829669952393
51600,0,enc,8.896244049072266,0.40487247705459595,0.11590576171875,1.014459490776062,1.3116673231124878
51600,1,enc,5.112923622131348,0.43256518244743347,0.4501953125,1.5166140794754028,1.5096274614334106
51600,2,enc,7.229034900665283,0.7129910588264465,0.31982421875,1.6384263038635254,1.9083844423294067
51600,0,fcst,4.259037971496582,0.5960378646850586,0.072265625,3.4724247455596924,3.399385929107666
51600,1,fcst,7.7615275382995605,0.8630015254020691,0.296142578125,3.513998508453369,3.6124114990234375
51600,2,fcst,6.001787185668945,0.7900062203407288,0.2164306640625,5.88105583190918,6.073655605316162
51600,0,enc,8.910056114196777,0.39501190185546875,0.10687255859375,0.8911347389221191,1.2120850086212158
51600,1,enc,5.067080974578857,0.41495537757873535,0.373046875,1.4458527565002441,1.4316926002502441
51600,2,enc,7.116419792175293,0.525912880897522,0.257080078125,1.597615122795105,1.650959849357605
51800,0,enc,8.882914543151855,0.39626672863960266,0.1103515625,0.8913705348968506,1.2863426208496094
51800,1,enc,5.040065765380859,0.4897540509700775,0.3544921875,1.4765162467956543,1.5833956003189087
51800,2,enc,7.268993854522705,0.6907569766044617,0.32958984375,1.7027696371078491,1.9161720275878906
51800,0,fcst,4.235367298126221,0.5780922770500183,0.06634521484375,3.3674569129943848,3.3910911083221436
51800,1,fcst,8.019850730895996,0.857994019985199,0.33154296875,3.189938545227051,3.851612091064453
51800,2,fcst,6.171663284301758,0.7798885703086853,0.250732421875,5.053539276123047,5.048735618591309
51800,0,enc,8.882672309875488,0.4035134017467499,0.1004638671875,0.8437064290046692,1.0355626344680786
51800,1,enc,5.003622055053711,0.43434691429138184,0.3515625,1.335888385772705,1.3916298151016235
51800,2,enc,7.147434234619141,0.5879916548728943,0.289306640625,1.5076444149017334,1.6768255233764648
52000,0,enc,8.98114013671875,0.41610580682754517,0.10882568359375,1.0814605951309204,1.2210276126861572
52000,1,enc,5.084212779998779,0.4812055230140686,0.339111328125,1.6459424495697021,1.8068039417266846
52000,2,enc,7.3730149269104,0.960422933101654,0.3046875,1.8068039417266846,2.1632556915283203
52000,0,fcst,4.231642246246338,0.587384819984436,0.07025146484375,3.191702127456665,3.4280049800872803
52000,1,fcst,7.9424567222595215,0.9215947985649109,0.3564453125,3.3789024353027344,3.612023115158081
52000,2,fcst,6.087855815887451,0.6852244138717651,0.2230224609375,5.118419647216797,4.9293437004089355
52000,0,enc,8.989593505859375,0.41332191228866577,0.0924072265625,0.9641279578208923,1.0947154760360718
52000,1,enc,5.058668613433838,0.4517212212085724,0.365234375,1.2694621086120605,1.322077989578247
52000,2,enc,7.288811206817627,0.6316554546356201,0.272705078125,1.5098545551300049,1.7235996723175049
52200,0,enc,9.07231330871582,0.3995111882686615,0.1282958984375,0.9708364009857178,1.193825125694275
52200,1,enc,5.087865829467773,0.41446712613105774,0.336669921875,1.3855600357055664,1.466949701309204
52200,2,enc,7.473588466644287,0.797095775604248,0.265625,1.6582205295562744,2.0363004207611084
52200,0,fcst,4.303445816040039,0.6016571521759033,0.0760498046875,3.9517879486083984,4.028963565826416
52200,1,fcst,8.005301475524902,0.8289175629615784,0.330810546875,4.120360851287842,4.077670097351074
52200,2,fcst,5.970943927764893,0.7714217305183411,0.219970703125,5.045083522796631,4.848831653594971
52200,0,enc,9.06611442565918,0.40664997696876526,0.10040283203125,0.9559553265571594,1.0325543880462646
52200,1,enc,5.072572231292725,0.4167643189430237,0.3291015625,1.3808609247207642,1.4225316047668457
52200,2,enc,7.393239498138428,0.6343309879302979,0.234130859375,1.5687068700790405,1.7062232494354248
52400,0,enc,8.992506980895996,0.37387558817863464,0.12548828125,1.1153419017791748,1.367497444152832
52400,1,enc,4.977957248687744,0.3794134855270386,0.32275390625,1.4846665859222412,1.4884040355682373
52400,2,enc,7.516125679016113,0.8520545959472656,0.311767578125,1.6635479927062988,1.9292101860046387
52400,0,fcst,4.228065013885498,0.5247929096221924,0.07177734375,3.738551139831543,3.9312446117401123
52400,1,fcst,8.074443817138672,0.8908017873764038,0.32470703125,3.842378616333008,3.832062005996704
52400,2,fcst,6.107536315917969,0.7257747054100037,0.2208251953125,4.914366722106934,4.875913143157959
52400,0,enc,9.05874252319336,0.3765096962451935,0.09259033203125,0.9540292620658875,1.1335947513580322
52400,1,enc,4.9477949142456055,0.36232200264930725,0.337646484375,1.5476889610290527,1.6204005479812622
52400,2,enc,7.438830375671387,0.6842256188392639,0.254150390625,1.7230122089385986,2.0418598651885986
52600,0,enc,9.222251892089844,0.40649428963661194,0.11883544921875,1.087632179260254,1.3522543907165527
52600,1,enc,4.905864715576172,0.4139786660671234,0.373291015625,1.4339094161987305,1.4140573740005493
52600,2,enc,7.537991523742676,0.8542051911354065,0.28857421875,1.6105809211730957,1.8662924766540527
52600,0,fcst,4.255549907684326,0.5066072940826416,0.1065673828125,3.9144437313079834,3.9144437313079834
52600,1,fcst,8.111717224121094,0.9199648499488831,0.328857421875,3.499410629272461,3.5777366161346436
52600,2,fcst,6.15846586227417,0.7249304056167603,0.20458984375,5.480803489685059,5.183375835418701
52600,0,enc,9.2183256149292,0.4071236550807953,0.0916748046875,0.8583294749259949,1.10880708694458
52600,1,enc,4.929757595062256,0.4022064507007599,0.367919921875,1.2809107303619385,1.3481714725494385
52600,2,enc,7.526520252227783,0.5891467332839966,0.265625,1.40705144405365,1.77838933467865
52800,0,enc,9.235718727111816,0.38502952456474304,0.11883544921875,1.1841212511062622,1.396930456161499
52800,1,enc,4.9689555168151855,0.521740734577179,0.360107421875,1.4639694690704346,1.5826489925384521
52800,2,enc,7.607446670532227,0.9229595065116882,0.328857421875,1.6158628463745117,1.951963186264038
52800,0,fcst,4.248934745788574,0.553610622882843,0.0914306640625,3.823789119720459,3.82426381111145
52800,1,fcst,8.153364181518555,0.9654853940010071,0.279296875,3.4335079193115234,3.4707770347595215
52800,2,fcst,5.944678783416748,0.6625422239303589,0.222412109375,4.803043842315674,5.041412830352783
52800,0,enc,9.258702278137207,0.38536155223846436,0.095703125,1.0427026748657227,1.1959009170532227
52800,1,enc,4.919713497161865,0.4321526885032654,0.358642578125,1.6666802167892456,1.7740410566329956
52800,2,enc,7.54885721206665,0.6793549656867981,0.330810546875,1.9037514925003052,2.1784095764160156
53000,0,enc,9.405685424804688,0.4085167944431305,0.12347412109375,0.9914903044700623,1.7025294303894043
53000,1,enc,5.056817054748535,0.41382160782814026,0.381591796875,1.8923954963684082,1.9084256887435913
53000,2,enc,7.571490287780762,0.8601823449134827,0.42138671875,1.9559341669082642,2.145209312438965
53000,0,fcst,4.2769389152526855,0.5697023272514343,0.09185791015625,3.78287410736084,3.765693187713623
53000,1,fcst,8.102092742919922,1.000960350036621,0.3115234375,3.9045040607452393,3.892000436782837
53000,2,fcst,5.952172756195068,0.771294355392456,0.25,5.876762390136719,5.6429548263549805
53000,0,enc,9.386289596557617,0.40829533338546753,0.10302734375,0.9552303552627563,1.4909043312072754
53000,1,enc,5.059703350067139,0.4013965129852295,0.36669921875,1.7669498920440674,1.76570725440979
53000,2,enc,7.430918216705322,0.646955668926239,0.347412109375,1.8103249073028564,1.9524147510528564
53200,0,enc,9.389641761779785,0.42991572618484497,0.120849609375,1.0110950469970703,1.2013007402420044
53200,1,enc,5.055890083312988,0.4996170699596405,0.37548828125,1.296159267425537,1.4624823331832886
53200,2,enc,7.6989922523498535,0.9085164070129395,0.34912109375,1.6114013195037842,1.8510792255401611
53200,0,fcst,4.239871501922607,0.6193217039108276,0.08563232421875,3.191446304321289,3.179497241973877
53200,1,fcst,8.229622840881348,0.9704492688179016,0.356201171875,3.298994541168213,3.505373954772949
53200,2,fcst,6.049170970916748,0.6422135829925537,0.2178955078125,5.2545647621154785,5.208712100982666
53200,0,enc,9.380666732788086,0.425849050283432,0.09661865234375,1.0262267589569092,1.1667296886444092
53200,1,enc,5.005040168762207,0.48299190402030945,0.376708984375,1.551624059677124,1.4627772569656372
53200,2,enc,7.562659740447998,0.6713505983352661,0.28662109375,1.6141259670257568,1.7584130764007568
53400,0,enc,9.512786865234375,0.3951825797557831,0.11248779296875,0.9942988753318787,1.2325459718704224
53400,1,enc,5.078915119171143,0.48050734400749207,0.351318359375,1.5569959878921509,1.6204386949539185
53400,2,enc,7.70151424407959,0.8292304873466492,0.31103515625,1.5823938846588135,1.8500670194625854
53400,0,fcst,4.268891334533691,0.6285761594772339,0.07147216796875,3.441288948059082,3.421588182449341
53400,1,fcst,7.976202011108398,0.9339631199836731,0.297119140625,3.587083578109741,3.5603299140930176
53400,2,fcst,6.045339584350586,0.6537408828735352,0.217041015625,5.158231735229492,5.1126251220703125
53400,0,enc,9.526819229125977,0.3931240141391754,0.08819580078125,0.7955717444419861,1.1575974225997925
53400,1,enc,5.033048629760742,0.42382192611694336,0.3056640625,1.3145912885665894,1.3715569972991943
53400,2,enc,7.707982063293457,0.7264174222946167,0.25830078125,1.4176084995269775,1.6048206090927124
53600,0,enc,9.527420997619629,0.4056381285190582,0.13037109375,0.979836106300354,1.2012500762939453
53600,1,enc,5.142487049102783,0.4510344862937927,0.361572265625,1.3221043348312378,1.3276383876800537
53600,2,enc,7.767461776733398,0.8433201909065247,0.27197265625,1.4668298959732056,1.9759012460708618
53600,0,fcst,4.314307689666748,0.5428541898727417,0.07080078125,3.716205596923828,3.717905044555664
53600,1,fcst,8.051222801208496,0.9279871582984924,0.298583984375,3.4232542514801025,3.814600706100464
53600,2,fcst,5.999878883361816,0.7009563446044922,0.236328125,5.2662034034729,4.999469757080078
53600,0,enc,9.609436988830566,0.4115411639213562,0.08905029296875,0.9163398146629333,1.0011972188949585
53600,1,enc,5.117884159088135,0.495701402425766,0.357421875,1.4469784498214722,1.4313229322433472
53600,2,enc,7.681518077850342,0.6396409869194031,0.2919921875,1.5351899862289429,1.7627480030059814
53800,0,enc,9.722737312316895,0.41236767172813416,0.11602783203125,1.0104609727859497,1.4944294691085815
53800,1,enc,5.057480335235596,0.4527484178543091,0.351318359375,1.8173646926879883,1.8658537864685059
53800,2,enc,7.682736396789551,0.7358607649803162,0.278076171875,1.747661828994751,1.8867082595825195
53800,0,fcst,4.284190654754639,0.536644458770752,0.090576171875,3.832178831100464,3.7977278232574463
53800,1,fcst,8.022761344909668,0.8901064395904541,0.328369140625,3.337217092514038,3.45489239692688
53800,2,fcst,6.10422420501709,0.6387417912483215,0.253173828125,4.753039836883545,5.076762676239014
53800,0,enc,9.72744083404541,0.41588348150253296,0.09033203125,0.9588165283203125,1.125761866569519
53800,1,enc,5.060287952423096,0.44807538390159607,0.320556640625,1.5603774785995483,1.660078525543213
53800,2,enc,7.640096187591553,0.584440290927887,0.279541015625,1.8512523174285889,1.9821512699127197
54000,0,enc,9.787700653076172,0.412990927696228,0.1180419921875,0.9938517212867737,1.3464585542678833
54000,1,enc,5.112607955932617,0.4181128144264221,0.3623046875,1.3719877004623413,1.3876351118087769
54000,2,enc,7.565758228302002,0.815871000289917,0.31884765625,1.6129363775253296,1.7822333574295044
54000,0,fcst,4.328426837921143,0.5849786996841431,0.0811767578125,3.691973924636841,3.5932326316833496
54000,1,fcst,8.106876373291016,0.9297426342964172,0.336669921875,3.472543239593506,3.472543239593506
54000,2,fcst,5.894328594207764,0.6535019278526306,0.2122802734375,4.698325157165527,4.9973464012146
54000,0,enc,9.783620834350586,0.4101908504962921,0.10321044921875,0.8213824033737183,1.0387272834777832
54000,1,enc,5.05972957611084,0.360824853181839,0.33544921875,1.2607766389846802,1.2307837009429932
54000,2,enc,7.557079315185547,0.6536909341812134,0.331298828125,1.388871192932129,1.5905485153198242
54200,0,enc,9.873147010803223,0.3920920491218567,0.11248779296875,1.0314044952392578,1.4909422397613525
54200,1,enc,5.133078575134277,0.39916515350341797,0.33984375,1.9627881050109863,1.9576044082641602
54200,2,enc,7.4830546379089355,0.8006316423416138,0.309814453125,1.9576044082641602,2.0525856018066406
54200,0,fcst,4.316585540771484,0.5524460673332214,0.0972900390625,3.4295904636383057,3.4178667068481445
54200,1,fcst,8.016955375671387,0.9304554462432861,0.303955078125,3.4178667068481445,3.525017261505127
54200,2,fcst,6.085019588470459,0.68449467420578,0.2220458984375,5.466381549835205,5.052035331726074
54200,0,enc,9.862067222595215,0.39062848687171936,0.087890625,0.8979738354682922,1.3118313550949097
54200,1,enc,5.070522785186768,0.4200117588043213,0.321533203125,1.4140002727508545,1.4538562297821045
54200,2,enc,7.529275894165039,0.6169999837875366,0.283447265625,1.5463744401931763,1.5661875009536743
54400,0,enc,9.827704429626465,0.3735074996948242,0.10858154296875,0.9089565873146057,1.1966909170150757
54400,1,enc,5.014681816101074,0.4905574917793274,0.3515625,1.4733020067214966,1.4966639280319214
54400,2,enc,7.617927551269531,0.709208071231842,0.30078125,1.575896143913269,2.447139263153076
54400,0,fcst,4.372115612030029,0.5508382320404053,0.07049560546875,3.734002113342285,3.7580432891845703
54400,1,fcst,7.987117767333984,0.9384241104125977,0.3232421875,3.541003465652466,3.534832239151001
54400,2,fcst,6.099405288696289,0.6414754986763,0.2264404296875,4.80303430557251,4.790067672729492
54400,0,enc,9.834999084472656,0.36760807037353516,0.0858154296875,0.8931745886802673,1.197182536125183
54400,1,enc,5.019771099090576,0.41702327132225037,0.34228515625,1.415268063545227,1.3713680505752563
54400,2,enc,7.438313007354736,0.6129326224327087,0.307861328125,1.4873324632644653,1.6513456106185913
54600,0,enc,9.934737205505371,0.3696512281894684,0.1383056640625,0.8924176096916199,1.2565401792526245
54600,1,enc,5.132044315338135,0.39675286412239075,0.42138671875,1.3330020904541016,1.4698024988174438
54600,2,enc,7.761990070343018,0.7399190068244934,0.28173828125,1.793394684791565,2.0323855876922607
54600,0,fcst,4.382503986358643,0.5668678283691406,0.07666015625,3.358610153198242,3.262377977371216
54600,1,fcst,7.9419779777526855,0.9144154787063599,0.297119140625,3.5544660091400146,3.676943302154541
54600,2,fcst,6.010986804962158,0.7345384955406189,0.2060546875,4.804161071777344,4.9689178466796875
54600,0,enc,9.938888549804688,0.37260645627975464,0.0858154296875,0.8100749850273132,1.101471185684204
54600,1,enc,5.107057571411133,0.40373435616493225,0.361083984375,1.3789253234863281,1.474916696548462
54600,2,enc,7.651850700378418,0.558176577091217,0.2939453125,1.6545183658599854,1.7042148113250732
54800,0,enc,10.021629333496094,0.4057506322860718,0.113037109375,0.8781646490097046,1.2616130113601685
54800,1,enc,5.057065963745117,0.44865182042121887,0.32763671875,1.486264944076538,1.5028716325759888
54800,2,enc,7.713100910186768,0.6898045539855957,0.314208984375,1.6360291242599487,2.2894809246063232
54800,0,fcst,4.386356830596924,0.616544783115387,0.07476806640625,3.6990456581115723,3.6958179473876953
54800,1,fcst,8.02743148803711,0.9391705989837646,0.2998046875,3.4854042530059814,3.4854042530059814
54800,2,fcst,6.040670871734619,0.6501384973526001,0.2137451171875,5.303606986999512,4.899993896484375
54800,0,enc,10.023577690124512,0.4000440537929535,0.09136962890625,0.8049156069755554,1.0105955600738525
54800,1,enc,4.977337837219238,0.43317410349845886,0.32861328125,1.2031095027923584,1.4041593074798584
54800,2,enc,7.637242317199707,0.6060822010040283,0.2900390625,1.4959107637405396,1.5798412561416626
55000,0,enc,10.083274841308594,0.36918702721595764,0.11785888671875,0.9651833176612854,1.2033560276031494
55000,1,enc,5.13120174407959,0.41572022438049316,0.326416015625,1.4859259128570557,1.49026620388031
55000,2,enc,7.73194694519043,0.8206587433815002,0.274169921875,1.5772991180419922,1.9646270275115967
55000,0,fcst,4.3397979736328125,0.5937021970748901,0.07501220703125,3.564108371734619,3.611067295074463
55000,1,fcst,8.116350173950195,0.948257327079773,0.271240234375,3.3853821754455566,3.6653952598571777
55000,2,fcst,6.119060039520264,0.7505885362625122,0.2261962890625,6.061435222625732,5.116172790527344
55000,0,enc,10.103851318359375,0.3680312931537628,0.09576416015625,0.8095188140869141,1.0954203605651855
55000,1,enc,5.0950164794921875,0.413158655166626,0.279541015625,1.2675367593765259,1.2996717691421509
55000,2,enc,7.586967468261719,0.6678685545921326,0.262451171875,1.4327009916305542,1.6464920043945312
55200,0,enc,10.249473571777344,0.3753632605075836,0.11358642578125,0.8641290664672852,1.2409415245056152
55200,1,enc,5.117101192474365,0.41307687759399414,0.301025390625,1.2914100885391235,1.284592866897583
55200,2,enc,7.819843292236328,0.8202915787696838,0.23388671875,1.520498275756836,2.0016980171203613
55200,0,fcst,4.311548233032227,0.6091262698173523,0.07696533203125,3.4294934272766113,3.4906845092773438
55200,1,fcst,8.226814270019531,0.9436289668083191,0.30126953125,3.8539469242095947,3.811866521835327
55200,2,fcst,6.178381443023682,0.7423780560493469,0.2308349609375,4.756756782531738,4.612505912780762
55200,0,enc,10.23479175567627,0.3673388659954071,0.09881591796875,0.8978720903396606,1.1484036445617676
55200,1,enc,5.068100929260254,0.39393725991249084,0.288330078125,1.1999276876449585,1.2388578653335571
55200,2,enc,7.704780101776123,0.6870851516723633,0.2333984375,1.3592841625213623,1.7915620803833008
55400,0,enc,10.464568138122559,0.36501631140708923,0.10986328125,0.8775941133499146,1.3603945970535278
55400,1,enc,5.274653434753418,0.47590765357017517,0.36181640625,1.4545665979385376,1.258710265159607
55400,2,enc,7.704866409301758,0.7381585836410522,0.2607421875,1.446578025817871,1.7256842851638794
55400,0,fcst,4.268397331237793,0.5613709688186646,0.07568359375,3.280670166015625,3.1903772354125977
55400,1,fcst,8.361074447631836,0.9084426164627075,0.27880859375,3.2396488189697266,3.4046006202697754
55400,2,fcst,6.139082908630371,0.759149968624115,0.22900390625,5.966003894805908,5.162912845611572
55400,0,enc,10.472981452941895,0.36196690797805786,0.09771728515625,0.7733848690986633,1.2757998704910278
55400,1,enc,5.214387893676758,0.42905789613723755,0.404541015625,1.3908162117004395,1.2808831930160522
55400,2,enc,7.480194091796875,0.574070155620575,0.2301025390625,1.418531060218811,1.5172110795974731
55600,0,enc,10.47838306427002,0.3556307852268219,0.10888671875,0.9657160639762878,1.2163219451904297
55600,1,enc,5.2328104972839355,0.41878360509872437,0.387451171875,1.3590514659881592,1.5164625644683838
55600,2,enc,7.599746227264404,0.8469898104667664,0.2484130859375,1.7369561195373535,2.495887279510498
55600,0,fcst,4.335488319396973,0.6397684216499329,0.0750732421875,4.038130283355713,3.9059553146362305
55600,1,fcst,8.288847923278809,0.922283411026001,0.3173828125,3.3734753131866455,3.8574023246765137
55600,2,fcst,6.326927661895752,0.6997917890548706,0.23583984375,5.188316822052002,5.532283782958984
55600,0,enc,10.454174041748047,0.3610838055610657,0.0987548828125,0.9537336230278015,1.082818865776062
55600,1,enc,5.152742385864258,0.3876258432865143,0.38671875,1.3474620580673218,1.3820995092391968
55600,2,enc,7.458092212677002,0.6681129336357117,0.2388916015625,1.475738286972046,1.820067048072815
55800,0,enc,10.53611946105957,0.4088311195373535,0.1044921875,0.8685230612754822,1.132407307624817
55800,1,enc,5.211510181427002,0.41519442200660706,0.3359375,1.2305819988250732,1.3430463075637817
55800,2,enc,7.5656914710998535,0.7252655029296875,0.263916015625,1.5093621015548706,1.809215784072876
55800,0,fcst,4.3419036865234375,0.560501754283905,0.078857421875,3.238182544708252,3.2592551708221436
55800,1,fcst,8.254850387573242,0.8606761693954468,0.30615234375,3.1606929302215576,3.4841277599334717
55800,2,fcst,6.258086681365967,0.7202563285827637,0.227783203125,5.684397220611572,4.833353519439697
55800,0,enc,10.558370590209961,0.40660610795021057,0.09521484375,0.8111612200737,0.9472370147705078
55800,1,enc,5.153986930847168,0.4358559846878052,0.372802734375,1.2344825267791748,1.1826667785644531
55800,2,enc,7.435815811157227,0.5188084244728088,0.232666015625,1.3958196640014648,1.6843724250793457
56000,0,enc,10.389168739318848,0.375805526971817,0.1087646484375,0.9413007497787476,1.250793218612671
56000,1,enc,5.162410259246826,0.4432336986064911,0.38720703125,1.389772653579712,1.4311070442199707
56000,2,enc,7.567612171173096,0.7363766431808472,0.27197265625,1.6731791496276855,1.9329850673675537
56000,0,fcst,4.3335490226745605,0.5914798378944397,0.07696533203125,3.2395076751708984,3.1596193313598633
56000,1,fcst,8.177833557128906,0.8440561294555664,0.333251953125,3.0975966453552246,3.666719436645508
56000,2,fcst,6.262044906616211,0.6951164603233337,0.21142578125,5.563604354858398,5.0276570320129395
56000,0,enc,10.428433418273926,0.36992231011390686,0.098388671875,0.9191766381263733,1.1570723056793213
56000,1,enc,5.148852348327637,0.428715318441391,0.328125,1.4426392316818237,1.450459361076355
56000,2,enc,7.503588676452637,0.6263670325279236,0.270263671875,1.6635618209838867,1.6406210660934448
56200,0,enc,10.600577354431152,0.35701626539230347,0.11322021484375,0.8026795387268066,1.306541919708252
56200,1,enc,5.1671648025512695,0.43176573514938354,0.411865234375,1.2514386177062988,1.2533141374588013
56200,2,enc,7.699107646942139,0.8154937028884888,0.282958984375,1.547149419784546,1.94039785861969
56200,0,fcst,4.345846652984619,0.6288261413574219,0.0859375,3.6578516960144043,3.634336233139038
56200,1,fcst,8.43261432647705,0.8974243402481079,0.2890625,3.417673110961914,3.3635644912719727
56200,2,fcst,6.10268497467041,0.7480777502059937,0.205078125,4.897021293640137,4.942942142486572
56200,0,enc,10.593343734741211,0.35473567247390747,0.091796875,0.7766299843788147,1.0443289279937744
56200,1,enc,5.129855155944824,0.4245552122592926,0.39453125,1.187408685684204,1.269928216934204
56200,2,enc,7.452866077423096,0.6110788583755493,0.249267578125,1.4406778812408447,1.7400208711624146
56400,0,enc,10.567585945129395,0.34389108419418335,0.10089111328125,0.9173079133033752,1.1229268312454224
56400,1,enc,5.1676554679870605,0.4540441930294037,0.35400390625,1.3548029661178589,1.3277580738067627
56400,2,enc,7.718282222747803,0.9213413000106812,0.2529296875,1.6285924911499023,1.8414453268051147
56400,0,fcst,4.3692450523376465,0.6266803741455078,0.07281494140625,3.358647108078003,3.397888422012329
56400,1,fcst,8.461304664611816,0.9532697796821594,0.333251953125,3.3307623863220215,3.414782762527466
56400,2,fcst,6.210467338562012,0.7180603742599487,0.220703125,4.786397933959961,4.98989725112915
56400,0,enc,10.57686710357666,0.33777666091918945,0.091064453125,0.894643247127533,0.9809038639068604
56400,1,enc,5.152781009674072,0.4413818418979645,0.3466796875,1.39646577835083,1.438061237335205
56400,2,enc,7.554379940032959,0.7186426520347595,0.2275390625,1.6888484954833984,1.639464259147644
56600,0,enc,10.574853897094727,0.356296181678772,0.09869384765625,1.0114723443984985,1.1284971237182617
56600,1,enc,5.1880202293396,0.4630723297595978,0.359619140625,1.3733795881271362,1.3763898611068726
56600,2,enc,7.678847312927246,0.882266640663147,0.249755859375,1.5125044584274292,1.7800995111465454
56600,0,fcst,4.3469648361206055,0.667115330696106,0.08575439453125,3.401808738708496,3.4490432739257812
56600,1,fcst,8.387712478637695,0.9479644298553467,0.322509765625,3.4490432739257812,3.5500903129577637
56600,2,fcst,6.12665319442749,0.7487565279006958,0.21484375,4.603368759155273,4.8032002449035645
56600,0,enc,10.598067283630371,0.35975760221481323,0.08294677734375,0.9856060147285461,1.0587871074676514
56600,1,enc,5.136757850646973,0.43052351474761963,0.369140625,1.2705163955688477,1.164064645767212
56600,2,enc,7.513845443725586,0.6806096434593201,0.23876953125,1.3181496858596802,1.5456440448760986
56800,0,enc,10.566084861755371,0.39577585458755493,0.10223388671875,0.9835593700408936,1.2349454164505005
56800,1,enc,5.129698753356934,0.39434337615966797,0.433349609375,1.2554481029510498,1.3046830892562866
56800,2,enc,7.562994003295898,0.7633687257766724,0.272705078125,1.6003966331481934,1.7527666091918945
56800,0,fcst,4.347175121307373,0.6105339527130127,0.0848388671875,3.4073288440704346,3.486471176147461
56800,1,fcst,8.38442325592041,0.9301114678382874,0.327880859375,3.402296781539917,3.6089649200439453
56800,2,fcst,6.2894978523254395,0.7047509551048279,0.2318115234375,4.881566524505615,5.534667491912842
56800,0,enc,10.581762313842773,0.3964070975780487,0.0877685546875,0.8927668929100037,1.0063159465789795
56800,1,enc,5.0446319580078125,0.3876711428165436,0.388916015625,1.2543845176696777,1.3392233848571777
56800,2,enc,7.361478805541992,0.6704280972480774,0.25048828125,1.3884376287460327,1.6323938369750977
57000,0,enc,10.403972625732422,0.4026332497596741,0.09710693359375,1.057388424873352,1.2734687328338623
57000,1,enc,5.234515190124512,0.3857892155647278,0.448974609375,1.3922065496444702,1.384081244468689
57000,2,enc,7.5936279296875,0.7661793828010559,0.258056640625,1.6491564512252808,1.8600184917449951
57000,0,fcst,4.437173366546631,0.651149332523346,0.08306884765625,3.430741786956787,3.5061068534851074
57000,1,fcst,8.324762344360352,0.897640585899353,0.290283203125,3.5061068534851074,3.5798916816711426
57000,2,fcst,6.2651896476745605,0.7425693869590759,0.2003173828125,4.879160404205322,4.879160404205322
57000,0,enc,10.418281555175781,0.40308910608291626,0.09039306640625,1.0057655572891235,1.1181612014770508
57000,1,enc,5.225673198699951,0.40291908383369446,0.360595703125,1.5377304553985596,1.5909225940704346
57000,2,enc,7.523811340332031,0.590782105922699,0.1971435546875,1.7886598110198975,1.6926220655441284
57200,0,enc,10.221890449523926,0.36537787318229675,0.10833740234375,0.884229302406311,1.1660467386245728
57200,1,enc,5.134037494659424,0.43173882365226746,0.494873046875,1.1989009380340576,1.2443944215774536
57200,2,enc,7.51589298248291,0.8007343411445618,0.264404296875,1.5473780632019043,1.8455110788345337
57200,0,fcst,4.388936519622803,0.6226301789283752,0.07952880859375,3.2855746746063232,3.224675178527832
57200,1,fcst,8.473260879516602,0.8677993416786194,0.322265625,3.2263665199279785,3.3677830696105957
57200,2,fcst,6.259914398193359,0.7753861546516418,0.215576171875,5.223917007446289,4.744659423828125
57200,0,enc,10.191287994384766,0.3641451299190521,0.08978271484375,0.7783934473991394,0.9189714789390564
57200,1,enc,5.1287431716918945,0.40356335043907166,0.387939453125,1.227312684059143,1.2480378150939941
57200,2,enc,7.369805335998535,0.5419855713844299,0.2000732421875,1.4960404634475708,1.7343136072158813
57400,0,enc,10.212751388549805,0.3728160560131073,0.1229248046875,0.8863279223442078,1.1837491989135742
57400,1,enc,5.144131183624268,0.4589960277080536,0.443359375,1.4456223249435425,1.49655282497406
57400,2,enc,7.542130470275879,0.9765323400497437,0.241943359375,1.620446801185608,1.6394544839859009
57400,0,fcst,4.377673625946045,0.5443422198295593,0.08349609375,3.248389720916748,3.398059844970703
57400,1,fcst,8.137514114379883,0.8824230432510376,0.337890625,3.1643733978271484,3.436312437057495
57400,2,fcst,6.295677661895752,0.7156453728675842,0.2056884765625,4.7594099044799805,4.966612815856934
57400,0,enc,10.188684463500977,0.3712652325630188,0.0810546875,0.9043058753013611,1.0713000297546387
57400,1,enc,5.026656150817871,0.4477119445800781,0.382080078125,1.2736681699752808,1.3255785703659058
57400,2,enc,7.363493919372559,0.7043806910514832,0.2056884765625,1.4363505840301514,1.4876610040664673
57600,0,enc,10.197370529174805,0.4451482594013214,0.11865234375,0.8070480823516846,1.2156920433044434
57600,1,enc,5.267056941986084,0.4516347348690033,0.41259765625,1.2429611682891846,1.2843788862228394
57600,2,enc,7.543622016906738,0.8603779077529907,0.229248046875,1.6904196739196777,1.9701316356658936
57600,0,fcst,4.365877151489258,0.5632616281509399,0.0782470703125,3.2281529903411865,3.1654562950134277
57600,1,fcst,8.345664978027344,0.940393328666687,0.333984375,3.1175050735473633,3.5694961547851562
57600,2,fcst,6.476259231567383,0.7511022090911865,0.24609375,4.926300525665283,4.632338523864746
57600,0,enc,10.183378219604492,0.44215258955955505,0.0772705078125,0.8124092221260071,0.9282456040382385
57600,1,enc,5.240349769592285,0.404403418302536,0.41845703125,1.2135207653045654,1.2955520153045654
57600,2,enc,7.445803165435791,0.6923935413360596,0.18115234375,1.389530897140503,1.667008399963379
57800,0,enc,10.091283798217773,0.41662654280662537,0.11590576171875,0.8679302334785461,1.1795518398284912
57800,1,enc,5.257864952087402,0.41978177428245544,0.47216796875,1.5927937030792236,1.6907212734222412
57800,2,enc,7.756040096282959,0.8328941464424133,0.243408203125,1.6982518434524536,1.8632842302322388
57800,0,fcst,4.345715522766113,0.6966536045074463,0.07415771484375,3.757220983505249,3.757220983505249
57800,1,fcst,8.368358612060547,0.923228919506073,0.318603515625,3.4563562870025635,3.4464666843414307
57800,2,fcst,6.571365833282471,0.7936915159225464,0.2080078125,4.951021671295166,4.75191593170166
57800,0,enc,10.137214660644531,0.422951877117157,0.07452392578125,0.848846971988678,1.0125436782836914
57800,1,enc,5.193319320678711,0.45095065236091614,0.479736328125,1.3214738368988037,1.4054582118988037
57800,2,enc,7.560875415802002,0.5825109481811523,0.2100830078125,1.3979419469833374,1.9882208108901978
58000,0,enc,10.161046981811523,0.41561058163642883,0.10333251953125,0.921786367893219,1.0853911638259888
58000,1,enc,5.25116491317749,0.41406455636024475,0.44189453125,1.3901780843734741,1.461599349975586
58000,2,enc,7.577301025390625,0.8378307223320007,0.29052734375,1.717811107635498,2.2255773544311523
58000,0,fcst,4.341038227081299,0.6957353353500366,0.06817626953125,3.7769689559936523,3.7510290145874023
58000,1,fcst,8.385146141052246,0.9891077876091003,0.322998046875,3.624830961227417,3.6549713611602783
58000,2,fcst,6.514437198638916,0.6815774440765381,0.2247314453125,4.6311354637146,4.6311354637146
58000,0,enc,10.208464622497559,0.4083617627620697,0.07635498046875,0.7949314117431641,0.9759764671325684
58000,1,enc,5.221758842468262,0.39642471075057983,0.427978515625,1.277637243270874,1.351855993270874
58000,2,enc,7.4379658699035645,0.6200582385063171,0.1964111328125,1.4007558822631836,1.741213083267212
58200,0,enc,10.160652160644531,0.40519148111343384,0.102783203125,0.9652181267738342,1.3623862266540527
58200,1,enc,5.255112171173096,0.4665205776691437,0.421875,1.5793685913085938,1.6793923377990723
58200,2,enc,7.630265235900879,0.8110812902450562,0.2481689453125,1.794875979423523,2.001457929611206
58200,0,fcst,4.313704490661621,0.6310037970542908,0.07916259765625,2.970059394836426,2.970059394836426
58200,1,fcst,8.385359764099121,0.9009829759597778,0.284423828125,3.0632176399230957,3.5399699211120605
58200,2,fcst,6.505632400512695,0.7446604371070862,0.2386474609375,5.907711505889893,5.217162132263184
58200,0,enc,10.146397590637207,0.40340179204940796,0.07537841796875,1.0002695322036743,1.1690740585327148
58200,1,enc,5.2349042892456055,0.4512558877468109,0.41357421875,1.5770072937011719,1.6507377624511719
58200,2,enc,7.488226413726807,0.5840796828269958,0.18701171875,1.776005744934082,1.630617380142212
58400,0,enc,10.195985794067383,0.3802589774131775,0.10125732421875,0.9273974895477295,1.068597435951233
58400,1,enc,5.259087562561035,0.46402493119239807,0.498046875,1.3044365644454956,1.4416286945343018
58400,2,enc,7.528858184814453,0.8738657832145691,0.253662109375,1.6321855783462524,2.017963171005249
58400,0,fcst,4.311821937561035,0.6571550965309143,0.08489990234375,3.403669834136963,3.403669834136963
58400,1,fcst,8.433101654052734,0.929574191570282,0.32958984375,3.3427038192749023,3.4620814323425293
58400,2,fcst,6.496694564819336,0.7540531158447266,0.2066650390625,4.801035404205322,4.895162105560303
58400,0,enc,10.18689250946045,0.3833273947238922,0.08013916015625,0.7959826588630676,0.917090117931366
58400,1,enc,5.227575302124023,0.4414033591747284,0.440185546875,1.3285908699035645,1.4907002449035645
58400,2,enc,7.337243556976318,0.6886036992073059,0.234130859375,1.5145963430404663,1.7258942127227783
58600,0,enc,10.35351848602295,0.3959764242172241,0.11187744140625,0.9271546006202698,1.015384316444397
58600,1,enc,5.338287353515625,0.4071040153503418,0.52734375,1.2957712411880493,1.4464119672775269
58600,2,enc,7.475129127502441,0.8220764994621277,0.2919921875,1.6662611961364746,1.8382072448730469
58600,0,fcst,4.313028335571289,0.6620433926582336,0.080322265625,3.267637252807617,3.3345797061920166
58600,1,fcst,8.287932395935059,0.9800371527671814,0.2763671875,3.5408926010131836,3.58402419090271
58600,2,fcst,6.393528938293457,0.6607150435447693,0.234130859375,5.077162265777588,4.632279872894287
58600,0,enc,10.332571983337402,0.3981291651725769,0.07586669921875,0.7691874504089355,0.9194310903549194
58600,1,enc,5.312092304229736,0.3887966275215149,0.4326171875,1.2218520641326904,1.3580825328826904
58600,2,enc,7.322703838348389,0.6749348044395447,0.2264404296875,1.4441578388214111,1.6119142770767212
58800,0,enc,10.507171630859375,0.3481772243976593,0.11444091796875,0.8446935415267944,1.314974069595337
58800,1,enc,5.383677959442139,0.43515706062316895,0.5517578125,1.4792346954345703,1.5700414180755615
58800,2,enc,7.527329444885254,0.8700076341629028,0.23681640625,1.6753802299499512,1.8538436889648438
58800,0,fcst,4.39225435256958,0.7266556620597839,0.07843017578125,3.2647557258605957,3.3527140617370605
58800,1,fcst,8.342565536499023,1.0257731676101685,0.351806640625,3.2567272186279297,3.320827007293701
58800,2,fcst,6.647216796875,0.7307742834091187,0.2279052734375,4.4827375411987305,4.560998439788818
58800,0,enc,10.53902530670166,0.3469574749469757,0.09027099609375,0.8529469966888428,0.9514129161834717
58800,1,enc,5.362923622131348,0.4039425253868103,0.425048828125,1.341077446937561,1.425733208656311
58800,2,enc,7.29704475402832,0.6168925166130066,0.1910400390625,1.4740227460861206,1.6638420820236206
59000,0,enc,10.45740795135498,0.3679231107234955,0.14013671875,1.0573307275772095,1.1559725999832153
59000,1,enc,5.421238899230957,0.5722212791442871,0.4384765625,1.5616484880447388,1.67259681224823
59000,2,enc,7.528763771057129,0.7742224931716919,0.252197265625,1.6745177507400513,1.8525516986846924
59000,0,fcst,4.340236186981201,0.6521419882774353,0.06634521484375,3.0111427307128906,3.1040518283843994
59000,1,fcst,8.150309562683105,0.9139589071273804,0.28076171875,3.16483998298645,3.56158447265625
59000,2,fcst,6.5168890953063965,0.7527108192443848,0.19140625,4.79083251953125,4.947896480560303
59000,0,enc,10.45456314086914,0.3678186535835266,0.08935546875,0.8152364492416382,1.031162977218628
59000,1,enc,5.456822395324707,0.4785086512565613,0.378173828125,1.471381664276123,1.606635570526123
59000,2,enc,7.362576961517334,0.5876238346099854,0.204833984375,1.602786898612976,1.7000234127044678
59200,0,enc,10.408459663391113,0.37641072273254395,0.111083984375,0.9535995721817017,1.2189321517944336
59200,1,enc,5.4754638671875,0.4658682644367218,0.51123046875,1.5980560779571533,1.7591888904571533
59200,2,enc,7.53327751159668,0.7835737466812134,0.24365234375,1.7433996200561523,1.7570631504058838
59200,0,fcst,4.370551109313965,0.6382111310958862,0.0831298828125,3.202944755554199,3.2762112617492676
59200,1,fcst,8.23266315460205,0.9248142242431641,0.30810546875,3.3021738529205322,3.455289363861084
59200,2,fcst,6.45655632019043,0.7422025203704834,0.2108154296875,5.639378547668457,5.281552314758301
59200,0,enc,10.395466804504395,0.37984222173690796,0.0841064453125,0.8406850099563599,1.2118403911590576
59200,1,enc,5.45091438293457,0.40831178426742554,0.42041015625,1.5677266120910645,1.7001729011535645
59200,2,enc,7.518896579742432,0.7049056887626648,0.210205078125,1.692569375038147,1.5441527366638184
59400,0,enc,10.387853622436523,0.3635701537132263,0.1033935546875,0.8724256753921509,1.4676127433776855
59400,1,enc,5.457752227783203,0.4372321367263794,0.442138671875,1.7457882165908813,1.8404605388641357
59400,2,enc,7.4697113037109375,0.7813360691070557,0.27587890625,1.8444921970367432,1.8977776765823364
59400,0,fcst,4.445590496063232,0.6140428781509399,0.09674072265625,3.5610008239746094,3.5610008239746094
59400,1,fcst,8.301142692565918,0.9644906520843506,0.279296875,3.4022741317749023,3.7102599143981934
59400,2,fcst,6.479140281677246,0.6674896478652954,0.190673828125,4.625128746032715,4.681450843811035
59400,0,enc,10.370513916015625,0.3696654736995697,0.08258056640625,0.7838448286056519,1.2296767234802246
59400,1,enc,5.454637050628662,0.4386686086654663,0.40673828125,1.5694911479949951,1.6458461284637451
59400,2,enc,7.401378154754639,0.6493591666221619,0.26513671875,1.6359366178512573,1.8962535858154297
59600,0,enc,10.417459487915039,0.380759596824646,0.1009521484375,0.9263048768043518,1.2059444189071655
59600,1,enc,5.39227819442749,0.4681999683380127,0.461181640625,1.6515896320343018,1.6515896320343018
59600,2,enc,7.396426677703857,0.7773416638374329,0.2509765625,1.6737172603607178,1.691155195236206
59600,0,fcst,4.390758991241455,0.6441883444786072,0.079833984375,2.9905753135681152,3.0266199111938477
59600,1,fcst,8.143678665161133,0.9019337892532349,0.31103515625,3.193605661392212,3.468337059020996
59600,2,fcst,6.456936359405518,0.7601551413536072,0.208740234375,4.873970985412598,4.84699010848999
59600,0,enc,10.402275085449219,0.38229331374168396,0.07525634765625,0.9363011121749878,1.140103816986084
59600,1,enc,5.424525260925293,0.44528254866600037,0.3662109375,1.5370004177093506,1.6527230739593506
59600,2,enc,7.368865013122559,0.5779032111167908,0.2030029296875,1.6704366207122803,1.5623281002044678
59800,0,enc,10.486674308776855,0.37375640869140625,0.09808349609375,0.8935246467590332,1.1758372783660889
59800,1,enc,5.419963359832764,0.4697502851486206,0.50244140625,1.644461750984192,1.7684987783432007
59800,2,enc,7.435896396636963,0.8122931122779846,0.271240234375,1.7684987783432007,1.9513137340545654
59800,0,fcst,4.40258264541626,0.6430686116218567,0.07598876953125,3.549631118774414,3.482424736022949
59800,1,fcst,8.274866104125977,0.895780086517334,0.2734375,3.347503900527954,3.406200408935547
59800,2,fcst,6.461674213409424,0.7808012366294861,0.20166015625,4.513830661773682,4.472645282745361
59800,0,enc,10.446741104125977,0.3670766055583954,0.066162109375,0.8531432747840881,0.9109435677528381
59800,1,enc,5.379019260406494,0.438733845949173,0.435791015625,1.2913939952850342,1.3489454984664917
59800,2,enc,7.380415439605713,0.5581546425819397,0.1953125,1.3897477388381958,1.5951018333435059
60000,0,enc,10.572336196899414,0.37391653656959534,0.1385498046875,0.9655492305755615,1.1601219177246094
60000,1,enc,5.39576530456543,0.4531722664833069,0.4423828125,1.465531826019287,1.465531826019287
60000,2,enc,7.4393205642700195,0.8056172132492065,0.297607421875,1.4812449216842651,2.633929967880249
60000,0,fcst,4.420049667358398,0.6116117835044861,0.0758056640625,4.048748016357422,4.0454864501953125
60000,1,fcst,8.253925323486328,0.9368966817855835,0.28857421875,3.876498222351074,3.856492280960083
60000,2,fcst,6.524507999420166,0.7133892774581909,0.2230224609375,5.059417724609375,4.797889709472656
60000,0,enc,10.55771541595459,0.36534833908081055,0.06707763671875,0.8727346062660217,1.1495897769927979
60000,1,enc,5.386880874633789,0.42002594470977783,0.397216796875,1.533862829208374,1.598132848739624
60000,2,enc,7.359292984008789,0.5216870903968811,0.186767578125,1.5826536417007446,1.7073092460632324
60200,0,enc,10.63931655883789,0.40026289224624634,0.103515625,0.9275783896446228,1.694977879524231
60200,1,enc,5.448246955871582,0.4597870409488678,0.515625,1.9020235538482666,1.9996132850646973
60200,2,enc,7.545105934143066,0.7479333281517029,0.2841796875,2.0058534145355225,1.9762749671936035
60200,0,fcst,4.424929618835449,0.6903449296951294,0.0841064453125,3.1877498626708984,3.2164461612701416
60200,1,fcst,8.213129997253418,0.8888511061668396,0.296142578125,3.2164461612701416,3.796464681625366
60200,2,fcst,6.496028423309326,0.7387491464614868,0.2144775390625,5.061406135559082,4.755402565002441
60200,0,enc,10.599767684936523,0.3946945071220398,0.08319091796875,0.8389636874198914,1.6839382648468018
60200,1,enc,5.400676250457764,0.4374333322048187,0.43115234375,1.9597550630569458,2.0577774047851562
60200,2,enc,7.463271617889404,0.6320629715919495,0.224365234375,2.0733470916748047,1.5174599885940552
60400,0,enc,10.674332618713379,0.4222758114337921,0.09649658203125,0.8494958877563477,1.123032569885254
60400,1,enc,5.42337703704834,0.4360974133014679,0.473876953125,1.5146007537841797,1.4718422889709473
60400,2,enc,7.4311981201171875,0.803210973739624,0.26806640625,1.4674626588821411,1.9280760288238525
60400,0,fcst,4.433094024658203,0.598652184009552,0.0712890625,3.4936537742614746,3.4930357933044434
60400,1,fcst,8.233869552612305,0.831574559211731,0.270263671875,3.578197717666626,3.661534070968628
60400,2,fcst,6.3715009689331055,0.7423750758171082,0.2431640625,5.024835586547852,4.907777786254883
60400,0,enc,10.65178108215332,0.4222603142261505,0.077880859375,0.8143933415412903,1.018738865852356
60400,1,enc,5.407235145568848,0.43096911907196045,0.467041015625,1.387518286705017,1.428076148033142
60400,2,enc,7.395055770874023,0.5631564855575562,0.1978759765625,1.4977716207504272,1.6762384176254272
60600,0,enc,10.732011795043945,0.44433435797691345,0.08831787109375,0.9161129593849182,1.699476718902588
60600,1,enc,5.3636860847473145,0.4591405391693115,0.46044921875,1.9760651588439941,2.1172597408294678
60600,2,enc,7.363900661468506,0.7378307580947876,0.321044921875,2.1172597408294678,2.1214165687561035
60600,0,fcst,4.364584445953369,0.603060245513916,0.078369140625,3.626896619796753,3.5622670650482178
60600,1,fcst,8.130350112915039,0.9143053293228149,0.2763671875,3.352600336074829,3.6478357315063477
60600,2,fcst,6.638235569000244,0.8083012104034424,0.2086181640625,5.228543281555176,5.3447723388671875
60600,0,enc,10.736331939697266,0.4445512890815735,0.06085205078125,0.8485544323921204,1.3326574563980103
60600,1,enc,5.319729804992676,0.4166102707386017,0.421630859375,1.5880341529846191,1.7324433326721191
60600,2,enc,7.220019340515137,0.5263466835021973,0.2353515625,1.763062834739685,1.724108338356018
60800,0,enc,10.747475624084473,0.42026659846305847,0.09906005859375,0.9128890633583069,1.2349522113800049
60800,1,enc,5.410768508911133,0.4644779562950134,0.411376953125,1.4806230068206787,1.5719722509384155
60800,2,enc,7.370558261871338,0.8678922057151794,0.3017578125,1.6156867742538452,1.6966283321380615
60800,0,fcst,4.384113788604736,0.681632399559021,0.07623291015625,3.0079288482666016,2.992515802383423
60800,1,fcst,8.244050979614258,0.9199183583259583,0.269775390625,3.128464937210083,3.5192108154296875
60800,2,fcst,6.503526210784912,0.7084282040596008,0.2059326171875,4.951946258544922,4.785644054412842
60800,0,enc,10.752581596374512,0.42385414242744446,0.061309814453125,0.7809038758277893,1.3859013319015503
60800,1,enc,5.318995475769043,0.4305163025856018,0.380859375,1.5686817169189453,1.6786670684814453
60800,2,enc,7.277099132537842,0.7325266599655151,0.1964111328125,1.6943172216415405,1.5967910289764404
61000,0,enc,10.93967056274414,0.45743510127067566,0.10418701171875,0.8600896000862122,1.6628344058990479
61000,1,enc,5.409511566162109,0.44735854864120483,0.439697265625,1.9421836137771606,1.9421836137771606
61000,2,enc,7.467864990234375,0.7601809501647949,0.2763671875,1.931433916091919,2.23296856880188
61000,0,fcst,4.381557464599609,0.6027796864509583,0.07171630859375,3.3503451347351074,3.414872884750366
61000,1,fcst,8.287931442260742,0.8908260464668274,0.271240234375,3.1630096435546875,3.3085248470306396
61000,2,fcst,6.732522487640381,0.7718716859817505,0.209228515625,4.730467796325684,4.614521026611328
61000,0,enc,10.89831829071045,0.4554237425327301,0.06475830078125,0.712405264377594,1.4131660461425781
61000,1,enc,5.3561177253723145,0.42411327362060547,0.326416015625,1.6639142036437988,1.7685894966125488
61000,2,enc,7.282764911651611,0.5778024196624756,0.1978759765625,1.755371332168579,1.5276299715042114
61200,0,enc,11.111123085021973,0.4281151294708252,0.11175537109375,0.923418402671814,1.4420413970947266
61200,1,enc,5.370283126831055,0.4402858018875122,0.38427734375,1.6887500286102295,1.7594151496887207
61200,2,enc,7.490815162658691,0.8166123032569885,0.302978515625,1.7733750343322754,1.9409092664718628
61200,0,fcst,4.424391269683838,0.5874610543251038,0.0867919921875,3.0985140800476074,3.1222751140594482
61200,1,fcst,8.333768844604492,0.9033492207527161,0.29833984375,3.3562700748443604,3.654324531555176
61200,2,fcst,6.6409831047058105,0.6932674050331116,0.2186279296875,4.960598468780518,5.1850972175598145
61200,0,enc,11.067399978637695,0.4295494258403778,0.068359375,0.8300838470458984,1.3617515563964844
61200,1,enc,5.347933769226074,0.4218825101852417,0.385498046875,1.4979541301727295,1.5325610637664795
61200,2,enc,7.534247875213623,0.5806952714920044,0.19091796875,1.6165409088134766,1.524340271949768
61400,0,enc,10.994036674499512,0.4007774293422699,0.1116943359375,0.9637319445610046,1.0626519918441772
61400,1,enc,5.530664920806885,0.4674175977706909,0.40380859375,1.325502634048462,1.3363025188446045
61400,2,enc,7.455465316772461,0.7686200141906738,0.26611328125,1.5283699035644531,1.7212069034576416
61400,0,fcst,4.411770343780518,0.6418157815933228,0.0716552734375,3.2957403659820557,3.243931293487549
61400,1,fcst,8.349384307861328,0.8447964191436768,0.25830078125,3.2253453731536865,3.997427463531494
61400,2,fcst,6.720430850982666,0.7677201628684998,0.2435302734375,5.224735736846924,4.933102607727051
61400,0,enc,10.973331451416016,0.40348923206329346,0.06536865234375,0.9265390038490295,1.2276264429092407
61400,1,enc,5.471438884735107,0.38485854864120483,0.412841796875,1.4482736587524414,1.5142526626586914
61400,2,enc,7.391721725463867,0.5429661870002747,0.1988525390625,1.4927277565002441,1.657612681388855
61600,0,enc,10.99191951751709,0.45792868733406067,0.10845947265625,0.9339589476585388,1.029510498046875
61600,1,enc,5.580086708068848,0.39785927534103394,0.460205078125,1.2554692029953003,1.417256474494934
61600,2,enc,7.3253374099731445,0.8747268915176392,0.299072265625,1.453369379043579,2.275022268295288
61600,0,fcst,4.349936485290527,0.5955594182014465,0.08013916015625,4.180102825164795,4.180102825164795
61600,1,fcst,8.237276077270508,0.9577820301055908,0.28955078125,4.106316089630127,4.089005947113037
61600,2,fcst,6.594610691070557,0.7692335844039917,0.2412109375,5.34765100479126,4.889891624450684
61600,0,enc,10.95180892944336,0.46003055572509766,0.06707763671875,0.8000562191009521,0.8880099654197693
61600,1,enc,5.554410457611084,0.35548463463783264,0.397705078125,1.2440001964569092,1.3294494152069092
61600,2,enc,7.303037166595459,0.6123007535934448,0.204345703125,1.4934303760528564,1.6387407779693604
61800,0,enc,10.92862319946289,0.40969422459602356,0.10076904296875,0.9324349164962769,1.1265267133712769
61800,1,enc,5.633927822113037,0.3946824371814728,0.474853515625,1.2654305696487427,1.3943504095077515
61800,2,enc,7.45440149307251,0.7875039577484131,0.251953125,1.7776458263397217,1.816776156425476
61800,0,fcst,4.420807361602783,0.585228681564331,0.07745361328125,3.070679187774658,3.0984561443328857
61800,1,fcst,8.16855239868164,0.9661701917648315,0.2763671875,3.201638698577881,3.551844835281372
61800,2,fcst,6.640522480010986,0.6891248226165771,0.240478515625,4.727573871612549,4.900029182434082
61800,0,enc,10.936141014099121,0.41055914759635925,0.06536865234375,0.812233030796051,0.888160765171051
61800,1,enc,5.561252593994141,0.38243040442466736,0.3935546875,1.2020134925842285,1.239255666732788
61800,2,enc,7.257567882537842,0.6135766506195068,0.2158203125,1.2735435962677002,1.500475287437439
62000,0,enc,11.05573558807373,0.42866596579551697,0.103271484375,0.7667293548583984,1.0316166877746582
62000,1,enc,5.652761936187744,0.4183301627635956,0.5107421875,1.2489657402038574,1.2312994003295898
62000,2,enc,7.342423439025879,0.8595491051673889,0.282470703125,1.4252432584762573,1.928130865097046
62000,0,fcst,4.401629447937012,0.5887079238891602,0.08270263671875,2.9965288639068604,2.968919038772583
62000,1,fcst,8.294622421264648,0.9806012511253357,0.273681640625,3.212674140930176,3.569181442260742
62000,2,fcst,6.644312381744385,0.723046064376831,0.2222900390625,4.823851108551025,4.9851250648498535
62000,0,enc,11.041605949401855,0.43072399497032166,0.0728759765625,0.7186183333396912,0.9674881100654602
62000,1,enc,5.597106456756592,0.40816083550453186,0.505859375,1.3054088354110718,1.3243907690048218
62000,2,enc,7.266842842102051,0.6370725631713867,0.1993408203125,1.3212298154830933,1.5834540128707886
62200,0,enc,11.07380199432373,0.40761691331863403,0.0987548828125,0.9349805116653442,1.1716612577438354
62200,1,enc,5.667662143707275,0.4190560579299927,0.462158203125,1.386311411857605,1.4266685247421265
62200,2,enc,7.4061689376831055,0.7122237086296082,0.3212890625,1.4637900590896606,2.114901542663574
62200,0,fcst,4.385435581207275,0.7430746555328369,0.07623291015625,3.0792531967163086,3.0441267490386963
62200,1,fcst,8.473933219909668,0.9401808977127075,0.283935546875,3.1230828762054443,3.4009265899658203
62200,2,fcst,6.882000923156738,0.7546384930610657,0.2193603515625,4.68898344039917,4.823698043823242
62200,0,enc,11.060693740844727,0.404117226600647,0.06658935546875,0.9414914846420288,1.0754026174545288
62200,1,enc,5.654360771179199,0.39438745379447937,0.38525390625,1.3935866355895996,1.4328516721725464
62200,2,enc,7.243525981903076,0.495347797870636,0.2103271484375,1.4893487691879272,1.5574498176574707
62400,0,enc,10.909154891967773,0.46174874901771545,0.10308837890625,1.0759197473526,1.2006868124008179
62400,1,enc,5.729049205780029,0.40323135256767273,0.41455078125,1.2986083030700684,1.40857994556427
62400,2,enc,7.328900337219238,0.6588128805160522,0.25927734375,1.594520092010498,1.8208668231964111
62400,0,fcst,4.3826375007629395,0.6082150340080261,0.0797119140625,3.6210837364196777,3.7232091426849365
62400,1,fcst,8.243592262268066,0.8729313015937805,0.31689453125,3.815763235092163,3.9060275554656982
62400,2,fcst,6.662634372711182,0.793973445892334,0.2105712890625,5.445664882659912,5.233475208282471
62400,0,enc,10.922374725341797,0.454250305891037,0.065673828125,0.7744948863983154,0.9534969925880432
62400,1,enc,5.753170967102051,0.3864304721355438,0.389404296875,1.2098608016967773,1.3056249618530273
62400,2,enc,7.24625825881958,0.5565521121025085,0.2188720703125,1.3802995681762695,1.501415729522705
62600,0,enc,10.943155288696289,0.40177053213119507,0.1048583984375,0.9565064907073975,1.0721513032913208
62600,1,enc,5.723598480224609,0.424836128950119,0.521484375,1.2691704034805298,1.3586229085922241
62600,2,enc,7.242949962615967,0.6760098934173584,0.29150390625,1.3909130096435547,1.7727922201156616
62600,0,fcst,4.295034408569336,0.6298286318778992,0.07501220703125,3.019774913787842,3.029675006866455
62600,1,fcst,8.331705093383789,0.9118863940238953,0.30078125,3.025261402130127,3.22792911529541
62600,2,fcst,6.668490886688232,0.6977377533912659,0.251220703125,4.459012985229492,4.5909576416015625
62600,0,enc,10.937858581542969,0.40499046444892883,0.0712890625,0.7679067850112915,0.972285270690918
62600,1,enc,5.6955389976501465,0.35276442766189575,0.431640625,1.1467962265014648,1.1553375720977783
62600,2,enc,7.167445182800293,0.5384108424186707,0.2059326171875,1.353302001953125,1.573458194732666
62800,0,enc,10.983570098876953,0.3856266140937805,0.09686279296875,0.9115886092185974,2.1831252574920654
62800,1,enc,5.659543514251709,0.48118826746940613,0.52392578125,2.0515329837799072,2.021846055984497
62800,2,enc,7.28487491607666,0.7988401055335999,0.318115234375,2.0363857746124268,2.0985398292541504
62800,0,fcst,4.3377814292907715,0.6784754395484924,0.076416015625,3.424480676651001,3.4550321102142334
62800,1,fcst,8.186052322387695,1.0109951496124268,0.29541015625,3.1618425846099854,3.5565061569213867
62800,2,fcst,6.822615146636963,0.7220485806465149,0.2332763671875,4.789401531219482,4.764743328094482
62800,0,enc,10.995389938354492,0.37231969833374023,0.06719970703125,0.7922631502151489,1.0485761165618896
62800,1,enc,5.625164985656738,0.3938700258731842,0.422607421875,1.345940113067627,1.275688648223877
62800,2,enc,7.199861526489258,0.5509951114654541,0.21337890625,1.5596662759780884,1.5079760551452637
63000,0,enc,11.00987434387207,0.3867242932319641,0.10601806640625,0.9025635719299316,1.093029260635376
63000,1,enc,5.65900993347168,0.4026372730731964,0.388427734375,1.1759384870529175,1.2931938171386719
63000,2,enc,7.284313201904297,0.7383294105529785,0.292236328125,1.691380262374878,1.9560478925704956
63000,0,fcst,4.271932601928711,0.5937821865081787,0.0810546875,3.304083824157715,3.3570148944854736
63000,1,fcst,8.183696746826172,0.9108940958976746,0.332763671875,3.1589112281799316,3.5061397552490234
63000,2,fcst,6.8429999351501465,0.742026150226593,0.22900390625,5.399450302124023,5.296878337860107
63000,0,enc,10.983991622924805,0.3760402500629425,0.06866455078125,0.9806132912635803,1.0467511415481567
63000,1,enc,5.625010013580322,0.3813537359237671,0.31103515625,1.1837774515151978,1.1575170755386353
63000,2,enc,7.156091213226318,0.48289820551872253,0.19482421875,1.3417339324951172,1.5675075054168701
63200,0,enc,10.993854522705078,0.37345150113105774,0.08697509765625,1.00954008102417,1.2455419301986694
63200,1,enc,5.636236667633057,0.4519927203655243,0.429931640625,1.4503931999206543,1.489591360092163
63200,2,enc,7.242356300354004,0.8367751836776733,0.32177734375,1.5218732357025146,2.1906275749206543
63200,0,fcst,4.37755823135376,0.7170499563217163,0.07525634765625,3.1204679012298584,3.240847587585449
63200,1,fcst,8.219395637512207,0.958626389503479,0.318603515625,3.102182149887085,3.681396007537842
63200,2,fcst,7.036936283111572,0.7730176448822021,0.2117919921875,5.680617809295654,5.680617809295654
63200,0,enc,10.984511375427246,0.3919559121131897,0.07147216796875,0.9379557371139526,1.4260509014129639
63200,1,enc,5.6051764488220215,0.43302878737449646,0.3486328125,1.311292290687561,1.365888237953186
63200,2,enc,7.131890773773193,0.6251102685928345,0.2274169921875,1.4963490962982178,1.623610019683838
63400,0,enc,10.874931335449219,0.42056480050086975,0.09576416015625,1.0491018295288086,1.0746009349822998
63400,1,enc,5.638787746429443,0.5073196291923523,0.42138671875,1.1526116132736206,1.191247582435608
63400,2,enc,7.407255172729492,0.800386905670166,0.331298828125,1.4451720714569092,1.8813055753707886
63400,0,fcst,4.397619247436523,0.6573233008384705,0.07562255859375,3.384998321533203,3.5043559074401855
63400,1,fcst,8.137044906616211,0.8904991149902344,0.288330078125,3.5043559074401855,3.7724812030792236
63400,2,fcst,6.898458003997803,0.7892907857894897,0.2015380859375,5.3798747062683105,5.225154399871826
63400,0,enc,10.836657524108887,0.41222190856933594,0.081298828125,0.7885994911193848,0.8818672895431519
63400,1,enc,5.642757892608643,0.39207881689071655,0.390380859375,1.1660689115524292,1.1899008750915527
63400,2,enc,7.409115791320801,0.5566654801368713,0.1776123046875,1.4741290807724,1.5952091217041016
63600,0,enc,10.920587539672852,0.43095672130584717,0.09033203125,0.8691396117210388,1.1404879093170166
63600,1,enc,5.604861259460449,0.47817233204841614,0.351318359375,1.3415307998657227,1.427658200263977
63600,2,enc,7.385069847106934,0.9438732266426086,0.309326171875,1.4905630350112915,1.568259358406067
63600,0,fcst,4.3894362449646,0.7333808541297913,0.07745361328125,3.13596773147583,3.06089448928833
63600,1,fcst,8.337430953979492,0.9623891711235046,0.333740234375,3.106328010559082,3.4726932048797607
63600,2,fcst,6.93975305557251,0.790610134601593,0.2271728515625,4.998692989349365,4.9947428703308105
63600,0,enc,10.90956974029541,0.4315969944000244,0.0750732421875,0.8874260783195496,0.986372709274292
63600,1,enc,5.59558629989624,0.4221034049987793,0.369873046875,1.172057867050171,1.1865280866622925
63600,2,enc,7.308393478393555,0.6735448241233826,0.218994140625,1.3997260332107544,1.4147934913635254
63800,0,enc,10.742389678955078,0.4184803068637848,0.09454345703125,0.7686861157417297,1.1485285758972168
63800,1,enc,5.616973400115967,0.4454304277896881,0.404052734375,1.38893461227417,1.3741929531097412
63800,2,enc,7.459420680999756,0.7637373208999634,0.3134765625,1.4956703186035156,2.045923948287964
63800,0,fcst,4.423307418823242,0.6250434517860413,0.07379150390625,3.5058493614196777,3.4831814765930176
63800,1,fcst,8.464792251586914,0.9814526438713074,0.3056640625,3.0611324310302734,3.5384581089019775
63800,2,fcst,6.795022010803223,0.7972310781478882,0.224609375,4.830610275268555,4.706185817718506
63800,0,enc,10.733366012573242,0.4099254608154297,0.0792236328125,0.8182584643363953,1.1529228687286377
63800,1,enc,5.617157459259033,0.40613722801208496,0.338134765625,1.3617818355560303,1.4369161128997803
63800,2,enc,7.313872814178467,0.6013345718383789,0.27490234375,1.4299100637435913,1.6522371768951416
64000,0,enc,10.760970115661621,0.40149161219596863,0.0836181640625,0.8418900370597839,1.2142947912216187
64000,1,enc,5.690591335296631,0.431721031665802,0.328857421875,1.3417600393295288,1.4128103256225586
64000,2,enc,7.358443260192871,0.749119222164154,0.283935546875,1.5281412601470947,1.6977052688598633
64000,0,fcst,4.439192771911621,0.7029374241828918,0.0660400390625,3.09808349609375,3.122504711151123
64000,1,fcst,8.38010025024414,0.9749919772148132,0.30810546875,3.294508695602417,3.4594316482543945
64000,2,fcst,6.882326126098633,0.7385530471801758,0.238037109375,5.0380144119262695,5.0380144119262695
64000,0,enc,10.783224105834961,0.3933440148830414,0.072021484375,0.778694212436676,1.1191402673721313
64000,1,enc,5.68480110168457,0.37861377000808716,0.328369140625,1.3235920667648315,1.3599690198898315
64000,2,enc,7.207316875457764,0.5327938795089722,0.2177734375,1.4230877161026,1.4268704652786255
64200,0,enc,10.56688117980957,0.34413883090019226,0.085205078125,0.7820607423782349,1.3070812225341797
64200,1,enc,5.725877285003662,0.45225563645362854,0.402099609375,1.3643558025360107,1.3656527996063232
64200,2,enc,7.294559478759766,0.6699003577232361,0.309814453125,1.5640984773635864,1.7251827716827393
64200,0,fcst,4.4854631423950195,0.6183188557624817,0.073974609375,3.2235662937164307,3.2412664890289307
64200,1,fcst,8.290157318115234,0.8942850232124329,0.302001953125,3.2797186374664307,3.8524184226989746
64200,2,fcst,6.831109046936035,0.8150169253349304,0.2220458984375,5.130665302276611,5.0817975997924805
64200,0,enc,10.57992935180664,0.34562191367149353,0.0775146484375,0.7792700529098511,1.035440444946289
64200,1,enc,5.706897735595703,0.40421319007873535,0.35595703125,1.1747857332229614,1.2077327966690063
64200,2,enc,7.117043495178223,0.4827832281589508,0.20947265625,1.3892898559570312,1.665242314338684
64400,0,enc,10.391491889953613,0.39219197630882263,0.087646484375,0.806667149066925,1.2715575695037842
64400,1,enc,5.691865921020508,0.45052286982536316,0.3447265625,1.2715575695037842,1.2136650085449219
64400,2,enc,7.142923831939697,0.7773826718330383,0.29248046875,1.4283454418182373,1.8367509841918945
64400,0,fcst,4.480172157287598,0.7099420428276062,0.0670166015625,3.21675443649292,3.1425046920776367
64400,1,fcst,8.32209300994873,0.9470894932746887,0.289794921875,3.3091018199920654,3.495147705078125
64400,2,fcst,6.922201156616211,0.7750748991966248,0.2247314453125,4.682820796966553,4.7151055335998535
64400,0,enc,10.424747467041016,0.39811840653419495,0.08038330078125,0.7727649807929993,1.0251857042312622
64400,1,enc,5.687495231628418,0.4279075860977173,0.289306640625,1.1079721450805664,1.1529115438461304
64400,2,enc,7.0536322593688965,0.6162886619567871,0.2369384765625,1.2525756359100342,1.6287580728530884
64600,0,enc,10.311967849731445,0.3587588667869568,0.0968017578125,0.9937079548835754,1.3564555644989014
64600,1,enc,5.612431049346924,0.47466015815734863,0.27197265625,1.517109751701355,1.4018211364746094
64600,2,enc,7.147365093231201,0.7701594829559326,0.30078125,1.7927836179733276,1.8932204246520996
64600,0,fcst,4.483607769012451,0.6174449920654297,0.07073974609375,2.992318630218506,3.1056406497955322
64600,1,fcst,8.038484573364258,0.926361620426178,0.2802734375,3.3214216232299805,3.9949774742126465
64600,2,fcst,6.88646125793457,0.7576548457145691,0.240478515625,5.786998271942139,5.317778587341309
64600,0,enc,10.307157516479492,0.35862991213798523,0.08111572265625,0.8759781718254089,1.1305865049362183
64600,1,enc,5.61098575592041,0.38977718353271484,0.288818359375,1.3445090055465698,1.3830221891403198
64600,2,enc,7.036861419677734,0.5475193858146667,0.2322998046875,1.5554369688034058,1.4900683164596558
64800,0,enc,10.188783645629883,0.36231473088264465,0.09173583984375,0.9197999238967896,1.2963595390319824
64800,1,enc,5.7128777503967285,0.41978809237480164,0.385986328125,1.5389505624771118,1.6137526035308838
64800,2,enc,7.191034317016602,0.7838294506072998,0.287841796875,1.597055196762085,1.7703192234039307
64800,0,fcst,4.460308074951172,0.6524260640144348,0.07183837890625,3.1362459659576416,3.1307528018951416
64800,1,fcst,8.320487022399902,0.8894609808921814,0.300537109375,3.285122871398926,3.4737555980682373
64800,2,fcst,6.925398826599121,0.7164908647537231,0.251708984375,4.823531627655029,4.906249523162842
64800,0,enc,10.18914794921875,0.37032175064086914,0.0816650390625,0.8918136358261108,1.215707540512085
64800,1,enc,5.704710006713867,0.39975011348724365,0.333251953125,1.4322715997695923,1.4825645685195923
64800,2,enc,7.150894641876221,0.5990794897079468,0.23583984375,1.4771310091018677,1.527561068534851
65000,0,enc,10.096550941467285,0.3656574487686157,0.1092529296875,0.8428477048873901,1.2136950492858887
65000,1,enc,5.703817367553711,0.4509506821632385,0.401611328125,1.2740552425384521,1.354435682296753
65000,2,enc,7.209531307220459,0.8008303046226501,0.264404296875,1.3743869066238403,1.8803200721740723
65000,0,fcst,4.516291618347168,0.6363571882247925,0.07928466796875,3.4579200744628906,3.3938331604003906
65000,1,fcst,8.23908805847168,0.8600805401802063,0.279296875,3.229585647583008,3.4308207035064697
65000,2,fcst,6.985976696014404,0.7837649583816528,0.2410888671875,4.6602253913879395,4.928560733795166
65000,0,enc,10.10921859741211,0.37020233273506165,0.09515380859375,0.7758934497833252,0.9201229810714722
65000,1,enc,5.680388450622559,0.3838224709033966,0.33544921875,1.1692482233047485,1.2896705865859985
65000,2,enc,7.078902244567871,0.55666583776474,0.229248046875,1.2863646745681763,1.5083600282669067
65200,0,enc,10.095709800720215,0.3655388653278351,0.110595703125,0.814744234085083,1.2649669647216797
65200,1,enc,5.699028491973877,0.44155821204185486,0.37548828125,1.342545747756958,1.3003736734390259
65200,2,enc,7.232671737670898,0.7555614113807678,0.340576171875,1.3642265796661377,1.896541953086853
65200,0,fcst,4.488807678222656,0.6972328424453735,0.07550048828125,3.115750789642334,3.0923879146575928
65200,1,fcst,8.224292755126953,0.8789110779762268,0.342529296875,3.099539279937744,3.4284353256225586
65200,2,fcst,7.010164260864258,0.7168124318122864,0.226318359375,4.701421737670898,4.593404293060303
65200,0,enc,10.089536666870117,0.35787928104400635,0.09857177734375,0.7758355736732483,0.938880443572998
65200,1,enc,5.680455207824707,0.44845107197761536,0.356201171875,1.1459882259368896,1.2140889167785645
65200,2,enc,7.130248069763184,0.6340464353561401,0.1744384765625,1.3362168073654175,1.4326391220092773
65400,0,enc,10.053872108459473,0.3463360071182251,0.11199951171875,0.8694964051246643,1.196305513381958
65400,1,enc,5.70383358001709,0.4225379228591919,0.3046875,1.4306097030639648,1.488796591758728
65400,2,enc,7.233953952789307,0.7565021514892578,0.338134765625,1.6555609703063965,1.6688776016235352
65400,0,fcst,4.5424604415893555,0.6266048550605774,0.10211181640625,3.0734806060791016,3.187958240509033
65400,1,fcst,8.31261157989502,0.9436854124069214,0.29150390625,3.2143008708953857,3.5219571590423584
65400,2,fcst,7.000274658203125,0.8378734588623047,0.2425537109375,4.6162638664245605,4.850438117980957
65400,0,enc,10.064078330993652,0.34291210770606995,0.10028076171875,0.7722864747047424,0.9484019875526428
65400,1,enc,5.648991107940674,0.49588894844055176,0.2705078125,1.1608545780181885,1.2261593341827393
65400,2,enc,7.150674819946289,0.5442922711372375,0.214111328125,1.336767315864563,1.6707581281661987
65600,0,enc,10.027470588684082,0.3556117117404938,0.0953369140625,0.8109395503997803,1.280171275138855
65600,1,enc,5.6854567527771,0.4389524757862091,0.305419921875,1.3077013492584229,1.433908462524414
65600,2,enc,7.395005702972412,0.6802828311920166,0.29248046875,1.5419862270355225,1.782204031944275
65600,0,fcst,4.560311317443848,0.6450404524803162,0.07281494140625,3.373950481414795,3.3782715797424316
65600,1,fcst,8.333451271057129,0.9394254684448242,0.291748046875,3.372399091720581,3.6039505004882812
65600,2,fcst,6.927162170410156,0.7784249782562256,0.2364501953125,4.893934726715088,4.614830493927002
65600,0,enc,10.013388633728027,0.35291287302970886,0.09075927734375,0.6951134204864502,0.919326901435852
65600,1,enc,5.6683526039123535,0.43385347723960876,0.297119140625,1.0201666355133057,1.109405517578125
65600,2,enc,7.263640880584717,0.5445295572280884,0.2359619140625,1.226625919342041,1.5149130821228027
65800,0,enc,9.929670333862305,0.3534367084503174,0.1041259765625,0.8568487167358398,1.2095861434936523
65800,1,enc,5.798856735229492,0.400786817073822,0.362548828125,1.3839356899261475,1.3149069547653198
65800,2,enc,7.388643264770508,0.730090320110321,0.349365234375,1.7332637310028076,1.7975454330444336
65800,0,fcst,4.573987007141113,0.6592023372650146,0.08575439453125,3.3282084465026855,3.242555856704712
65800,1,fcst,8.379083633422852,0.9077638983726501,0.302734375,3.269927978515625,3.44136905670166
65800,2,fcst,7.066868305206299,0.7517476081848145,0.2198486328125,4.7149505615234375,4.826158046722412
65800,0,enc,9.908076286315918,0.36708196997642517,0.09002685546875,0.6762273907661438,0.8921267986297607
65800,1,enc,5.778884410858154,0.35297301411628723,0.371337890625,1.040358066558838,1.0865402221679688
65800,2,enc,7.3102216720581055,0.6110862493515015,0.279296875,1.2414276599884033,1.5254956483840942
66000,0,enc,9.785696029663086,0.3315158784389496,0.09906005859375,0.9096308946609497,1.328362226486206
66000,1,enc,5.854180812835693,0.47115886211395264,0.294921875,1.4310702085494995,1.5810810327529907
66000,2,enc,7.4186859130859375,0.7948114275932312,0.27880859375,1.7093572616577148,1.9827494621276855
66000,0,fcst,4.651625633239746,0.6373812556266785,0.07794189453125,3.323946714401245,3.333477258682251
66000,1,fcst,8.425625801086426,0.9018225073814392,0.313232421875,3.471829891204834,3.516641616821289
66000,2,fcst,7.063565731048584,0.7951053977012634,0.2021484375,4.845178604125977,4.845178604125977
66000,0,enc,9.819729804992676,0.3362281620502472,0.08868408203125,0.7865442037582397,1.1296486854553223
66000,1,enc,5.836496829986572,0.4099288880825043,0.29638671875,1.2890182733535767,1.4416061639785767
66000,2,enc,7.331335544586182,0.5615345239639282,0.2147216796875,1.609352469444275,1.827736258506775
66200,0,enc,9.784590721130371,0.32552090287208557,0.1029052734375,0.842075765132904,1.2378814220428467
66200,1,enc,5.8387837409973145,0.4083390235900879,0.326171875,1.4882357120513916,1.4882357120513916
66200,2,enc,7.413121223449707,0.7739671468734741,0.344482421875,1.584635853767395,1.7398080825805664
66200,0,fcst,4.621567726135254,0.7164105772972107,0.07763671875,3.1284000873565674,3.1614608764648438
66200,1,fcst,8.324508666992188,0.8905857801437378,0.311767578125,3.112602710723877,3.7395663261413574
66200,2,fcst,7.049577713012695,0.8640425205230713,0.209716796875,5.149367332458496,5.028362274169922
66200,0,enc,9.735393524169922,0.3258396089076996,0.08599853515625,0.7900222539901733,0.9103784561157227
66200,1,enc,5.833595275878906,0.40093275904655457,0.328125,1.162060022354126,1.3790373802185059
66200,2,enc,7.313684940338135,0.5860046148300171,0.2335205078125,1.450078010559082,1.6577551364898682
66400,0,enc,9.680205345153809,0.30173632502555847,0.105712890625,0.8169059157371521,1.2833223342895508
66400,1,enc,5.896349906921387,0.41993504762649536,0.36328125,1.2528080940246582,1.3841774463653564
66400,2,enc,7.412765979766846,0.7753918170928955,0.2705078125,1.452956199645996,1.7705166339874268
66400,0,fcst,4.534719944000244,0.569444477558136,0.0771484375,3.3430094718933105,3.319789171218872
66400,1,fcst,8.401897430419922,0.9123868346214294,0.31005859375,3.2452316284179688,3.546154737472534
66400,2,fcst,7.108270168304443,0.7823297381401062,0.2371826171875,4.850357532501221,4.943704128265381
66400,0,enc,9.72137451171875,0.30962035059928894,0.0875244140625,0.7854843139648438,0.9841060042381287
66400,1,enc,5.914825916290283,0.3770101070404053,0.280517578125,1.3129949569702148,1.3727788925170898
66400,2,enc,7.451470375061035,0.5820289254188538,0.20703125,1.5757077932357788,1.7512785196304321
66600,0,enc,9.666903495788574,0.36489632725715637,0.09539794921875,0.8597208261489868,1.0334020853042603
66600,1,enc,5.996892929077148,0.42834147810935974,0.3349609375,1.26484215259552,1.288623332977295
66600,2,enc,7.286458492279053,0.8086615204811096,0.27001953125,1.499452829360962,1.9176181554794312
66600,0,fcst,4.595355033874512,0.7122893333435059,0.0772705078125,3.302266836166382,3.3318350315093994
66600,1,fcst,8.412800788879395,0.9685816764831543,0.298095703125,3.449448823928833,3.476202964782715
66600,2,fcst,6.9981689453125,0.7318495512008667,0.2298583984375,4.6794939041137695,4.837917327880859
66600,0,enc,9.637904167175293,0.37149521708488464,0.09173583984375,0.7571972012519836,1.0372693538665771
66600,1,enc,5.964094638824463,0.4237826466560364,0.302490234375,1.4552282094955444,1.49116051197052
66600,2,enc,7.2045159339904785,0.5063120126724243,0.2213134765625,1.7234269380569458,1.9849015474319458
66800,0,enc,9.508870124816895,0.3392018973827362,0.10003662109375,0.9952473044395447,1.2995665073394775
66800,1,enc,6.132104873657227,0.4270768463611603,0.31494140625,1.4604798555374146,1.5547142028808594
66800,2,enc,7.304368495941162,0.6372852921485901,0.2734375,1.6566860675811768,1.9448280334472656
66800,0,fcst,4.577425479888916,0.5937091112136841,0.0716552734375,3.599081516265869,3.639059543609619
66800,1,fcst,8.575761795043945,0.9044423699378967,0.304443359375,3.4225964546203613,3.4085028171539307
66800,2,fcst,7.040863513946533,0.7529799342155457,0.2288818359375,4.761234283447266,4.921468734741211
66800,0,enc,9.504463195800781,0.33815696835517883,0.08746337890625,0.7726336121559143,1.0411958694458008
66800,1,enc,6.0756306648254395,0.36635252833366394,0.307861328125,1.1625146865844727,1.3567458391189575
66800,2,enc,7.182724952697754,0.42164146900177,0.2294921875,1.5361003875732422,1.839996099472046
67000,0,enc,9.516103744506836,0.3651469349861145,0.09918212890625,0.8302212953567505,1.313460350036621
67000,1,enc,6.024453639984131,0.4618920385837555,0.2420654296875,1.404002070426941,1.5007089376449585
67000,2,enc,7.298294544219971,0.8149186968803406,0.292724609375,1.648446798324585,1.906015157699585
67000,0,fcst,4.573010444641113,0.6968734860420227,0.0787353515625,3.293923854827881,3.331087589263916
67000,1,fcst,8.552310943603516,0.9534525871276855,0.34814453125,3.275531768798828,3.3547797203063965
67000,2,fcst,6.925510883331299,0.751886785030365,0.232177734375,4.883782386779785,4.662982940673828
67000,0,enc,9.496888160705566,0.3688019812107086,0.0848388671875,0.8623788952827454,1.114119052886963
67000,1,enc,5.995880126953125,0.40807950496673584,0.2437744140625,1.4634917974472046,1.5145477056503296
67000,2,enc,7.1899542808532715,0.5562028288841248,0.21826171875,1.6892468929290771,1.661126971244812
67200,0,enc,9.405120849609375,0.3675619959831238,0.0921630859375,0.873224139213562,0.9344966411590576
67200,1,enc,6.071357250213623,0.4672184884548187,0.37646484375,1.1785264015197754,1.3216514587402344
67200,2,enc,7.231949329376221,0.6934857964515686,0.300048828125,1.378289818763733,1.8871198892593384
67200,0,fcst,4.573249816894531,0.7066871523857117,0.07489013671875,3.082895278930664,3.1230428218841553
67200,1,fcst,8.64603328704834,0.9218065738677979,0.316650390625,3.1793994903564453,3.495326519012451
67200,2,fcst,6.9835052490234375,0.7845903635025024,0.221923828125,4.532668590545654,5.0523529052734375
67200,0,enc,9.467294692993164,0.36834076046943665,0.08404541015625,0.8204396963119507,0.868737518787384
67200,1,enc,6.05825138092041,0.4302579164505005,0.30322265625,1.0639290809631348,1.2758913040161133
67200,2,enc,7.147233009338379,0.7186480164527893,0.1866455078125,1.341033697128296,1.6625362634658813
67400,0,enc,9.56849479675293,0.3547586500644684,0.09515380859375,0.987879753112793,1.1081371307373047
67400,1,enc,6.079916954040527,0.4544985592365265,0.392822265625,1.2607825994491577,1.2940282821655273
67400,2,enc,7.127928733825684,0.7659978270530701,0.2432861328125,1.8219027519226074,1.881784200668335
67400,0,fcst,4.600109100341797,0.6422778964042664,0.073486328125,3.1446328163146973,3.179377317428589
67400,1,fcst,8.635022163391113,0.9795699119567871,0.31689453125,3.3657631874084473,3.458275079727173
67400,2,fcst,7.1666998863220215,0.7828449606895447,0.240234375,4.800339698791504,4.7696380615234375
67400,0,enc,9.510194778442383,0.3562033772468567,0.08636474609375,0.9009272456169128,0.9384943842887878
67400,1,enc,6.039091110229492,0.41422587633132935,0.302734375,1.2049989700317383,1.2514989376068115
67400,2,enc,7.021175384521484,0.5969470739364624,0.2056884765625,1.7105200290679932,1.6431982517242432
67600,0,enc,9.629887580871582,0.39143404364585876,0.095703125,1.0489872694015503,1.1644723415374756
67600,1,enc,6.1263227462768555,0.43580174446105957,0.359375,1.2319469451904297,1.278182029724121
67600,2,enc,7.137954235076904,0.7610560059547424,0.284912109375,1.3796136379241943,1.779983401298523
67600,0,fcst,4.566619873046875,0.6071762442588806,0.08685302734375,3.021566390991211,3.018282175064087
67600,1,fcst,8.80519962310791,0.9647111296653748,0.314697265625,3.1011221408843994,3.243875026702881
67600,2,fcst,7.191681385040283,0.7598320245742798,0.23193359375,4.407621383666992,4.797802925109863
67600,0,enc,9.636286735534668,0.3888428509235382,0.091552734375,0.9405215978622437,0.9803241491317749
67600,1,enc,6.142371654510498,0.4000537097454071,0.308837890625,1.23054838180542,1.29317045211792
67600,2,enc,7.0472731590271,0.4745928645133972,0.240478515625,1.3206086158752441,1.5897059440612793
67800,0,enc,9.686563491821289,0.3743334114551544,0.0955810546875,0.9211946129798889,0.9913493394851685
67800,1,enc,6.129866600036621,0.4611767530441284,0.307373046875,1.1447389125823975,1.4136128425598145
67800,2,enc,7.125210762023926,0.7694159150123596,0.299072265625,1.5731967687606812,1.996425986289978
67800,0,fcst,4.606605052947998,0.6120427250862122,0.07818603515625,3.1838443279266357,3.1838443279266357
67800,1,fcst,8.647122383117676,0.8716328144073486,0.346923828125,3.1838443279266357,3.592480182647705
67800,2,fcst,6.987701892852783,0.6890497207641602,0.221923828125,4.893366813659668,4.893366813659668
67800,0,enc,9.679824829101562,0.3706868886947632,0.08624267578125,0.7983168959617615,0.8901137709617615
67800,1,enc,6.11719274520874,0.37581318616867065,0.30078125,1.1001324653625488,1.3033796548843384
67800,2,enc,6.894976615905762,0.6359962821006775,0.2447509765625,1.6107616424560547,1.5147818326950073
68000,0,enc,9.74079704284668,0.3611409366130829,0.09027099609375,0.8863261938095093,1.0109479427337646
68000,1,enc,6.135128974914551,0.4122183918952942,0.303466796875,1.1081268787384033,1.4380030632019043
68000,2,enc,7.241297245025635,0.7843407988548279,0.30419921875,1.51829993724823,1.8902122974395752
68000,0,fcst,4.584657669067383,0.6734880208969116,0.07623291015625,3.5048584938049316,3.4750020503997803
68000,1,fcst,8.580144882202148,0.990895688533783,0.33251953125,3.410099983215332,3.409061908721924
68000,2,fcst,6.903453826904297,0.7344369292259216,0.2215576171875,4.7481536865234375,4.615604877471924
68000,0,enc,9.707818031311035,0.36828911304473877,0.091064453125,0.9139286279678345,0.9041553735733032
68000,1,enc,6.159282207489014,0.3947349786758423,0.2802734375,1.197406530380249,1.1698570251464844
68000,2,enc,7.065022945404053,0.5078445076942444,0.215087890625,1.31282377243042,1.772552490234375
68200,0,enc,9.679269790649414,0.35978323221206665,0.10931396484375,1.0180145502090454,1.1974579095840454
68200,1,enc,6.085444450378418,0.3910924792289734,0.283935546875,1.3383064270019531,1.3383064270019531
68200,2,enc,7.353934288024902,0.8145983815193176,0.2578125,1.5459569692611694,1.845542550086975
68200,0,fcst,4.572540283203125,0.5486254096031189,0.07916259765625,3.70613431930542,3.7444281578063965
68200,1,fcst,8.480600357055664,0.9720755815505981,0.324462890625,3.70613431930542,3.70613431930542
68200,2,fcst,6.882591724395752,0.7515634298324585,0.220703125,4.788114547729492,4.95440149307251
68200,0,enc,9.66772174835205,0.34916117787361145,0.09686279296875,0.9253217577934265,1.0482723712921143
68200,1,enc,6.076180458068848,0.4084528684616089,0.237060546875,1.3283002376556396,1.2856690883636475
68200,2,enc,7.200762748718262,0.6563732624053955,0.2132568359375,1.636960506439209,1.6997466087341309
68400,0,enc,9.613265037536621,0.37648388743400574,0.094970703125,0.8166223764419556,1.090381145477295
68400,1,enc,6.0158915519714355,0.3967951834201813,0.305419921875,1.3232396841049194,1.4759632349014282
68400,2,enc,7.221825122833252,0.7392112016677856,0.2147216796875,1.8920354843139648,1.89754319190979
68400,0,fcst,4.590635776519775,0.5994530320167542,0.08013916015625,3.55745005607605,3.6083481311798096
68400,1,fcst,8.549212455749512,0.935856819152832,0.358642578125,3.43624210357666,3.5433249473571777
68400,2,fcst,6.811258792877197,0.7610419392585754,0.241455078125,4.629781723022461,4.750699043273926
68400,0,enc,9.64555835723877,0.37951454520225525,0.0960693359375,0.7505689859390259,0.8952717781066895
68400,1,enc,6.011821746826172,0.40523669123649597,0.2486572265625,1.2029905319213867,1.3098020553588867
68400,2,enc,7.147292137145996,0.5350596308708191,0.1871337890625,1.7084708213806152,1.5555425882339478
68600,0,enc,9.689083099365234,0.3572229743003845,0.1103515625,1.0966554880142212,1.1588468551635742
68600,1,enc,5.908596992492676,0.4459069073200226,0.364501953125,1.3471488952636719,1.4782270193099976
68600,2,enc,7.25510311126709,0.7963460087776184,0.2109375,1.574355125427246,1.9202210903167725
68600,0,fcst,4.638772487640381,0.6109616160392761,0.07281494140625,3.3074729442596436,3.288755416870117
68600,1,fcst,8.686095237731934,0.9140618443489075,0.30078125,3.2869808673858643,3.525289535522461
68600,2,fcst,7.040380001068115,0.8115674257278442,0.25390625,4.679507732391357,4.703596115112305
68600,0,enc,9.688088417053223,0.36127832531929016,0.0938720703125,0.9918695688247681,0.996617317199707
68600,1,enc,5.865941524505615,0.4111998677253723,0.384765625,1.3265063762664795,1.2950371503829956
68600,2,enc,7.052772045135498,0.6104507446289062,0.2144775390625,1.7219191789627075,1.5310626029968262
68800,0,enc,9.678702354431152,0.36563560366630554,0.1158447265625,1.0232453346252441,1.098726749420166
68800,1,enc,5.775118350982666,0.4121711552143097,0.46142578125,1.2389044761657715,1.2970789670944214
68800,2,enc,7.114830493927002,0.6995055079460144,0.235107421875,1.4257700443267822,2.0595650672912598
68800,0,fcst,4.632357120513916,0.6825273633003235,0.07855224609375,3.628207206726074,3.594637870788574
68800,1,fcst,8.695192337036133,0.9120931029319763,0.3623046875,3.3747825622558594,3.4473464488983154
68800,2,fcst,6.967038631439209,0.6639809608459473,0.1988525390625,4.6666059494018555,4.982239246368408
68800,0,enc,9.677102088928223,0.3607043921947479,0.084716796875,0.8300407528877258,0.9927248358726501
68800,1,enc,5.7600908279418945,0.38377082347869873,0.41552734375,1.158687710762024,1.1506199836730957
68800,2,enc,7.105430603027344,0.5461327433586121,0.2061767578125,1.4773845672607422,1.5913944244384766
69000,0,enc,9.736254692077637,0.3860601782798767,0.09906005859375,1.056655764579773,1.1637380123138428
69000,1,enc,5.64717435836792,0.3913861811161041,0.294189453125,1.4212799072265625,1.5411663055419922
69000,2,enc,7.097414493560791,0.7095875144004822,0.26220703125,1.6007535457611084,1.8404182195663452
69000,0,fcst,4.5318450927734375,0.7033407092094421,0.07855224609375,3.2857460975646973,3.2857460975646973
69000,1,fcst,8.606696128845215,0.9239029288291931,0.313232421875,3.3007795810699463,3.3009047508239746
69000,2,fcst,6.970524311065674,0.6948724985122681,0.2059326171875,4.576615810394287,5.077314376831055
69000,0,enc,9.75223445892334,0.3826681077480316,0.078125,0.7918922901153564,0.9971234798431396
69000,1,enc,5.645822048187256,0.3928658068180084,0.3076171875,1.3302173614501953,1.3647396564483643
69000,2,enc,6.930105686187744,0.680259108543396,0.2193603515625,1.5936963558197021,1.7610547542572021
69200,0,enc,9.727766036987305,0.3907525837421417,0.0982666015625,0.9468064904212952,0.9905074834823608
69200,1,enc,5.6067423820495605,0.48231765627861023,0.311767578125,1.1580935716629028,1.2717255353927612
69200,2,enc,7.025634765625,0.8455245494842529,0.284423828125,1.6615532636642456,1.7348719835281372
69200,0,fcst,4.503201007843018,0.7002336382865906,0.0816650390625,3.609989881515503,3.6915056705474854
69200,1,fcst,8.565670013427734,0.9220620393753052,0.321533203125,3.8490259647369385,3.824408531188965
69200,2,fcst,7.013978481292725,0.7131785750389099,0.2127685546875,5.103606700897217,4.748135089874268
69200,0,enc,9.73836898803711,0.3920523524284363,0.0867919921875,0.6884719729423523,0.847298800945282
69200,1,enc,5.555037021636963,0.4851064383983612,0.316650390625,1.2431539297103882,1.2042936086654663
69200,2,enc,6.881763458251953,0.5760977268218994,0.199951171875,1.3214783668518066,1.6099821329116821
69400,0,enc,9.727752685546875,0.35521426796913147,0.09716796875,0.8323022723197937,1.2671488523483276
69400,1,enc,5.650579452514648,0.4586307108402252,0.364501953125,1.323177695274353,1.323177695274353
69400,2,enc,7.067438125610352,0.7884895205497742,0.325439453125,1.4868590831756592,1.8738551139831543
69400,0,fcst,4.537158012390137,0.7122700214385986,0.06805419921875,3.3754799365997314,3.322345495223999
69400,1,fcst,8.57090950012207,0.8552372455596924,0.3212890625,3.363574981689453,3.5155327320098877
69400,2,fcst,6.928100109100342,0.7012596130371094,0.2203369140625,4.871999740600586,5.54708194732666
69400,0,enc,9.689265251159668,0.3576414883136749,0.07568359375,0.7651422619819641,1.0870351791381836
69400,1,enc,5.547595977783203,0.4286578595638275,0.38134765625,1.2643039226531982,1.2770217657089233
69400,2,enc,7.00885009765625,0.6702877283096313,0.2379150390625,1.6350641250610352,1.6007707118988037
69600,0,enc,9.591204643249512,0.38530197739601135,0.09375,0.9637288451194763,1.1952029466629028
69600,1,enc,5.645509243011475,0.5116966962814331,0.435302734375,1.379205346107483,1.3629064559936523
69600,2,enc,6.93180513381958,0.8673088550567627,0.277099609375,1.3750619888305664,1.7179666757583618
69600,0,fcst,4.55382776260376,0.547333836555481,0.0814208984375,3.238884925842285,3.2225937843322754
69600,1,fcst,8.53509521484375,0.8813709020614624,0.320556640625,3.1193175315856934,3.5939674377441406
69600,2,fcst,6.8732733726501465,0.7709668278694153,0.2247314453125,4.8766374588012695,5.0461273193359375
69600,0,enc,9.666905403137207,0.3849894106388092,0.06903076171875,0.8105981945991516,0.9624972343444824
69600,1,enc,5.616887092590332,0.49427977204322815,0.406005859375,1.2291871309280396,1.3522672653198242
69600,2,enc,6.784876346588135,0.5752795338630676,0.261474609375,1.2774534225463867,1.5711135864257812
69800,0,enc,9.717741966247559,0.4522436261177063,0.1044921875,0.7685307264328003,1.0585802793502808
69800,1,enc,5.587700366973877,0.4449946880340576,0.39306640625,1.1881084442138672,1.1815259456634521
69800,2,enc,7.062623023986816,0.8479687571525574,0.302490234375,1.6373770236968994,2.049473285675049
69800,0,fcst,4.539479732513428,0.6365724802017212,0.10186767578125,3.390103340148926,3.390103340148926
69800,1,fcst,8.563861846923828,0.9203882813453674,0.322265625,3.3727521896362305,3.524103879928589
69800,2,fcst,6.8095927238464355,0.7070273756980896,0.21875,4.714195251464844,5.134106636047363
69800,0,enc,9.731711387634277,0.44465506076812744,0.08111572265625,0.8160241842269897,0.9588943123817444
69800,1,enc,5.587949752807617,0.41811320185661316,0.40283203125,1.2209919691085815,1.3167799711227417
69800,2,enc,7.012498378753662,0.6685046553611755,0.2578125,1.5341553688049316,1.6346123218536377
70000,0,enc,9.809354782104492,0.4049186408519745,0.103759765625,0.8443740010261536,1.056594967842102
70000,1,enc,5.499635219573975,0.4542470872402191,0.339599609375,1.2184470891952515,1.4121642112731934
70000,2,enc,6.903198719024658,0.7161059975624084,0.28173828125,1.5522862672805786,1.733237624168396
70000,0,fcst,4.47928524017334,0.6443911790847778,0.0777587890625,3.4201221466064453,3.515472650527954
70000,1,fcst,8.649249076843262,0.8703749179840088,0.3134765625,3.2567033767700195,3.503255844116211
70000,2,fcst,6.9210524559021,0.7086085677146912,0.218994140625,4.809858322143555,4.809858322143555
70000,0,enc,9.765909194946289,0.4090270400047302,0.07977294921875,0.7545434832572937,0.9671694040298462
70000,1,enc,5.5218939781188965,0.45642396807670593,0.334228515625,1.148263692855835,1.2310035228729248
70000,2,enc,6.848736763000488,0.604837954044342,0.2462158203125,1.4327569007873535,1.6405304670333862
70200,0,enc,9.865535736083984,0.3746762275695801,0.10577392578125,0.9564080834388733,1.4248603582382202
70200,1,enc,5.5201592445373535,0.4206228256225586,0.492431640625,1.5333914756774902,1.51560378074646
70200,2,enc,6.827019691467285,0.8810254335403442,0.297119140625,1.6244237422943115,1.7090113162994385
70200,0,fcst,4.50874137878418,0.6438681483268738,0.07464599609375,3.45548677444458,3.442694902420044
70200,1,fcst,8.570302963256836,0.9039083123207092,0.347412109375,3.1509878635406494,3.8495101928710938
70200,2,fcst,6.996212005615234,0.7317813038825989,0.243896484375,5.195291996002197,5.19008731842041
70200,0,enc,9.860870361328125,0.38011807203292847,0.089599609375,0.7627325654029846,1.2744053602218628
70200,1,enc,5.489940643310547,0.45525386929512024,0.354248046875,1.2890108823776245,1.232540249824524
70200,2,enc,6.706221103668213,0.739821195602417,0.280517578125,1.3904457092285156,1.520864725112915
70400,0,enc,9.875770568847656,0.3848922848701477,0.0980224609375,0.9646768569946289,1.1422114372253418
70400,1,enc,5.498585224151611,0.4335579574108124,0.44970703125,1.3600867986679077,1.3600867986679077
70400,2,enc,6.709240913391113,0.7914698719978333,0.29833984375,1.5281902551651,1.8431740999221802
70400,0,fcst,4.476744651794434,0.6354416012763977,0.071044921875,3.1358675956726074,3.1732685565948486
70400,1,fcst,8.51706314086914,0.8822873830795288,0.294921875,3.153933525085449,3.3166708946228027
70400,2,fcst,6.895076751708984,0.7844892144203186,0.2265625,4.54284143447876,4.749749660491943
70400,0,enc,9.91124439239502,0.38367167115211487,0.09613037109375,0.7692888379096985,1.0712647438049316
70400,1,enc,5.46785306930542,0.4084714353084564,0.4169921875,1.2630374431610107,1.1745617389678955
70400,2,enc,6.717671871185303,0.6322630047798157,0.25,1.2846946716308594,1.5870599746704102
70600,0,enc,9.967283248901367,0.3739902973175049,0.1014404296875,0.8903515338897705,1.3268879652023315
70600,1,enc,5.485283851623535,0.3757491707801819,0.385009765625,1.3804281949996948,1.4759607315063477
70600,2,enc,6.521724224090576,0.7877162098884583,0.319091796875,1.6404056549072266,1.8291094303131104
70600,0,fcst,4.474526882171631,0.5743367671966553,0.08819580078125,3.3292322158813477,3.406611204147339
70600,1,fcst,8.624970436096191,0.8683570623397827,0.341796875,3.5059852600097656,3.5195910930633545
70600,2,fcst,6.905142784118652,0.7475388646125793,0.2142333984375,4.729175567626953,4.73807430267334
70600,0,enc,9.971460342407227,0.3839729428291321,0.087158203125,0.9578893184661865,1.1310510635375977
70600,1,enc,5.445487022399902,0.3784344792366028,0.34033203125,1.2634419202804565,1.3228495121002197
70600,2,enc,6.466662883758545,0.5924285650253296,0.259521484375,1.3950177431106567,1.8071156740188599
70800,0,enc,10.147195816040039,0.4204428493976593,0.10198974609375,0.9889171123504639,1.5544220209121704
70800,1,enc,5.534376621246338,0.44506514072418213,0.288818359375,1.5084631443023682,1.392371416091919
70800,2,enc,6.473229885101318,0.7210712432861328,0.361572265625,1.6228930950164795,1.7667944431304932
70800,0,fcst,4.473198413848877,0.7438917756080627,0.07171630859375,3.1129655838012695,3.1774868965148926
70800,1,fcst,8.552042961120605,0.8845087289810181,0.32958984375,3.1792991161346436,3.715041399002075
70800,2,fcst,6.900563716888428,0.7046886682510376,0.2196044921875,4.762170314788818,5.05934476852417
70800,0,enc,10.135354042053223,0.42384496331214905,0.0826416015625,0.8216953873634338,1.3046430349349976
70800,1,enc,5.52545166015625,0.423842191696167,0.30517578125,1.3193093538284302,1.280901312828064
70800,2,enc,6.465798377990723,0.5969874262809753,0.284423828125,1.4816097021102905,1.6179736852645874
71000,0,enc,10.216620445251465,0.391683965921402,0.111572265625,0.8534743189811707,1.3500373363494873
71000,1,enc,5.528426170349121,0.4660009443759918,0.34619140625,1.3707636594772339,1.4603440761566162
71000,2,enc,6.416543483734131,0.8376805782318115,0.283935546875,1.6352258920669556,2.01516056060791
71000,0,fcst,4.565433025360107,0.6377876400947571,0.0821533203125,3.3639469146728516,3.422337293624878
71000,1,fcst,8.616849899291992,0.8497485518455505,0.327392578125,3.2646589279174805,3.634300708770752
71000,2,fcst,6.956315040588379,0.671245813369751,0.2056884765625,4.851414680480957,5.214750289916992
71000,0,enc,10.232476234436035,0.39459288120269775,0.09124755859375,0.7623509168624878,1.1110992431640625
71000,1,enc,5.51839542388916,0.4635154604911804,0.30810546875,1.2890706062316895,1.307426929473877
71000,2,enc,6.4013285636901855,0.7600120306015015,0.29638671875,1.4522664546966553,1.6497029066085815
71200,0,enc,10.271008491516113,0.4361427426338196,0.11285400390625,0.782337486743927,1.4717075824737549
71200,1,enc,5.554222583770752,0.4818587899208069,0.296630859375,1.448639154434204,1.464957594871521
71200,2,enc,6.325377941131592,0.7056256532669067,0.328857421875,1.4868061542510986,1.8891159296035767
71200,0,fcst,4.490176200866699,0.6769041419029236,0.07354736328125,3.4339585304260254,3.4339585304260254
71200,1,fcst,8.42751407623291,0.8245673179626465,0.32275390625,3.4339585304260254,3.587623119354248
71200,2,fcst,6.906895160675049,0.6389714479446411,0.202392578125,4.866326808929443,5.078185558319092
71200,0,enc,10.259737968444824,0.4360852837562561,0.09014892578125,0.8558402061462402,1.2719862461090088
71200,1,enc,5.518340587615967,0.48623520135879517,0.3037109375,1.2485419511795044,1.24415123462677
71200,2,enc,6.173287868499756,0.6300236582756042,0.318603515625,1.3222520351409912,1.4729540348052979
71400,0,enc,10.35350227355957,0.40622779726982117,0.09942626953125,0.9675200581550598,1.1444792747497559
71400,1,enc,5.646160125732422,0.5081508159637451,0.351806640625,1.2926558256149292,1.4780771732330322
71400,2,enc,6.406918525695801,0.7187960743904114,0.400390625,1.6896182298660278,2.119375705718994
71400,0,fcst,4.4842095375061035,0.625912070274353,0.06683349609375,3.3451855182647705,3.3451855182647705
71400,1,fcst,8.472649574279785,0.8074621558189392,0.2861328125,3.2525105476379395,3.649338722229004
71400,2,fcst,6.957849025726318,0.7109556198120117,0.206787109375,4.951818943023682,4.730561256408691
71400,0,enc,10.30472183227539,0.39713093638420105,0.08843994140625,0.9463582634925842,1.0736775398254395
71400,1,enc,5.620294094085693,0.520416259765625,0.2646484375,1.3051068782806396,1.2986711263656616
71400,2,enc,6.4530930519104,0.74991774559021,0.348876953125,1.3577922582626343,2.0242953300476074
71600,0,enc,10.36611557006836,0.3845732808113098,0.1162109375,0.949121356010437,1.1409779787063599
71600,1,enc,5.6413960456848145,0.4968971610069275,0.3134765625,1.4640761613845825,1.476011872291565
71600,2,enc,6.23331356048584,0.8102809190750122,0.41552734375,1.476417064666748,1.9052197933197021
71600,0,fcst,4.435734272003174,0.5773216485977173,0.07080078125,3.1971354484558105,3.1592936515808105
71600,1,fcst,8.315486907958984,0.8721076846122742,0.300537109375,3.2545175552368164,3.6002440452575684
71600,2,fcst,6.972883224487305,0.7498373985290527,0.21826171875,4.88954496383667,4.687646389007568
71600,0,enc,10.375941276550293,0.39616212248802185,0.0955810546875,0.8910927176475525,1.0486927032470703
71600,1,enc,5.642696380615234,0.4999214708805084,0.220947265625,1.3827388286590576,1.3494746685028076
71600,2,enc,6.237752437591553,0.7499788999557495,0.360107421875,1.4417065382003784,1.7787688970565796
71800,0,enc,10.344402313232422,0.407696932554245,0.107177734375,0.927562415599823,1.077854871749878
71800,1,enc,5.582215309143066,0.45588359236717224,0.376953125,1.3726125955581665,1.360481858253479
71800,2,enc,6.129466533660889,0.8541145324707031,0.41943359375,1.596011996269226,2.2234883308410645
71800,0,fcst,4.484425067901611,0.6579371690750122,0.0863037109375,4.106005668640137,4.145949840545654
71800,1,fcst,8.416919708251953,0.9486438035964966,0.351318359375,4.145536422729492,4.171866416931152
71800,2,fcst,6.956387996673584,0.7372241616249084,0.2010498046875,4.5338568687438965,4.698073387145996
71800,0,enc,10.339385986328125,0.423002690076828,0.08624267578125,0.8458527326583862,1.021226406097412
71800,1,enc,5.6364946365356445,0.4399634003639221,0.329833984375,1.513607382774353,1.5060276985168457
71800,2,enc,6.16356897354126,0.790266752243042,0.378173828125,1.7645323276519775,1.8124349117279053
72000,0,enc,10.28830623626709,0.3944232761859894,0.1083984375,1.0676798820495605,1.1433210372924805
72000,1,enc,5.572700023651123,0.38884344696998596,0.3740234375,1.4093399047851562,1.4249716997146606
72000,2,enc,6.119611740112305,0.6920323967933655,0.4189453125,1.54673171043396,1.98554527759552
72000,0,fcst,4.510254383087158,0.680160403251648,0.07464599609375,3.142530918121338,3.1097922325134277
72000,1,fcst,8.40198802947998,0.8196426033973694,0.32177734375,3.1097922325134277,3.729414939880371
72000,2,fcst,6.824160099029541,0.6528377532958984,0.1923828125,4.9755964279174805,4.602243423461914
72000,0,enc,10.31645679473877,0.3990755081176758,0.098876953125,0.9269413352012634,1.0816113948822021
72000,1,enc,5.569032669067383,0.4149382710456848,0.3369140625,1.417819857597351,1.4021257162094116
72000,2,enc,6.065316677093506,0.6414347290992737,0.38623046875,1.505115032196045,1.6894296407699585
72200,0,enc,10.237605094909668,0.3705868721008301,0.1055908203125,0.92014479637146,1.059710144996643
72200,1,enc,5.5239105224609375,0.5756125450134277,0.420166015625,1.2125067710876465,1.2914156913757324
72200,2,enc,6.076315879821777,0.7416133880615234,0.410888671875,1.3373668193817139,1.9766407012939453
72200,0,fcst,4.54649543762207,0.663374662399292,0.07733154296875,3.728349447250366,3.749525308609009
72200,1,fcst,8.40125560760498,0.9394504427909851,0.321044921875,3.749525308609009,3.7864177227020264
72200,2,fcst,7.002257823944092,0.7578637003898621,0.2122802734375,4.619558334350586,4.761065483093262
72200,0,enc,10.275003433227539,0.36730262637138367,0.09552001953125,0.7921242713928223,0.8846741914749146
72200,1,enc,5.507603645324707,0.5465174913406372,0.36083984375,1.244849443435669,1.1707360744476318
72200,2,enc,6.065639972686768,0.6645163297653198,0.48876953125,1.3182861804962158,1.6357502937316895
72400,0,enc,10.160772323608398,0.41312047839164734,0.11212158203125,1.1553618907928467,1.2721316814422607
72400,1,enc,5.509063243865967,0.43193578720092773,0.4912109375,1.5701544284820557,1.6149135828018188
72400,2,enc,6.091007232666016,0.7611690759658813,0.442626953125,1.698743224143982,1.8660774230957031
72400,0,fcst,4.557409286499023,0.6940833330154419,0.075927734375,3.1560587882995605,3.3459458351135254
72400,1,fcst,8.592855453491211,0.8981813192367554,0.34130859375,3.041959762573242,3.702718734741211
72400,2,fcst,6.912619590759277,0.7363877296447754,0.1893310546875,4.878393173217773,4.7596306800842285
72400,0,enc,10.199252128601074,0.4063238799571991,0.1009521484375,0.955848217010498,1.016355276107788
72400,1,enc,5.4986772537231445,0.4210798740386963,0.39599609375,1.4662083387374878,1.5141514539718628
72400,2,enc,6.067034721374512,0.6263757944107056,0.460693359375,1.648464560508728,1.722152829170227
72600,0,enc,10.07690715789795,0.3892318606376648,0.1158447265625,0.9417678713798523,1.0544183254241943
72600,1,enc,5.474391937255859,0.5036618709564209,0.435546875,1.4964474439620972,1.515470027923584
72600,2,enc,6.145111083984375,0.8929229974746704,0.396728515625,1.6040797233581543,2.1723499298095703
72600,0,fcst,4.582620143890381,0.6964689493179321,0.0771484375,3.91257905960083,3.84421968460083
72600,1,fcst,8.425963401794434,0.9150474667549133,0.3046875,3.663386821746826,3.757516622543335
72600,2,fcst,6.978024482727051,0.6859749555587769,0.21044921875,4.618312358856201,4.7026543617248535
72600,0,enc,10.065092086791992,0.3834085464477539,0.10504150390625,0.9074873328208923,1.066178798675537
72600,1,enc,5.480655193328857,0.504294753074646,0.387939453125,1.4156761169433594,1.4256706237792969
72600,2,enc,6.137606143951416,0.7419003844261169,0.42431640625,1.5939198732376099,1.9471100568771362
72800,0,enc,9.99122142791748,0.33528536558151245,0.11529541015625,0.9523058533668518,1.208343267440796
72800,1,enc,5.472001552581787,0.4632002115249634,0.51318359375,1.4066511392593384,1.4002296924591064
72800,2,enc,6.164311408996582,0.8346880674362183,0.43505859375,1.6426619291305542,1.8435401916503906
72800,0,fcst,4.56943941116333,0.597544252872467,0.09051513671875,3.506855010986328,3.465418815612793
72800,1,fcst,8.371500015258789,0.8631826043128967,0.296875,3.523977041244507,3.5127532482147217
72800,2,fcst,6.923452377319336,0.7082998752593994,0.208984375,4.7422590255737305,5.1963605880737305
72800,0,enc,9.993072509765625,0.33373045921325684,0.1036376953125,0.8064539432525635,1.1694610118865967
72800,1,enc,5.438800811767578,0.4628073573112488,0.4970703125,1.261493444442749,1.3133833408355713
72800,2,enc,6.114809036254883,0.6161395907402039,0.44580078125,1.3954730033874512,1.6053295135498047
73000,0,enc,10.030725479125977,0.3965536952018738,0.10498046875,0.9847820401191711,1.2543405294418335
73000,1,enc,5.404627323150635,0.44347891211509705,0.64208984375,1.4280951023101807,1.3816797733306885
73000,2,enc,5.9558329582214355,0.8020817637443542,0.442626953125,1.7062931060791016,1.964174747467041
73000,0,fcst,4.486720085144043,0.6455106735229492,0.07196044921875,3.7629523277282715,3.7193121910095215
73000,1,fcst,8.577712059020996,0.9564671516418457,0.2958984375,3.343191146850586,3.8098182678222656
73000,2,fcst,6.75713586807251,0.6317755579948425,0.20654296875,4.965658664703369,5.081541061401367
73000,0,enc,10.016246795654297,0.40066805481910706,0.09527587890625,0.8037010431289673,0.9631764888763428
73000,1,enc,5.35406494140625,0.42434951663017273,0.5458984375,1.2430684566497803,1.2473981380462646
73000,2,enc,5.827320098876953,0.7011114358901978,0.4306640625,1.382972240447998,1.8306406736373901
73200,0,enc,9.868718147277832,0.3740527033805847,0.1044921875,1.1211024522781372,1.5383117198944092
73200,1,enc,5.427648067474365,0.4081302583217621,0.55126953125,1.9408893585205078,2.0483789443969727
73200,2,enc,6.062613487243652,0.7739006280899048,0.468505859375,2.04671573638916,2.1286935806274414
73200,0,fcst,4.475583076477051,0.6585274338722229,0.07757568359375,3.8129682540893555,3.8392982482910156
73200,1,fcst,8.467185974121094,0.9385351538658142,0.307861328125,3.6106176376342773,3.6550376415252686
73200,2,fcst,6.973536014556885,0.7642422914505005,0.20849609375,4.67240047454834,5.295658588409424
73200,0,enc,9.875615119934082,0.3712988793849945,0.10223388671875,0.9153234362602234,1.2311437129974365
73200,1,enc,5.395222187042236,0.41850870847702026,0.477294921875,1.5266656875610352,1.5872735977172852
73200,2,enc,6.039653301239014,0.7416889667510986,0.466796875,1.6280317306518555,1.7535982131958008
73400,0,enc,9.886638641357422,0.3787834644317627,0.11553955078125,0.9121236205101013,1.1741538047790527
73400,1,enc,5.466637134552002,0.47270792722702026,0.45263671875,1.2872674465179443,1.3114101886749268
73400,2,enc,5.924897193908691,0.9447346329689026,0.431640625,1.5378600358963013,1.7122669219970703
73400,0,fcst,4.511769771575928,0.6293526291847229,0.078125,3.3009071350097656,3.304141044616699
73400,1,fcst,8.431248664855957,0.9488450288772583,0.283203125,3.260676622390747,3.3614532947540283
73400,2,fcst,6.862514495849609,0.6609105467796326,0.2113037109375,4.6961822509765625,5.0833740234375
73400,0,enc,9.858575820922852,0.38210195302963257,0.103515625,0.7881200909614563,0.9205653667449951
73400,1,enc,5.471222877502441,0.46157604455947876,0.392333984375,1.2551124095916748,1.2373803853988647
73400,2,enc,5.819672584533691,0.771766185760498,0.45654296875,1.3914594650268555,1.726630449295044
73600,0,enc,9.77242660522461,0.3798465132713318,0.11297607421875,0.9276074171066284,1.0883007049560547
73600,1,enc,5.43030309677124,0.4271891713142395,0.57666015625,1.2648749351501465,1.3461195230484009
73600,2,enc,5.947390079498291,0.7467775940895081,0.456298828125,1.609095811843872,1.8069713115692139
73600,0,fcst,4.435090065002441,0.5791142582893372,0.08612060546875,3.105618953704834,3.1449527740478516
73600,1,fcst,8.594085693359375,0.8724295496940613,0.335205078125,3.3710062503814697,3.4714198112487793
73600,2,fcst,6.978814125061035,0.6908606886863708,0.230712890625,4.743520259857178,4.921567440032959
73600,0,enc,9.786749839782715,0.3694290518760681,0.10577392578125,0.8896497488021851,1.0054214000701904
73600,1,enc,5.399095058441162,0.40583890676498413,0.39208984375,1.2287825345993042,1.3116042613983154
73600,2,enc,5.9338884353637695,0.7023504972457886,0.45263671875,1.4908151626586914,1.8295705318450928
73800,0,enc,9.593698501586914,0.4111066162586212,0.1163330078125,1.199293613433838,1.199293613433838
73800,1,enc,5.365941524505615,0.4300813674926758,0.69091796875,1.3682916164398193,1.4231230020523071
73800,2,enc,5.886463642120361,0.7046361565589905,0.42919921875,1.5616004467010498,1.9444838762283325
73800,0,fcst,4.446753978729248,0.6467452049255371,0.06982421875,3.4706900119781494,3.4706900119781494
73800,1,fcst,8.646647453308105,0.9312022924423218,0.317138671875,3.3453962802886963,3.5278501510620117
73800,2,fcst,6.880211353302002,0.6568625569343567,0.2249755859375,5.4060235023498535,4.933927536010742
73800,0,enc,9.645368576049805,0.421099990606308,0.101806640625,0.9380151629447937,1.0788843631744385
73800,1,enc,5.37723970413208,0.40196317434310913,0.438232421875,1.4187877178192139,1.4326198101043701
73800,2,enc,5.848278999328613,0.7256779074668884,0.44921875,1.5612773895263672,1.7472219467163086
74000,0,enc,9.669173240661621,0.3897324800491333,0.10748291015625,1.2130237817764282,1.3300853967666626
74000,1,enc,5.420641899108887,0.44394269585609436,0.447509765625,1.6292119026184082,1.6205779314041138
74000,2,enc,5.83333158493042,0.7520966529846191,0.410888671875,1.8057360649108887,1.8989728689193726
74000,0,fcst,4.454505443572998,0.6203932166099548,0.07012939453125,3.3057291507720947,3.3057291507720947
74000,1,fcst,8.640107154846191,0.8438827991485596,0.2724609375,3.3633041381835938,3.4392590522766113
74000,2,fcst,7.112152576446533,0.7534896731376648,0.2384033203125,4.630918025970459,4.88277530670166
74000,0,enc,9.677776336669922,0.3835223317146301,0.10009765625,1.084169864654541,1.183168888092041
74000,1,enc,5.385420799255371,0.4146861135959625,0.41650390625,1.4583582878112793,1.4512590169906616
74000,2,enc,5.887909889221191,0.7344692349433899,0.43310546875,1.5753792524337769,1.661502718925476
74200,0,enc,9.506732940673828,0.43567752838134766,0.109130859375,1.0627927780151367,1.2467120885849
74200,1,enc,5.386765003204346,0.38223081827163696,0.4140625,1.6340079307556152,1.680191159248352
74200,2,enc,5.921741485595703,0.752613365650177,0.457275390625,1.7377268075942993,2.0563666820526123
74200,0,fcst,4.4377665519714355,0.6492671370506287,0.08935546875,3.801729679107666,3.845062255859375
74200,1,fcst,8.601080894470215,0.8978707790374756,0.313720703125,3.649818181991577,3.7425239086151123
74200,2,fcst,6.972048282623291,0.7051904797554016,0.234375,4.62995719909668,4.642153739929199
74200,0,enc,9.535731315612793,0.43976274132728577,0.09368896484375,0.8991496562957764,1.0359572172164917
74200,1,enc,5.338903903961182,0.3201825022697449,0.3974609375,1.5073394775390625,1.5404205322265625
74200,2,enc,5.8442301750183105,0.7103997468948364,0.48828125,1.6696563959121704,1.7244354486465454
74400,0,enc,9.482341766357422,0.453585684299469,0.1160888671875,0.9599941372871399,1.111379623413086
74400,1,enc,5.417071342468262,0.3525562286376953,0.48779296875,1.3308334350585938,1.4563623666763306
74400,2,enc,5.923353672027588,0.795326828956604,0.537109375,1.5262203216552734,1.7739944458007812
74400,0,fcst,4.506995677947998,0.7130180597305298,0.0692138671875,2.97821307182312,3.0203957557678223
74400,1,fcst,8.842032432556152,0.8837700486183167,0.33154296875,2.9259426593780518,3.3267197608947754
74400,2,fcst,6.947551727294922,0.697758674621582,0.222900390625,4.656251907348633,4.955236911773682
74400,0,enc,9.47006607055664,0.4585764408111572,0.10272216796875,0.9247274398803711,1.000062346458435
74400,1,enc,5.40601110458374,0.36398977041244507,0.470947265625,1.439802646636963,1.4501557350158691
74400,2,enc,5.811782360076904,0.784280002117157,0.54736328125,1.6231780052185059,1.5383703708648682
74600,0,enc,9.432872772216797,0.4135746359825134,0.1143798828125,1.219861388206482,1.3470180034637451
74600,1,enc,5.41006326675415,0.3926011025905609,0.5849609375,1.4970245361328125,1.5283219814300537
74600,2,enc,5.907664775848389,0.6558797955513,0.475341796875,1.8647956848144531,1.7406635284423828
74600,0,fcst,4.414508819580078,0.6530711650848389,0.0921630859375,3.1793980598449707,3.3145570755004883
74600,1,fcst,8.8131685256958,0.8552111983299255,0.331787109375,3.230699300765991,3.5697922706604004
74600,2,fcst,6.949606418609619,0.711296558380127,0.22802734375,4.834773063659668,5.0865092277526855
74600,0,enc,9.455437660217285,0.41273972392082214,0.1029052734375,1.0575120449066162,1.1373960971832275
74600,1,enc,5.41136360168457,0.38911840319633484,0.4658203125,1.5463535785675049,1.497511863708496
74600,2,enc,5.844988822937012,0.6866045594215393,0.456298828125,1.7570186853408813,1.6804914474487305
74800,0,enc,9.580351829528809,0.42367008328437805,0.1033935546875,1.0430140495300293,1.2061035633087158
74800,1,enc,5.437656879425049,0.36907610297203064,0.5166015625,1.3276900053024292,1.5230623483657837
74800,2,enc,5.8113861083984375,0.7773880362510681,0.478515625,1.660459280014038,1.8781706094741821
74800,0,fcst,4.460813045501709,0.6586599349975586,0.0709228515625,3.1532979011535645,3.2276930809020996
74800,1,fcst,9.091429710388184,0.8276024460792542,0.298095703125,3.3194875717163086,3.349055767059326
74800,2,fcst,6.906286239624023,0.6688205003738403,0.21435546875,4.986621856689453,4.539797782897949
74800,0,enc,9.550353050231934,0.4211176633834839,0.0987548828125,0.9263550639152527,0.9619690775871277
74800,1,enc,5.453296661376953,0.377908855676651,0.42724609375,1.2271583080291748,1.3881070613861084
74800,2,enc,5.759066581726074,0.756328821182251,0.47900390625,1.4994630813598633,1.5666351318359375
75000,0,enc,9.732963562011719,0.4083826243877411,0.10662841796875,0.8883661031723022,1.3397971391677856
75000,1,enc,5.400640487670898,0.3694482743740082,0.50439453125,1.3242530822753906,1.3831385374069214
75000,2,enc,5.799503803253174,0.7670038342475891,0.48876953125,1.5037591457366943,2.2981979846954346
75000,0,fcst,4.474996089935303,0.6311053037643433,0.07293701171875,3.6453866958618164,3.69045090675354
75000,1,fcst,9.135364532470703,0.8720700144767761,0.3251953125,3.69045090675354,3.780850648880005
75000,2,fcst,7.070468902587891,0.6987239718437195,0.2178955078125,4.690695285797119,4.978046894073486
75000,0,enc,9.731354713439941,0.42126622796058655,0.095458984375,0.9837458729743958,1.094890832901001
75000,1,enc,5.391960620880127,0.36826199293136597,0.47802734375,1.417967677116394,1.4246433973312378
75000,2,enc,5.787549018859863,0.8009892106056213,0.41943359375,1.5463324785232544,1.9769532680511475
75200,0,enc,9.96764087677002,0.44050127267837524,0.1104736328125,0.9886162877082825,1.0889045000076294
75200,1,enc,5.438270568847656,0.41803961992263794,0.501953125,1.2732442617416382,1.3473002910614014
75200,2,enc,5.774807929992676,0.7109003067016602,0.5263671875,1.4871972799301147,2.0551161766052246
75200,0,fcst,4.531733989715576,0.6248409152030945,0.08221435546875,3.4296040534973145,3.4296040534973145
75200,1,fcst,8.97658920288086,0.9850024580955505,0.338134765625,3.2506895065307617,3.3916728496551514
75200,2,fcst,7.106831073760986,0.6526844501495361,0.2266845703125,4.953248500823975,4.682763576507568
75200,0,enc,9.962499618530273,0.4284343719482422,0.09881591796875,0.8520008325576782,1.0235271453857422
75200,1,enc,5.4226155281066895,0.38574331998825073,0.4306640625,1.2447035312652588,1.3437793254852295
75200,2,enc,5.648412227630615,0.677928626537323,0.50341796875,1.5624274015426636,1.640178918838501
75400,0,enc,10.102011680603027,0.4497324526309967,0.1025390625,0.9955085515975952,1.1122897863388062
75400,1,enc,5.449653148651123,0.3887222111225128,0.57958984375,1.4196685552597046,1.5533355474472046
75400,2,enc,5.828462600708008,0.7347536087036133,0.529296875,1.600496768951416,1.7955899238586426
75400,0,fcst,4.534580230712891,0.6330194473266602,0.0762939453125,3.507011890411377,3.6495628356933594
75400,1,fcst,8.932693481445312,0.8572385907173157,0.3193359375,3.4963817596435547,3.5759308338165283
75400,2,fcst,7.310945510864258,0.6325629949569702,0.229248046875,4.774267196655273,4.690572261810303
75400,0,enc,10.097405433654785,0.4564743936061859,0.10626220703125,0.9507332444190979,1.0637092590332031
75400,1,enc,5.444339752197266,0.36099305748939514,0.52783203125,1.3680912256240845,1.3918207883834839
75400,2,enc,5.779253959655762,0.7335536479949951,0.473388671875,1.546952486038208,1.713578462600708
75600,0,enc,10.175536155700684,0.4387660324573517,0.11090087890625,0.9752500057220459,1.231428861618042
75600,1,enc,5.500650882720947,0.42921653389930725,0.486083984375,1.3338948488235474,1.4038114547729492
75600,2,enc,5.805138111114502,0.8004937171936035,0.444091796875,1.6256532669067383,1.7776583433151245
75600,0,fcst,4.575951099395752,0.6247467994689941,0.08135986328125,3.3787989616394043,3.414775848388672
75600,1,fcst,8.692544937133789,0.8900279402732849,0.34033203125,3.414775848388672,3.7057204246520996
75600,2,fcst,7.171886920928955,0.6998324990272522,0.2054443359375,5.1011247634887695,5.008820056915283
75600,0,enc,10.148455619812012,0.41127902269363403,0.10406494140625,0.8531553745269775,1.030030369758606
75600,1,enc,5.480825424194336,0.4791630506515503,0.49853515625,1.290147304534912,1.380967617034912
75600,2,enc,5.7427144050598145,0.7817216515541077,0.44091796875,1.5028226375579834,1.6048028469085693
75800,0,enc,10.190937995910645,0.4975244700908661,0.11102294921875,0.9388908743858337,1.2239229679107666
75800,1,enc,5.471790790557861,0.45455068349838257,0.6015625,1.4497790336608887,1.458107829093933
75800,2,enc,5.718315601348877,0.8141414523124695,0.4677734375,1.5406651496887207,1.9711682796478271
75800,0,fcst,4.521317481994629,0.6900023818016052,0.0771484375,3.462477684020996,3.5543017387390137
75800,1,fcst,8.651069641113281,0.9032523036003113,0.332275390625,3.177668571472168,3.452791213989258
75800,2,fcst,6.890087127685547,0.7249578237533569,0.2247314453125,4.755263328552246,4.769412994384766
75800,0,enc,10.174397468566895,0.5144408345222473,0.10455322265625,0.9378917217254639,1.1201475858688354
75800,1,enc,5.466465950012207,0.4198477566242218,0.5234375,1.5020976066589355,1.517158031463623
75800,2,enc,5.645585536956787,0.7244310975074768,0.459716796875,1.6315377950668335,1.6888803243637085
76000,0,enc,10.30753231048584,0.3894282877445221,0.10980224609375,1.2714884281158447,1.4939393997192383
76000,1,enc,5.422063827514648,0.45834842324256897,0.54345703125,1.849453091621399,1.7796016931533813
76000,2,enc,5.74313497543335,0.731711745262146,0.4970703125,1.8687000274658203,2.068488359451294
76000,0,fcst,4.495106220245361,0.6903795003890991,0.0914306640625,4.10251522064209,4.17697811126709
76000,1,fcst,8.747594833374023,0.8900381326675415,0.322998046875,4.187429428100586,4.146841049194336
76000,2,fcst,6.938851833343506,0.6398342251777649,0.2293701171875,5.137486457824707,4.598905563354492
76000,0,enc,10.320686340332031,0.39761263132095337,0.09796142578125,1.1341663599014282,1.327273964881897
76000,1,enc,5.417215824127197,0.4053513705730438,0.51513671875,1.688951849937439,1.668077826499939
76000,2,enc,5.638213157653809,0.6580412983894348,0.5048828125,1.8204960823059082,2.017517566680908
76200,0,enc,10.385547637939453,0.3674921989440918,0.10772705078125,1.1404074430465698,1.1515802145004272
76200,1,enc,5.423971176147461,0.4758034944534302,0.58251953125,1.3657995462417603,1.3615843057632446
76200,2,enc,5.859090328216553,0.7651306986808777,0.477294921875,1.581934928894043,1.8624849319458008
76200,0,fcst,4.515305519104004,0.727545440196991,0.07196044921875,3.1009819507598877,3.1358397006988525
76200,1,fcst,8.757757186889648,0.9648343324661255,0.30615234375,3.1025638580322266,3.5999536514282227
76200,2,fcst,7.114153861999512,0.6721794009208679,0.20263671875,4.437033653259277,4.9467926025390625
76200,0,enc,10.411412239074707,0.37248584628105164,0.09747314453125,0.8151299357414246,0.9424821734428406
76200,1,enc,5.426963806152344,0.42222192883491516,0.476806640625,1.2239559888839722,1.2607601881027222
76200,2,enc,5.761372089385986,0.6475907564163208,0.5087890625,1.4283926486968994,1.732298493385315
76400,0,enc,10.420876502990723,0.4360028803348541,0.1083984375,1.0863491296768188,1.1082513332366943
76400,1,enc,5.396974086761475,0.39305204153060913,0.4833984375,1.344072937965393,1.3273645639419556
76400,2,enc,5.722320079803467,0.764708399772644,0.414794921875,1.453147292137146,2.049631357192993
76400,0,fcst,4.54310941696167,0.6724725365638733,0.07562255859375,3.565173625946045,3.638890504837036
76400,1,fcst,8.727242469787598,0.8777204155921936,0.312255859375,3.479626417160034,3.5161798000335693
76400,2,fcst,6.957237720489502,0.6029604077339172,0.2158203125,4.936403751373291,4.7022905349731445
76400,0,enc,10.443717002868652,0.3921031653881073,0.098876953125,0.9678612351417542,1.0479402542114258
76400,1,enc,5.413634300231934,0.4387376010417938,0.463623046875,1.298599362373352,1.361953854560852
76400,2,enc,5.665041923522949,0.7480658888816833,0.45654296875,1.4300720691680908,1.4989653825759888
76600,0,enc,10.588088989257812,0.42827320098876953,0.10882568359375,1.1054637432098389,1.2975783348083496
76600,1,enc,5.338291168212891,0.4661249816417694,0.51904296875,1.3830839395523071,1.3848010301589966
76600,2,enc,5.743710994720459,0.9570475220680237,0.4345703125,1.534888505935669,1.7106986045837402
76600,0,fcst,4.480490684509277,0.6537835597991943,0.0870361328125,3.1605498790740967,3.1810474395751953
76600,1,fcst,8.841499328613281,0.8920498490333557,0.314697265625,3.1581690311431885,3.529278039932251
76600,2,fcst,7.007937908172607,0.6713239550590515,0.220947265625,5.832004070281982,4.681800365447998
76600,0,enc,10.557573318481445,0.4293976426124573,0.09783935546875,1.0641489028930664,1.1165748834609985
76600,1,enc,5.3385820388793945,0.4686509966850281,0.489013671875,1.391520380973816,1.384015440940857
76600,2,enc,5.7259626388549805,0.787325918674469,0.450439453125,1.4631825685501099,1.456449270248413
76800,0,enc,10.618925094604492,0.4107179641723633,0.1123046875,1.0087718963623047,1.2155616283416748
76800,1,enc,5.439367771148682,0.43074390292167664,0.490234375,1.5057867765426636,1.5387966632843018
76800,2,enc,5.85008430480957,0.7728080153465271,0.3798828125,1.801973819732666,1.9158704280853271
76800,0,fcst,4.534600734710693,0.6634753346443176,0.07391357421875,3.390632152557373,3.5556983947753906
76800,1,fcst,8.83619499206543,0.9531978964805603,0.32080078125,3.590447187423706,3.651730537414551
76800,2,fcst,6.983606338500977,0.6755033135414124,0.20556640625,5.2415947914123535,5.068413257598877
76800,0,enc,10.639087677001953,0.4219636917114258,0.10552978515625,0.7551901340484619,0.9484376311302185
76800,1,enc,5.440323829650879,0.45606866478919983,0.46533203125,1.2135913372039795,1.2872607707977295
76800,2,enc,5.790804386138916,0.7663983702659607,0.416748046875,1.4645965099334717,1.7746599912643433
77000,0,enc,10.617156028747559,0.4364393651485443,0.11993408203125,1.1993440389633179,1.188908338546753
77000,1,enc,5.520225524902344,0.541308581829071,0.440673828125,1.5725499391555786,1.581281304359436
77000,2,enc,5.896586894989014,0.9464935064315796,0.342529296875,1.6180663108825684,2.108517646789551
77000,0,fcst,4.555246353149414,0.6817061901092529,0.07940673828125,3.908202648162842,3.979973554611206
77000,1,fcst,8.886502265930176,0.8992105722427368,0.322998046875,3.8498165607452393,3.880164623260498
77000,2,fcst,7.205557346343994,0.6502456068992615,0.2120361328125,5.07649040222168,4.595690727233887
77000,0,enc,10.606047630310059,0.4261954128742218,0.10955810546875,1.108977198600769,1.166899561882019
77000,1,enc,5.505168437957764,0.4920615553855896,0.42724609375,1.4993953704833984,1.532043695449829
77000,2,enc,5.866820812225342,0.8513591289520264,0.337158203125,1.6062332391738892,2.1428542137145996
77200,0,enc,10.592095375061035,0.40436580777168274,0.1312255859375,0.9495646357536316,1.0180069208145142
77200,1,enc,5.565527439117432,0.5292039513587952,0.480712890625,1.1925173997879028,1.190279483795166
77200,2,enc,5.938313961029053,0.8367530107498169,0.4189453125,1.6323974132537842,1.9651886224746704
77200,0,fcst,4.496352672576904,0.6642048954963684,0.074951171875,3.4690356254577637,3.522373676300049
77200,1,fcst,8.933843612670898,0.809732973575592,0.34326171875,3.4699039459228516,3.5409927368164062
77200,2,fcst,7.076450347900391,0.7270045876502991,0.217529296875,4.85855770111084,4.936140060424805
77200,0,enc,10.584847450256348,0.4021838903427124,0.11981201171875,0.7504531145095825,0.960530161857605
77200,1,enc,5.51573371887207,0.5169359445571899,0.389892578125,1.1972659826278687,1.2251895666122437
77200,2,enc,5.945512294769287,0.7713019251823425,0.36376953125,1.3881492614746094,1.737944483757019
77400,0,enc,10.50313949584961,0.36962124705314636,0.12109375,0.8726809024810791,1.0129467248916626
77400,1,enc,5.654282569885254,0.46490564942359924,0.58984375,1.1706573963165283,1.2473520040512085
77400,2,enc,6.005233287811279,0.7381346821784973,0.42822265625,1.586775779724121,1.8063724040985107
77400,0,fcst,4.490272521972656,0.6796495318412781,0.07183837890625,3.1141390800476074,3.132704019546509
77400,1,fcst,8.680511474609375,0.9233390092849731,0.324951171875,3.1204779148101807,3.2946267127990723
77400,2,fcst,7.190950870513916,0.6744856238365173,0.2169189453125,4.537591934204102,4.712966442108154
77400,0,enc,10.520180702209473,0.40549811720848083,0.1087646484375,0.7918747663497925,0.79985511302948
77400,1,enc,5.644364833831787,0.4662875533103943,0.469970703125,1.0400922298431396,1.1395795345306396
77400,2,enc,5.968485355377197,0.6455655097961426,0.394775390625,1.3512202501296997,1.5658317804336548
77600,0,enc,10.353500366210938,0.39893168210983276,0.1412353515625,0.923424243927002,1.0592613220214844
77600,1,enc,5.699528217315674,0.4279615581035614,0.56494140625,1.189347743988037,1.3511247634887695
77600,2,enc,5.963469505310059,0.6894313097000122,0.434814453125,1.4392648935317993,1.9430392980575562
77600,0,fcst,4.557671070098877,0.701675534248352,0.068115234375,3.069272041320801,3.0900917053222656
77600,1,fcst,8.761382102966309,0.9302612543106079,0.287353515625,3.0701053142547607,3.9023537635803223
77600,2,fcst,6.9968461990356445,0.6511003971099854,0.2093505859375,4.744397163391113,4.604726791381836
77600,0,enc,10.36160659790039,0.39578860998153687,0.1278076171875,0.8405031561851501,0.8970534205436707
77600,1,enc,5.6852946281433105,0.4026066064834595,0.52197265625,1.2847073078155518,1.3106790781021118
77600,2,enc,5.924398422241211,0.6165249943733215,0.449462890625,1.4885187149047852,1.5711188316345215
77800,0,enc,10.297240257263184,0.42723968625068665,0.135498046875,0.7912861704826355,1.0364973545074463
77800,1,enc,5.757959365844727,0.4716651737689972,0.595703125,1.077235460281372,1.1349475383758545
77800,2,enc,5.901138782501221,0.8005850315093994,0.416748046875,1.4255871772766113,1.7781932353973389
77800,0,fcst,4.508277893066406,0.6100098490715027,0.0760498046875,2.930405616760254,2.936509847640991
77800,1,fcst,8.914661407470703,0.9562800526618958,0.353515625,3.0154242515563965,3.409425735473633
77800,2,fcst,6.977463245391846,0.7049527168273926,0.1986083984375,4.630068302154541,4.677600860595703
77800,0,enc,10.288655281066895,0.4180976450443268,0.12188720703125,0.760004460811615,0.9828752279281616
77800,1,enc,5.76052188873291,0.48379310965538025,0.5263671875,1.0792169570922852,1.0720107555389404
77800,2,enc,5.887096881866455,0.6296266317367554,0.4638671875,1.1711742877960205,1.766828179359436
78000,0,enc,10.0723295211792,0.38042542338371277,0.1361083984375,0.8902628421783447,1.115593671798706
78000,1,enc,5.7101731300354,0.3743537664413452,0.45166015625,1.2761211395263672,1.3864591121673584
78000,2,enc,5.906962871551514,0.7102437615394592,0.47265625,1.3928347826004028,2.2104721069335938
78000,0,fcst,4.543551921844482,0.6718361377716064,0.0816650390625,3.282705307006836,3.284688949584961
78000,1,fcst,8.77023696899414,0.8722146153450012,0.334716796875,3.409221649169922,3.3749232292175293
78000,2,fcst,7.188786029815674,0.7048872113227844,0.2264404296875,4.669287204742432,4.453283786773682
78000,0,enc,10.08031177520752,0.36507537961006165,0.12481689453125,0.7922982573509216,0.9285585284233093
78000,1,enc,5.709667205810547,0.401850163936615,0.4912109375,1.1752078533172607,1.2638919353485107
78000,2,enc,5.85978364944458,0.7303392291069031,0.433837890625,1.389334797859192,1.6042312383651733
78200,0,enc,10.03208065032959,0.32369059324264526,0.1187744140625,0.9491572380065918,1.2103937864303589
78200,1,enc,5.6641845703125,0.47075656056404114,0.418701171875,1.432544469833374,1.4986319541931152
78200,2,enc,5.87127685546875,0.7879560589790344,0.4208984375,1.6672765016555786,2.0947368144989014
78200,0,fcst,4.501156330108643,0.5568785667419434,0.07696533203125,3.3193726539611816,3.3253841400146484
78200,1,fcst,8.727853775024414,0.9126085638999939,0.375244140625,3.310302972793579,3.6080667972564697
78200,2,fcst,7.218104362487793,0.6440039277076721,0.2044677734375,4.792250156402588,4.93077278137207
78200,0,enc,10.011833190917969,0.34002283215522766,0.1104736328125,0.9103814363479614,1.020798921585083
78200,1,enc,5.671104431152344,0.4462074339389801,0.45703125,1.3260027170181274,1.4248186349868774
78200,2,enc,5.850356578826904,0.6145473718643188,0.427978515625,1.649077296257019,1.8389723300933838
78400,0,enc,9.949399948120117,0.45139431953430176,0.11895751953125,0.9905368685722351,1.309970498085022
78400,1,enc,5.729543685913086,0.42739319801330566,0.59912109375,1.3117724657058716,1.3318077325820923
78400,2,enc,5.889091968536377,0.719268798828125,0.3994140625,1.5723018646240234,1.8073848485946655
78400,0,fcst,4.5575852394104,0.7533543109893799,0.0740966796875,3.1692256927490234,3.1757726669311523
78400,1,fcst,8.8062105178833,0.825806736946106,0.31640625,3.216987133026123,3.3691606521606445
78400,2,fcst,7.001148223876953,0.6974520087242126,0.2076416015625,4.627281188964844,4.81655740737915
78400,0,enc,9.953658103942871,0.44051095843315125,0.108642578125,0.8885380625724792,1.121814489364624
78400,1,enc,5.74691104888916,0.42010700702667236,0.51611328125,1.273496150970459,1.3316421508789062
78400,2,enc,5.884249687194824,0.6346758604049683,0.408203125,1.4283050298690796,1.6658538579940796
78600,0,enc,9.848799705505371,0.41693589091300964,0.11383056640625,0.9668872356414795,1.2856407165527344
78600,1,enc,5.654932975769043,0.43562543392181396,0.432861328125,1.3310624361038208,1.3819589614868164
78600,2,enc,5.963220596313477,0.8650636672973633,0.38037109375,1.4695698022842407,1.9361348152160645
78600,0,fcst,4.587399005889893,0.7259146571159363,0.0888671875,3.54001784324646,3.618820905685425
78600,1,fcst,8.557910919189453,0.830863893032074,0.309814453125,3.415731430053711,3.8587584495544434
78600,2,fcst,7.035126209259033,0.6485347151756287,0.201171875,5.137507915496826,5.271785259246826
78600,0,enc,9.850996017456055,0.4133734107017517,0.102783203125,0.7868987321853638,0.9257634282112122
78600,1,enc,5.65867280960083,0.42166945338249207,0.39794921875,1.158660650253296,1.1441266536712646
78600,2,enc,5.8459553718566895,0.6837015151977539,0.37744140625,1.253819465637207,1.719732642173767
78800,0,enc,9.849225044250488,0.44919440150260925,0.12493896484375,1.101089358329773,1.2065601348876953
78800,1,enc,5.564670562744141,0.37308448553085327,0.433349609375,1.3481777906417847,1.3367259502410889
78800,2,enc,5.965110778808594,0.7266408801078796,0.38916015625,1.485796332359314,1.983290433883667
78800,0,fcst,4.586581707000732,0.6107008457183838,0.0679931640625,3.3305931091308594,3.3409013748168945
78800,1,fcst,8.656251907348633,0.9090337753295898,0.31982421875,3.229884624481201,3.5861475467681885
78800,2,fcst,7.298279762268066,0.6681568026542664,0.217041015625,4.823644161224365,4.920674800872803
78800,0,enc,9.863239288330078,0.44432640075683594,0.1126708984375,0.9550545811653137,1.020972490310669
78800,1,enc,5.547330856323242,0.40528491139411926,0.3740234375,1.3801393508911133,1.3405275344848633
78800,2,enc,5.887523651123047,0.6676585674285889,0.36767578125,1.4202864170074463,1.8338606357574463
79000,0,enc,9.794672966003418,0.456403911113739,0.11346435546875,0.993540346622467,1.0994117259979248
79000,1,enc,5.507715225219727,0.3907650113105774,0.328125,1.274070382118225,1.3504999876022339
79000,2,enc,5.935457706451416,0.8343712687492371,0.347412109375,1.538550853729248,1.852905511856079
79000,0,fcst,4.560462474822998,0.5740070939064026,0.06683349609375,3.417494773864746,3.4037578105926514
79000,1,fcst,8.669523239135742,0.9221187233924866,0.3037109375,3.1883528232574463,3.6193900108337402
79000,2,fcst,6.964831829071045,0.7148177027702332,0.1966552734375,4.909449577331543,5.082233428955078
79000,0,enc,9.829263687133789,0.45380741357803345,0.10223388671875,0.8285714983940125,0.960023045539856
79000,1,enc,5.477258205413818,0.3876836895942688,0.3251953125,1.2665817737579346,1.2691891193389893
79000,2,enc,5.891571521759033,0.5986976027488708,0.327880859375,1.3434785604476929,1.6955899000167847
79200,0,enc,9.803985595703125,0.47565707564353943,0.12432861328125,1.0096205472946167,1.072284460067749
79200,1,enc,5.454525470733643,0.4218809902667999,0.393310546875,1.1904783248901367,1.2156084775924683
79200,2,enc,5.947671890258789,0.7472445368766785,0.365966796875,1.4997859001159668,1.7334126234054565
79200,0,fcst,4.5438761711120605,0.6594454050064087,0.0797119140625,3.27358078956604,3.27358078956604
79200,1,fcst,8.72206974029541,0.8481134176254272,0.3115234375,3.1911096572875977,3.538381576538086
79200,2,fcst,6.918095588684082,0.7202780246734619,0.2242431640625,5.444497108459473,4.621509552001953
79200,0,enc,9.814681053161621,0.4790794253349304,0.0966796875,0.9150858521461487,1.0423539876937866
79200,1,enc,5.420762538909912,0.43610164523124695,0.352294921875,1.258698582649231,1.289857029914856
79200,2,enc,5.9661173820495605,0.6800293922424316,0.364990234375,1.4154984951019287,1.775177001953125
79400,0,enc,9.69039249420166,0.4492131173610687,0.104248046875,1.0670775175094604,1.2372711896896362
79400,1,enc,5.519935131072998,0.48577991127967834,0.41552734375,1.512238621711731,1.5820900201797485
79400,2,enc,5.903190612792969,0.7619205117225647,0.365966796875,1.5820900201797485,1.9584451913833618
79400,0,fcst,4.566806316375732,0.6987917423248291,0.07232666015625,3.527390956878662,3.527390956878662
79400,1,fcst,8.769089698791504,0.9453480839729309,0.3056640625,3.360605239868164,3.580810785293579
79400,2,fcst,6.9648919105529785,0.6966596245765686,0.2342529296875,4.689607620239258,4.940921783447266
79400,0,enc,9.694592475891113,0.4537893533706665,0.09197998046875,1.0855239629745483,1.1140578985214233
79400,1,enc,5.495933532714844,0.43206724524497986,0.357177734375,1.4308096170425415,1.3537222146987915
79400,2,enc,5.86487340927124,0.6634480953216553,0.3515625,1.4590611457824707,1.5637874603271484
79600,0,enc,9.559664726257324,0.39588385820388794,0.10693359375,1.037188172340393,1.1307076215744019
79600,1,enc,5.492053031921387,0.4272167980670929,0.427978515625,1.3721823692321777,1.3844741582870483
79600,2,enc,5.95072078704834,0.8029929995536804,0.3916015625,1.476907730102539,1.855835199356079
79600,0,fcst,4.542734622955322,0.5753502249717712,0.07177734375,3.3636398315429688,3.3095898628234863
79600,1,fcst,8.919999122619629,0.8633009195327759,0.3505859375,3.318676710128784,3.6455795764923096
79600,2,fcst,6.965714931488037,0.6872413754463196,0.2117919921875,4.703202247619629,4.703202247619629
79600,0,enc,9.58271312713623,0.4046630561351776,0.10076904296875,0.8652163743972778,0.9055761098861694
79600,1,enc,5.434830665588379,0.3977358341217041,0.3955078125,1.226816177368164,1.2153372764587402
79600,2,enc,5.938448905944824,0.5797022581100464,0.38037109375,1.3249517679214478,1.9764395952224731
79800,0,enc,9.641519546508789,0.3942095935344696,0.1063232421875,0.9106964468955994,1.5221432447433472
79800,1,enc,5.3705153465271,0.4002825617790222,0.420654296875,1.5221432447433472,1.5221432447433472
79800,2,enc,6.092443466186523,0.7375657558441162,0.427734375,1.522430181503296,2.1337532997131348
79800,0,fcst,4.535889148712158,0.6334521770477295,0.0745849609375,3.357285737991333,3.259629487991333
79800,1,fcst,8.773947715759277,0.8211647868156433,0.33837890625,3.3223347663879395,3.788100004196167
79800,2,fcst,6.836738109588623,0.6404237151145935,0.2227783203125,5.02913761138916,5.118461608886719
79800,0,enc,9.623319625854492,0.40113282203674316,0.09832763671875,0.8042101860046387,1.152385950088501
79800,1,enc,5.370725154876709,0.4316747188568115,0.44189453125,1.4333150386810303,1.4616963863372803
79800,2,enc,5.9767351150512695,0.632662832736969,0.430419921875,1.5130585432052612,1.825980305671692
80000,0,enc,9.524245262145996,0.39606982469558716,0.109375,0.9491257071495056,1.1787534952163696
80000,1,enc,5.411205291748047,0.40418535470962524,0.41064453125,1.3659635782241821,1.3678189516067505
80000,2,enc,6.133106708526611,0.6928426027297974,0.44384765625,1.5649981498718262,1.8956527709960938
80000,0,fcst,4.575347423553467,0.6056777834892273,0.07568359375,3.0824790000915527,3.0809988975524902
80000,1,fcst,8.693633079528809,0.9102843999862671,0.293212890625,3.133406639099121,3.667616605758667
80000,2,fcst,7.104273796081543,0.6563584208488464,0.198486328125,5.008230686187744,4.614621639251709
80000,0,enc,9.529389381408691,0.3909778296947479,0.09820556640625,0.8424537777900696,0.9427268505096436
80000,1,enc,5.3569512367248535,0.3932035267353058,0.385009765625,1.178138017654419,1.129584550857544
80000,2,enc,6.172840595245361,0.6628420948982239,0.406494140625,1.2726225852966309,1.8466546535491943
80200,0,enc,9.551582336425781,0.4191315174102783,0.10711669921875,0.8816958665847778,1.2134320735931396
80200,1,enc,5.57125997543335,0.38409683108329773,0.4189453125,1.290386438369751,1.2695398330688477
80200,2,enc,6.275418281555176,0.8417868614196777,0.4501953125,1.5653883218765259,1.8548980951309204
80200,0,fcst,4.585973262786865,0.6376175880432129,0.07537841796875,3.1902966499328613,3.0828070640563965
80200,1,fcst,8.6878080368042,0.9560152292251587,0.3115234375,3.0042600631713867,3.563469648361206
80200,2,fcst,7.005603313446045,0.6265165209770203,0.200439453125,4.842751502990723,4.613548278808594
80200,0,enc,9.570982933044434,0.41895726323127747,0.09600830078125,0.8112941980361938,0.9791789650917053
80200,1,enc,5.549484729766846,0.38551145792007446,0.431884765625,1.2018502950668335,1.2370675802230835
80200,2,enc,6.156232833862305,0.7337063550949097,0.437255859375,1.3537483215332031,1.6398249864578247
80400,0,enc,9.533880233764648,0.4068445861339569,0.10693359375,1.2337690591812134,1.265626072883606
80400,1,enc,5.51324987411499,0.4153371751308441,0.43212890625,1.5441381931304932,1.5391747951507568
80400,2,enc,6.226598739624023,0.8172819018363953,0.413818359375,1.6643681526184082,1.8404207229614258
80400,0,fcst,4.56634521484375,0.6787315607070923,0.07135009765625,3.1006669998168945,3.1585593223571777
80400,1,fcst,8.660505294799805,0.9212206602096558,0.316650390625,3.2552998065948486,3.7591724395751953
80400,2,fcst,6.947658538818359,0.6432127952575684,0.19140625,4.9755401611328125,4.90053129196167
80400,0,enc,9.54240608215332,0.4053305387496948,0.09368896484375,1.0414211750030518,1.0967117547988892
80400,1,enc,5.4875993728637695,0.3445451259613037,0.38427734375,1.3464401960372925,1.4546688795089722
80400,2,enc,6.217713832855225,0.593926191329956,0.43359375,1.4942731857299805,1.679985761642456
80600,0,enc,9.500600814819336,0.40913286805152893,0.10223388671875,0.9424338340759277,1.160872220993042
80600,1,enc,5.422933578491211,0.40124624967575073,0.39111328125,1.3665359020233154,1.3257036209106445
80600,2,enc,6.274957656860352,0.7042058110237122,0.458251953125,1.6438407897949219,1.9890297651290894
80600,0,fcst,4.629979133605957,0.690187931060791,0.08331298828125,3.7574291229248047,3.731438398361206
80600,1,fcst,8.406791687011719,0.9283968806266785,0.31103515625,3.5355191230773926,3.6858913898468018
80600,2,fcst,6.8957839012146,0.6806319952011108,0.2381591796875,5.258554458618164,4.839998245239258
80600,0,enc,9.480658531188965,0.42640599608421326,0.09320068359375,0.8906840085983276,0.9439982175827026
80600,1,enc,5.429891109466553,0.37627243995666504,0.372802734375,1.196690320968628,1.2140395641326904
80600,2,enc,6.247016429901123,0.6306068897247314,0.427978515625,1.3645427227020264,1.6198008060455322
80800,0,enc,9.531157493591309,0.39347320795059204,0.091064453125,1.0360724925994873,1.2385755777359009
80800,1,enc,5.469588279724121,0.4286104738712311,0.430908203125,1.4070369005203247,1.33305025100708
80800,2,enc,6.224121570587158,0.7635002732276917,0.5693359375,1.7178794145584106,1.9886043071746826
80800,0,fcst,4.649012088775635,0.6572954058647156,0.06787109375,3.1970155239105225,3.169295310974121
80800,1,fcst,8.785332679748535,0.9346681833267212,0.34228515625,3.204442024230957,3.5807902812957764
80800,2,fcst,7.15424919128418,0.6504401564598083,0.2269287109375,4.655436992645264,4.552367687225342
80800,0,enc,9.539627075195312,0.39390814304351807,0.0924072265625,0.8560025691986084,1.054540753364563
80800,1,enc,5.435616493225098,0.43012192845344543,0.384765625,1.230689287185669,1.1812078952789307
80800,2,enc,6.138477325439453,0.632990300655365,0.51123046875,1.3993470668792725,1.6257874965667725
81000,0,enc,9.647845268249512,0.39441800117492676,0.09832763671875,1.208006501197815,1.3726438283920288
81000,1,enc,5.455023765563965,0.49959126114845276,0.50244140625,1.401812195777893,1.3956620693206787
81000,2,enc,6.218442440032959,0.7873993515968323,0.470947265625,1.622336506843567,1.8568845987319946
81000,0,fcst,4.593544006347656,0.6150945425033569,0.08331298828125,3.3823487758636475,3.42999005317688
81000,1,fcst,8.553262710571289,0.9690487384796143,0.30615234375,3.586393117904663,3.599532127380371
81000,2,fcst,7.039464950561523,0.6430766582489014,0.2176513671875,4.809549331665039,4.811045169830322
81000,0,enc,9.613346099853516,0.3992707133293152,0.08624267578125,0.9054962992668152,1.1259865760803223
81000,1,enc,5.4609551429748535,0.4152584671974182,0.423583984375,1.271998643875122,1.374598741531372
81000,2,enc,6.216349124908447,0.5129725933074951,0.468017578125,1.484297752380371,1.9395519495010376
81200,0,enc,9.645782470703125,0.4002697467803955,0.10516357421875,1.0488566160202026,1.3847402334213257
81200,1,enc,5.359762191772461,0.5769311785697937,0.56787109375,1.542724370956421,1.4203739166259766
81200,2,enc,6.24393892288208,0.7082334756851196,0.54345703125,1.5706219673156738,1.7292877435684204
81200,0,fcst,4.558206081390381,0.6677501797676086,0.08392333984375,3.351404905319214,3.3162758350372314
81200,1,fcst,8.681438446044922,0.8700208067893982,0.320556640625,3.341158866882324,3.4131553173065186
81200,2,fcst,7.086487293243408,0.6632080078125,0.215576171875,4.64957332611084,4.884424686431885
81200,0,enc,9.641183853149414,0.41008260846138,0.08135986328125,0.8387885093688965,1.2613677978515625
81200,1,enc,5.38583517074585,0.5627841949462891,0.51171875,1.4152135848999023,1.2924718856811523
81200,2,enc,6.214950084686279,0.6584005355834961,0.494873046875,1.3793015480041504,1.4073094129562378
81400,0,enc,9.789173126220703,0.3697884976863861,0.10382080078125,1.1313210725784302,1.332537293434143
81400,1,enc,5.281830310821533,0.46534860134124756,0.488525390625,1.446272611618042,1.5052393674850464
81400,2,enc,6.094577312469482,0.7315040826797485,0.408447265625,1.7093690633773804,1.9303901195526123
81400,0,fcst,4.503632545471191,0.7043706774711609,0.0723876953125,3.3753185272216797,3.4336071014404297
81400,1,fcst,8.61635684967041,0.904788613319397,0.33251953125,3.4336071014404297,3.515122890472412
81400,2,fcst,6.91258430480957,0.6678447127342224,0.23779296875,4.477304458618164,4.582714080810547
81400,0,enc,9.789386749267578,0.37203213572502136,0.08917236328125,1.0426222085952759,1.0534101724624634
81400,1,enc,5.243615627288818,0.4720996022224426,0.403076171875,1.417412281036377,1.4157023429870605
81400,2,enc,6.124356269836426,0.7207968831062317,0.37744140625,1.6755321025848389,1.6789522171020508
81600,0,enc,9.779580116271973,0.4474181532859802,0.10467529296875,0.9604869484901428,1.0091111660003662
81600,1,enc,5.2386698722839355,0.47957363724708557,0.464111328125,1.3290098905563354,1.3369232416152954
81600,2,enc,6.18074369430542,0.7152926921844482,0.449951171875,1.4877996444702148,1.8264601230621338
81600,0,fcst,4.526000499725342,0.6774729490280151,0.072021484375,3.2641005516052246,3.384244203567505
81600,1,fcst,8.499624252319336,0.8610074520111084,0.34814453125,3.6220924854278564,3.5580732822418213
81600,2,fcst,6.943049907684326,0.6460908055305481,0.205322265625,4.696019172668457,4.57454776763916
81600,0,enc,9.775646209716797,0.4423792362213135,0.0869140625,0.765108048915863,0.9099620580673218
81600,1,enc,5.159115314483643,0.4902372360229492,0.443359375,1.310878038406372,1.338435411453247
81600,2,enc,6.070558071136475,0.722723126411438,0.402099609375,1.4762557744979858,1.8026602268218994
81800,0,enc,9.877098083496094,0.4322691261768341,0.10906982421875,0.9040549397468567,1.2155210971832275
81800,1,enc,5.1954545974731445,0.4384304881095886,0.473876953125,1.1677957773208618,1.1959147453308105
81800,2,enc,6.1940765380859375,0.9160920977592468,0.3818359375,1.5032256841659546,1.7169034481048584
81800,0,fcst,4.487256050109863,0.5981580018997192,0.075927734375,3.170513391494751,3.183500289916992
81800,1,fcst,8.684106826782227,0.9518810510635376,0.333740234375,3.261190176010132,3.4932491779327393
81800,2,fcst,7.011284351348877,0.6728395819664001,0.2027587890625,4.776639938354492,4.756070137023926
81800,0,enc,9.878561973571777,0.4261741638183594,0.09027099609375,0.8329539895057678,1.0750048160552979
81800,1,enc,5.161190509796143,0.4614920914173126,0.394287109375,1.1733181476593018,1.2346714735031128
81800,2,enc,6.080080509185791,0.6130257248878479,0.329833984375,1.4053082466125488,1.5280311107635498
82000,0,enc,9.999613761901855,0.45729735493659973,0.10064697265625,0.9127422571182251,1.2127737998962402
82000,1,enc,5.1056671142578125,0.43491095304489136,0.482177734375,1.2149640321731567,1.2759231328964233
82000,2,enc,6.215431213378906,0.8095452189445496,0.341552734375,1.4934797286987305,1.8228896856307983
82000,0,fcst,4.509057998657227,0.6630921959877014,0.0673828125,3.329551935195923,3.3119194507598877
82000,1,fcst,8.656425476074219,0.8854290246963501,0.33740234375,3.049515724182129,3.9908571243286133
82000,2,fcst,6.949791431427002,0.61211758852005,0.2176513671875,4.941169738769531,4.91187047958374
82000,0,enc,9.98635482788086,0.45880258083343506,0.08642578125,0.7548637986183167,0.9997699856758118
82000,1,enc,5.119722366333008,0.466321736574173,0.42431640625,1.0473415851593018,1.1595115661621094
82000,2,enc,6.20587158203125,0.7550311088562012,0.356689453125,1.321873426437378,1.543255090713501
82200,0,enc,9.95427131652832,0.47943010926246643,0.120849609375,0.9064563512802124,1.117074966430664
82200,1,enc,5.223885536193848,0.4924391508102417,0.51025390625,1.29795503616333,1.210054874420166
82200,2,enc,6.404120445251465,0.7783992290496826,0.366943359375,1.3950387239456177,1.9975543022155762
82200,0,fcst,4.494637966156006,0.6096227169036865,0.08184814453125,3.3819737434387207,3.3600070476531982
82200,1,fcst,8.483285903930664,0.8967387676239014,0.288818359375,3.4340131282806396,3.649674654006958
82200,2,fcst,6.961515426635742,0.6538774967193604,0.228759765625,4.884220600128174,5.036975383758545
82200,0,enc,9.965920448303223,0.481589674949646,0.0880126953125,0.7244492173194885,0.9436784982681274
82200,1,enc,5.153830528259277,0.5637387037277222,0.43408203125,1.2479798793792725,1.2926743030548096
82200,2,enc,6.354829788208008,0.5377187132835388,0.373291015625,1.4278520345687866,1.9034560918807983
82400,0,enc,10.073052406311035,0.4202231168746948,0.1097412109375,0.8288804292678833,1.0052605867385864
82400,1,enc,5.1988067626953125,0.520930290222168,0.56201171875,1.1302663087844849,1.2381470203399658
82400,2,enc,6.460829734802246,0.7585822939872742,0.42431640625,1.375887393951416,1.848618745803833
82400,0,fcst,4.534083843231201,0.6468642354011536,0.074951171875,3.378109931945801,3.3062241077423096
82400,1,fcst,8.679112434387207,0.8483352065086365,0.327880859375,3.366338014602661,3.735051155090332
82400,2,fcst,7.054983139038086,0.6347796320915222,0.2230224609375,4.857064247131348,4.495736122131348
82400,0,enc,10.064881324768066,0.41670945286750793,0.100341796875,0.9747827649116516,1.0457665920257568
82400,1,enc,5.19284200668335,0.5102287530899048,0.424560546875,1.3302804231643677,1.3830758333206177
82400,2,enc,6.382439613342285,0.5513502955436707,0.404296875,1.5279954671859741,1.6178392171859741
82600,0,enc,10.045929908752441,0.4292667508125305,0.10797119140625,0.8479118943214417,1.1945120096206665
82600,1,enc,5.219658851623535,0.5724983811378479,0.50927734375,1.355555772781372,1.3188329935073853
82600,2,enc,6.429030418395996,0.8296196460723877,0.485107421875,1.3440959453582764,1.7503654956817627
82600,0,fcst,4.543673515319824,0.6761031150817871,0.07366943359375,3.0752034187316895,3.0918354988098145
82600,1,fcst,8.675346374511719,0.884848952293396,0.310791015625,3.158759355545044,3.64608097076416
82600,2,fcst,6.949860095977783,0.6209954023361206,0.2138671875,4.976761817932129,4.854490280151367
82600,0,enc,10.056376457214355,0.42101427912712097,0.09722900390625,0.7973421812057495,1.0318408012390137
82600,1,enc,5.16212797164917,0.6596653461456299,0.4697265625,1.2211616039276123,1.2540764808654785
82600,2,enc,6.375763416290283,0.6035343408584595,0.3896484375,1.3400006294250488,1.5265451669692993
82800,0,enc,10.072667121887207,0.48171567916870117,0.1021728515625,0.8714255690574646,0.9985848069190979
82800,1,enc,5.103170394897461,0.6507365107536316,0.5185546875,1.201243281364441,1.1860319375991821
82800,2,enc,6.49511194229126,0.6848701238632202,0.435302734375,1.5120784044265747,1.9535118341445923
82800,0,fcst,4.493744373321533,0.6349678039550781,0.0733642578125,3.505801200866699,3.553239107131958
82800,1,fcst,8.793184280395508,0.8691891431808472,0.350830078125,3.3863134384155273,3.7618420124053955
82800,2,fcst,6.959939479827881,0.6560957431793213,0.2442626953125,4.883969306945801,4.569962024688721
82800,0,enc,10.07473373413086,0.47656047344207764,0.09368896484375,0.7315619587898254,0.8850043416023254
82800,1,enc,5.077455520629883,0.6380108594894409,0.498046875,1.0811028480529785,1.2142815589904785
82800,2,enc,6.421626091003418,0.6467346549034119,0.376220703125,1.3216675519943237,1.586700439453125
83000,0,enc,9.905278205871582,0.4094758927822113,0.1268310546875,0.9527329802513123,1.374471664428711
83000,1,enc,5.158186912536621,0.6529403328895569,0.439208984375,1.5549578666687012,1.4398049116134644
83000,2,enc,6.382021427154541,0.7404527068138123,0.333740234375,1.8521690368652344,1.8527964353561401
83000,0,fcst,4.549940586090088,0.7186294794082642,0.0859375,3.2516725063323975,3.305460214614868
83000,1,fcst,8.666159629821777,0.8958960175514221,0.319580078125,3.2946929931640625,3.4008138179779053
83000,2,fcst,7.032923698425293,0.6558865904808044,0.216552734375,5.045312881469727,5.045312881469727
83000,0,enc,9.936141967773438,0.4180050790309906,0.09259033203125,0.8322750926017761,0.9671255350112915
83000,1,enc,5.115553855895996,0.5968459844589233,0.427001953125,1.137195348739624,1.1795134544372559
83000,2,enc,6.36471700668335,0.6284801959991455,0.337646484375,1.443514108657837,1.6552029848098755
83200,0,enc,9.828303337097168,0.3854978084564209,0.1014404296875,0.9814475774765015,1.217743992805481
83200,1,enc,5.199636936187744,0.498883455991745,0.467041015625,1.3581202030181885,1.3054864406585693
83200,2,enc,6.546864032745361,0.7988801598548889,0.349853515625,1.445094108581543,1.8077484369277954
83200,0,fcst,4.505449295043945,0.685759425163269,0.06744384765625,3.4500749111175537,3.4338560104370117
83200,1,fcst,8.749361991882324,0.9289419054985046,0.298828125,3.5507073402404785,3.986359119415283
83200,2,fcst,7.100890159606934,0.6194922924041748,0.2301025390625,5.1435394287109375,4.609573841094971
83200,0,enc,9.812532424926758,0.3824783265590668,0.08935546875,0.7887289524078369,0.8447097539901733
83200,1,enc,5.2168803215026855,0.48641207814216614,0.423828125,1.2283605337142944,1.2501635551452637
83200,2,enc,6.468206405639648,0.6094074845314026,0.311279296875,1.3060905933380127,1.6982245445251465
83400,0,enc,9.846817016601562,0.39483001828193665,0.09600830078125,1.0523477792739868,1.2653276920318604
83400,1,enc,5.177789211273193,0.6295031905174255,0.442626953125,1.3834736347198486,1.4303065538406372
83400,2,enc,6.478923797607422,0.649127721786499,0.377685546875,1.5420162677764893,1.8908849954605103
83400,0,fcst,4.46572208404541,0.6356322765350342,0.07391357421875,3.399294853210449,3.3190674781799316
83400,1,fcst,8.702383041381836,0.8730684518814087,0.336181640625,3.3370563983917236,3.896303653717041
83400,2,fcst,7.104297161102295,0.6348387598991394,0.244140625,5.191195011138916,5.010910987854004
83400,0,enc,9.819819450378418,0.39157357811927795,0.0887451171875,0.8306804299354553,1.0278584957122803
83400,1,enc,5.160830020904541,0.6336477398872375,0.40771484375,1.1944797039031982,1.2280490398406982
83400,2,enc,6.411136627197266,0.5784412622451782,0.39208984375,1.345744252204895,1.775467872619629
83600,0,enc,9.79333209991455,0.39542481303215027,0.104248046875,1.0217252969741821,1.1618671417236328
83600,1,enc,5.257418632507324,0.5612518787384033,0.462158203125,1.262016773223877,1.3211971521377563
83600,2,enc,6.446816444396973,0.7532402873039246,0.363037109375,1.4931992292404175,1.7830697298049927
83600,0,fcst,4.558293342590332,0.6663215756416321,0.07537841796875,3.274594783782959,3.3291873931884766
83600,1,fcst,8.72355842590332,0.9411047101020813,0.3037109375,3.4122092723846436,3.6469838619232178
83600,2,fcst,7.036534309387207,0.654036283493042,0.2117919921875,4.749149322509766,4.595612049102783
83600,0,enc,9.80368423461914,0.3996478021144867,0.08740234375,0.7897529602050781,1.0029650926589966
83600,1,enc,5.255468368530273,0.577253520488739,0.403564453125,1.1690292358398438,1.2156834602355957
83600,2,enc,6.387393951416016,0.5337148308753967,0.342041015625,1.3748449087142944,1.7968472242355347
83800,0,enc,9.90518569946289,0.4427114725112915,0.10321044921875,0.9777491688728333,1.1565144062042236
83800,1,enc,5.227513313293457,0.526780903339386,0.428955078125,1.3459866046905518,1.381590485572815
83800,2,enc,6.496370792388916,0.7813206911087036,0.346923828125,1.5354243516921997,2.1903750896453857
83800,0,fcst,4.521717548370361,0.6256960034370422,0.0782470703125,3.706221103668213,3.7232260704040527
83800,1,fcst,8.914399147033691,0.8861057162284851,0.269775390625,3.638296604156494,3.8750009536743164
83800,2,fcst,7.408239841461182,0.6705616116523743,0.2117919921875,4.765860557556152,4.472436904907227
83800,0,enc,9.907376289367676,0.448528528213501,0.09527587890625,0.8226708173751831,1.11284601688385
83800,1,enc,5.211720943450928,0.5112712979316711,0.42041015625,1.2363959550857544,1.2804681062698364
83800,2,enc,6.419061183929443,0.5303049087524414,0.340087890625,1.4153426885604858,1.6868717670440674
84000,0,enc,9.951179504394531,0.39916762709617615,0.117919921875,0.9798547625541687,1.2290138006210327
84000,1,enc,5.158942222595215,0.565279483795166,0.48193359375,1.4530521631240845,1.4616949558258057
84000,2,enc,6.52531099319458,0.7173984050750732,0.335205078125,1.5953832864761353,2.110828399658203
84000,0,fcst,4.486026287078857,0.726260244846344,0.07196044921875,3.2938361167907715,3.357414484024048
84000,1,fcst,8.972981452941895,0.8503952622413635,0.3037109375,3.1239848136901855,3.7518789768218994
84000,2,fcst,7.129739284515381,0.6171144843101501,0.23681640625,5.136075973510742,5.041379928588867
84000,0,enc,9.941370964050293,0.40240731835365295,0.08319091796875,0.8600190281867981,1.1038063764572144
84000,1,enc,5.175370216369629,0.5584972500801086,0.422119140625,1.425614833831787,1.487748622894287
84000,2,enc,6.4959001541137695,0.7198065519332886,0.326904296875,1.5931696891784668,1.7765192985534668
84200,0,enc,9.936979293823242,0.38359928131103516,0.1280517578125,0.9264691472053528,1.2743468284606934
84200,1,enc,5.251534461975098,0.5937686562538147,0.475341796875,1.271727204322815,1.2755482196807861
84200,2,enc,6.610784530639648,0.8759599328041077,0.345703125,1.5697118043899536,1.9335145950317383
84200,0,fcst,4.476886749267578,0.5793147683143616,0.08270263671875,3.4692673683166504,3.4664297103881836
84200,1,fcst,8.981339454650879,0.8834707140922546,0.3037109375,3.483764410018921,3.5471746921539307
84200,2,fcst,7.094698429107666,0.6673254370689392,0.22021484375,4.730588912963867,4.636392593383789
84200,0,enc,9.945366859436035,0.38740214705467224,0.0853271484375,0.8643213510513306,0.9639307260513306
84200,1,enc,5.240883827209473,0.5741159319877625,0.4384765625,1.5210139751434326,1.5338389873504639
84200,2,enc,6.581386566162109,0.6733641028404236,0.372314453125,1.7057965993881226,1.5543612241744995
84400,0,enc,9.880230903625488,0.4284495711326599,0.11962890625,0.9440990686416626,1.1472499370574951
84400,1,enc,5.167392253875732,0.47221073508262634,0.44140625,1.4449554681777954,1.4503978490829468
84400,2,enc,6.5817999839782715,0.7170507311820984,0.3896484375,1.6124240159988403,2.016704559326172
84400,0,fcst,4.492839813232422,0.656428337097168,0.06793212890625,3.3568859100341797,3.3676068782806396
84400,1,fcst,8.786026954650879,0.8904515504837036,0.26318359375,3.2565054893493652,3.3943190574645996
84400,2,fcst,7.037745952606201,0.683800220489502,0.257568359375,5.1175103187561035,4.830059051513672
84400,0,enc,9.890758514404297,0.42058607935905457,0.0867919921875,0.8406150937080383,0.9580250382423401
84400,1,enc,5.116213798522949,0.5270306468009949,0.407958984375,1.3649287223815918,1.36745023727417
84400,2,enc,6.533235549926758,0.6735318899154663,0.389404296875,1.533720850944519,1.7547246217727661
84600,0,enc,9.866331100463867,0.4064647853374481,0.1168212890625,0.9273707866668701,1.0935674905776978
84600,1,enc,5.1533331871032715,0.6152234673500061,0.533203125,1.180753231048584,1.180753231048584
84600,2,enc,6.545657634735107,0.7631849050521851,0.43603515625,1.3762595653533936,1.9782129526138306
84600,0,fcst,4.490345478057861,0.7113681435585022,0.072265625,3.107840061187744,3.070618152618408
84600,1,fcst,8.623261451721191,0.8851591944694519,0.367431640625,3.1758081912994385,3.754767417907715
84600,2,fcst,6.996519088745117,0.6380961537361145,0.2259521484375,5.152924537658691,4.589732646942139
84600,0,enc,9.889433860778809,0.4071149230003357,0.08209228515625,0.8366838693618774,1.024043321609497
84600,1,enc,5.1323161125183105,0.5913298726081848,0.47265625,1.1981539726257324,1.2003207206726074
84600,2,enc,6.51240348815918,0.6289769411087036,0.3896484375,1.4080302715301514,1.5461387634277344
84800,0,enc,9.785980224609375,0.4285345673561096,0.1180419921875,0.8785749673843384,1.1147114038467407
84800,1,enc,5.214961051940918,0.5541837215423584,0.471923828125,1.244433045387268,1.2261375188827515
84800,2,enc,6.50375509262085,0.8477988839149475,0.405517578125,1.5364677906036377,2.243504047393799
84800,0,fcst,4.527501583099365,0.6234347820281982,0.08038330078125,4.010249137878418,3.9510111808776855
84800,1,fcst,8.9127197265625,0.933147668838501,0.315185546875,3.625253200531006,3.64447283744812
84800,2,fcst,6.875324726104736,0.616838812828064,0.23095703125,4.962246417999268,4.797245025634766
84800,0,enc,9.797481536865234,0.4321023225784302,0.09063720703125,0.8118144273757935,0.9394912123680115
84800,1,enc,5.22607946395874,0.5469513535499573,0.406494140625,1.342604637145996,1.3386106491088867
84800,2,enc,6.437109470367432,0.6745029091835022,0.35498046875,1.4435014724731445,1.7145873308181763
85000,0,enc,9.709659576416016,0.43744638562202454,0.111083984375,0.8609203100204468,1.1770882606506348
85000,1,enc,5.308318614959717,0.4596547484397888,0.58740234375,1.2321958541870117,1.1998050212860107
85000,2,enc,6.585906982421875,0.7754054665565491,0.453369140625,1.6162850856781006,2.0067331790924072
85000,0,fcst,4.461556434631348,0.6322846412658691,0.06805419921875,2.9750547409057617,2.9750547409057617
85000,1,fcst,8.832680702209473,0.8681280612945557,0.278076171875,3.23829984664917,3.818622589111328
85000,2,fcst,7.020116329193115,0.6044832468032837,0.23095703125,5.033248424530029,4.934864044189453
85000,0,enc,9.735888481140137,0.43824341893196106,0.08819580078125,0.8345007300376892,0.9335607886314392
85000,1,enc,5.2598676681518555,0.49032220244407654,0.444091796875,1.3027288913726807,1.227591633796692
85000,2,enc,6.551910877227783,0.6946250796318054,0.392578125,1.3875718116760254,1.5143234729766846
85200,0,enc,9.56054401397705,0.4966200292110443,0.114013671875,0.8419905304908752,1.3350486755371094
85200,1,enc,5.26540994644165,0.47310003638267517,0.5341796875,1.3433622121810913,1.2992134094238281
85200,2,enc,6.5114593505859375,0.7021673917770386,0.42041015625,1.3451931476593018,2.047060489654541
85200,0,fcst,4.484697341918945,0.6466301679611206,0.0753173828125,3.2888355255126953,3.2180709838867188
85200,1,fcst,8.806772232055664,0.9012079238891602,0.293701171875,3.3786089420318604,3.5752172470092773
85200,2,fcst,6.911349296569824,0.6455565690994263,0.2252197265625,4.73525857925415,4.804134368896484
85200,0,enc,9.575889587402344,0.49772346019744873,0.0938720703125,0.7064055800437927,1.0338451862335205
85200,1,enc,5.249688625335693,0.46752098202705383,0.42431640625,1.272120714187622,1.3092727661132812
85200,2,enc,6.428420543670654,0.6620023250579834,0.35986328125,1.4000225067138672,1.5482158660888672
85400,0,enc,9.498723983764648,0.4845196008682251,0.1353759765625,0.9221417307853699,1.3306739330291748
85400,1,enc,5.257075309753418,0.49443405866622925,0.420166015625,1.3823550939559937,1.417043685913086
85400,2,enc,6.583435535430908,0.723186194896698,0.3505859375,1.6219195127487183,2.036015510559082
85400,0,fcst,4.533576488494873,0.6398462653160095,0.073974609375,3.271556854248047,3.2757210731506348
85400,1,fcst,8.750028610229492,0.8996091485023499,0.3564453125,3.228712558746338,3.623507022857666
85400,2,fcst,7.0189337730407715,0.6233089566230774,0.2254638671875,4.856751441955566,4.782327651977539
85400,0,enc,9.486968994140625,0.4748603105545044,0.0950927734375,0.8073794841766357,1.0216457843780518
85400,1,enc,5.256026744842529,0.4985453188419342,0.3642578125,1.1453989744186401,1.1351523399353027
85400,2,enc,6.539137840270996,0.6191346645355225,0.34619140625,1.247241497039795,1.6707590818405151
85600,0,enc,9.46718978881836,0.4625200629234314,0.13134765625,1.057446837425232,1.1649049520492554
85600,1,enc,5.162074089050293,0.5155638456344604,0.435546875,1.3105721473693848,1.3105721473693848
85600,2,enc,6.6699323654174805,0.7577809691429138,0.3671875,1.6054222583770752,2.105522632598877
85600,0,fcst,4.524958610534668,0.6219068169593811,0.0767822265625,3.2971248626708984,3.337611436843872
85600,1,fcst,8.713751792907715,0.9771791696548462,0.329833984375,3.337611436843872,3.5263450145721436
85600,2,fcst,7.009831428527832,0.6321166753768921,0.256591796875,5.03711462020874,4.55999231338501
85600,0,enc,9.450346946716309,0.45640432834625244,0.10357666015625,0.806415855884552,0.9208549857139587
85600,1,enc,5.104123592376709,0.523878276348114,0.4033203125,1.1599267721176147,1.1762079000473022
85600,2,enc,6.6084980964660645,0.7427038550376892,0.310302734375,1.4913642406463623,1.6199042797088623
85800,0,enc,9.531662940979004,0.49842870235443115,0.128662109375,0.828838050365448,0.972457766532898
85800,1,enc,5.170589447021484,0.5211536288261414,0.43212890625,1.0797804594039917,1.197279453277588
85800,2,enc,6.698079586029053,0.9049565196037292,0.388671875,1.4410932064056396,1.7921016216278076
85800,0,fcst,4.504549026489258,0.6610417366027832,0.0843505859375,3.3292899131774902,3.3058252334594727
85800,1,fcst,8.945746421813965,0.919579029083252,0.332763671875,3.3454883098602295,3.5453429222106934
85800,2,fcst,7.23603630065918,0.6928935050964355,0.2138671875,4.682042121887207,4.774377346038818
85800,0,enc,9.525032997131348,0.504141628742218,0.1175537109375,0.7926353216171265,0.8513816595077515
85800,1,enc,5.1765241622924805,0.5230570435523987,0.335205078125,1.0750699043273926,1.0353418588638306
85800,2,enc,6.695102214813232,0.6626372337341309,0.36376953125,1.2318471670150757,1.5287749767303467
86000,0,enc,9.468210220336914,0.4772164225578308,0.1392822265625,1.0451359748840332,1.1361501216888428
86000,1,enc,5.131629467010498,0.5230426788330078,0.364990234375,1.3560830354690552,1.3558565378189087
86000,2,enc,6.799295425415039,0.7487059831619263,0.322021484375,1.5784683227539062,1.768842101097107
86000,0,fcst,4.611090660095215,0.7295247912406921,0.07379150390625,3.2943222522735596,3.2943222522735596
86000,1,fcst,8.78509521484375,0.9363887310028076,0.298583984375,3.1548914909362793,3.540904998779297
86000,2,fcst,7.281317710876465,0.5582976341247559,0.2294921875,4.78993034362793,5.035490036010742
86000,0,enc,9.445587158203125,0.473661333322525,0.12548828125,0.9708089828491211,1.1915545463562012
86000,1,enc,5.129619598388672,0.5296750664710999,0.31787109375,1.4067332744598389,1.3439280986785889
86000,2,enc,6.692492485046387,0.6728075742721558,0.338623046875,1.4979418516159058,1.7949397563934326
86200,0,enc,9.34404182434082,0.43706950545310974,0.1253662109375,0.8440538048744202,1.0232529640197754
86200,1,enc,5.168722152709961,0.6089869737625122,0.39404296875,1.3728265762329102,1.4612597227096558
86200,2,enc,6.81296443939209,0.6625301837921143,0.338134765625,1.6446449756622314,1.7205249071121216
86200,0,fcst,4.573576927185059,0.6919359564781189,0.07330322265625,3.2565112113952637,3.2014100551605225
86200,1,fcst,8.925167083740234,0.8633552193641663,0.283203125,3.676879644393921,3.7503252029418945
86200,2,fcst,7.028820991516113,0.6167577505111694,0.228271484375,4.85996150970459,5.155470371246338
86200,0,enc,9.33411979675293,0.44533222913742065,0.11376953125,0.8952370285987854,1.0001219511032104
86200,1,enc,5.150521278381348,0.6270720958709717,0.31396484375,1.4308750629425049,1.3519566059112549
86200,2,enc,6.795700550079346,0.6822488307952881,0.36279296875,1.5307668447494507,1.6717894077301025
86400,0,enc,9.43437671661377,0.4567830264568329,0.1229248046875,1.0452345609664917,1.1513679027557373
86400,1,enc,5.17408561706543,0.5964740514755249,0.43994140625,1.2403883934020996,1.2768399715423584
86400,2,enc,6.927464962005615,0.704298198223114,0.322021484375,1.461057424545288,2.065535545349121
86400,0,fcst,4.500158309936523,0.7445471882820129,0.071044921875,3.1498289108276367,2.9905829429626465
86400,1,fcst,8.775290489196777,0.8984874486923218,0.359619140625,3.048400402069092,3.4461216926574707
86400,2,fcst,7.151642322540283,0.6396797895431519,0.247802734375,6.05814790725708,4.629111289978027
86400,0,enc,9.432011604309082,0.4602270722389221,0.1063232421875,0.8058626055717468,0.8772192001342773
86400,1,enc,5.123157024383545,0.6324006915092468,0.400146484375,1.1348235607147217,1.0962505340576172
86400,2,enc,6.848158836364746,0.6516826152801514,0.288330078125,1.413542628288269,1.769646406173706
86600,0,enc,9.351397514343262,0.4709056317806244,0.11138916015625,0.9091485142707825,1.181417465209961
86600,1,enc,5.173522472381592,0.5515004992485046,0.4169921875,1.2969322204589844,1.33073890209198
86600,2,enc,6.951349258422852,0.8516724109649658,0.378662109375,1.530992031097412,1.9665029048919678
86600,0,fcst,4.572997093200684,0.6326161026954651,0.0692138671875,3.266876459121704,3.2781999111175537
86600,1,fcst,8.666171073913574,0.8725648522377014,0.29443359375,3.1152970790863037,3.601408004760742
86600,2,fcst,7.229094982147217,0.6149850487709045,0.2142333984375,5.14654541015625,4.579850673675537
86600,0,enc,9.349538803100586,0.4595645070075989,0.0999755859375,0.9422625303268433,1.0048846006393433
86600,1,enc,5.170361042022705,0.5034234523773193,0.355224609375,1.3730696439743042,1.2600935697555542
86600,2,enc,6.837361812591553,0.6847521662712097,0.333984375,1.371253252029419,1.9534634351730347
86800,0,enc,9.245307922363281,0.43195804953575134,0.1435546875,0.9149840474128723,1.2202463150024414
86800,1,enc,5.2624192237854,0.5753973722457886,0.402099609375,1.4342567920684814,1.4342567920684814
86800,2,enc,6.922884941101074,0.7494995594024658,0.322509765625,1.420392394065857,1.9065525531768799
86800,0,fcst,4.529038429260254,0.613573431968689,0.0843505859375,3.135789632797241,3.202709674835205
86800,1,fcst,8.654916763305664,0.9484386444091797,0.30517578125,3.3631882667541504,3.9964070320129395
86800,2,fcst,7.225098133087158,0.6730145215988159,0.201171875,5.229784965515137,5.0049543380737305
86800,0,enc,9.226317405700684,0.4279595613479614,0.09454345703125,0.8094621300697327,1.0814248323440552
86800,1,enc,5.232308864593506,0.5774736404418945,0.4052734375,1.3287279605865479,1.3803331851959229
86800,2,enc,6.821897029876709,0.6926252841949463,0.28076171875,1.3597346544265747,1.559690237045288
87000,0,enc,9.106399536132812,0.4278348982334137,0.1163330078125,0.8873331546783447,1.4155738353729248
87000,1,enc,5.225431442260742,0.5043672919273376,0.46826171875,1.4416451454162598,1.4162358045578003
87000,2,enc,6.982423305511475,0.7609878778457642,0.334228515625,1.4599690437316895,2.107347011566162
87000,0,fcst,4.446780204772949,0.6663493514060974,0.072021484375,3.6636807918548584,3.6922316551208496
87000,1,fcst,8.763327598571777,0.8471933603286743,0.309326171875,3.4103941917419434,3.551703453063965
87000,2,fcst,7.016461372375488,0.5885748267173767,0.2266845703125,5.601937770843506,4.66690731048584
87000,0,enc,9.170376777648926,0.4289426803588867,0.1011962890625,0.8117230534553528,1.2487666606903076
87000,1,enc,5.217545986175537,0.5138034224510193,0.5146484375,1.2829828262329102,1.252547025680542
87000,2,enc,6.902712821960449,0.637194812297821,0.323486328125,1.347161889076233,1.6517614126205444
87200,0,enc,9.169686317443848,0.38823866844177246,0.1181640625,0.988739013671875,1.4328396320343018
87200,1,enc,5.207639694213867,0.5098440647125244,0.52392578125,1.5019358396530151,1.4122819900512695
87200,2,enc,6.92240047454834,0.8444397449493408,0.3056640625,1.4729011058807373,2.1530871391296387
87200,0,fcst,4.428813934326172,0.7847881317138672,0.07110595703125,3.680321216583252,3.703209400177002
87200,1,fcst,8.702144622802734,0.8982391953468323,0.382568359375,3.2848174571990967,3.801405668258667
87200,2,fcst,7.076912879943848,0.5891609787940979,0.2303466796875,4.910012722015381,4.8433756828308105
87200,0,enc,9.179399490356445,0.3950031101703644,0.08221435546875,0.8354429006576538,1.2000010013580322
87200,1,enc,5.166090965270996,0.5358781814575195,0.427490234375,1.3671153783798218,1.3068431615829468
87200,2,enc,6.862981796264648,0.564626157283783,0.2578125,1.4020870923995972,1.836638331413269
87400,0,enc,9.339065551757812,0.4192875325679779,0.1358642578125,0.9518970847129822,1.369066596031189
87400,1,enc,5.187066555023193,0.49377647042274475,0.46337890625,1.387893795967102,1.3101756572723389
87400,2,enc,7.045581817626953,0.8017657995223999,0.302978515625,1.4111659526824951,1.6226840019226074
87400,0,fcst,4.528285503387451,0.6393759846687317,0.0662841796875,2.91105318069458,2.8476104736328125
87400,1,fcst,8.882957458496094,0.9053985476493835,0.31982421875,3.1219711303710938,3.490309000015259
87400,2,fcst,7.3539814949035645,0.5627350211143494,0.2314453125,4.705476760864258,4.842550277709961
87400,0,enc,9.309357643127441,0.41202279925346375,0.07763671875,0.8023270964622498,1.2786098718643188
87400,1,enc,5.1487531661987305,0.508295476436615,0.448974609375,1.2534680366516113,1.2043652534484863
87400,2,enc,7.080723762512207,0.6272826194763184,0.29150390625,1.3347797393798828,1.5220247507095337
87600,0,enc,9.380560874938965,0.4026537239551544,0.1337890625,1.041939616203308,1.4611254930496216
87600,1,enc,5.1932501792907715,0.4758765995502472,0.428466796875,1.5103559494018555,1.3623298406600952
87600,2,enc,7.113222599029541,0.718400776386261,0.251708984375,1.4507211446762085,1.785844326019287
87600,0,fcst,4.500414848327637,0.6841793060302734,0.0733642578125,3.2701406478881836,3.2920114994049072
87600,1,fcst,8.57164478302002,0.8733134269714355,0.314208984375,3.3426384925842285,4.003839015960693
87600,2,fcst,7.365208625793457,0.6331620216369629,0.21484375,5.552540302276611,4.9959330558776855
87600,0,enc,9.383109092712402,0.4046129584312439,0.0811767578125,0.780911386013031,1.2189686298370361
87600,1,enc,5.178243160247803,0.4781152904033661,0.383544921875,1.215293526649475,1.1454304456710815
87600,2,enc,7.074365139007568,0.5887008905410767,0.244873046875,1.2996195554733276,1.6858717203140259
87800,0,enc,9.45753288269043,0.4119893014431,0.122802734375,0.9888523817062378,1.1790494918823242
87800,1,enc,5.189320087432861,0.5046142339706421,0.40234375,1.2680035829544067,1.294573187828064
87800,2,enc,7.108724594116211,0.6854903101921082,0.28125,1.3284400701522827,1.782053828239441
87800,0,fcst,4.470686912536621,0.7572557926177979,0.073486328125,3.283332109451294,3.340909719467163
87800,1,fcst,8.74494457244873,0.8703771233558655,0.330078125,3.385742664337158,3.738717794418335
87800,2,fcst,7.152462959289551,0.5943459272384644,0.23583984375,5.046131134033203,5.437553882598877
87800,0,enc,9.463113784790039,0.40713489055633545,0.07928466796875,0.9713133573532104,0.959152102470398
87800,1,enc,5.155938148498535,0.4834611713886261,0.373779296875,1.2098937034606934,1.2372984886169434
87800,2,enc,7.052567005157471,0.7261456847190857,0.27490234375,1.3677924871444702,1.539206862449646
88000,0,enc,9.701751708984375,0.4249534606933594,0.1217041015625,0.9774249196052551,1.0493108034133911
88000,1,enc,5.132748603820801,0.6367355585098267,0.4619140625,1.3660286664962769,1.2698643207550049
88000,2,enc,7.117039680480957,0.6763308644294739,0.29931640625,1.4337594509124756,2.0926713943481445
88000,0,fcst,4.4274983406066895,0.6635387539863586,0.07745361328125,3.423086643218994,3.379141330718994
88000,1,fcst,8.67957878112793,0.9516304731369019,0.321044921875,3.245997428894043,3.5614051818847656
88000,2,fcst,6.980679035186768,0.5857387185096741,0.210205078125,5.109488487243652,4.857926368713379
88000,0,enc,9.701038360595703,0.425864577293396,0.07806396484375,0.7584319114685059,0.9425808191299438
88000,1,enc,5.15265417098999,0.5940937399864197,0.422607421875,1.1857682466506958,1.2126847505569458
88000,2,enc,7.06655740737915,0.6403042674064636,0.3037109375,1.3535462617874146,1.5753960609436035
88200,0,enc,9.811202049255371,0.37804362177848816,0.1441650390625,1.0031191110610962,1.0012480020523071
88200,1,enc,5.17008638381958,0.4705301523208618,0.401123046875,1.2782132625579834,1.2782132625579834
88200,2,enc,7.292070388793945,0.7330324649810791,0.286865234375,1.672600507736206,1.8206534385681152
88200,0,fcst,4.466461181640625,0.7110443711280823,0.0760498046875,3.363468885421753,3.517955780029297
88200,1,fcst,8.76530647277832,0.9524794816970825,0.33740234375,3.474111557006836,3.447934150695801
88200,2,fcst,7.150580883026123,0.5858263969421387,0.2293701171875,4.767446517944336,4.861659526824951
88200,0,enc,9.796558380126953,0.3910173177719116,0.07855224609375,0.851061999797821,0.870532214641571
88200,1,enc,5.146475315093994,0.49603402614593506,0.356201171875,1.1726628541946411,1.2351628541946411
88200,2,enc,7.181071758270264,0.5596086978912354,0.277099609375,1.3888635635375977,1.6519486904144287
88400,0,enc,10.014555931091309,0.39247235655784607,0.1485595703125,0.8828169703483582,0.9909771680831909
88400,1,enc,5.149957656860352,0.5779082179069519,0.406005859375,1.1851551532745361,1.1736198663711548
88400,2,enc,7.341394424438477,0.747706413269043,0.30029296875,1.564374566078186,1.7088950872421265
88400,0,fcst,4.406533718109131,0.6095767021179199,0.0875244140625,2.9906692504882812,3.0116231441497803
88400,1,fcst,8.886624336242676,0.8727728724479675,0.31787109375,3.2920165061950684,3.2632384300231934
88400,2,fcst,7.18106746673584,0.5975288152694702,0.20458984375,4.602801322937012,4.693849563598633
88400,0,enc,10.010119438171387,0.38958409428596497,0.07623291015625,0.8323515057563782,1.0448232889175415
88400,1,enc,5.16372537612915,0.5706273317337036,0.396240234375,1.263624906539917,1.307173490524292
88400,2,enc,7.341217041015625,0.6535661816596985,0.3046875,1.5468940734863281,1.6033432483673096
88600,0,enc,10.094550132751465,0.39090874791145325,0.1143798828125,0.9393405914306641,1.32545804977417
88600,1,enc,5.1421613693237305,0.509379506111145,0.392333984375,1.3051223754882812,1.3094552755355835
88600,2,enc,7.3525776863098145,0.7707238793373108,0.25048828125,1.5281989574432373,1.90505850315094
88600,0,fcst,4.392726898193359,0.6117048859596252,0.07049560546875,3.1311116218566895,3.003344774246216
88600,1,fcst,8.680060386657715,0.8745012283325195,0.3125,3.029989719390869,3.794581174850464
88600,2,fcst,7.470462799072266,0.6154001355171204,0.1986083984375,5.07282829284668,4.826378345489502
88600,0,enc,10.063583374023438,0.3858702480792999,0.07861328125,0.9083731174468994,1.2372918128967285
88600,1,enc,5.056056976318359,0.5428805947303772,0.3466796875,1.294751763343811,1.3186358213424683
88600,2,enc,7.281426429748535,0.5991989970207214,0.2342529296875,1.4702730178833008,1.9961519241333008
88800,0,enc,10.251806259155273,0.35001513361930847,0.126953125,0.85561603307724,1.0316016674041748
88800,1,enc,5.202093124389648,0.5125918984413147,0.40087890625,1.2337419986724854,1.2594276666641235
88800,2,enc,7.358111381530762,0.682240903377533,0.250244140625,1.4418827295303345,1.7075066566467285
88800,0,fcst,4.4694366455078125,0.690310537815094,0.0712890625,2.9769811630249023,2.9453134536743164
88800,1,fcst,8.635809898376465,0.9655610918998718,0.392578125,3.0848300457000732,3.4814581871032715
88800,2,fcst,7.263681411743164,0.5425801277160645,0.22412109375,4.759619235992432,4.661879539489746
88800,0,enc,10.250736236572266,0.3515358865261078,0.07745361328125,0.7530190348625183,0.8559466004371643
88800,1,enc,5.153591632843018,0.5420997142791748,0.390380859375,1.1122589111328125,1.136527180671692
88800,2,enc,7.293858051300049,0.5435984134674072,0.215087890625,1.360653281211853,1.5248448848724365
89000,0,enc,10.302629470825195,0.4410807192325592,0.12646484375,0.8925611972808838,1.0518085956573486
89000,1,enc,5.232231140136719,0.43687379360198975,0.3828125,1.1296582221984863,1.1429200172424316
89000,2,enc,7.469027042388916,0.6399310231208801,0.280029296875,1.3622862100601196,1.7568881511688232
89000,0,fcst,4.490452766418457,0.6901371479034424,0.07080078125,3.2965850830078125,3.2965850830078125
89000,1,fcst,8.787301063537598,0.8924874663352966,0.314453125,3.0977466106414795,3.99948787689209
89000,2,fcst,7.192960262298584,0.5831944346427917,0.22314453125,5.004398822784424,5.210091590881348
89000,0,enc,10.336938858032227,0.44919726252555847,0.09320068359375,0.8326618075370789,1.0309040546417236
89000,1,enc,5.239068508148193,0.460343599319458,0.392578125,1.4000163078308105,1.3995635509490967
89000,2,enc,7.358226776123047,0.5279501080513,0.264404296875,1.466631531715393,1.601380705833435
89200,0,enc,10.461173057556152,0.42847561836242676,0.135009765625,0.9457718729972839,1.051501989364624
89200,1,enc,5.202885627746582,0.5106114149093628,0.48291015625,1.2686424255371094,1.294514536857605
89200,2,enc,7.441009044647217,0.8021335601806641,0.334716796875,1.4030048847198486,1.8900117874145508
89200,0,fcst,4.452652454376221,0.6717780828475952,0.078369140625,3.719852924346924,3.694209575653076
89200,1,fcst,8.646113395690918,0.9556124806404114,0.329345703125,3.9534521102905273,3.929699182510376
89200,2,fcst,7.317718982696533,0.6167379021644592,0.2327880859375,5.078805923461914,5.099249362945557
89200,0,enc,10.456043243408203,0.4211912751197815,0.08642578125,0.8061962127685547,0.8890304565429688
89200,1,enc,5.178463935852051,0.4932011663913727,0.381591796875,1.132880687713623,1.1322077512741089
89200,2,enc,7.409723281860352,0.718317985534668,0.31103515625,1.2294708490371704,1.5066064596176147
89400,0,enc,10.560769081115723,0.3881937563419342,0.1304931640625,0.9556970000267029,1.115396499633789
89400,1,enc,5.176923751831055,0.5379881262779236,0.421142578125,1.1567062139511108,1.2258286476135254
89400,2,enc,7.556003093719482,0.8214805126190186,0.242431640625,1.497482180595398,2.006260871887207
89400,0,fcst,4.495129108428955,0.7271146774291992,0.07904052734375,3.139272689819336,3.17401123046875
89400,1,fcst,8.856740951538086,0.8824998140335083,0.33935546875,3.385319709777832,3.5017974376678467
89400,2,fcst,7.298462867736816,0.6019514799118042,0.2198486328125,5.471187114715576,4.514718055725098
89400,0,enc,10.559081077575684,0.3933332562446594,0.08538818359375,0.7809439897537231,0.9045318365097046
89400,1,enc,5.127242565155029,0.5451136231422424,0.416015625,1.2008466720581055,1.2376124858856201
89400,2,enc,7.481408596038818,0.6782407760620117,0.246337890625,1.565264344215393,1.730913758277893
89600,0,enc,10.490484237670898,0.40666505694389343,0.1397705078125,1.046244502067566,1.254036545753479
89600,1,enc,5.2213335037231445,0.5217788815498352,0.418212890625,1.5645675659179688,1.5645675659179688
89600,2,enc,7.6383280754089355,0.8228286504745483,0.267333984375,1.6454983949661255,1.890561819076538
89600,0,fcst,4.434525012969971,0.7078568935394287,0.07757568359375,3.2602345943450928,3.249985456466675
89600,1,fcst,8.91984748840332,0.941536009311676,0.347412109375,3.4091317653656006,3.80898118019104
89600,2,fcst,7.229538440704346,0.6530247330665588,0.230712890625,5.343750953674316,5.123481750488281
89600,0,enc,10.462343215942383,0.4108120799064636,0.0872802734375,0.8102366924285889,1.0291087627410889
89600,1,enc,5.203603744506836,0.43629515171051025,0.415283203125,1.3072655200958252,1.361685037612915
89600,2,enc,7.598267555236816,0.7333585023880005,0.259033203125,1.4665353298187256,1.8804795742034912
89800,0,enc,10.485243797302246,0.41671252250671387,0.11090087890625,1.0250144004821777,1.0355370044708252
89800,1,enc,5.247690677642822,0.47469788789749146,0.390625,1.2974998950958252,1.3365623950958252
89800,2,enc,7.498143196105957,0.6858580112457275,0.251953125,1.4317137002944946,2.3961315155029297
89800,0,fcst,4.444046974182129,0.6459769606590271,0.06683349609375,3.8025403022766113,3.8017122745513916
89800,1,fcst,8.657074928283691,0.8855170011520386,0.32763671875,3.3593578338623047,3.487516164779663
89800,2,fcst,7.201435089111328,0.5797884464263916,0.220458984375,4.9398884773254395,4.576953887939453
89800,0,enc,10.464115142822266,0.40670299530029297,0.0819091796875,0.7603778839111328,0.9492892622947693
89800,1,enc,5.187263011932373,0.5372826457023621,0.352294921875,1.234764575958252,1.287987232208252
89800,2,enc,7.463865756988525,0.600720226764679,0.2247314453125,1.2618277072906494,1.8148818016052246
90000,0,enc,10.334978103637695,0.4039064049720764,0.12237548828125,0.8191713094711304,1.262675404548645
90000,1,enc,5.277865886688232,0.5543279647827148,0.42138671875,1.3781262636184692,1.3155652284622192
90000,2,enc,7.659233570098877,0.9051717519760132,0.276611328125,1.4530903100967407,1.8960328102111816
90000,0,fcst,4.508056640625,0.6806023716926575,0.06988525390625,3.2709715366363525,3.2486162185668945
90000,1,fcst,8.692378997802734,0.9534836411476135,0.304931640625,3.273867130279541,3.3255224227905273
90000,2,fcst,7.333901405334473,0.6103911995887756,0.21826171875,4.762933254241943,4.675337791442871
90000,0,enc,10.349767684936523,0.392695814371109,0.09967041015625,0.7757560014724731,0.9569024443626404
90000,1,enc,5.241274833679199,0.5616664886474609,0.395751953125,1.220160961151123,1.291083812713623
90000,2,enc,7.595762729644775,0.8030771017074585,0.28515625,1.37591552734375,1.535352110862732
90200,0,enc,10.529997825622559,0.42933300137519836,0.1265869140625,0.9196274876594543,1.0753849744796753
90200,1,enc,5.2918701171875,0.47357410192489624,0.453857421875,1.3329237699508667,1.3324840068817139
90200,2,enc,7.559299945831299,0.8848214745521545,0.251708984375,1.463401436805725,1.5818899869918823
90200,0,fcst,4.545958518981934,0.7243486642837524,0.077880859375,3.404937982559204,3.361738681793213
90200,1,fcst,8.625258445739746,0.942130446434021,0.3212890625,3.3562123775482178,3.4559006690979004
90200,2,fcst,7.282016277313232,0.5887100100517273,0.219482421875,5.4805450439453125,4.827676296234131
90200,0,enc,10.54350471496582,0.4211522936820984,0.08868408203125,0.7497187256813049,0.9574697017669678
90200,1,enc,5.245870113372803,0.44585928320884705,0.41552734375,1.273489236831665,1.32466721534729
90200,2,enc,7.491337776184082,0.5526068806648254,0.2197265625,1.4080281257629395,1.7518693208694458
90400,0,enc,10.48405647277832,0.3988403379917145,0.11785888671875,0.9037303924560547,1.070454478263855
90400,1,enc,5.312363147735596,0.4854176640510559,0.435546875,1.2333487272262573,1.2684439420700073
90400,2,enc,7.624811172485352,0.7856102585792542,0.2861328125,1.4124826192855835,2.0795199871063232
90400,0,fcst,4.538934230804443,0.7815977931022644,0.08551025390625,3.8516862392425537,3.8895957469940186
90400,1,fcst,8.617118835449219,0.8783829212188721,0.30908203125,3.83052659034729,3.8748788833618164
90400,2,fcst,7.180870532989502,0.5752718448638916,0.2232666015625,5.663196563720703,4.838763236999512
90400,0,enc,10.501072883605957,0.40663889050483704,0.09637451171875,0.8005431294441223,1.0061078071594238
90400,1,enc,5.284121036529541,0.507694661617279,0.406494140625,1.2320194244384766,1.4030399322509766
90400,2,enc,7.615362167358398,0.6308693289756775,0.19580078125,1.3460346460342407,1.8857178688049316
90600,0,enc,10.490882873535156,0.4254201650619507,0.1270751953125,0.9967555403709412,1.256603479385376
90600,1,enc,5.288105010986328,0.3830969035625458,0.44921875,1.501822590827942,1.610058307647705
90600,2,enc,7.523411750793457,0.8342965245246887,0.2939453125,1.5383927822113037,1.8751298189163208
90600,0,fcst,4.522162437438965,0.6474868059158325,0.077880859375,3.2112088203430176,3.2810535430908203
90600,1,fcst,8.64467716217041,0.8971694111824036,0.329345703125,3.0927298069000244,3.3779640197753906
90600,2,fcst,7.515505313873291,0.5852941870689392,0.220458984375,5.56159782409668,4.792316436767578
90600,0,enc,10.486681938171387,0.42376649379730225,0.0823974609375,0.8200559020042419,1.2019331455230713
90600,1,enc,5.258293151855469,0.3966967463493347,0.414306640625,1.4271544218063354,1.5604552030563354
90600,2,enc,7.44989013671875,0.6242895126342773,0.20751953125,1.4741697311401367,1.7879605293273926
90800,0,enc,10.459628105163574,0.4517677426338196,0.1390380859375,0.8019547462463379,1.5070130825042725
90800,1,enc,5.3294501304626465,0.419232040643692,0.3984375,1.7228038311004639,1.778210163116455
90800,2,enc,7.673339366912842,0.9037123918533325,0.25537109375,1.778210163116455,1.6468156576156616
90800,0,fcst,4.505214214324951,0.7664383053779602,0.08306884765625,3.3269100189208984,3.3954389095306396
90800,1,fcst,8.723581314086914,0.8914535045623779,0.389404296875,3.4019720554351807,3.676375150680542
90800,2,fcst,7.347387313842773,0.5767502188682556,0.2264404296875,5.381485939025879,5.381485939025879
90800,0,enc,10.475509643554688,0.44359084963798523,0.0814208984375,0.6884113550186157,1.4498560428619385
90800,1,enc,5.294466972351074,0.4268006384372711,0.38671875,1.6394224166870117,1.7072324752807617
90800,2,enc,7.607078552246094,0.9430964589118958,0.2841796875,1.731793761253357,1.667197823524475
91000,0,enc,10.409958839416504,0.5249137282371521,0.132568359375,0.9178943634033203,1.1878894567489624
91000,1,enc,5.259585857391357,0.4242786467075348,0.419921875,1.3660944700241089,1.3660944700241089
91000,2,enc,7.445812702178955,0.8254026174545288,0.2386474609375,1.492072343826294,1.8034037351608276
91000,0,fcst,4.478448867797852,0.7139684557914734,0.0789794921875,3.2892000675201416,3.4230704307556152
91000,1,fcst,8.726173400878906,0.9054617285728455,0.34765625,3.478598117828369,3.5356078147888184
91000,2,fcst,7.540945053100586,0.660495400428772,0.2269287109375,5.182041645050049,4.883525848388672
91000,0,enc,10.407686233520508,0.5317063927650452,0.101318359375,1.0776032209396362,1.2808945178985596
91000,1,enc,5.311650276184082,0.43515223264694214,0.4208984375,1.4678807258605957,1.4481968879699707
91000,2,enc,7.444642543792725,0.7919335961341858,0.252685546875,1.4725760221481323,1.5866248607635498
91200,0,enc,10.456802368164062,0.49968183040618896,0.116943359375,0.8406791687011719,1.0935062170028687
91200,1,enc,5.229094505310059,0.37653788924217224,0.43359375,1.2628849744796753,1.2712093591690063
91200,2,enc,7.522136211395264,0.763889491558075,0.26171875,1.4105737209320068,1.7425358295440674
91200,0,fcst,4.536160945892334,0.6919294595718384,0.072265625,3.4238803386688232,3.472844123840332
91200,1,fcst,8.838420867919922,0.9097537994384766,0.354248046875,3.230494737625122,3.547076940536499
91200,2,fcst,7.3551812171936035,0.6306722164154053,0.22509765625,5.244408130645752,5.244408130645752
91200,0,enc,10.44694995880127,0.5134488344192505,0.07989501953125,0.7650955319404602,1.1643707752227783
91200,1,enc,5.2182393074035645,0.3678175210952759,0.39501953125,1.3144418001174927,1.312581181526184
91200,2,enc,7.514989376068115,0.6657789945602417,0.241455078125,1.4403022527694702,1.6620736122131348
91400,0,enc,10.468119621276855,0.466863214969635,0.127197265625,0.984254777431488,1.0894132852554321
91400,1,enc,5.2012715339660645,0.4385935366153717,0.42578125,1.3224289417266846,1.3286553621292114
91400,2,enc,7.513836860656738,0.7668671011924744,0.3037109375,1.4925909042358398,1.8678423166275024
91400,0,fcst,4.538205623626709,0.6772280335426331,0.08233642578125,3.317404270172119,3.4912867546081543
91400,1,fcst,8.965383529663086,0.8485287427902222,0.2998046875,3.301811695098877,3.39693021774292
91400,2,fcst,7.529091835021973,0.6202132105827332,0.214599609375,4.8364176750183105,4.925872802734375
91400,0,enc,10.50141429901123,0.46966874599456787,0.0804443359375,0.7347407341003418,0.9131858348846436
91400,1,enc,5.164670467376709,0.45218414068222046,0.38818359375,1.0962315797805786,1.1360241174697876
91400,2,enc,7.520744323730469,0.6269434690475464,0.281005859375,1.3618190288543701,1.679239273071289
91600,0,enc,10.497690200805664,0.4893583059310913,0.1324462890625,0.9306060671806335,1.287924885749817
91600,1,enc,5.211431980133057,0.3895837664604187,0.41552734375,1.5095620155334473,1.5080944299697876
91600,2,enc,7.574524879455566,0.6291306018829346,0.251953125,1.6546529531478882,2.222910165786743
91600,0,fcst,4.531514644622803,0.6544005274772644,0.07977294921875,3.4072327613830566,3.4009146690368652
91600,1,fcst,8.802472114562988,0.902306854724884,0.2978515625,3.4327707290649414,3.7877955436706543
91600,2,fcst,7.249950885772705,0.6607689261436462,0.215087890625,4.8079352378845215,4.65333366394043
91600,0,enc,10.491964340209961,0.4900091588497162,0.08837890625,0.7924075126647949,1.1661782264709473
91600,1,enc,5.136812210083008,0.36839157342910767,0.3876953125,1.357861042022705,1.3439984321594238
91600,2,enc,7.500547885894775,0.5567077398300171,0.2086181640625,1.4473903179168701,1.5750641822814941
91800,0,enc,10.483898162841797,0.43255287408828735,0.1116943359375,0.9596028327941895,1.2462857961654663
91800,1,enc,5.13340425491333,0.44449383020401,0.474609375,1.3079423904418945,1.3156989812850952
91800,2,enc,7.578064441680908,0.648470938205719,0.251708984375,1.4344730377197266,1.6461091041564941
91800,0,fcst,4.4802961349487305,0.7455173134803772,0.06890869140625,3.258542537689209,3.258542537689209
91800,1,fcst,8.928544044494629,0.8619593977928162,0.371337890625,3.1616835594177246,3.7554092407226562
91800,2,fcst,7.241300582885742,0.5764298439025879,0.209716796875,5.066463470458984,4.927890300750732
91800,0,enc,10.480589866638184,0.4333328902721405,0.0948486328125,0.8882683515548706,1.0758960247039795
91800,1,enc,5.111937522888184,0.35766562819480896,0.4140625,1.311726689338684,1.407734990119934
91800,2,enc,7.545263767242432,0.5787111520767212,0.226318359375,1.5498164892196655,1.6986202001571655
92000,0,enc,10.64000415802002,0.4417026937007904,0.111328125,1.030904769897461,1.1777105331420898
92000,1,enc,5.184551239013672,0.42973268032073975,0.429931640625,1.370155692100525,1.2907421588897705
92000,2,enc,7.48420524597168,0.7355183959007263,0.253662109375,1.3673920631408691,1.7830151319503784
92000,0,fcst,4.501653671264648,0.7361014485359192,0.07232666015625,3.1318209171295166,3.166476011276245
92000,1,fcst,9.060999870300293,0.8494789004325867,0.353759765625,3.2052366733551025,3.4029741287231445
92000,2,fcst,7.574969291687012,0.654903769493103,0.2322998046875,4.923253059387207,4.773336887359619
92000,0,enc,10.649322509765625,0.4412895739078522,0.08941650390625,0.7699629068374634,1.0884873867034912
92000,1,enc,5.068450450897217,0.4384461045265198,0.40673828125,1.2145283222198486,1.187852144241333
92000,2,enc,7.5742058753967285,0.4917057752609253,0.260009765625,1.3047101497650146,1.502060890197754
92200,0,enc,10.742948532104492,0.4218241274356842,0.142333984375,1.048992395401001,1.61403489112854
92200,1,enc,5.169198036193848,0.39455682039260864,0.424072265625,1.718766212463379,1.718766212463379
92200,2,enc,7.6513848304748535,0.873848557472229,0.2237548828125,1.759403944015503,1.9754756689071655
92200,0,fcst,4.546287536621094,0.6579475402832031,0.08306884765625,3.642864227294922,3.642864227294922
92200,1,fcst,9.0679931640625,0.8484903573989868,0.32177734375,3.535332202911377,3.6245193481445312
92200,2,fcst,7.454113960266113,0.590474009513855,0.2099609375,5.086400508880615,5.086400508880615
92200,0,enc,10.754161834716797,0.42742857336997986,0.0791015625,0.8055238723754883,1.3459142446517944
92200,1,enc,5.133315563201904,0.37647774815559387,0.385986328125,1.442286491394043,1.414851188659668
92200,2,enc,7.615749835968018,0.7200617790222168,0.245849609375,1.4520204067230225,1.720868706703186
92400,0,enc,10.84456729888916,0.4225226044654846,0.112060546875,1.1666414737701416,1.2879351377487183
92400,1,enc,5.109301567077637,0.4226968288421631,0.447265625,1.4049315452575684,1.4049315452575684
92400,2,enc,7.519304275512695,0.7442851662635803,0.268798828125,1.4734760522842407,2.0560779571533203
92400,0,fcst,4.539515972137451,0.6312147974967957,0.0748291015625,3.314971923828125,3.3482868671417236
92400,1,fcst,9.06234073638916,0.9137886762619019,0.345703125,3.4408211708068848,3.8430237770080566
92400,2,fcst,7.433163642883301,0.5808566212654114,0.2279052734375,5.1384501457214355,5.1384501457214355
92400,0,enc,10.838306427001953,0.42501533031463623,0.07952880859375,0.8773564100265503,1.18946373462677
92400,1,enc,5.099097728729248,0.44657379388809204,0.38818359375,1.404923677444458,1.4144222736358643
92400,2,enc,7.457152843475342,0.6322459578514099,0.256591796875,1.4862935543060303,1.548624038696289
92600,0,enc,10.870793342590332,0.42180135846138,0.1063232421875,0.8355196118354797,1.1077736616134644
92600,1,enc,5.249683380126953,0.3995817005634308,0.4267578125,1.2493195533752441,1.3517229557037354
92600,2,enc,7.595396041870117,0.7266450524330139,0.315185546875,1.435267448425293,1.7212932109832764
92600,0,fcst,4.54987907409668,0.6926674842834473,0.09033203125,3.335902690887451,3.2509961128234863
92600,1,fcst,8.963874816894531,0.8786229491233826,0.359375,3.1571009159088135,3.5068750381469727
92600,2,fcst,7.437767505645752,0.6312533617019653,0.267333984375,5.276849746704102,4.725677013397217
92600,0,enc,10.875653266906738,0.41953426599502563,0.08837890625,0.8136042952537537,1.093925952911377
92600,1,enc,5.171949863433838,0.3787839114665985,0.42333984375,1.3116170167922974,1.3333455324172974
92600,2,enc,7.529709815979004,0.6271615028381348,0.286865234375,1.4529320001602173,1.5050773620605469
92800,0,enc,10.932137489318848,0.45616114139556885,0.09814453125,0.8431017994880676,1.2915129661560059
92800,1,enc,5.137296199798584,0.384757399559021,0.471923828125,1.568793773651123,1.492499828338623
92800,2,enc,7.453108787536621,0.6332265734672546,0.2626953125,1.5085334777832031,1.774282455444336
92800,0,fcst,4.471323013305664,0.700104832649231,0.07904052734375,3.3320960998535156,3.294593334197998
92800,1,fcst,8.962004661560059,0.8599016666412354,0.332763671875,3.297980785369873,3.6312167644500732
92800,2,fcst,7.5343451499938965,0.683032751083374,0.2490234375,4.850215911865234,4.8649139404296875
92800,0,enc,10.946259498596191,0.4590965807437897,0.08306884765625,0.8021439909934998,1.3638458251953125
92800,1,enc,5.103988170623779,0.36339205503463745,0.39013671875,1.595973253250122,1.562770128250122
92800,2,enc,7.361859321594238,0.5664697289466858,0.244873046875,1.6222639083862305,1.5780471563339233
93000,0,enc,11.068713188171387,0.4506581127643585,0.1016845703125,0.9020967483520508,1.2377431392669678
93000,1,enc,5.152226448059082,0.4379216432571411,0.53564453125,1.3533209562301636,1.4087951183319092
93000,2,enc,7.5839996337890625,0.6813406944274902,0.260009765625,1.6159698963165283,2.0258548259735107
93000,0,fcst,4.46257209777832,0.7460111975669861,0.08001708984375,3.935692310333252,4.0079851150512695
93000,1,fcst,8.9005765914917,0.8918090462684631,0.306884765625,4.069148063659668,4.0887131690979
93000,2,fcst,7.424721717834473,0.6304930448532104,0.27685546875,5.120125770568848,4.803055286407471
93000,0,enc,11.087993621826172,0.4566963016986847,0.0772705078125,0.8211188912391663,1.0698745250701904
93000,1,enc,5.120032787322998,0.41755250096321106,0.399658203125,1.4153029918670654,1.5119216442108154
93000,2,enc,7.528021335601807,0.6753981113433838,0.2332763671875,1.645059585571289,1.770792007446289
93200,0,enc,11.051172256469727,0.5128930807113647,0.127685546875,1.1586194038391113,1.432218074798584
93200,1,enc,5.159183025360107,0.5535304546356201,0.5576171875,1.6795461177825928,1.6082706451416016
93200,2,enc,7.6621479988098145,0.5738418102264404,0.311767578125,1.6404610872268677,1.9782826900482178
93200,0,fcst,4.4140167236328125,0.7323057651519775,0.077392578125,3.5876882076263428,3.6374306678771973
93200,1,fcst,8.892030715942383,0.8330250978469849,0.34130859375,3.5894007682800293,3.563596248626709
93200,2,fcst,7.160703659057617,0.5988303422927856,0.24169921875,4.9272871017456055,5.907104969024658
93200,0,enc,11.081433296203613,0.5223299264907837,0.07794189453125,0.9450867772102356,1.4039610624313354
93200,1,enc,5.145147800445557,0.46681472659111023,0.47021484375,1.6304434537887573,1.5478628873825073
93200,2,enc,7.6146721839904785,0.5393173098564148,0.271728515625,1.5672904253005981,1.6797425746917725
93400,0,enc,11.10792064666748,0.4357675611972809,0.1103515625,0.9265952110290527,0.9716295003890991
93400,1,enc,5.327442646026611,0.4404369294643402,0.446044921875,1.1865869760513306,1.1789976358413696
93400,2,enc,7.710198879241943,0.6509981751441956,0.251220703125,1.3377623558044434,1.7551757097244263
93400,0,fcst,4.463931083679199,0.7697677612304688,0.09210205078125,3.2510299682617188,3.2856504917144775
93400,1,fcst,8.816325187683105,0.9530602693557739,0.40087890625,3.0936455726623535,3.697188377380371
93400,2,fcst,7.292253494262695,0.617080569267273,0.2420654296875,5.102848529815674,4.724811553955078
93400,0,enc,11.099772453308105,0.43983739614486694,0.0977783203125,0.7750098705291748,1.0691555738449097
93400,1,enc,5.2917304039001465,0.44352057576179504,0.446533203125,1.3213982582092285,1.2174580097198486
93400,2,enc,7.648594856262207,0.5791858434677124,0.2313232421875,1.3416707515716553,1.4731993675231934
93600,0,enc,11.09005355834961,0.4297259449958801,0.11309814453125,0.969818651676178,1.3062920570373535
93600,1,enc,5.310412883758545,0.4565715193748474,0.58544921875,1.6659873723983765,1.6646066904067993
93600,2,enc,7.727418422698975,0.6469978094100952,0.259765625,1.7044599056243896,2.2470552921295166
93600,0,fcst,4.495682716369629,0.76968914270401,0.09033203125,3.798046112060547,3.8475522994995117
93600,1,fcst,8.782391548156738,0.8616156578063965,0.3271484375,3.886883020401001,3.8415474891662598
93600,2,fcst,7.285348415374756,0.6595306992530823,0.2283935546875,4.918274879455566,4.777568817138672
93600,0,enc,11.127092361450195,0.44594675302505493,0.0789794921875,0.8522817492485046,1.2561602592468262
93600,1,enc,5.264802932739258,0.46434521675109863,0.456787109375,1.4960800409317017,1.4226547479629517
93600,2,enc,7.632715702056885,0.5884904861450195,0.228759765625,1.34149169921875,1.5829404592514038
93800,0,enc,11.095504760742188,0.47612977027893066,0.114013671875,1.1011455059051514,1.1773407459259033
93800,1,enc,5.335541248321533,0.4142693281173706,0.51171875,1.391331672668457,1.328465461730957
93800,2,enc,7.683849334716797,0.6119452714920044,0.285888671875,1.569373607635498,1.83527410030365
93800,0,fcst,4.507577896118164,0.6483438611030579,0.06817626953125,3.1615149974823,3.1282339096069336
93800,1,fcst,8.956098556518555,0.8471372127532959,0.346435546875,3.2921676635742188,3.418099880218506
93800,2,fcst,7.413052082061768,0.638150155544281,0.2471923828125,4.61653995513916,4.847455978393555
93800,0,enc,11.12364387512207,0.45212361216545105,0.09197998046875,0.9586432576179504,1.0882296562194824
93800,1,enc,5.304786205291748,0.4506530165672302,0.408203125,1.282225251197815,1.2831065654754639
93800,2,enc,7.718605995178223,0.5765308141708374,0.258056640625,1.4229216575622559,1.7156322002410889
94000,0,enc,11.115828514099121,0.39536935091018677,0.1253662109375,1.0381053686141968,1.5492844581604004
94000,1,enc,5.3160200119018555,0.42739760875701904,0.52880859375,1.8515863418579102,1.7767844200134277
94000,2,enc,7.562125205993652,0.5494346022605896,0.23388671875,1.7840734720230103,1.8152501583099365
94000,0,fcst,4.458334922790527,0.6847111582756042,0.0831298828125,3.3360157012939453,3.4993185997009277
94000,1,fcst,8.831501960754395,0.9101318120956421,0.31689453125,3.2152740955352783,3.6681861877441406
94000,2,fcst,7.474865436553955,0.6480513215065002,0.259521484375,4.703849792480469,4.703849792480469
94000,0,enc,11.107524871826172,0.4051947593688965,0.0924072265625,0.7951522469520569,1.3080750703811646
94000,1,enc,5.302642822265625,0.418209046125412,0.403076171875,1.579792857170105,1.53172767162323
94000,2,enc,7.4991607666015625,0.5456925630569458,0.2391357421875,1.53155517578125,1.8532731533050537
94200,0,enc,11.0447416305542,0.4568312466144562,0.138916015625,0.9341571927070618,1.231154203414917
94200,1,enc,5.369256019592285,0.3997504711151123,0.47265625,1.361844778060913,1.3534736633300781
94200,2,enc,7.701936721801758,0.6630294322967529,0.3134765625,1.4181092977523804,1.792256236076355
94200,0,fcst,4.458646297454834,0.6967318654060364,0.075439453125,3.2605090141296387,3.3221545219421387
94200,1,fcst,8.821635246276855,0.906587541103363,0.34423828125,3.3166515827178955,3.523667097091675
94200,2,fcst,7.535011291503906,0.6076017618179321,0.23388671875,4.985869407653809,5.013806343078613
94200,0,enc,11.07663345336914,0.4553644061088562,0.0977783203125,0.8145209550857544,1.050193428993225
94200,1,enc,5.354891777038574,0.3960609436035156,0.42138671875,1.293661117553711,1.3126888275146484
94200,2,enc,7.6191020011901855,0.7110295295715332,0.33056640625,1.3206663131713867,1.6353635787963867
94400,0,enc,11.095698356628418,0.5200462937355042,0.12408447265625,0.9552220702171326,1.2220182418823242
94400,1,enc,5.3636932373046875,0.46878692507743835,0.471435546875,1.5606958866119385,1.6345484256744385
94400,2,enc,7.671116828918457,0.711889386177063,0.38818359375,1.827217936515808,1.8389568328857422
94400,0,fcst,4.448521137237549,0.6744533777236938,0.09295654296875,3.198477029800415,3.1576192378997803
94400,1,fcst,8.837682723999023,0.8401868939399719,0.343994140625,3.102356433868408,3.511475086212158
94400,2,fcst,7.579790115356445,0.595807671546936,0.255615234375,4.861118793487549,4.67282247543335
94400,0,enc,11.081538200378418,0.5173630118370056,0.097900390625,0.8182341456413269,0.9886571764945984
94400,1,enc,5.377475261688232,0.47590553760528564,0.421875,1.1495577096939087,1.2411264181137085
94400,2,enc,7.526301383972168,0.6088257431983948,0.30078125,1.3314604759216309,1.7661176919937134
94600,0,enc,11.076120376586914,0.49075278639793396,0.11376953125,0.8242336511611938,0.9549683332443237
94600,1,enc,5.287215232849121,0.3725737929344177,0.45703125,1.1134053468704224,1.2457473278045654
94600,2,enc,7.537949562072754,0.6713826060295105,0.29541015625,1.3422701358795166,1.8797444105148315
94600,0,fcst,4.397580623626709,0.6561688184738159,0.07330322265625,3.2435951232910156,3.2083704471588135
94600,1,fcst,8.765344619750977,0.8906083106994629,0.304443359375,3.2293968200683594,3.2545835971832275
94600,2,fcst,7.591830730438232,0.6236566305160522,0.246826171875,5.025623798370361,5.411094665527344
94600,0,enc,11.0628023147583,0.4920738935470581,0.0975341796875,0.7681851983070374,0.8701348900794983
94600,1,enc,5.28530216217041,0.4151972830295563,0.40625,1.13338041305542,1.133281946182251
94600,2,enc,7.3838019371032715,0.6233478784561157,0.2464599609375,1.3648403882980347,1.4377384185791016
94800,0,enc,10.989888191223145,0.447083055973053,0.110107421875,0.8711678385734558,1.1284732818603516
94800,1,enc,5.3214616775512695,0.4487588405609131,0.493408203125,1.263054609298706,1.3995826244354248
94800,2,enc,7.513118743896484,0.7030757665634155,0.335205078125,1.5277315378189087,1.8917232751846313
94800,0,fcst,4.447436809539795,0.7433401346206665,0.07171630859375,3.409341335296631,3.4871273040771484
94800,1,fcst,8.811583518981934,0.9014055132865906,0.3095703125,3.449845552444458,3.841120481491089
94800,2,fcst,7.8090596199035645,0.6977719664573669,0.2489013671875,4.825817584991455,5.017527103424072
94800,0,enc,11.039088249206543,0.45292240381240845,0.10015869140625,0.9110667705535889,1.0149009227752686
94800,1,enc,5.333963871002197,0.472471684217453,0.44580078125,1.2030562162399292,1.2112289667129517
94800,2,enc,7.420539379119873,0.6862521767616272,0.275146484375,1.3425759077072144,1.6037942171096802
95000,0,enc,11.0841703414917,0.5111342668533325,0.1278076171875,0.8683578968048096,1.1187018156051636
95000,1,enc,5.440423011779785,0.4852181673049927,0.470458984375,1.2621991634368896,1.2621991634368896
95000,2,enc,7.555151462554932,0.6763752102851868,0.304931640625,1.3392775058746338,1.7995465993881226
95000,0,fcst,4.402811527252197,0.7309045791625977,0.0771484375,3.094130039215088,3.0460205078125
95000,1,fcst,8.78625774383545,0.9452258348464966,0.39697265625,3.0887677669525146,3.414747714996338
95000,2,fcst,7.7417426109313965,0.6422064900398254,0.231689453125,4.859159469604492,4.991313934326172
95000,0,enc,11.103528022766113,0.5176762938499451,0.10003662109375,0.815930187702179,0.926720380783081
95000,1,enc,5.450287342071533,0.4546595811843872,0.44580078125,1.0478378534317017,1.0461786985397339
95000,2,enc,7.442371368408203,0.5592919588088989,0.289794921875,1.216820478439331,1.7098283767700195
95200,0,enc,11.07508373260498,0.4968838393688202,0.10791015625,0.8634480834007263,1.0516160726547241
95200,1,enc,5.41450834274292,0.4011881649494171,0.54541015625,1.116949439048767,1.1625670194625854
95200,2,enc,7.480424404144287,0.7387720942497253,0.322998046875,1.3437011241912842,1.7243856191635132
95200,0,fcst,4.40935754776001,0.728576123714447,0.07049560546875,3.1942381858825684,3.147475004196167
95200,1,fcst,8.885744094848633,0.8477897644042969,0.314208984375,3.4342432022094727,3.424220323562622
95200,2,fcst,7.640269756317139,0.5713827013969421,0.2315673828125,4.6476969718933105,4.547938823699951
95200,0,enc,11.097945213317871,0.49362823367118835,0.0966796875,0.7321898341178894,0.9707832336425781
95200,1,enc,5.432525157928467,0.3901522755622864,0.4658203125,1.2056958675384521,1.2261273860931396
95200,2,enc,7.468092918395996,0.6041209101676941,0.289794921875,1.4055756330490112,1.6877012252807617
95400,0,enc,11.114176750183105,0.39629530906677246,0.1348876953125,0.9424057006835938,1.360134243965149
95400,1,enc,5.378297328948975,0.4329756498336792,0.5478515625,1.3380744457244873,1.2963331937789917
95400,2,enc,7.5276899337768555,0.6647719144821167,0.293212890625,1.4960455894470215,1.858237385749817
95400,0,fcst,4.418042182922363,0.7149141430854797,0.08306884765625,3.394981861114502,3.3888487815856934
95400,1,fcst,8.863005638122559,0.9332942962646484,0.316650390625,3.276093006134033,3.543933629989624
95400,2,fcst,7.815286159515381,0.6576002240180969,0.2252197265625,4.874074935913086,4.643718242645264
95400,0,enc,11.158247947692871,0.4001457393169403,0.08782958984375,0.7461270689964294,1.0378751754760742
95400,1,enc,5.355620384216309,0.4151269197463989,0.479736328125,1.130125641822815,1.186216950416565
95400,2,enc,7.494964599609375,0.590557336807251,0.27978515625,1.4352617263793945,1.5828640460968018
95600,0,enc,11.261309623718262,0.39055147767066956,0.1201171875,0.9686608910560608,1.0873403549194336
95600,1,enc,5.297424793243408,0.3973047733306885,0.56982421875,1.2239439487457275,1.2265613079071045
95600,2,enc,7.665097713470459,0.745982825756073,0.2734375,1.4161686897277832,2.052368402481079
95600,0,fcst,4.376952171325684,0.7512122392654419,0.07562255859375,3.3462886810302734,3.3754329681396484
95600,1,fcst,8.780689239501953,0.8839645981788635,0.336181640625,3.1404190063476562,3.227785587310791
95600,2,fcst,7.738033294677734,0.633859395980835,0.26318359375,5.047257423400879,4.561105251312256
95600,0,enc,11.262520790100098,0.41011378169059753,0.09515380859375,0.8536818623542786,0.9981129765510559
95600,1,enc,5.260576248168945,0.384276419878006,0.463623046875,1.1811597347259521,1.1835954189300537
95600,2,enc,7.631287097930908,0.6497370600700378,0.2685546875,1.2974629402160645,1.4642109870910645
95800,0,enc,11.318553924560547,0.38365259766578674,0.11529541015625,0.7851135730743408,0.8921697735786438
95800,1,enc,5.470479488372803,0.46459242701530457,0.46826171875,0.9948791265487671,1.0983275175094604
95800,2,enc,7.567573070526123,0.5574663877487183,0.322265625,1.4361926317214966,1.8242542743682861
95800,0,fcst,4.419669151306152,0.6281348466873169,0.0968017578125,3.338934898376465,3.3626368045806885
95800,1,fcst,8.850626945495605,0.9170746803283691,0.302978515625,3.458564043045044,3.485562801361084
95800,2,fcst,7.542232513427734,0.6395959258079529,0.235107421875,4.624637603759766,4.8366594314575195
95800,0,enc,11.343308448791504,0.37491586804389954,0.083740234375,0.8767512440681458,0.8435786366462708
95800,1,enc,5.475847244262695,0.41472160816192627,0.452392578125,1.1848162412643433,1.2098406553268433
95800,2,enc,7.477624893188477,0.6087030172348022,0.262451171875,1.310893177986145,1.7027281522750854
96000,0,enc,11.315694808959961,0.44709306955337524,0.10150146484375,0.9947954416275024,1.0907773971557617
96000,1,enc,5.4621901512146,0.4679478406906128,0.58642578125,1.2885675430297852,1.3467800617218018
96000,2,enc,7.62502908706665,0.6639262437820435,0.28173828125,1.4567234516143799,1.6350957155227661
96000,0,fcst,4.432980060577393,0.724809467792511,0.07269287109375,3.0002498626708984,3.031970262527466
96000,1,fcst,8.9403657913208,0.928131103515625,0.364013671875,3.204177141189575,3.640216588973999
96000,2,fcst,7.882753849029541,0.625561535358429,0.22900390625,4.910869598388672,5.066554069519043
96000,0,enc,11.334364891052246,0.4393106997013092,0.083740234375,0.8758969902992249,0.9976950287818909
96000,1,enc,5.445963382720947,0.3951847553253174,0.492919921875,1.2841345071792603,1.232785701751709
96000,2,enc,7.56024169921875,0.6228281855583191,0.307373046875,1.4718208312988281,1.6163520812988281
96200,0,enc,11.336146354675293,0.3757004737854004,0.12396240234375,0.8349676132202148,0.9748059511184692
96200,1,enc,5.467092514038086,0.41661760210990906,0.552734375,1.2348870038986206,1.2879537343978882
96200,2,enc,7.614578723907471,0.6769943237304688,0.271240234375,1.4843708276748657,1.6947182416915894
96200,0,fcst,4.469651222229004,0.6895934343338013,0.0775146484375,3.159773349761963,3.1887481212615967
96200,1,fcst,9.010069847106934,0.935702383518219,0.33984375,3.09816312789917,3.23227596282959
96200,2,fcst,7.883895397186279,0.6333143711090088,0.22216796875,4.530746936798096,4.475836277008057
96200,0,enc,11.341135025024414,0.38317564129829407,0.1070556640625,0.8156300187110901,0.9133473038673401
96200,1,enc,5.471747875213623,0.405671089887619,0.43701171875,1.2825055122375488,1.2784771919250488
96200,2,enc,7.54932165145874,0.6492551565170288,0.2529296875,1.4813838005065918,1.7496196031570435
96400,0,enc,11.446687698364258,0.365586519241333,0.149658203125,0.9845833778381348,1.170944094657898
96400,1,enc,5.408217906951904,0.39406025409698486,0.463134765625,1.4755418300628662,1.5316941738128662
96400,2,enc,7.546384811401367,0.7688261270523071,0.244384765625,1.6547815799713135,1.8140177726745605
96400,0,fcst,4.4891581535339355,0.6452101469039917,0.06640625,3.5356340408325195,3.5418519973754883
96400,1,fcst,9.004985809326172,0.8703153729438782,0.3505859375,3.517984390258789,3.467087745666504
96400,2,fcst,7.470455169677734,0.6683809161186218,0.2255859375,5.2780961990356445,4.629848480224609
96400,0,enc,11.43996524810791,0.3657775819301605,0.0950927734375,0.8877143263816833,1.0093574523925781
96400,1,enc,5.425589084625244,0.38399285078048706,0.44140625,1.4274325370788574,1.4846529960632324
96400,2,enc,7.483232021331787,0.5218790173530579,0.24658203125,1.623515248298645,1.624029278755188
96600,0,enc,11.455643653869629,0.37482380867004395,0.11956787109375,0.8595688939094543,1.0510433912277222
96600,1,enc,5.463249206542969,0.3897304832935333,0.400390625,1.3021070957183838,1.335116982460022
96600,2,enc,7.615027904510498,0.6229759454727173,0.307861328125,1.5138449668884277,2.02664852142334
96600,0,fcst,4.518618583679199,0.6332105994224548,0.07562255859375,3.4333229064941406,3.4338409900665283
96600,1,fcst,8.871930122375488,0.8682022094726562,0.333251953125,3.3662807941436768,3.9224109649658203
96600,2,fcst,7.699241638183594,0.6143368482589722,0.235595703125,5.105220317840576,5.118285179138184
96600,0,enc,11.466201782226562,0.38685816526412964,0.09515380859375,0.7641722559928894,0.9693663120269775
96600,1,enc,5.386352062225342,0.36597591638565063,0.43701171875,1.286391258239746,1.2906484603881836
96600,2,enc,7.527419567108154,0.4403291940689087,0.26953125,1.4684700965881348,1.7846347093582153
96800,0,enc,11.59249210357666,0.4003237783908844,0.143310546875,0.8913777470588684,1.0338209867477417
96800,1,enc,5.5329084396362305,0.432452529668808,0.373046875,1.2185643911361694,1.2745378017425537
96800,2,enc,7.556448936462402,0.5823415517807007,0.316162109375,1.3104844093322754,1.7198269367218018
96800,0,fcst,4.56648063659668,0.7163804173469543,0.078369140625,3.339402437210083,3.302849054336548
96800,1,fcst,9.030588150024414,0.8610148429870605,0.323974609375,3.3167777061462402,3.882336139678955
96800,2,fcst,7.803398609161377,0.5606968998908997,0.2235107421875,5.03902006149292,5.03902006149292
96800,0,enc,11.554176330566406,0.41124382615089417,0.10968017578125,0.9995741844177246,1.0919203758239746
96800,1,enc,5.526059150695801,0.36901161074638367,0.375244140625,1.4422965049743652,1.4421045780181885
96800,2,enc,7.508177757263184,0.4599902331829071,0.240966796875,1.5062669515609741,1.5295523405075073
97000,0,enc,11.837140083312988,0.4175434708595276,0.1270751953125,0.8335771560668945,0.9311349391937256
97000,1,enc,5.559806823730469,0.5289415121078491,0.368896484375,1.147980809211731,1.2162227630615234
97000,2,enc,7.61264705657959,0.5992733240127563,0.33203125,1.444634199142456,1.9522348642349243
97000,0,fcst,4.578946113586426,0.6473428606987,0.07220458984375,3.044210910797119,3.0366833209991455
97000,1,fcst,8.99006175994873,0.8556389212608337,0.350341796875,3.2612078189849854,3.5548884868621826
97000,2,fcst,7.19772481918335,0.6299979090690613,0.208251953125,5.851445198059082,4.943242073059082
97000,0,enc,11.820330619812012,0.40703001618385315,0.10101318359375,0.7410380244255066,0.8078545331954956
97000,1,enc,5.531805515289307,0.5339331030845642,0.362548828125,1.186550498008728,1.2198514938354492
97000,2,enc,7.484553337097168,0.4936350882053375,0.2176513671875,1.4006023406982422,1.8254454135894775
97200,0,enc,11.886567115783691,0.36905211210250854,0.13330078125,0.9099178314208984,1.0588436126708984
97200,1,enc,5.484124660491943,0.39329227805137634,0.441650390625,1.3954277038574219,1.3942991495132446
97200,2,enc,7.607649803161621,0.6101877689361572,0.2388916015625,1.4020787477493286,1.945529580116272
97200,0,fcst,4.587074279785156,0.7262799739837646,0.083251953125,3.337230682373047,3.479775905609131
97200,1,fcst,9.145108222961426,0.8178945779800415,0.323974609375,3.428173065185547,3.6364495754241943
97200,2,fcst,7.496575355529785,0.6202731728553772,0.201416015625,4.716917037963867,4.716917037963867
97200,0,enc,11.906290054321289,0.37260735034942627,0.095703125,0.8632591962814331,0.8981010913848877
97200,1,enc,5.480228900909424,0.3998399078845978,0.39697265625,1.1619887351989746,1.1569361686706543
97200,2,enc,7.56962776184082,0.5082705020904541,0.252685546875,1.2492915391921997,1.6655460596084595
97400,0,enc,11.99609088897705,0.37219884991645813,0.12646484375,0.9096189141273499,0.9977338314056396
97400,1,enc,5.53106164932251,0.3989716172218323,0.38134765625,1.2521262168884277,1.2752517461776733
97400,2,enc,7.5375471115112305,0.7240719199180603,0.306396484375,1.4785635471343994,2.0087876319885254
97400,0,fcst,4.608433246612549,0.710010826587677,0.07012939453125,3.401010513305664,3.4231526851654053
97400,1,fcst,9.053384780883789,0.910053014755249,0.361572265625,3.2415316104888916,3.7868332862854004
97400,2,fcst,7.572242259979248,0.6571263670921326,0.2298583984375,4.959174633026123,4.706813335418701
97400,0,enc,12.00726318359375,0.3779747188091278,0.10052490234375,0.8006746172904968,0.8008162379264832
97400,1,enc,5.498781681060791,0.3884413540363312,0.388427734375,1.1936917304992676,1.2203946113586426
97400,2,enc,7.545772552490234,0.5179185271263123,0.2158203125,1.403306007385254,1.82821524143219
97600,0,enc,12.001167297363281,0.41064319014549255,0.12841796875,1.0821788311004639,1.2381608486175537
97600,1,enc,5.481822490692139,0.4480505585670471,0.37451171875,1.4132992029190063,1.4583295583724976
97600,2,enc,7.4387946128845215,0.6014443635940552,0.227294921875,1.5590667724609375,1.9689267873764038
97600,0,fcst,4.5780110359191895,0.5830380916595459,0.0740966796875,3.3157999515533447,3.30993390083313
97600,1,fcst,9.145389556884766,0.8462783098220825,0.317138671875,3.2847650051116943,3.720172643661499
97600,2,fcst,7.917614936828613,0.6386700868606567,0.2174072265625,5.239701271057129,4.734294891357422
97600,0,enc,12.018410682678223,0.41529253125190735,0.0986328125,0.989370584487915,1.0627658367156982
97600,1,enc,5.429724216461182,0.45641982555389404,0.45654296875,1.404741883277893,1.428179383277893
97600,2,enc,7.245660305023193,0.5026167035102844,0.22265625,1.6347063779830933,1.7831943035125732
97800,0,enc,11.952106475830078,0.3654817044734955,0.11297607421875,0.9630336761474609,1.1434924602508545
97800,1,enc,5.484010219573975,0.49931180477142334,0.432861328125,1.364801049232483,1.4170199632644653
97800,2,enc,7.4691619873046875,0.6220638751983643,0.2802734375,1.6228406429290771,1.8951523303985596
97800,0,fcst,4.608463764190674,0.780921220779419,0.07037353515625,3.302320718765259,3.3506741523742676
97800,1,fcst,9.058859825134277,0.9147427082061768,0.364501953125,3.345499277114868,3.813284397125244
97800,2,fcst,8.126814842224121,0.6168854832649231,0.217529296875,5.22403621673584,5.301695823669434
97800,0,enc,11.959711074829102,0.3564818203449249,0.09332275390625,0.8707062005996704,0.9628692865371704
97800,1,enc,5.481441497802734,0.4767093360424042,0.371337890625,1.1832268238067627,1.2194511890411377
97800,2,enc,7.420943737030029,0.48944777250289917,0.2396240234375,1.4065356254577637,1.6401607990264893
98000,0,enc,11.821429252624512,0.4347071051597595,0.11614990234375,1.0564064979553223,1.0794641971588135
98000,1,enc,5.525386810302734,0.4248153567314148,0.462158203125,1.1856575012207031,1.190293788909912
98000,2,enc,7.5446648597717285,0.6798654794692993,0.308837890625,1.4532378911972046,2.0795719623565674
98000,0,fcst,4.626495361328125,0.6653591394424438,0.0762939453125,3.6219215393066406,3.528944730758667
98000,1,fcst,9.184221267700195,0.8605024218559265,0.322998046875,3.528944730758667,3.8535826206207275
98000,2,fcst,7.681702136993408,0.5992515683174133,0.22900390625,4.941821098327637,4.866865158081055
98000,0,enc,11.87858772277832,0.432525098323822,0.09521484375,0.8192911744117737,0.8603081703186035
98000,1,enc,5.458810329437256,0.3859815299510956,0.4287109375,1.295989751815796,1.326659917831421
98000,2,enc,7.512136936187744,0.5791364312171936,0.250732421875,1.3753323554992676,1.7649730443954468
98200,0,enc,11.79803466796875,0.41163191199302673,0.1376953125,0.8748539090156555,1.1015223264694214
98200,1,enc,5.689691543579102,0.39533206820487976,0.428466796875,1.2887506484985352,1.2839865684509277
98200,2,enc,7.513864517211914,0.7416638135910034,0.288330078125,1.3907949924468994,1.8948698043823242
98200,0,fcst,4.682561874389648,0.637878954410553,0.08599853515625,3.2847704887390137,3.1122782230377197
98200,1,fcst,9.20921802520752,1.0074946880340576,0.349609375,3.164031982421875,3.774204730987549
98200,2,fcst,7.714953422546387,0.6499530076980591,0.2020263671875,5.166319370269775,4.892775535583496
98200,0,enc,11.810503005981445,0.4106086492538452,0.106689453125,0.8000576496124268,0.9053986668586731
98200,1,enc,5.569942951202393,0.4193077087402344,0.393310546875,1.2051286697387695,1.2032451629638672
98200,2,enc,7.516312599182129,0.5798205137252808,0.2861328125,1.3680299520492554,1.850439429283142
98400,0,enc,11.774321556091309,0.3841599225997925,0.1314697265625,0.9846123456954956,1.066504716873169
98400,1,enc,5.693660259246826,0.4301091134548187,0.3779296875,1.3653250932693481,1.3229734897613525
98400,2,enc,7.653800964355469,0.6515302658081055,0.35205078125,1.5318996906280518,1.9288722276687622
98400,0,fcst,4.713237285614014,0.5992421507835388,0.07330322265625,3.624685287475586,3.5765013694763184
98400,1,fcst,9.12865161895752,0.8468589782714844,0.3232421875,3.115830421447754,3.41959547996521
98400,2,fcst,7.573740482330322,0.6490651965141296,0.219970703125,4.573060035705566,5.068974018096924
98400,0,enc,11.795087814331055,0.3766935169696808,0.11572265625,0.9191461801528931,0.9857428073883057
98400,1,enc,5.660297870635986,0.4556914269924164,0.453369140625,1.261481761932373,1.288032054901123
98400,2,enc,7.53411340713501,0.6972892880439758,0.27001953125,1.4692996740341187,1.5201045274734497
98600,0,enc,11.81393814086914,0.3787679672241211,0.131591796875,0.943398118019104,1.0258315801620483
98600,1,enc,5.63897180557251,0.3911344110965729,0.488037109375,1.1555075645446777,1.147174596786499
98600,2,enc,7.55587911605835,0.8087952733039856,0.2822265625,1.5453277826309204,1.8212084770202637
98600,0,fcst,4.727682590484619,0.6737499237060547,0.07843017578125,3.642136335372925,3.6604976654052734
98600,1,fcst,9.061816215515137,0.9071006178855896,0.337890625,3.3643317222595215,3.5159385204315186
98600,2,fcst,7.742076396942139,0.5967317223548889,0.1937255859375,4.857357025146484,4.885302543640137
98600,0,enc,11.822895050048828,0.37726378440856934,0.11151123046875,0.8912297487258911,0.8960282206535339
98600,1,enc,5.599207878112793,0.43071457743644714,0.433349609375,1.1988908052444458,1.2047978639602661
98600,2,enc,7.542293071746826,0.6816379427909851,0.278076171875,1.3470808267593384,1.671122670173645
98800,0,enc,11.798554420471191,0.3957992196083069,0.1295166015625,0.9212835431098938,1.0493669509887695
98800,1,enc,5.655869483947754,0.4248439371585846,0.4580078125,1.3078758716583252,1.310766577720642
98800,2,enc,7.591078758239746,0.7362291216850281,0.306396484375,1.5051730871200562,2.1195826530456543
98800,0,fcst,4.712522506713867,0.7343658208847046,0.06988525390625,3.1491265296936035,3.1687328815460205
98800,1,fcst,9.127861976623535,0.8352596163749695,0.363525390625,3.1479580402374268,3.4887919425964355
98800,2,fcst,7.761781215667725,0.5927315354347229,0.19384765625,4.698863983154297,4.953744888305664
98800,0,enc,11.83328628540039,0.40595391392707825,0.10955810546875,0.8637862801551819,1.08664870262146
98800,1,enc,5.635417461395264,0.44064801931381226,0.40869140625,1.5232797861099243,1.5523020029067993
98800,2,enc,7.464757919311523,0.5299139022827148,0.26025390625,1.7654213905334473,1.7380166053771973
99000,0,enc,11.821052551269531,0.3726888597011566,0.1844482421875,0.8790772557258606,1.0867527723312378
99000,1,enc,5.667022228240967,0.4479926526546478,0.451904296875,1.2880711555480957,1.2869606018066406
99000,2,enc,7.5041351318359375,0.6252513527870178,0.308837890625,1.412407398223877,2.294685125350952
99000,0,fcst,4.622259616851807,0.6772392988204956,0.0736083984375,3.7452993392944336,3.76828932762146
99000,1,fcst,9.071269035339355,0.8653739094734192,0.34130859375,3.1149590015411377,3.368350028991699
99000,2,fcst,7.68548583984375,0.6923922896385193,0.208740234375,4.678020477294922,4.586467266082764
99000,0,enc,11.820990562438965,0.3853437900543213,0.10931396484375,0.7775061130523682,0.9378172755241394
99000,1,enc,5.659813404083252,0.43440181016921997,0.431884765625,1.1193219423294067,1.1119667291641235
99000,2,enc,7.437103271484375,0.5661394596099854,0.258056640625,1.2108328342437744,1.7116647958755493
99200,0,enc,11.853407859802246,0.3423452079296112,0.1353759765625,0.9203088283538818,1.203115463256836
99200,1,enc,5.584384441375732,0.41358131170272827,0.416259765625,1.2115533351898193,1.2115533351898193
99200,2,enc,7.628387451171875,0.6857889890670776,0.3193359375,1.5458385944366455,1.889479637145996
99200,0,fcst,4.674281597137451,0.6995312571525574,0.0653076171875,3.047679901123047,3.0298662185668945
99200,1,fcst,9.068675994873047,0.939355731010437,0.31103515625,2.9538283348083496,3.3366546630859375
99200,2,fcst,7.377421855926514,0.586086094379425,0.2030029296875,4.538992881774902,5.130936145782471
99200,0,enc,11.82907772064209,0.35777294635772705,0.117919921875,0.8429471254348755,0.9508498311042786
99200,1,enc,5.594970226287842,0.4016593098640442,0.425537109375,1.0015267133712769,1.0168204307556152
99200,2,enc,7.5297040939331055,0.6281960010528564,0.25048828125,1.1672828197479248,1.63974928855896
99400,0,enc,11.769160270690918,0.34695523977279663,0.1588134765625,0.862029492855072,1.049829125404358
99400,1,enc,5.611173152923584,0.43347641825675964,0.44921875,1.1855655908584595,1.318554401397705
99400,2,enc,7.5306620597839355,0.6934279203414917,0.345703125,1.4668214321136475,1.8603639602661133
99400,0,fcst,4.6617751121521,0.6716727614402771,0.07403564453125,3.2842020988464355,3.2903904914855957
99400,1,fcst,8.990594863891602,0.8949337005615234,0.292724609375,3.2903904914855957,3.540250539779663
99400,2,fcst,7.9539923667907715,0.7055995464324951,0.2332763671875,5.119414806365967,4.988575458526611
99400,0,enc,11.783469200134277,0.34233397245407104,0.1053466796875,0.7737931609153748,0.9656037092208862
99400,1,enc,5.551023483276367,0.45052385330200195,0.429443359375,1.1550084352493286,1.2177529335021973
99400,2,enc,7.369894981384277,0.590919017791748,0.28515625,1.3948776721954346,1.6524832248687744
99600,0,enc,11.754105567932129,0.4545760750770569,0.125732421875,1.1187766790390015,1.1187766790390015
99600,1,enc,5.634881973266602,0.4875083863735199,0.40478515625,1.2387386560440063,1.2387386560440063
99600,2,enc,7.531848907470703,0.5941429734230042,0.293212890625,1.4106605052947998,1.7879853248596191
99600,0,fcst,4.6372246742248535,0.6903010010719299,0.07147216796875,3.084591865539551,3.0943660736083984
99600,1,fcst,9.132208824157715,0.9142236709594727,0.314453125,3.023289203643799,3.4524340629577637
99600,2,fcst,7.91078519821167,0.5932291150093079,0.2301025390625,4.663803577423096,5.5015645027160645
99600,0,enc,11.68394660949707,0.46814557909965515,0.111572265625,0.8092248439788818,0.896791398525238
99600,1,enc,5.553614139556885,0.5205281376838684,0.467041015625,1.2497910261154175,1.2402695417404175
99600,2,enc,7.442424774169922,0.6151135563850403,0.2900390625,1.4468865394592285,1.5582354068756104
99800,0,enc,11.746749877929688,0.42428115010261536,0.150146484375,0.8848831653594971,1.1711235046386719
99800,1,enc,5.675822734832764,0.4581393003463745,0.41552734375,1.2521532773971558,1.2996853590011597
99800,2,enc,7.508136749267578,0.790898859500885,0.274658203125,1.3784558773040771,2.2299768924713135
99800,0,fcst,4.7389631271362305,0.6553460955619812,0.08074951171875,4.014608383178711,3.874091863632202
99800,1,fcst,9.294150352478027,0.9272393584251404,0.306396484375,3.5095880031585693,3.585758686065674
99800,2,fcst,7.609597206115723,0.6666249632835388,0.2374267578125,4.8697638511657715,4.947670936584473
99800,0,enc,11.75106143951416,0.4307628273963928,0.134521484375,0.8598814010620117,1.121285319328308
99800,1,enc,5.6828293800354,0.5204864144325256,0.412109375,1.154345989227295,1.2990386486053467
99800,2,enc,7.425375461578369,0.5967243313789368,0.26416015625,1.4148775339126587,2.1080713272094727
100000,0,enc,11.741312026977539,0.40949028730392456,0.13427734375,0.9350404739379883,1.1059389114379883
100000,1,enc,5.697450637817383,0.48724016547203064,0.42578125,1.259344220161438,1.2108551263809204
100000,2,enc,7.540395259857178,0.6809591054916382,0.32470703125,1.5491588115692139,2.096698760986328
100000,0,fcst,4.74296236038208,0.7568016052246094,0.08795166015625,3.5838499069213867,3.6402735710144043
100000,1,fcst,9.059446334838867,0.950741171836853,0.406494140625,3.171499013900757,3.4570798873901367
100000,2,fcst,7.574810028076172,0.6466661095619202,0.2144775390625,4.656711578369141,5.064708232879639
100000,0,enc,11.733966827392578,0.4106656312942505,0.11834716796875,0.783471941947937,0.8845823407173157
100000,1,enc,5.668401718139648,0.5443235039710999,0.415771484375,1.0296995639801025,1.0381453037261963
100000,2,enc,7.376068592071533,0.5609174370765686,0.251708984375,1.3463666439056396,1.6574740409851074
