step,layer_idx,block,qk_logit_maxabs,sa_in_maxabs,sa_out_maxabs,resid_post_sa_maxabs,resid_post_ffn_maxabs
200,0,enc,2.963296890258789,4.867790699005127,1.9775390625,5.6601362228393555,5.857484340667725
200,1,enc,2.9394686222076416,4.996052265167236,1.98828125,7.096867561340332,7.138278007507324
200,2,enc,3.2156457901000977,5.499597072601318,1.9755859375,7.440852165222168,7.211841106414795
200,0,fcst,2.6917202472686768,5.456964015960693,2.36328125,10.242744445800781,9.730862617492676
200,1,fcst,3.0072405338287354,5.348740577697754,1.9384765625,10.038843154907227,10.981486320495605
200,2,fcst,3.162504196166992,6.071247100830078,1.8369140625,13.180681228637695,14.239612579345703
200,0,enc,2.9522359371185303,4.878303527832031,1.5224609375,5.26222038269043,5.42106819152832
200,1,enc,2.9309372901916504,5.041454792022705,1.595703125,6.461252212524414,6.383493423461914
200,2,enc,3.17012095451355,5.763073444366455,1.6591796875,6.765050888061523,6.182182312011719
400,0,enc,3.054358720779419,5.278858661651611,2.20703125,5.420770645141602,6.105119705200195
400,1,enc,2.7301299571990967,4.974368572235107,2.3359375,6.825702667236328,6.5219316482543945
400,2,enc,3.590829849243164,5.866461277008057,1.962890625,7.311917304992676,7.003480911254883
400,0,fcst,2.092522382736206,5.172751426696777,1.974609375,8.103218078613281,8.429635047912598
400,1,fcst,2.681645154953003,5.617283344268799,2.041015625,10.389830589294434,11.078827857971191
400,2,fcst,3.2248523235321045,6.395753860473633,2.314453125,12.878641128540039,13.914340019226074
400,0,enc,3.028560161590576,5.2163262367248535,1.611328125,5.214187145233154,5.692007541656494
400,1,enc,2.750441551208496,5.071000099182129,2.099609375,6.350361347198486,5.953144550323486
400,2,enc,3.6017398834228516,5.716794490814209,1.9033203125,6.498894214630127,5.3096208572387695
600,0,enc,3.5000407695770264,5.175833225250244,2.240234375,5.823136329650879,5.932584762573242
600,1,enc,2.7039735317230225,5.356149196624756,3.380859375,6.658724784851074,6.985873222351074
600,2,enc,3.8387842178344727,5.746354103088379,2.662109375,7.296175956726074,7.296175956726074
600,0,fcst,1.5533671379089355,4.895731449127197,2.66796875,10.336588859558105,9.546658515930176
600,1,fcst,2.417536735534668,5.0593461990356445,1.83984375,11.25487232208252,11.839101791381836
600,2,fcst,3.1963818073272705,6.492411136627197,2.15234375,12.465187072753906,13.205066680908203
600,0,enc,3.4236743450164795,5.185953140258789,1.5283203125,4.683317184448242,5.454484939575195
600,1,enc,2.687711477279663,5.200232982635498,3.017578125,5.890530586242676,5.909185409545898
600,2,enc,3.809809446334839,5.541808128356934,2.27734375,5.933596134185791,5.110377788543701
800,0,enc,3.798157215118408,5.181109428405762,1.9658203125,6.907708644866943,7.166362285614014
800,1,enc,2.818373918533325,5.215457916259766,3.533203125,7.166362285614014,7.76753044128418
800,2,enc,3.9538257122039795,5.927692413330078,2.755859375,6.751681327819824,6.2131805419921875
800,0,fcst,1.3524600267410278,4.8499369621276855,2.033203125,7.392273426055908,8.718228340148926
800,1,fcst,2.20758056640625,4.91294527053833,2.119140625,9.665319442749023,10.63778018951416
800,2,fcst,3.0562028884887695,6.446130275726318,2.423828125,11.730085372924805,13.019789695739746
800,0,enc,3.7721006870269775,5.164237976074219,1.7255859375,5.120953559875488,5.6424336433410645
800,1,enc,2.825533866882324,5.495785713195801,3.6953125,6.2224225997924805,6.95186710357666
800,2,enc,3.957571029663086,5.967913627624512,2.34765625,5.848733425140381,4.906162261962891
1000,0,enc,4.131271839141846,4.748390197753906,2.013671875,5.544999122619629,6.493599891662598
1000,1,enc,3.0575692653656006,5.797591209411621,4.69921875,6.9811601638793945,8.180259704589844
1000,2,enc,4.09968376159668,5.856459617614746,2.796875,6.4385881423950195,5.739150047302246
1000,0,fcst,1.3481541872024536,4.549858570098877,2.330078125,8.169473648071289,9.443345069885254
1000,1,fcst,2.1810317039489746,5.017729759216309,1.9169921875,11.415539741516113,11.703354835510254
1000,2,fcst,2.8589563369750977,6.735008716583252,2.552734375,11.575873374938965,12.114385604858398
1000,0,enc,4.12407112121582,4.793859481811523,1.4326171875,4.819720268249512,6.1363725662231445
1000,1,enc,3.040931463241577,5.850620746612549,5.03515625,6.369630813598633,7.006218433380127
1000,2,enc,4.066187858581543,5.987974643707275,2.796875,5.6964240074157715,4.8722052574157715
1200,0,enc,4.536343574523926,5.355175018310547,1.9755859375,4.990656852722168,8.4585542678833
1200,1,enc,3.2277121543884277,6.15809440612793,4.98828125,8.387465476989746,8.301814079284668
1200,2,enc,4.096918106079102,5.5804314613342285,2.880859375,7.5546746253967285,7.28495454788208
1200,0,fcst,1.4819352626800537,4.255279541015625,1.9208984375,7.956851959228516,8.642436981201172
1200,1,fcst,2.2108490467071533,4.675455093383789,1.671875,9.777544975280762,11.289047241210938
1200,2,fcst,2.7705671787261963,6.00982666015625,2.916015625,11.587121963500977,12.572907447814941
1200,0,enc,4.4702677726745605,5.340349197387695,1.654296875,4.387622833251953,7.556981086730957
1200,1,enc,3.2370097637176514,5.936796188354492,5.24609375,7.663810729980469,8.003480911254883
1200,2,enc,4.086319923400879,5.854102611541748,2.724609375,6.3866448402404785,4.6721720695495605
1400,0,enc,4.684237957000732,4.558754920959473,1.90625,5.154919624328613,7.957703590393066
1400,1,enc,3.654919385910034,5.275279521942139,5.30078125,8.20257568359375,9.291646003723145
1400,2,enc,4.026795864105225,5.76876163482666,3.2109375,8.201053619384766,6.825362682342529
1400,0,fcst,1.8376636505126953,4.229513168334961,1.8828125,8.311046600341797,8.738295555114746
1400,1,fcst,2.4019775390625,4.515399932861328,1.8720703125,10.0098876953125,10.35059928894043
1400,2,fcst,2.810634136199951,6.293288707733154,2.79296875,11.31129264831543,12.165671348571777
1400,0,enc,4.662588119506836,4.5447564125061035,1.279296875,5.044275283813477,7.55754280090332
1400,1,enc,3.607891321182251,5.161268711090088,5.4453125,8.186708450317383,8.752626419067383
1400,2,enc,4.043745040893555,6.14364767074585,2.68359375,6.766989231109619,4.854587554931641
1600,0,enc,5.077047824859619,4.807744979858398,1.728515625,4.6641340255737305,8.24518871307373
1600,1,enc,4.038268089294434,5.4476518630981445,4.73828125,9.016716957092285,10.067903518676758
1600,2,enc,3.9701409339904785,5.966306209564209,3.48046875,9.955302238464355,5.952553749084473
1600,0,fcst,2.249983787536621,4.491362571716309,2.134765625,8.114089012145996,8.995342254638672
1600,1,fcst,2.675779104232788,4.508999824523926,1.580078125,10.20418643951416,10.42499828338623
1600,2,fcst,2.8873088359832764,6.545619487762451,3.17578125,11.895994186401367,12.598576545715332
1600,0,enc,5.0476250648498535,4.777949333190918,1.4169921875,4.787191390991211,8.203971862792969
1600,1,enc,3.9004740715026855,5.691799163818359,4.78515625,9.569178581237793,10.234217643737793
1600,2,enc,3.9392356872558594,5.901956558227539,2.888671875,7.618756294250488,4.972887992858887
1800,0,enc,5.1312127113342285,5.272629261016846,1.6025390625,5.087414741516113,8.399480819702148
1800,1,enc,4.5747151374816895,5.155201435089111,4.2734375,8.968631744384766,9.533529281616211
1800,2,enc,3.80016827583313,5.8478899002075195,3.392578125,8.761382102966309,7.8394622802734375
1800,0,fcst,2.7559502124786377,4.085199356079102,1.7314453125,10.171110153198242,10.565597534179688
1800,1,fcst,3.0163931846618652,4.331466197967529,1.701171875,11.397148132324219,11.504977226257324
1800,2,fcst,2.9804022312164307,6.016081809997559,3.173828125,11.490945816040039,12.616011619567871
1800,0,enc,5.10994815826416,5.280326843261719,1.294921875,4.204852104187012,6.898361682891846
1800,1,enc,4.409303188323975,5.203088283538818,4.80859375,8.121366500854492,8.956327438354492
1800,2,enc,3.7791385650634766,6.048543930053711,3.03125,6.9056077003479,4.639886856079102
2000,0,enc,4.913558006286621,4.464542388916016,1.30859375,4.356534481048584,7.837962627410889
2000,1,enc,4.840306758880615,5.204156875610352,4.60546875,8.926366806030273,9.565472602844238
2000,2,enc,3.7195658683776855,5.638537406921387,3.30859375,7.481108665466309,7.481108665466309
2000,0,fcst,3.332073926925659,4.8114752769470215,1.751953125,10.043970108032227,10.266816139221191
2000,1,fcst,3.390624523162842,4.445816516876221,1.66015625,10.975555419921875,10.515214920043945
2000,2,fcst,2.965191602706909,5.486196994781494,3.193359375,12.18094253540039,12.24869155883789
2000,0,enc,4.9241557121276855,4.474237442016602,1.1201171875,4.19133996963501,6.639945983886719
2000,1,enc,4.719758987426758,5.091531753540039,4.1875,7.70971155166626,8.322324752807617
2000,2,enc,3.721341371536255,5.652428150177002,3.208984375,8.318151473999023,6.110866546630859
2200,0,enc,5.06096887588501,4.207520484924316,1.3125,4.4139299392700195,7.713394641876221
2200,1,enc,5.035334587097168,4.715116024017334,4.75390625,9.076295852661133,9.649755477905273
2200,2,enc,3.6427996158599854,5.309732437133789,3.33203125,8.783288955688477,6.630642890930176
2200,0,fcst,3.6800408363342285,4.0512566566467285,1.76953125,8.212072372436523,8.209957122802734
2200,1,fcst,3.6081416606903076,4.056365489959717,1.765625,8.850074768066406,9.040276527404785
2200,2,fcst,2.7725603580474854,6.241289138793945,2.734375,10.887956619262695,10.887956619262695
2200,0,enc,5.08513879776001,4.232276439666748,0.9072265625,4.030111312866211,8.388628959655762
2200,1,enc,4.978706359863281,4.800961971282959,4.30078125,10.218619346618652,10.604849815368652
2200,2,enc,3.660386562347412,5.199219226837158,3.12890625,8.88525104522705,4.366235733032227
2400,0,enc,4.892372131347656,3.8149240016937256,1.1865234375,4.407382965087891,7.038328170776367
2400,1,enc,5.086414337158203,5.594151973724365,4.3828125,6.89569616317749,7.08124303817749
2400,2,enc,3.683107376098633,5.034886837005615,3.435546875,7.3323163986206055,5.757895469665527
2400,0,fcst,3.9080326557159424,4.217092514038086,1.5419921875,6.981313705444336,7.376007556915283
2400,1,fcst,3.77943754196167,4.461477279663086,1.3203125,9.138608932495117,10.152606010437012
2400,2,fcst,2.8854851722717285,5.678318500518799,2.830078125,10.280064582824707,11.329869270324707
2400,0,enc,4.888436317443848,3.8135406970977783,0.8857421875,3.845794677734375,6.656186103820801
2400,1,enc,5.174605369567871,5.058163166046143,4.5546875,6.5748090744018555,6.1347808837890625
2400,2,enc,3.6652278900146484,5.204718589782715,2.900390625,5.58842134475708,4.278625965118408
2600,0,enc,4.840459823608398,3.9977126121520996,1.11328125,4.163604259490967,7.9975104331970215
2600,1,enc,5.288070201873779,4.959444999694824,4.73828125,7.998683929443359,8.1497802734375
2600,2,enc,3.6565542221069336,4.939682960510254,3.201171875,8.386823654174805,5.996832370758057
2600,0,fcst,4.186782360076904,4.227106094360352,1.6455078125,8.810506820678711,8.881647109985352
2600,1,fcst,3.7779860496520996,4.1240410804748535,1.5498046875,10.028990745544434,9.668747901916504
2600,2,fcst,2.858192205429077,6.087027549743652,2.640625,10.493690490722656,10.874113082885742
2600,0,enc,4.836385726928711,4.014998912811279,0.90380859375,3.6338746547698975,7.492768287658691
2600,1,enc,5.131582260131836,5.00518274307251,4.32421875,8.049042701721191,8.205658912658691
2600,2,enc,3.6650688648223877,5.0724616050720215,3.44140625,6.682313919067383,4.518289089202881
2800,0,enc,4.9425835609436035,3.866288661956787,1.2724609375,3.8641562461853027,6.853201389312744
2800,1,enc,5.381328105926514,4.53212833404541,4.0625,8.133790969848633,6.42179536819458
2800,2,enc,3.711698532104492,4.6391754150390625,3.740234375,5.888085842132568,4.836495876312256
2800,0,fcst,4.253697395324707,4.074939250946045,1.3759765625,7.097833633422852,7.058920860290527
2800,1,fcst,3.8313210010528564,3.9717366695404053,1.642578125,8.307546615600586,8.962661743164062
2800,2,fcst,2.8486275672912598,5.213290214538574,2.59765625,11.367162704467773,10.876710891723633
2800,0,enc,4.937913417816162,3.9285764694213867,0.8447265625,3.9366941452026367,5.916202068328857
2800,1,enc,5.232766628265381,4.590081691741943,4.05859375,7.17210054397583,5.58518648147583
2800,2,enc,3.682070732116699,4.852909564971924,3.201171875,5.80742073059082,4.529519557952881
3000,0,enc,4.870206356048584,4.223504066467285,1.154296875,3.936981201171875,10.068902015686035
3000,1,enc,5.332776069641113,4.625851631164551,4.69140625,10.950340270996094,11.387081146240234
3000,2,enc,3.692638397216797,4.411759376525879,3.267578125,11.387081146240234,6.248191833496094
3000,0,fcst,4.350606441497803,4.21671199798584,1.3017578125,6.703067779541016,6.820019721984863
3000,1,fcst,3.8794517517089844,4.021073341369629,1.474609375,8.219086647033691,8.575756072998047
3000,2,fcst,2.881474494934082,5.057587623596191,2.7265625,10.266477584838867,10.689111709594727
3000,0,enc,4.864131927490234,4.234183311462402,0.90771484375,3.546870231628418,6.348881721496582
3000,1,enc,5.350627422332764,4.448552131652832,3.837890625,7.352536678314209,6.574225425720215
3000,2,enc,3.693244218826294,4.218729019165039,3.16796875,5.995426177978516,4.250800132751465
3200,0,enc,4.770199775695801,4.231285572052002,1.2666015625,3.85062837600708,7.701626777648926
3200,1,enc,5.546836853027344,3.985480785369873,3.65234375,7.328545570373535,6.370429039001465
3200,2,enc,3.6697490215301514,4.438294410705566,3.63671875,6.370429039001465,5.101450443267822
3200,0,fcst,4.130459308624268,3.936741590499878,1.478515625,8.52482795715332,8.577115058898926
3200,1,fcst,3.9309818744659424,3.9659855365753174,1.373046875,8.838062286376953,9.381878852844238
3200,2,fcst,2.8826005458831787,5.425441741943359,3.091796875,10.54745864868164,10.151155471801758
3200,0,enc,4.770974159240723,4.237762928009033,0.99169921875,3.5019729137420654,7.036056995391846
3200,1,enc,5.537084102630615,3.904616355895996,3.32421875,6.965090751647949,6.005109786987305
3200,2,enc,3.6697661876678467,4.069211483001709,2.927734375,5.9770588874816895,3.8372745513916016
3400,0,enc,4.743551731109619,4.221875190734863,1.3056640625,3.851388454437256,7.586158275604248
3400,1,enc,5.6899261474609375,4.377866744995117,3.4375,7.701661586761475,7.787593364715576
3400,2,enc,3.5479507446289062,4.3498311042785645,3.849609375,6.6882734298706055,5.41841459274292
3400,0,fcst,3.9827158451080322,3.860914468765259,1.234375,7.668877601623535,7.69549560546875
3400,1,fcst,3.8772051334381104,3.572211265563965,1.3935546875,9.560815811157227,10.292695045471191
3400,2,fcst,2.9064483642578125,5.508242607116699,3.146484375,11.022276878356934,10.772360801696777
3400,0,enc,4.756913185119629,4.24554443359375,0.86279296875,3.6152219772338867,7.10313606262207
3400,1,enc,5.794925689697266,4.178664684295654,3.244140625,7.347332954406738,7.487591743469238
3400,2,enc,3.551819324493408,4.3828935623168945,4.28515625,6.058865070343018,4.758083820343018
3600,0,enc,4.752021312713623,4.154547214508057,1.419921875,3.97685170173645,6.747896671295166
3600,1,enc,5.8351826667785645,3.9002387523651123,2.611328125,6.555922508239746,6.4462738037109375
3600,2,enc,3.350457191467285,4.747244358062744,6.23046875,6.4082722663879395,5.311542510986328
3600,0,fcst,3.962449073791504,3.718216896057129,1.62109375,7.446319580078125,7.377602577209473
3600,1,fcst,3.9474096298217773,3.8057749271392822,1.341796875,8.54322624206543,9.44166374206543
3600,2,fcst,2.966762065887451,5.093816757202148,2.7265625,10.151310920715332,9.879501342773438
3600,0,enc,4.750067234039307,4.1304192543029785,0.9638671875,3.6527457237243652,6.897964954376221
3600,1,enc,5.831410884857178,3.9473931789398193,2.693359375,6.407382488250732,5.9483184814453125
3600,2,enc,3.3604142665863037,4.4149250984191895,5.4453125,5.658649921417236,4.306899070739746
3800,0,enc,4.660303592681885,4.389101028442383,1.3525390625,3.691089153289795,8.414586067199707
3800,1,enc,6.155665874481201,3.9571545124053955,2.96875,8.511236190795898,7.217015743255615
3800,2,enc,3.1925246715545654,4.757872104644775,5.91796875,6.912394046783447,5.4326276779174805
3800,0,fcst,4.210887908935547,3.7255353927612305,1.4521484375,7.725293159484863,7.599215507507324
3800,1,fcst,4.146907806396484,3.935509204864502,1.2548828125,9.370035171508789,10.048020362854004
3800,2,fcst,2.9873125553131104,4.715618133544922,2.6171875,10.35703182220459,10.789974212646484
3800,0,enc,4.684925556182861,4.394334316253662,1.0263671875,3.509176254272461,7.076101779937744
3800,1,enc,6.109677791595459,3.7598586082458496,2.916015625,6.961553573608398,6.0640716552734375
3800,2,enc,3.193556785583496,4.454525470733643,6.44140625,5.160106182098389,4.268889427185059
4000,0,enc,4.3503737449646,3.8987343311309814,1.2412109375,3.5323994159698486,7.5152692794799805
4000,1,enc,6.54449462890625,3.83758544921875,2.998046875,6.7303266525268555,6.245127201080322
4000,2,enc,3.0639703273773193,4.128206253051758,6.796875,6.245127201080322,5.1796464920043945
4000,0,fcst,4.5032124519348145,3.626105308532715,1.1708984375,6.636837482452393,6.636837482452393
4000,1,fcst,4.377777576446533,3.611963987350464,1.2939453125,8.088996887207031,8.601758003234863
4000,2,fcst,3.041361093521118,4.920318603515625,2.53515625,9.505996704101562,9.852871894836426
4000,0,enc,4.378709316253662,3.8929357528686523,0.88818359375,3.2036261558532715,7.29964542388916
4000,1,enc,6.4528703689575195,3.564734935760498,2.373046875,7.3047637939453125,5.8838653564453125
4000,2,enc,3.0972564220428467,4.032392978668213,6.08203125,5.463768482208252,4.006778240203857
4200,0,enc,4.201797962188721,3.8489503860473633,1.203125,3.427476406097412,7.356342315673828
4200,1,enc,6.807280540466309,3.7748570442199707,2.326171875,6.828949928283691,6.301824569702148
4200,2,enc,3.0160348415374756,3.9843034744262695,6.90234375,5.84792423248291,5.048884391784668
4200,0,fcst,4.4377121925354,3.7432405948638916,1.06640625,6.595861911773682,6.916794776916504
4200,1,fcst,4.458608627319336,3.6920149326324463,1.18359375,7.590760707855225,7.736227989196777
4200,2,fcst,3.014843702316284,5.173659324645996,2.47265625,10.212934494018555,11.909320831298828
4200,0,enc,4.202567100524902,3.8677752017974854,0.86279296875,3.210958480834961,6.69754695892334
4200,1,enc,6.638635635375977,3.622864007949829,1.7939453125,6.096202850341797,5.085396766662598
4200,2,enc,3.013711929321289,3.766180992126465,6.703125,5.218279838562012,3.5494489669799805
4400,0,enc,4.306486129760742,3.8471431732177734,1.2158203125,3.4096977710723877,7.149639129638672
4400,1,enc,7.0054826736450195,4.00080680847168,2.630859375,6.651288032531738,5.057644844055176
4400,2,enc,2.9848484992980957,4.304952621459961,6.09765625,5.310423851013184,4.150927543640137
4400,0,fcst,4.4045891761779785,3.778414249420166,1.076171875,6.561985969543457,7.242324352264404
4400,1,fcst,4.389608860015869,3.8556973934173584,1.2138671875,8.035850524902344,8.326107025146484
4400,2,fcst,3.063476324081421,4.413041114807129,2.748046875,9.464643478393555,9.438008308410645
4400,0,enc,4.341273784637451,3.827388286590576,0.9765625,2.9081058502197266,5.9364237785339355
4400,1,enc,6.857206344604492,3.8107948303222656,2.39453125,5.883938312530518,4.307377815246582
4400,2,enc,2.9740443229675293,3.9916343688964844,6.2890625,3.9825820922851562,3.3862452507019043
4600,0,enc,4.209262371063232,3.8441271781921387,1.416015625,3.2323970794677734,7.591243267059326
4600,1,enc,6.997068405151367,3.637876510620117,2.556640625,7.662844181060791,7.146368026733398
4600,2,enc,2.928140163421631,3.81243896484375,6.65234375,6.5268073081970215,5.741337776184082
4600,0,fcst,4.312605857849121,3.815654993057251,1.03125,6.562464237213135,6.897387504577637
4600,1,fcst,4.480191707611084,3.978670835494995,1.107421875,7.903402805328369,8.22778034210205
4600,2,fcst,3.062577486038208,4.980878829956055,2.626953125,8.660655975341797,9.067317008972168
4600,0,enc,4.210439205169678,3.8336734771728516,1.048828125,3.0853872299194336,7.034919261932373
4600,1,enc,7.101935386657715,3.535649538040161,2.330078125,6.899592876434326,5.614718914031982
4600,2,enc,2.9418013095855713,3.6781351566314697,7.015625,4.859012126922607,3.9091787338256836
4800,0,enc,4.251718044281006,3.840092182159424,2.224609375,3.1310319900512695,10.034436225891113
4800,1,enc,7.257881164550781,3.849137783050537,2.423828125,9.625683784484863,8.299969673156738
4800,2,enc,2.849047899246216,3.163975238800049,6.23046875,8.23216438293457,8.23216438293457
4800,0,fcst,4.553849697113037,3.8050549030303955,1.0517578125,9.221331596374512,9.1917142868042
4800,1,fcst,4.543852806091309,3.326702356338501,1.169921875,10.834243774414062,10.535326957702637
4800,2,fcst,3.084434747695923,4.146752834320068,2.537109375,11.065116882324219,11.308579444885254
4800,0,enc,4.260464191436768,3.8993732929229736,2.07421875,3.0528035163879395,8.241252899169922
4800,1,enc,7.30912446975708,3.8689610958099365,2.08203125,7.842978477478027,6.825400352478027
4800,2,enc,2.811976671218872,3.0566346645355225,6.16015625,6.9262919425964355,4.773950576782227
5000,0,enc,4.016858100891113,3.7350873947143555,1.3310546875,2.9502410888671875,8.7053861618042
5000,1,enc,7.341142654418945,3.6036839485168457,2.626953125,8.238983154296875,7.47183895111084
5000,2,enc,2.794363498687744,2.8220608234405518,6.26171875,7.520072937011719,6.28546667098999
5000,0,fcst,4.59084415435791,3.698679208755493,1.150390625,7.507792949676514,7.099264144897461
5000,1,fcst,4.5531907081604,3.533945322036743,1.0869140625,8.193346977233887,8.464478492736816
5000,2,fcst,3.078033447265625,4.490642070770264,2.541015625,9.270140647888184,10.172918319702148
5000,0,enc,4.03178071975708,3.743562698364258,1.0107421875,2.8686492443084717,6.671634197235107
5000,1,enc,7.308715343475342,3.3422341346740723,2.060546875,6.646328926086426,5.31748628616333
5000,2,enc,2.7788503170013428,2.7112877368927,6.1171875,4.920533180236816,3.6636972427368164
5200,0,enc,4.028411388397217,3.74397349357605,1.42578125,3.068174362182617,7.666237831115723
5200,1,enc,7.296923637390137,3.5885303020477295,2.224609375,7.192275524139404,5.963388919830322
5200,2,enc,2.745661497116089,2.800889253616333,6.125,5.871745586395264,5.388485908508301
5200,0,fcst,4.5610151290893555,3.3507542610168457,0.955078125,6.562206745147705,6.579921245574951
5200,1,fcst,4.621563911437988,3.6147773265838623,1.1806640625,8.73067855834961,8.588398933410645
5200,2,fcst,3.110177516937256,3.984698534011841,2.197265625,9.56611442565918,9.800557136535645
5200,0,enc,4.036226272583008,3.7407703399658203,1.1533203125,2.8940482139587402,6.28894567489624
5200,1,enc,7.266481399536133,3.4956905841827393,1.9716796875,5.930955410003662,5.041112899780273
5200,2,enc,2.745744228363037,3.0417985916137695,5.37109375,5.310492038726807,3.921783924102783
5400,0,enc,3.812070369720459,3.5843875408172607,1.4775390625,3.1027278900146484,7.2956719398498535
5400,1,enc,7.265871047973633,3.731987714767456,2.453125,7.345844268798828,5.957139492034912
5400,2,enc,2.8502628803253174,2.845808506011963,5.29296875,5.895552635192871,5.389367580413818
5400,0,fcst,4.644105434417725,3.5548877716064453,0.83203125,7.554869174957275,7.699047565460205
5400,1,fcst,4.639841079711914,4.371453285217285,0.986328125,9.107601165771484,9.188370704650879
5400,2,fcst,3.1488630771636963,4.113969802856445,2.24609375,9.76900577545166,10.42421817779541
5400,0,enc,3.8067150115966797,3.5941321849823,1.1669921875,2.894077777862549,6.01306676864624
5400,1,enc,7.182854652404785,3.917243242263794,2.265625,6.320409774780273,4.849706649780273
5400,2,enc,2.8240678310394287,2.900179147720337,5.28125,4.823366641998291,4.402712821960449
5600,0,enc,3.6942832469940186,3.629009485244751,1.3828125,2.911184310913086,5.932697772979736
5600,1,enc,7.117392063140869,3.6358556747436523,2.4921875,5.874351501464844,5.178522109985352
5600,2,enc,2.868385076522827,3.041559934616089,5.2265625,4.990405559539795,5.029089450836182
5600,0,fcst,4.486941337585449,3.235208034515381,0.8740234375,6.972748756408691,6.713552951812744
5600,1,fcst,4.80668830871582,4.25186014175415,1.0390625,7.707694053649902,7.710536003112793
5600,2,fcst,3.186213254928589,4.10258150100708,2.3828125,9.56922721862793,10.351503372192383
5600,0,enc,3.7055723667144775,3.614776849746704,1.146484375,2.7623138427734375,6.5598039627075195
5600,1,enc,7.038903713226318,3.8491389751434326,2.146484375,6.2613844871521,5.0758376121521
5600,2,enc,2.847315549850464,2.8042335510253906,6.02734375,4.7753753662109375,3.5788464546203613
5800,0,enc,3.659585475921631,3.4963128566741943,1.3505859375,3.43514347076416,7.61624813079834
5800,1,enc,7.054501056671143,3.2997846603393555,2.1015625,7.542923927307129,6.572815418243408
5800,2,enc,2.88517427444458,3.1090431213378906,5.48828125,5.9612627029418945,5.279655456542969
5800,0,fcst,4.5510663986206055,3.606081962585449,0.8515625,6.929926872253418,7.76678466796875
5800,1,fcst,4.829860210418701,3.5410778522491455,1.130859375,9.48001480102539,9.819099426269531
5800,2,fcst,3.19588041305542,3.8983521461486816,2.515625,10.51248836517334,10.420122146606445
5800,0,enc,3.659266233444214,3.5140018463134766,1.3505859375,3.1426384449005127,6.856687068939209
5800,1,enc,7.00720739364624,3.148414373397827,1.8125,6.698575496673584,4.883145809173584
5800,2,enc,2.9082541465759277,2.742058038711548,5.88671875,4.318362236022949,3.629905939102173
6000,0,enc,3.6485707759857178,3.5427911281585693,1.3408203125,3.5690431594848633,7.557775497436523
6000,1,enc,7.01551628112793,3.1873929500579834,1.87890625,6.261016368865967,5.80573844909668
6000,2,enc,2.8026585578918457,2.8749213218688965,5.3671875,6.437674522399902,4.836112022399902
6000,0,fcst,4.365386009216309,3.3649773597717285,0.86962890625,6.297659873962402,6.24208402633667
6000,1,fcst,4.9058122634887695,3.545785427093506,1.1533203125,8.146162986755371,8.146162986755371
6000,2,fcst,3.218867778778076,4.2688822746276855,2.25390625,9.254754066467285,9.20006275177002
6000,0,enc,3.643887996673584,3.542055606842041,1.0859375,3.3881008625030518,6.555966377258301
6000,1,enc,7.022206783294678,3.0194714069366455,1.947265625,5.591919898986816,4.225266933441162
6000,2,enc,2.8373565673828125,2.5111563205718994,5.5390625,4.335789680480957,3.3429079055786133
6200,0,enc,3.6500730514526367,3.4179513454437256,1.859375,2.8557419776916504,6.498228073120117
6200,1,enc,6.963406562805176,3.0941684246063232,1.892578125,6.40682315826416,5.809068202972412
6200,2,enc,2.6874399185180664,2.5407636165618896,4.515625,5.8661885261535645,5.471805572509766
6200,0,fcst,4.382002830505371,3.281595230102539,0.80029296875,6.554161071777344,6.42519998550415
6200,1,fcst,4.938145160675049,3.1939871311187744,1.140625,7.472886085510254,7.872462749481201
6200,2,fcst,3.2072091102600098,3.9917938709259033,2.171875,8.280594825744629,8.896693229675293
6200,0,enc,3.6667168140411377,3.434114933013916,1.7109375,2.4800946712493896,5.588459014892578
6200,1,enc,6.978384971618652,3.275974988937378,1.705078125,5.1745171546936035,4.4137749671936035
6200,2,enc,2.67612624168396,2.5117411613464355,4.81640625,4.593423366546631,3.326329469680786
6400,0,enc,3.7021820545196533,3.3481404781341553,1.33984375,2.837506055831909,5.344700813293457
6400,1,enc,6.932090759277344,2.7304744720458984,1.927734375,4.923623561859131,4.923623561859131
6400,2,enc,2.5413575172424316,2.6532185077667236,4.24609375,4.634784698486328,4.16396951675415
6400,0,fcst,4.422695159912109,3.6965391635894775,0.98291015625,5.828775405883789,5.7956624031066895
6400,1,fcst,5.107711315155029,3.2404706478118896,0.94189453125,7.511478424072266,7.604251861572266
6400,2,fcst,3.2403829097747803,3.819211006164551,1.8984375,8.656599044799805,9.023758888244629
6400,0,enc,3.7027320861816406,3.344313144683838,1.0517578125,2.6324660778045654,4.376829624176025
6400,1,enc,6.926848411560059,2.5924386978149414,1.6005859375,3.9432342052459717,3.384430408477783
6400,2,enc,2.5530331134796143,2.485409736633301,4.12109375,3.631840944290161,2.961888313293457
6600,0,enc,3.6515614986419678,3.258272409439087,1.4609375,2.931668281555176,5.63897180557251
6600,1,enc,6.970209121704102,2.68841814994812,1.7314453125,5.794612407684326,4.461053371429443
6600,2,enc,2.4104678630828857,2.4269421100616455,3.3125,4.617792129516602,3.640298366546631
6600,0,fcst,4.2594523429870605,3.713613986968994,0.89208984375,5.588982105255127,6.097059726715088
6600,1,fcst,5.011500835418701,3.452019214630127,1.095703125,6.94011116027832,7.5217084884643555
6600,2,fcst,3.2590956687927246,3.8744521141052246,2.21484375,9.273569107055664,8.874534606933594
6600,0,enc,3.6520893573760986,3.262460708618164,1.119140625,2.3168253898620605,4.44055700302124
6600,1,enc,6.947556018829346,2.5638527870178223,1.76171875,4.37009334564209,3.6898202896118164
6600,2,enc,2.4059855937957764,2.292747735977173,3.5078125,3.754976987838745,2.9819207191467285
6800,0,enc,3.7437422275543213,3.30733060836792,1.330078125,2.5394248962402344,4.660004138946533
6800,1,enc,6.859857559204102,2.6636688709259033,1.814453125,5.056288242340088,4.796084403991699
6800,2,enc,2.3257179260253906,2.2574727535247803,2.39453125,4.6545939445495605,4.093613147735596
6800,0,fcst,4.5122904777526855,3.6892905235290527,0.77490234375,5.880115032196045,6.097128868103027
6800,1,fcst,5.287099838256836,2.9214282035827637,1.046875,6.965911388397217,7.210323333740234
6800,2,fcst,3.3249688148498535,3.6861250400543213,2.236328125,8.922472953796387,8.827122688293457
6800,0,enc,3.751729726791382,3.288133382797241,1.0,2.36173152923584,4.288551330566406
6800,1,enc,6.95859956741333,2.702805519104004,1.638671875,4.097830295562744,3.75119686126709
6800,2,enc,2.320683479309082,2.354250907897949,2.404296875,3.153515577316284,2.9475865364074707
7000,0,enc,3.863586664199829,3.130096912384033,1.27734375,2.460689067840576,5.733664035797119
7000,1,enc,6.746799945831299,2.872727870941162,2.021484375,5.686215877532959,5.2088117599487305
7000,2,enc,2.3411152362823486,2.308081865310669,1.8662109375,5.689825057983398,4.257131576538086
7000,0,fcst,4.5516276359558105,3.5975751876831055,0.84619140625,6.549156188964844,6.5820417404174805
7000,1,fcst,5.240378379821777,2.9868340492248535,0.93798828125,7.482201099395752,7.644419193267822
7000,2,fcst,3.2311999797821045,3.749181032180786,1.83984375,9.02110481262207,8.954145431518555
7000,0,enc,3.8487579822540283,3.1338865756988525,0.9853515625,2.226036787033081,5.006563663482666
7000,1,enc,6.815678596496582,2.599273920059204,1.7578125,5.045221328735352,3.613406181335449
7000,2,enc,2.334287643432617,2.3806042671203613,2.09375,4.1470561027526855,2.767103672027588
7200,0,enc,3.9653844833374023,2.9772374629974365,1.447265625,2.406308174133301,5.241450786590576
7200,1,enc,6.944913864135742,2.692904472351074,1.634765625,5.645007133483887,4.775712013244629
7200,2,enc,2.4256432056427,2.210503578186035,1.7412109375,4.8073201179504395,4.3411970138549805
7200,0,fcst,4.375523090362549,3.091906785964966,0.724609375,6.166792869567871,6.437788963317871
7200,1,fcst,4.943717002868652,3.371533155441284,1.0302734375,7.602107048034668,7.625486850738525
7200,2,fcst,3.1355507373809814,3.441244602203369,1.8359375,9.13127613067627,9.114529609680176
7200,0,enc,3.95664381980896,2.9811336994171143,1.08984375,2.3019979000091553,4.576897621154785
7200,1,enc,6.88238000869751,2.6239945888519287,1.5439453125,4.703063011169434,3.8584513664245605
7200,2,enc,2.4489715099334717,2.325153112411499,1.7978515625,4.053928375244141,2.9913558959960938
7400,0,enc,4.072619915008545,3.0245752334594727,1.1552734375,2.5787742137908936,5.252980709075928
7400,1,enc,7.063237190246582,2.558878183364868,2.037109375,5.288106918334961,4.922994613647461
7400,2,enc,2.367358446121216,2.325795888900757,1.67578125,4.287679195404053,3.9917991161346436
7400,0,fcst,4.091836929321289,3.231466770172119,0.7177734375,6.128960609436035,6.094882488250732
7400,1,fcst,4.64422607421875,2.960381031036377,0.89453125,7.38643741607666,7.38643741607666
7400,2,fcst,3.196286201477051,3.58176326751709,1.6708984375,8.525808334350586,8.339491844177246
7400,0,enc,4.089456558227539,3.0303843021392822,1.205078125,2.6616837978363037,4.356522083282471
7400,1,enc,7.043492794036865,2.3718721866607666,1.0341796875,4.3776469230651855,3.4529826641082764
7400,2,enc,2.3951756954193115,2.1138968467712402,1.6455078125,3.468970537185669,2.476590633392334
7600,0,enc,4.2400898933410645,2.9485018253326416,1.5078125,2.9012701511383057,4.5597405433654785
7600,1,enc,7.098417282104492,2.556415319442749,1.8701171875,4.650672435760498,3.79262375831604
7600,2,enc,2.3097994327545166,2.5218448638916016,2.421875,3.864689588546753,3.605299949645996
7600,0,fcst,3.9982900619506836,3.261078119277954,0.64306640625,5.360968589782715,5.493018627166748
7600,1,fcst,4.619050025939941,2.7328217029571533,0.7890625,6.575307369232178,6.956856727600098
7600,2,fcst,3.182119607925415,3.7882351875305176,1.8291015625,9.029233932495117,9.870177268981934
7600,0,enc,4.240893840789795,2.9468812942504883,1.4072265625,2.7687582969665527,4.494471549987793
7600,1,enc,7.125205039978027,2.3620591163635254,1.0771484375,4.431138038635254,3.5295588970184326
7600,2,enc,2.3254120349884033,2.298332452774048,2.400390625,3.273317575454712,2.6003177165985107
7800,0,enc,4.468114376068115,2.8850514888763428,1.5537109375,2.931321620941162,5.736415863037109
7800,1,enc,7.000514507293701,2.834712028503418,2.4609375,6.100081920623779,4.79447603225708
7800,2,enc,2.392472267150879,2.343815803527832,2.939453125,4.641427040100098,3.796456813812256
7800,0,fcst,4.111996650695801,2.767336368560791,0.75146484375,6.425114631652832,6.167620658874512
7800,1,fcst,4.861661911010742,2.83952260017395,0.94482421875,7.025846004486084,7.139411926269531
7800,2,fcst,3.2288949489593506,3.795212507247925,2.349609375,9.821427345275879,9.666940689086914
7800,0,enc,4.465785026550293,2.876530408859253,1.3818359375,2.5024914741516113,4.752031326293945
7800,1,enc,6.9906439781188965,2.680262565612793,1.36328125,5.31743860244751,3.661630868911743
7800,2,enc,2.4211530685424805,2.110246419906616,2.765625,3.5491907596588135,2.7180397510528564
8000,0,enc,4.595382213592529,2.823274612426758,1.32421875,2.7331931591033936,4.3601813316345215
8000,1,enc,6.638838768005371,2.5403013229370117,1.7109375,5.465625762939453,4.718186855316162
8000,2,enc,2.416771650314331,2.6556029319763184,2.1875,5.011125087738037,4.357129096984863
8000,0,fcst,4.156625747680664,3.0179944038391113,0.603515625,5.680249214172363,6.005227565765381
8000,1,fcst,4.883007526397705,3.0301625728607178,0.98486328125,7.110417366027832,7.457639694213867
8000,2,fcst,3.320038318634033,4.050342559814453,2.326171875,9.578107833862305,9.274626731872559
8000,0,enc,4.605612754821777,2.830944061279297,1.201171875,2.319784164428711,4.309478282928467
8000,1,enc,6.662344455718994,2.3751718997955322,1.25390625,5.2869062423706055,3.569277763366699
8000,2,enc,2.39615535736084,2.1137988567352295,2.228515625,3.445385456085205,2.7929461002349854
8200,0,enc,4.985095977783203,2.723029375076294,1.349609375,2.4650657176971436,4.420627117156982
8200,1,enc,6.620417594909668,2.5067224502563477,1.9287109375,4.851595401763916,4.2090253829956055
8200,2,enc,2.441075325012207,2.5993704795837402,2.30859375,4.384461879730225,4.2058000564575195
8200,0,fcst,4.201565265655518,2.9232239723205566,0.6845703125,6.142032623291016,6.329394340515137
8200,1,fcst,4.964320659637451,2.819655418395996,0.86474609375,7.587022304534912,8.051719665527344
8200,2,fcst,3.274209976196289,3.6940500736236572,2.09375,9.383417129516602,9.226731300354004
8200,0,enc,4.9605278968811035,2.7304701805114746,1.181640625,2.388821840286255,4.478299617767334
8200,1,enc,6.5641350746154785,2.353081464767456,1.4853515625,4.636976718902588,4.189146518707275
8200,2,enc,2.4794070720672607,2.2955214977264404,2.123046875,4.654049396514893,2.647038698196411
8400,0,enc,5.259941577911377,2.62978458404541,1.427734375,2.2249739170074463,4.364519119262695
8400,1,enc,6.602753639221191,2.4955878257751465,1.7158203125,4.916491985321045,4.916491985321045
8400,2,enc,2.562516927719116,2.4635159969329834,2.306640625,4.5480146408081055,3.830768346786499
8400,0,fcst,4.142512321472168,2.9970831871032715,0.62255859375,5.863630294799805,5.741544246673584
8400,1,fcst,5.176316261291504,3.011601448059082,0.865234375,6.831577301025391,7.2393479347229
8400,2,fcst,3.2810699939727783,4.337146759033203,1.9892578125,9.424652099609375,8.507948875427246
8400,0,enc,5.251561164855957,2.63893723487854,1.283203125,1.9046649932861328,3.3655037879943848
8400,1,enc,6.629486560821533,2.3423044681549072,1.5830078125,3.9242498874664307,3.3823347091674805
8400,2,enc,2.5811710357666016,2.3234636783599854,2.15234375,3.920255661010742,2.8074045181274414
8600,0,enc,5.586316108703613,2.58640456199646,1.2412109375,2.3176345825195312,3.9621095657348633
8600,1,enc,6.5970282554626465,2.379456043243408,1.720703125,4.304178237915039,3.8902430534362793
8600,2,enc,2.543795347213745,2.682894468307495,1.990234375,3.7330281734466553,3.231804370880127
8600,0,fcst,4.193655490875244,2.812154531478882,0.5673828125,5.402077674865723,5.200258255004883
8600,1,fcst,5.162277698516846,3.2402427196502686,0.81640625,7.047989845275879,7.2057318687438965
8600,2,fcst,3.3106753826141357,4.368663787841797,2.3984375,8.96886157989502,8.234770774841309
8600,0,enc,5.530561923980713,2.5870189666748047,1.1328125,2.0605173110961914,3.3569259643554688
8600,1,enc,6.611160755157471,2.222848892211914,1.3388671875,3.654789686203003,3.2253530025482178
8600,2,enc,2.5362792015075684,2.6367905139923096,1.9462890625,3.1930675506591797,2.4493632316589355
8800,0,enc,5.657867908477783,2.4423365592956543,1.458984375,2.2647194862365723,3.816891670227051
8800,1,enc,6.559926986694336,2.4823718070983887,1.68359375,4.082287788391113,4.082287788391113
8800,2,enc,2.496802806854248,3.065714120864868,1.7119140625,3.854222297668457,3.614421844482422
8800,0,fcst,4.094438552856445,2.979445457458496,0.59521484375,5.46287202835083,5.408139228820801
8800,1,fcst,5.213938236236572,3.1356313228607178,0.87841796875,6.6103973388671875,6.462149620056152
8800,2,fcst,3.3148136138916016,4.100461483001709,2.55859375,9.104959487915039,8.712706565856934
8800,0,enc,5.637370586395264,2.445263147354126,1.205078125,1.8679133653640747,3.28767728805542
8800,1,enc,6.604690074920654,2.4061880111694336,1.36328125,3.604478359222412,3.1815378665924072
8800,2,enc,2.50897216796875,2.2437949180603027,1.5048828125,3.1377077102661133,2.510629653930664
9000,0,enc,5.65582799911499,2.413351535797119,1.38671875,2.2869203090667725,4.0246901512146
9000,1,enc,6.64995002746582,2.220890760421753,1.697265625,4.415282249450684,3.7532339096069336
9000,2,enc,2.372345447540283,3.161520481109619,1.5048828125,3.791872024536133,3.2035367488861084
9000,0,fcst,4.063142776489258,3.2122814655303955,0.59716796875,5.3598833084106445,6.497248649597168
9000,1,fcst,5.359464645385742,3.19989275932312,0.740234375,6.742510795593262,7.2443952560424805
9000,2,fcst,3.3054676055908203,4.254119873046875,1.787109375,8.339478492736816,8.484742164611816
9000,0,enc,5.6074042320251465,2.412476062774658,1.3017578125,1.8652236461639404,3.274254083633423
9000,1,enc,6.707159042358398,2.0515127182006836,1.2177734375,3.818571090698242,3.1013107299804688
9000,2,enc,2.357520341873169,2.393357515335083,1.4375,2.996965169906616,2.1962411403656006
9200,0,enc,5.757851600646973,2.3339669704437256,1.3017578125,1.9679749011993408,3.996077537536621
9200,1,enc,6.642768859863281,2.795316696166992,1.6259765625,4.254556655883789,3.5908310413360596
9200,2,enc,2.256762981414795,2.681384563446045,1.326171875,3.4349069595336914,2.920658588409424
9200,0,fcst,4.259925365447998,3.0524418354034424,0.58251953125,5.467284679412842,5.404580116271973
9200,1,fcst,5.432077884674072,3.1297051906585693,0.810546875,6.115266799926758,6.403624057769775
9200,2,fcst,3.3620917797088623,4.08988618850708,1.9375,8.28577995300293,7.959986209869385
9200,0,enc,5.771110534667969,2.3420333862304688,1.158203125,1.8790606260299683,3.3774302005767822
9200,1,enc,6.571409225463867,2.4387519359588623,1.234375,3.6742706298828125,3.3167970180511475
9200,2,enc,2.255192995071411,2.336306571960449,0.87939453125,2.843965530395508,2.341035842895508
9400,0,enc,5.771212577819824,2.3662335872650146,1.365234375,2.027569055557251,3.695693254470825
9400,1,enc,6.401665687561035,2.2734005451202393,1.60546875,4.018479824066162,3.6771154403686523
9400,2,enc,2.2666916847229004,2.858971357345581,1.3583984375,3.4819815158843994,3.0307343006134033
9400,0,fcst,4.3079609870910645,3.2411913871765137,0.52001953125,5.0122222900390625,5.897891044616699
9400,1,fcst,5.529265403747559,3.242708444595337,0.68115234375,6.120093822479248,6.837867259979248
9400,2,fcst,3.3631653785705566,3.6834614276885986,1.90625,8.033468246459961,7.742748737335205
9400,0,enc,5.777764797210693,2.3673150539398193,1.2001953125,1.7785804271697998,3.3641011714935303
9400,1,enc,6.373022079467773,2.190281867980957,1.3212890625,3.980910301208496,3.1456077098846436
9400,2,enc,2.266632080078125,2.6224205493927,1.2685546875,2.7414841651916504,2.187070608139038
9600,0,enc,5.880191326141357,2.3494794368743896,1.5029296875,1.9661140441894531,3.612027168273926
9600,1,enc,6.349071979522705,2.2063512802124023,1.69921875,3.884002685546875,3.7489187717437744
9600,2,enc,2.2664833068847656,2.4424846172332764,1.31640625,3.9549918174743652,3.2255702018737793
9600,0,fcst,4.195791721343994,3.2131540775299072,0.59619140625,5.111859321594238,6.420999526977539
9600,1,fcst,5.493484020233154,3.3161256313323975,0.68603515625,7.085653305053711,6.330341815948486
9600,2,fcst,3.440345048904419,4.0929741859436035,2.234375,8.95296859741211,8.280768394470215
9600,0,enc,5.866618633270264,2.361276149749756,1.2666015625,1.9036086797714233,2.8347151279449463
9600,1,enc,6.456603527069092,2.136347532272339,1.10546875,3.260648727416992,3.1856250762939453
9600,2,enc,2.268264055252075,2.357440948486328,0.92724609375,2.968249797821045,2.257277488708496
9800,0,enc,5.894291400909424,2.3037497997283936,1.6455078125,2.2710485458374023,3.2376723289489746
9800,1,enc,6.290116786956787,1.925646185874939,1.681640625,3.533895492553711,3.687816858291626
9800,2,enc,2.1983413696289062,2.262868881225586,1.2529296875,3.0441997051239014,2.7400498390197754
9800,0,fcst,4.2237019538879395,2.9332807064056396,0.76123046875,5.549473285675049,5.712100028991699
9800,1,fcst,5.572173118591309,3.4169304370880127,0.68212890625,6.205840110778809,6.624948024749756
9800,2,fcst,3.4414496421813965,4.006199359893799,1.9619140625,8.485275268554688,8.121234893798828
9800,0,enc,5.854942321777344,2.30342173576355,1.33984375,1.7610318660736084,2.6257710456848145
9800,1,enc,6.305154323577881,2.0472607612609863,1.2294921875,3.2555105686187744,2.858705759048462
9800,2,enc,2.2231926918029785,2.0255587100982666,0.79736328125,2.762385606765747,2.290156126022339
10000,0,enc,5.840429782867432,2.1965131759643555,1.474609375,1.8940480947494507,3.2255616188049316
10000,1,enc,6.2991862297058105,2.2090723514556885,1.900390625,4.0891923904418945,3.4397783279418945
10000,2,enc,2.1309852600097656,2.6023943424224854,1.1416015625,3.318782091140747,3.318782091140747
10000,0,fcst,4.1674113273620605,2.7922918796539307,0.51025390625,5.316044807434082,5.9349565505981445
10000,1,fcst,5.433789253234863,3.0682871341705322,0.701171875,6.822710990905762,6.754622936248779
10000,2,fcst,3.41927170753479,3.833496332168579,1.779296875,8.482614517211914,8.601326942443848
10000,0,enc,5.8476176261901855,2.188326597213745,1.302734375,1.874989628791809,3.1288020610809326
10000,1,enc,6.367693901062012,1.9443633556365967,1.4052734375,3.4498848915100098,2.920607089996338
10000,2,enc,2.1530041694641113,2.3488287925720215,0.65283203125,2.401017427444458,2.198540449142456
10200,0,enc,5.9696478843688965,2.3257594108581543,1.498046875,1.8980202674865723,3.3130016326904297
10200,1,enc,6.306578636169434,2.0739734172821045,2.0546875,3.5007824897766113,3.4777469635009766
10200,2,enc,2.0724995136260986,2.476137399673462,1.197265625,3.3392627239227295,2.9055819511413574
10200,0,fcst,4.2060346603393555,2.544874668121338,0.53271484375,5.391352653503418,6.625408172607422
10200,1,fcst,5.3638386726379395,3.594547986984253,0.6572265625,7.426326274871826,7.101362228393555
10200,2,fcst,3.4402287006378174,3.6058759689331055,2.185546875,8.097260475158691,7.702837944030762
10200,0,enc,5.982556343078613,2.3377091884613037,1.1513671875,1.6369194984436035,3.121474266052246
10200,1,enc,6.1834869384765625,2.0906004905700684,1.36328125,3.312154769897461,2.7602672576904297
10200,2,enc,2.084501266479492,2.1977579593658447,0.5927734375,2.6691372394561768,2.2396860122680664
10400,0,enc,6.1423797607421875,2.1762499809265137,1.455078125,1.744986653327942,3.4036121368408203
10400,1,enc,6.270155429840088,2.1657466888427734,2.19140625,3.742915391921997,3.7316153049468994
10400,2,enc,2.070356607437134,2.060488700866699,1.046875,2.992124319076538,2.785048723220825
10400,0,fcst,4.279870986938477,3.353677272796631,0.51513671875,5.128545761108398,6.2672295570373535
10400,1,fcst,5.368007659912109,3.867779493331909,0.57275390625,7.035227298736572,6.555771827697754
10400,2,fcst,3.4249303340911865,3.409289598464966,1.828125,8.39305305480957,7.680436134338379
10400,0,enc,6.127657413482666,2.114194869995117,1.1796875,1.5182247161865234,2.607344627380371
10400,1,enc,6.223550319671631,2.1299777030944824,1.9755859375,3.273712158203125,2.864682912826538
10400,2,enc,2.0692338943481445,1.9363555908203125,0.69580078125,2.5996897220611572,2.3163485527038574
10600,0,enc,6.292943954467773,2.1319994926452637,1.296875,1.8356236219406128,2.859797954559326
10600,1,enc,6.2854323387146,2.2852344512939453,2.0859375,3.2832083702087402,3.119379997253418
10600,2,enc,2.1385185718536377,1.930099368095398,1.091796875,2.878387928009033,2.8212342262268066
10600,0,fcst,4.258047580718994,3.550947666168213,0.469970703125,4.822007179260254,6.05515718460083
10600,1,fcst,5.430682182312012,3.381321430206299,0.548828125,7.060451507568359,6.61851692199707
10600,2,fcst,3.43449330329895,3.7265753746032715,1.837890625,8.829446792602539,8.432600021362305
10600,0,enc,6.300888538360596,2.088402271270752,1.1650390625,1.6916759014129639,2.4298856258392334
10600,1,enc,6.173673152923584,2.296445608139038,1.9697265625,2.926577568054199,3.0371198654174805
10600,2,enc,2.146239995956421,1.9952001571655273,0.6103515625,2.630478858947754,2.080510377883911
10800,0,enc,6.549737930297852,2.0013043880462646,1.3857421875,2.1197400093078613,2.8791821002960205
10800,1,enc,6.2267913818359375,1.9790632724761963,1.8525390625,3.6978814601898193,3.1356637477874756
10800,2,enc,2.1294689178466797,2.170098304748535,1.275390625,2.920462131500244,2.6346640586853027
10800,0,fcst,4.315440654754639,2.932910442352295,0.6552734375,4.597414016723633,6.633343696594238
10800,1,fcst,5.55730676651001,3.310797929763794,0.59716796875,7.585651397705078,7.4999308586120605
10800,2,fcst,3.4819891452789307,3.5401296615600586,1.890625,7.9499969482421875,8.100351333618164
10800,0,enc,6.474376201629639,2.015394449234009,1.294921875,2.1408257484436035,2.740751266479492
10800,1,enc,6.113727569580078,2.0070388317108154,1.6142578125,3.2603185176849365,2.7334630489349365
10800,2,enc,2.122272253036499,1.8867884874343872,0.71240234375,2.6503524780273438,2.2999603748321533
11000,0,enc,6.715410232543945,1.8690751791000366,1.599609375,1.9019274711608887,3.1469204425811768
11000,1,enc,6.07280158996582,1.7938628196716309,1.6005859375,3.6030917167663574,3.01444149017334
11000,2,enc,2.1232805252075195,2.2293834686279297,1.2470703125,2.691526174545288,2.46454119682312
11000,0,fcst,4.335852146148682,3.3679118156433105,0.572265625,4.697258472442627,5.92460298538208
11000,1,fcst,5.557503700256348,3.3806726932525635,0.63671875,6.3643670082092285,6.230319976806641
11000,2,fcst,3.466212749481201,3.475745916366577,1.716796875,8.27700424194336,7.749248504638672
11000,0,enc,6.705539226531982,1.8881388902664185,1.443359375,1.7850526571273804,2.502023935317993
11000,1,enc,6.075480937957764,1.7529658079147339,1.5107421875,3.12829852104187,2.54431414604187
11000,2,enc,2.0965826511383057,2.0533552169799805,0.64404296875,2.068307876586914,1.874216079711914
11200,0,enc,6.830023288726807,1.894270420074463,1.15234375,1.8239917755126953,2.597559928894043
11200,1,enc,6.242700576782227,1.800642967224121,1.837890625,2.9336609840393066,3.0629215240478516
11200,2,enc,2.0947468280792236,2.5567071437835693,1.232421875,2.568183422088623,2.6516828536987305
11200,0,fcst,4.221729278564453,3.482224702835083,0.52001953125,4.866114616394043,7.660887718200684
11200,1,fcst,5.581217288970947,3.196254014968872,0.6552734375,8.574308395385742,7.748570442199707
11200,2,fcst,3.4632115364074707,3.285771369934082,2.013671875,9.830442428588867,9.029118537902832
11200,0,enc,6.837695598602295,1.9021960496902466,1.115234375,1.8394074440002441,2.1773695945739746
11200,1,enc,6.267230033874512,1.8910561800003052,1.888671875,2.576953649520874,2.4375884532928467
11200,2,enc,2.093425750732422,2.3360369205474854,0.544921875,2.082559823989868,2.003018379211426
11400,0,enc,7.106704235076904,1.9367916584014893,1.1416015625,1.8041067123413086,2.938814401626587
11400,1,enc,6.163212299346924,2.001866102218628,1.57421875,3.328925848007202,2.8887157440185547
11400,2,enc,2.124099016189575,2.0516135692596436,1.2138671875,2.6127870082855225,2.67915940284729
11400,0,fcst,4.18497371673584,3.261878490447998,0.491455078125,4.928527355194092,5.4255146980285645
11400,1,fcst,5.592745304107666,3.6577467918395996,0.62451171875,5.775210380554199,6.159325122833252
11400,2,fcst,3.536054849624634,3.339959144592285,1.4912109375,7.158626556396484,6.842957973480225
11400,0,enc,7.077751636505127,1.9090529680252075,1.0419921875,1.8206069469451904,2.551088809967041
11400,1,enc,6.240826606750488,2.023181676864624,1.1572265625,3.140812635421753,2.5896334648132324
11400,2,enc,2.1143643856048584,1.9228044748306274,0.59375,2.4693281650543213,2.0108656883239746
11600,0,enc,7.148746490478516,1.9452615976333618,1.2822265625,2.1553924083709717,2.833747386932373
11600,1,enc,6.147875785827637,1.5928303003311157,1.5732421875,3.0936386585235596,2.942899227142334
11600,2,enc,2.1610660552978516,2.046496629714966,1.0673828125,2.6628406047821045,2.5060741901397705
11600,0,fcst,4.183073997497559,2.8301734924316406,0.50341796875,4.522176742553711,5.083331108093262
11600,1,fcst,5.54709005355835,3.2595527172088623,0.552734375,6.445138454437256,5.944703578948975
11600,2,fcst,3.5386900901794434,3.3472793102264404,1.73828125,7.596944332122803,7.565816402435303
11600,0,enc,7.112884998321533,1.9305799007415771,1.0390625,1.858949899673462,2.3544650077819824
11600,1,enc,6.12599515914917,1.6782695055007935,1.4013671875,2.9759490489959717,2.6803078651428223
11600,2,enc,2.14258074760437,2.003750801086426,0.5205078125,2.723334550857544,2.267591714859009
11800,0,enc,7.3132548332214355,1.7883622646331787,1.453125,1.8871312141418457,2.8846778869628906
11800,1,enc,6.174738883972168,1.5474284887313843,1.2001953125,2.850019931793213,2.850019931793213
11800,2,enc,2.2499759197235107,1.8484660387039185,0.92919921875,2.865185260772705,2.6349616050720215
11800,0,fcst,4.22885274887085,2.9319260120391846,0.451171875,4.4988532066345215,7.337433338165283
11800,1,fcst,5.704176425933838,3.232485055923462,0.724609375,7.522801399230957,6.14059591293335
11800,2,fcst,3.5356202125549316,3.208116054534912,1.61328125,7.190331935882568,6.872406482696533
11800,0,enc,7.3996052742004395,1.796993613243103,1.0478515625,1.5551409721374512,2.212855815887451
11800,1,enc,6.138659954071045,1.4845788478851318,1.1376953125,2.6695334911346436,2.461204767227173
11800,2,enc,2.2294788360595703,1.7555370330810547,0.69580078125,2.216264009475708,2.0058324337005615
12000,0,enc,7.326983451843262,1.8321058750152588,1.220703125,1.8029615879058838,2.5133001804351807
12000,1,enc,6.1299543380737305,1.5898340940475464,1.2978515625,2.7617568969726562,2.481228828430176
12000,2,enc,2.254894733428955,2.068591356277466,0.90576171875,2.6419222354888916,2.496929883956909
12000,0,fcst,4.177958965301514,2.933093309402466,0.4794921875,4.379687786102295,5.136508464813232
12000,1,fcst,5.677597999572754,3.1954591274261475,0.70947265625,5.676908493041992,5.676908493041992
12000,2,fcst,3.4536373615264893,3.2467074394226074,1.576171875,7.350523948669434,7.158413887023926
12000,0,enc,7.317958354949951,1.8439483642578125,1.115234375,1.5356578826904297,2.1973538398742676
12000,1,enc,6.148011207580566,1.503272294998169,1.1884765625,2.627561330795288,2.298872947692871
12000,2,enc,2.2445948123931885,1.7488645315170288,0.76904296875,2.153857946395874,1.9912726879119873
12200,0,enc,7.516748905181885,1.6216020584106445,1.2998046875,1.8966656923294067,2.9019322395324707
12200,1,enc,6.16351318359375,1.7460715770721436,1.4609375,2.8142824172973633,2.6701159477233887
12200,2,enc,2.2654247283935547,1.9158507585525513,0.9404296875,2.550694227218628,2.5254578590393066
12200,0,fcst,4.10282564163208,3.004725694656372,0.505859375,4.42106819152832,4.7104291915893555
12200,1,fcst,5.626648902893066,3.1492838859558105,0.658203125,5.176651477813721,5.306605339050293
12200,2,fcst,3.4754271507263184,3.2053487300872803,1.7275390625,7.500693321228027,7.01262092590332
12200,0,enc,7.549471378326416,1.628014087677002,1.16015625,1.6411665678024292,2.282515048980713
12200,1,enc,6.132561206817627,1.773583173751831,1.3095703125,2.6270575523376465,2.261298656463623
12200,2,enc,2.2702934741973877,1.836722731590271,0.9267578125,2.0344910621643066,1.8847553730010986
12400,0,enc,7.679685115814209,1.6281095743179321,1.2275390625,1.8066325187683105,2.1514675617218018
12400,1,enc,6.041691780090332,1.5081417560577393,1.28125,2.5335617065429688,3.0756635665893555
12400,2,enc,2.2758147716522217,1.9419684410095215,1.142578125,2.585031509399414,2.5507161617279053
12400,0,fcst,3.9860260486602783,2.8070263862609863,0.47900390625,4.482417583465576,4.90871000289917
12400,1,fcst,5.590212345123291,3.1578269004821777,0.52392578125,4.947399616241455,5.211885452270508
12400,2,fcst,3.493295192718506,3.0138533115386963,1.5546875,6.776476860046387,6.668874740600586
12400,0,enc,7.733346462249756,1.6240955591201782,1.1005859375,1.5503864288330078,2.002254009246826
12400,1,enc,6.020880699157715,1.4312639236450195,1.1640625,2.325183391571045,2.0845022201538086
12400,2,enc,2.285688877105713,1.8074345588684082,0.5966796875,2.1180548667907715,1.8476495742797852
12600,0,enc,7.7371087074279785,1.5663933753967285,1.3447265625,2.018582344055176,2.5555827617645264
12600,1,enc,6.077097415924072,1.6260141134262085,1.3359375,2.5248517990112305,2.363954782485962
12600,2,enc,2.2769711017608643,1.8951351642608643,1.123046875,2.3548569679260254,2.395946741104126
12600,0,fcst,4.036381244659424,2.7500576972961426,0.44140625,4.333941459655762,6.603253364562988
12600,1,fcst,5.533530235290527,3.258878231048584,0.64208984375,7.325658798217773,7.121936798095703
12600,2,fcst,3.519493818283081,3.2319769859313965,1.619140625,7.929606914520264,7.929606914520264
12600,0,enc,7.760145664215088,1.5300018787384033,1.0400390625,2.0011696815490723,2.1380105018615723
12600,1,enc,6.045846462249756,1.51323401927948,1.2841796875,2.328394889831543,2.460522413253784
12600,2,enc,2.290245294570923,1.5797255039215088,0.53076171875,2.1496899127960205,2.1659557819366455
12800,0,enc,8.06531810760498,1.5630321502685547,1.11328125,1.646446943283081,2.1627426147460938
12800,1,enc,6.108057975769043,1.3513445854187012,1.212890625,2.643496513366699,3.1449127197265625
12800,2,enc,2.231257200241089,1.9038456678390503,0.763671875,3.343370199203491,2.45849609375
12800,0,fcst,4.016878604888916,2.911360263824463,0.4619140625,4.323811054229736,4.535186767578125
12800,1,fcst,5.524661540985107,2.988647222518921,0.587890625,5.362325668334961,5.544345855712891
12800,2,fcst,3.516784191131592,2.879201650619507,1.3857421875,6.69525146484375,6.69525146484375
12800,0,enc,7.948024749755859,1.5383580923080444,1.05859375,1.4536672830581665,1.9321599006652832
12800,1,enc,6.162329196929932,1.387211799621582,1.2197265625,2.166938543319702,2.0944178104400635
12800,2,enc,2.2139291763305664,1.5582096576690674,0.5712890625,2.1919543743133545,1.9403140544891357
13000,0,enc,7.94819974899292,1.658831000328064,1.0556640625,1.77901291847229,2.36173677444458
13000,1,enc,6.068859577178955,1.4547501802444458,1.1416015625,2.519213914871216,2.430471658706665
13000,2,enc,2.1481311321258545,2.0617029666900635,0.8642578125,2.3308753967285156,2.1654293537139893
13000,0,fcst,3.952777147293091,2.526740312576294,0.390380859375,4.125483989715576,4.296202659606934
13000,1,fcst,5.575284004211426,3.097130060195923,0.68408203125,4.974327087402344,5.392078876495361
13000,2,fcst,3.560354232788086,2.9357810020446777,1.4541015625,6.203900337219238,6.230224609375
13000,0,enc,7.992036819458008,1.6486576795578003,0.9365234375,1.4525926113128662,2.0320630073547363
13000,1,enc,6.088249683380127,1.3553286790847778,1.1640625,2.2531046867370605,2.2804431915283203
13000,2,enc,2.1927313804626465,1.8542457818984985,0.56103515625,2.2839934825897217,1.8985862731933594
13200,0,enc,8.417583465576172,1.6296718120574951,1.1708984375,1.7103097438812256,2.122279644012451
13200,1,enc,6.003519535064697,1.6010371446609497,0.99267578125,2.4424777030944824,2.4424777030944824
13200,2,enc,2.179598331451416,2.00016713142395,0.8359375,2.3162841796875,2.1702067852020264
13200,0,fcst,3.84049654006958,2.7821898460388184,0.381103515625,3.8988757133483887,4.549921035766602
13200,1,fcst,5.571754455566406,3.05045747756958,0.56591796875,5.261695861816406,5.0140886306762695
13200,2,fcst,3.525578022003174,2.863339900970459,1.3544921875,6.7533369064331055,6.885308265686035
13200,0,enc,8.432214736938477,1.6654236316680908,0.92236328125,1.721949577331543,2.066847562789917
13200,1,enc,5.997244358062744,1.5072749853134155,0.98828125,2.1550660133361816,2.0867104530334473
13200,2,enc,2.184915065765381,1.840929388999939,0.468505859375,2.039275884628296,1.8653349876403809
13400,0,enc,8.624762535095215,1.6731770038604736,1.181640625,1.698067307472229,2.2293193340301514
13400,1,enc,5.979782581329346,1.487431526184082,0.93505859375,2.3927385807037354,2.5769991874694824
13400,2,enc,2.1143743991851807,1.9297361373901367,0.70654296875,2.765328884124756,2.1985883712768555
13400,0,fcst,3.7971761226654053,2.908033609390259,0.31298828125,4.486099720001221,4.678564071655273
13400,1,fcst,5.574147701263428,3.0295145511627197,0.66796875,5.290773391723633,5.236214637756348
13400,2,fcst,3.5817928314208984,2.9031453132629395,1.2705078125,6.339208602905273,6.1014251708984375
13400,0,enc,8.604366302490234,1.6833093166351318,1.0908203125,1.455858826637268,2.0608808994293213
13400,1,enc,6.054940700531006,1.411314606666565,0.982421875,2.3651585578918457,2.192568302154541
13400,2,enc,2.1131553649902344,1.690231442451477,0.4453125,2.386833429336548,1.7052745819091797
13600,0,enc,8.665446281433105,1.640829086303711,1.4326171875,1.6777324676513672,2.2593672275543213
13600,1,enc,6.0560832023620605,1.4896080493927002,0.94091796875,2.4022998809814453,2.5742833614349365
13600,2,enc,2.1248438358306885,1.983517050743103,0.87109375,2.703326463699341,2.2582178115844727
13600,0,fcst,3.762866258621216,2.6397900581359863,0.356689453125,4.093290328979492,4.141111850738525
13600,1,fcst,5.542246341705322,2.859300374984741,0.5634765625,5.164731502532959,5.259607315063477
13600,2,fcst,3.5202906131744385,2.8193161487579346,1.3671875,6.410109043121338,6.673238277435303
13600,0,enc,8.674457550048828,1.6377910375595093,1.158203125,1.5016874074935913,2.063906669616699
13600,1,enc,6.093786239624023,1.3748427629470825,1.021484375,2.159160852432251,2.025982141494751
13600,2,enc,2.0863256454467773,1.5540984869003296,0.4794921875,1.9500139951705933,1.917628288269043
13800,0,enc,8.88936996459961,1.6911665201187134,1.1220703125,1.7493420839309692,2.1111679077148438
13800,1,enc,6.228425979614258,1.4258356094360352,0.96435546875,2.264570713043213,2.4046802520751953
13800,2,enc,2.113513469696045,1.7933887243270874,0.86865234375,2.4046802520751953,2.4046802520751953
13800,0,fcst,3.7122089862823486,2.5852932929992676,0.32421875,4.0012125968933105,4.254809856414795
13800,1,fcst,5.651891231536865,2.8598313331604004,0.61474609375,4.854525566101074,5.413878917694092
13800,2,fcst,3.5926449298858643,2.56472110748291,1.3369140625,6.582724571228027,6.231162071228027
13800,0,enc,8.90399169921875,1.6995162963867188,0.94384765625,1.3977940082550049,1.9871494770050049
13800,1,enc,6.2893900871276855,1.3241134881973267,0.99609375,2.1308298110961914,2.3300156593322754
13800,2,enc,2.1034128665924072,1.6342538595199585,0.47998046875,2.0313613414764404,1.8270223140716553
14000,0,enc,9.190786361694336,1.7255786657333374,1.1044921875,1.6800804138183594,2.5417561531066895
14000,1,enc,6.141507625579834,1.4799226522445679,1.1123046875,2.5318245887756348,2.4521398544311523
14000,2,enc,2.112288236618042,1.8102182149887085,0.6181640625,2.345313549041748,2.3235273361206055
14000,0,fcst,3.707723617553711,2.7330400943756104,0.332763671875,4.104524612426758,4.067462921142578
14000,1,fcst,5.72845458984375,2.9740993976593018,0.67626953125,4.8568243980407715,5.024180889129639
14000,2,fcst,3.5558598041534424,2.5955684185028076,1.2314453125,6.784621715545654,6.086880683898926
14000,0,enc,9.294888496398926,1.7367726564407349,0.88720703125,1.4779350757598877,1.9515020847320557
14000,1,enc,6.175751209259033,1.5630037784576416,1.0634765625,2.193011522293091,2.0186572074890137
14000,2,enc,2.1344687938690186,1.6159656047821045,0.443603515625,1.9616591930389404,1.841971516609192
14200,0,enc,9.148653984069824,1.4822381734848022,1.0400390625,1.5855387449264526,2.4289770126342773
14200,1,enc,6.07387113571167,1.3027122020721436,0.99560546875,2.4184317588806152,2.213390827178955
14200,2,enc,2.2057442665100098,1.7842273712158203,0.88427734375,2.2621188163757324,2.0139925479888916
14200,0,fcst,3.6665563583374023,2.669160842895508,0.304931640625,4.414865493774414,4.516387462615967
14200,1,fcst,5.628149509429932,3.0370469093322754,0.5849609375,4.857489585876465,5.095798015594482
14200,2,fcst,3.603911876678467,2.5636634826660156,1.255859375,6.161562442779541,5.849264144897461
14200,0,enc,9.21228313446045,1.4527089595794678,0.857421875,1.5003108978271484,2.1997835636138916
14200,1,enc,6.173633098602295,1.2507257461547852,0.9921875,2.3063082695007324,2.0189037322998047
14200,2,enc,2.1668734550476074,1.7798899412155151,0.455810546875,2.178036689758301,1.7321679592132568
14400,0,enc,9.355805397033691,1.3633043766021729,1.3115234375,1.5532915592193604,2.191028118133545
14400,1,enc,6.167447566986084,1.3653188943862915,0.9892578125,2.2436485290527344,2.2205779552459717
14400,2,enc,2.0919790267944336,1.9459394216537476,0.6552734375,2.166269063949585,2.179912805557251
14400,0,fcst,3.649381637573242,2.5925254821777344,0.34521484375,4.112464904785156,4.1905293464660645
14400,1,fcst,5.649555206298828,2.814239978790283,0.69091796875,4.679479598999023,5.144974231719971
14400,2,fcst,3.6740665435791016,2.464296579360962,1.25,6.185851573944092,6.082786560058594
14400,0,enc,9.38019847869873,1.3994193077087402,1.03125,1.3893935680389404,1.8887083530426025
14400,1,enc,6.131281852722168,1.4860596656799316,1.1044921875,1.8183597326278687,1.9265618324279785
14400,2,enc,2.134145498275757,1.5991348028182983,0.374267578125,1.7351988554000854,1.7947465181350708
14600,0,enc,9.408016204833984,1.421466588973999,1.134765625,1.649653673171997,2.0485708713531494
14600,1,enc,6.188945770263672,1.328281044960022,1.07421875,2.096003293991089,2.375898599624634
14600,2,enc,2.1989924907684326,1.92350435256958,0.62353515625,2.3335092067718506,1.993116855621338
14600,0,fcst,3.635366916656494,2.462435722351074,0.28759765625,4.0014967918396,4.101390838623047
14600,1,fcst,5.6586151123046875,2.8857920169830322,0.59716796875,4.46690559387207,4.739861488342285
14600,2,fcst,3.6312267780303955,2.5827250480651855,1.34765625,6.035271167755127,6.024825572967529
14600,0,enc,9.536152839660645,1.4239838123321533,0.904296875,1.6089462041854858,1.7831616401672363
14600,1,enc,6.17679500579834,1.4470256567001343,1.068359375,1.9386988878250122,2.1427676677703857
14600,2,enc,2.177537679672241,1.667866587638855,0.402099609375,2.016615629196167,1.6910700798034668
14800,0,enc,9.363104820251465,1.4634369611740112,1.171875,1.5646076202392578,2.322788715362549
14800,1,enc,6.269632816314697,1.322677731513977,1.150390625,2.4337527751922607,2.4384586811065674
14800,2,enc,2.280891180038452,1.9265135526657104,0.61083984375,2.551935911178589,2.161895275115967
14800,0,fcst,3.710659980773926,2.3753926753997803,0.2958984375,3.872288942337036,4.523873329162598
14800,1,fcst,5.678681373596191,2.9724934101104736,0.62158203125,4.629086494445801,4.964479446411133
14800,2,fcst,3.604034900665283,2.560581922531128,1.236328125,6.346086025238037,6.11740779876709
14800,0,enc,9.48983383178711,1.4815704822540283,1.005859375,1.6005527973175049,1.9072062969207764
14800,1,enc,6.251084804534912,1.3179761171340942,1.224609375,2.0150489807128906,2.0551795959472656
14800,2,enc,2.2625925540924072,1.655605673789978,0.31591796875,2.0214452743530273,1.5879987478256226
15000,0,enc,9.722235679626465,1.2936733961105347,1.1611328125,1.5061309337615967,2.2387051582336426
15000,1,enc,6.2270402908325195,1.3233753442764282,1.0595703125,2.2656641006469727,2.3339924812316895
15000,2,enc,2.186239004135132,1.962160587310791,0.64892578125,2.1960527896881104,2.1479570865631104
15000,0,fcst,3.7259249687194824,2.334096908569336,0.293701171875,3.9008491039276123,4.1643853187561035
15000,1,fcst,5.636362075805664,2.685532808303833,0.58251953125,4.335622787475586,4.741710186004639
15000,2,fcst,3.5928893089294434,2.550325632095337,1.2509765625,7.297837257385254,6.563199043273926
15000,0,enc,9.62404727935791,1.3005915880203247,0.95556640625,1.5666788816452026,2.0292482376098633
15000,1,enc,6.212961196899414,1.332500696182251,1.0703125,2.0319406986236572,1.924386739730835
15000,2,enc,2.149491310119629,1.6694549322128296,0.361328125,1.754441261291504,1.7637492418289185
15200,0,enc,9.590846061706543,1.3184213638305664,0.9775390625,1.53076171875,2.3265717029571533
15200,1,enc,6.178466320037842,1.4054744243621826,1.15625,2.3411946296691895,2.178262948989868
15200,2,enc,2.117417812347412,1.7127360105514526,0.66796875,2.08986234664917,2.114719867706299
15200,0,fcst,3.753200054168701,2.2856996059417725,0.28955078125,3.6295228004455566,3.7474515438079834
15200,1,fcst,5.815695285797119,2.8057701587677,0.697265625,4.716779708862305,4.747890472412109
15200,2,fcst,3.6434614658355713,2.3510372638702393,1.1328125,5.4990553855896,5.772087574005127
15200,0,enc,9.57175350189209,1.3238767385482788,0.8798828125,1.4692988395690918,1.9078049659729004
15200,1,enc,6.187068939208984,1.3643474578857422,1.06640625,1.987734317779541,2.1574931144714355
15200,2,enc,2.163057327270508,1.3714269399642944,0.341064453125,2.0775532722473145,1.813039779663086
15400,0,enc,9.470191955566406,1.3898825645446777,0.8037109375,1.6107112169265747,2.0742087364196777
15400,1,enc,6.218785762786865,1.3865833282470703,0.99365234375,2.0204174518585205,2.078321933746338
15400,2,enc,2.0411152839660645,1.7526254653930664,0.60693359375,1.9674899578094482,2.155071258544922
15400,0,fcst,3.694948673248291,2.245504856109619,0.276611328125,3.7685117721557617,3.8656623363494873
15400,1,fcst,5.648033142089844,2.8447093963623047,0.65966796875,4.631141662597656,4.877588272094727
15400,2,fcst,3.6052820682525635,2.4280550479888916,1.1494140625,6.457725524902344,5.857292175292969
15400,0,enc,9.484498023986816,1.3460451364517212,0.68505859375,1.4341176748275757,1.6636203527450562
15400,1,enc,6.227040767669678,1.354707956314087,0.9033203125,1.7925381660461426,1.8021588325500488
15400,2,enc,2.049258232116699,1.470867395401001,0.35546875,1.862456202507019,1.5972732305526733
15600,0,enc,9.811766624450684,1.3421090841293335,0.7353515625,1.5903427600860596,2.04492449760437
15600,1,enc,6.021427154541016,1.504797101020813,0.85400390625,2.2274036407470703,2.1900627613067627
15600,2,enc,2.0433034896850586,1.7049314975738525,0.5068359375,2.317065477371216,1.955039381980896
15600,0,fcst,3.5975794792175293,2.144991397857666,0.306396484375,3.7676732540130615,4.165958404541016
15600,1,fcst,5.619900226593018,2.7261359691619873,0.75146484375,4.295001029968262,4.332371711730957
15600,2,fcst,3.6642587184906006,2.2788021564483643,1.2060546875,5.866909027099609,5.841698169708252
15600,0,enc,9.811655044555664,1.3635425567626953,0.61572265625,1.58479642868042,1.784942865371704
15600,1,enc,6.073365688323975,1.4199258089065552,0.86767578125,1.9039125442504883,1.8590396642684937
15600,2,enc,2.036348342895508,1.50371253490448,0.333251953125,1.7209270000457764,1.8571925163269043
15800,0,enc,9.64047622680664,1.3133906126022339,0.8251953125,1.6104482412338257,2.117295265197754
15800,1,enc,6.0072736740112305,1.5411087274551392,0.78662109375,2.3047947883605957,2.2692675590515137
15800,2,enc,1.988661289215088,1.8641992807388306,0.6435546875,2.11972975730896,2.06970477104187
15800,0,fcst,3.5548410415649414,2.0637006759643555,0.257080078125,3.655702590942383,3.769474506378174
15800,1,fcst,5.684330463409424,2.7535207271575928,0.68017578125,4.141017436981201,4.387599468231201
15800,2,fcst,3.6826677322387695,2.241621732711792,1.109375,5.6301140785217285,5.490106582641602
15800,0,enc,9.67135238647461,1.3194465637207031,0.55126953125,1.611419916152954,1.687225580215454
15800,1,enc,5.975346088409424,1.4801017045974731,0.8388671875,1.9438536167144775,1.8597767353057861
15800,2,enc,2.0121684074401855,1.725402593612671,0.33447265625,1.7592265605926514,1.7911784648895264
16000,0,enc,9.908059120178223,1.30311119556427,0.5556640625,1.5083812475204468,1.8085453510284424
16000,1,enc,6.1031575202941895,1.3793095350265503,0.87890625,2.152479887008667,2.198383331298828
16000,2,enc,1.9722774028778076,1.7885534763336182,0.65185546875,2.198383331298828,1.9659072160720825
16000,0,fcst,3.6095128059387207,2.0139384269714355,0.2357177734375,3.668494939804077,3.630016565322876
16000,1,fcst,5.62890100479126,2.6498594284057617,0.7978515625,4.70825719833374,4.737756252288818
16000,2,fcst,3.7138752937316895,2.4131972789764404,1.28515625,6.0747971534729,5.738302707672119
16000,0,enc,9.8728609085083,1.326683759689331,0.50146484375,1.3196722269058228,1.6347861289978027
16000,1,enc,5.999222278594971,1.3064014911651611,0.84423828125,1.8942567110061646,1.8952035903930664
16000,2,enc,1.9368325471878052,1.4596465826034546,0.279296875,1.8125146627426147,1.6526309251785278
16200,0,enc,10.078131675720215,1.1647701263427734,0.810546875,1.6182128190994263,1.9245024919509888
16200,1,enc,6.196464538574219,1.2451211214065552,0.87646484375,2.0801889896392822,2.1986281871795654
16200,2,enc,1.9848380088806152,1.8645237684249878,0.68505859375,2.4565396308898926,2.2209200859069824
16200,0,fcst,3.5364162921905518,1.896333932876587,0.247314453125,3.7878236770629883,3.816255807876587
16200,1,fcst,5.712210655212402,2.7099227905273438,0.9169921875,4.412139892578125,4.508440017700195
16200,2,fcst,3.715555429458618,2.1155691146850586,1.1357421875,5.340420722961426,5.340420722961426
16200,0,enc,10.103944778442383,1.2105233669281006,0.5654296875,1.288316249847412,1.8602266311645508
16200,1,enc,5.9813714027404785,1.3383585214614868,0.9091796875,2.181215286254883,1.849289894104004
16200,2,enc,1.9291777610778809,1.469338297843933,0.276611328125,1.8499056100845337,1.6449495553970337
16400,0,enc,10.149645805358887,1.3483984470367432,0.6904296875,1.6083993911743164,1.9718976020812988
16400,1,enc,6.156610012054443,1.2201815843582153,0.9697265625,2.105832099914551,2.3703858852386475
16400,2,enc,1.917221188545227,1.8313311338424683,0.55908203125,2.2967936992645264,2.206529378890991
16400,0,fcst,3.548809051513672,1.7935435771942139,0.271240234375,3.7963833808898926,4.02017879486084
16400,1,fcst,5.80294942855835,2.5612592697143555,1.0966796875,4.397632122039795,4.565682411193848
16400,2,fcst,3.7396395206451416,2.190290927886963,1.068359375,5.837764739990234,5.520874977111816
16400,0,enc,10.229312896728516,1.3406816720962524,0.44482421875,1.3636205196380615,1.661504864692688
16400,1,enc,6.114983558654785,1.267755389213562,0.876953125,1.8712438344955444,1.7657434940338135
16400,2,enc,1.925893783569336,1.535119891166687,0.25634765625,1.7147232294082642,1.598285436630249
16600,0,enc,10.389138221740723,1.3347184658050537,0.6904296875,1.4744296073913574,1.8151640892028809
16600,1,enc,6.13013219833374,1.1650855541229248,0.81982421875,2.067654848098755,2.093200445175171
16600,2,enc,1.8749217987060547,1.7219291925430298,0.5947265625,1.951127052307129,1.951127052307129
16600,0,fcst,3.5717227458953857,1.760873794555664,0.2274169921875,3.935537338256836,4.1152520179748535
16600,1,fcst,5.735313892364502,2.5827815532684326,1.2197265625,4.226348400115967,4.329836845397949
16600,2,fcst,3.72874116897583,2.1203691959381104,1.0419921875,6.17155647277832,5.28982400894165
16600,0,enc,10.387482643127441,1.360676884651184,0.54296875,1.4187878370285034,1.6226838827133179
16600,1,enc,6.172729015350342,1.0685362815856934,0.8935546875,1.7236343622207642,1.9122575521469116
16600,2,enc,1.8560099601745605,1.574316382408142,0.3212890625,1.7648494243621826,1.5562857389450073
16800,0,enc,10.490887641906738,1.3033007383346558,0.4677734375,1.5185506343841553,1.948935627937317
16800,1,enc,6.067593574523926,1.1505119800567627,1.0791015625,2.147501230239868,2.0971336364746094
16800,2,enc,1.8861263990402222,1.6322553157806396,0.630859375,2.0792903900146484,1.860963225364685
16800,0,fcst,3.5510294437408447,1.691625714302063,0.21044921875,3.9464685916900635,3.894988536834717
16800,1,fcst,5.652678489685059,2.6105406284332275,1.2705078125,4.113852024078369,4.320300102233887
16800,2,fcst,3.7834689617156982,2.0983121395111084,1.193359375,5.000009536743164,4.748818397521973
16800,0,enc,10.476093292236328,1.3292319774627686,0.39501953125,1.3216452598571777,1.6618293523788452
16800,1,enc,6.055726528167725,1.2003830671310425,0.89453125,1.8279343843460083,2.050662040710449
16800,2,enc,1.859213948249817,1.6578558683395386,0.234375,2.0174548625946045,1.5052478313446045
17000,0,enc,10.558467864990234,1.3962146043777466,0.64111328125,1.5253443717956543,1.854288101196289
17000,1,enc,6.075821399688721,1.1776694059371948,0.9150390625,1.936368703842163,2.6383683681488037
17000,2,enc,1.8489550352096558,1.6694711446762085,0.47412109375,2.28346848487854,1.9205647706985474
17000,0,fcst,3.564256191253662,1.6251752376556396,0.192138671875,4.168948650360107,4.161725997924805
17000,1,fcst,5.546510696411133,2.4845290184020996,1.169921875,4.570618152618408,4.616292953491211
17000,2,fcst,3.741436004638672,2.1737074851989746,1.041015625,5.788883209228516,5.633737087249756
17000,0,enc,10.564566612243652,1.3891398906707764,0.39306640625,1.3198542594909668,1.6398544311523438
17000,1,enc,6.026329040527344,1.178048014640808,0.92724609375,1.6151281595230103,1.8963966369628906
17000,2,enc,1.8588258028030396,1.4193602800369263,0.2213134765625,1.9311237335205078,1.6371865272521973
17200,0,enc,10.544013023376465,1.3989413976669312,0.52587890625,1.4263948202133179,1.8634065389633179
17200,1,enc,5.940995216369629,1.1498855352401733,1.0126953125,1.9640223979949951,2.3074698448181152
17200,2,enc,1.8224287033081055,1.5817173719406128,0.59765625,2.19296932220459,2.197132110595703
17200,0,fcst,3.522225856781006,1.5593652725219727,0.2239990234375,4.410333156585693,4.442241191864014
17200,1,fcst,5.762000560760498,2.4758615493774414,1.2138671875,4.552210330963135,4.895974636077881
17200,2,fcst,3.7169349193573,2.1170873641967773,1.1669921875,5.8764753341674805,5.376258373260498
17200,0,enc,10.556971549987793,1.3756674528121948,0.412353515625,1.3018696308135986,1.6172853708267212
17200,1,enc,5.994781494140625,1.137870192527771,0.89892578125,1.826568365097046,2.1233503818511963
17200,2,enc,1.7983853816986084,1.4867773056030273,0.2337646484375,1.8813214302062988,1.597041368484497
17400,0,enc,10.702129364013672,1.3451521396636963,0.4384765625,1.4321104288101196,1.746509313583374
17400,1,enc,5.8123626708984375,1.0853673219680786,0.6416015625,1.909900188446045,2.2373428344726562
17400,2,enc,1.828224539756775,1.6457326412200928,0.68212890625,2.003119468688965,1.9390408992767334
17400,0,fcst,3.4966366291046143,1.552069902420044,0.2349853515625,3.444114923477173,3.5622286796569824
17400,1,fcst,5.683377742767334,2.4680943489074707,1.3251953125,3.8934078216552734,4.140939235687256
17400,2,fcst,3.805448055267334,2.0039238929748535,1.0859375,5.977728366851807,5.257611274719238
17400,0,enc,10.713619232177734,1.3190439939498901,0.470947265625,1.60042142868042,1.75715970993042
17400,1,enc,5.920701503753662,1.0721073150634766,0.6787109375,1.8189688920974731,1.7642990350723267
17400,2,enc,1.8202928304672241,1.4355510473251343,0.2291259765625,1.651618480682373,1.4888148307800293
17600,0,enc,10.447834968566895,1.200114369392395,0.392822265625,1.6214056015014648,1.8419345617294312
17600,1,enc,5.8325324058532715,1.2001760005950928,0.796875,1.8603259325027466,1.9986070394515991
17600,2,enc,1.7899446487426758,1.5963692665100098,0.6455078125,1.9860641956329346,1.9398512840270996
17600,0,fcst,3.4564013481140137,1.5177422761917114,0.2103271484375,3.692735195159912,3.745225429534912
17600,1,fcst,5.589454650878906,2.2951178550720215,1.2216796875,4.164719581604004,4.076074600219727
17600,2,fcst,3.731995105743408,2.035163640975952,0.99462890625,5.9148406982421875,5.889688491821289
17600,0,enc,10.531136512756348,1.2044899463653564,0.3681640625,1.3984425067901611,1.4812405109405518
17600,1,enc,5.860529899597168,1.145637035369873,0.7978515625,1.6569011211395264,1.6995209455490112
17600,2,enc,1.7695257663726807,1.3309886455535889,0.298828125,1.6285085678100586,1.5808780193328857
17800,0,enc,10.36367416381836,1.2908949851989746,0.486572265625,1.3333394527435303,1.8825969696044922
17800,1,enc,5.8131184577941895,1.032451868057251,0.83203125,2.1814651489257812,2.281024694442749
17800,2,enc,1.8422605991363525,1.6069982051849365,0.6220703125,1.9185137748718262,1.9999523162841797
17800,0,fcst,3.406808614730835,1.4332942962646484,0.1953125,3.5369741916656494,3.784369945526123
17800,1,fcst,5.521543979644775,2.3138232231140137,1.1318359375,4.120575904846191,4.108850479125977
17800,2,fcst,3.7978711128234863,2.146123170852661,0.94140625,5.444707870483398,4.949591159820557
17800,0,enc,10.394913673400879,1.3057808876037598,0.407470703125,1.2873793840408325,1.6467760801315308
17800,1,enc,5.792786121368408,1.026684045791626,0.7763671875,2.016770839691162,1.8062249422073364
17800,2,enc,1.830844521522522,1.4297873973846436,0.239990234375,1.6843842267990112,1.5601799488067627
18000,0,enc,10.211841583251953,1.2487430572509766,0.40869140625,1.3630269765853882,1.6874628067016602
18000,1,enc,5.909209251403809,1.203791618347168,0.77685546875,1.8209048509597778,1.875025749206543
18000,2,enc,1.8482048511505127,1.5334793329238892,0.59423828125,1.9247900247573853,1.9673244953155518
18000,0,fcst,3.4471778869628906,1.3705919981002808,0.18359375,3.464395046234131,3.5091259479522705
18000,1,fcst,5.477352619171143,2.383924722671509,1.0908203125,3.9831502437591553,4.239412307739258
18000,2,fcst,3.7717018127441406,1.974975347518921,0.98291015625,5.372931957244873,4.7629218101501465
18000,0,enc,10.092196464538574,1.227386474609375,0.35546875,1.335172414779663,1.5135297775268555
18000,1,enc,5.817474842071533,1.1139627695083618,0.7490234375,1.8825541734695435,1.778001308441162
18000,2,enc,1.8381928205490112,1.3725354671478271,0.2440185546875,2.0062813758850098,1.4427307844161987
18200,0,enc,10.737238883972168,1.232093334197998,0.423583984375,1.4747254848480225,1.8681687116622925
18200,1,enc,5.974043846130371,1.0673549175262451,0.68408203125,1.9550347328186035,2.105104923248291
18200,2,enc,1.8631236553192139,1.6468687057495117,0.53857421875,1.8167600631713867,1.7427095174789429
18200,0,fcst,3.5180399417877197,1.3476874828338623,0.190673828125,3.5967185497283936,3.647343873977661
18200,1,fcst,5.363030433654785,2.2747201919555664,1.0390625,4.349479675292969,4.349479675292969
18200,2,fcst,3.8554792404174805,2.1892054080963135,1.0615234375,5.027047634124756,5.114802837371826
18200,0,enc,10.756943702697754,1.2352532148361206,0.323486328125,1.4688727855682373,1.8975837230682373
18200,1,enc,5.820175647735596,1.0358071327209473,0.68505859375,2.064908266067505,1.8113093376159668
18200,2,enc,1.854123592376709,1.4317200183868408,0.2138671875,1.5616347789764404,1.6805874109268188
18400,0,enc,10.45280647277832,1.1307058334350586,0.445556640625,1.4391193389892578,1.87355375289917
18400,1,enc,5.827384948730469,1.1858270168304443,0.73095703125,1.9628117084503174,2.1977198123931885
18400,2,enc,1.8871443271636963,1.6818952560424805,0.5751953125,2.02939772605896,2.02939772605896
18400,0,fcst,3.4661104679107666,1.3523746728897095,0.1771240234375,3.2755064964294434,3.3039822578430176
18400,1,fcst,5.378263473510742,2.1783432960510254,0.9140625,3.853748321533203,3.8909120559692383
18400,2,fcst,3.8493831157684326,2.006195306777954,1.1005859375,5.539419174194336,4.900501251220703
18400,0,enc,10.43242073059082,1.1336784362792969,0.33984375,1.256234884262085,1.4635765552520752
18400,1,enc,5.800655841827393,1.1649430990219116,0.5078125,1.5174047946929932,1.9029340744018555
18400,2,enc,1.8788707256317139,1.4855592250823975,0.30615234375,1.8462698459625244,1.9517385959625244
18600,0,enc,10.590367317199707,1.0166987180709839,0.436279296875,1.423473834991455,1.825982928276062
18600,1,enc,5.716145038604736,1.299841046333313,0.60400390625,1.9702428579330444,1.7777596712112427
18600,2,enc,1.8895343542099,1.465070366859436,0.61181640625,1.8392413854599,1.8392413854599
18600,0,fcst,3.4465012550354004,1.2314385175704956,0.222412109375,3.3368430137634277,3.391968250274658
18600,1,fcst,5.338763236999512,2.1097397804260254,0.998046875,3.7533702850341797,3.906360387802124
18600,2,fcst,3.863938093185425,2.0378317832946777,0.95703125,5.820695877075195,5.200893402099609
18600,0,enc,10.533198356628418,1.0276817083358765,0.38623046875,1.2724004983901978,1.6273820400238037
18600,1,enc,5.682821273803711,1.233288049697876,0.58544921875,1.99727201461792,1.718144178390503
18600,2,enc,1.8915314674377441,1.435296893119812,0.242919921875,1.6343809366226196,1.4900076389312744
18800,0,enc,10.774829864501953,1.0252187252044678,0.48681640625,1.5193239450454712,1.7105674743652344
18800,1,enc,5.774094104766846,1.2278120517730713,0.5390625,1.757728099822998,1.9087772369384766
18800,2,enc,1.9456045627593994,1.5011917352676392,0.5205078125,1.7717446088790894,1.7406634092330933
18800,0,fcst,3.5319628715515137,1.2226629257202148,0.18115234375,3.3479671478271484,3.38922381401062
18800,1,fcst,5.332509517669678,2.290560245513916,0.8583984375,3.833754062652588,3.8279261589050293
18800,2,fcst,3.8388047218322754,1.918075680732727,1.001953125,5.686029434204102,5.067924976348877
18800,0,enc,10.090775489807129,1.0214155912399292,0.341796875,1.3696810007095337,1.4446519613265991
18800,1,enc,5.682693958282471,1.1277295351028442,0.491455078125,1.495593786239624,1.8328737020492554
18800,2,enc,1.9549272060394287,1.403250813484192,0.2724609375,1.5712575912475586,1.5384535789489746
19000,0,enc,10.023159980773926,1.1054019927978516,0.412353515625,1.7023348808288574,2.005117893218994
19000,1,enc,5.6829304695129395,1.2076764106750488,0.5693359375,2.100719690322876,1.975530982017517
19000,2,enc,1.9764506816864014,1.4683892726898193,0.57666015625,1.8706849813461304,1.761597990989685
19000,0,fcst,3.4505205154418945,1.2423113584518433,0.1483154296875,3.5190558433532715,3.505441665649414
19000,1,fcst,5.193145275115967,2.1889803409576416,0.80859375,3.7666757106781006,3.8919529914855957
19000,2,fcst,3.9592907428741455,2.020127296447754,0.9794921875,5.0976152420043945,4.540379047393799
19000,0,enc,9.968671798706055,1.1165025234222412,0.31591796875,1.4671292304992676,1.655165433883667
19000,1,enc,5.675456523895264,1.1505184173583984,0.5966796875,1.7735085487365723,1.8504128456115723
19000,2,enc,1.9866999387741089,1.3168331384658813,0.2568359375,1.9789392948150635,1.356438159942627
19200,0,enc,10.716584205627441,0.9964541792869568,0.387939453125,1.47837495803833,1.8863611221313477
19200,1,enc,5.720195770263672,1.20842444896698,0.54638671875,2.0919301509857178,2.165714979171753
19200,2,enc,1.9740058183670044,1.4736946821212769,0.53662109375,1.7779593467712402,1.7779593467712402
19200,0,fcst,3.460705280303955,1.2188093662261963,0.1710205078125,3.6822566986083984,3.6822566986083984
19200,1,fcst,5.215037822723389,2.1924805641174316,0.7509765625,3.640532970428467,3.656351327896118
19200,2,fcst,3.9628701210021973,1.8878175020217896,1.0498046875,6.047061920166016,5.532594203948975
19200,0,enc,10.262310028076172,1.0110112428665161,0.336181640625,1.273850917816162,1.4460469484329224
19200,1,enc,5.670363903045654,1.2564107179641724,0.5234375,1.5532115697860718,1.9496433734893799
19200,2,enc,1.9850841760635376,1.2905189990997314,0.2457275390625,1.6599528789520264,1.5423896312713623
19400,0,enc,10.613462448120117,1.150566577911377,0.405517578125,1.4948967695236206,1.7493398189544678
19400,1,enc,5.990882396697998,1.1554675102233887,0.49609375,1.9737868309020996,1.970606803894043
19400,2,enc,1.9141980409622192,1.6478466987609863,0.50146484375,1.970606803894043,1.7769218683242798
19400,0,fcst,3.4607791900634766,1.4915847778320312,0.139892578125,3.5075669288635254,3.507078170776367
19400,1,fcst,5.28328275680542,2.112074136734009,0.76123046875,3.650768518447876,3.806882858276367
19400,2,fcst,4.011925220489502,1.941335916519165,0.9609375,4.920233726501465,4.920233726501465
19400,0,enc,10.790587425231934,1.1568659543991089,0.355224609375,1.2873338460922241,1.4022672176361084
19400,1,enc,5.943792819976807,1.0977076292037964,0.50537109375,1.7276289463043213,1.8672773838043213
19400,2,enc,1.918638825416565,1.3692446947097778,0.2386474609375,1.6735843420028687,1.3444703817367554
19600,0,enc,10.538710594177246,0.96602463722229,0.416748046875,1.4822447299957275,1.8024163246154785
19600,1,enc,6.110947608947754,1.1271454095840454,0.5263671875,1.837212085723877,1.831911563873291
19600,2,enc,1.94874906539917,1.4895018339157104,0.49365234375,1.7543742656707764,1.7853083610534668
19600,0,fcst,3.4586472511291504,1.2015305757522583,0.15576171875,3.588222026824951,3.7258224487304688
19600,1,fcst,5.227006912231445,2.095324754714966,0.787109375,3.7258224487304688,3.8143234252929688
19600,2,fcst,4.059144020080566,1.941365361213684,0.9833984375,4.774552345275879,4.554103851318359
19600,0,enc,10.87730884552002,0.9704328179359436,0.31884765625,1.1738126277923584,1.4117201566696167
19600,1,enc,6.173727035522461,1.1265300512313843,0.498046875,1.7052096128463745,1.7358269691467285
19600,2,enc,1.9456323385238647,1.3975260257720947,0.2259521484375,1.6670823097229004,1.4225552082061768
19800,0,enc,10.267990112304688,0.8852928876876831,0.365234375,1.44209623336792,1.7744157314300537
19800,1,enc,6.349552154541016,1.1069540977478027,0.5,1.8734655380249023,1.8853775262832642
19800,2,enc,1.9374064207077026,1.4884310960769653,0.49658203125,1.8129172325134277,1.7645713090896606
19800,0,fcst,3.4229929447174072,1.137102484703064,0.150390625,3.691049098968506,3.6277759075164795
19800,1,fcst,5.2124924659729,1.9770405292510986,0.69580078125,3.998131275177002,3.998131275177002
19800,2,fcst,4.03236722946167,1.7573152780532837,0.9296875,5.389113903045654,4.315979957580566
19800,0,enc,10.144318580627441,0.8856964111328125,0.320068359375,1.4247043132781982,1.5834311246871948
19800,1,enc,6.247580528259277,1.0061076879501343,0.440673828125,1.8576526641845703,1.5442107915878296
19800,2,enc,1.9308346509933472,1.1772404909133911,0.1976318359375,1.5903127193450928,1.332492470741272
20000,0,enc,10.520527839660645,0.8787817358970642,0.370361328125,1.6228212118148804,1.6228212118148804
20000,1,enc,6.182705879211426,1.219920039176941,0.461181640625,1.7403697967529297,1.818701982498169
20000,2,enc,2.0545554161071777,1.4217884540557861,0.433837890625,1.770546555519104,1.8220508098602295
20000,0,fcst,3.4320569038391113,1.225250244140625,0.146484375,3.476306915283203,3.475628137588501
20000,1,fcst,5.258412837982178,1.9588408470153809,0.68359375,3.5454769134521484,3.630722761154175
20000,2,fcst,4.082135200500488,1.7957535982131958,1.048828125,4.908863067626953,4.792421340942383
20000,0,enc,10.458847999572754,0.8866262435913086,0.333251953125,1.6314992904663086,1.7219533920288086
20000,1,enc,6.283595085144043,1.1035571098327637,0.406494140625,1.7223763465881348,1.7680320739746094
20000,2,enc,2.0097551345825195,1.3818974494934082,0.2303466796875,1.758337378501892,1.7502425909042358
20200,0,enc,10.183121681213379,0.8868340849876404,0.390869140625,1.442241907119751,1.5090398788452148
20200,1,enc,6.372668266296387,1.1359871625900269,0.4228515625,1.8829318284988403,1.7839027643203735
20200,2,enc,2.0659031867980957,1.348349928855896,0.50146484375,1.8224760293960571,1.8974136114120483
20200,0,fcst,3.4209299087524414,1.0311872959136963,0.1473388671875,3.296842575073242,3.29791259765625
20200,1,fcst,5.384621620178223,1.9394481182098389,0.7119140625,3.765807628631592,3.861868381500244
20200,2,fcst,4.0870232582092285,1.782047986984253,0.82421875,5.52943229675293,4.553412437438965
20200,0,enc,10.367903709411621,0.8841798901557922,0.326904296875,1.2552529573440552,1.3868533372879028
20200,1,enc,6.242306232452393,1.0655244588851929,0.378662109375,1.6649458408355713,1.6545318365097046
20200,2,enc,2.036132574081421,1.1397016048431396,0.2177734375,1.4353907108306885,1.4184560775756836
20400,0,enc,11.325427055358887,0.8965649604797363,0.35400390625,1.4920650720596313,1.630886197090149
20400,1,enc,6.686093807220459,1.2061102390289307,0.404052734375,1.7001049518585205,2.0617785453796387
20400,2,enc,2.0483484268188477,1.3036149740219116,0.60546875,2.0617785453796387,1.726763367652893
20400,0,fcst,3.4049038887023926,0.993803083896637,0.1602783203125,3.436913013458252,3.4728899002075195
20400,1,fcst,5.295706272125244,1.897412896156311,0.6240234375,3.5411174297332764,3.5411174297332764
20400,2,fcst,4.074488639831543,1.6955782175064087,0.84228515625,4.487092971801758,4.2841596603393555
20400,0,enc,10.98426628112793,0.9061678647994995,0.27978515625,1.1036326885223389,1.2028069496154785
20400,1,enc,6.483606815338135,1.2941534519195557,0.4052734375,1.552031397819519,1.9251905679702759
20400,2,enc,2.0372395515441895,1.1540772914886475,0.2177734375,1.5580687522888184,1.3818994760513306
20600,0,enc,9.5816011428833,0.8367774486541748,0.389404296875,1.6096476316452026,1.6096476316452026
20600,1,enc,6.708046913146973,1.1105456352233887,0.36328125,1.6496834754943848,2.104088306427002
20600,2,enc,2.024503469467163,1.3098585605621338,0.40576171875,2.0221447944641113,1.8505229949951172
20600,0,fcst,3.347597360610962,0.9760309457778931,0.146728515625,3.2567524909973145,3.2647080421447754
20600,1,fcst,5.175022125244141,1.8496201038360596,0.69140625,3.535707473754883,3.6385855674743652
20600,2,fcst,4.014279365539551,1.8856545686721802,0.84912109375,4.257970809936523,4.426019668579102
20600,0,enc,9.57362174987793,0.8377419710159302,0.27734375,1.1226316690444946,1.2097527980804443
20600,1,enc,6.70538330078125,1.087209939956665,0.3623046875,1.335409164428711,1.894163727760315
20600,2,enc,2.033529043197632,1.222197413444519,0.22998046875,1.805902123451233,1.3627994060516357
20800,0,enc,11.259340286254883,0.8261159062385559,0.374267578125,1.207038402557373,1.4584455490112305
20800,1,enc,6.841421127319336,1.119219422340393,0.357421875,1.6303091049194336,1.8232134580612183
20800,2,enc,2.016646146774292,1.3424458503723145,0.6015625,1.7344069480895996,1.6154252290725708
20800,0,fcst,3.4233803749084473,1.0065288543701172,0.127197265625,3.3901772499084473,3.374570369720459
20800,1,fcst,5.280799865722656,1.8425014019012451,0.65087890625,3.42645263671875,3.5249645709991455
20800,2,fcst,4.056387901306152,1.726889967918396,0.90576171875,4.619266033172607,4.619266033172607
20800,0,enc,10.823308944702148,0.8314598798751831,0.27099609375,1.08639657497406,1.3120384216308594
20800,1,enc,6.675059795379639,1.105899453163147,0.3828125,1.643283724784851,1.7297723293304443
20800,2,enc,2.026569366455078,1.112436294555664,0.2413330078125,1.3273342847824097,1.3358522653579712
21000,0,enc,10.313857078552246,0.8422771096229553,0.366455078125,1.4456744194030762,1.487687587738037
21000,1,enc,6.992696285247803,1.2077038288116455,0.363525390625,1.7420212030410767,1.7696523666381836
21000,2,enc,2.003450393676758,1.3692233562469482,0.45703125,1.7515400648117065,1.5823378562927246
21000,0,fcst,3.4396839141845703,0.9988697171211243,0.1324462890625,3.5109739303588867,3.5691606998443604
21000,1,fcst,5.278975486755371,1.7892731428146362,0.61181640625,3.719085693359375,3.7352938652038574
21000,2,fcst,4.000860214233398,1.706376314163208,0.8310546875,4.901050567626953,4.609716415405273
21000,0,enc,10.219840049743652,0.8473528027534485,0.260009765625,1.179470419883728,1.493435263633728
21000,1,enc,6.863480091094971,1.1405798196792603,0.2685546875,1.6566264629364014,1.7149633169174194
21000,2,enc,2.0189049243927,1.247324824333191,0.2264404296875,1.6309969425201416,1.308312177658081
21200,0,enc,10.910317420959473,0.8701453804969788,0.416015625,1.211438536643982,1.4771575927734375
21200,1,enc,7.274729251861572,1.0675709247589111,0.356689453125,1.775343418121338,1.7318576574325562
21200,2,enc,2.0215184688568115,1.2692077159881592,0.5068359375,1.689225196838379,1.7013342380523682
21200,0,fcst,3.521660804748535,0.9617153406143188,0.1143798828125,3.279788017272949,3.3062026500701904
21200,1,fcst,5.262887477874756,1.8064011335372925,0.57568359375,3.617344379425049,3.6753594875335693
21200,2,fcst,4.000356197357178,1.7433445453643799,0.7724609375,5.227779388427734,5.227779388427734
21200,0,enc,11.260700225830078,0.8686739206314087,0.3291015625,1.147711157798767,1.5015994310379028
21200,1,enc,7.003941059112549,1.0125516653060913,0.349609375,1.7079167366027832,1.597363829612732
21200,2,enc,1.993391990661621,1.022720456123352,0.2044677734375,1.5053647756576538,1.3611602783203125
21400,0,enc,10.522904396057129,0.8791089653968811,0.359619140625,1.432169795036316,1.8428685665130615
21400,1,enc,7.211763858795166,1.0374644994735718,0.285888671875,1.8483881950378418,2.0378684997558594
21400,2,enc,1.965372085571289,1.233138918876648,0.39892578125,2.007256269454956,1.7912218570709229
21400,0,fcst,3.5171453952789307,0.9225373864173889,0.11187744140625,3.3778510093688965,3.579538345336914
21400,1,fcst,5.294711112976074,1.6921522617340088,0.5888671875,3.579538345336914,3.6151421070098877
21400,2,fcst,4.185727596282959,1.6591975688934326,0.7802734375,4.638957977294922,4.255668640136719
21400,0,enc,10.03641128540039,0.8749628067016602,0.284423828125,1.321300983428955,1.452038288116455
21400,1,enc,7.15871000289917,1.0308375358581543,0.2431640625,1.7351317405700684,1.6632404327392578
21400,2,enc,1.961246371269226,1.1029528379440308,0.255126953125,1.5164518356323242,1.4555917978286743
21600,0,enc,10.427685737609863,0.8420765995979309,0.309326171875,1.335435390472412,1.5536830425262451
21600,1,enc,7.264485836029053,1.0139796733856201,0.301513671875,1.7704293727874756,1.7982043027877808
21600,2,enc,2.040888786315918,1.251738429069519,0.416015625,1.7941431999206543,1.65376877784729
21600,0,fcst,3.3601949214935303,0.8899515867233276,0.153076171875,3.4570140838623047,3.4570140838623047
21600,1,fcst,5.3316569328308105,1.6929569244384766,0.60302734375,3.4223971366882324,3.354775905609131
21600,2,fcst,4.195898532867432,1.6609737873077393,0.85107421875,4.412224769592285,4.283709526062012
21600,0,enc,10.7152738571167,0.8457562923431396,0.248291015625,1.1578902006149292,1.4169234037399292
21600,1,enc,7.035884380340576,1.0175100564956665,0.306884765625,1.642246127128601,1.643373727798462
21600,2,enc,2.0616278648376465,1.0614017248153687,0.2064208984375,1.545172929763794,1.470008134841919
21800,0,enc,10.221322059631348,0.8566845655441284,0.363525390625,1.1399767398834229,1.4523485898971558
21800,1,enc,7.489570617675781,0.995392918586731,0.383056640625,1.7131372690200806,1.8167001008987427
21800,2,enc,2.0371248722076416,1.2413883209228516,0.450927734375,1.764435052871704,1.6941767930984497
21800,0,fcst,3.397956132888794,1.0158685445785522,0.122314453125,3.5152740478515625,3.5152740478515625
21800,1,fcst,5.3340325355529785,1.6572586297988892,0.6630859375,3.50656795501709,3.5818138122558594
21800,2,fcst,4.122992992401123,1.5610452890396118,0.7705078125,4.991926670074463,4.7083282470703125
21800,0,enc,10.254055976867676,0.8638083934783936,0.268798828125,1.1042957305908203,1.4085102081298828
21800,1,enc,7.228157997131348,0.9163442850112915,0.340087890625,1.5269478559494019,1.7041720151901245
21800,2,enc,2.0483815670013428,1.1431503295898438,0.18701171875,1.4480565786361694,1.3010880947113037
22000,0,enc,10.815644264221191,0.8467073440551758,0.381103515625,1.1894547939300537,1.5373088121414185
22000,1,enc,7.241686820983887,0.9386270046234131,0.269775390625,1.7636522054672241,1.7636522054672241
22000,2,enc,2.064899444580078,1.2603340148925781,0.53466796875,1.769002914428711,1.6706875562667847
22000,0,fcst,3.3552091121673584,0.9788658022880554,0.12060546875,3.233971357345581,3.3337976932525635
22000,1,fcst,5.343216896057129,1.621372103691101,0.57470703125,3.7368929386138916,3.7331857681274414
22000,2,fcst,4.091559886932373,1.5984748601913452,0.8291015625,5.389348983764648,4.669290542602539
22000,0,enc,10.76711654663086,0.8480852842330933,0.262939453125,0.9873825907707214,1.4671962261199951
22000,1,enc,7.173719882965088,0.8389227390289307,0.2467041015625,1.6253973245620728,1.574365496635437
22000,2,enc,2.0644214153289795,1.1723129749298096,0.226806640625,1.447183609008789,1.3525499105453491
22200,0,enc,10.429765701293945,0.8009703755378723,0.348388671875,1.3474622964859009,1.644669771194458
22200,1,enc,7.578883171081543,0.8342254757881165,0.2900390625,1.629355549812317,1.7750561237335205
22200,2,enc,2.0395894050598145,1.254927158355713,0.501953125,1.6126327514648438,1.6825785636901855
22200,0,fcst,3.3983993530273438,0.8587591648101807,0.1424560546875,3.4457926750183105,3.2876439094543457
22200,1,fcst,5.389819622039795,1.637617588043213,0.447265625,3.4636688232421875,3.423046112060547
22200,2,fcst,3.9930028915405273,1.488450288772583,0.69921875,4.853043556213379,4.62341833114624
22200,0,enc,10.293895721435547,0.80522620677948,0.2384033203125,1.0557498931884766,1.357041358947754
22200,1,enc,7.630381107330322,0.9058346152305603,0.23779296875,1.4802191257476807,1.5686607360839844
22200,2,enc,2.0612006187438965,1.0484501123428345,0.208740234375,1.3859074115753174,1.1953575611114502
22400,0,enc,10.198731422424316,0.7712814211845398,0.389892578125,1.1540249586105347,1.4909887313842773
22400,1,enc,7.8674516677856445,0.8889493346214294,0.31201171875,1.5903528928756714,1.6510404348373413
22400,2,enc,2.0082080364227295,1.2443326711654663,0.40869140625,1.6397340297698975,1.8939520120620728
22400,0,fcst,3.4467976093292236,0.9198935031890869,0.1083984375,3.371448040008545,3.3050215244293213
22400,1,fcst,5.501925468444824,1.6087607145309448,0.54541015625,3.4274723529815674,3.322113513946533
22400,2,fcst,3.9747536182403564,1.5581419467926025,0.81591796875,4.616633415222168,4.327511310577393
22400,0,enc,9.846203804016113,0.7705897092819214,0.2410888671875,1.0547479391098022,1.2324931621551514
22400,1,enc,7.604295253753662,0.8925501704216003,0.304931640625,1.4304522275924683,1.6545586585998535
22400,2,enc,2.0498175621032715,1.0806660652160645,0.2286376953125,1.393232822418213,1.245989441871643
22600,0,enc,9.279751777648926,0.76628178358078,0.392822265625,1.0883734226226807,1.5008635520935059
22600,1,enc,7.998955726623535,0.7967433333396912,0.226806640625,1.540461778640747,1.9629064798355103
22600,2,enc,2.1081788539886475,1.2714505195617676,0.55322265625,1.7386493682861328,1.5429037809371948
22600,0,fcst,3.392853260040283,0.8607956767082214,0.16650390625,3.3087899684906006,3.365891695022583
22600,1,fcst,5.458533763885498,1.6107409000396729,0.51611328125,3.630361318588257,3.4621756076812744
22600,2,fcst,3.8680191040039062,1.5925227403640747,0.8017578125,4.285642623901367,4.377781867980957
22600,0,enc,9.623279571533203,0.7718915939331055,0.218505859375,0.9911642670631409,1.2693805694580078
22600,1,enc,7.840752124786377,0.8352066874504089,0.276611328125,1.4401012659072876,1.466652750968933
22600,2,enc,2.084296464920044,1.0125563144683838,0.205322265625,1.4001104831695557,1.2174410820007324
22800,0,enc,10.934367179870605,0.6934764385223389,0.331298828125,1.093925952911377,1.5693933963775635
22800,1,enc,8.435563087463379,0.8709859848022461,0.26220703125,1.5927937030792236,1.6550259590148926
22800,2,enc,2.049720525741577,1.1668623685836792,0.410888671875,1.6328195333480835,1.6069812774658203
22800,0,fcst,3.362307548522949,0.8238080739974976,0.1102294921875,3.0212135314941406,3.090420722961426
22800,1,fcst,5.426008224487305,1.6433912515640259,0.4267578125,3.1377882957458496,3.2211132049560547
22800,2,fcst,3.890186309814453,1.5852382183074951,0.755859375,4.421139717102051,4.2894744873046875
22800,0,enc,11.08324909210205,0.694302499294281,0.2313232421875,0.9809837937355042,1.3308453559875488
22800,1,enc,8.445488929748535,0.7649419903755188,0.2364501953125,1.5333722829818726,1.5500028133392334
22800,2,enc,2.0002880096435547,1.128564476966858,0.1668701171875,1.3431992530822754,1.3272385597229004
23000,0,enc,10.62736701965332,0.7520694136619568,0.30712890625,1.1595263481140137,1.4129254817962646
23000,1,enc,8.601349830627441,0.9332552552223206,0.260009765625,1.6238508224487305,1.6349363327026367
23000,2,enc,2.1055052280426025,1.1686043739318848,0.392822265625,1.66232430934906,1.7683520317077637
23000,0,fcst,3.4452030658721924,0.8408471345901489,0.10821533203125,3.0364508628845215,3.137497901916504
23000,1,fcst,5.4134297370910645,1.6798077821731567,0.47900390625,3.1353559494018555,3.0274085998535156
23000,2,fcst,3.9330055713653564,1.565274953842163,0.806640625,4.437094688415527,4.446500301361084
23000,0,enc,10.750033378601074,0.7537626028060913,0.2135009765625,0.982425332069397,1.208014726638794
23000,1,enc,8.510416030883789,0.9114481210708618,0.2294921875,1.30552339553833,1.453692078590393
23000,2,enc,2.0722594261169434,1.122140884399414,0.168701171875,1.412535309791565,1.271788239479065
23200,0,enc,10.350491523742676,0.7486943006515503,0.2822265625,1.0957305431365967,1.3952600955963135
23200,1,enc,9.052205085754395,0.9222928285598755,0.257568359375,1.6600550413131714,1.6013517379760742
23200,2,enc,2.090100049972534,1.195812463760376,0.4169921875,1.610072135925293,1.6904891729354858
23200,0,fcst,3.3622515201568604,0.873299777507782,0.1104736328125,3.478264093399048,3.468405246734619
23200,1,fcst,5.367188453674316,1.5882841348648071,0.433837890625,3.238072633743286,3.1961617469787598
23200,2,fcst,3.9140665531158447,1.5577476024627686,0.68505859375,4.338360786437988,4.319044589996338
23200,0,enc,10.515088081359863,0.7376078963279724,0.17626953125,0.9701923131942749,1.1207246780395508
23200,1,enc,8.937743186950684,0.9016640186309814,0.24365234375,1.331217885017395,1.6640862226486206
23200,2,enc,2.0818560123443604,1.1261969804763794,0.195068359375,1.4484407901763916,1.2836809158325195
23400,0,enc,10.948502540588379,0.7270093560218811,0.322509765625,1.1521638631820679,1.4239591360092163
23400,1,enc,9.60940170288086,0.7667292952537537,0.270751953125,1.492464542388916,1.7766096591949463
23400,2,enc,2.0709705352783203,1.210287094116211,0.509765625,1.7766096591949463,1.5892995595932007
23400,0,fcst,3.3812267780303955,0.8640027046203613,0.1361083984375,3.4355690479278564,3.396303176879883
23400,1,fcst,5.329018592834473,1.500529408454895,0.442626953125,3.406578302383423,3.385521173477173
23400,2,fcst,3.9388175010681152,1.5441257953643799,0.82177734375,4.465599060058594,4.48928689956665
23400,0,enc,10.953254699707031,0.7215309739112854,0.18017578125,1.1482189893722534,1.21445894241333
23400,1,enc,9.473119735717773,0.7588887810707092,0.2186279296875,1.350712537765503,1.3956117630004883
23400,2,enc,2.1673262119293213,1.0105063915252686,0.1990966796875,1.2537527084350586,1.3694299459457397
23600,0,enc,10.442574501037598,0.7111334204673767,0.294921875,1.1140952110290527,1.5725370645523071
23600,1,enc,9.717952728271484,0.6881788372993469,0.237548828125,1.597162127494812,2.128866672515869
23600,2,enc,2.0784242153167725,1.225395917892456,0.44482421875,2.0303330421447754,1.8214571475982666
23600,0,fcst,3.42496919631958,0.947009801864624,0.10986328125,2.9700236320495605,3.0498440265655518
23600,1,fcst,5.284211158752441,1.5065327882766724,0.4189453125,3.376032829284668,3.482234001159668
23600,2,fcst,3.962620258331299,1.3511120080947876,0.697265625,4.897192001342773,4.634893894195557
23600,0,enc,10.465529441833496,0.723140299320221,0.1737060546875,1.0331957340240479,1.0542606115341187
23600,1,enc,9.77791690826416,0.6929981708526611,0.252685546875,1.1785035133361816,1.7543318271636963
23600,2,enc,2.0596420764923096,0.9831936955451965,0.190185546875,1.6642181873321533,1.4881927967071533
23800,0,enc,9.651195526123047,0.6455175876617432,0.320068359375,1.1280378103256226,1.4311121702194214
23800,1,enc,9.779094696044922,0.6555790305137634,0.192626953125,1.4829869270324707,1.9650375843048096
23800,2,enc,2.014493703842163,1.1461836099624634,0.4619140625,1.820829153060913,1.6859090328216553
23800,0,fcst,3.4565751552581787,0.9347614645957947,0.1285400390625,3.5521950721740723,3.6910839080810547
23800,1,fcst,5.325862884521484,1.4018754959106445,0.453857421875,3.5885486602783203,3.671311616897583
23800,2,fcst,4.035167694091797,1.4512923955917358,0.66064453125,4.414175510406494,4.526939392089844
23800,0,enc,10.379144668579102,0.650363028049469,0.16357421875,1.029017686843872,1.2549517154693604
23800,1,enc,9.793290138244629,0.6823294162750244,0.168701171875,1.4123685359954834,1.7467176914215088
23800,2,enc,2.0714869499206543,1.0067676305770874,0.204833984375,1.6133087873458862,1.5115631818771362
24000,0,enc,9.899648666381836,0.6599342823028564,0.303466796875,1.298506736755371,1.3202165365219116
24000,1,enc,9.844058990478516,0.7119407057762146,0.2371826171875,1.612807035446167,1.9515199661254883
24000,2,enc,2.029237747192383,1.1323390007019043,0.49560546875,1.8248729705810547,1.5956919193267822
24000,0,fcst,3.3864192962646484,0.9484804272651672,0.11151123046875,3.585007905960083,3.585007905960083
24000,1,fcst,5.287071704864502,1.4430131912231445,0.382080078125,3.3790080547332764,3.4123048782348633
24000,2,fcst,3.95660138130188,1.431191325187683,0.642578125,4.538797855377197,4.830410480499268
24000,0,enc,9.394424438476562,0.6752797365188599,0.183349609375,0.93431156873703,1.0436031818389893
24000,1,enc,9.65081787109375,0.7270833253860474,0.22900390625,1.3183934688568115,1.6644511222839355
24000,2,enc,2.068598747253418,1.025901198387146,0.262451171875,1.499511480331421,1.356567144393921
24200,0,enc,9.850081443786621,0.7100666165351868,0.254638671875,1.29269278049469,1.4907783269882202
24200,1,enc,10.089804649353027,0.6686127781867981,0.2044677734375,1.530596375465393,1.7222955226898193
24200,2,enc,2.126830816268921,1.366897702217102,0.428955078125,1.6046652793884277,1.5108349323272705
24200,0,fcst,3.253197431564331,0.9834421873092651,0.12841796875,3.3495841026306152,3.3149454593658447
24200,1,fcst,5.272624969482422,1.3941651582717896,0.325439453125,3.351412773132324,3.4934990406036377
24200,2,fcst,3.924107789993286,1.37857985496521,0.662109375,4.5964250564575195,4.650664806365967
24200,0,enc,10.042024612426758,0.7037020921707153,0.1412353515625,1.311769962310791,1.2965798377990723
24200,1,enc,10.02430248260498,0.6647958755493164,0.1893310546875,1.2956902980804443,1.5382606983184814
24200,2,enc,2.1099119186401367,1.1804414987564087,0.2705078125,1.419754981994629,1.3355541229248047
24400,0,enc,10.567229270935059,0.671790599822998,0.26025390625,1.1395117044448853,1.1485153436660767
24400,1,enc,10.191510200500488,0.6776110529899597,0.27099609375,1.3038870096206665,1.6654635667800903
24400,2,enc,2.054596185684204,1.1001969575881958,0.442626953125,1.6181265115737915,1.5954798460006714
24400,0,fcst,3.3584277629852295,0.9669047594070435,0.11309814453125,3.496936321258545,3.4993057250976562
24400,1,fcst,5.202263832092285,1.4154467582702637,0.317138671875,3.23294997215271,3.3862035274505615
24400,2,fcst,4.032350063323975,1.4480515718460083,0.67333984375,4.76300048828125,4.76300048828125
24400,0,enc,10.672600746154785,0.6697965860366821,0.150634765625,1.145056128501892,1.1248382329940796
24400,1,enc,10.162765502929688,0.651063084602356,0.1849365234375,1.3034560680389404,1.4625134468078613
24400,2,enc,2.1091275215148926,0.9842013120651245,0.2335205078125,1.479950189590454,1.321798324584961
24600,0,enc,9.516444206237793,0.6113875508308411,0.2900390625,1.108574390411377,1.3061819076538086
24600,1,enc,10.361701011657715,0.7202178239822388,0.2496337890625,1.342212438583374,1.997174859046936
24600,2,enc,2.1051273345947266,1.1090915203094482,0.4052734375,1.869232416152954,1.745331048965454
24600,0,fcst,3.4201338291168213,1.0181999206542969,0.1282958984375,3.7571775913238525,3.6923108100891113
24600,1,fcst,5.18984842300415,1.4962550401687622,0.365966796875,3.6695830821990967,3.679730176925659
24600,2,fcst,4.01813268661499,1.36641263961792,0.61962890625,4.8718767166137695,4.719607353210449
24600,0,enc,10.360738754272461,0.6290761232376099,0.1993408203125,1.1051316261291504,1.1860604286193848
24600,1,enc,10.413602828979492,0.6694750189781189,0.226318359375,1.207291603088379,1.4829365015029907
24600,2,enc,2.0289998054504395,1.0065727233886719,0.2459716796875,1.5426890850067139,1.2055823802947998
24800,0,enc,10.431037902832031,0.682727575302124,0.2919921875,1.520469069480896,1.5114833116531372
24800,1,enc,10.443704605102539,0.7609497308731079,0.20068359375,1.5393165349960327,1.9413737058639526
24800,2,enc,2.0767288208007812,1.1464372873306274,0.43408203125,1.7918974161148071,1.639716386795044
24800,0,fcst,3.434215545654297,1.0174697637557983,0.104248046875,3.033982276916504,3.0577011108398438
24800,1,fcst,5.168801307678223,1.4349942207336426,0.36083984375,3.192011594772339,3.5114033222198486
24800,2,fcst,4.046020030975342,1.347227692604065,0.67236328125,4.5853753089904785,4.5853753089904785
24800,0,enc,9.45789909362793,0.6778055429458618,0.1669921875,1.5010676383972168,1.5072033405303955
24800,1,enc,10.260615348815918,0.781651496887207,0.163818359375,1.501856803894043,1.584254264831543
24800,2,enc,2.0837345123291016,1.195780873298645,0.300537109375,1.5793451070785522,1.5780214071273804
25000,0,enc,10.545156478881836,0.6695063710212708,0.30810546875,1.0828280448913574,1.3357737064361572
25000,1,enc,10.389287948608398,0.7649071216583252,0.259521484375,1.5333402156829834,1.916184663772583
25000,2,enc,2.091660976409912,1.0929949283599854,0.478759765625,1.7703897953033447,1.6171941757202148
25000,0,fcst,3.3646183013916016,1.008493423461914,0.1075439453125,3.352847099304199,3.486717462539673
25000,1,fcst,5.133826732635498,1.3489855527877808,0.33544921875,3.4607932567596436,3.523082971572876
25000,2,fcst,4.074222087860107,1.402510404586792,0.6435546875,4.645001411437988,4.591494083404541
25000,0,enc,10.128300666809082,0.6632418632507324,0.1773681640625,1.0123921632766724,1.1243329048156738
25000,1,enc,10.443609237670898,0.7537434697151184,0.2403564453125,1.2888569831848145,2.1453349590301514
25000,2,enc,2.0482006072998047,0.9906452894210815,0.203125,1.9985790252685547,1.8503856658935547
25200,0,enc,10.023470878601074,0.7246726751327515,0.267333984375,1.169570803642273,1.2760093212127686
25200,1,enc,10.086175918579102,0.7447293400764465,0.2220458984375,1.5370570421218872,1.8976887464523315
25200,2,enc,2.0403952598571777,1.1553285121917725,0.485107421875,1.669891595840454,1.5953149795532227
25200,0,fcst,3.5061066150665283,1.0418425798416138,0.10784912109375,3.3617360591888428,3.3469433784484863
25200,1,fcst,5.204326629638672,1.34281587600708,0.421142578125,3.3928983211517334,3.251293659210205
25200,2,fcst,4.084613800048828,1.3028472661972046,0.61083984375,4.442129135131836,4.442129135131836
25200,0,enc,10.070587158203125,0.7395913004875183,0.1571044921875,1.0072450637817383,1.1963796615600586
25200,1,enc,10.033462524414062,0.7299988269805908,0.2008056640625,1.3213633298873901,1.546411156654358
25200,2,enc,2.097620725631714,1.1017001867294312,0.26416015625,1.4066028594970703,1.2659778594970703
25400,0,enc,9.220253944396973,0.7043904662132263,0.269775390625,0.970996618270874,1.3202741146087646
25400,1,enc,10.037734985351562,0.6884576082229614,0.22314453125,1.3156293630599976,1.9345552921295166
25400,2,enc,2.1047797203063965,1.0661808252334595,0.6416015625,1.763012170791626,1.6292095184326172
25400,0,fcst,3.4121198654174805,1.0663853883743286,0.119384765625,3.3959290981292725,3.37876296043396
25400,1,fcst,5.151363372802734,1.4547393321990967,0.316650390625,3.4964160919189453,3.3517587184906006
25400,2,fcst,4.074166774749756,1.314510703086853,0.62109375,4.433534622192383,4.271444797515869
25400,0,enc,10.133965492248535,0.699458658695221,0.12890625,0.9201487898826599,1.105074167251587
25400,1,enc,9.986623764038086,0.6468526124954224,0.253662109375,1.094386339187622,1.566320538520813
25400,2,enc,2.1757936477661133,0.8836199641227722,0.241455078125,1.4327342510223389,1.26763916015625
25600,0,enc,10.168431282043457,0.6071089506149292,0.27880859375,1.182081937789917,1.2182401418685913
25600,1,enc,10.034220695495605,0.5728965401649475,0.275390625,1.5204318761825562,1.8949495553970337
25600,2,enc,2.1524672508239746,1.0239856243133545,0.39501953125,1.7485767602920532,1.5843243598937988
25600,0,fcst,3.482210397720337,0.9943684339523315,0.1009521484375,3.286099672317505,3.2379496097564697
25600,1,fcst,5.227998733520508,1.290135383605957,0.343994140625,3.4102487564086914,3.3638620376586914
25600,2,fcst,4.170076847076416,1.301378846168518,0.60693359375,4.31608772277832,4.251148223876953
25600,0,enc,10.236286163330078,0.6173898577690125,0.179443359375,0.9541616439819336,1.067871332168579
25600,1,enc,9.985467910766602,0.5460052490234375,0.271728515625,1.3567813634872437,1.6672766208648682
25600,2,enc,2.20135760307312,1.013910174369812,0.15087890625,1.4577727317810059,1.394934892654419
25800,0,enc,9.69347095489502,0.5824313163757324,0.25439453125,1.1932199001312256,1.2483315467834473
25800,1,enc,10.188438415527344,0.6807501316070557,0.24609375,1.3187297582626343,1.7189600467681885
25800,2,enc,2.0566203594207764,1.0408146381378174,0.302734375,1.8087196350097656,1.5436707735061646
25800,0,fcst,3.4243667125701904,1.0607616901397705,0.103515625,2.9906983375549316,3.087402105331421
25800,1,fcst,5.223391056060791,1.3655184507369995,0.339599609375,3.061295747756958,3.1690566539764404
25800,2,fcst,4.1602396965026855,1.3217190504074097,0.615234375,4.070763111114502,4.4149885177612305
25800,0,enc,9.522184371948242,0.579634964466095,0.128173828125,1.005296230316162,1.0387146472930908
25800,1,enc,10.094823837280273,0.5543017387390137,0.224365234375,1.1933948993682861,1.6942991018295288
25800,2,enc,2.087998390197754,0.8489601612091064,0.164306640625,1.5508198738098145,1.4082417488098145
26000,0,enc,9.74730110168457,0.5359851717948914,0.273193359375,1.0082703828811646,1.15334951877594
26000,1,enc,10.101483345031738,0.6231727600097656,0.21875,1.3793543577194214,1.6688579320907593
26000,2,enc,2.1246862411499023,1.018105387687683,0.302001953125,1.540398359298706,1.5447884798049927
26000,0,fcst,3.5077154636383057,0.9923509955406189,0.110595703125,3.113884449005127,3.182842254638672
26000,1,fcst,5.206721305847168,1.248201847076416,0.31298828125,3.222325325012207,3.197312593460083
26000,2,fcst,4.111323833465576,1.3084684610366821,0.6005859375,4.405177593231201,4.338988304138184
26000,0,enc,9.945300102233887,0.5406096577644348,0.13525390625,0.8437016010284424,0.9974579811096191
26000,1,enc,10.006098747253418,0.6015342473983765,0.2117919921875,1.2763196229934692,1.6056592464447021
26000,2,enc,2.119706630706787,0.9392475485801697,0.159912109375,1.326439380645752,1.175072193145752
26200,0,enc,10.278409957885742,0.49281561374664307,0.261962890625,1.1458492279052734,1.3639838695526123
26200,1,enc,9.933669090270996,0.5554892420768738,0.2308349609375,1.5234534740447998,1.7241066694259644
26200,2,enc,2.1260921955108643,1.0853286981582642,0.29052734375,1.5797877311706543,1.4381861686706543
26200,0,fcst,3.490083694458008,1.0138397216796875,0.10546875,3.1342058181762695,3.1342058181762695
26200,1,fcst,5.22509765625,1.3293524980545044,0.324951171875,3.21541166305542,3.43513822555542
26200,2,fcst,4.127858638763428,1.2641962766647339,0.5908203125,4.631288528442383,4.631288528442383
26200,0,enc,9.718629837036133,0.5029391646385193,0.1202392578125,1.0569061040878296,1.0829496383666992
26200,1,enc,9.934335708618164,0.536580502986908,0.2283935546875,1.264042854309082,1.5665587186813354
26200,2,enc,2.201066017150879,0.9655723571777344,0.1656494140625,1.4707226753234863,1.286133050918579
26400,0,enc,10.456891059875488,0.5608617663383484,0.278076171875,1.1248857975006104,1.1857852935791016
26400,1,enc,10.217469215393066,0.5668062567710876,0.213134765625,1.4068052768707275,1.560495138168335
26400,2,enc,2.22320294380188,1.0124882459640503,0.323486328125,1.4247872829437256,1.4594333171844482
26400,0,fcst,3.544663429260254,0.9878482818603516,0.11688232421875,3.532475233078003,3.6474926471710205
26400,1,fcst,5.18513822555542,1.2737386226654053,0.264892578125,3.6390297412872314,3.6956229209899902
26400,2,fcst,4.048580169677734,1.3201255798339844,0.646484375,4.440506935119629,4.359581470489502
26400,0,enc,10.473241806030273,0.5483725070953369,0.117431640625,1.0161893367767334,0.9924314022064209
26400,1,enc,10.095541000366211,0.5127468109130859,0.2197265625,1.187672734260559,1.3667529821395874
26400,2,enc,2.215897560119629,0.9028155207633972,0.1729736328125,1.2275516986846924,1.1417170763015747
26600,0,enc,9.741619110107422,0.5612759590148926,0.26171875,1.0048872232437134,1.4737987518310547
26600,1,enc,10.03988265991211,0.5650551319122314,0.216552734375,1.5127029418945312,1.9477825164794922
26600,2,enc,2.2622103691101074,0.9905045628547668,0.384521484375,1.7569537162780762,1.7569537162780762
26600,0,fcst,3.5438711643218994,1.0560588836669922,0.1123046875,3.2448363304138184,3.2448363304138184
26600,1,fcst,5.233015537261963,1.2476184368133545,0.364501953125,3.212735176086426,3.268005847930908
26600,2,fcst,4.114214897155762,1.2520272731781006,0.6103515625,4.407570838928223,4.254892826080322
26600,0,enc,9.92956829071045,0.5551335215568542,0.153076171875,0.942464292049408,1.2707582712173462
26600,1,enc,9.96933650970459,0.4971694350242615,0.255859375,1.1939053535461426,1.5494418144226074
26600,2,enc,2.2785017490386963,0.8075078129768372,0.148193359375,1.6563289165496826,1.2493735551834106
26800,0,enc,9.187299728393555,0.4981282353401184,0.25341796875,0.9182947874069214,1.3780230283737183
26800,1,enc,9.68968677520752,0.6495955586433411,0.1905517578125,1.6625525951385498,1.6091398000717163
26800,2,enc,2.213348865509033,0.958643913269043,0.303955078125,1.7675080299377441,1.4479663372039795
26800,0,fcst,3.5762319564819336,1.0228811502456665,0.10174560546875,2.8156015872955322,2.825697898864746
26800,1,fcst,5.161279201507568,1.3776612281799316,0.322509765625,3.2918200492858887,3.537724018096924
26800,2,fcst,4.117934226989746,1.2001627683639526,0.60693359375,4.617615699768066,4.457703590393066
26800,0,enc,9.714986801147461,0.5056750774383545,0.143310546875,0.8513641357421875,1.1294310092926025
26800,1,enc,9.699053764343262,0.6078804135322571,0.2088623046875,1.433497428894043,1.3712968826293945
26800,2,enc,2.243401288986206,0.8991385102272034,0.1436767578125,1.2912946939468384,1.061798095703125
27000,0,enc,9.690919876098633,0.5746832489967346,0.26171875,0.9818823933601379,1.167350172996521
27000,1,enc,9.435794830322266,0.5291654467582703,0.2154541015625,1.306321382522583,1.9232269525527954
27000,2,enc,2.2584617137908936,1.1341683864593506,0.317626953125,1.9232269525527954,1.6851898431777954
27000,0,fcst,3.6087398529052734,1.0510097742080688,0.10357666015625,3.2730236053466797,3.29172420501709
27000,1,fcst,5.1882123947143555,1.2530040740966797,0.301025390625,3.2221312522888184,3.2940170764923096
27000,2,fcst,4.224900722503662,1.3025070428848267,0.6435546875,4.2895965576171875,4.1646318435668945
27000,0,enc,9.872796058654785,0.5741820931434631,0.1414794921875,1.001929759979248,1.0074882507324219
27000,1,enc,9.443961143493652,0.4911685585975647,0.21240234375,1.145049810409546,1.3858002424240112
27000,2,enc,2.3425252437591553,0.9522093534469604,0.136474609375,1.2629350423812866,1.086430311203003
27200,0,enc,9.760250091552734,0.5753647685050964,0.277099609375,1.0216867923736572,1.2937856912612915
27200,1,enc,9.453094482421875,0.502204179763794,0.1859130859375,1.4094996452331543,1.7237379550933838
27200,2,enc,2.2538251876831055,1.0089317560195923,0.365966796875,1.6233916282653809,1.6291899681091309
27200,0,fcst,3.544973373413086,1.0250375270843506,0.1192626953125,3.50283145904541,3.463904619216919
27200,1,fcst,5.141286849975586,1.3031800985336304,0.29248046875,3.4740500450134277,3.844554901123047
27200,2,fcst,4.0584845542907715,1.2226359844207764,0.64111328125,4.898240089416504,4.898240089416504
27200,0,enc,9.48331356048584,0.5833290219306946,0.1187744140625,0.901967465877533,1.071457862854004
27200,1,enc,9.29373550415039,0.49467965960502625,0.2125244140625,1.3333102464675903,1.385176181793213
27200,2,enc,2.297085762023926,0.9301915764808655,0.155517578125,1.1569817066192627,1.197770595550537
27400,0,enc,9.553879737854004,0.43503180146217346,0.2425537109375,0.9152818918228149,1.079237937927246
27400,1,enc,9.27524471282959,0.5643536448478699,0.1995849609375,1.3984949588775635,1.8175976276397705
27400,2,enc,2.2722134590148926,1.0731767416000366,0.329345703125,1.6488844156265259,1.5024000406265259
27400,0,fcst,3.5205180644989014,1.0230761766433716,0.096923828125,2.899733543395996,2.9622511863708496
27400,1,fcst,5.0991902351379395,1.3055682182312012,0.2734375,3.2637901306152344,3.6152098178863525
27400,2,fcst,4.108875751495361,1.1848214864730835,0.61181640625,4.66945743560791,4.467706680297852
27400,0,enc,9.602852821350098,0.445887953042984,0.1556396484375,0.8174886107444763,0.9612900614738464
27400,1,enc,9.220839500427246,0.4765045940876007,0.1983642578125,1.1227186918258667,1.4938945770263672
27400,2,enc,2.312927007675171,0.8632621169090271,0.1317138671875,1.341605305671692,1.1720751523971558
27600,0,enc,9.891003608703613,0.4507048428058624,0.236572265625,0.9040172100067139,1.1938517093658447
27600,1,enc,9.269135475158691,0.4738123416900635,0.1876220703125,1.262834906578064,1.6473249197006226
27600,2,enc,2.201026678085327,1.0265252590179443,0.3720703125,1.467803955078125,1.4112752676010132
27600,0,fcst,3.5752854347229004,0.9708980917930603,0.109619140625,2.940108060836792,2.940108060836792
27600,1,fcst,5.186877250671387,1.288535714149475,0.283447265625,3.2606706619262695,3.7764840126037598
27600,2,fcst,4.083517074584961,1.1834723949432373,0.5810546875,4.780045509338379,4.344932556152344
27600,0,enc,9.997795104980469,0.46073228120803833,0.1234130859375,0.8837257623672485,1.0786023139953613
27600,1,enc,9.236526489257812,0.4661146402359009,0.20947265625,1.2367889881134033,1.3090615272521973
27600,2,enc,2.2224371433258057,0.9008827805519104,0.1478271484375,1.1827934980392456,1.0935600996017456
27800,0,enc,9.494068145751953,0.48490315675735474,0.238037109375,1.0005258321762085,1.2218542098999023
27800,1,enc,9.172831535339355,0.5611258745193481,0.218017578125,1.3009811639785767,1.7969067096710205
27800,2,enc,2.215852737426758,0.9565789103507996,0.296630859375,1.4524213075637817,1.3488266468048096
27800,0,fcst,3.5362770557403564,0.9992271661758423,0.10406494140625,3.125865936279297,3.190563201904297
27800,1,fcst,5.2333984375,1.2670276165008545,0.267578125,3.2379257678985596,3.544729232788086
27800,2,fcst,4.1530442237854,1.1240975856781006,0.66552734375,4.530182838439941,4.2973785400390625
27800,0,enc,9.355958938598633,0.48223134875297546,0.13818359375,0.8972888588905334,1.0715947151184082
27800,1,enc,9.116690635681152,0.5122003555297852,0.245849609375,1.1678634881973267,1.5084738731384277
27800,2,enc,2.2201175689697266,0.8334258794784546,0.1312255859375,1.3953880071640015,1.0604884624481201
28000,0,enc,9.452099800109863,0.4966755211353302,0.1881103515625,0.9217612743377686,1.2338353395462036
28000,1,enc,9.243212699890137,0.4133162498474121,0.218505859375,1.3398160934448242,1.8853347301483154
28000,2,enc,2.304838180541992,0.9742861986160278,0.252197265625,1.7666633129119873,1.549513816833496
28000,0,fcst,3.5848398208618164,0.9632418751716614,0.08270263671875,2.94244647026062,2.9303665161132812
28000,1,fcst,5.224730491638184,1.3040437698364258,0.257568359375,3.2753400802612305,3.4383716583251953
28000,2,fcst,4.1019158363342285,1.1857481002807617,0.63427734375,4.600048065185547,4.600048065185547
28000,0,enc,9.580552101135254,0.5009996294975281,0.10546875,0.8219831585884094,0.9179397821426392
28000,1,enc,9.235629081726074,0.40852412581443787,0.1768798828125,1.070400357246399,1.3948438167572021
28000,2,enc,2.3018596172332764,0.8277750015258789,0.161865234375,1.30556321144104,1.0887020826339722
28200,0,enc,9.378376007080078,0.49818676710128784,0.1817626953125,0.9816975593566895,1.101897954940796
28200,1,enc,9.142882347106934,0.39269280433654785,0.2147216796875,1.2322402000427246,1.5432374477386475
28200,2,enc,2.3281590938568115,0.9440837502479553,0.26318359375,1.3911194801330566,1.291701316833496
28200,0,fcst,3.58962345123291,0.9524219632148743,0.09808349609375,2.914390802383423,2.8990302085876465
28200,1,fcst,5.24559211730957,1.2172131538391113,0.2978515625,2.996861696243286,3.1163909435272217
28200,2,fcst,4.190210819244385,1.1334556341171265,0.52978515625,3.9766807556152344,4.002442836761475
28200,0,enc,9.673821449279785,0.5051943063735962,0.1328125,0.7903712391853333,1.1716091632843018
28200,1,enc,9.233794212341309,0.3677375912666321,0.190673828125,1.2735118865966797,1.4364936351776123
28200,2,enc,2.3410115242004395,0.7882533073425293,0.1260986328125,1.2956115007400513,0.9920153617858887
28400,0,enc,9.191880226135254,0.5104907751083374,0.213134765625,0.940865695476532,1.33674955368042
28400,1,enc,9.102813720703125,0.45401743054389954,0.2198486328125,1.3893877267837524,1.5465655326843262
28400,2,enc,2.298342704772949,0.8863118886947632,0.326416015625,1.4533634185791016,1.3603997230529785
28400,0,fcst,3.6179420948028564,0.9613555669784546,0.092041015625,3.306539297103882,3.3208911418914795
28400,1,fcst,5.178218364715576,1.2444984912872314,0.257568359375,3.1899495124816895,3.203380584716797
28400,2,fcst,4.123942852020264,1.0816137790679932,0.52197265625,4.204535484313965,4.086917400360107
28400,0,enc,9.460420608520508,0.515897810459137,0.1094970703125,0.8674973845481873,1.202364444732666
28400,1,enc,9.119513511657715,0.3950481414794922,0.1781005859375,1.363272786140442,1.5720531940460205
28400,2,enc,2.3285672664642334,0.8159523606300354,0.1143798828125,1.400495171546936,1.0769803524017334
28600,0,enc,9.569884300231934,0.4733986556529999,0.209228515625,0.9742698669433594,1.4623322486877441
28600,1,enc,8.973466873168945,0.5204300284385681,0.1971435546875,1.4386675357818604,1.6398193836212158
28600,2,enc,2.303192138671875,0.8712312579154968,0.3271484375,1.5782456398010254,1.5028278827667236
28600,0,fcst,3.6409428119659424,0.9612727165222168,0.10186767578125,2.9840574264526367,2.906581401824951
28600,1,fcst,5.2208709716796875,1.1727824211120605,0.259033203125,3.414681911468506,3.414681911468506
28600,2,fcst,4.149022579193115,1.0757808685302734,0.62158203125,4.496608257293701,4.281891822814941
28600,0,enc,9.151731491088867,0.47222235798835754,0.129150390625,0.9225108623504639,1.22085702419281
28600,1,enc,9.001983642578125,0.44998160004615784,0.174072265625,1.401213526725769,1.4662888050079346
28600,2,enc,2.3794827461242676,0.8167402744293213,0.1314697265625,1.4178394079208374,1.1130468845367432
28800,0,enc,9.857110977172852,0.4682750701904297,0.1798095703125,1.0137977600097656,1.422240138053894
28800,1,enc,9.156360626220703,0.4028347432613373,0.187744140625,1.6556105613708496,1.9342372417449951
28800,2,enc,2.3720645904541016,0.9062321186065674,0.259765625,1.7284483909606934,1.418574333190918
28800,0,fcst,3.6016886234283447,0.9458752870559692,0.09130859375,3.0826869010925293,3.1275477409362793
28800,1,fcst,5.186473846435547,1.2163292169570923,0.28076171875,3.241692304611206,3.262333631515503
28800,2,fcst,4.169503211975098,1.1095954179763794,0.56787109375,4.329022407531738,3.9743006229400635
28800,0,enc,10.062569618225098,0.47002848982810974,0.12200927734375,0.9460181593894958,1.3891112804412842
28800,1,enc,9.128803253173828,0.39577531814575195,0.178955078125,1.3277628421783447,1.3517347574234009
28800,2,enc,2.368896961212158,0.7935672402381897,0.1541748046875,1.3492308855056763,1.0780972242355347
29000,0,enc,9.541304588317871,0.4582696557044983,0.1810302734375,1.0548003911972046,1.568123459815979
29000,1,enc,8.875311851501465,0.4150497317314148,0.188720703125,1.4437568187713623,1.818260669708252
29000,2,enc,2.3182177543640137,0.9186711311340332,0.265869140625,1.6447288990020752,1.5608677864074707
29000,0,fcst,3.5578389167785645,0.9045988321304321,0.09735107421875,3.250751495361328,3.2763354778289795
29000,1,fcst,5.233676433563232,1.2086288928985596,0.273681640625,3.255314350128174,3.2282891273498535
29000,2,fcst,4.14743709564209,1.0730901956558228,0.576171875,4.3741607666015625,4.26151704788208
29000,0,enc,9.90425968170166,0.46455520391464233,0.10528564453125,0.9659586548805237,1.3971617221832275
29000,1,enc,8.885058403015137,0.40431106090545654,0.1453857421875,1.3308939933776855,1.4390060901641846
29000,2,enc,2.2947113513946533,0.8164321780204773,0.1273193359375,1.4776051044464111,1.1641813516616821
29200,0,enc,9.67573070526123,0.46202221512794495,0.21484375,0.9984967708587646,1.8081928491592407
29200,1,enc,8.906147956848145,0.4034270942211151,0.1656494140625,1.8081928491592407,1.4646618366241455
29200,2,enc,2.353653907775879,0.8016743659973145,0.2939453125,1.4267786741256714,1.343658685684204
29200,0,fcst,3.648097515106201,0.9418172240257263,0.11181640625,3.2652230262756348,3.2615270614624023
29200,1,fcst,5.24534797668457,1.1681675910949707,0.23828125,3.0618338584899902,3.554870128631592
29200,2,fcst,4.220333576202393,1.1248975992202759,0.53662109375,4.372845649719238,4.6626081466674805
29200,0,enc,9.724961280822754,0.46849459409713745,0.12103271484375,0.9670678377151489,1.4046591520309448
29200,1,enc,8.827882766723633,0.3533911406993866,0.11572265625,1.3546934127807617,1.3351069688796997
29200,2,enc,2.321509599685669,0.7733193635940552,0.1331787109375,1.341693639755249,1.1033309698104858
29400,0,enc,9.05369758605957,0.4477776885032654,0.2003173828125,1.133852481842041,1.5727967023849487
29400,1,enc,8.90949821472168,0.41131070256233215,0.1868896484375,1.5508270263671875,1.6714353561401367
29400,2,enc,2.347480058670044,0.8466701507568359,0.25341796875,1.8877942562103271,1.4334213733673096
29400,0,fcst,3.5676445960998535,0.9101498126983643,0.08782958984375,3.0544281005859375,2.9675984382629395
29400,1,fcst,5.231832504272461,1.176387071609497,0.302978515625,2.977997064590454,3.423921823501587
29400,2,fcst,4.1571526527404785,1.0566024780273438,0.60498046875,4.36724328994751,4.334851264953613
29400,0,enc,8.805160522460938,0.44377952814102173,0.13232421875,1.006119966506958,1.5616652965545654
29400,1,enc,8.883970260620117,0.3881480097770691,0.1171875,1.5479960441589355,1.38599693775177
29400,2,enc,2.3477091789245605,0.7429400682449341,0.146484375,1.4731167554855347,1.00135338306427
29600,0,enc,9.03437328338623,0.49187949299812317,0.167724609375,1.044286847114563,1.6253830194473267
29600,1,enc,8.728267669677734,0.4387546479701996,0.1871337890625,1.5657877922058105,1.741995096206665
29600,2,enc,2.345001697540283,0.9232624769210815,0.275390625,1.8943357467651367,1.376737117767334
29600,0,fcst,3.645263910293579,0.8594242334365845,0.080322265625,3.1230483055114746,3.1738431453704834
29600,1,fcst,5.285573959350586,1.156225562095642,0.25146484375,3.140286445617676,3.3980050086975098
29600,2,fcst,4.200130462646484,1.0547856092453003,0.5283203125,4.256203651428223,4.167764663696289
29600,0,enc,8.555459022521973,0.49124255776405334,0.0994873046875,0.9914891719818115,1.4091342687606812
29600,1,enc,8.67349624633789,0.3508615791797638,0.1546630859375,1.3590503931045532,1.4565019607543945
29600,2,enc,2.3230645656585693,0.7698445916175842,0.1722412109375,1.3502103090286255,1.1045531034469604
29800,0,enc,9.282989501953125,0.4643325209617615,0.1593017578125,1.0795347690582275,1.6743243932724
29800,1,enc,8.676736831665039,0.4273824393749237,0.236083984375,1.5924891233444214,1.5924891233444214
29800,2,enc,2.390184164047241,0.9003678560256958,0.23046875,1.4323599338531494,1.4792122840881348
29800,0,fcst,3.665863037109375,0.8655526638031006,0.08538818359375,2.920541524887085,3.034555196762085
29800,1,fcst,5.2929253578186035,1.1688836812973022,0.259765625,3.318767547607422,3.3745129108428955
29800,2,fcst,4.162802219390869,1.0821887254714966,0.497802734375,4.2819976806640625,4.114416599273682
29800,0,enc,9.433810234069824,0.4674983620643616,0.11126708984375,0.8608751893043518,1.5458500385284424
29800,1,enc,8.5751314163208,0.3918047547340393,0.1904296875,1.4505090713500977,1.3480017185211182
29800,2,enc,2.393613338470459,0.8070952296257019,0.1444091796875,1.3296997547149658,1.068143606185913
30000,0,enc,9.801756858825684,0.47725188732147217,0.21240234375,1.1940361261367798,1.9126601219177246
30000,1,enc,8.554024696350098,0.45020368695259094,0.2371826171875,1.7714881896972656,1.5351803302764893
30000,2,enc,2.36720609664917,0.7978360652923584,0.2200927734375,1.4313851594924927,1.3987866640090942
30000,0,fcst,3.6997323036193848,0.8474797010421753,0.08978271484375,3.277276039123535,3.314202308654785
30000,1,fcst,5.357272624969482,1.1069010496139526,0.224365234375,3.314202308654785,3.4961977005004883
30000,2,fcst,4.177541732788086,1.042244553565979,0.521484375,4.279085636138916,4.555329322814941
30000,0,enc,9.903643608093262,0.45104020833969116,0.1363525390625,0.9924809336662292,1.657210111618042
30000,1,enc,8.570236206054688,0.45916619896888733,0.1966552734375,1.5400768518447876,1.313049554824829
30000,2,enc,2.4238739013671875,0.7617246508598328,0.11700439453125,1.2819406986236572,1.1157755851745605
30200,0,enc,9.256401062011719,0.46287766098976135,0.17333984375,1.048844337463379,2.0227015018463135
30200,1,enc,8.36669921875,0.38305196166038513,0.304443359375,1.879695177078247,1.879695177078247
30200,2,enc,2.410210132598877,0.8507142066955566,0.250732421875,1.879695177078247,1.3857172727584839
30200,0,fcst,3.6163582801818848,0.8100288510322571,0.111083984375,3.8482556343078613,3.63232684135437
30200,1,fcst,5.54245138168335,1.1617259979248047,0.2431640625,3.1628408432006836,3.1093509197235107
30200,2,fcst,4.144942283630371,0.9853397607803345,0.498046875,4.113361835479736,5.3030619621276855
30200,0,enc,9.662590026855469,0.46307411789894104,0.09130859375,0.9791291952133179,1.6338001489639282
30200,1,enc,8.452092170715332,0.35724636912345886,0.257080078125,1.524487018585205,1.3424897193908691
30200,2,enc,2.410764217376709,0.7175087332725525,0.11468505859375,1.3428705930709839,1.1097655296325684
30400,0,enc,9.860285758972168,0.4830583333969116,0.1597900390625,1.1922191381454468,1.8537036180496216
30400,1,enc,8.279210090637207,0.3982786238193512,0.287353515625,1.7537939548492432,1.503427505493164
30400,2,enc,2.4076480865478516,0.8243107795715332,0.2435302734375,1.503427505493164,1.397603154182434
30400,0,fcst,3.75057315826416,0.7946763634681702,0.086181640625,3.0320541858673096,2.9095420837402344
30400,1,fcst,5.633060455322266,1.0625706911087036,0.268310546875,2.9189770221710205,3.2606537342071533
30400,2,fcst,4.066789627075195,0.9183369874954224,0.52001953125,4.189310073852539,4.161745548248291
30400,0,enc,9.757220268249512,0.4939454197883606,0.0863037109375,0.9319103956222534,1.6244162321090698
30400,1,enc,8.359465599060059,0.3581496775150299,0.2802734375,1.5462994575500488,1.3740431070327759
30400,2,enc,2.3903231620788574,0.7177291512489319,0.1275634765625,1.4218707084655762,1.0973081588745117
30600,0,enc,8.500143051147461,0.5143450498580933,0.163818359375,0.9784197211265564,1.717090368270874
30600,1,enc,8.16990852355957,0.38266462087631226,0.2271728515625,1.5940734148025513,1.5415239334106445
30600,2,enc,2.4604735374450684,0.7721350789070129,0.300537109375,1.5711792707443237,1.4554617404937744
30600,0,fcst,3.7553207874298096,0.7857366800308228,0.08251953125,3.5176496505737305,3.532043695449829
30600,1,fcst,5.672886848449707,1.0858482122421265,0.2259521484375,3.6634247303009033,3.6785478591918945
30600,2,fcst,4.114060878753662,1.0344903469085693,0.55419921875,4.659299850463867,4.41597318649292
30600,0,enc,8.734694480895996,0.5204104781150818,0.0911865234375,0.9675715565681458,1.623342752456665
30600,1,enc,8.206754684448242,0.3616025447845459,0.2188720703125,1.5231379270553589,1.329972267150879
30600,2,enc,2.4536020755767822,0.697897732257843,0.12213134765625,1.3298083543777466,1.1810046434402466
30800,0,enc,10.002259254455566,0.4639921188354492,0.1998291015625,1.0821603536605835,2.0159060955047607
30800,1,enc,8.251165390014648,0.44609180092811584,0.236572265625,1.9089856147766113,1.9114269018173218
30800,2,enc,2.4648711681365967,0.807318389415741,0.272216796875,1.7746548652648926,1.539810061454773
30800,0,fcst,3.741617202758789,0.7879173755645752,0.08843994140625,3.0343804359436035,3.021348237991333
30800,1,fcst,5.673767566680908,1.0978070497512817,0.2431640625,3.0387985706329346,3.2840185165405273
30800,2,fcst,4.174859046936035,0.975103497505188,0.50927734375,4.246458053588867,4.674385070800781
30800,0,enc,9.783469200134277,0.4613238573074341,0.09649658203125,0.9684540033340454,1.6106302738189697
30800,1,enc,8.299420356750488,0.4097506105899811,0.1922607421875,1.4954570531845093,1.330825686454773
30800,2,enc,2.4416868686676025,0.7365682721138,0.1241455078125,1.3072187900543213,1.2008047103881836
31000,0,enc,9.582135200500488,0.47451305389404297,0.1558837890625,0.9603186249732971,1.6172409057617188
31000,1,enc,8.225541114807129,0.4149720370769501,0.233642578125,1.4686715602874756,1.4584088325500488
31000,2,enc,2.5071280002593994,0.7991943955421448,0.241455078125,1.548830509185791,1.4346115589141846
31000,0,fcst,3.667956829071045,0.7941051125526428,0.0849609375,2.84270977973938,2.8314268589019775
31000,1,fcst,5.721707820892334,1.1314727067947388,0.2286376953125,3.2628872394561768,3.3316516876220703
31000,2,fcst,3.9912374019622803,0.974768340587616,0.52099609375,4.246257781982422,4.135068416595459
31000,0,enc,9.6930570602417,0.4747515618801117,0.0946044921875,0.958346962928772,1.507354974746704
31000,1,enc,8.047988891601562,0.363762229681015,0.2457275390625,1.3641273975372314,1.33271324634552
31000,2,enc,2.552668809890747,0.7707985639572144,0.135498046875,1.307356595993042,1.4069781303405762
31200,0,enc,9.157577514648438,0.45375657081604004,0.146728515625,0.9522709250450134,1.6719439029693604
31200,1,enc,8.215229034423828,0.3955840468406677,0.2587890625,1.5081888437271118,1.557952880859375
31200,2,enc,2.5455663204193115,0.8514620065689087,0.256591796875,1.5233922004699707,1.5233922004699707
31200,0,fcst,3.8159520626068115,0.7734767198562622,0.0802001953125,2.9357733726501465,2.913241147994995
31200,1,fcst,5.794350624084473,1.105124831199646,0.2176513671875,3.0788111686706543,3.3888309001922607
31200,2,fcst,4.149895668029785,1.0273677110671997,0.50927734375,4.428340911865234,4.422979354858398
31200,0,enc,8.84256362915039,0.4655057489871979,0.09527587890625,0.94469153881073,1.6645152568817139
31200,1,enc,8.16765308380127,0.37347352504730225,0.2239990234375,1.5100618600845337,1.3394484519958496
31200,2,enc,2.5619845390319824,0.6816644668579102,0.1558837890625,1.2229688167572021,0.9917664527893066
31400,0,enc,10.107592582702637,0.42660197615623474,0.1749267578125,1.0097745656967163,1.6141654253005981
31400,1,enc,8.05067253112793,0.3813987374305725,0.255859375,1.4977285861968994,1.5361684560775757
31400,2,enc,2.5848660469055176,0.8428940773010254,0.237060546875,1.5224387645721436,1.4953798055648804
31400,0,fcst,3.8823835849761963,0.7695009112358093,0.09124755859375,2.8376095294952393,2.824444532394409
31400,1,fcst,5.809746265411377,1.067393183708191,0.2340087890625,3.086465358734131,3.0805420875549316
31400,2,fcst,4.103626251220703,0.9525735378265381,0.489013671875,4.057559013366699,4.061770915985107
31400,0,enc,10.000019073486328,0.4278281033039093,0.0975341796875,0.8503541946411133,1.3863834142684937
31400,1,enc,7.9338765144348145,0.37368836998939514,0.1802978515625,1.213541030883789,1.3561779260635376
31400,2,enc,2.5668575763702393,0.7943671345710754,0.11798095703125,1.1965513229370117,1.1111164093017578
31600,0,enc,9.59395980834961,0.45654845237731934,0.1580810546875,1.0883698463439941,1.9603915214538574
31600,1,enc,7.974099159240723,0.39228737354278564,0.2088623046875,1.749974012374878,1.6398884057998657
31600,2,enc,2.5826165676116943,0.7772434949874878,0.188232421875,1.3834176063537598,1.3501169681549072
31600,0,fcst,3.889028787612915,0.7483385801315308,0.0830078125,2.8345749378204346,2.860311508178711
31600,1,fcst,5.8086724281311035,1.1368257999420166,0.205322265625,3.035210132598877,3.4403696060180664
31600,2,fcst,4.186424255371094,0.9974587559700012,0.468017578125,4.606545448303223,4.287535190582275
31600,0,enc,9.709567070007324,0.4486306309700012,0.08966064453125,0.7490466237068176,1.6194900274276733
31600,1,enc,7.81868314743042,0.38988807797431946,0.22900390625,1.4260680675506592,1.2336621284484863
31600,2,enc,2.5959644317626953,0.7111102938652039,0.104248046875,1.0936027765274048,1.0729296207427979
31800,0,enc,9.768843650817871,0.48039165139198303,0.1676025390625,0.9694751501083374,1.6962271928787231
31800,1,enc,7.802610874176025,0.43052610754966736,0.2000732421875,1.5023384094238281,1.4543051719665527
31800,2,enc,2.6436755657196045,0.8405494689941406,0.197021484375,1.4104689359664917,1.4117320775985718
31800,0,fcst,3.864854097366333,0.7441563010215759,0.0704345703125,3.23496675491333,3.24808931350708
31800,1,fcst,5.735823631286621,1.0961347818374634,0.2509765625,3.24808931350708,3.3995327949523926
31800,2,fcst,4.099365711212158,1.0059734582901,0.46533203125,4.5022358894348145,4.288704872131348
31800,0,enc,10.11660099029541,0.4679790139198303,0.0986328125,0.8678297996520996,1.5332190990447998
31800,1,enc,7.820927619934082,0.377365380525589,0.2054443359375,1.3469523191452026,1.2091420888900757
31800,2,enc,2.619617462158203,0.7383607625961304,0.10400390625,1.08918035030365,1.0598366260528564
32000,0,enc,10.00924015045166,0.5004579424858093,0.163818359375,0.9948407411575317,1.8443162441253662
32000,1,enc,7.6939239501953125,0.38984912633895874,0.196533203125,1.6310189962387085,1.5776387453079224
32000,2,enc,2.6456069946289062,0.7940346002578735,0.2052001953125,1.438649296760559,1.386373519897461
32000,0,fcst,3.9216506481170654,0.7473279237747192,0.0782470703125,3.002593517303467,2.986504077911377
32000,1,fcst,5.789504051208496,1.126798152923584,0.263671875,3.151034355163574,3.2915096282958984
32000,2,fcst,4.122260093688965,0.9789909720420837,0.433349609375,4.378457069396973,4.1407365798950195
32000,0,enc,9.949102401733398,0.47741660475730896,0.081787109375,0.9856395125389099,1.6045031547546387
32000,1,enc,7.555510997772217,0.40367963910102844,0.1790771484375,1.409574031829834,1.4224765300750732
32000,2,enc,2.5979790687561035,0.6808295845985413,0.12445068359375,1.300851583480835,1.0985894203186035
32200,0,enc,9.449942588806152,0.4407447278499603,0.1793212890625,1.0330005884170532,1.4686965942382812
32200,1,enc,7.619088649749756,0.45930612087249756,0.159423828125,1.3203173875808716,1.5381450653076172
32200,2,enc,2.636274576187134,0.7112213969230652,0.293701171875,1.3242090940475464,1.3113117218017578
32200,0,fcst,3.807333469390869,0.729496419429779,0.08001708984375,2.6182405948638916,2.6576759815216064
32200,1,fcst,5.850744724273682,1.0257656574249268,0.2235107421875,3.208134651184082,3.3978018760681152
32200,2,fcst,4.060812473297119,0.9002344608306885,0.430908203125,4.228050231933594,4.12309455871582
32200,0,enc,9.40988540649414,0.4348878562450409,0.0931396484375,0.9386689066886902,1.4149479866027832
32200,1,enc,7.673176288604736,0.45137810707092285,0.185546875,1.2366422414779663,1.3193397521972656
32200,2,enc,2.6375041007995605,0.6719643473625183,0.1123046875,1.2436426877975464,1.1361759901046753
32400,0,enc,9.984769821166992,0.43124523758888245,0.1585693359375,0.9824086427688599,1.551998496055603
32400,1,enc,7.576488494873047,0.36041560769081116,0.1475830078125,1.4269819259643555,1.5427963733673096
32400,2,enc,2.6357624530792236,0.7667315602302551,0.27685546875,1.5109087228775024,1.3841338157653809
32400,0,fcst,3.8817203044891357,0.7244057059288025,0.08026123046875,2.8462066650390625,2.848546266555786
32400,1,fcst,5.879940509796143,1.0135252475738525,0.199462890625,3.038623332977295,3.4836370944976807
32400,2,fcst,4.11862850189209,0.9223669767379761,0.414306640625,4.242415428161621,4.197970867156982
32400,0,enc,10.091669082641602,0.4411287307739258,0.089599609375,0.9029449224472046,1.3509691953659058
32400,1,enc,7.538838863372803,0.3373638689517975,0.1534423828125,1.2137142419815063,1.3277150392532349
32400,2,enc,2.6915221214294434,0.6631605625152588,0.1339111328125,1.1539939641952515,1.185926079750061
32600,0,enc,9.951164245605469,0.44783174991607666,0.166015625,1.3478875160217285,1.5057789087295532
32600,1,enc,7.660129070281982,0.39660564064979553,0.1834716796875,1.727637767791748,2.228940010070801
32600,2,enc,2.635176181793213,0.7395532131195068,0.2064208984375,1.9138611555099487,1.8400086164474487
32600,0,fcst,3.8947179317474365,0.794522225856781,0.086669921875,3.474583387374878,3.434469699859619
32600,1,fcst,5.905858993530273,1.0202211141586304,0.1954345703125,3.4319097995758057,3.532482147216797
32600,2,fcst,4.066384315490723,0.8784390687942505,0.41943359375,4.566275596618652,4.621682167053223
32600,0,enc,9.625423431396484,0.43997204303741455,0.0953369140625,0.9619629383087158,1.2819600105285645
32600,1,enc,7.56205415725708,0.4157521426677704,0.2137451171875,1.2496565580368042,1.5507112741470337
32600,2,enc,2.7065937519073486,0.6724624633789062,0.1190185546875,1.3646256923675537,1.3059098720550537
32800,0,enc,9.626016616821289,0.42743244767189026,0.154541015625,0.948089599609375,1.4341082572937012
32800,1,enc,7.638576507568359,0.3899536430835724,0.1517333984375,1.3690330982208252,1.3857839107513428
32800,2,enc,2.7414891719818115,0.7615479230880737,0.25830078125,1.384141206741333,1.2576004266738892
32800,0,fcst,3.8754117488861084,0.7087603807449341,0.07672119140625,2.864051580429077,2.864051580429077
32800,1,fcst,6.000221252441406,0.991454541683197,0.2198486328125,2.968691825866699,3.11684513092041
32800,2,fcst,4.001991271972656,0.9573887586593628,0.463134765625,4.151660919189453,4.050762176513672
32800,0,enc,9.868464469909668,0.4231129288673401,0.10552978515625,0.9003779888153076,1.2359305620193481
32800,1,enc,7.609024524688721,0.3316155672073364,0.156982421875,1.1599392890930176,1.2635769844055176
32800,2,enc,2.721442461013794,0.704110324382782,0.11883544921875,1.1459598541259766,1.0961856842041016
33000,0,enc,10.115936279296875,0.4242722988128662,0.168701171875,1.033508062362671,1.3539800643920898
33000,1,enc,7.465192794799805,0.43314167857170105,0.160400390625,1.2996149063110352,1.4144798517227173
33000,2,enc,2.7640624046325684,0.7674518823623657,0.2340087890625,1.324893832206726,1.3812156915664673
33000,0,fcst,3.916370391845703,0.6847152709960938,0.08966064453125,2.808894634246826,2.80830717086792
33000,1,fcst,5.983766078948975,0.9869039058685303,0.262939453125,2.935851812362671,3.355602264404297
33000,2,fcst,4.009054183959961,0.9156625270843506,0.4091796875,4.096376419067383,4.118196487426758
33000,0,enc,9.583918571472168,0.4140084981918335,0.11676025390625,0.9040348529815674,1.2695807218551636
33000,1,enc,7.528536796569824,0.35350900888442993,0.1539306640625,1.1956191062927246,1.191908359527588
33000,2,enc,2.778745412826538,0.6762962937355042,0.1353759765625,1.1407734155654907,1.1020088195800781
33200,0,enc,9.537747383117676,0.42911046743392944,0.12841796875,1.1420159339904785,1.6710400581359863
33200,1,enc,7.57310676574707,0.36248597502708435,0.1898193359375,1.6121656894683838,1.5916115045547485
33200,2,enc,2.7806928157806396,0.7468156814575195,0.2213134765625,1.602624535560608,1.3700066804885864
33200,0,fcst,3.85658597946167,0.6725119948387146,0.09381103515625,2.756523847579956,2.8193821907043457
33200,1,fcst,5.901342391967773,1.0993369817733765,0.212890625,3.016526699066162,3.5235347747802734
33200,2,fcst,4.022145748138428,1.0008448362350464,0.457763671875,4.311100482940674,3.9098622798919678
33200,0,enc,9.643619537353516,0.4350426197052002,0.09320068359375,0.9931439161300659,1.3728351593017578
33200,1,enc,7.527675628662109,0.34924519062042236,0.12744140625,1.2455425262451172,1.344006061553955
33200,2,enc,2.8136940002441406,0.6737328767776489,0.11138916015625,1.187076449394226,1.0609791278839111
33400,0,enc,9.173676490783691,0.39972013235092163,0.147705078125,1.0540554523468018,1.5293865203857422
33400,1,enc,7.653207302093506,0.4070190191268921,0.1605224609375,1.5293865203857422,1.6218773126602173
33400,2,enc,2.776766777038574,0.7573956847190857,0.185546875,1.4391682147979736,1.4495950937271118
33400,0,fcst,3.890011787414551,0.6670562624931335,0.07574462890625,3.01712703704834,3.0458812713623047
33400,1,fcst,6.005164623260498,1.0191469192504883,0.2227783203125,3.157080888748169,3.418769359588623
33400,2,fcst,4.099438667297363,0.9538363814353943,0.42529296875,4.264535903930664,3.987783193588257
33400,0,enc,8.98606014251709,0.40440917015075684,0.096435546875,0.9060742259025574,1.2958528995513916
33400,1,enc,7.647828102111816,0.3768424987792969,0.14501953125,1.1627684831619263,1.2842206954956055
33400,2,enc,2.8281431198120117,0.6797553896903992,0.1226806640625,1.1308387517929077,1.0305571556091309
33600,0,enc,10.090408325195312,0.43030017614364624,0.1412353515625,1.0441848039627075,1.6897542476654053
33600,1,enc,7.896169662475586,0.38585081696510315,0.1387939453125,1.4613796472549438,1.5513778924942017
33600,2,enc,2.7672038078308105,0.7028337121009827,0.19580078125,1.4847779273986816,1.4022159576416016
33600,0,fcst,3.8733296394348145,0.6592597365379333,0.078125,2.9706592559814453,2.9933948516845703
33600,1,fcst,5.945468425750732,1.0488399267196655,0.2322998046875,2.986401081085205,3.3858156204223633
33600,2,fcst,4.029903411865234,0.9320068955421448,0.38916015625,4.371415615081787,4.371415615081787
33600,0,enc,10.116063117980957,0.4213027358055115,0.09674072265625,0.9245079159736633,1.3955386877059937
33600,1,enc,7.86228609085083,0.4447953402996063,0.153076171875,1.2570040225982666,1.4083524942398071
33600,2,enc,2.7914180755615234,0.631377637386322,0.1072998046875,1.1253972053527832,1.0123924016952515
33800,0,enc,9.719331741333008,0.4008066654205322,0.1334228515625,1.3136364221572876,1.6607649326324463
33800,1,enc,7.883869171142578,0.38748395442962646,0.15576171875,1.4798423051834106,1.672123670578003
33800,2,enc,2.7654101848602295,0.6732625365257263,0.2174072265625,1.7280155420303345,1.7280155420303345
33800,0,fcst,3.877479076385498,0.666958749294281,0.0802001953125,3.0337038040161133,2.9799928665161133
33800,1,fcst,5.926050662994385,1.0250048637390137,0.194580078125,2.982964515686035,3.5664219856262207
33800,2,fcst,4.03515625,0.9227243065834045,0.3740234375,4.455519199371338,3.873448371887207
33800,0,enc,9.763471603393555,0.40541306138038635,0.08197021484375,0.9034078121185303,1.3586125373840332
33800,1,enc,7.906618595123291,0.37102487683296204,0.13330078125,1.2054389715194702,1.4659361839294434
33800,2,enc,2.697970151901245,0.660676121711731,0.131103515625,1.3649365901947021,1.1777921915054321
34000,0,enc,10.168683052062988,0.42200934886932373,0.15576171875,1.0338503122329712,1.305020809173584
34000,1,enc,8.046086311340332,0.4094817042350769,0.1424560546875,1.225984811782837,1.486900806427002
34000,2,enc,2.729339599609375,0.8089655041694641,0.21337890625,1.4626026153564453,1.3943372964859009
34000,0,fcst,3.8636298179626465,0.6839577555656433,0.07696533203125,2.9248361587524414,2.994687557220459
34000,1,fcst,5.996601104736328,0.976893424987793,0.1951904296875,3.250432014465332,3.4389586448669434
34000,2,fcst,4.1895904541015625,0.9202909469604492,0.364990234375,4.440840721130371,4.440840721130371
34000,0,enc,10.18281078338623,0.4224269986152649,0.08740234375,0.8737144470214844,1.3125814199447632
34000,1,enc,8.002884864807129,0.3844946026802063,0.13037109375,1.1781556606292725,1.3784408569335938
34000,2,enc,2.678157329559326,0.7047929167747498,0.123779296875,1.3711674213409424,1.0783405303955078
34200,0,enc,9.816036224365234,0.43906453251838684,0.1348876953125,1.0340511798858643,1.5686776638031006
34200,1,enc,8.109109878540039,0.4520242512226105,0.1466064453125,1.414969563484192,1.6150894165039062
34200,2,enc,2.738447904586792,0.7088812589645386,0.2078857421875,1.5264530181884766,1.441981554031372
34200,0,fcst,3.8682353496551514,0.6714547872543335,0.08416748046875,3.134235382080078,3.1111268997192383
34200,1,fcst,5.919182777404785,0.9618080258369446,0.1763916015625,2.946059226989746,3.121129274368286
34200,2,fcst,4.180424213409424,0.8243512511253357,0.383056640625,4.17824125289917,4.007396221160889
34200,0,enc,10.002583503723145,0.44082263112068176,0.0855712890625,0.8567204475402832,1.3810906410217285
34200,1,enc,8.066971778869629,0.43465784192085266,0.137939453125,1.251283884048462,1.3610233068466187
34200,2,enc,2.7733399868011475,0.6063615679740906,0.10357666015625,1.3785696029663086,1.0778597593307495
34400,0,enc,9.427200317382812,0.433879554271698,0.1259765625,0.946661114692688,1.4898124933242798
34400,1,enc,8.071691513061523,0.3589690625667572,0.1295166015625,1.3387541770935059,1.5426290035247803
34400,2,enc,2.751253366470337,0.7792090773582458,0.22021484375,1.3236459493637085,1.3139429092407227
34400,0,fcst,3.9028213024139404,0.751908540725708,0.0826416015625,3.0445656776428223,3.1364574432373047
34400,1,fcst,5.861540794372559,1.0032145977020264,0.1884765625,3.1176533699035645,3.4152472019195557
34400,2,fcst,4.192328453063965,0.8810953497886658,0.372802734375,4.462730407714844,4.362705230712891
34400,0,enc,10.341460227966309,0.4380223751068115,0.07818603515625,0.8487510681152344,1.3076481819152832
34400,1,enc,8.105301856994629,0.36734625697135925,0.13427734375,1.1213130950927734,1.223792314529419
34400,2,enc,2.7649383544921875,0.6630035638809204,0.10888671875,1.2617149353027344,1.044871211051941
34600,0,enc,9.455524444580078,0.4118616580963135,0.1378173828125,0.9797156453132629,1.5934348106384277
34600,1,enc,7.9270477294921875,0.3988420069217682,0.144775390625,1.369178295135498,1.5099867582321167
34600,2,enc,2.7815372943878174,0.7296256422996521,0.2069091796875,1.475089430809021,1.3697645664215088
34600,0,fcst,3.772533416748047,0.6660794615745544,0.08294677734375,3.448611259460449,3.4010376930236816
34600,1,fcst,5.971699237823486,0.9966719746589661,0.1759033203125,3.190727472305298,3.412740707397461
34600,2,fcst,4.2135701179504395,0.9122931361198425,0.385986328125,4.085628986358643,4.085628986358643
34600,0,enc,9.783409118652344,0.41167840361595154,0.0947265625,0.8488035202026367,1.4211130142211914
34600,1,enc,7.8627142906188965,0.42935872077941895,0.095703125,1.2151496410369873,1.3081567287445068
34600,2,enc,2.801807165145874,0.7081061601638794,0.11376953125,1.290781855583191,1.1754921674728394
34800,0,enc,9.169330596923828,0.4020434319972992,0.1624755859375,0.9098215103149414,1.3745777606964111
34800,1,enc,7.975497722625732,0.3948720097541809,0.1177978515625,1.2085803747177124,1.7494759559631348
34800,2,enc,2.7436811923980713,0.7550632357597351,0.187744140625,1.5359008312225342,1.2903697490692139
34800,0,fcst,3.7697196006774902,0.644890308380127,0.0789794921875,2.987173318862915,3.0105531215667725
34800,1,fcst,5.996516704559326,0.958830714225769,0.1884765625,3.108612537384033,3.2347519397735596
34800,2,fcst,4.338061332702637,0.9018713235855103,0.3857421875,4.1425275802612305,4.306556224822998
34800,0,enc,9.764053344726562,0.41109001636505127,0.08392333984375,0.889083743095398,1.1816319227218628
34800,1,enc,7.960392475128174,0.36853352189064026,0.0726318359375,1.0320558547973633,1.2532391548156738
34800,2,enc,2.7567501068115234,0.6268686652183533,0.11663818359375,1.2250944375991821,1.125495433807373
35000,0,enc,9.829634666442871,0.41347628831863403,0.12841796875,0.9796414375305176,1.446727991104126
35000,1,enc,7.84840726852417,0.4711485505104065,0.1436767578125,1.446727991104126,1.595950961112976
35000,2,enc,2.775359869003296,0.7431411147117615,0.2099609375,1.540687084197998,1.4378196001052856
35000,0,fcst,3.75553297996521,0.6271949410438538,0.0850830078125,2.649399995803833,2.6019959449768066
35000,1,fcst,6.082543849945068,0.9467393755912781,0.193115234375,2.9919328689575195,3.169759750366211
35000,2,fcst,4.4395751953125,0.8776365518569946,0.41796875,4.170924663543701,3.8358898162841797
35000,0,enc,9.655029296875,0.4132615625858307,0.0863037109375,0.9369718432426453,1.3224202394485474
35000,1,enc,7.821197509765625,0.419574499130249,0.0877685546875,1.1538310050964355,1.2450913190841675
35000,2,enc,2.7965331077575684,0.6858034729957581,0.13427734375,1.1480908393859863,1.028613567352295
35200,0,enc,10.351994514465332,0.4763783812522888,0.1400146484375,0.8875834941864014,1.2126880884170532
35200,1,enc,7.908603668212891,0.4811372458934784,0.1513671875,1.3153483867645264,1.4735918045043945
35200,2,enc,2.796182155609131,0.7316969633102417,0.224365234375,1.434128999710083,1.3646167516708374
35200,0,fcst,3.732496500015259,0.6337555646896362,0.08355712890625,2.714569330215454,2.761634111404419
35200,1,fcst,5.891444683074951,0.964029848575592,0.1806640625,2.928164482116699,3.537569522857666
35200,2,fcst,4.359384536743164,0.840996265411377,0.398193359375,4.27689266204834,4.0482707023620605
35200,0,enc,9.991333961486816,0.4743753969669342,0.08642578125,0.8550748229026794,0.9963109493255615
35200,1,enc,7.884365081787109,0.4861372709274292,0.0943603515625,1.1446201801300049,1.1976858377456665
35200,2,enc,2.8254764080047607,0.681418776512146,0.126953125,1.0618977546691895,1.0181671380996704
35400,0,enc,9.958028793334961,0.4047519266605377,0.135009765625,0.9525097012519836,1.365433931350708
35400,1,enc,7.902231693267822,0.43550822138786316,0.126953125,1.2457863092422485,1.6255559921264648
35400,2,enc,2.7628464698791504,0.726813554763794,0.2034912109375,1.4340237379074097,1.3268463611602783
35400,0,fcst,3.7344770431518555,0.638132631778717,0.0703125,2.7330973148345947,2.804237127304077
35400,1,fcst,5.867269992828369,0.9065439105033875,0.1741943359375,2.920809030532837,3.29260516166687
35400,2,fcst,4.394646644592285,0.8666186928749084,0.3779296875,4.845855712890625,4.0463972091674805
35400,0,enc,9.615729331970215,0.4037378430366516,0.078369140625,0.9499698877334595,1.2172151803970337
35400,1,enc,7.890496730804443,0.36285170912742615,0.09246826171875,1.1094447374343872,1.4497934579849243
35400,2,enc,2.7585182189941406,0.6507654786109924,0.107421875,1.280716896057129,1.081832766532898
35600,0,enc,10.273895263671875,0.35971203446388245,0.1341552734375,0.919536828994751,1.272679090499878
35600,1,enc,7.912243366241455,0.33234843611717224,0.111572265625,1.189377784729004,1.4744417667388916
35600,2,enc,2.776592969894409,0.7093358635902405,0.1845703125,1.4773026704788208,1.4705641269683838
35600,0,fcst,3.6544041633605957,0.602678120136261,0.08673095703125,2.8683509826660156,2.903920888900757
35600,1,fcst,5.816564559936523,0.9133633375167847,0.2198486328125,2.9883546829223633,3.5718750953674316
35600,2,fcst,4.504571914672852,0.8209325075149536,0.35498046875,4.6401848793029785,4.6401848793029785
35600,0,enc,10.398324966430664,0.35934263467788696,0.08453369140625,0.8353069424629211,1.0578562021255493
35600,1,enc,7.828774452209473,0.3164168894290924,0.0941162109375,1.0396337509155273,1.319861888885498
35600,2,enc,2.735243320465088,0.6002435684204102,0.12115478515625,1.2771389484405518,1.030151128768921
35800,0,enc,9.63737964630127,0.39364323019981384,0.1572265625,1.0333309173583984,1.0326982736587524
35800,1,enc,7.848173141479492,0.37905001640319824,0.12188720703125,1.1412410736083984,1.4503493309020996
35800,2,enc,2.7310593128204346,0.6350934505462646,0.1778564453125,1.3098771572113037,1.252313494682312
35800,0,fcst,3.756692886352539,0.5989518165588379,0.0833740234375,2.8094983100891113,2.8605644702911377
35800,1,fcst,5.971850395202637,0.8886775970458984,0.2120361328125,2.971367835998535,3.1528706550598145
35800,2,fcst,4.4794487953186035,0.8420979380607605,0.38134765625,4.231432914733887,3.9544200897216797
35800,0,enc,10.365928649902344,0.39986667037010193,0.07916259765625,0.7996048331260681,1.0086432695388794
35800,1,enc,7.833029270172119,0.31961384415626526,0.11749267578125,1.039417028427124,1.3150608539581299
35800,2,enc,2.7046396732330322,0.6113278269767761,0.08563232421875,1.1595869064331055,1.0950287580490112
36000,0,enc,10.009368896484375,0.4047214388847351,0.1383056640625,1.068380355834961,1.253409504890442
36000,1,enc,7.760405540466309,0.3980395793914795,0.1568603515625,1.2112234830856323,1.5301356315612793
36000,2,enc,2.7123594284057617,0.7145859003067017,0.1982421875,1.3533895015716553,1.316870093345642
36000,0,fcst,3.681149482727051,0.6287814974784851,0.0780029296875,3.0747170448303223,3.0747170448303223
36000,1,fcst,5.847866535186768,0.918653666973114,0.1744384765625,2.90590500831604,3.1693758964538574
36000,2,fcst,4.465874671936035,0.8547019958496094,0.393798828125,4.00258731842041,3.8418941497802734
36000,0,enc,9.720762252807617,0.4105493724346161,0.08013916015625,0.9639415740966797,1.159891128540039
36000,1,enc,7.7051100730896,0.3636711537837982,0.0911865234375,1.0899379253387451,1.3727242946624756
36000,2,enc,2.7032577991485596,0.6551783084869385,0.11907958984375,1.1879769563674927,1.0596339702606201
36200,0,enc,9.781779289245605,0.4041583836078644,0.132080078125,0.9990187287330627,1.1583858728408813
36200,1,enc,7.658524036407471,0.3627890944480896,0.1484375,1.3850289583206177,1.5241796970367432
36200,2,enc,2.642376184463501,0.649516761302948,0.1861572265625,1.4042291641235352,1.4997564554214478
36200,0,fcst,3.6197566986083984,0.6082668900489807,0.08203125,2.7211523056030273,2.705334186553955
36200,1,fcst,5.886368274688721,0.8910999894142151,0.1878662109375,3.0426347255706787,3.309816360473633
36200,2,fcst,4.52052116394043,0.789023756980896,0.413818359375,4.202120780944824,4.197720050811768
36200,0,enc,9.266395568847656,0.4090786576271057,0.0838623046875,0.892616868019104,1.0264376401901245
36200,1,enc,7.640309810638428,0.3384370505809784,0.08148193359375,1.0606052875518799,1.3252302408218384
36200,2,enc,2.6358354091644287,0.6863625645637512,0.09124755859375,1.2078454494476318,1.0705643892288208
36400,0,enc,10.032689094543457,0.3691262900829315,0.1341552734375,0.9786900877952576,1.1069843769073486
36400,1,enc,7.809276580810547,0.3806837201118469,0.149169921875,1.1813808679580688,1.6514334678649902
36400,2,enc,2.6166346073150635,0.7102658748626709,0.2215576171875,1.609231948852539,1.3505771160125732
36400,0,fcst,3.7092490196228027,0.5882993340492249,0.09234619140625,2.593191146850586,2.5355615615844727
36400,1,fcst,6.027978897094727,0.9189956784248352,0.195556640625,2.9767634868621826,3.223076343536377
36400,2,fcst,4.574178695678711,0.8658190965652466,0.35498046875,4.268120288848877,4.268120288848877
36400,0,enc,9.254642486572266,0.36008813977241516,0.07476806640625,0.856583833694458,1.033512830734253
36400,1,enc,7.830171585083008,0.33673399686813354,0.0897216796875,1.101351261138916,1.2852625846862793
36400,2,enc,2.663590908050537,0.622834324836731,0.105224609375,1.3328094482421875,1.1984862089157104
36600,0,enc,10.108932495117188,0.3561500608921051,0.1484375,1.0027318000793457,1.1318552494049072
36600,1,enc,7.835264205932617,0.3758710026741028,0.165283203125,1.2537569999694824,1.4630355834960938
36600,2,enc,2.6859302520751953,0.698340117931366,0.25341796875,1.3516919612884521,1.2638013362884521
36600,0,fcst,3.723750591278076,0.5966425538063049,0.08282470703125,2.7608184814453125,2.805102825164795
36600,1,fcst,5.9740424156188965,0.9286985993385315,0.2159423828125,3.1073970794677734,3.226393938064575
36600,2,fcst,4.657858371734619,0.8615358471870422,0.418701171875,4.005179405212402,3.9741735458374023
36600,0,enc,10.275732040405273,0.3621607720851898,0.0701904296875,0.9512321352958679,1.0534050464630127
36600,1,enc,7.782744407653809,0.3260527551174164,0.08746337890625,1.0671279430389404,1.2034375667572021
36600,2,enc,2.689941167831421,0.6990261077880859,0.1002197265625,1.1161746978759766,1.0640954971313477
36800,0,enc,9.922039031982422,0.3390830457210541,0.138427734375,0.9543375968933105,1.116150140762329
36800,1,enc,7.8416595458984375,0.3735611140727997,0.1754150390625,1.1351473331451416,1.4755350351333618
36800,2,enc,2.5793709754943848,0.6821160912513733,0.1824951171875,1.4755350351333618,1.316458821296692
36800,0,fcst,3.6890339851379395,0.5828455090522766,0.07464599609375,2.763139247894287,2.6951189041137695
36800,1,fcst,6.030959606170654,0.902476966381073,0.2027587890625,3.0975847244262695,3.097020149230957
36800,2,fcst,4.672722339630127,0.8543651103973389,0.409912109375,4.012455940246582,3.7390823364257812
36800,0,enc,9.868539810180664,0.3446245789527893,0.07666015625,0.7770594954490662,0.9670678973197937
36800,1,enc,7.873195171356201,0.30399832129478455,0.09527587890625,1.1172442436218262,1.3427945375442505
36800,2,enc,2.5917842388153076,0.5937886238098145,0.099609375,1.1626626253128052,1.0272005796432495
37000,0,enc,9.512988090515137,0.34722334146499634,0.12091064453125,1.0207265615463257,1.2352991104125977
37000,1,enc,7.932846546173096,0.33899733424186707,0.169677734375,1.4331780672073364,1.7627578973770142
37000,2,enc,2.560908317565918,0.6290052533149719,0.1737060546875,1.5406736135482788,1.47040855884552
37000,0,fcst,3.7618136405944824,0.5890713334083557,0.0660400390625,3.41744327545166,3.4472317695617676
37000,1,fcst,6.049115180969238,0.9650960564613342,0.2152099609375,3.2720069885253906,3.362881660461426
37000,2,fcst,4.6443939208984375,0.8119029402732849,0.384521484375,4.163476467132568,3.936772346496582
37000,0,enc,9.808582305908203,0.35344624519348145,0.079833984375,0.731613278388977,0.9622360467910767
37000,1,enc,7.882519245147705,0.32412785291671753,0.1114501953125,0.9902855753898621,1.3132293224334717
37000,2,enc,2.57501220703125,0.5926302075386047,0.10467529296875,1.19718337059021,1.0746617317199707
37200,0,enc,9.440574645996094,0.37358224391937256,0.149169921875,0.9990931153297424,1.2247073650360107
37200,1,enc,7.796491622924805,0.3183731734752655,0.1494140625,1.3064361810684204,1.5114035606384277
37200,2,enc,2.5351178646087646,0.7346560955047607,0.1895751953125,1.3398386240005493,1.3721160888671875
37200,0,fcst,3.7868494987487793,0.5607558488845825,0.080322265625,3.374793291091919,3.310706377029419
37200,1,fcst,6.020938873291016,0.9472995400428772,0.1754150390625,3.1119930744171143,3.245253086090088
37200,2,fcst,4.588625907897949,0.8425384163856506,0.343505859375,4.1120829582214355,4.0490899085998535
37200,0,enc,9.981264114379883,0.374770849943161,0.07427978515625,0.8280712366104126,1.005979061126709
37200,1,enc,7.749115467071533,0.31224125623703003,0.09515380859375,0.998527467250824,1.3526828289031982
37200,2,enc,2.5316624641418457,0.6565097570419312,0.09442138671875,1.2610414028167725,0.9795472621917725
37400,0,enc,9.841134071350098,0.35936829447746277,0.11871337890625,0.9877384305000305,1.204200029373169
37400,1,enc,7.878035068511963,0.3262085020542145,0.1727294921875,1.254718542098999,1.4192503690719604
37400,2,enc,2.5805795192718506,0.7084171175956726,0.2183837890625,1.3842570781707764,1.4467895030975342
37400,0,fcst,3.819674015045166,0.578881561756134,0.0797119140625,2.913525342941284,2.9092953205108643
37400,1,fcst,6.0632524490356445,0.9034849405288696,0.25048828125,3.0185623168945312,4.239091873168945
37400,2,fcst,4.68153715133667,0.793977677822113,0.336669921875,5.191413879394531,4.676277160644531
37400,0,enc,9.883628845214844,0.35569629073143005,0.07464599609375,0.8471358418464661,0.9984617233276367
37400,1,enc,7.865239143371582,0.3217352330684662,0.1058349609375,0.9860487580299377,1.2143540382385254
37400,2,enc,2.627781867980957,0.665950357913971,0.1131591796875,1.1147586107254028,1.1031792163848877
37600,0,enc,10.193434715270996,0.3175030052661896,0.11541748046875,1.1340913772583008,1.2058415412902832
37600,1,enc,7.900336265563965,0.3338764011859894,0.1473388671875,1.24013090133667,1.709562063217163
37600,2,enc,2.5485897064208984,0.6871488094329834,0.1815185546875,1.6308567523956299,1.5552265644073486
37600,0,fcst,3.7402737140655518,0.5750906467437744,0.06939697265625,2.8000874519348145,2.764382839202881
37600,1,fcst,5.971990585327148,0.9346484541893005,0.2020263671875,3.032362222671509,3.463031768798828
37600,2,fcst,4.70997428894043,0.8508578538894653,0.35205078125,4.255027770996094,4.255027770996094
37600,0,enc,9.998661994934082,0.32624995708465576,0.0675048828125,0.7784550786018372,0.9447305202484131
37600,1,enc,7.924288272857666,0.34204500913619995,0.10491943359375,0.9738789796829224,1.3047268390655518
37600,2,enc,2.610032081604004,0.6398045420646667,0.1068115234375,1.143596887588501,1.0525513887405396
37800,0,enc,10.396195411682129,0.3513762056827545,0.1297607421875,1.0828018188476562,1.5572441816329956
37800,1,enc,7.847126483917236,0.3768731653690338,0.122314453125,1.7097476720809937,1.6125324964523315
37800,2,enc,2.4633049964904785,0.6928761005401611,0.1822509765625,1.5396265983581543,1.4053808450698853
37800,0,fcst,3.7364320755004883,0.5701079964637756,0.07171630859375,2.641507625579834,2.6408820152282715
37800,1,fcst,5.992696285247803,0.9155306816101074,0.2171630859375,3.1427316665649414,3.485616445541382
37800,2,fcst,4.685142517089844,0.8364973664283752,0.32470703125,4.252552509307861,4.059109210968018
37800,0,enc,10.674459457397461,0.3487096130847931,0.06695556640625,0.7538097500801086,1.3344688415527344
37800,1,enc,7.831622123718262,0.36607223749160767,0.09619140625,1.263538122177124,1.4352532625198364
37800,2,enc,2.485250949859619,0.7060706615447998,0.084716796875,1.3093582391738892,1.1375775337219238
38000,0,enc,9.635197639465332,0.3372211158275604,0.12432861328125,1.0210615396499634,1.2464518547058105
38000,1,enc,7.843715667724609,0.31638869643211365,0.1217041015625,1.3833187818527222,1.749833583831787
38000,2,enc,2.502560615539551,0.7345698475837708,0.177490234375,1.6950234174728394,1.4399288892745972
38000,0,fcst,3.725797176361084,0.5897257328033447,0.07269287109375,3.3215994834899902,3.2975924015045166
38000,1,fcst,5.986042022705078,0.8337403535842896,0.2186279296875,3.065523147583008,3.3206851482391357
38000,2,fcst,4.6822357177734375,0.8057244420051575,0.3349609375,4.046638488769531,3.703787326812744
38000,0,enc,9.641447067260742,0.3404167592525482,0.06988525390625,0.8812799453735352,0.9864745140075684
38000,1,enc,7.754457473754883,0.3322495222091675,0.10284423828125,1.094857931137085,1.4390404224395752
38000,2,enc,2.5119919776916504,0.6345071792602539,0.09844970703125,1.4662538766860962,1.2300620079040527
38200,0,enc,9.260777473449707,0.33628949522972107,0.11444091796875,0.862651526927948,1.2889604568481445
38200,1,enc,7.589545249938965,0.35269856452941895,0.11151123046875,1.4557104110717773,1.6824066638946533
38200,2,enc,2.581801176071167,0.7099428772926331,0.1650390625,1.6824066638946533,1.5856997966766357
38200,0,fcst,3.7609493732452393,0.5765040516853333,0.06982421875,3.2613048553466797,3.2800393104553223
38200,1,fcst,5.924670219421387,0.9001935124397278,0.2060546875,3.026193141937256,3.4082283973693848
38200,2,fcst,4.671030044555664,0.8531789183616638,0.341552734375,4.362821578979492,3.9630937576293945
38200,0,enc,9.466388702392578,0.33375978469848633,0.06329345703125,0.8015633821487427,1.2035300731658936
38200,1,enc,7.574979305267334,0.3356578052043915,0.102294921875,1.0497236251831055,1.4076685905456543
38200,2,enc,2.5821845531463623,0.6074357628822327,0.0875244140625,1.3061444759368896,1.1990879774093628
38400,0,enc,9.426122665405273,0.3137466311454773,0.10400390625,0.9161496758460999,1.2942242622375488
38400,1,enc,7.547094345092773,0.3103500008583069,0.11785888671875,1.3077770471572876,1.6682047843933105
38400,2,enc,2.5997097492218018,0.6288450956344604,0.1728515625,1.7531156539916992,1.7531156539916992
38400,0,fcst,3.7523696422576904,0.5843868851661682,0.06585693359375,2.896307945251465,2.9704318046569824
38400,1,fcst,5.932170867919922,0.8332762718200684,0.1925048828125,2.8851890563964844,3.3193206787109375
38400,2,fcst,4.549811840057373,0.7833843231201172,0.3291015625,4.096310138702393,4.096310138702393
38400,0,enc,9.272225379943848,0.30899500846862793,0.06890869140625,0.8025249242782593,1.0450754165649414
38400,1,enc,7.548366069793701,0.33715617656707764,0.12176513671875,1.1279324293136597,1.3162685632705688
38400,2,enc,2.592634916305542,0.6016488075256348,0.09576416015625,1.387471079826355,1.0041239261627197
38600,0,enc,9.885371208190918,0.3241269588470459,0.10345458984375,0.8539258241653442,1.4557043313980103
38600,1,enc,7.640142440795898,0.3860608637332916,0.1258544921875,1.435531497001648,1.6086983680725098
38600,2,enc,2.64750337600708,0.7186136245727539,0.1624755859375,1.4378161430358887,1.3383667469024658
38600,0,fcst,3.7805159091949463,0.5608127117156982,0.0736083984375,2.9198548793792725,3.02083420753479
38600,1,fcst,5.875372409820557,0.8603218793869019,0.213623046875,3.047321081161499,3.4864797592163086
38600,2,fcst,4.562063694000244,0.8152081370353699,0.305419921875,4.213318347930908,4.213318347930908
38600,0,enc,9.378840446472168,0.33138519525527954,0.0738525390625,0.7182623744010925,1.217143177986145
38600,1,enc,7.649078845977783,0.38229066133499146,0.11956787109375,1.0857595205307007,1.2308076620101929
38600,2,enc,2.659573554992676,0.7065488696098328,0.100341796875,1.0563685894012451,1.1159887313842773
38800,0,enc,8.994213104248047,0.34079229831695557,0.1181640625,1.012082576751709,1.4727096557617188
38800,1,enc,7.6851348876953125,0.3476060926914215,0.1351318359375,1.5562533140182495,1.609408974647522
38800,2,enc,2.5753073692321777,0.6678555607795715,0.1849365234375,1.704103708267212,1.3400107622146606
38800,0,fcst,3.7042324542999268,0.5710767507553101,0.096435546875,2.680866241455078,2.6340348720550537
38800,1,fcst,5.86389684677124,0.8212530016899109,0.2012939453125,3.0438485145568848,3.2880630493164062
38800,2,fcst,4.617525577545166,0.8014757633209229,0.3017578125,4.039690017700195,3.924927234649658
38800,0,enc,10.367522239685059,0.3491770327091217,0.06072998046875,0.9176088571548462,1.2709195613861084
38800,1,enc,7.657690525054932,0.33835363388061523,0.11151123046875,1.2094602584838867,1.3881683349609375
38800,2,enc,2.5827910900115967,0.6225022077560425,0.08465576171875,1.2438836097717285,1.1309685707092285
39000,0,enc,9.369449615478516,0.3454510569572449,0.11810302734375,0.8925503492355347,1.0517590045928955
39000,1,enc,7.638775825500488,0.3116517961025238,0.146240234375,1.2169610261917114,1.53336763381958
39000,2,enc,2.557408332824707,0.6497437953948975,0.1624755859375,1.5031323432922363,1.288703441619873
39000,0,fcst,3.70786714553833,0.5783907771110535,0.068115234375,3.2815160751342773,3.3162384033203125
39000,1,fcst,5.840226650238037,0.8993543982505798,0.1763916015625,3.1722829341888428,3.2455251216888428
39000,2,fcst,4.737559795379639,0.7603259682655334,0.307861328125,3.9073381423950195,3.761441946029663
39000,0,enc,9.537642478942871,0.3410644829273224,0.06768798828125,0.7059592604637146,0.9743744134902954
39000,1,enc,7.597551345825195,0.3370085060596466,0.08563232421875,0.9272339344024658,1.4984960556030273
39000,2,enc,2.594552755355835,0.6074973344802856,0.11102294921875,1.3043795824050903,1.1168795824050903
39200,0,enc,9.523512840270996,0.3506729006767273,0.103759765625,0.9224739074707031,1.2009612321853638
39200,1,enc,7.566742420196533,0.4006325602531433,0.1324462890625,1.2947138547897339,1.6163948774337769
39200,2,enc,2.5386433601379395,0.6416747570037842,0.1959228515625,1.455152153968811,1.4797697067260742
39200,0,fcst,3.7780117988586426,0.5615935325622559,0.06292724609375,3.0622339248657227,3.1667397022247314
39200,1,fcst,5.9051079750061035,0.8586925268173218,0.1722412109375,3.066473960876465,3.5301904678344727
39200,2,fcst,4.568572521209717,0.8308831453323364,0.302978515625,4.263782024383545,3.915600538253784
39200,0,enc,10.074201583862305,0.34976205229759216,0.067626953125,0.7709316611289978,1.192048192024231
39200,1,enc,7.435911178588867,0.39318710565567017,0.1158447265625,1.0142838954925537,1.3017213344573975
39200,2,enc,2.560969352722168,0.6340547800064087,0.10003662109375,1.0662522315979004,1.069108009338379
39400,0,enc,9.876534461975098,0.3403448164463043,0.0958251953125,1.0254572629928589,1.3646996021270752
39400,1,enc,7.545910358428955,0.3477356433868408,0.1318359375,1.4651857614517212,1.5461195707321167
39400,2,enc,2.610971689224243,0.6661078929901123,0.193603515625,1.4351671934127808,1.360297441482544
39400,0,fcst,3.7344255447387695,0.5855702757835388,0.077392578125,2.778013229370117,2.7826671600341797
39400,1,fcst,5.862774848937988,0.8757097125053406,0.1651611328125,2.9773881435394287,3.3484621047973633
39400,2,fcst,4.657539367675781,0.7732436060905457,0.335693359375,4.221469879150391,3.895596742630005
39400,0,enc,10.545034408569336,0.3406563997268677,0.0709228515625,0.8310192823410034,1.190989375114441
39400,1,enc,7.544051170349121,0.35269710421562195,0.1103515625,1.038954257965088,1.3207935094833374
39400,2,enc,2.6314282417297363,0.6148257255554199,0.1099853515625,1.1973499059677124,1.2061302661895752
39600,0,enc,9.551398277282715,0.36061179637908936,0.10693359375,0.861393928527832,1.1630024909973145
39600,1,enc,7.579354763031006,0.330037385225296,0.1285400390625,1.3949936628341675,1.4510263204574585
39600,2,enc,2.6459717750549316,0.6976872086524963,0.20166015625,1.3669273853302002,1.2585234642028809
39600,0,fcst,3.7719082832336426,0.5688586831092834,0.08050537109375,2.630514621734619,2.7337419986724854
39600,1,fcst,5.982161045074463,0.8259202241897583,0.1893310546875,2.9176101684570312,3.4841408729553223
39600,2,fcst,4.645181655883789,0.829588770866394,0.3037109375,4.195055961608887,3.8968074321746826
39600,0,enc,10.134010314941406,0.3684554100036621,0.076171875,0.6682497262954712,1.066404104232788
39600,1,enc,7.601644039154053,0.34244656562805176,0.11480712890625,0.884606659412384,1.3364830017089844
39600,2,enc,2.6730239391326904,0.6028103828430176,0.13037109375,1.176522970199585,1.0362757444381714
39800,0,enc,9.285261154174805,0.3351070284843445,0.11279296875,1.0143461227416992,1.1285650730133057
39800,1,enc,7.539705753326416,0.3664737939834595,0.1517333984375,1.2863812446594238,1.7497059106826782
39800,2,enc,2.6276588439941406,0.6732747554779053,0.1761474609375,1.7497059106826782,1.697927713394165
39800,0,fcst,3.7982468605041504,0.581082284450531,0.07110595703125,3.6590497493743896,3.5842478275299072
39800,1,fcst,5.933620929718018,0.8671342730522156,0.176025390625,3.4286725521087646,3.452662706375122
39800,2,fcst,4.698122978210449,0.8092634081840515,0.3037109375,4.106738090515137,3.8619797229766846
39800,0,enc,9.09227180480957,0.3341628611087799,0.06341552734375,0.831206202507019,0.9842535257339478
39800,1,enc,7.535255432128906,0.34344232082366943,0.121337890625,1.0109202861785889,1.252300500869751
39800,2,enc,2.655817985534668,0.6635400652885437,0.11614990234375,1.2475508451461792,0.9871396422386169
40000,0,enc,10.217761993408203,0.3470281660556793,0.1053466796875,1.0509257316589355,1.393951177597046
40000,1,enc,7.582365036010742,0.378659725189209,0.1326904296875,1.3941676616668701,1.4948489665985107
40000,2,enc,2.631413459777832,0.6946020126342773,0.214111328125,1.4692250490188599,1.3239613771438599
40000,0,fcst,3.723473072052002,0.5887964367866516,0.06671142578125,2.6457748413085938,2.616562843322754
40000,1,fcst,5.9628987312316895,0.8254386186599731,0.174072265625,3.0939183235168457,3.306513786315918
40000,2,fcst,4.761439800262451,0.7840686440467834,0.286376953125,4.293018341064453,3.958545684814453
40000,0,enc,10.060097694396973,0.3444118797779083,0.0616455078125,0.8026403188705444,1.2374310493469238
40000,1,enc,7.551198959350586,0.31940633058547974,0.1226806640625,1.0257014036178589,1.2023826837539673
40000,2,enc,2.642862319946289,0.5589079856872559,0.107666015625,1.1332006454467773,1.1399115324020386
