step,layer_idx,block,qk_logit_maxabs,sa_in_maxabs,sa_out_maxabs,resid_post_sa_maxabs,resid_post_ffn_maxabs
40200,0,enc,9.86709213256836,0.34722983837127686,0.2237548828125,1.029659628868103,1.6540526151657104
40200,1,enc,7.763068199157715,0.37709763646125793,0.3896484375,2.1347124576568604,1.8885471820831299
40200,2,enc,3.6054811477661133,0.4689335525035858,0.1376953125,2.0866169929504395,2.0866169929504395
40200,0,fcst,5.8043389320373535,0.759953498840332,0.41796875,1.9645264148712158,1.843637466430664
40200,1,fcst,6.566267013549805,0.5530747175216675,0.2315673828125,2.0241572856903076,2.2954235076904297
40200,2,fcst,4.324632167816162,0.8840177059173584,0.59375,2.947903871536255,2.5282082557678223
40200,0,enc,9.850391387939453,0.3512251079082489,0.2015380859375,1.0004266500473022,1.7219741344451904
40200,1,enc,7.7481207847595215,0.3986819386482239,0.3330078125,2.1206607818603516,1.9938297271728516
40200,2,enc,3.5592470169067383,0.35664573311805725,0.135009765625,2.146070957183838,1.9345531463623047
40400,0,enc,9.667313575744629,0.3609926104545593,0.24365234375,1.0907714366912842,2.4255452156066895
40400,1,enc,7.702943325042725,0.4000072479248047,0.409423828125,2.794782876968384,2.3775737285614014
40400,2,enc,3.5401828289031982,0.5510593056678772,0.1619873046875,2.744331121444702,2.744331121444702
40400,0,fcst,5.735787391662598,0.7920045256614685,0.3662109375,2.6548922061920166,2.6548922061920166
40400,1,fcst,6.697777271270752,0.6483806371688843,0.2347412109375,2.6329405307769775,2.6329405307769775
40400,2,fcst,4.285218238830566,0.9350988268852234,0.6064453125,2.624951124191284,2.5908501148223877
40400,0,enc,9.778732299804688,0.37453770637512207,0.1690673828125,1.0033423900604248,1.8114385604858398
40400,1,enc,7.6517014503479,0.3843607008457184,0.33544921875,2.255873203277588,1.9300510883331299
40400,2,enc,3.524641513824463,0.35699012875556946,0.1593017578125,2.3056483268737793,2.2660181522369385
40600,0,enc,9.754030227661133,0.30241626501083374,0.2076416015625,1.0439060926437378,2.325989246368408
40600,1,enc,7.514094352722168,0.39233776926994324,0.40576171875,2.7482004165649414,2.3673410415649414
40600,2,enc,3.7155675888061523,0.4912528693675995,0.1383056640625,2.688772439956665,2.1947433948516846
40600,0,fcst,5.665323257446289,0.8331878781318665,0.367431640625,2.083665609359741,1.7738337516784668
40600,1,fcst,6.582212924957275,0.6151968240737915,0.2391357421875,2.0262291431427,2.3269410133361816
40600,2,fcst,4.3001580238342285,0.8897774815559387,0.5771484375,2.5731582641601562,2.5734376907348633
40600,0,enc,9.765300750732422,0.3067561089992523,0.19287109375,0.9962014555931091,1.8941606283187866
40600,1,enc,7.510697841644287,0.3469332456588745,0.4306640625,2.3176631927490234,2.1445674896240234
40600,2,enc,3.602285385131836,0.35942575335502625,0.1219482421875,2.3600869178771973,2.039088010787964
40800,0,enc,9.689398765563965,0.43057918548583984,0.2200927734375,1.0703438520431519,1.7937601804733276
40800,1,enc,7.417386531829834,0.47191905975341797,0.42041015625,2.258802652359009,1.8991020917892456
40800,2,enc,3.6696457862854004,0.4947860836982727,0.152587890625,2.6587679386138916,2.6251986026763916
40800,0,fcst,5.666673183441162,0.8735599517822266,0.380859375,2.5145270824432373,2.539517641067505
40800,1,fcst,6.734384536743164,0.6541177034378052,0.2440185546875,2.4874260425567627,2.4874260425567627
40800,2,fcst,4.254697799682617,0.9135303497314453,0.6015625,2.5600943565368652,2.5702922344207764
40800,0,enc,9.716226577758789,0.4409730136394501,0.1978759765625,0.9301586747169495,1.912187099456787
40800,1,enc,7.342726230621338,0.39092713594436646,0.358154296875,2.2718710899353027,2.1955161094665527
40800,2,enc,3.531587600708008,0.5230951309204102,0.14453125,2.4772896766662598,2.2609810829162598
41000,0,enc,9.913752555847168,0.3472059667110443,0.2275390625,1.051283359527588,2.569223165512085
41000,1,enc,7.406491279602051,0.3904624879360199,0.39892578125,2.764918088912964,2.595240354537964
41000,2,enc,3.695683717727661,0.4800456166267395,0.1617431640625,3.00736403465271,2.6555302143096924
41000,0,fcst,5.610995769500732,0.8893777132034302,0.35693359375,2.53163480758667,2.188142776489258
41000,1,fcst,6.816061496734619,0.6000871658325195,0.226318359375,2.1509268283843994,2.2597718238830566
41000,2,fcst,4.2933030128479,0.9238153696060181,0.583984375,2.8865151405334473,2.609368324279785
41000,0,enc,9.868677139282227,0.3390648066997528,0.1591796875,0.9577348232269287,2.293485164642334
41000,1,enc,7.319664478302002,0.35568666458129883,0.354736328125,2.6887354850769043,2.4763331413269043
41000,2,enc,3.5722384452819824,0.33006715774536133,0.1424560546875,2.8144984245300293,2.3401331901550293
41200,0,enc,9.856266975402832,0.3902805745601654,0.22607421875,1.008612871170044,2.1965067386627197
41200,1,enc,7.406343460083008,0.4501354694366455,0.452392578125,2.6332178115844727,2.367647171020508
41200,2,enc,3.779665470123291,0.6257369518280029,0.138671875,2.6682121753692627,2.1891539096832275
41200,0,fcst,5.651820659637451,0.8703754544258118,0.36181640625,2.129758834838867,1.8419761657714844
41200,1,fcst,6.503113746643066,0.6218653321266174,0.2259521484375,1.9500645399093628,2.2180240154266357
41200,2,fcst,4.264994144439697,0.8973221182823181,0.56640625,2.589752435684204,2.506880283355713
41200,0,enc,9.859371185302734,0.39979395270347595,0.1888427734375,1.037081003189087,2.0984909534454346
41200,1,enc,7.298769474029541,0.3912474811077118,0.324951171875,2.5796618461608887,2.3035387992858887
41200,2,enc,3.6611735820770264,0.3489498496055603,0.1561279296875,2.6055145263671875,2.2456512451171875
41400,0,enc,10.00106430053711,0.3931715488433838,0.2108154296875,1.0293711423873901,1.9961971044540405
41400,1,enc,7.490433692932129,0.4298829734325409,0.6259765625,2.215482711791992,2.0768651962280273
41400,2,enc,3.74080753326416,0.6059561371803284,0.1396484375,2.378678321838379,2.0851669311523438
41400,0,fcst,5.630919933319092,0.8862023949623108,0.397216796875,2.0094597339630127,2.0400919914245605
41400,1,fcst,6.683080196380615,0.6386110782623291,0.250732421875,1.9687916040420532,2.1488637924194336
41400,2,fcst,4.352723598480225,0.9628538489341736,0.6083984375,2.427689552307129,2.4082674980163574
41400,0,enc,9.929104804992676,0.3810659945011139,0.1942138671875,0.9431339502334595,1.6334254741668701
41400,1,enc,7.34425687789917,0.3676433563232422,0.41259765625,2.006591558456421,1.880737066268921
41400,2,enc,3.645169496536255,0.39809510111808777,0.1339111328125,2.198235511779785,1.9257745742797852
41600,0,enc,9.874149322509766,0.3722307085990906,0.2210693359375,1.1105329990386963,2.5262515544891357
41600,1,enc,7.4741716384887695,0.37503573298454285,0.60986328125,2.9971742630004883,2.827767848968506
41600,2,enc,3.744466543197632,0.511160671710968,0.154296875,3.026900291442871,2.8452868461608887
41600,0,fcst,5.739035129547119,0.9591833353042603,0.36328125,2.758666515350342,2.4456238746643066
41600,1,fcst,6.663079261779785,0.6466230154037476,0.231201171875,2.4456238746643066,2.3660809993743896
41600,2,fcst,4.354711532592773,0.931239128112793,0.6513671875,2.556291341781616,2.510427713394165
41600,0,enc,9.907548904418945,0.3766772747039795,0.1669921875,0.9691387414932251,1.9340789318084717
41600,1,enc,7.432657241821289,0.3617780804634094,0.335205078125,2.352548837661743,2.240488290786743
41600,2,enc,3.7767672538757324,0.34728336334228516,0.1419677734375,2.5070083141326904,2.3798110485076904
41800,0,enc,9.817119598388672,0.4293859302997589,0.2261962890625,1.0758998394012451,2.123861789703369
41800,1,enc,7.4303717613220215,0.43458291888237,0.45654296875,2.2090060710906982,2.1638739109039307
41800,2,enc,3.69826340675354,0.5496206283569336,0.1461181640625,2.473816394805908,2.1405858993530273
41800,0,fcst,5.640345573425293,0.853606641292572,0.369873046875,2.1405858993530273,2.1802587509155273
41800,1,fcst,6.671250343322754,0.639831006526947,0.22802734375,2.1802587509155273,2.1802587509155273
41800,2,fcst,4.490683078765869,0.9120283126831055,0.5771484375,2.3626062870025635,2.5030863285064697
41800,0,enc,9.85639476776123,0.42469459772109985,0.193115234375,1.0067856311798096,1.974106788635254
41800,1,enc,7.355016708374023,0.363277405500412,0.394775390625,2.078840732574463,2.0798630714416504
41800,2,enc,3.5857574939727783,0.3270346224308014,0.1456298828125,2.299410820007324,2.0407776832580566
42000,0,enc,9.858880043029785,0.41939783096313477,0.209228515625,1.0831403732299805,2.974571943283081
42000,1,enc,7.4390435218811035,0.39746367931365967,0.59326171875,3.4032905101776123,3.0343668460845947
42000,2,enc,3.7221453189849854,0.5857093334197998,0.1903076171875,3.3542463779449463,2.654919147491455
42000,0,fcst,5.7029595375061035,0.9655598402023315,0.389892578125,2.5693047046661377,2.5693047046661377
42000,1,fcst,6.509629249572754,0.6021627187728882,0.257080078125,2.5360701084136963,2.417119264602661
42000,2,fcst,4.3768205642700195,0.9269999265670776,0.59619140625,2.5582075119018555,2.6103248596191406
42000,0,enc,9.852191925048828,0.4226071834564209,0.185791015625,0.9906708002090454,2.555905342102051
42000,1,enc,7.416311740875244,0.3808461129665375,0.2890625,2.94026780128479,2.67000412940979
42000,2,enc,3.5731801986694336,0.4221547842025757,0.1466064453125,2.9900059700012207,2.4450840950012207
42200,0,enc,9.765640258789062,0.4663376212120056,0.240478515625,1.0033345222473145,2.8170695304870605
42200,1,enc,7.465769290924072,0.3989744484424591,0.45947265625,3.2599709033966064,2.766535520553589
42200,2,enc,3.723609209060669,0.5349758267402649,0.1385498046875,2.766535520553589,2.371178150177002
42200,0,fcst,5.68589448928833,0.8001527786254883,0.3798828125,2.2508561611175537,2.2508561611175537
42200,1,fcst,6.5360636711120605,0.6088700294494629,0.23583984375,2.162472724914551,2.4544386863708496
42200,2,fcst,4.4151411056518555,0.9130290746688843,0.5380859375,3.2432801723480225,2.929966449737549
42200,0,enc,9.845826148986816,0.4597652852535248,0.2216796875,0.9613850116729736,1.929762840270996
42200,1,enc,7.419609546661377,0.43792641162872314,0.349609375,2.3664064407348633,1.9896974563598633
42200,2,enc,3.5881705284118652,0.37351036071777344,0.135009765625,2.2496016025543213,1.9278465509414673
42400,0,enc,9.779020309448242,0.4031701982021332,0.2261962890625,1.0578938722610474,2.054547071456909
42400,1,enc,7.423398494720459,0.4098033308982849,0.7080078125,2.543626546859741,2.2010159492492676
42400,2,enc,3.794745445251465,0.5542919039726257,0.1640625,2.424659252166748,2.086801528930664
42400,0,fcst,5.6595988273620605,0.8248679637908936,0.392578125,1.9695430994033813,1.8651806116104126
42400,1,fcst,6.595270156860352,0.6206392645835876,0.2261962890625,1.9479577541351318,2.275942325592041
42400,2,fcst,4.443796157836914,0.9041978120803833,0.59033203125,2.5567617416381836,2.5188522338867188
42400,0,enc,9.776786804199219,0.39386022090911865,0.22265625,0.9802901744842529,1.932070255279541
42400,1,enc,7.320789337158203,0.3196873664855957,0.525390625,2.3352527618408203,2.1056385040283203
42400,2,enc,3.612297773361206,0.3619172275066376,0.1512451171875,2.4174916744232178,1.9992787837982178
42600,0,enc,9.806062698364258,0.43234843015670776,0.23486328125,1.0220861434936523,2.5947000980377197
42600,1,enc,7.499380588531494,0.38132381439208984,0.5244140625,2.5947000980377197,2.2001800537109375
42600,2,enc,3.750861644744873,0.5659056305885315,0.145751953125,2.3993823528289795,2.20120906829834
42600,0,fcst,5.65284538269043,0.8151875138282776,0.37255859375,2.1212549209594727,2.1082420349121094
42600,1,fcst,6.61642599105835,0.6015745997428894,0.224609375,2.1260669231414795,2.1103672981262207
42600,2,fcst,4.44672966003418,0.85004061460495,0.548828125,2.4253687858581543,2.4862005710601807
42600,0,enc,9.818741798400879,0.44740381836891174,0.1944580078125,0.9474900960922241,2.319423198699951
42600,1,enc,7.402534008026123,0.34896793961524963,0.31591796875,2.7688519954681396,2.3611371517181396
42600,2,enc,3.5802745819091797,0.36658647656440735,0.1524658203125,2.598137617111206,2.197014570236206
42800,0,enc,9.84383487701416,0.3471589684486389,0.302978515625,1.1117875576019287,2.106776475906372
42800,1,enc,7.513020038604736,0.44226083159446716,0.482666015625,2.3722052574157715,2.106776475906372
42800,2,enc,3.7254574298858643,0.5317389369010925,0.13916015625,2.2412452697753906,2.2107632160186768
42800,0,fcst,5.683034420013428,0.8830129504203796,0.364013671875,2.1145741939544678,2.1145741939544678
42800,1,fcst,6.497408866882324,0.6030018329620361,0.232177734375,2.1145741939544678,2.186929702758789
42800,2,fcst,4.431549072265625,0.9042333364486694,0.5439453125,2.534766674041748,2.6407644748687744
42800,0,enc,9.87568187713623,0.36704549193382263,0.269287109375,1.0299391746520996,1.774141788482666
42800,1,enc,7.504174709320068,0.35018208622932434,0.322265625,2.177645444869995,1.9770839214324951
42800,2,enc,3.510956048965454,0.3561457097530365,0.14013671875,2.1613945960998535,1.876991868019104
43000,0,enc,9.771489143371582,0.35514140129089355,0.276123046875,1.0651965141296387,2.2686116695404053
43000,1,enc,7.435328483581543,0.4726296365261078,0.49658203125,2.6345014572143555,2.4675416946411133
43000,2,enc,3.660816192626953,0.6154274940490723,0.1502685546875,2.7043375968933105,2.323505401611328
43000,0,fcst,5.697947025299072,0.9117401242256165,0.36376953125,2.247189998626709,2.022918701171875
43000,1,fcst,6.529751777648926,0.6107399463653564,0.249755859375,2.0282554626464844,2.172022819519043
43000,2,fcst,4.4660820960998535,0.884479820728302,0.5400390625,2.613842725753784,2.613842725753784
43000,0,enc,9.792032241821289,0.3587988018989563,0.2318115234375,1.062721848487854,1.931926965713501
43000,1,enc,7.369268894195557,0.37896251678466797,0.353271484375,2.331110715866089,2.079157590866089
43000,2,enc,3.6165997982025146,0.3180164098739624,0.1490478515625,2.3179502487182617,1.9027788639068604
43200,0,enc,9.917253494262695,0.4027087092399597,0.2310791015625,1.065647840499878,2.204934597015381
43200,1,enc,7.455941200256348,0.4639948308467865,0.405517578125,2.5773472785949707,2.4088902473449707
43200,2,enc,3.6967530250549316,0.6423570513725281,0.1373291015625,2.6726484298706055,2.3197295665740967
43200,0,fcst,5.601925849914551,0.9393621683120728,0.3662109375,2.2320876121520996,2.2320876121520996
43200,1,fcst,6.3063459396362305,0.5715814232826233,0.209228515625,2.2152016162872314,2.249812126159668
43200,2,fcst,4.514510154724121,0.9010553359985352,0.5048828125,2.6577744483947754,2.6743557453155518
43200,0,enc,9.919499397277832,0.4066977798938751,0.2159423828125,1.0029737949371338,1.8131895065307617
43200,1,enc,7.367422103881836,0.38444840908050537,0.30224609375,2.205759048461914,2.039011001586914
43200,2,enc,3.640315532684326,0.3845904767513275,0.149169921875,2.3225185871124268,1.9895684719085693
43400,0,enc,10.0235595703125,0.36612462997436523,0.264404296875,1.097532033920288,2.157775640487671
43400,1,enc,7.400195598602295,0.42059126496315,0.457763671875,2.615744113922119,2.247091770172119
43400,2,enc,3.824134588241577,0.5395899415016174,0.1500244140625,2.393775701522827,2.393775701522827
43400,0,fcst,5.540891170501709,0.805639922618866,0.375244140625,2.3295176029205322,1.8326789140701294
43400,1,fcst,6.643060207366943,0.573339581489563,0.248291015625,2.014673948287964,2.2213797569274902
43400,2,fcst,4.442575454711914,0.8667381405830383,0.53564453125,2.5388412475585938,2.4956319332122803
43400,0,enc,10.025444030761719,0.35569703578948975,0.2362060546875,1.0423396825790405,2.0566484928131104
43400,1,enc,7.370102405548096,0.3352271020412445,0.361572265625,2.399986982345581,2.191368818283081
43400,2,enc,3.6559107303619385,0.3477725088596344,0.136474609375,2.4354379177093506,2.0362679958343506
43600,0,enc,9.927284240722656,0.41176295280456543,0.2646484375,1.0716365575790405,2.4028546810150146
43600,1,enc,7.49227237701416,0.45694220066070557,0.55126953125,2.8067145347595215,2.8067145347595215
43600,2,enc,3.723848581314087,0.5592755675315857,0.1790771484375,3.0565052032470703,2.602674961090088
43600,0,fcst,5.526792526245117,0.8977445363998413,0.38427734375,2.5224571228027344,2.3456852436065674
43600,1,fcst,6.281483173370361,0.5673548579216003,0.2225341796875,2.299980640411377,2.293571949005127
43600,2,fcst,4.467220306396484,0.8817125558853149,0.53564453125,2.991875171661377,2.75627064704895
43600,0,enc,9.946610450744629,0.40607523918151855,0.224853515625,0.9841130971908569,2.0250890254974365
43600,1,enc,7.449160099029541,0.38862344622612,0.50146484375,2.386443853378296,2.306365728378296
43600,2,enc,3.773855447769165,0.3684723973274231,0.189208984375,2.5300331115722656,2.2930734157562256
43800,0,enc,9.977140426635742,0.3836848735809326,0.2467041015625,1.089678406715393,2.697831869125366
43800,1,enc,7.383653163909912,0.39149898290634155,0.56103515625,2.9419920444488525,2.890148162841797
43800,2,enc,3.690225601196289,0.44472017884254456,0.154541015625,3.163531541824341,2.59840989112854
43800,0,fcst,5.669701099395752,0.8471884727478027,0.38671875,2.473423480987549,1.9913814067840576
43800,1,fcst,6.433587551116943,0.5793874859809875,0.2421875,1.968949794769287,2.1824679374694824
43800,2,fcst,4.473958492279053,0.8899633884429932,0.54931640625,2.5116636753082275,2.58646559715271
43800,0,enc,9.979385375976562,0.3826594650745392,0.2257080078125,1.0176830291748047,2.0638864040374756
43800,1,enc,7.321741104125977,0.3471822738647461,0.2841796875,2.3372175693511963,2.0907576084136963
43800,2,enc,3.719161033630371,0.39784833788871765,0.1534423828125,2.3511457443237305,2.1840903759002686
44000,0,enc,9.964927673339844,0.29914841055870056,0.279052734375,1.0742422342300415,2.421729803085327
44000,1,enc,7.340725421905518,0.48757922649383545,0.496337890625,2.7371037006378174,2.3315589427948
44000,2,enc,3.6545827388763428,0.4723132848739624,0.1485595703125,2.7788209915161133,2.2585301399230957
44000,0,fcst,5.641567707061768,0.8621649146080017,0.3955078125,2.248976945877075,2.032719850540161
44000,1,fcst,6.444162845611572,0.5943942666053772,0.2489013671875,1.9715770483016968,2.1796772480010986
44000,2,fcst,4.4186859130859375,0.8619281053543091,0.5048828125,2.8353111743927,2.5289769172668457
44000,0,enc,9.97862720489502,0.29598933458328247,0.224853515625,1.0074981451034546,1.8712564706802368
44000,1,enc,7.302441596984863,0.3626292645931244,0.380859375,2.265136957168579,1.9317107200622559
44000,2,enc,3.610537052154541,0.33200007677078247,0.142822265625,2.118302822113037,1.900041103363037
44200,0,enc,10.035933494567871,0.3136198818683624,0.27392578125,1.2303017377853394,2.1010777950286865
44200,1,enc,7.31126070022583,0.47976812720298767,0.474609375,2.4457738399505615,2.127577304840088
44200,2,enc,3.5783982276916504,0.5384732484817505,0.154052734375,2.127577304840088,2.127577304840088
44200,0,fcst,5.565929889678955,1.0094033479690552,0.40283203125,2.127577304840088,1.9457464218139648
44200,1,fcst,6.371517658233643,0.5919769406318665,0.2239990234375,1.9924598932266235,2.0964009761810303
44200,2,fcst,4.492678165435791,0.8458934426307678,0.501953125,2.6477038860321045,2.6252243518829346
44200,0,enc,9.995266914367676,0.3047155737876892,0.1878662109375,1.0352387428283691,1.7488234043121338
44200,1,enc,7.31993293762207,0.3904055655002594,0.382568359375,2.1448616981506348,1.9399056434631348
44200,2,enc,3.561753273010254,0.37608110904693604,0.130126953125,2.2164652347564697,1.9738516807556152
44400,0,enc,10.122720718383789,0.31630221009254456,0.297607421875,1.044323205947876,2.2330424785614014
44400,1,enc,7.399227142333984,0.3951509892940521,0.414794921875,2.646925449371338,2.646925449371338
44400,2,enc,3.714064836502075,0.42983999848365784,0.1572265625,3.0440139770507812,3.0440139770507812
44400,0,fcst,5.6791253089904785,0.9316632747650146,0.427490234375,2.9463984966278076,2.083197593688965
44400,1,fcst,6.248274803161621,0.5985358357429504,0.2259521484375,2.035310983657837,2.12046217918396
44400,2,fcst,4.574347496032715,0.7907546758651733,0.50146484375,2.496448040008545,2.442906618118286
44400,0,enc,10.083168983459473,0.3183329999446869,0.261962890625,1.0088120698928833,2.154797315597534
44400,1,enc,7.326472759246826,0.37655243277549744,0.3154296875,2.557563304901123,2.268256664276123
44400,2,enc,3.7471439838409424,0.3827609419822693,0.1866455078125,2.6585745811462402,2.2542519569396973
44600,0,enc,10.114055633544922,0.3138628602027893,0.287841796875,1.1400530338287354,1.7663432359695435
44600,1,enc,7.569132328033447,0.4180556833744049,0.5966796875,2.1805741786956787,1.8403435945510864
44600,2,enc,3.6871907711029053,0.43084707856178284,0.136474609375,2.12091064453125,2.032867431640625
44600,0,fcst,5.718227386474609,0.7597525119781494,0.39990234375,1.9399802684783936,1.9398289918899536
44600,1,fcst,6.419107437133789,0.6536240577697754,0.2281494140625,1.8751529455184937,2.122116804122925
44600,2,fcst,4.501485824584961,0.8789446949958801,0.51904296875,2.432943344116211,2.4444425106048584
44600,0,enc,10.129508018493652,0.30831870436668396,0.261474609375,1.027768611907959,1.886809229850769
44600,1,enc,7.533265590667725,0.4247983396053314,0.40185546875,2.2570152282714844,1.9013023376464844
44600,2,enc,3.595989227294922,0.48555445671081543,0.136474609375,2.1488261222839355,1.9968957901000977
44800,0,enc,10.193644523620605,0.4084007740020752,0.287841796875,1.071533203125,2.706986904144287
44800,1,enc,7.665891647338867,0.37967225909233093,0.3828125,2.6398565769195557,2.7140157222747803
44800,2,enc,3.7333755493164062,0.4674077033996582,0.15673828125,2.9139199256896973,2.755906581878662
44800,0,fcst,5.545282363891602,0.9810957312583923,0.39501953125,2.688593864440918,2.362468957901001
44800,1,fcst,6.321071624755859,0.6045826077461243,0.23095703125,2.4608497619628906,2.436842679977417
44800,2,fcst,4.516458511352539,0.8291656374931335,0.48388671875,2.5550432205200195,2.545334577560425
44800,0,enc,10.20919132232666,0.4019640386104584,0.263916015625,1.0178343057632446,1.7367714643478394
44800,1,enc,7.614391803741455,0.34989169239997864,0.2181396484375,2.0865039825439453,1.894075870513916
44800,2,enc,3.6007657051086426,0.36253446340560913,0.1600341796875,2.311058282852173,2.2977449893951416
45000,0,enc,10.40651798248291,0.3933454751968384,0.2646484375,1.048177719116211,2.442723512649536
45000,1,enc,7.848130702972412,0.4717857241630554,0.60693359375,2.442723512649536,2.3142917156219482
45000,2,enc,3.6824378967285156,0.5583782196044922,0.154296875,2.7087583541870117,2.3825063705444336
45000,0,fcst,5.611472129821777,0.9496667385101318,0.380859375,2.3063480854034424,2.0519349575042725
45000,1,fcst,6.382150173187256,0.6006760597229004,0.2484130859375,2.0519349575042725,2.145442008972168
45000,2,fcst,4.442512512207031,0.812709391117096,0.515625,2.6227774620056152,2.7061922550201416
45000,0,enc,10.380112648010254,0.39972221851348877,0.25634765625,0.9722363948822021,2.1076712608337402
45000,1,enc,7.753126621246338,0.3441622853279114,0.264892578125,2.457512855529785,2.096673011779785
45000,2,enc,3.632097005844116,0.3975384533405304,0.1431884765625,2.4905524253845215,2.0283942222595215
45200,0,enc,10.257248878479004,0.3441038131713867,0.250732421875,0.993421196937561,2.0341434478759766
45200,1,enc,7.816286563873291,0.40080755949020386,0.38623046875,2.4275104999542236,2.261003017425537
45200,2,enc,3.5769166946411133,0.46582385897636414,0.137939453125,2.5546727180480957,2.294013023376465
45200,0,fcst,5.584254741668701,0.8777359127998352,0.375,2.1975257396698,1.8151798248291016
45200,1,fcst,6.366195201873779,0.6092835664749146,0.2320556640625,1.8541477918624878,2.1009814739227295
45200,2,fcst,4.549584865570068,0.8026870489120483,0.44775390625,2.6481218338012695,2.628957986831665
45200,0,enc,10.263586044311523,0.3534187376499176,0.2286376953125,0.9643058776855469,1.9756624698638916
45200,1,enc,7.786410331726074,0.36712226271629333,0.263427734375,2.338104009628296,2.115081548690796
45200,2,enc,3.5058422088623047,0.378618061542511,0.1552734375,2.3989219665527344,2.105760335922241
45400,0,enc,10.140365600585938,0.366311252117157,0.2425537109375,1.0245481729507446,2.013901472091675
45400,1,enc,7.830250263214111,0.4129675030708313,0.474365234375,2.3806045055389404,2.3806045055389404
45400,2,enc,3.5946743488311768,0.4971795678138733,0.1409912109375,2.7937843799591064,2.20621919631958
45400,0,fcst,5.5937652587890625,0.8596774339675903,0.376708984375,2.1146602630615234,1.803774356842041
45400,1,fcst,6.35635232925415,0.5890397429466248,0.239501953125,1.9499974250793457,2.303678512573242
45400,2,fcst,4.576343059539795,0.7996326088905334,0.473876953125,2.549467086791992,2.559502601623535
45400,0,enc,10.14547348022461,0.3447287380695343,0.2281494140625,0.9818264245986938,2.0503482818603516
45400,1,enc,7.84608268737793,0.327778697013855,0.2509765625,2.401050567626953,2.150318145751953
45400,2,enc,3.574232339859009,0.38441693782806396,0.13330078125,2.494539976119995,2.069735288619995
45600,0,enc,10.21509838104248,0.34578096866607666,0.239990234375,1.005355954170227,2.3817625045776367
45600,1,enc,7.832148551940918,0.38887208700180054,0.439453125,2.7637200355529785,2.5780375003814697
45600,2,enc,3.605027675628662,0.4695955812931061,0.13916015625,3.0566465854644775,2.3670849800109863
45600,0,fcst,5.543485641479492,0.9749956130981445,0.401123046875,2.2732484340667725,2.030763626098633
45600,1,fcst,6.405689716339111,0.695839524269104,0.2451171875,2.023355007171631,2.154198169708252
45600,2,fcst,4.583839416503906,0.8218421936035156,0.47265625,2.5251357555389404,2.495059013366699
45600,0,enc,10.217792510986328,0.33211904764175415,0.2275390625,0.97235506772995,2.0890653133392334
45600,1,enc,7.791008472442627,0.3621711730957031,0.362060546875,2.5031683444976807,2.321531295776367
45600,2,enc,3.6723742485046387,0.3780747652053833,0.13818359375,2.69496488571167,2.32167387008667
45800,0,enc,10.22589111328125,0.3496888279914856,0.257080078125,1.0585193634033203,2.222964286804199
45800,1,enc,7.999785900115967,0.3830643892288208,0.4541015625,2.7993764877319336,2.6261723041534424
45800,2,enc,3.649465799331665,0.4538160562515259,0.12213134765625,2.9520888328552246,2.5647189617156982
45800,0,fcst,5.556950092315674,1.0072669982910156,0.38134765625,2.4952232837677,2.077200174331665
45800,1,fcst,6.469273567199707,0.6067494750022888,0.2403564453125,2.034003496170044,2.1781466007232666
45800,2,fcst,4.514857292175293,0.8190944194793701,0.48046875,2.6067843437194824,2.495074987411499
45800,0,enc,10.212106704711914,0.36961886286735535,0.2264404296875,0.9869081974029541,2.1529061794281006
45800,1,enc,7.974461555480957,0.34736958146095276,0.255615234375,2.504054546356201,2.278224468231201
45800,2,enc,3.5431814193725586,0.3356949985027313,0.1474609375,2.6332881450653076,2.1454951763153076
46000,0,enc,9.892763137817383,0.4074593782424927,0.231201171875,1.0894250869750977,2.961228132247925
46000,1,enc,8.010625839233398,0.3610590398311615,0.433349609375,3.3553948402404785,2.979689598083496
46000,2,enc,3.67097806930542,0.4940563440322876,0.146240234375,3.380852222442627,2.7683305740356445
46000,0,fcst,5.663949489593506,0.9786556959152222,0.36572265625,2.7683305740356445,2.1764252185821533
46000,1,fcst,6.451459884643555,0.600097119808197,0.2386474609375,2.0992579460144043,2.1904735565185547
46000,2,fcst,4.569457530975342,0.8140259385108948,0.49609375,2.658287286758423,2.5814566612243652
46000,0,enc,10.015472412109375,0.37890365719795227,0.214111328125,1.0475420951843262,2.726844310760498
46000,1,enc,7.962878227233887,0.3519502580165863,0.25927734375,3.0887346267700195,2.7706193923950195
46000,2,enc,3.6299822330474854,0.4188946485519409,0.138427734375,3.0744967460632324,2.5618014335632324
46200,0,enc,10.071494102478027,0.319316565990448,0.2333984375,1.103174090385437,2.616112232208252
46200,1,enc,8.150750160217285,0.3881322145462036,0.405517578125,3.0516388416290283,2.581369161605835
46200,2,enc,3.744927406311035,0.5034006237983704,0.136962890625,3.016230821609497,2.4279396533966064
46200,0,fcst,5.541945457458496,0.8786841034889221,0.390625,2.3132340908050537,2.152982473373413
46200,1,fcst,6.416312217712402,0.5985923409461975,0.25390625,2.130399703979492,2.30721378326416
46200,2,fcst,4.5587615966796875,0.8381398916244507,0.5078125,2.638333559036255,2.6574578285217285
46200,0,enc,10.075061798095703,0.33317500352859497,0.20751953125,1.0103658437728882,2.4015345573425293
46200,1,enc,8.07373332977295,0.3747238218784332,0.2352294921875,2.7744064331054688,2.4089279174804688
46200,2,enc,3.704341411590576,0.40654146671295166,0.126708984375,2.730431318283081,2.279890298843384
46400,0,enc,10.089266777038574,0.2723567485809326,0.2213134765625,1.0747408866882324,2.2501165866851807
46400,1,enc,8.24379825592041,0.3929060399532318,0.64111328125,2.710411310195923,2.6244020462036133
46400,2,enc,3.7483019828796387,0.49291712045669556,0.14794921875,2.95546555519104,2.339146137237549
46400,0,fcst,5.60767126083374,0.9240946769714355,0.36083984375,2.243307590484619,2.205920457839966
46400,1,fcst,6.365163326263428,0.5912418961524963,0.260498046875,2.231492757797241,2.301025390625
46400,2,fcst,4.528768062591553,0.802051305770874,0.47216796875,2.647429943084717,2.638486623764038
46400,0,enc,10.064895629882812,0.28281593322753906,0.1903076171875,0.9712857604026794,2.033919334411621
46400,1,enc,8.182064056396484,0.36541467905044556,0.468017578125,2.5039966106414795,2.2038421630859375
46400,2,enc,3.712663173675537,0.39815211296081543,0.1419677734375,2.5575790405273438,2.2375106811523438
46600,0,enc,10.064824104309082,0.42147934436798096,0.213134765625,1.0845991373062134,3.11491322517395
46600,1,enc,8.262730598449707,0.44830048084259033,0.37744140625,3.11491322517395,2.845951557159424
46600,2,enc,3.7449824810028076,0.6133778095245361,0.1419677734375,3.0884525775909424,2.4976322650909424
46600,0,fcst,5.500912666320801,0.8955403566360474,0.388916015625,2.4976322650909424,1.990852952003479
46600,1,fcst,6.402313709259033,0.570047914981842,0.2366943359375,1.990852952003479,2.219719409942627
46600,2,fcst,4.575006008148193,0.8159390091896057,0.47509765625,2.494730234146118,2.5535953044891357
46600,0,enc,10.062374114990234,0.411054790019989,0.1839599609375,1.01101815700531,2.526442289352417
46600,1,enc,8.159317016601562,0.41270461678504944,0.259521484375,2.814744472503662,2.5493979454040527
46600,2,enc,3.614173173904419,0.40511322021484375,0.1402587890625,2.8568525314331055,2.3465986251831055
46800,0,enc,9.927457809448242,0.3711480498313904,0.2449951171875,1.1157162189483643,2.4293711185455322
46800,1,enc,8.265155792236328,0.4002957344055176,0.469970703125,2.802680730819702,2.7286248207092285
46800,2,enc,3.781392812728882,0.4756886065006256,0.1298828125,2.771397113800049,2.771397113800049
46800,0,fcst,5.590969562530518,1.10835599899292,0.368408203125,2.6571288108825684,2.252669095993042
46800,1,fcst,6.4716291427612305,0.6033300757408142,0.261962890625,2.2175025939941406,2.1962156295776367
46800,2,fcst,4.561162948608398,0.8265110850334167,0.486572265625,2.505547285079956,2.583739995956421
46800,0,enc,10.00306224822998,0.370235413312912,0.1873779296875,1.0649077892303467,2.1062517166137695
46800,1,enc,8.235159873962402,0.39893001317977905,0.255126953125,2.4814906120300293,2.412050724029541
46800,2,enc,3.7190959453582764,0.42508241534233093,0.13916015625,2.747384548187256,2.529977321624756
47000,0,enc,10.034257888793945,0.38965919613838196,0.2164306640625,1.0597093105316162,2.753331422805786
47000,1,enc,8.368532180786133,0.40875452756881714,0.418212890625,3.2708752155303955,2.869670867919922
47000,2,enc,3.7662291526794434,0.4376392960548401,0.1378173828125,3.0976569652557373,2.8460397720336914
47000,0,fcst,5.565847873687744,0.8593078851699829,0.344482421875,2.7694449424743652,2.5884411334991455
47000,1,fcst,6.6070404052734375,0.6341869235038757,0.2337646484375,2.5637922286987305,2.397505283355713
47000,2,fcst,4.490706443786621,0.8156450986862183,0.470458984375,2.4862096309661865,2.611142158508301
47000,0,enc,10.0714111328125,0.37834790349006653,0.1671142578125,1.029289722442627,2.3594629764556885
47000,1,enc,8.312324523925781,0.3597683906555176,0.41015625,2.761401653289795,2.396411418914795
47000,2,enc,3.720064640045166,0.37272894382476807,0.1455078125,2.765655517578125,2.389434814453125
47200,0,enc,10.116087913513184,0.3620530962944031,0.2073974609375,1.1743031740188599,2.5727334022521973
47200,1,enc,8.25852108001709,0.38858968019485474,0.4755859375,2.922496795654297,2.5630791187286377
47200,2,enc,3.8363988399505615,0.4611409902572632,0.12939453125,2.8312535285949707,2.5978636741638184
47200,0,fcst,5.510994911193848,0.8498018383979797,0.399658203125,2.506639242172241,2.1832480430603027
47200,1,fcst,6.41448974609375,0.6666573882102966,0.2457275390625,2.161372423171997,2.193941354751587
47200,2,fcst,4.698669910430908,0.8004380464553833,0.45947265625,2.539207696914673,2.600175142288208
47200,0,enc,10.11697769165039,0.3885846734046936,0.1771240234375,1.065189242362976,2.5854969024658203
47200,1,enc,8.200995445251465,0.37110134959220886,0.2093505859375,2.7594869136810303,2.6239888668060303
47200,2,enc,3.7122225761413574,0.4357638657093048,0.1317138671875,2.9428093433380127,2.5792839527130127
47400,0,enc,10.011406898498535,0.4545383155345917,0.219970703125,1.099394679069519,2.9236934185028076
47400,1,enc,8.2593994140625,0.3941681981086731,0.4453125,3.340163230895996,2.6728453636169434
47400,2,enc,3.8096296787261963,0.5136734843254089,0.1331787109375,3.045363187789917,3.045363187789917
47400,0,fcst,5.56612491607666,0.8462679386138916,0.359375,2.926132917404175,2.062417507171631
47400,1,fcst,6.416921615600586,0.605281412601471,0.2366943359375,1.995086908340454,2.1029460430145264
47400,2,fcst,4.5663299560546875,0.805514395236969,0.471435546875,2.4425902366638184,2.3657402992248535
47400,0,enc,10.071840286254883,0.45171570777893066,0.1695556640625,1.0146865844726562,2.435102701187134
47400,1,enc,8.187457084655762,0.39016735553741455,0.23486328125,2.703956365585327,2.242774724960327
47400,2,enc,3.785115957260132,0.39563143253326416,0.1229248046875,2.557857036590576,2.1412839889526367
47600,0,enc,10.041339874267578,0.35521113872528076,0.1983642578125,1.1369446516036987,2.663585901260376
47600,1,enc,8.19604206085205,0.36950236558914185,0.45751953125,2.886382818222046,2.621490240097046
47600,2,enc,3.895045518875122,0.4582625925540924,0.1285400390625,2.8252243995666504,2.3966760635375977
47600,0,fcst,5.658804416656494,1.0216704607009888,0.373046875,2.3966760635375977,1.964158296585083
47600,1,fcst,6.389348983764648,0.6317459940910339,0.2322998046875,1.9775360822677612,2.156552314758301
47600,2,fcst,4.577255725860596,0.8189226984977722,0.462646484375,2.787551164627075,2.7562198638916016
47600,0,enc,10.048145294189453,0.36185210943222046,0.1864013671875,1.0297694206237793,2.3336493968963623
47600,1,enc,8.179551124572754,0.34841230511665344,0.30859375,2.6202454566955566,2.4284729957580566
47600,2,enc,3.788335084915161,0.40942513942718506,0.14404296875,2.734679698944092,2.3867475986480713
47800,0,enc,10.04673957824707,0.409114807844162,0.2142333984375,1.1038413047790527,2.2744534015655518
47800,1,enc,8.306869506835938,0.3971102237701416,0.402587890625,2.2744534015655518,2.140491485595703
47800,2,enc,3.9235615730285645,0.5524863004684448,0.1370849609375,2.4581050872802734,2.317633628845215
47800,0,fcst,5.584662914276123,0.939359188079834,0.385986328125,2.317633628845215,1.903895616531372
47800,1,fcst,6.470190525054932,0.656123697757721,0.2342529296875,1.8736053705215454,2.1392171382904053
47800,2,fcst,4.618585109710693,0.8242876529693604,0.490478515625,2.460172176361084,2.5368125438690186
47800,0,enc,10.052566528320312,0.4141375720500946,0.170654296875,1.0531964302062988,2.347566843032837
47800,1,enc,8.224514961242676,0.3668365180492401,0.222900390625,2.6583235263824463,2.5316145420074463
47800,2,enc,3.847862958908081,0.4766007363796234,0.1292724609375,2.824883222579956,2.543877363204956
48000,0,enc,10.027944564819336,0.3826805055141449,0.2197265625,1.1941018104553223,2.7679855823516846
48000,1,enc,8.133058547973633,0.374867707490921,0.43359375,2.9686431884765625,2.618769645690918
48000,2,enc,3.9014651775360107,0.5474085807800293,0.1348876953125,2.9583778381347656,2.7121658325195312
48000,0,fcst,5.4965105056762695,0.876995861530304,0.34423828125,2.5996155738830566,2.5996155738830566
48000,1,fcst,6.460941791534424,0.6663523316383362,0.2369384765625,2.550553560256958,2.3506295680999756
48000,2,fcst,4.600139141082764,0.7967913150787354,0.44970703125,2.540229082107544,2.6929006576538086
48000,0,enc,10.068830490112305,0.37499311566352844,0.156494140625,1.0633245706558228,2.563028335571289
48000,1,enc,8.081422805786133,0.3560876250267029,0.2763671875,2.826258420944214,2.626551389694214
48000,2,enc,3.871920585632324,0.3583565056324005,0.1343994140625,2.886726140975952,2.581033706665039
48200,0,enc,9.968907356262207,0.3460994064807892,0.2139892578125,1.0969271659851074,2.933833599090576
48200,1,enc,8.19242000579834,0.3582616448402405,0.425537109375,3.192939519882202,2.9785027503967285
48200,2,enc,3.906776189804077,0.4430663585662842,0.12310791015625,3.2938599586486816,2.994109630584717
48200,0,fcst,5.542145729064941,0.9053556323051453,0.352294921875,2.8884921073913574,2.37308406829834
48200,1,fcst,6.338227272033691,0.6181872487068176,0.246826171875,2.2953271865844727,2.1008830070495605
48200,2,fcst,4.622347831726074,0.7950356006622314,0.473388671875,2.7347631454467773,2.536308765411377
48200,0,enc,10.010946273803711,0.3390238881111145,0.137451171875,1.042862057685852,2.9776227474212646
48200,1,enc,8.140708923339844,0.33066847920417786,0.1951904296875,3.2157273292541504,3.0677781105041504
48200,2,enc,3.8329226970672607,0.3548397421836853,0.1328125,3.2933878898620605,3.0178518295288086
48400,0,enc,9.90478801727295,0.3644426763057709,0.2254638671875,1.1306025981903076,3.1765401363372803
48400,1,enc,8.214226722717285,0.3665339946746826,0.4912109375,3.4080100059509277,3.365997552871704
48400,2,enc,3.991549253463745,0.4581826329231262,0.142578125,3.576575517654419,3.1534736156463623
48400,0,fcst,5.615981101989746,0.9040041565895081,0.321044921875,3.1534736156463623,2.4177966117858887
48400,1,fcst,6.381383419036865,0.6322585940361023,0.241455078125,2.3577003479003906,2.204163074493408
48400,2,fcst,4.6205315589904785,0.8239555954933167,0.56201171875,2.5466816425323486,2.440209150314331
48400,0,enc,9.8888521194458,0.37158074975013733,0.1812744140625,1.0478476285934448,2.6506738662719727
48400,1,enc,8.026309967041016,0.3575070798397064,0.226806640625,2.9210221767425537,2.9380204677581787
48400,2,enc,3.896602153778076,0.38635608553886414,0.1357421875,3.2301414012908936,2.8258445262908936
48600,0,enc,9.92095947265625,0.5173061490058899,0.2147216796875,1.1082944869995117,2.9118030071258545
48600,1,enc,8.213913917541504,0.3676281273365021,0.3916015625,3.118748188018799,2.9443302154541016
48600,2,enc,4.093615531921387,0.4590816795825958,0.1365966796875,3.270841598510742,2.953582763671875
48600,0,fcst,5.480910778045654,0.8760792016983032,0.3984375,2.872973918914795,2.3770971298217773
48600,1,fcst,6.144735336303711,0.5936253070831299,0.2396240234375,2.3770971298217773,2.2824313640594482
48600,2,fcst,4.602682113647461,0.7938373684883118,0.45947265625,3.0376620292663574,3.0376620292663574
48600,0,enc,9.938347816467285,0.5151430368423462,0.1630859375,1.006002426147461,2.4588255882263184
48600,1,enc,8.16358470916748,0.35882654786109924,0.1812744140625,2.652092695236206,2.560662031173706
48600,2,enc,4.021907329559326,0.3838655650615692,0.1346435546875,2.769166946411133,2.508582592010498
48800,0,enc,9.793052673339844,0.4225577414035797,0.1883544921875,1.0885370969772339,2.403529644012451
48800,1,enc,8.249725341796875,0.40446674823760986,0.53955078125,2.662290334701538,2.662290334701538
48800,2,enc,4.097521781921387,0.529961109161377,0.130126953125,2.944469928741455,2.660684108734131
48800,0,fcst,5.4981536865234375,0.9757941365242004,0.340576171875,2.660684108734131,2.1642637252807617
48800,1,fcst,6.468331813812256,0.6269821524620056,0.224853515625,2.222641944885254,2.1855123043060303
48800,2,fcst,4.617814540863037,0.7983853220939636,0.441650390625,2.4766392707824707,2.4944920539855957
48800,0,enc,9.805196762084961,0.42350465059280396,0.15966796875,1.0525331497192383,2.6372861862182617
48800,1,enc,8.277490615844727,0.36223506927490234,0.253662109375,2.7149038314819336,2.4563589096069336
48800,2,enc,4.039186000823975,0.3494996726512909,0.138916015625,2.6835200786590576,2.3778560161590576
49000,0,enc,9.953865051269531,0.38227471709251404,0.18701171875,1.098475694656372,2.698314905166626
49000,1,enc,8.263442993164062,0.40005919337272644,0.41064453125,2.71699857711792,2.6584830284118652
49000,2,enc,4.131899833679199,0.4785490930080414,0.1690673828125,2.8789029121398926,2.625403642654419
49000,0,fcst,5.538132190704346,0.9526768922805786,0.391845703125,2.539555788040161,2.539555788040161
49000,1,fcst,6.404478549957275,0.6454877257347107,0.273681640625,2.4851067066192627,2.456282615661621
49000,2,fcst,4.579721450805664,0.8108924031257629,0.54150390625,2.8555564880371094,2.709040641784668
49000,0,enc,9.941109657287598,0.3736046552658081,0.1800537109375,1.027709722518921,2.4954521656036377
49000,1,enc,8.235260009765625,0.3330756425857544,0.2227783203125,2.5911638736724854,2.4732439517974854
49000,2,enc,4.108293056488037,0.42716509103775024,0.156982421875,2.758709192276001,2.513836145401001
49200,0,enc,9.857161521911621,0.4591074287891388,0.1995849609375,1.2320501804351807,2.7208971977233887
49200,1,enc,8.132142066955566,0.3867403268814087,0.396484375,3.1043357849121094,2.848388910293579
49200,2,enc,4.141200542449951,0.5124350786209106,0.1429443359375,3.159379005432129,3.064967155456543
49200,0,fcst,5.547601222991943,1.098326325416565,0.30078125,2.998311758041382,2.3716840744018555
49200,1,fcst,6.35112190246582,0.6491929292678833,0.249267578125,2.3201851844787598,2.060823440551758
49200,2,fcst,4.633478164672852,0.7952383160591125,0.482421875,2.393254041671753,2.4652111530303955
49200,0,enc,9.950247764587402,0.46581703424453735,0.174072265625,1.039979100227356,2.8174383640289307
49200,1,enc,8.104467391967773,0.36272263526916504,0.3798828125,2.963381767272949,2.732546806335449
49200,2,enc,4.129007816314697,0.33671140670776367,0.1373291015625,2.978970766067505,2.734830141067505
49400,0,enc,9.916814804077148,0.45849353075027466,0.193359375,1.1109507083892822,2.8587522506713867
49400,1,enc,8.190309524536133,0.46476152539253235,0.65185546875,3.057990789413452,2.5604138374328613
49400,2,enc,4.176124572753906,0.4547233581542969,0.1328125,2.852031707763672,2.701885223388672
49400,0,fcst,5.608784198760986,0.8402822017669678,0.340576171875,2.6251115798950195,2.276057720184326
49400,1,fcst,6.546199321746826,0.641593873500824,0.260986328125,2.2026875019073486,2.1601014137268066
49400,2,fcst,4.677623748779297,0.7866927981376648,0.469482421875,2.3618552684783936,2.30427885055542
49400,0,enc,9.944055557250977,0.44242072105407715,0.184326171875,1.027808427810669,2.4547057151794434
49400,1,enc,8.114385604858398,0.3701285123825073,0.3017578125,2.63368821144104,2.27919602394104
49400,2,enc,4.195661544799805,0.403875470161438,0.13818359375,2.565329074859619,2.425192356109619
49600,0,enc,9.765340805053711,0.39184167981147766,0.2176513671875,1.0483622550964355,2.7935845851898193
49600,1,enc,8.146500587463379,0.3994588851928711,0.392578125,2.991344928741455,2.752222776412964
49600,2,enc,4.261970520019531,0.5145782232284546,0.14208984375,3.0931625366210938,2.8948659896850586
49600,0,fcst,5.582119464874268,1.0421950817108154,0.330810546875,2.788524866104126,2.1852262020111084
49600,1,fcst,6.46908712387085,0.6363336443901062,0.24560546875,2.102619171142578,2.102619171142578
49600,2,fcst,4.7116217613220215,0.7747976183891296,0.4453125,2.4348065853118896,2.42453932762146
49600,0,enc,9.815317153930664,0.38561588525772095,0.1763916015625,1.0109846591949463,2.8391027450561523
49600,1,enc,8.061409950256348,0.40032097697257996,0.29443359375,3.0245959758758545,2.8367297649383545
49600,2,enc,4.188325881958008,0.3828338384628296,0.141845703125,3.1405436992645264,2.7496745586395264
49800,0,enc,9.470340728759766,0.41094493865966797,0.19580078125,1.1476393938064575,3.2613961696624756
49800,1,enc,7.928241729736328,0.3934209644794464,0.57763671875,3.2897744178771973,2.868159055709839
49800,2,enc,4.3434247970581055,0.5614466667175293,0.1597900390625,3.167691946029663,3.1499061584472656
49800,0,fcst,5.5354766845703125,0.8241707682609558,0.353515625,3.0689361095428467,2.342180013656616
49800,1,fcst,6.381951808929443,0.6151050329208374,0.235595703125,2.342180013656616,2.1613802909851074
49800,2,fcst,4.699797630310059,0.7958565354347229,0.46728515625,2.4816811084747314,2.682825803756714
49800,0,enc,9.551058769226074,0.3955420255661011,0.1719970703125,1.033773422241211,2.847878932952881
49800,1,enc,7.89513635635376,0.3886703550815582,0.280029296875,3.0255227088928223,2.7594778537750244
49800,2,enc,4.330913543701172,0.33980393409729004,0.1431884765625,3.0624313354492188,2.9143600463867188
50000,0,enc,9.651803016662598,0.35711658000946045,0.201416015625,1.0441052913665771,2.927077054977417
50000,1,enc,7.738489151000977,0.3606148660182953,0.436767578125,3.190495491027832,2.8636183738708496
50000,2,enc,4.449430465698242,0.6017590761184692,0.1588134765625,3.2205984592437744,2.9117271900177
50000,0,fcst,5.555718421936035,0.898345947265625,0.378173828125,2.848419666290283,2.684589147567749
50000,1,fcst,6.460829734802246,0.6285149455070496,0.274169921875,2.6321635246276855,2.338381052017212
50000,2,fcst,4.683685302734375,0.7535566687583923,0.4736328125,2.297913074493408,2.322862148284912
50000,0,enc,9.744807243347168,0.3683529496192932,0.16796875,0.9875403642654419,2.6769227981567383
50000,1,enc,7.699856281280518,0.3872106075286865,0.2288818359375,2.8136990070343018,2.475637912750244
50000,2,enc,4.359766483306885,0.3754015862941742,0.1453857421875,2.7960054874420166,2.589367151260376
50200,0,enc,9.88619327545166,0.27264997363090515,0.2176513671875,1.0706379413604736,2.521023750305176
50200,1,enc,7.734914779663086,0.40161457657814026,0.5029296875,2.892348289489746,2.7469727993011475
50200,2,enc,4.32530403137207,0.5379650592803955,0.125,2.7824666500091553,2.6719930171966553
50200,0,fcst,5.6679816246032715,0.8945016860961914,0.385986328125,2.6077682971954346,2.6077682971954346
50200,1,fcst,6.226569175720215,0.6616634726524353,0.26416015625,2.5469038486480713,2.29435396194458
50200,2,fcst,4.689623832702637,0.7902894020080566,0.505859375,2.5010409355163574,2.471015691757202
50200,0,enc,9.91574764251709,0.2730870842933655,0.169921875,1.048840045928955,2.7051427364349365
50200,1,enc,7.7485737800598145,0.3811472952365875,0.24560546875,2.7661287784576416,2.4389803409576416
50200,2,enc,4.27060604095459,0.4040296971797943,0.134033203125,2.688446521759033,2.560394763946533
50400,0,enc,9.850286483764648,0.3226776123046875,0.243896484375,1.127955436706543,2.601793050765991
50400,1,enc,7.6272077560424805,0.39684438705444336,0.360107421875,3.010093927383423,2.6305909156799316
50400,2,enc,4.292791366577148,0.5033139586448669,0.1431884765625,2.898831367492676,2.722155809402466
50400,0,fcst,5.533753871917725,0.9574077725410461,0.32470703125,2.6685805320739746,2.108142137527466
50400,1,fcst,6.167110919952393,0.6401883363723755,0.310302734375,2.1045191287994385,2.0632095336914062
50400,2,fcst,4.632815361022949,0.7895211577415466,0.482421875,2.385369300842285,2.2663016319274902
50400,0,enc,9.816351890563965,0.3375558853149414,0.190673828125,1.046595573425293,2.2723209857940674
50400,1,enc,7.603692531585693,0.37494298815727234,0.2083740234375,2.6992483139038086,2.4959466457366943
50400,2,enc,4.331300258636475,0.370233952999115,0.1295166015625,2.799025774002075,2.711318254470825
50600,0,enc,9.648699760437012,0.29637548327445984,0.2039794921875,1.2138627767562866,2.9050488471984863
50600,1,enc,7.448308944702148,0.36135613918304443,0.416748046875,3.0348691940307617,2.897669553756714
50600,2,enc,4.378103256225586,0.49843475222587585,0.1474609375,3.126174211502075,2.840857744216919
50600,0,fcst,5.522541522979736,0.8392727971076965,0.43212890625,2.74105167388916,2.4155778884887695
50600,1,fcst,6.32527494430542,0.6361415386199951,0.279296875,2.3355607986450195,2.114840269088745
50600,2,fcst,4.717952728271484,0.7837424874305725,0.43505859375,2.5118985176086426,2.471038818359375
50600,0,enc,9.774385452270508,0.282880574464798,0.1932373046875,1.0491822957992554,2.3127987384796143
50600,1,enc,7.404422283172607,0.3493431508541107,0.32080078125,2.6878161430358887,2.2879137992858887
50600,2,enc,4.290324687957764,0.39920592308044434,0.1524658203125,2.6300406455993652,2.3976187705993652
50800,0,enc,9.898282051086426,0.31390804052352905,0.2384033203125,1.101732611656189,2.5717577934265137
50800,1,enc,7.409509658813477,0.4361574053764343,0.5029296875,3.0328176021575928,2.7629148960113525
50800,2,enc,4.407811641693115,0.6677181124687195,0.141845703125,3.18735408782959,3.0146560668945312
50800,0,fcst,5.523069381713867,0.9802338480949402,0.357177734375,2.944112777709961,2.868595600128174
50800,1,fcst,6.250555515289307,0.6669197082519531,0.30224609375,2.80473256111145,2.80473256111145
50800,2,fcst,4.687096118927002,0.7433301210403442,0.44873046875,2.401198148727417,2.455078601837158
50800,0,enc,9.896307945251465,0.3309807777404785,0.184814453125,1.012426733970642,2.268395185470581
50800,1,enc,7.392746448516846,0.40021154284477234,0.260009765625,2.7203400135040283,2.5400829315185547
50800,2,enc,4.380833625793457,0.42814505100250244,0.1448974609375,2.94502592086792,2.75496244430542
51000,0,enc,9.66915512084961,0.33158573508262634,0.2208251953125,1.0690574645996094,3.077005624771118
51000,1,enc,7.29305362701416,0.4468344449996948,0.447021484375,3.261115789413452,2.939663887023926
51000,2,enc,4.403517246246338,0.5838860869407654,0.1427001953125,3.159238338470459,2.943826675415039
51000,0,fcst,5.505136489868164,0.9238260388374329,0.3212890625,2.868551254272461,2.6127841472625732
51000,1,fcst,6.433841705322266,0.6126160025596619,0.268310546875,2.6127841472625732,2.349247932434082
51000,2,fcst,4.664013385772705,0.7465917468070984,0.4560546875,2.4966259002685547,2.4855449199676514
51000,0,enc,9.681766510009766,0.3339531123638153,0.22802734375,1.0484614372253418,2.4534497261047363
51000,1,enc,7.289623737335205,0.3879829943180084,0.2369384765625,2.7819979190826416,2.5315096378326416
51000,2,enc,4.3457231521606445,0.40039053559303284,0.135009765625,2.8439269065856934,2.6096739768981934
51200,0,enc,9.87693977355957,0.315824955701828,0.2283935546875,1.0927985906600952,2.4148552417755127
51200,1,enc,7.169755935668945,0.40276265144348145,0.51416015625,3.0226755142211914,2.630422830581665
51200,2,enc,4.362766265869141,0.5126072764396667,0.1341552734375,2.910465717315674,2.6666271686553955
51200,0,fcst,5.386504650115967,0.9513252973556519,0.30322265625,2.589911937713623,2.204597234725952
51200,1,fcst,6.2162299156188965,0.6410277485847473,0.27001953125,2.157205104827881,1.9863828420639038
51200,2,fcst,4.70942497253418,0.7631323933601379,0.457275390625,2.247476100921631,2.234447956085205
51200,0,enc,9.816781044006348,0.31372421979904175,0.194091796875,1.0125445127487183,2.2380123138427734
51200,1,enc,7.1539201736450195,0.3401498794555664,0.255126953125,2.622654914855957,2.3182239532470703
51200,2,enc,4.414933681488037,0.39409327507019043,0.1319580078125,2.599907159805298,2.480400323867798
51400,0,enc,9.740917205810547,0.2711876928806305,0.2491455078125,1.0756243467330933,2.8529179096221924
51400,1,enc,7.007807731628418,0.417633980512619,0.470458984375,3.2112348079681396,2.9337282180786133
51400,2,enc,4.503961086273193,0.521324634552002,0.1453857421875,3.271811008453369,2.8691506385803223
51400,0,fcst,5.359135150909424,1.028433918952942,0.35107421875,2.8691506385803223,2.307084560394287
51400,1,fcst,6.3779191970825195,0.6803181767463684,0.265625,2.2716431617736816,2.095726251602173
51400,2,fcst,4.669817924499512,0.752767026424408,0.437744140625,2.3616273403167725,2.4556002616882324
51400,0,enc,9.721963882446289,0.2562238276004791,0.196044921875,0.9855248332023621,2.460676431655884
51400,1,enc,6.976433753967285,0.41085323691368103,0.290283203125,2.9238317012786865,2.6413609981536865
51400,2,enc,4.388493537902832,0.4467243552207947,0.14501953125,2.9634313583374023,2.5365211963653564
51600,0,enc,9.836212158203125,0.2842286229133606,0.212158203125,1.115702748298645,2.6800408363342285
51600,1,enc,6.999228477478027,0.4307710826396942,0.455810546875,3.020026445388794,2.8401761054992676
51600,2,enc,4.536524295806885,0.5511195659637451,0.1473388671875,3.1740198135375977,3.1740198135375977
51600,0,fcst,5.319265842437744,0.9694731831550598,0.30224609375,3.1740198135375977,3.1740198135375977
51600,1,fcst,6.562164306640625,0.5704516768455505,0.283203125,3.1205341815948486,2.7225849628448486
51600,2,fcst,4.720997333526611,0.7537621259689331,0.4384765625,2.3043131828308105,2.513798475265503
51600,0,enc,9.818340301513672,0.2771652042865753,0.2001953125,1.0728404521942139,2.2255301475524902
51600,1,enc,6.981518268585205,0.453014075756073,0.230224609375,2.5607991218566895,2.3881916999816895
51600,2,enc,4.437303066253662,0.4423385262489319,0.14599609375,2.7666614055633545,2.5890491008758545
51800,0,enc,9.746281623840332,0.3252379298210144,0.2120361328125,1.1279702186584473,3.569288969039917
51800,1,enc,6.964756488800049,0.42417672276496887,0.53125,4.045711994171143,3.6857402324676514
51800,2,enc,4.381529808044434,0.57442307472229,0.1300048828125,4.03560733795166,3.7477927207946777
51800,0,fcst,5.333173751831055,0.8819053173065186,0.325927734375,3.684262990951538,3.095547914505005
51800,1,fcst,6.281718730926514,0.6230566501617432,0.2744140625,3.0414974689483643,2.7668392658233643
51800,2,fcst,4.774048805236816,0.7544288635253906,0.468994140625,2.9029502868652344,2.6733224391937256
51800,0,enc,9.78531265258789,0.3177173137664795,0.1708984375,1.0610705614089966,2.493443727493286
51800,1,enc,6.887739658355713,0.39843860268592834,0.3046875,2.8878190517425537,2.5833756923675537
51800,2,enc,4.3904805183410645,0.517082691192627,0.1343994140625,2.903857946395874,2.731128454208374
52000,0,enc,9.739357948303223,0.28067320585250854,0.2401123046875,1.1190500259399414,2.8901796340942383
52000,1,enc,6.994431972503662,0.442872017621994,0.5224609375,3.283612012863159,2.9000399112701416
52000,2,enc,4.546980381011963,0.5790695548057556,0.1353759765625,3.2648062705993652,3.10313081741333
52000,0,fcst,5.42317533493042,0.883987307548523,0.423583984375,3.0312187671661377,2.5461926460266113
52000,1,fcst,6.335160255432129,0.6216555237770081,0.2371826171875,2.477679491043091,2.1527011394500732
52000,2,fcst,4.809920787811279,0.7694216370582581,0.493408203125,2.659364700317383,2.631800413131714
52000,0,enc,9.725834846496582,0.2613831162452698,0.190185546875,1.056910514831543,2.71012282371521
52000,1,enc,6.948853969573975,0.44812679290771484,0.365234375,2.9904582500457764,2.6518352031707764
52000,2,enc,4.448594570159912,0.5338662266731262,0.1417236328125,2.954742193222046,2.779815435409546
52200,0,enc,9.796449661254883,0.3008761405944824,0.248779296875,1.088258981704712,2.7654690742492676
52200,1,enc,6.978609561920166,0.4830828309059143,0.50537109375,3.2940592765808105,3.015467643737793
52200,2,enc,4.527571678161621,0.5881381630897522,0.1297607421875,3.300368070602417,3.300368070602417
52200,0,fcst,5.30070161819458,0.9740425944328308,0.33837890625,3.205000162124634,2.5135207176208496
52200,1,fcst,6.297805309295654,0.6388956308364868,0.2705078125,2.469301462173462,2.1283183097839355
52200,2,fcst,4.7691521644592285,0.7452607154846191,0.45849609375,2.386472702026367,2.4962003231048584
52200,0,enc,9.780963897705078,0.30065110325813293,0.182373046875,0.9933003783226013,2.306187391281128
52200,1,enc,6.924844264984131,0.42713338136672974,0.261962890625,2.6727449893951416,2.503763437271118
52200,2,enc,4.357174873352051,0.4676377773284912,0.14453125,2.779942512512207,2.626622200012207
52400,0,enc,9.666390419006348,0.32348668575286865,0.2139892578125,1.1055113077163696,2.8546254634857178
52400,1,enc,6.923211097717285,0.44555947184562683,0.447509765625,3.003777503967285,2.5854833126068115
52400,2,enc,4.476517200469971,0.5705154538154602,0.143310546875,2.9535257816314697,2.9535257816314697
52400,0,fcst,5.285971164703369,0.9615944623947144,0.328857421875,2.8939356803894043,2.3348753452301025
52400,1,fcst,6.284116744995117,0.6080783605575562,0.2457275390625,2.3348753452301025,2.2126410007476807
52400,2,fcst,4.614269733428955,0.7130306363105774,0.431884765625,2.35951566696167,2.3247880935668945
52400,0,enc,9.597718238830566,0.32238802313804626,0.1798095703125,1.0109816789627075,2.167088270187378
52400,1,enc,6.927395343780518,0.43449774384498596,0.21728515625,2.5564990043640137,2.2198290824890137
52400,2,enc,4.37049674987793,0.4751760959625244,0.1336669921875,2.5847764015197754,2.4215683937072754
52600,0,enc,9.888381004333496,0.3285703957080841,0.2103271484375,1.1387063264846802,2.552457571029663
52600,1,enc,6.958882808685303,0.4479808509349823,0.4423828125,3.1418347358703613,2.9469292163848877
52600,2,enc,4.632151126861572,0.548183262348175,0.1533203125,3.2887001037597656,3.0990841388702393
52600,0,fcst,5.365467548370361,0.9938754439353943,0.4130859375,3.0254554748535156,2.6210477352142334
52600,1,fcst,6.162500858306885,0.6195772886276245,0.256591796875,2.5859506130218506,2.5859506130218506
52600,2,fcst,4.762523174285889,0.7248645424842834,0.4326171875,2.3770902156829834,2.3770902156829834
52600,0,enc,9.907488822937012,0.2961297035217285,0.2000732421875,1.0213561058044434,2.258007764816284
52600,1,enc,6.855803966522217,0.3959729075431824,0.2413330078125,2.799290180206299,2.599339008331299
52600,2,enc,4.564693450927734,0.4662034809589386,0.1644287109375,2.923133134841919,2.7747771739959717
52800,0,enc,9.915183067321777,0.327236533164978,0.2432861328125,1.1117883920669556,3.2497684955596924
52800,1,enc,7.009692668914795,0.40092483162879944,0.416015625,3.5429348945617676,3.2041220664978027
52800,2,enc,4.597694396972656,0.5532585382461548,0.14453125,3.5555810928344727,3.274548053741455
52800,0,fcst,5.359787940979004,0.9237151145935059,0.423583984375,3.191627264022827,2.4065794944763184
52800,1,fcst,6.190937519073486,0.6538459062576294,0.255615234375,2.4065794944763184,2.163252592086792
52800,2,fcst,4.689016819000244,0.703691303730011,0.42578125,2.7585315704345703,2.6319077014923096
52800,0,enc,9.952836990356445,0.33317452669143677,0.177490234375,1.0834977626800537,2.744849920272827
52800,1,enc,6.932039260864258,0.3926824629306793,0.280029296875,3.1746585369110107,2.7456607818603516
52800,2,enc,4.586009979248047,0.49202752113342285,0.1513671875,3.0693485736846924,2.7629520893096924
53000,0,enc,9.788262367248535,0.3405115306377411,0.2130126953125,1.1649224758148193,2.84108829498291
53000,1,enc,6.971519470214844,0.38819611072540283,0.50927734375,3.2444984912872314,2.953157424926758
53000,2,enc,4.525308609008789,0.5795168876647949,0.1458740234375,3.258610248565674,2.7906739711761475
53000,0,fcst,5.335964202880859,0.9109724760055542,0.3818359375,2.694915294647217,2.1145427227020264
53000,1,fcst,6.17982292175293,0.6580370664596558,0.244873046875,2.058558225631714,2.0370519161224365
53000,2,fcst,4.798285961151123,0.7053804993629456,0.48779296875,2.6235439777374268,2.663386344909668
53000,0,enc,9.764888763427734,0.345329612493515,0.19189453125,1.1134765148162842,2.618666410446167
53000,1,enc,6.973219394683838,0.36401116847991943,0.330810546875,3.019216299057007,2.754079580307007
53000,2,enc,4.502677917480469,0.40962857007980347,0.1566162109375,3.0187244415283203,2.6332263946533203
53200,0,enc,9.582118034362793,0.30660536885261536,0.2342529296875,1.1505494117736816,2.183541774749756
53200,1,enc,6.9162702560424805,0.3925052583217621,0.50927734375,2.6583902835845947,2.6583902835845947
53200,2,enc,4.564821243286133,0.5451552271842957,0.1265869140625,3.0332465171813965,2.713693618774414
53200,0,fcst,5.337060928344727,0.873563289642334,0.364990234375,2.640657424926758,2.1366426944732666
53200,1,fcst,6.212512016296387,0.6118139028549194,0.256103515625,2.1079962253570557,2.0449068546295166
53200,2,fcst,4.80076789855957,0.7076705098152161,0.4443359375,2.5106401443481445,2.6412553787231445
53200,0,enc,9.52037525177002,0.31658631563186646,0.2001953125,1.0029253959655762,2.423227548599243
53200,1,enc,6.905284404754639,0.3552511930465698,0.382568359375,2.7643933296203613,2.6861462593078613
53200,2,enc,4.530755996704102,0.37170279026031494,0.129638671875,2.976883888244629,2.847977638244629
53400,0,enc,9.818039894104004,0.3228920102119446,0.228271484375,1.1419246196746826,2.893192768096924
53400,1,enc,6.918262958526611,0.4097815752029419,0.529296875,3.1892282962799072,2.95872163772583
53400,2,enc,4.589324951171875,0.5973516702651978,0.1483154296875,3.202784299850464,3.0963118076324463
53400,0,fcst,5.287243366241455,0.9171075224876404,0.307373046875,3.0600368976593018,2.493758201599121
53400,1,fcst,6.300992965698242,0.6550751328468323,0.255859375,2.4400503635406494,2.131619453430176
53400,2,fcst,4.866168022155762,0.7234290838241577,0.447998046875,2.2182936668395996,2.2527594566345215
53400,0,enc,9.918391227722168,0.32254669070243835,0.20703125,1.086126446723938,2.4936587810516357
53400,1,enc,6.877277374267578,0.39663881063461304,0.282470703125,2.6073338985443115,2.35591197013855
53400,2,enc,4.531881332397461,0.5369832515716553,0.1533203125,2.5853190422058105,2.4120001792907715
53600,0,enc,9.875617027282715,0.27827057242393494,0.2181396484375,1.1883671283721924,3.2620387077331543
53600,1,enc,6.980911731719971,0.37554192543029785,0.47314453125,3.419074535369873,3.419074535369873
53600,2,enc,4.676087379455566,0.5800119042396545,0.1444091796875,3.622947931289673,3.1135077476501465
53600,0,fcst,5.335648536682129,0.9056239724159241,0.33642578125,3.054810047149658,2.7142457962036133
53600,1,fcst,6.265673637390137,0.6686093211174011,0.271484375,2.659963369369507,2.315725088119507
53600,2,fcst,4.876286506652832,0.7376556396484375,0.44775390625,2.2472293376922607,2.264681339263916
53600,0,enc,9.949386596679688,0.2741822302341461,0.1900634765625,1.0614169836044312,2.4522485733032227
53600,1,enc,6.953500747680664,0.3425668776035309,0.499267578125,2.919999837875366,2.632158041000366
53600,2,enc,4.458951950073242,0.41119933128356934,0.1383056640625,3.0060653686523438,2.7550888061523438
53800,0,enc,9.905740737915039,0.4084707498550415,0.22216796875,1.1699392795562744,2.796440601348877
53800,1,enc,7.00424861907959,0.4503457844257355,0.47607421875,2.924725294113159,2.924725294113159
53800,2,enc,4.639134407043457,0.7340539693832397,0.1385498046875,3.3569538593292236,3.3569538593292236
53800,0,fcst,5.371640205383301,0.9001458883285522,0.33935546875,3.262881278991699,2.4838013648986816
53800,1,fcst,6.247042179107666,0.6181056499481201,0.255615234375,2.461963653564453,2.098194122314453
53800,2,fcst,4.903910160064697,0.7500196099281311,0.435302734375,2.273526906967163,2.275949478149414
53800,0,enc,9.943023681640625,0.4104023575782776,0.19189453125,1.0683923959732056,2.373265266418457
53800,1,enc,6.969613075256348,0.4162638187408447,0.45556640625,2.700652837753296,2.466033697128296
53800,2,enc,4.434225559234619,0.47183436155319214,0.13623046875,2.658933162689209,2.585690975189209
54000,0,enc,9.86700439453125,0.32292941212654114,0.2158203125,1.267006278038025,2.5915868282318115
54000,1,enc,7.0375189781188965,0.458501398563385,0.52001953125,2.8126513957977295,2.455033779144287
54000,2,enc,4.425568580627441,0.7149575352668762,0.1400146484375,2.8217263221740723,2.785435438156128
54000,0,fcst,5.289122104644775,0.8896421790122986,0.40869140625,2.785435438156128,2.136021375656128
54000,1,fcst,6.292947769165039,0.6041030287742615,0.2724609375,2.2069506645202637,2.1893012523651123
54000,2,fcst,4.876636505126953,0.6982050538063049,0.434326171875,2.2422168254852295,2.380495309829712
54000,0,enc,9.728391647338867,0.3466856777667999,0.197021484375,1.1304161548614502,2.3409335613250732
54000,1,enc,6.940215110778809,0.3882019817829132,0.3876953125,2.750600814819336,2.563711166381836
54000,2,enc,4.402224063873291,0.4802149832248688,0.1375732421875,2.824294328689575,2.733657121658325
54200,0,enc,9.990181922912598,0.2967779040336609,0.233154296875,1.149604320526123,3.550661087036133
54200,1,enc,7.00611686706543,0.4495789408683777,0.50439453125,3.6260452270507812,3.540799379348755
54200,2,enc,4.4808783531188965,0.6636542081832886,0.13037109375,3.761977434158325,3.526381731033325
54200,0,fcst,5.299823760986328,0.9858566522598267,0.348388671875,3.4515583515167236,2.902513265609741
54200,1,fcst,6.303494930267334,0.6355973482131958,0.256591796875,2.8607873916625977,2.4924063682556152
54200,2,fcst,4.8946146965026855,0.7461993098258972,0.498779296875,2.274548053741455,2.3865671157836914
54200,0,enc,9.939942359924316,0.2967544496059418,0.187255859375,1.0708661079406738,2.7419254779815674
54200,1,enc,7.002786636352539,0.46886542439460754,0.422607421875,3.036813735961914,2.852853775024414
54200,2,enc,4.409922122955322,0.4853641986846924,0.1373291015625,3.099294662475586,2.859304428100586
54400,0,enc,9.904083251953125,0.29526659846305847,0.20703125,1.1641117334365845,2.794813632965088
54400,1,enc,7.046473026275635,0.4365963339805603,0.476806640625,3.210676670074463,2.981504201889038
54400,2,enc,4.561455726623535,0.6889297962188721,0.137451171875,3.364084005355835,2.830501079559326
54400,0,fcst,5.432458400726318,0.9910860657691956,0.366455078125,2.747976064682007,2.0324177742004395
54400,1,fcst,6.311782360076904,0.6185868382453918,0.251708984375,1.9626802206039429,1.895911693572998
54400,2,fcst,4.800878524780273,0.7168287038803101,0.459228515625,2.2569918632507324,2.211961507797241
54400,0,enc,9.921975135803223,0.3083172142505646,0.1689453125,1.0640125274658203,2.759722948074341
54400,1,enc,7.044712543487549,0.3967582583427429,0.3203125,2.966076612472534,2.668957471847534
54400,2,enc,4.4907684326171875,0.44474393129348755,0.124755859375,2.9700536727905273,2.6936864852905273
54600,0,enc,9.948517799377441,0.27387285232543945,0.205078125,1.1060038805007935,3.2773361206054688
54600,1,enc,7.040958881378174,0.3861049711704254,0.5732421875,3.312173843383789,3.0468742847442627
54600,2,enc,4.564210414886475,0.5813050866127014,0.1666259765625,3.365708827972412,3.0556480884552
54600,0,fcst,5.201218605041504,1.077473521232605,0.406005859375,3.0556480884552,2.425130844116211
54600,1,fcst,6.147720813751221,0.5874438881874084,0.2841796875,2.378685712814331,2.1067402362823486
54600,2,fcst,4.891590595245361,0.7207189202308655,0.376708984375,2.5246899127960205,2.4124529361724854
54600,0,enc,9.924985885620117,0.2661448121070862,0.177978515625,1.0350046157836914,2.999138355255127
54600,1,enc,7.019336223602295,0.3998188376426697,0.658203125,3.2050156593322754,2.9403672218322754
54600,2,enc,4.436541557312012,0.38756731152534485,0.1429443359375,3.2357301712036133,2.7992067337036133
54800,0,enc,9.840439796447754,0.3871421813964844,0.21337890625,1.0946664810180664,3.308455228805542
54800,1,enc,6.930008411407471,0.39597412943840027,0.5009765625,3.393291473388672,3.2280895709991455
54800,2,enc,4.5904107093811035,0.5465551614761353,0.142822265625,3.6756553649902344,3.150210380554199
54800,0,fcst,5.208710193634033,1.3653379678726196,0.387451171875,3.0597362518310547,2.328399419784546
54800,1,fcst,6.203589916229248,0.6639590263366699,0.2607421875,2.2896718978881836,2.045802593231201
54800,2,fcst,4.956281661987305,0.6994121670722961,0.418212890625,2.2358672618865967,2.260688304901123
54800,0,enc,9.794562339782715,0.37661197781562805,0.1727294921875,1.0753521919250488,2.626155376434326
54800,1,enc,6.8772501945495605,0.3716628849506378,0.298095703125,2.726508617401123,2.615973949432373
54800,2,enc,4.548303127288818,0.5338666439056396,0.137451171875,3.0036561489105225,2.6525819301605225
55000,0,enc,9.875772476196289,0.23240596055984497,0.24267578125,1.1103904247283936,3.818936586380005
55000,1,enc,6.9821457862854,0.37734439969062805,0.471435546875,3.9337737560272217,3.7719626426696777
55000,2,enc,4.611148834228516,0.46275007724761963,0.136962890625,4.02044153213501,3.4334189891815186
55000,0,fcst,5.203753471374512,1.0757776498794556,0.39599609375,3.4334189891815186,2.9059391021728516
55000,1,fcst,6.300105571746826,0.647472083568573,0.28662109375,2.9059391021728516,2.582045793533325
55000,2,fcst,4.837648391723633,0.7210821509361267,0.432861328125,2.314319133758545,2.314319133758545
55000,0,enc,9.901744842529297,0.25575342774391174,0.1866455078125,1.0782979726791382,2.9641079902648926
55000,1,enc,6.909733772277832,0.35779309272766113,0.26123046875,3.1440088748931885,3.0291407108306885
55000,2,enc,4.498565196990967,0.41316738724708557,0.1492919921875,3.3609538078308105,2.9998698234558105
55200,0,enc,9.675615310668945,0.3804222643375397,0.2044677734375,1.1095017194747925,2.933438301086426
55200,1,enc,6.923600196838379,0.44312596321105957,0.415283203125,3.322100877761841,3.2332582473754883
55200,2,enc,4.660229682922363,0.5629739761352539,0.1328125,3.722978115081787,3.722978115081787
55200,0,fcst,5.18459939956665,1.1876122951507568,0.385986328125,3.62325382232666,2.6583986282348633
55200,1,fcst,6.417331695556641,0.6562380194664001,0.29052734375,2.5998761653900146,2.408900737762451
55200,2,fcst,4.774990558624268,0.6987888813018799,0.473876953125,2.369687080383301,2.3800292015075684
55200,0,enc,9.667994499206543,0.38452649116516113,0.1824951171875,1.0489672422409058,2.552065372467041
55200,1,enc,6.923391342163086,0.43471139669418335,0.2255859375,2.9798340797424316,2.6880860328674316
55200,2,enc,4.460657119750977,0.41806560754776,0.12396240234375,3.0965871810913086,2.8631887435913086
55400,0,enc,9.77458667755127,0.3495219647884369,0.255859375,1.0588299036026,3.4959499835968018
55400,1,enc,6.942400932312012,0.4476100504398346,0.619140625,3.8910603523254395,3.4681544303894043
55400,2,enc,4.704245090484619,0.5217159390449524,0.140380859375,3.807976007461548,3.458041191101074
55400,0,fcst,5.169546604156494,0.970264732837677,0.340087890625,3.3751842975616455,2.659038543701172
55400,1,fcst,6.314525127410889,0.5852503180503845,0.25244140625,2.624753952026367,2.2620694637298584
55400,2,fcst,4.968739032745361,0.6808552742004395,0.4091796875,2.6080493927001953,2.3248462677001953
55400,0,enc,9.795353889465332,0.36923378705978394,0.16796875,0.9914981126785278,3.100712776184082
55400,1,enc,6.949674129486084,0.4790310859680176,0.43310546875,3.390512704849243,2.963754892349243
55400,2,enc,4.628219127655029,0.5713057518005371,0.1409912109375,3.315885066986084,3.070279598236084
55600,0,enc,9.671330451965332,0.33260101079940796,0.23828125,1.0625892877578735,2.9063611030578613
55600,1,enc,6.722139835357666,0.47864285111427307,0.5224609375,3.398566961288452,3.028015613555908
55600,2,enc,4.578511714935303,0.5191335678100586,0.1436767578125,3.4632649421691895,3.077251434326172
55600,0,fcst,5.0388078689575195,1.0122792720794678,0.40869140625,2.9695627689361572,2.3711469173431396
55600,1,fcst,6.288171291351318,0.6632888913154602,0.264892578125,2.3462538719177246,2.086108446121216
55600,2,fcst,4.943937301635742,0.6754994988441467,0.43994140625,2.1632766723632812,2.2105069160461426
55600,0,enc,9.56442928314209,0.32102856040000916,0.1700439453125,1.0479744672775269,2.7429449558258057
55600,1,enc,6.709364891052246,0.4829035997390747,0.402587890625,3.2508790493011475,2.8241212368011475
55600,2,enc,4.478428363800049,0.42268502712249756,0.1396484375,3.171260356903076,2.836299419403076
55800,0,enc,9.615551948547363,0.27593669295310974,0.227783203125,1.1283252239227295,3.3359601497650146
55800,1,enc,6.761271953582764,0.4413589537143707,0.546875,3.859600067138672,3.655742645263672
55800,2,enc,4.596487998962402,0.4985389709472656,0.1334228515625,3.996152877807617,3.7672033309936523
55800,0,fcst,5.135054111480713,1.041556477546692,0.36767578125,3.6869518756866455,2.9111270904541016
55800,1,fcst,6.359875202178955,0.6211998462677002,0.2958984375,2.885030746459961,2.583381414413452
55800,2,fcst,4.942294597625732,0.6958339214324951,0.427734375,2.1621994972229004,2.231698989868164
55800,0,enc,9.566740036010742,0.2796159088611603,0.2025146484375,1.0949556827545166,2.466568946838379
55800,1,enc,6.735846996307373,0.4343263804912567,0.364501953125,2.9975311756134033,2.7094452381134033
55800,2,enc,4.626705169677734,0.4367010295391083,0.134521484375,3.023259162902832,2.777218818664551
56000,0,enc,9.731619834899902,0.2722088396549225,0.21533203125,1.1395862102508545,3.1933977603912354
56000,1,enc,6.779149055480957,0.5164679288864136,0.50537109375,3.5913989543914795,3.304940700531006
56000,2,enc,4.623143196105957,0.47568193078041077,0.1351318359375,3.5806846618652344,3.444237232208252
56000,0,fcst,5.1584882736206055,0.9875237941741943,0.36669921875,3.444237232208252,3.187267303466797
56000,1,fcst,6.2508649826049805,0.6236194372177124,0.287109375,3.1347601413726807,2.7631237506866455
56000,2,fcst,4.828906536102295,0.7863013744354248,0.466796875,2.3195714950561523,2.1968624591827393
56000,0,enc,9.713765144348145,0.2887504994869232,0.1876220703125,1.0281742811203003,2.6787941455841064
56000,1,enc,6.781327247619629,0.3980589210987091,0.2386474609375,2.9625325202941895,2.6315550804138184
56000,2,enc,4.606287479400635,0.39033687114715576,0.131103515625,2.936434507369995,2.714632749557495
56200,0,enc,9.730901718139648,0.2784920632839203,0.224609375,1.1517413854599,2.864288330078125
56200,1,enc,6.672534465789795,0.40957772731781006,0.46826171875,3.1733460426330566,2.843484878540039
56200,2,enc,4.5717010498046875,0.584663987159729,0.12646484375,3.2086031436920166,3.139294385910034
56200,0,fcst,5.058468818664551,1.0665287971496582,0.367919921875,3.0591073036193848,2.3652052879333496
56200,1,fcst,6.284615516662598,0.568997323513031,0.2919921875,2.289738655090332,1.9606389999389648
56200,2,fcst,4.91806697845459,0.7823764681816101,0.381591796875,2.8629040718078613,2.732417106628418
56200,0,enc,9.74465560913086,0.26396483182907104,0.2086181640625,1.0509551763534546,2.6028847694396973
56200,1,enc,6.6531782150268555,0.3599424362182617,0.291259765625,2.7491962909698486,2.4464619159698486
56200,2,enc,4.537189483642578,0.44891300797462463,0.142822265625,2.7768380641937256,2.5478341579437256
56400,0,enc,9.260299682617188,0.2885112166404724,0.2474365234375,1.1352850198745728,3.086092948913574
56400,1,enc,6.748894691467285,0.45868444442749023,0.52978515625,3.407200813293457,3.0050582885742188
56400,2,enc,4.643337726593018,0.503979504108429,0.1383056640625,3.2772042751312256,3.1021010875701904
56400,0,fcst,5.044065475463867,0.9549828171730042,0.330322265625,3.0156867504119873,3.0156867504119873
56400,1,fcst,6.308631896972656,0.6722130179405212,0.29443359375,2.9983110427856445,2.573235034942627
56400,2,fcst,4.941536903381348,0.7171929478645325,0.385986328125,2.3650457859039307,2.3305609226226807
56400,0,enc,9.46973991394043,0.2811718285083771,0.2266845703125,1.0092904567718506,2.58748722076416
56400,1,enc,6.766538143157959,0.46849802136421204,0.23828125,2.8701443672180176,2.5633578300476074
56400,2,enc,4.558328151702881,0.4879711866378784,0.1419677734375,2.8251960277557373,2.6392829418182373
56600,0,enc,9.411406517028809,0.37061312794685364,0.238525390625,1.1774134635925293,2.999805450439453
56600,1,enc,6.7118425369262695,0.40827837586402893,0.54638671875,3.5701260566711426,3.33724308013916
56600,2,enc,4.815790176391602,0.5148786902427673,0.1239013671875,3.628007173538208,3.628007173538208
56600,0,fcst,5.052487850189209,0.9627525210380554,0.371337890625,3.54961895942688,2.676680564880371
56600,1,fcst,6.410983085632324,0.678668200969696,0.28955078125,2.6342318058013916,2.2248892784118652
56600,2,fcst,4.882789134979248,0.7319897413253784,0.433349609375,2.1973228454589844,2.253370761871338
56600,0,enc,9.557689666748047,0.35525375604629517,0.21435546875,1.0571364164352417,2.540461778640747
56600,1,enc,6.712488174438477,0.38607871532440186,0.2471923828125,2.7931034564971924,2.6259119510650635
56600,2,enc,4.739009380340576,0.4752584397792816,0.130615234375,2.938769578933716,2.780932664871216
56800,0,enc,9.424073219299316,0.310924232006073,0.227294921875,1.151084303855896,3.4892988204956055
56800,1,enc,6.701814651489258,0.4209757447242737,0.60302734375,3.7584195137023926,3.561750650405884
56800,2,enc,4.699737548828125,0.5576210618019104,0.1552734375,3.923577070236206,3.665437698364258
56800,0,fcst,4.954075813293457,1.0606788396835327,0.35791015625,3.5307083129882812,3.470831871032715
56800,1,fcst,6.452430248260498,0.5876474380493164,0.2646484375,3.4002304077148438,3.4002304077148438
56800,2,fcst,4.909117698669434,0.802923321723938,0.450927734375,2.6559481620788574,2.4763691425323486
56800,0,enc,9.377959251403809,0.31287723779678345,0.2012939453125,1.1160229444503784,2.5647292137145996
56800,1,enc,6.61384391784668,0.41904571652412415,0.515625,2.8168349266052246,2.6400771141052246
56800,2,enc,4.620181560516357,0.4604639708995819,0.133056640625,2.9475948810577393,2.6258175373077393
57000,0,enc,9.221434593200684,0.43479856848716736,0.245361328125,1.064037561416626,2.9268479347229004
57000,1,enc,6.505312919616699,0.5123711824417114,0.492431640625,3.463533401489258,3.1035616397857666
57000,2,enc,4.718031883239746,0.5321806073188782,0.140869140625,3.34983229637146,3.0588290691375732
57000,0,fcst,5.0151519775390625,0.9654443860054016,0.31884765625,3.0588290691375732,2.798328399658203
57000,1,fcst,6.309120178222656,0.6604317426681519,0.289306640625,2.7250843048095703,2.3439536094665527
57000,2,fcst,4.945141792297363,0.7559083104133606,0.449951171875,2.233959197998047,2.326572895050049
57000,0,enc,9.298372268676758,0.44116702675819397,0.2158203125,0.9783705472946167,2.3265225887298584
57000,1,enc,6.48422908782959,0.45316269993782043,0.47998046875,2.6938257217407227,2.5009546279907227
57000,2,enc,4.680069923400879,0.4740985035896301,0.141845703125,2.748295307159424,2.567142963409424
57200,0,enc,9.55128002166748,0.3644203543663025,0.2265625,1.0635676383972168,3.289628505706787
57200,1,enc,6.548644542694092,0.4615948796272278,0.6171875,3.4311115741729736,3.2469210624694824
57200,2,enc,4.722339630126953,0.547494113445282,0.1448974609375,3.562243938446045,3.3347861766815186
57200,0,fcst,4.980105876922607,0.9527660012245178,0.470458984375,3.2212822437286377,2.6073684692382812
57200,1,fcst,6.391739368438721,0.596415638923645,0.304443359375,2.551281452178955,2.094738483428955
57200,2,fcst,4.955127716064453,0.6793193817138672,0.46142578125,2.489103317260742,2.328125238418579
57200,0,enc,9.595061302185059,0.363457590341568,0.19384765625,0.9781050086021423,2.6767477989196777
57200,1,enc,6.536830902099609,0.4598165452480316,0.3505859375,3.002105474472046,2.841705083847046
57200,2,enc,4.709256649017334,0.449855238199234,0.1373291015625,3.0755536556243896,2.9886395931243896
57400,0,enc,9.560113906860352,0.3376105725765228,0.2288818359375,1.0713764429092407,3.6931395530700684
57400,1,enc,6.4832444190979,0.4529780447483063,0.44921875,3.5249905586242676,3.227952718734741
57400,2,enc,4.6345906257629395,0.7181981205940247,0.1275634765625,3.4342339038848877,3.2873315811157227
57400,0,fcst,4.948390483856201,0.8417220711708069,0.322509765625,3.1897993087768555,3.161146402359009
57400,1,fcst,6.303717136383057,0.6448991894721985,0.289306640625,3.08984112739563,2.700301170349121
57400,2,fcst,4.813826560974121,0.6913748979568481,0.4228515625,2.700301170349121,2.3505971431732178
57400,0,enc,9.542667388916016,0.33499813079833984,0.201904296875,1.080406904220581,3.32706880569458
57400,1,enc,6.370944499969482,0.4145977795124054,0.419677734375,3.153334140777588,2.9888243675231934
57400,2,enc,4.532334804534912,0.38441917300224304,0.136474609375,3.2165536880493164,2.8452157974243164
57600,0,enc,9.632790565490723,0.31461402773857117,0.2396240234375,1.1365690231323242,3.8973352909088135
57600,1,enc,6.448259353637695,0.45207974314689636,0.5791015625,4.539253234863281,4.061008930206299
57600,2,enc,4.671943187713623,0.6293861269950867,0.1343994140625,4.227379322052002,3.8712053298950195
57600,0,fcst,4.931789875030518,0.9496986865997314,0.3623046875,3.7516610622406006,2.880350112915039
57600,1,fcst,6.289915084838867,0.5953965783119202,0.29345703125,2.8296828269958496,2.4317336082458496
57600,2,fcst,4.917260646820068,0.6699517965316772,0.39794921875,2.2240774631500244,2.389008045196533
57600,0,enc,9.644198417663574,0.31706976890563965,0.1986083984375,1.0238908529281616,2.9579079151153564
57600,1,enc,6.46534538269043,0.45393848419189453,0.288818359375,3.2127015590667725,2.8452699184417725
57600,2,enc,4.620936393737793,0.41840559244155884,0.137939453125,3.055001735687256,2.727365016937256
57800,0,enc,9.275994300842285,0.3734271228313446,0.2393798828125,1.2134853601455688,4.353140830993652
57800,1,enc,6.495577335357666,0.5188855528831482,0.5244140625,4.546984672546387,4.356690406799316
57800,2,enc,4.765742778778076,0.6491594910621643,0.150146484375,4.662734508514404,4.213515758514404
57800,0,fcst,5.09033727645874,0.9963524341583252,0.337158203125,4.087566375732422,3.102323293685913
57800,1,fcst,6.491299152374268,0.6166903376579285,0.272216796875,3.0652341842651367,2.680875062942505
57800,2,fcst,4.941586971282959,0.6974678039550781,0.401123046875,2.2448160648345947,2.2448160648345947
57800,0,enc,9.636513710021973,0.3755512237548828,0.20751953125,1.1495435237884521,3.311342239379883
57800,1,enc,6.506529331207275,0.5160403847694397,0.5888671875,3.521684408187866,3.320878744125366
57800,2,enc,4.674518585205078,0.49975305795669556,0.134765625,3.585526466369629,3.262561082839966
58000,0,enc,10.023233413696289,0.37030306458473206,0.291015625,1.1326196193695068,4.4003586769104
58000,1,enc,6.690723896026611,0.4976297914981842,0.62841796875,4.692188739776611,4.3440656661987305
58000,2,enc,4.842944622039795,0.5485484600067139,0.1424560546875,4.596156597137451,4.199563503265381
58000,0,fcst,5.166903495788574,0.818109393119812,0.345458984375,4.069386005401611,3.30169939994812
58000,1,fcst,6.353389739990234,0.6033180356025696,0.298095703125,3.2278785705566406,2.799818754196167
58000,2,fcst,4.990026950836182,0.6754418015480042,0.4033203125,2.2356724739074707,2.1334598064422607
58000,0,enc,9.975793838500977,0.36508604884147644,0.207275390625,1.0482295751571655,3.593757152557373
58000,1,enc,6.685856819152832,0.5226561427116394,0.52099609375,3.718709707260132,3.363973379135132
58000,2,enc,4.802288055419922,0.4584951102733612,0.143798828125,3.63824200630188,3.39043927192688
58200,0,enc,9.750036239624023,0.38004207611083984,0.23828125,1.2166728973388672,3.5765039920806885
58200,1,enc,6.849692344665527,0.464961439371109,0.5673828125,3.9463651180267334,3.681687355041504
58200,2,enc,4.78789758682251,0.5438337326049805,0.1553955078125,3.9553229808807373,3.646078109741211
58200,0,fcst,5.080681324005127,0.8663989305496216,0.37939453125,3.5367231369018555,2.8298003673553467
58200,1,fcst,6.304099082946777,0.6277421116828918,0.317626953125,2.804260730743408,2.804260730743408
58200,2,fcst,4.974551677703857,0.6722990274429321,0.47265625,2.2889885902404785,2.4155681133270264
58200,0,enc,9.791393280029297,0.3759436011314392,0.1807861328125,1.0603591203689575,3.4457054138183594
58200,1,enc,6.830719947814941,0.4840877056121826,0.321044921875,3.681507110595703,3.275012969970703
58200,2,enc,4.698565483093262,0.44432803988456726,0.1424560546875,3.5762131214141846,3.2090256214141846
58400,0,enc,9.927634239196777,0.3781333863735199,0.267822265625,1.1435582637786865,4.039238452911377
58400,1,enc,6.879170894622803,0.45726093649864197,0.67724609375,4.445934295654297,4.096813201904297
58400,2,enc,4.651400089263916,0.5447222590446472,0.130126953125,4.433310508728027,4.056248664855957
58400,0,fcst,5.0820698738098145,0.905605673789978,0.416748046875,3.9108810424804688,3.175203800201416
58400,1,fcst,6.242676258087158,0.579707682132721,0.301513671875,3.1039748191833496,2.6650643348693848
58400,2,fcst,5.049127101898193,0.6732721924781799,0.39990234375,2.6650643348693848,2.3528246879577637
58400,0,enc,9.878939628601074,0.37644630670547485,0.2012939453125,1.0563132762908936,3.0996296405792236
58400,1,enc,6.768132209777832,0.4532586932182312,0.5771484375,3.4791760444641113,3.1222424507141113
58400,2,enc,4.636536121368408,0.457479864358902,0.1265869140625,3.4486701488494873,3.1159064769744873
58600,0,enc,9.780616760253906,0.36996105313301086,0.255615234375,1.1208685636520386,2.6762993335723877
58600,1,enc,6.916031360626221,0.4893195629119873,0.54541015625,3.1211304664611816,2.731048107147217
58600,2,enc,4.684371471405029,0.7223653197288513,0.147216796875,3.0213913917541504,2.9137678146362305
58600,0,fcst,4.952800750732422,1.0190232992172241,0.33154296875,2.773622512817383,2.289198160171509
58600,1,fcst,6.282663345336914,0.6074658632278442,0.31884765625,2.2433459758758545,2.034658908843994
58600,2,fcst,4.952438831329346,0.7264629602432251,0.4150390625,2.479050397872925,2.521552801132202
58600,0,enc,9.707338333129883,0.35882723331451416,0.189208984375,1.0208646059036255,2.687518835067749
58600,1,enc,6.882564544677734,0.5001347064971924,0.415283203125,2.881351947784424,2.586185932159424
58600,2,enc,4.6472625732421875,0.4701230227947235,0.139892578125,2.8796277046203613,2.8772411346435547
58800,0,enc,9.827991485595703,0.36419519782066345,0.2587890625,1.0782837867736816,3.145172595977783
58800,1,enc,7.126837730407715,0.45013919472694397,0.490478515625,3.6447336673736572,3.5539393424987793
58800,2,enc,4.804991722106934,0.526419460773468,0.1392822265625,3.8642542362213135,3.457627058029175
58800,0,fcst,4.889107704162598,0.8573104739189148,0.341064453125,3.3285560607910156,3.0835466384887695
58800,1,fcst,6.245604991912842,0.6759716868400574,0.301513671875,3.0835466384887695,2.666337490081787
58800,2,fcst,5.044729709625244,0.6933092474937439,0.387451171875,2.1492860317230225,2.100654363632202
58800,0,enc,9.796993255615234,0.36908990144729614,0.2030029296875,0.9889787435531616,2.8088295459747314
58800,1,enc,7.084922790527344,0.4396958351135254,0.33544921875,3.144958972930908,2.780457019805908
58800,2,enc,4.728025436401367,0.4248364567756653,0.156005859375,3.0585930347442627,2.82676362991333
59000,0,enc,10.02374267578125,0.45994558930397034,0.257080078125,1.0816640853881836,4.0711350440979
59000,1,enc,7.314589023590088,0.6696922779083252,0.828125,4.5404510498046875,4.019617557525635
59000,2,enc,4.870636463165283,0.7169893980026245,0.1514892578125,4.346235275268555,3.874230146408081
59000,0,fcst,4.837429046630859,0.937809407711029,0.399169921875,3.7527213096618652,3.6105637550354004
59000,1,fcst,6.289095401763916,0.6764270663261414,0.3125,3.5864574909210205,3.203428030014038
59000,2,fcst,4.963961124420166,0.6563394069671631,0.442626953125,2.3772780895233154,2.281859874725342
59000,0,enc,10.126341819763184,0.4365120828151703,0.212646484375,1.0379445552825928,3.390029191970825
59000,1,enc,7.287559509277344,0.46884024143218994,0.445556640625,3.670673131942749,3.256366491317749
59000,2,enc,4.823479652404785,0.4348224699497223,0.1527099609375,3.4861161708831787,3.135702133178711
59200,0,enc,10.14930248260498,0.40487217903137207,0.240966796875,1.0843228101730347,4.978318214416504
59200,1,enc,7.449968338012695,0.4795576333999634,0.54736328125,4.87628698348999,4.638477802276611
59200,2,enc,4.892455577850342,0.6530568599700928,0.143798828125,4.695969581604004,4.227274417877197
59200,0,fcst,4.833126544952393,0.8850957751274109,0.2890625,4.082526206970215,4.026280403137207
59200,1,fcst,6.304691791534424,0.6609561443328857,0.33642578125,3.944199323654175,3.4529340267181396
59200,2,fcst,5.1808085441589355,0.7312678694725037,0.387451171875,3.295238971710205,3.054760456085205
59200,0,enc,10.189308166503906,0.3870871663093567,0.196533203125,0.9735735654830933,3.852626085281372
59200,1,enc,7.396731853485107,0.5916549563407898,0.6611328125,4.08206844329834,3.78372859954834
59200,2,enc,4.8842620849609375,0.561786413192749,0.1427001953125,3.9502782821655273,3.5874853134155273
59400,0,enc,10.301921844482422,0.37556156516075134,0.261474609375,1.0507174730300903,4.054272651672363
59400,1,enc,7.4156951904296875,0.47605234384536743,0.462158203125,4.34605073928833,4.120491981506348
59400,2,enc,4.924544811248779,0.6314504146575928,0.1551513671875,4.120491981506348,3.791987180709839
59400,0,fcst,5.022278308868408,0.9688219428062439,0.29443359375,3.669912576675415,2.9239273071289062
59400,1,fcst,6.248340129852295,0.6475291848182678,0.319091796875,2.859668731689453,2.7464747428894043
59400,2,fcst,5.04079532623291,0.6710965633392334,0.396484375,2.3608179092407227,2.3209755420684814
59400,0,enc,10.267683982849121,0.37797921895980835,0.232666015625,0.9586194753646851,3.3312807083129883
59400,1,enc,7.399948596954346,0.44959598779678345,0.4580078125,3.6050095558166504,3.3712449073791504
59400,2,enc,4.708024978637695,0.44804486632347107,0.156494140625,3.5400679111480713,3.1697065830230713
59600,0,enc,10.048253059387207,0.4602516293525696,0.26025390625,1.0398133993148804,4.736025333404541
59600,1,enc,7.324342727661133,0.4679112732410431,0.68359375,4.87346887588501,4.298924446105957
59600,2,enc,5.050080299377441,0.6808925867080688,0.15185546875,4.498745441436768,4.18841552734375
59600,0,fcst,4.849101543426514,1.0535590648651123,0.32275390625,4.067159652709961,3.2978453636169434
59600,1,fcst,6.363514423370361,0.6426162123680115,0.2685546875,3.2179105281829834,2.6930081844329834
59600,2,fcst,5.022856712341309,0.6356871128082275,0.425048828125,2.589987277984619,2.4983882904052734
59600,0,enc,10.124517440795898,0.4492654800415039,0.2041015625,1.027458667755127,4.035094738006592
59600,1,enc,7.30187463760376,0.4603637158870697,0.427490234375,4.07070255279541,3.61122989654541
59600,2,enc,4.902890205383301,0.5074551105499268,0.139892578125,3.7950246334075928,3.4210011959075928
59800,0,enc,10.11746883392334,0.5170138478279114,0.264404296875,1.1231797933578491,3.0688490867614746
59800,1,enc,7.1942057609558105,0.38894185423851013,0.509765625,3.430880308151245,2.8755042552948
59800,2,enc,4.80344820022583,0.7387076616287231,0.1470947265625,3.1189510822296143,2.9754505157470703
59800,0,fcst,4.772502422332764,0.94101881980896,0.3408203125,2.8743326663970947,2.2921929359436035
59800,1,fcst,6.335867404937744,0.6338685154914856,0.2705078125,2.252929449081421,2.0718801021575928
59800,2,fcst,5.006283283233643,0.7033877968788147,0.391357421875,2.414135456085205,2.414135456085205
59800,0,enc,10.168644905090332,0.5051557421684265,0.178466796875,1.0522236824035645,3.215787172317505
59800,1,enc,7.190674304962158,0.4086860120296478,0.423828125,3.5777926445007324,3.1275973320007324
59800,2,enc,4.653955459594727,0.5694265961647034,0.131103515625,3.3043835163116455,3.0834362506866455
60000,0,enc,10.419577598571777,0.4829207956790924,0.254638671875,1.1327779293060303,4.160905361175537
60000,1,enc,7.2399678230285645,0.4292040467262268,0.57666015625,4.247190475463867,3.863889694213867
60000,2,enc,4.904381275177002,0.6356813311576843,0.1390380859375,4.193888187408447,3.563462734222412
60000,0,fcst,4.8190083503723145,0.9890519380569458,0.331298828125,3.563462734222412,2.809169054031372
60000,1,fcst,6.282105445861816,0.6957815885543823,0.2978515625,2.7681961059570312,2.4263992309570312
60000,2,fcst,5.020202159881592,0.7151090502738953,0.35888671875,2.849034070968628,2.5245983600616455
60000,0,enc,10.427095413208008,0.4421093463897705,0.1766357421875,1.0392333269119263,4.2136640548706055
60000,1,enc,7.179081439971924,0.4387131333351135,0.401611328125,4.467822074890137,4.109179496765137
60000,2,enc,4.850403785705566,0.5311129093170166,0.1446533203125,4.411173343658447,3.9404702186584473
60200,0,enc,10.068171501159668,0.4129250943660736,0.258056640625,1.1011323928833008,4.272138595581055
60200,1,enc,7.281815528869629,0.47036033868789673,0.54931640625,4.506288051605225,4.167746543884277
60200,2,enc,4.9904279708862305,0.668732225894928,0.1375732421875,4.469171524047852,3.9602739810943604
60200,0,fcst,4.819586277008057,0.9497017860412598,0.317626953125,3.8457205295562744,3.0595877170562744
60200,1,fcst,6.362150192260742,0.7643780708312988,0.28564453125,2.9868202209472656,2.554764747619629
60200,2,fcst,5.002297878265381,0.6719958782196045,0.398681640625,2.5722644329071045,2.4478204250335693
60200,0,enc,10.214465141296387,0.45926544070243835,0.196533203125,1.019377589225769,4.313051700592041
60200,1,enc,7.230709075927734,0.43618714809417725,0.29833984375,4.4748663902282715,4.2046027183532715
60200,2,enc,4.938165664672852,0.5153667330741882,0.125732421875,4.447320938110352,4.065240859985352
60400,0,enc,10.135231971740723,0.420372873544693,0.265380859375,1.117310881614685,4.5820794105529785
60400,1,enc,7.148184299468994,0.5356782674789429,0.5888671875,4.9141764640808105,4.498323440551758
60400,2,enc,4.808914661407471,0.6448352932929993,0.1473388671875,4.826820373535156,4.293237686157227
60400,0,fcst,4.7616705894470215,1.0458585023880005,0.306640625,4.174577713012695,3.2343649864196777
60400,1,fcst,6.228192329406738,0.6078004837036133,0.274169921875,3.1703646183013916,2.7151572704315186
60400,2,fcst,4.9594855308532715,0.7071182131767273,0.400634765625,2.366177558898926,2.0885567665100098
60400,0,enc,10.200617790222168,0.4308459460735321,0.1981201171875,1.079465627670288,4.387580871582031
60400,1,enc,7.153684139251709,0.5221284031867981,0.47705078125,4.591710090637207,4.210850715637207
60400,2,enc,4.7296953201293945,0.6117697358131409,0.157958984375,4.504405498504639,4.042735576629639
60600,0,enc,10.01125431060791,0.42037925124168396,0.239501953125,1.0808122158050537,5.6957688331604
60600,1,enc,7.285136699676514,0.42201438546180725,0.46435546875,5.951502323150635,5.557079315185547
60600,2,enc,4.786848545074463,0.6081193685531616,0.149658203125,5.557079315185547,5.156417369842529
60600,0,fcst,4.799081802368164,1.1337604522705078,0.354736328125,5.063052177429199,4.193368911743164
60600,1,fcst,6.221787929534912,0.6226457953453064,0.271484375,4.136562824249268,3.6770358085632324
60600,2,fcst,5.046524524688721,0.6749761700630188,0.415283203125,3.6770358085632324,2.296018123626709
60600,0,enc,10.047930717468262,0.4200078845024109,0.1976318359375,0.9400558471679688,4.756879806518555
60600,1,enc,7.2430243492126465,0.47137925028800964,0.344482421875,4.875168323516846,4.505295276641846
60600,2,enc,4.79190731048584,0.46634426712989807,0.1405029296875,4.7699294090271,4.3592848777771
60800,0,enc,9.931397438049316,0.46898555755615234,0.295654296875,1.0410959720611572,4.762910842895508
60800,1,enc,7.292215347290039,0.5097211003303528,0.56103515625,5.023406982421875,5.023406982421875
60800,2,enc,5.045671463012695,0.6426441669464111,0.149658203125,5.422932147979736,4.887178897857666
60800,0,fcst,4.810825347900391,1.0009592771530151,0.321044921875,4.819698333740234,3.9272286891937256
60800,1,fcst,6.25712776184082,0.6990479230880737,0.302001953125,3.8894870281219482,3.419651985168457
60800,2,fcst,5.026083946228027,0.6838125586509705,0.378173828125,3.419651985168457,3.419651985168457
60800,0,enc,9.910504341125488,0.47266367077827454,0.205322265625,0.9829648733139038,4.139586448669434
60800,1,enc,7.260744094848633,0.45352572202682495,0.392333984375,4.312978267669678,3.8527731895446777
60800,2,enc,5.007953643798828,0.4531097412109375,0.13427734375,4.198384761810303,3.7484335899353027
61000,0,enc,9.902908325195312,0.4717075228691101,0.292724609375,1.0994830131530762,5.092879772186279
61000,1,enc,7.2806806564331055,0.4775606095790863,0.5107421875,5.489953517913818,4.8562726974487305
61000,2,enc,4.91690731048584,0.682250440120697,0.1424560546875,5.2004523277282715,4.686129570007324
61000,0,fcst,4.8783135414123535,1.0655722618103027,0.33642578125,4.686129570007324,3.767618179321289
61000,1,fcst,6.261593341827393,0.6671836972236633,0.283203125,3.767618179321289,3.182450532913208
61000,2,fcst,5.038735389709473,0.669185996055603,0.38427734375,2.4557716846466064,2.3607029914855957
61000,0,enc,9.80740737915039,0.45811527967453003,0.2371826171875,0.9796286225318909,4.2862019538879395
61000,1,enc,7.2879204750061035,0.4253591001033783,0.46923828125,4.590991973876953,3.998706817626953
61000,2,enc,4.912201881408691,0.46799683570861816,0.1348876953125,4.319911956787109,3.8521385192871094
61200,0,enc,9.876194953918457,0.40092945098876953,0.26171875,1.0560598373413086,3.415698289871216
61200,1,enc,7.469236850738525,0.496815025806427,0.50830078125,3.861293077468872,3.6805825233459473
61200,2,enc,5.060277938842773,0.6014366149902344,0.1629638671875,3.6805825233459473,3.18062162399292
61200,0,fcst,4.7852983474731445,1.0703600645065308,0.32763671875,3.0633015632629395,2.9766488075256348
61200,1,fcst,6.2970991134643555,0.712654173374176,0.281982421875,2.9281005859375,2.4251708984375
61200,2,fcst,5.075256824493408,0.6805299520492554,0.39697265625,2.0856411457061768,2.181330680847168
61200,0,enc,9.845752716064453,0.4285084903240204,0.2354736328125,1.0044680833816528,4.054654598236084
61200,1,enc,7.438615322113037,0.5368365049362183,0.320556640625,4.386291980743408,3.871643543243408
61200,2,enc,5.142310619354248,0.4649948477745056,0.1654052734375,4.178032398223877,3.640434741973877
61400,0,enc,9.932823181152344,0.40545734763145447,0.274658203125,1.1611902713775635,4.162442207336426
61400,1,enc,7.394769191741943,0.5787460207939148,0.478515625,4.162442207336426,3.653815746307373
61400,2,enc,5.183318138122559,0.7264202237129211,0.134521484375,3.9673545360565186,3.625873565673828
61400,0,fcst,4.886213779449463,0.9861942529678345,0.33154296875,3.5299065113067627,2.809420347213745
61400,1,fcst,6.226590633392334,0.6198755502700806,0.29541015625,2.7323646545410156,2.4824390411376953
61400,2,fcst,5.087807655334473,0.6759134531021118,0.39013671875,2.164013385772705,2.089493751525879
61400,0,enc,9.892086029052734,0.41135892271995544,0.22412109375,1.0583281517028809,4.2218122482299805
61400,1,enc,7.382950305938721,0.5882302522659302,0.31884765625,4.532151222229004,4.012131690979004
61400,2,enc,5.209147930145264,0.5797913670539856,0.127685546875,4.283833026885986,3.8734326362609863
61600,0,enc,9.726881980895996,0.4277835190296173,0.2489013671875,1.141721487045288,4.591325759887695
61600,1,enc,7.50819206237793,0.5488395094871521,0.662109375,5.05893611907959,4.495785236358643
61600,2,enc,5.28306770324707,0.6153662800788879,0.13525390625,4.813112735748291,4.447444438934326
61600,0,fcst,4.897279739379883,0.9881576299667358,0.443603515625,4.366429328918457,4.366429328918457
61600,1,fcst,6.246779918670654,0.5862603783607483,0.287841796875,4.339890480041504,3.8334343433380127
61600,2,fcst,5.046225547790527,0.64769047498703,0.385986328125,2.5089316368103027,2.113825559616089
61600,0,enc,9.84567928314209,0.4262814223766327,0.2056884765625,1.0010405778884888,4.3130412101745605
61600,1,enc,7.502129554748535,0.5693211555480957,0.437255859375,4.373797416687012,4.030291557312012
61600,2,enc,5.128046989440918,0.4964448809623718,0.1396484375,4.280116081237793,3.946131706237793
61800,0,enc,9.806743621826172,0.372412770986557,0.302001953125,1.0596169233322144,4.059769153594971
61800,1,enc,7.559504508972168,0.4971866309642792,0.54736328125,4.021223068237305,3.953000545501709
61800,2,enc,5.221658229827881,0.8159761428833008,0.1416015625,4.125219821929932,3.764354944229126
61800,0,fcst,4.8737473487854,1.0392765998840332,0.485107421875,3.67484188079834,2.8821985721588135
61800,1,fcst,6.323567867279053,0.6001002788543701,0.29541015625,2.807727813720703,2.656367778778076
61800,2,fcst,5.058680534362793,0.6649351119995117,0.434326171875,2.189664840698242,2.1408705711364746
61800,0,enc,9.800230979919434,0.3915524184703827,0.233642578125,1.0590680837631226,4.115626335144043
61800,1,enc,7.547541618347168,0.4584181606769562,0.303955078125,4.442904472351074,3.978304862976074
61800,2,enc,5.0505290031433105,0.5011400580406189,0.146240234375,4.253389835357666,3.881075382232666
62000,0,enc,9.890280723571777,0.3980213403701782,0.3115234375,1.0409950017929077,3.8538758754730225
62000,1,enc,7.651646137237549,0.5525985360145569,0.5791015625,4.22735071182251,4.074451446533203
62000,2,enc,5.362286567687988,0.794055700302124,0.1363525390625,4.074451446533203,3.6147890090942383
62000,0,fcst,4.837492942810059,1.049185037612915,0.3564453125,3.539405345916748,2.928978681564331
62000,1,fcst,6.336843967437744,0.6017898917198181,0.265625,2.8884737491607666,2.4967637062072754
62000,2,fcst,5.137911319732666,0.6756176948547363,0.415771484375,2.8286962509155273,2.4708945751190186
62000,0,enc,9.925409317016602,0.4014107882976532,0.2384033203125,0.9877593517303467,3.589876174926758
62000,1,enc,7.617982864379883,0.49141648411750793,0.446044921875,3.822744369506836,3.457629680633545
62000,2,enc,5.327449321746826,0.519137978553772,0.1357421875,3.7395238876342773,3.3916234970092773
62200,0,enc,10.057095527648926,0.3855208456516266,0.320556640625,1.108766794204712,3.7449848651885986
62200,1,enc,7.630463600158691,0.5298839211463928,0.45947265625,3.9594600200653076,3.942479133605957
62200,2,enc,5.396224498748779,0.6675543189048767,0.13818359375,4.245316982269287,3.8777496814727783
62200,0,fcst,4.837491035461426,1.0242561101913452,0.3505859375,3.810171604156494,3.0701541900634766
62200,1,fcst,6.302052974700928,0.6056693196296692,0.26318359375,2.9852092266082764,2.4765830039978027
62200,2,fcst,5.150550842285156,0.6541615128517151,0.4091796875,2.6450982093811035,2.5779595375061035
62200,0,enc,9.929824829101562,0.38566911220550537,0.2315673828125,0.9893633127212524,3.4010097980499268
62200,1,enc,7.6668219566345215,0.5001113414764404,0.33984375,3.6251220703125,3.3780517578125
62200,2,enc,5.358649730682373,0.4372951090335846,0.155517578125,3.643577814102173,3.434959650039673
62400,0,enc,9.995518684387207,0.33764588832855225,0.296630859375,1.0980587005615234,3.7170636653900146
62400,1,enc,7.718984127044678,0.4679674208164215,0.55029296875,4.370603561401367,3.983776330947876
62400,2,enc,5.4427995681762695,0.5899452567100525,0.1533203125,4.226921558380127,3.870476245880127
62400,0,fcst,4.807550430297852,1.0325556993484497,0.3857421875,3.7882931232452393,3.7327399253845215
62400,1,fcst,6.3584303855896,0.61466383934021,0.298583984375,3.66796875,3.120551109313965
62400,2,fcst,5.150032043457031,0.8434169292449951,0.384033203125,3.3546698093414307,2.9116902351379395
62400,0,enc,10.047526359558105,0.3381143808364868,0.268798828125,1.0699185132980347,3.1425511837005615
62400,1,enc,7.742498874664307,0.44210290908813477,0.408447265625,3.7148995399475098,3.3347725868225098
62400,2,enc,5.437878608703613,0.48631319403648376,0.1441650390625,3.5388808250427246,3.2229628562927246
62600,0,enc,10.122526168823242,0.37458670139312744,0.31591796875,1.125638484954834,2.9249014854431152
62600,1,enc,7.760937213897705,0.5165917873382568,0.485595703125,3.4780049324035645,3.153569221496582
62600,2,enc,5.4084882736206055,0.75070720911026,0.1484375,3.487022876739502,3.2637698650360107
62600,0,fcst,4.862241268157959,0.9744477868080139,0.36279296875,3.187758684158325,2.587244749069214
62600,1,fcst,6.42936897277832,0.5876649022102356,0.2958984375,2.5218770503997803,2.2915492057800293
62600,2,fcst,5.147828578948975,0.6539173722267151,0.414794921875,2.210491895675659,2.306384801864624
62600,0,enc,10.09855842590332,0.36772042512893677,0.2393798828125,0.9864146709442139,2.348196029663086
62600,1,enc,7.761838912963867,0.5622221827507019,0.32421875,2.7950830459594727,2.4870166778564453
62600,2,enc,5.334322452545166,0.5475886464118958,0.1510009765625,2.8038148880004883,2.6219544410705566
62800,0,enc,9.8795747756958,0.34599795937538147,0.298095703125,1.0511888265609741,2.5989437103271484
62800,1,enc,7.855949878692627,0.4657849073410034,0.450439453125,3.3275065422058105,2.963899612426758
62800,2,enc,5.549880027770996,0.6522631049156189,0.1451416015625,3.3043341636657715,3.269747734069824
62800,0,fcst,4.826409816741943,1.1133301258087158,0.338623046875,3.1907403469085693,2.565197706222534
62800,1,fcst,6.284635066986084,0.5984536409378052,0.26220703125,2.521514654159546,2.2092859745025635
62800,2,fcst,5.020808219909668,0.6460164785385132,0.414794921875,2.052839517593384,2.1243183612823486
62800,0,enc,9.89953327178955,0.3460526466369629,0.25146484375,0.9699248671531677,2.4069979190826416
62800,1,enc,7.824641704559326,0.5110042095184326,0.400146484375,2.960148572921753,2.6691465377807617
62800,2,enc,5.437758445739746,0.5726252794265747,0.1400146484375,2.9569272994995117,2.7645444869995117
63000,0,enc,10.049176216125488,0.3418165445327759,0.2978515625,1.0979372262954712,2.6336066722869873
63000,1,enc,7.942074298858643,0.5089555978775024,0.446533203125,3.2214691638946533,2.715013027191162
63000,2,enc,5.545736312866211,0.6990926861763,0.136474609375,3.1201703548431396,2.776623249053955
63000,0,fcst,4.791881561279297,0.9132868647575378,0.37744140625,2.701826333999634,2.2455215454101562
63000,1,fcst,6.394500255584717,0.6699836850166321,0.266845703125,2.200047016143799,1.9735387563705444
63000,2,fcst,5.1731157302856445,0.6494252681732178,0.37890625,2.22196102142334,2.2384634017944336
63000,0,enc,10.0370454788208,0.34557291865348816,0.26220703125,1.024619460105896,2.209972858428955
63000,1,enc,7.9629974365234375,0.530581533908844,0.357177734375,2.7155544757843018,2.5928127765655518
63000,2,enc,5.40777063369751,0.5219656825065613,0.1658935546875,2.9325273036956787,2.8772904872894287
63200,0,enc,10.0894136428833,0.3508537709712982,0.3154296875,1.1158616542816162,3.1696300506591797
63200,1,enc,8.023679733276367,0.6410954594612122,0.473388671875,3.2231245040893555,3.173041820526123
63200,2,enc,5.52898645401001,0.5875577330589294,0.1435546875,3.4168860912323,3.1847455501556396
63200,0,fcst,4.793989181518555,1.0011523962020874,0.37060546875,3.1528072357177734,2.5093610286712646
63200,1,fcst,6.348516941070557,0.6360477209091187,0.274658203125,2.437380075454712,2.1733076572418213
63200,2,fcst,5.1475043296813965,0.6607338190078735,0.358154296875,2.1401937007904053,2.128796100616455
63200,0,enc,9.883466720581055,0.35102567076683044,0.2498779296875,1.0456751585006714,2.707637310028076
63200,1,enc,7.9756388664245605,0.5413867235183716,0.31982421875,2.850874662399292,2.788435697555542
63200,2,enc,5.461917400360107,0.5018954873085022,0.141845703125,3.0696206092834473,2.8819985389709473
63400,0,enc,10.165761947631836,0.3347533643245697,0.315673828125,1.0456548929214478,2.770198106765747
63400,1,enc,7.973099231719971,0.5126194953918457,0.358154296875,2.6959362030029297,2.5267269611358643
63400,2,enc,5.497970104217529,0.6915248036384583,0.13134765625,2.6173136234283447,2.5594656467437744
63400,0,fcst,4.5868730545043945,0.9038430452346802,0.3798828125,2.5594656467437744,2.218482494354248
63400,1,fcst,6.434903144836426,0.6300349831581116,0.271240234375,2.151327133178711,1.8465906381607056
63400,2,fcst,5.230727195739746,0.6383040547370911,0.392333984375,2.390467882156372,2.248994827270508
63400,0,enc,10.043144226074219,0.33394044637680054,0.260498046875,1.0529675483703613,2.5915780067443848
63400,1,enc,7.996309757232666,0.4723961353302002,0.2353515625,2.892116069793701,2.679469585418701
63400,2,enc,5.3832597732543945,0.5463270545005798,0.1407470703125,2.9970169067382812,2.8245315551757812
63600,0,enc,10.103964805603027,0.31415748596191406,0.28857421875,1.1114670038223267,3.3306820392608643
63600,1,enc,8.1170072555542,0.4469270408153534,0.3837890625,3.239969491958618,3.239969491958618
63600,2,enc,5.571108818054199,0.6384722590446472,0.1595458984375,3.242534637451172,3.2066752910614014
63600,0,fcst,4.620163440704346,0.8945198059082031,0.35302734375,3.1505205631256104,2.6994028091430664
63600,1,fcst,6.394642353057861,0.5890126824378967,0.247314453125,2.6604535579681396,2.2824180126190186
63600,2,fcst,5.092779159545898,0.6735761165618896,0.377685546875,2.612877368927002,2.301462411880493
63600,0,enc,9.991935729980469,0.3222351372241974,0.225341796875,1.0506689548492432,2.8687453269958496
63600,1,enc,8.146280288696289,0.44674065709114075,0.2303466796875,2.777132749557495,2.464632749557495
63600,2,enc,5.606836318969727,0.5160850286483765,0.1317138671875,2.5953240394592285,2.627842426300049
63800,0,enc,10.117746353149414,0.3432445824146271,0.286376953125,1.081224799156189,3.6778082847595215
63800,1,enc,8.210526466369629,0.44707539677619934,0.328369140625,3.6725234985351562,3.6725234985351562
63800,2,enc,5.785153865814209,0.6332494616508484,0.14208984375,3.945032835006714,3.3032143115997314
63800,0,fcst,4.61765193939209,0.8923335075378418,0.40185546875,3.191720485687256,2.7226991653442383
63800,1,fcst,6.395169258117676,0.5896065831184387,0.26611328125,2.6636104583740234,2.3945131301879883
63800,2,fcst,5.110551357269287,0.6336873173713684,0.39599609375,2.1404707431793213,2.158719778060913
63800,0,enc,10.225262641906738,0.3442758619785309,0.252197265625,1.0762524604797363,3.123035192489624
63800,1,enc,8.18897533416748,0.46594035625457764,0.1922607421875,3.167771339416504,2.902878761291504
63800,2,enc,5.623865604400635,0.5830246210098267,0.1346435546875,3.161172389984131,2.878457546234131
64000,0,enc,10.117414474487305,0.4106105864048004,0.281982421875,1.098429799079895,3.8418445587158203
64000,1,enc,8.20102310180664,0.4323084354400635,0.3291015625,3.7868337631225586,3.7100837230682373
64000,2,enc,5.727156639099121,0.6727463006973267,0.14013671875,3.85849928855896,3.6164023876190186
64000,0,fcst,4.551328659057617,0.826745867729187,0.34765625,3.55303692817688,3.0938875675201416
64000,1,fcst,6.488962173461914,0.5877537131309509,0.283447265625,3.043074131011963,2.638561487197876
64000,2,fcst,5.139159679412842,0.6221650838851929,0.370361328125,2.217637300491333,2.251732110977173
64000,0,enc,10.166248321533203,0.4345260262489319,0.2239990234375,1.0051487684249878,3.2534120082855225
64000,1,enc,8.18389892578125,0.44071316719055176,0.1903076171875,3.184485912322998,2.97349214553833
64000,2,enc,5.552387237548828,0.5258811116218567,0.1351318359375,3.221019983291626,3.150447130203247
64200,0,enc,9.947041511535645,0.43168768286705017,0.289794921875,1.131143569946289,3.8970470428466797
64200,1,enc,8.202905654907227,0.4761587083339691,0.29248046875,3.7054591178894043,3.224209785461426
64200,2,enc,5.734346866607666,0.5814728736877441,0.1439208984375,3.534637689590454,3.117157220840454
64200,0,fcst,4.4970879554748535,0.9076282978057861,0.358642578125,3.0443344116210938,2.837059497833252
64200,1,fcst,6.277451515197754,0.5947461724281311,0.274658203125,2.7660651206970215,2.3065381050109863
64200,2,fcst,5.248508453369141,0.7806448936462402,0.39697265625,2.252908706665039,2.302109718322754
64200,0,enc,10.131189346313477,0.4270576536655426,0.2313232421875,1.0769437551498413,3.3595306873321533
64200,1,enc,8.155603408813477,0.44428518414497375,0.203369140625,3.202986240386963,2.798445224761963
64200,2,enc,5.55584716796875,0.5074198246002197,0.134521484375,2.846001148223877,2.633842945098877
64400,0,enc,10.041418075561523,0.34920307993888855,0.307861328125,1.0496646165847778,4.367720127105713
64400,1,enc,8.080111503601074,0.46184492111206055,0.280517578125,4.335048198699951,3.7496533393859863
64400,2,enc,5.81001091003418,0.6492551565170288,0.1318359375,3.7496533393859863,3.551870822906494
64400,0,fcst,4.559659957885742,0.9186822175979614,0.38720703125,3.4856889247894287,2.91060209274292
64400,1,fcst,6.394313335418701,0.6210845112800598,0.26123046875,2.8571465015411377,2.418778419494629
64400,2,fcst,5.199671268463135,0.6378219127655029,0.388671875,2.2723872661590576,2.255369186401367
64400,0,enc,10.013274192810059,0.3601123094558716,0.2279052734375,0.9721400141716003,4.212166786193848
64400,1,enc,8.028093338012695,0.44952666759490967,0.195556640625,4.148227691650391,3.6526222229003906
64400,2,enc,5.660778045654297,0.47175517678260803,0.12646484375,3.610304355621338,3.188694715499878
64600,0,enc,9.763233184814453,0.38942041993141174,0.30419921875,1.0736063718795776,4.753804683685303
64600,1,enc,7.931922912597656,0.4434194266796112,0.308837890625,5.030318260192871,4.710765361785889
64600,2,enc,5.728309631347656,0.6100656390190125,0.1566162109375,4.981586933135986,4.507682800292969
64600,0,fcst,4.537864685058594,0.9967036843299866,0.443603515625,4.429649353027344,3.8567326068878174
64600,1,fcst,6.422680377960205,0.5912798643112183,0.27783203125,3.8541014194488525,3.4141056537628174
64600,2,fcst,5.362830638885498,0.7981250286102295,0.353515625,2.731727123260498,2.2765395641326904
64600,0,enc,9.83300495147705,0.40613293647766113,0.2425537109375,0.9914841651916504,4.01565408706665
64600,1,enc,7.943836688995361,0.408523827791214,0.163330078125,4.166043758392334,3.925321102142334
64600,2,enc,5.759756565093994,0.4871218502521515,0.162109375,4.175271034240723,3.7490015029907227
64800,0,enc,9.95337963104248,0.35632815957069397,0.351806640625,1.0262700319290161,4.312928199768066
64800,1,enc,7.861058712005615,0.42256876826286316,0.28662109375,4.254300594329834,3.79380464553833
64800,2,enc,5.916536808013916,0.5704881548881531,0.1605224609375,3.91205096244812,3.91205096244812
64800,0,fcst,4.518155097961426,0.9328316450119019,0.392822265625,3.840289831161499,3.078571081161499
64800,1,fcst,6.290523052215576,0.5823987126350403,0.287109375,3.0479562282562256,2.63388991355896
64800,2,fcst,5.352374076843262,0.8590359091758728,0.363525390625,2.8941876888275146,2.7037994861602783
64800,0,enc,9.958828926086426,0.3451061248779297,0.236572265625,0.9745371341705322,4.296269416809082
64800,1,enc,7.825259685516357,0.4356989562511444,0.181640625,4.328835964202881,4.062722682952881
64800,2,enc,5.795111179351807,0.454971581697464,0.1474609375,4.162599563598633,3.834718704223633
65000,0,enc,10.099030494689941,0.33383458852767944,0.368408203125,0.995707094669342,5.716427803039551
65000,1,enc,7.717533111572266,0.4363299012184143,0.263916015625,5.716427803039551,5.327972888946533
65000,2,enc,5.825691223144531,0.6992928981781006,0.1529541015625,5.36488151550293,5.36488151550293
65000,0,fcst,4.431274890899658,0.959694504737854,0.32958984375,5.290559768676758,4.881374835968018
65000,1,fcst,6.371487140655518,0.6178876757621765,0.290771484375,4.842540264129639,4.393864154815674
65000,2,fcst,5.328954696655273,0.6683390736579895,0.372314453125,3.101259469985962,2.258643388748169
65000,0,enc,10.105679512023926,0.3309504985809326,0.2354736328125,0.9609935283660889,4.467419624328613
65000,1,enc,7.690244197845459,0.4130370020866394,0.09967041015625,4.9224138259887695,4.5679216384887695
65000,2,enc,5.815724849700928,0.46965491771698,0.14404296875,4.76190185546875,4.33441162109375
65200,0,enc,9.93385124206543,0.32778701186180115,0.329833984375,1.0373386144638062,4.480868816375732
65200,1,enc,7.673681259155273,0.43155819177627563,0.282958984375,4.959395408630371,4.569584369659424
65200,2,enc,5.9258904457092285,0.7285186052322388,0.169677734375,4.72659158706665,4.290593147277832
65200,0,fcst,4.348028659820557,1.039332389831543,0.36767578125,4.228814601898193,3.7800769805908203
65200,1,fcst,6.423744201660156,0.6332027912139893,0.281005859375,3.7219924926757812,3.529104709625244
65200,2,fcst,5.124094009399414,0.662440836429596,0.369873046875,3.529104709625244,2.5683629512786865
65200,0,enc,10.027875900268555,0.32361146807670593,0.2266845703125,0.945450484752655,3.8977699279785156
65200,1,enc,7.59883451461792,0.40925660729408264,0.11212158203125,4.436056137084961,4.123800277709961
65200,2,enc,5.909130573272705,0.4539234936237335,0.1505126953125,4.270296096801758,3.867464065551758
65400,0,enc,10.006340980529785,0.3471817374229431,0.323486328125,1.0909395217895508,5.37904167175293
65400,1,enc,7.622991561889648,0.4650386571884155,0.373046875,6.1200361251831055,5.644504547119141
65400,2,enc,6.056079864501953,0.6843186020851135,0.132568359375,5.72839879989624,5.1563639640808105
65400,0,fcst,4.28394079208374,1.0622087717056274,0.322021484375,5.094080448150635,5.049127578735352
65400,1,fcst,6.52730655670166,0.6572534441947937,0.27783203125,5.014068126678467,4.562136650085449
65400,2,fcst,5.319311141967773,0.6807494163513184,0.34521484375,3.8696155548095703,2.549018621444702
65400,0,enc,10.086599349975586,0.34450289607048035,0.2457275390625,1.0027636289596558,5.033118724822998
65400,1,enc,7.556354522705078,0.4395613670349121,0.1668701171875,5.53149938583374,5.22607946395874
65400,2,enc,5.8859686851501465,0.463928759098053,0.140869140625,5.26686429977417,4.78737211227417
65600,0,enc,10.079998970031738,0.3494126498699188,0.32861328125,0.9869980216026306,5.600685119628906
65600,1,enc,7.669283866882324,0.4251575469970703,0.268310546875,5.600685119628906,5.264313697814941
65600,2,enc,6.077970504760742,0.5986186861991882,0.18359375,5.308125972747803,4.817131996154785
65600,0,fcst,4.064306735992432,1.0725886821746826,0.3232421875,4.78327751159668,4.78327751159668
65600,1,fcst,6.410121440887451,0.707850992679596,0.27099609375,4.716382026672363,4.279370307922363
65600,2,fcst,5.214676856994629,0.6562705039978027,0.361083984375,3.377450466156006,2.5460009574890137
65600,0,enc,10.144078254699707,0.3483404219150543,0.2481689453125,0.927269697189331,4.956639766693115
65600,1,enc,7.611212253570557,0.4329298138618469,0.11517333984375,5.156865119934082,4.853886604309082
65600,2,enc,6.081539154052734,0.40093788504600525,0.1468505859375,4.807387351989746,4.310805320739746
65800,0,enc,10.237496376037598,0.37256988883018494,0.328369140625,1.0893415212631226,5.7185187339782715
65800,1,enc,7.645287036895752,0.47901442646980286,0.21826171875,6.088541507720947,5.703884124755859
65800,2,enc,6.4299702644348145,0.6730339527130127,0.13525390625,5.716287136077881,5.226378440856934
65800,0,fcst,4.105811595916748,0.8862669467926025,0.41357421875,5.164248466491699,4.138315200805664
65800,1,fcst,6.35412073135376,0.6004573106765747,0.235107421875,4.086658477783203,3.6067864894866943
65800,2,fcst,5.384011268615723,0.7360374927520752,0.373046875,2.943190813064575,2.2134974002838135
65800,0,enc,10.20673942565918,0.3857985734939575,0.250244140625,0.9228191375732422,4.510159969329834
65800,1,enc,7.620916843414307,0.4657907783985138,0.11767578125,4.896944522857666,4.578096866607666
65800,2,enc,6.373697757720947,0.5610547065734863,0.14404296875,4.594371795654297,4.213268280029297
66000,0,enc,9.978959083557129,0.42089080810546875,0.339111328125,1.0281153917312622,6.06790018081665
66000,1,enc,7.828023910522461,0.48275700211524963,0.2098388671875,6.06790018081665,6.06790018081665
66000,2,enc,6.5457329750061035,0.5547744631767273,0.14501953125,6.116632461547852,5.492717742919922
66000,0,fcst,4.021610260009766,0.9790207147598267,0.383056640625,5.4467453956604,4.751225471496582
66000,1,fcst,6.32452917098999,0.6178697347640991,0.2489013671875,4.719559192657471,4.600926399230957
66000,2,fcst,5.398075580596924,0.6537073254585266,0.3515625,2.5797183513641357,2.5622198581695557
66000,0,enc,9.98579216003418,0.39833545684814453,0.270751953125,0.9213773608207703,4.943238258361816
66000,1,enc,7.770163059234619,0.47081249952316284,0.1318359375,5.030600547790527,4.815756797790527
66000,2,enc,6.337069034576416,0.5132400393486023,0.1407470703125,4.825023174285889,4.332835674285889
66200,0,enc,10.260211944580078,0.3932842016220093,0.334716796875,0.9823247194290161,6.594031810760498
66200,1,enc,8.050856590270996,0.4457135498523712,0.2197265625,6.9237189292907715,6.628851413726807
66200,2,enc,6.682924747467041,0.5892767310142517,0.1385498046875,6.6331071853637695,6.124209403991699
66200,0,fcst,4.063813209533691,1.0267871618270874,0.358642578125,6.063271522521973,6.063271522521973
66200,1,fcst,6.458305835723877,0.664733350276947,0.2347412109375,6.063271522521973,5.301552772521973
66200,2,fcst,5.424365043640137,0.6570159792900085,0.3330078125,3.947741746902466,3.947741746902466
66200,0,enc,10.341156959533691,0.39263319969177246,0.2646484375,0.9075510501861572,5.312598705291748
66200,1,enc,7.997128963470459,0.4484940767288208,0.157958984375,5.391144752502441,5.135048866271973
66200,2,enc,6.639512062072754,0.5075017809867859,0.1654052734375,5.063625812530518,4.717002868652344
66400,0,enc,10.263627052307129,0.444222629070282,0.317626953125,1.0476914644241333,5.323144435882568
66400,1,enc,8.187276840209961,0.4943752884864807,0.20947265625,5.245508193969727,4.928396701812744
66400,2,enc,6.785141468048096,0.6212974190711975,0.1302490234375,4.826668739318848,4.505759239196777
66400,0,fcst,4.030832290649414,0.9628804922103882,0.38037109375,4.442900657653809,3.950469732284546
66400,1,fcst,6.485875129699707,0.5965675115585327,0.262939453125,3.8813929557800293,3.732863426208496
66400,2,fcst,5.401500701904297,0.6832501292228699,0.359130859375,3.2634458541870117,2.3045074939727783
66400,0,enc,10.325432777404785,0.43105798959732056,0.2548828125,1.0065348148345947,4.870919227600098
66400,1,enc,8.08648681640625,0.46364304423332214,0.16455078125,4.8074445724487305,4.5288801193237305
66400,2,enc,6.587230205535889,0.5615517497062683,0.139892578125,4.473321914672852,4.107843399047852
66600,0,enc,10.351844787597656,0.4338824152946472,0.3095703125,0.9714001417160034,6.207663059234619
66600,1,enc,8.3761568069458,0.47180381417274475,0.243408203125,6.2419867515563965,5.980891704559326
66600,2,enc,6.88383674621582,0.6471647024154663,0.1632080078125,5.864217281341553,5.583184242248535
66600,0,fcst,4.032718181610107,1.032189965248108,0.361083984375,5.5283203125,4.58973503112793
66600,1,fcst,6.41312313079834,0.6310890316963196,0.24169921875,4.553205490112305,4.098219394683838
66600,2,fcst,5.385952472686768,0.7268467545509338,0.38134765625,3.3109617233276367,3.036569595336914
66600,0,enc,10.359660148620605,0.435246080160141,0.292236328125,0.9180160164833069,5.086893558502197
66600,1,enc,8.373553276062012,0.4085676372051239,0.1505126953125,5.030402183532715,4.812750816345215
66600,2,enc,6.7782440185546875,0.6851611137390137,0.14453125,4.790441036224365,4.483312129974365
66800,0,enc,10.587540626525879,0.39640212059020996,0.302490234375,0.9683462381362915,5.498239517211914
66800,1,enc,8.349394798278809,0.44041064381599426,0.253173828125,5.749358177185059,5.361445903778076
66800,2,enc,6.973385334014893,0.6922116875648499,0.1451416015625,5.399712562561035,5.173068523406982
66800,0,fcst,3.9746668338775635,1.115968108177185,0.369384765625,5.122453689575195,4.4101057052612305
66800,1,fcst,6.281252384185791,0.6198240518569946,0.237548828125,4.4101057052612305,3.5892505645751953
66800,2,fcst,5.359895706176758,0.7078014016151428,0.3310546875,3.5892505645751953,2.619734525680542
66800,0,enc,10.45276927947998,0.4110254645347595,0.287353515625,0.9204826354980469,4.426782608032227
66800,1,enc,8.297712326049805,0.4237184226512909,0.195068359375,4.686524868011475,4.345216274261475
66800,2,enc,6.889925956726074,0.5778780579566956,0.1539306640625,4.453213691711426,4.234707832336426
67000,0,enc,10.443035125732422,0.3856031000614166,0.329833984375,0.9775568842887878,5.535992622375488
67000,1,enc,8.260702133178711,0.416485071182251,0.254150390625,5.4812541007995605,5.236842155456543
67000,2,enc,6.788561820983887,0.6523707509040833,0.1732177734375,5.228037357330322,4.900617599487305
67000,0,fcst,4.060953140258789,1.1397817134857178,0.326171875,4.838905334472656,3.950444221496582
67000,1,fcst,6.3710713386535645,0.6019924283027649,0.2393798828125,3.8612847328186035,3.1250650882720947
67000,2,fcst,5.23580265045166,0.6355197429656982,0.315185546875,2.455507278442383,2.473055362701416
67000,0,enc,10.548675537109375,0.3772188425064087,0.3154296875,0.9128480553627014,4.70405387878418
67000,1,enc,8.259407043457031,0.4099304974079132,0.1572265625,4.652156352996826,4.458186626434326
67000,2,enc,6.637510299682617,0.6086609363555908,0.157958984375,4.398037433624268,4.174526691436768
67200,0,enc,10.409542083740234,0.42872563004493713,0.3125,1.0247217416763306,5.357193470001221
67200,1,enc,8.15026569366455,0.49681568145751953,0.30078125,5.429116249084473,5.044459342956543
67200,2,enc,6.597438812255859,0.6985796689987183,0.14990234375,5.185227870941162,4.896327972412109
67200,0,fcst,4.0327653884887695,1.0321450233459473,0.3837890625,4.795095443725586,4.214834213256836
67200,1,fcst,6.302077293395996,0.619712233543396,0.25146484375,4.199696063995361,3.4452009201049805
67200,2,fcst,5.427919387817383,0.6159220933914185,0.31884765625,3.333810567855835,2.711437940597534
67200,0,enc,10.495658874511719,0.447817325592041,0.28759765625,0.982284426689148,4.659914016723633
67200,1,enc,8.083353042602539,0.46795853972435,0.1395263671875,4.619330883026123,4.376410961151123
67200,2,enc,6.4024128913879395,0.5927425622940063,0.177734375,4.346446514129639,4.115001201629639
67400,0,enc,10.396184921264648,0.3559207022190094,0.33837890625,1.040124535560608,5.480181694030762
67400,1,enc,8.201045989990234,0.5365421772003174,0.279296875,5.543816566467285,5.543816566467285
67400,2,enc,6.721720218658447,0.6456567049026489,0.1754150390625,5.5171990394592285,5.116265773773193
67400,0,fcst,4.069336414337158,1.0255160331726074,0.32373046875,5.045040130615234,5.045040130615234
67400,1,fcst,6.359249114990234,0.6241992115974426,0.256103515625,4.970468044281006,4.103497505187988
67400,2,fcst,5.291708946228027,0.6395286917686462,0.324951171875,3.021507978439331,2.375469923019409
67400,0,enc,10.354575157165527,0.36420807242393494,0.299072265625,0.9941670894622803,4.770913124084473
67400,1,enc,8.20860767364502,0.4970647692680359,0.1605224609375,4.776128768920898,4.578130722045898
67400,2,enc,6.522608280181885,0.5468897223472595,0.1605224609375,4.4837846755981445,4.20612907409668
67600,0,enc,10.246379852294922,0.3841755986213684,0.3134765625,1.0414361953735352,4.564151287078857
67600,1,enc,8.204123497009277,0.4356405436992645,0.282958984375,4.58233642578125,4.438022136688232
67600,2,enc,6.954679489135742,0.6567423939704895,0.1719970703125,4.28160285949707,4.128608226776123
67600,0,fcst,4.180751323699951,0.9213383793830872,0.363037109375,4.089447021484375,3.1682229042053223
67600,1,fcst,6.348151683807373,0.6009781360626221,0.250244140625,3.1503889560699463,2.515080690383911
67600,2,fcst,5.294586181640625,0.6959242820739746,0.332275390625,2.2878661155700684,2.261150598526001
67600,0,enc,10.255550384521484,0.37743455171585083,0.279052734375,0.9857600331306458,4.192720413208008
67600,1,enc,8.034735679626465,0.48367178440093994,0.1795654296875,4.217708110809326,4.071223735809326
67600,2,enc,6.749382495880127,0.47788840532302856,0.1790771484375,4.002943515777588,3.844618320465088
67800,0,enc,10.159202575683594,0.3915652334690094,0.33251953125,0.9990509152412415,4.793305397033691
67800,1,enc,8.046395301818848,0.4282642602920532,0.2529296875,5.242066860198975,4.984633922576904
67800,2,enc,6.891080856323242,0.6875839233398438,0.1610107421875,5.053325653076172,4.664056777954102
67800,0,fcst,4.028881549835205,0.9679058194160461,0.350830078125,4.575052261352539,4.415990352630615
67800,1,fcst,6.427309513092041,0.6054128408432007,0.236572265625,4.395478248596191,3.6592586040496826
67800,2,fcst,5.481488227844238,0.6512390971183777,0.341796875,3.012943744659424,2.5304083824157715
67800,0,enc,10.112637519836426,0.37870341539382935,0.283935546875,0.9748741388320923,3.862619400024414
67800,1,enc,8.049566268920898,0.47723692655563354,0.149169921875,4.079305171966553,3.7953696250915527
67800,2,enc,6.707860469818115,0.5192289352416992,0.1455078125,3.895120859146118,3.615335702896118
68000,0,enc,10.064513206481934,0.43307164311408997,0.33837890625,0.9540466070175171,4.643548965454102
68000,1,enc,8.221966743469238,0.5498069524765015,0.311767578125,4.931517601013184,4.581853866577148
68000,2,enc,7.035577297210693,0.5903254151344299,0.16259765625,4.69793176651001,4.236062526702881
68000,0,fcst,4.056600570678711,0.977658212184906,0.353515625,4.171671390533447,3.897714853286743
68000,1,fcst,6.303891658782959,0.6448671817779541,0.2421875,3.8699705600738525,3.2498435974121094
68000,2,fcst,5.219198703765869,0.623835563659668,0.321044921875,2.315061569213867,2.3263397216796875
68000,0,enc,10.14450454711914,0.41642123460769653,0.3046875,0.9362494349479675,4.0504984855651855
68000,1,enc,8.060857772827148,0.47722551226615906,0.1253662109375,4.365664958953857,4.050479412078857
68000,2,enc,6.931718826293945,0.48078444600105286,0.157958984375,4.204662322998047,3.896312713623047
68200,0,enc,10.262707710266113,0.39943620562553406,0.315673828125,0.9164193272590637,4.4953484535217285
68200,1,enc,8.103209495544434,0.4532490074634552,0.273193359375,4.498637676239014,4.3606343269348145
68200,2,enc,7.071929454803467,0.5771074891090393,0.1436767578125,4.500555992126465,4.1690673828125
68200,0,fcst,4.067007064819336,0.9210616946220398,0.31787109375,4.0900750160217285,3.413959264755249
68200,1,fcst,6.288265228271484,0.5821847319602966,0.2281494140625,3.33073353767395,3.069247007369995
68200,2,fcst,5.305720329284668,0.6965649127960205,0.3076171875,3.0698013305664062,2.7554025650024414
68200,0,enc,10.207301139831543,0.40991631150245667,0.280517578125,0.8510783314704895,4.230649948120117
68200,1,enc,8.077555656433105,0.45045971870422363,0.1763916015625,4.256840229034424,4.062870502471924
68200,2,enc,7.029921531677246,0.5214219689369202,0.1602783203125,4.140162467956543,3.796168327331543
68400,0,enc,10.295666694641113,0.43968114256858826,0.319580078125,1.0435420274734497,5.241061687469482
68400,1,enc,8.13321304321289,0.46012476086616516,0.3232421875,5.196773052215576,5.085078716278076
68400,2,enc,7.146105766296387,0.6383756995201111,0.155517578125,5.093010425567627,4.79109001159668
68400,0,fcst,4.250210285186768,0.9943339824676514,0.3857421875,4.6822733879089355,4.525789260864258
68400,1,fcst,6.3105363845825195,0.6284173130989075,0.264404296875,4.441713809967041,4.372478485107422
68400,2,fcst,5.278587341308594,0.7439187169075012,0.340087890625,2.852379322052002,2.65816068649292
68400,0,enc,10.287214279174805,0.43864938616752625,0.282958984375,0.9391597509384155,4.622738838195801
68400,1,enc,8.0460205078125,0.43679267168045044,0.1488037109375,4.624984264373779,4.519210338592529
68400,2,enc,7.0166335105896,0.5167112350463867,0.154296875,4.525294780731201,4.242824077606201
68600,0,enc,10.371236801147461,0.44218724966049194,0.324951171875,1.0336904525756836,5.278238773345947
68600,1,enc,8.133550643920898,0.4593772292137146,0.30810546875,5.463418006896973,5.139289379119873
68600,2,enc,7.160286903381348,0.7439796328544617,0.179931640625,5.146364212036133,5.14624547958374
68600,0,fcst,4.289989948272705,0.9848735928535461,0.26953125,5.098440170288086,4.143284797668457
68600,1,fcst,6.5095062255859375,0.6248129606246948,0.2406005859375,4.077235221862793,3.399609327316284
68600,2,fcst,5.460747718811035,0.6123780608177185,0.352783203125,2.616637706756592,2.6121108531951904
68600,0,enc,10.426139831542969,0.4657241106033325,0.301513671875,0.997580885887146,4.41840124130249
68600,1,enc,8.04525089263916,0.43567943572998047,0.1385498046875,4.4598493576049805,4.3217878341674805
68600,2,enc,7.047934055328369,0.5345141291618347,0.171142578125,4.300329208374023,4.075475692749023
68800,0,enc,10.035764694213867,0.47290927171707153,0.338134765625,0.9677938222885132,5.161070823669434
68800,1,enc,8.22482681274414,0.5558732748031616,0.27490234375,5.276822566986084,5.276822566986084
68800,2,enc,7.298973083496094,0.60589998960495,0.1614990234375,5.3876519203186035,5.112857818603516
68800,0,fcst,4.416069984436035,1.0287017822265625,0.30615234375,5.072812557220459,4.260095596313477
68800,1,fcst,6.328370094299316,0.6157466173171997,0.230712890625,4.166195392608643,3.4278056621551514
68800,2,fcst,5.341341495513916,0.6341623067855835,0.31884765625,2.299929618835449,2.297548532485962
68800,0,enc,10.141430854797363,0.4948435425758362,0.2822265625,0.8480832576751709,4.483231067657471
68800,1,enc,8.205658912658691,0.4998573660850525,0.1314697265625,4.483658790588379,4.351700782775879
68800,2,enc,6.981579303741455,0.47783517837524414,0.16748046875,4.266911029815674,4.047666072845459
69000,0,enc,10.123002052307129,0.38932061195373535,0.365966796875,0.9982848167419434,4.815596580505371
69000,1,enc,8.247241973876953,0.5017513632774353,0.27490234375,4.833389759063721,4.833389759063721
69000,2,enc,7.353404521942139,0.6762589812278748,0.1572265625,4.848182678222656,4.56373405456543
69000,0,fcst,4.278774738311768,1.1121783256530762,0.347412109375,4.4683837890625,4.204774379730225
69000,1,fcst,6.270055770874023,0.584089994430542,0.2288818359375,4.134245872497559,3.4266622066497803
69000,2,fcst,5.3170037269592285,0.6575655937194824,0.2998046875,2.454860210418701,2.468796491622925
69000,0,enc,10.235722541809082,0.40872523188591003,0.3115234375,0.9256410598754883,4.4075093269348145
69000,1,enc,8.239306449890137,0.4931095838546753,0.14208984375,4.452426433563232,4.307280540466309
69000,2,enc,7.264162063598633,0.525519073009491,0.142578125,4.317183494567871,4.076949119567871
69200,0,enc,10.21708869934082,0.35996487736701965,0.328857421875,0.9171649813652039,5.457676887512207
69200,1,enc,8.3444242477417,0.5398524403572083,0.289794921875,5.274572372436523,5.430279731750488
69200,2,enc,7.508325576782227,0.6473385095596313,0.1614990234375,5.362112045288086,5.251638412475586
69200,0,fcst,4.467322826385498,1.009556770324707,0.258544921875,5.251638412475586,4.336023330688477
69200,1,fcst,6.326481819152832,0.6439960598945618,0.2332763671875,4.289804458618164,3.8052730560302734
69200,2,fcst,5.604079246520996,0.6873103976249695,0.318603515625,3.548159599304199,2.559450626373291
69200,0,enc,10.282930374145508,0.35230201482772827,0.301025390625,0.8921053409576416,4.36909818649292
69200,1,enc,8.261441230773926,0.5172387957572937,0.1463623046875,4.364081382751465,4.459845542907715
69200,2,enc,7.049763202667236,0.47892484068870544,0.1549072265625,4.400572776794434,4.308470726013184
69400,0,enc,10.193385124206543,0.3717641234397888,0.344970703125,0.9486315250396729,4.824899196624756
69400,1,enc,8.3095703125,0.46391499042510986,0.29736328125,5.035151481628418,4.8071513175964355
69400,2,enc,7.568715572357178,0.6151591539382935,0.1751708984375,4.9351115226745605,4.746427536010742
69400,0,fcst,4.3695573806762695,0.9261906147003174,0.296875,4.727049350738525,3.9281210899353027
69400,1,fcst,6.394876003265381,0.5964385867118835,0.2484130859375,3.9281210899353027,3.538234233856201
69400,2,fcst,5.499417304992676,0.6384982466697693,0.294921875,2.6520907878875732,2.4400851726531982
69400,0,enc,10.154997825622559,0.36755988001823425,0.2958984375,0.9600619077682495,3.8418171405792236
69400,1,enc,8.270515441894531,0.4498317241668701,0.1544189453125,4.007785797119141,3.846545934677124
69400,2,enc,7.303131580352783,0.5282934904098511,0.1824951171875,3.8827431201934814,3.771820545196533
69600,0,enc,10.154406547546387,0.3169935643672943,0.346923828125,0.9810599088668823,5.292696952819824
69600,1,enc,8.315156936645508,0.5055534839630127,0.3056640625,5.492617607116699,5.141597747802734
69600,2,enc,7.612259387969971,0.7213351130485535,0.167724609375,5.370785236358643,4.995893478393555
69600,0,fcst,4.499736785888672,1.0833224058151245,0.263671875,4.9088263511657715,4.354413986206055
69600,1,fcst,6.218263626098633,0.6214632391929626,0.261962890625,4.311870098114014,3.6680853366851807
69600,2,fcst,5.36367130279541,0.6039834022521973,0.29736328125,3.483962059020996,3.483962059020996
69600,0,enc,10.232171058654785,0.3147752583026886,0.256103515625,0.9467292428016663,4.687890529632568
69600,1,enc,8.323443412780762,0.5151176452636719,0.1644287109375,4.708353519439697,4.628824710845947
69600,2,enc,7.3420329093933105,0.5704600214958191,0.1507568359375,4.587490081787109,4.399379730224609
69800,0,enc,10.097949981689453,0.35755085945129395,0.3310546875,0.98600172996521,4.6153950691223145
69800,1,enc,8.419808387756348,0.4804691672325134,0.29638671875,4.764540672302246,4.517958641052246
69800,2,enc,7.602608680725098,0.638009786605835,0.1661376953125,4.5490312576293945,4.419174671173096
69800,0,fcst,4.401373863220215,0.8979598879814148,0.30224609375,4.362401962280273,4.23358154296875
69800,1,fcst,6.245372295379639,0.7009667754173279,0.25048828125,4.162762641906738,3.306100368499756
69800,2,fcst,5.291656494140625,0.6427956223487854,0.3076171875,2.4864935874938965,2.5455260276794434
69800,0,enc,10.085503578186035,0.34969228506088257,0.297607421875,0.9912118911743164,4.415115833282471
69800,1,enc,8.462611198425293,0.47645458579063416,0.25146484375,4.4489850997924805,4.262909412384033
69800,2,enc,7.307499885559082,0.5693367123603821,0.150146484375,4.349234104156494,4.087923526763916
70000,0,enc,10.135459899902344,0.36370402574539185,0.36767578125,0.9566240906715393,5.318413734436035
70000,1,enc,8.481619834899902,0.5305600762367249,0.3125,5.563478469848633,5.23660135269165
70000,2,enc,7.68111515045166,0.5887855291366577,0.1619873046875,5.275300025939941,4.949507713317871
70000,0,fcst,4.4907660484313965,0.8698176741600037,0.36083984375,4.949507713317871,4.501282691955566
70000,1,fcst,6.232805252075195,0.6559794545173645,0.2462158203125,4.501282691955566,3.6229190826416016
70000,2,fcst,5.458338260650635,0.6231864094734192,0.317626953125,2.7825684547424316,2.7825684547424316
70000,0,enc,10.069528579711914,0.3567560315132141,0.27587890625,0.9161019325256348,4.494901657104492
70000,1,enc,8.46879768371582,0.4888688027858734,0.1917724609375,4.637342929840088,4.358046054840088
70000,2,enc,7.497673988342285,0.5176361799240112,0.1639404296875,4.455850124359131,4.175820827484131
70200,0,enc,10.037614822387695,0.39060014486312866,0.346923828125,0.9144054055213928,5.6111602783203125
70200,1,enc,8.545395851135254,0.5573843717575073,0.344482421875,5.979556083679199,5.681704521179199
70200,2,enc,7.626618385314941,0.5998432636260986,0.166259765625,5.883184909820557,5.754265308380127
70200,0,fcst,4.4350199699401855,0.9575064182281494,0.37060546875,5.7287983894348145,4.61117696762085
70200,1,fcst,6.329312324523926,0.639380931854248,0.275634765625,4.562478065490723,3.7551863193511963
70200,2,fcst,5.550747394561768,0.638371467590332,0.340087890625,3.5120739936828613,2.451632022857666
70200,0,enc,10.133543014526367,0.38173672556877136,0.287353515625,0.8892230987548828,4.621530055999756
70200,1,enc,8.432842254638672,0.506815493106842,0.239990234375,4.643275737762451,4.476649761199951
70200,2,enc,7.451414108276367,0.549404501914978,0.17724609375,4.426872730255127,4.249870777130127
70400,0,enc,10.001874923706055,0.3584436774253845,0.353271484375,0.965038537979126,5.849584579467773
70400,1,enc,8.522202491760254,0.5237698554992676,0.3427734375,5.702956199645996,5.484043598175049
70400,2,enc,7.535714149475098,0.6591921448707581,0.150634765625,5.484043598175049,5.237190246582031
70400,0,fcst,4.48503303527832,0.8109134435653687,0.2440185546875,5.197556018829346,4.40193510055542
70400,1,fcst,6.412107944488525,0.6540181040763855,0.2408447265625,4.341943264007568,3.867187976837158
70400,2,fcst,5.5204010009765625,0.6300530433654785,0.279541015625,2.533890724182129,2.5683629512786865
70400,0,enc,10.07656478881836,0.3617006242275238,0.30224609375,0.8866007924079895,4.768603801727295
70400,1,enc,8.484604835510254,0.4967444837093353,0.2427978515625,4.8469767570495605,4.7296671867370605
70400,2,enc,7.5085296630859375,0.6101222634315491,0.1502685546875,4.787883281707764,4.650310039520264
70600,0,enc,10.034541130065918,0.364478200674057,0.34814453125,0.9173340797424316,5.453841686248779
70600,1,enc,8.481440544128418,0.47857365012168884,0.33984375,5.667059421539307,5.406022071838379
70600,2,enc,7.547299385070801,0.6039403080940247,0.1773681640625,5.452991008758545,5.270002365112305
70600,0,fcst,4.294864177703857,1.009584903717041,0.335693359375,5.178802490234375,4.136031627655029
70600,1,fcst,6.27894926071167,0.689013659954071,0.2763671875,4.078375339508057,4.078375339508057
70600,2,fcst,5.431935787200928,0.6271618604660034,0.26513671875,3.163486957550049,2.4946577548980713
70600,0,enc,10.14489459991455,0.37074652314186096,0.311279296875,0.8798394799232483,4.481283664703369
70600,1,enc,8.504461288452148,0.4518914520740509,0.1624755859375,4.609291076660156,4.413268566131592
70600,2,enc,7.159585952758789,0.5693566799163818,0.149169921875,4.486288547515869,4.223349094390869
70800,0,enc,10.240718841552734,0.3450847864151001,0.355224609375,1.0226712226867676,5.10070276260376
70800,1,enc,8.493758201599121,0.49365243315696716,0.4189453125,5.292784214019775,4.935253620147705
70800,2,enc,7.457240104675293,0.5404388904571533,0.1663818359375,4.962259292602539,5.0099639892578125
70800,0,fcst,4.178963661193848,0.9209983944892883,0.2734375,4.9418745040893555,4.175717353820801
70800,1,fcst,6.328048229217529,0.6042314171791077,0.2462158203125,4.123020172119141,3.261239528656006
70800,2,fcst,5.466842174530029,0.6088511347770691,0.271240234375,3.2286341190338135,2.431581497192383
70800,0,enc,10.13930606842041,0.33988234400749207,0.318115234375,0.995179295539856,4.638329982757568
70800,1,enc,8.48897647857666,0.4447951912879944,0.277099609375,4.678902626037598,4.503975868225098
70800,2,enc,7.265017509460449,0.5274876952171326,0.1578369140625,4.5291666984558105,4.473273754119873
71000,0,enc,10.159469604492188,0.36856332421302795,0.358642578125,0.9887598156929016,6.04450798034668
71000,1,enc,8.59821605682373,0.44058462977409363,0.37890625,6.370416641235352,6.278524875640869
71000,2,enc,7.486968517303467,0.6206154227256775,0.1405029296875,6.251835823059082,6.251835823059082
71000,0,fcst,4.322381973266602,0.9118371605873108,0.33349609375,6.251835823059082,5.019040584564209
71000,1,fcst,6.499403476715088,0.6337265372276306,0.2685546875,4.9844746589660645,4.446280002593994
71000,2,fcst,5.451108455657959,0.6459765434265137,0.273193359375,2.755744457244873,2.649397373199463
71000,0,enc,10.23673152923584,0.38996395468711853,0.2626953125,0.9054490923881531,4.497719764709473
71000,1,enc,8.583170890808105,0.42851629853248596,0.281982421875,4.750507831573486,4.543354511260986
71000,2,enc,7.165164947509766,0.5776966214179993,0.140625,4.615928649902344,4.383140563964844
71200,0,enc,10.276704788208008,0.3664739727973938,0.352783203125,1.041372299194336,5.918965816497803
71200,1,enc,8.52529239654541,0.4391479194164276,0.311279296875,6.335304260253906,5.928132057189941
71200,2,enc,7.333380222320557,0.6635317802429199,0.15283203125,5.940122604370117,5.940122604370117
71200,0,fcst,4.26163387298584,0.9217337965965271,0.241943359375,5.8522515296936035,4.664100646972656
71200,1,fcst,6.426387310028076,0.5803783535957336,0.262939453125,4.595297813415527,3.831791639328003
71200,2,fcst,5.505879878997803,0.6523638963699341,0.280029296875,2.545836925506592,2.545836925506592
71200,0,enc,10.22371768951416,0.36442187428474426,0.271240234375,0.9424837827682495,4.875874042510986
71200,1,enc,8.545382499694824,0.460972398519516,0.289306640625,5.173120975494385,4.923609256744385
71200,2,enc,7.0878119468688965,0.6663245558738708,0.1396484375,4.994023323059082,4.751347541809082
71400,0,enc,10.297091484069824,0.30882614850997925,0.355712890625,0.9820560216903687,5.780023097991943
71400,1,enc,8.624215126037598,0.42757946252822876,0.332275390625,6.069360733032227,5.841495990753174
71400,2,enc,7.406375408172607,0.6369709372520447,0.1436767578125,5.997636795043945,5.62600040435791
71400,0,fcst,4.215750694274902,0.9946904182434082,0.324951171875,5.549023151397705,4.56215238571167
71400,1,fcst,6.399506568908691,0.6541422605514526,0.293212890625,4.490147590637207,3.6635026931762695
71400,2,fcst,5.339527606964111,0.64596027135849,0.278564453125,2.818577527999878,2.662853956222534
71400,0,enc,10.288145065307617,0.3318738043308258,0.316650390625,0.9511125087738037,4.450311660766602
71400,1,enc,8.532907485961914,0.44288408756256104,0.1654052734375,4.725052356719971,4.552811145782471
71400,2,enc,7.012304306030273,0.5735114812850952,0.1365966796875,4.7041335105896,4.5209059715271
71600,0,enc,10.119394302368164,0.366174578666687,0.368896484375,0.9916198253631592,5.705713748931885
71600,1,enc,8.661920547485352,0.46876904368400574,0.37548828125,5.95553731918335,5.711125373840332
71600,2,enc,7.2933783531188965,0.6542786955833435,0.14111328125,5.857180118560791,5.617786884307861
71600,0,fcst,4.354469299316406,0.8744115829467773,0.329345703125,5.521361827850342,5.076818943023682
71600,1,fcst,6.453522682189941,0.6200302839279175,0.285888671875,5.076818943023682,4.040577411651611
71600,2,fcst,5.539997100830078,0.6525801420211792,0.259033203125,2.5973968505859375,2.4927024841308594
71600,0,enc,10.136348724365234,0.3716372847557068,0.313720703125,0.9439584612846375,4.921573162078857
71600,1,enc,8.648537635803223,0.42315131425857544,0.2265625,5.148191452026367,4.899045944213867
71600,2,enc,6.995020389556885,0.5679108500480652,0.14111328125,5.012269020080566,4.800110816955566
71800,0,enc,10.107696533203125,0.3619610667228699,0.346435546875,1.1023156642913818,5.685328483581543
71800,1,enc,8.633232116699219,0.46799802780151367,0.417236328125,6.039742469787598,5.747045040130615
71800,2,enc,7.3765435218811035,0.63083815574646,0.1380615234375,6.01983642578125,5.776645183563232
71800,0,fcst,4.132925987243652,0.860407829284668,0.346435546875,5.6917548179626465,5.030035972595215
71800,1,fcst,6.352169036865234,0.6241806149482727,0.2919921875,5.019927978515625,4.091108322143555
71800,2,fcst,5.551942348480225,0.6328747272491455,0.28515625,3.8137307167053223,3.8137307167053223
71800,0,enc,10.078695297241211,0.37019211053848267,0.3017578125,0.8886299133300781,4.834537029266357
71800,1,enc,8.559494972229004,0.41046836972236633,0.1815185546875,5.099849224090576,4.827144145965576
71800,2,enc,6.735208034515381,0.6128798723220825,0.136962890625,4.998934745788574,4.827425956726074
72000,0,enc,10.06885051727295,0.38579681515693665,0.342041015625,1.041985273361206,6.019419193267822
72000,1,enc,8.697596549987793,0.489254891872406,0.39599609375,6.283285617828369,5.944201469421387
72000,2,enc,7.368869304656982,0.6576545834541321,0.15380859375,6.028299808502197,5.688401699066162
72000,0,fcst,4.1859612464904785,0.9759910106658936,0.30712890625,5.617249965667725,4.784486293792725
72000,1,fcst,6.3537187576293945,0.6377351880073547,0.279052734375,4.725668907165527,4.26846981048584
72000,2,fcst,5.565861701965332,0.6464709639549255,0.284912109375,2.7336387634277344,2.6972005367279053
72000,0,enc,10.127605438232422,0.3782598078250885,0.290771484375,0.9643104672431946,4.550943374633789
72000,1,enc,8.644913673400879,0.45597076416015625,0.2257080078125,4.809374809265137,4.579272270202637
72000,2,enc,7.044469833374023,0.5963534116744995,0.1422119140625,4.691184997558594,4.418968200683594
72200,0,enc,10.160659790039062,0.399594783782959,0.350830078125,0.9466394782066345,5.899545192718506
72200,1,enc,8.616854667663574,0.4597626328468323,0.369384765625,6.090658187866211,5.753472805023193
72200,2,enc,7.297033309936523,0.5674111843109131,0.1373291015625,5.876642227172852,5.680244445800781
72200,0,fcst,4.2185869216918945,0.9270907044410706,0.285888671875,5.609131336212158,4.51179313659668
72200,1,fcst,6.3876872062683105,0.6641592383384705,0.291015625,4.468947887420654,3.66182017326355
72200,2,fcst,5.472861289978027,0.6118095517158508,0.26806640625,2.699061870574951,2.5390281677246094
72200,0,enc,10.1586275100708,0.4017372131347656,0.282958984375,0.8886638283729553,5.013233184814453
72200,1,enc,8.574461936950684,0.4459781050682068,0.267333984375,5.20894718170166,4.96187686920166
72200,2,enc,6.979588985443115,0.4749639630317688,0.135498046875,5.149261951446533,4.923065662384033
72400,0,enc,9.958813667297363,0.4109449088573456,0.361083984375,1.051396369934082,5.593455791473389
72400,1,enc,8.549687385559082,0.4742146134376526,0.383544921875,5.92920446395874,5.678553581237793
72400,2,enc,7.219073295593262,0.563780665397644,0.1422119140625,5.813682556152344,5.527766704559326
72400,0,fcst,4.133775234222412,0.9114817380905151,0.2900390625,5.441767692565918,4.600627899169922
72400,1,fcst,6.32600736618042,0.6919126510620117,0.2685546875,4.564397811889648,3.489002227783203
72400,2,fcst,5.633578777313232,0.6219217777252197,0.2410888671875,3.382420063018799,2.4687814712524414
72400,0,enc,10.061676979064941,0.41968196630477905,0.29150390625,0.9271631836891174,4.830901622772217
72400,1,enc,8.561427116394043,0.4754578471183777,0.2437744140625,4.993963241577148,4.814031600952148
72400,2,enc,7.142636299133301,0.5157616138458252,0.12139892578125,4.967105388641357,4.885196208953857
72600,0,enc,10.062578201293945,0.37669816613197327,0.36669921875,1.0455681085586548,5.753818511962891
72600,1,enc,8.591506958007812,0.5005496740341187,0.35986328125,6.025604248046875,5.927546501159668
72600,2,enc,7.360865592956543,0.6067883968353271,0.129638671875,5.927546501159668,5.878040313720703
72600,0,fcst,4.1134772300720215,0.9019836783409119,0.39453125,5.790377140045166,4.896607398986816
72600,1,fcst,6.466758728027344,0.6855013966560364,0.279296875,4.895104885101318,4.075459003448486
72600,2,fcst,5.510948657989502,0.6934190392494202,0.271728515625,3.188647985458374,3.188647985458374
72600,0,enc,10.201909065246582,0.3843751847743988,0.292724609375,0.9272500872612,5.585946559906006
72600,1,enc,8.51460075378418,0.5118575096130371,0.1240234375,5.835150241851807,5.520208835601807
72600,2,enc,7.146203517913818,0.572877824306488,0.144775390625,5.738823890686035,5.565239906311035
72800,0,enc,10.09909439086914,0.420742005109787,0.3564453125,0.9991684556007385,5.845172882080078
72800,1,enc,8.561117172241211,0.47370943427085876,0.363037109375,6.052769660949707,5.806323051452637
72800,2,enc,7.191354751586914,0.6097345948219299,0.1534423828125,5.759178638458252,5.6782732009887695
72800,0,fcst,4.093613624572754,0.8987731337547302,0.372802734375,5.581192970275879,4.6998372077941895
72800,1,fcst,6.478229522705078,0.6799293160438538,0.251220703125,4.657658100128174,4.55556058883667
72800,2,fcst,5.580254077911377,0.6494484543800354,0.331298828125,3.4640817642211914,2.831007957458496
72800,0,enc,10.095268249511719,0.42081743478775024,0.29296875,0.8747193813323975,4.896797180175781
72800,1,enc,8.476322174072266,0.5196306705474854,0.1700439453125,5.098736763000488,4.914654731750488
72800,2,enc,6.996922492980957,0.5790379643440247,0.13671875,4.898893356323242,4.734830856323242
73000,0,enc,10.123557090759277,0.4236010015010834,0.382080078125,0.9814784526824951,5.541108131408691
73000,1,enc,8.377361297607422,0.5288393497467041,0.36962890625,5.587785720825195,5.315859794616699
73000,2,enc,7.11611270904541,0.5741612911224365,0.1397705078125,5.561399936676025,5.422239780426025
73000,0,fcst,4.003679275512695,0.8339243531227112,0.289794921875,5.422239780426025,5.11863374710083
73000,1,fcst,6.49496603012085,0.6217756271362305,0.260009765625,5.11863374710083,3.9945015907287598
73000,2,fcst,5.491636276245117,0.6113185286521912,0.281982421875,2.7851648330688477,2.5704686641693115
73000,0,enc,10.150700569152832,0.42540231347084045,0.322021484375,0.8974052667617798,4.819027900695801
73000,1,enc,8.402261734008789,0.5154151916503906,0.2286376953125,4.989991664886475,4.812379360198975
73000,2,enc,7.165867805480957,0.5296221375465393,0.142822265625,4.860344409942627,4.754143238067627
73200,0,enc,10.004305839538574,0.37356728315353394,0.386474609375,1.089914083480835,6.397891998291016
73200,1,enc,8.423839569091797,0.514360785484314,0.317626953125,6.534089088439941,6.337555885314941
73200,2,enc,7.092189788818359,0.5657450556755066,0.14501953125,6.277645587921143,5.996683120727539
73200,0,fcst,3.921276569366455,0.9652491807937622,0.273681640625,5.89974308013916,4.7218217849731445
73200,1,fcst,6.53413724899292,0.7579982876777649,0.26953125,4.68239688873291,4.673117637634277
73200,2,fcst,5.716521263122559,0.679641604423523,0.308837890625,3.3951478004455566,2.8309037685394287
73200,0,enc,10.044568061828613,0.3774028718471527,0.29248046875,0.9869729280471802,5.278396129608154
73200,1,enc,8.383776664733887,0.5052950382232666,0.2471923828125,5.41914176940918,5.21589469909668
73200,2,enc,6.9522528648376465,0.5615192651748657,0.1361083984375,5.29184627532959,5.14865779876709
73400,0,enc,10.110575675964355,0.3590077757835388,0.36474609375,0.9313259720802307,6.285905838012695
73400,1,enc,8.319233894348145,0.5450131893157959,0.364013671875,6.522967338562012,6.3187031745910645
73400,2,enc,7.09867000579834,0.6923270225524902,0.1693115234375,6.6171555519104,6.323372840881348
73400,0,fcst,3.986968755722046,0.8420515060424805,0.2391357421875,6.235165119171143,5.106692790985107
73400,1,fcst,6.439406394958496,0.6619195938110352,0.28515625,5.089285850524902,4.222352504730225
73400,2,fcst,5.673150539398193,0.6099153161048889,0.289306640625,2.423588275909424,2.4367878437042236
73400,0,enc,10.028755187988281,0.3689943850040436,0.288818359375,0.9006589651107788,5.510639190673828
73400,1,enc,8.271663665771484,0.4737761914730072,0.2442626953125,5.665261745452881,5.492288112640381
73400,2,enc,6.887054443359375,0.6362858414649963,0.1578369140625,5.58903694152832,5.36259651184082
73600,0,enc,10.12037467956543,0.35146743059158325,0.39892578125,0.9240884184837341,6.403435707092285
73600,1,enc,8.24357795715332,0.5153092741966248,0.34228515625,6.613016128540039,6.257656097412109
73600,2,enc,7.168004989624023,0.5360434651374817,0.158935546875,6.219394683837891,5.943922519683838
73600,0,fcst,4.066380977630615,1.0560071468353271,0.228759765625,5.880451679229736,4.884357929229736
73600,1,fcst,6.501357078552246,0.6461431980133057,0.2490234375,4.827669620513916,4.641172409057617
73600,2,fcst,5.673312187194824,0.61899334192276,0.272705078125,3.018625259399414,2.604942560195923
73600,0,enc,10.226348876953125,0.3578064739704132,0.32421875,0.9165439605712891,5.263352394104004
73600,1,enc,8.121685028076172,0.47348159551620483,0.1729736328125,5.4184041023254395,5.1669392585754395
73600,2,enc,6.911631107330322,0.5294811725616455,0.1527099609375,5.170945167541504,4.938157081604004
73800,0,enc,10.273195266723633,0.41674184799194336,0.351318359375,0.9938515424728394,6.100225925445557
73800,1,enc,8.174661636352539,0.5904778242111206,0.405029296875,6.263025760650635,6.069340705871582
73800,2,enc,7.228984355926514,0.6385955214500427,0.12115478515625,6.118742942810059,5.999091148376465
73800,0,fcst,4.083576679229736,0.8073611259460449,0.2626953125,5.908381938934326,5.007301330566406
73800,1,fcst,6.404010772705078,0.7835521697998047,0.267822265625,4.98309850692749,4.06512975692749
73800,2,fcst,5.734320163726807,0.6318963170051575,0.2998046875,2.837710380554199,2.5202653408050537
73800,0,enc,10.30875301361084,0.4230806529521942,0.306640625,0.9098341464996338,5.518260478973389
73800,1,enc,8.10421371459961,0.5759953260421753,0.234375,5.666717052459717,5.476231575012207
73800,2,enc,7.251356601715088,0.590022623538971,0.1290283203125,5.54400634765625,5.38250732421875
74000,0,enc,10.224101066589355,0.39566490054130554,0.380126953125,0.9901220202445984,6.643037796020508
74000,1,enc,8.139291763305664,0.5657781362533569,0.33740234375,6.81735897064209,6.81735897064209
74000,2,enc,7.118964195251465,0.6909126043319702,0.1435546875,6.795936584472656,6.579686641693115
74000,0,fcst,4.043432712554932,0.8994610905647278,0.279052734375,6.48352575302124,6.419118404388428
74000,1,fcst,6.392096996307373,0.7271379232406616,0.294921875,6.392876148223877,5.174343109130859
74000,2,fcst,5.5272216796875,0.5923149585723877,0.261962890625,4.322701454162598,3.137141704559326
74000,0,enc,10.30448055267334,0.3950076699256897,0.3310546875,0.8971076011657715,5.570349216461182
74000,1,enc,8.08396053314209,0.5249207615852356,0.256591796875,5.848984241485596,5.557724475860596
74000,2,enc,6.9093403816223145,0.682284951210022,0.15576171875,5.720271110534668,5.370173454284668
74200,0,enc,10.338340759277344,0.4136604368686676,0.333984375,1.0176303386688232,5.92603063583374
74200,1,enc,8.122214317321777,0.5456698536872864,0.405029296875,6.102879524230957,5.90349817276001
74200,2,enc,7.0115227699279785,0.6285894513130188,0.1685791015625,5.92238187789917,5.759350299835205
74200,0,fcst,3.957012414932251,0.7448553442955017,0.33056640625,5.759350299835205,4.7883477210998535
74200,1,fcst,6.3391642570495605,0.7891289591789246,0.298828125,4.765254020690918,4.765254020690918
74200,2,fcst,5.643095016479492,0.7063359618186951,0.277099609375,4.108166694641113,3.6179866790771484
74200,0,enc,10.377744674682617,0.4260982275009155,0.338623046875,0.9010161757469177,5.337814807891846
74200,1,enc,8.089461326599121,0.5594301819801331,0.1719970703125,5.5225605964660645,5.2939229011535645
74200,2,enc,6.872048377990723,0.6106608510017395,0.1395263671875,5.3117499351501465,5.1735663414001465
74400,0,enc,10.228021621704102,0.3023854196071625,0.35791015625,1.0546245574951172,6.256721496582031
74400,1,enc,7.9796833992004395,0.6088414788246155,0.33642578125,6.525320529937744,6.235877990722656
74400,2,enc,6.798453330993652,0.6822103261947632,0.1322021484375,6.254639625549316,6.102187156677246
74400,0,fcst,3.9735114574432373,0.846674919128418,0.2900390625,6.038413047790527,4.738499641418457
74400,1,fcst,6.390542507171631,0.6214704513549805,0.30908203125,4.708502769470215,3.919665575027466
74400,2,fcst,5.625548362731934,0.6269023418426514,0.299072265625,2.664957046508789,2.574007749557495
74400,0,enc,10.258039474487305,0.3072362244129181,0.31103515625,0.9636834859848022,5.3633623123168945
74400,1,enc,7.866056442260742,0.5832386016845703,0.2149658203125,5.57077169418335,5.29586935043335
74400,2,enc,6.707494735717773,0.5879166126251221,0.1383056640625,5.351871490478516,5.205749988555908
74600,0,enc,10.260427474975586,0.4860827624797821,0.363037109375,0.9440982937812805,6.388665199279785
74600,1,enc,7.924430847167969,0.5567691326141357,0.322509765625,6.524424076080322,6.465053558349609
74600,2,enc,6.861428737640381,0.7050261497497559,0.13427734375,6.406343460083008,6.174952507019043
74600,0,fcst,3.9795377254486084,0.9265082478523254,0.255615234375,6.116583824157715,4.9918389320373535
74600,1,fcst,6.461513042449951,0.6482062935829163,0.287353515625,4.962473392486572,3.9720473289489746
74600,2,fcst,5.755569934844971,0.6711376309394836,0.302490234375,3.427927017211914,2.485455274581909
74600,0,enc,10.420578002929688,0.46834421157836914,0.334228515625,0.9018608927726746,5.650197982788086
74600,1,enc,7.91696834564209,0.5859856605529785,0.183837890625,5.825369834899902,5.509451866149902
74600,2,enc,6.6759114265441895,0.582451343536377,0.1375732421875,5.507314205169678,5.273793697357178
74800,0,enc,10.48501205444336,0.36929038166999817,0.40380859375,0.9742156863212585,5.8441290855407715
74800,1,enc,7.824952125549316,0.5526670813560486,0.3466796875,5.949708461761475,5.939797401428223
74800,2,enc,6.908547401428223,0.6534623503684998,0.128173828125,5.9720234870910645,5.829472541809082
74800,0,fcst,3.939962148666382,0.949901282787323,0.30322265625,5.764455795288086,5.3176984786987305
74800,1,fcst,6.370599269866943,0.8553875684738159,0.32763671875,5.3176984786987305,4.102420806884766
74800,2,fcst,5.69946813583374,0.6017929911613464,0.260986328125,2.8193609714508057,2.422574281692505
74800,0,enc,10.4844331741333,0.3629257380962372,0.35205078125,0.8843687772750854,5.011441230773926
74800,1,enc,7.816719055175781,0.5859845280647278,0.1329345703125,5.1829071044921875,5.0204315185546875
74800,2,enc,6.775034427642822,0.6479782462120056,0.12890625,5.138195514678955,4.983776569366455
75000,0,enc,10.662589073181152,0.4214007258415222,0.371337890625,0.9405628442764282,6.406314373016357
75000,1,enc,7.810176372528076,0.5285439491271973,0.27734375,6.406314373016357,6.260101318359375
75000,2,enc,6.903615951538086,0.6051638722419739,0.1295166015625,6.260101318359375,6.05814266204834
75000,0,fcst,3.82964825630188,0.9583806991577148,0.339111328125,5.975052833557129,4.578978061676025
75000,1,fcst,6.493446350097656,0.719258189201355,0.314208984375,4.561468601226807,3.6174581050872803
75000,2,fcst,5.676553249359131,0.6377502679824829,0.265380859375,3.5284981727600098,2.5466859340667725
75000,0,enc,10.62639331817627,0.41748669743537903,0.32177734375,0.8995206356048584,5.276191711425781
75000,1,enc,7.8380937576293945,0.5310707688331604,0.1871337890625,5.411403656005859,5.194484710693359
75000,2,enc,6.9228410720825195,0.6023207902908325,0.1297607421875,5.20974588394165,5.03005838394165
75200,0,enc,10.326851844787598,0.45034849643707275,0.371826171875,1.048803687095642,5.62175178527832
75200,1,enc,7.803389549255371,0.539903461933136,0.288818359375,5.802462100982666,5.553709983825684
75200,2,enc,6.909578323364258,0.6323217153549194,0.1192626953125,5.553709983825684,5.553709983825684
75200,0,fcst,3.874128580093384,0.9741466045379639,0.255859375,5.466623783111572,4.2524309158325195
75200,1,fcst,6.464326858520508,0.6736716032028198,0.2705078125,4.2129974365234375,3.6140170097351074
75200,2,fcst,5.539948463439941,0.6195251941680908,0.253662109375,3.399242877960205,2.547072172164917
75200,0,enc,10.493818283081055,0.45701804757118225,0.35546875,1.0055972337722778,4.845750331878662
75200,1,enc,7.845546722412109,0.5341610908508301,0.1922607421875,5.025913715362549,4.826084613800049
75200,2,enc,6.791460037231445,0.591541588306427,0.1192626953125,4.877069473266602,4.745233535766602
75400,0,enc,10.477758407592773,0.4003309905529022,0.36328125,0.9900731444358826,6.098578453063965
75400,1,enc,7.688453674316406,0.5619999766349792,0.28857421875,6.2624335289001465,6.020191669464111
75400,2,enc,6.895651817321777,0.5875974297523499,0.11920166015625,6.1821370124816895,5.973532199859619
75400,0,fcst,3.9147486686706543,1.0616737604141235,0.381103515625,5.936281204223633,4.789633274078369
75400,1,fcst,6.393801689147949,0.6474109888076782,0.29638671875,4.765584945678711,4.71945333480835
75400,2,fcst,5.730530738830566,0.7147180438041687,0.27197265625,3.9855077266693115,3.3762412071228027
75400,0,enc,10.569511413574219,0.39387986063957214,0.323486328125,0.9050127267837524,5.422361850738525
75400,1,enc,7.7667341232299805,0.5017085075378418,0.209716796875,5.582453727722168,5.360041618347168
75400,2,enc,6.913662910461426,0.5183368921279907,0.114501953125,5.474964618682861,5.235340595245361
75600,0,enc,10.719968795776367,0.32987719774246216,0.34814453125,0.9926944375038147,5.9766693115234375
75600,1,enc,7.696622848510742,0.5983126759529114,0.25830078125,6.065434455871582,5.8923659324646
75600,2,enc,6.899129390716553,0.6632283926010132,0.12030029296875,5.978609085083008,5.976053237915039
75600,0,fcst,3.94240403175354,0.9220852255821228,0.24755859375,5.903459072113037,4.867010116577148
75600,1,fcst,6.470691680908203,0.7023674845695496,0.284423828125,4.867010116577148,4.2957000732421875
75600,2,fcst,5.578068256378174,0.6689978241920471,0.285888671875,4.197964668273926,2.3590734004974365
75600,0,enc,10.866443634033203,0.3336508870124817,0.32763671875,0.8810873031616211,5.077268600463867
75600,1,enc,7.670166015625,0.5919643640518188,0.211181640625,5.216889381408691,5.027070045471191
75600,2,enc,6.883988857269287,0.6215174198150635,0.1243896484375,5.202247142791748,5.132728099822998
75800,0,enc,10.738618850708008,0.27770331501960754,0.3681640625,1.0449469089508057,5.719154357910156
75800,1,enc,7.646215915679932,0.5333273410797119,0.286376953125,5.719154357910156,5.719154357910156
75800,2,enc,6.964533805847168,0.5891409516334534,0.1370849609375,5.941105842590332,5.814152717590332
75800,0,fcst,4.017612934112549,0.9663246273994446,0.35107421875,5.734879493713379,4.647639751434326
75800,1,fcst,6.417541980743408,0.6570558547973633,0.274658203125,4.613406658172607,3.5514228343963623
75800,2,fcst,5.52755880355835,0.6437788009643555,0.26953125,2.832265853881836,2.3931994438171387
75800,0,enc,10.782683372497559,0.27971431612968445,0.33056640625,0.9363903999328613,5.136772155761719
75800,1,enc,7.68729829788208,0.5321391820907593,0.1539306640625,5.333507537841797,5.047374725341797
75800,2,enc,7.018451690673828,0.5571479201316833,0.13427734375,5.173760414123535,4.956109046936035
76000,0,enc,10.79711627960205,0.2963739335536957,0.395751953125,0.9250297546386719,5.821002006530762
76000,1,enc,7.732724189758301,0.5708130598068237,0.279541015625,5.969088077545166,5.853663921356201
76000,2,enc,7.082742214202881,0.5843410491943359,0.129638671875,5.648114204406738,5.758181095123291
76000,0,fcst,3.9641013145446777,0.9847044944763184,0.34130859375,5.670380115509033,4.444251537322998
76000,1,fcst,6.485402584075928,0.6664202213287354,0.302001953125,4.411467552185059,3.4598615169525146
76000,2,fcst,5.619052886962891,0.6287575364112854,0.29541015625,3.0249366760253906,2.5981204509735107
76000,0,enc,10.786449432373047,0.33710139989852905,0.3232421875,0.8704308271408081,5.082502841949463
76000,1,enc,7.756235122680664,0.5422850847244263,0.22314453125,5.209895133972168,5.110102653503418
76000,2,enc,7.074864864349365,0.587999701499939,0.12359619140625,5.1256914138793945,5.1844377517700195
76200,0,enc,10.834600448608398,0.32991349697113037,0.3955078125,0.9382084608078003,6.043107986450195
76200,1,enc,7.685319900512695,0.5753978490829468,0.24658203125,6.043107986450195,5.690786838531494
76200,2,enc,7.126762866973877,0.5954910516738892,0.13525390625,5.748904228210449,5.711975574493408
76200,0,fcst,3.8821256160736084,0.9991347789764404,0.2452392578125,5.650758743286133,5.27533483505249
76200,1,fcst,6.541648864746094,0.7443984150886536,0.30615234375,5.225774765014648,4.078856468200684
76200,2,fcst,5.562122344970703,0.654140830039978,0.271484375,3.1273880004882812,2.998605489730835
76200,0,enc,10.793845176696777,0.33172717690467834,0.3515625,0.8824725151062012,4.827465534210205
76200,1,enc,7.729440689086914,0.5424713492393494,0.1512451171875,4.896275043487549,4.699497699737549
76200,2,enc,7.213720798492432,0.6044908761978149,0.11517333984375,4.721859931945801,4.69837760925293
76400,0,enc,10.790574073791504,0.3005174398422241,0.386474609375,1.0419012308120728,5.385646820068359
76400,1,enc,7.77627420425415,0.6252855062484741,0.2396240234375,5.579669952392578,5.412569046020508
76400,2,enc,7.181737899780273,0.5551697015762329,0.10302734375,5.384220123291016,5.2546772956848145
76400,0,fcst,3.81699800491333,0.9453780651092529,0.295166015625,5.158315181732178,4.620638370513916
76400,1,fcst,6.461539268493652,0.7571311593055725,0.318115234375,4.595637321472168,3.8011953830718994
76400,2,fcst,5.5322065353393555,0.6380776762962341,0.256103515625,3.009946823120117,2.4708738327026367
76400,0,enc,10.789726257324219,0.3250320255756378,0.331298828125,0.9634031057357788,5.080178260803223
76400,1,enc,7.769428730010986,0.5351201891899109,0.1533203125,5.187084197998047,5.073558807373047
76400,2,enc,7.19644021987915,0.513949453830719,0.10919189453125,5.126721382141113,5.010083198547363
76600,0,enc,10.836373329162598,0.4322696924209595,0.373779296875,0.9963250160217285,6.48213529586792
76600,1,enc,7.767364025115967,0.6117570400238037,0.2486572265625,6.628535747528076,6.2794365882873535
76600,2,enc,6.99083948135376,0.5690370202064514,0.12261962890625,6.260506629943848,6.260506629943848
76600,0,fcst,3.8657944202423096,1.0478326082229614,0.2244873046875,6.172747611999512,5.8177490234375
76600,1,fcst,6.410752773284912,0.6939295530319214,0.290283203125,5.790197849273682,4.676916599273682
76600,2,fcst,5.76641845703125,0.6237454414367676,0.26513671875,3.349597215652466,2.635420083999634
76600,0,enc,10.908256530761719,0.4479794204235077,0.341796875,0.9255352020263672,5.364156723022461
76600,1,enc,7.711270332336426,0.5409297943115234,0.1788330078125,5.482161045074463,5.229475498199463
76600,2,enc,7.020026683807373,0.5281686186790466,0.12176513671875,5.372835159301758,5.175935745239258
76800,0,enc,10.548863410949707,0.3155948519706726,0.390380859375,1.006182074546814,5.831827163696289
76800,1,enc,7.732995510101318,0.5799996256828308,0.270751953125,5.917525768280029,5.716787815093994
76800,2,enc,7.072839260101318,0.5744823813438416,0.1197509765625,5.725246906280518,5.550686359405518
76800,0,fcst,3.8571460247039795,1.0086818933486938,0.36376953125,5.51918888092041,4.93823766708374
76800,1,fcst,6.381914138793945,0.7224555611610413,0.292236328125,4.923092842102051,3.816864490509033
76800,2,fcst,5.690303325653076,0.6168596148490906,0.253173828125,3.816864490509033,2.4836716651916504
76800,0,enc,10.582512855529785,0.3145903944969177,0.354248046875,0.8827721476554871,5.3042426109313965
76800,1,enc,7.67885684967041,0.5175387263298035,0.178466796875,5.494494915008545,5.269885540008545
76800,2,enc,6.929835319519043,0.510726809501648,0.11114501953125,5.395771026611328,5.160541534423828
77000,0,enc,10.463461875915527,0.30534231662750244,0.394287109375,1.0058330297470093,6.182254791259766
77000,1,enc,7.7774658203125,0.5916984677314758,0.25634765625,6.434350967407227,6.262096405029297
77000,2,enc,7.274161338806152,0.5212278962135315,0.11529541015625,6.333364009857178,6.03524112701416
77000,0,fcst,3.914923667907715,0.9473010897636414,0.31787109375,5.905852794647217,4.818070411682129
77000,1,fcst,6.32658052444458,0.7396310567855835,0.308837890625,4.80885124206543,4.80885124206543
77000,2,fcst,5.620970249176025,0.6748316884040833,0.245849609375,3.6953728199005127,2.6468942165374756
77000,0,enc,10.604574203491211,0.31828293204307556,0.35546875,0.9277752041816711,4.971664905548096
77000,1,enc,7.68258810043335,0.5605525970458984,0.200927734375,5.1765007972717285,5.0186638832092285
77000,2,enc,7.155192852020264,0.4019014239311218,0.118408203125,5.029071807861328,4.906336307525635
77200,0,enc,10.677352905273438,0.3759666681289673,0.41650390625,1.0209742784500122,6.545630931854248
77200,1,enc,7.699191093444824,0.5918980836868286,0.28857421875,6.6781325340271,6.601592540740967
77200,2,enc,7.408208847045898,0.49239709973335266,0.10418701171875,6.736728191375732,6.453663349151611
77200,0,fcst,3.9107275009155273,0.8941672444343567,0.409912109375,6.434536457061768,6.065594673156738
77200,1,fcst,6.330859184265137,0.6995902061462402,0.34033203125,6.042694568634033,4.591096878051758
77200,2,fcst,5.552457809448242,0.5859758853912354,0.26220703125,3.2638001441955566,2.634880304336548
77200,0,enc,10.654627799987793,0.3905920386314392,0.380859375,0.8999956846237183,5.453128337860107
77200,1,enc,7.760809421539307,0.596910834312439,0.1702880859375,5.63287878036499,5.36725378036499
77200,2,enc,7.4754791259765625,0.38054701685905457,0.11688232421875,5.37003755569458,5.357021808624268
77400,0,enc,10.621886253356934,0.37144607305526733,0.463623046875,0.9349846839904785,6.120914459228516
77400,1,enc,7.716699600219727,0.5397828817367554,0.257080078125,6.120914459228516,5.555050849914551
77400,2,enc,7.507597923278809,0.4931577146053314,0.1146240234375,5.634380340576172,5.307868480682373
77400,0,fcst,3.832120895385742,1.0930815935134888,0.25732421875,5.225329875946045,4.35783052444458
77400,1,fcst,6.46463680267334,0.7050020098686218,0.26513671875,4.35783052444458,3.6774919033050537
77400,2,fcst,5.711875915527344,0.6291137337684631,0.265869140625,2.5282745361328125,2.7212812900543213
77400,0,enc,10.62485122680664,0.37140315771102905,0.41259765625,0.8677563667297363,5.57314920425415
77400,1,enc,7.744845867156982,0.5719135999679565,0.1796875,5.691988945007324,5.496554374694824
77400,2,enc,7.393600940704346,0.35262641310691833,0.105712890625,5.583037853240967,5.471465587615967
77600,0,enc,10.461392402648926,0.4138997495174408,0.42431640625,0.9447982311248779,6.487586498260498
77600,1,enc,7.8238701820373535,0.552428126335144,0.259765625,6.609861373901367,6.609861373901367
77600,2,enc,7.612462043762207,0.5246471762657166,0.1142578125,6.637722015380859,6.301621913909912
77600,0,fcst,3.8509585857391357,0.8919534087181091,0.405029296875,6.193019390106201,5.248986721038818
77600,1,fcst,6.489575386047363,0.6656937599182129,0.31494140625,5.23008918762207,5.23008918762207
77600,2,fcst,5.616798400878906,0.6347993612289429,0.27099609375,2.7644524574279785,2.512587547302246
77600,0,enc,10.481579780578613,0.4585808515548706,0.377685546875,0.8239840865135193,5.394548416137695
77600,1,enc,7.768222332000732,0.47951069474220276,0.154541015625,5.545482635498047,5.280834197998047
77600,2,enc,7.575571060180664,0.4454578459262848,0.115234375,5.339567184448242,5.247159957885742
77800,0,enc,10.48636245727539,0.35169488191604614,0.461181640625,0.9954235553741455,6.688776016235352
77800,1,enc,7.7439494132995605,0.5922884941101074,0.272216796875,6.688776016235352,6.386099338531494
77800,2,enc,7.54463529586792,0.4734853208065033,0.1051025390625,6.415231704711914,6.260202407836914
77800,0,fcst,3.859163284301758,0.9508177638053894,0.255859375,6.260202407836914,5.999477863311768
77800,1,fcst,6.30328893661499,0.7132860422134399,0.30859375,5.9599738121032715,4.618827819824219
77800,2,fcst,5.584080696105957,0.6785978078842163,0.278076171875,2.9619951248168945,2.7346577644348145
77800,0,enc,10.545255661010742,0.3330579400062561,0.410400390625,0.9279611706733704,5.7874836921691895
77800,1,enc,7.666802406311035,0.5844312906265259,0.2183837890625,5.87891149520874,5.60498571395874
77800,2,enc,7.711843490600586,0.405041366815567,0.1229248046875,5.69809627532959,5.644232749938965
78000,0,enc,10.477540969848633,0.4417850375175476,0.439697265625,0.9232698082923889,6.378337860107422
78000,1,enc,7.810275077819824,0.5598834156990051,0.27783203125,6.5092620849609375,6.420828819274902
78000,2,enc,7.787261962890625,0.385043740272522,0.097900390625,6.399947166442871,6.1730875968933105
78000,0,fcst,3.8550713062286377,1.0457336902618408,0.263671875,6.089892387390137,4.931675910949707
78000,1,fcst,6.301149368286133,0.7182879447937012,0.285400390625,4.931675910949707,4.257776737213135
78000,2,fcst,5.704887390136719,0.6100542545318604,0.258056640625,2.641836404800415,2.27038836479187
78000,0,enc,10.500089645385742,0.46025973558425903,0.38134765625,0.909166157245636,5.429564952850342
78000,1,enc,7.83021879196167,0.5427566170692444,0.14306640625,5.575634479522705,5.429272174835205
78000,2,enc,7.83158016204834,0.3026075065135956,0.11004638671875,5.445168972015381,5.386419773101807
78200,0,enc,10.41000747680664,0.3439871668815613,0.46337890625,0.9650795459747314,6.541759967803955
78200,1,enc,7.865452766418457,0.560309648513794,0.292236328125,6.675344467163086,6.500377178192139
78200,2,enc,7.791706085205078,0.6050049662590027,0.1204833984375,6.524374485015869,6.596463680267334
78200,0,fcst,3.7870986461639404,0.8463962078094482,0.28564453125,6.486643314361572,5.1552629470825195
78200,1,fcst,6.354522705078125,0.7186779975891113,0.29052734375,5.145414352416992,3.9032578468322754
78200,2,fcst,5.642551422119141,0.6273183226585388,0.2744140625,2.9508233070373535,2.9508233070373535
78200,0,enc,10.503750801086426,0.3578643798828125,0.379638671875,0.9229246377944946,5.3990702629089355
78200,1,enc,7.85430908203125,0.5281170010566711,0.1396484375,5.449028491973877,5.346428394317627
78200,2,enc,7.725950717926025,0.493728905916214,0.122802734375,5.368768692016602,5.364477157592773
78400,0,enc,10.489684104919434,0.37138205766677856,0.40234375,0.9351686239242554,6.341012477874756
78400,1,enc,7.766010761260986,0.515162467956543,0.279052734375,6.514621734619141,6.3541669845581055
78400,2,enc,7.842446804046631,0.4978199899196625,0.11102294921875,6.264796257019043,6.16571569442749
78400,0,fcst,3.9132707118988037,1.0920534133911133,0.330322265625,6.078376770019531,5.736602306365967
78400,1,fcst,6.408766746520996,0.7231912612915039,0.3076171875,5.709773540496826,5.0870184898376465
78400,2,fcst,5.732460021972656,0.6836438179016113,0.2470703125,2.8815770149230957,2.5098049640655518
78400,0,enc,10.403022766113281,0.3457205295562744,0.36279296875,0.8334108591079712,5.278520107269287
78400,1,enc,7.820274829864502,0.5078791379928589,0.12152099609375,5.402826309204102,5.256219863891602
78400,2,enc,7.966553211212158,0.42063114047050476,0.114990234375,5.296051979064941,5.230744361877441
78600,0,enc,10.38991641998291,0.4177462160587311,0.408203125,0.9447376728057861,6.211084365844727
78600,1,enc,7.867410659790039,0.6269273161888123,0.25927734375,6.292628288269043,6.084566116333008
78600,2,enc,8.10297679901123,0.496768057346344,0.137939453125,6.122969627380371,6.013218402862549
78600,0,fcst,3.932945966720581,0.9384519457817078,0.278564453125,5.943057537078857,5.5208001136779785
78600,1,fcst,6.330302715301514,0.709754228591919,0.302001953125,5.5208001136779785,5.5208001136779785
78600,2,fcst,5.643271446228027,0.663745105266571,0.2445068359375,3.1810972690582275,2.2983906269073486
78600,0,enc,10.408560752868652,0.4511948227882385,0.368408203125,0.8898492455482483,5.287489414215088
78600,1,enc,7.850702285766602,0.5918742418289185,0.13232421875,5.388014316558838,5.204908847808838
78600,2,enc,7.911705017089844,0.3513515591621399,0.12939453125,5.28963565826416,5.33113956451416
78800,0,enc,10.479557037353516,0.4187549650669098,0.453857421875,1.0166237354278564,6.247419357299805
78800,1,enc,7.959034442901611,0.5196994543075562,0.2958984375,6.405165195465088,6.151801586151123
78800,2,enc,8.055374145507812,0.503168523311615,0.11370849609375,6.255639553070068,6.159000396728516
78800,0,fcst,3.9156718254089355,1.029234766960144,0.260986328125,6.03382682800293,5.549331188201904
78800,1,fcst,6.266266345977783,0.6724835634231567,0.2861328125,5.518642425537109,5.518642425537109
78800,2,fcst,5.680805206298828,0.65788334608078,0.22802734375,2.8249402046203613,2.4581034183502197
78800,0,enc,10.520173072814941,0.429593950510025,0.3671875,0.9385243654251099,5.27509069442749
78800,1,enc,7.9298505783081055,0.5459294319152832,0.151123046875,5.40982723236084,5.23184871673584
78800,2,enc,8.01344108581543,0.3626406788825989,0.11968994140625,5.317932605743408,5.302856922149658
79000,0,enc,10.343563079833984,0.39663973450660706,0.449951171875,0.9354689717292786,6.897317409515381
79000,1,enc,7.990184783935547,0.6163420677185059,0.271484375,7.169062614440918,6.986771106719971
79000,2,enc,7.974569320678711,0.5655991435050964,0.12396240234375,7.136053562164307,6.978854179382324
79000,0,fcst,3.903001308441162,1.0166882276535034,0.286376953125,6.866861820220947,5.677726745605469
79000,1,fcst,6.433638572692871,0.6904400587081909,0.32861328125,5.664913654327393,4.845084190368652
79000,2,fcst,5.704774856567383,0.6183305382728577,0.274658203125,3.1946191787719727,2.5593037605285645
79000,0,enc,10.325963020324707,0.3979766070842743,0.41357421875,0.8582466840744019,5.241145133972168
79000,1,enc,7.997032642364502,0.5469096899032593,0.1474609375,5.38056755065918,5.25910758972168
79000,2,enc,7.849001407623291,0.45484521985054016,0.11358642578125,5.381613731384277,5.352118492126465
79200,0,enc,10.323477745056152,0.38417282700538635,0.48046875,0.9485547542572021,5.802955627441406
79200,1,enc,8.060630798339844,0.57731032371521,0.25,6.057936191558838,6.057936191558838
79200,2,enc,7.7459397315979,0.4588424861431122,0.11944580078125,6.1169304847717285,5.974786281585693
79200,0,fcst,3.979668140411377,0.9358371496200562,0.27734375,5.839910984039307,4.912651062011719
79200,1,fcst,6.444887638092041,0.6579906940460205,0.3037109375,4.876574993133545,4.001589775085449
79200,2,fcst,5.759641647338867,0.6671700477600098,0.2498779296875,3.0393314361572266,2.603905200958252
79200,0,enc,10.406867980957031,0.4402288496494293,0.43115234375,0.8953539729118347,5.504006385803223
79200,1,enc,8.035099983215332,0.5379274487495422,0.2188720703125,5.6543498039245605,5.5187296867370605
79200,2,enc,7.727748394012451,0.37691307067871094,0.119140625,5.56182861328125,5.45562744140625
79400,0,enc,10.404951095581055,0.4638235569000244,0.4501953125,0.9784115552902222,5.660012245178223
79400,1,enc,8.064676284790039,0.4883972108364105,0.255615234375,5.7960076332092285,5.664034366607666
79400,2,enc,8.060453414916992,0.5348852872848511,0.11895751953125,5.6374053955078125,5.4005889892578125
79400,0,fcst,3.9314098358154297,0.9612134695053101,0.25927734375,5.281770706176758,5.065070152282715
79400,1,fcst,6.368619918823242,0.6567049622535706,0.306640625,5.050765037536621,5.050765037536621
79400,2,fcst,5.499586582183838,0.6956314444541931,0.2666015625,2.6322176456451416,2.466827869415283
79400,0,enc,10.3685302734375,0.45989328622817993,0.403564453125,0.8869454860687256,5.088873863220215
79400,1,enc,7.993569850921631,0.5075631141662598,0.1455078125,5.183681011199951,5.101100444793701
79400,2,enc,7.972333908081055,0.38232487440109253,0.09930419921875,5.118945598602295,4.994678020477295
79600,0,enc,10.386240005493164,0.2757608890533447,0.448974609375,0.968019962310791,5.988925457000732
79600,1,enc,8.003777503967285,0.6600003242492676,0.28271484375,6.261265277862549,6.097284317016602
79600,2,enc,7.978288173675537,0.4978131055831909,0.1275634765625,6.1558427810668945,6.101970672607422
79600,0,fcst,3.92606520652771,0.9569672346115112,0.279296875,6.03795862197876,5.886309623718262
79600,1,fcst,6.374453067779541,0.6859766840934753,0.3095703125,5.848106384277344,4.526491641998291
79600,2,fcst,5.509859561920166,0.644237220287323,0.25439453125,2.8900930881500244,2.8900930881500244
79600,0,enc,10.381474494934082,0.29602766036987305,0.401123046875,0.970412015914917,5.1274847984313965
79600,1,enc,7.990086555480957,0.5964254140853882,0.115234375,5.375746250152588,5.258802890777588
79600,2,enc,8.02774429321289,0.4182453453540802,0.12841796875,5.355154991149902,5.197318077087402
79800,0,enc,10.344691276550293,0.44318366050720215,0.424560546875,1.0181082487106323,7.120359420776367
79800,1,enc,7.9691691398620605,0.634769856929779,0.250732421875,7.257015705108643,7.023861408233643
79800,2,enc,8.030099868774414,0.48303094506263733,0.12335205078125,7.023176670074463,6.914398670196533
79800,0,fcst,3.9722464084625244,1.0119380950927734,0.356689453125,6.777337551116943,5.8555707931518555
79800,1,fcst,6.251022815704346,0.6815082430839539,0.280029296875,5.832351207733154,5.038185119628906
79800,2,fcst,5.756261825561523,0.6367213129997253,0.25732421875,3.5632123947143555,2.4830524921417236
79800,0,enc,10.300082206726074,0.42112597823143005,0.3896484375,0.9602131247520447,5.353219985961914
79800,1,enc,7.9353108406066895,0.6030368804931641,0.1492919921875,5.501293182373047,5.340038299560547
79800,2,enc,8.121505737304688,0.4176671504974365,0.103271484375,5.365634441375732,5.298223972320557
80000,0,enc,10.11214542388916,0.5197625756263733,0.480712890625,1.0559672117233276,6.321933746337891
80000,1,enc,8.0704927444458,0.6566957235336304,0.25439453125,6.668582916259766,6.503381252288818
80000,2,enc,8.256856918334961,0.45994359254837036,0.107421875,6.5496954917907715,6.638667106628418
80000,0,fcst,3.945918321609497,0.9367899894714355,0.294189453125,6.574737548828125,6.133796215057373
80000,1,fcst,6.37351655960083,0.6832920908927917,0.317138671875,6.112992763519287,4.549407482147217
80000,2,fcst,5.622121334075928,0.6432597041130066,0.250732421875,3.8934433460235596,3.8934433460235596
80000,0,enc,10.080565452575684,0.5175595879554749,0.43310546875,0.9988402128219604,5.35645866394043
80000,1,enc,7.963191509246826,0.6027077436447144,0.126220703125,5.556993007659912,5.460862636566162
80000,2,enc,8.239931106567383,0.3831850588321686,0.1170654296875,5.451751232147217,5.399871349334717
80200,0,enc,10.328593254089355,0.530890941619873,0.40185546875,0.915011465549469,6.145730018615723
80200,1,enc,7.872206211090088,0.5991886258125305,0.246337890625,6.374354839324951,6.174294948577881
80200,2,enc,8.19470500946045,0.4305335581302643,0.10198974609375,6.2449517250061035,5.972721099853516
80200,0,fcst,3.9749412536621094,0.8021773099899292,0.24853515625,5.923244953155518,5.410925388336182
80200,1,fcst,6.404729843139648,0.804696798324585,0.27685546875,5.394187927246094,4.698516845703125
80200,2,fcst,5.604618549346924,0.6651797890663147,0.239990234375,4.678279876708984,3.3730664253234863
80200,0,enc,10.288605690002441,0.528842031955719,0.39453125,0.9127857089042664,4.980569839477539
80200,1,enc,7.892734527587891,0.5475149154663086,0.16357421875,5.131648540496826,5.023555278778076
80200,2,enc,8.415755271911621,0.386233925819397,0.10443115234375,5.119115829467773,5.085169315338135
80400,0,enc,10.43264389038086,0.367953360080719,0.393310546875,0.9541074633598328,6.591175556182861
80400,1,enc,7.862668514251709,0.5127169489860535,0.280517578125,6.8447489738464355,6.547533988952637
80400,2,enc,8.231968879699707,0.6583473086357117,0.11553955078125,6.547533988952637,6.68637228012085
80400,0,fcst,4.058658599853516,0.9456525444984436,0.2264404296875,6.614895820617676,6.464944839477539
80400,1,fcst,6.486080169677734,0.6646636724472046,0.284423828125,6.437189102172852,5.323827266693115
80400,2,fcst,5.621807098388672,0.6564093232154846,0.2391357421875,3.33514404296875,2.5198071002960205
80400,0,enc,10.397647857666016,0.369613379240036,0.353515625,0.929679274559021,5.332189083099365
80400,1,enc,7.897809982299805,0.5426784157752991,0.1661376953125,5.5378313064575195,5.5093584060668945
80400,2,enc,8.212997436523438,0.4054805338382721,0.11126708984375,5.531820774078369,5.519423484802246
80600,0,enc,10.32400894165039,0.40524423122406006,0.438232421875,1.0853968858718872,6.451555252075195
80600,1,enc,7.861942768096924,0.5659710168838501,0.2181396484375,6.68973970413208,6.7015061378479
80600,2,enc,8.09879207611084,0.4812186658382416,0.10009765625,6.780808925628662,6.729316711425781
80600,0,fcst,4.069622039794922,0.8800665140151978,0.22314453125,6.687560558319092,5.447221755981445
80600,1,fcst,6.381712436676025,0.7040972709655762,0.282470703125,5.420279502868652,5.3245744705200195
80600,2,fcst,5.690441608428955,0.6847541332244873,0.2496337890625,3.2672038078308105,3.2672038078308105
80600,0,enc,10.333908081054688,0.3865966200828552,0.39306640625,0.946513295173645,5.343310356140137
80600,1,enc,7.726873874664307,0.5724079608917236,0.197021484375,5.53983736038208,5.549274921417236
80600,2,enc,8.281665802001953,0.41885441541671753,0.1038818359375,5.574657440185547,5.635814666748047
80800,0,enc,10.034178733825684,0.43856245279312134,0.390869140625,0.9027079939842224,6.054901123046875
80800,1,enc,7.7590203285217285,0.6005119681358337,0.2529296875,6.1980366706848145,6.103838920593262
80800,2,enc,8.457559585571289,0.5847166180610657,0.11602783203125,6.132165431976318,6.331275463104248
80800,0,fcst,4.018146991729736,0.8745893836021423,0.33935546875,6.254993915557861,5.042971134185791
80800,1,fcst,6.2737908363342285,0.6668596267700195,0.275390625,5.02222204208374,4.646084308624268
80800,2,fcst,5.636502742767334,0.6423047184944153,0.254150390625,3.3539509773254395,2.8591976165771484
80800,0,enc,10.152026176452637,0.4282989501953125,0.355712890625,0.9129121899604797,4.969537258148193
80800,1,enc,7.791518688201904,0.5661588907241821,0.1995849609375,5.091883659362793,5.007533073425293
80800,2,enc,8.421703338623047,0.4073658287525177,0.1153564453125,5.045640468597412,5.220689296722412
81000,0,enc,10.337547302246094,0.4816189706325531,0.490234375,1.0990711450576782,6.301410675048828
81000,1,enc,7.88059663772583,0.5580806136131287,0.254150390625,6.6311140060424805,6.3882646560668945
81000,2,enc,8.483431816101074,0.4283425509929657,0.1087646484375,6.475820541381836,6.488849639892578
81000,0,fcst,4.154725551605225,0.854384183883667,0.283447265625,6.423234462738037,5.412303447723389
81000,1,fcst,6.231510639190674,0.7081416845321655,0.322509765625,5.367250919342041,5.367250919342041
81000,2,fcst,5.8486504554748535,0.6651493906974792,0.2467041015625,3.9098732471466064,3.6826183795928955
81000,0,enc,10.35806941986084,0.48150166869163513,0.442138671875,1.0144389867782593,5.204822540283203
81000,1,enc,7.780055046081543,0.5619592070579529,0.193359375,5.426727294921875,5.39337158203125
81000,2,enc,8.320770263671875,0.3641268312931061,0.10882568359375,5.453986644744873,5.444751262664795
81200,0,enc,10.149312973022461,0.3846902549266815,0.380615234375,0.9633957743644714,6.243046283721924
81200,1,enc,7.63106107711792,0.5773980021476746,0.2998046875,6.367717742919922,6.279691696166992
81200,2,enc,8.542773246765137,0.5097886919975281,0.1201171875,6.362955093383789,6.362955093383789
81200,0,fcst,4.098348140716553,0.95163494348526,0.2366943359375,6.28670072555542,5.6439361572265625
81200,1,fcst,6.352303981781006,0.7209830284118652,0.29150390625,5.630721092224121,4.493568420410156
81200,2,fcst,5.777078628540039,0.6084337830543518,0.24169921875,3.994833469390869,3.994833469390869
81200,0,enc,10.106369972229004,0.3889541029930115,0.339599609375,0.9321213960647583,5.136347770690918
81200,1,enc,7.708444118499756,0.5560333728790283,0.162109375,5.25877046585083,5.14030122756958
81200,2,enc,8.26065444946289,0.3735828101634979,0.1060791015625,5.237216472625732,5.214999675750732
81400,0,enc,9.998117446899414,0.43042898178100586,0.4013671875,0.9749011397361755,5.750729560852051
81400,1,enc,7.631105422973633,0.5291110277175903,0.28662109375,5.845559597015381,5.527536392211914
81400,2,enc,8.529890060424805,0.5300452709197998,0.10919189453125,5.661538600921631,5.665955066680908
81400,0,fcst,4.103799343109131,0.853323221206665,0.2330322265625,5.665955066680908,5.554877758026123
81400,1,fcst,6.3112053871154785,0.6585307717323303,0.2705078125,5.543957233428955,4.185450077056885
81400,2,fcst,5.6533732414245605,0.6351202726364136,0.2410888671875,4.185450077056885,2.597511053085327
81400,0,enc,10.091656684875488,0.4166828989982605,0.3720703125,0.9044119715690613,4.974752426147461
81400,1,enc,7.622513771057129,0.5309601426124573,0.1661376953125,5.029294013977051,4.957760810852051
81400,2,enc,8.40240478515625,0.38699376583099365,0.09661865234375,5.010854721069336,5.055227279663086
81600,0,enc,9.81596851348877,0.4133276045322418,0.4169921875,0.9206908941268921,6.230156421661377
81600,1,enc,7.664090633392334,0.5543786287307739,0.24169921875,6.315774917602539,6.2501959800720215
81600,2,enc,8.669677734375,0.45869535207748413,0.11376953125,6.281919479370117,6.466245651245117
81600,0,fcst,4.143816947937012,0.8545059561729431,0.23828125,6.403268337249756,5.521867275238037
81600,1,fcst,6.428877830505371,0.6869360208511353,0.28662109375,5.500402927398682,4.808652400970459
81600,2,fcst,5.683862686157227,0.6618919372558594,0.254638671875,4.309280872344971,4.309280872344971
81600,0,enc,9.808059692382812,0.4027651250362396,0.37353515625,0.8874478340148926,5.059228420257568
81600,1,enc,7.711557388305664,0.5319027304649353,0.176025390625,5.19691801071167,5.14406156539917
81600,2,enc,8.830000877380371,0.36515694856643677,0.09869384765625,5.251126766204834,5.369920253753662
81800,0,enc,9.818085670471191,0.43015003204345703,0.42431640625,0.9649762511253357,6.1184468269348145
81800,1,enc,7.766229629516602,0.5580790042877197,0.229736328125,6.206026077270508,6.1494669914245605
81800,2,enc,8.857381820678711,0.5023036003112793,0.11590576171875,6.236971855163574,6.460631847381592
81800,0,fcst,4.150986671447754,0.8721277713775635,0.2685546875,6.366380214691162,5.4055070877075195
81800,1,fcst,6.231647491455078,0.6884991526603699,0.265380859375,5.38200569152832,5.38200569152832
81800,2,fcst,5.79652738571167,0.6183111071586609,0.2265625,3.288301467895508,2.7342095375061035
81800,0,enc,9.758410453796387,0.4400334060192108,0.37109375,0.8538559675216675,5.1281914710998535
81800,1,enc,7.660210609436035,0.5034640431404114,0.1080322265625,5.239831447601318,5.182916164398193
81800,2,enc,8.75952434539795,0.38211092352867126,0.114013671875,5.263545513153076,5.450557231903076
82000,0,enc,9.781182289123535,0.41184186935424805,0.360595703125,1.0784229040145874,6.006588459014893
82000,1,enc,7.788053035736084,0.6509904861450195,0.2568359375,6.031926155090332,6.031794548034668
82000,2,enc,9.023171424865723,0.5360061526298523,0.10308837890625,6.0702409744262695,5.9927263259887695
82000,0,fcst,4.180692672729492,0.7837885618209839,0.2384033203125,5.922651290893555,5.108397006988525
82000,1,fcst,6.337900638580322,0.693015456199646,0.302978515625,5.061602592468262,4.454166889190674
82000,2,fcst,5.528285503387451,0.6418788433074951,0.2415771484375,3.051494598388672,2.6724417209625244
82000,0,enc,9.730530738830566,0.43257713317871094,0.33740234375,0.9813611507415771,4.7929887771606445
82000,1,enc,7.853525161743164,0.6147415041923523,0.12152099609375,4.89118766784668,4.92420768737793
82000,2,enc,9.036662101745605,0.5082356929779053,0.09503173828125,4.965948581695557,5.133917331695557
82200,0,enc,9.708483695983887,0.4643110930919647,0.37939453125,1.1495072841644287,6.156247615814209
82200,1,enc,7.657060623168945,0.6059581637382507,0.228271484375,6.343754768371582,5.878260135650635
82200,2,enc,8.968636512756348,0.5419713258743286,0.11083984375,6.055706977844238,6.03738260269165
82200,0,fcst,4.216662883758545,0.9353883862495422,0.25146484375,5.9456706047058105,5.587643623352051
82200,1,fcst,6.392245292663574,0.646060585975647,0.32470703125,5.561193943023682,4.131072521209717
82200,2,fcst,5.787972450256348,0.6508119702339172,0.2425537109375,3.0471601486206055,2.519540309906006
82200,0,enc,9.715310096740723,0.46404919028282166,0.343994140625,1.0586506128311157,4.739128112792969
82200,1,enc,7.737156391143799,0.5532787442207336,0.1339111328125,4.8272809982299805,4.794003963470459
82200,2,enc,8.815207481384277,0.437145471572876,0.09747314453125,4.893808841705322,5.063152313232422
82400,0,enc,9.772953033447266,0.3810380697250366,0.42333984375,1.0022451877593994,6.0477399826049805
82400,1,enc,7.6097941398620605,0.6045740246772766,0.2529296875,6.127179145812988,5.748489856719971
82400,2,enc,8.985296249389648,0.48576050996780396,0.11572265625,5.904973983764648,6.004941940307617
82400,0,fcst,4.20160436630249,0.7415941953659058,0.27490234375,5.934951305389404,5.786792755126953
82400,1,fcst,6.309503078460693,0.6164307594299316,0.284912109375,5.775683879852295,4.8946075439453125
82400,2,fcst,5.712252616882324,0.6537073850631714,0.2474365234375,4.136489391326904,4.136489391326904
82400,0,enc,9.785195350646973,0.37916362285614014,0.380859375,0.9327108860015869,4.640965938568115
82400,1,enc,7.442340850830078,0.5569941401481628,0.12347412109375,4.677412986755371,4.744307518005371
82400,2,enc,9.001794815063477,0.4014973044395447,0.11590576171875,4.816330909729004,5.080752849578857
82600,0,enc,9.666855812072754,0.43911999464035034,0.35693359375,1.0896823406219482,5.593939781188965
82600,1,enc,7.625030517578125,0.4766240417957306,0.261962890625,5.686185359954834,5.673385143280029
82600,2,enc,8.978131294250488,0.6114882826805115,0.11932373046875,5.700881004333496,5.974318504333496
82600,0,fcst,4.201560020446777,0.977081298828125,0.2498779296875,5.9174113273620605,5.4330830574035645
82600,1,fcst,6.252913951873779,0.6928184628486633,0.294677734375,5.4293107986450195,4.4912428855896
82600,2,fcst,5.8490071296691895,0.6305556297302246,0.2169189453125,4.4912428855896,2.8580589294433594
82600,0,enc,9.730422019958496,0.40924352407455444,0.3203125,0.9097678661346436,4.955440998077393
82600,1,enc,7.516984939575195,0.47644418478012085,0.139892578125,5.054482460021973,5.0364155769348145
82600,2,enc,8.977226257324219,0.4766443371772766,0.10906982421875,5.122482776641846,5.295750617980957
82800,0,enc,9.82356071472168,0.41696372628211975,0.343994140625,0.9734711647033691,5.730722427368164
82800,1,enc,7.469836711883545,0.5313103795051575,0.267333984375,5.821742057800293,5.740293979644775
82800,2,enc,9.179327011108398,0.4702642858028412,0.107666015625,5.874575138092041,6.267370223999023
82800,0,fcst,4.161655426025391,0.7603467702865601,0.26611328125,6.16847038269043,5.176629543304443
82800,1,fcst,6.249495029449463,0.6797009110450745,0.27099609375,5.170516490936279,4.065915584564209
82800,2,fcst,5.848182678222656,0.6837043762207031,0.2392578125,3.2988715171813965,2.6633646488189697
82800,0,enc,9.805440902709961,0.43390050530433655,0.297607421875,0.88764888048172,4.910378932952881
82800,1,enc,7.205627918243408,0.5335187911987305,0.157470703125,4.937295436859131,4.806680202484131
82800,2,enc,9.06252670288086,0.4523775577545166,0.0928955078125,4.84324312210083,5.207520484924316
83000,0,enc,9.781661987304688,0.4189866781234741,0.333984375,1.0963506698608398,5.621457576751709
83000,1,enc,7.416087627410889,0.45232588052749634,0.277587890625,5.639759540557861,5.459097385406494
83000,2,enc,9.1537446975708,0.494228333234787,0.118896484375,5.5406599044799805,5.937333106994629
83000,0,fcst,4.174274921417236,0.7784037590026855,0.255859375,5.856916427612305,4.771758556365967
83000,1,fcst,6.160529136657715,0.7068967819213867,0.27880859375,4.766741752624512,4.552989959716797
83000,2,fcst,5.940770149230957,0.6341773271560669,0.2342529296875,3.2301206588745117,2.8324427604675293
83000,0,enc,9.756292343139648,0.4150855839252472,0.296142578125,0.980226993560791,4.783703327178955
83000,1,enc,7.279476642608643,0.48657816648483276,0.22119140625,4.796950340270996,4.769469261169434
83000,2,enc,8.755433082580566,0.4166857898235321,0.11309814453125,4.865708351135254,5.164292335510254
83200,0,enc,9.929115295410156,0.47706812620162964,0.325927734375,1.0141384601593018,5.616335868835449
83200,1,enc,7.232066631317139,0.5534674525260925,0.29345703125,5.590720176696777,5.562203407287598
83200,2,enc,8.9494047164917,0.4423145353794098,0.10931396484375,5.769749641418457,6.002048492431641
83200,0,fcst,4.2752766609191895,0.8438347578048706,0.2744140625,5.916314125061035,4.864987373352051
83200,1,fcst,6.230747699737549,0.7167627811431885,0.280517578125,4.863168239593506,3.6988887786865234
83200,2,fcst,5.768813133239746,0.6557691097259521,0.244140625,3.2896478176116943,2.6156704425811768
83200,0,enc,9.928910255432129,0.45748183131217957,0.312255859375,0.9034212827682495,5.227747440338135
83200,1,enc,7.297348976135254,0.5437657833099365,0.20556640625,5.252053260803223,5.254347801208496
83200,2,enc,8.933462142944336,0.4515930414199829,0.1007080078125,5.440471172332764,5.752971172332764
83400,0,enc,9.824787139892578,0.5070689916610718,0.303955078125,1.0342861413955688,5.855892181396484
83400,1,enc,7.179079532623291,0.5904749035835266,0.29931640625,5.915236473083496,5.934360980987549
83400,2,enc,8.839826583862305,0.43560341000556946,0.105712890625,5.976545810699463,6.286061763763428
83400,0,fcst,4.260209560394287,0.7843972444534302,0.3134765625,6.208728313446045,5.33416223526001
83400,1,fcst,6.2731852531433105,0.6602503061294556,0.305419921875,5.3222126960754395,5.3222126960754395
83400,2,fcst,5.640787601470947,0.6411625742912292,0.2293701171875,4.384194850921631,2.6556899547576904
83400,0,enc,9.774680137634277,0.5037925243377686,0.266845703125,0.8417601585388184,4.738792419433594
83400,1,enc,7.081108570098877,0.5101521015167236,0.17138671875,4.770694255828857,4.748599529266357
83400,2,enc,8.769388198852539,0.3793346881866455,0.10711669921875,4.778444766998291,5.103151798248291
83600,0,enc,9.67941665649414,0.47071269154548645,0.361328125,0.9451298713684082,6.356593132019043
83600,1,enc,7.2365403175354,0.48163461685180664,0.27001953125,6.432412147521973,5.99214506149292
83600,2,enc,8.854565620422363,0.6587449312210083,0.1082763671875,5.99214506149292,5.896571636199951
83600,0,fcst,4.244645118713379,0.8461489081382751,0.227783203125,5.853688716888428,4.706770420074463
83600,1,fcst,6.260903358459473,0.650179386138916,0.268310546875,4.699138164520264,4.209866523742676
83600,2,fcst,5.871603488922119,0.6394898891448975,0.227783203125,3.971276044845581,2.911311388015747
83600,0,enc,9.697429656982422,0.463203102350235,0.319091796875,0.8783895373344421,5.261168956756592
83600,1,enc,7.107800006866455,0.4568611681461334,0.227294921875,5.289369106292725,5.185060024261475
83600,2,enc,8.941546440124512,0.388420045375824,0.1033935546875,5.280782699584961,5.384847640991211
83800,0,enc,9.767476081848145,0.4660348892211914,0.367431640625,0.9125773310661316,5.317870616912842
83800,1,enc,7.222858428955078,0.45003998279571533,0.224853515625,5.34859037399292,5.30403470993042
83800,2,enc,8.947916030883789,0.4107944071292877,0.11505126953125,5.340459823608398,5.548302173614502
83800,0,fcst,4.259716987609863,0.7628050446510315,0.2587890625,5.548302173614502,4.982008457183838
83800,1,fcst,6.098844528198242,0.6312864422798157,0.2958984375,4.966033458709717,4.778500556945801
83800,2,fcst,5.832647800445557,0.6265981793403625,0.2403564453125,3.370574474334717,2.7713510990142822
83800,0,enc,9.665308952331543,0.49612006545066833,0.2578125,0.9182865023612976,4.849400997161865
83800,1,enc,7.161038875579834,0.4673074185848236,0.1400146484375,4.884252071380615,4.84393835067749
83800,2,enc,8.947776794433594,0.42331463098526,0.11260986328125,4.883115768432617,5.196592330932617
84000,0,enc,9.900940895080566,0.45271778106689453,0.31884765625,0.9154335260391235,5.87868595123291
84000,1,enc,7.060863494873047,0.5191471576690674,0.213134765625,5.993009090423584,5.949029922485352
84000,2,enc,8.925082206726074,0.5159768462181091,0.11767578125,5.986518859863281,5.896525859832764
84000,0,fcst,4.348008155822754,0.7978538274765015,0.2130126953125,5.8145880699157715,4.822834491729736
84000,1,fcst,6.068933486938477,0.6598874926567078,0.2685546875,4.791748523712158,4.791748523712158
84000,2,fcst,6.064706802368164,0.6124770045280457,0.2242431640625,3.253419876098633,3.004584550857544
84000,0,enc,9.838781356811523,0.44105038046836853,0.2486572265625,0.8770948648452759,4.957280158996582
84000,1,enc,7.044178009033203,0.535627007484436,0.1878662109375,5.032915115356445,5.012895584106445
84000,2,enc,8.779715538024902,0.397347629070282,0.14111328125,5.067501068115234,5.018764495849609
84200,0,enc,9.887185096740723,0.5291178226470947,0.29296875,0.9685310125350952,6.426641464233398
84200,1,enc,7.125874996185303,0.5406794548034668,0.224609375,6.7556304931640625,6.640952110290527
84200,2,enc,9.083904266357422,0.5122024416923523,0.11761474609375,6.815963268280029,6.815963268280029
84200,0,fcst,4.275041580200195,0.8956868052482605,0.2489013671875,6.724001884460449,5.564062595367432
84200,1,fcst,6.101271629333496,0.6220887899398804,0.280029296875,5.558069705963135,5.558069705963135
84200,2,fcst,5.646800518035889,0.665116548538208,0.221435546875,3.619248867034912,2.817298412322998
84200,0,enc,9.887269973754883,0.5347740650177002,0.226806640625,0.8655381798744202,5.508327484130859
84200,1,enc,7.164202690124512,0.4754830300807953,0.11651611328125,5.548654079437256,5.515328884124756
84200,2,enc,8.917537689208984,0.408003032207489,0.12744140625,5.641739845275879,5.864762306213379
84400,0,enc,9.942761421203613,0.39427104592323303,0.3486328125,0.9639767408370972,6.245047569274902
84400,1,enc,7.09515905380249,0.474933922290802,0.1900634765625,6.472162246704102,6.285123348236084
84400,2,enc,9.022635459899902,0.5695527791976929,0.10760498046875,6.285123348236084,6.285123348236084
84400,0,fcst,4.24509859085083,0.7652592062950134,0.24169921875,6.184071063995361,5.595963478088379
84400,1,fcst,6.072619438171387,0.6142728328704834,0.273193359375,5.582777976989746,4.317586898803711
84400,2,fcst,5.933605670928955,0.6035448312759399,0.2308349609375,4.317586898803711,2.617459774017334
84400,0,enc,9.907279968261719,0.42411136627197266,0.2230224609375,0.8988778591156006,5.192076206207275
84400,1,enc,7.015309810638428,0.4498654007911682,0.1405029296875,5.283481121063232,5.175815105438232
84400,2,enc,9.03439998626709,0.3979165256023407,0.111572265625,5.24596643447876,5.47484827041626
84600,0,enc,9.815092086791992,0.42756518721580505,0.304443359375,0.9187840223312378,6.138187885284424
84600,1,enc,7.201304912567139,0.5046294927597046,0.1676025390625,6.167574405670166,6.094603538513184
84600,2,enc,8.792451858520508,0.48379847407341003,0.1279296875,6.102835178375244,6.176348686218262
84600,0,fcst,4.272830009460449,0.8618399500846863,0.1907958984375,6.112732410430908,5.615063190460205
84600,1,fcst,6.098109245300293,0.6408039927482605,0.272705078125,5.600592136383057,4.85045862197876
84600,2,fcst,6.033681869506836,0.6436606645584106,0.224853515625,4.585779666900635,2.9574029445648193
84600,0,enc,9.79947566986084,0.4307723045349121,0.209228515625,0.9181878566741943,5.66255521774292
84600,1,enc,7.1657795906066895,0.47683125734329224,0.1260986328125,5.765846252441406,5.738548278808594
84600,2,enc,8.762149810791016,0.42658793926239014,0.12408447265625,5.85416841506958,5.94700288772583
84800,0,enc,9.694506645202637,0.47219786047935486,0.284912109375,1.0816727876663208,6.397004127502441
84800,1,enc,7.3556437492370605,0.4995838403701782,0.14697265625,6.396755695343018,6.463216304779053
84800,2,enc,8.93300724029541,0.47783762216567993,0.1181640625,6.3888444900512695,6.52908992767334
84800,0,fcst,4.16765022277832,0.7917065024375916,0.197509765625,6.458472728729248,5.120582103729248
84800,1,fcst,6.15875244140625,0.6879903674125671,0.33251953125,5.114577293395996,4.16741418838501
84800,2,fcst,5.887997627258301,0.6364879012107849,0.2154541015625,3.8211746215820312,2.5861451625823975
84800,0,enc,9.67432975769043,0.4638078808784485,0.26513671875,1.0091898441314697,5.065494060516357
84800,1,enc,7.2502760887146,0.48298341035842896,0.1370849609375,5.095666408538818,5.116052150726318
84800,2,enc,8.849879264831543,0.4281710982322693,0.11822509765625,5.101058006286621,5.313338279724121
85000,0,enc,9.41977310180664,0.43237537145614624,0.2705078125,0.962967038154602,5.40204381942749
85000,1,enc,7.093235492706299,0.5593516826629639,0.171142578125,5.296253204345703,5.269516468048096
85000,2,enc,8.708638191223145,0.5908218026161194,0.11181640625,5.357329368591309,5.911257266998291
85000,0,fcst,4.131290435791016,0.7889766693115234,0.205322265625,5.826214790344238,4.915298938751221
85000,1,fcst,6.209510803222656,0.7084063291549683,0.3056640625,4.903857231140137,4.081055164337158
85000,2,fcst,5.941563129425049,0.6095988154411316,0.256103515625,2.992703437805176,2.562540292739868
85000,0,enc,9.422715187072754,0.4303540289402008,0.1859130859375,0.8962571620941162,4.618868350982666
85000,1,enc,6.965306282043457,0.5056439638137817,0.1090087890625,4.684562683105469,4.645011901855469
85000,2,enc,8.738944053649902,0.3826742470264435,0.1025390625,4.814541339874268,5.013393878936768
85200,0,enc,9.336286544799805,0.3492216169834137,0.310546875,0.9891127347946167,5.699035167694092
85200,1,enc,7.279559135437012,0.4816165268421173,0.16064453125,5.667726039886475,5.693750858306885
85200,2,enc,9.101088523864746,0.48428231477737427,0.1163330078125,5.608092308044434,5.915166854858398
85200,0,fcst,4.096457481384277,0.7708737850189209,0.25830078125,5.821750640869141,4.760143280029297
85200,1,fcst,6.232954978942871,0.6296268105506897,0.261962890625,4.751988410949707,4.604720115661621
85200,2,fcst,5.851563930511475,0.5786788463592529,0.222900390625,3.713733673095703,3.145745038986206
85200,0,enc,9.3424654006958,0.34711575508117676,0.23095703125,0.8543975949287415,5.054983615875244
85200,1,enc,7.206223011016846,0.49812474846839905,0.11627197265625,5.081165313720703,5.078608512878418
85200,2,enc,8.989701271057129,0.3842761814594269,0.11395263671875,5.12893009185791,5.36184024810791
85400,0,enc,9.14478588104248,0.39211902022361755,0.25244140625,1.0117346048355103,5.599457740783691
85400,1,enc,7.488493919372559,0.5471687912940979,0.169677734375,5.821937561035156,5.812095642089844
85400,2,enc,8.89794635772705,0.49041032791137695,0.10748291015625,5.831456661224365,6.1401591300964355
85400,0,fcst,4.016514301300049,0.8000403642654419,0.2471923828125,6.060470104217529,4.950986385345459
85400,1,fcst,6.259477138519287,0.6493536233901978,0.263916015625,4.950986385345459,3.788877010345459
85400,2,fcst,5.940775394439697,0.603600025177002,0.1954345703125,2.850459098815918,2.745924472808838
85400,0,enc,9.199226379394531,0.3979710042476654,0.193359375,0.9823641777038574,4.507040500640869
85400,1,enc,7.356718063354492,0.5017905831336975,0.11431884765625,4.556386470794678,4.531789302825928
85400,2,enc,9.011914253234863,0.43150484561920166,0.10467529296875,4.451344966888428,4.766286373138428
85600,0,enc,9.202610969543457,0.4088427424430847,0.296630859375,0.914618968963623,5.730092525482178
85600,1,enc,7.488029956817627,0.526245653629303,0.1629638671875,5.913278579711914,5.534046649932861
85600,2,enc,9.218915939331055,0.6152018308639526,0.127685546875,5.4754557609558105,5.732980728149414
85600,0,fcst,4.012975692749023,0.8710227608680725,0.275634765625,5.669003009796143,5.109582901000977
85600,1,fcst,6.232044219970703,0.6937218904495239,0.28125,5.094521999359131,4.654462814331055
85600,2,fcst,5.7866291999816895,0.5870500802993774,0.212158203125,3.629375457763672,3.1104416847229004
85600,0,enc,9.149904251098633,0.40022143721580505,0.1884765625,0.8549699783325195,4.999058246612549
85600,1,enc,7.561178684234619,0.5017428994178772,0.108154296875,5.0218353271484375,5.0081634521484375
85600,2,enc,8.933930397033691,0.3198622465133667,0.1092529296875,5.1853461265563965,5.3174262046813965
85800,0,enc,8.931012153625488,0.4976666569709778,0.25146484375,0.9866877198219299,5.840981960296631
85800,1,enc,7.74848747253418,0.48908933997154236,0.190673828125,5.832925319671631,5.956216335296631
85800,2,enc,9.087984085083008,0.4581425189971924,0.1229248046875,5.970702171325684,5.970702171325684
85800,0,fcst,3.994603157043457,0.7931046485900879,0.272705078125,5.880249977111816,4.776588439941406
85800,1,fcst,6.128003120422363,0.7122456431388855,0.302001953125,4.768984794616699,4.172869682312012
85800,2,fcst,5.91865873336792,0.5992041826248169,0.2183837890625,3.7215890884399414,3.2314090728759766
85800,0,enc,9.030280113220215,0.5286047458648682,0.1806640625,0.8708372116088867,5.037057876586914
85800,1,enc,7.648664951324463,0.4907989501953125,0.1068115234375,5.08721923828125,5.138824462890625
85800,2,enc,9.136898040771484,0.44162288308143616,0.125732421875,5.18347692489624,5.322159767150879
86000,0,enc,8.955328941345215,0.3999045491218567,0.2452392578125,0.927800178527832,5.405288219451904
86000,1,enc,7.727738380432129,0.4937213957309723,0.18994140625,5.417416572570801,5.361169338226318
86000,2,enc,9.192030906677246,0.5308846831321716,0.119140625,5.357484340667725,5.76629114151001
86000,0,fcst,4.030066967010498,0.9591461420059204,0.25,5.68719482421875,4.765347003936768
86000,1,fcst,6.0724334716796875,0.7143245339393616,0.334716796875,4.76902961730957,4.319194793701172
86000,2,fcst,5.76968240737915,0.5743222832679749,0.2259521484375,3.504215955734253,2.746939182281494
86000,0,enc,8.911131858825684,0.40734240412712097,0.1761474609375,0.8805006146430969,4.98266077041626
86000,1,enc,7.732057094573975,0.5050477981567383,0.106201171875,5.0980095863342285,4.9356560707092285
86000,2,enc,9.223997116088867,0.37728092074394226,0.11077880859375,4.92117166519165,4.932390213012695
86200,0,enc,8.736268997192383,0.45754164457321167,0.2568359375,0.9069293141365051,5.904500961303711
86200,1,enc,7.734007358551025,0.4980054199695587,0.186767578125,6.051450729370117,5.774893760681152
86200,2,enc,9.020999908447266,0.5002490878105164,0.10711669921875,5.884514331817627,5.884514331817627
86200,0,fcst,4.014291286468506,0.7948506474494934,0.2060546875,5.763730525970459,5.566680431365967
86200,1,fcst,6.142664909362793,0.6590446829795837,0.302001953125,5.566680431365967,4.473473072052002
86200,2,fcst,5.798116207122803,0.5990669131278992,0.20361328125,3.498713493347168,3.1216518878936768
86200,0,enc,8.801541328430176,0.4565645754337311,0.19921875,0.8849121332168579,4.694614410400391
86200,1,enc,7.849956035614014,0.45261678099632263,0.166015625,4.717142105102539,4.839456558227539
86200,2,enc,9.18798828125,0.3282638192176819,0.11553955078125,4.844135761260986,5.283344745635986
86400,0,enc,8.82170581817627,0.5237942337989807,0.27685546875,0.9258642196655273,5.049869060516357
86400,1,enc,7.661520004272461,0.5233901739120483,0.16796875,5.081281661987305,5.163068771362305
86400,2,enc,9.342500686645508,0.48808127641677856,0.10498046875,5.1116862297058105,5.491497039794922
86400,0,fcst,4.1078996658325195,0.81707763671875,0.232421875,5.4425787925720215,5.4425787925720215
86400,1,fcst,6.222454071044922,0.6618379354476929,0.295166015625,5.444994926452637,4.276374816894531
86400,2,fcst,5.665460109710693,0.5642064809799194,0.206787109375,3.0974810123443604,2.516871929168701
86400,0,enc,8.688910484313965,0.4874197244644165,0.1751708984375,0.8904691934585571,4.643810272216797
86400,1,enc,7.77651834487915,0.46250858902931213,0.0960693359375,4.773358345031738,4.599530220031738
86400,2,enc,9.342689514160156,0.39756232500076294,0.10595703125,4.564687728881836,4.4273576736450195
86600,0,enc,8.655867576599121,0.39014899730682373,0.235595703125,0.9717260003089905,5.303028583526611
86600,1,enc,7.790633678436279,0.5737267732620239,0.1805419921875,5.318078517913818,5.318078517913818
86600,2,enc,9.154165267944336,0.5157032012939453,0.10791015625,5.375557899475098,5.728747844696045
86600,0,fcst,4.041896343231201,0.8214364647865295,0.192626953125,5.613337993621826,5.078063488006592
86600,1,fcst,6.011468887329102,0.6439121961593628,0.2744140625,5.075228214263916,4.092806339263916
86600,2,fcst,5.739797115325928,0.702797532081604,0.203369140625,3.6910130977630615,2.8230783939361572
86600,0,enc,8.562210083007812,0.3836280107498169,0.2137451171875,0.899823784828186,4.828395843505859
86600,1,enc,7.726357460021973,0.5478391647338867,0.12939453125,4.921917915344238,4.879895210266113
86600,2,enc,9.171515464782715,0.39189016819000244,0.11492919921875,4.911773204803467,5.249099254608154
86800,0,enc,8.794185638427734,0.3827964663505554,0.275146484375,0.8684723377227783,4.664997100830078
86800,1,enc,7.948502540588379,0.5439698696136475,0.2091064453125,4.764692306518555,4.837663173675537
86800,2,enc,9.34723949432373,0.5197418332099915,0.11181640625,4.936363220214844,5.404027938842773
86800,0,fcst,4.035074234008789,0.9130857586860657,0.205078125,5.314984321594238,4.354155540466309
86800,1,fcst,6.018768787384033,0.6039268970489502,0.2685546875,4.343197822570801,3.6806724071502686
86800,2,fcst,5.8366594314575195,0.5698338150978088,0.193603515625,2.842881917953491,2.732884407043457
86800,0,enc,8.735445022583008,0.3835923671722412,0.21630859375,0.9259043335914612,4.7450666427612305
86800,1,enc,8.010188102722168,0.523683488368988,0.1395263671875,4.8772759437561035,4.8041558265686035
86800,2,enc,9.230525970458984,0.39736825227737427,0.1070556640625,4.804570198059082,5.154688835144043
87000,0,enc,8.951467514038086,0.4604385793209076,0.29345703125,0.8811405897140503,6.15270471572876
87000,1,enc,8.076587677001953,0.504950225353241,0.1629638671875,6.1935648918151855,6.108319282531738
87000,2,enc,9.48509693145752,0.47656938433647156,0.1241455078125,6.078378677368164,6.079191207885742
87000,0,fcst,3.999143123626709,0.7732929587364197,0.220703125,5.995784759521484,5.957743167877197
87000,1,fcst,6.053885459899902,0.6831832528114319,0.299072265625,5.948020935058594,5.175451278686523
87000,2,fcst,5.696052074432373,0.6296238303184509,0.211181640625,4.38063907623291,3.0015342235565186
87000,0,enc,8.906351089477539,0.44758981466293335,0.2261962890625,0.8772544860839844,5.270010948181152
87000,1,enc,7.95382833480835,0.4666347801685333,0.1072998046875,5.391681671142578,5.322345733642578
87000,2,enc,9.250635147094727,0.39717501401901245,0.11334228515625,5.373050689697266,5.3366618156433105
87200,0,enc,8.973033905029297,0.4058034420013428,0.2354736328125,0.8948888778686523,5.616039752960205
87200,1,enc,8.202735900878906,0.5087035894393921,0.1685791015625,5.711525917053223,5.9001922607421875
87200,2,enc,9.276494026184082,0.44869911670684814,0.109130859375,5.97110652923584,5.97110652923584
87200,0,fcst,4.006858825683594,0.7164102792739868,0.2130126953125,5.834661960601807,5.165002822875977
87200,1,fcst,6.05645751953125,0.7607166767120361,0.2666015625,5.150575637817383,4.796590805053711
87200,2,fcst,5.87450647354126,0.66713547706604,0.2259521484375,3.2140579223632812,3.0302047729492188
87200,0,enc,8.923797607421875,0.3988583981990814,0.2069091796875,0.8526667356491089,5.123579502105713
87200,1,enc,8.147379875183105,0.4747840166091919,0.093994140625,5.18998908996582,5.08262825012207
87200,2,enc,9.168174743652344,0.37331223487854004,0.10198974609375,5.05036735534668,5.102569580078125
87400,0,enc,8.81923770904541,0.5004857182502747,0.294189453125,0.945082426071167,5.447996616363525
87400,1,enc,8.41092300415039,0.5645122528076172,0.17138671875,5.580172061920166,5.466104030609131
87400,2,enc,9.141472816467285,0.7138866186141968,0.11236572265625,5.506678104400635,5.707352638244629
87400,0,fcst,4.043489933013916,0.7395986318588257,0.184326171875,5.707352638244629,5.2199835777282715
87400,1,fcst,6.036249160766602,0.6493096947669983,0.315673828125,5.2199835777282715,4.356810569763184
87400,2,fcst,5.599706649780273,0.575842559337616,0.2254638671875,3.4223644733428955,2.8334274291992188
87400,0,enc,8.842693328857422,0.5150428414344788,0.2447509765625,0.9696524739265442,4.8587188720703125
87400,1,enc,8.42031478881836,0.5325512290000916,0.1549072265625,4.892295837402344,4.741428852081299
87400,2,enc,9.110248565673828,0.39725643396377563,0.1029052734375,4.7458086013793945,4.7948126792907715
87600,0,enc,8.640579223632812,0.47522127628326416,0.265869140625,1.0606353282928467,6.838871002197266
87600,1,enc,8.588672637939453,0.5241971015930176,0.1646728515625,6.990485191345215,7.056878089904785
87600,2,enc,8.974990844726562,0.5782185196876526,0.09747314453125,7.063494682312012,6.990117073059082
87600,0,fcst,3.966405153274536,0.7496539950370789,0.2142333984375,6.905648231506348,6.005040645599365
87600,1,fcst,6.142311096191406,0.6265047192573547,0.2783203125,6.005040645599365,6.005040645599365
87600,2,fcst,5.816781997680664,0.639532208442688,0.20166015625,4.116613388061523,3.567152500152588
87600,0,enc,8.634893417358398,0.47033533453941345,0.240234375,0.8776624798774719,5.446293830871582
87600,1,enc,8.615554809570312,0.49055054783821106,0.1461181640625,5.591981887817383,5.653932571411133
87600,2,enc,9.169758796691895,0.4576701819896698,0.08819580078125,5.646468162536621,5.483260154724121
87800,0,enc,8.952298164367676,0.3973119258880615,0.2705078125,0.9871020317077637,6.355349063873291
87800,1,enc,8.554850578308105,0.5981698036193848,0.1531982421875,6.500777244567871,6.323639869689941
87800,2,enc,9.106696128845215,0.524970293045044,0.1318359375,6.262818336486816,6.123386859893799
87800,0,fcst,3.981562852859497,0.788323163986206,0.23486328125,6.123386859893799,5.3060150146484375
87800,1,fcst,6.1617536544799805,0.6371292471885681,0.27783203125,5.3060150146484375,5.3060150146484375
87800,2,fcst,5.8362345695495605,0.5618835091590881,0.200439453125,3.991438627243042,2.979098320007324
87800,0,enc,8.974148750305176,0.3876546025276184,0.229736328125,0.9817954301834106,5.181586265563965
87800,1,enc,8.568697929382324,0.5211915969848633,0.11065673828125,5.312547206878662,5.269090175628662
87800,2,enc,8.987411499023438,0.41020968556404114,0.10650634765625,5.267796516418457,5.307316780090332
88000,0,enc,8.607176780700684,0.5050877332687378,0.279296875,1.0791057348251343,5.335904121398926
88000,1,enc,8.78248119354248,0.5190496444702148,0.1536865234375,5.47650671005249,5.697047233581543
88000,2,enc,9.190817832946777,0.5221612453460693,0.10870361328125,5.697047233581543,6.338865756988525
88000,0,fcst,4.098690509796143,0.7462062239646912,0.2481689453125,6.282394886016846,5.61435079574585
88000,1,fcst,6.233048915863037,0.6881958842277527,0.30615234375,5.606975078582764,4.301636695861816
88000,2,fcst,5.720072269439697,0.5657655000686646,0.21142578125,3.2998855113983154,2.8407647609710693
88000,0,enc,8.78857707977295,0.4984624981880188,0.252685546875,0.9682047367095947,4.98879861831665
88000,1,enc,8.747227668762207,0.4704188406467438,0.0975341796875,5.11970329284668,5.21986198425293
88000,2,enc,9.019665718078613,0.3588399291038513,0.09490966796875,5.255496978759766,5.303445816040039
88200,0,enc,8.972628593444824,0.4667092263698578,0.33251953125,0.9035444259643555,5.716846466064453
88200,1,enc,8.991544723510742,0.5364166498184204,0.1685791015625,5.855664253234863,5.855664253234863
88200,2,enc,9.006030082702637,0.5400332808494568,0.11083984375,5.855664253234863,5.723765850067139
88200,0,fcst,4.043761253356934,0.7522794604301453,0.2374267578125,5.6685590744018555,5.22149133682251
88200,1,fcst,6.279732704162598,0.6495715975761414,0.28759765625,5.22149133682251,5.22149133682251
88200,2,fcst,5.516491889953613,0.6110983490943909,0.215087890625,3.0760984420776367,2.8678171634674072
88200,0,enc,9.001799583435059,0.4704519510269165,0.31103515625,0.8699913024902344,4.774158000946045
88200,1,enc,8.968494415283203,0.5006736516952515,0.08544921875,4.9036126136779785,4.788580417633057
88200,2,enc,8.915481567382812,0.38754063844680786,0.107666015625,4.834051132202148,4.976900100708008
88400,0,enc,8.883790016174316,0.5530891418457031,0.299072265625,0.9807747602462769,6.493154525756836
88400,1,enc,9.031548500061035,0.5246685743331909,0.16357421875,6.588759422302246,6.588759422302246
88400,2,enc,9.116630554199219,0.5565762519836426,0.1123046875,6.594377517700195,6.678131103515625
88400,0,fcst,4.126150608062744,0.7401574850082397,0.2137451171875,6.633820056915283,5.890863418579102
88400,1,fcst,6.174643516540527,0.6547844409942627,0.299560546875,5.890863418579102,4.737602233886719
88400,2,fcst,5.683353424072266,0.6483189463615417,0.1995849609375,3.5756194591522217,2.891892671585083
88400,0,enc,8.822999954223633,0.5520976185798645,0.27197265625,0.8812325596809387,5.534996032714844
88400,1,enc,8.962438583374023,0.5193180441856384,0.1243896484375,5.637051582336426,5.642369270324707
88400,2,enc,9.064255714416504,0.3997439444065094,0.10235595703125,5.659372806549072,5.711161136627197
88600,0,enc,9.030754089355469,0.4111081659793854,0.3408203125,0.9646881222724915,6.5744309425354
88600,1,enc,9.149349212646484,0.46254169940948486,0.1519775390625,6.660749912261963,6.791093826293945
88600,2,enc,9.000933647155762,0.5057684779167175,0.136474609375,6.875951290130615,6.981813430786133
88600,0,fcst,4.01766300201416,0.7293758392333984,0.2310791015625,6.901688575744629,6.901688575744629
88600,1,fcst,6.107159614562988,0.6371756792068481,0.301513671875,6.87849235534668,5.526495933532715
88600,2,fcst,5.750652313232422,0.6184747815132141,0.2110595703125,3.8080503940582275,3.0117366313934326
88600,0,enc,9.086503028869629,0.41292697191238403,0.29833984375,0.8616769313812256,5.042634010314941
88600,1,enc,9.100065231323242,0.4650825560092926,0.08984375,5.108121395111084,5.281949520111084
88600,2,enc,8.89993667602539,0.3827410042285919,0.12890625,5.333136081695557,5.714972019195557
88800,0,enc,9.259406089782715,0.41480550169944763,0.295166015625,1.08164381980896,5.599277973175049
88800,1,enc,9.14315128326416,0.5524336099624634,0.1771240234375,5.844216823577881,5.844216823577881
88800,2,enc,8.934944152832031,0.6956073045730591,0.11895751953125,5.803891181945801,6.064115524291992
88800,0,fcst,4.042784214019775,0.7916441559791565,0.226806640625,5.96665620803833,5.149599075317383
88800,1,fcst,6.140735149383545,0.8169052600860596,0.282958984375,5.135067462921143,4.803042888641357
88800,2,fcst,5.593494415283203,0.555445671081543,0.19921875,3.8404381275177,2.786308526992798
88800,0,enc,9.293992042541504,0.3901040852069855,0.266357421875,0.879626452922821,5.145686626434326
88800,1,enc,9.127311706542969,0.5356457829475403,0.104736328125,5.333914756774902,5.288352012634277
88800,2,enc,8.914506912231445,0.5015161037445068,0.09539794921875,5.2354512214660645,5.4693379402160645
89000,0,enc,9.317367553710938,0.4305107891559601,0.285400390625,0.9003296494483948,5.6126203536987305
89000,1,enc,9.185430526733398,0.5184452533721924,0.178955078125,5.672212600708008,5.863184928894043
89000,2,enc,8.891301155090332,0.49027466773986816,0.1033935546875,5.921521186828613,6.539468288421631
89000,0,fcst,3.953528642654419,0.8009112477302551,0.2269287109375,6.435589790344238,5.797779560089111
89000,1,fcst,6.159677982330322,0.6192807555198669,0.26806640625,5.790734767913818,4.486481189727783
89000,2,fcst,5.881669044494629,0.5942758917808533,0.203125,3.91987943649292,3.4747347831726074
89000,0,enc,9.259711265563965,0.4523014724254608,0.259765625,0.9355132579803467,4.6957478523254395
89000,1,enc,9.054424285888672,0.507168710231781,0.10858154296875,4.857909679412842,4.986327648162842
89000,2,enc,8.82031536102295,0.3324257731437683,0.1041259765625,5.068527698516846,5.439865589141846
89200,0,enc,9.152605056762695,0.40590518712997437,0.30810546875,0.9180512428283691,6.1814398765563965
89200,1,enc,9.320441246032715,0.5073714256286621,0.188720703125,6.33853006362915,6.176939487457275
89200,2,enc,8.9340181350708,0.5323420166969299,0.12548828125,6.293402194976807,6.551919937133789
89200,0,fcst,3.986870288848877,0.8723538517951965,0.2147216796875,6.450892448425293,5.441235542297363
89200,1,fcst,6.106128692626953,0.6307470202445984,0.24755859375,5.439913749694824,5.439913749694824
89200,2,fcst,5.67173957824707,0.5890306234359741,0.20361328125,4.109047889709473,3.207075357437134
89200,0,enc,9.289630889892578,0.40170374512672424,0.282958984375,0.8425846695899963,5.2681121826171875
89200,1,enc,9.171972274780273,0.42727506160736084,0.09356689453125,5.491703033447266,5.683841705322266
89200,2,enc,8.805463790893555,0.35455501079559326,0.0997314453125,5.803043365478516,6.042179107666016
89400,0,enc,9.706650733947754,0.36866500973701477,0.271240234375,0.9593538045883179,5.824067115783691
89400,1,enc,9.26120662689209,0.5162541270256042,0.168701171875,5.824067115783691,5.692637920379639
89400,2,enc,8.586084365844727,0.5199156403541565,0.12384033203125,5.636597633361816,6.11681604385376
89400,0,fcst,3.9214415550231934,0.7429149150848389,0.25732421875,6.046731948852539,5.066371917724609
89400,1,fcst,6.220020294189453,0.7171528339385986,0.266845703125,5.047585964202881,4.090554714202881
89400,2,fcst,5.896695137023926,0.6265784502029419,0.223388671875,3.686105728149414,3.264946460723877
89400,0,enc,9.715335845947266,0.37637650966644287,0.267578125,0.8971847891807556,4.8786444664001465
89400,1,enc,9.298338890075684,0.49782735109329224,0.10784912109375,4.847878456115723,4.87230110168457
89400,2,enc,8.835368156433105,0.33754533529281616,0.1260986328125,4.920273780822754,5.479355812072754
89600,0,enc,9.697319984436035,0.4380759000778198,0.297119140625,0.9222816824913025,5.582642078399658
89600,1,enc,9.052277565002441,0.5073885321617126,0.1427001953125,5.985411643981934,6.135151386260986
89600,2,enc,8.715819358825684,0.5564810633659363,0.1158447265625,6.250140190124512,6.250140190124512
89600,0,fcst,3.952399492263794,0.7241772413253784,0.2005615234375,6.219342231750488,5.19155740737915
89600,1,fcst,6.24315071105957,0.6866400241851807,0.27783203125,5.200416564941406,5.141624927520752
89600,2,fcst,6.026480197906494,0.5803474187850952,0.2080078125,3.674225330352783,3.4121930599212646
89600,0,enc,9.735655784606934,0.4369050860404968,0.26904296875,0.8635961413383484,5.035627365112305
89600,1,enc,9.229412078857422,0.4621051847934723,0.0966796875,5.264562606811523,5.410802841186523
89600,2,enc,8.926582336425781,0.3195692300796509,0.1026611328125,5.409229755401611,5.217945575714111
89800,0,enc,9.75622272491455,0.5175854563713074,0.297607421875,0.9447094202041626,5.696054458618164
89800,1,enc,9.126667976379395,0.49340295791625977,0.15771484375,5.922952651977539,5.817565441131592
89800,2,enc,8.625657081604004,0.4703431725502014,0.11138916015625,5.829916000366211,5.979513168334961
89800,0,fcst,4.012093544006348,0.7317496538162231,0.2381591796875,5.8592681884765625,5.711982250213623
89800,1,fcst,6.009099960327148,0.5881926417350769,0.25732421875,5.705844402313232,4.524203777313232
89800,2,fcst,5.745040416717529,0.5698249340057373,0.200439453125,3.359658718109131,3.280060052871704
89800,0,enc,9.750664710998535,0.4834540784358978,0.27099609375,0.8870412707328796,4.714448928833008
89800,1,enc,9.400299072265625,0.4845041334629059,0.09332275390625,4.916647434234619,4.836255073547363
89800,2,enc,8.610002517700195,0.43020951747894287,0.09942626953125,4.849241733551025,5.199583530426025
90000,0,enc,9.73460578918457,0.41510629653930664,0.27978515625,0.9173604846000671,5.505314350128174
90000,1,enc,9.28318977355957,0.462207168340683,0.1478271484375,5.901153087615967,5.901153087615967
90000,2,enc,8.908432006835938,0.5773265361785889,0.11480712890625,5.856577396392822,6.122583866119385
90000,0,fcst,3.8478777408599854,0.7408777475357056,0.2349853515625,6.046443462371826,5.872124195098877
90000,1,fcst,6.134634971618652,0.6294432282447815,0.26171875,5.851752758026123,4.890923500061035
90000,2,fcst,5.66574764251709,0.6445995569229126,0.202880859375,3.601140022277832,2.897437810897827
90000,0,enc,9.719149589538574,0.4140985906124115,0.251220703125,0.8545025587081909,5.3626322746276855
90000,1,enc,9.264508247375488,0.43806973099708557,0.08880615234375,5.582899570465088,5.429457187652588
90000,2,enc,8.864913940429688,0.2997351288795471,0.106689453125,5.440732479095459,5.431607723236084
90200,0,enc,9.799060821533203,0.4160851836204529,0.26806640625,0.9102992415428162,6.082747936248779
90200,1,enc,9.403740882873535,0.47965478897094727,0.15478515625,6.300508499145508,6.172402381896973
90200,2,enc,8.501395225524902,0.5624866485595703,0.10430908203125,6.113935947418213,6.318994045257568
90200,0,fcst,3.8624136447906494,0.7406525015830994,0.2066650390625,6.196563243865967,5.695261001586914
90200,1,fcst,6.114420413970947,0.5884201526641846,0.24853515625,5.697475910186768,4.587944507598877
90200,2,fcst,5.748739719390869,0.593782365322113,0.2025146484375,4.587944507598877,3.120417594909668
90200,0,enc,9.77877426147461,0.4100768566131592,0.2607421875,0.8394979238510132,5.042095184326172
90200,1,enc,9.582545280456543,0.44640854001045227,0.09674072265625,5.247487545013428,5.136159420013428
90200,2,enc,8.76449966430664,0.3932035565376282,0.09930419921875,5.105160713195801,5.449398994445801
90400,0,enc,9.806900978088379,0.4480065107345581,0.272705078125,0.9085177779197693,5.4439377784729
90400,1,enc,9.406254768371582,0.44878455996513367,0.133544921875,5.520694255828857,5.632492542266846
90400,2,enc,8.903491020202637,0.6269569993019104,0.1226806640625,5.828393936157227,6.216097831726074
90400,0,fcst,3.8815290927886963,0.7301576733589172,0.19921875,6.173556804656982,5.599555015563965
90400,1,fcst,6.218847751617432,0.6119703650474548,0.25537109375,5.610447406768799,4.3183441162109375
90400,2,fcst,5.736173629760742,0.5790219306945801,0.1962890625,4.2421746253967285,2.878960609436035
90400,0,enc,9.811397552490234,0.4419955015182495,0.244384765625,0.8882059454917908,4.64580774307251
90400,1,enc,9.602938652038574,0.4431823492050171,0.093994140625,4.797093391418457,4.941746711730957
90400,2,enc,8.843963623046875,0.35098469257354736,0.11431884765625,5.034058094024658,5.438843250274658
90600,0,enc,9.874288558959961,0.45571544766426086,0.24365234375,0.8887379169464111,5.852341651916504
90600,1,enc,9.532607078552246,0.4829377233982086,0.1646728515625,6.027370452880859,5.80140495300293
90600,2,enc,8.77182388305664,0.7636067867279053,0.1123046875,5.849021911621094,6.329164981842041
90600,0,fcst,3.8977084159851074,0.7449597716331482,0.1942138671875,6.282206058502197,5.831088542938232
90600,1,fcst,5.995558261871338,0.6074063181877136,0.256591796875,5.810193061828613,4.807588577270508
90600,2,fcst,5.822197914123535,0.6383606195449829,0.2061767578125,2.873094081878662,2.873094081878662
90600,0,enc,9.82352352142334,0.45362991094589233,0.22216796875,0.9062124490737915,5.021883010864258
90600,1,enc,9.593125343322754,0.43551304936408997,0.10101318359375,5.243066787719727,5.019433975219727
90600,2,enc,8.781037330627441,0.3816032409667969,0.11578369140625,5.007433891296387,5.172898769378662
90800,0,enc,9.95815372467041,0.3955739736557007,0.2734375,1.0435962677001953,6.305915355682373
90800,1,enc,9.458898544311523,0.5397959351539612,0.146728515625,6.422804832458496,6.410616874694824
90800,2,enc,8.537904739379883,0.5145394206047058,0.1246337890625,6.384850978851318,6.135979175567627
90800,0,fcst,3.9603726863861084,0.7915022373199463,0.207275390625,6.025866508483887,5.439929008483887
90800,1,fcst,6.247041702270508,0.6469752788543701,0.260009765625,5.428122043609619,4.179114818572998
90800,2,fcst,5.640097618103027,0.6321510076522827,0.2010498046875,3.600759506225586,2.871933937072754
90800,0,enc,9.93160343170166,0.38620585203170776,0.243408203125,0.8698134422302246,5.005935192108154
90800,1,enc,9.613945007324219,0.5678420662879944,0.1123046875,5.208034515380859,4.988063812255859
90800,2,enc,8.797811508178711,0.37314796447753906,0.10150146484375,5.079220771789551,5.297238349914551
91000,0,enc,10.032621383666992,0.45508527755737305,0.30712890625,0.9647230505943298,5.688462734222412
91000,1,enc,9.458243370056152,0.5397137999534607,0.12237548828125,5.986560821533203,5.711495876312256
91000,2,enc,8.890609741210938,0.49897730350494385,0.1077880859375,5.716756343841553,5.643050670623779
91000,0,fcst,3.9203832149505615,0.9170287847518921,0.208251953125,5.528826713562012,5.001211643218994
91000,1,fcst,6.2330427169799805,0.7117934823036194,0.240234375,5.011718273162842,4.299595355987549
91000,2,fcst,5.84480619430542,0.6217266321182251,0.2015380859375,3.425063133239746,2.9025306701660156
91000,0,enc,10.045472145080566,0.45277926325798035,0.2412109375,0.8931222558021545,5.091996192932129
91000,1,enc,9.645370483398438,0.49001431465148926,0.10455322265625,5.358119964599609,5.110439300537109
91000,2,enc,8.849695205688477,0.37743839621543884,0.0966796875,5.160243511199951,5.109035015106201
91200,0,enc,10.098348617553711,0.4477793574333191,0.288818359375,0.9591955542564392,5.840292453765869
91200,1,enc,9.485466003417969,0.539006233215332,0.1435546875,5.85584020614624,5.920503616333008
91200,2,enc,8.634580612182617,0.611065149307251,0.10833740234375,6.094499588012695,6.119795322418213
91200,0,fcst,3.928138256072998,0.7530201077461243,0.2325439453125,6.119795322418213,5.374474048614502
91200,1,fcst,6.283936977386475,0.5890647768974304,0.25927734375,5.38096809387207,4.534338474273682
91200,2,fcst,5.858869552612305,0.6397659778594971,0.202880859375,4.333876132965088,3.2009975910186768
91200,0,enc,10.109138488769531,0.4255532920360565,0.24609375,0.8299983739852905,4.709856033325195
91200,1,enc,9.735367774963379,0.4967014789581299,0.08331298828125,4.8589982986450195,4.9172868728637695
91200,2,enc,8.624774932861328,0.29515859484672546,0.10357666015625,4.92950963973999,4.894245147705078
91400,0,enc,10.081221580505371,0.4648735821247101,0.25830078125,0.8959422707557678,5.495953559875488
91400,1,enc,9.349146842956543,0.5526229739189148,0.1480712890625,5.726353168487549,5.594788551330566
91400,2,enc,8.851486206054688,0.6111239194869995,0.1082763671875,5.662496089935303,6.108730792999268
91400,0,fcst,3.946096420288086,0.7373194694519043,0.2059326171875,6.013815879821777,5.24070405960083
91400,1,fcst,6.277414798736572,0.5955780148506165,0.239990234375,5.242206573486328,4.008482456207275
91400,2,fcst,5.809276103973389,0.617656409740448,0.2083740234375,3.473261594772339,3.316108226776123
91400,0,enc,10.082294464111328,0.43623384833335876,0.25439453125,0.8721808791160583,5.238821983337402
91400,1,enc,9.495631217956543,0.5263070464134216,0.08428955078125,5.240548610687256,5.000558376312256
91400,2,enc,8.66532039642334,0.44553375244140625,0.09307861328125,5.087690353393555,5.191394329071045
91600,0,enc,10.309430122375488,0.49521827697753906,0.273681640625,0.9097084403038025,6.303925037384033
91600,1,enc,9.483259201049805,0.5296827554702759,0.1259765625,6.5373148918151855,6.584583282470703
91600,2,enc,8.533368110656738,0.5537944436073303,0.11993408203125,6.73881196975708,6.830771446228027
91600,0,fcst,3.9478981494903564,0.6612531542778015,0.253173828125,6.730798244476318,6.730798244476318
91600,1,fcst,6.362766742706299,0.6624308228492737,0.23583984375,6.7188801765441895,5.520963668823242
91600,2,fcst,5.9196648597717285,0.6349098682403564,0.202392578125,4.678136825561523,2.7874581813812256
91600,0,enc,10.29740047454834,0.48784613609313965,0.24755859375,0.9049445986747742,5.0043745040893555
91600,1,enc,9.45954418182373,0.49198079109191895,0.102294921875,5.1987128257751465,5.144596576690674
91600,2,enc,8.212034225463867,0.34630268812179565,0.10272216796875,5.196030139923096,5.341977119445801
91800,0,enc,10.311668395996094,0.4336469769477844,0.25048828125,0.9068447947502136,5.616634368896484
91800,1,enc,9.341842651367188,0.5109810829162598,0.1219482421875,5.895205020904541,5.543371200561523
91800,2,enc,8.746124267578125,0.5879799723625183,0.0948486328125,5.69858980178833,5.745375633239746
91800,0,fcst,3.9630279541015625,0.7100721597671509,0.2176513671875,5.66122579574585,5.601459503173828
91800,1,fcst,6.272746562957764,0.5942532420158386,0.2183837890625,5.593233585357666,4.227130889892578
91800,2,fcst,5.627237319946289,0.5835591554641724,0.1910400390625,2.657043933868408,2.6916632652282715
91800,0,enc,10.312660217285156,0.4051591455936432,0.2271728515625,0.8563002347946167,4.734717845916748
91800,1,enc,9.382672309875488,0.49503013491630554,0.106689453125,4.923282623291016,4.822635650634766
91800,2,enc,8.646502494812012,0.32398778200149536,0.1014404296875,4.988935470581055,4.807416915893555
92000,0,enc,10.160320281982422,0.4437578022480011,0.316650390625,0.9691102504730225,5.193724632263184
92000,1,enc,9.643082618713379,0.5312144160270691,0.140380859375,5.32213830947876,5.1904377937316895
92000,2,enc,8.650111198425293,0.47835224866867065,0.094970703125,5.255244731903076,5.18339729309082
92000,0,fcst,3.8659327030181885,0.7383888363838196,0.21533203125,5.0987443923950195,4.498261451721191
92000,1,fcst,6.112661838531494,0.6004422307014465,0.2227783203125,4.507694244384766,4.4660258293151855
92000,2,fcst,5.814128875732422,0.6068037152290344,0.193359375,3.521162271499634,2.7141237258911133
92000,0,enc,10.192261695861816,0.4505952298641205,0.269287109375,0.8985968828201294,5.1181960105896
92000,1,enc,9.562886238098145,0.5015731453895569,0.0963134765625,5.320021152496338,5.173419952392578
92000,2,enc,8.503479957580566,0.31128764152526855,0.0963134765625,5.247536659240723,5.2961859703063965
92200,0,enc,10.145572662353516,0.4476814568042755,0.284912109375,0.9252349734306335,5.767914295196533
92200,1,enc,9.312216758728027,0.5240909457206726,0.1260986328125,6.0174031257629395,5.864950656890869
92200,2,enc,8.502909660339355,0.5927898287773132,0.10797119140625,5.864950656890869,5.888522148132324
92200,0,fcst,3.8622124195098877,0.730709433555603,0.235595703125,5.792208194732666,5.44640588760376
92200,1,fcst,6.2104926109313965,0.5783486366271973,0.2177734375,5.41684103012085,5.0945563316345215
92200,2,fcst,5.703855514526367,0.5261750221252441,0.1826171875,3.18747615814209,2.7892637252807617
92200,0,enc,10.130620002746582,0.4521764814853668,0.253662109375,0.8520821928977966,5.342793941497803
92200,1,enc,9.295973777770996,0.4703967571258545,0.09210205078125,5.550037860870361,5.417591571807861
92200,2,enc,8.6876802444458,0.2980221211910248,0.10296630859375,5.503500938415527,5.522162437438965
92400,0,enc,10.209725379943848,0.4741971492767334,0.27490234375,1.0016332864761353,5.33329963684082
92400,1,enc,9.259955406188965,0.5413956046104431,0.13720703125,5.520786762237549,5.310419082641602
92400,2,enc,8.338619232177734,0.6146788001060486,0.0968017578125,5.380129337310791,5.546597480773926
92400,0,fcst,3.9399170875549316,0.7082573771476746,0.23291015625,5.451484680175781,4.599705219268799
92400,1,fcst,6.169300556182861,0.5911986231803894,0.205322265625,4.590625286102295,4.1197967529296875
92400,2,fcst,5.836068153381348,0.5710355639457703,0.19873046875,2.93141508102417,2.7392423152923584
92400,0,enc,10.212528228759766,0.4638446867465973,0.25439453125,0.8374778032302856,4.538506031036377
92400,1,enc,9.383541107177734,0.5061480402946472,0.08831787109375,4.7207489013671875,4.5413055419921875
92400,2,enc,8.546854972839355,0.3207523822784424,0.10308837890625,4.6485419273376465,4.696552753448486
92600,0,enc,10.262353897094727,0.4893563985824585,0.275634765625,0.9678448438644409,5.769585609436035
92600,1,enc,8.916111946105957,0.5267504453659058,0.1702880859375,6.1671857833862305,5.926571846008301
92600,2,enc,8.385649681091309,0.6456255316734314,0.10089111328125,5.94568395614624,6.01953649520874
92600,0,fcst,3.973320245742798,0.7165032625198364,0.21923828125,5.918240547180176,5.08089542388916
92600,1,fcst,6.110585689544678,0.6075553894042969,0.2044677734375,5.080258846282959,4.506114959716797
92600,2,fcst,5.7994465827941895,0.609160840511322,0.20361328125,4.250774383544922,3.241710662841797
92600,0,enc,10.266175270080566,0.48178356885910034,0.2420654296875,0.9624161124229431,5.3749775886535645
92600,1,enc,9.117654800415039,0.570632815361023,0.11883544921875,5.585373878479004,5.399094581604004
92600,2,enc,8.582085609436035,0.34219080209732056,0.0977783203125,5.47474479675293,5.34620475769043
92800,0,enc,10.313593864440918,0.47347915172576904,0.2666015625,0.8419801592826843,5.832425594329834
92800,1,enc,9.310627937316895,0.5598623156547546,0.162109375,5.88279914855957,5.553480625152588
92800,2,enc,8.357125282287598,0.5634663105010986,0.0966796875,5.55479097366333,5.6451802253723145
92800,0,fcst,3.9946277141571045,0.6745631098747253,0.2049560546875,5.579544544219971,5.579544544219971
92800,1,fcst,6.090645790100098,0.5776644349098206,0.1986083984375,5.532493591308594,5.532493591308594
92800,2,fcst,5.904386520385742,0.6060566902160645,0.197265625,3.281497001647949,2.7348475456237793
92800,0,enc,10.318202018737793,0.47969505190849304,0.249267578125,0.9546374678611755,5.068878650665283
92800,1,enc,9.300729751586914,0.5118752717971802,0.11859130859375,5.24131441116333,5.12131929397583
92800,2,enc,8.194313049316406,0.3680378794670105,0.10186767578125,5.151411533355713,5.133009433746338
93000,0,enc,10.325904846191406,0.5026150345802307,0.252197265625,0.9853023886680603,6.056119441986084
93000,1,enc,9.078227043151855,0.5508214831352234,0.164794921875,6.193113327026367,6.193113327026367
93000,2,enc,8.085521697998047,0.46985453367233276,0.11810302734375,6.229290962219238,5.905397891998291
93000,0,fcst,3.981717586517334,0.7043606638908386,0.262451171875,5.828645706176758,5.06909704208374
93000,1,fcst,6.060333728790283,0.5150205492973328,0.1873779296875,5.056119441986084,4.197287082672119
93000,2,fcst,5.767526149749756,0.569229006767273,0.1798095703125,2.9396262168884277,2.58225679397583
93000,0,enc,10.346576690673828,0.5193584561347961,0.2393798828125,0.8539898991584778,4.991433620452881
93000,1,enc,9.282058715820312,0.4913862645626068,0.10552978515625,5.1551899909973145,4.9482808113098145
93000,2,enc,8.270771026611328,0.3766424357891083,0.08856201171875,4.9323296546936035,4.8505425453186035
93200,0,enc,10.419440269470215,0.5200443267822266,0.239013671875,1.0063163042068481,5.283365726470947
93200,1,enc,9.125755310058594,0.5694456100463867,0.1483154296875,5.363071441650391,5.282708644866943
93200,2,enc,8.165799140930176,0.5990937948226929,0.10528564453125,5.443145751953125,5.571329593658447
93200,0,fcst,3.9557487964630127,0.6705109477043152,0.2120361328125,5.476284027099609,5.170084476470947
93200,1,fcst,6.105129241943359,0.5717960000038147,0.2125244140625,5.168415546417236,4.370347023010254
93200,2,fcst,5.639760971069336,0.645001232624054,0.208984375,3.1370692253112793,3.1370692253112793
93200,0,enc,10.441450119018555,0.5193684697151184,0.2283935546875,0.931829035282135,4.408286094665527
93200,1,enc,9.179183006286621,0.5480164289474487,0.102294921875,4.538547039031982,4.436930179595947
93200,2,enc,8.10081958770752,0.3417431116104126,0.1190185546875,4.589151382446289,4.664712905883789
93400,0,enc,10.619680404663086,0.5074453353881836,0.253662109375,0.9028799533843994,5.236367702484131
93400,1,enc,8.99177074432373,0.5181300044059753,0.1436767578125,5.37256383895874,5.047314167022705
93400,2,enc,8.286003112792969,0.48102667927742004,0.11529541015625,5.1221184730529785,5.085181713104248
93400,0,fcst,3.946195125579834,0.654998242855072,0.203369140625,4.99260950088501,4.485334873199463
93400,1,fcst,6.160617351531982,0.5747284293174744,0.2069091796875,4.492394924163818,3.652332305908203
93400,2,fcst,5.903054237365723,0.5906143188476562,0.20849609375,3.284649133682251,2.8191542625427246
93400,0,enc,10.60421085357666,0.49826905131340027,0.220703125,0.8741803765296936,4.466361999511719
93400,1,enc,9.171693801879883,0.5876833200454712,0.12420654296875,4.656332969665527,4.473837852478027
93400,2,enc,7.988624095916748,0.3310803472995758,0.10009765625,4.528209686279297,4.627330780029297
93600,0,enc,10.718894004821777,0.5512880086898804,0.29833984375,1.0970301628112793,5.0219597816467285
93600,1,enc,9.067930221557617,0.5216903686523438,0.17626953125,5.258647918701172,5.258647918701172
93600,2,enc,7.832374572753906,0.5028069615364075,0.10406494140625,5.366177558898926,5.1490278244018555
93600,0,fcst,3.9773905277252197,0.7349317669868469,0.2149658203125,5.055449962615967,4.4439544677734375
93600,1,fcst,6.079275608062744,0.6010408997535706,0.1802978515625,4.4329514503479,3.591480016708374
93600,2,fcst,5.84738826751709,0.5856674909591675,0.1846923828125,3.591480016708374,2.69677734375
93600,0,enc,10.717803001403809,0.566626787185669,0.229736328125,0.9786933064460754,4.194544315338135
93600,1,enc,9.144999504089355,0.5435686707496643,0.10723876953125,4.400138854980469,4.173332214355469
93600,2,enc,7.844535827636719,0.357499897480011,0.09722900390625,4.2667694091796875,4.2996673583984375
93800,0,enc,10.760649681091309,0.5214044451713562,0.26416015625,1.0227534770965576,5.8528265953063965
93800,1,enc,8.994229316711426,0.5363159775733948,0.1766357421875,6.095597743988037,5.84372615814209
93800,2,enc,8.107182502746582,0.5232691168785095,0.10858154296875,5.944068431854248,6.014055252075195
93800,0,fcst,4.005209445953369,0.6402838230133057,0.21826171875,5.908440589904785,4.998067378997803
93800,1,fcst,6.094324111938477,0.6135865449905396,0.187255859375,4.998067378997803,3.995809316635132
93800,2,fcst,5.747912883758545,0.5405884981155396,0.1981201171875,2.713134765625,2.5186493396759033
93800,0,enc,10.759210586547852,0.5169646739959717,0.2403564453125,0.9528485536575317,4.91097354888916
93800,1,enc,9.050620079040527,0.501708447933197,0.12396240234375,5.09868049621582,4.83525276184082
93800,2,enc,7.5117597579956055,0.3063186705112457,0.10968017578125,4.924983501434326,4.960719585418701
94000,0,enc,10.84004020690918,0.5040112733840942,0.25537109375,0.9284584522247314,5.3534932136535645
94000,1,enc,8.976693153381348,0.4766741096973419,0.1417236328125,5.624253749847412,5.4217209815979
94000,2,enc,8.098492622375488,0.4611428678035736,0.10113525390625,5.538253307342529,5.53354024887085
94000,0,fcst,4.008901119232178,0.6740809679031372,0.2459716796875,5.461268424987793,4.899202346801758
94000,1,fcst,6.110654354095459,0.6134330630302429,0.2105712890625,4.911755561828613,4.50752592086792
94000,2,fcst,5.8047776222229,0.5746690034866333,0.1973876953125,3.200866222381592,3.1615359783172607
94000,0,enc,10.827880859375,0.5052591562271118,0.224609375,0.8771372437477112,4.506998538970947
94000,1,enc,8.914047241210938,0.47474971413612366,0.10888671875,4.728788375854492,4.618253707885742
94000,2,enc,7.782131671905518,0.3264144957065582,0.1048583984375,4.783628463745117,4.844907760620117
94200,0,enc,10.852766990661621,0.48305901885032654,0.2386474609375,0.9478814601898193,5.255940914154053
94200,1,enc,8.665268898010254,0.5173534750938416,0.174072265625,5.493005752563477,5.268260955810547
94200,2,enc,8.191060066223145,0.5389623045921326,0.0938720703125,5.446146488189697,5.304881572723389
94200,0,fcst,4.005082607269287,0.7407392263412476,0.1845703125,5.222846508026123,4.60923957824707
94200,1,fcst,6.120753288269043,0.680310845375061,0.2001953125,4.60773229598999,4.60773229598999
94200,2,fcst,5.879934310913086,0.6608342528343201,0.2064208984375,3.080798387527466,2.771404504776001
94200,0,enc,10.843544960021973,0.47402215003967285,0.2105712890625,0.9496977925300598,4.743928909301758
94200,1,enc,8.790831565856934,0.5149896740913391,0.10321044921875,4.934133529663086,4.825429916381836
94200,2,enc,7.984158039093018,0.4665987491607666,0.094970703125,4.891259670257568,4.913018703460693
94400,0,enc,10.817744255065918,0.5209023356437683,0.25634765625,1.061467170715332,5.290675640106201
94400,1,enc,8.701094627380371,0.5205695629119873,0.2127685546875,5.401776313781738,5.081185340881348
94400,2,enc,7.71706485748291,0.5001462697982788,0.1080322265625,5.2121968269348145,5.176525115966797
94400,0,fcst,4.015713214874268,0.6681767106056213,0.1937255859375,5.075932502746582,4.754047870635986
94400,1,fcst,6.221786975860596,0.6708709597587585,0.1961669921875,4.754899501800537,4.396980285644531
94400,2,fcst,5.772108554840088,0.5827617645263672,0.1900634765625,4.396980285644531,3.4139437675476074
94400,0,enc,10.793821334838867,0.5227218270301819,0.2337646484375,1.0277397632598877,4.8000030517578125
94400,1,enc,8.944430351257324,0.5257183909416199,0.1339111328125,4.920672416687012,4.765887260437012
94400,2,enc,7.754242420196533,0.32017290592193604,0.103759765625,4.808746814727783,4.702118396759033
94600,0,enc,10.713508605957031,0.47729867696762085,0.2421875,0.9395280480384827,5.064751625061035
94600,1,enc,8.657962799072266,0.4993736445903778,0.174072265625,5.263583183288574,5.103264331817627
94600,2,enc,7.940989971160889,0.49927839636802673,0.10040283203125,5.174409866333008,4.8651652336120605
94600,0,fcst,4.169624328613281,0.725959300994873,0.2568359375,4.79009485244751,4.009823799133301
94600,1,fcst,6.053253173828125,0.699249267578125,0.17919921875,3.99255108833313,3.6994097232818604
94600,2,fcst,5.8968400955200195,0.5799759030342102,0.1962890625,2.970913887023926,2.7244997024536133
94600,0,enc,10.759435653686523,0.48403868079185486,0.22265625,0.8968257308006287,4.237285614013672
94600,1,enc,8.681456565856934,0.539335310459137,0.153076171875,4.334351062774658,4.237305164337158
94600,2,enc,7.891907691955566,0.4520336985588074,0.103271484375,4.371313095092773,4.296926498413086
94800,0,enc,10.758516311645508,0.4773983061313629,0.25341796875,0.9738906621932983,4.163341522216797
94800,1,enc,8.553373336791992,0.5404027700424194,0.197021484375,4.261566162109375,3.9893715381622314
94800,2,enc,7.86840295791626,0.4176124334335327,0.09649658203125,4.123957633972168,4.174962043762207
94800,0,fcst,4.111228942871094,0.6524497866630554,0.297607421875,4.111615180969238,3.5028910636901855
94800,1,fcst,6.0888752937316895,0.6053757667541504,0.197021484375,3.4946165084838867,3.35835337638855
94800,2,fcst,5.799052715301514,0.602807879447937,0.19287109375,3.536691904067993,3.0432565212249756
94800,0,enc,10.767122268676758,0.48409226536750793,0.2265625,0.8268421292304993,3.9226348400115967
94800,1,enc,8.69485092163086,0.5412801504135132,0.13720703125,4.08352518081665,3.9721360206604004
94800,2,enc,7.816096305847168,0.31566229462623596,0.09039306640625,4.150912761688232,4.308356285095215
95000,0,enc,10.721854209899902,0.45022866129875183,0.2493896484375,1.149488925933838,5.0091705322265625
95000,1,enc,8.750157356262207,0.5248324871063232,0.197509765625,5.006744861602783,4.7398176193237305
95000,2,enc,7.9451212882995605,0.5472201704978943,0.11102294921875,4.97339391708374,5.1527018547058105
95000,0,fcst,4.101051330566406,0.6751542687416077,0.2445068359375,5.097323417663574,4.497280120849609
95000,1,fcst,6.1006059646606445,0.6058470606803894,0.1927490234375,4.516926288604736,3.5360233783721924
95000,2,fcst,6.073476314544678,0.5414161086082458,0.1917724609375,2.5669078826904297,2.727078914642334
95000,0,enc,10.736729621887207,0.4523485600948334,0.22119140625,0.8430644869804382,4.052078723907471
95000,1,enc,8.725458145141602,0.4850485026836395,0.161376953125,4.2372307777404785,3.9237542152404785
95000,2,enc,7.977529525756836,0.3295237720012665,0.108154296875,4.033522129058838,3.9885032176971436
95200,0,enc,10.675371170043945,0.48784735798835754,0.2379150390625,0.9730333685874939,4.2632317543029785
95200,1,enc,8.775971412658691,0.5360019207000732,0.1717529296875,4.454892158508301,4.241637229919434
95200,2,enc,7.6724958419799805,0.49351024627685547,0.09429931640625,4.502846717834473,4.32489538192749
95200,0,fcst,4.129805564880371,0.6577239036560059,0.258544921875,4.228885173797607,3.4910378456115723
95200,1,fcst,6.052165985107422,0.5701984167098999,0.1973876953125,3.4999327659606934,3.4999327659606934
95200,2,fcst,5.7851152420043945,0.5738204717636108,0.2015380859375,2.8616933822631836,2.74543833732605
95200,0,enc,10.686573028564453,0.48022618889808655,0.223388671875,0.8299077153205872,3.7242443561553955
95200,1,enc,8.914064407348633,0.46551457047462463,0.158203125,3.917933225631714,3.725550413131714
95200,2,enc,7.5357561111450195,0.31930163502693176,0.08990478515625,3.8818674087524414,3.8799877166748047
95400,0,enc,10.646058082580566,0.5126580595970154,0.2398681640625,0.907934844493866,4.860032081604004
95400,1,enc,8.682075500488281,0.5420202016830444,0.268310546875,5.120522499084473,5.120522499084473
95400,2,enc,7.715306282043457,0.5144280195236206,0.0985107421875,5.120522499084473,4.773571491241455
95400,0,fcst,4.133447170257568,0.7441335916519165,0.2100830078125,4.720362663269043,4.114351272583008
95400,1,fcst,6.22043514251709,0.6214101314544678,0.1845703125,4.135743618011475,3.415257453918457
95400,2,fcst,5.885166645050049,0.5898892879486084,0.2147216796875,2.7490317821502686,2.786059856414795
95400,0,enc,10.670062065124512,0.5119960904121399,0.212158203125,0.8339732885360718,4.256381988525391
95400,1,enc,8.759869575500488,0.5181002616882324,0.12457275390625,4.428678035736084,4.181485652923584
95400,2,enc,7.705168724060059,0.36725303530693054,0.107666015625,4.332939624786377,4.166801929473877
95600,0,enc,10.586527824401855,0.49623462557792664,0.234375,0.9594101309776306,4.7193989753723145
95600,1,enc,8.62455940246582,0.5398881435394287,0.1767578125,4.849737167358398,4.682500839233398
95600,2,enc,7.8325066566467285,0.41166919469833374,0.1044921875,4.880220413208008,4.751913070678711
95600,0,fcst,4.12818717956543,0.8192889094352722,0.203125,4.623169898986816,4.258391380310059
95600,1,fcst,6.105715274810791,0.6768243312835693,0.191650390625,4.236770153045654,3.8693838119506836
95600,2,fcst,5.884677886962891,0.5146757960319519,0.18701171875,2.9905154705047607,2.568239212036133
95600,0,enc,10.638846397399902,0.48347777128219604,0.2149658203125,0.817173421382904,3.9417452812194824
95600,1,enc,8.758537292480469,0.5323502421379089,0.13427734375,4.098124027252197,4.058725833892822
95600,2,enc,7.724982261657715,0.32158663868904114,0.10394287109375,4.202247619628906,4.269569396972656
95800,0,enc,10.541357040405273,0.45624998211860657,0.253173828125,1.097914218902588,4.405245304107666
95800,1,enc,8.462851524353027,0.5594375133514404,0.1671142578125,4.621561050415039,4.442389011383057
95800,2,enc,7.496576309204102,0.44462209939956665,0.0904541015625,4.647529125213623,4.765259265899658
95800,0,fcst,3.959411859512329,0.7110855579376221,0.219482421875,4.665781021118164,4.3188300132751465
95800,1,fcst,5.95298957824707,0.7479081749916077,0.1925048828125,4.304154396057129,3.752861499786377
95800,2,fcst,5.831660270690918,0.540748655796051,0.2059326171875,3.788444757461548,3.234245538711548
95800,0,enc,10.540234565734863,0.45964616537094116,0.218994140625,0.9313434958457947,3.885401487350464
95800,1,enc,8.65077018737793,0.5538603067398071,0.12115478515625,4.095077991485596,3.9780125617980957
95800,2,enc,7.585694313049316,0.3599511981010437,0.10516357421875,4.177852630615234,4.301631927490234
96000,0,enc,10.438593864440918,0.500261664390564,0.234130859375,0.9440150260925293,4.872851848602295
96000,1,enc,8.561103820800781,0.5212126970291138,0.1866455078125,5.021320343017578,4.800644397735596
96000,2,enc,7.378559589385986,0.5541109442710876,0.10662841796875,4.877762317657471,4.598970890045166
96000,0,fcst,4.038585662841797,0.6737962961196899,0.2413330078125,4.513312339782715,3.918694257736206
96000,1,fcst,6.1842756271362305,0.655339241027832,0.177734375,3.939565896987915,3.3559322357177734
96000,2,fcst,5.694609642028809,0.6229434609413147,0.1922607421875,3.133901834487915,2.799567461013794
96000,0,enc,10.411857604980469,0.4911806583404541,0.2034912109375,0.8261545896530151,3.979213237762451
96000,1,enc,8.590331077575684,0.5160481333732605,0.1275634765625,4.165267467498779,3.9825282096862793
96000,2,enc,7.533697605133057,0.3613591194152832,0.09674072265625,4.112284183502197,4.103048324584961
96200,0,enc,10.41144847869873,0.43306082487106323,0.2266845703125,0.846481442451477,3.769418478012085
96200,1,enc,8.536384582519531,0.5926224589347839,0.1619873046875,3.992514133453369,3.8347721099853516
96200,2,enc,7.543869495391846,0.4532560408115387,0.10516357421875,3.977504014968872,3.977504014968872
96200,0,fcst,4.07662296295166,0.6699373722076416,0.213134765625,3.861570358276367,3.5986616611480713
96200,1,fcst,6.038066864013672,0.6109694242477417,0.182861328125,3.634270668029785,2.64739990234375
96200,2,fcst,5.972325801849365,0.5858830213546753,0.19873046875,2.478881597518921,2.326555013656616
96200,0,enc,10.422924995422363,0.43808457255363464,0.204833984375,0.8488085269927979,3.607128858566284
96200,1,enc,8.742403984069824,0.46858564019203186,0.13232421875,3.726888656616211,3.685445785522461
96200,2,enc,7.504341125488281,0.30377137660980225,0.08355712890625,3.9266300201416016,4.229120254516602
96400,0,enc,10.47234058380127,0.45412635803222656,0.234619140625,0.9302389621734619,5.034162998199463
96400,1,enc,8.570636749267578,0.558630645275116,0.1856689453125,5.142679691314697,4.842929363250732
96400,2,enc,7.3537983894348145,0.4455524682998657,0.1025390625,5.084589004516602,5.073297500610352
96400,0,fcst,4.145934104919434,0.7321573495864868,0.248779296875,4.984262466430664,4.577522277832031
96400,1,fcst,6.288897514343262,0.5565348267555237,0.19580078125,4.577522277832031,3.68288254737854
96400,2,fcst,5.88007926940918,0.5406355857849121,0.184326171875,3.2443735599517822,2.803382635116577
96400,0,enc,10.4883451461792,0.4632192552089691,0.205810546875,0.8804256916046143,3.9414639472961426
96400,1,enc,8.712740898132324,0.5068649053573608,0.139892578125,4.146047592163086,3.835256576538086
96400,2,enc,7.346720218658447,0.3165380656719208,0.094970703125,4.02573823928833,3.9928860664367676
96600,0,enc,10.405795097351074,0.48283451795578003,0.2069091796875,0.9746548533439636,4.528864860534668
96600,1,enc,8.711682319641113,0.5154329538345337,0.17578125,4.7623820304870605,4.554184436798096
96600,2,enc,7.816924095153809,0.39498424530029297,0.12841796875,4.626587867736816,4.457859516143799
96600,0,fcst,4.10366678237915,0.6981370449066162,0.2275390625,4.326075553894043,3.677204132080078
96600,1,fcst,6.2551703453063965,0.6003031730651855,0.184814453125,3.701627016067505,2.964322328567505
96600,2,fcst,5.89878511428833,0.5560831427574158,0.1859130859375,4.034876823425293,3.542797803878784
96600,0,enc,10.34892749786377,0.496868759393692,0.1951904296875,0.8908962607383728,4.218243598937988
96600,1,enc,8.707730293273926,0.517105221748352,0.137939453125,4.411486625671387,4.072375297546387
96600,2,enc,7.769480228424072,0.28445467352867126,0.09930419921875,4.26027774810791,4.341942310333252
96800,0,enc,10.360556602478027,0.46372830867767334,0.2352294921875,1.0120254755020142,4.3044867515563965
96800,1,enc,8.33253002166748,0.49303239583969116,0.1986083984375,4.492034912109375,4.087032794952393
96800,2,enc,7.563718318939209,0.6156398057937622,0.106689453125,4.359222888946533,4.215993881225586
96800,0,fcst,4.121164321899414,0.6781944036483765,0.2646484375,4.139488220214844,3.8555667400360107
96800,1,fcst,6.264641284942627,0.5933915972709656,0.186767578125,3.8555667400360107,3.1795685291290283
96800,2,fcst,5.803974151611328,0.592104434967041,0.1768798828125,2.6325321197509766,2.472898244857788
96800,0,enc,10.315536499023438,0.4653376638889313,0.2117919921875,0.8965597152709961,3.8848278522491455
96800,1,enc,8.587998390197754,0.5017947554588318,0.13330078125,4.064332962036133,3.871462821960449
96800,2,enc,7.651373863220215,0.3195403218269348,0.09661865234375,4.176332473754883,4.250612258911133
97000,0,enc,10.226537704467773,0.4654472768306732,0.188232421875,1.1724052429199219,4.267023086547852
97000,1,enc,8.537870407104492,0.538902223110199,0.1739501953125,4.521017074584961,4.309046268463135
97000,2,enc,7.5998148918151855,0.4679011404514313,0.1053466796875,4.632810592651367,4.718870162963867
97000,0,fcst,4.2295308113098145,0.6898471713066101,0.23681640625,4.656002521514893,4.172061443328857
97000,1,fcst,6.081179618835449,0.5911438465118408,0.1785888671875,4.16583251953125,3.324903726577759
97000,2,fcst,5.759971618652344,0.574681282043457,0.1939697265625,3.078801155090332,2.4492344856262207
97000,0,enc,10.229756355285645,0.4811168611049652,0.1739501953125,0.8972090482711792,3.477557420730591
97000,1,enc,8.606985092163086,0.4882669150829315,0.1224365234375,3.70094633102417,3.55336332321167
97000,2,enc,7.313011646270752,0.35193726420402527,0.10137939453125,3.8118581771850586,3.8455874919891357
97200,0,enc,10.114389419555664,0.47705698013305664,0.1893310546875,0.914486289024353,4.893004894256592
97200,1,enc,8.395493507385254,0.4697209298610687,0.1739501953125,5.123040199279785,4.88568115234375
97200,2,enc,7.283663749694824,0.4364571273326874,0.09503173828125,4.88568115234375,4.88568115234375
97200,0,fcst,4.197057723999023,0.6093676090240479,0.275146484375,4.831333637237549,4.516934871673584
97200,1,fcst,6.089669704437256,0.6680122017860413,0.1878662109375,4.475713729858398,4.475713729858398
97200,2,fcst,5.832291603088379,0.5945923924446106,0.1907958984375,2.9601974487304688,2.8634939193725586
97200,0,enc,10.137923240661621,0.46678659319877625,0.17333984375,0.8487932085990906,3.7873430252075195
97200,1,enc,8.44520092010498,0.4877540171146393,0.1519775390625,4.036563396453857,3.8766512870788574
97200,2,enc,7.356753826141357,0.327058881521225,0.1015625,4.083654880523682,3.9733643531799316
97400,0,enc,10.083070755004883,0.5076607465744019,0.194091796875,0.9675439596176147,4.3990478515625
97400,1,enc,8.646246910095215,0.5133119225502014,0.1466064453125,4.602409362792969,4.390956401824951
97400,2,enc,7.267544746398926,0.4893842339515686,0.092041015625,4.756441116333008,4.618433952331543
97400,0,fcst,4.145833492279053,0.7264752388000488,0.263671875,4.507516384124756,3.917238712310791
97400,1,fcst,6.155400276184082,0.6062136292457581,0.1845703125,3.930016040802002,3.1553194522857666
97400,2,fcst,5.779130458831787,0.643308162689209,0.174560546875,2.7220306396484375,2.724024772644043
97400,0,enc,10.04867935180664,0.5041860938072205,0.180419921875,0.8390666246414185,3.684718370437622
97400,1,enc,8.693438529968262,0.4943156838417053,0.13525390625,3.846579074859619,3.687033176422119
97400,2,enc,7.18024206161499,0.3254747986793518,0.0870361328125,3.978670597076416,3.907259464263916
97600,0,enc,10.067022323608398,0.51607745885849,0.1956787109375,1.1157515048980713,4.272974491119385
97600,1,enc,8.442391395568848,0.542328953742981,0.181640625,4.524161338806152,4.354902267456055
97600,2,enc,7.182835578918457,0.4795752763748169,0.118408203125,4.703007698059082,4.515130996704102
97600,0,fcst,4.18377685546875,0.6511774659156799,0.21142578125,4.389244556427002,3.940791130065918
97600,1,fcst,6.174899578094482,0.7147902250289917,0.1700439453125,3.9270315170288086,3.5230984687805176
97600,2,fcst,5.7772111892700195,0.5559964776039124,0.1961669921875,4.004563808441162,3.5409679412841797
97600,0,enc,10.068314552307129,0.5150078535079956,0.171875,1.0146673917770386,3.9416627883911133
97600,1,enc,8.538299560546875,0.4602828025817871,0.1251220703125,4.2226362228393555,4.0724897384643555
97600,2,enc,7.16957950592041,0.35024192929267883,0.1085205078125,4.377602577209473,4.390969276428223
97800,0,enc,9.937032699584961,0.5167044401168823,0.187255859375,0.9241544008255005,4.170189380645752
97800,1,enc,8.250571250915527,0.47963204979896545,0.201904296875,4.286438465118408,4.102112293243408
97800,2,enc,7.291087627410889,0.4865711033344269,0.1099853515625,4.338304042816162,4.338304042816162
97800,0,fcst,4.115396022796631,0.7256109118461609,0.23388671875,4.218482494354248,3.5028791427612305
97800,1,fcst,6.1257219314575195,0.6843727231025696,0.1978759765625,3.5155959129333496,3.5155959129333496
97800,2,fcst,5.942392826080322,0.5680128931999207,0.1888427734375,3.684880018234253,3.221555233001709
97800,0,enc,9.94814682006836,0.5186388492584229,0.1749267578125,0.83824622631073,3.8048508167266846
97800,1,enc,8.475790023803711,0.4916796386241913,0.157958984375,4.035162448883057,3.9812378883361816
97800,2,enc,7.02243709564209,0.33985427021980286,0.0960693359375,4.187644004821777,4.245383262634277
98000,0,enc,9.825013160705566,0.5497649908065796,0.1898193359375,1.1213319301605225,5.141885757446289
98000,1,enc,8.399261474609375,0.5561633110046387,0.2154541015625,5.332777500152588,5.125257968902588
98000,2,enc,7.0652923583984375,0.41910043358802795,0.11712646484375,5.3293137550354,5.0320048332214355
98000,0,fcst,4.166174411773682,0.6356147527694702,0.21044921875,5.0320048332214355,4.3918137550354
98000,1,fcst,6.155649662017822,0.5656263828277588,0.1876220703125,4.396767616271973,4.396767616271973
98000,2,fcst,5.754638671875,0.494267076253891,0.2001953125,2.5456342697143555,2.6664838790893555
98000,0,enc,9.815181732177734,0.5478548407554626,0.17333984375,0.8578943610191345,4.060425758361816
98000,1,enc,8.429224967956543,0.48985719680786133,0.153564453125,4.277040004730225,4.142640590667725
98000,2,enc,6.8905110359191895,0.34132707118988037,0.11077880859375,4.3344011306762695,4.2111101150512695
98200,0,enc,9.78308391571045,0.514723539352417,0.2025146484375,0.8786608576774597,4.3107428550720215
98200,1,enc,8.324459075927734,0.54241943359375,0.173828125,4.5489726066589355,4.382685661315918
98200,2,enc,7.034617900848389,0.45290684700012207,0.1048583984375,4.769174575805664,4.681283950805664
98200,0,fcst,4.14419412612915,0.7183083295822144,0.231689453125,4.623780727386475,4.239603519439697
98200,1,fcst,6.0144805908203125,0.6701564192771912,0.1712646484375,4.232651233673096,3.423731803894043
98200,2,fcst,5.758004665374756,0.5079629421234131,0.196044921875,2.7387919425964355,2.5115699768066406
98200,0,enc,9.795775413513184,0.5126839876174927,0.19775390625,0.9266057014465332,3.5576224327087402
98200,1,enc,8.345168113708496,0.4679192900657654,0.130859375,3.8006646633148193,3.6972711086273193
98200,2,enc,7.031324863433838,0.3042374849319458,0.09625244140625,4.005079746246338,4.020395755767822
98400,0,enc,9.721702575683594,0.5010146498680115,0.2037353515625,1.0065187215805054,4.246677398681641
98400,1,enc,8.164159774780273,0.5348236560821533,0.229736328125,4.499812602996826,4.167698860168457
98400,2,enc,6.928049087524414,0.48664340376853943,0.1058349609375,4.515552997589111,4.443755149841309
98400,0,fcst,4.153047561645508,0.7526618838310242,0.2344970703125,4.373075008392334,4.181926727294922
98400,1,fcst,6.2097554206848145,0.5785455703735352,0.18408203125,4.18943452835083,4.18943452835083
98400,2,fcst,5.968472957611084,0.5677947402000427,0.1988525390625,2.8321099281311035,2.8321099281311035
98400,0,enc,9.720853805541992,0.5127773880958557,0.1802978515625,0.8946936726570129,3.503215789794922
98400,1,enc,8.373677253723145,0.4868062734603882,0.1962890625,3.771470785140991,3.671312093734741
98400,2,enc,6.7868852615356445,0.34950339794158936,0.113037109375,4.054732799530029,4.171859264373779
98600,0,enc,9.668298721313477,0.565434455871582,0.1932373046875,1.0205376148223877,4.391628265380859
98600,1,enc,8.219273567199707,0.5832630395889282,0.1961669921875,4.4112324714660645,4.158004283905029
98600,2,enc,6.8687567710876465,0.5449849367141724,0.11419677734375,4.676463603973389,4.676463603973389
98600,0,fcst,4.1743059158325195,0.6460804343223572,0.2083740234375,4.590877056121826,3.8958899974823
98600,1,fcst,6.090904712677002,0.5778334140777588,0.1900634765625,3.9282429218292236,3.1231212615966797
98600,2,fcst,5.812152862548828,0.5857296586036682,0.197998046875,2.6414499282836914,2.508816719055176
98600,0,enc,9.673430442810059,0.5650665760040283,0.1785888671875,0.9247568845748901,3.229736328125
98600,1,enc,8.244597434997559,0.49139881134033203,0.1422119140625,3.2418673038482666,3.0889463424682617
98600,2,enc,6.647241592407227,0.36449187994003296,0.10052490234375,3.502500534057617,3.7120766639709473
98800,0,enc,9.607598304748535,0.5307120084762573,0.17626953125,0.9541877508163452,3.936793804168701
98800,1,enc,8.264904022216797,0.49613869190216064,0.1922607421875,4.004898548126221,3.570056915283203
98800,2,enc,6.865063190460205,0.4556654989719391,0.120849609375,4.00739860534668,3.944948434829712
98800,0,fcst,4.11061429977417,0.6814867854118347,0.1937255859375,3.894932746887207,3.6769118309020996
98800,1,fcst,6.252392292022705,0.5986731648445129,0.2010498046875,3.6261961460113525,2.8070147037506104
98800,2,fcst,5.883909702301025,0.561169445514679,0.173095703125,3.0473546981811523,2.79005765914917
98800,0,enc,9.635848045349121,0.5328655242919922,0.161376953125,0.8497371673583984,3.8177363872528076
98800,1,enc,8.383213996887207,0.5004842281341553,0.1434326171875,3.993776798248291,3.783449649810791
98800,2,enc,6.975868225097656,0.38265594840049744,0.10821533203125,4.155959606170654,3.976278305053711
99000,0,enc,9.588019371032715,0.5569764971733093,0.1727294921875,0.983450710773468,3.286623477935791
99000,1,enc,8.318137168884277,0.5808303356170654,0.1883544921875,3.370476245880127,3.2510507106781006
99000,2,enc,7.0416154861450195,0.4895065128803253,0.10369873046875,3.5461018085479736,3.52178955078125
99000,0,fcst,4.132784366607666,0.6726077795028687,0.21533203125,3.4401702880859375,3.0496113300323486
99000,1,fcst,6.094126224517822,0.5544303059577942,0.186767578125,3.0492215156555176,2.4215128421783447
99000,2,fcst,5.843697547912598,0.5340143442153931,0.1688232421875,2.7137465476989746,2.741783380508423
99000,0,enc,9.590624809265137,0.5566418766975403,0.1566162109375,1.0090255737304688,3.003835678100586
99000,1,enc,8.376991271972656,0.5397583246231079,0.157958984375,3.218965530395508,3.040226459503174
99000,2,enc,7.020626544952393,0.38943949341773987,0.106689453125,3.320100784301758,3.271913766860962
99200,0,enc,9.586782455444336,0.5410710573196411,0.1806640625,0.9474276900291443,4.012078285217285
99200,1,enc,8.24201488494873,0.5700720548629761,0.18017578125,4.241504192352295,4.119840621948242
99200,2,enc,7.105891227722168,0.45866283774375916,0.1083984375,4.508382797241211,4.371257305145264
99200,0,fcst,4.144603252410889,0.6728742122650146,0.1904296875,4.282131671905518,3.9701743125915527
99200,1,fcst,6.041888236999512,0.6719521880149841,0.1988525390625,3.9701743125915527,3.466973304748535
99200,2,fcst,5.900609493255615,0.5650195479393005,0.1817626953125,2.5943264961242676,2.499232292175293
99200,0,enc,9.603737831115723,0.5495497584342957,0.1646728515625,0.8756405115127563,3.633718967437744
99200,1,enc,8.336613655090332,0.5393644571304321,0.1229248046875,3.8408217430114746,3.7405409812927246
99200,2,enc,6.862887382507324,0.32601630687713623,0.11590576171875,4.078309535980225,3.9598402976989746
99400,0,enc,9.106260299682617,0.5467129945755005,0.180419921875,0.8474058508872986,3.3548343181610107
99400,1,enc,8.297296524047852,0.5262069702148438,0.16015625,3.596155881881714,3.4149694442749023
99400,2,enc,6.982167720794678,0.5086199641227722,0.10394287109375,3.9189810752868652,3.8870224952697754
99400,0,fcst,4.123576641082764,0.656606137752533,0.2005615234375,3.8037407398223877,3.3949408531188965
99400,1,fcst,6.010843753814697,0.5693050026893616,0.1890869140625,3.3862993717193604,3.3862993717193604
99400,2,fcst,5.858428001403809,0.5882401466369629,0.1912841796875,2.532426595687866,2.512284994125366
99400,0,enc,9.157403945922852,0.5438501834869385,0.16650390625,0.9443459510803223,3.462538242340088
99400,1,enc,8.312864303588867,0.4941897392272949,0.1351318359375,3.713130235671997,3.470698595046997
99400,2,enc,7.113291263580322,0.33561933040618896,0.10894775390625,3.5899603366851807,3.438523769378662
99600,0,enc,9.283559799194336,0.5426982045173645,0.18408203125,0.9590954780578613,4.2492852210998535
99600,1,enc,8.329647064208984,0.5783514380455017,0.1844482421875,4.244710445404053,4.06797981262207
99600,2,enc,7.011337757110596,0.5608099102973938,0.1033935546875,4.402983665466309,4.590157985687256
99600,0,fcst,4.295048236846924,0.7511483430862427,0.1885986328125,4.48166036605835,3.8024067878723145
99600,1,fcst,6.048645973205566,0.5574464797973633,0.1776123046875,3.8024067878723145,3.589085578918457
99600,2,fcst,5.945805549621582,0.5605053305625916,0.2109375,2.630429744720459,2.543692111968994
99600,0,enc,9.301857948303223,0.5379043221473694,0.173828125,0.9482210874557495,3.1360483169555664
99600,1,enc,8.340553283691406,0.5006909966468811,0.1416015625,3.352613925933838,3.199291229248047
99600,2,enc,6.994195938110352,0.35534149408340454,0.10284423828125,3.569098949432373,3.5527095794677734
99800,0,enc,9.230010032653809,0.5397600531578064,0.2088623046875,0.966742217540741,3.868506669998169
99800,1,enc,8.291751861572266,0.5100951194763184,0.193603515625,4.020393371582031,3.775845766067505
99800,2,enc,6.92913818359375,0.5169297456741333,0.11102294921875,4.1729736328125,4.413180828094482
99800,0,fcst,4.297264099121094,0.6944525241851807,0.1998291015625,4.413180828094482,4.413180828094482
99800,1,fcst,6.0918684005737305,0.5724409818649292,0.1824951171875,4.411805629730225,3.657682418823242
99800,2,fcst,6.026155471801758,0.5253982543945312,0.1923828125,3.657682418823242,2.6013991832733154
99800,0,enc,9.208691596984863,0.5378934741020203,0.1915283203125,0.9060676097869873,3.1028261184692383
99800,1,enc,8.344884872436523,0.45314380526542664,0.1339111328125,3.3201231956481934,3.0427920818328857
99800,2,enc,7.116764545440674,0.3388391137123108,0.09686279296875,3.47506046295166,3.449598550796509
100000,0,enc,9.075112342834473,0.6264621615409851,0.2015380859375,0.9501875042915344,3.787027359008789
100000,1,enc,8.34130859375,0.5473612546920776,0.1649169921875,4.028085231781006,3.876039981842041
100000,2,enc,6.963119029998779,0.4342726171016693,0.1109619140625,4.306422233581543,4.3120551109313965
100000,0,fcst,4.257315635681152,0.7090761065483093,0.214111328125,4.232249736785889,3.604537010192871
100000,1,fcst,6.254497051239014,0.542235791683197,0.20263671875,3.582350015640259,3.0685696601867676
100000,2,fcst,5.844337463378906,0.5041623711585999,0.1949462890625,3.0685696601867676,2.6267595291137695
100000,0,enc,8.998516082763672,0.6164312362670898,0.1890869140625,0.780287504196167,3.1419904232025146
100000,1,enc,8.43581771850586,0.4858781099319458,0.1553955078125,3.3767175674438477,3.2780237197875977
100000,2,enc,7.028944969177246,0.3947240114212036,0.11639404296875,3.559152603149414,3.720163345336914
