step,loss,loss_tau_ref,gap,gap_ratio,ff,fp,tp,cross_batch,hf_rows_consumed,synth_rows_consumed,mixup_applied,r2_random,r2_naive,u_temporal,u_batch,auc,top1,top3,cpc_aux,sigreg_e,sigreg_h,u_temporal_e,u_batch_e,u_batchtime,u_batchtime_e,ema_tau
1,14.277591705322266,20.221315383911133,-0.37236765027046204,2.492498794732851,0.37813958525657654,0.7505072355270386,0.47646814584732056,0.1873442679643631,64,0,0,0.18498295545578003,-0.192244291305542,0.10085001587867737,0.13410845398902893,0.7723551988601685,0.06621438264846802,0.1421981006860733,,0.0565999299287796,0.29343587160110474,0.04323097690939903,0.047041527926921844,0.13983440399169922,0.04729525372385979,0.9
2,14.123879432678223,18.479507446289062,-0.43409451842308044,2.7302261917121404,0.31501659750938416,0.7491111159324646,0.38594508171081543,0.058094825595617294,128,0,0,0.2651940584182739,-0.11816656589508057,0.14050090312957764,0.1980089694261551,0.8222390413284302,0.06458616256713867,0.14871099591255188,,0.053419943898916245,0.23717549443244934,0.049064815044403076,0.04717300087213516,0.21521417796611786,0.047576047480106354,0.9
3,14.027923583984375,19.9663028717041,-0.34612569212913513,2.4681371148590396,0.41811588406562805,0.7642415761947632,0.48366639018058777,0.158741295337677,192,0,0,0.28485041856765747,-0.133256196975708,0.10364499688148499,0.12805603444576263,0.8116751313209534,0.06675712764263153,0.13677069544792175,,0.06024572625756264,0.2917630076408386,0.04049268364906311,0.04265947639942169,0.14059703052043915,0.04309061914682388,0.9
4,13.932026863098145,19.08631134033203,-0.3819176256656647,2.6269862772302166,0.38334307074546814,0.7652606964111328,0.41543641686439514,0.1293984204530716,256,0,1,0.2982242703437805,-0.05721890926361084,0.12402286380529404,0.1649172604084015,0.8134462237358093,0.050474900752305984,0.12645861506462097,,0.04805183410644531,0.2502189576625824,0.048678915947675705,0.04687437415122986,0.18342603743076324,0.04772274196147919,0.9
5,13.842345237731934,18.76971435546875,-0.3563554286956787,2.5120561822645895,0.40796852111816406,0.7643239498138428,0.4356394112110138,0.12108992040157318,320,0,1,0.33752304315567017,-0.050621986389160156,0.12667763233184814,0.19403593242168427,0.8482094407081604,0.09742198139429092,0.18480326235294342,,0.04662712663412094,0.2460106909275055,0.05148926004767418,0.0504111722111702,0.21101416647434235,0.05074866861104965,0.9
6,13.79974365234375,19.13896942138672,-0.34688469767570496,2.4574722330048457,0.4151109755039215,0.7619956731796265,0.43684136867523193,0.1049005389213562,384,0,0,0.36834603548049927,-0.039810895919799805,0.12170680612325668,0.20726852118968964,0.8561676144599915,0.07869742810726166,0.17177748680114746,,0.04822995513677597,0.22480666637420654,0.05101713538169861,0.0575224943459034,0.22062915563583374,0.0576547272503376,0.9
7,13.772406578063965,18.58403205871582,-0.35977083444595337,2.4591082690456085,0.39366018772125244,0.7534310221672058,0.40465912222862244,0.07637447863817215,448,0,0,0.3637291193008423,-0.019808650016784668,0.13276779651641846,0.20646944642066956,0.8601969480514526,0.07679783552885056,0.17611941695213318,,0.04779057204723358,0.22022762894630432,0.055542487651109695,0.053155988454818726,0.2255004644393921,0.05332828313112259,0.9
8,13.786202430725098,18.269939422607422,-0.36575034260749817,2.4827300787532476,0.38757607340812683,0.753326416015625,0.40508997440338135,0.04502887278795242,512,0,1,0.3529461622238159,-0.03154289722442627,0.1349433809518814,0.21680930256843567,0.8772326707839966,0.09362279623746872,0.2111261934041977,,0.04240531101822853,0.21202248334884644,0.05297026410698891,0.05813758075237274,0.24206414818763733,0.059288207441568375,0.9
9,13.705646514892578,18.76641082763672,-0.3344589173793793,2.370044405118638,0.4214183986186981,0.7558773159980774,0.4397556781768799,0.04860419034957886,576,0,1,0.3948209881782532,-0.034584760665893555,0.1335819661617279,0.19760653376579285,0.8813689947128296,0.10230664908885956,0.23175035417079926,,0.041869957000017166,0.21411928534507751,0.06096368655562401,0.060731709003448486,0.219089537858963,0.06144086644053459,0.9
10,13.663118362426758,18.724327087402344,-0.3135043680667877,2.247908992878725,0.43527188897132874,0.7487762570381165,0.46501708030700684,0.03448053076863289,640,0,1,0.4206131100654602,-0.05859386920928955,0.12199167907238007,0.20217308402061462,0.9054922461509705,0.1256445050239563,0.2632293105125427,,0.042974960058927536,0.19966566562652588,0.057431772351264954,0.057861946523189545,0.2230195850133896,0.05910982936620712,0.9
11,13.643321990966797,18.6567325592041,-0.32590657472610474,2.3310193834784614,0.42923855781555176,0.7551451325416565,0.43925005197525024,0.018009278923273087,704,0,0,0.4265734553337097,-0.019823074340820312,0.1254807859659195,0.18560895323753357,0.9078790545463562,0.1237449198961258,0.23934872448444366,,0.0467270091176033,0.20216014981269836,0.04788805544376373,0.04676913470029831,0.2050345540046692,0.04710114002227783,0.9
12,13.67437744140625,18.87529945373535,-0.3262563645839691,2.4025702595345364,0.4411304295063019,0.767386794090271,0.4373216927051544,0.03840034455060959,768,0,1,0.39113879203796387,0.005721390247344971,0.1223883256316185,0.17642563581466675,0.9006168246269226,0.10312076658010483,0.21926730871200562,,0.03959168121218681,0.19605737924575806,0.0472516193985939,0.046976324170827866,0.20199324190616608,0.04747409373521805,0.9
13,13.537028312683105,19.604389190673828,-0.28622937202453613,2.2158589014528127,0.47835731506347656,0.7645866870880127,0.4836603105068207,0.010771761648356915,832,0,1,0.46847885847091675,-0.011856317520141602,0.11751672625541687,0.15232524275779724,0.909902036190033,0.10963365435600281,0.23772050440311432,,0.04373829811811447,0.1860329508781433,0.04538654163479805,0.04177778214216232,0.1697416752576828,0.04236927255988121,0.9
14,13.547438621520996,18.587156295776367,-0.29739391803741455,2.150043794139883,0.44401252269744873,0.7414064407348633,0.4494626224040985,0.02646009996533394,896,0,0,0.41468602418899536,-0.011550426483154297,0.12894199788570404,0.20087671279907227,0.9120513796806335,0.1345997303724289,0.2735413908958435,,0.04833158105611801,0.16323871910572052,0.04545396938920021,0.05023781955242157,0.22376395761966705,0.05036886781454086,0.9
15,13.536076545715332,19.263151168823242,-0.2852533459663391,2.1657409200467197,0.4700496196746826,0.7553029656410217,0.4848586320877075,0.005908863618969917,960,0,0,0.4548097848892212,-0.03265988826751709,0.11834732443094254,0.15268050134181976,0.9284600019454956,0.14898236095905304,0.2944369316101074,,0.04531294107437134,0.18450646102428436,0.04115452617406845,0.03836295008659363,0.1752261519432068,0.03869881108403206,0.9
16,13.56247615814209,19.109539031982422,-0.3064132332801819,2.2920874126085042,0.45644086599349976,0.7628540992736816,0.4589751660823822,0.008415869437158108,1024,0,1,0.4583595395088196,-0.0068950653076171875,0.1329733431339264,0.15703386068344116,0.9117532968521118,0.127544105052948,0.2640434205532074,,0.04768883064389229,0.17124724388122559,0.04141361266374588,0.039815064519643784,0.18542148172855377,0.04034355655312538,0.9
17,13.515241622924805,18.490535736083984,-0.3054473400115967,2.3178330735584294,0.4627726674079895,0.7682200074195862,0.4459017813205719,-0.0008253137930296361,1088,0,1,0.4384734630584717,0.02812361717224121,0.1305670291185379,0.21524667739868164,0.9322149753570557,0.18208955228328705,0.3348711133003235,,0.04541971907019615,0.15754863619804382,0.051825013011693954,0.049141816794872284,0.23712213337421417,0.049663905054330826,0.9
18,13.616766929626465,17.620336532592773,-0.3409564197063446,2.3926701908466916,0.41422149538993835,0.755177915096283,0.3828524053096771,0.02467488870024681,1152,0,1,0.36717426776885986,0.049809813499450684,0.1587108075618744,0.2471531331539154,0.9061501026153564,0.13731344044208527,0.2838534712791443,,0.0417652428150177,0.15216748416423798,0.05555815249681473,0.05320955067873001,0.2771207094192505,0.05398854985833168,0.9
19,13.478545188903809,18.539058685302734,-0.2911158502101898,2.1494314400318557,0.45561471581459045,0.7467305660247803,0.44482171535491943,0.016591355204582214,1216,0,0,0.4531469941139221,0.018026292324066162,0.13148336112499237,0.21397390961647034,0.9227643609046936,0.1511533260345459,0.3047489821910858,,0.05022384226322174,0.13703809678554535,0.043039221316576004,0.04739634320139885,0.23694296181201935,0.04740970581769943,0.9
20,13.447866439819336,18.641761779785156,-0.29393675923347473,2.224227484890296,0.4659634530544281,0.7599002122879028,0.44112443923950195,0.012852024286985397,1280,0,1,0.4459713101387024,0.04289698600769043,0.13732819259166718,0.16715872287750244,0.9178735017776489,0.14246948063373566,0.2852103114128113,,0.040588125586509705,0.14078153669834137,0.04431205987930298,0.04185451194643974,0.1989157497882843,0.04230519384145737,0.9
21,13.433125495910645,18.2795467376709,-0.2794588506221771,2.1605346704343384,0.47973933815956116,0.7591981887817383,0.45652902126312256,0.022633109241724014,1344,0,0,0.45393258333206177,0.04139214754104614,0.11731548607349396,0.2355850338935852,0.9404928088188171,0.20895522832870483,0.37476256489753723,,0.043953828513622284,0.1328641176223755,0.046006545424461365,0.051472775638103485,0.25340238213539124,0.05149323493242264,0.9
22,13.419804573059082,18.73932647705078,-0.2758972644805908,2.1038224913000545,0.47415560483932495,0.7500528693199158,0.4635007083415985,0.008407706394791603,1408,0,1,0.45340800285339355,0.018697679042816162,0.11743629723787308,0.18301934003829956,0.924846887588501,0.1856173723936081,0.3443690836429596,,0.050831910222768784,0.12409210205078125,0.03665843605995178,0.04172055795788765,0.2079470455646515,0.0418868288397789,0.9
23,13.420187950134277,18.900787353515625,-0.2821429371833801,2.2173734919370665,0.4860934019088745,0.7682363390922546,0.4720293879508972,0.016405291855335236,1472,0,0,0.4595223665237427,0.024129509925842285,0.12572087347507477,0.15424838662147522,0.9130185842514038,0.17177748680114746,0.3194029927253723,,0.04430476576089859,0.13816019892692566,0.037476204335689545,0.03550238534808159,0.1732894480228424,0.03571160510182381,0.9
24,13.386812210083008,18.51214599609375,-0.2761915326118469,2.2291605269098413,0.499109148979187,0.7753006815910339,0.468296080827713,-0.00030251004500314593,1536,0,0,0.4678645730018616,0.05719578266143799,0.13047882914543152,0.21326440572738647,0.9372127652168274,0.25020354986190796,0.42062416672706604,,0.039327472448349,0.12510329484939575,0.050691667944192886,0.04961612820625305,0.23195628821849823,0.0495578870177269,0.9
25,13.460803031921387,18.394935607910156,-0.2924410402774811,2.2735295613979076,0.47792860865592957,0.7703696489334106,0.4425314664840698,0.03700196370482445,1600,0,1,0.43721526861190796,0.06276416778564453,0.12852586805820465,0.20258185267448425,0.9127112627029419,0.12781547009944916,0.2925373315811157,,0.037790145725011826,0.13293050229549408,0.04661216214299202,0.04907425493001938,0.23253339529037476,0.04994466155767441,0.9
26,13.468299865722656,17.90847396850586,-0.32572537660598755,2.3567132512269287,0.43419045209884644,0.759915828704834,0.3742455840110779,0.018616991117596626,1664,0,1,0.4269446134567261,0.09519737958908081,0.15794958174228668,0.21033447980880737,0.8885695934295654,0.12103120982646942,0.26187247037887573,,0.042273662984371185,0.11027435958385468,0.04770698398351669,0.044433142989873886,0.2392548769712448,0.04534551501274109,0.9
27,13.38361644744873,17.91689109802246,-0.28971537947654724,2.1642412327125555,0.4614398181438446,0.7511551976203918,0.4260087311267853,0.004283076152205467,1728,0,0,0.4425165057182312,0.06086617708206177,0.13552184402942657,0.23798559606075287,0.9241212010383606,0.2238806039094925,0.38751697540283203,,0.04590902477502823,0.0989227220416069,0.04680858179926872,0.04883388429880142,0.25975263118743896,0.04883300140500069,0.9
28,13.445716857910156,17.584775924682617,-0.3288857042789459,2.305728769431986,0.4192352592945099,0.7481209635734558,0.3603352904319763,0.002535285660997033,1792,0,0,0.42083054780960083,0.09152287244796753,0.16639991104602814,0.2438698709011078,0.8975032567977905,0.15983718633651733,0.2944369316101074,,0.03981496021151543,0.09993462264537811,0.050902292132377625,0.04995294660329819,0.2688657343387604,0.050216883420944214,0.9
29,13.42066764831543,17.69148063659668,-0.308076411485672,2.211042618627321,0.4375341832637787,0.7456105947494507,0.38165542483329773,0.009955420158803463,1856,0,1,0.4331168532371521,0.08996671438217163,0.16335590183734894,0.23346498608589172,0.9043512344360352,0.13351425528526306,0.3028494119644165,,0.0372455008327961,0.09537949413061142,0.04840025678277016,0.0468677394092083,0.2667999565601349,0.047624289989471436,0.9
30,13.441343307495117,17.206703186035156,-0.3203705847263336,2.1964610313434783,0.4118642508983612,0.7322348356246948,0.3456096351146698,0.017289651557803154,1920,0,0,0.4180089235305786,0.1011151671409607,0.18302853405475616,0.27638715505599976,0.897660493850708,0.1620081514120102,0.2971506118774414,,0.0387900173664093,0.08727655559778214,0.054073937237262726,0.051736682653427124,0.30514007806777954,0.052119892090559006,0.9
31,13.402849197387695,17.42338752746582,-0.3075440227985382,2.111772187792367,0.41583094000816345,0.7233749628067017,0.3574964106082916,0.011295677162706852,1984,0,0,0.40097105503082275,0.09059339761734009,0.17583133280277252,0.2533436715602875,0.8952931761741638,0.1601085513830185,0.2843962013721466,,0.03880584239959717,0.08050411194562912,0.044887725263834,0.044043708592653275,0.2795023024082184,0.044422488659620285,0.9
32,13.375137329101562,17.71645736694336,-0.28297629952430725,2.016881756911611,0.4387452304363251,0.7217215299606323,0.3921397626399994,0.011535554192960262,2048,0,1,0.42279624938964844,0.07631433010101318,0.17203234136104584,0.22754070162773132,0.9064913392066956,0.1327001452445984,0.29823610186576843,,0.04068829491734505,0.07872471213340759,0.044754546135663986,0.04424647241830826,0.2627626955509186,0.04500721022486687,0.9
33,13.35202693939209,18.332101821899414,-0.2643272578716278,2.0258732126870593,0.47801199555397034,0.7423392534255981,0.44221749901771545,0.026598317548632622,2112,0,1,0.41463732719421387,0.06339550018310547,0.14427831768989563,0.17806532979011536,0.9097786545753479,0.14518317580223083,0.29552239179611206,,0.0430140346288681,0.09129071235656738,0.03523661941289902,0.03421700745820999,0.20757123827934265,0.03466123715043068,0.9
34,13.43704605102539,18.07865333557129,-0.2923292815685272,1.9933336182344261,0.41337957978248596,0.7057088613510132,0.3769991993904114,0.011029230430722237,2176,0,0,0.3774767518043518,0.058092713356018066,0.1663389652967453,0.3266824185848236,0.9149819612503052,0.16879241168498993,0.3175033926963806,,0.0428401455283165,0.07428670674562454,0.05815748870372772,0.0636453926563263,0.34730854630470276,0.06351747363805771,0.9
35,13.422412872314453,18.006553649902344,-0.29052987694740295,2.003252766966781,0.419882208108902,0.7104120850563049,0.36530840396881104,0.015378871001303196,2240,0,0,0.3674507141113281,0.08568310737609863,0.1759696751832962,0.2942774295806885,0.9036316871643066,0.15902307629585266,0.3085481822490692,,0.04065357893705368,0.07094618678092957,0.046703193336725235,0.05328803509473801,0.32285016775131226,0.05360198765993118,0.9
36,13.355753898620605,17.886991500854492,-0.2695463001728058,2.0257253758263554,0.46766766905784607,0.7372139692306519,0.4250812232494354,0.01696307212114334,2304,0,0,0.4508410096168518,0.07374966144561768,0.15200355648994446,0.22785234451293945,0.9131162762641907,0.17774763703346252,0.32808685302734375,,0.04225277155637741,0.07847300171852112,0.04308832809329033,0.040696412324905396,0.25894561409950256,0.04083620384335518,0.9
37,13.378754615783691,18.101287841796875,-0.2756214141845703,1.975039514723768,0.44170141220092773,0.717322826385498,0.3922596275806427,0.015261940658092499,2368,0,0,0.4121367931365967,0.08117079734802246,0.15660320222377777,0.2621435523033142,0.9063927531242371,0.15902307629585266,0.30067843198776245,,0.04453195258975029,0.06542152166366577,0.041205450892448425,0.045748673379421234,0.2884320020675659,0.0459577776491642,0.9
38,13.37299633026123,17.687633514404297,-0.27701058983802795,1.9923340441464255,0.44383886456489563,0.7208494544029236,0.3914894163608551,0.01790459081530571,2432,0,0,0.42774200439453125,0.08589041233062744,0.16709789633750916,0.23389832675457,0.9017167091369629,0.15576662123203278,0.3004070520401001,,0.04264076054096222,0.06645497679710388,0.04077095538377762,0.04018208384513855,0.2635352313518524,0.04047054052352905,0.9
39,13.378209114074707,17.579818725585938,-0.28182321786880493,1.9627210490426459,0.4254406690597534,0.7072638869285583,0.3667777180671692,0.010866779834032059,2496,0,0,0.42352283000946045,0.09247815608978271,0.18402467668056488,0.2885512113571167,0.9015152454376221,0.20569878816604614,0.34735414385795593,,0.03701096400618553,0.06579190492630005,0.0463629886507988,0.046343959867954254,0.3182108402252197,0.04653644934296608,0.9
40,13.35761833190918,17.52766990661621,-0.25947141647338867,1.9187696967803862,0.4581167697906494,0.7175881862640381,0.41477346420288086,0.013324903324246407,2560,0,1,0.45453107357025146,0.07371222972869873,0.1538419872522354,0.2892031967639923,0.9284487366676331,0.20895522832870483,0.38290366530418396,,0.03856465220451355,0.06719855964183807,0.050543300807476044,0.04879021272063255,0.3126870393753052,0.049242496490478516,0.9
41,13.37252140045166,17.184349060058594,-0.2675321102142334,1.9013308978922028,0.43564891815185547,0.7031810283660889,0.3756560981273651,0.004512233193963766,2624,0,0,0.4344501495361328,0.09544318914413452,0.17576299607753754,0.31592029333114624,0.9226616024971008,0.20488467812538147,0.3774762749671936,,0.036844171583652496,0.05979321151971817,0.04887378588318825,0.0471695140004158,0.3412727117538452,0.04736599698662758,0.9
42,13.348971366882324,17.989572525024414,-0.257189005613327,1.8488215313355048,0.43981561064720154,0.6970046162605286,0.38268592953681946,0.006826695054769516,2688,0,1,0.4069087505340576,0.09230035543441772,0.168646901845932,0.2885558307170868,0.918410062789917,0.17449118196964264,0.3424694836139679,,0.04200154170393944,0.051938336342573166,0.040127210319042206,0.04475492611527443,0.31942787766456604,0.04501473531126976,0.9
43,13.289505004882812,18.149986267089844,-0.2301277220249176,1.8450799716242077,0.49755755066871643,0.727685272693634,0.4550752341747284,0.01996115781366825,2752,0,1,0.4642307758331299,0.07814764976501465,0.14088909327983856,0.23555757105350494,0.9269243478775024,0.16173677146434784,0.3655359745025635,,0.041935406625270844,0.06376801431179047,0.03998758643865585,0.04133085906505585,0.26686325669288635,0.04204719886183739,0.9
44,13.356152534484863,17.52052879333496,-0.25957760214805603,1.868995907228926,0.4417125880718231,0.7012901902198792,0.37962305545806885,0.014216984622180462,2816,0,0,0.4312630891799927,0.09967368841171265,0.18397285044193268,0.2525736391544342,0.9044026732444763,0.16635006666183472,0.3104477822780609,,0.04143119230866432,0.05446498841047287,0.04358666017651558,0.03935796767473221,0.2863229811191559,0.03955666720867157,0.9
45,13.377718925476074,17.381698608398438,-0.2649557292461395,1.87348778140343,0.4317134916782379,0.6966692209243774,0.35737740993499756,0.013572421856224537,2880,0,1,0.4112178087234497,0.11559826135635376,0.17805525660514832,0.267724871635437,0.9044714570045471,0.13487111032009125,0.27055633068084717,,0.041470713913440704,0.04995755851268768,0.04125184193253517,0.04198901355266571,0.30760282278060913,0.042590271681547165,0.9
46,13.392069816589355,16.861284255981445,-0.2662575840950012,1.858672541518759,0.4236619472503662,0.6899195313453674,0.3518501818180084,0.0076369731687009335,2944,0,0,0.3981805443763733,0.11068719625473022,0.18786485493183136,0.3331294655799866,0.9194523096084595,0.19430123269557953,0.3430122137069702,,0.03741174191236496,0.0509154237806797,0.06067458912730217,0.05500582605600357,0.36083629727363586,0.05514458939433098,0.9
47,13.39320182800293,17.101118087768555,-0.26291194558143616,1.8416192123457238,0.4246998131275177,0.6876117587089539,0.3502151668071747,0.007330595515668392,3008,0,0,0.39700257778167725,0.11415606737136841,0.187595397233963,0.3026888966560364,0.9111765623092651,0.1677069216966629,0.3104477822780609,,0.03551545739173889,0.04674709588289261,0.051245126873254776,0.04973197728395462,0.33813098073005676,0.05026179179549217,0.9
48,13.371031761169434,18.33888053894043,-0.25114989280700684,1.8075336661135661,0.437841534614563,0.6889914274215698,0.3633463382720947,0.006451600696891546,3072,0,0,0.43379098176956177,0.11660420894622803,0.18636071681976318,0.30435872077941895,0.9192262291908264,0.17259159684181213,0.32944369316101074,,0.04195054620504379,0.04594501107931137,0.04558480903506279,0.04997079446911812,0.32677462697029114,0.05013038590550423,0.9
49,13.352469444274902,17.27692985534668,-0.24413076043128967,1.8118049654899577,0.45514336228370667,0.6992741227149963,0.38012462854385376,0.006622047163546085,3136,0,0,0.44246017932891846,0.12086111307144165,0.16067947447299957,0.31787753105163574,0.9341855645179749,0.2111261934041977,0.3780190050601959,,0.03556089103221893,0.04936965927481651,0.04980193451046944,0.0516967847943306,0.3498329222202301,0.05195820331573486,0.9
50,13.409706115722656,16.683773040771484,-0.2590066194534302,1.8317185416114792,0.42958199977874756,0.6885886192321777,0.3360874652862549,0.014323445037007332,3200,0,0,0.3935021162033081,0.14035135507583618,0.18126307427883148,0.3706629276275635,0.9259405732154846,0.207869753241539,0.35793760418891907,,0.03225787729024887,0.04684336483478546,0.05892408639192581,0.06402354687452316,0.3981360197067261,0.064289391040802,0.9
51,13.336350440979004,17.46294403076172,-0.23993012309074402,1.7995117753097856,0.459974080324173,0.699904203414917,0.3830832540988922,0.012731357477605343,3264,0,1,0.4296274185180664,0.12406635284423828,0.17593106627464294,0.2753390669822693,0.9197967052459717,0.20379918813705444,0.34654003381729126,,0.04413015395402908,0.04816858842968941,0.04124392941594124,0.040891945362091064,0.31202468276023865,0.041073042899370193,0.9
52,13.33583927154541,17.201486587524414,-0.23676970601081848,1.7619587855881529,0.4524920880794525,0.689261794090271,0.3763582706451416,0.0054055796936154366,3328,0,0,0.4475039839744568,0.12193399667739868,0.18201696872711182,0.31578609347343445,0.9332768321037292,0.221981018781662,0.38534602522850037,,0.03713929280638695,0.04526151716709137,0.0484926737844944,0.046517159789800644,0.3392369747161865,0.04680848494172096,0.9
53,13.374208450317383,17.203645706176758,-0.24761328101158142,1.7635580927468018,0.42809799313545227,0.6757112741470337,0.3438381552696228,0.016220906749367714,3392,0,1,0.3958966135978699,0.12793797254562378,0.20912502706050873,0.29197752475738525,0.9084577560424805,0.14871099591255188,0.2868385314941406,,0.037557344883680344,0.0429651252925396,0.043696705251932144,0.04440716654062271,0.33403801918029785,0.044727977365255356,0.9
54,13.362764358520508,20.27362060546875,-0.22088482975959778,1.7334954578032025,0.47797515988349915,0.6988599896430969,0.4051405191421509,0.02105969376862049,3456,0,0,0.46069443225860596,0.12199455499649048,0.17835567891597748,0.2610272765159607,0.923369824886322,0.16607870161533356,0.3093622922897339,,0.04981888830661774,0.04665183275938034,0.04554406926035881,0.05969128757715225,0.26795580983161926,0.05949827656149864,0.9
55,13.360661506652832,17.1588077545166,-0.23375681042671204,1.754827925751106,0.4565609395503998,0.6903177499771118,0.37188464403152466,0.016579076647758484,3520,0,0,0.4356880187988281,0.134710431098938,0.1792500913143158,0.31202590465545654,0.9244397878646851,0.21248304843902588,0.36960652470588684,,0.03877289593219757,0.04153796285390854,0.05241820216178894,0.04922429472208023,0.3406291604042053,0.04949088767170906,0.9
56,13.373988151550293,17.04706573486328,-0.24570900201797485,1.7814368436746428,0.43985867500305176,0.6855676770210266,0.3454369306564331,0.03062068112194538,3584,0,0,0.42492151260375977,0.14362138509750366,0.1970931887626648,0.3267383575439453,0.9117265343666077,0.1690637767314911,0.3093622922897339,,0.036397818475961685,0.04286126792430878,0.05469858646392822,0.05084050074219704,0.36083438992500305,0.051084764301776886,0.9
57,13.335342407226562,19.459373474121094,-0.22550326585769653,1.7474501795962605,0.47280001640319824,0.6983032822608948,0.3946429193019867,0.01773291639983654,3648,0,0,0.4558802843093872,0.12876981496810913,0.18571478128433228,0.28966546058654785,0.9198830723762512,0.17014926671981812,0.30257803201675415,,0.04705287143588066,0.04130159318447113,0.04373541101813316,0.052121251821517944,0.3062802851200104,0.052136607468128204,0.9
58,13.295329093933105,18.562891006469727,-0.2209586799144745,1.7442125391471934,0.48213866353034973,0.7030973434448242,0.40571272373199463,0.017227347940206528,3712,0,0,0.4791099429130554,0.12808901071548462,0.176592156291008,0.2757226228713989,0.9215390682220459,0.1677069216966629,0.3232021927833557,,0.043173935264348984,0.04183240234851837,0.0407162681221962,0.04378478229045868,0.30644020438194275,0.04399114474654198,0.9
59,13.27309799194336,17.71148681640625,-0.2084243893623352,1.7328164526654122,0.5071600675582886,0.7155844569206238,0.41391581296920776,0.01365444902330637,3776,0,0,0.5022542774677277,0.1589919924736023,0.1613958477973938,0.29649341106414795,0.9443064332008362,0.2314789742231369,0.4048846960067749,,0.04002154618501663,0.04087617248296738,0.041824039071798325,0.04723164439201355,0.32661929726600647,0.04734380915760994,0.9
60,13.352411270141602,17.458240509033203,-0.22478699684143066,1.7522234302848467,0.47638291120529175,0.7011699080467224,0.3899281322956085,0.03620591759681702,3840,0,0,0.4522824287414551,0.14166969060897827,0.18470579385757446,0.31370407342910767,0.9242990016937256,0.18018996715545654,0.35115334391593933,,0.036852650344371796,0.0480780266225338,0.05749673396348953,0.051140401512384415,0.3509334921836853,0.0515461303293705,0.9
61,13.354765892028809,17.094661712646484,-0.230190247297287,1.7229669761685602,0.4514131247997284,0.6816033720970154,0.346304714679718,0.03468497470021248,3904,0,0,0.42405861616134644,0.16024631261825562,0.20432929694652557,0.3062036633491516,0.9107685089111328,0.18697422742843628,0.32618725299835205,,0.03738255798816681,0.04001862555742264,0.04430999979376793,0.04242940619587898,0.3398115932941437,0.042772695422172546,0.9
62,13.318164825439453,18.200551986694336,-0.22318139672279358,1.745241534197085,0.47734335064888,0.7005247473716736,0.38362860679626465,0.013782164081931114,3968,0,0,0.47787100076675415,0.15148890018463135,0.18004395067691803,0.3595181703567505,0.9397568702697754,0.22605156898498535,0.3915875256061554,,0.035508472472429276,0.042987123131752014,0.05498642474412918,0.061512187123298645,0.37738820910453796,0.061685774475336075,0.9
63,13.325159072875977,18.319089889526367,-0.21501338481903076,1.6907010968651859,0.47368931770324707,0.6887027025222778,0.39850035309791565,0.014610789716243744,4032,0,0,0.4660600423812866,0.12498360872268677,0.1814485490322113,0.3242685794830322,0.9245159029960632,0.21031208336353302,0.3565807342529297,,0.03755451738834381,0.04020972177386284,0.056138619780540466,0.05388856679201126,0.34951895475387573,0.05390773341059685,0.9
64,13.278280258178711,20.12742805480957,-0.19033223390579224,1.7007086642682456,0.5380395650863647,0.728371798992157,0.45876315236091614,0.029663780704140663,4096,0,0,0.5249406397342682,0.14628785848617554,0.15563847124576569,0.2659286558628082,0.9344024658203125,0.20515604317188263,0.34518319368362427,,0.04851093888282776,0.0502275675535202,0.049266546964645386,0.06517348438501358,0.2687318027019501,0.0644695982336998,0.9
65,13.311436653137207,17.38520622253418,-0.2125491499900818,1.699061300871851,0.48340147733688354,0.6959506273269653,0.38866886496543884,0.034361932426691055,4160,0,0,0.455374538898468,0.1547449231147766,0.1739577203989029,0.3311837315559387,0.9310688972473145,0.24124830961227417,0.4010854959487915,,0.032231323421001434,0.04324345663189888,0.04595360904932022,0.04896495118737221,0.3583548069000244,0.04896371439099312,0.9
66,13.330976486206055,17.30573081970215,-0.2128879427909851,1.6700530764532053,0.4693940281867981,0.6822819709777832,0.368495374917984,0.05485423281788826,4224,0,0,0.425226092338562,0.15924638509750366,0.20214541256427765,0.2975686192512512,0.9165186285972595,0.16336500644683838,0.3145183324813843,,0.03424002230167389,0.042551517486572266,0.044214822351932526,0.04117218405008316,0.33270812034606934,0.04150126874446869,0.9
67,13.340234756469727,16.937400817871094,-0.21790525317192078,1.6641579520968288,0.4540022313594818,0.6719074845314026,0.3486785590648651,0.037039171904325485,4288,0,0,0.43515902757644653,0.1615869402885437,0.19580914080142975,0.3434481620788574,0.9268996119499207,0.2040705680847168,0.37476256489753723,,0.03511810302734375,0.03811454027891159,0.05378638207912445,0.05018172040581703,0.377858430147171,0.05050268396735191,0.9
68,13.292922019958496,17.344253540039062,-0.20770540833473206,1.6637354237831137,0.47936055064201355,0.6870659589767456,0.39502274990081787,0.01861206628382206,4352,0,1,0.45573925971984863,0.13903295993804932,0.17994670569896698,0.32943934202194214,0.9409359097480774,0.24016283452510834,0.4086838662624359,,0.03396017476916313,0.04100371152162552,0.04670313745737076,0.048726391047239304,0.36372610926628113,0.049244608730077744,0.9
69,13.313624382019043,17.37725067138672,-0.20368555188179016,1.6052175020336106,0.45976510643959045,0.6634506583213806,0.3701609969139099,0.04158945381641388,4416,0,1,0.4312273859977722,0.14225858449935913,0.20448800921440125,0.2921452522277832,0.9160263538360596,0.1530529260635376,0.319945752620697,,0.035683773458004,0.03796152397990227,0.042994625866413116,0.03965609520673752,0.3334152102470398,0.04022892192006111,0.9
70,13.34165096282959,17.536983489990234,-0.20262080430984497,1.6506577850578965,0.48597002029418945,0.6885908246040344,0.3979596197605133,0.021282536908984184,4480,0,0,0.4579203128814697,0.14616775512695312,0.17264357209205627,0.3651503026485443,0.9416266679763794,0.2735413908958435,0.45563095808029175,,0.031229186803102493,0.043168775737285614,0.05564932897686958,0.05929730460047722,0.3826082944869995,0.05974402651190758,0.9
71,13.36400318145752,16.64710235595703,-0.21600371599197388,1.6256996503000265,0.43877679109573364,0.6547805070877075,0.34054428339004517,0.009985212236642838,4544,0,1,0.4244855046272278,0.14803004264831543,0.19297261536121368,0.3951414227485657,0.9355916976928711,0.21438263356685638,0.3812754452228546,,0.0336180180311203,0.03485895320773125,0.05812538042664528,0.06108378618955612,0.423809677362442,0.06128690391778946,0.9
72,13.310005187988281,17.61944007873535,-0.20503973960876465,1.632736965787284,0.47090816497802734,0.675947904586792,0.37047624588012695,0.02878824807703495,4608,0,0,0.450128436088562,0.1590481400489807,0.18609590828418732,0.32837772369384766,0.9310226440429688,0.18100407719612122,0.3289009630680084,,0.03782951459288597,0.03706984966993332,0.04484754800796509,0.054655708372592926,0.36474624276161194,0.05482069402933121,0.9
73,13.333104133605957,17.189498901367188,-0.202707439661026,1.599626862645324,0.45923659205436707,0.6619440317153931,0.3649568557739258,0.05781072378158569,4672,0,1,0.42837995290756226,0.14842253923416138,0.20243723690509796,0.3104991018772125,0.9230480194091797,0.1530529260635376,0.3107191324234009,,0.03601261228322983,0.035392701625823975,0.04696011170744896,0.04410337656736374,0.3571646213531494,0.04471396654844284,0.9
74,13.279707908630371,17.720916748046875,-0.2014654278755188,1.621725781919229,0.47449231147766113,0.6759577393531799,0.379928857088089,0.020424002781510353,4736,0,0,0.46275532245635986,0.15205973386764526,0.19909194111824036,0.35372066497802734,0.93393474817276,0.20488467812538147,0.3712347447872162,,0.034925006330013275,0.03615732491016388,0.050939302891492844,0.05579174682497978,0.37826859951019287,0.05582413077354431,0.9
75,13.262256622314453,17.87291145324707,-0.1895592212677002,1.6141044064539476,0.5017648935317993,0.6913241147994995,0.41719287633895874,0.01591375842690468,4800,0,0,0.4597036838531494,0.1449223756790161,0.17424719035625458,0.335896372795105,0.9487695693969727,0.2678426206111908,0.42686569690704346,,0.032037489116191864,0.041301995515823364,0.05329054594039917,0.05595695972442627,0.3499622046947479,0.05605744943022728,0.9
76,13.316512107849121,17.056713104248047,-0.2006153166294098,1.5783426909578284,0.4525050222873688,0.6531203389167786,0.36024579405784607,0.01661277748644352,4864,0,0,0.42096608877182007,0.1431879997253418,0.20116093754768372,0.3505936861038208,0.9424809217453003,0.18724559247493744,0.34979647397994995,,0.029392167925834656,0.030986439436674118,0.05050758644938469,0.049486301839351654,0.3927570879459381,0.04992720112204552,0.9
77,13.302351951599121,17.656137466430664,-0.19824156165122986,1.5821931704004004,0.4612502157688141,0.659491777420044,0.3634255528450012,0.014503741636872292,4928,0,0,0.45686769485473633,0.1532713770866394,0.2031964659690857,0.3789308965206146,0.943263053894043,0.2097693383693695,0.37069201469421387,,0.03799932450056076,0.02944471873342991,0.04780750721693039,0.05576790124177933,0.40645846724510193,0.05585357919335365,0.9
78,13.332462310791016,16.921533584594727,-0.20171907544136047,1.5673159127452965,0.4427134692668915,0.644432544708252,0.3448147773742676,0.03073233738541603,4992,0,1,0.4322431683540344,0.1478477120399475,0.21794654428958893,0.3736189603805542,0.9288619160652161,0.19810041785240173,0.3386702835559845,,0.032583288848400116,0.02966250479221344,0.054001957178115845,0.05134957283735275,0.4148382246494293,0.051966581493616104,0.9
79,13.299887657165527,17.659748077392578,-0.19483736157417297,1.5715194753424226,0.46425148844718933,0.6590888500213623,0.36741888523101807,0.023511959239840508,5056,0,0,0.44415682554244995,0.15211480855941772,0.21288660168647766,0.3574792742729187,0.9360480904579163,0.1785617470741272,0.33378562331199646,,0.03915275260806084,0.028343914076685905,0.05011659115552902,0.05221405625343323,0.39075905084609985,0.05222306028008461,0.9
80,13.33186149597168,16.575746536254883,-0.19668835401535034,1.5579320546542568,0.45078063011169434,0.6474689841270447,0.36176809668540955,0.031296003609895706,5120,0,0,0.39881616830825806,0.13959050178527832,0.20404303073883057,0.38160985708236694,0.9431047439575195,0.21736770868301392,0.39620083570480347,,0.035127490758895874,0.02954772487282753,0.052033502608537674,0.04802732914686203,0.4128764867782593,0.048383910208940506,0.9
81,13.353073120117188,16.566606521606445,-0.20010027289390564,1.5410808802671618,0.43008390069007874,0.6301841735839844,0.3282594382762909,0.03826554864645004,5184,0,0,0.4111019968986511,0.15029925107955933,0.23306351900100708,0.3720547556877136,0.9248520135879517,0.18507462739944458,0.3354138433933258,,0.03366546332836151,0.02770376205444336,0.05165392532944679,0.04979795590043068,0.41162729263305664,0.05019206926226616,0.9
82,13.273700714111328,17.15574073791504,-0.18608322739601135,1.5400477919241888,0.4693486988544464,0.6554319262504578,0.37209567427635193,0.03630313649773598,5248,0,0,0.44145113229751587,0.15453851222991943,0.20294204354286194,0.3416122496128082,0.9364109635353088,0.22659431397914886,0.3877883553504944,,0.030359946191310883,0.030596494674682617,0.04333649203181267,0.043572939932346344,0.36474543809890747,0.04390527680516243,0.9
83,13.254730224609375,17.535865783691406,-0.17435568571090698,1.5514463764569664,0.5094654560089111,0.6838211417198181,0.4192010462284088,0.04946306347846985,5312,0,1,0.485101580619812,0.15543508529663086,0.17434805631637573,0.29321104288101196,0.941004753112793,0.224423348903656,0.40461331605911255,,0.03303661197423935,0.03675919026136398,0.049789607524871826,0.04758559912443161,0.32229146361351013,0.04811536520719528,0.9
84,13.263530731201172,17.418062210083008,-0.17908596992492676,1.5595678950265912,0.5008707046508789,0.6799566745758057,0.4222692847251892,0.032381266355514526,5376,0,0,0.4586028456687927,0.1360032558441162,0.17109285295009613,0.3398829698562622,0.9492465853691101,0.2979647219181061,0.4567164480686188,,0.03254582732915878,0.03592142090201378,0.051170188933610916,0.049701008945703506,0.36223557591438293,0.050032202154397964,0.9
85,13.278725624084473,17.45844841003418,-0.1884484589099884,1.5680704681526338,0.4798172414302826,0.668265700340271,0.3871958553791046,0.025192786008119583,5440,0,0,0.4629541039466858,0.15063351392745972,0.1893872767686844,0.35936689376831055,0.9432209134101868,0.24179105460643768,0.40325644612312317,,0.031040217727422714,0.03331813961267471,0.054282259196043015,0.0511343888938427,0.38321298360824585,0.05131956934928894,0.9
86,13.284679412841797,17.278030395507812,-0.18538188934326172,1.5247089774188307,0.4613139033317566,0.6466957926750183,0.37489020824432373,0.030224088579416275,5504,0,0,0.4276648759841919,0.13811331987380981,0.1942843794822693,0.2973059415817261,0.9328256249427795,0.22795116901397705,0.3907734155654907,,0.03394494950771332,0.028610311448574066,0.04452543333172798,0.04022116959095001,0.3334701657295227,0.04069260135293007,0.9
87,13.361356735229492,16.68857192993164,-0.20271310210227966,1.5514395475323246,0.4296797811985016,0.6323928833007812,0.3409266173839569,0.030710851773619652,5568,0,0,0.3944903016090393,0.1340937614440918,0.229866623878479,0.36015212535858154,0.9251388311386108,0.19294437766075134,0.3335142731666565,,0.03278098255395889,0.026647213846445084,0.05476342514157295,0.05131382495164871,0.3970947861671448,0.05152563750743866,0.9
88,13.300627708435059,17.195484161376953,-0.19150957465171814,1.5718352330154748,0.4735870063304901,0.6650965809822083,0.3755156993865967,0.020559288561344147,5632,0,0,0.4574679136276245,0.15628737211227417,0.19912691414356232,0.39961928129196167,0.9482567310333252,0.24667571485042572,0.418181836605072,,0.032546915113925934,0.03071129135787487,0.06261680275201797,0.06532950699329376,0.41861042380332947,0.06575653702020645,0.9
89,13.287708282470703,17.380884170532227,-0.18606910109519958,1.5662409564775437,0.4853267967700958,0.6713958978652954,0.39196720719337463,0.049488212913274765,5696,0,1,0.4597936272621155,0.1542847752571106,0.1817324310541153,0.31673115491867065,0.935886800289154,0.18697422742843628,0.3647218644618988,,0.033649690449237823,0.03357110917568207,0.04288163408637047,0.04798943176865578,0.3513649106025696,0.04851327836513519,0.9
90,13.346709251403809,16.52052879333496,-0.19716671109199524,1.5364120854975003,0.43526753783226013,0.6324342489242554,0.3323143720626831,0.04233071208000183,5760,0,0,0.4023773670196533,0.15408951044082642,0.22607947885990143,0.3744463622570038,0.9289873838424683,0.2130257934331894,0.3780190050601959,,0.0340215340256691,0.026843689382076263,0.053192149847745895,0.053835514932870865,0.40416190028190613,0.054046839475631714,0.9
91,13.29631519317627,17.681882858276367,-0.17980241775512695,1.5076359514379336,0.4660019874572754,0.6458044052124023,0.3735506534576416,0.04560554772615433,5824,0,1,0.42142337560653687,0.14720410108566284,0.19772259891033173,0.2785313129425049,0.925682544708252,0.15061059594154358,0.30691996216773987,,0.03397360071539879,0.03096822462975979,0.03986150398850441,0.039534810930490494,0.31442147493362427,0.039958108216524124,0.9
92,13.258079528808594,17.38980484008789,-0.1811029016971588,1.5338912794842288,0.4796840250492096,0.6607869267463684,0.394471675157547,0.03741994872689247,5888,0,1,0.4529682397842407,0.1405583620071411,0.18545670807361603,0.28340792655944824,0.9394350647926331,0.19077341258525848,0.36689281463623047,,0.03431721404194832,0.029354702681303024,0.04118398204445839,0.041024141013622284,0.32048287987709045,0.04137018695473671,0.9
93,13.338361740112305,16.62168312072754,-0.19817662239074707,1.5720610496316452,0.45539772510528564,0.6535743474960327,0.3486458659172058,0.03948044404387474,5952,0,0,0.4377329349517822,0.16324102878570557,0.2055763304233551,0.39370596408843994,0.9436217546463013,0.22225238382816315,0.38995930552482605,,0.03181219846010208,0.02939450927078724,0.06050722673535347,0.0584549754858017,0.42232102155685425,0.058704592287540436,0.9
94,13.295945167541504,17.580354690551758,-0.1898496150970459,1.565798509771961,0.47460758686065674,0.6644572019577026,0.3805426061153412,0.04328662157058716,6016,0,0,0.45111846923828125,0.15184462070465088,0.1944531947374344,0.37289419770240784,0.9343088865280151,0.25861603021621704,0.41492539644241333,,0.028139058500528336,0.03337235003709793,0.05624983087182045,0.057434067130088806,0.39048340916633606,0.058015283197164536,0.9
95,13.363521575927734,16.40422821044922,-0.20442676544189453,1.5731484955259747,0.4388999342918396,0.6433266997337341,0.3170759677886963,0.07483780384063721,6080,0,1,0.3975313901901245,0.17833513021469116,0.211268350481987,0.40126994252204895,0.9194123148918152,0.19565808773040771,0.35875171422958374,,0.02980184555053711,0.03232584893703461,0.05922473967075348,0.06310504674911499,0.4355127513408661,0.06365881115198135,0.9
96,13.282500267028809,16.868249893188477,-0.18178752064704895,1.5402577602007494,0.48172953724861145,0.6635170578956604,0.3877442181110382,0.030865512788295746,6144,0,0,0.44551903009414673,0.15376073122024536,0.1890038698911667,0.3897836208343506,0.9506713151931763,0.30881956219673157,0.47734057903289795,,0.0312957763671875,0.030010323971509933,0.04933211952447891,0.051569774746894836,0.40971896052360535,0.05180428922176361,0.9
97,13.27232837677002,18.44283103942871,-0.1723310947418213,1.52926073198601,0.5020617246627808,0.674392819404602,0.4253869354724884,0.04038401320576668,6208,0,0,0.47011446952819824,0.13339680433273315,0.19074934720993042,0.33521801233291626,0.9384317994117737,0.24206241965293884,0.3991858959197998,,0.031007718294858932,0.03718244284391403,0.04860135167837143,0.05087153613567352,0.36040496826171875,0.05109076201915741,0.9
98,13.284618377685547,16.933107376098633,-0.18180224299430847,1.5299794307613503,0.4751613438129425,0.656963586807251,0.3785337805747986,0.043992068618535995,6272,0,0,0.4531164765357971,0.15506935119628906,0.19850240647792816,0.37796396017074585,0.9380967617034912,0.22985075414180756,0.40217098593711853,,0.031077222898602486,0.028951676562428474,0.05328357592225075,0.049443211406469345,0.4076921343803406,0.04972317814826965,0.9
99,13.354056358337402,17.182886123657227,-0.18714526295661926,1.5219913659142308,0.45433297753334045,0.6414782404899597,0.346118688583374,0.06162416934967041,6336,0,0,0.41596323251724243,0.16493409872055054,0.21921014785766602,0.40848827362060547,0.931365966796875,0.20054274797439575,0.35169607400894165,,0.0317443385720253,0.02851107157766819,0.059314433485269547,0.06332391500473022,0.43207642436027527,0.06361708045005798,0.9
100,13.310330390930176,17.009607315063477,-0.17738598585128784,1.4831389225118705,0.4554608464241028,0.6328468322753906,0.357402503490448,0.05637861043214798,6400,0,1,0.4055347442626953,0.1526009440422058,0.2074911743402481,0.3292075991630554,0.9291497468948364,0.15088196098804474,0.31099051237106323,,0.030726173892617226,0.027613356709480286,0.03736868128180504,0.04298706352710724,0.37776950001716614,0.04335036873817444,0.9
101,13.234237670898438,17.83827781677246,-0.16635429859161377,1.5095625990931085,0.5071808099746704,0.6735351085662842,0.4193095862865448,0.022891763597726822,6464,0,0,0.48823535442352295,0.1511027216911316,0.17105594277381897,0.3735904395580292,0.9567586183547974,0.2371777594089508,0.41166895627975464,,0.03554612398147583,0.0282746609300375,0.047896746546030045,0.0553923174738884,0.3965812623500824,0.055164825171232224,0.9
102,13.364895820617676,16.330001831054688,-0.2009914517402649,1.5456706344473747,0.4306701421737671,0.631661593914032,0.3221895098686218,0.04118906706571579,6528,0,0,0.36010146141052246,0.15975850820541382,0.2223036140203476,0.42609483003616333,0.9321008324623108,0.21058344841003418,0.38018998503685,,0.02543177455663681,0.02779732272028923,0.05704887583851814,0.058702170848846436,0.4619211256504059,0.05893440917134285,0.9
103,13.355238914489746,16.410381317138672,-0.19369414448738098,1.5205651899010963,0.4342215359210968,0.6279156804084778,0.32840561866760254,0.03930797427892685,6592,0,1,0.4212110638618469,0.15692228078842163,0.22391322255134583,0.42474564909935,0.9333539605140686,0.207869753241539,0.3782903850078583,,0.028409501537680626,0.026020053774118423,0.05919184535741806,0.059812579303979874,0.46697482466697693,0.060320451855659485,0.9
104,13.321052551269531,16.91604232788086,-0.18725749850273132,1.516784400565465,0.4503912031650543,0.6376487016677856,0.35561779141426086,0.04656505584716797,6656,0,1,0.4316878318786621,0.14597123861312866,0.22616198658943176,0.34399592876434326,0.9259117841720581,0.17937585711479187,0.31858888268470764,,0.03151518851518631,0.024928681552410126,0.052782561630010605,0.047494057565927505,0.399382621049881,0.04836081340909004,0.9
105,13.326927185058594,16.573455810546875,-0.18249952793121338,1.509767606957523,0.4594951272010803,0.6419946551322937,0.36145952343940735,0.054330553859472275,6720,0,0,0.4158021807670593,0.15307825803756714,0.2160479724407196,0.4011654257774353,0.9402266144752502,0.2347354292869568,0.40027138590812683,,0.032100073993206024,0.024933237582445145,0.05375783145427704,0.05330486595630646,0.4342060983181,0.05379416048526764,0.9
106,13.309723854064941,17.719898223876953,-0.17778164148330688,1.4989351120942562,0.4658961892127991,0.643677830696106,0.3768812119960785,0.043208200484514236,6784,0,0,0.44961845874786377,0.14233601093292236,0.20319832861423492,0.38470548391342163,0.9374172687530518,0.18290367722511292,0.3462686836719513,,0.040687233209609985,0.025091687217354774,0.05071324482560158,0.059540413320064545,0.40724775195121765,0.059669144451618195,0.9
107,13.248013496398926,17.523151397705078,-0.16663873195648193,1.4831335609484488,0.4884489178657532,0.6550876498222351,0.4072714149951935,0.059634819626808167,6848,0,1,0.4526723027229309,0.13606953620910645,0.1889672726392746,0.29562151432037354,0.929404616355896,0.18398915231227875,0.34084126353263855,,0.034437306225299835,0.027787946164608,0.0385700985789299,0.036474987864494324,0.34167686104774475,0.03697587177157402,0.9
108,13.3652982711792,16.333391189575195,-0.19257274270057678,1.501674585798357,0.42356738448143005,0.6161401271820068,0.31698375940322876,0.058202359825372696,6912,0,0,0.40813106298446655,0.15544790029525757,0.24458616971969604,0.4172326624393463,0.920825719833374,0.19782903790473938,0.34545454382896423,,0.029134485870599747,0.02449698932468891,0.05828642100095749,0.057795748114585876,0.45253613591194153,0.05824267864227295,0.9
109,13.362800598144531,16.422239303588867,-0.19656071066856384,1.5237073158182013,0.42811378836631775,0.6246744990348816,0.330871045589447,0.034827183932065964,6976,0,1,0.4086569547653198,0.14448726177215576,0.2339189499616623,0.4120987355709076,0.9370318055152893,0.17014926671981812,0.3416553735733032,,0.027372922748327255,0.02515312284231186,0.06222353130578995,0.05463622510433197,0.4643573462963104,0.055534981191158295,0.9
110,13.269858360290527,17.336206436157227,-0.17244932055473328,1.4851898360357179,0.4721241891384125,0.6445735096931458,0.3897627890110016,0.030729927122592926,7040,0,0,0.455350399017334,0.13440167903900146,0.1945537030696869,0.38509276509284973,0.9476183652877808,0.21926730871200562,0.4024423360824585,,0.033784784376621246,0.02467479184269905,0.047931719571352005,0.05396326631307602,0.4191153645515442,0.05412807688117027,0.9
111,13.311945915222168,17.07756805419922,-0.18710216879844666,1.5149370201255086,0.44954821467399597,0.6366503834724426,0.3781479597091675,0.032516203820705414,7104,0,0,0.42836904525756836,0.11453908681869507,0.21179668605327606,0.34004780650138855,0.9342101812362671,0.16716419160366058,0.34599730372428894,,0.029418492689728737,0.026728324592113495,0.04858175665140152,0.04435749351978302,0.38163405656814575,0.04458483308553696,0.9
112,13.328463554382324,17.103132247924805,-0.19091832637786865,1.5469259769169732,0.4600064158439636,0.6509247422218323,0.36600422859191895,0.029476160183548927,7168,0,0,0.4437737464904785,0.14743781089782715,0.20540472865104675,0.42846688628196716,0.9482505917549133,0.24776120483875275,0.41736772656440735,,0.025272371247410774,0.029179109260439873,0.06135346740484238,0.062119316309690475,0.45160919427871704,0.06242500990629196,0.9
113,13.297019958496094,16.745847702026367,-0.17897185683250427,1.511276033764844,0.4709787666797638,0.6499506235122681,0.36798369884490967,0.04558360204100609,7232,0,0,0.4570997357368469,0.16273218393325806,0.20159772038459778,0.4128393232822418,0.9451585412025452,0.2333785742521286,0.40325644612312317,,0.02874007448554039,0.02582617662847042,0.054376423358917236,0.05469154566526413,0.43832001090049744,0.055148087441921234,0.9
114,13.285443305969238,17.37529182434082,-0.17413678765296936,1.4830076971263366,0.4653373062610626,0.639474093914032,0.3915521800518036,0.04939907416701317,7296,0,1,0.4406774044036865,0.1206662654876709,0.20668886601924896,0.28238803148269653,0.9296338558197021,0.14681139588356018,0.30963367223739624,,0.031610481441020966,0.02499978244304657,0.041027575731277466,0.03877146542072296,0.3332207202911377,0.03912128880620003,0.9
115,13.324064254760742,16.790040969848633,-0.1894773542881012,1.5195903331985419,0.4458558261394501,0.6353331804275513,0.36213916540145874,0.025748422369360924,7360,0,0,0.42978906631469727,0.13011515140533447,0.21726781129837036,0.3827686905860901,0.939671516418457,0.21329715847969055,0.3929443955421448,,0.03015819564461708,0.024491271004080772,0.051381513476371765,0.050183288753032684,0.41485002636909485,0.050521958619356155,0.9
116,13.300844192504883,17.649097442626953,-0.1827945113182068,1.5335758111422062,0.4746215343475342,0.657416045665741,0.39609473943710327,0.035832442343235016,7424,0,1,0.4549219012260437,0.12929624319076538,0.1922823041677475,0.2752509117126465,0.9342215061187744,0.16662144660949707,0.3137042224407196,,0.03202538192272186,0.030333366245031357,0.046315811574459076,0.043410420417785645,0.32916533946990967,0.04400958865880966,0.9
117,13.292762756347656,17.082796096801758,-0.18326064944267273,1.515712991772688,0.4613853991031647,0.6446460485458374,0.3846442699432373,0.030946537852287292,7488,0,1,0.43251222372055054,0.12409073114395142,0.19727914035320282,0.3668874502182007,0.9433751106262207,0.2352781593799591,0.40325644612312317,,0.029730312526226044,0.02810540795326233,0.05263952910900116,0.04905302822589874,0.40368837118148804,0.04968773573637009,0.9
118,13.31167221069336,17.05287742614746,-0.18284693360328674,1.505257862211168,0.45526471734046936,0.6381116509437561,0.3529292345046997,0.05006098747253418,7552,0,0,0.43307965993881226,0.15745937824249268,0.21373136341571808,0.4131779074668884,0.9359679222106934,0.21465401351451874,0.3807327151298523,,0.030774610117077827,0.02428348734974861,0.052728839218616486,0.05685460567474365,0.44464656710624695,0.057260315865278244,0.9
119,13.240205764770508,19.19057273864746,-0.1630297303199768,1.5302177506446992,0.5294933319091797,0.6925230622291565,0.44851577281951904,0.024859754368662834,7616,0,1,0.4987058639526367,0.14635437726974487,0.15579912066459656,0.30485236644744873,0.9625550508499146,0.24884667992591858,0.4483039379119873,,0.026424001902341843,0.039910655468702316,0.05411883071064949,0.06543736159801483,0.3146125078201294,0.06646034121513367,0.9
120,13.275914192199707,18.182966232299805,-0.17210307717323303,1.51267113759348,0.4921981394290924,0.6643012166023254,0.40847328305244446,0.03684177249670029,7680,0,0,0.47544044256210327,0.14087802171707153,0.18138520419597626,0.3905354142189026,0.9474209547042847,0.2097693383693695,0.3717775046825409,,0.03699060529470444,0.02544594742357731,0.05342065542936325,0.06713853031396866,0.4036630392074585,0.06694082170724869,0.9
121,13.256101608276367,17.012479782104492,-0.17684397101402283,1.5348608283579492,0.4925205409526825,0.6693645119667053,0.4042254388332367,0.03156297653913498,7744,0,0,0.45242100954055786,0.14744645357131958,0.1878286600112915,0.37692156434059143,0.9558169841766357,0.29687926173210144,0.48439621925354004,,0.026065383106470108,0.02875233069062233,0.048437125980854034,0.051831554621458054,0.40354567766189575,0.05196031928062439,0.9
122,13.282085418701172,17.524240493774414,-0.1820273995399475,1.5366151900864988,0.4787585735321045,0.660785973072052,0.37523841857910156,0.025201953947544098,7808,0,1,0.4569151997566223,0.1652359962463379,0.19568702578544617,0.4041891098022461,0.9537652730941772,0.25291723012924194,0.4252374768257141,,0.026250749826431274,0.02719934657216072,0.05575501546263695,0.059718891978263855,0.432265043258667,0.0607103668153286,0.9
123,13.347136497497559,16.59822654724121,-0.19848352670669556,1.5380312006299972,0.4326093792915344,0.63109290599823,0.3411191403865814,0.03549300506711006,7872,0,0,0.412605345249176,0.13819962739944458,0.23372244834899902,0.38503459095954895,0.9348166584968567,0.2423337996006012,0.3926730155944824,,0.026398679241538048,0.024150820448994637,0.050916798412799835,0.05019455403089523,0.4258865714073181,0.05046098679304123,0.9
124,13.290574073791504,16.954309463500977,-0.18279534578323364,1.5235389615932207,0.46805137395858765,0.6508467197418213,0.37521350383758545,0.026749789714813232,7936,0,0,0.4451211094856262,0.14829319715499878,0.2055540531873703,0.38189077377319336,0.9485331773757935,0.21194030344486237,0.3858887553215027,,0.028969518840312958,0.024885717779397964,0.057935819029808044,0.05599666386842728,0.41253915429115295,0.05638597905635834,0.9
125,13.314550399780273,17.23465347290039,-0.1866837441921234,1.5290541720677926,0.460453063249588,0.6471368074417114,0.3612920939922333,0.028056388720870018,8000,0,0,0.43360668420791626,0.1549418568611145,0.20843027532100677,0.3988162577152252,0.9470993280410767,0.20054274797439575,0.37856176495552063,,0.033702775835990906,0.02218732237815857,0.0493585504591465,0.053486235439777374,0.42938244342803955,0.05366035923361778,0.9
126,13.314297676086426,16.85938262939453,-0.18769195675849915,1.5292329072958362,0.457658976316452,0.6453509330749512,0.3547627925872803,0.033275410532951355,8064,0,0,0.4275316596031189,0.1588205099105835,0.21076975762844086,0.3982394337654114,0.940809428691864,0.23039349913597107,0.3953867256641388,,0.026460416615009308,0.02473260462284088,0.06007325276732445,0.05664324760437012,0.4351511001586914,0.05717754364013672,0.9
127,13.342377662658691,16.60000228881836,-0.19301030039787292,1.5356316331065927,0.4466482102870941,0.639658510684967,0.3450341522693634,0.030361684039235115,8128,0,0,0.4125358462333679,0.1544097661972046,0.22601699829101562,0.43950289487838745,0.9472904205322266,0.2621438503265381,0.4312076270580292,,0.024191856384277344,0.025021200999617577,0.061996158212423325,0.062466736882925034,0.46739107370376587,0.06293033063411713,0.9
128,13.330175399780273,16.799774169921875,-0.18888166546821594,1.5287758127722486,0.45391276478767395,0.6427944302558899,0.3556360602378845,0.0402914434671402,8192,0,0,0.4096335172653198,0.15153604745864868,0.21646228432655334,0.39649099111557007,0.9440268278121948,0.21981005370616913,0.38561737537384033,,0.027144640684127808,0.02447597309947014,0.05955176055431366,0.05601608008146286,0.4266626834869385,0.05658748745918274,0.9
129,13.314722061157227,17.551406860351562,-0.18986773490905762,1.5281648502695164,0.4506465196609497,0.6405142545700073,0.3563573360443115,0.034972887486219406,8256,0,0,0.4324198365211487,0.14593404531478882,0.23009704053401947,0.4166303277015686,0.9408063292503357,0.22903664410114288,0.39837178587913513,,0.026183467358350754,0.024839891120791435,0.05169659107923508,0.055864911526441574,0.44521090388298035,0.05618644878268242,0.9
130,13.32033634185791,17.622074127197266,-0.18874335289001465,1.5376921667568597,0.4602317214012146,0.6489750742912292,0.36828792095184326,0.019441762939095497,8320,0,0,0.44434916973114014,0.14514750242233276,0.21204262971878052,0.42555034160614014,0.9498068690299988,0.2838534712791443,0.45508819818496704,,0.02629844658076763,0.026164723560214043,0.05942932516336441,0.06027351692318916,0.4398530423641205,0.060463860630989075,0.9
131,13.302228927612305,17.236572265625,-0.18798011541366577,1.531066138954243,0.45805245637893677,0.6460325717926025,0.36232250928878784,0.02120036631822586,8384,0,0,0.44370609521865845,0.14902859926223755,0.2095981240272522,0.447126179933548,0.952569842338562,0.2683853507041931,0.4572591781616211,,0.023873133584856987,0.023979399353265762,0.05818995088338852,0.06522679328918457,0.4630082845687866,0.0654584988951683,0.9
132,13.235261917114258,18.645713806152344,-0.16416501998901367,1.526056010504954,0.5237674117088318,0.6879324316978455,0.43740057945251465,0.032358285039663315,8448,0,0,0.4976215362548828,0.15294486284255981,0.16485774517059326,0.3822321891784668,0.9620493650436401,0.2773405909538269,0.4643148183822632,,0.03567424789071083,0.026522532105445862,0.05395493656396866,0.06765803694725037,0.39200663566589355,0.06740584969520569,0.9
133,13.310262680053711,16.763952255249023,-0.18692618608474731,1.5303666565704073,0.4606267213821411,0.6475529074668884,0.35946816205978394,0.028478575870394707,8512,0,0,0.4431798458099365,0.15715724229812622,0.20903146266937256,0.41599828004837036,0.9553934931755066,0.23256446421146393,0.42686569690704346,,0.02654465287923813,0.02252781018614769,0.06427860260009766,0.058167025446891785,0.44677984714508057,0.05875552445650101,0.9
134,13.262471199035645,17.45704460144043,-0.17583468556404114,1.5300108427035433,0.49240854382514954,0.6682432293891907,0.3902858793735504,0.030811021104454994,8576,0,0,0.47176456451416016,0.16723096370697021,0.18956081569194794,0.4277459979057312,0.957737147808075,0.24857531487941742,0.4227951169013977,,0.031255174428224564,0.02394826151430607,0.053483203053474426,0.06670685112476349,0.4462469518184662,0.06664086878299713,0.9
135,13.3030424118042,16.933330535888672,-0.18294662237167358,1.5203172826162135,0.46544748544692993,0.6483941078186035,0.3747629225254059,0.04734451696276665,8640,0,0,0.4137004017829895,0.14396566152572632,0.21925193071365356,0.36467912793159485,0.9436104893684387,0.20379918813705444,0.3742198348045349,,0.02592281624674797,0.02445339784026146,0.051543962210416794,0.048422522842884064,0.41011303663253784,0.04918358847498894,0.9
136,13.38472843170166,16.168350219726562,-0.2015901505947113,1.5319378513817148,0.4194367229938507,0.621026873588562,0.3117435574531555,0.0374540239572525,8704,0,0,0.3819388151168823,0.15579277276992798,0.251497358083725,0.44882506132125854,0.9356904029846191,0.21004071831703186,0.3647218644618988,,0.023956961929798126,0.021633977070450783,0.06504791975021362,0.06328199803829193,0.48243966698646545,0.06374774128198624,0.9
137,13.31608772277832,17.856626510620117,-0.18607795238494873,1.5360706241499054,0.46680742502212524,0.652885377407074,0.3693888485431671,0.028124939650297165,8768,0,0,0.43563979864120483,0.15340697765350342,0.20714209973812103,0.4238235354423523,0.9498664140701294,0.23039349913597107,0.4018996059894562,,0.031701721251010895,0.023558739572763443,0.0603642463684082,0.07052616775035858,0.4401637017726898,0.07037974894046783,0.9
138,13.22743034362793,17.958255767822266,-0.16637426614761353,1.524837042370018,0.5166239738464355,0.6829982399940491,0.4317297339439392,0.025573963299393654,8832,0,1,0.49688124656677246,0.14874178171157837,0.18263155221939087,0.3429226577281952,0.9604725241661072,0.2531886100769043,0.4610583484172821,,0.027737721800804138,0.02714874967932701,0.04372820630669594,0.04858909919857979,0.38705775141716003,0.049518030136823654,0.9
139,13.31072998046875,16.752182006835938,-0.1848229467868805,1.5167971625621806,0.45754554867744446,0.642368495464325,0.35079073905944824,0.05008891969919205,8896,0,0,0.4314831495285034,0.1635313630104065,0.21929334104061127,0.3797253668308258,0.9431345462799072,0.1964721977710724,0.36445048451423645,,0.026085276156663895,0.022057661786675453,0.04870264232158661,0.04987158253788948,0.419517457485199,0.050431303679943085,0.9
140,13.257950782775879,17.16741943359375,-0.17213308811187744,1.5157452535468812,0.4941108822822571,0.6662439703941345,0.4003077447414398,0.05523258447647095,8960,0,1,0.46181410551071167,0.15547949075698853,0.18581606447696686,0.33593231439590454,0.9495405554771423,0.22550882399082184,0.40841248631477356,,0.02594597265124321,0.02718404121696949,0.046020470559597015,0.04619067162275314,0.38620299100875854,0.04693354293704033,0.9
141,13.29333209991455,16.547977447509766,-0.18421825766563416,1.5106760216347543,0.4550476372241974,0.6392658948898315,0.35716766119003296,0.037896301597356796,9024,0,0,0.42932337522506714,0.15123975276947021,0.22663269937038422,0.3824576139450073,0.94793701171875,0.23744912445545197,0.41112619638442993,,0.02733980119228363,0.021687645465135574,0.049768153578042984,0.05045709013938904,0.43020784854888916,0.05095148831605911,0.9
142,13.312910079956055,17.0787296295166,-0.19382020831108093,1.5405959389846897,0.44764915108680725,0.6414693593978882,0.35041698813438416,0.02226625755429268,9088,0,0,0.4276607036590576,0.1486627459526062,0.22202838957309723,0.45443060994148254,0.9523375630378723,0.2504749000072479,0.4233378767967224,,0.02604302018880844,0.02190900221467018,0.0630129724740982,0.06622464954853058,0.4793470501899719,0.06660838425159454,0.9
143,13.303050994873047,17.10441017150879,-0.18583884835243225,1.5267847035594893,0.4613816440105438,0.6472204923629761,0.36702969670295715,0.02474568784236908,9152,0,0,0.4239233136177063,0.14839774370193481,0.21508806943893433,0.4461067318916321,0.9565232396125793,0.2404341995716095,0.4298507571220398,,0.02919701859354973,0.021293196827173233,0.06036791577935219,0.06279587000608444,0.4723764955997467,0.0629555806517601,0.9
144,13.335638999938965,16.53310203552246,-0.19003704190254211,1.5115649112785863,0.4384811818599701,0.6285182237625122,0.33810317516326904,0.02982955053448677,9216,0,0,0.42912906408309937,0.15085363388061523,0.23006267845630646,0.422521710395813,0.9490707516670227,0.2092266082763672,0.39131617546081543,,0.025601617991924286,0.020574718713760376,0.0531732402741909,0.05633403733372688,0.4577530324459076,0.05660169944167137,0.9
145,13.28154182434082,16.684541702270508,-0.18295136094093323,1.5261723839830001,0.4693463146686554,0.6522976756095886,0.3662016689777374,0.020825447514653206,9280,0,0,0.4634109139442444,0.16184192895889282,0.20613957941532135,0.44438886642456055,0.9604858160018921,0.2985074818134308,0.48955225944519043,,0.025107549503445625,0.021459877490997314,0.05633716657757759,0.05779843404889107,0.47311103343963623,0.05804889649152756,0.9
146,13.274482727050781,16.848678588867188,-0.18126234412193298,1.5106420223662558,0.4637681543827057,0.6450304985046387,0.3690071105957031,0.04160730168223381,9344,0,1,0.4449719190597534,0.14957594871520996,0.21331162750720978,0.40234750509262085,0.953733503818512,0.23934872448444366,0.415739506483078,,0.024586856365203857,0.02102118358016014,0.05276758596301079,0.058188654482364655,0.4461616277694702,0.05892862007021904,0.9
147,13.244416236877441,17.6339111328125,-0.17475315928459167,1.51118991816767,0.4833911955356598,0.6581443548202515,0.39415469765663147,0.031608883291482925,9408,0,0,0.45800185203552246,0.14700192213058472,0.20166470110416412,0.3956429362297058,0.9534127116203308,0.2659430205821991,0.44287654757499695,,0.02745838835835457,0.02503139153122902,0.05467056855559349,0.05660421401262283,0.4206467568874359,0.056948285549879074,0.9
148,13.28443717956543,17.252132415771484,-0.19012755155563354,1.5391027278017215,0.4571983814239502,0.6473259329795837,0.35797280073165894,0.022739173844456673,9472,0,0,0.44648313522338867,0.15372318029403687,0.22125644981861115,0.4434136748313904,0.9521998167037964,0.2616010904312134,0.41981005668640137,,0.025015048682689667,0.021952057257294655,0.05703003704547882,0.06448744237422943,0.4748769998550415,0.0646650493144989,0.9
149,13.289405822753906,17.67875099182129,-0.18514418601989746,1.5159429350773472,0.45600956678390503,0.6411537528038025,0.35938477516174316,0.03143472597002983,9536,0,0,0.4525775909423828,0.15034210681915283,0.2212931215763092,0.4068322777748108,0.9463529586791992,0.23554953932762146,0.4165536165237427,,0.023751694709062576,0.021856248378753662,0.05135132372379303,0.05295509099960327,0.43739473819732666,0.05328831821680069,0.9
150,13.346185684204102,16.40167999267578,-0.19249790906906128,1.5390895010234855,0.45042240619659424,0.6429203152656555,0.3391185402870178,0.0399005264043808,9600,0,0,0.4429734945297241,0.16773688793182373,0.20498539507389069,0.4580584168434143,0.9568469524383545,0.27327001094818115,0.46838536858558655,,0.02480218932032585,0.0238131582736969,0.05848746374249458,0.06747971475124359,0.476007878780365,0.06752662360668182,0.9
151,13.29990005493164,16.64210319519043,-0.18754228949546814,1.5245200708553757,0.45490744709968567,0.6424497365951538,0.3568217158317566,0.05492876097559929,9664,0,1,0.44273966550827026,0.15165406465530396,0.22956572473049164,0.3806792199611664,0.9370092153549194,0.1837177872657776,0.36499321460723877,,0.02472846582531929,0.02331727370619774,0.05183495208621025,0.047546785324811935,0.4334382116794586,0.04822957143187523,0.9
152,13.305103302001953,16.631114959716797,-0.19020962715148926,1.5359521954103295,0.45489001274108887,0.6450996398925781,0.3514889180660248,0.019531790167093277,9728,0,1,0.42457467317581177,0.1591585874557495,0.20411688089370728,0.455136239528656,0.9604324102401733,0.2512890100479126,0.4732700288295746,,0.02308773621916771,0.022433161735534668,0.057140447199344635,0.06733185797929764,0.4882267713546753,0.06793738901615143,0.9
153,13.254010200500488,17.485286712646484,-0.1747167706489563,1.5119570895551715,0.4840109348297119,0.6587277054786682,0.3866422176361084,0.025161929428577423,9792,0,0,0.46521925926208496,0.1585058569908142,0.19900335371494293,0.4429098665714264,0.9610399007797241,0.30447763204574585,0.4827679991722107,,0.026287848129868507,0.02030489221215248,0.05221810191869736,0.06007879227399826,0.47009044885635376,0.06021110340952873,0.9
154,13.237634658813477,19.20911407470703,-0.17034167051315308,1.5227199606385986,0.5037827491760254,0.6741244196891785,0.40595176815986633,0.030200593173503876,9856,0,1,0.48835068941116333,0.16365092992782593,0.19504719972610474,0.3898611068725586,0.9567144513130188,0.22849389910697937,0.4227951169013977,,0.024201657623052597,0.026490766555070877,0.053869444876909256,0.06380686908960342,0.41802409291267395,0.06566908210515976,0.9
155,13.290579795837402,17.353540420532227,-0.18158653378486633,1.5202730338473645,0.4693918526172638,0.6509783864021301,0.3734146058559418,0.03824760392308235,9920,0,0,0.4452120065689087,0.15270668268203735,0.21211306750774384,0.44458720088005066,0.9583580493927002,0.2390773445367813,0.4401628375053406,,0.029569659382104874,0.019914792850613594,0.05200304090976715,0.06012359634041786,0.4662957787513733,0.0602862723171711,0.9
156,13.285511016845703,18.197633743286133,-0.18814554810523987,1.5464812987056606,0.4675690233707428,0.6557145714759827,0.3634850084781647,0.023873761296272278,9984,0,0,0.45214492082595825,0.16259974241256714,0.22543221712112427,0.43654659390449524,0.9557821750640869,0.2743555009365082,0.46512892842292786,,0.02160308137536049,0.02302713133394718,0.0531577542424202,0.06368210911750793,0.4611740708351135,0.06405407190322876,0.9
157,13.2387056350708,17.402053833007812,-0.1775377094745636,1.5374191188861708,0.49210986495018005,0.6696475744247437,0.384959876537323,0.02048845961689949,10048,0,0,0.4810587763786316,0.17387062311172485,0.18589253723621368,0.43708351254463196,0.960508406162262,0.2654002904891968,0.46024423837661743,,0.025792526081204414,0.02072332799434662,0.04885127767920494,0.06251319497823715,0.4496691823005676,0.06258966773748398,0.9
158,13.278812408447266,17.130159378051758,-0.17824193835258484,1.5185309036531383,0.4780139625072479,0.6562559008598328,0.37921977043151855,0.04908663034439087,10112,0,1,0.45178622007369995,0.15843307971954346,0.21985916793346405,0.37395042181015015,0.943022608757019,0.22903664410114288,0.3929443955421448,,0.02716369554400444,0.021896924823522568,0.04548059403896332,0.04599345475435257,0.4118259847164154,0.04638030007481575,0.9
159,13.34100341796875,16.1346378326416,-0.2013724446296692,1.549411732946858,0.43210381269454956,0.6334762573242188,0.32495078444480896,0.03451966121792793,10176,0,1,0.40437132120132446,0.15805405378341675,0.2408098429441452,0.4414113163948059,0.9470211267471313,0.22360923886299133,0.39701494574546814,,0.023537810891866684,0.020081806927919388,0.05864559859037399,0.05817072093486786,0.47964125871658325,0.058888040482997894,0.9
160,13.28421688079834,17.206892013549805,-0.18377423286437988,1.5157006513622273,0.4598674178123474,0.6436416506767273,0.35258957743644714,0.03697720915079117,10240,0,0,0.4347018003463745,0.1648503541946411,0.2233559787273407,0.44348883628845215,0.9514761567115784,0.2282225340604782,0.4056988060474396,,0.029893673956394196,0.01850920543074608,0.05059925839304924,0.05670589953660965,0.46550387144088745,0.057015560567379,0.9
161,13.261882781982422,17.310924530029297,-0.17850041389465332,1.5211994301290215,0.47901952266693115,0.6575199365615845,0.37357574701309204,0.02903040125966072,10304,0,0,0.45937949419021606,0.16737020015716553,0.20786719024181366,0.43116992712020874,0.9539328813552856,0.24179105460643768,0.42822253704071045,,0.029175758361816406,0.019116951152682304,0.05010579898953438,0.056703969836235046,0.454102098941803,0.057032737880945206,0.9
162,13.245059967041016,18.82037925720215,-0.1680712103843689,1.5263022624468172,0.5125852823257446,0.6806564927101135,0.40613994002342224,0.031863734126091,10368,0,0,0.4840690493583679,0.17870545387268066,0.18571195006370544,0.37015002965927124,0.952821671962738,0.22605156898498535,0.4100407063961029,,0.038119520992040634,0.021107926964759827,0.044530149549245834,0.06561531871557236,0.3779732286930084,0.0650046244263649,0.9
163,13.316007614135742,17.138051986694336,-0.1878475844860077,1.534595196180774,0.46076956391334534,0.648617148399353,0.36787092685699463,0.025120608508586884,10432,0,0,0.4477718472480774,0.14643877744674683,0.22798851132392883,0.43864747881889343,0.9511595964431763,0.27842605113983154,0.4412483274936676,,0.021031394600868225,0.023034755140542984,0.059340182691812515,0.06105423346161842,0.45523345470428467,0.06175234913825989,0.9
164,13.360809326171875,16.273656845092773,-0.19931501150131226,1.5666505345131496,0.4489426016807556,0.6482576131820679,0.33646348118782043,0.028986837714910507,10496,0,0,0.4349437355995178,0.16887176036834717,0.2171963006258011,0.4818068742752075,0.953245222568512,0.2767978310585022,0.4681139886379242,,0.021770231425762177,0.022648196667432785,0.06622003018856049,0.07254202663898468,0.5027586221694946,0.07281965762376785,0.9
165,13.342207908630371,16.2866153717041,-0.1896427869796753,1.5362913135275391,0.4567382335662842,0.6463810205459595,0.3510975241661072,0.028980784118175507,10560,0,0,0.43182748556137085,0.16233187913894653,0.21543312072753906,0.44949662685394287,0.9554799199104309,0.2724559009075165,0.45997288823127747,,0.023298213258385658,0.019767969846725464,0.0662640929222107,0.06645791232585907,0.4818463623523712,0.06689680367708206,0.9
166,13.26219654083252,16.61480140686035,-0.1838952898979187,1.564773727216163,0.4904959201812744,0.6743912100791931,0.3777880370616913,0.025230776518583298,10624,0,0,0.48372602462768555,0.18083614110946655,0.1898050606250763,0.4310862421989441,0.9655760526657104,0.3329715132713318,0.5335142612457275,,0.023441005498170853,0.021520333364605904,0.05715847760438919,0.062197644263505936,0.44655290246009827,0.06253362447023392,0.9
167,13.306035041809082,16.566307067871094,-0.19364973902702332,1.5726127692034102,0.4681640565395355,0.6618137955665588,0.35874441266059875,0.031818293035030365,10688,0,1,0.453769326210022,0.17006546258926392,0.21104277670383453,0.4124688506126404,0.9541723728179932,0.2830393612384796,0.47544100880622864,,0.0231868177652359,0.022197052836418152,0.05702563747763634,0.06076546013355255,0.4431266486644745,0.0616740919649601,0.9
168,13.333902359008789,16.444250106811523,-0.19804593920707703,1.5574115569984464,0.44665834307670593,0.644704282283783,0.3359675407409668,0.03360419720411301,10752,0,0,0.44137996435165405,0.16613084077835083,0.23472559452056885,0.40889161825180054,0.9446425437927246,0.21899594366550446,0.3799186050891876,,0.024694358929991722,0.018615800887346268,0.05438793823122978,0.05550295487046242,0.4426116943359375,0.055911529809236526,0.9
169,13.313454627990723,16.450870513916016,-0.19591975212097168,1.5599529140400146,0.4541941285133362,0.6501138806343079,0.3499220609664917,0.032506052404642105,10816,0,0,0.4403592348098755,0.15993601083755493,0.23518383502960205,0.4130069613456726,0.9477623105049133,0.25400272011756897,0.41926732659339905,,0.02254778891801834,0.020253891125321388,0.05736885219812393,0.05866260826587677,0.44209766387939453,0.05919976904988289,0.9
170,13.267875671386719,17.17998695373535,-0.18149763345718384,1.5525333309139406,0.49001967906951904,0.6715173125267029,0.3840353488922119,0.029737304896116257,10880,0,0,0.4910449981689453,0.17140519618988037,0.2019214928150177,0.4311354458332062,0.9557080864906311,0.2716417908668518,0.44477614760398865,,0.026135172694921494,0.019666196778416634,0.05668763816356659,0.06525236368179321,0.452253133058548,0.06547389179468155,0.9
171,13.273286819458008,16.89548110961914,-0.18600425124168396,1.5565336809298218,0.479776531457901,0.665780782699585,0.377071738243103,0.028681043535470963,10944,0,0,0.4608493447303772,0.16438060998916626,0.20924778282642365,0.4311099052429199,0.9565633535385132,0.24477612972259521,0.4274084270000458,,0.027220861986279488,0.020142503082752228,0.05562053620815277,0.05972910672426224,0.46235379576683044,0.059985920786857605,0.9
172,13.340109825134277,16.231489181518555,-0.202277272939682,1.5773783973185371,0.4473852813243866,0.6496625542640686,0.3369302749633789,0.025894105434417725,11008,0,1,0.43639880418777466,0.16551929712295532,0.23392745852470398,0.4294779300689697,0.9517341256141663,0.24531887471675873,0.415739506483078,,0.021517794579267502,0.0209121722728014,0.06472907960414886,0.06428493559360504,0.4661896824836731,0.0648098960518837,0.9
173,13.286462783813477,16.439678192138672,-0.19268077611923218,1.5709407297747815,0.46983975172042847,0.6625205278396606,0.3611007332801819,0.019500061869621277,11072,0,0,0.4503459334373474,0.16983187198638916,0.20855587720870972,0.43331268429756165,0.9576189517974854,0.2947082817554474,0.4757123589515686,,0.022931396961212158,0.021294521167874336,0.060594670474529266,0.06438688933849335,0.46379345655441284,0.06481857597827911,0.9
174,13.302539825439453,16.603729248046875,-0.18867120146751404,1.5472508118746697,0.46656695008277893,0.655238151550293,0.3506355583667755,0.028306733816862106,11136,0,1,0.43495625257492065,0.17797327041625977,0.20740719139575958,0.44922012090682983,0.9568736553192139,0.3009498119354248,0.48439621925354004,,0.021988103166222572,0.021261438727378845,0.05821666866540909,0.06475736945867538,0.47386085987091064,0.06508181244134903,0.9
175,13.22298526763916,18.601245880126953,-0.16375356912612915,1.5262631724831226,0.5250835418701172,0.6888371109962463,0.4158381223678589,0.040474873036146164,11200,0,0,0.5026527345180511,0.18692445755004883,0.1723601520061493,0.3727903962135315,0.9544827938079834,0.2366350144147873,0.40081411600112915,,0.03408319130539894,0.02100362256169319,0.05320505425333977,0.07172731310129166,0.3764476478099823,0.07088609039783478,0.9
176,13.288959503173828,17.12165641784668,-0.18297865986824036,1.558266229491502,0.4892589747905731,0.6722376346588135,0.38895782828330994,0.034969720989465714,11264,0,1,0.45796066522598267,0.16365879774093628,0.2076173722743988,0.3952917754650116,0.949148952960968,0.2811397612094879,0.45753055810928345,,0.02295781299471855,0.022240962833166122,0.05535254254937172,0.058556027710437775,0.43075820803642273,0.05959169939160347,0.9
177,13.31199836730957,16.409629821777344,-0.18910545110702515,1.5645099904683226,0.47590410709381104,0.6650095582008362,0.35549554228782654,0.029337793588638306,11328,0,0,0.4676852822303772,0.18621772527694702,0.19863606989383698,0.45333924889564514,0.9620760083198547,0.2966078817844391,0.4987788498401642,,0.022581636905670166,0.02272164449095726,0.06713204085826874,0.07076642662286758,0.4732685387134552,0.07060570269823074,0.9
178,13.210997581481934,18.037919998168945,-0.1627371907234192,1.5571969997679602,0.5451987981796265,0.7079359889030457,0.4501188397407532,0.033443108201026917,11392,0,1,0.5282431244850159,0.172244131565094,0.1731761395931244,0.32915687561035156,0.9606409668922424,0.24830394983291626,0.4618724584579468,,0.023173755034804344,0.027942277491092682,0.05527155473828316,0.05666763707995415,0.3590322732925415,0.057931870222091675,0.9
179,13.256644248962402,16.93669319152832,-0.17578521370887756,1.5274699871744724,0.4909537136554718,0.6667389273643494,0.38557755947113037,0.054936014115810394,11456,0,1,0.47076690196990967,0.17073273658752441,0.2116297334432602,0.3510703444480896,0.9481642246246338,0.19267301261425018,0.3674355745315552,,0.025394275784492493,0.022175107151269913,0.05112089589238167,0.049466222524642944,0.40188655257225037,0.05039786174893379,0.9
180,13.25025463104248,19.164628982543945,-0.16296571493148804,1.5446500267632628,0.5378224849700928,0.7007881999015808,0.435077428817749,0.05290218070149422,11520,0,0,0.5099419057369232,0.18128418922424316,0.16521570086479187,0.3250758647918701,0.9496402740478516,0.2651289105415344,0.43636366724967957,,0.04002197086811066,0.02531825564801693,0.05521506443619728,0.07419686764478683,0.32557958364486694,0.07334836572408676,0.9
181,13.302058219909668,16.491514205932617,-0.18876603245735168,1.5502425817284287,0.4681743085384369,0.6569403409957886,0.35855796933174133,0.037388790398836136,11584,0,0,0.4445437788963318,0.17027437686920166,0.22224408388137817,0.4124944508075714,0.9488416314125061,0.2504749000072479,0.42170965671539307,,0.02096257358789444,0.019846297800540924,0.05730586126446724,0.05848538875579834,0.4456944763660431,0.058798011392354965,0.9
182,13.260817527770996,16.805397033691406,-0.17500749230384827,1.5256805012349148,0.49207642674446106,0.6670839190483093,0.37861368060112,0.04190779849886894,11648,0,0,0.46962249279022217,0.18169832229614258,0.20678991079330444,0.39700520038604736,0.9535781741142273,0.27381277084350586,0.4426051676273346,,0.023439917713403702,0.020447030663490295,0.0485851988196373,0.05366731435060501,0.4393317401409149,0.054215699434280396,0.9
183,13.259861946105957,16.982290267944336,-0.1719578504562378,1.5295436632417028,0.5033137798309326,0.6752716302871704,0.405790239572525,0.022226594388484955,11712,0,1,0.4869551658630371,0.16386878490447998,0.18445222079753876,0.42826586961746216,0.9655811786651611,0.3107191324234009,0.5020353198051453,,0.02111738920211792,0.023929715156555176,0.06414925307035446,0.0735338032245636,0.4603222906589508,0.07452818751335144,0.9
184,13.299866676330566,16.49915313720703,-0.18592262268066406,1.5250957347452314,0.4600036144256592,0.6459262371063232,0.3497554659843445,0.029081622138619423,11776,0,0,0.4510846734046936,0.16880548000335693,0.2278682291507721,0.44617903232574463,0.9554438591003418,0.2621438503265381,0.4483039379119873,,0.021433748304843903,0.019121982157230377,0.05832481384277344,0.0618632473051548,0.47948119044303894,0.06222926080226898,0.9
185,13.295347213745117,16.308940887451172,-0.18231147527694702,1.504691783121791,0.4564552307128906,0.6387667059898376,0.3481179177761078,0.03904837742447853,11840,0,0,0.4165418744087219,0.16580593585968018,0.22791838645935059,0.4386892020702362,0.9469655752182007,0.2314789742231369,0.4029850959777832,,0.026431340724229813,0.01797814480960369,0.059239711612463,0.061984583735466,0.47307687997817993,0.06263931095600128,0.9
186,13.303863525390625,16.374996185302734,-0.18321096897125244,1.5082848023378221,0.45633959770202637,0.6395505666732788,0.34528738260269165,0.028855226933956146,11904,0,0,0.44367527961730957,0.1689857840538025,0.22757595777511597,0.43642088770866394,0.9508521556854248,0.23446404933929443,0.40597015619277954,,0.022565754130482674,0.018001925200223923,0.05888830125331879,0.06381498277187347,0.4753502309322357,0.06409527361392975,0.9
187,13.320659637451172,16.242204666137695,-0.1924636960029602,1.5274786721868066,0.44266146421432495,0.6351251602172852,0.3423272669315338,0.025614000856876373,11968,0,0,0.4136675000190735,0.1518128514289856,0.23696312308311462,0.44859766960144043,0.9462604522705078,0.2689281105995178,0.4379918873310089,,0.023561015725135803,0.018221620470285416,0.06153258681297302,0.062034763395786285,0.47498491406440735,0.06255172193050385,0.9
188,13.245462417602539,16.92224884033203,-0.1765376329421997,1.554331842231005,0.5049931406974792,0.681530773639679,0.4027143716812134,0.013415840454399586,12032,0,0,0.48910605907440186,0.17027544975280762,0.17837776243686676,0.4588913321495056,0.9715195298194885,0.3633649945259094,0.5706920027732849,,0.024218665435910225,0.023824136704206467,0.06655474007129669,0.07957839220762253,0.4698302149772644,0.07944653183221817,0.9
189,13.293036460876465,16.350143432617188,-0.18524423241615295,1.5195207958262915,0.4581882655620575,0.6434324979782104,0.354358971118927,0.01875503920018673,12096,0,0,0.44156569242477417,0.1597733497619629,0.21562936902046204,0.44577866792678833,0.9559012651443481,0.2838534712791443,0.46648576855659485,,0.02295883744955063,0.019623376429080963,0.05841664969921112,0.06222689896821976,0.4721563756465912,0.06282130628824234,0.9
190,13.26839542388916,16.596317291259766,-0.1814822256565094,1.53788236520332,0.4811164438724518,0.6625986695289612,0.3751864731311798,0.018775979056954384,12160,0,0,0.451910138130188,0.16868609189987183,0.1993390917778015,0.4484318196773529,0.9630268812179565,0.3074626922607422,0.5009498000144958,,0.020475581288337708,0.020215757191181183,0.06449727714061737,0.06711460649967194,0.46929875016212463,0.06758453696966171,0.9
191,13.237604141235352,17.00411605834961,-0.169386625289917,1.4986308792096121,0.4909099340438843,0.6602965593338013,0.39104604721069336,0.04263564199209213,12224,0,1,0.45250624418258667,0.1632007360458374,0.2041843831539154,0.38338184356689453,0.9491541385650635,0.24830394983291626,0.42442336678504944,,0.023195769637823105,0.019565507769584656,0.05694461986422539,0.05778888612985611,0.4246199429035187,0.058706797659397125,0.9
192,13.28448486328125,17.022294998168945,-0.18112871050834656,1.5348686719841955,0.48022982478141785,0.6613585352897644,0.3816639184951782,0.030708936974406242,12288,0,0,0.4634362459182739,0.15852302312850952,0.2129063755273819,0.44531089067459106,0.9583219885826111,0.2998643219470978,0.4941655397415161,,0.021358773112297058,0.02257019281387329,0.06919866055250168,0.07475048303604126,0.46899133920669556,0.07506128400564194,0.9
193,13.268033027648926,16.955045700073242,-0.1743808090686798,1.5044327153670511,0.4799223244190216,0.6543031334877014,0.3775084912776947,0.017808357253670692,12352,0,0,0.47016477584838867,0.16389799118041992,0.2030705064535141,0.4554724097251892,0.9622024297714233,0.3180461525917053,0.5085482001304626,,0.021310122683644295,0.01966584473848343,0.06024070084095001,0.07140317559242249,0.4744262099266052,0.0716477781534195,0.9
194,13.289368629455566,16.498472213745117,-0.1736980378627777,1.4830678327694555,0.46672919392585754,0.6404272317886353,0.37353405356407166,0.026827767491340637,12416,0,0,0.45651495456695557,0.14796513319015503,0.21760262548923492,0.44208401441574097,0.9518091678619385,0.31723204255104065,0.5080054402351379,,0.02246857061982155,0.02005767822265625,0.061231426894664764,0.06502224504947662,0.4691261053085327,0.06530796736478806,0.9
195,13.330609321594238,16.286787033081055,-0.1953379511833191,1.5261129479998177,0.43337684869766235,0.6287147998809814,0.3316821753978729,0.024695513769984245,12480,0,0,0.41913700103759766,0.1511642336845398,0.2443220168352127,0.43575745820999146,0.9444668292999268,0.21791045367717743,0.3986431658267975,,0.02098054252564907,0.017174353823065758,0.05992129072546959,0.06318756937980652,0.4753808081150055,0.06367742270231247,0.9
196,13.307517051696777,16.230777740478516,-0.19012677669525146,1.5408641080196066,0.4583491086959839,0.6484758853912354,0.35323187708854675,0.024340348318219185,12544,0,1,0.43048524856567383,0.1607709527015686,0.22245845198631287,0.42027613520622253,0.9572479128837585,0.26757124066352844,0.4789687991142273,,0.020531103014945984,0.019854873418807983,0.06271631270647049,0.06692983210086823,0.46528029441833496,0.06888726353645325,0.9
197,13.289039611816406,16.528879165649414,-0.18030095100402832,1.5112051331623542,0.46700119972229004,0.6473021507263184,0.3494736850261688,0.028839634731411934,12608,0,1,0.4348616600036621,0.1800975203514099,0.21065498888492584,0.42103034257888794,0.9547911286354065,0.2168249785900116,0.4048846960067749,,0.02093495801091194,0.017452245578169823,0.0539993941783905,0.06426108628511429,0.46969741582870483,0.06524207442998886,0.9
198,13.250280380249023,17.44472885131836,-0.16294869780540466,1.4770906814612612,0.4955047070980072,0.6584534049034119,0.400129497051239,0.04711379110813141,12672,0,0,0.46306294202804565,0.1583104133605957,0.18435925245285034,0.4006316065788269,0.949732780456543,0.24016283452510834,0.39430123567581177,,0.03142651170492172,0.01888670027256012,0.05365762487053871,0.06425083428621292,0.41854721307754517,0.06429927051067352,0.9
199,13.265752792358398,17.00982666015625,-0.17191675305366516,1.5017452366737503,0.48544570803642273,0.6573624610900879,0.38479992747306824,0.03148169443011284,12736,0,0,0.4626142382621765,0.16279089450836182,0.20340865850448608,0.4359710216522217,0.9567617177963257,0.3112618923187256,0.47869744896888733,,0.02422618679702282,0.018277287483215332,0.06003284454345703,0.07017676532268524,0.45555350184440613,0.07063614577054977,0.9
200,13.320146560668945,16.417964935302734,-0.1850537657737732,1.5222797040150284,0.4606269598007202,0.6456807255744934,0.34919801354408264,0.018012307584285736,12800,0,0,0.4539157748222351,0.17063015699386597,0.21388955414295197,0.48725834488868713,0.9598177075386047,0.29308006167411804,0.48113977909088135,,0.02471025660634041,0.017613939940929413,0.07164762914180756,0.08330143243074417,0.5083764791488647,0.0833614245057106,0.9
201,13.29002857208252,16.568042755126953,-0.18065160512924194,1.508287254829124,0.4639359712600708,0.6445875763893127,0.3631034791469574,0.037797823548316956,12864,0,0,0.43505722284317017,0.15690958499908447,0.22523027658462524,0.39713025093078613,0.9464507102966309,0.26105836033821106,0.4369063973426819,,0.022861089557409286,0.018901031464338303,0.056598782539367676,0.05754692852497101,0.43913376331329346,0.05844937264919281,0.9
202,13.256500244140625,16.940406799316406,-0.1740747094154358,1.494278164991536,0.4737456440925598,0.6478203535079956,0.3678344190120697,0.033179234713315964,12928,0,0,0.444487988948822,0.16665571928024292,0.20537783205509186,0.4266773760318756,0.9515593647956848,0.24721845984458923,0.4067842662334442,,0.02803185023367405,0.016216469928622246,0.05436799302697182,0.06565308570861816,0.4554658532142639,0.06596234440803528,0.9
203,13.265491485595703,16.868505477905273,-0.17855876684188843,1.5264117980722665,0.4822414517402649,0.6608002185821533,0.3763558566570282,0.0205372367054224,12992,0,0,0.4587774872779846,0.16858994960784912,0.20338678359985352,0.4330882430076599,0.9576776027679443,0.2976933717727661,0.4917232096195221,,0.02116827666759491,0.021229207515716553,0.07150375843048096,0.06972455233335495,0.45230817794799805,0.07034673541784286,0.9
204,13.276763916015625,16.789974212646484,-0.17549359798431396,1.5147154767740352,0.48355376720428467,0.6590473651885986,0.38943108916282654,0.040853116661310196,13056,0,0,0.4557986259460449,0.15260672569274902,0.21457025408744812,0.42392510175704956,0.9505500197410583,0.2635006904602051,0.4388059973716736,,0.023814575746655464,0.021147355437278748,0.05850255861878395,0.0678611546754837,0.4713069796562195,0.06811532378196716,0.9
205,13.272394180297852,16.738658905029297,-0.17458897829055786,1.4857721221058615,0.46600592136383057,0.6405948996543884,0.3705781400203705,0.0407252237200737,13120,0,1,0.4566535949707031,0.15030544996261597,0.21976116299629211,0.3846883773803711,0.9462851285934448,0.23446404933929443,0.4127544164657593,,0.022381078451871872,0.018718086183071136,0.05549382045865059,0.05497903749346733,0.43234750628471375,0.05589837208390236,0.9
206,13.260135650634766,17.053661346435547,-0.17494001984596252,1.5035926580985757,0.47767600417137146,0.652616024017334,0.380436509847641,0.02868066169321537,13184,0,0,0.4516138434410095,0.15598350763320923,0.2239026427268982,0.43158844113349915,0.9503577947616577,0.28656718134880066,0.4545454680919647,,0.021263515576720238,0.019702034071087837,0.06014404445886612,0.06333357840776443,0.45945414900779724,0.06406931579113007,0.9
207,13.322782516479492,16.244007110595703,-0.18393144011497498,1.5115847974380454,0.4565359055995941,0.6404673457145691,0.34475669264793396,0.025337057188153267,13248,0,0,0.42596036195755005,0.1698850393295288,0.2089865505695343,0.5126163959503174,0.9620780944824219,0.30637720227241516,0.4979647397994995,,0.021358273923397064,0.018786191940307617,0.07157153636217117,0.08520190417766571,0.5291399955749512,0.08495698869228363,0.9
208,13.253701210021973,16.539676666259766,-0.17997494339942932,1.5010812446087125,0.46085187792778015,0.6408268213272095,0.35721826553344727,0.013725362718105316,13312,0,0,0.44522708654403687,0.1605127453804016,0.21989654004573822,0.47690141201019287,0.9583775401115417,0.27896881103515625,0.4746268689632416,,0.0240461602807045,0.01600039005279541,0.056688010692596436,0.07034476846456528,0.500990092754364,0.07056108862161636,0.9
209,13.242281913757324,16.784971237182617,-0.17060256004333496,1.4895877111643308,0.4809357523918152,0.6515383124351501,0.37937474250793457,0.024934859946370125,13376,0,0,0.4691864252090454,0.16291427612304688,0.20835939049720764,0.44450661540031433,0.9530971646308899,0.3145183324813843,0.49063774943351746,,0.022220972925424576,0.01813500002026558,0.05443378537893295,0.06218944862484932,0.467421293258667,0.062465112656354904,0.9
210,13.338652610778809,16.195737838745117,-0.1908387839794159,1.5340082245856268,0.4517907202243805,0.6426295042037964,0.3412846624851227,0.028765445575118065,13440,0,0,0.43847155570983887,0.166914165019989,0.21901150047779083,0.47475895285606384,0.9597756266593933,0.30122119188308716,0.49633651971817017,,0.01944923773407936,0.019610194489359856,0.07168449461460114,0.07867053151130676,0.4969077706336975,0.07891617715358734,0.9
211,13.26034164428711,16.667070388793945,-0.17269670963287354,1.4774125533745643,0.46556854248046875,0.6382652521133423,0.35441890358924866,0.03755155950784683,13504,0,0,0.4467800259590149,0.17133688926696777,0.2288481891155243,0.4366350471973419,0.9463365077972412,0.22306649386882782,0.39375850558280945,,0.023106040433049202,0.01586981862783432,0.05243184044957161,0.06542960554361343,0.4764064848423004,0.06574268639087677,0.9
212,13.272852897644043,17.17960548400879,-0.17023852467536926,1.487761344466634,0.48074135184288025,0.6509798765182495,0.38020840287208557,0.011842352338135242,13568,0,0,0.44564175605773926,0.16159743070602417,0.20554272830486298,0.46903008222579956,0.9634380340576172,0.3080054521560669,0.5004070997238159,,0.026102948933839798,0.016251157969236374,0.06118014082312584,0.07375937700271606,0.48097145557403564,0.07427835464477539,0.9
213,13.264058113098145,16.642845153808594,-0.1752302646636963,1.5049019633099403,0.4777117371559143,0.6529420018196106,0.37010467052459717,0.022804265841841698,13632,0,0,0.4818846583366394,0.17013943195343018,0.20685303211212158,0.46734654903411865,0.9602843523025513,0.291994571685791,0.47679784893989563,,0.02149961143732071,0.017222484573721886,0.06099385395646095,0.07077210396528244,0.48873937129974365,0.07073618471622467,0.9
214,13.333280563354492,16.382286071777344,-0.18809360265731812,1.5253070462880363,0.45384228229522705,0.6419358849525452,0.33612126111984253,0.029377995058894157,13696,0,0,0.4410157799720764,0.17656683921813965,0.2157413512468338,0.46879494190216064,0.9545177817344666,0.2740841209888458,0.4643148183822632,,0.021719396114349365,0.017636418342590332,0.05696742236614227,0.06639386713504791,0.49686509370803833,0.06654342263936996,0.9
215,13.295889854431152,16.326862335205078,-0.18344619870185852,1.5159537087546868,0.4610060155391693,0.6444522142410278,0.34557783603668213,0.033871013671159744,13760,0,1,0.44211840629577637,0.17582762241363525,0.2201685756444931,0.4555695652961731,0.9567534923553467,0.29172322154045105,0.4746268689632416,,0.019517743960022926,0.01818639039993286,0.05639166384935379,0.06805168092250824,0.4901912212371826,0.06950892508029938,0.9
216,13.223113059997559,19.085792541503906,-0.15831387042999268,1.4701435300494081,0.5049509406089783,0.663264811038971,0.4111180603504181,0.03077126108109951,13824,0,1,0.47498559951782227,0.15859472751617432,0.2052367627620697,0.395786851644516,0.9575192928314209,0.2135685235261917,0.4081411361694336,,0.019854169338941574,0.020019087940454483,0.0537656731903553,0.07108563184738159,0.42334967851638794,0.07262660562992096,0.9
217,13.247942924499512,16.73618507385254,-0.1662050485610962,1.4900985765923918,0.49466919898986816,0.6608742475509644,0.40928909182548523,0.011457315646111965,13888,0,0,0.4732459783554077,0.14395219087600708,0.1863359957933426,0.47710323333740234,0.9700126051902771,0.3820895552635193,0.574219822883606,,0.02107332833111286,0.019458942115306854,0.06139260530471802,0.07568027079105377,0.4898271858692169,0.0755075216293335,0.9
218,13.28174877166748,16.365123748779297,-0.18234187364578247,1.519072751382228,0.4663742780685425,0.648716151714325,0.35824283957481384,0.01818123087286949,13952,0,0,0.452092707157135,0.16777855157852173,0.22264496982097626,0.4863836467266083,0.9615105986595154,0.2914518415927887,0.4800542891025543,,0.020749930292367935,0.017053427174687386,0.06510783731937408,0.07611173391342163,0.5149545073509216,0.07592196017503738,0.9
219,13.262093544006348,17.143020629882812,-0.15795639157295227,1.4344784139488558,0.47848954796791077,0.636445939540863,0.37955978512763977,0.04598759487271309,14016,0,0,0.45599478483200073,0.15893030166625977,0.2150706648826599,0.4194779396057129,0.9406377673149109,0.21519675850868225,0.3769335150718689,,0.025721166282892227,0.01604682207107544,0.052002523094415665,0.062003470957279205,0.4531087875366211,0.06253550201654434,0.9
220,13.321446418762207,16.203458786010742,-0.18185853958129883,1.4712896949981424,0.4322672486305237,0.6141257882118225,0.3248264193534851,0.042871590703725815,14080,0,0,0.3935700058937073,0.15818852186203003,0.26040923595428467,0.44582200050354004,0.9365456104278564,0.22170963883399963,0.3820895552635193,,0.01847326196730137,0.016246527433395386,0.058520495891571045,0.06177568435668945,0.4882991313934326,0.062232859432697296,0.9
221,13.317721366882324,16.34634780883789,-0.18218615651130676,1.4893123192839457,0.4454828202724457,0.6276689767837524,0.33657306432724,0.03397595137357712,14144,0,1,0.4204521179199219,0.16355186700820923,0.24396349489688873,0.46361956000328064,0.9482845067977905,0.23175035417079926,0.40597015619277954,,0.020222892984747887,0.01564038172364235,0.057323575019836426,0.06173902750015259,0.4959961473941803,0.06239361688494682,0.9
222,13.341873168945312,16.051712036132812,-0.19161629676818848,1.5153456490096375,0.43656277656555176,0.6281790733337402,0.32719364762306213,0.028491005301475525,14208,0,0,0.41905367374420166,0.16167032718658447,0.244101420044899,0.49375206232070923,0.9556638598442078,0.28358209133148193,0.4567164480686188,,0.019569773226976395,0.017242085188627243,0.07047827541828156,0.07451353222131729,0.5202397704124451,0.07480844855308533,0.9
223,13.34518051147461,16.195222854614258,-0.18587768077850342,1.4856793953143497,0.4314054846763611,0.6172831654548645,0.3294834792613983,0.038764432072639465,14272,0,0,0.4114183783531189,0.15097332000732422,0.25487661361694336,0.4534226059913635,0.9362865686416626,0.2523745000362396,0.40597015619277954,,0.019972946494817734,0.017662718892097473,0.06344415247440338,0.06268138438463211,0.49225446581840515,0.06355530023574829,0.9
224,13.307826042175293,16.346847534179688,-0.18206405639648438,1.5039160575434032,0.45663756132125854,0.6387016177177429,0.355609655380249,0.01636449620127678,14336,0,0,0.42351824045181274,0.15561836957931519,0.2201041728258133,0.5049184560775757,0.9637474417686462,0.31397560238838196,0.5023066401481628,,0.020920809358358383,0.017179766669869423,0.06911417096853256,0.07638037204742432,0.5242051482200623,0.07668666541576385,0.9
225,13.304916381835938,16.422475814819336,-0.18049800395965576,1.485168825550936,0.44747066497802734,0.6279686689376831,0.34509146213531494,0.024665648117661476,14400,0,1,0.42779672145843506,0.15509867668151855,0.238393634557724,0.4419132471084595,0.9458955526351929,0.20868386328220367,0.3858887553215027,,0.02025633677840233,0.016510512679815292,0.06304004788398743,0.0647217333316803,0.48755523562431335,0.06645376235246658,0.9
226,13.309032440185547,16.056427001953125,-0.17640066146850586,1.4678429799176904,0.44654834270477295,0.6229490041732788,0.3463398814201355,0.018512580543756485,14464,0,0,0.4270245432853699,0.1527230143547058,0.2280517965555191,0.4931860566139221,0.9585481882095337,0.31343284249305725,0.4922659695148468,,0.019077084958553314,0.01632731407880783,0.06318002194166183,0.07202760875225067,0.5152279138565063,0.07239781320095062,0.9
227,13.279248237609863,17.12358283996582,-0.17520371079444885,1.5175932147639142,0.4862993657588959,0.6615030765533447,0.3882971405982971,0.016446728259325027,14528,0,0,0.4588550925254822,0.159406840801239,0.21567125618457794,0.46460431814193726,0.9666934013366699,0.3563093841075897,0.5530529618263245,,0.01890074834227562,0.02122238650918007,0.07222967594861984,0.08517400920391083,0.473929226398468,0.08538291603326797,0.9
228,13.307499885559082,16.6279239654541,-0.182008296251297,1.5049907984814517,0.45757266879081726,0.6395809650421143,0.3551791310310364,0.023488551378250122,14592,0,1,0.4394150376319885,0.15781480073928833,0.23184899985790253,0.48541170358657837,0.9523714780807495,0.2792401611804962,0.4545454680919647,,0.021316852420568466,0.017714641988277435,0.06436172872781754,0.07633320987224579,0.5046640634536743,0.07611110061407089,0.9
229,13.33187198638916,16.152027130126953,-0.18307381868362427,1.483619516476374,0.43837690353393555,0.6214507222175598,0.32218602299690247,0.04426214098930359,14656,0,1,0.4033728241920471,0.17040175199508667,0.26804429292678833,0.441719114780426,0.9424428343772888,0.21601086854934692,0.39647218585014343,,0.02031230926513672,0.016225581988692284,0.059454191476106644,0.05926571786403656,0.49707794189453125,0.060805611312389374,0.9
230,13.286599159240723,16.375377655029297,-0.17541906237602234,1.5023778525482199,0.47540339827537537,0.6508224606513977,0.36111411452293396,0.02055719867348671,14720,0,0,0.473837673664093,0.17821425199508667,0.21001465618610382,0.47515439987182617,0.9626341462135315,0.31343284249305725,0.4941655397415161,,0.01818404346704483,0.01775236986577511,0.06397856026887894,0.07280042767524719,0.4947553277015686,0.07282967120409012,0.9
231,13.211448669433594,18.016952514648438,-0.14677029848098755,1.446009492565775,0.52415531873703,0.6709256172180176,0.42950305342674255,0.03612088784575462,14784,0,0,0.492376446723938,0.16547757387161255,0.18468225002288818,0.43148931860923767,0.9640681743621826,0.33704206347465515,0.5188602805137634,,0.023244744166731834,0.022659439593553543,0.054083451628685,0.06310273706912994,0.4519428610801697,0.06360593438148499,0.9
232,13.265917778015137,16.614768981933594,-0.171295166015625,1.4953053079431546,0.4828673005104065,0.6541624665260315,0.3795534670352936,0.012573927640914917,14848,0,0,0.4683235287666321,0.1660175919532776,0.2006113976240158,0.48066508769989014,0.9670162200927734,0.33378562331199646,0.5237449407577515,,0.021952541545033455,0.01789025403559208,0.0659797266125679,0.08120399713516235,0.49811026453971863,0.08112875372171402,0.9
233,13.295896530151367,16.402050018310547,-0.17677682638168335,1.485964997945258,0.4594586491584778,0.6362354755401611,0.36652812361717224,0.026174718514084816,14912,0,0,0.44538038969039917,0.14600294828414917,0.23867705464363098,0.4483758211135864,0.9516858458518982,0.2909091114997864,0.4672998785972595,,0.01860894076526165,0.01857328787446022,0.06536408513784409,0.06962315738201141,0.48150137066841125,0.07004784047603607,0.9
234,13.275463104248047,16.77362632751465,-0.167817622423172,1.466960784590147,0.472799688577652,0.640617311000824,0.3751448690891266,0.02744690701365471,14976,0,0,0.4496878385543823,0.15579169988632202,0.2228391468524933,0.4721393585205078,0.9556833505630493,0.2843962013721466,0.4656716585159302,,0.022663699463009834,0.01684517040848732,0.06621797382831573,0.07377234846353531,0.4950599670410156,0.07402133196592331,0.9
235,13.25334644317627,16.83763885498047,-0.16425371170043945,1.441464664580123,0.4636809229850769,0.6279346346855164,0.3628727197647095,0.032658785581588745,15040,0,0,0.4417576193809509,0.15695726871490479,0.22450943291187286,0.4191373884677887,0.9462090730667114,0.22550882399082184,0.3858887553215027,,0.02158968895673752,0.015658538788557053,0.05296999588608742,0.06172866374254227,0.4585777223110199,0.06212738901376724,0.9
236,13.30445384979248,16.36162757873535,-0.17872655391693115,1.4934863340314093,0.45910221338272095,0.6378287672996521,0.35604533553123474,0.023156890645623207,15104,0,0,0.45586729049682617,0.15884315967559814,0.23089103400707245,0.45694398880004883,0.9546893835067749,0.3104477822780609,0.49063774943351746,,0.019951868802309036,0.01720079593360424,0.06434877216815948,0.0686793327331543,0.4899527132511139,0.0694778710603714,0.9
237,13.27608585357666,17.497905731201172,-0.1625576913356781,1.4349281218483938,0.46368470788002014,0.6262423992156982,0.3709879517555237,0.035613346844911575,15168,0,1,0.4334986209869385,0.14638197422027588,0.23629723489284515,0.4002314507961273,0.9406891465187073,0.20461329817771912,0.38561737537384033,,0.017895851284265518,0.017258141189813614,0.05962347239255905,0.06621110439300537,0.44744575023651123,0.06751842796802521,0.9
238,13.31583309173584,16.36168670654297,-0.18047547340393066,1.4794652065498135,0.44311457872390747,0.6235900521278381,0.33297067880630493,0.024886779487133026,15232,0,0,0.4304763078689575,0.16419577598571777,0.23149935901165009,0.489208847284317,0.9557234644889832,0.285753071308136,0.4691994786262512,,0.022203613072633743,0.01494959369301796,0.06456052511930466,0.07516402751207352,0.5107229948043823,0.07506071031093597,0.9
239,13.281813621520996,16.66638946533203,-0.16934961080551147,1.4580232721408315,0.46091020107269287,0.6302598118782043,0.3594735860824585,0.027570579200983047,15296,0,0,0.43805670738220215,0.15769141912460327,0.23490352928638458,0.4453423023223877,0.9472914934158325,0.2928086817264557,0.46512892842292786,,0.020615089684724808,0.016391776502132416,0.06076143682003021,0.06626220792531967,0.4778013229370117,0.06669765710830688,0.9
240,13.236246109008789,17.539234161376953,-0.15651121735572815,1.433788726644903,0.48268821835517883,0.639199435710907,0.3861643373966217,0.01812553219497204,15360,0,0,0.47494590282440186,0.15649771690368652,0.20910926163196564,0.439258873462677,0.9496382474899292,0.2664857506752014,0.4233378767967224,,0.02521105855703354,0.015979168936610222,0.054270584136247635,0.07365591078996658,0.45084908604621887,0.07368725538253784,0.9
241,13.344114303588867,16.251911163330078,-0.18393170833587646,1.4757864588448666,0.42948371171951294,0.6134154200553894,0.3293735086917877,0.027346666902303696,15424,0,0,0.4108094573020935,0.1483783721923828,0.24571813642978668,0.45776697993278503,0.9435200095176697,0.28141114115715027,0.447761207818985,,0.018305905163288116,0.016567474231123924,0.06131543591618538,0.07017959654331207,0.4875789284706116,0.07056991755962372,0.9
242,13.32021427154541,16.24301528930664,-0.180368572473526,1.4812408646641593,0.4448324739933014,0.6252010464668274,0.3374289870262146,0.029197294265031815,15488,0,1,0.43535172939300537,0.16151058673858643,0.23238395154476166,0.4651336073875427,0.9464074373245239,0.27842605113983154,0.4458616077899933,,0.017875229939818382,0.016937555745244026,0.060149647295475006,0.06933089345693588,0.4956514239311218,0.06989691406488419,0.9
243,13.285399436950684,16.53423500061035,-0.16632872819900513,1.4410375837653306,0.4565407633781433,0.6228694915771484,0.3596276640892029,0.029518239200115204,15552,0,0,0.4390715956687927,0.15043103694915771,0.22723180055618286,0.41954565048217773,0.950862467288971,0.2659430205821991,0.44667571783065796,,0.021015796810388565,0.014144825749099255,0.05451809987425804,0.06224110350012779,0.45820900797843933,0.06264588236808777,0.9
244,13.321063041687012,16.245927810668945,-0.18325164914131165,1.486903757380875,0.44038721919059753,0.6236388683319092,0.3410288393497467,0.01973511092364788,15616,0,0,0.42815279960632324,0.15010040998458862,0.24646738171577454,0.45055559277534485,0.948747992515564,0.2938941717147827,0.46784260869026184,,0.019106518477201462,0.01589404046535492,0.061584386974573135,0.06536485254764557,0.47840550541877747,0.06573968380689621,0.9
245,13.238457679748535,17.970218658447266,-0.15917044878005981,1.4637584335518603,0.4976111054420471,0.6567815542221069,0.4043327569961548,0.015004169195890427,15680,0,0,0.489823579788208,0.1558142900466919,0.20460224151611328,0.4652400612831116,0.9597128629684448,0.2876526713371277,0.4762551188468933,,0.019965006038546562,0.0186728835105896,0.05976241081953049,0.08188842236995697,0.4743788540363312,0.08166680485010147,0.9
246,13.29619312286377,16.23116111755371,-0.18360736966133118,1.5213200085430654,0.46419557929039,0.6478029489517212,0.35171371698379517,0.017540067434310913,15744,0,0,0.4463568925857544,0.17267847061157227,0.21965770423412323,0.4993237853050232,0.9638049602508545,0.32998645305633545,0.5139756202697754,,0.02020123228430748,0.016629502177238464,0.066370390355587,0.08169519156217575,0.5195399522781372,0.08143123984336853,0.9
247,13.296563148498535,16.79649543762207,-0.1651226282119751,1.457408309405912,0.47388124465942383,0.6390038728713989,0.38335445523262024,0.036271221935749054,15808,0,1,0.4385852813720703,0.14611786603927612,0.21879656612873077,0.41145721077919006,0.9470437169075012,0.240976944565773,0.4274084270000458,,0.017907027155160904,0.017724331468343735,0.061753157526254654,0.06316746026277542,0.4520557224750519,0.06484737992286682,0.9
248,13.245841979980469,17.30805206298828,-0.16265231370925903,1.4842129899571406,0.5014370083808899,0.6640893220901489,0.4060182571411133,0.023247666656970978,15872,0,1,0.48484712839126587,0.16004645824432373,0.1817598193883896,0.42623376846313477,0.9691840410232544,0.24179105460643768,0.49253731966018677,,0.020160391926765442,0.018099240958690643,0.05515117570757866,0.07294337451457977,0.4602859318256378,0.07374963164329529,0.9
249,13.294241905212402,16.59552764892578,-0.1755041778087616,1.4888865846861208,0.4655083119869232,0.6410124897956848,0.35814914107322693,0.01727958768606186,15936,0,0,0.4625004529953003,0.16660946607589722,0.2131735235452652,0.5008994340896606,0.9587785005569458,0.291994571685791,0.4762551188468933,,0.020132023841142654,0.016257304698228836,0.0690893605351448,0.0850762277841568,0.5151275396347046,0.08550035208463669,0.9
250,13.240803718566895,16.742582321166992,-0.16510090231895447,1.479210004207461,0.49037185311317444,0.6554727554321289,0.38394802808761597,0.022497249767184258,16000,0,0,0.46792376041412354,0.1723463535308838,0.19784757494926453,0.4817348122596741,0.9623875617980957,0.31723204255104065,0.5014925599098206,,0.024280574172735214,0.015651479363441467,0.05709828808903694,0.07649435102939606,0.49905848503112793,0.07600036263465881,0.9
251,13.31244945526123,16.756567001342773,-0.1713835895061493,1.4566693407124502,0.4533260762691498,0.6247096657752991,0.36096522212028503,0.05028729885816574,16064,0,1,0.40754055976867676,0.14370423555374146,0.24388378858566284,0.39157700538635254,0.9358620643615723,0.22415196895599365,0.3869742453098297,,0.02014404535293579,0.01699918881058693,0.05377631261944771,0.05717167258262634,0.44674110412597656,0.058714207261800766,0.9
252,13.229022026062012,18.7315673828125,-0.15729105472564697,1.4623904915531443,0.5025396347045898,0.6598306894302368,0.41494765877723694,0.018694518133997917,16128,0,1,0.47929227352142334,0.14933401346206665,0.20296896994113922,0.37833309173583984,0.9526942372322083,0.19538670778274536,0.3831750452518463,,0.01795383170247078,0.01998469978570938,0.05357296019792557,0.06658659130334854,0.41264891624450684,0.06861189752817154,0.9
253,13.393653869628906,16.044532775878906,-0.1938037872314453,1.4988752060178856,0.4177147150039673,0.6115185022354126,0.31593865156173706,0.025212455540895462,16192,0,0,0.4001386761665344,0.1476900577545166,0.2712094485759735,0.4734575152397156,0.9442395567893982,0.23500679433345795,0.4127544164657593,,0.016927223652601242,0.0151556096971035,0.06944771856069565,0.07126368582248688,0.5060685276985168,0.07173842191696167,0.9
254,13.316010475158691,16.088407516479492,-0.1806524395942688,1.4783537413484331,0.4416930675506592,0.622345507144928,0.3352368175983429,0.025010431185364723,16256,0,0,0.4061529040336609,0.15863734483718872,0.23650890588760376,0.48996448516845703,0.9510310292243958,0.291994571685791,0.4765264689922333,,0.01705634780228138,0.015226045623421669,0.06806234270334244,0.07099480926990509,0.5123978853225708,0.07156755775213242,0.9
255,13.23307991027832,17.96603012084961,-0.15735089778900146,1.4569289141493036,0.49828284978866577,0.6556337475776672,0.39969369769096375,0.016407925635576248,16320,0,0,0.4966185688972473,0.16354292631149292,0.2008908987045288,0.4667292535305023,0.9619351625442505,0.3033921420574188,0.49850746989250183,,0.021526746451854706,0.015568537637591362,0.058582134544849396,0.07585791498422623,0.47201165556907654,0.07625115662813187,0.9
256,13.363316535949707,17.986169815063477,-0.17598077654838562,1.4622874941596906,0.4433453381061554,0.619326114654541,0.3451913893222809,0.0365617536008358,16384,0,1,0.42591553926467896,0.1489274501800537,0.25943630933761597,0.4150003492832184,0.929106593132019,0.174762561917305,0.33948442339897156,,0.019786452874541283,0.017269505187869072,0.06291043758392334,0.06965163350105286,0.455489844083786,0.07186143845319748,0.9
257,13.29076862335205,16.308813095092773,-0.16940149664878845,1.4601958736795473,0.46249112486839294,0.6318926215171814,0.3494832515716553,0.022505568340420723,16448,0,1,0.4454311728477478,0.17272472381591797,0.2259114682674408,0.4715672731399536,0.9563206434249878,0.2583446502685547,0.44803258776664734,,0.017674289643764496,0.01489966455847025,0.056284356862306595,0.0722113847732544,0.5088399648666382,0.07337747514247894,0.9
258,13.277176856994629,17.976646423339844,-0.16482099890708923,1.467476173441925,0.4826027452945709,0.6474237442016602,0.3883054554462433,0.022602476179599762,16512,0,0,0.44786524772644043,0.15309453010559082,0.2270122468471527,0.4778395891189575,0.9510033130645752,0.2651289105415344,0.45698779821395874,,0.02066194638609886,0.016526885330677032,0.0593407116830349,0.07994672656059265,0.4886476397514343,0.0799172967672348,0.9
259,13.364895820617676,16.118488311767578,-0.19250014424324036,1.5153796868417357,0.4339885413646698,0.6264886856079102,0.33147239685058594,0.03341525048017502,16576,0,1,0.3926706910133362,0.15236806869506836,0.25602221488952637,0.4525420367717743,0.9495056867599487,0.23446404933929443,0.415739506483078,,0.01773994043469429,0.017343178391456604,0.06841393560171127,0.06878481060266495,0.49616506695747375,0.070338174700737,0.9
260,13.355921745300293,17.297847747802734,-0.18173274397850037,1.496042520493887,0.45190200209617615,0.6336347460746765,0.3516301214694977,0.02874607965350151,16640,0,0,0.44506990909576416,0.15402060747146606,0.23567615449428558,0.47727319598197937,0.9477201700210571,0.26295796036720276,0.4458616077899933,,0.018608279526233673,0.017095670104026794,0.06803108006715775,0.0774078220129013,0.4950946271419525,0.07771950960159302,0.9
261,13.3104829788208,18.136280059814453,-0.16720139980316162,1.45850276179701,0.46813035011291504,0.6353317499160767,0.376345157623291,0.037873029708862305,16704,0,1,0.44238561391830444,0.14592969417572021,0.24300344288349152,0.422335147857666,0.9385325908660889,0.2111261934041977,0.38290366530418396,,0.018021084368228912,0.017435196787118912,0.06164875254034996,0.0688825249671936,0.4546433091163635,0.07036156207323074,0.9
262,13.267620086669922,17.02240753173828,-0.16660404205322266,1.4814222454930477,0.4873296022415161,0.6539336442947388,0.3840160071849823,0.03330282121896744,16768,0,1,0.47244393825531006,0.16713201999664307,0.21365131437778473,0.4416247308254242,0.9576796293258667,0.2632293105125427,0.46078699827194214,,0.017234019935131073,0.017047230154275894,0.05940736085176468,0.06995174288749695,0.48207205533981323,0.071622334420681,0.9
263,13.298604965209961,16.902889251708984,-0.17393752932548523,1.4929790475405338,0.47323301434516907,0.6471705436706543,0.373630553483963,0.013432485982775688,16832,0,0,0.4477037191390991,0.15832489728927612,0.21300987899303436,0.4855366349220276,0.9602720141410828,0.3576662242412567,0.5310719609260559,,0.017366355285048485,0.01788795366883278,0.07028979808092117,0.08387091755867004,0.49585187435150146,0.08406340330839157,0.9
264,13.33388900756836,16.908071517944336,-0.16950803995132446,1.4460540646688074,0.45047515630722046,0.6199831962585449,0.355937123298645,0.04038619250059128,16896,0,1,0.42369866371154785,0.14659011363983154,0.23180118203163147,0.4023081064224243,0.9416440725326538,0.20108549296855927,0.3736770749092102,,0.019593924283981323,0.016222964972257614,0.0551769994199276,0.060602329671382904,0.448152631521225,0.061497222632169724,0.9
265,13.323775291442871,16.536718368530273,-0.17771947383880615,1.4804123605031827,0.4523494243621826,0.6300688982009888,0.3619217276573181,0.02292436920106411,16960,0,0,0.4083084464073181,0.14091873168945312,0.22930502891540527,0.44567787647247314,0.9574021100997925,0.26947084069252014,0.46892809867858887,,0.018837619572877884,0.01595057174563408,0.0641951933503151,0.06855044513940811,0.4715324342250824,0.06889835745096207,0.9
266,13.34334945678711,16.701730728149414,-0.17274507880210876,1.436316661149067,0.4313381612300873,0.604083240032196,0.33207017183303833,0.031512413173913956,17024,0,1,0.4160482883453369,0.14746147394180298,0.26169857382774353,0.45144814252853394,0.942223846912384,0.21058344841003418,0.38371777534484863,,0.022356688976287842,0.013304716907441616,0.056695159524679184,0.06591840833425522,0.48124921321868896,0.0661865845322609,0.9
267,13.308540344238281,16.437950134277344,-0.18288180232048035,1.5298636453750503,0.4719693958759308,0.6548511981964111,0.36275097727775574,0.029386794194579124,17088,0,1,0.4134179353713989,0.17047923803329468,0.22110241651535034,0.45736539363861084,0.9632323980331421,0.29118046164512634,0.48168250918388367,,0.016849391162395477,0.018371105194091797,0.07040458917617798,0.07854464650154114,0.4912962317466736,0.07933670282363892,0.9
268,13.310653686523438,16.541765213012695,-0.1752505600452423,1.4895498787121257,0.4667663872241974,0.6420169472694397,0.36665910482406616,0.02217819355428219,17152,0,1,0.45797228813171387,0.1568312644958496,0.2174847275018692,0.44901031255722046,0.9544879794120789,0.2773405909538269,0.46892809867858887,,0.018861953169107437,0.017119795083999634,0.06369167566299438,0.0664566308259964,0.480812668800354,0.06774571537971497,0.9
269,13.304437637329102,16.46925926208496,-0.17584717273712158,1.4963705473925213,0.4698868989944458,0.6457340717315674,0.3697962164878845,0.024650534614920616,17216,0,0,0.4549252390861511,0.15799307823181152,0.22350643575191498,0.4986528158187866,0.9643096327781677,0.3042062520980835,0.5042062401771545,,0.020275838673114777,0.01630968041718006,0.06616125255823135,0.08158290386199951,0.5169810652732849,0.08208811283111572,0.9
270,13.295339584350586,16.74589729309082,-0.16478872299194336,1.4587437799367378,0.47599393129348755,0.6407826542854309,0.3698772192001343,0.021866116672754288,17280,0,0,0.4615892171859741,0.16730797290802002,0.21946336328983307,0.46760356426239014,0.9589449763298035,0.2824966311454773,0.4732700288295746,,0.018101943656802177,0.01589871011674404,0.059387654066085815,0.06868305802345276,0.4899926781654358,0.06886925548315048,0.9
271,13.312936782836914,16.80706787109375,-0.17568111419677734,1.493672571596542,0.46845322847366333,0.6441343426704407,0.3633803129196167,0.023701965808868408,17344,0,0,0.45307457447052,0.16437530517578125,0.22522038221359253,0.4687155485153198,0.9542011618614197,0.28819540143013,0.481953889131546,,0.017870303243398666,0.017372120171785355,0.07251553237438202,0.07583256810903549,0.48957687616348267,0.07608658075332642,0.9
272,13.346590042114258,16.357683181762695,-0.18423721194267273,1.4893564153444807,0.43927398324012756,0.6235111951828003,0.32898691296577454,0.023686306551098824,17408,0,0,0.43067413568496704,0.16399985551834106,0.24643680453300476,0.46006712317466736,0.9462162852287292,0.2523745000362396,0.4279511570930481,,0.01719854027032852,0.015131458640098572,0.06222230941057205,0.07025482505559921,0.49138182401657104,0.07056383043527603,0.9
273,13.28634262084961,18.375070571899414,-0.17423969507217407,1.5385426691682227,0.5022210478782654,0.6764607429504395,0.4047222435474396,0.025944510474801064,17472,0,0,0.48554790019989014,0.16309750080108643,0.194519504904747,0.46331310272216797,0.9660242795944214,0.3595658242702484,0.5674355626106262,,0.017112595960497856,0.024295253679156303,0.06784459203481674,0.0945548489689827,0.4653567969799042,0.09432614594697952,0.9
274,13.312809944152832,17.1057186126709,-0.16377782821655273,1.4280393989861595,0.45359891653060913,0.6173767447471619,0.34716761112213135,0.05489059165120125,17536,0,1,0.4110373854637146,0.16248184442520142,0.22705304622650146,0.3770741820335388,0.9236565828323364,0.18507462739944458,0.33514249324798584,,0.018098216503858566,0.016432881355285645,0.05451464280486107,0.058837082237005234,0.42286020517349243,0.05995558202266693,0.9
275,13.314912796020508,17.51064109802246,-0.18005472421646118,1.50147829684267,0.46089738607406616,0.6409521102905273,0.36262616515159607,0.01991407945752144,17600,0,0,0.4424595236778259,0.15350234508514404,0.22565189003944397,0.47639554738998413,0.9576159119606018,0.30502036213874817,0.49525102972984314,,0.01697119139134884,0.017710860818624496,0.06403182446956635,0.07570599019527435,0.4908752739429474,0.07590777426958084,0.9
276,13.32036304473877,16.36174964904785,-0.1848945915699005,1.522570653214896,0.4612880051136017,0.6461825966835022,0.3597271144390106,0.01732419803738594,17664,0,0,0.44403916597366333,0.15818500518798828,0.21428215503692627,0.4750370383262634,0.9605804085731506,0.34735414385795593,0.5392130613327026,,0.017155706882476807,0.017321208491921425,0.06493376195430756,0.06853993237018585,0.48863402009010315,0.0687701627612114,0.9
277,13.241634368896484,17.821311950683594,-0.15350553393363953,1.4330368845368033,0.49200841784477234,0.6455139517784119,0.39103949069976807,0.025247426703572273,17728,0,0,0.4704284071922302,0.16483241319656372,0.20143777132034302,0.46467339992523193,0.9541466236114502,0.31587517261505127,0.47082769870758057,,0.02316833846271038,0.016473056748509407,0.05178922414779663,0.07444584369659424,0.47216543555259705,0.07438629865646362,0.9
278,13.336099624633789,16.211389541625977,-0.1835310459136963,1.4848620174413267,0.43794673681259155,0.6214777827262878,0.3338627517223358,0.022571813315153122,17792,0,0,0.4236786961555481,0.15559953451156616,0.24798338115215302,0.4772430658340454,0.9518051147460938,0.3023066520690918,0.4873812794685364,,0.01755443587899208,0.015062317252159119,0.06274785101413727,0.0661422461271286,0.5035620331764221,0.066361203789711,0.9
279,13.301929473876953,16.682117462158203,-0.16737034916877747,1.4434865168187963,0.4552329480648041,0.6226032972335815,0.34952422976493835,0.02407447062432766,17856,0,0,0.4295167326927185,0.16178840398788452,0.22607186436653137,0.4706549048423767,0.9444760084152222,0.2748982608318329,0.4540027379989624,,0.021178841590881348,0.014290573075413704,0.05157909914851189,0.06929467618465424,0.49444082379341125,0.06918009370565414,0.9
280,13.303394317626953,16.913206100463867,-0.1708144247531891,1.4779345215193824,0.4717842638492584,0.6425986886024475,0.3637024164199829,0.02180829644203186,17920,0,0,0.4351862072944641,0.16881024837493896,0.21733474731445312,0.47074854373931885,0.9562713503837585,0.2990502119064331,0.480868399143219,,0.015975749120116234,0.01670551672577858,0.06004780903458595,0.06993769109249115,0.49294954538345337,0.07028811424970627,0.9
281,13.30448055267334,16.280757904052734,-0.17717596888542175,1.4926658325517304,0.4631969630718231,0.6403729319572449,0.3582230508327484,0.021755779162049294,17984,0,1,0.4500141143798828,0.1629859209060669,0.22440288960933685,0.488796591758728,0.9603522419929504,0.30257803201675415,0.5044776201248169,,0.01699301227927208,0.016647260636091232,0.07088164240121841,0.08344638347625732,0.5231050848960876,0.08423134684562683,0.9
282,13.325760841369629,16.71467399597168,-0.1746143102645874,1.46643402883204,0.4510255455970764,0.6256398558616638,0.3522001802921295,0.03738976642489433,18048,0,0,0.4411280155181885,0.15136027336120605,0.24097943305969238,0.4077334403991699,0.9441995024681091,0.2404341995716095,0.42767980694770813,,0.01830369234085083,0.01655527576804161,0.05504172667860985,0.05779287591576576,0.4526752233505249,0.05815348029136658,0.9
283,13.276937484741211,17.609561920166016,-0.16624754667282104,1.4685787562205939,0.47896140813827515,0.6452089548110962,0.37859949469566345,0.021502366289496422,18112,0,1,0.45292842388153076,0.1600704789161682,0.2141217440366745,0.4456721544265747,0.9537108540534973,0.2824966311454773,0.4762551188468933,,0.017666859552264214,0.016087915748357773,0.055237580090761185,0.06644103676080704,0.481343537569046,0.06748971343040466,0.9
284,13.375884056091309,16.341442108154297,-0.188717782497406,1.5000991934686472,0.4339215159416199,0.6226392984390259,0.3371445834636688,0.020538240671157837,18176,0,0,0.427282452583313,0.14553719758987427,0.2536790072917938,0.46997854113578796,0.9472288489341736,0.25156038999557495,0.4271370470523834,,0.0170372873544693,0.01593667082488537,0.06838294118642807,0.07071927189826965,0.4954919219017029,0.07122863829135895,0.9
285,13.286558151245117,16.412582397460938,-0.1809641718864441,1.5166684421742151,0.46878379583358765,0.6497479677200317,0.36182335019111633,0.01629425585269928,18240,0,1,0.46117258071899414,0.16687333583831787,0.21039381623268127,0.4906749129295349,0.9629188776016235,0.32238808274269104,0.5156038403511047,,0.016865674406290054,0.01704801805317402,0.0668211430311203,0.07291844487190247,0.51587975025177,0.07330579310655594,0.9
286,13.364469528198242,16.484392166137695,-0.1804915964603424,1.4672502434505965,0.43322375416755676,0.6137153506278992,0.3367510735988617,0.03888462856411934,18304,0,0,0.40465807914733887,0.14486074447631836,0.259499728679657,0.4488239288330078,0.9289873838424683,0.24884667992591858,0.40081411600112915,,0.018620211631059647,0.014751173555850983,0.0627753883600235,0.06681042909622192,0.48582252860069275,0.06745682656764984,0.9
287,13.274012565612793,16.716604232788086,-0.1629338562488556,1.4447203725036935,0.4706924259662628,0.6336262822151184,0.3756254017353058,0.02782486006617546,18368,0,0,0.46258115768432617,0.1514332890510559,0.21652615070343018,0.4438425302505493,0.9497441053390503,0.30203530192375183,0.4743555188179016,,0.020166873931884766,0.0146434111520648,0.05500640720129013,0.06309095025062561,0.47824132442474365,0.06372448056936264,0.9
288,13.350619316101074,16.399253845214844,-0.18497949838638306,1.4828257175275057,0.4319019317626953,0.6168814301490784,0.3350510895252228,0.028450753539800644,18432,0,0,0.4223631024360657,0.14474737644195557,0.2467656135559082,0.48718881607055664,0.9362167119979858,0.27652648091316223,0.4379918873310089,,0.01895809732377529,0.01468796655535698,0.063008151948452,0.07030712068080902,0.5122891664505005,0.07065079361200333,0.9
289,13.375797271728516,15.951610565185547,-0.19575029611587524,1.5311558307466777,0.4357132315635681,0.6314635276794434,0.3289639949798584,0.016475889831781387,18496,0,0,0.4070660471916199,0.15851658582687378,0.23552510142326355,0.5104494094848633,0.9621993899345398,0.31668928265571594,0.5147897005081177,,0.016127008944749832,0.01559731736779213,0.07235919684171677,0.08654743432998657,0.5283075571060181,0.08653862774372101,0.9
290,13.385445594787598,16.0450496673584,-0.18832916021347046,1.4869498706430153,0.42491817474365234,0.6132473349571228,0.3171851933002472,0.024664370343089104,18560,0,0,0.40836071968078613,0.15694528818130493,0.25198984146118164,0.4961148798465729,0.9483070373535156,0.26675713062286377,0.4521031379699707,,0.01634204387664795,0.013975715264678001,0.07283656299114227,0.0738823264837265,0.5237447619438171,0.07438831031322479,0.9
291,13.36820125579834,16.40336036682129,-0.18075266480445862,1.449517312305742,0.41714343428611755,0.5978960990905762,0.31798261404037476,0.04237952455878258,18624,0,1,0.3952403664588928,0.14373087882995605,0.27237626910209656,0.42763760685920715,0.9283356070518494,0.191316157579422,0.35359567403793335,,0.01767578348517418,0.014000075869262218,0.05896906927227974,0.05776890367269516,0.4849072992801666,0.05984567105770111,0.9
292,13.346712112426758,16.253141403198242,-0.18386635184288025,1.4706589359827724,0.4254763424396515,0.6093426942825317,0.3284408748149872,0.03065537102520466,18688,0,0,0.39885079860687256,0.1437302827835083,0.2665373980998993,0.4672984778881073,0.9434214234352112,0.2371777594089508,0.41872456669807434,,0.01783236861228943,0.013764042407274246,0.057611607015132904,0.06050568073987961,0.49729111790657043,0.060855135321617126,0.9
293,13.343378067016602,16.37735939025879,-0.18047979474067688,1.4740125405688373,0.43877121806144714,0.619251012802124,0.3407106399536133,0.026974933221936226,18752,0,1,0.4078092575073242,0.1478569507598877,0.25137510895729065,0.47293347120285034,0.9382437467575073,0.2523745000362396,0.4208955466747284,,0.01659693382680416,0.014705461449921131,0.06814379245042801,0.07474729418754578,0.5066657662391663,0.07538097351789474,0.9
294,13.27542781829834,17.03464698791504,-0.16542008519172668,1.4655148872958845,0.4792312681674957,0.6446513533592224,0.38190382719039917,0.021396037191152573,18816,0,1,0.47854334115982056,0.15654242038726807,0.21845600008964539,0.4554710388183594,0.9568799138069153,0.2754409909248352,0.4648575484752655,,0.01839694008231163,0.015087454579770565,0.05764724314212799,0.06173603981733322,0.4897654056549072,0.06247366592288017,0.9
295,13.337302207946777,16.17072296142578,-0.17955085635185242,1.4620693299530056,0.431869238615036,0.6114200949668884,0.32431846857070923,0.022949932143092155,18880,0,0,0.42709827423095703,0.15813910961151123,0.2534489929676056,0.48702824115753174,0.943970263004303,0.26431480050086975,0.4290366470813751,,0.017390403896570206,0.013219542801380157,0.06253796070814133,0.0684213638305664,0.5177991390228271,0.06882553547620773,0.9
296,13.344980239868164,17.08041000366211,-0.1687087118625641,1.418628079704411,0.42828747630119324,0.5969961881637573,0.3463713824748993,0.030883660539984703,18944,0,0,0.4124581217765808,0.12437176704406738,0.2521229088306427,0.45134198665618896,0.9334073662757874,0.2021709680557251,0.3614654242992401,,0.0226939357817173,0.012609468773007393,0.05352281779050827,0.06655105203390121,0.4759090542793274,0.06673000752925873,0.9
297,13.362465858459473,16.193622589111328,-0.19200843572616577,1.5149792984642065,0.43514466285705566,0.6271530985832214,0.3390938639640808,0.017025811597704887,19008,0,0,0.4236627221107483,0.14487802982330322,0.24134045839309692,0.4919602572917938,0.9530735015869141,0.2933514416217804,0.4675712585449219,,0.01690254732966423,0.01631844788789749,0.06972385197877884,0.0748465433716774,0.5112783908843994,0.07549462467432022,0.9
298,13.359652519226074,16.268295288085938,-0.18682155013084412,1.490009305085811,0.4319172203540802,0.6187387704849243,0.33776119351387024,0.014510829001665115,19072,0,0,0.42913001775741577,0.14172357320785522,0.2407616227865219,0.47692275047302246,0.9494655132293701,0.28738129138946533,0.4637720584869385,,0.01820332184433937,0.01446804590523243,0.0636787861585617,0.06965774297714233,0.5106244087219238,0.07016507536172867,0.9
299,13.335603713989258,16.49356460571289,-0.17979374527931213,1.4774085328168278,0.44360271096229553,0.6233964562416077,0.35272300243377686,0.021769942715764046,19136,0,0,0.43752288818359375,0.13949912786483765,0.2511591911315918,0.45953232049942017,0.9447792172431946,0.2531886100769043,0.42876526713371277,,0.01689431071281433,0.016457321122288704,0.06255682557821274,0.07136858254671097,0.4982655346393585,0.07179538160562515,0.9
300,13.369256019592285,16.675325393676758,-0.18308210372924805,1.4661233633332316,0.4241418242454529,0.6072239279747009,0.32491534948349,0.022364532575011253,19200,0,0,0.4030117392539978,0.14611303806304932,0.2637518048286438,0.46161895990371704,0.9394833445549011,0.21058344841003418,0.3763907849788666,,0.01928839087486267,0.012237866409122944,0.060537777841091156,0.07051422446966171,0.48749634623527527,0.07070749253034592,0.9
301,13.285847663879395,17.46495246887207,-0.17304489016532898,1.5094361656131248,0.4872758686542511,0.6603207588195801,0.37933364510536194,0.026604847982525826,19264,0,0,0.46510130167007446,0.17333632707595825,0.18860800564289093,0.47697675228118896,0.9618992805480957,0.31913161277770996,0.49063774943351746,,0.021283596754074097,0.01666603982448578,0.061392057687044144,0.08981849253177643,0.4826550781726837,0.08870138972997665,0.9
302,13.285452842712402,16.945011138916016,-0.17518901824951172,1.496115552071655,0.4716895818710327,0.6468786001205444,0.3709673583507538,0.01713532768189907,19328,0,0,0.45831406116485596,0.15949630737304688,0.21273241937160492,0.49858662486076355,0.9625067114830017,0.3145183324813843,0.49715062975883484,,0.020307742059230804,0.015279557555913925,0.07062366604804993,0.09265913814306259,0.511522650718689,0.09243203699588776,0.9
303,13.412778854370117,15.992087364196777,-0.19573569297790527,1.5150862599693167,0.42425864934921265,0.6199943423271179,0.32338669896125793,0.022668570280075073,19392,0,0,0.4090186357498169,0.14837872982025146,0.24587306380271912,0.5124314427375793,0.9527178406715393,0.26757124066352844,0.4521031379699707,,0.018690237775444984,0.014321539551019669,0.07896222919225693,0.09387683123350143,0.5313271880149841,0.09430849552154541,0.9
304,13.399807929992676,16.24500274658203,-0.19172772765159607,1.503213903386097,0.42726585268974304,0.6189935803413391,0.3252231776714325,0.03727788105607033,19456,0,0,0.4079834222793579,0.1503390073776245,0.25873902440071106,0.4686727523803711,0.9399747848510742,0.2537313401699066,0.4151967465877533,,0.016380084678530693,0.015448946505784988,0.06369675695896149,0.07050298899412155,0.5025679469108582,0.07104601711034775,0.9
305,13.302254676818848,17.71912384033203,-0.17580881714820862,1.490439401126973,0.4657191336154938,0.6415279507637024,0.35781511664390564,0.021445350721478462,19520,0,0,0.4647219181060791,0.1668902039527893,0.2133173942565918,0.43967288732528687,0.9450064301490784,0.25291723012924194,0.40461331605911255,,0.025785839185118675,0.013932352885603905,0.06774915754795074,0.09299426525831223,0.4506608247756958,0.09217019379138947,0.9
306,13.320089340209961,16.446866989135742,-0.17990830540657043,1.5290212732992192,0.48001405596733093,0.6599223613739014,0.37032416462898254,0.03445631265640259,19584,0,0,0.471985399723053,0.17330169677734375,0.2001553326845169,0.48172882199287415,0.9657919406890869,0.3617367744445801,0.5636363625526428,,0.015781065449118614,0.01729864999651909,0.06902934610843658,0.07435902208089828,0.49753692746162415,0.07473940402269363,0.9
307,13.345987319946289,16.380460739135742,-0.1800699532032013,1.48161397868164,0.4460414946079254,0.6261114478111267,0.3413999378681183,0.032122980803251266,19648,0,0,0.4346989393234253,0.15813779830932617,0.2431974560022354,0.4603855013847351,0.9489978551864624,0.2743555009365082,0.46024423837661743,,0.017213895916938782,0.01423676684498787,0.06381676346063614,0.07045581936836243,0.49255767464637756,0.07095450162887573,0.9
308,13.355862617492676,16.509071350097656,-0.18167546391487122,1.476077782895704,0.4367157518863678,0.618391215801239,0.3331809639930725,0.03455766290426254,19712,0,1,0.39599764347076416,0.15426576137542725,0.2566322982311249,0.4248048663139343,0.9387269020080566,0.20352782309055328,0.3807327151298523,,0.018048588186502457,0.01560959406197071,0.06387582421302795,0.06407753378152847,0.48262420296669006,0.06614990532398224,0.9
309,13.341226577758789,16.356168746948242,-0.17958858609199524,1.490356580623878,0.4541706144809723,0.6337592005729675,0.3524094521999359,0.020707860589027405,19776,0,0,0.44291526079177856,0.15632319450378418,0.2373422384262085,0.464779794216156,0.9554356336593628,0.27381277084350586,0.45807328820228577,,0.01912456750869751,0.016058681532740593,0.06310991197824478,0.07041899859905243,0.49776384234428406,0.07093044370412827,0.9
310,13.307214736938477,16.781038284301758,-0.17406892776489258,1.4616547595749678,0.4488767385482788,0.6229456663131714,0.3490128219127655,0.016558246687054634,19840,0,0,0.43662524223327637,0.153081476688385,0.24086152017116547,0.47085338830947876,0.946993350982666,0.24070556461811066,0.418181836605072,,0.01900700107216835,0.013293201103806496,0.05687892436981201,0.07313205301761627,0.49487218260765076,0.07320526987314224,0.9
311,13.291986465454102,16.82954216003418,-0.16808107495307922,1.4407607305924655,0.4505757987499237,0.6186568737030029,0.35167190432548523,0.025134801864624023,19904,0,0,0.4280545115470886,0.15136760473251343,0.24142837524414062,0.44346320629119873,0.9402183890342712,0.22849389910697937,0.39050203561782837,,0.01959105208516121,0.013382049277424812,0.055065255612134933,0.06666254997253418,0.47430941462516785,0.0666792243719101,0.9
312,13.340333938598633,16.28078842163086,-0.1917276680469513,1.559295087744983,0.46546998620033264,0.6571976542472839,0.35431352257728577,0.032899584621191025,19968,0,1,0.45625942945480347,0.17152756452560425,0.21675927937030792,0.46655339002609253,0.960769534111023,0.29932159185409546,0.49769335985183716,,0.016552243381738663,0.01760319247841835,0.06496292352676392,0.07162833213806152,0.5029582977294922,0.07307948172092438,0.9
313,13.313986778259277,16.52495765686035,-0.18227151036262512,1.5100943521803054,0.46039947867393494,0.6426709890365601,0.3495868742465973,0.032447077333927155,20032,0,1,0.44776326417922974,0.16973727941513062,0.2273779809474945,0.42229706048965454,0.9504029750823975,0.24966078996658325,0.4401628375053406,,0.01518782414495945,0.015155051834881306,0.061584748327732086,0.06527908146381378,0.4709748327732086,0.06651688367128372,0.9
314,13.386265754699707,16.1102352142334,-0.20362314581871033,1.5489268927024462,0.42542919516563416,0.6290523409843445,0.3225472867488861,0.025350958108901978,20096,0,1,0.4105933904647827,0.1512852907180786,0.2512374818325043,0.4744386672973633,0.9457763433456421,0.26865673065185547,0.4507462978363037,,0.015298744663596153,0.01645554229617119,0.07306712120771408,0.0752677470445633,0.5024840831756592,0.07595085352659225,0.9
315,13.297000885009766,16.435693740844727,-0.18209123611450195,1.5226094342188659,0.46948176622390747,0.6515730023384094,0.366876482963562,0.016666429117321968,20160,0,0,0.4593693017959595,0.16150742769241333,0.2162567675113678,0.4757459759712219,0.9621674418449402,0.3169606626033783,0.5120760202407837,,0.015355924144387245,0.015830980613827705,0.06652989983558655,0.0811537429690361,0.5026865601539612,0.08142547309398651,0.9
316,13.32295036315918,17.712291717529297,-0.18151554465293884,1.5125450722165297,0.46433892846107483,0.6458544731140137,0.3754151165485382,0.01613682322204113,20224,0,1,0.4499692916870117,0.14177942276000977,0.23080797493457794,0.43515250086784363,0.9469974637031555,0.25915876030921936,0.4388059973716736,,0.015094283036887646,0.017483990639448166,0.06674352288246155,0.07675209641456604,0.46648192405700684,0.07799551635980606,0.9
317,13.373296737670898,16.744766235351562,-0.19870689511299133,1.5589327000296755,0.44578179717063904,0.6444886922836304,0.3465779721736908,0.03315773233771324,20288,0,1,0.42667657136917114,0.15142375230789185,0.23764653503894806,0.4664427936077118,0.9505150318145752,0.24857531487941742,0.44857531785964966,,0.01510060764849186,0.017460303381085396,0.07324053347110748,0.0823662132024765,0.48932623863220215,0.08253729343414307,0.9
318,13.276646614074707,16.994619369506836,-0.16935214400291443,1.4802424590512513,0.47800901532173157,0.647361159324646,0.36775508522987366,0.017659515142440796,20352,0,0,0.46973973512649536,0.17373627424240112,0.2034188061952591,0.4828684329986572,0.9616299271583557,0.2909091114997864,0.4911804795265198,,0.018435178324580193,0.014160096645355225,0.05792943388223648,0.0786382257938385,0.4971788823604584,0.07817266136407852,0.9
319,13.351911544799805,16.847553253173828,-0.17769044637680054,1.4667222446621642,0.4415896534919739,0.6192800998687744,0.33837074041366577,0.024753227829933167,20416,0,0,0.425508975982666,0.15481877326965332,0.2389867603778839,0.46049582958221436,0.9456488490104675,0.23826323449611664,0.4016282260417938,,0.01662999577820301,0.013820812106132507,0.0630602091550827,0.07354256510734558,0.49082380533218384,0.07402366399765015,0.9
320,13.317245483398438,17.248809814453125,-0.18144765496253967,1.5310933117745456,0.4769030511379242,0.6583507061004639,0.376720130443573,0.026376133784651756,20480,0,0,0.4571608901023865,0.1602022647857666,0.21519623696804047,0.46626603603363037,0.9592832326889038,0.3169606626033783,0.5090909004211426,,0.014939457178115845,0.01759229227900505,0.06959019601345062,0.07725641131401062,0.4864295423030853,0.07825809717178345,0.9
321,13.328433990478516,16.517383575439453,-0.17224305868148804,1.4505371817718347,0.44545096158981323,0.6176940202713013,0.34409159421920776,0.03178940340876579,20544,0,1,0.42183583974838257,0.15367603302001953,0.24062731862068176,0.433686763048172,0.9438284635543823,0.2309362292289734,0.39321574568748474,,0.019690513610839844,0.013304386287927628,0.059344060719013214,0.06602255254983902,0.4788905084133148,0.06758458912372589,0.9
322,13.324397087097168,18.32084083557129,-0.16586104035377502,1.4409441451137472,0.4579891860485077,0.6238502264022827,0.36340832710266113,0.02811322547495365,20608,0,1,0.44580215215682983,0.14741921424865723,0.24333885312080383,0.4563145637512207,0.9400508999824524,0.2512890100479126,0.4184532165527344,,0.01792161911725998,0.014779482036828995,0.058658476918935776,0.07502663135528564,0.48009374737739563,0.07628119736909866,0.9
323,13.339706420898438,16.29313087463379,-0.18349257111549377,1.4730811940015933,0.4286404550075531,0.6121330261230469,0.31993567943573,0.03147154673933983,20672,0,0,0.4181622266769409,0.1585010290145874,0.26051831245422363,0.44539278745651245,0.9368776679039001,0.2309362292289734,0.4029850959777832,,0.01592450588941574,0.012960654683411121,0.06475318968296051,0.06700075417757034,0.48082271218299866,0.06726442277431488,0.9
324,13.338146209716797,16.579261779785156,-0.18480944633483887,1.540088195353614,0.4730067253112793,0.6578161716461182,0.3530226945877075,0.03802541643381119,20736,0,0,0.4376705288887024,0.18492543697357178,0.19793297350406647,0.4725947976112366,0.9609329104423523,0.3362279534339905,0.5278154611587524,,0.015147697180509567,0.017858261242508888,0.07383628189563751,0.07798054814338684,0.48185965418815613,0.07778052240610123,0.9
325,13.364399909973145,16.417476654052734,-0.18215841054916382,1.4573881213315618,0.4195837378501892,0.601742148399353,0.312332421541214,0.04841918870806694,20800,0,1,0.39469271898269653,0.15457332134246826,0.2748124301433563,0.3962870240211487,0.9215812087059021,0.13975577056407928,0.29742199182510376,,0.016824305057525635,0.013561276718974113,0.060506049543619156,0.06020268797874451,0.45485949516296387,0.061778005212545395,0.9
326,13.335407257080078,16.273759841918945,-0.17579025030136108,1.4625713908395754,0.4441813826560974,0.6199716329574585,0.340893030166626,0.0187465138733387,20864,0,0,0.4246687889099121,0.15611428022384644,0.23860105872154236,0.4988982677459717,0.9549577236175537,0.2868385314941406,0.47544100880622864,,0.016447067260742188,0.013461599126458168,0.06951005756855011,0.07724703103303909,0.5206081867218018,0.0777093842625618,0.9
327,13.314681053161621,16.40554428100586,-0.17626157402992249,1.474793091334594,0.45249971747398376,0.6287612915039062,0.3576076030731201,0.02130771242082119,20928,0,0,0.43247753381729126,0.1472172737121582,0.2358863204717636,0.47629088163375854,0.9504770040512085,0.31533244252204895,0.4903663694858551,,0.015467870980501175,0.015422385185956955,0.07277737557888031,0.07706370204687119,0.5000624656677246,0.07747244834899902,0.9
328,13.309707641601562,16.4548282623291,-0.17458251118659973,1.476379903820006,0.4589399993419647,0.6335225105285645,0.34823140501976013,0.01635686121881008,20992,0,0,0.44325941801071167,0.16915595531463623,0.21720926463603973,0.49301856756210327,0.9580403566360474,0.30773407220840454,0.5099050402641296,,0.01755685731768608,0.013314830139279366,0.058868657797575,0.07719390094280243,0.5150915384292603,0.07737686485052109,0.9
329,13.323298454284668,16.223283767700195,-0.18263041973114014,1.497435407897911,0.4502255916595459,0.632856011390686,0.3405911922454834,0.013856910169124603,21056,0,0,0.42411869764328003,0.16533172130584717,0.22713980078697205,0.49648958444595337,0.9625777006149292,0.2925373315811157,0.483310729265213,,0.014566825702786446,0.014327507466077805,0.07575265318155289,0.08353688567876816,0.5172842741012573,0.08428559452295303,0.9
330,13.361166954040527,16.0247745513916,-0.19236421585083008,1.5069754093042844,0.42820078134536743,0.6205649971961975,0.31939858198165894,0.0158048365265131,21120,0,1,0.40499377250671387,0.15896916389465332,0.2438565045595169,0.47421956062316895,0.9538301229476929,0.24396201968193054,0.4252374768257141,,0.015179352834820747,0.01393813081085682,0.07133546471595764,0.07959617674350739,0.5190054178237915,0.08222705125808716,0.9
331,13.312578201293945,16.489084243774414,-0.17864924669265747,1.4888694356964884,0.4559172987937927,0.6345665454864502,0.348981648683548,0.02825797349214554,21184,0,1,0.4396907091140747,0.16395729780197144,0.23066817224025726,0.4572739005088806,0.9540305137634277,0.2542741000652313,0.447761207818985,,0.014894737862050533,0.0140608511865139,0.05922913923859596,0.06984277069568634,0.4909568727016449,0.07021564245223999,0.9
332,13.275357246398926,17.83453369140625,-0.16869881749153137,1.480667228688378,0.4803331792354584,0.6490319967269897,0.377132385969162,0.016032617539167404,21248,0,0,0.46233993768692017,0.16520565748214722,0.2148398458957672,0.4524892568588257,0.9562487602233887,0.29226595163345337,0.4800542891025543,,0.016125205904245377,0.015202289447188377,0.059481631964445114,0.07301876693964005,0.4591716527938843,0.07298274338245392,0.9
333,13.284541130065918,17.65235710144043,-0.16375964879989624,1.4658496106433752,0.48471134901046753,0.6484709978103638,0.38958773016929626,0.030237697064876556,21312,0,1,0.4765812158584595,0.15485572814941406,0.2185203731060028,0.4282987415790558,0.9458410739898682,0.24477612972259521,0.4458616077899933,,0.016132958233356476,0.01700606197118759,0.06489313393831253,0.070684053003788,0.4631820619106293,0.07243002951145172,0.9
334,13.302900314331055,18.14999008178711,-0.16909858584403992,1.4873850407508022,0.4839507043361664,0.6530492901802063,0.38868725299835205,0.027516689151525497,21376,0,1,0.48096132278442383,0.15515220165252686,0.21468959748744965,0.42232009768486023,0.9565807580947876,0.24640434980392456,0.4583446681499481,,0.014771923422813416,0.018766336143016815,0.06793884932994843,0.07677851617336273,0.4499446451663971,0.07886411249637604,0.9
335,13.342674255371094,16.37949562072754,-0.1772705614566803,1.4670582602121758,0.44318243861198425,0.6204530000686646,0.33504486083984375,0.02545996382832527,21440,0,0,0.4251996874809265,0.16161727905273438,0.24250565469264984,0.48045480251312256,0.9503321051597595,0.2678426206111908,0.4431479275226593,,0.015460196882486343,0.013152096420526505,0.0669502541422844,0.07310915738344193,0.5083475708961487,0.0735216960310936,0.9
336,13.33605670928955,16.128374099731445,-0.1866491734981537,1.5182863541940275,0.453223317861557,0.6398724913597107,0.34507399797439575,0.01932021602988243,21504,0,0,0.41754400730133057,0.16464579105377197,0.2246556133031845,0.5002665519714355,0.9604745507240295,0.3161465525627136,0.5082768201828003,,0.01602250337600708,0.014479073695838451,0.07147273421287537,0.07887975126504898,0.5231620073318481,0.07914354652166367,0.9
337,13.274015426635742,16.46013641357422,-0.16197359561920166,1.443507169646267,0.4728156328201294,0.634789228439331,0.3682034909725189,0.026244552806019783,21568,0,0,0.44325006008148193,0.16498041152954102,0.2208116352558136,0.4816478490829468,0.9558941125869751,0.3150610625743866,0.481953889131546,,0.01966146193444729,0.01268793735653162,0.06448047608137131,0.07830313593149185,0.5026313662528992,0.07831680774688721,0.9
338,13.25098991394043,17.880949020385742,-0.16008412837982178,1.4944775157906907,0.5161718726158142,0.676256000995636,0.41373512148857117,0.01726621948182583,21632,0,1,0.49873024225234985,0.174882709980011,0.18674308061599731,0.37928348779678345,0.9648966789245605,0.26295796036720276,0.4648575484752655,,0.014298632740974426,0.019640665501356125,0.06669912487268448,0.08348310738801956,0.4023948609828949,0.08623328059911728,0.9
339,13.308685302734375,17.0395565032959,-0.16314014792442322,1.4497127924037863,0.4740946590900421,0.6372348070144653,0.3735507130622864,0.02670036070048809,21696,0,0,0.46339619159698486,0.15962868928909302,0.23181778192520142,0.4460926055908203,0.9537766575813293,0.29118046164512634,0.4710990786552429,,0.016659274697303772,0.015363974496722221,0.07073379307985306,0.07366038858890533,0.46737775206565857,0.07452932000160217,0.9
340,13.350082397460938,16.414371490478516,-0.17128533124923706,1.429091628528553,0.4295334219932556,0.6008187532424927,0.3253243565559387,0.030471758916974068,21760,0,0,0.4088810086250305,0.15360820293426514,0.2582695186138153,0.4539862275123596,0.9344013929367065,0.25915876030921936,0.41736772656440735,,0.015337719582021236,0.01299215480685234,0.06645917147397995,0.06815403699874878,0.48509690165519714,0.06879492849111557,0.9
341,13.33324146270752,16.407102584838867,-0.17636331915855408,1.465627815375125,0.444872111082077,0.6212354302406311,0.34609776735305786,0.020770957693457603,21824,0,0,0.40492355823516846,0.15034180879592896,0.2512334883213043,0.47283780574798584,0.9437738656997681,0.32157397270202637,0.48548170924186707,,0.01423726323992014,0.014222312718629837,0.06726977974176407,0.06931381672620773,0.5055704116821289,0.07000739127397537,0.9
342,13.333456039428711,16.38727378845215,-0.1774870753288269,1.4784681699189715,0.45156437158584595,0.6290514469146729,0.3505184054374695,0.019383784383535385,21888,0,1,0.42082440853118896,0.15471631288528442,0.2249670773744583,0.4780075252056122,0.9531300663948059,0.2762551009654999,0.4724559187889099,,0.015324048697948456,0.015020419843494892,0.07275176793336868,0.07285496592521667,0.5094797611236572,0.07448231428861618,0.9
343,13.34355640411377,16.31477928161621,-0.17645835876464844,1.4643849403048381,0.4435586929321289,0.6200170516967773,0.34680891036987305,0.02705702744424343,21952,0,0,0.43159615993499756,0.14791637659072876,0.2375350445508957,0.5052676796913147,0.9553626775741577,0.2740841209888458,0.46268659830093384,,0.01808633655309677,0.01283944956958294,0.06360030919313431,0.07907267659902573,0.5268204808235168,0.0790967121720314,0.9
344,13.292440414428711,17.37898063659668,-0.16133520007133484,1.4453960450129237,0.47643616795539856,0.6377713680267334,0.3756684362888336,0.02345259115099907,22016,0,0,0.4560290575027466,0.16121149063110352,0.22860635817050934,0.475863516330719,0.9523313045501709,0.3272727429866791,0.4762551188468933,,0.01594289392232895,0.015066583640873432,0.06292310357093811,0.07894816994667053,0.48943525552749634,0.07928591966629028,0.9
345,13.314108848571777,16.815752029418945,-0.1758774220943451,1.4972313625454075,0.4704091250896454,0.6462865471839905,0.3639262616634369,0.02311154454946518,22080,0,1,0.46193814277648926,0.16694879531860352,0.21988603472709656,0.4614422917366028,0.9571276307106018,0.27055633068084717,0.4892808794975281,,0.014466914348304272,0.01553153432905674,0.07080702483654022,0.07603246718645096,0.5041535496711731,0.07715748995542526,0.9
346,13.266996383666992,16.83456802368164,-0.1602076292037964,1.4277898737561834,0.4652916193008423,0.6254992485046387,0.36017531156539917,0.028266649693250656,22144,0,0,0.4265902638435364,0.16343355178833008,0.21817061305046082,0.4709397852420807,0.9496392011642456,0.2545454502105713,0.41736772656440735,,0.020864007994532585,0.011788506992161274,0.0601995587348938,0.08032982051372528,0.4930708110332489,0.0804237499833107,0.9
347,13.315997123718262,17.088516235351562,-0.16949179768562317,1.4795468320335068,0.47706660628318787,0.646558403968811,0.36820727586746216,0.020442688837647438,22208,0,0,0.47031593322753906,0.17167341709136963,0.22644750773906708,0.49712449312210083,0.9597775936126709,0.3240163028240204,0.5188602805137634,,0.014200501143932343,0.014846771024167538,0.07304257154464722,0.08022671937942505,0.5144110321998596,0.08037012815475464,0.9
348,13.329000473022461,16.33580207824707,-0.1774422824382782,1.493776106012533,0.4631999433040619,0.6406422257423401,0.35417041182518005,0.023882409557700157,22272,0,0,0.4494308829307556,0.16826564073562622,0.220736563205719,0.5032725930213928,0.9627626538276672,0.31858888268470764,0.5153324604034424,,0.015024545602500439,0.014768444001674652,0.07700642198324203,0.08272653818130493,0.5251057744026184,0.08314862102270126,0.9
349,13.305060386657715,17.055261611938477,-0.1667267382144928,1.4669277448219074,0.47620144486427307,0.6429281830787659,0.37124285101890564,0.022910431027412415,22336,0,0,0.4298645257949829,0.16627156734466553,0.19953954219818115,0.47254833579063416,0.9582070112228394,0.26675713062286377,0.452645868062973,,0.020267892628908157,0.013445582240819931,0.06682071834802628,0.08844354748725891,0.487810343503952,0.08844617754220963,0.9
350,13.30462646484375,16.775455474853516,-0.17102500796318054,1.4700668045417522,0.46514371037483215,0.6361687183380127,0.36942848563194275,0.033954933285713196,22400,0,0,0.4450717568397522,0.15101855993270874,0.2266193926334381,0.45511481165885925,0.9505427479743958,0.2597014904022217,0.43473541736602783,,0.01705128327012062,0.014204954728484154,0.06673325598239899,0.07992055267095566,0.48634669184684753,0.08040726184844971,0.9
351,13.367733001708984,16.666053771972656,-0.1827906370162964,1.4922091550012375,0.44584155082702637,0.6286321878433228,0.34830689430236816,0.022592931985855103,22464,0,0,0.416117787361145,0.14844626188278198,0.24480357766151428,0.5062612295150757,0.9495035409927368,0.2797829210758209,0.4540027379989624,,0.014890162274241447,0.01445525512099266,0.07794972509145737,0.08898551017045975,0.5201085209846497,0.08954136073589325,0.9
352,13.293135643005371,16.764175415039062,-0.17359039187431335,1.4895576040894474,0.4718233644962311,0.6454137563705444,0.3734855353832245,0.01795365661382675,22528,0,0,0.4535861015319824,0.15634697675704956,0.2098967730998993,0.47353535890579224,0.9575870633125305,0.3042062520980835,0.4955224096775055,,0.015244320034980774,0.015217915177345276,0.07424794137477875,0.08118586242198944,0.49355989694595337,0.08168668299913406,0.9
353,13.2975435256958,16.41145133972168,-0.17155319452285767,1.486681624654606,0.47595107555389404,0.6475042700767517,0.3756907284259796,0.01993963122367859,22592,0,0,0.45296692848205566,0.15985488891601562,0.21495942771434784,0.4840511083602905,0.9638625979423523,0.3329715132713318,0.5329715013504028,,0.0139072360470891,0.015463692136108875,0.06530608236789703,0.0776732861995697,0.5064550042152405,0.07781630009412766,0.9
354,13.349370956420898,16.157155990600586,-0.19082826375961304,1.5196174825429059,0.44192415475845337,0.6327524185180664,0.3433837294578552,0.027003949508070946,22656,0,0,0.423292338848114,0.14961177110671997,0.23336422443389893,0.4781684875488281,0.9527332782745361,0.27706921100616455,0.4567164480686188,,0.014193568378686905,0.015161731280386448,0.07553283870220184,0.07840278744697571,0.4996437728404999,0.0785752683877945,0.9
355,13.227447509765625,17.91473388671875,-0.15214866399765015,1.4415003565548585,0.5032340288162231,0.6553826928138733,0.40559402108192444,0.019021429121494293,22720,0,0,0.4677579998970032,0.1633368730545044,0.18902456760406494,0.43366730213165283,0.956730842590332,0.28412485122680664,0.46404343843460083,,0.017471887171268463,0.014870023354887962,0.06471269577741623,0.08557279407978058,0.4448782503604889,0.08579875528812408,0.9
356,13.26965045928955,16.85346221923828,-0.16757726669311523,1.4784249488601529,0.48215407133102417,0.6497313380241394,0.3644620478153229,0.024936474859714508,22784,0,0,0.4765332341194153,0.18424302339553833,0.1924009919166565,0.4294559061527252,0.9539225697517395,0.26865673065185547,0.443962037563324,,0.014184953644871712,0.014816589653491974,0.06367183476686478,0.07771877944469452,0.450723797082901,0.07771849632263184,0.9
357,13.277729988098145,17.32306671142578,-0.16733509302139282,1.4778761077010543,0.48250073194503784,0.6498358249664307,0.37807878851890564,0.027270670980215073,22848,0,0,0.4333096146583557,0.16733354330062866,0.21436141431331635,0.4529203474521637,0.9495950937271118,0.3009498119354248,0.4724559187889099,,0.013872497715055943,0.015487395226955414,0.06338754296302795,0.0730699747800827,0.4671114981174469,0.07311265915632248,0.9
358,13.321386337280273,16.241741180419922,-0.17984679341316223,1.4921802106699968,0.45474478602409363,0.6345915794372559,0.33821913599967957,0.021492892876267433,22912,0,0,0.42270052433013916,0.17535191774368286,0.2258947342634201,0.4892522692680359,0.9573332667350769,0.27652648091316223,0.46838536858558655,,0.014979958534240723,0.013858847320079803,0.0721951350569725,0.08381092548370361,0.510998547077179,0.08405587822198868,0.9
359,13.294851303100586,16.6268253326416,-0.17168065905570984,1.4710179090985207,0.46383073925971985,0.6355113983154297,0.37172552943229675,0.028451358899474144,22976,0,0,0.4462270140647888,0.14556783437728882,0.2218886911869049,0.44874465465545654,0.9549629092216492,0.2724559009075165,0.4567164480686188,,0.017073430120944977,0.01480439305305481,0.06869330257177353,0.07374569773674011,0.48583996295928955,0.07423494011163712,0.9
360,13.309490203857422,16.76515007019043,-0.18553707003593445,1.522418127438454,0.45931240916252136,0.6448494791984558,0.35444313287734985,0.02595829963684082,23040,0,0,0.42624086141586304,0.1618141531944275,0.22154457867145538,0.4744492769241333,0.9607232809066772,0.2436906397342682,0.4328358471393585,,0.015017490833997726,0.015474490821361542,0.07465087622404099,0.08891569823026657,0.49709343910217285,0.08906635642051697,0.9
361,13.28756332397461,16.953371047973633,-0.17545238137245178,1.5063250151109575,0.4780263602733612,0.653478741645813,0.37357378005981445,0.018174946308135986,23104,0,0,0.44853246212005615,0.16601425409317017,0.20940999686717987,0.46908581256866455,0.9635953307151794,0.2800542712211609,0.4559023380279541,,0.015283554792404175,0.01419435627758503,0.06452170014381409,0.08397062867879868,0.4829713702201843,0.08376246690750122,0.9
362,13.302581787109375,16.643741607666016,-0.17359235882759094,1.4865449055559807,0.4696217477321625,0.6432141065597534,0.35062986612319946,0.033547282218933105,23168,0,1,0.449607789516449,0.18230921030044556,0.20907390117645264,0.43811309337615967,0.953033447265625,0.26757124066352844,0.4412483274936676,,0.014297615736722946,0.013591209426522255,0.059536371380090714,0.06936967372894287,0.4779345691204071,0.0699920505285263,0.9
363,13.299230575561523,16.8145694732666,-0.16733324527740479,1.4558269881642538,0.4655686020851135,0.6329018473625183,0.35866662859916687,0.036506157368421555,23232,0,0,0.4559732675552368,0.16513514518737793,0.21937766671180725,0.4233497381210327,0.9472482800483704,0.23799186944961548,0.40841248631477356,,0.016567794606089592,0.013697316870093346,0.06201167404651642,0.06831566244363785,0.4614031910896301,0.06873840093612671,0.9
364,13.207009315490723,17.646865844726562,-0.15528005361557007,1.4597690783553359,0.506985068321228,0.6622651219367981,0.3993844985961914,0.019764494150877,23296,0,0,0.47669368982315063,0.17735940217971802,0.1934119462966919,0.43606752157211304,0.9628325700759888,0.2762551009654999,0.4507462978363037,,0.0205438993871212,0.013468822464346886,0.06200335547327995,0.08476690948009491,0.4525424838066101,0.08498753607273102,0.9
365,13.303071022033691,16.506681442260742,-0.1811237335205078,1.5131181708470045,0.4658898711204529,0.6470136046409607,0.3528573513031006,0.02721022628247738,23360,0,0,0.46209681034088135,0.1738688349723816,0.22459764778614044,0.4908258318901062,0.9585544466972351,0.3036635220050812,0.4789687991142273,,0.014754064381122589,0.014465877786278725,0.06856201589107513,0.07743111997842789,0.5096578001976013,0.07787620276212692,0.9
366,13.293909072875977,16.819225311279297,-0.1670239269733429,1.4472106592734726,0.45949676632881165,0.6265206933021545,0.3444668650627136,0.04925133287906647,23424,0,0,0.44813084602355957,0.17394042015075684,0.23452270030975342,0.4361082911491394,0.9397301077842712,0.2499321699142456,0.41112619638442993,,0.01558732520788908,0.01347171701490879,0.06109293922781944,0.06617730855941772,0.46699926257133484,0.06659949570894241,0.9
367,13.25450611114502,17.626399993896484,-0.16711094975471497,1.4897809464097576,0.49169376492500305,0.658804714679718,0.38250452280044556,0.010644624941051006,23488,0,0,0.4805768132209778,0.17601919174194336,0.20303834974765778,0.49825865030288696,0.9674089550971985,0.32862958312034607,0.5055631399154663,,0.01520251389592886,0.014738637022674084,0.060519080609083176,0.08607073128223419,0.5034767985343933,0.08553945273160934,0.9
368,13.256545066833496,17.06718635559082,-0.16859006881713867,1.5007872627212466,0.49475985765457153,0.6633499264717102,0.3957574665546417,0.01773836277425289,23552,0,0,0.46669065952301025,0.1637856364250183,0.19379863142967224,0.5084989070892334,0.9687070846557617,0.36309364438056946,0.5503392219543457,,0.014697249978780746,0.015893923118710518,0.07083547860383987,0.08795544505119324,0.5176223516464233,0.08788503706455231,0.9
369,13.30048656463623,16.686477661132812,-0.1761527955532074,1.4817176207528142,0.45817074179649353,0.6343235373497009,0.36067765951156616,0.02116965875029564,23616,0,0,0.42490458488464355,0.1517602801322937,0.2219153195619583,0.49228888750076294,0.9582758545875549,0.2691994607448578,0.44803258776664734,,0.01681487262248993,0.012569272890686989,0.06972891837358475,0.08488747477531433,0.5136643648147583,0.08512317389249802,0.9
370,13.287127494812012,16.333511352539062,-0.1749064326286316,1.4934713207630934,0.47065263986587524,0.6455590724945068,0.35839059948921204,0.016477001830935478,23680,0,0,0.4524001479148865,0.17465674877166748,0.2176072597503662,0.5092891454696655,0.9657107591629028,0.3443690836429596,0.5343284010887146,,0.013369506224989891,0.013202095404267311,0.06511063128709793,0.07675814628601074,0.5257313847541809,0.07684480398893356,0.9
371,13.306990623474121,16.460628509521484,-0.17762503027915955,1.479831730219614,0.4521930515766144,0.6298180818557739,0.3444593846797943,0.031483251601457596,23744,0,1,0.39063286781311035,0.16339290142059326,0.22651326656341553,0.44756272435188293,0.9559362530708313,0.22930800914764404,0.43446406722068787,,0.014065862633287907,0.013377804309129715,0.06407760083675385,0.06552331149578094,0.49403414130210876,0.06781026721000671,0.9
372,13.28773021697998,16.759586334228516,-0.16955578327178955,1.4439831900718665,0.44854736328125,0.6181031465530396,0.3317275941371918,0.03680361807346344,23808,0,0,0.44219785928726196,0.17339956760406494,0.24624477326869965,0.44154900312423706,0.9416862726211548,0.20298507809638977,0.3690637946128845,,0.014254709705710411,0.01257248967885971,0.05878177285194397,0.0657581016421318,0.4726598262786865,0.06622326374053955,0.9
373,13.291293144226074,16.49700927734375,-0.1789427399635315,1.4983435364890079,0.46198219060897827,0.6409249305725098,0.35360562801361084,0.02638537995517254,23872,0,1,0.4450429081916809,0.1675105094909668,0.22798234224319458,0.48503077030181885,0.9596645832061768,0.2800542712211609,0.4762551188468933,,0.013334618881344795,0.015694204717874527,0.0648513212800026,0.0785607248544693,0.5243119597434998,0.07971031218767166,0.9
374,13.282920837402344,17.14230728149414,-0.17078092694282532,1.4750600119576252,0.46972569823265076,0.6405066251754761,0.3616888225078583,0.01871568337082863,23936,0,0,0.4611623287200928,0.16866165399551392,0.2154867798089981,0.5183203816413879,0.9602000117301941,0.2900950014591217,0.47544100880622864,,0.014981737360358238,0.014750327914953232,0.07006923854351044,0.0973019078373909,0.5258320569992065,0.09744095802307129,0.9
375,13.266672134399414,16.71445655822754,-0.17174753546714783,1.4791204137257667,0.46978822350502014,0.641535758972168,0.3732101023197174,0.023968597874045372,24000,0,1,0.4659041166305542,0.15326273441314697,0.22135773301124573,0.47014403343200684,0.9598454236984253,0.28792402148246765,0.4930800795555115,,0.014260124415159225,0.014628034085035324,0.07249923050403595,0.0776892900466919,0.4958990216255188,0.07834755629301071,0.9
376,13.25847339630127,17.191679000854492,-0.16692698001861572,1.4627906911413284,0.4723765254020691,0.6393035054206848,0.3677152395248413,0.029257986694574356,24064,0,0,0.4508547782897949,0.16520392894744873,0.21086613833904266,0.5073239207267761,0.9605700969696045,0.31017640233039856,0.48575305938720703,,0.016970761120319366,0.014046461321413517,0.06409908086061478,0.09119044989347458,0.5175662636756897,0.09096072614192963,0.9
377,13.231555938720703,16.89512825012207,-0.15768572688102722,1.42612717964082,0.4722704589366913,0.6299561858177185,0.3708290755748749,0.02374662272632122,24128,0,0,0.4452866315841675,0.16038644313812256,0.2040918469429016,0.45971211791038513,0.9563761949539185,0.30013570189476013,0.4637720584869385,,0.015101897530257702,0.012529512867331505,0.056221917271614075,0.07164085656404495,0.48374369740486145,0.07163989543914795,0.9
378,13.284175872802734,16.31843376159668,-0.17385149002075195,1.4724977170865603,0.45820707082748413,0.6320585608482361,0.3476686179637909,0.018992705270648003,24192,0,1,0.44901490211486816,0.16875678300857544,0.22069551050662994,0.49274763464927673,0.9602380990982056,0.2754409909248352,0.4610583484172821,,0.014524556696414948,0.012653329409658909,0.06729323416948318,0.08364379405975342,0.5237722396850586,0.08434943854808807,0.9
379,13.284934043884277,16.874195098876953,-0.17336353659629822,1.4662010518608564,0.45477214455604553,0.6281356811523438,0.3428283929824829,0.027869457378983498,24256,0,0,0.4484066367149353,0.16956663131713867,0.22099128365516663,0.49729958176612854,0.9533058404922485,0.2670285105705261,0.4393487274646759,,0.01899629458785057,0.012061499990522861,0.06502840667963028,0.08772396296262741,0.5147520303726196,0.08675253391265869,0.9
380,13.300094604492188,16.839584350585938,-0.16701537370681763,1.4227687601220425,0.4379332661628723,0.6049486398696899,0.3387686610221863,0.024146296083927155,24320,0,0,0.4058888554573059,0.14840281009674072,0.24199476838111877,0.43945199251174927,0.9401608109474182,0.22713704407215118,0.40271371603012085,,0.016272112727165222,0.010787056758999825,0.05414295569062233,0.06704715639352798,0.4678989350795746,0.06717988103628159,0.9
381,13.364330291748047,16.293197631835938,-0.1821824014186859,1.465736128012034,0.42664673924446106,0.608829140663147,0.3158404529094696,0.038425274193286896,24384,0,1,0.40687620639801025,0.16112059354782104,0.25358980894088745,0.45480242371559143,0.9430050849914551,0.23039349913597107,0.41221168637275696,,0.01298026368021965,0.012641547247767448,0.06642723083496094,0.0701209083199501,0.5119040012359619,0.07266689836978912,0.9
382,13.310221672058105,16.490528106689453,-0.174363374710083,1.4863668958233889,0.46713489294052124,0.6414982676506042,0.3591218888759613,0.032661519944667816,24448,0,0,0.44395267963409424,0.167458176612854,0.22354677319526672,0.5011060237884521,0.9545074701309204,0.32998645305633545,0.5082768201828003,,0.014069787226617336,0.014461537823081017,0.07135356962680817,0.07713096588850021,0.5120968818664551,0.07705793529748917,0.9
383,13.262730598449707,17.991641998291016,-0.1608443260192871,1.4483450814325536,0.48040449619293213,0.6412488222122192,0.3914323151111603,0.011971213854849339,24512,0,0,0.4694288969039917,0.14565390348434448,0.21977439522743225,0.4854736030101776,0.9577506184577942,0.29226595163345337,0.46078699827194214,,0.016867171972990036,0.013411885127425194,0.06022394821047783,0.08408909291028976,0.49452367424964905,0.08408433943986893,0.9
384,13.28347110748291,16.585229873657227,-0.16766437888145447,1.4574263484357093,0.46579709649086,0.6334614753723145,0.3573193848133087,0.025982731953263283,24576,0,1,0.44794797897338867,0.16827821731567383,0.21015408635139465,0.48663023114204407,0.9590693712234497,0.30203530192375183,0.4884667694568634,,0.013829400762915611,0.013175968080759048,0.0595548190176487,0.07047203183174133,0.5100111365318298,0.0707472488284111,0.9
385,13.2587890625,18.673192977905273,-0.16181617975234985,1.4791763706872008,0.5004873275756836,0.6623035073280334,0.4037834405899048,0.024068588390946388,24640,0,1,0.5013355314731598,0.16153806447982788,0.19399181008338928,0.4822314381599426,0.9634565711021423,0.3297150731086731,0.5375848412513733,,0.0128220459446311,0.01737266778945923,0.06585875153541565,0.08887139707803726,0.485526978969574,0.08920680731534958,0.9
386,13.314116477966309,17.283506393432617,-0.1663585603237152,1.4618671288261202,0.47345438599586487,0.6398129463195801,0.37636974453926086,0.04346751049160957,24704,0,1,0.4443935751914978,0.15544384717941284,0.20886921882629395,0.46283942461013794,0.9475166201591492,0.27706921100616455,0.4605156183242798,,0.013984152115881443,0.015292336232960224,0.07012384384870529,0.07399100065231323,0.48951756954193115,0.0751209631562233,0.9
387,13.324448585510254,16.228946685791016,-0.18346896767616272,1.5043378549155884,0.4527491629123688,0.6362181305885315,0.34954625368118286,0.03149624541401863,24768,0,1,0.4341156482696533,0.1581099033355713,0.22577804327011108,0.496786892414093,0.9588041305541992,0.3023066520690918,0.4987788498401642,,0.013544464483857155,0.01432018168270588,0.06695922464132309,0.07253600656986237,0.5167359709739685,0.07251492887735367,0.9
388,13.290908813476562,17.015913009643555,-0.17130538821220398,1.488143276323817,0.47776201367378235,0.6490674018859863,0.3814148008823395,0.013686943799257278,24832,0,0,0.4726937413215637,0.15530914068222046,0.20141425728797913,0.5146873593330383,0.9618200659751892,0.3386702835559845,0.5237449407577515,,0.015329934656620026,0.01480126939713955,0.07340217381715775,0.09720243513584137,0.5298161506652832,0.09683619439601898,0.9
389,13.30404281616211,16.71026039123535,-0.167444109916687,1.4424948095288874,0.45414668321609497,0.621590793132782,0.35264959931373596,0.03299424797296524,24896,0,0,0.4474255442619324,0.15594661235809326,0.22851510345935822,0.45314979553222656,0.9466315507888794,0.2632293105125427,0.4393487274646759,,0.014561873860657215,0.013948535546660423,0.0659436360001564,0.07028521597385406,0.4870360791683197,0.07082017511129379,0.9
390,13.299322128295898,16.649593353271484,-0.17672300338745117,1.4948619756825108,0.46616125106811523,0.6428842544555664,0.3646330237388611,0.01810719631612301,24960,0,0,0.4394248127937317,0.1591792106628418,0.22685067355632782,0.48972299695014954,0.962850034236908,0.29497966170310974,0.48683854937553406,,0.012816375121474266,0.012741675600409508,0.06775012612342834,0.07670563459396362,0.512734591960907,0.0768805667757988,0.9
391,13.375248908996582,16.151439666748047,-0.18025541305541992,1.4968940262151516,0.45698028802871704,0.637235701084137,0.34944209456443787,0.03006467968225479,25024,0,0,0.4376905560493469,0.16472971439361572,0.2123122662305832,0.5117104649543762,0.9635573029518127,0.3145183324813843,0.508819580078125,,0.012928003445267677,0.014658672735095024,0.07224421203136444,0.07950331270694733,0.52631676197052,0.07964438945055008,0.9
392,13.34520149230957,15.988663673400879,-0.19071519374847412,1.5213993781997057,0.44350916147232056,0.6342243552207947,0.3397673964500427,0.038500621914863586,25088,0,0,0.4306110143661499,0.15665501356124878,0.23659613728523254,0.5108568668365479,0.9559630155563354,0.29633650183677673,0.48575305938720703,,0.012959934771060944,0.014565827324986458,0.0787641704082489,0.08013547956943512,0.5365651845932007,0.08080984652042389,0.9
393,13.305962562561035,16.530622482299805,-0.17142701148986816,1.4653095351577048,0.46015799045562744,0.6315850019454956,0.354133278131485,0.023833557963371277,25152,0,0,0.44167590141296387,0.1632920503616333,0.22026532888412476,0.49343976378440857,0.9541815519332886,0.33839893341064453,0.5204885005950928,,0.013520670123398304,0.01288293395191431,0.06414931267499924,0.07422936707735062,0.5215197205543518,0.0740431696176529,0.9
394,13.332965850830078,16.486448287963867,-0.1717853546142578,1.4559528834343405,0.45145344734191895,0.6232388019561768,0.33642035722732544,0.021538330242037773,25216,0,0,0.4279739260673523,0.17251962423324585,0.22688420116901398,0.5092748999595642,0.9512797594070435,0.30502036213874817,0.46512892842292786,,0.015269419178366661,0.011614343151450157,0.06691808998584747,0.08013080060482025,0.5308740735054016,0.08057897537946701,0.9
395,13.324110984802246,16.69851303100586,-0.1817418336868286,1.5272137943626864,0.4735368490219116,0.6552786827087402,0.36587458848953247,0.028069516643881798,25280,0,1,0.4652349352836609,0.16943764686584473,0.2150755524635315,0.4799647331237793,0.9634060859680176,0.28331074118614197,0.4949796795845032,,0.011898658238351345,0.01609257236123085,0.07082898914813995,0.07682890444993973,0.509681224822998,0.07827567309141159,0.9
396,13.358294486999512,16.382476806640625,-0.17203548550605774,1.446855459203729,0.44297316670417786,0.6150086522102356,0.3432598114013672,0.029070258140563965,25344,0,1,0.4299299716949463,0.15088027715682983,0.2411242127418518,0.4594067335128784,0.9516971707344055,0.2276797890663147,0.4162822365760803,,0.013830017298460007,0.012566418386995792,0.06138339638710022,0.06790553033351898,0.5051535367965698,0.06925470381975174,0.9
397,13.35147762298584,16.293209075927734,-0.1732158362865448,1.4728400983467482,0.46045348048210144,0.6336693167686462,0.359909325838089,0.03203868120908737,25408,0,0,0.4427039623260498,0.15642142295837402,0.22842970490455627,0.4838757812976837,0.9567534327507019,0.30909091234207153,0.48765265941619873,,0.013544534333050251,0.013095268979668617,0.07166865468025208,0.07682174444198608,0.5177012085914612,0.07755929231643677,0.9
398,13.347384452819824,16.23556137084961,-0.1772058606147766,1.4839343240813492,0.4566166400909424,0.633822500705719,0.34808316826820374,0.023422572761774063,25472,0,1,0.4279435873031616,0.165244460105896,0.22414910793304443,0.49420782923698425,0.9573845863342285,0.3107191324234009,0.49850746989250183,,0.012943205423653126,0.013309977948665619,0.0723368376493454,0.07409626245498657,0.5269744396209717,0.07537491619586945,0.9
399,13.323548316955566,16.334054946899414,-0.17811819911003113,1.4832946831604978,0.45333191752433777,0.6314501166343689,0.34930098056793213,0.01779552921652794,25536,0,0,0.44534868001937866,0.1588844656944275,0.23331546783447266,0.5029011964797974,0.9559373259544373,0.28928089141845703,0.46974220871925354,,0.013241399079561234,0.012716483324766159,0.07385392487049103,0.07925985753536224,0.5263105034828186,0.07944700121879578,0.9
400,13.336888313293457,16.699703216552734,-0.17830684781074524,1.4816465866040247,0.45149049162864685,0.6297973394393921,0.3534992039203644,0.0144433518871665,25600,0,0,0.4266120195388794,0.15072005987167358,0.2356942594051361,0.4846212863922119,0.9517239332199097,0.28819540143013,0.4694708585739136,,0.01377017516642809,0.013228192925453186,0.06825615465641022,0.07564790546894073,0.5133672952651978,0.07593395560979843,0.9
401,13.22143268585205,18.323762893676758,-0.14254450798034668,1.4307272130625523,0.526516318321228,0.6690608263015747,0.42835432291030884,0.022693458944559097,25664,0,0,0.5170227885246277,0.17136532068252563,0.17013294994831085,0.43280988931655884,0.9654938578605652,0.3373134434223175,0.5215739607810974,,0.014751742593944073,0.017522186040878296,0.05633564665913582,0.08219535648822784,0.4408367872238159,0.08169525861740112,0.9
402,13.27645492553711,17.38739013671875,-0.16096723079681396,1.4502329703570478,0.4815129041671753,0.6424801349639893,0.3807560205459595,0.02221749722957611,25728,0,1,0.4577908515930176,0.16188669204711914,0.22157566249370575,0.4636049270629883,0.9506702423095703,0.3080054521560669,0.47299864888191223,,0.012927977368235588,0.01557864435017109,0.06125978007912636,0.07065045833587646,0.48287883400917053,0.07087423652410507,0.9
403,13.249573707580566,18.228559494018555,-0.15988826751708984,1.4918338471117816,0.515025794506073,0.6749140620231628,0.41010329127311707,0.026556693017482758,25792,0,0,0.4900713562965393,0.17733657360076904,0.18189264833927155,0.4741537868976593,0.9681602716445923,0.2762551009654999,0.4922659695148468,,0.013994958251714706,0.01702384278178215,0.06588990986347198,0.10407714545726776,0.4849277436733246,0.10296238958835602,0.9
404,13.296076774597168,17.37714385986328,-0.1516726016998291,1.4214572103943734,0.4884507656097412,0.6401233673095703,0.37086719274520874,0.0578649565577507,25856,0,1,0.45169270038604736,0.1864987015724182,0.20878815650939941,0.3671921491622925,0.9346254467964172,0.1970149278640747,0.35495251417160034,,0.013501590117812157,0.015508057549595833,0.054867759346961975,0.06788128614425659,0.41956961154937744,0.06999947875738144,0.9
405,13.331838607788086,16.479251861572266,-0.17584043741226196,1.4721923000710342,0.4517679810523987,0.6276084184646606,0.3446131944656372,0.031724680215120316,25920,0,1,0.42020881175994873,0.16234302520751953,0.2507818341255188,0.4606779217720032,0.9480604529380798,0.2537313401699066,0.42578020691871643,,0.012439634650945663,0.012883365154266357,0.06436927616596222,0.06603451073169708,0.5083722472190857,0.06762885302305222,0.9
406,13.323346138000488,16.346637725830078,-0.1766408085823059,1.4752493681604166,0.45167893171310425,0.6283197402954102,0.342950701713562,0.02886132337152958,25984,0,0,0.4283181428909302,0.1641390323638916,0.24694009125232697,0.49136480689048767,0.9481189250946045,0.2748982608318329,0.44938942790031433,,0.01383102685213089,0.012611715123057365,0.06325017660856247,0.07340006530284882,0.5291070938110352,0.07381483912467957,0.9
407,13.25467300415039,16.87697410583496,-0.16375315189361572,1.4921434662042576,0.5035122632980347,0.6672654151916504,0.39554131031036377,0.029582740738987923,26048,0,1,0.4683445692062378,0.17839878797531128,0.18840834498405457,0.46579769253730774,0.9668835401535034,0.28928089141845703,0.5261872410774231,,0.013243738561868668,0.016732927411794662,0.06731913983821869,0.08205287903547287,0.5050824284553528,0.08410093188285828,0.9
408,13.275444984436035,18.513654708862305,-0.15879538655281067,1.4533836600474086,0.4909595549106598,0.6497549414634705,0.38094422221183777,0.02189723588526249,26112,0,0,0.4675082564353943,0.176813006401062,0.2166755646467209,0.4510277509689331,0.9532132744789124,0.2523745000362396,0.42876526713371277,,0.012662352062761784,0.014210967347025871,0.06458308547735214,0.08075334131717682,0.4578508734703064,0.08050081133842468,0.9
409,13.294455528259277,16.738370895385742,-0.1614653766155243,1.441661332591617,0.47294822335243225,0.6344135999679565,0.357052743434906,0.034321676939725876,26176,0,1,0.4513344168663025,0.17943710088729858,0.22600510716438293,0.4454880356788635,0.9451596140861511,0.28738129138946533,0.4548168480396271,,0.013843824155628681,0.012947780080139637,0.06401143968105316,0.06728991866111755,0.48137542605400085,0.06872633099555969,0.9
410,13.294841766357422,16.728132247924805,-0.1680920124053955,1.4514954531314965,0.45960742235183716,0.6276994347572327,0.3493088483810425,0.03727319464087486,26240,0,0,0.45388561487197876,0.16843140125274658,0.23962509632110596,0.4533815383911133,0.9458677768707275,0.24911805987358093,0.4255088269710541,,0.01492623332887888,0.012961515225470066,0.06898976862430573,0.06869197636842728,0.4904695153236389,0.06943461298942566,0.9
411,13.199122428894043,18.602697372436523,-0.1441858410835266,1.4569655195603375,0.5402852296829224,0.684471070766449,0.44037294387817383,0.01748526468873024,26304,0,0,0.5271829664707184,0.17812103033065796,0.1800474226474762,0.4497072100639343,0.9695069193840027,0.32808685302734375,0.5153324604034424,,0.016150707378983498,0.017419977113604546,0.06470144540071487,0.09799487888813019,0.44635269045829773,0.09776243567466736,0.9
412,13.22836685180664,17.674345016479492,-0.15546953678131104,1.4372361823281112,0.48895710706710815,0.6444266438484192,0.3794189393520355,0.028567194938659668,26368,0,0,0.4680054187774658,0.17603611946105957,0.20789334177970886,0.4582388401031494,0.9519633650779724,0.2366350144147873,0.3934871256351471,,0.01883717253804207,0.012074676342308521,0.0563863068819046,0.08040428906679153,0.46444928646087646,0.07957673817873001,0.9
413,13.330227851867676,16.172773361206055,-0.18663173913955688,1.526444710427424,0.4588547945022583,0.6454865336418152,0.3503775894641876,0.022699840366840363,26432,0,0,0.43419426679611206,0.1663784384727478,0.22767062485218048,0.5264678001403809,0.9633269906044006,0.31913161277770996,0.514246940612793,,0.01251918263733387,0.015354732051491737,0.07535819709300995,0.08725567162036896,0.5475659966468811,0.08762087672948837,0.9
414,13.34936809539795,16.15089225769043,-0.18747258186340332,1.5227444253517255,0.4538959860801697,0.641368567943573,0.33842846751213074,0.02356816455721855,26496,0,0,0.43699413537979126,0.17391782999038696,0.227570578455925,0.5213010907173157,0.9584762454032898,0.30203530192375183,0.4852103292942047,,0.011537800543010235,0.015061694197356701,0.08337172120809555,0.0910261869430542,0.5384665727615356,0.09141279757022858,0.9
415,13.325721740722656,16.456958770751953,-0.17447024583816528,1.485521478722146,0.4661836624145508,0.6406539082527161,0.3509005308151245,0.03300144150853157,26560,0,0,0.44441354274749756,0.17699521780014038,0.2381172925233841,0.5137439370155334,0.9563587307929993,0.31289011240005493,0.5039348602294922,,0.012529678642749786,0.014467349275946617,0.07042857259511948,0.07770146429538727,0.5338109731674194,0.07795385271310806,0.9
416,13.293549537658691,16.425642013549805,-0.16488146781921387,1.4536558030427593,0.47166794538497925,0.6365494132041931,0.35386550426483154,0.022398868575692177,26624,0,0,0.4557129144668579,0.18134534358978271,0.21821920573711395,0.5136324167251587,0.9585009217262268,0.3085481822490692,0.49063774943351746,,0.014324541203677654,0.012355062179267406,0.07154276967048645,0.08955274522304535,0.5349925756454468,0.08959278464317322,0.9
417,13.250909805297852,16.546724319458008,-0.16782432794570923,1.490826630054305,0.49025386571884155,0.6580781936645508,0.37948504090309143,0.028783487156033516,26688,0,0,0.47990429401397705,0.17803996801376343,0.20731708407402039,0.5112159848213196,0.9644526243209839,0.3367707133293152,0.5134328603744507,,0.014642336405813694,0.01435987651348114,0.07070454210042953,0.08433255553245544,0.5301446318626404,0.08422107994556427,0.9
418,13.294941902160645,17.191455841064453,-0.17144522070884705,1.4855356673830595,0.47544947266578674,0.6468946933746338,0.3629160523414612,0.03340458497405052,26752,0,0,0.45968127250671387,0.176203191280365,0.2374357432126999,0.5006650686264038,0.9558550119400024,0.32618725299835205,0.4966078996658325,,0.012357983738183975,0.014501560479402542,0.06449741870164871,0.07230176031589508,0.5163396596908569,0.07248203456401825,0.9
419,13.230609893798828,17.19588279724121,-0.15622633695602417,1.460434871054001,0.5044719576835632,0.6606982946395874,0.39444369077682495,0.030641989782452583,26816,0,0,0.48055827617645264,0.18086832761764526,0.20642997324466705,0.4473353922367096,0.9599851965904236,0.28331074118614197,0.4564450681209564,,0.012189950793981552,0.015390224754810333,0.06484735757112503,0.07103485614061356,0.4795536696910858,0.07159020751714706,0.9
420,13.288100242614746,16.58399772644043,-0.1680930256843567,1.465627342989857,0.4709036350250244,0.6389966607093811,0.35033294558525085,0.036046963185071945,26880,0,0,0.45291751623153687,0.18476450443267822,0.23383384943008423,0.46832650899887085,0.9534446597099304,0.2925373315811157,0.47408413887023926,,0.01226793136447668,0.013186914846301079,0.058388788253068924,0.06708423048257828,0.5059359073638916,0.06762287765741348,0.9
421,13.301417350769043,16.19635581970215,-0.17729797959327698,1.4997391737359964,0.4679209887981415,0.6452189683914185,0.3609907925128937,0.03025740385055542,26944,0,1,0.4612874388694763,0.16674232482910156,0.2327287793159485,0.48966875672340393,0.9613204598426819,0.3085481822490692,0.5012211799621582,,0.013349100016057491,0.014448292553424835,0.07170913368463516,0.07670579850673676,0.5336478352546692,0.07822331041097641,0.9
422,13.247700691223145,17.117908477783203,-0.1599593460559845,1.4573186473644648,0.49026408791542053,0.650223433971405,0.37397924065589905,0.019706986844539642,27008,0,0,0.4696232080459595,0.18525922298431396,0.20453478395938873,0.48473694920539856,0.9614983201026917,0.28222525119781494,0.46512892842292786,,0.01541116088628769,0.012341318652033806,0.062066588550806046,0.08063696324825287,0.5025996565818787,0.080995112657547,0.9
423,13.254185676574707,17.461902618408203,-0.163507342338562,1.4885316436309368,0.5018012523651123,0.6653085947036743,0.3923775255680084,0.024898655712604523,27072,0,0,0.49299824237823486,0.17914223670959473,0.21178291738033295,0.4920802712440491,0.9660910367965698,0.33649933338165283,0.5340570211410522,,0.013115613721311092,0.01586098037660122,0.06763898581266403,0.08209522068500519,0.5032482147216797,0.08233597874641418,0.9
424,13.230374336242676,17.339628219604492,-0.15167930722236633,1.4219960582294204,0.4888876974582672,0.6405670046806335,0.38189858198165894,0.046236928552389145,27136,0,1,0.44817644357681274,0.1723228096961975,0.21905730664730072,0.3737088739871979,0.9440998435020447,0.19620081782341003,0.3883310854434967,,0.016767393797636032,0.013123949058353901,0.05165601894259453,0.05576823651790619,0.43771082162857056,0.0575934462249279,0.9
425,13.299410820007324,16.442392349243164,-0.16871142387390137,1.4408259939114634,0.44857197999954224,0.6172834038734436,0.33728840947151184,0.03687915578484535,27200,0,1,0.42490553855895996,0.16677427291870117,0.26079457998275757,0.44852307438850403,0.9438890218734741,0.21573948860168457,0.41085484623908997,,0.01312171295285225,0.011714150197803974,0.061994075775146484,0.0652875006198883,0.4984591603279114,0.0663263201713562,0.9
426,13.287878036499023,16.326332092285156,-0.17280054092407227,1.4836025211082093,0.4698801040649414,0.6426806449890137,0.36772677302360535,0.026772834360599518,27264,0,1,0.4504047632217407,0.16063213348388672,0.21857844293117523,0.5377781391143799,0.9651772379875183,0.32238808274269104,0.5356852412223816,,0.012935507111251354,0.01374642364680767,0.06848973035812378,0.08541595935821533,0.5624008774757385,0.08637472242116928,0.9
427,13.170903205871582,18.704288482666016,-0.14619171619415283,1.4732332786978555,0.5448872447013855,0.6910789608955383,0.4431174099445343,0.017365500330924988,27328,0,0,0.5337847471237183,0.18203598260879517,0.16625411808490753,0.4750188887119293,0.9723522067070007,0.38426053524017334,0.580461323261261,,0.015459653921425343,0.018270714208483696,0.06595255434513092,0.10518211871385574,0.45679619908332825,0.10347086936235428,0.9
428,13.299626350402832,16.56125259399414,-0.17679134011268616,1.48400715322383,0.4579426944255829,0.634734034538269,0.3451034426689148,0.018848471343517303,27392,0,0,0.44835126399993896,0.17145895957946777,0.2369517982006073,0.5255624651908875,0.9584999084472656,0.31343284249305725,0.5028494000434875,,0.01207202672958374,0.013441662304103374,0.0737161785364151,0.08058443665504456,0.5463511347770691,0.08076374977827072,0.9
429,13.295085906982422,17.52201271057129,-0.16681304574012756,1.4765867558447325,0.48317083716392517,0.6499838829040527,0.3759381175041199,0.016731102019548416,27456,0,1,0.4662262201309204,0.17158383131027222,0.20479334890842438,0.5251897573471069,0.9674530625343323,0.35603800415992737,0.5677069425582886,,0.011920120567083359,0.013796979561448097,0.061832595616579056,0.07776273041963577,0.5397465229034424,0.07789317518472672,0.9
430,13.233161926269531,16.899038314819336,-0.1593225598335266,1.4508323397721272,0.4872809648513794,0.646603524684906,0.36886340379714966,0.022022489458322525,27520,0,0,0.48436808586120605,0.18729829788208008,0.20872782170772552,0.5424758195877075,0.9653335213661194,0.351967453956604,0.5362279415130615,,0.013934977352619171,0.011712364852428436,0.06639158725738525,0.09028705954551697,0.5515165328979492,0.0901336818933487,0.9
431,13.236332893371582,18.020816802978516,-0.15852224826812744,1.4554533508991463,0.4934239983558655,0.6519462466239929,0.38377952575683594,0.024419277906417847,27584,0,0,0.48394322395324707,0.17665493488311768,0.22193579375743866,0.5240964889526367,0.9605897068977356,0.3036635220050812,0.49389418959617615,,0.01329986471682787,0.013657706789672375,0.0656690001487732,0.08606548607349396,0.5334985256195068,0.08580345660448074,0.9
432,13.284120559692383,17.239084243774414,-0.1653272807598114,1.4522645171967647,0.4691183269023895,0.6344456076622009,0.3655373752117157,0.04381343722343445,27648,0,0,0.44978368282318115,0.16297996044158936,0.21816805005073547,0.465478777885437,0.9486739635467529,0.26621440052986145,0.4233378767967224,,0.021047653630375862,0.012545568868517876,0.05913865938782692,0.08409999310970306,0.48270729184150696,0.08362064510583878,0.9
433,13.22774887084961,17.531681060791016,-0.1465030014514923,1.4065531320840228,0.49314311146736145,0.6396461129188538,0.37771075963974,0.0359741747379303,27712,0,1,0.4642852544784546,0.18508166074752808,0.2147463858127594,0.41157665848731995,0.9409081339836121,0.21573948860168457,0.39945727586746216,,0.013965098187327385,0.012962390668690205,0.055654797703027725,0.06226633861660957,0.45547014474868774,0.06405504792928696,0.9
434,13.289937973022461,17.123395919799805,-0.17139816284179688,1.4845447299822567,0.47487151622772217,0.646269679069519,0.3631799519062042,0.018243061378598213,27776,0,0,0.4643821120262146,0.17489087581634521,0.2135913074016571,0.5421016216278076,0.9676246643066406,0.36770692467689514,0.5639077425003052,,0.012541767209768295,0.014151308685541153,0.07232668995857239,0.08897246420383453,0.5570794939994812,0.0888526439666748,0.9
435,13.298849105834961,16.49017906188965,-0.1742839217185974,1.4836399309406931,0.46535724401474,0.6396411657333374,0.3498810827732086,0.027374763041734695,27840,0,0,0.44318878650665283,0.17698168754577637,0.23781049251556396,0.48570477962493896,0.9545506834983826,0.2998643219470978,0.4903663694858551,,0.013588090427219868,0.013145373202860355,0.062386851757764816,0.07229438424110413,0.516680121421814,0.07239861786365509,0.9
436,13.261553764343262,17.273527145385742,-0.1666271686553955,1.4787168824443648,0.4853024482727051,0.6519296169281006,0.3748089373111725,0.025252794846892357,27904,0,1,0.4836121201515198,0.17597591876983643,0.21474313735961914,0.4811127781867981,0.9619835019111633,0.28602442145347595,0.49823611974716187,,0.011678038164973259,0.014475865289568901,0.06899183243513107,0.08045712113380432,0.5312368273735046,0.0828738659620285,0.9
437,13.371047019958496,16.325580596923828,-0.17681416869163513,1.4443012840847718,0.42522576451301575,0.6020399332046509,0.30815064907073975,0.03272693604230881,27968,0,1,0.4086263179779053,0.16856485605239868,0.2620537579059601,0.4531014561653137,0.9355454444885254,0.21953867375850677,0.3883310854434967,,0.013438040390610695,0.010390062816441059,0.06295236945152283,0.06816592067480087,0.5060075521469116,0.06954199075698853,0.9
438,13.211779594421387,17.01814842224121,-0.153914213180542,1.4677120030139303,0.5170067548751831,0.6709209680557251,0.4064489006996155,0.019151242449879646,28032,0,0,0.5011726319789886,0.18576449155807495,0.17120440304279327,0.5294140577316284,0.9757648706436157,0.3872455954551697,0.5972863435745239,,0.013385243713855743,0.014455156400799751,0.07095254212617874,0.099101722240448,0.5342639684677124,0.09862084686756134,0.9
439,13.311300277709961,16.302019119262695,-0.17039194703102112,1.4536416185154553,0.4539988934993744,0.6243908405303955,0.3377261161804199,0.031018465757369995,28096,0,0,0.4497326612472534,0.17450928688049316,0.22335438430309296,0.5418190956115723,0.9580538272857666,0.3156038224697113,0.4987788498401642,,0.01386115700006485,0.01235052291303873,0.07058490812778473,0.08476762473583221,0.5589792132377625,0.08444038033485413,0.9
440,13.279163360595703,16.537397384643555,-0.16064566373825073,1.4325440927644004,0.46795713901519775,0.6286028027534485,0.35639360547065735,0.02341129444539547,28160,0,1,0.4615069031715393,0.1721360683441162,0.23378853499889374,0.48509007692337036,0.9509097337722778,0.31886026263237,0.4955224096775055,,0.015311628580093384,0.011895595118403435,0.06545741111040115,0.07432214170694351,0.5197155475616455,0.07520042359828949,0.9
441,13.153815269470215,17.346702575683594,-0.1364573836326599,1.4233730592800877,0.5412325859069824,0.6776899695396423,0.4266831576824188,0.03194553777575493,28224,0,0,0.513791024684906,0.19997954368591309,0.15362834930419922,0.5102639198303223,0.9717085957527161,0.36010855436325073,0.5587517023086548,,0.013338467106223106,0.01490720734000206,0.057311367243528366,0.09026727080345154,0.5106846690177917,0.08951304107904434,0.9
442,13.212337493896484,16.854534149169922,-0.1498098373413086,1.4291685264484015,0.5011202096939087,0.6509300470352173,0.38426318764686584,0.014220794662833214,28288,0,0,0.4884660243988037,0.18935632705688477,0.1937507688999176,0.5215140581130981,0.9683791995048523,0.34843963384628296,0.5351424813270569,,0.013383124954998493,0.011261498555541039,0.06227870285511017,0.08561920374631882,0.5314487218856812,0.08552917093038559,0.9
443,13.272958755493164,17.38227081298828,-0.15557259321212769,1.4264349737210873,0.479606032371521,0.6351786255836487,0.365093469619751,0.03277907148003578,28352,0,1,0.4505994915962219,0.17933011054992676,0.22423622012138367,0.4498048722743988,0.9483820796012878,0.28819540143013,0.46648576855659485,,0.012294604443013668,0.012249881401658058,0.06319253891706467,0.07687673717737198,0.4914417564868927,0.0779477208852768,0.9
444,13.27263069152832,16.198579788208008,-0.16815683245658875,1.4818475616702458,0.48285970091819763,0.6510165333747864,0.37220242619514465,0.032519131898880005,28416,0,0,0.4556151032447815,0.17553114891052246,0.20416000485420227,0.54487544298172,0.969546914100647,0.38534602522850037,0.5709633827209473,,0.014127456583082676,0.014087016694247723,0.07761260867118835,0.09153182804584503,0.5606119632720947,0.09149205684661865,0.9
445,13.299738883972168,16.260440826416016,-0.1647638976573944,1.449150542996373,0.46840164065361023,0.6331655383110046,0.3494687080383301,0.02609211951494217,28480,0,0,0.4472234845161438,0.18296045064926147,0.21512944996356964,0.5505048036575317,0.9653211832046509,0.354409784078598,0.5660787224769592,,0.011956578120589256,0.012186741456389427,0.07481905072927475,0.08562904596328735,0.557666540145874,0.08541136980056763,0.9
446,13.305842399597168,16.694231033325195,-0.1524428427219391,1.3916520933508927,0.45832690596580505,0.6107697486877441,0.3592591881752014,0.04350994899868965,28544,0,1,0.43887442350387573,0.15349143743515015,0.24905887246131897,0.4153132140636444,0.9427501559257507,0.22659431397914886,0.4073270261287689,,0.013736343942582607,0.01217195950448513,0.05940193310379982,0.06197063997387886,0.4753972589969635,0.06388465315103531,0.9
447,13.35399341583252,16.357786178588867,-0.17187362909317017,1.40939442000182,0.40830230712890625,0.5801759362220764,0.2989378273487091,0.033655956387519836,28608,0,1,0.3885951638221741,0.15498030185699463,0.2833729386329651,0.4384657144546509,0.9277167916297913,0.21248304843902588,0.38290366530418396,,0.013816537335515022,0.0099282655864954,0.06001613289117813,0.06217370927333832,0.5038660168647766,0.06421168148517609,0.9
448,13.267033576965332,16.971294403076172,-0.157220721244812,1.427586506509862,0.47508591413497925,0.6323066353797913,0.35790112614631653,0.032524239271879196,28672,0,0,0.45418065786361694,0.18197613954544067,0.2092987298965454,0.5181430578231812,0.9557759165763855,0.29687926173210144,0.4803256690502167,,0.016858398914337158,0.011674282141029835,0.05815138295292854,0.08053913712501526,0.526792049407959,0.07999890297651291,0.9
449,13.239704132080078,18.00766372680664,-0.15557312965393066,1.4403009874907937,0.4910932779312134,0.646666407585144,0.3845670521259308,0.016981355845928192,28736,0,0,0.461905300617218,0.1724286675453186,0.21175915002822876,0.5201698541641235,0.9681407809257507,0.3411126434803009,0.539484441280365,,0.013818223029375076,0.013302329927682877,0.062035031616687775,0.08416043221950531,0.5288922786712646,0.08425898104906082,0.9
450,13.207440376281738,17.015640258789062,-0.14582258462905884,1.4138133833822897,0.5017901062965393,0.6476126909255981,0.39114752411842346,0.01908148266375065,28800,0,0,0.4809357523918152,0.18061470985412598,0.19327320158481598,0.487348735332489,0.963826596736908,0.353324294090271,0.5291723608970642,,0.014233550056815147,0.011624335311353207,0.0599428191781044,0.07523347437381744,0.514037549495697,0.0756872147321701,0.9
451,13.305558204650879,17.512235641479492,-0.16511014103889465,1.4757811105819099,0.48786023259162903,0.6529703736305237,0.37236228585243225,0.032232727855443954,28864,0,1,0.4703625440597534,0.18274915218353271,0.21707475185394287,0.46610093116760254,0.9625396728515625,0.2816825211048126,0.5006784200668335,,0.011811379343271255,0.015150215476751328,0.07107122987508774,0.07685820758342743,0.5028896927833557,0.07934679836034775,0.9
452,13.284850120544434,18.409034729003906,-0.15226876735687256,1.4077069363512402,0.47425520420074463,0.6265239715576172,0.3643994629383087,0.03451387211680412,28928,0,0,0.44255179166793823,0.17171084880828857,0.2407582402229309,0.4913918673992157,0.9511430859565735,0.2697422206401825,0.44721847772598267,,0.013781635090708733,0.012735540047287941,0.05851656571030617,0.07912464439868927,0.5085143446922302,0.0791444182395935,0.9
453,13.288000106811523,17.845111846923828,-0.15564200282096863,1.4269242528284611,0.47979214787483215,0.6354341506958008,0.36391812562942505,0.034349214285612106,28992,0,1,0.4686909317970276,0.1810774803161621,0.23419080674648285,0.4333813786506653,0.9515234231948853,0.21818183362483978,0.4317503571510315,,0.012020468711853027,0.012321123853325844,0.06571389734745026,0.07372191548347473,0.4833400845527649,0.07632177323102951,0.9
454,13.33012866973877,16.16218376159668,-0.17508655786514282,1.4721947519931275,0.45412033796310425,0.6292068958282471,0.34058329463005066,0.018254492431879044,29056,0,0,0.4313001036643982,0.17120260000228882,0.23863939940929413,0.5334161520004272,0.9615857601165771,0.32808685302734375,0.5139756202697754,,0.011255461722612381,0.012614305131137371,0.07348357886075974,0.07942166924476624,0.5569976568222046,0.07990501821041107,0.9
455,13.318501472473145,16.342294692993164,-0.1690969467163086,1.4516833267100744,0.45653247833251953,0.6256294250488281,0.34855303168296814,0.023071782663464546,29120,0,0,0.44134998321533203,0.16508936882019043,0.23281191289424896,0.5384038686752319,0.9603162407875061,0.32103121280670166,0.5042062401771545,,0.013755121268332005,0.011560807004570961,0.07045527547597885,0.09040369093418121,0.5577718615531921,0.09024562686681747,0.9
456,13.3229398727417,16.313182830810547,-0.16623860597610474,1.4271864036582442,0.4446136951446533,0.6108523011207581,0.323993980884552,0.0350775308907032,29184,0,0,0.404302179813385,0.17725181579589844,0.26343971490859985,0.46964606642723083,0.9454916715621948,0.28141114115715027,0.4553595781326294,,0.012085496447980404,0.01153658702969551,0.0615437887609005,0.06362956762313843,0.508104681968689,0.06381009519100189,0.9
457,13.33639144897461,16.178890228271484,-0.17101770639419556,1.444716015474847,0.4444274306297302,0.6154451370239258,0.3352232277393341,0.02326740324497223,29248,0,0,0.42707115411758423,0.1629732847213745,0.26360639929771423,0.49828046560287476,0.9565632939338684,0.28222525119781494,0.4803256690502167,,0.012283498421311378,0.01168113388121128,0.0683896467089653,0.07684365659952164,0.5403605699539185,0.07721465080976486,0.9
458,13.295075416564941,16.398136138916016,-0.15960469841957092,1.4057923849213867,0.4470791518688202,0.6066838502883911,0.3272051215171814,0.02659568190574646,29312,0,0,0.42640620470046997,0.1764548420906067,0.25837281346321106,0.4945347011089325,0.9477221965789795,0.2689281105995178,0.43473541736602783,,0.013356652110815048,0.010240450501441956,0.06034214049577713,0.07309482991695404,0.5310268402099609,0.07338549941778183,0.9
459,13.258240699768066,16.91288948059082,-0.16033342480659485,1.4436174512881397,0.4782438576221466,0.6385772824287415,0.3682970106601715,0.015037926845252514,29376,0,0,0.4502701163291931,0.1730404496192932,0.21308214962482452,0.5249049663543701,0.9631368517875671,0.3169606626033783,0.4998643398284912,,0.014192360453307629,0.012479395605623722,0.07084043323993683,0.09488240629434586,0.5355679392814636,0.09392257034778595,0.9
460,13.317723274230957,16.279550552368164,-0.1687440276145935,1.448060919907699,0.45464640855789185,0.6233904361724854,0.3398549258708954,0.01918496936559677,29440,0,1,0.4430835247039795,0.17305338382720947,0.23814840614795685,0.5152005553245544,0.9580497145652771,0.3066485822200775,0.49009498953819275,,0.012717275880277157,0.011716889217495918,0.07001012563705444,0.07866403460502625,0.5411837100982666,0.07873284071683884,0.9
461,13.2618408203125,16.29307746887207,-0.16538500785827637,1.4609302361895768,0.47580796480178833,0.6411929726600647,0.3616291880607605,0.019170859828591347,29504,0,0,0.4432078003883362,0.178023099899292,0.21869926154613495,0.5364694595336914,0.9691603779792786,0.3571234941482544,0.5535956621170044,,0.01194039173424244,0.012298010289669037,0.06597806513309479,0.08467656373977661,0.5601035952568054,0.08428940922021866,0.9
462,13.286675453186035,16.48361587524414,-0.15924379229545593,1.4266727790251454,0.4675339162349701,0.626777708530426,0.34824031591415405,0.02899332530796528,29568,0,0,0.43877100944519043,0.18197166919708252,0.2366471290588379,0.47239258885383606,0.9567843079566956,0.3180461525917053,0.4960651397705078,,0.012982364743947983,0.011963080614805222,0.060103245079517365,0.06232426315546036,0.5132874250411987,0.06298523396253586,0.9
463,13.267582893371582,16.582841873168945,-0.15448904037475586,1.4129494151719753,0.4713996648788452,0.6258887052536011,0.35508012771606445,0.023625068366527557,29632,0,0,0.46454596519470215,0.17983269691467285,0.2351227104663849,0.5014350414276123,0.9571338295936584,0.2998643219470978,0.4852103292942047,,0.013579301536083221,0.010261591523885727,0.059515099972486496,0.07342177629470825,0.5295549631118774,0.07379909604787827,0.9
464,13.204712867736816,16.784395217895508,-0.1515079140663147,1.4495361443449968,0.5114604234695435,0.6629683375358582,0.3962516188621521,0.015881918370723724,29696,0,0,0.5082128345966339,0.19048088788986206,0.19823578000068665,0.5364152193069458,0.9724148511886597,0.3991858959197998,0.5850746631622314,,0.01268839556723833,0.012649348005652428,0.060433171689510345,0.08429526537656784,0.5484648942947388,0.08404991775751114,0.9
465,13.293972969055176,16.4269962310791,-0.1659230887889862,1.4639815715947477,0.47646984457969666,0.6423929333686829,0.35393714904785156,0.024979572743177414,29760,0,1,0.47147804498672485,0.18850421905517578,0.2331271767616272,0.504573404788971,0.9640743136405945,0.3340570032596588,0.5215739607810974,,0.011827809736132622,0.012408437207341194,0.07458613067865372,0.08042767643928528,0.5488371849060059,0.08121974021196365,0.9
466,13.248466491699219,17.65718650817871,-0.15411832928657532,1.425502208083118,0.48367831110954285,0.6377966403961182,0.37193143367767334,0.017600884661078453,29824,0,0,0.4589459300041199,0.1771101951599121,0.22101818025112152,0.5106388330459595,0.9595792293548584,0.2792401611804962,0.479511559009552,,0.0135920075699687,0.011736709624528885,0.062346555292606354,0.0835198163986206,0.5289682745933533,0.08333925157785416,0.9
467,13.317983627319336,16.351640701293945,-0.16336765885353088,1.4280083982172918,0.45493969321250916,0.61830735206604,0.33438578248023987,0.024794811382889748,29888,0,0,0.43586403131484985,0.1801091432571411,0.23337797820568085,0.5500946044921875,0.9574894905090332,0.31017640233039856,0.479511559009552,,0.015531363897025585,0.010101119987666607,0.07127965986728668,0.09188766777515411,0.5670511722564697,0.09169391542673111,0.9
468,13.279696464538574,17.477428436279297,-0.16640061140060425,1.4922575043667252,0.49556368589401245,0.6619642972946167,0.3797368109226227,0.022043462842702866,29952,0,0,0.4687459468841553,0.1863260269165039,0.21195146441459656,0.5442725419998169,0.9705028533935547,0.4271370470523834,0.6018996238708496,,0.0105849364772439,0.015407648868858814,0.06757088750600815,0.08057187497615814,0.5525123476982117,0.08039457350969315,0.9
469,13.288393020629883,16.30621337890625,-0.16175085306167603,1.4327107459153863,0.46444088220596313,0.6261917352676392,0.347880482673645,0.020027916878461838,30016,0,0,0.4585922360420227,0.17791801691055298,0.23457884788513184,0.5186277627944946,0.9577762484550476,0.3685210347175598,0.544911801815033,,0.012126259505748749,0.011161567643284798,0.06644993275403976,0.07287897169589996,0.5443921089172363,0.07333419471979141,0.9
470,13.305462837219238,16.36345863342285,-0.16346696019172668,1.4579837110981857,0.4796055853366852,0.6430725455284119,0.3815627694129944,0.019990868866443634,30080,0,1,0.4712083339691162,0.15735268592834473,0.2334594428539276,0.484853059053421,0.9634637236595154,0.3373134434223175,0.5324288010597229,,0.012246794067323208,0.013544982299208641,0.06723129004240036,0.07346412539482117,0.5325802564620972,0.07521308958530426,0.9
471,13.314640045166016,16.231159210205078,-0.16501158475875854,1.4454288928519252,0.46453291177749634,0.6295444965362549,0.3513365387916565,0.017241841182112694,30144,0,0,0.4566020369529724,0.17364776134490967,0.23529818654060364,0.5184465050697327,0.9639468789100647,0.3641791045665741,0.5503392219543457,,0.012624203227460384,0.011644125916063786,0.06850913166999817,0.07624361664056778,0.545010507106781,0.07661043852567673,0.9
472,13.252479553222656,17.571659088134766,-0.15468528866767883,1.435592689489618,0.4902001917362213,0.6448854804039001,0.37071093916893005,0.021216871216893196,30208,0,1,0.4736986756324768,0.18931525945663452,0.22034326195716858,0.5008851289749146,0.9632354974746704,0.291994571685791,0.5020353198051453,,0.012088720686733723,0.0122666135430336,0.0666448101401329,0.07718732953071594,0.5175216197967529,0.07787148654460907,0.9
473,13.272804260253906,16.945755004882812,-0.15165206789970398,1.4126310403435591,0.4808233082294464,0.6324753761291504,0.363527774810791,0.030205732211470604,30272,0,0,0.46280133724212646,0.18320810794830322,0.23227964341640472,0.4515126347541809,0.9524166584014893,0.25753054022789,0.4388059973716736,,0.012345991097390652,0.011278819292783737,0.05996725335717201,0.06616497039794922,0.4842718839645386,0.06689316034317017,0.9
474,13.227191925048828,17.250112533569336,-0.15058088302612305,1.4354072123096353,0.5035799145698547,0.6541607975959778,0.40034356713294983,0.02356789819896221,30336,0,0,0.4873846769332886,0.17128121852874756,0.20847727358341217,0.5055931210517883,0.9711926579475403,0.3245590329170227,0.5194029808044434,,0.013610336929559708,0.012090696021914482,0.06242413818836212,0.0837804302573204,0.5108789205551147,0.08359336853027344,0.9
475,13.29446792602539,16.210309982299805,-0.16421940922737122,1.438742916982569,0.4614852964878082,0.6257047057151794,0.338945209980011,0.018196480348706245,30400,0,0,0.4482117295265198,0.18457895517349243,0.23741433024406433,0.5065704584121704,0.9602771997451782,0.319945752620697,0.5185889005661011,,0.01122251059859991,0.01124417781829834,0.07148215919733047,0.07331410050392151,0.5307736396789551,0.0736844465136528,0.9
476,13.290732383728027,16.103378295898438,-0.1719168722629547,1.4719636597898924,0.46382442116737366,0.6357412934303284,0.34748604893684387,0.02011045254766941,30464,0,1,0.45707249641418457,0.17713510990142822,0.243382066488266,0.4918169379234314,0.960690438747406,0.28602442145347595,0.4743555188179016,,0.01068196166306734,0.012191437184810638,0.0710325688123703,0.07293015718460083,0.5419536828994751,0.07431472092866898,0.9
477,13.240107536315918,16.57509422302246,-0.15748444199562073,1.453430438345468,0.4951978027820587,0.6526822447776794,0.37494710087776184,0.022929882630705833,30528,0,1,0.46698153018951416,0.19149422645568848,0.21900740265846252,0.4719397723674774,0.9622517824172974,0.27055633068084717,0.4865671694278717,,0.012562239542603493,0.012585427612066269,0.067110076546669,0.06840792298316956,0.5176396369934082,0.0704994723200798,0.9
478,13.254331588745117,16.66763687133789,-0.15795767307281494,1.4577290363766502,0.4969524145126343,0.6549100875854492,0.36601579189300537,0.01867884024977684,30592,0,0,0.49141061305999756,0.2058333158493042,0.2060932070016861,0.4831482470035553,0.9649748206138611,0.30827680230140686,0.4998643398284912,,0.01183312013745308,0.012426313012838364,0.06715013086795807,0.078139528632164,0.5111927390098572,0.07818952947854996,0.9
479,13.294382095336914,16.174442291259766,-0.16646134853363037,1.4670625474858803,0.47713810205459595,0.6435994505882263,0.3528963327407837,0.02917730063199997,30656,0,0,0.465492844581604,0.19094055891036987,0.22733482718467712,0.5199247002601624,0.9684388637542725,0.3565807342529297,0.5468114018440247,,0.010839834809303284,0.012777443043887615,0.07368961721658707,0.07814536988735199,0.5391587615013123,0.07836955040693283,0.9
480,13.340120315551758,16.649620056152344,-0.15889796614646912,1.4020108038691497,0.4458440840244293,0.6047420501708984,0.32792985439300537,0.05190124735236168,30720,0,0,0.40560030937194824,0.17419493198394775,0.26740965247154236,0.46975624561309814,0.9365569353103638,0.24857531487941742,0.41166895627975464,,0.01233585923910141,0.01159597560763359,0.06379609555006027,0.06763273477554321,0.5053452253341675,0.06825148314237595,0.9
481,13.286017417907715,16.368106842041016,-0.15767723321914673,1.4087583311984162,0.4565759301185608,0.6142531633377075,0.3296784460544586,0.026930343359708786,30784,0,0,0.4328581690788269,0.18806087970733643,0.25034913420677185,0.5265949368476868,0.9534651637077332,0.3023066520690918,0.4776119589805603,,0.012871107086539268,0.009803956374526024,0.06192662566900253,0.07716220617294312,0.5571358799934387,0.07702796161174774,0.9
482,13.25670337677002,18.502500534057617,-0.1532163918018341,1.4358277803906834,0.4952310025691986,0.6484473943710327,0.38171857595443726,0.013836219906806946,30848,0,0,0.5001952052116394,0.18200886249542236,0.222340390086174,0.49454477429389954,0.9612598419189453,0.3107191324234009,0.49769335985183716,,0.011154862120747566,0.014464243315160275,0.0659189522266388,0.08648394048213959,0.4977514445781708,0.08657212555408478,0.9
483,13.26235580444336,16.199487686157227,-0.15887099504470825,1.4428289277159316,0.4823651909828186,0.6412361860275269,0.36885592341423035,0.010800051502883434,30912,0,0,0.481015145778656,0.1789541244506836,0.2228086143732071,0.5284415483474731,0.9691922664642334,0.3820895552635193,0.5772048830986023,,0.011722378432750702,0.011485807597637177,0.0675414502620697,0.07606497406959534,0.5481079816818237,0.07665763050317764,0.9
484,13.326069831848145,15.87008285522461,-0.17127147316932678,1.4519155535585462,0.4497385323047638,0.6210100054740906,0.33009329438209534,0.021474476903676987,30976,0,0,0.409084677696228,0.17710763216018677,0.24902628362178802,0.5419707298278809,0.962729811668396,0.3297150731086731,0.5291723608970642,,0.011372469365596771,0.011246627196669579,0.07494914531707764,0.08379893004894257,0.5677481293678284,0.0840282067656517,0.9
485,13.279163360595703,16.571304321289062,-0.1560753881931305,1.420829760138445,0.47304925322532654,0.629124641418457,0.3538185954093933,0.02494763769209385,31040,0,0,0.45628827810287476,0.18384146690368652,0.22612862288951874,0.5367400646209717,0.9618005156517029,0.28982362151145935,0.4814111292362213,,0.014092491939663887,0.010685139335691929,0.06458410620689392,0.08562533557415009,0.5566427707672119,0.08550582081079483,0.9
486,13.258818626403809,17.098886489868164,-0.15316051244735718,1.4281517328551074,0.4891146421432495,0.6422751545906067,0.3743031322956085,0.02222304604947567,31104,0,1,0.48603540658950806,0.18279999494552612,0.2223801165819168,0.49414128065109253,0.9633978605270386,0.2664857506752014,0.4719131886959076,,0.011425554752349854,0.012112541124224663,0.0712079405784607,0.08146089315414429,0.5208931565284729,0.0829000398516655,0.9
487,13.25452995300293,16.51981544494629,-0.15122586488723755,1.3966494857851643,0.4675159454345703,0.6187418103218079,0.3486732840538025,0.03085532784461975,31168,0,0,0.4419642686843872,0.18148291110992432,0.2392614185810089,0.5152137875556946,0.9527373909950256,0.32293081283569336,0.4838534891605377,,0.01427574921399355,0.009740646928548813,0.05880436673760414,0.07337607443332672,0.5496564507484436,0.07354287803173065,0.9
488,13.20981502532959,16.631193161010742,-0.15205639600753784,1.4372203085053636,0.5001637935638428,0.6522201895713806,0.3809763193130493,0.014566660858690739,31232,0,0,0.4922078251838684,0.19228202104568481,0.19734503328800201,0.5510690212249756,0.9731960296630859,0.3788331151008606,0.571506142616272,,0.011720416136085987,0.01217779703438282,0.06105682626366615,0.08677274733781815,0.5633572936058044,0.08611299842596054,0.9
489,13.328832626342773,16.233274459838867,-0.16524842381477356,1.4140199007902403,0.435619980096817,0.6008684039115906,0.31804126501083374,0.027614997699856758,31296,0,1,0.4156178832054138,0.1713666319847107,0.2628335654735565,0.5006996989250183,0.9487850666046143,0.24450476467609406,0.41682499647140503,,0.011650677770376205,0.010464254766702652,0.06986603885889053,0.0726785808801651,0.542468786239624,0.07440295815467834,0.9
490,13.26501750946045,17.033018112182617,-0.1544131338596344,1.431526532254854,0.4877568781375885,0.6421700119972229,0.3689986765384674,0.015860892832279205,31360,0,0,0.4731476902961731,0.18786275386810303,0.216761514544487,0.535229504108429,0.9686156511306763,0.3481682538986206,0.547082781791687,,0.01177880261093378,0.011371492408216,0.06941866129636765,0.08356424421072006,0.5451833605766296,0.08350009471178055,0.9
491,13.28183364868164,16.541696548461914,-0.15637832880020142,1.424237519313159,0.47501134872436523,0.6313896775245667,0.3653271496295929,0.02141731232404709,31424,0,1,0.4575008749961853,0.1721767783164978,0.2292432337999344,0.484009325504303,0.9616854190826416,0.2830393612384796,0.4911804795265198,,0.012177535332739353,0.011745449155569077,0.06300166994333267,0.06864529103040695,0.5310479998588562,0.07027751207351685,0.9
492,13.249136924743652,16.581735610961914,-0.1511344015598297,1.4016923864393,0.47262147068977356,0.6237558722496033,0.3512331545352936,0.02265053614974022,31488,0,0,0.4686642289161682,0.18653470277786255,0.22109481692314148,0.5369173288345337,0.9614222645759583,0.3278154730796814,0.5025780200958252,,0.014409702271223068,0.010511856526136398,0.06294221431016922,0.08426288515329361,0.5535168647766113,0.08398621529340744,0.9
493,13.223433494567871,17.08453941345215,-0.1479102075099945,1.416615153344611,0.4970614016056061,0.6449716091156006,0.37919700145721436,0.016470246016979218,31552,0,0,0.4661341905593872,0.1895267367362976,0.21040280163288116,0.5103753805160522,0.9614099860191345,0.35739484429359436,0.5381275415420532,,0.011019179597496986,0.010926670394837856,0.06112778186798096,0.07082826644182205,0.5246683955192566,0.07128308713436127,0.9
494,13.278867721557617,16.758010864257812,-0.14560583233833313,1.3694936740068968,0.4603256285190582,0.6059314608573914,0.3315233588218689,0.03490256518125534,31616,0,1,0.4480200409889221,0.19150441884994507,0.24098019301891327,0.45917198061943054,0.9430482983589172,0.20868386328220367,0.36580735445022583,,0.011520655825734138,0.010266054421663284,0.06328370422124863,0.07353618741035461,0.5080598592758179,0.0747513398528099,0.9
495,13.291934967041016,16.580371856689453,-0.16103479266166687,1.436484777242499,0.4700295627117157,0.6310643553733826,0.3636370301246643,0.018642893061041832,31680,0,1,0.4656057357788086,0.16582417488098145,0.23528948426246643,0.48611772060394287,0.9639047384262085,0.28141114115715027,0.4873812794685364,,0.010676911100745201,0.011621711775660515,0.0678943395614624,0.07258175313472748,0.5361225605010986,0.0745178684592247,0.9
496,13.248124122619629,17.452835083007812,-0.14694330096244812,1.4062414672878578,0.4913425147533417,0.6382858157157898,0.3846204876899719,0.027130475267767906,31744,0,0,0.47957032918930054,0.17203491926193237,0.21223480999469757,0.4851337969303131,0.9557223916053772,0.2621438503265381,0.42578020691871643,,0.013569409027695656,0.012545842677354813,0.07139051705598831,0.08727028965950012,0.5045256614685059,0.08749144524335861,0.9
497,13.234164237976074,17.076839447021484,-0.1535499393939972,1.4411441964532639,0.49837806820869446,0.6519280076026917,0.3874851167201996,0.010299118235707283,31808,0,0,0.49601316452026367,0.1808762550354004,0.20250195264816284,0.5404955744743347,0.9709654450416565,0.40461331605911255,0.5924016237258911,,0.010922979563474655,0.01302231103181839,0.07064250856637955,0.08877215534448624,0.5498793721199036,0.08884328603744507,0.9
498,13.332783699035645,17.586078643798828,-0.16207852959632874,1.4200154276007935,0.4520343840122223,0.614112913608551,0.34389185905456543,0.01966351456940174,31872,0,0,0.45506757497787476,0.16387015581130981,0.24890431761741638,0.5276662707328796,0.954113781452179,0.2995929419994354,0.47924017906188965,,0.01116650365293026,0.011346986517310143,0.06756632775068283,0.07961069047451019,0.5471135377883911,0.0799337700009346,0.9
499,13.32081413269043,16.39044189453125,-0.15554383397102356,1.3939577224902862,0.4496324956417084,0.6051763296127319,0.3334880769252777,0.023333629593253136,31936,0,1,0.4467492699623108,0.17351293563842773,0.2448159009218216,0.49011069536209106,0.9518657326698303,0.27516961097717285,0.46404343843460083,,0.011363765224814415,0.009791238233447075,0.06262408941984177,0.06597749143838882,0.5356989502906799,0.06755218654870987,0.9
600,13.319950103759766,16.453245162963867,-0.14843586087226868,1.3689229367583664,0.449214905500412,0.5976507663726807,0.31715127825737,0.0384254977107048,38400,0,0,0.3994288444519043,0.19191336631774902,0.2843451499938965,0.4887183904647827,0.9380474090576172,0.30393487215042114,0.44993218779563904,,0.010423397645354271,0.008729222230613232,0.06489963084459305,0.06610284745693207,0.5330199599266052,0.06683073192834854,0.9
800,13.263142585754395,16.126087188720703,-0.15197202563285828,1.3970057657425918,0.4652324616909027,0.617204487323761,0.3386014401912689,0.027244940400123596,51200,0,0,0.44519948959350586,0.19052129983901978,0.22616903483867645,0.5652492046356201,0.9662699103355408,0.3476255238056183,0.5527815818786621,,0.007689427584409714,0.00974237360060215,0.0699339434504509,0.08680647611618042,0.5898188948631287,0.08721798658370972,0.9
1000,13.160747528076172,16.71271514892578,-0.12867698073387146,1.3421633219952043,0.49525412917137146,0.6239311099052429,0.3719910979270935,0.03192483261227608,64000,0,0,0.47126704454421997,0.19565582275390625,0.20451681315898895,0.5540258884429932,0.9699806571006775,0.38046133518218994,0.5666214823722839,,0.010401638224720955,0.007069703657180071,0.06604548543691635,0.07868950068950653,0.578525722026825,0.07920218259096146,0.9
1200,13.229254722595215,15.93905258178711,-0.14539527893066406,1.3585442737492985,0.4490891695022583,0.5944844484329224,0.32091131806373596,0.03459452837705612,76800,0,0,0.42388916015625,0.18796122074127197,0.2323792576789856,0.5676528811454773,0.954733669757843,0.37964722514152527,0.5554952621459961,,0.007212786469608545,0.00625015702098608,0.07562129199504852,0.0796869620680809,0.5940136909484863,0.08098682761192322,0.9
1400,13.129843711853027,17.04011344909668,-0.12607285380363464,1.3208037476900751,0.48093655705451965,0.6070094108581543,0.35719865560531616,0.03280597925186157,89600,0,0,0.47149068117141724,0.19213372468948364,0.20221316814422607,0.570968747138977,0.9556320309638977,0.3896879255771637,0.5446404814720154,,0.006119655445218086,0.006740836892277002,0.06428453326225281,0.07388351857662201,0.5991907715797424,0.07460872083902359,0.9
1600,13.123705863952637,16.328433990478516,-0.11897876858711243,1.2851948683190106,0.4638371169567108,0.5828158855438232,0.3472699820995331,0.029189255088567734,102400,0,0,0.44798094034194946,0.17761892080307007,0.20073969662189484,0.5726900100708008,0.9432898163795471,0.36879241466522217,0.5223881006240845,,0.006119615398347378,0.00499815633520484,0.06228609010577202,0.06228729709982872,0.6027757525444031,0.0628562793135643,0.9
1800,13.141898155212402,16.936534881591797,-0.10202407836914062,1.2551703267297656,0.4981485605239868,0.6001726388931274,0.3627346456050873,0.0374295637011528,115200,0,0,0.4912916421890259,0.21234428882598877,0.18630090355873108,0.5609207153320312,0.9628171324729919,0.38480326533317566,0.5788331031799316,,0.005133282393217087,0.005623022560030222,0.06306808441877365,0.06926979869604111,0.5783416628837585,0.06960062682628632,0.9
2000,13.120087623596191,16.542043685913086,-0.11989632248878479,1.2943981375373683,0.47284457087516785,0.5927408933639526,0.35011717677116394,0.03463726118206978,128000,0,0,0.4532298445701599,0.18819671869277954,0.19468368589878082,0.5148549675941467,0.9448429346084595,0.3104477822780609,0.47788333892822266,,0.004457598552107811,0.003779787104576826,0.05534512922167778,0.05373736843466759,0.544374406337738,0.05433657392859459,0.9
2200,13.151310920715332,16.725093841552734,-0.10512179136276245,1.2382589657946967,0.45367008447647095,0.5587918758392334,0.3089054524898529,0.046526193618774414,140800,0,1,0.4245195984840393,0.2090587019920349,0.21831144392490387,0.4847904443740845,0.9317092895507812,0.24151968955993652,0.38751697540283203,,0.0055365730077028275,0.003625658340752125,0.06674710661172867,0.06580890715122223,0.5426232218742371,0.06804578006267548,0.9
2400,13.188159942626953,16.49314308166504,-0.06395912170410156,1.1415952184747704,0.4843369126319885,0.5482960343360901,0.3108800947666168,0.03238866478204727,153600,0,0,0.46733778715133667,0.2508624196052551,0.2021113634109497,0.5212808847427368,0.9650518298149109,0.37530529499053955,0.5611940622329712,,0.005574280396103859,0.0029833088628947735,0.0737832561135292,0.08435133099555969,0.5447922945022583,0.08482933789491653,0.9
2600,13.157097816467285,16.846384048461914,-0.09780937433242798,1.2290231552227129,0.47511863708496094,0.5729280114173889,0.33283889293670654,0.02977304719388485,166400,0,0,0.43870311975479126,0.212574303150177,0.20240318775177002,0.5577718019485474,0.9614849090576172,0.3462686836719513,0.5332428812980652,,0.004625346045941114,0.002789601683616638,0.07108688354492188,0.0821588858962059,0.5905618071556091,0.08305929601192474,0.9
2800,13.159706115722656,16.634790420532227,-0.11631017923355103,1.2919642250644192,0.48531848192214966,0.6016286611557007,0.34826505184173584,0.04090810567140579,179200,0,1,0.45946836471557617,0.20989781618118286,0.20251262187957764,0.5140223503112793,0.953352153301239,0.32184532284736633,0.5023066401481628,,0.0034144397359341383,0.0029095748905092478,0.07047735899686813,0.06928494572639465,0.5708335041999817,0.07102170586585999,0.9
3000,13.144072532653809,17.18283462524414,-0.09817180037498474,1.2376011487605367,0.4886492192745209,0.5868210196495056,0.3466184437274933,0.03219301626086235,192000,0,0,0.4692702293395996,0.21661490201950073,0.18633833527565002,0.5581512451171875,0.9661014080047607,0.38046133518218994,0.5541384220123291,,0.004176033660769463,0.0025990703143179417,0.0760936439037323,0.09839729964733124,0.5784900784492493,0.09848236292600632,0.9
3200,13.147805213928223,16.870983123779297,-0.09892487525939941,1.2446170321832866,0.4966679811477661,0.5955928564071655,0.3495286703109741,0.03302864357829094,204800,0,1,0.4816216230392456,0.2253648042678833,0.19841991364955902,0.5810264348983765,0.9686084389686584,0.35793760418891907,0.5766621828079224,,0.003396075451746583,0.0026829836424440145,0.08315519243478775,0.09343304485082626,0.6334059238433838,0.09650406241416931,0.9
3400,13.140544891357422,16.7449893951416,-0.08055251836776733,1.1951985484689132,0.506777822971344,0.5873303413391113,0.3503447473049164,0.028790496289730072,217600,0,0,0.47913575172424316,0.2399863600730896,0.19458267092704773,0.5884816646575928,0.9651628732681274,0.4800542891025543,0.6477612257003784,,0.004078911617398262,0.0023509766906499863,0.08380176872015,0.10513117909431458,0.609602689743042,0.10562141984701157,0.9
3600,13.18173599243164,16.220935821533203,-0.12219774723052979,1.2924913118094192,0.4600197672843933,0.5822175145149231,0.32847294211387634,0.03969279304146767,230400,0,1,0.4482596516609192,0.19448518753051758,0.21568208932876587,0.5510332584381104,0.9477797150611877,0.3131614625453949,0.483310729265213,,0.003725114744156599,0.0022814383264631033,0.095195472240448,0.10850735753774643,0.6209604144096375,0.11356087028980255,0.9
3800,13.09475040435791,16.715728759765625,-0.09420943260192871,1.2393118187096828,0.5121224522590637,0.6063318848609924,0.36355048418045044,0.019227217882871628,243200,0,0,0.4958727955818176,0.2320873737335205,0.175348699092865,0.638964056968689,0.9659615755081177,0.46512892842292786,0.6415197253227234,,0.0038718292489647865,0.0029099395032972097,0.09205441921949387,0.11567512154579163,0.6533752679824829,0.11594950407743454,0.9
4000,13.125450134277344,16.402727127075195,-0.10659897327423096,1.2589939830371144,0.48181241750717163,0.5884113907814026,0.33446088433265686,0.03490011766552925,256000,0,0,0.4662622809410095,0.22067326307296753,0.20103561878204346,0.5939488410949707,0.9533202052116394,0.40922659635543823,0.581275463104248,,0.00299795251339674,0.001766481320373714,0.094234898686409,0.10629060864448547,0.6305373907089233,0.10808347165584564,0.9
4200,13.18430233001709,17.26720428466797,-0.0850781798362732,1.2007565422124957,0.49113398790359497,0.5762121677398682,0.33002230525016785,0.03261557221412659,268800,0,0,0.4817608594894409,0.24009686708450317,0.199909970164299,0.573221743106842,0.9586479067802429,0.37476256489753723,0.5682497024536133,,0.002947038970887661,0.0023423393722623587,0.09444327652454376,0.10773268342018127,0.6091904044151306,0.10973596572875977,0.9
4400,13.120362281799316,18.027597427368164,-0.12281489372253418,1.327766347579069,0.502482533454895,0.6252974271774292,0.38773080706596375,0.026827286928892136,281600,0,1,0.4822062849998474,0.18725264072418213,0.1902874857187271,0.5639005899429321,0.9490532875061035,0.3071913421154022,0.4871099293231964,,0.0026506506837904453,0.002725651953369379,0.08239229768514633,0.11624627560377121,0.5885648727416992,0.11861792206764221,0.9
4600,13.071040153503418,19.33839988708496,-0.11264437437057495,1.3306297812589607,0.5466592311859131,0.659303605556488,0.41985011100769043,0.027332644909620285,294400,0,1,0.524010956287384,0.21851122379302979,0.16450364887714386,0.55877685546875,0.9699077606201172,0.3858887553215027,0.5899593234062195,,0.0017925499705597758,0.0032873330637812614,0.0852571576833725,0.10672692954540253,0.5679950714111328,0.10964818298816681,0.9
4800,13.135188102722168,18.93276596069336,-0.11544519662857056,1.3291104675653085,0.5337753295898438,0.6492205262184143,0.4117812216281891,0.024277515709400177,307200,0,0,0.5166224837303162,0.20650053024291992,0.1729656606912613,0.6092665195465088,0.9750216603279114,0.4113975763320923,0.6268656849861145,,0.0020661987364292145,0.004173777066171169,0.09117830544710159,0.13036608695983887,0.6155386567115784,0.13176092505455017,0.9
5000,13.129166603088379,17.39040184020996,-0.08979302644729614,1.2431220739977094,0.5408738851547241,0.6306669116020203,0.39319950342178345,0.02441985160112381,320000,0,1,0.5414743423461914,0.24195480346679688,0.15136219561100006,0.5766637325286865,0.9742990136146545,0.3934871256351471,0.6037992238998413,,0.0025517684407532215,0.0018392620841041207,0.08485241234302521,0.116877481341362,0.6071699857711792,0.1220979392528534,0.9
5200,13.15589427947998,16.35393524169922,-0.11931192874908447,1.3349725617363024,0.5245038866996765,0.643815815448761,0.39030370116233826,0.028430549427866936,332800,0,0,0.5219709277153015,0.2189684510231018,0.17113690078258514,0.6109352707862854,0.9772429466247559,0.5006784200668335,0.6919946074485779,,0.0021742223761975765,0.001524736755527556,0.09539077430963516,0.11449684947729111,0.6413847208023071,0.11680986732244492,0.9
5400,13.100298881530762,17.278886795043945,-0.12323802709579468,1.3297861548547012,0.5030712485313416,0.6263092756271362,0.3579295575618744,0.05747688561677933,345600,0,0,0.4789580702781677,0.22587507963180542,0.17610424757003784,0.5441147089004517,0.9364900588989258,0.3704206347465515,0.5411126613616943,,0.0018106650095432997,0.0034191275481134653,0.10478227585554123,0.11935044825077057,0.5787907838821411,0.1201414242386818,0.9
5600,13.082168579101562,16.807079315185547,-0.06679755449295044,1.1594418410895477,0.5142562389373779,0.5810537934303284,0.35484737157821655,0.02201440930366516,358400,0,0,0.5063833594322205,0.2453433871269226,0.1844051629304886,0.5994219779968262,0.9655575752258301,0.4336499571800232,0.6157395243644714,,0.001933372812345624,0.0017139757983386517,0.0834544375538826,0.12142898142337799,0.6322346329689026,0.1217852532863617,0.9
5800,13.096356391906738,16.790687561035156,-0.12984758615493774,1.3581502287676797,0.507601797580719,0.6374493837356567,0.37537693977355957,0.03234543651342392,371200,0,0,0.48172837495803833,0.21107864379882812,0.18028654158115387,0.6240231990814209,0.9651464223861694,0.3671641945838928,0.5525102019309998,,0.0016759680584073067,0.002462551463395357,0.09111160784959793,0.12442177534103394,0.6468923687934875,0.1238846480846405,0.9
6000,13.090987205505371,17.529260635375977,-0.11355239152908325,1.3301985358273054,0.5425563454627991,0.6561087369918823,0.40110716223716736,0.039513323456048965,384000,0,0,0.5302771329879761,0.23551511764526367,0.15338443219661713,0.56219482421875,0.9604406356811523,0.4143826365470886,0.5899593234062195,,0.0023172027431428432,0.0043730041943490505,0.09452816843986511,0.12116355448961258,0.5794262290000916,0.1207074299454689,0.9
6200,13.084797859191895,17.75615692138672,-0.11031043529510498,1.3378211209253006,0.5631545186042786,0.6734649538993835,0.43352630734443665,0.020589016377925873,396800,0,0,0.5432309210300446,0.2280779480934143,0.15434052050113678,0.6013437509536743,0.9742691516876221,0.42496609687805176,0.6274084448814392,,0.002014086814597249,0.002480866154655814,0.08571698516607285,0.1261231154203415,0.6149435043334961,0.12567374110221863,0.9
6400,13.021512985229492,19.07453727722168,-0.06612491607666016,1.1946229026880224,0.5941159129142761,0.6602408289909363,0.4263938069343567,0.049417126923799515,409600,0,0,0.5666329264640808,0.29172319173812866,0.1282445788383484,0.4115030765533447,0.957526445388794,0.4203527867794037,0.5617367625236511,,0.0018598148599267006,0.003921061754226685,0.0681636855006218,0.1030428409576416,0.4040784239768982,0.10042326152324677,0.9
6600,13.091143608093262,16.874191284179688,-0.08017921447753906,1.2010479367232503,0.5210143327713013,0.6011935472488403,0.3614276051521301,0.035790663212537766,422400,0,1,0.5074430406093597,0.24884003400802612,0.17252622544765472,0.5469761490821838,0.9629549384117126,0.44613298773765564,0.6176391243934631,,0.0016847653314471245,0.0015549676027148962,0.0858798548579216,0.0996486246585846,0.6116343140602112,0.1043953076004982,0.9
6800,13.048404693603516,18.41307830810547,-0.12009453773498535,1.341809647747343,0.5285562872886658,0.6486508250236511,0.407681405544281,0.03968609496951103,435200,0,0,0.5124337077140808,0.20333802700042725,0.161082461476326,0.489963173866272,0.9495477676391602,0.33378562331199646,0.47544100880622864,,0.0014677729923278093,0.002658461220562458,0.07815484702587128,0.11284676939249039,0.5122721791267395,0.11304784566164017,0.9
7000,13.186671257019043,17.11064910888672,-0.06495141983032227,1.1578296439685094,0.5235199332237244,0.5884713530540466,0.35322046279907227,0.02769867144525051,448000,0,0,0.5057806670665741,0.26150256395339966,0.1885206252336502,0.5718558430671692,0.9745806455612183,0.4540027379989624,0.6225237846374512,,0.0018706402042880654,0.0010478449985384941,0.08379915356636047,0.1172933429479599,0.5936514735221863,0.1165248230099678,0.9
7200,13.10110092163086,17.033674240112305,-0.11956804990768433,1.3592691824823009,0.5476228594779968,0.6671909093856812,0.4119463860988617,0.0341358408331871,460800,0,0,0.5208123326301575,0.23052704334259033,0.15969286859035492,0.6212836503982544,0.9774578213691711,0.5044776201248169,0.6930800676345825,,0.0018925591139122844,0.0018693357706069946,0.08808089792728424,0.1152440533041954,0.6446819305419922,0.11455019563436508,0.9
7400,13.106501579284668,16.544069290161133,-0.12355154752731323,1.3681249761358663,0.5408245325088501,0.6643760800361633,0.4027567505836487,0.026560327038168907,473600,0,0,0.5215969681739807,0.23085564374923706,0.15214504301548004,0.5869893431663513,0.9744563102722168,0.4654002785682678,0.6504749059677124,,0.0011410575825721025,0.001488945446908474,0.09380744397640228,0.11496500670909882,0.626059889793396,0.11715584993362427,0.9
7600,13.09839153289795,16.9543514251709,-0.10511690378189087,1.2950980830167866,0.5386730432510376,0.6437899470329285,0.38232421875,0.03181370347738266,486400,0,0,0.5202988386154175,0.25231486558914185,0.15847621858119965,0.6020056009292603,0.9647732973098755,0.44233378767967224,0.6173677444458008,,0.001366285141557455,0.0013591675087809563,0.08929236978292465,0.11659315228462219,0.6215073466300964,0.11677073687314987,0.9
7800,13.028100967407227,18.79408836364746,-0.11727112531661987,1.3644327256932385,0.5609380006790161,0.678209125995636,0.4333207309246063,0.044383443892002106,499200,0,1,0.5403091907501221,0.22416365146636963,0.1547943353652954,0.5173304677009583,0.959679901599884,0.38154682517051697,0.5696065425872803,,0.001139562577009201,0.002290188567712903,0.09641482681035995,0.1274772733449936,0.5501754283905029,0.13053394854068756,0.9
8000,13.052896499633789,17.4498233795166,-0.11145544052124023,1.3303990631067173,0.5512087345123291,0.6626641750335693,0.40217316150665283,0.02474667876958847,512000,0,0,0.5386266708374023,0.24878811836242676,0.1468236744403839,0.6226769685745239,0.9723727107048035,0.5207598805427551,0.6814111471176147,,0.0011919034877792,0.0021961405873298645,0.08515819162130356,0.12937843799591064,0.632529079914093,0.12975125014781952,0.9
8200,13.076828002929688,16.44867515563965,-0.12597250938415527,1.3505440605807693,0.5146646499633789,0.6406371593475342,0.37460818886756897,0.036571044474840164,524800,0,0,0.5037037134170532,0.2233545184135437,0.16828860342502594,0.6167380809783936,0.9610583782196045,0.49253731966018677,0.6613297462463379,,0.0011796157341450453,0.0016233741771429777,0.10039909183979034,0.12945160269737244,0.6480425596237183,0.13028351962566376,0.9
8400,13.037858963012695,17.397390365600586,-0.09363800287246704,1.2691721908032698,0.5584880113601685,0.6521260142326355,0.40593838691711426,0.0208846814930439,537600,0,0,0.5505750179290771,0.2561667561531067,0.14166982471942902,0.6295773983001709,0.9754102230072021,0.505291759967804,0.6789688467979431,,0.0011534553486853838,0.0011740613263100386,0.08803173899650574,0.13527557253837585,0.6463952660560608,0.13554467260837555,0.9
8600,13.144423484802246,16.727720260620117,-0.11153697967529297,1.2875679068142782,0.5005999207496643,0.6121369004249573,0.3588257431983948,0.035076238214969635,550400,0,0,0.476367712020874,0.2209300398826599,0.19038811326026917,0.5572295784950256,0.9617676138877869,0.39430123567581177,0.582632303237915,,0.0012502046301960945,0.0009676289046183228,0.08855976909399033,0.11727242171764374,0.6025846600532532,0.1186842992901802,0.9
8800,13.144804954528809,16.317983627319336,-0.12306222319602966,1.3238136247419627,0.49689748883247375,0.6199597120285034,0.3633282780647278,0.028995711356401443,563200,0,0,0.4821177124977112,0.2098814845085144,0.1887473315000534,0.6282415390014648,0.9652882814407349,0.49335142970085144,0.6599729061126709,,0.00119728222489357,0.0011259580496698618,0.09664110839366913,0.12671272456645966,0.6646329164505005,0.12869898974895477,0.9
9000,13.102669715881348,17.035324096679688,-0.11039590835571289,1.3393030033621873,0.5642432570457458,0.6746391654014587,0.4245002269744873,0.026422541588544846,576000,0,1,0.5433199405670166,0.24365532398223877,0.1460324376821518,0.6077250242233276,0.9764370322227478,0.4936228096485138,0.6879240274429321,,0.001159600680693984,0.0013887595850974321,0.08664003759622574,0.12009117752313614,0.6373235583305359,0.1221376433968544,0.9
9200,13.050010681152344,17.44715118408203,-0.1017875075340271,1.290513404324959,0.5478413701057434,0.6496288776397705,0.39818206429481506,0.03467670455574989,588800,0,1,0.5310052931308746,0.24934756755828857,0.14972956478595734,0.5596407055854797,0.966038703918457,0.47299864888191223,0.6529172658920288,,0.0009847981855273247,0.0015920741716399789,0.08001663535833359,0.10617101192474365,0.5957509875297546,0.10893721133470535,0.9
9400,13.072721481323242,17.50796890258789,-0.10175538063049316,1.2849530567525234,0.541149377822876,0.6429047584533691,0.39928552508354187,0.02014910988509655,601600,0,0,0.531010627746582,0.23604166507720947,0.16099807620048523,0.6198344230651855,0.9710641503334045,0.4662143886089325,0.6293080449104309,,0.0010105738183483481,0.0007963135722093284,0.08370975404977798,0.12079350650310516,0.6450772285461426,0.12150919437408447,0.9
9600,13.060808181762695,17.586307525634766,-0.12315738201141357,1.355303436485563,0.5302166938781738,0.6533740758895874,0.4100826680660248,0.03368653729557991,614400,0,0,0.5019418895244598,0.2038440704345703,0.14899957180023193,0.5781381130218506,0.956276535987854,0.3744911849498749,0.5345997214317322,,0.0012257794151082635,0.001413168152794242,0.07618933916091919,0.10700753331184387,0.6073694825172424,0.10845515877008438,0.9
9800,13.03721809387207,17.05744743347168,-0.11709392070770264,1.3489621515214547,0.5473570227622986,0.6644509434700012,0.42237207293510437,0.024523204192519188,627200,0,0,0.5370671451091766,0.21643245220184326,0.15728744864463806,0.6260270476341248,0.9671590328216553,0.42957937717437744,0.613297164440155,,0.0009211362921632826,0.0009238561615347862,0.08012374490499496,0.11263347417116165,0.6584604382514954,0.11363769322633743,0.9
10000,13.066747665405273,16.913923263549805,-0.09488284587860107,1.2638874660125967,0.5455591678619385,0.6404420137405396,0.3988604247570038,0.03099851682782173,640000,0,1,0.5339065790176392,0.24282652139663696,0.1493157148361206,0.5876540541648865,0.9679681062698364,0.4455902576446533,0.6284939050674438,,0.001091976067982614,0.0009826583554968238,0.08010054379701614,0.11275388300418854,0.6459709405899048,0.11767691373825073,0.9
10200,13.089143753051758,16.658832550048828,-0.12163740396499634,1.3625062016799647,0.5428168773651123,0.6644542813301086,0.4096149802207947,0.025359613820910454,652800,0,0,0.521145761013031,0.2252255082130432,0.154924675822258,0.6410964727401733,0.9734921455383301,0.5492537617683411,0.6963365077972412,,0.0010044635273516178,0.0009889297652989626,0.08456974476575851,0.12109823524951935,0.6757664680480957,0.12114489078521729,0.9
10400,13.039183616638184,18.800310134887695,-0.11812502145767212,1.370298350593478,0.5628753900527954,0.6810004115104675,0.435100793838501,0.023618197068572044,665600,0,0,0.540457159280777,0.22615647315979004,0.14849448204040527,0.5349253416061401,0.966589629650116,0.44151967763900757,0.5924016237258911,,0.0009733286569826305,0.0010472567519173026,0.07517149299383163,0.11434075236320496,0.5502524971961975,0.11306442320346832,0.9
10600,13.082548141479492,16.945695877075195,-0.11052393913269043,1.318263447102813,0.5422042012214661,0.6527281403541565,0.4043322205543518,0.03761693835258484,678400,0,0,0.5278988480567932,0.2314695119857788,0.15453524887561798,0.5680741667747498,0.9662904739379883,0.4341926872730255,0.6160109043121338,,0.00135369214694947,0.0008892223704606295,0.08035978674888611,0.10072717070579529,0.6155138611793518,0.10175712406635284,0.9
10800,13.10102653503418,17.553638458251953,-0.11843174695968628,1.3683855042305038,0.5600796341896057,0.678511381149292,0.42084643244743347,0.030507298186421394,691200,0,1,0.5487231016159058,0.240209698677063,0.13502204418182373,0.5543607473373413,0.9639941453933716,0.45617368817329407,0.6162822246551514,,0.0011421372182667255,0.0009534361306577921,0.07780739665031433,0.10701598227024078,0.5893760323524475,0.10789340734481812,0.9
11000,12.999956130981445,18.104400634765625,-0.10421502590179443,1.332484771429294,0.5823419690132141,0.6865569949150085,0.4384597837924957,0.026520509272813797,704000,0,0,0.5732085704803467,0.25574344396591187,0.1291324496269226,0.5682122111320496,0.9681561589241028,0.45753055810928345,0.6124830842018127,,0.0011319956975057721,0.0012163487263023853,0.06575528532266617,0.10237893462181091,0.5774904489517212,0.10139693319797516,0.9
11200,13.051786422729492,17.734907150268555,-0.10094594955444336,1.318406605802638,0.5820193290710449,0.6829652786254883,0.44207093119621277,0.03402051702141762,716800,0,0,0.5618685483932495,0.25118106603622437,0.13370048999786377,0.5755481123924255,0.9759786128997803,0.45237451791763306,0.6246947050094604,,0.001113678328692913,0.0010309270583093166,0.061783988028764725,0.10718053579330444,0.6112532615661621,0.10812085121870041,0.9
11400,13.104111671447754,17.868114471435547,-0.11675029993057251,1.3615642430463657,0.5603463649749756,0.6770966649055481,0.43171563744544983,0.049525532871484756,729600,0,0,0.5394043326377869,0.22594958543777466,0.14923147857189178,0.5010823011398315,0.965678870677948,0.3948439657688141,0.5625509023666382,,0.0013829972594976425,0.0011417001951485872,0.0668308436870575,0.09455147385597229,0.52176433801651,0.09493957459926605,0.9
11600,13.072246551513672,17.379924774169922,-0.11156582832336426,1.3470619963883943,0.5669762492179871,0.6785420775413513,0.42425647377967834,0.04622798413038254,742400,0,0,0.5393266677856445,0.24762111902236938,0.14156566560268402,0.5377975106239319,0.9701472520828247,0.46132972836494446,0.6369063854217529,,0.0011178352870047092,0.0009214311721734703,0.07377965748310089,0.09862713515758514,0.5901845097541809,0.1010337620973587,0.9
11800,13.052275657653809,18.237228393554688,-0.11398160457611084,1.3634985001339148,0.5724501013755798,0.6864317059516907,0.4409330487251282,0.033095646649599075,755200,0,1,0.5548242032527924,0.23480945825576782,0.12583661079406738,0.5780521035194397,0.9622507691383362,0.37720489501953125,0.5674355626106262,,0.000966360850725323,0.0010678342077881098,0.06273812800645828,0.09831762313842773,0.6243581175804138,0.10176043212413788,0.9
12000,13.057913780212402,17.569700241088867,-0.12104755640029907,1.396093328532772,0.5733488202095032,0.6943963766098022,0.454629123210907,0.025381064042448997,768000,0,0,0.5578731596469879,0.21806222200393677,0.12970896065235138,0.6396004557609558,0.9732381701469421,0.48548170924186707,0.6588873863220215,,0.000833198195323348,0.0010015226434916258,0.06569112837314606,0.10841347277164459,0.6554710865020752,0.1087707132101059,0.9
12200,13.001252174377441,18.10587501525879,-0.09140229225158691,1.28198320688789,0.5844568014144897,0.6758590936660767,0.43926769495010376,0.032733261585235596,780800,0,1,0.5629785656929016,0.2597256302833557,0.11799511313438416,0.5556392669677734,0.9610430002212524,0.3858887553215027,0.5481682419776917,,0.0009508170187473297,0.0010573010658845305,0.06531169265508652,0.09696763008832932,0.589020311832428,0.09763306379318237,0.9
12400,13.070096969604492,17.341333389282227,-0.10364830493927002,1.3186669764891639,0.5710958242416382,0.6747441291809082,0.43304288387298584,0.027779508382081985,793600,0,0,0.5432009398937225,0.24419045448303223,0.14363111555576324,0.5833566188812256,0.9792442917823792,0.5082768201828003,0.6922659873962402,,0.0008520637638866901,0.0007443784270435572,0.06798075139522552,0.10564404726028442,0.6287123560905457,0.10622373223304749,0.9
12600,13.034122467041016,17.517024993896484,-0.09761244058609009,1.3055471700506998,0.5829198956489563,0.6805323362350464,0.44738641381263733,0.040621962398290634,806400,0,0,0.5637645125389099,0.24491393566131592,0.13527867197990417,0.617988646030426,0.9765388369560242,0.4822252690792084,0.672455906867981,,0.0008602744783274829,0.0008856142521835864,0.06626273691654205,0.10727691650390625,0.6466847062110901,0.10778167098760605,0.9
12800,13.064201354980469,17.314714431762695,-0.0958472490310669,1.286097923577223,0.5691372156143188,0.6649844646453857,0.4250151515007019,0.03501245006918907,819200,0,0,0.5539354085922241,0.2517509460449219,0.13288182020187378,0.6101228594779968,0.9764288663864136,0.47544100880622864,0.6317503452301025,,0.0008611453231424093,0.0008887861622497439,0.06304881721735,0.1089409738779068,0.630939245223999,0.10793253034353256,0.9
13000,13.116204261779785,17.17875099182129,-0.1217045783996582,1.3521019142548867,0.5326438546180725,0.6543484330177307,0.3995698094367981,0.03740984573960304,832000,0,1,0.5153678059577942,0.2215888500213623,0.15010809898376465,0.5828778743743896,0.9556710720062256,0.4274084270000458,0.5981004238128662,,0.0009593188297003508,0.000982539146207273,0.0720725953578949,0.09762551635503769,0.6243422031402588,0.09941592067480087,0.9
13200,13.158946990966797,17.468307495117188,-0.1014522910118103,1.3093612434886603,0.570606529712677,0.6720588207244873,0.41311290860176086,0.04857270419597626,844800,0,0,0.5433401465415955,0.26850199699401855,0.13913489878177643,0.5341135263442993,0.9693126082420349,0.3902306854724884,0.5782904028892517,,0.0007755458354949951,0.0010089282877743244,0.06869267672300339,0.10838191211223602,0.5620608925819397,0.10874669998884201,0.9
13400,13.03273868560791,18.217660903930664,-0.002302706241607666,1.0058133953220172,0.6015937924385071,0.6038964986801147,0.3797548711299896,0.039263028651475906,857600,0,0,0.581908792257309,0.3572438359260559,0.11924877017736435,0.4952719509601593,0.9726543426513672,0.4407055675983429,0.6138399243354797,,0.0008815649198368192,0.0016360189765691757,0.05373488739132881,0.10015440732240677,0.5170783996582031,0.09846208244562149,0.9
13600,13.093291282653809,17.918275833129883,-0.08384788036346436,1.2383230944015842,0.5643277168273926,0.6481755971908569,0.4143565893173218,0.018492544069886208,870400,0,0,0.552588701248169,0.2572147250175476,0.13186505436897278,0.6178344488143921,0.9718433022499084,0.46214383840560913,0.6569877862930298,,0.0006855007959529757,0.0007731637451797724,0.06960912048816681,0.10852529853582382,0.6318032741546631,0.10841722041368484,0.9
13800,13.04846477508545,17.829919815063477,-0.11319029331207275,1.3527803434662133,0.5659576654434204,0.6791479587554932,0.43207117915153503,0.055362798273563385,883200,0,1,0.537787914276123,0.23580700159072876,0.12617971003055573,0.44822990894317627,0.9543368220329285,0.31587517261505127,0.510176420211792,,0.0008231850806623697,0.0012595327571034431,0.06811580806970596,0.08142512291669846,0.5118333697319031,0.08626848459243774,0.9
14000,13.02528190612793,17.37693977355957,-0.08789569139480591,1.254298813888989,0.566464900970459,0.6543605923652649,0.4141906499862671,0.03217547386884689,896000,0,0,0.5495358109474182,0.2604849338531494,0.13978920876979828,0.5619766712188721,0.9673780798912048,0.45427408814430237,0.6358209252357483,,0.000517832871992141,0.0008753474685363472,0.06717216223478317,0.09437058866024017,0.5918487310409546,0.09466228634119034,0.9
14200,13.068869590759277,18.078489303588867,-0.053213536739349365,1.1518528075101209,0.596358060836792,0.6495715975761414,0.4179357886314392,0.0555264949798584,908800,0,1,0.5839123427867889,0.3072991967201233,0.11429134011268616,0.4370478093624115,0.9612485766410828,0.36200815439224243,0.5506106019020081,,0.0005526422755792737,0.001755993813276291,0.06995794177055359,0.10054749995470047,0.47151312232017517,0.10282459110021591,0.9
14400,13.01908016204834,17.55017852783203,-0.09869873523712158,1.298622368553697,0.5707877278327942,0.6694864630699158,0.43375954031944275,0.022440120577812195,921600,0,0,0.5502614974975586,0.24204641580581665,0.11761116236448288,0.6148902177810669,0.9745477437973022,0.5031207799911499,0.6632293462753296,,0.0006324632558971643,0.0009632514556869864,0.05755713954567909,0.09908889979124069,0.6102601885795593,0.09906995296478271,0.9
14600,13.009430885314941,17.509227752685547,-0.09908145666122437,1.2950040595399188,0.5650538206100464,0.6641352772712708,0.4177764356136322,0.02676408737897873,934400,0,0,0.5451404452323914,0.2534394860267639,0.11377527564764023,0.5995441675186157,0.966700553894043,0.4672998785972595,0.6309362649917603,,0.0006988911191001534,0.0010167841101065278,0.06275144219398499,0.10031525045633316,0.6104426980018616,0.09941244125366211,0.9
14800,13.07962703704834,17.73453140258789,-0.11374223232269287,1.3297932956983627,0.541368305683136,0.6551105380058289,0.40605422854423523,0.03198200464248657,947200,0,0,0.5164437294006348,0.22849339246749878,0.1278267651796341,0.5914323329925537,0.9548671841621399,0.4426051676273346,0.609226644039154,,0.0008072942728176713,0.0007908797706477344,0.06265561282634735,0.08363859355449677,0.6052570343017578,0.08457215130329132,0.9
15000,13.096159934997559,17.737577438354492,-0.0964396595954895,1.288420120809279,0.5691881775856018,0.6656278371810913,0.42122218012809753,0.035377807915210724,960000,0,1,0.5444712936878204,0.25675106048583984,0.11393209546804428,0.5844653844833374,0.9651145339012146,0.42876526713371277,0.6143826842308044,,0.0005636124406009912,0.0011493172496557236,0.0668644979596138,0.10535173863172531,0.6084883213043213,0.10795378684997559,0.9
15200,12.994088172912598,18.033876419067383,-0.11199814081192017,1.347973263894869,0.5661433935165405,0.6781415343284607,0.43881213665008545,0.029096536338329315,972800,0,0,0.5475920736789703,0.22749948501586914,0.13146528601646423,0.5662873983383179,0.9678611755371094,0.44151967763900757,0.6081411242485046,,0.0008398938225582242,0.0006596170132979751,0.06903382390737534,0.08376513421535492,0.5822795629501343,0.08445283025503159,0.9
15400,12.998953819274902,17.901857376098633,-0.07043492794036865,1.1926272952594725,0.5639111399650574,0.634346067905426,0.3945801854133606,0.026022346690297127,985600,0,1,0.5558404922485352,0.279524564743042,0.12327929586172104,0.5572363138198853,0.9621336460113525,0.41221168637275696,0.5953867435455322,,0.0005512002389878035,0.0008096309611573815,0.06501512974500656,0.09934898465871811,0.6044937372207642,0.10401453822851181,0.9
15600,13.008073806762695,17.416229248046875,-0.11255466938018799,1.3378633362831194,0.5543086528778076,0.6668633222579956,0.42352455854415894,0.039692968130111694,998400,0,1,0.5398954749107361,0.22766321897506714,0.12537626922130585,0.5970773696899414,0.9583734273910522,0.4284939169883728,0.5850746631622314,,0.0005254429997876287,0.0008577913977205753,0.06720270961523056,0.09844516217708588,0.6140771508216858,0.09881901741027832,0.9
15800,13.067856788635254,17.609434127807617,-0.11408907175064087,1.333461031635033,0.5437747836112976,0.6578638553619385,0.40974512696266174,0.03740667551755905,1011200,0,0,0.5091677904129028,0.22779804468154907,0.13935083150863647,0.592475950717926,0.9633753895759583,0.43853461742401123,0.611940324306488,,0.0005446557188406587,0.0007195963989943266,0.06761066615581512,0.10129565745592117,0.6257432103157043,0.10123306512832642,0.9
16000,13.004714965820312,18.18476104736328,-0.12349987030029297,1.3936902667310156,0.5628020763397217,0.6863019466400146,0.4461836814880371,0.033081892877817154,1024000,0,1,0.5385253131389618,0.2112540602684021,0.1262570023536682,0.5872544646263123,0.959606945514679,0.45807328820228577,0.6211669445037842,,0.0005831164889968932,0.0010263299336656928,0.06400002539157867,0.09293859452009201,0.6246404051780701,0.09435465186834335,0.9
16200,13.074934959411621,18.04564666748047,-0.12777245044708252,1.3735496773885507,0.5301781296730042,0.6579505801200867,0.4066655933856964,0.035451117902994156,1036800,0,1,0.5196758210659027,0.20832639932632446,0.15654779970645905,0.5929999351501465,0.9552095532417297,0.3907734155654907,0.5579376220703125,,0.0006168076070025563,0.0006062302272766829,0.06639047712087631,0.09400633722543716,0.6437720060348511,0.09579948335886002,0.9
16400,12.99804973602295,18.560815811157227,-0.12092441320419312,1.382479082446109,0.5629160404205322,0.6838404536247253,0.4330498278141022,0.028240853920578957,1049600,0,0,0.536629319190979,0.22925597429275513,0.11352776736021042,0.6292638182640076,0.9451050758361816,0.4705563187599182,0.6162822246551514,,0.000546545721590519,0.0010350209195166826,0.06404442340135574,0.1009693592786789,0.6394328474998474,0.1009388118982315,0.9
16600,12.983305931091309,18.121685028076172,-0.10244971513748169,1.3274183621395619,0.5846487283706665,0.6870984435081482,0.45532214641571045,0.02525211125612259,1062400,0,0,0.5772320330142975,0.2374243140220642,0.11382599920034409,0.6470510363578796,0.9698635339736938,0.4879240393638611,0.6434192657470703,,0.0005218525184318423,0.0008450474706478417,0.06114041432738304,0.10094937682151794,0.6529726386070251,0.10048634558916092,0.9
16800,12.980778694152832,18.577653884887695,-0.09935426712036133,1.3034142862577585,0.5731915831565857,0.672545850276947,0.4480726420879364,0.02343495562672615,1075200,0,0,0.5611743330955505,0.2276822328567505,0.11105488985776901,0.5476901531219482,0.956656813621521,0.4222523868083954,0.5872455835342407,,0.0006840931018814445,0.0008656183490529656,0.05290118604898453,0.0965173989534378,0.560905396938324,0.09521365910768509,0.9
17000,13.003811836242676,18.243545532226562,-0.06595492362976074,1.1900989268947015,0.5870945453643799,0.6530494689941406,0.4251421391963959,0.05103043094277382,1088000,0,1,0.5639739632606506,0.28331810235977173,0.12490876019001007,0.4829038381576538,0.9579406976699829,0.37666216492652893,0.5693351626396179,,0.0005368452402763069,0.0011654339032247663,0.063613660633564,0.09058748185634613,0.538105845451355,0.09344068169593811,0.9
17200,13.031134605407715,17.5747127532959,-0.08520185947418213,1.2468971396928799,0.5697076320648193,0.6549094915390015,0.42562779784202576,0.030078845098614693,1100800,0,0,0.5379056036472321,0.25171852111816406,0.12541376054286957,0.6043949127197266,0.9733912944793701,0.4979647397994995,0.6767978668212891,,0.0005074330838397145,0.0007323765894398093,0.06023845076560974,0.09903877973556519,0.6282303333282471,0.0993802547454834,0.9
17400,12.978510856628418,17.903581619262695,-0.11005795001983643,1.3431617102907292,0.5692245960235596,0.679282546043396,0.45131388306617737,0.03511357679963112,1113600,0,0,0.552495539188385,0.21613633632659912,0.11632941663265228,0.5939792394638062,0.9629754424095154,0.48168250918388367,0.6420624256134033,,0.0006299122469499707,0.0008152284426614642,0.054055895656347275,0.08501330763101578,0.6248354315757751,0.08477412164211273,0.9
17600,12.978933334350586,18.34645652770996,-0.04809790849685669,1.1275267337106698,0.5747426748275757,0.6228405833244324,0.4119764566421509,0.03273193538188934,1126400,0,1,0.555789977312088,0.27657604217529297,0.11718723922967911,0.5442967414855957,0.9662051200866699,0.41601085662841797,0.6179104447364807,,0.0004883662331849337,0.0007061875658109784,0.0506950207054615,0.09444305300712585,0.5786187052726746,0.09782256186008453,0.9
17800,13.048528671264648,17.346355438232422,-0.10696691274642944,1.3168775202356038,0.5554676055908203,0.6624345183372498,0.4253709614276886,0.0425720140337944,1139200,0,0,0.533263236284256,0.2269521951675415,0.13030797243118286,0.5181816220283508,0.964698314666748,0.40786975622177124,0.5989145636558533,,0.0006161315832287073,0.0007434618892148137,0.05944441258907318,0.08218222856521606,0.5549041628837585,0.08290698379278183,0.9
18000,13.054244995117188,17.118986129760742,-0.12060362100601196,1.3564429568625724,0.5410431623458862,0.6616467833518982,0.4172591269016266,0.035232674330472946,1152000,0,1,0.51699498295784,0.212968647480011,0.13693246245384216,0.5837141275405884,0.9634585976600647,0.39565807580947876,0.5858887434005737,,0.0006431639194488525,0.0005385780241340399,0.05546092987060547,0.08421428501605988,0.6272577047348022,0.08435440808534622,0.9
18200,13.028331756591797,17.693628311157227,-0.1083727478981018,1.3467457702173948,0.5790848731994629,0.6874576210975647,0.4607560634613037,0.03970614820718765,1164800,0,0,0.561034232378006,0.22098445892333984,0.12005539238452911,0.5120248794555664,0.9666122794151306,0.4246947169303894,0.5989145636558533,,0.0006653424352407455,0.0007385463686659932,0.05228037387132645,0.0808502733707428,0.5473976731300354,0.08126320689916611,0.9
18400,13.014935493469238,17.491798400878906,-0.10191869735717773,1.3097464658102007,0.5690422058105469,0.6709609031677246,0.4347251057624817,0.03042629547417164,1177600,0,0,0.5595271587371826,0.23825323581695557,0.1337672770023346,0.6202325820922852,0.9729688763618469,0.47354140877723694,0.6559023261070251,,0.0006053830729797482,0.0006564900977537036,0.056394681334495544,0.08875139057636261,0.6494707465171814,0.08873257786035538,0.9
18600,12.981961250305176,17.887176513671875,-0.08185809850692749,1.2476988203856152,0.5876675844192505,0.669525682926178,0.4317752718925476,0.03465719893574715,1190400,0,0,0.5688176453113556,0.27524900436401367,0.11119884252548218,0.5576601028442383,0.9721670746803284,0.4643148183822632,0.639077365398407,,0.0005931874038651586,0.0013185498537495732,0.055161383002996445,0.087833471596241,0.5738805532455444,0.08743439614772797,0.9
18800,13.030745506286621,18.288084030151367,-0.09814554452896118,1.272663204164276,0.5419028997421265,0.6400484442710876,0.3976438045501709,0.03476622328162193,1203200,0,1,0.5356365740299225,0.2398284673690796,0.14429990947246552,0.5588200092315674,0.9499373435974121,0.3527815639972687,0.5229308009147644,,0.0005135028040967882,0.000754615175537765,0.05958239734172821,0.08729521930217743,0.6028302311897278,0.08842439949512482,0.9
19000,13.054885864257812,17.842708587646484,-0.1252586841583252,1.3869335815806025,0.5510199069976807,0.6762785911560059,0.4309275150299072,0.03586553782224655,1216000,0,0,0.5332334935665131,0.21081584692001343,0.1443488597869873,0.5540646314620972,0.9602884650230408,0.3945726156234741,0.5590230822563171,,0.0004914564779028296,0.0007521964143961668,0.05743841826915741,0.08878995478153229,0.5991278886795044,0.08830536901950836,0.9
19200,13.013049125671387,18.0423583984375,-0.11491870880126953,1.3622892355704195,0.5678797364234924,0.682798445224762,0.4459797143936157,0.03411483019590378,1228800,0,0,0.548804372549057,0.22069692611694336,0.11306384205818176,0.5831827521324158,0.9569559693336487,0.4686567485332489,0.6219810247421265,,0.0006368911708705127,0.0010026859818026423,0.057783666998147964,0.08067051321268082,0.5991159081459045,0.08004119247198105,0.9
19400,13.046430587768555,17.606853485107422,-0.08605492115020752,1.250461365517026,0.570359468460083,0.6564143896102905,0.4231713116168976,0.042614005506038666,1241600,0,0,0.5529269576072693,0.25526106357574463,0.13259153068065643,0.5201345682144165,0.9641596078872681,0.446404367685318,0.6187245845794678,,0.0005425495910458267,0.0008201177115552127,0.06347385048866272,0.08570662140846252,0.5592861175537109,0.08605296164751053,0.9
19600,13.075091361999512,17.784635543823242,-0.12013167142868042,1.3708091651253655,0.5558966398239136,0.676028311252594,0.43133074045181274,0.02650005742907524,1254400,0,0,0.5428536236286163,0.21859687566757202,0.12963508069515228,0.6093207597732544,0.9647147059440613,0.479511559009552,0.6314789652824402,,0.0005084467702545226,0.0007074226159602404,0.06094130501151085,0.09386374056339264,0.6290902495384216,0.0927882045507431,0.9
19800,13.144855499267578,18.083711624145508,-0.10851150751113892,1.322175050259082,0.5546793341636658,0.6631908416748047,0.4114806354045868,0.03087437152862549,1267200,0,1,0.5318472981452942,0.24260377883911133,0.13914483785629272,0.5403704047203064,0.9650036096572876,0.37476256489753723,0.5601085424423218,,0.00048325175885111094,0.0007881512283347547,0.06438993662595749,0.08512341231107712,0.5924801826477051,0.08857270330190659,0.9
20000,13.059471130371094,17.656784057617188,-0.11177945137023926,1.3375821792565354,0.5571027994155884,0.6688822507858276,0.4264359772205353,0.03089684061706066,1280000,0,0,0.5352735817432404,0.22790277004241943,0.14783819019794464,0.590487539768219,0.9728444218635559,0.49389418959617615,0.6664857864379883,,0.00038130872417241335,0.0006873835227452219,0.06599966436624527,0.09342856705188751,0.6158055663108826,0.09395185112953186,0.9
20200,13.045551300048828,17.486528396606445,-0.11128735542297363,1.3324730179476723,0.553986668586731,0.6652740240097046,0.42299526929855347,0.04069193825125694,1292800,0,1,0.5309829413890839,0.22768521308898926,0.1350325345993042,0.5555071830749512,0.9677594304084778,0.33242878317832947,0.539484441280365,,0.00042922678403556347,0.0006793523789383471,0.06696417927742004,0.09102511405944824,0.5992353558540344,0.09465030580759048,0.9
20400,13.132608413696289,16.89520263671875,-0.1213456392288208,1.3206314977802893,0.500196099281311,0.6215417385101318,0.37700697779655457,0.037335485219955444,1305600,0,1,0.46743887662887573,0.1979193091392517,0.16473941504955292,0.5675545930862427,0.9472206234931946,0.3750339448451996,0.5625509023666382,,0.0004649717593565583,0.0005091315833851695,0.06825455278158188,0.0866452157497406,0.6158756613731384,0.08841823041439056,0.9
20600,13.044123649597168,17.715856552124023,-0.11724680662155151,1.3512690382524004,0.5489725470542908,0.6662193536758423,0.44639116525650024,0.03955496847629547,1318400,0,1,0.5330885350704193,0.18540877103805542,0.12186862528324127,0.5117144584655762,0.9552249908447266,0.33432838320732117,0.5223881006240845,,0.00046323216520249844,0.0009437557309865952,0.0510314516723156,0.08654787391424179,0.5497018694877625,0.08905959129333496,0.9
20800,13.044713020324707,17.305688858032227,-0.12255275249481201,1.3478488746943562,0.5251311659812927,0.6476839184761047,0.41146695613861084,0.025150828063488007,1331200,0,0,0.516980767250061,0.1934264898300171,0.14156335592269897,0.5658340454101562,0.9478896856307983,0.4303935170173645,0.579918622970581,,0.0004670002672355622,0.00048380118096247315,0.056771039962768555,0.0785386860370636,0.5846987366676331,0.07913834601640701,0.9
21000,13.054094314575195,17.413488388061523,-0.11271250247955322,1.33259398232417,0.5483983159065247,0.6611108183860779,0.4255348742008209,0.025755278766155243,1344000,0,0,0.5332472026348114,0.2143985629081726,0.12630611658096313,0.6076963543891907,0.9626814723014832,0.4675712585449219,0.641791045665741,,0.00040332923526875675,0.0006053281831555068,0.05959463119506836,0.09708327054977417,0.616740882396698,0.09683667868375778,0.9
21200,13.135234832763672,17.890932083129883,-0.11089032888412476,1.3273514045752421,0.5503595471382141,0.6612498760223389,0.4404754340648651,0.021394671872258186,1356800,0,0,0.5471286773681641,0.19769656658172607,0.11622864007949829,0.606275200843811,0.9578256011009216,0.4540027379989624,0.6271370649337769,,0.00042417028453201056,0.0006717778742313385,0.05484701320528984,0.09014204889535904,0.6152638792991638,0.08919675648212433,0.9
21400,13.093323707580566,17.530580520629883,-0.12054502964019775,1.338083202760821,0.5229006409645081,0.6434456706047058,0.418300986289978,0.022235553711652756,1369600,0,0,0.5053924024105072,0.18010777235031128,0.1366080641746521,0.6123617887496948,0.9552269577980042,0.4214382767677307,0.5918589234352112,,0.00037549843546003103,0.000586312438827008,0.0553751178085804,0.08439743518829346,0.6272231340408325,0.08374389261007309,0.9
21600,13.051356315612793,17.472076416015625,-0.11991184949874878,1.3582139116026055,0.5453388690948486,0.6652507185935974,0.42760199308395386,0.0361582413315773,1382400,0,1,0.5319395065307617,0.20715636014938354,0.13859280943870544,0.5121809840202332,0.9592493176460266,0.34219810366630554,0.540841281414032,,0.00041245840839110315,0.0006954005220904946,0.0597575306892395,0.07526616752147675,0.5671172738075256,0.0780181735754013,0.9
21800,13.006217956542969,18.210094451904297,-0.11647337675094604,1.3599470679891565,0.5599418878555298,0.6764152646064758,0.4318847060203552,0.02404666133224964,1395200,0,0,0.5484834909439087,0.22641682624816895,0.12957826256752014,0.6169196367263794,0.9663645625114441,0.4284939169883728,0.5989145636558533,,0.0004009904805570841,0.0006176460301503539,0.05295572057366371,0.08291812986135483,0.625322699546814,0.08223113417625427,0.9
22000,13.070232391357422,17.846879959106445,-0.1298675537109375,1.3855662524767955,0.5333095192909241,0.6631770730018616,0.41662031412124634,0.034686751663684845,1408000,0,0,0.5137160420417786,0.20054733753204346,0.14485275745391846,0.5754532814025879,0.9528494477272034,0.4279511570930481,0.5837178230285645,,0.0004519079811871052,0.0007871516281738877,0.05760053172707558,0.08244895935058594,0.6111063361167908,0.0826294869184494,0.9
22200,13.090353965759277,17.496633529663086,-0.12520021200180054,1.3723969580088062,0.5385988354682922,0.6637990474700928,0.4237991273403168,0.03840186446905136,1420800,0,0,0.5172150433063507,0.19929778575897217,0.1510746330022812,0.5466684699058533,0.9623473882675171,0.3283582329750061,0.5112618803977966,,0.00039436109364032745,0.00048038014210760593,0.05575905740261078,0.09474107623100281,0.5774068832397461,0.09361818432807922,0.9
22400,12.980962753295898,18.26250648498535,-0.10495251417160034,1.3423038491446346,0.5884411931037903,0.6933937072753906,0.4562816917896271,0.029434360563755035,1433600,0,0,0.5629709959030151,0.24279862642288208,0.1169205754995346,0.6015373468399048,0.9699457883834839,0.4420624375343323,0.6312076449394226,,0.0003334591747261584,0.000706557824742049,0.04684958979487419,0.09512042999267578,0.609285831451416,0.0944475457072258,0.9
22600,13.064867973327637,18.275388717651367,-0.12804895639419556,1.391216897879206,0.5446416735649109,0.6726906299591064,0.4216617941856384,0.03797750174999237,1446400,0,1,0.5343338251113892,0.21235692501068115,0.1262817680835724,0.49541279673576355,0.9351743459701538,0.3397557735443115,0.5118046402931213,,0.0004169981984887272,0.0009846969041973352,0.05528189241886139,0.07691896706819534,0.5483452081680298,0.08003696799278259,0.9
22800,13.012453079223633,18.291818618774414,-0.11648201942443848,1.4039025257290367,0.5951265692710876,0.7116085886955261,0.4807475209236145,0.02924390323460102,1459200,0,0,0.571107804775238,0.2207198143005371,0.10907496511936188,0.5716357231140137,0.9688859581947327,0.4293080270290375,0.6070556640625,,0.00044819817412644625,0.0008403139072470367,0.045506078749895096,0.09199892729520798,0.5806065797805786,0.09086404740810394,0.9
23000,13.096396446228027,17.893516540527344,-0.1333213448524475,1.4188867508462435,0.548403263092041,0.6817246079444885,0.4315924346446991,0.03555058687925339,1472000,0,0,0.5336608588695526,0.20628923177719116,0.13327385485172272,0.5577455759048462,0.9575532078742981,0.3978290557861328,0.5658073425292969,,0.0004894573939964175,0.0007032220019027591,0.055597878992557526,0.07306468486785889,0.5859507918357849,0.0734485387802124,0.9
23200,13.0517578125,19.423965454101562,-0.10390418767929077,1.334940122941693,0.5858786106109619,0.6897827982902527,0.46544039249420166,0.02237853966653347,1484800,0,0,0.5711148083209991,0.2258581519126892,0.11636287719011307,0.5131809711456299,0.969545841217041,0.4317503571510315,0.5861601233482361,,0.00041912979213520885,0.0007149916491471231,0.04325344040989876,0.09337043762207031,0.51753169298172,0.09200356900691986,0.9
23400,13.09645938873291,17.615386962890625,-0.11475998163223267,1.3405719462974943,0.5482774972915649,0.6630374789237976,0.42253971099853516,0.029525626450777054,1497600,0,0,0.5251563191413879,0.21939724683761597,0.13313065469264984,0.5594842433929443,0.9642357230186462,0.4510176479816437,0.6217096447944641,,0.0005120091373100877,0.0004759829316753894,0.05334952846169472,0.07573399692773819,0.5849564075469971,0.07604015618562698,0.9
23600,13.058758735656738,18.443164825439453,-0.11351335048675537,1.344942894651427,0.5574079751968384,0.6709213256835938,0.4394429326057434,0.04179450869560242,1510400,0,1,0.5242972671985626,0.21107745170593262,0.12077929079532623,0.4888601005077362,0.9610686302185059,0.3405698835849762,0.547082781791687,,0.00040534394793212414,0.0009197701001539826,0.04511858895421028,0.08998808264732361,0.514805018901825,0.09083893895149231,0.9
23800,13.039510726928711,17.339248657226562,-0.12283909320831299,1.355405001542579,0.5315296053886414,0.6543686985969543,0.41387349367141724,0.023401925340294838,1523200,0,1,0.5166695415973663,0.20246028900146484,0.1335860788822174,0.5962703227996826,0.9629692435264587,0.39050203561782837,0.5712347626686096,,0.0004700219724327326,0.00038739637238904834,0.04773346334695816,0.07778345793485641,0.6223384737968445,0.07861150801181793,0.9
24000,13.090913772583008,17.915292739868164,-0.12355303764343262,1.3836853096190644,0.554430365562439,0.6779834032058716,0.448568195104599,0.03569525107741356,1536000,0,1,0.5451416969299316,0.19316476583480835,0.1307085007429123,0.5089163184165955,0.9571101069450378,0.34654003381729126,0.5364993214607239,,0.0004825844371225685,0.0008826846024021506,0.04732559621334076,0.06634131073951721,0.5638498067855835,0.06834539026021957,0.9
24200,13.013986587524414,17.90682029724121,-0.09027689695358276,1.2641879846921866,0.5680084824562073,0.65828537940979,0.42200738191604614,0.03886515647172928,1548800,0,0,0.5386723875999451,0.2534301280975342,0.11201751232147217,0.4645971357822418,0.9560205340385437,0.4469470977783203,0.603527843952179,,0.0006777138914912939,0.0008381508523598313,0.043134886771440506,0.05541744828224182,0.4934963583946228,0.05613281950354576,0.9
24400,13.023730278015137,17.514421463012695,-0.1072385311126709,1.308944139268046,0.545648455619812,0.6528869867324829,0.4213165044784546,0.023440059274435043,1561600,0,0,0.5364550352096558,0.21615654230117798,0.12113863974809647,0.6113691926002502,0.9510383009910583,0.4284939169883728,0.6130257844924927,,0.0004856284649576992,0.0004866271046921611,0.05068979039788246,0.0716630220413208,0.6279996633529663,0.07172642648220062,0.9
24600,12.976888656616211,18.17340850830078,-0.10141533613204956,1.3197087596825812,0.5813730359077454,0.6827883720397949,0.4574853777885437,0.02607266791164875,1574400,0,0,0.5620911419391632,0.22892361879348755,0.10266624391078949,0.5850598812103271,0.9521134495735168,0.49335142970085144,0.6548168659210205,,0.0004045880341436714,0.000765011238399893,0.04494810104370117,0.0869101732969284,0.5857976675033569,0.08664241433143616,0.9
24800,13.08890438079834,17.797019958496094,-0.10898739099502563,1.3122016292833911,0.5419196486473083,0.650907039642334,0.4260123670101166,0.02197837457060814,1587200,0,1,0.5221820771694183,0.20256513357162476,0.1206495463848114,0.6216367483139038,0.9587075710296631,0.47408413887023926,0.6284939050674438,,0.00039551762165501714,0.0005307602696120739,0.04923433065414429,0.08703839033842087,0.6332144737243652,0.0868329182267189,0.9
25000,13.086051940917969,17.59483528137207,-0.11594730615615845,1.3283211607131857,0.5309005975723267,0.6468479037284851,0.4126262664794922,0.036915335804224014,1600000,0,0,0.508605033159256,0.20290708541870117,0.13060592114925385,0.5955389738082886,0.9567493200302124,0.41736772656440735,0.5905020833015442,,0.0004309701034799218,0.0007123152608983219,0.046550702303647995,0.0839877799153328,0.6137021780014038,0.08284132182598114,0.9
25200,13.071276664733887,17.234378814697266,-0.11303454637527466,1.3099660254333612,0.5222979187965393,0.635332465171814,0.39105892181396484,0.02288450300693512,1612800,0,0,0.5126461684703827,0.21630418300628662,0.12415359169244766,0.6401780843734741,0.9522059559822083,0.46214383840560913,0.6268656849861145,,0.00046582461800426245,0.00039012753404676914,0.0496889129281044,0.07625237852334976,0.6523638367652893,0.07624863088130951,0.9
25400,13.027300834655762,17.454395294189453,-0.09415382146835327,1.2396068396993065,0.512894868850708,0.6070486903190613,0.3834402859210968,0.03148477524518967,1625600,0,0,0.4911302328109741,0.21069318056106567,0.13109320402145386,0.520093560218811,0.9319765567779541,0.3316146731376648,0.48873814940452576,,0.0006778447423130274,0.0005173329263925552,0.04377078264951706,0.05720385164022446,0.5451552867889404,0.05688956007361412,0.9
25600,13.07517147064209,17.481000900268555,-0.11219996213912964,1.3265134047380793,0.544169545173645,0.6563695073127747,0.41645607352256775,0.0344039611518383,1638400,0,0,0.5227134525775909,0.2197946310043335,0.12439587712287903,0.5993123054504395,0.962519109249115,0.4529172480106354,0.6108548641204834,,0.000530290009919554,0.0006690443260595202,0.04579039663076401,0.07071338593959808,0.615623414516449,0.07042384892702103,0.9
25800,13.062687873840332,17.495494842529297,-0.10447216033935547,1.286689837361871,0.5311195254325867,0.6355916857719421,0.40256747603416443,0.022769518196582794,1651200,0,0,0.5108625292778015,0.21566438674926758,0.1306614875793457,0.6291624903678894,0.9532801508903503,0.4776119589805603,0.636363685131073,,0.0005290521075949073,0.00037700909888371825,0.04453352093696594,0.06839814782142639,0.6421156525611877,0.06834502518177032,0.9
26000,13.07396411895752,17.349899291992188,-0.10682404041290283,1.2870508468929747,0.5210326910018921,0.6278567314147949,0.3960644006729126,0.025318406522274017,1664000,0,1,0.5084421932697296,0.20755523443222046,0.13692009449005127,0.566097617149353,0.9473952651023865,0.415739506483078,0.577747642993927,,0.0006078601581975818,0.00042732019210234284,0.04280723258852959,0.05901368707418442,0.6057584881782532,0.059722695499658585,0.9
26200,12.986008644104004,17.886615753173828,-0.08155566453933716,1.2136883736140789,0.5367873311042786,0.6183429956436157,0.3888833224773407,0.04509937763214111,1676800,0,1,0.4935927391052246,0.2421913743019104,0.12515249848365784,0.5188261866569519,0.9228681325912476,0.3221167027950287,0.514246940612793,,0.0007412622217088938,0.0006667376728728414,0.042007919400930405,0.05659351497888565,0.5567082762718201,0.05721764639019966,0.9
26400,13.025049209594727,17.52536964416504,-0.07986849546432495,1.1943454969173817,0.5091701149940491,0.589038610458374,0.3729276657104492,0.043315593153238297,1689600,0,1,0.4799085855484009,0.21791791915893555,0.13311146199703217,0.5129691362380981,0.9192663431167603,0.3660787045955658,0.5332428812980652,,0.0007698982954025269,0.0007583832484669983,0.041771050542593,0.05235160514712334,0.5472260117530823,0.05338229984045029,0.9
26600,13.016494750976562,18.31062889099121,-0.09749680757522583,1.281955729645183,0.5567155480384827,0.6542123556137085,0.42604026198387146,0.03520190715789795,1702400,0,0,0.5311218202114105,0.2280665636062622,0.12632955610752106,0.5868836045265198,0.9458677768707275,0.44721847772598267,0.6070556640625,,0.0003885636106133461,0.0006150265107862651,0.04208023101091385,0.08694306761026382,0.6020481586456299,0.08618683367967606,0.9
26800,12.986715316772461,18.34040069580078,-0.0841323733329773,1.2380579090911696,0.5624562501907349,0.6465886235237122,0.4298640191555023,0.03386695683002472,1715200,0,0,0.5501067638397217,0.23272758722305298,0.12251526117324829,0.5001744031906128,0.9481261372566223,0.38616013526916504,0.5343284010887146,,0.00040267701842822134,0.0005013496847823262,0.042126838117837906,0.08263639360666275,0.5015207529067993,0.08191469311714172,0.9
27000,13.019542694091797,17.507286071777344,-0.10513490438461304,1.308282661345081,0.5538309812545776,0.6589658856391907,0.4309835731983185,0.02462650276720524,1728000,0,0,0.5478190779685974,0.21667063236236572,0.11525299400091171,0.6179677248001099,0.9587034583091736,0.4941655397415161,0.6594301462173462,,0.00041811971459537745,0.00045515812234953046,0.05256768688559532,0.08655393123626709,0.6283441781997681,0.08613040298223495,0.9
27200,13.066232681274414,17.78672981262207,-0.09226560592651367,1.2460149866412635,0.5326938033103943,0.624959409236908,0.40072008967399597,0.025148354470729828,1740800,0,0,0.5277976095676422,0.2206796407699585,0.13857676088809967,0.5951023697853088,0.9449446797370911,0.40217098593711853,0.5696065425872803,,0.00041223273728974164,0.000386097002774477,0.052963897585868835,0.08995320647954941,0.6066598296165466,0.08980575203895569,0.9
27400,13.110882759094238,17.673084259033203,-0.08748656511306763,1.2343191478322644,0.5391484498977661,0.6266350150108337,0.396318256855011,0.0313480980694294,1753600,0,0,0.5303935408592224,0.23737668991088867,0.13686688244342804,0.6042600870132446,0.9563412666320801,0.47028496861457825,0.6382632255554199,,0.00035597459645941854,0.0006900032749399543,0.06239576265215874,0.0959964320063591,0.6279733180999756,0.09615802019834518,0.9
27600,13.00307846069336,18.130516052246094,-0.10018205642700195,1.2927021084848775,0.5575516819953918,0.6577337384223938,0.43666738271713257,0.02268344536423683,1766400,0,0,0.5386848449707031,0.21457791328430176,0.13511329889297485,0.6004807353019714,0.9662843942642212,0.47354140877723694,0.639077365398407,,0.000395520415622741,0.00048741704085841775,0.05475093051791191,0.09686081856489182,0.6088641285896301,0.09658999741077423,0.9
27800,13.046674728393555,17.990894317626953,-0.09591442346572876,1.2701972928503988,0.5491063594818115,0.6450207829475403,0.4270907938480377,0.027368051931262016,1779200,0,0,0.5377103686332703,0.2135530710220337,0.12869328260421753,0.6351104378700256,0.9593932032585144,0.4757123589515686,0.6187245845794678,,0.00036135633126832545,0.0004657439421862364,0.058876123279333115,0.10079676657915115,0.629530668258667,0.10019988566637039,0.9
28000,13.033760070800781,17.252500534057617,-0.08585625886917114,1.2105522807860734,0.5063768029212952,0.5922330617904663,0.3739112913608551,0.03939936310052872,1792000,0,1,0.48415815830230713,0.21230566501617432,0.1482609361410141,0.5248048901557922,0.9274598360061646,0.35603800415992737,0.5229308009147644,,0.0005830085137858987,0.00041281862650066614,0.060425031930208206,0.06984022259712219,0.577954888343811,0.07394053786993027,0.9
28200,13.051033973693848,17.59486198425293,-0.10721874237060547,1.2995079718352962,0.5347983241081238,0.6420170664787292,0.41234633326530457,0.027574148029088974,1804800,0,0,0.5071791410446167,0.20928090810775757,0.14471535384655,0.610802173614502,0.951407253742218,0.4700135886669159,0.6203528046607971,,0.00047039371565915644,0.00041739121661521494,0.06136459857225418,0.0916602611541748,0.6343021392822266,0.09206267446279526,0.9
28400,13.027551651000977,19.0229434967041,-0.08952999114990234,1.2451110426468515,0.5452070236206055,0.6347370147705078,0.4337998926639557,0.027881436049938202,1817600,0,0,0.5170330703258514,0.19676214456558228,0.12812241911888123,0.49719715118408203,0.9392110705375671,0.3571234941482544,0.5120760202407837,,0.0004320251173339784,0.0004811992112081498,0.05048121139407158,0.10232054442167282,0.5133652091026306,0.10117080807685852,0.9
28600,13.03331184387207,18.072044372558594,-0.08187919855117798,1.230939258841838,0.5635721683502197,0.6454513669013977,0.4173218607902527,0.03617037087678909,1830400,0,0,0.5554865300655365,0.2529149055480957,0.12415093928575516,0.547378420829773,0.9612454771995544,0.4393487274646759,0.6016282439231873,,0.0004513485764618963,0.0007734934915788472,0.0566432923078537,0.09934751689434052,0.5658910870552063,0.09917186945676804,0.9
28800,13.068825721740723,17.63840103149414,-0.08835065364837646,1.2377410686589974,0.5400238037109375,0.628374457359314,0.42518189549446106,0.02391183376312256,1843200,0,0,0.5312544405460358,0.20068293809890747,0.12562057375907898,0.5843680500984192,0.9485074877738953,0.46892809867858887,0.6230664849281311,,0.0005150848883204162,0.0005512372590601444,0.05436885729432106,0.08988980948925018,0.5956674814224243,0.09016305208206177,0.9
29000,13.006474494934082,18.233369827270508,-0.08288592100143433,1.2440741682036174,0.5775209069252014,0.6604068279266357,0.4479593336582184,0.02521509677171707,1856000,0,0,0.565065324306488,0.23545503616333008,0.10600288957357407,0.5551801323890686,0.9501017928123474,0.4559023380279541,0.608412504196167,,0.00038340120227076113,0.0005084826843813062,0.05157521367073059,0.0977429747581482,0.5640974640846252,0.0969240814447403,0.9
29200,13.026327133178711,18.819812774658203,-0.08733463287353516,1.2583021289716039,0.574554979801178,0.6618896126747131,0.44841939210891724,0.02746916376054287,1868800,0,0,0.5581498146057129,0.2293279767036438,0.11587440222501755,0.5312069654464722,0.9690895080566406,0.4838534891605377,0.645318865776062,,0.00037403483293019235,0.0006221270887181163,0.054474953562021255,0.10186811536550522,0.5336416959762573,0.1008063331246376,0.9
29400,13.0891752243042,16.961410522460938,-0.11147356033325195,1.3063593009196761,0.5246610045433044,0.6361345648765564,0.40671420097351074,0.04113258793950081,1881600,0,0,0.509631484746933,0.19977611303329468,0.14806097745895386,0.5502774715423584,0.96615070104599,0.4624152183532715,0.6309362649917603,,0.0005441132816486061,0.00038938652141951025,0.06429774314165115,0.08255557715892792,0.5768741369247437,0.08322214335203171,0.9
29600,13.127264022827148,17.14659309387207,-0.10438305139541626,1.2691521859142947,0.5077952742576599,0.6121783256530762,0.37858644127845764,0.03930485248565674,1894400,0,0,0.48409944772720337,0.20875012874603271,0.1670476645231247,0.49784618616104126,0.9483737945556641,0.32184532284736633,0.5044776201248169,,0.00047159509267657995,0.000385914056096226,0.06821183860301971,0.08893658220767975,0.5380333065986633,0.09020186960697174,0.9
29800,13.08591365814209,17.86297607421875,-0.09318441152572632,1.2562180244740144,0.543123722076416,0.6363081336021423,0.41713279485702515,0.035362519323825836,1907200,0,0,0.5247118175029755,0.21609890460968018,0.13266630470752716,0.5431427359580994,0.9591403603553772,0.419538676738739,0.5905020833015442,,0.00033906105090864,0.0005904299323447049,0.06009818986058235,0.0945640355348587,0.5623351335525513,0.09410994499921799,0.9
30000,13.03216552734375,17.975393295288086,-0.09334605932235718,1.26566748895743,0.5552896857261658,0.648635745048523,0.4234640896320343,0.027476977556943893,1920000,0,0,0.5291038155555725,0.22963684797286987,0.13056384027004242,0.5447800159454346,0.9584710597991943,0.41601085662841797,0.5796472430229187,,0.00035562843549996614,0.0004144593549426645,0.0649372935295105,0.10039091110229492,0.5654645562171936,0.10094178467988968,0.9
30200,13.100787162780762,18.550006866455078,-0.09487670660018921,1.2448615768101834,0.5176525115966797,0.6125292181968689,0.3850419223308563,0.0345182903110981,1932800,0,0,0.4788086414337158,0.2159125804901123,0.1622060388326645,0.5223239660263062,0.9517989158630371,0.355766624212265,0.5033921599388123,,0.0003607866819947958,0.0004256655811332166,0.06839074939489365,0.10113226622343063,0.5426176190376282,0.10064932703971863,0.9
30400,13.068216323852539,17.329238891601562,-0.10910528898239136,1.3029336095094068,0.5307323336601257,0.6398376226425171,0.4110771119594574,0.03999829292297363,1945600,0,0,0.5068168640136719,0.20395970344543457,0.14876066148281097,0.5019317269325256,0.9599030613899231,0.4067842662334442,0.5837178230285645,,0.00036289150011725724,0.00045485934242606163,0.06814658641815186,0.09188736975193024,0.541110634803772,0.0934133380651474,0.9
30600,13.033357620239258,17.69359588623047,-0.09564769268035889,1.2679528789578187,0.5473951697349548,0.6430428624153137,0.41613397002220154,0.028290947899222374,1958400,0,0,0.5352467000484467,0.22515565156936646,0.12195748835802078,0.5409966707229614,0.9574668407440186,0.46132972836494446,0.6317503452301025,,0.00036599067971110344,0.0004265333409421146,0.06778479367494583,0.09250443428754807,0.5525329113006592,0.09188041090965271,0.9
30800,13.089011192321777,18.2606258392334,-0.09723705053329468,1.2632809988418887,0.5334349274635315,0.6306719779968262,0.39866793155670166,0.031255949288606644,1971200,0,0,0.5193939805030823,0.22533243894577026,0.12309136986732483,0.48046743869781494,0.9421734809875488,0.38018998503685,0.5386703014373779,,0.00034025381319224834,0.0004927471745759249,0.0698099434375763,0.09938700497150421,0.49968090653419495,0.09891808032989502,0.9
31000,13.114119529724121,18.2818603515625,-0.09418034553527832,1.2656267651473174,0.5512607097625732,0.6454410552978516,0.41451212763786316,0.037432800978422165,1984000,0,1,0.5252320170402527,0.23513072729110718,0.12035761028528214,0.4661661982536316,0.9494665861129761,0.36119404435157776,0.5500678420066833,,0.000343003892339766,0.0005087072495371103,0.07171370834112167,0.08988738059997559,0.5037345886230469,0.09329299628734589,0.9
31200,13.081311225891113,18.706241607666016,-0.10348278284072876,1.3017707655089725,0.5535987019538879,0.6570814847946167,0.4284846782684326,0.028249332681298256,1996800,0,0,0.542060911655426,0.21923893690109253,0.13287536799907684,0.4885278642177582,0.9549782276153564,0.4010854959487915,0.5468114018440247,,0.0003235517651773989,0.0006466716295108199,0.07000815868377686,0.09877170622348785,0.5020707249641418,0.09909092634916306,0.9
31400,13.083711624145508,17.686466217041016,-0.08544391393661499,1.2366897113332307,0.5535606145858765,0.6390045285224915,0.41422420740127563,0.038580358028411865,2009600,0,1,0.5124179422855377,0.23893141746520996,0.13061736524105072,0.5198466777801514,0.9661661386489868,0.41546812653541565,0.6173677444458008,,0.00030661685741506517,0.0005860702367499471,0.06552780419588089,0.091764435172081,0.5545451045036316,0.09441300481557846,0.9
31600,13.086272239685059,18.072914123535156,-0.09125709533691406,1.2539285333414711,0.5493618845939636,0.6406189799308777,0.410220205783844,0.0433693453669548,2022400,0,1,0.5233442187309265,0.2370619773864746,0.13375981152057648,0.4153957962989807,0.9480346441268921,0.3468114137649536,0.5210312008857727,,0.00031503630452789366,0.0005442037363536656,0.07130055129528046,0.08499258011579514,0.4600953161716461,0.09057317674160004,0.9
31800,13.051514625549316,18.37694549560547,-0.07243472337722778,1.1756485574812008,0.5151808857917786,0.5876156091690063,0.3697907328605652,0.0378933921456337,2035200,0,0,0.4974439740180969,0.23076516389846802,0.15606865286827087,0.5065515637397766,0.9463098049163818,0.36065131425857544,0.5283582210540771,,0.000362320221029222,0.0004516332992352545,0.06533995270729065,0.08992362767457962,0.5333590507507324,0.08956808596849442,0.9
32000,13.09204387664795,17.128314971923828,-0.09313958883285522,1.2358063307922076,0.5118770003318787,0.6050165891647339,0.37503641843795776,0.05082129314541817,2048000,0,0,0.4824432134628296,0.2198665738105774,0.16164630651474,0.4911404252052307,0.9597097635269165,0.37204885482788086,0.5579376220703125,,0.0003362736606504768,0.0003937457804568112,0.06470497697591782,0.08908304572105408,0.5323395729064941,0.08937713503837585,0.9
32200,13.119028091430664,17.204416275024414,-0.08047288656234741,1.1962831391380389,0.5095434188842773,0.5900163054466248,0.3682307302951813,0.038489930331707,2060800,0,1,0.4897322654724121,0.22538888454437256,0.16693000495433807,0.4994971752166748,0.9657158851623535,0.417096346616745,0.5907734036445618,,0.00042264931835234165,0.00032931071473285556,0.062296636402606964,0.0813211053609848,0.5323799252510071,0.08103684335947037,0.9
32400,13.140735626220703,17.31107521057129,-0.08478200435638428,1.207916188379107,0.5074478983879089,0.5922299027442932,0.3702009916305542,0.03923738747835159,2073600,0,0,0.49540090560913086,0.21893805265426636,0.1566508263349533,0.5463578104972839,0.9527332186698914,0.41302579641342163,0.5690637826919556,,0.0003700577071867883,0.00037961979978717864,0.06726908683776855,0.08605998754501343,0.5700480341911316,0.08600514382123947,0.9
32600,13.119039535522461,18.566011428833008,-0.08196783065795898,1.2058322161322685,0.5198057293891907,0.6017735600471497,0.3832911550998688,0.04825134575366974,2086400,0,0,0.48936641216278076,0.22454124689102173,0.15649759769439697,0.48809298872947693,0.9572200775146484,0.33134329319000244,0.5096336603164673,,0.00041377823799848557,0.0002961536811199039,0.06593789160251617,0.08475031703710556,0.5102250576019287,0.08510404825210571,0.9
32800,13.15732479095459,16.77872085571289,-0.08230313658714294,1.1818322181853618,0.46506455540657043,0.5473676919937134,0.3316495716571808,0.03330959752202034,2099200,0,0,0.4406561851501465,0.20104879140853882,0.1674947440624237,0.5371823310852051,0.9527199268341064,0.36309364438056946,0.5283582210540771,,0.0004070094146300107,0.0002689132816158235,0.06401661038398743,0.07966157793998718,0.5618870258331299,0.08055603504180908,0.9
33000,13.142346382141113,17.24781608581543,-0.07796084880828857,1.175526536262806,0.4778849482536316,0.5558457970619202,0.3513888120651245,0.04591779783368111,2112000,0,0,0.4551631212234497,0.1992281675338745,0.15733498334884644,0.518761157989502,0.9494367837905884,0.3934871256351471,0.5514247417449951,,0.00045421082177199423,0.00029684690525755286,0.06484344601631165,0.07055992633104324,0.5448328852653503,0.07175739109516144,0.9
33200,13.079273223876953,17.24577522277832,-0.070281982421875,1.1477628478072843,0.4540776014328003,0.5243595838546753,0.3287254273891449,0.021611131727695465,2124800,0,1,0.4271388649940491,0.1881619095802307,0.1520814746618271,0.5398883819580078,0.9401834011077881,0.3449118137359619,0.4974220097064972,,0.0004425381193868816,0.00029929247102700174,0.05966539308428764,0.07425067573785782,0.5688610672950745,0.07541284710168839,0.9
33400,13.06894588470459,17.437450408935547,-0.0715198814868927,1.1547859629949546,0.46642348170280457,0.5379433631896973,0.3192692995071411,0.03734269738197327,2137600,0,0,0.4269844889640808,0.21671456098556519,0.157962366938591,0.4960882365703583,0.9287611842155457,0.3481682538986206,0.49443691968917847,,0.00046946376096457243,0.0002103322185575962,0.06096138805150986,0.06962057203054428,0.5295228362083435,0.07009963691234589,0.9
33600,13.073065757751465,17.933256149291992,-0.07636871933937073,1.1698883573878933,0.4741083085536957,0.5504770278930664,0.3428187966346741,0.04626897722482681,2150400,0,0,0.43414127826690674,0.20122331380844116,0.1590730845928192,0.5092413425445557,0.9355238676071167,0.3093622922897339,0.46648576855659485,,0.00043224444380030036,0.0004932419396936893,0.05759599804878235,0.07965034246444702,0.537239134311676,0.0792069360613823,0.9
33800,13.087021827697754,17.94599151611328,-0.07650148868560791,1.1849712998627864,0.5099127888679504,0.5864142775535583,0.36537879705429077,0.04198584333062172,2163200,0,0,0.4955185651779175,0.22920984029769897,0.1443878561258316,0.5031536221504211,0.9509333968162537,0.38534602522850037,0.5451831817626953,,0.0004208916216157377,0.0003677415079437196,0.059057485312223434,0.07962210476398468,0.5285869836807251,0.07976988703012466,0.9
34000,13.12295913696289,16.799556732177734,-0.07473379373550415,1.1539214444216928,0.43973416090011597,0.5144679546356201,0.31830281019210815,0.045195117592811584,2176000,0,0,0.4060823321342468,0.18024522066116333,0.19059449434280396,0.5295617580413818,0.9350695610046387,0.3397557735443115,0.5006784200668335,,0.0003800006816163659,0.0002389801957178861,0.06268979609012604,0.07729755342006683,0.5655863285064697,0.07791206985712051,0.9
34200,13.080663681030273,17.94683837890625,-0.07665261626243591,1.1619529675336573,0.4500456750392914,0.5266982913017273,0.3211763799190521,0.038164880126714706,2188800,0,0,0.43206119537353516,0.19139844179153442,0.18273964524269104,0.5047213435173035,0.9412946701049805,0.3590230941772461,0.512347400188446,,0.00034879797021858394,0.00019463985518086702,0.06107197701931,0.08305133879184723,0.5353339314460754,0.08341922610998154,0.9
34400,13.054258346557617,18.00731086730957,-0.07040628790855408,1.154897941922197,0.4750603139400482,0.5454666018486023,0.3445238173007965,0.03890666738152504,2201600,0,0,0.45011550188064575,0.2017189860343933,0.1749931126832962,0.5121610760688782,0.9451985955238342,0.35305294394493103,0.5310719609260559,,0.0003473464457783848,0.0003163297369610518,0.058571528643369675,0.07967156171798706,0.5286561250686646,0.07965259253978729,0.9
34600,13.09237289428711,16.311248779296875,-0.08562785387039185,1.181489406294939,0.44256579875946045,0.5281936526298523,0.3084452748298645,0.034562356770038605,2214400,0,0,0.4199932813644409,0.19473636150360107,0.18861305713653564,0.5641183853149414,0.9425917863845825,0.3679783046245575,0.5348711013793945,,0.0003932392573915422,0.00017885005217976868,0.06418375670909882,0.07649749517440796,0.5998328328132629,0.07698279619216919,0.9
34800,13.017117500305176,17.595354080200195,-0.07014802098274231,1.1572191115330142,0.48367199301719666,0.553820013999939,0.3373357653617859,0.0328841470181942,2227200,0,0,0.4591391086578369,0.22232884168624878,0.17012828588485718,0.5184303522109985,0.943159282207489,0.355766624212265,0.517774760723114,,0.00033746202825568616,0.00017497671069577336,0.059670284390449524,0.07855309545993805,0.5491684079170227,0.07841493934392929,0.9
35000,13.079239845275879,16.702701568603516,-0.08510273694992065,1.1818240976556347,0.44684743881225586,0.5319501757621765,0.3168887495994568,0.04280555248260498,2240000,0,0,0.411684513092041,0.19070905447006226,0.1843390315771103,0.5432018637657166,0.9283850193023682,0.3270013630390167,0.48059701919555664,,0.0004180735850241035,0.00024760939413681626,0.0610954575240612,0.07691115140914917,0.5836000442504883,0.0781760886311531,0.9
35200,13.075249671936035,16.454574584960938,-0.07866233587265015,1.1699586016192065,0.4585053324699402,0.5371676683425903,0.3316231369972229,0.03323559835553169,2252800,0,0,0.4396848678588867,0.19133001565933228,0.18000946938991547,0.5439822673797607,0.9472318887710571,0.3731343448162079,0.5405699014663696,,0.0003823180159088224,0.00014804604870732874,0.05849180370569229,0.07899972796440125,0.5766788721084595,0.0794437900185585,0.9
35400,13.10729694366455,16.969619750976562,-0.08397147059440613,1.187578190449967,0.4683673679828644,0.5523388385772705,0.3260189890861511,0.044639382511377335,2265600,0,0,0.45262736082077026,0.21135342121124268,0.18681181967258453,0.5572547912597656,0.9469717741012573,0.3782903850078583,0.5459973216056824,,0.0004501296207308769,0.000295061559882015,0.060609105974435806,0.06963573396205902,0.5976986885070801,0.07133670151233673,0.9
35600,13.138663291931152,16.142499923706055,-0.09442579746246338,1.194553467688286,0.42022794485092163,0.514653742313385,0.26615840196609497,0.06153440102934837,2278400,0,0,0.3999171853065491,0.21043378114700317,0.23836202919483185,0.5180850625038147,0.9304572343826294,0.3107191324234009,0.46784260869026184,,0.000394331815186888,0.00021179078612476587,0.06529035419225693,0.06819368153810501,0.5607316493988037,0.0694410651922226,0.9
35800,13.1359224319458,16.77140235900879,-0.08895012736320496,1.177410929599031,0.40967079997062683,0.4986209273338318,0.2613687515258789,0.048782236874103546,2291200,0,1,0.37939316034317017,0.20182114839553833,0.23500625789165497,0.5304881930351257,0.9241653680801392,0.28792402148246765,0.4507462978363037,,0.0003095092251896858,0.00022696598898619413,0.06396617740392685,0.07291354984045029,0.5728339552879333,0.0744246393442154,0.9
36000,13.152173042297363,16.736515045166016,-0.08786243200302124,1.1842749950714972,0.4353369474411011,0.5231993794441223,0.30145198106765747,0.042641423642635345,2304000,0,0,0.41695529222488403,0.19250988960266113,0.21195121109485626,0.5688624382019043,0.9437369108200073,0.353324294090271,0.5264586210250854,,0.00034675945062190294,0.00023518399393651634,0.060983557254076004,0.07998515665531158,0.6098921298980713,0.08051623404026031,0.9
36200,13.092113494873047,16.51333999633789,-0.09204623103141785,1.196536880775885,0.43961301445961,0.5316592454910278,0.3020874857902527,0.04833533242344856,2316800,0,0,0.3932109475135803,0.19829785823822021,0.20432020723819733,0.5647096037864685,0.9411815404891968,0.37150612473487854,0.5229308009147644,,0.0003786895831581205,0.00024107855278998613,0.06464485824108124,0.07228168845176697,0.6038151383399963,0.07330900430679321,0.9
36400,13.076971054077148,16.38897132873535,-0.07973739504814148,1.174145257005109,0.4623839557170868,0.5421213507652283,0.3304925858974457,0.03569960966706276,2329600,0,0,0.4290068745613098,0.19752144813537598,0.19349141418933868,0.5868446826934814,0.9570289254188538,0.4382632374763489,0.6081411242485046,,0.00037555216113105416,0.0001446809183107689,0.060785435140132904,0.07738691568374634,0.619860827922821,0.07796691358089447,0.9
36600,13.09178352355957,17.007959365844727,-0.08201894164085388,1.1731983550775877,0.4444260895252228,0.5264450311660767,0.3011029064655304,0.049270689487457275,2342400,0,0,0.4124029874801636,0.20632410049438477,0.19864998757839203,0.5773265361785889,0.9384739398956299,0.34654003381729126,0.5090909004211426,,0.0004076831683050841,0.0002890300820581615,0.06034761294722557,0.08234119415283203,0.6140726804733276,0.08249663561582565,0.9
36800,13.124030113220215,16.33939552307129,-0.0919950008392334,1.1986433378958674,0.44488853216171265,0.536883533000946,0.3219986855983734,0.04962621256709099,2355200,0,0,0.408531129360199,0.18277746438980103,0.18987789750099182,0.5569559335708618,0.941752016544342,0.38534602522850037,0.5516960620880127,,0.0004643013817258179,0.00028236318030394614,0.05850284919142723,0.07375198602676392,0.6019204258918762,0.07465049624443054,0.9
37000,13.139253616333008,16.275814056396484,-0.08499309420585632,1.172599958240408,0.4225786626338959,0.5075717568397522,0.29275721311569214,0.050965651869773865,2368000,0,0,0.38676881790161133,0.18580496311187744,0.2126723676919937,0.5853145718574524,0.9388861656188965,0.37394845485687256,0.5402985215187073,,0.00037324242293834686,0.00020725413924083114,0.0649627074599266,0.07862576842308044,0.6196817755699158,0.0787610337138176,0.9
37200,13.090862274169922,18.21388053894043,-0.063895583152771,1.1500695057879493,0.5103311538696289,0.5742267370223999,0.376390278339386,0.03438853472471237,2380800,0,0,0.4567444920539856,0.21591752767562866,0.15498918294906616,0.535054624080658,0.9588586688041687,0.3915875256061554,0.551967442035675,,0.0003891627711709589,0.00047306163469329476,0.05392170697450638,0.08535720407962799,0.5557166337966919,0.0854930430650711,0.9
37400,13.149264335632324,16.297454833984375,-0.08539116382598877,1.171143359289884,0.41566359996795654,0.5010547637939453,0.2838107943534851,0.02628883719444275,2393600,0,0,0.40263688564300537,0.18464499711990356,0.20968346297740936,0.5800449848175049,0.9389705061912537,0.3552238941192627,0.5267300009727478,,0.00042499491246417165,0.0001504232786828652,0.06202227994799614,0.07276662439107895,0.6183063387870789,0.07362398505210876,0.9
37600,13.121644973754883,17.207124710083008,-0.09614917635917664,1.204278718543583,0.43317440152168274,0.5293235778808594,0.2975218594074249,0.04585679993033409,2406400,0,0,0.4153377413749695,0.19396156072616577,0.21597936749458313,0.5833874344825745,0.9375612139701843,0.3500678539276123,0.5004070997238159,,0.00041518366197124124,0.00024109953665174544,0.061885733157396317,0.08215945959091187,0.616244912147522,0.08305869251489639,0.9
37800,13.04743766784668,18.319774627685547,-0.08101847767829895,1.1735494333226169,0.45214924216270447,0.5331677198410034,0.323049932718277,0.0324736163020134,2419200,0,0,0.4185396432876587,0.1906244158744812,0.19826452434062958,0.5793271064758301,0.9401063323020935,0.3845319151878357,0.5362279415130615,,0.00038949388545006514,0.00036008760798722506,0.056731630116701126,0.08301617950201035,0.5993604063987732,0.08338199555873871,0.9
38000,13.065545082092285,16.55130386352539,-0.08628073334693909,1.182753067871932,0.44160279631614685,0.5278835296630859,0.31487613916397095,0.03420265391469002,2432000,0,1,0.41615521907806396,0.18613964319229126,0.18945129215717316,0.5975102186203003,0.9492764472961426,0.38751697540283203,0.5544098019599915,,0.0004678347904700786,0.00019052854622714221,0.05853361636400223,0.07166986167430878,0.6327035427093506,0.07377500832080841,0.9
38200,13.123421669006348,16.281579971313477,-0.09167885780334473,1.186542653860311,0.41685789823532104,0.5085367560386658,0.2870306670665741,0.04652051255106926,2444800,0,1,0.38307756185531616,0.18286913633346558,0.21823984384536743,0.559977650642395,0.9279789924621582,0.3373134434223175,0.4860244393348694,,0.000424885714892298,0.00023862620582804084,0.06490251421928406,0.07050289958715439,0.6013364195823669,0.07201487571001053,0.9
38400,13.100537300109863,16.121509552001953,-0.08027195930480957,1.158854779172819,0.41441142559051514,0.4946833848953247,0.27213117480278015,0.03529944270849228,2457600,0,0,0.3950727581977844,0.1963435411453247,0.22012446820735931,0.6042177677154541,0.9424304366111755,0.3926730155944824,0.5440977215766907,,0.0004208870232105255,0.00013132051390130073,0.0641040951013565,0.07376153767108917,0.6369267702102661,0.0744207575917244,0.9
38600,13.02839183807373,16.580791473388672,-0.07933804392814636,1.1729759650396796,0.46199682354927063,0.541334867477417,0.32703903317451477,0.029187308624386787,2470400,0,0,0.441542387008667,0.20075881481170654,0.18159641325473785,0.6149079203605652,0.9515028595924377,0.45997288823127747,0.6176391243934631,,0.0004907935508526862,0.0002376819320488721,0.061811018735170364,0.07666442543268204,0.6448463797569275,0.07743283361196518,0.9
38800,13.06231689453125,17.148662567138672,-0.07510709762573242,1.151750439503613,0.4299546480178833,0.5050617456436157,0.3038680851459503,0.027958348393440247,2483200,0,0,0.40636974573135376,0.1818634271621704,0.19858957827091217,0.5794102549552917,0.9383372664451599,0.3896879255771637,0.5318860411643982,,0.00042622341425158083,0.00026369199622422457,0.05868880823254585,0.07516913115978241,0.6098971962928772,0.07603629678487778,0.9
39000,13.063773155212402,17.0636043548584,-0.07380491495132446,1.1532390951940679,0.4445626735687256,0.51836758852005,0.3047933280467987,0.03749764338135719,2496000,0,0,0.42251646518707275,0.20228594541549683,0.19989113509655,0.5521266460418701,0.9366998076438904,0.38534602522850037,0.5367707014083862,,0.0004767741193063557,0.0002472357009537518,0.06134228780865669,0.07228535413742065,0.5847063660621643,0.07288707792758942,0.9
39200,13.062477111816406,16.11974334716797,-0.07839497923851013,1.1506421291419013,0.401199609041214,0.4795945882797241,0.2807309031486511,0.028775600716471672,2508800,0,0,0.38339847326278687,0.16791772842407227,0.21698440611362457,0.5774405002593994,0.9193515777587891,0.36689281463623047,0.5009498000144958,,0.0004762199241667986,0.00013237009989097714,0.0637221559882164,0.07203152775764465,0.6166597604751587,0.07237005978822708,0.9
39400,13.059224128723145,18.348054885864258,-0.08293908834457397,1.1644742860992812,0.4127930998802185,0.4957321882247925,0.2956450879573822,0.040323518216609955,2521600,0,0,0.36414259672164917,0.16773533821105957,0.21555373072624207,0.5722147226333618,0.9172350764274597,0.3310719132423401,0.47978290915489197,,0.00044815734145231545,0.00044762896141037345,0.06069016829133034,0.07903686910867691,0.605686604976654,0.07924217730760574,0.9
39600,13.05080795288086,16.154071807861328,-0.08051615953445435,1.157903208498766,0.40957552194595337,0.4900916814804077,0.28048476576805115,0.04406697675585747,2534400,0,1,0.37460601329803467,0.17954599857330322,0.21883906424045563,0.5507643222808838,0.9263908267021179,0.32293081283569336,0.48683854937553406,,0.0005041369004175067,0.0002057707024505362,0.0604434572160244,0.06993658095598221,0.6156554818153381,0.07247653603553772,0.9
39800,13.056440353393555,16.02720069885254,-0.09124240279197693,1.1777588150538714,0.39546433091163635,0.4867067337036133,0.26971036195755005,0.039595045149326324,2547200,0,0,0.37487196922302246,0.17275619506835938,0.23409877717494965,0.6015752553939819,0.9186844825744629,0.3400271534919739,0.48439621925354004,,0.0005414094193838537,0.00014505756553262472,0.06392538547515869,0.07336954772472382,0.6345561146736145,0.0737859383225441,0.9
40000,13.00742244720459,16.760046005249023,-0.07677966356277466,1.1525028198807288,0.4197564423084259,0.49653610587120056,0.2796210050582886,0.030072825029492378,2560000,0,0,0.39950549602508545,0.19576889276504517,0.21090959012508392,0.6137736439704895,0.9303194880485535,0.3641791045665741,0.512890100479126,,0.0005302131175994873,0.00016298658738378435,0.060302454978227615,0.07964923977851868,0.638205349445343,0.07922706753015518,0.9
