step,loss,loss_tau_ref,gap,gap_ratio,ff,fp,tp,cross_batch,hf_rows_consumed,synth_rows_consumed,mixup_applied,r2_random,r2_naive,u_temporal,u_batch,auc,top1,top3,cpc_aux,sigreg_e,sigreg_h,u_temporal_e,u_batch_e,u_batchtime,u_batchtime_e,ema_tau
40200,5.19063663482666,15.821160316467285,0.06197243928909302,0.9102399222195873,0.37154924869537354,0.3095768094062805,0.12269694358110428,0.0003823610895778984,2572800,0,0,0.35710930824279785,0.28346359729766846,0.45078811049461365,0.6860711574554443,0.9851250052452087,0.4184532165527344,0.6588873863220215,,0.0003037083079107106,0.0002814152103383094,0.5480559468269348,0.5898964405059814,0.7032992839813232,0.6082090735435486,0.9
40400,5.372551918029785,17.143953323364258,0.06680753827095032,0.9011579223017296,0.3909057378768921,0.3240981996059418,0.11849835515022278,0.006795570254325867,2585600,0,1,0.3717186450958252,0.3089418411254883,0.47547727823257446,0.5800785422325134,0.9861745238304138,0.39375850558280945,0.643962025642395,,0.0002932065399363637,0.0003600485506467521,0.5968156456947327,0.5094230771064758,0.7426141500473022,0.6410733461380005,0.9
40600,5.348720550537109,16.514726638793945,0.03361883759498596,0.9501175248044662,0.3596579432487488,0.3260391056537628,0.1309283971786499,0.014217829331755638,2598400,0,1,0.3423260450363159,0.26310276985168457,0.4744355082511902,0.6331130266189575,0.9782719016075134,0.35413840413093567,0.583989143371582,,0.00047366274520754814,0.0005505443550646305,0.577488124370575,0.5587555766105652,0.7162324786186218,0.6255592107772827,0.9
40800,5.360074043273926,16.575212478637695,0.010955572128295898,0.9837178302930794,0.33809855580329895,0.32714298367500305,0.10838965326547623,0.01438181009143591,2611200,0,1,0.32881367206573486,0.25748002529144287,0.47381171584129333,0.640683114528656,0.9737388491630554,0.31533244252204895,0.5354138612747192,,0.00034861036692745984,0.0004204877186566591,0.5729117393493652,0.572849690914154,0.7190656661987305,0.6420736312866211,0.9
41000,5.493862628936768,17.170949935913086,0.08934524655342102,0.868600321406492,0.4093949794769287,0.3200497329235077,0.13273389637470245,0.0032705310732126236,2624000,0,1,0.38694900274276733,0.31884992122650146,0.40389832854270935,0.5917266607284546,0.9865507483482361,0.47598373889923096,0.6925373673439026,,0.0004614494100678712,0.0004679413395933807,0.5261836051940918,0.5244911909103394,0.6921151280403137,0.6105862855911255,0.9
41200,5.467397212982178,16.342235565185547,0.0404793918132782,0.9399487505679558,0.3663986325263977,0.3259192407131195,0.12821392714977264,0.0028630541637539864,2636800,0,1,0.3429076075553894,0.27305376529693604,0.40174511075019836,0.6896695494651794,0.976503849029541,0.33459973335266113,0.5698779225349426,,0.0006982666673138738,0.0007690838538110256,0.5355293154716492,0.6029471755027771,0.6995192170143127,0.6164781451225281,0.9
41400,5.5406813621521,17.28702163696289,0.02446463704109192,0.9628867160451318,0.3652764856815338,0.3408118486404419,0.14160028100013733,0.006297918036580086,2649600,0,1,0.3502799868583679,0.2602050304412842,0.431059867143631,0.5639408826828003,0.9802064299583435,0.3731343448162079,0.604884684085846,,0.0005033565685153008,0.0004698428965639323,0.5266927480697632,0.5037151575088501,0.7087424993515015,0.6247820258140564,0.9
41600,5.63527250289917,18.452266693115234,0.07133227586746216,0.8984306341090978,0.3690311908721924,0.2976989150047302,0.13157880306243896,-0.0019215547945350409,2662400,0,0,0.3718079924583435,0.2733458876609802,0.47235962748527527,0.6756905913352966,0.9813772439956665,0.3883310854434967,0.609769344329834,,0.00034367560874670744,0.00033154728589579463,0.5510879158973694,0.592300295829773,0.6727372407913208,0.5913175940513611,0.9
41800,5.326375961303711,15.604996681213379,0.0154857337474823,0.9773133563322223,0.3328931927680969,0.3174074590206146,0.10491983592510223,0.013938520103693008,2675200,0,0,0.3197299838066101,0.2545818090438843,0.49882638454437256,0.6935449838638306,0.961745023727417,0.26811397075653076,0.46974220871925354,,0.0005194044788368046,0.0006032331148162484,0.6028412580490112,0.6255074143409729,0.7117552757263184,0.6448074579238892,0.9
42000,5.309724807739258,16.400352478027344,0.02639022469520569,0.9607253133715576,0.35445043444633484,0.32806020975112915,0.11988046020269394,0.002073973184451461,2688000,0,0,0.35692232847213745,0.2663426995277405,0.4449266493320465,0.6842005848884583,0.9770404696464539,0.3655359745025635,0.5905020833015442,,0.000456541427411139,0.00044086051639169455,0.5464863181114197,0.6108167171478271,0.7097051739692688,0.6369168162345886,0.9
42200,6.866349697113037,21.53787612915039,-0.0017103850841522217,1.0025840859012811,0.3363978862762451,0.33810827136039734,0.19619975984096527,0.00349272508174181,2700800,0,0,0.3355918526649475,0.17420309782028198,0.45044317841529846,0.4727537930011749,0.9737655520439148,0.2979647219181061,0.512347400188446,,0.0006338243838399649,0.0007105878321453929,0.5302818417549133,0.4288049042224884,0.46856266260147095,0.426293283700943,0.9
42400,5.22633171081543,15.8890962600708,0.016852110624313354,0.9740353871010016,0.3678106367588043,0.35095852613449097,0.13231952488422394,0.0064952983520925045,2713600,0,0,0.3414250612258911,0.27139973640441895,0.4531623125076294,0.6913256645202637,0.9842883944511414,0.4043419361114502,0.6477612257003784,,0.0005933287320658565,0.0006782981217838824,0.5701183676719666,0.602973222732544,0.7183789014816284,0.6316719651222229,0.9
42600,6.937009334564209,21.158323287963867,0.012647122144699097,0.9803720843063258,0.368303507566452,0.35565638542175293,0.20303112268447876,0.004630229901522398,2726400,0,0,0.3739039897918701,0.20742720365524292,0.3990621268749237,0.4664067029953003,0.9684419631958008,0.2724559009075165,0.4597015082836151,,0.0008673719712533057,0.0009116926230490208,0.5050040483474731,0.426719605922699,0.4714203178882599,0.4285295903682709,0.9
42800,5.176074504852295,15.324411392211914,0.012483477592468262,0.9806648978965952,0.36684542894363403,0.35436195135116577,0.13342663645744324,0.004238960333168507,2739200,0,0,0.3515319228172302,0.2693220376968384,0.43865200877189636,0.710477888584137,0.9817329049110413,0.39240163564682007,0.609226644039154,,0.0008179106516763568,0.00071463652420789,0.5684149265289307,0.620918869972229,0.7177397608757019,0.631403923034668,0.9
43000,5.426682472229004,16.137964248657227,0.03630867600440979,0.9450495812022847,0.37555527687072754,0.33924660086631775,0.13316066563129425,0.002042215084657073,2752000,0,0,0.36296939849853516,0.27977699041366577,0.41538235545158386,0.6825066804885864,0.9861056804656982,0.4067842662334442,0.674626886844635,,0.001028653234243393,0.0009842950385063887,0.5516401529312134,0.599614143371582,0.7136426568031311,0.6281808018684387,0.9
43200,5.29644775390625,15.735936164855957,0.013043373823165894,0.980421795010182,0.3468242883682251,0.3337809145450592,0.1165909469127655,0.004460462369024754,2764800,0,0,0.32764601707458496,0.2604715824127197,0.47377529740333557,0.6944056749343872,0.9761255979537964,0.31099051237106323,0.5497965216636658,,0.0008573476225137711,0.0009289240697398782,0.601172924041748,0.6169499754905701,0.715552806854248,0.6378833055496216,0.9
43400,5.578262805938721,17.649412155151367,-0.012994885444641113,1.0214137622843338,0.3801577389240265,0.3931526243686676,0.1720900982618332,0.008389470167458057,2777600,0,1,0.3644940257072449,0.2512804865837097,0.39855045080184937,0.5997412800788879,0.9750308990478516,0.2743555009365082,0.47598373889923096,,0.0005761997308582067,0.0007668862817808986,0.5577870607376099,0.5292816162109375,0.6925320625305176,0.6132538318634033,0.9
43600,5.277735710144043,16.49977684020996,-0.0036114156246185303,1.0059148913426275,0.3858252763748169,0.3894366919994354,0.17360368371009827,0.00630981707945466,2790400,0,0,0.3661951422691345,0.2568569779396057,0.39606016874313354,0.6899141073226929,0.98343825340271,0.3546811640262604,0.5818182229995728,,0.000659887446090579,0.000812560087069869,0.5702901482582092,0.5993683934211731,0.7179750800132751,0.627564013004303,0.9
43800,5.815495014190674,18.187942504882812,-0.0033471882343292236,1.0053205602872637,0.3675483465194702,0.37089553475379944,0.17145861685276031,0.001844028476625681,2803200,0,1,0.3598949909210205,0.23677724599838257,0.4015381634235382,0.6941406726837158,0.9832871556282043,0.3723202347755432,0.605698823928833,,0.0005812271265313029,0.0006767971208319068,0.5341557860374451,0.6058436632156372,0.6893941164016724,0.607460618019104,0.9
44000,5.4843878746032715,16.12847137451172,0.02065110206604004,0.9681643060976406,0.3719734847545624,0.35132238268852234,0.1516321301460266,0.0013904079096391797,2816000,0,0,0.3697587847709656,0.25980979204177856,0.3737223744392395,0.7132608890533447,0.9829869866371155,0.4255088269710541,0.6602442860603333,,0.0006785927107557654,0.0007391085964627564,0.49622446298599243,0.6106137037277222,0.7122435569763184,0.6142327189445496,0.9
44200,5.1649322509765625,15.907771110534668,0.03208652138710022,0.9516771298258632,0.3680837154388428,0.33599719405174255,0.12404544651508331,0.0009689158177934587,2828800,0,0,0.34574025869369507,0.27855998277664185,0.43924757838249207,0.7197942137718201,0.9866247773170471,0.42116689682006836,0.6613297462463379,,0.0004901648499071598,0.0005395503249019384,0.5614646673202515,0.6237666606903076,0.7449080944061279,0.6483436226844788,0.9
44400,5.183928489685059,16.121374130249023,0.018810003995895386,0.9704938156405651,0.3813163936138153,0.3625063896179199,0.14488689601421356,-0.0013808105140924454,2841600,0,0,0.3724997043609619,0.2764120101928711,0.42093923687934875,0.7064464688301086,0.9842780232429504,0.38236093521118164,0.6374491453170776,,0.000557304359972477,0.0005563667509704828,0.5742563605308533,0.6244878768920898,0.7314144372940063,0.6501461267471313,0.9
44600,5.272946357727051,15.817594528198242,0.020265281200408936,0.9682273942762678,0.382442831993103,0.3621775507926941,0.14010724425315857,0.0068219928070902824,2854400,0,0,0.3800000548362732,0.2817482352256775,0.41615477204322815,0.7145399451255798,0.9788311719894409,0.3411126434803009,0.575576663017273,,0.0005772754084318876,0.0007092952146194875,0.5887380838394165,0.6212294101715088,0.7310518622398376,0.640618085861206,0.9
44800,5.494655132293701,16.797073364257812,0.010821372270584106,0.9841409362615055,0.32847514748573303,0.3176537752151489,0.10605219006538391,0.008580571040511131,2867200,0,1,0.2930326461791992,0.2486739158630371,0.46761587262153625,0.607422947883606,0.9676802158355713,0.2651289105415344,0.46892809867858887,,0.0008400665246881545,0.0008957896498031914,0.5722603797912598,0.5476372241973877,0.7038199305534363,0.6337757706642151,0.9
45000,5.692374229431152,17.300813674926758,0.008861899375915527,0.9862179224388042,0.3658601939678192,0.3569982945919037,0.13429206609725952,0.01106751523911953,2880000,0,1,0.35823673009872437,0.26734280586242676,0.4288649260997772,0.5417871475219727,0.9771350622177124,0.29308006167411804,0.5316146612167358,,0.0006824553711339831,0.0009422547300346196,0.5757650136947632,0.48790493607521057,0.7094109058380127,0.6315550208091736,0.9
45200,5.147963047027588,15.785093307495117,0.013062208890914917,0.9801789038270619,0.35405683517456055,0.34099462628364563,0.12016203999519348,0.006656905170530081,2892800,0,0,0.34463244676589966,0.2658785581588745,0.4665519893169403,0.7159246802330017,0.9743370413780212,0.28141114115715027,0.512347400188446,,0.0006044522160664201,0.0006650651921518147,0.5922085642814636,0.6274394989013672,0.7383636236190796,0.6487720012664795,0.9
45400,5.074365139007568,15.67839527130127,0.018886685371398926,0.9711770416193964,0.3636213541030884,0.34473466873168945,0.12123328447341919,0.0008623952744528651,2905600,0,0,0.3568767309188843,0.27566391229629517,0.4529002010822296,0.7428574562072754,0.9839614629745483,0.38616013526916504,0.6246947050094604,,0.0006365604931488633,0.0006663624080829322,0.5969910025596619,0.6486450433731079,0.753308117389679,0.6617071032524109,0.9
45600,5.104386329650879,15.489313125610352,0.022573918104171753,0.9652549204134446,0.3728727698326111,0.35029885172843933,0.1326332837343216,0.005346477497369051,2918400,0,0,0.3722519278526306,0.27690714597702026,0.42960113286972046,0.7442998886108398,0.9849132895469666,0.3891451954841614,0.6279512047767639,,0.000505440984852612,0.0006522132316604257,0.5866653323173523,0.6442400217056274,0.759091854095459,0.6591798663139343,0.9
45800,5.495076656341553,17.160297393798828,0.03609722852706909,0.9452218089761969,0.37712642550468445,0.34102919697761536,0.14322878420352936,0.006147412583231926,2931200,0,0,0.34014761447906494,0.2728910446166992,0.4186168909072876,0.7222363948822021,0.9852638244628906,0.41411128640174866,0.6575305461883545,,0.0004881338099949062,0.0006136238807812333,0.5595820546150208,0.6286389827728271,0.7253051996231079,0.6334711313247681,0.9
46000,5.1184000968933105,15.667667388916016,0.02897694706916809,0.9559321749669029,0.3714235723018646,0.34244662523269653,0.12193288654088974,-0.0012014464009553194,2944000,0,0,0.3621569871902466,0.2840772867202759,0.4360280930995941,0.7195131778717041,0.9809033870697021,0.34274086356163025,0.5658073425292969,,0.0004943268140777946,0.0005027829320169985,0.5841983556747437,0.6347929239273071,0.7356801629066467,0.6511802077293396,0.9
46200,5.3088226318359375,16.841089248657227,0.03341937065124512,0.9488989468571705,0.37943342328071594,0.3460140526294708,0.1350346952676773,0.0036954593379050493,2956800,0,1,0.36375558376312256,0.2822377681732178,0.44194695353507996,0.6491236686706543,0.9854437112808228,0.43853461742401123,0.6602442860603333,,0.0004902512300759554,0.0005921132396906614,0.5815101861953735,0.5749459266662598,0.7448128461837769,0.6548290848731995,0.9
46400,5.074443340301514,15.625894546508789,0.05051982402801514,0.9240392851421549,0.38544151186943054,0.3349216878414154,0.12276649475097656,0.0051305294036865234,2969600,0,0,0.3549083471298218,0.2994575500488281,0.4192787706851959,0.7233066558837891,0.9848495125770569,0.4037992060184479,0.6483039855957031,,0.0006433507660403848,0.0007484140805900097,0.5651645660400391,0.6363099813461304,0.7410843372344971,0.6590028405189514,0.9
46600,4.992554664611816,14.974394798278809,0.02735111117362976,0.9594895999730917,0.3521884083747864,0.3248372972011566,0.11320283263921738,-0.0009440763387829065,2982400,0,0,0.33148127794265747,0.2693712115287781,0.473175048828125,0.7609843015670776,0.9824728965759277,0.3774762749671936,0.6127544045448303,,0.000574177538510412,0.0005470714531838894,0.606308102607727,0.6613843441009521,0.7610143423080444,0.6675004959106445,0.9
46800,5.074334144592285,15.364750862121582,0.02837851643562317,0.9562287835033273,0.38004112243652344,0.35166260600090027,0.1391570270061493,0.005403400398790836,2995200,0,0,0.3583044409751892,0.27969038486480713,0.4343684911727905,0.7347246408462524,0.9835687875747681,0.38100409507751465,0.6154681444168091,,0.0006495454581454396,0.0008075294317677617,0.6130315661430359,0.6369903087615967,0.7491586804389954,0.6551414728164673,0.9
47000,5.233567714691162,15.766681671142578,0.027276217937469482,0.9589046920748034,0.3635455071926117,0.3362692892551422,0.13333411514759064,0.004860741551965475,3008000,0,0,0.3590014576911926,0.2658095359802246,0.44205090403556824,0.6955230832099915,0.9769551753997803,0.32428765296936035,0.5598372220993042,,0.0006293636979535222,0.0006061519961804152,0.5748284459114075,0.6203711032867432,0.7168512344360352,0.6429654359817505,0.9
47200,5.249566555023193,15.793078422546387,0.023667901754379272,0.963940799494512,0.36730554699897766,0.3436376452445984,0.1365617960691452,0.0038957996293902397,3020800,0,0,0.3341047167778015,0.26732581853866577,0.42493492364883423,0.7043954730033875,0.9814841747283936,0.4000000059604645,0.6162822246551514,,0.000706207356415689,0.0008210440864786506,0.5594804883003235,0.6296376585960388,0.7169906497001648,0.6450861692428589,0.9
47400,5.302736282348633,16.485177993774414,0.056364595890045166,0.9146957297213136,0.39561694860458374,0.3392523527145386,0.1379736363887787,0.012284137308597565,3033600,0,0,0.361214816570282,0.2990867495536804,0.3684823215007782,0.711948037147522,0.9851229786872864,0.4572591781616211,0.6776119470596313,,0.0006463402532972395,0.0008708693203516304,0.5222968459129333,0.6231611967086792,0.7383086085319519,0.6477934718132019,0.9
47600,5.568968772888184,17.24466896057129,0.005983203649520874,0.990415010110495,0.38175681233406067,0.3757736086845398,0.15597887337207794,0.005017941351979971,3046400,0,1,0.3821086287498474,0.2678622603416443,0.38367968797683716,0.570489764213562,0.9775102138519287,0.2773405909538269,0.5036635398864746,,0.0006108793895691633,0.0006097319419495761,0.5489638447761536,0.5053479671478271,0.6861724257469177,0.6064240336418152,0.9
47800,5.110172748565674,15.822970390319824,0.02834951877593994,0.9570608319776396,0.3681243658065796,0.33977484703063965,0.12017161399126053,-0.0011834948090836406,3059200,0,0,0.34350407123565674,0.28189289569854736,0.4485800862312317,0.7111128568649292,0.9823270440101624,0.3595658242702484,0.5907734036445618,,0.0006055613630451262,0.0006455691182054579,0.6019801497459412,0.6391454935073853,0.7354326248168945,0.6609745025634766,0.9
48000,5.343819618225098,15.50362491607666,0.03465661406517029,0.9468633617683313,0.3824397027492523,0.34778308868408203,0.15017005801200867,0.0017981601413339376,3072000,0,0,0.36709266901016235,0.2734030485153198,0.43104252219200134,0.7572795152664185,0.9874018430709839,0.4355495274066925,0.679511547088623,,0.000620566017460078,0.0006335567450150847,0.591465175151825,0.6499985456466675,0.7664563059806824,0.6680822372436523,0.9
48200,5.497557640075684,17.8117618560791,0.015185177326202393,0.9771549279052871,0.35048264265060425,0.33529746532440186,0.14526806771755219,0.003741108113899827,3084800,0,0,0.32706308364868164,0.24015599489212036,0.4522120952606201,0.689472496509552,0.9742722511291504,0.28819540143013,0.5023066401481628,,0.0005472754128277302,0.0006226738914847374,0.58479905128479,0.6244093179702759,0.7097834944725037,0.6426725387573242,0.9
48400,5.298401355743408,16.539274215698242,0.012417197227478027,0.9813702205220534,0.34589308500289917,0.33347588777542114,0.11612071841955185,0.0006517020519822836,3097600,0,1,0.3304157257080078,0.25998663902282715,0.4775244891643524,0.6458079814910889,0.9704782366752625,0.24884667992591858,0.4691994786262512,,0.0007288242923095822,0.0007471378776244819,0.6087879538536072,0.5896141529083252,0.7217836976051331,0.6624991297721863,0.9
48600,5.651356220245361,18.97707176208496,0.02436026930809021,0.963646800578666,0.35426053404808044,0.32990026473999023,0.13253003358840942,0.010665659792721272,3110400,0,0,0.34957218170166016,0.2555539011955261,0.47799181938171387,0.6965051889419556,0.9735804796218872,0.2800542712211609,0.5028494000434875,,0.000836628838442266,0.0010325280018150806,0.6042851805686951,0.6267471313476562,0.7112804055213928,0.6421397924423218,0.9
48800,5.244884967803955,16.155120849609375,0.011278659105300903,0.982868859174815,0.3529069125652313,0.3416282534599304,0.1249849870800972,0.008746175095438957,3123200,0,1,0.3480551242828369,0.26041722297668457,0.4583836793899536,0.6901976466178894,0.9775554537773132,0.3297150731086731,0.5592944622039795,,0.00091457215603441,0.0010258553083986044,0.5941202044487,0.6202256679534912,0.7375849485397339,0.6640425324440002,0.9
49000,5.680654525756836,18.67474937438965,0.030805528163909912,0.9541815859764701,0.3584660589694977,0.32766053080558777,0.15701612830162048,0.004292611964046955,3136000,0,0,0.3450480103492737,0.2389470338821411,0.4269241690635681,0.6864660978317261,0.9794355034828186,0.33704206347465515,0.5622795224189758,,0.001074050785973668,0.0009983053896576166,0.5439262986183167,0.6214883327484131,0.7009653449058533,0.634216845035553,0.9
49200,5.562282562255859,18.007781982421875,0.019496560096740723,0.9699583312802591,0.37051263451576233,0.3510160744190216,0.14527882635593414,0.006514061242341995,3148800,0,0,0.3627816438674927,0.26336807012557983,0.45654481649398804,0.7129849791526794,0.9812888503074646,0.3831750452518463,0.6187245845794678,,0.0010980162769556046,0.0011471027974039316,0.5983180999755859,0.6261168718338013,0.7332055568695068,0.6467784643173218,0.9
49400,5.15910005569458,15.683831214904785,0.017319172620773315,0.9736922458818803,0.3589895963668823,0.341670423746109,0.13244149088859558,0.0024098302237689495,3161600,0,0,0.358848512172699,0.2610984444618225,0.4262562692165375,0.7239692807197571,0.9769232869148254,0.325101763010025,0.54572594165802,,0.0009829148184508085,0.0011578702833503485,0.5766346454620361,0.6565018892288208,0.7427480816841125,0.6773146986961365,0.9
49600,5.12465763092041,15.315492630004883,0.01899433135986328,0.9715477449271832,0.3514081835746765,0.33241385221481323,0.11506792157888412,-0.0014528566971421242,3174400,0,0,0.3465939164161682,0.2672831416130066,0.4447585642337799,0.715073823928833,0.9763928651809692,0.30583447217941284,0.5286296010017395,,0.0009534761193208396,0.0009650938445702195,0.5739735960960388,0.6470114588737488,0.7245136499404907,0.6574344635009766,0.9
49800,5.65676212310791,17.513771057128906,0.021351337432861328,0.967523864179298,0.36390435695648193,0.3425530195236206,0.13419581949710846,0.002068198984488845,3187200,0,1,0.3370448350906372,0.2650264501571655,0.4641798734664917,0.5608490705490112,0.9801622629165649,0.3462686836719513,0.5842605233192444,,0.0010366078931838274,0.0010622103000059724,0.5914393067359924,0.5028073191642761,0.748373806476593,0.661486029624939,0.9
50000,5.226118087768555,15.952020645141602,0.012660861015319824,0.9803538170137864,0.3682170510292053,0.3555561900138855,0.14416614174842834,0.00142963626421988,3200000,0,0,0.3509053587913513,0.26163774728775024,0.4479612112045288,0.736004114151001,0.9804037809371948,0.351967453956604,0.5842605233192444,,0.0008395959157496691,0.000990358297713101,0.6105982065200806,0.6563161611557007,0.7566075921058655,0.6805156469345093,0.9
50200,5.207874774932861,16.152185440063477,0.06958329677581787,0.9022226287156987,0.357932984828949,0.2883496880531311,0.09836764633655548,0.0023250430822372437,3212800,0,0,0.3521654009819031,0.2877349853515625,0.4970034658908844,0.7195210456848145,0.9780663251876831,0.3991858959197998,0.5981004238128662,,0.0009860740974545479,0.0009034925024025142,0.5820824503898621,0.6439590454101562,0.7502469420433044,0.6718375086784363,0.9
50400,5.081692218780518,15.367304801940918,0.010999798774719238,0.9834733916510028,0.34541866183280945,0.3344188630580902,0.12093815207481384,-0.00019455283472780138,3225600,0,0,0.3384776711463928,0.25520139932632446,0.46434199810028076,0.7483514547348022,0.9781084656715393,0.35875171422958374,0.5788331031799316,,0.0009140874026343226,0.0009545237990096211,0.600908637046814,0.6656696796417236,0.7619714736938477,0.682984471321106,0.9
50600,5.776626110076904,17.909738540649414,0.03863668441772461,0.941614686074996,0.37688320875167847,0.33824652433395386,0.1519198715686798,0.003121719928458333,3238400,0,0,0.3712887167930603,0.26525336503982544,0.409972608089447,0.704669713973999,0.979366660118103,0.34952512383461,0.5666214823722839,,0.000818513915874064,0.0010198100935667753,0.5478245615959167,0.6331474184989929,0.7194475531578064,0.6520171165466309,0.9
50800,5.237268447875977,16.087200164794922,0.03390049934387207,0.9488188873635953,0.3715370297431946,0.3376365303993225,0.1294812262058258,0.004715918563306332,3251200,0,0,0.3653634190559387,0.2781286835670471,0.4237454831600189,0.7266950607299805,0.9807994961738586,0.41356852650642395,0.6415197253227234,,0.0010311378864571452,0.0011935423826798797,0.5732484459877014,0.6452004313468933,0.7581201195716858,0.6752610802650452,0.9
51000,5.268489837646484,16.780332565307617,0.0320965051651001,0.9523398619494261,0.3586510121822357,0.3265545070171356,0.10597174614667892,0.005108092445880175,3264000,0,1,0.351421594619751,0.2825005054473877,0.48974084854125977,0.6548305153846741,0.9812940359115601,0.3419267535209656,0.582632303237915,,0.0008108449401333928,0.0009610641282051802,0.6328443884849548,0.5800942778587341,0.7763745784759521,0.6837626099586487,0.9
51200,5.331721782684326,16.794729232788086,0.01253315806388855,0.9807670610624305,0.3608824610710144,0.34834930300712585,0.13392026722431183,0.0018474480602890253,3276800,0,1,0.3430076241493225,0.2618638873100281,0.4760235846042633,0.5950583219528198,0.9807820916175842,0.3386702835559845,0.5959294438362122,,0.0008289787219837308,0.0008756547467783093,0.6007555723190308,0.5291640758514404,0.7553359866142273,0.667884111404419,0.9
51400,5.099366188049316,15.760662078857422,0.03228205442428589,0.9509523353704242,0.3741048574447632,0.3418228030204773,0.13113091886043549,0.002254760591313243,3289600,0,0,0.3375896215438843,0.27973514795303345,0.4443435072898865,0.7385256290435791,0.9851343035697937,0.383989155292511,0.6407055854797363,,0.0008265795186161995,0.0009725950658321381,0.5925230979919434,0.6523705720901489,0.7614883780479431,0.6761983633041382,0.9
51600,5.185604572296143,15.939031600952148,0.022706717252731323,0.965349699887437,0.36739587783813477,0.34468916058540344,0.14069217443466187,0.0049135019071400166,3302400,0,0,0.3307560086250305,0.26382869482040405,0.4438435435295105,0.7435564994812012,0.9826189279556274,0.38561737537384033,0.6198100447654724,,0.0012139808386564255,0.0012420513667166233,0.5928528308868408,0.6510001420974731,0.7694558501243591,0.6765713095664978,0.9
51800,5.769313335418701,19.151458740234375,0.037181079387664795,0.9442112940391553,0.3707185983657837,0.3335375189781189,0.14703373610973358,0.011585031636059284,3315200,0,1,0.3574122190475464,0.2621527314186096,0.4442254602909088,0.6922339200973511,0.9782503247261047,0.3180461525917053,0.5603799223899841,,0.0008472164627164602,0.0011143190786242485,0.5670658349990845,0.6039060354232788,0.7105753421783447,0.6235433220863342,0.9
52000,6.17676305770874,19.617822647094727,0.010308504104614258,0.9831527571155706,0.39842772483825684,0.3881192207336426,0.18279588222503662,0.00867633055895567,3328000,0,0,0.3750995993614197,0.2638400197029114,0.4159492254257202,0.6450725793838501,0.9717364311218262,0.25671643018722534,0.4675712585449219,,0.0007331785163842142,0.000956645468249917,0.5838770270347595,0.5881915092468262,0.6598578095436096,0.6028510332107544,0.9
52200,5.258107662200928,16.758825302124023,0.10081157088279724,0.8569176776730371,0.396241158246994,0.2954295873641968,0.09468619525432587,0.006984503008425236,3340800,0,1,0.3644757866859436,0.33314502239227295,0.4495404362678528,0.6271763443946838,0.9864993691444397,0.4691994786262512,0.6822252869606018,,0.0008423769613727927,0.0011002516839653254,0.5803359150886536,0.5640456080436707,0.7521210312843323,0.6632005572319031,0.9
52400,5.13286018371582,15.997880935668945,0.05303382873535156,0.9214297149787322,0.37804800271987915,0.3250141739845276,0.11705321073532104,-0.0013285757740959525,3353600,0,0,0.3812062740325928,0.2956705093383789,0.4366490840911865,0.7590087652206421,0.9873412251472473,0.43772050738334656,0.6814111471176147,,0.000972679874394089,0.0009280249942094088,0.5772231817245483,0.665225625038147,0.7750291228294373,0.6845864653587341,0.9
52600,7.243623733520508,20.828981399536133,0.03660881519317627,0.9454193943350874,0.36587944626808167,0.3292706310749054,0.18416380882263184,7.248306792462245e-05,3366400,0,0,0.35796141624450684,0.22267794609069824,0.42534783482551575,0.6104484796524048,0.983320951461792,0.38670286536216736,0.6176391243934631,,0.0010490779532119632,0.0011353850131854415,0.5706120729446411,0.5471185445785522,0.5978970527648926,0.5382028818130493,0.9
52800,6.837465286254883,19.35383415222168,0.021185070276260376,0.9668381719417084,0.3823460340499878,0.3611609637737274,0.1746254414319992,0.00304472167044878,3379200,0,0,0.3900061249732971,0.2514875531196594,0.43855684995651245,0.6641956567764282,0.9707239866256714,0.2862958014011383,0.4803256690502167,,0.0008030351018533111,0.000904745189473033,0.5682805180549622,0.627909243106842,0.6589080095291138,0.6234887838363647,0.9
53000,5.859042644500732,20.01950454711914,0.03264269232749939,0.9512149506402501,0.36353006958961487,0.3308873772621155,0.1628238409757614,0.0019512930884957314,3392000,0,0,0.33740562200546265,0.23966854810714722,0.44278475642204285,0.6721394062042236,0.980707049369812,0.3175033926963806,0.5541384220123291,,0.001012848224490881,0.0010232219938188791,0.5679943561553955,0.5997027158737183,0.6816842555999756,0.6075811386108398,0.9
53200,5.271730899810791,16.35862922668457,0.059133380651474,0.9158382885021463,0.3565171957015991,0.2973838150501251,0.09743156284093857,0.0013258055550977588,3404800,0,1,0.3462463617324829,0.2869029641151428,0.46973997354507446,0.7064148187637329,0.9802475571632385,0.36445048451423645,0.5867028832435608,,0.0010443382197991014,0.0009719498339109123,0.5751266479492188,0.6257978081703186,0.7599430680274963,0.6768521666526794,0.9
53400,5.263591766357422,16.011451721191406,0.0351254940032959,0.9485891296928685,0.3518946170806885,0.3167691230773926,0.10692700743675232,0.003748394316062331,3417600,0,0,0.3204653859138489,0.274170458316803,0.49073660373687744,0.7228623032569885,0.9807111620903015,0.3264586329460144,0.5563094019889832,,0.001066551310941577,0.0010353195248171687,0.6160280704498291,0.6442933082580566,0.7636085748672485,0.6812328696250916,0.9
53600,5.252432346343994,16.218406677246094,0.05875113606452942,0.9141890629851418,0.374093234539032,0.31534209847450256,0.11537071317434311,0.009587313048541546,3430400,0,1,0.35977494716644287,0.29236048460006714,0.43010032176971436,0.6918191909790039,0.9828698039054871,0.3991858959197998,0.6293080449104309,,0.0008839532965794206,0.001101538771763444,0.5598337054252625,0.6151627898216248,0.7606270909309387,0.6738625168800354,0.9
53800,5.507524490356445,17.323957443237305,0.016382306814193726,0.9749715407186955,0.36183515191078186,0.34545284509658813,0.14191636443138123,0.004132802598178387,3443200,0,1,0.3411869406700134,0.2560003995895386,0.46265560388565063,0.6146024465560913,0.9841464757919312,0.3622795343399048,0.6094979643821716,,0.0008962920401245356,0.000987272011116147,0.6039918661117554,0.5517642498016357,0.7575023174285889,0.6741335391998291,0.9
54000,5.321306228637695,16.616771697998047,0.010029345750808716,0.9846984462327002,0.35458311438560486,0.34455376863479614,0.11519384384155273,0.008432023227214813,3456000,0,1,0.303737998008728,0.27042943239212036,0.46277520060539246,0.662264347076416,0.9777497053146362,0.2754409909248352,0.4947082996368408,,0.0011817693011835217,0.0012496057897806168,0.6361648440361023,0.591333270072937,0.7584042549133301,0.6785184741020203,0.9
54200,5.13707160949707,15.734028816223145,0.018787413835525513,0.9717924462492358,0.3527454733848572,0.33395805954933167,0.11928271502256393,0.0024325046688318253,3468800,0,1,0.33631032705307007,0.26463866233825684,0.5091230273246765,0.7004059553146362,0.9825387597084045,0.3362279534339905,0.5782904028892517,,0.0009382483549416065,0.0009766388684511185,0.6309181451797485,0.6153104305267334,0.7708009481430054,0.6804706454277039,0.9
54400,5.111897945404053,15.514033317565918,0.025812238454818726,0.9616310401768459,0.35307472944259644,0.3272624909877777,0.12701676785945892,-0.000959735072683543,3481600,0,0,0.3453158140182495,0.2587222456932068,0.5012558102607727,0.7714629769325256,0.9857643246650696,0.3997286558151245,0.6469470858573914,,0.0007973156752996147,0.0008551474893465638,0.6338716149330139,0.6765472888946533,0.786155641078949,0.6956188678741455,0.9
54600,5.35588264465332,16.684167861938477,0.03591319918632507,0.9472893270474334,0.35458630323410034,0.31867310404777527,0.11907365173101425,0.008166120387613773,3494400,0,0,0.3361467123031616,0.26717478036880493,0.46550625562667847,0.732097864151001,0.9822181463241577,0.37584805488586426,0.5956581234931946,,0.0009827751200646162,0.0011753070866689086,0.6044356226921082,0.6455904245376587,0.7766515612602234,0.6843770742416382,0.9
54800,5.163400173187256,15.858104705810547,0.043765246868133545,0.9352391445533216,0.3679673969745636,0.32420215010643005,0.12614764273166656,0.0009849431226029992,3507200,0,0,0.35164201259613037,0.2764539122581482,0.4620092511177063,0.7494786977767944,0.9867234826087952,0.4450474977493286,0.678154706954956,,0.0009284404804930091,0.0010414443677291274,0.5950437188148499,0.6515243053436279,0.7711935639381409,0.6759507060050964,0.9
55000,5.2442097663879395,16.343069076538086,0.06515201926231384,0.9063841280056129,0.3692014515399933,0.30404943227767944,0.10767170041799545,0.0036618788726627827,3520000,0,0,0.34433621168136597,0.2930333614349365,0.45673292875289917,0.7392902374267578,0.9848073720932007,0.42767980694770813,0.6583446860313416,,0.0007307998603209853,0.0008313073194585741,0.5711285471916199,0.6540560722351074,0.7599578499794006,0.6742498874664307,0.9
55200,5.272433280944824,16.450849533081055,0.014391064643859863,0.9776487005452436,0.3705329895019531,0.35614192485809326,0.1374216079711914,0.006572534330189228,3532800,0,1,0.3570248484611511,0.26996201276779175,0.4451134502887726,0.6458117961883545,0.9812918901443481,0.34464043378829956,0.5831750631332397,,0.0008474297355860472,0.0009756124927662313,0.5993598699569702,0.5734284520149231,0.7422779202461243,0.654508650302887,0.9
55400,5.187936305999756,15.900710105895996,0.049620598554611206,0.9291857990092423,0.3489052355289459,0.2992846369743347,0.10192453116178513,0.0024193194694817066,3545600,0,0,0.31083494424819946,0.2747063636779785,0.5034325122833252,0.7373329401016235,0.9825130701065063,0.3782903850078583,0.603527843952179,,0.0008683247724547982,0.0008988893823698163,0.6175681352615356,0.6576811075210571,0.7698709964752197,0.6884016394615173,0.9
55600,5.276111602783203,15.81208610534668,0.03670001029968262,0.9462268966211992,0.3542024791240692,0.3175024688243866,0.1208949014544487,0.005282287951558828,3558400,0,0,0.34267669916152954,0.2652491331100464,0.47904568910598755,0.751624345779419,0.984598696231842,0.4081411361694336,0.6388059854507446,,0.0007412974955514073,0.0008546178578399122,0.5985161066055298,0.6601266264915466,0.7758272290229797,0.6841574311256409,0.9
55800,5.1939311027526855,16.14160919189453,0.08267426490783691,0.8877287444149453,0.346294641494751,0.26362037658691406,0.08755945414304733,-0.00045092933578416705,3571200,0,0,0.33601176738739014,0.2833535075187683,0.5328580141067505,0.7191622257232666,0.984398365020752,0.43527817726135254,0.6564450860023499,,0.0008114315569400787,0.000789005309343338,0.6129913926124573,0.6394551992416382,0.7749496102333069,0.6911258101463318,0.9
56000,5.180840969085693,16.056835174560547,0.07246112823486328,0.8954638631135327,0.37929290533065796,0.3068317770957947,0.1050262376666069,0.00033034116495400667,3584000,0,0,0.38523930311203003,0.30645233392715454,0.455399751663208,0.7609710097312927,0.9860203266143799,0.4255088269710541,0.6583446860313416,,0.0007017417810857296,0.0007675099186599255,0.5959889888763428,0.6740326881408691,0.7845458388328552,0.696746289730072,0.9
56200,6.0256781578063965,19.514328002929688,0.0526278018951416,0.9201467035761959,0.3935717046260834,0.3409439027309418,0.1749597042798996,0.0019635858479887247,3596800,0,0,0.37034153938293457,0.2648187279701233,0.3554394543170929,0.5942472219467163,0.9842584729194641,0.44477614760398865,0.6613297462463379,,0.0009570321417413652,0.0011747346725314856,0.4753536283969879,0.5056116580963135,0.586399495601654,0.5051408410072327,0.9
56400,5.211681842803955,16.45073127746582,0.027344226837158203,0.9572606514732177,0.38755378127098083,0.36020955443382263,0.14785002171993256,0.006894854828715324,3609600,0,1,0.37929511070251465,0.2812862992286682,0.414709210395813,0.6868659257888794,0.985460102558136,0.41031208634376526,0.6455902457237244,,0.000672958034556359,0.0008507755701430142,0.5724681615829468,0.6065254807472229,0.7696271538734436,0.6755942106246948,0.9
56600,5.272733211517334,16.084531784057617,0.03914517164230347,0.9418542681132086,0.36591997742652893,0.32677480578422546,0.11837680637836456,0.0038968860171735287,3622400,0,1,0.3610451817512512,0.280497670173645,0.48464235663414,0.6809115409851074,0.9866412281990051,0.40027138590812683,0.6531886458396912,,0.0007401858456432819,0.0008626627386547625,0.6228234171867371,0.596352219581604,0.7698937058448792,0.6695059537887573,0.9
56800,5.670899391174316,19.807655334472656,0.04750382900238037,0.9281810983791136,0.386064738035202,0.33856090903282166,0.17198090255260468,0.00289489165879786,3635200,0,0,0.37289178371429443,0.25854915380477905,0.3998066484928131,0.6870167255401611,0.9871326088905334,0.4407055675983429,0.677340567111969,,0.0007108143763616681,0.0008328178664669394,0.5388234257698059,0.5940361022949219,0.6887053847312927,0.6048908233642578,0.9
57000,5.2045087814331055,16.119770050048828,0.024677813053131104,0.9617335927897872,0.37978285551071167,0.35510504245758057,0.13841617107391357,0.0029435029719024897,3648000,0,0,0.37896448373794556,0.2798836827278137,0.4420226216316223,0.707036018371582,0.9835368990898132,0.4010854959487915,0.6366350054740906,,0.0006315342616289854,0.000823234673589468,0.6094018816947937,0.6262375116348267,0.7552950978279114,0.6750677824020386,0.9
57200,6.173605918884277,19.01429557800293,0.04455241560935974,0.9329924411088429,0.3796660006046295,0.3351135849952698,0.16739796102046967,0.0006081549800001085,3660800,0,0,0.34951525926589966,0.2548345923423767,0.4187203347682953,0.6982370615005493,0.9870380163192749,0.44667571783065796,0.6898236274719238,,0.0006622470682486892,0.0007290063076652586,0.555931806564331,0.6182290315628052,0.7131498456001282,0.6335633397102356,0.9
57400,5.3432512283325195,16.804533004760742,0.03956267237663269,0.9412273143480204,0.366415411233902,0.3268527388572693,0.12941361963748932,0.0014919628156349063,3673600,0,1,0.36021357774734497,0.27205491065979004,0.4516719877719879,0.6578934192657471,0.9833878874778748,0.38561737537384033,0.6306648850440979,,0.0007274497766047716,0.0007249430636875331,0.5763728618621826,0.5800902843475342,0.7579177618026733,0.6697811484336853,0.9
57600,5.223020553588867,15.981026649475098,0.06352308392524719,0.9094540999986533,0.3619663715362549,0.2984432876110077,0.10826230049133301,0.0009165885276161134,3686400,0,0,0.3449646234512329,0.28426259756088257,0.4850471615791321,0.7212895750999451,0.9856584668159485,0.447761207818985,0.674626886844635,,0.0007146528223529458,0.0007089930004440248,0.5844346284866333,0.6311618089675903,0.7568989396095276,0.6649807691574097,0.9
57800,5.405550956726074,16.498815536499023,0.08132350444793701,0.8854723916956315,0.37124577164649963,0.2899222671985626,0.09982184320688248,-5.525720553123392e-05,3699200,0,0,0.3636484146118164,0.30129384994506836,0.4368228018283844,0.7208633422851562,0.9871325492858887,0.47354140877723694,0.7028493881225586,,0.0007588437874801457,0.0007850681431591511,0.5370204448699951,0.6353007555007935,0.7549980878829956,0.668382465839386,0.9
58000,5.661121368408203,17.397052764892578,0.025786131620407104,0.9616019842518427,0.3542375862598419,0.3284514546394348,0.133546382188797,1.6710873751435429e-06,3712000,0,1,0.34533238410949707,0.2544361352920532,0.45055052638053894,0.5589376091957092,0.975131630897522,0.3126187324523926,0.5511533617973328,,0.0006704168044961989,0.0006957986624911427,0.5735129714012146,0.5023057460784912,0.7245689034461975,0.6505102515220642,0.9
58200,5.190640449523926,15.715730667114258,0.06841593980789185,0.9063482347765469,0.3378804326057434,0.26946449279785156,0.08125634491443634,0.0006897203275002539,3724800,0,0,0.2925264239311218,0.2791958451271057,0.4934777617454529,0.7414238452911377,0.9778185486793518,0.3883310854434967,0.6073270440101624,,0.0006925483467057347,0.0007168279262259603,0.57429438829422,0.6689354777336121,0.7514191269874573,0.6789189577102661,0.9
58400,5.853429794311523,19.3129940032959,0.02726408839225769,0.9607020536948633,0.33348512649536133,0.30622103810310364,0.1376691609621048,0.0006571310805156827,3737600,0,0,0.3264850974082947,0.2266709804534912,0.5029729604721069,0.7011192440986633,0.9764195680618286,0.3381275534629822,0.5614654421806335,,0.0007192620541900396,0.000698142102919519,0.5841240882873535,0.6244431138038635,0.7145797610282898,0.6383758783340454,0.9
58600,5.2275543212890625,16.007543563842773,0.054465293884277344,0.9225075939337066,0.3516184389591217,0.29715314507484436,0.11453361809253693,0.004367125686258078,3750400,0,0,0.3448026776313782,0.2675517797470093,0.477755069732666,0.7383859753608704,0.9798035621643066,0.4081411361694336,0.6230664849281311,,0.0006368088070303202,0.0007040803320705891,0.5647264122962952,0.6525382399559021,0.7713184952735901,0.6871034502983093,0.9
58800,5.4234700202941895,16.815868377685547,0.03949788212776184,0.9426173236384003,0.3511737287044525,0.3116758465766907,0.1256878525018692,0.0015970439417287707,3763200,0,1,0.3452252745628357,0.25773298740386963,0.4758000373840332,0.6098204851150513,0.9759909510612488,0.2797829210758209,0.5270013809204102,,0.0007924360688775778,0.0008179888827726245,0.6075485944747925,0.5480690598487854,0.7470179200172424,0.6665557026863098,0.9
59000,5.4174604415893555,16.45341682434082,0.06779271364212036,0.9070316826446984,0.3385903835296631,0.2707976698875427,0.09874088317155838,0.003616287838667631,3776000,0,0,0.33983314037323,0.26582467555999756,0.5022891759872437,0.6848880052566528,0.9676535725593567,0.3066485822200775,0.517774760723114,,0.0007447716780006886,0.0008135533425956964,0.575080156326294,0.616320013999939,0.7445756196975708,0.670623242855072,0.9
59200,5.780782222747803,20.297534942626953,0.06757792830467224,0.9030285698792546,0.37069299817085266,0.3031150698661804,0.14257948100566864,0.0017251293174922466,3788800,0,0,0.36322832107543945,0.2658316493034363,0.4736197292804718,0.6473411917686462,0.9825891852378845,0.38236093521118164,0.6219810247421265,,0.0008378836209885776,0.0008330976124852896,0.552496075630188,0.5711967945098877,0.6705465912818909,0.5947636961936951,0.9
59400,5.280611515045166,16.453346252441406,0.028773486614227295,0.9583394966105571,0.3381076455116272,0.3093341588973999,0.11006438732147217,0.0016084880335256457,3801600,0,0,0.3251088261604309,0.2561420798301697,0.5074841976165771,0.7111009955406189,0.9782555103302002,0.36065131425857544,0.5774762630462646,,0.0007134390762075782,0.0007088796701282263,0.5972116589546204,0.637690544128418,0.7687137722969055,0.68929523229599,0.9
59600,5.885167121887207,18.38638687133789,0.05785810947418213,0.9174852141223577,0.35667335987091064,0.2988152503967285,0.1182209700345993,0.0002121690777130425,3814400,0,1,0.3481737971305847,0.2700681686401367,0.4576016068458557,0.6393603086471558,0.9817842841148376,0.40407058596611023,0.6322931051254272,,0.0007755007827654481,0.0007706680335104465,0.5563178062438965,0.5789764523506165,0.7391968369483948,0.6664866209030151,0.9
59800,5.215943813323975,15.917962074279785,0.02553156018257141,0.9619644322908583,0.3542766869068146,0.32874512672424316,0.11528763920068741,0.005309675820171833,3827200,0,0,0.34037286043167114,0.2699189782142639,0.48157328367233276,0.7564548254013062,0.9782852530479431,0.36255088448524475,0.5801900029182434,,0.0006906191119924188,0.0008085430599749088,0.6061124801635742,0.6664620637893677,0.7764673829078674,0.687283456325531,0.9
60000,5.3892974853515625,16.792757034301758,0.03885820508003235,0.9416665220109095,0.3727191984653473,0.33386099338531494,0.13162608444690704,0.00444060331210494,3840000,0,1,0.3688586354255676,0.2774620056152344,0.44702282547950745,0.6833922863006592,0.9812816381454468,0.38534602522850037,0.6013568639755249,,0.0008352542645297945,0.0009052214445546269,0.5870773196220398,0.6071666479110718,0.7630234360694885,0.6742556691169739,0.9
60200,5.390323162078857,16.619476318359375,0.03921079635620117,0.9412418466506233,0.37188559770584106,0.3326748013496399,0.12389406561851501,0.001494303927756846,3852800,0,0,0.34584754705429077,0.28279435634613037,0.43120869994163513,0.7654032707214355,0.9851723313331604,0.3812754452228546,0.636363685131073,,0.0006478572031483054,0.0007468629046343267,0.5656202435493469,0.66728675365448,0.7707082033157349,0.6772521138191223,0.9
60400,5.422799110412598,15.599283218383789,0.03909614682197571,0.9405389881825313,0.3815872073173523,0.3424910604953766,0.13931259512901306,0.005617818795144558,3865600,0,0,0.37521111965179443,0.28111547231674194,0.4436333477497101,0.7185742259025574,0.9825860857963562,0.38860246539115906,0.6355495452880859,,0.0007523466483689845,0.0008880730019882321,0.5690035223960876,0.6255403161048889,0.7384068369865417,0.6474449038505554,0.9
60600,5.219834327697754,16.163166046142578,0.06375053524971008,0.9091833342602739,0.36178097128868103,0.29803043603897095,0.11028820276260376,0.005302849691361189,3878400,0,1,0.3545936346054077,0.28257590532302856,0.45883864164352417,0.7393767833709717,0.9846706390380859,0.388873815536499,0.6331071853637695,,0.0007944992976263165,0.000839899352286011,0.5766865611076355,0.6526497006416321,0.7725664973258972,0.6841344833374023,0.9
60800,5.157393455505371,15.594511985778809,0.03226003050804138,0.9508349479568085,0.3761022686958313,0.3438422381877899,0.1319296956062317,0.0036307331174612045,3891200,0,1,0.3756025433540344,0.2811456322669983,0.4132481515407562,0.7224911451339722,0.9830589294433594,0.3552238941192627,0.5981004238128662,,0.0010035361628979445,0.0009595620213076472,0.581264853477478,0.6288356184959412,0.7438941597938538,0.6518124341964722,0.9
61000,5.514324188232422,16.942062377929688,0.048578500747680664,0.9293966617760497,0.360530287027359,0.31195178627967834,0.10652422904968262,0.020337294787168503,3904000,0,1,0.3454909324645996,0.28399455547332764,0.5096807479858398,0.6143766641616821,0.9821420311927795,0.3302578032016754,0.5834464430809021,,0.0008814080501906574,0.0011602252488955855,0.6511760950088501,0.5519418716430664,0.7680550217628479,0.6827188730239868,0.9
61200,5.243842124938965,15.674844741821289,0.07523027062416077,0.8922869486281025,0.37679800391197205,0.3015677332878113,0.11104097217321396,0.010401412844657898,3916800,0,0,0.35813289880752563,0.29881608486175537,0.48918095231056213,0.7475286722183228,0.9844661951065063,0.41302579641342163,0.6550882458686829,,0.0006318043451756239,0.0008065552683547139,0.6175561547279358,0.6623848676681519,0.7738296985626221,0.6866847276687622,0.9
61400,5.057507038116455,15.594989776611328,0.05181649327278137,0.924067509910202,0.369414359331131,0.3175978660583496,0.11584413051605225,-0.0009226995171047747,3929600,0,0,0.33025527000427246,0.2866564989089966,0.4953240156173706,0.7554517984390259,0.9853501319885254,0.42062416672706604,0.6621438264846802,,0.0006683050305582583,0.0006663521053269506,0.624308705329895,0.6661984324455261,0.780197024345398,0.6893012523651123,0.9
61600,5.603479385375977,18.794139862060547,0.05092418193817139,0.9257867995921065,0.36473652720451355,0.31381234526634216,0.13878360390663147,0.004327354021370411,3942400,0,0,0.36335277557373047,0.26226574182510376,0.4759998321533203,0.7095791101455688,0.980764627456665,0.37259161472320557,0.5945726037025452,,0.0005920766852796078,0.0006961129256524146,0.583343505859375,0.6201781630516052,0.7276779413223267,0.6354408860206604,0.9
61800,6.555844306945801,19.24180793762207,0.017348438501358032,0.974235750032907,0.3439953029155731,0.3266468644142151,0.15612076222896576,0.013078667223453522,3955200,0,0,0.3160334825515747,0.22246849536895752,0.46510860323905945,0.6219258904457092,0.96495521068573,0.23012211918830872,0.413297176361084,,0.0007050989661365747,0.0008882086840458214,0.5529578924179077,0.5846320390701294,0.6284121870994568,0.5935921669006348,0.9
62000,5.855698585510254,19.857070922851562,0.06710362434387207,0.9026859026931636,0.3775465488433838,0.3104429244995117,0.15902909636497498,0.006799416616559029,3968000,0,0,0.377260684967041,0.25994163751602173,0.4419114291667938,0.6694297790527344,0.9802342653274536,0.41926732659339905,0.6268656849861145,,0.0006854659877717495,0.000809969031251967,0.553388237953186,0.5968207120895386,0.6645196676254272,0.5952448844909668,0.9
62200,5.306391716003418,16.347742080688477,0.05619367957115173,0.918684092576985,0.3651397228240967,0.30894604325294495,0.10669934004545212,0.0050821430049836636,3980800,0,1,0.3512427806854248,0.2892466187477112,0.4721161127090454,0.6994021534919739,0.9811490774154663,0.38290366530418396,0.6029850840568542,,0.000913829542696476,0.0010213702917099,0.6096104979515076,0.6263498067855835,0.7503333687782288,0.6710034608840942,0.9
62400,5.801454544067383,20.566720962524414,0.030984163284301758,0.950512484262285,0.40488356351852417,0.3738994002342224,0.2100425809621811,0.003347869496792555,3993600,0,0,0.38959938287734985,0.24690312147140503,0.3737170994281769,0.6389806270599365,0.9816147089004517,0.38344642519950867,0.5991858839988708,,0.0006676784250885248,0.000861884793266654,0.5013582110404968,0.5476269125938416,0.6275381445884705,0.5363647937774658,0.9
62600,5.247405052185059,16.75908088684082,0.02953609824180603,0.9558193288736607,0.3610062301158905,0.3314701318740845,0.11720001697540283,0.0013180933892726898,4006400,0,1,0.3292369246482849,0.27613621950149536,0.4781842529773712,0.6667782068252563,0.9824698567390442,0.3386702835559845,0.579104483127594,,0.0007259533740580082,0.0008240193710662425,0.6509127020835876,0.5879368185997009,0.786345899105072,0.6910555958747864,0.9
62800,5.462606906890869,17.076805114746094,0.026360630989074707,0.9622872760509092,0.3273755609989166,0.3010149300098419,0.11023232340812683,0.0021787872537970543,4019200,0,1,0.3294597864151001,0.2439480423927307,0.5200116634368896,0.6054647564888,0.9750452041625977,0.33568522334098816,0.5419267416000366,,0.0007865298539400101,0.0007898408221080899,0.6352915167808533,0.5521471500396729,0.7667558193206787,0.6917782425880432,0.9
63000,5.117188930511475,15.553924560546875,0.03816640377044678,0.9436883346674895,0.3603955805301666,0.32222917675971985,0.1165568009018898,0.014304309152066708,4032000,0,0,0.35819941759109497,0.27578383684158325,0.47414857149124146,0.7794236540794373,0.9795300960540771,0.3717775046825409,0.6249660849571228,,0.0006628228584304452,0.0009112122352235019,0.6042343974113464,0.6856265664100647,0.7870021462440491,0.6949220299720764,0.9
63200,5.317105770111084,16.79427719116211,0.062273651361465454,0.909580599135191,0.37355363368988037,0.3112799823284149,0.11841528117656708,-0.00041972059989348054,4044800,0,1,0.35225504636764526,0.28925108909606934,0.4761369824409485,0.653862714767456,0.9873823523521423,0.4024423360824585,0.6691994667053223,,0.0006405573803931475,0.000688376952894032,0.6145541071891785,0.5823637843132019,0.7841232419013977,0.691098690032959,0.9
63400,5.189493656158447,15.880833625793457,0.03444203734397888,0.9496943375675825,0.34978675842285156,0.3153447210788727,0.1168224886059761,0.0028494643047451973,4057600,0,0,0.3448503613471985,0.263766884803772,0.45733699202537537,0.7511041760444641,0.9804449081420898,0.32754412293434143,0.5576662421226501,,0.000726864265743643,0.0008662565378472209,0.5847687125205994,0.674675464630127,0.7618793249130249,0.6874181628227234,0.9
63600,5.101312160491943,15.967151641845703,0.06764447689056396,0.9022426665159818,0.3756812810897827,0.30803680419921875,0.1115298792719841,0.0011745109222829342,4070400,0,0,0.377144992351532,0.29728537797927856,0.4710758328437805,0.7539334893226624,0.985890805721283,0.43202173709869385,0.6713704466819763,,0.0007430803962051868,0.0007490191492252052,0.5765992403030396,0.6673089861869812,0.7752879858016968,0.6871294975280762,0.9
63800,5.511066436767578,17.823305130004883,0.024808764457702637,0.9626489386828856,0.3606036901473999,0.33579492568969727,0.1324780136346817,0.005219561513513327,4083200,0,1,0.35547715425491333,0.2627785801887512,0.4846346080303192,0.628531813621521,0.9841618537902832,0.38995930552482605,0.6352781653404236,,0.0006927563808858395,0.0008010572055354714,0.6204308867454529,0.5614233016967773,0.7751890420913696,0.6816137433052063,0.9
64000,5.2962141036987305,16.817764282226562,0.0358540415763855,0.9474112730082401,0.3540721535682678,0.3182181119918823,0.11137966066598892,0.0033862742129713297,4096000,0,1,0.329082190990448,0.27279746532440186,0.5060862898826599,0.6462926864624023,0.9825994968414307,0.3915875256061554,0.6306648850440979,,0.0007153525366447866,0.000805635645519942,0.6182310581207275,0.5774558782577515,0.7777115702629089,0.6908956170082092,0.9
64200,5.1837005615234375,15.987500190734863,0.03564709424972534,0.9485460642590235,0.34285083413124084,0.3072037398815155,0.10169333219528198,0.0009968054946511984,4108800,0,0,0.3424016833305359,0.2684330344200134,0.5248364806175232,0.7701239585876465,0.9812055826187134,0.3959294557571411,0.6217096447944641,,0.0007121427915990353,0.0007021866622380912,0.6232366561889648,0.6812973022460938,0.790766716003418,0.7009024024009705,0.9
64400,5.7651896476745605,18.740665435791016,0.021152913570404053,0.9674155428871327,0.37198102474212646,0.3508281111717224,0.16506214439868927,0.004067040979862213,4121600,0,0,0.35421550273895264,0.24767518043518066,0.4357365071773529,0.6621865630149841,0.9824904799461365,0.36010855436325073,0.5983718037605286,,0.0008044670103117824,0.0009049258660525084,0.5880135893821716,0.5872816443443298,0.6941156983375549,0.618648111820221,0.9
64600,5.538527965545654,17.767047882080078,0.03989684581756592,0.9400588362929535,0.37429672479629517,0.33439987897872925,0.13764679431915283,0.0014794451417401433,4134400,0,0,0.34662169218063354,0.27436983585357666,0.47082164883613586,0.7254394292831421,0.9835348129272461,0.37720489501953125,0.6130257844924927,,0.0007316031842492521,0.000764770433306694,0.5959768295288086,0.6329289674758911,0.7489203810691833,0.6573023796081543,0.9
64800,5.483453273773193,20.733245849609375,0.015979230403900146,0.9762955442613757,0.3418768346309662,0.32589760422706604,0.15537439286708832,0.001971360994502902,4147200,0,0,0.3078584671020508,0.22056466341018677,0.5045602917671204,0.674289345741272,0.9777209758758545,0.3310719132423401,0.5413839817047119,,0.0007534666219726205,0.0007309185457415879,0.6203622221946716,0.5996797680854797,0.681752622127533,0.6068611741065979,0.9
65000,5.1914167404174805,16.52977752685547,0.0902843177318573,0.872842331852057,0.38026565313339233,0.28998133540153503,0.0982254296541214,0.0059016672894358635,4160000,0,1,0.37691760063171387,0.3125697374343872,0.478218138217926,0.6663576364517212,0.9845298528671265,0.417096346616745,0.6521031260490417,,0.0006520117749460042,0.0007343146717175841,0.618678629398346,0.5974376201629639,0.7762728929519653,0.6908292770385742,0.9
65200,5.403114318847656,17.009641647338867,0.010005533695220947,0.9845820758882596,0.36105087399482727,0.3510453402996063,0.13212649524211884,0.00384534546174109,4172800,0,1,0.3446677327156067,0.26368361711502075,0.44184646010398865,0.6219992637634277,0.9839305877685547,0.3435549736022949,0.5934871435165405,,0.0009126997319981456,0.0010297729168087244,0.5982718467712402,0.5531299710273743,0.7625812888145447,0.6760008335113525,0.9
65400,5.091748237609863,15.970447540283203,0.018419623374938965,0.9723001807797961,0.35344693064689636,0.3350273072719574,0.11063280701637268,0.00976171251386404,4185600,0,0,0.3532314896583557,0.27291834354400635,0.4888744056224823,0.7453989386558533,0.9824339747428894,0.3679783046245575,0.5983718037605286,,0.000642667873762548,0.0008523495635017753,0.6289181709289551,0.657611072063446,0.7830362915992737,0.6915666460990906,0.9
65600,5.073269367218018,15.788695335388184,0.03598448634147644,0.946911353133314,0.3581656217575073,0.3221811354160309,0.11446699500083923,-0.0014216473791748285,4198400,0,0,0.355907678604126,0.27512818574905396,0.49736979603767395,0.752917468547821,0.9812805652618408,0.33568522334098816,0.580461323261261,,0.0006924706976860762,0.0006256228662095964,0.6280330419540405,0.6671401262283325,0.7834546566009521,0.6944524645805359,0.9
65800,5.126640319824219,16.050134658813477,0.01623108983039856,0.9750470858111763,0.3657623827457428,0.34953129291534424,0.13376225531101227,0.002395591465756297,4211200,0,0,0.36685943603515625,0.267585813999176,0.46655169129371643,0.7340953350067139,0.982729971408844,0.32998645305633545,0.5810040831565857,,0.0006553499260917306,0.0006955212447792292,0.6124963760375977,0.6535295248031616,0.7717927098274231,0.6889528632164001,0.9
66000,5.192313194274902,16.343843460083008,0.04526880383491516,0.9345978579607851,0.35310792922973633,0.30783912539482117,0.09796100109815598,0.003222416853532195,4224000,0,0,0.3366689085960388,0.282778799533844,0.47704553604125977,0.7670913934707642,0.9832049012184143,0.3769335150718689,0.6206241846084595,,0.0006944925989955664,0.0007456794264726341,0.6018372774124146,0.6720981001853943,0.7924254536628723,0.6964895129203796,0.9
66200,5.118714332580566,15.676311492919922,0.018839746713638306,0.9716375158983389,0.35459092259407043,0.33575117588043213,0.12701819837093353,0.004167797043919563,4236800,0,1,0.3408311605453491,0.26063138246536255,0.47238555550575256,0.7598618268966675,0.9823598861694336,0.36580735445022583,0.6157395243644714,,0.0006711089517921209,0.0007272028597071767,0.6032861471176147,0.6709956526756287,0.7783204913139343,0.6910908818244934,0.9
66400,5.338446140289307,15.676554679870605,0.028582334518432617,0.9564832736768962,0.3717697262763977,0.3431873917579651,0.13839936256408691,0.005643454845994711,4249600,0,0,0.36473727226257324,0.2706340551376343,0.44977328181266785,0.7756242752075195,0.9865517616271973,0.4018996059894562,0.6632293462753296,,0.0007011423585936427,0.0007878587348386645,0.5784175395965576,0.6678529381752014,0.7767804861068726,0.676040530204773,0.9
66600,6.314107894897461,20.357053756713867,0.023942530155181885,0.9620368770284825,0.39326390624046326,0.36932137608528137,0.1817813366651535,0.004017387982457876,4262400,0,0,0.3665659427642822,0.2584543228149414,0.4215856194496155,0.6339758634567261,0.9774289727210999,0.32862958312034607,0.5364993214607239,,0.0007245845627039671,0.0007917187176644802,0.5597805976867676,0.5645530223846436,0.6579971313476562,0.5859718918800354,0.9
66800,5.287306308746338,16.956586837768555,0.0283033549785614,0.9571106439375926,0.36838775873184204,0.34008440375328064,0.12159623950719833,0.004888499621301889,4275200,0,1,0.36194658279418945,0.2807880640029907,0.45143336057662964,0.6536293029785156,0.9820895791053772,0.3763907849788666,0.6073270440101624,,0.0006859233835712075,0.0007813639240339398,0.591576874256134,0.5834177732467651,0.7800087332725525,0.6947292685508728,0.9
67000,5.013914585113525,15.292102813720703,0.06143370270729065,0.9122649831401342,0.3612149655818939,0.29978126287460327,0.09691852331161499,0.0018338739173486829,4288000,0,0,0.3520469069480896,0.29269206523895264,0.49086442589759827,0.7758443355560303,0.9860923290252686,0.4255088269710541,0.672455906867981,,0.0006412802613340318,0.0007484714151360095,0.6232159733772278,0.6729315519332886,0.8020989298820496,0.7037091851234436,0.9
67200,5.272130012512207,16.16152572631836,0.03758540749549866,0.9442705257123051,0.3631593883037567,0.32557398080825806,0.11761481314897537,-0.0002727507962845266,4300800,0,0,0.3497426509857178,0.2782289981842041,0.47365835309028625,0.7239165306091309,0.9834854602813721,0.4010854959487915,0.6312076449394226,,0.0006836475804448128,0.0007296976400539279,0.6153115034103394,0.6356486082077026,0.7752957940101624,0.6846223473548889,0.9
67400,5.152576923370361,16.102062225341797,0.04510226845741272,0.9348812574899434,0.3524864912033081,0.3073842227458954,0.1164943128824234,0.0014279764145612717,4313600,0,1,0.35010427236557007,0.26682722568511963,0.4784160852432251,0.7238613367080688,0.9831442832946777,0.37476256489753723,0.6274084448814392,,0.0006720154196955264,0.0007230297778733075,0.6018206477165222,0.6336007118225098,0.7786018252372742,0.6864797472953796,0.9
67600,5.103635787963867,15.404993057250977,0.023119032382965088,0.9660409590826796,0.342327356338501,0.3192083239555359,0.11829663068056107,-0.0016903216019272804,4326400,0,0,0.32554149627685547,0.2540462613105774,0.5073729157447815,0.7447086572647095,0.980705976486206,0.35305294394493103,0.5869742631912231,,0.0006574832368642092,0.000710786203853786,0.6291863918304443,0.6631578207015991,0.7645083069801331,0.684167206287384,0.9
67800,5.407509803771973,16.967838287353516,0.032451897859573364,0.953012719215975,0.3417990803718567,0.3093471825122833,0.10827656090259552,0.003403308102861047,4339200,0,1,0.2838732600212097,0.2616393566131592,0.48462677001953125,0.6114683151245117,0.9724456667900085,0.28412485122680664,0.506648600101471,,0.0007973880274221301,0.00081804976798594,0.5998538136482239,0.550729513168335,0.7512350678443909,0.6755514144897461,0.9
68000,5.5494303703308105,17.328577041625977,0.019238293170928955,0.9721013902888567,0.3296593725681305,0.31042107939720154,0.10422880202531815,-0.0005084762233309448,4352000,0,1,0.32528257369995117,0.2514054775238037,0.5046706795692444,0.5684157609939575,0.9673472046852112,0.26187247037887573,0.46268659830093384,,0.0009554949356243014,0.0009034475078806281,0.6196198463439941,0.5305746793746948,0.7277472615242004,0.6767451763153076,0.9
68200,5.363773345947266,16.42018699645996,0.028417766094207764,0.9580825098568801,0.35047245025634766,0.3220546841621399,0.12276380509138107,0.002739993156865239,4364800,0,0,0.3472837209701538,0.25963449478149414,0.4559025466442108,0.757971465587616,0.9776089191436768,0.34464043378829956,0.5552238821983337,,0.0009561767219565809,0.0010569518199190497,0.572381854057312,0.6714868545532227,0.7499526143074036,0.6697239875793457,0.9
68400,5.562894344329834,19.807510375976562,0.036809176206588745,0.9423083857664831,0.39877578616142273,0.361966609954834,0.17767362296581268,0.0031557795591652393,4377600,0,0,0.3674948215484619,0.2689363956451416,0.3944450914859772,0.6829938292503357,0.9775554537773132,0.3272727429866791,0.5362279415130615,,0.000988984596915543,0.0010627761948853731,0.5586819648742676,0.5929322242736816,0.677584707736969,0.5913575887680054,0.9
68600,5.162996768951416,15.86574649810791,0.02398151159286499,0.9628446899488498,0.37854182720184326,0.35456031560897827,0.1433555632829666,0.005519840866327286,4390400,0,0,0.3680225610733032,0.27474313974380493,0.42523202300071716,0.7474446296691895,0.9834885597229004,0.37964722514152527,0.6265943050384521,,0.0009818049147725105,0.0011305778753012419,0.5887618660926819,0.6502769589424133,0.7754008769989014,0.6848313808441162,0.9
68800,5.208485126495361,16.19803237915039,0.04684722423553467,0.9323959096035722,0.35388287901878357,0.3070356547832489,0.11036944389343262,-0.0009580500773154199,4403200,0,0,0.35907483100891113,0.2735635042190552,0.4597119390964508,0.7197320461273193,0.9799402356147766,0.353324294090271,0.6065129041671753,,0.0008840204682201147,0.0008966540335677564,0.5656805634498596,0.6555192470550537,0.7421588897705078,0.6761080026626587,0.9
69000,5.133868217468262,15.801901817321777,0.027072936296463013,0.9593465278024225,0.36112892627716064,0.33405598998069763,0.11819493025541306,0.001781306229531765,4416000,0,0,0.3544209599494934,0.275570273399353,0.4678398668766022,0.7618405222892761,0.9842307567596436,0.36499321460723877,0.6165536046028137,,0.000978398835286498,0.0010490542044863105,0.6002652049064636,0.6601685881614685,0.7795635461807251,0.683376669883728,0.9
69200,5.473779201507568,17.38646697998047,0.0453931987285614,0.9319229674544566,0.3786015212535858,0.3332083225250244,0.14171791076660156,-0.00038148812018334866,4428800,0,1,0.3596116900444031,0.276012659072876,0.42863717675209045,0.6031812429428101,0.9869824647903442,0.42442336678504944,0.6637720465660095,,0.0010470530251041055,0.0010906297247856855,0.5624312162399292,0.5354232788085938,0.7623826265335083,0.671707808971405,0.9
69400,5.0307159423828125,15.283771514892578,0.043948620557785034,0.9352827305458178,0.3648621737957001,0.32091355323791504,0.11477605253458023,0.002644342603161931,4441600,0,0,0.3651626706123352,0.2824859023094177,0.4857126474380493,0.7591327428817749,0.9836097955703735,0.3411126434803009,0.6013568639755249,,0.0008590327342972159,0.0009989062091335654,0.6393154263496399,0.6701148748397827,0.777811586856842,0.692389190196991,0.9
69600,5.381694793701172,17.03976821899414,0.04916146397590637,0.9284627730476883,0.36194634437561035,0.312784880399704,0.11736417561769485,0.0017354130977764726,4454400,0,1,0.3341118097305298,0.2769574522972107,0.48464179039001465,0.6293613910675049,0.9832809567451477,0.34735414385795593,0.5921303033828735,,0.0008676396682858467,0.0008847161661833525,0.6191987991333008,0.5573314428329468,0.778752863407135,0.6853213310241699,0.9
69800,5.142777919769287,15.918702125549316,0.028698891401290894,0.957226600255279,0.35774704813957214,0.32904815673828125,0.12017524987459183,0.0025071310810744762,4467200,0,0,0.35611772537231445,0.2698485851287842,0.478059321641922,0.7575697898864746,0.9850356578826904,0.3929443955421448,0.6303935050964355,,0.0008512412314303219,0.0009610972483642399,0.6038309931755066,0.6604121327400208,0.7846671938896179,0.6864582300186157,0.9
70000,5.083034992218018,15.142751693725586,0.013399213552474976,0.9799257525694062,0.3459164798259735,0.33251726627349854,0.11846856027841568,0.0021698179189115763,4480000,0,0,0.3096626400947571,0.2576029896736145,0.49408286809921265,0.7550613880157471,0.9819015264511108,0.3283582329750061,0.5831750631332397,,0.0009096646681427956,0.0009451876394450665,0.6112816333770752,0.6662853956222534,0.7671221494674683,0.6809618473052979,0.9
70200,5.071803092956543,16.00042724609375,0.0843341052532196,0.881939176323677,0.3700065016746521,0.2856723964214325,0.09487111866474152,-0.00047131074825301766,4492800,0,0,0.3578020930290222,0.3038750886917114,0.4815281927585602,0.7431628704071045,0.9841700792312622,0.41981005668640137,0.6474898457527161,,0.0006976420409046113,0.0007508193957619369,0.5918735265731812,0.648086428642273,0.7868783473968506,0.6921716928482056,0.9
70400,5.246516227722168,15.905462265014648,0.03132393956184387,0.9522233918497618,0.3756905496120453,0.3443666100502014,0.13540847599506378,-0.003064743708819151,4505600,0,0,0.34338438510894775,0.2777225375175476,0.43481168150901794,0.7654651999473572,0.9857510328292847,0.4214382767677307,0.6716418266296387,,0.0007177761290222406,0.0008364813402295113,0.5840277671813965,0.6719890832901001,0.7810664772987366,0.6908427476882935,0.9
70600,5.37413215637207,16.67990493774414,0.0970788300037384,0.8655294982027392,0.3751448094844818,0.2780659794807434,0.10374409705400467,0.0017193988896906376,4518400,0,0,0.3724822402000427,0.30289673805236816,0.4176005423069,0.7392596006393433,0.9872702956199646,0.46268659830093384,0.6957938075065613,,0.0006512334803119302,0.000749884347897023,0.5104739665985107,0.6573938131332397,0.7591911554336548,0.6733012199401855,0.9
70800,5.146331310272217,15.721512794494629,0.032432109117507935,0.9514130405664842,0.36492565274238586,0.33249354362487793,0.12292276322841644,0.00029038634966127574,4531200,0,0,0.3542715311050415,0.27580904960632324,0.45542389154434204,0.7541372776031494,0.9863442182540894,0.4048846960067749,0.6515604257583618,,0.000709493993781507,0.0007512270240113139,0.5849694609642029,0.6651493310928345,0.7711735963821411,0.6857869029045105,0.9
71000,5.279294967651367,16.39824104309082,0.06745707988739014,0.9037245608909346,0.36678948998451233,0.2993324100971222,0.11749865114688873,0.0006247041746973991,4544000,0,0,0.3420863151550293,0.28231924772262573,0.45113813877105713,0.756985068321228,0.9851106405258179,0.4233378767967224,0.6702849864959717,,0.0006450964137911797,0.0007176777580752969,0.5490071177482605,0.6653525233268738,0.7619360685348511,0.6745460033416748,0.9
71200,5.703872203826904,17.817190170288086,0.07858005166053772,0.8870228825121685,0.38304051756858826,0.30446046590805054,0.1296314150094986,0.005119002424180508,4556800,0,0,0.3782084584236145,0.2910115718841553,0.4376097619533539,0.7021957635879517,0.9865220189094543,0.4567164480686188,0.6873813271522522,,0.0007838270394131541,0.0009333023917861283,0.5323563814163208,0.6185096502304077,0.7321982979774475,0.6423625349998474,0.9
71400,5.348775386810303,16.94073486328125,0.01619526743888855,0.9756656793936255,0.35066333413124084,0.3344680666923523,0.1305686980485916,0.00308984168805182,4569600,0,1,0.3148573040962219,0.2531530261039734,0.48414668440818787,0.6574720144271851,0.9812538623809814,0.3359566032886505,0.5769335627555847,,0.000714712543413043,0.0008253747364506125,0.6212435364723206,0.580896258354187,0.7824580073356628,0.6852638125419617,0.9
71600,5.319188117980957,16.43224334716797,0.04126083850860596,0.9403463664851371,0.3495873212814331,0.30832648277282715,0.10696367919445038,0.002110713627189398,4582400,0,1,0.3429257273674011,0.27162057161331177,0.47813811898231506,0.7030206322669983,0.9793501496315002,0.3704206347465515,0.5902307033538818,,0.0008648132788948715,0.0008926057489588857,0.5978098511695862,0.6308038234710693,0.7532416582107544,0.6795340776443481,0.9
71800,5.864192962646484,17.28337287902832,0.020850151777267456,0.9701116853157749,0.323248028755188,0.30239787697792053,0.10236973315477371,0.0021829712204635143,4595200,0,1,0.32166606187820435,0.24587947130203247,0.5419012904167175,0.5920981168746948,0.9697946310043335,0.26187247037887573,0.49769335985183716,,0.0008623975445516407,0.0008647277718409896,0.638696551322937,0.5383538603782654,0.7548715472221375,0.6778246164321899,0.9
72000,5.239523410797119,15.824525833129883,0.04048207402229309,0.9403417721346645,0.36191558837890625,0.32143351435661316,0.13064749538898468,0.010631976649165154,4608000,0,0,0.3367534875869751,0.2660454511642456,0.4429462254047394,0.7293789982795715,0.9753721952438354,0.3259158730506897,0.54572594165802,,0.0010072756558656693,0.0011971049243584275,0.5835037231445312,0.641934335231781,0.7535938024520874,0.6677876114845276,0.9
72200,5.400941371917725,15.705926895141602,0.004371374845504761,0.9933555760881191,0.3464701175689697,0.34209874272346497,0.12948672473430634,0.0035783855710178614,4620800,0,0,0.3414221405982971,0.24934494495391846,0.4627566635608673,0.7470188140869141,0.978447675704956,0.355766624212265,0.5991858839988708,,0.0012154674623161554,0.0011751411948353052,0.5947844982147217,0.657773494720459,0.7625901103019714,0.6747286915779114,0.9
72400,5.61908483505249,17.107383728027344,-0.0042257606983184814,1.0065399194157285,0.34962549805641174,0.3538512587547302,0.15513725578784943,0.005976846441626549,4633600,0,0,0.3382715582847595,0.2301117181777954,0.4258098006248474,0.7141337990760803,0.9727344512939453,0.34029853343963623,0.5527815818786621,,0.0009209932177327573,0.0010746489278972149,0.5457861423492432,0.6340454816818237,0.7200684547424316,0.6398736834526062,0.9
72600,5.182297706604004,15.945180892944336,0.0011361241340637207,0.9982662146023552,0.34585079550743103,0.3447146713733673,0.12152262777090073,-0.0020412420853972435,4646400,0,0,0.33066946268081665,0.25517529249191284,0.4722862243652344,0.7220398187637329,0.9702007174491882,0.32673001289367676,0.5305292010307312,,0.0008202641038224101,0.0008569483179599047,0.5998910665512085,0.6585936546325684,0.750471830368042,0.6861872673034668,0.9
72800,6.604283809661865,19.122451782226562,0.017970770597457886,0.9728945138135271,0.35497692227363586,0.337006151676178,0.15221843123435974,0.012672251090407372,4659200,0,0,0.3287624716758728,0.23906630277633667,0.478167861700058,0.6772979497909546,0.9600675106048584,0.2762551009654999,0.4681139886379242,,0.0008022226393222809,0.0010373368859291077,0.6056166291236877,0.588779091835022,0.6997358202934265,0.6044192910194397,0.9
73000,6.167056083679199,20.49920082092285,-0.008806347846984863,1.0133673320611631,0.3323974311351776,0.3412037789821625,0.1788608282804489,0.002436375943943858,4672000,0,0,0.32543468475341797,0.18672215938568115,0.45308494567871094,0.6368880271911621,0.9668095707893372,0.24694709479808807,0.4417910575866699,,0.0013461057096719742,0.0013453108258545399,0.5683618783950806,0.5745962262153625,0.623335063457489,0.5667026042938232,0.9
73200,5.951184272766113,19.499156951904297,0.0048393309116363525,0.9926858344250312,0.3432011902332306,0.33836185932159424,0.16809521615505219,0.003481784602627158,4684800,0,0,0.306393027305603,0.2102566361427307,0.42632678151130676,0.6760797500610352,0.977075457572937,0.3362279534339905,0.5481682419776917,,0.0012647691182792187,0.0013540389481931925,0.5184001326560974,0.6008317470550537,0.6691490411758423,0.5968640446662903,0.9
73400,5.138603687286377,15.943920135498047,0.015176147222518921,0.9776028913785072,0.3375821113586426,0.32240596413612366,0.11140788346529007,0.0025028858799487352,4697600,0,1,0.32557564973831177,0.2544402480125427,0.5182371735572815,0.7559110522270203,0.9766138792037964,0.31668928265571594,0.5563094019889832,,0.0007460221531800926,0.0008050024043768644,0.6408772468566895,0.6688729524612427,0.785912811756134,0.6992720365524292,0.9
73600,5.090045928955078,15.910393714904785,0.028806447982788086,0.956593740458694,0.36515912413597107,0.336352676153183,0.12062780559062958,-0.0009245084365829825,4710400,0,0,0.36786019802093506,0.2780033349990845,0.4738081693649292,0.745161771774292,0.9835913181304932,0.34843963384628296,0.5981004238128662,,0.0006907968781888485,0.0007328919600695372,0.6428454518318176,0.6611807346343994,0.7785089015960693,0.6914452910423279,0.9
73800,7.374653339385986,19.932071685791016,0.026601552963256836,0.9599293776604979,0.3627348244190216,0.33613327145576477,0.19128498435020447,0.01973116397857666,4723200,0,0,0.3457784056663513,0.21171718835830688,0.41340747475624084,0.5755857229232788,0.9600356221199036,0.32374492287635803,0.49389418959617615,,0.0007568856235593557,0.0011480944231152534,0.5157792568206787,0.4881940484046936,0.5789549350738525,0.48664847016334534,0.9
74000,5.301207065582275,16.73545265197754,0.02982252836227417,0.9546150649730446,0.3727205991744995,0.34289807081222534,0.1565522998571396,-0.0012901935260742903,4736000,0,0,0.35640180110931396,0.25627100467681885,0.42653125524520874,0.7637261748313904,0.9804130792617798,0.3972862958908081,0.6160109043121338,,0.0010125117842108011,0.0009973231935873628,0.5712929368019104,0.6698343753814697,0.7739989161491394,0.6784473657608032,0.9
74200,5.534156799316406,20.206066131591797,0.022444307804107666,0.9655809133219954,0.3703553080558777,0.34791100025177,0.16821961104869843,0.001175495213828981,4748800,0,0,0.3624141812324524,0.24294883012771606,0.4517895579338074,0.6983238458633423,0.9783880710601807,0.3487110137939453,0.5766621828079224,,0.0007851874688640237,0.000903368229046464,0.5937641263008118,0.6131731271743774,0.6968343257904053,0.6157623529434204,0.9
74400,6.039050579071045,18.89090919494629,0.016525715589523315,0.9747457247796774,0.36215272545814514,0.3456270098686218,0.15128381550312042,0.007922768592834473,4761600,0,0,0.3624879717826843,0.24852854013442993,0.4649127423763275,0.6732493042945862,0.9688428640365601,0.30909091234207153,0.4960651397705078,,0.001009252853691578,0.001100761815905571,0.569983959197998,0.5888201594352722,0.6978479027748108,0.6093578338623047,0.9
74600,5.782530307769775,17.36273956298828,0.001220703125,0.9980728349811315,0.36780160665512085,0.36658090353012085,0.16964292526245117,0.004851233679801226,4774400,0,0,0.3676295876502991,0.23866254091262817,0.4209398329257965,0.6778326630592346,0.9764195680618286,0.35033923387527466,0.5622795224189758,,0.0010457499884068966,0.0010947813279926777,0.5436329245567322,0.5923833847045898,0.6945045590400696,0.6068375706672668,0.9
74800,5.092778205871582,15.857762336730957,0.010544270277023315,0.9832853296048419,0.379705011844635,0.3691607415676117,0.1416383683681488,0.0037065071519464254,4787200,0,0,0.35268253087997437,0.27746760845184326,0.4328525960445404,0.744948148727417,0.9834598302841187,0.43772050738334656,0.6629579663276672,,0.0009398317197337747,0.0011096156667917967,0.5856418609619141,0.6554372906684875,0.774183988571167,0.6843209862709045,0.9
75000,5.017617702484131,15.729938507080078,0.03193497657775879,0.9514548856075669,0.37409377098083496,0.34215879440307617,0.12384352833032608,-0.0031914960127323866,4800000,0,0,0.3634028434753418,0.2855914831161499,0.470020055770874,0.7596228122711182,0.9864561557769775,0.447761207818985,0.6936228275299072,,0.0008521856507286429,0.0008867676369845867,0.6268694996833801,0.6703046560287476,0.7847561836242676,0.6932392120361328,0.9
75200,5.497744083404541,17.40224266052246,0.01882791519165039,0.9713091581715719,0.3625935912132263,0.3437656760215759,0.12375359982252121,0.0028541767969727516,4812800,0,1,0.32271742820739746,0.27260392904281616,0.47050657868385315,0.5851002931594849,0.9839809536933899,0.36200815439224243,0.6184532046318054,,0.0009304325212724507,0.001018683658912778,0.6221198439598083,0.529079794883728,0.7751361131668091,0.6921527981758118,0.9
75400,7.033389091491699,20.9040584564209,0.03652685880661011,0.9462044406646706,0.35753291845321655,0.32100605964660645,0.15547306835651398,0.002696781884878874,4825600,0,0,0.32929593324661255,0.23939234018325806,0.45807579159736633,0.6739721298217773,0.9815139770507812,0.4062415361404419,0.611126184463501,,0.0009920879965648055,0.0011318534379824996,0.5770180225372314,0.6049188375473022,0.6558429598808289,0.5929515361785889,0.9
75600,5.212936878204346,16.289583206176758,0.026246577501296997,0.9615021727698455,0.3444788157939911,0.3182322382926941,0.11099282652139664,0.003696207422763109,4838400,0,0,0.3311447501182556,0.26267868280410767,0.4989384114742279,0.7137457728385925,0.9780375957489014,0.3910447955131531,0.6184532046318054,,0.0012243046658113599,0.0012115718564018607,0.6208948493003845,0.635462760925293,0.7679692506790161,0.6846427321434021,0.9
75800,5.163680076599121,16.025075912475586,0.025083154439926147,0.9616711321008453,0.37066376209259033,0.3455806076526642,0.12810514867305756,-0.0016835153801366687,4851200,0,0,0.35698091983795166,0.27812284231185913,0.46404704451560974,0.7149513363838196,0.9828359484672546,0.4048846960067749,0.6423338055610657,,0.0010197905357927084,0.0011103706201538444,0.6094847321510315,0.6353299617767334,0.751181960105896,0.6708217263221741,0.9
76000,5.0796709060668945,15.712706565856934,0.030055463314056396,0.9545601513631314,0.3686214089393616,0.3385659456253052,0.12714728713035583,0.0006520160241052508,4864000,0,1,0.34675484895706177,0.276706337928772,0.4499702751636505,0.7599331140518188,0.9844096302986145,0.38480326533317566,0.6303935050964355,,0.0008916161023080349,0.0009916556300595403,0.6073229312896729,0.6701893210411072,0.7809524536132812,0.6926719546318054,0.9
76200,5.278950214385986,16.62289047241211,0.03463548421859741,0.9469614777551087,0.3816104233264923,0.3469749391078949,0.13244687020778656,-0.0003773177450057119,4876800,0,1,0.3730661869049072,0.28730249404907227,0.44403553009033203,0.6579482555389404,0.9857038259506226,0.41085484623908997,0.6651289463043213,,0.0010259856935590506,0.0011374643072485924,0.6227867603302002,0.5854808688163757,0.7712822556495667,0.6828374266624451,0.9
76400,5.079859256744385,15.913272857666016,0.04062238335609436,0.9399470667878128,0.36417943239212036,0.323557049036026,0.11385276168584824,0.002283840673044324,4889600,0,1,0.34456634521484375,0.28240418434143066,0.4820868968963623,0.6951274871826172,0.984032392501831,0.45508819818496704,0.6843962073326111,,0.0008825078257359564,0.0010099541395902634,0.6203060746192932,0.6127646565437317,0.7852881550788879,0.6928330659866333,0.9
76600,5.692594051361084,21.042552947998047,0.07766979932785034,0.887181427419011,0.38922110199928284,0.3115513026714325,0.1663372665643692,-0.00015506733325310051,4902400,0,0,0.3842840790748596,0.26748406887054443,0.40525731444358826,0.6493914127349854,0.9878829717636108,0.505291759967804,0.7134328484535217,,0.0012370739132165909,0.0013485902454704046,0.5299744009971619,0.5752774477005005,0.6622859835624695,0.5863034725189209,0.9
76800,5.316729545593262,16.104034423828125,0.06070694327354431,0.91007780813413,0.3856016993522644,0.3248947560787201,0.1205894723534584,0.006700312718749046,4915200,0,0,0.3805713653564453,0.3012944459915161,0.462161123752594,0.7454124093055725,0.9860450029373169,0.4420624375343323,0.6884667873382568,,0.0008594919927418232,0.0010104146786034107,0.5958334803581238,0.6480647325515747,0.7677661776542664,0.6720818281173706,0.9
77000,6.47326135635376,19.67728614807129,0.02449694275856018,0.960740780329893,0.4005175828933716,0.3760206401348114,0.1997615098953247,0.007373987231403589,4928000,0,0,0.3950927257537842,0.25067955255508423,0.38908544182777405,0.5958305597305298,0.9818172454833984,0.4054274260997772,0.6227951645851135,,0.0008986650500446558,0.0011043271515518427,0.5119685530662537,0.5215736627578735,0.5931167602539062,0.5203109383583069,0.9
77200,6.083531856536865,18.995046615600586,0.0326920747756958,0.9505054118265357,0.37217390537261963,0.33948183059692383,0.15523743629455566,0.011438588611781597,4940800,0,0,0.36495310068130493,0.25675106048583984,0.46836504340171814,0.6913782954216003,0.975082278251648,0.3272727429866791,0.5318860411643982,,0.0007271160138770938,0.0011428253492340446,0.594111979007721,0.619766891002655,0.7074964642524719,0.6365499496459961,0.9
77400,5.513697624206543,17.90867042541504,0.10819175839424133,0.8543922715033143,0.3651559352874756,0.25696417689323425,0.0923493281006813,0.0017714295536279678,4953600,0,1,0.3310260772705078,0.30041348934173584,0.46200355887413025,0.7367088794708252,0.9845370650291443,0.5118046402931213,0.710176408290863,,0.0007769500371068716,0.0008619370637461543,0.5312875509262085,0.6497604846954346,0.7769652605056763,0.6872288584709167,0.9
77600,5.167809009552002,16.08734893798828,0.05411207675933838,0.9216393038642392,0.36356082558631897,0.3094487488269806,0.11419308930635452,0.004998576361685991,4966400,0,0,0.3662445545196533,0.28146493434906006,0.46284645795822144,0.7338941097259521,0.9825676083564758,0.3883310854434967,0.6211669445037842,,0.0009115905850194395,0.0010185964638367295,0.5795271396636963,0.6303169131278992,0.7783172130584717,0.6719871759414673,0.9
77800,5.18914794921875,15.962522506713867,0.029918253421783447,0.9574892014339565,0.3261381685733795,0.29621991515159607,0.09497667104005814,0.0048289247788488865,4979200,0,0,0.30518829822540283,0.2553369998931885,0.5254293084144592,0.7390610575675964,0.9752662777900696,0.3438263237476349,0.5685210227966309,,0.0008591837249696255,0.0009490755037404597,0.6056234836578369,0.6665933132171631,0.7691410779953003,0.6943469047546387,0.9
78000,5.141809940338135,15.555680274963379,0.0369793176651001,0.9475232764435836,0.3322989344596863,0.2953196167945862,0.09816445410251617,-0.00015654736489523202,4992000,0,0,0.33450931310653687,0.25956255197525024,0.5028803944587708,0.7418801784515381,0.9744912385940552,0.355766624212265,0.5706920027732849,,0.0007811802788637578,0.0008456016657873988,0.595149040222168,0.6711013317108154,0.7607835531234741,0.6879492402076721,0.9
78200,5.528820991516113,17.098073959350586,0.04327687621116638,0.9375580637195154,0.3502029776573181,0.30692610144615173,0.10333587229251862,0.00442979671061039,5004800,0,1,0.31790727376937866,0.2749141454696655,0.469332218170166,0.6184252500534058,0.9741438031196594,0.3614654242992401,0.5663501024246216,,0.001010033069178462,0.001159626874141395,0.5609228014945984,0.5625500082969666,0.7258912324905396,0.6553623080253601,0.9
78400,5.183728218078613,15.67547607421875,0.025041967630386353,0.9630614732426264,0.3471056818962097,0.32206371426582336,0.11636947095394135,0.0018147435039281845,5017600,0,0,0.33427321910858154,0.2609708905220032,0.5067171454429626,0.726250410079956,0.9737315773963928,0.28141114115715027,0.5033921599388123,,0.0009491616510786116,0.00108079903293401,0.6342335343360901,0.6448752284049988,0.761431872844696,0.6809109449386597,0.9
78600,5.379539489746094,16.4332218170166,0.022854387760162354,0.9670073292666526,0.3301433324813843,0.3072889447212219,0.09866519272327423,0.0017792419530451298,5030400,0,1,0.3231932520866394,0.25660383701324463,0.5303595066070557,0.6191372871398926,0.9658598303794861,0.27327001094818115,0.4757123589515686,,0.0009638231713324785,0.001021138858050108,0.6282176971435547,0.5771446228027344,0.7315905690193176,0.6821438670158386,0.9
78800,5.383442401885986,16.844682693481445,0.004789531230926514,0.9929883352267722,0.3217090666294098,0.3169195353984833,0.1047324538230896,-0.0013532040175050497,5043200,0,1,0.26997458934783936,0.24226713180541992,0.5092396140098572,0.6464017629623413,0.9701101779937744,0.3066485822200775,0.510176420211792,,0.0009725878480821848,0.0010726316832005978,0.6062811017036438,0.5924376249313354,0.7470376491546631,0.680837869644165,0.9
79000,5.427346229553223,15.892751693725586,0.02627769112586975,0.9632875319723151,0.31050747632980347,0.2842297852039337,0.08792399615049362,-0.0010164558188989758,5056000,0,0,0.2938936948776245,0.24391615390777588,0.5310608744621277,0.7006462812423706,0.96185302734375,0.2724559009075165,0.4765264689922333,,0.0013549420982599258,0.0013101421063765883,0.6138353943824768,0.6428530216217041,0.734993040561676,0.6772000789642334,0.9
79200,5.267157077789307,16.34465980529785,0.014599323272705078,0.9784502044356228,0.3371300995349884,0.3225307762622833,0.10837453603744507,0.002329615643247962,5068800,0,0,0.3298680782318115,0.25633853673934937,0.49471452832221985,0.6965548992156982,0.9706405997276306,0.3302578032016754,0.543554961681366,,0.000997544964775443,0.001089860568754375,0.5897468328475952,0.6272389888763428,0.7499158978462219,0.6779203414916992,0.9
79400,5.238687038421631,15.84093189239502,-0.0037067532539367676,1.0056270214657717,0.33755162358283997,0.34125837683677673,0.12124518305063248,0.008345774374902248,5081600,0,0,0.3283505439758301,0.2460424304008484,0.4888468384742737,0.7374885082244873,0.9675753712654114,0.2824966311454773,0.5134328603744507,,0.0012266605626791716,0.0014044279232621193,0.6036927103996277,0.6627482175827026,0.7512465119361877,0.6797122955322266,0.9
79600,5.37437105178833,16.453718185424805,0.056840330362319946,0.9199240085350797,0.34701046347618103,0.2901701331138611,0.11356385052204132,-0.0007230553310364485,5094400,0,0,0.32504910230636597,0.2632973790168762,0.46600067615509033,0.7145363092422485,0.9679968953132629,0.34219810366630554,0.5386703014373779,,0.0011085814330726862,0.001023671356961131,0.5665783286094666,0.645994246006012,0.7454121708869934,0.6811316609382629,0.9
79800,7.478088855743408,20.33831787109375,0.01936095952987671,0.9697627732648303,0.3790588676929474,0.3596979081630707,0.18600310385227203,0.004870261996984482,5107200,0,0,0.37469637393951416,0.23712611198425293,0.4337594509124756,0.6068462133407593,0.9703713655471802,0.33894166350364685,0.5411126613616943,,0.001026601530611515,0.001312754349783063,0.5301195979118347,0.528117835521698,0.6174700856208801,0.5382436513900757,0.9
80000,5.186042785644531,15.902892112731934,0.012845635414123535,0.9807769273892258,0.34460514783859253,0.331759512424469,0.11207196861505508,0.003090666141360998,5120000,0,0,0.3296464681625366,0.2616245746612549,0.5006057024002075,0.7238460779190063,0.9762633442878723,0.37204885482788086,0.5902307033538818,,0.0013483698712661862,0.0013591115130111575,0.6024892926216125,0.64640873670578,0.7551817297935486,0.677691638469696,0.9
80200,5.323519706726074,15.939862251281738,0.042319923639297485,0.9365664971170793,0.37516579031944275,0.33284586668014526,0.12781478464603424,0.005705482326447964,5132800,0,0,0.36649245023727417,0.2834908962249756,0.4555642306804657,0.7412632703781128,0.9853881597518921,0.4105834662914276,0.6540027260780334,,0.0013641807017847896,0.0015702611999586225,0.5927334427833557,0.6478228569030762,0.7712723016738892,0.6770533323287964,0.9
80400,5.360253810882568,16.876808166503906,0.011066675186157227,0.9830903568640712,0.35660725831985474,0.3455405831336975,0.12114829570055008,0.008359799161553383,5145600,0,1,0.3481995463371277,0.2677372694015503,0.4706431031227112,0.6264889240264893,0.9771751165390015,0.3066485822200775,0.547082781791687,,0.001095013925805688,0.0013182194670662284,0.606495201587677,0.5659022331237793,0.7450722455978394,0.6691113114356995,0.9
80600,7.141726016998291,20.178770065307617,0.0062215328216552734,0.9900991183728748,0.3778398334980011,0.3716183006763458,0.18733865022659302,0.0076558878645300865,5158400,0,0,0.3617764115333557,0.23416787385940552,0.43715301156044006,0.6028778553009033,0.9714691638946533,0.29606515169143677,0.48683854937553406,,0.0009774852078408003,0.0013069696724414825,0.562161386013031,0.5108281970024109,0.6154062151908875,0.5173112154006958,0.9
80800,5.206874847412109,16.163434982299805,0.04411971569061279,0.935578014874639,0.3592647612094879,0.3151450455188751,0.1029580757021904,0.007244414184242487,5171200,0,1,0.3358156681060791,0.28572672605514526,0.47620975971221924,0.6968510746955872,0.9809085130691528,0.4005427658557892,0.6279512047767639,,0.0014639871660619974,0.0014492928748950362,0.6003047823905945,0.6213408708572388,0.7727962732315063,0.6888331174850464,0.9
81000,6.489785194396973,19.41419792175293,0.006837785243988037,0.9896439209186587,0.3465700149536133,0.33973222970962524,0.16386733949184418,-0.003836244810372591,5184000,0,0,0.3345522880554199,0.2183935046195984,0.4560060501098633,0.6428682804107666,0.9731312990188599,0.3131614625453949,0.5348711013793945,,0.0011084281140938401,0.0012753377668559551,0.5665838718414307,0.591148316860199,0.6475253105163574,0.5989933609962463,0.9
81200,5.21193790435791,15.799402236938477,0.008610934019088745,0.9872272724158198,0.3344452977180481,0.32583436369895935,0.11199317872524261,0.0008809345308691263,5196800,0,0,0.3312748670578003,0.25031018257141113,0.4764559268951416,0.7333564758300781,0.9678858518600464,0.291994571685791,0.5001357197761536,,0.0013283242005854845,0.0014530826592817903,0.5869954824447632,0.6668911576271057,0.7460977435112,0.6825175285339355,0.9
81400,6.0236029624938965,18.770889282226562,0.007016122341156006,0.9895326488811541,0.3367297947406769,0.3297136723995209,0.1432838886976242,0.005199533887207508,5209600,0,0,0.3152293562889099,0.225874662399292,0.5054214596748352,0.6990150809288025,0.967353343963623,0.23120760917663574,0.43772050738334656,,0.0012003094889223576,0.0015193759463727474,0.618484616279602,0.6263062357902527,0.6985300779342651,0.6279211044311523,0.9
81600,5.852470874786377,17.302207946777344,0.019565194845199585,0.9707545602240921,0.3505653440952301,0.3310001492500305,0.11920550465583801,0.009752655401825905,5222400,0,0,0.3350464701652527,0.2627251148223877,0.48317620158195496,0.6926791667938232,0.9635747671127319,0.23880597949028015,0.4496608078479767,,0.0015757535584270954,0.0020958194509148598,0.5913534164428711,0.6440622806549072,0.7147623300552368,0.6697530150413513,0.9
81800,5.6521382331848145,16.995834350585938,0.014174401760101318,0.9796389269482385,0.31802240014076233,0.303847998380661,0.11387655138969421,0.013008162379264832,5235200,0,1,0.3052244186401367,0.23015493154525757,0.48903849720954895,0.5835555195808411,0.9561377763748169,0.2021709680557251,0.3877883553504944,,0.0016391715034842491,0.0018009626073762774,0.5834079384803772,0.5321437120437622,0.7156291604042053,0.6493215560913086,0.9
82000,5.273767948150635,15.689016342163086,0.01361653208732605,0.9806619410857832,0.3094852566719055,0.29586872458457947,0.0992875024676323,2.0679248336819e-05,5248000,0,0,0.2999122142791748,0.2330402135848999,0.5149991512298584,0.7060027122497559,0.9634708762168884,0.2735413908958435,0.47978290915489197,,0.0020589849445968866,0.0019672440830618143,0.5696849822998047,0.6425942182540894,0.7264701128005981,0.6632747650146484,0.9
82200,5.869882106781006,19.04827880859375,-0.0027175545692443848,1.0039293866983456,0.30568480491638184,0.3084023594856262,0.13797548413276672,0.007632100954651833,5260800,0,0,0.28051549196243286,0.19423913955688477,0.5152740478515625,0.6510671377182007,0.9613349437713623,0.2390773445367813,0.4241519868373871,,0.001932258252054453,0.0018908199854195118,0.5677737593650818,0.5923831462860107,0.6748434901237488,0.6125576496124268,0.9
82400,5.390565872192383,16.327159881591797,0.027508825063705444,0.9616721651190846,0.3097843527793884,0.282275527715683,0.08219216763973236,0.0023449454456567764,5273600,0,0,0.2889849543571472,0.24772697687149048,0.540716826915741,0.680370569229126,0.9567462801933289,0.22686567902565002,0.39837178587913513,,0.001973551232367754,0.0020373291335999966,0.603888988494873,0.6276867389678955,0.732586145401001,0.6750755906105042,0.9
82600,6.039193630218506,19.15608024597168,0.05466783046722412,0.9256468911947762,0.31942176818847656,0.26475393772125244,0.12042339146137238,0.005653516389429569,5286400,0,0,0.3087577819824219,0.22592759132385254,0.5194143056869507,0.6454918384552002,0.9640989899635315,0.26431480050086975,0.4591587781906128,,0.0019869417883455753,0.001974747283384204,0.5530638098716736,0.5633684992790222,0.6672405004501343,0.5777790546417236,0.9
82800,5.458284378051758,16.375614166259766,0.023231178522109985,0.967270449571189,0.3134390115737915,0.2902078330516815,0.08547289669513702,0.005212700460106134,5299200,0,0,0.267147958278656,0.24906498193740845,0.5453990697860718,0.7034454345703125,0.9608395099639893,0.21899594366550446,0.4271370470523834,,0.0019952142611145973,0.0023711964022368193,0.6145676374435425,0.6497542262077332,0.7361474633216858,0.6789841055870056,0.9
83000,5.736009120941162,20.23992347717285,0.015419423580169678,0.9774316858014687,0.33218613266944885,0.3167667090892792,0.1448996365070343,0.0043310667388141155,5312000,0,0,0.3335980176925659,0.21882927417755127,0.5000377893447876,0.6577937602996826,0.9663624167442322,0.24179105460643768,0.43717777729034424,,0.001627557328902185,0.0018853126093745232,0.5680633187294006,0.586844265460968,0.666706383228302,0.5944466590881348,0.9
83200,5.4945268630981445,17.1028995513916,-0.007172375917434692,1.0104367755777761,0.3056061863899231,0.3127785623073578,0.0986362025141716,0.013804174028337002,5324800,0,1,0.2927761673927307,0.22922050952911377,0.5491929650306702,0.6083604693412781,0.9596696496009827,0.2135685235261917,0.40027138590812683,,0.0016366306226700544,0.002073101932182908,0.6296775937080383,0.5600241422653198,0.7613602876663208,0.6958959102630615,0.9
83400,5.129250526428223,15.352231979370117,0.028539210557937622,0.9594449425742789,0.3248240053653717,0.2962847948074341,0.08620606362819672,-0.0003718723019119352,5337600,0,0,0.3192439675331116,0.2609604597091675,0.5474240779876709,0.7493041753768921,0.9699704647064209,0.2716417908668518,0.4865671694278717,,0.0015833135694265366,0.0016596367349848151,0.6290305256843567,0.6800565719604492,0.7696066498756409,0.6999882459640503,0.9
83600,5.297909259796143,15.862970352172852,0.009058654308319092,0.9874403265933248,0.28780946135520935,0.27875080704689026,0.0898306742310524,0.0010865803342312574,5350400,0,0,0.2714490294456482,0.21721512079238892,0.538748562335968,0.7192474603652954,0.9578779935836792,0.25535959005355835,0.4450474977493286,,0.0016436500009149313,0.0017031999304890633,0.5882900953292847,0.6575892567634583,0.7399114370346069,0.6777027249336243,0.9
83800,5.308703899383545,15.929891586303711,0.017905741930007935,0.9750119581947915,0.30133330821990967,0.28342756628990173,0.10160473734140396,0.0008023749105632305,5363200,0,0,0.28615397214889526,0.22204643487930298,0.5424379110336304,0.7322927713394165,0.9563464522361755,0.24477612972259521,0.4290366470813751,,0.0017479993402957916,0.0017735334113240242,0.6065565347671509,0.6706258058547974,0.750644326210022,0.6901199817657471,0.9
84000,5.689978122711182,19.697038650512695,0.030400514602661133,0.9568077945757721,0.3265579044818878,0.2961573898792267,0.12484041601419449,-0.00014457787619903684,5376000,0,0,0.3135397434234619,0.23022359609603882,0.5100573301315308,0.6749187707901001,0.9612619280815125,0.2654002904891968,0.4605156183242798,,0.0016733095981180668,0.001760758925229311,0.5668647289276123,0.6104701161384583,0.6704831123352051,0.6034793257713318,0.9
84200,5.241365432739258,15.95801830291748,0.0023450851440429688,0.9965624131188884,0.3201557397842407,0.31781065464019775,0.10190115869045258,0.005722053349018097,5388800,0,0,0.3171645998954773,0.24272781610488892,0.5449283719062805,0.718481183052063,0.9654301404953003,0.2672998607158661,0.47299864888191223,,0.0016772975213825703,0.001984709408134222,0.6375657320022583,0.6508047580718994,0.7552830576896667,0.6872504353523254,0.9
84400,5.396981716156006,16.08607292175293,0.02676844596862793,0.9611133429160239,0.33839747309684753,0.3116290271282196,0.1121065691113472,8.669555973028764e-05,5401600,0,0,0.3144263029098511,0.2546041011810303,0.46887290477752686,0.6973978877067566,0.9627863168716431,0.2537313401699066,0.44857531785964966,,0.0022399229928851128,0.0024163546040654182,0.5938748121261597,0.6337529420852661,0.7353665828704834,0.6726126670837402,0.9
84600,5.620969772338867,18.335237503051758,0.04353886842727661,0.9408592528493416,0.3073481619358063,0.26380929350852966,0.09271344542503357,0.00875453744083643,5414400,0,1,0.30386102199554443,0.23616063594818115,0.5472445487976074,0.5716924071311951,0.9522131085395813,0.28032565116882324,0.44667571783065796,,0.0016544363461434841,0.001879546674899757,0.6019830107688904,0.5228193998336792,0.7360318899154663,0.6676198840141296,0.9
84800,5.59832763671875,18.681264877319336,0.034952312707901,0.9506766704673955,0.3263157904148102,0.2913634777069092,0.12544915080070496,0.01685836911201477,5427200,0,0,0.3083895444869995,0.2294812798500061,0.5082069635391235,0.6777729988098145,0.9551519751548767,0.26377207040786743,0.4379918873310089,,0.001163064269348979,0.0016818554140627384,0.5739910006523132,0.6031656265258789,0.6918731331825256,0.614833652973175,0.9
85000,5.328107833862305,16.669086456298828,0.012227773666381836,0.9823204019939402,0.3205958902835846,0.30836811661720276,0.0994504913687706,0.0045634908601641655,5440000,0,0,0.3002493977546692,0.24537009000778198,0.5127776265144348,0.7056401371955872,0.9652019739151001,0.2824966311454773,0.4922659695148468,,0.0013851081021130085,0.0016199962701648474,0.5937284827232361,0.6347228288650513,0.7665199637413025,0.6882440447807312,0.9
85200,5.4059834480285645,18.371986389160156,0.014866799116134644,0.9776836225927827,0.3486834466457367,0.33381664752960205,0.13093358278274536,0.002355036325752735,5452800,0,0,0.3407973051071167,0.2502703070640564,0.5060056447982788,0.7179798483848572,0.9736472964286804,0.2971506118774414,0.5161465406417847,,0.0013569560833275318,0.0015521531458944082,0.621826708316803,0.6347873210906982,0.7540702223777771,0.6703168153762817,0.9
85400,5.7762932777404785,17.140216827392578,-0.008353739976882935,1.0126039435835426,0.32885846495628357,0.3372122049331665,0.14479729533195496,0.011157057248055935,5465600,0,0,0.31490612030029297,0.21513384580612183,0.47419434785842896,0.6680849194526672,0.9561058878898621,0.19972863793373108,0.36770692467689514,,0.0014841401716694236,0.0017226273193955421,0.5597165822982788,0.605410099029541,0.6743615865707397,0.6130201816558838,0.9
85600,5.9312920570373535,17.824678421020508,0.0070136189460754395,0.9895974031743352,0.33279553055763245,0.325781911611557,0.1264159083366394,0.00867496058344841,5478400,0,1,0.30958253145217896,0.23600143194198608,0.4877048134803772,0.5757395029067993,0.9611580967903137,0.240976944565773,0.4496608078479767,,0.001752017647959292,0.0019741321448236704,0.5905805826187134,0.5247114896774292,0.7322787642478943,0.6646365523338318,0.9
85800,5.059333324432373,15.130014419555664,0.03428316116333008,0.9500052565338455,0.3485478460788727,0.3142646849155426,0.10358895361423492,0.00282766530290246,5491200,0,0,0.3225712776184082,0.27315908670425415,0.5269885659217834,0.7514082789421082,0.9746896624565125,0.3093622922897339,0.5283582210540771,,0.0013427784433588386,0.0015614305157214403,0.6195079684257507,0.6639420390129089,0.7699887156486511,0.6859232783317566,0.9
86000,5.1086249351501465,15.364749908447266,0.027674496173858643,0.9612457458470938,0.31357234716415405,0.2858978509902954,0.09320705384016037,-0.00014000240480527282,5504000,0,0,0.3087930679321289,0.24293792247772217,0.5549240112304688,0.7619521617889404,0.9725978374481201,0.30447763204574585,0.5332428812980652,,0.001387805212289095,0.001442034961655736,0.6286008358001709,0.6780072450637817,0.7831733226776123,0.6980584859848022,0.9
86200,5.797591686248779,17.782440185546875,0.06545931100845337,0.909284299400098,0.3438718616962433,0.2784125506877899,0.1151132881641388,0.009335340932011604,5516800,0,1,0.30720019340515137,0.2584019899368286,0.4713148772716522,0.5681418180465698,0.9702551364898682,0.3183175027370453,0.508819580078125,,0.0015744705451652408,0.001686055795289576,0.5512615442276001,0.512942910194397,0.7336885929107666,0.649053156375885,0.9
86400,5.304783821105957,16.402477264404297,0.02236032485961914,0.9679840387874261,0.32394853234291077,0.3015882074832916,0.09387294203042984,0.004426570609211922,5529600,0,1,0.2929718494415283,0.25378018617630005,0.5197640061378479,0.7121860980987549,0.9718237519264221,0.2998643219470978,0.5147897005081177,,0.0014046264113858342,0.0015785705763846636,0.6134639978408813,0.6394737958908081,0.7684661746025085,0.690391480922699,0.9
86600,5.816898345947266,18.00130271911621,0.03815296292304993,0.9455771453776914,0.33710625767707825,0.2989532947540283,0.11994367092847824,-0.000499304267577827,5542400,0,0,0.3245604634284973,0.24658972024917603,0.4595905840396881,0.7074587345123291,0.9689384698867798,0.2716417908668518,0.4890095293521881,,0.0013903002254664898,0.0014521499397233129,0.5670190453529358,0.6397802829742432,0.7243373394012451,0.6538420915603638,0.9
86800,5.40372371673584,15.65379810333252,0.02176007628440857,0.9695953826933283,0.3060767948627472,0.2843167185783386,0.08984439820051193,0.0018002974102273583,5555200,0,0,0.29278087615966797,0.23741477727890015,0.5681391358375549,0.7416871786117554,0.9652903079986572,0.2607869803905487,0.4710990786552429,,0.0014799610944464803,0.0015125612262636423,0.6341665983200073,0.6681991815567017,0.7643826007843018,0.691074550151825,0.9
87000,5.270412445068359,16.175222396850586,0.04500138759613037,0.9379208009569925,0.32009854912757874,0.27509716153144836,0.08157029747962952,-0.0009440278518013656,5568000,0,0,0.30120009183883667,0.2594684958457947,0.5412893891334534,0.7366819381713867,0.968004047870636,0.30312076210975647,0.5210312008857727,,0.0014394703321158886,0.0015232801670208573,0.6184788942337036,0.6685634255409241,0.7694288492202759,0.6989028453826904,0.9
87200,5.745537281036377,17.568737030029297,0.028444647789001465,0.9593687391939835,0.3283765912055969,0.29993194341659546,0.10301104933023453,0.004527281504124403,5580800,0,1,0.3048124313354492,0.2509762644767761,0.5377732515335083,0.554003119468689,0.9665258526802063,0.26757124066352844,0.4605156183242798,,0.0015101901954039931,0.0015707630664110184,0.6299974918365479,0.504080057144165,0.7498681545257568,0.675693154335022,0.9
87400,5.3183770179748535,17.125070571899414,0.0470811128616333,0.9347680066509563,0.32533231377601624,0.27825120091438293,0.09999541938304901,0.0014016162604093552,5593600,0,0,0.3239065408706665,0.2502487301826477,0.5334632396697998,0.7326864004135132,0.9728342294692993,0.2778833210468292,0.48493894934654236,,0.0012895350810140371,0.0014101300621405244,0.6109640598297119,0.6554643511772156,0.7638919353485107,0.6822078227996826,0.9
87600,5.759446620941162,20.920528411865234,0.01902177929878235,0.9730309131359753,0.31370389461517334,0.294682115316391,0.16779448091983795,0.004580454435199499,5606400,0,0,0.2996276617050171,0.17502117156982422,0.4793418049812317,0.6412896513938904,0.9654650092124939,0.252645879983902,0.4507462978363037,,0.0015419403789564967,0.0016678490210324526,0.5365947484970093,0.577285885810852,0.6266568899154663,0.5646077990531921,0.9
87800,6.120236396789551,20.766923904418945,0.0600646436214447,0.9146038882393877,0.35669955611228943,0.2966349124908447,0.14499090611934662,0.005407264456152916,5619200,0,0,0.3503827452659607,0.24751991033554077,0.49026545882225037,0.665562629699707,0.9744295477867126,0.3289009630680084,0.54572594165802,,0.001600725343450904,0.0016621691174805164,0.5548848509788513,0.6069868803024292,0.6609017252922058,0.6043200492858887,0.9
88000,5.166267395019531,15.395723342895508,0.0003552436828613281,0.9994623934765597,0.33956772089004517,0.33921247720718384,0.12383263558149338,0.001493935938924551,5632000,0,0,0.32698094844818115,0.2461482286453247,0.505851686000824,0.7506198287010193,0.9765275716781616,0.322659432888031,0.5465400218963623,,0.0013680136762559414,0.00152258959133178,0.6128213405609131,0.6689625978469849,0.7628105878829956,0.6835678219795227,0.9
88200,5.124006271362305,15.939271926879883,0.007035702466964722,0.9894906739129448,0.3375634253025055,0.33052772283554077,0.10749244689941406,0.0012522002216428518,5644800,0,0,0.32481759786605835,0.2578180432319641,0.5160739421844482,0.7493234872817993,0.9783284068107605,0.3014925420284271,0.5237449407577515,,0.0011904382845386863,0.0014223938342183828,0.635066032409668,0.6699086427688599,0.7845183610916138,0.7011405825614929,0.9
88400,5.105717658996582,15.681504249572754,0.024056702852249146,0.964095608166112,0.35403552651405334,0.3299788236618042,0.12070807069540024,0.00986865907907486,5657600,0,0,0.32606256008148193,0.2654709219932556,0.4557940363883972,0.7456596493721008,0.9761770963668823,0.32048848271369934,0.5478969216346741,,0.0012456751428544521,0.0015841203276067972,0.5935574769973755,0.6658310890197754,0.7663916945457458,0.6883465647697449,0.9
88600,5.453022003173828,17.265132904052734,0.04525160789489746,0.9346999033180184,0.3522724211215973,0.30702081322669983,0.10665225982666016,0.00418050168082118,5670400,0,1,0.3287939429283142,0.27493804693222046,0.47308608889579773,0.6061781644821167,0.9773200750350952,0.3093622922897339,0.5278154611587524,,0.0012485138140618801,0.0013756813714280725,0.5877197980880737,0.5513993501663208,0.7638769149780273,0.6889621019363403,0.9
88800,5.493412017822266,17.569725036621094,0.05729898810386658,0.9169768749871804,0.3671420216560364,0.3098430335521698,0.11118689924478531,-2.4220677005359903e-05,5683200,0,1,0.370621919631958,0.2878713607788086,0.49064818024635315,0.568690299987793,0.9803524017333984,0.3476255238056183,0.5712347626686096,,0.0010327945929020643,0.0010645309230312705,0.6059761643409729,0.5218273997306824,0.7653442025184631,0.6918458342552185,0.9
89000,6.366703510284424,19.796363830566406,0.05557513236999512,0.9193983480999207,0.366071492433548,0.31049636006355286,0.18212272226810455,0.007241507526487112,5696000,0,0,0.33481860160827637,0.22489231824874878,0.4351685345172882,0.6334508061408997,0.9759374856948853,0.3061058521270752,0.5153324604034424,,0.000802229274995625,0.0011419530492275953,0.5404475927352905,0.5167531967163086,0.6353595852851868,0.5097067952156067,0.9
89200,5.293299674987793,16.686946868896484,0.0362093448638916,0.9473836807838905,0.34803226590156555,0.31182292103767395,0.11817823350429535,0.0033930265344679356,5708800,0,1,0.3238615393638611,0.26061123609542847,0.48917341232299805,0.6727033257484436,0.978577196598053,0.34545454382896423,0.5782904028892517,,0.0010574766201898456,0.0011855440679937601,0.5819438695907593,0.6078295111656189,0.75790935754776,0.6826480031013489,0.9
89400,5.071090221405029,15.801565170288086,0.024879544973373413,0.9623554762539392,0.36397212743759155,0.33909258246421814,0.11695831269025803,0.0004683140432462096,5721600,0,0,0.36221927404403687,0.27988213300704956,0.4772689938545227,0.7391687631607056,0.9807533025741577,0.31913161277770996,0.5820896029472351,,0.000865936279296875,0.001015381538309157,0.6276262998580933,0.6618332266807556,0.7648518085479736,0.6879110336303711,0.9
89600,5.541710376739502,20.30510902404785,0.048161327838897705,0.9300240222454211,0.3599061667919159,0.3117448389530182,0.15194135904312134,0.005256038624793291,5734400,0,0,0.33936506509780884,0.24541890621185303,0.4617907404899597,0.6769969463348389,0.9818840026855469,0.35223883390426636,0.5953867435455322,,0.0009726985008455813,0.001089134020730853,0.5665572285652161,0.591971218585968,0.6675752401351929,0.5839525461196899,0.9
89800,5.131346225738525,16.1458740234375,0.07781380414962769,0.8885174937364161,0.37982264161109924,0.30200883746147156,0.10689159482717514,0.00506166834384203,5747200,0,1,0.3564966917037964,0.305738627910614,0.4621008634567261,0.7007901668548584,0.9870441555976868,0.4515604078769684,0.703120768070221,,0.0009916480630636215,0.001114511163905263,0.5687606930732727,0.6329293251037598,0.7562194466590881,0.6824202537536621,0.9
90000,5.615851402282715,17.54972267150879,0.062384843826293945,0.9112472280234297,0.35947898030281067,0.2970941364765167,0.10187144577503204,0.0029861126095056534,5760000,0,1,0.33235061168670654,0.28683871030807495,0.488748162984848,0.5581777691841125,0.9814996123313904,0.36580735445022583,0.6073270440101624,,0.000850758224260062,0.0009903311729431152,0.5943061709403992,0.506623387336731,0.7574859261512756,0.6823533773422241,0.9
90200,5.172291278839111,16.309247970581055,0.03485304117202759,0.9478193467854286,0.3669227063655853,0.33206966519355774,0.12885023653507233,0.012649881653487682,5772800,0,1,0.34540319442749023,0.2733383774757385,0.4593099355697632,0.7220761179924011,0.9794396162033081,0.3443690836429596,0.5924016237258911,,0.0008845129050314426,0.0012290319427847862,0.5942323207855225,0.6439833045005798,0.779015839099884,0.6968864798545837,0.9
90400,5.3525471687316895,17.007442474365234,0.025575190782546997,0.9621616978820391,0.3496677279472351,0.3240925371646881,0.11816764622926712,0.0004576292121782899,5785600,0,1,0.3382580280303955,0.26263129711151123,0.4781017601490021,0.6310247182846069,0.9802455306053162,0.320217102766037,0.5579376220703125,,0.0008673109696246684,0.0009317516814917326,0.5932446718215942,0.5733621716499329,0.7668240666389465,0.6892347931861877,0.9
90600,5.043467044830322,15.15149974822998,0.041112035512924194,0.9406630571332245,0.3482547104358673,0.3071426749229431,0.10105408728122711,0.002245130715891719,5798400,0,0,0.3476048707962036,0.274910569190979,0.503492534160614,0.7604333162307739,0.97944575548172,0.3169606626033783,0.5579376220703125,,0.0008277642191387713,0.0009698671638034284,0.6087690591812134,0.6766762733459473,0.7744851112365723,0.6925796270370483,0.9
90800,5.098153591156006,15.877837181091309,0.03591075539588928,0.9490150392654838,0.3315705955028534,0.2956598401069641,0.09223519265651703,0.000741906464099884,5811200,0,0,0.3322041630744934,0.2636767029762268,0.5375674962997437,0.7443411350250244,0.9783089756965637,0.31967437267303467,0.5557666420936584,,0.0008581872098147869,0.0009553754352964461,0.630438506603241,0.6682498455047607,0.7763427495956421,0.697093665599823,0.9
91000,6.2793169021606445,18.124818801879883,0.046255290508270264,0.9309915936256893,0.37597042322158813,0.32971513271331787,0.15941345691680908,0.004095388576388359,5824000,0,0,0.36598438024520874,0.2576695680618286,0.4287283420562744,0.6707863807678223,0.980797529220581,0.33758482336997986,0.5652645826339722,,0.0008401406812481582,0.000987568637356162,0.537631094455719,0.5710892677307129,0.6905937790870667,0.5850505828857422,0.9
91200,5.679139137268066,18.742156982421875,0.03437870740890503,0.949684243611627,0.35111942887306213,0.3167407214641571,0.14007504284381866,-0.0019125179387629032,5836800,0,0,0.3213984966278076,0.24560481309890747,0.48103275895118713,0.6908950209617615,0.9679896831512451,0.24830394983291626,0.4388059973716736,,0.0007684625452384353,0.0008210354135371745,0.5791597962379456,0.6013697981834412,0.6955764889717102,0.6065014004707336,0.9
91400,5.687488555908203,17.15418243408203,0.04062250256538391,0.9405055850064812,0.3578272759914398,0.3172047734260559,0.14296896755695343,0.005385789088904858,5849600,0,0,0.3561389446258545,0.2504608631134033,0.4692898094654083,0.726874828338623,0.9773056507110596,0.2947082817554474,0.5240163207054138,,0.0007396700093522668,0.0009594726143404841,0.5799738168716431,0.6474134922027588,0.7416691780090332,0.6651347875595093,0.9
91600,5.329407215118408,16.424901962280273,0.024926751852035522,0.9626755801083868,0.3570864498615265,0.33215969800949097,0.12708446383476257,0.004805361852049828,5862400,0,0,0.3449782729148865,0.2637232542037964,0.4265201687812805,0.713409423828125,0.9794108271598816,0.3259158730506897,0.5663501024246216,,0.0009515126002952456,0.0010942001827061176,0.5408862829208374,0.6435768604278564,0.7414008378982544,0.6675938367843628,0.9
91800,5.24051570892334,16.391132354736328,0.05215635895729065,0.9259700458373308,0.34762588143348694,0.2954695224761963,0.09874261170625687,0.000728974468074739,5875200,0,0,0.3446389436721802,0.27617979049682617,0.4957284927368164,0.7256937623023987,0.9798024296760559,0.3093622922897339,0.553324282169342,,0.0008439094526693225,0.0009404058801010251,0.5972237586975098,0.65020751953125,0.7627026438713074,0.6833487153053284,0.9
92000,5.227498531341553,15.961240768432617,0.014804184436798096,0.977758353523732,0.3491976857185364,0.3343935012817383,0.12701688706874847,0.002209220314398408,5888000,0,0,0.3222309350967407,0.2545834183692932,0.48809120059013367,0.7329781651496887,0.9792042374610901,0.3112618923187256,0.5476255416870117,,0.0008619350846856833,0.0009625991806387901,0.6086632609367371,0.6557836532592773,0.7680588364601135,0.6893379092216492,0.9
92200,5.36376428604126,17.129072189331055,0.06962162256240845,0.8999915878878428,0.3734639585018158,0.30384233593940735,0.10597596317529678,0.003811570582911372,5900800,0,1,0.3657131791114807,0.29911231994628906,0.48176631331443787,0.6052601933479309,0.9837332367897034,0.40027138590812683,0.639891505241394,,0.0007924397941678762,0.0009035172406584024,0.5929052829742432,0.5482444167137146,0.7681410312652588,0.6887598037719727,0.9
92400,5.213435649871826,16.410171508789062,0.04723125696182251,0.9319237102324915,0.3534323275089264,0.3062010705471039,0.10211773961782455,0.0044825151562690735,5913600,0,1,0.3518639802932739,0.2799989581108093,0.4892321825027466,0.6973897218704224,0.9785279035568237,0.35495251417160034,0.582632303237915,,0.0009519305313006043,0.0010510558495298028,0.5959355235099792,0.629123330116272,0.7752951979637146,0.6981496214866638,0.9
92600,5.304831027984619,16.05535888671875,0.026216566562652588,0.962093511708764,0.33460497856140137,0.3083884119987488,0.10097688436508179,0.0007021815981715918,5926400,0,0,0.3117648959159851,0.26001375913619995,0.4994739592075348,0.735131561756134,0.9768574833869934,0.3071913421154022,0.5327001810073853,,0.0009746479918248951,0.0009824876906350255,0.5950342416763306,0.6675360202789307,0.7614918351173401,0.6904380321502686,0.9
92800,5.2083587646484375,16.343017578125,0.029197126626968384,0.9576764814125762,0.33934128284454346,0.3101441562175751,0.10668305307626724,0.0029434836469590664,5939200,0,1,0.326214075088501,0.26058608293533325,0.5151047110557556,0.6908398866653442,0.9808673858642578,0.31289011240005493,0.5666214823722839,,0.0008415012853220105,0.0009368622559122741,0.6418224573135376,0.6176533699035645,0.7825996279716492,0.7001869082450867,0.9
93000,5.080807685852051,15.242181777954102,0.03943663835525513,0.9437820650430454,0.3379409611225128,0.2985043227672577,0.10056761652231216,0.002655991353094578,5952000,0,0,0.3227223753929138,0.26402145624160767,0.5364214181900024,0.7803232669830322,0.9788362383842468,0.2998643219470978,0.5438263416290283,,0.0006944394554011524,0.0008073744829744101,0.6409898400306702,0.6941497325897217,0.7954513430595398,0.7084363102912903,0.9
93200,5.363473415374756,16.97076988220215,0.03444245457649231,0.9471985604271714,0.38214102387428284,0.3476985692977905,0.12903717160224915,0.016257256269454956,5964800,0,1,0.36530160903930664,0.2906686067581177,0.44671905040740967,0.6077286601066589,0.9769963026046753,0.256173700094223,0.4873812794685364,,0.0005934357177466154,0.0009731793543323874,0.6342479586601257,0.56219881772995,0.737511157989502,0.6829506158828735,0.9
93400,5.079878807067871,15.884038925170898,0.03321719169616699,0.9502874258521139,0.36503228545188904,0.33181509375572205,0.11553940922021866,0.0003655383479781449,5977600,0,0,0.3672618269920349,0.28229761123657227,0.47144344449043274,0.7383836507797241,0.9832901954650879,0.34545454382896423,0.5967435836791992,,0.000784311443567276,0.0008569430210627615,0.6322730779647827,0.6590719223022461,0.7755195498466492,0.6942247152328491,0.9
93600,5.185434341430664,16.141469955444336,0.03895998001098633,0.9432472827478998,0.3524733781814575,0.3135133981704712,0.10368065536022186,0.004580298904329538,5990400,0,0,0.3523893356323242,0.2776567339897156,0.491438090801239,0.7079866528511047,0.9765738248825073,0.2811397612094879,0.5093622803688049,,0.0009996655862778425,0.0010844001080840826,0.6202453970909119,0.6442292928695679,0.7520729303359985,0.6859035491943359,0.9
93800,5.759795665740967,15.375418663024902,0.03223675489425659,0.9541356469471847,0.329365074634552,0.2971283197402954,0.11990339308977127,0.006435925606638193,6003200,0,0,0.3214187026023865,0.2380237579345703,0.48201876878738403,0.7200044989585876,0.9766971468925476,0.2621438503265381,0.5058344602584839,,0.001518977340310812,0.0015538972802460194,0.5927049517631531,0.644011914730072,0.7329315543174744,0.6569303274154663,0.9
94000,5.523974895477295,17.266633987426758,0.023484230041503906,0.9662371819118358,0.3279193639755249,0.304435133934021,0.0949377492070198,0.004640908911824226,6016000,0,1,0.29506003856658936,0.257163941860199,0.5300277471542358,0.5789985656738281,0.9726574420928955,0.24640434980392456,0.4654002785682678,,0.001101090107113123,0.001146289985626936,0.613078236579895,0.52988600730896,0.7580341696739197,0.6831644773483276,0.9
94200,6.345428466796875,18.772104263305664,0.04926958680152893,0.9266193625975014,0.3778446912765503,0.32857510447502136,0.1771724969148636,0.002182059921324253,6028800,0,0,0.3509361147880554,0.24399644136428833,0.41165032982826233,0.6280415058135986,0.9817842841148376,0.33894166350364685,0.5877883434295654,,0.0009186523384414613,0.0009860324207693338,0.5146225690841675,0.5523838996887207,0.6367363333702087,0.559605598449707,0.9
94400,5.2885236740112305,16.72110366821289,0.02117040753364563,0.9681149443953619,0.3572102189064026,0.33603981137275696,0.13008415699005127,0.0023687223438173532,6041600,0,1,0.35113275051116943,0.2611023187637329,0.4469570517539978,0.6572059392929077,0.9798240661621094,0.3085481822490692,0.5489823818206787,,0.0009070662781596184,0.0009607014944776893,0.580981969833374,0.5937308073043823,0.7656585574150085,0.6913623213768005,0.9
94600,5.433972358703613,18.41895866394043,0.02772340178489685,0.9573660709375255,0.37745723128318787,0.349733829498291,0.15955422818660736,0.010250707156956196,6054400,0,0,0.3680667281150818,0.2592589855194092,0.45348256826400757,0.7200192213058472,0.9786101579666138,0.27082768082618713,0.5099050402641296,,0.0006533298874273896,0.000874084304086864,0.6011024117469788,0.6062334179878235,0.7334992289543152,0.605472981929779,0.9
94800,6.001641750335693,18.959442138671875,0.07919630408287048,0.8864614120724914,0.38166865706443787,0.3024723529815674,0.13619476556777954,0.0030838139355182648,6067200,0,0,0.37474769353866577,0.2843954563140869,0.47754040360450745,0.6764075756072998,0.9828729033470154,0.38751697540283203,0.6211669445037842,,0.0008579932618886232,0.0008811495499685407,0.5713886618614197,0.5970785617828369,0.6989844441413879,0.6149816513061523,0.9
95000,6.13828706741333,20.234275817871094,0.04328411817550659,0.932703924913213,0.40009477734565735,0.35681065917015076,0.20368324220180511,0.013097426854074001,6080000,0,0,0.3683086037635803,0.24685043096542358,0.4058510661125183,0.5297846794128418,0.9686094522476196,0.2607869803905487,0.45943012833595276,,0.0008510617190040648,0.0011310490081086755,0.530989408493042,0.45502209663391113,0.5281314253807068,0.45090970396995544,0.9
95200,5.172427177429199,16.032634735107422,0.03114745020866394,0.9546709125644154,0.3440069854259491,0.31285953521728516,0.10431616753339767,-0.000911761075258255,6092800,0,0,0.34186023473739624,0.2675647735595703,0.5059767365455627,0.7167267799377441,0.9794375896453857,0.3362279534339905,0.5823609232902527,,0.0009177860920317471,0.0008949633920565248,0.6092551946640015,0.6432923078536987,0.7607211470603943,0.6851210594177246,0.9
95400,5.139029026031494,15.02502727508545,0.02427658438682556,0.9642236275923242,0.3457118570804596,0.32143527269363403,0.1097446009516716,0.006734311580657959,6105600,0,1,0.3248900771141052,0.2652784585952759,0.4969395697116852,0.750331461429596,0.9781279563903809,0.31777477264404297,0.5554952621459961,,0.0009756610379554331,0.0011668980587273836,0.6015585660934448,0.6746218204498291,0.7619875073432922,0.6861426830291748,0.9
95600,4.994540214538574,14.916086196899414,0.028796851634979248,0.9557027979576184,0.378713995218277,0.34991714358329773,0.12545175850391388,0.002789363032206893,6118400,0,0,0.3632569909095764,0.28989601135253906,0.441201388835907,0.7516944408416748,0.9846543073654175,0.36200815439224243,0.6000000238418579,,0.0009656292386353016,0.001146084861829877,0.6006803512573242,0.6720994710922241,0.7616791129112244,0.6859159469604492,0.9
95800,5.1624064445495605,16.3957462310791,0.034050971269607544,0.9490199070538626,0.36612415313720703,0.3320731818675995,0.1126086637377739,0.0032740829046815634,6131200,0,0,0.3491970896720886,0.28574138879776,0.48304349184036255,0.7050095796585083,0.9829869270324707,0.3367707133293152,0.5845319032669067,,0.0008082964341156185,0.0009466535411775112,0.6175816059112549,0.6328052282333374,0.7690226435661316,0.6888889074325562,0.9
96000,5.103206634521484,15.80082893371582,0.03428134322166443,0.949697278274796,0.3527805805206299,0.31849923729896545,0.10351036489009857,-0.001473950338549912,6144000,0,0,0.3260287046432495,0.27818524837493896,0.5071876645088196,0.747992992401123,0.9830845594406128,0.3506105840206146,0.604884684085846,,0.0008562798611819744,0.000832334510050714,0.635140061378479,0.6650567054748535,0.7761834859848022,0.6949045062065125,0.9
96200,5.589311599731445,17.665912628173828,0.036215782165527344,0.9451531413028305,0.3759084641933441,0.3396926820278168,0.1418900340795517,0.0004776582063641399,6156800,0,1,0.36275815963745117,0.272452175617218,0.4763641059398651,0.5807816982269287,0.9830774068832397,0.30963367223739624,0.5530529618263245,,0.0006690986920148134,0.0006762470584362745,0.6054040789604187,0.5191516876220703,0.7505794763565063,0.6620489358901978,0.9
96400,5.217778205871582,16.06289291381836,0.01576334238052368,0.9762553801139111,0.35189327597618103,0.33612993359565735,0.10593170672655106,0.004768474493175745,6169600,0,1,0.33807069063186646,0.2752230763435364,0.4915662705898285,0.6956770420074463,0.9769870042800903,0.26865673065185547,0.49063774943351746,,0.0007952159503474832,0.0009504115441814065,0.63128262758255,0.6305171847343445,0.7644309401512146,0.6922423839569092,0.9
96600,5.489746570587158,17.06770133972168,0.026757627725601196,0.9607101464337875,0.3457261323928833,0.3189685046672821,0.10886461287736893,0.0014556011883541942,6182400,0,0,0.3335080146789551,0.26548993587493896,0.46728208661079407,0.7008218169212341,0.9794303178787231,0.32754412293434143,0.5514247417449951,,0.0010051517747342587,0.0009340789401903749,0.5583427548408508,0.6369612216949463,0.7271854281425476,0.6607827544212341,0.9
96800,5.337512493133545,16.10908317565918,0.00846073031425476,0.9872354019480406,0.345632940530777,0.3371722102165222,0.11155126988887787,0.014015018939971924,6195200,0,0,0.3142664432525635,0.2633317708969116,0.4912777245044708,0.7100368738174438,0.9727941751480103,0.2597014904022217,0.4827679991722107,,0.0012301761889830232,0.001444646855816245,0.6233675479888916,0.6453719735145569,0.7504056692123413,0.6829509139060974,0.9
97000,5.096701622009277,15.92915153503418,0.0470488965511322,0.931405100088569,0.3611539304256439,0.3141050338745117,0.10791753977537155,-0.0003214394091628492,6208000,0,0,0.36328959465026855,0.2838153839111328,0.4791029691696167,0.7344324588775635,0.9817226529121399,0.3565807342529297,0.5991858839988708,,0.0010260948911309242,0.0009952012915164232,0.6006850004196167,0.6579364538192749,0.7656474709510803,0.6897478103637695,0.9
97200,5.896149158477783,19.683618545532227,0.041107386350631714,0.9388957858698285,0.3683651387691498,0.32725775241851807,0.15620635449886322,0.0008909644093364477,6220800,0,0,0.35648995637893677,0.2516578435897827,0.42482876777648926,0.700203537940979,0.9822438359260559,0.3590230941772461,0.5918589234352112,,0.0012262861710041761,0.0011686390498653054,0.5197193622589111,0.6128659844398499,0.6994959115982056,0.6146917343139648,0.9
97400,5.248882293701172,16.234268188476562,0.03332972526550293,0.9514171588186614,0.34729069471359253,0.3139609694480896,0.1036134660243988,-0.0003034715773537755,6233600,0,1,0.34062492847442627,0.27168381214141846,0.48362645506858826,0.6764700412750244,0.9747009873390198,0.2819538712501526,0.48955225944519043,,0.0013611135073006153,0.0010028313845396042,0.6065618991851807,0.6235761642456055,0.7363765239715576,0.6800815463066101,0.9
97600,5.539529323577881,17.041101455688477,0.0402701199054718,0.9430937696685772,0.33261263370513916,0.29234251379966736,0.09575933963060379,-0.0001745158660924062,6246400,0,1,0.32400834560394287,0.2618980407714844,0.45649462938308716,0.6221564412117004,0.9700321555137634,0.2754409909248352,0.4947082996368408,,0.0017385275568813086,0.001351875253021717,0.5271164178848267,0.5708027482032776,0.711208701133728,0.6504535675048828,0.9
97800,5.8013811111450195,20.323402404785156,0.017115622758865356,0.9749974738656656,0.33255988359451294,0.3154442608356476,0.145082488656044,0.0014252715045586228,6259200,0,0,0.31160634756088257,0.2191944718360901,0.48284751176834106,0.6358535289764404,0.9714629650115967,0.26377207040786743,0.4814111292362213,,0.0016393652185797691,0.001486854162067175,0.580396294593811,0.5774669647216797,0.6381620764732361,0.5780952572822571,0.9
98000,5.391056060791016,16.85939598083496,0.040705859661102295,0.9409887168618275,0.35090795159339905,0.31020209193229675,0.09875822067260742,0.0009863489540293813,6272000,0,1,0.3470802307128906,0.2798982858657837,0.4744678735733032,0.6788697242736816,0.9779502153396606,0.32618725299835205,0.5383989214897156,,0.0014337673783302307,0.001447089365683496,0.5664047598838806,0.615013599395752,0.7486137747764587,0.6784095764160156,0.9
98200,5.197463512420654,15.765297889709473,0.036339014768600464,0.948486672021905,0.3309096395969391,0.2945706248283386,0.09194973856210709,0.000792233448009938,6284800,0,0,0.29550445079803467,0.2630946636199951,0.5322533845901489,0.7106665372848511,0.967978298664093,0.2724559009075165,0.47679784893989563,,0.0013517625629901886,0.0013888025423511863,0.6225568652153015,0.6516933441162109,0.7396363615989685,0.6812537312507629,0.9
98400,6.714842319488525,19.3063907623291,0.0759163498878479,0.8901689639592619,0.3847059905529022,0.3087896406650543,0.13587665557861328,0.025187015533447266,6297600,0,0,0.3678497076034546,0.288061261177063,0.42931222915649414,0.6225430369377136,0.953910231590271,0.23012211918830872,0.37530529499053955,,0.0013905984815210104,0.002177339745685458,0.5179163217544556,0.6006473898887634,0.6169525980949402,0.5960918068885803,0.9
98600,5.901403903961182,18.357194900512695,0.014266282320022583,0.9791399841337385,0.33036065101623535,0.31609436869621277,0.1290893852710724,0.001727964379824698,6310400,0,1,0.3236595392227173,0.23113733530044556,0.4899155795574188,0.674161434173584,0.9692314267158508,0.25753054022789,0.480868399143219,,0.0016511294525116682,0.0016116875922307372,0.5712953209877014,0.6161978840827942,0.6793131232261658,0.6226844787597656,0.9
98800,5.486186504364014,15.507097244262695,0.03576117753982544,0.9476304025653179,0.3528997600078583,0.31713858246803284,0.1148557960987091,0.0034052471164613962,6323200,0,0,0.3420497179031372,0.2688920497894287,0.4638710916042328,0.7235510349273682,0.972441554069519,0.31668928265571594,0.5340570211410522,,0.001711436198092997,0.001698186038993299,0.5717052221298218,0.6505725979804993,0.7417014241218567,0.6677019000053406,0.9
99000,5.158027648925781,15.402352333068848,0.024085789918899536,0.9642642515302167,0.3500887155532837,0.32600292563438416,0.1209990605711937,0.0014501343248412013,6336000,0,0,0.3377019762992859,0.26053857803344727,0.4679458737373352,0.7117754817008972,0.9786008596420288,0.3074626922607422,0.5462687015533447,,0.0015771464677527547,0.0017669463995844126,0.584899365901947,0.6372225880622864,0.7324264645576477,0.6586064100265503,0.9
99200,5.210872173309326,16.18012809753418,0.014548063278198242,0.9769382045151235,0.38371846079826355,0.3691703975200653,0.13405542075634003,0.000233963830396533,6348800,0,0,0.38656193017959595,0.2882694602012634,0.4274175465106964,0.690901517868042,0.9802979230880737,0.351967453956604,0.5682497024536133,,0.0013297683326527476,0.0014567694161087275,0.5688536763191223,0.6254755258560181,0.7300317883491516,0.6686239242553711,0.9
99400,5.402637958526611,17.0577392578125,0.03114810585975647,0.9552264477441761,0.3354671895503998,0.3043190836906433,0.09447367489337921,0.0041945455595850945,6361600,0,1,0.3290029764175415,0.26581352949142456,0.5328160524368286,0.6069098114967346,0.9737295508384705,0.24776120483875275,0.4643148183822632,,0.0011935719521716237,0.0013435098808258772,0.6309051513671875,0.5555152893066406,0.7530490756034851,0.6791067719459534,0.9
99600,5.674867630004883,19.976911544799805,0.007383108139038086,0.9887827939571002,0.3491881787776947,0.3418050706386566,0.16808661818504333,0.009482884779572487,6374400,0,0,0.34220772981643677,0.21755337715148926,0.46173590421676636,0.6675094366073608,0.9720447659492493,0.2710990607738495,0.49335142970085144,,0.0015367319574579597,0.001680242596194148,0.5573638081550598,0.5983884930610657,0.6676189303398132,0.599933385848999,0.9
99800,5.789733409881592,20.94953727722168,0.023761987686157227,0.9644082442062624,0.3561358153820038,0.33237382769584656,0.16367292404174805,0.0015411098720505834,6387200,0,0,0.3530045747756958,0.23012959957122803,0.43218496441841125,0.638081967830658,0.9785350561141968,0.31858888268470764,0.5489823818206787,,0.0014062196714803576,0.001370500773191452,0.5370217561721802,0.5759608149528503,0.641679048538208,0.5792354941368103,0.9
100000,5.1571574211120605,15.780946731567383,0.02836906909942627,0.9578779926109442,0.3548715114593506,0.3265024423599243,0.10934161394834518,0.004822263028472662,6400000,0,0,0.3175051212310791,0.2756960988044739,0.4756641983985901,0.7439990043640137,0.9799473881721497,0.29633650183677673,0.5468114018440247,,0.0011818292550742626,0.0014430098235607147,0.60809326171875,0.6672025918960571,0.7657345533370972,0.6874576807022095,0.9
