step,loss,loss_tau_ref,gap,gap_ratio,ff,fp,tp,cross_batch,hf_rows_consumed,synth_rows_consumed,mixup_applied,r2_random,r2_naive,u_temporal,u_batch,auc,top1,top3,cpc_aux,sigreg_e,sigreg_h,u_temporal_e,u_batch_e,u_batchtime,u_batchtime_e
40200,16.235992431640625,16.325178146362305,0.7192399874329567,0.33625690208441433,0.6356279850006104,-0.08361200243234634,-0.06366695463657379,0.0014827429549768567,2572800,0,0,0.6354385018348694,0.6573770642280579,0.9028187990188599,0.9320722818374634,0.9999836087226868,0.9975576996803284,0.9994572997093201,0.02680579572916031,1.3689354091184214e-05,6.562069756910205e-05,0.21838626265525818,0.24237360060214996,0.9842345118522644,0.24926497042179108
40400,15.937304496765137,15.831429481506348,0.7034022584557533,0.34106256803147045,0.6359226703643799,-0.06747958809137344,-0.057280126959085464,-0.0002980574790854007,2585600,0,0,0.6355352103710175,0.6555713415145874,0.9149318337440491,0.9421550035476685,0.9999558329582214,0.9956580996513367,0.9997286796569824,0.012377419508993626,9.049149412021507e-06,6.46027474431321e-05,0.21431510150432587,0.23977290093898773,0.9827647805213928,0.2458241581916809
40600,16.25542640686035,16.277099609375,0.7091257125139236,0.3373251632724798,0.6390296816825867,-0.07009603083133698,-0.049345578998327255,0.0013830141397193074,2598400,0,1,0.6389426290988922,0.6559109687805176,0.925639808177948,0.9116809964179993,0.9999682307243347,0.9964722394943237,0.9994572997093201,0.02650926634669304,1.2219403288327157e-05,7.281411672011018e-05,0.21491436660289764,0.21837055683135986,0.9692044258117676,0.22800086438655853
40800,16.193397521972656,16.297006607055664,0.6916786730289459,0.3519695390388981,0.6243234872817993,-0.0673551857471466,-0.05716337636113167,4.475278910831548e-05,2611200,0,0,0.6196860671043396,0.644536018371582,0.9155920147895813,0.933812141418457,0.9999538064002991,0.994572639465332,0.9983718395233154,0.027056371793150902,6.982049853831995e-06,6.052926619304344e-05,0.22720909118652344,0.24787700176239014,0.9801988005638123,0.2549673914909363
41000,16.224843978881836,16.27208137512207,0.7112312093377113,0.3392012468946265,0.6349107623100281,-0.07632044702768326,-0.059353891760110855,0.0009156563901342452,2624000,0,0,0.629473090171814,0.6553057432174683,0.8798137903213501,0.9329730272293091,0.9999753832817078,0.9948440194129944,0.9997286796569824,0.024389969184994698,7.4235795182175934e-06,5.9424190112622455e-05,0.1977432519197464,0.2317846119403839,0.9790396094322205,0.237858846783638
41200,16.427539825439453,16.547393798828125,0.7303299084305763,0.33388178344988195,0.6339330673217773,-0.09639684110879898,-0.07683945447206497,0.0014053730992600322,2636800,0,0,0.6276700794696808,0.6599951684474945,0.8857204914093018,0.9191861152648926,0.9999568462371826,0.9915875792503357,0.9994572997093201,0.0350341834127903,1.5101533790584654e-05,8.042378613026813e-05,0.21516843140125275,0.24228915572166443,0.9728331565856934,0.24808260798454285
41400,17.205095291137695,17.803939819335938,0.6931024119257927,0.3471280929768742,0.6314815878868103,-0.06162082403898239,-0.04222541302442551,0.0034694294445216656,2649600,0,1,0.6304858028888702,0.6463650763034821,0.8962934017181396,0.8207060694694519,0.999946653842926,0.9948440194129944,0.9991859197616577,0.10716931521892548,1.7388625565217808e-05,7.912985165603459e-05,0.20550061762332916,0.2245860993862152,0.9745562672615051,0.2429409772157669
41600,15.985114097595215,15.935054779052734,0.715207040309906,0.33873588001647764,0.6336315870285034,-0.08157545328140259,-0.07027570903301239,8.83013490238227e-05,2662400,0,0,0.6272902488708496,0.657624363899231,0.8786381483078003,0.9392239451408386,0.9999640583992004,0.994572639465332,0.9991859197616577,0.015035111457109451,6.8777026172028854e-06,6.71697489451617e-05,0.20426200330257416,0.24115918576717377,0.9745206832885742,0.2440224587917328
41800,16.24906349182129,16.279630661010742,0.6971915364265442,0.34490609062727573,0.6329295635223389,-0.06426197290420532,-0.055722855031490326,0.0003755491634365171,2675200,0,0,0.6177298426628113,0.6522487998008728,0.9479156732559204,0.9345766305923462,0.9999671578407288,0.995115339756012,0.9991859197616577,0.023742256686091423,5.933852662565187e-06,6.354242214001715e-05,0.22633057832717896,0.2386162430047989,0.9876197576522827,0.24636097252368927
42000,16.47361946105957,16.68643569946289,0.7104445844888687,0.34011194606463313,0.6338307857513428,-0.07661379873752594,-0.06864333897829056,0.0005540779675357044,2688000,0,0,0.6275112628936768,0.6572737693786621,0.8898811936378479,0.9118077754974365,0.999954879283905,0.993758499622345,0.9991859197616577,0.04590898007154465,9.47791886574123e-06,6.696972559439018e-05,0.21163472533226013,0.23637908697128296,0.9816630482673645,0.24499614536762238
42200,16.35267448425293,16.370927810668945,0.6960988640785217,0.35111590597098774,0.6233358383178711,-0.07276302576065063,-0.06308965384960175,0.0015525688650086522,2700800,0,0,0.6052218675613403,0.645600289106369,0.885858416557312,0.9313207268714905,0.9999538064002991,0.9956580996513367,0.9989145398139954,0.027527621015906334,1.8320690287509933e-05,7.740524597465992e-05,0.21508824825286865,0.25210145115852356,0.9716014862060547,0.25434404611587524
42400,16.951496124267578,17.444456100463867,0.6954119428992271,0.3489346481387508,0.6272980570793152,-0.06811388581991196,-0.05689449608325958,0.0036791020538657904,2713600,0,1,0.6199623644351959,0.6473163664340973,0.9366616606712341,0.8297871351242065,0.9999743103981018,0.9956580996513367,0.9997286796569824,0.0719757080078125,1.4439987353398465e-05,7.061559881549329e-05,0.22965985536575317,0.21999752521514893,0.9742120504379272,0.24376250803470612
42600,16.763277053833008,17.10505485534668,0.71775271743536,0.3399692833856754,0.6302992105484009,-0.08745350688695908,-0.07992681115865707,0.0027427650056779385,2726400,0,1,0.6219708621501923,0.657552182674408,0.8915669322013855,0.8638322353363037,0.9999589323997498,0.994572639465332,0.9989145398139954,0.06396767497062683,9.305708772444632e-06,6.579540786333382e-05,0.2206953763961792,0.2365356981754303,0.9751192927360535,0.251779168844223
42800,16.866430282592773,17.298084259033203,0.6909963376820087,0.34936485261594447,0.6289628148078918,-0.0620335228741169,-0.05561760067939758,0.0037908090744167566,2739200,0,1,0.6224787533283234,0.6484527885913849,0.9224962592124939,0.8479999303817749,0.9999805688858032,0.9964722394943237,0.9997286796569824,0.05979060381650925,7.936367182992399e-06,6.108167872298509e-05,0.22645102441310883,0.22777441143989563,0.982150137424469,0.24960185587406158
43000,16.915353775024414,17.327482223510742,0.7023653760552406,0.3442158687334357,0.6313340067863464,-0.0710313692688942,-0.06197601556777954,0.004389491397887468,2752000,0,1,0.6261145770549774,0.6527368724346161,0.9201608300209045,0.8357827663421631,0.9999630451202393,0.9918588995933533,1.0,0.06296508014202118,1.3278681763040368e-05,7.252328214235604e-05,0.22510585188865662,0.22794973850250244,0.9782198667526245,0.2500973045825958
43200,16.098312377929688,16.077983856201172,0.7073186039924622,0.3429581386551779,0.6307987570762634,-0.07651984691619873,-0.06744023412466049,0.00038606434827670455,2764800,0,0,0.6230440735816956,0.6540340781211853,0.9449615478515625,0.942911684513092,0.9999701976776123,0.9943012595176697,0.9994572997093201,0.015968039631843567,6.584557922906242e-06,6.555252184625715e-05,0.23237738013267517,0.24260777235031128,0.9840413331985474,0.24792014062404633
43400,17.061376571655273,17.624887466430664,0.6859413906931877,0.35472679304542976,0.6229166388511658,-0.06302475184202194,-0.044459614902734756,0.0026299594901502132,2777600,0,1,0.6227597296237946,0.6388911604881287,0.9054669737815857,0.8411672115325928,0.9999682307243347,0.994572639465332,0.9994572997093201,0.09053321182727814,2.743288132478483e-05,7.6361968240235e-05,0.2131492793560028,0.225335955619812,0.9722475409507751,0.24553841352462769
43600,16.135290145874023,16.256370544433594,0.6908497102558613,0.34644302469564864,0.633788526058197,-0.05706118419766426,-0.03846852481365204,0.00043125692172907293,2790400,0,0,0.6289702653884888,0.6472843587398529,0.9022723436355591,0.9313095211982727,0.9999517202377319,0.9921302795410156,0.998643159866333,0.01893686130642891,1.145519308920484e-05,6.489201041404158e-05,0.2111160010099411,0.2335972785949707,0.972233772277832,0.24047550559043884
43800,16.70615577697754,16.980710983276367,0.675571896135807,0.35967128694957834,0.6205326914787292,-0.05503920465707779,-0.039233628660440445,0.0025290302000939846,2803200,0,1,0.621153324842453,0.6347702443599701,0.9093924760818481,0.8601574897766113,0.9999692440032959,0.9953867197036743,0.998643159866333,0.04757652059197426,6.570565346919466e-06,6.370965274982154e-05,0.2245141565799713,0.24263453483581543,0.9793112874031067,0.2632732093334198
44000,16.09882164001465,16.32042121887207,0.6941041871905327,0.3497423817007189,0.6266746520996094,-0.06742953509092331,-0.04687910154461861,0.00019008273375220597,2816000,0,0,0.6199605762958527,0.643256813287735,0.8202611207962036,0.9376600980758667,0.9999476075172424,0.994572639465332,0.9991859197616577,0.03221150115132332,1.2675587640842423e-05,7.430724508594722e-05,0.19683820009231567,0.25580376386642456,0.9677454233169556,0.2582305073738098
44200,16.820524215698242,17.236284255981445,0.698660746216774,0.34711804685981873,0.6285427212715149,-0.0701180249452591,-0.0582507848739624,0.002217806177213788,2828800,0,1,0.6191293299198151,0.6489067077636719,0.910775363445282,0.8567401170730591,0.9999682307243347,0.993758499622345,0.9997286796569824,0.07861889153718948,1.1531619747984223e-05,5.7677545555634424e-05,0.2172008603811264,0.2319483757019043,0.9761295914649963,0.24985474348068237
44400,16.292510986328125,16.411705017089844,0.7042414173483849,0.34390222640233004,0.6308626532554626,-0.07337876409292221,-0.05859888345003128,0.0015189143596217036,2841600,0,0,0.6291907727718353,0.6511968970298767,0.9268530607223511,0.933946967124939,0.9999825358390808,0.9956580996513367,1.0,0.03476196154952049,6.053590368537698e-06,5.774294550064951e-05,0.22951902449131012,0.24669136106967926,0.98561030626297,0.25418853759765625
44600,16.256223678588867,16.299114227294922,0.7126785218715668,0.33878516036632267,0.6348465085029602,-0.07783201336860657,-0.06343118846416473,0.002046894747763872,2854400,0,1,0.6345492601394653,0.6565461158752441,0.9040703177452087,0.9237024188041687,0.9999866485595703,0.9967436194419861,1.0,0.024482503533363342,5.664672244165558e-06,5.718832107959315e-05,0.2231944352388382,0.2363412082195282,0.9769782423973083,0.24564756453037262
44800,16.091482162475586,16.08717918395996,0.7055214494466782,0.34888872964100753,0.6219563484191895,-0.08356510102748871,-0.07340514659881592,-0.0002099814300891012,2867200,0,0,0.6038721203804016,0.6477150619029999,0.9148494601249695,0.9481337666511536,0.9999600052833557,0.993215799331665,0.9989145398139954,0.018428917974233627,8.854553016135469e-06,5.795009928988293e-05,0.23161685466766357,0.25480109453201294,0.9787607789039612,0.2582489550113678
45000,16.257762908935547,16.32225799560547,0.7072168439626694,0.3479417379536748,0.6226253509521484,-0.08459149301052094,-0.06422968953847885,0.0017782083014026284,2880000,0,0,0.6099370718002319,0.6451902091503143,0.9175246357917786,0.9429011344909668,0.9999836087226868,0.995929479598999,1.0,0.022346993908286095,8.301610250782687e-06,6.137439049780369e-05,0.23277215659618378,0.2567059397697449,0.98265540599823,0.2620902359485626
45200,16.11452865600586,16.15658950805664,0.7064877524971962,0.3415058566964118,0.6336038708686829,-0.07288388162851334,-0.0587279349565506,-1.943696588568855e-05,2892800,0,0,0.6276479363441467,0.6538549065589905,0.9218472838401794,0.9405921101570129,0.9999682307243347,0.993758499622345,0.9994572997093201,0.024297432973980904,7.652449312445242e-06,6.117195152910426e-05,0.22418716549873352,0.2448064386844635,0.9784367680549622,0.2496468722820282
45400,16.458267211914062,16.86379623413086,0.7156501188874245,0.3435355725365404,0.6254918575286865,-0.09015826135873795,-0.0708174780011177,0.00121683394536376,2905600,0,0,0.6106619238853455,0.6501519680023193,0.9132817387580872,0.9113191366195679,0.9999414682388306,0.9926730394363403,0.9991859197616577,0.04433704912662506,6.811261300754268e-06,5.771433643531054e-05,0.2275344729423523,0.24692940711975098,0.9798569083213806,0.2566487789154053
45600,17.018884658813477,17.465044021606445,0.7000354006886482,0.34289299289807135,0.6347060203552246,-0.06532938033342361,-0.048806238919496536,0.004272987134754658,2918400,0,1,0.6288805603981018,0.6516186594963074,0.9161555767059326,0.8306885361671448,0.9999403953552246,0.9926730394363403,0.9991859197616577,0.08456194400787354,1.1130796337965876e-05,6.156695599202067e-05,0.21384814381599426,0.2171827107667923,0.9744758605957031,0.24087011814117432
45800,16.064599990844727,16.13483238220215,0.7070446386933327,0.34372401831120564,0.6296859383583069,-0.07735870033502579,-0.062499769032001495,0.0005055482033640146,2931200,0,0,0.6177752017974854,0.6513503193855286,0.8826471567153931,0.9384589195251465,0.9999764561653137,0.9962008595466614,0.9989145398139954,0.021226057782769203,9.124010830419138e-06,5.4718802857678384e-05,0.2138344645500183,0.2467215657234192,0.9766274690628052,0.2508377730846405
46000,16.222871780395508,16.381074905395508,0.7103715538978577,0.3412760645307598,0.6319659948348999,-0.07840555906295776,-0.06454990804195404,0.0009886338375508785,2944000,0,0,0.6322319805622101,0.6541596949100494,0.9313597679138184,0.9361558556556702,0.9999610185623169,0.9953867197036743,0.998643159866333,0.023766301572322845,9.739802408148535e-06,5.8348090533399954e-05,0.23420687019824982,0.25201529264450073,0.983439028263092,0.25802430510520935
46200,16.740108489990234,17.184274673461914,0.6984085999429226,0.3404272206226739,0.6395283341407776,-0.058880265802145004,-0.040483660995960236,0.002350220922380686,2956800,0,1,0.6420617401599884,0.6534393429756165,0.8703977465629578,0.8651819825172424,0.9999877214431763,0.9970149397850037,1.0,0.0589672327041626,2.8726126402034424e-05,8.468850137433037e-05,0.21161560714244843,0.23339101672172546,0.970559298992157,0.25009068846702576
46400,16.246553421020508,16.41797637939453,0.7075532972812653,0.34646810943550116,0.6248925924301147,-0.08266070485115051,-0.07222843170166016,-8.756598981563002e-05,2969600,0,0,0.6219306886196136,0.6500701606273651,0.8986805081367493,0.9366872310638428,0.9999671578407288,0.994572639465332,0.9991859197616577,0.024448243901133537,6.5940134845732246e-06,5.611197411781177e-05,0.22436676919460297,0.2482510209083557,0.9740913510322571,0.25412437319755554
46600,16.31580924987793,16.495954513549805,0.6954824477434158,0.3503883727446933,0.6248697638511658,-0.07061268389225006,-0.05894400179386139,0.0007486327085644007,2982400,0,1,0.6070515811443329,0.6456467509269714,0.9141589403152466,0.9214916229248047,0.9999753832817078,0.9964722394943237,0.9991859197616577,0.023130763322114944,7.329780146392295e-06,6.120970647316426e-05,0.2276982069015503,0.2544098496437073,0.9781516194343567,0.26011285185813904
46800,16.132532119750977,16.143800735473633,0.7104948163032532,0.3389715914374871,0.635662317276001,-0.0748324990272522,-0.06460868567228317,0.0008356691105291247,2995200,0,0,0.6369999051094055,0.6576626300811768,0.948347270488739,0.9388027191162109,0.9999794960021973,0.9956580996513367,1.0,0.017767487093806267,8.691688890394289e-06,5.738499021390453e-05,0.23696866631507874,0.24710044264793396,0.9863184690475464,0.2539184093475342
47000,16.27356719970703,16.387081146240234,0.697747103869915,0.34465838151387224,0.633039653301239,-0.064707450568676,-0.050207238644361496,0.0008072597556747496,3008000,0,0,0.6329183280467987,0.650477409362793,0.9208928346633911,0.9310264587402344,0.9999877214431763,0.9967436194419861,1.0,0.02412707358598709,8.393068128498271e-06,5.755545134888962e-05,0.23471404612064362,0.24695873260498047,0.9833925366401672,0.256106972694397
47200,16.17658233642578,16.324342727661133,0.7004255875945091,0.3478820729334798,0.6263474822044373,-0.07407810539007187,-0.054125718772411346,0.0009093611733987927,3020800,0,0,0.6210986077785492,0.6454479098320007,0.876514196395874,0.935086727142334,0.9999157786369324,0.992401659488678,0.9983718395233154,0.02238401025533676,1.9803792383754626e-05,7.43004638934508e-05,0.22677657008171082,0.26236987113952637,0.9712069630622864,0.26515960693359375
47400,16.33233642578125,16.54562759399414,0.7085417062044144,0.3417031624309152,0.6322161555290222,-0.07632555067539215,-0.0684230700135231,0.0006562818889506161,3033600,0,0,0.6201544106006622,0.6557123959064484,0.8831620216369629,0.9177777171134949,0.9999610185623169,0.9940298795700073,0.9997286796569824,0.036432620137929916,7.981137059687171e-06,5.579438220593147e-05,0.22003155946731567,0.2506605386734009,0.9719828963279724,0.2593655586242676
47600,16.224863052368164,16.323511123657227,0.7076462581753731,0.3456725745974516,0.6261597871780396,-0.08148647099733353,-0.06703782826662064,-0.00021151397959329188,3046400,0,0,0.6193467676639557,0.6495785415172577,0.9068283438682556,0.9408078193664551,0.9999394416809082,0.993758499622345,0.9991859197616577,0.02539125829935074,7.1699105319567025e-06,5.7983503211289644e-05,0.2365470826625824,0.26053810119628906,0.9802895188331604,0.2644706070423126
47800,16.342723846435547,16.361888885498047,0.7051089778542519,0.3436762386166679,0.6307779550552368,-0.07433102279901505,-0.05933604761958122,0.0011745602823793888,3059200,0,0,0.6262102425098419,0.6514125764369965,0.9197925925254822,0.927700400352478,0.9999846816062927,0.997286319732666,0.9997286796569824,0.02343195676803589,1.0878120519919321e-05,6.0010112065356225e-05,0.23321983218193054,0.253226637840271,0.9834348559379578,0.25981104373931885
48000,16.256736755371094,16.591751098632812,0.6980558633804321,0.3436867566768613,0.6344541907310486,-0.06360167264938354,-0.04762197658419609,0.0003711517492774874,3072000,0,0,0.6235850155353546,0.6508484780788422,0.9224464893341064,0.9303649663925171,0.9999753832817078,0.9948440194129944,0.9997286796569824,0.021818857640028,7.523142812715378e-06,5.913727363804355e-05,0.22623394429683685,0.24486581981182098,0.978266179561615,0.2534595727920532
48200,16.220500946044922,16.33770751953125,0.6826430782675743,0.35420248755536854,0.6255887150764465,-0.05705436319112778,-0.045425865799188614,0.00031932321144267917,3084800,0,0,0.6161720454692841,0.6417995989322662,0.9003568887710571,0.9499293565750122,0.9999507665634155,0.995929479598999,0.9994572997093201,0.018099671229720116,9.621603567211423e-06,5.929802136961371e-05,0.2276969999074936,0.25962066650390625,0.9764125347137451,0.2639220058917999
48400,16.90593910217285,17.27402687072754,0.6949107795953751,0.34785718997349024,0.6293300986289978,-0.06558068096637726,-0.05058334395289421,0.0037046170327812433,3097600,0,1,0.6287066638469696,0.6470912098884583,0.9345298409461975,0.8274790048599243,0.9999836087226868,0.9975576996803284,0.9997286796569824,0.06330135464668274,1.4379315871337894e-05,6.785463483538479e-05,0.2324553281068802,0.22864976525306702,0.9755387306213379,0.2540677487850189
48600,16.25408363342285,16.20930290222168,0.6967230811715126,0.3498514624492117,0.6250863075256348,-0.07163677364587784,-0.06317596882581711,0.0009845972526818514,3110400,0,0,0.6252518594264984,0.6472524702548981,0.9310325384140015,0.9410797953605652,0.9999496936798096,0.9918588995933533,0.998643159866333,0.022513220086693764,7.163996997405775e-06,6.376973760779947e-05,0.23599179089069366,0.26344698667526245,0.9818705320358276,0.26829439401626587
48800,15.9619779586792,15.835844993591309,0.6975545063614845,0.3467329639601861,0.6297606825828552,-0.0677938237786293,-0.056734029203653336,0.0007340487209148705,3123200,0,0,0.6046653389930725,0.6494663655757904,0.941436231136322,0.954230546951294,0.9999897480010986,0.9978290796279907,0.9997286796569824,0.011114913038909435,9.040080840350129e-06,6.367244350258261e-05,0.23954994976520538,0.255057156085968,0.9863032698631287,0.25918149948120117
49000,16.251983642578125,16.16830062866211,0.7086789086461067,0.34243059538595233,0.6309540271759033,-0.0777248814702034,-0.05514742434024811,0.0002789375721476972,3136000,0,0,0.6256388425827026,0.6501394510269165,0.8689107894897461,0.9423648715019226,0.9999712705612183,0.9943012595176697,0.9997286796569824,0.022604577243328094,1.5056719348649494e-05,6.688440043944865e-05,0.21223574876785278,0.2601257264614105,0.9758070111274719,0.26147958636283875
49200,16.191591262817383,16.307750701904297,0.6942130848765373,0.3459183588299699,0.6328576803207397,-0.06135540455579758,-0.05031686648726463,0.0005263624479994178,3148800,0,0,0.6227380037307739,0.6503900587558746,0.9241973757743835,0.9290317296981812,0.9999671578407288,0.993215799331665,0.9997286796569824,0.026667511090636253,7.295198884094134e-06,5.6626337027410045e-05,0.22478611767292023,0.24171054363250732,0.9779161810874939,0.24817095696926117
49400,16.751144409179688,17.043197631835938,0.7108441889286041,0.3409196645870833,0.6323046684265137,-0.07853952050209045,-0.05514240637421608,0.0028180601075291634,3161600,0,1,0.6321375370025635,0.6513788998126984,0.9038222432136536,0.8686522245407104,0.9999794960021973,0.995929479598999,0.9997286796569824,0.054272040724754333,8.596789484727196e-06,6.587705865968019e-05,0.2241879254579544,0.24539868533611298,0.9791529774665833,0.26263320446014404
49600,16.183338165283203,16.216093063354492,0.7054099068045616,0.34357938009057654,0.630778968334198,-0.07463093847036362,-0.06351884454488754,0.0008500449475832283,3174400,0,0,0.6249335706233978,0.6527333557605743,0.9058788418769836,0.9433344006538391,0.9999753832817078,0.9956580996513367,0.9994572997093201,0.02212211675941944,1.3403737284534145e-05,6.685531843686476e-05,0.2252325713634491,0.2532484233379364,0.9834430813789368,0.26001062989234924
49800,16.712873458862305,16.9212589263916,0.6921273320913315,0.3430986333720369,0.6385028958320618,-0.053624436259269714,-0.04449770227074623,0.0035840363707393408,3187200,0,1,0.6325566470623016,0.6538322567939758,0.9213036894798279,0.8673391938209534,0.9999764561653137,0.9967436194419861,0.9994572997093201,0.04661593586206436,1.097810218197992e-05,6.186889368109405e-05,0.22041717171669006,0.219452902674675,0.968438982963562,0.23877747356891632
50000,16.040489196777344,15.97671890258789,0.6973553821444511,0.3447464454380907,0.6331026554107666,-0.06425272673368454,-0.048767656087875366,0.0006674146861769259,3200000,0,1,0.633366048336029,0.6501129269599915,0.9203715324401855,0.9434865713119507,0.9999805688858032,0.9964722394943237,0.9997286796569824,0.011835187673568726,6.652542197116418e-06,6.203602970344946e-05,0.22347787022590637,0.2452934831380844,0.9826149940490723,0.25188297033309937
50200,15.962851524353027,15.931750297546387,0.708403967320919,0.342099432093838,0.6316394805908203,-0.07676448673009872,-0.06758849322795868,9.704643889563158e-05,3212800,0,0,0.6234734952449799,0.654915452003479,0.8943700790405273,0.9429786205291748,0.9999682307243347,0.992401659488678,1.0,0.010625447146594524,1.2125525245210156e-05,6.372798816300929e-05,0.21863247454166412,0.2493586242198944,0.9731840491294861,0.25391167402267456
50400,16.277572631835938,16.241939544677734,0.7077280953526497,0.34366987344639505,0.6294169425964355,-0.07831115275621414,-0.06512047350406647,-0.00029095602803863585,3225600,0,0,0.6130843758583069,0.6519120633602142,0.946414589881897,0.9334868788719177,0.9999743103981018,0.9948440194129944,0.9997286796569824,0.02145477384328842,7.559998266515322e-06,5.970007987343706e-05,0.23264142870903015,0.2454839050769806,0.9861313104629517,0.2518050968647003
50600,16.032325744628906,15.906124114990234,0.7203113064169884,0.33666929608377677,0.634410560131073,-0.08590074628591537,-0.07447804510593414,-0.00013537226186599582,3238400,0,0,0.6218767166137695,0.6597200930118561,0.8612431287765503,0.9403486251831055,0.9999692440032959,0.993215799331665,0.9997286796569824,0.017701467499136925,1.2778590644302312e-05,6.183188816066831e-05,0.20917662978172302,0.2516544759273529,0.973881721496582,0.25479182600975037
50800,16.31174087524414,16.349849700927734,0.7080111056566238,0.3423856884959483,0.6313753128051758,-0.07663579285144806,-0.06000390648841858,0.0008168176864273846,3251200,0,1,0.6199435591697693,0.6521387100219727,0.8901342153549194,0.9364351034164429,0.9999723434448242,0.994572639465332,0.9994572997093201,0.022305019199848175,1.6016238078009337e-05,7.17804505256936e-05,0.2189822494983673,0.2563415765762329,0.9820168614387512,0.26050567626953125
51000,16.022411346435547,15.961261749267578,0.6933642476797104,0.34967636428917787,0.6271808743476868,-0.06618337333202362,-0.05619490519165993,0.00045768366544507444,3264000,0,0,0.6223529875278473,0.6469274163246155,0.9337937831878662,0.9522337317466736,0.9999620318412781,0.993215799331665,0.9994572997093201,0.013864566572010517,9.24704727367498e-06,6.412432412616909e-05,0.23664145171642303,0.2536834180355072,0.985981822013855,0.25811567902565
51200,16.221057891845703,16.26313018798828,0.6766600720584393,0.35708901268483406,0.6241658926010132,-0.05249417945742607,-0.045370884239673615,0.0007055529858916998,3276800,0,0,0.6108650267124176,0.6403757035732269,0.9193845987319946,0.9152927398681641,0.9999651312828064,0.9953867197036743,0.9991859197616577,0.021046306937932968,9.209631571138743e-06,6.013701931806281e-05,0.22637231647968292,0.23742099106311798,0.9707796573638916,0.2469189465045929
51400,15.969267845153809,15.93448257446289,0.6978856027126312,0.34467602255763724,0.6329381465911865,-0.0649474561214447,-0.05295941233634949,0.0004612237971741706,3289600,0,0,0.6360359489917755,0.6513209640979767,0.9161550998687744,0.9490058422088623,0.9999641180038452,0.9948440194129944,0.9989145398139954,0.015296749770641327,1.3534750905819237e-05,6.29890855634585e-05,0.22587047517299652,0.25007349252700806,0.9832642674446106,0.25548169016838074
51600,17.152542114257812,17.47417449951172,0.6966751515865326,0.3446910589255093,0.6335504055023193,-0.06312474608421326,-0.048364970833063126,0.004791834391653538,3302400,0,1,0.6303056478500366,0.6503539681434631,0.9147939085960388,0.807309627532959,0.9999682307243347,0.9953867197036743,0.9994572997093201,0.0752672478556633,1.4343837392516434e-05,6.747851148247719e-05,0.2245529294013977,0.22157010436058044,0.9691010117530823,0.2494577318429947
51800,16.512182235717773,16.196044921875,0.7196076139807701,0.34128047417827084,0.6271736025810242,-0.09243401139974594,-0.07205019891262054,0.000490074569825083,3315200,0,0,0.6098912358283997,0.6521385312080383,0.8776322603225708,0.9393855333328247,0.9999476075172424,0.9929444193840027,0.9989145398139954,0.031084271147847176,1.006509228318464e-05,6.660041981376708e-05,0.21863065659999847,0.26221203804016113,0.9764742255210876,0.26368609070777893
52000,17.236858367919922,17.859968185424805,0.690853513777256,0.3467754143952428,0.6332486271858215,-0.05760488659143448,-0.052869170904159546,0.004600059241056442,3328000,0,1,0.6071124076843262,0.6515624523162842,0.9278621673583984,0.8049821853637695,0.9999712705612183,0.993215799331665,1.0,0.09820975363254547,9.816503734327853e-06,5.94972625549417e-05,0.23194041848182678,0.22435922920703888,0.9774814248085022,0.2532787621021271
52200,16.168209075927734,16.2083683013916,0.7084231674671173,0.34089292126803833,0.6336005926132202,-0.0748225748538971,-0.06646453589200974,0.0008239817689172924,3340800,0,0,0.6226640343666077,0.6563352644443512,0.9221105575561523,0.9397664070129395,0.9999784231185913,0.9962008595466614,0.9991859197616577,0.018202215433120728,1.2135035831306595e-05,6.279406079556793e-05,0.23401857912540436,0.25402703881263733,0.9810683131217957,0.26063072681427
52400,16.29470443725586,16.465543746948242,0.7074630334973335,0.3438619353574303,0.6292402148246765,-0.07822281867265701,-0.06759335100650787,0.0014155860990285873,3353600,0,0,0.6113523244857788,0.6526266932487488,0.8992415070533752,0.9311951398849487,0.9999805688858032,0.995929479598999,0.9997286796569824,0.02628098800778389,2.0040635718032718e-05,6.643609958700836e-05,0.22687692940235138,0.2534811496734619,0.9808216094970703,0.2608128786087036
52600,16.3782958984375,16.40875244140625,0.7084402963519096,0.34166896581700884,0.6323246955871582,-0.07611560076475143,-0.06774783134460449,0.0007230459596030414,3366400,0,0,0.6273380219936371,0.6556403040885925,0.8970425724983215,0.9243056774139404,0.9999701976776123,0.9948440194129944,0.9997286796569824,0.02809775248169899,2.8135666070738807e-05,7.695448584854603e-05,0.2163897156715393,0.25394582748413086,0.9759121537208557,0.25859445333480835
52800,17.126319885253906,17.450368881225586,0.691256120800972,0.34951928109402736,0.628571093082428,-0.062685027718544,-0.05567190423607826,0.004594945814460516,3379200,0,1,0.6244814097881317,0.6481006443500519,0.9456692337989807,0.8154065012931824,0.9999794960021973,0.9962008595466614,0.9994572997093201,0.08535812050104141,2.7941012376686558e-05,7.42449628887698e-05,0.23651914298534393,0.2262810468673706,0.9829849600791931,0.25329315662384033
53000,17.081514358520508,17.313762664794922,0.7172814756631851,0.3390869875022958,0.6319926977157593,-0.08528877794742584,-0.06893277168273926,0.0042986515909433365,3392000,0,1,0.6223543882369995,0.6556529402732849,0.9093260765075684,0.8460252285003662,0.9999661445617676,0.995115339756012,0.9994572997093201,0.06586816906929016,1.7818565538618714e-05,8.063304994720966e-05,0.2199718952178955,0.22371092438697815,0.9754573106765747,0.2449501007795334
53200,16.28779411315918,16.334047317504883,0.7048136666417122,0.3459453109036744,0.6272070407867432,-0.07760662585496902,-0.06511363387107849,0.0007460933993570507,3404800,0,0,0.6156934797763824,0.6499073505401611,0.8883681297302246,0.9383715391159058,0.9999753832817078,0.994572639465332,0.9997286796569824,0.031098023056983948,2.02081173483748e-05,8.715612057130784e-05,0.21913841366767883,0.25119152665138245,0.9782803058624268,0.2575004994869232
53400,16.304651260375977,16.32208251953125,0.7104897797107697,0.3417534397338528,0.6311225295066833,-0.0793672502040863,-0.0681520625948906,0.002055009827017784,3417600,0,1,0.6250723004341125,0.6546155214309692,0.9279004335403442,0.919226884841919,0.9999558329582214,0.995929479598999,0.9991859197616577,0.024592608213424683,2.0921213945257477e-05,8.635904669063166e-05,0.2245265692472458,0.23882654309272766,0.9827913641929626,0.2516098618507385
53600,16.19627571105957,16.34066390991211,0.7007758542895317,0.3438215997018834,0.6328104138374329,-0.06796544045209885,-0.05873063951730728,0.0010822998592630029,3430400,0,0,0.6267541944980621,0.6530904173851013,0.8529440760612488,0.9360041618347168,0.9999743103981018,0.995929479598999,0.9994572997093201,0.03245776891708374,2.024796776822768e-05,8.771815919317305e-05,0.20125128328800201,0.24269351363182068,0.9772579073905945,0.2478068619966507
53800,16.032669067382812,15.974530220031738,0.6964316293597221,0.34791450578788274,0.6284250020980835,-0.06800662726163864,-0.05283995345234871,0.0006245047552511096,3443200,0,0,0.6186229884624481,0.6470098197460175,0.9147433638572693,0.9433408975601196,0.9999558925628662,0.994572639465332,0.9991859197616577,0.014089819975197315,2.0674819097621366e-05,9.056484850589186e-05,0.2137998789548874,0.24256622791290283,0.982207715511322,0.24783681333065033
54000,16.084169387817383,15.935056686401367,0.7112531438469887,0.34367061871185106,0.6275699138641357,-0.08368322998285294,-0.06525036692619324,0.0010225437581539154,3456000,0,0,0.6193053126335144,0.6502943933010101,0.9220597147941589,0.9449483752250671,0.9999599456787109,0.9940298795700073,0.998643159866333,0.013510770164430141,2.6594869268592447e-05,0.00010859369649551809,0.22651028633117676,0.2504701018333435,0.9803512692451477,0.25584131479263306
54200,16.109346389770508,16.028560638427734,0.7044624388217926,0.34217027365576935,0.6335737109184265,-0.07088872790336609,-0.0533202663064003,0.0006712903850711882,3468800,0,0,0.6333402395248413,0.652048647403717,0.9317353963851929,0.9484730362892151,0.9999784231185913,0.9962008595466614,0.9994572997093201,0.012466750107705593,2.5795243345783092e-05,9.413450607098639e-05,0.22159714996814728,0.232359379529953,0.9800924062728882,0.24004042148590088
54400,16.19106101989746,16.148542404174805,0.6907372288405895,0.34883841239700114,0.6299602389335632,-0.06077698990702629,-0.04660876467823982,0.000776506494730711,3481600,0,0,0.6237750947475433,0.6463234126567841,0.9439100027084351,0.9383772611618042,0.9999784231185913,0.9967436194419861,0.9991859197616577,0.017114145681262016,2.378082717768848e-05,9.971360850613564e-05,0.2296932488679886,0.2392120063304901,0.98143070936203,0.24577951431274414
54600,16.540807723999023,16.760196685791016,0.6930869221687317,0.3476801888148348,0.6305913329124451,-0.06249558925628662,-0.05315698683261871,0.0013352778041735291,3494400,0,0,0.6206265687942505,0.6492075622081757,0.9198936820030212,0.9148378372192383,0.9999733567237854,0.995115339756012,0.9994572997093201,0.032559849321842194,2.275626320624724e-05,9.409237100044265e-05,0.22160108387470245,0.24121889472007751,0.9803431630134583,0.2486041784286499
54800,16.746498107910156,17.12192153930664,0.6934912316501141,0.34407877330658293,0.6362130045890808,-0.05727822706103325,-0.04977702349424362,0.004134857561439276,3507200,0,1,0.6299256086349487,0.6534305512905121,0.9259771108627319,0.8390756845474243,0.9999630451202393,0.993758499622345,0.9991859197616577,0.050202369689941406,2.2111929865786806e-05,9.117899753618985e-05,0.20882324874401093,0.21116557717323303,0.9719792008399963,0.23401238024234772
55000,16.453075408935547,16.633203506469727,0.7012041062116623,0.34772501461439664,0.6261910796165466,-0.07501302659511566,-0.06308162957429886,0.001078052562661469,3520000,0,0,0.6214673817157745,0.6482952535152435,0.892624020576477,0.9181698560714722,0.9999651312828064,0.993758499622345,0.9994572997093201,0.03614860028028488,2.738459807005711e-05,9.673697059042752e-05,0.206300288438797,0.23329326510429382,0.9726271033287048,0.2404526174068451
55200,16.426301956176758,16.6029052734375,0.6864395625889301,0.3530159605921597,0.6254557967185974,-0.06098376587033272,-0.052996739745140076,0.002034480683505535,3532800,0,0,0.6158152520656586,0.6442211270332336,0.9227805733680725,0.9199426770210266,0.9999620318412781,0.993758499622345,0.9994572997093201,0.03165038675069809,2.278822285006754e-05,9.667003905633464e-05,0.21110349893569946,0.2320593297481537,0.9815946817398071,0.24008163809776306
55400,16.145118713378906,16.159162521362305,0.7275905832648277,0.3398961096811927,0.6253541111946106,-0.10223647207021713,-0.08062178641557693,0.00048116958350874484,3545600,0,0,0.6254673600196838,0.6532280147075653,0.914277195930481,0.9252623319625854,0.9999486804008484,0.9940298795700073,0.9989145398139954,0.017996324226260185,2.7666759706335142e-05,0.00010409038804937154,0.23112839460372925,0.25119680166244507,0.9680818319320679,0.25695765018463135
55600,16.204343795776367,16.055091857910156,0.6984099447727203,0.34947986840004724,0.624792218208313,-0.07361772656440735,-0.06089624762535095,-0.00039660983020439744,3558400,0,0,0.624944269657135,0.6462332308292389,0.9129641056060791,0.9556475877761841,0.9999805688858032,0.9953867197036743,1.0,0.015614462085068226,2.1764353732578456e-05,9.013937233248726e-05,0.2258491814136505,0.25425219535827637,0.9825090169906616,0.25773942470550537
55800,16.173500061035156,16.328107833862305,0.705516904592514,0.3428284531632955,0.631951093673706,-0.07356581091880798,-0.05943320691585541,0.0010297091212123632,3571200,0,1,0.6290988028049469,0.6525447964668274,0.925079882144928,0.9349303841590881,0.9999743103981018,0.995115339756012,0.9994572997093201,0.024999480694532394,3.527252556523308e-05,0.0001009016705211252,0.2283058911561966,0.25029224157333374,0.9807310104370117,0.2565227746963501
56000,16.038990020751953,16.12099838256836,0.723318375647068,0.3373000046848057,0.63184654712677,-0.091471828520298,-0.08701425045728683,-0.00010582507093204185,3584000,0,0,0.6317789852619171,0.6612552404403687,0.8863308429718018,0.9478432536125183,0.9999805688858032,0.9956580996513367,0.9997286796569824,0.017604781314730644,4.411720874486491e-05,0.00010360793385189027,0.22335141897201538,0.25648656487464905,0.972206711769104,0.25981342792510986
56200,16.34454345703125,16.578367233276367,0.712424211204052,0.3383914900862987,0.6356179118156433,-0.07680629938840866,-0.06002074480056763,0.0008222915348596871,3596800,0,0,0.6223093271255493,0.6561804115772247,0.870613157749176,0.9223406910896301,0.9999805688858032,0.9962008595466614,0.9997286796569824,0.03613223508000374,3.6206631193635985e-05,0.00010265543824061751,0.21063974499702454,0.2547372281551361,0.9758720397949219,0.26062700152397156
56400,16.20453453063965,16.258588790893555,0.6941404566168785,0.3492423513081163,0.627475380897522,-0.06666507571935654,-0.05197422578930855,-0.00036763743264600635,3609600,0,0,0.6214786171913147,0.6458021998405457,0.9009818434715271,0.9356885552406311,0.9999764561653137,0.9964722394943237,0.9994572997093201,0.021313725039362907,2.6472054742043838e-05,9.618847980163991e-05,0.2275511622428894,0.2582094371318817,0.9779044389724731,0.26408231258392334
56600,16.047636032104492,16.01715660095215,0.683183167129755,0.35400274547429006,0.6256195902824402,-0.057563576847314835,-0.049549467861652374,0.00014150266360957175,3622400,0,0,0.6256296336650848,0.6432494223117828,0.9418506622314453,0.951995849609375,0.9999630451202393,0.9934871196746826,0.9994572997093201,0.014418566599488258,3.362030111020431e-05,9.723182301968336e-05,0.23519247770309448,0.25406092405319214,0.9830324649810791,0.2607790231704712
56800,16.308977127075195,16.375944137573242,0.7027187943458557,0.34520704597232577,0.6295264363288879,-0.07319235801696777,-0.05598873645067215,0.0015134563436731696,3635200,0,0,0.6173613667488098,0.6490649580955505,0.8666880130767822,0.9391113519668579,0.9999465942382812,0.9907734394073486,0.9997286796569824,0.02895624004304409,4.416679439600557e-05,9.869797941064462e-05,0.21458779275417328,0.2634093165397644,0.9772293567657471,0.26589590311050415
57000,16.0830135345459,16.064321517944336,0.6917264014482498,0.3506948601301976,0.6263930797576904,-0.06533332169055939,-0.054826416075229645,0.000919200130738318,3648000,0,0,0.6278042495250702,0.645721048116684,0.9305492639541626,0.9448630809783936,0.9999589323997498,0.994572639465332,0.9991859197616577,0.015606669709086418,3.510569149511866e-05,0.00010095202742377296,0.23984681069850922,0.2603571116924286,0.9835296273231506,0.26610177755355835
57200,15.98493480682373,15.78451156616211,0.6907781884074211,0.35013430919528543,0.6278228759765625,-0.06295531243085861,-0.05300908535718918,-0.0002014933415921405,3660800,0,0,0.6238335371017456,0.6464219093322754,0.8970698714256287,0.9607595205307007,0.9999836087226868,0.9956580996513367,1.0,0.010452217422425747,4.52786625828594e-05,9.980557661037892e-05,0.223433718085289,0.2651754319667816,0.9819793701171875,0.26859790086746216
57400,16.112289428710938,16.049654006958008,0.7099462151527405,0.34529878148692095,0.6255642175674438,-0.08438199758529663,-0.06524104624986649,0.001308118924498558,3673600,0,0,0.6269445717334747,0.6484350562095642,0.9314970970153809,0.9461135864257812,0.9999671578407288,0.995115339756012,0.9994572997093201,0.018896490335464478,3.959928289987147e-05,0.00010614280472509563,0.23352940380573273,0.2558417320251465,0.9823266863822937,0.26221388578414917
57600,16.45288848876953,16.58910369873047,0.69394950568676,0.34905873061752973,0.6278786659240723,-0.06607083976268768,-0.05656755715608597,0.0013617509976029396,3686400,0,0,0.6203857660293579,0.6477283835411072,0.9240990281105042,0.9209355711936951,0.9999733567237854,0.9956580996513367,0.9991859197616577,0.031062880530953407,4.8954163503367454e-05,9.839928679866716e-05,0.23583047091960907,0.2568330466747284,0.9824449419975281,0.2667187452316284
57800,16.432453155517578,16.61589813232422,0.709178626537323,0.3437212865310892,0.6285727620124817,-0.08060586452484131,-0.06695482134819031,0.00040250070742331445,3699200,0,0,0.6307878196239471,0.6517521440982819,0.8497019410133362,0.9194785356521606,0.9999682307243347,0.9934871196746826,0.9994572997093201,0.03957974910736084,8.162589801941067e-05,0.00010732193186413497,0.21037913858890533,0.2503608167171478,0.9717053771018982,0.25588592886924744
58000,16.17136001586914,16.186262130737305,0.6996007636189461,0.34639947254125436,0.6292210221290588,-0.07037974148988724,-0.056873515248298645,0.0012161008780822158,3712000,0,0,0.6262437403202057,0.6490454077720642,0.9264735579490662,0.9301421642303467,0.9999661445617676,0.9943012595176697,0.9989145398139954,0.018163781613111496,8.074364450294524e-05,0.00010352114622946829,0.2319875955581665,0.25694724917411804,0.9817972183227539,0.26438939571380615
58200,17.107179641723633,17.6473388671875,0.7144361138343811,0.34416080234617685,0.6250896453857422,-0.08934646844863892,-0.07979617267847061,0.004206100478768349,3724800,0,1,0.6227587461471558,0.6527416110038757,0.9011731147766113,0.8001199960708618,0.9999682307243347,0.994572639465332,0.9994572997093201,0.08770261704921722,9.486853377893567e-05,9.761138062458485e-05,0.23822613060474396,0.23175302147865295,0.9678847789764404,0.26149502396583557
58400,16.432754516601562,16.569143295288086,0.7106773108243942,0.3458926640279228,0.6241930723190308,-0.08648423850536346,-0.0714125782251358,0.0006985051441006362,3737600,0,0,0.612530916929245,0.6491786241531372,0.9354363083839417,0.9316879510879517,0.9999507665634155,0.9948440194129944,0.998643159866333,0.03442927822470665,0.00011843700485769659,9.286524436902255e-05,0.24123285710811615,0.2629164457321167,0.9833690524101257,0.2705552577972412
58600,16.03794288635254,15.992593765258789,0.707496888935566,0.34197211857520904,0.6323192119598389,-0.07517767697572708,-0.05725427716970444,0.0005600930307991803,3750400,0,0,0.6302878260612488,0.6521621942520142,0.8655333518981934,0.9427648782730103,0.9999712705612183,0.993758499622345,1.0,0.016059694811701775,0.00010542607924435288,0.00011093428474850953,0.21930144727230072,0.26592716574668884,0.9730215072631836,0.2705267667770386
58800,15.98410701751709,15.825691223144531,0.6889605857431889,0.3508247712978397,0.6276745796203613,-0.06128600612282753,-0.05597057566046715,0.0005669515230692923,3763200,0,0,0.6266089975833893,0.6473351716995239,0.9206770062446594,0.9565153121948242,0.9999723434448242,0.995115339756012,0.9991859197616577,0.008703376166522503,0.00011567158799152821,0.00010045590897789225,0.2344270795583725,0.26565638184547424,0.9855014681816101,0.26938217878341675
59000,16.1407413482666,16.132862091064453,0.6975972428917885,0.3443834291101788,0.6335648894309998,-0.06403235346078873,-0.055952101945877075,0.0011929776519536972,3776000,0,0,0.6319296956062317,0.6529092788696289,0.905030369758606,0.9411508440971375,0.9999712705612183,0.9956580996513367,0.9997286796569824,0.01804661937057972,0.00014651937817689031,9.786979353521019e-05,0.22348810732364655,0.2589836120605469,0.9805570840835571,0.2634897530078888
59200,16.217878341674805,16.170820236206055,0.6941251158714294,0.35173510348730774,0.6233820915222168,-0.07074302434921265,-0.06043752655386925,0.0005113041261211038,3788800,0,0,0.618931919336319,0.6447431147098541,0.8969969153404236,0.9460131525993347,0.9999332427978516,0.9921302795410156,0.9981004595756531,0.016826637089252472,0.0001370170502923429,9.318877710029483e-05,0.2188495695590973,0.2627600133419037,0.9776315093040466,0.266693115234375
59400,16.199735641479492,16.35017204284668,0.6855458505451679,0.3519118201645373,0.6277486681938171,-0.057797182351350784,-0.046688586473464966,0.0018062811577692628,3801600,0,1,0.6161279678344727,0.6442210376262665,0.8951978087425232,0.9170331954956055,0.9999455809593201,0.9948440194129944,0.998643159866333,0.017047548666596413,0.00014313447172753513,0.00010690539056668058,0.22340498864650726,0.2475893646478653,0.9726395010948181,0.2595665752887726
59600,16.300216674804688,16.080760955810547,0.6953166797757149,0.35088695068251347,0.6241370439529419,-0.07117963582277298,-0.05754349008202553,0.0016623152187094092,3814400,0,0,0.6135483086109161,0.6445263624191284,0.870599091053009,0.9468682408332825,0.9999394416809082,0.9899593591690063,0.998643159866333,0.022187812253832817,0.00015621412603650242,9.945056808646768e-05,0.21363195776939392,0.26124563813209534,0.9738408923149109,0.2613975405693054
59800,16.126548767089844,16.070648193359375,0.6882763504981995,0.35622483580957226,0.6191509962081909,-0.06912535429000854,-0.06232355907559395,0.00039359036600217223,3827200,0,0,0.6079966127872467,0.6413640677928925,0.9250629544258118,0.946000874042511,0.9999682307243347,0.9940298795700073,0.9997286796569824,0.014423331245779991,0.00011713073763530701,8.819894719636068e-05,0.24153147637844086,0.26787424087524414,0.9842280149459839,0.27376753091812134
60000,16.20207977294922,16.548843383789062,0.692113034427166,0.3554097872423251,0.6183874011039734,-0.0737256333231926,-0.059064481407403946,0.0004783335898537189,3840000,0,1,0.618952602148056,0.6396345794200897,0.8888285160064697,0.9394761323928833,0.9999116659164429,0.9883310794830322,0.9981004595756531,0.03207366168498993,0.00016271408821921796,9.35532443691045e-05,0.23355431854724884,0.26371896266937256,0.9738020896911621,0.2685362696647644
60200,16.033262252807617,16.102977752685547,0.7049518749117851,0.34602601641343594,0.6270009279251099,-0.07795094698667526,-0.07150383293628693,0.000534400693140924,3852800,0,0,0.625164121389389,0.651788979768753,0.8908585906028748,0.949422299861908,0.9999600052833557,0.993215799331665,0.9989145398139954,0.016126519069075584,0.000138977135065943,8.875151252141222e-05,0.23160874843597412,0.2670125365257263,0.9778573513031006,0.2712149918079376
60400,16.468280792236328,16.669715881347656,0.7076090648770332,0.33984719789203593,0.635722279548645,-0.07188678532838821,-0.05826793983578682,0.001817878452129662,3865600,0,0,0.6237818002700806,0.6556740701198578,0.9261014461517334,0.9075289964675903,0.9999579191207886,0.9948440194129944,0.9994572997093201,0.03465360030531883,0.0001562022662255913,9.425226016901433e-05,0.23724989593029022,0.2538405656814575,0.9776684045791626,0.2652372717857361
60600,16.815418243408203,17.198701858520508,0.6942649111151695,0.3534021660270552,0.6205450892448425,-0.073719821870327,-0.06882435083389282,0.002827385673299432,3878400,0,1,0.614522784948349,0.6448821127414703,0.9189645051956177,0.8537797331809998,0.9999434947967529,0.992401659488678,0.9983718395233154,0.05620906129479408,0.00016487520770169795,8.118680125335231e-05,0.23556162416934967,0.23867705464363098,0.971450686454773,0.2613312005996704
60800,16.136926651000977,16.18340301513672,0.7109831273555756,0.3448539684697395,0.6257546544075012,-0.08522847294807434,-0.07093684375286102,0.001363393384963274,3891200,0,0,0.6247818470001221,0.6504815816879272,0.9147455096244812,0.9360852241516113,0.9999610185623169,0.993758499622345,0.9989145398139954,0.01660115271806717,0.00018257116607856005,9.359286195831373e-05,0.23537413775920868,0.2528560161590576,0.9763308167457581,0.25908809900283813
61000,16.236352920532227,16.083953857421875,0.6975079700350761,0.3486475026631283,0.6266469955444336,-0.07086097449064255,-0.06534083932638168,3.118321910733357e-05,3904000,0,0,0.6254853904247284,0.6494446098804474,0.9168953895568848,0.9462473392486572,0.9999023675918579,0.9905020594596863,0.9975576996803284,0.02062724530696869,0.0001981701934710145,8.312221325468272e-05,0.23095856606960297,0.2515842616558075,0.9774591326713562,0.25420376658439636
61200,16.411270141601562,16.626317977905273,0.6898656934499741,0.3523020305053929,0.624761700630188,-0.06510399281978607,-0.053315602242946625,0.000811030447948724,3916800,0,0,0.6245790719985962,0.6436530947685242,0.9273805618286133,0.9161982536315918,0.9999116659164429,0.989687979221344,0.9975576996803284,0.03356049209833145,0.00021799150272272527,8.060867548920214e-05,0.22988532483577728,0.24682025611400604,0.9803335070610046,0.25606855750083923
61400,16.023103713989258,16.054264068603516,0.7024838700890541,0.34481347506127735,0.6302947402000427,-0.07218912988901138,-0.06207580491900444,0.0005695385043509305,3929600,0,1,0.6301056146621704,0.6518307328224182,0.9373051524162292,0.949313759803772,0.9999476075172424,0.9929444193840027,0.9991859197616577,0.01335671916604042,0.00021881285647395998,8.344050002051517e-05,0.23041215538978577,0.2438669502735138,0.9817651510238647,0.250163197517395
61600,16.43922996520996,16.639848709106445,0.7148560956120491,0.3432741802048294,0.6263408064842224,-0.08851528912782669,-0.07433374226093292,0.0005357455811463296,3942400,0,0,0.6266347169876099,0.6521271467208862,0.8855392932891846,0.9235681295394897,0.9999178051948547,0.9883310794830322,0.998643159866333,0.03257955238223076,0.00020619301358237863,8.625688496977091e-05,0.2157440334558487,0.2520182430744171,0.9669623374938965,0.25564002990722656
61800,16.406145095825195,16.553037643432617,0.6925353035330772,0.357893903950344,0.6139981150627136,-0.07853718847036362,-0.05799112096428871,0.0010825771605595946,3955200,0,0,0.6096024811267853,0.6350846290588379,0.897103488445282,0.924798309803009,0.9999538064002991,0.9926730394363403,0.9989145398139954,0.025643976405262947,0.0002779262140393257,9.003015293274075e-05,0.22369420528411865,0.2583043575286865,0.97487473487854,0.2612730860710144
62000,16.8916072845459,17.24555778503418,0.7199133634567261,0.33652542262086627,0.63484787940979,-0.08506548404693604,-0.07381608337163925,0.0036216527223587036,3968000,0,1,0.6245801150798798,0.6598840653896332,0.9006198048591614,0.8531404137611389,0.9999753832817078,0.9948440194129944,1.0,0.05704522505402565,0.00022427202202379704,8.51436925586313e-05,0.22599419951438904,0.23707661032676697,0.9716886878013611,0.2567737102508545
62200,16.193927764892578,16.295024871826172,0.7108514532446861,0.34361082931845444,0.6278789043426514,-0.08297254890203476,-0.07400106638669968,0.0011956777889281511,3980800,0,0,0.6212946474552155,0.6534641087055206,0.941584050655365,0.9343851208686829,0.9999568462371826,0.994572639465332,0.9997286796569824,0.02068769559264183,0.0002786667610052973,8.331741264555603e-05,0.24352337419986725,0.2579500377178192,0.9817837476730347,0.26567885279655457
62400,16.451391220092773,16.244001388549805,0.6913458332419395,0.35247251270103985,0.6236755847930908,-0.06767024844884872,-0.05385694280266762,0.0018846613820642233,3993600,0,0,0.6170516014099121,0.642799973487854,0.844598650932312,0.93535315990448,0.99983149766922,0.9883310794830322,0.9970149397850037,0.03327557072043419,0.0002858692314475775,8.883613918442279e-05,0.20178501307964325,0.2526276111602783,0.9655748009681702,0.2489955723285675
62600,16.646106719970703,16.93053436279297,0.7195467129349709,0.34122275675229635,0.6273008584976196,-0.09224585443735123,-0.08358871936798096,0.0037689118180423975,4006400,0,1,0.6184954345226288,0.6559586822986603,0.9522129893302917,0.8622844219207764,0.9999517202377319,0.9934871196746826,0.9989145398139954,0.04185892269015312,0.0003499425365589559,7.893970177974552e-05,0.25316479802131653,0.24139836430549622,0.9770976305007935,0.2666335701942444
62800,16.153770446777344,16.180065155029297,0.7136601805686951,0.34197288912459844,0.6291149258613586,-0.08454525470733643,-0.07125131785869598,0.0006097391596995294,4019200,0,0,0.618281751871109,0.6537285149097443,0.94582599401474,0.9328616857528687,0.9999682307243347,0.9953867197036743,0.9989145398139954,0.018252728506922722,0.00034794426755979657,8.326442912220955e-05,0.24667443335056305,0.260070264339447,0.9790849685668945,0.263578325510025
63000,15.91759204864502,15.849810600280762,0.7115092128515244,0.3420533093825323,0.6301006078720093,-0.08140860497951508,-0.068446584045887,0.000458640162833035,4032000,0,0,0.6236350536346436,0.6536897122859955,0.9195213913917542,0.9527007937431335,0.9999579191207886,0.9940298795700073,0.998643159866333,0.008850681595504284,0.0003908672952093184,6.685814878437668e-05,0.22810590267181396,0.2535395622253418,0.9837467074394226,0.256976455450058
63200,16.41571807861328,16.681392669677734,0.7199305444955826,0.33797849550887055,0.6324574947357178,-0.08747304975986481,-0.08245409280061722,0.0011791754513978958,4044800,0,1,0.6196666061878204,0.6603533923625946,0.9140099883079529,0.9053120613098145,0.9999712705612183,0.9943012595176697,0.9997286796569824,0.03773333877325058,0.0004385506035760045,7.436337182298303e-05,0.22500154376029968,0.23943164944648743,0.9810834527015686,0.25068792700767517
63400,16.368793487548828,16.57938003540039,0.7204078584909439,0.3391561547155624,0.6302745938301086,-0.09013326466083527,-0.0760059580206871,0.0009586559608578682,4057600,0,0,0.6272220611572266,0.6562356650829315,0.9053671360015869,0.9333751201629639,0.9999630451202393,0.9934871196746826,0.9991859197616577,0.031679827719926834,0.0004535505431704223,6.747693259967491e-05,0.22162610292434692,0.24606642127037048,0.9815931916236877,0.25155338644981384
63600,16.074071884155273,16.098615646362305,0.7301390767097473,0.33360379706048454,0.6344859600067139,-0.09565311670303345,-0.08292192220687866,6.071985626476817e-05,4070400,0,0,0.6282288134098053,0.6624405384063721,0.8863031268119812,0.9321757555007935,0.9999722838401794,0.995115339756012,0.9994572997093201,0.01988370344042778,0.0004486402031034231,7.809192902641371e-05,0.20722408592700958,0.23815742135047913,0.9757147431373596,0.2441043257713318
63800,16.344284057617188,16.34598159790039,0.7013734057545662,0.347854568590846,0.6258872151374817,-0.0754861906170845,-0.06325901299715042,0.0011965231969952583,4083200,0,0,0.6120425462722778,0.648018479347229,0.8833764791488647,0.9317792057991028,0.9996906518936157,0.9872456192970276,0.9964722394943237,0.0343133844435215,0.00042472651693969965,6.645708344876766e-05,0.20415863394737244,0.2381201982498169,0.9755398631095886,0.24170182645320892
64000,16.729551315307617,17.12355613708496,0.7143249735236168,0.34285709664053526,0.6273087859153748,-0.08701618760824203,-0.07434842735528946,0.002611678559333086,4096000,0,1,0.6207919120788574,0.65301513671875,0.9266782999038696,0.8715238571166992,0.9999681711196899,0.9934871196746826,0.9997286796569824,0.044161271303892136,0.0004273957456462085,6.671179289696738e-05,0.22723129391670227,0.23171958327293396,0.9743545651435852,0.2503263056278229
64200,16.22119903564453,16.426523208618164,0.7131578177213669,0.34489740788768297,0.6245377659797668,-0.08862005174160004,-0.0772428959608078,0.00034181331284344196,4108800,0,0,0.6120909154415131,0.6513985991477966,0.914864182472229,0.9346912503242493,0.9999445080757141,0.9940298795700073,0.9989145398139954,0.025118112564086914,0.0003881595330312848,7.107343117240816e-05,0.22748124599456787,0.246628999710083,0.980836033821106,0.252413272857666
64400,16.483137130737305,16.760913848876953,0.7235982045531273,0.3375199330396525,0.6313416361808777,-0.0922565683722496,-0.07510371506214142,0.0012611523270606995,4121600,0,0,0.6312186121940613,0.6570037305355072,0.894516110420227,0.9101549386978149,0.9999620318412781,0.9921302795410156,0.9994572997093201,0.031162654981017113,0.0003542208578437567,6.655068136751652e-05,0.2086639106273651,0.2381746917963028,0.9736966490745544,0.24750448763370514
64600,16.06862449645996,16.113698959350586,0.7125545218586922,0.34159378195156465,0.6303130388259888,-0.0822414830327034,-0.07541313767433167,0.0008682772750034928,4134400,0,0,0.6301542222499847,0.6561314165592194,0.9016978144645691,0.9451138973236084,0.9999671578407288,0.9940298795700073,0.9991859197616577,0.01822313293814659,0.00035188638139516115,6.712806498399004e-05,0.2079928070306778,0.24003812670707703,0.9782242178916931,0.2429855614900589
64800,16.36992073059082,16.315170288085938,0.7066362202167511,0.35354552031405045,0.6135411262512207,-0.0930950939655304,-0.07974568009376526,0.00048367748968303204,4147200,0,0,0.6075548231601715,0.6420260071754456,0.9222100377082825,0.944381058216095,0.9998325109481812,0.9858887791633606,0.9964722394943237,0.029998015612363815,0.00042222277261316776,6.0494072386063635e-05,0.22313712537288666,0.2452004998922348,0.9762915968894958,0.24716944992542267
65000,16.039745330810547,16.005151748657227,0.7323294579982758,0.3335776051431217,0.6334326267242432,-0.09889683127403259,-0.0848269984126091,0.001443290850147605,4160000,0,0,0.6326301097869873,0.6620298624038696,0.9194629788398743,0.9479064345359802,0.9999661445617676,0.9948440194129944,0.9997286796569824,0.01598099060356617,0.0003961073816753924,6.478642171714455e-05,0.22350837290287018,0.24367262423038483,0.9820613265037537,0.24662430584430695
65200,15.93176555633545,15.914636611938477,0.7242605984210968,0.33706058683053586,0.6317616701126099,-0.09249892830848694,-0.08104262501001358,0.00043088890379294753,4172800,0,0,0.6184640526771545,0.6592769026756287,0.9031827449798584,0.9508140087127686,0.9999527335166931,0.995929479598999,0.9991859197616577,0.01446573343127966,0.0003525590873323381,6.811088678659871e-05,0.21106283366680145,0.23759105801582336,0.9753260612487793,0.24036486446857452
65400,16.43802261352539,16.590072631835938,0.7149688377976418,0.3430198537256052,0.6267033219337463,-0.08826551586389542,-0.07972703874111176,0.0008088140748441219,4185600,0,0,0.6284070014953613,0.654183954000473,0.9366381168365479,0.9158110618591309,0.9999774694442749,0.995115339756012,0.9997286796569824,0.03041437827050686,0.00039183939225040376,6.712274625897408e-05,0.2265453189611435,0.23854100704193115,0.9807901382446289,0.24650391936302185
65600,16.321834564208984,16.69085693359375,0.7226548343896866,0.3398554229384132,0.6279630661010742,-0.09469176828861237,-0.08369489014148712,0.0006957122241146863,4198400,0,0,0.6293496191501617,0.6565910577774048,0.9413902163505554,0.9201042652130127,0.9999733567237854,0.994572639465332,0.9994572997093201,0.028523050248622894,0.00039307030965574086,6.715044582961127e-05,0.2325977385044098,0.24179469048976898,0.9844236969947815,0.2504907548427582
65800,16.046138763427734,16.23004150390625,0.7123704701662064,0.3402225298350449,0.6326572299003601,-0.07971324026584625,-0.06550310552120209,0.0002632256073411554,4211200,0,0,0.6277601718902588,0.6551353633403778,0.9159969091415405,0.9491013288497925,0.9999558329582214,0.991044819355011,0.9994572997093201,0.01650274358689785,0.00037893845001235604,6.215679604792967e-05,0.21057461202144623,0.2302434891462326,0.9773809909820557,0.23469509184360504
66000,16.15693473815918,16.323259353637695,0.7242124080657959,0.34094457753635005,0.6253482103347778,-0.09886419773101807,-0.0872218981385231,0.0005006223800592124,4224000,0,0,0.6071560382843018,0.6552983820438385,0.887980043888092,0.9438420534133911,0.9999641180038452,0.9926730394363403,0.9991859197616577,0.02684398740530014,0.0003554550348781049,6.048430077498779e-05,0.2213800847530365,0.24739143252372742,0.9785947203636169,0.24996769428253174
66200,16.273624420166016,16.509984970092773,0.7035347074270248,0.34800775954122176,0.6244809031486511,-0.07905380427837372,-0.06914383918046951,0.0010600752430036664,4236800,0,0,0.6149196922779083,0.648644745349884,0.9230520725250244,0.9280799031257629,0.9999692440032959,0.993758499622345,0.9997286796569824,0.02436317503452301,0.0003238524659536779,7.398023444693536e-05,0.22389690577983856,0.24101018905639648,0.982132613658905,0.24892933666706085
66400,16.796361923217773,17.285926818847656,0.7003540322184563,0.3478319944811003,0.6264681220054626,-0.07388591021299362,-0.06755688041448593,0.0026882493402808905,4249600,0,1,0.6157185137271881,0.6500006318092346,0.8952610492706299,0.8406217098236084,0.9999075531959534,0.9875169992446899,0.9978290796279907,0.061550989747047424,0.00032558321254327893,6.72725000185892e-05,0.2076261192560196,0.21488595008850098,0.9623886942863464,0.23349222540855408
66600,16.624006271362305,16.90099334716797,0.6998965889215469,0.3544075268600979,0.6157814264297485,-0.0841151624917984,-0.07666919380426407,0.001427283277735114,4262400,0,0,0.6129546165466309,0.6430542171001434,0.8835435509681702,0.9096074104309082,0.9999209046363831,0.989687979221344,0.9981004595756531,0.04214874282479286,0.00032851402647793293,6.997620948823169e-05,0.21467021107673645,0.2460820972919464,0.9711505174636841,0.2521889805793762
66800,15.987481117248535,16.014896392822266,0.7190943136811256,0.3432161820355489,0.6242221593856812,-0.09487215429544449,-0.08413948118686676,0.00020946847507730126,4275200,0,0,0.6237534880638123,0.6532962024211884,0.8960720300674438,0.9508183002471924,0.9999260306358337,0.9915875792503357,0.9983718395233154,0.01687530241906643,0.0003921172465197742,6.081886022002436e-05,0.22189775109291077,0.25503548979759216,0.9830841422080994,0.2586807310581207
67000,16.074243545532227,16.132617950439453,0.7408823519945145,0.3331106558364881,0.6299299001693726,-0.1109524518251419,-0.09701751172542572,0.0012146059889346361,4288000,0,0,0.6290312707424164,0.6625873446464539,0.9066237211227417,0.9459702968597412,0.9999784231185913,0.9956580996513367,0.9997286796569824,0.01850881613790989,0.00040722935227677226,6.589552504010499e-05,0.22990748286247253,0.2526935636997223,0.9817720651626587,0.2565087378025055
67200,16.186283111572266,16.400938034057617,0.7359441965818405,0.3338531984654031,0.631166398525238,-0.10477779805660248,-0.0866890400648117,0.0004261591238901019,4300800,0,0,0.6306503117084503,0.6604874432086945,0.9108168482780457,0.9220892786979675,0.9999743103981018,0.9964722394943237,0.9994572997093201,0.02742796018719673,0.00039326545083895326,6.623694935115054e-05,0.23125162720680237,0.2503012418746948,0.9768303632736206,0.2563082277774811
67400,15.863116264343262,15.867864608764648,0.7284273654222488,0.33709381633825686,0.6295880675315857,-0.09883929789066315,-0.07823701947927475,0.00011807258852059022,4313600,0,0,0.6227734684944153,0.6563780307769775,0.885903537273407,0.9543083310127258,0.9999794960021973,0.9962008595466614,0.9997286796569824,0.010071217082440853,0.0003594488953240216,6.212480366230011e-05,0.22436614334583282,0.2594805359840393,0.9792153835296631,0.26263439655303955
67600,15.96650505065918,15.970660209655762,0.721556156873703,0.34335039609997214,0.6227111220359802,-0.09884503483772278,-0.07875219732522964,0.0007922851364128292,4326400,0,0,0.617318332195282,0.6501225531101227,0.9299864172935486,0.9482518434524536,0.9999394416809082,0.9921302795410156,0.998643159866333,0.011177796870470047,0.00035539825330488384,6.891581870149821e-05,0.23820628225803375,0.25760912895202637,0.9794998168945312,0.26032817363739014
67800,16.73078155517578,17.228248596191406,0.7225074842572212,0.33989377002514476,0.627975344657898,-0.09453213959932327,-0.07854501157999039,0.0037971914280205965,4339200,0,1,0.6277607381343842,0.6549938023090363,0.9172713160514832,0.8554697632789612,0.9999701976776123,0.9948440194129944,0.9994572997093201,0.05917864665389061,0.00034418486757203937,6.167500396259129e-05,0.23275460302829742,0.23646244406700134,0.9797759056091309,0.25699758529663086
68000,16.144012451171875,16.408273696899414,0.7142248749732971,0.3449140560532951,0.6239482760429382,-0.09027659893035889,-0.07918253540992737,7.511881267419085e-05,4352000,0,1,0.6176509261131287,0.6514700353145599,0.9366000294685364,0.9313634634017944,0.9999425411224365,0.9918588995933533,0.9978290796279907,0.024258416146039963,0.0004057365586049855,6.0171740187797695e-05,0.24342294037342072,0.25243276357650757,0.9822754859924316,0.25778627395629883
68200,16.119733810424805,16.19272804260254,0.7086041867733002,0.34940082806825945,0.6194478869438171,-0.08915629982948303,-0.06976164877414703,0.00116584706120193,4364800,0,0,0.6203663647174835,0.6441975831985474,0.900458037853241,0.9481127262115479,0.9999671578407288,0.9943012595176697,0.9994572997093201,0.022315148264169693,0.00043488095980137587,7.733340316917747e-05,0.2273697406053543,0.2579512298107147,0.9810716509819031,0.26208919286727905
68400,17.010923385620117,17.60416603088379,0.7013385742902756,0.35120608570610035,0.6203503608703613,-0.08098821341991425,-0.07163303345441818,0.0033791624009609222,4377600,0,1,0.5961962342262268,0.6456504464149475,0.9121537804603577,0.8326007723808289,0.9999434947967529,0.989687979221344,0.9991859197616577,0.07509633153676987,0.0004188808670733124,6.241758819669485e-05,0.2323387861251831,0.2339881956577301,0.9780476689338684,0.2592075765132904
68600,16.034320831298828,16.04541015625,0.7209757566452026,0.3453792689755714,0.6196116805076599,-0.10136407613754272,-0.08571832627058029,-0.00011978481052210554,4390400,0,0,0.6075535416603088,0.6495890319347382,0.9200233221054077,0.9428249597549438,0.9999353289604187,0.993758499622345,0.9989145398139954,0.012991884723305702,0.0003854951646644622,6.370237679220736e-05,0.23630176484584808,0.2550133764743805,0.9728060960769653,0.26198482513427734
68800,16.39127540588379,16.683120727539062,0.7246256098151207,0.3396584581302218,0.6272758841514587,-0.09734972566366196,-0.07701221108436584,0.0017176753608509898,4403200,0,1,0.6256906092166901,0.6538442373275757,0.9060101509094238,0.8942970037460327,0.9999620318412781,0.994572639465332,0.9991859197616577,0.03176626190543175,0.0004450318228919059,6.590562406927347e-05,0.23173366487026215,0.2508710026741028,0.9832744002342224,0.2675122320652008
69000,16.12392234802246,16.35512351989746,0.7203078120946884,0.3416393970707982,0.6262146830558777,-0.09409312903881073,-0.08975302428007126,0.0007041033823043108,4416000,0,0,0.6185671091079712,0.6569196581840515,0.9071078896522522,0.9318957328796387,0.9999701976776123,0.994572639465332,0.9994572997093201,0.022636014968156815,0.00038012926233932376,6.293313344940543e-05,0.2352011799812317,0.2567594051361084,0.9732539057731628,0.26355892419815063
69200,16.220251083374023,16.54586410522461,0.7016882076859474,0.34871183434388614,0.6243030428886414,-0.07738516479730606,-0.05949581041932106,0.0013124934630468488,4428800,0,0,0.6240542232990265,0.6451988518238068,0.8744397163391113,0.9365165829658508,0.9999589323997498,0.993758499622345,0.9991859197616577,0.03990892693400383,0.00048375065671280026,6.519390444736928e-05,0.2192988246679306,0.26445671916007996,0.9779031872749329,0.27180537581443787
69400,16.260828018188477,16.650428771972656,0.7082798853516579,0.35274207560310167,0.6140022277832031,-0.09427765756845474,-0.08506308495998383,0.0008014536579139531,4441600,0,1,0.6143278777599335,0.6441988050937653,0.9419540762901306,0.9063869118690491,0.9999579191207886,0.9934871196746826,0.9994572997093201,0.02644849196076393,0.00045949831837788224,6.079868762753904e-05,0.2551515996456146,0.2591378390789032,0.9785295724868774,0.27183493971824646
69600,16.57602310180664,16.83523178100586,0.7099904417991638,0.34851707418134903,0.6201837658882141,-0.08980667591094971,-0.07411690801382065,0.0018703594105318189,4454400,0,0,0.6021868586540222,0.6461766362190247,0.888199508190155,0.9195570945739746,0.9999198913574219,0.9899593591690063,0.997286319732666,0.03960609808564186,0.0004984410479664803,6.299150118138641e-05,0.23210732638835907,0.2609122693538666,0.9758101105690002,0.26597684621810913
69800,16.06192970275879,16.208080291748047,0.7042568102478981,0.3534938472215944,0.6149294972419739,-0.08932731300592422,-0.07617131620645523,0.0008611822267994285,4467200,0,0,0.5959853231906891,0.6420929431915283,0.9278080463409424,0.9479010701179504,0.9999188184738159,0.991044819355011,0.998643159866333,0.019303495064377785,0.00047186101437546313,6.469184882007539e-05,0.24443238973617554,0.27049195766448975,0.9831243753433228,0.273914635181427
70000,16.082178115844727,16.27873420715332,0.7108442112803459,0.34844743056340666,0.6198436617851257,-0.09100054949522018,-0.07418832927942276,0.0005748371477238834,4480000,0,0,0.6125473380088806,0.6459944546222687,0.9329242706298828,0.9437170624732971,0.9999743103981018,0.9948440194129944,0.9997286796569824,0.019673921167850494,0.000555210979655385,5.80208252358716e-05,0.23896896839141846,0.2592192590236664,0.9827877283096313,0.265178918838501
70200,17.021268844604492,17.728862762451172,0.7297735288739204,0.33910026790014136,0.6255613565444946,-0.10421217232942581,-0.08739294856786728,0.002751061227172613,4492800,0,1,0.6197027564048767,0.6554760932922363,0.856332540512085,0.8234473466873169,0.9999610185623169,0.9926730394363403,0.9989145398139954,0.08835757523775101,0.0005465308204293251,6.39141071587801e-05,0.22693891823291779,0.24760234355926514,0.9720873236656189,0.2718190550804138
70400,15.990123748779297,16.337650299072266,0.7111763209104538,0.3466116347871365,0.6227328181266785,-0.08844350278377533,-0.07237504422664642,-4.952148810843937e-05,4505600,0,0,0.6051923632621765,0.6481189727783203,0.8925029039382935,0.9449748992919922,0.9999445080757141,0.9915875792503357,0.9991859197616577,0.02244763821363449,0.000543823407497257,5.525218875845894e-05,0.22751732170581818,0.2685836851596832,0.9776646494865417,0.27161940932273865
70600,15.960999488830566,16.256526947021484,0.7165343016386032,0.3462333383887181,0.620525062084198,-0.09600923955440521,-0.08587531745433807,0.0003585717058740556,4518400,0,0,0.6092181503772736,0.6504616439342499,0.8463678956031799,0.9528520107269287,0.9999280571937561,0.9877883791923523,0.9989145398139954,0.024780306965112686,0.0005175500991754234,6.244271935429424e-05,0.2163987010717392,0.26473456621170044,0.9715396165847778,0.26553016901016235
70800,16.029682159423828,16.248340606689453,0.7138016372919083,0.3479780642576166,0.6190506815910339,-0.09475095570087433,-0.08047322928905487,-0.00020323933858890086,4531200,0,0,0.6148552298545837,0.6473025679588318,0.9161990880966187,0.9406944513320923,0.9999249577522278,0.9926730394363403,0.998643159866333,0.018050622195005417,0.0005429141456261277,5.220812454354018e-05,0.2390158623456955,0.2670387029647827,0.9825383424758911,0.2696514427661896
71000,16.02863311767578,16.265066146850586,0.7134523168206215,0.34677414563189685,0.6212537884712219,-0.09219852834939957,-0.07852474600076675,0.0002540457935538143,4544000,0,1,0.6149936020374298,0.6487133800983429,0.8802788257598877,0.944980800151825,0.9999414682388306,0.9918588995933533,0.9981004595756531,0.02034779079258442,0.0005294944276101887,5.7508761528879404e-05,0.22417888045310974,0.26604604721069336,0.9819177985191345,0.27023765444755554
71200,16.123260498046875,16.479528427124023,0.7075622752308846,0.3460917737285067,0.6255109310150146,-0.0820513442158699,-0.07193644344806671,0.001020628260448575,4556800,0,0,0.6147156655788422,0.6505490243434906,0.8616450428962708,0.934289813041687,0.9999414682388306,0.9869742393493652,0.9994572997093201,0.029188543558120728,0.0005166283808648586,5.745462476625107e-05,0.2125290334224701,0.2615123391151428,0.9755882024765015,0.26935479044914246
71400,16.09065055847168,16.240501403808594,0.7111330777406693,0.34914700638965623,0.6185160279273987,-0.09261704981327057,-0.07060021907091141,0.002906991168856621,4569600,0,1,0.6138544976711273,0.6435226500034332,0.9291910529136658,0.9198983311653137,0.9999599456787109,0.9943012595176697,0.9991859197616577,0.013897884637117386,0.0006375752855092287,5.959199188509956e-05,0.24663762748241425,0.25636494159698486,0.9801028370857239,0.2725065052509308
71600,16.174983978271484,16.43061637878418,0.7358896657824516,0.334388687392682,0.6303049921989441,-0.10558467358350754,-0.0830918401479721,0.0018563505727797747,4582400,0,1,0.6242542266845703,0.6584948301315308,0.9047317504882812,0.9119937419891357,0.9999434947967529,0.993215799331665,0.9994572997093201,0.021891701966524124,0.0006009326316416264,6.457821291405708e-05,0.2381671965122223,0.2605944871902466,0.9766553640365601,0.2684585750102997
71800,16.23590850830078,16.48415756225586,0.7237662822008133,0.34262265570489464,0.622775673866272,-0.10099060833454132,-0.07724776118993759,0.0014093115460127592,4595200,0,0,0.6170555353164673,0.6497297883033752,0.8836722373962402,0.9330745935440063,0.9999127388000488,0.991044819355011,0.998643159866333,0.030536219477653503,0.0005312291323207319,5.975614476483315e-05,0.22293603420257568,0.2602708637714386,0.9694225192070007,0.2652244567871094
72000,16.941875457763672,17.700220108032227,0.7131742462515831,0.3433630945269899,0.6270728707313538,-0.08610137552022934,-0.07304647564888,0.003785656299442053,4608000,0,1,0.6248070597648621,0.652359127998352,0.912172794342041,0.8339464068412781,0.999954879283905,0.9929444193840027,0.998643159866333,0.06999409943819046,0.0005768095725215971,6.05525856371969e-05,0.23429346084594727,0.2418161779642105,0.9780905246734619,0.2664676308631897
72200,16.059066772460938,16.3657283782959,0.706945963203907,0.3511017434922453,0.6174901723861694,-0.08945579081773758,-0.06825770437717438,0.0002320657076779753,4620800,0,1,0.6043552458286285,0.6418396234512329,0.9382429122924805,0.9429490566253662,0.9999527335166931,0.9929444193840027,0.9994572997093201,0.021175766363739967,0.0005246181972324848,5.8360630646348e-05,0.2430446296930313,0.25896021723747253,0.9837124347686768,0.26766493916511536
72400,15.90556526184082,16.01552963256836,0.7068115621805191,0.35021004500004377,0.6190576553344727,-0.08775390684604645,-0.06887483596801758,0.0003810519992839545,4633600,0,0,0.6175009310245514,0.6435464918613434,0.879501223564148,0.953940749168396,0.9999579191207886,0.9921302795410156,0.9994572997093201,0.014561991207301617,0.0006132706184871495,6.37306657154113e-05,0.22187122702598572,0.272752583026886,0.9791373014450073,0.27446869015693665
72600,16.334087371826172,16.746931076049805,0.7052812203764915,0.3479804172147303,0.6235940456390381,-0.08168717473745346,-0.06646736711263657,0.0012905398616567254,4646400,0,0,0.6170107424259186,0.6469280123710632,0.9221490621566772,0.9247163534164429,0.9999517202377319,0.9918588995933533,0.9991859197616577,0.025172580033540726,0.0006220818613655865,5.57041130377911e-05,0.22939541935920715,0.25011301040649414,0.9775407910346985,0.2576201856136322
72800,16.412755966186523,16.970008850097656,0.709758810698986,0.34993556520891,0.6179304122924805,-0.09182839840650558,-0.08181194961071014,0.0015687814448028803,4659200,0,0,0.6052173674106598,0.6466747224330902,0.9244042038917542,0.9144885540008545,0.9999661445617676,0.9934871196746826,0.9994572997093201,0.03253980726003647,0.0005570001667365432,5.4262534831650555e-05,0.2411389946937561,0.2620590031147003,0.9797123670578003,0.27072805166244507
73000,16.446107864379883,16.758657455444336,0.7191694304347038,0.3457505610278165,0.619941234588623,-0.09922819584608078,-0.08504308015108109,0.00016195217904169112,4672000,0,0,0.6082257330417633,0.6496379971504211,0.8860506415367126,0.9237655401229858,0.9999240040779114,0.9902306795120239,0.998643159866333,0.03381378576159477,0.0006364156724885106,6.274400220718235e-05,0.22568361461162567,0.26165539026260376,0.9719792008399963,0.2648433446884155
73200,16.218978881835938,16.3533878326416,0.6948355510830879,0.35787377612293414,0.6127499341964722,-0.08208561688661575,-0.052805520594120026,0.00038634223164990544,4684800,0,0,0.6038863658905029,0.63205286860466,0.8656682968139648,0.939026951789856,0.999838650226593,0.986160159111023,0.9967436194419861,0.02478799596428871,0.0006001032888889313,5.4827454732730985e-05,0.21490579843521118,0.27041101455688477,0.9785887002944946,0.27182960510253906
73400,15.953676223754883,16.135005950927734,0.7089462205767632,0.34777039007022315,0.6219881772994995,-0.08695804327726364,-0.07165151089429855,0.0009850149508565664,4697600,0,0,0.6141422986984253,0.6471648812294006,0.9367819428443909,0.956544816493988,0.9999712705612183,0.9940298795700073,0.9994572997093201,0.014733306132256985,0.000599467137362808,5.541224527405575e-05,0.24845123291015625,0.26470091938972473,0.98442542552948,0.2692888081073761
73600,16.127012252807617,16.539566040039062,0.6980596110224724,0.35277567619095657,0.6195160746574402,-0.0785435363650322,-0.07476463168859482,0.0005241465987637639,4710400,0,0,0.6194821000099182,0.6458627879619598,0.9328743815422058,0.923325777053833,0.9999075531959534,0.9899593591690063,0.9975576996803284,0.023966385051608086,0.0005934844957664609,4.865123628405854e-05,0.24060997366905212,0.2512263357639313,0.9792693257331848,0.25900164246559143
73800,16.003084182739258,16.272294998168945,0.7040915638208389,0.35212690324642926,0.6173176765441895,-0.08677388727664948,-0.07094459980726242,0.00018882496806327254,4723200,0,0,0.6176678538322449,0.6425853967666626,0.8643029928207397,0.9376237392425537,0.9997615218162537,0.9913161993026733,0.9981004595756531,0.02337406389415264,0.0006368140457198024,5.305645754560828e-05,0.21837539970874786,0.2652563452720642,0.9715622067451477,0.26720672845840454
74000,16.04689598083496,16.364208221435547,0.7043394967913628,0.34977734093724916,0.6211113333702087,-0.08322816342115402,-0.05416480079293251,0.00017003148968797177,4736000,0,0,0.6154681146144867,0.6404465436935425,0.8788310885429382,0.9444606304168701,0.9999064803123474,0.9899593591690063,0.9983718395233154,0.02654503472149372,0.0005694677820429206,6.75181727274321e-05,0.2207486629486084,0.26300156116485596,0.9754848480224609,0.26621392369270325
74200,16.244726181030273,16.482297897338867,0.6950159966945648,0.3554311708033116,0.6167510151863098,-0.078264981508255,-0.06582977622747421,0.0003261184901930392,4748800,0,0,0.606107771396637,0.6403111517429352,0.9017902612686157,0.9425746202468872,0.9999229907989502,0.9875169992446899,0.9981004595756531,0.03703208640217781,0.0005653166444972157,5.963193689240143e-05,0.2334759682416916,0.26194244623184204,0.9722192287445068,0.2626285254955292
74400,16.523914337158203,17.147132873535156,0.7126316577196121,0.3480234267620987,0.6195990443229675,-0.09303261339664459,-0.07985644787549973,0.0033422422129660845,4761600,0,1,0.6196792721748352,0.6477037072181702,0.9226455688476562,0.8727485537528992,0.9999188184738159,0.9894165992736816,0.997286319732666,0.046409524977207184,0.0005999297718517482,5.270576002658345e-05,0.24334904551506042,0.24987313151359558,0.9773727059364319,0.27016961574554443
74600,15.972137451171875,16.243501663208008,0.7044882774353027,0.3500602821893831,0.6205596327781677,-0.08392864465713501,-0.06586345285177231,0.0003475911798886955,4774400,0,0,0.6205246448516846,0.6438892781734467,0.9033433794975281,0.9409181475639343,0.9999496936798096,0.9915875792503357,0.9983718395233154,0.019397130236029625,0.0005909639876335859,5.476574006024748e-05,0.22557643055915833,0.2650377154350281,0.9820130467414856,0.27193760871887207
74800,16.0545597076416,16.37350845336914,0.7044097930192947,0.3459468646504359,0.6274181008338928,-0.07699169218540192,-0.06265940517187119,0.0004764689365401864,4787200,0,0,0.6184714436531067,0.649281233549118,0.9009068012237549,0.940301775932312,0.999954879283905,0.9921302795410156,0.9994572997093201,0.018430011346936226,0.0006512317922897637,5.933557986281812e-05,0.22109825909137726,0.25251495838165283,0.9807944893836975,0.2601178288459778
75000,16.92424964904785,17.710905075073242,0.7199319675564766,0.3402224793162055,0.6287581324577332,-0.09117383509874344,-0.07747530192136765,0.004378256853669882,4800000,0,1,0.6160658001899719,0.6553216874599457,0.929419755935669,0.8221361637115479,0.9999424815177917,0.9915875792503357,0.998643159866333,0.07737112045288086,0.0006056694546714425,5.59277250431478e-05,0.23344337940216064,0.2289544939994812,0.9755268692970276,0.2551998794078827
75200,15.861282348632812,15.992326736450195,0.6995799541473389,0.35419720775810437,0.6163081526756287,-0.0832718014717102,-0.07100117951631546,-0.00019357910787221044,4812800,0,0,0.6096470057964325,0.6416052877902985,0.9249318838119507,0.9591600894927979,0.999946653842926,0.9929444193840027,0.9991859197616577,0.012734136544167995,0.0006056426791474223,5.639225128106773e-05,0.23394539952278137,0.2646462917327881,0.9836687445640564,0.26646891236305237
75400,16.660165786743164,17.153545379638672,0.7041410952806473,0.3560341514522579,0.6106963157653809,-0.09344477951526642,-0.07670632749795914,0.0009761581313796341,4825600,0,0,0.5996851027011871,0.6382876634597778,0.8689844012260437,0.9072290658950806,0.9997081160545349,0.9758480787277222,0.9940298795700073,0.08324598520994186,0.000605293782427907,5.7945660955738276e-05,0.22539879381656647,0.250640869140625,0.964943528175354,0.25307440757751465
75600,16.105226516723633,16.434782028198242,0.7161994948983192,0.345404696477174,0.622089147567749,-0.09411034733057022,-0.08546105027198792,0.0011114554945379496,4838400,0,0,0.6051798462867737,0.6517393290996552,0.9273476600646973,0.9380745887756348,0.9999600052833557,0.9921302795410156,0.9994572997093201,0.026161059737205505,0.0006570346304215491,6.371603376464918e-05,0.24916653335094452,0.264736145734787,0.9816222190856934,0.271450400352478
75800,15.920379638671875,16.136274337768555,0.7134438157081604,0.3449916485019372,0.6242305040359497,-0.0892133116722107,-0.08233053982257843,0.0013193333288654685,4851200,0,0,0.6249824166297913,0.6527198553085327,0.9205283522605896,0.9410555362701416,0.9999538064002991,0.9926730394363403,0.9991859197616577,0.014291399158537388,0.000589504954405129,6.346924783429131e-05,0.24002015590667725,0.2505127191543579,0.9802049994468689,0.25892865657806396
76000,16.553560256958008,17.188030242919922,0.7079723030328751,0.3518699995019444,0.6156415939331055,-0.09233070909976959,-0.0819326788187027,0.0035118479281663895,4864000,0,1,0.6022537350654602,0.6446120142936707,0.941601037979126,0.877733051776886,0.9999455809593201,0.9918588995933533,0.998643159866333,0.04659281298518181,0.0006379614351317286,6.008242053212598e-05,0.24705356359481812,0.2425815463066101,0.9813388586044312,0.2632496654987335
76200,16.110227584838867,16.495868682861328,0.7057588845491409,0.35119888067310845,0.6179696321487427,-0.08778925240039825,-0.07970209419727325,-0.00031989251147024333,4876800,0,0,0.6171710789203644,0.6460907459259033,0.9345358610153198,0.9327410459518433,0.9999538064002991,0.9899593591690063,0.9994572997093201,0.022306403145194054,0.0005484290886670351,5.8845398598350585e-05,0.24593281745910645,0.26682165265083313,0.9820410013198853,0.2745574414730072
76400,16.236919403076172,16.58539390563965,0.7038209140300751,0.35254799686071064,0.6167582273483276,-0.08706268668174744,-0.07427620142698288,0.0012843507574871182,4889600,0,0,0.6156300008296967,0.6431615650653839,0.912140965461731,0.9389546513557434,0.9999517798423767,0.9929444193840027,0.9989145398139954,0.027941545471549034,0.000625054759439081,5.545835301745683e-05,0.24306704103946686,0.2650834619998932,0.9830021262168884,0.2743801176548004
76600,16.25786018371582,16.500019073486328,0.7047641053795815,0.35379549782442904,0.6141432523727417,-0.09062085300683975,-0.07834560424089432,0.0009096413268707693,4902400,0,0,0.6140356957912445,0.6420902609825134,0.8444939255714417,0.9403151273727417,0.999896228313446,0.986160159111023,0.9978290796279907,0.03972122445702553,0.0005787942791357636,6.0367194237187505e-05,0.22108575701713562,0.268287718296051,0.9721511602401733,0.2696440517902374
76800,16.0924072265625,16.517879486083984,0.7121817842125893,0.3469254907419596,0.6216756105422974,-0.0905061736702919,-0.08358101546764374,0.0016426120419055223,4915200,0,0,0.6210503280162811,0.6507296860218048,0.9029868245124817,0.9350069165229797,0.9999054074287415,0.9877883791923523,0.9989145398139954,0.02625972032546997,0.000612401869148016,6.0953003412578255e-05,0.23733705282211304,0.2524300515651703,0.9744646549224854,0.2614727020263672
77000,16.368040084838867,17.075414657592773,0.698868528008461,0.35406978085395474,0.6169118285179138,-0.08195669949054718,-0.06696823239326477,0.0012067215284332633,4928000,0,0,0.6062029302120209,0.640783041715622,0.8370460271835327,0.9016173481941223,0.9999291300773621,0.9877883791923523,0.9989145398139954,0.044132351875305176,0.0005272991256788373,7.098988862708211e-05,0.2071969211101532,0.2554391920566559,0.9655012488365173,0.2608245313167572
77200,15.948039054870605,16.276302337646484,0.7016138806939125,0.354942928775184,0.6139366626739502,-0.08767721801996231,-0.07867663353681564,0.0011066276347264647,4940800,0,0,0.6008075177669525,0.641981303691864,0.9125174880027771,0.9450238943099976,0.9999373555183411,0.9915875792503357,0.9989145398139954,0.017266839742660522,0.0005486852023750544,5.801656152470969e-05,0.24064604938030243,0.26759782433509827,0.9794791340827942,0.2722155749797821
77400,16.296463012695312,16.7222900390625,0.7096575200557709,0.348239257041383,0.6208261847496033,-0.0888313353061676,-0.07128835469484329,0.0010900358902290463,4953600,0,0,0.6123683154582977,0.6459972262382507,0.8215629458427429,0.9263402223587036,0.9999105930328369,0.9929444193840027,0.9983718395233154,0.04335171356797218,0.0005284770741127431,6.456831761170179e-05,0.2048131674528122,0.2646756172180176,0.969433069229126,0.26717397570610046
77600,16.04450035095215,16.456336975097656,0.7133227363228798,0.3468184296857303,0.6212485432624817,-0.0920741930603981,-0.08235768228769302,0.0010414023417979479,4966400,0,0,0.6119645237922668,0.6499466598033905,0.9171006679534912,0.9398016333580017,0.9999682307243347,0.993758499622345,0.9994572997093201,0.020097369328141212,0.000500513007864356,6.389392365235835e-05,0.24728181958198547,0.2700989842414856,0.983200192451477,0.2747708857059479
77800,15.759300231933594,15.915261268615723,0.7080858871340752,0.34709760174999704,0.6235656142234802,-0.08452027291059494,-0.07355828583240509,0.000310271920170635,4979200,0,0,0.6130582988262177,0.6492411196231842,0.9331281185150146,0.9510571360588074,0.9999650716781616,0.993215799331665,0.9991859197616577,0.010078515857458115,0.00047247513430193067,6.376970850396901e-05,0.24281634390354156,0.26377832889556885,0.9843096733093262,0.26733896136283875
78000,16.10162353515625,16.529396057128906,0.7083558812737465,0.3513968607987254,0.6162306070327759,-0.09212527424097061,-0.0784539207816124,0.0014754824806004763,4992000,0,0,0.6039252877235413,0.6440580785274506,0.9371356964111328,0.9310673475265503,0.9999455809593201,0.992401659488678,0.998643159866333,0.023429755121469498,0.000527535448782146,5.697216693079099e-05,0.2402738332748413,0.2592983841896057,0.9798736572265625,0.2641238272190094
78200,16.540088653564453,17.1629581451416,0.7165602967143059,0.34000481042860403,0.6308549642562866,-0.08570533245801926,-0.07678531855344772,0.0018838591640815139,5004800,0,1,0.6101468801498413,0.6570547521114349,0.9191973805427551,0.8827141523361206,0.9999476075172424,0.9926730394363403,0.998643159866333,0.040488194674253464,0.00046684802509844303,5.959682312095538e-05,0.2232407182455063,0.23330147564411163,0.9783723950386047,0.25011372566223145
78400,15.95877742767334,16.200735092163086,0.7044506669044495,0.35360284813060255,0.6146397590637207,-0.08981090784072876,-0.07665982097387314,0.00037970420089550316,5017600,0,0,0.5999798476696014,0.6419876217842102,0.9536060690879822,0.9521815776824951,0.9999353289604187,0.9913161993026733,0.9981004595756531,0.01908429153263569,0.00047360709868371487,5.949867772869766e-05,0.24658063054084778,0.2530093789100647,0.9836310148239136,0.25846067070961
78600,15.990509986877441,16.457487106323242,0.7103139311075211,0.35019937242123234,0.6171879768371582,-0.09312595427036285,-0.08016050606966019,0.00015779450768604875,5030400,0,0,0.6114185154438019,0.6454784870147705,0.9277091026306152,0.9339310526847839,0.9998890161514282,0.9891452193260193,0.9962008595466614,0.024009164422750473,0.00046503718476742506,5.676681757904589e-05,0.23710666596889496,0.253587931394577,0.9788217544555664,0.25896960496902466
78800,16.535751342773438,17.103572845458984,0.7087223455309868,0.3541824417045272,0.6113190054893494,-0.09740334004163742,-0.08400890976190567,0.002475842135027051,5043200,0,1,0.6112306714057922,0.6413658857345581,0.9313562512397766,0.8740792274475098,0.999954879283905,0.9921302795410156,0.998643159866333,0.044140759855508804,0.000490779522806406,6.260032387217507e-05,0.24323220551013947,0.2468568980693817,0.9782969951629639,0.2649969458580017
79000,16.026927947998047,16.48046112060547,0.7058676332235336,0.35072918140530707,0.6186978220939636,-0.08716981112957001,-0.07525909692049026,0.0019015256548300385,5056000,0,0,0.6172105967998505,0.6452680230140686,0.9439037442207336,0.9365154504776001,0.9999394416809082,0.9918588995933533,0.9991859197616577,0.026168029755353928,0.0004721722798421979,5.654189590131864e-05,0.24630150198936462,0.2571517527103424,0.9852891564369202,0.26404494047164917
79200,16.313325881958008,16.87841796875,0.7041773349046707,0.35176988895592515,0.6178696751594543,-0.08630765974521637,-0.06988777965307236,0.0019415643764659762,5068800,0,0,0.6127035021781921,0.6427496373653412,0.9102323651313782,0.9120995998382568,0.9999147057533264,0.984803318977356,0.9983718395233154,0.03595368191599846,0.00048761043581180274,6.569279503310099e-05,0.21844595670700073,0.24009671807289124,0.977899432182312,0.24929620325565338
79400,17.029834747314453,17.91714859008789,0.6828990578651428,0.36270073740993886,0.6113474369049072,-0.0715516209602356,-0.052231039851903915,0.0026649318169802427,5081600,0,1,0.6102974712848663,0.6304941773414612,0.9084416627883911,0.81680828332901,0.9999116659164429,0.9815468192100525,0.9991859197616577,0.08861350268125534,0.00047627274761907756,5.7576184190111235e-05,0.22941860556602478,0.22693900763988495,0.9728313684463501,0.25129541754722595
79600,15.970657348632812,16.387283325195312,0.7008776515722275,0.35163043807148253,0.6198928356170654,-0.08098481595516205,-0.06744225323200226,0.0006053140386939049,5094400,0,0,0.6194316744804382,0.6438332200050354,0.9060261845588684,0.939928412437439,0.9999414682388306,0.9918588995933533,0.998643159866333,0.022350724786520004,0.0004866225062869489,6.114860298112035e-05,0.22583894431591034,0.24967452883720398,0.9814367890357971,0.25529780983924866
79800,16.1998233795166,16.556570053100586,0.7039619535207748,0.3467192310434047,0.6263824701309204,-0.07757948338985443,-0.05571094900369644,0.001485563931055367,5107200,0,0,0.6138869822025299,0.6459829211235046,0.8864650726318359,0.9244130849838257,0.9999527931213379,0.993215799331665,0.9989145398139954,0.031763941049575806,0.0004902314394712448,5.7755161833483726e-05,0.2077268809080124,0.2449335902929306,0.978257954120636,0.2517865002155304
80000,16.333019256591797,16.848949432373047,0.6938057839870453,0.3563314808438721,0.6159127950668335,-0.07789298892021179,-0.06572141498327255,0.0008756087045185268,5120000,0,0,0.6154316365718842,0.6394906342029572,0.9207656979560852,0.9162973165512085,0.9999260306358337,0.9877883791923523,0.9981004595756531,0.03064199723303318,0.00047272880328819156,5.253915878711268e-05,0.2219172567129135,0.23462332785129547,0.9745770692825317,0.2407848984003067
80200,15.866707801818848,16.155628204345703,0.7110299244523048,0.34953637382475694,0.6179174184799194,-0.0931125059723854,-0.08285044878721237,0.0003626201651059091,5132800,0,0,0.6183106303215027,0.6470695734024048,0.907789409160614,0.9436923861503601,0.9999208450317383,0.9902306795120239,0.9983718395233154,0.013370264321565628,0.000432230910519138,6.966763612581417e-05,0.2201942652463913,0.24766969680786133,0.9779238104820251,0.25032344460487366
80400,15.968043327331543,16.263629913330078,0.7182890400290489,0.34834744571714515,0.6160313487052917,-0.10225769132375717,-0.08826775848865509,0.00036617752630263567,5145600,0,0,0.6079171597957611,0.6471011340618134,0.9416734576225281,0.9521347284317017,0.9999641180038452,0.993215799331665,0.9997286796569824,0.013628070242702961,0.0004450939304661006,5.971547943772748e-05,0.24287067353725433,0.25429585576057434,0.9847093224525452,0.25724437832832336
80600,17.080429077148438,18.026607513427734,0.711255244910717,0.3526293793198659,0.6125720143318176,-0.09868323057889938,-0.08161886781454086,0.0027911176439374685,5158400,0,1,0.6040747165679932,0.6417437195777893,0.924406111240387,0.8270557522773743,0.9999188184738159,0.9888738393783569,0.9975576996803284,0.10404239594936371,0.0005489556351676583,6.388814654201269e-05,0.2279965728521347,0.23069411516189575,0.980861485004425,0.2502087950706482
80800,16.302453994750977,16.937026977539062,0.7078570127487183,0.3525876823715481,0.6144934892654419,-0.09336352348327637,-0.08864153176546097,0.0010224052239209414,5171200,0,0,0.6084842085838318,0.6457680463790894,0.9314118027687073,0.916903018951416,0.9999527931213379,0.9913161993026733,0.9994572997093201,0.03724965825676918,0.0004639048420358449,5.911125845159404e-05,0.23517966270446777,0.2485111951828003,0.9816184639930725,0.2538367807865143
81000,17.046497344970703,17.99353790283203,0.7059961780905724,0.3489263546704696,0.6216393113136292,-0.0843568667769432,-0.06925693899393082,0.0021021622233092785,5184000,0,1,0.6210257411003113,0.646041601896286,0.9221994280815125,0.8356800079345703,0.9999630451202393,0.992401659488678,0.9994572997093201,0.11027999967336655,0.00047990219900384545,5.981927097309381e-05,0.22213593125343323,0.22908610105514526,0.9818779826164246,0.24696038663387299
81200,15.949860572814941,16.286516189575195,0.7094667106866837,0.3500455356454081,0.6179029941558838,-0.09156371653079987,-0.0790606141090393,-0.00014489870227407664,5196800,0,0,0.6177440285682678,0.6457792818546295,0.9190681576728821,0.949081540107727,0.9998869895935059,0.9913161993026733,0.9978290796279907,0.021094340831041336,0.0005271268310025334,5.949963815510273e-05,0.22738556563854218,0.25244417786598206,0.9856045246124268,0.2564287781715393
81400,15.909219741821289,16.261150360107422,0.7067446485161781,0.35181582314262483,0.6163992285728455,-0.09034541994333267,-0.07827523350715637,0.0007960940129123628,5209600,0,0,0.6158438622951508,0.6441656351089478,0.9246382117271423,0.94577556848526,0.999946653842926,0.989687979221344,0.9991859197616577,0.022418228909373283,0.0005196966812945902,5.686134682036936e-05,0.2221318781375885,0.24283814430236816,0.9818151593208313,0.24668876826763153
81600,16.032705307006836,16.41489028930664,0.7139422670006752,0.34839238705060305,0.6182793974876404,-0.09566286951303482,-0.08763810992240906,0.0011703517520800233,5222400,0,1,0.6144043207168579,0.6489059627056122,0.9002223610877991,0.9386701583862305,0.999938428401947,0.992401659488678,0.9983718395233154,0.02587176114320755,0.0005097442190162838,5.427721771411598e-05,0.21537335216999054,0.2396763265132904,0.9808448553085327,0.24396134912967682
81800,15.986421585083008,16.225238800048828,0.6989543661475182,0.35838372809988983,0.6095892786979675,-0.08936508744955063,-0.07595566660165787,0.0008616328705102205,5235200,0,1,0.6107136309146881,0.6370637714862823,0.9264964461326599,0.9481469392776489,0.9999034404754639,0.9899593591690063,0.9964722394943237,0.016507133841514587,0.0005700028850696981,6.480849697254598e-05,0.21705441176891327,0.23649486899375916,0.9841558933258057,0.2394866794347763
82000,16.071666717529297,16.475561141967773,0.7078410312533379,0.34858558872142026,0.6212193369865417,-0.08662169426679611,-0.07120853662490845,0.0018602178897708654,5248000,0,0,0.6149848103523254,0.6462376713752747,0.9328567981719971,0.9287551641464233,0.9999568462371826,0.994572639465332,0.9991859197616577,0.026617668569087982,0.0005665046628564596,6.333559576887637e-05,0.2154381275177002,0.22470897436141968,0.9811370372772217,0.23275093734264374
82200,16.034542083740234,16.33399772644043,0.6975672915577888,0.35601044226371664,0.6143707036972046,-0.08319658786058426,-0.06881435960531235,0.0006712037138640881,5260800,0,0,0.6097320914268494,0.6390690207481384,0.908939003944397,0.9390068054199219,0.9998478293418884,0.9872456192970276,0.9970149397850037,0.026959935203194618,0.0005288891261443496,5.4616266425000504e-05,0.20719698071479797,0.2413141131401062,0.9807447791099548,0.2435276210308075
82400,16.632221221923828,17.313358306884766,0.6998962834477425,0.35577513776665787,0.6134801506996155,-0.08641613274812698,-0.08348388969898224,0.002400704426690936,5273600,0,1,0.614004909992218,0.6431195139884949,0.9233647584915161,0.8779550194740295,0.9999270439147949,0.9907734394073486,0.9983718395233154,0.05653924122452736,0.0005728162359446287,5.5242679081857204e-05,0.2147277295589447,0.21918107569217682,0.9755975008010864,0.2310795933008194
82600,16.288164138793945,16.565093994140625,0.7145703583955765,0.34909506999358314,0.616759717464447,-0.09781064093112946,-0.07879890501499176,0.0014016898348927498,5286400,0,0,0.6106418669223785,0.6446748077869415,0.874459981918335,0.937240481376648,0.999897301197052,0.986160159111023,0.998643159866333,0.037090446799993515,0.0006005557952448726,6.241517257876694e-05,0.2002471536397934,0.23362988233566284,0.9779921174049377,0.23419205844402313
82800,16.15052604675293,16.589282989501953,0.7184801027178764,0.3496217970087656,0.6137688755989075,-0.10471122711896896,-0.08989797532558441,0.0007053304580040276,5299200,0,0,0.6080411076545715,0.6455342173576355,0.9225062727928162,0.9400990009307861,0.9998972415924072,0.9891452193260193,0.9981004595756531,0.03360516577959061,0.0007156656356528401,7.332585664698854e-05,0.2125006467103958,0.22235387563705444,0.978203535079956,0.22557297348976135
83000,16.67844581604004,17.39397621154785,0.719914622604847,0.3471507067820419,0.6171875,-0.10272712260484695,-0.09358260780572891,0.0032580315601080656,5312000,0,1,0.6114045083522797,0.6498465538024902,0.9422028064727783,0.8661378622055054,0.9999321699142456,0.9918588995933533,0.9978290796279907,0.06064588949084282,0.0006697210483253002,5.758828774560243e-05,0.22158317267894745,0.2184247076511383,0.9821369051933289,0.23283083736896515
83200,17.197656631469727,18.14963722229004,0.7083185538649559,0.35175959404614854,0.6156397461891174,-0.09267880767583847,-0.080804243683815,0.005107808858156204,5324800,0,1,0.614608496427536,0.6442858278751373,0.939826488494873,0.7970930933952332,0.9999250173568726,0.9921302795410156,0.9983718395233154,0.10093192011117935,0.0006826804019510746,5.811746814288199e-05,0.22543670237064362,0.21375808119773865,0.9841606020927429,0.23884814977645874
83400,15.795448303222656,16.044551849365234,0.7176878675818443,0.3468371273523998,0.6188993453979492,-0.09878852218389511,-0.09006039798259735,0.0004091624286957085,5337600,0,0,0.6009770631790161,0.6502842307090759,0.9299575686454773,0.9429327845573425,0.9999373555183411,0.9907734394073486,0.9989145398139954,0.016003139317035675,0.0006682384409941733,5.4173484386410564e-05,0.21370884776115417,0.22521251440048218,0.9797164797782898,0.22792258858680725
83600,16.443119049072266,17.003257751464844,0.7226670384407043,0.3466745246010753,0.61653071641922,-0.10613632202148438,-0.0929844081401825,0.0012549373786896467,5350400,0,1,0.6108221411705017,0.6490685045719147,0.9254559874534607,0.9033957719802856,0.9998952150344849,0.9883310794830322,0.9975576996803284,0.044452082365751266,0.0007177102961577475,5.4208845540415496e-05,0.21865250170230865,0.22624871134757996,0.9822431802749634,0.23458385467529297
83800,16.3504638671875,16.918853759765625,0.7114569321274757,0.35214705216972936,0.6132803559303284,-0.09817657619714737,-0.08745843172073364,0.0017374256858602166,5363200,0,1,0.6111159920692444,0.6443133652210236,0.9318212270736694,0.9118809103965759,0.9999136924743652,0.9907734394073486,0.9981004595756531,0.042469751089811325,0.000704127480275929,5.70042320759967e-05,0.220969095826149,0.2280399054288864,0.9822357892990112,0.23583193123340607
84000,15.754090309143066,15.925028800964355,0.7215827703475952,0.34657214515720475,0.6172791123390198,-0.10430365800857544,-0.09130536019802094,0.00023428324493579566,5376000,0,1,0.6131224036216736,0.6491837799549103,0.910315215587616,0.9518066644668579,0.9999034404754639,0.9899593591690063,0.9978290796279907,0.009740639477968216,0.0007591448957100511,5.4833672038512304e-05,0.205752432346344,0.21724946796894073,0.9786731600761414,0.22203747928142548
84200,16.768630981445312,17.500690460205078,0.7052327692508698,0.3532042631031931,0.6148842573165894,-0.0903485119342804,-0.07843615114688873,0.0038347879890352488,5388800,0,1,0.6132902204990387,0.6428093016147614,0.9363261461257935,0.8699344396591187,0.9999065399169922,0.9820895791053772,0.998643159866333,0.06381970643997192,0.0007514877943322062,5.4419484513346106e-05,0.19992634654045105,0.19438989460468292,0.9710420370101929,0.20691938698291779
84400,15.885233879089355,16.1104793548584,0.7279736623167992,0.3406141011903199,0.623956024646759,-0.10401763767004013,-0.08639082312583923,0.0002112323127221316,5401600,0,0,0.6120126247406006,0.6537786722183228,0.9258158206939697,0.9490457773208618,0.9999568462371826,0.9915875792503357,0.9994572997093201,0.013874775730073452,0.0007500612991861999,6.309195305220783e-05,0.20326562225818634,0.2151205837726593,0.9812101721763611,0.2185036540031433
84600,16.720840454101562,17.162322998046875,0.7191231772303581,0.3546152932506779,0.6048681139945984,-0.11425506323575974,-0.08958828449249268,0.0009595486335456371,5414400,0,0,0.6022120714187622,0.6372880339622498,0.8560035824775696,0.8965660333633423,0.9996135234832764,0.9769335389137268,0.9926730394363403,0.07608296722173691,0.0007490810239687562,7.045586971798912e-05,0.19443920254707336,0.21626713871955872,0.9559953808784485,0.21794384717941284
84800,16.314970016479492,16.845327377319336,0.7181290611624718,0.3474564000608689,0.617621660232544,-0.10050740092992783,-0.08870170265436172,0.0005644297343678772,5427200,0,0,0.6124770045280457,0.6486826539039612,0.8911496996879578,0.922833263874054,0.9999229311943054,0.9891452193260193,0.9981004595756531,0.038612667471170425,0.0007592663168907166,5.346138641471043e-05,0.19142138957977295,0.21238240599632263,0.9798582792282104,0.21746526658535004
85000,16.431045532226562,17.042022705078125,0.7234064415097237,0.3477073940494952,0.6143850684165955,-0.1090213730931282,-0.09641370922327042,0.0010889421682804823,5440000,0,0,0.6026725471019745,0.6481880247592926,0.9181134700775146,0.9195442199707031,0.9999157786369324,0.9891452193260193,0.9981004595756531,0.048904381692409515,0.0008056833175942302,5.471479380503297e-05,0.20590025186538696,0.2157619148492813,0.9821840524673462,0.22169464826583862
85200,16.084810256958008,16.44530487060547,0.706573136150837,0.355930972517623,0.6095274686813354,-0.0970456674695015,-0.08752640336751938,0.00021134087000973523,5452800,0,0,0.610571414232254,0.6408568918704987,0.9314330816268921,0.939432680606842,0.9999188184738159,0.9888738393783569,0.9989145398139954,0.0280058141797781,0.0007424321374855936,5.311557470122352e-05,0.21289406716823578,0.2233656644821167,0.9810758829116821,0.22797657549381256
85400,16.17403221130371,16.631454467773438,0.7102531790733337,0.35283785643535265,0.6127644181251526,-0.09748876094818115,-0.08657354861497879,0.0008436612552031875,5465600,0,0,0.6053196489810944,0.6435005068778992,0.8797648549079895,0.9269652366638184,0.9999157786369324,0.9899593591690063,0.9981004595756531,0.026071155443787575,0.0007766296621412039,4.804037598660216e-05,0.19211013615131378,0.22265347838401794,0.9727470874786377,0.22708162665367126
85600,16.592308044433594,16.722103118896484,0.7372362911701202,0.3420090277128137,0.6168010234832764,-0.12043526768684387,-0.0954744815826416,0.000989546300843358,5478400,0,0,0.6109552979469299,0.6501001417636871,0.877582848072052,0.9227699637413025,0.9997954964637756,0.984803318977356,0.995929479598999,0.0438191257417202,0.0007779888110235333,6.731313624186441e-05,0.18459153175354004,0.21305744349956512,0.9702815413475037,0.21438756585121155
85800,16.072830200195312,16.46712303161621,0.7159878090023994,0.3497718655879504,0.6148545742034912,-0.10113323479890823,-0.09150475263595581,0.000628372305072844,5491200,0,0,0.6133770048618317,0.6470454931259155,0.9283827543258667,0.9326609969139099,0.9999476075172424,0.9918588995933533,0.9991859197616577,0.02546304650604725,0.000742851581890136,5.641992902383208e-05,0.20802126824855804,0.21344301104545593,0.9769807457923889,0.21981839835643768
86000,17.216800689697266,18.131851196289062,0.7310818284749985,0.343597157561192,0.6173117756843567,-0.11377005279064178,-0.10252802819013596,0.004830130375921726,5504000,0,1,0.6160359978675842,0.6527462005615234,0.9379463791847229,0.8028239011764526,0.9998890161514282,0.9894165992736816,0.9975576996803284,0.1117357611656189,0.0008127085166051984,6.021094668540172e-05,0.2116251438856125,0.19987396895885468,0.974739134311676,0.22048886120319366
86200,16.620555877685547,16.979768753051758,0.7144624441862106,0.35292304931287327,0.6103241443634033,-0.10413829982280731,-0.08129258453845978,0.001752688200213015,5516800,0,0,0.6051273345947266,0.6395114362239838,0.8336656093597412,0.917819619178772,0.9998520016670227,0.9867028594017029,0.997286319732666,0.04975511133670807,0.0007290873909369111,7.174176425905898e-05,0.18651938438415527,0.22258104383945465,0.960385799407959,0.22472825646400452
86400,15.92543888092041,16.379228591918945,0.7281720787286758,0.3436001112903699,0.6188299059867859,-0.10934217274188995,-0.0944073498249054,0.0004041021747980267,5529600,0,0,0.6172015964984894,0.6516602337360382,0.9035770893096924,0.9485833048820496,0.999946653842926,0.989687979221344,0.998643159866333,0.020764602348208427,0.0007401772309094667,5.459786189021543e-05,0.2022743821144104,0.22240880131721497,0.9799442291259766,0.22493818402290344
86600,16.21230125427246,16.69731330871582,0.7308034747838974,0.3434976404695761,0.6176262497901917,-0.11317722499370575,-0.09454147517681122,0.0011251637479290366,5542400,0,0,0.6141195893287659,0.6505687832832336,0.8715673089027405,0.9266785383224487,0.9999260902404785,0.9918588995933533,0.9989145398139954,0.041482534259557724,0.0008155832765623927,5.1734325097640976e-05,0.19647656381130219,0.22293750941753387,0.9813898205757141,0.22694401443004608
86800,16.65424346923828,17.269968032836914,0.7204259410500526,0.3508517483642804,0.6106240749359131,-0.10980186611413956,-0.09796499460935593,0.002979275770485401,5555200,0,1,0.6037186980247498,0.645284116268158,0.9392091035842896,0.867279052734375,0.9999064803123474,0.9907734394073486,0.9981004595756531,0.04681600630283356,0.0007492000004276633,5.217025682213716e-05,0.21191516518592834,0.207728773355484,0.9798924922943115,0.22361499071121216
87000,16.052642822265625,16.372333526611328,0.7337501272559166,0.34030266345909865,0.6214974522590637,-0.11225267499685287,-0.09909293055534363,0.0003117685264442116,5568000,0,0,0.6092656254768372,0.6554868221282959,0.9236615896224976,0.9418637752532959,0.9999610185623169,0.993215799331665,0.9991859197616577,0.02116285264492035,0.0007669016486033797,5.9727346524596214e-05,0.21066956222057343,0.2230578511953354,0.9824994802474976,0.22608962655067444
87200,16.130615234375,16.492895126342773,0.7287681698799133,0.33799011222064834,0.6279263496398926,-0.10084182024002075,-0.09005922079086304,0.0007919290219433606,5580800,0,1,0.6168629825115204,0.6586150527000427,0.9090138673782349,0.9345006942749023,0.9999486207962036,0.993758499622345,0.9991859197616577,0.028959903866052628,0.000788931967690587,6.424300227081403e-05,0.19880461692810059,0.21861538290977478,0.9769473075866699,0.2235277146100998
87400,16.022558212280273,16.285314559936523,0.7246999815106392,0.3503669669556992,0.6091471314430237,-0.11555285006761551,-0.1044284775853157,0.0005056787631474435,5593600,0,0,0.6107116937637329,0.6460339725017548,0.9286758303642273,0.9509859681129456,0.9999167323112488,0.9883310794830322,0.9975576996803284,0.022407565265893936,0.000770684564486146,5.743097426602617e-05,0.2183997929096222,0.2292090356349945,0.9766273498535156,0.23109935224056244
87600,16.329511642456055,16.407733917236328,0.7131911143660545,0.3559432781331537,0.605849027633667,-0.10734208673238754,-0.08049093931913376,-0.00020703402697108686,5606400,0,0,0.594022125005722,0.6351286768913269,0.8799555897712708,0.9559535980224609,0.9997379183769226,0.9853460192680359,0.9953867197036743,0.029095225036144257,0.0008136167889460921,5.7042372645810246e-05,0.19851994514465332,0.2289240062236786,0.978386640548706,0.228176087141037
87800,16.39642906188965,16.669818878173828,0.7197848558425903,0.3481160445475426,0.6156238317489624,-0.10416102409362793,-0.08627834171056747,0.001060806680470705,5619200,0,0,0.5971975028514862,0.6460517048835754,0.8711314797401428,0.928950309753418,0.9998407363891602,0.9867028594017029,0.995929479598999,0.040875524282455444,0.0007017851457931101,6.066186324460432e-05,0.19446013867855072,0.2232847660779953,0.9751420617103577,0.22633294761180878
88000,15.889235496520996,16.19437026977539,0.7104829326272011,0.3490300422257274,0.6190609335899353,-0.09142199903726578,-0.07910607010126114,0.00012577782035805285,5632000,0,0,0.6071692407131195,0.6469034850597382,0.9319635629653931,0.9515864849090576,0.9999414682388306,0.991044819355011,0.9983718395233154,0.017238488420844078,0.0007597724325023592,6.104880594648421e-05,0.2070302516222,0.2223297357559204,0.9808366894721985,0.2264636605978012
88200,16.106857299804688,16.493118286132812,0.7201807349920273,0.34767154474428513,0.6161652207374573,-0.10401551425457001,-0.09188196808099747,0.0009184179943986237,5644800,0,1,0.6023036241531372,0.6483143866062164,0.935218095779419,0.9381084442138672,0.9999383687973022,0.989687979221344,0.998643159866333,0.02720700576901436,0.0007495461613871157,5.856148345628753e-05,0.21360303461551666,0.22794649004936218,0.9835627675056458,0.2299371361732483
88400,16.677371978759766,17.321428298950195,0.728956900537014,0.3425637845868603,0.6201696395874023,-0.10878726094961166,-0.09403233975172043,0.003852740628644824,5657600,0,1,0.6046331226825714,0.6526885330677032,0.9070641398429871,0.8622184991836548,0.9999445676803589,0.9918588995933533,0.9989145398139954,0.06978840380907059,0.0007668694015592337,6.364610453601927e-05,0.20258241891860962,0.2099991738796234,0.9823698997497559,0.22653324902057648
88600,16.7421875,17.4407958984375,0.717910535633564,0.35160720377366095,0.6106950640678406,-0.10721547156572342,-0.09799966961145401,0.003576817223802209,5670400,0,1,0.6031464338302612,0.6453466713428497,0.8669562339782715,0.8694959282875061,0.9999271035194397,0.9875169992446899,0.9981004595756531,0.056930724531412125,0.0007514001918025315,6.805931479902938e-05,0.19411206245422363,0.20948588848114014,0.971305251121521,0.22314205765724182
88800,16.092344284057617,16.514724731445312,0.7204845398664474,0.34517231202735205,0.6202186942100525,-0.10026584565639496,-0.0901251956820488,0.0007897523464635015,5683200,0,0,0.6082146465778351,0.6515113711357117,0.9282100796699524,0.9362936019897461,0.9999538064002991,0.9940298795700073,0.9983718395233154,0.024875503033399582,0.0007548752473667264,5.416609928943217e-05,0.21170882880687714,0.22637349367141724,0.985074520111084,0.229801207780838
89000,16.6301326751709,16.383670806884766,0.7247094213962555,0.3486627185353774,0.6120609641075134,-0.11264845728874207,-0.08942796289920807,0.0005944258300587535,5696000,0,0,0.6119865477085114,0.6437528729438782,0.8528112173080444,0.9318364858627319,0.9997122287750244,0.9782903790473938,0.9926730394363403,0.04239927604794502,0.0008078198879957199,7.258626283146441e-05,0.17904984951019287,0.19581060111522675,0.9630048274993896,0.19457629323005676
89200,15.819999694824219,16.104753494262695,0.711589127779007,0.3465028716880247,0.6226950883865356,-0.08889403939247131,-0.07398802787065506,0.0005353290471248329,5708800,0,0,0.6219850480556488,0.6485425233840942,0.8937200307846069,0.9495869278907776,0.9999743103981018,0.9956580996513367,0.9997286796569824,0.01516973227262497,0.0007622881093993783,5.6048771511996165e-05,0.18926919996738434,0.21928800642490387,0.9825007319450378,0.22258494794368744
89400,16.16120719909668,16.584609985351562,0.7127176746726036,0.3509532852189173,0.6146184802055359,-0.09809919446706772,-0.08922024071216583,0.0012856044340878725,5721600,0,1,0.6141550242900848,0.6460456550121307,0.944930911064148,0.9290380477905273,0.9999496936798096,0.9915875792503357,0.998643159866333,0.026700010523200035,0.0008532308856956661,5.832983515574597e-05,0.2151249498128891,0.217492014169693,0.9851896166801453,0.22589190304279327
89600,16.30269432067871,16.18856430053711,0.7341501340270042,0.34431173950662,0.6144867539405823,-0.11966338008642197,-0.09823676943778992,0.0008706679218448699,5734400,0,0,0.6120076477527618,0.6488436758518219,0.8792485594749451,0.9504362344741821,0.9998879432678223,0.9883310794830322,0.9983718395233154,0.029763856902718544,0.0008311722776852548,6.187563121784478e-05,0.19587992131710052,0.21925769746303558,0.9763387441635132,0.21783789992332458
89800,15.898175239562988,16.264785766601562,0.7072349861264229,0.35037729605455764,0.6185492277145386,-0.08868575841188431,-0.07758436352014542,0.00018706495757214725,5747200,0,0,0.6071994602680206,0.6459208130836487,0.8800761699676514,0.9526655673980713,0.9999188184738159,0.989687979221344,0.998643159866333,0.016624756157398224,0.0008325160597451031,5.3927757107885554e-05,0.18614937365055084,0.21935661137104034,0.9755153656005859,0.22016814351081848
90000,16.260934829711914,16.607284545898438,0.7154776379466057,0.34938564433626185,0.6157822012901306,-0.09969543665647507,-0.0860208198428154,0.00047630193876102567,5760000,0,0,0.6173040866851807,0.6460551023483276,0.895230770111084,0.942721962928772,0.9999147057533264,0.9877883791923523,0.998643159866333,0.03062131255865097,0.0008685945649631321,6.643464439548552e-05,0.1973559409379959,0.21972766518592834,0.9774186015129089,0.21938778460025787
90200,16.67755699157715,17.190521240234375,0.7066604569554329,0.3504479393154705,0.6187407970428467,-0.08791965991258621,-0.07727909833192825,0.0027927930932492018,5772800,0,1,0.6165849268436432,0.6459504961967468,0.9248800873756409,0.8611465692520142,0.9999198913574219,0.991044819355011,0.998643159866333,0.05347548797726631,0.0008350429707206786,5.2873147069476545e-05,0.19813600182533264,0.20142322778701782,0.9822628498077393,0.2181936800479889
90400,16.973838806152344,17.823556900024414,0.7342787310481071,0.3413737441158213,0.6194146871566772,-0.1148640438914299,-0.09615946561098099,0.0037246260326355696,5785600,0,1,0.6125200390815735,0.6526690125465393,0.9236669540405273,0.8392230272293091,0.999954879283905,0.9929444193840027,0.9989145398139954,0.0905456617474556,0.0009032075759023428,6.0406709962990135e-05,0.20561200380325317,0.20960667729377747,0.982930064201355,0.22287797927856445
90600,16.75969886779785,17.622968673706055,0.7215507626533508,0.34759654179544086,0.6155622005462646,-0.10598856210708618,-0.08747213333845139,0.00294442824088037,5798400,0,1,0.6088633239269257,0.6463754177093506,0.9270331263542175,0.8597686290740967,0.9999178647994995,0.9891452193260193,0.998643159866333,0.06529797613620758,0.0008950055344030261,5.482969936565496e-05,0.20008604228496552,0.20894058048725128,0.9856923818588257,0.2228565812110901
90800,16.37176513671875,16.960613250732422,0.7210230156779289,0.34741551235764795,0.6161499619483948,-0.10487305372953415,-0.09457917511463165,0.0015165350632742047,5811200,0,0,0.609174907207489,0.6492660045623779,0.9382648468017578,0.9147988557815552,0.9999116659164429,0.9883310794830322,0.9975576996803284,0.03738206624984741,0.0008765332750044763,6.388497422449291e-05,0.21123604476451874,0.21789181232452393,0.9833147525787354,0.22372153401374817
91000,16.65425682067871,17.231882095336914,0.7143683433532715,0.34998467041168174,0.6153660416603088,-0.09900230169296265,-0.08815646916627884,0.003350202925503254,5824000,0,1,0.6123591363430023,0.6464584469795227,0.900488018989563,0.8541736006736755,0.9999373555183411,0.993215799331665,0.998643159866333,0.06171537563204765,0.0008517440874129534,6.316971848718822e-05,0.19106647372245789,0.19640973210334778,0.974722146987915,0.2152780443429947
91200,16.641891479492188,17.309356689453125,0.7203052490949631,0.347368951577381,0.6166108250617981,-0.10369442403316498,-0.09080947935581207,0.001964990748092532,5836800,0,1,0.6041748821735382,0.6484526991844177,0.9339837431907654,0.8867852687835693,0.9999496936798096,0.9921302795410156,0.998643159866333,0.055970143526792526,0.0009300146484747529,5.892031913390383e-05,0.20901064574718475,0.21343210339546204,0.9832755923271179,0.22366482019424438
91400,17.308937072753906,18.28221893310547,0.7157391160726547,0.34723863687897577,0.6192601323127747,-0.09647898375988007,-0.08214035630226135,0.005296959076076746,5849600,0,1,0.6145024299621582,0.6480627655982971,0.9329584836959839,0.8019400835037231,0.9999321699142456,0.9905020594596863,0.9981004595756531,0.12260062992572784,0.0008482651319354773,5.534831143449992e-05,0.20409350097179413,0.1993020623922348,0.9815962910652161,0.22150693833827972
91600,16.151609420776367,16.580337524414062,0.7128905057907104,0.3512477842120908,0.6140264272689819,-0.09886407852172852,-0.08323298394680023,0.0005267091328278184,5862400,0,0,0.60265052318573,0.6435804069042206,0.8883458375930786,0.9436137676239014,0.9999280571937561,0.9894165992736816,0.9991859197616577,0.03539569675922394,0.000866226851940155,5.889642488909885e-05,0.20156343281269073,0.2309715449810028,0.9828022122383118,0.23418131470680237
91800,15.888689041137695,16.155784606933594,0.7313100323081017,0.3447680099181881,0.615201473236084,-0.11610855907201767,-0.10017644613981247,4.4614436774281785e-05,5875200,0,0,0.6081081926822662,0.6501471102237701,0.9153931736946106,0.9546986818313599,0.9999168515205383,0.9891452193260193,0.9981004595756531,0.012757395394146442,0.0008876420324668288,7.111666491255164e-05,0.20749421417713165,0.22552591562271118,0.9800850749015808,0.2284109741449356
92000,15.963494300842285,16.30936622619629,0.7160043939948082,0.3482993543455801,0.617333710193634,-0.09867068380117416,-0.080403633415699,0.0007666338351555169,5888000,0,0,0.615197479724884,0.6456590592861176,0.922607958316803,0.9418651461601257,0.9999342560768127,0.991044819355011,0.9983718395233154,0.01920074038207531,0.0008298633620142937,5.8572601119522005e-05,0.20341479778289795,0.21908602118492126,0.9857709407806396,0.22435909509658813
92200,16.076696395874023,16.35460662841797,0.7304347231984138,0.3403807853422583,0.6230765581130981,-0.1073581650853157,-0.09035651385784149,0.0013732020743191242,5900800,0,0,0.6166428923606873,0.6541709005832672,0.903415858745575,0.9410178661346436,0.9999373555183411,0.993215799331665,0.9983718395233154,0.01989927887916565,0.0008334147278219461,6.610691343666986e-05,0.20045065879821777,0.22127407789230347,0.9847481846809387,0.22526682913303375
92400,16.085195541381836,16.459972381591797,0.720526248216629,0.3499381782694836,0.6121297478675842,-0.1083965003490448,-0.09526463598012924,0.00030575395794585347,5913600,0,0,0.6123062372207642,0.6457831561565399,0.9152058362960815,0.9355807900428772,0.9999343156814575,0.991044819355011,0.9981004595756531,0.020557833835482597,0.0009298494551330805,6.197867332957685e-05,0.20356662571430206,0.22485730051994324,0.9824219346046448,0.22915907204151154
92600,16.299131393432617,16.844127655029297,0.7157746776938438,0.3516322604096183,0.6118106245994568,-0.10396405309438705,-0.08821644634008408,0.0018573289271444082,5926400,0,1,0.6119401454925537,0.6431491076946259,0.912155032157898,0.9076613187789917,0.999946653842926,0.9891452193260193,0.9997286796569824,0.040901754051446915,0.0008512123022228479,5.934134969720617e-05,0.20132865011692047,0.21276772022247314,0.9819292426109314,0.22141580283641815
92800,16.484729766845703,16.944297790527344,0.7161514684557915,0.3490411202225955,0.6160029172897339,-0.10014855116605759,-0.08830196410417557,0.001701047644019127,5939200,0,1,0.6041315197944641,0.6470694839954376,0.9329787492752075,0.9101026654243469,0.999939501285553,0.991044819355011,0.9983718395233154,0.044894952327013016,0.000956748379394412,6.265590491238981e-05,0.20796465873718262,0.21967071294784546,0.9859731197357178,0.2299061119556427
93000,16.07355308532715,16.317100524902344,0.7236862182617188,0.348533034445262,0.612829864025116,-0.11085635423660278,-0.09023821353912354,0.0012305229902267456,5952000,0,0,0.6057119369506836,0.6447741687297821,0.9399309158325195,0.9413671493530273,0.9999507665634155,0.989687979221344,0.9997286796569824,0.01647159270942211,0.0009183802176266909,5.815489566884935e-05,0.20884186029434204,0.2199132889509201,0.9842529892921448,0.2235918492078781
93200,16.21089744567871,16.70978355407715,0.7202482372522354,0.348857946843548,0.6141175031661987,-0.10613073408603668,-0.09307286888360977,0.000630146125331521,5964800,0,1,0.5944818556308746,0.6469013094902039,0.9337694644927979,0.9269994497299194,0.9999517202377319,0.9934871196746826,0.998643159866333,0.031860534101724625,0.0009705174597911537,7.119233487173915e-05,0.214053213596344,0.22164902091026306,0.9775612950325012,0.2253831923007965
93400,16.135513305664062,16.50558090209961,0.7253294736146927,0.3480348487939853,0.6128014922142029,-0.11252798140048981,-0.10310627520084381,0.001017722999677062,5977600,0,0,0.6058947145938873,0.6488676965236664,0.9463985562324524,0.9380724430084229,0.9999403953552246,0.9913161993026733,0.9994572997093201,0.024516625329852104,0.0008998592384159565,6.110218964749947e-05,0.22347883880138397,0.22611941397190094,0.983307957649231,0.23170392215251923
93600,16.096736907958984,16.46526336669922,0.7212573438882828,0.3514413748304816,0.6091645956039429,-0.1120927482843399,-0.09209159761667252,0.0008826970006339252,5990400,0,0,0.6047652065753937,0.6420279145240784,0.9287546873092651,0.9390028715133667,0.9999342560768127,0.9905020594596863,0.9978290796279907,0.020706692710518837,0.0008909692987799644,6.215221219463274e-05,0.2145363986492157,0.2275809347629547,0.9819937348365784,0.2321792095899582
93800,16.007522583007812,16.245437622070312,0.7271015867590904,0.34591812474236583,0.6154646277427673,-0.11163695901632309,-0.09009121358394623,0.001239923294633627,6003200,0,0,0.6097626090049744,0.6471126973628998,0.926673412322998,0.9474694132804871,0.9998859763145447,0.991044819355011,0.9978290796279907,0.01877354085445404,0.000884374079760164,5.560410863836296e-05,0.20855164527893066,0.2224583774805069,0.978745698928833,0.223611518740654
94000,16.96695327758789,17.854873657226562,0.7373434826731682,0.3405374932480013,0.6192458271980286,-0.11809765547513962,-0.10308295488357544,0.0031312350183725357,6016000,0,1,0.6122952699661255,0.654701441526413,0.9385639429092407,0.8424185514450073,0.999954879283905,0.9915875792503357,0.9991859197616577,0.09296267479658127,0.0008633354445919394,5.4343705414794385e-05,0.2166026085615158,0.2115633487701416,0.9827213883399963,0.22835417091846466
94200,16.32718276977539,16.832317352294922,0.712084598839283,0.35213092763139037,0.6129665374755859,-0.09911806136369705,-0.08566990494728088,0.001824636827223003,6028800,0,0,0.6045774519443512,0.6433895230293274,0.8524370193481445,0.9238326549530029,0.9999219179153442,0.9883310794830322,0.998643159866333,0.04450061544775963,0.0009228700073435903,6.438546552089974e-05,0.18496614694595337,0.2148231416940689,0.9722757935523987,0.2147703766822815
94400,16.913022994995117,17.641490936279297,0.7246308922767639,0.3497579420897717,0.6102291345596313,-0.11440175771713257,-0.09633465856313705,0.003431654768064618,6041600,0,1,0.597500741481781,0.6444011032581329,0.9273021221160889,0.8545604944229126,0.9999455809593201,0.9918588995933533,0.998643159866333,0.06835167855024338,0.0009424594463780522,5.725494702346623e-05,0.21281814575195312,0.21528416872024536,0.9807815551757812,0.23197747766971588
94600,16.574892044067383,17.13074493408203,0.7103468850255013,0.3573831519195993,0.6049496531486511,-0.10539723187685013,-0.09149840474128723,0.0013735269894823432,6054400,0,1,0.5896052718162537,0.6380040645599365,0.9394661784172058,0.8839238882064819,0.9998982548713684,0.9872456192970276,0.9975576996803284,0.04672769084572792,0.0009007393382489681,5.579120625043288e-05,0.21085545420646667,0.20930606126785278,0.9735304117202759,0.21745149791240692
94800,16.271692276000977,16.71782112121582,0.7183307707309723,0.3507038613070977,0.6120085120201111,-0.1063222587108612,-0.09718633443117142,0.0019262026762589812,6067200,0,1,0.6114258766174316,0.6462008059024811,0.9087215662002563,0.9137959480285645,0.9999455809593201,0.9905020594596863,0.998643159866333,0.02458851784467697,0.0010396026773378253,6.333306373562664e-05,0.19829997420310974,0.20520861446857452,0.9750975370407104,0.21365362405776978
95000,16.188213348388672,16.609899520874023,0.7257917076349258,0.3433420956375206,0.6205103993415833,-0.10528130829334259,-0.08781430125236511,0.0012389810290187597,6080000,0,0,0.6198711693286896,0.6510061025619507,0.8789636492729187,0.941490650177002,0.999954879283905,0.9940298795700073,0.9989145398139954,0.026914255693554878,0.0010386198991909623,5.893106208532117e-05,0.18624413013458252,0.21488206088542938,0.9780264496803284,0.21663978695869446
95200,16.100650787353516,16.539432525634766,0.7156728208065033,0.35058414311339287,0.6136473417282104,-0.10202547907829285,-0.08943305909633636,0.0014860936207696795,6092800,0,0,0.5995781421661377,0.6451888084411621,0.9277189373970032,0.9398162364959717,0.999901294708252,0.9888738393783569,0.9970149397850037,0.029793208464980125,0.0009489918011240661,5.413324834080413e-05,0.19531869888305664,0.20513790845870972,0.9786186218261719,0.20953728258609772
95400,15.934579849243164,16.18585968017578,0.7253516986966133,0.34704168068844454,0.6144818663597107,-0.11086983233690262,-0.08795323222875595,-0.00027125381166115403,6105600,0,0,0.6155889332294464,0.6454991400241852,0.9266621470451355,0.9547064304351807,0.9999507665634155,0.9913161993026733,0.9994572997093201,0.018008975312113762,0.000957503798417747,5.736052116844803e-05,0.2012794017791748,0.21928861737251282,0.9847603440284729,0.2208424061536789
95600,15.88801383972168,16.070735931396484,0.7330209314823151,0.34848350198056655,0.6079213619232178,-0.1250995695590973,-0.10188761353492737,-0.00015198368055280298,6118400,0,0,0.6095467507839203,0.6441100239753723,0.9151110053062439,0.9476833343505859,0.9999373555183411,0.9913161993026733,0.9983718395233154,0.013064736500382423,0.00102111860178411,6.199120252858847e-05,0.20151212811470032,0.22030195593833923,0.978861927986145,0.22189132869243622
95800,16.016803741455078,16.21739959716797,0.7336048185825348,0.3430692716952971,0.6168891787528992,-0.11671563982963562,-0.09943502396345139,0.0002992318768519908,6131200,0,0,0.6155481934547424,0.6514168083667755,0.9419760704040527,0.950342059135437,0.9999486207962036,0.9940298795700073,0.9983718395233154,0.015555310063064098,0.0009669169667176902,5.166251503396779e-05,0.20179510116577148,0.20937848091125488,0.983132541179657,0.21376852691173553
96000,16.150293350219727,16.399028778076172,0.7279241979122162,0.3460868672655625,0.6147423982620239,-0.11318179965019226,-0.09924336522817612,0.00037662114482373,6144000,0,0,0.6084411144256592,0.6493668854236603,0.9469851851463318,0.941019594669342,0.9999229311943054,0.9902306795120239,0.9975576996803284,0.021652009338140488,0.0010507722618058324,5.450512981042266e-05,0.20400911569595337,0.21133296191692352,0.9819275736808777,0.21487951278686523
96200,15.937042236328125,16.164743423461914,0.7228590399026871,0.3456955329362108,0.6180843114852905,-0.10477472841739655,-0.08624112606048584,0.001351145445369184,6156800,0,0,0.6118865609169006,0.6482316255569458,0.9250550866127014,0.9490217566490173,0.9999249577522278,0.9907734394073486,0.9983718395233154,0.01535443402826786,0.0010510238353163004,6.080620369175449e-05,0.19526489078998566,0.21190699934959412,0.9809476137161255,0.21707342565059662
96400,16.282697677612305,16.80602264404297,0.7335112392902374,0.3483050951350713,0.6079673171043396,-0.12554392218589783,-0.10341978073120117,0.00034237143700011075,6169600,0,0,0.5956415235996246,0.644590824842453,0.9245027899742126,0.9273354411125183,0.9999218583106995,0.9899593591690063,0.998643159866333,0.02788073942065239,0.001032541273161769,5.757618055213243e-05,0.20598450303077698,0.21522246301174164,0.9794763922691345,0.21973595023155212
96600,16.249135971069336,16.953330993652344,0.7266842126846313,0.34612279275497926,0.615337610244751,-0.11134660243988037,-0.09590216726064682,0.00043874330003745854,6182400,0,0,0.5957924127578735,0.6488458812236786,0.8830953240394592,0.9390243291854858,0.9999434947967529,0.9907734394073486,0.9989145398139954,0.058621179312467575,0.0010570295853540301,5.579856224358082e-05,0.19390776753425598,0.21647389233112335,0.9818108081817627,0.21948520839214325
96800,15.983545303344727,16.267900466918945,0.7303495183587074,0.34439668430062054,0.6163381934165955,-0.11401132494211197,-0.09663242846727371,0.0007383996853604913,6195200,0,0,0.6123557686805725,0.6500170230865479,0.9419153332710266,0.9500844478607178,0.999946653842926,0.9915875792503357,0.9989145398139954,0.017276212573051453,0.00102902390062809,5.889528983971104e-05,0.19978520274162292,0.2090558409690857,0.9844996929168701,0.2115316241979599
97000,15.961909294128418,16.26677703857422,0.712052084505558,0.35734705233450326,0.6040635704994202,-0.10798851400613785,-0.09450843185186386,4.4882268412038684e-05,6208000,0,1,0.601616621017456,0.6381275653839111,0.9265120029449463,0.9500505924224854,0.9999116659164429,0.9888738393783569,0.9978290796279907,0.019683927297592163,0.0010804932098835707,5.1456438086461276e-05,0.19788482785224915,0.21021170914173126,0.9832322001457214,0.21323442459106445
97200,16.19865608215332,16.479488372802734,0.7149618417024612,0.3509617269967345,0.6133906841278076,-0.10157115757465363,-0.07730080187320709,0.000766086159273982,6220800,0,0,0.6080551147460938,0.6410293281078339,0.8887381553649902,0.9487414360046387,0.9999240040779114,0.9888738393783569,0.998643159866333,0.029706640169024467,0.0010405229404568672,6.127926462795585e-05,0.18695440888404846,0.2120215892791748,0.9820204377174377,0.21316175162792206
97400,15.955509185791016,16.257110595703125,0.7401587069034576,0.342430569998328,0.6145609021186829,-0.12559780478477478,-0.10441593825817108,0.0010521132498979568,6233600,0,0,0.6083117723464966,0.6508939862251282,0.9235047101974487,0.9519007205963135,0.9999445676803589,0.9894165992736816,0.9989145398139954,0.01933540776371956,0.0010647930903360248,5.656927896779962e-05,0.19771242141723633,0.21325013041496277,0.9837357401847839,0.2154494673013687
97600,16.30494499206543,16.84391975402832,0.7340934574604034,0.34323937475825167,0.6163445711135864,-0.11774888634681702,-0.10088557749986649,0.0010702376021072268,6246400,0,0,0.5995354354381561,0.6513802409172058,0.8809752464294434,0.9297362565994263,0.999946653842926,0.9913161993026733,0.9989145398139954,0.043671298772096634,0.0011077874805778265,5.95617966610007e-05,0.19106252491474152,0.21407100558280945,0.981842041015625,0.21770811080932617
97800,16.475671768188477,16.7437744140625,0.7301825731992722,0.34687605741546645,0.6121978759765625,-0.11798469722270966,-0.09898476302623749,0.0011257376754656434,6259200,0,0,0.6061414778232574,0.6469741463661194,0.9142237305641174,0.9274763464927673,0.9999321699142456,0.9899593591690063,0.998643159866333,0.0313456729054451,0.0010430885013192892,5.555652023758739e-05,0.19576966762542725,0.21267184615135193,0.9796557426452637,0.21517615020275116
98000,16.17534828186035,16.640335083007812,0.7349325194954872,0.3441842793679863,0.6142937541007996,-0.12063876539468765,-0.10316243767738342,0.0005561916623264551,6272000,0,0,0.6075249910354614,0.6502349674701691,0.8893010020256042,0.9350088834762573,0.9999014139175415,0.9902306795120239,0.9978290796279907,0.033897411078214645,0.0010048758704215288,6.706172280246392e-05,0.18747001886367798,0.209621399641037,0.9801034927368164,0.21298322081565857
98200,15.989701271057129,16.346803665161133,0.7240506857633591,0.34825395822607036,0.6131107807159424,-0.11093990504741669,-0.09716076403856277,0.0009029073407873511,6284800,0,0,0.605387955904007,0.647261768579483,0.9402811527252197,0.9511719346046448,0.9999219179153442,0.9918588995933533,0.998643159866333,0.018093299120664597,0.0010460457997396588,5.997069092700258e-05,0.20225337147712708,0.21153691411018372,0.9838569164276123,0.21516619622707367
98400,16.09508514404297,16.396461486816406,0.7455446124076843,0.33770342070031073,0.6198486089706421,-0.12569600343704224,-0.10365543514490128,0.0006394422380253673,6297600,0,0,0.6197349727153778,0.6553773880004883,0.8551923632621765,0.9437315464019775,0.9999517798423767,0.9915875792503357,0.9991859197616577,0.02498502843081951,0.0011309001129120588,6.3789397245273e-05,0.1782989501953125,0.21402350068092346,0.9795565605163574,0.2178507000207901
98600,15.993342399597168,16.308311462402344,0.7298624888062477,0.3473405140400878,0.6115726232528687,-0.11828986555337906,-0.09985095262527466,0.0006201133946888149,6310400,0,0,0.6106207370758057,0.6467543542385101,0.9043100476264954,0.9454879760742188,0.9999321699142456,0.9913161993026733,0.9983718395233154,0.02020467072725296,0.001058196066878736,6.159043550724164e-05,0.18967954814434052,0.20966380834579468,0.9808906316757202,0.21155202388763428
98800,16.186830520629883,16.67376136779785,0.7146097272634506,0.3579945329599749,0.6015199422836304,-0.11308978497982025,-0.09709064662456512,0.00025802961317822337,6323200,0,0,0.5898946523666382,0.6366434395313263,0.9186584949493408,0.9427618980407715,0.9998921155929565,0.986160159111023,0.997286319732666,0.027551138773560524,0.0012577696470543742,6.052176468074322e-05,0.1994749903678894,0.21333052217960358,0.9814390540122986,0.2153092622756958
99000,16.80706024169922,17.560749053955078,0.7368350178003311,0.3413701988647144,0.6180957555770874,-0.11873926222324371,-0.10233043134212494,0.0028347154147922993,6336000,0,1,0.6079403460025787,0.6534854769706726,0.9472426176071167,0.8522700667381287,0.9999517202377319,0.991044819355011,0.9994572997093201,0.07174500077962875,0.0010809173109009862,6.0223741456866264e-05,0.20201948285102844,0.19234545528888702,0.9794619679450989,0.2082822024822235
99200,15.865327835083008,16.149797439575195,0.7238769009709358,0.3445177715950992,0.6195343732833862,-0.10434252768754959,-0.09195420891046524,-0.00013746578770224005,6348800,0,0,0.6119384765625,0.651421457529068,0.9257319569587708,0.9497172832489014,0.999938428401947,0.9915875792503357,0.998643159866333,0.014851484447717667,0.0011809553252533078,5.8269721193937585e-05,0.1832197606563568,0.19470511376857758,0.9809271097183228,0.1974174529314041
99400,15.905957221984863,16.16170883178711,0.7286316603422165,0.3480454306508163,0.611020565032959,-0.11761109530925751,-0.10061052441596985,0.00031641285750083625,6361600,0,0,0.6113614737987518,0.6464107036590576,0.9109600782394409,0.9593116044998169,0.9999311566352844,0.9921302795410156,0.9989145398139954,0.01739535667002201,0.0012120280880481005,6.2775936385151e-05,0.19151480495929718,0.20727762579917908,0.9871260523796082,0.20999307930469513
99600,16.226478576660156,16.501522064208984,0.72257000207901,0.3468227533050673,0.6163312196731567,-0.10623878240585327,-0.08523700386285782,0.001519029843620956,6374400,0,0,0.6091389954090118,0.6462821066379547,0.9190283417701721,0.9357261657714844,0.9999136328697205,0.9875169992446899,0.9983718395233154,0.026209790259599686,0.0011823190143331885,6.022278103046119e-05,0.17312663793563843,0.1882767528295517,0.9774180054664612,0.18973053991794586
99800,16.132280349731445,16.1328182220459,0.7263608500361443,0.3475926510522505,0.613006055355072,-0.11335479468107224,-0.09335429221391678,0.0013617753284052014,6387200,0,0,0.6023077070713043,0.645905464887619,0.8886774778366089,0.9560288190841675,0.9998818635940552,0.9869742393493652,0.9975576996803284,0.01827061176300049,0.0011949228355661035,6.67725398670882e-05,0.17903250455856323,0.19269505143165588,0.9801350235939026,0.19252806901931763
100000,15.99867057800293,16.331493377685547,0.7279920503497124,0.3476791796084262,0.6119889616966248,-0.11600308865308762,-0.09519542753696442,0.000339354359311983,6400000,0,1,0.6122152209281921,0.645590752363205,0.9263866543769836,0.9464000463485718,0.9999157786369324,0.9883310794830322,0.9975576996803284,0.017702728509902954,0.001262168399989605,6.575115548912436e-05,0.1894344687461853,0.1975366473197937,0.9811643958091736,0.1999688744544983
